대여소,month,cnt
(구)합정동 주민센터,1,376
(구)합정동 주민센터,2,434
(구)합정동 주민센터,3,401
(구)합정동 주민센터,4,408
(구)합정동 주민센터,5,396
(구)합정동 주민센터,6,502
(구)합정동 주민센터,7,478
(구)합정동 주민센터,8,376
(구)합정동 주민센터,9,534
(구)합정동 주민센터,10,610
(구)합정동 주민센터,11,508
(구)합정동 주민센터,12,369
(시립)고덕평생학습관,1,1283
(시립)고덕평생학습관,2,1473
(시립)고덕평생학습관,3,2154
(시립)고덕평생학습관,4,3179
(시립)고덕평생학습관,5,3184
(시립)고덕평생학습관,6,3464
(시립)고덕평생학습관,7,3149
(시립)고덕평생학습관,8,2929
(시립)고덕평생학습관,9,3166
(시립)고덕평생학습관,10,3384
(시립)고덕평생학습관,11,2920
(시립)고덕평생학습관,12,1870
(재)FITI시험연구원,1,2997
(재)FITI시험연구원,2,2983
(재)FITI시험연구원,3,4590
(재)FITI시험연구원,4,5898
(재)FITI시험연구원,5,6565
(재)FITI시험연구원,6,7108
(재)FITI시험연구원,7,6898
(재)FITI시험연구원,8,6854
(재)FITI시험연구원,9,9161
(재)FITI시험연구원,10,9385
(재)FITI시험연구원,11,7226
(재)FITI시험연구원,12,4215
3호선 매봉역 3번출구앞,1,2771
3호선 매봉역 3번출구앞,2,3160
3호선 매봉역 3번출구앞,3,5075
3호선 매봉역 3번출구앞,4,6866
3호선 매봉역 3번출구앞,5,7222
3호선 매봉역 3번출구앞,6,7478
3호선 매봉역 3번출구앞,7,6754
3호선 매봉역 3번출구앞,8,6533
3호선 매봉역 3번출구앞,9,7505
3호선 매봉역 3번출구앞,10,7672
3호선 매봉역 3번출구앞,11,6859
3호선 매봉역 3번출구앞,12,4185
419민주묘지 입구사거리,1,861
419민주묘지 입구사거리,2,970
419민주묘지 입구사거리,3,1565
419민주묘지 입구사거리,4,1846
419민주묘지 입구사거리,5,2190
419민주묘지 입구사거리,6,2152
419민주묘지 입구사거리,7,2129
419민주묘지 입구사거리,8,2145
419민주묘지 입구사거리,9,2342
419민주묘지 입구사거리,10,2353
419민주묘지 입구사거리,11,2012
419민주묘지 입구사거리,12,1294
419민주묘지역,1,1108
419민주묘지역,2,1264
419민주묘지역,3,2241
419민주묘지역,4,3016
419민주묘지역,5,3297
419민주묘지역,6,3337
419민주묘지역,7,3014
419민주묘지역,8,2658
419민주묘지역,9,3288
419민주묘지역,10,3137
419민주묘지역,11,2426
419민주묘지역,12,1298
419민주묘지역 1번출구,1,1075
419민주묘지역 1번출구,2,1325
419민주묘지역 1번출구,3,2792
419민주묘지역 1번출구,4,3800
419민주묘지역 1번출구,5,4173
419민주묘지역 1번출구,6,3881
419민주묘지역 1번출구,7,3172
419민주묘지역 1번출구,8,3364
419민주묘지역 1번출구,9,3924
419민주묘지역 1번출구,10,4099
419민주묘지역 1번출구,11,2970
419민주묘지역 1번출구,12,1688
419탑 앞,1,866
419탑 앞,2,1224
419탑 앞,3,1884
419탑 앞,4,2537
419탑 앞,5,2836
419탑 앞,6,2860
419탑 앞,7,2577
419탑 앞,8,2368
419탑 앞,9,2821
419탑 앞,10,2990
419탑 앞,11,2234
419탑 앞,12,1356
"500번,507번 버스 종점 앞",1,332
"500번,507번 버스 종점 앞",2,500
"500번,507번 버스 종점 앞",3,1028
"500번,507번 버스 종점 앞",4,1609
"500번,507번 버스 종점 앞",5,1584
"500번,507번 버스 종점 앞",6,1546
"500번,507번 버스 종점 앞",7,1261
"500번,507번 버스 종점 앞",8,1124
"500번,507번 버스 종점 앞",9,1764
"500번,507번 버스 종점 앞",10,1650
"500번,507번 버스 종점 앞",11,868
"500번,507번 버스 종점 앞",12,417
63스퀘어,1,2753
63스퀘어,2,3177
63스퀘어,3,5583
63스퀘어,4,8179
63스퀘어,5,8579
63스퀘어,6,8372
63스퀘어,7,6894
63스퀘어,8,6739
63스퀘어,9,9551
63스퀘어,10,9512
63스퀘어,11,7496
63스퀘어,12,4177
7호선 이수역7번출구,1,1385
7호선 이수역7번출구,2,1524
7호선 이수역7번출구,3,2474
7호선 이수역7번출구,4,3093
7호선 이수역7번출구,5,3557
7호선 이수역7번출구,6,3664
7호선 이수역7번출구,7,3542
7호선 이수역7번출구,8,3410
7호선 이수역7번출구,9,3769
7호선 이수역7번출구,10,3825
7호선 이수역7번출구,11,3007
7호선 이수역7번출구,12,2028
9955 도봉정비센터,1,1231
9955 도봉정비센터,2,1186
9955 도봉정비센터,3,904
9955 도봉정비센터,4,1113
9955 도봉정비센터,5,1105
9955 도봉정비센터,6,1467
9955 도봉정비센터,7,1495
9955 도봉정비센터,8,1195
9955 도봉정비센터,9,2026
9955 도봉정비센터,10,1853
9955 도봉정비센터,11,1353
9955 도봉정비센터,12,759
9호선종합운동장역 9번출구,1,1934
9호선종합운동장역 9번출구,2,2118
9호선종합운동장역 9번출구,3,3923
9호선종합운동장역 9번출구,4,5158
9호선종합운동장역 9번출구,5,5508
9호선종합운동장역 9번출구,6,5402
9호선종합운동장역 9번출구,7,4791
9호선종합운동장역 9번출구,8,4336
9호선종합운동장역 9번출구,9,5526
9호선종합운동장역 9번출구,10,5553
9호선종합운동장역 9번출구,11,4482
9호선종합운동장역 9번출구,12,2461
AS센터,1,12
AS센터,2,28
AS센터,3,15
AS센터,4,24
AS센터,5,72
AS센터,6,85
AS센터,7,91
AS센터,8,90
AS센터,9,94
AS센터,10,58
AS센터,11,7
AS센터,12,19
CBS방송국 앞,1,7268
CBS방송국 앞,2,7770
CBS방송국 앞,3,12629
CBS방송국 앞,4,15647
CBS방송국 앞,5,18831
CBS방송국 앞,6,20478
CBS방송국 앞,7,19456
CBS방송국 앞,8,19344
CBS방송국 앞,9,21160
CBS방송국 앞,10,22073
CBS방송국 앞,11,17761
CBS방송국 앞,12,11386
CJ 드림시티,1,5495
CJ 드림시티,2,6387
CJ 드림시티,3,12367
CJ 드림시티,4,17669
CJ 드림시티,5,18497
CJ 드림시티,6,17996
CJ 드림시티,7,15353
CJ 드림시티,8,14405
CJ 드림시티,9,19760
CJ 드림시티,10,18985
CJ 드림시티,11,12094
CJ 드림시티,12,6721
CJ오쇼핑앞,1,402
CJ오쇼핑앞,2,408
CJ오쇼핑앞,3,571
CJ오쇼핑앞,4,784
CJ오쇼핑앞,5,718
CJ오쇼핑앞,6,790
CJ오쇼핑앞,7,606
CJ오쇼핑앞,8,663
CJ오쇼핑앞,9,789
CJ오쇼핑앞,10,875
CJ오쇼핑앞,11,907
CJ오쇼핑앞,12,501
CJ제일제당 앞,1,2368
CJ제일제당 앞,2,2616
CJ제일제당 앞,3,4057
CJ제일제당 앞,4,4934
CJ제일제당 앞,5,5279
CJ제일제당 앞,6,5508
CJ제일제당 앞,7,5122
CJ제일제당 앞,8,4951
CJ제일제당 앞,9,5700
CJ제일제당 앞,10,6172
CJ제일제당 앞,11,5073
CJ제일제당 앞,12,3241
DDP 패션몰,1,2282
DDP 패션몰,2,2408
DDP 패션몰,3,3853
DDP 패션몰,4,4582
DDP 패션몰,5,5329
DDP 패션몰,6,5575
DDP 패션몰,7,5508
DDP 패션몰,8,4740
DDP 패션몰,9,5795
DDP 패션몰,10,6028
DDP 패션몰,11,5093
DDP 패션몰,12,3653
DMC래미안e편한세상203동옆,1,1112
DMC래미안e편한세상203동옆,2,1223
DMC래미안e편한세상203동옆,3,1921
DMC래미안e편한세상203동옆,4,2461
DMC래미안e편한세상203동옆,5,2581
DMC래미안e편한세상203동옆,6,2930
DMC래미안e편한세상203동옆,7,2571
DMC래미안e편한세상203동옆,8,2420
DMC래미안e편한세상203동옆,9,2811
DMC래미안e편한세상203동옆,10,2954
DMC래미안e편한세상203동옆,11,2549
DMC래미안e편한세상203동옆,12,1660
DMC빌 앞,1,1268
DMC빌 앞,2,1294
DMC빌 앞,3,2297
DMC빌 앞,4,2890
DMC빌 앞,5,3048
DMC빌 앞,6,3121
DMC빌 앞,7,2787
DMC빌 앞,8,2777
DMC빌 앞,9,3309
DMC빌 앞,10,3314
DMC빌 앞,11,2877
DMC빌 앞,12,1643
DMC산학협력연구센터 앞,1,2442
DMC산학협력연구센터 앞,2,2587
DMC산학협력연구센터 앞,3,4709
DMC산학협력연구센터 앞,4,5908
DMC산학협력연구센터 앞,5,6401
DMC산학협력연구센터 앞,6,6800
DMC산학협력연구센터 앞,7,5833
DMC산학협력연구센터 앞,8,5350
DMC산학협력연구센터 앞,9,6409
DMC산학협력연구센터 앞,10,6686
DMC산학협력연구센터 앞,11,5732
DMC산학협력연구센터 앞,12,3179
DMC센트럴아이파크아파트,1,553
DMC센트럴아이파크아파트,2,629
DMC센트럴아이파크아파트,3,906
DMC센트럴아이파크아파트,4,892
DMC센트럴아이파크아파트,5,808
DMC센트럴아이파크아파트,6,969
DMC센트럴아이파크아파트,7,1218
DMC센트럴아이파크아파트,8,1290
DMC센트럴아이파크아파트,9,1656
DMC센트럴아이파크아파트,10,1757
DMC센트럴아이파크아파트,11,1410
DMC센트럴아이파크아파트,12,805
DMC엘가아파트 앞,1,1894
DMC엘가아파트 앞,2,1895
DMC엘가아파트 앞,3,3381
DMC엘가아파트 앞,4,4467
DMC엘가아파트 앞,5,4561
DMC엘가아파트 앞,6,4628
DMC엘가아파트 앞,7,4521
DMC엘가아파트 앞,8,4445
DMC엘가아파트 앞,9,5257
DMC엘가아파트 앞,10,5304
DMC엘가아파트 앞,11,3957
DMC엘가아파트 앞,12,2548
DMC역 2번출구 옆,1,3100
DMC역 2번출구 옆,2,3262
DMC역 2번출구 옆,3,6305
DMC역 2번출구 옆,4,8484
DMC역 2번출구 옆,5,9160
DMC역 2번출구 옆,6,8863
DMC역 2번출구 옆,7,7760
DMC역 2번출구 옆,8,7235
DMC역 2번출구 옆,9,8596
DMC역 2번출구 옆,10,9129
DMC역 2번출구 옆,11,7319
DMC역 2번출구 옆,12,4121
DMC역 5번 출구(수색역 방향),1,1496
DMC역 5번 출구(수색역 방향),2,1631
DMC역 5번 출구(수색역 방향),3,2855
DMC역 5번 출구(수색역 방향),4,3896
DMC역 5번 출구(수색역 방향),5,4786
DMC역 5번 출구(수색역 방향),6,4619
DMC역 5번 출구(수색역 방향),7,4524
DMC역 5번 출구(수색역 방향),8,5063
DMC역 5번 출구(수색역 방향),9,5941
DMC역 5번 출구(수색역 방향),10,6213
DMC역 5번 출구(수색역 방향),11,4393
DMC역 5번 출구(수색역 방향),12,2483
DMC역 9번출구 앞,1,5120
DMC역 9번출구 앞,2,5181
DMC역 9번출구 앞,3,8956
DMC역 9번출구 앞,4,10962
DMC역 9번출구 앞,5,11392
DMC역 9번출구 앞,6,11588
DMC역 9번출구 앞,7,10859
DMC역 9번출구 앞,8,10370
DMC역 9번출구 앞,9,11864
DMC역 9번출구 앞,10,12090
DMC역 9번출구 앞,11,10948
DMC역 9번출구 앞,12,6801
DMC역7번출구,1,1165
DMC역7번출구,2,1266
DMC역7번출구,3,2320
DMC역7번출구,4,3165
DMC역7번출구,5,3084
DMC역7번출구,6,3085
DMC역7번출구,7,2918
DMC역7번출구,8,2923
DMC역7번출구,9,3201
DMC역7번출구,10,3130
DMC역7번출구,11,3035
DMC역7번출구,12,1963
DMC첨단산업센터,1,1067
DMC첨단산업센터,2,1151
DMC첨단산업센터,3,1992
DMC첨단산업센터,4,2425
DMC첨단산업센터,5,2387
DMC첨단산업센터,6,2413
DMC첨단산업센터,7,2287
DMC첨단산업센터,8,2031
DMC첨단산업센터,9,2309
DMC첨단산업센터,10,2324
DMC첨단산업센터,11,2182
DMC첨단산업센터,12,1402
DMC파크뷰자이1단지 110동 앞,1,1065
DMC파크뷰자이1단지 110동 앞,2,1280
DMC파크뷰자이1단지 110동 앞,3,2308
DMC파크뷰자이1단지 110동 앞,4,3061
DMC파크뷰자이1단지 110동 앞,5,3708
DMC파크뷰자이1단지 110동 앞,6,3828
DMC파크뷰자이1단지 110동 앞,7,3387
DMC파크뷰자이1단지 110동 앞,8,3461
DMC파크뷰자이1단지 110동 앞,9,4097
DMC파크뷰자이1단지 110동 앞,10,4152
DMC파크뷰자이1단지 110동 앞,11,3154
DMC파크뷰자이1단지 110동 앞,12,1735
DMC파크뷰자이아파트 302동 앞,1,1809
DMC파크뷰자이아파트 302동 앞,2,2036
DMC파크뷰자이아파트 302동 앞,3,3350
DMC파크뷰자이아파트 302동 앞,4,4229
DMC파크뷰자이아파트 302동 앞,5,5126
DMC파크뷰자이아파트 302동 앞,6,5149
DMC파크뷰자이아파트 302동 앞,7,4487
DMC파크뷰자이아파트 302동 앞,8,4139
DMC파크뷰자이아파트 302동 앞,9,5131
DMC파크뷰자이아파트 302동 앞,10,4733
DMC파크뷰자이아파트 302동 앞,11,3454
DMC파크뷰자이아파트 302동 앞,12,2059
DMC홍보관,1,2452
DMC홍보관,2,2556
DMC홍보관,3,4649
DMC홍보관,4,5831
DMC홍보관,5,6195
DMC홍보관,6,5853
DMC홍보관,7,5293
DMC홍보관,8,5151
DMC홍보관,9,6036
DMC홍보관,10,6535
DMC홍보관,11,5439
DMC홍보관,12,3286
ESA아파트 상가 앞,1,1554
ESA아파트 상가 앞,2,1792
ESA아파트 상가 앞,3,2923
ESA아파트 상가 앞,4,3720
ESA아파트 상가 앞,5,4582
ESA아파트 상가 앞,6,4977
ESA아파트 상가 앞,7,4554
ESA아파트 상가 앞,8,4495
ESA아파트 상가 앞,9,5404
ESA아파트 상가 앞,10,5192
ESA아파트 상가 앞,11,4023
ESA아파트 상가 앞,12,2406
FITI시험연구원 앞,1,1175
FITI시험연구원 앞,2,1295
FITI시험연구원 앞,3,2121
FITI시험연구원 앞,4,2450
FITI시험연구원 앞,5,3212
FITI시험연구원 앞,6,3367
FITI시험연구원 앞,7,3239
FITI시험연구원 앞,8,2870
FITI시험연구원 앞,9,3419
FITI시험연구원 앞,10,3129
FITI시험연구원 앞,11,2756
FITI시험연구원 앞,12,1745
GS강서타워,1,750
GS강서타워,2,730
GS강서타워,3,1147
GS강서타워,4,1478
GS강서타워,5,1466
GS강서타워,6,1669
GS강서타워,7,1554
GS강서타워,8,1756
GS강서타워,9,2561
GS강서타워,10,3346
GS강서타워,11,3101
GS강서타워,12,2151
HID 유족동지회 앞,1,208
HID 유족동지회 앞,2,230
HID 유족동지회 앞,3,434
HID 유족동지회 앞,4,676
HID 유족동지회 앞,5,702
HID 유족동지회 앞,6,686
HID 유족동지회 앞,7,565
HID 유족동지회 앞,8,613
HID 유족동지회 앞,9,740
HID 유족동지회 앞,10,732
HID 유족동지회 앞,11,570
HID 유족동지회 앞,12,283
HW컨벤션센터 앞,1,219
HW컨벤션센터 앞,2,337
HW컨벤션센터 앞,3,550
HW컨벤션센터 앞,4,752
HW컨벤션센터 앞,5,552
HW컨벤션센터 앞,6,744
HW컨벤션센터 앞,7,751
HW컨벤션센터 앞,8,703
HW컨벤션센터 앞,9,820
HW컨벤션센터 앞,10,786
HW컨벤션센터 앞,11,690
HW컨벤션센터 앞,12,384
H비즈니스파크,1,1912
H비즈니스파크,2,2078
H비즈니스파크,3,3851
H비즈니스파크,4,4917
H비즈니스파크,5,5719
H비즈니스파크,6,5330
H비즈니스파크,7,4632
H비즈니스파크,8,4451
H비즈니스파크,9,5201
H비즈니스파크,10,5150
H비즈니스파크,11,4511
H비즈니스파크,12,2867
H타워 앞,1,2228
H타워 앞,2,2175
H타워 앞,3,3404
H타워 앞,4,4463
H타워 앞,5,5024
H타워 앞,6,6765
H타워 앞,7,6415
H타워 앞,8,6574
H타워 앞,9,6991
H타워 앞,10,7273
H타워 앞,11,6377
H타워 앞,12,4112
IBK기업은행 석수역 지점 앞,1,192
IBK기업은행 석수역 지점 앞,2,227
IBK기업은행 석수역 지점 앞,3,448
IBK기업은행 석수역 지점 앞,4,549
IBK기업은행 석수역 지점 앞,5,635
IBK기업은행 석수역 지점 앞,6,815
IBK기업은행 석수역 지점 앞,7,648
IBK기업은행 석수역 지점 앞,8,542
IBK기업은행 석수역 지점 앞,9,683
IBK기업은행 석수역 지점 앞,10,795
IBK기업은행 석수역 지점 앞,11,627
IBK기업은행 석수역 지점 앞,12,265
IFC몰,1,3050
IFC몰,2,3882
IFC몰,3,8011
IFC몰,4,12395
IFC몰,5,12612
IFC몰,6,8694
IFC몰,7,5613
IFC몰,8,4392
IFC몰,9,7940
IFC몰,10,7430
IFC몰,11,4898
IFC몰,12,2793
JK장평타워,1,511
JK장평타워,2,588
JK장평타워,3,925
JK장평타워,4,1160
JK장평타워,5,1206
JK장평타워,6,1248
JK장평타워,7,1072
JK장평타워,8,1066
JK장평타워,9,1240
JK장평타워,10,1223
JK장평타워,11,1122
JK장평타워,12,617
JTBC 앞,1,1459
JTBC 앞,2,1608
JTBC 앞,3,3149
JTBC 앞,4,4035
JTBC 앞,5,4267
JTBC 앞,6,4234
JTBC 앞,7,3807
JTBC 앞,8,3823
JTBC 앞,9,4194
JTBC 앞,10,4277
JTBC 앞,11,3626
JTBC 앞,12,2258
JW타워,1,422
JW타워,2,483
JW타워,3,757
JW타워,4,1130
JW타워,5,1084
JW타워,6,1055
JW타워,7,965
JW타워,8,999
JW타워,9,1032
JW타워,10,1260
JW타워,11,1192
JW타워,12,559
K&S빌딩 앞,1,3935
K&S빌딩 앞,2,4304
K&S빌딩 앞,3,7177
K&S빌딩 앞,4,9226
K&S빌딩 앞,5,10251
K&S빌딩 앞,6,10315
K&S빌딩 앞,7,9262
K&S빌딩 앞,8,8481
K&S빌딩 앞,9,10426
K&S빌딩 앞,10,10441
K&S빌딩 앞,11,8207
K&S빌딩 앞,12,5121
K+ 타워 앞,1,1035
K+ 타워 앞,2,1310
K+ 타워 앞,3,2309
K+ 타워 앞,4,3276
K+ 타워 앞,5,3505
K+ 타워 앞,6,3460
K+ 타워 앞,7,2957
K+ 타워 앞,8,2809
K+ 타워 앞,9,3595
K+ 타워 앞,10,3579
K+ 타워 앞,11,2516
K+ 타워 앞,12,1312
KAIST 경영대학 앞,1,1832
KAIST 경영대학 앞,2,2176
KAIST 경영대학 앞,3,4173
KAIST 경영대학 앞,4,4944
KAIST 경영대학 앞,5,5376
KAIST 경영대학 앞,6,4956
KAIST 경영대학 앞,7,4420
KAIST 경영대학 앞,8,3977
KAIST 경영대학 앞,9,4951
KAIST 경영대학 앞,10,4921
KAIST 경영대학 앞,11,4137
KAIST 경영대학 앞,12,2310
KBS 스포츠월드,1,4969
KBS 스포츠월드,2,5133
KBS 스포츠월드,3,8054
KBS 스포츠월드,4,9867
KBS 스포츠월드,5,11963
KBS 스포츠월드,6,12203
KBS 스포츠월드,7,11934
KBS 스포츠월드,8,11627
KBS 스포츠월드,9,12399
KBS 스포츠월드,10,13108
KBS 스포츠월드,11,10708
KBS 스포츠월드,12,6861
KBS 앞,1,4184
KBS 앞,2,5008
KBS 앞,3,8996
KBS 앞,4,11731
KBS 앞,5,11675
KBS 앞,6,11032
KBS 앞,7,9618
KBS 앞,8,9253
KBS 앞,9,12052
KBS 앞,10,12668
KBS 앞,11,9280
KBS 앞,12,5862
KBS 연구동 건너편,1,828
KBS 연구동 건너편,2,982
KBS 연구동 건너편,3,1957
KBS 연구동 건너편,4,3366
KBS 연구동 건너편,5,2949
KBS 연구동 건너편,6,2778
KBS 연구동 건너편,7,2423
KBS 연구동 건너편,8,2301
KBS 연구동 건너편,9,3034
KBS 연구동 건너편,10,3210
KBS 연구동 건너편,11,2238
KBS 연구동 건너편,12,1300
KB국민은행 염창역 지점 앞,1,2162
KB국민은행 염창역 지점 앞,2,2496
KB국민은행 염창역 지점 앞,3,4376
KB국민은행 염창역 지점 앞,4,5325
KB국민은행 염창역 지점 앞,5,6897
KB국민은행 염창역 지점 앞,6,6795
KB국민은행 염창역 지점 앞,7,5843
KB국민은행 염창역 지점 앞,8,5326
KB국민은행 염창역 지점 앞,9,6383
KB국민은행 염창역 지점 앞,10,6439
KB국민은행 염창역 지점 앞,11,4759
KB국민은행 염창역 지점 앞,12,2536
KCC용산웰츠(WELLTZ)타워,1,847
KCC용산웰츠(WELLTZ)타워,2,917
KCC용산웰츠(WELLTZ)타워,3,1442
KCC용산웰츠(WELLTZ)타워,4,2122
KCC용산웰츠(WELLTZ)타워,5,2535
KCC용산웰츠(WELLTZ)타워,6,2842
KCC용산웰츠(WELLTZ)타워,7,2369
KCC용산웰츠(WELLTZ)타워,8,2304
KCC용산웰츠(WELLTZ)타워,9,2736
KCC용산웰츠(WELLTZ)타워,10,2712
KCC용산웰츠(WELLTZ)타워,11,2091
KCC용산웰츠(WELLTZ)타워,12,1144
KEB 하나금융그룹 명동사옥 옆,1,2337
KEB 하나금융그룹 명동사옥 옆,2,2360
KEB 하나금융그룹 명동사옥 옆,3,3548
KEB 하나금융그룹 명동사옥 옆,4,4272
KEB 하나금융그룹 명동사옥 옆,5,4533
KEB 하나금융그룹 명동사옥 옆,6,4566
KEB 하나금융그룹 명동사옥 옆,7,4122
KEB 하나금융그룹 명동사옥 옆,8,3845
KEB 하나금융그룹 명동사옥 옆,9,4546
KEB 하나금융그룹 명동사옥 옆,10,4722
KEB 하나금융그룹 명동사옥 옆,11,4271
KEB 하나금융그룹 명동사옥 옆,12,2734
KEB은행 고대점,1,1789
KEB은행 고대점,2,1962
KEB은행 고대점,3,4882
KEB은행 고대점,4,5853
KEB은행 고대점,5,6371
KEB은행 고대점,6,5553
KEB은행 고대점,7,4599
KEB은행 고대점,8,4188
KEB은행 고대점,9,5153
KEB은행 고대점,10,5836
KEB은행 고대점,11,4760
KEB은행 고대점,12,2577
KG타워 앞,1,1274
KG타워 앞,2,1369
KG타워 앞,3,2103
KG타워 앞,4,2743
KG타워 앞,5,2931
KG타워 앞,6,3111
KG타워 앞,7,3500
KG타워 앞,8,3160
KG타워 앞,9,3365
KG타워 앞,10,3622
KG타워 앞,11,3188
KG타워 앞,12,1875
KRX한국거래소(1),1,1265
KRX한국거래소(1),2,1293
KRX한국거래소(1),3,2109
KRX한국거래소(1),4,2882
KRX한국거래소(1),5,3090
KRX한국거래소(1),6,3138
KRX한국거래소(1),7,2671
KRX한국거래소(1),8,2733
KRX한국거래소(1),9,3869
KRX한국거래소(1),10,4182
KRX한국거래소(1),11,3117
KRX한국거래소(1),12,1959
KRX한국거래소(2),1,208
KRX한국거래소(2),2,232
KRX한국거래소(2),3,447
KRX한국거래소(2),4,699
KRX한국거래소(2),5,807
KRX한국거래소(2),6,760
KRX한국거래소(2),7,713
KRX한국거래소(2),8,736
KRX한국거래소(2),9,384
KRX한국거래소(2),10,488
KRX한국거래소(2),11,410
KRX한국거래소(2),12,264
KT 서초지사 앞,1,603
KT 서초지사 앞,2,793
KT 서초지사 앞,3,1185
KT 서초지사 앞,4,1645
KT 서초지사 앞,5,1417
KT 서초지사 앞,6,1416
KT 서초지사 앞,7,1399
KT 서초지사 앞,8,1357
KT 서초지사 앞,9,1766
KT 서초지사 앞,10,1665
KT 서초지사 앞,11,1514
KT 서초지사 앞,12,698
KT 전화국 버스정류장 옆,1,6444
KT 전화국 버스정류장 옆,2,7123
KT 전화국 버스정류장 옆,3,10972
KT 전화국 버스정류장 옆,4,14525
KT 전화국 버스정류장 옆,5,17066
KT 전화국 버스정류장 옆,6,17712
KT 전화국 버스정류장 옆,7,15641
KT 전화국 버스정류장 옆,8,14840
KT 전화국 버스정류장 옆,9,16077
KT 전화국 버스정류장 옆,10,17784
KT 전화국 버스정류장 옆,11,14480
KT 전화국 버스정류장 옆,12,8998
KT&G 관악지점,1,1186
KT&G 관악지점,2,1089
KT&G 관악지점,3,1630
KT&G 관악지점,4,2164
KT&G 관악지점,5,2191
KT&G 관악지점,6,2548
KT&G 관악지점,7,2481
KT&G 관악지점,8,2391
KT&G 관악지점,9,2521
KT&G 관악지점,10,2462
KT&G 관악지점,11,1933
KT&G 관악지점,12,1353
KT&G강동지사,1,1464
KT&G강동지사,2,1501
KT&G강동지사,3,2503
KT&G강동지사,4,3328
KT&G강동지사,5,4161
KT&G강동지사,6,4637
KT&G강동지사,7,4312
KT&G강동지사,8,4044
KT&G강동지사,9,4522
KT&G강동지사,10,4765
KT&G강동지사,11,3762
KT&G강동지사,12,2048
KT&G타워 옆(상상마당 대치아트홀),1,400
KT&G타워 옆(상상마당 대치아트홀),2,403
KT&G타워 옆(상상마당 대치아트홀),3,658
KT&G타워 옆(상상마당 대치아트홀),4,1068
KT&G타워 옆(상상마당 대치아트홀),5,1829
KT&G타워 옆(상상마당 대치아트홀),6,1132
KT&G타워 옆(상상마당 대치아트홀),7,632
KT&G타워 옆(상상마당 대치아트홀),8,545
KT&G타워 옆(상상마당 대치아트홀),9,699
KT&G타워 옆(상상마당 대치아트홀),10,837
KT&G타워 옆(상상마당 대치아트홀),11,667
KT&G타워 옆(상상마당 대치아트홀),12,339
KT관악지점,1,1091
KT관악지점,2,1181
KT관악지점,3,1861
KT관악지점,4,2565
KT관악지점,5,3025
KT관악지점,6,3363
KT관악지점,7,3363
KT관악지점,8,3577
KT관악지점,9,3723
KT관악지점,10,3600
KT관악지점,11,3061
KT관악지점,12,1667
KT선릉타워,1,1947
KT선릉타워,2,2087
KT선릉타워,3,3475
KT선릉타워,4,4537
KT선릉타워,5,4838
KT선릉타워,6,4776
KT선릉타워,7,4341
KT선릉타워,8,3924
KT선릉타워,9,4530
KT선릉타워,10,4902
KT선릉타워,11,3969
KT선릉타워,12,2568
KT앞,1,4343
KT앞,2,4700
KT앞,3,8157
KT앞,4,10697
KT앞,5,11539
KT앞,6,11027
KT앞,7,9989
KT앞,8,9907
KT앞,9,11794
KT앞,10,12222
KT앞,11,9690
KT앞,12,5640
KT플라자 영등포점,1,3454
KT플라자 영등포점,2,3615
KT플라자 영등포점,3,6151
KT플라자 영등포점,4,7769
KT플라자 영등포점,5,8548
KT플라자 영등포점,6,9391
KT플라자 영등포점,7,8901
KT플라자 영등포점,8,9365
KT플라자 영등포점,9,10541
KT플라자 영등포점,10,10981
KT플라자 영등포점,11,8461
KT플라자 영등포점,12,5431
KT혜화지사 앞,1,2417
KT혜화지사 앞,2,2617
KT혜화지사 앞,3,4064
KT혜화지사 앞,4,4803
KT혜화지사 앞,5,5170
KT혜화지사 앞,6,5188
KT혜화지사 앞,7,4784
KT혜화지사 앞,8,4770
KT혜화지사 앞,9,5129
KT혜화지사 앞,10,5203
KT혜화지사 앞,11,4721
KT혜화지사 앞,12,2993
K스퀘어 마곡,5,270
K스퀘어 마곡,6,956
K스퀘어 마곡,7,897
K스퀘어 마곡,8,1047
K스퀘어 마곡,9,1548
K스퀘어 마곡,10,1288
K스퀘어 마곡,11,1175
K스퀘어 마곡,12,735
LG CNS앞,1,1958
LG CNS앞,2,1976
LG CNS앞,3,3384
LG CNS앞,4,3941
LG CNS앞,5,3802
LG CNS앞,6,3981
LG CNS앞,7,3629
LG CNS앞,8,3528
LG CNS앞,9,3770
LG CNS앞,10,3966
LG CNS앞,11,3425
LG CNS앞,12,2217
LG 사이언스파크,1,2586
LG 사이언스파크,2,2610
LG 사이언스파크,3,3875
LG 사이언스파크,4,4420
LG 사이언스파크,5,5164
LG 사이언스파크,6,5335
LG 사이언스파크,7,5009
LG 사이언스파크,8,4786
LG 사이언스파크,9,5482
LG 사이언스파크,10,5136
LG 사이언스파크,11,5078
LG 사이언스파크,12,3547
LG베스트샵 종암점,1,747
LG베스트샵 종암점,2,888
LG베스트샵 종암점,3,1576
LG베스트샵 종암점,4,2106
LG베스트샵 종암점,5,2120
LG베스트샵 종암점,6,2457
LG베스트샵 종암점,7,2475
LG베스트샵 종암점,8,1946
LG베스트샵 종암점,9,2602
LG베스트샵 종암점,10,2648
LG베스트샵 종암점,11,2106
LG베스트샵 종암점,12,654
LG사이언스파크 E10동,1,2066
LG사이언스파크 E10동,2,2108
LG사이언스파크 E10동,3,3032
LG사이언스파크 E10동,4,3465
LG사이언스파크 E10동,5,4064
LG사이언스파크 E10동,6,4296
LG사이언스파크 E10동,7,4369
LG사이언스파크 E10동,8,4009
LG사이언스파크 E10동,9,5117
LG사이언스파크 E10동,10,5890
LG사이언스파크 E10동,11,5153
LG사이언스파크 E10동,12,3250
LG사이언스파크 E14동,1,2899
LG사이언스파크 E14동,2,2891
LG사이언스파크 E14동,3,3792
LG사이언스파크 E14동,4,4429
LG사이언스파크 E14동,5,4926
LG사이언스파크 E14동,6,5191
LG사이언스파크 E14동,7,5906
LG사이언스파크 E14동,8,7030
LG사이언스파크 E14동,9,7324
LG사이언스파크 E14동,10,7782
LG사이언스파크 E14동,11,7648
LG사이언스파크 E14동,12,5282
LG사이언스파크 E2동,1,841
LG사이언스파크 E2동,2,851
LG사이언스파크 E2동,3,1169
LG사이언스파크 E2동,4,1488
LG사이언스파크 E2동,5,1463
LG사이언스파크 E2동,6,1574
LG사이언스파크 E2동,7,1657
LG사이언스파크 E2동,8,1535
LG사이언스파크 E2동,9,2251
LG사이언스파크 E2동,10,2459
LG사이언스파크 E2동,11,2286
LG사이언스파크 E2동,12,1397
LG사이언스파크 E7동,1,1477
LG사이언스파크 E7동,2,1442
LG사이언스파크 E7동,3,1879
LG사이언스파크 E7동,4,2133
LG사이언스파크 E7동,5,2419
LG사이언스파크 E7동,6,2592
LG사이언스파크 E7동,7,2466
LG사이언스파크 E7동,8,2301
LG사이언스파크 E7동,9,2992
LG사이언스파크 E7동,10,3416
LG사이언스파크 E7동,11,3243
LG사이언스파크 E7동,12,2313
LG사이언스파크 W4동,1,902
LG사이언스파크 W4동,2,910
LG사이언스파크 W4동,3,1241
LG사이언스파크 W4동,4,1555
LG사이언스파크 W4동,5,1617
LG사이언스파크 W4동,6,1567
LG사이언스파크 W4동,7,1507
LG사이언스파크 W4동,8,1604
LG사이언스파크 W4동,9,2053
LG사이언스파크 W4동,10,2762
LG사이언스파크 W4동,11,2116
LG사이언스파크 W4동,12,1407
LG유플러스 (방배사옥),1,287
LG유플러스 (방배사옥),2,286
LG유플러스 (방배사옥),3,441
LG유플러스 (방배사옥),4,564
LG유플러스 (방배사옥),5,503
LG유플러스 (방배사옥),6,555
LG유플러스 (방배사옥),7,496
LG유플러스 (방배사옥),8,525
LG유플러스 (방배사옥),9,539
LG유플러스 (방배사옥),10,652
LG유플러스 (방배사옥),11,467
LG유플러스 (방배사옥),12,303
LG유플러스 마곡사옥,1,6175
LG유플러스 마곡사옥,2,6312
LG유플러스 마곡사옥,3,9929
LG유플러스 마곡사옥,4,11771
LG유플러스 마곡사옥,5,14999
LG유플러스 마곡사옥,6,16727
LG유플러스 마곡사옥,7,15911
LG유플러스 마곡사옥,8,14783
LG유플러스 마곡사옥,9,16720
LG유플러스 마곡사옥,10,18049
LG유플러스 마곡사옥,11,15421
LG유플러스 마곡사옥,12,9565
LG전자 별관동(호서대 벤처타워 맞은편),1,1782
LG전자 별관동(호서대 벤처타워 맞은편),2,1686
LG전자 별관동(호서대 벤처타워 맞은편),3,2473
LG전자 별관동(호서대 벤처타워 맞은편),4,2794
LG전자 별관동(호서대 벤처타워 맞은편),5,3395
LG전자 별관동(호서대 벤처타워 맞은편),6,3863
LG전자 별관동(호서대 벤처타워 맞은편),7,3627
LG전자 별관동(호서대 벤처타워 맞은편),8,3133
LG전자 별관동(호서대 벤처타워 맞은편),9,3735
LG전자 별관동(호서대 벤처타워 맞은편),10,4015
LG전자 별관동(호서대 벤처타워 맞은편),11,3711
LG전자 별관동(호서대 벤처타워 맞은편),12,2569
LG전자가산A와 가산테라타워 사이,1,1103
LG전자가산A와 가산테라타워 사이,2,983
LG전자가산A와 가산테라타워 사이,3,1510
LG전자가산A와 가산테라타워 사이,4,2436
LG전자가산A와 가산테라타워 사이,5,2832
LG전자가산A와 가산테라타워 사이,6,3080
LG전자가산A와 가산테라타워 사이,7,2908
LG전자가산A와 가산테라타워 사이,8,3311
LG전자가산A와 가산테라타워 사이,9,3330
LG전자가산A와 가산테라타워 사이,10,3550
LG전자가산A와 가산테라타워 사이,11,2868
LG전자가산A와 가산테라타워 사이,12,1776
LG트윈타워 앞,1,1539
LG트윈타워 앞,2,1804
LG트윈타워 앞,3,4469
LG트윈타워 앞,4,7826
LG트윈타워 앞,5,7047
LG트윈타워 앞,6,6342
LG트윈타워 앞,7,5496
LG트윈타워 앞,8,6294
LG트윈타워 앞,9,8844
LG트윈타워 앞,10,9717
LG트윈타워 앞,11,5725
LG트윈타워 앞,12,3077
LG한강 자이아파트 앞,1,1657
LG한강 자이아파트 앞,2,2266
LG한강 자이아파트 앞,3,4024
LG한강 자이아파트 앞,4,5812
LG한강 자이아파트 앞,5,6772
LG한강 자이아파트 앞,6,6815
LG한강 자이아파트 앞,7,5239
LG한강 자이아파트 앞,8,5244
LG한강 자이아파트 앞,9,7749
LG한강 자이아파트 앞,10,7437
LG한강 자이아파트 앞,11,4506
LG한강 자이아파트 앞,12,2321
LH 서초 4단지 403동,1,725
LH 서초 4단지 403동,2,859
LH 서초 4단지 403동,3,1490
LH 서초 4단지 403동,4,2125
LH 서초 4단지 403동,5,2134
LH 서초 4단지 403동,6,2090
LH 서초 4단지 403동,7,1874
LH 서초 4단지 403동,8,1725
LH 서초 4단지 403동,9,2173
LH 서초 4단지 403동,10,2337
LH 서초 4단지 403동,11,2005
LH 서초 4단지 403동,12,1069
LH서초3단지 301동 맞은편,1,749
LH서초3단지 301동 맞은편,2,819
LH서초3단지 301동 맞은편,3,1437
LH서초3단지 301동 맞은편,4,1958
LH서초3단지 301동 맞은편,5,2016
LH서초3단지 301동 맞은편,6,2095
LH서초3단지 301동 맞은편,7,1595
LH서초3단지 301동 맞은편,8,1391
LH서초3단지 301동 맞은편,9,1889
LH서초3단지 301동 맞은편,10,1761
LH서초3단지 301동 맞은편,11,1357
LH서초3단지 301동 맞은편,12,830
LH수서2단지 201동 앞,6,1030
LH수서2단지 201동 앞,7,1402
LH수서2단지 201동 앞,8,1410
LH수서2단지 201동 앞,9,1491
LH수서2단지 201동 앞,10,1323
LH수서2단지 201동 앞,11,1207
LH수서2단지 201동 앞,12,632
LIGA 아파트 앞,1,4504
LIGA 아파트 앞,2,4769
LIGA 아파트 앞,3,8427
LIGA 아파트 앞,4,11382
LIGA 아파트 앞,5,13212
LIGA 아파트 앞,6,13856
LIGA 아파트 앞,7,12577
LIGA 아파트 앞,8,12253
LIGA 아파트 앞,9,13838
LIGA 아파트 앞,10,13357
LIGA 아파트 앞,11,10467
LIGA 아파트 앞,12,6303
LIG강촌아파트 103동앞,1,2068
LIG강촌아파트 103동앞,2,2318
LIG강촌아파트 103동앞,3,4328
LIG강촌아파트 103동앞,4,5953
LIG강촌아파트 103동앞,5,6728
LIG강촌아파트 103동앞,6,6298
LIG강촌아파트 103동앞,7,5314
LIG강촌아파트 103동앞,8,5268
LIG강촌아파트 103동앞,9,6805
LIG강촌아파트 103동앞,10,6783
LIG강촌아파트 103동앞,11,4562
LIG강촌아파트 103동앞,12,2746
MBC 앞,1,1200
MBC 앞,2,1316
MBC 앞,3,2432
MBC 앞,4,3327
MBC 앞,5,3490
MBC 앞,6,3572
MBC 앞,7,3268
MBC 앞,8,2917
MBC 앞,9,3616
MBC 앞,10,3930
MBC 앞,11,3411
MBC 앞,12,1967
MCM 본사 직영점 앞,1,637
MCM 본사 직영점 앞,2,722
MCM 본사 직영점 앞,3,1215
MCM 본사 직영점 앞,4,1573
MCM 본사 직영점 앞,5,1517
MCM 본사 직영점 앞,6,1412
MCM 본사 직영점 앞,7,1302
MCM 본사 직영점 앞,8,1153
MCM 본사 직영점 앞,9,1359
MCM 본사 직영점 앞,10,1416
MCM 본사 직영점 앞,11,1246
MCM 본사 직영점 앞,12,756
NH농협은행 앞,1,5736
NH농협은행 앞,2,6137
NH농협은행 앞,3,9659
NH농협은행 앞,4,12532
NH농협은행 앞,5,12584
NH농협은행 앞,6,13521
NH농협은행 앞,7,12859
NH농협은행 앞,8,11976
NH농협은행 앞,9,13942
NH농협은행 앞,10,14169
NH농협은행 앞,11,12213
NH농협은행 앞,12,7868
NH농협은행(신당역6번출구),10,105
NH농협은행(신당역6번출구),11,399
NH농협은행(신당역6번출구),12,268
OK부동산 앞,1,52
OK부동산 앞,2,129
OK부동산 앞,3,269
OK부동산 앞,4,394
OK부동산 앞,5,369
OK부동산 앞,6,413
OK부동산 앞,7,441
OK부동산 앞,8,296
OK부동산 앞,9,378
OK부동산 앞,10,374
OK부동산 앞,11,260
OK부동산 앞,12,173
SBS방송국,1,4398
SBS방송국,2,4478
SBS방송국,3,6989
SBS방송국,4,8627
SBS방송국,5,9855
SBS방송국,6,9720
SBS방송국,7,8940
SBS방송국,8,8154
SBS방송국,9,9530
SBS방송국,10,10253
SBS방송국,11,8001
SBS방송국,12,5120
SB타워 앞,1,304
SB타워 앞,2,328
SB타워 앞,3,595
SB타워 앞,4,771
SB타워 앞,5,903
SB타워 앞,6,933
SB타워 앞,7,846
SB타워 앞,8,900
SB타워 앞,9,1086
SB타워 앞,10,1026
SB타워 앞,11,740
SB타워 앞,12,439
SC제일은행 양재동지점 앞,1,614
SC제일은행 양재동지점 앞,2,782
SC제일은행 양재동지점 앞,3,1133
SC제일은행 양재동지점 앞,4,1893
SC제일은행 양재동지점 앞,5,1696
SC제일은행 양재동지점 앞,6,1869
SC제일은행 양재동지점 앞,7,1761
SC제일은행 양재동지점 앞,8,1727
SC제일은행 양재동지점 앞,9,1969
SC제일은행 양재동지점 앞,10,1999
SC제일은행 양재동지점 앞,11,1913
SC제일은행 양재동지점 앞,12,902
SK 남산빌딩,1,664
SK 남산빌딩,2,718
SK 남산빌딩,3,1171
SK 남산빌딩,4,1462
SK 남산빌딩,5,1512
SK 남산빌딩,6,1439
SK 남산빌딩,7,1330
SK 남산빌딩,8,1060
SK 남산빌딩,9,1282
SK 남산빌딩,10,1431
SK 남산빌딩,11,1504
SK 남산빌딩,12,774
SK 서린빌딩 앞,1,2781
SK 서린빌딩 앞,2,3010
SK 서린빌딩 앞,3,5389
SK 서린빌딩 앞,4,6854
SK 서린빌딩 앞,5,7814
SK 서린빌딩 앞,6,7707
SK 서린빌딩 앞,7,7052
SK 서린빌딩 앞,8,6603
SK 서린빌딩 앞,9,7966
SK 서린빌딩 앞,10,8259
SK 서린빌딩 앞,11,6725
SK 서린빌딩 앞,12,3752
SK리쳄블(서울아리수본부),1,786
SK리쳄블(서울아리수본부),2,839
SK리쳄블(서울아리수본부),3,1332
SK리쳄블(서울아리수본부),4,1713
SK리쳄블(서울아리수본부),5,1668
SK리쳄블(서울아리수본부),6,1758
SK리쳄블(서울아리수본부),7,1591
SK리쳄블(서울아리수본부),8,1828
SK리쳄블(서울아리수본부),9,1867
SK리쳄블(서울아리수본부),10,1963
SK리쳄블(서울아리수본부),11,1579
SK리쳄블(서울아리수본부),12,1158
SK텔레콤(T1) 인근,1,30
SK텔레콤(T1) 인근,2,56
SK텔레콤(T1) 인근,3,77
SK텔레콤(T1) 인근,4,198
SK텔레콤(T1) 인근,5,187
SK텔레콤(T1) 인근,6,157
SK텔레콤(T1) 인근,7,181
SK텔레콤(T1) 인근,8,120
SK텔레콤(T1) 인근,9,88
SK텔레콤(T1) 인근,10,95
SK텔레콤(T1) 인근,11,134
SK텔레콤(T1) 인근,12,63
SPC 앞,1,1268
SPC 앞,2,1316
SPC 앞,3,2105
SPC 앞,4,3033
SPC 앞,5,3246
SPC 앞,6,3120
SPC 앞,7,2934
SPC 앞,8,2781
SPC 앞,9,3451
SPC 앞,10,3324
SPC 앞,11,2599
SPC 앞,12,1624
SSTS 몰 앞,1,1099
SSTS 몰 앞,2,1088
SSTS 몰 앞,3,1854
SSTS 몰 앞,4,2681
SSTS 몰 앞,5,3152
SSTS 몰 앞,6,3567
SSTS 몰 앞,7,3243
SSTS 몰 앞,8,3212
SSTS 몰 앞,9,3536
SSTS 몰 앞,10,3517
SSTS 몰 앞,11,2633
SSTS 몰 앞,12,1597
STX V타워,1,1145
STX V타워,2,1188
STX V타워,3,2151
STX V타워,4,2860
STX V타워,5,2876
STX V타워,6,3047
STX V타워,7,2854
STX V타워,8,2272
STX V타워,9,2965
STX V타워,10,2960
STX V타워,11,2451
STX V타워,12,1546
U레지던스 앞,1,1117
U레지던스 앞,2,1287
U레지던스 앞,3,1892
U레지던스 앞,4,2339
U레지던스 앞,5,2797
U레지던스 앞,6,2994
U레지던스 앞,7,2651
U레지던스 앞,8,3313
U레지던스 앞,9,4308
U레지던스 앞,10,4340
U레지던스 앞,11,3524
U레지던스 앞,12,1933
W컨템포오피스텔앞,1,509
W컨템포오피스텔앞,2,542
W컨템포오피스텔앞,3,953
W컨템포오피스텔앞,4,1186
W컨템포오피스텔앞,5,1304
W컨템포오피스텔앞,6,1501
W컨템포오피스텔앞,7,1270
W컨템포오피스텔앞,8,1211
W컨템포오피스텔앞,9,1422
W컨템포오피스텔앞,10,1550
W컨템포오피스텔앞,11,1228
W컨템포오피스텔앞,12,641
_도봉센터,6,2
_도봉센터,12,6
e 편한세상 보문아파트 내,1,503
e 편한세상 보문아파트 내,2,501
e 편한세상 보문아파트 내,3,847
e 편한세상 보문아파트 내,4,884
e 편한세상 보문아파트 내,5,808
e 편한세상 보문아파트 내,6,862
e 편한세상 보문아파트 내,7,814
e 편한세상 보문아파트 내,8,711
e 편한세상 보문아파트 내,9,788
e 편한세상 보문아파트 내,10,760
e 편한세상 보문아파트 내,11,722
e 편한세상 보문아파트 내,12,544
e편한세상 상도노빌리티 앞,1,888
e편한세상 상도노빌리티 앞,2,1027
e편한세상 상도노빌리티 앞,3,1907
e편한세상 상도노빌리티 앞,4,2915
e편한세상 상도노빌리티 앞,5,3227
e편한세상 상도노빌리티 앞,6,3151
e편한세상 상도노빌리티 앞,7,2827
e편한세상 상도노빌리티 앞,8,2691
e편한세상 상도노빌리티 앞,9,3123
e편한세상 상도노빌리티 앞,10,3235
e편한세상 상도노빌리티 앞,11,2575
e편한세상 상도노빌리티 앞,12,1201
e편한세상 신촌4단지 앞,1,1296
e편한세상 신촌4단지 앞,2,1583
e편한세상 신촌4단지 앞,3,2650
e편한세상 신촌4단지 앞,4,3350
e편한세상 신촌4단지 앞,5,3419
e편한세상 신촌4단지 앞,6,3657
e편한세상 신촌4단지 앞,7,3281
e편한세상 신촌4단지 앞,8,3116
e편한세상 신촌4단지 앞,9,3613
e편한세상 신촌4단지 앞,10,3653
e편한세상 신촌4단지 앞,11,3019
e편한세상 신촌4단지 앞,12,1756
kt 행당빌딩 앞,1,1049
kt 행당빌딩 앞,2,1203
kt 행당빌딩 앞,3,2350
kt 행당빌딩 앞,4,3261
kt 행당빌딩 앞,5,3736
kt 행당빌딩 앞,6,3977
kt 행당빌딩 앞,7,3308
kt 행당빌딩 앞,8,3448
kt 행당빌딩 앞,9,3880
kt 행당빌딩 앞,10,4045
kt 행당빌딩 앞,11,3164
kt 행당빌딩 앞,12,1547
sk신내 주유소앞(용마산로),1,330
sk신내 주유소앞(용마산로),2,344
sk신내 주유소앞(용마산로),3,551
sk신내 주유소앞(용마산로),4,805
sk신내 주유소앞(용마산로),5,850
sk신내 주유소앞(용마산로),6,950
sk신내 주유소앞(용마산로),7,751
sk신내 주유소앞(용마산로),8,731
sk신내 주유소앞(용마산로),9,879
sk신내 주유소앞(용마산로),10,958
sk신내 주유소앞(용마산로),11,734
sk신내 주유소앞(용마산로),12,541
가든파이브 리빙관,1,499
가든파이브 리빙관,2,479
가든파이브 리빙관,3,849
가든파이브 리빙관,4,1386
가든파이브 리빙관,5,1256
가든파이브 리빙관,6,1314
가든파이브 리빙관,7,1042
가든파이브 리빙관,8,953
가든파이브 리빙관,9,1005
가든파이브 리빙관,10,1222
가든파이브 리빙관,11,881
가든파이브 리빙관,12,623
가락1동주민센터,1,1538
가락1동주민센터,2,1693
가락1동주민센터,3,3075
가락1동주민센터,4,4311
가락1동주민센터,5,4834
가락1동주민센터,6,4728
가락1동주민센터,7,3891
가락1동주민센터,8,3803
가락1동주민센터,9,4641
가락1동주민센터,10,4854
가락1동주민센터,11,3873
가락1동주민센터,12,2394
가락2동주민센터 인근,1,780
가락2동주민센터 인근,2,818
가락2동주민센터 인근,3,1564
가락2동주민센터 인근,4,2048
가락2동주민센터 인근,5,2269
가락2동주민센터 인근,6,2225
가락2동주민센터 인근,7,1748
가락2동주민센터 인근,8,1776
가락2동주민센터 인근,9,2039
가락2동주민센터 인근,10,2162
가락2동주민센터 인근,11,1897
가락2동주민센터 인근,12,969
가락고등학교 앞,1,961
가락고등학교 앞,2,1135
가락고등학교 앞,3,2001
가락고등학교 앞,4,2240
가락고등학교 앞,5,2325
가락고등학교 앞,6,2476
가락고등학교 앞,7,2087
가락고등학교 앞,8,1772
가락고등학교 앞,9,2389
가락고등학교 앞,10,2348
가락고등학교 앞,11,2181
가락고등학교 앞,12,1196
가락대림아파트 앞,1,1131
가락대림아파트 앞,2,1314
가락대림아파트 앞,3,2508
가락대림아파트 앞,4,3185
가락대림아파트 앞,5,3619
가락대림아파트 앞,6,3859
가락대림아파트 앞,7,3325
가락대림아파트 앞,8,3293
가락대림아파트 앞,9,3810
가락대림아파트 앞,10,4021
가락대림아파트 앞,11,3248
가락대림아파트 앞,12,1802
가락몰 업무동,1,2339
가락몰 업무동,2,2310
가락몰 업무동,3,3629
가락몰 업무동,4,4846
가락몰 업무동,5,5515
가락몰 업무동,6,5631
가락몰 업무동,7,5093
가락몰 업무동,8,4834
가락몰 업무동,9,6013
가락몰 업무동,10,5926
가락몰 업무동,11,4988
가락몰 업무동,12,3466
가락미륭아파트 앞,1,854
가락미륭아파트 앞,2,818
가락미륭아파트 앞,3,1480
가락미륭아파트 앞,4,1970
가락미륭아파트 앞,5,1923
가락미륭아파트 앞,6,1933
가락미륭아파트 앞,7,1732
가락미륭아파트 앞,8,1613
가락미륭아파트 앞,9,1808
가락미륭아파트 앞,10,1810
가락미륭아파트 앞,11,1643
가락미륭아파트 앞,12,915
가락본동주민센터 인근,1,1108
가락본동주민센터 인근,2,1070
가락본동주민센터 인근,3,1533
가락본동주민센터 인근,4,2233
가락본동주민센터 인근,5,3412
가락본동주민센터 인근,6,3893
가락본동주민센터 인근,7,3069
가락본동주민센터 인근,8,3157
가락본동주민센터 인근,9,3295
가락본동주민센터 인근,10,3641
가락본동주민센터 인근,11,2821
가락본동주민센터 인근,12,1691
가락삼환아파트 앞,1,890
가락삼환아파트 앞,2,1122
가락삼환아파트 앞,3,2048
가락삼환아파트 앞,4,2774
가락삼환아파트 앞,5,2984
가락삼환아파트 앞,6,2999
가락삼환아파트 앞,7,2432
가락삼환아파트 앞,8,1924
가락삼환아파트 앞,9,2335
가락삼환아파트 앞,10,2370
가락삼환아파트 앞,11,1921
가락삼환아파트 앞,12,1067
가락시장 남1문 사거리,1,924
가락시장 남1문 사거리,2,1088
가락시장 남1문 사거리,3,2009
가락시장 남1문 사거리,4,2645
가락시장 남1문 사거리,5,3056
가락시장 남1문 사거리,6,2957
가락시장 남1문 사거리,7,2533
가락시장 남1문 사거리,8,2589
가락시장 남1문 사거리,9,2892
가락시장 남1문 사거리,10,3013
가락시장 남1문 사거리,11,2691
가락시장 남1문 사거리,12,1890
가락시장역 2번 출구,1,1637
가락시장역 2번 출구,2,1850
가락시장역 2번 출구,3,3356
가락시장역 2번 출구,4,4589
가락시장역 2번 출구,5,5115
가락시장역 2번 출구,6,4829
가락시장역 2번 출구,7,3810
가락시장역 2번 출구,8,3971
가락시장역 2번 출구,9,4860
가락시장역 2번 출구,10,5409
가락시장역 2번 출구,11,4303
가락시장역 2번 출구,12,2728
가락시장역 3번 출구,1,3289
가락시장역 3번 출구,2,3653
가락시장역 3번 출구,3,6550
가락시장역 3번 출구,4,8026
가락시장역 3번 출구,5,9019
가락시장역 3번 출구,6,8977
가락시장역 3번 출구,7,7782
가락시장역 3번 출구,8,6918
가락시장역 3번 출구,9,8326
가락시장역 3번 출구,10,8728
가락시장역 3번 출구,11,7091
가락시장역 3번 출구,12,4300
가락시장역 5번출구,1,452
가락시장역 5번출구,2,499
가락시장역 5번출구,3,822
가락시장역 5번출구,4,1280
가락시장역 5번출구,5,1443
가락시장역 5번출구,6,1512
가락시장역 5번출구,7,1432
가락시장역 5번출구,8,1647
가락시장역 5번출구,9,1795
가락시장역 5번출구,10,1932
가락시장역 5번출구,11,1520
가락시장역 5번출구,12,894
가락시장역 사거리,1,2312
가락시장역 사거리,2,2338
가락시장역 사거리,3,3937
가락시장역 사거리,4,4838
가락시장역 사거리,5,5272
가락시장역 사거리,6,5470
가락시장역 사거리,7,5120
가락시장역 사거리,8,4509
가락시장역 사거리,9,5219
가락시장역 사거리,10,5324
가락시장역 사거리,11,4225
가락시장역 사거리,12,2416
가락쌍용2차아파트 103동,1,912
가락쌍용2차아파트 103동,2,1005
가락쌍용2차아파트 103동,3,1849
가락쌍용2차아파트 103동,4,2569
가락쌍용2차아파트 103동,5,3005
가락쌍용2차아파트 103동,6,3327
가락쌍용2차아파트 103동,7,2603
가락쌍용2차아파트 103동,8,2627
가락쌍용2차아파트 103동,9,3001
가락쌍용2차아파트 103동,10,3074
가락쌍용2차아파트 103동,11,2355
가락쌍용2차아파트 103동,12,1336
가락종합 사회복지관,1,621
가락종합 사회복지관,2,744
가락종합 사회복지관,3,1232
가락종합 사회복지관,4,1648
가락종합 사회복지관,5,2058
가락종합 사회복지관,6,2085
가락종합 사회복지관,7,1719
가락종합 사회복지관,8,1575
가락종합 사회복지관,9,2091
가락종합 사회복지관,10,2367
가락종합 사회복지관,11,1713
가락종합 사회복지관,12,1010
가락중학교 앞,1,939
가락중학교 앞,2,885
가락중학교 앞,3,1737
가락중학교 앞,4,2433
가락중학교 앞,5,2644
가락중학교 앞,6,2816
가락중학교 앞,7,2365
가락중학교 앞,8,2300
가락중학교 앞,9,2321
가락중학교 앞,10,2405
가락중학교 앞,11,2172
가락중학교 앞,12,1406
가락현대 1차 11동 앞,1,613
가락현대 1차 11동 앞,2,632
가락현대 1차 11동 앞,3,1220
가락현대 1차 11동 앞,4,1659
가락현대 1차 11동 앞,5,1762
가락현대 1차 11동 앞,6,1865
가락현대 1차 11동 앞,7,1597
가락현대 1차 11동 앞,8,1496
가락현대 1차 11동 앞,9,1711
가락현대 1차 11동 앞,10,1727
가락현대 1차 11동 앞,11,1370
가락현대 1차 11동 앞,12,714
가로공원공영주차장 1번 출구,1,1920
가로공원공영주차장 1번 출구,2,1962
가로공원공영주차장 1번 출구,3,3293
가로공원공영주차장 1번 출구,4,4365
가로공원공영주차장 1번 출구,5,5500
가로공원공영주차장 1번 출구,6,6062
가로공원공영주차장 1번 출구,7,5454
가로공원공영주차장 1번 출구,8,5202
가로공원공영주차장 1번 출구,9,6224
가로공원공영주차장 1번 출구,10,6564
가로공원공영주차장 1번 출구,11,4848
가로공원공영주차장 1번 출구,12,2917
가리봉동주민센터,1,2714
가리봉동주민센터,2,2900
가리봉동주민센터,3,4024
가리봉동주민센터,4,5132
가리봉동주민센터,5,5390
가리봉동주민센터,6,5777
가리봉동주민센터,7,5809
가리봉동주민센터,8,5497
가리봉동주민센터,9,6252
가리봉동주민센터,10,6654
가리봉동주민센터,11,6057
가리봉동주민센터,12,3868
가마산지하보도 옆,1,749
가마산지하보도 옆,2,826
가마산지하보도 옆,3,1394
가마산지하보도 옆,4,1840
가마산지하보도 옆,5,2208
가마산지하보도 옆,6,2203
가마산지하보도 옆,7,2085
가마산지하보도 옆,8,2144
가마산지하보도 옆,9,2287
가마산지하보도 옆,10,2414
가마산지하보도 옆,11,2040
가마산지하보도 옆,12,1244
가산동 주민센터,1,2866
가산동 주민센터,2,2893
가산동 주민센터,3,4151
가산동 주민센터,4,4982
가산동 주민센터,5,6003
가산동 주민센터,6,6757
가산동 주민센터,7,6662
가산동 주민센터,8,6266
가산동 주민센터,9,6830
가산동 주민센터,10,7267
가산동 주민센터,11,5954
가산동 주민센터,12,3810
가산디지털단지 9번출구 인근,1,5366
가산디지털단지 9번출구 인근,2,5653
가산디지털단지 9번출구 인근,3,8129
가산디지털단지 9번출구 인근,4,9824
가산디지털단지 9번출구 인근,5,11293
가산디지털단지 9번출구 인근,6,12166
가산디지털단지 9번출구 인근,7,11963
가산디지털단지 9번출구 인근,8,11136
가산디지털단지 9번출구 인근,9,12119
가산디지털단지 9번출구 인근,10,12493
가산디지털단지 9번출구 인근,11,10498
가산디지털단지 9번출구 인근,12,7000
가산디지털단지역 9번출구 앞,9,557
가산디지털단지역 9번출구 앞,10,861
가산디지털단지역 9번출구 앞,11,836
가산디지털단지역 9번출구 앞,12,597
가산롯데아이티캐슬,1,1186
가산롯데아이티캐슬,2,1457
가산롯데아이티캐슬,3,2436
가산롯데아이티캐슬,4,3265
가산롯데아이티캐슬,5,3952
가산롯데아이티캐슬,6,3798
가산롯데아이티캐슬,7,3193
가산롯데아이티캐슬,8,2815
가산롯데아이티캐슬,9,3611
가산롯데아이티캐슬,10,4032
가산롯데아이티캐슬,11,3615
가산롯데아이티캐슬,12,1987
가산아네스트 오피스텔 앞,1,1227
가산아네스트 오피스텔 앞,2,1304
가산아네스트 오피스텔 앞,3,2239
가산아네스트 오피스텔 앞,4,2737
가산아네스트 오피스텔 앞,5,2852
가산아네스트 오피스텔 앞,6,3347
가산아네스트 오피스텔 앞,7,3173
가산아네스트 오피스텔 앞,8,3203
가산아네스트 오피스텔 앞,9,3168
가산아네스트 오피스텔 앞,10,3373
가산아네스트 오피스텔 앞,11,2853
가산아네스트 오피스텔 앞,12,1549
가양3동 주민센터,1,2558
가양3동 주민센터,2,2751
가양3동 주민센터,3,4682
가양3동 주민센터,4,5943
가양3동 주민센터,5,6995
가양3동 주민센터,6,7342
가양3동 주민센터,7,6979
가양3동 주민센터,8,5942
가양3동 주민센터,9,7091
가양3동 주민센터,10,7403
가양3동 주민센터,11,5535
가양3동 주민센터,12,3598
가양5단지아파트,1,226
가양5단지아파트,2,280
가양5단지아파트,3,410
가양5단지아파트,4,541
가양5단지아파트,5,642
가양5단지아파트,6,625
가양5단지아파트,7,592
가양5단지아파트,8,583
가양5단지아파트,9,660
가양5단지아파트,10,610
가양5단지아파트,11,521
가양5단지아파트,12,331
가양나들목,11,28
가양나들목,12,43
가양레포츠센터 앞,1,2038
가양레포츠센터 앞,2,2523
가양레포츠센터 앞,3,4615
가양레포츠센터 앞,4,6655
가양레포츠센터 앞,5,7196
가양레포츠센터 앞,6,7349
가양레포츠센터 앞,7,6558
가양레포츠센터 앞,8,5086
가양레포츠센터 앞,9,7190
가양레포츠센터 앞,10,7053
가양레포츠센터 앞,11,4891
가양레포츠센터 앞,12,2823
가양역 1번출구,1,3286
가양역 1번출구,2,3466
가양역 1번출구,3,5715
가양역 1번출구,4,6907
가양역 1번출구,5,8156
가양역 1번출구,6,9255
가양역 1번출구,7,9207
가양역 1번출구,8,9445
가양역 1번출구,9,10011
가양역 1번출구,10,10369
가양역 1번출구,11,8803
가양역 1번출구,12,5641
가양역 7번출구,1,5162
가양역 7번출구,2,5191
가양역 7번출구,3,8377
가양역 7번출구,4,9988
가양역 7번출구,5,12126
가양역 7번출구,6,12608
가양역 7번출구,7,12829
가양역 7번출구,8,14253
가양역 7번출구,9,15549
가양역 7번출구,10,16141
가양역 7번출구,11,13974
가양역 7번출구,12,8618
가양역 8번출구,1,7533
가양역 8번출구,2,8016
가양역 8번출구,3,13507
가양역 8번출구,4,17562
가양역 8번출구,5,21085
가양역 8번출구,6,22404
가양역 8번출구,7,19517
가양역 8번출구,8,17938
가양역 8번출구,9,20729
가양역 8번출구,10,21910
가양역 8번출구,11,14661
가양역 8번출구,12,10042
가양오토갤러리,1,1703
가양오토갤러리,2,1840
가양오토갤러리,3,3059
가양오토갤러리,4,3878
가양오토갤러리,5,4551
가양오토갤러리,6,4582
가양오토갤러리,7,4068
가양오토갤러리,8,4284
가양오토갤러리,9,4732
가양오토갤러리,10,4885
가양오토갤러리,11,3975
가양오토갤러리,12,2523
가양테크노타운,1,816
가양테크노타운,2,841
가양테크노타운,3,1535
가양테크노타운,4,2684
가양테크노타운,5,3051
가양테크노타운,6,2984
가양테크노타운,7,2361
가양테크노타운,8,2713
가양테크노타운,9,3305
가양테크노타운,10,3361
가양테크노타운,11,2658
가양테크노타운,12,1699
가오리역,1,1797
가오리역,2,1973
가오리역,3,3050
가오리역,4,3914
가오리역,5,4302
가오리역,6,4330
가오리역,7,3962
가오리역,8,3765
가오리역,9,4206
가오리역,10,4322
가오리역,11,3458
가오리역,12,2282
가온문화공원,1,2345
가온문화공원,2,2612
가온문화공원,3,4293
가온문화공원,4,5243
가온문화공원,5,5867
가온문화공원,6,6104
가온문화공원,7,5953
가온문화공원,8,5868
가온문화공원,9,6030
가온문화공원,10,6332
가온문화공원,11,5677
가온문화공원,12,3660
가재울 초등학교,1,2791
가재울 초등학교,2,3029
가재울 초등학교,3,5456
가재울 초등학교,4,7403
가재울 초등학교,5,8085
가재울 초등학교,6,8375
가재울 초등학교,7,6711
가재울 초등학교,8,6415
가재울 초등학교,9,7769
가재울 초등학교,10,7550
가재울 초등학교,11,5642
가재울 초등학교,12,3331
가재울사거리,1,1216
가재울사거리,2,1309
가재울사거리,3,2285
가재울사거리,4,3054
가재울사거리,5,3253
가재울사거리,6,3299
가재울사거리,7,3138
가재울사거리,8,3051
가재울사거리,9,3478
가재울사거리,10,3379
가재울사거리,11,2669
가재울사거리,12,1820
가좌삼거리,1,1772
가좌삼거리,2,1952
가좌삼거리,3,3366
가좌삼거리,4,4356
가좌삼거리,5,4607
가좌삼거리,6,4865
가좌삼거리,7,4550
가좌삼거리,8,4605
가좌삼거리,9,4937
가좌삼거리,10,5330
가좌삼거리,11,4353
가좌삼거리,12,2638
가좌역 4번출구 앞,1,3277
가좌역 4번출구 앞,2,3339
가좌역 4번출구 앞,3,5381
가좌역 4번출구 앞,4,7051
가좌역 4번출구 앞,5,7431
가좌역 4번출구 앞,6,7231
가좌역 4번출구 앞,7,6282
가좌역 4번출구 앞,8,5975
가좌역 4번출구 앞,9,7255
가좌역 4번출구 앞,10,7507
가좌역 4번출구 앞,11,6522
가좌역 4번출구 앞,12,4276
가좌역1 번출구 앞,1,2404
가좌역1 번출구 앞,2,2625
가좌역1 번출구 앞,3,4352
가좌역1 번출구 앞,4,5324
가좌역1 번출구 앞,5,5391
가좌역1 번출구 앞,6,5248
가좌역1 번출구 앞,7,4673
가좌역1 번출구 앞,8,4488
가좌역1 번출구 앞,9,5252
가좌역1 번출구 앞,10,5507
가좌역1 번출구 앞,11,4629
가좌역1 번출구 앞,12,3213
가좌행복주택 앞,1,1590
가좌행복주택 앞,2,1966
가좌행복주택 앞,3,3292
가좌행복주택 앞,4,3998
가좌행복주택 앞,5,4520
가좌행복주택 앞,6,4555
가좌행복주택 앞,7,3845
가좌행복주택 앞,8,3826
가좌행복주택 앞,9,4445
가좌행복주택 앞,10,4517
가좌행복주택 앞,11,3639
가좌행복주택 앞,12,2312
갈산문화예술센터,1,1835
갈산문화예술센터,2,2022
갈산문화예술센터,3,3185
갈산문화예술센터,4,4156
갈산문화예술센터,5,4690
갈산문화예술센터,6,5177
갈산문화예술센터,7,5052
갈산문화예술센터,8,5171
갈산문화예술센터,9,6423
갈산문화예술센터,10,6478
갈산문화예술센터,11,5435
갈산문화예술센터,12,3484
갈현1동 주민센터,1,435
갈현1동 주민센터,2,477
갈현1동 주민센터,3,762
갈현1동 주민센터,4,1161
갈현1동 주민센터,5,1472
갈현1동 주민센터,6,1773
갈현1동 주민센터,7,1820
갈현1동 주민센터,8,1688
갈현1동 주민센터,9,1839
갈현1동 주민센터,10,1686
갈현1동 주민센터,11,1344
갈현1동 주민센터,12,699
감정평가사회관앞,10,85
감정평가사회관앞,11,107
감정평가사회관앞,12,62
갑을그레이트밸리 앞,1,1298
갑을그레이트밸리 앞,2,1440
갑을그레이트밸리 앞,3,2261
갑을그레이트밸리 앞,4,3000
갑을그레이트밸리 앞,5,3428
갑을그레이트밸리 앞,6,3722
갑을그레이트밸리 앞,7,3413
갑을그레이트밸리 앞,8,2993
갑을그레이트밸리 앞,9,3529
갑을그레이트밸리 앞,10,3632
갑을그레이트밸리 앞,11,2801
갑을그레이트밸리 앞,12,1610
강남 을지병원 교차로,1,509
강남 을지병원 교차로,2,629
강남 을지병원 교차로,3,1115
강남 을지병원 교차로,4,1295
강남 을지병원 교차로,5,1383
강남 을지병원 교차로,6,1369
강남 을지병원 교차로,7,1130
강남 을지병원 교차로,8,1119
강남 을지병원 교차로,9,1398
강남 을지병원 교차로,10,1347
강남 을지병원 교차로,11,1139
강남 을지병원 교차로,12,634
강남경찰서,1,993
강남경찰서,2,1324
강남경찰서,3,1963
강남경찰서,4,3352
강남경찰서,5,3681
강남경찰서,6,3874
강남경찰서,7,3248
강남경찰서,8,2770
강남경찰서,9,4258
강남경찰서,10,4560
강남경찰서,11,3543
강남경찰서,12,1899
강남구 도시관리공단,1,589
강남구 도시관리공단,2,828
강남구 도시관리공단,3,1373
강남구 도시관리공단,4,2090
강남구 도시관리공단,5,2060
강남구 도시관리공단,6,1941
강남구 도시관리공단,7,1974
강남구 도시관리공단,8,1855
강남구 도시관리공단,9,2049
강남구 도시관리공단,10,1990
강남구 도시관리공단,11,1812
강남구 도시관리공단,12,883
강남구청,1,562
강남구청,2,658
강남구청,3,1390
강남구청,4,2318
강남구청,5,2428
강남구청,6,2259
강남구청,7,1854
강남구청,8,1880
강남구청,9,2209
강남구청,10,2099
강남구청,11,1688
강남구청,12,698
강남구청역 2번출구 뒤,1,887
강남구청역 2번출구 뒤,2,957
강남구청역 2번출구 뒤,3,1841
강남구청역 2번출구 뒤,4,2929
강남구청역 2번출구 뒤,5,2897
강남구청역 2번출구 뒤,6,2411
강남구청역 2번출구 뒤,7,2037
강남구청역 2번출구 뒤,8,2372
강남구청역 2번출구 뒤,9,2442
강남구청역 2번출구 뒤,10,2651
강남구청역 2번출구 뒤,11,2373
강남구청역 2번출구 뒤,12,1065
강남세브란스교차로  래미안그레이튼 104동 앞,1,685
강남세브란스교차로  래미안그레이튼 104동 앞,2,691
강남세브란스교차로  래미안그레이튼 104동 앞,3,1038
강남세브란스교차로  래미안그레이튼 104동 앞,4,1702
강남세브란스교차로  래미안그레이튼 104동 앞,5,1716
강남세브란스교차로  래미안그레이튼 104동 앞,6,1611
강남세브란스교차로  래미안그레이튼 104동 앞,7,1439
강남세브란스교차로  래미안그레이튼 104동 앞,8,1450
강남세브란스교차로  래미안그레이튼 104동 앞,9,1702
강남세브란스교차로  래미안그레이튼 104동 앞,10,1629
강남세브란스교차로  래미안그레이튼 104동 앞,11,1507
강남세브란스교차로  래미안그레이튼 104동 앞,12,832
강남순회정비,10,1
강남자곡힐스테이트,1,821
강남자곡힐스테이트,2,792
강남자곡힐스테이트,3,1569
강남자곡힐스테이트,4,2244
강남자곡힐스테이트,5,2850
강남자곡힐스테이트,6,2920
강남자곡힐스테이트,7,2554
강남자곡힐스테이트,8,2301
강남자곡힐스테이트,9,2539
강남자곡힐스테이트,10,2874
강남자곡힐스테이트,11,2352
강남자곡힐스테이트,12,1212
강남중학교 앞,1,1749
강남중학교 앞,2,1961
강남중학교 앞,3,3307
강남중학교 앞,4,3941
강남중학교 앞,5,4685
강남중학교 앞,6,5089
강남중학교 앞,7,4501
강남중학교 앞,8,4627
강남중학교 앞,9,5154
강남중학교 앞,10,5473
강남중학교 앞,11,4331
강남중학교 앞,12,2635
강남파이낸스센터앞(역삼역2번출구),1,843
강남파이낸스센터앞(역삼역2번출구),2,858
강남파이낸스센터앞(역삼역2번출구),3,1507
강남파이낸스센터앞(역삼역2번출구),4,2341
강남파이낸스센터앞(역삼역2번출구),5,2067
강남파이낸스센터앞(역삼역2번출구),6,2388
강남파이낸스센터앞(역삼역2번출구),7,1909
강남파이낸스센터앞(역삼역2번출구),8,1751
강남파이낸스센터앞(역삼역2번출구),9,2046
강남파이낸스센터앞(역삼역2번출구),10,2650
강남파이낸스센터앞(역삼역2번출구),11,2353
강남파이낸스센터앞(역삼역2번출구),12,1196
강남한신휴플러스 6단지,1,846
강남한신휴플러스 6단지,2,876
강남한신휴플러스 6단지,3,1559
강남한신휴플러스 6단지,4,2017
강남한신휴플러스 6단지,5,2267
강남한신휴플러스 6단지,6,2282
강남한신휴플러스 6단지,7,1863
강남한신휴플러스 6단지,8,1763
강남한신휴플러스 6단지,9,2161
강남한신휴플러스 6단지,10,2343
강남한신휴플러스 6단지,11,2028
강남한신휴플러스 6단지,12,1281
강남한양수자인아파트,1,1128
강남한양수자인아파트,2,1289
강남한양수자인아파트,3,2130
강남한양수자인아파트,4,2787
강남한양수자인아파트,5,3009
강남한양수자인아파트,6,3141
강남한양수자인아파트,7,2724
강남한양수자인아파트,8,2672
강남한양수자인아파트,9,3222
강남한양수자인아파트,10,3347
강남한양수자인아파트,11,2687
강남한양수자인아파트,12,1701
강동 한신휴플러스,1,1400
강동 한신휴플러스,2,1806
강동 한신휴플러스,3,3494
강동 한신휴플러스,4,3885
강동 한신휴플러스,5,3306
강동 한신휴플러스,6,3398
강동 한신휴플러스,7,3329
강동 한신휴플러스,8,2743
강동 한신휴플러스,9,3632
강동 한신휴플러스,10,3545
강동 한신휴플러스,11,3131
강동 한신휴플러스,12,1708
강동경찰서,1,6380
강동경찰서,2,6700
강동경찰서,3,8203
강동경찰서,4,10374
강동경찰서,5,12835
강동경찰서,6,14561
강동경찰서,7,13686
강동경찰서,8,13481
강동경찰서,9,15207
강동경찰서,10,15167
강동경찰서,11,12934
강동경찰서,12,8624
강동경희대학교병원 입구,1,386
강동경희대학교병원 입구,2,556
강동경희대학교병원 입구,3,923
강동경희대학교병원 입구,4,856
강동경희대학교병원 입구,5,1021
강동경희대학교병원 입구,6,1106
강동경희대학교병원 입구,7,966
강동경희대학교병원 입구,8,951
강동경희대학교병원 입구,9,1064
강동경희대학교병원 입구,10,1291
강동경희대학교병원 입구,11,926
강동경희대학교병원 입구,12,562
강동구 자원순환센터,12,28
강동구음식물재활용센터,1,18
강동구음식물재활용센터,2,19
강동구음식물재활용센터,3,51
강동구음식물재활용센터,4,68
강동구음식물재활용센터,5,198
강동구음식물재활용센터,6,251
강동구음식물재활용센터,7,168
강동구음식물재활용센터,8,147
강동구음식물재활용센터,9,196
강동구음식물재활용센터,10,112
강동구음식물재활용센터,11,108
강동구음식물재활용센터,12,49
강동구청 앞,1,4995
강동구청 앞,2,5638
강동구청 앞,3,9667
강동구청 앞,4,11893
강동구청 앞,5,13050
강동구청 앞,6,13396
강동구청 앞,7,11657
강동구청 앞,8,11544
강동구청 앞,9,12969
강동구청 앞,10,12868
강동구청 앞,11,10981
강동구청 앞,12,7264
강동구청역 1번 출입구,1,3718
강동구청역 1번 출입구,2,3975
강동구청역 1번 출입구,3,6280
강동구청역 1번 출입구,4,7985
강동구청역 1번 출입구,5,9191
강동구청역 1번 출입구,6,9581
강동구청역 1번 출입구,7,8480
강동구청역 1번 출입구,8,8014
강동구청역 1번 출입구,9,9118
강동구청역 1번 출입구,10,9488
강동구청역 1번 출입구,11,8265
강동구청역 1번 출입구,12,5203
강동구평생학습관앞,1,334
강동구평생학습관앞,2,398
강동구평생학습관앞,3,712
강동구평생학습관앞,4,1021
강동구평생학습관앞,5,965
강동구평생학습관앞,6,1030
강동구평생학습관앞,7,1011
강동구평생학습관앞,8,779
강동구평생학습관앞,9,1036
강동구평생학습관앞,10,1213
강동구평생학습관앞,11,635
강동구평생학습관앞,12,156
강동농협 버스정류소 앞(광채빌라),1,922
강동농협 버스정류소 앞(광채빌라),2,940
강동농협 버스정류소 앞(광채빌라),3,1584
강동농협 버스정류소 앞(광채빌라),4,2085
강동농협 버스정류소 앞(광채빌라),5,2171
강동농협 버스정류소 앞(광채빌라),6,2308
강동농협 버스정류소 앞(광채빌라),7,1916
강동농협 버스정류소 앞(광채빌라),8,1900
강동농협 버스정류소 앞(광채빌라),9,2062
강동농협 버스정류소 앞(광채빌라),10,3032
강동농협 버스정류소 앞(광채빌라),11,2637
강동농협 버스정류소 앞(광채빌라),12,1263
강동롯데캐슬퍼스트 아파트(관리동),1,968
강동롯데캐슬퍼스트 아파트(관리동),2,1003
강동롯데캐슬퍼스트 아파트(관리동),3,1679
강동롯데캐슬퍼스트 아파트(관리동),4,2219
강동롯데캐슬퍼스트 아파트(관리동),5,2358
강동롯데캐슬퍼스트 아파트(관리동),6,2897
강동롯데캐슬퍼스트 아파트(관리동),7,2435
강동롯데캐슬퍼스트 아파트(관리동),8,2344
강동롯데캐슬퍼스트 아파트(관리동),9,2766
강동롯데캐슬퍼스트 아파트(관리동),10,2525
강동롯데캐슬퍼스트 아파트(관리동),11,2129
강동롯데캐슬퍼스트 아파트(관리동),12,1237
강동리버스트4단지아파트 404동 앞,1,592
강동리버스트4단지아파트 404동 앞,2,890
강동리버스트4단지아파트 404동 앞,3,1645
강동리버스트4단지아파트 404동 앞,4,2002
강동리버스트4단지아파트 404동 앞,5,2141
강동리버스트4단지아파트 404동 앞,6,1945
강동리버스트4단지아파트 404동 앞,7,1693
강동리버스트4단지아파트 404동 앞,8,1438
강동리버스트4단지아파트 404동 앞,9,1692
강동리버스트4단지아파트 404동 앞,10,1705
강동리버스트4단지아파트 404동 앞,11,1327
강동리버스트4단지아파트 404동 앞,12,868
강동리버스트4단지아파트 405동 앞,1,475
강동리버스트4단지아파트 405동 앞,2,788
강동리버스트4단지아파트 405동 앞,3,1339
강동리버스트4단지아파트 405동 앞,4,1792
강동리버스트4단지아파트 405동 앞,5,1727
강동리버스트4단지아파트 405동 앞,6,1626
강동리버스트4단지아파트 405동 앞,7,1168
강동리버스트4단지아파트 405동 앞,8,1205
강동리버스트4단지아파트 405동 앞,9,1528
강동리버스트4단지아파트 405동 앞,10,1549
강동리버스트4단지아파트 405동 앞,11,1024
강동리버스트4단지아파트 405동 앞,12,651
강동리버스트6단지,1,612
강동리버스트6단지,2,723
강동리버스트6단지,3,1136
강동리버스트6단지,4,1487
강동리버스트6단지,5,1707
강동리버스트6단지,6,1882
강동리버스트6단지,7,1575
강동리버스트6단지,8,1625
강동리버스트6단지,9,1900
강동리버스트6단지,10,1804
강동리버스트6단지,11,1443
강동리버스트6단지,12,988
강동리버스트7단지,1,447
강동리버스트7단지,2,549
강동리버스트7단지,3,972
강동리버스트7단지,4,1304
강동리버스트7단지,5,1646
강동리버스트7단지,6,1848
강동리버스트7단지,7,1455
강동리버스트7단지,8,1288
강동리버스트7단지,9,1577
강동리버스트7단지,10,1676
강동리버스트7단지,11,1315
강동리버스트7단지,12,688
강동리버스트8단지,1,580
강동리버스트8단지,2,649
강동리버스트8단지,3,1219
강동리버스트8단지,4,1865
강동리버스트8단지,5,2356
강동리버스트8단지,6,2572
강동리버스트8단지,7,1992
강동리버스트8단지,8,2008
강동리버스트8단지,9,2258
강동리버스트8단지,10,2530
강동리버스트8단지,11,1962
강동리버스트8단지,12,941
강동리엔파크 13단지(1303동 앞),1,831
강동리엔파크 13단지(1303동 앞),2,889
강동리엔파크 13단지(1303동 앞),3,1445
강동리엔파크 13단지(1303동 앞),4,2180
강동리엔파크 13단지(1303동 앞),5,2623
강동리엔파크 13단지(1303동 앞),6,2485
강동리엔파크 13단지(1303동 앞),7,2170
강동리엔파크 13단지(1303동 앞),8,2226
강동리엔파크 13단지(1303동 앞),9,2275
강동리엔파크 13단지(1303동 앞),10,2383
강동리엔파크 13단지(1303동 앞),11,1947
강동리엔파크 13단지(1303동 앞),12,1279
강동리엔파크14단지(1401동 앞),1,906
강동리엔파크14단지(1401동 앞),2,969
강동리엔파크14단지(1401동 앞),3,1593
강동리엔파크14단지(1401동 앞),4,2491
강동리엔파크14단지(1401동 앞),5,3082
강동리엔파크14단지(1401동 앞),6,3205
강동리엔파크14단지(1401동 앞),7,2882
강동리엔파크14단지(1401동 앞),8,2610
강동리엔파크14단지(1401동 앞),9,3069
강동리엔파크14단지(1401동 앞),10,3390
강동리엔파크14단지(1401동 앞),11,2800
강동리엔파크14단지(1401동 앞),12,1451
강동리엔파크9단지,1,668
강동리엔파크9단지,2,739
강동리엔파크9단지,3,1391
강동리엔파크9단지,4,2208
강동리엔파크9단지,5,2840
강동리엔파크9단지,6,2970
강동리엔파크9단지,7,2404
강동리엔파크9단지,8,2213
강동리엔파크9단지,9,2704
강동리엔파크9단지,10,2528
강동리엔파크9단지,11,2034
강동리엔파크9단지,12,1190
강동세무서,1,4270
강동세무서,2,4819
강동세무서,3,8195
강동세무서,4,11183
강동세무서,5,12984
강동세무서,6,13204
강동세무서,7,11635
강동세무서,8,10735
강동세무서,9,12333
강동세무서,10,12385
강동세무서,11,9751
강동세무서,12,5823
강동역 1번출구 앞,1,2602
강동역 1번출구 앞,2,2941
강동역 1번출구 앞,3,5429
강동역 1번출구 앞,4,7597
강동역 1번출구 앞,5,8423
강동역 1번출구 앞,6,8863
강동역 1번출구 앞,7,8288
강동역 1번출구 앞,8,8833
강동역 1번출구 앞,9,9884
강동역 1번출구 앞,10,9243
강동역 1번출구 앞,11,7357
강동역 1번출구 앞,12,4433
강동역3번출구,1,4056
강동역3번출구,2,4532
강동역3번출구,3,7264
강동역3번출구,4,9493
강동역3번출구,5,11027
강동역3번출구,6,12339
강동역3번출구,7,10241
강동역3번출구,8,8083
강동역3번출구,9,10524
강동역3번출구,10,12246
강동역3번출구,11,10516
강동역3번출구,12,6290
강변그대가리버뷰 입구 맞은편,1,911
강변그대가리버뷰 입구 맞은편,2,1171
강변그대가리버뷰 입구 맞은편,3,2794
강변그대가리버뷰 입구 맞은편,4,4113
강변그대가리버뷰 입구 맞은편,5,4690
강변그대가리버뷰 입구 맞은편,6,4610
강변그대가리버뷰 입구 맞은편,7,3695
강변그대가리버뷰 입구 맞은편,8,4359
강변그대가리버뷰 입구 맞은편,9,5456
강변그대가리버뷰 입구 맞은편,10,5445
강변그대가리버뷰 입구 맞은편,11,3312
강변그대가리버뷰 입구 맞은편,12,1474
강변삼성래미안,1,2169
강변삼성래미안,2,2179
강변삼성래미안,3,3531
강변삼성래미안,4,4809
강변삼성래미안,5,5240
강변삼성래미안,6,5576
강변삼성래미안,7,5233
강변삼성래미안,8,5299
강변삼성래미안,9,6102
강변삼성래미안,10,6260
강변삼성래미안,11,5241
강변삼성래미안,12,3221
강변삼성스위트아파트 앞,1,794
강변삼성스위트아파트 앞,2,795
강변삼성스위트아파트 앞,3,1278
강변삼성스위트아파트 앞,4,1577
강변삼성스위트아파트 앞,5,1659
강변삼성스위트아파트 앞,6,1597
강변삼성스위트아파트 앞,7,1549
강변삼성스위트아파트 앞,8,1527
강변삼성스위트아파트 앞,9,1758
강변삼성스위트아파트 앞,10,1682
강변삼성스위트아파트 앞,11,1330
강변삼성스위트아파트 앞,12,893
강변아파트 310동 앞,1,1334
강변아파트 310동 앞,2,1494
강변아파트 310동 앞,3,2832
강변아파트 310동 앞,4,4318
강변아파트 310동 앞,5,5153
강변아파트 310동 앞,6,5954
강변아파트 310동 앞,7,4827
강변아파트 310동 앞,8,4955
강변아파트 310동 앞,9,6615
강변아파트 310동 앞,10,5976
강변아파트 310동 앞,11,3603
강변아파트 310동 앞,12,1902
강변역 4번출구 뒤,1,2237
강변역 4번출구 뒤,2,2693
강변역 4번출구 뒤,3,5500
강변역 4번출구 뒤,4,7734
강변역 4번출구 뒤,5,8427
강변역 4번출구 뒤,6,7963
강변역 4번출구 뒤,7,6498
강변역 4번출구 뒤,8,5912
강변역 4번출구 뒤,9,8186
강변역 4번출구 뒤,10,7942
강변역 4번출구 뒤,11,5459
강변역 4번출구 뒤,12,3033
강북 청소년 문화정보도서관 앞,1,373
강북 청소년 문화정보도서관 앞,2,415
강북 청소년 문화정보도서관 앞,3,609
강북 청소년 문화정보도서관 앞,4,763
강북 청소년 문화정보도서관 앞,5,918
강북 청소년 문화정보도서관 앞,6,998
강북 청소년 문화정보도서관 앞,7,1017
강북 청소년 문화정보도서관 앞,8,1008
강북 청소년 문화정보도서관 앞,9,1025
강북 청소년 문화정보도서관 앞,10,1012
강북 청소년 문화정보도서관 앞,11,817
강북 청소년 문화정보도서관 앞,12,535
강북구청 뒷편,1,561
강북구청 뒷편,2,651
강북구청 뒷편,3,1117
강북구청 뒷편,4,1237
강북구청 뒷편,5,1379
강북구청 뒷편,6,1445
강북구청 뒷편,7,1331
강북구청 뒷편,8,1167
강북구청 뒷편,9,1340
강북구청 뒷편,10,1446
강북구청 뒷편,11,1234
강북구청 뒷편,12,671
강북구청 사거리 버스정류소 앞,1,1973
강북구청 사거리 버스정류소 앞,2,2314
강북구청 사거리 버스정류소 앞,3,3860
강북구청 사거리 버스정류소 앞,4,4795
강북구청 사거리 버스정류소 앞,5,5277
강북구청 사거리 버스정류소 앞,6,5465
강북구청 사거리 버스정류소 앞,7,4944
강북구청 사거리 버스정류소 앞,8,4314
강북구청 사거리 버스정류소 앞,9,5121
강북구청 사거리 버스정류소 앞,10,5016
강북구청 사거리 버스정류소 앞,11,3834
강북구청 사거리 버스정류소 앞,12,2419
강북구청사거리,1,1951
강북구청사거리,2,2294
강북구청사거리,3,3805
강북구청사거리,4,5280
강북구청사거리,5,5913
강북구청사거리,6,6074
강북구청사거리,7,5402
강북구청사거리,8,5216
강북구청사거리,9,6207
강북구청사거리,10,6279
강북구청사거리,11,4810
강북구청사거리,12,2932
강북구청사거리(수유역 8번출구),1,3843
강북구청사거리(수유역 8번출구),2,4172
강북구청사거리(수유역 8번출구),3,7007
강북구청사거리(수유역 8번출구),4,9278
강북구청사거리(수유역 8번출구),5,10492
강북구청사거리(수유역 8번출구),6,10424
강북구청사거리(수유역 8번출구),7,9514
강북구청사거리(수유역 8번출구),8,8534
강북구청사거리(수유역 8번출구),9,10250
강북구청사거리(수유역 8번출구),10,10518
강북구청사거리(수유역 8번출구),11,8165
강북구청사거리(수유역 8번출구),12,4964
강북문화예술회관,1,2187
강북문화예술회관,2,2361
강북문화예술회관,3,3707
강북문화예술회관,4,4639
강북문화예술회관,5,5140
강북문화예술회관,6,5263
강북문화예술회관,7,4870
강북문화예술회관,8,4527
강북문화예술회관,9,4837
강북문화예술회관,10,4808
강북문화예술회관,11,4142
강북문화예술회관,12,2579
강북문화정보도서관,1,473
강북문화정보도서관,2,570
강북문화정보도서관,3,788
강북문화정보도서관,4,1028
강북문화정보도서관,5,1216
강북문화정보도서관,6,1214
강북문화정보도서관,7,1183
강북문화정보도서관,8,1156
강북문화정보도서관,9,1262
강북문화정보도서관,10,1152
강북문화정보도서관,11,1073
강북문화정보도서관,12,647
강북종합시장 앞,1,1426
강북종합시장 앞,2,1537
강북종합시장 앞,3,2512
강북종합시장 앞,4,2901
강북종합시장 앞,5,3379
강북종합시장 앞,6,3570
강북종합시장 앞,7,3324
강북종합시장 앞,8,3103
강북종합시장 앞,9,3466
강북종합시장 앞,10,3521
강북종합시장 앞,11,2943
강북종합시장 앞,12,1927
강북중학교 앞,1,2435
강북중학교 앞,2,2955
강북중학교 앞,3,5188
강북중학교 앞,4,7561
강북중학교 앞,5,8364
강북중학교 앞,6,8358
강북중학교 앞,7,7721
강북중학교 앞,8,7814
강북중학교 앞,9,9529
강북중학교 앞,10,8460
강북중학교 앞,11,5975
강북중학교 앞,12,3102
강서공업고등학교 앞,1,1850
강서공업고등학교 앞,2,2086
강서공업고등학교 앞,3,3269
강서공업고등학교 앞,4,4475
강서공업고등학교 앞,5,5219
강서공업고등학교 앞,6,5773
강서공업고등학교 앞,7,5652
강서공업고등학교 앞,8,5268
강서공업고등학교 앞,9,5922
강서공업고등학교 앞,10,5842
강서공업고등학교 앞,11,4412
강서공업고등학교 앞,12,2693
강서구립등빛도서관,1,7205
강서구립등빛도서관,2,7574
강서구립등빛도서관,3,12070
강서구립등빛도서관,4,14852
강서구립등빛도서관,5,16947
강서구립등빛도서관,6,18850
강서구립등빛도서관,7,17838
강서구립등빛도서관,8,17402
강서구립등빛도서관,9,18499
강서구립등빛도서관,10,19069
강서구립등빛도서관,11,15764
강서구립등빛도서관,12,9759
강서구민올림픽체육센터,1,3326
강서구민올림픽체육센터,2,3441
강서구민올림픽체육센터,3,5532
강서구민올림픽체육센터,4,6877
강서구민올림픽체육센터,5,7581
강서구민올림픽체육센터,6,8499
강서구민올림픽체육센터,7,8116
강서구민올림픽체육센터,8,7726
강서구민올림픽체육센터,9,8289
강서구민올림픽체육센터,10,8371
강서구민올림픽체육센터,11,7244
강서구민올림픽체육센터,12,5164
강서구보건소,1,1874
강서구보건소,2,2134
강서구보건소,3,3265
강서구보건소,4,4231
강서구보건소,5,4541
강서구보건소,6,4523
강서구보건소,7,3917
강서구보건소,8,3629
강서구보건소,9,3987
강서구보건소,10,4339
강서구보건소,11,3360
강서구보건소,12,2073
강서구의회,1,3363
강서구의회,2,3754
강서구의회,3,6150
강서구의회,4,8093
강서구의회,5,9248
강서구의회,6,9905
강서구의회,7,8730
강서구의회,8,8305
강서구의회,9,9548
강서구의회,10,9548
강서구의회,11,7586
강서구의회,12,4373
강서구청,1,4745
강서구청,2,5096
강서구청,3,8497
강서구청,4,10901
강서구청,5,13401
강서구청,6,13740
강서구청,7,12258
강서구청,8,10973
강서구청,9,13253
강서구청,10,13925
강서구청,11,11630
강서구청,12,7489
강서구청사거리(SH타워),1,4952
강서구청사거리(SH타워),2,5350
강서구청사거리(SH타워),3,8717
강서구청사거리(SH타워),4,11955
강서구청사거리(SH타워),5,14137
강서구청사거리(SH타워),6,14600
강서구청사거리(SH타워),7,13034
강서구청사거리(SH타워),8,12768
강서구청사거리(SH타워),9,14492
강서구청사거리(SH타워),10,14493
강서구청사거리(SH타워),11,10773
강서구청사거리(SH타워),12,6660
강서구청사거리(부민병원),1,2483
강서구청사거리(부민병원),2,2582
강서구청사거리(부민병원),3,4027
강서구청사거리(부민병원),4,5307
강서구청사거리(부민병원),5,6137
강서구청사거리(부민병원),6,6425
강서구청사거리(부민병원),7,5829
강서구청사거리(부민병원),8,5184
강서구청사거리(부민병원),9,6188
강서구청사거리(부민병원),10,6578
강서구청사거리(부민병원),11,5365
강서구청사거리(부민병원),12,3650
강서대학교,1,824
강서대학교,2,908
강서대학교,3,1612
강서대학교,4,2038
강서대학교,5,2528
강서대학교,6,2468
강서대학교,7,1923
강서대학교,8,1720
강서대학교,9,2516
강서대학교,10,2537
강서대학교,11,2312
강서대학교,12,1299
강서도로사업소,1,389
강서도로사업소,2,348
강서도로사업소,3,459
강서도로사업소,4,518
강서도로사업소,5,545
강서도로사업소,6,616
강서도로사업소,7,474
강서도로사업소,8,517
강서도로사업소,9,705
강서도로사업소,10,838
강서도로사업소,11,755
강서도로사업소,12,691
강서면허시험장 앞,1,789
강서면허시험장 앞,2,774
강서면허시험장 앞,3,1108
강서면허시험장 앞,4,1611
강서면허시험장 앞,5,1659
강서면허시험장 앞,6,1638
강서면허시험장 앞,7,1538
강서면허시험장 앞,8,1446
강서면허시험장 앞,9,1793
강서면허시험장 앞,10,1900
강서면허시험장 앞,11,1652
강서면허시험장 앞,12,1211
강서문화센터,1,413
강서문화센터,2,465
강서문화센터,3,718
강서문화센터,4,896
강서문화센터,5,1173
강서문화센터,6,1123
강서문화센터,7,936
강서문화센터,8,983
강서문화센터,9,1279
강서문화센터,10,1208
강서문화센터,11,950
강서문화센터,12,549
강서세무서 앞,1,5183
강서세무서 앞,2,5160
강서세무서 앞,3,7960
강서세무서 앞,4,9642
강서세무서 앞,5,11400
강서세무서 앞,6,12281
강서세무서 앞,7,12246
강서세무서 앞,8,11972
강서세무서 앞,9,11989
강서세무서 앞,10,12733
강서세무서 앞,11,11370
강서세무서 앞,12,7734
강서수도사업소민원센터,1,2901
강서수도사업소민원센터,2,3149
강서수도사업소민원센터,3,4686
강서수도사업소민원센터,4,6070
강서수도사업소민원센터,5,7351
강서수도사업소민원센터,6,7484
강서수도사업소민원센터,7,6446
강서수도사업소민원센터,8,6417
강서수도사업소민원센터,9,7060
강서수도사업소민원센터,10,8082
강서수도사업소민원센터,11,6588
강서수도사업소민원센터,12,4104
강서수산물도매시장,1,2217
강서수산물도매시장,2,2113
강서수산물도매시장,3,2882
강서수산물도매시장,4,3271
강서수산물도매시장,5,3367
강서수산물도매시장,6,3599
강서수산물도매시장,7,3346
강서수산물도매시장,8,3168
강서수산물도매시장,9,4097
강서수산물도매시장,10,4530
강서수산물도매시장,11,4173
강서수산물도매시장,12,3146
강서아동복지센터,1,171
강서아동복지센터,2,192
강서아동복지센터,3,327
강서아동복지센터,4,363
강서아동복지센터,5,355
강서아동복지센터,6,372
강서아동복지센터,7,379
강서아동복지센터,8,286
강서아동복지센터,9,353
강서아동복지센터,10,490
강서아동복지센터,11,359
강서아동복지센터,12,200
강서우체국,1,1643
강서우체국,2,1803
강서우체국,3,2657
강서우체국,4,3198
강서우체국,5,3758
강서우체국,6,4043
강서우체국,7,3592
강서우체국,8,4090
강서우체국,9,4488
강서우체국,10,4807
강서우체국,11,4020
강서우체국,12,2603
강서초등학교,1,875
강서초등학교,2,1007
강서초등학교,3,1824
강서초등학교,4,2598
강서초등학교,5,2512
강서초등학교,6,2575
강서초등학교,7,2179
강서초등학교,8,2034
강서초등학교,9,2305
강서초등학교,10,2337
강서초등학교,11,1788
강서초등학교,12,1084
강서한강자이타워 앞,1,4760
강서한강자이타워 앞,2,5182
강서한강자이타워 앞,3,8881
강서한강자이타워 앞,4,11220
강서한강자이타워 앞,5,13145
강서한강자이타워 앞,6,13832
강서한강자이타워 앞,7,12390
강서한강자이타워 앞,8,12641
강서한강자이타워 앞,9,14789
강서한강자이타워 앞,10,15464
강서한강자이타워 앞,11,11860
강서한강자이타워 앞,12,7126
강서힐스테이트 상가 앞,1,1321
강서힐스테이트 상가 앞,2,1490
강서힐스테이트 상가 앞,3,2474
강서힐스테이트 상가 앞,4,3506
강서힐스테이트 상가 앞,5,4049
강서힐스테이트 상가 앞,6,4142
강서힐스테이트 상가 앞,7,3532
강서힐스테이트 상가 앞,8,3533
강서힐스테이트 상가 앞,9,3774
강서힐스테이트 상가 앞,10,4121
강서힐스테이트 상가 앞,11,3204
강서힐스테이트 상가 앞,12,1726
강월초교입구 사거리,1,1184
강월초교입구 사거리,2,1305
강월초교입구 사거리,3,2123
강월초교입구 사거리,4,2970
강월초교입구 사거리,5,3379
강월초교입구 사거리,6,3708
강월초교입구 사거리,7,3236
강월초교입구 사거리,8,2925
강월초교입구 사거리,9,3433
강월초교입구 사거리,10,3580
강월초교입구 사거리,11,2170
강월초교입구 사거리,12,1538
강일 다솜 어린이 공원,1,377
강일 다솜 어린이 공원,2,441
강일 다솜 어린이 공원,3,804
강일 다솜 어린이 공원,4,1138
강일 다솜 어린이 공원,5,1397
강일 다솜 어린이 공원,6,1471
강일 다솜 어린이 공원,7,1183
강일 다솜 어린이 공원,8,1118
강일 다솜 어린이 공원,9,1266
강일 다솜 어린이 공원,10,1261
강일 다솜 어린이 공원,11,939
강일 다솜 어린이 공원,12,496
강일동 리슈빌 빌딩앞,1,2160
강일동 리슈빌 빌딩앞,2,2427
강일동 리슈빌 빌딩앞,3,4074
강일동 리슈빌 빌딩앞,4,5764
강일동 리슈빌 빌딩앞,5,6330
강일동 리슈빌 빌딩앞,6,6784
강일동 리슈빌 빌딩앞,7,6323
강일동 리슈빌 빌딩앞,8,5757
강일동 리슈빌 빌딩앞,9,6730
강일동 리슈빌 빌딩앞,10,6720
강일동 리슈빌 빌딩앞,11,5041
강일동 리슈빌 빌딩앞,12,3058
강일동입구교차로,1,545
강일동입구교차로,2,658
강일동입구교차로,3,1194
강일동입구교차로,4,1616
강일동입구교차로,5,2114
강일동입구교차로,6,2574
강일동입구교차로,7,2257
강일동입구교차로,8,2012
강일동입구교차로,9,2419
강일동입구교차로,10,2232
강일동입구교차로,11,1703
강일동입구교차로,12,971
강일리버파크 10단지,1,784
강일리버파크 10단지,2,971
강일리버파크 10단지,3,1759
강일리버파크 10단지,4,2374
강일리버파크 10단지,5,2632
강일리버파크 10단지,6,2919
강일리버파크 10단지,7,2456
강일리버파크 10단지,8,2139
강일리버파크 10단지,9,2592
강일리버파크 10단지,10,2709
강일리버파크 10단지,11,1830
강일리버파크 10단지,12,1096
강일리버파크 2~5단지,1,931
강일리버파크 2~5단지,2,1160
강일리버파크 2~5단지,3,2002
강일리버파크 2~5단지,4,2623
강일리버파크 2~5단지,5,2776
강일리버파크 2~5단지,6,2872
강일리버파크 2~5단지,7,2462
강일리버파크 2~5단지,8,2233
강일리버파크 2~5단지,9,2602
강일리버파크 2~5단지,10,2661
강일리버파크 2~5단지,11,2089
강일리버파크 2~5단지,12,1229
강일리버파크 6단지,1,436
강일리버파크 6단지,2,474
강일리버파크 6단지,3,801
강일리버파크 6단지,4,999
강일리버파크 6단지,5,1106
강일리버파크 6단지,6,1200
강일리버파크 6단지,7,897
강일리버파크 6단지,8,903
강일리버파크 6단지,9,1119
강일리버파크 6단지,10,1257
강일리버파크 6단지,11,864
강일리버파크 6단지,12,593
강일리버파크 7~11단지,1,510
강일리버파크 7~11단지,2,696
강일리버파크 7~11단지,3,1252
강일리버파크 7~11단지,4,1591
강일리버파크 7~11단지,5,1831
강일리버파크 7~11단지,6,1858
강일리버파크 7~11단지,7,1669
강일리버파크 7~11단지,8,1611
강일리버파크 7~11단지,9,1994
강일리버파크 7~11단지,10,2052
강일리버파크 7~11단지,11,1452
강일리버파크 7~11단지,12,790
강일역 3번출구,1,936
강일역 3번출구,2,1014
강일역 3번출구,3,1748
강일역 3번출구,4,2424
강일역 3번출구,5,3147
강일역 3번출구,6,3000
강일역 3번출구,7,2693
강일역 3번출구,8,2321
강일역 3번출구,9,2749
강일역 3번출구,10,2767
강일역 3번출구,11,2594
강일역 3번출구,12,1341
강일역 4번출구,1,408
강일역 4번출구,2,557
강일역 4번출구,3,879
강일역 4번출구,4,1329
강일역 4번출구,5,1663
강일역 4번출구,6,1721
강일역 4번출구,7,1512
강일역 4번출구,8,1198
강일역 4번출구,9,1313
강일역 4번출구,10,1612
강일역 4번출구,11,1374
강일역 4번출구,12,791
"강일중,선사고 버스정류장(신암중학교 방면)",1,1446
"강일중,선사고 버스정류장(신암중학교 방면)",2,1705
"강일중,선사고 버스정류장(신암중학교 방면)",3,3278
"강일중,선사고 버스정류장(신암중학교 방면)",4,4281
"강일중,선사고 버스정류장(신암중학교 방면)",5,4394
"강일중,선사고 버스정류장(신암중학교 방면)",6,4822
"강일중,선사고 버스정류장(신암중학교 방면)",7,4049
"강일중,선사고 버스정류장(신암중학교 방면)",8,3787
"강일중,선사고 버스정류장(신암중학교 방면)",9,4629
"강일중,선사고 버스정류장(신암중학교 방면)",10,4945
"강일중,선사고 버스정류장(신암중학교 방면)",11,3617
"강일중,선사고 버스정류장(신암중학교 방면)",12,1932
개롱역 3번 출구 뒤,1,1204
개롱역 3번 출구 뒤,2,1396
개롱역 3번 출구 뒤,3,2574
개롱역 3번 출구 뒤,4,3518
개롱역 3번 출구 뒤,5,3877
개롱역 3번 출구 뒤,6,3880
개롱역 3번 출구 뒤,7,3170
개롱역 3번 출구 뒤,8,3239
개롱역 3번 출구 뒤,9,4386
개롱역 3번 출구 뒤,10,4397
개롱역 3번 출구 뒤,11,3450
개롱역 3번 출구 뒤,12,1826
개롱역사거리 2번 출구,1,1178
개롱역사거리 2번 출구,2,1307
개롱역사거리 2번 출구,3,2551
개롱역사거리 2번 출구,4,3339
개롱역사거리 2번 출구,5,4063
개롱역사거리 2번 출구,6,4091
개롱역사거리 2번 출구,7,3187
개롱역사거리 2번 출구,8,3011
개롱역사거리 2번 출구,9,3444
개롱역사거리 2번 출구,10,3768
개롱역사거리 2번 출구,11,3130
개롱역사거리 2번 출구,12,1732
개봉센트레빌레우스아파트 앞,1,130
개봉센트레빌레우스아파트 앞,2,124
개봉센트레빌레우스아파트 앞,3,282
개봉센트레빌레우스아파트 앞,4,584
개봉센트레빌레우스아파트 앞,5,709
개봉센트레빌레우스아파트 앞,6,753
개봉센트레빌레우스아파트 앞,7,555
개봉센트레빌레우스아파트 앞,8,571
개봉센트레빌레우스아파트 앞,9,671
개봉센트레빌레우스아파트 앞,10,741
개봉센트레빌레우스아파트 앞,11,556
개봉센트레빌레우스아파트 앞,12,301
개봉아이파크아파트 앞,1,1514
개봉아이파크아파트 앞,2,1841
개봉아이파크아파트 앞,3,3534
개봉아이파크아파트 앞,4,4954
개봉아이파크아파트 앞,5,5531
개봉아이파크아파트 앞,6,5737
개봉아이파크아파트 앞,7,4601
개봉아이파크아파트 앞,8,4081
개봉아이파크아파트 앞,9,5436
개봉아이파크아파트 앞,10,5468
개봉아이파크아파트 앞,11,3727
개봉아이파크아파트 앞,12,2154
개봉역 1번 출구 자전거보관서쪽,1,1173
개봉역 1번 출구 자전거보관서쪽,2,1284
개봉역 1번 출구 자전거보관서쪽,3,2089
개봉역 1번 출구 자전거보관서쪽,4,2998
개봉역 1번 출구 자전거보관서쪽,5,3206
개봉역 1번 출구 자전거보관서쪽,6,3387
개봉역 1번 출구 자전거보관서쪽,7,2988
개봉역 1번 출구 자전거보관서쪽,8,2559
개봉역 1번 출구 자전거보관서쪽,9,3210
개봉역 1번 출구 자전거보관서쪽,10,3305
개봉역 1번 출구 자전거보관서쪽,11,2779
개봉역 1번 출구 자전거보관서쪽,12,1702
개봉역 신영지웰에스테이트,1,56
개봉역 신영지웰에스테이트,2,55
개봉역 신영지웰에스테이트,3,88
개봉역 신영지웰에스테이트,4,96
개봉역 신영지웰에스테이트,5,91
개봉역 신영지웰에스테이트,6,113
개봉역 신영지웰에스테이트,7,108
개봉역 신영지웰에스테이트,8,158
개봉역 신영지웰에스테이트,9,193
개봉역 신영지웰에스테이트,10,185
개봉역 신영지웰에스테이트,11,175
개봉역 신영지웰에스테이트,12,124
개봉역2번출구 A,1,1977
개봉역2번출구 A,2,2280
개봉역2번출구 A,3,4408
개봉역2번출구 A,4,5789
개봉역2번출구 A,5,6400
개봉역2번출구 A,6,7135
개봉역2번출구 A,7,5929
개봉역2번출구 A,8,5328
개봉역2번출구 A,9,6880
개봉역2번출구 A,10,7093
개봉역2번출구 A,11,5359
개봉역2번출구 A,12,3238
개봉역2번출구 B,1,371
개봉역2번출구 B,2,445
개봉역2번출구 B,3,745
개봉역2번출구 B,4,1129
개봉역2번출구 B,5,1318
개봉역2번출구 B,6,1446
개봉역2번출구 B,7,1198
개봉역2번출구 B,8,1220
개봉역2번출구 B,9,1394
개봉역2번출구 B,10,1470
개봉역2번출구 B,11,1145
개봉역2번출구 B,12,710
개봉지구대 개봉치안센터,1,1310
개봉지구대 개봉치안센터,2,1478
개봉지구대 개봉치안센터,3,2448
개봉지구대 개봉치안센터,4,3289
개봉지구대 개봉치안센터,5,3732
개봉지구대 개봉치안센터,6,3853
개봉지구대 개봉치안센터,7,3420
개봉지구대 개봉치안센터,8,3298
개봉지구대 개봉치안센터,9,4087
개봉지구대 개봉치안센터,10,4292
개봉지구대 개봉치안센터,11,3309
개봉지구대 개봉치안센터,12,2035
개봉푸르지오아파트 상가,1,2406
개봉푸르지오아파트 상가,2,2677
개봉푸르지오아파트 상가,3,4550
개봉푸르지오아파트 상가,4,6000
개봉푸르지오아파트 상가,5,7154
개봉푸르지오아파트 상가,6,7396
개봉푸르지오아파트 상가,7,6418
개봉푸르지오아파트 상가,8,6022
개봉푸르지오아파트 상가,9,7334
개봉푸르지오아파트 상가,10,7453
개봉푸르지오아파트 상가,11,5813
개봉푸르지오아파트 상가,12,3653
개포1단지아파트 입구 (보도육교),1,85
개포1단지아파트 입구 (보도육교),2,161
개포1단지아파트 입구 (보도육교),3,204
개포1단지아파트 입구 (보도육교),4,232
개포1단지아파트 입구 (보도육교),5,295
개포1단지아파트 입구 (보도육교),6,258
개포1단지아파트 입구 (보도육교),7,211
개포1단지아파트 입구 (보도육교),8,134
개포1단지아파트 입구 (보도육교),9,182
개포1단지아파트 입구 (보도육교),10,225
개포1단지아파트 입구 (보도육교),11,199
개포1단지아파트 입구 (보도육교),12,155
개포고등학교 정문앞,1,739
개포고등학교 정문앞,2,884
개포고등학교 정문앞,3,1514
개포고등학교 정문앞,4,2188
개포고등학교 정문앞,5,2442
개포고등학교 정문앞,6,2556
개포고등학교 정문앞,7,2218
개포고등학교 정문앞,8,2287
개포고등학교 정문앞,9,2485
개포고등학교 정문앞,10,2615
개포고등학교 정문앞,11,2054
개포고등학교 정문앞,12,1333
개포동역 4번출구,1,867
개포동역 4번출구,2,1215
개포동역 4번출구,3,2623
개포동역 4번출구,4,3813
개포동역 4번출구,5,4157
개포동역 4번출구,6,4006
개포동역 4번출구,7,3120
개포동역 4번출구,8,2993
개포동역 4번출구,9,3937
개포동역 4번출구,10,4025
개포동역 4번출구,11,2791
개포동역 4번출구,12,1496
개포동역 사거리,1,1219
개포동역 사거리,2,1606
개포동역 사거리,3,2379
개포동역 사거리,4,3294
개포동역 사거리,5,3331
개포동역 사거리,6,3302
개포동역 사거리,7,2748
개포동역 사거리,8,2592
개포동역 사거리,9,3351
개포동역 사거리,10,3528
개포동역 사거리,11,2429
개포동역 사거리,12,1486
개포래미안포레스트 126동 앞,4,3
개포래미안포레스트 126동 앞,5,215
개포래미안포레스트 126동 앞,6,234
개포래미안포레스트 126동 앞,7,223
개포래미안포레스트 126동 앞,8,219
개포래미안포레스트 126동 앞,9,210
개포래미안포레스트 126동 앞,10,326
개포래미안포레스트 126동 앞,11,307
개포래미안포레스트 126동 앞,12,147
개포래미안포레스트 130동 맞은편,1,122
개포래미안포레스트 130동 맞은편,2,132
개포래미안포레스트 130동 맞은편,3,223
개포래미안포레스트 130동 맞은편,4,303
개포래미안포레스트 130동 맞은편,5,516
개포래미안포레스트 130동 맞은편,6,596
개포래미안포레스트 130동 맞은편,7,562
개포래미안포레스트 130동 맞은편,8,518
개포래미안포레스트 130동 맞은편,9,590
개포래미안포레스트 130동 맞은편,10,695
개포래미안포레스트 130동 맞은편,11,550
개포래미안포레스트 130동 맞은편,12,319
개포래미안포레스트아파트 107동 앞,1,1232
개포래미안포레스트아파트 107동 앞,2,1376
개포래미안포레스트아파트 107동 앞,3,2192
개포래미안포레스트아파트 107동 앞,4,3226
개포래미안포레스트아파트 107동 앞,5,3064
개포래미안포레스트아파트 107동 앞,6,2913
개포래미안포레스트아파트 107동 앞,7,2634
개포래미안포레스트아파트 107동 앞,8,2574
개포래미안포레스트아파트 107동 앞,9,2879
개포래미안포레스트아파트 107동 앞,10,2931
개포래미안포레스트아파트 107동 앞,11,2491
개포래미안포레스트아파트 107동 앞,12,1674
개포우성6차아파트 정문 앞,1,578
개포우성6차아파트 정문 앞,2,572
개포우성6차아파트 정문 앞,3,972
개포우성6차아파트 정문 앞,4,1411
개포우성6차아파트 정문 앞,5,1473
개포우성6차아파트 정문 앞,6,1458
개포우성6차아파트 정문 앞,7,1263
개포우성6차아파트 정문 앞,8,1107
개포우성6차아파트 정문 앞,9,1354
개포우성6차아파트 정문 앞,10,1496
개포우성6차아파트 정문 앞,11,1233
개포우성6차아파트 정문 앞,12,749
개화광역환승센터,1,359
개화광역환승센터,2,474
개화광역환승센터,3,793
개화광역환승센터,4,1177
개화광역환승센터,5,1313
개화광역환승센터,6,1337
개화광역환승센터,7,1107
개화광역환승센터,8,1082
개화광역환승센터,9,1342
개화광역환승센터,10,1507
개화광역환승센터,11,1164
개화광역환승센터,12,546
개화산역 2번 출구,1,1468
개화산역 2번 출구,2,1601
개화산역 2번 출구,3,2644
개화산역 2번 출구,4,3533
개화산역 2번 출구,5,4222
개화산역 2번 출구,6,4320
개화산역 2번 출구,7,3914
개화산역 2번 출구,8,3923
개화산역 2번 출구,9,4342
개화산역 2번 출구,10,4358
개화산역 2번 출구,11,3441
개화산역 2번 출구,12,1912
개화센터,1,2
개화센터,2,2
개화센터,3,12
개화센터,4,3
개화센터,8,1
개화센터,10,2
거여5단지 503동 앞,1,696
거여5단지 503동 앞,2,819
거여5단지 503동 앞,3,1418
거여5단지 503동 앞,4,1935
거여5단지 503동 앞,5,2250
거여5단지 503동 앞,6,2486
거여5단지 503동 앞,7,2059
거여5단지 503동 앞,8,1990
거여5단지 503동 앞,9,2272
거여5단지 503동 앞,10,2211
거여5단지 503동 앞,11,1769
거여5단지 503동 앞,12,1091
거여동 사거리,1,650
거여동 사거리,2,758
거여동 사거리,3,1371
거여동 사거리,4,1873
거여동 사거리,5,2005
거여동 사거리,6,1969
거여동 사거리,7,1827
거여동 사거리,8,1632
거여동 사거리,9,1985
거여동 사거리,10,1902
거여동 사거리,11,1540
거여동 사거리,12,877
거여동 어울림아파트  102동앞,1,776
거여동 어울림아파트  102동앞,2,829
거여동 어울림아파트  102동앞,3,1735
거여동 어울림아파트  102동앞,4,2451
거여동 어울림아파트  102동앞,5,2713
거여동 어울림아파트  102동앞,6,2446
거여동 어울림아파트  102동앞,7,2030
거여동 어울림아파트  102동앞,8,1856
거여동 어울림아파트  102동앞,9,2082
거여동 어울림아파트  102동앞,10,2294
거여동 어울림아파트  102동앞,11,1769
거여동 어울림아파트  102동앞,12,1117
거여동사거리 송파둘레길 입구,1,325
거여동사거리 송파둘레길 입구,2,333
거여동사거리 송파둘레길 입구,3,580
거여동사거리 송파둘레길 입구,4,778
거여동사거리 송파둘레길 입구,5,875
거여동사거리 송파둘레길 입구,6,810
거여동사거리 송파둘레길 입구,7,660
거여동사거리 송파둘레길 입구,8,573
거여동사거리 송파둘레길 입구,9,720
거여동사거리 송파둘레길 입구,10,784
거여동사거리 송파둘레길 입구,11,778
거여동사거리 송파둘레길 입구,12,420
거여삼거리,1,95
거여삼거리,2,78
거여삼거리,3,160
거여삼거리,4,232
거여삼거리,5,192
거여삼거리,6,233
거여삼거리,7,320
거여삼거리,8,235
거여삼거리,9,292
거여삼거리,10,240
거여삼거리,11,167
거여삼거리,12,80
거여역 3번출구,1,2418
거여역 3번출구,2,2898
거여역 3번출구,3,4616
거여역 3번출구,4,6047
거여역 3번출구,5,6668
거여역 3번출구,6,6963
거여역 3번출구,7,5922
거여역 3번출구,8,5421
거여역 3번출구,9,6260
거여역 3번출구,10,6498
거여역 3번출구,11,5246
거여역 3번출구,12,3189
거여역 8번출구 뒤,1,2361
거여역 8번출구 뒤,2,2898
거여역 8번출구 뒤,3,4841
거여역 8번출구 뒤,4,6327
거여역 8번출구 뒤,5,7134
거여역 8번출구 뒤,6,6840
거여역 8번출구 뒤,7,5695
거여역 8번출구 뒤,8,5246
거여역 8번출구 뒤,9,6348
거여역 8번출구 뒤,10,6531
거여역 8번출구 뒤,11,5147
거여역 8번출구 뒤,12,3123
거여초등학교 옆,1,1024
거여초등학교 옆,2,1133
거여초등학교 옆,3,1843
거여초등학교 옆,4,2254
거여초등학교 옆,5,2440
거여초등학교 옆,6,2516
거여초등학교 옆,7,2217
거여초등학교 옆,8,2215
거여초등학교 옆,9,2355
거여초등학교 옆,10,2431
거여초등학교 옆,11,1806
거여초등학교 옆,12,1203
건국대학교 (입학정보관),1,2338
건국대학교 (입학정보관),2,2460
건국대학교 (입학정보관),3,6609
건국대학교 (입학정보관),4,8363
건국대학교 (입학정보관),5,8977
건국대학교 (입학정보관),6,8568
건국대학교 (입학정보관),7,5433
건국대학교 (입학정보관),8,4979
건국대학교 (입학정보관),9,8671
건국대학교 (입학정보관),10,8683
건국대학교 (입학정보관),11,7466
건국대학교 (입학정보관),12,4032
건국대학교 (행정관),1,753
건국대학교 (행정관),2,772
건국대학교 (행정관),3,2320
건국대학교 (행정관),4,3422
건국대학교 (행정관),5,3460
건국대학교 (행정관),6,3503
건국대학교 (행정관),7,1956
건국대학교 (행정관),8,1563
건국대학교 (행정관),9,3221
건국대학교 (행정관),10,3445
건국대학교 (행정관),11,2887
건국대학교 (행정관),12,1610
건국대학교 과학관(이과대) 앞,1,944
건국대학교 과학관(이과대) 앞,2,971
건국대학교 과학관(이과대) 앞,3,3106
건국대학교 과학관(이과대) 앞,4,3899
건국대학교 과학관(이과대) 앞,5,4387
건국대학교 과학관(이과대) 앞,6,4353
건국대학교 과학관(이과대) 앞,7,2670
건국대학교 과학관(이과대) 앞,8,2653
건국대학교 과학관(이과대) 앞,9,4353
건국대학교 과학관(이과대) 앞,10,4556
건국대학교 과학관(이과대) 앞,11,4098
건국대학교 과학관(이과대) 앞,12,2124
건국대학교 신공학관,1,352
건국대학교 신공학관,2,374
건국대학교 신공학관,3,979
건국대학교 신공학관,4,1056
건국대학교 신공학관,5,1029
건국대학교 신공학관,6,1355
건국대학교 신공학관,7,1237
건국대학교 신공학관,8,932
건국대학교 신공학관,9,1419
건국대학교 신공학관,10,848
건국대학교 신공학관,11,1544
건국대학교 신공학관,12,1369
건국대학교 정문 앞,1,1570
건국대학교 정문 앞,2,2002
건국대학교 정문 앞,3,4236
건국대학교 정문 앞,4,5280
건국대학교 정문 앞,5,5855
건국대학교 정문 앞,6,5538
건국대학교 정문 앞,7,4880
건국대학교 정문 앞,8,4490
건국대학교 정문 앞,9,5593
건국대학교 정문 앞,10,5526
건국대학교 정문 앞,11,4621
건국대학교 정문 앞,12,2676
건국대학교 학생회관,1,2497
건국대학교 학생회관,2,2860
건국대학교 학생회관,3,9615
건국대학교 학생회관,4,11766
건국대학교 학생회관,5,13302
건국대학교 학생회관,6,12152
건국대학교 학생회관,7,7377
건국대학교 학생회관,8,7443
건국대학교 학생회관,9,13549
건국대학교 학생회관,10,12600
건국대학교 학생회관,11,11354
건국대학교 학생회관,12,5588
건대병원후문,1,5604
건대병원후문,2,6235
건대병원후문,3,12821
건대병원후문,4,15986
건대병원후문,5,18087
건대병원후문,6,17728
건대병원후문,7,14581
건대병원후문,8,13789
건대병원후문,9,18325
건대병원후문,10,18566
건대병원후문,11,16172
건대병원후문,12,9278
건대입구역 5번출구 뒤,1,6487
건대입구역 5번출구 뒤,2,7004
건대입구역 5번출구 뒤,3,12479
건대입구역 5번출구 뒤,4,15883
건대입구역 5번출구 뒤,5,17406
건대입구역 5번출구 뒤,6,17804
건대입구역 5번출구 뒤,7,14157
건대입구역 5번출구 뒤,8,13767
건대입구역 5번출구 뒤,9,16386
건대입구역 5번출구 뒤,10,18775
건대입구역 5번출구 뒤,11,14739
건대입구역 5번출구 뒤,12,8953
건대입구역 사거리(롯데백화점),1,8007
건대입구역 사거리(롯데백화점),2,9505
건대입구역 사거리(롯데백화점),3,18191
건대입구역 사거리(롯데백화점),4,24295
건대입구역 사거리(롯데백화점),5,28061
건대입구역 사거리(롯데백화점),6,27456
건대입구역 사거리(롯데백화점),7,24041
건대입구역 사거리(롯데백화점),8,22638
건대입구역 사거리(롯데백화점),9,28229
건대입구역 사거리(롯데백화점),10,27545
건대입구역 사거리(롯데백화점),11,19678
건대입구역 사거리(롯데백화점),12,11525
건영상가 앞,1,403
건영상가 앞,2,384
건영상가 앞,3,595
건영상가 앞,4,816
건영상가 앞,5,842
건영상가 앞,6,917
건영상가 앞,7,839
건영상가 앞,8,1074
건영상가 앞,9,1242
건영상가 앞,10,1351
건영상가 앞,11,1098
건영상가 앞,12,717
건영아파트 앞,1,3246
건영아파트 앞,2,3330
건영아파트 앞,3,5332
건영아파트 앞,4,6449
건영아파트 앞,5,6971
건영아파트 앞,6,7222
건영아파트 앞,7,7254
건영아파트 앞,8,6854
건영아파트 앞,9,7476
건영아파트 앞,10,7615
건영아파트 앞,11,6916
건영아파트 앞,12,4699
건영아파트앞 사거리,1,1928
건영아파트앞 사거리,2,2317
건영아파트앞 사거리,3,3942
건영아파트앞 사거리,4,5289
건영아파트앞 사거리,5,6037
건영아파트앞 사거리,6,6114
건영아파트앞 사거리,7,5593
건영아파트앞 사거리,8,5421
건영아파트앞 사거리,9,6175
건영아파트앞 사거리,10,6318
건영아파트앞 사거리,11,4682
건영아파트앞 사거리,12,2965
겸재교 진입부,1,3035
겸재교 진입부,2,4059
겸재교 진입부,3,7471
겸재교 진입부,4,10208
겸재교 진입부,5,10034
겸재교 진입부,6,11051
겸재교 진입부,7,9454
겸재교 진입부,8,9284
겸재교 진입부,9,11836
겸재교 진입부,10,11759
겸재교 진입부,11,7239
겸재교 진입부,12,4092
겸재정선미술관,1,2021
겸재정선미술관,2,2079
겸재정선미술관,3,3685
겸재정선미술관,4,4896
겸재정선미술관,5,5737
겸재정선미술관,6,5980
겸재정선미술관,7,5277
겸재정선미술관,8,5532
겸재정선미술관,9,6112
겸재정선미술관,10,6180
겸재정선미술관,11,4750
겸재정선미술관,12,2977
경기여자고등학교 후문 (삼성로3길 입구),1,996
경기여자고등학교 후문 (삼성로3길 입구),2,1281
경기여자고등학교 후문 (삼성로3길 입구),3,2188
경기여자고등학교 후문 (삼성로3길 입구),4,3080
경기여자고등학교 후문 (삼성로3길 입구),5,3285
경기여자고등학교 후문 (삼성로3길 입구),6,3301
경기여자고등학교 후문 (삼성로3길 입구),7,2822
경기여자고등학교 후문 (삼성로3길 입구),8,2679
경기여자고등학교 후문 (삼성로3길 입구),9,3359
경기여자고등학교 후문 (삼성로3길 입구),10,3176
경기여자고등학교 후문 (삼성로3길 입구),11,2673
경기여자고등학교 후문 (삼성로3길 입구),12,1438
경문고교 사거리,9,1
경문고교 사거리,10,5
경문고교 사거리,11,7
경문고등학교 앞,1,1027
경문고등학교 앞,2,1158
경문고등학교 앞,3,2155
경문고등학교 앞,4,2877
경문고등학교 앞,5,3179
경문고등학교 앞,6,3281
경문고등학교 앞,7,3029
경문고등학교 앞,8,3027
경문고등학교 앞,9,3876
경문고등학교 앞,10,3689
경문고등학교 앞,11,2645
경문고등학교 앞,12,1635
경복궁역 6번출구 뒤,1,3589
경복궁역 6번출구 뒤,2,4154
경복궁역 6번출구 뒤,3,6803
경복궁역 6번출구 뒤,4,9698
경복궁역 6번출구 뒤,5,10729
경복궁역 6번출구 뒤,6,10339
경복궁역 6번출구 뒤,7,9479
경복궁역 6번출구 뒤,8,9028
경복궁역 6번출구 뒤,9,11517
경복궁역 6번출구 뒤,10,11956
경복궁역 6번출구 뒤,11,9546
경복궁역 6번출구 뒤,12,4751
경복궁역 7번출구 앞,1,2055
경복궁역 7번출구 앞,2,2472
경복궁역 7번출구 앞,3,3555
경복궁역 7번출구 앞,4,5041
경복궁역 7번출구 앞,5,5293
경복궁역 7번출구 앞,6,5409
경복궁역 7번출구 앞,7,5183
경복궁역 7번출구 앞,8,4825
경복궁역 7번출구 앞,9,5659
경복궁역 7번출구 앞,10,6270
경복궁역 7번출구 앞,11,5248
경복궁역 7번출구 앞,12,2592
경서농협 버스정류장(우리은행신정동지점방향),1,2368
경서농협 버스정류장(우리은행신정동지점방향),2,2466
경서농협 버스정류장(우리은행신정동지점방향),3,4339
경서농협 버스정류장(우리은행신정동지점방향),4,5525
경서농협 버스정류장(우리은행신정동지점방향),5,5634
경서농협 버스정류장(우리은행신정동지점방향),6,5953
경서농협 버스정류장(우리은행신정동지점방향),7,5777
경서농협 버스정류장(우리은행신정동지점방향),8,5410
경서농협 버스정류장(우리은행신정동지점방향),9,6275
경서농협 버스정류장(우리은행신정동지점방향),10,6322
경서농협 버스정류장(우리은행신정동지점방향),11,4950
경서농협 버스정류장(우리은행신정동지점방향),12,3017
경의선(노고산동),1,999
경의선(노고산동),2,1087
경의선(노고산동),3,1429
경의선(노고산동),4,1977
경의선(노고산동),5,2246
경의선(노고산동),6,2428
경의선(노고산동),7,2504
경의선(노고산동),8,2356
경의선(노고산동),9,2859
경의선(노고산동),10,2875
경의선(노고산동),11,2305
경의선(노고산동),12,1190
경일중학교 앞,1,3454
경일중학교 앞,2,3698
경일중학교 앞,3,5989
경일중학교 앞,4,7353
경일중학교 앞,5,8178
경일중학교 앞,6,8214
경일중학교 앞,7,7378
경일중학교 앞,8,6938
경일중학교 앞,9,8344
경일중학교 앞,10,9092
경일중학교 앞,11,7454
경일중학교 앞,12,4695
"경찰병원역 1,2번 출구 사이",1,1009
"경찰병원역 1,2번 출구 사이",2,1182
"경찰병원역 1,2번 출구 사이",3,2058
"경찰병원역 1,2번 출구 사이",4,2621
"경찰병원역 1,2번 출구 사이",5,2969
"경찰병원역 1,2번 출구 사이",6,2956
"경찰병원역 1,2번 출구 사이",7,2628
"경찰병원역 1,2번 출구 사이",8,2458
"경찰병원역 1,2번 출구 사이",9,3057
"경찰병원역 1,2번 출구 사이",10,3185
"경찰병원역 1,2번 출구 사이",11,2522
"경찰병원역 1,2번 출구 사이",12,1493
경찰병원역 3번출구 앞,1,1782
경찰병원역 3번출구 앞,2,2173
경찰병원역 3번출구 앞,3,3790
경찰병원역 3번출구 앞,4,4860
경찰병원역 3번출구 앞,5,5605
경찰병원역 3번출구 앞,6,5913
경찰병원역 3번출구 앞,7,5107
경찰병원역 3번출구 앞,8,4752
경찰병원역 3번출구 앞,9,5603
경찰병원역 3번출구 앞,10,5710
경찰병원역 3번출구 앞,11,4657
경찰병원역 3번출구 앞,12,2657
경창시장,1,550
경창시장,2,554
경창시장,3,1122
경창시장,4,1613
경창시장,5,2004
경창시장,6,2275
경창시장,7,1757
경창시장,8,1641
경창시장,9,2146
경창시장,10,2352
경창시장,11,1723
경창시장,12,1103
경춘선 숲길,1,437
경춘선 숲길,2,408
경춘선 숲길,3,881
경춘선 숲길,4,1942
경춘선 숲길,5,2648
경춘선 숲길,6,2287
경춘선 숲길,7,2234
경춘선 숲길,8,2004
경춘선 숲길,9,343
경춘선 숲길,12,434
경희궁 자이 2단지,1,2028
경희궁 자이 2단지,2,2096
경희궁 자이 2단지,3,3590
경희궁 자이 2단지,4,4503
경희궁 자이 2단지,5,4667
경희궁 자이 2단지,6,5030
경희궁 자이 2단지,7,4546
경희궁 자이 2단지,8,4202
경희궁 자이 2단지,9,5024
경희궁 자이 2단지,10,5144
경희궁 자이 2단지,11,4261
경희궁 자이 2단지,12,2539
경희궁 자이 3단지,1,1916
경희궁 자이 3단지,2,2194
경희궁 자이 3단지,3,3327
경희궁 자이 3단지,4,4047
경희궁 자이 3단지,5,3927
경희궁 자이 3단지,6,4162
경희궁 자이 3단지,7,3870
경희궁 자이 3단지,8,3512
경희궁 자이 3단지,9,4270
경희궁 자이 3단지,10,4485
경희궁 자이 3단지,11,3926
경희궁 자이 3단지,12,2516
경희대학교 청운관,1,1366
경희대학교 청운관,2,1737
경희대학교 청운관,3,3788
경희대학교 청운관,4,5039
경희대학교 청운관,5,5763
경희대학교 청운관,6,5232
경희대학교 청운관,7,3810
경희대학교 청운관,8,3550
경희대학교 청운관,9,5267
경희대학교 청운관,10,5113
경희대학교 청운관,11,4201
경희대학교 청운관,12,2271
계남공원 입구 주출입구 좌측,1,557
계남공원 입구 주출입구 좌측,2,565
계남공원 입구 주출입구 좌측,3,851
계남공원 입구 주출입구 좌측,4,1178
계남공원 입구 주출입구 좌측,5,1369
계남공원 입구 주출입구 좌측,6,1182
계남공원 입구 주출입구 좌측,7,1026
계남공원 입구 주출입구 좌측,8,1141
계남공원 입구 주출입구 좌측,9,1334
계남공원 입구 주출입구 좌측,10,1478
계남공원 입구 주출입구 좌측,11,1271
계남공원 입구 주출입구 좌측,12,650
고대구로병원 앞,1,876
고대구로병원 앞,2,947
고대구로병원 앞,3,1320
고대구로병원 앞,4,1731
고대구로병원 앞,5,1936
고대구로병원 앞,6,2148
고대구로병원 앞,7,2105
고대구로병원 앞,8,2621
고대구로병원 앞,9,2977
고대구로병원 앞,10,3071
고대구로병원 앞,11,2383
고대구로병원 앞,12,1633
고대앞사거리 교통섬,1,1650
고대앞사거리 교통섬,2,1895
고대앞사거리 교통섬,3,4449
고대앞사거리 교통섬,4,5751
고대앞사거리 교통섬,5,6728
고대앞사거리 교통섬,6,5664
고대앞사거리 교통섬,7,4730
고대앞사거리 교통섬,8,4526
고대앞사거리 교통섬,9,6781
고대앞사거리 교통섬,10,6571
고대앞사거리 교통섬,11,5544
고대앞사거리 교통섬,12,3002
고덕 래미안 힐스테이트(101동),1,537
고덕 래미안 힐스테이트(101동),2,639
고덕 래미안 힐스테이트(101동),3,1251
고덕 래미안 힐스테이트(101동),4,1953
고덕 래미안 힐스테이트(101동),5,2246
고덕 래미안 힐스테이트(101동),6,2522
고덕 래미안 힐스테이트(101동),7,1946
고덕 래미안 힐스테이트(101동),8,2074
고덕 래미안 힐스테이트(101동),9,2285
고덕 래미안 힐스테이트(101동),10,2343
고덕 래미안 힐스테이트(101동),11,1809
고덕 래미안 힐스테이트(101동),12,862
고덕 래미안힐스테이트(201동),1,190
고덕 래미안힐스테이트(201동),2,267
고덕 래미안힐스테이트(201동),3,621
고덕 래미안힐스테이트(201동),4,1040
고덕 래미안힐스테이트(201동),5,1209
고덕 래미안힐스테이트(201동),6,1207
고덕 래미안힐스테이트(201동),7,1210
고덕 래미안힐스테이트(201동),8,1169
고덕 래미안힐스테이트(201동),9,1303
고덕 래미안힐스테이트(201동),10,1249
고덕 래미안힐스테이트(201동),11,949
고덕 래미안힐스테이트(201동),12,547
고덕동 래미안 힐스테이트,1,533
고덕동 래미안 힐스테이트,2,596
고덕동 래미안 힐스테이트,3,1155
고덕동 래미안 힐스테이트,4,1626
고덕동 래미안 힐스테이트,5,1985
고덕동 래미안 힐스테이트,6,2148
고덕동 래미안 힐스테이트,7,1714
고덕동 래미안 힐스테이트,8,1686
고덕동 래미안 힐스테이트,9,2141
고덕동 래미안 힐스테이트,10,1938
고덕동 래미안 힐스테이트,11,1552
고덕동 래미안 힐스테이트,12,781
고덕동 아남아파트,1,1608
고덕동 아남아파트,2,1783
고덕동 아남아파트,3,2981
고덕동 아남아파트,4,4146
고덕동 아남아파트,5,4445
고덕동 아남아파트,6,4706
고덕동 아남아파트,7,4104
고덕동 아남아파트,8,4106
고덕동 아남아파트,9,4570
고덕동 아남아파트,10,4360
고덕동 아남아파트,11,3978
고덕동 아남아파트,12,2248
고덕동 주양쇼핑,1,1613
고덕동 주양쇼핑,2,1842
고덕동 주양쇼핑,3,3041
고덕동 주양쇼핑,4,4129
고덕동 주양쇼핑,5,4826
고덕동 주양쇼핑,6,5329
고덕동 주양쇼핑,7,4480
고덕동 주양쇼핑,8,4279
고덕동 주양쇼핑,9,4718
고덕동 주양쇼핑,10,4711
고덕동 주양쇼핑,11,3786
고덕동 주양쇼핑,12,1845
고덕래미안힐스테이트 아파트 211동,1,98
고덕래미안힐스테이트 아파트 211동,2,66
고덕래미안힐스테이트 아파트 211동,3,264
고덕래미안힐스테이트 아파트 211동,4,254
고덕래미안힐스테이트 아파트 211동,5,289
고덕래미안힐스테이트 아파트 211동,6,393
고덕래미안힐스테이트 아파트 211동,7,302
고덕래미안힐스테이트 아파트 211동,8,259
고덕래미안힐스테이트 아파트 211동,9,323
고덕래미안힐스테이트 아파트 211동,10,381
고덕래미안힐스테이트 아파트 211동,11,461
고덕래미안힐스테이트 아파트 211동,12,261
고덕비즈밸리 디엠스퀘어 앞,4,8
고덕비즈밸리 디엠스퀘어 앞,5,590
고덕비즈밸리 디엠스퀘어 앞,6,666
고덕비즈밸리 디엠스퀘어 앞,7,530
고덕비즈밸리 디엠스퀘어 앞,8,486
고덕비즈밸리 디엠스퀘어 앞,9,624
고덕비즈밸리 디엠스퀘어 앞,10,434
고덕비즈밸리 디엠스퀘어 앞,11,482
고덕비즈밸리 디엠스퀘어 앞,12,265
고덕비즈밸리 지식산업센터 A,4,1203
고덕비즈밸리 지식산업센터 A,5,1373
고덕비즈밸리 지식산업센터 A,6,669
고덕비즈밸리 지식산업센터 A,7,464
고덕비즈밸리 지식산업센터 A,8,357
고덕비즈밸리 지식산업센터 A,9,490
고덕비즈밸리 지식산업센터 A,10,435
고덕비즈밸리 지식산업센터 A,11,426
고덕비즈밸리 지식산업센터 A,12,256
고덕비즈밸리 쿠쿠강동빌딩,5,267
고덕비즈밸리 쿠쿠강동빌딩,6,1080
고덕비즈밸리 쿠쿠강동빌딩,7,834
고덕비즈밸리 쿠쿠강동빌딩,8,885
고덕비즈밸리 쿠쿠강동빌딩,9,936
고덕비즈밸리 쿠쿠강동빌딩,10,855
고덕비즈밸리 쿠쿠강동빌딩,11,752
고덕비즈밸리 쿠쿠강동빌딩,12,412
고덕센트럴 아이파크상가 앞,1,723
고덕센트럴 아이파크상가 앞,2,933
고덕센트럴 아이파크상가 앞,3,1637
고덕센트럴 아이파크상가 앞,4,2377
고덕센트럴 아이파크상가 앞,5,2714
고덕센트럴 아이파크상가 앞,6,3197
고덕센트럴 아이파크상가 앞,7,2564
고덕센트럴 아이파크상가 앞,8,2595
고덕센트럴 아이파크상가 앞,9,2981
고덕센트럴 아이파크상가 앞,10,2687
고덕센트럴 아이파크상가 앞,11,2242
고덕센트럴 아이파크상가 앞,12,1205
고덕숲 아이파크 1,1,396
고덕숲 아이파크 1,2,519
고덕숲 아이파크 1,3,1298
고덕숲 아이파크 1,4,1923
고덕숲 아이파크 1,5,2021
고덕숲 아이파크 1,6,1792
고덕숲 아이파크 1,7,1527
고덕숲 아이파크 1,8,1266
고덕숲 아이파크 1,9,1752
고덕숲 아이파크 1,10,1635
고덕숲 아이파크 1,11,1211
고덕숲 아이파크 1,12,543
고덕숲 아이파크 2,1,270
고덕숲 아이파크 2,2,318
고덕숲 아이파크 2,3,657
고덕숲 아이파크 2,4,803
고덕숲 아이파크 2,5,896
고덕숲 아이파크 2,6,997
고덕숲 아이파크 2,7,793
고덕숲 아이파크 2,8,847
고덕숲 아이파크 2,9,970
고덕숲 아이파크 2,10,1038
고덕숲 아이파크 2,11,715
고덕숲 아이파크 2,12,261
고덕역 4번출구,1,1345
고덕역 4번출구,2,1682
고덕역 4번출구,3,2788
고덕역 4번출구,4,3619
고덕역 4번출구,5,3485
고덕역 4번출구,6,3744
고덕역 4번출구,7,2110
고덕역 4번출구,8,1665
고덕역 4번출구,9,2544
고덕역 4번출구,10,2370
고덕역 4번출구,11,2210
고덕역 4번출구,12,1020
고덕역 5번출구,1,1755
고덕역 5번출구,2,2099
고덕역 5번출구,3,3612
고덕역 5번출구,4,5371
고덕역 5번출구,5,6025
고덕역 5번출구,6,6364
고덕역 5번출구,7,5910
고덕역 5번출구,8,5843
고덕역 5번출구,9,6590
고덕역 5번출구,10,7166
고덕역 5번출구,11,5881
고덕역 5번출구,12,2587
고덕자이(105동 앞),1,1190
고덕자이(105동 앞),2,1343
고덕자이(105동 앞),3,2682
고덕자이(105동 앞),4,3829
고덕자이(105동 앞),5,4478
고덕자이(105동 앞),6,4523
고덕자이(105동 앞),7,3960
고덕자이(105동 앞),8,4252
고덕자이(105동 앞),9,4855
고덕자이(105동 앞),10,4803
고덕자이(105동 앞),11,3465
고덕자이(105동 앞),12,1824
고덕중학교 후문,1,101
고덕중학교 후문,2,134
고덕중학교 후문,3,316
고덕중학교 후문,4,427
고덕중학교 후문,5,610
고덕중학교 후문,6,625
고덕중학교 후문,7,436
고덕중학교 후문,8,394
고덕중학교 후문,9,540
고덕중학교 후문,10,362
고덕중학교 후문,11,270
고덕중학교 후문,12,110
고덕초등학교,1,198
고덕초등학교,2,261
고덕초등학교,3,482
고덕초등학교,4,675
고덕초등학교,5,812
고덕초등학교,6,799
고덕초등학교,7,726
고덕초등학교,8,655
고덕초등학교,9,647
고덕초등학교,10,677
고덕초등학교,11,635
고덕초등학교,12,373
고려대학교 2번출구,1,2675
고려대학교 2번출구,2,2908
고려대학교 2번출구,3,6476
고려대학교 2번출구,4,7822
고려대학교 2번출구,5,8568
고려대학교 2번출구,6,7780
고려대학교 2번출구,7,6564
고려대학교 2번출구,8,5908
고려대학교 2번출구,9,8961
고려대학교 2번출구,10,9003
고려대학교 2번출구,11,7393
고려대학교 2번출구,12,4077
고려사대부속중고 건너편,1,687
고려사대부속중고 건너편,2,645
고려사대부속중고 건너편,3,1119
고려사대부속중고 건너편,4,1236
고려사대부속중고 건너편,5,1416
고려사대부속중고 건너편,6,1432
고려사대부속중고 건너편,7,1339
고려사대부속중고 건너편,8,1310
고려사대부속중고 건너편,9,1478
고려사대부속중고 건너편,10,1381
고려사대부속중고 건너편,11,1251
고려사대부속중고 건너편,12,887
고려사대부속중고 정문,1,406
고려사대부속중고 정문,2,457
고려사대부속중고 정문,3,1049
고려사대부속중고 정문,4,1333
고려사대부속중고 정문,5,1493
고려사대부속중고 정문,6,1252
고려사대부속중고 정문,7,1184
고려사대부속중고 정문,8,1156
고려사대부속중고 정문,9,1453
고려사대부속중고 정문,10,1514
고려사대부속중고 정문,11,1065
고려사대부속중고 정문,12,548
고속터미널역 3번출구,1,775
고속터미널역 3번출구,2,834
고속터미널역 3번출구,3,1492
고속터미널역 3번출구,4,2272
고속터미널역 3번출구,5,2429
고속터미널역 3번출구,6,2301
고속터미널역 3번출구,7,2033
고속터미널역 3번출구,8,2147
고속터미널역 3번출구,9,2504
고속터미널역 3번출구,10,2677
고속터미널역 3번출구,11,2262
고속터미널역 3번출구,12,1085
고속터미널역 5번출구 앞,1,1683
고속터미널역 5번출구 앞,2,1927
고속터미널역 5번출구 앞,3,3125
고속터미널역 5번출구 앞,4,4170
고속터미널역 5번출구 앞,5,4060
고속터미널역 5번출구 앞,6,4074
고속터미널역 5번출구 앞,7,3736
고속터미널역 5번출구 앞,8,3562
고속터미널역 5번출구 앞,9,4475
고속터미널역 5번출구 앞,10,4615
고속터미널역 5번출구 앞,11,3848
고속터미널역 5번출구 앞,12,2300
"고속터미널역 8-1번, 8-2번 출구 사이",1,5005
"고속터미널역 8-1번, 8-2번 출구 사이",2,6548
"고속터미널역 8-1번, 8-2번 출구 사이",3,12792
"고속터미널역 8-1번, 8-2번 출구 사이",4,19453
"고속터미널역 8-1번, 8-2번 출구 사이",5,20984
"고속터미널역 8-1번, 8-2번 출구 사이",6,18812
"고속터미널역 8-1번, 8-2번 출구 사이",7,13775
"고속터미널역 8-1번, 8-2번 출구 사이",8,12997
"고속터미널역 8-1번, 8-2번 출구 사이",9,19714
"고속터미널역 8-1번, 8-2번 출구 사이",10,18675
"고속터미널역 8-1번, 8-2번 출구 사이",11,11369
"고속터미널역 8-1번, 8-2번 출구 사이",12,5747
고척LIGA아파트 앞,1,3035
고척LIGA아파트 앞,2,3338
고척LIGA아파트 앞,3,5442
고척LIGA아파트 앞,4,7355
고척LIGA아파트 앞,5,8019
고척LIGA아파트 앞,6,8432
고척LIGA아파트 앞,7,7339
고척LIGA아파트 앞,8,6862
고척LIGA아파트 앞,9,8345
고척LIGA아파트 앞,10,9076
고척LIGA아파트 앞,11,7066
고척LIGA아파트 앞,12,4261
고척교 교차로,1,987
고척교 교차로,2,1053
고척교 교차로,3,2010
고척교 교차로,4,3181
고척교 교차로,5,3259
고척교 교차로,6,3195
고척교 교차로,7,2635
고척교 교차로,8,2522
고척교 교차로,9,3741
고척교 교차로,10,3893
고척교 교차로,11,2480
고척교 교차로,12,1228
고척근린공원 고척도서관 앞,1,1752
고척근린공원 고척도서관 앞,2,1795
고척근린공원 고척도서관 앞,3,2979
고척근린공원 고척도서관 앞,4,4141
고척근린공원 고척도서관 앞,5,4954
고척근린공원 고척도서관 앞,6,5066
고척근린공원 고척도서관 앞,7,4422
고척근린공원 고척도서관 앞,8,4261
고척근린공원 고척도서관 앞,9,4799
고척근린공원 고척도서관 앞,10,4973
고척근린공원 고척도서관 앞,11,4169
고척근린공원 고척도서관 앞,12,2162
고척스카이돔구장 광장,1,1675
고척스카이돔구장 광장,2,1920
고척스카이돔구장 광장,3,3412
고척스카이돔구장 광장,4,5142
고척스카이돔구장 광장,5,5182
고척스카이돔구장 광장,6,5388
고척스카이돔구장 광장,7,4587
고척스카이돔구장 광장,8,4685
고척스카이돔구장 광장,9,5522
고척스카이돔구장 광장,10,5347
고척스카이돔구장 광장,11,4165
고척스카이돔구장 광장,12,2464
고척아이파크아파트 106동 앞,1,1050
고척아이파크아파트 106동 앞,2,1135
고척아이파크아파트 106동 앞,3,2065
고척아이파크아파트 106동 앞,4,2887
고척아이파크아파트 106동 앞,5,3249
고척아이파크아파트 106동 앞,6,3423
고척아이파크아파트 106동 앞,7,2936
고척아이파크아파트 106동 앞,8,2846
고척아이파크아파트 106동 앞,9,3270
고척아이파크아파트 106동 앞,10,3483
고척아이파크아파트 106동 앞,11,2350
고척아이파크아파트 106동 앞,12,1506
고척아이파크아파트 205동 앞,1,1045
고척아이파크아파트 205동 앞,2,1126
고척아이파크아파트 205동 앞,3,2025
고척아이파크아파트 205동 앞,4,2968
고척아이파크아파트 205동 앞,5,3590
고척아이파크아파트 205동 앞,6,4042
고척아이파크아파트 205동 앞,7,3349
고척아이파크아파트 205동 앞,8,3241
고척아이파크아파트 205동 앞,9,3645
고척아이파크아파트 205동 앞,10,3674
고척아이파크아파트 205동 앞,11,2838
고척아이파크아파트 205동 앞,12,1684
고투몰 gate 15옆,1,884
고투몰 gate 15옆,2,1112
고투몰 gate 15옆,3,1798
고투몰 gate 15옆,4,2441
고투몰 gate 15옆,5,2899
고투몰 gate 15옆,6,2755
고투몰 gate 15옆,7,2250
고투몰 gate 15옆,8,2228
고투몰 gate 15옆,9,2761
고투몰 gate 15옆,10,3200
고투몰 gate 15옆,11,2373
고투몰 gate 15옆,12,1460
골드제련앞,4,15
골드제련앞,5,285
골드제련앞,6,331
골마을 근린공원,1,1
곰달래 문화복지센터 A,1,2794
곰달래 문화복지센터 A,2,3111
곰달래 문화복지센터 A,3,4931
곰달래 문화복지센터 A,4,6488
곰달래 문화복지센터 A,5,7308
곰달래 문화복지센터 A,6,7137
곰달래 문화복지센터 A,7,6222
곰달래 문화복지센터 A,8,5882
곰달래 문화복지센터 A,9,7599
곰달래 문화복지센터 A,10,8150
곰달래 문화복지센터 A,11,6249
곰달래 문화복지센터 A,12,3854
곰달래 문화복지센터 B,1,1377
곰달래 문화복지센터 B,2,1385
곰달래 문화복지센터 B,3,2199
곰달래 문화복지센터 B,4,3043
곰달래 문화복지센터 B,5,3338
곰달래 문화복지센터 B,6,3500
곰달래 문화복지센터 B,7,3362
곰달래 문화복지센터 B,8,3148
곰달래 문화복지센터 B,9,3822
곰달래 문화복지센터 B,10,4009
곰달래 문화복지센터 B,11,3004
곰달래 문화복지센터 B,12,1878
곰달래사거리,1,899
곰달래사거리,2,896
곰달래사거리,3,1559
곰달래사거리,4,2230
곰달래사거리,5,2594
곰달래사거리,6,2744
곰달래사거리,7,2912
곰달래사거리,8,1972
곰달래사거리,9,1954
곰달래사거리,10,2058
곰달래사거리,11,1377
곰달래사거리,12,974
공덕역 1번출구,6,279
공덕역 1번출구,7,829
공덕역 1번출구,8,998
공덕역 1번출구,9,1119
공덕역 1번출구,10,1004
공덕역 1번출구,11,919
공덕역 1번출구,12,528
공덕역 2번출구,1,2052
공덕역 2번출구,2,2158
공덕역 2번출구,3,4098
공덕역 2번출구,4,5612
공덕역 2번출구,5,5789
공덕역 2번출구,6,5708
공덕역 2번출구,7,4872
공덕역 2번출구,8,4619
공덕역 2번출구,9,5755
공덕역 2번출구,10,5786
공덕역 2번출구,11,4510
공덕역 2번출구,12,2651
공덕역 5번출구,1,2112
공덕역 5번출구,2,2172
공덕역 5번출구,3,3783
공덕역 5번출구,4,5249
공덕역 5번출구,5,5717
공덕역 5번출구,6,5739
공덕역 5번출구,7,4608
공덕역 5번출구,8,4430
공덕역 5번출구,9,5560
공덕역 5번출구,10,5716
공덕역 5번출구,11,4428
공덕역 5번출구,12,2799
공덕역 8번출구,1,3234
공덕역 8번출구,2,3878
공덕역 8번출구,3,7562
공덕역 8번출구,4,10701
공덕역 8번출구,5,11875
공덕역 8번출구,6,11225
공덕역 8번출구,7,9561
공덕역 8번출구,8,9210
공덕역 8번출구,9,12053
공덕역 8번출구,10,12414
공덕역 8번출구,11,7544
공덕역 8번출구,12,3302
공덕역 경의선숲길 커뮤니티센터,1,331
공덕역 경의선숲길 커뮤니티센터,2,406
공덕역 경의선숲길 커뮤니티센터,3,676
공덕역 경의선숲길 커뮤니티센터,4,950
공덕역 경의선숲길 커뮤니티센터,5,1215
공덕역 경의선숲길 커뮤니티센터,6,1124
공덕역 경의선숲길 커뮤니티센터,7,982
공덕역 경의선숲길 커뮤니티센터,8,531
공덕역 경의선숲길 커뮤니티센터,9,543
공덕역 경의선숲길 커뮤니티센터,10,508
공덕역 경의선숲길 커뮤니티센터,11,469
공덕역 경의선숲길 커뮤니티센터,12,218
공릉1단지아파트,1,4460
공릉1단지아파트,2,5014
공릉1단지아파트,3,8037
공릉1단지아파트,4,10442
공릉1단지아파트,5,11983
공릉1단지아파트,6,12085
공릉1단지아파트,7,10848
공릉1단지아파트,8,10435
공릉1단지아파트,9,12396
공릉1단지아파트,10,12672
공릉1단지아파트,11,9776
공릉1단지아파트,12,6237
공릉동 신도1차 아파트 뒤,1,1018
공릉동 신도1차 아파트 뒤,2,1113
공릉동 신도1차 아파트 뒤,3,1742
공릉동 신도1차 아파트 뒤,4,2292
공릉동 신도1차 아파트 뒤,5,2991
공릉동 신도1차 아파트 뒤,6,3238
공릉동 신도1차 아파트 뒤,7,2597
공릉동 신도1차 아파트 뒤,8,2723
공릉동 신도1차 아파트 뒤,9,2865
공릉동 신도1차 아파트 뒤,10,2925
공릉동 신도1차 아파트 뒤,11,2535
공릉동 신도1차 아파트 뒤,12,1726
공릉동 풍림아파트 112동 앞,1,82
공릉동 풍림아파트 112동 앞,2,101
공릉동 풍림아파트 112동 앞,3,147
공릉동 풍림아파트 112동 앞,4,283
공릉동 풍림아파트 112동 앞,5,326
공릉동 풍림아파트 112동 앞,6,325
공릉동 풍림아파트 112동 앞,7,266
공릉동 풍림아파트 112동 앞,8,299
공릉동 풍림아파트 112동 앞,9,312
공릉동 풍림아파트 112동 앞,10,299
공릉동 풍림아파트 112동 앞,11,284
공릉동 풍림아파트 112동 앞,12,209
공릉동풍림아파트 101동,1,1897
공릉동풍림아파트 101동,2,2071
공릉동풍림아파트 101동,3,3562
공릉동풍림아파트 101동,4,4571
공릉동풍림아파트 101동,5,5267
공릉동풍림아파트 101동,6,5955
공릉동풍림아파트 101동,7,5636
공릉동풍림아파트 101동,8,5469
공릉동풍림아파트 101동,9,6061
공릉동풍림아파트 101동,10,5949
공릉동풍림아파트 101동,11,4817
공릉동풍림아파트 101동,12,3106
공릉동효성아파트 앞,4,371
공릉동효성아파트 앞,5,711
공릉동효성아파트 앞,6,842
공릉동효성아파트 앞,7,732
공릉동효성아파트 앞,8,725
공릉동효성아파트 앞,9,831
공릉동효성아파트 앞,10,729
공릉동효성아파트 앞,11,630
공릉동효성아파트 앞,12,340
공릉로 26길,1,856
공릉로 26길,2,986
공릉로 26길,3,1918
공릉로 26길,4,2527
공릉로 26길,5,2951
공릉로 26길,6,2825
공릉로 26길,7,2131
공릉로 26길,8,2488
공릉로 26길,9,3833
공릉로 26길,10,3690
공릉로 26길,11,2629
공릉로 26길,12,1408
공릉산 백세문 입구,1,168
공릉산 백세문 입구,2,208
공릉산 백세문 입구,3,310
공릉산 백세문 입구,4,443
공릉산 백세문 입구,5,652
공릉산 백세문 입구,6,572
공릉산 백세문 입구,7,433
공릉산 백세문 입구,8,477
공릉산 백세문 입구,9,502
공릉산 백세문 입구,10,528
공릉산 백세문 입구,11,396
공릉산 백세문 입구,12,227
공릉역 1번 출구 앞,1,5456
공릉역 1번 출구 앞,2,6107
공릉역 1번 출구 앞,3,11141
공릉역 1번 출구 앞,4,14442
공릉역 1번 출구 앞,5,16746
공릉역 1번 출구 앞,6,16192
공릉역 1번 출구 앞,7,14968
공릉역 1번 출구 앞,8,14091
공릉역 1번 출구 앞,9,16998
공릉역 1번 출구 앞,10,17742
공릉역 1번 출구 앞,11,14033
공릉역 1번 출구 앞,12,8174
공릉역3번출구,1,2626
공릉역3번출구,2,2763
공릉역3번출구,3,4842
공릉역3번출구,4,6079
공릉역3번출구,5,7352
공릉역3번출구,6,7020
공릉역3번출구,7,5893
공릉역3번출구,8,5854
공릉역3번출구,9,7827
공릉역3번출구,10,7837
공릉역3번출구,11,6815
공릉역3번출구,12,4077
공릉풍림아파트 108동,1,1832
공릉풍림아파트 108동,2,1881
공릉풍림아파트 108동,3,3070
공릉풍림아파트 108동,4,3911
공릉풍림아파트 108동,5,4502
공릉풍림아파트 108동,6,5017
공릉풍림아파트 108동,7,4857
공릉풍림아파트 108동,8,4442
공릉풍림아파트 108동,9,5070
공릉풍림아파트 108동,10,5297
공릉풍림아파트 108동,11,4334
공릉풍림아파트 108동,12,2813
공무원연금매점 교차로 (개포주공9단지 입구),1,917
공무원연금매점 교차로 (개포주공9단지 입구),2,898
공무원연금매점 교차로 (개포주공9단지 입구),3,1825
공무원연금매점 교차로 (개포주공9단지 입구),4,2597
공무원연금매점 교차로 (개포주공9단지 입구),5,3038
공무원연금매점 교차로 (개포주공9단지 입구),6,3272
공무원연금매점 교차로 (개포주공9단지 입구),7,2526
공무원연금매점 교차로 (개포주공9단지 입구),8,2690
공무원연금매점 교차로 (개포주공9단지 입구),9,2919
공무원연금매점 교차로 (개포주공9단지 입구),10,3282
공무원연금매점 교차로 (개포주공9단지 입구),11,2441
공무원연금매점 교차로 (개포주공9단지 입구),12,1380
공항시장역 2번출구 뒤,1,2508
공항시장역 2번출구 뒤,2,2512
공항시장역 2번출구 뒤,3,4017
공항시장역 2번출구 뒤,4,4955
공항시장역 2번출구 뒤,5,5937
공항시장역 2번출구 뒤,6,6514
공항시장역 2번출구 뒤,7,6165
공항시장역 2번출구 뒤,8,5968
공항시장역 2번출구 뒤,9,6695
공항시장역 2번출구 뒤,10,7373
공항시장역 2번출구 뒤,11,5975
공항시장역 2번출구 뒤,12,3673
공항시장역 4번출구,1,1223
공항시장역 4번출구,2,1361
공항시장역 4번출구,3,2397
공항시장역 4번출구,4,2938
공항시장역 4번출구,5,3692
공항시장역 4번출구,6,3801
공항시장역 4번출구,7,3357
공항시장역 4번출구,8,3231
공항시장역 4번출구,9,3719
공항시장역 4번출구,10,4021
공항시장역 4번출구,11,2753
공항시장역 4번출구,12,1769
공항신성빌딩 앞,1,235
공항신성빌딩 앞,2,302
공항신성빌딩 앞,3,497
공항신성빌딩 앞,4,731
공항신성빌딩 앞,5,1000
공항신성빌딩 앞,6,1060
공항신성빌딩 앞,7,992
공항신성빌딩 앞,8,611
공항신성빌딩 앞,9,328
공항신성빌딩 앞,10,346
공항신성빌딩 앞,11,293
공항신성빌딩 앞,12,215
공항중학교 버스정류장,1,1041
공항중학교 버스정류장,2,1167
공항중학교 버스정류장,3,1751
공항중학교 버스정류장,4,2194
공항중학교 버스정류장,5,2661
공항중학교 버스정류장,6,2572
공항중학교 버스정류장,7,2401
공항중학교 버스정류장,8,2210
공항중학교 버스정류장,9,2446
공항중학교 버스정류장,10,2551
공항중학교 버스정류장,11,2322
공항중학교 버스정류장,12,1425
공항중학교앞,1,1747
공항중학교앞,2,1710
공항중학교앞,3,2928
공항중학교앞,4,3624
공항중학교앞,5,4586
공항중학교앞,6,4774
공항중학교앞,7,4158
공항중학교앞,8,4209
공항중학교앞,9,5697
공항중학교앞,10,5864
공항중학교앞,11,4548
공항중학교앞,12,2817
공항초등학교건너편,1,5319
공항초등학교건너편,2,5153
공항초등학교건너편,3,7996
공항초등학교건너편,4,9144
공항초등학교건너편,5,10447
공항초등학교건너편,6,11215
공항초등학교건너편,7,10680
공항초등학교건너편,8,10099
공항초등학교건너편,9,10862
공항초등학교건너편,10,11434
공항초등학교건너편,11,10299
공항초등학교건너편,12,6987
과기대 입구(우),1,3686
과기대 입구(우),2,4343
과기대 입구(우),3,9452
과기대 입구(우),4,12918
과기대 입구(우),5,15122
과기대 입구(우),6,12858
과기대 입구(우),7,11585
과기대 입구(우),8,10571
과기대 입구(우),9,15370
과기대 입구(우),10,14393
과기대 입구(우),11,11365
과기대 입구(우),12,5904
관문주유소(GS칼택스) 앞,1,1842
관문주유소(GS칼택스) 앞,2,1992
관문주유소(GS칼택스) 앞,3,3419
관문주유소(GS칼택스) 앞,4,4516
관문주유소(GS칼택스) 앞,5,5375
관문주유소(GS칼택스) 앞,6,5490
관문주유소(GS칼택스) 앞,7,5537
관문주유소(GS칼택스) 앞,8,5965
관문주유소(GS칼택스) 앞,9,6617
관문주유소(GS칼택스) 앞,10,6822
관문주유소(GS칼택스) 앞,11,5536
관문주유소(GS칼택스) 앞,12,3476
관악 GSfresh,1,995
관악 GSfresh,2,1048
관악 GSfresh,3,1719
관악 GSfresh,4,2481
관악 GSfresh,5,2794
관악 GSfresh,6,2766
관악 GSfresh,7,2658
관악 GSfresh,8,2643
관악 GSfresh,9,2529
관악 GSfresh,10,2252
관악 GSfresh,11,2152
관악 GSfresh,12,1337
관악구 보건소,1,87
관악구 보건소,2,103
관악구 보건소,3,115
관악구 보건소,4,186
관악구 보건소,5,152
관악구 보건소,6,235
관악구 보건소,7,210
관악구 보건소,8,42
관악구 보건소,10,2
관악구민체육센터,1,738
관악구민체육센터,2,730
관악구민체육센터,3,1049
관악구민체육센터,4,1367
관악구민체육센터,5,1519
관악구민체육센터,6,1591
관악구민체육센터,7,1896
관악구민체육센터,8,1918
관악구민체육센터,9,1522
관악구민체육센터,10,1677
관악구민체육센터,11,1639
관악구민체육센터,12,841
관악구시설관리공단,1,2546
관악구시설관리공단,2,2718
관악구시설관리공단,3,3992
관악구시설관리공단,4,5337
관악구시설관리공단,5,5800
관악구시설관리공단,6,6274
관악구시설관리공단,7,5755
관악구시설관리공단,8,5955
관악구시설관리공단,9,6251
관악구시설관리공단,10,6516
관악구시설관리공단,11,5122
관악구시설관리공단,12,3292
관악구청교차로,1,1016
관악구청교차로,2,1105
관악구청교차로,3,1832
관악구청교차로,4,2249
관악구청교차로,5,2323
관악구청교차로,6,2547
관악구청교차로,7,2506
관악구청교차로,8,2411
관악구청교차로,9,2470
관악구청교차로,10,2690
관악구청교차로,11,2186
관악구청교차로,12,1299
관악동작견인차량보관소,1,941
관악동작견인차량보관소,2,1218
관악동작견인차량보관소,3,2230
관악동작견인차량보관소,4,3595
관악동작견인차량보관소,5,1762
관악동작견인차량보관소,6,2817
관악동작견인차량보관소,7,2483
관악동작견인차량보관소,8,1875
관악동작견인차량보관소,9,3045
관악동작견인차량보관소,10,2813
관악동작견인차량보관소,11,1705
관악동작견인차량보관소,12,946
관악문화원 건너편,1,25
관악문화원 건너편,2,32
관악문화원 건너편,6,13
관악문화원 건너편,7,14
관악문화원 건너편,8,38
관악문화원 건너편,9,80
관악문화원 건너편,10,44
관악문화원 건너편,11,65
관악문화원 건너편,12,27
관악우체국,1,2467
관악우체국,2,2703
관악우체국,3,4265
관악우체국,4,5332
관악우체국,5,5903
관악우체국,6,6270
관악우체국,7,5652
관악우체국,8,5178
관악우체국,9,5707
관악우체국,10,6164
관악우체국,11,4736
관악우체국,12,2957
관악우체국 교차로,1,622
관악우체국 교차로,2,554
관악우체국 교차로,3,1000
관악우체국 교차로,4,1284
관악우체국 교차로,5,1590
관악우체국 교차로,6,1733
관악우체국 교차로,7,1601
관악우체국 교차로,8,1673
관악우체국 교차로,9,1900
관악우체국 교차로,10,1833
관악우체국 교차로,11,1387
관악우체국 교차로,12,858
광교사거리 남측,1,1561
광교사거리 남측,2,1661
광교사거리 남측,3,2781
광교사거리 남측,4,3782
광교사거리 남측,5,4425
광교사거리 남측,6,4437
광교사거리 남측,7,4057
광교사거리 남측,8,3685
광교사거리 남측,9,4431
광교사거리 남측,10,4689
광교사거리 남측,11,3416
광교사거리 남측,12,2167
광나루안전체험관,1,2014
광나루안전체험관,2,2360
광나루안전체험관,3,4233
광나루안전체험관,4,5805
광나루안전체험관,5,6144
광나루안전체험관,6,4889
광나루안전체험관,7,4513
광나루안전체험관,8,4161
광나루안전체험관,9,5059
광나루안전체험관,10,6183
광나루안전체험관,11,5132
광나루안전체험관,12,3041
광나루역 3번 출구,1,2905
광나루역 3번 출구,2,3453
광나루역 3번 출구,3,6088
광나루역 3번 출구,4,8087
광나루역 3번 출구,5,9065
광나루역 3번 출구,6,9470
광나루역 3번 출구,7,7789
광나루역 3번 출구,8,7465
광나루역 3번 출구,9,9045
광나루역 3번 출구,10,10222
광나루역 3번 출구,11,7680
광나루역 3번 출구,12,4212
광남중학교,1,1074
광남중학교,2,1601
광남중학교,3,3521
광남중학교,4,4625
광남중학교,5,4924
광남중학교,6,5315
광남중학교,7,4216
광남중학교,8,3832
광남중학교,9,5844
광남중학교,10,5335
광남중학교,11,3082
광남중학교,12,1476
광문고교사거리(아이파크),1,743
광문고교사거리(아이파크),2,806
광문고교사거리(아이파크),3,1589
광문고교사거리(아이파크),4,2529
광문고교사거리(아이파크),5,2776
광문고교사거리(아이파크),6,3231
광문고교사거리(아이파크),7,2565
광문고교사거리(아이파크),8,2258
광문고교사거리(아이파크),9,2956
광문고교사거리(아이파크),10,2928
광문고교사거리(아이파크),11,2389
광문고교사거리(아이파크),12,1292
광산사거리,1,2487
광산사거리,2,2847
광산사거리,3,4520
광산사거리,4,6145
광산사거리,5,6642
광산사거리,6,7082
광산사거리,7,6360
광산사거리,8,6175
광산사거리,9,7250
광산사거리,10,7131
광산사거리,11,5438
광산사거리,12,3337
광양중학교 앞,1,1012
광양중학교 앞,2,1276
광양중학교 앞,3,2384
광양중학교 앞,4,3222
광양중학교 앞,5,3345
광양중학교 앞,6,3335
광양중학교 앞,7,2652
광양중학교 앞,8,1973
광양중학교 앞,9,2635
광양중학교 앞,10,2794
광양중학교 앞,11,1903
광양중학교 앞,12,1113
광운대역 앞,1,2312
광운대역 앞,2,2572
광운대역 앞,3,4682
광운대역 앞,4,6330
광운대역 앞,5,7577
광운대역 앞,6,7478
광운대역 앞,7,6313
광운대역 앞,8,5840
광운대역 앞,9,6604
광운대역 앞,10,7347
광운대역 앞,11,5984
광운대역 앞,12,3462
광운대학교 중앙도서관,1,2102
광운대학교 중앙도서관,2,2212
광운대학교 중앙도서관,3,4841
광운대학교 중앙도서관,4,6345
광운대학교 중앙도서관,5,7344
광운대학교 중앙도서관,6,7232
광운대학교 중앙도서관,7,6103
광운대학교 중앙도서관,8,6322
광운대학교 중앙도서관,9,7838
광운대학교 중앙도서관,10,7501
광운대학교 중앙도서관,11,6146
광운대학교 중앙도서관,12,3545
광운초등학교 앞,1,1363
광운초등학교 앞,2,1409
광운초등학교 앞,3,2294
광운초등학교 앞,4,3153
광운초등학교 앞,5,3490
광운초등학교 앞,6,3599
광운초등학교 앞,7,3113
광운초등학교 앞,8,2813
광운초등학교 앞,9,3417
광운초등학교 앞,10,3105
광운초등학교 앞,11,2518
광운초등학교 앞,12,1659
광일빌딩,1,1226
광일빌딩,2,1285
광일빌딩,3,2131
광일빌딩,4,2765
광일빌딩,5,3103
광일빌딩,6,3119
광일빌딩,7,2865
광일빌딩,8,2924
광일빌딩,9,3243
광일빌딩,10,3300
광일빌딩,11,2850
광일빌딩,12,1842
광진 캠퍼스시티,1,3931
광진 캠퍼스시티,2,4287
광진 캠퍼스시티,3,7029
광진 캠퍼스시티,4,8942
광진 캠퍼스시티,5,9503
광진 캠퍼스시티,6,9788
광진 캠퍼스시티,7,9488
광진 캠퍼스시티,8,9424
광진 캠퍼스시티,9,10504
광진 캠퍼스시티,10,10811
광진 캠퍼스시티,11,9262
광진 캠퍼스시티,12,5814
광진경찰서,1,4201
광진경찰서,2,4610
광진경찰서,3,7921
광진경찰서,4,10179
광진경찰서,5,10984
광진경찰서,6,11760
광진경찰서,7,10603
광진경찰서,8,10019
광진경찰서,9,9437
광진경찰서,10,9684
광진경찰서,11,7892
광진경찰서,12,4857
광진경찰서 앞,11,51
광진경찰서 앞,12,701
광진광장,1,2672
광진광장,2,2954
광진광장,3,5699
광진광장,4,7464
광진광장,5,7580
광진광장,6,7688
광진광장,7,6570
광진광장,8,4753
광진광장,9,6195
광진광장,10,5638
광진광장,11,5342
광진광장,12,3178
광진광장 교통섬,1,4679
광진광장 교통섬,2,5004
광진광장 교통섬,3,8760
광진광장 교통섬,4,11219
광진광장 교통섬,5,11552
광진광장 교통섬,6,12649
광진광장 교통섬,7,12169
광진광장 교통섬,8,11777
광진광장 교통섬,9,14298
광진광장 교통섬,10,14269
광진광장 교통섬,11,11927
광진광장 교통섬,12,6798
광진교 남단 사거리(천호공원 방면),1,2039
광진교 남단 사거리(천호공원 방면),2,2551
광진교 남단 사거리(천호공원 방면),3,4815
광진교 남단 사거리(천호공원 방면),4,6801
광진교 남단 사거리(천호공원 방면),5,7778
광진교 남단 사거리(천호공원 방면),6,7520
광진교 남단 사거리(천호공원 방면),7,6238
광진교 남단 사거리(천호공원 방면),8,5721
광진교 남단 사거리(천호공원 방면),9,7707
광진교 남단 사거리(천호공원 방면),10,7489
광진교 남단 사거리(천호공원 방면),11,5243
광진교 남단 사거리(천호공원 방면),12,2753
광진구 민방위교육센터,1,1506
광진구 민방위교육센터,2,1631
광진구 민방위교육센터,3,2991
광진구 민방위교육센터,4,4164
광진구 민방위교육센터,5,4506
광진구 민방위교육센터,6,5061
광진구 민방위교육센터,7,4387
광진구 민방위교육센터,8,4433
광진구 민방위교육센터,9,4293
광진구 민방위교육센터,10,4971
광진구 민방위교육센터,11,4229
광진구 민방위교육센터,12,2507
광진구청 앞,9,743
광진구청 앞,10,1096
광진구청 앞,11,1197
광진구청 앞,12,846
광진메디칼 앞,1,2703
광진메디칼 앞,2,2771
광진메디칼 앞,3,4620
광진메디칼 앞,4,5895
광진메디칼 앞,5,6441
광진메디칼 앞,6,6812
광진메디칼 앞,7,6532
광진메디칼 앞,8,6270
광진메디칼 앞,9,6749
광진메디칼 앞,10,6790
광진메디칼 앞,11,5889
광진메디칼 앞,12,3631
광진문화예술회관 앞,1,3552
광진문화예술회관 앞,2,3767
광진문화예술회관 앞,3,6151
광진문화예술회관 앞,4,7633
광진문화예술회관 앞,5,8597
광진문화예술회관 앞,6,8690
광진문화예술회관 앞,7,8186
광진문화예술회관 앞,8,7930
광진문화예술회관 앞,9,8914
광진문화예술회관 앞,10,8341
광진문화예술회관 앞,11,6940
광진문화예술회관 앞,12,4509
광진소방서 앞,1,1836
광진소방서 앞,2,2082
광진소방서 앞,3,3601
광진소방서 앞,4,4433
광진소방서 앞,5,4486
광진소방서 앞,6,4863
광진소방서 앞,7,4527
광진소방서 앞,8,4455
광진소방서 앞,9,5131
광진소방서 앞,10,5198
광진소방서 앞,11,4648
광진소방서 앞,12,2907
광진유진스웰,1,343
광진유진스웰,2,347
광진유진스웰,3,722
광진유진스웰,4,938
광진유진스웰,5,885
광진유진스웰,6,816
광진유진스웰,7,648
광진유진스웰,8,559
광진유진스웰,9,802
광진유진스웰,10,781
광진유진스웰,11,652
광진유진스웰,12,311
광진정보도서관,1,1751
광진정보도서관,2,2287
광진정보도서관,3,3793
광진정보도서관,4,4931
광진정보도서관,5,4844
광진정보도서관,6,4785
광진정보도서관,7,4027
광진정보도서관,8,4005
광진정보도서관,9,5266
광진정보도서관,10,5971
광진정보도서관,11,4236
광진정보도서관,12,2303
광진청소년수련관,1,2414
광진청소년수련관,2,2961
광진청소년수련관,3,5186
광진청소년수련관,4,7155
광진청소년수련관,5,8263
광진청소년수련관,6,8360
광진청소년수련관,7,6907
광진청소년수련관,8,6367
광진청소년수련관,9,7857
광진청소년수련관,10,7046
광진청소년수련관,11,5056
광진청소년수련관,12,2889
광평교사거리 인근,1,73
광평교사거리 인근,2,90
광평교사거리 인근,3,195
광평교사거리 인근,4,327
광평교사거리 인근,5,311
광평교사거리 인근,6,278
광평교사거리 인근,7,217
광평교사거리 인근,8,188
광평교사거리 인근,9,322
광평교사거리 인근,10,273
광평교사거리 인근,11,179
광평교사거리 인근,12,80
광화문 S타워 앞,1,4555
광화문 S타워 앞,2,4743
광화문 S타워 앞,3,6672
광화문 S타워 앞,4,8660
광화문 S타워 앞,5,9591
광화문 S타워 앞,6,9821
광화문 S타워 앞,7,10449
광화문 S타워 앞,8,9479
광화문 S타워 앞,9,10086
광화문 S타워 앞,10,10807
광화문 S타워 앞,11,9895
광화문 S타워 앞,12,5963
광화문 시민열린마당,1,1400
광화문 시민열린마당,2,1410
광화문 시민열린마당,3,2344
광화문 시민열린마당,4,3659
광화문 시민열린마당,5,4364
광화문 시민열린마당,6,3969
광화문 시민열린마당,7,3649
광화문 시민열린마당,8,3042
광화문 시민열린마당,9,2995
광화문 시민열린마당,10,2976
광화문 시민열린마당,11,2513
광화문 시민열린마당,12,1179
광화문 풍림스페이스본 1단지앞,1,1251
광화문 풍림스페이스본 1단지앞,2,1343
광화문 풍림스페이스본 1단지앞,3,2343
광화문 풍림스페이스본 1단지앞,4,2492
광화문 풍림스페이스본 1단지앞,5,2646
광화문 풍림스페이스본 1단지앞,6,2906
광화문 풍림스페이스본 1단지앞,7,3433
광화문 풍림스페이스본 1단지앞,8,3299
광화문 풍림스페이스본 1단지앞,9,3770
광화문 풍림스페이스본 1단지앞,10,3778
광화문 풍림스페이스본 1단지앞,11,3240
광화문 풍림스페이스본 1단지앞,12,1984
광화문역 1번출구 앞,1,4414
광화문역 1번출구 앞,2,4721
광화문역 1번출구 앞,3,6610
광화문역 1번출구 앞,4,9368
광화문역 1번출구 앞,5,10032
광화문역 1번출구 앞,6,10618
광화문역 1번출구 앞,7,10243
광화문역 1번출구 앞,8,9871
광화문역 1번출구 앞,9,10748
광화문역 1번출구 앞,10,10978
광화문역 1번출구 앞,11,10078
광화문역 1번출구 앞,12,6363
광화문역 2번출구 앞,1,463
광화문역 2번출구 앞,2,434
광화문역 2번출구 앞,3,662
광화문역 2번출구 앞,4,478
광화문역 2번출구 앞,5,556
광화문역 2번출구 앞,6,597
광화문역 2번출구 앞,7,617
광화문역 2번출구 앞,8,546
광화문역 2번출구 앞,9,719
광화문역 2번출구 앞,10,860
광화문역 2번출구 앞,11,674
광화문역 2번출구 앞,12,326
광화문역 5번출구,1,3848
광화문역 5번출구,2,4430
광화문역 5번출구,3,6665
광화문역 5번출구,4,10922
광화문역 5번출구,5,12581
광화문역 5번출구,6,12034
광화문역 5번출구,7,11194
광화문역 5번출구,8,11302
광화문역 5번출구,9,13175
광화문역 5번출구,10,12819
광화문역 5번출구,11,10000
광화문역 5번출구,12,5166
광화문역 6번출구 옆 A,1,975
광화문역 6번출구 옆 A,2,1157
광화문역 6번출구 옆 A,3,1439
광화문역 6번출구 옆 A,4,2360
광화문역 6번출구 옆 A,5,2593
광화문역 6번출구 옆 A,6,2680
광화문역 6번출구 옆 A,7,2975
광화문역 6번출구 옆 A,8,2874
광화문역 6번출구 옆 A,9,3265
광화문역 6번출구 옆 A,10,3289
광화문역 6번출구 옆 A,11,2878
광화문역 6번출구 옆 A,12,1701
광화문역 6번출구 옆 B,1,1506
광화문역 6번출구 옆 B,2,1451
광화문역 6번출구 옆 B,3,2212
광화문역 6번출구 옆 B,4,3527
광화문역 6번출구 옆 B,5,3697
광화문역 6번출구 옆 B,6,3674
광화문역 6번출구 옆 B,7,3807
광화문역 6번출구 옆 B,8,3452
광화문역 6번출구 옆 B,9,3889
광화문역 6번출구 옆 B,10,3868
광화문역 6번출구 옆 B,11,3386
광화문역 6번출구 옆 B,12,1785
광화문역 7번출구 앞,1,586
광화문역 7번출구 앞,2,770
광화문역 7번출구 앞,3,1078
광화문역 7번출구 앞,4,1495
광화문역 7번출구 앞,5,1378
광화문역 7번출구 앞,6,1777
광화문역 7번출구 앞,7,1668
광화문역 7번출구 앞,8,974
광화문역 7번출구 앞,9,999
광화문역 7번출구 앞,10,1013
광화문역 7번출구 앞,11,721
광화문역 7번출구 앞,12,356
광흥창역 2번출구 앞,1,1615
광흥창역 2번출구 앞,2,1827
광흥창역 2번출구 앞,3,3095
광흥창역 2번출구 앞,4,3639
광흥창역 2번출구 앞,5,3794
광흥창역 2번출구 앞,6,3489
광흥창역 2번출구 앞,7,3451
광흥창역 2번출구 앞,8,3219
광흥창역 2번출구 앞,9,3861
광흥창역 2번출구 앞,10,3871
광흥창역 2번출구 앞,11,2980
광흥창역 2번출구 앞,12,1894
광흥창역5번출구,1,721
광흥창역5번출구,2,914
광흥창역5번출구,3,1875
광흥창역5번출구,4,2511
광흥창역5번출구,5,2866
광흥창역5번출구,6,2870
광흥창역5번출구,7,2219
광흥창역5번출구,8,2165
광흥창역5번출구,9,2611
광흥창역5번출구,10,2593
광흥창역5번출구,11,1924
광흥창역5번출구,12,1044
광희문,1,1527
광희문,2,1574
광희문,3,2572
광희문,4,3141
광희문,5,3243
광희문,6,3352
광희문,7,3198
광희문,8,3499
광희문,9,3668
광희문,10,3826
광희문,11,3243
광희문,12,2195
교대역 5번출구뒤,1,2478
교대역 5번출구뒤,2,2653
교대역 5번출구뒤,3,4367
교대역 5번출구뒤,4,5632
교대역 5번출구뒤,5,6232
교대역 5번출구뒤,6,6100
교대역 5번출구뒤,7,5453
교대역 5번출구뒤,8,5394
교대역 5번출구뒤,9,6380
교대역 5번출구뒤,10,6832
교대역 5번출구뒤,11,5360
교대역 5번출구뒤,12,3138
교대역 6번출구,1,1242
교대역 6번출구,2,1434
교대역 6번출구,3,2399
교대역 6번출구,4,2941
교대역 6번출구,5,3395
교대역 6번출구,6,3254
교대역 6번출구,7,3013
교대역 6번출구,8,2812
교대역 6번출구,9,3237
교대역 6번출구,10,3501
교대역 6번출구,11,2930
교대역 6번출구,12,1674
교대입구 교차로,1,726
교대입구 교차로,2,751
교대입구 교차로,3,1368
교대입구 교차로,4,1518
교대입구 교차로,5,2013
교대입구 교차로,6,1940
교대입구 교차로,7,1816
교대입구 교차로,8,1692
교대입구 교차로,9,2119
교대입구 교차로,10,2039
교대입구 교차로,11,1609
교대입구 교차로,12,1034
교보생명보험 앞,1,2788
교보생명보험 앞,2,3105
교보생명보험 앞,3,4882
교보생명보험 앞,4,6319
교보생명보험 앞,5,6634
교보생명보험 앞,6,7111
교보생명보험 앞,7,6585
교보생명보험 앞,8,6190
교보생명보험 앞,9,6773
교보생명보험 앞,10,6983
교보생명보험 앞,11,5822
교보생명보험 앞,12,3899
교보타워 버스정류장(신논현역 3번출구 후면),1,1690
교보타워 버스정류장(신논현역 3번출구 후면),2,1888
교보타워 버스정류장(신논현역 3번출구 후면),3,3029
교보타워 버스정류장(신논현역 3번출구 후면),4,3595
교보타워 버스정류장(신논현역 3번출구 후면),5,4178
교보타워 버스정류장(신논현역 3번출구 후면),6,4382
교보타워 버스정류장(신논현역 3번출구 후면),7,3957
교보타워 버스정류장(신논현역 3번출구 후면),8,3707
교보타워 버스정류장(신논현역 3번출구 후면),9,4356
교보타워 버스정류장(신논현역 3번출구 후면),10,4705
교보타워 버스정류장(신논현역 3번출구 후면),11,3596
교보타워 버스정류장(신논현역 3번출구 후면),12,1996
교수마을 입구,1,227
교수마을 입구,2,236
교수마을 입구,3,362
교수마을 입구,4,471
교수마을 입구,5,633
교수마을 입구,6,524
교수마을 입구,7,454
교수마을 입구,8,577
교수마을 입구,9,757
교수마을 입구,10,827
교수마을 입구,11,679
교수마을 입구,12,339
구 서부경찰서 건너편,1,1597
구 서부경찰서 건너편,2,1701
구 서부경찰서 건너편,3,2759
구 서부경찰서 건너편,4,3468
구 서부경찰서 건너편,5,3775
구 서부경찰서 건너편,6,3851
구 서부경찰서 건너편,7,3621
구 서부경찰서 건너편,8,3233
구 서부경찰서 건너편,9,3857
구 서부경찰서 건너편,10,3899
구 서부경찰서 건너편,11,3176
구 서부경찰서 건너편,12,1951
구기치안센터 앞,1,243
구기치안센터 앞,2,326
구기치안센터 앞,3,470
구기치안센터 앞,4,677
구기치안센터 앞,5,641
구기치안센터 앞,6,603
구기치안센터 앞,7,573
구기치안센터 앞,8,416
구기치안센터 앞,9,480
구기치안센터 앞,10,502
구기치안센터 앞,11,476
구기치안센터 앞,12,280
구로1동우체국 앞,1,470
구로1동우체국 앞,2,478
구로1동우체국 앞,3,740
구로1동우체국 앞,4,821
구로1동우체국 앞,5,973
구로1동우체국 앞,6,1014
구로1동우체국 앞,7,844
구로1동우체국 앞,8,697
구로1동우체국 앞,9,1007
구로1동우체국 앞,10,1132
구로1동우체국 앞,11,815
구로1동우체국 앞,12,554
구로거리공원 동측(신도림역 방면),1,2121
구로거리공원 동측(신도림역 방면),2,2294
구로거리공원 동측(신도림역 방면),3,3551
구로거리공원 동측(신도림역 방면),4,4759
구로거리공원 동측(신도림역 방면),5,5239
구로거리공원 동측(신도림역 방면),6,5787
구로거리공원 동측(신도림역 방면),7,5189
구로거리공원 동측(신도림역 방면),8,5108
구로거리공원 동측(신도림역 방면),9,6006
구로거리공원 동측(신도림역 방면),10,5864
구로거리공원 동측(신도림역 방면),11,4747
구로거리공원 동측(신도림역 방면),12,2584
구로공구상가 앞,1,304
구로공구상가 앞,2,282
구로공구상가 앞,3,456
구로공구상가 앞,4,570
구로공구상가 앞,5,657
구로공구상가 앞,6,709
구로공구상가 앞,7,919
구로공구상가 앞,8,918
구로공구상가 앞,9,927
구로공구상가 앞,10,935
구로공구상가 앞,11,791
구로공구상가 앞,12,514
구로교 아래,1,1546
구로교 아래,2,1807
구로교 아래,3,2912
구로교 아래,4,4055
구로교 아래,5,5108
구로교 아래,6,5401
구로교 아래,7,4528
구로교 아래,8,4621
구로교 아래,9,4861
구로교 아래,10,5064
구로교 아래,11,3858
구로교 아래,12,2083
구로구배드민턴실내체육관 앞,1,628
구로구배드민턴실내체육관 앞,2,621
구로구배드민턴실내체육관 앞,3,1247
구로구배드민턴실내체육관 앞,4,1618
구로구배드민턴실내체육관 앞,5,1940
구로구배드민턴실내체육관 앞,6,2142
구로구배드민턴실내체육관 앞,7,1795
구로구배드민턴실내체육관 앞,8,1514
구로구배드민턴실내체육관 앞,9,1965
구로구배드민턴실내체육관 앞,10,2130
구로구배드민턴실내체육관 앞,11,1695
구로구배드민턴실내체육관 앞,12,1024
구로구의회 앞,1,1454
구로구의회 앞,2,1603
구로구의회 앞,3,2972
구로구의회 앞,4,4032
구로구의회 앞,5,5245
구로구의회 앞,6,6171
구로구의회 앞,7,5471
구로구의회 앞,8,5364
구로구의회 앞,9,6454
구로구의회 앞,10,6434
구로구의회 앞,11,3793
구로구의회 앞,12,2134
구로구청,1,1732
구로구청,2,2135
구로구청,3,3312
구로구청,4,4299
구로구청,5,5127
구로구청,6,5272
구로구청,7,4440
구로구청,8,4186
구로구청,9,4442
구로구청,10,4185
구로구청,11,3263
구로구청,12,1978
구로도서관,1,5914
구로도서관,2,6303
구로도서관,3,9797
구로도서관,4,13335
구로도서관,5,14649
구로도서관,6,15257
구로도서관,7,13720
구로도서관,8,13326
구로도서관,9,15035
구로도서관,10,15273
구로도서관,11,12675
구로도서관,12,7586
구로동롯데아파트,1,1652
구로동롯데아파트,2,1924
구로동롯데아파트,3,2873
구로동롯데아파트,4,3698
구로동롯데아파트,5,3864
구로동롯데아파트,6,4442
구로동롯데아파트,7,4047
구로동롯데아파트,8,3818
구로동롯데아파트,9,4409
구로동롯데아파트,10,4743
구로동롯데아파트,11,3882
구로동롯데아파트,12,2270
구로디지털단지역 앞,1,10206
구로디지털단지역 앞,2,11210
구로디지털단지역 앞,3,18160
구로디지털단지역 앞,4,24623
구로디지털단지역 앞,5,26669
구로디지털단지역 앞,6,26516
구로디지털단지역 앞,7,23778
구로디지털단지역 앞,8,21821
구로디지털단지역 앞,9,27388
구로디지털단지역 앞,10,30416
구로디지털단지역 앞,11,23895
구로디지털단지역 앞,12,14199
구로리공원,1,1300
구로리공원,2,1539
구로리공원,3,2550
구로리공원,4,2497
구로리공원,5,2857
구로리공원,6,3287
구로리공원,7,3130
구로리공원,8,2843
구로리공원,9,3254
구로리공원,10,3774
구로리공원,11,2584
구로리공원,12,1534
구로역 광장,1,4240
구로역 광장,2,4543
구로역 광장,3,7251
구로역 광장,4,9335
구로역 광장,5,10288
구로역 광장,6,10634
구로역 광장,7,9651
구로역 광장,8,9080
구로역 광장,9,11261
구로역 광장,10,11755
구로역 광장,11,10022
구로역 광장,12,6704
구로역·NC신구로점 버스정류장(구로역 방면),1,1760
구로역·NC신구로점 버스정류장(구로역 방면),2,1975
구로역·NC신구로점 버스정류장(구로역 방면),3,3400
구로역·NC신구로점 버스정류장(구로역 방면),4,4151
구로역·NC신구로점 버스정류장(구로역 방면),5,4913
구로역·NC신구로점 버스정류장(구로역 방면),6,5320
구로역·NC신구로점 버스정류장(구로역 방면),7,4727
구로역·NC신구로점 버스정류장(구로역 방면),8,4771
구로역·NC신구로점 버스정류장(구로역 방면),9,5315
구로역·NC신구로점 버스정류장(구로역 방면),10,5848
구로역·NC신구로점 버스정류장(구로역 방면),11,4626
구로역·NC신구로점 버스정류장(구로역 방면),12,2845
구로월드아파트 앞,1,1273
구로월드아파트 앞,2,1567
구로월드아파트 앞,3,2608
구로월드아파트 앞,4,3247
구로월드아파트 앞,5,3759
구로월드아파트 앞,6,3908
구로월드아파트 앞,7,3239
구로월드아파트 앞,8,3301
구로월드아파트 앞,9,3726
구로월드아파트 앞,10,3948
구로월드아파트 앞,11,3149
구로월드아파트 앞,12,2133
구로자원순환센터,1,163
구로자원순환센터,2,220
구로자원순환센터,3,390
구로자원순환센터,4,512
구로자원순환센터,5,663
구로자원순환센터,6,668
구로자원순환센터,7,570
구로자원순환센터,8,497
구로자원순환센터,9,744
구로자원순환센터,10,793
구로자원순환센터,11,465
구로자원순환센터,12,259
구로중학교앞,1,1181
구로중학교앞,2,1251
구로중학교앞,3,1865
구로중학교앞,4,2635
구로중학교앞,5,2951
구로중학교앞,6,3131
구로중학교앞,7,2920
구로중학교앞,8,2374
구로중학교앞,9,3071
구로중학교앞,10,3269
구로중학교앞,11,2743
구로중학교앞,12,1723
구룡근린공원,1,604
구룡근린공원,2,648
구룡근린공원,3,988
구룡근린공원,4,1352
구룡근린공원,5,1426
구룡근린공원,6,1827
구룡근린공원,7,1561
구룡근린공원,8,1589
구룡근린공원,9,2061
구룡근린공원,10,1986
구룡근린공원,11,1597
구룡근린공원,12,867
구룡마을 입구 (래미안블레스티지 아파트),1,748
구룡마을 입구 (래미안블레스티지 아파트),2,812
구룡마을 입구 (래미안블레스티지 아파트),3,1604
구룡마을 입구 (래미안블레스티지 아파트),4,2074
구룡마을 입구 (래미안블레스티지 아파트),5,2016
구룡마을 입구 (래미안블레스티지 아파트),6,2117
구룡마을 입구 (래미안블레스티지 아파트),7,1612
구룡마을 입구 (래미안블레스티지 아파트),8,1619
구룡마을 입구 (래미안블레스티지 아파트),9,2034
구룡마을 입구 (래미안블레스티지 아파트),10,2086
구룡마을 입구 (래미안블레스티지 아파트),11,1791
구룡마을 입구 (래미안블레스티지 아파트),12,1119
구룡사 삼거리,1,555
구룡사 삼거리,2,611
구룡사 삼거리,3,981
구룡사 삼거리,4,1609
구룡사 삼거리,5,1467
구룡사 삼거리,6,1455
구룡사 삼거리,7,1543
구룡사 삼거리,8,1545
구룡사 삼거리,9,1580
구룡사 삼거리,10,1474
구룡사 삼거리,11,1501
구룡사 삼거리,12,814
구룡사 앞 교차로 (보도육교),1,120
구룡사 앞 교차로 (보도육교),2,118
구룡사 앞 교차로 (보도육교),3,222
구룡사 앞 교차로 (보도육교),4,329
구룡사 앞 교차로 (보도육교),5,282
구룡사 앞 교차로 (보도육교),6,244
구룡사 앞 교차로 (보도육교),7,183
구룡사 앞 교차로 (보도육교),8,188
구룡사 앞 교차로 (보도육교),9,234
구룡사 앞 교차로 (보도육교),10,236
구룡사 앞 교차로 (보도육교),11,165
구룡사 앞 교차로 (보도육교),12,113
구룡산 입구 (구룡산 서울둘레길 입구),1,328
구룡산 입구 (구룡산 서울둘레길 입구),2,344
구룡산 입구 (구룡산 서울둘레길 입구),3,421
구룡산 입구 (구룡산 서울둘레길 입구),4,500
구룡산 입구 (구룡산 서울둘레길 입구),5,489
구룡산 입구 (구룡산 서울둘레길 입구),6,491
구룡산 입구 (구룡산 서울둘레길 입구),7,398
구룡산 입구 (구룡산 서울둘레길 입구),8,366
구룡산 입구 (구룡산 서울둘레길 입구),9,409
구룡산 입구 (구룡산 서울둘레길 입구),10,328
구룡산 입구 (구룡산 서울둘레길 입구),11,474
구룡산 입구 (구룡산 서울둘레길 입구),12,393
구룡역 1번 출구,1,485
구룡역 1번 출구,2,551
구룡역 1번 출구,3,828
구룡역 1번 출구,4,991
구룡역 1번 출구,5,996
구룡역 1번 출구,6,1154
구룡역 1번 출구,7,987
구룡역 1번 출구,8,966
구룡역 1번 출구,9,1073
구룡역 1번 출구,10,1222
구룡역 1번 출구,11,1157
구룡역 1번 출구,12,815
구룡역 4번 출구,1,157
구룡역 4번 출구,2,205
구룡역 4번 출구,3,415
구룡역 4번 출구,4,410
구룡역 4번 출구,5,453
구룡역 4번 출구,6,432
구룡역 4번 출구,7,423
구룡역 4번 출구,8,493
구룡역 4번 출구,9,445
구룡역 4번 출구,10,503
구룡역 4번 출구,11,482
구룡역 4번 출구,12,313
구룡역 5번 출구,1,457
구룡역 5번 출구,2,530
구룡역 5번 출구,3,800
구룡역 5번 출구,4,1020
구룡역 5번 출구,5,1027
구룡역 5번 출구,6,1091
구룡역 5번 출구,7,949
구룡역 5번 출구,8,964
구룡역 5번 출구,9,997
구룡역 5번 출구,10,1067
구룡역 5번 출구,11,1076
구룡역 5번 출구,12,689
구룡초사거리 (현대아파트10동 앞 ),1,957
구룡초사거리 (현대아파트10동 앞 ),2,1091
구룡초사거리 (현대아파트10동 앞 ),3,1746
구룡초사거리 (현대아파트10동 앞 ),4,2267
구룡초사거리 (현대아파트10동 앞 ),5,2599
구룡초사거리 (현대아파트10동 앞 ),6,2221
구룡초사거리 (현대아파트10동 앞 ),7,1924
구룡초사거리 (현대아파트10동 앞 ),8,1715
구룡초사거리 (현대아파트10동 앞 ),9,2110
구룡초사거리 (현대아파트10동 앞 ),10,2339
구룡초사거리 (현대아파트10동 앞 ),11,2091
구룡초사거리 (현대아파트10동 앞 ),12,1263
구룡터널 입구(개포1단지아파트),1,63
구룡터널 입구(개포1단지아파트),2,49
구룡터널 입구(개포1단지아파트),3,67
구룡터널 입구(개포1단지아파트),4,67
구룡터널 입구(개포1단지아파트),5,73
구룡터널 입구(개포1단지아파트),6,61
구룡터널 입구(개포1단지아파트),7,67
구룡터널 입구(개포1단지아파트),8,44
구룡터널 입구(개포1단지아파트),9,60
구룡터널 입구(개포1단지아파트),10,66
구룡터널 입구(개포1단지아파트),11,49
구룡터널 입구(개포1단지아파트),12,42
구립망우청소년독서실,1,147
구립망우청소년독서실,2,150
구립망우청소년독서실,3,237
구립망우청소년독서실,4,234
구립망우청소년독서실,5,346
구립망우청소년독서실,6,431
구립망우청소년독서실,7,452
구립망우청소년독서실,8,333
구립망우청소년독서실,9,400
구립망우청소년독서실,10,245
구립망우청소년독서실,11,125
구립망우청소년독서실,12,95
구립수락노인종합복지관,1,369
구립수락노인종합복지관,2,502
구립수락노인종합복지관,3,745
구립수락노인종합복지관,4,1057
구립수락노인종합복지관,5,1112
구립수락노인종합복지관,6,1271
구립수락노인종합복지관,7,1099
구립수락노인종합복지관,8,1235
구립수락노인종합복지관,9,1368
구립수락노인종합복지관,10,1245
구립수락노인종합복지관,11,998
구립수락노인종합복지관,12,696
구립양천어르신요양센터,1,106
구립양천어르신요양센터,2,132
구립양천어르신요양센터,3,283
구립양천어르신요양센터,4,396
구립양천어르신요양센터,5,503
구립양천어르신요양센터,6,553
구립양천어르신요양센터,7,426
구립양천어르신요양센터,8,336
구립양천어르신요양센터,9,456
구립양천어르신요양센터,10,414
구립양천어르신요양센터,11,298
구립양천어르신요양센터,12,183
구산역 2번 출구 예일여고 버스정류장,1,2259
구산역 2번 출구 예일여고 버스정류장,2,2649
구산역 2번 출구 예일여고 버스정류장,3,4361
구산역 2번 출구 예일여고 버스정류장,4,5890
구산역 2번 출구 예일여고 버스정류장,5,6347
구산역 2번 출구 예일여고 버스정류장,6,6292
구산역 2번 출구 예일여고 버스정류장,7,5487
구산역 2번 출구 예일여고 버스정류장,8,5378
구산역 2번 출구 예일여고 버스정류장,9,6607
구산역 2번 출구 예일여고 버스정류장,10,6423
구산역 2번 출구 예일여고 버스정류장,11,4916
구산역 2번 출구 예일여고 버스정류장,12,2885
구산역 4번출구,1,2186
구산역 4번출구,2,2470
구산역 4번출구,3,3986
구산역 4번출구,4,5042
구산역 4번출구,5,5502
구산역 4번출구,6,5707
구산역 4번출구,7,5340
구산역 4번출구,8,5430
구산역 4번출구,9,6082
구산역 4번출구,10,6003
구산역 4번출구,11,4681
구산역 4번출구,12,2681
구암초등학교 버스정류장,1,517
구암초등학교 버스정류장,2,497
구암초등학교 버스정류장,3,601
구암초등학교 버스정류장,4,1074
구암초등학교 버스정류장,5,962
구암초등학교 버스정류장,6,1015
구암초등학교 버스정류장,7,1017
구암초등학교 버스정류장,8,975
구암초등학교 버스정류장,9,1076
구암초등학교 버스정류장,10,1067
구암초등학교 버스정류장,11,955
구암초등학교 버스정류장,12,551
구역삼세무서 교차로,1,1110
구역삼세무서 교차로,2,978
구역삼세무서 교차로,3,1428
구역삼세무서 교차로,4,2386
구역삼세무서 교차로,5,2819
구역삼세무서 교차로,6,2740
구역삼세무서 교차로,7,2504
구역삼세무서 교차로,8,2403
구역삼세무서 교차로,9,2700
구역삼세무서 교차로,10,2971
구역삼세무서 교차로,11,2634
구역삼세무서 교차로,12,1599
구의3동주민센터,1,818
구의3동주민센터,2,921
구의3동주민센터,3,1648
구의3동주민센터,4,2281
구의3동주민센터,5,2598
구의3동주민센터,6,2790
구의3동주민센터,7,2231
구의3동주민센터,8,1991
구의3동주민센터,9,2118
구의3동주민센터,10,2141
구의3동주민센터,11,1810
구의3동주민센터,12,1100
구의7단지현대아파트,1,347
구의7단지현대아파트,2,349
구의7단지현대아파트,3,602
구의7단지현대아파트,4,825
구의7단지현대아파트,5,960
구의7단지현대아파트,6,1082
구의7단지현대아파트,7,919
구의7단지현대아파트,8,843
구의7단지현대아파트,9,1001
구의7단지현대아파트,10,1087
구의7단지현대아파트,11,907
구의7단지현대아파트,12,551
구의공원(테크노마트 앞),1,3292
구의공원(테크노마트 앞),2,3641
구의공원(테크노마트 앞),3,5984
구의공원(테크노마트 앞),4,7800
구의공원(테크노마트 앞),5,8827
구의공원(테크노마트 앞),6,8888
구의공원(테크노마트 앞),7,7451
구의공원(테크노마트 앞),8,7288
구의공원(테크노마트 앞),9,8546
구의공원(테크노마트 앞),10,9220
구의공원(테크노마트 앞),11,7742
구의공원(테크노마트 앞),12,4854
구의문주차장 앞,1,3103
구의문주차장 앞,2,3461
구의문주차장 앞,3,6068
구의문주차장 앞,4,8379
구의문주차장 앞,5,8480
구의문주차장 앞,6,8967
구의문주차장 앞,7,7380
구의문주차장 앞,8,7173
구의문주차장 앞,9,8666
구의문주차장 앞,10,8717
구의문주차장 앞,11,7201
구의문주차장 앞,12,4254
구의삼성쉐르빌 앞,1,4549
구의삼성쉐르빌 앞,2,5003
구의삼성쉐르빌 앞,3,7758
구의삼성쉐르빌 앞,4,10158
구의삼성쉐르빌 앞,5,10751
구의삼성쉐르빌 앞,6,10510
구의삼성쉐르빌 앞,7,10429
구의삼성쉐르빌 앞,8,9696
구의삼성쉐르빌 앞,9,11281
구의삼성쉐르빌 앞,10,11583
구의삼성쉐르빌 앞,11,9161
구의삼성쉐르빌 앞,12,5776
구의아리수정수센터앞,1,1502
구의아리수정수센터앞,2,1451
구의아리수정수센터앞,3,2604
구의아리수정수센터앞,4,3297
구의아리수정수센터앞,5,3529
구의아리수정수센터앞,6,3590
구의아리수정수센터앞,7,3110
구의아리수정수센터앞,8,2918
구의아리수정수센터앞,9,3377
구의아리수정수센터앞,10,3557
구의아리수정수센터앞,11,2962
구의아리수정수센터앞,12,1752
구의역 리버비스타 오피스텔,1,4241
구의역 리버비스타 오피스텔,2,4500
구의역 리버비스타 오피스텔,3,7811
구의역 리버비스타 오피스텔,4,10936
구의역 리버비스타 오피스텔,5,11957
구의역 리버비스타 오피스텔,6,13047
구의역 리버비스타 오피스텔,7,11578
구의역 리버비스타 오피스텔,8,11152
구의역 리버비스타 오피스텔,9,12527
구의역 리버비스타 오피스텔,10,13077
구의역 리버비스타 오피스텔,11,10334
구의역 리버비스타 오피스텔,12,6538
구일고등학교 정문,1,3031
구일고등학교 정문,2,2979
구일고등학교 정문,3,5258
구일고등학교 정문,4,6537
구일고등학교 정문,5,7575
구일고등학교 정문,6,8341
구일고등학교 정문,7,7220
구일고등학교 정문,8,6663
구일고등학교 정문,9,7947
구일고등학교 정문,10,8481
구일고등학교 정문,11,6990
구일고등학교 정문,12,4680
구일역 1번 출입구 앞,1,2599
구일역 1번 출입구 앞,2,3477
구일역 1번 출입구 앞,3,6874
구일역 1번 출입구 앞,4,10185
구일역 1번 출입구 앞,5,11196
구일역 1번 출입구 앞,6,10892
구일역 1번 출입구 앞,7,8195
구일역 1번 출입구 앞,8,7410
구일역 1번 출입구 앞,9,10571
구일역 1번 출입구 앞,10,10506
구일역 1번 출입구 앞,11,6828
구일역 1번 출입구 앞,12,3623
구일우성(아) 육교 밑,1,2492
구일우성(아) 육교 밑,2,2586
구일우성(아) 육교 밑,3,3694
구일우성(아) 육교 밑,4,5147
구일우성(아) 육교 밑,5,5601
구일우성(아) 육교 밑,6,6284
구일우성(아) 육교 밑,7,5958
구일우성(아) 육교 밑,8,5561
구일우성(아) 육교 밑,9,6434
구일우성(아) 육교 밑,10,6147
구일우성(아) 육교 밑,11,5165
구일우성(아) 육교 밑,12,3338
구파발10단지 인근,1,609
구파발10단지 인근,2,674
구파발10단지 인근,3,1101
구파발10단지 인근,4,1508
구파발10단지 인근,5,1425
구파발10단지 인근,6,1601
구파발10단지 인근,7,1474
구파발10단지 인근,8,1235
구파발10단지 인근,9,1658
구파발10단지 인근,10,1747
구파발10단지 인근,11,1209
구파발10단지 인근,12,693
구파발역 2번출구,1,2715
구파발역 2번출구,2,3217
구파발역 2번출구,3,5993
구파발역 2번출구,4,8283
구파발역 2번출구,5,9546
구파발역 2번출구,6,10467
구파발역 2번출구,7,9170
구파발역 2번출구,8,8885
구파발역 2번출구,9,10327
구파발역 2번출구,10,10084
구파발역 2번출구,11,7183
구파발역 2번출구,12,3929
구파발역 환승센터,1,1071
구파발역 환승센터,2,1219
구파발역 환승센터,3,2217
구파발역 환승센터,4,2989
구파발역 환승센터,5,3662
구파발역 환승센터,6,3847
구파발역 환승센터,7,3184
구파발역 환승센터,8,2751
구파발역 환승센터,9,3281
구파발역 환승센터,10,3521
구파발역 환승센터,11,2717
구파발역 환승센터,12,1573
국군복지단,1,470
국군복지단,2,587
국군복지단,3,849
국군복지단,4,1219
국군복지단,5,1363
국군복지단,6,1292
국군복지단,7,1285
국군복지단,8,1057
국군복지단,9,1198
국군복지단,10,1238
국군복지단,11,1297
국군복지단,12,758
국립국악원 앞,1,267
국립국악원 앞,2,334
국립국악원 앞,3,680
국립국악원 앞,4,955
국립국악원 앞,5,1031
국립국악원 앞,6,939
국립국악원 앞,7,819
국립국악원 앞,8,819
국립국악원 앞,9,938
국립국악원 앞,10,989
국립국악원 앞,11,888
국립국악원 앞,12,351
"국립국악중,고교 정문 맞은편",1,1587
"국립국악중,고교 정문 맞은편",2,1691
"국립국악중,고교 정문 맞은편",3,2891
"국립국악중,고교 정문 맞은편",4,3694
"국립국악중,고교 정문 맞은편",5,3910
"국립국악중,고교 정문 맞은편",6,4087
"국립국악중,고교 정문 맞은편",7,3776
"국립국악중,고교 정문 맞은편",8,3661
"국립국악중,고교 정문 맞은편",9,4105
"국립국악중,고교 정문 맞은편",10,4176
"국립국악중,고교 정문 맞은편",11,3393
"국립국악중,고교 정문 맞은편",12,2174
국립어린이과학관,1,785
국립어린이과학관,2,1013
국립어린이과학관,3,1754
국립어린이과학관,4,2214
국립어린이과학관,5,2312
국립어린이과학관,6,2021
국립어린이과학관,7,1943
국립어린이과학관,8,1930
국립어린이과학관,9,2317
국립어린이과학관,10,2433
국립어린이과학관,11,2182
국립어린이과학관,12,1150
국립정신 건강센터 앞,1,371
국립정신 건강센터 앞,2,382
국립정신 건강센터 앞,3,608
국립정신 건강센터 앞,4,963
국립정신 건강센터 앞,5,960
국립정신 건강센터 앞,6,1174
국립정신 건강센터 앞,7,911
국립정신 건강센터 앞,8,720
국립정신 건강센터 앞,9,1009
국립정신 건강센터 앞,10,820
국립정신 건강센터 앞,11,497
국립정신 건강센터 앞,12,304
국립중앙도서관(국제회의장옆),1,563
국립중앙도서관(국제회의장옆),2,623
국립중앙도서관(국제회의장옆),3,1102
국립중앙도서관(국제회의장옆),4,1489
국립중앙도서관(국제회의장옆),5,1482
국립중앙도서관(국제회의장옆),6,1478
국립중앙도서관(국제회의장옆),7,1374
국립중앙도서관(국제회의장옆),8,1300
국립중앙도서관(국제회의장옆),9,1489
국립중앙도서관(국제회의장옆),10,1529
국립중앙도서관(국제회의장옆),11,1506
국립중앙도서관(국제회의장옆),12,732
국립중앙박물관 -용산가족공원 앞,1,261
국립중앙박물관 -용산가족공원 앞,2,556
국립중앙박물관 -용산가족공원 앞,3,998
국립중앙박물관 -용산가족공원 앞,4,1794
국립중앙박물관 -용산가족공원 앞,5,1713
국립중앙박물관 -용산가족공원 앞,6,1352
국립중앙박물관 -용산가족공원 앞,7,902
국립중앙박물관 -용산가족공원 앞,8,952
국립중앙박물관 -용산가족공원 앞,9,1338
국립중앙박물관 -용산가족공원 앞,10,1906
국립중앙박물관 -용산가족공원 앞,11,1097
국립중앙박물관 -용산가족공원 앞,12,491
국립중앙박물관 정문 앞,1,228
국립중앙박물관 정문 앞,2,328
국립중앙박물관 정문 앞,3,724
국립중앙박물관 정문 앞,4,845
국립중앙박물관 정문 앞,5,1004
국립중앙박물관 정문 앞,6,805
국립중앙박물관 정문 앞,7,585
국립중앙박물관 정문 앞,8,558
국립중앙박물관 정문 앞,9,710
국립중앙박물관 정문 앞,10,987
국립중앙박물관 정문 앞,11,710
국립중앙박물관 정문 앞,12,395
국립항공박물관,1,739
국립항공박물관,2,779
국립항공박물관,3,1223
국립항공박물관,4,1491
국립항공박물관,5,1892
국립항공박물관,6,1828
국립항공박물관,7,1691
국립항공박물관,8,1614
국립항공박물관,9,1872
국립항공박물관,10,1925
국립항공박물관,11,1577
국립항공박물관,12,1130
국립현대미술관,1,1940
국립현대미술관,2,2315
국립현대미술관,3,3827
국립현대미술관,4,5180
국립현대미술관,5,5779
국립현대미술관,6,5228
국립현대미술관,7,5001
국립현대미술관,8,4581
국립현대미술관,9,6008
국립현대미술관,10,5484
국립현대미술관,11,4283
국립현대미술관,12,2243
국민연금공단충정로사옥,1,436
국민연금공단충정로사옥,2,625
국민연금공단충정로사옥,3,905
국민연금공단충정로사옥,4,1031
국민연금공단충정로사옥,5,999
국민연금공단충정로사옥,6,867
국민연금공단충정로사옥,7,788
국민연금공단충정로사옥,8,897
국민연금공단충정로사옥,9,1049
국민연금공단충정로사옥,10,968
국민연금공단충정로사옥,11,901
국민연금공단충정로사옥,12,638
국민은행 연서지점,1,1023
국민은행 연서지점,2,1202
국민은행 연서지점,3,1990
국민은행 연서지점,4,2759
국민은행 연서지점,5,3054
국민은행 연서지점,6,3192
국민은행 연서지점,7,2724
국민은행 연서지점,8,2482
국민은행 연서지점,9,3031
국민은행 연서지점,10,3059
국민은행 연서지점,11,2332
국민은행 연서지점,12,1383
국민은행 종암동지점 앞,1,3525
국민은행 종암동지점 앞,2,3917
국민은행 종암동지점 앞,3,7347
국민은행 종암동지점 앞,4,9435
국민은행 종암동지점 앞,5,10340
국민은행 종암동지점 앞,6,10422
국민은행 종암동지점 앞,7,8496
국민은행 종암동지점 앞,8,8118
국민은행 종암동지점 앞,9,10754
국민은행 종암동지점 앞,10,10577
국민은행 종암동지점 앞,11,8438
국민은행 종암동지점 앞,12,5015
국민일보 앞,1,5706
국민일보 앞,2,6776
국민일보 앞,3,12975
국민일보 앞,4,19016
국민일보 앞,5,18809
국민일보 앞,6,18009
국민일보 앞,7,14993
국민일보 앞,8,13686
국민일보 앞,9,19299
국민일보 앞,10,18861
국민일보 앞,11,14137
국민일보 앞,12,7990
국방부민원실옆,1,161
국방부민원실옆,2,192
국방부민원실옆,3,364
국방부민원실옆,4,398
국방부민원실옆,5,201
국방부민원실옆,6,292
국방부민원실옆,7,315
국방부민원실옆,8,323
국방부민원실옆,9,445
국방부민원실옆,10,440
국방부민원실옆,11,374
국방부민원실옆,12,270
국악고교 앞 교차로,1,472
국악고교 앞 교차로,2,551
국악고교 앞 교차로,3,1016
국악고교 앞 교차로,4,1292
국악고교 앞 교차로,5,1437
국악고교 앞 교차로,6,1578
국악고교 앞 교차로,7,1499
국악고교 앞 교차로,8,1489
국악고교 앞 교차로,9,1622
국악고교 앞 교차로,10,1669
국악고교 앞 교차로,11,1402
국악고교 앞 교차로,12,835
국제 스케이트장,1,92
국제 스케이트장,2,130
국제 스케이트장,3,358
국제 스케이트장,4,500
국제 스케이트장,5,563
국제 스케이트장,6,454
국제 스케이트장,7,187
국제 스케이트장,8,174
국제 스케이트장,9,357
국제 스케이트장,10,333
국제 스케이트장,11,257
국제 스케이트장,12,211
국제루터교회 앞,1,217
국제루터교회 앞,2,301
국제루터교회 앞,3,481
국제루터교회 앞,4,658
국제루터교회 앞,5,673
국제루터교회 앞,6,613
국제루터교회 앞,7,564
국제루터교회 앞,8,568
국제루터교회 앞,9,726
국제루터교회 앞,10,684
국제루터교회 앞,11,566
국제루터교회 앞,12,277
국제빌딩,1,671
국제빌딩,2,733
국제빌딩,3,1254
국제빌딩,4,1466
국제빌딩,5,1828
국제빌딩,6,1869
국제빌딩,7,1799
국제빌딩,8,1839
국제빌딩,9,1925
국제빌딩,10,1945
국제빌딩,11,1505
국제빌딩,12,967
국회2문,1,270
국회2문,2,273
국회2문,3,541
국회2문,4,780
국회2문,5,814
국회2문,6,877
국회2문,7,756
국회2문,8,761
국회2문,9,1034
국회2문,10,1191
국회2문,11,878
국회2문,12,408
국회3문,1,248
국회3문,2,449
국회3문,3,848
국회3문,4,846
국회3문,5,1100
국회3문,6,1077
국회3문,7,848
국회3문,8,920
국회3문,9,1190
국회3문,10,1323
국회3문,11,772
국회3문,12,594
국회6문,1,337
국회6문,2,446
국회6문,3,823
국회6문,4,1098
국회6문,5,1359
국회6문,6,1389
국회6문,7,1810
국회6문,8,1948
국회6문,9,1321
국회6문,10,1542
국회6문,11,901
국회6문,12,553
국회도서관,1,751
국회도서관,2,740
국회도서관,3,1278
국회도서관,4,1499
국회도서관,5,2025
국회도서관,6,1938
국회도서관,7,1807
국회도서관,8,1689
국회도서관,9,2079
국회도서관,10,2174
국회도서관,11,1982
국회도서관,12,1039
국회도서관 2문 앞,1,69
국회도서관 2문 앞,2,96
국회도서관 2문 앞,3,142
국회도서관 2문 앞,4,190
국회도서관 2문 앞,5,181
국회도서관 2문 앞,6,179
국회도서관 2문 앞,7,158
국회도서관 2문 앞,8,172
국회도서관 2문 앞,9,329
국회도서관 2문 앞,10,356
국회도서관 2문 앞,11,353
국회도서관 2문 앞,12,201
국회박물관,1,56
국회박물관,2,54
국회박물관,3,97
국회박물관,4,87
국회박물관,5,113
국회박물관,6,99
국회박물관,7,97
국회박물관,8,103
국회박물관,9,223
국회박물관,10,181
국회박물관,11,208
국회박물관,12,129
국회소통관,1,455
국회소통관,2,547
국회소통관,3,1065
국회소통관,4,1432
국회소통관,5,1792
국회소통관,6,1793
국회소통관,7,1760
국회소통관,8,1504
국회소통관,9,1833
국회소통관,10,2003
국회소통관,11,1603
국회소통관,12,820
국회의사당 본관,1,753
국회의사당 본관,2,842
국회의사당 본관,3,1300
국회의사당 본관,4,1581
국회의사당 본관,5,1750
국회의사당 본관,6,1849
국회의사당 본관,7,1688
국회의사당 본관,8,1427
국회의사당 본관,9,1801
국회의사당 본관,10,1883
국회의사당 본관,11,1924
국회의사당 본관,12,1050
국회의사당본관 좌측,7,53
국회의사당본관 좌측,8,141
국회의사당본관 좌측,9,250
국회의사당본관 좌측,10,210
국회의사당본관 좌측,11,265
국회의사당본관 좌측,12,161
국회의사당역 3번출구 옆,1,3587
국회의사당역 3번출구 옆,2,3907
국회의사당역 3번출구 옆,3,6120
국회의사당역 3번출구 옆,4,7448
국회의사당역 3번출구 옆,5,8558
국회의사당역 3번출구 옆,6,8516
국회의사당역 3번출구 옆,7,7795
국회의사당역 3번출구 옆,8,7009
국회의사당역 3번출구 옆,9,8667
국회의사당역 3번출구 옆,10,8960
국회의사당역 3번출구 옆,11,8100
국회의사당역 3번출구 옆,12,4564
국회의사당역 5번출구 옆,1,1940
국회의사당역 5번출구 옆,2,2238
국회의사당역 5번출구 옆,3,4003
국회의사당역 5번출구 옆,4,5161
국회의사당역 5번출구 옆,5,6057
국회의사당역 5번출구 옆,6,5852
국회의사당역 5번출구 옆,7,5232
국회의사당역 5번출구 옆,8,4940
국회의사당역 5번출구 옆,9,6065
국회의사당역 5번출구 옆,10,6228
국회의사당역 5번출구 옆,11,5069
국회의사당역 5번출구 옆,12,2682
국회의원회관,1,504
국회의원회관,2,538
국회의원회관,3,910
국회의원회관,4,962
국회의원회관,5,1039
국회의원회관,6,1143
국회의원회관,7,1072
국회의원회관,8,866
국회의원회관,9,1047
국회의원회관,10,1154
국회의원회관,11,954
국회의원회관,12,584
국회제2의원회관,1,629
국회제2의원회관,2,710
국회제2의원회관,3,1130
국회제2의원회관,4,1484
국회제2의원회관,5,1727
국회제2의원회관,6,1896
국회제2의원회관,7,1778
국회제2의원회관,8,1478
국회제2의원회관,9,2073
국회제2의원회관,10,2050
국회제2의원회관,11,1842
국회제2의원회관,12,1172
군자교 서측 녹지대,1,2521
군자교 서측 녹지대,2,3168
군자교 서측 녹지대,3,5802
군자교 서측 녹지대,4,7302
군자교 서측 녹지대,5,8044
군자교 서측 녹지대,6,7678
군자교 서측 녹지대,7,6381
군자교 서측 녹지대,8,6054
군자교 서측 녹지대,9,7863
군자교 서측 녹지대,10,8071
군자교 서측 녹지대,11,6023
군자교 서측 녹지대,12,3458
군자교교차로,1,2319
군자교교차로,2,2850
군자교교차로,3,5671
군자교교차로,4,8105
군자교교차로,5,9056
군자교교차로,6,8432
군자교교차로,7,6744
군자교교차로,8,6144
군자교교차로,9,8473
군자교교차로,10,7883
군자교교차로,11,5239
군자교교차로,12,2816
군자역 7번출구 베스트샵 앞,1,3224
군자역 7번출구 베스트샵 앞,2,3590
군자역 7번출구 베스트샵 앞,3,6718
군자역 7번출구 베스트샵 앞,4,8667
군자역 7번출구 베스트샵 앞,5,9889
군자역 7번출구 베스트샵 앞,6,10315
군자역 7번출구 베스트샵 앞,7,8263
군자역 7번출구 베스트샵 앞,8,8081
군자역 7번출구 베스트샵 앞,9,9744
군자역 7번출구 베스트샵 앞,10,7858
군자역 7번출구 베스트샵 앞,11,7424
군자역 7번출구 베스트샵 앞,12,4498
군자역 7번출구뒤,1,7250
군자역 7번출구뒤,2,7942
군자역 7번출구뒤,3,13164
군자역 7번출구뒤,4,17218
군자역 7번출구뒤,5,18445
군자역 7번출구뒤,6,19069
군자역 7번출구뒤,7,16338
군자역 7번출구뒤,8,15438
군자역 7번출구뒤,9,18491
군자역 7번출구뒤,10,20821
군자역 7번출구뒤,11,16357
군자역 7번출구뒤,12,9808
군자역 비채온 오피스텔,1,2179
군자역 비채온 오피스텔,2,2517
군자역 비채온 오피스텔,3,5216
군자역 비채온 오피스텔,4,7074
군자역 비채온 오피스텔,5,7625
군자역 비채온 오피스텔,6,7893
군자역 비채온 오피스텔,7,6474
군자역 비채온 오피스텔,8,6314
군자역 비채온 오피스텔,9,8051
군자역 비채온 오피스텔,10,8652
군자역 비채온 오피스텔,11,6726
군자역 비채온 오피스텔,12,3548
군자역2번출구,1,3535
군자역2번출구,2,3981
군자역2번출구,3,7110
군자역2번출구,4,10324
군자역2번출구,5,11520
군자역2번출구,6,11315
군자역2번출구,7,9413
군자역2번출구,8,8813
군자역2번출구,9,10736
군자역2번출구,10,10602
군자역2번출구,11,8918
군자역2번출구,12,5180
군자역4번출구,1,845
군자역4번출구,2,1008
군자역4번출구,3,1484
군자역4번출구,4,1076
군자역4번출구,5,1431
군자역4번출구,6,1348
군자역4번출구,7,1085
군자역4번출구,8,1109
군자역4번출구,9,1293
군자역4번출구,10,1479
군자역4번출구,11,897
군자역4번출구,12,616
군자지하보도 앞,1,1897
군자지하보도 앞,2,2227
군자지하보도 앞,3,3487
군자지하보도 앞,4,4293
군자지하보도 앞,5,4388
군자지하보도 앞,6,4585
군자지하보도 앞,7,4122
군자지하보도 앞,8,3682
군자지하보도 앞,9,4266
군자지하보도 앞,10,4891
군자지하보도 앞,11,3853
군자지하보도 앞,12,1758
굽은다리역,1,5398
굽은다리역,2,6220
굽은다리역,3,10877
굽은다리역,4,13982
굽은다리역,5,16307
굽은다리역,6,17438
굽은다리역,7,15198
굽은다리역,8,13909
굽은다리역,9,16291
굽은다리역,10,16940
굽은다리역,11,12897
굽은다리역,12,7820
궁동생태공원,1,166
궁동생태공원,2,213
궁동생태공원,3,492
궁동생태공원,4,833
궁동생태공원,5,1113
궁동생태공원,6,936
궁동생태공원,7,703
궁동생태공원,8,671
궁동생태공원,9,872
궁동생태공원,10,992
궁동생태공원,11,635
궁동생태공원,12,277
그랑자이 아파트,1,86
그랑자이 아파트,2,97
그랑자이 아파트,3,8
그랜드아이파크아파트 앞,1,7006
그랜드아이파크아파트 앞,2,7373
그랜드아이파크아파트 앞,3,11828
그랜드아이파크아파트 앞,4,15181
그랜드아이파크아파트 앞,5,16353
그랜드아이파크아파트 앞,6,18802
그랜드아이파크아파트 앞,7,16886
그랜드아이파크아파트 앞,8,16900
그랜드아이파크아파트 앞,9,18744
그랜드아이파크아파트 앞,10,20065
그랜드아이파크아파트 앞,11,16133
그랜드아이파크아파트 앞,12,10493
그랜드컨벤션센터 앞,1,3778
그랜드컨벤션센터 앞,2,4275
그랜드컨벤션센터 앞,3,6402
그랜드컨벤션센터 앞,4,8383
그랜드컨벤션센터 앞,5,9769
그랜드컨벤션센터 앞,6,10465
그랜드컨벤션센터 앞,7,9640
그랜드컨벤션센터 앞,8,9408
그랜드컨벤션센터 앞,9,10825
그랜드컨벤션센터 앞,10,10987
그랜드컨벤션센터 앞,11,8623
그랜드컨벤션센터 앞,12,5185
그룹한빌딩옆,1,502
그룹한빌딩옆,2,562
그룹한빌딩옆,3,880
그룹한빌딩옆,4,1224
그룹한빌딩옆,5,1170
그룹한빌딩옆,6,1121
그룹한빌딩옆,7,1010
그룹한빌딩옆,8,1192
그룹한빌딩옆,9,1377
그룹한빌딩옆,10,1349
그룹한빌딩옆,11,1197
그룹한빌딩옆,12,617
극동늘푸른아파트,1,2479
극동늘푸른아파트,2,2699
극동늘푸른아파트,3,4801
극동늘푸른아파트,4,6419
극동늘푸른아파트,5,8396
극동늘푸른아파트,6,7979
극동늘푸른아파트,7,7025
극동늘푸른아파트,8,6760
극동늘푸른아파트,9,7671
극동늘푸른아파트,10,7382
극동늘푸른아파트,11,5495
극동늘푸른아파트,12,3098
극동방송국 앞,1,1403
극동방송국 앞,2,1837
극동방송국 앞,3,3493
극동방송국 앞,4,4630
극동방송국 앞,5,5244
극동방송국 앞,6,4521
극동방송국 앞,7,2897
극동방송국 앞,8,2500
극동방송국 앞,9,3875
극동방송국 앞,10,4044
극동방송국 앞,11,3002
극동방송국 앞,12,1569
극동스포츠 앞,1,452
극동스포츠 앞,2,432
극동스포츠 앞,3,880
극동스포츠 앞,4,1351
극동스포츠 앞,5,1386
극동스포츠 앞,6,1553
극동스포츠 앞,7,1421
극동스포츠 앞,8,1520
극동스포츠 앞,9,1736
극동스포츠 앞,10,1800
극동스포츠 앞,11,1368
극동스포츠 앞,12,795
극동아파트,1,941
극동아파트,2,1114
극동아파트,3,1906
극동아파트,4,2402
극동아파트,5,2516
극동아파트,6,2690
극동아파트,7,2226
극동아파트,8,2212
극동아파트,9,2759
극동아파트,10,3142
극동아파트,11,2648
극동아파트,12,1433
극동의 푸른별 아파트 뒤(중계4동주민센터 앞),1,719
극동의 푸른별 아파트 뒤(중계4동주민센터 앞),2,891
극동의 푸른별 아파트 뒤(중계4동주민센터 앞),3,1426
극동의 푸른별 아파트 뒤(중계4동주민센터 앞),4,2034
극동의 푸른별 아파트 뒤(중계4동주민센터 앞),5,2332
극동의 푸른별 아파트 뒤(중계4동주민센터 앞),6,2466
극동의 푸른별 아파트 뒤(중계4동주민센터 앞),7,2096
극동의 푸른별 아파트 뒤(중계4동주민센터 앞),8,1915
극동의 푸른별 아파트 뒤(중계4동주민센터 앞),9,2271
극동의 푸른별 아파트 뒤(중계4동주민센터 앞),10,2255
극동의 푸른별 아파트 뒤(중계4동주민센터 앞),11,2071
극동의 푸른별 아파트 뒤(중계4동주민센터 앞),12,1253
근로자회관 사거리,1,6829
근로자회관 사거리,2,7208
근로자회관 사거리,3,11116
근로자회관 사거리,4,13645
근로자회관 사거리,5,14375
근로자회관 사거리,6,16184
근로자회관 사거리,7,15231
근로자회관 사거리,8,15175
근로자회관 사거리,9,16629
근로자회관 사거리,10,17002
근로자회관 사거리,11,14168
근로자회관 사거리,12,9372
금강수목원아파트 앞,1,1211
금강수목원아파트 앞,2,1272
금강수목원아파트 앞,3,1950
금강수목원아파트 앞,4,2473
금강수목원아파트 앞,5,2671
금강수목원아파트 앞,6,3038
금강수목원아파트 앞,7,2633
금강수목원아파트 앞,8,2561
금강수목원아파트 앞,9,3114
금강수목원아파트 앞,10,3400
금강수목원아파트 앞,11,2591
금강수목원아파트 앞,12,1577
금남시장 교차로,1,659
금남시장 교차로,2,850
금남시장 교차로,3,1334
금남시장 교차로,4,2040
금남시장 교차로,5,2110
금남시장 교차로,6,2027
금남시장 교차로,7,1732
금남시장 교차로,8,1647
금남시장 교차로,9,2247
금남시장 교차로,10,2150
금남시장 교차로,11,1582
금남시장 교차로,12,844
금란주차장 앞,1,1636
금란주차장 앞,2,1978
금란주차장 앞,3,2882
금란주차장 앞,4,3728
금란주차장 앞,5,4467
금란주차장 앞,6,4701
금란주차장 앞,7,4473
금란주차장 앞,8,3971
금란주차장 앞,9,4937
금란주차장 앞,10,4849
금란주차장 앞,11,3826
금란주차장 앞,12,2206
금암 문화공원,1,214
금암 문화공원,2,247
금암 문화공원,3,537
금암 문화공원,4,950
금암 문화공원,5,915
금암 문화공원,6,897
금암 문화공원,7,861
금암 문화공원,8,765
금암 문화공원,9,1037
금암 문화공원,10,1048
금암 문화공원,11,584
금암 문화공원,12,319
금옥여고보도육교,1,730
금옥여고보도육교,2,997
금옥여고보도육교,3,2054
금옥여고보도육교,4,2669
금옥여고보도육교,5,3094
금옥여고보도육교,6,3081
금옥여고보도육교,7,2129
금옥여고보도육교,8,2078
금옥여고보도육교,9,2921
금옥여고보도육교,10,3033
금옥여고보도육교,11,2561
금옥여고보도육교,12,1307
금원빌딩 앞,1,975
금원빌딩 앞,2,1231
금원빌딩 앞,3,2362
금원빌딩 앞,4,3217
금원빌딩 앞,5,3223
금원빌딩 앞,6,2999
금원빌딩 앞,7,2529
금원빌딩 앞,8,2369
금원빌딩 앞,9,3024
금원빌딩 앞,10,3205
금원빌딩 앞,11,2268
금원빌딩 앞,12,1200
금융감독원 앞,1,3031
금융감독원 앞,2,3176
금융감독원 앞,3,5454
금융감독원 앞,4,6968
금융감독원 앞,5,7350
금융감독원 앞,6,7170
금융감독원 앞,7,6763
금융감독원 앞,8,6112
금융감독원 앞,9,7160
금융감독원 앞,10,7325
금융감독원 앞,11,6150
금융감독원 앞,12,3767
금천구립 독산도서관,1,346
금천구립 독산도서관,2,355
금천구립 독산도서관,3,499
금천구립 독산도서관,4,696
금천구립 독산도서관,5,748
금천구립 독산도서관,6,773
금천구립 독산도서관,7,609
금천구립 독산도서관,8,648
금천구립 독산도서관,9,749
금천구립 독산도서관,10,781
금천구립 독산도서관,11,681
금천구립 독산도서관,12,394
금천구청 앞 자전거거치대,1,761
금천구청 앞 자전거거치대,2,884
금천구청 앞 자전거거치대,3,1339
금천구청 앞 자전거거치대,4,1675
금천구청 앞 자전거거치대,5,1865
금천구청 앞 자전거거치대,6,1728
금천구청 앞 자전거거치대,7,1532
금천구청 앞 자전거거치대,8,1422
금천구청 앞 자전거거치대,9,1780
금천구청 앞 자전거거치대,10,1873
금천구청 앞 자전거거치대,11,1538
금천구청 앞 자전거거치대,12,980
금천구청앞(M빌딩),1,532
금천구청앞(M빌딩),2,598
금천구청앞(M빌딩),3,1013
금천구청앞(M빌딩),4,1250
금천구청앞(M빌딩),5,1457
금천구청앞(M빌딩),6,1653
금천구청앞(M빌딩),7,1517
금천구청앞(M빌딩),8,1421
금천구청앞(M빌딩),9,1560
금천구청앞(M빌딩),10,1632
금천구청앞(M빌딩),11,1350
금천구청앞(M빌딩),12,877
금천구청역 1번 출구,1,993
금천구청역 1번 출구,2,1136
금천구청역 1번 출구,3,1903
금천구청역 1번 출구,4,2654
금천구청역 1번 출구,5,3146
금천구청역 1번 출구,6,3047
금천구청역 1번 출구,7,2801
금천구청역 1번 출구,8,2840
금천구청역 1번 출구,9,3077
금천구청역 1번 출구,10,3225
금천구청역 1번 출구,11,2669
금천구청역 1번 출구,12,1696
금천폭포공원 앞,1,158
금천폭포공원 앞,2,209
금천폭포공원 앞,3,399
금천폭포공원 앞,4,573
금천폭포공원 앞,5,637
금천폭포공원 앞,6,678
금천폭포공원 앞,7,584
금천폭포공원 앞,8,499
금천폭포공원 앞,9,619
금천폭포공원 앞,10,658
금천폭포공원 앞,11,421
금천폭포공원 앞,12,230
금천현대홈타운 후문 서부샛길,1,923
금천현대홈타운 후문 서부샛길,2,986
금천현대홈타운 후문 서부샛길,3,1546
금천현대홈타운 후문 서부샛길,4,1874
금천현대홈타운 후문 서부샛길,5,2200
금천현대홈타운 후문 서부샛길,6,2426
금천현대홈타운 후문 서부샛길,7,2279
금천현대홈타운 후문 서부샛길,8,2318
금천현대홈타운 후문 서부샛길,9,2525
금천현대홈타운 후문 서부샛길,10,2611
금천현대홈타운 후문 서부샛길,11,2140
금천현대홈타운 후문 서부샛길,12,1454
금호 어울림 아파트 앞,1,1556
금호 어울림 아파트 앞,2,1648
금호 어울림 아파트 앞,3,2568
금호 어울림 아파트 앞,4,3312
금호 어울림 아파트 앞,5,3520
금호 어울림 아파트 앞,6,3081
금호 어울림 아파트 앞,7,2860
금호 어울림 아파트 앞,8,2776
금호 어울림 아파트 앞,9,3417
금호 어울림 아파트 앞,10,3448
금호 어울림 아파트 앞,11,2971
금호 어울림 아파트 앞,12,1972
금호나들목,1,1221
금호나들목,2,1625
금호나들목,3,3798
금호나들목,4,5399
금호나들목,5,6120
금호나들목,6,6024
금호나들목,7,4675
금호나들목,8,4539
금호나들목,9,6671
금호나들목,10,6603
금호나들목,11,3842
금호나들목,12,1773
금호사거리,1,588
금호사거리,2,647
금호사거리,3,1146
금호사거리,4,1427
금호사거리,5,1481
금호사거리,6,1492
금호사거리,7,1191
금호사거리,8,1124
금호사거리,9,1397
금호사거리,10,1474
금호사거리,11,1089
금호사거리,12,692
금호스포츠센터앞,1,784
금호스포츠센터앞,2,1209
금호스포츠센터앞,3,2628
금호스포츠센터앞,4,3614
금호스포츠센터앞,5,3895
금호스포츠센터앞,6,3592
금호스포츠센터앞,7,2639
금호스포츠센터앞,8,2261
금호스포츠센터앞,9,3623
금호스포츠센터앞,10,3443
금호스포츠센터앞,11,2025
금호스포츠센터앞,12,1013
금호아파트,11,253
금호아파트,12,392
금호어울림센터힐 내,1,461
금호어울림센터힐 내,2,530
금호어울림센터힐 내,3,809
금호어울림센터힐 내,4,1022
금호어울림센터힐 내,5,1114
금호어울림센터힐 내,6,1143
금호어울림센터힐 내,7,1076
금호어울림센터힐 내,8,889
금호어울림센터힐 내,9,1064
금호어울림센터힐 내,10,1139
금호어울림센터힐 내,11,904
금호어울림센터힐 내,12,613
금호역 1번출구 앞,1,502
금호역 1번출구 앞,2,601
금호역 1번출구 앞,3,1029
금호역 1번출구 앞,4,1409
금호역 1번출구 앞,5,1580
금호역 1번출구 앞,6,1503
금호역 1번출구 앞,7,1393
금호역 1번출구 앞,8,1254
금호역 1번출구 앞,9,1408
금호역 1번출구 앞,10,1397
금호역 1번출구 앞,11,1053
금호역 1번출구 앞,12,567
금호역 3번출구,1,299
금호역 3번출구,2,346
금호역 3번출구,3,563
금호역 3번출구,4,678
금호역 3번출구,5,673
금호역 3번출구,6,692
금호역 3번출구,7,637
금호역 3번출구,8,593
금호역 3번출구,9,633
금호역 3번출구,10,666
금호역 3번출구,11,491
금호역 3번출구,12,373
기쁜우리복지관,1,3120
기쁜우리복지관,2,3358
기쁜우리복지관,3,6996
기쁜우리복지관,4,9473
기쁜우리복지관,5,10833
기쁜우리복지관,6,11416
기쁜우리복지관,7,9488
기쁜우리복지관,8,8811
기쁜우리복지관,9,10804
기쁜우리복지관,10,10395
기쁜우리복지관,11,8014
기쁜우리복지관,12,4918
기아자동차 사당점 앞,1,1569
기아자동차 사당점 앞,2,1625
기아자동차 사당점 앞,3,2755
기아자동차 사당점 앞,4,3759
기아자동차 사당점 앞,5,4176
기아자동차 사당점 앞,6,4505
기아자동차 사당점 앞,7,4518
기아자동차 사당점 앞,8,4347
기아자동차 사당점 앞,9,5150
기아자동차 사당점 앞,10,5016
기아자동차 사당점 앞,11,3715
기아자동차 사당점 앞,12,2228
기자촌 사거리 A,1,489
기자촌 사거리 A,2,513
기자촌 사거리 A,3,760
기자촌 사거리 A,4,956
기자촌 사거리 A,5,1019
기자촌 사거리 A,6,951
기자촌 사거리 A,7,831
기자촌 사거리 A,8,704
기자촌 사거리 A,9,816
기자촌 사거리 A,10,767
기자촌 사거리 A,11,665
기자촌 사거리 A,12,395
기자촌사거리 B,1,214
기자촌사거리 B,2,308
기자촌사거리 B,3,461
기자촌사거리 B,4,760
기자촌사거리 B,5,919
기자촌사거리 B,6,980
기자촌사거리 B,7,910
기자촌사거리 B,8,762
기자촌사거리 B,9,935
기자촌사거리 B,10,769
기자촌사거리 B,11,811
기자촌사거리 B,12,399
길동 동호빌딩,1,535
길동 동호빌딩,2,600
길동 동호빌딩,3,868
길동 동호빌딩,4,1140
길동 동호빌딩,5,1425
길동 동호빌딩,6,1593
길동 동호빌딩,7,1456
길동 동호빌딩,8,1381
길동 동호빌딩,9,1506
길동 동호빌딩,10,1619
길동 동호빌딩,11,1361
길동 동호빌딩,12,929
길동 마루빌딩,1,4615
길동 마루빌딩,2,4831
길동 마루빌딩,3,8112
길동 마루빌딩,4,10390
길동 마루빌딩,5,12868
길동 마루빌딩,6,13954
길동 마루빌딩,7,12525
길동 마루빌딩,8,12615
길동 마루빌딩,9,13879
길동 마루빌딩,10,13870
길동 마루빌딩,11,11195
길동 마루빌딩,12,7039
길동 사거리(초소앞),1,2629
길동 사거리(초소앞),2,2941
길동 사거리(초소앞),3,4983
길동 사거리(초소앞),4,6466
길동 사거리(초소앞),5,7378
길동 사거리(초소앞),6,7722
길동 사거리(초소앞),7,6394
길동 사거리(초소앞),8,5946
길동 사거리(초소앞),9,6984
길동 사거리(초소앞),10,7402
길동 사거리(초소앞),11,5869
길동 사거리(초소앞),12,3477
길마중4교 하부,1,1340
길마중4교 하부,2,1583
길마중4교 하부,3,3015
길마중4교 하부,4,4357
길마중4교 하부,5,4891
길마중4교 하부,6,4723
길마중4교 하부,7,4104
길마중4교 하부,8,4218
길마중4교 하부,9,4496
길마중4교 하부,10,4290
길마중4교 하부,11,2981
길마중4교 하부,12,1714
길성그랑프리텔아파트,1,3947
길성그랑프리텔아파트,2,4183
길성그랑프리텔아파트,3,6763
길성그랑프리텔아파트,4,8832
길성그랑프리텔아파트,5,10363
길성그랑프리텔아파트,6,11576
길성그랑프리텔아파트,7,10826
길성그랑프리텔아파트,8,10604
길성그랑프리텔아파트,9,11348
길성그랑프리텔아파트,10,11855
길성그랑프리텔아파트,11,9512
길성그랑프리텔아파트,12,5980
길음8골어린이공원 옆,1,1112
길음8골어린이공원 옆,2,1277
길음8골어린이공원 옆,3,2339
길음8골어린이공원 옆,4,3147
길음8골어린이공원 옆,5,3421
길음8골어린이공원 옆,6,3699
길음8골어린이공원 옆,7,3158
길음8골어린이공원 옆,8,2890
길음8골어린이공원 옆,9,3588
길음8골어린이공원 옆,10,3475
길음8골어린이공원 옆,11,2847
길음8골어린이공원 옆,12,1610
길음뉴타운 래미안9단지,1,886
길음뉴타운 래미안9단지,2,1096
길음뉴타운 래미안9단지,3,1998
길음뉴타운 래미안9단지,4,2683
길음뉴타운 래미안9단지,5,3187
길음뉴타운 래미안9단지,6,3393
길음뉴타운 래미안9단지,7,3183
길음뉴타운 래미안9단지,8,2876
길음뉴타운 래미안9단지,9,3637
길음뉴타운 래미안9단지,10,3377
길음뉴타운 래미안9단지,11,2646
길음뉴타운 래미안9단지,12,1507
길음뉴타운푸르지오아파트 3단지,1,305
길음뉴타운푸르지오아파트 3단지,2,282
길음뉴타운푸르지오아파트 3단지,3,557
길음뉴타운푸르지오아파트 3단지,4,720
길음뉴타운푸르지오아파트 3단지,5,624
길음뉴타운푸르지오아파트 3단지,6,713
길음뉴타운푸르지오아파트 3단지,7,835
길음뉴타운푸르지오아파트 3단지,8,854
길음뉴타운푸르지오아파트 3단지,9,893
길음뉴타운푸르지오아파트 3단지,10,817
길음뉴타운푸르지오아파트 3단지,11,783
길음뉴타운푸르지오아파트 3단지,12,508
길음래미안아파트817동 상가 앞,1,559
길음래미안아파트817동 상가 앞,2,572
길음래미안아파트817동 상가 앞,3,953
길음래미안아파트817동 상가 앞,4,1527
길음래미안아파트817동 상가 앞,5,1609
길음래미안아파트817동 상가 앞,6,1860
길음래미안아파트817동 상가 앞,7,1688
길음래미안아파트817동 상가 앞,8,1477
길음래미안아파트817동 상가 앞,9,1703
길음래미안아파트817동 상가 앞,10,1573
길음래미안아파트817동 상가 앞,11,1314
길음래미안아파트817동 상가 앞,12,706
길음문화복합미디어센터,1,847
길음문화복합미디어센터,2,857
길음문화복합미디어센터,3,1424
길음문화복합미디어센터,4,1975
길음문화복합미디어센터,5,2098
길음문화복합미디어센터,6,2178
길음문화복합미디어센터,7,1929
길음문화복합미디어센터,8,1849
길음문화복합미디어센터,9,2109
길음문화복합미디어센터,10,2142
길음문화복합미디어센터,11,1793
길음문화복합미디어센터,12,1167
길음역 3번출구 뒤,1,1916
길음역 3번출구 뒤,2,2323
길음역 3번출구 뒤,3,3614
길음역 3번출구 뒤,4,4957
길음역 3번출구 뒤,5,5845
길음역 3번출구 뒤,6,5941
길음역 3번출구 뒤,7,4729
길음역 3번출구 뒤,8,4701
길음역 3번출구 뒤,9,5924
길음역 3번출구 뒤,10,5773
길음역 3번출구 뒤,11,4524
길음역 3번출구 뒤,12,2760
김근태도서관,1,197
김근태도서관,2,257
김근태도서관,3,594
김근태도서관,4,697
김근태도서관,5,734
김근태도서관,6,748
김근태도서관,7,811
김근태도서관,8,765
김근태도서관,9,895
김근태도서관,10,941
김근태도서관,11,670
김근태도서관,12,302
김포공항사거리,1,722
김포공항사거리,2,767
김포공항사거리,3,1386
김포공항사거리,4,1749
김포공항사거리,5,2140
김포공항사거리,6,2237
김포공항사거리,7,2013
김포공항사거리,8,1957
김포공항사거리,9,2209
김포공항사거리,10,2248
김포공항사거리,11,1590
김포공항사거리,12,1010
김포공항입구 교차로,1,2281
김포공항입구 교차로,2,2518
김포공항입구 교차로,3,4447
김포공항입구 교차로,4,5870
김포공항입구 교차로,5,7403
김포공항입구 교차로,6,7550
김포공항입구 교차로,7,6395
김포공항입구 교차로,8,6189
김포공항입구 교차로,9,7277
김포공항입구 교차로,10,7933
김포공항입구 교차로,11,5808
김포공항입구 교차로,12,3195
김포공항입구 교통섬,1,564
김포공항입구 교통섬,2,687
김포공항입구 교통섬,3,1101
김포공항입구 교통섬,4,1432
김포공항입구 교통섬,5,1733
김포공항입구 교통섬,6,1674
김포공항입구 교통섬,7,1356
김포공항입구 교통섬,8,1343
김포공항입구 교통섬,9,1688
김포공항입구 교통섬,10,1779
김포공항입구 교통섬,11,1633
김포공항입구 교통섬,12,957
까치산역 3번 출구,1,2243
까치산역 3번 출구,2,2324
까치산역 3번 출구,3,4051
까치산역 3번 출구,4,5462
까치산역 3번 출구,5,6698
까치산역 3번 출구,6,7225
까치산역 3번 출구,7,5893
까치산역 3번 출구,8,5868
까치산역 3번 출구,9,7158
까치산역 3번 출구,10,7388
까치산역 3번 출구,11,5704
까치산역 3번 출구,12,3340
꿈돌이공원 앞,1,978
꿈돌이공원 앞,2,1099
꿈돌이공원 앞,3,1898
꿈돌이공원 앞,4,2857
꿈돌이공원 앞,5,3645
꿈돌이공원 앞,6,3669
꿈돌이공원 앞,7,2456
꿈돌이공원 앞,8,1739
꿈돌이공원 앞,9,2368
꿈돌이공원 앞,10,2302
꿈돌이공원 앞,11,1695
꿈돌이공원 앞,12,1146
꿈마루어린이도서관 앞,1,2261
꿈마루어린이도서관 앞,2,2806
꿈마루어린이도서관 앞,3,5816
꿈마루어린이도서관 앞,4,7313
꿈마루어린이도서관 앞,5,6966
꿈마루어린이도서관 앞,6,6403
꿈마루어린이도서관 앞,7,6665
꿈마루어린이도서관 앞,8,7051
꿈마루어린이도서관 앞,9,9237
꿈마루어린이도서관 앞,10,9028
꿈마루어린이도서관 앞,11,7067
꿈마루어린이도서관 앞,12,3542
꿈의숲 SK뷰 아파트,1,1404
꿈의숲 SK뷰 아파트,2,1695
꿈의숲 SK뷰 아파트,3,3546
꿈의숲 SK뷰 아파트,4,5100
꿈의숲 SK뷰 아파트,5,6244
꿈의숲 SK뷰 아파트,6,5984
꿈의숲 SK뷰 아파트,7,4751
꿈의숲 SK뷰 아파트,8,4976
꿈의숲 SK뷰 아파트,9,6196
꿈의숲 SK뷰 아파트,10,6026
꿈의숲 SK뷰 아파트,11,4727
꿈의숲 SK뷰 아파트,12,2432
꿈의숲 롯데캐슬,1,671
꿈의숲 롯데캐슬,2,674
꿈의숲 롯데캐슬,3,1265
꿈의숲 롯데캐슬,4,1708
꿈의숲 롯데캐슬,5,1893
꿈의숲 롯데캐슬,6,1977
꿈의숲 롯데캐슬,7,1720
꿈의숲 롯데캐슬,8,1678
꿈의숲 롯데캐슬,9,1898
꿈의숲 롯데캐슬,10,1757
꿈의숲 롯데캐슬,11,1561
꿈의숲 롯데캐슬,12,940
나들목공원,1,843
나들목공원,2,885
나들목공원,3,1523
나들목공원,4,2451
나들목공원,5,2676
나들목공원,6,2700
나들목공원,7,2425
나들목공원,8,2332
나들목공원,9,2559
나들목공원,10,2739
나들목공원,11,2017
나들목공원,12,823
나래교,1,79
나래교,2,85
나래교,3,161
나래교,4,474
나래교,5,431
나래교,6,444
나래교,7,321
나래교,8,410
나래교,9,381
나래교,10,419
나래교,11,337
나래교,12,259
나루마당,1,248
나루마당,2,305
나루마당,3,527
나루마당,4,662
나루마당,5,647
나루마당,6,714
나루마당,7,529
나루마당,8,544
나루마당,9,562
나루마당,10,483
나루마당,11,373
나루마당,12,244
나루마을 마당공원,6,1232
나루마을 마당공원,7,1890
나루마을 마당공원,8,2187
나루마을 마당공원,9,2352
나루마을 마당공원,10,1979
나루마을 마당공원,11,1833
나루마을 마당공원,12,1158
나이아가라관광호텔,1,826
나이아가라관광호텔,2,946
나이아가라관광호텔,3,1578
나이아가라관광호텔,4,2114
나이아가라관광호텔,5,2625
나이아가라관광호텔,6,2563
나이아가라관광호텔,7,2150
나이아가라관광호텔,8,2307
나이아가라관광호텔,9,2661
나이아가라관광호텔,10,2692
나이아가라관광호텔,11,1904
나이아가라관광호텔,12,1188
낙성대 과학전시관,1,635
낙성대 과학전시관,2,752
낙성대 과학전시관,3,1312
낙성대 과학전시관,4,1919
낙성대 과학전시관,5,1835
낙성대 과학전시관,6,1849
낙성대 과학전시관,7,1673
낙성대 과학전시관,8,1694
낙성대 과학전시관,9,1892
낙성대 과학전시관,10,1736
낙성대 과학전시관,11,1663
낙성대 과학전시관,12,848
낙성대 교수아파트,1,325
낙성대 교수아파트,2,324
낙성대 교수아파트,3,592
낙성대 교수아파트,4,1049
낙성대 교수아파트,5,1058
낙성대 교수아파트,6,912
낙성대 교수아파트,7,925
낙성대 교수아파트,8,971
낙성대 교수아파트,9,1092
낙성대 교수아파트,10,934
낙성대 교수아파트,11,851
낙성대 교수아파트,12,377
낙성대공원,1,277
낙성대공원,2,313
낙성대공원,3,745
낙성대공원,4,1329
낙성대공원,5,1305
낙성대공원,6,1144
낙성대공원,7,776
낙성대공원,8,863
낙성대공원,9,1332
낙성대공원,10,1062
낙성대공원,11,801
낙성대공원,12,288
낙성대로 입구,1,1034
낙성대로 입구,2,1095
낙성대로 입구,3,1946
낙성대로 입구,4,2898
낙성대로 입구,5,3223
낙성대로 입구,6,3019
낙성대로 입구,7,2864
낙성대로 입구,8,2688
낙성대로 입구,9,3268
낙성대로 입구,10,3063
낙성대로 입구,11,2394
낙성대로 입구,12,1228
낙성대역 1번출구,1,744
낙성대역 1번출구,2,890
낙성대역 1번출구,3,1459
낙성대역 1번출구,4,2219
낙성대역 1번출구,5,2510
낙성대역 1번출구,6,2536
낙성대역 1번출구,7,2360
낙성대역 1번출구,8,2168
낙성대역 1번출구,9,2573
낙성대역 1번출구,10,2561
낙성대역 1번출구,11,1978
낙성대역 1번출구,12,942
낙성대역 3번출구 뒤,1,1199
낙성대역 3번출구 뒤,2,1301
낙성대역 3번출구 뒤,3,2158
낙성대역 3번출구 뒤,4,3110
낙성대역 3번출구 뒤,5,3361
낙성대역 3번출구 뒤,6,3303
낙성대역 3번출구 뒤,7,3079
낙성대역 3번출구 뒤,8,3062
낙성대역 3번출구 뒤,9,3443
낙성대역 3번출구 뒤,10,3380
낙성대역 3번출구 뒤,11,2832
낙성대역 3번출구 뒤,12,1449
낙성대역 5번 출구,6,128
낙성대역 5번 출구,7,214
낙성대역 5번 출구,8,193
낙성대역 5번 출구,9,293
낙성대역 5번 출구,10,27
낙성대역 5번출구,1,451
낙성대역 5번출구,2,529
낙성대역 5번출구,3,905
낙성대역 5번출구,4,1223
낙성대역 5번출구,5,1594
낙성대역 5번출구,6,1512
낙성대역 5번출구,7,1417
낙성대역 5번출구,8,1309
낙성대역 5번출구,9,1494
낙성대역 5번출구,10,1554
낙성대역 5번출구,11,1400
낙성대역 5번출구,12,649
낙성대역 8번 출구,6,92
낙성대역 8번 출구,7,118
낙성대역 8번 출구,8,79
낙성대역 8번 출구,9,100
낙성대역 8번 출구,10,218
낙성대역 8번 출구,11,21
낙성대입구삼거리,1,782
낙성대입구삼거리,2,729
낙성대입구삼거리,3,1318
낙성대입구삼거리,4,1870
낙성대입구삼거리,5,1991
낙성대입구삼거리,6,2049
낙성대입구삼거리,7,1911
낙성대입구삼거리,8,1903
낙성대입구삼거리,9,2174
낙성대입구삼거리,10,2195
낙성대입구삼거리,11,1971
낙성대입구삼거리,12,1071
낙원교회 맞은편,1,713
낙원교회 맞은편,2,610
낙원교회 맞은편,3,966
낙원교회 맞은편,4,1396
낙원교회 맞은편,5,1668
낙원교회 맞은편,6,1712
낙원교회 맞은편,7,1607
낙원교회 맞은편,8,1543
낙원교회 맞은편,9,1681
낙원교회 맞은편,10,1737
낙원교회 맞은편,11,1470
낙원교회 맞은편,12,925
낙원상가 옆,1,2690
낙원상가 옆,2,3125
낙원상가 옆,3,4925
낙원상가 옆,4,5430
낙원상가 옆,5,5800
낙원상가 옆,6,5843
낙원상가 옆,7,5677
낙원상가 옆,8,5509
낙원상가 옆,9,5998
낙원상가 옆,10,6555
낙원상가 옆,11,5455
낙원상가 옆,12,3375
난곡사거리,1,1804
난곡사거리,2,1839
난곡사거리,3,2877
난곡사거리,4,3896
난곡사거리,5,4438
난곡사거리,6,4828
난곡사거리,7,4491
난곡사거리,8,4419
난곡사거리,9,4854
난곡사거리,10,5393
난곡사거리,11,4250
난곡사거리,12,2487
난곡종점,1,660
난곡종점,2,848
난곡종점,3,1369
난곡종점,4,1919
난곡종점,5,2101
난곡종점,6,2133
난곡종점,7,1952
난곡종점,8,1808
난곡종점,9,2016
난곡종점,10,1876
난곡종점,11,1624
난곡종점,12,925
난우길입구,1,1280
난우길입구,2,1312
난우길입구,3,1947
난우길입구,4,2505
난우길입구,5,2828
난우길입구,6,2887
난우길입구,7,2865
난우길입구,8,2414
난우길입구,9,2659
난우길입구,10,2871
난우길입구,11,2262
난우길입구,12,1484
남가좌동 제2공영주차장,1,270
남가좌동 제2공영주차장,2,257
남가좌동 제2공영주차장,3,501
남가좌동 제2공영주차장,4,632
남가좌동 제2공영주차장,5,622
남가좌동 제2공영주차장,6,750
남가좌동 제2공영주차장,7,896
남가좌동 제2공영주차장,8,881
남가좌동 제2공영주차장,9,947
남가좌동 제2공영주차장,10,769
남가좌동 제2공영주차장,11,532
남가좌동 제2공영주차장,12,367
남구로역 5번 출입구 앞,1,1064
남구로역 5번 출입구 앞,2,1067
남구로역 5번 출입구 앞,3,1532
남구로역 5번 출입구 앞,4,2105
남구로역 5번 출입구 앞,5,2299
남구로역 5번 출입구 앞,6,2548
남구로역 5번 출입구 앞,7,2359
남구로역 5번 출입구 앞,8,2236
남구로역 5번 출입구 앞,9,2647
남구로역 5번 출입구 앞,10,2524
남구로역 5번 출입구 앞,11,2539
남구로역 5번 출입구 앞,12,1596
남부고용노동지청 남측,1,3026
남부고용노동지청 남측,2,3062
남부고용노동지청 남측,3,4821
남부고용노동지청 남측,4,5849
남부고용노동지청 남측,5,6944
남부고용노동지청 남측,6,7415
남부고용노동지청 남측,7,7220
남부고용노동지청 남측,8,7199
남부고용노동지청 남측,9,7672
남부고용노동지청 남측,10,8109
남부고용노동지청 남측,11,7001
남부고용노동지청 남측,12,4579
남부법원검찰청 교차로,1,5193
남부법원검찰청 교차로,2,5630
남부법원검찰청 교차로,3,8410
남부법원검찰청 교차로,4,11063
남부법원검찰청 교차로,5,12564
남부법원검찰청 교차로,6,13383
남부법원검찰청 교차로,7,11946
남부법원검찰청 교차로,8,10923
남부법원검찰청 교차로,9,12919
남부법원검찰청 교차로,10,13455
남부법원검찰청 교차로,11,10066
남부법원검찰청 교차로,12,5982
남부순환로 205,1,883
남부순환로 205,2,880
남부순환로 205,3,1323
남부순환로 205,4,1631
남부순환로 205,5,1889
남부순환로 205,6,2004
남부순환로 205,7,1999
남부순환로 205,8,1904
남부순환로 205,9,2035
남부순환로 205,10,1909
남부순환로 205,11,1934
남부순환로 205,12,1138
남부터미널역 1번출구,1,1157
남부터미널역 1번출구,2,1260
남부터미널역 1번출구,3,2055
남부터미널역 1번출구,4,2681
남부터미널역 1번출구,5,2662
남부터미널역 1번출구,6,2701
남부터미널역 1번출구,7,2457
남부터미널역 1번출구,8,2317
남부터미널역 1번출구,9,2648
남부터미널역 1번출구,10,2989
남부터미널역 1번출구,11,2468
남부터미널역 1번출구,12,1363
남산공원 야외식물원 앞,1,160
남산공원 야외식물원 앞,2,198
남산공원 야외식물원 앞,3,317
남산공원 야외식물원 앞,4,352
남산공원 야외식물원 앞,5,456
남산공원 야외식물원 앞,6,464
남산공원 야외식물원 앞,7,460
남산공원 야외식물원 앞,8,478
남산공원 야외식물원 앞,9,523
남산공원 야외식물원 앞,10,505
남산공원 야외식물원 앞,11,490
남산공원 야외식물원 앞,12,289
남산도서관 앞,1,888
남산도서관 앞,2,1083
남산도서관 앞,3,1577
남산도서관 앞,4,2226
남산도서관 앞,5,2022
남산도서관 앞,6,1979
남산도서관 앞,7,2192
남산도서관 앞,8,2246
남산도서관 앞,9,2368
남산도서관 앞,10,2349
남산도서관 앞,11,2152
남산도서관 앞,12,1232
남산타운아파트 버스정류장,1,497
남산타운아파트 버스정류장,2,522
남산타운아파트 버스정류장,3,828
남산타운아파트 버스정류장,4,904
남산타운아파트 버스정류장,5,840
남산타운아파트 버스정류장,6,921
남산타운아파트 버스정류장,7,950
남산타운아파트 버스정류장,8,1086
남산타운아파트 버스정류장,9,1154
남산타운아파트 버스정류장,10,1153
남산타운아파트 버스정류장,11,1119
남산타운아파트 버스정류장,12,578
남서울중학교,1,1368
남서울중학교,2,1435
남서울중학교,3,2604
남서울중학교,4,3629
남서울중학교,5,4254
남서울중학교,6,4518
남서울중학교,7,3748
남서울중학교,8,3748
남서울중학교,9,4240
남서울중학교,10,4082
남서울중학교,11,3374
남서울중학교,12,1969
남성역3번출구 뒤,1,2110
남성역3번출구 뒤,2,2440
남성역3번출구 뒤,3,4201
남성역3번출구 뒤,4,5266
남성역3번출구 뒤,5,5957
남성역3번출구 뒤,6,6392
남성역3번출구 뒤,7,5760
남성역3번출구 뒤,8,5571
남성역3번출구 뒤,9,6773
남성역3번출구 뒤,10,6703
남성역3번출구 뒤,11,5157
남성역3번출구 뒤,12,3105
남영역 건너편,1,1588
남영역 건너편,2,1755
남영역 건너편,3,2931
남영역 건너편,4,4042
남영역 건너편,5,4920
남영역 건너편,6,5275
남영역 건너편,7,4816
남영역 건너편,8,4798
남영역 건너편,9,5284
남영역 건너편,10,4869
남영역 건너편,11,3844
남영역 건너편,12,2079
남위례1,4,74
남위례1,5,553
남위례1,6,573
남위례1,7,413
남태령역 2번출구,1,197
남태령역 2번출구,2,260
남태령역 2번출구,3,367
남태령역 2번출구,4,508
남태령역 2번출구,5,445
남태령역 2번출구,6,512
남태령역 2번출구,7,415
남태령역 2번출구,8,401
남태령역 2번출구,9,446
남태령역 2번출구,10,530
남태령역 2번출구,11,491
남태령역 2번출구,12,283
내곡3단지 어린이공원 앞,1,1101
내곡3단지 어린이공원 앞,2,1062
내곡3단지 어린이공원 앞,3,1668
내곡3단지 어린이공원 앞,4,2480
내곡3단지 어린이공원 앞,5,2522
내곡3단지 어린이공원 앞,6,2662
내곡3단지 어린이공원 앞,7,2529
내곡3단지 어린이공원 앞,8,2506
내곡3단지 어린이공원 앞,9,2540
내곡3단지 어린이공원 앞,10,2486
내곡3단지 어린이공원 앞,11,2172
내곡3단지 어린이공원 앞,12,1220
내곡도서관,1,231
내곡도서관,2,220
내곡도서관,3,455
내곡도서관,4,678
내곡도서관,5,739
내곡도서관,6,695
내곡도서관,7,653
내곡도서관,8,605
내곡도서관,9,826
내곡도서관,10,811
내곡도서관,11,628
내곡도서관,12,334
내곡파출소 뒤 정자,1,242
내곡파출소 뒤 정자,2,279
내곡파출소 뒤 정자,3,514
내곡파출소 뒤 정자,4,747
내곡파출소 뒤 정자,5,734
내곡파출소 뒤 정자,6,681
내곡파출소 뒤 정자,7,651
내곡파출소 뒤 정자,8,581
내곡파출소 뒤 정자,9,668
내곡파출소 뒤 정자,10,651
내곡파출소 뒤 정자,11,659
내곡파출소 뒤 정자,12,330
내방역 8번출구 앞,1,1150
내방역 8번출구 앞,2,1226
내방역 8번출구 앞,3,2252
내방역 8번출구 앞,4,3175
내방역 8번출구 앞,5,3456
내방역 8번출구 앞,6,3439
내방역 8번출구 앞,7,3058
내방역 8번출구 앞,8,2918
내방역 8번출구 앞,9,3797
내방역 8번출구 앞,10,3826
내방역 8번출구 앞,11,2905
내방역 8번출구 앞,12,1596
넥센 유니버시티 앞,1,2527
넥센 유니버시티 앞,2,2669
넥센 유니버시티 앞,3,4577
넥센 유니버시티 앞,4,6117
넥센 유니버시티 앞,5,7163
넥센 유니버시티 앞,6,7596
넥센 유니버시티 앞,7,7069
넥센 유니버시티 앞,8,6487
넥센 유니버시티 앞,9,7510
넥센 유니버시티 앞,10,8132
넥센 유니버시티 앞,11,6457
넥센 유니버시티 앞,12,3985
노들나루공원 입구,1,407
노들나루공원 입구,2,809
노들나루공원 입구,3,1305
노들나루공원 입구,4,1890
노들나루공원 입구,5,1676
노들나루공원 입구,6,2290
노들나루공원 입구,7,2701
노들나루공원 입구,8,2369
노들나루공원 입구,9,4202
노들나루공원 입구,10,3608
노들나루공원 입구,11,1053
노들나루공원 입구,12,509
"노들섬 다목적홀(동쪽) 숲, 앞",1,517
"노들섬 다목적홀(동쪽) 숲, 앞",2,755
"노들섬 다목적홀(동쪽) 숲, 앞",3,1806
"노들섬 다목적홀(동쪽) 숲, 앞",4,2535
"노들섬 다목적홀(동쪽) 숲, 앞",5,2718
"노들섬 다목적홀(동쪽) 숲, 앞",6,2451
"노들섬 다목적홀(동쪽) 숲, 앞",7,1386
"노들섬 다목적홀(동쪽) 숲, 앞",8,1668
"노들섬 다목적홀(동쪽) 숲, 앞",9,2864
"노들섬 다목적홀(동쪽) 숲, 앞",10,2500
"노들섬 다목적홀(동쪽) 숲, 앞",11,1066
"노들섬 다목적홀(동쪽) 숲, 앞",12,364
노들섬 동측 앞,1,386
노들섬 동측 앞,2,485
노들섬 동측 앞,3,1159
노들섬 동측 앞,4,1719
노들섬 동측 앞,5,1931
노들섬 동측 앞,6,1765
노들섬 동측 앞,7,1319
노들섬 동측 앞,8,1318
노들섬 동측 앞,9,2512
노들섬 동측 앞,10,2146
노들섬 동측 앞,11,1164
노들섬 동측 앞,12,520
노들섬 서측 앞,1,1574
노들섬 서측 앞,2,2758
노들섬 서측 앞,3,8250
노들섬 서측 앞,4,13694
노들섬 서측 앞,5,15220
노들섬 서측 앞,6,12788
노들섬 서측 앞,7,8062
노들섬 서측 앞,8,10050
노들섬 서측 앞,9,17725
노들섬 서측 앞,10,15202
노들섬 서측 앞,11,6281
노들섬 서측 앞,12,1985
노들역 1번출구,1,3231
노들역 1번출구,2,4484
노들역 1번출구,3,10410
노들역 1번출구,4,15259
노들역 1번출구,5,17546
노들역 1번출구,6,15886
노들역 1번출구,7,11866
노들역 1번출구,8,11378
노들역 1번출구,9,16773
노들역 1번출구,10,15470
노들역 1번출구,11,8966
노들역 1번출구,12,4244
노들역 3번출구,1,1181
노들역 3번출구,2,1397
노들역 3번출구,3,3098
노들역 3번출구,4,4266
노들역 3번출구,5,4824
노들역 3번출구,6,4637
노들역 3번출구,7,3853
노들역 3번출구,8,3669
노들역 3번출구,9,5201
노들역 3번출구,10,5475
노들역 3번출구,11,3352
노들역 3번출구,12,1750
노량진1동 청소년독서실,1,421
노량진1동 청소년독서실,2,601
노량진1동 청소년독서실,3,784
노량진1동 청소년독서실,4,1326
노량진1동 청소년독서실,5,1479
노량진1동 청소년독서실,6,1277
노량진1동 청소년독서실,7,1219
노량진1동 청소년독서실,8,1410
노량진1동 청소년독서실,9,1315
노량진1동 청소년독서실,10,1313
노량진1동 청소년독서실,11,1167
노량진1동 청소년독서실,12,541
노량진근린공원,1,342
노량진근린공원,2,434
노량진근린공원,3,751
노량진근린공원,4,956
노량진근린공원,5,1027
노량진근린공원,6,1034
노량진근린공원,7,865
노량진근린공원,8,780
노량진근린공원,9,994
노량진근린공원,10,1003
노량진근린공원,11,827
노량진근린공원,12,453
노량진근린공원 대방공원,1,684
노량진근린공원 대방공원,2,598
노량진근린공원 대방공원,3,1733
노량진근린공원 대방공원,4,2529
노량진근린공원 대방공원,5,2761
노량진근린공원 대방공원,6,2653
노량진근린공원 대방공원,7,2271
노량진근린공원 대방공원,8,2112
노량진근린공원 대방공원,9,2642
노량진근린공원 대방공원,10,2711
노량진근린공원 대방공원,11,2348
노량진근린공원 대방공원,12,1233
노량진역 2번 출구 앞,1,1768
노량진역 2번 출구 앞,2,2241
노량진역 2번 출구 앞,3,4743
노량진역 2번 출구 앞,4,6330
노량진역 2번 출구 앞,5,7279
노량진역 2번 출구 앞,6,7134
노량진역 2번 출구 앞,7,5823
노량진역 2번 출구 앞,8,5477
노량진역 2번 출구 앞,9,7645
노량진역 2번 출구 앞,10,7686
노량진역 2번 출구 앞,11,4734
노량진역 2번 출구 앞,12,2381
노량진역 5번출구,1,4568
노량진역 5번출구,2,4960
노량진역 5번출구,3,8538
노량진역 5번출구,4,11587
노량진역 5번출구,5,12863
노량진역 5번출구,6,12961
노량진역 5번출구,7,11165
노량진역 5번출구,8,10538
노량진역 5번출구,9,12709
노량진역 5번출구,10,13989
노량진역 5번출구,11,9802
노량진역 5번출구,12,5695
노룬산시장 앞,1,583
노룬산시장 앞,2,472
노룬산시장 앞,3,882
노룬산시장 앞,4,1149
노룬산시장 앞,5,1384
노룬산시장 앞,6,1472
노룬산시장 앞,7,1899
노룬산시장 앞,8,2238
노룬산시장 앞,9,2552
노룬산시장 앞,10,2421
노룬산시장 앞,11,2234
노룬산시장 앞,12,1400
노보텔 앰배서더 앞,1,305
노보텔 앰배서더 앞,2,311
노보텔 앰배서더 앞,3,444
노보텔 앰배서더 앞,4,743
노보텔 앰배서더 앞,5,776
노보텔 앰배서더 앞,6,777
노보텔 앰배서더 앞,7,706
노보텔 앰배서더 앞,8,838
노보텔 앰배서더 앞,9,1018
노보텔 앰배서더 앞,10,910
노보텔 앰배서더 앞,11,949
노보텔 앰배서더 앞,12,498
노원 구민회관,1,3
노원 마들스타디움,1,1135
노원 마들스타디움,2,1246
노원 마들스타디움,3,2750
노원 마들스타디움,4,3528
노원 마들스타디움,5,4127
노원 마들스타디움,6,4262
노원 마들스타디움,7,3508
노원 마들스타디움,8,3079
노원 마들스타디움,9,4073
노원 마들스타디움,10,4187
노원 마들스타디움,11,3329
노원 마들스타디움,12,1749
노원 을지대학교 병원,1,2404
노원 을지대학교 병원,2,2660
노원 을지대학교 병원,3,4667
노원 을지대학교 병원,4,6665
노원 을지대학교 병원,5,7803
노원 을지대학교 병원,6,7816
노원 을지대학교 병원,7,7093
노원 을지대학교 병원,8,6624
노원 을지대학교 병원,9,7885
노원 을지대학교 병원,10,7934
노원 을지대학교 병원,11,6383
노원 을지대학교 병원,12,3764
노원경찰서교차로,1,2355
노원경찰서교차로,2,2714
노원경찰서교차로,3,4749
노원경찰서교차로,4,6276
노원경찰서교차로,5,6888
노원경찰서교차로,6,7039
노원경찰서교차로,7,6209
노원경찰서교차로,8,5289
노원경찰서교차로,9,5941
노원경찰서교차로,10,6153
노원경찰서교차로,11,5135
노원경찰서교차로,12,3375
노원구청,1,2950
노원구청,2,3515
노원구청,3,5744
노원구청,4,6916
노원구청,5,7868
노원구청,6,7671
노원구청,7,6488
노원구청,8,6232
노원구청,9,7473
노원구청,10,7787
노원구청,11,6505
노원구청,12,4309
노원문화예술회관,1,2775
노원문화예술회관,2,3121
노원문화예술회관,3,5505
노원문화예술회관,4,6904
노원문화예술회관,5,8352
노원문화예술회관,6,8402
노원문화예술회관,7,7464
노원문화예술회관,8,6680
노원문화예술회관,9,7544
노원문화예술회관,10,7671
노원문화예술회관,11,6579
노원문화예술회관,12,4193
노원성당 앞,1,492
노원성당 앞,2,464
노원성당 앞,3,796
노원성당 앞,4,1050
노원성당 앞,5,1318
노원성당 앞,6,1537
노원성당 앞,7,1499
노원성당 앞,8,1517
노원성당 앞,9,1492
노원성당 앞,10,1487
노원성당 앞,11,1090
노원성당 앞,12,811
노원소방서인근,1,1631
노원소방서인근,2,1875
노원소방서인근,3,3324
노원소방서인근,4,3936
노원소방서인근,5,4166
노원소방서인근,6,4294
노원소방서인근,7,3851
노원소방서인근,8,3497
노원소방서인근,9,4017
노원소방서인근,10,3789
노원소방서인근,11,3082
노원소방서인근,12,2062
노원역 5번출구,1,1115
노원역 5번출구,2,1227
노원역 5번출구,3,2109
노원역 5번출구,4,1709
노원역 5번출구,5,1157
노원역 5번출구,6,1521
노원역 5번출구,7,1668
노원역 5번출구,8,1083
노원역 5번출구,9,1608
노원역 5번출구,10,1790
노원역 5번출구,11,1344
노원역 5번출구,12,742
노원역1번출구,1,6249
노원역1번출구,2,7297
노원역1번출구,3,11647
노원역1번출구,4,15206
노원역1번출구,5,17694
노원역1번출구,6,17835
노원역1번출구,7,16083
노원역1번출구,8,15064
노원역1번출구,9,17214
노원역1번출구,10,15911
노원역1번출구,11,12531
노원역1번출구,12,7659
노원역7번출구,1,3839
노원역7번출구,2,4363
노원역7번출구,3,6975
노원역7번출구,4,9315
노원역7번출구,5,11464
노원역7번출구,6,11053
노원역7번출구,7,9741
노원역7번출구,8,8983
노원역7번출구,9,10701
노원역7번출구,10,11252
노원역7번출구,11,8628
노원역7번출구,12,5477
노원역9번-10번 출구 앞,1,894
노원역9번-10번 출구 앞,2,800
노원역9번-10번 출구 앞,3,1339
노원역9번-10번 출구 앞,4,2875
노원역9번-10번 출구 앞,5,3941
노원역9번-10번 출구 앞,6,4433
노원역9번-10번 출구 앞,7,4083
노원역9번-10번 출구 앞,8,4250
노원역9번-10번 출구 앞,9,4114
노원역9번-10번 출구 앞,10,3815
노원역9번-10번 출구 앞,11,3444
노원역9번-10번 출구 앞,12,2494
노원정보도서관,1,2227
노원정보도서관,2,2379
노원정보도서관,3,3955
노원정보도서관,4,5047
노원정보도서관,5,5603
노원정보도서관,6,6207
노원정보도서관,7,5911
노원정보도서관,8,4313
노원정보도서관,9,4444
노원정보도서관,10,4616
노원정보도서관,11,4537
노원정보도서관,12,2953
노일초등학교 앞,1,1049
노일초등학교 앞,2,1248
노일초등학교 앞,3,2064
노일초등학교 앞,4,2833
노일초등학교 앞,5,3347
노일초등학교 앞,6,3617
노일초등학교 앞,7,3374
노일초등학교 앞,8,2983
노일초등학교 앞,9,3570
노일초등학교 앞,10,3363
노일초등학교 앞,11,2726
노일초등학교 앞,12,1700
노해근린공원내,1,544
노해근린공원내,2,742
노해근린공원내,3,1334
노해근린공원내,4,1804
노해근린공원내,5,2007
노해근린공원내,6,2109
노해근린공원내,7,1746
노해근린공원내,8,1603
노해근린공원내,9,2182
노해근린공원내,10,1877
노해근린공원내,11,1782
노해근린공원내,12,1211
녹번 힐스테이트상가앞,1,436
녹번 힐스테이트상가앞,2,514
녹번 힐스테이트상가앞,3,877
녹번 힐스테이트상가앞,4,1226
녹번 힐스테이트상가앞,5,1219
녹번 힐스테이트상가앞,6,1249
녹번 힐스테이트상가앞,7,1289
녹번 힐스테이트상가앞,8,1305
녹번 힐스테이트상가앞,9,1523
녹번 힐스테이트상가앞,10,1490
녹번 힐스테이트상가앞,11,1245
녹번 힐스테이트상가앞,12,765
녹번역 3번출구,1,2188
녹번역 3번출구,2,2487
녹번역 3번출구,3,4271
녹번역 3번출구,4,5651
녹번역 3번출구,5,6104
녹번역 3번출구,6,6170
녹번역 3번출구,7,5372
녹번역 3번출구,8,4848
녹번역 3번출구,9,6453
녹번역 3번출구,10,6322
녹번역 3번출구,11,5250
녹번역 3번출구,12,3101
녹번역1번출구앞,1,557
녹번역1번출구앞,2,582
녹번역1번출구앞,3,1131
녹번역1번출구앞,4,1627
녹번역1번출구앞,5,2081
녹번역1번출구앞,6,1989
녹번역1번출구앞,7,1876
녹번역1번출구앞,8,1889
녹번역1번출구앞,9,2247
녹번역1번출구앞,10,2005
녹번역1번출구앞,11,1574
녹번역1번출구앞,12,838
녹번역e편한세상 캐슬 정문 앞,1,1038
녹번역e편한세상 캐슬 정문 앞,2,1175
녹번역e편한세상 캐슬 정문 앞,3,2250
녹번역e편한세상 캐슬 정문 앞,4,3260
녹번역e편한세상 캐슬 정문 앞,5,4034
녹번역e편한세상 캐슬 정문 앞,6,4285
녹번역e편한세상 캐슬 정문 앞,7,3691
녹번역e편한세상 캐슬 정문 앞,8,3689
녹번역e편한세상 캐슬 정문 앞,9,4235
녹번역e편한세상 캐슬 정문 앞,10,4023
녹번역e편한세상 캐슬 정문 앞,11,3194
녹번역e편한세상 캐슬 정문 앞,12,1443
녹번초등학교(서오릉로),1,1178
녹번초등학교(서오릉로),2,1264
녹번초등학교(서오릉로),3,2117
녹번초등학교(서오릉로),4,2855
녹번초등학교(서오릉로),5,3375
녹번초등학교(서오릉로),6,3693
녹번초등학교(서오릉로),7,3365
녹번초등학교(서오릉로),8,3344
녹번초등학교(서오릉로),9,4023
녹번초등학교(서오릉로),10,4010
녹번초등학교(서오릉로),11,3051
녹번초등학교(서오릉로),12,1859
녹사평역1번출구,1,1112
녹사평역1번출구,2,1253
녹사평역1번출구,3,1988
녹사평역1번출구,4,2553
녹사평역1번출구,5,2694
녹사평역1번출구,6,2498
녹사평역1번출구,7,2027
녹사평역1번출구,8,2224
녹사평역1번출구,9,2004
녹사평역1번출구,10,2754
녹사평역1번출구,11,2298
녹사평역1번출구,12,1338
녹사평역3번 출구,1,395
녹사평역3번 출구,2,638
녹사평역3번 출구,3,975
녹사평역3번 출구,4,1173
녹사평역3번 출구,5,1224
녹사평역3번 출구,6,1306
녹사평역3번 출구,7,1172
녹사평역3번 출구,8,997
녹사평역3번 출구,9,1065
녹사평역3번 출구,10,1126
녹사평역3번 출구,11,1135
녹사평역3번 출구,12,555
녹천교 앞 사거리,1,802
녹천교 앞 사거리,2,986
녹천교 앞 사거리,3,1895
녹천교 앞 사거리,4,2546
녹천교 앞 사거리,5,3062
녹천교 앞 사거리,6,3037
녹천교 앞 사거리,7,2469
녹천교 앞 사거리,8,2529
녹천교 앞 사거리,9,2822
녹천교 앞 사거리,10,2734
녹천교 앞 사거리,11,2185
녹천교 앞 사거리,12,1331
녹천역 1번출구 앞,1,1042
녹천역 1번출구 앞,2,1158
녹천역 1번출구 앞,3,2014
녹천역 1번출구 앞,4,2590
녹천역 1번출구 앞,5,2914
녹천역 1번출구 앞,6,2984
녹천역 1번출구 앞,7,2680
녹천역 1번출구 앞,8,2492
녹천역 1번출구 앞,9,3082
녹천역 1번출구 앞,10,2931
녹천역 1번출구 앞,11,2392
녹천역 1번출구 앞,12,1458
녹천역 4번 출구 옆,1,679
녹천역 4번 출구 옆,2,775
녹천역 4번 출구 옆,3,1326
녹천역 4번 출구 옆,4,1755
녹천역 4번 출구 옆,5,1880
녹천역 4번 출구 옆,6,2065
녹천역 4번 출구 옆,7,1853
녹천역 4번 출구 옆,8,1695
녹천역 4번 출구 옆,9,1982
녹천역 4번 출구 옆,10,2107
녹천역 4번 출구 옆,11,1658
녹천역 4번 출구 옆,12,1147
논골사거리(금호도서관 입구),1,454
논골사거리(금호도서관 입구),2,606
논골사거리(금호도서관 입구),3,914
논골사거리(금호도서관 입구),4,1031
논골사거리(금호도서관 입구),5,834
논골사거리(금호도서관 입구),6,821
논골사거리(금호도서관 입구),7,981
논골사거리(금호도서관 입구),8,762
논골사거리(금호도서관 입구),9,838
논골사거리(금호도서관 입구),10,711
논골사거리(금호도서관 입구),11,828
논골사거리(금호도서관 입구),12,541
논현동 광명빌딩 앞,1,449
논현동 광명빌딩 앞,2,441
논현동 광명빌딩 앞,3,951
논현동 광명빌딩 앞,4,1536
논현동 광명빌딩 앞,5,1638
논현동 광명빌딩 앞,6,1544
논현동 광명빌딩 앞,7,1330
논현동 광명빌딩 앞,8,1344
논현동 광명빌딩 앞,9,1612
논현동 광명빌딩 앞,10,1556
논현동 광명빌딩 앞,11,1221
논현동 광명빌딩 앞,12,546
논현동가구거리,1,204
논현동가구거리,2,314
논현동가구거리,3,465
논현동가구거리,4,719
논현동가구거리,5,767
논현동가구거리,6,893
논현동가구거리,7,675
논현동가구거리,8,716
논현동가구거리,9,785
논현동가구거리,10,859
논현동가구거리,11,661
논현동가구거리,12,448
논현역 10번출구,1,1581
논현역 10번출구,2,1932
논현역 10번출구,3,3245
논현역 10번출구,4,4964
논현역 10번출구,5,4955
논현역 10번출구,6,4771
논현역 10번출구,7,4371
논현역 10번출구,8,4436
논현역 10번출구,9,5186
논현역 10번출구,10,5145
논현역 10번출구,11,4263
논현역 10번출구,12,2276
논현지하보도,1,268
논현지하보도,2,308
논현지하보도,3,550
논현지하보도,4,720
논현지하보도,5,825
논현지하보도,6,964
논현지하보도,7,963
논현지하보도,8,857
논현지하보도,9,1263
논현지하보도,10,1435
논현지하보도,11,1384
논현지하보도,12,832
농수산식품공사 (강서지사),1,658
농수산식품공사 (강서지사),2,738
농수산식품공사 (강서지사),3,1089
농수산식품공사 (강서지사),4,1258
농수산식품공사 (강서지사),5,1399
농수산식품공사 (강서지사),6,1382
농수산식품공사 (강서지사),7,1257
농수산식품공사 (강서지사),8,1165
농수산식품공사 (강서지사),9,1329
농수산식품공사 (강서지사),10,1647
농수산식품공사 (강서지사),11,1362
농수산식품공사 (강서지사),12,1061
농협생명본사빌딩 서관,1,604
농협생명본사빌딩 서관,2,621
농협생명본사빌딩 서관,3,1025
농협생명본사빌딩 서관,4,1251
농협생명본사빌딩 서관,5,1261
농협생명본사빌딩 서관,6,1214
농협생명본사빌딩 서관,7,1144
농협생명본사빌딩 서관,8,1409
농협생명본사빌딩 서관,9,1374
농협생명본사빌딩 서관,10,1432
농협생명본사빌딩 서관,11,1240
농협생명본사빌딩 서관,12,788
농협화곡점 앞,11,9
누리꿈스퀘어 옆,1,4070
누리꿈스퀘어 옆,2,4255
누리꿈스퀘어 옆,3,7280
누리꿈스퀘어 옆,4,8872
누리꿈스퀘어 옆,5,9437
누리꿈스퀘어 옆,6,9263
누리꿈스퀘어 옆,7,8445
누리꿈스퀘어 옆,8,7713
누리꿈스퀘어 옆,9,8989
누리꿈스퀘어 옆,10,9694
누리꿈스퀘어 옆,11,8373
누리꿈스퀘어 옆,12,4965
누리숲어린이공원 앞,6,230
누리숲어린이공원 앞,7,404
누리숲어린이공원 앞,8,580
누리숲어린이공원 앞,9,681
누리숲어린이공원 앞,10,643
누리숲어린이공원 앞,11,674
누리숲어린이공원 앞,12,378
뉴코아 킴스클럽 앞,1,1614
뉴코아 킴스클럽 앞,2,1835
뉴코아 킴스클럽 앞,3,3379
뉴코아 킴스클럽 앞,4,4720
뉴코아 킴스클럽 앞,5,5279
뉴코아 킴스클럽 앞,6,5024
뉴코아 킴스클럽 앞,7,4138
뉴코아 킴스클럽 앞,8,4232
뉴코아 킴스클럽 앞,9,5029
뉴코아 킴스클럽 앞,10,5096
뉴코아 킴스클럽 앞,11,3662
뉴코아 킴스클럽 앞,12,2268
늘푸른공원 앞,1,1325
늘푸른공원 앞,2,1625
늘푸른공원 앞,3,2924
늘푸른공원 앞,4,3687
늘푸른공원 앞,5,4509
늘푸른공원 앞,6,3627
늘푸른공원 앞,7,3468
늘푸른공원 앞,8,3668
늘푸른공원 앞,9,4611
늘푸른공원 앞,10,4240
늘푸른공원 앞,11,2848
늘푸른공원 앞,12,1661
능골근린공원,1,1035
능골근린공원,2,1300
능골근린공원,3,1895
능골근린공원,4,2509
능골근린공원,5,3043
능골근린공원,6,3095
능골근린공원,7,2802
능골근린공원,8,2451
능골근린공원,9,2759
능골근린공원,10,2879
능골근린공원,11,2316
능골근린공원,12,1314
능산삼거리,1,572
능산삼거리,2,629
능산삼거리,3,1095
능산삼거리,4,1505
능산삼거리,5,1588
능산삼거리,6,1539
능산삼거리,7,1252
능산삼거리,8,1215
능산삼거리,9,1501
능산삼거리,10,1332
능산삼거리,11,1136
능산삼거리,12,677
능안마을입구,1,70
능안마을입구,2,70
능안마을입구,3,122
능안마을입구,4,221
능안마을입구,5,230
능안마을입구,6,227
능안마을입구,7,220
능안마을입구,8,218
능안마을입구,9,215
능안마을입구,10,228
능안마을입구,11,210
능안마을입구,12,121
다락원체육공원 전망대 입구,1,382
다락원체육공원 전망대 입구,2,552
다락원체육공원 전망대 입구,3,1120
다락원체육공원 전망대 입구,4,1574
다락원체육공원 전망대 입구,5,1847
다락원체육공원 전망대 입구,6,1922
다락원체육공원 전망대 입구,7,1546
다락원체육공원 전망대 입구,8,1603
다락원체육공원 전망대 입구,9,2029
다락원체육공원 전망대 입구,10,1892
다락원체육공원 전망대 입구,11,1261
다락원체육공원 전망대 입구,12,610
다산 어린이공원,1,542
다산 어린이공원,2,608
다산 어린이공원,3,1203
다산 어린이공원,4,1545
다산 어린이공원,5,1345
다산 어린이공원,6,1733
다산 어린이공원,7,1720
다산 어린이공원,8,1402
다산 어린이공원,9,1776
다산 어린이공원,10,1242
다산 어린이공원,11,636
다산 어린이공원,12,432
다성이즈빌아파트(호원대 대각선 맞은편),1,5930
다성이즈빌아파트(호원대 대각선 맞은편),2,6437
다성이즈빌아파트(호원대 대각선 맞은편),3,11465
다성이즈빌아파트(호원대 대각선 맞은편),4,14265
다성이즈빌아파트(호원대 대각선 맞은편),5,15790
다성이즈빌아파트(호원대 대각선 맞은편),6,16749
다성이즈빌아파트(호원대 대각선 맞은편),7,14668
다성이즈빌아파트(호원대 대각선 맞은편),8,13958
다성이즈빌아파트(호원대 대각선 맞은편),9,15417
다성이즈빌아파트(호원대 대각선 맞은편),10,16246
다성이즈빌아파트(호원대 대각선 맞은편),11,13395
다성이즈빌아파트(호원대 대각선 맞은편),12,8733
달맞이공원,1,158
달맞이공원,2,263
달맞이공원,3,1196
달맞이공원,4,1454
달맞이공원,5,697
달맞이공원,6,610
달맞이공원,7,384
달맞이공원,8,392
달맞이공원,9,589
달맞이공원,10,510
달맞이공원,11,347
달맞이공원,12,179
답십리 래미안엘파인아파트 입구,1,1119
답십리 래미안엘파인아파트 입구,2,1228
답십리 래미안엘파인아파트 입구,3,1814
답십리 래미안엘파인아파트 입구,4,2256
답십리 래미안엘파인아파트 입구,5,2523
답십리 래미안엘파인아파트 입구,6,3046
답십리 래미안엘파인아파트 입구,7,2803
답십리 래미안엘파인아파트 입구,8,2718
답십리 래미안엘파인아파트 입구,9,3059
답십리 래미안엘파인아파트 입구,10,3272
답십리 래미안엘파인아파트 입구,11,2658
답십리 래미안엘파인아파트 입구,12,1695
답십리 사거리,1,288
답십리 사거리,2,288
답십리 사거리,3,521
답십리 사거리,4,689
답십리 사거리,5,741
답십리 사거리,6,879
답십리 사거리,7,719
답십리 사거리,8,666
답십리 사거리,9,936
답십리 사거리,10,1441
답십리 사거리,11,1242
답십리 사거리,12,797
답십리역 1번출구,1,5834
답십리역 1번출구,2,6310
답십리역 1번출구,3,10145
답십리역 1번출구,4,12828
답십리역 1번출구,5,14907
답십리역 1번출구,6,15484
답십리역 1번출구,7,13801
답십리역 1번출구,8,12907
답십리역 1번출구,9,14693
답십리역 1번출구,10,14930
답십리역 1번출구,11,12115
답십리역 1번출구,12,7901
답십리역 4번출구,1,1080
답십리역 4번출구,2,923
답십리역 4번출구,3,1637
답십리역 4번출구,4,2039
답십리역 4번출구,5,2210
답십리역 4번출구,6,2721
답십리역 4번출구,7,2572
답십리역 4번출구,8,3271
답십리역 4번출구,9,4847
답십리역 4번출구,10,4675
답십리역 4번출구,11,4328
답십리역 4번출구,12,3149
답십리역 6번출구,1,909
답십리역 6번출구,2,942
답십리역 6번출구,3,1564
답십리역 6번출구,4,2263
답십리역 6번출구,5,2629
답십리역 6번출구,6,2306
답십리역 6번출구,7,2393
답십리역 6번출구,8,2349
답십리역 6번출구,9,2435
답십리역 6번출구,10,3098
답십리역 6번출구,11,2574
답십리역 6번출구,12,1125
답십리역 8번출구 앞,1,1009
답십리역 8번출구 앞,2,1221
답십리역 8번출구 앞,3,2114
답십리역 8번출구 앞,4,2747
답십리역 8번출구 앞,5,2773
답십리역 8번출구 앞,6,3091
답십리역 8번출구 앞,7,2881
답십리역 8번출구 앞,8,2750
답십리역 8번출구 앞,9,3159
답십리역 8번출구 앞,10,3166
답십리역 8번출구 앞,11,2165
답십리역 8번출구 앞,12,1097
답십리초등학교 앞(현대시장 옆),1,965
답십리초등학교 앞(현대시장 옆),2,989
답십리초등학교 앞(현대시장 옆),3,1677
답십리초등학교 앞(현대시장 옆),4,2303
답십리초등학교 앞(현대시장 옆),5,2507
답십리초등학교 앞(현대시장 옆),6,2484
답십리초등학교 앞(현대시장 옆),7,2466
답십리초등학교 앞(현대시장 옆),8,1339
답십리초등학교 앞(현대시장 옆),9,1792
답십리초등학교 앞(현대시장 옆),10,1867
답십리초등학교 앞(현대시장 옆),11,1426
답십리초등학교 앞(현대시장 옆),12,828
답십리초등학교 옆 공원,1,699
답십리초등학교 옆 공원,2,710
답십리초등학교 옆 공원,3,992
답십리초등학교 옆 공원,4,1509
답십리초등학교 옆 공원,5,1672
답십리초등학교 옆 공원,6,1631
답십리초등학교 옆 공원,7,1671
답십리초등학교 옆 공원,8,1489
답십리초등학교 옆 공원,9,2034
답십리초등학교 옆 공원,10,1507
답십리초등학교 옆 공원,11,971
답십리초등학교 옆 공원,12,658
답십리파크자이아파트 앞,1,3381
답십리파크자이아파트 앞,2,3577
답십리파크자이아파트 앞,3,5883
답십리파크자이아파트 앞,4,7755
답십리파크자이아파트 앞,5,8812
답십리파크자이아파트 앞,6,9326
답십리파크자이아파트 앞,7,8501
답십리파크자이아파트 앞,8,9109
답십리파크자이아파트 앞,9,10273
답십리파크자이아파트 앞,10,10364
답십리파크자이아파트 앞,11,8629
답십리파크자이아파트 앞,12,5375
당고개공원 대여소,1,1102
당고개공원 대여소,2,1382
당고개공원 대여소,3,2199
당고개공원 대여소,4,2805
당고개공원 대여소,5,3070
당고개공원 대여소,6,3250
당고개공원 대여소,7,2932
당고개공원 대여소,8,2436
당고개공원 대여소,9,2924
당고개공원 대여소,10,2808
당고개공원 대여소,11,2228
당고개공원 대여소,12,1346
당고개입구 오거리,1,918
당고개입구 오거리,2,1165
당고개입구 오거리,3,1866
당고개입구 오거리,4,2568
당고개입구 오거리,5,3032
당고개입구 오거리,6,3376
당고개입구 오거리,7,3011
당고개입구 오거리,8,2915
당고개입구 오거리,9,3364
당고개입구 오거리,10,3361
당고개입구 오거리,11,2517
당고개입구 오거리,12,1374
당고개입구오거리 당현천변,1,1432
당고개입구오거리 당현천변,2,1571
당고개입구오거리 당현천변,3,2927
당고개입구오거리 당현천변,4,4340
당고개입구오거리 당현천변,5,5167
당고개입구오거리 당현천변,6,5202
당고개입구오거리 당현천변,7,4434
당고개입구오거리 당현천변,8,4350
당고개입구오거리 당현천변,9,4921
당고개입구오거리 당현천변,10,4983
당고개입구오거리 당현천변,11,3601
당고개입구오거리 당현천변,12,2232
당곡사거리,1,5119
당곡사거리,2,5984
당곡사거리,3,10883
당곡사거리,4,13915
당곡사거리,5,15616
당곡사거리,6,16208
당곡사거리,7,14045
당곡사거리,8,13056
당곡사거리,9,16048
당곡사거리,10,15895
당곡사거리,11,11247
당곡사거리,12,6398
당산skv1센터,1,2738
당산skv1센터,2,2793
당산skv1센터,3,4561
당산skv1센터,4,5386
당산skv1센터,5,6058
당산skv1센터,6,6495
당산skv1센터,7,6498
당산skv1센터,8,6142
당산skv1센터,9,6933
당산skv1센터,10,7205
당산skv1센터,11,6207
당산skv1센터,12,4166
당산롯데캐슬프레스티지,1,4060
당산롯데캐슬프레스티지,2,4534
당산롯데캐슬프레스티지,3,7059
당산롯데캐슬프레스티지,4,9390
당산롯데캐슬프레스티지,5,10455
당산롯데캐슬프레스티지,6,11767
당산롯데캐슬프레스티지,7,10894
당산롯데캐슬프레스티지,8,11026
당산롯데캐슬프레스티지,9,12345
당산롯데캐슬프레스티지,10,12558
당산롯데캐슬프레스티지,11,10210
당산롯데캐슬프레스티지,12,6321
당산삼성2차아파트,1,3545
당산삼성2차아파트,2,3508
당산삼성2차아파트,3,5792
당산삼성2차아파트,4,7637
당산삼성2차아파트,5,8771
당산삼성2차아파트,6,9633
당산삼성2차아파트,7,9880
당산삼성2차아파트,8,9843
당산삼성2차아파트,9,10388
당산삼성2차아파트,10,10911
당산삼성2차아파트,11,8641
당산삼성2차아파트,12,5636
당산역 10번출구 앞,1,8554
당산역 10번출구 앞,2,9623
당산역 10번출구 앞,3,16299
당산역 10번출구 앞,4,22110
당산역 10번출구 앞,5,24810
당산역 10번출구 앞,6,25182
당산역 10번출구 앞,7,22710
당산역 10번출구 앞,8,22416
당산역 10번출구 앞,9,26857
당산역 10번출구 앞,10,26708
당산역 10번출구 앞,11,18644
당산역 10번출구 앞,12,11743
당산역11번출구,1,4064
당산역11번출구,2,4358
당산역11번출구,3,6694
당산역11번출구,4,8254
당산역11번출구,5,9100
당산역11번출구,6,10028
당산역11번출구,7,8834
당산역11번출구,8,9337
당산역11번출구,9,9854
당산역11번출구,10,10672
당산역11번출구,11,9938
당산역11번출구,12,6343
당산육갑문,1,4865
당산육갑문,2,6938
당산육갑문,3,17196
당산육갑문,4,26992
당산육갑문,5,29254
당산육갑문,6,27181
당산육갑문,7,20962
당산육갑문,8,20190
당산육갑문,9,30037
당산육갑문,10,27382
당산육갑문,11,14805
당산육갑문,12,6696
당인리발전소 공원 앞,1,911
당인리발전소 공원 앞,2,1128
당인리발전소 공원 앞,3,2783
당인리발전소 공원 앞,4,4502
당인리발전소 공원 앞,5,4876
당인리발전소 공원 앞,6,4586
당인리발전소 공원 앞,7,3219
당인리발전소 공원 앞,8,3536
당인리발전소 공원 앞,9,4725
당인리발전소 공원 앞,10,4979
당인리발전소 공원 앞,11,3012
당인리발전소 공원 앞,12,1436
당현천근린공원,1,2593
당현천근린공원,2,2883
당현천근린공원,3,5221
당현천근린공원,4,6843
당현천근린공원,5,7463
당현천근린공원,6,7501
당현천근린공원,7,6457
당현천근린공원,8,6158
당현천근린공원,9,7421
당현천근린공원,10,7136
당현천근린공원,11,5932
당현천근린공원,12,3857
대광고등학교,1,1045
대광고등학교,2,1218
대광고등학교,3,2615
대광고등학교,4,3421
대광고등학교,5,4429
대광고등학교,6,4382
대광고등학교,7,3431
대광고등학교,8,3222
대광고등학교,9,4061
대광고등학교,10,4345
대광고등학교,11,3708
대광고등학교,12,2505
대광빌딩,1,732
대광빌딩,2,848
대광빌딩,3,1841
대광빌딩,4,1962
대광빌딩,5,2132
대광빌딩,6,2128
대광빌딩,7,2129
대광빌딩,8,2043
대광빌딩,9,2301
대광빌딩,10,2397
대광빌딩,11,1943
대광빌딩,12,1037
대륜E&S 서울지사 앞,1,811
대륜E&S 서울지사 앞,2,779
대륜E&S 서울지사 앞,3,1529
대륜E&S 서울지사 앞,4,1742
대륜E&S 서울지사 앞,5,2147
대륜E&S 서울지사 앞,6,2302
대륜E&S 서울지사 앞,7,1936
대륜E&S 서울지사 앞,8,1919
대륜E&S 서울지사 앞,9,2331
대륜E&S 서울지사 앞,10,2328
대륜E&S 서울지사 앞,11,1929
대륜E&S 서울지사 앞,12,1190
대륭테크노타운 18차,1,1087
대륭테크노타운 18차,2,1239
대륭테크노타운 18차,3,2109
대륭테크노타운 18차,4,2505
대륭테크노타운 18차,5,2845
대륭테크노타운 18차,6,2899
대륭테크노타운 18차,7,2505
대륭테크노타운 18차,8,2183
대륭테크노타운 18차,9,2494
대륭테크노타운 18차,10,2897
대륭테크노타운 18차,11,2542
대륭테크노타운 18차,12,1314
대륭테크노타운21차 앞,1,955
대륭테크노타운21차 앞,2,1041
대륭테크노타운21차 앞,3,2124
대륭테크노타운21차 앞,4,3036
대륭테크노타운21차 앞,5,3194
대륭테크노타운21차 앞,6,2968
대륭테크노타운21차 앞,7,2539
대륭테크노타운21차 앞,8,2457
대륭테크노타운21차 앞,9,3097
대륭테크노타운21차 앞,10,3116
대륭테크노타운21차 앞,11,2271
대륭테크노타운21차 앞,12,1262
대륭포스트타워1차,1,3237
대륭포스트타워1차,2,3529
대륭포스트타워1차,3,5490
대륭포스트타워1차,4,6955
대륭포스트타워1차,5,7790
대륭포스트타워1차,6,8203
대륭포스트타워1차,7,7564
대륭포스트타워1차,8,6885
대륭포스트타워1차,9,8328
대륭포스트타워1차,10,8779
대륭포스트타워1차,11,7589
대륭포스트타워1차,12,4552
대륭포스트타워5차,1,817
대륭포스트타워5차,2,839
대륭포스트타워5차,3,1316
대륭포스트타워5차,4,1710
대륭포스트타워5차,5,1818
대륭포스트타워5차,6,2118
대륭포스트타워5차,7,2045
대륭포스트타워5차,8,1927
대륭포스트타워5차,9,2192
대륭포스트타워5차,10,2195
대륭포스트타워5차,11,1754
대륭포스트타워5차,12,1151
대륭포스트타워6차 앞,1,7058
대륭포스트타워6차 앞,2,7048
대륭포스트타워6차 앞,3,10864
대륭포스트타워6차 앞,4,14029
대륭포스트타워6차 앞,5,16453
대륭포스트타워6차 앞,6,18028
대륭포스트타워6차 앞,7,17435
대륭포스트타워6차 앞,8,16656
대륭포스트타워6차 앞,9,18385
대륭포스트타워6차 앞,10,20574
대륭포스트타워6차 앞,11,18065
대륭포스트타워6차 앞,12,11314
대림3동사거리,1,2182
대림3동사거리,2,2388
대림3동사거리,3,3559
대림3동사거리,4,4253
대림3동사거리,5,4881
대림3동사거리,6,5370
대림3동사거리,7,4965
대림3동사거리,8,4666
대림3동사거리,9,5351
대림3동사거리,10,5517
대림3동사거리,11,4283
대림3동사거리,12,2810
대림경동아파트앞,1,3293
대림경동아파트앞,2,3647
대림경동아파트앞,3,6145
대림경동아파트앞,4,7697
대림경동아파트앞,5,8474
대림경동아파트앞,6,7586
대림경동아파트앞,7,8443
대림경동아파트앞,8,8077
대림경동아파트앞,9,9535
대림경동아파트앞,10,9517
대림경동아파트앞,11,7260
대림경동아파트앞,12,4497
대림동 e편한세상영등포아델포레,1,3259
대림동 e편한세상영등포아델포레,2,3284
대림동 e편한세상영등포아델포레,3,5065
대림동 e편한세상영등포아델포레,4,6133
대림동 e편한세상영등포아델포레,5,7161
대림동 e편한세상영등포아델포레,6,7735
대림동 e편한세상영등포아델포레,7,7601
대림동 e편한세상영등포아델포레,8,7458
대림동 e편한세상영등포아델포레,9,8279
대림동 e편한세상영등포아델포레,10,8699
대림동 e편한세상영등포아델포레,11,7331
대림동 e편한세상영등포아델포레,12,4767
대림동현대2차 201동 앞,1,392
대림동현대2차 201동 앞,2,436
대림동현대2차 201동 앞,3,686
대림동현대2차 201동 앞,4,927
대림동현대2차 201동 앞,5,1015
대림동현대2차 201동 앞,6,1030
대림동현대2차 201동 앞,7,914
대림동현대2차 201동 앞,8,971
대림동현대2차 201동 앞,9,998
대림동현대2차 201동 앞,10,1088
대림동현대2차 201동 앞,11,884
대림동현대2차 201동 앞,12,580
대림사거리(동작상떼빌아파트),1,1653
대림사거리(동작상떼빌아파트),2,1731
대림사거리(동작상떼빌아파트),3,2867
대림사거리(동작상떼빌아파트),4,3359
대림사거리(동작상떼빌아파트),5,3955
대림사거리(동작상떼빌아파트),6,4528
대림사거리(동작상떼빌아파트),7,4120
대림사거리(동작상떼빌아파트),8,4102
대림사거리(동작상떼빌아파트),9,4594
대림사거리(동작상떼빌아파트),10,4757
대림사거리(동작상떼빌아파트),11,3517
대림사거리(동작상떼빌아파트),12,2148
대림성원상떼빌아파트,1,2259
대림성원상떼빌아파트,2,2257
대림성원상떼빌아파트,3,3368
대림성원상떼빌아파트,4,4577
대림성원상떼빌아파트,5,5498
대림성원상떼빌아파트,6,6146
대림성원상떼빌아파트,7,6021
대림성원상떼빌아파트,8,5900
대림성원상떼빌아파트,9,6309
대림성원상떼빌아파트,10,6976
대림성원상떼빌아파트,11,5515
대림성원상떼빌아파트,12,3694
대림신동아아파트 앞,1,1973
대림신동아아파트 앞,2,2031
대림신동아아파트 앞,3,3162
대림신동아아파트 앞,4,4178
대림신동아아파트 앞,5,4458
대림신동아아파트 앞,6,4660
대림신동아아파트 앞,7,4344
대림신동아아파트 앞,8,4361
대림신동아아파트 앞,9,5030
대림신동아아파트 앞,10,5156
대림신동아아파트 앞,11,3846
대림신동아아파트 앞,12,2033
대림아크로리버 앞,1,1294
대림아크로리버 앞,2,1586
대림아크로리버 앞,3,2498
대림아크로리버 앞,4,3273
대림아크로리버 앞,5,4070
대림아크로리버 앞,6,4185
대림아크로리버 앞,7,3529
대림아크로리버 앞,8,3491
대림아크로리버 앞,9,4067
대림아크로리버 앞,10,4155
대림아크로리버 앞,11,3114
대림아크로리버 앞,12,1705
대림아파트 사거리,1,1015
대림아파트 사거리,2,1219
대림아파트 사거리,3,2111
대림아파트 사거리,4,2835
대림아파트 사거리,5,3357
대림아파트 사거리,6,3497
대림아파트 사거리,7,2854
대림아파트 사거리,8,2618
대림아파트 사거리,9,3137
대림아파트 사거리,10,3252
대림아파트 사거리,11,2573
대림아파트 사거리,12,1425
대림아파트 후문 상가 옆,1,877
대림아파트 후문 상가 옆,2,883
대림아파트 후문 상가 옆,3,1453
대림아파트 후문 상가 옆,4,1641
대림아파트 후문 상가 옆,5,1580
대림아파트 후문 상가 옆,6,1383
대림아파트 후문 상가 옆,7,1832
대림아파트 후문 상가 옆,8,1705
대림아파트 후문 상가 옆,9,1948
대림아파트 후문 상가 옆,10,1834
대림아파트 후문 상가 옆,11,2059
대림아파트 후문 상가 옆,12,1244
대림역 1번 출입구 밑,1,2534
대림역 1번 출입구 밑,2,2653
대림역 1번 출입구 밑,3,4259
대림역 1번 출입구 밑,4,5391
대림역 1번 출입구 밑,5,5922
대림역 1번 출입구 밑,6,6027
대림역 1번 출입구 밑,7,5754
대림역 1번 출입구 밑,8,5749
대림역 1번 출입구 밑,9,6591
대림역 1번 출입구 밑,10,6517
대림역 1번 출입구 밑,11,5538
대림역 1번 출입구 밑,12,3585
대림역4번출구,1,4194
대림역4번출구,2,4354
대림역4번출구,3,7017
대림역4번출구,4,9269
대림역4번출구,5,10968
대림역4번출구,6,11801
대림역4번출구,7,10473
대림역4번출구,8,10108
대림역4번출구,9,11843
대림역4번출구,10,12209
대림역4번출구,11,9470
대림역4번출구,12,6030
대림우성2차아파트,1,695
대림우성2차아파트,2,779
대림우성2차아파트,3,1166
대림우성2차아파트,4,1520
대림우성2차아파트,5,1920
대림우성2차아파트,6,1921
대림우성2차아파트,7,2107
대림우성2차아파트,8,1915
대림우성2차아파트,9,2192
대림우성2차아파트,10,2204
대림우성2차아파트,11,1704
대림우성2차아파트,12,1064
대림우성아파트 사거리,1,694
대림우성아파트 사거리,2,814
대림우성아파트 사거리,3,1120
대림우성아파트 사거리,4,1430
대림우성아파트 사거리,5,1625
대림우성아파트 사거리,6,1697
대림우성아파트 사거리,7,1489
대림우성아파트 사거리,8,1507
대림우성아파트 사거리,9,1599
대림우성아파트 사거리,10,1698
대림우성아파트 사거리,11,1784
대림우성아파트 사거리,12,1123
대명초교 입구 교차로,1,369
대명초교 입구 교차로,2,506
대명초교 입구 교차로,3,884
대명초교 입구 교차로,4,1222
대명초교 입구 교차로,5,1611
대명초교 입구 교차로,6,1049
대명초교 입구 교차로,7,1021
대명초교 입구 교차로,8,854
대명초교 입구 교차로,9,1029
대명초교 입구 교차로,10,1046
대명초교 입구 교차로,11,845
대명초교 입구 교차로,12,434
대명초교입구 사거리,1,1635
대명초교입구 사거리,2,1909
대명초교입구 사거리,3,3089
대명초교입구 사거리,4,4215
대명초교입구 사거리,5,4776
대명초교입구 사거리,6,5409
대명초교입구 사거리,7,4524
대명초교입구 사거리,8,4356
대명초교입구 사거리,9,5330
대명초교입구 사거리,10,5394
대명초교입구 사거리,11,4011
대명초교입구 사거리,12,2253
대모산입구역 2번출구 앞,1,996
대모산입구역 2번출구 앞,2,1107
대모산입구역 2번출구 앞,3,1743
대모산입구역 2번출구 앞,4,2140
대모산입구역 2번출구 앞,5,2321
대모산입구역 2번출구 앞,6,2342
대모산입구역 2번출구 앞,7,1834
대모산입구역 2번출구 앞,8,1848
대모산입구역 2번출구 앞,9,2514
대모산입구역 2번출구 앞,10,2509
대모산입구역 2번출구 앞,11,2015
대모산입구역 2번출구 앞,12,1100
대모산입구역 4번 출구 앞,1,2183
대모산입구역 4번 출구 앞,2,2323
대모산입구역 4번 출구 앞,3,4286
대모산입구역 4번 출구 앞,4,6107
대모산입구역 4번 출구 앞,5,6564
대모산입구역 4번 출구 앞,6,6673
대모산입구역 4번 출구 앞,7,5295
대모산입구역 4번 출구 앞,8,5225
대모산입구역 4번 출구 앞,9,6566
대모산입구역 4번 출구 앞,10,6713
대모산입구역 4번 출구 앞,11,4916
대모산입구역 4번 출구 앞,12,2965
대모산입구역 7번 출구 앞,1,262
대모산입구역 7번 출구 앞,2,308
대모산입구역 7번 출구 앞,3,594
대모산입구역 7번 출구 앞,4,837
대모산입구역 7번 출구 앞,5,914
대모산입구역 7번 출구 앞,6,1026
대모산입구역 7번 출구 앞,7,851
대모산입구역 7번 출구 앞,8,798
대모산입구역 7번 출구 앞,9,945
대모산입구역 7번 출구 앞,10,871
대모산입구역 7번 출구 앞,11,659
대모산입구역 7번 출구 앞,12,355
대방1차 e편한세상 앞,1,128
대방1차 e편한세상 앞,2,189
대방1차 e편한세상 앞,3,426
대방1차 e편한세상 앞,4,523
대방1차 e편한세상 앞,5,445
대방1차 e편한세상 앞,6,488
대방1차 e편한세상 앞,7,315
대방1차 e편한세상 앞,8,289
대방1차 e편한세상 앞,9,422
대방1차 e편한세상 앞,10,528
대방1차 e편한세상 앞,11,409
대방1차 e편한세상 앞,12,222
대방역 4번출구,1,435
대방역 4번출구,2,618
대방역 4번출구,3,1201
대방역 4번출구,4,1497
대방역 4번출구,5,1320
대방역 4번출구,6,1475
대방역 4번출구,7,1525
대방역 4번출구,8,1081
대방역 4번출구,9,1280
대방역 4번출구,10,829
대방역 4번출구,11,526
대방역 4번출구,12,245
대방역2번출구,1,1384
대방역2번출구,2,1469
대방역2번출구,3,2421
대방역2번출구,4,3455
대방역2번출구,5,4144
대방역2번출구,6,4137
대방역2번출구,7,3576
대방역2번출구,8,3421
대방역2번출구,9,4110
대방역2번출구,10,4570
대방역2번출구,11,3383
대방역2번출구,12,1992
대방역6번출구,1,5680
대방역6번출구,2,6261
대방역6번출구,3,10466
대방역6번출구,4,14061
대방역6번출구,5,14883
대방역6번출구,6,14736
대방역6번출구,7,12796
대방역6번출구,8,11763
대방역6번출구,9,14850
대방역6번출구,10,15173
대방역6번출구,11,12041
대방역6번출구,12,7562
대방지하보도(대방동경남아너스빌아파트),1,2206
대방지하보도(대방동경남아너스빌아파트),2,2594
대방지하보도(대방동경남아너스빌아파트),3,4444
대방지하보도(대방동경남아너스빌아파트),4,6123
대방지하보도(대방동경남아너스빌아파트),5,6954
대방지하보도(대방동경남아너스빌아파트),6,7050
대방지하보도(대방동경남아너스빌아파트),7,5670
대방지하보도(대방동경남아너스빌아파트),8,6006
대방지하보도(대방동경남아너스빌아파트),9,7073
대방지하보도(대방동경남아너스빌아파트),10,7797
대방지하보도(대방동경남아너스빌아파트),11,5772
대방지하보도(대방동경남아너스빌아파트),12,3285
대상연구소,1,784
대상연구소,2,1001
대상연구소,3,1490
대상연구소,4,1891
대상연구소,5,2061
대상연구소,6,2129
대상연구소,7,1961
대상연구소,8,1925
대상연구소,9,2476
대상연구소,10,2618
대상연구소,11,2053
대상연구소,12,1355
대성유니드아파트,1,1200
대성유니드아파트,2,1314
대성유니드아파트,3,2015
대성유니드아파트,4,2873
대성유니드아파트,5,3537
대성유니드아파트,6,3801
대성유니드아파트,7,3236
대성유니드아파트,8,3053
대성유니드아파트,9,3198
대성유니드아파트,10,2797
대성유니드아파트,11,2338
대성유니드아파트,12,1485
대신파이낸스센터,1,1326
대신파이낸스센터,2,1431
대신파이낸스센터,3,1682
대신파이낸스센터,4,1705
대신파이낸스센터,5,1971
대신파이낸스센터,6,2027
대신파이낸스센터,7,2055
대신파이낸스센터,8,1891
대신파이낸스센터,9,2077
대신파이낸스센터,10,2438
대신파이낸스센터,11,2297
대신파이낸스센터,12,1414
대영중고 후문,1,1506
대영중고 후문,2,1674
대영중고 후문,3,2752
대영중고 후문,4,3269
대영중고 후문,5,3919
대영중고 후문,6,4398
대영중고 후문,7,3976
대영중고 후문,8,3985
대영중고 후문,9,4443
대영중고 후문,10,4642
대영중고 후문,11,3726
대영중고 후문,12,2257
대원빌딩,1,2115
대원빌딩,2,2417
대원빌딩,3,3972
대원빌딩,4,5380
대원빌딩,5,6303
대원빌딩,6,6445
대원빌딩,7,6120
대원빌딩,8,6332
대원빌딩,9,6977
대원빌딩,10,7078
대원빌딩,11,5411
대원빌딩,12,3062
대원중고교 입구(대하빌딩),1,591
대원중고교 입구(대하빌딩),2,792
대원중고교 입구(대하빌딩),3,1567
대원중고교 입구(대하빌딩),4,2355
대원중고교 입구(대하빌딩),5,2452
대원중고교 입구(대하빌딩),6,2613
대원중고교 입구(대하빌딩),7,2183
대원중고교 입구(대하빌딩),8,1997
대원중고교 입구(대하빌딩),9,2352
대원중고교 입구(대하빌딩),10,2424
대원중고교 입구(대하빌딩),11,1886
대원중고교 입구(대하빌딩),12,1007
대진고교앞 교차로,1,1008
대진고교앞 교차로,2,1002
대진고교앞 교차로,3,1645
대진고교앞 교차로,4,2362
대진고교앞 교차로,5,2632
대진고교앞 교차로,6,2618
대진고교앞 교차로,7,2256
대진고교앞 교차로,8,2071
대진고교앞 교차로,9,2742
대진고교앞 교차로,10,3346
대진고교앞 교차로,11,2518
대진고교앞 교차로,12,1701
대진고등학교,1,1864
대진고등학교,2,2397
대진고등학교,3,4295
대진고등학교,4,6242
대진고등학교,5,6778
대진고등학교,6,6930
대진고등학교,7,6206
대진고등학교,8,5328
대진고등학교,9,6272
대진고등학교,10,5779
대진고등학교,11,5246
대진고등학교,12,2776
대청역,1,774
대청역,2,911
대청역,3,1710
대청역,4,2389
대청역,5,2755
대청역,6,3042
대청역,7,2690
대청역,8,2692
대청역,9,3141
대청역,10,3053
대청역,11,2563
대청역,12,1564
대청역 1번출구  뒤,1,2298
대청역 1번출구  뒤,2,2648
대청역 1번출구  뒤,3,4816
대청역 1번출구  뒤,4,6514
대청역 1번출구  뒤,5,7027
대청역 1번출구  뒤,6,7182
대청역 1번출구  뒤,7,6090
대청역 1번출구  뒤,8,5532
대청역 1번출구  뒤,9,6724
대청역 1번출구  뒤,10,6888
대청역 1번출구  뒤,11,5121
대청역 1번출구  뒤,12,3146
대치동 삼성로,1,1266
대치동 삼성로,2,1047
대치동 삼성로,3,1877
대치동 삼성로,4,2241
대치동 삼성로,5,2343
대치동 삼성로,6,2162
대치동 삼성로,7,2111
대치동 삼성로,8,1850
대치동 삼성로,9,2283
대치동 삼성로,10,2212
대치동 삼성로,11,2160
대치동 삼성로,12,1162
대치삼성아파트 앞 교차로,1,1904
대치삼성아파트 앞 교차로,2,1920
대치삼성아파트 앞 교차로,3,2915
대치삼성아파트 앞 교차로,4,3534
대치삼성아파트 앞 교차로,5,3708
대치삼성아파트 앞 교차로,6,3920
대치삼성아파트 앞 교차로,7,3583
대치삼성아파트 앞 교차로,8,3535
대치삼성아파트 앞 교차로,9,4105
대치삼성아파트 앞 교차로,10,4123
대치삼성아파트 앞 교차로,11,3351
대치삼성아파트 앞 교차로,12,1887
대치역 7번출구,1,2161
대치역 7번출구,2,2484
대치역 7번출구,3,3769
대치역 7번출구,4,4940
대치역 7번출구,5,5665
대치역 7번출구,6,5859
대치역 7번출구,7,5372
대치역 7번출구,8,5474
대치역 7번출구,9,6313
대치역 7번출구,10,6221
대치역 7번출구,11,4618
대치역 7번출구,12,2815
대치역 사거리,1,1310
대치역 사거리,2,1715
대치역 사거리,3,3211
대치역 사거리,4,4354
대치역 사거리,5,4968
대치역 사거리,6,4848
대치역 사거리,7,3985
대치역 사거리,8,3604
대치역 사거리,9,4644
대치역 사거리,10,4663
대치역 사거리,11,2952
대치역 사거리,12,1654
대치우성아파트 사거리,1,635
대치우성아파트 사거리,2,637
대치우성아파트 사거리,3,1216
대치우성아파트 사거리,4,1934
대치우성아파트 사거리,5,2035
대치우성아파트 사거리,6,2097
대치우성아파트 사거리,7,1801
대치우성아파트 사거리,8,2107
대치우성아파트 사거리,9,2841
대치우성아파트 사거리,10,2834
대치우성아파트 사거리,11,2143
대치우성아파트 사거리,12,1198
대학동 고시촌,1,1366
대학동 고시촌,2,1420
대학동 고시촌,3,2531
대학동 고시촌,4,3290
대학동 고시촌,5,3690
대학동 고시촌,6,3994
대학동 고시촌,7,3366
대학동 고시촌,8,3366
대학동 고시촌,9,3437
대학동 고시촌,10,3162
대학동 고시촌,11,2558
대학동 고시촌,12,1484
대학동주민센터,1,1183
대학동주민센터,2,1306
대학동주민센터,3,2205
대학동주민센터,4,2991
대학동주민센터,5,3482
대학동주민센터,6,3685
대학동주민센터,7,3518
대학동주민센터,8,3280
대학동주민센터,9,3222
대학동주민센터,10,3161
대학동주민센터,11,3101
대학동주민센터,12,1704
대학로 마로니에공원,1,3853
대학로 마로니에공원,2,4385
대학로 마로니에공원,3,8095
대학로 마로니에공원,4,10377
대학로 마로니에공원,5,11117
대학로 마로니에공원,6,10811
대학로 마로니에공원,7,9454
대학로 마로니에공원,8,9333
대학로 마로니에공원,9,10695
대학로 마로니에공원,10,11292
대학로 마로니에공원,11,9141
대학로 마로니에공원,12,5169
대한무역투자진흥공사 KOTRA 앞,1,1022
대한무역투자진흥공사 KOTRA 앞,2,1130
대한무역투자진흥공사 KOTRA 앞,3,1963
대한무역투자진흥공사 KOTRA 앞,4,3016
대한무역투자진흥공사 KOTRA 앞,5,3285
대한무역투자진흥공사 KOTRA 앞,6,3231
대한무역투자진흥공사 KOTRA 앞,7,2971
대한무역투자진흥공사 KOTRA 앞,8,2840
대한무역투자진흥공사 KOTRA 앞,9,3292
대한무역투자진흥공사 KOTRA 앞,10,3134
대한무역투자진흥공사 KOTRA 앞,11,2809
대한무역투자진흥공사 KOTRA 앞,12,1900
대한상공회의소,1,2032
대한상공회의소,2,2305
대한상공회의소,3,3623
대한상공회의소,4,4965
대한상공회의소,5,5827
대한상공회의소,6,5521
대한상공회의소,7,5227
대한상공회의소,8,4712
대한상공회의소,9,5754
대한상공회의소,10,5817
대한상공회의소,11,5034
대한상공회의소,12,2702
대한항공 인력개발센터,1,2501
대한항공 인력개발센터,2,2497
대한항공 인력개발센터,3,4091
대한항공 인력개발센터,4,4595
대한항공 인력개발센터,5,4413
대한항공 인력개발센터,6,4569
대한항공 인력개발센터,7,5009
대한항공 인력개발센터,8,4920
대한항공 인력개발센터,9,5590
대한항공 인력개발센터,10,5959
대한항공 인력개발센터,11,5121
대한항공 인력개발센터,12,3233
대현그린타워,1,369
대현그린타워,2,667
대현그린타워,3,881
대현그린타워,4,1317
대현그린타워,5,1371
대현그린타워,6,1130
대현그린타워,7,1193
대현그린타워,8,1211
대현그린타워,9,1253
대현그린타워,10,1219
대현그린타워,11,1240
대현그린타워,12,455
대흥동 주민센터,1,201
대흥동 주민센터,2,152
대흥동 주민센터,3,168
대흥동 주민센터,4,143
대흥동 주민센터,5,136
대흥동 주민센터,6,137
대흥동 주민센터,7,107
대흥동 주민센터,8,113
대흥동 주민센터,9,215
대흥동 주민센터,10,212
대흥동 주민센터,11,180
대흥동 주민센터,12,167
대흥역 1번출구,1,1724
대흥역 1번출구,2,1853
대흥역 1번출구,3,3561
대흥역 1번출구,4,4529
대흥역 1번출구,5,4740
대흥역 1번출구,6,4729
대흥역 1번출구,7,4242
대흥역 1번출구,8,4238
대흥역 1번출구,9,5119
대흥역 1번출구,10,5415
대흥역 1번출구,11,4158
대흥역 1번출구,12,2352
더라움,1,513
더라움,2,636
더라움,3,1011
더라움,4,1468
더라움,5,1321
더라움,6,1175
더라움,7,1185
더라움,8,1177
더라움,9,1136
더라움,10,1190
더라움,11,1104
더라움,12,559
더리브 세종타워 앞,1,542
더리브 세종타워 앞,2,571
더리브 세종타워 앞,3,956
더리브 세종타워 앞,4,1300
더리브 세종타워 앞,5,1451
더리브 세종타워 앞,6,1434
더리브 세종타워 앞,7,1327
더리브 세종타워 앞,8,1160
더리브 세종타워 앞,9,2202
더리브 세종타워 앞,10,2825
더리브 세종타워 앞,11,2496
더리브 세종타워 앞,12,1553
더리브골드타워,1,1257
더리브골드타워,2,1322
더리브골드타워,3,2080
더리브골드타워,4,2815
더리브골드타워,5,3265
더리브골드타워,6,3785
더리브골드타워,7,3576
더리브골드타워,8,3437
더리브골드타워,9,4024
더리브골드타워,10,4166
더리브골드타워,11,3264
더리브골드타워,12,1911
더리브오피스텔 앞,1,1427
더리브오피스텔 앞,2,1811
더리브오피스텔 앞,3,2892
더리브오피스텔 앞,4,4282
더리브오피스텔 앞,5,4810
더리브오피스텔 앞,6,5044
더리브오피스텔 앞,7,4459
더리브오피스텔 앞,8,4711
더리브오피스텔 앞,9,4985
더리브오피스텔 앞,10,5313
더리브오피스텔 앞,11,4239
더리브오피스텔 앞,12,2366
더스페이스타워 앞,1,1470
더스페이스타워 앞,2,1854
더스페이스타워 앞,3,3880
더스페이스타워 앞,4,5257
더스페이스타워 앞,5,6210
더스페이스타워 앞,6,5679
더스페이스타워 앞,7,4405
더스페이스타워 앞,8,4311
더스페이스타워 앞,9,5249
더스페이스타워 앞,10,5258
더스페이스타워 앞,11,3960
더스페이스타워 앞,12,2130
더시그넘하우스 앞,1,571
더시그넘하우스 앞,2,612
더시그넘하우스 앞,3,1292
더시그넘하우스 앞,4,1937
더시그넘하우스 앞,5,2446
더시그넘하우스 앞,6,2476
더시그넘하우스 앞,7,1878
더시그넘하우스 앞,8,1639
더시그넘하우스 앞,9,2454
더시그넘하우스 앞,10,2482
더시그넘하우스 앞,11,1932
더시그넘하우스 앞,12,983
더케이호텔 입구(양재2),1,1730
더케이호텔 입구(양재2),2,1852
더케이호텔 입구(양재2),3,2768
더케이호텔 입구(양재2),4,3602
더케이호텔 입구(양재2),5,3884
더케이호텔 입구(양재2),6,3995
더케이호텔 입구(양재2),7,3555
더케이호텔 입구(양재2),8,3492
더케이호텔 입구(양재2),9,4060
더케이호텔 입구(양재2),10,4254
더케이호텔 입구(양재2),11,3428
더케이호텔 입구(양재2),12,2333
덕수중학교,1,233
덕수중학교,2,261
덕수중학교,3,366
덕수중학교,4,419
덕수중학교,5,481
덕수중학교,6,860
덕수중학교,7,847
덕수중학교,8,944
덕수중학교,9,1013
덕수중학교,10,928
덕수중학교,11,796
덕수중학교,12,531
데시앙플렉스 지식산업센터,12,264
도곡1동 주민센터 교차로,1,1155
도곡1동 주민센터 교차로,2,1254
도곡1동 주민센터 교차로,3,2068
도곡1동 주민센터 교차로,4,2551
도곡1동 주민센터 교차로,5,2646
도곡1동 주민센터 교차로,6,2596
도곡1동 주민센터 교차로,7,2403
도곡1동 주민센터 교차로,8,2369
도곡1동 주민센터 교차로,9,2707
도곡1동 주민센터 교차로,10,2914
도곡1동 주민센터 교차로,11,2507
도곡1동 주민센터 교차로,12,1374
도곡동 경남아파트 건너편,1,677
도곡동 경남아파트 건너편,2,806
도곡동 경남아파트 건너편,3,1165
도곡동 경남아파트 건너편,4,1611
도곡동 경남아파트 건너편,5,1371
도곡동 경남아파트 건너편,6,1470
도곡동 경남아파트 건너편,7,1318
도곡동 경남아파트 건너편,8,1330
도곡동 경남아파트 건너편,9,1520
도곡동 경남아파트 건너편,10,1741
도곡동 경남아파트 건너편,11,1401
도곡동 경남아파트 건너편,12,772
도곡동 골프 로데오거리,1,478
도곡동 골프 로데오거리,2,485
도곡동 골프 로데오거리,3,742
도곡동 골프 로데오거리,4,1113
도곡동 골프 로데오거리,5,1181
도곡동 골프 로데오거리,6,1228
도곡동 골프 로데오거리,7,1020
도곡동 골프 로데오거리,8,1184
도곡동 골프 로데오거리,9,1416
도곡동 골프 로데오거리,10,1339
도곡동 골프 로데오거리,11,1158
도곡동 골프 로데오거리,12,486
도곡삼성래미안,1,121
도곡삼성래미안,2,129
도곡삼성래미안,3,230
도곡삼성래미안,4,321
도곡삼성래미안,5,381
도곡삼성래미안,6,642
도곡삼성래미안,7,555
도곡삼성래미안,8,589
도곡삼성래미안,9,683
도곡삼성래미안,10,660
도곡삼성래미안,11,650
도곡삼성래미안,12,377
도곡역 1번 출구,1,1297
도곡역 1번 출구,2,1603
도곡역 1번 출구,3,3103
도곡역 1번 출구,4,4652
도곡역 1번 출구,5,4613
도곡역 1번 출구,6,4405
도곡역 1번 출구,7,3604
도곡역 1번 출구,8,3515
도곡역 1번 출구,9,4648
도곡역 1번 출구,10,5006
도곡역 1번 출구,11,4102
도곡역 1번 출구,12,2273
도곡역 대치지구대 방향,1,1058
도곡역 대치지구대 방향,2,1109
도곡역 대치지구대 방향,3,2097
도곡역 대치지구대 방향,4,2634
도곡역 대치지구대 방향,5,2987
도곡역 대치지구대 방향,6,2923
도곡역 대치지구대 방향,7,2420
도곡역 대치지구대 방향,8,2397
도곡역 대치지구대 방향,9,2696
도곡역 대치지구대 방향,10,2550
도곡역 대치지구대 방향,11,1772
도곡역 대치지구대 방향,12,1054
도곡역 아카데미스위트 앞,1,2023
도곡역 아카데미스위트 앞,2,2332
도곡역 아카데미스위트 앞,3,3773
도곡역 아카데미스위트 앞,4,5171
도곡역 아카데미스위트 앞,5,5588
도곡역 아카데미스위트 앞,6,5833
도곡역 아카데미스위트 앞,7,5232
도곡역 아카데미스위트 앞,8,5069
도곡역 아카데미스위트 앞,9,6138
도곡역 아카데미스위트 앞,10,6231
도곡역 아카데미스위트 앞,11,5195
도곡역 아카데미스위트 앞,12,3287
도깨비시장,1,3042
도깨비시장,2,3418
도깨비시장,3,5696
도깨비시장,4,6853
도깨비시장,5,7886
도깨비시장,6,8336
도깨비시장,7,7692
도깨비시장,8,7666
도깨비시장,9,9590
도깨비시장,10,9773
도깨비시장,11,6277
도깨비시장,12,4185
도동삼거리,1,243
도동삼거리,2,221
도동삼거리,3,293
도동삼거리,4,389
도동삼거리,5,270
도동삼거리,6,323
도동삼거리,7,283
도동삼거리,8,333
도동삼거리,9,273
도동삼거리,10,472
도동삼거리,11,336
도동삼거리,12,206
도림고가도로 밑,1,1888
도림고가도로 밑,2,2010
도림고가도로 밑,3,3319
도림고가도로 밑,4,4002
도림고가도로 밑,5,4166
도림고가도로 밑,6,4701
도림고가도로 밑,7,4378
도림고가도로 밑,8,4244
도림고가도로 밑,9,4880
도림고가도로 밑,10,5277
도림고가도로 밑,11,4123
도림고가도로 밑,12,2728
도림동배드민턴체육관,1,1539
도림동배드민턴체육관,2,1552
도림동배드민턴체육관,3,2451
도림동배드민턴체육관,4,3599
도림동배드민턴체육관,5,3887
도림동배드민턴체육관,6,4468
도림동배드민턴체육관,7,4199
도림동배드민턴체육관,8,4317
도림동배드민턴체육관,9,4414
도림동배드민턴체육관,10,4780
도림동배드민턴체육관,11,3708
도림동배드민턴체육관,12,2340
도림사거리,1,2593
도림사거리,2,2800
도림사거리,3,4296
도림사거리,4,5604
도림사거리,5,6351
도림사거리,6,7338
도림사거리,7,6701
도림사거리,8,6314
도림사거리,9,6941
도림사거리,10,7447
도림사거리,11,5759
도림사거리,12,3537
도림신협 앞,1,2899
도림신협 앞,2,2825
도림신협 앞,3,4314
도림신협 앞,4,5309
도림신협 앞,5,6367
도림신협 앞,6,6778
도림신협 앞,7,5865
도림신협 앞,8,5546
도림신협 앞,9,6508
도림신협 앞,10,7079
도림신협 앞,11,5800
도림신협 앞,12,4082
도림천 건널목 위,1,1850
도림천 건널목 위,2,2110
도림천 건널목 위,3,3490
도림천 건널목 위,4,4534
도림천 건널목 위,5,5109
도림천 건널목 위,6,5194
도림천 건널목 위,7,4398
도림천 건널목 위,8,4337
도림천 건널목 위,9,5023
도림천 건널목 위,10,5146
도림천 건널목 위,11,4302
도림천 건널목 위,12,2806
도림천 신림2교,6,2
도림천 신화교,1,2206
도림천 신화교,2,2615
도림천 신화교,3,4951
도림천 신화교,4,6657
도림천 신화교,5,7442
도림천 신화교,6,7946
도림천 신화교,7,7269
도림천 신화교,8,5259
도림천 신화교,9,7315
도림천 신화교,10,5303
도림천 신화교,11,3826
도림천 신화교,12,2128
도림천역 1번 출구 앞,1,3099
도림천역 1번 출구 앞,2,3375
도림천역 1번 출구 앞,3,6028
도림천역 1번 출구 앞,4,8969
도림천역 1번 출구 앞,5,9369
도림천역 1번 출구 앞,6,9324
도림천역 1번 출구 앞,7,8772
도림천역 1번 출구 앞,8,8484
도림천역 1번 출구 앞,9,10218
도림천역 1번 출구 앞,10,9859
도림천역 1번 출구 앞,11,7682
도림천역 1번 출구 앞,12,4752
도봉경찰서 교차로,1,1025
도봉경찰서 교차로,2,1194
도봉경찰서 교차로,3,2735
도봉경찰서 교차로,4,3703
도봉경찰서 교차로,5,4410
도봉경찰서 교차로,6,3740
도봉경찰서 교차로,7,2571
도봉경찰서 교차로,8,2534
도봉경찰서 교차로,9,3248
도봉경찰서 교차로,10,3399
도봉경찰서 교차로,11,2572
도봉경찰서 교차로,12,1893
도봉고등학교 맞은편,1,330
도봉고등학교 맞은편,2,346
도봉고등학교 맞은편,3,619
도봉고등학교 맞은편,4,910
도봉고등학교 맞은편,5,1147
도봉고등학교 맞은편,6,1282
도봉고등학교 맞은편,7,950
도봉고등학교 맞은편,8,905
도봉고등학교 맞은편,9,1131
도봉고등학교 맞은편,10,1064
도봉고등학교 맞은편,11,862
도봉고등학교 맞은편,12,494
도봉구민회관,1,2056
도봉구민회관,2,2376
도봉구민회관,3,3992
도봉구민회관,4,5066
도봉구민회관,5,5540
도봉구민회관,6,5762
도봉구민회관,7,5299
도봉구민회관,8,4775
도봉구민회관,9,5451
도봉구민회관,10,5198
도봉구민회관,11,4454
도봉구민회관,12,2803
도봉구육아종합지원센터(창동),1,784
도봉구육아종합지원센터(창동),2,854
도봉구육아종합지원센터(창동),3,1770
도봉구육아종합지원센터(창동),4,2340
도봉구육아종합지원센터(창동),5,2948
도봉구육아종합지원센터(창동),6,3108
도봉구육아종합지원센터(창동),7,2769
도봉구육아종합지원센터(창동),8,2697
도봉구육아종합지원센터(창동),9,2602
도봉구육아종합지원센터(창동),10,2588
도봉구육아종합지원센터(창동),11,2274
도봉구육아종합지원센터(창동),12,1337
도봉구청 옆(중랑천변),1,1904
도봉구청 옆(중랑천변),2,2929
도봉구청 옆(중랑천변),3,5632
도봉구청 옆(중랑천변),4,8137
도봉구청 옆(중랑천변),5,8764
도봉구청 옆(중랑천변),6,8389
도봉구청 옆(중랑천변),7,7056
도봉구청 옆(중랑천변),8,6440
도봉구청 옆(중랑천변),9,8780
도봉구청 옆(중랑천변),10,8752
도봉구청 옆(중랑천변),11,5443
도봉구청 옆(중랑천변),12,2654
도봉구청 정문앞,1,2212
도봉구청 정문앞,2,2409
도봉구청 정문앞,3,3956
도봉구청 정문앞,4,5518
도봉구청 정문앞,5,5909
도봉구청 정문앞,6,6072
도봉구청 정문앞,7,5568
도봉구청 정문앞,8,5405
도봉구청 정문앞,9,6360
도봉구청 정문앞,10,6415
도봉구청 정문앞,11,5029
도봉구청 정문앞,12,2930
도봉동실내스포츠센터,1,596
도봉동실내스포츠센터,2,739
도봉동실내스포츠센터,3,1327
도봉동실내스포츠센터,4,1733
도봉동실내스포츠센터,5,2021
도봉동실내스포츠센터,6,2293
도봉동실내스포츠센터,7,2292
도봉동실내스포츠센터,8,2003
도봉동실내스포츠센터,9,2100
도봉동실내스포츠센터,10,1912
도봉동실내스포츠센터,11,1721
도봉동실내스포츠센터,12,971
도봉로 534,1,341
도봉로 534,2,472
도봉로 534,3,747
도봉로 534,4,920
도봉로 534,5,1087
도봉로 534,6,1147
도봉로 534,7,1120
도봉로 534,8,1075
도봉로 534,9,1122
도봉로 534,10,1146
도봉로 534,11,904
도봉로 534,12,616
도봉문화정보도서관 삼거리,1,562
도봉문화정보도서관 삼거리,2,705
도봉문화정보도서관 삼거리,3,1155
도봉문화정보도서관 삼거리,4,1572
도봉문화정보도서관 삼거리,5,1563
도봉문화정보도서관 삼거리,6,1548
도봉문화정보도서관 삼거리,7,1351
도봉문화정보도서관 삼거리,8,1243
도봉문화정보도서관 삼거리,9,1241
도봉문화정보도서관 삼거리,10,1275
도봉문화정보도서관 삼거리,11,1218
도봉문화정보도서관 삼거리,12,752
도봉보건소사거리,1,2314
도봉보건소사거리,2,2666
도봉보건소사거리,3,4445
도봉보건소사거리,4,5454
도봉보건소사거리,5,6664
도봉보건소사거리,6,7034
도봉보건소사거리,7,6306
도봉보건소사거리,8,5883
도봉보건소사거리,9,6858
도봉보건소사거리,10,6960
도봉보건소사거리,11,5432
도봉보건소사거리,12,3319
도봉산광역환승센터앞,1,461
도봉산광역환승센터앞,2,577
도봉산광역환승센터앞,3,1015
도봉산광역환승센터앞,4,1463
도봉산광역환승센터앞,5,1538
도봉산광역환승센터앞,6,1525
도봉산광역환승센터앞,7,1245
도봉산광역환승센터앞,8,1162
도봉산광역환승센터앞,9,1652
도봉산광역환승센터앞,10,1592
도봉산광역환승센터앞,11,1187
도봉산광역환승센터앞,12,643
도봉산역 교차로 앞,1,261
도봉산역 교차로 앞,2,309
도봉산역 교차로 앞,3,626
도봉산역 교차로 앞,4,956
도봉산역 교차로 앞,5,1045
도봉산역 교차로 앞,6,1158
도봉산역 교차로 앞,7,889
도봉산역 교차로 앞,8,754
도봉산역 교차로 앞,9,956
도봉산역 교차로 앞,10,985
도봉산역 교차로 앞,11,632
도봉산역 교차로 앞,12,309
도봉세무서 앞,1,1211
도봉세무서 앞,2,1348
도봉세무서 앞,3,2191
도봉세무서 앞,4,3028
도봉세무서 앞,5,3559
도봉세무서 앞,6,3568
도봉세무서 앞,7,3420
도봉세무서 앞,8,3263
도봉세무서 앞,9,3835
도봉세무서 앞,10,4011
도봉세무서 앞,11,2948
도봉세무서 앞,12,1851
도봉센터,6,1
도봉소방서 옆,1,2570
도봉소방서 옆,2,2788
도봉소방서 옆,3,5058
도봉소방서 옆,4,6223
도봉소방서 옆,5,7139
도봉소방서 옆,6,7472
도봉소방서 옆,7,6613
도봉소방서 옆,8,6675
도봉소방서 옆,9,7450
도봉소방서 옆,10,7684
도봉소방서 옆,11,5976
도봉소방서 옆,12,3871
도봉아이나라도서관 앞,1,983
도봉아이나라도서관 앞,2,1054
도봉아이나라도서관 앞,3,2236
도봉아이나라도서관 앞,4,3087
도봉아이나라도서관 앞,5,3815
도봉아이나라도서관 앞,6,3996
도봉아이나라도서관 앞,7,3335
도봉아이나라도서관 앞,8,3192
도봉아이나라도서관 앞,9,3774
도봉아이나라도서관 앞,10,3529
도봉아이나라도서관 앞,11,2851
도봉아이나라도서관 앞,12,1585
도봉여성센터,1,326
도봉여성센터,2,364
도봉여성센터,3,588
도봉여성센터,4,819
도봉여성센터,5,922
도봉여성센터,6,1023
도봉여성센터,7,856
도봉여성센터,8,875
도봉여성센터,9,973
도봉여성센터,10,980
도봉여성센터,11,818
도봉여성센터,12,586
"도봉역 1,2번 출구사이 건너편",1,1379
"도봉역 1,2번 출구사이 건너편",2,1499
"도봉역 1,2번 출구사이 건너편",3,2414
"도봉역 1,2번 출구사이 건너편",4,3073
"도봉역 1,2번 출구사이 건너편",5,3630
"도봉역 1,2번 출구사이 건너편",6,3812
"도봉역 1,2번 출구사이 건너편",7,3415
"도봉역 1,2번 출구사이 건너편",8,2990
"도봉역 1,2번 출구사이 건너편",9,3408
"도봉역 1,2번 출구사이 건너편",10,3115
"도봉역 1,2번 출구사이 건너편",11,2769
"도봉역 1,2번 출구사이 건너편",12,1836
도봉운전면허시험장 버스정류장 옆,1,1940
도봉운전면허시험장 버스정류장 옆,2,2421
도봉운전면허시험장 버스정류장 옆,3,4498
도봉운전면허시험장 버스정류장 옆,4,5922
도봉운전면허시험장 버스정류장 옆,5,6807
도봉운전면허시험장 버스정류장 옆,6,6628
도봉운전면허시험장 버스정류장 옆,7,5159
도봉운전면허시험장 버스정류장 옆,8,4563
도봉운전면허시험장 버스정류장 옆,9,5580
도봉운전면허시험장 버스정류장 옆,10,5530
도봉운전면허시험장 버스정류장 옆,11,4660
도봉운전면허시험장 버스정류장 옆,12,2891
도봉제1교,1,1086
도봉제1교,2,1435
도봉제1교,3,3163
도봉제1교,4,4570
도봉제1교,5,6038
도봉제1교,6,6933
도봉제1교,7,6191
도봉제1교,8,6743
도봉제1교,9,7875
도봉제1교,10,6997
도봉제1교,11,3995
도봉제1교,12,1822
도봉통합복지센터 뒤 중랑천 변,1,1620
도봉통합복지센터 뒤 중랑천 변,2,2314
도봉통합복지센터 뒤 중랑천 변,3,4628
도봉통합복지센터 뒤 중랑천 변,4,6125
도봉통합복지센터 뒤 중랑천 변,5,7091
도봉통합복지센터 뒤 중랑천 변,6,8326
도봉통합복지센터 뒤 중랑천 변,7,7228
도봉통합복지센터 뒤 중랑천 변,8,7836
도봉통합복지센터 뒤 중랑천 변,9,9612
도봉통합복지센터 뒤 중랑천 변,10,8211
도봉통합복지센터 뒤 중랑천 변,11,4661
도봉통합복지센터 뒤 중랑천 변,12,2422
도봉한신아파트 버스정류장,1,1435
도봉한신아파트 버스정류장,2,1588
도봉한신아파트 버스정류장,3,2745
도봉한신아파트 버스정류장,4,3634
도봉한신아파트 버스정류장,5,4148
도봉한신아파트 버스정류장,6,4048
도봉한신아파트 버스정류장,7,3798
도봉한신아파트 버스정류장,8,3838
도봉한신아파트 버스정류장,9,4401
도봉한신아파트 버스정류장,10,4413
도봉한신아파트 버스정류장,11,3339
도봉한신아파트 버스정류장,12,2100
도봉한신아파트 주변,1,916
도봉한신아파트 주변,2,1080
도봉한신아파트 주변,3,2106
도봉한신아파트 주변,4,3272
도봉한신아파트 주변,5,3586
도봉한신아파트 주변,6,4190
도봉한신아파트 주변,7,3631
도봉한신아파트 주변,8,3296
도봉한신아파트 주변,9,4128
도봉한신아파트 주변,10,3983
도봉한신아파트 주변,11,2888
도봉한신아파트 주변,12,1743
도산공원,8,135
도산공원,9,216
도산공원,10,200
도산공원,11,180
도산공원,12,109
도산공원교차로,1,973
도산공원교차로,2,1063
도산공원교차로,3,1855
도산공원교차로,4,2327
도산공원교차로,5,2485
도산공원교차로,6,2339
도산공원교차로,7,2054
도산공원교차로,8,2007
도산공원교차로,9,2287
도산공원교차로,10,2336
도산공원교차로,11,1930
도산공원교차로,12,1211
도선동 주민센터 앞,1,2685
도선동 주민센터 앞,2,2909
도선동 주민센터 앞,3,4790
도선동 주민센터 앞,4,5839
도선동 주민센터 앞,5,6389
도선동 주민센터 앞,6,6256
도선동 주민센터 앞,7,5596
도선동 주민센터 앞,8,5424
도선동 주민센터 앞,9,6276
도선동 주민센터 앞,10,6649
도선동 주민센터 앞,11,5600
도선동 주민센터 앞,12,3556
도심공항타워 앞,1,813
도심공항타워 앞,2,1033
도심공항타워 앞,3,1806
도심공항타워 앞,4,2394
도심공항타워 앞,5,2547
도심공항타워 앞,6,2507
도심공항타워 앞,7,1898
도심공항타워 앞,8,2024
도심공항타워 앞,9,2614
도심공항타워 앞,10,3148
도심공항타워 앞,11,2537
도심공항타워 앞,12,1325
도원맨션,1,960
도원맨션,2,915
도원맨션,3,1513
도원맨션,4,1744
도원맨션,5,2034
도원맨션,6,2182
도원맨션,7,2093
도원맨션,8,1979
도원맨션,9,2164
도원맨션,10,2422
도원맨션,11,1875
도원맨션,12,1273
독립문 앞,1,1095
독립문 앞,2,1183
독립문 앞,3,1954
독립문 앞,4,2614
독립문 앞,5,2851
독립문 앞,6,2810
독립문 앞,7,2594
독립문 앞,8,2464
독립문 앞,9,3273
독립문 앞,10,3082
독립문 앞,11,2354
독립문 앞,12,1401
독립문 어린이 공원,1,315
독립문 어린이 공원,2,368
독립문 어린이 공원,3,595
독립문 어린이 공원,4,765
독립문 어린이 공원,5,619
독립문 어린이 공원,6,680
독립문 어린이 공원,7,612
독립문 어린이 공원,8,603
독립문 어린이 공원,9,703
독립문 어린이 공원,10,671
독립문 어린이 공원,11,448
독립문 어린이 공원,12,154
독립문역 2번출구 뒤,1,533
독립문역 2번출구 뒤,2,629
독립문역 2번출구 뒤,3,1000
독립문역 2번출구 뒤,4,1247
독립문역 2번출구 뒤,5,1108
독립문역 2번출구 뒤,6,1043
독립문역 2번출구 뒤,7,993
독립문역 2번출구 뒤,8,1043
독립문역 2번출구 뒤,9,1326
독립문역 2번출구 뒤,10,1380
독립문역 2번출구 뒤,11,1197
독립문역 2번출구 뒤,12,824
독립문역 3-1번출구,1,2660
독립문역 3-1번출구,2,2766
독립문역 3-1번출구,3,4555
독립문역 3-1번출구,4,5564
독립문역 3-1번출구,5,5980
독립문역 3-1번출구,6,6118
독립문역 3-1번출구,7,5810
독립문역 3-1번출구,8,5345
독립문역 3-1번출구,9,6029
독립문역 3-1번출구,10,6202
독립문역 3-1번출구,11,5497
독립문역 3-1번출구,12,3302
독립문역 5번 출구,6,12
독립문역 5번 출구,7,45
독립문역 5번 출구,8,53
독립문역 5번 출구,9,95
독립문역 5번 출구,10,112
독립문역 5번 출구,11,49
독립문역 사거리,1,2170
독립문역 사거리,2,2275
독립문역 사거리,3,3749
독립문역 사거리,4,4772
독립문역 사거리,5,4823
독립문역 사거리,6,4888
독립문역 사거리,7,4322
독립문역 사거리,8,4069
독립문역 사거리,9,5122
독립문역 사거리,10,5100
독립문역 사거리,11,4530
독립문역 사거리,12,2908
독바위역,1,877
독바위역,2,1001
독바위역,3,1827
독바위역,4,2549
독바위역,5,2677
독바위역,6,2890
독바위역,7,2697
독바위역,8,2596
독바위역,9,2775
독바위역,10,2767
독바위역,11,2205
독바위역,12,1153
독산2동주민센터 앞,1,305
독산2동주민센터 앞,2,362
독산2동주민센터 앞,3,641
독산2동주민센터 앞,4,720
독산2동주민센터 앞,5,673
독산2동주민센터 앞,6,783
독산2동주민센터 앞,7,741
독산2동주민센터 앞,8,666
독산2동주민센터 앞,9,854
독산2동주민센터 앞,10,975
독산2동주민센터 앞,11,981
독산2동주민센터 앞,12,447
독산3동주민센터 앞,1,1182
독산3동주민센터 앞,2,1318
독산3동주민센터 앞,3,2144
독산3동주민센터 앞,4,2596
독산3동주민센터 앞,5,2592
독산3동주민센터 앞,6,2762
독산3동주민센터 앞,7,2611
독산3동주민센터 앞,8,2543
독산3동주민센터 앞,9,2754
독산3동주민센터 앞,10,2905
독산3동주민센터 앞,11,2718
독산3동주민센터 앞,12,1684
독산고등학교,1,653
독산고등학교,2,733
독산고등학교,3,1255
독산고등학교,4,1646
독산고등학교,5,1934
독산고등학교,6,1958
독산고등학교,7,1733
독산고등학교,8,1497
독산고등학교,9,1804
독산고등학교,10,2026
독산고등학교,11,1572
독산고등학교,12,895
독산근린공원 입구,1,2067
독산근린공원 입구,2,2815
독산근린공원 입구,3,5396
독산근린공원 입구,4,7377
독산근린공원 입구,5,7525
독산근린공원 입구,6,7564
독산근린공원 입구,7,6051
독산근린공원 입구,8,5839
독산근린공원 입구,9,8047
독산근린공원 입구,10,8335
독산근린공원 입구,11,5458
독산근린공원 입구,12,3001
독산동 한양수자인아파트 앞,1,1284
독산동 한양수자인아파트 앞,2,1369
독산동 한양수자인아파트 앞,3,2297
독산동 한양수자인아파트 앞,4,2956
독산동 한양수자인아파트 앞,5,3298
독산동 한양수자인아파트 앞,6,3524
독산동 한양수자인아파트 앞,7,3208
독산동 한양수자인아파트 앞,8,3270
독산동 한양수자인아파트 앞,9,3692
독산동 한양수자인아파트 앞,10,3986
독산동 한양수자인아파트 앞,11,3299
독산동 한양수자인아파트 앞,12,2072
독산동 현대홈타운 금천과선교 앞,1,645
독산동 현대홈타운 금천과선교 앞,2,671
독산동 현대홈타운 금천과선교 앞,3,1309
독산동 현대홈타운 금천과선교 앞,4,1392
독산동 현대홈타운 금천과선교 앞,5,1432
독산동 현대홈타운 금천과선교 앞,6,1769
독산동 현대홈타운 금천과선교 앞,7,1104
독산동 현대홈타운 금천과선교 앞,8,1145
독산동 현대홈타운 금천과선교 앞,9,1397
독산동 현대홈타운 금천과선교 앞,10,1430
독산동 현대홈타운 금천과선교 앞,11,1044
독산동 현대홈타운 금천과선교 앞,12,672
독산보도육교 앞 자전거 보관소,1,2627
독산보도육교 앞 자전거 보관소,2,3409
독산보도육교 앞 자전거 보관소,3,6594
독산보도육교 앞 자전거 보관소,4,9693
독산보도육교 앞 자전거 보관소,5,9510
독산보도육교 앞 자전거 보관소,6,9212
독산보도육교 앞 자전거 보관소,7,7227
독산보도육교 앞 자전거 보관소,8,6700
독산보도육교 앞 자전거 보관소,9,10270
독산보도육교 앞 자전거 보관소,10,10385
독산보도육교 앞 자전거 보관소,11,5460
독산보도육교 앞 자전거 보관소,12,2561
독산역 1번출구 A,1,1617
독산역 1번출구 A,2,1735
독산역 1번출구 A,3,2668
독산역 1번출구 A,4,3307
독산역 1번출구 A,5,3367
독산역 1번출구 A,6,4107
독산역 1번출구 A,7,3883
독산역 1번출구 A,8,3662
독산역 1번출구 A,9,4072
독산역 1번출구 A,10,4360
독산역 1번출구 A,11,3558
독산역 1번출구 A,12,2301
독산역 2번출구 자전거주차장,1,2585
독산역 2번출구 자전거주차장,2,2650
독산역 2번출구 자전거주차장,3,4245
독산역 2번출구 자전거주차장,4,5454
독산역 2번출구 자전거주차장,5,6006
독산역 2번출구 자전거주차장,6,6610
독산역 2번출구 자전거주차장,7,5990
독산역 2번출구 자전거주차장,8,5824
독산역 2번출구 자전거주차장,9,6878
독산역 2번출구 자전거주차장,10,6751
독산역 2번출구 자전거주차장,11,5705
독산역 2번출구 자전거주차장,12,3666
독산역 롯데캐슬 104동 앞,1,845
독산역 롯데캐슬 104동 앞,2,914
독산역 롯데캐슬 104동 앞,3,1301
독산역 롯데캐슬 104동 앞,4,1570
독산역 롯데캐슬 104동 앞,5,2071
독산역 롯데캐슬 104동 앞,6,1988
독산역 롯데캐슬 104동 앞,7,1968
독산역 롯데캐슬 104동 앞,8,1806
독산역 롯데캐슬 104동 앞,9,2476
독산역 롯데캐슬 104동 앞,10,2806
독산역 롯데캐슬 104동 앞,11,2148
독산역 롯데캐슬 104동 앞,12,1410
독산역1번출구 B,1,3247
독산역1번출구 B,2,3298
독산역1번출구 B,3,5182
독산역1번출구 B,4,6889
독산역1번출구 B,5,8190
독산역1번출구 B,6,8530
독산역1번출구 B,7,7917
독산역1번출구 B,8,7661
독산역1번출구 B,9,8175
독산역1번출구 B,10,8634
독산역1번출구 B,11,7505
독산역1번출구 B,12,4824
독산주공 14단지 버스정류소,1,520
독산주공 14단지 버스정류소,2,471
독산주공 14단지 버스정류소,3,743
독산주공 14단지 버스정류소,4,997
독산주공 14단지 버스정류소,5,1048
독산주공 14단지 버스정류소,6,1121
독산주공 14단지 버스정류소,7,961
독산주공 14단지 버스정류소,8,863
독산주공 14단지 버스정류소,9,1244
독산주공 14단지 버스정류소,10,1274
독산주공 14단지 버스정류소,11,857
독산주공 14단지 버스정류소,12,531
돈암동부센트레빌상가,6,133
돈암동부센트레빌상가,7,205
돈암동부센트레빌상가,8,259
돈암동부센트레빌상가,9,311
돈암동부센트레빌상가,10,283
돈암동부센트레빌상가,11,221
돈암동부센트레빌상가,12,139
돈암삼성풍림아파트,1,270
돈암삼성풍림아파트,2,271
돈암삼성풍림아파트,3,548
돈암삼성풍림아파트,4,716
돈암삼성풍림아파트,5,924
돈암삼성풍림아파트,6,949
돈암삼성풍림아파트,7,810
돈암삼성풍림아파트,8,789
돈암삼성풍림아파트,9,960
돈암삼성풍림아파트,10,876
돈암삼성풍림아파트,11,871
돈암삼성풍림아파트,12,549
돈암성당 옆,1,2672
돈암성당 옆,2,3172
돈암성당 옆,3,6131
돈암성당 옆,4,8525
돈암성당 옆,5,9557
돈암성당 옆,6,9198
돈암성당 옆,7,7282
돈암성당 옆,8,6970
돈암성당 옆,9,8850
돈암성당 옆,10,8527
돈암성당 옆,11,6172
돈암성당 옆,12,3327
돈암육교 하단,1,537
돈암육교 하단,2,534
돈암육교 하단,3,837
돈암육교 하단,4,1096
돈암육교 하단,5,981
돈암육교 하단,6,1125
돈암육교 하단,7,931
돈암육교 하단,8,969
돈암육교 하단,9,971
돈암육교 하단,10,866
돈암육교 하단,11,907
돈암육교 하단,12,759
돈암초교 입구,1,1504
돈암초교 입구,2,1696
돈암초교 입구,3,2851
돈암초교 입구,4,3476
돈암초교 입구,5,3687
돈암초교 입구,6,3836
돈암초교 입구,7,3408
돈암초교 입구,8,3499
돈암초교 입구,9,3610
돈암초교 입구,10,3757
돈암초교 입구,11,2922
돈암초교 입구,12,1885
돈암초교입구 버스정류장(한성대입구역 방면),1,919
돈암초교입구 버스정류장(한성대입구역 방면),2,1017
돈암초교입구 버스정류장(한성대입구역 방면),3,1914
돈암초교입구 버스정류장(한성대입구역 방면),4,2322
돈암초교입구 버스정류장(한성대입구역 방면),5,2539
돈암초교입구 버스정류장(한성대입구역 방면),6,2645
돈암초교입구 버스정류장(한성대입구역 방면),7,2464
돈암초교입구 버스정류장(한성대입구역 방면),8,2415
돈암초교입구 버스정류장(한성대입구역 방면),9,2884
돈암초교입구 버스정류장(한성대입구역 방면),10,2901
돈암초교입구 버스정류장(한성대입구역 방면),11,2296
돈암초교입구 버스정류장(한성대입구역 방면),12,1328
돈의문 박물관 마을,1,790
돈의문 박물관 마을,2,920
돈의문 박물관 마을,3,1732
돈의문 박물관 마을,4,1989
돈의문 박물관 마을,5,1795
돈의문 박물관 마을,6,1639
돈의문 박물관 마을,7,1832
돈의문 박물관 마을,8,1646
돈의문 박물관 마을,9,1854
돈의문 박물관 마을,10,1937
돈의문 박물관 마을,11,2093
돈의문 박물관 마을,12,1230
돌곶이역 앞,1,2139
돌곶이역 앞,2,2389
돌곶이역 앞,3,4505
돌곶이역 앞,4,5837
돌곶이역 앞,5,7203
돌곶이역 앞,6,7512
돌곶이역 앞,7,6533
돌곶이역 앞,8,6295
돌곶이역 앞,9,7130
돌곶이역 앞,10,6435
돌곶이역 앞,11,4953
돌곶이역 앞,12,2922
동대문 종합시장 버스정류장,1,1567
동대문 종합시장 버스정류장,2,1628
동대문 종합시장 버스정류장,3,2380
동대문 종합시장 버스정류장,4,3097
동대문 종합시장 버스정류장,5,3107
동대문 종합시장 버스정류장,6,3214
동대문 종합시장 버스정류장,7,3076
동대문 종합시장 버스정류장,8,3119
동대문 종합시장 버스정류장,9,3325
동대문 종합시장 버스정류장,10,3426
동대문 종합시장 버스정류장,11,2884
동대문 종합시장 버스정류장,12,1840
동대문경찰서 교차로,1,1838
동대문경찰서 교차로,2,2027
동대문경찰서 교차로,3,3172
동대문경찰서 교차로,4,3917
동대문경찰서 교차로,5,4562
동대문경찰서 교차로,6,4851
동대문경찰서 교차로,7,4111
동대문경찰서 교차로,8,3636
동대문경찰서 교차로,9,4560
동대문경찰서 교차로,10,4888
동대문경찰서 교차로,11,3896
동대문경찰서 교차로,12,2626
동대문구 보건소,1,4476
동대문구 보건소,2,4810
동대문구 보건소,3,7524
동대문구 보건소,4,8977
동대문구 보건소,5,9303
동대문구 보건소,6,9417
동대문구 보건소,7,10055
동대문구 보건소,8,9436
동대문구 보건소,9,10475
동대문구 보건소,10,10945
동대문구 보건소,11,9293
동대문구 보건소,12,6042
동대문구민체육센터 (육교아래),1,3462
동대문구민체육센터 (육교아래),2,3988
동대문구민체육센터 (육교아래),3,6937
동대문구민체육센터 (육교아래),4,9013
동대문구민체육센터 (육교아래),5,9436
동대문구민체육센터 (육교아래),6,9518
동대문구민체육센터 (육교아래),7,7853
동대문구민체육센터 (육교아래),8,7479
동대문구민체육센터 (육교아래),9,9467
동대문구민체육센터 (육교아래),10,9523
동대문구민체육센터 (육교아래),11,7143
동대문구민체육센터 (육교아래),12,4286
동대문디자인플라자,1,2480
동대문디자인플라자,2,2681
동대문디자인플라자,3,4504
동대문디자인플라자,4,5934
동대문디자인플라자,5,7022
동대문디자인플라자,6,7020
동대문디자인플라자,7,6325
동대문디자인플라자,8,6037
동대문디자인플라자,9,7038
동대문디자인플라자,10,7303
동대문디자인플라자,11,5770
동대문디자인플라자,12,3726
동대문롯데캐슬아파트 앞,1,2893
동대문롯데캐슬아파트 앞,2,3038
동대문롯데캐슬아파트 앞,3,4855
동대문롯데캐슬아파트 앞,4,6075
동대문롯데캐슬아파트 앞,5,7021
동대문롯데캐슬아파트 앞,6,7294
동대문롯데캐슬아파트 앞,7,6408
동대문롯데캐슬아파트 앞,8,6035
동대문롯데캐슬아파트 앞,9,7357
동대문롯데캐슬아파트 앞,10,7685
동대문롯데캐슬아파트 앞,11,6148
동대문롯데캐슬아파트 앞,12,3864
동대문역 8번 출구,1,4488
동대문역 8번 출구,2,4960
동대문역 8번 출구,3,8071
동대문역 8번 출구,4,10103
동대문역 8번 출구,5,11008
동대문역 8번 출구,6,10566
동대문역 8번 출구,7,9548
동대문역 8번 출구,8,7934
동대문역 8번 출구,9,10324
동대문역 8번 출구,10,10625
동대문역 8번 출구,11,8752
동대문역 8번 출구,12,5747
동대문역6번출구,1,2677
동대문역6번출구,2,3026
동대문역6번출구,3,4941
동대문역6번출구,4,5305
동대문역6번출구,5,6031
동대문역6번출구,6,6060
동대문역6번출구,7,5657
동대문역6번출구,8,5676
동대문역6번출구,9,6981
동대문역6번출구,10,7965
동대문역6번출구,11,5889
동대문역6번출구,12,3892
동대문역사문화공원역 1번출구 뒤편,1,2704
동대문역사문화공원역 1번출구 뒤편,2,3331
동대문역사문화공원역 1번출구 뒤편,3,5687
동대문역사문화공원역 1번출구 뒤편,4,7593
동대문역사문화공원역 1번출구 뒤편,5,8628
동대문역사문화공원역 1번출구 뒤편,6,9047
동대문역사문화공원역 1번출구 뒤편,7,7833
동대문역사문화공원역 1번출구 뒤편,8,7625
동대문역사문화공원역 1번출구 뒤편,9,9039
동대문역사문화공원역 1번출구 뒤편,10,8919
동대문역사문화공원역 1번출구 뒤편,11,7299
동대문역사문화공원역 1번출구 뒤편,12,3857
동대문역사문화공원역 5번출구,1,1349
동대문역사문화공원역 5번출구,2,1459
동대문역사문화공원역 5번출구,3,2433
동대문역사문화공원역 5번출구,4,3224
동대문역사문화공원역 5번출구,5,3555
동대문역사문화공원역 5번출구,6,3606
동대문역사문화공원역 5번출구,7,3309
동대문역사문화공원역 5번출구,8,3429
동대문역사문화공원역 5번출구,9,3733
동대문역사문화공원역 5번출구,10,3784
동대문역사문화공원역 5번출구,11,3397
동대문역사문화공원역 5번출구,12,2165
동대문역사문화공원역 9번출구 앞,1,1507
동대문역사문화공원역 9번출구 앞,2,1574
동대문역사문화공원역 9번출구 앞,3,2527
동대문역사문화공원역 9번출구 앞,4,2999
동대문역사문화공원역 9번출구 앞,5,3272
동대문역사문화공원역 9번출구 앞,6,3193
동대문역사문화공원역 9번출구 앞,7,2943
동대문역사문화공원역 9번출구 앞,8,2863
동대문역사문화공원역 9번출구 앞,9,3271
동대문역사문화공원역 9번출구 앞,10,3360
동대문역사문화공원역 9번출구 앞,11,2748
동대문역사문화공원역 9번출구 앞,12,1680
동대문중 교차로,1,1893
동대문중 교차로,2,2110
동대문중 교차로,3,3455
동대문중 교차로,4,4491
동대문중 교차로,5,4942
동대문중 교차로,6,5028
동대문중 교차로,7,4453
동대문중 교차로,8,4142
동대문중 교차로,9,4811
동대문중 교차로,10,4962
동대문중 교차로,11,4020
동대문중 교차로,12,2546
동대입구역 3번 출구,1,511
동대입구역 3번 출구,2,600
동대입구역 3번 출구,3,1019
동대입구역 3번 출구,4,1381
동대입구역 3번 출구,5,1462
동대입구역 3번 출구,6,1439
동대입구역 3번 출구,7,1186
동대입구역 3번 출구,8,1252
동대입구역 3번 출구,9,1537
동대입구역 3번 출구,10,1703
동대입구역 3번 출구,11,1416
동대입구역 3번 출구,12,754
동대입구역 6번출구 뒤,1,797
동대입구역 6번출구 뒤,2,901
동대입구역 6번출구 뒤,3,1946
동대입구역 6번출구 뒤,4,2543
동대입구역 6번출구 뒤,5,2771
동대입구역 6번출구 뒤,6,2264
동대입구역 6번출구 뒤,7,1821
동대입구역 6번출구 뒤,8,1803
동대입구역 6번출구 뒤,9,2753
동대입구역 6번출구 뒤,10,3032
동대입구역 6번출구 뒤,11,2503
동대입구역 6번출구 뒤,12,1189
동명근린공원 진입로 (아리수로),1,466
동명근린공원 진입로 (아리수로),2,554
동명근린공원 진입로 (아리수로),3,1039
동명근린공원 진입로 (아리수로),4,1550
동명근린공원 진입로 (아리수로),5,1593
동명근린공원 진입로 (아리수로),6,1542
동명근린공원 진입로 (아리수로),7,1454
동명근린공원 진입로 (아리수로),8,1314
동명근린공원 진입로 (아리수로),9,1345
동명근린공원 진입로 (아리수로),10,1467
동명근린공원 진입로 (아리수로),11,1248
동명근린공원 진입로 (아리수로),12,701
동묘앞역 1번출구 뒤,1,6317
동묘앞역 1번출구 뒤,2,6736
동묘앞역 1번출구 뒤,3,10328
동묘앞역 1번출구 뒤,4,13516
동묘앞역 1번출구 뒤,5,14217
동묘앞역 1번출구 뒤,6,14676
동묘앞역 1번출구 뒤,7,13704
동묘앞역 1번출구 뒤,8,13152
동묘앞역 1번출구 뒤,9,15183
동묘앞역 1번출구 뒤,10,15142
동묘앞역 1번출구 뒤,11,12379
동묘앞역 1번출구 뒤,12,8076
동묘앞역 6번출구,1,3199
동묘앞역 6번출구,2,3412
동묘앞역 6번출구,3,5756
동묘앞역 6번출구,4,5808
동묘앞역 6번출구,5,8053
동묘앞역 6번출구,6,7812
동묘앞역 6번출구,7,7354
동묘앞역 6번출구,8,6940
동묘앞역 6번출구,9,8269
동묘앞역 6번출구,10,9116
동묘앞역 6번출구,11,7553
동묘앞역 6번출구,12,4933
동문굿모닝탑,1,4926
동문굿모닝탑,2,4643
동문굿모닝탑,3,6501
동문굿모닝탑,4,8510
동문굿모닝탑,5,9953
동문굿모닝탑,6,12281
동문굿모닝탑,7,11150
동문굿모닝탑,8,12070
동문굿모닝탑,9,12960
동문굿모닝탑,10,13353
동문굿모닝탑,11,10741
동문굿모닝탑,12,6580
동방1교,1,4546
동방1교,2,5450
동방1교,3,10235
동방1교,4,13029
동방1교,5,14660
동방1교,6,15802
동방1교,7,12770
동방1교,8,9666
동방1교,9,14165
동방1교,10,15262
동방1교,11,8360
동방1교,12,4709
동부센트레빌 앞,1,1296
동부센트레빌 앞,2,1234
동부센트레빌 앞,3,2370
동부센트레빌 앞,4,2987
동부센트레빌 앞,5,3523
동부센트레빌 앞,6,3629
동부센트레빌 앞,7,2875
동부센트레빌 앞,8,3258
동부센트레빌 앞,9,4059
동부센트레빌 앞,10,4021
동부센트레빌 앞,11,3298
동부센트레빌 앞,12,2178
동부시장 북문 앞,1,2603
동부시장 북문 앞,2,2958
동부시장 북문 앞,3,4639
동부시장 북문 앞,4,5783
동부시장 북문 앞,5,7107
동부시장 북문 앞,6,7316
동부시장 북문 앞,7,7139
동부시장 북문 앞,8,6936
동부시장 북문 앞,9,8176
동부시장 북문 앞,10,8272
동부시장 북문 앞,11,6485
동부시장 북문 앞,12,3997
동빙고근린공원,1,437
동빙고근린공원,2,520
동빙고근린공원,3,1179
동빙고근린공원,4,1682
동빙고근린공원,5,2010
동빙고근린공원,6,2212
동빙고근린공원,7,1572
동빙고근린공원,8,1739
동빙고근린공원,9,2324
동빙고근린공원,10,2575
동빙고근린공원,11,1495
동빙고근린공원,12,660
동산어린이공원 앞,1,1190
동산어린이공원 앞,2,1306
동산어린이공원 앞,3,2157
동산어린이공원 앞,4,2693
동산어린이공원 앞,5,3502
동산어린이공원 앞,6,3440
동산어린이공원 앞,7,3088
동산어린이공원 앞,8,3109
동산어린이공원 앞,9,3942
동산어린이공원 앞,10,3769
동산어린이공원 앞,11,3128
동산어린이공원 앞,12,2132
동서울농협 앞,1,1808
동서울농협 앞,2,1955
동서울농협 앞,3,3290
동서울농협 앞,4,4724
동서울농협 앞,5,4488
동서울농협 앞,6,4393
동서울농협 앞,7,4611
동서울농협 앞,8,4801
동서울농협 앞,9,5731
동서울농협 앞,10,6054
동서울농협 앞,11,4776
동서울농협 앞,12,2769
동서울우편집중국 앞,1,1616
동서울우편집중국 앞,2,1727
동서울우편집중국 앞,3,2919
동서울우편집중국 앞,4,3505
동서울우편집중국 앞,5,3727
동서울우편집중국 앞,6,3820
동서울우편집중국 앞,7,3686
동서울우편집중국 앞,8,3544
동서울우편집중국 앞,9,3607
동서울우편집중국 앞,10,3922
동서울우편집중국 앞,11,3286
동서울우편집중국 앞,12,2314
동선고가차도 초입,1,724
동선고가차도 초입,2,761
동선고가차도 초입,3,1232
동선고가차도 초입,4,1537
동선고가차도 초입,5,1778
동선고가차도 초입,6,1964
동선고가차도 초입,7,1746
동선고가차도 초입,8,1588
동선고가차도 초입,9,1916
동선고가차도 초입,10,1770
동선고가차도 초입,11,1540
동선고가차도 초입,12,898
동선아파트 앞,1,362
동선아파트 앞,2,354
동선아파트 앞,3,379
동선아파트 앞,4,605
동선아파트 앞,5,693
동선아파트 앞,6,751
동선아파트 앞,7,618
동선아파트 앞,8,577
동선아파트 앞,9,698
동선아파트 앞,10,818
동선아파트 앞,11,714
동선아파트 앞,12,470
"동성1,2차 아파트 앞",1,1601
"동성1,2차 아파트 앞",2,1663
"동성1,2차 아파트 앞",3,2885
"동성1,2차 아파트 앞",4,4204
"동성1,2차 아파트 앞",5,4887
"동성1,2차 아파트 앞",6,4906
"동성1,2차 아파트 앞",7,4138
"동성1,2차 아파트 앞",8,4084
"동성1,2차 아파트 앞",9,4800
"동성1,2차 아파트 앞",10,4460
"동성1,2차 아파트 앞",11,3540
"동성1,2차 아파트 앞",12,1996
동성중학교 앞,1,885
동성중학교 앞,2,1017
동성중학교 앞,3,1960
동성중학교 앞,4,2500
동성중학교 앞,5,2387
동성중학교 앞,6,2381
동성중학교 앞,7,1840
동성중학교 앞,8,1692
동성중학교 앞,9,2153
동성중학교 앞,10,2220
동성중학교 앞,11,1761
동성중학교 앞,12,1016
동신병원 맞은편,1,1417
동신병원 맞은편,2,1783
동신병원 맞은편,3,3432
동신병원 맞은편,4,5300
동신병원 맞은편,5,5147
동신병원 맞은편,6,4834
동신병원 맞은편,7,4111
동신병원 맞은편,8,4380
동신병원 맞은편,9,5615
동신병원 맞은편,10,5428
동신병원 맞은편,11,3890
동신병원 맞은편,12,2178
동신아파트 104동 앞,1,643
동신아파트 104동 앞,2,900
동신아파트 104동 앞,3,1413
동신아파트 104동 앞,4,1584
동신아파트 104동 앞,5,1963
동신아파트 104동 앞,6,2167
동신아파트 104동 앞,7,2123
동신아파트 104동 앞,8,1406
동신아파트 104동 앞,9,1871
동신아파트 104동 앞,10,1907
동신아파트 104동 앞,11,1373
동신아파트 104동 앞,12,791
동신아파트 후문 옆,1,2976
동신아파트 후문 옆,2,3422
동신아파트 후문 옆,3,5903
동신아파트 후문 옆,4,5987
동신아파트 후문 옆,5,7541
동신아파트 후문 옆,6,8465
동신아파트 후문 옆,7,7254
동신아파트 후문 옆,8,7352
동신아파트 후문 옆,9,9075
동신아파트 후문 옆,10,9665
동신아파트 후문 옆,11,6549
동신아파트 후문 옆,12,3808
동아1차APT105동 버스정류장(신도림중학교 방면),1,2647
동아1차APT105동 버스정류장(신도림중학교 방면),2,2750
동아1차APT105동 버스정류장(신도림중학교 방면),3,4232
동아1차APT105동 버스정류장(신도림중학교 방면),4,5401
동아1차APT105동 버스정류장(신도림중학교 방면),5,6085
동아1차APT105동 버스정류장(신도림중학교 방면),6,6492
동아1차APT105동 버스정류장(신도림중학교 방면),7,6377
동아1차APT105동 버스정류장(신도림중학교 방면),8,6135
동아1차APT105동 버스정류장(신도림중학교 방면),9,7119
동아1차APT105동 버스정류장(신도림중학교 방면),10,7256
동아1차APT105동 버스정류장(신도림중학교 방면),11,5947
동아1차APT105동 버스정류장(신도림중학교 방면),12,3777
동아에코빌입구,1,2046
동아에코빌입구,2,2185
동아에코빌입구,3,3350
동아에코빌입구,4,4148
동아에코빌입구,5,4286
동아에코빌입구,6,4852
동아에코빌입구,7,4966
동아에코빌입구,8,4663
동아에코빌입구,9,5167
동아에코빌입구,10,4783
동아에코빌입구,11,4467
동아에코빌입구,12,2933
동양미래대학교 정문 옆,1,4668
동양미래대학교 정문 옆,2,5528
동양미래대학교 정문 옆,3,12179
동양미래대학교 정문 옆,4,17291
동양미래대학교 정문 옆,5,18608
동양미래대학교 정문 옆,6,18158
동양미래대학교 정문 옆,7,13803
동양미래대학교 정문 옆,8,13427
동양미래대학교 정문 옆,9,18266
동양미래대학교 정문 옆,10,18702
동양미래대학교 정문 옆,11,13430
동양미래대학교 정문 옆,12,7411
동양쇼핑 정류소 앞,1,2084
동양쇼핑 정류소 앞,2,2306
동양쇼핑 정류소 앞,3,4169
동양쇼핑 정류소 앞,4,5458
동양쇼핑 정류소 앞,5,6421
동양쇼핑 정류소 앞,6,6255
동양쇼핑 정류소 앞,7,5549
동양쇼핑 정류소 앞,8,5355
동양쇼핑 정류소 앞,9,6838
동양쇼핑 정류소 앞,10,7132
동양쇼핑 정류소 앞,11,5418
동양쇼핑 정류소 앞,12,3450
동양엔파트 앞,1,1382
동양엔파트 앞,2,1662
동양엔파트 앞,3,2523
동양엔파트 앞,4,3624
동양엔파트 앞,5,4558
동양엔파트 앞,6,4793
동양엔파트 앞,7,4285
동양엔파트 앞,8,4185
동양엔파트 앞,9,4806
동양엔파트 앞,10,4986
동양엔파트 앞,11,3950
동양엔파트 앞,12,2278
동영문화센터앞,1,1016
동영문화센터앞,2,1076
동영문화센터앞,3,1717
동영문화센터앞,4,2293
동영문화센터앞,5,2304
동영문화센터앞,6,2299
동영문화센터앞,7,2045
동영문화센터앞,8,1869
동영문화센터앞,9,2312
동영문화센터앞,10,2304
동영문화센터앞,11,2090
동영문화센터앞,12,1048
동원베네스트 건너편,1,276
동원베네스트 건너편,2,313
동원베네스트 건너편,3,505
동원베네스트 건너편,4,593
동원베네스트 건너편,5,596
동원베네스트 건너편,6,560
동원베네스트 건너편,7,463
동원베네스트 건너편,8,537
동원베네스트 건너편,9,591
동원베네스트 건너편,10,632
동원베네스트 건너편,11,452
동원베네스트 건너편,12,343
동원베네스트 건물 앞,1,783
동원베네스트 건물 앞,2,913
동원베네스트 건물 앞,3,1633
동원베네스트 건물 앞,4,2050
동원베네스트 건물 앞,5,2163
동원베네스트 건물 앞,6,2504
동원베네스트 건물 앞,7,2187
동원베네스트 건물 앞,8,1978
동원베네스트 건물 앞,9,2348
동원베네스트 건물 앞,10,2301
동원베네스트 건물 앞,11,1890
동원베네스트 건물 앞,12,1189
동원사거리,1,1077
동원사거리,2,1080
동원사거리,3,1919
동원사거리,4,2562
동원사거리,5,2889
동원사거리,6,2909
동원사거리,7,2285
동원사거리,8,1974
동원사거리,9,2458
동원사거리,10,2810
동원사거리,11,2439
동원사거리,12,1475
동원사거리 행복오피스텔 앞,1,604
동원사거리 행복오피스텔 앞,2,826
동원사거리 행복오피스텔 앞,3,1331
동원사거리 행복오피스텔 앞,4,1871
동원사거리 행복오피스텔 앞,5,2224
동원사거리 행복오피스텔 앞,6,2211
동원사거리 행복오피스텔 앞,7,2155
동원사거리 행복오피스텔 앞,8,2269
동원사거리 행복오피스텔 앞,9,2434
동원사거리 행복오피스텔 앞,10,2242
동원사거리 행복오피스텔 앞,11,1518
동원사거리 행복오피스텔 앞,12,888
동원초등학교 정문 앞,1,108
동원초등학교 정문 앞,2,88
동원초등학교 정문 앞,3,105
동원초등학교 정문 앞,4,213
동원초등학교 정문 앞,5,349
동원초등학교 정문 앞,6,444
동원초등학교 정문 앞,7,400
동원초등학교 정문 앞,8,318
동원초등학교 정문 앞,9,590
동원초등학교 정문 앞,10,605
동원초등학교 정문 앞,11,613
동원초등학교 정문 앞,12,255
동의보감타워,1,3499
동의보감타워,2,3747
동의보감타워,3,6127
동의보감타워,4,7236
동의보감타워,5,8007
동의보감타워,6,8015
동의보감타워,7,7155
동의보감타워,8,7001
동의보감타워,9,7014
동의보감타워,10,7204
동의보감타워,11,5865
동의보감타워,12,3738
동인오피스텔 건너편 소공원,1,518
동인오피스텔 건너편 소공원,2,581
동인오피스텔 건너편 소공원,3,1048
동인오피스텔 건너편 소공원,4,1400
동인오피스텔 건너편 소공원,5,1538
동인오피스텔 건너편 소공원,6,1675
동인오피스텔 건너편 소공원,7,1276
동인오피스텔 건너편 소공원,8,877
동인오피스텔 건너편 소공원,9,1345
동인오피스텔 건너편 소공원,10,1457
동인오피스텔 건너편 소공원,11,1060
동인오피스텔 건너편 소공원,12,597
동일로 지하차도,1,2779
동일로 지하차도,2,3072
동일로 지하차도,3,4870
동일로 지하차도,4,5916
동일로 지하차도,5,6703
동일로 지하차도,6,6543
동일로 지하차도,7,6456
동일로 지하차도,8,5654
동일로 지하차도,9,6331
동일로 지하차도,10,6420
동일로 지하차도,11,5650
동일로 지하차도,12,3681
동일로58길 입구,1,1373
동일로58길 입구,2,1355
동일로58길 입구,3,2453
동일로58길 입구,4,2739
동일로58길 입구,5,2829
동일로58길 입구,6,2980
동일로58길 입구,7,2905
동일로58길 입구,8,2847
동일로58길 입구,9,2926
동일로58길 입구,10,2790
동일로58길 입구,11,2713
동일로58길 입구,12,1913
동일하이빌뉴시티,1,187
동일하이빌뉴시티,2,213
동일하이빌뉴시티,3,468
동일하이빌뉴시티,4,644
동일하이빌뉴시티,5,627
동일하이빌뉴시티,6,797
동일하이빌뉴시티,7,667
동일하이빌뉴시티,8,618
동일하이빌뉴시티,9,814
동일하이빌뉴시티,10,1017
동일하이빌뉴시티,11,1200
동일하이빌뉴시티,12,762
동작경찰서,1,2927
동작경찰서,2,3410
동작경찰서,3,6014
동작경찰서,4,8273
동작경찰서,5,9759
동작경찰서,6,9884
동작경찰서,7,8642
동작경찰서,8,8205
동작경찰서,9,10092
동작경찰서,10,10289
동작경찰서,11,6663
동작경찰서,12,3550
동작구민 체육센터,1,2029
동작구민 체육센터,2,2297
동작구민 체육센터,3,3443
동작구민 체육센터,4,4774
동작구민 체육센터,5,5084
동작구민 체육센터,6,5390
동작구민 체육센터,7,4749
동작구민 체육센터,8,4678
동작구민 체육센터,9,5230
동작구민 체육센터,10,4594
동작구민 체육센터,11,3399
동작구민 체육센터,12,2589
동작상떼빌 103동 앞,6,1
동작상떼빌 103동 앞,7,1
동작역 5번출구 동작주차공원,1,636
동작역 5번출구 동작주차공원,2,1072
동작역 5번출구 동작주차공원,3,2890
동작역 5번출구 동작주차공원,4,4188
동작역 5번출구 동작주차공원,5,4093
동작역 5번출구 동작주차공원,6,3626
동작역 5번출구 동작주차공원,7,1913
동작역 5번출구 동작주차공원,8,1408
동작역 5번출구 동작주차공원,9,3932
동작역 5번출구 동작주차공원,10,3941
동작역 5번출구 동작주차공원,11,1641
동작역 5번출구 동작주차공원,12,743
동작역 7번출구,1,328
동작역 7번출구,2,429
동작역 7번출구,3,919
동작역 7번출구,4,1363
동작역 7번출구,5,1169
동작역 7번출구,6,1209
동작역 7번출구,7,1345
동작역 7번출구,8,1445
동작역 7번출구,9,1172
동작역 7번출구,10,1274
동작역 7번출구,11,1185
동작역 7번출구,12,616
동해문화예술관앞,1,3412
동해문화예술관앞,2,3558
동해문화예술관앞,3,8956
동해문화예술관앞,4,11512
동해문화예술관앞,5,13201
동해문화예술관앞,6,11837
동해문화예술관앞,7,8799
동해문화예술관앞,8,8134
동해문화예술관앞,9,12843
동해문화예술관앞,10,12790
동해문화예술관앞,11,10560
동해문화예술관앞,12,5693
두산건설 본사,1,411
두산건설 본사,2,467
두산건설 본사,3,994
두산건설 본사,4,1352
두산건설 본사,5,1233
두산건설 본사,6,1019
두산건설 본사,7,887
두산건설 본사,8,989
두산건설 본사,9,1200
두산건설 본사,10,1144
두산건설 본사,11,992
두산건설 본사,12,452
두산대림아파트 삼거리,1,617
두산대림아파트 삼거리,2,705
두산대림아파트 삼거리,3,1279
두산대림아파트 삼거리,4,1628
두산대림아파트 삼거리,5,1880
두산대림아파트 삼거리,6,2256
두산대림아파트 삼거리,7,1983
두산대림아파트 삼거리,8,1777
두산대림아파트 삼거리,9,2085
두산대림아파트 삼거리,10,2227
두산대림아파트 삼거리,11,1541
두산대림아파트 삼거리,12,873
두산위브아파트,1,844
두산위브아파트,2,974
두산위브아파트,3,1498
두산위브아파트,4,1957
두산위브아파트,5,2090
두산위브아파트,6,2199
두산위브아파트,7,2197
두산위브아파트,8,2329
두산위브아파트,9,2677
두산위브아파트,10,2733
두산위브아파트,11,2514
두산위브아파트,12,1417
두산위브아파트 옆 상가건물 앞,1,1614
두산위브아파트 옆 상가건물 앞,2,1849
두산위브아파트 옆 상가건물 앞,3,2683
두산위브아파트 옆 상가건물 앞,4,3292
두산위브아파트 옆 상가건물 앞,5,3992
두산위브아파트 옆 상가건물 앞,6,4769
두산위브아파트 옆 상가건물 앞,7,4483
두산위브아파트 옆 상가건물 앞,8,4378
두산위브아파트 옆 상가건물 앞,9,5015
두산위브아파트 옆 상가건물 앞,10,5085
두산위브아파트 옆 상가건물 앞,11,4015
두산위브아파트 옆 상가건물 앞,12,2446
두상빌딩 앞,1,2486
두상빌딩 앞,2,2590
두상빌딩 앞,3,4078
두상빌딩 앞,4,5492
두상빌딩 앞,5,5690
두상빌딩 앞,6,5924
두상빌딩 앞,7,5410
두상빌딩 앞,8,5267
두상빌딩 앞,9,6164
두상빌딩 앞,10,6524
두상빌딩 앞,11,5070
두상빌딩 앞,12,3287
둔촌 주공 GS 맞은편,1,1276
둔촌 주공 GS 맞은편,2,1616
둔촌 주공 GS 맞은편,3,3017
둔촌 주공 GS 맞은편,4,3633
둔촌 주공 GS 맞은편,5,4211
둔촌 주공 GS 맞은편,6,4034
둔촌 주공 GS 맞은편,7,3216
둔촌 주공 GS 맞은편,8,3519
둔촌 주공 GS 맞은편,9,4209
둔촌 주공 GS 맞은편,10,4256
둔촌 주공 GS 맞은편,11,3370
둔촌 주공 GS 맞은편,12,2209
둔촌고교입구 교차로(길동주민센터 방면),1,2551
둔촌고교입구 교차로(길동주민센터 방면),2,2865
둔촌고교입구 교차로(길동주민센터 방면),3,5225
둔촌고교입구 교차로(길동주민센터 방면),4,6886
둔촌고교입구 교차로(길동주민센터 방면),5,7512
둔촌고교입구 교차로(길동주민센터 방면),6,7812
둔촌고교입구 교차로(길동주민센터 방면),7,6899
둔촌고교입구 교차로(길동주민센터 방면),8,6206
둔촌고교입구 교차로(길동주민센터 방면),9,7207
둔촌고교입구 교차로(길동주민센터 방면),10,7432
둔촌고교입구 교차로(길동주민센터 방면),11,5844
둔촌고교입구 교차로(길동주민센터 방면),12,3487
둔촌동역교차로,1,2428
둔촌동역교차로,2,2541
둔촌동역교차로,3,4451
둔촌동역교차로,4,5979
둔촌동역교차로,5,8109
둔촌동역교차로,6,9635
둔촌동역교차로,7,5629
둔촌동역교차로,8,6792
둔촌동역교차로,9,6503
둔촌동역교차로,10,7740
둔촌동역교차로,11,6454
둔촌동역교차로,12,3885
둔촌사거리,1,3665
둔촌사거리,2,4400
둔촌사거리,3,8597
둔촌사거리,4,11410
둔촌사거리,5,12786
둔촌사거리,6,13295
둔촌사거리,7,10843
둔촌사거리,8,10487
둔촌사거리,9,12733
둔촌사거리,10,13086
둔촌사거리,11,11386
둔촌사거리,12,6157
둔촌신성미소지움아파트,1,710
둔촌신성미소지움아파트,2,928
둔촌신성미소지움아파트,3,1490
둔촌신성미소지움아파트,4,1695
둔촌신성미소지움아파트,5,1988
둔촌신성미소지움아파트,6,1693
둔촌신성미소지움아파트,7,1216
둔촌신성미소지움아파트,8,1609
둔촌신성미소지움아파트,9,1951
둔촌신성미소지움아파트,10,2001
둔촌신성미소지움아파트,11,1787
둔촌신성미소지움아파트,12,998
둔촌어린이공원,1,2607
둔촌어린이공원,2,3278
둔촌어린이공원,3,6120
둔촌어린이공원,4,7978
둔촌어린이공원,5,6898
둔촌어린이공원,6,7761
둔촌어린이공원,7,6833
둔촌어린이공원,8,6288
둔촌어린이공원,9,7465
둔촌어린이공원,10,7416
둔촌어린이공원,11,6537
둔촌어린이공원,12,3836
둔촌역 2번출구,1,616
둔촌역 2번출구,2,632
둔촌역 2번출구,3,851
둔촌역 2번출구,4,1069
둔촌역 2번출구,5,1203
둔촌역 2번출구,6,1206
둔촌역 2번출구,7,938
둔촌역 2번출구,8,934
둔촌역 2번출구,9,1197
둔촌역 2번출구,10,1943
둔촌역 2번출구,11,2376
둔촌역 2번출구,12,1453
둔촌역 3번 출입구,1,6862
둔촌역 3번 출입구,2,7742
둔촌역 3번 출입구,3,13080
둔촌역 3번 출입구,4,16793
둔촌역 3번 출입구,5,18428
둔촌역 3번 출입구,6,19600
둔촌역 3번 출입구,7,17714
둔촌역 3번 출입구,8,16485
둔촌역 3번 출입구,9,18882
둔촌역 3번 출입구,10,19019
둔촌역 3번 출입구,11,15787
둔촌역 3번 출입구,12,9832
둔촌오륜역 1번 출구,1,571
둔촌오륜역 1번 출구,2,895
둔촌오륜역 1번 출구,3,2536
둔촌오륜역 1번 출구,4,3217
둔촌오륜역 1번 출구,5,3666
둔촌오륜역 1번 출구,6,3786
둔촌오륜역 1번 출구,7,2229
둔촌오륜역 1번 출구,8,1925
둔촌오륜역 1번 출구,9,2947
둔촌오륜역 1번 출구,10,3089
둔촌오륜역 1번 출구,11,2865
둔촌오륜역 1번 출구,12,1818
둔촌오륜역 2번출구,1,436
둔촌오륜역 2번출구,2,413
둔촌오륜역 2번출구,3,1099
둔촌오륜역 2번출구,4,1510
둔촌오륜역 2번출구,5,1578
둔촌오륜역 2번출구,6,1534
둔촌오륜역 2번출구,7,1517
둔촌오륜역 2번출구,8,1415
둔촌오륜역 2번출구,9,1458
둔촌오륜역 2번출구,10,1426
둔촌오륜역 2번출구,11,1105
둔촌오륜역 2번출구,12,651
둔촌푸르지오아파트,1,1883
둔촌푸르지오아파트,2,2015
둔촌푸르지오아파트,3,3272
둔촌푸르지오아파트,4,4251
둔촌푸르지오아파트,5,5341
둔촌푸르지오아파트,6,6087
둔촌푸르지오아파트,7,5139
둔촌푸르지오아파트,8,4837
둔촌푸르지오아파트,9,5538
둔촌푸르지오아파트,10,5637
둔촌푸르지오아파트,11,4540
둔촌푸르지오아파트,12,2754
뒷벌공원 옆,1,2198
뒷벌공원 옆,2,2236
뒷벌공원 옆,3,3555
뒷벌공원 옆,4,4593
뒷벌공원 옆,5,5473
뒷벌공원 옆,6,6256
뒷벌공원 옆,7,4779
뒷벌공원 옆,8,4465
뒷벌공원 옆,9,5323
뒷벌공원 옆,10,5335
뒷벌공원 옆,11,4189
뒷벌공원 옆,12,2812
드래곤타워 앞,1,1357
드래곤타워 앞,2,1504
드래곤타워 앞,3,2485
드래곤타워 앞,4,3181
드래곤타워 앞,5,3589
드래곤타워 앞,6,3594
드래곤타워 앞,7,3155
드래곤타워 앞,8,3207
드래곤타워 앞,9,3533
드래곤타워 앞,10,3662
드래곤타워 앞,11,2948
드래곤타워 앞,12,1894
등나무 근린공원(시립북서울미술관 앞),1,4267
등나무 근린공원(시립북서울미술관 앞),2,5215
등나무 근린공원(시립북서울미술관 앞),3,8664
등나무 근린공원(시립북서울미술관 앞),4,11477
등나무 근린공원(시립북서울미술관 앞),5,12986
등나무 근린공원(시립북서울미술관 앞),6,13845
등나무 근린공원(시립북서울미술관 앞),7,12365
등나무 근린공원(시립북서울미술관 앞),8,11991
등나무 근린공원(시립북서울미술관 앞),9,12865
등나무 근린공원(시립북서울미술관 앞),10,14247
등나무 근린공원(시립북서울미술관 앞),11,10603
등나무 근린공원(시립북서울미술관 앞),12,6905
등촌1-10단지 교차로,1,6509
등촌1-10단지 교차로,2,6652
등촌1-10단지 교차로,3,11227
등촌1-10단지 교차로,4,14111
등촌1-10단지 교차로,5,16622
등촌1-10단지 교차로,6,18567
등촌1-10단지 교차로,7,17561
등촌1-10단지 교차로,8,17498
등촌1-10단지 교차로,9,19156
등촌1-10단지 교차로,10,20876
등촌1-10단지 교차로,11,17229
등촌1-10단지 교차로,12,10357
등촌2동주민센터,1,886
등촌2동주민센터,2,992
등촌2동주민센터,3,1772
등촌2동주민센터,4,2204
등촌2동주민센터,5,2488
등촌2동주민센터,6,2497
등촌2동주민센터,7,1901
등촌2동주민센터,8,1716
등촌2동주민센터,9,2173
등촌2동주민센터,10,2307
등촌2동주민센터,11,1827
등촌2동주민센터,12,1091
등촌2파출소,1,1597
등촌2파출소,2,1584
등촌2파출소,3,2590
등촌2파출소,4,3870
등촌2파출소,5,4252
등촌2파출소,6,4126
등촌2파출소,7,3726
등촌2파출소,8,3289
등촌2파출소,9,3772
등촌2파출소,10,3542
등촌2파출소,11,2702
등촌2파출소,12,1902
등촌5단지아파트 버스정류장,1,5748
등촌5단지아파트 버스정류장,2,5930
등촌5단지아파트 버스정류장,3,9631
등촌5단지아파트 버스정류장,4,12336
등촌5단지아파트 버스정류장,5,14465
등촌5단지아파트 버스정류장,6,15442
등촌5단지아파트 버스정류장,7,14327
등촌5단지아파트 버스정류장,8,13523
등촌5단지아파트 버스정류장,9,15371
등촌5단지아파트 버스정류장,10,16435
등촌5단지아파트 버스정류장,11,13411
등촌5단지아파트 버스정류장,12,8365
등촌9단지,1,2342
등촌9단지,2,2430
등촌9단지,3,3905
등촌9단지,4,5163
등촌9단지,5,5780
등촌9단지,6,6151
등촌9단지,7,5633
등촌9단지,8,5444
등촌9단지,9,6323
등촌9단지,10,6583
등촌9단지,11,5222
등촌9단지,12,3303
등촌서광아파트,1,5018
등촌서광아파트,2,5190
등촌서광아파트,3,8182
등촌서광아파트,4,11416
등촌서광아파트,5,14118
등촌서광아파트,6,15158
등촌서광아파트,7,13458
등촌서광아파트,8,13302
등촌서광아파트,9,14418
등촌서광아파트,10,14523
등촌서광아파트,11,11293
등촌서광아파트,12,7211
등촌역 1번출구,1,1662
등촌역 1번출구,2,1682
등촌역 1번출구,3,2936
등촌역 1번출구,4,3955
등촌역 1번출구,5,3795
등촌역 1번출구,6,4538
등촌역 1번출구,7,4123
등촌역 1번출구,8,4111
등촌역 1번출구,9,4516
등촌역 1번출구,10,4589
등촌역 1번출구,11,3309
등촌역 1번출구,12,2210
등촌역 1번출구옆,1,413
등촌역 1번출구옆,2,511
등촌역 1번출구옆,3,1003
등촌역 1번출구옆,4,1387
등촌역 1번출구옆,5,1591
등촌역 1번출구옆,6,1822
등촌역 1번출구옆,7,1920
등촌역 1번출구옆,8,1646
등촌역 1번출구옆,9,2171
등촌역 1번출구옆,10,2278
등촌역 1번출구옆,11,730
등촌역 1번출구옆,12,298
등촌역 4번 출구,1,1086
등촌역 4번 출구,2,1204
등촌역 4번 출구,3,2241
등촌역 4번 출구,4,3233
등촌역 4번 출구,5,3781
등촌역 4번 출구,6,3976
등촌역 4번 출구,7,3571
등촌역 4번 출구,8,3391
등촌역 4번 출구,9,4002
등촌역 4번 출구,10,3377
등촌역 4번 출구,11,2690
등촌역 4번 출구,12,1526
등촌역 5번 출구 뒤,1,1472
등촌역 5번 출구 뒤,2,1639
등촌역 5번 출구 뒤,3,2811
등촌역 5번 출구 뒤,4,3701
등촌역 5번 출구 뒤,5,4353
등촌역 5번 출구 뒤,6,4271
등촌역 5번 출구 뒤,7,3838
등촌역 5번 출구 뒤,8,3650
등촌역 5번 출구 뒤,9,4355
등촌역 5번 출구 뒤,10,4603
등촌역 5번 출구 뒤,11,3448
등촌역 5번 출구 뒤,12,1916
등촌역 7번출구,1,3097
등촌역 7번출구,2,3439
등촌역 7번출구,3,5727
등촌역 7번출구,4,7443
등촌역 7번출구,5,9197
등촌역 7번출구,6,9346
등촌역 7번출구,7,8176
등촌역 7번출구,8,7675
등촌역 7번출구,9,9217
등촌역 7번출구,10,9369
등촌역 7번출구,11,7472
등촌역 7번출구,12,4356
등촌역 센터스퀘어,1,1197
등촌역 센터스퀘어,2,1279
등촌역 센터스퀘어,3,2148
등촌역 센터스퀘어,4,2712
등촌역 센터스퀘어,5,3486
등촌역 센터스퀘어,6,3655
등촌역 센터스퀘어,7,2875
등촌역 센터스퀘어,8,3131
등촌역 센터스퀘어,9,3911
등촌역 센터스퀘어,10,4370
등촌역 센터스퀘어,11,3185
등촌역 센터스퀘어,12,1806
등촌태영아파트,1,1530
등촌태영아파트,2,1730
등촌태영아파트,3,2663
등촌태영아파트,4,3541
등촌태영아파트,5,4370
등촌태영아파트,6,4520
등촌태영아파트,7,3900
등촌태영아파트,8,3802
등촌태영아파트,9,4499
등촌태영아파트,10,4621
등촌태영아파트,11,3077
등촌태영아파트,12,1962
디에이치퍼스티어아이파크 124동 앞,1,324
디에이치퍼스티어아이파크 124동 앞,2,316
디에이치퍼스티어아이파크 124동 앞,3,476
디에이치퍼스티어아이파크 124동 앞,4,549
디에이치퍼스티어아이파크 124동 앞,5,617
디에이치퍼스티어아이파크 124동 앞,6,1079
디에이치퍼스티어아이파크 124동 앞,7,1014
디에이치퍼스티어아이파크 124동 앞,8,1108
디에이치퍼스티어아이파크 124동 앞,9,1108
디에이치퍼스티어아이파크 124동 앞,10,1321
디에이치퍼스티어아이파크 124동 앞,11,1243
디에이치퍼스티어아이파크 124동 앞,12,766
디에이치퍼스티어아이파크 159동 앞,1,63
디에이치퍼스티어아이파크 159동 앞,2,56
디에이치퍼스티어아이파크 159동 앞,3,134
디에이치퍼스티어아이파크 159동 앞,4,253
디에이치퍼스티어아이파크 159동 앞,5,393
디에이치퍼스티어아이파크 159동 앞,6,417
디에이치퍼스티어아이파크 159동 앞,7,226
디에이치퍼스티어아이파크 159동 앞,8,154
디에이치퍼스티어아이파크 159동 앞,9,196
디에이치퍼스티어아이파크 159동 앞,10,260
디에이치퍼스티어아이파크 159동 앞,11,191
디에이치퍼스티어아이파크 159동 앞,12,95
디지털매직스페이스,1,2575
디지털매직스페이스,2,2793
디지털매직스페이스,3,4881
디지털매직스페이스,4,5977
디지털매직스페이스,5,6762
디지털매직스페이스,6,6271
디지털매직스페이스,7,5730
디지털매직스페이스,8,6339
디지털매직스페이스,9,6975
디지털매직스페이스,10,7409
디지털매직스페이스,11,6126
디지털매직스페이스,12,3832
디지털미디어 시티역 4번출구(DMC역),1,1613
디지털미디어 시티역 4번출구(DMC역),2,1657
디지털미디어 시티역 4번출구(DMC역),3,2515
디지털미디어 시티역 4번출구(DMC역),4,3174
디지털미디어 시티역 4번출구(DMC역),5,3316
디지털미디어 시티역 4번출구(DMC역),6,3114
디지털미디어 시티역 4번출구(DMC역),7,2938
디지털미디어 시티역 4번출구(DMC역),8,2845
디지털미디어 시티역 4번출구(DMC역),9,3224
디지털미디어 시티역 4번출구(DMC역),10,3432
디지털미디어 시티역 4번출구(DMC역),11,3057
디지털미디어 시티역 4번출구(DMC역),12,2138
디지털미디어씨티역2번출구,1,99
디지털미디어씨티역2번출구,2,342
디지털미디어씨티역2번출구,3,60
디지털입구 교차로,1,4429
디지털입구 교차로,2,4746
디지털입구 교차로,3,7261
디지털입구 교차로,4,9475
디지털입구 교차로,5,11132
디지털입구 교차로,6,12034
디지털입구 교차로,7,11094
디지털입구 교차로,8,10411
디지털입구 교차로,9,11892
디지털입구 교차로,10,12724
디지털입구 교차로,11,10231
디지털입구 교차로,12,5798
디폴리스 지식산업센터,1,922
디폴리스 지식산업센터,2,934
디폴리스 지식산업센터,3,1717
디폴리스 지식산업센터,4,2486
디폴리스 지식산업센터,5,2996
디폴리스 지식산업센터,6,2650
디폴리스 지식산업센터,7,2248
디폴리스 지식산업센터,8,2039
디폴리스 지식산업센터,9,2529
디폴리스 지식산업센터,10,2851
디폴리스 지식산업센터,11,2541
디폴리스 지식산업센터,12,1529
뚝도아리수정수센터 버스정류소 옆,1,965
뚝도아리수정수센터 버스정류소 옆,2,1469
뚝도아리수정수센터 버스정류소 옆,3,3898
뚝도아리수정수센터 버스정류소 옆,4,6610
뚝도아리수정수센터 버스정류소 옆,5,6183
뚝도아리수정수센터 버스정류소 옆,6,5150
뚝도아리수정수센터 버스정류소 옆,7,3965
뚝도아리수정수센터 버스정류소 옆,8,3822
뚝도아리수정수센터 버스정류소 옆,9,6569
뚝도아리수정수센터 버스정류소 옆,10,5545
뚝도아리수정수센터 버스정류소 옆,11,2925
뚝도아리수정수센터 버스정류소 옆,12,1150
뚝섬 유원지역,1,2842
뚝섬 유원지역,2,3299
뚝섬 유원지역,3,6913
뚝섬 유원지역,4,9005
뚝섬 유원지역,5,9842
뚝섬 유원지역,6,9280
뚝섬 유원지역,7,7803
뚝섬 유원지역,8,7395
뚝섬 유원지역,9,9349
뚝섬 유원지역,10,8874
뚝섬 유원지역,11,5831
뚝섬 유원지역,12,3337
뚝섬역 1번 출구 옆,1,3804
뚝섬역 1번 출구 옆,2,4615
뚝섬역 1번 출구 옆,3,9151
뚝섬역 1번 출구 옆,4,12426
뚝섬역 1번 출구 옆,5,12783
뚝섬역 1번 출구 옆,6,11888
뚝섬역 1번 출구 옆,7,9974
뚝섬역 1번 출구 옆,8,9022
뚝섬역 1번 출구 옆,9,11856
뚝섬역 1번 출구 옆,10,12254
뚝섬역 1번 출구 옆,11,8890
뚝섬역 1번 출구 옆,12,4871
뚝섬역 5번 출구 정류소 옆,1,2964
뚝섬역 5번 출구 정류소 옆,2,3275
뚝섬역 5번 출구 정류소 옆,3,5253
뚝섬역 5번 출구 정류소 옆,4,6305
뚝섬역 5번 출구 정류소 옆,5,6602
뚝섬역 5번 출구 정류소 옆,6,6512
뚝섬역 5번 출구 정류소 옆,7,5646
뚝섬역 5번 출구 정류소 옆,8,4870
뚝섬역 5번 출구 정류소 옆,9,6074
뚝섬역 5번 출구 정류소 옆,10,6521
뚝섬역 5번 출구 정류소 옆,11,5560
뚝섬역 5번 출구 정류소 옆,12,3418
뚝섬역 6번출구,1,3008
뚝섬역 6번출구,2,3432
뚝섬역 6번출구,3,5654
뚝섬역 6번출구,4,7800
뚝섬역 6번출구,5,8105
뚝섬역 6번출구,6,7770
뚝섬역 6번출구,7,7214
뚝섬역 6번출구,8,7149
뚝섬역 6번출구,9,8431
뚝섬역 6번출구,10,8703
뚝섬역 6번출구,11,7283
뚝섬역 6번출구,12,4567
뚝섬유수지 공영주차장,8,59
뚝섬유수지 공영주차장,9,303
뚝섬유수지 공영주차장,10,324
뚝섬유수지 공영주차장,11,270
뚝섬유수지 공영주차장,12,184
라이품 공영주차장 앞,1,1849
라이품 공영주차장 앞,2,1876
라이품 공영주차장 앞,3,3504
라이품 공영주차장 앞,4,4608
라이품 공영주차장 앞,5,5053
라이품 공영주차장 앞,6,5657
라이품 공영주차장 앞,7,5011
라이품 공영주차장 앞,8,4841
라이품 공영주차장 앞,9,6504
라이품 공영주차장 앞,10,6423
라이품 공영주차장 앞,11,5022
라이품 공영주차장 앞,12,2940
라인프랜즈이태원점 앞,1,374
라인프랜즈이태원점 앞,2,442
라인프랜즈이태원점 앞,3,592
라인프랜즈이태원점 앞,4,789
라인프랜즈이태원점 앞,5,791
라인프랜즈이태원점 앞,6,789
라인프랜즈이태원점 앞,7,844
라인프랜즈이태원점 앞,8,783
라인프랜즈이태원점 앞,9,937
라인프랜즈이태원점 앞,10,832
라인프랜즈이태원점 앞,11,768
라인프랜즈이태원점 앞,12,406
라코지스테이 앞,1,649
라코지스테이 앞,2,651
라코지스테이 앞,3,1168
라코지스테이 앞,4,1611
라코지스테이 앞,5,1886
라코지스테이 앞,6,1844
라코지스테이 앞,7,1593
라코지스테이 앞,8,1678
라코지스테이 앞,9,1973
라코지스테이 앞,10,1936
라코지스테이 앞,11,1579
라코지스테이 앞,12,983
래미안 강동팰리스(102동),1,2138
래미안 강동팰리스(102동),2,2544
래미안 강동팰리스(102동),3,4165
래미안 강동팰리스(102동),4,5471
래미안 강동팰리스(102동),5,6073
래미안 강동팰리스(102동),6,6123
래미안 강동팰리스(102동),7,5474
래미안 강동팰리스(102동),8,5021
래미안 강동팰리스(102동),9,5684
래미안 강동팰리스(102동),10,5802
래미안 강동팰리스(102동),11,4723
래미안 강동팰리스(102동),12,2725
래미안 구의파크 스위트,1,3970
래미안 구의파크 스위트,2,4289
래미안 구의파크 스위트,3,7209
래미안 구의파크 스위트,4,9363
래미안 구의파크 스위트,5,10085
래미안 구의파크 스위트,6,10652
래미안 구의파크 스위트,7,9117
래미안 구의파크 스위트,8,8884
래미안 구의파크 스위트,9,9866
래미안 구의파크 스위트,10,10244
래미안 구의파크 스위트,11,8611
래미안 구의파크 스위트,12,5467
래미안 루센티아 아파트 108동 앞,1,1482
래미안 루센티아 아파트 108동 앞,2,1489
래미안 루센티아 아파트 108동 앞,3,2759
래미안 루센티아 아파트 108동 앞,4,3994
래미안 루센티아 아파트 108동 앞,5,3981
래미안 루센티아 아파트 108동 앞,6,4033
래미안 루센티아 아파트 108동 앞,7,3602
래미안 루센티아 아파트 108동 앞,8,3592
래미안 루센티아 아파트 108동 앞,9,4480
래미안 루센티아 아파트 108동 앞,10,4354
래미안 루센티아 아파트 108동 앞,11,3460
래미안 루센티아 아파트 108동 앞,12,2022
래미안 솔베뉴(고덕로),1,1287
래미안 솔베뉴(고덕로),2,1497
래미안 솔베뉴(고덕로),3,2673
래미안 솔베뉴(고덕로),4,3644
래미안 솔베뉴(고덕로),5,3944
래미안 솔베뉴(고덕로),6,4203
래미안 솔베뉴(고덕로),7,3445
래미안 솔베뉴(고덕로),8,3059
래미안 솔베뉴(고덕로),9,3783
래미안 솔베뉴(고덕로),10,4201
래미안 솔베뉴(고덕로),11,3491
래미안 솔베뉴(고덕로),12,1762
래미안 솔베뉴(구천면로),1,971
래미안 솔베뉴(구천면로),2,1090
래미안 솔베뉴(구천면로),3,1948
래미안 솔베뉴(구천면로),4,2786
래미안 솔베뉴(구천면로),5,3042
래미안 솔베뉴(구천면로),6,3190
래미안 솔베뉴(구천면로),7,2554
래미안 솔베뉴(구천면로),8,2381
래미안 솔베뉴(구천면로),9,2859
래미안 솔베뉴(구천면로),10,2882
래미안 솔베뉴(구천면로),11,2350
래미안 솔베뉴(구천면로),12,1385
래미안강남힐즈 사거리,1,933
래미안강남힐즈 사거리,2,1228
래미안강남힐즈 사거리,3,2516
래미안강남힐즈 사거리,4,3732
래미안강남힐즈 사거리,5,4343
래미안강남힐즈 사거리,6,4444
래미안강남힐즈 사거리,7,3374
래미안강남힐즈 사거리,8,3059
래미안강남힐즈 사거리,9,3974
래미안강남힐즈 사거리,10,4163
래미안강남힐즈 사거리,11,3155
래미안강남힐즈 사거리,12,1519
래미안그레이튼102동앞,1,369
래미안그레이튼102동앞,2,445
래미안그레이튼102동앞,3,868
래미안그레이튼102동앞,4,1056
래미안그레이튼102동앞,5,1032
래미안그레이튼102동앞,6,1075
래미안그레이튼102동앞,7,889
래미안그레이튼102동앞,8,871
래미안그레이튼102동앞,9,1083
래미안그레이튼102동앞,10,1032
래미안그레이튼102동앞,11,795
래미안그레이튼102동앞,12,520
래미안금호하이리버 아파트 102동 옆,1,498
래미안금호하이리버 아파트 102동 옆,2,651
래미안금호하이리버 아파트 102동 옆,3,1280
래미안금호하이리버 아파트 102동 옆,4,1753
래미안금호하이리버 아파트 102동 옆,5,1948
래미안금호하이리버 아파트 102동 옆,6,1815
래미안금호하이리버 아파트 102동 옆,7,1490
래미안금호하이리버 아파트 102동 옆,8,1280
래미안금호하이리버 아파트 102동 옆,9,1834
래미안금호하이리버 아파트 102동 옆,10,1733
래미안금호하이리버 아파트 102동 옆,11,1288
래미안금호하이리버 아파트 102동 옆,12,612
래미안라센트아파트 103동 앞,1,2104
래미안라센트아파트 103동 앞,2,2223
래미안라센트아파트 103동 앞,3,3640
래미안라센트아파트 103동 앞,4,4475
래미안라센트아파트 103동 앞,5,4937
래미안라센트아파트 103동 앞,6,4934
래미안라센트아파트 103동 앞,7,4338
래미안라센트아파트 103동 앞,8,4154
래미안라센트아파트 103동 앞,9,5227
래미안라센트아파트 103동 앞,10,5324
래미안라센트아파트 103동 앞,11,4457
래미안라센트아파트 103동 앞,12,2822
래미안서초스위트앞,1,486
래미안서초스위트앞,2,576
래미안서초스위트앞,3,811
래미안서초스위트앞,4,888
래미안서초스위트앞,5,774
래미안서초스위트앞,6,758
래미안서초스위트앞,7,804
래미안서초스위트앞,8,775
래미안서초스위트앞,9,1062
래미안서초스위트앞,10,960
래미안서초스위트앞,11,833
래미안서초스위트앞,12,468
래미안신공덕3차아파트,1,125
래미안신공덕3차아파트,2,115
래미안신공덕3차아파트,3,251
래미안신공덕3차아파트,4,279
래미안신공덕3차아파트,5,258
래미안신공덕3차아파트,6,303
래미안신공덕3차아파트,7,350
래미안신공덕3차아파트,8,293
래미안신공덕3차아파트,9,330
래미안신공덕3차아파트,10,336
래미안신공덕3차아파트,11,290
래미안신공덕3차아파트,12,163
래미안신반포리오센트 후문,11,82
래미안신반포리오센트 후문,12,185
래미안에스티움 앞 (신풍로),1,2241
래미안에스티움 앞 (신풍로),2,2537
래미안에스티움 앞 (신풍로),3,3550
래미안에스티움 앞 (신풍로),4,4366
래미안에스티움 앞 (신풍로),5,4960
래미안에스티움 앞 (신풍로),6,5145
래미안에스티움 앞 (신풍로),7,4978
래미안에스티움 앞 (신풍로),8,4872
래미안에스티움 앞 (신풍로),9,5377
래미안에스티움 앞 (신풍로),10,5601
래미안에스티움 앞 (신풍로),11,4853
래미안에스티움 앞 (신풍로),12,3184
래미안월곡아파트 (창문여고 건너편),1,49
래미안월곡아파트 (창문여고 건너편),6,88
래미안월곡아파트 (창문여고 건너편),7,316
래미안월곡아파트 (창문여고 건너편),8,239
래미안월곡아파트 (창문여고 건너편),9,337
래미안월곡아파트 (창문여고 건너편),10,413
래미안월곡아파트 (창문여고 건너편),11,289
래미안월곡아파트 (창문여고 건너편),12,161
래미안월곡아파트 입구,1,1544
래미안월곡아파트 입구,2,1785
래미안월곡아파트 입구,3,2900
래미안월곡아파트 입구,4,3780
래미안월곡아파트 입구,5,3589
래미안월곡아파트 입구,6,4265
래미안월곡아파트 입구,7,3999
래미안월곡아파트 입구,8,3870
래미안월곡아파트 입구,9,4821
래미안월곡아파트 입구,10,4998
래미안월곡아파트 입구,11,3895
래미안월곡아파트 입구,12,2452
래미안장위퍼스트하이(513동),1,1641
래미안장위퍼스트하이(513동),2,2138
래미안장위퍼스트하이(513동),3,3557
래미안장위퍼스트하이(513동),4,4539
래미안장위퍼스트하이(513동),5,5140
래미안장위퍼스트하이(513동),6,5194
래미안장위퍼스트하이(513동),7,4384
래미안장위퍼스트하이(513동),8,4192
래미안장위퍼스트하이(513동),9,5677
래미안장위퍼스트하이(513동),10,5627
래미안장위퍼스트하이(513동),11,3908
래미안장위퍼스트하이(513동),12,2250
래미안장위포레카운티(102동),1,1132
래미안장위포레카운티(102동),2,1408
래미안장위포레카운티(102동),3,2289
래미안장위포레카운티(102동),4,3115
래미안장위포레카운티(102동),5,3720
래미안장위포레카운티(102동),6,3839
래미안장위포레카운티(102동),7,3418
래미안장위포레카운티(102동),8,3207
래미안장위포레카운티(102동),9,4372
래미안장위포레카운티(102동),10,4139
래미안장위포레카운티(102동),11,2941
래미안장위포레카운티(102동),12,1742
래미안허브리츠아파트 앞,1,693
래미안허브리츠아파트 앞,2,840
래미안허브리츠아파트 앞,3,1401
래미안허브리츠아파트 앞,4,1788
래미안허브리츠아파트 앞,5,1955
래미안허브리츠아파트 앞,6,2037
래미안허브리츠아파트 앞,7,1683
래미안허브리츠아파트 앞,8,1725
래미안허브리츠아파트 앞,9,1958
래미안허브리츠아파트 앞,10,2031
래미안허브리츠아파트 앞,11,1500
래미안허브리츠아파트 앞,12,1049
레미안 솔베뉴(양재대로),4,1
레미안 솔베뉴(양재대로),5,21
레미안 솔베뉴(양재대로),6,49
레베쌍트 빌딩 앞,1,252
레베쌍트 빌딩 앞,2,306
레베쌍트 빌딩 앞,3,495
레베쌍트 빌딩 앞,4,708
레베쌍트 빌딩 앞,5,890
레베쌍트 빌딩 앞,6,975
레베쌍트 빌딩 앞,7,706
레베쌍트 빌딩 앞,8,816
레베쌍트 빌딩 앞,9,1017
레베쌍트 빌딩 앞,10,1065
레베쌍트 빌딩 앞,11,848
레베쌍트 빌딩 앞,12,515
레이크펠리스101동앞,1,4301
레이크펠리스101동앞,2,4955
레이크펠리스101동앞,3,8540
레이크펠리스101동앞,4,11285
레이크펠리스101동앞,5,12005
레이크펠리스101동앞,6,13701
레이크펠리스101동앞,7,12148
레이크펠리스101동앞,8,11816
레이크펠리스101동앞,9,13638
레이크펠리스101동앞,10,13780
레이크펠리스101동앞,11,10998
레이크펠리스101동앞,12,6857
로고스교회 맞은 편,1,893
로고스교회 맞은 편,2,942
로고스교회 맞은 편,3,1541
로고스교회 맞은 편,4,1865
로고스교회 맞은 편,5,2141
로고스교회 맞은 편,6,2271
로고스교회 맞은 편,7,2349
로고스교회 맞은 편,8,2390
로고스교회 맞은 편,9,2859
로고스교회 맞은 편,10,2689
로고스교회 맞은 편,11,2025
로고스교회 맞은 편,12,1296
로제우스 레포츠센터,1,422
로제우스 레포츠센터,2,476
로제우스 레포츠센터,3,650
로제우스 레포츠센터,4,793
로제우스 레포츠센터,5,687
로제우스 레포츠센터,6,871
로제우스 레포츠센터,7,823
로제우스 레포츠센터,8,829
로제우스 레포츠센터,9,882
로제우스 레포츠센터,10,930
로제우스 레포츠센터,11,891
로제우스 레포츠센터,12,540
로프트시티오피스텔,1,1442
로프트시티오피스텔,2,1554
로프트시티오피스텔,3,2369
로프트시티오피스텔,4,2987
로프트시티오피스텔,5,3442
로프트시티오피스텔,6,3867
로프트시티오피스텔,7,3862
로프트시티오피스텔,8,4570
로프트시티오피스텔,9,5038
로프트시티오피스텔,10,5579
로프트시티오피스텔,11,4210
로프트시티오피스텔,12,2697
롯데 R&D 센터,1,898
롯데 R&D 센터,2,990
롯데 R&D 센터,3,1641
롯데 R&D 센터,4,2164
롯데 R&D 센터,5,2551
롯데 R&D 센터,6,2552
롯데 R&D 센터,7,2638
롯데 R&D 센터,8,2393
롯데 R&D 센터,9,2698
롯데 R&D 센터,10,2706
롯데 R&D 센터,11,2315
롯데 R&D 센터,12,1324
롯데리아 개포점앞,1,334
롯데리아 개포점앞,2,457
롯데리아 개포점앞,3,766
롯데리아 개포점앞,4,1103
롯데리아 개포점앞,5,1142
롯데리아 개포점앞,6,1155
롯데리아 개포점앞,7,910
롯데리아 개포점앞,8,928
롯데리아 개포점앞,9,1174
롯데리아 개포점앞,10,1264
롯데리아 개포점앞,11,833
롯데리아 개포점앞,12,365
롯데시티호텔,1,843
롯데시티호텔,2,892
롯데시티호텔,3,1229
롯데시티호텔,4,1906
롯데시티호텔,5,1887
롯데시티호텔,6,1850
롯데시티호텔,7,1711
롯데시티호텔,8,1613
롯데시티호텔,9,1832
롯데시티호텔,10,1926
롯데시티호텔,11,1794
롯데시티호텔,12,1109
롯데월드타워(잠실역2번출구 쪽),1,12435
롯데월드타워(잠실역2번출구 쪽),2,14213
롯데월드타워(잠실역2번출구 쪽),3,25153
롯데월드타워(잠실역2번출구 쪽),4,33930
롯데월드타워(잠실역2번출구 쪽),5,37878
롯데월드타워(잠실역2번출구 쪽),6,37971
롯데월드타워(잠실역2번출구 쪽),7,31631
롯데월드타워(잠실역2번출구 쪽),8,28598
롯데월드타워(잠실역2번출구 쪽),9,36455
롯데월드타워(잠실역2번출구 쪽),10,39958
롯데월드타워(잠실역2번출구 쪽),11,31777
롯데월드타워(잠실역2번출구 쪽),12,18459
롯데중앙연구소,1,660
롯데중앙연구소,2,817
롯데중앙연구소,3,1290
롯데중앙연구소,4,1608
롯데중앙연구소,5,1693
롯데중앙연구소,6,1647
롯데중앙연구소,7,1467
롯데중앙연구소,8,1376
롯데중앙연구소,9,1496
롯데중앙연구소,10,1530
롯데중앙연구소,11,1225
롯데중앙연구소,12,765
롯데캐슬 101동 앞,1,224
롯데캐슬 101동 앞,2,324
롯데캐슬 101동 앞,3,507
롯데캐슬 101동 앞,4,699
롯데캐슬 101동 앞,5,661
롯데캐슬 101동 앞,6,859
롯데캐슬 101동 앞,7,758
롯데캐슬 101동 앞,8,804
롯데캐슬 101동 앞,9,806
롯데캐슬 101동 앞,10,892
롯데캐슬 101동 앞,11,798
롯데캐슬 101동 앞,12,449
롯데캐슬 102동 코너(월계주유소건너),1,263
롯데캐슬 102동 코너(월계주유소건너),2,253
롯데캐슬 102동 코너(월계주유소건너),3,621
롯데캐슬 102동 코너(월계주유소건너),4,857
롯데캐슬 102동 코너(월계주유소건너),5,901
롯데캐슬 102동 코너(월계주유소건너),6,893
롯데캐슬 102동 코너(월계주유소건너),7,919
롯데캐슬 102동 코너(월계주유소건너),8,579
롯데캐슬 102동 코너(월계주유소건너),9,1328
롯데캐슬 102동 코너(월계주유소건너),10,1146
롯데캐슬 102동 코너(월계주유소건너),11,60
롯데캐슬 115동앞,1,580
롯데캐슬 115동앞,2,630
롯데캐슬 115동앞,3,1107
롯데캐슬 115동앞,4,1395
롯데캐슬 115동앞,5,1589
롯데캐슬 115동앞,6,1379
롯데캐슬 115동앞,7,1115
롯데캐슬 115동앞,8,792
롯데캐슬 115동앞,9,965
롯데캐슬 115동앞,10,1019
롯데캐슬 115동앞,11,794
롯데캐슬 115동앞,12,423
롯데캐슬 앞,1,3401
롯데캐슬 앞,2,3834
롯데캐슬 앞,3,6992
롯데캐슬 앞,4,8997
롯데캐슬 앞,5,9334
롯데캐슬 앞,6,9557
롯데캐슬 앞,7,8379
롯데캐슬 앞,8,8137
롯데캐슬 앞,9,9906
롯데캐슬 앞,10,10183
롯데캐슬 앞,11,8127
롯데캐슬 앞,12,4823
롯데캐슬2차 마을버스 정류장(18804) 뒤편,1,564
롯데캐슬2차 마을버스 정류장(18804) 뒤편,2,666
롯데캐슬2차 마을버스 정류장(18804) 뒤편,3,1038
롯데캐슬2차 마을버스 정류장(18804) 뒤편,4,1605
롯데캐슬2차 마을버스 정류장(18804) 뒤편,5,1854
롯데캐슬2차 마을버스 정류장(18804) 뒤편,6,1877
롯데캐슬2차 마을버스 정류장(18804) 뒤편,7,1659
롯데캐슬2차 마을버스 정류장(18804) 뒤편,8,1525
롯데캐슬2차 마을버스 정류장(18804) 뒤편,9,1824
롯데캐슬2차 마을버스 정류장(18804) 뒤편,10,1988
롯데캐슬2차 마을버스 정류장(18804) 뒤편,11,1438
롯데캐슬2차 마을버스 정류장(18804) 뒤편,12,897
롯데캐슬SKY-L65 D동 앞,1,585
롯데캐슬SKY-L65 D동 앞,2,509
롯데캐슬SKY-L65 D동 앞,3,1194
롯데캐슬SKY-L65 D동 앞,4,2591
롯데캐슬SKY-L65 D동 앞,5,3135
롯데캐슬SKY-L65 D동 앞,6,3489
롯데캐슬SKY-L65 D동 앞,7,2639
롯데캐슬SKY-L65 D동 앞,8,2734
롯데캐슬SKY-L65 D동 앞,9,3279
롯데캐슬SKY-L65 D동 앞,10,3236
롯데캐슬SKY-L65 D동 앞,11,2611
롯데캐슬SKY-L65 D동 앞,12,1599
롯데캐슬골드파크1차 동문,1,1340
롯데캐슬골드파크1차 동문,2,1424
롯데캐슬골드파크1차 동문,3,2355
롯데캐슬골드파크1차 동문,4,3122
롯데캐슬골드파크1차 동문,5,3560
롯데캐슬골드파크1차 동문,6,4192
롯데캐슬골드파크1차 동문,7,3863
롯데캐슬골드파크1차 동문,8,3530
롯데캐슬골드파크1차 동문,9,3897
롯데캐슬골드파크1차 동문,10,3810
롯데캐슬골드파크1차 동문,11,3091
롯데캐슬골드파크1차 동문,12,1981
롯데캐슬골드파크1차 서문,1,1120
롯데캐슬골드파크1차 서문,2,1120
롯데캐슬골드파크1차 서문,3,1425
롯데캐슬골드파크1차 서문,4,1749
롯데캐슬골드파크1차 서문,5,1952
롯데캐슬골드파크1차 서문,6,2314
롯데캐슬골드파크1차 서문,7,2038
롯데캐슬골드파크1차 서문,8,1910
롯데캐슬골드파크1차 서문,9,2100
롯데캐슬골드파크1차 서문,10,2445
롯데캐슬골드파크1차 서문,11,1909
롯데캐슬골드파크1차 서문,12,1199
롯데캐슬골드파크3차 301동 앞,1,1345
롯데캐슬골드파크3차 301동 앞,2,1444
롯데캐슬골드파크3차 301동 앞,3,2297
롯데캐슬골드파크3차 301동 앞,4,3002
롯데캐슬골드파크3차 301동 앞,5,3497
롯데캐슬골드파크3차 301동 앞,6,3876
롯데캐슬골드파크3차 301동 앞,7,3468
롯데캐슬골드파크3차 301동 앞,8,3362
롯데캐슬골드파크3차 301동 앞,9,3604
롯데캐슬골드파크3차 301동 앞,10,3577
롯데캐슬골드파크3차 301동 앞,11,2888
롯데캐슬골드파크3차 301동 앞,12,1919
롯데캐슬시그니처아파트 앞,1,481
롯데캐슬시그니처아파트 앞,2,511
롯데캐슬시그니처아파트 앞,3,684
롯데캐슬시그니처아파트 앞,4,1027
롯데캐슬시그니처아파트 앞,5,1257
롯데캐슬시그니처아파트 앞,6,1427
롯데캐슬시그니처아파트 앞,7,1309
롯데캐슬시그니처아파트 앞,8,1466
롯데캐슬시그니처아파트 앞,9,1435
롯데캐슬시그니처아파트 앞,10,1514
롯데캐슬시그니처아파트 앞,11,1464
롯데캐슬시그니처아파트 앞,12,987
롯데캐슬엠파이어 옆,1,3774
롯데캐슬엠파이어 옆,2,4051
롯데캐슬엠파이어 옆,3,6743
롯데캐슬엠파이어 옆,4,9731
롯데캐슬엠파이어 옆,5,10123
롯데캐슬엠파이어 옆,6,9888
롯데캐슬엠파이어 옆,7,8767
롯데캐슬엠파이어 옆,8,8370
롯데캐슬엠파이어 옆,9,9649
롯데캐슬엠파이어 옆,10,10089
롯데캐슬엠파이어 옆,11,8342
롯데캐슬엠파이어 옆,12,5443
롯데캐슬클라시아 입구 앞,1,149
롯데캐슬클라시아 입구 앞,2,172
롯데캐슬클라시아 입구 앞,3,309
롯데캐슬클라시아 입구 앞,4,445
롯데캐슬클라시아 입구 앞,5,524
롯데캐슬클라시아 입구 앞,6,486
롯데캐슬클라시아 입구 앞,7,417
롯데캐슬클라시아 입구 앞,8,360
롯데캐슬클라시아 입구 앞,9,420
롯데캐슬클라시아 입구 앞,10,430
롯데캐슬클라시아 입구 앞,11,418
롯데캐슬클라시아 입구 앞,12,223
롯데하이마트 (상암월드컵점),1,751
롯데하이마트 (상암월드컵점),2,788
롯데하이마트 (상암월드컵점),3,1734
롯데하이마트 (상암월드컵점),4,2320
롯데하이마트 (상암월드컵점),5,2322
롯데하이마트 (상암월드컵점),6,2343
롯데하이마트 (상암월드컵점),7,1960
롯데하이마트 (상암월드컵점),8,1860
롯데하이마트 (상암월드컵점),9,2387
롯데하이마트 (상암월드컵점),10,2306
롯데하이마트 (상암월드컵점),11,1609
롯데하이마트 (상암월드컵점),12,866
롯데하이마트 용산점 앞,1,67
롯데하이마트 용산점 앞,4,39
롯데하이마트 용산점 앞,5,86
롯데하이마트 용산점 앞,6,135
롯데하이마트 용산점 앞,7,147
롯데하이마트 용산점 앞,8,129
롯데하이마트 용산점 앞,9,209
롯데하이마트 용산점 앞,10,270
롯데하이마트 용산점 앞,11,194
롯데하이마트 용산점 앞,12,136
롯데호텔,1,564
롯데호텔,2,643
롯데호텔,3,1140
롯데호텔,4,2060
롯데호텔,5,1860
롯데호텔,6,1912
롯데호텔,7,2051
롯데호텔,8,2194
롯데호텔,9,2625
롯데호텔,10,2595
롯데호텔,11,2083
롯데호텔,12,1064
르네상스 호텔 사거리 역삼지하보도 7번출구 앞,1,1059
르네상스 호텔 사거리 역삼지하보도 7번출구 앞,2,1217
르네상스 호텔 사거리 역삼지하보도 7번출구 앞,3,1847
르네상스 호텔 사거리 역삼지하보도 7번출구 앞,4,2680
르네상스 호텔 사거리 역삼지하보도 7번출구 앞,5,2639
르네상스 호텔 사거리 역삼지하보도 7번출구 앞,6,2810
르네상스 호텔 사거리 역삼지하보도 7번출구 앞,7,2354
르네상스 호텔 사거리 역삼지하보도 7번출구 앞,8,2179
르네상스 호텔 사거리 역삼지하보도 7번출구 앞,9,2409
르네상스 호텔 사거리 역삼지하보도 7번출구 앞,10,2758
르네상스 호텔 사거리 역삼지하보도 7번출구 앞,11,2314
르네상스 호텔 사거리 역삼지하보도 7번출구 앞,12,1171
르네상스호텔사거리 역삼지하보도 2번출구,1,635
르네상스호텔사거리 역삼지하보도 2번출구,2,686
르네상스호텔사거리 역삼지하보도 2번출구,3,1076
르네상스호텔사거리 역삼지하보도 2번출구,4,1482
르네상스호텔사거리 역삼지하보도 2번출구,5,1537
르네상스호텔사거리 역삼지하보도 2번출구,6,1720
르네상스호텔사거리 역삼지하보도 2번출구,7,1561
르네상스호텔사거리 역삼지하보도 2번출구,8,1390
르네상스호텔사거리 역삼지하보도 2번출구,9,1665
르네상스호텔사거리 역삼지하보도 2번출구,10,1857
르네상스호텔사거리 역삼지하보도 2번출구,11,1501
르네상스호텔사거리 역삼지하보도 2번출구,12,777
르네상스호텔사거리 역삼지하보도 3번출구 앞 (더 오번 빌딩 명동칼국수 앞),1,856
르네상스호텔사거리 역삼지하보도 3번출구 앞 (더 오번 빌딩 명동칼국수 앞),2,885
르네상스호텔사거리 역삼지하보도 3번출구 앞 (더 오번 빌딩 명동칼국수 앞),3,1502
르네상스호텔사거리 역삼지하보도 3번출구 앞 (더 오번 빌딩 명동칼국수 앞),4,1903
르네상스호텔사거리 역삼지하보도 3번출구 앞 (더 오번 빌딩 명동칼국수 앞),5,1780
르네상스호텔사거리 역삼지하보도 3번출구 앞 (더 오번 빌딩 명동칼국수 앞),6,1702
르네상스호텔사거리 역삼지하보도 3번출구 앞 (더 오번 빌딩 명동칼국수 앞),7,1442
르네상스호텔사거리 역삼지하보도 3번출구 앞 (더 오번 빌딩 명동칼국수 앞),8,1326
르네상스호텔사거리 역삼지하보도 3번출구 앞 (더 오번 빌딩 명동칼국수 앞),9,1452
르네상스호텔사거리 역삼지하보도 3번출구 앞 (더 오번 빌딩 명동칼국수 앞),10,1662
르네상스호텔사거리 역삼지하보도 3번출구 앞 (더 오번 빌딩 명동칼국수 앞),11,1571
르네상스호텔사거리 역삼지하보도 3번출구 앞 (더 오번 빌딩 명동칼국수 앞),12,895
르노삼성자동차 성수사업소 앞,1,1495
르노삼성자동차 성수사업소 앞,2,1609
르노삼성자동차 성수사업소 앞,3,2510
르노삼성자동차 성수사업소 앞,4,3084
르노삼성자동차 성수사업소 앞,5,3258
르노삼성자동차 성수사업소 앞,6,3081
르노삼성자동차 성수사업소 앞,7,3519
르노삼성자동차 성수사업소 앞,8,3244
르노삼성자동차 성수사업소 앞,9,3455
르노삼성자동차 성수사업소 앞,10,3423
르노삼성자동차 성수사업소 앞,11,2966
르노삼성자동차 성수사업소 앞,12,2031
리버뷰신안인스빌1차 후문,1,2236
리버뷰신안인스빌1차 후문,2,2303
리버뷰신안인스빌1차 후문,3,3634
리버뷰신안인스빌1차 후문,4,4628
리버뷰신안인스빌1차 후문,5,5161
리버뷰신안인스빌1차 후문,6,5485
리버뷰신안인스빌1차 후문,7,5279
리버뷰신안인스빌1차 후문,8,5060
리버뷰신안인스빌1차 후문,9,5459
리버뷰신안인스빌1차 후문,10,5607
리버뷰신안인스빌1차 후문,11,4826
리버뷰신안인스빌1차 후문,12,3229
리버뷰신안인스빌2차 후문,1,1997
리버뷰신안인스빌2차 후문,2,2244
리버뷰신안인스빌2차 후문,3,3722
리버뷰신안인스빌2차 후문,4,5006
리버뷰신안인스빌2차 후문,5,5442
리버뷰신안인스빌2차 후문,6,5884
리버뷰신안인스빌2차 후문,7,4916
리버뷰신안인스빌2차 후문,8,4886
리버뷰신안인스빌2차 후문,9,5610
리버뷰신안인스빌2차 후문,10,5767
리버뷰신안인스빌2차 후문,11,4590
리버뷰신안인스빌2차 후문,12,3015
리센츠아파트,1,2636
리센츠아파트,2,2936
리센츠아파트,3,5139
리센츠아파트,4,6597
리센츠아파트,5,7144
리센츠아파트,6,7505
리센츠아파트,7,6637
리센츠아파트,8,6863
리센츠아파트,9,7435
리센츠아파트,10,7741
리센츠아파트,11,5837
리센츠아파트,12,3612
리싸이클시티,1,153
리싸이클시티,2,155
리싸이클시티,3,293
리싸이클시티,4,560
리싸이클시티,5,658
리싸이클시티,6,538
리싸이클시티,7,411
리싸이클시티,8,294
리싸이클시티,9,387
리싸이클시티,10,319
리싸이클시티,11,243
리싸이클시티,12,113
리엔파크 2단지 앞,1,615
리엔파크 2단지 앞,2,691
리엔파크 2단지 앞,3,1186
리엔파크 2단지 앞,4,1755
리엔파크 2단지 앞,5,2005
리엔파크 2단지 앞,6,2345
리엔파크 2단지 앞,7,2032
리엔파크 2단지 앞,8,1820
리엔파크 2단지 앞,9,2288
리엔파크 2단지 앞,10,2370
리엔파크 2단지 앞,11,1636
리엔파크 2단지 앞,12,874
마곡 MICE 복합단지,1,2513
마곡 MICE 복합단지,2,2578
마곡 MICE 복합단지,3,3652
마곡 MICE 복합단지,4,4278
마곡 MICE 복합단지,5,5293
마곡 MICE 복합단지,6,6902
마곡 MICE 복합단지,7,5143
마곡 MICE 복합단지,8,3114
마곡 MICE 복합단지,9,3828
마곡 MICE 복합단지,10,4649
마곡 MICE 복합단지,11,4248
마곡 MICE 복합단지,12,2835
마곡 공공청사,1,2945
마곡 공공청사,2,2924
마곡 공공청사,3,4434
마곡 공공청사,4,5230
마곡 공공청사,5,6247
마곡 공공청사,6,5173
마곡 공공청사,7,4442
마곡 공공청사,8,4370
마곡 공공청사,9,4394
마곡 공공청사,10,5195
마곡 공공청사,11,4565
마곡 공공청사,12,3210
마곡 문영비지웍스,1,874
마곡 문영비지웍스,2,970
마곡 문영비지웍스,3,879
마곡 문영비지웍스,4,1286
마곡 문영비지웍스,5,1730
마곡 문영비지웍스,6,2185
마곡 문영비지웍스,7,3203
마곡 문영비지웍스,8,2712
마곡 문영비지웍스,9,3827
마곡 문영비지웍스,10,3529
마곡 문영비지웍스,11,1934
마곡 문영비지웍스,12,1172
마곡 엠밸리2단지,1,2336
마곡 엠밸리2단지,2,2398
마곡 엠밸리2단지,3,4517
마곡 엠밸리2단지,4,5529
마곡 엠밸리2단지,5,6405
마곡 엠밸리2단지,6,7107
마곡 엠밸리2단지,7,6012
마곡 엠밸리2단지,8,5800
마곡 엠밸리2단지,9,7246
마곡 엠밸리2단지,10,7649
마곡 엠밸리2단지,11,6620
마곡 엠밸리2단지,12,4322
마곡 필네이처,1,4527
마곡 필네이처,2,4635
마곡 필네이처,3,7820
마곡 필네이처,4,9521
마곡 필네이처,5,11126
마곡 필네이처,6,12222
마곡 필네이처,7,11436
마곡 필네이처,8,11156
마곡 필네이처,9,12275
마곡 필네이처,10,12618
마곡 필네이처,11,10271
마곡 필네이처,12,6489
마곡119안전센터 맞은편,10,7
마곡119안전센터 맞은편,11,226
마곡119안전센터 맞은편,12,258
마곡13단지,1,6098
마곡13단지,2,6350
마곡13단지,3,9909
마곡13단지,4,11761
마곡13단지,5,12756
마곡13단지,6,13876
마곡13단지,7,12993
마곡13단지,8,12425
마곡13단지,9,13939
마곡13단지,10,14757
마곡13단지,11,12880
마곡13단지,12,8929
마곡13단지 정문 앞,1,5467
마곡13단지 정문 앞,2,5301
마곡13단지 정문 앞,3,7884
마곡13단지 정문 앞,4,10143
마곡13단지 정문 앞,5,13591
마곡13단지 정문 앞,6,15929
마곡13단지 정문 앞,7,14984
마곡13단지 정문 앞,8,15683
마곡13단지 정문 앞,9,16917
마곡13단지 정문 앞,10,17956
마곡13단지 정문 앞,11,14959
마곡13단지 정문 앞,12,9428
마곡13단지힐스테이트마스터 후문(1320동 앞),1,5087
마곡13단지힐스테이트마스터 후문(1320동 앞),2,3988
마곡13단지힐스테이트마스터 후문(1320동 앞),3,4852
마곡13단지힐스테이트마스터 후문(1320동 앞),4,5866
마곡13단지힐스테이트마스터 후문(1320동 앞),5,8483
마곡13단지힐스테이트마스터 후문(1320동 앞),6,9478
마곡13단지힐스테이트마스터 후문(1320동 앞),7,9156
마곡13단지힐스테이트마스터 후문(1320동 앞),8,9315
마곡13단지힐스테이트마스터 후문(1320동 앞),9,9661
마곡13단지힐스테이트마스터 후문(1320동 앞),10,10125
마곡13단지힐스테이트마스터 후문(1320동 앞),11,9659
마곡13단지힐스테이트마스터 후문(1320동 앞),12,7595
마곡14단지 1408동앞,1,2933
마곡14단지 1408동앞,2,3000
마곡14단지 1408동앞,3,4559
마곡14단지 1408동앞,4,5656
마곡14단지 1408동앞,5,6110
마곡14단지 1408동앞,6,6681
마곡14단지 1408동앞,7,6429
마곡14단지 1408동앞,8,6360
마곡14단지 1408동앞,9,7183
마곡14단지 1408동앞,10,7412
마곡14단지 1408동앞,11,6734
마곡14단지 1408동앞,12,4511
마곡9단지 907동앞,1,2400
마곡9단지 907동앞,2,2277
마곡9단지 907동앞,3,3212
마곡9단지 907동앞,4,3668
마곡9단지 907동앞,5,4240
마곡9단지 907동앞,6,4756
마곡9단지 907동앞,7,5008
마곡9단지 907동앞,8,4880
마곡9단지 907동앞,9,5494
마곡9단지 907동앞,10,5602
마곡9단지 907동앞,11,4739
마곡9단지 907동앞,12,3437
마곡9단지 910동 상가앞,1,2394
마곡9단지 910동 상가앞,2,2317
마곡9단지 910동 상가앞,3,3429
마곡9단지 910동 상가앞,4,4228
마곡9단지 910동 상가앞,5,4989
마곡9단지 910동 상가앞,6,5555
마곡9단지 910동 상가앞,7,5668
마곡9단지 910동 상가앞,8,5669
마곡9단지 910동 상가앞,9,6028
마곡9단지 910동 상가앞,10,6155
마곡9단지 910동 상가앞,11,5427
마곡9단지 910동 상가앞,12,3571
마곡광장(마곡나루역 5번출구),11,144
마곡광장(마곡나루역 5번출구),12,533
마곡금호어울림아파트,1,1914
마곡금호어울림아파트,2,2128
마곡금호어울림아파트,3,3475
마곡금호어울림아파트,4,4510
마곡금호어울림아파트,5,5243
마곡금호어울림아파트,6,5441
마곡금호어울림아파트,7,5147
마곡금호어울림아파트,8,5180
마곡금호어울림아파트,9,5692
마곡금호어울림아파트,10,5530
마곡금호어울림아파트,11,4363
마곡금호어울림아파트,12,2939
마곡나루역 2번 출구,1,20272
마곡나루역 2번 출구,2,21055
마곡나루역 2번 출구,3,31925
마곡나루역 2번 출구,4,39328
마곡나루역 2번 출구,5,47310
마곡나루역 2번 출구,6,50647
마곡나루역 2번 출구,7,47857
마곡나루역 2번 출구,8,45877
마곡나루역 2번 출구,9,52204
마곡나루역 2번 출구,10,57682
마곡나루역 2번 출구,11,47331
마곡나루역 2번 출구,12,30825
마곡나루역 3번 출구,1,12654
마곡나루역 3번 출구,2,13135
마곡나루역 3번 출구,3,20716
마곡나루역 3번 출구,4,25883
마곡나루역 3번 출구,5,31229
마곡나루역 3번 출구,6,32623
마곡나루역 3번 출구,7,31102
마곡나루역 3번 출구,8,31140
마곡나루역 3번 출구,9,35774
마곡나루역 3번 출구,10,35746
마곡나루역 3번 출구,11,31402
마곡나루역 3번 출구,12,19953
마곡나루역 5번출구 뒤편,1,16753
마곡나루역 5번출구 뒤편,2,16769
마곡나루역 5번출구 뒤편,3,24717
마곡나루역 5번출구 뒤편,4,29579
마곡나루역 5번출구 뒤편,5,33662
마곡나루역 5번출구 뒤편,6,34791
마곡나루역 5번출구 뒤편,7,31722
마곡나루역 5번출구 뒤편,8,28437
마곡나루역 5번출구 뒤편,9,32661
마곡나루역 5번출구 뒤편,10,35054
마곡나루역 5번출구 뒤편,11,34220
마곡나루역 5번출구 뒤편,12,23845
마곡레포츠센터,1,2697
마곡레포츠센터,2,2859
마곡레포츠센터,3,4181
마곡레포츠센터,4,5245
마곡레포츠센터,5,5876
마곡레포츠센터,6,6334
마곡레포츠센터,7,6222
마곡레포츠센터,8,6430
마곡레포츠센터,9,7424
마곡레포츠센터,10,7079
마곡레포츠센터,11,5848
마곡레포츠센터,12,3736
마곡롯데캐슬르웨스트,1,819
마곡롯데캐슬르웨스트,2,875
마곡롯데캐슬르웨스트,3,1479
마곡롯데캐슬르웨스트,4,1749
마곡롯데캐슬르웨스트,5,1798
마곡롯데캐슬르웨스트,6,1847
마곡롯데캐슬르웨스트,7,1728
마곡롯데캐슬르웨스트,8,1774
마곡롯데캐슬르웨스트,9,2472
마곡롯데캐슬르웨스트,10,3331
마곡롯데캐슬르웨스트,11,2989
마곡롯데캐슬르웨스트,12,2140
마곡메가박스 앞,1,3833
마곡메가박스 앞,2,4150
마곡메가박스 앞,3,6059
마곡메가박스 앞,4,7245
마곡메가박스 앞,5,9032
마곡메가박스 앞,6,9786
마곡메가박스 앞,7,8839
마곡메가박스 앞,8,8919
마곡메가박스 앞,9,9340
마곡메가박스 앞,10,10291
마곡메가박스 앞,11,8442
마곡메가박스 앞,12,5592
마곡문화공원,1,5345
마곡문화공원,2,5835
마곡문화공원,3,8616
마곡문화공원,4,10267
마곡문화공원,5,12764
마곡문화공원,6,13175
마곡문화공원,7,12279
마곡문화공원,8,12184
마곡문화공원,9,13012
마곡문화공원,10,14182
마곡문화공원,11,12144
마곡문화공원,12,8205
마곡센트럴타워 1차,1,5310
마곡센트럴타워 1차,2,5442
마곡센트럴타워 1차,3,8562
마곡센트럴타워 1차,4,10487
마곡센트럴타워 1차,5,12880
마곡센트럴타워 1차,6,13087
마곡센트럴타워 1차,7,12103
마곡센트럴타워 1차,8,11140
마곡센트럴타워 1차,9,12228
마곡센트럴타워 1차,10,13028
마곡센트럴타워 1차,11,10671
마곡센트럴타워 1차,12,7044
마곡수명산 1-2단지,1,3207
마곡수명산 1-2단지,2,3168
마곡수명산 1-2단지,3,4795
마곡수명산 1-2단지,4,5897
마곡수명산 1-2단지,5,6507
마곡수명산 1-2단지,6,7554
마곡수명산 1-2단지,7,7066
마곡수명산 1-2단지,8,6552
마곡수명산 1-2단지,9,7549
마곡수명산 1-2단지,10,7644
마곡수명산 1-2단지,11,6691
마곡수명산 1-2단지,12,4797
마곡수명산파크 209동 건너편,1,3685
마곡수명산파크 209동 건너편,2,3673
마곡수명산파크 209동 건너편,3,6059
마곡수명산파크 209동 건너편,4,7668
마곡수명산파크 209동 건너편,5,8854
마곡수명산파크 209동 건너편,6,9548
마곡수명산파크 209동 건너편,7,8957
마곡수명산파크 209동 건너편,8,8878
마곡수명산파크 209동 건너편,9,10154
마곡수명산파크 209동 건너편,10,10465
마곡수명산파크 209동 건너편,11,8924
마곡수명산파크 209동 건너편,12,5899
마곡수명산파크1단지,1,2984
마곡수명산파크1단지,2,3119
마곡수명산파크1단지,3,5313
마곡수명산파크1단지,4,6641
마곡수명산파크1단지,5,7653
마곡수명산파크1단지,6,8174
마곡수명산파크1단지,7,7788
마곡수명산파크1단지,8,7814
마곡수명산파크1단지,9,8616
마곡수명산파크1단지,10,8641
마곡수명산파크1단지,11,7175
마곡수명산파크1단지,12,4895
마곡수명산파크3단지 교차로,1,6025
마곡수명산파크3단지 교차로,2,6377
마곡수명산파크3단지 교차로,3,10204
마곡수명산파크3단지 교차로,4,12881
마곡수명산파크3단지 교차로,5,14478
마곡수명산파크3단지 교차로,6,15507
마곡수명산파크3단지 교차로,7,13893
마곡수명산파크3단지 교차로,8,13643
마곡수명산파크3단지 교차로,9,15120
마곡수명산파크3단지 교차로,10,16178
마곡수명산파크3단지 교차로,11,13439
마곡수명산파크3단지 교차로,12,9102
마곡수명산파크5-6단지,1,2943
마곡수명산파크5-6단지,2,3014
마곡수명산파크5-6단지,3,4591
마곡수명산파크5-6단지,4,5739
마곡수명산파크5-6단지,5,6738
마곡수명산파크5-6단지,6,7024
마곡수명산파크5-6단지,7,6361
마곡수명산파크5-6단지,8,6102
마곡수명산파크5-6단지,9,7279
마곡수명산파크5-6단지,10,7482
마곡수명산파크5-6단지,11,6706
마곡수명산파크5-6단지,12,4399
마곡수명산파크7단지 710동 앞,1,815
마곡수명산파크7단지 710동 앞,2,903
마곡수명산파크7단지 710동 앞,3,1534
마곡수명산파크7단지 710동 앞,4,1970
마곡수명산파크7단지 710동 앞,5,2256
마곡수명산파크7단지 710동 앞,6,2353
마곡수명산파크7단지 710동 앞,7,1950
마곡수명산파크7단지 710동 앞,8,1705
마곡수명산파크7단지 710동 앞,9,2121
마곡수명산파크7단지 710동 앞,10,2496
마곡수명산파크7단지 710동 앞,11,2066
마곡수명산파크7단지 710동 앞,12,1270
마곡엠밸리 15단지(1502동) 건너편,1,4548
마곡엠밸리 15단지(1502동) 건너편,2,4763
마곡엠밸리 15단지(1502동) 건너편,3,7048
마곡엠밸리 15단지(1502동) 건너편,4,8646
마곡엠밸리 15단지(1502동) 건너편,5,9950
마곡엠밸리 15단지(1502동) 건너편,6,10558
마곡엠밸리 15단지(1502동) 건너편,7,10318
마곡엠밸리 15단지(1502동) 건너편,8,10114
마곡엠밸리 15단지(1502동) 건너편,9,10892
마곡엠밸리 15단지(1502동) 건너편,10,11340
마곡엠밸리 15단지(1502동) 건너편,11,9245
마곡엠밸리 15단지(1502동) 건너편,12,6279
마곡엠밸리10단지 앞,1,3212
마곡엠밸리10단지 앞,2,3544
마곡엠밸리10단지 앞,3,5368
마곡엠밸리10단지 앞,4,5952
마곡엠밸리10단지 앞,5,5828
마곡엠밸리10단지 앞,6,5961
마곡엠밸리10단지 앞,7,5815
마곡엠밸리10단지 앞,8,5697
마곡엠밸리10단지 앞,9,6203
마곡엠밸리10단지 앞,10,6485
마곡엠밸리10단지 앞,11,6081
마곡엠밸리10단지 앞,12,4543
"마곡엠밸리14단지 버스정류장(마곡엠밸리11,12단지상가방면)",1,4314
"마곡엠밸리14단지 버스정류장(마곡엠밸리11,12단지상가방면)",2,4282
"마곡엠밸리14단지 버스정류장(마곡엠밸리11,12단지상가방면)",3,6281
"마곡엠밸리14단지 버스정류장(마곡엠밸리11,12단지상가방면)",4,8070
"마곡엠밸리14단지 버스정류장(마곡엠밸리11,12단지상가방면)",5,8834
"마곡엠밸리14단지 버스정류장(마곡엠밸리11,12단지상가방면)",6,9958
"마곡엠밸리14단지 버스정류장(마곡엠밸리11,12단지상가방면)",7,9259
"마곡엠밸리14단지 버스정류장(마곡엠밸리11,12단지상가방면)",8,9160
"마곡엠밸리14단지 버스정류장(마곡엠밸리11,12단지상가방면)",9,9943
"마곡엠밸리14단지 버스정류장(마곡엠밸리11,12단지상가방면)",10,10114
"마곡엠밸리14단지 버스정류장(마곡엠밸리11,12단지상가방면)",11,8908
"마곡엠밸리14단지 버스정류장(마곡엠밸리11,12단지상가방면)",12,6189
마곡엠밸리4단지 정문,1,7075
마곡엠밸리4단지 정문,2,7261
마곡엠밸리4단지 정문,3,11418
마곡엠밸리4단지 정문,4,14436
마곡엠밸리4단지 정문,5,16949
마곡엠밸리4단지 정문,6,18305
마곡엠밸리4단지 정문,7,17351
마곡엠밸리4단지 정문,8,16234
마곡엠밸리4단지 정문,9,17457
마곡엠밸리4단지 정문,10,18500
마곡엠밸리4단지 정문,11,15233
마곡엠밸리4단지 정문,12,9561
마곡엠밸리6_7단지 마곡중학교,1,3619
마곡엠밸리6_7단지 마곡중학교,2,3851
마곡엠밸리6_7단지 마곡중학교,3,5968
마곡엠밸리6_7단지 마곡중학교,4,8211
마곡엠밸리6_7단지 마곡중학교,5,9208
마곡엠밸리6_7단지 마곡중학교,6,10358
마곡엠밸리6_7단지 마곡중학교,7,9194
마곡엠밸리6_7단지 마곡중학교,8,9563
마곡엠밸리6_7단지 마곡중학교,9,11145
마곡엠밸리6_7단지 마곡중학교,10,11357
마곡엠밸리6_7단지 마곡중학교,11,8710
마곡엠밸리6_7단지 마곡중학교,12,5383
마곡엠벨리7단지 M타워,6,9
마곡엠벨리7단지 M타워,7,135
마곡역 7번출구,1,7536
마곡역 7번출구,2,7406
마곡역 7번출구,3,10654
마곡역 7번출구,4,12763
마곡역 7번출구,5,15698
마곡역 7번출구,6,16208
마곡역 7번출구,7,15490
마곡역 7번출구,8,15715
마곡역 7번출구,9,17256
마곡역 7번출구,10,19166
마곡역 7번출구,11,17464
마곡역 7번출구,12,12516
마곡역 교차로(2번출구),1,3696
마곡역 교차로(2번출구),2,4056
마곡역 교차로(2번출구),3,5912
마곡역 교차로(2번출구),4,7011
마곡역 교차로(2번출구),5,7689
마곡역 교차로(2번출구),6,8137
마곡역 교차로(2번출구),7,7749
마곡역 교차로(2번출구),8,7118
마곡역 교차로(2번출구),9,8619
마곡역 교차로(2번출구),10,9438
마곡역 교차로(2번출구),11,8903
마곡역 교차로(2번출구),12,5864
"마곡역 버스정류장(마곡나루역1번출구, 웰튼병원 방면)",1,5661
"마곡역 버스정류장(마곡나루역1번출구, 웰튼병원 방면)",2,5989
"마곡역 버스정류장(마곡나루역1번출구, 웰튼병원 방면)",3,9015
"마곡역 버스정류장(마곡나루역1번출구, 웰튼병원 방면)",4,11157
"마곡역 버스정류장(마곡나루역1번출구, 웰튼병원 방면)",5,13219
"마곡역 버스정류장(마곡나루역1번출구, 웰튼병원 방면)",6,13889
"마곡역 버스정류장(마곡나루역1번출구, 웰튼병원 방면)",7,12480
"마곡역 버스정류장(마곡나루역1번출구, 웰튼병원 방면)",8,12281
"마곡역 버스정류장(마곡나루역1번출구, 웰튼병원 방면)",9,13702
"마곡역 버스정류장(마곡나루역1번출구, 웰튼병원 방면)",10,14425
"마곡역 버스정류장(마곡나루역1번출구, 웰튼병원 방면)",11,12147
"마곡역 버스정류장(마곡나루역1번출구, 웰튼병원 방면)",12,7928
마곡역1번출구,1,6179
마곡역1번출구,2,6529
마곡역1번출구,3,10042
마곡역1번출구,4,11556
마곡역1번출구,5,13049
마곡역1번출구,6,13839
마곡역1번출구,7,13744
마곡역1번출구,8,13503
마곡역1번출구,9,13751
마곡역1번출구,10,14256
마곡역1번출구,11,13273
마곡역1번출구,12,9683
"마곡역4,5번출구",1,527
"마곡역4,5번출구",2,603
"마곡역4,5번출구",3,970
"마곡역4,5번출구",4,1035
"마곡역4,5번출구",5,1552
"마곡역4,5번출구",6,1436
"마곡역4,5번출구",7,1293
"마곡역4,5번출구",8,1247
"마곡역4,5번출구",9,1877
"마곡역4,5번출구",10,1509
"마곡역4,5번출구",11,1087
"마곡역4,5번출구",12,650
마곡역4번출구,1,2598
마곡역4번출구,2,2593
마곡역4번출구,3,3884
마곡역4번출구,4,4391
마곡역4번출구,5,5130
마곡역4번출구,6,5135
마곡역4번출구,7,4534
마곡역4번출구,8,4591
마곡역4번출구,9,5416
마곡역4번출구,10,6811
마곡역4번출구,11,5845
마곡역4번출구,12,3835
마곡역5번출구앞,1,2462
마곡역5번출구앞,2,2398
마곡역5번출구앞,3,3829
마곡역5번출구앞,4,4564
마곡역5번출구앞,5,5297
마곡역5번출구앞,6,5169
마곡역5번출구앞,7,4933
마곡역5번출구앞,8,4810
마곡역5번출구앞,9,5808
마곡역5번출구앞,10,6103
마곡역5번출구앞,11,5394
마곡역5번출구앞,12,3692
마곡역교차로,1,8065
마곡역교차로,2,8156
마곡역교차로,3,12573
마곡역교차로,4,15025
마곡역교차로,5,17271
마곡역교차로,6,18621
마곡역교차로,7,17977
마곡역교차로,8,17074
마곡역교차로,9,18760
마곡역교차로,10,20012
마곡역교차로,11,17303
마곡역교차로,12,11832
마곡중학교 후문,1,1916
마곡중학교 후문,2,2116
마곡중학교 후문,3,3233
마곡중학교 후문,4,4055
마곡중학교 후문,5,4521
마곡중학교 후문,6,5068
마곡중학교 후문,7,4858
마곡중학교 후문,8,4557
마곡중학교 후문,9,4971
마곡중학교 후문,10,5190
마곡중학교 후문,11,4443
마곡중학교 후문,12,3057
마곡힐스테이트 정문,1,2948
마곡힐스테이트 정문,2,2866
마곡힐스테이트 정문,3,4187
마곡힐스테이트 정문,4,4983
마곡힐스테이트 정문,5,5688
마곡힐스테이트 정문,6,6313
마곡힐스테이트 정문,7,6082
마곡힐스테이트 정문,8,6187
마곡힐스테이트 정문,9,6892
마곡힐스테이트 정문,10,6975
마곡힐스테이트 정문,11,6185
마곡힐스테이트 정문,12,4060
마들역 3번출구,1,2295
마들역 3번출구,2,2743
마들역 3번출구,3,4660
마들역 3번출구,4,6032
마들역 3번출구,5,6491
마들역 3번출구,6,7045
마들역 3번출구,7,6757
마들역 3번출구,8,6374
마들역 3번출구,9,7162
마들역 3번출구,10,7047
마들역 3번출구,11,5919
마들역 3번출구,12,3393
마들역 4번출구,1,306
마들역 4번출구,2,280
마들역 4번출구,3,509
마들역 4번출구,4,1096
마들역 4번출구,5,1653
마들역 4번출구,6,1971
마들역 4번출구,7,1462
마들역 4번출구,8,1513
마들역 4번출구,9,1718
마들역 4번출구,10,1628
마들역 4번출구,11,1349
마들역 4번출구,12,748
마들역 7번출구,1,3050
마들역 7번출구,2,3492
마들역 7번출구,3,5941
마들역 7번출구,4,7285
마들역 7번출구,5,8499
마들역 7번출구,6,8731
마들역 7번출구,7,8321
마들역 7번출구,8,8003
마들역 7번출구,9,8779
마들역 7번출구,10,8692
마들역 7번출구,11,6920
마들역 7번출구,12,4219
마스타 빌딩 앞,1,1852
마스타 빌딩 앞,2,1989
마스타 빌딩 앞,3,3351
마스타 빌딩 앞,4,4021
마스타 빌딩 앞,5,3996
마스타 빌딩 앞,6,3957
마스타 빌딩 앞,7,3607
마스타 빌딩 앞,8,3562
마스타 빌딩 앞,9,3990
마스타 빌딩 앞,10,4263
마스타 빌딩 앞,11,3402
마스타 빌딩 앞,12,2102
마스터밸류에이스 지식산업센터,1,187
마스터밸류에이스 지식산업센터,2,161
마스터밸류에이스 지식산업센터,3,399
마스터밸류에이스 지식산업센터,4,535
마스터밸류에이스 지식산업센터,5,617
마스터밸류에이스 지식산업센터,6,675
마스터밸류에이스 지식산업센터,7,564
마스터밸류에이스 지식산업센터,8,573
마스터밸류에이스 지식산업센터,9,654
마스터밸류에이스 지식산업센터,10,740
마스터밸류에이스 지식산업센터,11,882
마스터밸류에이스 지식산업센터,12,495
마장동 금호어울림APT앞,1,898
마장동 금호어울림APT앞,2,907
마장동 금호어울림APT앞,3,1932
마장동 금호어울림APT앞,4,2258
마장동 금호어울림APT앞,5,2633
마장동 금호어울림APT앞,6,2678
마장동 금호어울림APT앞,7,2540
마장동 금호어울림APT앞,8,2364
마장동 금호어울림APT앞,9,2734
마장동 금호어울림APT앞,10,2819
마장동 금호어울림APT앞,11,2480
마장동 금호어울림APT앞,12,1540
마장동 주민센터,1,1472
마장동 주민센터,2,1618
마장동 주민센터,3,2645
마장동 주민센터,4,3624
마장동 주민센터,5,4113
마장동 주민센터,6,4134
마장동 주민센터,7,3609
마장동 주민센터,8,3379
마장동 주민센터,9,3961
마장동 주민센터,10,3850
마장동 주민센터,11,2977
마장동 주민센터,12,2003
마장역 4번출구,1,1696
마장역 4번출구,2,1930
마장역 4번출구,3,3506
마장역 4번출구,4,4552
마장역 4번출구,5,5246
마장역 4번출구,6,4967
마장역 4번출구,7,4332
마장역 4번출구,8,4128
마장역 4번출구,9,4931
마장역 4번출구,10,4845
마장역 4번출구,11,3641
마장역 4번출구,12,2235
마장역3번출구,1,768
마장역3번출구,2,889
마장역3번출구,3,1731
마장역3번출구,4,2360
마장역3번출구,5,2627
마장역3번출구,6,2565
마장역3번출구,7,2173
마장역3번출구,8,2243
마장역3번출구,9,2631
마장역3번출구,10,2572
마장역3번출구,11,1992
마장역3번출구,12,1255
마장축산물시장 북문 건너편,1,249
마장축산물시장 북문 건너편,2,235
마장축산물시장 북문 건너편,3,538
마장축산물시장 북문 건너편,4,723
마장축산물시장 북문 건너편,5,958
마장축산물시장 북문 건너편,6,872
마장축산물시장 북문 건너편,7,773
마장축산물시장 북문 건너편,8,904
마장축산물시장 북문 건너편,9,1673
마장축산물시장 북문 건너편,10,1661
마장축산물시장 북문 건너편,11,1208
마장축산물시장 북문 건너편,12,726
마장축산물시장 서문 인근,1,148
마장축산물시장 서문 인근,2,123
마장축산물시장 서문 인근,3,224
마장축산물시장 서문 인근,4,303
마장축산물시장 서문 인근,5,299
마장축산물시장 서문 인근,6,270
마장축산물시장 서문 인근,7,239
마장축산물시장 서문 인근,8,303
마장축산물시장 서문 인근,9,555
마장축산물시장 서문 인근,10,529
마장축산물시장 서문 인근,11,509
마장축산물시장 서문 인근,12,329
마천금호어울림 1차 102동앞,1,290
마천금호어울림 1차 102동앞,2,330
마천금호어울림 1차 102동앞,3,567
마천금호어울림 1차 102동앞,4,883
마천금호어울림 1차 102동앞,5,1061
마천금호어울림 1차 102동앞,6,1008
마천금호어울림 1차 102동앞,7,830
마천금호어울림 1차 102동앞,8,822
마천금호어울림 1차 102동앞,9,871
마천금호어울림 1차 102동앞,10,913
마천금호어울림 1차 102동앞,11,688
마천금호어울림 1차 102동앞,12,399
마천금호어울림 1차아파트 건너편,1,562
마천금호어울림 1차아파트 건너편,2,704
마천금호어울림 1차아파트 건너편,3,1191
마천금호어울림 1차아파트 건너편,4,1581
마천금호어울림 1차아파트 건너편,5,1808
마천금호어울림 1차아파트 건너편,6,1844
마천금호어울림 1차아파트 건너편,7,1628
마천금호어울림 1차아파트 건너편,8,1332
마천금호어울림 1차아파트 건너편,9,1601
마천금호어울림 1차아파트 건너편,10,1566
마천금호어울림 1차아파트 건너편,11,1266
마천금호어울림 1차아파트 건너편,12,758
마천동 성내천 쉼터,1,1026
마천동 성내천 쉼터,2,1429
마천동 성내천 쉼터,3,2739
마천동 성내천 쉼터,4,3977
마천동 성내천 쉼터,5,4581
마천동 성내천 쉼터,6,4559
마천동 성내천 쉼터,7,3596
마천동 성내천 쉼터,8,3344
마천동 성내천 쉼터,9,4163
마천동 성내천 쉼터,10,4295
마천동 성내천 쉼터,11,2989
마천동 성내천 쉼터,12,1606
마천사거리,1,1344
마천사거리,2,1589
마천사거리,3,2650
마천사거리,4,3561
마천사거리,5,4129
마천사거리,6,3819
마천사거리,7,3061
마천사거리,8,2812
마천사거리,9,3738
마천사거리,10,3855
마천사거리,11,2970
마천사거리,12,1650
마천사거리 2,1,466
마천사거리 2,2,675
마천사거리 2,3,1168
마천사거리 2,4,1614
마천사거리 2,5,1693
마천사거리 2,6,1566
마천사거리 2,7,1237
마천사거리 2,8,1206
마천사거리 2,9,1617
마천사거리 2,10,1687
마천사거리 2,11,1260
마천사거리 2,12,767
마천사거리3,5,159
마천사거리3,6,213
마천사거리3,7,174
마천역 1번 출구 인근②,1,580
마천역 1번 출구 인근②,2,821
마천역 1번 출구 인근②,3,1414
마천역 1번 출구 인근②,4,1987
마천역 1번 출구 인근②,5,2046
마천역 1번 출구 인근②,6,2372
마천역 1번 출구 인근②,7,1906
마천역 1번 출구 인근②,8,1698
마천역 1번 출구 인근②,9,2090
마천역 1번 출구 인근②,10,1919
마천역 1번 출구 인근②,11,1686
마천역 1번 출구 인근②,12,899
마천중앙시장,1,987
마천중앙시장,2,1173
마천중앙시장,3,1982
마천중앙시장,4,2829
마천중앙시장,5,2989
마천중앙시장,6,3008
마천중앙시장,7,2610
마천중앙시장,8,2403
마천중앙시장,9,3065
마천중앙시장,10,2928
마천중앙시장,11,2200
마천중앙시장,12,1249
마천청소년센터,1,256
마천청소년센터,2,378
마천청소년센터,3,529
마천청소년센터,4,719
마천청소년센터,5,844
마천청소년센터,6,836
마천청소년센터,7,690
마천청소년센터,8,592
마천청소년센터,9,702
마천청소년센터,10,821
마천청소년센터,11,654
마천청소년센터,12,389
마포 신수공원 앞,1,1981
마포 신수공원 앞,2,2148
마포 신수공원 앞,3,3810
마포 신수공원 앞,4,5028
마포 신수공원 앞,5,4986
마포 신수공원 앞,6,4670
마포 신수공원 앞,7,4146
마포 신수공원 앞,8,4096
마포 신수공원 앞,9,5253
마포 신수공원 앞,10,4982
마포 신수공원 앞,11,3668
마포 신수공원 앞,12,2296
마포구 육아종합지원센터,1,1444
마포구 육아종합지원센터,2,1478
마포구 육아종합지원센터,3,2977
마포구 육아종합지원센터,4,3802
마포구 육아종합지원센터,5,4104
마포구 육아종합지원센터,6,4604
마포구 육아종합지원센터,7,3910
마포구 육아종합지원센터,8,3858
마포구 육아종합지원센터,9,4790
마포구 육아종합지원센터,10,4664
마포구 육아종합지원센터,11,3591
마포구 육아종합지원센터,12,2085
마포구민체육센터 앞,1,1723
마포구민체육센터 앞,2,2884
마포구민체육센터 앞,3,6231
마포구민체육센터 앞,4,8248
마포구민체육센터 앞,5,8845
마포구민체육센터 앞,6,10016
마포구민체육센터 앞,7,9722
마포구민체육센터 앞,8,7852
마포구민체육센터 앞,9,9649
마포구민체육센터 앞,10,5131
마포구민체육센터 앞,11,1967
마포구민체육센터 앞,12,1283
마포구중앙도서관 정문 앞,1,3321
마포구중앙도서관 정문 앞,2,4025
마포구중앙도서관 정문 앞,3,6855
마포구중앙도서관 정문 앞,4,8626
마포구중앙도서관 정문 앞,5,8519
마포구중앙도서관 정문 앞,6,8372
마포구중앙도서관 정문 앞,7,7864
마포구중앙도서관 정문 앞,8,7676
마포구중앙도서관 정문 앞,9,7973
마포구중앙도서관 정문 앞,10,8824
마포구중앙도서관 정문 앞,11,7224
마포구중앙도서관 정문 앞,12,4454
마포구청 앞,1,3601
마포구청 앞,2,3950
마포구청 앞,3,7025
마포구청 앞,4,9054
마포구청 앞,5,10070
마포구청 앞,6,10008
마포구청 앞,7,8397
마포구청 앞,8,7460
마포구청 앞,9,9526
마포구청 앞,10,9305
마포구청 앞,11,7208
마포구청 앞,12,4302
마포구청 청사내,1,591
마포구청 청사내,2,639
마포구청 청사내,3,984
마포구청 청사내,4,1152
마포구청 청사내,5,1189
마포구청 청사내,6,1312
마포구청 청사내,7,1371
마포구청 청사내,8,1257
마포구청 청사내,9,1301
마포구청 청사내,10,1380
마포구청 청사내,11,1271
마포구청 청사내,12,882
마포구청역,1,3977
마포구청역,2,4588
마포구청역,3,8040
마포구청역,4,10752
마포구청역,5,12294
마포구청역,6,12567
마포구청역,7,10486
마포구청역,8,10139
마포구청역,9,12429
마포구청역,10,12157
마포구청역,11,8505
마포구청역,12,4976
마포소방서 앞,1,1343
마포소방서 앞,2,1367
마포소방서 앞,3,2549
마포소방서 앞,4,3458
마포소방서 앞,5,3902
마포소방서 앞,6,3834
마포소방서 앞,7,3062
마포소방서 앞,8,3074
마포소방서 앞,9,3679
마포소방서 앞,10,3969
마포소방서 앞,11,2756
마포소방서 앞,12,1559
마포아트센터 앞,1,1562
마포아트센터 앞,2,1599
마포아트센터 앞,3,2477
마포아트센터 앞,4,2821
마포아트센터 앞,5,3226
마포아트센터 앞,6,3145
마포아트센터 앞,7,3263
마포아트센터 앞,8,3412
마포아트센터 앞,9,3793
마포아트센터 앞,10,4027
마포아트센터 앞,11,3541
마포아트센터 앞,12,2298
마포어린이공원,1,1247
마포어린이공원,2,1394
마포어린이공원,3,1955
마포어린이공원,4,2538
마포어린이공원,5,3797
마포어린이공원,6,4161
마포어린이공원,7,3784
마포어린이공원,8,3140
마포어린이공원,9,5100
마포어린이공원,10,4705
마포어린이공원,11,2901
마포어린이공원,12,1166
마포역 2번출구 뒤,1,3565
마포역 2번출구 뒤,2,4008
마포역 2번출구 뒤,3,7845
마포역 2번출구 뒤,4,11039
마포역 2번출구 뒤,5,12575
마포역 2번출구 뒤,6,12128
마포역 2번출구 뒤,7,10004
마포역 2번출구 뒤,8,9665
마포역 2번출구 뒤,9,12812
마포역 2번출구 뒤,10,12551
마포역 2번출구 뒤,11,8276
마포역 2번출구 뒤,12,4351
마포역 4번출구 뒤,1,3684
마포역 4번출구 뒤,2,4306
마포역 4번출구 뒤,3,8990
마포역 4번출구 뒤,4,13037
마포역 4번출구 뒤,5,14543
마포역 4번출구 뒤,6,13944
마포역 4번출구 뒤,7,10918
마포역 4번출구 뒤,8,10387
마포역 4번출구 뒤,9,13962
마포역 4번출구 뒤,10,13812
마포역 4번출구 뒤,11,9053
마포역 4번출구 뒤,12,4830
마포음식문화거리,1,347
마포음식문화거리,2,329
마포음식문화거리,3,774
마포음식문화거리,4,1149
마포음식문화거리,5,1031
마포음식문화거리,6,936
마포음식문화거리,7,746
마포음식문화거리,8,883
마포음식문화거리,9,1105
마포음식문화거리,10,808
마포음식문화거리,11,761
마포음식문화거리,12,683
마포중앙도서관,1,836
마포중앙도서관,2,924
마포중앙도서관,3,1411
마포중앙도서관,4,1511
마포중앙도서관,5,1393
마포중앙도서관,6,1162
마포중앙도서관,7,1145
마포중앙도서관,8,1174
마포중앙도서관,9,1269
마포중앙도서관,10,1415
마포중앙도서관,11,1308
마포중앙도서관,12,659
마포프레스티지자이 1,1,1035
마포프레스티지자이 1,2,1228
마포프레스티지자이 1,3,2105
마포프레스티지자이 1,4,2701
마포프레스티지자이 1,5,2996
마포프레스티지자이 1,6,3074
마포프레스티지자이 1,7,2974
마포프레스티지자이 1,8,2981
마포프레스티지자이 1,9,2835
마포프레스티지자이 1,10,2651
마포프레스티지자이 1,11,2208
마포프레스티지자이 1,12,1672
만해공원,1,688
만해공원,2,737
만해공원,3,1222
만해공원,4,1365
만해공원,5,1090
만해공원,6,1167
만해공원,7,1048
만해공원,8,1097
만해공원,9,1102
만해공원,10,933
만해공원,11,1086
만해공원,12,709
말미사거리,1,306
말미사거리,2,443
말미사거리,3,709
말미사거리,4,930
말미사거리,5,1177
말미사거리,6,1141
말미사거리,7,807
말미사거리,8,488
말미사거리,9,613
말미사거리,10,667
말미사거리,11,506
말미사거리,12,311
말우물 어린이 공원,1,385
말우물 어린이 공원,2,431
말우물 어린이 공원,3,638
말우물 어린이 공원,4,846
말우물 어린이 공원,5,1020
말우물 어린이 공원,6,1022
말우물 어린이 공원,7,867
말우물 어린이 공원,8,881
말우물 어린이 공원,9,983
말우물 어린이 공원,10,992
말우물 어린이 공원,11,761
말우물 어린이 공원,12,505
말죽거리공원 사거리,1,1998
말죽거리공원 사거리,2,2372
말죽거리공원 사거리,3,3911
말죽거리공원 사거리,4,5667
말죽거리공원 사거리,5,5706
말죽거리공원 사거리,6,5866
말죽거리공원 사거리,7,5159
말죽거리공원 사거리,8,5114
말죽거리공원 사거리,9,5707
말죽거리공원 사거리,10,5708
말죽거리공원 사거리,11,4356
말죽거리공원 사거리,12,2656
망우동 본죽 앞,1,1076
망우동 본죽 앞,2,1154
망우동 본죽 앞,3,1952
망우동 본죽 앞,4,2687
망우동 본죽 앞,5,3212
망우동 본죽 앞,6,3081
망우동 본죽 앞,7,2418
망우동 본죽 앞,8,2390
망우동 본죽 앞,9,2873
망우동 본죽 앞,10,3050
망우동 본죽 앞,11,2442
망우동 본죽 앞,12,1588
망우역 1번출구,1,1292
망우역 1번출구,2,1458
망우역 1번출구,3,2710
망우역 1번출구,4,3469
망우역 1번출구,5,3912
망우역 1번출구,6,3920
망우역 1번출구,7,3412
망우역 1번출구,8,3162
망우역 1번출구,9,3386
망우역 1번출구,10,3472
망우역 1번출구,11,3046
망우역 1번출구,12,1707
망우역 2번 출구,1,1909
망우역 2번 출구,2,2123
망우역 2번 출구,3,3245
망우역 2번 출구,4,4298
망우역 2번 출구,5,5231
망우역 2번 출구,6,5309
망우역 2번 출구,7,4585
망우역 2번 출구,8,4835
망우역 2번 출구,9,5610
망우역 2번 출구,10,5760
망우역 2번 출구,11,4757
망우역 2번 출구,12,3066
망우지구대,1,1916
망우지구대,2,2142
망우지구대,3,3813
망우지구대,4,5491
망우지구대,5,6264
망우지구대,6,6534
망우지구대,7,5697
망우지구대,8,5654
망우지구대,9,6517
망우지구대,10,6359
망우지구대,11,5148
망우지구대,12,3058
망우청소년수련관,1,146
망우청소년수련관,2,220
망우청소년수련관,3,385
망우청소년수련관,4,410
망우청소년수련관,5,355
망우청소년수련관,6,382
망우청소년수련관,7,374
망우청소년수련관,8,334
망우청소년수련관,9,506
망우청소년수련관,10,373
망우청소년수련관,11,294
망우청소년수련관,12,134
망원1동주민센터,1,964
망원1동주민센터,2,1064
망원1동주민센터,3,904
망원1동주민센터,4,1198
망원1동주민센터,5,1323
망원1동주민센터,6,1466
망원1동주민센터,7,1404
망원1동주민센터,8,1015
망원1동주민센터,9,1712
망원1동주민센터,10,1772
망원1동주민센터,11,1063
망원1동주민센터,12,657
망원2빗물펌프장 앞,1,1696
망원2빗물펌프장 앞,2,2402
망원2빗물펌프장 앞,3,5721
망원2빗물펌프장 앞,4,8491
망원2빗물펌프장 앞,5,7869
망원2빗물펌프장 앞,6,6826
망원2빗물펌프장 앞,7,5432
망원2빗물펌프장 앞,8,5047
망원2빗물펌프장 앞,9,7007
망원2빗물펌프장 앞,10,6617
망원2빗물펌프장 앞,11,3604
망원2빗물펌프장 앞,12,1908
망원역 1번출구 앞,1,4880
망원역 1번출구 앞,2,5253
망원역 1번출구 앞,3,10023
망원역 1번출구 앞,4,13981
망원역 1번출구 앞,5,15311
망원역 1번출구 앞,6,15657
망원역 1번출구 앞,7,13272
망원역 1번출구 앞,8,12828
망원역 1번출구 앞,9,15632
망원역 1번출구 앞,10,15310
망원역 1번출구 앞,11,11472
망원역 1번출구 앞,12,6167
망원역 2번출구 앞,1,3427
망원역 2번출구 앞,2,4026
망원역 2번출구 앞,3,8099
망원역 2번출구 앞,4,11777
망원역 2번출구 앞,5,13639
망원역 2번출구 앞,6,13603
망원역 2번출구 앞,7,10591
망원역 2번출구 앞,8,10299
망원역 2번출구 앞,9,13303
망원역 2번출구 앞,10,12766
망원역 2번출구 앞,11,8263
망원역 2번출구 앞,12,4245
망원우체국사거리 인근,1,3876
망원우체국사거리 인근,2,4556
망원우체국사거리 인근,3,7756
망원우체국사거리 인근,4,10225
망원우체국사거리 인근,5,11555
망원우체국사거리 인근,6,11811
망원우체국사거리 인근,7,9896
망원우체국사거리 인근,8,9563
망원우체국사거리 인근,9,11672
망원우체국사거리 인근,10,11713
망원우체국사거리 인근,11,8534
망원우체국사거리 인근,12,5098
망원정 앞,1,712
망원정 앞,2,777
망원정 앞,3,1547
망원정 앞,4,2350
망원정 앞,5,2595
망원정 앞,6,2473
망원정 앞,7,2096
망원정 앞,8,2324
망원정 앞,9,2805
망원정 앞,10,2776
망원정 앞,11,2000
망원정 앞,12,991
망원초록길 입구,1,1061
망원초록길 입구,2,1474
망원초록길 입구,3,4051
망원초록길 입구,4,5712
망원초록길 입구,5,6114
망원초록길 입구,6,5477
망원초록길 입구,7,3960
망원초록길 입구,8,3694
망원초록길 입구,9,5713
망원초록길 입구,10,5299
망원초록길 입구,11,2876
망원초록길 입구,12,1255
매봉역 1번출구,1,683
매봉역 1번출구,2,740
매봉역 1번출구,3,1203
매봉역 1번출구,4,1575
매봉역 1번출구,5,1754
매봉역 1번출구,6,1875
매봉역 1번출구,7,1479
매봉역 1번출구,8,1646
매봉역 1번출구,9,1748
매봉역 1번출구,10,1826
매봉역 1번출구,11,1360
매봉역 1번출구,12,996
매헌역 2번출구앞광역버스 정류장앞(22-297),1,1296
매헌역 2번출구앞광역버스 정류장앞(22-297),2,1500
매헌역 2번출구앞광역버스 정류장앞(22-297),3,2683
매헌역 2번출구앞광역버스 정류장앞(22-297),4,4122
매헌역 2번출구앞광역버스 정류장앞(22-297),5,4172
매헌역 2번출구앞광역버스 정류장앞(22-297),6,4176
매헌역 2번출구앞광역버스 정류장앞(22-297),7,3783
매헌역 2번출구앞광역버스 정류장앞(22-297),8,3630
매헌역 2번출구앞광역버스 정류장앞(22-297),9,3945
매헌역 2번출구앞광역버스 정류장앞(22-297),10,3859
매헌역 2번출구앞광역버스 정류장앞(22-297),11,3049
매헌역 2번출구앞광역버스 정류장앞(22-297),12,1901
맥도날드 서울둔촌DT점 앞,1,3011
맥도날드 서울둔촌DT점 앞,2,3205
맥도날드 서울둔촌DT점 앞,3,5585
맥도날드 서울둔촌DT점 앞,4,7353
맥도날드 서울둔촌DT점 앞,5,7747
맥도날드 서울둔촌DT점 앞,6,7119
맥도날드 서울둔촌DT점 앞,7,9152
맥도날드 서울둔촌DT점 앞,8,9123
맥도날드 서울둔촌DT점 앞,9,9970
맥도날드 서울둔촌DT점 앞,10,9717
맥도날드 서울둔촌DT점 앞,11,7682
맥도날드 서울둔촌DT점 앞,12,4490
맥스타일 앞,1,2404
맥스타일 앞,2,2681
맥스타일 앞,3,4204
맥스타일 앞,4,5115
맥스타일 앞,5,5463
맥스타일 앞,6,4539
맥스타일 앞,7,3800
맥스타일 앞,8,3627
맥스타일 앞,9,4952
맥스타일 앞,10,5325
맥스타일 앞,11,4384
맥스타일 앞,12,2859
먹골역 1번출구 뒤,1,2094
먹골역 1번출구 뒤,2,2138
먹골역 1번출구 뒤,3,3877
먹골역 1번출구 뒤,4,5191
먹골역 1번출구 뒤,5,5791
먹골역 1번출구 뒤,6,6287
먹골역 1번출구 뒤,7,5455
먹골역 1번출구 뒤,8,5270
먹골역 1번출구 뒤,9,5911
먹골역 1번출구 뒤,10,5832
먹골역 1번출구 뒤,11,4298
먹골역 1번출구 뒤,12,2788
먹골역 4번출구,1,1342
먹골역 4번출구,2,1535
먹골역 4번출구,3,2387
먹골역 4번출구,4,3076
먹골역 4번출구,5,3704
먹골역 4번출구,6,3813
먹골역 4번출구,7,3733
먹골역 4번출구,8,3578
먹골역 4번출구,9,4281
먹골역 4번출구,10,4058
먹골역 4번출구,11,3204
먹골역 4번출구,12,2004
먹골역 6번출구 앞,1,1650
먹골역 6번출구 앞,2,1887
먹골역 6번출구 앞,3,3264
먹골역 6번출구 앞,4,4226
먹골역 6번출구 앞,5,4929
먹골역 6번출구 앞,6,4855
먹골역 6번출구 앞,7,4448
먹골역 6번출구 앞,8,4220
먹골역 6번출구 앞,9,5173
먹골역 6번출구 앞,10,5173
먹골역 6번출구 앞,11,3707
먹골역 6번출구 앞,12,2147
먹골역 7번 출구,1,1013
먹골역 7번 출구,2,1195
먹골역 7번 출구,3,2161
먹골역 7번 출구,4,2820
먹골역 7번 출구,5,3376
먹골역 7번 출구,6,3595
먹골역 7번 출구,7,3319
먹골역 7번 출구,8,3314
먹골역 7번 출구,9,3808
먹골역 7번 출구,10,3912
먹골역 7번 출구,11,2897
먹골역 7번 출구,12,1697
메뚜기다리,1,305
메뚜기다리,2,301
메뚜기다리,3,518
메뚜기다리,4,614
메뚜기다리,5,544
메뚜기다리,6,554
메뚜기다리,7,466
메뚜기다리,8,420
메뚜기다리,9,458
메뚜기다리,10,507
메뚜기다리,11,442
메뚜기다리,12,250
메이필드호텔앞,1,824
메이필드호텔앞,2,917
메이필드호텔앞,3,1551
메이필드호텔앞,4,2297
메이필드호텔앞,5,2781
메이필드호텔앞,6,2916
메이필드호텔앞,7,2459
메이필드호텔앞,8,2104
메이필드호텔앞,9,2923
메이필드호텔앞,10,3361
메이필드호텔앞,11,2801
메이필드호텔앞,12,1644
멤피스아파트 앞,1,1742
멤피스아파트 앞,2,1864
멤피스아파트 앞,3,3282
멤피스아파트 앞,4,4483
멤피스아파트 앞,5,4913
멤피스아파트 앞,6,5194
멤피스아파트 앞,7,4993
멤피스아파트 앞,8,4794
멤피스아파트 앞,9,5798
멤피스아파트 앞,10,5777
멤피스아파트 앞,11,4625
멤피스아파트 앞,12,2954
면목 대원칸타빌아파트,1,520
면목 대원칸타빌아파트,2,546
면목 대원칸타빌아파트,3,878
면목 대원칸타빌아파트,4,1130
면목 대원칸타빌아파트,5,1274
면목 대원칸타빌아파트,6,1335
면목 대원칸타빌아파트,7,1116
면목 대원칸타빌아파트,8,1051
면목 대원칸타빌아파트,9,1261
면목 대원칸타빌아파트,10,1377
면목 대원칸타빌아파트,11,951
면목 대원칸타빌아파트,12,575
면목 홈플러스 2,1,595
면목 홈플러스 2,2,778
면목 홈플러스 2,3,1545
면목 홈플러스 2,4,2183
면목 홈플러스 2,5,2553
면목 홈플러스 2,6,2371
면목 홈플러스 2,7,2168
면목 홈플러스 2,8,2062
면목 홈플러스 2,9,2428
면목 홈플러스 2,10,2516
면목 홈플러스 2,11,1807
면목 홈플러스 2,12,1106
면목2동 사거리,1,2324
면목2동 사거리,2,2504
면목2동 사거리,3,4201
면목2동 사거리,4,5371
면목2동 사거리,5,6423
면목2동 사거리,6,6103
면목2동 사거리,7,5273
면목2동 사거리,8,4153
면목2동 사거리,9,5143
면목2동 사거리,10,6203
면목2동 사거리,11,5004
면목2동 사거리,12,3124
면목4치안센터,1,1711
면목4치안센터,2,2052
면목4치안센터,3,3309
면목4치안센터,4,4435
면목4치안센터,5,5503
면목4치안센터,6,5296
면목4치안센터,7,4489
면목4치안센터,8,4280
면목4치안센터,9,5266
면목4치안센터,10,5437
면목4치안센터,11,4038
면목4치안센터,12,2249
면목도시개발아파트 1동 앞,1,731
면목도시개발아파트 1동 앞,2,848
면목도시개발아파트 1동 앞,3,1457
면목도시개발아파트 1동 앞,4,1741
면목도시개발아파트 1동 앞,5,1950
면목도시개발아파트 1동 앞,6,2033
면목도시개발아파트 1동 앞,7,1762
면목도시개발아파트 1동 앞,8,1818
면목도시개발아파트 1동 앞,9,2145
면목도시개발아파트 1동 앞,10,2182
면목도시개발아파트 1동 앞,11,1704
면목도시개발아파트 1동 앞,12,880
면목동 새싹어린이공원 앞,1,1795
면목동 새싹어린이공원 앞,2,1813
면목동 새싹어린이공원 앞,3,3072
면목동 새싹어린이공원 앞,4,4121
면목동 새싹어린이공원 앞,5,4846
면목동 새싹어린이공원 앞,6,4846
면목동 새싹어린이공원 앞,7,4436
면목동 새싹어린이공원 앞,8,4594
면목동 새싹어린이공원 앞,9,5206
면목동 새싹어린이공원 앞,10,5388
면목동 새싹어린이공원 앞,11,4296
면목동 새싹어린이공원 앞,12,2708
면목라온프라이빗 아파트,1,402
면목라온프라이빗 아파트,2,439
면목라온프라이빗 아파트,3,841
면목라온프라이빗 아파트,4,1251
면목라온프라이빗 아파트,5,2100
면목라온프라이빗 아파트,6,2016
면목라온프라이빗 아파트,7,1508
면목라온프라이빗 아파트,8,1533
면목라온프라이빗 아파트,9,1907
면목라온프라이빗 아파트,10,2059
면목라온프라이빗 아파트,11,1523
면목라온프라이빗 아파트,12,894
면목삼익아파트 앞,1,469
면목삼익아파트 앞,2,576
면목삼익아파트 앞,3,955
면목삼익아파트 앞,4,1334
면목삼익아파트 앞,5,1556
면목삼익아파트 앞,6,1451
면목삼익아파트 앞,7,1147
면목삼익아파트 앞,8,1059
면목삼익아파트 앞,9,1313
면목삼익아파트 앞,10,1147
면목삼익아파트 앞,11,939
면목삼익아파트 앞,12,523
면목역 3번출구,1,3490
면목역 3번출구,2,3890
면목역 3번출구,3,6838
면목역 3번출구,4,9571
면목역 3번출구,5,11032
면목역 3번출구,6,10861
면목역 3번출구,7,9411
면목역 3번출구,8,8784
면목역 3번출구,9,10863
면목역 3번출구,10,11105
면목역 3번출구,11,8697
면목역 3번출구,12,5055
면목초등학교,1,336
면목초등학교,2,390
면목초등학교,3,507
면목초등학교,4,506
면목초등학교,5,565
면목초등학교,6,685
면목초등학교,7,657
면목초등학교,8,518
면목초등학교,9,608
면목초등학교,10,684
면목초등학교,11,553
면목초등학교,12,312
명덕고교,1,1938
명덕고교,2,1743
명덕고교,3,3477
명덕고교,4,4191
명덕고교,5,4786
명덕고교,6,5413
명덕고교,7,4786
명덕고교,8,4563
명덕고교,9,5801
명덕고교,10,5935
명덕고교,11,5314
명덕고교,12,3608
명덕고교입구(영종빌딩),1,5317
명덕고교입구(영종빌딩),2,5702
명덕고교입구(영종빌딩),3,9449
명덕고교입구(영종빌딩),4,12007
명덕고교입구(영종빌딩),5,13997
명덕고교입구(영종빌딩),6,13520
명덕고교입구(영종빌딩),7,13692
명덕고교입구(영종빌딩),8,13283
명덕고교입구(영종빌딩),9,15574
명덕고교입구(영종빌딩),10,16421
명덕고교입구(영종빌딩),11,9890
명덕고교입구(영종빌딩),12,5754
명동성당 앞,1,1163
명동성당 앞,2,1339
명동성당 앞,3,1976
명동성당 앞,4,2295
명동성당 앞,5,2510
명동성당 앞,6,2543
명동성당 앞,7,2350
명동성당 앞,8,2246
명동성당 앞,9,2468
명동성당 앞,10,2538
명동성당 앞,11,2574
명동성당 앞,12,1508
명동역9번 출구,1,1770
명동역9번 출구,2,2053
명동역9번 출구,3,3156
명동역9번 출구,4,3661
명동역9번 출구,5,4144
명동역9번 출구,6,4158
명동역9번 출구,7,3685
명동역9번 출구,8,3654
명동역9번 출구,9,4208
명동역9번 출구,10,4047
명동역9번 출구,11,3809
명동역9번 출구,12,2225
명물길 원형무대 앞,1,1106
명물길 원형무대 앞,2,1269
명물길 원형무대 앞,3,2312
명물길 원형무대 앞,4,2711
명물길 원형무대 앞,5,2920
명물길 원형무대 앞,6,3102
명물길 원형무대 앞,7,2581
명물길 원형무대 앞,8,2542
명물길 원형무대 앞,9,3069
명물길 원형무대 앞,10,3095
명물길 원형무대 앞,11,2450
명물길 원형무대 앞,12,1392
명보사거리,1,869
명보사거리,2,1061
명보사거리,3,1834
명보사거리,4,2120
명보사거리,5,2232
명보사거리,6,2247
명보사거리,7,2275
명보사거리,8,2108
명보사거리,9,2350
명보사거리,10,2566
명보사거리,11,2142
명보사거리,12,1308
명일근린공원공동체텃밭,1,237
명일근린공원공동체텃밭,2,293
명일근린공원공동체텃밭,3,473
명일근린공원공동체텃밭,4,672
명일근린공원공동체텃밭,5,733
명일근린공원공동체텃밭,6,865
명일근린공원공동체텃밭,7,733
명일근린공원공동체텃밭,8,643
명일근린공원공동체텃밭,9,854
명일근린공원공동체텃밭,10,712
명일근린공원공동체텃밭,11,475
명일근린공원공동체텃밭,12,272
명일동신동아아파트 앞,1,363
명일동신동아아파트 앞,2,451
명일동신동아아파트 앞,3,876
명일동신동아아파트 앞,4,989
명일동신동아아파트 앞,5,1450
명일동신동아아파트 앞,6,1481
명일동신동아아파트 앞,7,1197
명일동신동아아파트 앞,8,1118
명일동신동아아파트 앞,9,1468
명일동신동아아파트 앞,10,1564
명일동신동아아파트 앞,11,1197
명일동신동아아파트 앞,12,569
명일역 3번출구 옆,1,1263
명일역 3번출구 옆,2,1591
명일역 3번출구 옆,3,2816
명일역 3번출구 옆,4,3659
명일역 3번출구 옆,5,4372
명일역 3번출구 옆,6,4579
명일역 3번출구 옆,7,4368
명일역 3번출구 옆,8,4226
명일역 3번출구 옆,9,4635
명일역 3번출구 옆,10,4904
명일역 3번출구 옆,11,3646
명일역 3번출구 옆,12,1920
명일초등학교 옆,1,261
명일초등학교 옆,2,398
명일초등학교 옆,3,627
명일초등학교 옆,4,1062
명일초등학교 옆,5,981
명일초등학교 옆,6,1192
명일초등학교 옆,7,966
명일초등학교 옆,8,989
명일초등학교 옆,9,1175
명일초등학교 옆,10,1166
명일초등학교 옆,11,827
명일초등학교 옆,12,361
명일파출소,1,894
명일파출소,2,1122
명일파출소,3,1955
명일파출소,4,3129
명일파출소,5,3355
명일파출소,6,3657
명일파출소,7,3001
명일파출소,8,2824
명일파출소,9,3582
명일파출소,10,3811
명일파출소,11,2961
명일파출소,12,1556
명지대사거리,11,390
명지대사거리,12,291
명지대학교 도서관,1,2702
명지대학교 도서관,2,2943
명지대학교 도서관,3,6727
명지대학교 도서관,4,8490
명지대학교 도서관,5,9726
명지대학교 도서관,6,8899
명지대학교 도서관,7,7313
명지대학교 도서관,8,6964
명지대학교 도서관,9,9349
명지대학교 도서관,10,9033
명지대학교 도서관,11,6627
명지대학교 도서관,12,3573
명지전문대학교 정문 앞,1,673
명지전문대학교 정문 앞,2,718
명지전문대학교 정문 앞,3,1711
명지전문대학교 정문 앞,4,2390
명지전문대학교 정문 앞,5,2510
명지전문대학교 정문 앞,6,2256
명지전문대학교 정문 앞,7,1699
명지전문대학교 정문 앞,8,1534
명지전문대학교 정문 앞,9,2378
명지전문대학교 정문 앞,10,2403
명지전문대학교 정문 앞,11,1910
명지전문대학교 정문 앞,12,908
모두의학교,1,1301
모두의학교,2,1286
모두의학교,3,2135
모두의학교,4,2745
모두의학교,5,3114
모두의학교,6,3363
모두의학교,7,2965
모두의학교,8,2955
모두의학교,9,3186
모두의학교,10,3333
모두의학교,11,2521
모두의학교,12,1543
모래내고가차도,1,1514
모래내고가차도,2,1630
모래내고가차도,3,2708
모래내고가차도,4,3116
모래내고가차도,5,3516
모래내고가차도,6,3421
모래내고가차도,7,2914
모래내고가차도,8,2849
모래내고가차도,9,3611
모래내고가차도,10,3658
모래내고가차도,11,2801
모래내고가차도,12,1785
목4동주민센터 옆,1,3716
목4동주민센터 옆,2,3882
목4동주민센터 옆,3,5934
목4동주민센터 옆,4,7412
목4동주민센터 옆,5,8064
목4동주민센터 옆,6,9203
목4동주민센터 옆,7,7129
목4동주민센터 옆,8,7955
목4동주민센터 옆,9,9140
목4동주민센터 옆,10,9737
목4동주민센터 옆,11,7733
목4동주민센터 옆,12,5137
목동11단지 아파트,1,1876
목동11단지 아파트,2,2007
목동11단지 아파트,3,3298
목동11단지 아파트,4,4374
목동11단지 아파트,5,5212
목동11단지 아파트,6,5783
목동11단지 아파트,7,5405
목동11단지 아파트,8,5704
목동11단지 아파트,9,6266
목동11단지 아파트,10,6088
목동11단지 아파트,11,4651
목동11단지 아파트,12,2417
목동12단지 아파트,1,3087
목동12단지 아파트,2,3276
목동12단지 아파트,3,5389
목동12단지 아파트,4,6865
목동12단지 아파트,5,8202
목동12단지 아파트,6,9213
목동12단지 아파트,7,7881
목동12단지 아파트,8,8089
목동12단지 아파트,9,8667
목동12단지 아파트,10,8721
목동12단지 아파트,11,7392
목동12단지 아파트,12,4467
목동13_14단지 사거리,1,1496
목동13_14단지 사거리,2,1632
목동13_14단지 사거리,3,2718
목동13_14단지 사거리,4,3327
목동13_14단지 사거리,5,3866
목동13_14단지 사거리,6,4350
목동13_14단지 사거리,7,3778
목동13_14단지 사거리,8,3842
목동13_14단지 사거리,9,4333
목동13_14단지 사거리,10,4618
목동13_14단지 사거리,11,3559
목동13_14단지 사거리,12,2388
목동1단지아파트 118동 앞,1,3549
목동1단지아파트 118동 앞,2,3558
목동1단지아파트 118동 앞,3,5623
목동1단지아파트 118동 앞,4,6868
목동1단지아파트 118동 앞,5,7767
목동1단지아파트 118동 앞,6,8184
목동1단지아파트 118동 앞,7,8054
목동1단지아파트 118동 앞,8,8325
목동1단지아파트 118동 앞,9,8782
목동1단지아파트 118동 앞,10,8720
목동1단지아파트 118동 앞,11,6913
목동1단지아파트 118동 앞,12,4819
목동1단지아파트 상가 앞,1,5093
목동1단지아파트 상가 앞,2,5097
목동1단지아파트 상가 앞,3,8038
목동1단지아파트 상가 앞,4,10607
목동1단지아파트 상가 앞,5,12006
목동1단지아파트 상가 앞,6,12823
목동1단지아파트 상가 앞,7,11390
목동1단지아파트 상가 앞,8,11300
목동1단지아파트 상가 앞,9,12737
목동1단지아파트 상가 앞,10,13158
목동1단지아파트 상가 앞,11,10613
목동1단지아파트 상가 앞,12,6659
목동2단지 상가,1,6803
목동2단지 상가,2,6758
목동2단지 상가,3,10335
목동2단지 상가,4,13753
목동2단지 상가,5,15823
목동2단지 상가,6,18017
목동2단지 상가,7,15359
목동2단지 상가,8,16194
목동2단지 상가,9,17695
목동2단지 상가,10,18374
목동2단지 상가,11,15356
목동2단지 상가,12,8613
목동3단지 상가,1,3916
목동3단지 상가,2,4007
목동3단지 상가,3,6424
목동3단지 상가,4,8228
목동3단지 상가,5,9286
목동3단지 상가,6,9996
목동3단지 상가,7,9192
목동3단지 상가,8,9118
목동3단지 상가,9,9881
목동3단지 상가,10,10413
목동3단지 상가,11,8423
목동3단지 상가,12,5211
목동3단지 시내버스정류장,1,5742
목동3단지 시내버스정류장,2,6174
목동3단지 시내버스정류장,3,10187
목동3단지 시내버스정류장,4,12932
목동3단지 시내버스정류장,5,14774
목동3단지 시내버스정류장,6,16584
목동3단지 시내버스정류장,7,15951
목동3단지 시내버스정류장,8,14591
목동3단지 시내버스정류장,9,16301
목동3단지 시내버스정류장,10,16132
목동3단지 시내버스정류장,11,14072
목동3단지 시내버스정류장,12,8640
목동4단지아파트,11,701
목동4단지아파트,12,629
목동5단지아파트 501동,1,3635
목동5단지아파트 501동,2,3772
목동5단지아파트 501동,3,5587
목동5단지아파트 501동,4,6890
목동5단지아파트 501동,5,7843
목동5단지아파트 501동,6,8888
목동5단지아파트 501동,7,8266
목동5단지아파트 501동,8,8650
목동5단지아파트 501동,9,9318
목동5단지아파트 501동,10,9868
목동5단지아파트 501동,11,8364
목동5단지아파트 501동,12,4962
목동5단지아파트 534동,1,4367
목동5단지아파트 534동,2,4414
목동5단지아파트 534동,3,6881
목동5단지아파트 534동,4,8643
목동5단지아파트 534동,5,9607
목동5단지아파트 534동,6,10860
목동5단지아파트 534동,7,10410
목동5단지아파트 534동,8,10926
목동5단지아파트 534동,9,12219
목동5단지아파트 534동,10,12530
목동5단지아파트 534동,11,10014
목동5단지아파트 534동,12,6256
목동7단지아파트 A상가,1,965
목동7단지아파트 A상가,2,1003
목동7단지아파트 A상가,3,1665
목동7단지아파트 A상가,4,2021
목동7단지아파트 A상가,5,2687
목동7단지아파트 A상가,6,3324
목동7단지아파트 A상가,7,3036
목동7단지아파트 A상가,8,2975
목동7단지아파트 A상가,9,2878
목동7단지아파트 A상가,10,2898
목동7단지아파트 A상가,11,2457
목동7단지아파트 A상가,12,1495
목동사거리 버스정류장,1,3821
목동사거리 버스정류장,2,3900
목동사거리 버스정류장,3,6072
목동사거리 버스정류장,4,7658
목동사거리 버스정류장,5,8714
목동사거리 버스정류장,6,9103
목동사거리 버스정류장,7,8111
목동사거리 버스정류장,8,7597
목동사거리 버스정류장,9,9660
목동사거리 버스정류장,10,10026
목동사거리 버스정류장,11,8209
목동사거리 버스정류장,12,5228
목동사거리 부근,1,3269
목동사거리 부근,2,3439
목동사거리 부근,3,5279
목동사거리 부근,4,6733
목동사거리 부근,5,7769
목동사거리 부근,6,8253
목동사거리 부근,7,7599
목동사거리 부근,8,7320
목동사거리 부근,9,8172
목동사거리 부근,10,8328
목동사거리 부근,11,6655
목동사거리 부근,12,4249
목동성당 앞,1,3700
목동성당 앞,2,3904
목동성당 앞,3,6019
목동성당 앞,4,7740
목동성당 앞,5,9312
목동성당 앞,6,10788
목동성당 앞,7,9847
목동성당 앞,8,10471
목동성당 앞,9,11398
목동성당 앞,10,11420
목동성당 앞,11,8986
목동성당 앞,12,5778
목동신시가지아파트6단지,1,2550
목동신시가지아파트6단지,2,2751
목동신시가지아파트6단지,3,5085
목동신시가지아파트6단지,4,6684
목동신시가지아파트6단지,5,8571
목동신시가지아파트6단지,6,9112
목동신시가지아파트6단지,7,7886
목동신시가지아파트6단지,8,7918
목동신시가지아파트6단지,9,8736
목동신시가지아파트6단지,10,9157
목동신시가지아파트6단지,11,7594
목동신시가지아파트6단지,12,4442
목동아파트 1422동 1434동 사잇길,1,5704
목동아파트 1422동 1434동 사잇길,2,5976
목동아파트 1422동 1434동 사잇길,3,9397
목동아파트 1422동 1434동 사잇길,4,11811
목동아파트 1422동 1434동 사잇길,5,13469
목동아파트 1422동 1434동 사잇길,6,14834
목동아파트 1422동 1434동 사잇길,7,14796
목동아파트 1422동 1434동 사잇길,8,14357
목동아파트 1422동 1434동 사잇길,9,16028
목동아파트 1422동 1434동 사잇길,10,16295
목동아파트 1422동 1434동 사잇길,11,13687
목동아파트 1422동 1434동 사잇길,12,9105
목동아파트 14단지 B상가 앞,1,3340
목동아파트 14단지 B상가 앞,2,3381
목동아파트 14단지 B상가 앞,3,5883
목동아파트 14단지 B상가 앞,4,7790
목동아파트 14단지 B상가 앞,5,8394
목동아파트 14단지 B상가 앞,6,8836
목동아파트 14단지 B상가 앞,7,8270
목동아파트 14단지 B상가 앞,8,8129
목동아파트 14단지 B상가 앞,9,9656
목동아파트 14단지 B상가 앞,10,10261
목동아파트 14단지 B상가 앞,11,8389
목동아파트 14단지 B상가 앞,12,5439
목동아파트 613동 앞,1,4839
목동아파트 613동 앞,2,4859
목동아파트 613동 앞,3,7557
목동아파트 613동 앞,4,9116
목동아파트 613동 앞,5,9611
목동아파트 613동 앞,6,10915
목동아파트 613동 앞,7,11136
목동아파트 613동 앞,8,11909
목동아파트 613동 앞,9,12023
목동아파트 613동 앞,10,13094
목동아파트 613동 앞,11,10951
목동아파트 613동 앞,12,7015
목동아파트 703동 앞,1,3917
목동아파트 703동 앞,2,4169
목동아파트 703동 앞,3,6455
목동아파트 703동 앞,4,7834
목동아파트 703동 앞,5,9138
목동아파트 703동 앞,6,10484
목동아파트 703동 앞,7,10595
목동아파트 703동 앞,8,10488
목동아파트 703동 앞,9,11492
목동아파트 703동 앞,10,11974
목동아파트 703동 앞,11,9296
목동아파트 703동 앞,12,5690
목동아파트 8단지 상가동 앞,1,4319
목동아파트 8단지 상가동 앞,2,4184
목동아파트 8단지 상가동 앞,3,6862
목동아파트 8단지 상가동 앞,4,8107
목동아파트 8단지 상가동 앞,5,8702
목동아파트 8단지 상가동 앞,6,9920
목동아파트 8단지 상가동 앞,7,9689
목동아파트 8단지 상가동 앞,8,9861
목동아파트 8단지 상가동 앞,9,10560
목동아파트 8단지 상가동 앞,10,11014
목동아파트 8단지 상가동 앞,11,8838
목동아파트 8단지 상가동 앞,12,5871
목동아파트2단지 222동 앞,1,1539
목동아파트2단지 222동 앞,2,1614
목동아파트2단지 222동 앞,3,2808
목동아파트2단지 222동 앞,4,3408
목동아파트2단지 222동 앞,5,4371
목동아파트2단지 222동 앞,6,4844
목동아파트2단지 222동 앞,7,4415
목동아파트2단지 222동 앞,8,4355
목동아파트2단지 222동 앞,9,4839
목동아파트2단지 222동 앞,10,4707
목동아파트2단지 222동 앞,11,3842
목동아파트2단지 222동 앞,12,2489
목동역 2번 출구,1,1168
목동역 2번 출구,2,1202
목동역 2번 출구,3,1796
목동역 2번 출구,4,2231
목동역 2번 출구,5,2533
목동역 2번 출구,6,4361
목동역 2번 출구,7,4361
목동역 2번 출구,8,5130
목동역 2번 출구,9,5394
목동역 2번 출구,10,5498
목동역 2번 출구,11,4841
목동역 2번 출구,12,3051
목동역 3번 출구,1,4933
목동역 3번 출구,2,5513
목동역 3번 출구,3,8249
목동역 3번 출구,4,9940
목동역 3번 출구,5,11080
목동역 3번 출구,6,10985
목동역 3번 출구,7,9638
목동역 3번 출구,8,11290
목동역 3번 출구,9,12814
목동역 3번 출구,10,14232
목동역 3번 출구,11,11361
목동역 3번 출구,12,7287
목동역5번출구,1,8287
목동역5번출구,2,7788
목동역5번출구,3,13549
목동역5번출구,4,16954
목동역5번출구,5,20010
목동역5번출구,6,20839
목동역5번출구,7,19912
목동역5번출구,8,18101
목동역5번출구,9,21502
목동역5번출구,10,22865
목동역5번출구,11,18959
목동역5번출구,12,12254
목동운동장,1,1211
목동운동장,2,1535
목동운동장,3,2209
목동운동장,4,2379
목동운동장,5,2563
목동운동장,6,2612
목동운동장,7,2804
목동운동장,8,2667
목동운동장,9,2723
목동운동장,10,2872
목동운동장,11,2408
목동운동장,12,1715
목동운동장 주경기장,1,385
목동운동장 주경기장,2,346
목동운동장 주경기장,3,583
목동운동장 주경기장,4,889
목동운동장 주경기장,5,941
목동운동장 주경기장,6,974
목동운동장 주경기장,7,911
목동운동장 주경기장,8,1270
목동운동장 주경기장,9,1311
목동운동장 주경기장,10,1193
목동운동장 주경기장,11,1041
목동운동장 주경기장,12,799
목동주차장,1,2225
목동주차장,2,2528
목동주차장,3,4439
목동주차장,4,5928
목동주차장,5,6652
목동주차장,6,6800
목동주차장,7,5905
목동주차장,8,5637
목동주차장,9,6637
목동주차장,10,6853
목동주차장,11,5141
목동주차장,12,3298
목동청소년수련관,1,2921
목동청소년수련관,2,3385
목동청소년수련관,3,3536
목동청소년수련관,4,3763
목동청소년수련관,5,4587
목동청소년수련관,6,4771
목동청소년수련관,7,5342
목동청소년수련관,8,4590
목동청소년수련관,9,5290
목동청소년수련관,10,5446
목동청소년수련관,11,4801
목동청소년수련관,12,2931
목동트라팰리스 웨스턴에비뉴,1,8309
목동트라팰리스 웨스턴에비뉴,2,8755
목동트라팰리스 웨스턴에비뉴,3,13328
목동트라팰리스 웨스턴에비뉴,4,15860
목동트라팰리스 웨스턴에비뉴,5,18715
목동트라팰리스 웨스턴에비뉴,6,20614
목동트라팰리스 웨스턴에비뉴,7,19466
목동트라팰리스 웨스턴에비뉴,8,19388
목동트라팰리스 웨스턴에비뉴,9,22019
목동트라팰리스 웨스턴에비뉴,10,23135
목동트라팰리스 웨스턴에비뉴,11,18775
목동트라팰리스 웨스턴에비뉴,12,11876
목동현대아파트 후문 앞,1,2084
목동현대아파트 후문 앞,2,2106
목동현대아파트 후문 앞,3,3360
목동현대아파트 후문 앞,4,4198
목동현대아파트 후문 앞,5,4903
목동현대아파트 후문 앞,6,5132
목동현대아파트 후문 앞,7,5255
목동현대아파트 후문 앞,8,5375
목동현대아파트 후문 앞,9,6016
목동현대아파트 후문 앞,10,6254
목동현대아파트 후문 앞,11,5205
목동현대아파트 후문 앞,12,3229
목련아파트,1,700
목련아파트,2,868
목련아파트,3,1529
목련아파트,4,2104
목련아파트,5,2421
목련아파트,6,2567
목련아파트,7,1993
목련아파트,8,2195
목련아파트,9,2546
목련아파트,10,2512
목련아파트,11,2257
목련아파트,12,1424
목마공원,1,922
목마공원,2,971
목마공원,3,1765
목마공원,4,2326
목마공원,5,2259
목마공원,6,2364
목마공원,7,2133
목마공원,8,2063
목마공원,9,2418
목마공원,10,2547
목마공원,11,1983
목마공원,12,1271
목양전원교회 앞 로터리,1,341
목양전원교회 앞 로터리,2,355
목양전원교회 앞 로터리,3,726
목양전원교회 앞 로터리,4,954
목양전원교회 앞 로터리,5,1076
목양전원교회 앞 로터리,6,1176
목양전원교회 앞 로터리,7,1106
목양전원교회 앞 로터리,8,967
목양전원교회 앞 로터리,9,1191
목양전원교회 앞 로터리,10,1217
목양전원교회 앞 로터리,11,823
목양전원교회 앞 로터리,12,470
목월공원 앞,1,1675
목월공원 앞,2,1919
목월공원 앞,3,3373
목월공원 앞,4,4334
목월공원 앞,5,5283
목월공원 앞,6,5242
목월공원 앞,7,4585
목월공원 앞,8,4107
목월공원 앞,9,4887
목월공원 앞,10,4993
목월공원 앞,11,3937
목월공원 앞,12,2242
몽마르뜨공원입구,1,408
몽마르뜨공원입구,2,460
몽마르뜨공원입구,3,726
몽마르뜨공원입구,4,976
몽마르뜨공원입구,5,892
몽마르뜨공원입구,6,812
몽마르뜨공원입구,7,731
몽마르뜨공원입구,8,768
몽마르뜨공원입구,9,889
몽마르뜨공원입구,10,898
몽마르뜨공원입구,11,802
몽마르뜨공원입구,12,490
몽촌토성역 1번출구 옆,1,2250
몽촌토성역 1번출구 옆,2,3577
몽촌토성역 1번출구 옆,3,7988
몽촌토성역 1번출구 옆,4,12138
몽촌토성역 1번출구 옆,5,12856
몽촌토성역 1번출구 옆,6,10228
몽촌토성역 1번출구 옆,7,6822
몽촌토성역 1번출구 옆,8,6831
몽촌토성역 1번출구 옆,9,11501
몽촌토성역 1번출구 옆,10,12066
몽촌토성역 1번출구 옆,11,6562
몽촌토성역 1번출구 옆,12,2668
몽촌토성역 3번 출구,1,5291
몽촌토성역 3번 출구,2,5985
몽촌토성역 3번 출구,3,10766
몽촌토성역 3번 출구,4,15240
몽촌토성역 3번 출구,5,17564
몽촌토성역 3번 출구,6,17563
몽촌토성역 3번 출구,7,14561
몽촌토성역 3번 출구,8,15130
몽촌토성역 3번 출구,9,18601
몽촌토성역 3번 출구,10,19380
몽촌토성역 3번 출구,11,14978
몽촌토성역 3번 출구,12,8251
묘곡초등학교,1,809
묘곡초등학교,2,1159
묘곡초등학교,3,1694
묘곡초등학교,4,2410
묘곡초등학교,5,2841
묘곡초등학교,6,2994
묘곡초등학교,7,2508
묘곡초등학교,8,2203
묘곡초등학교,9,2572
묘곡초등학교,10,2536
묘곡초등학교,11,1946
묘곡초등학교,12,1205
무악재역 4번 출구,1,341
무악재역 4번 출구,2,455
무악재역 4번 출구,3,871
무악재역 4번 출구,4,1169
무악재역 4번 출구,5,1220
무악재역 4번 출구,6,1230
무악재역 4번 출구,7,1048
무악재역 4번 출구,8,947
무악재역 4번 출구,9,1152
무악재역 4번 출구,10,1042
무악재역 4번 출구,11,991
무악재역 4번 출구,12,582
무악재역1번 출구,1,493
무악재역1번 출구,2,713
무악재역1번 출구,3,1300
무악재역1번 출구,4,1560
무악재역1번 출구,5,1347
무악재역1번 출구,6,1346
무악재역1번 출구,7,1314
무악재역1번 출구,8,1190
무악재역1번 출구,9,1394
무악재역1번 출구,10,1501
무악재역1번 출구,11,1151
무악재역1번 출구,12,722
무지개아파트 앞,1,146
무지개아파트 앞,2,170
무지개아파트 앞,3,138
무지개아파트 앞,4,121
무지개아파트 앞,5,135
무지개아파트 앞,6,165
무지개아파트 앞,7,148
무지개아파트 앞,8,63
무지개아파트 앞,9,123
무지개아파트 앞,10,118
무지개아파트 앞,11,162
무지개아파트 앞,12,85
묵동 이마트 앞,1,1632
묵동 이마트 앞,2,1729
묵동 이마트 앞,3,3017
묵동 이마트 앞,4,4349
묵동 이마트 앞,5,5478
묵동 이마트 앞,6,5687
묵동 이마트 앞,7,4964
묵동 이마트 앞,8,5098
묵동 이마트 앞,9,5959
묵동 이마트 앞,10,5877
묵동 이마트 앞,11,4519
묵동 이마트 앞,12,2550
문래동 꽃밭정원,1,249
문래동 꽃밭정원,2,266
문래동 꽃밭정원,3,483
문래동 꽃밭정원,4,725
문래동 꽃밭정원,5,746
문래동 꽃밭정원,6,820
문래동 꽃밭정원,7,1047
문래동 꽃밭정원,8,1727
문래동 꽃밭정원,9,1712
문래동 꽃밭정원,10,1689
문래동 꽃밭정원,11,1255
문래동 꽃밭정원,12,789
문래동 주민센터,1,1897
문래동 주민센터,2,2061
문래동 주민센터,3,3573
문래동 주민센터,4,4536
문래동 주민센터,5,5586
문래동 주민센터,6,5922
문래동 주민센터,7,5445
문래동 주민센터,8,5042
문래동 주민센터,9,5527
문래동 주민센터,10,5729
문래동 주민센터,11,4817
문래동 주민센터,12,3066
문래동 하이테크 시티,1,4424
문래동 하이테크 시티,2,4944
문래동 하이테크 시티,3,7689
문래동 하이테크 시티,4,9902
문래동 하이테크 시티,5,10986
문래동 하이테크 시티,6,10182
문래동 하이테크 시티,7,9873
문래동 하이테크 시티,8,8939
문래동 하이테크 시티,9,10650
문래동 하이테크 시티,10,11411
문래동 하이테크 시티,11,9803
문래동 하이테크 시티,12,6403
문래동롯데캐슬아파트,1,6039
문래동롯데캐슬아파트,2,6099
문래동롯데캐슬아파트,3,9157
문래동롯데캐슬아파트,4,11102
문래동롯데캐슬아파트,5,13088
문래동롯데캐슬아파트,6,14097
문래동롯데캐슬아파트,7,14027
문래동롯데캐슬아파트,8,13942
문래동롯데캐슬아파트,9,15143
문래동롯데캐슬아파트,10,15666
문래동롯데캐슬아파트,11,13422
문래동롯데캐슬아파트,12,9074
문래동자이아파트 앞,1,4351
문래동자이아파트 앞,2,4508
문래동자이아파트 앞,3,7616
문래동자이아파트 앞,4,10620
문래동자이아파트 앞,5,11530
문래동자이아파트 앞,6,12444
문래동자이아파트 앞,7,10840
문래동자이아파트 앞,8,10612
문래동자이아파트 앞,9,12616
문래동자이아파트 앞,10,13367
문래동자이아파트 앞,11,10339
문래동자이아파트 앞,12,6311
문래역 4번출구 앞,1,6468
문래역 4번출구 앞,2,6750
문래역 4번출구 앞,3,10366
문래역 4번출구 앞,4,12377
문래역 4번출구 앞,5,13892
문래역 4번출구 앞,6,14769
문래역 4번출구 앞,7,12583
문래역 4번출구 앞,8,13788
문래역 4번출구 앞,9,15458
문래역 4번출구 앞,10,16119
문래역 4번출구 앞,11,14156
문래역 4번출구 앞,12,9328
문래현대2차,1,2403
문래현대2차,2,2883
문래현대2차,3,5244
문래현대2차,4,7968
문래현대2차,5,8303
문래현대2차,6,8809
문래현대2차,7,7181
문래현대2차,8,6885
문래현대2차,9,8076
문래현대2차,10,8249
문래현대2차,11,6637
문래현대2차,12,3859
문배어린이공원 앞,1,1937
문배어린이공원 앞,2,2086
문배어린이공원 앞,3,3275
문배어린이공원 앞,4,4213
문배어린이공원 앞,5,4800
문배어린이공원 앞,6,5016
문배어린이공원 앞,7,4579
문배어린이공원 앞,8,4283
문배어린이공원 앞,9,4494
문배어린이공원 앞,10,4902
문배어린이공원 앞,11,3673
문배어린이공원 앞,12,2245
문소빌딩,1,772
문소빌딩,2,883
문소빌딩,3,1389
문소빌딩,4,1796
문소빌딩,5,2300
문소빌딩,6,2220
문소빌딩,7,1985
문소빌딩,8,1998
문소빌딩,9,2319
문소빌딩,10,2379
문소빌딩,11,1873
문소빌딩,12,1075
문정 법조단지10,1,3008
문정 법조단지10,2,3326
문정 법조단지10,3,5362
문정 법조단지10,4,7316
문정 법조단지10,5,7676
문정 법조단지10,6,7650
문정 법조단지10,7,6282
문정 법조단지10,8,6117
문정 법조단지10,9,7153
문정 법조단지10,10,7789
문정 법조단지10,11,6288
문정 법조단지10,12,3861
문정 법조단지11,1,1565
문정 법조단지11,2,1698
문정 법조단지11,3,2723
문정 법조단지11,4,3719
문정 법조단지11,5,3991
문정 법조단지11,6,4057
문정 법조단지11,7,3422
문정 법조단지11,8,3362
문정 법조단지11,9,3906
문정 법조단지11,10,4236
문정 법조단지11,11,3268
문정 법조단지11,12,2019
문정 법조단지3,1,1000
문정 법조단지3,2,975
문정 법조단지3,3,1690
문정 법조단지3,4,2148
문정 법조단지3,5,2382
문정 법조단지3,6,2409
문정 법조단지3,7,2233
문정 법조단지3,8,2040
문정 법조단지3,9,2251
문정 법조단지3,10,2497
문정 법조단지3,11,2140
문정 법조단지3,12,1416
문정 법조단지4,1,1011
문정 법조단지4,2,1057
문정 법조단지4,3,2053
문정 법조단지4,4,2948
문정 법조단지4,5,3256
문정 법조단지4,6,3344
문정 법조단지4,7,2664
문정 법조단지4,8,2567
문정 법조단지4,9,3241
문정 법조단지4,10,3223
문정 법조단지4,11,2369
문정 법조단지4,12,1402
문정 법조단지5,1,645
문정 법조단지5,2,781
문정 법조단지5,3,1508
문정 법조단지5,4,1972
문정 법조단지5,5,2114
문정 법조단지5,6,2475
문정 법조단지5,7,1982
문정 법조단지5,8,1767
문정 법조단지5,9,2332
문정 법조단지5,10,2351
문정 법조단지5,11,1579
문정 법조단지5,12,954
문정 법조단지6,1,247
문정 법조단지6,2,290
문정 법조단지6,3,548
문정 법조단지6,4,727
문정 법조단지6,5,726
문정 법조단지6,6,748
문정 법조단지6,7,480
문정 법조단지6,8,439
문정 법조단지6,9,672
문정 법조단지6,10,731
문정 법조단지6,11,546
문정 법조단지6,12,287
문정 법조단지7,1,3556
문정 법조단지7,2,3822
문정 법조단지7,3,7018
문정 법조단지7,4,9420
문정 법조단지7,5,9981
문정 법조단지7,6,10615
문정 법조단지7,7,9017
문정 법조단지7,8,7945
문정 법조단지7,9,9710
문정 법조단지7,10,10555
문정 법조단지7,11,8307
문정 법조단지7,12,4904
문정 법조단지8,1,3405
문정 법조단지8,2,3908
문정 법조단지8,3,6785
문정 법조단지8,4,9490
문정 법조단지8,5,10934
문정 법조단지8,6,11836
문정 법조단지8,7,10285
문정 법조단지8,8,9802
문정 법조단지8,9,11397
문정 법조단지8,10,11445
문정 법조단지8,11,8499
문정 법조단지8,12,4784
문정 법조단지9,1,2250
문정 법조단지9,2,2815
문정 법조단지9,3,4769
문정 법조단지9,4,6276
문정 법조단지9,5,6730
문정 법조단지9,6,7070
문정 법조단지9,7,5828
문정 법조단지9,8,5414
문정 법조단지9,9,6389
문정 법조단지9,10,6843
문정 법조단지9,11,5089
문정 법조단지9,12,2883
문정2동 주민센터,1,371
문정2동 주민센터,2,406
문정2동 주민센터,3,832
문정2동 주민센터,4,1139
문정2동 주민센터,5,1366
문정2동 주민센터,6,1074
문정2동 주민센터,7,1013
문정2동 주민센터,8,945
문정2동 주민센터,9,1240
문정2동 주민센터,10,1206
문정2동 주민센터,11,718
문정2동 주민센터,12,428
문정근린공원2,1,1271
문정근린공원2,2,1574
문정근린공원2,3,2798
문정근린공원2,4,3748
문정근린공원2,5,4504
문정근린공원2,6,4651
문정근린공원2,7,3965
문정근린공원2,8,3695
문정근린공원2,9,4008
문정근린공원2,10,4085
문정근린공원2,11,3239
문정근린공원2,12,1968
문정동 근린공원,1,2048
문정동 근린공원,2,2274
문정동 근린공원,3,3946
문정동 근린공원,4,4934
문정동 근린공원,5,4429
문정동 근린공원,6,4373
문정동 근린공원,7,4167
문정동 근린공원,8,3496
문정동 근린공원,9,4708
문정동 근린공원,10,5193
문정동 근린공원,11,4463
문정동 근린공원,12,2705
문정동 글샘 공원,1,928
문정동 글샘 공원,2,1041
문정동 글샘 공원,3,1845
문정동 글샘 공원,4,2581
문정동 글샘 공원,5,3088
문정동 글샘 공원,6,3119
문정동 글샘 공원,7,2682
문정동 글샘 공원,8,2662
문정동 글샘 공원,9,3226
문정동 글샘 공원,10,3246
문정동 글샘 공원,11,2421
문정동 글샘 공원,12,1225
문정동 힐스데이트 에코 송파,1,363
문정동 힐스데이트 에코 송파,2,507
문정동 힐스데이트 에코 송파,3,1067
문정동 힐스데이트 에코 송파,4,1146
문정동 힐스데이트 에코 송파,5,1005
문정동 힐스데이트 에코 송파,6,1866
문정동 힐스데이트 에코 송파,7,2149
문정동 힐스데이트 에코 송파,8,1692
문정동 힐스데이트 에코 송파,9,2326
문정동 힐스데이트 에코 송파,10,1009
문정동 힐스데이트 에코 송파,11,834
문정동 힐스데이트 에코 송파,12,672
문정법조단지12,1,3095
문정법조단지12,2,3262
문정법조단지12,3,5261
문정법조단지12,4,6580
문정법조단지12,5,7162
문정법조단지12,6,6858
문정법조단지12,7,6736
문정법조단지12,8,6337
문정법조단지12,9,7564
문정법조단지12,10,7889
문정법조단지12,11,7339
문정법조단지12,12,4859
문정법조단지13,1,323
문정법조단지13,2,293
문정법조단지13,3,506
문정법조단지13,4,776
문정법조단지13,5,1144
문정법조단지13,6,889
문정법조단지13,7,1195
문정법조단지13,8,858
문정법조단지13,9,14
문정법조단지13,12,297
문정시영아파트 5동 앞 공원,1,1317
문정시영아파트 5동 앞 공원,2,1590
문정시영아파트 5동 앞 공원,3,2439
문정시영아파트 5동 앞 공원,4,3628
문정시영아파트 5동 앞 공원,5,3276
문정시영아파트 5동 앞 공원,6,3623
문정시영아파트 5동 앞 공원,7,3754
문정시영아파트 5동 앞 공원,8,3592
문정시영아파트 5동 앞 공원,9,3994
문정시영아파트 5동 앞 공원,10,4058
문정시영아파트 5동 앞 공원,11,3616
문정시영아파트 5동 앞 공원,12,1625
문정역 1번출구,1,3550
문정역 1번출구,2,3900
문정역 1번출구,3,6749
문정역 1번출구,4,9374
문정역 1번출구,5,11106
문정역 1번출구,6,11899
문정역 1번출구,7,10663
문정역 1번출구,8,10685
문정역 1번출구,9,11274
문정역 1번출구,10,11545
문정역 1번출구,11,9423
문정역 1번출구,12,5903
문정중교 사거리,1,1649
문정중교 사거리,2,1886
문정중교 사거리,3,3369
문정중교 사거리,4,4739
문정중교 사거리,5,5249
문정중교 사거리,6,5243
문정중교 사거리,7,4551
문정중교 사거리,8,3813
문정중교 사거리,9,4286
문정중교 사거리,10,4434
문정중교 사거리,11,3850
문정중교 사거리,12,2085
문정중학교,1,294
문정중학교,2,307
문정중학교,3,500
문정중학교,4,699
문정중학교,5,772
문정중학교,6,702
문정중학교,7,641
문정중학교,8,507
문정중학교,9,563
문정중학교,10,620
문정중학교,11,530
문정중학교,12,353
문정현대아파트 교차로,1,1246
문정현대아파트 교차로,2,1369
문정현대아파트 교차로,3,2246
문정현대아파트 교차로,4,2869
문정현대아파트 교차로,5,3087
문정현대아파트 교차로,6,3358
문정현대아파트 교차로,7,2948
문정현대아파트 교차로,8,2747
문정현대아파트 교차로,9,2912
문정현대아파트 교차로,10,3223
문정현대아파트 교차로,11,2582
문정현대아파트 교차로,12,1624
"문현중,고등학교 사이",1,282
"문현중,고등학교 사이",2,362
"문현중,고등학교 사이",3,594
"문현중,고등학교 사이",4,754
"문현중,고등학교 사이",5,799
"문현중,고등학교 사이",6,884
"문현중,고등학교 사이",7,819
"문현중,고등학교 사이",8,789
"문현중,고등학교 사이",9,837
"문현중,고등학교 사이",10,868
"문현중,고등학교 사이",11,682
"문현중,고등학교 사이",12,400
문화비축기지,1,405
문화비축기지,2,473
문화비축기지,3,1002
문화비축기지,4,1354
문화비축기지,5,1675
문화비축기지,6,1409
문화비축기지,7,1167
문화비축기지,8,1169
문화비축기지,9,1928
문화비축기지,10,2827
문화비축기지,11,1370
문화비축기지,12,586
문화촌 공원,1,2760
문화촌 공원,2,3074
문화촌 공원,3,5774
문화촌 공원,4,7993
문화촌 공원,5,8801
문화촌 공원,6,8649
문화촌 공원,7,7482
문화촌 공원,8,6727
문화촌 공원,9,8888
문화촌 공원,10,8153
문화촌 공원,11,5863
문화촌 공원,12,3432
물넘이교,1,2681
물넘이교,2,3029
물넘이교,3,5360
물넘이교,4,7394
물넘이교,5,8514
물넘이교,6,9030
물넘이교,7,8499
물넘이교,8,8529
물넘이교,9,8895
물넘이교,10,8695
물넘이교,11,6740
물넘이교,12,4321
미래사랑어린이공원 앞,1,4299
미래사랑어린이공원 앞,2,4779
미래사랑어린이공원 앞,3,8325
미래사랑어린이공원 앞,4,10939
미래사랑어린이공원 앞,5,12415
미래사랑어린이공원 앞,6,13141
미래사랑어린이공원 앞,7,11586
미래사랑어린이공원 앞,8,11020
미래사랑어린이공원 앞,9,12898
미래사랑어린이공원 앞,10,13977
미래사랑어린이공원 앞,11,10930
미래사랑어린이공원 앞,12,6444
미림여고입구 교차로,1,361
미림여고입구 교차로,2,351
미림여고입구 교차로,3,618
미림여고입구 교차로,4,929
미림여고입구 교차로,5,793
미림여고입구 교차로,6,447
미림여고입구 교차로,7,483
미림여고입구 교차로,8,652
미림여고입구 교차로,9,584
미림여고입구 교차로,10,610
미림여고입구 교차로,11,607
미림여고입구 교차로,12,333
미성동 신림체육센터,1,2244
미성동 신림체육센터,2,2353
미성동 신림체육센터,3,3689
미성동 신림체육센터,4,4591
미성동 신림체육센터,5,5266
미성동 신림체육센터,6,5472
미성동 신림체육센터,7,5610
미성동 신림체육센터,8,4950
미성동 신림체육센터,9,5565
미성동 신림체육센터,10,5868
미성동 신림체육센터,11,4578
미성동 신림체육센터,12,2985
미성아파트 A동 앞,1,2650
미성아파트 A동 앞,2,2929
미성아파트 A동 앞,3,4998
미성아파트 A동 앞,4,6957
미성아파트 A동 앞,5,6812
미성아파트 A동 앞,6,6714
미성아파트 A동 앞,7,6193
미성아파트 A동 앞,8,5460
미성아파트 A동 앞,9,7304
미성아파트 A동 앞,10,7444
미성아파트 A동 앞,11,6177
미성아파트 A동 앞,12,3606
미아동 복합청사,1,650
미아동 복합청사,2,773
미아동 복합청사,3,1177
미아동 복합청사,4,1703
미아동 복합청사,5,1781
미아동 복합청사,6,1719
미아동 복합청사,7,1592
미아동 복합청사,8,1361
미아동 복합청사,9,1604
미아동 복합청사,10,1844
미아동 복합청사,11,1441
미아동 복합청사,12,900
미아동 한국전력공사,1,2308
미아동 한국전력공사,2,2695
미아동 한국전력공사,3,4933
미아동 한국전력공사,4,6165
미아동 한국전력공사,5,6995
미아동 한국전력공사,6,6814
미아동 한국전력공사,7,5945
미아동 한국전력공사,8,5632
미아동 한국전력공사,9,7078
미아동 한국전력공사,10,7251
미아동 한국전력공사,11,5205
미아동 한국전력공사,12,3222
미아사거리,1,807
미아사거리,2,997
미아사거리,3,1875
미아사거리,4,2628
미아사거리,5,2978
미아사거리,6,2900
미아사거리,7,2807
미아사거리,8,2339
미아사거리,9,3269
미아사거리,10,3104
미아사거리,11,2372
미아사거리,12,978
미아사거리 1번 출구,1,3371
미아사거리 1번 출구,2,3861
미아사거리 1번 출구,3,6451
미아사거리 1번 출구,4,8510
미아사거리 1번 출구,5,9721
미아사거리 1번 출구,6,9898
미아사거리 1번 출구,7,8644
미아사거리 1번 출구,8,8025
미아사거리 1번 출구,9,9458
미아사거리 1번 출구,10,10062
미아사거리 1번 출구,11,7602
미아사거리 1번 출구,12,4463
미아역 1번 출구 뒤,1,1358
미아역 1번 출구 뒤,2,1418
미아역 1번 출구 뒤,3,2485
미아역 1번 출구 뒤,4,3022
미아역 1번 출구 뒤,5,3451
미아역 1번 출구 뒤,6,3520
미아역 1번 출구 뒤,7,3298
미아역 1번 출구 뒤,8,3130
미아역 1번 출구 뒤,9,3410
미아역 1번 출구 뒤,10,3785
미아역 1번 출구 뒤,11,3235
미아역 1번 출구 뒤,12,1840
"미아역 3번,4번 출구 사이",1,1808
"미아역 3번,4번 출구 사이",2,2179
"미아역 3번,4번 출구 사이",3,3653
"미아역 3번,4번 출구 사이",4,5037
"미아역 3번,4번 출구 사이",5,5773
"미아역 3번,4번 출구 사이",6,5826
"미아역 3번,4번 출구 사이",7,5239
"미아역 3번,4번 출구 사이",8,4713
"미아역 3번,4번 출구 사이",9,5870
"미아역 3번,4번 출구 사이",10,5611
"미아역 3번,4번 출구 사이",11,3788
"미아역 3번,4번 출구 사이",12,2604
미아초교버스승강장,1,136
미아초교버스승강장,2,192
미아초교버스승강장,3,287
미아초교버스승강장,4,461
미아초교버스승강장,5,326
미아초교버스승강장,6,318
미아초교버스승강장,7,226
미아초교버스승강장,8,204
미아초교버스승강장,9,197
미아초교버스승강장,10,214
미아초교버스승강장,11,206
미아초교버스승강장,12,124
미호 플랜트 앞,1,1826
미호 플랜트 앞,2,2126
미호 플랜트 앞,3,3878
미호 플랜트 앞,4,5136
미호 플랜트 앞,5,5790
미호 플랜트 앞,6,5745
미호 플랜트 앞,7,5099
미호 플랜트 앞,8,4653
미호 플랜트 앞,9,5702
미호 플랜트 앞,10,5640
미호 플랜트 앞,11,4493
미호 플랜트 앞,12,2606
밀리아나2빌딩 앞,1,2484
밀리아나2빌딩 앞,2,3160
밀리아나2빌딩 앞,3,5516
밀리아나2빌딩 앞,4,7463
밀리아나2빌딩 앞,5,7631
밀리아나2빌딩 앞,6,7287
밀리아나2빌딩 앞,7,6156
밀리아나2빌딩 앞,8,5606
밀리아나2빌딩 앞,9,6843
밀리아나2빌딩 앞,10,7048
밀리아나2빌딩 앞,11,5427
밀리아나2빌딩 앞,12,3167
밀알학교 입구 (삼성서울병원 입구),1,475
밀알학교 입구 (삼성서울병원 입구),2,594
밀알학교 입구 (삼성서울병원 입구),3,823
밀알학교 입구 (삼성서울병원 입구),4,1296
밀알학교 입구 (삼성서울병원 입구),5,1152
밀알학교 입구 (삼성서울병원 입구),6,1106
밀알학교 입구 (삼성서울병원 입구),7,1132
밀알학교 입구 (삼성서울병원 입구),8,1086
밀알학교 입구 (삼성서울병원 입구),9,1235
밀알학교 입구 (삼성서울병원 입구),10,1284
밀알학교 입구 (삼성서울병원 입구),11,1056
밀알학교 입구 (삼성서울병원 입구),12,631
바우뫼문화복지회관,1,1018
바우뫼문화복지회관,2,1349
바우뫼문화복지회관,3,2289
바우뫼문화복지회관,4,2863
바우뫼문화복지회관,5,2921
바우뫼문화복지회관,6,3006
바우뫼문화복지회관,7,2331
바우뫼문화복지회관,8,2237
바우뫼문화복지회관,9,2979
바우뫼문화복지회관,10,3087
바우뫼문화복지회관,11,2511
바우뫼문화복지회관,12,1305
박석고개(은평소방서) 앞,1,213
박석고개(은평소방서) 앞,2,224
박석고개(은평소방서) 앞,3,407
박석고개(은평소방서) 앞,4,658
박석고개(은평소방서) 앞,5,629
박석고개(은평소방서) 앞,6,631
박석고개(은평소방서) 앞,7,622
박석고개(은평소방서) 앞,8,581
박석고개(은평소방서) 앞,9,623
박석고개(은평소방서) 앞,10,629
박석고개(은평소방서) 앞,11,453
박석고개(은평소방서) 앞,12,252
반포1동 서초빌딩 앞,1,1726
반포1동 서초빌딩 앞,2,1763
반포1동 서초빌딩 앞,3,2993
반포1동 서초빌딩 앞,4,4057
반포1동 서초빌딩 앞,5,4275
반포1동 서초빌딩 앞,6,4218
반포1동 서초빌딩 앞,7,3574
반포1동 서초빌딩 앞,8,3432
반포1동 서초빌딩 앞,9,3952
반포1동 서초빌딩 앞,10,4279
반포1동 서초빌딩 앞,11,3495
반포1동 서초빌딩 앞,12,2015
반포1동 자율방범초소 옆,1,425
반포1동 자율방범초소 옆,2,473
반포1동 자율방범초소 옆,3,911
반포1동 자율방범초소 옆,4,1488
반포1동 자율방범초소 옆,5,1580
반포1동 자율방범초소 옆,6,1520
반포1동 자율방범초소 옆,7,1346
반포1동 자율방범초소 옆,8,1431
반포1동 자율방범초소 옆,9,1853
반포1동 자율방범초소 옆,10,1569
반포1동 자율방범초소 옆,11,1301
반포1동 자율방범초소 옆,12,652
반포1동 주민센터 앞,1,467
반포1동 주민센터 앞,2,557
반포1동 주민센터 앞,3,956
반포1동 주민센터 앞,4,1442
반포1동 주민센터 앞,5,1432
반포1동 주민센터 앞,6,1338
반포1동 주민센터 앞,7,1179
반포1동 주민센터 앞,8,1057
반포1동 주민센터 앞,9,1455
반포1동 주민센터 앞,10,1467
반포1동 주민센터 앞,11,1187
반포1동 주민센터 앞,12,528
반포경남쇼핑 앞,1,121
반포경남쇼핑 앞,2,233
반포경남쇼핑 앞,3,395
반포경남쇼핑 앞,4,607
반포경남쇼핑 앞,5,971
반포경남쇼핑 앞,6,985
반포경남쇼핑 앞,7,647
반포경남쇼핑 앞,8,620
반포경남쇼핑 앞,9,975
반포경남쇼핑 앞,10,767
반포경남쇼핑 앞,11,388
반포경남쇼핑 앞,12,185
반포래미안 리오센트,1,879
반포래미안 리오센트,2,994
반포래미안 리오센트,3,1771
반포래미안 리오센트,4,2601
반포래미안 리오센트,5,3009
반포래미안 리오센트,6,3169
반포래미안 리오센트,7,2483
반포래미안 리오센트,8,2853
반포래미안 리오센트,9,3677
반포래미안 리오센트,10,3200
반포래미안 리오센트,11,2383
반포래미안 리오센트,12,1355
반포미도2차아파트 옆,1,504
반포미도2차아파트 옆,2,595
반포미도2차아파트 옆,3,973
반포미도2차아파트 옆,4,1508
반포미도2차아파트 옆,5,1558
반포미도2차아파트 옆,6,1466
반포미도2차아파트 옆,7,1477
반포미도2차아파트 옆,8,1423
반포미도2차아파트 옆,9,1738
반포미도2차아파트 옆,10,1656
반포미도2차아파트 옆,11,1499
반포미도2차아파트 옆,12,819
반포본동 주민센터 앞,1,965
반포본동 주민센터 앞,2,1387
반포본동 주민센터 앞,3,2964
반포본동 주민센터 앞,4,4596
반포본동 주민센터 앞,5,4908
반포본동 주민센터 앞,6,4448
반포본동 주민센터 앞,7,4036
반포본동 주민센터 앞,8,3312
반포본동 주민센터 앞,9,5035
반포본동 주민센터 앞,10,4426
반포본동 주민센터 앞,11,2412
반포본동 주민센터 앞,12,1170
반포쇼핑타운 2동 앞,1,2293
반포쇼핑타운 2동 앞,2,3395
반포쇼핑타운 2동 앞,3,7143
반포쇼핑타운 2동 앞,4,10628
반포쇼핑타운 2동 앞,5,14003
반포쇼핑타운 2동 앞,6,12274
반포쇼핑타운 2동 앞,7,8830
반포쇼핑타운 2동 앞,8,9764
반포쇼핑타운 2동 앞,9,15010
반포쇼핑타운 2동 앞,10,14251
반포쇼핑타운 2동 앞,11,7162
반포쇼핑타운 2동 앞,12,3233
반포쇼핑타운 8동 앞,1,1348
반포쇼핑타운 8동 앞,2,1533
반포쇼핑타운 8동 앞,3,2482
반포쇼핑타운 8동 앞,4,3306
반포쇼핑타운 8동 앞,5,3846
반포쇼핑타운 8동 앞,6,3553
반포쇼핑타운 8동 앞,7,3148
반포쇼핑타운 8동 앞,8,2912
반포쇼핑타운 8동 앞,9,3859
반포쇼핑타운 8동 앞,10,4177
반포쇼핑타운 8동 앞,11,3064
반포쇼핑타운 8동 앞,12,1765
반포역 4번출구,1,90
반포역 4번출구,2,106
반포역 4번출구,3,262
반포역 4번출구,4,383
반포역 4번출구,5,472
반포역 4번출구,6,481
반포역 4번출구,7,465
반포역 4번출구,8,747
반포역 4번출구,9,786
반포역 4번출구,10,766
반포역 4번출구,11,563
반포역 4번출구,12,357
반포종합운동장,1,467
반포종합운동장,2,552
반포종합운동장,3,1262
반포종합운동장,4,2455
반포종합운동장,5,2474
반포종합운동장,6,2347
반포종합운동장,7,1827
반포종합운동장,8,1839
반포종합운동장,9,2381
반포종합운동장,10,2450
반포종합운동장,11,1522
반포종합운동장,12,745
반포종합운동장 입구,1,982
반포종합운동장 입구,2,1163
반포종합운동장 입구,3,2528
반포종합운동장 입구,4,3462
반포종합운동장 입구,5,3822
반포종합운동장 입구,6,3899
반포종합운동장 입구,7,3296
반포종합운동장 입구,8,3169
반포종합운동장 입구,9,3957
반포종합운동장 입구,10,3835
반포종합운동장 입구,11,2588
반포종합운동장 입구,12,1318
반포중학교 앞(세화여고 맞은편),1,106
반포중학교 앞(세화여고 맞은편),2,236
반포중학교 앞(세화여고 맞은편),3,414
반포중학교 앞(세화여고 맞은편),4,825
반포중학교 앞(세화여고 맞은편),5,1395
반포중학교 앞(세화여고 맞은편),6,1059
반포중학교 앞(세화여고 맞은편),7,889
반포중학교 앞(세화여고 맞은편),8,896
반포중학교 앞(세화여고 맞은편),9,1617
반포중학교 앞(세화여고 맞은편),10,891
반포중학교 앞(세화여고 맞은편),11,376
반포중학교 앞(세화여고 맞은편),12,145
반포천 앞,1,1707
반포천 앞,2,1833
반포천 앞,3,3270
반포천 앞,4,4044
반포천 앞,5,4429
반포천 앞,6,4596
반포천 앞,7,4057
반포천 앞,8,4034
반포천 앞,9,4997
반포천 앞,10,5194
반포천 앞,11,4268
반포천 앞,12,2717
"반포한강공원입구,씨티21옆",1,217
"반포한강공원입구,씨티21옆",2,302
"반포한강공원입구,씨티21옆",3,825
"반포한강공원입구,씨티21옆",4,2349
"반포한강공원입구,씨티21옆",5,135
"반포한강공원입구,씨티21옆",12,150
발산1동주민센터교차로,1,301
발산1동주민센터교차로,2,465
발산1동주민센터교차로,3,44
발산1동주민센터교차로,6,377
발산1동주민센터교차로,7,626
발산1동주민센터교차로,8,626
발산1동주민센터교차로,9,1090
발산1동주민센터교차로,10,1148
발산1동주민센터교차로,11,875
발산1동주민센터교차로,12,528
"발산역 1번, 9번 인근 대여소",1,12723
"발산역 1번, 9번 인근 대여소",2,12975
"발산역 1번, 9번 인근 대여소",3,20263
"발산역 1번, 9번 인근 대여소",4,24487
"발산역 1번, 9번 인근 대여소",5,29523
"발산역 1번, 9번 인근 대여소",6,30879
"발산역 1번, 9번 인근 대여소",7,29157
"발산역 1번, 9번 인근 대여소",8,28422
"발산역 1번, 9번 인근 대여소",9,30946
"발산역 1번, 9번 인근 대여소",10,35576
"발산역 1번, 9번 인근 대여소",11,28623
"발산역 1번, 9번 인근 대여소",12,17731
발산역 6번 출구 뒤,1,8979
발산역 6번 출구 뒤,2,9762
발산역 6번 출구 뒤,3,16066
발산역 6번 출구 뒤,4,19167
발산역 6번 출구 뒤,5,23237
발산역 6번 출구 뒤,6,24257
발산역 6번 출구 뒤,7,17616
발산역 6번 출구 뒤,8,18712
발산역 6번 출구 뒤,9,23708
발산역 6번 출구 뒤,10,23212
발산역 6번 출구 뒤,11,19477
발산역 6번 출구 뒤,12,12726
발산역 8번 출구,1,3157
발산역 8번 출구,2,3269
발산역 8번 출구,3,5028
발산역 8번 출구,4,6260
발산역 8번 출구,5,7327
발산역 8번 출구,6,7658
발산역 8번 출구,7,7780
발산역 8번 출구,8,7313
발산역 8번 출구,9,7970
발산역 8번 출구,10,8152
발산역 8번 출구,11,7145
발산역 8번 출구,12,4480
방배래미안 정문 앞,1,673
방배래미안 정문 앞,2,745
방배래미안 정문 앞,3,1121
방배래미안 정문 앞,4,1337
방배래미안 정문 앞,5,1545
방배래미안 정문 앞,6,1616
방배래미안 정문 앞,7,1583
방배래미안 정문 앞,8,1461
방배래미안 정문 앞,9,1597
방배래미안 정문 앞,10,1670
방배래미안 정문 앞,11,1287
방배래미안 정문 앞,12,936
방배래미안아트힐 101동앞,1,100
방배래미안아트힐 101동앞,2,165
방배래미안아트힐 101동앞,3,253
방배래미안아트힐 101동앞,4,356
방배래미안아트힐 101동앞,5,252
방배래미안아트힐 101동앞,6,257
방배래미안아트힐 101동앞,7,247
방배래미안아트힐 101동앞,8,227
방배래미안아트힐 101동앞,9,262
방배래미안아트힐 101동앞,10,254
방배래미안아트힐 101동앞,11,226
방배래미안아트힐 101동앞,12,83
방배래미안아트힐아파트 앞,1,125
방배래미안아트힐아파트 앞,2,146
방배래미안아트힐아파트 앞,3,322
방배래미안아트힐아파트 앞,4,523
방배래미안아트힐아파트 앞,5,430
방배래미안아트힐아파트 앞,6,515
방배래미안아트힐아파트 앞,7,486
방배래미안아트힐아파트 앞,8,514
방배래미안아트힐아파트 앞,9,497
방배래미안아트힐아파트 앞,10,538
방배래미안아트힐아파트 앞,11,560
방배래미안아트힐아파트 앞,12,238
방배역 2번 출구,1,986
방배역 2번 출구,2,1104
방배역 2번 출구,3,2038
방배역 2번 출구,4,2562
방배역 2번 출구,5,3322
방배역 2번 출구,6,3068
방배역 2번 출구,7,2230
방배역 2번 출구,8,2207
방배역 2번 출구,9,2706
방배역 2번 출구,10,3287
방배역 2번 출구,11,2541
방배역 2번 출구,12,1439
방배열린문화센터 앞,1,1136
방배열린문화센터 앞,2,1210
방배열린문화센터 앞,3,2154
방배열린문화센터 앞,4,2846
방배열린문화센터 앞,5,3278
방배열린문화센터 앞,6,3297
방배열린문화센터 앞,7,2912
방배열린문화센터 앞,8,2826
방배열린문화센터 앞,9,3292
방배열린문화센터 앞,10,3107
방배열린문화센터 앞,11,2453
방배열린문화센터 앞,12,1457
방아골종합사회복지관,1,812
방아골종합사회복지관,2,861
방아골종합사회복지관,3,1448
방아골종합사회복지관,4,1805
방아골종합사회복지관,5,2331
방아골종합사회복지관,6,2560
방아골종합사회복지관,7,2163
방아골종합사회복지관,8,2197
방아골종합사회복지관,9,2422
방아골종합사회복지관,10,2362
방아골종합사회복지관,11,1782
방아골종합사회복지관,12,1135
방아다리어린이공원,1,1037
방아다리어린이공원,2,1021
방아다리어린이공원,3,1613
방아다리어린이공원,4,2144
방아다리어린이공원,5,2553
방아다리어린이공원,6,2905
방아다리어린이공원,7,2376
방아다리어린이공원,8,2455
방아다리어린이공원,9,2701
방아다리어린이공원,10,2905
방아다리어린이공원,11,2551
방아다리어린이공원,12,1592
방아삼거리,1,215
방아삼거리,2,220
방아삼거리,3,403
방아삼거리,4,515
방아삼거리,5,504
방아삼거리,6,588
방아삼거리,7,470
방아삼거리,8,420
방아삼거리,9,399
방아삼거리,10,566
방아삼거리,11,531
방아삼거리,12,346
방이동 한양3차아파트 옆,1,2171
방이동 한양3차아파트 옆,2,2298
방이동 한양3차아파트 옆,3,4240
방이동 한양3차아파트 옆,4,5663
방이동 한양3차아파트 옆,5,6083
방이동 한양3차아파트 옆,6,5969
방이동 한양3차아파트 옆,7,5011
방이동 한양3차아파트 옆,8,4577
방이동 한양3차아파트 옆,9,5580
방이동 한양3차아파트 옆,10,6030
방이동 한양3차아파트 옆,11,4965
방이동 한양3차아파트 옆,12,2747
방이삼거리,1,5357
방이삼거리,2,6485
방이삼거리,3,12471
방이삼거리,4,17492
방이삼거리,5,20593
방이삼거리,6,21264
방이삼거리,7,17707
방이삼거리,8,17651
방이삼거리,9,21737
방이삼거리,10,22676
방이삼거리,11,16782
방이삼거리,12,8957
방이역 1번출구,1,2678
방이역 1번출구,2,2791
방이역 1번출구,3,5006
방이역 1번출구,4,6870
방이역 1번출구,5,7684
방이역 1번출구,6,7684
방이역 1번출구,7,6421
방이역 1번출구,8,5897
방이역 1번출구,9,7243
방이역 1번출구,10,7692
방이역 1번출구,11,6055
방이역 1번출구,12,3604
방이역 2번 출구,1,748
방이역 2번 출구,2,985
방이역 2번 출구,3,1713
방이역 2번 출구,4,2489
방이역 2번 출구,5,3007
방이역 2번 출구,6,2952
방이역 2번 출구,7,2456
방이역 2번 출구,8,2437
방이역 2번 출구,9,2873
방이역 2번 출구,10,2988
방이역 2번 출구,11,2339
방이역 2번 출구,12,1248
방이역 3번출구,9,54
방이역 4번출구,1,3804
방이역 4번출구,2,4510
방이역 4번출구,3,8477
방이역 4번출구,4,11593
방이역 4번출구,5,12146
방이역 4번출구,6,12543
방이역 4번출구,7,10015
방이역 4번출구,8,9322
방이역 4번출구,9,11677
방이역 4번출구,10,12362
방이역 4번출구,11,9919
방이역 4번출구,12,5195
방이초등학교,1,3333
방이초등학교,2,3901
방이초등학교,3,6839
방이초등학교,4,9049
방이초등학교,5,9786
방이초등학교,6,9996
방이초등학교,7,8256
방이초등학교,8,7841
방이초등학교,9,9387
방이초등학교,10,9803
방이초등학교,11,8202
방이초등학교,12,4786
방일초교 마을버스 정류장,1,1499
방일초교 마을버스 정류장,2,1801
방일초교 마을버스 정류장,3,3135
방일초교 마을버스 정류장,4,4515
방일초교 마을버스 정류장,5,4855
방일초교 마을버스 정류장,6,5032
방일초교 마을버스 정류장,7,4306
방일초교 마을버스 정류장,8,4089
방일초교 마을버스 정류장,9,5232
방일초교 마을버스 정류장,10,5277
방일초교 마을버스 정류장,11,3461
방일초교 마을버스 정류장,12,2014
방정환교육지원센터 옆,1,998
방정환교육지원센터 옆,2,1067
방정환교육지원센터 옆,3,1903
방정환교육지원센터 옆,4,2493
방정환교육지원센터 옆,5,3277
방정환교육지원센터 옆,6,3272
방정환교육지원센터 옆,7,2735
방정환교육지원센터 옆,8,2592
방정환교육지원센터 옆,9,3017
방정환교육지원센터 옆,10,3406
방정환교육지원센터 옆,11,2870
방정환교육지원센터 옆,12,1647
방죽마을 입구,1,387
방죽마을 입구,2,426
방죽마을 입구,3,729
방죽마을 입구,4,1203
방죽마을 입구,5,1356
방죽마을 입구,6,1425
방죽마을 입구,7,1185
방죽마을 입구,8,1155
방죽마을 입구,9,1250
방죽마을 입구,10,1438
방죽마을 입구,11,1059
방죽마을 입구,12,693
방학남부역 버스정류장,1,466
방학남부역 버스정류장,2,486
방학남부역 버스정류장,3,546
방학남부역 버스정류장,4,843
방학남부역 버스정류장,5,1034
방학남부역 버스정류장,6,918
방학남부역 버스정류장,7,1056
방학남부역 버스정류장,8,1006
방학남부역 버스정류장,9,1327
방학남부역 버스정류장,10,1332
방학남부역 버스정류장,11,1040
방학남부역 버스정류장,12,583
방학동우체국 건너편,1,1450
방학동우체국 건너편,2,1585
방학동우체국 건너편,3,2591
방학동우체국 건너편,4,3214
방학동우체국 건너편,5,3641
방학동우체국 건너편,6,3632
방학동우체국 건너편,7,3298
방학동우체국 건너편,8,3075
방학동우체국 건너편,9,3751
방학동우체국 건너편,10,3763
방학동우체국 건너편,11,2973
방학동우체국 건너편,12,1921
방학동학마을도서관,1,765
방학동학마을도서관,2,928
방학동학마을도서관,3,1424
방학동학마을도서관,4,1742
방학동학마을도서관,5,2046
방학동학마을도서관,6,2179
방학동학마을도서관,7,1584
방학동학마을도서관,8,1527
방학동학마을도서관,9,1602
방학동학마을도서관,10,1636
방학동학마을도서관,11,1297
방학동학마을도서관,12,728
방학브라운스톤아파트,1,469
방학브라운스톤아파트,2,472
방학브라운스톤아파트,3,777
방학브라운스톤아파트,4,1102
방학브라운스톤아파트,5,1249
방학브라운스톤아파트,6,1432
방학브라운스톤아파트,7,1149
방학브라운스톤아파트,8,1272
방학브라운스톤아파트,9,1405
방학브라운스톤아파트,10,1527
방학브라운스톤아파트,11,1404
방학브라운스톤아파트,12,882
방학사거리 (봄마당 앞),1,1591
방학사거리 (봄마당 앞),2,1831
방학사거리 (봄마당 앞),3,2963
방학사거리 (봄마당 앞),4,3488
방학사거리 (봄마당 앞),5,3759
방학사거리 (봄마당 앞),6,3681
방학사거리 (봄마당 앞),7,3459
방학사거리 (봄마당 앞),8,3067
방학사거리 (봄마당 앞),9,3814
방학사거리 (봄마당 앞),10,3765
방학사거리 (봄마당 앞),11,2949
방학사거리 (봄마당 앞),12,1888
방학신동아아파트 11동 앞,1,97
방학신동아아파트 11동 앞,2,83
방학신동아아파트 11동 앞,3,166
방학신동아아파트 11동 앞,4,275
방학신동아아파트 11동 앞,5,389
방학신동아아파트 11동 앞,6,48
방학신동아아파트 11동 앞,7,105
방학신동아아파트 11동 앞,8,85
방학신동아아파트 11동 앞,9,111
방학신동아아파트 11동 앞,10,132
방학신동아아파트 11동 앞,11,172
방학신동아아파트 11동 앞,12,106
방학역 1번출구,1,413
방학역 1번출구,2,549
방학역 1번출구,3,984
방학역 1번출구,4,1260
방학역 1번출구,5,1433
방학역 1번출구,6,1453
방학역 1번출구,7,1619
방학역 1번출구,8,1427
방학역 1번출구,9,1774
방학역 1번출구,10,1853
방학역 1번출구,11,1459
방학역 1번출구,12,663
방학역2번출구,1,1261
방학역2번출구,2,1293
방학역2번출구,3,2242
방학역2번출구,4,2853
방학역2번출구,5,3117
방학역2번출구,6,3538
방학역2번출구,7,3106
방학역2번출구,8,3226
방학역2번출구,9,3380
방학역2번출구,10,3680
방학역2번출구,11,2861
방학역2번출구,12,2058
방학역사거리,1,914
방학역사거리,2,1098
방학역사거리,3,1723
방학역사거리,4,2228
방학역사거리,5,2646
방학역사거리,6,2609
방학역사거리,7,2315
방학역사거리,8,2176
방학역사거리,9,2599
방학역사거리,10,2835
방학역사거리,11,2150
방학역사거리,12,1335
방학중학교 앞,1,595
방학중학교 앞,2,694
방학중학교 앞,3,1114
방학중학교 앞,4,1480
방학중학교 앞,5,1496
방학중학교 앞,6,1541
방학중학교 앞,7,1486
방학중학교 앞,8,1197
방학중학교 앞,9,1524
방학중학교 앞,10,1518
방학중학교 앞,11,1306
방학중학교 앞,12,851
방학초등학교 앞,1,1655
방학초등학교 앞,2,1977
방학초등학교 앞,3,3288
방학초등학교 앞,4,4092
방학초등학교 앞,5,4838
방학초등학교 앞,6,5176
방학초등학교 앞,7,4871
방학초등학교 앞,8,5046
방학초등학교 앞,9,6352
방학초등학교 앞,10,6127
방학초등학교 앞,11,4443
방학초등학교 앞,12,2865
방화근린공원,1,522
방화근린공원,2,617
방화근린공원,3,1208
방화근린공원,4,2119
방화근린공원,5,2294
방화근린공원,6,2159
방화근린공원,7,2039
방화근린공원,8,1910
방화근린공원,9,2408
방화근린공원,10,2491
방화근린공원,11,1549
방화근린공원,12,690
방화동강서기동대앞,1,4457
방화동강서기동대앞,2,4465
방화동강서기동대앞,3,7056
방화동강서기동대앞,4,8634
방화동강서기동대앞,5,10080
방화동강서기동대앞,6,11213
방화동강서기동대앞,7,10534
방화동강서기동대앞,8,10247
방화동강서기동대앞,9,11220
방화동강서기동대앞,10,11919
방화동강서기동대앞,11,10194
방화동강서기동대앞,12,6450
방화사거리 마을버스 버스정류장,1,3648
방화사거리 마을버스 버스정류장,2,4111
방화사거리 마을버스 버스정류장,3,7243
방화사거리 마을버스 버스정류장,4,9479
방화사거리 마을버스 버스정류장,5,10760
방화사거리 마을버스 버스정류장,6,11341
방화사거리 마을버스 버스정류장,7,10769
방화사거리 마을버스 버스정류장,8,10226
방화사거리 마을버스 버스정류장,9,11787
방화사거리 마을버스 버스정류장,10,12063
방화사거리 마을버스 버스정류장,11,9544
방화사거리 마을버스 버스정류장,12,5250
방화역 4번출구앞,1,4090
방화역 4번출구앞,2,4617
방화역 4번출구앞,3,7806
방화역 4번출구앞,4,10197
방화역 4번출구앞,5,11874
방화역 4번출구앞,6,12540
방화역 4번출구앞,7,11560
방화역 4번출구앞,8,10941
방화역 4번출구앞,9,12750
방화역 4번출구앞,10,13178
방화역 4번출구앞,11,10123
방화역 4번출구앞,12,5667
배명고등학교,1,976
배명고등학교,2,1189
배명고등학교,3,2310
배명고등학교,4,2913
배명고등학교,5,3251
배명고등학교,6,3314
배명고등학교,7,2832
배명고등학교,8,2466
배명고등학교,9,3290
배명고등학교,10,3453
배명고등학교,11,2783
배명고등학교,12,1673
배명고등학교 건너편,1,1134
배명고등학교 건너편,2,1255
배명고등학교 건너편,3,2216
배명고등학교 건너편,4,2880
배명고등학교 건너편,5,3379
배명고등학교 건너편,6,3256
배명고등학교 건너편,7,2699
배명고등학교 건너편,8,2651
배명고등학교 건너편,9,2884
배명고등학교 건너편,10,3177
배명고등학교 건너편,11,2722
배명고등학교 건너편,12,1901
배봉초교 교차로,1,1500
배봉초교 교차로,2,1718
배봉초교 교차로,3,2766
배봉초교 교차로,4,3814
배봉초교 교차로,5,4083
배봉초교 교차로,6,4216
배봉초교 교차로,7,3352
배봉초교 교차로,8,3280
배봉초교 교차로,9,3940
배봉초교 교차로,10,3957
배봉초교 교차로,11,3406
배봉초교 교차로,12,1905
백련산 SK뷰 아이파크 해모로 아파트 앞,1,1450
백련산 SK뷰 아이파크 해모로 아파트 앞,2,1511
백련산 SK뷰 아이파크 해모로 아파트 앞,3,2645
백련산 SK뷰 아이파크 해모로 아파트 앞,4,3603
백련산 SK뷰 아이파크 해모로 아파트 앞,5,4067
백련산 SK뷰 아이파크 해모로 아파트 앞,6,4154
백련산 SK뷰 아이파크 해모로 아파트 앞,7,3887
백련산 SK뷰 아이파크 해모로 아파트 앞,8,3898
백련산 SK뷰 아이파크 해모로 아파트 앞,9,4589
백련산 SK뷰 아이파크 해모로 아파트 앞,10,4466
백련산 SK뷰 아이파크 해모로 아파트 앞,11,3587
백련산 SK뷰 아이파크 해모로 아파트 앞,12,2117
백련산 힐스테이트 3차,1,897
백련산 힐스테이트 3차,2,1020
백련산 힐스테이트 3차,3,2044
백련산 힐스테이트 3차,4,2523
백련산 힐스테이트 3차,5,2498
백련산 힐스테이트 3차,6,2509
백련산 힐스테이트 3차,7,2086
백련산 힐스테이트 3차,8,2088
백련산 힐스테이트 3차,9,2459
백련산 힐스테이트 3차,10,2543
백련산 힐스테이트 3차,11,2297
백련산 힐스테이트 3차,12,1248
백련산 힐스테이트상가앞,1,833
백련산 힐스테이트상가앞,2,859
백련산 힐스테이트상가앞,3,1612
백련산 힐스테이트상가앞,4,1963
백련산 힐스테이트상가앞,5,2138
백련산 힐스테이트상가앞,6,2063
백련산 힐스테이트상가앞,7,1984
백련산 힐스테이트상가앞,8,1972
백련산 힐스테이트상가앞,9,2244
백련산 힐스테이트상가앞,10,2327
백련산 힐스테이트상가앞,11,2032
백련산 힐스테이트상가앞,12,1280
백련산로 녹번센트레빌,1,567
백련산로 녹번센트레빌,2,607
백련산로 녹번센트레빌,3,1144
백련산로 녹번센트레빌,4,1484
백련산로 녹번센트레빌,5,1654
백련산로 녹번센트레빌,6,1632
백련산로 녹번센트레빌,7,1364
백련산로 녹번센트레빌,8,1380
백련산로 녹번센트레빌,9,1820
백련산로 녹번센트레빌,10,1689
백련산로 녹번센트레빌,11,1529
백련산로 녹번센트레빌,12,1060
백석예술대학교 제3캠퍼스 앞,1,302
백석예술대학교 제3캠퍼스 앞,2,281
백석예술대학교 제3캠퍼스 앞,3,493
백석예술대학교 제3캠퍼스 앞,4,650
백석예술대학교 제3캠퍼스 앞,5,668
백석예술대학교 제3캠퍼스 앞,6,652
백석예술대학교 제3캠퍼스 앞,7,604
백석예술대학교 제3캠퍼스 앞,8,634
백석예술대학교 제3캠퍼스 앞,9,707
백석예술대학교 제3캠퍼스 앞,10,762
백석예술대학교 제3캠퍼스 앞,11,639
백석예술대학교 제3캠퍼스 앞,12,325
백토공원 앞,1,869
백토공원 앞,2,1004
백토공원 앞,3,1548
백토공원 앞,4,1874
백토공원 앞,5,1868
백토공원 앞,6,1786
백토공원 앞,7,1459
백토공원 앞,8,1283
백토공원 앞,9,1596
백토공원 앞,10,1526
백토공원 앞,11,1383
백토공원 앞,12,824
뱅뱅사거리 랜드마크타워 앞,1,1922
뱅뱅사거리 랜드마크타워 앞,2,2071
뱅뱅사거리 랜드마크타워 앞,3,3499
뱅뱅사거리 랜드마크타워 앞,4,4604
뱅뱅사거리 랜드마크타워 앞,5,5071
뱅뱅사거리 랜드마크타워 앞,6,4901
뱅뱅사거리 랜드마크타워 앞,7,4497
뱅뱅사거리 랜드마크타워 앞,8,4429
뱅뱅사거리 랜드마크타워 앞,9,4987
뱅뱅사거리 랜드마크타워 앞,10,5136
뱅뱅사거리 랜드마크타워 앞,11,4027
뱅뱅사거리 랜드마크타워 앞,12,2549
버섯분수대,1,968
버섯분수대,2,1136
버섯분수대,3,2053
버섯분수대,4,2606
버섯분수대,5,2876
버섯분수대,6,2830
버섯분수대,7,2221
버섯분수대,8,2287
버섯분수대,9,2700
버섯분수대,10,2865
버섯분수대,11,2620
버섯분수대,12,1385
버스정류장 앞,1,680
버스정류장 앞,2,750
버스정류장 앞,3,1531
버스정류장 앞,4,2085
버스정류장 앞,5,2343
버스정류장 앞,6,2495
버스정류장 앞,7,2053
버스정류장 앞,8,1902
버스정류장 앞,9,2093
버스정류장 앞,10,2221
버스정류장 앞,11,1520
버스정류장 앞,12,904
번3동 주민센터 교차로,1,1212
번3동 주민센터 교차로,2,1421
번3동 주민센터 교차로,3,2403
번3동 주민센터 교차로,4,2828
번3동 주민센터 교차로,5,3262
번3동 주민센터 교차로,6,3316
번3동 주민센터 교차로,7,2840
번3동 주민센터 교차로,8,2608
번3동 주민센터 교차로,9,3421
번3동 주민센터 교차로,10,3668
번3동 주민센터 교차로,11,2740
번3동 주민센터 교차로,12,1561
번동 금호어울림아파트102동앞,1,451
번동 금호어울림아파트102동앞,2,577
번동 금호어울림아파트102동앞,3,865
번동 금호어울림아파트102동앞,4,1146
번동 금호어울림아파트102동앞,5,1321
번동 금호어울림아파트102동앞,6,1438
번동 금호어울림아파트102동앞,7,1106
번동 금호어울림아파트102동앞,8,948
번동 금호어울림아파트102동앞,9,1097
번동 금호어울림아파트102동앞,10,1127
번동 금호어울림아파트102동앞,11,878
번동 금호어울림아파트102동앞,12,510
번동 두산위브 101동 옆,1,1291
번동 두산위브 101동 옆,2,1498
번동 두산위브 101동 옆,3,2231
번동 두산위브 101동 옆,4,3075
번동 두산위브 101동 옆,5,3176
번동 두산위브 101동 옆,6,3399
번동 두산위브 101동 옆,7,3115
번동 두산위브 101동 옆,8,3133
번동 두산위브 101동 옆,9,3785
번동 두산위브 101동 옆,10,3439
번동 두산위브 101동 옆,11,2672
번동 두산위브 101동 옆,12,1713
"번동 주공3, 4단지 교차로",1,1743
"번동 주공3, 4단지 교차로",2,2078
"번동 주공3, 4단지 교차로",3,3442
"번동 주공3, 4단지 교차로",4,4467
"번동 주공3, 4단지 교차로",5,5105
"번동 주공3, 4단지 교차로",6,5092
"번동 주공3, 4단지 교차로",7,4462
"번동 주공3, 4단지 교차로",8,3839
"번동 주공3, 4단지 교차로",9,5157
"번동 주공3, 4단지 교차로",10,5283
"번동 주공3, 4단지 교차로",11,3785
"번동 주공3, 4단지 교차로",12,2283
번동3단지 버스정류장,1,1109
번동3단지 버스정류장,2,1289
번동3단지 버스정류장,3,2168
번동3단지 버스정류장,4,3140
번동3단지 버스정류장,5,3438
번동3단지 버스정류장,6,3466
번동3단지 버스정류장,7,2952
번동3단지 버스정류장,8,3025
번동3단지 버스정류장,9,3468
번동3단지 버스정류장,10,3599
번동3단지 버스정류장,11,2626
번동3단지 버스정류장,12,1562
번동사거리,1,845
번동사거리,2,1018
번동사거리,3,1633
번동사거리,4,2085
번동사거리,5,2256
번동사거리,6,2398
번동사거리,7,2246
번동사거리,8,2041
번동사거리,9,2654
번동사거리,10,2739
번동사거리,11,2082
번동사거리,12,1279
번동주공5단지 관리사무소 앞,1,572
번동주공5단지 관리사무소 앞,2,640
번동주공5단지 관리사무소 앞,3,1017
번동주공5단지 관리사무소 앞,4,1365
번동주공5단지 관리사무소 앞,5,1564
번동주공5단지 관리사무소 앞,6,1520
번동주공5단지 관리사무소 앞,7,1466
번동주공5단지 관리사무소 앞,8,1442
번동주공5단지 관리사무소 앞,9,1606
번동주공5단지 관리사무소 앞,10,1568
번동주공5단지 관리사무소 앞,11,1402
번동주공5단지 관리사무소 앞,12,917
베네스트 오피스텔 앞,1,784
베네스트 오피스텔 앞,2,831
베네스트 오피스텔 앞,3,1534
베네스트 오피스텔 앞,4,1692
베네스트 오피스텔 앞,5,2920
베네스트 오피스텔 앞,6,3703
베네스트 오피스텔 앞,7,2626
베네스트 오피스텔 앞,8,2531
베네스트 오피스텔 앞,9,2866
베네스트 오피스텔 앞,10,2849
베네스트 오피스텔 앞,11,2877
베네스트 오피스텔 앞,12,1793
벽산 디지털밸리 5차,1,2750
벽산 디지털밸리 5차,2,2803
벽산 디지털밸리 5차,3,3965
벽산 디지털밸리 5차,4,4924
벽산 디지털밸리 5차,5,5537
벽산 디지털밸리 5차,6,6114
벽산 디지털밸리 5차,7,5874
벽산 디지털밸리 5차,8,5414
벽산 디지털밸리 5차,9,6092
벽산 디지털밸리 5차,10,6760
벽산 디지털밸리 5차,11,5615
벽산 디지털밸리 5차,12,3635
벽산상암스마트큐브,1,3249
벽산상암스마트큐브,2,3840
벽산상암스마트큐브,3,7549
벽산상암스마트큐브,4,10385
벽산상암스마트큐브,5,11714
벽산상암스마트큐브,6,13207
벽산상암스마트큐브,7,11475
벽산상암스마트큐브,8,11601
벽산상암스마트큐브,9,13102
벽산상암스마트큐브,10,12714
벽산상암스마트큐브,11,8983
벽산상암스마트큐브,12,5047
벽산아파트,1,3257
벽산아파트,2,3713
벽산아파트,3,6471
벽산아파트,4,9016
벽산아파트,5,10531
벽산아파트,6,10959
벽산아파트,7,9329
벽산아파트,8,9568
벽산아파트,9,11358
벽산아파트,10,11091
벽산아파트,11,7586
벽산아파트,12,4636
볏골공원,1,1760
볏골공원,2,1965
볏골공원,3,3182
볏골공원,4,4513
볏골공원,5,5344
볏골공원,6,5572
볏골공원,7,4818
볏골공원,8,4187
볏골공원,9,5132
볏골공원,10,5323
볏골공원,11,4194
볏골공원,12,2486
보광동 삼성리버빌아파트 앞,1,895
보광동 삼성리버빌아파트 앞,2,1219
보광동 삼성리버빌아파트 앞,3,2922
보광동 삼성리버빌아파트 앞,4,4057
보광동 삼성리버빌아파트 앞,5,4281
보광동 삼성리버빌아파트 앞,6,4033
보광동 삼성리버빌아파트 앞,7,3055
보광동 삼성리버빌아파트 앞,8,2691
보광동 삼성리버빌아파트 앞,9,4209
보광동 삼성리버빌아파트 앞,10,4174
보광동 삼성리버빌아파트 앞,11,2591
보광동 삼성리버빌아파트 앞,12,1276
보금자리정원,1,347
보금자리정원,2,480
보금자리정원,3,817
보금자리정원,4,1063
보금자리정원,5,1101
보금자리정원,6,1153
보금자리정원,7,1034
보금자리정원,8,953
보금자리정원,9,1114
보금자리정원,10,1126
보금자리정원,11,892
보금자리정원,12,558
보도 육교(타이어뱅크앞),4,1
보라매 두산위브 건너편,1,3122
보라매 두산위브 건너편,2,3331
보라매 두산위브 건너편,3,5231
보라매 두산위브 건너편,4,6706
보라매 두산위브 건너편,5,7408
보라매 두산위브 건너편,6,7570
보라매 두산위브 건너편,7,6953
보라매 두산위브 건너편,8,6557
보라매 두산위브 건너편,9,7651
보라매 두산위브 건너편,10,8198
보라매 두산위브 건너편,11,6763
보라매 두산위브 건너편,12,4313
보라매sk뷰,1,684
보라매sk뷰,2,860
보라매sk뷰,3,1263
보라매sk뷰,4,1646
보라매sk뷰,5,2111
보라매sk뷰,6,2123
보라매sk뷰,7,1939
보라매sk뷰,8,1920
보라매sk뷰,9,2104
보라매sk뷰,10,2168
보라매sk뷰,11,1853
보라매sk뷰,12,1035
보라매sk뷰 108동 앞,1,1271
보라매sk뷰 108동 앞,2,1369
보라매sk뷰 108동 앞,3,2047
보라매sk뷰 108동 앞,4,2623
보라매sk뷰 108동 앞,5,3355
보라매sk뷰 108동 앞,6,3618
보라매sk뷰 108동 앞,7,3449
보라매sk뷰 108동 앞,8,3357
보라매sk뷰 108동 앞,9,3782
보라매sk뷰 108동 앞,10,3869
보라매sk뷰 108동 앞,11,3185
보라매sk뷰 108동 앞,12,1882
보라매공원 보도육교,1,2741
보라매공원 보도육교,2,3184
보라매공원 보도육교,3,5682
보라매공원 보도육교,4,9370
보라매공원 보도육교,5,10696
보라매공원 보도육교,6,10853
보라매공원 보도육교,7,8975
보라매공원 보도육교,8,8597
보라매공원 보도육교,9,11121
보라매공원 보도육교,10,10606
보라매공원 보도육교,11,7494
보라매공원 보도육교,12,4378
보라매공원 정문,1,2240
보라매공원 정문,2,2721
보라매공원 정문,3,4564
보라매공원 정문,4,6642
보라매공원 정문,5,7469
보라매공원 정문,6,7443
보라매공원 정문,7,6056
보라매공원 정문,8,5555
보라매공원 정문,9,7422
보라매공원 정문,10,7239
보라매공원 정문,11,4967
보라매공원 정문,12,2943
보라매공원역 2번출구,1,1018
보라매공원역 2번출구,2,1073
보라매공원역 2번출구,3,2176
보라매공원역 2번출구,4,2788
보라매공원역 2번출구,5,3312
보라매공원역 2번출구,6,3379
보라매공원역 2번출구,7,2537
보라매공원역 2번출구,8,2933
보라매공원역 2번출구,9,3709
보라매공원역 2번출구,10,3994
보라매공원역 2번출구,11,2953
보라매공원역 2번출구,12,1547
보라매병원역 1번출구,1,3706
보라매병원역 1번출구,2,4297
보라매병원역 1번출구,3,5771
보라매병원역 1번출구,4,10258
보라매병원역 1번출구,5,11823
보라매병원역 1번출구,6,12334
보라매병원역 1번출구,7,10036
보라매병원역 1번출구,8,10596
보라매병원역 1번출구,9,13071
보라매병원역 1번출구,10,14273
보라매병원역 1번출구,11,9750
보라매병원역 1번출구,12,5172
보라매병원역 2번출구,8,1193
보라매병원역 2번출구,9,1696
보라매병원역 2번출구,10,1371
보라매병원역 2번출구,11,1233
보라매병원역 2번출구,12,825
보라매역 8번출구,1,1379
보라매역 8번출구,2,1546
보라매역 8번출구,3,2740
보라매역 8번출구,4,3540
보라매역 8번출구,5,4120
보라매역 8번출구,6,4331
보라매역 8번출구,7,3699
보라매역 8번출구,8,3524
보라매역 8번출구,9,4141
보라매역 8번출구,10,4694
보라매역 8번출구,11,3313
보라매역 8번출구,12,1920
보라매역4번출구,1,2631
보라매역4번출구,2,2821
보라매역4번출구,3,4634
보라매역4번출구,4,6182
보라매역4번출구,5,6916
보라매역4번출구,6,7074
보라매역4번출구,7,6599
보라매역4번출구,8,6046
보라매역4번출구,9,6923
보라매역4번출구,10,7721
보라매역4번출구,11,5818
보라매역4번출구,12,3792
보라매역?동작세무서 버스정류장(강남중학교방면),1,2318
보라매역?동작세무서 버스정류장(강남중학교방면),2,2638
보라매역?동작세무서 버스정류장(강남중학교방면),3,4302
보라매역?동작세무서 버스정류장(강남중학교방면),4,5749
보라매역?동작세무서 버스정류장(강남중학교방면),5,6394
보라매역?동작세무서 버스정류장(강남중학교방면),6,6778
보라매역?동작세무서 버스정류장(강남중학교방면),7,6328
보라매역?동작세무서 버스정류장(강남중학교방면),8,6424
보라매역?동작세무서 버스정류장(강남중학교방면),9,7201
보라매역?동작세무서 버스정류장(강남중학교방면),10,7022
보라매역?동작세무서 버스정류장(강남중학교방면),11,5232
보라매역?동작세무서 버스정류장(강남중학교방면),12,3234
보라주유소 앞,1,618
보라주유소 앞,2,678
보라주유소 앞,3,1169
보라주유소 앞,4,1304
보라주유소 앞,5,1607
보라주유소 앞,6,1698
보라주유소 앞,7,1455
보라주유소 앞,8,1589
보라주유소 앞,9,1843
보라주유소 앞,10,1838
보라주유소 앞,11,1370
보라주유소 앞,12,1052
보문2교,1,2627
보문2교,2,3612
보문2교,3,7075
보문2교,4,9667
보문2교,5,10786
보문2교,6,10103
보문2교,7,8239
보문2교,8,7738
보문2교,9,10812
보문2교,10,10963
보문2교,11,6610
보문2교,12,2741
보문4교 인근,1,3334
보문4교 인근,2,3385
보문4교 인근,3,6130
보문4교 인근,4,7764
보문4교 인근,5,9038
보문4교 인근,6,9594
보문4교 인근,7,8522
보문4교 인근,8,8325
보문4교 인근,9,9849
보문4교 인근,10,9510
보문4교 인근,11,7222
보문4교 인근,12,4514
보문역6번출구 앞,1,2329
보문역6번출구 앞,2,2550
보문역6번출구 앞,3,4539
보문역6번출구 앞,4,5603
보문역6번출구 앞,5,5118
보문역6번출구 앞,6,5129
보문역6번출구 앞,7,4613
보문역6번출구 앞,8,4374
보문역6번출구 앞,9,5253
보문역6번출구 앞,10,5561
보문역6번출구 앞,11,4468
보문역6번출구 앞,12,2707
보성중고등학교 후문 앞,1,211
보성중고등학교 후문 앞,2,230
보성중고등학교 후문 앞,3,756
보성중고등학교 후문 앞,4,1018
보성중고등학교 후문 앞,5,1180
보성중고등학교 후문 앞,6,1135
보성중고등학교 후문 앞,7,838
보성중고등학교 후문 앞,8,711
보성중고등학교 후문 앞,9,1179
보성중고등학교 후문 앞,10,1186
보성중고등학교 후문 앞,11,955
보성중고등학교 후문 앞,12,611
보아스아파트 앞,1,1253
보아스아파트 앞,2,1368
보아스아파트 앞,3,1875
보아스아파트 앞,4,2137
보아스아파트 앞,5,2947
보아스아파트 앞,6,3319
보아스아파트 앞,7,3068
보아스아파트 앞,8,2788
보아스아파트 앞,9,3579
보아스아파트 앞,10,3968
보아스아파트 앞,11,3164
보아스아파트 앞,12,1954
보타닉파크타워2,1,2105
보타닉파크타워2,2,2152
보타닉파크타워2,3,2921
보타닉파크타워2,4,3268
보타닉파크타워2,5,4082
보타닉파크타워2,6,3968
보타닉파크타워2,7,3813
보타닉파크타워2,8,3676
보타닉파크타워2,9,3655
보타닉파크타워2,10,4611
보타닉파크타워2,11,4463
보타닉파크타워2,12,3100
보훈병원 후문옆(더 원커피),1,822
보훈병원 후문옆(더 원커피),2,953
보훈병원 후문옆(더 원커피),3,1520
보훈병원 후문옆(더 원커피),4,1934
보훈병원 후문옆(더 원커피),5,2184
보훈병원 후문옆(더 원커피),6,2163
보훈병원 후문옆(더 원커피),7,1848
보훈병원 후문옆(더 원커피),8,1593
보훈병원 후문옆(더 원커피),9,1916
보훈병원 후문옆(더 원커피),10,2279
보훈병원 후문옆(더 원커피),11,1909
보훈병원 후문옆(더 원커피),12,1260
복자사랑 피정의 집,1,652
복자사랑 피정의 집,2,711
복자사랑 피정의 집,3,1137
복자사랑 피정의 집,4,1246
복자사랑 피정의 집,5,1246
복자사랑 피정의 집,6,1332
복자사랑 피정의 집,7,1210
복자사랑 피정의 집,8,1144
복자사랑 피정의 집,9,1071
복자사랑 피정의 집,10,1025
복자사랑 피정의 집,11,1008
복자사랑 피정의 집,12,612
복정역 1번 출구 앞,1,1579
복정역 1번 출구 앞,2,2016
복정역 1번 출구 앞,3,4095
복정역 1번 출구 앞,4,5642
복정역 1번 출구 앞,5,6255
복정역 1번 출구 앞,6,5728
복정역 1번 출구 앞,7,4052
복정역 1번 출구 앞,8,3062
복정역 1번 출구 앞,9,4807
복정역 1번 출구 앞,10,5346
복정역 1번 출구 앞,11,4243
복정역 1번 출구 앞,12,2341
복정역 2번출구 후문 (장지치안센터),1,198
복정역 2번출구 후문 (장지치안센터),2,248
복정역 2번출구 후문 (장지치안센터),3,533
복정역 2번출구 후문 (장지치안센터),4,655
복정역 2번출구 후문 (장지치안센터),5,714
복정역 2번출구 후문 (장지치안센터),6,757
복정역 2번출구 후문 (장지치안센터),7,660
복정역 2번출구 후문 (장지치안센터),8,512
복정역 2번출구 후문 (장지치안센터),9,795
복정역 2번출구 후문 (장지치안센터),10,804
복정역 2번출구 후문 (장지치안센터),11,481
복정역 2번출구 후문 (장지치안센터),12,227
본 서부병원 교차로 사거리,1,1801
본 서부병원 교차로 사거리,2,2041
본 서부병원 교차로 사거리,3,3149
본 서부병원 교차로 사거리,4,4007
본 서부병원 교차로 사거리,5,4985
본 서부병원 교차로 사거리,6,5474
본 서부병원 교차로 사거리,7,5111
본 서부병원 교차로 사거리,8,4873
본 서부병원 교차로 사거리,9,5729
본 서부병원 교차로 사거리,10,5858
본 서부병원 교차로 사거리,11,4429
본 서부병원 교차로 사거리,12,2883
본 서부병원 버스정류장(은평 세무서 방면),1,2008
본 서부병원 버스정류장(은평 세무서 방면),2,2225
본 서부병원 버스정류장(은평 세무서 방면),3,3415
본 서부병원 버스정류장(은평 세무서 방면),4,4375
본 서부병원 버스정류장(은평 세무서 방면),5,4858
본 서부병원 버스정류장(은평 세무서 방면),6,5146
본 서부병원 버스정류장(은평 세무서 방면),7,4705
본 서부병원 버스정류장(은평 세무서 방면),8,4795
본 서부병원 버스정류장(은평 세무서 방면),9,5529
본 서부병원 버스정류장(은평 세무서 방면),10,5510
본 서부병원 버스정류장(은평 세무서 방면),11,4241
본 서부병원 버스정류장(은평 세무서 방면),12,2726
본마을 노인복지센터 앞,1,370
본마을 노인복지센터 앞,2,478
본마을 노인복지센터 앞,3,926
본마을 노인복지센터 앞,4,1504
본마을 노인복지센터 앞,5,1364
본마을 노인복지센터 앞,6,1382
본마을 노인복지센터 앞,7,1077
본마을 노인복지센터 앞,8,1136
본마을 노인복지센터 앞,9,1602
본마을 노인복지센터 앞,10,1615
본마을 노인복지센터 앞,11,943
본마을 노인복지센터 앞,12,542
본마을 정류소 앞,1,95
본마을 정류소 앞,2,112
본마을 정류소 앞,3,273
본마을 정류소 앞,4,409
본마을 정류소 앞,5,444
본마을 정류소 앞,6,442
본마을 정류소 앞,7,275
본마을 정류소 앞,8,192
본마을 정류소 앞,9,312
본마을 정류소 앞,10,316
본마을 정류소 앞,11,169
본마을 정류소 앞,12,78
봉림교 교통섬,1,9721
봉림교 교통섬,2,11784
봉림교 교통섬,3,21934
봉림교 교통섬,4,30675
봉림교 교통섬,5,34572
봉림교 교통섬,6,37158
봉림교 교통섬,7,30289
봉림교 교통섬,8,26480
봉림교 교통섬,9,34724
봉림교 교통섬,10,35747
봉림교 교통섬,11,23835
봉림교 교통섬,12,13154
봉림교 남측,6,25
봉원고가차도 밑,1,1579
봉원고가차도 밑,2,1825
봉원고가차도 밑,3,2900
봉원고가차도 밑,4,3442
봉원고가차도 밑,5,3250
봉원고가차도 밑,6,3295
봉원고가차도 밑,7,3219
봉원고가차도 밑,8,3121
봉원고가차도 밑,9,3444
봉원고가차도 밑,10,3205
봉원고가차도 밑,11,3210
봉원고가차도 밑,12,2128
봉은사로68길 북측,1,791
봉은사로68길 북측,2,842
봉은사로68길 북측,3,1408
봉은사로68길 북측,4,1806
봉은사로68길 북측,5,1799
봉은사로68길 북측,6,1726
봉은사로68길 북측,7,1512
봉은사로68길 북측,8,1558
봉은사로68길 북측,9,1558
봉은사로68길 북측,10,1621
봉은사로68길 북측,11,1500
봉은사로68길 북측,12,834
"봉은사역 1,2번 출구",1,780
"봉은사역 1,2번 출구",2,983
"봉은사역 1,2번 출구",3,1737
"봉은사역 1,2번 출구",4,2492
"봉은사역 1,2번 출구",5,2815
"봉은사역 1,2번 출구",6,2534
"봉은사역 1,2번 출구",7,2248
"봉은사역 1,2번 출구",8,2068
"봉은사역 1,2번 출구",9,2501
"봉은사역 1,2번 출구",10,2925
"봉은사역 1,2번 출구",11,2011
"봉은사역 1,2번 출구",12,1056
봉은사역 5번출구 옆,1,1299
봉은사역 5번출구 옆,2,1504
봉은사역 5번출구 옆,3,2894
봉은사역 5번출구 옆,4,3506
봉은사역 5번출구 옆,5,3687
봉은사역 5번출구 옆,6,3388
봉은사역 5번출구 옆,7,3073
봉은사역 5번출구 옆,8,2564
봉은사역 5번출구 옆,9,3723
봉은사역 5번출구 옆,10,3891
봉은사역 5번출구 옆,11,2801
봉은사역 5번출구 옆,12,1596
봉은사역 7번 출구,1,1226
봉은사역 7번 출구,2,1419
봉은사역 7번 출구,3,2078
봉은사역 7번 출구,4,2889
봉은사역 7번 출구,5,3097
봉은사역 7번 출구,6,3036
봉은사역 7번 출구,7,2528
봉은사역 7번 출구,8,2254
봉은사역 7번 출구,9,2872
봉은사역 7번 출구,10,3206
봉은사역 7번 출구,11,2917
봉은사역 7번 출구,12,1588
봉은사역6번출구(현대아이파크타워앞),4,271
봉은사역6번출구(현대아이파크타워앞),5,298
봉은사역6번출구(현대아이파크타워앞),6,343
봉은사역6번출구(현대아이파크타워앞),11,1
봉은사역6번출구(현대아이파크타워앞),12,1
봉천고개 육교,1,325
봉천고개 육교,2,345
봉천고개 육교,3,427
봉천고개 육교,4,535
봉천고개 육교,5,507
봉천고개 육교,6,590
봉천고개 육교,7,886
봉천고개 육교,8,791
봉천고개 육교,9,814
봉천고개 육교,10,727
봉천고개 육교,11,821
봉천고개 육교,12,529
봉천역 2번출구,1,2101
봉천역 2번출구,2,2138
봉천역 2번출구,3,3615
봉천역 2번출구,4,4905
봉천역 2번출구,5,5868
봉천역 2번출구,6,6307
봉천역 2번출구,7,5890
봉천역 2번출구,8,5638
봉천역 2번출구,9,6104
봉천역 2번출구,10,5857
봉천역 2번출구,11,4490
봉천역 2번출구,12,2562
봉천역 3번출구,1,829
봉천역 3번출구,2,902
봉천역 3번출구,3,1475
봉천역 3번출구,4,1889
봉천역 3번출구,5,2377
봉천역 3번출구,6,2875
봉천역 3번출구,7,2491
봉천역 3번출구,8,2551
봉천역 3번출구,9,2746
봉천역 3번출구,10,2828
봉천역 3번출구,11,1995
봉천역 3번출구,12,1272
봉천역 4번출구,1,1982
봉천역 4번출구,2,2143
봉천역 4번출구,3,3182
봉천역 4번출구,4,4338
봉천역 4번출구,5,5028
봉천역 4번출구,6,5347
봉천역 4번출구,7,5048
봉천역 4번출구,8,4944
봉천역 4번출구,9,5540
봉천역 4번출구,10,5871
봉천역 4번출구,11,4542
봉천역 4번출구,12,2675
봉화산역 4번 출구,1,797
봉화산역 4번 출구,2,824
봉화산역 4번 출구,3,1437
봉화산역 4번 출구,4,1960
봉화산역 4번 출구,5,1981
봉화산역 4번 출구,6,2396
봉화산역 4번 출구,7,1931
봉화산역 4번 출구,8,2900
봉화산역 4번 출구,9,3292
봉화산역 4번 출구,10,3222
봉화산역 4번 출구,11,2396
봉화산역 4번 출구,12,1331
봉화산역 5번출구 뒤,1,862
봉화산역 5번출구 뒤,2,1126
봉화산역 5번출구 뒤,3,2175
봉화산역 5번출구 뒤,4,2816
봉화산역 5번출구 뒤,5,3241
봉화산역 5번출구 뒤,6,2535
봉화산역 5번출구 뒤,7,2105
봉화산역 5번출구 뒤,8,1734
봉화산역 5번출구 뒤,9,2362
봉화산역 5번출구 뒤,10,2394
봉화산역 5번출구 뒤,11,1868
봉화산역 5번출구 뒤,12,929
부엉이공원 앞,1,1714
부엉이공원 앞,2,1792
부엉이공원 앞,3,3066
부엉이공원 앞,4,3480
부엉이공원 앞,5,3808
부엉이공원 앞,6,3988
부엉이공원 앞,7,3655
부엉이공원 앞,8,3047
부엉이공원 앞,9,4017
부엉이공원 앞,10,3935
부엉이공원 앞,11,3547
부엉이공원 앞,12,2231
북가좌 삼거리,1,929
북가좌 삼거리,2,1077
북가좌 삼거리,3,1700
북가좌 삼거리,4,2200
북가좌 삼거리,5,2384
북가좌 삼거리,6,2410
북가좌 삼거리,7,1936
북가좌 삼거리,8,1597
북가좌 삼거리,9,2077
북가좌 삼거리,10,2051
북가좌 삼거리,11,1711
북가좌 삼거리,12,1156
북가좌 초등학교,1,1266
북가좌 초등학교,2,1451
북가좌 초등학교,3,2316
북가좌 초등학교,4,3028
북가좌 초등학교,5,3232
북가좌 초등학교,6,3461
북가좌 초등학교,7,2932
북가좌 초등학교,8,2696
북가좌 초등학교,9,3268
북가좌 초등학교,10,3354
북가좌 초등학교,11,2650
북가좌 초등학교,12,1621
북가좌1동 주민센터,1,844
북가좌1동 주민센터,2,875
북가좌1동 주민센터,3,1613
북가좌1동 주민센터,4,2135
북가좌1동 주민센터,5,2115
북가좌1동 주민센터,6,2056
북가좌1동 주민센터,7,1878
북가좌1동 주민센터,8,1608
북가좌1동 주민센터,9,2073
북가좌1동 주민센터,10,1993
북가좌1동 주민센터,11,1645
북가좌1동 주민센터,12,1094
북가좌2동 주민센터,10,114
북가좌2동 주민센터,11,378
북가좌2동 주민센터,12,274
북가좌삼거리2,1,1052
북가좌삼거리2,2,1145
북가좌삼거리2,3,1930
북가좌삼거리2,4,2557
북가좌삼거리2,5,2514
북가좌삼거리2,6,2753
북가좌삼거리2,7,2615
북가좌삼거리2,8,2620
북가좌삼거리2,9,3200
북가좌삼거리2,10,3143
북가좌삼거리2,11,2700
북가좌삼거리2,12,1658
북서울 꿈의 숲 동문,1,234
북서울 꿈의 숲 동문,2,434
북서울 꿈의 숲 동문,3,832
북서울 꿈의 숲 동문,4,1268
북서울 꿈의 숲 동문,5,1156
북서울 꿈의 숲 동문,6,1020
북서울 꿈의 숲 동문,7,564
북서울 꿈의 숲 동문,8,303
북서울 꿈의 숲 동문,9,928
북서울 꿈의 숲 동문,10,738
북서울 꿈의 숲 동문,11,312
북서울 꿈의 숲 동문,12,179
북서울 꿈의 숲 입구,1,603
북서울 꿈의 숲 입구,2,742
북서울 꿈의 숲 입구,3,1110
북서울 꿈의 숲 입구,4,1207
북서울 꿈의 숲 입구,5,1561
북서울 꿈의 숲 입구,6,1779
북서울 꿈의 숲 입구,7,1739
북서울 꿈의 숲 입구,8,1530
북서울 꿈의 숲 입구,9,1814
북서울 꿈의 숲 입구,10,1893
북서울 꿈의 숲 입구,11,1392
북서울 꿈의 숲 입구,12,924
북서울 꿈의숲 서문,1,885
북서울 꿈의숲 서문,2,1323
북서울 꿈의숲 서문,3,2522
북서울 꿈의숲 서문,4,3444
북서울 꿈의숲 서문,5,3269
북서울 꿈의숲 서문,6,2635
북서울 꿈의숲 서문,7,2299
북서울 꿈의숲 서문,8,2217
북서울 꿈의숲 서문,9,3187
북서울 꿈의숲 서문,10,2884
북서울 꿈의숲 서문,11,2012
북서울 꿈의숲 서문,12,947
북성초교,1,639
북성초교,2,705
북성초교,3,1183
북성초교,4,1410
북성초교,5,1263
북성초교,6,1236
북성초교,7,1142
북성초교,8,1080
북성초교,9,1198
북성초교,10,1357
북성초교,11,1151
북성초교,12,695
북아현 치안센터 인근,1,1348
북아현 치안센터 인근,2,1424
북아현 치안센터 인근,3,2629
북아현 치안센터 인근,4,3036
북아현 치안센터 인근,5,3144
북아현 치안센터 인근,6,3461
북아현 치안센터 인근,7,3329
북아현 치안센터 인근,8,3119
북아현 치안센터 인근,9,3651
북아현 치안센터 인근,10,3553
북아현 치안센터 인근,11,3091
북아현 치안센터 인근,12,1925
북아현동 가구거리,1,1141
북아현동 가구거리,2,1274
북아현동 가구거리,3,2123
북아현동 가구거리,4,2523
북아현동 가구거리,5,2678
북아현동 가구거리,6,2674
북아현동 가구거리,7,2364
북아현동 가구거리,8,2157
북아현동 가구거리,9,2527
북아현동 가구거리,10,2525
북아현동 가구거리,11,2122
북아현동 가구거리,12,1275
북위례1,1,294
북위례1,2,422
북위례1,3,636
북위례1,4,940
북위례1,5,937
북위례1,6,1015
북위례1,7,786
북위례1,8,803
북위례1,9,836
북위례1,10,1010
북위례1,11,639
북위례1,12,349
북위례2,1,177
북위례2,2,307
북위례2,3,504
북위례2,4,761
북위례2,5,725
북위례2,6,855
북위례2,7,697
북위례2,8,586
북위례2,9,688
북위례2,10,794
북위례2,11,592
북위례2,12,405
북위례3,1,187
북위례3,2,211
북위례3,3,485
북위례3,4,838
북위례3,5,724
북위례3,6,802
북위례3,7,719
북위례3,8,588
북위례3,9,613
북위례3,10,745
북위례3,11,813
북위례3,12,361
북한산 우이역,1,661
북한산 우이역,2,730
북한산 우이역,3,1588
북한산 우이역,4,2114
북한산 우이역,5,2482
북한산 우이역,6,2514
북한산 우이역,7,2110
북한산 우이역,8,2067
북한산 우이역,9,2546
북한산 우이역,10,2581
북한산 우이역,11,1811
북한산 우이역,12,902
북한산 코오롱 하늘채,1,2298
북한산 코오롱 하늘채,2,2590
북한산 코오롱 하늘채,3,5347
북한산 코오롱 하늘채,4,5900
북한산 코오롱 하늘채,5,7547
북한산 코오롱 하늘채,6,7854
북한산 코오롱 하늘채,7,6515
북한산 코오롱 하늘채,8,5991
북한산 코오롱 하늘채,9,7890
북한산 코오롱 하늘채,10,7846
북한산 코오롱 하늘채,11,6072
북한산 코오롱 하늘채,12,3429
북한산 한신휴플러스APT앞,1,2390
북한산 한신휴플러스APT앞,2,2635
북한산 한신휴플러스APT앞,3,4294
북한산 한신휴플러스APT앞,4,5553
북한산 한신휴플러스APT앞,5,6362
북한산 한신휴플러스APT앞,6,6917
북한산 한신휴플러스APT앞,7,6559
북한산 한신휴플러스APT앞,8,6505
북한산 한신휴플러스APT앞,9,7010
북한산 한신휴플러스APT앞,10,6794
북한산 한신휴플러스APT앞,11,5794
북한산 한신휴플러스APT앞,12,3504
북한산더샾 106동 앞,1,420
북한산더샾 106동 앞,2,410
북한산더샾 106동 앞,3,846
북한산더샾 106동 앞,4,1169
북한산더샾 106동 앞,5,1233
북한산더샾 106동 앞,6,1281
북한산더샾 106동 앞,7,1271
북한산더샾 106동 앞,8,1225
북한산더샾 106동 앞,9,1425
북한산더샾 106동 앞,10,1339
북한산더샾 106동 앞,11,1071
북한산더샾 106동 앞,12,631
북한산보국문역,1,582
북한산보국문역,2,611
북한산보국문역,3,1073
북한산보국문역,4,1474
북한산보국문역,5,1672
북한산보국문역,6,1575
북한산보국문역,7,1492
북한산보국문역,8,1230
북한산보국문역,9,1506
북한산보국문역,10,1441
북한산보국문역,11,1122
북한산보국문역,12,727
북한산생태공원입구(교통섬),1,525
북한산생태공원입구(교통섬),2,562
북한산생태공원입구(교통섬),3,843
북한산생태공원입구(교통섬),4,1102
북한산생태공원입구(교통섬),5,1205
북한산생태공원입구(교통섬),6,1280
북한산생태공원입구(교통섬),7,1206
북한산생태공원입구(교통섬),8,1148
북한산생태공원입구(교통섬),9,1364
북한산생태공원입구(교통섬),10,1365
북한산생태공원입구(교통섬),11,1081
북한산생태공원입구(교통섬),12,592
북한산입구 정류장,1,252
북한산입구 정류장,2,289
북한산입구 정류장,3,633
북한산입구 정류장,4,1007
북한산입구 정류장,5,960
북한산입구 정류장,6,1017
북한산입구 정류장,7,760
북한산입구 정류장,8,762
북한산입구 정류장,9,1112
북한산입구 정류장,10,1106
북한산입구 정류장,11,712
북한산입구 정류장,12,292
북한산힐스테이트 7차아파트,1,635
북한산힐스테이트 7차아파트,2,727
북한산힐스테이트 7차아파트,3,1264
북한산힐스테이트 7차아파트,4,1757
북한산힐스테이트 7차아파트,5,1676
북한산힐스테이트 7차아파트,6,1813
북한산힐스테이트 7차아파트,7,1741
북한산힐스테이트 7차아파트,8,1782
북한산힐스테이트 7차아파트,9,1902
북한산힐스테이트 7차아파트,10,1775
북한산힐스테이트 7차아파트,11,1471
북한산힐스테이트 7차아파트,12,883
불광롯데캐슬아파트 앞,1,1193
불광롯데캐슬아파트 앞,2,1383
불광롯데캐슬아파트 앞,3,2281
불광롯데캐슬아파트 앞,4,3199
불광롯데캐슬아파트 앞,5,3605
불광롯데캐슬아파트 앞,6,3708
불광롯데캐슬아파트 앞,7,3277
불광롯데캐슬아파트 앞,8,3093
불광롯데캐슬아파트 앞,9,3625
불광롯데캐슬아파트 앞,10,3655
불광롯데캐슬아파트 앞,11,2869
불광롯데캐슬아파트 앞,12,1604
불광역 2번출구,1,1092
불광역 2번출구,2,1280
불광역 2번출구,3,2165
불광역 2번출구,4,2757
불광역 2번출구,5,3215
불광역 2번출구,6,3195
불광역 2번출구,7,2895
불광역 2번출구,8,2911
불광역 2번출구,9,3118
불광역 2번출구,10,3248
불광역 2번출구,11,2640
불광역 2번출구,12,1549
불광역 8번출구,1,281
불광역 8번출구,2,258
불광역 8번출구,3,461
불광역 8번출구,4,591
불광역 8번출구,5,654
불광역 8번출구,6,868
불광역 8번출구,7,855
불광역 8번출구,8,662
불광역 8번출구,9,465
불광역 9번 출구,1,2202
불광역 9번 출구,2,2368
불광역 9번 출구,3,3958
불광역 9번 출구,4,5109
불광역 9번 출구,5,5161
불광역 9번 출구,6,5192
불광역 9번 출구,7,4581
불광역 9번 출구,8,4257
불광역 9번 출구,9,5286
불광역 9번 출구,10,5834
불광역 9번 출구,11,4489
불광역 9번 출구,12,2521
불광역 9번 출구 맞은편,1,828
불광역 9번 출구 맞은편,2,1003
불광역 9번 출구 맞은편,3,1721
불광역 9번 출구 맞은편,4,2373
불광역 9번 출구 맞은편,5,2924
불광역 9번 출구 맞은편,6,3126
불광역 9번 출구 맞은편,7,2659
불광역 9번 출구 맞은편,8,2456
불광역 9번 출구 맞은편,9,2770
불광역 9번 출구 맞은편,10,2981
불광역 9번 출구 맞은편,11,2455
불광역 9번 출구 맞은편,12,1349
"불광역3,6호선 버스정류장(동명여고 방면)",1,1067
"불광역3,6호선 버스정류장(동명여고 방면)",2,1205
"불광역3,6호선 버스정류장(동명여고 방면)",3,1799
"불광역3,6호선 버스정류장(동명여고 방면)",4,2434
"불광역3,6호선 버스정류장(동명여고 방면)",5,3104
"불광역3,6호선 버스정류장(동명여고 방면)",6,3212
"불광역3,6호선 버스정류장(동명여고 방면)",7,2985
"불광역3,6호선 버스정류장(동명여고 방면)",8,3074
"불광역3,6호선 버스정류장(동명여고 방면)",9,3140
"불광역3,6호선 버스정류장(동명여고 방면)",10,3312
"불광역3,6호선 버스정류장(동명여고 방면)",11,2408
"불광역3,6호선 버스정류장(동명여고 방면)",12,1422
불암고등학교 앞 횡단보도,1,1945
불암고등학교 앞 횡단보도,2,2309
불암고등학교 앞 횡단보도,3,4264
불암고등학교 앞 횡단보도,4,5411
불암고등학교 앞 횡단보도,5,6303
불암고등학교 앞 횡단보도,6,6507
불암고등학교 앞 횡단보도,7,5452
불암고등학교 앞 횡단보도,8,4879
불암고등학교 앞 횡단보도,9,5810
불암고등학교 앞 횡단보도,10,5740
불암고등학교 앞 횡단보도,11,4836
불암고등학교 앞 횡단보도,12,2761
불암산역 3번 출구,1,1008
불암산역 3번 출구,2,1087
불암산역 3번 출구,3,1684
불암산역 3번 출구,4,2697
불암산역 3번 출구,5,3472
불암산역 3번 출구,6,3591
불암산역 3번 출구,7,3253
불암산역 3번 출구,8,3382
불암산역 3번 출구,9,3612
불암산역 3번 출구,10,3284
불암산역 3번 출구,11,2664
불암산역 3번 출구,12,1570
불암산역 앞,1,314
불암산역 앞,2,378
불암산역 앞,3,612
불암산역 앞,4,766
불암산역 앞,5,804
불암산역 앞,6,907
불암산역 앞,7,797
불암산역 앞,8,783
불암산역 앞,9,861
불암산역 앞,10,1055
불암산역 앞,11,1023
불암산역 앞,12,593
불암아파트 앞,1,514
불암아파트 앞,2,577
불암아파트 앞,3,1244
불암아파트 앞,4,1758
불암아파트 앞,5,1906
불암아파트 앞,6,1765
불암아파트 앞,7,1162
불암아파트 앞,8,1199
불암아파트 앞,9,1729
불암아파트 앞,10,1838
불암아파트 앞,11,1387
불암아파트 앞,12,925
불암주유소 앞,1,1843
불암주유소 앞,2,2082
불암주유소 앞,3,3121
불암주유소 앞,4,4340
불암주유소 앞,5,5194
불암주유소 앞,6,5708
불암주유소 앞,7,4887
불암주유소 앞,8,4759
불암주유소 앞,9,5107
불암주유소 앞,10,5317
불암주유소 앞,11,4559
불암주유소 앞,12,2771
브라운스위트레지던스,1,344
브라운스위트레지던스,2,577
브라운스위트레지던스,3,1047
브라운스위트레지던스,4,1308
브라운스위트레지던스,5,1576
브라운스위트레지던스,6,1554
브라운스위트레지던스,7,1435
브라운스위트레지던스,8,1211
브라운스위트레지던스,9,1424
브라운스위트레지던스,10,1462
브라운스위트레지던스,11,1236
브라운스위트레지던스,12,632
브라운스톤 남산아파트,1,1143
브라운스톤 남산아파트,2,1377
브라운스톤 남산아파트,3,1799
브라운스톤 남산아파트,4,2218
브라운스톤 남산아파트,5,2269
브라운스톤 남산아파트,6,2178
브라운스톤 남산아파트,7,2227
브라운스톤 남산아파트,8,2182
브라운스톤 남산아파트,9,2457
브라운스톤 남산아파트,10,2586
브라운스톤 남산아파트,11,2332
브라운스톤 남산아파트,12,1647
비계 버스정류소,1,281
비계 버스정류소,2,415
비계 버스정류소,3,745
비계 버스정류소,4,972
비계 버스정류소,5,1012
비계 버스정류소,6,985
비계 버스정류소,7,925
비계 버스정류소,8,805
비계 버스정류소,9,1033
비계 버스정류소,10,976
비계 버스정류소,11,649
비계 버스정류소,12,365
비석공원,1,771
비석공원,2,964
비석공원,3,1759
비석공원,4,2891
비석공원,5,2572
비석공원,6,2634
비석공원,7,2442
비석공원,8,2457
비석공원,9,2925
비석공원,10,2917
비석공원,11,2159
비석공원,12,1138
비전교회 앞,1,4149
비전교회 앞,2,4431
비전교회 앞,3,7000
비전교회 앞,4,8885
비전교회 앞,5,9726
비전교회 앞,6,9907
비전교회 앞,7,8898
비전교회 앞,8,8368
비전교회 앞,9,9695
비전교회 앞,10,9688
비전교회 앞,11,8001
비전교회 앞,12,5430
빅마켓 금천점 앞,1,2716
빅마켓 금천점 앞,2,2855
빅마켓 금천점 앞,3,4544
빅마켓 금천점 앞,4,5839
빅마켓 금천점 앞,5,6492
빅마켓 금천점 앞,6,7162
빅마켓 금천점 앞,7,6630
빅마켓 금천점 앞,8,6236
빅마켓 금천점 앞,9,6915
빅마켓 금천점 앞,10,7380
빅마켓 금천점 앞,11,6043
빅마켓 금천점 앞,12,3673
사가정역 2번출구,1,3925
사가정역 2번출구,2,4240
사가정역 2번출구,3,6888
사가정역 2번출구,4,9226
사가정역 2번출구,5,10517
사가정역 2번출구,6,10517
사가정역 2번출구,7,9678
사가정역 2번출구,8,9970
사가정역 2번출구,9,10538
사가정역 2번출구,10,11090
사가정역 2번출구,11,8291
사가정역 2번출구,12,4756
사근빗물펌프장 건너편,1,3015
사근빗물펌프장 건너편,2,3971
사근빗물펌프장 건너편,3,9770
사근빗물펌프장 건너편,4,12992
사근빗물펌프장 건너편,5,14512
사근빗물펌프장 건너편,6,12529
사근빗물펌프장 건너편,7,9293
사근빗물펌프장 건너편,8,10111
사근빗물펌프장 건너편,9,14542
사근빗물펌프장 건너편,10,13808
사근빗물펌프장 건너편,11,9567
사근빗물펌프장 건너편,12,4919
사근삼거리,1,9
사당동 아르테스 웨딩앞,1,1863
사당동 아르테스 웨딩앞,2,2101
사당동 아르테스 웨딩앞,3,3234
사당동 아르테스 웨딩앞,4,4278
사당동 아르테스 웨딩앞,5,4894
사당동 아르테스 웨딩앞,6,5178
사당동 아르테스 웨딩앞,7,4967
사당동 아르테스 웨딩앞,8,4816
사당동 아르테스 웨딩앞,9,5175
사당동 아르테스 웨딩앞,10,4920
사당동 아르테스 웨딩앞,11,3841
사당동 아르테스 웨딩앞,12,2504
사당새마을금고,1,604
사당새마을금고,2,733
사당새마을금고,3,1137
사당새마을금고,4,1648
사당새마을금고,5,1824
사당새마을금고,6,1961
사당새마을금고,7,1745
사당새마을금고,8,1516
사당새마을금고,9,1702
사당새마을금고,10,1868
사당새마을금고,11,1539
사당새마을금고,12,838
사당역 12번출구 뒤,1,2672
사당역 12번출구 뒤,2,2823
사당역 12번출구 뒤,3,4765
사당역 12번출구 뒤,4,6520
사당역 12번출구 뒤,5,7796
사당역 12번출구 뒤,6,7967
사당역 12번출구 뒤,7,6915
사당역 12번출구 뒤,8,6505
사당역 12번출구 뒤,9,8123
사당역 12번출구 뒤,10,8328
사당역 12번출구 뒤,11,6045
사당역 12번출구 뒤,12,3552
사당역 1번출구,1,20
사당역 1번출구,2,22
사당역 1번출구,3,39
사당역 1번출구,4,40
사당역 1번출구,5,67
사당역 1번출구,6,58
사당역 1번출구,7,70
사당역 1번출구,8,66
사당역 1번출구,9,61
사당역 1번출구,10,53
사당역 1번출구,11,74
사당역 1번출구,12,67
사당역 5번출구,1,2226
사당역 5번출구,2,2391
사당역 5번출구,3,4322
사당역 5번출구,4,5210
사당역 5번출구,5,6031
사당역 5번출구,6,6243
사당역 5번출구,7,5314
사당역 5번출구,8,5228
사당역 5번출구,9,6291
사당역 5번출구,10,6268
사당역 5번출구,11,4561
사당역 5번출구,12,2945
사당역 7번출구쪽,1,1123
사당역 7번출구쪽,2,1289
사당역 7번출구쪽,3,2387
사당역 7번출구쪽,4,3288
사당역 7번출구쪽,5,3645
사당역 7번출구쪽,6,3761
사당역 7번출구쪽,7,3342
사당역 7번출구쪽,8,2976
사당역 7번출구쪽,9,3564
사당역 7번출구쪽,10,3611
사당역 7번출구쪽,11,2594
사당역 7번출구쪽,12,1509
사당역10번출구(금강빌딩),1,1415
사당역10번출구(금강빌딩),2,1474
사당역10번출구(금강빌딩),3,2290
사당역10번출구(금강빌딩),4,2848
사당역10번출구(금강빌딩),5,3599
사당역10번출구(금강빌딩),6,4207
사당역10번출구(금강빌딩),7,3801
사당역10번출구(금강빌딩),8,3988
사당역10번출구(금강빌딩),9,4433
사당역10번출구(금강빌딩),10,4264
사당역10번출구(금강빌딩),11,3140
사당역10번출구(금강빌딩),12,1913
사당중학교 버스정류소,1,373
사당중학교 버스정류소,2,405
사당중학교 버스정류소,3,665
사당중학교 버스정류소,4,924
사당중학교 버스정류소,5,1050
사당중학교 버스정류소,6,1121
사당중학교 버스정류소,7,964
사당중학교 버스정류소,8,953
사당중학교 버스정류소,9,1125
사당중학교 버스정류소,10,1207
사당중학교 버스정류소,11,868
사당중학교 버스정류소,12,479
사대문센터,3,4
사대문센터,4,1
사대문센터,7,2
사대문센터,8,1
사대문센터,10,10
사랑의병원,1,938
사랑의병원,2,947
사랑의병원,3,1650
사랑의병원,4,2254
사랑의병원,5,2575
사랑의병원,6,2680
사랑의병원,7,2736
사랑의병원,8,2874
사랑의병원,9,2986
사랑의병원,10,2961
사랑의병원,11,2240
사랑의병원,12,1440
사육신공원앞,1,1546
사육신공원앞,2,1842
사육신공원앞,3,4086
사육신공원앞,4,5749
사육신공원앞,5,6256
사육신공원앞,6,6047
사육신공원앞,7,4814
사육신공원앞,8,4374
사육신공원앞,9,5850
사육신공원앞,10,5717
사육신공원앞,11,3504
사육신공원앞,12,1855
사천교,1,257
사천교,2,263
사천교,3,374
사천교,4,372
사천교,5,377
사천교,6,524
사천교,7,342
사천교,8,258
사천교,9,74
사평리근린공원,1,1311
사평리근린공원,2,1611
사평리근린공원,3,3747
사평리근린공원,4,5324
사평리근린공원,5,5793
사평리근린공원,6,5225
사평리근린공원,7,4217
사평리근린공원,8,4213
사평리근린공원,9,5894
사평리근린공원,10,5885
사평리근린공원,11,3320
사평리근린공원,12,1751
사평역 2번출구,1,860
사평역 2번출구,2,809
사평역 2번출구,3,1514
사평역 2번출구,4,2259
사평역 2번출구,5,2312
사평역 2번출구,6,2463
사평역 2번출구,7,2379
사평역 2번출구,8,2295
사평역 2번출구,9,2674
사평역 2번출구,10,2640
사평역 2번출구,11,2375
사평역 2번출구,12,1246
산기슭공원 앞,1,192
산기슭공원 앞,2,264
산기슭공원 앞,3,389
산기슭공원 앞,4,463
산기슭공원 앞,5,620
산기슭공원 앞,6,569
산기슭공원 앞,7,411
산기슭공원 앞,8,420
산기슭공원 앞,9,403
산기슭공원 앞,10,550
산기슭공원 앞,11,421
산기슭공원 앞,12,304
산업은행 앞,1,2824
산업은행 앞,2,3666
산업은행 앞,3,6916
산업은행 앞,4,9762
산업은행 앞,5,9734
산업은행 앞,6,8768
산업은행 앞,7,6886
산업은행 앞,8,6462
산업은행 앞,9,9490
산업은행 앞,10,10117
산업은행 앞,11,6707
산업은행 앞,12,4069
산호시티빌 옆,1,376
산호시티빌 옆,2,484
산호시티빌 옆,3,797
산호시티빌 옆,4,936
산호시티빌 옆,5,1037
산호시티빌 옆,6,1243
산호시티빌 옆,7,1060
산호시티빌 옆,8,1087
산호시티빌 옆,9,1304
산호시티빌 옆,10,1425
산호시티빌 옆,11,1254
산호시티빌 옆,12,732
삼각산 아이언APT앞,6,15
삼각산 아이언APT앞,7,15
삼각산 아이언APT앞,8,19
삼각산 아이언APT앞,9,37
삼각산 아이언APT앞,10,65
삼각산 아이언APT앞,11,22
삼각산동 주민센터,1,871
삼각산동 주민센터,2,990
삼각산동 주민센터,3,1632
삼각산동 주민센터,4,2009
삼각산동 주민센터,5,2088
삼각산동 주민센터,6,2469
삼각산동 주민센터,7,2173
삼각산동 주민센터,8,2105
삼각산동 주민센터,9,2228
삼각산동 주민센터,10,2331
삼각산동 주민센터,11,2003
삼각산동 주민센터,12,1324
삼각산아이원아파트(105동 옆),1,218
삼각산아이원아파트(105동 옆),2,255
삼각산아이원아파트(105동 옆),3,317
삼각산아이원아파트(105동 옆),4,560
삼각산아이원아파트(105동 옆),5,500
삼각산아이원아파트(105동 옆),6,622
삼각산아이원아파트(105동 옆),7,448
삼각산아이원아파트(105동 옆),8,459
삼각산아이원아파트(105동 옆),9,339
삼각산아이원아파트(105동 옆),10,287
삼각산아이원아파트(105동 옆),11,384
삼각산아이원아파트(105동 옆),12,274
삼각지 자이아파트,1,1391
삼각지 자이아파트,2,1499
삼각지 자이아파트,3,2863
삼각지 자이아파트,4,4222
삼각지 자이아파트,5,4951
삼각지 자이아파트,6,5265
삼각지 자이아파트,7,4536
삼각지 자이아파트,8,4803
삼각지 자이아파트,9,5630
삼각지 자이아파트,10,5505
삼각지 자이아파트,11,4131
삼각지 자이아파트,12,2254
삼각지12번 출구,1,734
삼각지12번 출구,2,814
삼각지12번 출구,3,1522
삼각지12번 출구,4,1955
삼각지12번 출구,5,2155
삼각지12번 출구,6,2053
삼각지12번 출구,7,1976
삼각지12번 출구,8,1987
삼각지12번 출구,9,2265
삼각지12번 출구,10,2514
삼각지12번 출구,11,2005
삼각지12번 출구,12,1122
삼각지역 14번 출구 앞(교통섬),1,1284
삼각지역 14번 출구 앞(교통섬),2,1409
삼각지역 14번 출구 앞(교통섬),3,2600
삼각지역 14번 출구 앞(교통섬),4,3389
삼각지역 14번 출구 앞(교통섬),5,4312
삼각지역 14번 출구 앞(교통섬),6,4096
삼각지역 14번 출구 앞(교통섬),7,3713
삼각지역 14번 출구 앞(교통섬),8,4071
삼각지역 14번 출구 앞(교통섬),9,4624
삼각지역 14번 출구 앞(교통섬),10,4244
삼각지역 14번 출구 앞(교통섬),11,2779
삼각지역 14번 출구 앞(교통섬),12,1834
삼각지역 3번출구,1,1318
삼각지역 3번출구,2,1603
삼각지역 3번출구,3,2911
삼각지역 3번출구,4,4125
삼각지역 3번출구,5,4616
삼각지역 3번출구,6,4486
삼각지역 3번출구,7,3715
삼각지역 3번출구,8,3232
삼각지역 3번출구,9,4064
삼각지역 3번출구,10,4633
삼각지역 3번출구,11,3321
삼각지역 3번출구,12,1753
삼각지역 4번출구 앞,1,1447
삼각지역 4번출구 앞,2,1556
삼각지역 4번출구 앞,3,2625
삼각지역 4번출구 앞,4,3677
삼각지역 4번출구 앞,5,4370
삼각지역 4번출구 앞,6,4330
삼각지역 4번출구 앞,7,3916
삼각지역 4번출구 앞,8,4067
삼각지역 4번출구 앞,9,4711
삼각지역 4번출구 앞,10,4513
삼각지역 4번출구 앞,11,3359
삼각지역 4번출구 앞,12,1896
삼부르네상스파크빌,1,2018
삼부르네상스파크빌,2,2149
삼부르네상스파크빌,3,3229
삼부르네상스파크빌,4,3720
삼부르네상스파크빌,5,4248
삼부르네상스파크빌,6,4677
삼부르네상스파크빌,7,4493
삼부르네상스파크빌,8,4156
삼부르네상스파크빌,9,4653
삼부르네상스파크빌,10,4689
삼부르네상스파크빌,11,4462
삼부르네상스파크빌,12,2822
삼부아파트1동 앞,1,360
삼부아파트1동 앞,2,293
삼부아파트1동 앞,3,605
삼부아파트1동 앞,4,581
삼부아파트1동 앞,5,676
삼부아파트1동 앞,6,716
삼부아파트1동 앞,7,763
삼부아파트1동 앞,8,599
삼부아파트1동 앞,9,963
삼부아파트1동 앞,10,860
삼부아파트1동 앞,11,594
삼부아파트1동 앞,12,142
삼성SDS,1,3455
삼성SDS,2,4090
삼성SDS,3,8035
삼성SDS,4,10498
삼성SDS,5,11141
삼성SDS,6,10756
삼성SDS,7,9427
삼성SDS,8,8711
삼성SDS,9,10446
삼성SDS,10,11395
삼성SDS,11,9488
삼성SDS,12,5764
삼성광나루아파트 버스정류장,1,1778
삼성광나루아파트 버스정류장,2,2103
삼성광나루아파트 버스정류장,3,4003
삼성광나루아파트 버스정류장,4,5980
삼성광나루아파트 버스정류장,5,6926
삼성광나루아파트 버스정류장,6,6820
삼성광나루아파트 버스정류장,7,5731
삼성광나루아파트 버스정류장,8,5838
삼성광나루아파트 버스정류장,9,7169
삼성광나루아파트 버스정류장,10,7390
삼성광나루아파트 버스정류장,11,4727
삼성광나루아파트 버스정류장,12,2533
삼성도로공원,1,713
삼성도로공원,2,982
삼성도로공원,3,2795
삼성도로공원,4,4201
삼성도로공원,5,4579
삼성도로공원,6,3837
삼성도로공원,7,2799
삼성도로공원,8,2632
삼성도로공원,9,3484
삼성도로공원,10,3261
삼성도로공원,11,2061
삼성도로공원,12,953
삼성디지털프라자관악점,1,1197
삼성디지털프라자관악점,2,1337
삼성디지털프라자관악점,3,2102
삼성디지털프라자관악점,4,3074
삼성디지털프라자관악점,5,3279
삼성디지털프라자관악점,6,3532
삼성디지털프라자관악점,7,3103
삼성디지털프라자관악점,8,2957
삼성디지털프라자관악점,9,3327
삼성디지털프라자관악점,10,3373
삼성디지털프라자관악점,11,2538
삼성디지털프라자관악점,12,1602
삼성사이버빌리지아파트,1,682
삼성사이버빌리지아파트,2,778
삼성사이버빌리지아파트,3,983
삼성사이버빌리지아파트,4,1375
삼성사이버빌리지아파트,5,1250
삼성사이버빌리지아파트,6,1260
삼성사이버빌리지아파트,7,1411
삼성사이버빌리지아파트,8,1311
삼성사이버빌리지아파트,9,1295
삼성사이버빌리지아파트,10,1333
삼성사이버빌리지아파트,11,1243
삼성사이버빌리지아파트,12,784
삼성생명 당산사옥 앞,1,5458
삼성생명 당산사옥 앞,2,5503
삼성생명 당산사옥 앞,3,8596
삼성생명 당산사옥 앞,4,11084
삼성생명 당산사옥 앞,5,12381
삼성생명 당산사옥 앞,6,12787
삼성생명 당산사옥 앞,7,12140
삼성생명 당산사옥 앞,8,11606
삼성생명 당산사옥 앞,9,12937
삼성생명 당산사옥 앞,10,13372
삼성생명 당산사옥 앞,11,11067
삼성생명 당산사옥 앞,12,7522
삼성생명 앞,1,1789
삼성생명 앞,2,1842
삼성생명 앞,3,3003
삼성생명 앞,4,3542
삼성생명 앞,5,3857
삼성생명 앞,6,3957
삼성생명 앞,7,3278
삼성생명 앞,8,3613
삼성생명 앞,9,5142
삼성생명 앞,10,5972
삼성생명 앞,11,4849
삼성생명 앞,12,2984
삼성역 2번출구,4,350
삼성역 2번출구,5,348
삼성역 2번출구,6,345
삼성역 2번출구,7,302
삼성역 2번출구,8,336
삼성역 2번출구,9,426
삼성역 2번출구,10,334
삼성역 3번 출구,1,269
삼성역 3번 출구,2,329
삼성역 3번 출구,3,680
삼성역 3번 출구,4,816
삼성역 3번 출구,5,613
삼성역 3번 출구,6,802
삼성역 3번 출구,7,720
삼성역 3번 출구,8,545
삼성역 3번 출구,9,846
삼성역 3번 출구,10,787
삼성역 3번 출구,11,321
삼성역 3번 출구,12,277
삼성역 5~6번 출구 사이,1,673
삼성역 5~6번 출구 사이,2,743
삼성역 5~6번 출구 사이,3,1122
삼성역 5~6번 출구 사이,4,1360
삼성역 5~6번 출구 사이,5,1328
삼성역 5~6번 출구 사이,6,1483
삼성역 5~6번 출구 사이,7,1258
삼성역 5~6번 출구 사이,8,1030
삼성역 5~6번 출구 사이,9,1479
삼성역 5~6번 출구 사이,10,1446
삼성역 5~6번 출구 사이,11,623
삼성역 5~6번 출구 사이,12,455
삼성역 8번출구,1,423
삼성역 8번출구,2,564
삼성역 8번출구,3,1195
삼성역 8번출구,4,1471
삼성역 8번출구,5,1226
삼성역 8번출구,6,1423
삼성역 8번출구,7,1112
삼성역 8번출구,8,821
삼성역 8번출구,9,1491
삼성역 8번출구,10,1383
삼성역 8번출구,11,607
삼성역 8번출구,12,297
삼성전자 물류센터 앞,1,2471
삼성전자 물류센터 앞,2,2547
삼성전자 물류센터 앞,3,3880
삼성전자 물류센터 앞,4,4852
삼성전자 물류센터 앞,5,5491
삼성전자 물류센터 앞,6,6246
삼성전자 물류센터 앞,7,5929
삼성전자 물류센터 앞,8,5791
삼성전자 물류센터 앞,9,6037
삼성전자 물류센터 앞,10,6616
삼성전자 물류센터 앞,11,5494
삼성전자 물류센터 앞,12,3752
삼성전자R&D어린이집 뒤,1,299
삼성전자R&D어린이집 뒤,2,350
삼성전자R&D어린이집 뒤,3,601
삼성전자R&D어린이집 뒤,4,865
삼성전자R&D어린이집 뒤,5,869
삼성전자R&D어린이집 뒤,6,794
삼성전자R&D어린이집 뒤,7,723
삼성전자R&D어린이집 뒤,8,700
삼성전자R&D어린이집 뒤,9,712
삼성전자R&D어린이집 뒤,10,812
삼성전자R&D어린이집 뒤,11,731
삼성전자R&D어린이집 뒤,12,376
삼성전자서비스 성북센터,1,1322
삼성전자서비스 성북센터,2,1492
삼성전자서비스 성북센터,3,2920
삼성전자서비스 성북센터,4,3926
삼성전자서비스 성북센터,5,4558
삼성전자서비스 성북센터,6,4507
삼성전자서비스 성북센터,7,3754
삼성전자서비스 성북센터,8,3626
삼성전자서비스 성북센터,9,4297
삼성전자서비스 성북센터,10,4557
삼성전자서비스 성북센터,11,3483
삼성전자서비스 성북센터,12,2036
삼성중앙역 5번출구,1,793
삼성중앙역 5번출구,2,786
삼성중앙역 5번출구,3,1260
삼성중앙역 5번출구,4,2160
삼성중앙역 5번출구,5,2298
삼성중앙역 5번출구,6,2244
삼성중앙역 5번출구,7,2354
삼성중앙역 5번출구,8,2138
삼성중앙역 5번출구,9,2244
삼성중앙역 5번출구,10,2188
삼성중앙역 5번출구,11,2136
삼성중앙역 5번출구,12,1126
삼성중앙역4번출구(문화센터더 리빌),1,438
삼성중앙역4번출구(문화센터더 리빌),2,580
삼성중앙역4번출구(문화센터더 리빌),3,1184
삼성중앙역4번출구(문화센터더 리빌),4,1454
삼성중앙역4번출구(문화센터더 리빌),5,1614
삼성중앙역4번출구(문화센터더 리빌),6,1360
삼성중앙역4번출구(문화센터더 리빌),7,1203
삼성중앙역4번출구(문화센터더 리빌),8,989
삼성중앙역4번출구(문화센터더 리빌),9,1201
삼성중앙역4번출구(문화센터더 리빌),10,1264
삼성중앙역4번출구(문화센터더 리빌),11,942
삼성중앙역4번출구(문화센터더 리빌),12,474
삼성중앙역·플래티넘아파트 정류소,1,623
삼성중앙역·플래티넘아파트 정류소,2,648
삼성중앙역·플래티넘아파트 정류소,3,1032
삼성중앙역·플래티넘아파트 정류소,4,1541
삼성중앙역·플래티넘아파트 정류소,5,1854
삼성중앙역·플래티넘아파트 정류소,6,1830
삼성중앙역·플래티넘아파트 정류소,7,1760
삼성중앙역·플래티넘아파트 정류소,8,1536
삼성중앙역·플래티넘아파트 정류소,9,1682
삼성중앙역·플래티넘아파트 정류소,10,1752
삼성중앙역·플래티넘아파트 정류소,11,1600
삼성중앙역·플래티넘아파트 정류소,12,900
삼성타운(삼성생명) A동 맞은편,1,2759
삼성타운(삼성생명) A동 맞은편,2,3293
삼성타운(삼성생명) A동 맞은편,3,5227
삼성타운(삼성생명) A동 맞은편,4,6702
삼성타운(삼성생명) A동 맞은편,5,7139
삼성타운(삼성생명) A동 맞은편,6,6795
삼성타운(삼성생명) A동 맞은편,7,6175
삼성타운(삼성생명) A동 맞은편,8,5099
삼성타운(삼성생명) A동 맞은편,9,6624
삼성타운(삼성생명) A동 맞은편,10,7057
삼성타운(삼성생명) A동 맞은편,11,5732
삼성타운(삼성생명) A동 맞은편,12,3349
삼성화재 사옥 옆,1,2832
삼성화재 사옥 옆,2,3291
삼성화재 사옥 옆,3,6371
삼성화재 사옥 옆,4,8582
삼성화재 사옥 옆,5,9182
삼성화재 사옥 옆,6,8994
삼성화재 사옥 옆,7,7689
삼성화재 사옥 옆,8,7297
삼성화재 사옥 옆,9,9314
삼성화재 사옥 옆,10,9525
삼성화재 사옥 옆,11,6824
삼성화재 사옥 옆,12,4100
삼성화재서초타워,4,413
삼성화재서초타워,5,714
삼성화재서초타워,6,916
삼성화재서초타워,7,885
삼성화재서초타워,8,976
삼성화재서초타워,9,1084
삼성화재서초타워,10,896
삼성화재서초타워,11,840
삼성화재서초타워,12,615
삼양동사거리,1,286
삼양동사거리,2,344
삼양동사거리,3,460
삼양동사거리,4,651
삼양동사거리,5,853
삼양동사거리,6,1219
삼양동사거리,7,1064
삼양동사거리,8,1143
삼양동사거리,9,787
삼양동사거리,10,876
삼양동사거리,11,838
삼양동사거리,12,579
삼양동주민센터 앞,1,353
삼양동주민센터 앞,2,459
삼양동주민센터 앞,3,605
삼양동주민센터 앞,4,860
삼양동주민센터 앞,5,868
삼양동주민센터 앞,6,838
삼양동주민센터 앞,7,580
삼양동주민센터 앞,8,818
삼양동주민센터 앞,9,844
삼양동주민센터 앞,10,758
삼양동주민센터 앞,11,751
삼양동주민센터 앞,12,535
삼양사거리역,1,715
삼양사거리역,2,838
삼양사거리역,3,1253
삼양사거리역,4,1645
삼양사거리역,5,1668
삼양사거리역,6,1669
삼양사거리역,7,1529
삼양사거리역,8,1385
삼양사거리역,9,1701
삼양사거리역,10,1632
삼양사거리역,11,1284
삼양사거리역,12,887
삼양시장오거리,1,641
삼양시장오거리,2,718
삼양시장오거리,3,1221
삼양시장오거리,4,1423
삼양시장오거리,5,1620
삼양시장오거리,6,1634
삼양시장오거리,7,1658
삼양시장오거리,8,1481
삼양시장오거리,9,1740
삼양시장오거리,10,1610
삼양시장오거리,11,1306
삼양시장오거리,12,828
삼양역,1,545
삼양역,2,559
삼양역,3,884
삼양역,4,1106
삼양역,5,1113
삼양역,6,1160
삼양역,7,917
삼양역,8,869
삼양역,9,1009
삼양역,10,925
삼양역,11,818
삼양역,12,572
삼양입구사거리,1,389
삼양입구사거리,2,481
삼양입구사거리,3,842
삼양입구사거리,4,1035
삼양입구사거리,5,1211
삼양입구사거리,6,1281
삼양입구사거리,7,1101
삼양입구사거리,8,1044
삼양입구사거리,9,1203
삼양입구사거리,10,1301
삼양입구사거리,11,965
삼양입구사거리,12,646
삼육대 도서관,1,206
삼육대 도서관,2,248
삼육대 도서관,3,1300
삼육대 도서관,4,2050
삼육대 도서관,5,2123
삼육대 도서관,6,1721
삼육대 도서관,7,985
삼육대 도서관,8,922
삼육대 도서관,9,1679
삼육대 도서관,10,1740
삼육대 도서관,11,1380
삼육대 도서관,12,399
삼육대 입구,1,549
삼육대 입구,2,725
삼육대 입구,3,1598
삼육대 입구,4,2219
삼육대 입구,5,2711
삼육대 입구,6,2283
삼육대 입구,7,1643
삼육대 입구,8,1479
삼육대 입구,9,2333
삼육대 입구,10,2187
삼육대 입구,11,1616
삼육대 입구,12,730
삼육대 제3과학관,1,60
삼육대 제3과학관,2,66
삼육대 제3과학관,3,289
삼육대 제3과학관,4,517
삼육대 제3과학관,5,576
삼육대 제3과학관,6,423
삼육대 제3과학관,7,275
삼육대 제3과학관,8,154
삼육대 제3과학관,9,396
삼육대 제3과학관,10,403
삼육대 제3과학관,11,327
삼육대 제3과학관,12,123
삼육서울병원 버스정류장,1,3674
삼육서울병원 버스정류장,2,4100
삼육서울병원 버스정류장,3,8460
삼육서울병원 버스정류장,4,11132
삼육서울병원 버스정류장,5,13304
삼육서울병원 버스정류장,6,13308
삼육서울병원 버스정류장,7,10713
삼육서울병원 버스정류장,8,11798
삼육서울병원 버스정류장,9,15465
삼육서울병원 버스정류장,10,14718
삼육서울병원 버스정류장,11,11260
삼육서울병원 버스정류장,12,6319
삼익세라믹아파트교차로,1,1326
삼익세라믹아파트교차로,2,1694
삼익세라믹아파트교차로,3,3053
삼익세라믹아파트교차로,4,4014
삼익세라믹아파트교차로,5,4755
삼익세라믹아파트교차로,6,5034
삼익세라믹아파트교차로,7,4442
삼익세라믹아파트교차로,8,4255
삼익세라믹아파트교차로,9,4950
삼익세라믹아파트교차로,10,4653
삼익세라믹아파트교차로,11,3470
삼익세라믹아파트교차로,12,1881
삼익아파트,1,1973
삼익아파트,2,2157
삼익아파트,3,3706
삼익아파트,4,5311
삼익아파트,5,6073
삼익아파트,6,6205
삼익아파트,7,5867
삼익아파트,8,5877
삼익아파트,9,6663
삼익아파트,10,6409
삼익아파트,11,4739
삼익아파트,12,2876
삼일교(시그니쳐 타워),1,1445
삼일교(시그니쳐 타워),2,1742
삼일교(시그니쳐 타워),3,2772
삼일교(시그니쳐 타워),4,3841
삼일교(시그니쳐 타워),5,4474
삼일교(시그니쳐 타워),6,4332
삼일교(시그니쳐 타워),7,4146
삼일교(시그니쳐 타워),8,3629
삼일교(시그니쳐 타워),9,4101
삼일교(시그니쳐 타워),10,4127
삼일교(시그니쳐 타워),11,3652
삼일교(시그니쳐 타워),12,2173
삼일수영장 앞,1,1404
삼일수영장 앞,2,1406
삼일수영장 앞,3,2272
삼일수영장 앞,4,2850
삼일수영장 앞,5,3367
삼일수영장 앞,6,3339
삼일수영장 앞,7,3496
삼일수영장 앞,8,3555
삼일수영장 앞,9,4026
삼일수영장 앞,10,3773
삼일수영장 앞,11,3173
삼일수영장 앞,12,1898
삼일초등학교 인근,1,780
삼일초등학교 인근,2,928
삼일초등학교 인근,3,1334
삼일초등학교 인근,4,1950
삼일초등학교 인근,5,1996
삼일초등학교 인근,6,1992
삼일초등학교 인근,7,2026
삼일초등학교 인근,8,1822
삼일초등학교 인근,9,1941
삼일초등학교 인근,10,2122
삼일초등학교 인근,11,1947
삼일초등학교 인근,12,1100
삼전동주민센터 건너편,1,1423
삼전동주민센터 건너편,2,1617
삼전동주민센터 건너편,3,2650
삼전동주민센터 건너편,4,3990
삼전동주민센터 건너편,5,4934
삼전동주민센터 건너편,6,5016
삼전동주민센터 건너편,7,4187
삼전동주민센터 건너편,8,4349
삼전동주민센터 건너편,9,4691
삼전동주민센터 건너편,10,4967
삼전동주민센터 건너편,11,4627
삼전동주민센터 건너편,12,2785
삼전동주민센터 앞,1,1135
삼전동주민센터 앞,2,1502
삼전동주민센터 앞,3,2324
삼전동주민센터 앞,4,2483
삼전동주민센터 앞,5,2627
삼전동주민센터 앞,6,2612
삼전동주민센터 앞,7,2405
삼전동주민센터 앞,8,2133
삼전동주민센터 앞,9,2445
삼전동주민센터 앞,10,2928
삼전동주민센터 앞,11,2170
삼전동주민센터 앞,12,1305
삼전역 1번출구,1,2493
삼전역 1번출구,2,2827
삼전역 1번출구,3,5245
삼전역 1번출구,4,7123
삼전역 1번출구,5,7994
삼전역 1번출구,6,8033
삼전역 1번출구,7,6862
삼전역 1번출구,8,6409
삼전역 1번출구,9,7319
삼전역 1번출구,10,7950
삼전역 1번출구,11,6116
삼전역 1번출구,12,3582
삼전역 4번출구,1,2495
삼전역 4번출구,2,2868
삼전역 4번출구,3,5246
삼전역 4번출구,4,7330
삼전역 4번출구,5,8397
삼전역 4번출구,6,8604
삼전역 4번출구,7,7416
삼전역 4번출구,8,6889
삼전역 4번출구,9,8326
삼전역 4번출구,10,8207
삼전역 4번출구,11,6295
삼전역 4번출구,12,3571
삼청공원 앞,1,285
삼청공원 앞,2,315
삼청공원 앞,3,586
삼청공원 앞,4,802
삼청공원 앞,5,811
삼청공원 앞,6,761
삼청공원 앞,7,735
삼청공원 앞,8,627
삼청공원 앞,9,724
삼청공원 앞,10,770
삼청공원 앞,11,832
삼청공원 앞,12,406
삼청동 골목,1,1745
삼청동 골목,2,2007
삼청동 골목,3,3501
삼청동 골목,4,4589
삼청동 골목,5,4630
삼청동 골목,6,4216
삼청동 골목,7,3493
삼청동 골목,8,3288
삼청동 골목,9,4281
삼청동 골목,10,4353
삼청동 골목,11,3991
삼청동 골목,12,2307
삼호3차아파트 앞,1,1591
삼호3차아파트 앞,2,1927
삼호3차아파트 앞,3,3432
삼호3차아파트 앞,4,4856
삼호3차아파트 앞,5,5281
삼호3차아파트 앞,6,5627
삼호3차아파트 앞,7,4941
삼호3차아파트 앞,8,4806
삼호3차아파트 앞,9,6098
삼호3차아파트 앞,10,5945
삼호3차아파트 앞,11,3958
삼호3차아파트 앞,12,2323
삼호물산버스정류장(23370) 옆,1,3312
삼호물산버스정류장(23370) 옆,2,3759
삼호물산버스정류장(23370) 옆,3,6644
삼호물산버스정류장(23370) 옆,4,9343
삼호물산버스정류장(23370) 옆,5,9696
삼호물산버스정류장(23370) 옆,6,9789
삼호물산버스정류장(23370) 옆,7,8279
삼호물산버스정류장(23370) 옆,8,7779
삼호물산버스정류장(23370) 옆,9,9640
삼호물산버스정류장(23370) 옆,10,10127
삼호물산버스정류장(23370) 옆,11,7718
삼호물산버스정류장(23370) 옆,12,4487
삼호아파트 2동 ( 간선도로),1,474
삼호아파트 2동 ( 간선도로),2,468
삼호아파트 2동 ( 간선도로),3,677
삼호아파트 2동 ( 간선도로),4,988
삼호아파트 2동 ( 간선도로),5,986
삼호아파트 2동 ( 간선도로),6,937
삼호아파트 2동 ( 간선도로),7,762
삼호아파트 2동 ( 간선도로),8,732
삼호아파트 2동 ( 간선도로),9,990
삼호아파트 2동 ( 간선도로),10,1010
삼호아파트 2동 ( 간선도로),11,841
삼호아파트 2동 ( 간선도로),12,564
삼호아파트 앞,1,760
삼호아파트 앞,2,761
삼호아파트 앞,3,1277
삼호아파트 앞,4,1927
삼호아파트 앞,5,2165
삼호아파트 앞,6,2310
삼호아파트 앞,7,1856
삼호아파트 앞,8,1767
삼호아파트 앞,9,2479
삼호아파트 앞,10,2618
삼호아파트 앞,11,2043
삼호아파트 앞,12,1231
삼환로즈빌아파트 105동 옆,1,1542
삼환로즈빌아파트 105동 옆,2,1711
삼환로즈빌아파트 105동 옆,3,3068
삼환로즈빌아파트 105동 옆,4,3912
삼환로즈빌아파트 105동 옆,5,4460
삼환로즈빌아파트 105동 옆,6,4544
삼환로즈빌아파트 105동 옆,7,3845
삼환로즈빌아파트 105동 옆,8,3668
삼환로즈빌아파트 105동 옆,9,4509
삼환로즈빌아파트 105동 옆,10,5053
삼환로즈빌아파트 105동 옆,11,3786
삼환로즈빌아파트 105동 옆,12,2264
"상계3,4동 주민센터 대여소",1,529
"상계3,4동 주민센터 대여소",2,626
"상계3,4동 주민센터 대여소",3,1008
"상계3,4동 주민센터 대여소",4,1265
"상계3,4동 주민센터 대여소",5,1423
"상계3,4동 주민센터 대여소",6,1347
"상계3,4동 주민센터 대여소",7,1471
"상계3,4동 주민센터 대여소",8,1285
"상계3,4동 주민센터 대여소",9,1511
"상계3,4동 주민센터 대여소",10,1477
"상계3,4동 주민센터 대여소",11,1259
"상계3,4동 주민센터 대여소",12,775
상계8동 주민센터,1,2032
상계8동 주민센터,2,2623
상계8동 주민센터,3,4428
상계8동 주민센터,4,5958
상계8동 주민센터,5,7400
상계8동 주민센터,6,8346
상계8동 주민센터,7,7802
상계8동 주민센터,8,7604
상계8동 주민센터,9,8734
상계8동 주민센터,10,8559
상계8동 주민센터,11,6218
상계8동 주민센터,12,3522
상계공원 입구,1,166
상계공원 입구,2,213
상계공원 입구,3,389
상계공원 입구,4,431
상계공원 입구,5,569
상계공원 입구,6,720
상계공원 입구,7,611
상계공원 입구,8,672
상계공원 입구,9,710
상계공원 입구,10,926
상계공원 입구,11,937
상계공원 입구,12,584
상계근린공원 운동장 앞,1,467
상계근린공원 운동장 앞,2,589
상계근린공원 운동장 앞,3,985
상계근린공원 운동장 앞,4,1463
상계근린공원 운동장 앞,5,1697
상계근린공원 운동장 앞,6,1063
상계근린공원 운동장 앞,7,1141
상계근린공원 운동장 앞,8,1111
상계근린공원 운동장 앞,9,1516
상계근린공원 운동장 앞,10,1292
상계근린공원 운동장 앞,11,1093
상계근린공원 운동장 앞,12,568
상계동 우방유쉘아파트 앞,1,1426
상계동 우방유쉘아파트 앞,2,1710
상계동 우방유쉘아파트 앞,3,2750
상계동 우방유쉘아파트 앞,4,3595
상계동 우방유쉘아파트 앞,5,4083
상계동 우방유쉘아파트 앞,6,4421
상계동 우방유쉘아파트 앞,7,4195
상계동 우방유쉘아파트 앞,8,4109
상계동 우방유쉘아파트 앞,9,4683
상계동 우방유쉘아파트 앞,10,4680
상계동 우방유쉘아파트 앞,11,3457
상계동 우방유쉘아파트 앞,12,1944
상계동수락리버시티,1,1073
상계동수락리버시티,2,1289
상계동수락리버시티,3,1970
상계동수락리버시티,4,2589
상계동수락리버시티,5,2641
상계동수락리버시티,6,2823
상계동수락리버시티,7,2626
상계동수락리버시티,8,2482
상계동수락리버시티,9,2810
상계동수락리버시티,10,2859
상계동수락리버시티,11,2088
상계동수락리버시티,12,1253
상계문화정보도서관,1,900
상계문화정보도서관,2,1002
상계문화정보도서관,3,1688
상계문화정보도서관,4,2328
상계문화정보도서관,5,2840
상계문화정보도서관,6,2978
상계문화정보도서관,7,2823
상계문화정보도서관,8,2848
상계문화정보도서관,9,3222
상계문화정보도서관,10,3370
상계문화정보도서관,11,2495
상계문화정보도서관,12,1481
상계보람아파트 202동,1,152
상계보람아파트 202동,2,173
상계보람아파트 202동,3,347
상계보람아파트 202동,4,532
상계보람아파트 202동,5,446
상계보람아파트 202동,6,825
상계보람아파트 202동,7,978
상계보람아파트 202동,8,793
상계보람아파트 202동,9,804
상계보람아파트 202동,10,871
상계보람아파트 202동,11,748
상계보람아파트 202동,12,478
상계신동아아파트,1,128
상계신동아아파트,2,194
상계신동아아파트,3,311
상계신동아아파트,4,585
상계신동아아파트,5,570
상계신동아아파트,6,500
상계신동아아파트,7,522
상계신동아아파트,8,511
상계신동아아파트,9,447
상계신동아아파트,10,445
상계신동아아파트,11,416
상계신동아아파트,12,181
상계역 3번출구,1,6428
상계역 3번출구,2,7438
상계역 3번출구,3,12267
상계역 3번출구,4,16188
상계역 3번출구,5,18409
상계역 3번출구,6,19191
상계역 3번출구,7,17133
상계역 3번출구,8,15727
상계역 3번출구,9,17777
상계역 3번출구,10,18020
상계역 3번출구,11,14272
상계역 3번출구,12,8841
상계역중앙시장,1,1796
상계역중앙시장,2,2106
상계역중앙시장,3,3524
상계역중앙시장,4,4749
상계역중앙시장,5,5446
상계역중앙시장,6,5227
상계역중앙시장,7,4192
상계역중앙시장,8,4685
상계역중앙시장,9,5307
상계역중앙시장,10,5133
상계역중앙시장,11,4001
상계역중앙시장,12,2309
상계주공 14단지 상가 앞,1,1061
상계주공 14단지 상가 앞,2,1233
상계주공 14단지 상가 앞,3,2052
상계주공 14단지 상가 앞,4,2669
상계주공 14단지 상가 앞,5,3328
상계주공 14단지 상가 앞,6,3517
상계주공 14단지 상가 앞,7,3354
상계주공 14단지 상가 앞,8,3279
상계주공 14단지 상가 앞,9,3616
상계주공 14단지 상가 앞,10,3435
상계주공 14단지 상가 앞,11,2817
상계주공 14단지 상가 앞,12,1769
상계주공10단지 버스정류소,1,1279
상계주공10단지 버스정류소,2,1475
상계주공10단지 버스정류소,3,2416
상계주공10단지 버스정류소,4,3816
상계주공10단지 버스정류소,5,5303
상계주공10단지 버스정류소,6,5778
상계주공10단지 버스정류소,7,3945
상계주공10단지 버스정류소,8,4203
상계주공10단지 버스정류소,9,4850
상계주공10단지 버스정류소,10,4622
상계주공10단지 버스정류소,11,3375
상계주공10단지 버스정류소,12,2050
상계주공10단지 종합상가 앞,1,2934
상계주공10단지 종합상가 앞,2,3259
상계주공10단지 종합상가 앞,3,5665
상계주공10단지 종합상가 앞,4,7398
상계주공10단지 종합상가 앞,5,7378
상계주공10단지 종합상가 앞,6,7228
상계주공10단지 종합상가 앞,7,8254
상계주공10단지 종합상가 앞,8,7580
상계주공10단지 종합상가 앞,9,8957
상계주공10단지 종합상가 앞,10,8303
상계주공10단지 종합상가 앞,11,6295
상계주공10단지 종합상가 앞,12,3884
상계주공13단지 1301동,1,255
상계주공13단지 1301동,2,382
상계주공13단지 1301동,3,564
상계주공13단지 1301동,4,951
상계주공13단지 1301동,5,996
상계주공13단지 1301동,6,1294
상계주공13단지 1301동,7,970
상계주공13단지 1301동,8,941
상계주공13단지 1301동,9,1001
상계주공13단지 1301동,10,891
상계주공13단지 1301동,11,900
상계주공13단지 1301동,12,470
상계주공15단지 1509동 앞,1,467
상계주공15단지 1509동 앞,2,483
상계주공15단지 1509동 앞,3,943
상계주공15단지 1509동 앞,4,1159
상계주공15단지 1509동 앞,5,1350
상계주공15단지 1509동 앞,6,1470
상계주공15단지 1509동 앞,7,1210
상계주공15단지 1509동 앞,8,1230
상계주공15단지 1509동 앞,9,1278
상계주공15단지 1509동 앞,10,1216
상계주공15단지 1509동 앞,11,1000
상계주공15단지 1509동 앞,12,799
상계주공15단지 버스정류소,1,1282
상계주공15단지 버스정류소,2,1477
상계주공15단지 버스정류소,3,2568
상계주공15단지 버스정류소,4,3733
상계주공15단지 버스정류소,5,4343
상계주공15단지 버스정류소,6,4555
상계주공15단지 버스정류소,7,4069
상계주공15단지 버스정류소,8,4275
상계주공15단지 버스정류소,9,4539
상계주공15단지 버스정류소,10,4581
상계주공15단지 버스정류소,11,3451
상계주공15단지 버스정류소,12,2013
상계주공1단지 버스정류장 옆(대원빌딩 앞),1,2796
상계주공1단지 버스정류장 옆(대원빌딩 앞),2,3180
상계주공1단지 버스정류장 옆(대원빌딩 앞),3,4798
상계주공1단지 버스정류장 옆(대원빌딩 앞),4,6582
상계주공1단지 버스정류장 옆(대원빌딩 앞),5,7559
상계주공1단지 버스정류장 옆(대원빌딩 앞),6,7737
상계주공1단지 버스정류장 옆(대원빌딩 앞),7,6746
상계주공1단지 버스정류장 옆(대원빌딩 앞),8,6797
상계주공1단지 버스정류장 옆(대원빌딩 앞),9,7562
상계주공1단지 버스정류장 옆(대원빌딩 앞),10,7559
상계주공1단지 버스정류장 옆(대원빌딩 앞),11,5822
상계주공1단지 버스정류장 옆(대원빌딩 앞),12,3679
상계주공1단지아파트,1,2302
상계주공1단지아파트,2,2356
상계주공1단지아파트,3,3558
상계주공1단지아파트,4,4566
상계주공1단지아파트,5,5274
상계주공1단지아파트,6,5843
상계주공1단지아파트,7,5547
상계주공1단지아파트,8,5894
상계주공1단지아파트,9,5968
상계주공1단지아파트,10,5808
상계주공1단지아파트,11,5213
상계주공1단지아파트,12,3706
상계주공2단지 219동,1,2252
상계주공2단지 219동,2,2297
상계주공2단지 219동,3,3561
상계주공2단지 219동,4,4783
상계주공2단지 219동,5,5631
상계주공2단지 219동,6,6208
상계주공2단지 219동,7,6069
상계주공2단지 219동,8,5875
상계주공2단지 219동,9,6193
상계주공2단지 219동,10,6175
상계주공2단지 219동,11,5353
상계주공2단지 219동,12,3464
상계주공2단지 버스정류장 옆,1,3914
상계주공2단지 버스정류장 옆,2,4157
상계주공2단지 버스정류장 옆,3,6625
상계주공2단지 버스정류장 옆,4,8426
상계주공2단지 버스정류장 옆,5,9604
상계주공2단지 버스정류장 옆,6,10664
상계주공2단지 버스정류장 옆,7,9479
상계주공2단지 버스정류장 옆,8,8788
상계주공2단지 버스정류장 옆,9,9671
상계주공2단지 버스정류장 옆,10,9896
상계주공2단지 버스정류장 옆,11,7983
상계주공2단지 버스정류장 옆,12,5165
상계주공7단지 아파트 앞,1,555
상계주공7단지 아파트 앞,2,633
상계주공7단지 아파트 앞,3,1045
상계주공7단지 아파트 앞,4,1322
상계주공7단지 아파트 앞,5,1602
상계주공7단지 아파트 앞,6,1534
상계주공7단지 아파트 앞,7,1489
상계주공7단지 아파트 앞,8,1668
상계주공7단지 아파트 앞,9,1651
상계주공7단지 아파트 앞,10,1905
상계주공7단지 아파트 앞,11,1730
상계주공7단지 아파트 앞,12,1192
상계주공9단지 버스정류소,6,167
상계주공9단지 버스정류소,8,1
상계중학교(당현2교사거리),1,1313
상계중학교(당현2교사거리),2,1485
상계중학교(당현2교사거리),3,2528
상계중학교(당현2교사거리),4,3659
상계중학교(당현2교사거리),5,3787
상계중학교(당현2교사거리),6,3896
상계중학교(당현2교사거리),7,3477
상계중학교(당현2교사거리),8,3289
상계중학교(당현2교사거리),9,3911
상계중학교(당현2교사거리),10,3826
상계중학교(당현2교사거리),11,3201
상계중학교(당현2교사거리),12,2023
상계초교 입구 교차로,1,475
상계초교 입구 교차로,2,434
상계초교 입구 교차로,3,645
상계초교 입구 교차로,4,800
상계초교 입구 교차로,5,1012
상계초교 입구 교차로,6,1716
상계초교 입구 교차로,7,1647
상계초교 입구 교차로,8,1904
상계초교 입구 교차로,9,1933
상계초교 입구 교차로,10,1889
상계초교 입구 교차로,11,1556
상계초교 입구 교차로,12,1158
상계초교 입구 교차로 명주빌딩 앞,1,1845
상계초교 입구 교차로 명주빌딩 앞,2,1997
상계초교 입구 교차로 명주빌딩 앞,3,1921
상계초교 입구 교차로 명주빌딩 앞,4,2795
상계초교 입구 교차로 명주빌딩 앞,5,3494
상계초교 입구 교차로 명주빌딩 앞,6,3577
상계초교 입구 교차로 명주빌딩 앞,7,3264
상계초교 입구 교차로 명주빌딩 앞,8,3065
상계초교 입구 교차로 명주빌딩 앞,9,3547
상계초교 입구 교차로 명주빌딩 앞,10,4133
상계초교 입구 교차로 명주빌딩 앞,11,3608
상계초교 입구 교차로 명주빌딩 앞,12,2128
상도 아이파크 아파트,1,697
상도 아이파크 아파트,2,816
상도 아이파크 아파트,3,1407
상도 아이파크 아파트,4,1836
상도 아이파크 아파트,5,1736
상도 아이파크 아파트,6,1782
상도 아이파크 아파트,7,1537
상도 아이파크 아파트,8,1529
상도 아이파크 아파트,9,1682
상도 아이파크 아파트,10,1664
상도 아이파크 아파트,11,1472
상도 아이파크 아파트,12,859
상도SH빌아파트 입구,1,198
상도SH빌아파트 입구,2,269
상도SH빌아파트 입구,3,347
상도SH빌아파트 입구,4,429
상도SH빌아파트 입구,5,483
상도SH빌아파트 입구,6,550
상도SH빌아파트 입구,7,576
상도SH빌아파트 입구,8,701
상도SH빌아파트 입구,9,784
상도SH빌아파트 입구,10,699
상도SH빌아파트 입구,11,696
상도SH빌아파트 입구,12,314
상도역 1번출구,1,773
상도역 1번출구,2,834
상도역 1번출구,3,1747
상도역 1번출구,4,2365
상도역 1번출구,5,2639
상도역 1번출구,6,2684
상도역 1번출구,7,2234
상도역 1번출구,8,2026
상도역 1번출구,9,2571
상도역 1번출구,10,2476
상도역 1번출구,11,1771
상도역 1번출구,12,837
상도중앙하이츠빌 입구,1,429
상도중앙하이츠빌 입구,2,535
상도중앙하이츠빌 입구,3,1020
상도중앙하이츠빌 입구,4,1308
상도중앙하이츠빌 입구,5,1416
상도중앙하이츠빌 입구,6,1481
상도중앙하이츠빌 입구,7,1236
상도중앙하이츠빌 입구,8,1180
상도중앙하이츠빌 입구,9,1508
상도중앙하이츠빌 입구,10,1534
상도중앙하이츠빌 입구,11,1173
상도중앙하이츠빌 입구,12,598
상도효성해링턴플레이스,1,598
상도효성해링턴플레이스,2,724
상도효성해링턴플레이스,3,1300
상도효성해링턴플레이스,4,1774
상도효성해링턴플레이스,5,1934
상도효성해링턴플레이스,6,1817
상도효성해링턴플레이스,7,1797
상도효성해링턴플레이스,8,1881
상도효성해링턴플레이스,9,2115
상도효성해링턴플레이스,10,1945
상도효성해링턴플레이스,11,1631
상도효성해링턴플레이스,12,907
상록수아파트,1,717
상록수아파트,2,942
상록수아파트,3,1297
상록수아파트,4,1652
상록수아파트,5,1727
상록수아파트,6,1982
상록수아파트,7,1692
상록수아파트,8,1594
상록수아파트,9,1946
상록수아파트,10,2374
상록수아파트,11,1967
상록수아파트,12,840
상림마을 롯데캐슬2단지 옆,1,154
상림마을 롯데캐슬2단지 옆,2,172
상림마을 롯데캐슬2단지 옆,3,363
상림마을 롯데캐슬2단지 옆,4,629
상림마을 롯데캐슬2단지 옆,5,621
상림마을 롯데캐슬2단지 옆,6,608
상림마을 롯데캐슬2단지 옆,7,461
상림마을 롯데캐슬2단지 옆,8,524
상림마을 롯데캐슬2단지 옆,9,695
상림마을 롯데캐슬2단지 옆,10,606
상림마을 롯데캐슬2단지 옆,11,369
상림마을 롯데캐슬2단지 옆,12,151
상림마을 생태공원,1,523
상림마을 생태공원,2,519
상림마을 생태공원,3,964
상림마을 생태공원,4,1421
상림마을 생태공원,5,1690
상림마을 생태공원,6,1914
상림마을 생태공원,7,1682
상림마을 생태공원,8,1538
상림마을 생태공원,9,1774
상림마을 생태공원,10,1622
상림마을 생태공원,11,1254
상림마을 생태공원,12,685
상명대입구,1,834
상명대입구,2,1012
상명대입구,3,1984
상명대입구,4,2640
상명대입구,5,2742
상명대입구,6,2487
상명대입구,7,2170
상명대입구,8,2071
상명대입구,9,2769
상명대입구,10,2440
상명대입구,11,2123
상명대입구,12,1068
상봉2동 주민센터 앞,1,1150
상봉2동 주민센터 앞,2,1100
상봉2동 주민센터 앞,3,1642
상봉2동 주민센터 앞,4,2851
상봉2동 주민센터 앞,5,3509
상봉2동 주민센터 앞,6,3698
상봉2동 주민센터 앞,7,3202
상봉2동 주민센터 앞,8,2899
상봉2동 주민센터 앞,9,2733
상봉2동 주민센터 앞,10,2858
상봉2동 주민센터 앞,11,2477
상봉2동 주민센터 앞,12,1654
상봉동양엔파트 앞,1,218
상봉동양엔파트 앞,2,241
상봉동양엔파트 앞,3,473
상봉동양엔파트 앞,4,501
상봉동양엔파트 앞,5,601
상봉동양엔파트 앞,6,617
상봉동양엔파트 앞,7,557
상봉동양엔파트 앞,8,544
상봉동양엔파트 앞,9,587
상봉동양엔파트 앞,10,810
상봉동양엔파트 앞,11,886
상봉동양엔파트 앞,12,610
상봉시장앞 교차로 한성빌딩 앞,1,1642
상봉시장앞 교차로 한성빌딩 앞,2,1751
상봉시장앞 교차로 한성빌딩 앞,3,3191
상봉시장앞 교차로 한성빌딩 앞,4,4430
상봉시장앞 교차로 한성빌딩 앞,5,5296
상봉시장앞 교차로 한성빌딩 앞,6,5443
상봉시장앞 교차로 한성빌딩 앞,7,4892
상봉시장앞 교차로 한성빌딩 앞,8,4599
상봉시장앞 교차로 한성빌딩 앞,9,5846
상봉시장앞 교차로 한성빌딩 앞,10,6002
상봉시장앞 교차로 한성빌딩 앞,11,4494
상봉시장앞 교차로 한성빌딩 앞,12,2508
상봉신협 앞,1,1614
상봉신협 앞,2,1629
상봉신협 앞,3,2739
상봉신협 앞,4,3577
상봉신협 앞,5,4063
상봉신협 앞,6,4373
상봉신협 앞,7,3651
상봉신협 앞,8,3711
상봉신협 앞,9,4342
상봉신협 앞,10,4426
상봉신협 앞,11,3599
상봉신협 앞,12,2325
상봉역 1번출구,1,3581
상봉역 1번출구,2,3921
상봉역 1번출구,3,6710
상봉역 1번출구,4,8291
상봉역 1번출구,5,10305
상봉역 1번출구,6,10481
상봉역 1번출구,7,8827
상봉역 1번출구,8,8149
상봉역 1번출구,9,9603
상봉역 1번출구,10,8695
상봉역 1번출구,11,7014
상봉역 1번출구,12,4819
상봉역 2번 출구,1,3335
상봉역 2번 출구,2,3441
상봉역 2번 출구,3,5587
상봉역 2번 출구,4,7220
상봉역 2번 출구,5,8645
상봉역 2번 출구,6,9314
상봉역 2번 출구,7,8055
상봉역 2번 출구,8,7791
상봉역 2번 출구,9,8963
상봉역 2번 출구,10,9628
상봉역 2번 출구,11,8147
상봉역 2번 출구,12,4683
상봉역 3번출구,1,2535
상봉역 3번출구,2,2755
상봉역 3번출구,3,4312
상봉역 3번출구,4,5354
상봉역 3번출구,5,6623
상봉역 3번출구,6,6840
상봉역 3번출구,7,6254
상봉역 3번출구,8,6231
상봉역 3번출구,9,6961
상봉역 3번출구,10,6876
상봉역 3번출구,11,5449
상봉역 3번출구,12,3724
상봉터미널2,1,3161
상봉터미널2,2,3550
상봉터미널2,3,5653
상봉터미널2,4,7472
상봉터미널2,5,8347
상봉터미널2,6,9010
상봉터미널2,7,8251
상봉터미널2,8,8241
상봉터미널2,9,9063
상봉터미널2,10,9125
상봉터미널2,11,7305
상봉터미널2,12,4492
상사마을 버스정류장(아라대교방면),1,468
상사마을 버스정류장(아라대교방면),2,497
상사마을 버스정류장(아라대교방면),3,693
상사마을 버스정류장(아라대교방면),4,991
상사마을 버스정류장(아라대교방면),5,1175
상사마을 버스정류장(아라대교방면),6,1243
상사마을 버스정류장(아라대교방면),7,946
상사마을 버스정류장(아라대교방면),8,905
상사마을 버스정류장(아라대교방면),9,1105
상사마을 버스정류장(아라대교방면),10,1130
상사마을 버스정류장(아라대교방면),11,686
상사마을 버스정류장(아라대교방면),12,362
상수역 2번출구 앞,1,1650
상수역 2번출구 앞,2,2085
상수역 2번출구 앞,3,4715
상수역 2번출구 앞,4,6429
상수역 2번출구 앞,5,6449
상수역 2번출구 앞,6,5552
상수역 2번출구 앞,7,4528
상수역 2번출구 앞,8,4581
상수역 2번출구 앞,9,6810
상수역 2번출구 앞,10,6842
상수역 2번출구 앞,11,4399
상수역 2번출구 앞,12,2230
상수역새마을금고,1,662
상수역새마을금고,2,726
상수역새마을금고,3,1684
상수역새마을금고,4,2125
상수역새마을금고,5,2394
상수역새마을금고,6,2143
상수역새마을금고,7,1566
상수역새마을금고,8,1703
상수역새마을금고,9,2116
상수역새마을금고,10,2431
상수역새마을금고,11,1711
상수역새마을금고,12,743
상신초등학교앞 버스정류장,1,1600
상신초등학교앞 버스정류장,2,1684
상신초등학교앞 버스정류장,3,2894
상신초등학교앞 버스정류장,4,3898
상신초등학교앞 버스정류장,5,4329
상신초등학교앞 버스정류장,6,4939
상신초등학교앞 버스정류장,7,4569
상신초등학교앞 버스정류장,8,4358
상신초등학교앞 버스정류장,9,4885
상신초등학교앞 버스정류장,10,5016
상신초등학교앞 버스정류장,11,3895
상신초등학교앞 버스정류장,12,2299
상아빌딩(우림시장 교차로),1,1945
상아빌딩(우림시장 교차로),2,2031
상아빌딩(우림시장 교차로),3,3567
상아빌딩(우림시장 교차로),4,4675
상아빌딩(우림시장 교차로),5,5272
상아빌딩(우림시장 교차로),6,5343
상아빌딩(우림시장 교차로),7,4996
상아빌딩(우림시장 교차로),8,4581
상아빌딩(우림시장 교차로),9,5459
상아빌딩(우림시장 교차로),10,5485
상아빌딩(우림시장 교차로),11,4548
상아빌딩(우림시장 교차로),12,2692
상암동주민센터 옆,1,2983
상암동주민센터 옆,2,3353
상암동주민센터 옆,3,5775
상암동주민센터 옆,4,7400
상암동주민센터 옆,5,8071
상암동주민센터 옆,6,8204
상암동주민센터 옆,7,7644
상암동주민센터 옆,8,7855
상암동주민센터 옆,9,8460
상암동주민센터 옆,10,9196
상암동주민센터 옆,11,7322
상암동주민센터 옆,12,4010
상암센터,1,7
상암센터,2,15
상암센터,3,7
상암센터,5,26
상암센터,6,23
상암센터,7,32
상암센터,8,18
상암센터,9,30
상암센터,10,21
상암센터,11,14
상암센터,12,13
상암월드컵파크 10단지 앞,1,2041
상암월드컵파크 10단지 앞,2,2030
상암월드컵파크 10단지 앞,3,3286
상암월드컵파크 10단지 앞,4,4065
상암월드컵파크 10단지 앞,5,4648
상암월드컵파크 10단지 앞,6,4865
상암월드컵파크 10단지 앞,7,4496
상암월드컵파크 10단지 앞,8,4543
상암월드컵파크 10단지 앞,9,5372
상암월드컵파크 10단지 앞,10,5495
상암월드컵파크 10단지 앞,11,4352
상암월드컵파크 10단지 앞,12,2582
상암월드컵파크 1단지 교차로,1,1605
상암월드컵파크 1단지 교차로,2,1683
상암월드컵파크 1단지 교차로,3,2871
상암월드컵파크 1단지 교차로,4,3282
상암월드컵파크 1단지 교차로,5,3181
상암월드컵파크 1단지 교차로,6,3267
상암월드컵파크 1단지 교차로,7,2922
상암월드컵파크 1단지 교차로,8,3011
상암월드컵파크 1단지 교차로,9,3243
상암월드컵파크 1단지 교차로,10,3402
상암월드컵파크 1단지 교차로,11,3020
상암월드컵파크 1단지 교차로,12,1898
상암월드컵파크 3단지 후문,1,1109
상암월드컵파크 3단지 후문,2,1246
상암월드컵파크 3단지 후문,3,2258
상암월드컵파크 3단지 후문,4,3185
상암월드컵파크 3단지 후문,5,3327
상암월드컵파크 3단지 후문,6,3388
상암월드컵파크 3단지 후문,7,2667
상암월드컵파크 3단지 후문,8,2655
상암월드컵파크 3단지 후문,9,3558
상암월드컵파크 3단지 후문,10,3715
상암월드컵파크 3단지 후문,11,2039
상암월드컵파크 3단지 후문,12,1403
상암월드컵파크 7단지 앞,1,1184
상암월드컵파크 7단지 앞,2,1228
상암월드컵파크 7단지 앞,3,2311
상암월드컵파크 7단지 앞,4,3252
상암월드컵파크 7단지 앞,5,3405
상암월드컵파크 7단지 앞,6,3745
상암월드컵파크 7단지 앞,7,3185
상암월드컵파크 7단지 앞,8,3260
상암월드컵파크 7단지 앞,9,3845
상암월드컵파크 7단지 앞,10,3581
상암월드컵파크 7단지 앞,11,2609
상암월드컵파크 7단지 앞,12,1572
상암월드컵파크 9단지 앞,1,1392
상암월드컵파크 9단지 앞,2,1393
상암월드컵파크 9단지 앞,3,2391
상암월드컵파크 9단지 앞,4,2931
상암월드컵파크 9단지 앞,5,3199
상암월드컵파크 9단지 앞,6,3283
상암월드컵파크 9단지 앞,7,3137
상암월드컵파크 9단지 앞,8,2975
상암월드컵파크 9단지 앞,9,3530
상암월드컵파크 9단지 앞,10,3442
상암월드컵파크 9단지 앞,11,2806
상암월드컵파크 9단지 앞,12,1626
상암월드컵파크5단지(상암중학교),1,564
상암월드컵파크5단지(상암중학교),2,591
상암월드컵파크5단지(상암중학교),3,1436
상암월드컵파크5단지(상암중학교),4,2098
상암월드컵파크5단지(상암중학교),5,2196
상암월드컵파크5단지(상암중학교),6,2341
상암월드컵파크5단지(상암중학교),7,2120
상암월드컵파크5단지(상암중학교),8,2192
상암월드컵파크5단지(상암중학교),9,2567
상암월드컵파크5단지(상암중학교),10,2481
상암월드컵파크5단지(상암중학교),11,1974
상암월드컵파크5단지(상암중학교),12,1062
상암중학교 옆,1,517
상암중학교 옆,2,553
상암중학교 옆,3,1107
상암중학교 옆,4,1397
상암중학교 옆,5,1535
상암중학교 옆,6,1826
상암중학교 옆,7,1487
상암중학교 옆,8,1267
상암중학교 옆,9,1606
상암중학교 옆,10,1416
상암중학교 옆,11,1003
상암중학교 옆,12,576
상암한샘빌딩앞,1,1362
상암한샘빌딩앞,2,1421
상암한샘빌딩앞,3,2748
상암한샘빌딩앞,4,3655
상암한샘빌딩앞,5,4256
상암한샘빌딩앞,6,3913
상암한샘빌딩앞,7,3246
상암한샘빌딩앞,8,3407
상암한샘빌딩앞,9,4248
상암한샘빌딩앞,10,4395
상암한샘빌딩앞,11,3411
상암한샘빌딩앞,12,2142
상암한화오벨리스크 1차 앞,1,2180
상암한화오벨리스크 1차 앞,2,2281
상암한화오벨리스크 1차 앞,3,4015
상암한화오벨리스크 1차 앞,4,4897
상암한화오벨리스크 1차 앞,5,5267
상암한화오벨리스크 1차 앞,6,5804
상암한화오벨리스크 1차 앞,7,5504
상암한화오벨리스크 1차 앞,8,5689
상암한화오벨리스크 1차 앞,9,6277
상암한화오벨리스크 1차 앞,10,5945
상암한화오벨리스크 1차 앞,11,4583
상암한화오벨리스크 1차 앞,12,2901
상왕십리역 1번출구,1,4072
상왕십리역 1번출구,2,4192
상왕십리역 1번출구,3,6786
상왕십리역 1번출구,4,8430
상왕십리역 1번출구,5,8763
상왕십리역 1번출구,6,8879
상왕십리역 1번출구,7,8453
상왕십리역 1번출구,8,7918
상왕십리역 1번출구,9,8677
상왕십리역 1번출구,10,8902
상왕십리역 1번출구,11,8165
상왕십리역 1번출구,12,5148
상왕십리역 4번 출구 앞,1,1469
상왕십리역 4번 출구 앞,2,1746
상왕십리역 4번 출구 앞,3,2774
상왕십리역 4번 출구 앞,4,3415
상왕십리역 4번 출구 앞,5,3347
상왕십리역 4번 출구 앞,6,3482
상왕십리역 4번 출구 앞,7,3307
상왕십리역 4번 출구 앞,8,3247
상왕십리역 4번 출구 앞,9,3446
상왕십리역 4번 출구 앞,10,3542
상왕십리역 4번 출구 앞,11,3052
상왕십리역 4번 출구 앞,12,1895
상왕십리역 6번 출입구,1,891
상왕십리역 6번 출입구,2,986
상왕십리역 6번 출입구,3,1727
상왕십리역 6번 출입구,4,2265
상왕십리역 6번 출입구,5,2079
상왕십리역 6번 출입구,6,2409
상왕십리역 6번 출입구,7,2441
상왕십리역 6번 출입구,8,2355
상왕십리역 6번 출입구,9,2504
상왕십리역 6번 출입구,10,2903
상왕십리역 6번 출입구,11,2650
상왕십리역 6번 출입구,12,1445
상원삼거리 장안철교 아래,1,820
상원삼거리 장안철교 아래,2,759
상원삼거리 장안철교 아래,3,1412
상원삼거리 장안철교 아래,4,2295
상원삼거리 장안철교 아래,5,2253
상원삼거리 장안철교 아래,6,2194
상원삼거리 장안철교 아래,7,1888
상원삼거리 장안철교 아래,8,1789
상원삼거리 장안철교 아래,9,2544
상원삼거리 장안철교 아래,10,3288
상원삼거리 장안철교 아래,11,2423
상원삼거리 장안철교 아래,12,1544
상월곡역 1번출구,1,1368
상월곡역 1번출구,2,1504
상월곡역 1번출구,3,2912
상월곡역 1번출구,4,3788
상월곡역 1번출구,5,3594
상월곡역 1번출구,6,3848
상월곡역 1번출구,7,3260
상월곡역 1번출구,8,2824
상월곡역 1번출구,9,3638
상월곡역 1번출구,10,3797
상월곡역 1번출구,11,2966
상월곡역 1번출구,12,1847
상월곡역 3번출구,1,1924
상월곡역 3번출구,2,2099
상월곡역 3번출구,3,3279
상월곡역 3번출구,4,3608
상월곡역 3번출구,5,4865
상월곡역 3번출구,6,5206
상월곡역 3번출구,7,4523
상월곡역 3번출구,8,4271
상월곡역 3번출구,9,5409
상월곡역 3번출구,10,5649
상월곡역 3번출구,11,4362
상월곡역 3번출구,12,2491
상월곡역 4번출구,1,886
상월곡역 4번출구,2,1028
상월곡역 4번출구,3,2022
상월곡역 4번출구,4,2904
상월곡역 4번출구,5,2618
상월곡역 4번출구,6,2487
상월곡역 4번출구,7,2126
상월곡역 4번출구,8,2060
상월곡역 4번출구,9,2381
상월곡역 4번출구,10,2382
상월곡역 4번출구,11,1891
상월곡역 4번출구,12,1170
상일동산(동아아파트앞 교차로),1,348
상일동산(동아아파트앞 교차로),2,509
상일동산(동아아파트앞 교차로),3,751
상일동산(동아아파트앞 교차로),4,1077
상일동산(동아아파트앞 교차로),5,1294
상일동산(동아아파트앞 교차로),6,1356
상일동산(동아아파트앞 교차로),7,1163
상일동산(동아아파트앞 교차로),8,1035
상일동산(동아아파트앞 교차로),9,1173
상일동산(동아아파트앞 교차로),10,1351
상일동산(동아아파트앞 교차로),11,943
상일동산(동아아파트앞 교차로),12,517
상일동역 2번출구 앞,1,2794
상일동역 2번출구 앞,2,3452
상일동역 2번출구 앞,3,5838
상일동역 2번출구 앞,4,7943
상일동역 2번출구 앞,5,9717
상일동역 2번출구 앞,6,10686
상일동역 2번출구 앞,7,8589
상일동역 2번출구 앞,8,7972
상일동역 2번출구 앞,9,9771
상일동역 2번출구 앞,10,9871
상일동역 2번출구 앞,11,7703
상일동역 2번출구 앞,12,4514
상일초등학교,1,1033
상일초등학교,2,1169
상일초등학교,3,2083
상일초등학교,4,2927
상일초등학교,5,3160
상일초등학교,6,3053
상일초등학교,7,2596
상일초등학교,8,2401
상일초등학교,9,3056
상일초등학교,10,3088
상일초등학교,11,2477
상일초등학교,12,1417
상일파출소 옆,1,1121
상일파출소 옆,2,1217
상일파출소 옆,3,2108
상일파출소 옆,4,3129
상일파출소 옆,5,3436
상일파출소 옆,6,3762
상일파출소 옆,7,3452
상일파출소 옆,8,3283
상일파출소 옆,9,3951
상일파출소 옆,10,4098
상일파출소 옆,11,3204
상일파출소 옆,12,1674
새말소공원,1,4328
새말소공원,2,4325
새말소공원,3,6821
새말소공원,4,8287
새말소공원,5,9019
새말소공원,6,9562
새말소공원,7,9114
새말소공원,8,9108
새말소공원,9,10095
새말소공원,10,10393
새말소공원,11,9064
새말소공원,12,6350
새솔초등학교,1,617
새솔초등학교,2,625
새솔초등학교,3,1042
새솔초등학교,4,1437
새솔초등학교,5,1603
새솔초등학교,6,1584
새솔초등학교,7,1499
새솔초등학교,8,1093
새솔초등학교,9,1484
새솔초등학교,10,1731
새솔초등학교,11,1488
새솔초등학교,12,792
새우개마을,1,305
새우개마을,2,339
새우개마을,3,594
새우개마을,4,811
새우개마을,5,984
새우개마을,6,1034
새우개마을,7,788
새우개마을,8,765
새우개마을,9,949
새우개마을,10,913
새우개마을,11,827
새우개마을,12,519
새절역 2번출구,1,3925
새절역 2번출구,2,4720
새절역 2번출구,3,9206
새절역 2번출구,4,12768
새절역 2번출구,5,12880
새절역 2번출구,6,12593
새절역 2번출구,7,10233
새절역 2번출구,8,9215
새절역 2번출구,9,12745
새절역 2번출구,10,12581
새절역 2번출구,11,8508
새절역 2번출구,12,4867
새정이마을버스정류장 앞,1,15
새정이마을버스정류장 앞,2,10
새정이마을버스정류장 앞,3,60
새정이마을버스정류장 앞,4,129
새정이마을버스정류장 앞,5,126
새정이마을버스정류장 앞,6,108
새정이마을버스정류장 앞,7,58
새정이마을버스정류장 앞,8,97
새정이마을버스정류장 앞,9,94
새정이마을버스정류장 앞,10,110
새정이마을버스정류장 앞,11,58
새정이마을버스정류장 앞,12,18
샛강생태공원방문자센터 앞,1,886
샛강생태공원방문자센터 앞,2,1114
샛강생태공원방문자센터 앞,3,2260
샛강생태공원방문자센터 앞,4,3704
샛강생태공원방문자센터 앞,5,3196
샛강생태공원방문자센터 앞,6,3142
샛강생태공원방문자센터 앞,7,2426
샛강생태공원방문자센터 앞,8,2299
샛강생태공원방문자센터 앞,9,3092
샛강생태공원방문자센터 앞,10,3121
샛강생태공원방문자센터 앞,11,2154
샛강생태공원방문자센터 앞,12,1177
샛강역 1번출구 앞,1,3433
샛강역 1번출구 앞,2,3982
샛강역 1번출구 앞,3,6969
샛강역 1번출구 앞,4,9347
샛강역 1번출구 앞,5,9203
샛강역 1번출구 앞,6,9483
샛강역 1번출구 앞,7,8395
샛강역 1번출구 앞,8,8155
샛강역 1번출구 앞,9,9358
샛강역 1번출구 앞,10,10278
샛강역 1번출구 앞,11,7820
샛강역 1번출구 앞,12,4876
샛마을 근린공원,1,1101
샛마을 근린공원,2,1310
샛마을 근린공원,3,2164
샛마을 근린공원,4,3304
샛마을 근린공원,5,3633
샛마을 근린공원,6,3876
샛마을 근린공원,7,3358
샛마을 근린공원,8,3083
샛마을 근린공원,9,3631
샛마을 근린공원,10,3532
샛마을 근린공원,11,2788
샛마을 근린공원,12,1347
생각공장당산,9,271
생각공장당산,10,845
생각공장당산,11,995
생각공장당산,12,677
생명의 전화 종합복지관 앞 교차로,1,2021
생명의 전화 종합복지관 앞 교차로,2,2189
생명의 전화 종합복지관 앞 교차로,3,3865
생명의 전화 종합복지관 앞 교차로,4,4719
생명의 전화 종합복지관 앞 교차로,5,5356
생명의 전화 종합복지관 앞 교차로,6,5572
생명의 전화 종합복지관 앞 교차로,7,4757
생명의 전화 종합복지관 앞 교차로,8,4359
생명의 전화 종합복지관 앞 교차로,9,5617
생명의 전화 종합복지관 앞 교차로,10,5494
생명의 전화 종합복지관 앞 교차로,11,4444
생명의 전화 종합복지관 앞 교차로,12,2793
생태공원앞 교차로(조명탑),1,160
생태공원앞 교차로(조명탑),2,217
생태공원앞 교차로(조명탑),3,498
생태공원앞 교차로(조명탑),4,692
생태공원앞 교차로(조명탑),5,825
생태공원앞 교차로(조명탑),6,849
생태공원앞 교차로(조명탑),7,651
생태공원앞 교차로(조명탑),8,491
생태공원앞 교차로(조명탑),9,683
생태공원앞 교차로(조명탑),10,738
생태공원앞 교차로(조명탑),11,513
생태공원앞 교차로(조명탑),12,214
서강나루 공원,1,2182
서강나루 공원,2,2632
서강나루 공원,3,5227
서강나루 공원,4,7479
서강나루 공원,5,8295
서강나루 공원,6,7850
서강나루 공원,7,6470
서강나루 공원,8,6353
서강나루 공원,9,8554
서강나루 공원,10,8291
서강나루 공원,11,5228
서강나루 공원,12,2909
서강대 남문 옆,1,817
서강대 남문 옆,2,896
서강대 남문 옆,3,1869
서강대 남문 옆,4,2052
서강대 남문 옆,5,2402
서강대 남문 옆,6,2082
서강대 남문 옆,7,2069
서강대 남문 옆,8,1871
서강대 남문 옆,9,2719
서강대 남문 옆,10,1812
서강대 남문 옆,11,1497
서강대 남문 옆,12,754
서강대 정문 건너편,1,2437
서강대 정문 건너편,2,2548
서강대 정문 건너편,3,4562
서강대 정문 건너편,4,5440
서강대 정문 건너편,5,5537
서강대 정문 건너편,6,5073
서강대 정문 건너편,7,4658
서강대 정문 건너편,8,4560
서강대 정문 건너편,9,5337
서강대 정문 건너편,10,5894
서강대 정문 건너편,11,4872
서강대 정문 건너편,12,3044
서강대 후문 옆,1,2261
서강대 후문 옆,2,2344
서강대 후문 옆,3,4349
서강대 후문 옆,4,4982
서강대 후문 옆,5,5448
서강대 후문 옆,6,5238
서강대 후문 옆,7,4634
서강대 후문 옆,8,4490
서강대 후문 옆,9,6032
서강대 후문 옆,10,5975
서강대 후문 옆,11,4868
서강대 후문 옆,12,2865
서강대역 2번출구 앞,1,2118
서강대역 2번출구 앞,2,2251
서강대역 2번출구 앞,3,4413
서강대역 2번출구 앞,4,5409
서강대역 2번출구 앞,5,5484
서강대역 2번출구 앞,6,5278
서강대역 2번출구 앞,7,4936
서강대역 2번출구 앞,8,4522
서강대역 2번출구 앞,9,5462
서강대역 2번출구 앞,10,5352
서강대역 2번출구 앞,11,4077
서강대역 2번출구 앞,12,2602
서경팰리스 앞,1,367
서경팰리스 앞,2,359
서경팰리스 앞,3,663
서경팰리스 앞,4,1133
서경팰리스 앞,5,1216
서경팰리스 앞,6,1370
서경팰리스 앞,7,1128
서경팰리스 앞,8,1182
서경팰리스 앞,9,1231
서경팰리스 앞,10,1251
서경팰리스 앞,11,1163
서경팰리스 앞,12,802
서교동 사거리,1,2394
서교동 사거리,2,2918
서교동 사거리,3,5059
서교동 사거리,4,6659
서교동 사거리,5,7454
서교동 사거리,6,7148
서교동 사거리,7,6255
서교동 사거리,8,6063
서교동 사거리,9,7105
서교동 사거리,10,7654
서교동 사거리,11,5716
서교동 사거리,12,3190
서남물재생센터 버스정류장,1,26
서남물재생센터 버스정류장,2,24
서남물재생센터 버스정류장,3,39
서남물재생센터 버스정류장,4,8
서남병원 후문,1,1284
서남병원 후문,2,1509
서남병원 후문,3,2577
서남병원 후문,4,3516
서남병원 후문,5,3741
서남병원 후문,6,4352
서남병원 후문,7,3700
서남병원 후문,8,3516
서남병원 후문,9,4376
서남병원 후문,10,4600
서남병원 후문,11,3854
서남병원 후문,12,2126
서남환경공원 버스정류장,1,3665
서남환경공원 버스정류장,2,3995
서남환경공원 버스정류장,3,5812
서남환경공원 버스정류장,4,7518
서남환경공원 버스정류장,5,9332
서남환경공원 버스정류장,6,9759
서남환경공원 버스정류장,7,9075
서남환경공원 버스정류장,8,8373
서남환경공원 버스정류장,9,9428
서남환경공원 버스정류장,10,9843
서남환경공원 버스정류장,11,8177
서남환경공원 버스정류장,12,5129
서남환경공원(방화동도시개발2단지방향),1,1231
서남환경공원(방화동도시개발2단지방향),2,1244
서남환경공원(방화동도시개발2단지방향),3,1158
서남환경공원(방화동도시개발2단지방향),4,1424
서남환경공원(방화동도시개발2단지방향),5,1928
서남환경공원(방화동도시개발2단지방향),6,1876
서남환경공원(방화동도시개발2단지방향),7,1673
서남환경공원(방화동도시개발2단지방향),8,1663
서남환경공원(방화동도시개발2단지방향),9,2338
서남환경공원(방화동도시개발2단지방향),10,2522
서남환경공원(방화동도시개발2단지방향),11,2084
서남환경공원(방화동도시개발2단지방향),12,1333
서대문구청,1,1263
서대문구청,2,1248
서대문구청,3,2234
서대문구청,4,3228
서대문구청,5,2660
서대문구청,6,2585
서대문구청,7,2364
서대문구청,8,2163
서대문구청,9,2733
서대문구청,10,2413
서대문구청,11,2146
서대문구청,12,1281
서대문역 2번 출구,1,1364
서대문역 2번 출구,2,1620
서대문역 2번 출구,3,3200
서대문역 2번 출구,4,4140
서대문역 2번 출구,5,4501
서대문역 2번 출구,6,4348
서대문역 2번 출구,7,3846
서대문역 2번 출구,8,3898
서대문역 2번 출구,9,4376
서대문역 2번 출구,10,4459
서대문역 2번 출구,11,3846
서대문역 2번 출구,12,2204
서대문역 8번출구 앞,1,942
서대문역 8번출구 앞,2,1063
서대문역 8번출구 앞,3,1723
서대문역 8번출구 앞,4,2253
서대문역 8번출구 앞,5,2019
서대문역 8번출구 앞,6,2113
서대문역 8번출구 앞,7,2144
서대문역 8번출구 앞,8,1920
서대문역 8번출구 앞,9,2109
서대문역 8번출구 앞,10,2228
서대문역 8번출구 앞,11,2011
서대문역 8번출구 앞,12,1292
서대문우체국 정류소 옆,1,70
서대문우체국 정류소 옆,2,36
서대문우체국 정류소 옆,3,141
서대문우체국 정류소 옆,4,198
서대문우체국 정류소 옆,5,194
서대문우체국 정류소 옆,6,276
서대문우체국 정류소 옆,7,235
서대문우체국 정류소 옆,8,195
서대문우체국 정류소 옆,9,229
서대문우체국 정류소 옆,10,285
서대문우체국 정류소 옆,11,334
서대문우체국 정류소 옆,12,227
서대문자연사박물관 입구,1,205
서대문자연사박물관 입구,2,293
서대문자연사박물관 입구,3,556
서대문자연사박물관 입구,4,723
서대문자연사박물관 입구,5,677
서대문자연사박물관 입구,6,702
서대문자연사박물관 입구,7,553
서대문자연사박물관 입구,8,544
서대문자연사박물관 입구,9,733
서대문자연사박물관 입구,10,576
서대문자연사박물관 입구,11,400
서대문자연사박물관 입구,12,214
서래공원 앞,1,676
서래공원 앞,2,848
서래공원 앞,3,1562
서래공원 앞,4,2457
서래공원 앞,5,2764
서래공원 앞,6,2587
서래공원 앞,7,2051
서래공원 앞,8,1867
서래공원 앞,9,2586
서래공원 앞,10,2714
서래공원 앞,11,2162
서래공원 앞,12,1087
서래마을파리15구공원앞,1,112
서래마을파리15구공원앞,2,160
서래마을파리15구공원앞,3,304
서래마을파리15구공원앞,4,421
서래마을파리15구공원앞,5,441
서래마을파리15구공원앞,6,452
서래마을파리15구공원앞,7,523
서래마을파리15구공원앞,8,136
서부식자재마트 건너편,1,3182
서부식자재마트 건너편,2,3355
서부식자재마트 건너편,3,5627
서부식자재마트 건너편,4,7255
서부식자재마트 건너편,5,8302
서부식자재마트 건너편,6,8864
서부식자재마트 건너편,7,7665
서부식자재마트 건너편,8,6929
서부식자재마트 건너편,9,8394
서부식자재마트 건너편,10,8791
서부식자재마트 건너편,11,6939
서부식자재마트 건너편,12,4551
서부운전면허시험장,1,864
서부운전면허시험장,2,1027
서부운전면허시험장,3,2084
서부운전면허시험장,4,2783
서부운전면허시험장,5,3129
서부운전면허시험장,6,3126
서부운전면허시험장,7,2696
서부운전면허시험장,8,2762
서부운전면허시험장,9,3274
서부운전면허시험장,10,3429
서부운전면허시험장,11,2623
서부운전면허시험장,12,1592
서빙고동 금호맨션 앞,1,467
서빙고동 금호맨션 앞,2,647
서빙고동 금호맨션 앞,3,1438
서빙고동 금호맨션 앞,4,2056
서빙고동 금호맨션 앞,5,2108
서빙고동 금호맨션 앞,6,1830
서빙고동 금호맨션 앞,7,1227
서빙고동 금호맨션 앞,8,1211
서빙고동 금호맨션 앞,9,1841
서빙고동 금호맨션 앞,10,2374
서빙고동 금호맨션 앞,11,1580
서빙고동 금호맨션 앞,12,620
서빙고동 주민센터 앞,1,2591
서빙고동 주민센터 앞,2,3892
서빙고동 주민센터 앞,3,7815
서빙고동 주민센터 앞,4,11688
서빙고동 주민센터 앞,5,14389
서빙고동 주민센터 앞,6,13036
서빙고동 주민센터 앞,7,10002
서빙고동 주민센터 앞,8,10011
서빙고동 주민센터 앞,9,14415
서빙고동 주민센터 앞,10,12832
서빙고동 주민센터 앞,11,6502
서빙고동 주민센터 앞,12,2898
서빙고역 광장(1번출구),1,413
서빙고역 광장(1번출구),2,497
서빙고역 광장(1번출구),3,969
서빙고역 광장(1번출구),4,1364
서빙고역 광장(1번출구),5,1487
서빙고역 광장(1번출구),6,1509
서빙고역 광장(1번출구),7,1352
서빙고역 광장(1번출구),8,1282
서빙고역 광장(1번출구),9,1584
서빙고역 광장(1번출구),10,1575
서빙고역 광장(1번출구),11,1175
서빙고역 광장(1번출구),12,657
서서울모터리움 앞,1,1350
서서울모터리움 앞,2,1536
서서울모터리움 앞,3,2755
서서울모터리움 앞,4,3463
서서울모터리움 앞,5,3679
서서울모터리움 앞,6,3722
서서울모터리움 앞,7,3410
서서울모터리움 앞,8,3085
서서울모터리움 앞,9,3691
서서울모터리움 앞,10,3968
서서울모터리움 앞,11,3119
서서울모터리움 앞,12,1969
서소문성지역사박물관,1,399
서소문성지역사박물관,2,471
서소문성지역사박물관,3,884
서소문성지역사박물관,4,1198
서소문성지역사박물관,5,1357
서소문성지역사박물관,6,1452
서소문성지역사박물관,7,1355
서소문성지역사박물관,8,1195
서소문성지역사박물관,9,1520
서소문성지역사박물관,10,1420
서소문성지역사박물관,11,1080
서소문성지역사박물관,12,645
서소문역사공원,1,157
서소문역사공원,2,221
서소문역사공원,3,364
서소문역사공원,4,564
서소문역사공원,5,557
서소문역사공원,6,478
서소문역사공원,7,498
서소문역사공원,8,480
서소문역사공원,9,603
서소문역사공원,10,591
서소문역사공원,11,474
서소문역사공원,12,282
서우빌딩,1,2045
서우빌딩,2,2259
서우빌딩,3,3349
서우빌딩,4,4133
서우빌딩,5,4708
서우빌딩,6,4873
서우빌딩,7,4687
서우빌딩,8,4365
서우빌딩,9,4811
서우빌딩,10,4904
서우빌딩,11,3827
서우빌딩,12,2364
서울 논현동우체국 앞,1,319
서울 논현동우체국 앞,2,384
서울 논현동우체국 앞,3,745
서울 논현동우체국 앞,4,1155
서울 논현동우체국 앞,5,1163
서울 논현동우체국 앞,6,1142
서울 논현동우체국 앞,7,1031
서울 논현동우체국 앞,8,1110
서울 논현동우체국 앞,9,1244
서울 논현동우체국 앞,10,1123
서울 논현동우체국 앞,11,1019
서울 논현동우체국 앞,12,521
서울 시흥동우체국 앞,1,1042
서울 시흥동우체국 앞,2,1176
서울 시흥동우체국 앞,3,2024
서울 시흥동우체국 앞,4,2480
서울 시흥동우체국 앞,5,2885
서울 시흥동우체국 앞,6,3027
서울 시흥동우체국 앞,7,2587
서울 시흥동우체국 앞,8,2070
서울 시흥동우체국 앞,9,2641
서울 시흥동우체국 앞,10,2771
서울 시흥동우체국 앞,11,2040
서울 시흥동우체국 앞,12,1232
서울 영등포구 우체국,1,2322
서울 영등포구 우체국,2,2387
서울 영등포구 우체국,3,3441
서울 영등포구 우체국,4,4227
서울 영등포구 우체국,5,4665
서울 영등포구 우체국,6,5229
서울 영등포구 우체국,7,5080
서울 영등포구 우체국,8,5368
서울 영등포구 우체국,9,5695
서울 영등포구 우체국,10,5627
서울 영등포구 우체국,11,4800
서울 영등포구 우체국,12,3688
서울 월드컵 경기장,1,1264
서울 월드컵 경기장,2,1421
서울 월드컵 경기장,3,3098
서울 월드컵 경기장,4,4429
서울 월드컵 경기장,5,5236
서울 월드컵 경기장,6,5402
서울 월드컵 경기장,7,4410
서울 월드컵 경기장,8,4236
서울 월드컵 경기장,9,5273
서울 월드컵 경기장,10,5587
서울 월드컵 경기장,11,3441
서울 월드컵 경기장,12,1643
서울AI허브 앞,7,6
서울AI허브 앞,8,199
서울AI허브 앞,9,253
서울AI허브 앞,10,215
서울AI허브 앞,11,241
서울AI허브 앞,12,176
서울가정법원,1,1146
서울가정법원,2,1238
서울가정법원,3,2222
서울가정법원,4,3153
서울가정법원,5,2953
서울가정법원,6,3243
서울가정법원,7,2794
서울가정법원,8,2713
서울가정법원,9,3248
서울가정법원,10,3115
서울가정법원,11,2646
서울가정법원,12,1417
서울강월초등학교 앞,1,1341
서울강월초등학교 앞,2,1463
서울강월초등학교 앞,3,2231
서울강월초등학교 앞,4,3081
서울강월초등학교 앞,5,3431
서울강월초등학교 앞,6,3417
서울강월초등학교 앞,7,2975
서울강월초등학교 앞,8,2862
서울강월초등학교 앞,9,3246
서울강월초등학교 앞,10,3430
서울강월초등학교 앞,11,2905
서울강월초등학교 앞,12,1603
서울갤러리아 앞,1,272
서울갤러리아 앞,2,401
서울갤러리아 앞,3,479
서울갤러리아 앞,4,778
서울갤러리아 앞,5,820
서울갤러리아 앞,6,690
서울갤러리아 앞,7,595
서울갤러리아 앞,8,760
서울갤러리아 앞,9,718
서울갤러리아 앞,10,748
서울갤러리아 앞,11,609
서울갤러리아 앞,12,314
서울경찰청,1,1755
서울경찰청,2,2032
서울경찰청,3,3010
서울경찰청,4,4153
서울경찰청,5,4463
서울경찰청,6,4676
서울경찰청,7,4631
서울경찰청,8,4346
서울경찰청,9,4609
서울경찰청,10,4729
서울경찰청,11,4183
서울경찰청,12,2076
서울고등학교 건너편,1,254
서울고등학교 건너편,2,275
서울고등학교 건너편,3,483
서울고등학교 건너편,4,682
서울고등학교 건너편,5,707
서울고등학교 건너편,6,679
서울고등학교 건너편,7,627
서울고등학교 건너편,8,625
서울고등학교 건너편,9,663
서울고등학교 건너편,10,814
서울고등학교 건너편,11,727
서울고등학교 건너편,12,399
서울고앞,1,333
서울고앞,2,310
서울고앞,3,650
서울고앞,4,981
서울고앞,5,1163
서울고앞,6,1111
서울고앞,7,1038
서울고앞,8,1064
서울고앞,9,1340
서울고앞,10,1154
서울고앞,11,895
서울고앞,12,488
서울과학기술대학교(미래관),1,451
서울과학기술대학교(미래관),2,737
서울과학기술대학교(미래관),3,2386
서울과학기술대학교(미래관),4,3296
서울과학기술대학교(미래관),5,4301
서울과학기술대학교(미래관),6,2782
서울과학기술대학교(미래관),7,2323
서울과학기술대학교(미래관),8,2046
서울과학기술대학교(미래관),9,3029
서울과학기술대학교(미래관),10,3287
서울과학기술대학교(미래관),11,2969
서울과학기술대학교(미래관),12,1320
서울과학기술대학교(어학교육원),1,2800
서울과학기술대학교(어학교육원),2,3169
서울과학기술대학교(어학교육원),3,8528
서울과학기술대학교(어학교육원),4,11249
서울과학기술대학교(어학교육원),5,13730
서울과학기술대학교(어학교육원),6,9975
서울과학기술대학교(어학교육원),7,9459
서울과학기술대학교(어학교육원),8,8290
서울과학기술대학교(어학교육원),9,13485
서울과학기술대학교(어학교육원),10,14129
서울과학기술대학교(어학교육원),11,11559
서울과학기술대학교(어학교육원),12,5653
서울교육청 교육연수원 앞,1,124
서울교육청 교육연수원 앞,2,201
서울교육청 교육연수원 앞,3,269
서울교육청 교육연수원 앞,4,357
서울교육청 교육연수원 앞,5,403
서울교육청 교육연수원 앞,6,350
서울교육청 교육연수원 앞,7,371
서울교육청 교육연수원 앞,8,309
서울교육청 교육연수원 앞,9,330
서울교육청 교육연수원 앞,10,346
서울교육청 교육연수원 앞,11,267
서울교육청 교육연수원 앞,12,168
서울교통공사 사당별관 건너편,1,586
서울교통공사 사당별관 건너편,2,567
서울교통공사 사당별관 건너편,3,1131
서울교통공사 사당별관 건너편,4,1535
서울교통공사 사당별관 건너편,5,1739
서울교통공사 사당별관 건너편,6,1695
서울교통공사 사당별관 건너편,7,1516
서울교통공사 사당별관 건너편,8,1296
서울교통공사 사당별관 건너편,9,1622
서울교통공사 사당별관 건너편,10,1490
서울교통공사 사당별관 건너편,11,1326
서울교통공사 사당별관 건너편,12,737
서울교통공사사거리 교통섬,1,1447
서울교통공사사거리 교통섬,2,1716
서울교통공사사거리 교통섬,3,2707
서울교통공사사거리 교통섬,4,3335
서울교통공사사거리 교통섬,5,3871
서울교통공사사거리 교통섬,6,3801
서울교통공사사거리 교통섬,7,3430
서울교통공사사거리 교통섬,8,3211
서울교통공사사거리 교통섬,9,3557
서울교통공사사거리 교통섬,10,3618
서울교통공사사거리 교통섬,11,3142
서울교통공사사거리 교통섬,12,2143
서울남부교정시설 앞,1,474
서울남부교정시설 앞,2,548
서울남부교정시설 앞,3,801
서울남부교정시설 앞,4,898
서울남부교정시설 앞,5,999
서울남부교정시설 앞,6,1247
서울남부교정시설 앞,7,1099
서울남부교정시설 앞,8,1140
서울남부교정시설 앞,9,1216
서울남부교정시설 앞,10,1295
서울남부교정시설 앞,11,1153
서울남부교정시설 앞,12,825
서울남부지방검찰청 후문,1,1833
서울남부지방검찰청 후문,2,1988
서울남부지방검찰청 후문,3,3443
서울남부지방검찰청 후문,4,4362
서울남부지방검찰청 후문,5,4680
서울남부지방검찰청 후문,6,4836
서울남부지방검찰청 후문,7,4484
서울남부지방검찰청 후문,8,4646
서울남부지방검찰청 후문,9,4973
서울남부지방검찰청 후문,10,5318
서울남부지방검찰청 후문,11,4770
서울남부지방검찰청 후문,12,3229
서울남부출입국관리소,1,3467
서울남부출입국관리소,2,3381
서울남부출입국관리소,3,5214
서울남부출입국관리소,4,6183
서울남부출입국관리소,5,6289
서울남부출입국관리소,6,6065
서울남부출입국관리소,7,5668
서울남부출입국관리소,8,5827
서울남부출입국관리소,9,6290
서울남부출입국관리소,10,6723
서울남부출입국관리소,11,6314
서울남부출입국관리소,12,4758
서울남부터미널 대합실 입구,1,1487
서울남부터미널 대합실 입구,2,1687
서울남부터미널 대합실 입구,3,2746
서울남부터미널 대합실 입구,4,3687
서울남부터미널 대합실 입구,5,3591
서울남부터미널 대합실 입구,6,3598
서울남부터미널 대합실 입구,7,3473
서울남부터미널 대합실 입구,8,3341
서울남부터미널 대합실 입구,9,3703
서울남부터미널 대합실 입구,10,3915
서울남부터미널 대합실 입구,11,3176
서울남부터미널 대합실 입구,12,1745
서울대벤처타운역,1,689
서울대벤처타운역,2,765
서울대벤처타운역,3,1429
서울대벤처타운역,4,2186
서울대벤처타운역,5,2665
서울대벤처타운역,6,3160
서울대벤처타운역,7,2591
서울대벤처타운역,8,2884
서울대벤처타운역,9,2855
서울대벤처타운역,10,2815
서울대벤처타운역,11,2808
서울대벤처타운역,12,1555
서울대입구역 1번출구,1,1893
서울대입구역 1번출구,2,2020
서울대입구역 1번출구,3,3168
서울대입구역 1번출구,4,4347
서울대입구역 1번출구,5,4694
서울대입구역 1번출구,6,4969
서울대입구역 1번출구,7,4882
서울대입구역 1번출구,8,4909
서울대입구역 1번출구,9,5281
서울대입구역 1번출구,10,5234
서울대입구역 1번출구,11,4383
서울대입구역 1번출구,12,2425
서울대입구역 4번 출구,1,1557
서울대입구역 4번 출구,2,1603
서울대입구역 4번 출구,3,2405
서울대입구역 4번 출구,4,3036
서울대입구역 4번 출구,5,3449
서울대입구역 4번 출구,6,3619
서울대입구역 4번 출구,7,3533
서울대입구역 4번 출구,8,3439
서울대입구역 4번 출구,9,3692
서울대입구역 4번 출구,10,3596
서울대입구역 4번 출구,11,3399
서울대입구역 4번 출구,12,2164
서울대입구역 5번출구,1,2489
서울대입구역 5번출구,2,2687
서울대입구역 5번출구,3,4524
서울대입구역 5번출구,4,6020
서울대입구역 5번출구,5,6705
서울대입구역 5번출구,6,7074
서울대입구역 5번출구,7,6182
서울대입구역 5번출구,8,6003
서울대입구역 5번출구,9,6688
서울대입구역 5번출구,10,6799
서울대입구역 5번출구,11,5263
서울대입구역 5번출구,12,3050
서울대입구역 마에스트로,1,1499
서울대입구역 마에스트로,2,1479
서울대입구역 마에스트로,3,2702
서울대입구역 마에스트로,4,3578
서울대입구역 마에스트로,5,4028
서울대입구역 마에스트로,6,4265
서울대입구역 마에스트로,7,4031
서울대입구역 마에스트로,8,3745
서울대입구역 마에스트로,9,4425
서울대입구역 마에스트로,10,4344
서울대입구역 마에스트로,11,3187
서울대입구역 마에스트로,12,1888
서울대학교 정문,1,777
서울대학교 정문,2,1156
서울대학교 정문,3,2124
서울대학교 정문,4,2862
서울대학교 정문,5,2887
서울대학교 정문,6,2663
서울대학교 정문,7,2226
서울대학교 정문,8,2298
서울대학교 정문,9,2538
서울대학교 정문,10,2545
서울대학교 정문,11,2152
서울대학교 정문,12,1042
서울도봉초등학교인근,1,643
서울도봉초등학교인근,2,768
서울도봉초등학교인근,3,1318
서울도봉초등학교인근,4,1854
서울도봉초등학교인근,5,2183
서울도봉초등학교인근,6,2519
서울도봉초등학교인근,7,2413
서울도봉초등학교인근,8,2331
서울도봉초등학교인근,9,2577
서울도봉초등학교인근,10,2638
서울도봉초등학교인근,11,2041
서울도봉초등학교인근,12,1158
서울도시가스 앞,1,1359
서울도시가스 앞,2,1664
서울도시가스 앞,3,2636
서울도시가스 앞,4,3758
서울도시가스 앞,5,4198
서울도시가스 앞,6,4563
서울도시가스 앞,7,3954
서울도시가스 앞,8,4163
서울도시가스 앞,9,4847
서울도시가스 앞,10,4846
서울도시가스 앞,11,3837
서울도시가스 앞,12,2071
서울도시건축전시관,1,2897
서울도시건축전시관,2,3264
서울도시건축전시관,3,5534
서울도시건축전시관,4,7569
서울도시건축전시관,5,7459
서울도시건축전시관,6,6945
서울도시건축전시관,7,7022
서울도시건축전시관,8,6614
서울도시건축전시관,9,7336
서울도시건축전시관,10,7525
서울도시건축전시관,11,6480
서울도시건축전시관,12,3455
서울도시건축전시관 옆,1,832
서울도시건축전시관 옆,2,812
서울도시건축전시관 옆,3,1021
서울도시건축전시관 옆,4,1467
서울도시건축전시관 옆,5,2680
서울도시건축전시관 옆,6,2913
서울도시건축전시관 옆,7,3120
서울도시건축전시관 옆,8,3327
서울도시건축전시관 옆,9,3615
서울도시건축전시관 옆,10,3756
서울도시건축전시관 옆,11,3712
서울도시건축전시관 옆,12,2310
서울동물복지지원센터 동대문,3,51
서울동물복지지원센터 동대문,4,708
서울동물복지지원센터 동대문,5,827
서울동물복지지원센터 동대문,6,927
서울동물복지지원센터 동대문,7,697
서울동물복지지원센터 동대문,8,807
서울동물복지지원센터 동대문,9,1061
서울동물복지지원센터 동대문,10,857
서울동물복지지원센터 동대문,11,839
서울동물복지지원센터 동대문,12,549
서울디자인고등학교 앞,1,1641
서울디자인고등학교 앞,2,1710
서울디자인고등학교 앞,3,3063
서울디자인고등학교 앞,4,4371
서울디자인고등학교 앞,5,5268
서울디자인고등학교 앞,6,5183
서울디자인고등학교 앞,7,4296
서울디자인고등학교 앞,8,4380
서울디자인고등학교 앞,9,5017
서울디자인고등학교 앞,10,5229
서울디자인고등학교 앞,11,3913
서울디자인고등학교 앞,12,2429
서울디지털운동장 앞,1,1779
서울디지털운동장 앞,2,1936
서울디지털운동장 앞,3,2915
서울디지털운동장 앞,4,3794
서울디지털운동장 앞,5,4369
서울디지털운동장 앞,6,4672
서울디지털운동장 앞,7,4300
서울디지털운동장 앞,8,4034
서울디지털운동장 앞,9,4848
서울디지털운동장 앞,10,5171
서울디지털운동장 앞,11,3955
서울디지털운동장 앞,12,2572
서울문화재단 앞,1,1893
서울문화재단 앞,2,2398
서울문화재단 앞,3,4165
서울문화재단 앞,4,5592
서울문화재단 앞,5,6640
서울문화재단 앞,6,6478
서울문화재단 앞,7,5624
서울문화재단 앞,8,5560
서울문화재단 앞,9,6442
서울문화재단 앞,10,6176
서울문화재단 앞,11,4939
서울문화재단 앞,12,3070
서울미래초등학교 사거리,1,2306
서울미래초등학교 사거리,2,2519
서울미래초등학교 사거리,3,3828
서울미래초등학교 사거리,4,5018
서울미래초등학교 사거리,5,5326
서울미래초등학교 사거리,6,5703
서울미래초등학교 사거리,7,5206
서울미래초등학교 사거리,8,5268
서울미래초등학교 사거리,9,5943
서울미래초등학교 사거리,10,5960
서울미래초등학교 사거리,11,5060
서울미래초등학교 사거리,12,3002
서울미술관,1,195
서울미술관,2,260
서울미술관,3,559
서울미술관,4,674
서울미술관,5,631
서울미술관,6,717
서울미술관,7,709
서울미술관,8,693
서울미술관,9,740
서울미술관,10,685
서울미술관,11,725
서울미술관,12,332
서울반도체고 앞,1,737
서울반도체고 앞,2,915
서울반도체고 앞,3,1800
서울반도체고 앞,4,2466
서울반도체고 앞,5,2912
서울반도체고 앞,6,2509
서울반도체고 앞,7,1948
서울반도체고 앞,8,1735
서울반도체고 앞,9,2605
서울반도체고 앞,10,2655
서울반도체고 앞,11,2150
서울반도체고 앞,12,1066
서울방이동 고분군,1,3011
서울방이동 고분군,2,3129
서울방이동 고분군,3,5412
서울방이동 고분군,4,7076
서울방이동 고분군,5,8071
서울방이동 고분군,6,8380
서울방이동 고분군,7,7064
서울방이동 고분군,8,6635
서울방이동 고분군,9,8071
서울방이동 고분군,10,8305
서울방이동 고분군,11,6676
서울방이동 고분군,12,3888
서울보증보험본사 앞,1,2748
서울보증보험본사 앞,2,2844
서울보증보험본사 앞,3,4283
서울보증보험본사 앞,4,4749
서울보증보험본사 앞,5,4957
서울보증보험본사 앞,6,5397
서울보증보험본사 앞,7,5550
서울보증보험본사 앞,8,5016
서울보증보험본사 앞,9,5434
서울보증보험본사 앞,10,5714
서울보증보험본사 앞,11,5326
서울보증보험본사 앞,12,3461
서울복합물류 게이트 1,1,2916
서울복합물류 게이트 1,2,2927
서울복합물류 게이트 1,3,4094
서울복합물류 게이트 1,4,4581
서울복합물류 게이트 1,5,5040
서울복합물류 게이트 1,6,5110
서울복합물류 게이트 1,7,5401
서울복합물류 게이트 1,8,5223
서울복합물류 게이트 1,9,5292
서울복합물류 게이트 1,10,5478
서울복합물류 게이트 1,11,5052
서울복합물류 게이트 1,12,4094
서울본부세관(건설회관 앞),1,479
서울본부세관(건설회관 앞),2,517
서울본부세관(건설회관 앞),3,988
서울본부세관(건설회관 앞),4,1324
서울본부세관(건설회관 앞),5,1205
서울본부세관(건설회관 앞),6,1007
서울본부세관(건설회관 앞),7,1039
서울본부세관(건설회관 앞),8,1055
서울본부세관(건설회관 앞),9,1216
서울본부세관(건설회관 앞),10,1274
서울본부세관(건설회관 앞),11,1179
서울본부세관(건설회관 앞),12,590
서울북부고용노동지청,1,850
서울북부고용노동지청,2,1123
서울북부고용노동지청,3,2076
서울북부고용노동지청,4,2551
서울북부고용노동지청,5,2928
서울북부고용노동지청,6,2899
서울북부고용노동지청,7,2761
서울북부고용노동지청,8,2628
서울북부고용노동지청,9,3050
서울북부고용노동지청,10,3065
서울북부고용노동지청,11,2315
서울북부고용노동지청,12,1331
서울북부고용센터앞,1,4435
서울북부고용센터앞,2,4969
서울북부고용센터앞,3,8405
서울북부고용센터앞,4,11277
서울북부고용센터앞,5,12863
서울북부고용센터앞,6,13096
서울북부고용센터앞,7,11694
서울북부고용센터앞,8,10472
서울북부고용센터앞,9,12876
서울북부고용센터앞,10,13151
서울북부고용센터앞,11,10674
서울북부고용센터앞,12,6524
서울북부광역등기국,1,514
서울북부광역등기국,2,579
서울북부광역등기국,3,794
서울북부광역등기국,4,1128
서울북부광역등기국,5,1152
서울북부광역등기국,6,1189
서울북부광역등기국,7,1207
서울북부광역등기국,8,1121
서울북부광역등기국,9,1265
서울북부광역등기국,10,1274
서울북부광역등기국,11,1125
서울북부광역등기국,12,764
서울북부수도사업소,1,947
서울북부수도사업소,2,1172
서울북부수도사업소,3,1861
서울북부수도사업소,4,2229
서울북부수도사업소,5,2341
서울북부수도사업소,6,2314
서울북부수도사업소,7,2216
서울북부수도사업소,8,1974
서울북부수도사업소,9,2416
서울북부수도사업소,10,2465
서울북부수도사업소,11,1778
서울북부수도사업소,12,1206
서울북부지방법원,1,503
서울북부지방법원,2,614
서울북부지방법원,3,993
서울북부지방법원,4,1197
서울북부지방법원,5,1423
서울북부지방법원,6,1495
서울북부지방법원,7,1243
서울북부지방법원,8,1129
서울북부지방법원,9,1265
서울북부지방법원,10,1394
서울북부지방법원,11,1108
서울북부지방법원,12,672
서울북부지방법원 앞,1,714
서울북부지방법원 앞,2,853
서울북부지방법원 앞,3,1427
서울북부지방법원 앞,4,2055
서울북부지방법원 앞,5,2196
서울북부지방법원 앞,6,2339
서울북부지방법원 앞,7,2134
서울북부지방법원 앞,8,2093
서울북부지방법원 앞,9,2606
서울북부지방법원 앞,10,2605
서울북부지방법원 앞,11,2012
서울북부지방법원 앞,12,1073
서울사대부설초등학교 앞,1,2318
서울사대부설초등학교 앞,2,2595
서울사대부설초등학교 앞,3,4547
서울사대부설초등학교 앞,4,5621
서울사대부설초등학교 앞,5,5562
서울사대부설초등학교 앞,6,5492
서울사대부설초등학교 앞,7,5172
서울사대부설초등학교 앞,8,5533
서울사대부설초등학교 앞,9,6149
서울사대부설초등학교 앞,10,6186
서울사대부설초등학교 앞,11,5374
서울사대부설초등학교 앞,12,3208
서울산업정보학교,1,448
서울산업정보학교,2,557
서울산업정보학교,3,1043
서울산업정보학교,4,1397
서울산업정보학교,5,1617
서울산업정보학교,6,1641
서울산업정보학교,7,1588
서울산업정보학교,8,1461
서울산업정보학교,9,1811
서울산업정보학교,10,1647
서울산업정보학교,11,1193
서울산업정보학교,12,635
서울서부지방법원 앞,1,1329
서울서부지방법원 앞,2,1376
서울서부지방법원 앞,3,2702
서울서부지방법원 앞,4,3476
서울서부지방법원 앞,5,3764
서울서부지방법원 앞,6,4004
서울서부지방법원 앞,7,3627
서울서부지방법원 앞,8,3590
서울서부지방법원 앞,9,4208
서울서부지방법원 앞,10,4210
서울서부지방법원 앞,11,3029
서울서부지방법원 앞,12,1780
서울서부지방법원등기국앞,1,435
서울서부지방법원등기국앞,2,465
서울서부지방법원등기국앞,3,909
서울서부지방법원등기국앞,4,1194
서울서부지방법원등기국앞,5,1536
서울서부지방법원등기국앞,6,1433
서울서부지방법원등기국앞,7,1133
서울서부지방법원등기국앞,8,1146
서울서부지방법원등기국앞,9,1331
서울서부지방법원등기국앞,10,1407
서울서부지방법원등기국앞,11,1085
서울서부지방법원등기국앞,12,593
서울서초고용센터앞,1,895
서울서초고용센터앞,2,1009
서울서초고용센터앞,3,1605
서울서초고용센터앞,4,2276
서울서초고용센터앞,5,2211
서울서초고용센터앞,6,2009
서울서초고용센터앞,7,2021
서울서초고용센터앞,8,1816
서울서초고용센터앞,9,2335
서울서초고용센터앞,10,2335
서울서초고용센터앞,11,2085
서울서초고용센터앞,12,1087
서울숲 IT캐슬,1,312
서울숲 IT캐슬,2,404
서울숲 IT캐슬,3,954
서울숲 IT캐슬,4,1154
서울숲 IT캐슬,5,974
서울숲 IT캐슬,6,771
서울숲 IT캐슬,7,474
서울숲 IT캐슬,8,301
서울숲 IT캐슬,9,618
서울숲 IT캐슬,10,558
서울숲 IT캐슬,11,390
서울숲 IT캐슬,12,209
서울숲 공영주차장앞,1,602
서울숲 공영주차장앞,2,1368
서울숲 공영주차장앞,3,3673
서울숲 공영주차장앞,4,6982
서울숲 공영주차장앞,5,5601
서울숲 공영주차장앞,6,4324
서울숲 공영주차장앞,7,2432
서울숲 공영주차장앞,8,2724
서울숲 공영주차장앞,9,5209
서울숲 공영주차장앞,10,5409
서울숲 공영주차장앞,11,2497
서울숲 공영주차장앞,12,672
서울숲 관리사무소,1,1733
서울숲 관리사무소,2,3557
서울숲 관리사무소,3,8730
서울숲 관리사무소,4,15115
서울숲 관리사무소,5,13454
서울숲 관리사무소,6,10159
서울숲 관리사무소,7,6356
서울숲 관리사무소,8,6997
서울숲 관리사무소,9,12621
서울숲 관리사무소,10,13279
서울숲 관리사무소,11,5796
서울숲 관리사무소,12,1643
서울숲 지식산업센터,1,3212
서울숲 지식산업센터,2,3382
서울숲 지식산업센터,3,5201
서울숲 지식산업센터,4,6383
서울숲 지식산업센터,5,7135
서울숲 지식산업센터,6,7162
서울숲 지식산업센터,7,6440
서울숲 지식산업센터,8,6416
서울숲 지식산업센터,9,7118
서울숲 지식산업센터,10,7550
서울숲 지식산업센터,11,6265
서울숲 지식산업센터,12,4427
서울숲리버뷰자이APT105동 앞,1,801
서울숲리버뷰자이APT105동 앞,2,890
서울숲리버뷰자이APT105동 앞,3,1727
서울숲리버뷰자이APT105동 앞,4,2193
서울숲리버뷰자이APT105동 앞,5,2503
서울숲리버뷰자이APT105동 앞,6,2398
서울숲리버뷰자이APT105동 앞,7,2440
서울숲리버뷰자이APT105동 앞,8,2123
서울숲리버뷰자이APT105동 앞,9,2627
서울숲리버뷰자이APT105동 앞,10,2738
서울숲리버뷰자이APT105동 앞,11,2054
서울숲리버뷰자이APT105동 앞,12,1381
서울숲역 2번출구 앞,1,3124
서울숲역 2번출구 앞,2,3795
서울숲역 2번출구 앞,3,6509
서울숲역 2번출구 앞,4,8262
서울숲역 2번출구 앞,5,8746
서울숲역 2번출구 앞,6,8476
서울숲역 2번출구 앞,7,7354
서울숲역 2번출구 앞,8,6836
서울숲역 2번출구 앞,9,8409
서울숲역 2번출구 앞,10,8742
서울숲역 2번출구 앞,11,6937
서울숲역 2번출구 앞,12,4230
서울숲역 5번 출구 옆,1,2169
서울숲역 5번 출구 옆,2,2715
서울숲역 5번 출구 옆,3,5405
서울숲역 5번 출구 옆,4,7766
서울숲역 5번 출구 옆,5,7561
서울숲역 5번 출구 옆,6,6362
서울숲역 5번 출구 옆,7,5163
서울숲역 5번 출구 옆,8,4948
서울숲역 5번 출구 옆,9,7051
서울숲역 5번 출구 옆,10,7244
서울숲역 5번 출구 옆,11,4760
서울숲역 5번 출구 옆,12,2434
서울숲역3번출구,1,219
서울숲역3번출구,2,273
서울숲역3번출구,3,808
서울숲역3번출구,4,1222
서울숲역3번출구,5,1199
서울숲역3번출구,6,1049
서울숲역3번출구,7,616
서울숲역3번출구,8,681
서울숲역3번출구,9,920
서울숲역3번출구,10,1075
서울숲역3번출구,11,531
서울숲역3번출구,12,259
서울시 공공자전거 상암센터,1,1226
서울시 공공자전거 상암센터,2,1863
서울시 공공자전거 상암센터,3,3814
서울시 공공자전거 상암센터,4,6037
서울시 공공자전거 상암센터,5,7502
서울시 공공자전거 상암센터,6,6614
서울시 공공자전거 상암센터,7,4280
서울시 공공자전거 상암센터,8,4451
서울시 공공자전거 상암센터,9,7685
서울시 공공자전거 상암센터,10,8579
서울시 공공자전거 상암센터,11,3848
서울시 공공자전거 상암센터,12,1488
서울시 도로환경관리센터,1,4144
서울시 도로환경관리센터,2,4660
서울시 도로환경관리센터,3,8067
서울시 도로환경관리센터,4,10545
서울시 도로환경관리센터,5,11547
서울시 도로환경관리센터,6,12602
서울시 도로환경관리센터,7,11002
서울시 도로환경관리센터,8,10512
서울시 도로환경관리센터,9,11893
서울시 도로환경관리센터,10,12727
서울시 도로환경관리센터,11,9521
서울시 도로환경관리센터,12,5949
서울시 북부병원 앞,1,329
서울시 북부병원 앞,2,399
서울시 북부병원 앞,3,1046
서울시 북부병원 앞,4,1475
서울시 북부병원 앞,5,2052
서울시 북부병원 앞,6,2002
서울시 북부병원 앞,7,1599
서울시 북부병원 앞,8,1405
서울시 북부병원 앞,9,1890
서울시 북부병원 앞,10,1736
서울시 북부병원 앞,11,1324
서울시 북부병원 앞,12,682
서울시 북부여성발전센터,1,1138
서울시 북부여성발전센터,2,1286
서울시 북부여성발전센터,3,2091
서울시 북부여성발전센터,4,3009
서울시 북부여성발전센터,5,3421
서울시 북부여성발전센터,6,3278
서울시 북부여성발전센터,7,2867
서울시 북부여성발전센터,8,2989
서울시 북부여성발전센터,9,3610
서울시 북부여성발전센터,10,3807
서울시 북부여성발전센터,11,3006
서울시 북부여성발전센터,12,1739
서울시 품질시험소 앞,1,1165
서울시 품질시험소 앞,2,1137
서울시 품질시험소 앞,3,2079
서울시 품질시험소 앞,4,2738
서울시 품질시험소 앞,5,2729
서울시 품질시험소 앞,6,2749
서울시 품질시험소 앞,7,2490
서울시 품질시험소 앞,8,2253
서울시 품질시험소 앞,9,2816
서울시 품질시험소 앞,10,2504
서울시 품질시험소 앞,11,2321
서울시 품질시험소 앞,12,1411
서울시립24시간게스트하우스,1,431
서울시립24시간게스트하우스,2,463
서울시립24시간게스트하우스,3,723
서울시립24시간게스트하우스,4,999
서울시립24시간게스트하우스,5,975
서울시립24시간게스트하우스,6,769
서울시립24시간게스트하우스,7,980
서울시립24시간게스트하우스,8,925
서울시립24시간게스트하우스,9,956
서울시립24시간게스트하우스,10,959
서울시립24시간게스트하우스,11,964
서울시립24시간게스트하우스,12,935
서울시립과학관,1,646
서울시립과학관,2,784
서울시립과학관,3,1575
서울시립과학관,4,2080
서울시립과학관,5,2364
서울시립과학관,6,2352
서울시립과학관,7,2025
서울시립과학관,8,1803
서울시립과학관,9,2007
서울시립과학관,10,1797
서울시립과학관,11,1667
서울시립과학관,12,1110
서울시립대 건설공학관,1,923
서울시립대 건설공학관,2,989
서울시립대 건설공학관,3,2049
서울시립대 건설공학관,4,2596
서울시립대 건설공학관,5,2698
서울시립대 건설공학관,6,2423
서울시립대 건설공학관,7,2030
서울시립대 건설공학관,8,1915
서울시립대 건설공학관,9,2618
서울시립대 건설공학관,10,2486
서울시립대 건설공학관,11,2065
서울시립대 건설공학관,12,1253
서울시립대 정문 앞 A,1,411
서울시립대 정문 앞 A,2,495
서울시립대 정문 앞 A,3,988
서울시립대 정문 앞 A,4,1237
서울시립대 정문 앞 A,5,1305
서울시립대 정문 앞 A,6,1613
서울시립대 정문 앞 A,7,1077
서울시립대 정문 앞 A,8,966
서울시립대 정문 앞 A,9,1033
서울시립대 정문 앞 A,10,1063
서울시립대 정문 앞 A,11,937
서울시립대 정문 앞 A,12,515
서울시립대 정문 앞 B,1,3305
서울시립대 정문 앞 B,2,3781
서울시립대 정문 앞 B,3,6715
서울시립대 정문 앞 B,4,8858
서울시립대 정문 앞 B,5,8854
서울시립대 정문 앞 B,6,7807
서울시립대 정문 앞 B,7,7726
서울시립대 정문 앞 B,8,7194
서울시립대 정문 앞 B,9,8278
서울시립대 정문 앞 B,10,8481
서울시립대 정문 앞 B,11,6923
서울시립대 정문 앞 B,12,4392
서울시립대 정보기술관,1,768
서울시립대 정보기술관,2,853
서울시립대 정보기술관,3,2004
서울시립대 정보기술관,4,2468
서울시립대 정보기술관,5,3023
서울시립대 정보기술관,6,3174
서울시립대 정보기술관,7,2227
서울시립대 정보기술관,8,2109
서울시립대 정보기술관,9,3103
서울시립대 정보기술관,10,2833
서울시립대 정보기술관,11,2364
서울시립대 정보기술관,12,1392
서울시립대 후문,1,1129
서울시립대 후문,2,1456
서울시립대 후문,3,2320
서울시립대 후문,4,3152
서울시립대 후문,5,2968
서울시립대 후문,6,3320
서울시립대 후문,7,3347
서울시립대 후문,8,3100
서울시립대 후문,9,2783
서울시립대 후문,10,3083
서울시립대 후문,11,2520
서울시립대 후문,12,1651
서울시설공단 앞,1,2810
서울시설공단 앞,2,2931
서울시설공단 앞,3,4871
서울시설공단 앞,4,6364
서울시설공단 앞,5,6876
서울시설공단 앞,6,6653
서울시설공단 앞,7,5248
서울시설공단 앞,8,5230
서울시설공단 앞,9,6319
서울시설공단 앞,10,6168
서울시설공단 앞,11,5195
서울시설공단 앞,12,3587
서울시여성가족재단,1,936
서울시여성가족재단,2,1038
서울시여성가족재단,3,1505
서울시여성가족재단,4,1899
서울시여성가족재단,5,2084
서울시여성가족재단,6,2279
서울시여성가족재단,7,2098
서울시여성가족재단,8,1656
서울시여성가족재단,9,2046
서울시여성가족재단,10,2041
서울시여성가족재단,11,1855
서울시여성가족재단,12,1051
서울시청,1,2502
서울시청,2,2579
서울시청,3,4282
서울시청,4,6084
서울시청,5,6595
서울시청,6,6674
서울시청,7,6160
서울시청,8,6151
서울시청,9,7091
서울시청,10,7599
서울시청,11,6294
서울시청,12,3772
서울식물원 식물문화센터,1,1274
서울식물원 식물문화센터,2,1709
서울식물원 식물문화센터,3,3339
서울식물원 식물문화센터,4,4596
서울식물원 식물문화센터,5,4804
서울식물원 식물문화센터,6,4864
서울식물원 식물문화센터,7,4247
서울식물원 식물문화센터,8,4539
서울식물원 식물문화센터,9,5857
서울식물원 식물문화센터,10,6226
서울식물원 식물문화센터,11,3948
서울식물원 식물문화센터,12,2183
서울식물원 잔디마당 앞,1,3590
서울식물원 잔디마당 앞,2,3651
서울식물원 잔디마당 앞,3,5829
서울식물원 잔디마당 앞,4,6922
서울식물원 잔디마당 앞,5,8702
서울식물원 잔디마당 앞,6,9032
서울식물원 잔디마당 앞,7,9163
서울식물원 잔디마당 앞,8,8442
서울식물원 잔디마당 앞,9,8972
서울식물원 잔디마당 앞,10,9719
서울식물원 잔디마당 앞,11,8117
서울식물원 잔디마당 앞,12,5318
서울식물원(문화센터) 건너편,1,703
서울식물원(문화센터) 건너편,2,853
서울식물원(문화센터) 건너편,3,1418
서울식물원(문화센터) 건너편,4,1808
서울식물원(문화센터) 건너편,5,2015
서울식물원(문화센터) 건너편,6,1981
서울식물원(문화센터) 건너편,7,1692
서울식물원(문화센터) 건너편,8,1784
서울식물원(문화센터) 건너편,9,2502
서울식물원(문화센터) 건너편,10,2487
서울식물원(문화센터) 건너편,11,1962
서울식물원(문화센터) 건너편,12,1077
서울신성초등학교,1,1082
서울신성초등학교,2,1117
서울신성초등학교,3,1902
서울신성초등학교,4,2406
서울신성초등학교,5,2606
서울신성초등학교,6,2816
서울신성초등학교,7,2803
서울신성초등학교,8,2339
서울신성초등학교,9,2900
서울신성초등학교,10,3161
서울신성초등학교,11,2102
서울신성초등학교,12,1172
서울신용보증재단,1,2199
서울신용보증재단,2,2454
서울신용보증재단,3,4493
서울신용보증재단,4,5824
서울신용보증재단,5,6352
서울신용보증재단,6,6437
서울신용보증재단,7,5822
서울신용보증재단,8,5600
서울신용보증재단,9,6741
서울신용보증재단,10,6677
서울신용보증재단,11,4311
서울신용보증재단,12,2618
서울신우초등학교,1,42
서울신우초등학교,2,38
서울신우초등학교,3,106
서울신우초등학교,4,181
서울신우초등학교,5,164
서울신우초등학교,6,205
서울신우초등학교,7,132
서울신우초등학교,8,158
서울신우초등학교,9,141
서울신우초등학교,10,125
서울신우초등학교,11,112
서울신우초등학교,12,70
서울안천초등학교 옆,1,204
서울안천초등학교 옆,2,248
서울안천초등학교 옆,3,483
서울안천초등학교 옆,4,664
서울안천초등학교 옆,5,688
서울안천초등학교 옆,6,651
서울안천초등학교 옆,7,634
서울안천초등학교 옆,8,560
서울안천초등학교 옆,9,851
서울안천초등학교 옆,10,907
서울안천초등학교 옆,11,593
서울안천초등학교 옆,12,295
서울여대 남문,1,871
서울여대 남문,2,1164
서울여대 남문,3,2891
서울여대 남문,4,4125
서울여대 남문,5,4676
서울여대 남문,6,4342
서울여대 남문,7,3302
서울여대 남문,8,2854
서울여대 남문,9,3820
서울여대 남문,10,3962
서울여대 남문,11,3109
서울여대 남문,12,1531
서울역 12번 출구 앞,1,1649
서울역 12번 출구 앞,2,1872
서울역 12번 출구 앞,3,3263
서울역 12번 출구 앞,4,4216
서울역 12번 출구 앞,5,4445
서울역 12번 출구 앞,6,4481
서울역 12번 출구 앞,7,4159
서울역 12번 출구 앞,8,3821
서울역 12번 출구 앞,9,4632
서울역 12번 출구 앞,10,4774
서울역 12번 출구 앞,11,3860
서울역 12번 출구 앞,12,2274
서울역 7번출구,1,202
서울역 7번출구,2,240
서울역 7번출구,3,425
서울역 7번출구,4,565
서울역 7번출구,5,550
서울역 7번출구,6,602
서울역 7번출구,7,446
서울역 7번출구,8,474
서울역 7번출구,9,593
서울역 7번출구,10,502
서울역 7번출구,11,475
서울역 7번출구,12,295
서울역 서부,1,623
서울역 서부,2,654
서울역 서부,3,1113
서울역 서부,4,1490
서울역 서부,5,1558
서울역 서부,6,1416
서울역 서부,7,1531
서울역 서부,8,1532
서울역 서부,9,1647
서울역 서부,10,1722
서울역 서부,11,1441
서울역 서부,12,939
서울역 서부교차로(3),1,1885
서울역 서부교차로(3),2,1948
서울역 서부교차로(3),3,3265
서울역 서부교차로(3),4,3952
서울역 서부교차로(3),5,4240
서울역 서부교차로(3),6,4315
서울역 서부교차로(3),7,4323
서울역 서부교차로(3),8,4287
서울역 서부교차로(3),9,4932
서울역 서부교차로(3),10,5054
서울역 서부교차로(3),11,4514
서울역 서부교차로(3),12,2931
서울역 서부교차로2,1,1966
서울역 서부교차로2,2,2323
서울역 서부교차로2,3,4032
서울역 서부교차로2,4,5460
서울역 서부교차로2,5,6047
서울역 서부교차로2,6,5931
서울역 서부교차로2,7,5320
서울역 서부교차로2,8,4976
서울역 서부교차로2,9,5720
서울역 서부교차로2,10,5933
서울역 서부교차로2,11,4518
서울역 서부교차로2,12,2634
서울역 센트럴 자이아파트,1,2029
서울역 센트럴 자이아파트,2,2272
서울역 센트럴 자이아파트,3,3222
서울역 센트럴 자이아파트,4,3527
서울역 센트럴 자이아파트,5,3430
서울역 센트럴 자이아파트,6,3793
서울역 센트럴 자이아파트,7,4035
서울역 센트럴 자이아파트,8,3365
서울역 센트럴 자이아파트,9,4096
서울역 센트럴 자이아파트,10,4087
서울역 센트럴 자이아파트,11,3858
서울역 센트럴 자이아파트,12,2500
서울역3번 출구,6,27
서울역3번 출구,7,132
서울역3번 출구,8,133
서울역3번 출구,9,147
서울역3번 출구,10,228
서울역3번 출구,11,166
서울역5번출구,1,1251
서울역5번출구,2,1341
서울역5번출구,3,2692
서울역5번출구,4,3913
서울역5번출구,5,4253
서울역5번출구,6,4307
서울역5번출구,7,3714
서울역5번출구,8,3438
서울역5번출구,9,4245
서울역5번출구,10,4320
서울역5번출구,11,3469
서울역5번출구,12,1847
서울역9번출구,1,1724
서울역9번출구,2,2007
서울역9번출구,3,3467
서울역9번출구,4,4109
서울역9번출구,5,4224
서울역9번출구,6,4240
서울역9번출구,7,3672
서울역9번출구,8,3369
서울역9번출구,9,4376
서울역9번출구,10,4550
서울역9번출구,11,3762
서울역9번출구,12,2118
서울역사박물관 앞,1,1921
서울역사박물관 앞,2,2139
서울역사박물관 앞,3,2816
서울역사박물관 앞,4,4275
서울역사박물관 앞,5,4394
서울역사박물관 앞,6,4428
서울역사박물관 앞,7,4504
서울역사박물관 앞,8,4089
서울역사박물관 앞,9,3749
서울역사박물관 앞,10,4709
서울역사박물관 앞,11,4303
서울역사박물관 앞,12,2542
서울역파출소,10,77
서울역파출소,11,263
서울역파출소,12,147
서울연신중학교,1,565
서울연신중학교,2,658
서울연신중학교,3,1027
서울연신중학교,4,1331
서울연신중학교,5,1478
서울연신중학교,6,1801
서울연신중학교,7,1617
서울연신중학교,8,1610
서울연신중학교,9,1673
서울연신중학교,10,1630
서울연신중학교,11,1279
서울연신중학교,12,847
서울연신초등학교,1,644
서울연신초등학교,2,733
서울연신초등학교,3,1306
서울연신초등학교,4,1954
서울연신초등학교,5,2122
서울연신초등학교,6,2046
서울연신초등학교,7,1667
서울연신초등학교,8,1645
서울연신초등학교,9,2037
서울연신초등학교,10,1958
서울연신초등학교,11,1388
서울연신초등학교,12,788
서울영상고교 입구,1,4680
서울영상고교 입구,2,4727
서울영상고교 입구,3,7437
서울영상고교 입구,4,9257
서울영상고교 입구,5,12370
서울영상고교 입구,6,13141
서울영상고교 입구,7,12003
서울영상고교 입구,8,11978
서울영상고교 입구,9,13579
서울영상고교 입구,10,14040
서울영상고교 입구,11,11089
서울영상고교 입구,12,6801
서울월드컵경기장 테스트,2,1
서울월드컵경기장 테스트,3,1
서울율현초교 삼거리,1,778
서울율현초교 삼거리,2,971
서울율현초교 삼거리,3,1607
서울율현초교 삼거리,4,2173
서울율현초교 삼거리,5,2494
서울율현초교 삼거리,6,2662
서울율현초교 삼거리,7,2083
서울율현초교 삼거리,8,2154
서울율현초교 삼거리,9,2582
서울율현초교 삼거리,10,2673
서울율현초교 삼거리,11,2095
서울율현초교 삼거리,12,1183
서울자동차운전전문학원,1,123
서울자동차운전전문학원,2,96
서울자동차운전전문학원,3,257
서울자동차운전전문학원,4,394
서울자동차운전전문학원,5,446
서울자동차운전전문학원,6,389
서울자동차운전전문학원,7,380
서울자동차운전전문학원,8,400
서울자동차운전전문학원,9,419
서울자동차운전전문학원,10,395
서울자동차운전전문학원,11,454
서울자동차운전전문학원,12,333
서울중랑우체국,1,1113
서울중랑우체국,2,1378
서울중랑우체국,3,2128
서울중랑우체국,4,2350
서울중랑우체국,5,2427
서울중랑우체국,6,2246
서울중랑우체국,7,2700
서울중랑우체국,8,2711
서울중랑우체국,9,3421
서울중랑우체국,10,3537
서울중랑우체국,11,2732
서울중랑우체국,12,1733
서울지방고용노동청 앞,1,2027
서울지방고용노동청 앞,2,2233
서울지방고용노동청 앞,3,3634
서울지방고용노동청 앞,4,5155
서울지방고용노동청 앞,5,5364
서울지방고용노동청 앞,6,5361
서울지방고용노동청 앞,7,5179
서울지방고용노동청 앞,8,4970
서울지방고용노동청 앞,9,5554
서울지방고용노동청 앞,10,5783
서울지방고용노동청 앞,11,5010
서울지방고용노동청 앞,12,3019
서울지방병무청 버스정류장,1,1625
서울지방병무청 버스정류장,2,1841
서울지방병무청 버스정류장,3,3017
서울지방병무청 버스정류장,4,4174
서울지방병무청 버스정류장,5,4174
서울지방병무청 버스정류장,6,4028
서울지방병무청 버스정류장,7,3360
서울지방병무청 버스정류장,8,3242
서울지방병무청 버스정류장,9,3714
서울지방병무청 버스정류장,10,4215
서울지방병무청 버스정류장,11,3394
서울지방병무청 버스정류장,12,1995
서울천호동우체국,1,2363
서울천호동우체국,2,2527
서울천호동우체국,3,4362
서울천호동우체국,4,6165
서울천호동우체국,5,7544
서울천호동우체국,6,8011
서울천호동우체국,7,6599
서울천호동우체국,8,6722
서울천호동우체국,9,7609
서울천호동우체국,10,7852
서울천호동우체국,11,5832
서울천호동우체국,12,3408
서울체육고등학교 앞,1,1293
서울체육고등학교 앞,2,1183
서울체육고등학교 앞,3,4034
서울체육고등학교 앞,4,5775
서울체육고등학교 앞,5,6754
서울체육고등학교 앞,6,5743
서울체육고등학교 앞,7,3481
서울체육고등학교 앞,8,3662
서울체육고등학교 앞,9,6013
서울체육고등학교 앞,10,6748
서울체육고등학교 앞,11,6259
서울체육고등학교 앞,12,2986
서울추모공원 입구,1,46
서울추모공원 입구,2,44
서울추모공원 입구,3,110
서울추모공원 입구,4,133
서울추모공원 입구,5,155
서울추모공원 입구,6,178
서울추모공원 입구,7,137
서울추모공원 입구,8,192
서울추모공원 입구,9,212
서울추모공원 입구,10,158
서울추모공원 입구,11,148
서울추모공원 입구,12,72
서울축산농협(장안지점),1,3843
서울축산농협(장안지점),2,4357
서울축산농협(장안지점),3,6984
서울축산농협(장안지점),4,8807
서울축산농협(장안지점),5,9888
서울축산농협(장안지점),6,10473
서울축산농협(장안지점),7,9445
서울축산농협(장안지점),8,9521
서울축산농협(장안지점),9,10996
서울축산농협(장안지점),10,11544
서울축산농협(장안지점),11,7340
서울축산농협(장안지점),12,4446
서울출입국관리사무소 앞,1,7161
서울출입국관리사무소 앞,2,7470
서울출입국관리사무소 앞,3,10512
서울출입국관리사무소 앞,4,14145
서울출입국관리사무소 앞,5,16244
서울출입국관리사무소 앞,6,17432
서울출입국관리사무소 앞,7,15908
서울출입국관리사무소 앞,8,15362
서울출입국관리사무소 앞,9,17341
서울출입국관리사무소 앞,10,18504
서울출입국관리사무소 앞,11,14965
서울출입국관리사무소 앞,12,9841
서울친환경유통센터,1,256
서울친환경유통센터,2,238
서울친환경유통센터,3,482
서울친환경유통센터,4,581
서울친환경유통센터,5,678
서울친환경유통센터,6,637
서울친환경유통센터,7,663
서울친환경유통센터,8,635
서울친환경유통센터,9,790
서울친환경유통센터,10,910
서울친환경유통센터,11,802
서울친환경유통센터,12,516
서울특별시 교육청,1,249
서울특별시 교육청,2,257
서울특별시 교육청,3,336
서울특별시 교육청,4,558
서울특별시 교육청,5,404
서울특별시 교육청,6,290
서울특별시 교육청,7,343
서울특별시 교육청,8,299
서울특별시 교육청,9,348
서울특별시 교육청,10,325
서울특별시 교육청,11,397
서울특별시 교육청,12,276
서울특별시 남부교육지원청,1,1245
서울특별시 남부교육지원청,2,1258
서울특별시 남부교육지원청,3,2024
서울특별시 남부교육지원청,4,2690
서울특별시 남부교육지원청,5,2936
서울특별시 남부교육지원청,6,3111
서울특별시 남부교육지원청,7,3616
서울특별시 남부교육지원청,8,3241
서울특별시 남부교육지원청,9,3529
서울특별시 남부교육지원청,10,3605
서울특별시 남부교육지원청,11,3023
서울특별시 남부교육지원청,12,1929
서울특별시 동부교육지원청(육교),1,327
서울특별시 동부교육지원청(육교),2,316
서울특별시 동부교육지원청(육교),3,769
서울특별시 동부교육지원청(육교),4,1026
서울특별시 동부교육지원청(육교),5,1139
서울특별시 동부교육지원청(육교),6,1031
서울특별시 동부교육지원청(육교),7,898
서울특별시 동부교육지원청(육교),8,941
서울특별시 동부교육지원청(육교),9,1063
서울특별시 동부교육지원청(육교),10,1009
서울특별시 동부교육지원청(육교),11,871
서울특별시 동부교육지원청(육교),12,544
서울특별시 동작관악교육지원청,1,152
서울특별시 동작관악교육지원청,2,256
서울특별시 동작관악교육지원청,3,356
서울특별시 동작관악교육지원청,4,471
서울특별시 동작관악교육지원청,5,469
서울특별시 동작관악교육지원청,6,371
서울특별시 동작관악교육지원청,7,359
서울특별시 동작관악교육지원청,8,393
서울특별시 동작관악교육지원청,9,492
서울특별시 동작관악교육지원청,10,441
서울특별시 동작관악교육지원청,11,408
서울특별시 동작관악교육지원청,12,223
서울특별시 은평병원,1,1026
서울특별시 은평병원,2,1135
서울특별시 은평병원,3,1745
서울특별시 은평병원,4,2121
서울특별시 은평병원,5,2139
서울특별시 은평병원,6,2188
서울특별시 은평병원,7,1979
서울특별시 은평병원,8,2053
서울특별시 은평병원,9,2046
서울특별시 은평병원,10,2076
서울특별시 은평병원,11,1917
서울특별시 은평병원,12,1245
서울특별시 중부교육지원청,1,184
서울특별시 중부교육지원청,2,208
서울특별시 중부교육지원청,3,483
서울특별시 중부교육지원청,4,623
서울특별시 중부교육지원청,5,559
서울특별시 중부교육지원청,6,613
서울특별시 중부교육지원청,7,606
서울특별시 중부교육지원청,8,544
서울특별시 중부교육지원청,9,534
서울특별시 중부교육지원청,10,561
서울특별시 중부교육지원청,11,452
서울특별시 중부교육지원청,12,290
서울특별시교육청도봉도서관,1,1260
서울특별시교육청도봉도서관,2,1664
서울특별시교육청도봉도서관,3,2980
서울특별시교육청도봉도서관,4,4042
서울특별시교육청도봉도서관,5,4243
서울특별시교육청도봉도서관,6,4211
서울특별시교육청도봉도서관,7,3882
서울특별시교육청도봉도서관,8,3739
서울특별시교육청도봉도서관,9,4423
서울특별시교육청도봉도서관,10,4004
서울특별시교육청도봉도서관,11,2655
서울특별시교육청도봉도서관,12,1403
서울혁신파크,1,1335
서울혁신파크,2,1511
서울혁신파크,3,2615
서울혁신파크,4,3296
서울혁신파크,5,3643
서울혁신파크,6,3629
서울혁신파크,7,3199
서울혁신파크,8,2832
서울혁신파크,9,3610
서울혁신파크,10,3716
서울혁신파크,11,2859
서울혁신파크,12,1732
서울혁신파크1,1,248
서울혁신파크1,2,349
서울혁신파크1,3,621
서울혁신파크1,4,1020
서울혁신파크1,5,1308
서울혁신파크1,6,1357
서울혁신파크1,7,1047
서울혁신파크1,8,777
서울혁신파크1,9,1091
서울혁신파크1,10,1103
서울혁신파크1,11,699
서울혁신파크1,12,302
서울혁신파크2,1,561
서울혁신파크2,2,607
서울혁신파크2,3,1153
서울혁신파크2,4,1707
서울혁신파크2,5,1682
서울혁신파크2,6,1820
서울혁신파크2,7,1364
서울혁신파크2,8,1270
서울혁신파크2,9,1713
서울혁신파크2,10,1699
서울혁신파크2,11,1255
서울혁신파크2,12,638
서원마을,1,336
서원마을,2,324
서원마을,3,596
서원마을,4,740
서원마을,5,849
서원마을,6,922
서원마을,7,788
서원마을,8,756
서원마을,9,988
서원마을,10,889
서원마을,11,696
서원마을,12,460
서일스포츠센터,1,320
서일스포츠센터,2,296
서일스포츠센터,3,485
서일스포츠센터,4,689
서일스포츠센터,5,870
서일스포츠센터,6,967
서일스포츠센터,7,849
서일스포츠센터,8,809
서일스포츠센터,9,930
서일스포츠센터,10,857
서일스포츠센터,11,768
서일스포츠센터,12,487
서초 크로바타워 앞,1,1111
서초 크로바타워 앞,2,1106
서초 크로바타워 앞,3,1564
서초 크로바타워 앞,4,2078
서초 크로바타워 앞,5,2174
서초 크로바타워 앞,6,2383
서초 크로바타워 앞,7,2223
서초 크로바타워 앞,8,2469
서초 크로바타워 앞,9,2705
서초 크로바타워 앞,10,2869
서초 크로바타워 앞,11,2406
서초 크로바타워 앞,12,1426
서초 포레스타5단지,1,738
서초 포레스타5단지,2,961
서초 포레스타5단지,3,1573
서초 포레스타5단지,4,2181
서초 포레스타5단지,5,2310
서초 포레스타5단지,6,2358
서초 포레스타5단지,7,2306
서초 포레스타5단지,8,2255
서초 포레스타5단지,9,2550
서초 포레스타5단지,10,2192
서초 포레스타5단지,11,1633
서초 포레스타5단지,12,1002
서초1교 (진흥아파트 방면),1,694
서초1교 (진흥아파트 방면),2,776
서초1교 (진흥아파트 방면),3,1231
서초1교 (진흥아파트 방면),4,1502
서초1교 (진흥아파트 방면),5,1646
서초1교 (진흥아파트 방면),6,1801
서초1교 (진흥아파트 방면),7,1682
서초1교 (진흥아파트 방면),8,1807
서초1교 (진흥아파트 방면),9,2008
서초1교 (진흥아파트 방면),10,2054
서초1교 (진흥아파트 방면),11,1633
서초1교 (진흥아파트 방면),12,1056
서초2교(사임당로 방면),1,313
서초2교(사임당로 방면),2,349
서초2교(사임당로 방면),3,595
서초2교(사임당로 방면),4,731
서초2교(사임당로 방면),5,787
서초2교(사임당로 방면),6,591
서초2교(사임당로 방면),7,750
서초2교(사임당로 방면),8,751
서초2교(사임당로 방면),9,892
서초2교(사임당로 방면),10,845
서초2교(사임당로 방면),11,712
서초2교(사임당로 방면),12,428
서초4동주민센터,1,991
서초4동주민센터,2,1117
서초4동주민센터,3,1707
서초4동주민센터,4,2662
서초4동주민센터,5,3032
서초4동주민센터,6,3090
서초4동주민센터,7,2650
서초4동주민센터,8,2490
서초4동주민센터,9,3088
서초4동주민센터,10,3334
서초4동주민센터,11,2479
서초4동주민센터,12,1330
서초구립반포도서관 앞,1,2096
서초구립반포도서관 앞,2,2371
서초구립반포도서관 앞,3,3646
서초구립반포도서관 앞,4,4985
서초구립반포도서관 앞,5,5110
서초구립반포도서관 앞,6,5385
서초구립반포도서관 앞,7,4991
서초구립반포도서관 앞,8,5108
서초구립반포도서관 앞,9,5776
서초구립반포도서관 앞,10,5946
서초구립반포도서관 앞,11,4987
서초구립반포도서관 앞,12,2673
서초그랑자이 앞,1,594
서초그랑자이 앞,2,734
서초그랑자이 앞,3,976
서초그랑자이 앞,4,1249
서초그랑자이 앞,5,1453
서초그랑자이 앞,6,1697
서초그랑자이 앞,7,1401
서초그랑자이 앞,8,1476
서초그랑자이 앞,9,1782
서초그랑자이 앞,10,1757
서초그랑자이 앞,11,1501
서초그랑자이 앞,12,919
서초동 현대아파트 앞,1,776
서초동 현대아파트 앞,2,919
서초동 현대아파트 앞,3,1272
서초동 현대아파트 앞,4,1888
서초동 현대아파트 앞,5,1956
서초동 현대아파트 앞,6,2123
서초동 현대아파트 앞,7,2014
서초동 현대아파트 앞,8,2087
서초동 현대아파트 앞,9,2422
서초동 현대아파트 앞,10,2244
서초동 현대아파트 앞,11,1668
서초동 현대아파트 앞,12,1008
서초리슈빌S 글로벌 앞,1,360
서초리슈빌S 글로벌 앞,2,417
서초리슈빌S 글로벌 앞,3,707
서초리슈빌S 글로벌 앞,4,898
서초리슈빌S 글로벌 앞,5,963
서초리슈빌S 글로벌 앞,6,1101
서초리슈빌S 글로벌 앞,7,998
서초리슈빌S 글로벌 앞,8,840
서초리슈빌S 글로벌 앞,9,942
서초리슈빌S 글로벌 앞,10,930
서초리슈빌S 글로벌 앞,11,760
서초리슈빌S 글로벌 앞,12,456
서초신동아1차아파트 옆,1,1101
서초신동아1차아파트 옆,2,1176
서초신동아1차아파트 옆,3,1847
서초신동아1차아파트 옆,4,2285
서초신동아1차아파트 옆,5,2217
서초신동아1차아파트 옆,6,1832
서초신동아1차아파트 옆,7,2144
서초신동아1차아파트 옆,8,2336
서초신동아1차아파트 옆,9,2482
서초신동아1차아파트 옆,10,2359
서초신동아1차아파트 옆,11,1959
서초신동아1차아파트 옆,12,1194
서초역 3번출구,1,1431
서초역 3번출구,2,1600
서초역 3번출구,3,2703
서초역 3번출구,4,3567
서초역 3번출구,5,3660
서초역 3번출구,6,3836
서초역 3번출구,7,3409
서초역 3번출구,8,3061
서초역 3번출구,9,4019
서초역 3번출구,10,3944
서초역 3번출구,11,3194
서초역 3번출구,12,1719
서초역1번출구 앞,1,737
서초역1번출구 앞,2,824
서초역1번출구 앞,3,1509
서초역1번출구 앞,4,2076
서초역1번출구 앞,5,2136
서초역1번출구 앞,6,2142
서초역1번출구 앞,7,2003
서초역1번출구 앞,8,1777
서초역1번출구 앞,9,2406
서초역1번출구 앞,10,2411
서초역1번출구 앞,11,1975
서초역1번출구 앞,12,939
서초유치원 맞은편,1,911
서초유치원 맞은편,2,1172
서초유치원 맞은편,3,2134
서초유치원 맞은편,4,3112
서초유치원 맞은편,5,3175
서초유치원 맞은편,6,3304
서초유치원 맞은편,7,2666
서초유치원 맞은편,8,2334
서초유치원 맞은편,9,3153
서초유치원 맞은편,10,3270
서초유치원 맞은편,11,2366
서초유치원 맞은편,12,1276
서초종합체육관 입구,1,130
서초종합체육관 입구,2,160
서초종합체육관 입구,3,246
서초종합체육관 입구,4,293
서초종합체육관 입구,5,349
서초종합체육관 입구,6,346
서초종합체육관 입구,7,372
서초종합체육관 입구,8,383
서초종합체육관 입구,9,388
서초종합체육관 입구,10,421
서초종합체육관 입구,11,456
서초종합체육관 입구,12,242
서초초등학교 후문,1,1421
서초초등학교 후문,2,1533
서초초등학교 후문,3,2643
서초초등학교 후문,4,3549
서초초등학교 후문,5,4000
서초초등학교 후문,6,3953
서초초등학교 후문,7,3541
서초초등학교 후문,8,3790
서초초등학교 후문,9,4266
서초초등학교 후문,10,4621
서초초등학교 후문,11,3649
서초초등학교 후문,12,2035
서초케이타운앞,1,65
서초케이타운앞,2,88
서초케이타운앞,3,157
서초케이타운앞,4,328
서초케이타운앞,5,345
서초케이타운앞,6,368
서초케이타운앞,7,424
서초케이타운앞,8,371
서초케이타운앞,9,402
서초케이타운앞,10,381
서초케이타운앞,11,346
서초케이타운앞,12,172
서초포레스타 7단지,1,553
서초포레스타 7단지,2,562
서초포레스타 7단지,3,1054
서초포레스타 7단지,4,1695
서초포레스타 7단지,5,1746
서초포레스타 7단지,6,1758
서초포레스타 7단지,7,1502
서초포레스타 7단지,8,1375
서초포레스타 7단지,9,1693
서초포레스타 7단지,10,1639
서초포레스타 7단지,11,1196
서초포레스타 7단지,12,664
서초현대4차아파트 201동 맞은편,1,1094
서초현대4차아파트 201동 맞은편,2,1148
서초현대4차아파트 201동 맞은편,3,2059
서초현대4차아파트 201동 맞은편,4,2561
서초현대4차아파트 201동 맞은편,5,2705
서초현대4차아파트 201동 맞은편,6,2758
서초현대4차아파트 201동 맞은편,7,2723
서초현대4차아파트 201동 맞은편,8,2508
서초현대4차아파트 201동 맞은편,9,2847
서초현대4차아파트 201동 맞은편,10,2926
서초현대4차아파트 201동 맞은편,11,2585
서초현대4차아파트 201동 맞은편,12,1506
석계역 3번 출구,1,1835
석계역 3번 출구,2,2128
석계역 3번 출구,3,4022
석계역 3번 출구,4,5322
석계역 3번 출구,5,6435
석계역 3번 출구,6,6756
석계역 3번 출구,7,5813
석계역 3번 출구,8,5455
석계역 3번 출구,9,6924
석계역 3번 출구,10,7006
석계역 3번 출구,11,5039
석계역 3번 출구,12,2745
석계역 4번출구 뒤,1,2541
석계역 4번출구 뒤,2,3031
석계역 4번출구 뒤,3,5610
석계역 4번출구 뒤,4,7514
석계역 4번출구 뒤,5,8671
석계역 4번출구 뒤,6,8234
석계역 4번출구 뒤,7,6684
석계역 4번출구 뒤,8,6701
석계역 4번출구 뒤,9,8694
석계역 4번출구 뒤,10,8697
석계역 4번출구 뒤,11,6465
석계역 4번출구 뒤,12,3466
석계역 5번출구 건너편,1,2692
석계역 5번출구 건너편,2,3142
석계역 5번출구 건너편,3,5263
석계역 5번출구 건너편,4,6987
석계역 5번출구 건너편,5,7543
석계역 5번출구 건너편,6,7376
석계역 5번출구 건너편,7,6765
석계역 5번출구 건너편,8,6294
석계역 5번출구 건너편,9,8226
석계역 5번출구 건너편,10,7577
석계역 5번출구 건너편,11,4493
석계역 5번출구 건너편,12,2920
석계역 문화광장 내 자전거 보관소,1,5644
석계역 문화광장 내 자전거 보관소,2,5844
석계역 문화광장 내 자전거 보관소,3,11230
석계역 문화광장 내 자전거 보관소,4,14545
석계역 문화광장 내 자전거 보관소,5,17593
석계역 문화광장 내 자전거 보관소,6,17419
석계역 문화광장 내 자전거 보관소,7,15086
석계역 문화광장 내 자전거 보관소,8,13980
석계역 문화광장 내 자전거 보관소,9,18482
석계역 문화광장 내 자전거 보관소,10,19291
석계역 문화광장 내 자전거 보관소,11,15709
석계역 문화광장 내 자전거 보관소,12,8867
석관동주민센터 앞,1,1492
석관동주민센터 앞,2,1772
석관동주민센터 앞,3,3569
석관동주민센터 앞,4,4688
석관동주민센터 앞,5,5175
석관동주민센터 앞,6,5151
석관동주민센터 앞,7,4442
석관동주민센터 앞,8,4254
석관동주민센터 앞,9,5143
석관동주민센터 앞,10,5402
석관동주민센터 앞,11,4215
석관동주민센터 앞,12,2589
석관래미안아트리치,1,1966
석관래미안아트리치,2,2287
석관래미안아트리치,3,3807
석관래미안아트리치,4,4985
석관래미안아트리치,5,5634
석관래미안아트리치,6,5963
석관래미안아트리치,7,5760
석관래미안아트리치,8,5496
석관래미안아트리치,9,6874
석관래미안아트리치,10,6902
석관래미안아트리치,11,5069
석관래미안아트리치,12,3035
석관초등학교 앞,1,1987
석관초등학교 앞,2,2203
석관초등학교 앞,3,4199
석관초등학교 앞,4,5570
석관초등학교 앞,5,6311
석관초등학교 앞,6,6297
석관초등학교 앞,7,4952
석관초등학교 앞,8,4762
석관초등학교 앞,9,6616
석관초등학교 앞,10,6514
석관초등학교 앞,11,5204
석관초등학교 앞,12,3091
석촌고분역 2번 출구,1,3375
석촌고분역 2번 출구,2,3674
석촌고분역 2번 출구,3,6305
석촌고분역 2번 출구,4,7931
석촌고분역 2번 출구,5,9393
석촌고분역 2번 출구,6,10328
석촌고분역 2번 출구,7,9260
석촌고분역 2번 출구,8,8892
석촌고분역 2번 출구,9,10304
석촌고분역 2번 출구,10,10437
석촌고분역 2번 출구,11,8438
석촌고분역 2번 출구,12,5060
석촌고분역 4번출구,1,3299
석촌고분역 4번출구,2,3764
석촌고분역 4번출구,3,6506
석촌고분역 4번출구,4,8062
석촌고분역 4번출구,5,9209
석촌고분역 4번출구,6,9409
석촌고분역 4번출구,7,8029
석촌고분역 4번출구,8,7448
석촌고분역 4번출구,9,8845
석촌고분역 4번출구,10,9331
석촌고분역 4번출구,11,7220
석촌고분역 4번출구,12,4467
석촌동 주민센터,1,4138
석촌동 주민센터,2,4620
석촌동 주민센터,3,7771
석촌동 주민센터,4,9840
석촌동 주민센터,5,10967
석촌동 주민센터,6,12024
석촌동 주민센터,7,10633
석촌동 주민센터,8,10134
석촌동 주민센터,9,11333
석촌동 주민센터,10,12127
석촌동 주민센터,11,9939
석촌동 주민센터,12,6298
석촌역 2번출구,1,4089
석촌역 2번출구,2,4840
석촌역 2번출구,3,8689
석촌역 2번출구,4,10957
석촌역 2번출구,5,11836
석촌역 2번출구,6,12047
석촌역 2번출구,7,9665
석촌역 2번출구,8,9193
석촌역 2번출구,9,11247
석촌역 2번출구,10,12400
석촌역 2번출구,11,9658
석촌역 2번출구,12,5456
석촌역 8번출구,1,5055
석촌역 8번출구,2,5607
석촌역 8번출구,3,9139
석촌역 8번출구,4,11557
석촌역 8번출구,5,12893
석촌역 8번출구,6,13499
석촌역 8번출구,7,12055
석촌역 8번출구,8,11778
석촌역 8번출구,9,13455
석촌역 8번출구,10,14834
석촌역 8번출구,11,12221
석촌역 8번출구,12,7583
석촌호수 서호 남단,1,4245
석촌호수 서호 남단,2,4284
석촌호수 서호 남단,3,5830
석촌호수 서호 남단,4,7131
석촌호수 서호 남단,5,8707
석촌호수 서호 남단,6,9461
석촌호수 서호 남단,7,9106
석촌호수 서호 남단,8,9715
석촌호수 서호 남단,9,10169
석촌호수 서호 남단,10,10612
석촌호수 서호 남단,11,9193
석촌호수 서호 남단,12,6291
석촌호수 서호 사거리,1,4216
석촌호수 서호 사거리,2,4683
석촌호수 서호 사거리,3,7525
석촌호수 서호 사거리,4,10343
석촌호수 서호 사거리,5,11856
석촌호수 서호 사거리,6,12506
석촌호수 서호 사거리,7,10797
석촌호수 서호 사거리,8,10141
석촌호수 서호 사거리,9,11553
석촌호수 서호 사거리,10,12161
석촌호수 서호 사거리,11,9473
석촌호수 서호 사거리,12,5679
석촌호수 아뜰리에,1,3111
석촌호수 아뜰리에,2,3581
석촌호수 아뜰리에,3,6542
석촌호수 아뜰리에,4,9409
석촌호수 아뜰리에,5,10127
석촌호수 아뜰리에,6,10601
석촌호수 아뜰리에,7,9277
석촌호수 아뜰리에,8,8871
석촌호수 아뜰리에,9,10357
석촌호수 아뜰리에,10,10409
석촌호수 아뜰리에,11,7463
석촌호수 아뜰리에,12,4365
석촌호수교차로 (송파나루근린공원 앞),1,1001
석촌호수교차로 (송파나루근린공원 앞),2,1209
석촌호수교차로 (송파나루근린공원 앞),3,2326
석촌호수교차로 (송파나루근린공원 앞),4,3834
석촌호수교차로 (송파나루근린공원 앞),5,3468
석촌호수교차로 (송파나루근린공원 앞),6,3359
석촌호수교차로 (송파나루근린공원 앞),7,2509
석촌호수교차로 (송파나루근린공원 앞),8,2462
석촌호수교차로 (송파나루근린공원 앞),9,3148
석촌호수교차로 (송파나루근린공원 앞),10,3725
석촌호수교차로 (송파나루근린공원 앞),11,2432
석촌호수교차로 (송파나루근린공원 앞),12,1341
석촌호수교차로(동호 팔각정 앞),1,3961
석촌호수교차로(동호 팔각정 앞),2,4645
석촌호수교차로(동호 팔각정 앞),3,8545
석촌호수교차로(동호 팔각정 앞),4,12276
석촌호수교차로(동호 팔각정 앞),5,12220
석촌호수교차로(동호 팔각정 앞),6,11639
석촌호수교차로(동호 팔각정 앞),7,9148
석촌호수교차로(동호 팔각정 앞),8,9471
석촌호수교차로(동호 팔각정 앞),9,12372
석촌호수교차로(동호 팔각정 앞),10,13382
석촌호수교차로(동호 팔각정 앞),11,9004
석촌호수교차로(동호 팔각정 앞),12,5037
선릉역3번출구,1,2473
선릉역3번출구,2,2610
선릉역3번출구,3,4008
선릉역3번출구,4,5509
선릉역3번출구,5,5723
선릉역3번출구,6,5621
선릉역3번출구,7,5222
선릉역3번출구,8,5104
선릉역3번출구,9,5607
선릉역3번출구,10,5926
선릉역3번출구,11,5029
선릉역3번출구,12,3034
선린인터넷 고등학교,1,2049
선린인터넷 고등학교,2,2289
선린인터넷 고등학교,3,4129
선린인터넷 고등학교,4,5550
선린인터넷 고등학교,5,6051
선린인터넷 고등학교,6,6407
선린인터넷 고등학교,7,5542
선린인터넷 고등학교,8,5233
선린인터넷 고등학교,9,6425
선린인터넷 고등학교,10,6738
선린인터넷 고등학교,11,5325
선린인터넷 고등학교,12,3087
선사고등학교,1,546
선사고등학교,2,603
선사고등학교,3,1292
선사고등학교,4,2233
선사고등학교,5,2952
선사고등학교,6,2712
선사고등학교,7,2412
선사고등학교,8,2641
선사고등학교,9,3299
선사고등학교,10,3186
선사고등학교,11,1826
선사고등학교,12,939
선유도역 3번출구 앞,1,4673
선유도역 3번출구 앞,2,5572
선유도역 3번출구 앞,3,11259
선유도역 3번출구 앞,4,16387
선유도역 3번출구 앞,5,17755
선유도역 3번출구 앞,6,17132
선유도역 3번출구 앞,7,13754
선유도역 3번출구 앞,8,13383
선유도역 3번출구 앞,9,17866
선유도역 3번출구 앞,10,17377
선유도역 3번출구 앞,11,11583
선유도역 3번출구 앞,12,6358
선잠단지 앞,1,449
선잠단지 앞,2,509
선잠단지 앞,3,934
선잠단지 앞,4,1176
선잠단지 앞,5,1301
선잠단지 앞,6,1361
선잠단지 앞,7,1117
선잠단지 앞,8,1069
선잠단지 앞,9,1372
선잠단지 앞,10,1285
선잠단지 앞,11,916
선잠단지 앞,12,602
"선정릉 디캠프(D,CAMP)앞",1,337
"선정릉 디캠프(D,CAMP)앞",2,426
"선정릉 디캠프(D,CAMP)앞",3,637
"선정릉 디캠프(D,CAMP)앞",4,909
"선정릉 디캠프(D,CAMP)앞",5,1015
"선정릉 디캠프(D,CAMP)앞",6,1004
"선정릉 디캠프(D,CAMP)앞",7,939
"선정릉 디캠프(D,CAMP)앞",8,882
"선정릉 디캠프(D,CAMP)앞",9,957
"선정릉 디캠프(D,CAMP)앞",10,1090
"선정릉 디캠프(D,CAMP)앞",11,843
"선정릉 디캠프(D,CAMP)앞",12,429
선정릉역 4번 출구,1,424
선정릉역 4번 출구,2,546
선정릉역 4번 출구,3,877
선정릉역 4번 출구,4,1269
선정릉역 4번 출구,5,1356
선정릉역 4번 출구,6,1353
선정릉역 4번 출구,7,999
선정릉역 4번 출구,8,1128
선정릉역 4번 출구,9,1440
선정릉역 4번 출구,10,1423
선정릉역 4번 출구,11,1172
선정릉역 4번 출구,12,647
섬들근린공원,1,1721
섬들근린공원,2,2119
섬들근린공원,3,3974
섬들근린공원,4,5487
섬들근린공원,5,5519
섬들근린공원,6,5607
섬들근린공원,7,4418
섬들근린공원,8,3788
섬들근린공원,9,5458
섬들근린공원,10,5540
섬들근린공원,11,4248
섬들근린공원,12,2304
섬유센터 앞,1,1512
섬유센터 앞,2,1706
섬유센터 앞,3,3083
섬유센터 앞,4,3808
섬유센터 앞,5,3949
섬유센터 앞,6,4534
섬유센터 앞,7,4121
섬유센터 앞,8,3768
섬유센터 앞,9,4833
섬유센터 앞,10,5182
섬유센터 앞,11,4343
섬유센터 앞,12,2363
성공회대학교,1,485
성공회대학교,2,581
성공회대학교,3,1250
성공회대학교,4,1959
성공회대학교,5,2163
성공회대학교,6,2240
성공회대학교,7,1558
성공회대학교,8,1530
성공회대학교,9,1962
성공회대학교,10,2114
성공회대학교,11,1741
성공회대학교,12,781
성균관대 E하우스 앞,1,1665
성균관대 E하우스 앞,2,1861
성균관대 E하우스 앞,3,4769
성균관대 E하우스 앞,4,5961
성균관대 E하우스 앞,5,5933
성균관대 E하우스 앞,6,4776
성균관대 E하우스 앞,7,3582
성균관대 E하우스 앞,8,3453
성균관대 E하우스 앞,9,5516
성균관대 E하우스 앞,10,6283
성균관대 E하우스 앞,11,5429
성균관대 E하우스 앞,12,2955
성균관대 정문,1,2708
성균관대 정문,2,2933
성균관대 정문,3,6305
성균관대 정문,4,7869
성균관대 정문,5,8340
성균관대 정문,6,7443
성균관대 정문,7,7015
성균관대 정문,8,6455
성균관대 정문,9,7840
성균관대 정문,10,8595
성균관대 정문,11,7050
성균관대 정문,12,4160
성균관대입구 사거리 A,1,2233
성균관대입구 사거리 A,2,2344
성균관대입구 사거리 A,3,3844
성균관대입구 사거리 A,4,4829
성균관대입구 사거리 A,5,4931
성균관대입구 사거리 A,6,4870
성균관대입구 사거리 A,7,4501
성균관대입구 사거리 A,8,4232
성균관대입구 사거리 A,9,4326
성균관대입구 사거리 A,10,4745
성균관대입구 사거리 A,11,4062
성균관대입구 사거리 A,12,2234
성균관대입구 사거리 B,1,1790
성균관대입구 사거리 B,2,2071
성균관대입구 사거리 B,3,3880
성균관대입구 사거리 B,4,4694
성균관대입구 사거리 B,5,4760
성균관대입구 사거리 B,6,5000
성균관대입구 사거리 B,7,4476
성균관대입구 사거리 B,8,4666
성균관대입구 사거리 B,9,4997
성균관대입구 사거리 B,10,5171
성균관대입구 사거리 B,11,4967
성균관대입구 사거리 B,12,2595
성내5교,1,1612
성내5교,2,1931
성내5교,3,3390
성내5교,4,4399
성내5교,5,5061
성내5교,6,5506
성내5교,7,4654
성내5교,8,4444
성내5교,9,5246
성내5교,10,5326
성내5교,11,3867
성내5교,12,2428
성내5교 2,8,26
성내5교 2,9,357
성내5교 2,10,367
성내5교 2,11,370
성내5교 2,12,187
성내7교,1,1769
성내7교,2,2036
성내7교,3,3426
성내7교,4,4348
성내7교,5,4764
성내7교,6,4903
성내7교,7,4127
성내7교,8,3833
성내7교,9,4468
성내7교,10,4540
성내7교,11,3560
성내7교,12,2217
성내교 남단,1,444
성내교 남단,2,639
성내교 남단,3,1130
성내교 남단,4,1958
성내교 남단,5,1853
성내교 남단,6,1819
성내교 남단,7,1431
성내교 남단,8,1558
성내교 남단,9,1768
성내교 남단,10,1729
성내교 남단,11,1197
성내교 남단,12,711
성내삼성아파트,1,4589
성내삼성아파트,2,4774
성내삼성아파트,3,7693
성내삼성아파트,4,9563
성내삼성아파트,5,10793
성내삼성아파트,6,11845
성내삼성아파트,7,10717
성내삼성아파트,8,11235
성내삼성아파트,9,11814
성내삼성아파트,10,12196
성내삼성아파트,11,10200
성내삼성아파트,12,6725
성내어울터,1,3882
성내어울터,2,4299
성내어울터,3,7637
성내어울터,4,9721
성내어울터,5,11008
성내어울터,6,12458
성내어울터,7,10578
성내어울터,8,10031
성내어울터,9,11238
성내어울터,10,11518
성내어울터,11,9125
성내어울터,12,5514
성내유수지 체육공원,1,424
성내유수지 체육공원,2,435
성내유수지 체육공원,3,939
성내유수지 체육공원,4,1247
성내유수지 체육공원,5,1247
성내유수지 체육공원,6,1292
성내유수지 체육공원,7,900
성내유수지 체육공원,8,852
성내유수지 체육공원,9,1112
성내유수지 체육공원,10,1174
성내유수지 체육공원,11,923
성내유수지 체육공원,12,522
성동광진 교육지원청 앞,1,2426
성동광진 교육지원청 앞,2,2923
성동광진 교육지원청 앞,3,4926
성동광진 교육지원청 앞,4,6519
성동광진 교육지원청 앞,5,7198
성동광진 교육지원청 앞,6,7071
성동광진 교육지원청 앞,7,5990
성동광진 교육지원청 앞,8,5669
성동광진 교육지원청 앞,9,6458
성동광진 교육지원청 앞,10,6836
성동광진 교육지원청 앞,11,5526
성동광진 교육지원청 앞,12,3320
성동교 사거리,1,969
성동교 사거리,2,1214
성동교 사거리,3,2063
성동교 사거리,4,2775
성동교 사거리,5,2646
성동교 사거리,6,2843
성동교 사거리,7,2740
성동교 사거리,8,2517
성동교 사거리,9,3390
성동교 사거리,10,3339
성동교 사거리,11,2455
성동교 사거리,12,1372
성동구 견인차량 보관소 앞,1,2574
성동구 견인차량 보관소 앞,2,2789
성동구 견인차량 보관소 앞,3,4721
성동구 견인차량 보관소 앞,4,6292
성동구 견인차량 보관소 앞,5,7152
성동구 견인차량 보관소 앞,6,7221
성동구 견인차량 보관소 앞,7,6517
성동구 견인차량 보관소 앞,8,6234
성동구 견인차량 보관소 앞,9,7251
성동구 견인차량 보관소 앞,10,7604
성동구 견인차량 보관소 앞,11,5929
성동구 견인차량 보관소 앞,12,3763
성동구민종합체육센터 건너편,1,2940
성동구민종합체육센터 건너편,2,3736
성동구민종합체육센터 건너편,3,7306
성동구민종합체육센터 건너편,4,11904
성동구민종합체육센터 건너편,5,11991
성동구민종합체육센터 건너편,6,11673
성동구민종합체육센터 건너편,7,8591
성동구민종합체육센터 건너편,8,8708
성동구민종합체육센터 건너편,9,12309
성동구민종합체육센터 건너편,10,12359
성동구민종합체육센터 건너편,11,7885
성동구민종합체육센터 건너편,12,3838
성동도로사업소,1,864
성동도로사업소,2,1011
성동도로사업소,3,1520
성동도로사업소,4,1774
성동도로사업소,5,2046
성동도로사업소,6,2198
성동도로사업소,7,2068
성동도로사업소,8,2015
성동도로사업소,9,2391
성동도로사업소,10,2435
성동도로사업소,11,2110
성동도로사업소,12,1449
성동세무서 건너편,1,3899
성동세무서 건너편,2,4018
성동세무서 건너편,3,6229
성동세무서 건너편,4,7150
성동세무서 건너편,5,7862
성동세무서 건너편,6,7719
성동세무서 건너편,7,7383
성동세무서 건너편,8,6594
성동세무서 건너편,9,7448
성동세무서 건너편,10,7876
성동세무서 건너편,11,6773
성동세무서 건너편,12,5095
성동세무서 부근,1,3263
성동세무서 부근,2,3630
성동세무서 부근,3,5812
성동세무서 부근,4,7104
성동세무서 부근,5,7738
성동세무서 부근,6,6942
성동세무서 부근,7,6260
성동세무서 부근,8,5527
성동세무서 부근,9,6450
성동세무서 부근,10,6834
성동세무서 부근,11,5902
성동세무서 부근,12,3859
성보하이드로빌딩,1,1295
성보하이드로빌딩,2,1439
성보하이드로빌딩,3,2530
성보하이드로빌딩,4,3472
성보하이드로빌딩,5,4460
성보하이드로빌딩,6,4835
성보하이드로빌딩,7,4093
성보하이드로빌딩,8,3848
성보하이드로빌딩,9,5018
성보하이드로빌딩,10,4953
성보하이드로빌딩,11,3541
성보하이드로빌딩,12,2055
성복교회 앞 (장평교 아래),1,220
성복교회 앞 (장평교 아래),2,385
성복교회 앞 (장평교 아래),3,754
성복교회 앞 (장평교 아래),4,895
성복교회 앞 (장평교 아래),5,943
성복교회 앞 (장평교 아래),6,1323
성복교회 앞 (장평교 아래),7,1230
성복교회 앞 (장평교 아래),8,1065
성복교회 앞 (장평교 아래),9,1683
성복교회 앞 (장평교 아래),10,1558
성복교회 앞 (장평교 아래),11,1069
성복교회 앞 (장평교 아래),12,607
성북3교 위,1,2068
성북3교 위,2,2405
성북3교 위,3,4428
성북3교 위,4,6130
성북3교 위,5,6393
성북3교 위,6,6494
성북3교 위,7,5402
성북3교 위,8,4840
성북3교 위,9,6067
성북3교 위,10,5779
성북3교 위,11,4063
성북3교 위,12,2402
성북구 한예종 캠퍼스 별관,1,365
성북구 한예종 캠퍼스 별관,2,405
성북구 한예종 캠퍼스 별관,3,2057
성북구 한예종 캠퍼스 별관,4,2931
성북구 한예종 캠퍼스 별관,5,3605
성북구 한예종 캠퍼스 별관,6,3004
성북구 한예종 캠퍼스 별관,7,1292
성북구 한예종 캠퍼스 별관,8,1109
성북구 한예종 캠퍼스 별관,9,2658
성북구 한예종 캠퍼스 별관,10,2398
성북구 한예종 캠퍼스 별관,11,1936
성북구 한예종 캠퍼스 별관,12,1113
성북구 한예종 캠퍼스 본관,1,345
성북구 한예종 캠퍼스 본관,2,349
성북구 한예종 캠퍼스 본관,3,2276
성북구 한예종 캠퍼스 본관,4,2882
성북구 한예종 캠퍼스 본관,5,3359
성북구 한예종 캠퍼스 본관,6,2910
성북구 한예종 캠퍼스 본관,7,1245
성북구 한예종 캠퍼스 본관,8,1103
성북구 한예종 캠퍼스 본관,9,2670
성북구 한예종 캠퍼스 본관,10,2344
성북구 한예종 캠퍼스 본관,11,2022
성북구 한예종 캠퍼스 본관,12,1074
성북구보건소 건너편,1,1220
성북구보건소 건너편,2,1308
성북구보건소 건너편,3,2413
성북구보건소 건너편,4,3205
성북구보건소 건너편,5,3456
성북구보건소 건너편,6,3342
성북구보건소 건너편,7,3032
성북구보건소 건너편,8,2779
성북구보건소 건너편,9,3863
성북구보건소 건너편,10,3762
성북구보건소 건너편,11,2768
성북구보건소 건너편,12,1751
성북구청,1,1693
성북구청,2,1803
성북구청,3,3508
성북구청,4,4781
성북구청,5,5432
성북구청,6,5320
성북구청,7,4605
성북구청,8,4355
성북구청,9,5257
성북구청,10,4876
성북구청,11,3839
성북구청,12,2386
성북동 주민센터 건너편,4,1
성북동 주민센터 건너편,5,1
성북동 주민센터 건너편,6,130
성북동 주민센터 건너편,7,133
성북동 치안센터 앞,1,1248
성북동 치안센터 앞,2,1232
성북동 치안센터 앞,3,2192
성북동 치안센터 앞,4,2800
성북동 치안센터 앞,5,3158
성북동 치안센터 앞,6,3026
성북동 치안센터 앞,7,2711
성북동 치안센터 앞,8,2803
성북동 치안센터 앞,9,3160
성북동 치안센터 앞,10,3114
성북동 치안센터 앞,11,2700
성북동 치안센터 앞,12,1637
성북쉼터 앞,1,475
성북쉼터 앞,2,397
성북쉼터 앞,3,676
성북쉼터 앞,4,769
성북쉼터 앞,5,707
성북쉼터 앞,6,730
성북쉼터 앞,7,699
성북쉼터 앞,8,724
성북쉼터 앞,9,748
성북쉼터 앞,10,641
성북쉼터 앞,11,654
성북쉼터 앞,12,478
성북제일새마을금고 본점 앞,1,733
성북제일새마을금고 본점 앞,2,878
성북제일새마을금고 본점 앞,3,1778
성북제일새마을금고 본점 앞,4,2314
성북제일새마을금고 본점 앞,5,2597
성북제일새마을금고 본점 앞,6,2612
성북제일새마을금고 본점 앞,7,2469
성북제일새마을금고 본점 앞,8,2188
성북제일새마을금고 본점 앞,9,2540
성북제일새마을금고 본점 앞,10,2676
성북제일새마을금고 본점 앞,11,1950
성북제일새마을금고 본점 앞,12,1057
성북청소년문화의집,1,118
성북청소년문화의집,2,184
성북청소년문화의집,3,317
성북청소년문화의집,4,408
성북청소년문화의집,5,364
성북청소년문화의집,6,370
성북청소년문화의집,7,319
성북청소년문화의집,8,375
성북청소년문화의집,9,311
성북청소년문화의집,10,345
성북청소년문화의집,11,347
성북청소년문화의집,12,215
성북청소년센터,1,725
성북청소년센터,2,899
성북청소년센터,3,1367
성북청소년센터,4,1639
성북청소년센터,5,1884
성북청소년센터,6,2055
성북청소년센터,7,2088
성북청소년센터,8,2155
성북청소년센터,9,2498
성북청소년센터,10,2407
성북청소년센터,11,1912
성북청소년센터,12,1181
성산2-1 공영주차장,1,2409
성산2-1 공영주차장,2,2858
성산2-1 공영주차장,3,5245
성산2-1 공영주차장,4,6719
성산2-1 공영주차장,5,7163
성산2-1 공영주차장,6,6866
성산2-1 공영주차장,7,5946
성산2-1 공영주차장,8,5737
성산2-1 공영주차장,9,6821
성산2-1 공영주차장,10,6393
성산2-1 공영주차장,11,4923
성산2-1 공영주차장,12,3233
성산2교 사거리,1,2942
성산2교 사거리,2,3299
성산2교 사거리,3,6080
성산2교 사거리,4,7855
성산2교 사거리,5,8943
성산2교 사거리,6,8982
성산2교 사거리,7,7726
성산2교 사거리,8,7453
성산2교 사거리,9,8805
성산2교 사거리,10,8937
성산2교 사거리,11,6665
성산2교 사거리,12,3979
성산2동 주민센터,1,190
성산2동 주민센터,2,126
성산2동 주민센터,3,156
성산2동 주민센터,4,187
성산2동 주민센터,5,215
성산2동 주민센터,6,166
성산2동 주민센터,7,144
성산2동 주민센터,8,119
성산2동 주민센터,9,132
성산2동 주민센터,10,223
성산2동 주민센터,11,176
성산2동 주민센터,12,124
성산시영아파트,1,2122
성산시영아파트,2,2404
성산시영아파트,3,3783
성산시영아파트,4,5096
성산시영아파트,5,5679
성산시영아파트,6,6164
성산시영아파트,7,5491
성산시영아파트,8,5066
성산시영아파트,9,5998
성산시영아파트,10,6008
성산시영아파트,11,4615
성산시영아파트,12,2959
성산시영아파트 후문,1,1172
성산시영아파트 후문,2,1432
성산시영아파트 후문,3,2356
성산시영아파트 후문,4,2444
성산시영아파트 후문,5,1968
성산시영아파트 후문,6,2223
성산시영아파트 후문,7,2425
성산시영아파트 후문,8,2176
성산시영아파트 후문,9,2958
성산시영아파트 후문,10,2892
성산시영아파트 후문,11,2397
성산시영아파트 후문,12,1541
성산유수지공원,1,876
성산유수지공원,2,885
성산유수지공원,3,1481
성산유수지공원,4,2113
성산유수지공원,5,2158
성산유수지공원,6,2331
성산유수지공원,7,1867
성산유수지공원,8,2014
성산유수지공원,9,2076
성산유수지공원,10,2323
성산유수지공원,11,2178
성산유수지공원,12,1452
성서대학교 밀알관,1,333
성서대학교 밀알관,2,357
성서대학교 밀알관,3,1309
성서대학교 밀알관,4,1852
성서대학교 밀알관,5,2089
성서대학교 밀알관,6,1921
성서대학교 밀알관,7,1104
성서대학교 밀알관,8,1038
성서대학교 밀알관,9,1590
성서대학교 밀알관,10,1711
성서대학교 밀알관,11,1450
성서대학교 밀알관,12,717
성수2가1동 공영주차장 인근,1,7229
성수2가1동 공영주차장 인근,2,7574
성수2가1동 공영주차장 인근,3,12562
성수2가1동 공영주차장 인근,4,16024
성수2가1동 공영주차장 인근,5,17633
성수2가1동 공영주차장 인근,6,17812
성수2가1동 공영주차장 인근,7,15283
성수2가1동 공영주차장 인근,8,14881
성수2가1동 공영주차장 인근,9,17997
성수2가1동 공영주차장 인근,10,18196
성수2가1동 공영주차장 인근,11,14168
성수2가1동 공영주차장 인근,12,9564
성수사거리 버스정류장 앞,1,4695
성수사거리 버스정류장 앞,2,4864
성수사거리 버스정류장 앞,3,7778
성수사거리 버스정류장 앞,4,9729
성수사거리 버스정류장 앞,5,9948
성수사거리 버스정류장 앞,6,10250
성수사거리 버스정류장 앞,7,9825
성수사거리 버스정류장 앞,8,8927
성수사거리 버스정류장 앞,9,10152
성수사거리 버스정류장 앞,10,10974
성수사거리 버스정류장 앞,11,9644
성수사거리 버스정류장 앞,12,6378
성수아이에스비즈타워 앞,1,999
성수아이에스비즈타워 앞,2,972
성수아이에스비즈타워 앞,3,1606
성수아이에스비즈타워 앞,4,2281
성수아이에스비즈타워 앞,5,2486
성수아이에스비즈타워 앞,6,2571
성수아이에스비즈타워 앞,7,1834
성수아이에스비즈타워 앞,8,1116
성수아이에스비즈타워 앞,9,1495
성수아이에스비즈타워 앞,10,1599
성수아이에스비즈타워 앞,11,1369
성수아이에스비즈타워 앞,12,934
성수아카데미타워 앞,1,5258
성수아카데미타워 앞,2,5652
성수아카데미타워 앞,3,8614
성수아카데미타워 앞,4,9971
성수아카데미타워 앞,5,10102
성수아카데미타워 앞,6,10317
성수아카데미타워 앞,7,9811
성수아카데미타워 앞,8,8457
성수아카데미타워 앞,9,9960
성수아카데미타워 앞,10,9664
성수아카데미타워 앞,11,10033
성수아카데미타워 앞,12,8452
성수역 1번출구 주변,1,1282
성수역 1번출구 주변,2,1427
성수역 1번출구 주변,3,2488
성수역 1번출구 주변,4,3121
성수역 1번출구 주변,5,3128
성수역 1번출구 주변,6,2941
성수역 1번출구 주변,7,3007
성수역 1번출구 주변,8,2961
성수역 1번출구 주변,9,3801
성수역 1번출구 주변,10,4080
성수역 1번출구 주변,11,3464
성수역 1번출구 주변,12,2218
성수역 2번출구 앞,1,6252
성수역 2번출구 앞,2,6421
성수역 2번출구 앞,3,9477
성수역 2번출구 앞,4,11907
성수역 2번출구 앞,5,13097
성수역 2번출구 앞,6,12925
성수역 2번출구 앞,7,12603
성수역 2번출구 앞,8,11683
성수역 2번출구 앞,9,13041
성수역 2번출구 앞,10,14506
성수역 2번출구 앞,11,10728
성수역 2번출구 앞,12,6345
성수역3번출구,1,7541
성수역3번출구,2,8384
성수역3번출구,3,13405
성수역3번출구,4,16704
성수역3번출구,5,18153
성수역3번출구,6,17720
성수역3번출구,7,15723
성수역3번출구,8,14902
성수역3번출구,9,16861
성수역3번출구,10,17734
성수역3번출구,11,14788
성수역3번출구,12,9385
성신여대입구 교차로,1,1235
성신여대입구 교차로,2,1401
성신여대입구 교차로,3,2775
성신여대입구 교차로,4,3747
성신여대입구 교차로,5,4032
성신여대입구 교차로,6,3978
성신여대입구 교차로,7,3393
성신여대입구 교차로,8,3228
성신여대입구 교차로,9,4191
성신여대입구 교차로,10,3976
성신여대입구 교차로,11,3205
성신여대입구 교차로,12,1647
성신여대입구역 3번출구 앞,1,1772
성신여대입구역 3번출구 앞,2,2229
성신여대입구역 3번출구 앞,3,3958
성신여대입구역 3번출구 앞,4,4937
성신여대입구역 3번출구 앞,5,5616
성신여대입구역 3번출구 앞,6,5740
성신여대입구역 3번출구 앞,7,5436
성신여대입구역 3번출구 앞,8,5287
성신여대입구역 3번출구 앞,9,6123
성신여대입구역 3번출구 앞,10,6050
성신여대입구역 3번출구 앞,11,5014
성신여대입구역 3번출구 앞,12,2921
성신여대입구역 5번출구,1,2113
성신여대입구역 5번출구,2,2437
성신여대입구역 5번출구,3,4489
성신여대입구역 5번출구,4,5537
성신여대입구역 5번출구,5,5967
성신여대입구역 5번출구,6,6435
성신여대입구역 5번출구,7,5750
성신여대입구역 5번출구,8,5632
성신여대입구역 5번출구,9,6671
성신여대입구역 5번출구,10,6638
성신여대입구역 5번출구,11,5314
성신여대입구역 5번출구,12,3151
성원2차 아파트,1,1962
성원2차 아파트,2,1960
성원2차 아파트,3,3244
성원2차 아파트,4,4259
성원2차 아파트,5,4731
성원2차 아파트,6,4742
성원2차 아파트,7,4079
성원2차 아파트,8,3805
성원2차 아파트,9,4804
성원2차 아파트,10,5066
성원2차 아파트,11,4143
성원2차 아파트,12,2535
성원APT버스정류소,1,981
성원APT버스정류소,2,1227
성원APT버스정류소,3,2120
성원APT버스정류소,4,2984
성원APT버스정류소,5,3148
성원APT버스정류소,6,3294
성원APT버스정류소,7,2930
성원APT버스정류소,8,2602
성원APT버스정류소,9,2858
성원APT버스정류소,10,2916
성원APT버스정류소,11,2582
성원APT버스정류소,12,1738
성지아파트 옆 도로변,1,333
성지아파트 옆 도로변,2,347
성지아파트 옆 도로변,3,509
성지아파트 옆 도로변,4,662
성지아파트 옆 도로변,5,675
성지아파트 옆 도로변,6,715
성지아파트 옆 도로변,7,675
성지아파트 옆 도로변,8,736
성지아파트 옆 도로변,9,758
성지아파트 옆 도로변,10,838
성지아파트 옆 도로변,11,662
성지아파트 옆 도로변,12,425
세계청소년NGO교육문화원,1,649
세계청소년NGO교육문화원,2,654
세계청소년NGO교육문화원,3,1123
세계청소년NGO교육문화원,4,1234
세계청소년NGO교육문화원,5,1385
세계청소년NGO교육문화원,6,1463
세계청소년NGO교육문화원,7,1476
세계청소년NGO교육문화원,8,1748
세계청소년NGO교육문화원,9,2686
세계청소년NGO교육문화원,10,2902
세계청소년NGO교육문화원,11,2591
세계청소년NGO교육문화원,12,1817
세곡데이케어센터,1,434
세곡데이케어센터,2,413
세곡데이케어센터,3,599
세곡데이케어센터,4,836
세곡데이케어센터,5,971
세곡데이케어센터,6,1056
세곡데이케어센터,7,914
세곡데이케어센터,8,860
세곡데이케어센터,9,1029
세곡데이케어센터,10,1054
세곡데이케어센터,11,814
세곡데이케어센터,12,551
세곡동 사거리(대왕초등학교 정류장),1,197
세곡동 사거리(대왕초등학교 정류장),2,221
세곡동 사거리(대왕초등학교 정류장),3,477
세곡동 사거리(대왕초등학교 정류장),4,675
세곡동 사거리(대왕초등학교 정류장),5,732
세곡동 사거리(대왕초등학교 정류장),6,821
세곡동 사거리(대왕초등학교 정류장),7,610
세곡동 사거리(대왕초등학교 정류장),8,588
세곡동 사거리(대왕초등학교 정류장),9,824
세곡동 사거리(대왕초등학교 정류장),10,1022
세곡동 사거리(대왕초등학교 정류장),11,695
세곡동 사거리(대왕초등학교 정류장),12,422
세곡동 성당,1,953
세곡동 성당,2,1159
세곡동 성당,3,1934
세곡동 성당,4,2756
세곡동 성당,5,3225
세곡동 성당,6,3277
세곡동 성당,7,2584
세곡동 성당,8,2416
세곡동 성당,9,3140
세곡동 성당,10,3234
세곡동 성당,11,2326
세곡동 성당,12,1522
세곡사거리 대왕파출소 앞,1,96
세곡사거리 대왕파출소 앞,2,116
세곡사거리 대왕파출소 앞,3,245
세곡사거리 대왕파출소 앞,4,375
세곡사거리 대왕파출소 앞,5,393
세곡사거리 대왕파출소 앞,6,370
세곡사거리 대왕파출소 앞,7,311
세곡사거리 대왕파출소 앞,8,232
세곡사거리 대왕파출소 앞,9,317
세곡사거리 대왕파출소 앞,10,310
세곡사거리 대왕파출소 앞,11,199
세곡사거리 대왕파출소 앞,12,127
세륜초등학교 건너편,1,158
세륜초등학교 건너편,2,165
세륜초등학교 건너편,3,561
세륜초등학교 건너편,4,733
세륜초등학교 건너편,5,883
세륜초등학교 건너편,6,704
세륜초등학교 건너편,7,403
세륜초등학교 건너편,8,531
세륜초등학교 건너편,9,640
세륜초등학교 건너편,10,759
세륜초등학교 건너편,11,547
세륜초등학교 건너편,12,224
세양청마루 101동 앞,1,769
세양청마루 101동 앞,2,1164
세양청마루 101동 앞,3,1898
세양청마루 101동 앞,4,2481
세양청마루 101동 앞,5,2665
세양청마루 101동 앞,6,2647
세양청마루 101동 앞,7,2350
세양청마루 101동 앞,8,2452
세양청마루 101동 앞,9,2631
세양청마루 101동 앞,10,2453
세양청마루 101동 앞,11,2199
세양청마루 101동 앞,12,1181
세양청마루아파트 앞,1,1041
세양청마루아파트 앞,2,929
세양청마루아파트 앞,3,1532
세양청마루아파트 앞,4,2147
세양청마루아파트 앞,5,2237
세양청마루아파트 앞,6,2332
세양청마루아파트 앞,7,2468
세양청마루아파트 앞,8,3119
세양청마루아파트 앞,9,3463
세양청마루아파트 앞,10,3778
세양청마루아파트 앞,11,2935
세양청마루아파트 앞,12,1842
세운상가,1,1169
세운상가,2,1421
세운상가,3,2226
세운상가,4,3038
세운상가,5,3057
세운상가,6,3041
세운상가,7,2906
세운상가,8,2689
세운상가,9,3166
세운상가,10,3252
세운상가,11,2857
세운상가,12,1803
세운스퀘어 앞,1,2007
세운스퀘어 앞,2,2045
세운스퀘어 앞,3,3295
세운스퀘어 앞,4,3773
세운스퀘어 앞,5,3806
세운스퀘어 앞,6,3949
세운스퀘어 앞,7,3517
세운스퀘어 앞,8,3030
세운스퀘어 앞,9,3516
세운스퀘어 앞,10,3749
세운스퀘어 앞,11,3517
세운스퀘어 앞,12,2218
세이브마트,1,2745
세이브마트,2,3058
세이브마트,3,4796
세이브마트,4,6207
세이브마트,5,6909
세이브마트,6,7156
세이브마트,7,6406
세이브마트,8,5647
세이브마트,9,7228
세이브마트,10,7495
세이브마트,11,5475
세이브마트,12,3316
세종그랑시아 앞(102동),1,1562
세종그랑시아 앞(102동),2,1744
세종그랑시아 앞(102동),3,3255
세종그랑시아 앞(102동),4,3781
세종그랑시아 앞(102동),5,3815
세종그랑시아 앞(102동),6,3950
세종그랑시아 앞(102동),7,3581
세종그랑시아 앞(102동),8,3455
세종그랑시아 앞(102동),9,4212
세종그랑시아 앞(102동),10,4514
세종그랑시아 앞(102동),11,3692
세종그랑시아 앞(102동),12,2306
세종대왕기념관 교차로,1,830
세종대왕기념관 교차로,2,940
세종대왕기념관 교차로,3,1860
세종대왕기념관 교차로,4,2291
세종대왕기념관 교차로,5,2726
세종대왕기념관 교차로,6,2753
세종대왕기념관 교차로,7,2316
세종대왕기념관 교차로,8,2121
세종대왕기념관 교차로,9,2626
세종대왕기념관 교차로,10,2699
세종대왕기념관 교차로,11,1713
세종대왕기념관 교차로,12,1171
세종대학교,1,176
세종대학교,2,136
세종대학교,3,437
세종대학교,4,501
세종대학교,5,595
세종대학교,6,624
세종대학교,7,411
세종대학교,8,287
세종대학교,9,597
세종대학교,10,503
세종대학교,11,368
세종대학교,12,172
세종대학교 대양AI센터,1,1933
세종대학교 대양AI센터,2,2098
세종대학교 대양AI센터,3,4911
세종대학교 대양AI센터,4,6302
세종대학교 대양AI센터,5,6727
세종대학교 대양AI센터,6,6597
세종대학교 대양AI센터,7,4651
세종대학교 대양AI센터,8,4350
세종대학교 대양AI센터,9,6375
세종대학교 대양AI센터,10,6468
세종대학교 대양AI센터,11,5425
세종대학교 대양AI센터,12,3309
세종대학교(영실관),1,608
세종대학교(영실관),2,726
세종대학교(영실관),3,1891
세종대학교(영실관),4,2399
세종대학교(영실관),5,2733
세종대학교(영실관),6,2752
세종대학교(영실관),7,2114
세종대학교(영실관),8,2122
세종대학교(영실관),9,2911
세종대학교(영실관),10,3040
세종대학교(영실관),11,2849
세종대학교(영실관),12,1546
세종대학교(학술정보원),1,523
세종대학교(학술정보원),2,583
세종대학교(학술정보원),3,1392
세종대학교(학술정보원),4,2167
세종대학교(학술정보원),5,2014
세종대학교(학술정보원),6,2531
세종대학교(학술정보원),7,1416
세종대학교(학술정보원),8,1405
세종대학교(학술정보원),9,2187
세종대학교(학술정보원),10,2535
세종대학교(학술정보원),11,2217
세종대학교(학술정보원),12,1416
세종로공원,1,424
세종로공원,2,536
세종로공원,3,892
세종로공원,4,953
세종로공원,5,555
세종로공원,6,676
세종로공원,7,1157
세종로공원,8,1672
세종로공원,9,2240
세종로공원,10,2140
세종로공원,11,1179
세종로공원,12,701
세종사이버대학교,1,5208
세종사이버대학교,2,5588
세종사이버대학교,3,10130
세종사이버대학교,4,12596
세종사이버대학교,5,13779
세종사이버대학교,6,14848
세종사이버대학교,7,13050
세종사이버대학교,8,11793
세종사이버대학교,9,14822
세종사이버대학교,10,14885
세종사이버대학교,11,12191
세종사이버대학교,12,7774
세화고등학교,1,204
세화고등학교,2,258
세화고등학교,3,596
세화고등학교,4,899
세화고등학교,5,970
세화고등학교,6,916
세화고등학교,7,617
세화고등학교,8,602
세화고등학교,9,822
세화고등학교,10,1005
세화고등학교,11,671
세화고등학교,12,387
센서텍㈜,1,1333
센서텍㈜,2,1526
센서텍㈜,3,2554
센서텍㈜,4,2858
센서텍㈜,5,3619
센서텍㈜,6,3701
센서텍㈜,7,2344
센서텍㈜,8,1805
센서텍㈜,9,1938
센서텍㈜,10,2179
센서텍㈜,11,2251
센서텍㈜,12,1641
센트럴 푸르지오 시티 앞,1,4408
센트럴 푸르지오 시티 앞,2,4788
센트럴 푸르지오 시티 앞,3,7412
센트럴 푸르지오 시티 앞,4,9541
센트럴 푸르지오 시티 앞,5,10922
센트럴 푸르지오 시티 앞,6,11111
센트럴 푸르지오 시티 앞,7,9283
센트럴 푸르지오 시티 앞,8,9062
센트럴 푸르지오 시티 앞,9,11340
센트럴 푸르지오 시티 앞,10,11780
센트럴 푸르지오 시티 앞,11,9107
센트럴 푸르지오 시티 앞,12,5550
센트럴파크타워 앞,1,1367
센트럴파크타워 앞,2,1852
센트럴파크타워 앞,3,3469
센트럴파크타워 앞,4,5050
센트럴파크타워 앞,5,6405
센트럴파크타워 앞,6,5763
센트럴파크타워 앞,7,4566
센트럴파크타워 앞,8,4622
센트럴파크타워 앞,9,5514
센트럴파크타워 앞,10,6484
센트럴파크타워 앞,11,4447
센트럴파크타워 앞,12,2303
소피아 관광호텔 앞,6,1
솔리스타오피스텔(공덕동주민센터),1,990
솔리스타오피스텔(공덕동주민센터),2,1164
솔리스타오피스텔(공덕동주민센터),3,1692
솔리스타오피스텔(공덕동주민센터),4,1602
솔리스타오피스텔(공덕동주민센터),5,1319
솔리스타오피스텔(공덕동주민센터),6,1605
솔리스타오피스텔(공덕동주민센터),7,1809
솔리스타오피스텔(공덕동주민센터),8,1680
솔리스타오피스텔(공덕동주민센터),9,1858
솔리스타오피스텔(공덕동주민센터),10,1880
솔리스타오피스텔(공덕동주민센터),11,1878
솔리스타오피스텔(공덕동주민센터),12,1351
솔밭공원역,1,633
솔밭공원역,2,679
솔밭공원역,3,1030
솔밭공원역,4,1352
솔밭공원역,5,1397
솔밭공원역,6,1399
솔밭공원역,7,1341
솔밭공원역,8,1166
솔밭공원역,9,1296
솔밭공원역,10,1238
솔밭공원역,11,930
솔밭공원역,12,664
솔밭공원역 1번출구 앞,1,663
솔밭공원역 1번출구 앞,2,785
솔밭공원역 1번출구 앞,3,1386
솔밭공원역 1번출구 앞,4,1788
솔밭공원역 1번출구 앞,5,1893
솔밭공원역 1번출구 앞,6,1977
솔밭공원역 1번출구 앞,7,1835
솔밭공원역 1번출구 앞,8,1667
솔밭공원역 1번출구 앞,9,2008
솔밭공원역 1번출구 앞,10,2121
솔밭공원역 1번출구 앞,11,1643
솔밭공원역 1번출구 앞,12,1085
솔밭공원역 1번출구 주변,1,789
솔밭공원역 1번출구 주변,2,948
솔밭공원역 1번출구 주변,3,1608
솔밭공원역 1번출구 주변,4,2243
솔밭공원역 1번출구 주변,5,2407
솔밭공원역 1번출구 주변,6,2534
솔밭공원역 1번출구 주변,7,2185
솔밭공원역 1번출구 주변,8,2172
솔밭공원역 1번출구 주변,9,2632
솔밭공원역 1번출구 주변,10,2727
솔밭공원역 1번출구 주변,11,2067
솔밭공원역 1번출구 주변,12,1147
솔브레인이엔지 뒤편,1,1422
솔브레인이엔지 뒤편,2,1623
솔브레인이엔지 뒤편,3,2572
솔브레인이엔지 뒤편,4,2873
솔브레인이엔지 뒤편,5,3202
솔브레인이엔지 뒤편,6,3235
솔브레인이엔지 뒤편,7,3250
솔브레인이엔지 뒤편,8,3350
솔브레인이엔지 뒤편,9,3748
솔브레인이엔지 뒤편,10,3737
솔브레인이엔지 뒤편,11,3044
솔브레인이엔지 뒤편,12,2007
솔샘역 2번 출구,1,106
솔샘역 2번 출구,2,114
솔샘역 2번 출구,3,243
솔샘역 2번 출구,4,347
솔샘역 2번 출구,5,278
솔샘역 2번 출구,6,298
솔샘역 2번 출구,7,278
솔샘역 2번 출구,8,195
솔샘역 2번 출구,9,198
솔샘역 2번 출구,10,161
솔샘역 2번 출구,11,95
솔샘역 2번 출구,12,74
송도병원,1,384
송도병원,2,368
송도병원,3,476
송도병원,4,570
송도병원,5,610
송도병원,6,568
송도병원,7,534
송도병원,8,558
송도병원,9,609
송도병원,10,554
송도병원,11,492
송도병원,12,370
송리단길,1,1376
송리단길,2,1520
송리단길,3,2532
송리단길,4,3602
송리단길,5,4176
송리단길,6,4532
송리단길,7,4728
송리단길,8,2692
송리단길,9,2462
송리단길,10,2676
송리단길,11,2185
송리단길,12,1332
송이공원,1,1024
송이공원,2,1039
송이공원,3,1959
송이공원,4,2907
송이공원,5,3197
송이공원,6,3240
송이공원,7,2598
송이공원,8,2035
송이공원,9,2472
송이공원,10,2930
송이공원,11,2370
송이공원,12,1317
송정역 1번출구,1,4223
송정역 1번출구,2,4312
송정역 1번출구,3,7320
송정역 1번출구,4,9288
송정역 1번출구,5,11278
송정역 1번출구,6,12168
송정역 1번출구,7,10451
송정역 1번출구,8,10044
송정역 1번출구,9,12033
송정역 1번출구,10,12580
송정역 1번출구,11,10101
송정역 1번출구,12,6263
송정역 3번출구 앞,1,2499
송정역 3번출구 앞,2,2647
송정역 3번출구 앞,3,4368
송정역 3번출구 앞,4,5780
송정역 3번출구 앞,5,6420
송정역 3번출구 앞,6,6907
송정역 3번출구 앞,7,5972
송정역 3번출구 앞,8,5778
송정역 3번출구 앞,9,6800
송정역 3번출구 앞,10,7078
송정역 3번출구 앞,11,5782
송정역 3번출구 앞,12,3456
송정중학교,1,1788
송정중학교,2,1954
송정중학교,3,3167
송정중학교,4,4006
송정중학교,5,4723
송정중학교,6,4631
송정중학교,7,4234
송정중학교,8,3667
송정중학교,9,4371
송정중학교,10,4762
송정중학교,11,4397
송정중학교,12,2837
송중초등학교 옆,1,719
송중초등학교 옆,2,944
송중초등학교 옆,3,1537
송중초등학교 옆,4,1952
송중초등학교 옆,5,2288
송중초등학교 옆,6,2444
송중초등학교 옆,7,2265
송중초등학교 옆,8,2078
송중초등학교 옆,9,2491
송중초등학교 옆,10,2550
송중초등학교 옆,11,1935
송중초등학교 옆,12,1115
송천동 주민센터,1,809
송천동 주민센터,2,948
송천동 주민센터,3,1436
송천동 주민센터,4,1923
송천동 주민센터,5,2347
송천동 주민센터,6,2255
송천동 주민센터,7,1940
송천동 주민센터,8,1835
송천동 주민센터,9,2434
송천동 주민센터,10,2186
송천동 주민센터,11,1571
송천동 주민센터,12,974
송천동우체국,1,579
송천동우체국,2,672
송천동우체국,3,1334
송천동우체국,4,1641
송천동우체국,5,1978
송천동우체국,6,1878
송천동우체국,7,1733
송천동우체국,8,1437
송천동우체국,9,1811
송천동우체국,10,1922
송천동우체국,11,1401
송천동우체국,12,821
송천센트레빌,1,275
송천센트레빌,2,303
송천센트레빌,3,647
송천센트레빌,4,834
송천센트레빌,5,1013
송천센트레빌,6,980
송천센트레빌,7,785
송천센트레빌,8,777
송천센트레빌,9,802
송천센트레빌,10,791
송천센트레빌,11,696
송천센트레빌,12,382
송파 글마루 도서관,1,1229
송파 글마루 도서관,2,1265
송파 글마루 도서관,3,2243
송파 글마루 도서관,4,3259
송파 글마루 도서관,5,3710
송파 글마루 도서관,6,3974
송파 글마루 도서관,7,3396
송파 글마루 도서관,8,3180
송파 글마루 도서관,9,3693
송파 글마루 도서관,10,3622
송파 글마루 도서관,11,2909
송파 글마루 도서관,12,1687
송파 레미니스1단지 102동 앞,1,1304
송파 레미니스1단지 102동 앞,2,1456
송파 레미니스1단지 102동 앞,3,2567
송파 레미니스1단지 102동 앞,4,3550
송파 레미니스1단지 102동 앞,5,3719
송파 레미니스1단지 102동 앞,6,3936
송파 레미니스1단지 102동 앞,7,3264
송파 레미니스1단지 102동 앞,8,2973
송파 레미니스1단지 102동 앞,9,3697
송파 레미니스1단지 102동 앞,10,3826
송파 레미니스1단지 102동 앞,11,3204
송파 레미니스1단지 102동 앞,12,1856
송파 안전체험교육관,1,22
송파 안전체험교육관,2,17
송파 안전체험교육관,3,22
송파 안전체험교육관,4,88
송파 안전체험교육관,5,83
송파 안전체험교육관,6,110
송파 안전체험교육관,7,109
송파 안전체험교육관,8,101
송파 안전체험교육관,9,132
송파 안전체험교육관,10,114
송파 안전체험교육관,11,87
송파 안전체험교육관,12,36
송파 파인타운 11단지,1,932
송파 파인타운 11단지,2,943
송파 파인타운 11단지,3,1922
송파 파인타운 11단지,4,2625
송파 파인타운 11단지,5,2693
송파 파인타운 11단지,6,2785
송파 파인타운 11단지,7,2480
송파 파인타운 11단지,8,2477
송파 파인타운 11단지,9,3056
송파 파인타운 11단지,10,3049
송파 파인타운 11단지,11,2363
송파 파인타운 11단지,12,1328
송파구청,1,7159
송파구청,2,8770
송파구청,3,15479
송파구청,4,20120
송파구청,5,22635
송파구청,6,22105
송파구청,7,18378
송파구청,8,17841
송파구청,9,20307
송파구청,10,24566
송파구청,11,20244
송파구청,12,12217
송파구청 교차로,1,3386
송파구청 교차로,2,3838
송파구청 교차로,3,6658
송파구청 교차로,4,9006
송파구청 교차로,5,9311
송파구청 교차로,6,8750
송파구청 교차로,7,7276
송파구청 교차로,8,6588
송파구청 교차로,9,7934
송파구청 교차로,10,8161
송파구청 교차로,11,5951
송파구청 교차로,12,3437
송파나루역 4번 출구옆,1,6423
송파나루역 4번 출구옆,2,7666
송파나루역 4번 출구옆,3,13304
송파나루역 4번 출구옆,4,18433
송파나루역 4번 출구옆,5,20760
송파나루역 4번 출구옆,6,21476
송파나루역 4번 출구옆,7,17783
송파나루역 4번 출구옆,8,17618
송파나루역 4번 출구옆,9,21068
송파나루역 4번 출구옆,10,22216
송파나루역 4번 출구옆,11,15541
송파나루역 4번 출구옆,12,8702
송파도서관,1,1656
송파도서관,2,1731
송파도서관,3,3006
송파도서관,4,4299
송파도서관,5,4299
송파도서관,6,4549
송파도서관,7,4256
송파도서관,8,4039
송파도서관,9,3852
송파도서관,10,3743
송파도서관,11,3427
송파도서관,12,2022
송파레이크힐,1,211
송파레이크힐,2,268
송파레이크힐,3,535
송파레이크힐,4,621
송파레이크힐,5,660
송파레이크힐,6,639
송파레이크힐,7,490
송파레이크힐,8,385
송파레이크힐,9,536
송파레이크힐,10,566
송파레이크힐,11,409
송파레이크힐,12,331
송파레이크힐 상가,1,1169
송파레이크힐 상가,2,1332
송파레이크힐 상가,3,2476
송파레이크힐 상가,4,3507
송파레이크힐 상가,5,4161
송파레이크힐 상가,6,4011
송파레이크힐 상가,7,3506
송파레이크힐 상가,8,3461
송파레이크힐 상가,9,3673
송파레이크힐 상가,10,3650
송파레이크힐 상가,11,2873
송파레이크힐 상가,12,1777
송파사거리,1,3309
송파사거리,2,3637
송파사거리,3,6283
송파사거리,4,8539
송파사거리,5,10124
송파사거리,6,10719
송파사거리,7,9633
송파사거리,8,9197
송파사거리,9,10243
송파사거리,10,11237
송파사거리,11,8686
송파사거리,12,4887
송파세무서,1,59
송파세무서,2,55
송파세무서,3,109
송파세무서,4,252
송파세무서,5,545
송파세무서,6,471
송파세무서,7,437
송파세무서,8,376
송파세무서,9,397
송파세무서,10,416
송파세무서,11,373
송파세무서,12,285
송파소방서 (방이119안전센터),1,937
송파소방서 (방이119안전센터),2,1016
송파소방서 (방이119안전센터),3,1557
송파소방서 (방이119안전센터),4,2297
송파소방서 (방이119안전센터),5,2360
송파소방서 (방이119안전센터),6,2648
송파소방서 (방이119안전센터),7,2285
송파소방서 (방이119안전센터),8,2297
송파소방서 (방이119안전센터),9,2570
송파소방서 (방이119안전센터),10,2531
송파소방서 (방이119안전센터),11,2017
송파소방서 (방이119안전센터),12,1305
송파소방서 맞은편(성내4교),1,2437
송파소방서 맞은편(성내4교),2,2839
송파소방서 맞은편(성내4교),3,4657
송파소방서 맞은편(성내4교),4,6413
송파소방서 맞은편(성내4교),5,7240
송파소방서 맞은편(성내4교),6,7056
송파소방서 맞은편(성내4교),7,6140
송파소방서 맞은편(성내4교),8,5559
송파소방서 맞은편(성내4교),9,6807
송파소방서 맞은편(성내4교),10,7138
송파소방서 맞은편(성내4교),11,5435
송파소방서 맞은편(성내4교),12,3355
송파시그니처롯데캐슬,1,162
송파시그니처롯데캐슬,2,209
송파시그니처롯데캐슬,3,322
송파시그니처롯데캐슬,4,430
송파시그니처롯데캐슬,5,584
송파시그니처롯데캐슬,6,646
송파시그니처롯데캐슬,7,438
송파시그니처롯데캐슬,8,509
송파시그니처롯데캐슬,9,575
송파시그니처롯데캐슬,10,668
송파시그니처롯데캐슬,11,568
송파시그니처롯데캐슬,12,354
송파여성문화회관 앞,1,3600
송파여성문화회관 앞,2,3931
송파여성문화회관 앞,3,5757
송파여성문화회관 앞,4,8424
송파여성문화회관 앞,5,9613
송파여성문화회관 앞,6,9856
송파여성문화회관 앞,7,8656
송파여성문화회관 앞,8,8272
송파여성문화회관 앞,9,9286
송파여성문화회관 앞,10,9824
송파여성문화회관 앞,11,7719
송파여성문화회관 앞,12,4556
송파여성축구장,1,393
송파여성축구장,2,440
송파여성축구장,3,904
송파여성축구장,4,1428
송파여성축구장,5,1430
송파여성축구장,6,1484
송파여성축구장,7,1106
송파여성축구장,8,1007
송파여성축구장,9,1466
송파여성축구장,10,1659
송파여성축구장,11,1108
송파여성축구장,12,551
송파역 2번 출구앞,1,2659
송파역 2번 출구앞,2,2698
송파역 2번 출구앞,3,4777
송파역 2번 출구앞,4,6963
송파역 2번 출구앞,5,7760
송파역 2번 출구앞,6,7036
송파역 2번 출구앞,7,6199
송파역 2번 출구앞,8,5283
송파역 2번 출구앞,9,6458
송파역 2번 출구앞,10,6688
송파역 2번 출구앞,11,5401
송파역 2번 출구앞,12,3270
송파역 4번출구,1,3741
송파역 4번출구,2,4586
송파역 4번출구,3,7974
송파역 4번출구,4,10998
송파역 4번출구,5,12644
송파역 4번출구,6,13110
송파역 4번출구,7,10712
송파역 4번출구,8,10320
송파역 4번출구,9,12602
송파역 4번출구,10,13711
송파역 4번출구,11,10271
송파역 4번출구,12,6094
송파중학교 정문,1,1033
송파중학교 정문,2,1165
송파중학교 정문,3,2291
송파중학교 정문,4,2883
송파중학교 정문,5,3051
송파중학교 정문,6,2901
송파중학교 정문,7,2549
송파중학교 정문,8,2123
송파중학교 정문,9,2586
송파중학교 정문,10,2490
송파중학교 정문,11,2050
송파중학교 정문,12,1083
송파지역자활센터 뒤,1,4285
송파지역자활센터 뒤,2,4552
송파지역자활센터 뒤,3,7028
송파지역자활센터 뒤,4,8947
송파지역자활센터 뒤,5,10006
송파지역자활센터 뒤,6,9868
송파지역자활센터 뒤,7,8986
송파지역자활센터 뒤,8,8688
송파지역자활센터 뒤,9,9502
송파지역자활센터 뒤,10,10111
송파지역자활센터 뒤,11,8598
송파지역자활센터 뒤,12,5964
송파청소년센터,1,987
송파청소년센터,2,1124
송파청소년센터,3,1917
송파청소년센터,4,2640
송파청소년센터,5,2560
송파청소년센터,6,2827
송파청소년센터,7,2547
송파청소년센터,8,2579
송파청소년센터,9,2919
송파청소년센터,10,3080
송파청소년센터,11,2728
송파청소년센터,12,1635
송파체육문화회관 앞,1,1713
송파체육문화회관 앞,2,1888
송파체육문화회관 앞,3,3334
송파체육문화회관 앞,4,4465
송파체육문화회관 앞,5,5141
송파체육문화회관 앞,6,5143
송파체육문화회관 앞,7,4469
송파체육문화회관 앞,8,4166
송파체육문화회관 앞,9,5092
송파체육문화회관 앞,10,5007
송파체육문화회관 앞,11,3934
송파체육문화회관 앞,12,2290
송파파인타운 10단지 1005동,1,351
송파파인타운 10단지 1005동,2,490
송파파인타운 10단지 1005동,3,801
송파파인타운 10단지 1005동,4,1178
송파파인타운 10단지 1005동,5,1233
송파파인타운 10단지 1005동,6,1292
송파파인타운 10단지 1005동,7,1088
송파파인타운 10단지 1005동,8,1130
송파파인타운 10단지 1005동,9,1266
송파파인타운 10단지 1005동,10,1217
송파파인타운 10단지 1005동,11,991
송파파인타운 10단지 1005동,12,580
송파파인타운 4단지 403동,1,605
송파파인타운 4단지 403동,2,674
송파파인타운 4단지 403동,3,1273
송파파인타운 4단지 403동,4,1698
송파파인타운 4단지 403동,5,1876
송파파인타운 4단지 403동,6,1875
송파파인타운 4단지 403동,7,1568
송파파인타운 4단지 403동,8,1656
송파파인타운 4단지 403동,9,1644
송파파인타운 4단지 403동,10,1944
송파파인타운 4단지 403동,11,1503
송파파인타운 4단지 403동,12,961
송파파인타운 7단지,1,1311
송파파인타운 7단지,2,1507
송파파인타운 7단지,3,2368
송파파인타운 7단지,4,3143
송파파인타운 7단지,5,3313
송파파인타운 7단지,6,3689
송파파인타운 7단지,7,3198
송파파인타운 7단지,8,2788
송파파인타운 7단지,9,3421
송파파인타운 7단지,10,3525
송파파인타운 7단지,11,2811
송파파인타운 7단지,12,1749
송파파크데일 1단지 115동 건너편,1,462
송파파크데일 1단지 115동 건너편,2,526
송파파크데일 1단지 115동 건너편,3,1179
송파파크데일 1단지 115동 건너편,4,1947
송파파크데일 1단지 115동 건너편,5,2124
송파파크데일 1단지 115동 건너편,6,2204
송파파크데일 1단지 115동 건너편,7,1808
송파파크데일 1단지 115동 건너편,8,1536
송파파크데일 1단지 115동 건너편,9,1862
송파파크데일 1단지 115동 건너편,10,1778
송파파크데일 1단지 115동 건너편,11,1335
송파파크데일 1단지 115동 건너편,12,783
송파파크데일 2단지입구 앞 주차장,1,776
송파파크데일 2단지입구 앞 주차장,2,975
송파파크데일 2단지입구 앞 주차장,3,1683
송파파크데일 2단지입구 앞 주차장,4,2293
송파파크데일 2단지입구 앞 주차장,5,2548
송파파크데일 2단지입구 앞 주차장,6,2410
송파파크데일 2단지입구 앞 주차장,7,1748
송파파크데일 2단지입구 앞 주차장,8,1506
송파파크데일 2단지입구 앞 주차장,9,1971
송파파크데일 2단지입구 앞 주차장,10,2068
송파파크데일 2단지입구 앞 주차장,11,1359
송파파크데일 2단지입구 앞 주차장,12,837
송파학사 옆,1,1250
송파학사 옆,2,1559
송파학사 옆,3,3212
송파학사 옆,4,4593
송파학사 옆,5,4926
송파학사 옆,6,5059
송파학사 옆,7,3895
송파학사 옆,8,3872
송파학사 옆,9,4427
송파학사 옆,10,4665
송파학사 옆,11,3554
송파학사 옆,12,1920
수궁동 성당 주변,1,701
수궁동 성당 주변,2,828
수궁동 성당 주변,3,1602
수궁동 성당 주변,4,2168
수궁동 성당 주변,5,2554
수궁동 성당 주변,6,2707
수궁동 성당 주변,7,2291
수궁동 성당 주변,8,2053
수궁동 성당 주변,9,2769
수궁동 성당 주변,10,2969
수궁동 성당 주변,11,2332
수궁동 성당 주변,12,1202
수락리버시티4단지,1,839
수락리버시티4단지,2,959
수락리버시티4단지,3,1585
수락리버시티4단지,4,2054
수락리버시티4단지,5,2265
수락리버시티4단지,6,2561
수락리버시티4단지,7,2327
수락리버시티4단지,8,2230
수락리버시티4단지,9,2761
수락리버시티4단지,10,2764
수락리버시티4단지,11,2044
수락리버시티4단지,12,1269
수락산역 4번출구,1,1337
수락산역 4번출구,2,1584
수락산역 4번출구,3,2682
수락산역 4번출구,4,3867
수락산역 4번출구,5,4387
수락산역 4번출구,6,4673
수락산역 4번출구,7,4185
수락산역 4번출구,8,4209
수락산역 4번출구,9,4604
수락산역 4번출구,10,4424
수락산역 4번출구,11,3542
수락산역 4번출구,12,1911
수명산파크 4단지 411동 앞,1,2695
수명산파크 4단지 411동 앞,2,2852
수명산파크 4단지 411동 앞,3,3933
수명산파크 4단지 411동 앞,4,4531
수명산파크 4단지 411동 앞,5,5324
수명산파크 4단지 411동 앞,6,5957
수명산파크 4단지 411동 앞,7,5731
수명산파크 4단지 411동 앞,8,5709
수명산파크 4단지 411동 앞,9,6508
수명산파크 4단지 411동 앞,10,6423
수명산파크 4단지 411동 앞,11,5593
수명산파크 4단지 411동 앞,12,4116
수명산파크1단지교차로,1,5672
수명산파크1단지교차로,2,5567
수명산파크1단지교차로,3,9513
수명산파크1단지교차로,4,11345
수명산파크1단지교차로,5,12804
수명산파크1단지교차로,6,14207
수명산파크1단지교차로,7,13386
수명산파크1단지교차로,8,13249
수명산파크1단지교차로,9,14700
수명산파크1단지교차로,10,15572
수명산파크1단지교차로,11,13425
수명산파크1단지교차로,12,8846
수명중?고교,1,2677
수명중?고교,2,2922
수명중?고교,3,5224
수명중?고교,4,6417
수명중?고교,5,7713
수명중?고교,6,7916
수명중?고교,7,6845
수명중?고교,8,6344
수명중?고교,9,7582
수명중?고교,10,8353
수명중?고교,11,7282
수명중?고교,12,4864
수명초등학교,1,2924
수명초등학교,2,2903
수명초등학교,3,4458
수명초등학교,4,5512
수명초등학교,5,6055
수명초등학교,6,6401
수명초등학교,7,6179
수명초등학교,8,6148
수명초등학교,9,6921
수명초등학교,10,7050
수명초등학교,11,6522
수명초등학교,12,4638
수색감리교회,1,1007
수색감리교회,2,900
수색감리교회,3,1744
수색감리교회,4,2653
수색감리교회,5,2951
수색감리교회,6,2924
수색감리교회,7,2215
수색감리교회,8,2739
수색감리교회,9,3012
수색감리교회,10,2815
수색감리교회,11,2060
수색감리교회,12,1352
수색역,1,1324
수색역,2,1496
수색역,3,2645
수색역,4,3098
수색역,5,2357
수색역,6,2308
수색역,7,2388
수색역,8,1994
수색역,9,2603
수색역,10,2571
수색역,11,2222
수색역,12,1369
수서동 성당 맞은편,1,658
수서동 성당 맞은편,2,771
수서동 성당 맞은편,3,1594
수서동 성당 맞은편,4,2150
수서동 성당 맞은편,5,2447
수서동 성당 맞은편,6,2584
수서동 성당 맞은편,7,2119
수서동 성당 맞은편,8,1901
수서동 성당 맞은편,9,2647
수서동 성당 맞은편,10,2775
수서동 성당 맞은편,11,1957
수서동 성당 맞은편,12,1094
수서역 1번출구 앞,1,1693
수서역 1번출구 앞,2,1905
수서역 1번출구 앞,3,3417
수서역 1번출구 앞,4,4430
수서역 1번출구 앞,5,5309
수서역 1번출구 앞,6,5225
수서역 1번출구 앞,7,3959
수서역 1번출구 앞,8,3768
수서역 1번출구 앞,9,4877
수서역 1번출구 앞,10,5340
수서역 1번출구 앞,11,4074
수서역 1번출구 앞,12,2439
수서역 5번출구,1,4031
수서역 5번출구,2,4528
수서역 5번출구,3,8282
수서역 5번출구,4,11032
수서역 5번출구,5,11916
수서역 5번출구,6,12074
수서역 5번출구,7,9927
수서역 5번출구,8,8810
수서역 5번출구,9,11134
수서역 5번출구,10,12356
수서역 5번출구,11,10209
수서역 5번출구,12,6226
수서역 7번출구 앞,1,567
수서역 7번출구 앞,2,656
수서역 7번출구 앞,3,1391
수서역 7번출구 앞,4,2056
수서역 7번출구 앞,5,2524
수서역 7번출구 앞,6,2328
수서역 7번출구 앞,7,1826
수서역 7번출구 앞,8,1800
수서역 7번출구 앞,9,2380
수서역 7번출구 앞,10,2626
수서역 7번출구 앞,11,1949
수서역 7번출구 앞,12,1044
수연빌딩 앞,1,1477
수연빌딩 앞,2,1623
수연빌딩 앞,3,2812
수연빌딩 앞,4,3598
수연빌딩 앞,5,4550
수연빌딩 앞,6,5112
수연빌딩 앞,7,4592
수연빌딩 앞,8,4387
수연빌딩 앞,9,4654
수연빌딩 앞,10,4759
수연빌딩 앞,11,3659
수연빌딩 앞,12,2154
수유1동 주민센터,1,1078
수유1동 주민센터,2,1213
수유1동 주민센터,3,2112
수유1동 주민센터,4,2977
수유1동 주민센터,5,3057
수유1동 주민센터,6,3049
수유1동 주민센터,7,2486
수유1동 주민센터,8,2404
수유1동 주민센터,9,2934
수유1동 주민센터,10,2807
수유1동 주민센터,11,2106
수유1동 주민센터,12,1302
수유2동은행빌딩 앞,1,1270
수유2동은행빌딩 앞,2,1267
수유2동은행빌딩 앞,3,1927
수유2동은행빌딩 앞,4,2401
수유2동은행빌딩 앞,5,2747
수유2동은행빌딩 앞,6,2774
수유2동은행빌딩 앞,7,2502
수유2동은행빌딩 앞,8,2408
수유2동은행빌딩 앞,9,2769
수유2동은행빌딩 앞,10,2606
수유2동은행빌딩 앞,11,2194
수유2동은행빌딩 앞,12,1488
수유사거리,1,1771
수유사거리,2,1873
수유사거리,3,3087
수유사거리,4,4241
수유사거리,5,4592
수유사거리,6,4947
수유사거리,7,4481
수유사거리,8,4301
수유사거리,9,5091
수유사거리,10,5160
수유사거리,11,3876
수유사거리,12,2466
수유역2번출구,1,3994
수유역2번출구,2,4582
수유역2번출구,3,7603
수유역2번출구,4,9605
수유역2번출구,5,10762
수유역2번출구,6,11099
수유역2번출구,7,10219
수유역2번출구,8,10106
수유역2번출구,9,11790
수유역2번출구,10,11982
수유역2번출구,11,9748
수유역2번출구,12,6263
수유중앙시장,1,1852
수유중앙시장,2,2035
수유중앙시장,3,3433
수유중앙시장,4,4378
수유중앙시장,5,5075
수유중앙시장,6,5418
수유중앙시장,7,4785
수유중앙시장,8,4663
수유중앙시장,9,5500
수유중앙시장,10,5139
수유중앙시장,11,4119
수유중앙시장,12,2491
수출의 다리 아래,1,1348
수출의 다리 아래,2,1538
수출의 다리 아래,3,2206
수출의 다리 아래,4,2817
수출의 다리 아래,5,3197
수출의 다리 아래,6,3320
수출의 다리 아래,7,3142
수출의 다리 아래,8,2928
수출의 다리 아래,9,3114
수출의 다리 아래,10,3558
수출의 다리 아래,11,3013
수출의 다리 아래,12,1792
수협 연남동지점,1,3125
수협 연남동지점,2,3411
수협 연남동지점,3,5714
수협 연남동지점,4,7393
수협 연남동지점,5,8442
수협 연남동지점,6,8695
수협 연남동지점,7,7990
수협 연남동지점,8,8016
수협 연남동지점,9,8963
수협 연남동지점,10,8849
수협 연남동지점,11,6743
수협 연남동지점,12,3582
수협대치동지점,1,628
수협대치동지점,2,892
수협대치동지점,3,1417
수협대치동지점,4,1795
수협대치동지점,5,2005
수협대치동지점,6,2193
수협대치동지점,7,1661
수협대치동지점,8,1746
수협대치동지점,9,1844
수협대치동지점,10,2002
수협대치동지점,11,1718
수협대치동지점,12,1028
숙대입구역 4번출구,1,2176
숙대입구역 4번출구,2,2342
숙대입구역 4번출구,3,4421
숙대입구역 4번출구,4,6088
숙대입구역 4번출구,5,6994
숙대입구역 4번출구,6,6713
숙대입구역 4번출구,7,5769
숙대입구역 4번출구,8,5901
숙대입구역 4번출구,9,6983
숙대입구역 4번출구,10,6906
숙대입구역 4번출구,11,5238
숙대입구역 4번출구,12,3001
숙대입구역 8번,1,1408
숙대입구역 8번,2,1532
숙대입구역 8번,3,2752
숙대입구역 8번,4,3667
숙대입구역 8번,5,4372
숙대입구역 8번,6,4350
숙대입구역 8번,7,3727
숙대입구역 8번,8,3478
숙대입구역 8번,9,4261
숙대입구역 8번,10,4632
숙대입구역 8번,11,3362
숙대입구역 8번,12,1881
숙명여대 입구 교차로,1,2340
숙명여대 입구 교차로,2,2680
숙명여대 입구 교차로,3,4739
숙명여대 입구 교차로,4,5874
숙명여대 입구 교차로,5,6648
숙명여대 입구 교차로,6,6700
숙명여대 입구 교차로,7,5809
숙명여대 입구 교차로,8,5544
숙명여대 입구 교차로,9,7076
숙명여대 입구 교차로,10,7213
숙명여대 입구 교차로,11,5327
숙명여대 입구 교차로,12,3102
숙명여대앞 버스정류소 주변,1,421
숙명여대앞 버스정류소 주변,2,435
숙명여대앞 버스정류소 주변,3,759
숙명여대앞 버스정류소 주변,4,923
숙명여대앞 버스정류소 주변,5,654
숙명여대앞 버스정류소 주변,6,767
숙명여대앞 버스정류소 주변,7,871
숙명여대앞 버스정류소 주변,8,729
숙명여대앞 버스정류소 주변,9,645
숙명여대앞 버스정류소 주변,10,755
숙명여대앞 버스정류소 주변,11,689
숙명여대앞 버스정류소 주변,12,296
순천향대학병원(한남오거리),1,1009
순천향대학병원(한남오거리),2,1154
순천향대학병원(한남오거리),3,1928
순천향대학병원(한남오거리),4,3182
순천향대학병원(한남오거리),5,3628
순천향대학병원(한남오거리),6,3419
순천향대학병원(한남오거리),7,2772
순천향대학병원(한남오거리),8,2743
순천향대학병원(한남오거리),9,3844
순천향대학병원(한남오거리),10,3866
순천향대학병원(한남오거리),11,2341
순천향대학병원(한남오거리),12,1318
순흥안씨묘 건너편,1,81
순흥안씨묘 건너편,2,107
순흥안씨묘 건너편,3,171
순흥안씨묘 건너편,4,208
순흥안씨묘 건너편,5,255
순흥안씨묘 건너편,6,209
순흥안씨묘 건너편,7,178
순흥안씨묘 건너편,8,150
순흥안씨묘 건너편,9,233
순흥안씨묘 건너편,10,270
순흥안씨묘 건너편,11,204
순흥안씨묘 건너편,12,102
숭미파출소 사거리,9,282
숭미파출소 사거리,10,383
숭미파출소 사거리,11,339
숭미파출소 사거리,12,268
숭실대 입구역3번 출구 앞,1,687
숭실대 입구역3번 출구 앞,2,792
숭실대 입구역3번 출구 앞,3,1694
숭실대 입구역3번 출구 앞,4,2435
숭실대 입구역3번 출구 앞,5,2565
숭실대 입구역3번 출구 앞,6,2594
숭실대 입구역3번 출구 앞,7,2215
숭실대 입구역3번 출구 앞,8,2116
숭실대 입구역3번 출구 앞,9,2806
숭실대 입구역3번 출구 앞,10,2505
숭실대 입구역3번 출구 앞,11,1929
숭실대 입구역3번 출구 앞,12,895
숭실대학교(중문),1,265
숭실대학교(중문),2,379
숭실대학교(중문),3,650
숭실대학교(중문),4,1107
숭실대학교(중문),5,964
숭실대학교(중문),6,1010
숭실대학교(중문),7,1097
숭실대학교(중문),8,1266
숭실대학교(중문),9,1315
숭실대학교(중문),10,1262
숭실대학교(중문),11,1002
숭실대학교(중문),12,458
숭인2동 주민센터 입구,1,2487
숭인2동 주민센터 입구,2,2586
숭인2동 주민센터 입구,3,4431
숭인2동 주민센터 입구,4,5293
숭인2동 주민센터 입구,5,5717
숭인2동 주민센터 입구,6,5921
숭인2동 주민센터 입구,7,6009
숭인2동 주민센터 입구,8,5771
숭인2동 주민센터 입구,9,6334
숭인2동 주민센터 입구,10,6499
숭인2동 주민센터 입구,11,5388
숭인2동 주민센터 입구,12,3453
스타벅스(동교동) 앞,1,1214
스타벅스(동교동) 앞,2,1427
스타벅스(동교동) 앞,3,2418
스타벅스(동교동) 앞,4,3102
스타벅스(동교동) 앞,5,3491
스타벅스(동교동) 앞,6,3308
스타벅스(동교동) 앞,7,3199
스타벅스(동교동) 앞,8,3152
스타벅스(동교동) 앞,9,3335
스타벅스(동교동) 앞,10,3566
스타벅스(동교동) 앞,11,3002
스타벅스(동교동) 앞,12,1775
스타즈호텔독산 빌딩 앞,1,1264
스타즈호텔독산 빌딩 앞,2,1351
스타즈호텔독산 빌딩 앞,3,2129
스타즈호텔독산 빌딩 앞,4,2871
스타즈호텔독산 빌딩 앞,5,3351
스타즈호텔독산 빌딩 앞,6,3591
스타즈호텔독산 빌딩 앞,7,3366
스타즈호텔독산 빌딩 앞,8,3308
스타즈호텔독산 빌딩 앞,9,3733
스타즈호텔독산 빌딩 앞,10,3840
스타즈호텔독산 빌딩 앞,11,3195
스타즈호텔독산 빌딩 앞,12,1823
시립대학교 박물관 앞,4,161
시립대학교 박물관 앞,5,240
시립대학교 박물관 앞,6,359
시립대학교 박물관 앞,7,323
시립대학교 박물관 앞,8,266
시립대학교 박물관 앞,9,445
시립대학교 박물관 앞,10,406
시립대학교 박물관 앞,11,401
시립대학교 박물관 앞,12,223
시립도봉노인복지관 버스정류소,1,836
시립도봉노인복지관 버스정류소,2,974
시립도봉노인복지관 버스정류소,3,1641
시립도봉노인복지관 버스정류소,4,2223
시립도봉노인복지관 버스정류소,5,2496
시립도봉노인복지관 버스정류소,6,2737
시립도봉노인복지관 버스정류소,7,2354
시립도봉노인복지관 버스정류소,8,2372
시립도봉노인복지관 버스정류소,9,2620
시립도봉노인복지관 버스정류소,10,2651
시립도봉노인복지관 버스정류소,11,2223
시립도봉노인복지관 버스정류소,12,1230
시립동부병원 앞 사거리,1,4544
시립동부병원 앞 사거리,2,4656
시립동부병원 앞 사거리,3,7757
시립동부병원 앞 사거리,4,9590
시립동부병원 앞 사거리,5,10272
시립동부병원 앞 사거리,6,10510
시립동부병원 앞 사거리,7,9340
시립동부병원 앞 사거리,8,7867
시립동부병원 앞 사거리,9,10785
시립동부병원 앞 사거리,10,10959
시립동부병원 앞 사거리,11,9137
시립동부병원 앞 사거리,12,6124
시립미술관,1,1272
시립미술관,2,1622
시립미술관,3,2771
시립미술관,4,4007
시립미술관,5,4105
시립미술관,6,4070
시립미술관,7,3907
시립미술관,8,3442
시립미술관,9,4201
시립미술관,10,4352
시립미술관,11,3671
시립미술관,12,1968
시립창동운동장 입구,1,381
시립창동운동장 입구,2,376
시립창동운동장 입구,3,523
시립창동운동장 입구,4,734
시립창동운동장 입구,5,998
시립창동운동장 입구,6,1119
시립창동운동장 입구,7,1000
시립창동운동장 입구,8,863
시립창동운동장 입구,9,1066
시립창동운동장 입구,10,1016
시립창동운동장 입구,11,751
시립창동운동장 입구,12,407
시범아파트버스정류장 옆,1,4933
시범아파트버스정류장 옆,2,5498
시범아파트버스정류장 옆,3,8762
시범아파트버스정류장 옆,4,10886
시범아파트버스정류장 옆,5,11236
시범아파트버스정류장 옆,6,11373
시범아파트버스정류장 옆,7,10271
시범아파트버스정류장 옆,8,8839
시범아파트버스정류장 옆,9,10626
시범아파트버스정류장 옆,10,11278
시범아파트버스정류장 옆,11,9618
시범아파트버스정류장 옆,12,5963
시석빌딩 앞,1,1069
시석빌딩 앞,2,1237
시석빌딩 앞,3,2451
시석빌딩 앞,4,3451
시석빌딩 앞,5,3860
시석빌딩 앞,6,3599
시석빌딩 앞,7,2740
시석빌딩 앞,8,2789
시석빌딩 앞,9,3665
시석빌딩 앞,10,3811
시석빌딩 앞,11,2534
시석빌딩 앞,12,1363
시조사 앞,1,2208
시조사 앞,2,2611
시조사 앞,3,5153
시조사 앞,4,7061
시조사 앞,5,8003
시조사 앞,6,7706
시조사 앞,7,6520
시조사 앞,8,5885
시조사 앞,9,7419
시조사 앞,10,6377
시조사 앞,11,5468
시조사 앞,12,3283
시청역 10번출구,1,928
시청역 10번출구,2,1107
시청역 10번출구,3,1672
시청역 10번출구,4,2153
시청역 10번출구,5,2195
시청역 10번출구,6,2035
시청역 10번출구,7,2186
시청역 10번출구,8,1829
시청역 10번출구,9,1902
시청역 10번출구,10,1912
시청역 10번출구,11,1912
시청역 10번출구,12,1320
시청역 1번출구 뒤,1,570
시청역 1번출구 뒤,2,498
시청역 1번출구 뒤,3,764
시청역 1번출구 뒤,4,958
시청역 1번출구 뒤,5,970
시청역 1번출구 뒤,6,1202
시청역 1번출구 뒤,7,1120
시청역 1번출구 뒤,8,846
시청역 1번출구 뒤,9,6
시청역(2호선) 9번출구 뒤,1,4296
시청역(2호선) 9번출구 뒤,2,4807
시청역(2호선) 9번출구 뒤,3,7588
시청역(2호선) 9번출구 뒤,4,9338
시청역(2호선) 9번출구 뒤,5,10151
시청역(2호선) 9번출구 뒤,6,10481
시청역(2호선) 9번출구 뒤,7,9849
시청역(2호선) 9번출구 뒤,8,8825
시청역(2호선) 9번출구 뒤,9,10270
시청역(2호선) 9번출구 뒤,10,10685
시청역(2호선) 9번출구 뒤,11,9630
시청역(2호선) 9번출구 뒤,12,5728
시흥4동주민센터 앞,1,292
시흥4동주민센터 앞,2,351
시흥4동주민센터 앞,3,572
시흥4동주민센터 앞,4,679
시흥4동주민센터 앞,5,748
시흥4동주민센터 앞,6,875
시흥4동주민센터 앞,7,796
시흥4동주민센터 앞,8,729
시흥4동주민센터 앞,9,790
시흥4동주민센터 앞,10,838
시흥4동주민센터 앞,11,753
시흥4동주민센터 앞,12,434
시흥사거리(시흥동 994-3 앞),1,1036
시흥사거리(시흥동 994-3 앞),2,1147
시흥사거리(시흥동 994-3 앞),3,2153
시흥사거리(시흥동 994-3 앞),4,3198
시흥사거리(시흥동 994-3 앞),5,3456
시흥사거리(시흥동 994-3 앞),6,3547
시흥사거리(시흥동 994-3 앞),7,2975
시흥사거리(시흥동 994-3 앞),8,2888
시흥사거리(시흥동 994-3 앞),9,3144
시흥사거리(시흥동 994-3 앞),10,3780
시흥사거리(시흥동 994-3 앞),11,2871
시흥사거리(시흥동 994-3 앞),12,1782
신곡시장,1,1956
신곡시장,2,2035
신곡시장,3,3433
신곡시장,4,4547
신곡시장,5,5931
신곡시장,6,6557
신곡시장,7,5567
신곡시장,8,5111
신곡시장,9,6217
신곡시장,10,6748
신곡시장,11,5150
신곡시장,12,3134
신금호역 2번출구 앞,1,82
신금호역 2번출구 앞,2,107
신금호역 2번출구 앞,3,180
신금호역 2번출구 앞,4,241
신금호역 2번출구 앞,5,258
신금호역 2번출구 앞,6,238
신금호역 2번출구 앞,7,259
신금호역 2번출구 앞,8,227
신금호역 2번출구 앞,9,293
신금호역 2번출구 앞,10,261
신금호역 2번출구 앞,11,212
신금호역 2번출구 앞,12,106
신금호역 3번출구 뒤,1,20
신금호역 3번출구 뒤,2,21
신금호역 3번출구 뒤,3,24
신금호역 3번출구 뒤,4,4
신금호역 3번출구 뒤,5,2
신금호파크자이APT앞,1,541
신금호파크자이APT앞,2,634
신금호파크자이APT앞,3,1081
신금호파크자이APT앞,4,1186
신금호파크자이APT앞,5,1219
신금호파크자이APT앞,6,1291
신금호파크자이APT앞,7,1238
신금호파크자이APT앞,8,1318
신금호파크자이APT앞,9,1315
신금호파크자이APT앞,10,1323
신금호파크자이APT앞,11,1225
신금호파크자이APT앞,12,729
신길 래미안 프레비뉴,1,1071
신길 래미안 프레비뉴,2,1126
신길 래미안 프레비뉴,3,1903
신길 래미안 프레비뉴,4,2401
신길 래미안 프레비뉴,5,2656
신길 래미안 프레비뉴,6,3057
신길 래미안 프레비뉴,7,2526
신길 래미안 프레비뉴,8,2473
신길 래미안 프레비뉴,9,3040
신길 래미안 프레비뉴,10,3067
신길 래미안 프레비뉴,11,2460
신길 래미안 프레비뉴,12,1652
신길동 우리은행 옆,1,1447
신길동 우리은행 옆,2,1601
신길동 우리은행 옆,3,2727
신길동 우리은행 옆,4,3435
신길동 우리은행 옆,5,3745
신길동 우리은행 옆,6,3964
신길동 우리은행 옆,7,3420
신길동 우리은행 옆,8,3203
신길동 우리은행 옆,9,3665
신길동 우리은행 옆,10,3980
신길동 우리은행 옆,11,3103
신길동 우리은행 옆,12,1917
신길삼거리(우리은행),1,923
신길삼거리(우리은행),2,1180
신길삼거리(우리은행),3,2359
신길삼거리(우리은행),4,3073
신길삼거리(우리은행),5,2957
신길삼거리(우리은행),6,3201
신길삼거리(우리은행),7,3323
신길삼거리(우리은행),8,2372
신길삼거리(우리은행),9,1768
신길삼거리(우리은행),10,1821
신길삼거리(우리은행),11,1335
신길삼거리(우리은행),12,780
신길선원가와인아파트 앞,1,1910
신길선원가와인아파트 앞,2,2217
신길선원가와인아파트 앞,3,3344
신길선원가와인아파트 앞,4,4535
신길선원가와인아파트 앞,5,4805
신길선원가와인아파트 앞,6,4745
신길선원가와인아파트 앞,7,4432
신길선원가와인아파트 앞,8,4202
신길선원가와인아파트 앞,9,4583
신길선원가와인아파트 앞,10,4813
신길선원가와인아파트 앞,11,4263
신길선원가와인아파트 앞,12,2502
신길역 2번출구,1,2303
신길역 2번출구,2,2618
신길역 2번출구,3,4255
신길역 2번출구,4,6187
신길역 2번출구,5,6373
신길역 2번출구,6,6316
신길역 2번출구,7,5865
신길역 2번출구,8,5851
신길역 2번출구,9,7175
신길역 2번출구,10,7382
신길역 2번출구,11,5802
신길역 2번출구,12,3475
신길역3번출구,1,3383
신길역3번출구,2,3440
신길역3번출구,3,5678
신길역3번출구,4,7192
신길역3번출구,5,7774
신길역3번출구,6,8110
신길역3번출구,7,7652
신길역3번출구,8,7407
신길역3번출구,9,8349
신길역3번출구,10,8596
신길역3번출구,11,6980
신길역3번출구,12,4523
신길우성1차아파트 앞 공원,1,1733
신길우성1차아파트 앞 공원,2,1935
신길우성1차아파트 앞 공원,3,2780
신길우성1차아파트 앞 공원,4,3608
신길우성1차아파트 앞 공원,5,4123
신길우성1차아파트 앞 공원,6,4597
신길우성1차아파트 앞 공원,7,3917
신길우성1차아파트 앞 공원,8,3759
신길우성1차아파트 앞 공원,9,4321
신길우성1차아파트 앞 공원,10,4415
신길우성1차아파트 앞 공원,11,3702
신길우성1차아파트 앞 공원,12,2306
신길우성4차아파트,1,2095
신길우성4차아파트,2,2304
신길우성4차아파트,3,3914
신길우성4차아파트,4,5142
신길우성4차아파트,5,6112
신길우성4차아파트,6,6187
신길우성4차아파트,7,5094
신길우성4차아파트,8,4921
신길우성4차아파트,9,5917
신길우성4차아파트,10,6526
신길우성4차아파트,11,4865
신길우성4차아파트,12,3269
신길자이아파트,1,1182
신길자이아파트,2,1199
신길자이아파트,3,1948
신길자이아파트,4,2447
신길자이아파트,5,2477
신길자이아파트,6,2600
신길자이아파트,7,2619
신길자이아파트,8,2624
신길자이아파트,9,2614
신길자이아파트,10,3006
신길자이아파트,11,2757
신길자이아파트,12,1330
신내 우디안 111동 앞,1,272
신내 우디안 111동 앞,2,359
신내 우디안 111동 앞,3,765
신내 우디안 111동 앞,4,996
신내 우디안 111동 앞,5,1033
신내 우디안 111동 앞,6,988
신내 우디안 111동 앞,7,733
신내 우디안 111동 앞,8,579
신내 우디안 111동 앞,9,873
신내 우디안 111동 앞,10,814
신내 우디안 111동 앞,11,712
신내 우디안 111동 앞,12,436
신내2동 주민센터 앞,1,1075
신내2동 주민센터 앞,2,1200
신내2동 주민센터 앞,3,1928
신내2동 주민센터 앞,4,2755
신내2동 주민센터 앞,5,2933
신내2동 주민센터 앞,6,2910
신내2동 주민센터 앞,7,2383
신내2동 주민센터 앞,8,2239
신내2동 주민센터 앞,9,2773
신내2동 주민센터 앞,10,2871
신내2동 주민센터 앞,11,2293
신내2동 주민센터 앞,12,1471
신내SK V1센터 앞,1,509
신내SK V1센터 앞,2,631
신내SK V1센터 앞,3,1080
신내SK V1센터 앞,4,1403
신내SK V1센터 앞,5,1517
신내SK V1센터 앞,6,1424
신내SK V1센터 앞,7,1001
신내SK V1센터 앞,8,829
신내SK V1센터 앞,9,1090
신내SK V1센터 앞,10,1160
신내SK V1센터 앞,11,1245
신내SK V1센터 앞,12,661
신내능말공원,1,1073
신내능말공원,2,1184
신내능말공원,3,1956
신내능말공원,4,2654
신내능말공원,5,2615
신내능말공원,6,2536
신내능말공원,7,2106
신내능말공원,8,1947
신내능말공원,9,2271
신내능말공원,10,2087
신내능말공원,11,1848
신내능말공원,12,1030
신내동 벽산아파트 후문 앞,1,1172
신내동 벽산아파트 후문 앞,2,1387
신내동 벽산아파트 후문 앞,3,2220
신내동 벽산아파트 후문 앞,4,2735
신내동 벽산아파트 후문 앞,5,3201
신내동 벽산아파트 후문 앞,6,3133
신내동 벽산아파트 후문 앞,7,2583
신내동 벽산아파트 후문 앞,8,2566
신내동 벽산아파트 후문 앞,9,2943
신내동 벽산아파트 후문 앞,10,3131
신내동 벽산아파트 후문 앞,11,2857
신내동 벽산아파트 후문 앞,12,1783
신내동 한살림 중랑지구 건너편,1,416
신내동 한살림 중랑지구 건너편,2,458
신내동 한살림 중랑지구 건너편,3,685
신내동 한살림 중랑지구 건너편,4,855
신내동 한살림 중랑지구 건너편,5,1219
신내동 한살림 중랑지구 건너편,6,1443
신내동 한살림 중랑지구 건너편,7,1271
신내동 한살림 중랑지구 건너편,8,1202
신내동 한살림 중랑지구 건너편,9,1264
신내동 한살림 중랑지구 건너편,10,1409
신내동 한살림 중랑지구 건너편,11,1230
신내동 한살림 중랑지구 건너편,12,644
신내동 한살림 중랑지구 앞,1,967
신내동 한살림 중랑지구 앞,2,967
신내동 한살림 중랑지구 앞,3,1620
신내동 한살림 중랑지구 앞,4,2244
신내동 한살림 중랑지구 앞,5,2945
신내동 한살림 중랑지구 앞,6,3130
신내동 한살림 중랑지구 앞,7,2849
신내동 한살림 중랑지구 앞,8,2814
신내동 한살림 중랑지구 앞,9,3058
신내동 한살림 중랑지구 앞,10,3427
신내동 한살림 중랑지구 앞,11,2801
신내동 한살림 중랑지구 앞,12,1561
신내어울공원 앞,1,1099
신내어울공원 앞,2,1155
신내어울공원 앞,3,2064
신내어울공원 앞,4,3078
신내어울공원 앞,5,3633
신내어울공원 앞,6,3497
신내어울공원 앞,7,3012
신내어울공원 앞,8,2900
신내어울공원 앞,9,3545
신내어울공원 앞,10,3767
신내어울공원 앞,11,2629
신내어울공원 앞,12,1470
신내역 4번출구,1,710
신내역 4번출구,2,733
신내역 4번출구,3,1416
신내역 4번출구,4,1974
신내역 4번출구,5,2049
신내역 4번출구,6,1996
신내역 4번출구,7,1640
신내역 4번출구,8,1584
신내역 4번출구,9,2081
신내역 4번출구,10,1930
신내역 4번출구,11,1711
신내역 4번출구,12,1044
신내역금강펜테리움센트럴파크,1,59
신내역금강펜테리움센트럴파크,2,88
신내역금강펜테리움센트럴파크,3,186
신내역금강펜테리움센트럴파크,4,221
신내역금강펜테리움센트럴파크,5,278
신내역금강펜테리움센트럴파크,6,277
신내역금강펜테리움센트럴파크,7,224
신내역금강펜테리움센트럴파크,8,241
신내역금강펜테리움센트럴파크,9,291
신내역금강펜테리움센트럴파크,10,294
신내역금강펜테리움센트럴파크,11,280
신내역금강펜테리움센트럴파크,12,197
신내역시티프라디움 앞,1,210
신내역시티프라디움 앞,2,232
신내역시티프라디움 앞,3,418
신내역시티프라디움 앞,4,549
신내역시티프라디움 앞,5,521
신내역시티프라디움 앞,6,744
신내역시티프라디움 앞,7,603
신내역시티프라디움 앞,8,548
신내역시티프라디움 앞,9,583
신내역시티프라디움 앞,10,735
신내역시티프라디움 앞,11,920
신내역시티프라디움 앞,12,545
신내우디안아파트 1단지,1,338
신내우디안아파트 1단지,2,439
신내우디안아파트 1단지,3,725
신내우디안아파트 1단지,4,988
신내우디안아파트 1단지,5,1117
신내우디안아파트 1단지,6,876
신내우디안아파트 1단지,7,823
신내우디안아파트 1단지,8,678
신내우디안아파트 1단지,9,862
신내우디안아파트 1단지,10,828
신내우디안아파트 1단지,11,760
신내우디안아파트 1단지,12,461
신논현역 4번출구,1,759
신논현역 4번출구,2,906
신논현역 4번출구,3,1480
신논현역 4번출구,4,2559
신논현역 4번출구,5,2507
신논현역 4번출구,6,2345
신논현역 4번출구,7,1649
신논현역 4번출구,8,1407
신논현역 4번출구,9,1985
신논현역 4번출구,10,2126
신논현역 4번출구,11,1710
신논현역 4번출구,12,880
신논현타워 앞,1,1231
신논현타워 앞,2,1378
신논현타워 앞,3,2339
신논현타워 앞,4,3574
신논현타워 앞,5,3692
신논현타워 앞,6,3516
신논현타워 앞,7,3361
신논현타워 앞,8,3430
신논현타워 앞,9,3865
신논현타워 앞,10,4240
신논현타워 앞,11,3429
신논현타워 앞,12,1929
신답역 1번출구,1,318
신답역 1번출구,2,281
신답역 1번출구,3,504
신답역 1번출구,4,711
신답역 1번출구,5,954
신답역 1번출구,6,993
신답역 1번출구,7,870
신답역 1번출구,8,868
신답역 1번출구,9,825
신답역 1번출구,10,965
신답역 1번출구,11,823
신답역 1번출구,12,549
신답역 사거리,1,3076
신답역 사거리,2,3153
신답역 사거리,3,5378
신답역 사거리,4,7086
신답역 사거리,5,7747
신답역 사거리,6,7542
신답역 사거리,7,6886
신답역 사거리,8,6895
신답역 사거리,9,7727
신답역 사거리,10,7571
신답역 사거리,11,6184
신답역 사거리,12,4101
신당 래미안 버스정류장,1,1006
신당 래미안 버스정류장,2,1022
신당 래미안 버스정류장,3,1699
신당 래미안 버스정류장,4,2111
신당 래미안 버스정류장,5,1980
신당 래미안 버스정류장,6,1883
신당 래미안 버스정류장,7,1988
신당 래미안 버스정류장,8,1694
신당 래미안 버스정류장,9,1683
신당 래미안 버스정류장,10,1690
신당 래미안 버스정류장,11,1780
신당 래미안 버스정류장,12,1042
신당동주민센터앞,1,2737
신당동주민센터앞,2,2910
신당동주민센터앞,3,5035
신당동주민센터앞,4,6145
신당동주민센터앞,5,6705
신당동주민센터앞,6,6825
신당동주민센터앞,7,6119
신당동주민센터앞,8,5601
신당동주민센터앞,9,6685
신당동주민센터앞,10,7200
신당동주민센터앞,11,5506
신당동주민센터앞,12,3366
신당역 10번 출구,1,2153
신당역 10번 출구,2,2267
신당역 10번 출구,3,3659
신당역 10번 출구,4,3385
신당역 10번 출구,5,3491
신당역 10번 출구,6,3735
신당역 10번 출구,7,3645
신당역 10번 출구,8,3147
신당역 10번 출구,9,3918
신당역 10번 출구,10,4334
신당역 10번 출구,11,3943
신당역 10번 출구,12,2578
신당역 12번 출구 뒤,1,5637
신당역 12번 출구 뒤,2,6170
신당역 12번 출구 뒤,3,10021
신당역 12번 출구 뒤,4,13882
신당역 12번 출구 뒤,5,15837
신당역 12번 출구 뒤,6,15887
신당역 12번 출구 뒤,7,13720
신당역 12번 출구 뒤,8,13044
신당역 12번 출구 뒤,9,15159
신당역 12번 출구 뒤,10,15980
신당역 12번 출구 뒤,11,12421
신당역 12번 출구 뒤,12,7726
신대방삼거리,1,1852
신대방삼거리,2,2068
신대방삼거리,3,3689
신대방삼거리,4,5270
신대방삼거리,5,5752
신대방삼거리,6,6048
신대방삼거리,7,5148
신대방삼거리,8,5038
신대방삼거리,9,5900
신대방삼거리,10,6106
신대방삼거리,11,4648
신대방삼거리,12,2731
신대방삼거리역 3번출구쪽,1,1370
신대방삼거리역 3번출구쪽,2,1531
신대방삼거리역 3번출구쪽,3,2873
신대방삼거리역 3번출구쪽,4,3840
신대방삼거리역 3번출구쪽,5,4314
신대방삼거리역 3번출구쪽,6,4752
신대방삼거리역 3번출구쪽,7,4195
신대방삼거리역 3번출구쪽,8,3705
신대방삼거리역 3번출구쪽,9,3690
신대방삼거리역 3번출구쪽,10,3839
신대방삼거리역 3번출구쪽,11,3228
신대방삼거리역 3번출구쪽,12,1928
신대방삼거리역 6번출구쪽,1,3611
신대방삼거리역 6번출구쪽,2,3823
신대방삼거리역 6번출구쪽,3,6685
신대방삼거리역 6번출구쪽,4,8702
신대방삼거리역 6번출구쪽,5,9458
신대방삼거리역 6번출구쪽,6,9930
신대방삼거리역 6번출구쪽,7,8546
신대방삼거리역 6번출구쪽,8,8119
신대방삼거리역 6번출구쪽,9,10331
신대방삼거리역 6번출구쪽,10,11166
신대방삼거리역 6번출구쪽,11,8324
신대방삼거리역 6번출구쪽,12,4818
신대방역 2번 출구,1,9884
신대방역 2번 출구,2,10444
신대방역 2번 출구,3,16984
신대방역 2번 출구,4,18973
신대방역 2번 출구,5,22450
신대방역 2번 출구,6,25295
신대방역 2번 출구,7,24066
신대방역 2번 출구,8,21081
신대방역 2번 출구,9,23560
신대방역 2번 출구,10,25382
신대방역 2번 출구,11,18148
신대방역 2번 출구,12,10587
신도1차아파트앞,1,176
신도1차아파트앞,2,280
신도1차아파트앞,3,491
신도1차아파트앞,4,762
신도1차아파트앞,5,919
신도1차아파트앞,6,851
신도1차아파트앞,7,879
신도1차아파트앞,8,364
신도고등학교,1,647
신도고등학교,2,551
신도고등학교,3,950
신도고등학교,4,1118
신도고등학교,5,1154
신도고등학교,6,1173
신도고등학교,7,962
신도고등학교,8,770
신도고등학교,9,948
신도고등학교,10,867
신도고등학교,11,734
신도고등학교,12,557
신도림2차e편한세상아파트 203동 앞,1,2024
신도림2차e편한세상아파트 203동 앞,2,2126
신도림2차e편한세상아파트 203동 앞,3,3785
신도림2차e편한세상아파트 203동 앞,4,4959
신도림2차e편한세상아파트 203동 앞,5,5394
신도림2차e편한세상아파트 203동 앞,6,5691
신도림2차e편한세상아파트 203동 앞,7,4804
신도림2차e편한세상아파트 203동 앞,8,4672
신도림2차e편한세상아파트 203동 앞,9,5544
신도림2차e편한세상아파트 203동 앞,10,5802
신도림2차e편한세상아파트 203동 앞,11,4518
신도림2차e편한세상아파트 203동 앞,12,2553
신도림4차 e편한세상 아파트 1109동 앞,1,2020
신도림4차 e편한세상 아파트 1109동 앞,2,2414
신도림4차 e편한세상 아파트 1109동 앞,3,4325
신도림4차 e편한세상 아파트 1109동 앞,4,6607
신도림4차 e편한세상 아파트 1109동 앞,5,6989
신도림4차 e편한세상 아파트 1109동 앞,6,7515
신도림4차 e편한세상 아파트 1109동 앞,7,6756
신도림4차 e편한세상 아파트 1109동 앞,8,6493
신도림4차 e편한세상 아파트 1109동 앞,9,7559
신도림4차 e편한세상 아파트 1109동 앞,10,7399
신도림4차 e편한세상 아파트 1109동 앞,11,5377
신도림4차 e편한세상 아파트 1109동 앞,12,2873
신도림7차e편한세상아파트 806동 앞,1,1422
신도림7차e편한세상아파트 806동 앞,2,1479
신도림7차e편한세상아파트 806동 앞,3,2598
신도림7차e편한세상아파트 806동 앞,4,3733
신도림7차e편한세상아파트 806동 앞,5,4385
신도림7차e편한세상아파트 806동 앞,6,4799
신도림7차e편한세상아파트 806동 앞,7,4500
신도림7차e편한세상아파트 806동 앞,8,4343
신도림7차e편한세상아파트 806동 앞,9,4799
신도림7차e편한세상아파트 806동 앞,10,4832
신도림7차e편한세상아파트 806동 앞,11,3903
신도림7차e편한세상아파트 806동 앞,12,2255
신도림동주민센터 앞,1,2728
신도림동주민센터 앞,2,2912
신도림동주민센터 앞,3,5206
신도림동주민센터 앞,4,7009
신도림동주민센터 앞,5,7764
신도림동주민센터 앞,6,8422
신도림동주민센터 앞,7,7430
신도림동주민센터 앞,8,6934
신도림동주민센터 앞,9,8356
신도림동주민센터 앞,10,8684
신도림동주민센터 앞,11,6853
신도림동주민센터 앞,12,4184
신도림쌍용플래티넘노블아파트 앞,1,2915
신도림쌍용플래티넘노블아파트 앞,2,2849
신도림쌍용플래티넘노블아파트 앞,3,4187
신도림쌍용플래티넘노블아파트 앞,4,5214
신도림쌍용플래티넘노블아파트 앞,5,5936
신도림쌍용플래티넘노블아파트 앞,6,6354
신도림쌍용플래티넘노블아파트 앞,7,6228
신도림쌍용플래티넘노블아파트 앞,8,6514
신도림쌍용플래티넘노블아파트 앞,9,7536
신도림쌍용플래티넘노블아파트 앞,10,7859
신도림쌍용플래티넘노블아파트 앞,11,6632
신도림쌍용플래티넘노블아파트 앞,12,4351
신도림역 1번 출구 앞,1,8627
신도림역 1번 출구 앞,2,10486
신도림역 1번 출구 앞,3,18806
신도림역 1번 출구 앞,4,25163
신도림역 1번 출구 앞,5,26078
신도림역 1번 출구 앞,6,25347
신도림역 1번 출구 앞,7,20176
신도림역 1번 출구 앞,8,18840
신도림역 1번 출구 앞,9,25070
신도림역 1번 출구 앞,10,25860
신도림역 1번 출구 앞,11,18796
신도림역 1번 출구 앞,12,11037
신도림역 3번출구,1,1649
신도림역 3번출구,2,1487
신도림역 3번출구,3,2374
신도림역 3번출구,4,2832
신도림역 3번출구,5,2973
신도림역 3번출구,6,3271
신도림역 3번출구,7,3283
신도림역 3번출구,8,4603
신도림역 3번출구,9,6130
신도림역 3번출구,10,7071
신도림역 3번출구,11,7573
신도림역 3번출구,12,5100
신도림테크노근린공원,1,7370
신도림테크노근린공원,2,7367
신도림테크노근린공원,3,11718
신도림테크노근린공원,4,13800
신도림테크노근린공원,5,14096
신도림테크노근린공원,6,17802
신도림테크노근린공원,7,16187
신도림테크노근린공원,8,14626
신도림테크노근린공원,9,16320
신도림테크노근린공원,10,17661
신도림테크노근린공원,11,13111
신도림테크노근린공원,12,7534
신도봉사거리 버스정류장,1,1365
신도봉사거리 버스정류장,2,1387
신도봉사거리 버스정류장,3,2248
신도봉사거리 버스정류장,4,2887
신도봉사거리 버스정류장,5,3062
신도봉사거리 버스정류장,6,3359
신도봉사거리 버스정류장,7,3072
신도봉사거리 버스정류장,8,2805
신도봉사거리 버스정류장,9,3409
신도봉사거리 버스정류장,10,3384
신도봉사거리 버스정류장,11,2910
신도봉사거리 버스정류장,12,2004
신도중학교앞,1,320
신도중학교앞,2,440
신도중학교앞,3,710
신도중학교앞,4,954
신도중학교앞,5,996
신도중학교앞,6,1089
신도중학교앞,7,1111
신도중학교앞,8,1033
신도중학교앞,9,1049
신도중학교앞,10,983
신도중학교앞,11,950
신도중학교앞,12,598
신동아럭스빌아파트 앞,1,427
신동아럭스빌아파트 앞,2,401
신동아럭스빌아파트 앞,3,661
신동아럭스빌아파트 앞,4,1010
신동아럭스빌아파트 앞,5,902
신동아럭스빌아파트 앞,6,975
신동아럭스빌아파트 앞,7,1013
신동아럭스빌아파트 앞,8,988
신동아럭스빌아파트 앞,9,1071
신동아럭스빌아파트 앞,10,852
신동아럭스빌아파트 앞,11,1008
신동아럭스빌아파트 앞,12,408
신동아아파트,1,4698
신동아아파트,2,4978
신동아아파트,3,8539
신동아아파트,4,10722
신동아아파트,5,12026
신동아아파트,6,12807
신동아아파트,7,11402
신동아아파트,8,11096
신동아아파트,9,13096
신동아아파트,10,13954
신동아아파트,11,11033
신동아아파트,12,7058
신동아아파트 교차로,4,1
신동아타워 버스정류소,1,776
신동아타워 버스정류소,2,840
신동아타워 버스정류소,3,1411
신동아타워 버스정류소,4,1678
신동아타워 버스정류소,5,1796
신동아타워 버스정류소,6,2059
신동아타워 버스정류소,7,2057
신동아타워 버스정류소,8,1870
신동아타워 버스정류소,9,2320
신동아타워 버스정류소,10,2251
신동아타워 버스정류소,11,1921
신동아타워 버스정류소,12,1258
신림1교 교차로,1,3186
신림1교 교차로,2,3358
신림1교 교차로,3,5993
신림1교 교차로,4,8035
신림1교 교차로,5,9042
신림1교 교차로,6,9238
신림1교 교차로,7,8256
신림1교 교차로,8,6987
신림1교 교차로,9,8838
신림1교 교차로,10,9152
신림1교 교차로,11,6892
신림1교 교차로,12,4122
"신림4,5동교",1,551
"신림4,5동교",2,596
"신림4,5동교",3,1089
"신림4,5동교",4,1213
"신림4,5동교",5,1075
"신림4,5동교",6,1235
"신림4,5동교",7,914
"신림4,5동교",8,1066
"신림4,5동교",9,1225
"신림4,5동교",10,1202
"신림4,5동교",11,824
"신림4,5동교",12,527
신림동 우방아파트,1,2781
신림동 우방아파트,2,2805
신림동 우방아파트,3,4513
신림동 우방아파트,4,5420
신림동 우방아파트,5,5815
신림동 우방아파트,6,6695
신림동 우방아파트,7,5988
신림동 우방아파트,8,5699
신림동 우방아파트,9,6475
신림동 우방아파트,10,6770
신림동 우방아파트,11,5430
신림동 우방아파트,12,3405
신림동걷고싶은문화의거리입구,1,1978
신림동걷고싶은문화의거리입구,2,2149
신림동걷고싶은문화의거리입구,3,3769
신림동걷고싶은문화의거리입구,4,5223
신림동걷고싶은문화의거리입구,5,5762
신림동걷고싶은문화의거리입구,6,6366
신림동걷고싶은문화의거리입구,7,5516
신림동걷고싶은문화의거리입구,8,5131
신림동걷고싶은문화의거리입구,9,5646
신림동걷고싶은문화의거리입구,10,5813
신림동걷고싶은문화의거리입구,11,4333
신림동걷고싶은문화의거리입구,12,2575
신림동주민센터,1,98
신림동주민센터,2,134
신림동주민센터,3,26
신림동주민센터,4,4
신림동주민센터,5,10
신림동주민센터,6,6
신림동주민센터,7,6
신림역 5번출구,1,1202
신림역 5번출구,2,1602
신림역 5번출구,3,2457
신림역 5번출구,4,3897
신림역 5번출구,5,4000
신림역 5번출구,6,1815
신림역 5번출구,7,1902
신림역 5번출구,8,1783
신림역 5번출구,9,2055
신림역 5번출구,10,2433
신림역 5번출구,11,1799
신림역 5번출구,12,1148
신림역 8번출구,1,3187
신림역 8번출구,2,2283
신림역 8번출구,3,3467
신림역 8번출구,4,5001
신림역 8번출구,5,7338
신림역 8번출구,6,8887
신림역 8번출구,7,8381
신림역 8번출구,8,8200
신림역 8번출구,9,8881
신림역 8번출구,10,9188
신림역 8번출구,11,7716
신림역 8번출구,12,5250
신림푸르지오아파트,1,1618
신림푸르지오아파트,2,1832
신림푸르지오아파트,3,2686
신림푸르지오아파트,4,3459
신림푸르지오아파트,5,3826
신림푸르지오아파트,6,4178
신림푸르지오아파트,7,4084
신림푸르지오아파트,8,3710
신림푸르지오아파트,9,3934
신림푸르지오아파트,10,4165
신림푸르지오아파트,11,3342
신림푸르지오아파트,12,2132
신마곡벽산블루밍메트로오피스텔앞,1,1752
신마곡벽산블루밍메트로오피스텔앞,2,1720
신마곡벽산블루밍메트로오피스텔앞,3,2809
신마곡벽산블루밍메트로오피스텔앞,4,4143
신마곡벽산블루밍메트로오피스텔앞,5,5068
신마곡벽산블루밍메트로오피스텔앞,6,5390
신마곡벽산블루밍메트로오피스텔앞,7,4745
신마곡벽산블루밍메트로오피스텔앞,8,4800
신마곡벽산블루밍메트로오피스텔앞,9,5808
신마곡벽산블루밍메트로오피스텔앞,10,6117
신마곡벽산블루밍메트로오피스텔앞,11,4923
신마곡벽산블루밍메트로오피스텔앞,12,2952
신명초교 교차로,1,309
신명초교 교차로,2,348
신명초교 교차로,3,627
신명초교 교차로,4,886
신명초교 교차로,5,953
신명초교 교차로,6,983
신명초교 교차로,7,904
신명초교 교차로,8,823
신명초교 교차로,9,1166
신명초교 교차로,10,1459
신명초교 교차로,11,1459
신명초교 교차로,12,834
신명초교입구 교차로,1,368
신명초교입구 교차로,2,338
신명초교입구 교차로,3,550
신명초교입구 교차로,4,848
신명초교입구 교차로,5,1105
신명초교입구 교차로,6,1335
신명초교입구 교차로,7,1665
신명초교입구 교차로,8,1472
신명초교입구 교차로,9,1810
신명초교입구 교차로,10,1783
신명초교입구 교차로,11,1153
신명초교입구 교차로,12,430
신명초등학교 건너편,1,134
신명초등학교 건너편,2,148
신명초등학교 건너편,3,163
신명초등학교 건너편,4,275
신명초등학교 건너편,5,332
신명초등학교 건너편,6,359
신명초등학교 건너편,7,371
신명초등학교 건너편,8,812
신명초등학교 건너편,9,738
신명초등학교 건너편,10,589
신명초등학교 건너편,11,473
신명초등학교 건너편,12,334
신목동역 2번 출구,1,5030
신목동역 2번 출구,2,5332
신목동역 2번 출구,3,8590
신목동역 2번 출구,4,11002
신목동역 2번 출구,5,12342
신목동역 2번 출구,6,13218
신목동역 2번 출구,7,11877
신목동역 2번 출구,8,11379
신목동역 2번 출구,9,12967
신목동역 2번 출구,10,13394
신목동역 2번 출구,11,11208
신목동역 2번 출구,12,6995
신목동역 3번출구,1,1787
신목동역 3번출구,2,2280
신목동역 3번출구,3,4587
신목동역 3번출구,4,6983
신목동역 3번출구,5,7031
신목동역 3번출구,6,6577
신목동역 3번출구,7,5725
신목동역 3번출구,8,5340
신목동역 3번출구,9,7670
신목동역 3번출구,10,6989
신목동역 3번출구,11,4287
신목동역 3번출구,12,2302
신목동역1번출구,10,270
신목동역1번출구,11,352
신목동역1번출구,12,225
신반포상가 입구(아크로리버파크입구 건너편),3,252
신반포상가 입구(아크로리버파크입구 건너편),4,436
신반포역 2번출구 앞,1,876
신반포역 2번출구 앞,2,1284
신반포역 2번출구 앞,3,2885
신반포역 2번출구 앞,4,4270
신반포역 2번출구 앞,5,5185
신반포역 2번출구 앞,6,4614
신반포역 2번출구 앞,7,3390
신반포역 2번출구 앞,8,3042
신반포역 2번출구 앞,9,4870
신반포역 2번출구 앞,10,4937
신반포역 2번출구 앞,11,2573
신반포역 2번출구 앞,12,1220
신반포역 3번출구 뒤,1,413
신반포역 3번출구 뒤,2,541
신반포역 3번출구 뒤,3,956
신반포역 3번출구 뒤,4,1508
신반포역 3번출구 뒤,5,1839
신반포역 3번출구 뒤,6,1662
신반포역 3번출구 뒤,7,1365
신반포역 3번출구 뒤,8,1425
신반포역 3번출구 뒤,9,1857
신반포역 3번출구 뒤,10,1940
신반포역 3번출구 뒤,11,1268
신반포역 3번출구 뒤,12,706
신방화사거리,1,4749
신방화사거리,2,5277
신방화사거리,3,8491
신방화사거리,4,10986
신방화사거리,5,13126
신방화사거리,6,14261
신방화사거리,7,13159
신방화사거리,8,12376
신방화사거리,9,13939
신방화사거리,10,14522
신방화사거리,11,11570
신방화사거리,12,7005
신방화역 6번출구,1,3138
신방화역 6번출구,2,3009
신방화역 6번출구,3,4437
신방화역 6번출구,4,5625
신방화역 6번출구,5,6147
신방화역 6번출구,6,7136
신방화역 6번출구,7,6303
신방화역 6번출구,8,6970
신방화역 6번출구,9,8238
신방화역 6번출구,10,8288
신방화역 6번출구,11,7273
신방화역 6번출구,12,4779
신방화역 8번출구,1,1870
신방화역 8번출구,2,2095
신방화역 8번출구,3,3667
신방화역 8번출구,4,5474
신방화역 8번출구,5,6567
신방화역 8번출구,6,7041
신방화역 8번출구,7,6310
신방화역 8번출구,8,6086
신방화역 8번출구,9,7171
신방화역 8번출구,10,7458
신방화역 8번출구,11,5591
신방화역 8번출구,12,2933
신방화역환승주차장,1,7020
신방화역환승주차장,2,7193
신방화역환승주차장,3,11355
신방화역환승주차장,4,14236
신방화역환승주차장,5,15618
신방화역환승주차장,6,17857
신방화역환승주차장,7,16153
신방화역환승주차장,8,15615
신방화역환승주차장,9,17774
신방화역환승주차장,10,18922
신방화역환승주차장,11,15596
신방화역환승주차장,12,9288
신봉천주유소 A,1,174
신봉천주유소 A,2,226
신봉천주유소 A,3,412
신봉천주유소 A,4,512
신봉천주유소 A,5,517
신봉천주유소 A,6,481
신봉천주유소 A,7,531
신봉천주유소 A,8,530
신봉천주유소 A,9,628
신봉천주유소 A,10,653
신봉천주유소 A,11,571
신봉천주유소 A,12,339
신봉천주유소 B,1,166
신봉천주유소 B,2,239
신봉천주유소 B,3,311
신봉천주유소 B,4,566
신봉천주유소 B,5,709
신봉천주유소 B,6,630
신봉천주유소 B,7,638
신봉천주유소 B,8,653
신봉천주유소 B,9,668
신봉천주유소 B,10,637
신봉천주유소 B,11,421
신봉천주유소 B,12,232
신사동 가로수길 입구,1,1175
신사동 가로수길 입구,2,1368
신사동 가로수길 입구,3,2439
신사동 가로수길 입구,4,3531
신사동 가로수길 입구,5,3518
신사동 가로수길 입구,6,3227
신사동 가로수길 입구,7,2753
신사동 가로수길 입구,8,2695
신사동 가로수길 입구,9,3725
신사동 가로수길 입구,10,3611
신사동 가로수길 입구,11,2833
신사동 가로수길 입구,12,1451
신사동 성당,1,624
신사동 성당,2,644
신사동 성당,3,1060
신사동 성당,4,1348
신사동 성당,5,1222
신사동 성당,6,1348
신사동 성당,7,987
신사동 성당,8,934
신사동 성당,9,1114
신사동 성당,10,1023
신사동 성당,11,688
신사동 성당,12,480
신사동주민센터 옆,1,703
신사동주민센터 옆,2,901
신사동주민센터 옆,3,2230
신사동주민센터 옆,4,3094
신사동주민센터 옆,5,3273
신사동주민센터 옆,6,3015
신사동주민센터 옆,7,2277
신사동주민센터 옆,8,2578
신사동주민센터 옆,9,3218
신사동주민센터 옆,10,3352
신사동주민센터 옆,11,2173
신사동주민센터 옆,12,1100
신사두산위브2차아파트 앞,1,1663
신사두산위브2차아파트 앞,2,1827
신사두산위브2차아파트 앞,3,3041
신사두산위브2차아파트 앞,4,3972
신사두산위브2차아파트 앞,5,4606
신사두산위브2차아파트 앞,6,4680
신사두산위브2차아파트 앞,7,4302
신사두산위브2차아파트 앞,8,4301
신사두산위브2차아파트 앞,9,5191
신사두산위브2차아파트 앞,10,5282
신사두산위브2차아파트 앞,11,3965
신사두산위브2차아파트 앞,12,2452
신사로입구,1,2212
신사로입구,2,2267
신사로입구,3,3465
신사로입구,4,4366
신사로입구,5,5094
신사로입구,6,5444
신사로입구,7,5975
신사로입구,8,6041
신사로입구,9,6397
신사로입구,10,6538
신사로입구,11,5640
신사로입구,12,3412
신사스퀘어,1,249
신사스퀘어,2,293
신사스퀘어,3,650
신사스퀘어,4,1001
신사스퀘어,5,1043
신사스퀘어,6,1078
신사스퀘어,7,767
신사스퀘어,8,888
신사스퀘어,9,1087
신사스퀘어,10,1123
신사스퀘어,11,871
신사스퀘어,12,439
신사역 4번출구 뒤,1,1488
신사역 4번출구 뒤,2,1673
신사역 4번출구 뒤,3,2871
신사역 4번출구 뒤,4,4295
신사역 4번출구 뒤,5,4513
신사역 4번출구 뒤,6,4240
신사역 4번출구 뒤,7,3660
신사역 4번출구 뒤,8,3514
신사역 4번출구 뒤,9,4374
신사역 4번출구 뒤,10,4515
신사역 4번출구 뒤,11,3065
신사역 4번출구 뒤,12,1667
신석초교 앞,10,343
신석초교 앞,11,658
신석초교 앞,12,371
신석초교앞 교차로 교통섬,1,2111
신석초교앞 교차로 교통섬,2,2447
신석초교앞 교차로 교통섬,3,4123
신석초교앞 교차로 교통섬,4,5357
신석초교앞 교차로 교통섬,5,6437
신석초교앞 교차로 교통섬,6,6670
신석초교앞 교차로 교통섬,7,5635
신석초교앞 교차로 교통섬,8,4377
신석초교앞 교차로 교통섬,9,5695
신석초교앞 교차로 교통섬,10,5686
신석초교앞 교차로 교통섬,11,4059
신석초교앞 교차로 교통섬,12,2464
신설동역 10번출구 앞,1,3799
신설동역 10번출구 앞,2,4261
신설동역 10번출구 앞,3,6739
신설동역 10번출구 앞,4,8303
신설동역 10번출구 앞,5,9057
신설동역 10번출구 앞,6,9243
신설동역 10번출구 앞,7,8890
신설동역 10번출구 앞,8,8618
신설동역 10번출구 앞,9,9218
신설동역 10번출구 앞,10,9020
신설동역 10번출구 앞,11,6676
신설동역 10번출구 앞,12,4501
신설동역 11번출구 뒤,1,3407
신설동역 11번출구 뒤,2,3638
신설동역 11번출구 뒤,3,6104
신설동역 11번출구 뒤,4,7302
신설동역 11번출구 뒤,5,7990
신설동역 11번출구 뒤,6,8265
신설동역 11번출구 뒤,7,6616
신설동역 11번출구 뒤,8,6034
신설동역 11번출구 뒤,9,8090
신설동역 11번출구 뒤,10,8824
신설동역 11번출구 뒤,11,7333
신설동역 11번출구 뒤,12,4483
신설동역 4번출구,1,379
신설동역 4번출구,2,317
신설동역 4번출구,3,831
신설동역 4번출구,4,982
신설동역 4번출구,5,1028
신설동역 4번출구,6,1201
신설동역 4번출구,7,1254
신설동역 4번출구,8,1145
신설동역 4번출구,9,1352
신설동역 4번출구,10,1969
신설동역 4번출구,11,1918
신설동역 4번출구,12,1143
신설동역8번출구,1,2270
신설동역8번출구,2,2532
신설동역8번출구,3,4175
신설동역8번출구,4,5171
신설동역8번출구,5,5883
신설동역8번출구,6,6072
신설동역8번출구,7,5513
신설동역8번출구,8,5342
신설동역8번출구,9,6090
신설동역8번출구,10,6067
신설동역8번출구,11,5189
신설동역8번출구,12,3265
신성기사식당 앞,1,1527
신성기사식당 앞,2,1609
신성기사식당 앞,3,2799
신성기사식당 앞,4,3404
신성기사식당 앞,5,3854
신성기사식당 앞,6,3728
신성기사식당 앞,7,3392
신성기사식당 앞,8,3390
신성기사식당 앞,9,3790
신성기사식당 앞,10,3741
신성기사식당 앞,11,2961
신성기사식당 앞,12,2009
신성미소지움아파트,1,964
신성미소지움아파트,2,1185
신성미소지움아파트,3,2401
신성미소지움아파트,4,3182
신성미소지움아파트,5,3462
신성미소지움아파트,6,3408
신성미소지움아파트,7,2526
신성미소지움아파트,8,2331
신성미소지움아파트,9,3269
신성미소지움아파트,10,3242
신성미소지움아파트,11,2895
신성미소지움아파트,12,1687
신세계면세점,1,507
신세계면세점,2,689
신세계면세점,3,1003
신세계면세점,4,1279
신세계면세점,5,1499
신세계면세점,6,1416
신세계면세점,7,1204
신세계면세점,8,1184
신세계면세점,9,1376
신세계면세점,10,1591
신세계면세점,11,1291
신세계면세점,12,797
신세계백화점 본점 앞,1,1448
신세계백화점 본점 앞,2,1623
신세계백화점 본점 앞,3,2778
신세계백화점 본점 앞,4,3530
신세계백화점 본점 앞,5,3584
신세계백화점 본점 앞,6,3503
신세계백화점 본점 앞,7,3034
신세계백화점 본점 앞,8,2790
신세계백화점 본점 앞,9,3691
신세계백화점 본점 앞,10,3951
신세계백화점 본점 앞,11,3082
신세계백화점 본점 앞,12,1758
신세기아파트 앞,1,1169
신세기아파트 앞,2,1215
신세기아파트 앞,3,2076
신세기아파트 앞,4,2685
신세기아파트 앞,5,3062
신세기아파트 앞,6,3220
신세기아파트 앞,7,3141
신세기아파트 앞,8,2923
신세기아파트 앞,9,3781
신세기아파트 앞,10,4049
신세기아파트 앞,11,3158
신세기아파트 앞,12,2077
신수동 사거리,1,878
신수동 사거리,2,950
신수동 사거리,3,1576
신수동 사거리,4,2055
신수동 사거리,5,2220
신수동 사거리,6,2138
신수동 사거리,7,1828
신수동 사거리,8,1839
신수동 사거리,9,2384
신수동 사거리,10,2410
신수동 사거리,11,1917
신수동 사거리,12,1118
신수동주민센터,1,604
신수동주민센터,2,726
신수동주민센터,3,1100
신수동주민센터,4,1411
신수동주민센터,5,1617
신수동주민센터,6,1409
신수동주민센터,7,1186
신수동주민센터,8,1289
신수동주민센터,9,1496
신수동주민센터,10,1652
신수동주민센터,11,1465
신수동주민센터,12,971
신양초교앞 교차로,1,1552
신양초교앞 교차로,2,1687
신양초교앞 교차로,3,2954
신양초교앞 교차로,4,3894
신양초교앞 교차로,5,4144
신양초교앞 교차로,6,4358
신양초교앞 교차로,7,3613
신양초교앞 교차로,8,3584
신양초교앞 교차로,9,4388
신양초교앞 교차로,10,4507
신양초교앞 교차로,11,3141
신양초교앞 교차로,12,1813
신영동삼거리,1,132
신영동삼거리,2,184
신영동삼거리,3,305
신영동삼거리,4,310
신영동삼거리,5,363
신영동삼거리,6,341
신영동삼거리,7,269
신영동삼거리,8,364
신영동삼거리,9,406
신영동삼거리,10,406
신영동삼거리,11,355
신영동삼거리,12,235
신영동삼거리(북악터널방향),1,167
신영동삼거리(북악터널방향),2,204
신영동삼거리(북악터널방향),3,267
신영동삼거리(북악터널방향),4,311
신영동삼거리(북악터널방향),5,330
신영동삼거리(북악터널방향),6,325
신영동삼거리(북악터널방향),7,264
신영동삼거리(북악터널방향),8,138
신영동삼거리(북악터널방향),9,202
신영동삼거리(북악터널방향),10,264
신영동삼거리(북악터널방향),11,249
신영동삼거리(북악터널방향),12,141
신용산역 1번 출구,1,2443
신용산역 1번 출구,2,2764
신용산역 1번 출구,3,5708
신용산역 1번 출구,4,8230
신용산역 1번 출구,5,9213
신용산역 1번 출구,6,8737
신용산역 1번 출구,7,7158
신용산역 1번 출구,8,6928
신용산역 1번 출구,9,8924
신용산역 1번 출구,10,9115
신용산역 1번 출구,11,6338
신용산역 1번 출구,12,3249
신용산역 6번출구 앞,1,2687
신용산역 6번출구 앞,2,2966
신용산역 6번출구 앞,3,5656
신용산역 6번출구 앞,4,7541
신용산역 6번출구 앞,5,8570
신용산역 6번출구 앞,6,8246
신용산역 6번출구 앞,7,6964
신용산역 6번출구 앞,8,6798
신용산역 6번출구 앞,9,8283
신용산역 6번출구 앞,10,8449
신용산역 6번출구 앞,11,6027
신용산역 6번출구 앞,12,3504
신용산지하차도 앞,1,946
신용산지하차도 앞,2,1060
신용산지하차도 앞,3,1720
신용산지하차도 앞,4,2193
신용산지하차도 앞,5,2613
신용산지하차도 앞,6,2605
신용산지하차도 앞,7,2234
신용산지하차도 앞,8,2182
신용산지하차도 앞,9,2458
신용산지하차도 앞,10,2714
신용산지하차도 앞,11,2102
신용산지하차도 앞,12,1365
신원리베르텔 앞,1,1551
신원리베르텔 앞,2,1698
신원리베르텔 앞,3,2735
신원리베르텔 앞,4,3416
신원리베르텔 앞,5,3640
신원리베르텔 앞,6,3728
신원리베르텔 앞,7,3270
신원리베르텔 앞,8,3190
신원리베르텔 앞,9,3624
신원리베르텔 앞,10,3585
신원리베르텔 앞,11,3298
신원리베르텔 앞,12,2337
신월6차보람아파트 앞,1,1523
신월6차보람아파트 앞,2,1654
신월6차보람아파트 앞,3,3099
신월6차보람아파트 앞,4,4068
신월6차보람아파트 앞,5,4464
신월6차보람아파트 앞,6,4933
신월6차보람아파트 앞,7,4477
신월6차보람아파트 앞,8,4393
신월6차보람아파트 앞,9,5301
신월6차보람아파트 앞,10,5482
신월6차보람아파트 앞,11,4387
신월6차보람아파트 앞,12,2629
신월사거리,1,2110
신월사거리,2,2182
신월사거리,3,3772
신월사거리,4,5005
신월사거리,5,5831
신월사거리,6,6170
신월사거리,7,5100
신월사거리,8,4669
신월사거리,9,5969
신월사거리,10,6092
신월사거리,11,4603
신월사거리,12,2898
신월중학교,1,1217
신월중학교,2,1497
신월중학교,3,2336
신월중학교,4,3069
신월중학교,5,3652
신월중학교,6,3699
신월중학교,7,3178
신월중학교,8,2845
신월중학교,9,3711
신월중학교,10,3599
신월중학교,11,2304
신월중학교,12,1359
신응교(가좌로) 앞,1,1526
신응교(가좌로) 앞,2,1987
신응교(가좌로) 앞,3,3881
신응교(가좌로) 앞,4,5100
신응교(가좌로) 앞,5,5657
신응교(가좌로) 앞,6,5588
신응교(가좌로) 앞,7,4824
신응교(가좌로) 앞,8,4930
신응교(가좌로) 앞,9,6509
신응교(가좌로) 앞,10,6712
신응교(가좌로) 앞,11,4211
신응교(가좌로) 앞,12,1967
신이문빗물펌프장 옆,1,39
신이문빗물펌프장 옆,2,103
신이문빗물펌프장 옆,3,189
신이문빗물펌프장 옆,4,194
신이문빗물펌프장 옆,5,171
신이문빗물펌프장 옆,6,162
신이문빗물펌프장 옆,7,170
신이문빗물펌프장 옆,8,175
신이문빗물펌프장 옆,9,247
신이문빗물펌프장 옆,10,203
신이문빗물펌프장 옆,11,124
신이문빗물펌프장 옆,12,79
신이문역 1번출구,1,809
신이문역 1번출구,2,1038
신이문역 1번출구,3,1784
신이문역 1번출구,4,2287
신이문역 1번출구,5,2700
신이문역 1번출구,6,2634
신이문역 1번출구,7,2275
신이문역 1번출구,8,2236
신이문역 1번출구,9,2929
신이문역 1번출구,10,2963
신이문역 1번출구,11,2631
신이문역 1번출구,12,1071
신이문역 2번출구,1,1368
신이문역 2번출구,2,1577
신이문역 2번출구,3,2467
신이문역 2번출구,4,3219
신이문역 2번출구,5,3617
신이문역 2번출구,6,3322
신이문역 2번출구,7,2908
신이문역 2번출구,8,2862
신이문역 2번출구,9,3525
신이문역 2번출구,10,3502
신이문역 2번출구,11,2854
신이문역 2번출구,12,1947
신일해피트리아파트 앞,1,2141
신일해피트리아파트 앞,2,2286
신일해피트리아파트 앞,3,3472
신일해피트리아파트 앞,4,4428
신일해피트리아파트 앞,5,4852
신일해피트리아파트 앞,6,5286
신일해피트리아파트 앞,7,4902
신일해피트리아파트 앞,8,4738
신일해피트리아파트 앞,9,5215
신일해피트리아파트 앞,10,5288
신일해피트리아파트 앞,11,4749
신일해피트리아파트 앞,12,2880
신자초교 입구 교차로(SC제일은행),4,10
신자초교 입구 교차로(SC제일은행),5,1
신자초교 입구 교차로(SC제일은행),6,283
신자초교 입구 교차로(SC제일은행),7,322
신자초교 입구 교차로(SC제일은행),8,276
신자초교 입구 교차로(SC제일은행),9,171
신자초교입구 교차로,1,4161
신자초교입구 교차로,2,4411
신자초교입구 교차로,3,7355
신자초교입구 교차로,4,9230
신자초교입구 교차로,5,10469
신자초교입구 교차로,6,11119
신자초교입구 교차로,7,9862
신자초교입구 교차로,8,11246
신자초교입구 교차로,9,11807
신자초교입구 교차로,10,12063
신자초교입구 교차로,11,9721
신자초교입구 교차로,12,6633
신자초교입구교차로,1,549
신자초교입구교차로,2,537
신자초교입구교차로,3,749
신자초교입구교차로,4,989
신자초교입구교차로,5,1018
신자초교입구교차로,6,997
신자초교입구교차로,7,634
신정1동 주민센터 앞,1,4982
신정1동 주민센터 앞,2,5174
신정1동 주민센터 앞,3,8276
신정1동 주민센터 앞,4,10349
신정1동 주민센터 앞,5,11985
신정1동 주민센터 앞,6,13251
신정1동 주민센터 앞,7,12149
신정1동 주민센터 앞,8,11892
신정1동 주민센터 앞,9,13371
신정1동 주민센터 앞,10,14340
신정1동 주민센터 앞,11,11741
신정1동 주민센터 앞,12,7572
신정3동 현장민원실 앞,1,1279
신정3동 현장민원실 앞,2,1453
신정3동 현장민원실 앞,3,2439
신정3동 현장민원실 앞,4,3383
신정3동 현장민원실 앞,5,4147
신정3동 현장민원실 앞,6,4340
신정3동 현장민원실 앞,7,3522
신정3동 현장민원실 앞,8,3051
신정3동 현장민원실 앞,9,4079
신정3동 현장민원실 앞,10,4268
신정3동 현장민원실 앞,11,3467
신정3동 현장민원실 앞,12,1721
신정3동주민센터,1,247
신정3동주민센터,2,279
신정3동주민센터,3,494
신정3동주민센터,4,648
신정3동주민센터,5,574
신정3동주민센터,6,711
신정3동주민센터,7,807
신정3동주민센터,8,667
신정3동주민센터,9,842
신정3동주민센터,10,903
신정3동주민센터,11,607
신정3동주민센터,12,235
신정6동 주민센터 인근,1,3309
신정6동 주민센터 인근,2,3624
신정6동 주민센터 인근,3,6242
신정6동 주민센터 인근,4,7498
신정6동 주민센터 인근,5,6892
신정6동 주민센터 인근,6,7540
신정6동 주민센터 인근,7,6323
신정6동 주민센터 인근,8,6005
신정6동 주민센터 인근,9,6679
신정6동 주민센터 인근,10,8225
신정6동 주민센터 인근,11,5543
신정6동 주민센터 인근,12,3675
신정교 하부,1,3074
신정교 하부,2,4005
신정교 하부,3,7138
신정교 하부,4,11288
신정교 하부,5,12298
신정교 하부,6,11799
신정교 하부,7,5728
신정교 하부,8,7439
신정교 하부,9,12624
신정교 하부,10,13769
신정교 하부,11,7963
신정교 하부,12,3956
신정교하부(도림천역 방면),1,305
신정교하부(도림천역 방면),2,298
신정교하부(도림천역 방면),3,622
신정교하부(도림천역 방면),4,958
신정교하부(도림천역 방면),5,990
신정교하부(도림천역 방면),6,979
신정교하부(도림천역 방면),7,778
신정교하부(도림천역 방면),8,858
신정교하부(도림천역 방면),9,1101
신정교하부(도림천역 방면),10,1531
신정교하부(도림천역 방면),11,1473
신정교하부(도림천역 방면),12,928
신정네거리역,1,1903
신정네거리역,2,2183
신정네거리역,3,3323
신정네거리역,4,4575
신정네거리역,5,4650
신정네거리역,6,4831
신정네거리역,7,3940
신정네거리역,8,3587
신정네거리역,9,4230
신정네거리역,10,4967
신정네거리역,11,4001
신정네거리역,12,2388
신정네거리역 교차로,1,1808
신정네거리역 교차로,2,1866
신정네거리역 교차로,3,2911
신정네거리역 교차로,4,3919
신정네거리역 교차로,5,5302
신정네거리역 교차로,6,5533
신정네거리역 교차로,7,5008
신정네거리역 교차로,8,4667
신정네거리역 교차로,9,5418
신정네거리역 교차로,10,5772
신정네거리역 교차로,11,4546
신정네거리역 교차로,12,2807
신정보도육교 아래,1,7046
신정보도육교 아래,2,6936
신정보도육교 아래,3,10289
신정보도육교 아래,4,11900
신정보도육교 아래,5,13507
신정보도육교 아래,6,15077
신정보도육교 아래,7,16736
신정보도육교 아래,8,15953
신정보도육교 아래,9,16488
신정보도육교 아래,10,17194
신정보도육교 아래,11,15362
신정보도육교 아래,12,11262
신정숲속마을아파트,1,1071
신정숲속마을아파트,2,1203
신정숲속마을아파트,3,1770
신정숲속마을아파트,4,2219
신정숲속마을아파트,5,2465
신정숲속마을아파트,6,2538
신정숲속마을아파트,7,2456
신정숲속마을아파트,8,2216
신정숲속마을아파트,9,2409
신정숲속마을아파트,10,2741
신정숲속마을아파트,11,2484
신정숲속마을아파트,12,1564
신정이펜하우스 1단지아파트 입구 사거리,1,1041
신정이펜하우스 1단지아파트 입구 사거리,2,1222
신정이펜하우스 1단지아파트 입구 사거리,3,1865
신정이펜하우스 1단지아파트 입구 사거리,4,2576
신정이펜하우스 1단지아파트 입구 사거리,5,2875
신정이펜하우스 1단지아파트 입구 사거리,6,3026
신정이펜하우스 1단지아파트 입구 사거리,7,2459
신정이펜하우스 1단지아파트 입구 사거리,8,2276
신정이펜하우스 1단지아파트 입구 사거리,9,2900
신정이펜하우스 1단지아파트 입구 사거리,10,2954
신정이펜하우스 1단지아파트 입구 사거리,11,2297
신정이펜하우스 1단지아파트 입구 사거리,12,1303
신정이펜하우스314동,1,1099
신정이펜하우스314동,2,1167
신정이펜하우스314동,3,2141
신정이펜하우스314동,4,2989
신정이펜하우스314동,5,3411
신정이펜하우스314동,6,3455
신정이펜하우스314동,7,2748
신정이펜하우스314동,8,2739
신정이펜하우스314동,9,3278
신정이펜하우스314동,10,3396
신정이펜하우스314동,11,2698
신정이펜하우스314동,12,1318
신정제일시장,1,1312
신정제일시장,2,1378
신정제일시장,3,2235
신정제일시장,4,2825
신정제일시장,5,3826
신정제일시장,6,4104
신정제일시장,7,3599
신정제일시장,8,3712
신정제일시장,9,4051
신정제일시장,10,3897
신정제일시장,11,3230
신정제일시장,12,1902
신진과학기술고등학교 버스정류장(응암시장 방면),1,1515
신진과학기술고등학교 버스정류장(응암시장 방면),2,1544
신진과학기술고등학교 버스정류장(응암시장 방면),3,2546
신진과학기술고등학교 버스정류장(응암시장 방면),4,3326
신진과학기술고등학교 버스정류장(응암시장 방면),5,4176
신진과학기술고등학교 버스정류장(응암시장 방면),6,4505
신진과학기술고등학교 버스정류장(응암시장 방면),7,3883
신진과학기술고등학교 버스정류장(응암시장 방면),8,4029
신진과학기술고등학교 버스정류장(응암시장 방면),9,4672
신진과학기술고등학교 버스정류장(응암시장 방면),10,4742
신진과학기술고등학교 버스정류장(응암시장 방면),11,3870
신진과학기술고등학교 버스정류장(응암시장 방면),12,2450
신진빌라,1,328
신진빌라,2,279
신진빌라,3,504
신진빌라,4,673
신진빌라,5,900
신진빌라,6,484
신진빌라,7,583
신진빌라,8,467
신진빌라,9,617
신진빌라,10,658
신진빌라,11,617
신진빌라,12,419
신창교,1,1152
신창교,2,1551
신창교,3,2330
신창교,4,3254
신창교,5,3826
신창교,6,3508
신창교,7,3234
신창교,8,3126
신창교,9,4710
신창교,10,4444
신창교,11,3411
신창교,12,2004
신창시장,1,2588
신창시장,2,2878
신창시장,3,4692
신창시장,4,6114
신창시장,5,6900
신창시장,6,7140
신창시장,7,6866
신창시장,8,6318
신창시장,9,7960
신창시장,10,7926
신창시장,11,5953
신창시장,12,3646
신창아파트 입구 앞,1,522
신창아파트 입구 앞,2,577
신창아파트 입구 앞,3,1011
신창아파트 입구 앞,4,1324
신창아파트 입구 앞,5,1562
신창아파트 입구 앞,6,1757
신창아파트 입구 앞,7,1463
신창아파트 입구 앞,8,1422
신창아파트 입구 앞,9,1697
신창아파트 입구 앞,10,1612
신창아파트 입구 앞,11,1274
신창아파트 입구 앞,12,787
신창중학교 후문 맞은편 버스정류장,1,1390
신창중학교 후문 맞은편 버스정류장,2,1666
신창중학교 후문 맞은편 버스정류장,3,3090
신창중학교 후문 맞은편 버스정류장,4,4384
신창중학교 후문 맞은편 버스정류장,5,4292
신창중학교 후문 맞은편 버스정류장,6,4516
신창중학교 후문 맞은편 버스정류장,7,3659
신창중학교 후문 맞은편 버스정류장,8,3325
신창중학교 후문 맞은편 버스정류장,9,4704
신창중학교 후문 맞은편 버스정류장,10,4849
신창중학교 후문 맞은편 버스정류장,11,4034
신창중학교 후문 맞은편 버스정류장,12,2412
신청담나들목,1,293
신청담나들목,2,415
신청담나들목,3,959
신청담나들목,4,1636
신청담나들목,5,1856
신청담나들목,6,2089
신청담나들목,7,1462
신청담나들목,8,1643
신청담나들목,9,2081
신청담나들목,10,2017
신청담나들목,11,1135
신청담나들목,12,482
신촌 교보빌딩,1,561
신촌 교보빌딩,2,702
신촌 교보빌딩,3,1143
신촌 교보빌딩,4,1271
신촌 교보빌딩,5,1397
신촌 교보빌딩,6,1309
신촌 교보빌딩,7,1064
신촌 교보빌딩,8,1112
신촌 교보빌딩,9,1326
신촌 교보빌딩,10,1283
신촌 교보빌딩,11,1035
신촌 교보빌딩,12,669
신촌 청년주택,1,2138
신촌 청년주택,2,2124
신촌 청년주택,3,3630
신촌 청년주택,4,4915
신촌 청년주택,5,5489
신촌 청년주택,6,5692
신촌 청년주택,7,4977
신촌 청년주택,8,4833
신촌 청년주택,9,5577
신촌 청년주택,10,5465
신촌 청년주택,11,4088
신촌 청년주택,12,2811
신촌 파랑고래 입구,1,725
신촌 파랑고래 입구,2,824
신촌 파랑고래 입구,3,1683
신촌 파랑고래 입구,4,2169
신촌 파랑고래 입구,5,2418
신촌 파랑고래 입구,6,2138
신촌 파랑고래 입구,7,1845
신촌 파랑고래 입구,8,1744
신촌 파랑고래 입구,9,2069
신촌 파랑고래 입구,10,2742
신촌 파랑고래 입구,11,2221
신촌 파랑고래 입구,12,1269
신촌기차역입구 교차로,1,930
신촌기차역입구 교차로,2,991
신촌기차역입구 교차로,3,1787
신촌기차역입구 교차로,4,2040
신촌기차역입구 교차로,5,2106
신촌기차역입구 교차로,6,1953
신촌기차역입구 교차로,7,1937
신촌기차역입구 교차로,8,1817
신촌기차역입구 교차로,9,2089
신촌기차역입구 교차로,10,1902
신촌기차역입구 교차로,11,1864
신촌기차역입구 교차로,12,1103
신촌동 제1공영주차장 앞,1,1165
신촌동 제1공영주차장 앞,2,1311
신촌동 제1공영주차장 앞,3,2255
신촌동 제1공영주차장 앞,4,2689
신촌동 제1공영주차장 앞,5,3109
신촌동 제1공영주차장 앞,6,3006
신촌동 제1공영주차장 앞,7,2684
신촌동 제1공영주차장 앞,8,2618
신촌동 제1공영주차장 앞,9,2943
신촌동 제1공영주차장 앞,10,3148
신촌동 제1공영주차장 앞,11,2628
신촌동 제1공영주차장 앞,12,1585
신촌역 4번출구,1,1129
신촌역 4번출구,2,1280
신촌역 4번출구,3,2150
신촌역 4번출구,4,2421
신촌역 4번출구,5,2698
신촌역 4번출구,6,2612
신촌역 4번출구,7,2585
신촌역 4번출구,8,2596
신촌역 4번출구,9,2907
신촌역 4번출구,10,3138
신촌역 4번출구,11,2730
신촌역 4번출구,12,1618
신촌역(2호선) 1번출구 옆,1,2379
신촌역(2호선) 1번출구 옆,2,2468
신촌역(2호선) 1번출구 옆,3,4546
신촌역(2호선) 1번출구 옆,4,5377
신촌역(2호선) 1번출구 옆,5,5616
신촌역(2호선) 1번출구 옆,6,5378
신촌역(2호선) 1번출구 옆,7,4826
신촌역(2호선) 1번출구 옆,8,4544
신촌역(2호선) 1번출구 옆,9,5331
신촌역(2호선) 1번출구 옆,10,5462
신촌역(2호선) 1번출구 옆,11,4486
신촌역(2호선) 1번출구 옆,12,2753
신촌역(2호선) 6번출구 옆,1,1517
신촌역(2호선) 6번출구 옆,2,1732
신촌역(2호선) 6번출구 옆,3,2880
신촌역(2호선) 6번출구 옆,4,3675
신촌역(2호선) 6번출구 옆,5,3831
신촌역(2호선) 6번출구 옆,6,3680
신촌역(2호선) 6번출구 옆,7,3439
신촌역(2호선) 6번출구 옆,8,3255
신촌역(2호선) 6번출구 옆,9,3527
신촌역(2호선) 6번출구 옆,10,3268
신촌역(2호선) 6번출구 옆,11,2658
신촌역(2호선) 6번출구 옆,12,1662
신촌역(2호선) 7번출구 앞,1,3160
신촌역(2호선) 7번출구 앞,2,3604
신촌역(2호선) 7번출구 앞,3,6809
신촌역(2호선) 7번출구 앞,4,8632
신촌역(2호선) 7번출구 앞,5,9446
신촌역(2호선) 7번출구 앞,6,8707
신촌역(2호선) 7번출구 앞,7,7239
신촌역(2호선) 7번출구 앞,8,7010
신촌역(2호선) 7번출구 앞,9,9130
신촌역(2호선) 7번출구 앞,10,9579
신촌역(2호선) 7번출구 앞,11,7113
신촌역(2호선) 7번출구 앞,12,4189
신트리공원 입구,1,4660
신트리공원 입구,2,5035
신트리공원 입구,3,8334
신트리공원 입구,4,10669
신트리공원 입구,5,12137
신트리공원 입구,6,12484
신트리공원 입구,7,11209
신트리공원 입구,8,10806
신트리공원 입구,9,12286
신트리공원 입구,10,12449
신트리공원 입구,11,10573
신트리공원 입구,12,6246
신풍역 2번출구,4,488
신풍역 2번출구,5,1032
신풍역 2번출구,6,1342
신풍역 2번출구,7,1433
신풍역 2번출구,8,1524
신풍역 2번출구,9,1749
신풍역 2번출구,10,1668
신풍역 2번출구,11,1562
신풍역 2번출구,12,1086
신풍역 5번출구 인근,1,554
신풍역 5번출구 인근,2,638
신풍역 5번출구 인근,3,1022
신풍역 5번출구 인근,4,1233
신풍역 5번출구 인근,5,1176
신풍역 5번출구 인근,6,1236
신풍역 5번출구 인근,7,1155
신풍역 5번출구 인근,8,915
신풍역 5번출구 인근,9,1099
신풍역 5번출구 인근,10,1244
신풍역 5번출구 인근,11,1002
신풍역 5번출구 인근,12,700
신풍역 6번출구,1,2872
신풍역 6번출구,2,3188
신풍역 6번출구,3,4778
신풍역 6번출구,4,5506
신풍역 6번출구,5,6336
신풍역 6번출구,6,6641
신풍역 6번출구,7,5909
신풍역 6번출구,8,5851
신풍역 6번출구,9,6426
신풍역 6번출구,10,7284
신풍역 6번출구,11,6215
신풍역 6번출구,12,3857
신한금융투자 앞,1,2789
신한금융투자 앞,2,3535
신한금융투자 앞,3,6274
신한금융투자 앞,4,7442
신한금융투자 앞,5,8246
신한금융투자 앞,6,5710
신한금융투자 앞,7,6026
신한금융투자 앞,8,5381
신한금융투자 앞,9,7481
신한금융투자 앞,10,8360
신한금융투자 앞,11,5947
신한금융투자 앞,12,2850
신한은행 대림동지점,1,1298
신한은행 대림동지점,2,1250
신한은행 대림동지점,3,2057
신한은행 대림동지점,4,2817
신한은행 대림동지점,5,3127
신한은행 대림동지점,6,3310
신한은행 대림동지점,7,3069
신한은행 대림동지점,8,3085
신한은행 대림동지점,9,3379
신한은행 대림동지점,10,3506
신한은행 대림동지점,11,2589
신한은행 대림동지점,12,1646
신한은행 본점,1,398
신한은행 본점,2,468
신한은행 본점,3,612
신한은행 본점,4,818
신한은행 본점,5,888
신한은행 본점,6,991
신한은행 본점,7,812
신한은행 본점,8,790
신한은행 본점,9,1192
신한은행 본점,10,1583
신한은행 본점,11,1604
신한은행 본점,12,1164
신한은행 시흥대로금융센터지점,1,368
신한은행 시흥대로금융센터지점,2,350
신한은행 시흥대로금융센터지점,3,731
신한은행 시흥대로금융센터지점,4,1010
신한은행 시흥대로금융센터지점,5,1193
신한은행 시흥대로금융센터지점,6,1087
신한은행 시흥대로금융센터지점,7,931
신한은행 시흥대로금융센터지점,8,860
신한은행 시흥대로금융센터지점,9,1115
신한은행 시흥대로금융센터지점,10,1221
신한은행 시흥대로금융센터지점,11,934
신한은행 시흥대로금융센터지점,12,533
신한은행 안국역지점 옆,1,357
신한은행 안국역지점 옆,2,157
신흥교(애견훈련소),1,12
신흥교(애견훈련소),2,13
신흥교(애견훈련소),3,23
신흥교(애견훈련소),4,18
신흥교(애견훈련소),5,11
신흥교(애견훈련소),6,30
신흥교(애견훈련소),7,20
신흥교(애견훈련소),8,24
신흥교(애견훈련소),9,32
신흥교(애견훈련소),10,30
신흥교(애견훈련소),11,34
신흥교(애견훈련소),12,8
심산기념문화센터,1,1240
심산기념문화센터,2,1288
심산기념문화센터,3,2159
심산기념문화센터,4,2867
심산기념문화센터,5,3074
심산기념문화센터,6,3125
심산기념문화센터,7,2810
심산기념문화센터,8,2538
심산기념문화센터,9,2852
심산기념문화센터,10,3087
심산기념문화센터,11,2578
심산기념문화센터,12,1519
쌍문동 이안아파트 앞,1,898
쌍문동 이안아파트 앞,2,1087
쌍문동 이안아파트 앞,3,1941
쌍문동 이안아파트 앞,4,2692
쌍문동 이안아파트 앞,5,2708
쌍문동 이안아파트 앞,6,2682
쌍문동 이안아파트 앞,7,2117
쌍문동 이안아파트 앞,8,1771
쌍문동 이안아파트 앞,9,1800
쌍문동 이안아파트 앞,10,1803
쌍문동 이안아파트 앞,11,1737
쌍문동 이안아파트 앞,12,1117
쌍문역 1번출구 주변,1,1431
쌍문역 1번출구 주변,2,1756
쌍문역 1번출구 주변,3,2957
쌍문역 1번출구 주변,4,4215
쌍문역 1번출구 주변,5,4480
쌍문역 1번출구 주변,6,4628
쌍문역 1번출구 주변,7,3966
쌍문역 1번출구 주변,8,3805
쌍문역 1번출구 주변,9,4465
쌍문역 1번출구 주변,10,4577
쌍문역 1번출구 주변,11,3648
쌍문역 1번출구 주변,12,2131
쌍문역4번출구 주변,1,1871
쌍문역4번출구 주변,2,2207
쌍문역4번출구 주변,3,3510
쌍문역4번출구 주변,4,4540
쌍문역4번출구 주변,5,4952
쌍문역4번출구 주변,6,4848
쌍문역4번출구 주변,7,4130
쌍문역4번출구 주변,8,3610
쌍문역4번출구 주변,9,4291
쌍문역4번출구 주변,10,4372
쌍문역4번출구 주변,11,3697
쌍문역4번출구 주변,12,2509
쌍문현대1차아파트 108동 앞,1,1121
쌍문현대1차아파트 108동 앞,2,1225
쌍문현대1차아파트 108동 앞,3,2291
쌍문현대1차아파트 108동 앞,4,3172
쌍문현대1차아파트 108동 앞,5,3420
쌍문현대1차아파트 108동 앞,6,3650
쌍문현대1차아파트 108동 앞,7,3128
쌍문현대1차아파트 108동 앞,8,2944
쌍문현대1차아파트 108동 앞,9,3301
쌍문현대1차아파트 108동 앞,10,3187
쌍문현대1차아파트 108동 앞,11,2632
쌍문현대1차아파트 108동 앞,12,1580
쌍용아파트,1,534
쌍용아파트,2,608
쌍용아파트,3,1124
쌍용아파트,4,1791
쌍용아파트,5,2238
쌍용아파트,6,2169
쌍용아파트,7,2478
쌍용아파트,8,1858
쌍용아파트,9,1486
쌍용아파트,10,1632
쌍용아파트,11,1225
쌍용아파트,12,739
쌍용아파트2단지 상가앞,1,16
쌍용아파트2단지 상가앞,2,34
쌍용아파트2단지 상가앞,3,10
쌍용아파트2단지 상가앞,4,12
쌍용아파트2단지 상가앞,5,9
쌍용아파트2단지 상가앞,6,39
쌍용아파트2단지 상가앞,7,136
쌍용아파트2단지 상가앞,8,127
쌍용아파트2단지 상가앞,9,47
쌍용아파트2단지 상가앞,10,23
쌍용아파트2단지 정문,1,528
쌍용아파트2단지 정문,2,600
쌍용아파트2단지 정문,3,884
쌍용아파트2단지 정문,4,1016
쌍용아파트2단지 정문,5,1110
쌍용아파트2단지 정문,6,1097
쌍용아파트2단지 정문,7,1240
쌍용아파트2단지 정문,8,1175
쌍용아파트2단지 정문,9,966
쌍용아파트2단지 정문,10,908
쌍용아파트2단지 정문,11,1130
쌍용아파트2단지 정문,12,642
쌍용예가(구청별관),1,1955
쌍용예가(구청별관),2,2159
쌍용예가(구청별관),3,3236
쌍용예가(구청별관),4,4230
쌍용예가(구청별관),5,4649
쌍용예가(구청별관),6,4972
쌍용예가(구청별관),7,4874
쌍용예가(구청별관),8,4732
쌍용예가(구청별관),9,5350
쌍용예가(구청별관),10,5755
쌍용예가(구청별관),11,4813
쌍용예가(구청별관),12,2965
쌍용플레티넘오피스텔,1,3579
쌍용플레티넘오피스텔,2,3976
쌍용플레티넘오피스텔,3,6923
쌍용플레티넘오피스텔,4,9504
쌍용플레티넘오피스텔,5,10629
쌍용플레티넘오피스텔,6,11588
쌍용플레티넘오피스텔,7,10359
쌍용플레티넘오피스텔,8,10197
쌍용플레티넘오피스텔,9,11898
쌍용플레티넘오피스텔,10,11761
쌍용플레티넘오피스텔,11,8764
쌍용플레티넘오피스텔,12,4945
아리랑시네센터 앞,1,1249
아리랑시네센터 앞,2,1227
아리랑시네센터 앞,3,2013
아리랑시네센터 앞,4,2349
아리랑시네센터 앞,5,2039
아리랑시네센터 앞,6,2044
아리랑시네센터 앞,7,1952
아리랑시네센터 앞,8,1858
아리랑시네센터 앞,9,2001
아리랑시네센터 앞,10,1807
아리랑시네센터 앞,11,1923
아리랑시네센터 앞,12,1252
아만티호텔 앞,1,838
아만티호텔 앞,2,984
아만티호텔 앞,3,1447
아만티호텔 앞,4,2731
아만티호텔 앞,5,2979
아만티호텔 앞,6,2937
아만티호텔 앞,7,2849
아만티호텔 앞,8,2874
아만티호텔 앞,9,3130
아만티호텔 앞,10,2778
아만티호텔 앞,11,2572
아만티호텔 앞,12,1470
아망떼마곡전시장,1,2933
아망떼마곡전시장,2,2878
아망떼마곡전시장,3,4133
아망떼마곡전시장,4,4662
아망떼마곡전시장,5,6016
아망떼마곡전시장,6,6460
아망떼마곡전시장,7,6142
아망떼마곡전시장,8,6572
아망떼마곡전시장,9,6467
아망떼마곡전시장,10,7408
아망떼마곡전시장,11,6617
아망떼마곡전시장,12,4511
아메리칸센터,1,510
아메리칸센터,2,583
아메리칸센터,3,1018
아메리칸센터,4,1285
아메리칸센터,5,1275
아메리칸센터,6,1102
아메리칸센터,7,1124
아메리칸센터,8,1189
아메리칸센터,9,1458
아메리칸센터,10,1858
아메리칸센터,11,1197
아메리칸센터,12,830
아산병원 기숙사 부근,1,4950
아산병원 기숙사 부근,2,5752
아산병원 기숙사 부근,3,10281
아산병원 기숙사 부근,4,13745
아산병원 기숙사 부근,5,15470
아산병원 기숙사 부근,6,14508
아산병원 기숙사 부근,7,11913
아산병원 기숙사 부근,8,11000
아산병원 기숙사 부근,9,13893
아산병원 기숙사 부근,10,15578
아산병원 기숙사 부근,11,12908
아산병원 기숙사 부근,12,7867
아시아선수촌아파트 교차로,1,1431
아시아선수촌아파트 교차로,2,1567
아시아선수촌아파트 교차로,3,2994
아시아선수촌아파트 교차로,4,4286
아시아선수촌아파트 교차로,5,5448
아시아선수촌아파트 교차로,6,5565
아시아선수촌아파트 교차로,7,4610
아시아선수촌아파트 교차로,8,4624
아시아선수촌아파트 교차로,9,5201
아시아선수촌아파트 교차로,10,4943
아시아선수촌아파트 교차로,11,3767
아시아선수촌아파트 교차로,12,2115
아시아지하보도 14번 출구,1,3099
아시아지하보도 14번 출구,2,3540
아시아지하보도 14번 출구,3,6715
아시아지하보도 14번 출구,4,8985
아시아지하보도 14번 출구,5,10569
아시아지하보도 14번 출구,6,11057
아시아지하보도 14번 출구,7,9321
아시아지하보도 14번 출구,8,9117
아시아지하보도 14번 출구,9,10660
아시아지하보도 14번 출구,10,11196
아시아지하보도 14번 출구,11,8399
아시아지하보도 14번 출구,12,4821
아시아지하보도 2번 출구,1,1946
아시아지하보도 2번 출구,2,2410
아시아지하보도 2번 출구,3,4740
아시아지하보도 2번 출구,4,6806
아시아지하보도 2번 출구,5,7354
아시아지하보도 2번 출구,6,7049
아시아지하보도 2번 출구,7,5874
아시아지하보도 2번 출구,8,5292
아시아지하보도 2번 출구,9,6869
아시아지하보도 2번 출구,10,6761
아시아지하보도 2번 출구,11,4857
아시아지하보도 2번 출구,12,2443
아주중학교건너편,1,1116
아주중학교건너편,2,1382
아주중학교건너편,3,2292
아주중학교건너편,4,2162
아주중학교건너편,5,2242
아주중학교건너편,6,2310
아주중학교건너편,7,2242
아주중학교건너편,8,1863
아주중학교건너편,9,2661
아주중학교건너편,10,2582
아주중학교건너편,11,1987
아주중학교건너편,12,1133
아차산 휴먼시아 아파트 옆,1,1223
아차산 휴먼시아 아파트 옆,2,1184
아차산 휴먼시아 아파트 옆,3,2084
아차산 휴먼시아 아파트 옆,4,2377
아차산 휴먼시아 아파트 옆,5,2521
아차산 휴먼시아 아파트 옆,6,2390
아차산 휴먼시아 아파트 옆,7,2095
아차산 휴먼시아 아파트 옆,8,2100
아차산 휴먼시아 아파트 옆,9,2464
아차산 휴먼시아 아파트 옆,10,2602
아차산 휴먼시아 아파트 옆,11,2211
아차산 휴먼시아 아파트 옆,12,1272
아차산역 2번출구,1,317
아차산역 2번출구,2,309
아차산역 2번출구,3,642
아차산역 2번출구,4,879
아차산역 2번출구,5,925
아차산역 2번출구,6,1021
아차산역 2번출구,7,726
아차산역 2번출구,8,767
아차산역 2번출구,9,827
아차산역 2번출구,10,1386
아차산역 2번출구,11,1234
아차산역 2번출구,12,799
아차산역 3번출구,1,3848
아차산역 3번출구,2,5138
아차산역 3번출구,3,9110
아차산역 3번출구,4,11858
아차산역 3번출구,5,12423
아차산역 3번출구,6,12344
아차산역 3번출구,7,9851
아차산역 3번출구,8,9090
아차산역 3번출구,9,11217
아차산역 3번출구,10,11262
아차산역 3번출구,11,8573
아차산역 3번출구,12,4784
아차산역4번출구,1,3744
아차산역4번출구,2,3537
아차산역4번출구,3,6324
아차산역4번출구,4,8279
아차산역4번출구,5,10019
아차산역4번출구,6,10187
아차산역4번출구,7,9167
아차산역4번출구,8,8715
아차산역4번출구,9,10363
아차산역4번출구,10,10542
아차산역4번출구,11,8805
아차산역4번출구,12,4927
아크로리버뷰 부지 앞,1,1988
아크로리버뷰 부지 앞,2,2639
아크로리버뷰 부지 앞,3,5213
아크로리버뷰 부지 앞,4,6147
아크로리버뷰 부지 앞,5,7184
아크로리버뷰 부지 앞,6,9032
아크로리버뷰 부지 앞,7,7764
아크로리버뷰 부지 앞,8,7764
아크로리버뷰 부지 앞,9,11840
아크로리버뷰 부지 앞,10,11204
아크로리버뷰 부지 앞,11,5773
아크로리버뷰 부지 앞,12,2733
아크로타워 스퀘어(영등포시장),1,5290
아크로타워 스퀘어(영등포시장),2,5786
아크로타워 스퀘어(영등포시장),3,9042
아크로타워 스퀘어(영등포시장),4,11745
아크로타워 스퀘어(영등포시장),5,13357
아크로타워 스퀘어(영등포시장),6,14320
아크로타워 스퀘어(영등포시장),7,12928
아크로타워 스퀘어(영등포시장),8,12357
아크로타워 스퀘어(영등포시장),9,13727
아크로타워 스퀘어(영등포시장),10,14517
아크로타워 스퀘어(영등포시장),11,11545
아크로타워 스퀘어(영등포시장),12,7007
아현교회,1,229
아현교회,2,343
아현교회,3,681
아현교회,4,628
아현교회,5,547
아현교회,6,544
아현교회,7,644
아현교회,8,614
아현교회,9,633
아현교회,10,507
아현교회,11,561
아현교회,12,452
아현래미안푸르지오아파트 104동 앞,1,178
아현래미안푸르지오아파트 104동 앞,2,261
아현래미안푸르지오아파트 104동 앞,3,365
아현래미안푸르지오아파트 104동 앞,4,380
아현래미안푸르지오아파트 104동 앞,5,305
아현래미안푸르지오아파트 104동 앞,6,298
아현래미안푸르지오아파트 104동 앞,7,393
아현래미안푸르지오아파트 104동 앞,8,419
아현래미안푸르지오아파트 104동 앞,9,383
아현래미안푸르지오아파트 104동 앞,10,398
아현래미안푸르지오아파트 104동 앞,11,486
아현래미안푸르지오아파트 104동 앞,12,367
아현문화건강센터,1,200
아현문화건강센터,2,311
아현문화건강센터,3,562
아현문화건강센터,4,508
아현문화건강센터,5,241
아현문화건강센터,6,426
아현문화건강센터,7,534
아현문화건강센터,8,566
아현문화건강센터,9,544
아현문화건강센터,10,393
아현문화건강센터,11,442
아현문화건강센터,12,294
아현역 4번출구 앞,1,1245
아현역 4번출구 앞,2,1397
아현역 4번출구 앞,3,2269
아현역 4번출구 앞,4,2805
아현역 4번출구 앞,5,3045
아현역 4번출구 앞,6,3004
아현역 4번출구 앞,7,2631
아현역 4번출구 앞,8,2585
아현역 4번출구 앞,9,3004
아현역 4번출구 앞,10,2940
아현역 4번출구 앞,11,2378
아현역 4번출구 앞,12,1466
안골마을입구,1,48
안골마을입구,2,40
안골마을입구,3,95
안골마을입구,4,156
안골마을입구,5,155
안골마을입구,6,155
안골마을입구,7,132
안골마을입구,8,155
안골마을입구,9,158
안골마을입구,10,143
안골마을입구,11,134
안골마을입구,12,48
안국동사거리(신),1,2334
안국동사거리(신),2,2919
안국동사거리(신),3,4378
안국동사거리(신),4,6612
안국동사거리(신),5,6785
안국동사거리(신),6,6292
안국동사거리(신),7,6093
안국동사거리(신),8,5802
안국동사거리(신),9,7051
안국동사거리(신),10,7534
안국동사거리(신),11,6114
안국동사거리(신),12,3343
안국역 5번출구 앞,1,2896
안국역 5번출구 앞,2,2987
안국역 5번출구 앞,3,4529
안국역 5번출구 앞,4,6307
안국역 5번출구 앞,5,6759
안국역 5번출구 앞,6,6696
안국역 5번출구 앞,7,6460
안국역 5번출구 앞,8,6051
안국역 5번출구 앞,9,6906
안국역 5번출구 앞,10,7227
안국역 5번출구 앞,11,6304
안국역 5번출구 앞,12,3687
안산초등학교 앞,1,98
안산초등학교 앞,2,123
안산초등학교 앞,3,267
안산초등학교 앞,4,316
안산초등학교 앞,5,288
안산초등학교 앞,6,289
안산초등학교 앞,7,228
안산초등학교 앞,8,185
안산초등학교 앞,9,184
안산초등학교 앞,10,189
안산초등학교 앞,11,167
안산초등학교 앞,12,71
안암2교 옆,1,3193
안암2교 옆,2,3644
안암2교 옆,3,6467
안암2교 옆,4,8420
안암2교 옆,5,7984
안암2교 옆,6,8217
안암2교 옆,7,7713
안암2교 옆,8,7221
안암2교 옆,9,8939
안암2교 옆,10,8943
안암2교 옆,11,7236
안암2교 옆,12,4587
안암골벽산아파트(후문),1,1529
안암골벽산아파트(후문),2,1685
안암골벽산아파트(후문),3,2848
안암골벽산아파트(후문),4,3369
안암골벽산아파트(후문),5,3633
안암골벽산아파트(후문),6,4577
안암골벽산아파트(후문),7,4047
안암골벽산아파트(후문),8,3958
안암골벽산아파트(후문),9,4588
안암골벽산아파트(후문),10,4445
안암골벽산아파트(후문),11,3798
안암골벽산아파트(후문),12,2326
안암로터리 버스정류장 앞,1,7367
안암로터리 버스정류장 앞,2,7985
안암로터리 버스정류장 앞,3,15698
안암로터리 버스정류장 앞,4,18404
안암로터리 버스정류장 앞,5,19841
안암로터리 버스정류장 앞,6,18648
안암로터리 버스정류장 앞,7,16043
안암로터리 버스정류장 앞,8,15410
안암로터리 버스정류장 앞,9,18857
안암로터리 버스정류장 앞,10,19956
안암로터리 버스정류장 앞,11,16442
안암로터리 버스정류장 앞,12,9961
안암역 3번 출구,1,916
안암역 3번 출구,2,887
안암역 3번 출구,3,2136
안암역 3번 출구,4,2385
안암역 3번 출구,5,3073
안암역 3번 출구,6,2772
안암역 3번 출구,7,2222
안암역 3번 출구,8,2331
안암역 3번 출구,9,2847
안암역 3번 출구,10,2974
안암역 3번 출구,11,2605
안암역 3번 출구,12,1470
안양천합수부(현대3차아파트),1,1413
안양천합수부(현대3차아파트),2,2070
안양천합수부(현대3차아파트),3,4674
안양천합수부(현대3차아파트),4,6855
안양천합수부(현대3차아파트),5,7885
안양천합수부(현대3차아파트),6,7800
안양천합수부(현대3차아파트),7,5590
안양천합수부(현대3차아파트),8,5682
안양천합수부(현대3차아파트),9,7199
안양천합수부(현대3차아파트),10,6249
안양천합수부(현대3차아파트),11,3564
안양천합수부(현대3차아파트),12,1764
안천중학교,1,278
안천중학교,2,300
안천중학교,3,532
안천중학교,4,697
안천중학교,5,946
안천중학교,6,962
안천중학교,7,803
안천중학교,8,741
안천중학교,9,928
안천중학교,10,894
안천중학교,11,819
안천중학교,12,453
암사동 선사유적지,1,158
암사동 선사유적지,2,260
암사동 선사유적지,3,566
암사동 선사유적지,4,820
암사동 선사유적지,5,991
암사동 선사유적지,6,881
암사동 선사유적지,7,840
암사동 선사유적지,8,760
암사동 선사유적지,9,1117
암사동 선사유적지,10,951
암사동 선사유적지,11,588
암사동 선사유적지,12,266
암사역 3번출구(국민은행앞),1,4558
암사역 3번출구(국민은행앞),2,5351
암사역 3번출구(국민은행앞),3,9555
암사역 3번출구(국민은행앞),4,12875
암사역 3번출구(국민은행앞),5,14780
암사역 3번출구(국민은행앞),6,14773
암사역 3번출구(국민은행앞),7,13125
암사역 3번출구(국민은행앞),8,10832
암사역 3번출구(국민은행앞),9,14276
암사역 3번출구(국민은행앞),10,15284
암사역 3번출구(국민은행앞),11,11333
암사역 3번출구(국민은행앞),12,6514
암사역사공원역 1번출구,1,167
암사역사공원역 1번출구,2,171
암사역사공원역 1번출구,3,425
암사역사공원역 1번출구,4,675
암사역사공원역 1번출구,5,724
암사역사공원역 1번출구,6,316
암사역사공원역 1번출구,7,246
암사역사공원역 1번출구,8,261
암사역사공원역 1번출구,9,318
암사역사공원역 1번출구,10,361
암사역사공원역 1번출구,11,265
암사역사공원역 1번출구,12,337
암사역사공원역 1번출구 A,5,219
암사역사공원역 1번출구 A,6,1194
암사역사공원역 1번출구 A,7,1132
암사역사공원역 1번출구 A,8,1083
암사역사공원역 1번출구 A,9,1352
암사역사공원역 1번출구 A,10,965
암사역사공원역 1번출구 A,11,1009
암사역사공원역 1번출구 A,12,575
암사역사공원역 3번출구,1,72
암사역사공원역 3번출구,2,60
암사역사공원역 3번출구,3,143
암사역사공원역 3번출구,4,315
암사역사공원역 3번출구,5,381
암사역사공원역 3번출구,6,253
암사역사공원역 3번출구,7,158
암사역사공원역 3번출구,8,139
암사역사공원역 3번출구,9,206
암사역사공원역 3번출구,10,476
암사역사공원역 3번출구,11,438
암사역사공원역 3번출구,12,180
암사정수센터교차로(강동롯데캐슬퍼스트아파트),1,405
암사정수센터교차로(강동롯데캐슬퍼스트아파트),2,441
암사정수센터교차로(강동롯데캐슬퍼스트아파트),3,872
암사정수센터교차로(강동롯데캐슬퍼스트아파트),4,1254
암사정수센터교차로(강동롯데캐슬퍼스트아파트),5,1398
암사정수센터교차로(강동롯데캐슬퍼스트아파트),6,1489
암사정수센터교차로(강동롯데캐슬퍼스트아파트),7,1310
암사정수센터교차로(강동롯데캐슬퍼스트아파트),8,1361
암사정수센터교차로(강동롯데캐슬퍼스트아파트),9,1503
암사정수센터교차로(강동롯데캐슬퍼스트아파트),10,1528
암사정수센터교차로(강동롯데캐슬퍼스트아파트),11,1136
암사정수센터교차로(강동롯데캐슬퍼스트아파트),12,600
압구정 한양 3차 아파트,1,818
압구정 한양 3차 아파트,2,1055
압구정 한양 3차 아파트,3,2151
압구정 한양 3차 아파트,4,2673
압구정 한양 3차 아파트,5,2630
압구정 한양 3차 아파트,6,2376
압구정 한양 3차 아파트,7,2188
압구정 한양 3차 아파트,8,1793
압구정 한양 3차 아파트,9,2726
압구정 한양 3차 아파트,10,2537
압구정 한양 3차 아파트,11,2043
압구정 한양 3차 아파트,12,1018
압구정나들목,1,1123
압구정나들목,2,1680
압구정나들목,3,4195
압구정나들목,4,7621
압구정나들목,5,8464
압구정나들목,6,7562
압구정나들목,7,5308
압구정나들목,8,5940
압구정나들목,9,7965
압구정나들목,10,7676
압구정나들목,11,3960
압구정나들목,12,1482
압구정로 11길,8,116
압구정로 11길,9,399
압구정로 11길,10,369
압구정로 11길,11,207
압구정로 11길,12,92
압구정로데오역 6번출구,1,1089
압구정로데오역 6번출구,2,1524
압구정로데오역 6번출구,3,2897
압구정로데오역 6번출구,4,3713
압구정로데오역 6번출구,5,4100
압구정로데오역 6번출구,6,4039
압구정로데오역 6번출구,7,3227
압구정로데오역 6번출구,8,3079
압구정로데오역 6번출구,9,4060
압구정로데오역 6번출구,10,4386
압구정로데오역 6번출구,11,2690
압구정로데오역 6번출구,12,1342
압구정역 2번 출구 옆,1,2852
압구정역 2번 출구 옆,2,3312
압구정역 2번 출구 옆,3,5519
압구정역 2번 출구 옆,4,7150
압구정역 2번 출구 옆,5,7665
압구정역 2번 출구 옆,6,7011
압구정역 2번 출구 옆,7,6014
압구정역 2번 출구 옆,8,5721
압구정역 2번 출구 옆,9,7606
압구정역 2번 출구 옆,10,7549
압구정역 2번 출구 옆,11,6304
압구정역 2번 출구 옆,12,3575
압구정역 교차로,1,310
압구정역 교차로,2,471
압구정역 교차로,3,802
압구정역 교차로,4,972
압구정역 교차로,5,904
압구정역 교차로,6,944
압구정역 교차로,7,857
압구정역 교차로,8,549
압구정역 교차로,9,509
압구정역 교차로,10,576
압구정역 교차로,11,335
압구정역 교차로,12,214
압구정파출소 앞,1,1652
압구정파출소 앞,2,1921
압구정파출소 앞,3,3488
압구정파출소 앞,4,4614
압구정파출소 앞,5,4459
압구정파출소 앞,6,4339
압구정파출소 앞,7,3774
압구정파출소 앞,8,3451
압구정파출소 앞,9,4565
압구정파출소 앞,10,4559
압구정파출소 앞,11,3398
압구정파출소 앞,12,2233
앙카라공원 앞,1,3222
앙카라공원 앞,2,3462
앙카라공원 앞,3,5631
앙카라공원 앞,4,8024
앙카라공원 앞,5,7749
앙카라공원 앞,6,8017
앙카라공원 앞,7,7180
앙카라공원 앞,8,6723
앙카라공원 앞,9,8638
앙카라공원 앞,10,9064
앙카라공원 앞,11,7235
앙카라공원 앞,12,4139
애오개역 4번출구 앞,1,2882
애오개역 4번출구 앞,2,2877
애오개역 4번출구 앞,3,5179
애오개역 4번출구 앞,4,6636
애오개역 4번출구 앞,5,7553
애오개역 4번출구 앞,6,7813
애오개역 4번출구 앞,7,7120
애오개역 4번출구 앞,8,6657
애오개역 4번출구 앞,9,7528
애오개역 4번출구 앞,10,7730
애오개역 4번출구 앞,11,6172
애오개역 4번출구 앞,12,3599
앰배서더 호텔 주변,1,993
앰배서더 호텔 주변,2,1031
앰배서더 호텔 주변,3,1575
앰배서더 호텔 주변,4,1965
앰배서더 호텔 주변,5,2031
앰배서더 호텔 주변,6,1948
앰배서더 호텔 주변,7,1902
앰배서더 호텔 주변,8,2047
앰배서더 호텔 주변,9,2192
앰배서더 호텔 주변,10,1999
앰배서더 호텔 주변,11,2172
앰배서더 호텔 주변,12,1361
약수동 주민센터,1,175
약수동 주민센터,2,207
약수동 주민센터,3,269
약수동 주민센터,4,349
약수동 주민센터,5,423
약수동 주민센터,6,440
약수동 주민센터,7,412
약수동 주민센터,8,440
약수동 주민센터,9,508
약수동 주민센터,10,533
약수동 주민센터,11,433
약수동 주민센터,12,218
약수역 10번출구 앞,1,686
약수역 10번출구 앞,2,766
약수역 10번출구 앞,3,1565
약수역 10번출구 앞,4,1973
약수역 10번출구 앞,5,2128
약수역 10번출구 앞,6,2163
약수역 10번출구 앞,7,1733
약수역 10번출구 앞,8,1630
약수역 10번출구 앞,9,2017
약수역 10번출구 앞,10,2193
약수역 10번출구 앞,11,1711
약수역 10번출구 앞,12,934
약수역 3번출구 뒤,1,1072
약수역 3번출구 뒤,2,1298
약수역 3번출구 뒤,3,2181
약수역 3번출구 뒤,4,2677
약수역 3번출구 뒤,5,2991
약수역 3번출구 뒤,6,3227
약수역 3번출구 뒤,7,2767
약수역 3번출구 뒤,8,2575
약수역 3번출구 뒤,9,3124
약수역 3번출구 뒤,10,3119
약수역 3번출구 뒤,11,2433
약수역 3번출구 뒤,12,1329
약수역 6번 출구,1,612
약수역 6번 출구,2,751
약수역 6번 출구,3,1193
약수역 6번 출구,4,1463
약수역 6번 출구,5,1648
약수역 6번 출구,6,1684
약수역 6번 출구,7,1533
약수역 6번 출구,8,1537
약수역 6번 출구,9,1730
약수역 6번 출구,10,1850
약수역 6번 출구,11,1524
약수역 6번 출구,12,926
양강중학교앞 교차로,1,1002
양강중학교앞 교차로,2,1158
양강중학교앞 교차로,3,1868
양강중학교앞 교차로,4,2097
양강중학교앞 교차로,5,2146
양강중학교앞 교차로,6,2304
양강중학교앞 교차로,7,1900
양강중학교앞 교차로,8,1797
양강중학교앞 교차로,9,2304
양강중학교앞 교차로,10,2449
양강중학교앞 교차로,11,2233
양강중학교앞 교차로,12,1056
양남사거리1,1,1434
양남사거리1,2,1458
양남사거리1,3,2359
양남사거리1,4,3073
양남사거리1,5,3041
양남사거리1,6,3344
양남사거리1,7,3153
양남사거리1,8,3482
양남사거리1,9,3897
양남사거리1,10,3607
양남사거리1,11,3180
양남사거리1,12,2107
양남사거리2,1,1401
양남사거리2,2,1375
양남사거리2,3,2193
양남사거리2,4,2848
양남사거리2,5,3181
양남사거리2,6,3407
양남사거리2,7,3374
양남사거리2,8,3427
양남사거리2,9,3889
양남사거리2,10,3746
양남사거리2,11,3266
양남사거리2,12,2107
양녕로 입구,1,1855
양녕로 입구,2,1953
양녕로 입구,3,3261
양녕로 입구,4,4551
양녕로 입구,5,5013
양녕로 입구,6,5634
양녕로 입구,7,4827
양녕로 입구,8,4864
양녕로 입구,9,5504
양녕로 입구,10,5453
양녕로 입구,11,3970
양녕로 입구,12,2451
양문교회 앞,1,2174
양문교회 앞,2,2356
양문교회 앞,3,3569
양문교회 앞,4,4533
양문교회 앞,5,5006
양문교회 앞,6,5287
양문교회 앞,7,4911
양문교회 앞,8,4464
양문교회 앞,9,5103
양문교회 앞,10,5094
양문교회 앞,11,4269
양문교회 앞,12,2599
양서중학교 옆,1,1265
양서중학교 옆,2,1349
양서중학교 옆,3,2382
양서중학교 옆,4,3023
양서중학교 옆,5,3384
양서중학교 옆,6,3320
양서중학교 옆,7,3173
양서중학교 옆,8,3094
양서중학교 옆,9,3713
양서중학교 옆,10,3979
양서중학교 옆,11,2984
양서중학교 옆,12,1853
양원보도육교,1,289
양원보도육교,2,210
양원보도육교,3,1102
양원보도육교,4,1458
양원보도육교,5,2070
양원보도육교,6,2348
양원보도육교,7,1564
양원보도육교,8,1338
양원보도육교,9,2510
양원보도육교,10,2489
양원보도육교,11,1507
양원보도육교,12,832
양원역 1번 출구,1,599
양원역 1번 출구,2,915
양원역 1번 출구,3,1689
양원역 1번 출구,4,2410
양원역 1번 출구,5,2773
양원역 1번 출구,6,2636
양원역 1번 출구,7,1981
양원역 1번 출구,8,1855
양원역 1번 출구,9,2303
양원역 1번 출구,10,2329
양원역 1번 출구,11,1762
양원역 1번 출구,12,971
양원역 2번출구,1,290
양원역 2번출구,2,308
양원역 2번출구,3,640
양원역 2번출구,4,876
양원역 2번출구,5,1087
양원역 2번출구,6,1046
양원역 2번출구,7,944
양원역 2번출구,8,921
양원역 2번출구,9,1046
양원역 2번출구,10,1019
양원역 2번출구,11,736
양원역 2번출구,12,507
양원지구 힐데스하임 앞,1,526
양원지구 힐데스하임 앞,2,722
양원지구 힐데스하임 앞,3,1564
양원지구 힐데스하임 앞,4,2183
양원지구 힐데스하임 앞,5,2532
양원지구 힐데스하임 앞,6,2260
양원지구 힐데스하임 앞,7,1683
양원지구 힐데스하임 앞,8,1592
양원지구 힐데스하임 앞,9,2166
양원지구 힐데스하임 앞,10,1960
양원지구 힐데스하임 앞,11,1710
양원지구 힐데스하임 앞,12,795
양재근린공원,1,1430
양재근린공원,2,1782
양재근린공원,3,3041
양재근린공원,4,4453
양재근린공원,5,5236
양재근린공원,6,5366
양재근린공원,7,4598
양재근린공원,8,4584
양재근린공원,9,5190
양재근린공원,10,5304
양재근린공원,11,3847
양재근린공원,12,2169
양재대로(구룡지하차도 앞),1,87
양재대로(구룡지하차도 앞),2,132
양재대로(구룡지하차도 앞),3,206
양재대로(구룡지하차도 앞),4,217
양재대로(구룡지하차도 앞),5,318
양재대로(구룡지하차도 앞),6,583
양재대로(구룡지하차도 앞),7,473
양재대로(구룡지하차도 앞),8,557
양재대로(구룡지하차도 앞),9,526
양재대로(구룡지하차도 앞),10,496
양재대로(구룡지하차도 앞),11,438
양재대로(구룡지하차도 앞),12,307
양재동 꽃시장 건너편,1,762
양재동 꽃시장 건너편,2,928
양재동 꽃시장 건너편,3,1539
양재동 꽃시장 건너편,4,2255
양재동 꽃시장 건너편,5,2584
양재동 꽃시장 건너편,6,2463
양재동 꽃시장 건너편,7,2364
양재동 꽃시장 건너편,8,2499
양재동 꽃시장 건너편,9,2793
양재동 꽃시장 건너편,10,2965
양재동 꽃시장 건너편,11,2329
양재동 꽃시장 건너편,12,1391
양재동 꽃시장 입구,1,497
양재동 꽃시장 입구,2,705
양재동 꽃시장 입구,3,1194
양재동 꽃시장 입구,4,1734
양재동 꽃시장 입구,5,1810
양재동 꽃시장 입구,6,1499
양재동 꽃시장 입구,7,1286
양재동 꽃시장 입구,8,1066
양재동 꽃시장 입구,9,1412
양재동 꽃시장 입구,10,1488
양재동 꽃시장 입구,11,1125
양재동 꽃시장 입구,12,534
양재시민의숲역 1번출구,1,3562
양재시민의숲역 1번출구,2,3810
양재시민의숲역 1번출구,3,6591
양재시민의숲역 1번출구,4,9598
양재시민의숲역 1번출구,5,9380
양재시민의숲역 1번출구,6,9223
양재시민의숲역 1번출구,7,8029
양재시민의숲역 1번출구,8,7522
양재시민의숲역 1번출구,9,9894
양재시민의숲역 1번출구,10,9946
양재시민의숲역 1번출구,11,8107
양재시민의숲역 1번출구,12,4646
양재시민의숲역 3번출구,1,2306
양재시민의숲역 3번출구,2,2657
양재시민의숲역 3번출구,3,3785
양재시민의숲역 3번출구,4,4761
양재시민의숲역 3번출구,5,5427
양재시민의숲역 3번출구,6,5889
양재시민의숲역 3번출구,7,5523
양재시민의숲역 3번출구,8,5484
양재시민의숲역 3번출구,9,5931
양재시민의숲역 3번출구,10,5940
양재시민의숲역 3번출구,11,5206
양재시민의숲역 3번출구,12,3245
양재역 10번 출구 앞,1,1529
양재역 10번 출구 앞,2,1756
양재역 10번 출구 앞,3,2837
양재역 10번 출구 앞,4,3954
양재역 10번 출구 앞,5,3985
양재역 10번 출구 앞,6,3845
양재역 10번 출구 앞,7,3158
양재역 10번 출구 앞,8,2851
양재역 10번 출구 앞,9,3588
양재역 10번 출구 앞,10,3836
양재역 10번 출구 앞,11,3262
양재역 10번 출구 앞,12,1967
양재역 3번출구 주변,1,1947
양재역 3번출구 주변,2,2141
양재역 3번출구 주변,3,2946
양재역 3번출구 주변,4,4220
양재역 3번출구 주변,5,4579
양재역 3번출구 주변,6,4487
양재역 3번출구 주변,7,4526
양재역 3번출구 주변,8,4430
양재역 3번출구 주변,9,4720
양재역 3번출구 주변,10,4382
양재역 3번출구 주변,11,4201
양재역 3번출구 주변,12,2388
양재역 8번출구 앞,1,1388
양재역 8번출구 앞,2,1594
양재역 8번출구 앞,3,2570
양재역 8번출구 앞,4,4002
양재역 8번출구 앞,5,3841
양재역 8번출구 앞,6,3797
양재역 8번출구 앞,7,3548
양재역 8번출구 앞,8,3556
양재역 8번출구 앞,9,4231
양재역 8번출구 앞,10,4173
양재역 8번출구 앞,11,3890
양재역 8번출구 앞,12,2098
양재이스타빌 앞,1,1723
양재이스타빌 앞,2,2041
양재이스타빌 앞,3,3311
양재이스타빌 앞,4,4359
양재이스타빌 앞,5,5307
양재이스타빌 앞,6,5305
양재이스타빌 앞,7,3995
양재이스타빌 앞,8,3849
양재이스타빌 앞,9,4851
양재이스타빌 앞,10,4774
양재이스타빌 앞,11,3206
양재이스타빌 앞,12,1901
양재전화국 사거리,1,816
양재전화국 사거리,2,930
양재전화국 사거리,3,1373
양재전화국 사거리,4,2216
양재전화국 사거리,5,2100
양재전화국 사거리,6,1911
양재전화국 사거리,7,1957
양재전화국 사거리,8,2139
양재전화국 사거리,9,2223
양재전화국 사거리,10,2207
양재전화국 사거리,11,1829
양재전화국 사거리,12,1180
양재초등학교 맞은편,1,1181
양재초등학교 맞은편,2,1489
양재초등학교 맞은편,3,2411
양재초등학교 맞은편,4,3050
양재초등학교 맞은편,5,3596
양재초등학교 맞은편,6,3475
양재초등학교 맞은편,7,2902
양재초등학교 맞은편,8,2731
양재초등학교 맞은편,9,3610
양재초등학교 맞은편,10,3677
양재초등학교 맞은편,11,2379
양재초등학교 맞은편,12,1429
양지근린공원앞,1,2021
양지근린공원앞,2,2273
양지근린공원앞,3,3933
양지근린공원앞,4,5560
양지근린공원앞,5,6039
양지근린공원앞,6,6041
양지근린공원앞,7,5344
양지근린공원앞,8,4577
양지근린공원앞,9,4842
양지근린공원앞,10,4973
양지근린공원앞,11,4636
양지근린공원앞,12,2797
양지사거리,1,1890
양지사거리,2,2079
양지사거리,3,3607
양지사거리,4,4773
양지사거리,5,5056
양지사거리,6,4930
양지사거리,7,4474
양지사거리,8,4014
양지사거리,9,4717
양지사거리,10,4640
양지사거리,11,3917
양지사거리,12,2454
양지사거리(센트라스APT 115동앞),1,384
양지사거리(센트라스APT 115동앞),2,445
양지사거리(센트라스APT 115동앞),3,794
양지사거리(센트라스APT 115동앞),4,951
양지사거리(센트라스APT 115동앞),5,902
양지사거리(센트라스APT 115동앞),6,1172
양지사거리(센트라스APT 115동앞),7,1127
양지사거리(센트라스APT 115동앞),8,1126
양지사거리(센트라스APT 115동앞),9,1241
양지사거리(센트라스APT 115동앞),10,1190
양지사거리(센트라스APT 115동앞),11,1034
양지사거리(센트라스APT 115동앞),12,609
양천 해누리타운,1,5097
양천 해누리타운,2,5520
양천 해누리타운,3,8045
양천 해누리타운,4,9791
양천 해누리타운,5,10542
양천 해누리타운,6,12068
양천 해누리타운,7,12011
양천 해누리타운,8,11830
양천 해누리타운,9,12939
양천 해누리타운,10,14336
양천 해누리타운,11,12052
양천 해누리타운,12,7633
양천공영차고지,1,225
양천공영차고지,2,281
양천공영차고지,3,434
양천공영차고지,4,604
양천공영차고지,5,704
양천공영차고지,6,757
양천공영차고지,7,607
양천공영차고지,8,599
양천공영차고지,9,651
양천공영차고지,10,686
양천공영차고지,11,656
양천공영차고지,12,433
"양천구청, 보건소 사잇길",1,8674
"양천구청, 보건소 사잇길",2,9207
"양천구청, 보건소 사잇길",3,12496
"양천구청, 보건소 사잇길",4,15614
"양천구청, 보건소 사잇길",5,19886
"양천구청, 보건소 사잇길",6,22130
"양천구청, 보건소 사잇길",7,20467
"양천구청, 보건소 사잇길",8,20310
"양천구청, 보건소 사잇길",9,22711
"양천구청, 보건소 사잇길",10,20916
"양천구청, 보건소 사잇길",11,19968
"양천구청, 보건소 사잇길",12,12623
양천구청역 1번출구,1,1825
양천구청역 1번출구,2,1842
양천구청역 1번출구,3,3072
양천구청역 1번출구,4,3985
양천구청역 1번출구,5,4890
양천구청역 1번출구,6,7059
양천구청역 1번출구,7,6433
양천구청역 1번출구,8,5122
양천구청역 1번출구,9,5296
양천구청역 1번출구,10,5287
양천구청역 1번출구,11,4484
양천구청역 1번출구,12,3021
양천구청역 2번출구 옆,1,4368
양천구청역 2번출구 옆,2,4397
양천구청역 2번출구 옆,3,6748
양천구청역 2번출구 옆,4,8790
양천구청역 2번출구 옆,5,9864
양천구청역 2번출구 옆,6,8065
양천구청역 2번출구 옆,7,8437
양천구청역 2번출구 옆,8,9250
양천구청역 2번출구 옆,9,11451
양천구청역 2번출구 옆,10,12173
양천구청역 2번출구 옆,11,10595
양천구청역 2번출구 옆,12,6995
양천문화회관,1,3709
양천문화회관,2,4016
양천문화회관,3,6133
양천문화회관,4,7979
양천문화회관,5,8976
양천문화회관,6,10196
양천문화회관,7,10051
양천문화회관,8,10036
양천문화회관,9,11400
양천문화회관,10,11943
양천문화회관,11,8498
양천문화회관,12,5375
양천아파트 입구,1,5338
양천아파트 입구,2,5426
양천아파트 입구,3,8783
양천아파트 입구,4,11023
양천아파트 입구,5,12896
양천아파트 입구,6,14317
양천아파트 입구,7,12631
양천아파트 입구,8,12420
양천아파트 입구,9,14788
양천아파트 입구,10,15249
양천아파트 입구,11,12885
양천아파트 입구,12,8175
양천해누리체육공원,1,746
양천해누리체육공원,2,966
양천해누리체육공원,3,2621
양천해누리체육공원,4,3660
양천해누리체육공원,5,3988
양천해누리체육공원,6,4093
양천해누리체육공원,7,3472
양천해누리체육공원,8,2916
양천해누리체육공원,9,4218
양천해누리체육공원,10,4144
양천해누리체육공원,11,4469
양천해누리체육공원,12,3131
양천향교역 3번출구,4,6
양천향교역 3번출구,5,342
양천향교역 3번출구,6,430
양천향교역 3번출구,7,460
양천향교역 3번출구,8,388
양천향교역 3번출구,9,545
양천향교역 3번출구,10,457
양천향교역 3번출구,11,443
양천향교역 3번출구,12,278
양천향교역 7번출구앞,1,7707
양천향교역 7번출구앞,2,8317
양천향교역 7번출구앞,3,14320
양천향교역 7번출구앞,4,18732
양천향교역 7번출구앞,5,22306
양천향교역 7번출구앞,6,24928
양천향교역 7번출구앞,7,22467
양천향교역 7번출구앞,8,21270
양천향교역 7번출구앞,9,21487
양천향교역 7번출구앞,10,22248
양천향교역 7번출구앞,11,17178
양천향교역 7번출구앞,12,10908
양천향교역8번출구,1,2960
양천향교역8번출구,2,3051
양천향교역8번출구,3,4946
양천향교역8번출구,4,6268
양천향교역8번출구,5,7629
양천향교역8번출구,6,7867
양천향교역8번출구,7,6774
양천향교역8번출구,8,7079
양천향교역8번출구,9,7969
양천향교역8번출구,10,7969
양천향교역8번출구,11,6800
양천향교역8번출구,12,4491
양평1 보행육교 앞,1,3189
양평1 보행육교 앞,2,3699
양평1 보행육교 앞,3,7152
양평1 보행육교 앞,4,11026
양평1 보행육교 앞,5,10984
양평1 보행육교 앞,6,10467
양평1 보행육교 앞,7,8394
양평1 보행육교 앞,8,7739
양평1 보행육교 앞,9,10586
양평1 보행육교 앞,10,11039
양평1 보행육교 앞,11,7771
양평1 보행육교 앞,12,4275
양평1나들목 보행통로 입구,1,2479
양평1나들목 보행통로 입구,2,3240
양평1나들목 보행통로 입구,3,6885
양평1나들목 보행통로 입구,4,10783
양평1나들목 보행통로 입구,5,11819
양평1나들목 보행통로 입구,6,11606
양평1나들목 보행통로 입구,7,9251
양평1나들목 보행통로 입구,8,8929
양평1나들목 보행통로 입구,9,12955
양평1나들목 보행통로 입구,10,11613
양평1나들목 보행통로 입구,11,6098
양평1나들목 보행통로 입구,12,3009
양평1동 YP센터 앞,1,1430
양평1동 YP센터 앞,2,1458
양평1동 YP센터 앞,3,2340
양평1동 YP센터 앞,4,2935
양평1동 YP센터 앞,5,3421
양평1동 YP센터 앞,6,3330
양평1동 YP센터 앞,7,2932
양평1동 YP센터 앞,8,2746
양평1동 YP센터 앞,9,3029
양평1동 YP센터 앞,10,3408
양평1동 YP센터 앞,11,2991
양평1동 YP센터 앞,12,2025
양평교 영등포대여소,1,2166
양평교 영등포대여소,2,2288
양평교 영등포대여소,3,4125
양평교 영등포대여소,4,5886
양평교 영등포대여소,5,6885
양평교 영등포대여소,6,7042
양평교 영등포대여소,7,6152
양평교 영등포대여소,8,6219
양평교 영등포대여소,9,6824
양평교 영등포대여소,10,7161
양평교 영등포대여소,11,5555
양평교 영등포대여소,12,3510
양평동6차현대아파트 앞,1,4349
양평동6차현대아파트 앞,2,4659
양평동6차현대아파트 앞,3,7344
양평동6차현대아파트 앞,4,9369
양평동6차현대아파트 앞,5,10182
양평동6차현대아파트 앞,6,11230
양평동6차현대아파트 앞,7,10640
양평동6차현대아파트 앞,8,10356
양평동6차현대아파트 앞,9,10991
양평동6차현대아파트 앞,10,11371
양평동6차현대아파트 앞,11,10168
양평동6차현대아파트 앞,12,6703
양평동성원아파트,1,2129
양평동성원아파트,2,2297
양평동성원아파트,3,3910
양평동성원아파트,4,4541
양평동성원아파트,5,5477
양평동성원아파트,6,5841
양평동성원아파트,7,5225
양평동성원아파트,8,5089
양평동성원아파트,9,5879
양평동성원아파트,10,6415
양평동성원아파트,11,5297
양평동성원아파트,12,3586
양평역 1번출구,1,5266
양평역 1번출구,2,5288
양평역 1번출구,3,8704
양평역 1번출구,4,10944
양평역 1번출구,5,11984
양평역 1번출구,6,12919
양평역 1번출구,7,12946
양평역 1번출구,8,12783
양평역 1번출구,9,14048
양평역 1번출구,10,14849
양평역 1번출구,11,12254
양평역 1번출구,12,8067
양평역2번출구 뒤,1,1196
양평역2번출구 뒤,2,1446
양평역2번출구 뒤,3,2212
양평역2번출구 뒤,4,2897
양평역2번출구 뒤,5,3247
양평역2번출구 뒤,6,3499
양평역2번출구 뒤,7,3161
양평역2번출구 뒤,8,3153
양평역2번출구 뒤,9,3488
양평역2번출구 뒤,10,3505
양평역2번출구 뒤,11,2945
양평역2번출구 뒤,12,1773
양평우림 이비즈센타 앞,1,5261
양평우림 이비즈센타 앞,2,5638
양평우림 이비즈센타 앞,3,9180
양평우림 이비즈센타 앞,4,11723
양평우림 이비즈센타 앞,5,12386
양평우림 이비즈센타 앞,6,12644
양평우림 이비즈센타 앞,7,11365
양평우림 이비즈센타 앞,8,10481
양평우림 이비즈센타 앞,9,11993
양평우림 이비즈센타 앞,10,12484
양평우림 이비즈센타 앞,11,10524
양평우림 이비즈센타 앞,12,6820
어린이대공원역 2번출구,1,1496
어린이대공원역 2번출구,2,1484
어린이대공원역 2번출구,3,3086
어린이대공원역 2번출구,4,4223
어린이대공원역 2번출구,5,4170
어린이대공원역 2번출구,6,3856
어린이대공원역 2번출구,7,3405
어린이대공원역 2번출구,8,3476
어린이대공원역 2번출구,9,4235
어린이대공원역 2번출구,10,4403
어린이대공원역 2번출구,11,4036
어린이대공원역 2번출구,12,2155
어린이대공원역 3번출구 앞,1,3636
어린이대공원역 3번출구 앞,2,4083
어린이대공원역 3번출구 앞,3,7372
어린이대공원역 3번출구 앞,4,9259
어린이대공원역 3번출구 앞,5,9681
어린이대공원역 3번출구 앞,6,9627
어린이대공원역 3번출구 앞,7,7623
어린이대공원역 3번출구 앞,8,8231
어린이대공원역 3번출구 앞,9,9882
어린이대공원역 3번출구 앞,10,9892
어린이대공원역 3번출구 앞,11,8502
어린이대공원역 3번출구 앞,12,5097
어린이대공원정문,1,1240
어린이대공원정문,2,1319
어린이대공원정문,3,3110
어린이대공원정문,4,4509
어린이대공원정문,5,4391
어린이대공원정문,6,3797
어린이대공원정문,7,2230
어린이대공원정문,8,2173
어린이대공원정문,9,3636
어린이대공원정문,10,4115
어린이대공원정문,11,3067
어린이대공원정문,12,1424
어린이도서관,1,1273
어린이도서관,2,1643
어린이도서관,3,2628
어린이도서관,4,3140
어린이도서관,5,3081
어린이도서관,6,3170
어린이도서관,7,2996
어린이도서관,8,2971
어린이도서관,9,3400
어린이도서관,10,3538
어린이도서관,11,3010
어린이도서관,12,1565
어린이회관,1,1780
어린이회관,2,1937
어린이회관,3,3485
어린이회관,4,4316
어린이회관,5,4301
어린이회관,6,4273
어린이회관,7,3438
어린이회관,8,3322
어린이회관,9,4248
어린이회관,10,4181
어린이회관,11,3854
어린이회관,12,2523
어울림병원 앞,1,1272
어울림병원 앞,2,1358
어울림병원 앞,3,2034
어울림병원 앞,4,2480
어울림병원 앞,5,3049
어울림병원 앞,6,3223
어울림병원 앞,7,2571
어울림병원 앞,8,2643
어울림병원 앞,9,2245
어울림병원 앞,10,3046
어울림병원 앞,11,2498
어울림병원 앞,12,1940
어위쉬예다인오피스텔,3,136
어위쉬예다인오피스텔,4,499
어위쉬예다인오피스텔,5,553
어위쉬예다인오피스텔,6,779
어위쉬예다인오피스텔,7,876
어위쉬예다인오피스텔,8,798
어위쉬예다인오피스텔,9,647
어위쉬예다인오피스텔,10,338
언남초등학교 앞,1,1484
언남초등학교 앞,2,1739
언남초등학교 앞,3,2864
언남초등학교 앞,4,3771
언남초등학교 앞,5,4015
언남초등학교 앞,6,4352
언남초등학교 앞,7,3928
언남초등학교 앞,8,3545
언남초등학교 앞,9,4165
언남초등학교 앞,10,4036
언남초등학교 앞,11,3374
언남초등학교 앞,12,1948
언주역 4번출구,1,947
언주역 4번출구,2,953
언주역 4번출구,3,1551
언주역 4번출구,4,2121
언주역 4번출구,5,2168
언주역 4번출구,6,1974
언주역 4번출구,7,1695
언주역 4번출구,8,1528
언주역 4번출구,9,1959
언주역 4번출구,10,2033
언주역 4번출구,11,1816
언주역 4번출구,12,1023
언주초등학교 입구,1,734
언주초등학교 입구,2,812
언주초등학교 입구,3,1279
언주초등학교 입구,4,2138
언주초등학교 입구,5,2162
언주초등학교 입구,6,2125
언주초등학교 입구,7,1878
언주초등학교 입구,8,1843
언주초등학교 입구,9,2187
언주초등학교 입구,10,2273
언주초등학교 입구,11,1843
언주초등학교 입구,12,1238
에스테반,1,556
에스테반,2,592
에스테반,3,1174
에스테반,4,1323
에스테반,5,1291
에스테반,6,1253
에스테반,7,1266
에스테반,8,1298
에스테반,9,1449
에스테반,10,1378
에스테반,11,1211
에스테반,12,814
에이스 하드웨어(시흥대로 396) 앞,1,1219
에이스 하드웨어(시흥대로 396) 앞,2,1192
에이스 하드웨어(시흥대로 396) 앞,3,1908
에이스 하드웨어(시흥대로 396) 앞,4,2784
에이스 하드웨어(시흥대로 396) 앞,5,3267
에이스 하드웨어(시흥대로 396) 앞,6,3510
에이스 하드웨어(시흥대로 396) 앞,7,3114
에이스 하드웨어(시흥대로 396) 앞,8,2938
에이스 하드웨어(시흥대로 396) 앞,9,3458
에이스 하드웨어(시흥대로 396) 앞,10,3468
에이스 하드웨어(시흥대로 396) 앞,11,2888
에이스 하드웨어(시흥대로 396) 앞,12,1879
에이스에이존빌딩,1,1074
에이스에이존빌딩,2,1259
에이스에이존빌딩,3,2287
에이스에이존빌딩,4,3004
에이스에이존빌딩,5,3404
에이스에이존빌딩,6,3476
에이스에이존빌딩,7,3171
에이스에이존빌딩,8,2993
에이스에이존빌딩,9,3621
에이스에이존빌딩,10,3781
에이스에이존빌딩,11,2636
에이스에이존빌딩,12,1424
에이스하이엔드타워8차 앞,1,2212
에이스하이엔드타워8차 앞,2,2328
에이스하이엔드타워8차 앞,3,3227
에이스하이엔드타워8차 앞,4,3861
에이스하이엔드타워8차 앞,5,4482
에이스하이엔드타워8차 앞,6,4805
에이스하이엔드타워8차 앞,7,4695
에이스하이엔드타워8차 앞,8,4307
에이스하이엔드타워8차 앞,9,4683
에이스하이엔드타워8차 앞,10,5053
에이스하이엔드타워8차 앞,11,4479
에이스하이엔드타워8차 앞,12,3006
에이스하이엔드타워9차 앞,1,1264
에이스하이엔드타워9차 앞,2,1472
에이스하이엔드타워9차 앞,3,2644
에이스하이엔드타워9차 앞,4,3447
에이스하이엔드타워9차 앞,5,3901
에이스하이엔드타워9차 앞,6,3988
에이스하이엔드타워9차 앞,7,3719
에이스하이엔드타워9차 앞,8,3222
에이스하이엔드타워9차 앞,9,3785
에이스하이엔드타워9차 앞,10,3961
에이스하이엔드타워9차 앞,11,3187
에이스하이엔드타워9차 앞,12,1788
에이스하이테크시티 4동 앞,1,255
에이스하이테크시티 4동 앞,2,239
에이스하이테크시티 4동 앞,3,466
에이스하이테크시티 4동 앞,4,581
에이스하이테크시티 4동 앞,5,582
에이스하이테크시티 4동 앞,6,864
에이스하이테크시티 4동 앞,7,797
에이스하이테크시티 4동 앞,8,1176
에이스하이테크시티 4동 앞,9,1287
에이스하이테크시티 4동 앞,10,1220
에이스하이테크시티 4동 앞,11,1183
에이스하이테크시티 4동 앞,12,840
엘아르베뉴 102동 앞,1,932
엘아르베뉴 102동 앞,2,945
엘아르베뉴 102동 앞,3,1280
엘아르베뉴 102동 앞,4,1521
엘아르베뉴 102동 앞,5,1857
엘아르베뉴 102동 앞,6,2845
엘아르베뉴 102동 앞,7,2635
엘아르베뉴 102동 앞,8,2440
엘아르베뉴 102동 앞,9,2462
엘아르베뉴 102동 앞,10,2618
엘아르베뉴 102동 앞,11,2158
엘아르베뉴 102동 앞,12,1497
엠펠리체 호텔 건너편,1,3982
엠펠리체 호텔 건너편,2,4540
엠펠리체 호텔 건너편,3,6899
엠펠리체 호텔 건너편,4,8537
엠펠리체 호텔 건너편,5,10303
엠펠리체 호텔 건너편,6,10843
엠펠리체 호텔 건너편,7,9925
엠펠리체 호텔 건너편,8,9046
엠펠리체 호텔 건너편,9,10726
엠펠리체 호텔 건너편,10,10793
엠펠리체 호텔 건너편,11,8069
엠펠리체 호텔 건너편,12,4922
여의나루역 1번출구 앞,1,7925
여의나루역 1번출구 앞,2,13637
여의나루역 1번출구 앞,3,32769
여의나루역 1번출구 앞,4,44366
여의나루역 1번출구 앞,5,45583
여의나루역 1번출구 앞,6,39327
여의나루역 1번출구 앞,7,31099
여의나루역 1번출구 앞,8,30085
여의나루역 1번출구 앞,9,46315
여의나루역 1번출구 앞,10,37988
여의나루역 1번출구 앞,11,19766
여의나루역 1번출구 앞,12,8470
여의나루역 3번출구,9,1574
여의나루역 3번출구,10,1586
여의나루역 3번출구,11,893
여의나루역 3번출구,12,382
여의도 마리나선착장 앞,1,802
여의도 마리나선착장 앞,2,1184
여의도 마리나선착장 앞,3,2471
여의도 마리나선착장 앞,4,2314
여의도 마리나선착장 앞,5,3379
여의도 마리나선착장 앞,6,3022
여의도 마리나선착장 앞,7,2622
여의도 마리나선착장 앞,8,2394
여의도 마리나선착장 앞,9,3509
여의도 마리나선착장 앞,10,3700
여의도 마리나선착장 앞,11,1938
여의도 마리나선착장 앞,12,1065
여의도 삼부아파트,1,1662
여의도 삼부아파트,2,2036
여의도 삼부아파트,3,3931
여의도 삼부아파트,4,4870
여의도 삼부아파트,5,5069
여의도 삼부아파트,6,4725
여의도 삼부아파트,7,3610
여의도 삼부아파트,8,3633
여의도 삼부아파트,9,4647
여의도 삼부아파트,10,5103
여의도 삼부아파트,11,4527
여의도 삼부아파트,12,2627
여의도 센터,9,4
여의도 순복음교회,1,410
여의도 순복음교회,2,740
여의도 순복음교회,3,1984
여의도 순복음교회,4,2285
여의도 순복음교회,5,2950
여의도 순복음교회,6,3095
여의도 순복음교회,7,2217
여의도 순복음교회,8,2502
여의도 순복음교회,9,4133
여의도 순복음교회,10,3206
여의도 순복음교회,11,1265
여의도 순복음교회,12,736
여의도 은하아파트,1,914
여의도 은하아파트,2,978
여의도 은하아파트,3,1781
여의도 은하아파트,4,2381
여의도 은하아파트,5,2484
여의도 은하아파트,6,2456
여의도 은하아파트,7,2283
여의도 은하아파트,8,2248
여의도 은하아파트,9,2561
여의도 은하아파트,10,2669
여의도 은하아파트,11,2218
여의도 은하아파트,12,1347
여의도고교 앞,1,1516
여의도고교 앞,2,1905
여의도고교 앞,3,5350
여의도고교 앞,4,8544
여의도고교 앞,5,8337
여의도고교 앞,6,7432
여의도고교 앞,7,5196
여의도고교 앞,8,5443
여의도고교 앞,9,8334
여의도고교 앞,10,7570
여의도고교 앞,11,4480
여의도고교 앞,12,2535
여의도성당,6,86
여의도성당,7,69
여의도성당,8,82
여의도성당,9,63
여의도성당,10,93
여의도성당,11,120
여의도성당,12,73
여의도역 1번출구 옆,1,1253
여의도역 1번출구 옆,2,1528
여의도역 1번출구 옆,3,2377
여의도역 1번출구 옆,4,2024
여의도역 1번출구 옆,5,1750
여의도역 1번출구 옆,6,2103
여의도역 1번출구 옆,7,1130
여의도역 1번출구 옆,8,1567
여의도역 1번출구 옆,9,2169
여의도역 1번출구 옆,10,2094
여의도역 1번출구 옆,11,1811
여의도역 1번출구 옆,12,1158
여의도역 4번출구 옆,1,2204
여의도역 4번출구 옆,2,2252
여의도역 4번출구 옆,3,3443
여의도역 4번출구 옆,4,2941
여의도역 4번출구 옆,5,2747
여의도역 4번출구 옆,6,3134
여의도역 4번출구 옆,7,3442
여의도역 4번출구 옆,8,2712
여의도역 4번출구 옆,9,3838
여의도역 4번출구 옆,10,3974
여의도역 4번출구 옆,11,3053
여의도역 4번출구 옆,12,2097
여의도역2번출구 앞,1,1691
여의도역2번출구 앞,2,1756
여의도역2번출구 앞,3,2816
여의도역2번출구 앞,4,3488
여의도역2번출구 앞,5,4710
여의도역2번출구 앞,6,5019
여의도역2번출구 앞,7,4794
여의도역2번출구 앞,8,4671
여의도역2번출구 앞,9,5390
여의도역2번출구 앞,10,5621
여의도역2번출구 앞,11,4570
여의도역2번출구 앞,12,2754
여의도중학교 옆,1,1618
여의도중학교 옆,2,3478
여의도중학교 옆,3,8933
여의도중학교 옆,4,11216
여의도중학교 옆,5,10642
여의도중학교 옆,6,8246
여의도중학교 옆,7,6120
여의도중학교 옆,8,5852
여의도중학교 옆,9,10217
여의도중학교 옆,10,9082
여의도중학교 옆,11,3834
여의도중학교 옆,12,1699
여의도초교 앞,1,2673
여의도초교 앞,2,3417
여의도초교 앞,3,6172
여의도초교 앞,4,8751
여의도초교 앞,5,8133
여의도초교 앞,6,8071
여의도초교 앞,7,6635
여의도초교 앞,8,6385
여의도초교 앞,9,8989
여의도초교 앞,10,8315
여의도초교 앞,11,5815
여의도초교 앞,12,3631
역삼1동 주민센터,1,1403
역삼1동 주민센터,2,1486
역삼1동 주민센터,3,2369
역삼1동 주민센터,4,3446
역삼1동 주민센터,5,4193
역삼1동 주민센터,6,4188
역삼1동 주민센터,7,3856
역삼1동 주민센터,8,3975
역삼1동 주민센터,9,4072
역삼1동 주민센터,10,4011
역삼1동 주민센터,11,3167
역삼1동 주민센터,12,2039
역삼동 sk뷰 501동앞,1,702
역삼동 sk뷰 501동앞,2,758
역삼동 sk뷰 501동앞,3,1246
역삼동 sk뷰 501동앞,4,1637
역삼동 sk뷰 501동앞,5,1762
역삼동 sk뷰 501동앞,6,1635
역삼동 sk뷰 501동앞,7,1477
역삼동 sk뷰 501동앞,8,1445
역삼동 sk뷰 501동앞,9,1627
역삼동 sk뷰 501동앞,10,1702
역삼동 sk뷰 501동앞,11,1299
역삼동 sk뷰 501동앞,12,741
역삼동 디오슈페리움 (우성아파트 사거리),1,1450
역삼동 디오슈페리움 (우성아파트 사거리),2,1715
역삼동 디오슈페리움 (우성아파트 사거리),3,2668
역삼동 디오슈페리움 (우성아파트 사거리),4,3385
역삼동 디오슈페리움 (우성아파트 사거리),5,3758
역삼동 디오슈페리움 (우성아파트 사거리),6,3726
역삼동 디오슈페리움 (우성아파트 사거리),7,3273
역삼동 디오슈페리움 (우성아파트 사거리),8,3251
역삼동 디오슈페리움 (우성아파트 사거리),9,3847
역삼동 디오슈페리움 (우성아파트 사거리),10,3935
역삼동 디오슈페리움 (우성아파트 사거리),11,3357
역삼동 디오슈페리움 (우성아파트 사거리),12,1934
역삼빌딩 앞(하나은행 옆),1,1173
역삼빌딩 앞(하나은행 옆),2,1038
역삼빌딩 앞(하나은행 옆),3,1670
역삼빌딩 앞(하나은행 옆),4,2566
역삼빌딩 앞(하나은행 옆),5,2596
역삼빌딩 앞(하나은행 옆),6,2221
역삼빌딩 앞(하나은행 옆),7,1853
역삼빌딩 앞(하나은행 옆),8,1787
역삼빌딩 앞(하나은행 옆),9,1809
역삼빌딩 앞(하나은행 옆),10,2334
역삼빌딩 앞(하나은행 옆),11,1997
역삼빌딩 앞(하나은행 옆),12,1109
역삼서초삼성 세무서 앞 (역삼빌딩 앞),1,1794
역삼서초삼성 세무서 앞 (역삼빌딩 앞),2,1863
역삼서초삼성 세무서 앞 (역삼빌딩 앞),3,3098
역삼서초삼성 세무서 앞 (역삼빌딩 앞),4,4357
역삼서초삼성 세무서 앞 (역삼빌딩 앞),5,4555
역삼서초삼성 세무서 앞 (역삼빌딩 앞),6,4735
역삼서초삼성 세무서 앞 (역삼빌딩 앞),7,4999
역삼서초삼성 세무서 앞 (역삼빌딩 앞),8,4907
역삼서초삼성 세무서 앞 (역삼빌딩 앞),9,5784
역삼서초삼성 세무서 앞 (역삼빌딩 앞),10,5387
역삼서초삼성 세무서 앞 (역삼빌딩 앞),11,4009
역삼서초삼성 세무서 앞 (역삼빌딩 앞),12,2417
역삼월드메르디앙아파트 앞,1,1135
역삼월드메르디앙아파트 앞,2,1129
역삼월드메르디앙아파트 앞,3,1767
역삼월드메르디앙아파트 앞,4,2501
역삼월드메르디앙아파트 앞,5,2522
역삼월드메르디앙아파트 앞,6,2613
역삼월드메르디앙아파트 앞,7,2144
역삼월드메르디앙아파트 앞,8,2233
역삼월드메르디앙아파트 앞,9,2624
역삼월드메르디앙아파트 앞,10,2662
역삼월드메르디앙아파트 앞,11,2128
역삼월드메르디앙아파트 앞,12,1428
역삼중학교 앞(체육관 방향),1,345
역삼중학교 앞(체육관 방향),2,359
역삼중학교 앞(체육관 방향),3,684
역삼중학교 앞(체육관 방향),4,1070
역삼중학교 앞(체육관 방향),5,1028
역삼중학교 앞(체육관 방향),6,1114
역삼중학교 앞(체육관 방향),7,962
역삼중학교 앞(체육관 방향),8,918
역삼중학교 앞(체육관 방향),9,1017
역삼중학교 앞(체육관 방향),10,965
역삼중학교 앞(체육관 방향),11,825
역삼중학교 앞(체육관 방향),12,490
역촌 센트레빌 아파트,1,926
역촌 센트레빌 아파트,2,932
역촌 센트레빌 아파트,3,1513
역촌 센트레빌 아파트,4,1875
역촌 센트레빌 아파트,5,1824
역촌 센트레빌 아파트,6,2076
역촌 센트레빌 아파트,7,1820
역촌 센트레빌 아파트,8,2028
역촌 센트레빌 아파트,9,2218
역촌 센트레빌 아파트,10,2437
역촌 센트레빌 아파트,11,2240
역촌 센트레빌 아파트,12,1504
역촌센트레빌아파트 101동 앞,1,429
역촌센트레빌아파트 101동 앞,2,411
역촌센트레빌아파트 101동 앞,3,720
역촌센트레빌아파트 101동 앞,4,833
역촌센트레빌아파트 101동 앞,5,1002
역촌센트레빌아파트 101동 앞,6,1099
역촌센트레빌아파트 101동 앞,7,914
역촌센트레빌아파트 101동 앞,8,976
역촌센트레빌아파트 101동 앞,9,1263
역촌센트레빌아파트 101동 앞,10,964
역촌센트레빌아파트 101동 앞,11,845
역촌센트레빌아파트 101동 앞,12,537
역촌종합시장 버스정류장(예일여고 방면),1,3192
역촌종합시장 버스정류장(예일여고 방면),2,3543
역촌종합시장 버스정류장(예일여고 방면),3,5638
역촌종합시장 버스정류장(예일여고 방면),4,7262
역촌종합시장 버스정류장(예일여고 방면),5,8229
역촌종합시장 버스정류장(예일여고 방면),6,8697
역촌종합시장 버스정류장(예일여고 방면),7,7692
역촌종합시장 버스정류장(예일여고 방면),8,7428
역촌종합시장 버스정류장(예일여고 방면),9,8873
역촌종합시장 버스정류장(예일여고 방면),10,8870
역촌종합시장 버스정류장(예일여고 방면),11,7112
역촌종합시장 버스정류장(예일여고 방면),12,4346
역촌파출소,1,5695
역촌파출소,2,6270
역촌파출소,3,9666
역촌파출소,4,12283
역촌파출소,5,12002
역촌파출소,6,13742
역촌파출소,7,12620
역촌파출소,8,11918
역촌파출소,9,14122
역촌파출소,10,14151
역촌파출소,11,10995
역촌파출소,12,7314
연가교 교차로,1,1376
연가교 교차로,2,1447
연가교 교차로,3,2706
연가교 교차로,4,3648
연가교 교차로,5,3950
연가교 교차로,6,3850
연가교 교차로,7,3531
연가교 교차로,8,3367
연가교 교차로,9,4410
연가교 교차로,10,4264
연가교 교차로,11,3197
연가교 교차로,12,1922
연가초등학교 옆,1,998
연가초등학교 옆,2,1222
연가초등학교 옆,3,1874
연가초등학교 옆,4,2232
연가초등학교 옆,5,2004
연가초등학교 옆,6,2306
연가초등학교 옆,7,2004
연가초등학교 옆,8,1892
연가초등학교 옆,9,2150
연가초등학교 옆,10,2140
연가초등학교 옆,11,1855
연가초등학교 옆,12,1130
연남동주민센터 앞,1,4026
연남동주민센터 앞,2,4332
연남동주민센터 앞,3,7063
연남동주민센터 앞,4,9224
연남동주민센터 앞,5,10817
연남동주민센터 앞,6,10779
연남동주민센터 앞,7,9788
연남동주민센터 앞,8,9866
연남동주민센터 앞,9,10778
연남동주민센터 앞,10,11406
연남동주민센터 앞,11,8982
연남동주민센터 앞,12,5635
연대 대운동장 옆,1,1051
연대 대운동장 옆,2,1222
연대 대운동장 옆,3,2201
연대 대운동장 옆,4,2433
연대 대운동장 옆,5,2263
연대 대운동장 옆,6,2233
연대 대운동장 옆,7,2001
연대 대운동장 옆,8,1984
연대 대운동장 옆,9,2394
연대 대운동장 옆,10,2275
연대 대운동장 옆,11,2004
연대 대운동장 옆,12,1142
연대 정문앞,8,1
연서어린이공원,1,1230
연서어린이공원,2,1276
연서어린이공원,3,1875
연서어린이공원,4,2279
연서어린이공원,5,2539
연서어린이공원,6,2569
연서어린이공원,7,2254
연서어린이공원,8,2122
연서어린이공원,9,2383
연서어린이공원,10,2434
연서어린이공원,11,1930
연서어린이공원,12,1272
연세강서빌딩,1,2059
연세강서빌딩,2,2389
연세강서빌딩,3,3895
연세강서빌딩,4,4894
연세강서빌딩,5,5652
연세강서빌딩,6,6153
연세강서빌딩,7,5508
연세강서빌딩,8,5491
연세강서빌딩,9,6876
연세강서빌딩,10,7522
연세강서빌딩,11,5989
연세강서빌딩,12,3184
연세대 정문 건너편,1,813
연세대 정문 건너편,2,888
연세대 정문 건너편,3,1533
연세대 정문 건너편,4,1603
연세대 정문 건너편,5,1562
연세대 정문 건너편,6,1349
연세대 정문 건너편,7,1331
연세대 정문 건너편,8,1084
연세대 정문 건너편,9,1607
연세대 정문 건너편,10,1428
연세대 정문 건너편,11,1358
연세대 정문 건너편,12,922
연세로 명물길,1,1329
연세로 명물길,2,1593
연세로 명물길,3,2809
연세로 명물길,4,3612
연세로 명물길,5,3843
연세로 명물길,6,4061
연세로 명물길,7,3723
연세로 명물길,8,3389
연세로 명물길,9,3821
연세로 명물길,10,3776
연세로 명물길,11,2897
연세로 명물길,12,1655
연신내 선일하이츠빌 정류소,1,721
연신내 선일하이츠빌 정류소,2,799
연신내 선일하이츠빌 정류소,3,1430
연신내 선일하이츠빌 정류소,4,2047
연신내 선일하이츠빌 정류소,5,1999
연신내 선일하이츠빌 정류소,6,2184
연신내 선일하이츠빌 정류소,7,1925
연신내 선일하이츠빌 정류소,8,1794
연신내 선일하이츠빌 정류소,9,2137
연신내 선일하이츠빌 정류소,10,1998
연신내 선일하이츠빌 정류소,11,1484
연신내 선일하이츠빌 정류소,12,892
연신내역 1번 출구,1,1806
연신내역 1번 출구,2,1944
연신내역 1번 출구,3,3269
연신내역 1번 출구,4,4023
연신내역 1번 출구,5,4587
연신내역 1번 출구,6,5085
연신내역 1번 출구,7,4643
연신내역 1번 출구,8,4472
연신내역 1번 출구,9,5400
연신내역 1번 출구,10,5307
연신내역 1번 출구,11,4180
연신내역 1번 출구,12,2606
연신내역 3번출구 인근,1,832
연신내역 3번출구 인근,2,975
연신내역 3번출구 인근,3,1589
연신내역 3번출구 인근,4,2123
연신내역 3번출구 인근,5,2428
연신내역 3번출구 인근,6,2350
연신내역 3번출구 인근,7,2017
연신내역 3번출구 인근,8,1821
연신내역 3번출구 인근,9,2272
연신내역 3번출구 인근,10,2175
연신내역 3번출구 인근,11,1706
연신내역 3번출구 인근,12,1041
연신내역 4번출구,1,864
연신내역 4번출구,2,985
연신내역 4번출구,3,1775
연신내역 4번출구,4,2283
연신내역 4번출구,5,2497
연신내역 4번출구,6,2690
연신내역 4번출구,7,2398
연신내역 4번출구,8,2315
연신내역 4번출구,9,2692
연신내역 4번출구,10,2606
연신내역 4번출구,11,1999
연신내역 4번출구,12,1029
연신내역 5번출구,1,4135
연신내역 5번출구,2,4767
연신내역 5번출구,3,8150
연신내역 5번출구,4,11304
연신내역 5번출구,5,12318
연신내역 5번출구,6,12239
연신내역 5번출구,7,10777
연신내역 5번출구,8,10088
연신내역 5번출구,9,12619
연신내역 5번출구,10,13348
연신내역 5번출구,11,9379
연신내역 5번출구,12,5417
연신내역 6번출구옆,1,224
연신내역 6번출구옆,2,220
연신내역 6번출구옆,3,371
연신내역 6번출구옆,4,467
연신내역 6번출구옆,5,506
연신내역 6번출구옆,6,589
연신내역 6번출구옆,7,592
연신내역 6번출구옆,8,382
연신내역 6번출구옆,9,219
연신초등학교옆 마을마당,1,275
연신초등학교옆 마을마당,2,297
연신초등학교옆 마을마당,3,517
연신초등학교옆 마을마당,4,754
연신초등학교옆 마을마당,5,784
연신초등학교옆 마을마당,6,693
연신초등학교옆 마을마당,7,697
연신초등학교옆 마을마당,8,662
연신초등학교옆 마을마당,9,743
연신초등학교옆 마을마당,10,719
연신초등학교옆 마을마당,11,610
연신초등학교옆 마을마당,12,381
연의근린공원 건너편,1,1487
연의근린공원 건너편,2,1669
연의근린공원 건너편,3,2601
연의근린공원 건너편,4,3528
연의근린공원 건너편,5,4284
연의근린공원 건너편,6,4483
연의근린공원 건너편,7,4052
연의근린공원 건너편,8,3439
연의근린공원 건너편,9,4421
연의근린공원 건너편,10,4258
연의근린공원 건너편,11,3170
연의근린공원 건너편,12,2023
연해피빌 앞,1,1147
연해피빌 앞,2,1233
연해피빌 앞,3,2332
연해피빌 앞,4,3162
연해피빌 앞,5,3718
연해피빌 앞,6,3761
연해피빌 앞,7,3239
연해피빌 앞,8,3302
연해피빌 앞,9,3698
연해피빌 앞,10,3437
연해피빌 앞,11,3028
연해피빌 앞,12,2202
연희 브라운스톤 아파트 앞,1,2236
연희 브라운스톤 아파트 앞,2,2571
연희 브라운스톤 아파트 앞,3,4898
연희 브라운스톤 아파트 앞,4,5737
연희 브라운스톤 아파트 앞,5,6624
연희 브라운스톤 아파트 앞,6,5592
연희 브라운스톤 아파트 앞,7,5116
연희 브라운스톤 아파트 앞,8,5877
연희 브라운스톤 아파트 앞,9,7239
연희 브라운스톤 아파트 앞,10,7399
연희 브라운스톤 아파트 앞,11,5795
연희 브라운스톤 아파트 앞,12,3523
연희IC 남측,1,934
연희IC 남측,2,1051
연희IC 남측,3,1740
연희IC 남측,4,2148
연희IC 남측,5,2601
연희IC 남측,6,2943
연희IC 남측,7,2711
연희IC 남측,8,2524
연희IC 남측,9,2770
연희IC 남측,10,2813
연희IC 남측,11,2488
연희IC 남측,12,1537
연희교차로 인근,1,885
연희교차로 인근,2,966
연희교차로 인근,3,1568
연희교차로 인근,4,1740
연희교차로 인근,5,1881
연희교차로 인근,6,1892
연희교차로 인근,7,1586
연희교차로 인근,8,1488
연희교차로 인근,9,1647
연희교차로 인근,10,1851
연희교차로 인근,11,1595
연희교차로 인근,12,1096
연희삼거리,1,1730
연희삼거리,2,1987
연희삼거리,3,3441
연희삼거리,4,4429
연희삼거리,5,4969
연희삼거리,6,5109
연희삼거리,7,4336
연희삼거리,8,3991
연희삼거리,9,4363
연희삼거리,10,4959
연희삼거리,11,3844
연희삼거리,12,2214
연희초등학교 앞,1,497
연희초등학교 앞,2,561
연희초등학교 앞,3,1041
연희초등학교 앞,4,1305
연희초등학교 앞,5,1431
연희초등학교 앞,6,1119
연희초등학교 앞,7,841
연희초등학교 앞,8,807
연희초등학교 앞,9,1018
연희초등학교 앞,10,886
연희초등학교 앞,11,824
연희초등학교 앞,12,436
연희파크푸르지오아파트 앞,1,1662
연희파크푸르지오아파트 앞,2,2089
연희파크푸르지오아파트 앞,3,3413
연희파크푸르지오아파트 앞,4,5424
연희파크푸르지오아파트 앞,5,5683
연희파크푸르지오아파트 앞,6,5504
연희파크푸르지오아파트 앞,7,4810
연희파크푸르지오아파트 앞,8,4782
연희파크푸르지오아파트 앞,9,5958
연희파크푸르지오아파트 앞,10,5769
연희파크푸르지오아파트 앞,11,4082
연희파크푸르지오아파트 앞,12,2439
염곡동(염통골) 입구,1,176
염곡동(염통골) 입구,2,204
염곡동(염통골) 입구,3,296
염곡동(염통골) 입구,4,540
염곡동(염통골) 입구,5,652
염곡동(염통골) 입구,6,502
염곡동(염통골) 입구,7,418
염곡동(염통골) 입구,8,435
염곡동(염통골) 입구,9,507
염곡동(염통골) 입구,10,607
염곡동(염통골) 입구,11,518
염곡동(염통골) 입구,12,328
염곡치안센터 건너편,1,137
염곡치안센터 건너편,2,186
염곡치안센터 건너편,3,319
염곡치안센터 건너편,4,390
염곡치안센터 건너편,5,369
염곡치안센터 건너편,6,429
염곡치안센터 건너편,7,381
염곡치안센터 건너편,8,323
염곡치안센터 건너편,9,404
염곡치안센터 건너편,10,318
염곡치안센터 건너편,11,208
염곡치안센터 건너편,12,144
염리초등학교 앞,1,1388
염리초등학교 앞,2,1591
염리초등학교 앞,3,3046
염리초등학교 앞,4,4202
염리초등학교 앞,5,4736
염리초등학교 앞,6,4872
염리초등학교 앞,7,4260
염리초등학교 앞,8,4083
염리초등학교 앞,9,4906
염리초등학교 앞,10,4799
염리초등학교 앞,11,3526
염리초등학교 앞,12,2113
염창나들목,1,1976
염창나들목,2,2466
염창나들목,3,5366
염창나들목,4,8326
염창나들목,5,9381
염창나들목,6,8878
염창나들목,7,7083
염창나들목,8,7786
염창나들목,9,11037
염창나들목,10,9307
염창나들목,11,5552
염창나들목,12,2895
염창동 새마을금고 건너편,1,1533
염창동 새마을금고 건너편,2,1829
염창동 새마을금고 건너편,3,3052
염창동 새마을금고 건너편,4,4277
염창동 새마을금고 건너편,5,4654
염창동 새마을금고 건너편,6,5311
염창동 새마을금고 건너편,7,4895
염창동 새마을금고 건너편,8,4333
염창동 새마을금고 건너편,9,5351
염창동 새마을금고 건너편,10,5479
염창동 새마을금고 건너편,11,3968
염창동 새마을금고 건너편,12,2395
염창동 한마음아파트 앞,1,2550
염창동 한마음아파트 앞,2,2709
염창동 한마음아파트 앞,3,5193
염창동 한마음아파트 앞,4,6846
염창동 한마음아파트 앞,5,7863
염창동 한마음아파트 앞,6,7659
염창동 한마음아파트 앞,7,6732
염창동 한마음아파트 앞,8,6183
염창동 한마음아파트 앞,9,7978
염창동 한마음아파트 앞,10,8267
염창동 한마음아파트 앞,11,5641
염창동 한마음아파트 앞,12,3224
염창역 1번 출구,1,3301
염창역 1번 출구,2,3722
염창역 1번 출구,3,6083
염창역 1번 출구,4,8048
염창역 1번 출구,5,9089
염창역 1번 출구,6,9378
염창역 1번 출구,7,8706
염창역 1번 출구,8,8184
염창역 1번 출구,9,9663
염창역 1번 출구,10,10270
염창역 1번 출구,11,7603
염창역 1번 출구,12,4644
"염창역 3, 4번 출구 사이",1,1752
"염창역 3, 4번 출구 사이",2,2017
"염창역 3, 4번 출구 사이",3,3580
"염창역 3, 4번 출구 사이",4,5504
"염창역 3, 4번 출구 사이",5,5747
"염창역 3, 4번 출구 사이",6,5910
"염창역 3, 4번 출구 사이",7,4933
"염창역 3, 4번 출구 사이",8,5082
"염창역 3, 4번 출구 사이",9,6281
"염창역 3, 4번 출구 사이",10,6607
"염창역 3, 4번 출구 사이",11,4553
"염창역 3, 4번 출구 사이",12,2490
염천교사거리,1,1332
염천교사거리,2,1327
염천교사거리,3,2175
염천교사거리,4,2731
염천교사거리,5,2613
염천교사거리,6,2712
염천교사거리,7,2965
염천교사거리,8,2822
염천교사거리,9,3033
염천교사거리,10,3119
염천교사거리,11,2992
염천교사거리,12,1988
영남배송,6,4
영남배송,7,14
영남배송,8,14
영남배송,9,19
영남배송,10,19
영남센터,1,22
영남센터,2,16
영남센터,3,10
영남센터,4,10
영남센터,5,1
영남센터,6,10
영남센터,7,14
영남센터,8,36
영남센터,9,31
영남센터,10,8
영남센터,11,13
영남센터,12,3
영도초등학교,1,4657
영도초등학교,2,4522
영도초등학교,3,7706
영도초등학교,4,9918
영도초등학교,5,11583
영도초등학교,6,12719
영도초등학교,7,11680
영도초등학교,8,11044
영도초등학교,9,12827
영도초등학교,10,13414
영도초등학교,11,10454
영도초등학교,12,6309
영동1교 (양재천근린공원),1,1369
영동1교 (양재천근린공원),2,1774
영동1교 (양재천근린공원),3,2953
영동1교 (양재천근린공원),4,3840
영동1교 (양재천근린공원),5,3657
영동1교 (양재천근린공원),6,3374
영동1교 (양재천근린공원),7,2804
영동1교 (양재천근린공원),8,2637
영동1교 (양재천근린공원),9,4238
영동1교 (양재천근린공원),10,4564
영동1교 (양재천근린공원),11,3131
영동1교 (양재천근린공원),12,1696
영동1교 북단,1,411
영동1교 북단,2,431
영동1교 북단,3,928
영동1교 북단,4,2196
영동1교 북단,5,2055
영동1교 북단,6,2097
영동1교 북단,7,1438
영동1교 북단,8,1580
영동1교 북단,9,1752
영동1교 북단,10,1783
영동1교 북단,11,1295
영동1교 북단,12,622
영동3교 북단(우성캐릭터 앞 보도),1,711
영동3교 북단(우성캐릭터 앞 보도),2,855
영동3교 북단(우성캐릭터 앞 보도),3,1829
영동3교 북단(우성캐릭터 앞 보도),4,2984
영동3교 북단(우성캐릭터 앞 보도),5,2696
영동3교 북단(우성캐릭터 앞 보도),6,2456
영동3교 북단(우성캐릭터 앞 보도),7,1743
영동3교 북단(우성캐릭터 앞 보도),8,1734
영동3교 북단(우성캐릭터 앞 보도),9,2500
영동3교 북단(우성캐릭터 앞 보도),10,2506
영동3교 북단(우성캐릭터 앞 보도),11,1659
영동3교 북단(우성캐릭터 앞 보도),12,871
영동대교 북단,1,2963
영동대교 북단,2,3255
영동대교 북단,3,5384
영동대교 북단,4,6936
영동대교 북단,5,7479
영동대교 북단,6,7668
영동대교 북단,7,6667
영동대교 북단,8,6038
영동대교 북단,9,7442
영동대교 북단,10,7929
영동대교 북단,11,6055
영동대교 북단,12,3759
영동중앙교회 버스정류장,1,302
영동중앙교회 버스정류장,2,335
영동중앙교회 버스정류장,3,449
영동중앙교회 버스정류장,4,614
영동중앙교회 버스정류장,5,667
영동중앙교회 버스정류장,6,610
영동중앙교회 버스정류장,7,478
영동중앙교회 버스정류장,8,583
영동중앙교회 버스정류장,9,703
영동중앙교회 버스정류장,10,844
영동중앙교회 버스정류장,11,661
영동중앙교회 버스정류장,12,372
영등포 신세계백화점,1,6225
영등포 신세계백화점,2,7023
영등포 신세계백화점,3,10950
영등포 신세계백화점,4,13861
영등포 신세계백화점,5,16002
영등포 신세계백화점,6,17907
영등포 신세계백화점,7,16909
영등포 신세계백화점,8,16903
영등포 신세계백화점,9,19795
영등포 신세계백화점,10,20518
영등포 신세계백화점,11,15967
영등포 신세계백화점,12,9936
영등포 푸르지오 아파트 A,1,2669
영등포 푸르지오 아파트 A,2,2743
영등포 푸르지오 아파트 A,3,4060
영등포 푸르지오 아파트 A,4,5200
영등포 푸르지오 아파트 A,5,5808
영등포 푸르지오 아파트 A,6,6717
영등포 푸르지오 아파트 A,7,6409
영등포 푸르지오 아파트 A,8,6283
영등포 푸르지오 아파트 A,9,6923
영등포 푸르지오 아파트 A,10,7186
영등포 푸르지오 아파트 A,11,6508
영등포 푸르지오 아파트 A,12,3981
영등포 푸르지오 아파트 B,1,2970
영등포 푸르지오 아파트 B,2,3163
영등포 푸르지오 아파트 B,3,5052
영등포 푸르지오 아파트 B,4,7403
영등포 푸르지오 아파트 B,5,8423
영등포 푸르지오 아파트 B,6,8180
영등포 푸르지오 아파트 B,7,7553
영등포 푸르지오 아파트 B,8,7283
영등포 푸르지오 아파트 B,9,8216
영등포 푸르지오 아파트 B,10,8158
영등포 푸르지오 아파트 B,11,6436
영등포 푸르지오 아파트 B,12,4072
영등포공원 분수대 앞,1,517
영등포공원 분수대 앞,2,657
영등포공원 분수대 앞,3,1080
영등포공원 분수대 앞,4,1346
영등포공원 분수대 앞,5,1586
영등포공원 분수대 앞,6,1486
영등포공원 분수대 앞,7,1314
영등포공원 분수대 앞,8,1266
영등포공원 분수대 앞,9,1557
영등포공원 분수대 앞,10,1730
영등포공원 분수대 앞,11,1331
영등포공원 분수대 앞,12,788
영등포구민체육센터 앞,1,1378
영등포구민체육센터 앞,2,1625
영등포구민체육센터 앞,3,2659
영등포구민체육센터 앞,4,3192
영등포구민체육센터 앞,5,3726
영등포구민체육센터 앞,6,3803
영등포구민체육센터 앞,7,3895
영등포구민체육센터 앞,8,3451
영등포구민체육센터 앞,9,3740
영등포구민체육센터 앞,10,3565
영등포구민체육센터 앞,11,2293
영등포구민체육센터 앞,12,1378
영등포구청역 6번출구,11,461
영등포구청역 6번출구,12,658
영등포구청역 7번출구,1,11877
영등포구청역 7번출구,2,12222
영등포구청역 7번출구,3,18988
영등포구청역 7번출구,4,24236
영등포구청역 7번출구,5,27154
영등포구청역 7번출구,6,28680
영등포구청역 7번출구,7,27542
영등포구청역 7번출구,8,26753
영등포구청역 7번출구,9,29379
영등포구청역 7번출구,10,31164
영등포구청역 7번출구,11,26148
영등포구청역 7번출구,12,16842
영등포뉴타운지하상가 2번게이트,1,507
영등포뉴타운지하상가 2번게이트,2,680
영등포뉴타운지하상가 2번게이트,3,1193
영등포뉴타운지하상가 2번게이트,4,1592
영등포뉴타운지하상가 2번게이트,5,1554
영등포뉴타운지하상가 2번게이트,6,1667
영등포뉴타운지하상가 2번게이트,7,1198
영등포뉴타운지하상가 2번게이트,8,570
영등포뉴타운지하상가 2번게이트,9,785
영등포뉴타운지하상가 2번게이트,10,1077
영등포뉴타운지하상가 2번게이트,11,709
영등포뉴타운지하상가 2번게이트,12,384
영등포로터리,1,1245
영등포로터리,2,1521
영등포로터리,3,2728
영등포로터리,4,3904
영등포로터리,5,4422
영등포로터리,6,3806
영등포로터리,7,3696
영등포로터리,8,3362
영등포로터리,9,4402
영등포로터리,10,3937
영등포로터리,11,2837
영등포로터리,12,1534
영등포로터리2,1,2848
영등포로터리2,2,3303
영등포로터리2,3,6337
영등포로터리2,4,8219
영등포로터리2,5,8526
영등포로터리2,6,8861
영등포로터리2,7,8171
영등포로터리2,8,7715
영등포로터리2,9,9649
영등포로터리2,10,9708
영등포로터리2,11,7052
영등포로터리2,12,3914
영등포삼환아파트 앞,1,3013
영등포삼환아파트 앞,2,3277
영등포삼환아파트 앞,3,5276
영등포삼환아파트 앞,4,7036
영등포삼환아파트 앞,5,7823
영등포삼환아파트 앞,6,8174
영등포삼환아파트 앞,7,7363
영등포삼환아파트 앞,8,7349
영등포삼환아파트 앞,9,8501
영등포삼환아파트 앞,10,8610
영등포삼환아파트 앞,11,6629
영등포삼환아파트 앞,12,3950
영등포세무서,8,54
영등포세무서,9,619
영등포세무서,10,712
영등포세무서,11,721
영등포세무서,12,472
영등포시장역 포레나영등포,1,5155
영등포시장역 포레나영등포,2,4951
영등포시장역 포레나영등포,3,7582
영등포시장역 포레나영등포,4,9993
영등포시장역 포레나영등포,5,11780
영등포시장역 포레나영등포,6,13360
영등포시장역 포레나영등포,7,12691
영등포시장역 포레나영등포,8,12932
영등포시장역 포레나영등포,9,14566
영등포시장역 포레나영등포,10,15228
영등포시장역 포레나영등포,11,12590
영등포시장역 포레나영등포,12,8014
영등포아트홀 앞,1,693
영등포아트홀 앞,2,783
영등포아트홀 앞,3,1418
영등포아트홀 앞,4,1825
영등포아트홀 앞,5,1671
영등포아트홀 앞,6,1928
영등포아트홀 앞,7,1894
영등포아트홀 앞,8,2244
영등포아트홀 앞,9,2365
영등포아트홀 앞,10,2571
영등포아트홀 앞,11,2106
영등포아트홀 앞,12,1355
영등포역 1번출구,1,5668
영등포역 1번출구,2,5777
영등포역 1번출구,3,9050
영등포역 1번출구,4,9579
영등포역 1번출구,5,9726
영등포역 1번출구,6,12196
영등포역 1번출구,7,12161
영등포역 1번출구,8,11811
영등포역 1번출구,9,13241
영등포역 1번출구,10,14009
영등포역 1번출구,11,12228
영등포역 1번출구,12,8596
영등포역5번출구,1,5119
영등포역5번출구,2,5675
영등포역5번출구,3,9150
영등포역5번출구,4,10712
영등포역5번출구,5,12255
영등포역5번출구,6,12867
영등포역5번출구,7,10487
영등포역5번출구,8,10734
영등포역5번출구,9,12333
영등포역5번출구,10,16467
영등포역5번출구,11,13495
영등포역5번출구,12,8476
영등포역지하쇼핑센타 5번출구,1,2464
영등포역지하쇼핑센타 5번출구,2,2725
영등포역지하쇼핑센타 5번출구,3,4942
영등포역지하쇼핑센타 5번출구,4,7214
영등포역지하쇼핑센타 5번출구,5,8427
영등포역지하쇼핑센타 5번출구,6,7083
영등포역지하쇼핑센타 5번출구,7,4222
영등포역지하쇼핑센타 5번출구,8,3548
영등포역지하쇼핑센타 5번출구,9,4967
영등포역지하쇼핑센타 5번출구,10,5458
영등포역지하쇼핑센타 5번출구,11,4198
영등포역지하쇼핑센타 5번출구,12,2678
영등포유통상가 사거리,1,2794
영등포유통상가 사거리,2,2914
영등포유통상가 사거리,3,4773
영등포유통상가 사거리,4,6330
영등포유통상가 사거리,5,7012
영등포유통상가 사거리,6,7702
영등포유통상가 사거리,7,6710
영등포유통상가 사거리,8,6639
영등포유통상가 사거리,9,7249
영등포유통상가 사거리,10,7318
영등포유통상가 사거리,11,5921
영등포유통상가 사거리,12,3706
영등포전화국사거리 (서강어린이공원),1,3556
영등포전화국사거리 (서강어린이공원),2,4082
영등포전화국사거리 (서강어린이공원),3,6877
영등포전화국사거리 (서강어린이공원),4,9154
영등포전화국사거리 (서강어린이공원),5,9937
영등포전화국사거리 (서강어린이공원),6,10025
영등포전화국사거리 (서강어린이공원),7,9164
영등포전화국사거리 (서강어린이공원),8,9170
영등포전화국사거리 (서강어린이공원),9,9822
영등포전화국사거리 (서강어린이공원),10,10286
영등포전화국사거리 (서강어린이공원),11,8141
영등포전화국사거리 (서강어린이공원),12,5045
영등포청과시장 사거리,1,2308
영등포청과시장 사거리,2,2512
영등포청과시장 사거리,3,4164
영등포청과시장 사거리,4,5567
영등포청과시장 사거리,5,6020
영등포청과시장 사거리,6,6505
영등포청과시장 사거리,7,6063
영등포청과시장 사거리,8,5805
영등포청과시장 사거리,9,6447
영등포청과시장 사거리,10,6603
영등포청과시장 사거리,11,5580
영등포청과시장 사거리,12,3290
영락고등학교,1,485
영락고등학교,2,674
영락고등학교,3,1012
영락고등학교,4,1582
영락고등학교,5,1678
영락고등학교,6,1772
영락고등학교,7,1860
영락고등학교,8,1866
영락고등학교,9,1769
영락고등학교,10,1836
영락고등학교,11,1745
영락고등학교,12,687
영문초등학교 사거리,1,5656
영문초등학교 사거리,2,6127
영문초등학교 사거리,3,9612
영문초등학교 사거리,4,12088
영문초등학교 사거리,5,13848
영문초등학교 사거리,6,14625
영문초등학교 사거리,7,13357
영문초등학교 사거리,8,10685
영문초등학교 사거리,9,11005
영문초등학교 사거리,10,12035
영문초등학교 사거리,11,9401
영문초등학교 사거리,12,5959
영문초사거리,1,1097
영문초사거리,2,938
영문초사거리,3,1576
영문초사거리,4,1761
영문초사거리,5,1918
영문초사거리,6,2245
영문초사거리,7,2169
영문초사거리,8,2149
영문초사거리,9,3137
영문초사거리,10,4110
영문초사거리,11,3713
영문초사거리,12,2592
영성빌딩(PAT),1,1250
영성빌딩(PAT),2,1411
영성빌딩(PAT),3,2511
영성빌딩(PAT),4,3253
영성빌딩(PAT),5,3367
영성빌딩(PAT),6,3601
영성빌딩(PAT),7,3167
영성빌딩(PAT),8,2872
영성빌딩(PAT),9,3799
영성빌딩(PAT),10,3856
영성빌딩(PAT),11,3180
영성빌딩(PAT),12,1897
영어마을 관악캠프,1,309
영어마을 관악캠프,2,318
영어마을 관악캠프,3,627
영어마을 관악캠프,4,1032
영어마을 관악캠프,5,950
영어마을 관악캠프,6,1066
영어마을 관악캠프,7,982
영어마을 관악캠프,8,848
영어마을 관악캠프,9,1143
영어마을 관악캠프,10,1122
영어마을 관악캠프,11,772
영어마을 관악캠프,12,364
영일 어린이공원,1,2145
영일 어린이공원,2,2236
영일 어린이공원,3,3462
영일 어린이공원,4,4248
영일 어린이공원,5,4845
영일 어린이공원,6,5255
영일 어린이공원,7,5047
영일 어린이공원,8,4921
영일 어린이공원,9,5751
영일 어린이공원,10,5942
영일 어린이공원,11,5034
영일 어린이공원,12,3075
영파여고 앞,1,1957
영파여고 앞,2,2175
영파여고 앞,3,4167
영파여고 앞,4,5515
영파여고 앞,5,5923
영파여고 앞,6,6205
영파여고 앞,7,5168
영파여고 앞,8,4736
영파여고 앞,9,6063
영파여고 앞,10,5969
영파여고 앞,11,5323
영파여고 앞,12,3240
영휘원 교차로,1,1476
영휘원 교차로,2,1679
영휘원 교차로,3,2953
영휘원 교차로,4,3435
영휘원 교차로,5,3966
영휘원 교차로,6,4029
영휘원 교차로,7,3619
영휘원 교차로,8,3337
영휘원 교차로,9,4032
영휘원 교차로,10,4244
영휘원 교차로,11,3594
영휘원 교차로,12,2211
영희초교 사거리(래미안개포루체하임),1,1342
영희초교 사거리(래미안개포루체하임),2,1617
영희초교 사거리(래미안개포루체하임),3,2954
영희초교 사거리(래미안개포루체하임),4,4188
영희초교 사거리(래미안개포루체하임),5,4691
영희초교 사거리(래미안개포루체하임),6,5038
영희초교 사거리(래미안개포루체하임),7,4243
영희초교 사거리(래미안개포루체하임),8,4241
영희초교 사거리(래미안개포루체하임),9,4792
영희초교 사거리(래미안개포루체하임),10,5012
영희초교 사거리(래미안개포루체하임),11,3694
영희초교 사거리(래미안개포루체하임),12,2325
예수소망교회,1,40
예수소망교회,2,46
예수소망교회,3,47
예수소망교회,4,75
예수소망교회,5,60
예수소망교회,6,109
예수소망교회,7,191
예수소망교회,8,105
예수소망교회,9,122
예수소망교회,10,153
예수소망교회,11,274
예수소망교회,12,77
예일여중,1,1964
예일여중,2,2308
예일여중,3,3370
예일여중,4,4641
예일여중,5,5168
예일여중,6,5246
예일여중,7,4586
예일여중,8,4391
예일여중,9,5043
예일여중,10,4966
예일여중,11,3865
예일여중,12,2619
옛골 입구,1,125
옛골 입구,2,151
옛골 입구,3,310
옛골 입구,4,442
옛골 입구,5,484
옛골 입구,6,515
옛골 입구,7,399
옛골 입구,8,393
옛골 입구,9,437
옛골 입구,10,504
옛골 입구,11,367
옛골 입구,12,182
오금공원 사거리,1,453
오금공원 사거리,2,352
오금공원 사거리,3,719
오금공원 사거리,4,941
오금공원 사거리,5,836
오금공원 사거리,6,715
오금공원 사거리,7,629
오금공원 사거리,8,611
오금공원 사거리,9,748
오금공원 사거리,10,742
오금공원 사거리,11,658
오금공원 사거리,12,289
오금공원사거리2,1,478
오금공원사거리2,2,512
오금공원사거리2,3,899
오금공원사거리2,4,1325
오금공원사거리2,5,1388
오금공원사거리2,6,1384
오금공원사거리2,7,1124
오금공원사거리2,8,1027
오금공원사거리2,9,1245
오금공원사거리2,10,1251
오금공원사거리2,11,1212
오금공원사거리2,12,595
오금동 대림아파트 정문,1,965
오금동 대림아파트 정문,2,967
오금동 대림아파트 정문,3,1620
오금동 대림아파트 정문,4,2190
오금동 대림아파트 정문,5,2402
오금동 대림아파트 정문,6,2294
오금동 대림아파트 정문,7,1975
오금동 대림아파트 정문,8,2101
오금동 대림아파트 정문,9,2349
오금동 대림아파트 정문,10,2548
오금동 대림아파트 정문,11,2309
오금동 대림아파트 정문,12,1326
오금역 3번 출구 뒤,1,1224
오금역 3번 출구 뒤,2,1317
오금역 3번 출구 뒤,3,2326
오금역 3번 출구 뒤,4,3097
오금역 3번 출구 뒤,5,3371
오금역 3번 출구 뒤,6,3192
오금역 3번 출구 뒤,7,2626
오금역 3번 출구 뒤,8,2290
오금역 3번 출구 뒤,9,2986
오금역 3번 출구 뒤,10,3154
오금역 3번 출구 뒤,11,2559
오금역 3번 출구 뒤,12,1467
오금역 7번 출구 인근,1,1727
오금역 7번 출구 인근,2,1932
오금역 7번 출구 인근,3,3590
오금역 7번 출구 인근,4,5050
오금역 7번 출구 인근,5,5151
오금역 7번 출구 인근,6,5174
오금역 7번 출구 인근,7,4170
오금역 7번 출구 인근,8,3691
오금역 7번 출구 인근,9,4601
오금역 7번 출구 인근,10,4856
오금역 7번 출구 인근,11,3881
오금역 7번 출구 인근,12,2000
오금현대 아파트 상가입구 앞,1,226
오금현대 아파트 상가입구 앞,2,189
오금현대 아파트 상가입구 앞,3,382
오금현대 아파트 상가입구 앞,4,605
오금현대 아파트 상가입구 앞,5,594
오금현대 아파트 상가입구 앞,6,617
오금현대 아파트 상가입구 앞,7,519
오금현대 아파트 상가입구 앞,8,477
오금현대 아파트 상가입구 앞,9,527
오금현대 아파트 상가입구 앞,10,795
오금현대 아파트 상가입구 앞,11,859
오금현대 아파트 상가입구 앞,12,443
오류동 계림웨스트밸리 앞,1,171
오류동 계림웨스트밸리 앞,2,191
오류동 계림웨스트밸리 앞,3,392
오류동 계림웨스트밸리 앞,4,580
오류동 계림웨스트밸리 앞,5,628
오류동 계림웨스트밸리 앞,6,643
오류동 계림웨스트밸리 앞,7,518
오류동 계림웨스트밸리 앞,8,590
오류동 계림웨스트밸리 앞,9,766
오류동 계림웨스트밸리 앞,10,806
오류동 계림웨스트밸리 앞,11,600
오류동 계림웨스트밸리 앞,12,310
오류동 다숲오피스텔 앞,1,966
오류동 다숲오피스텔 앞,2,1203
오류동 다숲오피스텔 앞,3,1707
오류동 다숲오피스텔 앞,4,2241
오류동 다숲오피스텔 앞,5,2675
오류동 다숲오피스텔 앞,6,2869
오류동 다숲오피스텔 앞,7,2718
오류동 다숲오피스텔 앞,8,2754
오류동 다숲오피스텔 앞,9,3377
오류동 다숲오피스텔 앞,10,3570
오류동 다숲오피스텔 앞,11,2873
오류동 다숲오피스텔 앞,12,1603
오류동부골든아파트 후문 옆,1,294
오류동부골든아파트 후문 옆,2,329
오류동부골든아파트 후문 옆,3,591
오류동부골든아파트 후문 옆,4,674
오류동부골든아파트 후문 옆,5,802
오류동부골든아파트 후문 옆,6,1058
오류동부골든아파트 후문 옆,7,902
오류동부골든아파트 후문 옆,8,961
오류동부골든아파트 후문 옆,9,1025
오류동부골든아파트 후문 옆,10,1114
오류동부골든아파트 후문 옆,11,1007
오류동부골든아파트 후문 옆,12,501
오류동역 2번출구,1,1704
오류동역 2번출구,2,1920
오류동역 2번출구,3,3180
오류동역 2번출구,4,4122
오류동역 2번출구,5,4641
오류동역 2번출구,6,4613
오류동역 2번출구,7,4004
오류동역 2번출구,8,3614
오류동역 2번출구,9,4656
오류동역 2번출구,10,5000
오류동역 2번출구,11,4185
오류동역 2번출구,12,2518
오류동역 맞은편,1,2098
오류동역 맞은편,2,2358
오류동역 맞은편,3,4239
오류동역 맞은편,4,5733
오류동역 맞은편,5,6572
오류동역 맞은편,6,6705
오류동역 맞은편,7,5822
오류동역 맞은편,8,5562
오류동역 맞은편,9,7087
오류동역 맞은편,10,7849
오류동역 맞은편,11,5698
오류동역 맞은편,12,3046
오륜사거리,1,990
오륜사거리,2,1200
오륜사거리,3,2168
오륜사거리,4,2889
오륜사거리,5,3233
오륜사거리,6,3200
오륜사거리,7,2665
오륜사거리,8,2498
오륜사거리,9,3177
오륜사거리,10,3271
오륜사거리,11,2557
오륜사거리,12,1317
오리로와 서해안도로 교차로 앞,1,741
오리로와 서해안도로 교차로 앞,2,872
오리로와 서해안도로 교차로 앞,3,1401
오리로와 서해안도로 교차로 앞,4,1975
오리로와 서해안도로 교차로 앞,5,2240
오리로와 서해안도로 교차로 앞,6,2293
오리로와 서해안도로 교차로 앞,7,1966
오리로와 서해안도로 교차로 앞,8,1834
오리로와 서해안도로 교차로 앞,9,2325
오리로와 서해안도로 교차로 앞,10,2414
오리로와 서해안도로 교차로 앞,11,1878
오리로와 서해안도로 교차로 앞,12,1185
오목교 동측 지하보도,1,2050
오목교 동측 지하보도,2,2266
오목교 동측 지하보도,3,3991
오목교 동측 지하보도,4,5666
오목교 동측 지하보도,5,5874
오목교 동측 지하보도,6,5776
오목교 동측 지하보도,7,4847
오목교 동측 지하보도,8,5072
오목교 동측 지하보도,9,5932
오목교 동측 지하보도,10,6087
오목교 동측 지하보도,11,5008
오목교 동측 지하보도,12,3059
오목교역 3번출구,1,9167
오목교역 3번출구,2,9659
오목교역 3번출구,3,15038
오목교역 3번출구,4,19035
오목교역 3번출구,5,22039
오목교역 3번출구,6,23184
오목교역 3번출구,7,21490
오목교역 3번출구,8,21155
오목교역 3번출구,9,24028
오목교역 3번출구,10,25454
오목교역 3번출구,11,19683
오목교역 3번출구,12,12638
오목교역 6번 출구,1,3514
오목교역 6번 출구,2,3800
오목교역 6번 출구,3,6109
오목교역 6번 출구,4,7714
오목교역 6번 출구,5,8416
오목교역 6번 출구,6,9118
오목교역 6번 출구,7,7897
오목교역 6번 출구,8,8609
오목교역 6번 출구,9,9153
오목교역 6번 출구,10,9874
오목교역 6번 출구,11,9382
오목교역 6번 출구,12,6304
오목교역 7번출구 앞,1,6680
오목교역 7번출구 앞,2,7018
오목교역 7번출구 앞,3,10907
오목교역 7번출구 앞,4,13591
오목교역 7번출구 앞,5,15082
오목교역 7번출구 앞,6,16198
오목교역 7번출구 앞,7,15464
오목교역 7번출구 앞,8,14827
오목교역 7번출구 앞,9,17108
오목교역 7번출구 앞,10,18329
오목교역 7번출구 앞,11,14329
오목교역 7번출구 앞,12,9596
오목로 무중력지대 앞,1,1148
오목로 무중력지대 앞,2,1548
오목로 무중력지대 앞,3,2966
오목로 무중력지대 앞,4,5280
오목로 무중력지대 앞,5,4520
오목로 무중력지대 앞,6,4127
오목로 무중력지대 앞,7,3397
오목로 무중력지대 앞,8,2938
오목로 무중력지대 앞,9,4210
오목로 무중력지대 앞,10,4065
오목로 무중력지대 앞,11,2556
오목로 무중력지대 앞,12,1521
오솔길공원,1,1550
오솔길공원,2,1731
오솔길공원,3,3104
오솔길공원,4,4133
오솔길공원,5,4581
오솔길공원,6,4813
오솔길공원,7,4211
오솔길공원,8,3627
오솔길공원,9,4828
오솔길공원,10,5111
오솔길공원,11,3946
오솔길공원,12,2293
오스템임플란트비전타워,5,187
오스템임플란트비전타워,6,509
오스템임플란트비전타워,7,522
오스템임플란트비전타워,8,542
오스템임플란트비전타워,9,528
오스템임플란트비전타워,10,246
오스템임플란트비전타워,11,222
오스템임플란트비전타워,12,163
오정초교 앞 보도육교,1,428
오정초교 앞 보도육교,2,434
오정초교 앞 보도육교,3,828
오정초교 앞 보도육교,4,1101
오정초교 앞 보도육교,5,1172
오정초교 앞 보도육교,6,1222
오정초교 앞 보도육교,7,1064
오정초교 앞 보도육교,8,967
오정초교 앞 보도육교,9,1239
오정초교 앞 보도육교,10,1358
오정초교 앞 보도육교,11,926
오정초교 앞 보도육교,12,564
옥수동성당 옆,1,279
옥수동성당 옆,2,292
옥수동성당 옆,3,503
옥수동성당 옆,4,658
옥수동성당 옆,5,562
옥수동성당 옆,6,512
옥수동성당 옆,7,546
옥수동성당 옆,8,532
옥수동성당 옆,9,539
옥수동성당 옆,10,605
옥수동성당 옆,11,467
옥수동성당 옆,12,333
옥수역 3번출구,1,5533
옥수역 3번출구,2,7579
옥수역 3번출구,3,14133
옥수역 3번출구,4,19745
옥수역 3번출구,5,24248
옥수역 3번출구,6,23065
옥수역 3번출구,7,18175
옥수역 3번출구,8,16996
옥수역 3번출구,9,24542
옥수역 3번출구,10,22164
옥수역 3번출구,11,12658
옥수역 3번출구,12,6162
온곡초교 교차로,1,2607
온곡초교 교차로,2,2985
온곡초교 교차로,3,5048
온곡초교 교차로,4,6979
온곡초교 교차로,5,7704
온곡초교 교차로,6,8042
온곡초교 교차로,7,6987
온곡초교 교차로,8,6587
온곡초교 교차로,9,7091
온곡초교 교차로,10,7196
온곡초교 교차로,11,5855
온곡초교 교차로,12,3075
온수역 2번 출구 앞,1,487
온수역 2번 출구 앞,2,550
온수역 2번 출구 앞,3,1024
온수역 2번 출구 앞,4,1493
온수역 2번 출구 앞,5,1828
온수역 2번 출구 앞,6,1836
온수역 2번 출구 앞,7,1399
온수역 2번 출구 앞,8,1234
온수역 2번 출구 앞,9,1575
온수역 2번 출구 앞,10,1659
온수역 2번 출구 앞,11,1379
온수역 2번 출구 앞,12,798
온수역 북측,1,470
온수역 북측,2,554
온수역 북측,3,1069
온수역 북측,4,1548
온수역 북측,5,1742
온수역 북측,6,1624
온수역 북측,7,1429
온수역 북측,8,1299
온수역 북측,9,1737
온수역 북측,10,1754
온수역 북측,11,1399
온수역 북측,12,635
올림픽공원 남2문 앞,1,1682
올림픽공원 남2문 앞,2,2036
올림픽공원 남2문 앞,3,3976
올림픽공원 남2문 앞,4,5602
올림픽공원 남2문 앞,5,6044
올림픽공원 남2문 앞,6,5695
올림픽공원 남2문 앞,7,4245
올림픽공원 남2문 앞,8,3998
올림픽공원 남2문 앞,9,5794
올림픽공원 남2문 앞,10,6380
올림픽공원 남2문 앞,11,4204
올림픽공원 남2문 앞,12,2123
올림픽공원 북2문 A,1,1472
올림픽공원 북2문 A,2,2008
올림픽공원 북2문 A,3,3997
올림픽공원 북2문 A,4,6022
올림픽공원 북2문 A,5,6622
올림픽공원 북2문 A,6,5922
올림픽공원 북2문 A,7,4699
올림픽공원 북2문 A,8,4831
올림픽공원 북2문 A,9,5917
올림픽공원 북2문 A,10,5955
올림픽공원 북2문 A,11,4277
올림픽공원 북2문 A,12,2005
올림픽공원 북2문 B,1,2822
올림픽공원 북2문 B,2,3636
올림픽공원 북2문 B,3,6796
올림픽공원 북2문 B,4,10908
올림픽공원 북2문 B,5,10418
올림픽공원 북2문 B,6,9748
올림픽공원 북2문 B,7,7759
올림픽공원 북2문 B,8,8152
올림픽공원 북2문 B,9,10325
올림픽공원 북2문 B,10,10354
올림픽공원 북2문 B,11,7108
올림픽공원 북2문 B,12,3715
올림픽공원 서1문 앞,1,1174
올림픽공원 서1문 앞,2,1447
올림픽공원 서1문 앞,3,2916
올림픽공원 서1문 앞,4,4278
올림픽공원 서1문 앞,5,4856
올림픽공원 서1문 앞,6,4545
올림픽공원 서1문 앞,7,3731
올림픽공원 서1문 앞,8,3502
올림픽공원 서1문 앞,9,4636
올림픽공원 서1문 앞,10,4935
올림픽공원 서1문 앞,11,3636
올림픽공원 서1문 앞,12,1747
올림픽공원 수영장,1,144
올림픽공원 수영장,2,1324
올림픽공원 수영장,3,2096
올림픽공원 수영장,4,2621
올림픽공원 수영장,5,3472
올림픽공원 수영장,6,5039
올림픽공원 수영장,7,4880
올림픽공원 수영장,8,5264
올림픽공원 수영장,9,5642
올림픽공원 수영장,10,3271
올림픽공원 수영장,11,3002
올림픽공원 수영장,12,1949
올림픽공원 장미광장,1,575
올림픽공원 장미광장,2,779
올림픽공원 장미광장,3,1458
올림픽공원 장미광장,4,2050
올림픽공원 장미광장,5,3873
올림픽공원 장미광장,6,3101
올림픽공원 장미광장,7,1842
올림픽공원 장미광장,8,1804
올림픽공원 장미광장,9,2741
올림픽공원 장미광장,10,3154
올림픽공원 장미광장,11,1841
올림픽공원 장미광장,12,956
올림픽공원사거리(선수촌아파트),1,1828
올림픽공원사거리(선수촌아파트),2,2131
올림픽공원사거리(선수촌아파트),3,3837
올림픽공원사거리(선수촌아파트),4,5143
올림픽공원사거리(선수촌아파트),5,5863
올림픽공원사거리(선수촌아파트),6,6328
올림픽공원사거리(선수촌아파트),7,5359
올림픽공원사거리(선수촌아파트),8,5317
올림픽공원사거리(선수촌아파트),9,5941
올림픽공원사거리(선수촌아파트),10,6034
올림픽공원사거리(선수촌아파트),11,4847
올림픽공원사거리(선수촌아파트),12,2675
올림픽공원역 1번출구 앞,1,3156
올림픽공원역 1번출구 앞,2,3450
올림픽공원역 1번출구 앞,3,5591
올림픽공원역 1번출구 앞,4,7380
올림픽공원역 1번출구 앞,5,8099
올림픽공원역 1번출구 앞,6,8210
올림픽공원역 1번출구 앞,7,7187
올림픽공원역 1번출구 앞,8,6595
올림픽공원역 1번출구 앞,9,7711
올림픽공원역 1번출구 앞,10,8040
올림픽공원역 1번출구 앞,11,6596
올림픽공원역 1번출구 앞,12,4163
올림픽공원역 3번출구,1,6655
올림픽공원역 3번출구,2,8889
올림픽공원역 3번출구,3,17610
올림픽공원역 3번출구,4,25068
올림픽공원역 3번출구,5,28685
올림픽공원역 3번출구,6,26041
올림픽공원역 3번출구,7,19218
올림픽공원역 3번출구,8,19023
올림픽공원역 3번출구,9,27893
올림픽공원역 3번출구,10,28267
올림픽공원역 3번출구,11,18876
올림픽공원역 3번출구,12,9448
올림픽기념 국민생활관 로터리,1,2518
올림픽기념 국민생활관 로터리,2,2651
올림픽기념 국민생활관 로터리,3,4294
올림픽기념 국민생활관 로터리,4,5162
올림픽기념 국민생활관 로터리,5,5728
올림픽기념 국민생활관 로터리,6,6056
올림픽기념 국민생활관 로터리,7,6366
올림픽기념 국민생활관 로터리,8,5814
올림픽기념 국민생활관 로터리,9,5858
올림픽기념 국민생활관 로터리,10,5725
올림픽기념 국민생활관 로터리,11,5390
올림픽기념 국민생활관 로터리,12,3416
올림픽기념 국민생활관 앞,1,287
올림픽기념 국민생활관 앞,2,143
올림픽기념 국민생활관 앞,3,227
올림픽기념 국민생활관 앞,4,241
올림픽기념 국민생활관 앞,5,274
올림픽기념 국민생활관 앞,6,340
올림픽기념 국민생활관 앞,7,254
올림픽기념 국민생활관 앞,8,221
올림픽기념 국민생활관 앞,9,304
올림픽기념 국민생활관 앞,10,146
올림픽기념 국민생활관 앞,11,45
올림픽대교 북단,1,574
올림픽대교 북단,2,476
올림픽대교 북단,3,910
올림픽대교 북단,4,1217
올림픽대교 북단,5,478
올림픽대교 북단,9,4
올림픽대교 북단,10,1050
올림픽대교 북단,11,1101
올림픽대교 북단,12,736
올림픽로 836(아리수로),1,591
올림픽로 836(아리수로),2,825
올림픽로 836(아리수로),3,1564
올림픽로 836(아리수로),4,1908
올림픽로 836(아리수로),5,2082
올림픽로 836(아리수로),6,2169
올림픽로 836(아리수로),7,1813
올림픽로 836(아리수로),8,1817
올림픽로 836(아리수로),9,2687
올림픽로 836(아리수로),10,2437
올림픽로 836(아리수로),11,1755
올림픽로 836(아리수로),12,993
올림픽선수기자촌아파트 123동 근처,1,574
올림픽선수기자촌아파트 123동 근처,2,651
올림픽선수기자촌아파트 123동 근처,3,1044
올림픽선수기자촌아파트 123동 근처,4,1421
올림픽선수기자촌아파트 123동 근처,5,1475
올림픽선수기자촌아파트 123동 근처,6,1605
올림픽선수기자촌아파트 123동 근처,7,1449
올림픽선수기자촌아파트 123동 근처,8,1418
올림픽선수기자촌아파트 123동 근처,9,1797
올림픽선수기자촌아파트 123동 근처,10,1901
올림픽선수기자촌아파트 123동 근처,11,1615
올림픽선수기자촌아파트 123동 근처,12,912
올림픽선수촌아파트 136동 앞,1,791
올림픽선수촌아파트 136동 앞,2,1039
올림픽선수촌아파트 136동 앞,3,1796
올림픽선수촌아파트 136동 앞,4,2396
올림픽선수촌아파트 136동 앞,5,2839
올림픽선수촌아파트 136동 앞,6,3159
올림픽선수촌아파트 136동 앞,7,2738
올림픽선수촌아파트 136동 앞,8,2661
올림픽선수촌아파트 136동 앞,9,2899
올림픽선수촌아파트 136동 앞,10,3026
올림픽선수촌아파트 136동 앞,11,2380
올림픽선수촌아파트 136동 앞,12,1412
올림픽훼미리아파트 112동 앞,1,1430
올림픽훼미리아파트 112동 앞,2,1474
올림픽훼미리아파트 112동 앞,3,2799
올림픽훼미리아파트 112동 앞,4,4128
올림픽훼미리아파트 112동 앞,5,4785
올림픽훼미리아파트 112동 앞,6,4704
올림픽훼미리아파트 112동 앞,7,3937
올림픽훼미리아파트 112동 앞,8,3822
올림픽훼미리아파트 112동 앞,9,3824
올림픽훼미리아파트 112동 앞,10,4350
올림픽훼미리아파트 112동 앞,11,3650
올림픽훼미리아파트 112동 앞,12,2202
왈도강서캠퍼스 앞,1,1694
왈도강서캠퍼스 앞,2,1630
왈도강서캠퍼스 앞,3,2625
왈도강서캠퍼스 앞,4,3150
왈도강서캠퍼스 앞,5,3751
왈도강서캠퍼스 앞,6,4996
왈도강서캠퍼스 앞,7,4214
왈도강서캠퍼스 앞,8,4188
왈도강서캠퍼스 앞,9,4646
왈도강서캠퍼스 앞,10,5028
왈도강서캠퍼스 앞,11,3991
왈도강서캠퍼스 앞,12,2339
왕십리 자이아파트(101동 앞),1,69
왕십리 자이아파트(101동 앞),2,97
왕십리 자이아파트(101동 앞),3,200
왕십리 자이아파트(101동 앞),4,164
왕십리 자이아파트(101동 앞),5,125
왕십리 자이아파트(101동 앞),6,91
왕십리 자이아파트(101동 앞),7,94
왕십리 자이아파트(101동 앞),8,105
왕십리 자이아파트(101동 앞),9,96
왕십리 자이아파트(101동 앞),10,82
왕십리 자이아파트(101동 앞),11,96
왕십리 자이아파트(101동 앞),12,72
왕십리KCC스위첸아파트,1,269
왕십리KCC스위첸아파트,2,279
왕십리KCC스위첸아파트,3,521
왕십리KCC스위첸아파트,4,671
왕십리KCC스위첸아파트,5,573
왕십리KCC스위첸아파트,6,671
왕십리KCC스위첸아파트,7,578
왕십리KCC스위첸아파트,8,556
왕십리KCC스위첸아파트,9,660
왕십리KCC스위첸아파트,10,754
왕십리KCC스위첸아파트,11,679
왕십리KCC스위첸아파트,12,478
왕십리교회옆,1,4368
왕십리교회옆,2,4852
왕십리교회옆,3,8126
왕십리교회옆,4,10393
왕십리교회옆,5,11437
왕십리교회옆,6,12040
왕십리교회옆,7,10459
왕십리교회옆,8,9799
왕십리교회옆,9,11538
왕십리교회옆,10,12206
왕십리교회옆,11,9774
왕십리교회옆,12,5943
왕십리역 11번 출구 앞,1,2575
왕십리역 11번 출구 앞,2,3003
왕십리역 11번 출구 앞,3,5275
왕십리역 11번 출구 앞,4,7182
왕십리역 11번 출구 앞,5,7660
왕십리역 11번 출구 앞,6,7198
왕십리역 11번 출구 앞,7,6233
왕십리역 11번 출구 앞,8,5119
왕십리역 11번 출구 앞,9,7178
왕십리역 11번 출구 앞,10,7381
왕십리역 11번 출구 앞,11,5715
왕십리역 11번 출구 앞,12,3204
왕십리역 4번 출구 건너편,1,3425
왕십리역 4번 출구 건너편,2,3940
왕십리역 4번 출구 건너편,3,7108
왕십리역 4번 출구 건너편,4,8618
왕십리역 4번 출구 건너편,5,10187
왕십리역 4번 출구 건너편,6,9742
왕십리역 4번 출구 건너편,7,8354
왕십리역 4번 출구 건너편,8,7892
왕십리역 4번 출구 건너편,9,9443
왕십리역 4번 출구 건너편,10,9965
왕십리역 4번 출구 건너편,11,7788
왕십리역 4번 출구 건너편,12,4612
왕십리자이아파트 후문(삼거리),1,581
왕십리자이아파트 후문(삼거리),2,674
왕십리자이아파트 후문(삼거리),3,1057
왕십리자이아파트 후문(삼거리),4,1153
왕십리자이아파트 후문(삼거리),5,1167
왕십리자이아파트 후문(삼거리),6,950
왕십리자이아파트 후문(삼거리),7,975
왕십리자이아파트 후문(삼거리),8,946
왕십리자이아파트 후문(삼거리),9,1051
왕십리자이아파트 후문(삼거리),10,1073
왕십리자이아파트 후문(삼거리),11,921
왕십리자이아파트 후문(삼거리),12,600
외국어대 정문 앞,1,3295
외국어대 정문 앞,2,4055
외국어대 정문 앞,3,8872
외국어대 정문 앞,4,10798
외국어대 정문 앞,5,12649
외국어대 정문 앞,6,12564
외국어대 정문 앞,7,10379
외국어대 정문 앞,8,9478
외국어대 정문 앞,9,12555
외국어대 정문 앞,10,12137
외국어대 정문 앞,11,9385
외국어대 정문 앞,12,5037
외대앞역 3번출구,1,2279
외대앞역 3번출구,2,2453
외대앞역 3번출구,3,4589
외대앞역 3번출구,4,4853
외대앞역 3번출구,5,5709
외대앞역 3번출구,6,5746
외대앞역 3번출구,7,5588
외대앞역 3번출구,8,5415
외대앞역 3번출구,9,7819
외대앞역 3번출구,10,7877
외대앞역 3번출구,11,6248
외대앞역 3번출구,12,3477
외대앞역 교차로,1,1507
외대앞역 교차로,2,1835
외대앞역 교차로,3,3686
외대앞역 교차로,4,5235
외대앞역 교차로,5,6290
외대앞역 교차로,6,5809
외대앞역 교차로,7,4511
외대앞역 교차로,8,4048
외대앞역 교차로,9,4984
외대앞역 교차로,10,4453
외대앞역 교차로,11,3277
외대앞역 교차로,12,1926
용강동 주민센터 앞,1,2361
용강동 주민센터 앞,2,2843
용강동 주민센터 앞,3,5286
용강동 주민센터 앞,4,7360
용강동 주민센터 앞,5,8108
용강동 주민센터 앞,6,7940
용강동 주민센터 앞,7,6607
용강동 주민센터 앞,8,6243
용강동 주민센터 앞,9,8278
용강동 주민센터 앞,10,8118
용강동 주민센터 앞,11,5294
용강동 주민센터 앞,12,2798
용답동 우체국 주변,1,1449
용답동 우체국 주변,2,1530
용답동 우체국 주변,3,2759
용답동 우체국 주변,4,3735
용답동 우체국 주변,5,4290
용답동 우체국 주변,6,4600
용답동 우체국 주변,7,4122
용답동 우체국 주변,8,4292
용답동 우체국 주변,9,5023
용답동 우체국 주변,10,5186
용답동 우체국 주변,11,4160
용답동 우체국 주변,12,2508
용답역 1번 출구,1,528
용답역 1번 출구,2,549
용답역 1번 출구,3,1143
용답역 1번 출구,4,1558
용답역 1번 출구,5,1752
용답역 1번 출구,6,1194
용답초등학교,1,434
용답초등학교,2,571
용답초등학교,3,987
용답초등학교,4,1150
용답초등학교,5,1229
용답초등학교,6,1611
용답초등학교,7,1911
용답초등학교,8,978
용답초등학교,9,1727
용답초등학교,10,1544
용답초등학교,11,1159
용답초등학교,12,283
용답토속공원 앞,1,1382
용답토속공원 앞,2,1541
용답토속공원 앞,3,2454
용답토속공원 앞,4,2967
용답토속공원 앞,5,3159
용답토속공원 앞,6,3254
용답토속공원 앞,7,3169
용답토속공원 앞,8,2925
용답토속공원 앞,9,3218
용답토속공원 앞,10,3302
용답토속공원 앞,11,2634
용답토속공원 앞,12,1865
용두동 래미안허브리츠아파트 앞,1,2347
용두동 래미안허브리츠아파트 앞,2,2559
용두동 래미안허브리츠아파트 앞,3,4866
용두동 래미안허브리츠아파트 앞,4,6075
용두동 래미안허브리츠아파트 앞,5,6727
용두동 래미안허브리츠아파트 앞,6,7045
용두동 래미안허브리츠아파트 앞,7,6513
용두동 래미안허브리츠아파트 앞,8,6323
용두동 래미안허브리츠아파트 앞,9,7896
용두동 래미안허브리츠아파트 앞,10,7596
용두동 래미안허브리츠아파트 앞,11,6079
용두동 래미안허브리츠아파트 앞,12,3751
용두동 사거리,1,3722
용두동 사거리,2,4085
용두동 사거리,3,7242
용두동 사거리,4,9307
용두동 사거리,5,8941
용두동 사거리,6,9687
용두동 사거리,7,9759
용두동 사거리,8,9528
용두동 사거리,9,10808
용두동 사거리,10,11059
용두동 사거리,11,9082
용두동 사거리,12,5478
용두롯데캐슬리치아파트 앞,1,1616
용두롯데캐슬리치아파트 앞,2,1860
용두롯데캐슬리치아파트 앞,3,3102
용두롯데캐슬리치아파트 앞,4,3908
용두롯데캐슬리치아파트 앞,5,4530
용두롯데캐슬리치아파트 앞,6,4514
용두롯데캐슬리치아파트 앞,7,3819
용두롯데캐슬리치아파트 앞,8,4012
용두롯데캐슬리치아파트 앞,9,4710
용두롯데캐슬리치아파트 앞,10,4578
용두롯데캐슬리치아파트 앞,11,3621
용두롯데캐슬리치아파트 앞,12,2145
용두역 4번출구,1,3809
용두역 4번출구,2,4498
용두역 4번출구,3,8455
용두역 4번출구,4,10526
용두역 4번출구,5,12195
용두역 4번출구,6,11296
용두역 4번출구,7,9498
용두역 4번출구,8,8876
용두역 4번출구,9,10943
용두역 4번출구,10,11308
용두역 4번출구,11,8282
용두역 4번출구,12,4782
용마복지센터 앞,1,332
용마복지센터 앞,2,417
용마복지센터 앞,3,969
용마복지센터 앞,4,1370
용마복지센터 앞,5,1402
용마복지센터 앞,6,1457
용마복지센터 앞,7,1062
용마복지센터 앞,8,1067
용마복지센터 앞,9,1339
용마복지센터 앞,10,1352
용마복지센터 앞,11,1113
용마복지센터 앞,12,594
용마사거리,1,2817
용마사거리,2,3215
용마사거리,3,5605
용마사거리,4,7399
용마사거리,5,8481
용마사거리,6,8224
용마사거리,7,6857
용마사거리,8,6563
용마사거리,9,8268
용마사거리,10,8255
용마사거리,11,6416
용마사거리,12,3710
용마산역 1번출구,1,573
용마산역 1번출구,2,654
용마산역 1번출구,3,1068
용마산역 1번출구,4,1320
용마산역 1번출구,5,1316
용마산역 1번출구,6,1275
용마산역 1번출구,7,1014
용마산역 1번출구,8,884
용마산역 1번출구,9,1107
용마산역 1번출구,10,1124
용마산역 1번출구,11,830
용마산역 1번출구,12,630
용마지구대 A,1,443
용마지구대 A,2,478
용마지구대 A,3,731
용마지구대 A,4,1004
용마지구대 A,5,985
용마지구대 A,6,1035
용마지구대 A,7,853
용마지구대 A,8,714
용마지구대 A,9,958
용마지구대 A,10,978
용마지구대 A,11,828
용마지구대 A,12,522
용마지구대 B,1,810
용마지구대 B,2,1035
용마지구대 B,3,2046
용마지구대 B,4,2559
용마지구대 B,5,2765
용마지구대 B,6,2846
용마지구대 B,7,2433
용마지구대 B,8,2463
용마지구대 B,9,3369
용마지구대 B,10,3408
용마지구대 B,11,2278
용마지구대 B,12,1286
용마한신아파트사거리,1,398
용마한신아파트사거리,2,535
용마한신아파트사거리,3,1039
용마한신아파트사거리,4,1487
용마한신아파트사거리,5,1567
용마한신아파트사거리,6,1568
용마한신아파트사거리,7,1126
용마한신아파트사거리,8,950
용마한신아파트사거리,9,1479
용마한신아파트사거리,10,1353
용마한신아파트사거리,11,1117
용마한신아파트사거리,12,593
용문2교 옆,1,2281
용문2교 옆,2,2471
용문2교 옆,3,4360
용문2교 옆,4,5442
용문2교 옆,5,6344
용문2교 옆,6,6545
용문2교 옆,7,6285
용문2교 옆,8,5963
용문2교 옆,9,7070
용문2교 옆,10,6739
용문2교 옆,11,5400
용문2교 옆,12,3446
용문사 버스정류장,1,1656
용문사 버스정류장,2,1912
용문사 버스정류장,3,3541
용문사 버스정류장,4,4755
용문사 버스정류장,5,5671
용문사 버스정류장,6,5350
용문사 버스정류장,7,4421
용문사 버스정류장,8,4033
용문사 버스정류장,9,5106
용문사 버스정류장,10,5007
용문사 버스정류장,11,4015
용문사 버스정류장,12,2284
용산 선인상가,1,1215
용산 선인상가,2,1454
용산 선인상가,3,1974
용산 선인상가,4,2480
용산 선인상가,5,2561
용산 선인상가,6,2689
용산 선인상가,7,2546
용산 선인상가,8,2604
용산 선인상가,9,3049
용산 선인상가,10,3160
용산 선인상가,11,2544
용산 선인상가,12,1578
용산 파크타워 앞,1,856
용산 파크타워 앞,2,891
용산 파크타워 앞,3,1588
용산 파크타워 앞,4,2055
용산 파크타워 앞,5,2220
용산 파크타워 앞,6,2154
용산 파크타워 앞,7,1889
용산 파크타워 앞,8,1822
용산 파크타워 앞,9,2255
용산 파크타워 앞,10,2481
용산 파크타워 앞,11,1834
용산 파크타워 앞,12,1130
용산 푸르지오 파크타운 1단지 앞,1,437
용산 푸르지오 파크타운 1단지 앞,2,502
용산 푸르지오 파크타운 1단지 앞,3,819
용산 푸르지오 파크타운 1단지 앞,4,1044
용산 푸르지오 파크타운 1단지 앞,5,1058
용산 푸르지오 파크타운 1단지 앞,6,1073
용산 푸르지오 파크타운 1단지 앞,7,817
용산 푸르지오 파크타운 1단지 앞,8,848
용산 푸르지오 파크타운 1단지 앞,9,968
용산 푸르지오 파크타운 1단지 앞,10,1092
용산 푸르지오 파크타운 1단지 앞,11,848
용산 푸르지오 파크타운 1단지 앞,12,607
용산공원갤러리앞,1,411
용산공원갤러리앞,2,468
용산공원갤러리앞,3,788
용산공원갤러리앞,4,1118
용산공원갤러리앞,5,1221
용산공원갤러리앞,6,1085
용산공원갤러리앞,7,981
용산공원갤러리앞,8,1035
용산공원갤러리앞,9,1225
용산공원갤러리앞,10,1185
용산공원갤러리앞,11,1082
용산공원갤러리앞,12,626
용산구꿈나무종합타운 앞,1,732
용산구꿈나무종합타운 앞,2,884
용산구꿈나무종합타운 앞,3,1655
용산구꿈나무종합타운 앞,4,1964
용산구꿈나무종합타운 앞,5,2401
용산구꿈나무종합타운 앞,6,2703
용산구꿈나무종합타운 앞,7,2323
용산구꿈나무종합타운 앞,8,2453
용산구꿈나무종합타운 앞,9,2875
용산구꿈나무종합타운 앞,10,2744
용산구꿈나무종합타운 앞,11,2068
용산구꿈나무종합타운 앞,12,1205
용산더프라임아파트 101동 앞,1,361
용산더프라임아파트 101동 앞,2,404
용산더프라임아파트 101동 앞,3,758
용산더프라임아파트 101동 앞,4,967
용산더프라임아파트 101동 앞,5,1138
용산더프라임아파트 101동 앞,6,1233
용산더프라임아파트 101동 앞,7,1028
용산더프라임아파트 101동 앞,8,986
용산더프라임아파트 101동 앞,9,1153
용산더프라임아파트 101동 앞,10,1258
용산더프라임아파트 101동 앞,11,1069
용산더프라임아파트 101동 앞,12,598
용산시티파크 101동 앞,1,356
용산시티파크 101동 앞,2,392
용산시티파크 101동 앞,3,817
용산시티파크 101동 앞,4,1156
용산시티파크 101동 앞,5,1416
용산시티파크 101동 앞,6,1604
용산시티파크 101동 앞,7,1362
용산시티파크 101동 앞,8,1289
용산시티파크 101동 앞,9,1671
용산시티파크 101동 앞,10,1787
용산시티파크 101동 앞,11,1141
용산시티파크 101동 앞,12,735
용산역 맞은편,1,4175
용산역 맞은편,2,5228
용산역 맞은편,3,9556
용산역 맞은편,4,13376
용산역 맞은편,5,16387
용산역 맞은편,6,15724
용산역 맞은편,7,13187
용산역 맞은편,8,13379
용산역 맞은편,9,17130
용산역 맞은편,10,17810
용산역 맞은편,11,11751
용산역 맞은편,12,6533
용산전쟁기념관,1,324
용산전쟁기념관,2,393
용산전쟁기념관,3,723
용산전쟁기념관,4,815
용산전쟁기념관,5,846
용산전쟁기념관,6,752
용산전쟁기념관,7,570
용산전쟁기념관,8,512
용산전쟁기념관,9,730
용산전쟁기념관,10,698
용산전쟁기념관,11,440
용산전쟁기념관,12,283
용산중학교,1,1823
용산중학교,2,2051
용산중학교,3,3204
용산중학교,4,4036
용산중학교,5,4434
용산중학교,6,4390
용산중학교,7,4159
용산중학교,8,3684
용산중학교,9,4335
용산중학교,10,4465
용산중학교,11,3629
용산중학교,12,2370
용신동주민센터,1,1398
용신동주민센터,2,1366
용신동주민센터,3,2454
용신동주민센터,4,3025
용신동주민센터,5,3178
용신동주민센터,6,3355
용신동주민센터,7,3311
용신동주민센터,8,2702
용신동주민센터,9,2764
용신동주민센터,10,2885
용신동주민센터,11,2261
용신동주민센터,12,1441
우국한마음 아파트 맞은편,1,1259
우국한마음 아파트 맞은편,2,1410
우국한마음 아파트 맞은편,3,2569
우국한마음 아파트 맞은편,4,3491
우국한마음 아파트 맞은편,5,3533
우국한마음 아파트 맞은편,6,3222
우국한마음 아파트 맞은편,7,2605
우국한마음 아파트 맞은편,8,2727
우국한마음 아파트 맞은편,9,3372
우국한마음 아파트 맞은편,10,3879
우국한마음 아파트 맞은편,11,3405
우국한마음 아파트 맞은편,12,1958
우리은행 방배동지점 앞,1,1007
우리은행 방배동지점 앞,2,1267
우리은행 방배동지점 앞,3,2085
우리은행 방배동지점 앞,4,2970
우리은행 방배동지점 앞,5,3262
우리은행 방배동지점 앞,6,3361
우리은행 방배동지점 앞,7,3262
우리은행 방배동지점 앞,8,3156
우리은행 방배동지점 앞,9,3703
우리은행 방배동지점 앞,10,3746
우리은행 방배동지점 앞,11,2493
우리은행 방배동지점 앞,12,1449
우리은행 시흥남자동화점 앞,1,590
우리은행 시흥남자동화점 앞,2,671
우리은행 시흥남자동화점 앞,3,1092
우리은행 시흥남자동화점 앞,4,1478
우리은행 시흥남자동화점 앞,5,1513
우리은행 시흥남자동화점 앞,6,1840
우리은행 시흥남자동화점 앞,7,1575
우리은행 시흥남자동화점 앞,8,1490
우리은행 시흥남자동화점 앞,9,1776
우리은행 시흥남자동화점 앞,10,1768
우리은행 시흥남자동화점 앞,11,1406
우리은행 시흥남자동화점 앞,12,865
우리은행 앞,1,824
우리은행 앞,2,809
우리은행 앞,3,1305
우리은행 앞,4,1582
우리은행 앞,5,1896
우리은행 앞,6,1821
우리은행 앞,7,1599
우리은행 앞,8,2011
우리은행 앞,9,3819
우리은행 앞,10,4018
우리은행 앞,11,3346
우리은행 앞,12,2272
우리은행장안지점 앞,1,722
우리은행장안지점 앞,2,564
우리은행장안지점 앞,3,984
우리은행장안지점 앞,4,1220
우리은행장안지점 앞,5,1365
우리은행장안지점 앞,6,1465
우리은행장안지점 앞,7,1284
우리은행장안지점 앞,8,1233
우리은행장안지점 앞,9,1501
우리은행장안지점 앞,10,2099
우리은행장안지점 앞,11,2828
우리은행장안지점 앞,12,1793
우리은행청량리지점앞,1,186
우리은행청량리지점앞,2,179
우리은행청량리지점앞,3,300
우리은행청량리지점앞,4,317
우리은행청량리지점앞,5,343
우리은행청량리지점앞,6,144
우면산등산로 입구,1,105
우면산등산로 입구,2,115
우면산등산로 입구,3,177
우면산등산로 입구,4,263
우면산등산로 입구,5,197
우면산등산로 입구,6,208
우면산등산로 입구,7,202
우면산등산로 입구,8,162
우면산등산로 입구,9,198
우면산등산로 입구,10,159
우면산등산로 입구,11,171
우면산등산로 입구,12,88
우물골 근린공원,1,550
우물골 근린공원,2,527
우물골 근린공원,3,1062
우물골 근린공원,4,1258
우물골 근린공원,5,1517
우물골 근린공원,6,1582
우물골 근린공원,7,1331
우물골 근린공원,8,1379
우물골 근린공원,9,1918
우물골 근린공원,10,1932
우물골 근린공원,11,1490
우물골 근린공원,12,877
우성4차아파트,1,2198
우성4차아파트,2,2476
우성4차아파트,3,4268
우성4차아파트,4,5578
우성4차아파트,5,6199
우성4차아파트,6,6382
우성4차아파트,7,6148
우성4차아파트,8,6098
우성4차아파트,9,6736
우성4차아파트,10,6916
우성4차아파트,11,5996
우성4차아파트,12,3667
우성식품 앞,1,2074
우성식품 앞,2,2241
우성식품 앞,3,3882
우성식품 앞,4,5254
우성식품 앞,5,5445
우성식품 앞,6,5641
우성식품 앞,7,5062
우성식품 앞,8,4852
우성식품 앞,9,5475
우성식품 앞,10,5700
우성식품 앞,11,4906
우성식품 앞,12,2954
우성아파트 교차로,1,1892
우성아파트 교차로,2,2078
우성아파트 교차로,3,3305
우성아파트 교차로,4,4209
우성아파트 교차로,5,4887
우성아파트 교차로,6,5098
우성아파트 교차로,7,4477
우성아파트 교차로,8,4452
우성아파트 교차로,9,5113
우성아파트 교차로,10,5475
우성아파트 교차로,11,3844
우성아파트 교차로,12,2478
우성아파트 앞,1,2030
우성아파트 앞,2,1920
우성아파트 앞,3,1954
우성아파트 앞,4,2309
우성아파트 앞,5,2904
우성아파트 앞,6,3641
우성아파트 앞,7,4173
우성아파트 앞,8,4071
우성아파트 앞,9,4468
우성아파트 앞,10,4950
우성아파트 앞,11,3835
우성아파트 앞,12,2209
우성아파트사거리 (기업은행앞),1,2722
우성아파트사거리 (기업은행앞),2,3063
우성아파트사거리 (기업은행앞),3,4747
우성아파트사거리 (기업은행앞),4,6074
우성아파트사거리 (기업은행앞),5,6623
우성아파트사거리 (기업은행앞),6,6445
우성아파트사거리 (기업은행앞),7,5621
우성아파트사거리 (기업은행앞),8,5668
우성아파트사거리 (기업은행앞),9,6245
우성아파트사거리 (기업은행앞),10,6782
우성아파트사거리 (기업은행앞),11,5115
우성아파트사거리 (기업은행앞),12,2919
우솔초등학교 맞은편,1,368
우솔초등학교 맞은편,2,387
우솔초등학교 맞은편,3,853
우솔초등학교 맞은편,4,1186
우솔초등학교 맞은편,5,1153
우솔초등학교 맞은편,6,1191
우솔초등학교 맞은편,7,923
우솔초등학교 맞은편,8,811
우솔초등학교 맞은편,9,1144
우솔초등학교 맞은편,10,1160
우솔초등학교 맞은편,11,857
우솔초등학교 맞은편,12,478
우영테크노센터 앞,1,2531
우영테크노센터 앞,2,2698
우영테크노센터 앞,3,4676
우영테크노센터 앞,4,6241
우영테크노센터 앞,5,6862
우영테크노센터 앞,6,6652
우영테크노센터 앞,7,5759
우영테크노센터 앞,8,5476
우영테크노센터 앞,9,6570
우영테크노센터 앞,10,7035
우영테크노센터 앞,11,5624
우영테크노센터 앞,12,3768
우이교 교차로,1,1254
우이교 교차로,2,1544
우이교 교차로,3,3143
우이교 교차로,4,4612
우이교 교차로,5,4395
우이교 교차로,6,4545
우이교 교차로,7,3915
우이교 교차로,8,4294
우이교 교차로,9,5617
우이교 교차로,10,5761
우이교 교차로,11,3752
우이교 교차로,12,2001
우이동 먹거리마을,1,210
우이동 먹거리마을,2,276
우이동 먹거리마을,3,478
우이동 먹거리마을,4,582
우이동 먹거리마을,5,649
우이동 먹거리마을,6,630
우이동 먹거리마을,7,646
우이동 먹거리마을,8,553
우이동 먹거리마을,9,578
우이동 먹거리마을,10,553
우이동 먹거리마을,11,508
우이동 먹거리마을,12,291
우이동길마을마당,1,1002
우이동길마을마당,2,1247
우이동길마을마당,3,2008
우이동길마을마당,4,2566
우이동길마을마당,5,2701
우이동길마을마당,6,2892
우이동길마을마당,7,2491
우이동길마을마당,8,2346
우이동길마을마당,9,2880
우이동길마을마당,10,2828
우이동길마을마당,11,2397
우이동길마을마당,12,1400
우이천 창번교,1,532
우이천 창번교,2,637
우이천 창번교,3,1138
우이천 창번교,4,1588
우이천 창번교,5,1765
우이천 창번교,6,1755
우이천 창번교,7,1388
우이천 창번교,8,1446
우이천 창번교,9,1276
우이천 창번교,10,1325
우이천 창번교,11,1227
우이천 창번교,12,808
우장산동 가곡어린이공원앞,1,3839
우장산동 가곡어린이공원앞,2,4076
우장산동 가곡어린이공원앞,3,6049
우장산동 가곡어린이공원앞,4,7815
우장산동 가곡어린이공원앞,5,9275
우장산동 가곡어린이공원앞,6,11009
우장산동 가곡어린이공원앞,7,9284
우장산동 가곡어린이공원앞,8,8894
우장산동 가곡어린이공원앞,9,10672
우장산동 가곡어린이공원앞,10,11357
우장산동 가곡어린이공원앞,11,10280
우장산동 가곡어린이공원앞,12,6460
우장산역 1번출구옆(우장산아이파크105동앞),1,3356
우장산역 1번출구옆(우장산아이파크105동앞),2,3541
우장산역 1번출구옆(우장산아이파크105동앞),3,5845
우장산역 1번출구옆(우장산아이파크105동앞),4,7716
우장산역 1번출구옆(우장산아이파크105동앞),5,8686
우장산역 1번출구옆(우장산아이파크105동앞),6,9221
우장산역 1번출구옆(우장산아이파크105동앞),7,6839
우장산역 1번출구옆(우장산아이파크105동앞),8,7377
우장산역 1번출구옆(우장산아이파크105동앞),9,8634
우장산역 1번출구옆(우장산아이파크105동앞),10,9173
우장산역 1번출구옆(우장산아이파크105동앞),11,7793
우장산역 1번출구옆(우장산아이파크105동앞),12,4336
우장산역 3번출구,1,2958
우장산역 3번출구,2,2977
우장산역 3번출구,3,5013
우장산역 3번출구,4,6819
우장산역 3번출구,5,8027
우장산역 3번출구,6,8052
우장산역 3번출구,7,7148
우장산역 3번출구,8,6461
우장산역 3번출구,9,8082
우장산역 3번출구,10,8663
우장산역 3번출구,11,6759
우장산역 3번출구,12,3818
우장산역 헤링턴타워 앞,1,1814
우장산역 헤링턴타워 앞,2,1895
우장산역 헤링턴타워 앞,3,2917
우장산역 헤링턴타워 앞,4,3854
우장산역 헤링턴타워 앞,5,4600
우장산역 헤링턴타워 앞,6,4951
우장산역 헤링턴타워 앞,7,4070
우장산역 헤링턴타워 앞,8,4349
우장산역 헤링턴타워 앞,9,5233
우장산역 헤링턴타워 앞,10,5328
우장산역 헤링턴타워 앞,11,4050
우장산역 헤링턴타워 앞,12,2679
우장초등학교 앞,1,2611
우장초등학교 앞,2,2688
우장초등학교 앞,3,4667
우장초등학교 앞,4,6125
우장초등학교 앞,5,7393
우장초등학교 앞,6,7775
우장초등학교 앞,7,6898
우장초등학교 앞,8,6718
우장초등학교 앞,9,8053
우장초등학교 앞,10,8434
우장초등학교 앞,11,6525
우장초등학교 앞,12,3821
원남동사거리,1,2435
원남동사거리,2,2602
원남동사거리,3,4588
원남동사거리,4,5590
원남동사거리,5,5691
원남동사거리,6,5176
원남동사거리,7,4530
원남동사거리,8,4258
원남동사거리,9,5577
원남동사거리,10,6194
원남동사거리,11,5379
원남동사거리,12,3281
원당공원 앞,1,1124
원당공원 앞,2,1415
원당공원 앞,3,2434
원당공원 앞,4,3405
원당공원 앞,5,4063
원당공원 앞,6,4576
원당공원 앞,7,4087
원당공원 앞,8,3886
원당공원 앞,9,4374
원당공원 앞,10,4298
원당공원 앞,11,3336
원당공원 앞,12,1651
원당근린공원,1,2072
원당근린공원,2,1873
원당근린공원,3,2912
원당근린공원,4,4835
원당근린공원,5,6402
원당근린공원,6,7217
원당근린공원,7,6149
원당근린공원,8,6606
원당근린공원,9,6737
원당근린공원,10,7364
원당근린공원,11,5751
원당근린공원,12,3720
원메디타운 앞,1,2609
원메디타운 앞,2,2863
원메디타운 앞,3,4826
원메디타운 앞,4,7110
원메디타운 앞,5,7782
원메디타운 앞,6,9135
원메디타운 앞,7,7164
원메디타운 앞,8,6803
원메디타운 앞,9,8763
원메디타운 앞,10,9102
원메디타운 앞,11,7230
원메디타운 앞,12,4482
원묵고등학교,1,1752
원묵고등학교,2,1998
원묵고등학교,3,3164
원묵고등학교,4,4117
원묵고등학교,5,4301
원묵고등학교,6,4641
원묵고등학교,7,4215
원묵고등학교,8,4096
원묵고등학교,9,4475
원묵고등학교,10,4351
원묵고등학교,11,3768
원묵고등학교,12,2244
원일교회,1,4254
원일교회,2,4350
원일교회,3,7162
원일교회,4,9045
원일교회,5,9469
원일교회,6,10532
원일교회,7,9514
원일교회,8,9480
원일교회,9,10727
원일교회,10,10837
원일교회,11,8982
원일교회,12,5611
원자력 병원,1,705
원자력 병원,2,909
원자력 병원,3,1686
원자력 병원,4,2315
원자력 병원,5,2475
원자력 병원,6,2308
원자력 병원,7,2013
원자력 병원,8,1633
원자력 병원,9,2073
원자력 병원,10,2105
원자력 병원,11,1754
원자력 병원,12,959
원풍빌라앞,1,872
원풍빌라앞,2,990
원풍빌라앞,3,1905
원풍빌라앞,4,2529
원풍빌라앞,5,2771
원풍빌라앞,6,2679
원풍빌라앞,7,2727
원풍빌라앞,8,2502
원풍빌라앞,9,3229
원풍빌라앞,10,2982
원풍빌라앞,11,2407
원풍빌라앞,12,1531
원효로2가 교차로,1,699
원효로2가 교차로,2,736
원효로2가 교차로,3,1275
원효로2가 교차로,4,1626
원효로2가 교차로,5,1891
원효로2가 교차로,6,1954
원효로2가 교차로,7,1467
원효로2가 교차로,8,1618
원효로2가 교차로,9,2103
원효로2가 교차로,10,2501
원효로2가 교차로,11,2013
원효로2가 교차로,12,1104
원효로다목적체육관 앞,1,660
원효로다목적체육관 앞,2,674
원효로다목적체육관 앞,3,1322
원효로다목적체육관 앞,4,1677
원효로다목적체육관 앞,5,1920
원효로다목적체육관 앞,6,1767
원효로다목적체육관 앞,7,1817
원효로다목적체육관 앞,8,1728
원효로다목적체육관 앞,9,2018
원효로다목적체육관 앞,10,2120
원효로다목적체육관 앞,11,1584
원효로다목적체육관 앞,12,916
월계 고등학교 앞,1,46
월계 고등학교 앞,2,72
월계 고등학교 앞,3,204
월계 고등학교 앞,4,502
월계 고등학교 앞,5,667
월계 고등학교 앞,6,773
월계 고등학교 앞,7,620
월계 고등학교 앞,8,540
월계 고등학교 앞,9,678
월계 고등학교 앞,10,662
월계 고등학교 앞,11,549
월계 고등학교 앞,12,351
월계 롯데캐슬아파트 뒤,1,766
월계 롯데캐슬아파트 뒤,2,816
월계 롯데캐슬아파트 뒤,3,1587
월계 롯데캐슬아파트 뒤,4,2307
월계 롯데캐슬아파트 뒤,5,2286
월계 롯데캐슬아파트 뒤,6,2250
월계 롯데캐슬아파트 뒤,7,1756
월계 롯데캐슬아파트 뒤,8,2140
월계 롯데캐슬아파트 뒤,9,2795
월계 롯데캐슬아파트 뒤,10,2976
월계 롯데캐슬아파트 뒤,11,2304
월계 롯데캐슬아파트 뒤,12,1377
월계 센트럴 아이파크,1,1239
월계 센트럴 아이파크,2,1423
월계 센트럴 아이파크,3,2928
월계 센트럴 아이파크,4,4426
월계 센트럴 아이파크,5,5078
월계 센트럴 아이파크,6,4551
월계 센트럴 아이파크,7,3360
월계 센트럴 아이파크,8,3442
월계 센트럴 아이파크,9,4609
월계 센트럴 아이파크,10,4479
월계 센트럴 아이파크,11,3522
월계 센트럴 아이파크,12,2085
월계 청백1단지 아파트 정류장,1,631
월계 청백1단지 아파트 정류장,2,675
월계 청백1단지 아파트 정류장,3,1038
월계 청백1단지 아파트 정류장,4,1531
월계 청백1단지 아파트 정류장,5,1658
월계 청백1단지 아파트 정류장,6,1655
월계 청백1단지 아파트 정류장,7,1602
월계 청백1단지 아파트 정류장,8,1459
월계 청백1단지 아파트 정류장,9,1692
월계 청백1단지 아파트 정류장,10,1693
월계 청백1단지 아파트 정류장,11,1370
월계 청백1단지 아파트 정류장,12,920
월계1동주민센터 앞,1,845
월계1동주민센터 앞,2,880
월계1동주민센터 앞,3,1540
월계1동주민센터 앞,4,1906
월계1동주민센터 앞,5,2343
월계1동주민센터 앞,6,2410
월계1동주민센터 앞,7,1891
월계1동주민센터 앞,8,1950
월계1동주민센터 앞,9,2632
월계1동주민센터 앞,10,2883
월계1동주민센터 앞,11,2335
월계1동주민센터 앞,12,1248
월계2교 교차로,1,424
월계2교 교차로,2,568
월계2교 교차로,3,965
월계2교 교차로,4,1318
월계2교 교차로,5,1470
월계2교 교차로,6,1375
월계2교 교차로,7,1234
월계2교 교차로,8,1148
월계2교 교차로,9,1353
월계2교 교차로,10,813
월계2교 교차로,11,572
월계2교 교차로,12,368
월계2교 버스정류장 앞,1,1177
월계2교 버스정류장 앞,2,1305
월계2교 버스정류장 앞,3,2359
월계2교 버스정류장 앞,4,3058
월계2교 버스정류장 앞,5,3253
월계2교 버스정류장 앞,6,2976
월계2교 버스정류장 앞,7,2325
월계2교 버스정류장 앞,8,2139
월계2교 버스정류장 앞,9,2782
월계2교 버스정류장 앞,10,2898
월계2교 버스정류장 앞,11,2410
월계2교 버스정류장 앞,12,1444
월계문화체육센터,1,349
월계문화체육센터,2,309
월계문화체육센터,3,644
월계문화체육센터,4,889
월계문화체육센터,5,935
월계문화체육센터,6,873
월계문화체육센터,7,947
월계문화체육센터,8,910
월계문화체육센터,9,918
월계문화체육센터,10,844
월계문화체육센터,11,629
월계문화체육센터,12,418
월계미륭아파트 정문,1,158
월계미륭아파트 정문,2,203
월계미륭아파트 정문,3,309
월계미륭아파트 정문,4,357
월계미륭아파트 정문,5,379
월계미륭아파트 정문,6,516
월계미륭아파트 정문,7,697
월계미륭아파트 정문,8,707
월계미륭아파트 정문,9,1028
월계미륭아파트 정문,10,967
월계미륭아파트 정문,11,681
월계미륭아파트 정문,12,485
월계역 1번 출구,1,1032
월계역 1번 출구,2,1137
월계역 1번 출구,3,2267
월계역 1번 출구,4,3312
월계역 1번 출구,5,4004
월계역 1번 출구,6,3566
월계역 1번 출구,7,2902
월계역 1번 출구,8,2796
월계역 1번 출구,9,3936
월계역 1번 출구,10,3950
월계역 1번 출구,11,3092
월계역 1번 출구,12,1848
월계중학교,1,407
월계중학교,2,551
월계중학교,3,1213
월계중학교,4,1605
월계중학교,5,1752
월계중학교,6,1895
월계중학교,7,1489
월계중학교,8,1458
월계중학교,9,1819
월계중학교,10,1665
월계중학교,11,1508
월계중학교,12,800
월계초안아파트 1단지,1,721
월계초안아파트 1단지,2,868
월계초안아파트 1단지,3,1310
월계초안아파트 1단지,4,1585
월계초안아파트 1단지,5,1752
월계초안아파트 1단지,6,2036
월계초안아파트 1단지,7,2077
월계초안아파트 1단지,8,2102
월계초안아파트 1단지,9,2461
월계초안아파트 1단지,10,2353
월계초안아파트 1단지,11,1779
월계초안아파트 1단지,12,1066
월계프라자,1,779
월계프라자,2,884
월계프라자,3,1589
월계프라자,4,2275
월계프라자,5,2564
월계프라자,6,2349
월계프라자,7,2251
월계프라자,8,2222
월계프라자,9,2550
월계프라자,10,2497
월계프라자,11,2216
월계프라자,12,1348
월곡역 3번출구,1,3805
월곡역 3번출구,2,4062
월곡역 3번출구,3,7546
월곡역 3번출구,4,10083
월곡역 3번출구,5,10784
월곡역 3번출구,6,10530
월곡역 3번출구,7,9420
월곡역 3번출구,8,8843
월곡역 3번출구,9,10956
월곡역 3번출구,10,11276
월곡역 3번출구,11,9206
월곡역 3번출구,12,5387
월곡역 5번출구 앞,1,2097
월곡역 5번출구 앞,2,2526
월곡역 5번출구 앞,3,4713
월곡역 5번출구 앞,4,4723
월곡역 5번출구 앞,5,7158
월곡역 5번출구 앞,6,7352
월곡역 5번출구 앞,7,6086
월곡역 5번출구 앞,8,5796
월곡역 5번출구 앞,9,7988
월곡역 5번출구 앞,10,7933
월곡역 5번출구 앞,11,5541
월곡역 5번출구 앞,12,3128
월곡역 입구 육교 밑,1,676
월곡역 입구 육교 밑,2,724
월곡역 입구 육교 밑,3,1327
월곡역 입구 육교 밑,4,1952
월곡역 입구 육교 밑,5,1713
월곡역 입구 육교 밑,6,1231
월곡역 입구 육교 밑,7,1038
월곡역 입구 육교 밑,8,893
월곡역 입구 육교 밑,9,1375
월곡역 입구 육교 밑,10,1242
월곡역 입구 육교 밑,11,918
월곡역 입구 육교 밑,12,639
월드메르디앙 벤처센터 2차,1,2184
월드메르디앙 벤처센터 2차,2,2437
월드메르디앙 벤처센터 2차,3,4583
월드메르디앙 벤처센터 2차,4,6528
월드메르디앙 벤처센터 2차,5,6648
월드메르디앙 벤처센터 2차,6,6130
월드메르디앙 벤처센터 2차,7,4974
월드메르디앙 벤처센터 2차,8,4182
월드메르디앙 벤처센터 2차,9,6248
월드메르디앙 벤처센터 2차,10,7190
월드메르디앙 벤처센터 2차,11,5524
월드메르디앙 벤처센터 2차,12,2945
월드빌딩 앞,1,788
월드빌딩 앞,2,737
월드빌딩 앞,3,1264
월드빌딩 앞,4,1805
월드빌딩 앞,5,2061
월드빌딩 앞,6,2411
월드빌딩 앞,7,1935
월드빌딩 앞,8,2221
월드빌딩 앞,9,2357
월드빌딩 앞,10,2320
월드빌딩 앞,11,2048
월드빌딩 앞,12,1452
월드전기조명인테리어(우이동),1,297
월드전기조명인테리어(우이동),2,349
월드전기조명인테리어(우이동),3,579
월드전기조명인테리어(우이동),4,719
월드전기조명인테리어(우이동),5,722
월드전기조명인테리어(우이동),6,812
월드전기조명인테리어(우이동),7,687
월드전기조명인테리어(우이동),8,404
월드전기조명인테리어(우이동),9,579
월드전기조명인테리어(우이동),10,545
월드전기조명인테리어(우이동),11,424
월드전기조명인테리어(우이동),12,298
월드컵경기장역 3번출구 옆,1,3038
월드컵경기장역 3번출구 옆,2,4322
월드컵경기장역 3번출구 옆,3,8648
월드컵경기장역 3번출구 옆,4,11098
월드컵경기장역 3번출구 옆,5,12564
월드컵경기장역 3번출구 옆,6,11763
월드컵경기장역 3번출구 옆,7,9246
월드컵경기장역 3번출구 옆,8,8818
월드컵경기장역 3번출구 옆,9,13778
월드컵경기장역 3번출구 옆,10,12642
월드컵경기장역 3번출구 옆,11,7126
월드컵경기장역 3번출구 옆,12,3362
월드컵공원,1,2639
월드컵공원,2,4070
월드컵공원,3,9704
월드컵공원,4,14087
월드컵공원,5,15931
월드컵공원,6,12880
월드컵공원,7,8331
월드컵공원,8,9016
월드컵공원,9,16144
월드컵공원,10,16065
월드컵공원,11,7553
월드컵공원,12,3017
월드컵참누리아파트,1,551
월드컵참누리아파트,2,577
월드컵참누리아파트,3,928
월드컵참누리아파트,4,1227
월드컵참누리아파트,5,1271
월드컵참누리아파트,6,1335
월드컵참누리아파트,7,1268
월드컵참누리아파트,8,1617
월드컵참누리아파트,9,1892
월드컵참누리아파트,10,2071
월드컵참누리아파트,11,1556
월드컵참누리아파트,12,1034
월드컵파크 4단지,1,528
월드컵파크 4단지,2,662
월드컵파크 4단지,3,1230
월드컵파크 4단지,4,1797
월드컵파크 4단지,5,1996
월드컵파크 4단지,6,2001
월드컵파크 4단지,7,1672
월드컵파크 4단지,8,1629
월드컵파크 4단지,9,2056
월드컵파크 4단지,10,2159
월드컵파크 4단지,11,1338
월드컵파크 4단지,12,649
월정초 사거리,1,723
월정초 사거리,2,712
월정초 사거리,3,1291
월정초 사거리,4,1583
월정초 사거리,5,1366
월정초 사거리,6,1476
월정초 사거리,7,1519
월정초 사거리,8,1777
월정초 사거리,9,2074
월정초 사거리,10,2530
월정초 사거리,11,2048
월정초 사거리,12,1276
월정초교 앞 사거리,1,141
월정초교 앞 사거리,2,123
월정초교 앞 사거리,3,219
월정초교 앞 사거리,4,336
월정초교 앞 사거리,5,566
월정초교 앞 사거리,6,537
월정초교 앞 사거리,11,159
월정초교 앞 사거리,12,168
웨스틴 조선호텔,1,668
웨스틴 조선호텔,2,804
웨스틴 조선호텔,3,1488
웨스틴 조선호텔,4,1840
웨스틴 조선호텔,5,2126
웨스틴 조선호텔,6,2088
웨스틴 조선호텔,7,2107
웨스틴 조선호텔,8,1941
웨스틴 조선호텔,9,2275
웨스틴 조선호텔,10,2487
웨스틴 조선호텔,11,2087
웨스틴 조선호텔,12,1183
웰니스센터(민방위교육장 앞),1,1821
웰니스센터(민방위교육장 앞),2,2349
웰니스센터(민방위교육장 앞),3,3600
웰니스센터(민방위교육장 앞),4,5044
웰니스센터(민방위교육장 앞),5,5393
웰니스센터(민방위교육장 앞),6,4963
웰니스센터(민방위교육장 앞),7,4170
웰니스센터(민방위교육장 앞),8,3737
웰니스센터(민방위교육장 앞),9,4865
웰니스센터(민방위교육장 앞),10,5615
웰니스센터(민방위교육장 앞),11,4922
웰니스센터(민방위교육장 앞),12,2646
웰츠타워 오피스텔,1,1731
웰츠타워 오피스텔,2,2200
웰츠타워 오피스텔,3,3880
웰츠타워 오피스텔,4,5165
웰츠타워 오피스텔,5,5722
웰츠타워 오피스텔,6,6096
웰츠타워 오피스텔,7,5243
웰츠타워 오피스텔,8,5369
웰츠타워 오피스텔,9,5601
웰츠타워 오피스텔,10,5731
웰츠타워 오피스텔,11,4681
웰츠타워 오피스텔,12,3127
위너스 스포츠클럽 골프연습장옆,1,612
위너스 스포츠클럽 골프연습장옆,2,632
위너스 스포츠클럽 골프연습장옆,3,1085
위너스 스포츠클럽 골프연습장옆,4,1211
위너스 스포츠클럽 골프연습장옆,5,1366
위너스 스포츠클럽 골프연습장옆,6,1566
위너스 스포츠클럽 골프연습장옆,7,1494
위너스 스포츠클럽 골프연습장옆,8,1347
위너스 스포츠클럽 골프연습장옆,9,1543
위너스 스포츠클럽 골프연습장옆,10,1540
위너스 스포츠클럽 골프연습장옆,11,1274
위너스 스포츠클럽 골프연습장옆,12,813
위례 포레샤인 1809동 부근,1,575
위례 포레샤인 1809동 부근,2,544
위례 포레샤인 1809동 부근,3,1009
위례 포레샤인 1809동 부근,4,1563
위례 포레샤인 1809동 부근,5,1511
위례 포레샤인 1809동 부근,6,1553
위례 포레샤인 1809동 부근,7,1465
위례 포레샤인 1809동 부근,8,1363
위례 포레샤인 1809동 부근,9,1672
위례 포레샤인 1809동 부근,10,1802
위례 포레샤인 1809동 부근,11,1336
위례 포레샤인 1809동 부근,12,624
위례22단지 2208동 다리앞,1,520
위례22단지 2208동 다리앞,2,624
위례22단지 2208동 다리앞,3,1233
위례22단지 2208동 다리앞,4,1587
위례22단지 2208동 다리앞,5,1670
위례22단지 2208동 다리앞,6,1819
위례22단지 2208동 다리앞,7,1497
위례22단지 2208동 다리앞,8,1360
위례22단지 2208동 다리앞,9,1829
위례22단지 2208동 다리앞,10,1982
위례22단지 2208동 다리앞,11,1695
위례22단지 2208동 다리앞,12,1017
위례동주민센터,1,2584
위례동주민센터,2,3018
위례동주민센터,3,5545
위례동주민센터,4,8017
위례동주민센터,5,9469
위례동주민센터,6,9380
위례동주민센터,7,7396
위례동주민센터,8,7233
위례동주민센터,9,8658
위례동주민센터,10,8960
위례동주민센터,11,6232
위례동주민센터,12,2909
위례별 유치원 뒤,1,783
위례별 유치원 뒤,2,888
위례별 유치원 뒤,3,1630
위례별 유치원 뒤,4,2376
위례별 유치원 뒤,5,2585
위례별 유치원 뒤,6,2364
위례별 유치원 뒤,7,1781
위례별 유치원 뒤,8,1753
위례별 유치원 뒤,9,1992
위례별 유치원 뒤,10,2052
위례별 유치원 뒤,11,1693
위례별 유치원 뒤,12,1110
위례송파꿈에그린아파트24단지 앞 성벽 다리 밑,1,863
위례송파꿈에그린아파트24단지 앞 성벽 다리 밑,2,937
위례송파꿈에그린아파트24단지 앞 성벽 다리 밑,3,1600
위례송파꿈에그린아파트24단지 앞 성벽 다리 밑,4,2122
위례송파꿈에그린아파트24단지 앞 성벽 다리 밑,5,2326
위례송파꿈에그린아파트24단지 앞 성벽 다리 밑,6,2453
위례송파꿈에그린아파트24단지 앞 성벽 다리 밑,7,1904
위례송파꿈에그린아파트24단지 앞 성벽 다리 밑,8,2038
위례송파꿈에그린아파트24단지 앞 성벽 다리 밑,9,2615
위례송파꿈에그린아파트24단지 앞 성벽 다리 밑,10,2396
위례송파꿈에그린아파트24단지 앞 성벽 다리 밑,11,1926
위례송파꿈에그린아파트24단지 앞 성벽 다리 밑,12,1193
위례아이파크 101동 맞은편,1,752
위례아이파크 101동 맞은편,2,857
위례아이파크 101동 맞은편,3,1558
위례아이파크 101동 맞은편,4,1920
위례아이파크 101동 맞은편,5,2148
위례아이파크 101동 맞은편,6,2290
위례아이파크 101동 맞은편,7,1803
위례아이파크 101동 맞은편,8,1636
위례아이파크 101동 맞은편,9,1994
위례아이파크 101동 맞은편,10,2143
위례아이파크 101동 맞은편,11,1767
위례아이파크 101동 맞은편,12,1073
위례중앙푸르지오 1단지 앞,1,1573
위례중앙푸르지오 1단지 앞,2,1821
위례중앙푸르지오 1단지 앞,3,3409
위례중앙푸르지오 1단지 앞,4,4627
위례중앙푸르지오 1단지 앞,5,5043
위례중앙푸르지오 1단지 앞,6,5148
위례중앙푸르지오 1단지 앞,7,4040
위례중앙푸르지오 1단지 앞,8,3530
위례중앙푸르지오 1단지 앞,9,4656
위례중앙푸르지오 1단지 앞,10,4491
위례중앙푸르지오 1단지 앞,11,3614
위례중앙푸르지오 1단지 앞,12,2052
위례중앙푸르지오 201동 앞,1,1965
위례중앙푸르지오 201동 앞,2,2357
위례중앙푸르지오 201동 앞,3,4337
위례중앙푸르지오 201동 앞,4,6489
위례중앙푸르지오 201동 앞,5,7099
위례중앙푸르지오 201동 앞,6,7298
위례중앙푸르지오 201동 앞,7,5539
위례중앙푸르지오 201동 앞,8,5597
위례중앙푸르지오 201동 앞,9,6216
위례중앙푸르지오 201동 앞,10,6466
위례중앙푸르지오 201동 앞,11,4988
위례중앙푸르지오 201동 앞,12,2455
위례포레나송파,1,1120
위례포레나송파,2,1262
위례포레나송파,3,2157
위례포레나송파,4,3139
위례포레나송파,5,3421
위례포레나송파,6,3164
위례포레나송파,7,2748
위례포레나송파,8,2579
위례포레나송파,9,2693
위례포레나송파,10,2660
위례포레나송파,11,2003
위례포레나송파,12,1317
위례포레샤인 2310동 부근,1,364
위례포레샤인 2310동 부근,2,505
위례포레샤인 2310동 부근,3,1179
위례포레샤인 2310동 부근,4,1347
위례포레샤인 2310동 부근,5,1348
위례포레샤인 2310동 부근,6,1351
위례포레샤인 2310동 부근,7,1261
위례포레샤인 2310동 부근,8,845
위례포레샤인 2310동 부근,9,1101
위례포레샤인 2310동 부근,10,1071
위례포레샤인 2310동 부근,11,772
위례포레샤인 2310동 부근,12,474
위례포레샤인13단지,1,634
위례포레샤인13단지,2,747
위례포레샤인13단지,3,1454
위례포레샤인13단지,4,2217
위례포레샤인13단지,5,2682
위례포레샤인13단지,6,2134
위례포레샤인13단지,7,1756
위례포레샤인13단지,8,1617
위례포레샤인13단지,9,1680
위례포레샤인13단지,10,1748
위례포레샤인13단지,11,1534
위례포레샤인13단지,12,781
위례포레샤인18단지 1802동,1,358
위례포레샤인18단지 1802동,2,376
위례포레샤인18단지 1802동,3,798
위례포레샤인18단지 1802동,4,1060
위례포레샤인18단지 1802동,5,1146
위례포레샤인18단지 1802동,6,1252
위례포레샤인18단지 1802동,7,1003
위례포레샤인18단지 1802동,8,944
위례포레샤인18단지 1802동,9,1160
위례포레샤인18단지 1802동,10,1031
위례포레샤인18단지 1802동,11,931
위례포레샤인18단지 1802동,12,471
위례포레샤인18단지 1812동,1,311
위례포레샤인18단지 1812동,2,242
위례포레샤인18단지 1812동,3,451
위례포레샤인18단지 1812동,4,579
위례포레샤인18단지 1812동,5,718
위례포레샤인18단지 1812동,6,813
위례포레샤인18단지 1812동,7,621
위례포레샤인18단지 1812동,8,632
위례포레샤인18단지 1812동,9,657
위례포레샤인18단지 1812동,10,650
위례포레샤인18단지 1812동,11,492
위례포레샤인18단지 1812동,12,316
위례포레샤인아파트 정류장,1,810
위례포레샤인아파트 정류장,2,1074
위례포레샤인아파트 정류장,3,1953
위례포레샤인아파트 정류장,4,2499
위례포레샤인아파트 정류장,5,3099
위례포레샤인아파트 정류장,6,3156
위례포레샤인아파트 정류장,7,2593
위례포레샤인아파트 정류장,8,2362
위례포레샤인아파트 정류장,9,3117
위례포레샤인아파트 정류장,10,3085
위례포레샤인아파트 정류장,11,2414
위례포레샤인아파트 정류장,12,1296
위트콤,1,50
위트콤,2,242
위트콤,3,456
위트콤,4,86
위트콤,5,41
위트콤,6,61
위트콤,7,50
위트콤,8,21
위트콤,9,32
위트콤,10,27
위트콤,11,20
위트콤,12,56
윗반마을 입구,1,161
윗반마을 입구,2,162
윗반마을 입구,3,265
윗반마을 입구,4,420
윗반마을 입구,5,472
윗반마을 입구,6,605
윗반마을 입구,7,401
윗반마을 입구,8,414
윗반마을 입구,9,520
윗반마을 입구,10,581
윗반마을 입구,11,422
윗반마을 입구,12,272
유광사 여성병원 앞,1,197
유광사 여성병원 앞,2,198
유광사 여성병원 앞,3,381
유광사 여성병원 앞,4,493
유광사 여성병원 앞,5,605
유광사 여성병원 앞,6,655
유광사 여성병원 앞,7,519
유광사 여성병원 앞,8,503
유광사 여성병원 앞,9,834
유광사 여성병원 앞,10,1151
유광사 여성병원 앞,11,1071
유광사 여성병원 앞,12,611
유광사여성병원,1,31
유광사여성병원,2,108
유광사여성병원,3,262
유광사여성병원,4,283
유광사여성병원,5,320
유광사여성병원,6,370
유광사여성병원,7,464
유광사여성병원,8,419
유광사여성병원,9,446
유광사여성병원,10,411
유광사여성병원,11,207
유광사여성병원,12,1
유니베라 앞,1,3167
유니베라 앞,2,3361
유니베라 앞,3,5829
유니베라 앞,4,7606
유니베라 앞,5,8369
유니베라 앞,6,7616
유니베라 앞,7,7426
유니베라 앞,8,6670
유니베라 앞,9,7736
유니베라 앞,10,8331
유니베라 앞,11,6651
유니베라 앞,12,4130
유스호스텔 앞,1,2481
유스호스텔 앞,2,2589
유스호스텔 앞,3,4070
유스호스텔 앞,4,5468
유스호스텔 앞,5,6131
유스호스텔 앞,6,6181
유스호스텔 앞,7,5563
유스호스텔 앞,8,5626
유스호스텔 앞,9,5965
유스호스텔 앞,10,6197
유스호스텔 앞,11,4957
유스호스텔 앞,12,3122
유원목동아파트 103동 앞,1,4693
유원목동아파트 103동 앞,2,4747
유원목동아파트 103동 앞,3,7245
유원목동아파트 103동 앞,4,8713
유원목동아파트 103동 앞,5,10599
유원목동아파트 103동 앞,6,12138
유원목동아파트 103동 앞,7,11813
유원목동아파트 103동 앞,8,12073
유원목동아파트 103동 앞,9,12717
유원목동아파트 103동 앞,10,11873
유원목동아파트 103동 앞,11,10782
유원목동아파트 103동 앞,12,7406
유원지식산업센터 앞,1,454
유원지식산업센터 앞,2,414
유원지식산업센터 앞,3,811
유원지식산업센터 앞,4,1121
유원지식산업센터 앞,5,1121
유원지식산업센터 앞,6,1099
유원지식산업센터 앞,7,1023
유원지식산업센터 앞,8,988
유원지식산업센터 앞,9,1934
유원지식산업센터 앞,10,2165
유원지식산업센터 앞,11,1989
유원지식산업센터 앞,12,1222
유진투자증권빌딩 앞,1,3858
유진투자증권빌딩 앞,2,4543
유진투자증권빌딩 앞,3,8729
유진투자증권빌딩 앞,4,11286
유진투자증권빌딩 앞,5,11425
유진투자증권빌딩 앞,6,11805
유진투자증권빌딩 앞,7,10163
유진투자증권빌딩 앞,8,10105
유진투자증권빌딩 앞,9,13120
유진투자증권빌딩 앞,10,13246
유진투자증권빌딩 앞,11,10281
유진투자증권빌딩 앞,12,5892
유한양행앞,1,2333
유한양행앞,2,2638
유한양행앞,3,4110
유한양행앞,4,4853
유한양행앞,5,5864
유한양행앞,6,5899
유한양행앞,7,5077
유한양행앞,8,4631
유한양행앞,9,5374
유한양행앞,10,5823
유한양행앞,11,4495
유한양행앞,12,2574
육군사관학교  앞,1,1537
육군사관학교  앞,2,2043
육군사관학교  앞,3,4668
육군사관학교  앞,4,6228
육군사관학교  앞,5,7387
육군사관학교  앞,6,6906
육군사관학교  앞,7,5095
육군사관학교  앞,8,4752
육군사관학교  앞,9,7487
육군사관학교  앞,10,7119
육군사관학교  앞,11,4942
육군사관학교  앞,12,2530
윤선생빌딩(JYP사옥),1,4344
윤선생빌딩(JYP사옥),2,5039
윤선생빌딩(JYP사옥),3,8699
윤선생빌딩(JYP사옥),4,11539
윤선생빌딩(JYP사옥),5,12155
윤선생빌딩(JYP사옥),6,13336
윤선생빌딩(JYP사옥),7,11427
윤선생빌딩(JYP사옥),8,11133
윤선생빌딩(JYP사옥),9,13375
윤선생빌딩(JYP사옥),10,13933
윤선생빌딩(JYP사옥),11,11541
윤선생빌딩(JYP사옥),12,6955
율현삼거리,10,12
율현삼거리,11,141
율현삼거리,12,89
으뜸공원,1,1505
으뜸공원,2,1632
으뜸공원,3,2519
으뜸공원,4,3065
으뜸공원,5,4089
으뜸공원,6,4625
으뜸공원,7,4340
으뜸공원,8,3772
으뜸공원,9,4441
으뜸공원,10,4421
으뜸공원,11,3434
으뜸공원,12,2077
은곡마을,1,349
은곡마을,2,463
은곡마을,3,978
은곡마을,4,1605
은곡마을,5,1919
은곡마을,6,1939
은곡마을,7,1524
은곡마을,8,1479
은곡마을,9,1882
은곡마을,10,1957
은곡마을,11,1249
은곡마을,12,551
은마아파트 입구 사거리,1,1781
은마아파트 입구 사거리,2,1881
은마아파트 입구 사거리,3,3027
은마아파트 입구 사거리,4,4138
은마아파트 입구 사거리,5,4578
은마아파트 입구 사거리,6,4748
은마아파트 입구 사거리,7,4191
은마아파트 입구 사거리,8,4364
은마아파트 입구 사거리,9,4597
은마아파트 입구 사거리,10,4984
은마아파트 입구 사거리,11,3900
은마아파트 입구 사거리,12,2168
은마아파트입구 사거리(1),1,429
은마아파트입구 사거리(1),2,367
은마아파트입구 사거리(1),3,628
은마아파트입구 사거리(1),4,739
은마아파트입구 사거리(1),5,811
은마아파트입구 사거리(1),6,755
은마아파트입구 사거리(1),7,793
은마아파트입구 사거리(1),8,777
은마아파트입구 사거리(1),9,972
은마아파트입구 사거리(1),10,926
은마아파트입구 사거리(1),11,921
은마아파트입구 사거리(1),12,453
은빛1단지 아파트 앞,1,45
은빛1단지 아파트 앞,2,36
은빛1단지 아파트 앞,3,76
은빛1단지 아파트 앞,4,94
은빛1단지 아파트 앞,5,213
은빛1단지 아파트 앞,6,342
은빛1단지 아파트 앞,7,311
은빛1단지 아파트 앞,8,308
은빛1단지 아파트 앞,9,331
은빛1단지 아파트 앞,10,293
은빛1단지 아파트 앞,11,211
은빛1단지 아파트 앞,12,159
은천교회,1,1529
은천교회,2,1480
은천교회,3,2216
은천교회,4,2903
은천교회,5,3391
은천교회,6,3753
은천교회,7,3625
은천교회,8,3667
은천교회,9,3910
은천교회,10,3946
은천교회,11,3312
은천교회,12,2183
은천교회 앞,1,1966
은천교회 앞,2,2097
은천교회 앞,3,2812
은천교회 앞,4,3373
은천교회 앞,5,3913
은천교회 앞,6,4026
은천교회 앞,7,3739
은천교회 앞,8,3863
은천교회 앞,9,3960
은천교회 앞,10,4032
은천교회 앞,11,3511
은천교회 앞,12,2662
은천로입구 가로공원,1,4325
은천로입구 가로공원,2,4483
은천로입구 가로공원,3,7248
은천로입구 가로공원,4,10099
은천로입구 가로공원,5,11272
은천로입구 가로공원,6,12418
은천로입구 가로공원,7,11231
은천로입구 가로공원,8,10698
은천로입구 가로공원,9,12074
은천로입구 가로공원,10,12374
은천로입구 가로공원,11,9726
은천로입구 가로공원,12,6054
은천삼거리,1,411
은천삼거리,2,441
은천삼거리,3,725
은천삼거리,4,1029
은천삼거리,5,1048
은천삼거리,6,1063
은천삼거리,7,972
은천삼거리,8,963
은천삼거리,9,949
은천삼거리,10,1066
은천삼거리,11,1080
은천삼거리,12,663
은천초등학교 육교,1,1153
은천초등학교 육교,2,1243
은천초등학교 육교,3,1993
은천초등학교 육교,4,2826
은천초등학교 육교,5,2919
은천초등학교 육교,6,3153
은천초등학교 육교,7,2682
은천초등학교 육교,8,2377
은천초등학교 육교,9,2966
은천초등학교 육교,10,2973
은천초등학교 육교,11,2397
은천초등학교 육교,12,1299
은천치안센터,1,2138
은천치안센터,2,2218
은천치안센터,3,3665
은천치안센터,4,5100
은천치안센터,5,5493
은천치안센터,6,5945
은천치안센터,7,5372
은천치안센터,8,5197
은천치안센터,9,5926
은천치안센터,10,5579
은천치안센터,11,4220
은천치안센터,12,2867
은평 성모병원 사거리,1,357
은평 성모병원 사거리,2,542
은평 성모병원 사거리,3,891
은평 성모병원 사거리,4,1201
은평 성모병원 사거리,5,1821
은평 성모병원 사거리,6,1918
은평 성모병원 사거리,7,1691
은평 성모병원 사거리,8,1468
은평 성모병원 사거리,9,1767
은평 성모병원 사거리,10,1686
은평 성모병원 사거리,11,1248
은평 성모병원 사거리,12,705
은평 지웰테라스,1,220
은평 지웰테라스,2,245
은평 지웰테라스,3,524
은평 지웰테라스,4,670
은평 지웰테라스,5,792
은평 지웰테라스,6,904
은평 지웰테라스,7,844
은평 지웰테라스,8,721
은평 지웰테라스,9,694
은평 지웰테라스,10,713
은평 지웰테라스,11,601
은평 지웰테라스,12,331
은평구청 교차로,1,1280
은평구청 교차로,2,1368
은평구청 교차로,3,2317
은평구청 교차로,4,2986
은평구청 교차로,5,3579
은평구청 교차로,6,3549
은평구청 교차로,7,3107
은평구청 교차로,8,3034
은평구청 교차로,9,3352
은평구청 교차로,10,3359
은평구청 교차로,11,2682
은평구청 교차로,12,1622
은평구청 보건소,1,2219
은평구청 보건소,2,2202
은평구청 보건소,3,4157
은평구청 보건소,4,5271
은평구청 보건소,5,4374
은평구청 보건소,6,4529
은평구청 보건소,7,4178
은평구청 보건소,8,4510
은평구청 보건소,9,6138
은평구청 보건소,10,6461
은평구청 보건소,11,5571
은평구청 보건소,12,3610
은평뉴타운 도서관,1,947
은평뉴타운 도서관,2,1052
은평뉴타운 도서관,3,1575
은평뉴타운 도서관,4,2046
은평뉴타운 도서관,5,2303
은평뉴타운 도서관,6,2439
은평뉴타운 도서관,7,2150
은평뉴타운 도서관,8,1949
은평뉴타운 도서관,9,2277
은평뉴타운 도서관,10,2192
은평뉴타운 도서관,11,1810
은평뉴타운 도서관,12,1182
은평뉴타운 상림마을 13단지,1,225
은평뉴타운 상림마을 13단지,2,259
은평뉴타운 상림마을 13단지,3,421
은평뉴타운 상림마을 13단지,4,571
은평뉴타운 상림마을 13단지,5,549
은평뉴타운 상림마을 13단지,6,606
은평뉴타운 상림마을 13단지,7,565
은평뉴타운 상림마을 13단지,8,518
은평뉴타운 상림마을 13단지,9,526
은평뉴타운 상림마을 13단지,10,457
은평뉴타운 상림마을 13단지,11,478
은평뉴타운 상림마을 13단지,12,256
은평뉴타운 아이파크,1,1093
은평뉴타운 아이파크,2,1194
은평뉴타운 아이파크,3,2235
은평뉴타운 아이파크,4,2987
은평뉴타운 아이파크,5,3444
은평뉴타운 아이파크,6,3681
은평뉴타운 아이파크,7,3232
은평뉴타운 아이파크,8,3310
은평뉴타운 아이파크,9,3789
은평뉴타운 아이파크,10,3777
은평뉴타운 아이파크,11,2830
은평뉴타운 아이파크,12,1517
은평뉴타운 은뜨락아파트앞,1,682
은평뉴타운 은뜨락아파트앞,2,825
은평뉴타운 은뜨락아파트앞,3,1410
은평뉴타운 은뜨락아파트앞,4,2003
은평뉴타운 은뜨락아파트앞,5,1938
은평뉴타운 은뜨락아파트앞,6,2027
은평뉴타운 은뜨락아파트앞,7,2070
은평뉴타운 은뜨락아파트앞,8,1951
은평뉴타운 은뜨락아파트앞,9,2028
은평뉴타운 은뜨락아파트앞,10,2012
은평뉴타운 은뜨락아파트앞,11,1740
은평뉴타운 은뜨락아파트앞,12,1076
은평뉴타운 푸르지오,1,1195
은평뉴타운 푸르지오,2,1363
은평뉴타운 푸르지오,3,2385
은평뉴타운 푸르지오,4,3325
은평뉴타운 푸르지오,5,3720
은평뉴타운 푸르지오,6,3707
은평뉴타운 푸르지오,7,3002
은평뉴타운 푸르지오,8,2852
은평뉴타운 푸르지오,9,3797
은평뉴타운 푸르지오,10,3905
은평뉴타운 푸르지오,11,2657
은평뉴타운 푸르지오,12,1596
은평뉴타운 힐데스하임,1,1396
은평뉴타운 힐데스하임,2,1582
은평뉴타운 힐데스하임,3,2893
은평뉴타운 힐데스하임,4,4047
은평뉴타운 힐데스하임,5,4693
은평뉴타운 힐데스하임,6,5295
은평뉴타운 힐데스하임,7,4672
은평뉴타운 힐데스하임,8,4508
은평뉴타운 힐데스하임,9,5485
은평뉴타운 힐데스하임,10,5119
은평뉴타운 힐데스하임,11,3734
은평뉴타운 힐데스하임,12,1871
은평뉴타운구파발9단지,1,791
은평뉴타운구파발9단지,2,924
은평뉴타운구파발9단지,3,1603
은평뉴타운구파발9단지,4,2220
은평뉴타운구파발9단지,5,2570
은평뉴타운구파발9단지,6,3019
은평뉴타운구파발9단지,7,2716
은평뉴타운구파발9단지,8,2561
은평뉴타운구파발9단지,9,3103
은평뉴타운구파발9단지,10,2912
은평뉴타운구파발9단지,11,2102
은평뉴타운구파발9단지,12,1077
은평뉴타운폭포동 힐스테이트4단지,1,127
은평뉴타운폭포동 힐스테이트4단지,2,202
은평뉴타운폭포동 힐스테이트4단지,3,416
은평뉴타운폭포동 힐스테이트4단지,4,449
은평뉴타운폭포동 힐스테이트4단지,5,436
은평뉴타운폭포동 힐스테이트4단지,6,478
은평뉴타운폭포동 힐스테이트4단지,7,394
은평뉴타운폭포동 힐스테이트4단지,8,389
은평뉴타운폭포동 힐스테이트4단지,9,372
은평뉴타운폭포동 힐스테이트4단지,10,292
은평뉴타운폭포동 힐스테이트4단지,11,254
은평뉴타운폭포동 힐스테이트4단지,12,147
은평다목적체육관,1,637
은평다목적체육관,2,650
은평다목적체육관,3,1080
은평다목적체육관,4,1610
은평다목적체육관,5,1752
은평다목적체육관,6,1898
은평다목적체육관,7,1762
은평다목적체육관,8,1686
은평다목적체육관,9,1718
은평다목적체육관,10,1696
은평다목적체육관,11,1494
은평다목적체육관,12,863
은평서해그랑블아파트앞,1,581
은평서해그랑블아파트앞,2,654
은평서해그랑블아파트앞,3,1238
은평서해그랑블아파트앞,4,1501
은평서해그랑블아파트앞,5,1618
은평서해그랑블아파트앞,6,1711
은평서해그랑블아파트앞,7,1457
은평서해그랑블아파트앞,8,1506
은평서해그랑블아파트앞,9,1827
은평서해그랑블아파트앞,10,1787
은평서해그랑블아파트앞,11,1574
은평서해그랑블아파트앞,12,946
은평세무서 버스정류장(은평구청 방면),1,1617
은평세무서 버스정류장(은평구청 방면),2,1879
은평세무서 버스정류장(은평구청 방면),3,3378
은평세무서 버스정류장(은평구청 방면),4,4205
은평세무서 버스정류장(은평구청 방면),5,4914
은평세무서 버스정류장(은평구청 방면),6,4998
은평세무서 버스정류장(은평구청 방면),7,4449
은평세무서 버스정류장(은평구청 방면),8,4603
은평세무서 버스정류장(은평구청 방면),9,5176
은평세무서 버스정류장(은평구청 방면),10,5147
은평세무서 버스정류장(은평구청 방면),11,4067
은평세무서 버스정류장(은평구청 방면),12,2493
은평역사한옥박물관,1,432
은평역사한옥박물관,2,541
은평역사한옥박물관,3,1159
은평역사한옥박물관,4,1568
은평역사한옥박물관,5,1702
은평역사한옥박물관,6,1440
은평역사한옥박물관,7,1168
은평역사한옥박물관,8,1106
은평역사한옥박물관,9,1402
은평역사한옥박물관,10,1476
은평역사한옥박물관,11,1137
은평역사한옥박물관,12,466
은평예술회관,1,1379
은평예술회관,2,1585
은평예술회관,3,2670
은평예술회관,4,3429
은평예술회관,5,4207
은평예술회관,6,4167
은평예술회관,7,3875
은평예술회관,8,3478
은평예술회관,9,3743
은평예술회관,10,3588
은평예술회관,11,3005
은평예술회관,12,1849
은평평화공원(역촌역4번출구),1,3291
은평평화공원(역촌역4번출구),2,3434
은평평화공원(역촌역4번출구),3,5838
은평평화공원(역촌역4번출구),4,7867
은평평화공원(역촌역4번출구),5,8467
은평평화공원(역촌역4번출구),6,8794
은평평화공원(역촌역4번출구),7,8044
은평평화공원(역촌역4번출구),8,7877
은평평화공원(역촌역4번출구),9,9403
은평평화공원(역촌역4번출구),10,9199
은평평화공원(역촌역4번출구),11,6570
은평평화공원(역촌역4번출구),12,4257
은하수 공원,1,695
은하수 공원,2,845
은하수 공원,3,1389
은하수 공원,4,1821
은하수 공원,5,2137
은하수 공원,6,2164
은하수 공원,7,1769
은하수 공원,8,1840
은하수 공원,9,2234
은하수 공원,10,2403
은하수 공원,11,1937
은하수 공원,12,1180
을지로2가 사거리 남측,1,1562
을지로2가 사거리 남측,2,1729
을지로2가 사거리 남측,3,2497
을지로2가 사거리 남측,4,3338
을지로2가 사거리 남측,5,3358
을지로2가 사거리 남측,6,3174
을지로2가 사거리 남측,7,3015
을지로2가 사거리 남측,8,2801
을지로2가 사거리 남측,9,3350
을지로2가 사거리 남측,10,3665
을지로2가 사거리 남측,11,3191
을지로2가 사거리 남측,12,2072
을지로2가 사거리 북측,1,1861
을지로2가 사거리 북측,2,2056
을지로2가 사거리 북측,3,3176
을지로2가 사거리 북측,4,4328
을지로2가 사거리 북측,5,4322
을지로2가 사거리 북측,6,4442
을지로2가 사거리 북측,7,4227
을지로2가 사거리 북측,8,3370
을지로2가 사거리 북측,9,3872
을지로2가 사거리 북측,10,4569
을지로2가 사거리 북측,11,4037
을지로2가 사거리 북측,12,2608
을지로3가역 3번출구,1,2760
을지로3가역 3번출구,2,2946
을지로3가역 3번출구,3,4952
을지로3가역 3번출구,4,6239
을지로3가역 3번출구,5,7286
을지로3가역 3번출구,6,7343
을지로3가역 3번출구,7,6811
을지로3가역 3번출구,8,6287
을지로3가역 3번출구,9,7210
을지로3가역 3번출구,10,7769
을지로3가역 3번출구,11,6251
을지로3가역 3번출구,12,3670
을지로4가역 1번출구,1,1823
을지로4가역 1번출구,2,2027
을지로4가역 1번출구,3,3489
을지로4가역 1번출구,4,4660
을지로4가역 1번출구,5,4674
을지로4가역 1번출구,6,4605
을지로4가역 1번출구,7,4355
을지로4가역 1번출구,8,4093
을지로4가역 1번출구,9,4670
을지로4가역 1번출구,10,5163
을지로4가역 1번출구,11,4274
을지로4가역 1번출구,12,2548
을지로4가역 9번출구,1,3120
을지로4가역 9번출구,2,3349
을지로4가역 9번출구,3,5617
을지로4가역 9번출구,4,6772
을지로4가역 9번출구,5,7015
을지로4가역 9번출구,6,7300
을지로4가역 9번출구,7,7009
을지로4가역 9번출구,8,7180
을지로4가역 9번출구,9,7552
을지로4가역 9번출구,10,7975
을지로4가역 9번출구,11,7125
을지로4가역 9번출구,12,4420
을지로5가(방산시장),1,216
을지로5가(방산시장),2,211
을지로5가(방산시장),3,393
을지로5가(방산시장),4,602
을지로5가(방산시장),5,992
을지로5가(방산시장),6,908
을지로5가(방산시장),7,864
을지로5가(방산시장),8,792
을지로5가(방산시장),9,900
을지로5가(방산시장),10,950
을지로5가(방산시장),11,808
을지로5가(방산시장),12,492
을지로입구역 2번출구,1,2921
을지로입구역 2번출구,2,3048
을지로입구역 2번출구,3,4752
을지로입구역 2번출구,4,6301
을지로입구역 2번출구,5,7043
을지로입구역 2번출구,6,6720
을지로입구역 2번출구,7,6648
을지로입구역 2번출구,8,6503
을지로입구역 2번출구,9,7164
을지로입구역 2번출구,10,7904
을지로입구역 2번출구,11,6966
을지로입구역 2번출구,12,3940
을지로입구역 4번출구 앞,1,2873
을지로입구역 4번출구 앞,2,3105
을지로입구역 4번출구 앞,3,4639
을지로입구역 4번출구 앞,4,5336
을지로입구역 4번출구 앞,5,5936
을지로입구역 4번출구 앞,6,5896
을지로입구역 4번출구 앞,7,5322
을지로입구역 4번출구 앞,8,4699
을지로입구역 4번출구 앞,9,5336
을지로입구역 4번출구 앞,10,6224
을지로입구역 4번출구 앞,11,5185
을지로입구역 4번출구 앞,12,3544
을지로입구역 8번출구,1,850
을지로입구역 8번출구,2,987
을지로입구역 8번출구,3,1562
을지로입구역 8번출구,4,1947
을지로입구역 8번출구,5,2249
을지로입구역 8번출구,6,2025
을지로입구역 8번출구,7,2167
을지로입구역 8번출구,8,2019
을지로입구역 8번출구,9,2382
을지로입구역 8번출구,10,2260
을지로입구역 8번출구,11,1762
을지로입구역 8번출구,12,1256
을지로지하쇼핑센터,1,953
을지로지하쇼핑센터,2,1123
을지로지하쇼핑센터,3,1754
을지로지하쇼핑센터,4,1919
을지로지하쇼핑센터,5,2137
을지로지하쇼핑센터,6,2526
을지로지하쇼핑센터,7,2289
을지로지하쇼핑센터,8,1799
을지로지하쇼핑센터,9,2281
을지로지하쇼핑센터,10,2282
을지로지하쇼핑센터,11,2129
을지로지하쇼핑센터,12,1237
응봉삼거리,1,1052
응봉삼거리,2,1328
응봉삼거리,3,2130
응봉삼거리,4,2668
응봉삼거리,5,2636
응봉삼거리,6,2712
응봉삼거리,7,2273
응봉삼거리,8,1995
응봉삼거리,9,2187
응봉삼거리,10,2409
응봉삼거리,11,2097
응봉삼거리,12,1303
응봉역 1번출구,1,4265
응봉역 1번출구,2,5833
응봉역 1번출구,3,12549
응봉역 1번출구,4,17900
응봉역 1번출구,5,18320
응봉역 1번출구,6,17708
응봉역 1번출구,7,14325
응봉역 1번출구,8,13909
응봉역 1번출구,9,20080
응봉역 1번출구,10,18320
응봉역 1번출구,11,10335
응봉역 1번출구,12,5180
응봉현대아파트 정류소,1,366
응봉현대아파트 정류소,2,478
응봉현대아파트 정류소,3,949
응봉현대아파트 정류소,4,1139
응봉현대아파트 정류소,5,1341
응봉현대아파트 정류소,6,1325
응봉현대아파트 정류소,7,961
응봉현대아파트 정류소,8,831
응봉현대아파트 정류소,9,1146
응봉현대아파트 정류소,10,1217
응봉현대아파트 정류소,11,861
응봉현대아파트 정류소,12,426
응암1동사무소,1,564
응암1동사무소,2,516
응암1동사무소,3,932
응암1동사무소,4,1207
응암1동사무소,5,1010
응암1동사무소,6,1193
응암1동사무소,7,985
응암1동사무소,8,859
응암1동사무소,9,1052
응암1동사무소,10,910
응암1동사무소,11,651
응암1동사무소,12,425
응암2동주민센터 버스정류장(영락중학교 방면),1,551
응암2동주민센터 버스정류장(영락중학교 방면),2,518
응암2동주민센터 버스정류장(영락중학교 방면),3,803
응암2동주민센터 버스정류장(영락중학교 방면),4,1011
응암2동주민센터 버스정류장(영락중학교 방면),5,1012
응암2동주민센터 버스정류장(영락중학교 방면),6,1265
응암2동주민센터 버스정류장(영락중학교 방면),7,1165
응암2동주민센터 버스정류장(영락중학교 방면),8,1283
응암2동주민센터 버스정류장(영락중학교 방면),9,1434
응암2동주민센터 버스정류장(영락중학교 방면),10,1323
응암2동주민센터 버스정류장(영락중학교 방면),11,1205
응암2동주민센터 버스정류장(영락중학교 방면),12,754
응암시장교차로,1,3796
응암시장교차로,2,4067
응암시장교차로,3,6693
응암시장교차로,4,8275
응암시장교차로,5,9557
응암시장교차로,6,9958
응암시장교차로,7,8734
응암시장교차로,8,8370
응암시장교차로,9,10106
응암시장교차로,10,10512
응암시장교차로,11,8028
응암시장교차로,12,4896
응암역2번출구 국민은행 앞,1,4628
응암역2번출구 국민은행 앞,2,5493
응암역2번출구 국민은행 앞,3,9618
응암역2번출구 국민은행 앞,4,12866
응암역2번출구 국민은행 앞,5,14242
응암역2번출구 국민은행 앞,6,14225
응암역2번출구 국민은행 앞,7,13449
응암역2번출구 국민은행 앞,8,13584
응암역2번출구 국민은행 앞,9,16618
응암역2번출구 국민은행 앞,10,15525
응암역2번출구 국민은행 앞,11,11192
응암역2번출구 국민은행 앞,12,6889
응암역3번 출구(서부경찰서 방면),1,500
응암역3번 출구(서부경찰서 방면),2,490
응암역3번 출구(서부경찰서 방면),3,816
응암역3번 출구(서부경찰서 방면),4,1314
응암역3번 출구(서부경찰서 방면),5,1673
응암역3번 출구(서부경찰서 방면),6,1833
응암역3번 출구(서부경찰서 방면),7,1628
응암역3번 출구(서부경찰서 방면),8,1681
응암역3번 출구(서부경찰서 방면),9,2049
응암역3번 출구(서부경찰서 방면),10,1892
응암역3번 출구(서부경찰서 방면),11,1355
응암역3번 출구(서부경찰서 방면),12,697
응암오거리,1,3614
응암오거리,2,3923
응암오거리,3,6737
응암오거리,4,8521
응암오거리,5,9641
응암오거리,6,9686
응암오거리,7,8579
응암오거리,8,8170
응암오거리,9,9951
응암오거리,10,9885
응암오거리,11,7550
응암오거리,12,4697
의원회관출입구 앞,6,92
의원회관출입구 앞,7,128
의원회관출입구 앞,8,121
의원회관출입구 앞,9,196
의원회관출입구 앞,10,188
의원회관출입구 앞,11,150
의원회관출입구 앞,12,130
의정관,1,356
의정관,2,354
의정관,3,709
의정관,4,979
의정관,5,1039
의정관,6,1080
의정관,7,1087
의정관,8,887
의정관,9,1063
의정관,10,1172
의정관,11,882
의정관,12,382
이대목동병원보도육교,1,2075
이대목동병원보도육교,2,2383
이대목동병원보도육교,3,4323
이대목동병원보도육교,4,5883
이대목동병원보도육교,5,6121
이대목동병원보도육교,6,5985
이대목동병원보도육교,7,4913
이대목동병원보도육교,8,4851
이대목동병원보도육교,9,6194
이대목동병원보도육교,10,6645
이대목동병원보도육교,11,5430
이대목동병원보도육교,12,3285
이대서울병원,1,2847
이대서울병원,2,3054
이대서울병원,3,4717
이대서울병원,4,5603
이대서울병원,5,7024
이대서울병원,6,7073
이대서울병원,7,6660
이대서울병원,8,6288
이대서울병원,9,7389
이대서울병원,10,8037
이대서울병원,11,6062
이대서울병원,12,3950
이대역 4번 출구,1,839
이대역 4번 출구,2,856
이대역 4번 출구,3,1559
이대역 4번 출구,4,1693
이대역 4번 출구,5,1480
이대역 4번 출구,6,1438
이대역 4번 출구,7,1331
이대역 4번 출구,8,1277
이대역 4번 출구,9,1417
이대역 4번 출구,10,1626
이대역 4번 출구,11,1690
이대역 4번 출구,12,1042
이대역 5번출구,1,1559
이대역 5번출구,2,1633
이대역 5번출구,3,2585
이대역 5번출구,4,2879
이대역 5번출구,5,2610
이대역 5번출구,6,2765
이대역 5번출구,7,2668
이대역 5번출구,8,2725
이대역 5번출구,9,2775
이대역 5번출구,10,3053
이대역 5번출구,11,2512
이대역 5번출구,12,1984
이랜드글로벌R&D센터,1,734
이랜드글로벌R&D센터,2,766
이랜드글로벌R&D센터,3,1170
이랜드글로벌R&D센터,4,1267
이랜드글로벌R&D센터,5,1734
이랜드글로벌R&D센터,6,1967
이랜드글로벌R&D센터,7,2048
이랜드글로벌R&D센터,8,2208
이랜드글로벌R&D센터,9,2947
이랜드글로벌R&D센터,10,3081
이랜드글로벌R&D센터,11,2139
이랜드글로벌R&D센터,12,1348
이마트 버스정류소 옆,1,3968
이마트 버스정류소 옆,2,4612
이마트 버스정류소 옆,3,7651
이마트 버스정류소 옆,4,9341
이마트 버스정류소 옆,5,8656
이마트 버스정류소 옆,6,8187
이마트 버스정류소 옆,7,8112
이마트 버스정류소 옆,8,6305
이마트 버스정류소 옆,9,7518
이마트 버스정류소 옆,10,7594
이마트 버스정류소 옆,11,6393
이마트 버스정류소 옆,12,3907
이마트 버스정류장(서부경찰서 방면),1,4310
이마트 버스정류장(서부경찰서 방면),2,4738
이마트 버스정류장(서부경찰서 방면),3,7543
이마트 버스정류장(서부경찰서 방면),4,9575
이마트 버스정류장(서부경찰서 방면),5,10433
이마트 버스정류장(서부경찰서 방면),6,10748
이마트 버스정류장(서부경찰서 방면),7,9966
이마트 버스정류장(서부경찰서 방면),8,9861
이마트 버스정류장(서부경찰서 방면),9,11340
이마트 버스정류장(서부경찰서 방면),10,11127
이마트 버스정류장(서부경찰서 방면),11,8605
이마트 버스정류장(서부경찰서 방면),12,5461
이문e편한세상아파트 앞,1,1042
이문e편한세상아파트 앞,2,1206
이문e편한세상아파트 앞,3,1933
이문e편한세상아파트 앞,4,2420
이문e편한세상아파트 앞,5,2938
이문e편한세상아파트 앞,6,2761
이문e편한세상아파트 앞,7,2421
이문e편한세상아파트 앞,8,2500
이문e편한세상아파트 앞,9,2915
이문e편한세상아파트 앞,10,2666
이문e편한세상아파트 앞,11,2167
이문e편한세상아파트 앞,12,1550
이문대성유니드아파트 앞,1,811
이문대성유니드아파트 앞,2,1132
이문대성유니드아파트 앞,3,2117
이문대성유니드아파트 앞,4,2804
이문대성유니드아파트 앞,5,3589
이문대성유니드아파트 앞,6,3151
이문대성유니드아파트 앞,7,2732
이문대성유니드아파트 앞,8,2705
이문대성유니드아파트 앞,9,3588
이문대성유니드아파트 앞,10,3401
이문대성유니드아파트 앞,11,2279
이문대성유니드아파트 앞,12,1299
이문동 쌍용아파트 정문,1,1302
이문동 쌍용아파트 정문,2,1528
이문동 쌍용아파트 정문,3,2570
이문동 쌍용아파트 정문,4,3188
이문동 쌍용아파트 정문,5,3697
이문동 쌍용아파트 정문,6,4080
이문동 쌍용아파트 정문,7,3745
이문동 쌍용아파트 정문,8,3382
이문동 쌍용아파트 정문,9,4151
이문동 쌍용아파트 정문,10,4152
이문동 쌍용아파트 정문,11,3166
이문동 쌍용아파트 정문,12,2020
이문삼익아파트 앞,1,225
이문삼익아파트 앞,2,274
이문삼익아파트 앞,3,451
이문삼익아파트 앞,4,615
이문삼익아파트 앞,5,745
이문삼익아파트 앞,6,802
이문삼익아파트 앞,7,626
이문삼익아파트 앞,8,619
이문삼익아파트 앞,9,634
이문삼익아파트 앞,10,782
이문삼익아파트 앞,11,583
이문삼익아파트 앞,12,404
이삭어린이공원,7,282
이삭어린이공원,8,508
이삭어린이공원,9,578
이삭어린이공원,10,558
이삭어린이공원,11,568
이삭어린이공원,12,361
이수고가차도 남단,1,2318
이수고가차도 남단,2,2707
이수고가차도 남단,3,4557
이수고가차도 남단,4,6205
이수고가차도 남단,5,7386
이수고가차도 남단,6,7378
이수고가차도 남단,7,6310
이수고가차도 남단,8,5791
이수고가차도 남단,9,7548
이수고가차도 남단,10,7321
이수고가차도 남단,11,5108
이수고가차도 남단,12,3042
이수교차로,1,993
이수교차로,2,1240
이수교차로,3,2958
이수교차로,4,4305
이수교차로,5,5123
이수교차로,6,4998
이수교차로,7,4161
이수교차로,8,4766
이수교차로,9,6614
이수교차로,10,6207
이수교차로,11,3342
이수교차로,12,1570
이수성결교회 옆,1,91
이수성결교회 옆,2,134
이수성결교회 옆,3,304
이수성결교회 옆,4,363
이수성결교회 옆,5,355
이수성결교회 옆,6,445
이수성결교회 옆,7,343
이수성결교회 옆,8,388
이수성결교회 옆,9,434
이수성결교회 옆,10,484
이수성결교회 옆,11,356
이수성결교회 옆,12,157
이수센터,1,17
이수센터,2,19
이수센터,3,25
이수센터,4,24
이수센터,5,34
이수센터,6,54
이수센터,7,67
이수센터,8,41
이수센터,9,29
이수센터,10,24
이수센터,11,28
이수센터,12,16
이수역 11번출구쪽,1,2775
이수역 11번출구쪽,2,2989
이수역 11번출구쪽,3,5047
이수역 11번출구쪽,4,6574
이수역 11번출구쪽,5,7601
이수역 11번출구쪽,6,7533
이수역 11번출구쪽,7,6909
이수역 11번출구쪽,8,6456
이수역 11번출구쪽,9,7553
이수역 11번출구쪽,10,7802
이수역 11번출구쪽,11,5977
이수역 11번출구쪽,12,3822
이수역 1번출구,1,3349
이수역 1번출구,2,3957
이수역 1번출구,3,6891
이수역 1번출구,4,9449
이수역 1번출구,5,10761
이수역 1번출구,6,11157
이수역 1번출구,7,9332
이수역 1번출구,8,8612
이수역 1번출구,9,11257
이수역 1번출구,10,11557
이수역 1번출구,11,8055
이수역 1번출구,12,4505
이수역 4번 출구,1,2329
이수역 4번 출구,2,2688
이수역 4번 출구,3,4537
이수역 4번 출구,4,6456
이수역 4번 출구,5,7234
이수역 4번 출구,6,7676
이수역 4번 출구,7,6497
이수역 4번 출구,8,6181
이수역 4번 출구,9,7671
이수역 4번 출구,10,7330
이수역 4번 출구,11,5279
이수역 4번 출구,12,3059
이수역 6번출구 앞,1,1323
이수역 6번출구 앞,2,1322
이수역 6번출구 앞,3,2562
이수역 6번출구 앞,4,3490
이수역 6번출구 앞,5,4173
이수역 6번출구 앞,6,4399
이수역 6번출구 앞,7,3918
이수역 6번출구 앞,8,3685
이수역 6번출구 앞,9,4662
이수역 6번출구 앞,10,4211
이수역 6번출구 앞,11,3121
이수역 6번출구 앞,12,1845
이수역9번출구,1,1472
이수역9번출구,2,1563
이수역9번출구,3,2517
이수역9번출구,4,3212
이수역9번출구,5,3803
이수역9번출구,6,4154
이수역9번출구,7,4111
이수역9번출구,8,4102
이수역9번출구,9,4474
이수역9번출구,10,4396
이수역9번출구,11,3628
이수역9번출구,12,2256
이스트폴 105동 방면 입구,5,134
이스트폴 105동 방면 입구,6,584
이스트폴 105동 방면 입구,7,537
이스트폴 105동 방면 입구,8,491
이스트폴 105동 방면 입구,9,460
이스트폴 105동 방면 입구,10,389
이스트폴 105동 방면 입구,11,410
이스트폴 105동 방면 입구,12,218
이앤씨드림타워 앞,1,6043
이앤씨드림타워 앞,2,6397
이앤씨드림타워 앞,3,9500
이앤씨드림타워 앞,4,11590
이앤씨드림타워 앞,5,12885
이앤씨드림타워 앞,6,13660
이앤씨드림타워 앞,7,12715
이앤씨드림타워 앞,8,12581
이앤씨드림타워 앞,9,14036
이앤씨드림타워 앞,10,14983
이앤씨드림타워 앞,11,12197
이앤씨드림타워 앞,12,8392
이좋은집오피스텔 앞,1,686
이좋은집오피스텔 앞,2,789
이좋은집오피스텔 앞,3,1543
이좋은집오피스텔 앞,4,1943
이좋은집오피스텔 앞,5,2425
이좋은집오피스텔 앞,6,2475
이좋은집오피스텔 앞,7,2044
이좋은집오피스텔 앞,8,2001
이좋은집오피스텔 앞,9,2350
이좋은집오피스텔 앞,10,2342
이좋은집오피스텔 앞,11,1869
이좋은집오피스텔 앞,12,1104
이촌1동 마을공원,1,659
이촌1동 마을공원,2,810
이촌1동 마을공원,3,1310
이촌1동 마을공원,4,1710
이촌1동 마을공원,5,1877
이촌1동 마을공원,6,1886
이촌1동 마을공원,7,1839
이촌1동 마을공원,8,1627
이촌1동 마을공원,9,2043
이촌1동 마을공원,10,1920
이촌1동 마을공원,11,1409
이촌1동 마을공원,12,877
이촌1동 주민센터 뒤,1,1612
이촌1동 주민센터 뒤,2,2100
이촌1동 주민센터 뒤,3,4197
이촌1동 주민센터 뒤,4,5923
이촌1동 주민센터 뒤,5,6478
이촌1동 주민센터 뒤,6,6545
이촌1동 주민센터 뒤,7,5320
이촌1동 주민센터 뒤,8,4702
이촌1동 주민센터 뒤,9,6194
이촌1동 주민센터 뒤,10,5832
이촌1동 주민센터 뒤,11,3729
이촌1동 주민센터 뒤,12,1997
이촌2동 동원베네스트 아파트 앞,1,1620
이촌2동 동원베네스트 아파트 앞,2,1939
이촌2동 동원베네스트 아파트 앞,3,3081
이촌2동 동원베네스트 아파트 앞,4,4147
이촌2동 동원베네스트 아파트 앞,5,4694
이촌2동 동원베네스트 아파트 앞,6,4566
이촌2동 동원베네스트 아파트 앞,7,4174
이촌2동 동원베네스트 아파트 앞,8,4092
이촌2동 동원베네스트 아파트 앞,9,4926
이촌2동 동원베네스트 아파트 앞,10,5230
이촌2동 동원베네스트 아파트 앞,11,3681
이촌2동 동원베네스트 아파트 앞,12,2319
이촌역2번 출구,1,487
이촌역2번 출구,2,658
이촌역2번 출구,3,1247
이촌역2번 출구,4,1525
이촌역2번 출구,5,1733
이촌역2번 출구,6,1604
이촌역2번 출구,7,1331
이촌역2번 출구,8,1440
이촌역2번 출구,9,1930
이촌역2번 출구,10,2190
이촌역2번 출구,11,1606
이촌역2번 출구,12,776
이촌역5번출구 앞,1,227
이촌역5번출구 앞,2,234
이촌역5번출구 앞,3,517
이촌역5번출구 앞,4,700
이촌역5번출구 앞,5,754
이촌역5번출구 앞,6,725
이촌역5번출구 앞,7,620
이촌역5번출구 앞,8,685
이촌역5번출구 앞,9,848
이촌역5번출구 앞,10,864
이촌역5번출구 앞,11,631
이촌역5번출구 앞,12,372
이태원관광특구 입구(용산구청방향),1,945
이태원관광특구 입구(용산구청방향),2,1267
이태원관광특구 입구(용산구청방향),3,2026
이태원관광특구 입구(용산구청방향),4,2914
이태원관광특구 입구(용산구청방향),5,2412
이태원관광특구 입구(용산구청방향),6,1932
이태원관광특구 입구(용산구청방향),7,2027
이태원관광특구 입구(용산구청방향),8,2010
이태원관광특구 입구(용산구청방향),9,2633
이태원관광특구 입구(용산구청방향),10,2436
이태원관광특구 입구(용산구청방향),11,1922
이태원관광특구 입구(용산구청방향),12,1384
이태원관광특구입구A(녹사평역쪽),1,509
이태원관광특구입구A(녹사평역쪽),2,545
이태원관광특구입구A(녹사평역쪽),3,716
이태원관광특구입구A(녹사평역쪽),4,918
이태원관광특구입구A(녹사평역쪽),5,924
이태원관광특구입구A(녹사평역쪽),6,657
이태원관광특구입구A(녹사평역쪽),7,634
이태원관광특구입구A(녹사평역쪽),8,704
이태원관광특구입구A(녹사평역쪽),9,942
이태원관광특구입구A(녹사평역쪽),10,770
이태원관광특구입구A(녹사평역쪽),11,619
이태원관광특구입구A(녹사평역쪽),12,472
이태원로 255,1,118
이태원로 255,2,220
이태원로 255,3,294
이태원로 255,4,527
이태원로 255,5,437
이태원로 255,6,333
이태원로 255,7,383
이태원로 255,8,430
이태원로 255,9,481
이태원로 255,10,484
이태원로 255,11,367
이태원로 255,12,221
이태원역 3번 출구,1,578
이태원역 3번 출구,2,734
이태원역 3번 출구,3,1129
이태원역 3번 출구,4,2166
이태원역 3번 출구,5,2536
이태원역 3번 출구,6,2264
이태원역 3번 출구,7,1910
이태원역 3번 출구,8,2016
이태원역 3번 출구,9,2148
이태원역 3번 출구,10,1736
이태원역 3번 출구,11,1335
이태원역 3번 출구,12,774
이태원지하보도,1,1107
이태원지하보도,2,1191
이태원지하보도,3,2006
이태원지하보도,4,2678
이태원지하보도,5,2955
이태원지하보도,6,2839
이태원지하보도,7,2360
이태원지하보도,8,2330
이태원지하보도,9,2690
이태원지하보도,10,2665
이태원지하보도,11,2089
이태원지하보도,12,1377
이투스교육 앞,1,451
이투스교육 앞,2,503
이투스교육 앞,3,779
이투스교육 앞,4,1230
이투스교육 앞,5,1171
이투스교육 앞,6,1224
이투스교육 앞,7,1211
이투스교육 앞,8,1211
이투스교육 앞,9,1355
이투스교육 앞,10,1327
이투스교육 앞,11,1237
이투스교육 앞,12,717
이튼타워리버 2차,1,2272
이튼타워리버 2차,2,2490
이튼타워리버 2차,3,4223
이튼타워리버 2차,4,5242
이튼타워리버 2차,5,5770
이튼타워리버 2차,6,6158
이튼타워리버 2차,7,5483
이튼타워리버 2차,8,5471
이튼타워리버 2차,9,6404
이튼타워리버 2차,10,6315
이튼타워리버 2차,11,5180
이튼타워리버 2차,12,3284
이화공영주차장,1,1197
이화공영주차장,2,1179
이화공영주차장,3,1577
이화공영주차장,4,1718
이화공영주차장,5,1886
이화공영주차장,6,1914
이화공영주차장,7,2069
이화공영주차장,8,2017
이화공영주차장,9,1956
이화공영주차장,10,2027
이화공영주차장,11,2011
이화공영주차장,12,1458
이화여대 인문관 인근,1,302
이화여대 인문관 인근,2,350
이화여대 인문관 인근,3,1107
이화여대 인문관 인근,4,1180
이화여대 인문관 인근,5,1258
이화여대 인문관 인근,6,1067
이화여대 인문관 인근,7,975
이화여대 인문관 인근,8,866
이화여대 인문관 인근,9,1257
이화여대 인문관 인근,10,1234
이화여대 인문관 인근,11,1204
이화여대 인문관 인근,12,589
이화여대 후문,1,1362
이화여대 후문,2,1501
이화여대 후문,3,2660
이화여대 후문,4,3043
이화여대 후문,5,3310
이화여대 후문,6,3121
이화여대 후문,7,2737
이화여대 후문,8,2663
이화여대 후문,9,3234
이화여대 후문,10,3364
이화여대 후문,11,2962
이화여대 후문,12,1844
인덕대학교,1,944
인덕대학교,2,1143
인덕대학교,3,2449
인덕대학교,4,3157
인덕대학교,5,3855
인덕대학교,6,3573
인덕대학교,7,2684
인덕대학교,8,2300
인덕대학교,9,3732
인덕대학교,10,3892
인덕대학교,11,2923
인덕대학교,12,1687
인왕산 아이파크 정문,1,510
인왕산 아이파크 정문,2,724
인왕산 아이파크 정문,3,1015
인왕산 아이파크 정문,4,1085
인왕산 아이파크 정문,5,1095
인왕산 아이파크 정문,6,1123
인왕산 아이파크 정문,7,1102
인왕산 아이파크 정문,8,970
인왕산 아이파크 정문,9,1074
인왕산 아이파크 정문,10,1103
인왕산 아이파크 정문,11,1005
인왕산 아이파크 정문,12,836
인재개발원 데이터센터,1,18
인재개발원 데이터센터,2,29
인재개발원 데이터센터,3,96
인재개발원 데이터센터,4,109
인재개발원 데이터센터,5,149
인재개발원 데이터센터,6,165
인재개발원 데이터센터,7,123
인재개발원 데이터센터,8,93
인재개발원 데이터센터,9,131
인재개발원 데이터센터,10,146
인재개발원 데이터센터,11,154
인재개발원 데이터센터,12,45
인재개발원 배움관,1,69
인재개발원 배움관,2,80
인재개발원 배움관,3,87
인재개발원 배움관,4,80
인재개발원 배움관,5,84
인재개발원 배움관,6,63
인재개발원 배움관,7,91
인재개발원 배움관,8,72
인재개발원 배움관,9,84
인재개발원 배움관,10,141
인재개발원 배움관,11,158
인재개발원 배움관,12,61
인헌초교,1,497
인헌초교,2,545
인헌초교,3,918
인헌초교,4,1487
인헌초교,5,1593
인헌초교,6,1565
인헌초교,7,1407
인헌초교,8,1521
인헌초교,9,1653
인헌초교,10,1573
인헌초교,11,1215
인헌초교,12,595
일동제약 사거리,1,1061
일동제약 사거리,2,1256
일동제약 사거리,3,2618
일동제약 사거리,4,3394
일동제약 사거리,5,3518
일동제약 사거리,6,3508
일동제약 사거리,7,2874
일동제약 사거리,8,2705
일동제약 사거리,9,3922
일동제약 사거리,10,3885
일동제약 사거리,11,2689
일동제약 사거리,12,1432
일성아파트,1,372
일성아파트,2,449
일성아파트,3,945
일성아파트,4,1151
일성아파트,5,1229
일성아파트,6,1202
일성아파트,7,902
일성아파트,8,842
일성아파트,9,1234
일성아파트,10,1278
일성아파트,11,1053
일성아파트,12,564
일신초등학교 옆,1,445
일신초등학교 옆,2,562
일신초등학교 옆,3,1070
일신초등학교 옆,4,1650
일신초등학교 옆,5,1615
일신초등학교 옆,6,1772
일신초등학교 옆,7,1519
일신초등학교 옆,8,1312
일신초등학교 옆,9,1627
일신초등학교 옆,10,1438
일신초등학교 옆,11,1040
일신초등학교 옆,12,586
일원1동 주민센터,1,1347
일원1동 주민센터,2,1532
일원1동 주민센터,3,2776
일원1동 주민센터,4,3622
일원1동 주민센터,5,3752
일원1동 주민센터,6,3787
일원1동 주민센터,7,3394
일원1동 주민센터,8,2428
일원1동 주민센터,9,2747
일원1동 주민센터,10,2887
일원1동 주민센터,11,2242
일원1동 주민센터,12,1383
일원1동주민센터앞 사거리,1,857
일원1동주민센터앞 사거리,2,924
일원1동주민센터앞 사거리,3,1746
일원1동주민센터앞 사거리,4,2419
일원1동주민센터앞 사거리,5,2633
일원1동주민센터앞 사거리,6,2881
일원1동주민센터앞 사거리,7,2264
일원1동주민센터앞 사거리,8,2710
일원1동주민센터앞 사거리,9,3364
일원1동주민센터앞 사거리,10,3235
일원1동주민센터앞 사거리,11,2705
일원1동주민센터앞 사거리,12,1667
일원에코파크 앞(개포로 방면),1,392
일원에코파크 앞(개포로 방면),2,479
일원에코파크 앞(개포로 방면),3,1108
일원에코파크 앞(개포로 방면),4,2000
일원에코파크 앞(개포로 방면),5,2147
일원에코파크 앞(개포로 방면),6,1926
일원에코파크 앞(개포로 방면),7,1456
일원에코파크 앞(개포로 방면),8,1450
일원에코파크 앞(개포로 방면),9,2147
일원에코파크 앞(개포로 방면),10,2060
일원에코파크 앞(개포로 방면),11,1348
일원에코파크 앞(개포로 방면),12,599
일원에코파크 주차장,1,638
일원에코파크 주차장,2,663
일원에코파크 주차장,3,1424
일원에코파크 주차장,4,2051
일원에코파크 주차장,5,2256
일원에코파크 주차장,6,2292
일원에코파크 주차장,7,1797
일원에코파크 주차장,8,1998
일원에코파크 주차장,9,2297
일원에코파크 주차장,10,2457
일원에코파크 주차장,11,1996
일원에코파크 주차장,12,1322
일원역 4~5번 출구 사이,1,839
일원역 4~5번 출구 사이,2,971
일원역 4~5번 출구 사이,3,1794
일원역 4~5번 출구 사이,4,2237
일원역 4~5번 출구 사이,5,2307
일원역 4~5번 출구 사이,6,2500
일원역 4~5번 출구 사이,7,2196
일원역 4~5번 출구 사이,8,1967
일원역 4~5번 출구 사이,9,2605
일원역 4~5번 출구 사이,10,2747
일원역 4~5번 출구 사이,11,2289
일원역 4~5번 출구 사이,12,1249
일진아이윌아파트 옆,1,1377
일진아이윌아파트 옆,2,1359
일진아이윌아파트 옆,3,2330
일진아이윌아파트 옆,4,3173
일진아이윌아파트 옆,5,3553
일진아이윌아파트 옆,6,3467
일진아이윌아파트 옆,7,3236
일진아이윌아파트 옆,8,2932
일진아이윌아파트 옆,9,3829
일진아이윌아파트 옆,10,3884
일진아이윌아파트 옆,11,2427
일진아이윌아파트 옆,12,1379
임광빌딩 앞,1,1105
임광빌딩 앞,2,1199
임광빌딩 앞,3,1983
임광빌딩 앞,4,2520
임광빌딩 앞,5,2265
임광빌딩 앞,6,2478
임광빌딩 앞,7,2531
임광빌딩 앞,8,2293
임광빌딩 앞,9,2270
임광빌딩 앞,10,2571
임광빌딩 앞,11,2130
임광빌딩 앞,12,1386
자곡사거리,1,2050
자곡사거리,2,2496
자곡사거리,3,4660
자곡사거리,4,6774
자곡사거리,5,7624
자곡사거리,6,7761
자곡사거리,7,5838
자곡사거리,8,5343
자곡사거리,9,6933
자곡사거리,10,7121
자곡사거리,11,5302
자곡사거리,12,3074
자교교회 앞,1,1732
자교교회 앞,2,2152
자교교회 앞,3,3589
자교교회 앞,4,4660
자교교회 앞,5,5427
자교교회 앞,6,5199
자교교회 앞,7,4694
자교교회 앞,8,4380
자교교회 앞,9,5212
자교교회 앞,10,5498
자교교회 앞,11,4236
자교교회 앞,12,2474
자양(뚝섬한강공원)역 1번출구 앞,1,10208
자양(뚝섬한강공원)역 1번출구 앞,2,15953
자양(뚝섬한강공원)역 1번출구 앞,3,36595
자양(뚝섬한강공원)역 1번출구 앞,4,49891
자양(뚝섬한강공원)역 1번출구 앞,5,56088
자양(뚝섬한강공원)역 1번출구 앞,6,48469
자양(뚝섬한강공원)역 1번출구 앞,7,38803
자양(뚝섬한강공원)역 1번출구 앞,8,36083
자양(뚝섬한강공원)역 1번출구 앞,9,57529
자양(뚝섬한강공원)역 1번출구 앞,10,46029
자양(뚝섬한강공원)역 1번출구 앞,11,24195
자양(뚝섬한강공원)역 1번출구 앞,12,12473
자양2동 주민센터,1,2272
자양2동 주민센터,2,2341
자양2동 주민센터,3,3934
자양2동 주민센터,4,4919
자양2동 주민센터,5,5547
자양2동 주민센터,6,5913
자양2동 주민센터,7,5122
자양2동 주민센터,8,5338
자양2동 주민센터,9,6231
자양2동 주민센터,10,6504
자양2동 주민센터,11,5518
자양2동 주민센터,12,3563
자양나들목,1,3429
자양나들목,2,4142
자양나들목,3,7475
자양나들목,4,10073
자양나들목,5,11092
자양나들목,6,11103
자양나들목,7,8850
자양나들목,8,7818
자양나들목,9,10676
자양나들목,10,10267
자양나들목,11,7212
자양나들목,12,4279
자양사거리 광진아크로텔 앞,1,4323
자양사거리 광진아크로텔 앞,2,4781
자양사거리 광진아크로텔 앞,3,7834
자양사거리 광진아크로텔 앞,4,10506
자양사거리 광진아크로텔 앞,5,10681
자양사거리 광진아크로텔 앞,6,10922
자양사거리 광진아크로텔 앞,7,9380
자양사거리 광진아크로텔 앞,8,8471
자양사거리 광진아크로텔 앞,9,10238
자양사거리 광진아크로텔 앞,10,10334
자양사거리 광진아크로텔 앞,11,8539
자양사거리 광진아크로텔 앞,12,5231
자양사거리(서원빌딩),1,4839
자양사거리(서원빌딩),2,5180
자양사거리(서원빌딩),3,8865
자양사거리(서원빌딩),4,11112
자양사거리(서원빌딩),5,13024
자양사거리(서원빌딩),6,13800
자양사거리(서원빌딩),7,12514
자양사거리(서원빌딩),8,12470
자양사거리(서원빌딩),9,13773
자양사거리(서원빌딩),10,13690
자양사거리(서원빌딩),11,10912
자양사거리(서원빌딩),12,7132
자양중앙나들목,1,2765
자양중앙나들목,2,3142
자양중앙나들목,3,5626
자양중앙나들목,4,7456
자양중앙나들목,5,8498
자양중앙나들목,6,8530
자양중앙나들목,7,7319
자양중앙나들목,8,6997
자양중앙나들목,9,8576
자양중앙나들목,10,8083
자양중앙나들목,11,5226
자양중앙나들목,12,3268
자양한강도서관,1,2769
자양한강도서관,2,2934
자양한강도서관,3,4537
자양한강도서관,4,5635
자양한강도서관,5,6270
자양한강도서관,6,7130
자양한강도서관,7,6981
자양한강도서관,8,7052
자양한강도서관,9,6913
자양한강도서관,10,6934
자양한강도서관,11,6140
자양한강도서관,12,4311
잔디마을 마을버스 정류장,1,3035
잔디마을 마을버스 정류장,2,3200
잔디마을 마을버스 정류장,3,4840
잔디마을 마을버스 정류장,4,6332
잔디마을 마을버스 정류장,5,6447
잔디마을 마을버스 정류장,6,6438
잔디마을 마을버스 정류장,7,6162
잔디마을 마을버스 정류장,8,5632
잔디마을 마을버스 정류장,9,6625
잔디마을 마을버스 정류장,10,7248
잔디마을 마을버스 정류장,11,6444
잔디마을 마을버스 정류장,12,4262
잠실 자전거 수리센터 앞,1,3828
잠실 자전거 수리센터 앞,2,4193
잠실 자전거 수리센터 앞,3,6744
잠실 자전거 수리센터 앞,4,8314
잠실 자전거 수리센터 앞,5,8790
잠실 자전거 수리센터 앞,6,8639
잠실 자전거 수리센터 앞,7,7505
잠실 자전거 수리센터 앞,8,7265
잠실 자전거 수리센터 앞,9,8749
잠실 자전거 수리센터 앞,10,10108
잠실 자전거 수리센터 앞,11,8521
잠실 자전거 수리센터 앞,12,5390
잠실 파크리오 120동 앞,1,1980
잠실 파크리오 120동 앞,2,2313
잠실 파크리오 120동 앞,3,3775
잠실 파크리오 120동 앞,4,4772
잠실 파크리오 120동 앞,5,5581
잠실 파크리오 120동 앞,6,5736
잠실 파크리오 120동 앞,7,5192
잠실 파크리오 120동 앞,8,5070
잠실 파크리오 120동 앞,9,5608
잠실 파크리오 120동 앞,10,5437
잠실 파크리오 120동 앞,11,4428
잠실 파크리오 120동 앞,12,2918
잠실3거리(갤러리아팰리스),1,1790
잠실3거리(갤러리아팰리스),2,2135
잠실3거리(갤러리아팰리스),3,3405
잠실3거리(갤러리아팰리스),4,4418
잠실3거리(갤러리아팰리스),5,4731
잠실3거리(갤러리아팰리스),6,4808
잠실3거리(갤러리아팰리스),7,4393
잠실3거리(갤러리아팰리스),8,4615
잠실3거리(갤러리아팰리스),9,5046
잠실3거리(갤러리아팰리스),10,5499
잠실3거리(갤러리아팰리스),11,3998
잠실3거리(갤러리아팰리스),12,2131
잠실4동 주민센터 옆,1,3095
잠실4동 주민센터 옆,2,3424
잠실4동 주민센터 옆,3,5749
잠실4동 주민센터 옆,4,7217
잠실4동 주민센터 옆,5,7993
잠실4동 주민센터 옆,6,8342
잠실4동 주민센터 옆,7,7411
잠실4동 주민센터 옆,8,7048
잠실4동 주민센터 옆,9,8118
잠실4동 주민센터 옆,10,8266
잠실4동 주민센터 옆,11,6974
잠실4동 주민센터 옆,12,4450
잠실근린공원,1,3619
잠실근린공원,2,4118
잠실근린공원,3,6850
잠실근린공원,4,8758
잠실근린공원,5,9271
잠실근린공원,6,10250
잠실근린공원,7,8772
잠실근린공원,8,8132
잠실근린공원,9,9375
잠실근린공원,10,9792
잠실근린공원,11,7948
잠실근린공원,12,5019
잠실나들목,1,2026
잠실나들목,2,2777
잠실나들목,3,7069
잠실나들목,4,12152
잠실나들목,5,13034
잠실나들목,6,11476
잠실나들목,7,8165
잠실나들목,8,8211
잠실나들목,9,13020
잠실나들목,10,11455
잠실나들목,11,5768
잠실나들목,12,2867
잠실나들목2(엘스아파트136동),1,1348
잠실나들목2(엘스아파트136동),2,1896
잠실나들목2(엘스아파트136동),3,4357
잠실나들목2(엘스아파트136동),4,5537
잠실나들목2(엘스아파트136동),5,6577
잠실나들목2(엘스아파트136동),6,6743
잠실나들목2(엘스아파트136동),7,4929
잠실나들목2(엘스아파트136동),8,4231
잠실나들목2(엘스아파트136동),9,6654
잠실나들목2(엘스아파트136동),10,6375
잠실나들목2(엘스아파트136동),11,3538
잠실나들목2(엘스아파트136동),12,1945
잠실나들목4,1,1153
잠실나들목4,2,2410
잠실나들목4,3,4979
잠실나들목4,4,7613
잠실나들목4,5,8638
잠실나들목4,6,7816
잠실나들목4,7,5635
잠실나들목4,8,6014
잠실나들목4,9,8396
잠실나들목4,10,7471
잠실나들목4,11,3948
잠실나들목4,12,1792
잠실나들목5,1,450
잠실나들목5,2,548
잠실나들목5,3,1096
잠실나들목5,4,2068
잠실나들목5,5,2349
잠실나들목5,6,2320
잠실나들목5,7,1706
잠실나들목5,8,1582
잠실나들목5,9,2415
잠실나들목5,10,2168
잠실나들목5,11,1519
잠실나들목5,12,738
잠실나들목6,1,371
잠실나들목6,2,552
잠실나들목6,3,963
잠실나들목6,4,1456
잠실나들목6,5,1752
잠실나들목6,6,1589
잠실나들목6,7,1378
잠실나들목6,8,1503
잠실나들목6,9,2471
잠실나들목6,10,2075
잠실나들목6,11,889
잠실나들목6,12,402
잠실나루 나들목,1,1362
잠실나루 나들목,2,2074
잠실나루 나들목,3,4658
잠실나루 나들목,4,7182
잠실나루 나들목,5,7764
잠실나루 나들목,6,6965
잠실나루 나들목,7,5385
잠실나루 나들목,8,5588
잠실나루 나들목,9,7606
잠실나루 나들목,10,6719
잠실나루 나들목,11,3700
잠실나루 나들목,12,2089
잠실나루역 (2번 출구 쪽),1,5150
잠실나루역 (2번 출구 쪽),2,5850
잠실나루역 (2번 출구 쪽),3,9773
잠실나루역 (2번 출구 쪽),4,12717
잠실나루역 (2번 출구 쪽),5,13703
잠실나루역 (2번 출구 쪽),6,13976
잠실나루역 (2번 출구 쪽),7,11824
잠실나루역 (2번 출구 쪽),8,10604
잠실나루역 (2번 출구 쪽),9,12992
잠실나루역 (2번 출구 쪽),10,13652
잠실나루역 (2번 출구 쪽),11,11773
잠실나루역 (2번 출구 쪽),12,6881
잠실나루역 고가하부,1,795
잠실나루역 고가하부,2,880
잠실나루역 고가하부,3,1445
잠실나루역 고가하부,4,2004
잠실나루역 고가하부,5,2115
잠실나루역 고가하부,6,2186
잠실나루역 고가하부,7,1874
잠실나루역 고가하부,8,1899
잠실나루역 고가하부,9,2144
잠실나루역 고가하부,10,2205
잠실나루역 고가하부,11,1915
잠실나루역 고가하부,12,1200
잠실나루역4번출구뒤,1,2108
잠실나루역4번출구뒤,2,2670
잠실나루역4번출구뒤,3,5104
잠실나루역4번출구뒤,4,7416
잠실나루역4번출구뒤,5,8125
잠실나루역4번출구뒤,6,7244
잠실나루역4번출구뒤,7,5836
잠실나루역4번출구뒤,8,5648
잠실나루역4번출구뒤,9,7592
잠실나루역4번출구뒤,10,7876
잠실나루역4번출구뒤,11,5656
잠실나루역4번출구뒤,12,3496
잠실대교북단 교차로,1,2742
잠실대교북단 교차로,2,3046
잠실대교북단 교차로,3,5563
잠실대교북단 교차로,4,7315
잠실대교북단 교차로,5,7933
잠실대교북단 교차로,6,8345
잠실대교북단 교차로,7,7480
잠실대교북단 교차로,8,7647
잠실대교북단 교차로,9,8331
잠실대교북단 교차로,10,8527
잠실대교북단 교차로,11,6610
잠실대교북단 교차로,12,3977
잠실새내역 1번출구,1,2918
잠실새내역 1번출구,2,3643
잠실새내역 1번출구,3,6365
잠실새내역 1번출구,4,8510
잠실새내역 1번출구,5,9584
잠실새내역 1번출구,6,9372
잠실새내역 1번출구,7,7988
잠실새내역 1번출구,8,7772
잠실새내역 1번출구,9,9375
잠실새내역 1번출구,10,10528
잠실새내역 1번출구,11,8421
잠실새내역 1번출구,12,4765
잠실새내역 5번 출구 뒤,1,5359
잠실새내역 5번 출구 뒤,2,6648
잠실새내역 5번 출구 뒤,3,12489
잠실새내역 5번 출구 뒤,4,17753
잠실새내역 5번 출구 뒤,5,19053
잠실새내역 5번 출구 뒤,6,18407
잠실새내역 5번 출구 뒤,7,15106
잠실새내역 5번 출구 뒤,8,14364
잠실새내역 5번 출구 뒤,9,18334
잠실새내역 5번 출구 뒤,10,18593
잠실새내역 5번 출구 뒤,11,13089
잠실새내역 5번 출구 뒤,12,7209
잠실역 6번출구,1,3390
잠실역 6번출구,2,4211
잠실역 6번출구,3,8216
잠실역 6번출구,4,11159
잠실역 6번출구,5,11698
잠실역 6번출구,6,10372
잠실역 6번출구,7,8640
잠실역 6번출구,8,8548
잠실역 6번출구,9,11494
잠실역 6번출구,10,11384
잠실역 6번출구,11,7952
잠실역 6번출구,12,4694
잠실역 8번출구,1,5477
잠실역 8번출구,2,6768
잠실역 8번출구,3,12755
잠실역 8번출구,4,17538
잠실역 8번출구,5,18623
잠실역 8번출구,6,17027
잠실역 8번출구,7,13746
잠실역 8번출구,8,12614
잠실역 8번출구,9,17640
잠실역 8번출구,10,18418
잠실역 8번출구,11,13218
잠실역 8번출구,12,7418
잠실주공 521동 건너편,1,3766
잠실주공 521동 건너편,2,4330
잠실주공 521동 건너편,3,7639
잠실주공 521동 건너편,4,9812
잠실주공 521동 건너편,5,10906
잠실주공 521동 건너편,6,10842
잠실주공 521동 건너편,7,9288
잠실주공 521동 건너편,8,8928
잠실주공 521동 건너편,9,10943
잠실주공 521동 건너편,10,11546
잠실주공 521동 건너편,11,8862
잠실주공 521동 건너편,12,5689
잠실주공5단지1,1,3234
잠실주공5단지1,2,3511
잠실주공5단지1,3,5529
잠실주공5단지1,4,6580
잠실주공5단지1,5,7933
잠실주공5단지1,6,8191
잠실주공5단지1,7,7844
잠실주공5단지1,8,7751
잠실주공5단지1,9,7978
잠실주공5단지1,10,8213
잠실주공5단지1,11,6999
잠실주공5단지1,12,5141
잠실트리지움310동 옆,1,3073
잠실트리지움310동 옆,2,3625
잠실트리지움310동 옆,3,6438
잠실트리지움310동 옆,4,8394
잠실트리지움310동 옆,5,9522
잠실트리지움310동 옆,6,9366
잠실트리지움310동 옆,7,8069
잠실트리지움310동 옆,8,7871
잠실트리지움310동 옆,9,9576
잠실트리지움310동 옆,10,9740
잠실트리지움310동 옆,11,7448
잠실트리지움310동 옆,12,4328
잠원역 3번-4번 출구사이,1,1859
잠원역 3번-4번 출구사이,2,1958
잠원역 3번-4번 출구사이,3,3727
잠원역 3번-4번 출구사이,4,4534
잠원역 3번-4번 출구사이,5,5080
잠원역 3번-4번 출구사이,6,4933
잠원역 3번-4번 출구사이,7,4451
잠원역 3번-4번 출구사이,8,4466
잠원역 3번-4번 출구사이,9,5556
잠원역 3번-4번 출구사이,10,5334
잠원역 3번-4번 출구사이,11,3933
잠원역 3번-4번 출구사이,12,2568
잣절보도육교 아래,1,893
잣절보도육교 아래,2,1013
잣절보도육교 아래,3,1772
잣절보도육교 아래,4,2212
잣절보도육교 아래,5,2466
잣절보도육교 아래,6,2521
잣절보도육교 아래,7,2305
잣절보도육교 아래,8,2060
잣절보도육교 아래,9,2649
잣절보도육교 아래,10,2687
잣절보도육교 아래,11,2100
잣절보도육교 아래,12,1189
장곡초등학교 앞,1,891
장곡초등학교 앞,2,1039
장곡초등학교 앞,3,1855
장곡초등학교 앞,4,2498
장곡초등학교 앞,5,3386
장곡초등학교 앞,6,3478
장곡초등학교 앞,7,3137
장곡초등학교 앞,8,3460
장곡초등학교 앞,9,3823
장곡초등학교 앞,10,3698
장곡초등학교 앞,11,2524
장곡초등학교 앞,12,1516
장로회신학대학교 주기철 기념관,1,72
장로회신학대학교 주기철 기념관,2,87
장로회신학대학교 주기철 기념관,3,266
장로회신학대학교 주기철 기념관,4,432
장로회신학대학교 주기철 기념관,5,413
장로회신학대학교 주기철 기념관,6,319
장로회신학대학교 주기철 기념관,7,182
장로회신학대학교 주기철 기념관,8,171
장로회신학대학교 주기철 기념관,9,262
장로회신학대학교 주기철 기념관,10,316
장로회신학대학교 주기철 기념관,11,269
장로회신학대학교 주기철 기념관,12,83
장미원시장 건너편,1,1353
장미원시장 건너편,2,1447
장미원시장 건너편,3,2184
장미원시장 건너편,4,2981
장미원시장 건너편,5,3348
장미원시장 건너편,6,3276
장미원시장 건너편,7,3110
장미원시장 건너편,8,2964
장미원시장 건너편,9,3226
장미원시장 건너편,10,3334
장미원시장 건너편,11,2584
장미원시장 건너편,12,1585
장수공원,1,1391
장수공원,2,1609
장수공원,3,2776
장수공원,4,3533
장수공원,5,3967
장수공원,6,4064
장수공원,7,3605
장수공원,8,3257
장수공원,9,4362
장수공원,10,4438
장수공원,11,3346
장수공원,12,1854
장승배기역 5번출구,1,2707
장승배기역 5번출구,2,2949
장승배기역 5번출구,3,4863
장승배기역 5번출구,4,7178
장승배기역 5번출구,5,7521
장승배기역 5번출구,6,7318
장승배기역 5번출구,7,6221
장승배기역 5번출구,8,6394
장승배기역 5번출구,9,7479
장승배기역 5번출구,10,7922
장승배기역 5번출구,11,5905
장승배기역 5번출구,12,3080
장승배기역2번출구뒷편쪽,1,1191
장승배기역2번출구뒷편쪽,2,1443
장승배기역2번출구뒷편쪽,3,2271
장승배기역2번출구뒷편쪽,4,3111
장승배기역2번출구뒷편쪽,5,3140
장승배기역2번출구뒷편쪽,6,3364
장승배기역2번출구뒷편쪽,7,2994
장승배기역2번출구뒷편쪽,8,2785
장승배기역2번출구뒷편쪽,9,3207
장승배기역2번출구뒷편쪽,10,3199
장승배기역2번출구뒷편쪽,11,2549
장승배기역2번출구뒷편쪽,12,1525
장안동 사거리,1,6219
장안동 사거리,2,6967
장안동 사거리,3,11655
장안동 사거리,4,15437
장안동 사거리,5,17628
장안동 사거리,6,18063
장안동 사거리,7,15027
장안동 사거리,8,14256
장안동 사거리,9,16987
장안동 사거리,10,18220
장안동 사거리,11,13593
장안동 사거리,12,7957
장안동근린공원 입구,1,972
장안동근린공원 입구,2,1170
장안동근린공원 입구,3,2078
장안동근린공원 입구,4,2680
장안동근린공원 입구,5,3407
장안동근린공원 입구,6,3337
장안동근린공원 입구,7,2779
장안동근린공원 입구,8,2773
장안동근린공원 입구,9,2416
장안동근린공원 입구,10,2246
장안동근린공원 입구,11,1863
장안동근린공원 입구,12,1283
장안동삼거리 교통섬,1,1887
장안동삼거리 교통섬,2,2173
장안동삼거리 교통섬,3,3934
장안동삼거리 교통섬,4,5422
장안동삼거리 교통섬,5,6396
장안동삼거리 교통섬,6,6139
장안동삼거리 교통섬,7,5191
장안동삼거리 교통섬,8,4729
장안동삼거리 교통섬,9,6341
장안동삼거리 교통섬,10,6636
장안동삼거리 교통섬,11,4603
장안동삼거리 교통섬,12,2653
장안동위더스빌옆,1,5504
장안동위더스빌옆,2,5789
장안동위더스빌옆,3,9143
장안동위더스빌옆,4,11054
장안동위더스빌옆,5,12449
장안동위더스빌옆,6,13192
장안동위더스빌옆,7,12087
장안동위더스빌옆,8,11270
장안동위더스빌옆,9,12664
장안동위더스빌옆,10,13054
장안동위더스빌옆,11,10886
장안동위더스빌옆,12,6945
장안중학교,1,1457
장안중학교,2,1579
장안중학교,3,2753
장안중학교,4,3781
장안중학교,5,4138
장안중학교,6,3891
장안중학교,7,3836
장안중학교,8,3488
장안중학교,9,4835
장안중학교,10,4492
장안중학교,11,3457
장안중학교,12,2169
장안힐스테이트(아) 앞,1,2679
장안힐스테이트(아) 앞,2,2880
장안힐스테이트(아) 앞,3,5389
장안힐스테이트(아) 앞,4,6778
장안힐스테이트(아) 앞,5,6897
장안힐스테이트(아) 앞,6,8333
장안힐스테이트(아) 앞,7,7180
장안힐스테이트(아) 앞,8,6556
장안힐스테이트(아) 앞,9,8025
장안힐스테이트(아) 앞,10,8317
장안힐스테이트(아) 앞,11,6654
장안힐스테이트(아) 앞,12,4079
장위뉴타운 꿈에 숲 코오롱 하늘채 앞,1,949
장위뉴타운 꿈에 숲 코오롱 하늘채 앞,2,1234
장위뉴타운 꿈에 숲 코오롱 하늘채 앞,3,2278
장위뉴타운 꿈에 숲 코오롱 하늘채 앞,4,3478
장위뉴타운 꿈에 숲 코오롱 하늘채 앞,5,3661
장위뉴타운 꿈에 숲 코오롱 하늘채 앞,6,3434
장위뉴타운 꿈에 숲 코오롱 하늘채 앞,7,2979
장위뉴타운 꿈에 숲 코오롱 하늘채 앞,8,2300
장위뉴타운 꿈에 숲 코오롱 하늘채 앞,9,3091
장위뉴타운 꿈에 숲 코오롱 하늘채 앞,10,2728
장위뉴타운 꿈에 숲 코오롱 하늘채 앞,11,1833
장위뉴타운 꿈에 숲 코오롱 하늘채 앞,12,825
장지공영차고지,1,562
장지공영차고지,2,610
장지공영차고지,3,1047
장지공영차고지,4,1255
장지공영차고지,5,1370
장지공영차고지,6,1344
장지공영차고지,7,1205
장지공영차고지,8,1048
장지공영차고지,9,1330
장지공영차고지,10,1427
장지공영차고지,11,1201
장지공영차고지,12,799
장지역 1번출구,1,1585
장지역 1번출구,2,1918
장지역 1번출구,3,3561
장지역 1번출구,4,4966
장지역 1번출구,5,5692
장지역 1번출구,6,5635
장지역 1번출구,7,4770
장지역 1번출구,8,4585
장지역 1번출구,9,5280
장지역 1번출구,10,5481
장지역 1번출구,11,4584
장지역 1번출구,12,2675
장충동먹자골목 앞,1,1246
장충동먹자골목 앞,2,1325
장충동먹자골목 앞,3,2312
장충동먹자골목 앞,4,2825
장충동먹자골목 앞,5,3182
장충동먹자골목 앞,6,3328
장충동먹자골목 앞,7,3185
장충동먹자골목 앞,8,3167
장충동먹자골목 앞,9,3516
장충동먹자골목 앞,10,3629
장충동먹자골목 앞,11,3091
장충동먹자골목 앞,12,1931
장충체육관,1,268
장충체육관,2,242
장충체육관,3,404
장충체육관,4,609
장충체육관,5,501
장충체육관,6,542
장충체육관,7,478
장충체육관,8,528
장충체육관,9,676
장충체육관,10,657
장충체육관,11,608
장충체육관,12,286
장학재단빌딩 앞,4,191
장학재단빌딩 앞,5,315
장학재단빌딩 앞,6,346
장학재단빌딩 앞,7,311
장학재단빌딩 앞,8,291
장학재단빌딩 앞,9,354
장학재단빌딩 앞,10,297
장학재단빌딩 앞,11,346
장학재단빌딩 앞,12,188
장한평역 3번출구,1,5534
장한평역 3번출구,2,6917
장한평역 3번출구,3,11864
장한평역 3번출구,4,14729
장한평역 3번출구,5,15481
장한평역 3번출구,6,12646
장한평역 3번출구,7,12444
장한평역 3번출구,8,12619
장한평역 3번출구,9,11407
장한평역 3번출구,10,9222
장한평역 3번출구,11,7595
장한평역 3번출구,12,5032
장한평역 8번 출구 앞,1,5686
장한평역 8번 출구 앞,2,5378
장한평역 8번 출구 앞,3,8797
장한평역 8번 출구 앞,4,10800
장한평역 8번 출구 앞,5,12614
장한평역 8번 출구 앞,6,15336
장한평역 8번 출구 앞,7,12316
장한평역 8번 출구 앞,8,11202
장한평역 8번 출구 앞,9,15252
장한평역 8번 출구 앞,10,17631
장한평역 8번 출구 앞,11,14342
장한평역 8번 출구 앞,12,9714
장훈고 앞,1,737
장훈고 앞,2,776
장훈고 앞,3,1361
장훈고 앞,4,1636
장훈고 앞,5,1874
장훈고 앞,6,2024
장훈고 앞,7,1738
장훈고 앞,8,1749
장훈고 앞,9,1829
장훈고 앞,10,2030
장훈고 앞,11,1668
장훈고 앞,12,1150
재동초교 앞 삼거리,1,1705
재동초교 앞 삼거리,2,1975
재동초교 앞 삼거리,3,3057
재동초교 앞 삼거리,4,3983
재동초교 앞 삼거리,5,4204
재동초교 앞 삼거리,6,4081
재동초교 앞 삼거리,7,3620
재동초교 앞 삼거리,8,3496
재동초교 앞 삼거리,9,4140
재동초교 앞 삼거리,10,4407
재동초교 앞 삼거리,11,3550
재동초교 앞 삼거리,12,2022
전농SK아파트 앞,1,520
전농SK아파트 앞,2,599
전농SK아파트 앞,3,1031
전농SK아파트 앞,4,1443
전농SK아파트 앞,5,1596
전농SK아파트 앞,6,1507
전농SK아파트 앞,7,1219
전농SK아파트 앞,8,1297
전농SK아파트 앞,9,1568
전농SK아파트 앞,10,1613
전농SK아파트 앞,11,1276
전농SK아파트 앞,12,698
전농동 동아아파트 앞,1,3136
전농동 동아아파트 앞,2,3319
전농동 동아아파트 앞,3,4886
전농동 동아아파트 앞,4,5750
전농동 동아아파트 앞,5,6723
전농동 동아아파트 앞,6,7157
전농동 동아아파트 앞,7,6871
전농동 동아아파트 앞,8,6810
전농동 동아아파트 앞,9,7375
전농동 동아아파트 앞,10,7386
전농동 동아아파트 앞,11,6351
전농동 동아아파트 앞,12,4093
전농동 텃골공원,1,1536
전농동 텃골공원,2,1575
전농동 텃골공원,3,2570
전농동 텃골공원,4,3138
전농동 텃골공원,5,3407
전농동 텃골공원,6,3509
전농동 텃골공원,7,3270
전농동 텃골공원,8,2842
전농동 텃골공원,9,3273
전농동 텃골공원,10,3102
전농동 텃골공원,11,2737
전농동 텃골공원,12,1828
전농사거리 교통섬,1,1991
전농사거리 교통섬,2,2306
전농사거리 교통섬,3,3787
전농사거리 교통섬,4,5081
전농사거리 교통섬,5,5912
전농사거리 교통섬,6,5908
전농사거리 교통섬,7,4687
전농사거리 교통섬,8,4554
전농사거리 교통섬,9,5987
전농사거리 교통섬,10,6028
전농사거리 교통섬,11,4567
전농사거리 교통섬,12,2613
전농삼성아파트,1,594
전농삼성아파트,2,634
전농삼성아파트,3,1085
전농삼성아파트,4,1409
전농삼성아파트,5,1398
전농삼성아파트,6,1257
전농삼성아파트,7,1261
전농삼성아파트,8,1126
전농삼성아파트,9,1212
전농삼성아파트,10,1212
전농삼성아파트,11,1056
전농삼성아파트,12,726
전농초등학교 건너편,1,815
전농초등학교 건너편,2,930
전농초등학교 건너편,3,1645
전농초등학교 건너편,4,1933
전농초등학교 건너편,5,2037
전농초등학교 건너편,6,2284
전농초등학교 건너편,7,1793
전농초등학교 건너편,8,1598
전농초등학교 건너편,9,2045
전농초등학교 건너편,10,2220
전농초등학교 건너편,11,1781
전농초등학교 건너편,12,1171
전자랜드 본관 앞,1,1810
전자랜드 본관 앞,2,1917
전자랜드 본관 앞,3,3117
전자랜드 본관 앞,4,4095
전자랜드 본관 앞,5,4385
전자랜드 본관 앞,6,4269
전자랜드 본관 앞,7,3590
전자랜드 본관 앞,8,3337
전자랜드 본관 앞,9,3901
전자랜드 본관 앞,10,4158
전자랜드 본관 앞,11,3477
전자랜드 본관 앞,12,2527
정곡나들목,1,631
정곡나들목,2,877
정곡나들목,3,2028
정곡나들목,4,3274
정곡나들목,5,4228
정곡나들목,6,4199
정곡나들목,7,3408
정곡나들목,8,3256
정곡나들목,9,4652
정곡나들목,10,3450
정곡나들목,11,1688
정곡나들목,12,776
정금마을 마을버스정류장,1,940
정금마을 마을버스정류장,2,1060
정금마을 마을버스정류장,3,1853
정금마을 마을버스정류장,4,2401
정금마을 마을버스정류장,5,2668
정금마을 마을버스정류장,6,2750
정금마을 마을버스정류장,7,2258
정금마을 마을버스정류장,8,2088
정금마을 마을버스정류장,9,2642
정금마을 마을버스정류장,10,2834
정금마을 마을버스정류장,11,1912
정금마을 마을버스정류장,12,1193
정동사거리,1,2258
정동사거리,2,2506
정동사거리,3,3945
정동사거리,4,4752
정동사거리,5,5035
정동사거리,6,4957
정동사거리,7,4719
정동사거리,8,4321
정동사거리,9,4836
정동사거리,10,5191
정동사거리,11,4755
정동사거리,12,2785
정릉꿈에그린1단지 201동 앞,1,545
정릉꿈에그린1단지 201동 앞,2,622
정릉꿈에그린1단지 201동 앞,3,1016
정릉꿈에그린1단지 201동 앞,4,1157
정릉꿈에그린1단지 201동 앞,5,1347
정릉꿈에그린1단지 201동 앞,6,1433
정릉꿈에그린1단지 201동 앞,7,1330
정릉꿈에그린1단지 201동 앞,8,1193
정릉꿈에그린1단지 201동 앞,9,1346
정릉꿈에그린1단지 201동 앞,10,1366
정릉꿈에그린1단지 201동 앞,11,1176
정릉꿈에그린1단지 201동 앞,12,629
정릉도서관 앞,1,892
정릉도서관 앞,2,877
정릉도서관 앞,3,1624
정릉도서관 앞,4,2155
정릉도서관 앞,5,2672
정릉도서관 앞,6,2746
정릉도서관 앞,7,2335
정릉도서관 앞,8,2170
정릉도서관 앞,9,2803
정릉도서관 앞,10,2805
정릉도서관 앞,11,2122
정릉도서관 앞,12,1207
정릉역,1,1101
정릉역,2,1174
정릉역,3,2081
정릉역,4,2694
정릉역,5,3103
정릉역,6,3121
정릉역,7,2708
정릉역,8,2136
정릉역,9,2866
정릉역,10,2743
정릉역,11,2214
정릉역,12,1225
정의여중고 버스정류소,1,595
정의여중고 버스정류소,2,763
정의여중고 버스정류소,3,1353
정의여중고 버스정류소,4,1716
정의여중고 버스정류소,5,1932
정의여중고 버스정류소,6,1936
정의여중고 버스정류소,7,1602
정의여중고 버스정류소,8,1562
정의여중고 버스정류소,9,1731
정의여중고 버스정류소,10,1777
정의여중고 버스정류소,11,1532
정의여중고 버스정류소,12,975
제2구민체육센타 앞,1,4337
제2구민체육센타 앞,2,4472
제2구민체육센타 앞,3,6743
제2구민체육센타 앞,4,8041
제2구민체육센타 앞,5,8740
제2구민체육센타 앞,6,9554
제2구민체육센타 앞,7,9914
제2구민체육센타 앞,8,9791
제2구민체육센타 앞,9,9381
제2구민체육센타 앞,10,9232
제2구민체육센타 앞,11,8523
제2구민체육센타 앞,12,5779
제각말푸르지오 5-1단지 아파트,1,316
제각말푸르지오 5-1단지 아파트,2,423
제각말푸르지오 5-1단지 아파트,3,710
제각말푸르지오 5-1단지 아파트,4,973
제각말푸르지오 5-1단지 아파트,5,996
제각말푸르지오 5-1단지 아파트,6,1065
제각말푸르지오 5-1단지 아파트,7,1044
제각말푸르지오 5-1단지 아파트,8,1049
제각말푸르지오 5-1단지 아파트,9,1124
제각말푸르지오 5-1단지 아파트,10,982
제각말푸르지오 5-1단지 아파트,11,890
제각말푸르지오 5-1단지 아파트,12,444
제기2교,1,3168
제기2교,2,3396
제기2교,3,6161
제기2교,4,7526
제기2교,5,8139
제기2교,6,8065
제기2교,7,7030
제기2교,8,6645
제기2교,9,8269
제기2교,10,7885
제기2교,11,6319
제기2교,12,3906
제기동 현대아파트 앞,1,364
제기동 현대아파트 앞,2,471
제기동 현대아파트 앞,3,793
제기동 현대아파트 앞,4,924
제기동 현대아파트 앞,5,1044
제기동 현대아파트 앞,6,1058
제기동 현대아파트 앞,7,825
제기동 현대아파트 앞,8,856
제기동 현대아파트 앞,9,1056
제기동 현대아파트 앞,10,1276
제기동 현대아파트 앞,11,895
제기동 현대아파트 앞,12,522
제기동역 1번출구,1,4150
제기동역 1번출구,2,4282
제기동역 1번출구,3,7340
제기동역 1번출구,4,9426
제기동역 1번출구,5,9900
제기동역 1번출구,6,9018
제기동역 1번출구,7,8187
제기동역 1번출구,8,7880
제기동역 1번출구,9,9265
제기동역 1번출구,10,9571
제기동역 1번출구,11,7781
제기동역 1번출구,12,4883
제니스스포츠 앞,1,775
제니스스포츠 앞,2,893
제니스스포츠 앞,3,1362
제니스스포츠 앞,4,1654
제니스스포츠 앞,5,1904
제니스스포츠 앞,6,1912
제니스스포츠 앞,7,1662
제니스스포츠 앞,8,1571
제니스스포츠 앞,9,1837
제니스스포츠 앞,10,1992
제니스스포츠 앞,11,1709
제니스스포츠 앞,12,1245
제일강산수산입구,1,2018
제일강산수산입구,2,2311
제일강산수산입구,3,4612
제일강산수산입구,4,6912
제일강산수산입구,5,7057
제일강산수산입구,6,6981
제일강산수산입구,7,5368
제일강산수산입구,8,4870
제일강산수산입구,9,6372
제일강산수산입구,10,6214
제일강산수산입구,11,4664
제일강산수산입구,12,2615
제일빌딩 앞,1,1626
제일빌딩 앞,2,1790
제일빌딩 앞,3,2928
제일빌딩 앞,4,3456
제일빌딩 앞,5,4489
제일빌딩 앞,6,4308
제일빌딩 앞,7,3759
제일빌딩 앞,8,3355
제일빌딩 앞,9,4438
제일빌딩 앞,10,4641
제일빌딩 앞,11,3154
제일빌딩 앞,12,1658
조계사앞사거리,1,2272
조계사앞사거리,2,2607
조계사앞사거리,3,4103
조계사앞사거리,4,4709
조계사앞사거리,5,5074
조계사앞사거리,6,4926
조계사앞사거리,7,5034
조계사앞사거리,8,5010
조계사앞사거리,9,5252
조계사앞사거리,10,5610
조계사앞사거리,11,5018
조계사앞사거리,12,3051
조원동 강남힐병원,1,1700
조원동 강남힐병원,2,1796
조원동 강남힐병원,3,2974
조원동 강남힐병원,4,3955
조원동 강남힐병원,5,4559
조원동 강남힐병원,6,5027
조원동 강남힐병원,7,4510
조원동 강남힐병원,8,4368
조원동 강남힐병원,9,4716
조원동 강남힐병원,10,5097
조원동 강남힐병원,11,3842
조원동 강남힐병원,12,2333
조원동 미성아파트,1,1479
조원동 미성아파트,2,1679
조원동 미성아파트,3,2690
조원동 미성아파트,4,3417
조원동 미성아파트,5,4288
조원동 미성아파트,6,4824
조원동 미성아파트,7,3488
조원동 미성아파트,8,3460
조원동 미성아파트,9,3606
조원동 미성아파트,10,3493
조원동 미성아파트,11,2733
조원동 미성아파트,12,1826
조일빌딩 앞,1,288
조일빌딩 앞,2,273
조일빌딩 앞,3,419
조일빌딩 앞,4,607
조일빌딩 앞,5,720
조일빌딩 앞,6,780
조일빌딩 앞,7,752
조일빌딩 앞,8,901
조일빌딩 앞,9,1152
조일빌딩 앞,10,1240
조일빌딩 앞,11,1195
조일빌딩 앞,12,891
종각역 1번출구 앞,1,4163
종각역 1번출구 앞,2,4485
종각역 1번출구 앞,3,6903
종각역 1번출구 앞,4,7765
종각역 1번출구 앞,5,8415
종각역 1번출구 앞,6,8669
종각역 1번출구 앞,7,8777
종각역 1번출구 앞,8,8043
종각역 1번출구 앞,9,8637
종각역 1번출구 앞,10,9215
종각역 1번출구 앞,11,8446
종각역 1번출구 앞,12,5142
종각역 5번출구,1,3291
종각역 5번출구,2,3380
종각역 5번출구,3,5839
종각역 5번출구,4,6416
종각역 5번출구,5,7152
종각역 5번출구,6,6969
종각역 5번출구,7,6697
종각역 5번출구,8,6235
종각역 5번출구,9,7021
종각역 5번출구,10,7661
종각역 5번출구,11,6666
종각역 5번출구,12,3764
종로2가 버스정류장 (종각방향),1,2421
종로2가 버스정류장 (종각방향),2,2609
종로2가 버스정류장 (종각방향),3,3994
종로2가 버스정류장 (종각방향),4,4548
종로2가 버스정류장 (종각방향),5,4697
종로2가 버스정류장 (종각방향),6,4909
종로2가 버스정류장 (종각방향),7,4863
종로2가 버스정류장 (종각방향),8,4637
종로2가 버스정류장 (종각방향),9,4882
종로2가 버스정류장 (종각방향),10,5470
종로2가 버스정류장 (종각방향),11,4612
종로2가 버스정류장 (종각방향),12,2937
종로2가 사거리,1,2251
종로2가 사거리,2,2516
종로2가 사거리,3,3819
종로2가 사거리,4,4910
종로2가 사거리,5,5370
종로2가 사거리,6,5204
종로2가 사거리,7,5522
종로2가 사거리,8,5114
종로2가 사거리,9,5910
종로2가 사거리,10,6182
종로2가 사거리,11,5172
종로2가 사거리,12,3231
종로3가역 15번출구 뒤,1,2070
종로3가역 15번출구 뒤,2,2406
종로3가역 15번출구 뒤,3,3596
종로3가역 15번출구 뒤,4,4102
종로3가역 15번출구 뒤,5,4348
종로3가역 15번출구 뒤,6,4420
종로3가역 15번출구 뒤,7,4490
종로3가역 15번출구 뒤,8,3988
종로3가역 15번출구 뒤,9,4358
종로3가역 15번출구 뒤,10,4832
종로3가역 15번출구 뒤,11,4454
종로3가역 15번출구 뒤,12,2828
종로3가역 2번출구 뒤,1,2779
종로3가역 2번출구 뒤,2,2986
종로3가역 2번출구 뒤,3,4894
종로3가역 2번출구 뒤,4,5734
종로3가역 2번출구 뒤,5,6260
종로3가역 2번출구 뒤,6,6138
종로3가역 2번출구 뒤,7,5845
종로3가역 2번출구 뒤,8,5428
종로3가역 2번출구 뒤,9,5997
종로3가역 2번출구 뒤,10,6573
종로3가역 2번출구 뒤,11,5338
종로3가역 2번출구 뒤,12,3318
종로3가역 8번출구,1,4285
종로3가역 8번출구,2,4724
종로3가역 8번출구,3,7612
종로3가역 8번출구,4,9321
종로3가역 8번출구,5,9858
종로3가역 8번출구,6,9913
종로3가역 8번출구,7,9850
종로3가역 8번출구,8,9233
종로3가역 8번출구,9,10236
종로3가역 8번출구,10,10269
종로3가역 8번출구,11,9902
종로3가역 8번출구,12,6558
종로4가 사거리,1,2573
종로4가 사거리,2,2688
종로4가 사거리,3,4236
종로4가 사거리,4,5226
종로4가 사거리,5,5098
종로4가 사거리,6,5265
종로4가 사거리,7,5220
종로4가 사거리,8,4860
종로4가 사거리,9,5531
종로4가 사거리,10,5753
종로4가 사거리,11,5091
종로4가 사거리,12,3124
종로5가역 4번출구,1,1860
종로5가역 4번출구,2,2160
종로5가역 4번출구,3,3433
종로5가역 4번출구,4,4282
종로5가역 4번출구,5,4818
종로5가역 4번출구,6,4635
종로5가역 4번출구,7,4354
종로5가역 4번출구,8,4356
종로5가역 4번출구,9,5172
종로5가역 4번출구,10,5546
종로5가역 4번출구,11,4567
종로5가역 4번출구,12,2797
종로6가역 버스정류장(동대문 방향),1,2172
종로6가역 버스정류장(동대문 방향),2,2469
종로6가역 버스정류장(동대문 방향),3,3666
종로6가역 버스정류장(동대문 방향),4,4593
종로6가역 버스정류장(동대문 방향),5,4746
종로6가역 버스정류장(동대문 방향),6,4701
종로6가역 버스정류장(동대문 방향),7,4501
종로6가역 버스정류장(동대문 방향),8,3841
종로6가역 버스정류장(동대문 방향),9,4626
종로6가역 버스정류장(동대문 방향),10,4927
종로6가역 버스정류장(동대문 방향),11,4234
종로6가역 버스정류장(동대문 방향),12,2970
종로구청 옆,1,3603
종로구청 옆,2,4110
종로구청 옆,3,7145
종로구청 옆,4,9104
종로구청 옆,5,9762
종로구청 옆,6,8802
종로구청 옆,7,7509
종로구청 옆,8,6457
종로구청 옆,9,9269
종로구청 옆,10,9816
종로구청 옆,11,8086
종로구청 옆,12,4753
종로꽃시장 입구 옆,1,1992
종로꽃시장 입구 옆,2,2242
종로꽃시장 입구 옆,3,3407
종로꽃시장 입구 옆,4,4181
종로꽃시장 입구 옆,5,4108
종로꽃시장 입구 옆,6,4195
종로꽃시장 입구 옆,7,3970
종로꽃시장 입구 옆,8,3855
종로꽃시장 입구 옆,9,4417
종로꽃시장 입구 옆,10,4620
종로꽃시장 입구 옆,11,4150
종로꽃시장 입구 옆,12,2829
종로문화원 건너편,1,1062
종로문화원 건너편,2,1155
종로문화원 건너편,3,1510
종로문화원 건너편,4,2015
종로문화원 건너편,5,2661
종로문화원 건너편,6,2546
종로문화원 건너편,7,2812
종로문화원 건너편,8,2829
종로문화원 건너편,9,3481
종로문화원 건너편,10,3788
종로문화원 건너편,11,3168
종로문화원 건너편,12,1857
종로오가 지하쇼핑센터 14번출구,1,2253
종로오가 지하쇼핑센터 14번출구,2,2575
종로오가 지하쇼핑센터 14번출구,3,4063
종로오가 지하쇼핑센터 14번출구,4,4887
종로오가 지하쇼핑센터 14번출구,5,5179
종로오가 지하쇼핑센터 14번출구,6,5055
종로오가 지하쇼핑센터 14번출구,7,4457
종로오가 지하쇼핑센터 14번출구,8,4466
종로오가 지하쇼핑센터 14번출구,9,5233
종로오가 지하쇼핑센터 14번출구,10,5494
종로오가 지하쇼핑센터 14번출구,11,4351
종로오가 지하쇼핑센터 14번출구,12,2471
종로타워빌딩,1,2236
종로타워빌딩,2,2372
종로타워빌딩,3,3866
종로타워빌딩,4,4464
종로타워빌딩,5,5299
종로타워빌딩,6,5477
종로타워빌딩,7,5094
종로타워빌딩,8,4641
종로타워빌딩,9,5255
종로타워빌딩,10,5918
종로타워빌딩,11,5399
종로타워빌딩,12,3180
종로플레이스,1,4375
종로플레이스,2,4673
종로플레이스,3,7055
종로플레이스,4,8252
종로플레이스,5,8989
종로플레이스,6,9333
종로플레이스,7,9460
종로플레이스,8,9166
종로플레이스,9,9649
종로플레이스,10,10027
종로플레이스,11,9241
종로플레이스,12,6427
종묘,1,1737
종묘,2,1859
종묘,3,2937
종묘,4,3935
종묘,5,4026
종묘,6,4030
종묘,7,3732
종묘,8,3530
종묘,9,4335
종묘,10,4912
종묘,11,3978
종묘,12,2658
종묘공영주차장 건너편,1,925
종묘공영주차장 건너편,2,1053
종묘공영주차장 건너편,3,1620
종묘공영주차장 건너편,4,2070
종묘공영주차장 건너편,5,2227
종묘공영주차장 건너편,6,2075
종묘공영주차장 건너편,7,1780
종묘공영주차장 건너편,8,1579
종묘공영주차장 건너편,9,2304
종묘공영주차장 건너편,10,2343
종묘공영주차장 건너편,11,1627
종묘공영주차장 건너편,12,954
종묘센터,4,2
종암동 동덕여대 제2생활관 앞,1,1674
종암동 동덕여대 제2생활관 앞,2,1802
종암동 동덕여대 제2생활관 앞,3,3826
종암동 동덕여대 제2생활관 앞,4,5339
종암동 동덕여대 제2생활관 앞,5,6047
종암동 동덕여대 제2생활관 앞,6,5871
종암동 동덕여대 제2생활관 앞,7,4831
종암동 동덕여대 제2생활관 앞,8,4878
종암동 동덕여대 제2생활관 앞,9,6547
종암동 동덕여대 제2생활관 앞,10,6687
종암동 동덕여대 제2생활관 앞,11,4974
종암동 동덕여대 제2생활관 앞,12,2794
종암박스파크,1,1962
종암박스파크,2,2183
종암박스파크,3,4296
종암박스파크,4,5661
종암박스파크,5,6526
종암박스파크,6,5759
종암박스파크,7,4495
종암박스파크,8,4069
종암박스파크,9,4970
종암박스파크,10,5063
종암박스파크,11,4342
종암박스파크,12,2627
종암초등학교 뒤(새울센스빌),1,637
종암초등학교 뒤(새울센스빌),2,580
종암초등학교 뒤(새울센스빌),3,1031
종암초등학교 뒤(새울센스빌),4,1235
종암초등학교 뒤(새울센스빌),5,1259
종암초등학교 뒤(새울센스빌),6,1342
종암초등학교 뒤(새울센스빌),7,1162
종암초등학교 뒤(새울센스빌),8,1142
종암초등학교 뒤(새울센스빌),9,1193
종암초등학교 뒤(새울센스빌),10,1439
종암초등학교 뒤(새울센스빌),11,1513
종암초등학교 뒤(새울센스빌),12,1004
종합운동장역 4번출구,1,1885
종합운동장역 4번출구,2,2260
종합운동장역 4번출구,3,4925
종합운동장역 4번출구,4,7296
종합운동장역 4번출구,5,8086
종합운동장역 4번출구,6,6959
종합운동장역 4번출구,7,5229
종합운동장역 4번출구,8,5099
종합운동장역 4번출구,9,6447
종합운동장역 4번출구,10,6423
종합운동장역 4번출구,11,4782
종합운동장역 4번출구,12,2315
주공14단지,1,449
주공14단지,2,517
주공14단지,3,851
주공14단지,4,916
주공14단지,5,939
주공14단지,6,965
주공14단지,7,983
주공14단지,8,869
주공14단지,9,977
주공14단지,10,1032
주공14단지,11,895
주공14단지,12,604
주공601동 상가 노원지하보도 앞,1,2314
주공601동 상가 노원지하보도 앞,2,2484
주공601동 상가 노원지하보도 앞,3,4056
주공601동 상가 노원지하보도 앞,4,4785
주공601동 상가 노원지하보도 앞,5,5789
주공601동 상가 노원지하보도 앞,6,5897
주공601동 상가 노원지하보도 앞,7,5092
주공601동 상가 노원지하보도 앞,8,5756
주공601동 상가 노원지하보도 앞,9,6554
주공601동 상가 노원지하보도 앞,10,6791
주공601동 상가 노원지하보도 앞,11,5682
주공601동 상가 노원지하보도 앞,12,3741
주식회사 오뚜기 정문 앞,1,894
주식회사 오뚜기 정문 앞,2,1026
주식회사 오뚜기 정문 앞,3,1774
주식회사 오뚜기 정문 앞,4,2425
주식회사 오뚜기 정문 앞,5,2211
주식회사 오뚜기 정문 앞,6,1960
주식회사 오뚜기 정문 앞,7,1626
주식회사 오뚜기 정문 앞,8,1341
주식회사 오뚜기 정문 앞,9,1797
주식회사 오뚜기 정문 앞,10,1994
주식회사 오뚜기 정문 앞,11,1565
주식회사 오뚜기 정문 앞,12,925
주원 리젠트 앞,1,940
주원 리젠트 앞,2,1064
주원 리젠트 앞,3,1608
주원 리젠트 앞,4,2158
주원 리젠트 앞,5,2555
주원 리젠트 앞,6,2639
주원 리젠트 앞,7,2237
주원 리젠트 앞,8,2295
주원 리젠트 앞,9,2515
주원 리젠트 앞,10,2724
주원 리젠트 앞,11,2308
주원 리젠트 앞,12,1414
주홍교 하부,1,391
주홍교 하부,2,460
주홍교 하부,3,835
주홍교 하부,4,1287
주홍교 하부,5,1285
주홍교 하부,6,1142
주홍교 하부,7,1120
주홍교 하부,8,1078
주홍교 하부,9,1282
주홍교 하부,10,1163
주홍교 하부,11,987
주홍교 하부,12,466
준빌딩 앞,1,322
준빌딩 앞,2,291
준빌딩 앞,3,471
준빌딩 앞,4,735
준빌딩 앞,5,1092
준빌딩 앞,6,1176
준빌딩 앞,7,968
준빌딩 앞,8,1025
준빌딩 앞,9,1127
준빌딩 앞,10,1086
준빌딩 앞,11,821
준빌딩 앞,12,390
중계 롯데마트,1,2517
중계 롯데마트,2,2684
중계 롯데마트,3,4174
중계 롯데마트,4,5232
중계 롯데마트,5,7107
중계 롯데마트,6,7226
중계 롯데마트,7,6569
중계 롯데마트,8,6577
중계 롯데마트,9,7118
중계 롯데마트,10,7081
중계 롯데마트,11,5898
중계 롯데마트,12,3945
중계2차 한화꿈에그린 101동 인근,1,1250
중계2차 한화꿈에그린 101동 인근,2,1346
중계2차 한화꿈에그린 101동 인근,3,1925
중계2차 한화꿈에그린 101동 인근,4,3019
중계2차 한화꿈에그린 101동 인근,5,3508
중계2차 한화꿈에그린 101동 인근,6,3873
중계2차 한화꿈에그린 101동 인근,7,3498
중계2차 한화꿈에그린 101동 인근,8,3592
중계2차 한화꿈에그린 101동 인근,9,3804
중계2차 한화꿈에그린 101동 인근,10,3752
중계2차 한화꿈에그린 101동 인근,11,3011
중계2차 한화꿈에그린 101동 인근,12,1832
중계3차청구아파트,1,2083
중계3차청구아파트,2,2520
중계3차청구아파트,3,3811
중계3차청구아파트,4,4641
중계3차청구아파트,5,4951
중계3차청구아파트,6,5137
중계3차청구아파트,7,4737
중계3차청구아파트,8,4532
중계3차청구아파트,9,4853
중계3차청구아파트,10,5073
중계3차청구아파트,11,4497
중계3차청구아파트,12,2928
중계구민체육센터,1,1782
중계구민체육센터,2,2002
중계구민체육센터,3,3253
중계구민체육센터,4,4635
중계구민체육센터,5,4538
중계구민체육센터,6,4827
중계구민체육센터,7,4644
중계구민체육센터,8,4363
중계구민체육센터,9,4495
중계구민체육센터,10,4085
중계구민체육센터,11,3192
중계구민체육센터,12,1925
중계근린공원내,1,5347
중계근린공원내,2,6021
중계근린공원내,3,9652
중계근린공원내,4,12929
중계근린공원내,5,14543
중계근린공원내,6,15618
중계근린공원내,7,13655
중계근린공원내,8,13132
중계근린공원내,9,14106
중계근린공원내,10,14926
중계근린공원내,11,10704
중계근린공원내,12,7161
중계동 성모빌딩 앞,1,2397
중계동 성모빌딩 앞,2,2621
중계동 성모빌딩 앞,3,4015
중계동 성모빌딩 앞,4,5806
중계동 성모빌딩 앞,5,6348
중계동 성모빌딩 앞,6,6932
중계동 성모빌딩 앞,7,5923
중계동 성모빌딩 앞,8,5827
중계동 성모빌딩 앞,9,6116
중계동 성모빌딩 앞,10,6327
중계동 성모빌딩 앞,11,5576
중계동 성모빌딩 앞,12,3369
중계동 을지중학교,1,1350
중계동 을지중학교,2,1584
중계동 을지중학교,3,2680
중계동 을지중학교,4,3453
중계동 을지중학교,5,3895
중계동 을지중학교,6,3914
중계동 을지중학교,7,3475
중계동 을지중학교,8,3448
중계동 을지중학교,9,3636
중계동 을지중학교,10,3424
중계동 을지중학교,11,3052
중계동 을지중학교,12,1890
중계동 하나프라자빌딩 앞(중1-1),1,3582
중계동 하나프라자빌딩 앞(중1-1),2,3897
중계동 하나프라자빌딩 앞(중1-1),3,6106
중계동 하나프라자빌딩 앞(중1-1),4,8348
중계동 하나프라자빌딩 앞(중1-1),5,9087
중계동 하나프라자빌딩 앞(중1-1),6,10003
중계동 하나프라자빌딩 앞(중1-1),7,8436
중계동 하나프라자빌딩 앞(중1-1),8,8140
중계동 하나프라자빌딩 앞(중1-1),9,8970
중계동 하나프라자빌딩 앞(중1-1),10,9324
중계동 하나프라자빌딩 앞(중1-1),11,7511
중계동 하나프라자빌딩 앞(중1-1),12,4343
중계본동 입구,1,342
중계본동 입구,2,371
중계본동 입구,3,607
중계본동 입구,4,815
중계본동 입구,5,848
중계본동 입구,6,973
중계본동 입구,7,851
중계본동 입구,8,723
중계본동 입구,9,792
중계본동 입구,10,791
중계본동 입구,11,772
중계본동 입구,12,458
중계역 2번출구,1,3532
중계역 2번출구,2,3934
중계역 2번출구,3,6532
중계역 2번출구,4,8436
중계역 2번출구,5,9680
중계역 2번출구,6,10261
중계역 2번출구,7,8744
중계역 2번출구,8,8439
중계역 2번출구,9,9398
중계역 2번출구,10,9648
중계역 2번출구,11,8600
중계역 2번출구,12,5724
중계역 3번출구,1,3289
중계역 3번출구,2,3494
중계역 3번출구,3,5925
중계역 3번출구,4,7809
중계역 3번출구,5,9086
중계역 3번출구,6,9657
중계역 3번출구,7,8793
중계역 3번출구,8,8219
중계역 3번출구,9,9416
중계역 3번출구,10,9682
중계역 3번출구,11,7760
중계역 3번출구,12,4916
중계역 6번출구,1,4213
중계역 6번출구,2,4260
중계역 6번출구,3,7053
중계역 6번출구,4,9053
중계역 6번출구,5,10201
중계역 6번출구,6,10884
중계역 6번출구,7,9913
중계역 6번출구,8,9300
중계역 6번출구,9,10309
중계역 6번출구,10,10965
중계역 6번출구,11,9018
중계역 6번출구,12,5849
중계종합사회복지관 교차로,1,1199
중계종합사회복지관 교차로,2,1377
중계종합사회복지관 교차로,3,2213
중계종합사회복지관 교차로,4,3210
중계종합사회복지관 교차로,5,3286
중계종합사회복지관 교차로,6,3596
중계종합사회복지관 교차로,7,3313
중계종합사회복지관 교차로,8,2947
중계종합사회복지관 교차로,9,3145
중계종합사회복지관 교차로,10,3206
중계종합사회복지관 교차로,11,2618
중계종합사회복지관 교차로,12,1646
중계주공2단지 앞,1,737
중계주공2단지 앞,2,803
중계주공2단지 앞,3,1450
중계주공2단지 앞,4,2160
중계주공2단지 앞,5,2083
중계주공2단지 앞,6,2255
중계주공2단지 앞,7,1811
중계주공2단지 앞,8,1870
중계주공2단지 앞,9,2380
중계주공2단지 앞,10,2436
중계주공2단지 앞,11,2135
중계주공2단지 앞,12,1356
중계주공6단지,1,70
중계주공6단지,2,132
중계주공6단지,3,270
중계주공6단지,4,330
중계주공6단지,5,346
중계주공6단지,6,616
중계주공6단지,7,628
중계주공6단지,8,280
중계주공6단지,9,228
중계주공6단지,10,255
중계주공6단지,11,308
중계주공6단지,12,157
중계중학교,1,2723
중계중학교,2,3198
중계중학교,3,4886
중계중학교,4,6496
중계중학교,5,7304
중계중학교,6,7918
중계중학교,7,6875
중계중학교,8,6543
중계중학교,9,7088
중계중학교,10,6986
중계중학교,11,6080
중계중학교,12,3950
중곡 성원아파트 앞,1,1531
중곡 성원아파트 앞,2,1946
중곡 성원아파트 앞,3,3387
중곡 성원아파트 앞,4,5012
중곡 성원아파트 앞,5,4761
중곡 성원아파트 앞,6,4174
중곡 성원아파트 앞,7,3971
중곡 성원아파트 앞,8,3457
중곡 성원아파트 앞,9,4914
중곡 성원아파트 앞,10,4944
중곡 성원아파트 앞,11,3595
중곡 성원아파트 앞,12,1878
중곡SK아파트앞,1,972
중곡SK아파트앞,2,1131
중곡SK아파트앞,3,2145
중곡SK아파트앞,4,2875
중곡SK아파트앞,5,3058
중곡SK아파트앞,6,3243
중곡SK아파트앞,7,2575
중곡SK아파트앞,8,2422
중곡SK아파트앞,9,2788
중곡SK아파트앞,10,2908
중곡SK아파트앞,11,2340
중곡SK아파트앞,12,1435
중곡동 파크웨이빌딩,1,802
중곡동 파크웨이빌딩,2,984
중곡동 파크웨이빌딩,3,2024
중곡동 파크웨이빌딩,4,2628
중곡동 파크웨이빌딩,5,3257
중곡동 파크웨이빌딩,6,2352
중곡동 파크웨이빌딩,7,2099
중곡동 파크웨이빌딩,8,1935
중곡동 파크웨이빌딩,9,2477
중곡동 파크웨이빌딩,10,2305
중곡동 파크웨이빌딩,11,1966
중곡동 파크웨이빌딩,12,1120
중곡사거리(국민은행),1,729
중곡사거리(국민은행),2,941
중곡사거리(국민은행),3,1624
중곡사거리(국민은행),4,1915
중곡사거리(국민은행),5,1886
중곡사거리(국민은행),6,1479
중곡사거리(국민은행),7,887
중곡사거리(국민은행),8,675
중곡사거리(국민은행),9,1138
중곡사거리(국민은행),10,1235
중곡사거리(국민은행),11,933
중곡사거리(국민은행),12,555
중곡역 1번출구,1,1743
중곡역 1번출구,2,2005
중곡역 1번출구,3,3502
중곡역 1번출구,4,4455
중곡역 1번출구,5,5168
중곡역 1번출구,6,5130
중곡역 1번출구,7,4376
중곡역 1번출구,8,4094
중곡역 1번출구,9,4844
중곡역 1번출구,10,4872
중곡역 1번출구,11,3755
중곡역 1번출구,12,2351
중대후문 마을버스정류장,1,562
중대후문 마을버스정류장,2,682
중대후문 마을버스정류장,3,1320
중대후문 마을버스정류장,4,1891
중대후문 마을버스정류장,5,2009
중대후문 마을버스정류장,6,1933
중대후문 마을버스정류장,7,1718
중대후문 마을버스정류장,8,1761
중대후문 마을버스정류장,9,2308
중대후문 마을버스정류장,10,2287
중대후문 마을버스정류장,11,1751
중대후문 마을버스정류장,12,813
중랑공영차고지 옆,1,552
중랑공영차고지 옆,2,784
중랑공영차고지 옆,3,1502
중랑공영차고지 옆,4,1999
중랑공영차고지 옆,5,2402
중랑공영차고지 옆,6,2195
중랑공영차고지 옆,7,1986
중랑공영차고지 옆,8,1677
중랑공영차고지 옆,9,2516
중랑공영차고지 옆,10,2830
중랑공영차고지 옆,11,1977
중랑공영차고지 옆,12,745
중랑교사거리,1,2087
중랑교사거리,2,2626
중랑교사거리,3,5348
중랑교사거리,4,7436
중랑교사거리,5,8352
중랑교사거리,6,6157
중랑교사거리,7,5153
중랑교사거리,8,5685
중랑교사거리,9,7667
중랑교사거리,10,6788
중랑교사거리,11,4844
중랑교사거리,12,2591
중랑구민회관,1,443
중랑구민회관,2,455
중랑구민회관,3,830
중랑구민회관,4,1075
중랑구민회관,5,1363
중랑구민회관,6,1254
중랑구민회관,7,1096
중랑구민회관,8,995
중랑구민회관,9,1268
중랑구민회관,10,1422
중랑구민회관,11,1104
중랑구민회관,12,656
중랑구청,1,1776
중랑구청,2,1988
중랑구청,3,3263
중랑구청,4,4411
중랑구청,5,4728
중랑구청,6,4961
중랑구청,7,4328
중랑구청,8,3939
중랑구청,9,5098
중랑구청,10,4898
중랑구청,11,3959
중랑구청,12,2340
중랑구청 사거리,1,2129
중랑구청 사거리,2,2558
중랑구청 사거리,3,4199
중랑구청 사거리,4,5385
중랑구청 사거리,5,6029
중랑구청 사거리,6,6451
중랑구청 사거리,7,5267
중랑구청 사거리,8,4817
중랑구청 사거리,9,6379
중랑구청 사거리,10,6229
중랑구청 사거리,11,4636
중랑구청 사거리,12,2392
중랑구청 중화동 별관 앞,1,3049
중랑구청 중화동 별관 앞,2,3299
중랑구청 중화동 별관 앞,3,5417
중랑구청 중화동 별관 앞,4,7603
중랑구청 중화동 별관 앞,5,8005
중랑구청 중화동 별관 앞,6,9128
중랑구청 중화동 별관 앞,7,8101
중랑구청 중화동 별관 앞,8,7852
중랑구청 중화동 별관 앞,9,7750
중랑구청 중화동 별관 앞,10,8786
중랑구청 중화동 별관 앞,11,6987
중랑구청 중화동 별관 앞,12,4474
중랑데시앙플렉스 앞,1,480
중랑데시앙플렉스 앞,2,543
중랑데시앙플렉스 앞,3,991
중랑데시앙플렉스 앞,4,1415
중랑데시앙플렉스 앞,5,1632
중랑데시앙플렉스 앞,6,1647
중랑데시앙플렉스 앞,7,1444
중랑데시앙플렉스 앞,8,1247
중랑데시앙플렉스 앞,9,1570
중랑데시앙플렉스 앞,10,1614
중랑데시앙플렉스 앞,11,1462
중랑데시앙플렉스 앞,12,771
중랑물재생센터(서울새활용플라자),1,1289
중랑물재생센터(서울새활용플라자),2,1472
중랑물재생센터(서울새활용플라자),3,2211
중랑물재생센터(서울새활용플라자),4,2602
중랑물재생센터(서울새활용플라자),5,2824
중랑물재생센터(서울새활용플라자),6,3000
중랑물재생센터(서울새활용플라자),7,2980
중랑물재생센터(서울새활용플라자),8,3035
중랑물재생센터(서울새활용플라자),9,3348
중랑물재생센터(서울새활용플라자),10,3455
중랑물재생센터(서울새활용플라자),11,3080
중랑물재생센터(서울새활용플라자),12,2062
중랑세무서,1,2824
중랑세무서,2,3517
중랑세무서,3,7446
중랑세무서,4,10028
중랑세무서,5,12249
중랑세무서,6,11235
중랑세무서,7,8955
중랑세무서,8,8660
중랑세무서,9,12139
중랑세무서,10,11757
중랑세무서,11,7755
중랑세무서,12,4079
중랑센터,1,20
중랑센터,2,26
중랑센터,3,18
중랑센터,4,18
중랑센터,5,12
중랑센터,6,13
중랑센터,7,59
중랑센터,8,45
중랑센터,9,69
중랑센터,10,96
중랑센터,11,53
중랑센터,12,5
중랑역 1번 출구(중화문화복지센터),1,1344
중랑역 1번 출구(중화문화복지센터),2,1553
중랑역 1번 출구(중화문화복지센터),3,2822
중랑역 1번 출구(중화문화복지센터),4,3639
중랑역 1번 출구(중화문화복지센터),5,4284
중랑역 1번 출구(중화문화복지센터),6,4262
중랑역 1번 출구(중화문화복지센터),7,4077
중랑역 1번 출구(중화문화복지센터),8,3697
중랑역 1번 출구(중화문화복지센터),9,4732
중랑역 1번 출구(중화문화복지센터),10,4832
중랑역 1번 출구(중화문화복지센터),11,3762
중랑역 1번 출구(중화문화복지센터),12,2271
중랑전화국 교차로,1,2928
중랑전화국 교차로,2,3083
중랑전화국 교차로,3,5080
중랑전화국 교차로,4,6227
중랑전화국 교차로,5,7097
중랑전화국 교차로,6,6960
중랑전화국 교차로,7,6734
중랑전화국 교차로,8,6825
중랑전화국 교차로,9,7896
중랑전화국 교차로,10,8156
중랑전화국 교차로,11,6582
중랑전화국 교차로,12,4146
중랑천 뚝방길 산책로 입구,1,1273
중랑천 뚝방길 산책로 입구,2,1479
중랑천 뚝방길 산책로 입구,3,2895
중랑천 뚝방길 산책로 입구,4,3964
중랑천 뚝방길 산책로 입구,5,5091
중랑천 뚝방길 산책로 입구,6,4933
중랑천 뚝방길 산책로 입구,7,4088
중랑천 뚝방길 산책로 입구,8,4255
중랑천 뚝방길 산책로 입구,9,5375
중랑천 뚝방길 산책로 입구,10,5243
중랑천 뚝방길 산책로 입구,11,3061
중랑천 뚝방길 산책로 입구,12,1997
중랑캠핑숲,1,259
중랑캠핑숲,2,358
중랑캠핑숲,3,660
중랑캠핑숲,4,1020
중랑캠핑숲,5,1105
중랑캠핑숲,6,1146
중랑캠핑숲,7,931
중랑캠핑숲,8,787
중랑캠핑숲,9,975
중랑캠핑숲,10,1055
중랑캠핑숲,11,694
중랑캠핑숲,12,380
중림동삼거리,1,691
중림동삼거리,2,855
중림동삼거리,3,1134
중림동삼거리,4,1450
중림동삼거리,5,1434
중림동삼거리,6,1529
중림동삼거리,7,1413
중림동삼거리,8,1468
중림동삼거리,9,1672
중림동삼거리,10,1760
중림동삼거리,11,1428
중림동삼거리,12,903
중목초등학교 앞 육교,4,1
중목초등학교 앞 육교,6,1
중부경찰서앞 사거리,1,702
중부경찰서앞 사거리,2,779
중부경찰서앞 사거리,3,1280
중부경찰서앞 사거리,4,1632
중부경찰서앞 사거리,5,1698
중부경찰서앞 사거리,6,1662
중부경찰서앞 사거리,7,1783
중부경찰서앞 사거리,8,1627
중부경찰서앞 사거리,9,1767
중부경찰서앞 사거리,10,1890
중부경찰서앞 사거리,11,1631
중부경찰서앞 사거리,12,1109
중부경찰서앞사거리 건너편,1,567
중부경찰서앞사거리 건너편,2,629
중부경찰서앞사거리 건너편,3,1029
중부경찰서앞사거리 건너편,4,1261
중부경찰서앞사거리 건너편,5,1220
중부경찰서앞사거리 건너편,6,1262
중부경찰서앞사거리 건너편,7,1392
중부경찰서앞사거리 건너편,8,1333
중부경찰서앞사거리 건너편,9,1479
중부경찰서앞사거리 건너편,10,1526
중부경찰서앞사거리 건너편,11,1193
중부경찰서앞사거리 건너편,12,765
중부세무서 앞,1,257
중부세무서 앞,2,262
중부세무서 앞,3,440
중부세무서 앞,4,478
중부세무서 앞,5,589
중부세무서 앞,6,536
중부세무서 앞,7,552
중부세무서 앞,8,503
중부세무서 앞,9,549
중부세무서 앞,10,646
중부세무서 앞,11,675
중부세무서 앞,12,488
중앙고입구 삼거리,1,705
중앙고입구 삼거리,2,831
중앙고입구 삼거리,3,1083
중앙고입구 삼거리,4,1225
중앙고입구 삼거리,5,1305
중앙고입구 삼거리,6,1160
중앙고입구 삼거리,7,1279
중앙고입구 삼거리,8,1262
중앙고입구 삼거리,9,1384
중앙고입구 삼거리,10,1275
중앙고입구 삼거리,11,1448
중앙고입구 삼거리,12,952
중앙근린공원,1,2253
중앙근린공원,2,2402
중앙근린공원,3,4105
중앙근린공원,4,5239
중앙근린공원,5,5683
중앙근린공원,6,5697
중앙근린공원,7,4906
중앙근린공원,8,4710
중앙근린공원,9,5723
중앙근린공원,10,5638
중앙근린공원,11,4497
중앙근린공원,12,2919
중앙농협(자양동),1,3619
중앙농협(자양동),2,3979
중앙농협(자양동),3,6834
중앙농협(자양동),4,8632
중앙농협(자양동),5,9438
중앙농협(자양동),6,10140
중앙농협(자양동),7,9159
중앙농협(자양동),8,8833
중앙농협(자양동),9,9924
중앙농협(자양동),10,9769
중앙농협(자양동),11,8073
중앙농협(자양동),12,5115
중앙대학교 정문 1,1,575
중앙대학교 정문 1,2,641
중앙대학교 정문 1,3,1949
중앙대학교 정문 1,4,2849
중앙대학교 정문 1,5,3236
중앙대학교 정문 1,6,2999
중앙대학교 정문 1,7,2243
중앙대학교 정문 1,8,1778
중앙대학교 정문 1,9,3020
중앙대학교 정문 1,10,2766
중앙대학교 정문 1,11,1784
중앙대학교 정문 1,12,778
중앙대학교 중앙광장,1,140
중앙대학교 중앙광장,2,225
중앙대학교 중앙광장,3,506
중앙대학교 중앙광장,4,670
중앙대학교 중앙광장,5,748
중앙대학교 중앙광장,6,767
중앙대학교 중앙광장,7,636
중앙대학교 중앙광장,8,761
중앙대학교 중앙광장,9,865
중앙대학교 중앙광장,10,891
중앙대학교 중앙광장,11,650
중앙대학교 중앙광장,12,350
중앙동 동진빌딩,1,1590
중앙동 동진빌딩,2,1689
중앙동 동진빌딩,3,2713
중앙동 동진빌딩,4,3886
중앙동 동진빌딩,5,4201
중앙동 동진빌딩,6,4357
중앙동 동진빌딩,7,4266
중앙동 동진빌딩,8,4115
중앙동 동진빌딩,9,4603
중앙동 동진빌딩,10,4626
중앙동 동진빌딩,11,3576
중앙동 동진빌딩,12,1982
중앙보훈병원역 1번출구,1,669
중앙보훈병원역 1번출구,2,767
중앙보훈병원역 1번출구,3,1321
중앙보훈병원역 1번출구,4,1734
중앙보훈병원역 1번출구,5,1850
중앙보훈병원역 1번출구,6,1998
중앙보훈병원역 1번출구,7,1568
중앙보훈병원역 1번출구,8,1334
중앙보훈병원역 1번출구,9,1645
중앙보훈병원역 1번출구,10,1621
중앙보훈병원역 1번출구,11,1626
중앙보훈병원역 1번출구,12,1014
중앙보훈병원역3번출구,1,173
중앙보훈병원역3번출구,2,251
중앙보훈병원역3번출구,3,466
중앙보훈병원역3번출구,4,707
중앙보훈병원역3번출구,5,726
중앙보훈병원역3번출구,6,652
중앙보훈병원역3번출구,7,520
중앙보훈병원역3번출구,8,398
중앙보훈병원역3번출구,9,531
중앙보훈병원역3번출구,10,651
중앙보훈병원역3번출구,11,491
중앙보훈병원역3번출구,12,246
중앙유통단지 앞,1,1371
중앙유통단지 앞,2,1468
중앙유통단지 앞,3,2527
중앙유통단지 앞,4,3281
중앙유통단지 앞,5,3707
중앙유통단지 앞,6,3943
중앙유통단지 앞,7,3763
중앙유통단지 앞,8,3283
중앙유통단지 앞,9,4371
중앙유통단지 앞,10,4477
중앙유통단지 앞,11,3849
중앙유통단지 앞,12,2466
중앙유통단지 앞 B,1,976
중앙유통단지 앞 B,2,792
중앙유통단지 앞 B,3,1614
중앙유통단지 앞 B,4,2065
중앙유통단지 앞 B,5,2578
중앙유통단지 앞 B,6,2885
중앙유통단지 앞 B,7,2435
중앙유통단지 앞 B,8,2110
중앙유통단지 앞 B,9,3118
중앙유통단지 앞 B,10,3415
중앙유통단지 앞 B,11,3027
중앙유통단지 앞 B,12,2086
중앙일보,1,382
중앙일보,2,412
중앙일보,3,519
중앙일보,4,653
중앙일보,5,625
중앙일보,6,576
중앙일보,7,644
중앙일보,8,624
중앙일보,9,635
중앙일보,10,652
중앙일보,11,632
중앙일보,12,398
중앙하이츠 아파트 입구,1,3687
중앙하이츠 아파트 입구,2,3844
중앙하이츠 아파트 입구,3,6412
중앙하이츠 아파트 입구,4,6568
중앙하이츠 아파트 입구,5,8654
중앙하이츠 아파트 입구,6,9219
중앙하이츠 아파트 입구,7,8522
중앙하이츠 아파트 입구,8,8096
중앙하이츠 아파트 입구,9,8997
중앙하이츠 아파트 입구,10,8846
중앙하이츠 아파트 입구,11,7261
중앙하이츠 아파트 입구,12,4918
중화동 우리은행 앞,1,1542
중화동 우리은행 앞,2,1749
중화동 우리은행 앞,3,2993
중화동 우리은행 앞,4,3974
중화동 우리은행 앞,5,4785
중화동 우리은행 앞,6,4717
중화동 우리은행 앞,7,4556
중화동 우리은행 앞,8,4380
중화동 우리은행 앞,9,5131
중화동 우리은행 앞,10,5134
중화동 우리은행 앞,11,4011
중화동 우리은행 앞,12,2366
중화빌딩 앞 (동부시장),1,1904
중화빌딩 앞 (동부시장),2,2046
중화빌딩 앞 (동부시장),3,3600
중화빌딩 앞 (동부시장),4,4987
중화빌딩 앞 (동부시장),5,5529
중화빌딩 앞 (동부시장),6,5686
중화빌딩 앞 (동부시장),7,4531
중화빌딩 앞 (동부시장),8,3945
중화빌딩 앞 (동부시장),9,4780
중화빌딩 앞 (동부시장),10,4851
중화빌딩 앞 (동부시장),11,3606
중화빌딩 앞 (동부시장),12,2112
중화수경공원,1,1274
중화수경공원,2,1412
중화수경공원,3,2685
중화수경공원,4,3609
중화수경공원,5,3552
중화수경공원,6,3996
중화수경공원,7,3405
중화수경공원,8,3687
중화수경공원,9,4155
중화수경공원,10,4600
중화수경공원,11,3476
중화수경공원,12,2102
중화역 2번출구,1,2590
중화역 2번출구,2,2825
중화역 2번출구,3,4633
중화역 2번출구,4,5721
중화역 2번출구,5,7172
중화역 2번출구,6,7627
중화역 2번출구,7,6602
중화역 2번출구,8,6042
중화역 2번출구,9,7380
중화역 2번출구,10,7627
중화역 2번출구,11,5574
중화역 2번출구,12,3306
중화역 4번출구,1,1252
중화역 4번출구,2,1556
중화역 4번출구,3,2617
중화역 4번출구,4,3646
중화역 4번출구,5,4317
중화역 4번출구,6,3728
중화역 4번출구,7,3766
중화역 4번출구,8,3496
중화역 4번출구,9,4182
중화역 4번출구,10,4528
중화역 4번출구,11,3542
중화역 4번출구,12,2080
증권거래소 앞,1,451
증권거래소 앞,2,550
증권거래소 앞,3,1046
증권거래소 앞,4,1089
증권거래소 앞,5,1078
증권거래소 앞,6,1073
증권거래소 앞,7,448
증권거래소 앞,8,328
증권거래소 앞,9,511
증권거래소 앞,10,529
증권거래소 앞,11,420
증권거래소 앞,12,305
증권거래소후문교차로,1,1958
증권거래소후문교차로,2,2553
증권거래소후문교차로,3,4369
증권거래소후문교차로,4,5649
증권거래소후문교차로,5,5968
증권거래소후문교차로,6,5873
증권거래소후문교차로,7,5280
증권거래소후문교차로,8,4961
증권거래소후문교차로,9,5811
증권거래소후문교차로,10,6052
증권거래소후문교차로,11,4879
증권거래소후문교차로,12,2817
증미역 2번출구,1,2899
증미역 2번출구,2,3137
증미역 2번출구,3,5573
증미역 2번출구,4,7394
증미역 2번출구,5,7321
증미역 2번출구,6,7197
증미역 2번출구,7,6361
증미역 2번출구,8,6284
증미역 2번출구,9,6930
증미역 2번출구,10,6997
증미역 2번출구,11,5368
증미역 2번출구,12,3216
증미역 3번출구뒤(등촌두산위브센티움오피스텔),1,4912
증미역 3번출구뒤(등촌두산위브센티움오피스텔),2,5161
증미역 3번출구뒤(등촌두산위브센티움오피스텔),3,8535
증미역 3번출구뒤(등촌두산위브센티움오피스텔),4,11207
증미역 3번출구뒤(등촌두산위브센티움오피스텔),5,13754
증미역 3번출구뒤(등촌두산위브센티움오피스텔),6,14284
증미역 3번출구뒤(등촌두산위브센티움오피스텔),7,12442
증미역 3번출구뒤(등촌두산위브센티움오피스텔),8,11635
증미역 3번출구뒤(등촌두산위브센티움오피스텔),9,14360
증미역 3번출구뒤(등촌두산위브센티움오피스텔),10,14930
증미역 3번출구뒤(등촌두산위브센티움오피스텔),11,11158
증미역 3번출구뒤(등촌두산위브센티움오피스텔),12,6753
증산2교,1,3441
증산2교,2,3830
증산2교,3,7317
증산2교,4,9581
증산2교,5,10524
증산2교,6,10701
증산2교,7,8727
증산2교,8,8112
증산2교,9,10329
증산2교,10,10252
증산2교,11,7130
증산2교,12,4210
증산3교 앞,1,2470
증산3교 앞,2,2759
증산3교 앞,3,4388
증산3교 앞,4,5784
증산3교 앞,5,6300
증산3교 앞,6,6473
증산3교 앞,7,5659
증산3교 앞,8,5250
증산3교 앞,9,6699
증산3교 앞,10,6400
증산3교 앞,11,4910
증산3교 앞,12,3106
증산교 앞,1,2936
증산교 앞,2,3271
증산교 앞,3,5855
증산교 앞,4,8253
증산교 앞,5,8978
증산교 앞,6,9387
증산교 앞,7,7329
증산교 앞,8,6946
증산교 앞,9,9298
증산교 앞,10,9061
증산교 앞,11,6186
증산교 앞,12,3569
증산역 4번출구,1,2733
증산역 4번출구,2,2830
증산역 4번출구,3,5157
증산역 4번출구,4,6673
증산역 4번출구,5,6985
증산역 4번출구,6,7045
증산역 4번출구,7,6235
증산역 4번출구,8,5848
증산역 4번출구,9,7184
증산역 4번출구,10,7245
증산역 4번출구,11,5491
증산역 4번출구,12,3354
진관고등학교앞,1,763
진관고등학교앞,2,795
진관고등학교앞,3,1588
진관고등학교앞,4,2221
진관고등학교앞,5,2615
진관고등학교앞,6,2888
진관고등학교앞,7,2612
진관고등학교앞,8,2638
진관고등학교앞,9,3378
진관고등학교앞,10,3206
진관고등학교앞,11,2436
진관고등학교앞,12,1429
진관동 은빛초등학교,1,725
진관동 은빛초등학교,2,702
진관동 은빛초등학교,3,1235
진관동 은빛초등학교,4,1662
진관동 은빛초등학교,5,2028
진관동 은빛초등학교,6,2207
진관동 은빛초등학교,7,2116
진관동 은빛초등학교,8,2210
진관동 은빛초등학교,9,2616
진관동 은빛초등학교,10,2505
진관동 은빛초등학교,11,1881
진관동 은빛초등학교,12,1179
진넥스베르디엠 앞,5,670
진넥스베르디엠 앞,6,1483
진넥스베르디엠 앞,7,1091
진넥스베르디엠 앞,8,1104
진넥스베르디엠 앞,9,1208
진넥스베르디엠 앞,10,1042
진넥스베르디엠 앞,11,936
진넥스베르디엠 앞,12,586
진미파라곤 앞,1,2275
진미파라곤 앞,2,2674
진미파라곤 앞,3,4975
진미파라곤 앞,4,8542
진미파라곤 앞,5,6989
진미파라곤 앞,6,7296
진미파라곤 앞,7,6478
진미파라곤 앞,8,5744
진미파라곤 앞,9,7232
진미파라곤 앞,10,7239
진미파라곤 앞,11,5406
진미파라곤 앞,12,3278
진주아파트상가 앞,1,2106
진주아파트상가 앞,2,2309
진주아파트상가 앞,3,3802
진주아파트상가 앞,4,4964
진주아파트상가 앞,5,5278
진주아파트상가 앞,6,5300
진주아파트상가 앞,7,4965
진주아파트상가 앞,8,4948
진주아파트상가 앞,9,5227
진주아파트상가 앞,10,5183
진주아파트상가 앞,11,4392
진주아파트상가 앞,12,2584
참새공원(백곡경노당),1,609
참새공원(백곡경노당),2,652
참새공원(백곡경노당),3,1158
참새공원(백곡경노당),4,1655
참새공원(백곡경노당),5,1734
참새공원(백곡경노당),6,1835
참새공원(백곡경노당),7,1711
참새공원(백곡경노당),8,1511
참새공원(백곡경노당),9,1815
참새공원(백곡경노당),10,2057
참새공원(백곡경노당),11,1639
참새공원(백곡경노당),12,1037
창1동주민센터,1,918
창1동주민센터,2,907
창1동주민센터,3,1713
창1동주민센터,4,2090
창1동주민센터,5,2344
창1동주민센터,6,2719
창1동주민센터,7,2640
창1동주민센터,8,2313
창1동주민센터,9,2822
창1동주민센터,10,2742
창1동주민센터,11,2111
창1동주민센터,12,1254
창경궁 입구,1,1248
창경궁 입구,2,1247
창경궁 입구,3,2465
창경궁 입구,4,2971
창경궁 입구,5,2998
창경궁 입구,6,2606
창경궁 입구,7,2310
창경궁 입구,8,2491
창경궁 입구,9,3166
창경궁 입구,10,3405
창경궁 입구,11,3028
창경궁 입구,12,1500
창동 주공 4단지 입구 옆,1,1138
창동 주공 4단지 입구 옆,2,1230
창동 주공 4단지 입구 옆,3,2033
창동 주공 4단지 입구 옆,4,2423
창동 주공 4단지 입구 옆,5,2868
창동 주공 4단지 입구 옆,6,3243
창동 주공 4단지 입구 옆,7,3201
창동 주공 4단지 입구 옆,8,2932
창동 주공 4단지 입구 옆,9,3524
창동 주공 4단지 입구 옆,10,3501
창동 주공 4단지 입구 옆,11,2791
창동 주공 4단지 입구 옆,12,1615
창동19단지아파트 관리사무소앞,1,1700
창동19단지아파트 관리사무소앞,2,1833
창동19단지아파트 관리사무소앞,3,2563
창동19단지아파트 관리사무소앞,4,3453
창동19단지아파트 관리사무소앞,5,4217
창동19단지아파트 관리사무소앞,6,4805
창동19단지아파트 관리사무소앞,7,4623
창동19단지아파트 관리사무소앞,8,4586
창동19단지아파트 관리사무소앞,9,4943
창동19단지아파트 관리사무소앞,10,4790
창동19단지아파트 관리사무소앞,11,3745
창동19단지아파트 관리사무소앞,12,2380
창동동아청솔정문 건너편,1,101
창동동아청솔정문 건너편,2,207
창동동아청솔정문 건너편,3,325
창동동아청솔정문 건너편,4,410
창동동아청솔정문 건너편,5,140
창동동아청솔정문 건너편,12,89
창동시장입구 사거리,1,1198
창동시장입구 사거리,2,1318
창동시장입구 사거리,3,2361
창동시장입구 사거리,4,3165
창동시장입구 사거리,5,3531
창동시장입구 사거리,6,3499
창동시장입구 사거리,7,3096
창동시장입구 사거리,8,2793
창동시장입구 사거리,9,3349
창동시장입구 사거리,10,3489
창동시장입구 사거리,11,2786
창동시장입구 사거리,12,1786
창동역 1번출구 건너편,1,1770
창동역 1번출구 건너편,2,2292
창동역 1번출구 건너편,3,4003
창동역 1번출구 건너편,4,5502
창동역 1번출구 건너편,5,5609
창동역 1번출구 건너편,6,5266
창동역 1번출구 건너편,7,4497
창동역 1번출구 건너편,8,4126
창동역 1번출구 건너편,9,5609
창동역 1번출구 건너편,10,6903
창동역 1번출구 건너편,11,5654
창동역 1번출구 건너편,12,3027
창동역 1번출구 앞,1,4270
창동역 1번출구 앞,2,4620
창동역 1번출구 앞,3,7869
창동역 1번출구 앞,4,10667
창동역 1번출구 앞,5,13512
창동역 1번출구 앞,6,14204
창동역 1번출구 앞,7,11786
창동역 1번출구 앞,8,11465
창동역 1번출구 앞,9,12884
창동역 1번출구 앞,10,11070
창동역 1번출구 앞,11,8194
창동역 1번출구 앞,12,5263
창동역 2번출구,1,4159
창동역 2번출구,2,4826
창동역 2번출구,3,7819
창동역 2번출구,4,9587
창동역 2번출구,5,11331
창동역 2번출구,6,12160
창동역 2번출구,7,11145
창동역 2번출구,8,10145
창동역 2번출구,9,11829
창동역 2번출구,10,12985
창동역 2번출구,11,10104
창동역 2번출구,12,5044
창동역2번출구 하나은행365 앞,5,905
창동역2번출구 하나은행365 앞,6,1722
창동역2번출구 하나은행365 앞,7,1742
창동역2번출구 하나은행365 앞,8,1630
창동역2번출구 하나은행365 앞,9,1777
창동역2번출구 하나은행365 앞,10,1582
창동역2번출구 하나은행365 앞,11,1696
창동역2번출구 하나은행365 앞,12,1112
창동주공17단지 상가앞,1,2268
창동주공17단지 상가앞,2,2728
창동주공17단지 상가앞,3,4532
창동주공17단지 상가앞,4,6199
창동주공17단지 상가앞,5,7097
창동주공17단지 상가앞,6,7324
창동주공17단지 상가앞,7,6387
창동주공17단지 상가앞,8,6197
창동주공17단지 상가앞,9,7228
창동주공17단지 상가앞,10,6972
창동주공17단지 상가앞,11,5584
창동주공17단지 상가앞,12,3226
창동주공19단지앞,1,1453
창동주공19단지앞,2,1580
창동주공19단지앞,3,2762
창동주공19단지앞,4,3783
창동주공19단지앞,5,4742
창동주공19단지앞,6,4540
창동주공19단지앞,7,4016
창동주공19단지앞,8,4015
창동주공19단지앞,9,4837
창동주공19단지앞,10,4928
창동주공19단지앞,11,3912
창동주공19단지앞,12,2270
창동청소년수련관,1,1259
창동청소년수련관,2,1245
창동청소년수련관,3,2487
창동청소년수련관,4,3314
창동청소년수련관,5,4127
창동청소년수련관,6,4293
창동청소년수련관,7,3980
창동청소년수련관,8,3509
창동청소년수련관,9,3993
창동청소년수련관,10,3999
창동청소년수련관,11,3233
창동청소년수련관,12,1777
창동한신아파트 버스정류소,1,796
창동한신아파트 버스정류소,2,1039
창동한신아파트 버스정류소,3,1621
창동한신아파트 버스정류소,4,2484
창동한신아파트 버스정류소,5,2702
창동한신아파트 버스정류소,6,2853
창동한신아파트 버스정류소,7,2379
창동한신아파트 버스정류소,8,2283
창동한신아파트 버스정류소,9,2381
창동한신아파트 버스정류소,10,2500
창동한신아파트 버스정류소,11,2014
창동한신아파트 버스정류소,12,1208
창신3동주민센터,1,2157
창신3동주민센터,2,2304
창신3동주민센터,3,3369
창신3동주민센터,4,4136
창신3동주민센터,5,4578
창신3동주민센터,6,4902
창신3동주민센터,7,4594
창신3동주민센터,8,4428
창신3동주민센터,9,4658
창신3동주민센터,10,4915
창신3동주민센터,11,3887
창신3동주민센터,12,2683
창신두산아파트,1,177
창신두산아파트,2,215
창신두산아파트,3,403
창신두산아파트,4,658
창신두산아파트,5,681
창신두산아파트,6,727
창신두산아파트,7,742
창신두산아파트,8,700
창신두산아파트,9,868
창신두산아파트,10,879
창신두산아파트,11,677
창신두산아파트,12,367
창신역 1번출구 앞,1,1434
창신역 1번출구 앞,2,1494
창신역 1번출구 앞,3,2054
창신역 1번출구 앞,4,2336
창신역 1번출구 앞,5,2499
창신역 1번출구 앞,6,2450
창신역 1번출구 앞,7,2405
창신역 1번출구 앞,8,1980
창신역 1번출구 앞,9,2221
창신역 1번출구 앞,10,2192
창신역 1번출구 앞,11,2269
창신역 1번출구 앞,12,1680
창신역2번 출구,1,363
창신역2번 출구,2,465
창신역2번 출구,3,540
창신역2번 출구,4,639
창신역2번 출구,5,482
창신역2번 출구,6,698
창신역2번 출구,7,584
창신역2번 출구,8,606
창신역2번 출구,9,584
창신역2번 출구,10,727
창신역2번 출구,11,629
창신역2번 출구,12,452
창원초등학교 교차로,1,1005
창원초등학교 교차로,2,1170
창원초등학교 교차로,3,1965
창원초등학교 교차로,4,2492
창원초등학교 교차로,5,3068
창원초등학교 교차로,6,3063
창원초등학교 교차로,7,2677
창원초등학교 교차로,8,2766
창원초등학교 교차로,9,3225
창원초등학교 교차로,10,3266
창원초등학교 교차로,11,2596
창원초등학교 교차로,12,1433
창포원 남쪽 입구,1,779
창포원 남쪽 입구,2,1192
창포원 남쪽 입구,3,2303
창포원 남쪽 입구,4,3291
창포원 남쪽 입구,5,3665
창포원 남쪽 입구,6,3427
창포원 남쪽 입구,7,3079
창포원 남쪽 입구,8,3189
창포원 남쪽 입구,9,4249
창포원 남쪽 입구,10,4158
창포원 남쪽 입구,11,2656
창포원 남쪽 입구,12,1353
천동초교 삼거리,1,2275
천동초교 삼거리,2,2369
천동초교 삼거리,3,4037
천동초교 삼거리,4,5377
천동초교 삼거리,5,6093
천동초교 삼거리,6,6851
천동초교 삼거리,7,6135
천동초교 삼거리,8,5206
천동초교 삼거리,9,6672
천동초교 삼거리,10,6797
천동초교 삼거리,11,5436
천동초교 삼거리,12,3380
천동초교입구사거리 버스정류장(십자성마을 방면),1,2252
천동초교입구사거리 버스정류장(십자성마을 방면),2,2582
천동초교입구사거리 버스정류장(십자성마을 방면),3,4611
천동초교입구사거리 버스정류장(십자성마을 방면),4,5841
천동초교입구사거리 버스정류장(십자성마을 방면),5,6999
천동초교입구사거리 버스정류장(십자성마을 방면),6,7360
천동초교입구사거리 버스정류장(십자성마을 방면),7,6481
천동초교입구사거리 버스정류장(십자성마을 방면),8,6438
천동초교입구사거리 버스정류장(십자성마을 방면),9,7295
천동초교입구사거리 버스정류장(십자성마을 방면),10,7620
천동초교입구사거리 버스정류장(십자성마을 방면),11,5839
천동초교입구사거리 버스정류장(십자성마을 방면),12,3489
천왕센터,4,1
천왕센터,7,16
천왕센터,8,16
천왕센터,9,10
천왕센터,10,11
천왕센터,11,1
천왕역 1번 출입구 앞,1,3361
천왕역 1번 출입구 앞,2,3551
천왕역 1번 출입구 앞,3,5754
천왕역 1번 출입구 앞,4,7122
천왕역 1번 출입구 앞,5,8133
천왕역 1번 출입구 앞,6,8485
천왕역 1번 출입구 앞,7,7963
천왕역 1번 출입구 앞,8,7126
천왕역 1번 출입구 앞,9,8119
천왕역 1번 출입구 앞,10,8695
천왕역 1번 출입구 앞,11,7253
천왕역 1번 출입구 앞,12,4679
천왕역 3번 출구 뒤,1,749
천왕역 3번 출구 뒤,2,697
천왕역 3번 출구 뒤,3,1122
천왕역 3번 출구 뒤,4,1883
천왕역 3번 출구 뒤,5,2411
천왕역 3번 출구 뒤,6,2832
천왕역 3번 출구 뒤,7,2559
천왕역 3번 출구 뒤,8,2616
천왕역 3번 출구 뒤,9,2933
천왕역 3번 출구 뒤,10,2793
천왕역 3번 출구 뒤,11,2251
천왕역 3번 출구 뒤,12,1558
천왕역 4번출구 뒤,1,1949
천왕역 4번출구 뒤,2,2066
천왕역 4번출구 뒤,3,3335
천왕역 4번출구 뒤,4,4345
천왕역 4번출구 뒤,5,4695
천왕역 4번출구 뒤,6,4830
천왕역 4번출구 뒤,7,4625
천왕역 4번출구 뒤,8,4220
천왕역 4번출구 뒤,9,4966
천왕역 4번출구 뒤,10,5114
천왕역 4번출구 뒤,11,3912
천왕역 4번출구 뒤,12,2670
천왕연지타운2단지 앞,1,2031
천왕연지타운2단지 앞,2,2500
천왕연지타운2단지 앞,3,4406
천왕연지타운2단지 앞,4,6124
천왕연지타운2단지 앞,5,6561
천왕연지타운2단지 앞,6,6401
천왕연지타운2단지 앞,7,5505
천왕연지타운2단지 앞,8,5082
천왕연지타운2단지 앞,9,6741
천왕연지타운2단지 앞,10,7027
천왕연지타운2단지 앞,11,4841
천왕연지타운2단지 앞,12,3104
천왕이펜하우스 4단지 후문,1,338
천왕이펜하우스 4단지 후문,2,381
천왕이펜하우스 4단지 후문,3,769
천왕이펜하우스 4단지 후문,4,1149
천왕이펜하우스 4단지 후문,5,1233
천왕이펜하우스 4단지 후문,6,1283
천왕이펜하우스 4단지 후문,7,1049
천왕이펜하우스 4단지 후문,8,1026
천왕이펜하우스 4단지 후문,9,1225
천왕이펜하우스 4단지 후문,10,1359
천왕이펜하우스 4단지 후문,11,1023
천왕이펜하우스 4단지 후문,12,539
천왕이펜하우스3단지 앞,1,362
천왕이펜하우스3단지 앞,2,456
천왕이펜하우스3단지 앞,3,931
천왕이펜하우스3단지 앞,4,1213
천왕이펜하우스3단지 앞,5,1413
천왕이펜하우스3단지 앞,6,1454
천왕이펜하우스3단지 앞,7,1318
천왕이펜하우스3단지 앞,8,1265
천왕이펜하우스3단지 앞,9,1678
천왕이펜하우스3단지 앞,10,1707
천왕이펜하우스3단지 앞,11,1388
천왕이펜하우스3단지 앞,12,683
천왕이펜하우스5단지 앞,1,366
천왕이펜하우스5단지 앞,2,396
천왕이펜하우스5단지 앞,3,725
천왕이펜하우스5단지 앞,4,1211
천왕이펜하우스5단지 앞,5,1334
천왕이펜하우스5단지 앞,6,1638
천왕이펜하우스5단지 앞,7,1407
천왕이펜하우스5단지 앞,8,1300
천왕이펜하우스5단지 앞,9,1644
천왕이펜하우스5단지 앞,10,1610
천왕이펜하우스5단지 앞,11,1205
천왕이펜하우스5단지 앞,12,598
천왕지구삼거리 앞,1,1270
천왕지구삼거리 앞,2,1337
천왕지구삼거리 앞,3,2372
천왕지구삼거리 앞,4,2915
천왕지구삼거리 앞,5,3311
천왕지구삼거리 앞,6,3394
천왕지구삼거리 앞,7,2895
천왕지구삼거리 앞,8,2712
천왕지구삼거리 앞,9,3330
천왕지구삼거리 앞,10,3535
천왕지구삼거리 앞,11,2843
천왕지구삼거리 앞,12,1792
천왕차량사업소 입구,1,1254
천왕차량사업소 입구,2,1413
천왕차량사업소 입구,3,2097
천왕차량사업소 입구,4,2492
천왕차량사업소 입구,5,2614
천왕차량사업소 입구,6,2671
천왕차량사업소 입구,7,2410
천왕차량사업소 입구,8,2392
천왕차량사업소 입구,9,2679
천왕차량사업소 입구,10,2856
천왕차량사업소 입구,11,2366
천왕차량사업소 입구,12,1761
천일초교 사거리,1,1117
천일초교 사거리,2,1309
천일초교 사거리,3,2335
천일초교 사거리,4,3041
천일초교 사거리,5,3458
천일초교 사거리,6,3603
천일초교 사거리,7,3295
천일초교 사거리,8,3056
천일초교 사거리,9,3604
천일초교 사거리,10,2911
천일초교 사거리,11,1956
천일초교 사거리,12,1375
천주교 대치 2동 교회 옆,1,1762
천주교 대치 2동 교회 옆,2,1756
천주교 대치 2동 교회 옆,3,2868
천주교 대치 2동 교회 옆,4,3661
천주교 대치 2동 교회 옆,5,4369
천주교 대치 2동 교회 옆,6,4571
천주교 대치 2동 교회 옆,7,3990
천주교 대치 2동 교회 옆,8,3805
천주교 대치 2동 교회 옆,9,4665
천주교 대치 2동 교회 옆,10,4583
천주교 대치 2동 교회 옆,11,3448
천주교 대치 2동 교회 옆,12,1955
천주교 보문동 성당,6,104
천주교 보문동 성당,7,613
천주교 보문동 성당,8,327
천지인 오피스텔 앞,1,90
천지인 오피스텔 앞,2,136
천지인 오피스텔 앞,3,213
천지인 오피스텔 앞,4,187
천지인 오피스텔 앞,5,241
천지인 오피스텔 앞,6,277
천지인 오피스텔 앞,7,233
천지인 오피스텔 앞,8,276
천지인 오피스텔 앞,9,329
천지인 오피스텔 앞,10,284
천지인 오피스텔 앞,11,238
천지인 오피스텔 앞,12,107
천호센터,6,1
천호센터,8,1
천호센터,10,2
천호센터,11,1
천호시장 버스정류소 옆,1,797
천호시장 버스정류소 옆,2,885
천호시장 버스정류소 옆,3,1509
천호시장 버스정류소 옆,4,2144
천호시장 버스정류소 옆,5,2347
천호시장 버스정류소 옆,6,2445
천호시장 버스정류소 옆,7,2239
천호시장 버스정류소 옆,8,2278
천호시장 버스정류소 옆,9,2470
천호시장 버스정류소 옆,10,2509
천호시장 버스정류소 옆,11,2077
천호시장 버스정류소 옆,12,1410
천호역 10번 출구 앞,1,5006
천호역 10번 출구 앞,2,5489
천호역 10번 출구 앞,3,10046
천호역 10번 출구 앞,4,13264
천호역 10번 출구 앞,5,14691
천호역 10번 출구 앞,6,14585
천호역 10번 출구 앞,7,12695
천호역 10번 출구 앞,8,11722
천호역 10번 출구 앞,9,13927
천호역 10번 출구 앞,10,14230
천호역 10번 출구 앞,11,11225
천호역 10번 출구 앞,12,6867
천호역4번출구(현대백화점),1,6897
천호역4번출구(현대백화점),2,8169
천호역4번출구(현대백화점),3,14008
천호역4번출구(현대백화점),4,18574
천호역4번출구(현대백화점),5,20880
천호역4번출구(현대백화점),6,21087
천호역4번출구(현대백화점),7,17426
천호역4번출구(현대백화점),8,16423
천호역4번출구(현대백화점),9,20067
천호역4번출구(현대백화점),10,20995
천호역4번출구(현대백화점),11,16243
천호역4번출구(현대백화점),12,9653
천호역효성해링턴타워 앞,1,2560
천호역효성해링턴타워 앞,2,2965
천호역효성해링턴타워 앞,3,4280
천호역효성해링턴타워 앞,4,5902
천호역효성해링턴타워 앞,5,6390
천호역효성해링턴타워 앞,6,6606
천호역효성해링턴타워 앞,7,5602
천호역효성해링턴타워 앞,8,6516
천호역효성해링턴타워 앞,9,7477
천호역효성해링턴타워 앞,10,8098
천호역효성해링턴타워 앞,11,6280
천호역효성해링턴타워 앞,12,3667
천호지하주차장 5번 출입구,1,1264
천호지하주차장 5번 출입구,2,1423
천호지하주차장 5번 출입구,3,2359
천호지하주차장 5번 출입구,4,3750
천호지하주차장 5번 출입구,5,4446
천호지하주차장 5번 출입구,6,5006
천호지하주차장 5번 출입구,7,4461
천호지하주차장 5번 출입구,8,4279
천호지하주차장 5번 출입구,9,5152
천호지하주차장 5번 출입구,10,4640
천호지하주차장 5번 출입구,11,3544
천호지하주차장 5번 출입구,12,2111
천호초교 입구 사거리(일주빌딩),1,1432
천호초교 입구 사거리(일주빌딩),2,1759
천호초교 입구 사거리(일주빌딩),3,2774
천호초교 입구 사거리(일주빌딩),4,3954
천호초교 입구 사거리(일주빌딩),5,4582
천호초교 입구 사거리(일주빌딩),6,4818
천호초교 입구 사거리(일주빌딩),7,4309
천호초교 입구 사거리(일주빌딩),8,4003
천호초교 입구 사거리(일주빌딩),9,4726
천호초교 입구 사거리(일주빌딩),10,3849
천호초교 입구 사거리(일주빌딩),11,2810
천호초교 입구 사거리(일주빌딩),12,1976
철도교통관제센터 정문 앞,1,2321
철도교통관제센터 정문 앞,2,2085
철도교통관제센터 정문 앞,3,2628
철도교통관제센터 정문 앞,4,3570
철도교통관제센터 정문 앞,5,3963
철도교통관제센터 정문 앞,6,4717
철도교통관제센터 정문 앞,7,4595
철도교통관제센터 정문 앞,8,5222
철도교통관제센터 정문 앞,9,5032
철도교통관제센터 정문 앞,10,5225
철도교통관제센터 정문 앞,11,4904
철도교통관제센터 정문 앞,12,3185
청계2가 사거리 옆,1,2534
청계2가 사거리 옆,2,2723
청계2가 사거리 옆,3,4696
청계2가 사거리 옆,4,6424
청계2가 사거리 옆,5,6297
청계2가 사거리 옆,6,6638
청계2가 사거리 옆,7,6147
청계2가 사거리 옆,8,5952
청계2가 사거리 옆,9,6768
청계2가 사거리 옆,10,7000
청계2가 사거리 옆,11,5582
청계2가 사거리 옆,12,2996
청계3가 사거리,1,1309
청계3가 사거리,2,1618
청계3가 사거리,3,2771
청계3가 사거리,4,3474
청계3가 사거리,5,4155
청계3가 사거리,6,4207
청계3가 사거리,7,3714
청계3가 사거리,8,3862
청계3가 사거리,9,4213
청계3가 사거리,10,4432
청계3가 사거리,11,3582
청계3가 사거리,12,2044
청계7가 사거리,1,754
청계7가 사거리,2,814
청계7가 사거리,3,1471
청계7가 사거리,4,1734
청계7가 사거리,5,1476
청계7가 사거리,6,1875
청계7가 사거리,7,763
청계7가 사거리,8,445
청계7가 사거리,9,721
청계7가 사거리,10,931
청계7가 사거리,11,868
청계7가 사거리,12,636
청계8가 사거리 B,1,4521
청계8가 사거리 B,2,5064
청계8가 사거리 B,3,8858
청계8가 사거리 B,4,11202
청계8가 사거리 B,5,12025
청계8가 사거리 B,6,12552
청계8가 사거리 B,7,10967
청계8가 사거리 B,8,10673
청계8가 사거리 B,9,12853
청계8가 사거리 B,10,12717
청계8가 사거리 B,11,9420
청계8가 사거리 B,12,5743
청계8가사거리 A,1,3931
청계8가사거리 A,2,4345
청계8가사거리 A,3,7269
청계8가사거리 A,4,8995
청계8가사거리 A,5,9397
청계8가사거리 A,6,9567
청계8가사거리 A,7,8756
청계8가사거리 A,8,8336
청계8가사거리 A,9,10134
청계8가사거리 A,10,10225
청계8가사거리 A,11,8527
청계8가사거리 A,12,5306
청계9가교차로 앞,1,3683
청계9가교차로 앞,2,4165
청계9가교차로 앞,3,6888
청계9가교차로 앞,4,8477
청계9가교차로 앞,5,10195
청계9가교차로 앞,6,10033
청계9가교차로 앞,7,8815
청계9가교차로 앞,8,8721
청계9가교차로 앞,9,9079
청계9가교차로 앞,10,10165
청계9가교차로 앞,11,8185
청계9가교차로 앞,12,5204
청계광장 옆,1,2005
청계광장 옆,2,2456
청계광장 옆,3,4572
청계광장 옆,4,6103
청계광장 옆,5,6649
청계광장 옆,6,6406
청계광장 옆,7,5805
청계광장 옆,8,5385
청계광장 옆,9,6669
청계광장 옆,10,6475
청계광장 옆,11,5182
청계광장 옆,12,2840
청계벽산아파트 앞,1,3019
청계벽산아파트 앞,2,3377
청계벽산아파트 앞,3,5375
청계벽산아파트 앞,4,6976
청계벽산아파트 앞,5,7465
청계벽산아파트 앞,6,7845
청계벽산아파트 앞,7,6873
청계벽산아파트 앞,8,6430
청계벽산아파트 앞,9,7984
청계벽산아파트 앞,10,7853
청계벽산아파트 앞,11,6397
청계벽산아파트 앞,12,4014
청계산 입구 삼거리,1,204
청계산 입구 삼거리,2,296
청계산 입구 삼거리,3,538
청계산 입구 삼거리,4,698
청계산 입구 삼거리,5,684
청계산 입구 삼거리,6,668
청계산 입구 삼거리,7,478
청계산 입구 삼거리,8,429
청계산 입구 삼거리,9,562
청계산 입구 삼거리,10,612
청계산 입구 삼거리,11,445
청계산 입구 삼거리,12,256
청계산입구역 1번출구,1,2167
청계산입구역 1번출구,2,2251
청계산입구역 1번출구,3,3518
청계산입구역 1번출구,4,4919
청계산입구역 1번출구,5,5121
청계산입구역 1번출구,6,5343
청계산입구역 1번출구,7,5042
청계산입구역 1번출구,8,4919
청계산입구역 1번출구,9,5550
청계산입구역 1번출구,10,5265
청계산입구역 1번출구,11,4811
청계산입구역 1번출구,12,2849
청계산입구역 2번출구,1,427
청계산입구역 2번출구,2,516
청계산입구역 2번출구,3,770
청계산입구역 2번출구,4,1096
청계산입구역 2번출구,5,1130
청계산입구역 2번출구,6,1125
청계산입구역 2번출구,7,991
청계산입구역 2번출구,8,982
청계산입구역 2번출구,9,1255
청계산입구역 2번출구,10,1533
청계산입구역 2번출구,11,1080
청계산입구역 2번출구,12,545
청계천 박물관 앞,1,1435
청계천 박물관 앞,2,1538
청계천 박물관 앞,3,2745
청계천 박물관 앞,4,3468
청계천 박물관 앞,5,3609
청계천 박물관 앞,6,3605
청계천 박물관 앞,7,3582
청계천 박물관 앞,8,2848
청계천 박물관 앞,9,3519
청계천 박물관 앞,10,3584
청계천 박물관 앞,11,2650
청계천 박물관 앞,12,1697
청계천 생태교실 앞,1,5146
청계천 생태교실 앞,2,7572
청계천 생태교실 앞,3,15497
청계천 생태교실 앞,4,19587
청계천 생태교실 앞,5,22737
청계천 생태교실 앞,6,25587
청계천 생태교실 앞,7,20540
청계천 생태교실 앞,8,20177
청계천 생태교실 앞,9,29903
청계천 생태교실 앞,10,27548
청계천 생태교실 앞,11,13869
청계천 생태교실 앞,12,6392
청계천 영도교,1,6148
청계천 영도교,2,6634
청계천 영도교,3,10228
청계천 영도교,4,13045
청계천 영도교,5,14552
청계천 영도교,6,14587
청계천 영도교,7,13581
청계천 영도교,8,12615
청계천 영도교,9,15331
청계천 영도교,10,15790
청계천 영도교,11,12728
청계천 영도교,12,8463
청계천 한빛광장,1,239
청계천 한빛광장,2,38
청계한신휴플러스앞 삼거리,1,2138
청계한신휴플러스앞 삼거리,2,2315
청계한신휴플러스앞 삼거리,3,3739
청계한신휴플러스앞 삼거리,4,4766
청계한신휴플러스앞 삼거리,5,5846
청계한신휴플러스앞 삼거리,6,6035
청계한신휴플러스앞 삼거리,7,5643
청계한신휴플러스앞 삼거리,8,5537
청계한신휴플러스앞 삼거리,9,5973
청계한신휴플러스앞 삼거리,10,6008
청계한신휴플러스앞 삼거리,11,5072
청계한신휴플러스앞 삼거리,12,3258
청구 어린이공원,1,84
청구 어린이공원,2,101
청구 어린이공원,3,157
청구 어린이공원,4,66
청구 어린이공원,5,56
청구 어린이공원,6,46
청구 어린이공원,7,58
청구 어린이공원,8,41
청구 어린이공원,9,78
청구 어린이공원,10,117
청구 어린이공원,11,100
청구 어린이공원,12,56
청구e편한세상아파트 113동 앞,1,1007
청구e편한세상아파트 113동 앞,2,1306
청구e편한세상아파트 113동 앞,3,2272
청구e편한세상아파트 113동 앞,4,2679
청구e편한세상아파트 113동 앞,5,3069
청구e편한세상아파트 113동 앞,6,3272
청구e편한세상아파트 113동 앞,7,2843
청구e편한세상아파트 113동 앞,8,2886
청구e편한세상아파트 113동 앞,9,3093
청구e편한세상아파트 113동 앞,10,3278
청구e편한세상아파트 113동 앞,11,2772
청구e편한세상아파트 113동 앞,12,1796
청구성심병원 앞,1,823
청구성심병원 앞,2,829
청구성심병원 앞,3,1308
청구성심병원 앞,4,1909
청구성심병원 앞,5,2510
청구성심병원 앞,6,2780
청구성심병원 앞,7,2362
청구성심병원 앞,8,2397
청구성심병원 앞,9,2862
청구성심병원 앞,10,2722
청구성심병원 앞,11,2163
청구성심병원 앞,12,1194
청구아파트 앞,1,1667
청구아파트 앞,2,1829
청구아파트 앞,3,3193
청구아파트 앞,4,4234
청구아파트 앞,5,4813
청구아파트 앞,6,5254
청구아파트 앞,7,4507
청구아파트 앞,8,4505
청구아파트 앞,9,5500
청구아파트 앞,10,5921
청구아파트 앞,11,4728
청구아파트 앞,12,2924
청기와빌딩,1,1159
청기와빌딩,2,1159
청기와빌딩,3,1851
청기와빌딩,4,2473
청기와빌딩,5,3183
청기와빌딩,6,3476
청기와빌딩,7,3094
청기와빌딩,8,3046
청기와빌딩,9,3808
청기와빌딩,10,3834
청기와빌딩,11,3152
청기와빌딩,12,1860
청년주택 독산동점,1,511
청년주택 독산동점,2,662
청년주택 독산동점,3,1037
청년주택 독산동점,4,1301
청년주택 독산동점,5,1402
청년주택 독산동점,6,1791
청년주택 독산동점,7,1647
청년주택 독산동점,8,1852
청년주택 독산동점,9,1766
청년주택 독산동점,10,1904
청년주택 독산동점,11,1394
청년주택 독산동점,12,821
청년취업사관학교앞,1,756
청년취업사관학교앞,2,686
청년취업사관학교앞,3,1018
청년취업사관학교앞,4,1221
청년취업사관학교앞,5,1497
청년취업사관학교앞,6,1682
청년취업사관학교앞,7,1590
청년취업사관학교앞,8,1619
청년취업사관학교앞,9,1676
청년취업사관학교앞,10,1854
청년취업사관학교앞,11,1570
청년취업사관학교앞,12,1012
청담공원앞 교차로,1,1517
청담공원앞 교차로,2,1444
청담공원앞 교차로,3,2167
청담공원앞 교차로,4,3379
청담공원앞 교차로,5,3497
청담공원앞 교차로,6,3742
청담공원앞 교차로,7,3273
청담공원앞 교차로,8,3265
청담공원앞 교차로,9,3783
청담공원앞 교차로,10,3569
청담공원앞 교차로,11,3273
청담공원앞 교차로,12,1380
청담나들목입구,1,532
청담나들목입구,2,892
청담나들목입구,3,1881
청담나들목입구,4,2897
청담나들목입구,5,2873
청담나들목입구,6,2580
청담나들목입구,7,2036
청담나들목입구,8,1243
청담나들목입구,9,2637
청담나들목입구,10,2344
청담나들목입구,11,1263
청담나들목입구,12,589
청담동 맥도날드 옆(위치),1,574
청담동 맥도날드 옆(위치),2,712
청담동 맥도날드 옆(위치),3,1286
청담동 맥도날드 옆(위치),4,1757
청담동 맥도날드 옆(위치),5,1948
청담동 맥도날드 옆(위치),6,1992
청담동 맥도날드 옆(위치),7,1601
청담동 맥도날드 옆(위치),8,1504
청담동 맥도날드 옆(위치),9,1888
청담동 맥도날드 옆(위치),10,1935
청담동 맥도날드 옆(위치),11,1476
청담동 맥도날드 옆(위치),12,795
청담백영빌딩 앞,1,126
청담백영빌딩 앞,2,173
청담백영빌딩 앞,3,326
청담백영빌딩 앞,4,508
청담백영빌딩 앞,5,481
청담백영빌딩 앞,6,544
청담백영빌딩 앞,7,593
청담백영빌딩 앞,8,616
청담백영빌딩 앞,9,680
청담백영빌딩 앞,10,736
청담백영빌딩 앞,11,565
청담백영빌딩 앞,12,340
청담사거리(신한오피스텔빌딩 앞),1,276
청담사거리(신한오피스텔빌딩 앞),2,357
청담사거리(신한오피스텔빌딩 앞),3,730
청담사거리(신한오피스텔빌딩 앞),4,1250
청담사거리(신한오피스텔빌딩 앞),5,1578
청담사거리(신한오피스텔빌딩 앞),6,1552
청담사거리(신한오피스텔빌딩 앞),7,1252
청담사거리(신한오피스텔빌딩 앞),8,1065
청담사거리(신한오피스텔빌딩 앞),9,1271
청담사거리(신한오피스텔빌딩 앞),10,1258
청담사거리(신한오피스텔빌딩 앞),11,800
청담사거리(신한오피스텔빌딩 앞),12,413
청담역 11번 출구,1,112
청담역 11번 출구,2,141
청담역 11번 출구,3,278
청담역 11번 출구,4,763
청담역 11번 출구,5,1016
청담역 11번 출구,6,873
청담역 11번 출구,7,715
청담역 11번 출구,8,667
청담역 11번 출구,9,793
청담역 11번 출구,10,588
청담역 11번 출구,11,564
청담역 11번 출구,12,188
청담역 13번 출구 앞,1,557
청담역 13번 출구 앞,2,662
청담역 13번 출구 앞,3,1493
청담역 13번 출구 앞,4,2132
청담역 13번 출구 앞,5,2478
청담역 13번 출구 앞,6,2148
청담역 13번 출구 앞,7,1791
청담역 13번 출구 앞,8,1826
청담역 13번 출구 앞,9,2176
청담역 13번 출구 앞,10,1982
청담역 13번 출구 앞,11,1700
청담역 13번 출구 앞,12,772
청담역 1번출구,1,126
청담역 1번출구,2,253
청담역 1번출구,3,481
청담역 1번출구,4,561
청담역 1번출구,5,631
청담역 1번출구,6,723
청담역 1번출구,7,460
청담역 1번출구,8,587
청담역 1번출구,9,537
청담역 1번출구,10,539
청담역 1번출구,11,486
청담역 1번출구,12,255
청담역 2번출구,1,308
청담역 2번출구,2,403
청담역 2번출구,3,677
청담역 2번출구,4,970
청담역 2번출구,5,1001
청담역 2번출구,6,1021
청담역 2번출구,7,763
청담역 2번출구,8,768
청담역 2번출구,9,1008
청담역 2번출구,10,897
청담역 2번출구,11,668
청담역 2번출구,12,312
청담역(우리들병원 앞),1,537
청담역(우리들병원 앞),2,621
청담역(우리들병원 앞),3,1017
청담역(우리들병원 앞),4,1776
청담역(우리들병원 앞),5,1915
청담역(우리들병원 앞),6,1854
청담역(우리들병원 앞),7,1520
청담역(우리들병원 앞),8,1254
청담역(우리들병원 앞),9,1851
청담역(우리들병원 앞),10,1784
청담역(우리들병원 앞),11,1373
청담역(우리들병원 앞),12,590
청량리 기업은행 앞,1,4080
청량리 기업은행 앞,2,4492
청량리 기업은행 앞,3,7190
청량리 기업은행 앞,4,8869
청량리 기업은행 앞,5,10208
청량리 기업은행 앞,6,11345
청량리 기업은행 앞,7,10006
청량리 기업은행 앞,8,9503
청량리 기업은행 앞,9,10805
청량리 기업은행 앞,10,10638
청량리 기업은행 앞,11,8106
청량리 기업은행 앞,12,5041
청량리동 주민센터,4,433
청량리동 주민센터,5,894
청량리동 주민센터,6,956
청량리동 주민센터,7,768
청량리동 주민센터,8,862
청량리동 주민센터,9,1075
청량리동 주민센터,10,972
청량리동 주민센터,11,940
청량리동 주민센터,12,509
청량리역 4번 5번출구 사이,1,1154
청량리역 4번 5번출구 사이,2,1268
청량리역 4번 5번출구 사이,3,2039
청량리역 4번 5번출구 사이,4,3002
청량리역 4번 5번출구 사이,5,3765
청량리역 4번 5번출구 사이,6,2242
청량리역 4번 5번출구 사이,7,1941
청량리역 4번 5번출구 사이,8,1812
청량리역 4번 5번출구 사이,9,2359
청량리역 4번 5번출구 사이,10,2600
청량리역 4번 5번출구 사이,11,2184
청량리역 4번 5번출구 사이,12,1518
청량리역광장,9,6
청량리역광장,10,581
청량리역광장,11,716
청량리역광장,12,524
청량차도 육교 밑,1,1057
청량차도 육교 밑,2,1011
청량차도 육교 밑,3,1665
청량차도 육교 밑,4,2247
청량차도 육교 밑,5,2421
청량차도 육교 밑,6,2508
청량차도 육교 밑,7,2249
청량차도 육교 밑,8,2119
청량차도 육교 밑,9,2411
청량차도 육교 밑,10,2446
청량차도 육교 밑,11,2189
청량차도 육교 밑,12,1539
청소년수련관 후문,1,4947
청소년수련관 후문,2,5622
청소년수련관 후문,3,8930
청소년수련관 후문,4,12507
청소년수련관 후문,5,15117
청소년수련관 후문,6,15957
청소년수련관 후문,7,13571
청소년수련관 후문,8,13781
청소년수련관 후문,9,15657
청소년수련관 후문,10,15285
청소년수련관 후문,11,11846
청소년수련관 후문,12,7716
청소년수련관(수영장)앞,1,570
청소년수련관(수영장)앞,2,671
청소년수련관(수영장)앞,3,1075
청소년수련관(수영장)앞,4,1551
청소년수련관(수영장)앞,5,1714
청소년수련관(수영장)앞,6,1659
청소년수련관(수영장)앞,7,1467
청소년수련관(수영장)앞,8,1267
청소년수련관(수영장)앞,9,1562
청소년수련관(수영장)앞,10,1725
청소년수련관(수영장)앞,11,1418
청소년수련관(수영장)앞,12,723
청소년음악센터,1,423
청소년음악센터,2,464
청소년음악센터,3,1090
청소년음악센터,4,1984
청소년음악센터,5,2258
청소년음악센터,6,2484
청소년음악센터,7,1909
청소년음악센터,8,1696
청소년음악센터,9,2375
청소년음악센터,10,2309
청소년음악센터,11,2015
청소년음악센터,12,1193
청솔우성아파트 앞,1,2164
청솔우성아파트 앞,2,2170
청솔우성아파트 앞,3,3666
청솔우성아파트 앞,4,4871
청솔우성아파트 앞,5,5404
청솔우성아파트 앞,6,5702
청솔우성아파트 앞,7,4625
청솔우성아파트 앞,8,4535
청솔우성아파트 앞,9,5409
청솔우성아파트 앞,10,5610
청솔우성아파트 앞,11,4417
청솔우성아파트 앞,12,2856
청암예술학교 앞,1,2015
청암예술학교 앞,2,2371
청암예술학교 앞,3,3737
청암예술학교 앞,4,4848
청암예술학교 앞,5,6083
청암예술학교 앞,6,6176
청암예술학교 앞,7,5304
청암예술학교 앞,8,5407
청암예술학교 앞,9,5804
청암예술학교 앞,10,5637
청암예술학교 앞,11,4786
청암예술학교 앞,12,3286
청암자이아파트 앞,1,1233
청암자이아파트 앞,2,1431
청암자이아파트 앞,3,2580
청암자이아파트 앞,4,3116
청암자이아파트 앞,5,2895
청암자이아파트 앞,6,3018
청암자이아파트 앞,7,2871
청암자이아파트 앞,8,2865
청암자이아파트 앞,9,3818
청암자이아파트 앞,10,3973
청암자이아파트 앞,11,2970
청암자이아파트 앞,12,1705
청와대앞길,1,571
청와대앞길,2,686
청와대앞길,3,937
청와대앞길,4,1265
청와대앞길,5,1268
청와대앞길,6,1039
청와대앞길,7,1039
청와대앞길,8,936
청와대앞길,9,1112
청와대앞길,10,1040
청와대앞길,11,1066
청와대앞길,12,519
청운초교 앞 삼거리,1,1581
청운초교 앞 삼거리,2,1775
청운초교 앞 삼거리,3,2940
청운초교 앞 삼거리,4,3250
청운초교 앞 삼거리,5,3236
청운초교 앞 삼거리,6,3566
청운초교 앞 삼거리,7,3286
청운초교 앞 삼거리,8,3036
청운초교 앞 삼거리,9,3408
청운초교 앞 삼거리,10,3458
청운초교 앞 삼거리,11,3120
청운초교 앞 삼거리,12,1819
청파동삼거리 앞,1,796
청파동삼거리 앞,2,723
청파동삼거리 앞,3,1275
청파동삼거리 앞,4,1559
청파동삼거리 앞,5,1864
청파동삼거리 앞,6,2267
청파동삼거리 앞,7,1918
청파동삼거리 앞,8,1680
청파동삼거리 앞,9,1680
청파동삼거리 앞,10,1874
청파동삼거리 앞,11,1815
청파동삼거리 앞,12,1183
청파동입구 교차로,1,1526
청파동입구 교차로,2,1627
청파동입구 교차로,3,2799
청파동입구 교차로,4,3671
청파동입구 교차로,5,3695
청파동입구 교차로,6,3847
청파동입구 교차로,7,3487
청파동입구 교차로,8,3488
청파동입구 교차로,9,4073
청파동입구 교차로,10,4211
청파동입구 교차로,11,3393
청파동입구 교차로,12,1918
초롱타운 앞,1,568
초롱타운 앞,2,573
초롱타운 앞,3,930
초롱타운 앞,4,1279
초롱타운 앞,5,1366
초롱타운 앞,6,1575
초롱타운 앞,7,1482
초롱타운 앞,8,1265
초롱타운 앞,9,1611
초롱타운 앞,10,1707
초롱타운 앞,11,1369
초롱타운 앞,12,932
초원아파트 앞,1,1466
초원아파트 앞,2,2255
초원아파트 앞,3,5510
초원아파트 앞,4,7688
초원아파트 앞,5,8510
초원아파트 앞,6,6685
초원아파트 앞,7,5406
초원아파트 앞,8,4789
초원아파트 앞,9,7739
초원아파트 앞,10,7292
초원아파트 앞,11,3494
초원아파트 앞,12,1736
총신대 앞(육교),1,197
총신대 앞(육교),2,211
총신대 앞(육교),3,487
총신대 앞(육교),4,577
총신대 앞(육교),5,620
총신대 앞(육교),6,480
총신대 앞(육교),7,570
총신대 앞(육교),8,626
총신대 앞(육교),9,639
총신대 앞(육교),10,706
총신대 앞(육교),11,652
총신대 앞(육교),12,233
촬영소 사거리,1,793
촬영소 사거리,2,840
촬영소 사거리,3,1510
촬영소 사거리,4,1764
촬영소 사거리,5,2195
촬영소 사거리,6,2177
촬영소 사거리,7,2220
촬영소 사거리,8,2015
촬영소 사거리,9,1703
촬영소 사거리,10,1568
촬영소 사거리,11,1204
촬영소 사거리,12,811
충무로역 1번출구,1,2213
충무로역 1번출구,2,2440
충무로역 1번출구,3,3839
충무로역 1번출구,4,4358
충무로역 1번출구,5,4526
충무로역 1번출구,6,4648
충무로역 1번출구,7,4406
충무로역 1번출구,8,4133
충무로역 1번출구,9,4663
충무로역 1번출구,10,5055
충무로역 1번출구,11,4511
충무로역 1번출구,12,2873
충무로역 6번출구 앞,1,2050
충무로역 6번출구 앞,2,2182
충무로역 6번출구 앞,3,3133
충무로역 6번출구 앞,4,3849
충무로역 6번출구 앞,5,4013
충무로역 6번출구 앞,6,4338
충무로역 6번출구 앞,7,4490
충무로역 6번출구 앞,8,4048
충무로역 6번출구 앞,9,4529
충무로역 6번출구 앞,10,4884
충무로역 6번출구 앞,11,4200
충무로역 6번출구 앞,12,2542
충무아트센터,7,712
충무아트센터,8,983
충무아트센터,9,1077
충무아트센터,10,865
충무아트센터,11,842
충무아트센터,12,601
충북 미래관,1,4795
충북 미래관,2,5056
충북 미래관,3,8865
충북 미래관,4,11798
충북 미래관,5,13108
충북 미래관,6,13549
충북 미래관,7,12838
충북 미래관,8,12501
충북 미래관,9,14673
충북 미래관,10,14733
충북 미래관,11,11061
충북 미래관,12,6431
충정2교,1,1231
충정2교,2,1406
충정2교,3,2442
충정2교,4,3156
충정2교,5,3244
충정2교,6,3085
충정2교,7,2980
충정2교,8,2540
충정2교,9,2906
충정2교,10,2869
충정2교,11,2196
충정2교,12,1390
충정로역 1번 출구,1,345
충정로역 1번 출구,2,431
충정로역 1번 출구,3,623
충정로역 1번 출구,4,601
충정로역 1번 출구,5,583
충정로역 1번 출구,6,641
충정로역 1번 출구,7,621
충정로역 1번 출구,8,713
충정로역 1번 출구,9,814
충정로역 1번 출구,10,835
충정로역 1번 출구,11,766
충정로역 1번 출구,12,469
충정로역 2호선(엘리베이터 앞),1,744
충정로역 2호선(엘리베이터 앞),2,756
충정로역 2호선(엘리베이터 앞),3,1070
충정로역 2호선(엘리베이터 앞),4,1631
충정로역 2호선(엘리베이터 앞),5,1556
충정로역 2호선(엘리베이터 앞),6,1846
충정로역 2호선(엘리베이터 앞),7,1770
충정로역 2호선(엘리베이터 앞),8,1683
충정로역 2호선(엘리베이터 앞),9,1624
충정로역 2호선(엘리베이터 앞),10,1756
충정로역 2호선(엘리베이터 앞),11,1615
충정로역 2호선(엘리베이터 앞),12,815
충정로역 3번 출구,1,630
충정로역 3번 출구,2,670
충정로역 3번 출구,3,1090
충정로역 3번 출구,4,1180
충정로역 3번 출구,5,1176
충정로역 3번 출구,6,1106
충정로역 3번 출구,7,1283
충정로역 3번 출구,8,1221
충정로역 3번 출구,9,1408
충정로역 3번 출구,10,1476
충정로역 3번 출구,11,1304
충정로역 3번 출구,12,925
충정로역 7번출구 아래,1,1391
충정로역 7번출구 아래,2,1512
충정로역 7번출구 아래,3,2666
충정로역 7번출구 아래,4,3117
충정로역 7번출구 아래,5,3356
충정로역 7번출구 아래,6,3249
충정로역 7번출구 아래,7,3085
충정로역 7번출구 아래,8,2686
충정로역 7번출구 아래,9,3156
충정로역 7번출구 아래,10,3115
충정로역 7번출구 아래,11,2722
충정로역 7번출구 아래,12,1709
커먼그라운드,1,3059
커먼그라운드,2,3822
커먼그라운드,3,6572
커먼그라운드,4,8251
커먼그라운드,5,9060
커먼그라운드,6,8726
커먼그라운드,7,7100
커먼그라운드,8,7636
커먼그라운드,9,9033
커먼그라운드,10,6726
커먼그라운드,11,5579
커먼그라운드,12,3012
코레일유통본사,1,1598
코레일유통본사,2,1751
코레일유통본사,3,2472
코레일유통본사,4,2982
코레일유통본사,5,3635
코레일유통본사,6,3805
코레일유통본사,7,3939
코레일유통본사,8,3836
코레일유통본사,9,3848
코레일유통본사,10,3996
코레일유통본사,11,3453
코레일유통본사,12,2279
코스트코 상봉점,1,3093
코스트코 상봉점,2,3465
코스트코 상봉점,3,5561
코스트코 상봉점,4,7343
코스트코 상봉점,5,8627
코스트코 상봉점,6,8822
코스트코 상봉점,7,7903
코스트코 상봉점,8,7464
코스트코 상봉점,9,8823
코스트코 상봉점,10,8880
코스트코 상봉점,11,6022
코스트코 상봉점,12,4197
코오롱One&Only타워,1,3963
코오롱One&Only타워,2,4036
코오롱One&Only타워,3,6055
코오롱One&Only타워,4,7399
코오롱One&Only타워,5,9284
코오롱One&Only타워,6,9652
코오롱One&Only타워,7,9315
코오롱One&Only타워,8,7760
코오롱One&Only타워,9,8288
코오롱One&Only타워,10,8703
코오롱One&Only타워,11,7492
코오롱One&Only타워,12,4889
코오롱디지털타워 3차앞,1,2838
코오롱디지털타워 3차앞,2,3157
코오롱디지털타워 3차앞,3,5681
코오롱디지털타워 3차앞,4,7059
코오롱디지털타워 3차앞,5,7583
코오롱디지털타워 3차앞,6,7452
코오롱디지털타워 3차앞,7,6792
코오롱디지털타워 3차앞,8,6233
코오롱디지털타워 3차앞,9,7344
코오롱디지털타워 3차앞,10,7696
코오롱디지털타워 3차앞,11,6305
코오롱디지털타워 3차앞,12,3838
코오롱아파트사거리,1,4265
코오롱아파트사거리,2,4310
코오롱아파트사거리,3,7429
코오롱아파트사거리,4,9623
코오롱아파트사거리,5,11259
코오롱아파트사거리,6,10940
코오롱아파트사거리,7,10072
코오롱아파트사거리,8,10013
코오롱아파트사거리,9,11228
코오롱아파트사거리,10,11713
코오롱아파트사거리,11,9214
코오롱아파트사거리,12,6111
코오롱테크노밸리,1,657
코오롱테크노밸리,2,758
코오롱테크노밸리,3,1081
코오롱테크노밸리,4,1285
코오롱테크노밸리,5,1330
코오롱테크노밸리,6,1387
코오롱테크노밸리,7,1296
코오롱테크노밸리,8,1235
코오롱테크노밸리,9,1384
코오롱테크노밸리,10,1568
코오롱테크노밸리,11,1354
코오롱테크노밸리,12,755
콤텍시스템 앞,1,1495
콤텍시스템 앞,2,1602
콤텍시스템 앞,3,2377
콤텍시스템 앞,4,3023
콤텍시스템 앞,5,3503
콤텍시스템 앞,6,3498
콤텍시스템 앞,7,3147
콤텍시스템 앞,8,3030
콤텍시스템 앞,9,3409
콤텍시스템 앞,10,3747
콤텍시스템 앞,11,3152
콤텍시스템 앞,12,2165
크라운호텔앞 버스정류소,1,545
크라운호텔앞 버스정류소,2,845
크라운호텔앞 버스정류소,3,1806
크라운호텔앞 버스정류소,4,2619
크라운호텔앞 버스정류소,5,2822
크라운호텔앞 버스정류소,6,2515
크라운호텔앞 버스정류소,7,2029
크라운호텔앞 버스정류소,8,2086
크라운호텔앞 버스정류소,9,2639
크라운호텔앞 버스정류소,10,2769
크라운호텔앞 버스정류소,11,1716
크라운호텔앞 버스정류소,12,857
크린랩 본사,1,281
크린랩 본사,2,400
크린랩 본사,3,673
크린랩 본사,4,1131
크린랩 본사,5,1125
크린랩 본사,6,1081
크린랩 본사,7,717
크린랩 본사,8,826
크린랩 본사,9,975
크린랩 본사,10,1087
크린랩 본사,11,902
크린랩 본사,12,368
탄천1교 하부보도,1,735
탄천1교 하부보도,2,856
탄천1교 하부보도,3,1455
탄천1교 하부보도,4,2184
탄천1교 하부보도,5,2461
탄천1교 하부보도,6,2368
탄천1교 하부보도,7,1940
탄천1교 하부보도,8,1749
탄천1교 하부보도,9,2032
탄천1교 하부보도,10,2290
탄천1교 하부보도,11,1883
탄천1교 하부보도,12,1156
탑골공원 앞,1,1715
탑골공원 앞,2,2086
탑골공원 앞,3,2935
탑골공원 앞,4,3474
탑골공원 앞,5,3650
탑골공원 앞,6,3428
탑골공원 앞,7,3253
탑골공원 앞,8,3182
탑골공원 앞,9,2934
탑골공원 앞,10,3503
탑골공원 앞,11,3023
탑골공원 앞,12,1839
탑성마을 버스정거장 옆,1,22
탑성마을 버스정거장 옆,2,16
탑성마을 버스정거장 옆,3,42
탑성마을 버스정거장 옆,4,70
탑성마을 버스정거장 옆,5,101
탑성마을 버스정거장 옆,6,78
탑성마을 버스정거장 옆,7,65
탑성마을 버스정거장 옆,8,47
탑성마을 버스정거장 옆,9,65
탑성마을 버스정거장 옆,10,67
탑성마을 버스정거장 옆,11,58
탑성마을 버스정거장 옆,12,37
탑성마을입구,1,62
탑성마을입구,2,88
탑성마을입구,3,118
탑성마을입구,4,151
탑성마을입구,5,187
탑성마을입구,6,178
탑성마을입구,7,184
탑성마을입구,8,155
탑성마을입구,9,157
탑성마을입구,10,108
탑성마을입구,11,116
탑성마을입구,12,69
태강릉 앞,1,51
태강릉 앞,2,37
태강릉 앞,3,61
태강릉 앞,4,140
태강릉 앞,5,290
태강릉 앞,6,276
태강릉 앞,7,133
태강릉 앞,8,140
태강릉 앞,9,210
태강릉 앞,10,219
태강릉 앞,11,169
태강릉 앞,12,61
태극당,1,47
태극당,2,119
태극당,3,204
태극당,4,243
태극당,5,219
태극당,6,321
태극당,7,336
태극당,8,320
태극당,9,385
태릉선수촌 앞,1,42
태릉선수촌 앞,2,42
태릉선수촌 앞,3,93
태릉선수촌 앞,4,125
태릉선수촌 앞,5,106
태릉선수촌 앞,6,89
태릉선수촌 앞,7,31
태릉선수촌 앞,8,42
태릉선수촌 앞,9,92
태릉선수촌 앞,10,164
태릉선수촌 앞,11,128
태릉선수촌 앞,12,92
태릉입구역 3번출구,1,1909
태릉입구역 3번출구,2,2013
태릉입구역 3번출구,3,3853
태릉입구역 3번출구,4,4914
태릉입구역 3번출구,5,6135
태릉입구역 3번출구,6,6000
태릉입구역 3번출구,7,5060
태릉입구역 3번출구,8,4853
태릉입구역 3번출구,9,6059
태릉입구역 3번출구,10,5932
태릉입구역 3번출구,11,5079
태릉입구역 3번출구,12,2881
태릉입구역 5번출구,1,4449
태릉입구역 5번출구,2,5172
태릉입구역 5번출구,3,9562
태릉입구역 5번출구,4,13075
태릉입구역 5번출구,5,16711
태릉입구역 5번출구,6,15057
태릉입구역 5번출구,7,12613
태릉입구역 5번출구,8,12056
태릉입구역 5번출구,9,15212
태릉입구역 5번출구,10,15550
태릉입구역 5번출구,11,11804
태릉입구역 5번출구,12,6624
태릉입구역 8번출구,1,3003
태릉입구역 8번출구,2,3490
태릉입구역 8번출구,3,7091
태릉입구역 8번출구,4,9588
태릉입구역 8번출구,5,11844
태릉입구역 8번출구,6,10547
태릉입구역 8번출구,7,8218
태릉입구역 8번출구,8,7680
태릉입구역 8번출구,9,10587
태릉입구역 8번출구,10,10787
태릉입구역 8번출구,11,7547
태릉입구역 8번출구,12,3985
태평양물산,1,4929
태평양물산,2,5287
태평양물산,3,7830
태평양물산,4,10052
태평양물산,5,11653
태평양물산,6,12412
태평양물산,7,12073
태평양물산,8,10690
태평양물산,9,12477
태평양물산,10,13777
태평양물산,11,11294
태평양물산,12,6839
테라타워2,1,4120
테라타워2,2,4312
테라타워2,3,7816
테라타워2,4,10093
테라타워2,5,10913
테라타워2,6,11118
테라타워2,7,9843
테라타워2,8,8586
테라타워2,9,10616
테라타워2,10,11085
테라타워2,11,9069
테라타워2,12,5538
테스트 대여소,3,2
테스트 대여소,6,1
테스트 대여소,7,1
테스트 대여소,10,3
테스트 대여소,11,1
테크노마트 앞,1,3476
테크노마트 앞,2,4096
테크노마트 앞,3,6939
테크노마트 앞,4,9541
테크노마트 앞,5,10852
테크노마트 앞,6,10029
테크노마트 앞,7,8720
테크노마트 앞,8,8603
테크노마트 앞,9,9856
테크노마트 앞,10,10119
테크노마트 앞,11,7737
테크노마트 앞,12,4760
통인시장 정자,1,395
통인시장 정자,2,400
통인시장 정자,3,816
통인시장 정자,4,938
통인시장 정자,5,925
통인시장 정자,6,1068
통인시장 정자,7,1020
통인시장 정자,8,1085
통인시장 정자,9,1191
통인시장 정자,10,982
통인시장 정자,11,934
통인시장 정자,12,914
퇴계로4가 교차로(중구청),1,1814
퇴계로4가 교차로(중구청),2,1914
퇴계로4가 교차로(중구청),3,3450
퇴계로4가 교차로(중구청),4,4585
퇴계로4가 교차로(중구청),5,4788
퇴계로4가 교차로(중구청),6,4986
퇴계로4가 교차로(중구청),7,4733
퇴계로4가 교차로(중구청),8,4685
퇴계로4가 교차로(중구청),9,5143
퇴계로4가 교차로(중구청),10,5603
퇴계로4가 교차로(중구청),11,4824
퇴계로4가 교차로(중구청),12,2796
트레빌빌딩,1,1855
트레빌빌딩,2,2392
트레빌빌딩,3,3769
트레빌빌딩,4,5047
트레빌빌딩,5,5539
트레빌빌딩,6,5970
트레빌빌딩,7,5027
트레빌빌딩,8,4738
트레빌빌딩,9,5673
트레빌빌딩,10,6019
트레빌빌딩,11,5059
트레빌빌딩,12,3040
파르코 앞,1,535
파르코 앞,2,682
파르코 앞,3,1134
파르코 앞,4,1521
파르코 앞,5,1744
파르코 앞,6,1843
파르코 앞,7,1693
파르코 앞,8,1682
파르코 앞,9,1895
파르코 앞,10,1989
파르코 앞,11,1393
파르코 앞,12,847
파스쿠찌 청담사거리점 앞,1,207
파스쿠찌 청담사거리점 앞,2,202
파스쿠찌 청담사거리점 앞,3,445
파스쿠찌 청담사거리점 앞,4,724
파스쿠찌 청담사거리점 앞,5,735
파스쿠찌 청담사거리점 앞,6,799
파스쿠찌 청담사거리점 앞,7,642
파스쿠찌 청담사거리점 앞,8,854
파스쿠찌 청담사거리점 앞,9,1045
파스쿠찌 청담사거리점 앞,10,1073
파스쿠찌 청담사거리점 앞,11,785
파스쿠찌 청담사거리점 앞,12,465
파크타워 104동 앞,1,321
파크타워 104동 앞,2,413
파크타워 104동 앞,3,782
파크타워 104동 앞,4,1136
파크타워 104동 앞,5,1260
파크타워 104동 앞,6,1294
파크타워 104동 앞,7,917
파크타워 104동 앞,8,982
파크타워 104동 앞,9,1281
파크타워 104동 앞,10,1408
파크타워 104동 앞,11,971
파크타워 104동 앞,12,504
파크팰리스,1,1731
파크팰리스,2,1805
파크팰리스,3,2528
파크팰리스,4,3255
파크팰리스,5,3581
파크팰리스,6,3991
파크팰리스,7,4184
파크팰리스,8,4065
파크팰리스,9,4312
파크팰리스,10,4284
파크팰리스,11,3691
파크팰리스,12,2401
페코텍글로벌허브빌딩 앞,1,3346
페코텍글로벌허브빌딩 앞,2,3451
페코텍글로벌허브빌딩 앞,3,5853
페코텍글로벌허브빌딩 앞,4,7572
페코텍글로벌허브빌딩 앞,5,8355
페코텍글로벌허브빌딩 앞,6,8503
페코텍글로벌허브빌딩 앞,7,7849
페코텍글로벌허브빌딩 앞,8,7603
페코텍글로벌허브빌딩 앞,9,8320
페코텍글로벌허브빌딩 앞,10,8608
페코텍글로벌허브빌딩 앞,11,7441
페코텍글로벌허브빌딩 앞,12,5235
평생학습관 앞,1,2254
평생학습관 앞,2,2352
평생학습관 앞,3,3859
평생학습관 앞,4,4819
평생학습관 앞,5,5474
평생학습관 앞,6,5844
평생학습관 앞,7,5356
평생학습관 앞,8,5173
평생학습관 앞,9,5987
평생학습관 앞,10,5905
평생학습관 앞,11,4421
평생학습관 앞,12,2681
평창동 주민센터,1,48
평창동 주민센터,2,49
평창동 주민센터,3,137
평창동 주민센터,4,166
평창동 주민센터,5,193
평창동 주민센터,6,162
평창동 주민센터,7,158
평창동 주민센터,8,72
평창동 주민센터,9,162
평창동 주민센터,10,165
평창동 주민센터,11,130
평창동 주민센터,12,63
평창동주민센터 앞,1,249
평창동주민센터 앞,2,267
평창동주민센터 앞,3,543
평창동주민센터 앞,4,685
평창동주민센터 앞,5,704
평창동주민센터 앞,6,675
평창동주민센터 앞,7,572
평창동주민센터 앞,8,681
평창동주민센터 앞,9,748
평창동주민센터 앞,10,694
평창동주민센터 앞,11,639
평창동주민센터 앞,12,349
평화도봉공원 주변,1,1123
평화도봉공원 주변,2,1247
평화도봉공원 주변,3,2206
평화도봉공원 주변,4,3124
평화도봉공원 주변,5,3527
평화도봉공원 주변,6,3601
평화도봉공원 주변,7,3339
평화도봉공원 주변,8,3166
평화도봉공원 주변,9,3961
평화도봉공원 주변,10,3822
평화도봉공원 주변,11,2936
평화도봉공원 주변,12,1687
포레나 당산,1,2459
포레나 당산,2,2796
포레나 당산,3,4829
포레나 당산,4,5826
포레나 당산,5,6455
포레나 당산,6,7212
포레나 당산,7,6665
포레나 당산,8,7326
포레나 당산,9,7410
포레나 당산,10,8144
포레나 당산,11,6315
포레나 당산,12,3925
포레스 주상복합 빌딩,1,2767
포레스 주상복합 빌딩,2,2897
포레스 주상복합 빌딩,3,4706
포레스 주상복합 빌딩,4,6003
포레스 주상복합 빌딩,5,6747
포레스 주상복합 빌딩,6,7678
포레스 주상복합 빌딩,7,6853
포레스 주상복합 빌딩,8,6712
포레스 주상복합 빌딩,9,7185
포레스 주상복합 빌딩,10,7502
포레스 주상복합 빌딩,11,5787
포레스 주상복합 빌딩,12,3721
포르투갈 대사관 앞,1,2596
포르투갈 대사관 앞,2,2599
포르투갈 대사관 앞,3,4236
포르투갈 대사관 앞,4,4958
포르투갈 대사관 앞,5,4542
포르투갈 대사관 앞,6,4503
포르투갈 대사관 앞,7,4665
포르투갈 대사관 앞,8,4437
포르투갈 대사관 앞,9,4631
포르투갈 대사관 앞,10,4760
포르투갈 대사관 앞,11,4579
포르투갈 대사관 앞,12,3043
포스코사거리 서측(수협 삼성동 지점),1,1040
포스코사거리 서측(수협 삼성동 지점),2,1197
포스코사거리 서측(수협 삼성동 지점),3,1871
포스코사거리 서측(수협 삼성동 지점),4,2636
포스코사거리 서측(수협 삼성동 지점),5,2788
포스코사거리 서측(수협 삼성동 지점),6,2617
포스코사거리 서측(수협 삼성동 지점),7,2162
포스코사거리 서측(수협 삼성동 지점),8,2195
포스코사거리 서측(수협 삼성동 지점),9,2634
포스코사거리 서측(수협 삼성동 지점),10,2648
포스코사거리 서측(수협 삼성동 지점),11,2120
포스코사거리 서측(수협 삼성동 지점),12,1326
포스코사거리(기업은행),1,2832
포스코사거리(기업은행),2,3178
포스코사거리(기업은행),3,5253
포스코사거리(기업은행),4,7569
포스코사거리(기업은행),5,8013
포스코사거리(기업은행),6,7466
포스코사거리(기업은행),7,6519
포스코사거리(기업은행),8,5592
포스코사거리(기업은행),9,6569
포스코사거리(기업은행),10,7353
포스코사거리(기업은행),11,6641
포스코사거리(기업은행),12,3898
포스코피앤에스타워 (역삼역 3번출구 부근),1,1424
포스코피앤에스타워 (역삼역 3번출구 부근),2,1581
포스코피앤에스타워 (역삼역 3번출구 부근),3,2373
포스코피앤에스타워 (역삼역 3번출구 부근),4,3275
포스코피앤에스타워 (역삼역 3번출구 부근),5,3369
포스코피앤에스타워 (역삼역 3번출구 부근),6,3130
포스코피앤에스타워 (역삼역 3번출구 부근),7,2828
포스코피앤에스타워 (역삼역 3번출구 부근),8,2925
포스코피앤에스타워 (역삼역 3번출구 부근),9,3247
포스코피앤에스타워 (역삼역 3번출구 부근),10,3497
포스코피앤에스타워 (역삼역 3번출구 부근),11,3018
포스코피앤에스타워 (역삼역 3번출구 부근),12,1865
폭포동입구 교차로,1,283
폭포동입구 교차로,2,389
폭포동입구 교차로,3,684
폭포동입구 교차로,4,1012
폭포동입구 교차로,5,1274
폭포동입구 교차로,6,1279
폭포동입구 교차로,7,1161
폭포동입구 교차로,8,1230
폭포동입구 교차로,9,1344
폭포동입구 교차로,10,1190
폭포동입구 교차로,11,1061
폭포동입구 교차로,12,531
푸르메병원,1,1932
푸르메병원,2,1954
푸르메병원,3,3264
푸르메병원,4,4631
푸르메병원,5,5066
푸르메병원,6,5627
푸르메병원,7,4979
푸르메병원,8,5141
푸르메병원,9,5781
푸르메병원,10,5930
푸르메병원,11,4895
푸르메병원,12,2738
푸조비즈타워 앞,1,2449
푸조비즈타워 앞,2,2505
푸조비즈타워 앞,3,4397
푸조비즈타워 앞,4,5407
푸조비즈타워 앞,5,6060
푸조비즈타워 앞,6,5923
푸조비즈타워 앞,7,5281
푸조비즈타워 앞,8,4957
푸조비즈타워 앞,9,5864
푸조비즈타워 앞,10,6315
푸조비즈타워 앞,11,5857
푸조비즈타워 앞,12,3941
풍납근린공원,1,1109
풍납근린공원,2,1210
풍납근린공원,3,1911
풍납근린공원,4,2266
풍납근린공원,5,2556
풍납근린공원,6,2632
풍납근린공원,7,2029
풍납근린공원,8,2073
풍납근린공원,9,2215
풍납근린공원,10,2857
풍납근린공원,11,2427
풍납근린공원,12,1629
풍납나들목,1,231
풍납나들목,2,367
풍납나들목,3,819
풍납나들목,4,1386
풍납나들목,5,1766
풍납나들목,6,1599
풍납나들목,7,1405
풍납나들목,8,928
풍납나들목,9,638
풍납나들목,10,643
풍납나들목,11,433
풍납나들목,12,314
풍납동 아이파크 107동 앞,1,1777
풍납동 아이파크 107동 앞,2,2147
풍납동 아이파크 107동 앞,3,3433
풍납동 아이파크 107동 앞,4,4449
풍납동 아이파크 107동 앞,5,4655
풍납동 아이파크 107동 앞,6,4684
풍납동 아이파크 107동 앞,7,4498
풍납동 아이파크 107동 앞,8,4206
풍납동 아이파크 107동 앞,9,5268
풍납동 아이파크 107동 앞,10,5425
풍납동 아이파크 107동 앞,11,4524
풍납동 아이파크 107동 앞,12,2674
풍납백제문화공원 옆 인근,1,3073
풍납백제문화공원 옆 인근,2,3288
풍납백제문화공원 옆 인근,3,5246
풍납백제문화공원 옆 인근,4,6362
풍납백제문화공원 옆 인근,5,7121
풍납백제문화공원 옆 인근,6,8663
풍납백제문화공원 옆 인근,7,8000
풍납백제문화공원 옆 인근,8,8036
풍납백제문화공원 옆 인근,9,8587
풍납백제문화공원 옆 인근,10,8641
풍납백제문화공원 옆 인근,11,6843
풍납백제문화공원 옆 인근,12,4705
풍납사거리 성내유수지,1,921
풍납사거리 성내유수지,2,1007
풍납사거리 성내유수지,3,1687
풍납사거리 성내유수지,4,2269
풍납사거리 성내유수지,5,2519
풍납사거리 성내유수지,6,2534
풍납사거리 성내유수지,7,2009
풍납사거리 성내유수지,8,1976
풍납사거리 성내유수지,9,2349
풍납사거리 성내유수지,10,2809
풍납사거리 성내유수지,11,2478
풍납사거리 성내유수지,12,1550
풍납사거리(강동),1,1850
풍납사거리(강동),2,2302
풍납사거리(강동),3,4031
풍납사거리(강동),4,5251
풍납사거리(강동),5,5684
풍납사거리(강동),6,6102
풍납사거리(강동),7,5269
풍납사거리(강동),8,5156
풍납사거리(강동),9,6394
풍납사거리(강동),10,6200
풍납사거리(강동),11,5037
풍납사거리(강동),12,3214
풍납중학교 측면,1,500
풍납중학교 측면,2,699
풍납중학교 측면,3,1395
풍납중학교 측면,4,1848
풍납중학교 측면,5,2266
풍납중학교 측면,6,2250
풍납중학교 측면,7,1426
풍납중학교 측면,8,1410
풍납중학교 측면,9,1984
풍납중학교 측면,10,1536
풍납중학교 측면,11,1336
풍납중학교 측면,12,701
풍납토성 서성벽터A,1,1925
풍납토성 서성벽터A,2,2061
풍납토성 서성벽터A,3,3564
풍납토성 서성벽터A,4,4942
풍납토성 서성벽터A,5,5511
풍납토성 서성벽터A,6,5692
풍납토성 서성벽터A,7,5041
풍납토성 서성벽터A,8,4941
풍납토성 서성벽터A,9,5589
풍납토성 서성벽터A,10,5564
풍납토성 서성벽터A,11,4471
풍납토성 서성벽터A,12,2664
풍납토성 서성벽터B,1,831
풍납토성 서성벽터B,2,885
풍납토성 서성벽터B,3,1963
풍납토성 서성벽터B,4,2646
풍납토성 서성벽터B,5,2810
풍납토성 서성벽터B,6,2824
풍납토성 서성벽터B,7,2288
풍납토성 서성벽터B,8,2157
풍납토성 서성벽터B,9,2801
풍납토성 서성벽터B,10,2823
풍납토성 서성벽터B,11,2204
풍납토성 서성벽터B,12,1239
풍납현대아파트쉼터,1,3663
풍납현대아파트쉼터,2,3955
풍납현대아파트쉼터,3,6458
풍납현대아파트쉼터,4,8177
풍납현대아파트쉼터,5,9268
풍납현대아파트쉼터,6,9470
풍납현대아파트쉼터,7,8531
풍납현대아파트쉼터,8,8345
풍납현대아파트쉼터,9,9250
풍납현대아파트쉼터,10,9552
풍납현대아파트쉼터,11,7897
풍납현대아파트쉼터,12,5042
풍전아파트 건너편,1,1325
풍전아파트 건너편,2,1446
풍전아파트 건너편,3,2603
풍전아파트 건너편,4,3145
풍전아파트 건너편,5,2996
풍전아파트 건너편,6,3282
풍전아파트 건너편,7,2984
풍전아파트 건너편,8,2850
풍전아파트 건너편,9,3231
풍전아파트 건너편,10,3690
풍전아파트 건너편,11,3090
풍전아파트 건너편,12,1955
프라이어팰리스아파트,1,699
프라이어팰리스아파트,2,755
프라이어팰리스아파트,3,1407
프라이어팰리스아파트,4,1944
프라이어팰리스아파트,5,2434
프라이어팰리스아파트,6,2799
프라이어팰리스아파트,7,2251
프라이어팰리스아파트,8,2303
프라이어팰리스아파트,9,2667
프라이어팰리스아파트,10,2606
프라이어팰리스아파트,11,1959
프라이어팰리스아파트,12,1083
프라자 아파트 앞,1,1429
프라자 아파트 앞,2,1581
프라자 아파트 앞,3,2873
프라자 아파트 앞,4,3863
프라자 아파트 앞,5,4251
프라자 아파트 앞,6,4403
프라자 아파트 앞,7,3993
프라자 아파트 앞,8,3425
프라자 아파트 앞,9,4434
프라자 아파트 앞,10,4507
프라자 아파트 앞,11,3349
프라자 아파트 앞,12,2048
프런트원(공덕역4번출구 앞),1,1124
프런트원(공덕역4번출구 앞),2,1260
프런트원(공덕역4번출구 앞),3,2184
프런트원(공덕역4번출구 앞),4,2786
프런트원(공덕역4번출구 앞),5,3098
프런트원(공덕역4번출구 앞),6,3111
프런트원(공덕역4번출구 앞),7,2727
프런트원(공덕역4번출구 앞),8,2774
프런트원(공덕역4번출구 앞),9,3136
프런트원(공덕역4번출구 앞),10,3256
프런트원(공덕역4번출구 앞),11,2443
프런트원(공덕역4번출구 앞),12,1360
핀란드 타워앞,1,76
핀란드 타워앞,2,68
핀란드 타워앞,3,179
핀란드 타워앞,4,136
핀란드 타워앞,5,123
핀란드 타워앞,6,198
핀란드 타워앞,7,327
핀란드 타워앞,8,269
핀란드 타워앞,9,279
핀란드 타워앞,10,81
핀란드 타워앞,11,104
핀란드 타워앞,12,114
필동 삼거리,1,834
필동 삼거리,2,948
필동 삼거리,3,1724
필동 삼거리,4,2324
필동 삼거리,5,2498
필동 삼거리,6,2388
필동 삼거리,7,2171
필동 삼거리,8,2205
필동 삼거리,9,2684
필동 삼거리,10,2609
필동 삼거리,11,2315
필동 삼거리,12,1374
하계 어린이 공원,1,1756
하계 어린이 공원,2,1984
하계 어린이 공원,3,3351
하계 어린이 공원,4,4719
하계 어린이 공원,5,5800
하계 어린이 공원,6,5891
하계 어린이 공원,7,5422
하계 어린이 공원,8,5044
하계 어린이 공원,9,5815
하계 어린이 공원,10,5018
하계 어린이 공원,11,3919
하계 어린이 공원,12,2366
하계2동 공항버스정류장 옆,1,2907
하계2동 공항버스정류장 옆,2,3260
하계2동 공항버스정류장 옆,3,5693
하계2동 공항버스정류장 옆,4,6565
하계2동 공항버스정류장 옆,5,7645
하계2동 공항버스정류장 옆,6,8072
하계2동 공항버스정류장 옆,7,7406
하계2동 공항버스정류장 옆,8,6485
하계2동 공항버스정류장 옆,9,7210
하계2동 공항버스정류장 옆,10,6832
하계2동 공항버스정류장 옆,11,5361
하계2동 공항버스정류장 옆,12,3419
하계동 중평어린이공원 앞,1,2540
하계동 중평어린이공원 앞,2,2853
하계동 중평어린이공원 앞,3,5158
하계동 중평어린이공원 앞,4,6339
하계동 중평어린이공원 앞,5,7693
하계동 중평어린이공원 앞,6,6257
하계동 중평어린이공원 앞,7,7053
하계동 중평어린이공원 앞,8,6737
하계동 중평어린이공원 앞,9,8364
하계동 중평어린이공원 앞,10,8030
하계동 중평어린이공원 앞,11,6725
하계동 중평어린이공원 앞,12,4063
하계역 1번 출구,1,365
하계역 1번 출구,2,276
하계역 1번 출구,3,503
하계역 1번 출구,4,917
하계역 1번 출구,5,1471
하계역 1번 출구,6,1501
하계역 1번 출구,7,1429
하계역 1번 출구,8,1306
하계역 1번 출구,9,1543
하계역 1번 출구,10,1261
하계역 1번 출구,11,1345
하계역 1번 출구,12,780
하계역 4번출구 앞,1,1094
하계역 4번출구 앞,2,1095
하계역 4번출구 앞,3,1832
하계역 4번출구 앞,4,2244
하계역 4번출구 앞,5,2444
하계역 4번출구 앞,6,2598
하계역 4번출구 앞,7,2251
하계역 4번출구 앞,8,2363
하계역 4번출구 앞,9,3371
하계역 4번출구 앞,10,3611
하계역 4번출구 앞,11,2898
하계역 4번출구 앞,12,1900
하계역 6번출구,1,2174
하계역 6번출구,2,2217
하계역 6번출구,3,3954
하계역 6번출구,4,4811
하계역 6번출구,5,6053
하계역 6번출구,6,6579
하계역 6번출구,7,5760
하계역 6번출구,8,5763
하계역 6번출구,9,6729
하계역 6번출구,10,6720
하계역 6번출구,11,5721
하계역 6번출구,12,3593
하늘공원 입구,1,860
하늘공원 입구,2,1181
하늘공원 입구,3,2751
하늘공원 입구,4,4527
하늘공원 입구,5,5068
하늘공원 입구,6,4032
하늘공원 입구,7,2639
하늘공원 입구,8,2802
하늘공원 입구,9,5696
하늘공원 입구,10,6378
하늘공원 입구,11,2585
하늘공원 입구,12,941
하늘숲초등학교 앞,1,1176
하늘숲초등학교 앞,2,1378
하늘숲초등학교 앞,3,2377
하늘숲초등학교 앞,4,3253
하늘숲초등학교 앞,5,3848
하늘숲초등학교 앞,6,4185
하늘숲초등학교 앞,7,3792
하늘숲초등학교 앞,8,3463
하늘숲초등학교 앞,9,3987
하늘숲초등학교 앞,10,4040
하늘숲초등학교 앞,11,3257
하늘숲초등학교 앞,12,2198
하늘채코오롱아파트 건너편,1,4501
하늘채코오롱아파트 건너편,2,4999
하늘채코오롱아파트 건너편,3,7982
하늘채코오롱아파트 건너편,4,9711
하늘채코오롱아파트 건너편,5,10781
하늘채코오롱아파트 건너편,6,10712
하늘채코오롱아파트 건너편,7,9591
하늘채코오롱아파트 건너편,8,9588
하늘채코오롱아파트 건너편,9,10795
하늘채코오롱아파트 건너편,10,11098
하늘채코오롱아파트 건너편,11,8222
하늘채코오롱아파트 건너편,12,5694
하늘채코오롱아파트 앞,1,669
하늘채코오롱아파트 앞,2,627
하늘채코오롱아파트 앞,3,1246
하늘채코오롱아파트 앞,4,1994
하늘채코오롱아파트 앞,5,2078
하늘채코오롱아파트 앞,6,2107
하늘채코오롱아파트 앞,7,1462
하늘채코오롱아파트 앞,8,1636
하늘채코오롱아파트 앞,9,2588
하늘채코오롱아파트 앞,10,3242
하늘채코오롱아파트 앞,11,1998
하늘채코오롱아파트 앞,12,1142
하얏트호텔 앞,1,135
하얏트호텔 앞,2,128
하얏트호텔 앞,3,225
하얏트호텔 앞,4,235
하얏트호텔 앞,5,217
하얏트호텔 앞,6,164
하얏트호텔 앞,7,132
하얏트호텔 앞,8,137
하얏트호텔 앞,9,143
하얏트호텔 앞,10,179
하얏트호텔 앞,11,254
하얏트호텔 앞,12,164
하우스디세종타워 앞,1,864
하우스디세종타워 앞,2,1007
하우스디세종타워 앞,3,1593
하우스디세종타워 앞,4,1948
하우스디세종타워 앞,5,2227
하우스디세종타워 앞,6,2343
하우스디세종타워 앞,7,1080
하우스디세종타워 앞,8,917
하우스디세종타워 앞,9,1220
하우스디세종타워 앞,10,1890
하우스디세종타워 앞,11,1604
하우스디세종타워 앞,12,940
하월곡동 광명비전교회 앞,1,48
하월곡동 광명비전교회 앞,12,10
하이투자증권 앞,1,985
하이투자증권 앞,2,1169
하이투자증권 앞,3,2244
하이투자증권 앞,4,2734
하이투자증권 앞,5,3413
하이투자증권 앞,6,6567
하이투자증권 앞,7,2477
하이투자증권 앞,8,2100
하이투자증권 앞,9,2994
하이투자증권 앞,10,3190
하이투자증권 앞,11,2360
하이투자증권 앞,12,1126
학동로 래미안 아파트 앞,1,410
학동로 래미안 아파트 앞,2,564
학동로 래미안 아파트 앞,3,951
학동로 래미안 아파트 앞,4,1540
학동로 래미안 아파트 앞,5,1703
학동로 래미안 아파트 앞,6,1285
학동로 래미안 아파트 앞,7,1019
학동로 래미안 아파트 앞,8,1009
학동로 래미안 아파트 앞,9,1312
학동로 래미안 아파트 앞,10,1097
학동로 래미안 아파트 앞,11,1200
학동로 래미안 아파트 앞,12,456
학동역,1,933
학동역,2,1141
학동역,3,1917
학동역,4,2561
학동역,5,2674
학동역,6,2684
학동역,7,2224
학동역,8,2129
학동역,9,2483
학동역,10,2713
학동역,11,2203
학동역,12,1155
학여울역 1번출구,1,212
학여울역 1번출구,2,256
학여울역 1번출구,3,481
학여울역 1번출구,4,742
학여울역 1번출구,5,645
학여울역 1번출구,6,605
학여울역 1번출구,7,466
학여울역 1번출구,8,563
학여울역 1번출구,9,680
학여울역 1번출구,10,846
학여울역 1번출구,11,728
학여울역 1번출구,12,398
학여울역 사거리,1,843
학여울역 사거리,2,960
학여울역 사거리,3,1729
학여울역 사거리,4,2206
학여울역 사거리,5,2449
학여울역 사거리,6,2416
학여울역 사거리,7,2161
학여울역 사거리,8,2022
학여울역 사거리,9,2472
학여울역 사거리,10,2434
학여울역 사거리,11,1606
학여울역 사거리,12,903
학여울역 사거리(LG베스트샵 앞),1,1089
학여울역 사거리(LG베스트샵 앞),2,1379
학여울역 사거리(LG베스트샵 앞),3,2637
학여울역 사거리(LG베스트샵 앞),4,3182
학여울역 사거리(LG베스트샵 앞),5,3359
학여울역 사거리(LG베스트샵 앞),6,3383
학여울역 사거리(LG베스트샵 앞),7,3099
학여울역 사거리(LG베스트샵 앞),8,3177
학여울역 사거리(LG베스트샵 앞),9,3826
학여울역 사거리(LG베스트샵 앞),10,3660
학여울역 사거리(LG베스트샵 앞),11,3030
학여울역 사거리(LG베스트샵 앞),12,1693
학여울역사거리(은마아파트),1,253
학여울역사거리(은마아파트),2,262
학여울역사거리(은마아파트),3,434
학여울역사거리(은마아파트),4,551
학여울역사거리(은마아파트),5,579
학여울역사거리(은마아파트),6,702
학여울역사거리(은마아파트),7,483
학여울역사거리(은마아파트),8,493
학여울역사거리(은마아파트),9,567
학여울역사거리(은마아파트),10,607
학여울역사거리(은마아파트),11,532
학여울역사거리(은마아파트),12,354
한가람미술관 앞,1,346
한가람미술관 앞,2,488
한가람미술관 앞,3,871
한가람미술관 앞,4,1159
한가람미술관 앞,5,1158
한가람미술관 앞,6,1159
한가람미술관 앞,7,915
한가람미술관 앞,8,923
한가람미술관 앞,9,1134
한가람미술관 앞,10,1241
한가람미술관 앞,11,1041
한가람미술관 앞,12,516
한가람아파트 앞,1,392
한가람아파트 앞,2,482
한가람아파트 앞,3,1068
한가람아파트 앞,4,1650
한가람아파트 앞,5,1734
한가람아파트 앞,6,1303
한가람아파트 앞,7,939
한가람아파트 앞,8,1576
한가람아파트 앞,9,2270
한가람아파트 앞,10,2617
한가람아파트 앞,11,1453
한가람아파트 앞,12,838
한강 현대아파트 건너편,1,231
한강 현대아파트 건너편,2,256
한강 현대아파트 건너편,3,367
한강 현대아파트 건너편,4,544
한강 현대아파트 건너편,5,431
한강 현대아파트 건너편,6,489
한강 현대아파트 건너편,7,458
한강 현대아파트 건너편,8,399
한강 현대아파트 건너편,9,432
한강 현대아파트 건너편,10,435
한강 현대아파트 건너편,11,393
한강 현대아파트 건너편,12,261
한강GS에클라트 건너편 교통섬,1,853
한강GS에클라트 건너편 교통섬,2,924
한강GS에클라트 건너편 교통섬,3,1574
한강GS에클라트 건너편 교통섬,4,2247
한강GS에클라트 건너편 교통섬,5,2560
한강GS에클라트 건너편 교통섬,6,2461
한강GS에클라트 건너편 교통섬,7,2152
한강GS에클라트 건너편 교통섬,8,2311
한강GS에클라트 건너편 교통섬,9,2913
한강GS에클라트 건너편 교통섬,10,3214
한강GS에클라트 건너편 교통섬,11,2161
한강GS에클라트 건너편 교통섬,12,1354
한강공원 망원나들목,1,5904
한강공원 망원나들목,2,8778
한강공원 망원나들목,3,23949
한강공원 망원나들목,4,38658
한강공원 망원나들목,5,45283
한강공원 망원나들목,6,38618
한강공원 망원나들목,7,25872
한강공원 망원나들목,8,27682
한강공원 망원나들목,9,43843
한강공원 망원나들목,10,40522
한강공원 망원나들목,11,18324
한강공원 망원나들목,12,6932
한강대교 북단 교차로,1,2414
한강대교 북단 교차로,2,3239
한강대교 북단 교차로,3,7213
한강대교 북단 교차로,4,10064
한강대교 북단 교차로,5,10854
한강대교 북단 교차로,6,9290
한강대교 북단 교차로,7,7649
한강대교 북단 교차로,8,7485
한강대교 북단 교차로,9,10916
한강대교 북단 교차로,10,11156
한강대교 북단 교차로,11,5943
한강대교 북단 교차로,12,2764
한강버스 뚝섬 선착장,8,3690
한강버스 뚝섬 선착장,9,3849
한강버스 뚝섬 선착장,10,3977
한강버스 뚝섬 선착장,11,2879
한강버스 뚝섬 선착장,12,902
한강버스 마곡 선착장,1,617
한강버스 마곡 선착장,2,856
한강버스 마곡 선착장,3,1778
한강버스 마곡 선착장,4,2904
한강버스 마곡 선착장,5,3369
한강버스 마곡 선착장,6,3321
한강버스 마곡 선착장,7,2585
한강버스 마곡 선착장,8,3009
한강버스 마곡 선착장,9,4062
한강버스 마곡 선착장,10,3552
한강버스 마곡 선착장,11,2010
한강버스 마곡 선착장,12,829
한강버스 망원 선착장,8,3782
한강버스 망원 선착장,9,8041
한강버스 망원 선착장,10,7265
한강버스 망원 선착장,11,4149
한강버스 망원 선착장,12,1204
한강버스 압구정 선착장,8,2283
한강버스 압구정 선착장,9,4176
한강버스 압구정 선착장,10,3389
한강버스 압구정 선착장,11,2044
한강버스 압구정 선착장,12,596
한강버스 여의도 선착장,9,2206
한강버스 여의도 선착장,10,3459
한강버스 여의도 선착장,11,3028
한강버스 여의도 선착장,12,879
한강버스 옥수 선착장,9,2148
한강버스 옥수 선착장,10,4642
한강버스 옥수 선착장,11,2832
한강버스 옥수 선착장,12,1159
한강버스 잠실 선착장,8,2648
한강버스 잠실 선착장,9,4338
한강버스 잠실 선착장,10,4040
한강버스 잠실 선착장,11,2447
한강버스 잠실 선착장,12,732
한강아파트,1,2749
한강아파트,2,2943
한강아파트,3,5207
한강아파트,4,5916
한강아파트,5,7310
한강아파트,6,8344
한강아파트,7,7466
한강아파트,8,7707
한강아파트,9,8925
한강아파트,10,8866
한강아파트,11,7149
한강아파트,12,4491
한강중학교 앞 버스정류장,1,363
한강중학교 앞 버스정류장,2,491
한강중학교 앞 버스정류장,3,1089
한강중학교 앞 버스정류장,4,1450
한강중학교 앞 버스정류장,5,1578
한강중학교 앞 버스정류장,6,1531
한강중학교 앞 버스정류장,7,1146
한강중학교 앞 버스정류장,8,1187
한강중학교 앞 버스정류장,9,1394
한강중학교 앞 버스정류장,10,1509
한강중학교 앞 버스정류장,11,1151
한강중학교 앞 버스정류장,12,599
한강진역 2번 출구 앞,1,935
한강진역 2번 출구 앞,2,949
한강진역 2번 출구 앞,3,1257
한강진역 2번 출구 앞,4,1833
한강진역 2번 출구 앞,5,1788
한강진역 2번 출구 앞,6,1491
한강진역 2번 출구 앞,7,1546
한강진역 2번 출구 앞,8,1450
한강진역 2번 출구 앞,9,1844
한강진역 2번 출구 앞,10,1927
한강진역 2번 출구 앞,11,1768
한강진역 2번 출구 앞,12,1005
한강초교보도육교 앞,1,1000
한강초교보도육교 앞,2,1203
한강초교보도육교 앞,3,2477
한강초교보도육교 앞,4,3961
한강초교보도육교 앞,5,4441
한강초교보도육교 앞,6,4330
한강초교보도육교 앞,7,3352
한강초교보도육교 앞,8,3409
한강초교보도육교 앞,9,4121
한강초교보도육교 앞,10,4318
한강초교보도육교 앞,11,2661
한강초교보도육교 앞,12,1385
한강트럼프월드3차 앞,1,1160
한강트럼프월드3차 앞,2,1648
한강트럼프월드3차 앞,3,3313
한강트럼프월드3차 앞,4,4705
한강트럼프월드3차 앞,5,5572
한강트럼프월드3차 앞,6,5105
한강트럼프월드3차 앞,7,3772
한강트럼프월드3차 앞,8,3743
한강트럼프월드3차 앞,9,5247
한강트럼프월드3차 앞,10,5498
한강트럼프월드3차 앞,11,3585
한강트럼프월드3차 앞,12,1818
한국SGI 양천문화회관 앞,1,1269
한국SGI 양천문화회관 앞,2,1647
한국SGI 양천문화회관 앞,3,2661
한국SGI 양천문화회관 앞,4,3514
한국SGI 양천문화회관 앞,5,3765
한국SGI 양천문화회관 앞,6,3862
한국SGI 양천문화회관 앞,7,3366
한국SGI 양천문화회관 앞,8,3223
한국SGI 양천문화회관 앞,9,4159
한국SGI 양천문화회관 앞,10,4502
한국SGI 양천문화회관 앞,11,3421
한국SGI 양천문화회관 앞,12,1826
한국경제,1,319
한국경제,2,291
한국경제,3,475
한국경제,4,675
한국경제,5,663
한국경제,6,732
한국경제,7,659
한국경제,8,965
한국경제,9,1052
한국경제,10,1080
한국경제,11,932
한국경제,12,584
한국과학기술연구원 북문,1,310
한국과학기술연구원 북문,2,323
한국과학기술연구원 북문,3,558
한국과학기술연구원 북문,4,796
한국과학기술연구원 북문,5,886
한국과학기술연구원 북문,6,935
한국과학기술연구원 북문,7,908
한국과학기술연구원 북문,8,849
한국과학기술연구원 북문,9,988
한국과학기술연구원 북문,10,939
한국과학기술연구원 북문,11,841
한국과학기술연구원 북문,12,413
한국과학기술연구원 중문,1,316
한국과학기술연구원 중문,2,368
한국과학기술연구원 중문,3,723
한국과학기술연구원 중문,4,940
한국과학기술연구원 중문,5,956
한국과학기술연구원 중문,6,894
한국과학기술연구원 중문,7,1006
한국과학기술연구원 중문,8,841
한국과학기술연구원 중문,9,928
한국과학기술연구원 중문,10,906
한국과학기술연구원 중문,11,679
한국과학기술연구원 중문,12,360
한국국방연구원 앞,1,1409
한국국방연구원 앞,2,1823
한국국방연구원 앞,3,3285
한국국방연구원 앞,4,4586
한국국방연구원 앞,5,5208
한국국방연구원 앞,6,4996
한국국방연구원 앞,7,4226
한국국방연구원 앞,8,4089
한국국방연구원 앞,9,4637
한국국방연구원 앞,10,4613
한국국방연구원 앞,11,3937
한국국방연구원 앞,12,2153
한국산업은행,8,42
한국산업은행,9,1073
한국산업은행,10,1064
한국산업은행,11,1092
한국산업은행,12,755
한국우편사업진흥원,1,370
한국우편사업진흥원,2,463
한국우편사업진흥원,3,945
한국우편사업진흥원,4,1352
한국우편사업진흥원,5,1184
한국우편사업진흥원,6,1182
한국우편사업진흥원,7,1045
한국우편사업진흥원,8,1075
한국우편사업진흥원,9,1048
한국우편사업진흥원,10,1249
한국우편사업진흥원,11,1041
한국우편사업진흥원,12,442
한국은행,1,473
한국은행,2,482
한국은행,3,1104
한국은행,4,1655
한국은행,5,1570
한국은행,6,1360
한국은행,7,1136
한국은행,8,1176
한국은행,9,1417
한국은행,10,1611
한국은행,11,1364
한국은행,12,825
한국전력 구로금천지사 앞,1,1058
한국전력 구로금천지사 앞,2,1322
한국전력 구로금천지사 앞,3,1842
한국전력 구로금천지사 앞,4,2353
한국전력 구로금천지사 앞,5,2619
한국전력 구로금천지사 앞,6,2749
한국전력 구로금천지사 앞,7,2490
한국전력 구로금천지사 앞,8,2381
한국전력 구로금천지사 앞,9,2821
한국전력 구로금천지사 앞,10,2956
한국전력 구로금천지사 앞,11,2500
한국전력 구로금천지사 앞,12,1461
한국전력공사(동대문 중랑지사),1,1614
한국전력공사(동대문 중랑지사),2,1820
한국전력공사(동대문 중랑지사),3,2902
한국전력공사(동대문 중랑지사),4,3637
한국전력공사(동대문 중랑지사),5,4325
한국전력공사(동대문 중랑지사),6,4500
한국전력공사(동대문 중랑지사),7,3875
한국전력공사(동대문 중랑지사),8,3556
한국전력공사(동대문 중랑지사),9,4022
한국전력공사(동대문 중랑지사),10,4176
한국전력공사(동대문 중랑지사),11,3219
한국전력공사(동대문 중랑지사),12,2037
한국종합기술사옥 앞,1,2887
한국종합기술사옥 앞,2,3339
한국종합기술사옥 앞,3,6112
한국종합기술사옥 앞,4,8415
한국종합기술사옥 앞,5,9794
한국종합기술사옥 앞,6,10035
한국종합기술사옥 앞,7,8618
한국종합기술사옥 앞,8,7563
한국종합기술사옥 앞,9,9218
한국종합기술사옥 앞,10,8933
한국종합기술사옥 앞,11,7287
한국종합기술사옥 앞,12,4182
한국지역난방공사강남지사,1,703
한국지역난방공사강남지사,2,662
한국지역난방공사강남지사,3,1063
한국지역난방공사강남지사,4,1173
한국지역난방공사강남지사,5,1403
한국지역난방공사강남지사,6,1454
한국지역난방공사강남지사,7,1404
한국지역난방공사강남지사,8,1396
한국지역난방공사강남지사,9,1448
한국지역난방공사강남지사,10,1608
한국지역난방공사강남지사,11,1358
한국지역난방공사강남지사,12,986
한국체육대학교,1,496
한국체육대학교,2,564
한국체육대학교,3,1408
한국체육대학교,4,1761
한국체육대학교,5,1914
한국체육대학교,6,1836
한국체육대학교,7,1263
한국체육대학교,8,1471
한국체육대학교,9,1969
한국체육대학교,10,2243
한국체육대학교,11,2027
한국체육대학교,12,946
한국콜마종합기술원 앞,3,4
한국콜마종합기술원 앞,4,5
한국콜마종합기술원 앞,6,1
한남 유수지 복개주차장,1,1059
한남 유수지 복개주차장,2,1376
한남 유수지 복개주차장,3,2821
한남 유수지 복개주차장,4,3933
한남 유수지 복개주차장,5,3995
한남 유수지 복개주차장,6,3891
한남 유수지 복개주차장,7,3159
한남 유수지 복개주차장,8,3232
한남 유수지 복개주차장,9,3923
한남 유수지 복개주차장,10,3685
한남 유수지 복개주차장,11,2588
한남 유수지 복개주차장,12,1367
한남나들목 입구,1,1791
한남나들목 입구,2,2405
한남나들목 입구,3,5333
한남나들목 입구,4,7503
한남나들목 입구,5,8507
한남나들목 입구,6,7563
한남나들목 입구,7,5928
한남나들목 입구,8,4694
한남나들목 입구,9,7494
한남나들목 입구,10,7454
한남나들목 입구,11,4303
한남나들목 입구,12,2113
한남나인원 105동 앞,1,396
한남나인원 105동 앞,2,470
한남나인원 105동 앞,3,905
한남나인원 105동 앞,4,1421
한남나인원 105동 앞,5,1608
한남나인원 105동 앞,6,1537
한남나인원 105동 앞,7,1140
한남나인원 105동 앞,8,1243
한남나인원 105동 앞,9,1489
한남나인원 105동 앞,10,1520
한남나인원 105동 앞,11,1264
한남나인원 105동 앞,12,536
한남초교 앞 보도육교,1,177
한남초교 앞 보도육교,2,228
한남초교 앞 보도육교,3,489
한남초교 앞 보도육교,4,709
한남초교 앞 보도육교,5,571
한남초교 앞 보도육교,6,522
한남초교 앞 보도육교,7,476
한남초교 앞 보도육교,8,265
한남초교 앞 보도육교,9,484
한남초교 앞 보도육교,10,522
한남초교 앞 보도육교,11,336
한남초교 앞 보도육교,12,173
한내 행복발전소 옆,1,3713
한내 행복발전소 옆,2,4162
한내 행복발전소 옆,3,6524
한내 행복발전소 옆,4,8387
한내 행복발전소 옆,5,10385
한내 행복발전소 옆,6,10735
한내 행복발전소 옆,7,8895
한내 행복발전소 옆,8,9338
한내 행복발전소 옆,9,11205
한내 행복발전소 옆,10,11191
한내 행복발전소 옆,11,8473
한내 행복발전소 옆,12,5129
한내근린공원 남측,1,1030
한내근린공원 남측,2,1328
한내근린공원 남측,3,2143
한내근린공원 남측,4,2993
한내근린공원 남측,5,3463
한내근린공원 남측,6,3469
한내근린공원 남측,7,2904
한내근린공원 남측,8,2711
한내근린공원 남측,9,3375
한내근린공원 남측,10,3685
한내근린공원 남측,11,2631
한내근린공원 남측,12,1458
한내근린공원 북측,1,1705
한내근린공원 북측,2,2207
한내근린공원 북측,3,4194
한내근린공원 북측,4,5293
한내근린공원 북측,5,6152
한내근린공원 북측,6,6071
한내근린공원 북측,7,4872
한내근린공원 북측,8,4620
한내근린공원 북측,9,6086
한내근린공원 북측,10,5732
한내근린공원 북측,11,3705
한내근린공원 북측,12,2065
한림대학교 강남성심병원 신관,1,1946
한림대학교 강남성심병원 신관,2,2108
한림대학교 강남성심병원 신관,3,3205
한림대학교 강남성심병원 신관,4,4173
한림대학교 강남성심병원 신관,5,4723
한림대학교 강남성심병원 신관,6,5023
한림대학교 강남성심병원 신관,7,5032
한림대학교 강남성심병원 신관,8,4947
한림대학교 강남성심병원 신관,9,5074
한림대학교 강남성심병원 신관,10,5401
한림대학교 강남성심병원 신관,11,4718
한림대학교 강남성심병원 신관,12,3003
한림연예예술고등학교,1,471
한림연예예술고등학교,2,694
한림연예예술고등학교,3,1197
한림연예예술고등학교,4,1652
한림연예예술고등학교,5,1905
한림연예예술고등학교,6,1627
한림연예예술고등학교,7,1155
한림연예예술고등학교,8,905
한림연예예술고등학교,9,1015
한림연예예술고등학교,10,1076
한림연예예술고등학교,11,1259
한림연예예술고등학교,12,738
한마을아파트 정문상가,1,1823
한마을아파트 정문상가,2,2197
한마을아파트 정문상가,3,3989
한마을아파트 정문상가,4,5803
한마을아파트 정문상가,5,6507
한마을아파트 정문상가,6,7145
한마을아파트 정문상가,7,5926
한마을아파트 정문상가,8,5414
한마을아파트 정문상가,9,7093
한마을아파트 정문상가,10,7295
한마을아파트 정문상가,11,5505
한마을아파트 정문상가,12,3105
한사랑교회 앞,1,2118
한사랑교회 앞,2,2165
한사랑교회 앞,3,3811
한사랑교회 앞,4,4563
한사랑교회 앞,5,5325
한사랑교회 앞,6,5981
한사랑교회 앞,7,5371
한사랑교회 앞,8,5041
한사랑교회 앞,9,6119
한사랑교회 앞,10,6161
한사랑교회 앞,11,4722
한사랑교회 앞,12,2691
한성대7번출구 앞,1,1237
한성대7번출구 앞,2,1224
한성대7번출구 앞,3,1999
한성대7번출구 앞,4,2729
한성대7번출구 앞,5,2835
한성대7번출구 앞,6,3303
한성대7번출구 앞,7,2935
한성대7번출구 앞,8,2800
한성대7번출구 앞,9,2861
한성대7번출구 앞,10,2622
한성대7번출구 앞,11,2134
한성대7번출구 앞,12,1295
한성대입구역2번출구,1,2470
한성대입구역2번출구,2,2876
한성대입구역2번출구,3,5549
한성대입구역2번출구,4,7529
한성대입구역2번출구,5,7685
한성대입구역2번출구,6,6741
한성대입구역2번출구,7,5853
한성대입구역2번출구,8,5752
한성대입구역2번출구,9,6591
한성대입구역2번출구,10,7154
한성대입구역2번출구,11,5298
한성대입구역2번출구,12,2839
한성대입구역6번출구 뒤,1,1471
한성대입구역6번출구 뒤,2,1654
한성대입구역6번출구 뒤,3,2535
한성대입구역6번출구 뒤,4,2986
한성대입구역6번출구 뒤,5,3136
한성대입구역6번출구 뒤,6,3762
한성대입구역6번출구 뒤,7,3472
한성대입구역6번출구 뒤,8,3370
한성대입구역6번출구 뒤,9,3677
한성대입구역6번출구 뒤,10,3261
한성대입구역6번출구 뒤,11,2716
한성대입구역6번출구 뒤,12,1811
한성백제역 1번출구 뒤,1,3268
한성백제역 1번출구 뒤,2,3657
한성백제역 1번출구 뒤,3,6631
한성백제역 1번출구 뒤,4,9124
한성백제역 1번출구 뒤,5,10292
한성백제역 1번출구 뒤,6,11314
한성백제역 1번출구 뒤,7,10661
한성백제역 1번출구 뒤,8,10315
한성백제역 1번출구 뒤,9,10888
한성백제역 1번출구 뒤,10,11703
한성백제역 1번출구 뒤,11,9434
한성백제역 1번출구 뒤,12,5259
한성백제역 2번 출구,1,3537
한성백제역 2번 출구,2,4665
한성백제역 2번 출구,3,8995
한성백제역 2번 출구,4,13187
한성백제역 2번 출구,5,14529
한성백제역 2번 출구,6,13811
한성백제역 2번 출구,7,10377
한성백제역 2번 출구,8,9980
한성백제역 2번 출구,9,14672
한성백제역 2번 출구,10,15054
한성백제역 2번 출구,11,9875
한성백제역 2번 출구,12,4837
한신16차아파트 119동 앞,1,2521
한신16차아파트 119동 앞,2,4354
한신16차아파트 119동 앞,3,8026
한신16차아파트 119동 앞,4,10757
한신16차아파트 119동 앞,5,11842
한신16차아파트 119동 앞,6,10939
한신16차아파트 119동 앞,7,9255
한신16차아파트 119동 앞,8,7770
한신16차아파트 119동 앞,9,11439
한신16차아파트 119동 앞,10,10019
한신16차아파트 119동 앞,11,4947
한신16차아파트 119동 앞,12,2397
한신18차아파트,4,1
한신아파트 앞 육교 아래,1,877
한신아파트 앞 육교 아래,2,1036
한신아파트 앞 육교 아래,3,1896
한신아파트 앞 육교 아래,4,2586
한신아파트 앞 육교 아래,5,2823
한신아파트 앞 육교 아래,6,2746
한신아파트 앞 육교 아래,7,2313
한신아파트 앞 육교 아래,8,2130
한신아파트 앞 육교 아래,9,2678
한신아파트 앞 육교 아래,10,2875
한신아파트 앞 육교 아래,11,2273
한신아파트 앞 육교 아래,12,1467
한신코아 앞,1,682
한신코아 앞,2,743
한신코아 앞,3,1256
한신코아 앞,4,1803
한신코아 앞,5,1990
한신코아 앞,6,1910
한신코아 앞,7,1633
한신코아 앞,8,1373
한신코아 앞,9,1964
한신코아 앞,10,2068
한신코아 앞,11,1477
한신코아 앞,12,879
한신휴아파트 앞,1,2785
한신휴아파트 앞,2,3182
한신휴아파트 앞,3,5099
한신휴아파트 앞,4,7129
한신휴아파트 앞,5,8286
한신휴아파트 앞,6,8838
한신휴아파트 앞,7,8043
한신휴아파트 앞,8,7952
한신휴아파트 앞,9,9084
한신휴아파트 앞,10,8943
한신휴아파트 앞,11,6983
한신휴아파트 앞,12,4187
한양3차아파트 3동 앞,1,336
한양3차아파트 3동 앞,2,360
한양3차아파트 3동 앞,3,635
한양3차아파트 3동 앞,4,863
한양3차아파트 3동 앞,5,1231
한양3차아파트 3동 앞,6,1086
한양3차아파트 3동 앞,7,839
한양3차아파트 3동 앞,8,810
한양3차아파트 3동 앞,9,939
한양3차아파트 3동 앞,10,1003
한양3차아파트 3동 앞,11,836
한양3차아파트 3동 앞,12,375
한양대병원사거리,1,2410
한양대병원사거리,2,2943
한양대병원사거리,3,6175
한양대병원사거리,4,8205
한양대병원사거리,5,8528
한양대병원사거리,6,7640
한양대병원사거리,7,6232
한양대병원사거리,8,5885
한양대병원사거리,9,7575
한양대병원사거리,10,7721
한양대병원사거리,11,5608
한양대병원사거리,12,2778
한양대역 1번출구,1,848
한양대역 1번출구,2,1064
한양대역 1번출구,3,2482
한양대역 1번출구,4,3141
한양대역 1번출구,5,3608
한양대역 1번출구,6,3483
한양대역 1번출구,7,2217
한양대역 1번출구,8,2312
한양대역 1번출구,9,3396
한양대역 1번출구,10,3604
한양대역 1번출구,11,2753
한양대역 1번출구,12,1431
한양대역 3번 출구,1,1827
한양대역 3번 출구,2,2235
한양대역 3번 출구,3,5761
한양대역 3번 출구,4,7150
한양대역 3번 출구,5,7687
한양대역 3번 출구,6,6530
한양대역 3번 출구,7,4805
한양대역 3번 출구,8,4561
한양대역 3번 출구,9,7259
한양대역 3번 출구,10,7272
한양대역 3번 출구,11,5550
한양대역 3번 출구,12,3018
한양대후문역 부근,1,1906
한양대후문역 부근,2,2344
한양대후문역 부근,3,4536
한양대후문역 부근,4,5936
한양대후문역 부근,5,6231
한양대후문역 부근,6,6025
한양대후문역 부근,7,5053
한양대후문역 부근,8,4652
한양대후문역 부근,9,5937
한양대후문역 부근,10,5588
한양대후문역 부근,11,4116
한양대후문역 부근,12,2529
한양수자인아파트 앞,1,591
한양수자인아파트 앞,2,655
한양수자인아파트 앞,3,1095
한양수자인아파트 앞,4,1538
한양수자인아파트 앞,5,1668
한양수자인아파트 앞,6,1546
한양수자인아파트 앞,7,1401
한양수자인아파트 앞,8,1535
한양수자인아파트 앞,9,1815
한양수자인아파트 앞,10,1721
한양수자인아파트 앞,11,1361
한양수자인아파트 앞,12,826
한영외국어고등학교,1,202
한영외국어고등학교,2,307
한영외국어고등학교,3,626
한영외국어고등학교,4,939
한영외국어고등학교,5,1073
한영외국어고등학교,6,1157
한영외국어고등학교,7,883
한영외국어고등학교,8,763
한영외국어고등학교,9,1095
한영외국어고등학교,10,1189
한영외국어고등학교,11,827
한영외국어고등학교,12,503
한영중고앞사거리,1,569
한영중고앞사거리,2,653
한영중고앞사거리,3,1292
한영중고앞사거리,4,1844
한영중고앞사거리,5,2173
한영중고앞사거리,6,2635
한영중고앞사거리,7,1925
한영중고앞사거리,8,1842
한영중고앞사거리,9,2153
한영중고앞사거리,10,2140
한영중고앞사거리,11,1738
한영중고앞사거리,12,803
한울중학교,1,384
한울중학교,2,410
한울중학교,3,607
한울중학교,4,888
한울중학교,5,789
한울중학교,6,934
한울중학교,7,771
한울중학교,8,820
한울중학교,9,1013
한울중학교,10,960
한울중학교,11,823
한울중학교,12,548
한일유앤아이아파트 105동 인근,1,1507
한일유앤아이아파트 105동 인근,2,1634
한일유앤아이아파트 105동 인근,3,2596
한일유앤아이아파트 105동 인근,4,3853
한일유앤아이아파트 105동 인근,5,4278
한일유앤아이아파트 105동 인근,6,4744
한일유앤아이아파트 105동 인근,7,4038
한일유앤아이아파트 105동 인근,8,4193
한일유앤아이아파트 105동 인근,9,4478
한일유앤아이아파트 105동 인근,10,4050
한일유앤아이아파트 105동 인근,11,3372
한일유앤아이아파트 105동 인근,12,2262
한전아트센터 앞,1,1233
한전아트센터 앞,2,1365
한전아트센터 앞,3,2204
한전아트센터 앞,4,2837
한전아트센터 앞,5,2974
한전아트센터 앞,6,3083
한전아트센터 앞,7,2799
한전아트센터 앞,8,2837
한전아트센터 앞,9,3038
한전아트센터 앞,10,2959
한전아트센터 앞,11,2540
한전아트센터 앞,12,1465
한진아파트 입구,1,1566
한진아파트 입구,2,1778
한진아파트 입구,3,3043
한진아파트 입구,4,4162
한진아파트 입구,5,4650
한진아파트 입구,6,4799
한진아파트 입구,7,3989
한진아파트 입구,8,3665
한진아파트 입구,9,5020
한진아파트 입구,10,5030
한진아파트 입구,11,3715
한진아파트 입구,12,2260
한천교 동편,1,1108
한천교 동편,2,1338
한천교 동편,3,2603
한천교 동편,4,3812
한천교 동편,5,4032
한천교 동편,6,3598
한천교 동편,7,3569
한천교 동편,8,3610
한천교 동편,9,4820
한천교 동편,10,4473
한천교 동편,11,2784
한천교 동편,12,1641
한티역 3번출구,1,734
한티역 3번출구,2,762
한티역 3번출구,3,1240
한티역 3번출구,4,1737
한티역 3번출구,5,1935
한티역 3번출구,6,1852
한티역 3번출구,7,1613
한티역 3번출구,8,1457
한티역 3번출구,9,1832
한티역 3번출구,10,1724
한티역 3번출구,11,1299
한티역 3번출구,12,812
한티역 6번 출구,1,819
한티역 6번 출구,2,912
한티역 6번 출구,3,1348
한티역 6번 출구,4,1835
한티역 6번 출구,5,1936
한티역 6번 출구,6,2044
한티역 6번 출구,7,1744
한티역 6번 출구,8,1690
한티역 6번 출구,9,1943
한티역 6번 출구,10,1890
한티역 6번 출구,11,1852
한티역 6번 출구,12,1190
한티역 롯데백화점 앞,1,1512
한티역 롯데백화점 앞,2,1694
한티역 롯데백화점 앞,3,2628
한티역 롯데백화점 앞,4,3462
한티역 롯데백화점 앞,5,3745
한티역 롯데백화점 앞,6,3899
한티역 롯데백화점 앞,7,3240
한티역 롯데백화점 앞,8,3059
한티역 롯데백화점 앞,9,3731
한티역 롯데백화점 앞,10,4108
한티역 롯데백화점 앞,11,3348
한티역 롯데백화점 앞,12,1913
한화오벨리스크 앞,1,1247
한화오벨리스크 앞,2,1296
한화오벨리스크 앞,3,2347
한화오벨리스크 앞,4,3186
한화오벨리스크 앞,5,3236
한화오벨리스크 앞,6,3481
한화오벨리스크 앞,7,3264
한화오벨리스크 앞,8,3478
한화오벨리스크 앞,9,3567
한화오벨리스크 앞,10,3433
한화오벨리스크 앞,11,2958
한화오벨리스크 앞,12,1608
함지박 사거리,1,457
함지박 사거리,2,587
함지박 사거리,3,1103
함지박 사거리,4,1439
함지박 사거리,5,1891
함지박 사거리,6,1997
함지박 사거리,7,1798
함지박 사거리,8,1759
함지박 사거리,9,2288
함지박 사거리,10,2440
함지박 사거리,11,1434
함지박 사거리,12,600
합정동주민센터 앞,1,3215
합정동주민센터 앞,2,3865
합정동주민센터 앞,3,6998
합정동주민센터 앞,4,9180
합정동주민센터 앞,5,9900
합정동주민센터 앞,6,9552
합정동주민센터 앞,7,8130
합정동주민센터 앞,8,8078
합정동주민센터 앞,9,10407
합정동주민센터 앞,10,11028
합정동주민센터 앞,11,8019
합정동주민센터 앞,12,4588
합정역 1번출구 앞,1,2996
합정역 1번출구 앞,2,3136
합정역 1번출구 앞,3,5638
합정역 1번출구 앞,4,7236
합정역 1번출구 앞,5,7123
합정역 1번출구 앞,6,6793
합정역 1번출구 앞,7,5956
합정역 1번출구 앞,8,5510
합정역 1번출구 앞,9,6941
합정역 1번출구 앞,10,7486
합정역 1번출구 앞,11,5631
합정역 1번출구 앞,12,3560
합정역 5번출구 앞,1,1752
합정역 5번출구 앞,2,1943
합정역 5번출구 앞,3,3477
합정역 5번출구 앞,4,4567
합정역 5번출구 앞,5,4504
합정역 5번출구 앞,6,4420
합정역 5번출구 앞,7,3614
합정역 5번출구 앞,8,3425
합정역 5번출구 앞,9,4285
합정역 5번출구 앞,10,4414
합정역 5번출구 앞,11,3415
합정역 5번출구 앞,12,2264
합정역 7번출구 앞,1,3139
합정역 7번출구 앞,2,4465
합정역 7번출구 앞,3,10538
합정역 7번출구 앞,4,15624
합정역 7번출구 앞,5,15515
합정역 7번출구 앞,6,13474
합정역 7번출구 앞,7,9870
합정역 7번출구 앞,8,9047
합정역 7번출구 앞,9,15019
합정역 7번출구 앞,10,13983
합정역 7번출구 앞,11,7880
합정역 7번출구 앞,12,3677
항동지구 10단지 1001동 앞,1,233
항동지구 10단지 1001동 앞,2,270
항동지구 10단지 1001동 앞,3,529
항동지구 10단지 1001동 앞,4,960
항동지구 10단지 1001동 앞,5,1159
항동지구 10단지 1001동 앞,6,1243
항동지구 10단지 1001동 앞,7,1275
항동지구 10단지 1001동 앞,8,1081
항동지구 10단지 1001동 앞,9,1393
항동지구 10단지 1001동 앞,10,1321
항동지구 10단지 1001동 앞,11,868
항동지구 10단지 1001동 앞,12,442
항동지구 11단지 1103동 앞,1,167
항동지구 11단지 1103동 앞,2,219
항동지구 11단지 1103동 앞,3,448
항동지구 11단지 1103동 앞,4,613
항동지구 11단지 1103동 앞,5,718
항동지구 11단지 1103동 앞,6,725
항동지구 11단지 1103동 앞,7,712
항동지구 11단지 1103동 앞,8,722
항동지구 11단지 1103동 앞,9,1024
항동지구 11단지 1103동 앞,10,860
항동지구 11단지 1103동 앞,11,485
항동지구 11단지 1103동 앞,12,236
항동지구 1단지 105동 앞,1,307
항동지구 1단지 105동 앞,2,423
항동지구 1단지 105동 앞,3,772
항동지구 1단지 105동 앞,4,924
항동지구 1단지 105동 앞,5,1014
항동지구 1단지 105동 앞,6,1101
항동지구 1단지 105동 앞,7,1068
항동지구 1단지 105동 앞,8,1025
항동지구 1단지 105동 앞,9,1466
항동지구 1단지 105동 앞,10,1415
항동지구 1단지 105동 앞,11,841
항동지구 1단지 105동 앞,12,478
항동지구 2단지 202동 앞,1,269
항동지구 2단지 202동 앞,2,415
항동지구 2단지 202동 앞,3,656
항동지구 2단지 202동 앞,4,834
항동지구 2단지 202동 앞,5,1022
항동지구 2단지 202동 앞,6,1132
항동지구 2단지 202동 앞,7,1036
항동지구 2단지 202동 앞,8,958
항동지구 2단지 202동 앞,9,1229
항동지구 2단지 202동 앞,10,1221
항동지구 2단지 202동 앞,11,611
항동지구 2단지 202동 앞,12,435
항동지구 3단지 302동 앞,1,123
항동지구 3단지 302동 앞,2,152
항동지구 3단지 302동 앞,3,269
항동지구 3단지 302동 앞,4,383
항동지구 3단지 302동 앞,5,410
항동지구 3단지 302동 앞,6,452
항동지구 3단지 302동 앞,7,549
항동지구 3단지 302동 앞,8,427
항동지구 3단지 302동 앞,9,598
항동지구 3단지 302동 앞,10,631
항동지구 3단지 302동 앞,11,426
항동지구 3단지 302동 앞,12,163
항동지구 3단지 311동 앞,1,170
항동지구 3단지 311동 앞,2,216
항동지구 3단지 311동 앞,3,405
항동지구 3단지 311동 앞,4,498
항동지구 3단지 311동 앞,5,568
항동지구 3단지 311동 앞,6,595
항동지구 3단지 311동 앞,7,633
항동지구 3단지 311동 앞,8,542
항동지구 3단지 311동 앞,9,719
항동지구 3단지 311동 앞,10,790
항동지구 3단지 311동 앞,11,497
항동지구 3단지 311동 앞,12,222
항동지구 4단지 입구,1,253
항동지구 4단지 입구,2,275
항동지구 4단지 입구,3,425
항동지구 4단지 입구,4,630
항동지구 4단지 입구,5,643
항동지구 4단지 입구,6,819
항동지구 4단지 입구,7,706
항동지구 4단지 입구,8,587
항동지구 4단지 입구,9,698
항동지구 4단지 입구,10,737
항동지구 4단지 입구,11,603
항동지구 4단지 입구,12,351
항동지구 6단지 602동 앞,1,282
항동지구 6단지 602동 앞,2,429
항동지구 6단지 602동 앞,3,775
항동지구 6단지 602동 앞,4,1115
항동지구 6단지 602동 앞,5,1282
항동지구 6단지 602동 앞,6,1244
항동지구 6단지 602동 앞,7,1117
항동지구 6단지 602동 앞,8,1065
항동지구 6단지 602동 앞,9,1761
항동지구 6단지 602동 앞,10,1756
항동지구 6단지 602동 앞,11,719
항동지구 6단지 602동 앞,12,390
항동지구 7단지 정문,1,556
항동지구 7단지 정문,2,779
항동지구 7단지 정문,3,1272
항동지구 7단지 정문,4,1662
항동지구 7단지 정문,5,1901
항동지구 7단지 정문,6,2016
항동지구 7단지 정문,7,1801
항동지구 7단지 정문,8,1584
항동지구 7단지 정문,9,2109
항동지구 7단지 정문,10,2037
항동지구 7단지 정문,11,1435
항동지구 7단지 정문,12,801
항동지구 8단지 803동옆(주차장입구),1,152
항동지구 8단지 803동옆(주차장입구),2,211
항동지구 8단지 803동옆(주차장입구),3,296
항동지구 8단지 803동옆(주차장입구),4,383
항동지구 8단지 803동옆(주차장입구),5,403
항동지구 8단지 803동옆(주차장입구),6,517
항동지구 8단지 803동옆(주차장입구),7,482
항동지구 8단지 803동옆(주차장입구),8,458
항동지구 8단지 803동옆(주차장입구),9,558
항동지구 8단지 803동옆(주차장입구),10,532
항동지구 8단지 803동옆(주차장입구),11,427
항동지구 8단지 803동옆(주차장입구),12,201
항동지구5단지 501동 앞,1,324
항동지구5단지 501동 앞,2,390
항동지구5단지 501동 앞,3,746
항동지구5단지 501동 앞,4,1047
항동지구5단지 501동 앞,5,1190
항동지구5단지 501동 앞,6,1348
항동지구5단지 501동 앞,7,1017
항동지구5단지 501동 앞,8,930
항동지구5단지 501동 앞,9,1150
항동지구5단지 501동 앞,10,1053
항동지구5단지 501동 앞,11,828
항동지구5단지 501동 앞,12,462
항동프라자,1,559
항동프라자,2,631
항동프라자,3,1171
항동프라자,4,1590
항동프라자,5,1733
항동프라자,6,2192
항동프라자,7,1791
항동프라자,8,1650
항동프라자,9,2067
항동프라자,10,2166
항동프라자,11,1444
항동프라자,12,811
항동하버리안2단지아파트 후문,1,186
항동하버리안2단지아파트 후문,2,210
항동하버리안2단지아파트 후문,3,424
항동하버리안2단지아파트 후문,4,664
항동하버리안2단지아파트 후문,5,803
항동하버리안2단지아파트 후문,6,777
항동하버리안2단지아파트 후문,7,635
항동하버리안2단지아파트 후문,8,557
항동하버리안2단지아파트 후문,9,825
항동하버리안2단지아파트 후문,10,721
항동하버리안2단지아파트 후문,11,479
항동하버리안2단지아파트 후문,12,260
해공공원(천호동),1,2952
해공공원(천호동),2,3385
해공공원(천호동),3,5993
해공공원(천호동),4,8264
해공공원(천호동),5,9693
해공공원(천호동),6,10235
해공공원(천호동),7,9019
해공공원(천호동),8,8667
해공공원(천호동),9,10264
해공공원(천호동),10,10248
해공공원(천호동),11,7021
해공공원(천호동),12,3937
해공도서관앞,1,1592
해공도서관앞,2,1736
해공도서관앞,3,2739
해공도서관앞,4,3698
해공도서관앞,5,4296
해공도서관앞,6,4839
해공도서관앞,7,4252
해공도서관앞,8,4177
해공도서관앞,9,4700
해공도서관앞,10,4885
해공도서관앞,11,3893
해공도서관앞,12,2118
해담는다리,1,3175
해담는다리,2,3870
해담는다리,3,6838
해담는다리,4,9075
해담는다리,5,9523
해담는다리,6,9123
해담는다리,7,8229
해담는다리,8,7565
해담는다리,9,9627
해담는다리,10,9241
해담는다리,11,6494
해담는다리,12,3824
해뜨는 주유소옆 리엔파크 109동앞,1,972
해뜨는 주유소옆 리엔파크 109동앞,2,1115
해뜨는 주유소옆 리엔파크 109동앞,3,1976
해뜨는 주유소옆 리엔파크 109동앞,4,3038
해뜨는 주유소옆 리엔파크 109동앞,5,3332
해뜨는 주유소옆 리엔파크 109동앞,6,3308
해뜨는 주유소옆 리엔파크 109동앞,7,2985
해뜨는 주유소옆 리엔파크 109동앞,8,2659
해뜨는 주유소옆 리엔파크 109동앞,9,3148
해뜨는 주유소옆 리엔파크 109동앞,10,3082
해뜨는 주유소옆 리엔파크 109동앞,11,2279
해뜨는 주유소옆 리엔파크 109동앞,12,1361
해원리바파크 육교 밑,1,3998
해원리바파크 육교 밑,2,4004
해원리바파크 육교 밑,3,5884
해원리바파크 육교 밑,4,7397
해원리바파크 육교 밑,5,8042
해원리바파크 육교 밑,6,9171
해원리바파크 육교 밑,7,8838
해원리바파크 육교 밑,8,9172
해원리바파크 육교 밑,9,9927
해원리바파크 육교 밑,10,10061
해원리바파크 육교 밑,11,8695
해원리바파크 육교 밑,12,5756
행당동 삼부APT후문,1,294
행당동 삼부APT후문,2,374
행당동 삼부APT후문,3,827
행당동 삼부APT후문,4,1189
행당동 삼부APT후문,5,1110
행당동 삼부APT후문,6,975
행당동 삼부APT후문,7,1003
행당동 삼부APT후문,8,977
행당동 삼부APT후문,9,1240
행당동 삼부APT후문,10,1104
행당동 삼부APT후문,11,869
행당동 삼부APT후문,12,533
행당역 2번출구 앞,1,1259
행당역 2번출구 앞,2,1542
행당역 2번출구 앞,3,2688
행당역 2번출구 앞,4,3211
행당역 2번출구 앞,5,3616
행당역 2번출구 앞,6,3247
행당역 2번출구 앞,7,2662
행당역 2번출구 앞,8,2323
행당역 2번출구 앞,9,3385
행당역 2번출구 앞,10,3744
행당역 2번출구 앞,11,2793
행당역 2번출구 앞,12,1644
행당중학교 후문,1,512
행당중학교 후문,2,921
행당중학교 후문,3,2176
행당중학교 후문,4,3367
행당중학교 후문,5,3523
행당중학교 후문,6,3008
행당중학교 후문,7,2128
행당중학교 후문,8,2135
행당중학교 후문,9,2833
행당중학교 후문,10,2808
행당중학교 후문,11,1669
행당중학교 후문,12,669
허준박물관삼거리,1,1608
허준박물관삼거리,2,1753
허준박물관삼거리,3,3349
허준박물관삼거리,4,4505
허준박물관삼거리,5,5338
허준박물관삼거리,6,5267
허준박물관삼거리,7,4269
허준박물관삼거리,8,4473
허준박물관삼거리,9,5145
허준박물관삼거리,10,5605
허준박물관삼거리,11,4528
허준박물관삼거리,12,2938
헌인릉 입구,1,20
헌인릉 입구,2,12
헌인릉 입구,3,23
헌인릉 입구,4,47
헌인릉 입구,5,50
헌인릉 입구,6,54
헌인릉 입구,7,34
헌인릉 입구,8,32
헌인릉 입구,9,83
헌인릉 입구,10,112
헌인릉 입구,11,69
헌인릉 입구,12,62
헬리오시티 112동 앞,1,1351
헬리오시티 112동 앞,2,1835
헬리오시티 112동 앞,3,3336
헬리오시티 112동 앞,4,4902
헬리오시티 112동 앞,5,5420
헬리오시티 112동 앞,6,5863
헬리오시티 112동 앞,7,4636
헬리오시티 112동 앞,8,4153
헬리오시티 112동 앞,9,5671
헬리오시티 112동 앞,10,5509
헬리오시티 112동 앞,11,4287
헬리오시티 112동 앞,12,2173
헬스케어,1,2052
헬스케어,2,2550
헬스케어,3,4784
헬스케어,4,6138
헬스케어,5,6532
헬스케어,6,6232
헬스케어,7,5445
헬스케어,8,4952
헬스케어,9,6692
헬스케어,10,6542
헬스케어,11,4822
헬스케어,12,2811
현대 뜨레비앙 아파트 앞,1,1853
현대 뜨레비앙 아파트 앞,2,2135
현대 뜨레비앙 아파트 앞,3,3400
현대 뜨레비앙 아파트 앞,4,4151
현대 뜨레비앙 아파트 앞,5,4573
현대 뜨레비앙 아파트 앞,6,4679
현대 뜨레비앙 아파트 앞,7,4630
현대 뜨레비앙 아파트 앞,8,4492
현대 뜨레비앙 아파트 앞,9,4917
현대 뜨레비앙 아파트 앞,10,4844
현대 뜨레비앙 아파트 앞,11,4225
현대 뜨레비앙 아파트 앞,12,2668
현대 안성타워,1,585
현대 안성타워,2,657
현대 안성타워,3,1000
현대 안성타워,4,1284
현대 안성타워,5,1406
현대 안성타워,6,1467
현대 안성타워,7,1317
현대 안성타워,8,1323
현대 안성타워,9,1508
현대 안성타워,10,1472
현대 안성타워,11,1323
현대 안성타워,12,990
현대6차 아파트,1,2406
현대6차 아파트,2,2693
현대6차 아파트,3,4289
현대6차 아파트,4,5518
현대6차 아파트,5,6107
현대6차 아파트,6,6279
현대6차 아파트,7,5867
현대6차 아파트,8,5738
현대6차 아파트,9,5966
현대6차 아파트,10,5924
현대6차 아파트,11,5444
현대6차 아파트,12,3239
현대6차아파트 101동 옆,1,1184
현대6차아파트 101동 옆,2,1386
현대6차아파트 101동 옆,3,2884
현대6차아파트 101동 옆,4,3874
현대6차아파트 101동 옆,5,4732
현대6차아파트 101동 옆,6,5055
현대6차아파트 101동 옆,7,3978
현대6차아파트 101동 옆,8,3549
현대6차아파트 101동 옆,9,4675
현대6차아파트 101동 옆,10,4735
현대6차아파트 101동 옆,11,3842
현대6차아파트 101동 옆,12,2306
현대고등학교 건너편,1,1617
현대고등학교 건너편,2,2775
현대고등학교 건너편,3,6053
현대고등학교 건너편,4,9850
현대고등학교 건너편,5,10325
현대고등학교 건너편,6,9087
현대고등학교 건너편,7,6697
현대고등학교 건너편,8,6118
현대고등학교 건너편,9,10352
현대고등학교 건너편,10,9152
현대고등학교 건너편,11,4237
현대고등학교 건너편,12,1704
현대그룹(본사),1,1260
현대그룹(본사),2,1404
현대그룹(본사),3,2272
현대그룹(본사),4,2768
현대그룹(본사),5,2931
현대그룹(본사),6,3281
현대그룹(본사),7,2665
현대그룹(본사),8,2376
현대그룹(본사),9,2627
현대그룹(본사),10,2764
현대그룹(본사),11,2496
현대그룹(본사),12,1531
현대백화점 미아점,1,568
현대백화점 미아점,2,801
현대백화점 미아점,3,1400
현대백화점 미아점,4,1641
현대백화점 미아점,5,1982
현대백화점 미아점,6,2089
현대백화점 미아점,7,1485
현대백화점 미아점,8,1555
현대백화점 미아점,9,1967
현대백화점 미아점,10,2038
현대백화점 미아점,11,1585
현대백화점 미아점,12,969
현대벤처빌 앞,1,805
현대벤처빌 앞,2,832
현대벤처빌 앞,3,1207
현대벤처빌 앞,4,1292
현대벤처빌 앞,5,1300
현대벤처빌 앞,6,1265
현대벤처빌 앞,7,1301
현대벤처빌 앞,8,1198
현대벤처빌 앞,9,1324
현대벤처빌 앞,10,1458
현대벤처빌 앞,11,1428
현대벤처빌 앞,12,994
현대성우아파트 옆,1,413
현대성우아파트 옆,2,465
현대성우아파트 옆,3,876
현대성우아파트 옆,4,1209
현대성우아파트 옆,5,1170
현대성우아파트 옆,6,1134
현대성우아파트 옆,7,1016
현대성우아파트 옆,8,981
현대성우아파트 옆,9,991
현대성우아파트 옆,10,1213
현대성우아파트 옆,11,987
현대성우아파트 옆,12,638
현대시장사거리,1,1982
현대시장사거리,2,2301
현대시장사거리,3,3421
현대시장사거리,4,4440
현대시장사거리,5,5197
현대시장사거리,6,5176
현대시장사거리,7,4761
현대시장사거리,8,4535
현대시장사거리,9,5151
현대시장사거리,10,5334
현대시장사거리,11,4666
현대시장사거리,12,2676
현대시티아울렛 가산,1,1709
현대시티아울렛 가산,2,1843
현대시티아울렛 가산,3,2644
현대시티아울렛 가산,4,3458
현대시티아울렛 가산,5,4369
현대시티아울렛 가산,6,4689
현대시티아울렛 가산,7,4430
현대시티아울렛 가산,8,4651
현대시티아울렛 가산,9,4870
현대시티아울렛 가산,10,5315
현대시티아울렛 가산,11,4450
현대시티아울렛 가산,12,2695
현대썬앤빌 앞,1,671
현대썬앤빌 앞,2,677
현대썬앤빌 앞,3,1239
현대썬앤빌 앞,4,1372
현대썬앤빌 앞,5,1664
현대썬앤빌 앞,6,2103
현대썬앤빌 앞,7,1764
현대썬앤빌 앞,8,1723
현대썬앤빌 앞,9,1950
현대썬앤빌 앞,10,1495
현대썬앤빌 앞,11,2039
현대썬앤빌 앞,12,1859
현대아파트 앞,1,750
현대아파트 앞,2,807
현대아파트 앞,3,1691
현대아파트 앞,4,2451
현대아파트 앞,5,2771
현대아파트 앞,6,2807
현대아파트 앞,7,2147
현대아파트 앞,8,2181
현대아파트 앞,9,2652
현대아파트 앞,10,2883
현대아파트 앞,11,2170
현대아파트 앞,12,1450
현대아파트 정문 앞,1,1185
현대아파트 정문 앞,2,1109
현대아파트 정문 앞,3,1826
현대아파트 정문 앞,4,2406
현대아파트 정문 앞,5,2481
현대아파트 정문 앞,6,2707
현대아파트 정문 앞,7,2307
현대아파트 정문 앞,8,2353
현대아파트 정문 앞,9,2480
현대아파트 정문 앞,10,2487
현대아파트 정문 앞,11,1965
현대아파트 정문 앞,12,1317
현대자동차 동부서비스센터 주변,1,1327
현대자동차 동부서비스센터 주변,2,1509
현대자동차 동부서비스센터 주변,3,2622
현대자동차 동부서비스센터 주변,4,2963
현대자동차 동부서비스센터 주변,5,3404
현대자동차 동부서비스센터 주변,6,3319
현대자동차 동부서비스센터 주변,7,2883
현대자동차 동부서비스센터 주변,8,2761
현대자동차 동부서비스센터 주변,9,3742
현대자동차 동부서비스센터 주변,10,3983
현대자동차 동부서비스센터 주변,11,3438
현대자동차 동부서비스센터 주변,12,2073
현대자동차서비스 앞,1,1025
현대자동차서비스 앞,2,1414
현대자동차서비스 앞,3,2871
현대자동차서비스 앞,4,4336
현대자동차서비스 앞,5,5375
현대자동차서비스 앞,6,4893
현대자동차서비스 앞,7,3910
현대자동차서비스 앞,8,3588
현대자동차서비스 앞,9,5049
현대자동차서비스 앞,10,4563
현대자동차서비스 앞,11,2612
현대자동차서비스 앞,12,1251
현대하이페리온,1,4813
현대하이페리온,2,4793
현대하이페리온,3,7911
현대하이페리온,4,10253
현대하이페리온,5,11382
현대하이페리온,6,12407
현대하이페리온,7,11869
현대하이페리온,8,12081
현대하이페리온,9,13592
현대하이페리온,10,14378
현대하이페리온,11,11073
현대하이페리온,12,6354
현대홈타운 뒷길,1,531
현대홈타운 뒷길,2,635
현대홈타운 뒷길,3,1154
현대홈타운 뒷길,4,1409
현대홈타운 뒷길,5,1558
현대홈타운 뒷길,6,1651
현대홈타운 뒷길,7,1428
현대홈타운 뒷길,8,1305
현대홈타운 뒷길,9,1557
현대홈타운 뒷길,10,1292
현대홈타운 뒷길,11,1133
현대홈타운 뒷길,12,723
혜명양로원 담장 옆,1,197
혜명양로원 담장 옆,2,211
혜명양로원 담장 옆,3,322
혜명양로원 담장 옆,4,558
혜명양로원 담장 옆,5,567
혜명양로원 담장 옆,6,694
혜명양로원 담장 옆,7,559
혜명양로원 담장 옆,8,513
혜명양로원 담장 옆,9,390
혜명양로원 담장 옆,10,408
혜명양로원 담장 옆,11,344
혜명양로원 담장 옆,12,231
혜명양로원 담장 옆(2),1,405
혜명양로원 담장 옆(2),2,463
혜명양로원 담장 옆(2),3,744
혜명양로원 담장 옆(2),4,990
혜명양로원 담장 옆(2),5,1173
혜명양로원 담장 옆(2),6,1149
혜명양로원 담장 옆(2),7,934
혜명양로원 담장 옆(2),8,933
혜명양로원 담장 옆(2),9,1336
혜명양로원 담장 옆(2),10,1411
혜명양로원 담장 옆(2),11,1081
혜명양로원 담장 옆(2),12,646
혜원사거리 열정분식소 앞,1,52
혜원사거리 열정분식소 앞,2,23
혜원사거리 열정분식소 앞,3,1
혜화동 로터리,1,2651
혜화동 로터리,2,2917
혜화동 로터리,3,5078
혜화동 로터리,4,6327
혜화동 로터리,5,6641
혜화동 로터리,6,6998
혜화동 로터리,7,6191
혜화동 로터리,8,6112
혜화동 로터리,9,6685
혜화동 로터리,10,6553
혜화동 로터리,11,5467
혜화동 로터리,12,3223
혜화역 1번출구,1,3173
혜화역 1번출구,2,3432
혜화역 1번출구,3,6543
혜화역 1번출구,4,8054
혜화역 1번출구,5,8984
혜화역 1번출구,6,8488
혜화역 1번출구,7,7931
혜화역 1번출구,8,8180
혜화역 1번출구,9,9151
혜화역 1번출구,10,9511
혜화역 1번출구,11,8224
혜화역 1번출구,12,4826
혜화역 3번출구 뒤,1,2433
혜화역 3번출구 뒤,2,2825
혜화역 3번출구 뒤,3,4248
혜화역 3번출구 뒤,4,5081
혜화역 3번출구 뒤,5,5332
혜화역 3번출구 뒤,6,5351
혜화역 3번출구 뒤,7,5077
혜화역 3번출구 뒤,8,4977
혜화역 3번출구 뒤,9,5305
혜화역 3번출구 뒤,10,5617
혜화역 3번출구 뒤,11,5070
혜화역 3번출구 뒤,12,3126
호돌이공원,1,113
호돌이공원,2,199
호돌이공원,3,330
호돌이공원,4,386
호돌이공원,5,553
호돌이공원,6,749
호돌이공원,7,614
호돌이공원,8,465
호돌이공원,12,36
호돌이상가,1,861
호돌이상가,2,1004
호돌이상가,3,1700
호돌이상가,4,2213
호돌이상가,5,2633
호돌이상가,6,2548
호돌이상가,7,2146
호돌이상가,8,2341
호돌이상가,9,2668
호돌이상가,10,2678
호돌이상가,11,2033
호돌이상가,12,1364
호반써밋,1,787
호반써밋,2,881
호반써밋,3,1628
호반써밋,4,2037
호반써밋,5,2280
호반써밋,6,3160
호반써밋,7,2338
호반써밋,8,2326
호반써밋,9,2534
호반써밋,10,2711
호반써밋,11,2280
호반써밋,12,1304
호반써밋12단지,1,524
호반써밋12단지,2,494
호반써밋12단지,3,738
호반써밋12단지,4,989
호반써밋12단지,5,1058
호반써밋12단지,6,911
호반써밋12단지,7,864
호반써밋12단지,8,1183
호반써밋12단지,9,1256
호반써밋12단지,10,1354
호반써밋12단지,11,1032
호반써밋12단지,12,711
호암아트홀,1,451
호암아트홀,2,450
호암아트홀,3,703
호암아트홀,4,942
호암아트홀,5,1000
호암아트홀,6,1001
호암아트홀,7,960
호암아트홀,8,975
호암아트홀,9,1029
호암아트홀,10,1090
호암아트홀,11,1029
호암아트홀,12,699
홈플러스 금천점 앞,1,1414
홈플러스 금천점 앞,2,1524
홈플러스 금천점 앞,3,2678
홈플러스 금천점 앞,4,3024
홈플러스 금천점 앞,5,3545
홈플러스 금천점 앞,6,3817
홈플러스 금천점 앞,7,3589
홈플러스 금천점 앞,8,3466
홈플러스 금천점 앞,9,3563
홈플러스 금천점 앞,10,3765
홈플러스 금천점 앞,11,2755
홈플러스 금천점 앞,12,1926
홈플러스 마포점 앞,1,4486
홈플러스 마포점 앞,2,5245
홈플러스 마포점 앞,3,10070
홈플러스 마포점 앞,4,11796
홈플러스 마포점 앞,5,12831
홈플러스 마포점 앞,6,12487
홈플러스 마포점 앞,7,10309
홈플러스 마포점 앞,8,10632
홈플러스 마포점 앞,9,12812
홈플러스 마포점 앞,10,13292
홈플러스 마포점 앞,11,9054
홈플러스 마포점 앞,12,5694
홈플러스 면목동점,1,299
홈플러스 면목동점,2,405
홈플러스 면목동점,3,663
홈플러스 면목동점,4,434
홈플러스 면목동점,5,416
홈플러스 면목동점,6,541
홈플러스 면목동점,7,406
홈플러스 면목동점,8,314
홈플러스 면목동점,9,425
홈플러스 면목동점,10,452
홈플러스 면목동점,11,265
홈플러스 면목동점,12,207
홈플러스 면목점,1,885
홈플러스 면목점,2,994
홈플러스 면목점,3,1831
홈플러스 면목점,4,2558
홈플러스 면목점,5,3164
홈플러스 면목점,6,3022
홈플러스 면목점,7,2317
홈플러스 면목점,8,2426
홈플러스 면목점,9,3315
홈플러스 면목점,10,3393
홈플러스 면목점,11,2556
홈플러스 면목점,12,1354
홈플러스 상봉점 앞,1,1846
홈플러스 상봉점 앞,2,2050
홈플러스 상봉점 앞,3,3694
홈플러스 상봉점 앞,4,4782
홈플러스 상봉점 앞,5,5617
홈플러스 상봉점 앞,6,5867
홈플러스 상봉점 앞,7,5475
홈플러스 상봉점 앞,8,5442
홈플러스 상봉점 앞,9,6433
홈플러스 상봉점 앞,10,6495
홈플러스 상봉점 앞,11,5187
홈플러스 상봉점 앞,12,2945
홈플러스 시흥점 맞은편 다비치안경 앞,1,1265
홈플러스 시흥점 맞은편 다비치안경 앞,2,1344
홈플러스 시흥점 맞은편 다비치안경 앞,3,2003
홈플러스 시흥점 맞은편 다비치안경 앞,4,2804
홈플러스 시흥점 맞은편 다비치안경 앞,5,3162
홈플러스 시흥점 맞은편 다비치안경 앞,6,3502
홈플러스 시흥점 맞은편 다비치안경 앞,7,2966
홈플러스 시흥점 맞은편 다비치안경 앞,8,2892
홈플러스 시흥점 맞은편 다비치안경 앞,9,3238
홈플러스 시흥점 맞은편 다비치안경 앞,10,3331
홈플러스 시흥점 맞은편 다비치안경 앞,11,2511
홈플러스 시흥점 맞은편 다비치안경 앞,12,1642
홈플러스 신내점 앞,1,2836
홈플러스 신내점 앞,2,3497
홈플러스 신내점 앞,3,6658
홈플러스 신내점 앞,4,8672
홈플러스 신내점 앞,5,10234
홈플러스 신내점 앞,6,10194
홈플러스 신내점 앞,7,8459
홈플러스 신내점 앞,8,7876
홈플러스 신내점 앞,9,9905
홈플러스 신내점 앞,10,9851
홈플러스 신내점 앞,11,7119
홈플러스 신내점 앞,12,4069
홈플러스 잠실점,1,2681
홈플러스 잠실점,2,3159
홈플러스 잠실점,3,5716
홈플러스 잠실점,4,7095
홈플러스 잠실점,5,8238
홈플러스 잠실점,6,8024
홈플러스 잠실점,7,7025
홈플러스 잠실점,8,6848
홈플러스 잠실점,9,7942
홈플러스 잠실점,10,8566
홈플러스 잠실점,11,6916
홈플러스 잠실점,12,4092
홈플러스(가양점),4,1
홈플러스(강서점),1,4288
홈플러스(강서점),2,4510
홈플러스(강서점),3,8373
홈플러스(강서점),4,10503
홈플러스(강서점),5,12594
홈플러스(강서점),6,13531
홈플러스(강서점),7,12240
홈플러스(강서점),8,12020
홈플러스(강서점),9,13774
홈플러스(강서점),10,14341
홈플러스(강서점),11,11217
홈플러스(강서점),12,7159
홍남교 두바퀴쉼터,1,798
홍남교 두바퀴쉼터,2,872
홍남교 두바퀴쉼터,3,1686
홍남교 두바퀴쉼터,4,965
홍남교 두바퀴쉼터,5,1065
홍남교 두바퀴쉼터,6,1248
홍남교 두바퀴쉼터,7,1086
홍남교 두바퀴쉼터,8,664
홍남교 두바퀴쉼터,9,1013
홍남교 두바퀴쉼터,10,816
홍남교 두바퀴쉼터,11,580
홍남교 두바퀴쉼터,12,425
홍남교 버스정류장,1,574
홍남교 버스정류장,2,715
홍남교 버스정류장,3,1745
홍남교 버스정류장,4,2591
홍남교 버스정류장,5,3075
홍남교 버스정류장,6,2758
홍남교 버스정류장,7,2459
홍남교 버스정류장,8,1896
홍남교 버스정류장,9,2350
홍남교 버스정류장,10,2226
홍남교 버스정류장,11,1667
홍남교 버스정류장,12,850
홍남교 사거리,1,1166
홍남교 사거리,2,1259
홍남교 사거리,3,2477
홍남교 사거리,4,3399
홍남교 사거리,5,3762
홍남교 사거리,6,3755
홍남교 사거리,7,2588
홍남교 사거리,8,3011
홍남교 사거리,9,4482
홍남교 사거리,10,4600
홍남교 사거리,11,3240
홍남교 사거리,12,1805
홍대입구역 2번출구 앞,1,8714
홍대입구역 2번출구 앞,2,8975
홍대입구역 2번출구 앞,3,14694
홍대입구역 2번출구 앞,4,17929
홍대입구역 2번출구 앞,5,20949
홍대입구역 2번출구 앞,6,21315
홍대입구역 2번출구 앞,7,18697
홍대입구역 2번출구 앞,8,16242
홍대입구역 2번출구 앞,9,18763
홍대입구역 2번출구 앞,10,20479
홍대입구역 2번출구 앞,11,17258
홍대입구역 2번출구 앞,12,10898
홍대입구역 3번출구,1,5463
홍대입구역 3번출구,2,6321
홍대입구역 3번출구,3,11090
홍대입구역 3번출구,4,13750
홍대입구역 3번출구,5,15768
홍대입구역 3번출구,6,15168
홍대입구역 3번출구,7,13826
홍대입구역 3번출구,8,13675
홍대입구역 3번출구,9,16334
홍대입구역 3번출구,10,17121
홍대입구역 3번출구,11,13457
홍대입구역 3번출구,12,8063
홍대입구역 6번출구,1,2505
홍대입구역 6번출구,2,2897
홍대입구역 6번출구,3,5054
홍대입구역 6번출구,4,6651
홍대입구역 6번출구,5,7124
홍대입구역 6번출구,6,7521
홍대입구역 6번출구,7,6211
홍대입구역 6번출구,8,6084
홍대입구역 6번출구,9,7081
홍대입구역 6번출구,10,7515
홍대입구역 6번출구,11,5770
홍대입구역 6번출구,12,3562
홍대입구역 8번출구 앞,1,3707
홍대입구역 8번출구 앞,2,4224
홍대입구역 8번출구 앞,3,7881
홍대입구역 8번출구 앞,4,10450
홍대입구역 8번출구 앞,5,10818
홍대입구역 8번출구 앞,6,10088
홍대입구역 8번출구 앞,7,9166
홍대입구역 8번출구 앞,8,9163
홍대입구역 8번출구 앞,9,11329
홍대입구역 8번출구 앞,10,11503
홍대입구역 8번출구 앞,11,8319
홍대입구역 8번출구 앞,12,4407
홍대입구역 사거리,1,2342
홍대입구역 사거리,2,2644
홍대입구역 사거리,3,4897
홍대입구역 사거리,4,6521
홍대입구역 사거리,5,7328
홍대입구역 사거리,6,7098
홍대입구역 사거리,7,6172
홍대입구역 사거리,8,6158
홍대입구역 사거리,9,7397
홍대입구역 사거리,10,8267
홍대입구역 사거리,11,6393
홍대입구역 사거리,12,3400
홍련봉 공원,1,886
홍련봉 공원,2,1053
홍련봉 공원,3,1563
홍련봉 공원,4,2123
홍련봉 공원,5,2169
홍련봉 공원,6,2318
홍련봉 공원,7,2051
홍련봉 공원,8,2063
홍련봉 공원,9,2209
홍련봉 공원,10,2404
홍련봉 공원,11,1988
홍련봉 공원,12,1186
홍연2교 사거리,1,603
홍연2교 사거리,2,652
홍연2교 사거리,3,1273
홍연2교 사거리,4,1655
홍연2교 사거리,5,1691
홍연2교 사거리,6,1786
홍연2교 사거리,7,1389
홍연2교 사거리,8,1744
홍연2교 사거리,9,2189
홍연2교 사거리,10,2229
홍연2교 사거리,11,1664
홍연2교 사거리,12,936
홍연2교옆,1,2504
홍연2교옆,2,2933
홍연2교옆,3,5313
홍연2교옆,4,7004
홍연2교옆,5,7489
홍연2교옆,6,7306
홍연2교옆,7,6311
홍연2교옆,8,5554
홍연2교옆,9,7532
홍연2교옆,10,6524
홍연2교옆,11,4363
홍연2교옆,12,2735
홍은 현대아이파크 아파트 202동 앞,1,888
홍은 현대아이파크 아파트 202동 앞,2,1078
홍은 현대아이파크 아파트 202동 앞,3,1828
홍은 현대아이파크 아파트 202동 앞,4,2361
홍은 현대아이파크 아파트 202동 앞,5,2725
홍은 현대아이파크 아파트 202동 앞,6,2760
홍은 현대아이파크 아파트 202동 앞,7,2825
홍은 현대아이파크 아파트 202동 앞,8,2682
홍은 현대아이파크 아파트 202동 앞,9,3520
홍은 현대아이파크 아파트 202동 앞,10,3318
홍은 현대아이파크 아파트 202동 앞,11,2409
홍은 현대아이파크 아파트 202동 앞,12,1302
홍은2동주민센터,1,72
홍은2동주민센터,2,77
홍은2동주민센터,3,203
홍은2동주민센터,4,268
홍은2동주민센터,5,291
홍은2동주민센터,6,325
홍은2동주민센터,7,279
홍은2동주민센터,8,257
홍은2동주민센터,9,329
홍은2동주민센터,10,245
홍은2동주민센터,11,332
홍은2동주민센터,12,247
홍은2파출소 옆,1,776
홍은2파출소 옆,2,972
홍은2파출소 옆,3,1903
홍은2파출소 옆,4,2301
홍은2파출소 옆,5,2461
홍은2파출소 옆,6,2643
홍은2파출소 옆,7,2300
홍은2파출소 옆,8,2338
홍은2파출소 옆,9,2970
홍은2파출소 옆,10,2885
홍은2파출소 옆,11,2069
홍은2파출소 옆,12,1089
홍은도담도서관,1,761
홍은도담도서관,2,821
홍은도담도서관,3,1551
홍은도담도서관,4,2030
홍은도담도서관,5,2230
홍은도담도서관,6,2336
홍은도담도서관,7,1939
홍은도담도서관,8,2087
홍은도담도서관,9,2291
홍은도담도서관,10,2223
홍은도담도서관,11,1822
홍은도담도서관,12,1094
홍은동 정원여중 입구,1,1515
홍은동 정원여중 입구,2,1753
홍은동 정원여중 입구,3,3059
홍은동 정원여중 입구,4,3782
홍은동 정원여중 입구,5,4243
홍은동 정원여중 입구,6,4303
홍은동 정원여중 입구,7,3615
홍은동 정원여중 입구,8,3464
홍은동 정원여중 입구,9,4326
홍은동 정원여중 입구,10,3934
홍은동 정원여중 입구,11,2804
홍은동 정원여중 입구,12,1841
홍은사거리,1,4181
홍은사거리,2,5121
홍은사거리,3,10166
홍은사거리,4,13258
홍은사거리,5,14720
홍은사거리,6,14249
홍은사거리,7,11238
홍은사거리,8,11615
홍은사거리,9,15348
홍은사거리,10,14309
홍은사거리,11,9546
홍은사거리,12,5374
홍은센트레빌 아파트 앞,1,622
홍은센트레빌 아파트 앞,2,645
홍은센트레빌 아파트 앞,3,1109
홍은센트레빌 아파트 앞,4,1391
홍은센트레빌 아파트 앞,5,1442
홍은센트레빌 아파트 앞,6,1484
홍은센트레빌 아파트 앞,7,1304
홍은센트레빌 아파트 앞,8,1348
홍은센트레빌 아파트 앞,9,1664
홍은센트레빌 아파트 앞,10,1365
홍은센트레빌 아파트 앞,11,1242
홍은센트레빌 아파트 앞,12,749
홍익병원앞 교차로,1,3114
홍익병원앞 교차로,2,3205
홍익병원앞 교차로,3,4969
홍익병원앞 교차로,4,6611
홍익병원앞 교차로,5,7442
홍익병원앞 교차로,6,7741
홍익병원앞 교차로,7,6960
홍익병원앞 교차로,8,6424
홍익병원앞 교차로,9,7452
홍익병원앞 교차로,10,7489
홍익병원앞 교차로,11,5920
홍익병원앞 교차로,12,4271
홍익중고 입구,1,1838
홍익중고 입구,2,1811
홍익중고 입구,3,3066
홍익중고 입구,4,3979
홍익중고 입구,5,4030
홍익중고 입구,6,4465
홍익중고 입구,7,4046
홍익중고 입구,8,3779
홍익중고 입구,9,3772
홍익중고 입구,10,3891
홍익중고 입구,11,3308
홍익중고 입구,12,2147
홍제교,1,774
홍제교,2,814
홍제교,3,1690
홍제교,4,2372
홍제교,5,2560
홍제교,6,2644
홍제교,7,2305
홍제교,8,2277
홍제교,9,2946
홍제교,10,2805
홍제교,11,2087
홍제교,12,1071
홍제삼거리 북측,1,1370
홍제삼거리 북측,2,1629
홍제삼거리 북측,3,3111
홍제삼거리 북측,4,3866
홍제삼거리 북측,5,4403
홍제삼거리 북측,6,4540
홍제삼거리 북측,7,4030
홍제삼거리 북측,8,3947
홍제삼거리 북측,9,4726
홍제삼거리 북측,10,4481
홍제삼거리 북측,11,3566
홍제삼거리 북측,12,2024
화곡2동주민센터,1,1364
화곡2동주민센터,2,1464
화곡2동주민센터,3,2323
화곡2동주민센터,4,3249
화곡2동주민센터,5,3938
화곡2동주민센터,6,3880
화곡2동주민센터,7,3367
화곡2동주민센터,8,3372
화곡2동주민센터,9,4048
화곡2동주민센터,10,4317
화곡2동주민센터,11,3454
화곡2동주민센터,12,2133
화곡고가 사거리,1,421
화곡고가 사거리,2,433
화곡고가 사거리,3,746
화곡고가 사거리,4,935
화곡고가 사거리,5,1037
화곡고가 사거리,6,1107
화곡고가 사거리,7,1304
화곡고가 사거리,8,900
화곡고가 사거리,9,917
화곡고가 사거리,10,946
화곡고가 사거리,11,857
화곡고가 사거리,12,702
화곡로 입구 교차로,1,595
화곡로 입구 교차로,2,632
화곡로 입구 교차로,3,1190
화곡로 입구 교차로,4,1646
화곡로 입구 교차로,5,1952
화곡로 입구 교차로,6,2041
화곡로 입구 교차로,7,1583
화곡로 입구 교차로,8,1440
화곡로 입구 교차로,9,1703
화곡로 입구 교차로,10,1811
화곡로 입구 교차로,11,1540
화곡로 입구 교차로,12,828
화곡본동시장 버스정류장,1,1030
화곡본동시장 버스정류장,2,978
화곡본동시장 버스정류장,3,1705
화곡본동시장 버스정류장,4,2133
화곡본동시장 버스정류장,5,2490
화곡본동시장 버스정류장,6,2617
화곡본동시장 버스정류장,7,2241
화곡본동시장 버스정류장,8,2131
화곡본동시장 버스정류장,9,2711
화곡본동시장 버스정류장,10,2873
화곡본동시장 버스정류장,11,2302
화곡본동시장 버스정류장,12,1211
화곡본동시장 입구,1,956
화곡본동시장 입구,2,1180
화곡본동시장 입구,3,1942
화곡본동시장 입구,4,2504
화곡본동시장 입구,5,3162
화곡본동시장 입구,6,3031
화곡본동시장 입구,7,2516
화곡본동시장 입구,8,2499
화곡본동시장 입구,9,2911
화곡본동시장 입구,10,3034
화곡본동시장 입구,11,2331
화곡본동시장 입구,12,1284
화곡역 1번 출구 앞,1,2777
화곡역 1번 출구 앞,2,3116
화곡역 1번 출구 앞,3,5472
화곡역 1번 출구 앞,4,6970
화곡역 1번 출구 앞,5,8398
화곡역 1번 출구 앞,6,8385
화곡역 1번 출구 앞,7,7037
화곡역 1번 출구 앞,8,6678
화곡역 1번 출구 앞,9,7877
화곡역 1번 출구 앞,10,8146
화곡역 1번 출구 앞,11,6178
화곡역 1번 출구 앞,12,4024
화곡역 6번출구,1,2450
화곡역 6번출구,2,2917
화곡역 6번출구,3,4817
화곡역 6번출구,4,6103
화곡역 6번출구,5,7110
화곡역 6번출구,6,7369
화곡역 6번출구,7,6576
화곡역 6번출구,8,6031
화곡역 6번출구,9,7188
화곡역 6번출구,10,7999
화곡역 6번출구,11,5498
화곡역 6번출구,12,2968
화곡역 버스정류장,1,2658
화곡역 버스정류장,2,2690
화곡역 버스정류장,3,4618
화곡역 버스정류장,4,5944
화곡역 버스정류장,5,7241
화곡역 버스정류장,6,7549
화곡역 버스정류장,7,6452
화곡역 버스정류장,8,5968
화곡역 버스정류장,9,7449
화곡역 버스정류장,10,7744
화곡역 버스정류장,11,6065
화곡역 버스정류장,12,3551
화곡터널입구교차로,1,1227
화곡터널입구교차로,2,1463
화곡터널입구교차로,3,2594
화곡터널입구교차로,4,3453
화곡터널입구교차로,5,3686
화곡터널입구교차로,6,3510
화곡터널입구교차로,7,3022
화곡터널입구교차로,8,3072
화곡터널입구교차로,9,3268
화곡터널입구교차로,10,3570
화곡터널입구교차로,11,2834
화곡터널입구교차로,12,1305
화랑대역 2번출구 앞,1,3846
화랑대역 2번출구 앞,2,4477
화랑대역 2번출구 앞,3,9055
화랑대역 2번출구 앞,4,11903
화랑대역 2번출구 앞,5,13320
화랑대역 2번출구 앞,6,12778
화랑대역 2번출구 앞,7,10446
화랑대역 2번출구 앞,8,9702
화랑대역 2번출구 앞,9,13543
화랑대역 2번출구 앞,10,13612
화랑대역 2번출구 앞,11,9947
화랑대역 2번출구 앞,12,5357
화랑대역 3번출구,1,101
화랑대역 3번출구,2,111
화랑대역 3번출구,3,156
화랑대역 3번출구,4,276
화랑대역 3번출구,5,413
화랑대역 3번출구,6,422
화랑대역 3번출구,7,347
화랑대역 3번출구,8,326
화랑대역 3번출구,9,453
화랑대역 3번출구,10,464
화랑대역 3번출구,11,405
화랑대역 3번출구,12,280
화랑대역 7번출구,1,1860
화랑대역 7번출구,2,2155
화랑대역 7번출구,3,4825
화랑대역 7번출구,4,7573
화랑대역 7번출구,5,8875
화랑대역 7번출구,6,8830
화랑대역 7번출구,7,6639
화랑대역 7번출구,8,6565
화랑대역 7번출구,9,8842
화랑대역 7번출구,10,8432
화랑대역 7번출구,11,6045
화랑대역 7번출구,12,3276
화양 APT(횡단보도 옆),1,6227
화양 APT(횡단보도 옆),2,6473
화양 APT(횡단보도 옆),3,10518
화양 APT(횡단보도 옆),4,12496
화양 APT(횡단보도 옆),5,13552
화양 APT(횡단보도 옆),6,14384
화양 APT(횡단보도 옆),7,14295
화양 APT(횡단보도 옆),8,13532
화양 APT(횡단보도 옆),9,14339
화양 APT(횡단보도 옆),10,15201
화양 APT(횡단보도 옆),11,13052
화양 APT(횡단보도 옆),12,9358
화양동 우체국,1,3386
화양동 우체국,2,3575
화양동 우체국,3,6020
화양동 우체국,4,8289
화양동 우체국,5,9319
화양동 우체국,6,9595
화양동 우체국,7,9123
화양동 우체국,8,8722
화양동 우체국,9,10051
화양동 우체국,10,10302
화양동 우체국,11,8299
화양동 우체국,12,5139
화양사거리,1,1824
화양사거리,2,1927
화양사거리,3,3289
화양사거리,4,4281
화양사거리,5,4376
화양사거리,6,4516
화양사거리,7,3658
화양사거리,8,3233
화양사거리,9,3764
화양사거리,10,3863
화양사거리,11,3214
화양사거리,12,1943
황금내근린공원,1,2124
황금내근린공원,2,3186
황금내근린공원,3,7479
황금내근린공원,4,9448
황금내근린공원,5,10782
황금내근린공원,6,10488
황금내근린공원,7,8264
황금내근린공원,8,8118
황금내근린공원,9,11665
황금내근린공원,10,11190
황금내근린공원,11,5202
황금내근린공원,12,2325
황학동롯데캐슬,1,2832
황학동롯데캐슬,2,3083
황학동롯데캐슬,3,4909
황학동롯데캐슬,4,5997
황학동롯데캐슬,5,6797
황학동롯데캐슬,6,6951
황학동롯데캐슬,7,6060
황학동롯데캐슬,8,6051
황학동롯데캐슬,9,7273
황학동롯데캐슬,10,7947
황학동롯데캐슬,11,6640
황학동롯데캐슬,12,4254
회기역 2-①번출구,1,889
회기역 2-①번출구,2,1194
회기역 2-①번출구,3,2416
회기역 2-①번출구,4,3040
회기역 2-①번출구,5,4050
회기역 2-①번출구,6,3828
회기역 2-①번출구,7,2970
회기역 2-①번출구,8,1655
회기역 2-①번출구,9,1754
회기역 2-①번출구,10,1935
회기역 2-①번출구,11,2038
회기역 2-①번출구,12,1021
회현사거리 남측,1,985
회현사거리 남측,2,1152
회현사거리 남측,3,1725
회현사거리 남측,4,2333
회현사거리 남측,5,2481
회현사거리 남측,6,2517
회현사거리 남측,7,2377
회현사거리 남측,8,2122
회현사거리 남측,9,2699
회현사거리 남측,10,3012
회현사거리 남측,11,2639
회현사거리 남측,12,1478
회현역 1번출구,1,492
회현역 1번출구,2,641
회현역 1번출구,3,1011
회현역 1번출구,4,1236
회현역 1번출구,5,1133
회현역 1번출구,6,1324
회현역 1번출구,7,1247
회현역 1번출구,8,1258
회현역 1번출구,9,1402
회현역 1번출구,10,1434
회현역 1번출구,11,1318
회현역 1번출구,12,866
회현역 7번출구,1,568
회현역 7번출구,2,692
회현역 7번출구,3,1043
회현역 7번출구,4,1340
회현역 7번출구,5,1443
회현역 7번출구,6,1409
회현역 7번출구,7,1331
회현역 7번출구,8,1145
회현역 7번출구,9,1397
회현역 7번출구,10,1549
회현역 7번출구,11,1544
회현역 7번출구,12,866
효성인텔리안 앞,1,2948
효성인텔리안 앞,2,3328
효성인텔리안 앞,3,5395
효성인텔리안 앞,4,7282
효성인텔리안 앞,5,8071
효성인텔리안 앞,6,8378
효성인텔리안 앞,7,7224
효성인텔리안 앞,8,7028
효성인텔리안 앞,9,7917
효성인텔리안 앞,10,8105
효성인텔리안 앞,11,6042
효성인텔리안 앞,12,3800
효자동 삼거리,1,1481
효자동 삼거리,2,1780
효자동 삼거리,3,3009
효자동 삼거리,4,4147
효자동 삼거리,5,4946
효자동 삼거리,6,4333
효자동 삼거리,7,3928
효자동 삼거리,8,3870
효자동 삼거리,9,4693
효자동 삼거리,10,4681
효자동 삼거리,11,3931
효자동 삼거리,12,1987
효창 푸르지오 앞,1,712
효창 푸르지오 앞,2,706
효창 푸르지오 앞,3,1282
효창 푸르지오 앞,4,1534
효창 푸르지오 앞,5,1430
효창 푸르지오 앞,6,1758
효창 푸르지오 앞,7,1501
효창 푸르지오 앞,8,1412
효창 푸르지오 앞,9,1520
효창 푸르지오 앞,10,1750
효창 푸르지오 앞,11,1624
효창 푸르지오 앞,12,1021
효창공원앞역 3번출구 앞,1,2796
효창공원앞역 3번출구 앞,2,3039
효창공원앞역 3번출구 앞,3,4921
효창공원앞역 3번출구 앞,4,6563
효창공원앞역 3번출구 앞,5,7296
효창공원앞역 3번출구 앞,6,7079
효창공원앞역 3번출구 앞,7,6292
효창공원앞역 3번출구 앞,8,5886
효창공원앞역 3번출구 앞,9,7300
효창공원앞역 3번출구 앞,10,7707
효창공원앞역 3번출구 앞,11,5815
효창공원앞역 3번출구 앞,12,3603
효창공원앞역 5번출구 옆,1,522
효창공원앞역 5번출구 옆,2,577
효창공원앞역 5번출구 옆,3,1142
효창공원앞역 5번출구 옆,4,1620
효창공원앞역 5번출구 옆,5,1805
효창공원앞역 5번출구 옆,6,1681
효창공원앞역 5번출구 옆,7,1370
효창공원앞역 5번출구 옆,8,1413
효창공원앞역 5번출구 옆,9,1580
효창공원앞역 5번출구 옆,10,1681
효창공원앞역 5번출구 옆,11,1377
효창공원앞역 5번출구 옆,12,829
효창동주민센터 앞,1,545
효창동주민센터 앞,2,681
효창동주민센터 앞,3,1217
효창동주민센터 앞,4,1416
효창동주민센터 앞,5,1507
효창동주민센터 앞,6,1493
효창동주민센터 앞,7,1354
효창동주민센터 앞,8,1321
효창동주민센터 앞,9,1524
효창동주민센터 앞,10,1536
효창동주민센터 앞,11,1298
효창동주민센터 앞,12,683
훈련원공원주차장 앞,1,2143
훈련원공원주차장 앞,2,2568
훈련원공원주차장 앞,3,4003
훈련원공원주차장 앞,4,5039
훈련원공원주차장 앞,5,5308
훈련원공원주차장 앞,6,5479
훈련원공원주차장 앞,7,4563
훈련원공원주차장 앞,8,4485
훈련원공원주차장 앞,9,5632
훈련원공원주차장 앞,10,5508
훈련원공원주차장 앞,11,4299
훈련원공원주차장 앞,12,2708
휘경119안전센터 앞,1,1105
휘경119안전센터 앞,2,1224
휘경119안전센터 앞,3,2549
휘경119안전센터 앞,4,3463
휘경119안전센터 앞,5,3861
휘경119안전센터 앞,6,4207
휘경119안전센터 앞,7,3623
휘경119안전센터 앞,8,3317
휘경119안전센터 앞,9,4074
휘경119안전센터 앞,10,3969
휘경119안전센터 앞,11,2859
휘경119안전센터 앞,12,1456
휘경1동주민센터 앞,1,1236
휘경1동주민센터 앞,2,1526
휘경1동주민센터 앞,3,2713
휘경1동주민센터 앞,4,3585
휘경1동주민센터 앞,5,4191
휘경1동주민센터 앞,6,3815
휘경1동주민센터 앞,7,3279
휘경1동주민센터 앞,8,3349
휘경1동주민센터 앞,9,4399
휘경1동주민센터 앞,10,4250
휘경1동주민센터 앞,11,3030
휘경1동주민센터 앞,12,1774
휘경2동 주민센터,1,456
휘경2동 주민센터,2,658
휘경2동 주민센터,3,1155
휘경2동 주민센터,4,1281
휘경2동 주민센터,5,1423
휘경2동 주민센터,6,1736
휘경2동 주민센터,7,1541
휘경2동 주민센터,8,1338
휘경2동 주민센터,9,1587
휘경2동 주민센터,10,1492
휘경2동 주민센터,11,1113
휘경2동 주민센터,12,674
휘경sk뷰아파트 앞,1,717
휘경sk뷰아파트 앞,2,844
휘경sk뷰아파트 앞,3,1509
휘경sk뷰아파트 앞,4,1960
휘경sk뷰아파트 앞,5,2297
휘경sk뷰아파트 앞,6,1995
휘경sk뷰아파트 앞,7,1795
휘경sk뷰아파트 앞,8,1734
휘경sk뷰아파트 앞,9,2175
휘경sk뷰아파트 앞,10,2153
휘경sk뷰아파트 앞,11,1542
휘경sk뷰아파트 앞,12,822
휘경여중고삼거리,1,1654
휘경여중고삼거리,2,2017
휘경여중고삼거리,3,3657
휘경여중고삼거리,4,4712
휘경여중고삼거리,5,5124
휘경여중고삼거리,6,5287
휘경여중고삼거리,7,4375
휘경여중고삼거리,8,4453
휘경여중고삼거리,9,5498
휘경여중고삼거리,10,5485
휘경여중고삼거리,11,4414
휘경여중고삼거리,12,2510
휘문고교 사거리,1,232
휘문고교 사거리,2,325
휘문고교 사거리,3,580
휘문고교 사거리,4,859
휘문고교 사거리,5,978
휘문고교 사거리,6,810
휘문고교 사거리,7,673
휘문고교 사거리,8,518
휘문고교 사거리,9,601
휘문고교 사거리,10,695
휘문고교 사거리,11,588
휘문고교 사거리,12,304
휘봉고등학교 앞,1,1247
휘봉고등학교 앞,2,1395
휘봉고등학교 앞,3,2804
휘봉고등학교 앞,4,3636
휘봉고등학교 앞,5,4515
휘봉고등학교 앞,6,4630
휘봉고등학교 앞,7,3389
휘봉고등학교 앞,8,3170
휘봉고등학교 앞,9,4132
휘봉고등학교 앞,10,4327
휘봉고등학교 앞,11,3322
휘봉고등학교 앞,12,1849
휴젠느,1,1039
휴젠느,2,976
휴젠느,3,1732
휴젠느,4,2269
휴젠느,5,2291
휴젠느,6,2455
휴젠느,7,2491
휴젠느,8,2820
휴젠느,9,4288
휴젠느,10,4774
휴젠느,11,4173
휴젠느,12,2814
휴플러스 수락한신아파트 101동 앞,1,545
휴플러스 수락한신아파트 101동 앞,2,623
휴플러스 수락한신아파트 101동 앞,3,1120
휴플러스 수락한신아파트 101동 앞,4,1507
휴플러스 수락한신아파트 101동 앞,5,1850
휴플러스 수락한신아파트 101동 앞,6,2384
휴플러스 수락한신아파트 101동 앞,7,2218
휴플러스 수락한신아파트 101동 앞,8,2336
휴플러스 수락한신아파트 101동 앞,9,2465
휴플러스 수락한신아파트 101동 앞,10,2141
휴플러스 수락한신아파트 101동 앞,11,1563
휴플러스 수락한신아파트 101동 앞,12,1003
흑석 아크로리버하임(103동),1,241
흑석 아크로리버하임(103동),2,264
흑석 아크로리버하임(103동),3,544
흑석 아크로리버하임(103동),4,531
흑석 아크로리버하임(103동),5,641
흑석 아크로리버하임(103동),6,715
흑석 아크로리버하임(103동),7,683
흑석 아크로리버하임(103동),8,716
흑석 아크로리버하임(103동),9,839
흑석 아크로리버하임(103동),10,802
흑석 아크로리버하임(103동),11,659
흑석 아크로리버하임(103동),12,403
흑석동주민센터 입구,1,174
흑석동주민센터 입구,2,257
흑석동주민센터 입구,3,457
흑석동주민센터 입구,4,618
흑석동주민센터 입구,5,598
흑석동주민센터 입구,6,697
흑석동주민센터 입구,7,543
흑석동주민센터 입구,8,666
흑석동주민센터 입구,9,993
흑석동주민센터 입구,10,945
흑석동주민센터 입구,11,626
흑석동주민센터 입구,12,322
흑석동효사정앞,1,322
흑석동효사정앞,2,428
흑석동효사정앞,3,642
흑석동효사정앞,4,979
흑석동효사정앞,5,891
흑석동효사정앞,6,963
흑석동효사정앞,7,959
흑석동효사정앞,8,925
흑석동효사정앞,9,1098
흑석동효사정앞,10,1042
흑석동효사정앞,11,792
흑석동효사정앞,12,436
흑석롯데캐슬에듀포레(107동),1,557
흑석롯데캐슬에듀포레(107동),2,593
흑석롯데캐슬에듀포레(107동),3,1103
흑석롯데캐슬에듀포레(107동),4,1573
흑석롯데캐슬에듀포레(107동),5,1593
흑석롯데캐슬에듀포레(107동),6,1803
흑석롯데캐슬에듀포레(107동),7,1767
흑석롯데캐슬에듀포레(107동),8,1797
흑석롯데캐슬에듀포레(107동),9,1895
흑석롯데캐슬에듀포레(107동),10,1814
흑석롯데캐슬에듀포레(107동),11,1456
흑석롯데캐슬에듀포레(107동),12,918
흑석역 1번출구,1,2079
흑석역 1번출구,2,3126
흑석역 1번출구,3,9441
흑석역 1번출구,4,12358
흑석역 1번출구,5,13875
흑석역 1번출구,6,11284
흑석역 1번출구,7,8301
흑석역 1번출구,8,7289
흑석역 1번출구,9,13122
흑석역 1번출구,10,11479
흑석역 1번출구,11,6193
흑석역 1번출구,12,2579
흑석역 4번출구,1,649
흑석역 4번출구,2,878
흑석역 4번출구,3,1894
흑석역 4번출구,4,2709
흑석역 4번출구,5,2880
흑석역 4번출구,6,2869
흑석역 4번출구,7,2340
흑석역 4번출구,8,2228
흑석역 4번출구,9,3208
흑석역 4번출구,10,2936
흑석역 4번출구,11,2184
흑석역 4번출구,12,1122
흑석한강푸르지오 106동앞,1,224
흑석한강푸르지오 106동앞,2,266
흑석한강푸르지오 106동앞,3,382
흑석한강푸르지오 106동앞,4,568
흑석한강푸르지오 106동앞,5,554
흑석한강푸르지오 106동앞,6,600
흑석한강푸르지오 106동앞,7,530
흑석한강푸르지오 106동앞,8,433
흑석한강푸르지오 106동앞,9,575
흑석한강푸르지오 106동앞,10,463
흑석한강푸르지오 106동앞,11,368
흑석한강푸르지오 106동앞,12,210
흑석한강푸르지오(110동),1,254
흑석한강푸르지오(110동),2,314
흑석한강푸르지오(110동),3,513
흑석한강푸르지오(110동),4,734
흑석한강푸르지오(110동),5,721
흑석한강푸르지오(110동),6,840
흑석한강푸르지오(110동),7,819
흑석한강푸르지오(110동),8,819
흑석한강푸르지오(110동),9,983
흑석한강푸르지오(110동),10,794
흑석한강푸르지오(110동),11,805
흑석한강푸르지오(110동),12,410
흥국사 정류장,1,144
흥국사 정류장,2,174
흥국사 정류장,3,366
흥국사 정류장,4,562
흥국사 정류장,5,545
흥국사 정류장,6,568
흥국사 정류장,7,453
흥국사 정류장,8,483
흥국사 정류장,9,663
흥국사 정류장,10,756
흥국사 정류장,11,459
흥국사 정류장,12,197
희성오피앙,1,1404
희성오피앙,2,1619
희성오피앙,3,2921
희성오피앙,4,4187
희성오피앙,5,4706
희성오피앙,6,5265
희성오피앙,7,4817
희성오피앙,8,4531
희성오피앙,9,5206
희성오피앙,10,4613
희성오피앙,11,3611
희성오피앙,12,1875
희훈타워빌 앞,1,2871
희훈타워빌 앞,2,2945
희훈타워빌 앞,3,4567
희훈타워빌 앞,4,5965
희훈타워빌 앞,5,6918
희훈타워빌 앞,6,7330
희훈타워빌 앞,7,6525
희훈타워빌 앞,8,6768
희훈타워빌 앞,9,7159
희훈타워빌 앞,10,7049
희훈타워빌 앞,11,6148
희훈타워빌 앞,12,4217
힐스테이트 신도림역,1,899
힐스테이트 신도림역,2,883
힐스테이트 신도림역,3,1324
힐스테이트 신도림역,4,1601
힐스테이트 신도림역,5,1595
힐스테이트 신도림역,6,3247
힐스테이트 신도림역,7,2998
힐스테이트 신도림역,8,3638
힐스테이트 신도림역,9,4029
힐스테이트 신도림역,10,3920
힐스테이트 신도림역,11,3443
힐스테이트 신도림역,12,2178
힐스테이트에코,1,5164
힐스테이트에코,2,5425
힐스테이트에코,3,8109
힐스테이트에코,4,9736
힐스테이트에코,5,11402
힐스테이트에코,6,12770
힐스테이트에코,7,12241
힐스테이트에코,8,11888
힐스테이트에코,9,12692
힐스테이트에코,10,13787
힐스테이트에코,11,11834
힐스테이트에코,12,7815
힐스테이트창경궁 아파트 앞,1,1802
힐스테이트창경궁 아파트 앞,2,1813
힐스테이트창경궁 아파트 앞,3,2708
힐스테이트창경궁 아파트 앞,4,3161
힐스테이트창경궁 아파트 앞,5,3314
힐스테이트창경궁 아파트 앞,6,3591
힐스테이트창경궁 아파트 앞,7,3547
힐스테이트창경궁 아파트 앞,8,3351
힐스테이트창경궁 아파트 앞,9,3570
힐스테이트창경궁 아파트 앞,10,3828
힐스테이트창경궁 아파트 앞,11,3457
힐스테이트창경궁 아파트 앞,12,2402
힐스테이트클래시안아파트,1,1574
힐스테이트클래시안아파트,2,1690
힐스테이트클래시안아파트,3,2732
힐스테이트클래시안아파트,4,3529
힐스테이트클래시안아파트,5,3865
힐스테이트클래시안아파트,6,4305
힐스테이트클래시안아파트,7,3936
힐스테이트클래시안아파트,8,3784
힐스테이트클래시안아파트,9,4368
힐스테이트클래시안아파트,10,4482
힐스테이트클래시안아파트,11,3858
힐스테이트클래시안아파트,12,2249
