대여소 그룹,팀명,대여소 명,대여 건수,기준월,원본파일
강동구,천호1팀,1014. 강동구평생학습관앞,3,2022-01-01,대여소별 이용정보 22.1.csv
성동구,테스트,9980. 에이텍,3,2022-01-01,대여소별 이용정보 22.1.csv
동작구,영남2팀,2063. 대방역 4번출구,4,2022-01-01,대여소별 이용정보 22.1.csv
서초구,이수1팀,2286. 탑성마을입구,7,2022-01-01,대여소별 이용정보 22.1.csv
서초구,이수1팀,2288. 안골마을입구,7,2022-01-01,대여소별 이용정보 22.1.csv
서초구,이수1팀,4314. 탑성마을 버스정거장 옆,9,2022-01-01,대여소별 이용정보 22.1.csv
서초구,이수1팀,2287. 능안마을입구,10,2022-01-01,대여소별 이용정보 22.1.csv
강남구,학여울1팀,2304. 대현그린타워,11,2022-01-01,대여소별 이용정보 22.1.csv
서초구,이수1팀,4322.서울추모공원 입구,16,2022-01-01,대여소별 이용정보 22.1.csv
강남구,학여울1팀,2391. 구룡터널 입구(개포1단지아파트),16,2022-01-01,대여소별 이용정보 22.1.csv
노원구,도봉2팀,1680. 삼육대 제3과학관,17,2022-01-01,대여소별 이용정보 22.1.csv
송파구,학여울2팀,2612. 문정·가락 대여소 앞,19,2022-01-01,대여소별 이용정보 22.1.csv
구로구,천왕1팀,3917. 성공회대학교,19,2022-01-01,대여소별 이용정보 22.1.csv
서초구,이수1팀,2201. 본마을 정류소 앞,20,2022-01-01,대여소별 이용정보 22.1.csv
강동구,천호1팀,3677. 강동구음식물재활용센터,20,2022-01-01,대여소별 이용정보 22.1.csv
성동구,중랑2팀,3527. 왕십리 자이아파트,21,2022-01-01,대여소별 이용정보 22.1.csv
강남구,학여울2팀,2343. 세곡사거리 대왕파출소 앞,22,2022-01-01,대여소별 이용정보 22.1.csv
서초구,이수1팀,2536.서초종합체육관 입구,22,2022-01-01,대여소별 이용정보 22.1.csv
금천구,천왕3팀,3971. 순흥안씨묘 건너편,24,2022-01-01,대여소별 이용정보 22.1.csv
금천구,천왕3팀,3970. 시흥4동주민센터 앞,25,2022-01-01,대여소별 이용정보 22.1.csv
영등포구,영남3팀,253. 신풍역 5번출구 인근,25,2022-01-01,대여소별 이용정보 22.1.csv
서초구,이수1팀,2541.옛골 입구,26,2022-01-01,대여소별 이용정보 22.1.csv
중랑구,중랑3팀,4838.동원사거리 행복오피스텔 앞,28,2022-01-01,대여소별 이용정보 22.1.csv
광진구,중랑1팀,3878. 장로회신학대학교 주기철 기념관,29,2022-01-01,대여소별 이용정보 22.1.csv
서초구,이수1팀,2207. 내곡파출소 뒤 정자,30,2022-01-01,대여소별 이용정보 22.1.csv
성동구,중랑2팀,3538. 서울숲 IT캐슬,30,2022-01-01,대여소별 이용정보 22.1.csv
종로구,세종로1팀,462. 신영동삼거리(북악터널방향),31,2022-01-01,대여소별 이용정보 22.1.csv
서초구,이수1팀,2248. 서초리슈빌S 글로벌 앞,35,2022-01-01,대여소별 이용정보 22.1.csv
은평구,상암3팀,991.흥국사 정류장,36,2022-01-01,대여소별 이용정보 22.1.csv
서초구,이수2팀,2289. 남태령역 2번출구,36,2022-01-01,대여소별 이용정보 22.1.csv
서초구,이수1팀,4310. 염곡동(염통골) 입구,38,2022-01-01,대여소별 이용정보 22.1.csv
관악구,영남2팀,3306.서울신우초등학교,40,2022-01-01,대여소별 이용정보 22.1.csv
송파구,천호2팀,2609. 보성중고등학교 후문 앞,40,2022-01-01,대여소별 이용정보 22.1.csv
노원구,도봉2팀,4044. 공릉산 백세문 입구,40,2022-01-01,대여소별 이용정보 22.1.csv
종로구,세종로1팀,4702. 평창동 주민센터,41,2022-01-01,대여소별 이용정보 22.1.csv
관악구,이수2팀,2199.신봉천주유소 A,41,2022-01-01,대여소별 이용정보 22.1.csv
구로구,천왕1팀,2816.항동지구 8단지 803동옆(주차장입구),42,2022-01-01,대여소별 이용정보 22.1.csv
강남구,학여울1팀,3648. 구룡역 4번 출구,42,2022-01-01,대여소별 이용정보 22.1.csv
성동구,중랑2팀,4363. 신금호역 2번출구 앞,42,2022-01-01,대여소별 이용정보 22.1.csv
종로구,세종로1팀,447. 신영동삼거리,43,2022-01-01,대여소별 이용정보 22.1.csv
서초구,이수2팀,2506. LG유플러스 (방배사옥),43,2022-01-01,대여소별 이용정보 22.1.csv
구로구,천왕1팀,1969. 궁동생태공원,43,2022-01-01,대여소별 이용정보 22.1.csv
강남구,학여울2팀,3610. 윗반마을 입구,43,2022-01-01,대여소별 이용정보 22.1.csv
동작구,이수2팀,2079.중앙대학교 중앙광장,43,2022-01-01,대여소별 이용정보 22.1.csv
서초구,이수1팀,4323. 내곡도서관,44,2022-01-01,대여소별 이용정보 22.1.csv
은평구,상암3팀,937. 상림마을 롯데캐슬2단지 옆,44,2022-01-01,대여소별 이용정보 22.1.csv
서초구,이수1팀,2257. 청계산 입구 삼거리,44,2022-01-01,대여소별 이용정보 22.1.csv
강남구,이수1팀,2393. 구룡사 앞 교차로 (보도육교),45,2022-01-01,대여소별 이용정보 22.1.csv
강서구,개화1팀,3754. 신방화역 8번출구,45,2022-01-01,대여소별 이용정보 22.1.csv
서초구,이수1팀,2275. 염곡치안센터 건너편,45,2022-01-01,대여소별 이용정보 22.1.csv
구로구,천왕1팀,2813.항동지구 3단지 302동 앞,46,2022-01-01,대여소별 이용정보 22.1.csv
은평구,상암3팀,938. 금암 문화공원,48,2022-01-01,대여소별 이용정보 22.1.csv
강남구,학여울2팀,2425.세곡동 사거리(대왕초등학교 정류장),48,2022-01-01,대여소별 이용정보 22.1.csv
서초구,이수1팀,4309. 서초케이타운앞,49,2022-01-01,대여소별 이용정보 22.1.csv
강남구,학여울2팀,3624. 대모산입구역 7번 출구 앞,50,2022-01-01,대여소별 이용정보 22.1.csv
강남구,학여울2팀,2383. 보금자리정원,51,2022-01-01,대여소별 이용정보 22.1.csv
강남구,학여울1팀,2395. 개포1단지아파트 입구 (보도육교),51,2022-01-01,대여소별 이용정보 22.1.csv
양천구,개화4팀,4523. 구립양천어르신요양센터,51,2022-01-01,대여소별 이용정보 22.1.csv
송파구,천호2팀,4853. 송파 안전체험교육관,51,2022-01-01,대여소별 이용정보 22.1.csv
마포구,상암1팀,3003.래미안신공덕3차아파트,52,2022-01-01,대여소별 이용정보 22.1.csv
성동구,중랑2팀,523. 옥수동성당 옆,52,2022-01-01,대여소별 이용정보 22.1.csv
노원구,도봉2팀,1679. 삼육대 도서관,53,2022-01-01,대여소별 이용정보 22.1.csv
종로구,세종로1팀,4709. 천지인 오피스텔 앞,53,2022-01-01,대여소별 이용정보 22.1.csv
노원구,도봉2팀,1675. 월계문화체육센터,54,2022-01-01,대여소별 이용정보 22.1.csv
강동구,천호1팀,3672. 고덕중학교 후문,55,2022-01-01,대여소별 이용정보 22.1.csv
성동구,중랑2팀,564. 금호역 3번출구,55,2022-01-01,대여소별 이용정보 22.1.csv
동작구,이수2팀,2068. 총신대 앞(육교),57,2022-01-01,대여소별 이용정보 22.1.csv
용산구,세종로3팀,859.남산공원 야외식물원 앞,57,2022-01-01,대여소별 이용정보 22.1.csv
양천구,개화2팀,4519. 양원보도육교,57,2022-01-01,대여소별 이용정보 22.1.csv
종로구,세종로1팀,3428.서울미술관,57,2022-01-01,대여소별 이용정보 22.1.csv
서초구,이수3팀,4324. 세화고등학교,58,2022-01-01,대여소별 이용정보 22.1.csv
구로구,천왕1팀,2809.항동지구 11단지 1103동 앞,59,2022-01-01,대여소별 이용정보 22.1.csv
구로구,천왕1팀,2806.항동지구 4단지 입구,59,2022-01-01,대여소별 이용정보 22.1.csv
강동구,천호1팀,3652. 한영외국어고등학교,59,2022-01-01,대여소별 이용정보 22.1.csv
중랑구,중랑3팀,1424. 양원역 2번출구,60,2022-01-01,대여소별 이용정보 22.1.csv
송파구,천호2팀,4879. 마천청소년센터,60,2022-01-01,대여소별 이용정보 22.1.csv
관악구,이수2팀,3802. 관악구민체육센터,60,2022-01-01,대여소별 이용정보 22.1.csv
구로구,천왕1팀,2805.구로자원순환센터,60,2022-01-01,대여소별 이용정보 22.1.csv
은평구,상암3팀,4681.박석고개(은평소방서) 앞,61,2022-01-01,대여소별 이용정보 22.1.csv
서대문구,상암1팀,4266.국민연금공단충정로사옥,63,2022-01-01,대여소별 이용정보 22.1.csv
구로구,천왕1팀,3911. 항동하버리안2단지아파트 후문,63,2022-01-01,대여소별 이용정보 22.1.csv
서초구,이수3팀,2526.반포경남쇼핑 앞,64,2022-01-01,대여소별 이용정보 22.1.csv
강북구,도봉4팀,1550.삼각산아이원아파트(105동 옆),64,2022-01-01,대여소별 이용정보 22.1.csv
구로구,천왕1팀,2808.항동지구 2단지 202동 앞,64,2022-01-01,대여소별 이용정보 22.1.csv
영등포구,영남3팀,297.국회3문,65,2022-01-01,대여소별 이용정보 22.1.csv
구로구,천왕1팀,1951. 천왕이펜하우스 4단지 후문,66,2022-01-01,대여소별 이용정보 22.1.csv
송파구,천호2팀,4896. 위례포레샤인15단지,66,2022-01-01,대여소별 이용정보 22.1.csv
강서구,개화1팀,1200. 개화광역환승센터,66,2022-01-01,대여소별 이용정보 22.1.csv
서초구,이수3팀,2532.국립국악원 앞,67,2022-01-01,대여소별 이용정보 22.1.csv
동작구,이수2팀,2061. 한강 현대아파트 건너편,68,2022-01-01,대여소별 이용정보 22.1.csv
성동구,중랑2팀,556. 달맞이공원,68,2022-01-01,대여소별 이용정보 22.1.csv
송파구,학여울2팀,1242. 문정 법조단지6,68,2022-01-01,대여소별 이용정보 22.1.csv
용산구,세종로3팀,854.HID 유족동지회 앞,69,2022-01-01,대여소별 이용정보 22.1.csv
성북구,훈련원2팀,1392.돈암삼성풍림아파트,70,2022-01-01,대여소별 이용정보 22.1.csv
중랑구,중랑3팀,4834. 용마복지센터 앞,72,2022-01-01,대여소별 이용정보 22.1.csv
강남구,학여울1팀,2354. 청담역 2번출구,72,2022-01-01,대여소별 이용정보 22.1.csv
강동구,천호1팀,1082.중앙보훈병원역3번출구,72,2022-01-01,대여소별 이용정보 22.1.csv
은평구,상암3팀,968. 은평뉴타운 상림마을 13단지,72,2022-01-01,대여소별 이용정보 22.1.csv
성동구,중랑2팀,3532. 왕십리KCC스위첸아파트,73,2022-01-01,대여소별 이용정보 22.1.csv
강남구,학여울1팀,3620. 청담역 11번 출구,73,2022-01-01,대여소별 이용정보 22.1.csv
관악구,영남2팀,2141. 미림여고입구 교차로,73,2022-01-01,대여소별 이용정보 22.1.csv
중랑구,중랑3팀,4837. 양원지구 힐데스하임 앞,73,2022-01-01,대여소별 이용정보 22.1.csv
용산구,세종로3팀,4612. 한남 준 J.FSS 앞,73,2022-01-01,대여소별 이용정보 22.1.csv
송파구,학여울2팀,2659.서울친환경유통센터,73,2022-01-01,대여소별 이용정보 22.1.csv
강남구,학여울2팀,2403. 공무원연금매점 교차로 (개포주공9단지 입구),74,2022-01-01,대여소별 이용정보 22.1.csv
서초구,이수3팀,2527.반포중학교 앞(세화여고 맞은편),74,2022-01-01,대여소별 이용정보 22.1.csv
강북구,도봉4팀,1572. 우이동 먹거리마을,74,2022-01-01,대여소별 이용정보 22.1.csv
강동구,천호1팀,1039. 고덕초등학교,75,2022-01-01,대여소별 이용정보 22.1.csv
도봉구,도봉3팀,1730. 도봉산역 교차로 앞,75,2022-01-01,대여소별 이용정보 22.1.csv
금천구,천왕3팀,1861.IBK기업은행 석수역 지점 앞,76,2022-01-01,대여소별 이용정보 22.1.csv
마포구,상암1팀,4247. 서울서부지방법원등기국앞,76,2022-01-01,대여소별 이용정보 22.1.csv
성동구,중랑2팀,569. 응봉현대아파트 정류소,76,2022-01-01,대여소별 이용정보 22.1.csv
구로구,천왕1팀,3910. 목양전원교회 앞 로터리,77,2022-01-01,대여소별 이용정보 22.1.csv
강서구,개화1팀,3781. 강서아동복지센터,77,2022-01-01,대여소별 이용정보 22.1.csv
구로구,천왕1팀,2810.항동지구 3단지 311동 앞,77,2022-01-01,대여소별 이용정보 22.1.csv
송파구,천호2팀,4888. 둔촌오륜역 2번출구,77,2022-01-01,대여소별 이용정보 22.1.csv
용산구,세종로3팀,855.이촌역5번출구 앞,77,2022-01-01,대여소별 이용정보 22.1.csv
용산구,세종로 4팀,827. 국군복지단,78,2022-01-01,대여소별 이용정보 22.1.csv
용산구,세종로3팀,4608. 국립중앙박물관 정문 앞,78,2022-01-01,대여소별 이용정보 22.1.csv
서초구,이수1팀,2256.양재동 꽃시장 입구,78,2022-01-01,대여소별 이용정보 22.1.csv
영등포구,영남3팀,4585. 국회6문,79,2022-01-01,대여소별 이용정보 22.1.csv
영등포구,영남3팀,4582. 국회도서관,79,2022-01-01,대여소별 이용정보 22.1.csv
종로구,세종로1팀,3430.구기치안센터 앞,79,2022-01-01,대여소별 이용정보 22.1.csv
금천구,천왕3팀,1855. 성지아파트 옆 도로변,79,2022-01-01,대여소별 이용정보 22.1.csv
강남구,학여울1팀,2386. 크린랩 본사,79,2022-01-01,대여소별 이용정보 22.1.csv
성북구,훈련원2팀,1376. 한국과학기술연구원 중문,80,2022-01-01,대여소별 이용정보 22.1.csv
중랑구,중랑3팀,1445. 용마지구대,80,2022-01-01,대여소별 이용정보 22.1.csv
중구,세종로 4팀,4782. 서소문역사공원,81,2022-01-01,대여소별 이용정보 22.1.csv
광진구,중랑1팀,3563.구의7단지현대아파트,81,2022-01-01,대여소별 이용정보 22.1.csv
서초구,이수2팀,2225.백석예술대학교 제3캠퍼스 앞,81,2022-01-01,대여소별 이용정보 22.1.csv
용산구,세종로3팀,803. 한남초교 앞 보도육교,81,2022-01-01,대여소별 이용정보 22.1.csv
종로구,훈련원1팀,3401.창신두산아파트,82,2022-01-01,대여소별 이용정보 22.1.csv
중랑구,중랑3팀,1467.sk신내 주유소앞(용마산로),82,2022-01-01,대여소별 이용정보 22.1.csv
은평구,상암3팀,924. 메뚜기다리,82,2022-01-01,대여소별 이용정보 22.1.csv
강남구,학여울1팀,2334. 삼호아파트 2동 ( 간선도로),83,2022-01-01,대여소별 이용정보 22.1.csv
종로구,세종로2팀,465. 삼청공원 앞,84,2022-01-01,대여소별 이용정보 22.1.csv
종로구,세종로1팀,3429.HW컨벤션센터 앞,84,2022-01-01,대여소별 이용정보 22.1.csv
동작구,이수2팀,2064. 흑석한강푸르지오 106동앞,84,2022-01-01,대여소별 이용정보 22.1.csv
도봉구,도봉3팀,4083.도봉아이나라도서관 앞,84,2022-01-01,대여소별 이용정보 22.1.csv
강동구,천호1팀,1066.생태공원앞 교차로(조명탑),85,2022-01-01,대여소별 이용정보 22.1.csv
구로구,천왕1팀,3902. 항동지구5단지 501동 앞,85,2022-01-01,대여소별 이용정보 22.1.csv
종로구,훈련원1팀,3404.서울특별시 중부교육지원청,85,2022-01-01,대여소별 이용정보 22.1.csv
성북구,훈련원2팀,1366. 일신초등학교 옆,86,2022-01-01,대여소별 이용정보 22.1.csv
성동구,중랑2팀,3561.행당동 삼부APT후문,86,2022-01-01,대여소별 이용정보 22.1.csv
강남구,학여울1팀,3647. 구룡역 1번 출구,86,2022-01-01,대여소별 이용정보 22.1.csv
마포구,상암1팀,4239. 성산2동 주민센터,86,2022-01-01,대여소별 이용정보 22.1.csv
금천구,천왕3팀,3974. 안천중학교,86,2022-01-01,대여소별 이용정보 22.1.csv
중구,세종로1팀,391. 시립미술관,86,2022-01-01,대여소별 이용정보 22.1.csv
강동구,천호1팀,1052. 리싸이클시티,87,2022-01-01,대여소별 이용정보 22.1.csv
중랑구,중랑3팀,1427. 용마산역 1번출구,87,2022-01-01,대여소별 이용정보 22.1.csv
용산구,세종로3팀,4611. 국제루터교회 앞,87,2022-01-01,대여소별 이용정보 22.1.csv
중구,세종로 4팀,4760. 서울역 7번출구,88,2022-01-01,대여소별 이용정보 22.1.csv
관악구,이수2팀,3810. 신봉천주유소 B,88,2022-01-01,대여소별 이용정보 22.1.csv
서초구,이수3팀,2517.서초3교(효령로69길 방면),88,2022-01-01,대여소별 이용정보 22.1.csv
동작구,이수2팀,2093.상도SH빌아파트 입구,89,2022-01-01,대여소별 이용정보 22.1.csv
서초구,이수3팀,4305. 서일스포츠센터,89,2022-01-01,대여소별 이용정보 22.1.csv
서초구,이수1팀,4319. 삼성전자R&D어린이집 뒤,89,2022-01-01,대여소별 이용정보 22.1.csv
동작구,영남2팀,2096.서울특별시 동작관악교육지원청,89,2022-01-01,대여소별 이용정보 22.1.csv
용산구,세종로3팀,865.하얏트호텔 앞,90,2022-01-01,대여소별 이용정보 22.1.csv
중구,세종로 4팀,384. 종로학원본원,90,2022-01-01,대여소별 이용정보 22.1.csv
금천구,천왕3팀,3972. 산기슭공원 앞,91,2022-01-01,대여소별 이용정보 22.1.csv
송파구,천호2팀,4883. 위례포레샤인18단지 1812동,91,2022-01-01,대여소별 이용정보 22.1.csv
용산구,세종로 4팀,4617. 동원베네스트 건너편,91,2022-01-01,대여소별 이용정보 22.1.csv
동작구,영남2팀,4158. 노량진근린공원,91,2022-01-01,대여소별 이용정보 22.1.csv
동작구,이수2팀,2078.흑석 아크로리버하임(103동),92,2022-01-01,대여소별 이용정보 22.1.csv
서초구,이수1팀,2249. 우솔초등학교 맞은편,92,2022-01-01,대여소별 이용정보 22.1.csv
관악구,이수2팀,2165. JK장평타워,92,2022-01-01,대여소별 이용정보 22.1.csv
강동구,천호1팀,3539. 서원마을,93,2022-01-01,대여소별 이용정보 22.1.csv
중랑구,중랑3팀,1410. 면목 대원칸타빌아파트,94,2022-01-01,대여소별 이용정보 22.1.csv
서초구,이수1팀,2258.구룡사 삼거리,94,2022-01-01,대여소별 이용정보 22.1.csv
동작구,이수2팀,2092.흑석한강푸르지오(110동),94,2022-01-01,대여소별 이용정보 22.1.csv
용산구,세종로3팀,812. 용산전쟁기념관,94,2022-01-01,대여소별 이용정보 22.1.csv
구로구,천왕1팀,2814.항동지구 10단지 1001동 앞,94,2022-01-01,대여소별 이용정보 22.1.csv
노원구,도봉2팀,4021. 중계본동 입구,95,2022-01-01,대여소별 이용정보 22.1.csv
은평구,상암3팀,966. 서울혁신파크1,95,2022-01-01,대여소별 이용정보 22.1.csv
마포구,상암1팀,4240. 아현문화건강센터,96,2022-01-01,대여소별 이용정보 22.1.csv
서초구,이수3팀,2282. 방배래미안아트힐 101동앞,96,2022-01-01,대여소별 이용정보 22.1.csv
노원구,도봉1팀,4043. 상계주공13단지 1301동,96,2022-01-01,대여소별 이용정보 22.1.csv
강동구,천호1팀,1062. 고덕숲 아이파크 2,96,2022-01-01,대여소별 이용정보 22.1.csv
용산구,세종로 4팀,4604. 원효로다목적체육관 앞,96,2022-01-01,대여소별 이용정보 22.1.csv
동작구,이수2팀,4153. 흑석동효사정앞,97,2022-01-01,대여소별 이용정보 22.1.csv
금천구,천왕3팀,1858. 500번·507번 버스 종점 앞,97,2022-01-01,대여소별 이용정보 22.1.csv
강동구,천호1팀,1007.암사동 선사유적지,97,2022-01-01,대여소별 이용정보 22.1.csv
관악구,이수2팀,2130. 영어마을 관악캠프,97,2022-01-01,대여소별 이용정보 22.1.csv
영등포구,영남3팀,4584. 국회2문,97,2022-01-01,대여소별 이용정보 22.1.csv
마포구,상암1팀,491.월드컵파크 4단지,98,2022-01-01,대여소별 이용정보 22.1.csv
동작구,이수2팀,2040. 비계 버스정류소,98,2022-01-01,대여소별 이용정보 22.1.csv
용산구,세종로3팀,4613. 서울갤러리아 앞,99,2022-01-01,대여소별 이용정보 22.1.csv
서대문구,상암1팀,3117.이화여대 인문관 인근,99,2022-01-01,대여소별 이용정보 22.1.csv
중구,세종로 4팀,443.호암아트홀,100,2022-01-01,대여소별 이용정보 22.1.csv
강동구,천호1팀,1089.고덕 래미안힐스테이트(201동),100,2022-01-01,대여소별 이용정보 22.1.csv
송파구,천호2팀,1283. 오금공원 사거리,100,2022-01-01,대여소별 이용정보 22.1.csv
성북구,훈련원2팀,1377. 한국과학기술연구원 북문,101,2022-01-01,대여소별 이용정보 22.1.csv
중구,훈련원1팀,381. 장충체육관,101,2022-01-01,대여소별 이용정보 22.1.csv
도봉구,도봉3팀,1703. 도봉산광역환승센터앞,101,2022-01-01,대여소별 이용정보 22.1.csv
강남구,학여울2팀,2401. 밀알학교 입구 (삼성서울병원 입구),101,2022-01-01,대여소별 이용정보 22.1.csv
중구,훈련원1팀,4777. 약수동 주민센터,101,2022-01-01,대여소별 이용정보 22.1.csv
광진구,중랑1팀,3503. 광진유진스웰,103,2022-01-01,대여소별 이용정보 22.1.csv
서초구,이수3팀,2235.KT 서초지사 앞,103,2022-01-01,대여소별 이용정보 22.1.csv
은평구,상암3팀,969. 은평 지웰테라스,103,2022-01-01,대여소별 이용정보 22.1.csv
강북구,도봉4팀,3714. 송천센트레빌,103,2022-01-01,대여소별 이용정보 22.1.csv
동대문구,훈련원4팀,681.서울특별시 동부교육지원청(육교),103,2022-01-01,대여소별 이용정보 22.1.csv
중랑구,중랑3팀,4836. 양원역 1번 출구,103,2022-01-01,대여소별 이용정보 22.1.csv
동작구,이수2팀,2038. 동작역 7번출구,104,2022-01-01,대여소별 이용정보 22.1.csv
양천구,개화2팀,741. 화곡로 입구 교차로,104,2022-01-01,대여소별 이용정보 22.1.csv
강남구,학여울1팀,2392. 구룡산 입구 (구룡산 서울둘레길 입구),105,2022-01-01,대여소별 이용정보 22.1.csv
중랑구,중랑3팀,1406. 망우청소년수련관,105,2022-01-01,대여소별 이용정보 22.1.csv
강남구,학여울1팀,3622. 은마아파트입구 사거리(1),105,2022-01-01,대여소별 이용정보 22.1.csv
용산구,세종로 4팀,823. 효창동주민센터 앞,105,2022-01-01,대여소별 이용정보 22.1.csv
강동구,천호1팀,3692. 둔촌오륜역 1번 출구,105,2022-01-01,대여소별 이용정보 22.1.csv
강남구,학여울2팀,2376. 수서역 6번출구 앞,105,2022-01-01,대여소별 이용정보 22.1.csv
영등포구,영남3팀,200. 국회의원회관,106,2022-01-01,대여소별 이용정보 22.1.csv
마포구,상암1팀,422. 문화비축기지,106,2022-01-01,대여소별 이용정보 22.1.csv
은평구,상암3팀,4668. 기자촌사거리,107,2022-01-01,대여소별 이용정보 22.1.csv
성북구,훈련원2팀,4415. 미아초교버스승강장,107,2022-01-01,대여소별 이용정보 22.1.csv
강남구,이수1팀,3634. 국악고교 앞 교차로,108,2022-01-01,대여소별 이용정보 22.1.csv
서대문구,상암2팀,4262. 서대문자연사박물관 입구,108,2022-01-01,대여소별 이용정보 22.1.csv
서초구,이수3팀,2519.서초2교(사임당로 방면),108,2022-01-01,대여소별 이용정보 22.1.csv
구로구,천왕1팀,2804.항동지구 6단지 602동 앞,109,2022-01-01,대여소별 이용정보 22.1.csv
금천구,천왕3팀,1866.서울안천초등학교 옆,109,2022-01-01,대여소별 이용정보 22.1.csv
서초구,이수3팀,2533.한가람미술관 앞,110,2022-01-01,대여소별 이용정보 22.1.csv
강남구,학여울2팀,3611. 방죽마을 입구,110,2022-01-01,대여소별 이용정보 22.1.csv
금천구,천왕3팀,1820. 신한은행 시흥대로금융센터지점,111,2022-01-01,대여소별 이용정보 22.1.csv
성북구,훈련원2팀,1352. e 편한세상 보문아파트 내,111,2022-01-01,대여소별 이용정보 22.1.csv
중랑구,중랑3팀,1422. 신내우디안아파트 1단지,111,2022-01-01,대여소별 이용정보 22.1.csv
강남구,학여울1팀,3615. 서울 논현동우체국 앞,112,2022-01-01,대여소별 이용정보 22.1.csv
중랑구,중랑3팀,1463.중랑구민회관,112,2022-01-01,대여소별 이용정보 22.1.csv
구로구,천왕1팀,3915. 동선아파트 앞,112,2022-01-01,대여소별 이용정보 22.1.csv
용산구,세종로3팀,4607. 국립중앙박물관 -용산가족공원 앞,113,2022-01-01,대여소별 이용정보 22.1.csv
종로구,훈련원1팀,3418.창신역2번 출구,113,2022-01-01,대여소별 이용정보 22.1.csv
구로구,천왕1팀,2818.천왕이펜하우스3단지 앞,113,2022-01-01,대여소별 이용정보 22.1.csv
강남구,학여울2팀,3612. 은곡마을,113,2022-01-01,대여소별 이용정보 22.1.csv
송파구,천호2팀,4881. 거여동사거리 송파둘레길 입구,114,2022-01-01,대여소별 이용정보 22.1.csv
은평구,상암3팀,974.연신초등학교옆 마을마당,114,2022-01-01,대여소별 이용정보 22.1.csv
마포구,상암1팀,410. 상암중학교 옆,114,2022-01-01,대여소별 이용정보 22.1.csv
성동구,중랑2팀,524. 래미안금호하이리버 아파트 102동 옆,115,2022-01-01,대여소별 이용정보 22.1.csv
중랑구,중랑3팀,1453. 중랑캠핑숲,116,2022-01-01,대여소별 이용정보 22.1.csv
서초구,이수1팀,2516.본마을 노인복지센터 앞,118,2022-01-01,대여소별 이용정보 22.1.csv
송파구,학여울2팀,4488. 문현중.고등학교 사이,118,2022-01-01,대여소별 이용정보 22.1.csv
금천구,천왕2팀,3975.현대시티아울렛 가산,118,2022-01-01,대여소별 이용정보 22.1.csv
성동구,중랑2팀,3531. 논골사거리(금호도서관 입구),118,2022-01-01,대여소별 이용정보 22.1.csv
중랑구,중랑3팀,4827. 신내SK V1센터 앞,119,2022-01-01,대여소별 이용정보 22.1.csv
금천구,천왕3팀,1864.산호시티빌 옆,119,2022-01-01,대여소별 이용정보 22.1.csv
강남구,학여울1팀,2307. 압구정 한양 3차 아파트,119,2022-01-01,대여소별 이용정보 22.1.csv
광진구,중랑1팀,3524. 세종대학교,120,2022-01-01,대여소별 이용정보 22.1.csv
용산구,세종로3팀,4609. 파크타워 104동 앞,120,2022-01-01,대여소별 이용정보 22.1.csv
중구,세종로 4팀,484.도동삼거리,121,2022-01-01,대여소별 이용정보 22.1.csv
용산구,세종로3팀,4622. 한강중학교 앞 버스정류장,121,2022-01-01,대여소별 이용정보 22.1.csv
강동구,천호1팀,1038. 강일 다솜 어린이 공원,121,2022-01-01,대여소별 이용정보 22.1.csv
양천구,개화4팀,710. 금옥여고보도육교,122,2022-01-01,대여소별 이용정보 22.1.csv
용산구,세종로3팀,869.노들섬 동측 앞,122,2022-01-01,대여소별 이용정보 22.1.csv
송파구,천호2팀,4473. 마천금호어울림 1차 102동앞,122,2022-01-01,대여소별 이용정보 22.1.csv
구로구,천왕1팀,2807.항동지구 1단지 105동 앞,123,2022-01-01,대여소별 이용정보 22.1.csv
서초구,이수3팀,2510. JW타워,123,2022-01-01,대여소별 이용정보 22.1.csv
강남구,학여울1팀,3616. 역삼중학교 앞(체육관 방향),123,2022-01-01,대여소별 이용정보 22.1.csv
송파구,천호2팀,4862. 성내교 남단,123,2022-01-01,대여소별 이용정보 22.1.csv
송파구,천호2팀,4479. 문정중학교,123,2022-01-01,대여소별 이용정보 22.1.csv
강남구,학여울2팀,2344. 리엔파크 2단지 앞,123,2022-01-01,대여소별 이용정보 22.1.csv
강남구,학여울2팀,3637. 세곡데이케어센터,123,2022-01-01,대여소별 이용정보 22.1.csv
영등포구,영남3팀,299.여의도 순복음교회,123,2022-01-01,대여소별 이용정보 22.1.csv
강동구,천호1팀,1054. 말우물 어린이 공원,123,2022-01-01,대여소별 이용정보 22.1.csv
중랑구,중랑3팀,4802. 새우개마을,124,2022-01-01,대여소별 이용정보 22.1.csv
은평구,상암3팀,992.북한산입구 정류장,124,2022-01-01,대여소별 이용정보 22.1.csv
서대문구,상암2팀,3111.무악재역 4번 출구,124,2022-01-01,대여소별 이용정보 22.1.csv
구로구,천왕2팀,1979. 구로1동우체국 앞,125,2022-01-01,대여소별 이용정보 22.1.csv
동대문구,훈련원4팀,616. 서울시립대 앞,125,2022-01-01,대여소별 이용정보 22.1.csv
종로구,세종로1팀,486. 평창동주민센터 앞,125,2022-01-01,대여소별 이용정보 22.1.csv
종로구,세종로1팀,449. 일성아파트,125,2022-01-01,대여소별 이용정보 22.1.csv
성북구,훈련원2팀,1342. 성북쉼터 앞,126,2022-01-01,대여소별 이용정보 22.1.csv
강남구,학여울1팀,2350. 래미안그레이튼102동앞,126,2022-01-01,대여소별 이용정보 22.1.csv
송파구,학여울2팀,1250.문정2동 주민센터,126,2022-01-01,대여소별 이용정보 22.1.csv
강동구,천호1팀,1006. 롯데캐슬 115동앞,126,2022-01-01,대여소별 이용정보 22.1.csv
중구,세종로 4팀,4772. 중앙일보,127,2022-01-01,대여소별 이용정보 22.1.csv
용산구,세종로 4팀,4625. 용산공원갤러리앞,127,2022-01-01,대여소별 이용정보 22.1.csv
금천구,천왕3팀,1842. 한울중학교,127,2022-01-01,대여소별 이용정보 22.1.csv
서초구,이수3팀,2535.신반포역 3번출구 뒤,127,2022-01-01,대여소별 이용정보 22.1.csv
구로구,천왕1팀,1943. 온수역 북측,128,2022-01-01,대여소별 이용정보 22.1.csv
성동구,중랑2팀,3555.양지사거리(센트라스APT 115동앞),128,2022-01-01,대여소별 이용정보 22.1.csv
구로구,천왕1팀,2817.천왕이펜하우스5단지 앞,128,2022-01-01,대여소별 이용정보 22.1.csv
동대문구,훈련원4팀,679.전농SK아파트 앞,129,2022-01-01,대여소별 이용정보 22.1.csv
노원구,도봉2팀,4045. 은하수 공원,129,2022-01-01,대여소별 이용정보 22.1.csv
금천구,천왕3팀,1847. 독산주공 14단지 버스정류소,130,2022-01-01,대여소별 이용정보 22.1.csv
종로구,세종로1팀,3431.로제우스 레포츠센터,130,2022-01-01,대여소별 이용정보 22.1.csv
도봉구,도봉3팀,1728. 서울북부지방법원,130,2022-01-01,대여소별 이용정보 22.1.csv
종로구,세종로1팀,3403.서울특별시 교육청,131,2022-01-01,대여소별 이용정보 22.1.csv
성동구,중랑2팀,533. 금남시장 교차로,131,2022-01-01,대여소별 이용정보 22.1.csv
성북구,훈련원2팀,1379.길음뉴타운푸르지오아파트 3단지,131,2022-01-01,대여소별 이용정보 22.1.csv
강남구,학여울2팀,3643. 더시그넘하우스 앞,132,2022-01-01,대여소별 이용정보 22.1.csv
강남구,학여울1팀,2314. 청담나들목입구,132,2022-01-01,대여소별 이용정보 22.1.csv
용산구,세종로3팀,4610. 한남나인원 105동 앞,132,2022-01-01,대여소별 이용정보 22.1.csv
도봉구,도봉3팀,1723. 방학동학마을도서관,132,2022-01-01,대여소별 이용정보 22.1.csv
서초구,이수1팀,2203. 청계산입구역 2번출구,132,2022-01-01,대여소별 이용정보 22.1.csv
중랑구,중랑3팀,4839. 혜원사거리 열정분식소 앞,132,2022-01-01,대여소별 이용정보 22.1.csv
서초구,이수3팀,4315. 이투스교육 앞,133,2022-01-01,대여소별 이용정보 22.1.csv
강동구,천호1팀,1071.명일근린공원공동체텃밭,133,2022-01-01,대여소별 이용정보 22.1.csv
송파구,학여울2팀,4874. 탄천1교 하부보도,133,2022-01-01,대여소별 이용정보 22.1.csv
강남구,학여울1팀,2318. 삼성중앙역4번출구(문화센터더 리빌),133,2022-01-01,대여소별 이용정보 22.1.csv
은평구,상암3팀,973.제각말푸르지오 5-1단지 아파트,134,2022-01-01,대여소별 이용정보 22.1.csv
강남구,학여울2팀,3602. 한국지역난방공사강남지사,134,2022-01-01,대여소별 이용정보 22.1.csv
마포구,상암1팀,489.구룡근린공원,135,2022-01-01,대여소별 이용정보 22.1.csv
송파구,학여울2팀,1241. 문정 법조단지5,135,2022-01-01,대여소별 이용정보 22.1.csv
중랑구,중랑3팀,4829. 신내동 한살림 중랑지구 북축,135,2022-01-01,대여소별 이용정보 22.1.csv
도봉구,도봉3팀,1713. 쌍문동 이안아파트 앞,135,2022-01-01,대여소별 이용정보 22.1.csv
강남구,학여울1팀,2356. 강남구청,136,2022-01-01,대여소별 이용정보 22.1.csv
동작구,영남2팀,4162. 노량진1동 청소년독서실,136,2022-01-01,대여소별 이용정보 22.1.csv
중랑구,중랑3팀,4821. 동원초등학교 정문 앞,136,2022-01-01,대여소별 이용정보 22.1.csv
강남구,학여울1팀,3621. 휘문고교 사거리,136,2022-01-01,대여소별 이용정보 22.1.csv
동작구,이수2팀,2024. 상도역 1번출구,137,2022-01-01,대여소별 이용정보 22.1.csv
서초구,이수3팀,2277. 길마중4교 하부,138,2022-01-01,대여소별 이용정보 22.1.csv
은평구,상암2팀,4678. 백련산로 녹번센트레빌,138,2022-01-01,대여소별 이용정보 22.1.csv
강남구,학여울1팀,2417.선정릉 디캠프(D.CAMP)앞,138,2022-01-01,대여소별 이용정보 22.1.csv
서초구,이수1팀,2270. 서초포레스타 7단지,139,2022-01-01,대여소별 이용정보 22.1.csv
중구,세종로 4팀,4766. 서소문성지역사박물관,139,2022-01-01,대여소별 이용정보 22.1.csv
용산구,세종로3팀,"4605. 노들섬 다목적홀(동쪽) 숲, 앞",139,2022-01-01,대여소별 이용정보 22.1.csv
강남구,학여울1팀,3649. 구룡역 5번 출구,139,2022-01-01,대여소별 이용정보 22.1.csv
용산구,세종로3팀,822. 이촌1동 마을공원,139,2022-01-01,대여소별 이용정보 22.1.csv
도봉구,도봉3팀,1756.서울북부광역등기국,140,2022-01-01,대여소별 이용정보 22.1.csv
강남구,학여울1팀,3638. 신청담나들목,140,2022-01-01,대여소별 이용정보 22.1.csv
서초구,이수2팀,2284. CJ오쇼핑앞,140,2022-01-01,대여소별 이용정보 22.1.csv
마포구,상암1팀,3006. 상암월드컵파크5단지(상암중학교),140,2022-01-01,대여소별 이용정보 22.1.csv
서초구,이수3팀,2269. 주홍교 하부,140,2022-01-01,대여소별 이용정보 22.1.csv
관악구,영남2팀,2184. 구암초등학교 버스정류장,140,2022-01-01,대여소별 이용정보 22.1.csv
강동구,천호1팀,3688. 상일동산(동아아파트앞 교차로),140,2022-01-01,대여소별 이용정보 22.1.csv
종로구,세종로1팀,451. 청와대앞길,142,2022-01-01,대여소별 이용정보 22.1.csv
동대문구,훈련원3팀,600. 휘경2동 주민센터,142,2022-01-01,대여소별 이용정보 22.1.csv
서초구,이수3팀,2545.국립중앙도서관(국제회의장옆),142,2022-01-01,대여소별 이용정보 22.1.csv
은평구,상암3팀,928. 은평역사한옥박물관,142,2022-01-01,대여소별 이용정보 22.1.csv
영등포구,영남3팀,4581. 국회소통관,142,2022-01-01,대여소별 이용정보 22.1.csv
관악구,이수2팀,3806. 낙성대 교수아파트,143,2022-01-01,대여소별 이용정보 22.1.csv
금천구,천왕2팀,1850. 코오롱테크노밸리,143,2022-01-01,대여소별 이용정보 22.1.csv
은평구,상암3팀,977.신도중학교앞,143,2022-01-01,대여소별 이용정보 22.1.csv
중구,훈련원1팀,479.동대입구역 3번 출구,143,2022-01-01,대여소별 이용정보 22.1.csv
노원구,도봉1팀,1652. 파르코 앞,143,2022-01-01,대여소별 이용정보 22.1.csv
강서구,개화1팀,2716.롯데 R&D 센터,143,2022-01-01,대여소별 이용정보 22.1.csv
송파구,학여울2팀,4863. 잠실나들목5,143,2022-01-01,대여소별 이용정보 22.1.csv
강동구,천호1팀,3690. 강일역 4번출구,143,2022-01-01,대여소별 이용정보 22.1.csv
서대문구,상암2팀,163. 명지전문대학교 정문 앞,144,2022-01-01,대여소별 이용정보 22.1.csv
서초구,이수3팀,2548.반포1동 자율방범초소 옆,144,2022-01-01,대여소별 이용정보 22.1.csv
강남구,이수3팀,2406. 논현동 광명빌딩 앞,144,2022-01-01,대여소별 이용정보 22.1.csv
강남구,학여울1팀,2329. 르네상스호텔사거리 역삼지하보도 2번출구,144,2022-01-01,대여소별 이용정보 22.1.csv
강서구,개화1팀,1188. 롯데중앙연구소,145,2022-01-01,대여소별 이용정보 22.1.csv
동작구,이수2팀,2083.흑석롯데캐슬에듀포레(107동),145,2022-01-01,대여소별 이용정보 22.1.csv
강동구,천호1팀,1037. 강일리버파크 6단지,146,2022-01-01,대여소별 이용정보 22.1.csv
중랑구,중랑3팀,4811. 한양수자인아파트 앞,146,2022-01-01,대여소별 이용정보 22.1.csv
영등포구,영남3팀,295.영등포공원 분수대 앞,146,2022-01-01,대여소별 이용정보 22.1.csv
성동구,중랑2팀,3551.성동도로사업소,146,2022-01-01,대여소별 이용정보 22.1.csv
중구,세종로2팀,466.롯데호텔,146,2022-01-01,대여소별 이용정보 22.1.csv
강동구,천호1팀,1053. 동명근린공원 진입로 (아리수로),147,2022-01-01,대여소별 이용정보 22.1.csv
관악구,이수2팀,3804. 낙성대공원,147,2022-01-01,대여소별 이용정보 22.1.csv
마포구,상암1팀,4234. 에스테반,147,2022-01-01,대여소별 이용정보 22.1.csv
은평구,상암3팀,945. 기자촌 사거리,147,2022-01-01,대여소별 이용정보 22.1.csv
성북구,훈련원2팀,1314. 정릉꿈에그린1단지 201동 앞,148,2022-01-01,대여소별 이용정보 22.1.csv
강남구,학여울1팀,3646. 선정릉역 4번 출구,148,2022-01-01,대여소별 이용정보 22.1.csv
강북구,도봉4팀,1541. 삼양역,148,2022-01-01,대여소별 이용정보 22.1.csv
동작구,이수2팀,2037. 동작역 5번출구 동작주차공원,148,2022-01-01,대여소별 이용정보 22.1.csv
은평구,상암3팀,4667. 폭포동입구 교차로,148,2022-01-01,대여소별 이용정보 22.1.csv
강남구,학여울2팀,2351. 청소년수련관(수영장)앞,149,2022-01-01,대여소별 이용정보 22.1.csv
서초구,이수2팀,2283. 그룹한빌딩옆,149,2022-01-01,대여소별 이용정보 22.1.csv
송파구,천호2팀,1291. 서울체육고등학교 앞,150,2022-01-01,대여소별 이용정보 22.1.csv
성동구,중랑2팀,3556.신금호파크자이APT앞,150,2022-01-01,대여소별 이용정보 22.1.csv
서대문구,상암2팀,161. 무악재역1번 출구,150,2022-01-01,대여소별 이용정보 22.1.csv
송파구,학여울2팀,1290. 위례송파꿈에그린아파트24단지 앞 성벽 다리 밑,150,2022-01-01,대여소별 이용정보 22.1.csv
도봉구,도봉3팀,1731. 도봉고등학교 맞은편,151,2022-01-01,대여소별 이용정보 22.1.csv
중랑구,중랑3팀,1466.두산대림아파트 삼거리,152,2022-01-01,대여소별 이용정보 22.1.csv
강남구,학여울2팀,3641. 대청역,152,2022-01-01,대여소별 이용정보 22.1.csv
강동구,천호1팀,1034. 고덕동 래미안 힐스테이트,152,2022-01-01,대여소별 이용정보 22.1.csv
동작구,이수2팀,2094.숭실대학교(중문),152,2022-01-01,대여소별 이용정보 22.1.csv
강남구,학여울1팀,2310. 청담동 맥도날드 옆(위치),153,2022-01-01,대여소별 이용정보 22.1.csv
중구,세종로 4팀,4781. 브라운스위트레지던스,153,2022-01-01,대여소별 이용정보 22.1.csv
송파구,천호2팀,1289. 풍납토성 서성벽터B,153,2022-01-01,대여소별 이용정보 22.1.csv
광진구,중랑1팀,3543. 세종대학교(학술정보원),154,2022-01-01,대여소별 이용정보 22.1.csv
강동구,천호1팀,3661. 명일동신동아아파트 앞,154,2022-01-01,대여소별 이용정보 22.1.csv
동작구,이수2팀,2027. 중앙대학교 정문 1,154,2022-01-01,대여소별 이용정보 22.1.csv
강남구,학여울1팀,2416.한티역 6번 출구,154,2022-01-01,대여소별 이용정보 22.1.csv
구로구,천왕2팀,2825.초롱타운 앞,154,2022-01-01,대여소별 이용정보 22.1.csv
금천구,천왕3팀,3973. 독산2동주민센터 앞,154,2022-01-01,대여소별 이용정보 22.1.csv
노원구,도봉2팀,4040. 공릉로 26길,155,2022-01-01,대여소별 이용정보 22.1.csv
용산구,세종로3팀,847. 국방부민원실옆,155,2022-01-01,대여소별 이용정보 22.1.csv
강남구,학여울1팀,2352. 서울본부세관(건설회관 앞),155,2022-01-01,대여소별 이용정보 22.1.csv
강동구,천호1팀,3659. 명일초등학교 옆,155,2022-01-01,대여소별 이용정보 22.1.csv
광진구,중랑1팀,575. 대원중고교 입구(대하빌딩),155,2022-01-01,대여소별 이용정보 22.1.csv
강동구,천호1팀,1032. 선사고등학교,155,2022-01-01,대여소별 이용정보 22.1.csv
강남구,학여울1팀,2347. 두산건설 본사,155,2022-01-01,대여소별 이용정보 22.1.csv
금천구,천왕3팀,1826. 한신코아 앞,156,2022-01-01,대여소별 이용정보 22.1.csv
중랑구,중랑3팀,1477.면목삼익아파트 앞,156,2022-01-01,대여소별 이용정보 22.1.csv
성북구,훈련원2팀,1315. 고려사대부속중고 정문,156,2022-01-01,대여소별 이용정보 22.1.csv
송파구,학여울2팀,2650.위례22단지 2208동 다리앞,156,2022-01-01,대여소별 이용정보 22.1.csv
강서구,개화2팀,3766. 강서문화센터,156,2022-01-01,대여소별 이용정보 22.1.csv
광진구,중랑1팀,3564.나루마당,157,2022-01-01,대여소별 이용정보 22.1.csv
강북구,도봉4팀,1573.현대성우아파트 옆,157,2022-01-01,대여소별 이용정보 22.1.csv
서초구,이수3팀,2547.포드서초서비스센터앞,157,2022-01-01,대여소별 이용정보 22.1.csv
강동구,천호1팀,3674. 강동리버스트7단지,157,2022-01-01,대여소별 이용정보 22.1.csv
금천구,천왕3팀,3967. 혜명양로원 담장 옆(2),157,2022-01-01,대여소별 이용정보 22.1.csv
성북구,훈련원2팀,1393.돈암육교 하단,158,2022-01-01,대여소별 이용정보 22.1.csv
마포구,상암1팀,494.신수동주민센터,159,2022-01-01,대여소별 이용정보 22.1.csv
강남구,학여울1팀,3636. 삼성중앙역·플래티넘아파트 정류소,159,2022-01-01,대여소별 이용정보 22.1.csv
중구,세종로2팀,467.한국은행,159,2022-01-01,대여소별 이용정보 22.1.csv
노원구,도봉1팀,1678. 성서대학교 밀알관,159,2022-01-01,대여소별 이용정보 22.1.csv
광진구,중랑1팀,591. 건국대학교 (행정관),159,2022-01-01,대여소별 이용정보 22.1.csv
중구,세종로2팀,4761. 탐앤탐스 을지로3가점,160,2022-01-01,대여소별 이용정보 22.1.csv
서초구,이수3팀,2210. 반포1동 주민센터 앞,160,2022-01-01,대여소별 이용정보 22.1.csv
용산구,세종로3팀,4632. 용산 푸르지오 파크타운 1단지 앞,160,2022-01-01,대여소별 이용정보 22.1.csv
서초구,이수3팀,4327. 몽마르뜨공원입구,161,2022-01-01,대여소별 이용정보 22.1.csv
중랑구,중랑3팀,1421. 신내역 4번출구,161,2022-01-01,대여소별 이용정보 22.1.csv
은평구,상암3팀,4672. 준빌딩 앞,161,2022-01-01,대여소별 이용정보 22.1.csv
금천구,천왕3팀,1857. 주공14단지,162,2022-01-01,대여소별 이용정보 22.1.csv
동작구,이수2팀,2088.상도중앙하이츠빌 입구,162,2022-01-01,대여소별 이용정보 22.1.csv
강북구,도봉4팀,3703. 신성교회 앞,162,2022-01-01,대여소별 이용정보 22.1.csv
마포구,상암1팀,432. 마포중앙도서관,162,2022-01-01,대여소별 이용정보 22.1.csv
송파구,학여울2팀,4869. 잠실나들목6,162,2022-01-01,대여소별 이용정보 22.1.csv
강남구,학여울1팀,2370. 한티역 3번출구,162,2022-01-01,대여소별 이용정보 22.1.csv
마포구,상암1팀,3005.마포구청 청사내,162,2022-01-01,대여소별 이용정보 22.1.csv
영등포구,영남3팀,4583. 의정관,163,2022-01-01,대여소별 이용정보 22.1.csv
동작구,이수2팀,2026. 흑석역 4번출구,163,2022-01-01,대여소별 이용정보 22.1.csv
종로구,세종로1팀,3427.인왕산 아이파크 정문,163,2022-01-01,대여소별 이용정보 22.1.csv
도봉구,도봉3팀,1717. 시립창동운동장 입구,163,2022-01-01,대여소별 이용정보 22.1.csv
송파구,천호2팀,4461. 한양3차아파트 3동 앞,163,2022-01-01,대여소별 이용정보 22.1.csv
강남구,학여울1팀,2305. MCM 본사 직영점 앞,163,2022-01-01,대여소별 이용정보 22.1.csv
강북구,도봉4팀,1513. 강북구청 뒷편,163,2022-01-01,대여소별 이용정보 22.1.csv
송파구,천호2팀,4889. 마천역 1번 출구 인근②,164,2022-01-01,대여소별 이용정보 22.1.csv
송파구,학여울2팀,4885. 가든파이브 리빙관,164,2022-01-01,대여소별 이용정보 22.1.csv
금천구,천왕3팀,1816. 금천폭포공원 앞,164,2022-01-01,대여소별 이용정보 22.1.csv
은평구,상암3팀,995.은평다목적체육관,165,2022-01-01,대여소별 이용정보 22.1.csv
금천구,천왕3팀,1836. 금천구립 독산도서관,165,2022-01-01,대여소별 이용정보 22.1.csv
성동구,중랑2팀,522. 금호역 1번출구 앞,165,2022-01-01,대여소별 이용정보 22.1.csv
서초구,이수1팀,4329. SC제일은행 양재동지점 앞,165,2022-01-01,대여소별 이용정보 22.1.csv
강남구,학여울1팀,2427.개포고등학교 정문앞,165,2022-01-01,대여소별 이용정보 22.1.csv
송파구,천호2팀,4882. 위례포레샤인18단지 1802동,165,2022-01-01,대여소별 이용정보 22.1.csv
강남구,학여울1팀,2390. 구룡마을 입구 (래미안블레스티지 아파트),165,2022-01-01,대여소별 이용정보 22.1.csv
서초구,이수3팀,4313. 반포종합운동장,166,2022-01-01,대여소별 이용정보 22.1.csv
강남구,학여울1팀,2309. 청담역(우리들병원 앞),166,2022-01-01,대여소별 이용정보 22.1.csv
서대문구,상암2팀,3126.남가좌동 제2공영주차장,166,2022-01-01,대여소별 이용정보 22.1.csv
강북구,도봉4팀,1558.강북문화정보도서관,167,2022-01-01,대여소별 이용정보 22.1.csv
강서구,개화2팀,3765. 문소빌딩,167,2022-01-01,대여소별 이용정보 22.1.csv
강남구,학여울1팀,2382. 역삼동 sk뷰 501동앞,167,2022-01-01,대여소별 이용정보 22.1.csv
성북구,훈련원2팀,1365. 선잠단지 앞,167,2022-01-01,대여소별 이용정보 22.1.csv
마포구,상암1팀,4245. 그랑자이 아파트,168,2022-01-01,대여소별 이용정보 22.1.csv
용산구,세종로3팀,858.녹사평역3번 출구,168,2022-01-01,대여소별 이용정보 22.1.csv
중구,세종로2팀,4762. 국제빌딩,168,2022-01-01,대여소별 이용정보 22.1.csv
송파구,천호2팀,4857. 올림픽공원 장미광장,169,2022-01-01,대여소별 이용정보 22.1.csv
용산구,세종로3팀,808. 서빙고동 금호맨션 앞,170,2022-01-01,대여소별 이용정보 22.1.csv
도봉구,도봉3팀,4058. 다락원체육공원 전망대 입구,170,2022-01-01,대여소별 이용정보 22.1.csv
마포구,상암1팀,4251. 공덕역 경의선숲길 커뮤니티센터,170,2022-01-01,대여소별 이용정보 22.1.csv
금천구,천왕3팀,1823. 상신정비공업 앞,170,2022-01-01,대여소별 이용정보 22.1.csv
구로구,천왕1팀,2812.항동프라자,170,2022-01-01,대여소별 이용정보 22.1.csv
도봉구,도봉3팀,4073.방아골종합사회복지관,171,2022-01-01,대여소별 이용정보 22.1.csv
서초구,이수3팀,4304. 서울고앞,171,2022-01-01,대여소별 이용정보 22.1.csv
서초구,이수2팀,2226. 신동아럭스빌아파트 앞,172,2022-01-01,대여소별 이용정보 22.1.csv
금천구,천왕3팀,3977. 말미사거리,172,2022-01-01,대여소별 이용정보 22.1.csv
강서구,개화3팀,3761. 나이아가라관광호텔,172,2022-01-01,대여소별 이용정보 22.1.csv
마포구,상암1팀,4248. 신촌 교보빌딩,172,2022-01-01,대여소별 이용정보 22.1.csv
송파구,천호2팀,4474. 가락현대 1차 11동 앞,173,2022-01-01,대여소별 이용정보 22.1.csv
금천구,천왕3팀,1852. 혜명양로원 담장 옆,173,2022-01-01,대여소별 이용정보 22.1.csv
중구,세종로2팀,469.회현역 1번출구,173,2022-01-01,대여소별 이용정보 22.1.csv
강서구,개화1팀,1105. 방화근린공원,173,2022-01-01,대여소별 이용정보 22.1.csv
양천구,영남1팀,4536. 양천해누리체육공원,173,2022-01-01,대여소별 이용정보 22.1.csv
용산구,세종로 4팀,851.효창 푸르지오 앞,174,2022-01-01,대여소별 이용정보 22.1.csv
도봉구,도봉3팀,1714. 도봉문화정보도서관 삼거리,174,2022-01-01,대여소별 이용정보 22.1.csv
중구,세종로 4팀,435. SK 남산빌딩,175,2022-01-01,대여소별 이용정보 22.1.csv
동작구,이수2팀,2041. 사당중학교 버스정류소,175,2022-01-01,대여소별 이용정보 22.1.csv
강남구,학여울1팀,2336. 강남세브란스교차로 래미안그레이튼 104동 앞,175,2022-01-01,대여소별 이용정보 22.1.csv
송파구,천호2팀,2643.풍납중학교 측면,175,2022-01-01,대여소별 이용정보 22.1.csv
중랑구,중랑3팀,4807. 라코지스테이 앞,176,2022-01-01,대여소별 이용정보 22.1.csv
영등포구,영남3팀,4573. 두산위브아파트,176,2022-01-01,대여소별 이용정보 22.1.csv
중구,세종로2팀,468.웨스틴 조선호텔,177,2022-01-01,대여소별 이용정보 22.1.csv
은평구,상암3팀,967. 서울혁신파크2,177,2022-01-01,대여소별 이용정보 22.1.csv
용산구,세종로3팀,863.이촌역2번 출구,177,2022-01-01,대여소별 이용정보 22.1.csv
강남구,학여울1팀,2388. 강남구 도시관리공단,177,2022-01-01,대여소별 이용정보 22.1.csv
노원구,도봉1팀,1635. 상계3.4동 주민센터 대여소,177,2022-01-01,대여소별 이용정보 22.1.csv
중랑구,중랑3팀,1435. 능산삼거리,177,2022-01-01,대여소별 이용정보 22.1.csv
성동구,중랑2팀,4362. 행당중학교 후문,178,2022-01-01,대여소별 이용정보 22.1.csv
마포구,상암1팀,4246. 상수역새마을금고,179,2022-01-01,대여소별 이용정보 22.1.csv
성북구,훈련원2팀,1323. 월곡역 입구 육교 밑,179,2022-01-01,대여소별 이용정보 22.1.csv
강남구,학여울1팀,2380. 삼성동베이직하우스앞,179,2022-01-01,대여소별 이용정보 22.1.csv
동작구,영남2팀,2008. 노량진근린공원 대방공원,179,2022-01-01,대여소별 이용정보 22.1.csv
구로구,천왕2팀,1910. 낙원교회 맞은편,179,2022-01-01,대여소별 이용정보 22.1.csv
광진구,중랑1팀,3521. 현대홈타운 뒷길,179,2022-01-01,대여소별 이용정보 22.1.csv
강남구,학여울2팀,3642. LH강남힐스테이트아파트,179,2022-01-01,대여소별 이용정보 22.1.csv
강서구,개화2팀,5072. 김포공항입구 교통섬,180,2022-01-01,대여소별 이용정보 22.1.csv
강남구,학여울1팀,2371. 한국우편사업진흥원,180,2022-01-01,대여소별 이용정보 22.1.csv
용산구,세종로3팀,867.서빙고역 광장(1번출구),181,2022-01-01,대여소별 이용정보 22.1.csv
강남구,학여울1팀,2363. 강남 을지병원 교차로,181,2022-01-01,대여소별 이용정보 22.1.csv
강남구,학여울1팀,2428.롯데리아 개포점앞,182,2022-01-01,대여소별 이용정보 22.1.csv
중구,훈련원1팀,429. 송도병원,182,2022-01-01,대여소별 이용정보 22.1.csv
강남구,학여울1팀,2349. 역삼빌딩 앞(하나은행 옆),182,2022-01-01,대여소별 이용정보 22.1.csv
서대문구,상암2팀,3109.북한산더? 106동 앞,182,2022-01-01,대여소별 이용정보 22.1.csv
송파구,천호2팀,4892. 성내유수지 체육공원,182,2022-01-01,대여소별 이용정보 22.1.csv
송파구,학여울2팀,4490. 송파파인타운 10단지 1005동,182,2022-01-01,대여소별 이용정보 22.1.csv
중랑구,중랑3팀,4815. 중랑데시앙플렉스 앞,183,2022-01-01,대여소별 이용정보 22.1.csv
강북구,도봉4팀,1546. 송천동우체국,183,2022-01-01,대여소별 이용정보 22.1.csv
노원구,도봉1팀,4035. 수락 행복발전소 앞,183,2022-01-01,대여소별 이용정보 22.1.csv
송파구,천호2팀,2649.오금공원사거리2,183,2022-01-01,대여소별 이용정보 22.1.csv
강동구,천호1팀,3686. 고덕 래미안 힐스테이트(101동),183,2022-01-01,대여소별 이용정보 22.1.csv
강북구,도봉4팀,1537. 북한산 우이역,184,2022-01-01,대여소별 이용정보 22.1.csv
강남구,학여울2팀,3640. 일원1동주민센터앞 사거리,184,2022-01-01,대여소별 이용정보 22.1.csv
강남구,학여울1팀,2312. 청담역 13번 출구 앞,184,2022-01-01,대여소별 이용정보 22.1.csv
강동구,천호1팀,3663. 암사정수센터교차로(강동롯데캐슬퍼스트아파트),184,2022-01-01,대여소별 이용정보 22.1.csv
성동구,중랑2팀,534. 금호사거리,185,2022-01-01,대여소별 이용정보 22.1.csv
동대문구,훈련원4팀,608. 전농삼성아파트,185,2022-01-01,대여소별 이용정보 22.1.csv
강동구,천호1팀,1079.강일동입구교차로,185,2022-01-01,대여소별 이용정보 22.1.csv
용산구,세종로 4팀,4618. 풍전아파트 건너편,186,2022-01-01,대여소별 이용정보 22.1.csv
영등포구,영남3팀,4580. 국회3문,186,2022-01-01,대여소별 이용정보 22.1.csv
종로구,세종로1팀,3426.독립문역 2번출구 뒤,186,2022-01-01,대여소별 이용정보 22.1.csv
마포구,상암1팀,4221. 솔리스타오피스텔(공덕동주민센터),186,2022-01-01,대여소별 이용정보 22.1.csv
서초구,이수1팀,2539.대한무역투자진흥공사 KOTRA 앞,186,2022-01-01,대여소별 이용정보 22.1.csv
성북구,훈련원2팀,1370. 복자사랑 피정의 집,187,2022-01-01,대여소별 이용정보 22.1.csv
강서구,개화1팀,3787. 가양나들목,188,2022-01-01,대여소별 이용정보 22.1.csv
동작구,영남2팀,4152. 상도효성해링턴플레이스,188,2022-01-01,대여소별 이용정보 22.1.csv
용산구,세종로3팀,831. 이태원관광특구입구,188,2022-01-01,대여소별 이용정보 22.1.csv
강서구,개화1팀,1101. 개화동상사마을종점 버스정류장,188,2022-01-01,대여소별 이용정보 22.1.csv
은평구,상암3팀,959. 구파발10단지 인근,188,2022-01-01,대여소별 이용정보 22.1.csv
중랑구,중랑3팀,1479.면목 홈플러스 2,189,2022-01-01,대여소별 이용정보 22.1.csv
도봉구,도봉3팀,1732. 우리은행 앞,189,2022-01-01,대여소별 이용정보 22.1.csv
강동구,천호1팀,3682. 길동 동호빌딩,189,2022-01-01,대여소별 이용정보 22.1.csv
마포구,상암1팀,4224. 서부운전면허시험장,190,2022-01-01,대여소별 이용정보 22.1.csv
중랑구,중랑3팀,1459. 용마한신아파트사거리,190,2022-01-01,대여소별 이용정보 22.1.csv
강북구,도봉4팀,1538. 솔밭공원역,190,2022-01-01,대여소별 이용정보 22.1.csv
송파구,학여울2팀,2645.잠실나들목2(엘스아파트136동),190,2022-01-01,대여소별 이용정보 22.1.csv
용산구,세종로3팀,857. 현대 안성타워,191,2022-01-01,대여소별 이용정보 22.1.csv
노원구,도봉1팀,1664. 노해근린공원내,191,2022-01-01,대여소별 이용정보 22.1.csv
중구,훈련원1팀,371. 동대입구역 6번출구 뒤,191,2022-01-01,대여소별 이용정보 22.1.csv
은평구,상암2팀,4658. 녹번역1번출구앞,191,2022-01-01,대여소별 이용정보 22.1.csv
도봉구,도봉3팀,4064. 신창아파트 입구 앞,192,2022-01-01,대여소별 이용정보 22.1.csv
관악구,영남2팀,3310.영락고등학교,192,2022-01-01,대여소별 이용정보 22.1.csv
강동구,천호1팀,1063.강동롯데캐슬퍼스트 아파트(관리동),192,2022-01-01,대여소별 이용정보 22.1.csv
영등포구,영남3팀,271. 샛강생태공원방문자센터 앞,192,2022-01-01,대여소별 이용정보 22.1.csv
강북구,도봉4팀,1511. 번동 금호어울림아파트102동앞,192,2022-01-01,대여소별 이용정보 22.1.csv
중랑구,중랑3팀,1426. 면목도시개발아파트 1동 앞,193,2022-01-01,대여소별 이용정보 22.1.csv
서초구,이수3팀,2280. 서울서초고용센터앞,193,2022-01-01,대여소별 이용정보 22.1.csv
강동구,천호1팀,1069.강동경희대학교병원 입구,193,2022-01-01,대여소별 이용정보 22.1.csv
강북구,도봉4팀,1510. 번동주공5단지 관리사무소 앞,193,2022-01-01,대여소별 이용정보 22.1.csv
구로구,천왕1팀,1971. 오정초교 앞 보도육교,193,2022-01-01,대여소별 이용정보 22.1.csv
관악구,이수2팀,2159. 인헌초교,193,2022-01-01,대여소별 이용정보 22.1.csv
금천구,천왕2팀,1849. 대륭포스트타워5차,193,2022-01-01,대여소별 이용정보 22.1.csv
은평구,상암3팀,953. 서울연신초등학교,193,2022-01-01,대여소별 이용정보 22.1.csv
강남구,학여울1팀,2357. 르네상스호텔사거리 역삼지하보도 3번출구 앞 (더 오번 빌딩 명동칼국수 앞),193,2022-01-01,대여소별 이용정보 22.1.csv
은평구,상암3팀,942. 상림마을 생태공원,194,2022-01-01,대여소별 이용정보 22.1.csv
강북구,도봉4팀,1571.북서울 꿈의 숲 입구,194,2022-01-01,대여소별 이용정보 22.1.csv
구로구,천왕2팀,1998. 고척교 교차로,194,2022-01-01,대여소별 이용정보 22.1.csv
구로구,천왕1팀,3912. 삼호아파트 앞,194,2022-01-01,대여소별 이용정보 22.1.csv
강남구,학여울1팀,3629. 청담사거리(신한오피스텔빌딩 앞),194,2022-01-01,대여소별 이용정보 22.1.csv
양천구,개화4팀,4516. 신진빌라,194,2022-01-01,대여소별 이용정보 22.1.csv
양천구,개화3팀,776.목마공원,194,2022-01-01,대여소별 이용정보 22.1.csv
은평구,상암3팀,994.북한산생태공원입구(교통섬),195,2022-01-01,대여소별 이용정보 22.1.csv
용산구,세종로 4팀,4627. 효창공원앞역 5번출구 옆,195,2022-01-01,대여소별 이용정보 22.1.csv
성동구,중랑2팀,3557.서울숲리버뷰자이APT105동 앞,195,2022-01-01,대여소별 이용정보 22.1.csv
용산구,세종로 4팀,830. 청암자이아파트앞,195,2022-01-01,대여소별 이용정보 22.1.csv
서초구,이수1팀,4320. 신영체르니 아파트,195,2022-01-01,대여소별 이용정보 22.1.csv
강동구,천호1팀,3653. 강동리버스트4단지아파트 404동 앞,196,2022-01-01,대여소별 이용정보 22.1.csv
서초구,이수3팀,2509. 심산기념문화센터,196,2022-01-01,대여소별 이용정보 22.1.csv
도봉구,도봉3팀,1761.방학중학교 앞,197,2022-01-01,대여소별 이용정보 22.1.csv
중구,세종로 4팀,442.서울역 서부,197,2022-01-01,대여소별 이용정보 22.1.csv
서대문구,상암1팀,3114.충정로역 3번 출구,198,2022-01-01,대여소별 이용정보 22.1.csv
용산구,세종로3팀,4615. 크라운호텔앞 버스정류소,198,2022-01-01,대여소별 이용정보 22.1.csv
서초구,이수3팀,2214. 신반포역 2번출구 앞,198,2022-01-01,대여소별 이용정보 22.1.csv
용산구,세종로 4팀,4616. 신용산지하차도 앞,199,2022-01-01,대여소별 이용정보 22.1.csv
도봉구,도봉3팀,1768.신동아타워 버스정류소,199,2022-01-01,대여소별 이용정보 22.1.csv
구로구,천왕1팀,1999. 수궁동 성당 주변,199,2022-01-01,대여소별 이용정보 22.1.csv
강동구,천호1팀,3654. 강동리버스트4단지아파트 405동 앞,200,2022-01-01,대여소별 이용정보 22.1.csv
중구,세종로2팀,4776. 신세계면세점,200,2022-01-01,대여소별 이용정보 22.1.csv
용산구,세종로 4팀,4602. 숙명여대앞 버스정류소 주변,200,2022-01-01,대여소별 이용정보 22.1.csv
강동구,천호1팀,1031. 올림픽로 836(아리수로),201,2022-01-01,대여소별 이용정보 22.1.csv
금천구,천왕3팀,1865.금천구청앞(M빌딩),201,2022-01-01,대여소별 이용정보 22.1.csv
강서구,개화1팀,1196. 서울식물원(문화센터) 건너편,202,2022-01-01,대여소별 이용정보 22.1.csv
은평구,상암2팀,978.녹번 힐스테이트상가앞,202,2022-01-01,대여소별 이용정보 22.1.csv
서대문구,상암2팀,3107. 연희초등학교 앞,203,2022-01-01,대여소별 이용정보 22.1.csv
성동구,중랑2팀,3547.상왕십리역 6번 출입구,203,2022-01-01,대여소별 이용정보 22.1.csv
은평구,상암3팀,952. 서울연신중학교,203,2022-01-01,대여소별 이용정보 22.1.csv
동대문구,훈련원3팀,4116. 이문e편한세상아파트 앞,203,2022-01-01,대여소별 이용정보 22.1.csv
성동구,중랑2팀,3558.마장동 금호어울림APT앞,203,2022-01-01,대여소별 이용정보 22.1.csv
강남구,학여울1팀,3604. 삼성중앙역 5번출구,204,2022-01-01,대여소별 이용정보 22.1.csv
송파구,학여울2팀,1263. 장지공영차고지,204,2022-01-01,대여소별 이용정보 22.1.csv
강남구,학여울1팀,3630. 개포우성6차아파트 정문 앞,204,2022-01-01,대여소별 이용정보 22.1.csv
강북구,도봉4팀,1522. 월드전기조명인테리어(우이동),204,2022-01-01,대여소별 이용정보 22.1.csv
서초구,이수3팀,4312. 반포미도2차아파트 옆,204,2022-01-01,대여소별 이용정보 22.1.csv
종로구,훈련원1팀,397. 종묘공영주차장 건너편,204,2022-01-01,대여소별 이용정보 22.1.csv
송파구,학여울2팀,1296. 석촌호수교차로 (송파나루근린공원 앞),205,2022-01-01,대여소별 이용정보 22.1.csv
은평구,상암3팀,921. 신도고등학교,205,2022-01-01,대여소별 이용정보 22.1.csv
중구,세종로2팀,4784. 중부경찰서앞 사거리,206,2022-01-01,대여소별 이용정보 22.1.csv
서초구,이수2팀,2223. 방배래미안 정문 앞,207,2022-01-01,대여소별 이용정보 22.1.csv
노원구,도봉2팀,1693. 원자력 병원,207,2022-01-01,대여소별 이용정보 22.1.csv
구로구,천왕1팀,1992. 구로구배드민턴실내체육관 앞,207,2022-01-01,대여소별 이용정보 22.1.csv
송파구,천호2팀,4861. 거여삼거리,207,2022-01-01,대여소별 이용정보 22.1.csv
중구,훈련원1팀,428. 명보사거리,207,2022-01-01,대여소별 이용정보 22.1.csv
동작구,이수2팀,2069. 숭실대 입구역3번 출구 앞,207,2022-01-01,대여소별 이용정보 22.1.csv
노원구,도봉2팀,1646. 삼육대 입구,208,2022-01-01,대여소별 이용정보 22.1.csv
노원구,도봉2팀,2907. 월계중학교,208,2022-01-01,대여소별 이용정보 22.1.csv
관악구,이수2팀,3813. 낙성대역 5번출구,208,2022-01-01,대여소별 이용정보 22.1.csv
구로구,천왕1팀,1967. 참새공원(백곡경노당),209,2022-01-01,대여소별 이용정보 22.1.csv
관악구,영남2팀,2143. 서울산업정보학교,209,2022-01-01,대여소별 이용정보 22.1.csv
마포구,상암1팀,424. 롯데하이마트 (상암월드컵점),210,2022-01-01,대여소별 이용정보 22.1.csv
강북구,도봉4팀,1551.4.19탑 앞,210,2022-01-01,대여소별 이용정보 22.1.csv
송파구,천호2팀,1213. 백토공원 앞,210,2022-01-01,대여소별 이용정보 22.1.csv
성북구,훈련원2팀,1304. 만해공원,211,2022-01-01,대여소별 이용정보 22.1.csv
노원구,도봉2팀,2914.서울과학기술대학교(미래관),211,2022-01-01,대여소별 이용정보 22.1.csv
구로구,천왕1팀,3903. 현대아파트 앞,211,2022-01-01,대여소별 이용정보 22.1.csv
성북구,훈련원2팀,1347. 길음래미안아파트817동 상가 앞,212,2022-01-01,대여소별 이용정보 22.1.csv
노원구,도봉2팀,1660. 서울시립과학관,212,2022-01-01,대여소별 이용정보 22.1.csv
송파구,학여울2팀,4887. 호돌이상가,212,2022-01-01,대여소별 이용정보 22.1.csv
중구,훈련원1팀,382. 약수역 10번출구 앞,212,2022-01-01,대여소별 이용정보 22.1.csv
용산구,세종로3팀,848. 삼각지12번 출구,213,2022-01-01,대여소별 이용정보 22.1.csv
강동구,천호1팀,1056. 강일리버파크 7~11단지,213,2022-01-01,대여소별 이용정보 22.1.csv
강북구,도봉4팀,1539. 4.19민주묘지역,213,2022-01-01,대여소별 이용정보 22.1.csv
강남구,학여울1팀,2311. 학동로 래미안 아파트 앞,213,2022-01-01,대여소별 이용정보 22.1.csv
서초구,이수2팀,2281. 연세사랑병원신관앞,213,2022-01-01,대여소별 이용정보 22.1.csv
은평구,상암3팀,947. 연신내 선일하이츠빌 정류소,213,2022-01-01,대여소별 이용정보 22.1.csv
성동구,중랑2팀,3553.마장역3번출구,214,2022-01-01,대여소별 이용정보 22.1.csv
강동구,천호1팀,1058. 고덕숲 아이파크 1,214,2022-01-01,대여소별 이용정보 22.1.csv
강서구,개화2팀,3799. 국립항공박물관,214,2022-01-01,대여소별 이용정보 22.1.csv
동작구,영남2팀,4167. 구로교 아래,214,2022-01-01,대여소별 이용정보 22.1.csv
금천구,천왕3팀,1868.우리은행 시흥남자동화점 앞,215,2022-01-01,대여소별 이용정보 22.1.csv
은평구,상암2팀,934. 신사동 성당,215,2022-01-01,대여소별 이용정보 22.1.csv
구로구,천왕1팀,2822.제니스스포츠 앞,216,2022-01-01,대여소별 이용정보 22.1.csv
강북구,도봉4팀,1504. 다이소 삼양시장점,216,2022-01-01,대여소별 이용정보 22.1.csv
송파구,천호2팀,2616. 거여동 사거리,216,2022-01-01,대여소별 이용정보 22.1.csv
강동구,천호1팀,3673. 강동리버스트6단지,216,2022-01-01,대여소별 이용정보 22.1.csv
금천구,천왕3팀,1863.위너스 스포츠클럽 골프연습장옆,216,2022-01-01,대여소별 이용정보 22.1.csv
구로구,천왕1팀,1968. 동인오피스텔 건너편 소공원,217,2022-01-01,대여소별 이용정보 22.1.csv
종로구,세종로1팀,4715. 돈의문 박물관 마을,217,2022-01-01,대여소별 이용정보 22.1.csv
노원구,도봉2팀,4017. 월계 청백1단지 아파트 정류장,217,2022-01-01,대여소별 이용정보 22.1.csv
영등포구,영남3팀,4591. 신길자이아파트,217,2022-01-01,대여소별 이용정보 22.1.csv
강남구,학여울2팀,3623. 일원에코파크 앞(개포로 방면),217,2022-01-01,대여소별 이용정보 22.1.csv
구로구,천왕1팀,2815.항동지구 7단지 정문,218,2022-01-01,대여소별 이용정보 22.1.csv
금천구,천왕3팀,3958. 롯데캐슬2차 마을버스 정류장(18804) 뒤편,218,2022-01-01,대여소별 이용정보 22.1.csv
은평구,상암2팀,975.백련산 힐스테이트상가앞,219,2022-01-01,대여소별 이용정보 22.1.csv
도봉구,도봉3팀,4075. 방학신동아아파트 11동 앞,219,2022-01-01,대여소별 이용정보 22.1.csv
강서구,개화2팀,3797. 마곡수명산파크7단지 710동 앞,221,2022-01-01,대여소별 이용정보 22.1.csv
서초구,이수3팀,2215. 반포종합운동장 입구,222,2022-01-01,대여소별 이용정보 22.1.csv
서대문구,상암1팀,139. 연세대 정문 건너편,222,2022-01-01,대여소별 이용정보 22.1.csv
마포구,상암1팀,120. 신수동 사거리,222,2022-01-01,대여소별 이용정보 22.1.csv
중랑구,중랑3팀,1480. 용마지구대 옆,222,2022-01-01,대여소별 이용정보 22.1.csv
관악구,영남2팀,2172. 나들목공원,224,2022-01-01,대여소별 이용정보 22.1.csv
동작구,이수2팀,2048. 삼일초등학교 인근,224,2022-01-01,대여소별 이용정보 22.1.csv
강동구,천호1팀,1018. 둔촌 주공 GS 맞은편,224,2022-01-01,대여소별 이용정보 22.1.csv
송파구,천호2팀,1279. 마천금호어울림 1차아파트 건너편,224,2022-01-01,대여소별 이용정보 22.1.csv
강남구,학여울1팀,2398. 더라움,224,2022-01-01,대여소별 이용정보 22.1.csv
서초구,이수1팀,2285. LH서초3단지 301동 맞은편,224,2022-01-01,대여소별 이용정보 22.1.csv
강남구,학여울1팀,2358. 구룡초사거리 (현대아파트10동 앞 ),225,2022-01-01,대여소별 이용정보 22.1.csv
중구,세종로2팀,470.회현역 7번출구,225,2022-01-01,대여소별 이용정보 22.1.csv
강동구,천호1팀,3691. 둔촌역 2번출구,225,2022-01-01,대여소별 이용정보 22.1.csv
종로구,세종로1팀,446. 상명대입구,225,2022-01-01,대여소별 이용정보 22.1.csv
구로구,천왕1팀,3918. 이좋은집오피스텔 앞,225,2022-01-01,대여소별 이용정보 22.1.csv
성동구,중랑2팀,3530. 왕십리자이아파트 후문(삼거리),225,2022-01-01,대여소별 이용정보 22.1.csv
종로구,훈련원1팀,388. 동성중학교 앞,226,2022-01-01,대여소별 이용정보 22.1.csv
영등포구,영남3팀,4555. 대림우성2차아파트,226,2022-01-01,대여소별 이용정보 22.1.csv
서초구,이수3팀,4306. 서래공원 앞,226,2022-01-01,대여소별 이용정보 22.1.csv
은평구,상암3팀,922. 연신내역 4번출구,226,2022-01-01,대여소별 이용정보 22.1.csv
강동구,천호1팀,1041. 묘곡초등학교,226,2022-01-01,대여소별 이용정보 22.1.csv
관악구,이수2팀,2129. 낙성대 과학전시관,227,2022-01-01,대여소별 이용정보 22.1.csv
금천구,천왕3팀,1825. 한신아파트 앞 육교 아래,227,2022-01-01,대여소별 이용정보 22.1.csv
서대문구,상암2팀,164. 북가좌1동 주민센터,227,2022-01-01,대여소별 이용정보 22.1.csv
도봉구,도봉3팀,1757.솔밭공원역 1번출구 앞,227,2022-01-01,대여소별 이용정보 22.1.csv
강남구,학여울2팀,2422.수서동 성당 맞은편,227,2022-01-01,대여소별 이용정보 22.1.csv
성북구,훈련원2팀,1353. 금호어울림센터힐 내,227,2022-01-01,대여소별 이용정보 22.1.csv
강서구,개화2팀,1181. 농수산식품공사 (강서지사),227,2022-01-01,대여소별 이용정보 22.1.csv
중랑구,중랑3팀,1425. 용마문화복지센터,227,2022-01-01,대여소별 이용정보 22.1.csv
강동구,천호1팀,3675. 강동리버스트8단지,228,2022-01-01,대여소별 이용정보 22.1.csv
도봉구,도봉3팀,1774.반석교회(쌍문동),228,2022-01-01,대여소별 이용정보 22.1.csv
서초구,이수1팀,2550.양재동 꽃시장 건너편,229,2022-01-01,대여소별 이용정보 22.1.csv
영등포구,영남1팀,4601.양평역2번출구 뒤,229,2022-01-01,대여소별 이용정보 22.1.csv
송파구,학여울2팀,2625.가락종합 사회복지관,229,2022-01-01,대여소별 이용정보 22.1.csv
강서구,개화1팀,3776. 김포공항교차로,229,2022-01-01,대여소별 이용정보 22.1.csv
광진구,중랑1팀,555. 구의3동주민센터,230,2022-01-01,대여소별 이용정보 22.1.csv
서대문구,상암1팀,3100. 북성초교,230,2022-01-01,대여소별 이용정보 22.1.csv
은평구,상암3팀,902. 진관동 은빛초등학교,230,2022-01-01,대여소별 이용정보 22.1.csv
용산구,세종로 4팀,836. 현대자동차서비스 앞,230,2022-01-01,대여소별 이용정보 22.1.csv
성북구,훈련원2팀,1367. 길음문화복합미디어센터,230,2022-01-01,대여소별 이용정보 22.1.csv
도봉구,도봉3팀,1759.서울북부지방법원 앞,231,2022-01-01,대여소별 이용정보 22.1.csv
금천구,천왕3팀,3985. 디폴리스 지식산업센터,232,2022-01-01,대여소별 이용정보 22.1.csv
강남구,학여울2팀,2426.강남한신휴플러스 6단지,232,2022-01-01,대여소별 이용정보 22.1.csv
마포구,상암1팀,4216. 망원정 앞,232,2022-01-01,대여소별 이용정보 22.1.csv
강서구,개화1팀,3801. 이랜드글로벌R&D센터,232,2022-01-01,대여소별 이용정보 22.1.csv
강남구,학여울1팀,2326. 대치동 삼성로,232,2022-01-01,대여소별 이용정보 22.1.csv
송파구,천호2팀,2614. 가락고등학교 앞,233,2022-01-01,대여소별 이용정보 22.1.csv
서초구,이수3팀,2272. 교대입구 교차로,233,2022-01-01,대여소별 이용정보 22.1.csv
용산구,세종로 4팀,852.청암자이APT(103동),233,2022-01-01,대여소별 이용정보 22.1.csv
송파구,학여울2팀,2634.위례포레샤인아파트 2318동,233,2022-01-01,대여소별 이용정보 22.1.csv
용산구,세종로3팀,864.순천향대학병원(한남오거리),233,2022-01-01,대여소별 이용정보 22.1.csv
은평구,상암3팀,993.은평뉴타운 은뜨락아파트앞,233,2022-01-01,대여소별 이용정보 22.1.csv
강남구,학여울1팀,2389. 경기여자고등학교 후문 (삼성로3길 입구),234,2022-01-01,대여소별 이용정보 22.1.csv
영등포구,영남3팀,4599. 대림우성아파트 사거리,235,2022-01-01,대여소별 이용정보 22.1.csv
동대문구,훈련원3팀,636. 세종대왕기념관 교차로,235,2022-01-01,대여소별 이용정보 22.1.csv
강남구,학여울2팀,3644. 상록수아파트,235,2022-01-01,대여소별 이용정보 22.1.csv
동작구,이수2팀,2062. 사당새마을금고,235,2022-01-01,대여소별 이용정보 22.1.csv
도봉구,도봉3팀,1770.도봉한신아파트 주변,235,2022-01-01,대여소별 이용정보 22.1.csv
강남구,학여울1팀,2317. 삼성도로공원,236,2022-01-01,대여소별 이용정보 22.1.csv
서대문구,상암2팀,3127.홍은2파출소 옆,236,2022-01-01,대여소별 이용정보 22.1.csv
마포구,상암1팀,413. 상암월드컵파크 3단지 후문,236,2022-01-01,대여소별 이용정보 22.1.csv
강동구,천호1팀,1067.한영중고앞사거리,236,2022-01-01,대여소별 이용정보 22.1.csv
금천구,천왕3팀,1853. 서울디자인직업전문학교 앞,236,2022-01-01,대여소별 이용정보 22.1.csv
중구,훈련원1팀,483.남산타운아파트 버스정류장,236,2022-01-01,대여소별 이용정보 22.1.csv
강남구,학여울1팀,2313. 금원빌딩 앞,237,2022-01-01,대여소별 이용정보 22.1.csv
동작구,이수2팀,4173. 중대후문 마을버스정류장,237,2022-01-01,대여소별 이용정보 22.1.csv
동작구,이수2팀,2071. 대림아파트 후문 상가 옆,238,2022-01-01,대여소별 이용정보 22.1.csv
양천구,천왕1팀,767.신정숲속마을아파트,239,2022-01-01,대여소별 이용정보 22.1.csv
중랑구,중랑3팀,4835. 망우동 본죽 앞,239,2022-01-01,대여소별 이용정보 22.1.csv
서초구,이수3팀,2520.서초1교 (진흥아파트 방면),239,2022-01-01,대여소별 이용정보 22.1.csv
중랑구,중랑3팀,1457. 동원사거리,239,2022-01-01,대여소별 이용정보 22.1.csv
양천구,개화4팀,745. 강서초등학교,239,2022-01-01,대여소별 이용정보 22.1.csv
강남구,학여울1팀,2360. 도곡1동 주민센터 교차로,239,2022-01-01,대여소별 이용정보 22.1.csv
강서구,개화3팀,1183. KC 대학교,239,2022-01-01,대여소별 이용정보 22.1.csv
강서구,개화2팀,1161. 강서면허시험장 앞,239,2022-01-01,대여소별 이용정보 22.1.csv
금천구,천왕3팀,3984. 가산롯데아이티캐슬,240,2022-01-01,대여소별 이용정보 22.1.csv
영등포구,영남3팀,298.KBS 연구동 건너편,241,2022-01-01,대여소별 이용정보 22.1.csv
중랑구,중랑3팀,1436. 동원베네스트 건물 앞,241,2022-01-01,대여소별 이용정보 22.1.csv
동대문구,훈련원3팀,672.대광고등학교,241,2022-01-01,대여소별 이용정보 22.1.csv
영등포구,영남3팀,4579. 국회의사당 본관,241,2022-01-01,대여소별 이용정보 22.1.csv
서초구,이수3팀,4316. 고속터미널역 3번출구,241,2022-01-01,대여소별 이용정보 22.1.csv
서대문구,상암2팀,3132.홍제교,242,2022-01-01,대여소별 이용정보 22.1.csv
구로구,천왕2팀,2826.가마산지하보도 옆,242,2022-01-01,대여소별 이용정보 22.1.csv
영등포구,영남3팀,3211.신길 래미안 프레비뉴,242,2022-01-01,대여소별 이용정보 22.1.csv
광진구,중랑1팀,3880. 홍련봉 공원,242,2022-01-01,대여소별 이용정보 22.1.csv
강동구,천호1팀,3655. 둔촌신성미소지움아파트,242,2022-01-01,대여소별 이용정보 22.1.csv
영등포구,영남3팀,260. 여의도 마리나선착장 앞,243,2022-01-01,대여소별 이용정보 22.1.csv
동대문구,훈련원4팀,621. 동대문중학교 옆,243,2022-01-01,대여소별 이용정보 22.1.csv
강북구,도봉4팀,1574.송중초등학교 옆,243,2022-01-01,대여소별 이용정보 22.1.csv
강남구,학여울1팀,"2419.봉은사역 1,2번 출구",244,2022-01-01,대여소별 이용정보 22.1.csv
강남구,학여울1팀,2364. 도산공원교차로,244,2022-01-01,대여소별 이용정보 22.1.csv
노원구,도봉1팀,1696.수락리버시티4단지,245,2022-01-01,대여소별 이용정보 22.1.csv
강서구,개화3팀,5067. 주원 리젠트 앞,246,2022-01-01,대여소별 이용정보 22.1.csv
금천구,천왕3팀,3969. 독산역 롯데캐슬 104동 앞,246,2022-01-01,대여소별 이용정보 22.1.csv
강남구,학여울1팀,2368. 도곡동 경남아파트 건너편,247,2022-01-01,대여소별 이용정보 22.1.csv
중구,세종로2팀,4775. 을지로지하쇼핑센터,247,2022-01-01,대여소별 이용정보 22.1.csv
중구,훈련원1팀,480.약수역 6번 출구,247,2022-01-01,대여소별 이용정보 22.1.csv
은평구,상암3팀,4653. 불광역 9번 출구 맞은편,249,2022-01-01,대여소별 이용정보 22.1.csv
은평구,상암2팀,4665. 응암역3번 출구(서부경찰서 방면),249,2022-01-01,대여소별 이용정보 22.1.csv
서초구,이수1팀,2205. 내곡3단지 어린이공원 앞,250,2022-01-01,대여소별 이용정보 22.1.csv
강북구,도봉4팀,1542. 삼양사거리역,251,2022-01-01,대여소별 이용정보 22.1.csv
성북구,훈련원2팀,1316. 고려사대부속중고 건너편,251,2022-01-01,대여소별 이용정보 22.1.csv
구로구,천왕2팀,3919. 구로역·NC신구로점 버스정류장(구로역 방면),251,2022-01-01,대여소별 이용정보 22.1.csv
용산구,세종로3팀,840. 용산 파크타워 앞,252,2022-01-01,대여소별 이용정보 22.1.csv
용산구,세종로 4팀,850. KCC용산월츠타워,252,2022-01-01,대여소별 이용정보 22.1.csv
도봉구,도봉3팀,1727. 서울도봉초등학교인근,252,2022-01-01,대여소별 이용정보 22.1.csv
금천구,천왕3팀,1843. 독산고등학교,252,2022-01-01,대여소별 이용정보 22.1.csv
송파구,학여울2팀,4475. 송파파인타운 4단지 403동,253,2022-01-01,대여소별 이용정보 22.1.csv
구로구,천왕1팀,1973. 오리로와 서해안도로 교차로 앞,253,2022-01-01,대여소별 이용정보 22.1.csv
송파구,학여울2팀,1285. 위례별 유치원 뒤,253,2022-01-01,대여소별 이용정보 22.1.csv
동대문구,훈련원4팀,606. 휘경공고앞,253,2022-01-01,대여소별 이용정보 22.1.csv
중구,세종로2팀,4785. 롯데시티호텔,254,2022-01-01,대여소별 이용정보 22.1.csv
성북구,훈련원2팀,4414. 안암역 3번 출구,254,2022-01-01,대여소별 이용정보 22.1.csv
영등포구,영남3팀,4578.보라매sk뷰,254,2022-01-01,대여소별 이용정보 22.1.csv
송파구,학여울2팀,4886. 배명고등학교 건너편,254,2022-01-01,대여소별 이용정보 22.1.csv
강남구,학여울1팀,2319. 포스코사거리 서측(수협 삼성동 지점),255,2022-01-01,대여소별 이용정보 22.1.csv
동대문구,훈련원4팀,638. 서울시립대 정보기술관,255,2022-01-01,대여소별 이용정보 22.1.csv
동대문구,훈련원3팀,666.이문대성유니드아파트 앞,255,2022-01-01,대여소별 이용정보 22.1.csv
서대문구,상암1팀,3134.SK리쳄블(상수도사업본부),255,2022-01-01,대여소별 이용정보 22.1.csv
서초구,이수1팀,2246. 서울시 품질시험소 앞,256,2022-01-01,대여소별 이용정보 22.1.csv
강남구,학여울1팀,2353. 강남구청역 2번출구 뒤,256,2022-01-01,대여소별 이용정보 22.1.csv
동작구,영남2팀,2057. 상도 아이파크 아파트,256,2022-01-01,대여소별 이용정보 22.1.csv
양천구,개화4팀,4534. 월정초교 앞 사거리,256,2022-01-01,대여소별 이용정보 22.1.csv
송파구,천호2팀,2655.송이공원,257,2022-01-01,대여소별 이용정보 22.1.csv
서초구,이수3팀,2518.서초3교(효령로70길 방면),257,2022-01-01,대여소별 이용정보 22.1.csv
서초구,이수1팀,2501. 서초 포레스타5단지,257,2022-01-01,대여소별 이용정보 22.1.csv
마포구,상암1팀,127. 현대벤처빌 앞,257,2022-01-01,대여소별 이용정보 22.1.csv
관악구,영남2팀,2178. 서울대학교 정문,258,2022-01-01,대여소별 이용정보 22.1.csv
성북구,훈련원2팀,1386.동선고가차도 초입,258,2022-01-01,대여소별 이용정보 22.1.csv
서대문구,상암1팀,160. 북아현동 가구거리,258,2022-01-01,대여소별 이용정보 22.1.csv
서초구,이수3팀,2502. 서초역1번출구 앞,258,2022-01-01,대여소별 이용정보 22.1.csv
송파구,천호2팀,4485. 잠실나루역 고가하부,260,2022-01-01,대여소별 이용정보 22.1.csv
서초구,이수1팀,2250. 서초유치원 맞은편,260,2022-01-01,대여소별 이용정보 22.1.csv
강동구,천호1팀,3694. 강동리엔파크 11단지,260,2022-01-01,대여소별 이용정보 22.1.csv
중랑구,중랑3팀,1468.먹골역 7번 출구,260,2022-01-01,대여소별 이용정보 22.1.csv
성북구,훈련원2팀,1348. 성북제일새마을금고 본점 앞,260,2022-01-01,대여소별 이용정보 22.1.csv
송파구,천호2팀,4454. 위례 포레샤인 1809동 부근,260,2022-01-01,대여소별 이용정보 22.1.csv
은평구,상암3팀,"4663. 불광역3,6호선 버스정류장(동명여고 방면)",261,2022-01-01,대여소별 이용정보 22.1.csv
강남구,학여울1팀,2396. 영동3교 북단(우성캐릭터 앞 보도),261,2022-01-01,대여소별 이용정보 22.1.csv
관악구,이수2팀,2122. 낙성대로 입구,261,2022-01-01,대여소별 이용정보 22.1.csv
성동구,중랑2팀,3552.서울숲 공영주차장앞,261,2022-01-01,대여소별 이용정보 22.1.csv
서초구,이수3팀,2298. 래미안서초스위트앞,262,2022-01-01,대여소별 이용정보 22.1.csv
도봉구,도봉3팀,1750. 창포원 남쪽 입구,263,2022-01-01,대여소별 이용정보 22.1.csv
강남구,학여울1팀,2385. 학동역,265,2022-01-01,대여소별 이용정보 22.1.csv
강남구,학여울2팀,2341. 일원역 4~5번 출구 사이,265,2022-01-01,대여소별 이용정보 22.1.csv
성북구,훈련원2팀,1357. 북한산보국문역,265,2022-01-01,대여소별 이용정보 22.1.csv
송파구,천호2팀,4493. 마천사거리 2,266,2022-01-01,대여소별 이용정보 22.1.csv
마포구,상암1팀,4206. 광흥창역5번출구,266,2022-01-01,대여소별 이용정보 22.1.csv
서초구,이수3팀,2227.방배열린문화센터 앞,266,2022-01-01,대여소별 이용정보 22.1.csv
송파구,천호2팀,4463. 방이역 2번 출구,266,2022-01-01,대여소별 이용정보 22.1.csv
강북구,도봉4팀,1547. 꿈의숲 롯데캐슬,267,2022-01-01,대여소별 이용정보 22.1.csv
성동구,중랑2팀,526. 용답토속공원 앞,267,2022-01-01,대여소별 이용정보 22.1.csv
양천구,개화2팀,4530. 방아다리어린이공원,267,2022-01-01,대여소별 이용정보 22.1.csv
성동구,중랑2팀,510. 서울숲 남문 버스정류소 옆,268,2022-01-01,대여소별 이용정보 22.1.csv
중랑구,중랑3팀,1405. 망우역 1번출구,268,2022-01-01,대여소별 이용정보 22.1.csv
송파구,학여울2팀,1240. 문정 법조단지4,269,2022-01-01,대여소별 이용정보 22.1.csv
강북구,도봉4팀,1525. 미아동 복합청사,269,2022-01-01,대여소별 이용정보 22.1.csv
중랑구,중랑3팀,1441. 신내능말공원,270,2022-01-01,대여소별 이용정보 22.1.csv
종로구,세종로2팀,4707. 청계3가 사거리,270,2022-01-01,대여소별 이용정보 22.1.csv
송파구,천호2팀,1299. 송파소방서 (방이119안전센터),270,2022-01-01,대여소별 이용정보 22.1.csv
용산구,세종로 4팀,4603. 한강GS에클라트 건너편 교통섬,270,2022-01-01,대여소별 이용정보 22.1.csv
송파구,천호2팀,2654.올림픽선수촌아파트 136동 앞,271,2022-01-01,대여소별 이용정보 22.1.csv
도봉구,도봉3팀,1725. 창1동주민센터,272,2022-01-01,대여소별 이용정보 22.1.csv
서초구,이수3팀,2528.함지박 사거리,272,2022-01-01,대여소별 이용정보 22.1.csv
도봉구,도봉3팀,1758.북서울교회 버스정류소 앞,272,2022-01-01,대여소별 이용정보 22.1.csv
동작구,영남2팀,2065. 서울시여성가족재단,273,2022-01-01,대여소별 이용정보 22.1.csv
구로구,천왕2팀,1916. 구로중학교앞,273,2022-01-01,대여소별 이용정보 22.1.csv
용산구,세종로3팀,813. 삼각지역 3번출구,273,2022-01-01,대여소별 이용정보 22.1.csv
서초구,이수1팀,2241.양재전화국 사거리,273,2022-01-01,대여소별 이용정보 22.1.csv
서대문구,상암2팀,3105. 홍은센트레빌 아파트 앞,273,2022-01-01,대여소별 이용정보 22.1.csv
양천구,천왕1팀,724. 계남공원 입구 주출입구 좌측,274,2022-01-01,대여소별 이용정보 22.1.csv
금천구,천왕3팀,3968. 독산동 현대홈타운 금천과선교 앞,274,2022-01-01,대여소별 이용정보 22.1.csv
광진구,중랑1팀,3510. 중곡SK아파트앞,274,2022-01-01,대여소별 이용정보 22.1.csv
종로구,훈련원1팀,4703. 쌍용아파트2단지 정문,274,2022-01-01,대여소별 이용정보 22.1.csv
강남구,이수1팀,3609. 언주초등학교 입구,275,2022-01-01,대여소별 이용정보 22.1.csv
광진구,중랑1팀,3588.세종대학교(영실관),275,2022-01-01,대여소별 이용정보 22.1.csv
마포구,상암1팀,4238. 상암한샘빌딩앞,276,2022-01-01,대여소별 이용정보 22.1.csv
종로구,세종로2팀,352. 중앙고입구 삼거리,276,2022-01-01,대여소별 이용정보 22.1.csv
동대문구,훈련원4팀,639. 서울시립대 후문,276,2022-01-01,대여소별 이용정보 22.1.csv
강동구,천호1팀,1064.중앙보훈병원역 1번출구,276,2022-01-01,대여소별 이용정보 22.1.csv
은평구,상암3팀,954. 은평뉴타운구파발9단지,276,2022-01-01,대여소별 이용정보 22.1.csv
송파구,천호2팀,1275. 거여초등학교 옆,277,2022-01-01,대여소별 이용정보 22.1.csv
강동구,천호1팀,3676. 강동리엔파크9단지,277,2022-01-01,대여소별 이용정보 22.1.csv
관악구,이수2팀,3307.봉천고개 육교,277,2022-01-01,대여소별 이용정보 22.1.csv
성동구,중랑2팀,4360. 르노삼성자동차 성수사업소 앞,277,2022-01-01,대여소별 이용정보 22.1.csv
금천구,천왕3팀,1819. 금천구청 앞 자전거거치대,278,2022-01-01,대여소별 이용정보 22.1.csv
노원구,도봉2팀,4009. 월계프라자,278,2022-01-01,대여소별 이용정보 22.1.csv
영등포구,영남3팀,3203.도림동배드민턴체육관,278,2022-01-01,대여소별 이용정보 22.1.csv
양천구,개화4팀,757. 신정이펜하우스 1단지아파트 입구 사거리,278,2022-01-01,대여소별 이용정보 22.1.csv
중구,세종로2팀,4774. 을지로입구역 8번출구,279,2022-01-01,대여소별 이용정보 22.1.csv
금천구,천왕3팀,1831. 메이퀸웨딩컨벤션 앞,279,2022-01-01,대여소별 이용정보 22.1.csv
동대문구,훈련원3팀,4103. 휘경sk뷰아파트 앞,279,2022-01-01,대여소별 이용정보 22.1.csv
송파구,천호2팀,1300. 오륜사거리,279,2022-01-01,대여소별 이용정보 22.1.csv
서대문구,상암2팀,169. 북가좌 삼거리,279,2022-01-01,대여소별 이용정보 22.1.csv
양천구,개화4팀,733. 신정이펜하우스314동,280,2022-01-01,대여소별 이용정보 22.1.csv
강북구,도봉4팀,1528. 삼각산동 주민센터,280,2022-01-01,대여소별 이용정보 22.1.csv
은평구,상암3팀,4676. 갈현1동 주민센터,280,2022-01-01,대여소별 이용정보 22.1.csv
은평구,상암2팀,901. 응암1동사무소,281,2022-01-01,대여소별 이용정보 22.1.csv
중랑구,중랑3팀,4828. 신내동 한살림 중랑지구 앞,281,2022-01-01,대여소별 이용정보 22.1.csv
관악구,영남2팀,2196. 봉천역 3번출구,281,2022-01-01,대여소별 이용정보 22.1.csv
마포구,상암1팀,405. DMC빌 앞,282,2022-01-01,대여소별 이용정보 22.1.csv
관악구,영남2팀,2185. 대학동 고시촌,282,2022-01-01,대여소별 이용정보 22.1.csv
강남구,학여울1팀,2430.강남파이낸스센터앞(역삼역2번출구),283,2022-01-01,대여소별 이용정보 22.1.csv
구로구,천왕2팀,1976. 남구로역 5번 출입구 앞,283,2022-01-01,대여소별 이용정보 22.1.csv
중구,세종로2팀,471.회현사거리 남측,283,2022-01-01,대여소별 이용정보 22.1.csv
마포구,상암1팀,4207. 아만티호텔 앞,283,2022-01-01,대여소별 이용정보 22.1.csv
성북구,훈련원2팀,1325. 상월곡역 4번출구,283,2022-01-01,대여소별 이용정보 22.1.csv
강동구,천호1팀,1083.광문고교사거리(아이파크),284,2022-01-01,대여소별 이용정보 22.1.csv
강북구,도봉4팀,1532. 번3동 주민센터 교차로,284,2022-01-01,대여소별 이용정보 22.1.csv
서초구,이수1팀,2549.LH 서초 4단지 403동,284,2022-01-01,대여소별 이용정보 22.1.csv
강남구,학여울2팀,2337. 대모산입구역 2번출구 앞,284,2022-01-01,대여소별 이용정보 22.1.csv
강남구,학여울1팀,2331. 동영문화센터앞,284,2022-01-01,대여소별 이용정보 22.1.csv
중랑구,중랑3팀,4823. 방정환교육지원센터 옆,285,2022-01-01,대여소별 이용정보 22.1.csv
강남구,학여울1팀,2320. 도곡역 대치지구대 방향,285,2022-01-01,대여소별 이용정보 22.1.csv
송파구,천호2팀,2617. 가락삼환아파트 앞,285,2022-01-01,대여소별 이용정보 22.1.csv
금천구,천왕3팀,1809. LG전자 별관동(호서대 벤처타워 맞은편),285,2022-01-01,대여소별 이용정보 22.1.csv
용산구,세종로3팀,4623. 라인프랜즈이태원점 앞,286,2022-01-01,대여소별 이용정보 22.1.csv
마포구,상암1팀,4202. 프런트원(공덕역4번출구 앞),286,2022-01-01,대여소별 이용정보 22.1.csv
강남구,학여울1팀,2381. 언주역 6번출구앞,286,2022-01-01,대여소별 이용정보 22.1.csv
성북구,훈련원2팀,1391.성북청소년센터,286,2022-01-01,대여소별 이용정보 22.1.csv
강남구,학여울2팀,3618. 서울율현초교 삼거리,287,2022-01-01,대여소별 이용정보 22.1.csv
송파구,천호2팀,4472. 송파파크데일 1단지 115동 건너편,287,2022-01-01,대여소별 이용정보 22.1.csv
강남구,학여울1팀,2315. 봉은사역 5번출구 옆,287,2022-01-01,대여소별 이용정보 22.1.csv
은평구,상암2팀,909. 백련산 힐스테이트 3차,288,2022-01-01,대여소별 이용정보 22.1.csv
노원구,도봉2팀,4023. 월계역 1번 출구,288,2022-01-01,대여소별 이용정보 22.1.csv
종로구,세종로1팀,450. 효자동 삼거리,289,2022-01-01,대여소별 이용정보 22.1.csv
강북구,도봉4팀,1516. 우이초등학교 후문 옆,290,2022-01-01,대여소별 이용정보 22.1.csv
관악구,이수2팀,2167. 낙성대역 1번출구,290,2022-01-01,대여소별 이용정보 22.1.csv
성동구,중랑2팀,518. 청계천 박물관 앞,290,2022-01-01,대여소별 이용정보 22.1.csv
중랑구,중랑3팀,1465.중랑공영차고지 옆,290,2022-01-01,대여소별 이용정보 22.1.csv
중랑구,중랑3팀,1418. 새솔초등학교,290,2022-01-01,대여소별 이용정보 22.1.csv
강남구,학여울1팀,4902. 구역삼세무서 교차로,290,2022-01-01,대여소별 이용정보 22.1.csv
은평구,상암3팀,927. 연신내역 3번출구 인근,291,2022-01-01,대여소별 이용정보 22.1.csv
도봉구,도봉3팀,1751. 창원초등학교 교차로,292,2022-01-01,대여소별 이용정보 22.1.csv
성북구,훈련원2팀,1339. 삼성전자서비스 성북센터,293,2022-01-01,대여소별 이용정보 22.1.csv
종로구,훈련원1팀,337. 창경궁 입구,293,2022-01-01,대여소별 이용정보 22.1.csv
마포구,상암1팀,125. 서강대 남문 옆,293,2022-01-01,대여소별 이용정보 22.1.csv
마포구,상암1팀,406. 상암월드컵파크 7단지 앞,294,2022-01-01,대여소별 이용정보 22.1.csv
은평구,상암3팀,925. 불광역 2번출구,294,2022-01-01,대여소별 이용정보 22.1.csv
강동구,천호1팀,1025. 상일초등학교,294,2022-01-01,대여소별 이용정보 22.1.csv
양천구,개화4팀,714. 한국SGI 양천문화회관 앞,295,2022-01-01,대여소별 이용정보 22.1.csv
강서구,개화3팀,1137. 등촌2동주민센터,295,2022-01-01,대여소별 이용정보 22.1.csv
관악구,영남2팀,2190.도원맨션,295,2022-01-01,대여소별 이용정보 22.1.csv
동작구,영남2팀,2084.e편한세상 상도노빌리티 앞,296,2022-01-01,대여소별 이용정보 22.1.csv
영등포구,영남3팀,215. 여의도고교 앞,296,2022-01-01,대여소별 이용정보 22.1.csv
강남구,이수3팀,3606. 신사동주민센터 옆,296,2022-01-01,대여소별 이용정보 22.1.csv
은평구,상암3팀,941. 은평뉴타운 도서관,297,2022-01-01,대여소별 이용정보 22.1.csv
송파구,천호2팀,4856. 올림픽공원 서1문 앞,297,2022-01-01,대여소별 이용정보 22.1.csv
영등포구,영남1팀,3207.양남사거리1,297,2022-01-01,대여소별 이용정보 22.1.csv
영등포구,영남3팀,4589. KRX한국거래소(1),298,2022-01-01,대여소별 이용정보 22.1.csv
서초구,이수3팀,2299. 한전아트센터 앞,298,2022-01-01,대여소별 이용정보 22.1.csv
관악구,영남2팀,3807. 관악우체국 교차로,298,2022-01-01,대여소별 이용정보 22.1.csv
성북구,훈련원2팀,4411. 동산어린이공원 앞,298,2022-01-01,대여소별 이용정보 22.1.csv
구로구,천왕1팀,2819.하늘숲초등학교 앞,299,2022-01-01,대여소별 이용정보 22.1.csv
강서구,개화2팀,3770. 남부순환로 205,299,2022-01-01,대여소별 이용정보 22.1.csv
송파구,천호2팀,4462. 가락중학교 앞,300,2022-01-01,대여소별 이용정보 22.1.csv
용산구,세종로3팀,809. 한남 유수지 복개주차장,301,2022-01-01,대여소별 이용정보 22.1.csv
성동구,중랑2팀,4367. kt 행당빌딩 앞,301,2022-01-01,대여소별 이용정보 22.1.csv
영등포구,영남3팀,282. 신한은행 대림동지점,301,2022-01-01,대여소별 이용정보 22.1.csv
금천구,천왕3팀,3983. 금천구청역 1번 출구,301,2022-01-01,대여소별 이용정보 22.1.csv
도봉구,도봉3팀,1706. 기업은행 앞,301,2022-01-01,대여소별 이용정보 22.1.csv
노원구,도봉1팀,1672. 상계동수락리버시티,301,2022-01-01,대여소별 이용정보 22.1.csv
강북구,도봉4팀,1553.예수그리스도후기성도교회 앞,301,2022-01-01,대여소별 이용정보 22.1.csv
은평구,상암2팀,4677. 백련산 SK뷰 아이파크 해모로 아파트 앞,302,2022-01-01,대여소별 이용정보 22.1.csv
금천구,천왕3팀,1822. 서울 시흥동우체국 앞,302,2022-01-01,대여소별 이용정보 22.1.csv
동작구,이수2팀,2036. 정금마을 마을버스정류장,302,2022-01-01,대여소별 이용정보 22.1.csv
노원구,도봉1팀,4002. 상계주공 14단지 상가 앞,303,2022-01-01,대여소별 이용정보 22.1.csv
송파구,학여울2팀,1287. 위례아이파크 101동 맞은편,304,2022-01-01,대여소별 이용정보 22.1.csv
강남구,학여울1팀,2372. 대치역 사거리,305,2022-01-01,대여소별 이용정보 22.1.csv
은평구,상암3팀,946. 독바위역,305,2022-01-01,대여소별 이용정보 22.1.csv
도봉구,도봉3팀,"1735. 도봉역 1,2번 출구사이 건너편",305,2022-01-01,대여소별 이용정보 22.1.csv
강동구,천호1팀,1049. 강일리버파크 10단지,305,2022-01-01,대여소별 이용정보 22.1.csv
노원구,도봉1팀,4034. 상계근린공원 운동장 앞,305,2022-01-01,대여소별 이용정보 22.1.csv
도봉구,도봉3팀,1719. 신도봉사거리 버스정류장,306,2022-01-01,대여소별 이용정보 22.1.csv
은평구,상암3팀,964. 북한산힐스테이트 7차아파트,306,2022-01-01,대여소별 이용정보 22.1.csv
종로구,훈련원1팀,343. 예일빌딩(율곡로) 앞,306,2022-01-01,대여소별 이용정보 22.1.csv
강동구,천호1팀,1042. 강일리버파크 2~5단지,307,2022-01-01,대여소별 이용정보 22.1.csv
은평구,상암2팀,939. 은평구청 교차로,307,2022-01-01,대여소별 이용정보 22.1.csv
강북구,도봉4팀,3718. 번동 SK LPG 충전소,308,2022-01-01,대여소별 이용정보 22.1.csv
강남구,학여울2팀,2321. 학여울역 사거리,308,2022-01-01,대여소별 이용정보 22.1.csv
노원구,도봉2팀,1671. 인덕대학교,308,2022-01-01,대여소별 이용정보 22.1.csv
중랑구,중랑3팀,1412. 면목초등학교,309,2022-01-01,대여소별 이용정보 22.1.csv
동대문구,훈련원4팀,664. 서울시립대 건설공학관,309,2022-01-01,대여소별 이용정보 22.1.csv
강동구,천호1팀,1016. 해뜨는 주유소옆 리엔파크 109동앞,309,2022-01-01,대여소별 이용정보 22.1.csv
강북구,도봉4팀,3711. 월계2교 교차로,310,2022-01-01,대여소별 이용정보 22.1.csv
중구,훈련원1팀,372. 약수역 3번출구 뒤,310,2022-01-01,대여소별 이용정보 22.1.csv
동대문구,훈련원4팀,652. 답십리 래미안엘파인아파트 입구,310,2022-01-01,대여소별 이용정보 22.1.csv
중랑구,중랑3팀,4825. 신내동 벽산아파트 후문 앞,310,2022-01-01,대여소별 이용정보 22.1.csv
강북구,도봉4팀,1543. 수유1동 주민센터,310,2022-01-01,대여소별 이용정보 22.1.csv
양천구,천왕1팀,760. 잣절보도육교 아래,310,2022-01-01,대여소별 이용정보 22.1.csv
서대문구,상암2팀,3130.가재울사거리,311,2022-01-01,대여소별 이용정보 22.1.csv
서대문구,상암2팀,192. 연서어린이공원,311,2022-01-01,대여소별 이용정보 22.1.csv
동대문구,훈련원3팀,607. 신이문역 2번출구,312,2022-01-01,대여소별 이용정보 22.1.csv
강북구,도봉4팀,1518. SK telecom(수유직영점) 앞,312,2022-01-01,대여소별 이용정보 22.1.csv
마포구,상암1팀,407. 마포구 육아종합지원센터,312,2022-01-01,대여소별 이용정보 22.1.csv
관악구,영남2팀,2127. 난곡종점,313,2022-01-01,대여소별 이용정보 22.1.csv
강동구,천호1팀,1073.SSTS 몰 앞,313,2022-01-01,대여소별 이용정보 22.1.csv
성북구,훈련원2팀,1360. 정릉역,313,2022-01-01,대여소별 이용정보 22.1.csv
송파구,천호2팀,4860. 가락쌍용2차아파트 103동,313,2022-01-01,대여소별 이용정보 22.1.csv
관악구,이수2팀,2186. 낙성대입구삼거리,313,2022-01-01,대여소별 이용정보 22.1.csv
영등포구,영남3팀,250. 대림아파트 사거리,314,2022-01-01,대여소별 이용정보 22.1.csv
강북구,도봉4팀,1509. 서울북부수도사업소,314,2022-01-01,대여소별 이용정보 22.1.csv
서대문구,상암1팀,171. 임광빌딩 앞,314,2022-01-01,대여소별 이용정보 22.1.csv
성북구,훈련원2팀,1394.길음뉴타운 래미안9단지,314,2022-01-01,대여소별 이용정보 22.1.csv
중구,세종로2팀,324. 신세계백화점 본점 앞,314,2022-01-01,대여소별 이용정보 22.1.csv
서초구,이수1팀,4303. 매헌역 2번출구앞광역버스 정류장앞(22-297),315,2022-01-01,대여소별 이용정보 22.1.csv
동대문구,훈련원3팀,671.대광빌딩,315,2022-01-01,대여소별 이용정보 22.1.csv
강동구,천호1팀,3685. 강동리엔파크14단지(1401동 앞),315,2022-01-01,대여소별 이용정보 22.1.csv
관악구,영남2팀,2139. 서울신성초등학교,315,2022-01-01,대여소별 이용정보 22.1.csv
강서구,개화3팀,2703.서울도시가스 앞,315,2022-01-01,대여소별 이용정보 22.1.csv
강동구,천호1팀,1057. 능골근린공원,315,2022-01-01,대여소별 이용정보 22.1.csv
은평구,상암3팀,4671. 청구성심병원 앞,315,2022-01-01,대여소별 이용정보 22.1.csv
성동구,중랑2팀,3525. 금호스포츠센터앞,316,2022-01-01,대여소별 이용정보 22.1.csv
도봉구,도봉3팀,1772.시립도봉노인복지관 버스정류소,316,2022-01-01,대여소별 이용정보 22.1.csv
서초구,이수2팀,4318. 방배역 2번 출구,316,2022-01-01,대여소별 이용정보 22.1.csv
용산구,세종로3팀,802. 한강진역 2번 출구 앞,317,2022-01-01,대여소별 이용정보 22.1.csv
광진구,중랑1팀,3529. 어린이대공원정문,317,2022-01-01,대여소별 이용정보 22.1.csv
관악구,이수2팀,2128. 관악구청교차로,317,2022-01-01,대여소별 이용정보 22.1.csv
영등포구,영남1팀,3221.서울특별시 남부교육지원청,317,2022-01-01,대여소별 이용정보 22.1.csv
도봉구,도봉3팀,1702. 녹천역 1번출구 앞,317,2022-01-01,대여소별 이용정보 22.1.csv
마포구,상암1팀,440. 하늘공원 입구,317,2022-01-01,대여소별 이용정보 22.1.csv
강남구,이수3팀,2421. 신논현역 4번출구,318,2022-01-01,대여소별 이용정보 22.1.csv
서대문구,상암1팀,159. 이대역 4번 출구,318,2022-01-01,대여소별 이용정보 22.1.csv
중랑구,중랑3팀,1472.영성빌딩(PAT),318,2022-01-01,대여소별 이용정보 22.1.csv
은평구,상암3팀,976.진관고등학교앞,318,2022-01-01,대여소별 이용정보 22.1.csv
은평구,상암3팀,923. 국민은행 연서지점,319,2022-01-01,대여소별 이용정보 22.1.csv
구로구,천왕1팀,1928. 고척스카이돔구장 광장,320,2022-01-01,대여소별 이용정보 22.1.csv
송파구,학여울2팀,1239. 문정 법조단지3,321,2022-01-01,대여소별 이용정보 22.1.csv
서대문구,상암2팀,3122.북가좌삼거리2,322,2022-01-01,대여소별 이용정보 22.1.csv
금천구,천왕3팀,3956. 대륭테크노타운21차 앞,322,2022-01-01,대여소별 이용정보 22.1.csv
송파구,학여울2팀,2657.송파 파인타운 11단지,322,2022-01-01,대여소별 이용정보 22.1.csv
강남구,학여울1팀,2328. 르네상스 호텔 사거리 역삼지하보도 7번출구 앞,323,2022-01-01,대여소별 이용정보 22.1.csv
종로구,훈련원1팀,3419.국립어린이과학관,323,2022-01-01,대여소별 이용정보 22.1.csv
서대문구,상암2팀,4253. 홍은도담도서관,323,2022-01-01,대여소별 이용정보 22.1.csv
종로구,훈련원1팀,452. 동대문 종합시장 버스정류장,323,2022-01-01,대여소별 이용정보 22.1.csv
강남구,학여울1팀,2365. K+ 타워 앞,323,2022-01-01,대여소별 이용정보 22.1.csv
광진구,중랑1팀,572. 국립정신 건강센터 앞,324,2022-01-01,대여소별 이용정보 22.1.csv
금천구,천왕3팀,1835. STX V타워,324,2022-01-01,대여소별 이용정보 22.1.csv
노원구,도봉2팀,1642. 서울여대 남문,324,2022-01-01,대여소별 이용정보 22.1.csv
강동구,천호1팀,1015. 샛마을 근린공원,324,2022-01-01,대여소별 이용정보 22.1.csv
도봉구,도봉3팀,1736. 버스정류장 앞,324,2022-01-01,대여소별 이용정보 22.1.csv
종로구,세종로1팀,3425.광화문 풍림스페이스본 1단지앞,325,2022-01-01,대여소별 이용정보 22.1.csv
마포구,상암1팀,142. 아현역 4번출구 앞,325,2022-01-01,대여소별 이용정보 22.1.csv
강북구,도봉4팀,1515. 송천동 주민센터,325,2022-01-01,대여소별 이용정보 22.1.csv
중구,훈련원1팀,347. 동대문역사문화공원역 9번출구 앞,325,2022-01-01,대여소별 이용정보 22.1.csv
송파구,천호2팀,4867. 가락대림아파트 앞,325,2022-01-01,대여소별 이용정보 22.1.csv
서초구,이수3팀,2529.우리은행 방배동지점 앞,326,2022-01-01,대여소별 이용정보 22.1.csv
성동구,중랑2팀,586. 마장동 주민센터,326,2022-01-01,대여소별 이용정보 22.1.csv
강남구,학여울2팀,2411. 세곡동 성당,327,2022-01-01,대여소별 이용정보 22.1.csv
성동구,중랑2팀,535. 응봉삼거리,327,2022-01-01,대여소별 이용정보 22.1.csv
강동구,천호1팀,1068.명일파출소,328,2022-01-01,대여소별 이용정보 22.1.csv
서초구,이수1팀,2263. 바우뫼문화복지회관,328,2022-01-01,대여소별 이용정보 22.1.csv
서초구,이수3팀,2514.사평역 2번출구,328,2022-01-01,대여소별 이용정보 22.1.csv
양천구,개화4팀,713. 양서중학교 옆,329,2022-01-01,대여소별 이용정보 22.1.csv
서초구,이수1팀,2293. SPC 앞,329,2022-01-01,대여소별 이용정보 22.1.csv
서초구,이수1팀,2243.서울가정법원,329,2022-01-01,대여소별 이용정보 22.1.csv
관악구,영남2팀,2156. 신림푸르지오아파트,329,2022-01-01,대여소별 이용정보 22.1.csv
용산구,세종로3팀,4629. 한강초교보도육교 앞,330,2022-01-01,대여소별 이용정보 22.1.csv
종로구,훈련원1팀,364. 창신역 1번출구 앞,330,2022-01-01,대여소별 이용정보 22.1.csv
서대문구,상암2팀,3123.DMC파크뷰자이1단지 110동 앞,330,2022-01-01,대여소별 이용정보 22.1.csv
노원구,도봉1팀,1630. 수연빌딩 앞,330,2022-01-01,대여소별 이용정보 22.1.csv
강남구,학여울1팀,2308. 압구정파출소 앞,331,2022-01-01,대여소별 이용정보 22.1.csv
마포구,상암1팀,4222. 서울디자인고등학교 앞,332,2022-01-01,대여소별 이용정보 22.1.csv
동대문구,훈련원3팀,656. 영휘원 교차로,332,2022-01-01,대여소별 이용정보 22.1.csv
성동구,중랑2팀,536. 행당역 2번출구 앞,332,2022-01-01,대여소별 이용정보 22.1.csv
동작구,영남2팀,2009. 보라매역 8번출구,332,2022-01-01,대여소별 이용정보 22.1.csv
서대문구,상암1팀,196. 연희교차로 인근,333,2022-01-01,대여소별 이용정보 22.1.csv
성동구,중랑2팀,3545.한양대역 1번출구,333,2022-01-01,대여소별 이용정보 22.1.csv
관악구,이수2팀,3816. 관악 GSfresh,333,2022-01-01,대여소별 이용정보 22.1.csv
강동구,천호1팀,3658. 프라이어팰리스아파트,334,2022-01-01,대여소별 이용정보 22.1.csv
중랑구,중랑3팀,1420. 신내어울공원 앞,334,2022-01-01,대여소별 이용정보 22.1.csv
광진구,중랑1팀,552. 대림아크로리버 앞,334,2022-01-01,대여소별 이용정보 22.1.csv
노원구,도봉2팀,2903.월계초안아파트 1단지,335,2022-01-01,대여소별 이용정보 22.1.csv
동대문구,훈련원4팀,628. 휘봉고등학교 앞,335,2022-01-01,대여소별 이용정보 22.1.csv
광진구,중랑1팀,544. 광남중학교,335,2022-01-01,대여소별 이용정보 22.1.csv
강북구,도봉4팀,1548. 북서울 꿈의숲 서문,335,2022-01-01,대여소별 이용정보 22.1.csv
동작구,이수2팀,2077.노들역 3번출구,336,2022-01-01,대여소별 이용정보 22.1.csv
강남구,학여울1팀,2323. 주식회사 오뚜기 정문 앞,336,2022-01-01,대여소별 이용정보 22.1.csv
강남구,학여울2팀,2387. 래미안강남힐즈 사거리,336,2022-01-01,대여소별 이용정보 22.1.csv
서초구,이수3팀,"4330. 반포한강공원입구,씨티21옆",337,2022-01-01,대여소별 이용정보 22.1.csv
중구,세종로2팀,322. 명동성당 앞,337,2022-01-01,대여소별 이용정보 22.1.csv
용산구,세종로 4팀,845. 용산 선인상가,337,2022-01-01,대여소별 이용정보 22.1.csv
송파구,학여울2팀,4893. 문정법조단지12,337,2022-01-01,대여소별 이용정보 22.1.csv
서초구,이수3팀,2297. 남부터미널역 1번출구,338,2022-01-01,대여소별 이용정보 22.1.csv
서대문구,상암1팀,137. 신촌기차역입구 교차로,339,2022-01-01,대여소별 이용정보 22.1.csv
성북구,훈련원2팀,1395.래미안장위포레카운티(102동),339,2022-01-01,대여소별 이용정보 22.1.csv
은평구,상암3팀,903. 은평뉴타운 아이파크,339,2022-01-01,대여소별 이용정보 22.1.csv
동작구,영남2팀,2020. 장승배기역2번출구뒷편쪽,340,2022-01-01,대여소별 이용정보 22.1.csv
영등포구,영남3팀,4590. KRX한국거래소(2),340,2022-01-01,대여소별 이용정보 22.1.csv
서초구,이수1팀,2206. 언남초등학교 앞,341,2022-01-01,대여소별 이용정보 22.1.csv
관악구,이수2팀,2148. 낙성대역 3번출구 뒤,341,2022-01-01,대여소별 이용정보 22.1.csv
강서구,개화2팀,5073. 우장산역 헤링턴타워 앞,341,2022-01-01,대여소별 이용정보 22.1.csv
노원구,도봉1팀,1634. 당고개공원 대여소,341,2022-01-01,대여소별 이용정보 22.1.csv
강동구,천호1팀,3665. 고덕센트럴 아이파크상가 앞,342,2022-01-01,대여소별 이용정보 22.1.csv
성북구,훈련원2팀,1340. 광운초등학교 앞,342,2022-01-01,대여소별 이용정보 22.1.csv
양천구,개화4팀,790.화곡고가 사거리,343,2022-01-01,대여소별 이용정보 22.1.csv
서초구,이수3팀,4307. 고투몰 gate 15옆,343,2022-01-01,대여소별 이용정보 22.1.csv
성동구,중랑2팀,538. 답십리역 8번출구 앞,343,2022-01-01,대여소별 이용정보 22.1.csv
용산구,세종로 4팀,866.브라운스톤 남산아파트,343,2022-01-01,대여소별 이용정보 22.1.csv
송파구,천호2팀,4895. 위례포레샤인15단지 상가,344,2022-01-01,대여소별 이용정보 22.1.csv
금천구,천왕3팀,1821. 홈플러스 시흥점 맞은편 다비치안경 앞,344,2022-01-01,대여소별 이용정보 22.1.csv
영등포구,영남1팀,233. 양평1동 YP센터 앞,344,2022-01-01,대여소별 이용정보 22.1.csv
도봉구,도봉3팀,1729. 파리바게트앞,345,2022-01-01,대여소별 이용정보 22.1.csv
성북구,훈련원2팀,1349. 월계2교 버스정류장 앞,346,2022-01-01,대여소별 이용정보 22.1.csv
광진구,중랑1팀,3853. 어린이대공원역 2번출구,346,2022-01-01,대여소별 이용정보 22.1.csv
중랑구,중랑3팀,1474.서울중랑우체국,346,2022-01-01,대여소별 이용정보 22.1.csv
송파구,학여울2팀,1266. 문정동 글샘 공원,346,2022-01-01,대여소별 이용정보 22.1.csv
강서구,개화1팀,3793. 더리브골드타워,347,2022-01-01,대여소별 이용정보 22.1.csv
노원구,도봉2팀,4048. 신도1차아파트앞,347,2022-01-01,대여소별 이용정보 22.1.csv
광진구,중랑1팀,515. 광양중학교 앞,347,2022-01-01,대여소별 이용정보 22.1.csv
중랑구,중랑3팀,1454. 한국전력공사(동대문 중랑지사),347,2022-01-01,대여소별 이용정보 22.1.csv
금천구,천왕3팀,3959. 시흥사거리(시흥동 994-3 앞),347,2022-01-01,대여소별 이용정보 22.1.csv
마포구,상암1팀,4226. 마포프레스티지자이 1,347,2022-01-01,대여소별 이용정보 22.1.csv
양천구,영남1팀,762. 오목로 무중력지대 앞,348,2022-01-01,대여소별 이용정보 22.1.csv
동작구,이수2팀,2034. 사당역 7번출구쪽,348,2022-01-01,대여소별 이용정보 22.1.csv
성동구,중랑2팀,594. 중랑물재생센터(서울새활용플라자),348,2022-01-01,대여소별 이용정보 22.1.csv
광진구,중랑1팀,3537. 아차산 휴먼시아 아파트 옆,348,2022-01-01,대여소별 이용정보 22.1.csv
강서구,개화2팀,3767. 대원빌딩,348,2022-01-01,대여소별 이용정보 22.1.csv
양천구,개화4팀,4520. 대성유니드아파트,349,2022-01-01,대여소별 이용정보 22.1.csv
종로구,세종로1팀,351. 청운초교 앞 삼거리,350,2022-01-01,대여소별 이용정보 22.1.csv
서초구,이수1팀,2273. 일동제약 사거리,350,2022-01-01,대여소별 이용정보 22.1.csv
도봉구,도봉3팀,1746. 다이소방학점 앞,351,2022-01-01,대여소별 이용정보 22.1.csv
마포구,상암1팀,182. 망원2빗물펌프장 앞,351,2022-01-01,대여소별 이용정보 22.1.csv
광진구,중랑1팀,3886.광진구 민방위교육센터,351,2022-01-01,대여소별 이용정보 22.1.csv
송파구,천호2팀,1258. 가락미륭아파트 앞,351,2022-01-01,대여소별 이용정보 22.1.csv
마포구,상암1팀,4211. 시석빌딩 앞,351,2022-01-01,대여소별 이용정보 22.1.csv
광진구,중랑1팀,3523. 건국대학교 과학관(이과대) 앞,351,2022-01-01,대여소별 이용정보 22.1.csv
서초구,이수3팀,2268. 서초4동주민센터,352,2022-01-01,대여소별 이용정보 22.1.csv
양천구,천왕1팀,743. 현대6차아파트 101동 옆,352,2022-01-01,대여소별 이용정보 22.1.csv
용산구,세종로3팀,839. 보광동 삼성리버빌아파트 앞,352,2022-01-01,대여소별 이용정보 22.1.csv
강동구,천호1팀,1026. 대명초교 입구 교차로,352,2022-01-01,대여소별 이용정보 22.1.csv
노원구,도봉2팀,4039. 서울시 북부여성발전센터,353,2022-01-01,대여소별 이용정보 22.1.csv
양천구,개화4팀,782.서남병원 후문,353,2022-01-01,대여소별 이용정보 22.1.csv
금천구,천왕3팀,1870.독산3동주민센터 앞,354,2022-01-01,대여소별 이용정보 22.1.csv
강서구,개화2팀,5059. 화곡2동주민센터,354,2022-01-01,대여소별 이용정보 22.1.csv
영등포구,영남3팀,4576.보라매sk뷰 108동 앞,355,2022-01-01,대여소별 이용정보 22.1.csv
서초구,이수3팀,2271. 내방역 8번출구 앞,355,2022-01-01,대여소별 이용정보 22.1.csv
서대문구,상암1팀,173. 서대문역 8번출구 앞,355,2022-01-01,대여소별 이용정보 22.1.csv
중구,세종로2팀,331. 을지로2가 사거리 북측,356,2022-01-01,대여소별 이용정보 22.1.csv
금천구,천왕3팀,1829. 홈플러스 금천점 앞,356,2022-01-01,대여소별 이용정보 22.1.csv
용산구,세종로 4팀,828. 숙대입구역 8번,356,2022-01-01,대여소별 이용정보 22.1.csv
서대문구,상암2팀,4255. 래미안 루센티아 아파트 108동 앞,357,2022-01-01,대여소별 이용정보 22.1.csv
노원구,도봉1팀,1628. 노일초등학교 앞,357,2022-01-01,대여소별 이용정보 22.1.csv
서대문구,상암1팀,140. 이화여대 후문,357,2022-01-01,대여소별 이용정보 22.1.csv
송파구,천호2팀,1230. 송파중학교 정문,357,2022-01-01,대여소별 이용정보 22.1.csv
양천구,개화3팀,774.등촌역 4번 출구,357,2022-01-01,대여소별 이용정보 22.1.csv
중구,세종로 4팀,441.염천교사거리,357,2022-01-01,대여소별 이용정보 22.1.csv
은평구,상암2팀,971. 역촌 센트레빌 아파트,358,2022-01-01,대여소별 이용정보 22.1.csv
중구,세종로 4팀,4752. 삼성사이버빌리지아파트,359,2022-01-01,대여소별 이용정보 22.1.csv
강북구,도봉4팀,1564.4.19민주묘지역 1번출구,359,2022-01-01,대여소별 이용정보 22.1.csv
용산구,세종로3팀,4619. 한강트럼프월드3차 앞,359,2022-01-01,대여소별 이용정보 22.1.csv
송파구,천호2팀,4499. 세양청마루 101동 앞,359,2022-01-01,대여소별 이용정보 22.1.csv
중구,훈련원1팀,477.앰배서더 호텔 주변,359,2022-01-01,대여소별 이용정보 22.1.csv
은평구,상암3팀,982. 녹번초등학교(서오릉로),359,2022-01-01,대여소별 이용정보 22.1.csv
강서구,개화2팀,1130. 화곡본동시장 버스정류장,360,2022-01-01,대여소별 이용정보 22.1.csv
노원구,도봉1팀,4042. 상계문화정보도서관,360,2022-01-01,대여소별 이용정보 22.1.csv
용산구,세종로3팀,810. 이태원지하보도,360,2022-01-01,대여소별 이용정보 22.1.csv
노원구,도봉2팀,4011. 월계 센트럴 아이파크,360,2022-01-01,대여소별 이용정보 22.1.csv
동작구,이수2팀,2095.경문고등학교 앞,361,2022-01-01,대여소별 이용정보 22.1.csv
성북구,훈련원2팀,1364. 성북동 치안센터 앞,361,2022-01-01,대여소별 이용정보 22.1.csv
은평구,상암3팀,900. 은평예술회관,361,2022-01-01,대여소별 이용정보 22.1.csv
광진구,중랑1팀,3863. 동일로58길 입구,361,2022-01-01,대여소별 이용정보 22.1.csv
영등포구,영남3팀,285. 대림3동사거리(하나은행),361,2022-01-01,대여소별 이용정보 22.1.csv
구로구,천왕1팀,3906. 천왕차량사업소 입구,361,2022-01-01,대여소별 이용정보 22.1.csv
강서구,개화1팀,2743.동신아파트 104동 앞,362,2022-01-01,대여소별 이용정보 22.1.csv
서대문구,상암1팀,135. 명물길 원형무대 앞,362,2022-01-01,대여소별 이용정보 22.1.csv
강동구,천호1팀,1033. 고덕동 아남아파트,363,2022-01-01,대여소별 이용정보 22.1.csv
양천구,개화4팀,712. 강월초교입구 사거리,363,2022-01-01,대여소별 이용정보 22.1.csv
관악구,이수2팀,2198.사랑의병원,363,2022-01-01,대여소별 이용정보 22.1.csv
송파구,천호2팀,1267. 올림픽공원 남2문 앞,363,2022-01-01,대여소별 이용정보 22.1.csv
송파구,천호2팀,4873. 개롱역사거리 2번 출구,363,2022-01-01,대여소별 이용정보 22.1.csv
종로구,훈련원1팀,3402.이화공영주차장,364,2022-01-01,대여소별 이용정보 22.1.csv
서초구,이수2팀,2229.로고스교회 맞은 편,364,2022-01-01,대여소별 이용정보 22.1.csv
서대문구,상암1팀,3113.독립문역사거리,364,2022-01-01,대여소별 이용정보 22.1.csv
강서구,개화1팀,3795. 공항신성빌딩 앞,365,2022-01-01,대여소별 이용정보 22.1.csv
은평구,상암2팀,979.원풍빌라앞,365,2022-01-01,대여소별 이용정보 22.1.csv
중구,세종로1팀,4753. 우리은행 서소문금융센터,365,2022-01-01,대여소별 이용정보 22.1.csv
영등포구,영남1팀,4560. 양평동성원아파트,365,2022-01-01,대여소별 이용정보 22.1.csv
금천구,천왕3팀,1869.롯데캐슬골드파크3차 301동 앞,366,2022-01-01,대여소별 이용정보 22.1.csv
서초구,이수1팀,2245.양재초등학교 맞은편,366,2022-01-01,대여소별 이용정보 22.1.csv
금천구,천왕3팀,3963. 에이스 하드웨어(시흥대로 396) 앞,366,2022-01-01,대여소별 이용정보 22.1.csv
서대문구,상암2팀,3110.홍은 현대아이파크 아파트 202동 앞,367,2022-01-01,대여소별 이용정보 22.1.csv
도봉구,도봉3팀,4074. 도봉구육아종합지원센터(창동),367,2022-01-01,대여소별 이용정보 22.1.csv
서초구,이수3팀,2538.사평리 공원,367,2022-01-01,대여소별 이용정보 22.1.csv
성북구,훈련원2팀,1358. 정릉도서관 앞,367,2022-01-01,대여소별 이용정보 22.1.csv
강남구,학여울1팀,2429.압구정로데오역 6번출구,367,2022-01-01,대여소별 이용정보 22.1.csv
중랑구,중랑3팀,4826. 홈플러스 면목점,368,2022-01-01,대여소별 이용정보 22.1.csv
강서구,개화1팀,1109. 공항시장역 4번출구,368,2022-01-01,대여소별 이용정보 22.1.csv
강북구,도봉4팀,1568.4.19민주묘지 입구사거리,368,2022-01-01,대여소별 이용정보 22.1.csv
마포구,상암1팀,129. 신촌역(2호선) 6번출구 옆,369,2022-01-01,대여소별 이용정보 22.1.csv
동작구,영남2팀,2085.강남중학교 앞,369,2022-01-01,대여소별 이용정보 22.1.csv
송파구,학여울2팀,4875. 위례포레샤인13단지,370,2022-01-01,대여소별 이용정보 22.1.csv
서대문구,상암1팀,198. 충정2교,370,2022-01-01,대여소별 이용정보 22.1.csv
금천구,천왕3팀,1845. 롯데캐슬골드파크1차 서문,370,2022-01-01,대여소별 이용정보 22.1.csv
중랑구,중랑3팀,4803. 상봉2동 주민센터 앞,371,2022-01-01,대여소별 이용정보 22.1.csv
동대문구,훈련원3팀,665.이문동 쌍용아파트 정문,372,2022-01-01,대여소별 이용정보 22.1.csv
금천구,천왕3팀,1828. 한양수자인아파트 앞,372,2022-01-01,대여소별 이용정보 22.1.csv
관악구,영남2팀,2137. KT&G 관악지점,373,2022-01-01,대여소별 이용정보 22.1.csv
송파구,학여울2팀,4497. 아시아선수촌아파트 교차로,373,2022-01-01,대여소별 이용정보 22.1.csv
동대문구,훈련원3팀,647. 신이문역 1번출구,373,2022-01-01,대여소별 이용정보 22.1.csv
강남구,학여울2팀,2375. 수서역 1번출구 앞,373,2022-01-01,대여소별 이용정보 22.1.csv
서초구,이수3팀,2523.뉴코아 킴스클럽 앞,373,2022-01-01,대여소별 이용정보 22.1.csv
마포구,상암1팀,199. 서울 월드컵 경기장,373,2022-01-01,대여소별 이용정보 22.1.csv
구로구,천왕1팀,1936. 개봉역 1번 출구 자전거보관서쪽,373,2022-01-01,대여소별 이용정보 22.1.csv
양천구,개화4팀,4518. 청기와빌딩,373,2022-01-01,대여소별 이용정보 22.1.csv
중구,세종로 4팀,485.서울역5번출구,374,2022-01-01,대여소별 이용정보 22.1.csv
성북구,훈련원2팀,1346. 길음8골어린이공원 옆,374,2022-01-01,대여소별 이용정보 22.1.csv
서대문구,상암2팀,3129.DMC래미안e편한세상203동옆,374,2022-01-01,대여소별 이용정보 22.1.csv
강동구,천호1팀,1070.(시립)고덕평생학습관,374,2022-01-01,대여소별 이용정보 22.1.csv
서초구,이수3팀,2259. 잠원역 3번-4번 출구사이,374,2022-01-01,대여소별 이용정보 22.1.csv
서초구,이수1팀,2537.양재역 8번출구 앞,374,2022-01-01,대여소별 이용정보 22.1.csv
서대문구,상암2팀,177. 북가좌 초등학교,375,2022-01-01,대여소별 이용정보 22.1.csv
서대문구,상암1팀,3104. e편한세상 신촌4단지 앞,375,2022-01-01,대여소별 이용정보 22.1.csv
금천구,천왕3팀,1854. 가산아네스트 오피스텔 앞,375,2022-01-01,대여소별 이용정보 22.1.csv
중랑구,중랑3팀,1408. 먹골역 6번출구 앞,375,2022-01-01,대여소별 이용정보 22.1.csv
도봉구,도봉3팀,4078. 원당공원 앞,375,2022-01-01,대여소별 이용정보 22.1.csv
도봉구,도봉3팀,4054. KT프라자도봉점 맞은편,375,2022-01-01,대여소별 이용정보 22.1.csv
도봉구,도봉3팀,1775.신원리베르텔 앞,375,2022-01-01,대여소별 이용정보 22.1.csv
중구,세종로 4팀,379. 서울역9번출구,375,2022-01-01,대여소별 이용정보 22.1.csv
광진구,중랑1팀,553. 중곡 성원아파트 앞,376,2022-01-01,대여소별 이용정보 22.1.csv
용산구,세종로3팀,832. 이촌1동 주민센터 뒤,376,2022-01-01,대여소별 이용정보 22.1.csv
성북구,훈련원2팀,1302. 한성대입구역6번출구 뒤,376,2022-01-01,대여소별 이용정보 22.1.csv
도봉구,도봉3팀,1726. 삼익세라믹아파트교차로,376,2022-01-01,대여소별 이용정보 22.1.csv
중랑구,중랑3팀,1464.중화역 4번출구,376,2022-01-01,대여소별 이용정보 22.1.csv
마포구,상암1팀,156. 서울서부지방법원 앞,377,2022-01-01,대여소별 이용정보 22.1.csv
강서구,개화2팀,3792. 화곡본동시장 입구,377,2022-01-01,대여소별 이용정보 22.1.csv
서초구,이수3팀,2521.서초 크로바타워 앞,377,2022-01-01,대여소별 이용정보 22.1.csv
동대문구,훈련원3팀,676.FITI시험연구원 앞,378,2022-01-01,대여소별 이용정보 22.1.csv
동작구,영남2팀,4171. 우성아파트 앞,378,2022-01-01,대여소별 이용정보 22.1.csv
구로구,천왕1팀,1993. 금강수목원아파트 앞,379,2022-01-01,대여소별 이용정보 22.1.csv
강북구,도봉4팀,1557.신창교,379,2022-01-01,대여소별 이용정보 22.1.csv
서초구,이수3팀,2233. 서초신동아1차아파트 옆,379,2022-01-01,대여소별 이용정보 22.1.csv
강서구,개화4팀,1145. 곰달래 문화복지센터 1-2,379,2022-01-01,대여소별 이용정보 22.1.csv
성동구,중랑2팀,4373. 서울숲 지식산업센터,381,2022-01-01,대여소별 이용정보 22.1.csv
송파구,천호2팀,"2626.경찰병원역 1,2번 출구 사이",381,2022-01-01,대여소별 이용정보 22.1.csv
동대문구,훈련원3팀,4110. 용두롯데캐슬리치아파트 앞,381,2022-01-01,대여소별 이용정보 22.1.csv
도봉구,도봉3팀,1748. 피자헛 앞(도봉병원 옆),381,2022-01-01,대여소별 이용정보 22.1.csv
도봉구,도봉3팀,1715. 서울특별시교육청도봉도서관,382,2022-01-01,대여소별 이용정보 22.1.csv
강남구,학여울2팀,2420.학여울역 사거리(LG베스트샵 앞),382,2022-01-01,대여소별 이용정보 22.1.csv
은평구,상암2팀,965. 서울특별시 은평병원,382,2022-01-01,대여소별 이용정보 22.1.csv
용산구,세종로3팀,811. 녹사평역1번출구,383,2022-01-01,대여소별 이용정보 22.1.csv
강서구,개화1팀,3753. 공항중학교 버스정류장,383,2022-01-01,대여소별 이용정보 22.1.csv
서초구,이수1팀,2276. 영동1교 (양재천근린공원),383,2022-01-01,대여소별 이용정보 22.1.csv
서초구,이수3팀,2237.서울남부터미널 대합실 입구,383,2022-01-01,대여소별 이용정보 22.1.csv
송파구,천호2팀,1256. 문정현대아파트 교차로,384,2022-01-01,대여소별 이용정보 22.1.csv
도봉구,도봉3팀,4080. 창동주공19단지앞,384,2022-01-01,대여소별 이용정보 22.1.csv
성북구,훈련원2팀,1373. 성북구보건소 건너편,384,2022-01-01,대여소별 이용정보 22.1.csv
동작구,영남2팀,2066. 양문교회 앞,384,2022-01-01,대여소별 이용정보 22.1.csv
양천구,개화4팀,4517. 성보하이드로빌딩,385,2022-01-01,대여소별 이용정보 22.1.csv
강남구,학여울1팀,2339. 현대아파트 정문 앞,385,2022-01-01,대여소별 이용정보 22.1.csv
강남구,학여울2팀,2423.영희초교 사거리(래미안개포루체하임),386,2022-01-01,대여소별 이용정보 22.1.csv
강남구,학여울1팀,2394. 개포래미안포레스트아파트 107동 앞,387,2022-01-01,대여소별 이용정보 22.1.csv
은평구,상암3팀,960. 구파발역 환승센터,387,2022-01-01,대여소별 이용정보 22.1.csv
노원구,도봉2팀,4033. 녹천역 4번 출구 옆,387,2022-01-01,대여소별 이용정보 22.1.csv
금천구,천왕2팀,1812. 갑을그레이트밸리 앞,387,2022-01-01,대여소별 이용정보 22.1.csv
성북구,훈련원2팀,1368. 성신여대입구 교차로,388,2022-01-01,대여소별 이용정보 22.1.csv
강서구,개화1팀,2725.서울식물원 식물문화센터,388,2022-01-01,대여소별 이용정보 22.1.csv
서초구,이수3팀,2542.신논현타워 앞,389,2022-01-01,대여소별 이용정보 22.1.csv
중구,훈련원1팀,434. 신당 래미안 버스정류장,390,2022-01-01,대여소별 이용정보 22.1.csv
강서구,개화3팀,2709.강변아파트 310동 앞,390,2022-01-01,대여소별 이용정보 22.1.csv
용산구,세종로3팀,4633. 센트럴파크타워 앞,390,2022-01-01,대여소별 이용정보 22.1.csv
강남구,학여울1팀,2330. 역삼월드메르디앙아파트 앞,391,2022-01-01,대여소별 이용정보 22.1.csv
용산구,세종로 4팀,820. 청파동입구 교차로,391,2022-01-01,대여소별 이용정보 22.1.csv
서초구,이수3팀,2212.서초현대4차아파트 201동 맞은편,391,2022-01-01,대여소별 이용정보 22.1.csv
강북구,도봉4팀,1554.번동사거리,392,2022-01-01,대여소별 이용정보 22.1.csv
송파구,학여울2팀,4456. 위례포레샤인 2310동 부근,392,2022-01-01,대여소별 이용정보 22.1.csv
양천구,개화4팀,720. 서울강월초등학교 앞,392,2022-01-01,대여소별 이용정보 22.1.csv
강동구,천호1팀,1003. 해공도서관앞,392,2022-01-01,대여소별 이용정보 22.1.csv
영등포구,영남3팀,248. 초원아파트 앞,392,2022-01-01,대여소별 이용정보 22.1.csv
도봉구,도봉3팀,1722. 창동청소년수련관,392,2022-01-01,대여소별 이용정보 22.1.csv
마포구,상암1팀,118. 광흥창역 2번출구 앞,392,2022-01-01,대여소별 이용정보 22.1.csv
노원구,도봉2팀,1641. 한내근린공원 남측,393,2022-01-01,대여소별 이용정보 22.1.csv
송파구,학여울2팀,4880. 송파청소년센터,393,2022-01-01,대여소별 이용정보 22.1.csv
도봉구,도봉3팀,1716. 하나로마트 창동점,393,2022-01-01,대여소별 이용정보 22.1.csv
구로구,천왕1팀,1981. 천왕이펜하우스5단지 앞,393,2022-01-01,대여소별 이용정보 22.1.csv
종로구,훈련원1팀,3412.세운상가,394,2022-01-01,대여소별 이용정보 22.1.csv
동대문구,훈련원4팀,4107. 장안동근린공원 입구,395,2022-01-01,대여소별 이용정보 22.1.csv
강서구,개화2팀,"5056. 마곡역4,5번출구",395,2022-01-01,대여소별 이용정보 22.1.csv
중랑구,중랑3팀,4824. 상봉신협 앞,395,2022-01-01,대여소별 이용정보 22.1.csv
동대문구,훈련원3팀,601. 용신동주민센터,396,2022-01-01,대여소별 이용정보 22.1.csv
강남구,이수3팀,2410. 포스코피앤에스타워 (역삼역 3번출구 부근),396,2022-01-01,대여소별 이용정보 22.1.csv
영등포구,영남3팀,4563. 여의도 은하아파트,397,2022-01-01,대여소별 이용정보 22.1.csv
서초구,이수3팀,2239.교대역 6번출구,397,2022-01-01,대여소별 이용정보 22.1.csv
종로구,세종로1팀,349. 사직동주민센터,397,2022-01-01,대여소별 이용정보 22.1.csv
중구,세종로 4팀,4794. 서울역 서부교차로(3),397,2022-01-01,대여소별 이용정보 22.1.csv
송파구,학여울2팀,2603. 송파 글마루 도서관,398,2022-01-01,대여소별 이용정보 22.1.csv
용산구,세종로 4팀,806. 전자랜드 본관 앞,398,2022-01-01,대여소별 이용정보 22.1.csv
양천구,영남1팀,4512. 목동13_14단지 사거리,399,2022-01-01,대여소별 이용정보 22.1.csv
노원구,도봉1팀,1654. 당고개입구 오거리,399,2022-01-01,대여소별 이용정보 22.1.csv
용산구,세종로3팀,4620. 삼각지역 14번 출구 앞(교통섬),399,2022-01-01,대여소별 이용정보 22.1.csv
관악구,이수2팀,3815. 광일빌딩,400,2022-01-01,대여소별 이용정보 22.1.csv
관악구,영남2팀,3818. 은천교회 앞,400,2022-01-01,대여소별 이용정보 22.1.csv
서초구,이수2팀,2511. 이수역 6번출구 앞,401,2022-01-01,대여소별 이용정보 22.1.csv
강서구,개화1팀,1178. 개화산역 2번 출구,402,2022-01-01,대여소별 이용정보 22.1.csv
중구,세종로2팀,318. 광교사거리 남측,403,2022-01-01,대여소별 이용정보 22.1.csv
강동구,천호1팀,1081.트레빌빌딩,403,2022-01-01,대여소별 이용정보 22.1.csv
양천구,개화4팀,759. 보아스아파트 앞,403,2022-01-01,대여소별 이용정보 22.1.csv
광진구,중랑1팀,3505. 신양초교앞 교차로,404,2022-01-01,대여소별 이용정보 22.1.csv
성북구,훈련원2팀,1388. 돈암초교입구 버스정류장(한성대입구역 방면),404,2022-01-01,대여소별 이용정보 22.1.csv
성북구,훈련원2팀,1344. 아리랑시네센터 앞,404,2022-01-01,대여소별 이용정보 22.1.csv
성북구,훈련원2팀,1326. 상월곡역 1번출구,404,2022-01-01,대여소별 이용정보 22.1.csv
금천구,천왕3팀,1846. 롯데캐슬골드파크1차 동문,405,2022-01-01,대여소별 이용정보 22.1.csv
서대문구,상암1팀,141. 연대 대운동장 옆,405,2022-01-01,대여소별 이용정보 22.1.csv
서대문구,상암1팀,134. 연세로 명물길,406,2022-01-01,대여소별 이용정보 22.1.csv
용산구,세종로 4팀,807. 서울역 12번 출구 앞,406,2022-01-01,대여소별 이용정보 22.1.csv
구로구,천왕1팀,1965. 삼환로즈빌아파트 105동 옆,406,2022-01-01,대여소별 이용정보 22.1.csv
도봉구,도봉3팀,1771.성원APT버스정류소,407,2022-01-01,대여소별 이용정보 22.1.csv
마포구,상암1팀,420. 서울시 공공자전거 상암센터,407,2022-01-01,대여소별 이용정보 22.1.csv
금천구,천왕3팀,1862.스타즈호텔독산 빌딩 앞,407,2022-01-01,대여소별 이용정보 22.1.csv
동대문구,훈련원3팀,640. 청량리역 2번출구,407,2022-01-01,대여소별 이용정보 22.1.csv
서초구,이수1팀,4317. 양재근린공원,408,2022-01-01,대여소별 이용정보 22.1.csv
양천구,개화4팀,750. 연의근린공원 건너편,408,2022-01-01,대여소별 이용정보 22.1.csv
중구,훈련원1팀,4793. 동대문역사문화공원역 5번출구,409,2022-01-01,대여소별 이용정보 22.1.csv
노원구,도봉1팀,4005. 중계2차 한화꿈에그린 101동 인근,409,2022-01-01,대여소별 이용정보 22.1.csv
구로구,천왕2팀,1913. 구로리공원,409,2022-01-01,대여소별 이용정보 22.1.csv
서대문구,상암2팀,3128.동신병원 맞은편,409,2022-01-01,대여소별 이용정보 22.1.csv
송파구,천호2팀,2642.마천동 성내천 쉼터,411,2022-01-01,대여소별 이용정보 22.1.csv
서대문구,상암2팀,188. 홍은동 정원여중 입구,411,2022-01-01,대여소별 이용정보 22.1.csv
서초구,이수3팀,2524.반포쇼핑타운 8동 앞,412,2022-01-01,대여소별 이용정보 22.1.csv
용산구,세종로3팀,843. 녹사평역 광장,412,2022-01-01,대여소별 이용정보 22.1.csv
마포구,상암1팀,121. 마포소방서 앞,412,2022-01-01,대여소별 이용정보 22.1.csv
도봉구,도봉3팀,1754. 창동시장입구 사거리,412,2022-01-01,대여소별 이용정보 22.1.csv
용산구,세종로 4팀,800. 목월공원 앞,412,2022-01-01,대여소별 이용정보 22.1.csv
서초구,이수3팀,2266. 서초역 3번출구,412,2022-01-01,대여소별 이용정보 22.1.csv
구로구,천왕1팀,1931. 개봉역2번출구 A,413,2022-01-01,대여소별 이용정보 22.1.csv
서대문구,상암1팀,3116.신촌역 4번출구,413,2022-01-01,대여소별 이용정보 22.1.csv
송파구,천호2팀,4469. 거여동 어울림아파트 102동앞,413,2022-01-01,대여소별 이용정보 22.1.csv
강남구,이수3팀,2303. 논현역 10번출구,413,2022-01-01,대여소별 이용정보 22.1.csv
중구,훈련원1팀,430. KEB하나은행 장충동지점,413,2022-01-01,대여소별 이용정보 22.1.csv
중구,세종로2팀,332. 을지로2가 사거리 남측,414,2022-01-01,대여소별 이용정보 22.1.csv
성북구,훈련원2팀,4406. 장곡초등학교 앞,414,2022-01-01,대여소별 이용정보 22.1.csv
영등포구,영남3팀,251. 서울지방병무청 버스정류장,414,2022-01-01,대여소별 이용정보 22.1.csv
동작구,영남2팀,2012. 대림사거리(동작상떼빌아파트),414,2022-01-01,대여소별 이용정보 22.1.csv
강북구,도봉4팀,3707. 드래곤타워 앞,414,2022-01-01,대여소별 이용정보 22.1.csv
영등포구,영남3팀,4558. 대영중고 후문,415,2022-01-01,대여소별 이용정보 22.1.csv
중랑구,중랑3팀,4808. 신내2동 주민센터 앞,415,2022-01-01,대여소별 이용정보 22.1.csv
성동구,중랑2팀,520. 상왕십리역 4번 출구 앞,415,2022-01-01,대여소별 이용정보 22.1.csv
노원구,도봉1팀,1627. 수락산역 4번출구,416,2022-01-01,대여소별 이용정보 22.1.csv
중구,세종로2팀,472.삼일교(시그니쳐 타워),416,2022-01-01,대여소별 이용정보 22.1.csv
강동구,천호1팀,3683. KT&G강동지사,416,2022-01-01,대여소별 이용정보 22.1.csv
마포구,상암1팀,437. 대흥역 1번출구,416,2022-01-01,대여소별 이용정보 22.1.csv
강서구,개화1팀,1159. 서서울모터리움 앞,416,2022-01-01,대여소별 이용정보 22.1.csv
노원구,도봉2팀,2917.신창중학교 후문 맞은편 버스정류장,416,2022-01-01,대여소별 이용정보 22.1.csv
양천구,개화4팀,777.신월6차보람아파트 앞,417,2022-01-01,대여소별 이용정보 22.1.csv
강남구,학여울1팀,2405. 청담공원앞 교차로,417,2022-01-01,대여소별 이용정보 22.1.csv
성북구,훈련원2팀,1343. 한성대7번출구 앞,417,2022-01-01,대여소별 이용정보 22.1.csv
강북구,도봉4팀,1519. 세븐일레븐 수유장미원점 앞,418,2022-01-01,대여소별 이용정보 22.1.csv
송파구,천호2팀,1280. 송파파크데일 2단지입구 앞 주차장,419,2022-01-01,대여소별 이용정보 22.1.csv
강북구,도봉4팀,1526. 수유동 채선당앞,419,2022-01-01,대여소별 이용정보 22.1.csv
용산구,세종로 4팀,805. 문배어린이공원 앞,419,2022-01-01,대여소별 이용정보 22.1.csv
관악구,영남2팀,2145. 은천초등학교 육교,420,2022-01-01,대여소별 이용정보 22.1.csv
송파구,학여울2팀,2631.배명고등학교,420,2022-01-01,대여소별 이용정보 22.1.csv
종로구,세종로1팀,3406.세종로공원,420,2022-01-01,대여소별 이용정보 22.1.csv
강서구,개화3팀,1171. 염창동 새마을금고 건너편,420,2022-01-01,대여소별 이용정보 22.1.csv
노원구,도봉1팀,2911.상계역중앙시장,420,2022-01-01,대여소별 이용정보 22.1.csv
송파구,천호2팀,4855. 거여5단지 503동 앞,420,2022-01-01,대여소별 이용정보 22.1.csv
마포구,상암1팀,112. 극동방송국 앞,421,2022-01-01,대여소별 이용정보 22.1.csv
관악구,영남2팀,3812. KT관악지점,421,2022-01-01,대여소별 이용정보 22.1.csv
중랑구,중랑3팀,1411. 상봉시장앞 교차로 한성빌딩 앞,421,2022-01-01,대여소별 이용정보 22.1.csv
노원구,도봉2팀,1665. 양지근린공원앞,421,2022-01-01,대여소별 이용정보 22.1.csv
은평구,상암2팀,4674. 녹번역e편한세상 캐슬 정문 앞,422,2022-01-01,대여소별 이용정보 22.1.csv
마포구,상암1팀,4212. 한화오벨리스크 앞,422,2022-01-01,대여소별 이용정보 22.1.csv
양천구,개화4팀,737. 장수공원,422,2022-01-01,대여소별 이용정보 22.1.csv
강동구,천호1팀,1060. 천일초교 사거리,422,2022-01-01,대여소별 이용정보 22.1.csv
강서구,개화3팀,5065. 허준박물관삼거리,423,2022-01-01,대여소별 이용정보 22.1.csv
동대문구,훈련원3팀,4113. 한국국방연구원 앞,424,2022-01-01,대여소별 이용정보 22.1.csv
강남구,학여울1팀,2373. 개포동역 사거리,424,2022-01-01,대여소별 이용정보 22.1.csv
구로구,천왕1팀,1937. 한진아파트 입구,425,2022-01-01,대여소별 이용정보 22.1.csv
은평구,상암2팀,4659. 신진과학기술고등학교 버스정류장(응암시장 방면),425,2022-01-01,대여소별 이용정보 22.1.csv
강서구,개화3팀,3763. 등촌태영아파트,426,2022-01-01,대여소별 이용정보 22.1.csv
동대문구,훈련원3팀,667.청량차도 육교 밑,427,2022-01-01,대여소별 이용정보 22.1.csv
성동구,중랑2팀,3550.금호나들목,427,2022-01-01,대여소별 이용정보 22.1.csv
중랑구,중랑3팀,4820. 망우역 2번 출구,427,2022-01-01,대여소별 이용정보 22.1.csv
서초구,이수3팀,2213. 고속터미널역 5번출구 앞,429,2022-01-01,대여소별 이용정보 22.1.csv
도봉구,도봉3팀,1752. 창동 주공 4단지 입구 옆,429,2022-01-01,대여소별 이용정보 22.1.csv
송파구,학여울2팀,1217. 송파파인타운 7단지,431,2022-01-01,대여소별 이용정보 22.1.csv
성동구,중랑2팀,519. 양지사거리,432,2022-01-01,대여소별 이용정보 22.1.csv
송파구,천호2팀,4478. 문정근린공원2,432,2022-01-01,대여소별 이용정보 22.1.csv
송파구,학여울2팀,4480. 가락시장 남1문 사거리,433,2022-01-01,대여소별 이용정보 22.1.csv
양천구,개화3팀,749. 이대목동병원보도육교,434,2022-01-01,대여소별 이용정보 22.1.csv
광진구,중랑1팀,3873. 동서울우편집중국 앞,434,2022-01-01,대여소별 이용정보 22.1.csv
송파구,천호2팀,4871. 오금동 대림아파트 정문,435,2022-01-01,대여소별 이용정보 22.1.csv
은평구,상암3팀,904. 은평뉴타운 푸르지오,436,2022-01-01,대여소별 이용정보 22.1.csv
강서구,개화2팀,3786. 강서힐스테이트 상가 앞,436,2022-01-01,대여소별 이용정보 22.1.csv
관악구,영남2팀,2144. 난우길입구,437,2022-01-01,대여소별 이용정보 22.1.csv
중랑구,중랑3팀,1429. 장안중학교,438,2022-01-01,대여소별 이용정보 22.1.csv
노원구,도봉1팀,4018. 상계주공15단지 버스정류소,439,2022-01-01,대여소별 이용정보 22.1.csv
마포구,상암1팀,416. 상암월드컵파크 1단지 교차로,439,2022-01-01,대여소별 이용정보 22.1.csv
금천구,천왕3팀,1833. 독산역 1번출구 앞 자전거보관소,439,2022-01-01,대여소별 이용정보 22.1.csv
서대문구,상암2팀,3101. 서대문구청,440,2022-01-01,대여소별 이용정보 22.1.csv
성북구,훈련원2팀,1303. 돈암초교 입구,440,2022-01-01,대여소별 이용정보 22.1.csv
은평구,상암3팀,963. 대호프라자아파트,440,2022-01-01,대여소별 이용정보 22.1.csv
동대문구,훈련원3팀,4117. 휘경119안전센터 앞,440,2022-01-01,대여소별 이용정보 22.1.csv
동대문구,훈련원4팀,604. 답십리초등학교 옆 공원,441,2022-01-01,대여소별 이용정보 22.1.csv
송파구,천호2팀,1229. 송파체육문화회관 앞,441,2022-01-01,대여소별 이용정보 22.1.csv
강동구,천호1팀,3689. 강일역 3번출구,441,2022-01-01,대여소별 이용정보 22.1.csv
강동구,천호1팀,1065.보훈병원 후문옆(더 원커피),441,2022-01-01,대여소별 이용정보 22.1.csv
강남구,이수1팀,"2359. 국립국악중,고교 정문 맞은편",441,2022-01-01,대여소별 이용정보 22.1.csv
용산구,세종로 4팀,819. 선린인터넷 고등학교,441,2022-01-01,대여소별 이용정보 22.1.csv
강서구,개화1팀,3783. 마곡금호어울림아파트,441,2022-01-01,대여소별 이용정보 22.1.csv
송파구,천호2팀,1271. 송파도서관,442,2022-01-01,대여소별 이용정보 22.1.csv
중랑구,중랑3팀,1469.먹골역 4번출구,442,2022-01-01,대여소별 이용정보 22.1.csv
성북구,훈련원2팀,1305. 성북구청,443,2022-01-01,대여소별 이용정보 22.1.csv
중랑구,중랑3팀,1430. 중랑구청,443,2022-01-01,대여소별 이용정보 22.1.csv
송파구,천호2팀,1288. 문정중교 사거리,443,2022-01-01,대여소별 이용정보 22.1.csv
성동구,중랑2팀,506. 금호 어울림 아파트 앞,444,2022-01-01,대여소별 이용정보 22.1.csv
마포구,상암1팀,488.푸르메병원,444,2022-01-01,대여소별 이용정보 22.1.csv
노원구,도봉1팀,2920.상계중학교(당현2교사거리),444,2022-01-01,대여소별 이용정보 22.1.csv
노원구,도봉1팀,4004. 당고개입구오거리 당현천변,444,2022-01-01,대여소별 이용정보 22.1.csv
마포구,상암1팀,3007.MBC 앞,445,2022-01-01,대여소별 이용정보 22.1.csv
영등포구,영남3팀,241. 신길우성1차아파트 앞 공원,445,2022-01-01,대여소별 이용정보 22.1.csv
서초구,이수3팀,2515.서초초등학교 후문,445,2022-01-01,대여소별 이용정보 22.1.csv
강남구,학여울1팀,3628. 역삼1동 주민센터,445,2022-01-01,대여소별 이용정보 22.1.csv
송파구,천호2팀,1253. 오금역 3번 출구 뒤,445,2022-01-01,대여소별 이용정보 22.1.csv
노원구,도봉1팀,1659. 중계동 을지중학교,445,2022-01-01,대여소별 이용정보 22.1.csv
마포구,상암1팀,111. 상수역 2번출구 앞,445,2022-01-01,대여소별 이용정보 22.1.csv
서초구,이수3팀,2504. 신사역 4번출구 뒤,446,2022-01-01,대여소별 이용정보 22.1.csv
강동구,천호1팀,1085.래미안 솔베뉴(고덕로),446,2022-01-01,대여소별 이용정보 22.1.csv
금천구,천왕3팀,1805. 서울디지털운동장 앞,447,2022-01-01,대여소별 이용정보 22.1.csv
동작구,이수2팀,2090.기아자동차 사당점 앞,447,2022-01-01,대여소별 이용정보 22.1.csv
마포구,상암1팀,145. 공덕역 5번출구,447,2022-01-01,대여소별 이용정보 22.1.csv
관악구,이수2팀,2116. 에이스에이존빌딩,447,2022-01-01,대여소별 이용정보 22.1.csv
송파구,천호2팀,1207. 마천중앙시장,448,2022-01-01,대여소별 이용정보 22.1.csv
마포구,상암1팀,181. 망원초록길 입구,448,2022-01-01,대여소별 이용정보 22.1.csv
노원구,도봉1팀,4014. 당고개역 3번 출구,448,2022-01-01,대여소별 이용정보 22.1.csv
성동구,중랑2팀,3544.한양대역 3번 출구,448,2022-01-01,대여소별 이용정보 22.1.csv
중구,훈련원1팀,336. 티마크 호텔 앞,449,2022-01-01,대여소별 이용정보 22.1.csv
영등포구,영남3팀,223. 진주아파트상가 앞,449,2022-01-01,대여소별 이용정보 22.1.csv
관악구,영남2팀,2174. 삼성디지털프라자관악점,449,2022-01-01,대여소별 이용정보 22.1.csv
송파구,천호2팀,4458. 가락2동주민센터 인근,449,2022-01-01,대여소별 이용정보 22.1.csv
은평구,상암2팀,985. 은평세무서 버스정류장(은평구청 방면),450,2022-01-01,대여소별 이용정보 22.1.csv
중랑구,중랑3팀,4804. 동서울농협 앞,450,2022-01-01,대여소별 이용정보 22.1.csv
영등포구,영남1팀,4600. 영등포구 총괄 우체국,450,2022-01-01,대여소별 이용정보 22.1.csv
서대문구,상암2팀,167. 연가초등학교 옆,450,2022-01-01,대여소별 이용정보 22.1.csv
송파구,학여울2팀,4483. 잠실나들목4,450,2022-01-01,대여소별 이용정보 22.1.csv
은평구,상암3팀,919. 서울혁신파크,451,2022-01-01,대여소별 이용정보 22.1.csv
관악구,영남2팀,2191.대학동주민센터,451,2022-01-01,대여소별 이용정보 22.1.csv
강북구,도봉4팀,1536. 번동 두산위브 101동 옆,451,2022-01-01,대여소별 이용정보 22.1.csv
광진구,중랑1팀,3516. 구의아리수정수센터앞,452,2022-01-01,대여소별 이용정보 22.1.csv
강서구,개화1팀,3788. 정곡나들목,452,2022-01-01,대여소별 이용정보 22.1.csv
관악구,이수2팀,3311.서울대입구역 4번 출구,452,2022-01-01,대여소별 이용정보 22.1.csv
동작구,이수2팀,2082.7호선 이수역7번출구,452,2022-01-01,대여소별 이용정보 22.1.csv
서대문구,상암2팀,195. 모래내고가차도,452,2022-01-01,대여소별 이용정보 22.1.csv
서대문구,상암2팀,3103. 홍제삼거리 북측,453,2022-01-01,대여소별 이용정보 22.1.csv
광진구,중랑1팀,3507. 어린이회관,453,2022-01-01,대여소별 이용정보 22.1.csv
노원구,도봉2팀,4016. 노원 마들스타디움,454,2022-01-01,대여소별 이용정보 22.1.csv
송파구,천호2팀,4859. 잠실나루 나들목,454,2022-01-01,대여소별 이용정보 22.1.csv
금천구,천왕3팀,1859. 대륭테크노타운 18차,454,2022-01-01,대여소별 이용정보 22.1.csv
강남구,학여울2팀,2412. 일원1동 주민센터,454,2022-01-01,대여소별 이용정보 22.1.csv
마포구,상암1팀,436. 이대역 5번출구,455,2022-01-01,대여소별 이용정보 22.1.csv
은평구,상암2팀,930. 구 서부경찰서 건너편,456,2022-01-01,대여소별 이용정보 22.1.csv
강서구,개화4팀,2712.화곡터널입구교차로,456,2022-01-01,대여소별 이용정보 22.1.csv
구로구,천왕1팀,3908. 오류동 다숲오피스텔 앞,456,2022-01-01,대여소별 이용정보 22.1.csv
마포구,상암1팀,425. DMC첨단산업센터,456,2022-01-01,대여소별 이용정보 22.1.csv
도봉구,도봉3팀,4062. 평화도봉공원 주변,458,2022-01-01,대여소별 이용정보 22.1.csv
강북구,도봉4팀,1560. 도봉세무서 앞,458,2022-01-01,대여소별 이용정보 22.1.csv
중랑구,중랑3팀,1437. 늘푸른공원 앞,458,2022-01-01,대여소별 이용정보 22.1.csv
송파구,천호2팀,2656.풍납동 아이파크 107동 앞,459,2022-01-01,대여소별 이용정보 22.1.csv
강서구,개화1팀,1198. LG 사이언스파크,459,2022-01-01,대여소별 이용정보 22.1.csv
성북구,훈련원2팀,1382.래미안월곡아파트 입구,460,2022-01-01,대여소별 이용정보 22.1.csv
영등포구,영남3팀,270. 증권거래소후문교차로,460,2022-01-01,대여소별 이용정보 22.1.csv
중랑구,중랑3팀,1428. 원묵고등학교,460,2022-01-01,대여소별 이용정보 22.1.csv
영등포구,영남1팀,4588.양남사거리2,460,2022-01-01,대여소별 이용정보 22.1.csv
용산구,세종로 4팀,835. 남영역 건너편,461,2022-01-01,대여소별 이용정보 22.1.csv
금천구,천왕2팀,1839. 수출의 다리 아래,461,2022-01-01,대여소별 이용정보 22.1.csv
마포구,상암1팀,150. 서강대역 2번출구 앞,461,2022-01-01,대여소별 이용정보 22.1.csv
강동구,천호1팀,1030. 미호 플랜트 앞,461,2022-01-01,대여소별 이용정보 22.1.csv
종로구,훈련원1팀,344. 성균관대 E하우스 앞,462,2022-01-01,대여소별 이용정보 22.1.csv
성북구,훈련원2팀,1334. 석관동주민센터 앞,463,2022-01-01,대여소별 이용정보 22.1.csv
강남구,이수3팀,2362. 신사동 가로수길 입구,463,2022-01-01,대여소별 이용정보 22.1.csv
종로구,세종로2팀,353. 재동초교 앞 삼거리,463,2022-01-01,대여소별 이용정보 22.1.csv
중구,세종로2팀,4778. 대신파이낸스센터,463,2022-01-01,대여소별 이용정보 22.1.csv
노원구,도봉2팀,1677. 육군사관학교 앞,464,2022-01-01,대여소별 이용정보 22.1.csv
강남구,학여울1팀,2324. 천주교 대치 2동 교회 옆,464,2022-01-01,대여소별 이용정보 22.1.csv
영등포구,영남3팀,249. 여의도중학교 옆,464,2022-01-01,대여소별 이용정보 22.1.csv
구로구,천왕1팀,2820.신세기아파트 앞,464,2022-01-01,대여소별 이용정보 22.1.csv
양천구,영남1팀,748. 목동운동장,465,2022-01-01,대여소별 이용정보 22.1.csv
성동구,중랑2팀,562. 군자지하보도 앞,465,2022-01-01,대여소별 이용정보 22.1.csv
종로구,세종로1팀,307. 서울역사박물관 앞,465,2022-01-01,대여소별 이용정보 22.1.csv
마포구,상암1팀,402. 상암월드컵파크 9단지 앞,466,2022-01-01,대여소별 이용정보 22.1.csv
서대문구,상암1팀,138. 신촌동 제1공영주차장 앞,466,2022-01-01,대여소별 이용정보 22.1.csv
종로구,세종로2팀,464. 삼청동 골목,467,2022-01-01,대여소별 이용정보 22.1.csv
구로구,천왕1팀,1966. 한마을아파트 정문상가,467,2022-01-01,대여소별 이용정보 22.1.csv
마포구,상암1팀,495.염리초등학교 앞,467,2022-01-01,대여소별 이용정보 22.1.csv
광진구,중랑1팀,3882. 자양2동 주민센터,467,2022-01-01,대여소별 이용정보 22.1.csv
중랑구,중랑3팀,1413. 봉화산역 5번출구 뒤,467,2022-01-01,대여소별 이용정보 22.1.csv
강남구,학여울1팀,2413.도곡역 1번 출구,468,2022-01-01,대여소별 이용정보 22.1.csv
마포구,상암1팀,155. 가좌역1 번출구 앞,469,2022-01-01,대여소별 이용정보 22.1.csv
영등포구,영남1팀,4552. 코레일유통본사,469,2022-01-01,대여소별 이용정보 22.1.csv
양천구,개화4팀,740. 으뜸공원,469,2022-01-01,대여소별 이용정보 22.1.csv
성동구,중랑2팀,579. 마장역 4번출구,469,2022-01-01,대여소별 이용정보 22.1.csv
용산구,세종로 4팀,844. 이촌2동 동원베네스트 아파트 앞,469,2022-01-01,대여소별 이용정보 22.1.csv
동작구,영남2팀,2003. 사육신공원앞,469,2022-01-01,대여소별 이용정보 22.1.csv
강동구,천호1팀,"1051. 강일중,선사고 버스정류장(신암중학교 방면)",470,2022-01-01,대여소별 이용정보 22.1.csv
송파구,천호2팀,4500. 풍납나들목,471,2022-01-01,대여소별 이용정보 22.1.csv
용산구,세종로3팀,849. 삼각지 자이아파트,471,2022-01-01,대여소별 이용정보 22.1.csv
영등포구,영남3팀,3204.도림고가도로 밑,471,2022-01-01,대여소별 이용정보 22.1.csv
노원구,도봉2팀,4025. 한천교 동편,471,2022-01-01,대여소별 이용정보 22.1.csv
은평구,상암2팀,958. 본 서부병원 버스정류장(은평 세무서 방면),472,2022-01-01,대여소별 이용정보 22.1.csv
강서구,개화2팀,2731.명덕고교,472,2022-01-01,대여소별 이용정보 22.1.csv
동작구,이수2팀,2089.사당역10번출구(금강빌딩),472,2022-01-01,대여소별 이용정보 22.1.csv
강남구,학여울1팀,2369. KT선릉타워,474,2022-01-01,대여소별 이용정보 22.1.csv
은평구,상암3팀,962. 은평뉴타운 힐데스하임,474,2022-01-01,대여소별 이용정보 22.1.csv
송파구,천호2팀,2627.문정시영아파트 5동 앞 공원,474,2022-01-01,대여소별 이용정보 22.1.csv
노원구,도봉1팀,4019. 상계주공10단지 버스정류소,475,2022-01-01,대여소별 이용정보 22.1.csv
중구,세종로1팀,4797. KG타워 앞,475,2022-01-01,대여소별 이용정보 22.1.csv
서초구,이수1팀,2242.양재역 11번 출구 앞,475,2022-01-01,대여소별 이용정보 22.1.csv
성북구,훈련원2팀,1361. 홍익중고 입구,475,2022-01-01,대여소별 이용정보 22.1.csv
송파구,천호2팀,4464. 올림픽공원 북2문,476,2022-01-01,대여소별 이용정보 22.1.csv
양천구,천왕1팀,4528. 양천구청역 1번출구,476,2022-01-01,대여소별 이용정보 22.1.csv
광진구,중랑1팀,3864. 광진소방서 앞,477,2022-01-01,대여소별 이용정보 22.1.csv
중구,훈련원1팀,476.광희문,477,2022-01-01,대여소별 이용정보 22.1.csv
마포구,상암1팀,4208. 스타벅스(동교동) 앞,477,2022-01-01,대여소별 이용정보 22.1.csv
중구,훈련원1팀,389. 을지로4가역 1번출구,477,2022-01-01,대여소별 이용정보 22.1.csv
동작구,영남2팀,2016. 신대방삼거리역 3번출구쪽,477,2022-01-01,대여소별 이용정보 22.1.csv
도봉구,도봉3팀,1734. 쌍문현대1차아파트 108동 앞,477,2022-01-01,대여소별 이용정보 22.1.csv
마포구,상암1팀,403. 부엉이공원 앞,478,2022-01-01,대여소별 이용정보 22.1.csv
광진구,중랑1팀,3860. 건국대학교 정문 앞,479,2022-01-01,대여소별 이용정보 22.1.csv
은평구,상암2팀,948. 디지털미디어 시티역 4번출구(DMC역),479,2022-01-01,대여소별 이용정보 22.1.csv
중구,세종로 4팀,826. 서울역 서부교차로2,479,2022-01-01,대여소별 이용정보 22.1.csv
동대문구,훈련원4팀,4123. 배봉초교 교차로,479,2022-01-01,대여소별 이용정보 22.1.csv
동대문구,훈련원3팀,661. 경희대학교 청운관,479,2022-01-01,대여소별 이용정보 22.1.csv
서초구,이수3팀,2531.멤피스아파트 앞,482,2022-01-01,대여소별 이용정보 22.1.csv
서초구,이수3팀,2220. 반포본동 주민센터 앞,483,2022-01-01,대여소별 이용정보 22.1.csv
도봉구,도봉3팀,1765.쌍문역 1번 출구(양산부인과 빌딩),484,2022-01-01,대여소별 이용정보 22.1.csv
동대문구,훈련원4팀,625. 답십리초등학교 앞(현대시장 옆),484,2022-01-01,대여소별 이용정보 22.1.csv
서대문구,상암1팀,115. 마스타 빌딩 앞,484,2022-01-01,대여소별 이용정보 22.1.csv
서대문구,상암1팀,180. 충정로역 7번출구 아래,485,2022-01-01,대여소별 이용정보 22.1.csv
노원구,도봉1팀,1682. 중계종합사회복지관 교차로,486,2022-01-01,대여소별 이용정보 22.1.csv
서초구,이수1팀,2247.섬들근린공원,486,2022-01-01,대여소별 이용정보 22.1.csv
서초구,이수3팀,2525.반포쇼핑타운 2동 앞,486,2022-01-01,대여소별 이용정보 22.1.csv
영등포구,영남1팀,4594. 양평교 영등포대여소,486,2022-01-01,대여소별 이용정보 22.1.csv
강북구,도봉4팀,1527. 미아역 1번 출구 뒤,486,2022-01-01,대여소별 이용정보 22.1.csv
마포구,상암1팀,143. 공덕역 2번출구,487,2022-01-01,대여소별 이용정보 22.1.csv
서대문구,상암2팀,170. DMC파크뷰자이아파트 302동 앞,487,2022-01-01,대여소별 이용정보 22.1.csv
광진구,중랑1팀,3528. 광진정보도서관,488,2022-01-01,대여소별 이용정보 22.1.csv
종로구,훈련원1팀,359. 원남동사거리,488,2022-01-01,대여소별 이용정보 22.1.csv
송파구,천호2팀,1228. 마천사거리,488,2022-01-01,대여소별 이용정보 22.1.csv
강동구,천호1팀,1074.대명초교입구 사거리,488,2022-01-01,대여소별 이용정보 22.1.csv
강남구,이수3팀,2302. 교보타워 버스정류장(신논현역 3번출구 후면),489,2022-01-01,대여소별 이용정보 22.1.csv
중랑구,중랑3팀,1470.중화동 우리은행 앞,489,2022-01-01,대여소별 이용정보 22.1.csv
광진구,중랑1팀,3581.광진광장,490,2022-01-01,대여소별 이용정보 22.1.csv
마포구,상암1팀,3008.DMC역7번출구,490,2022-01-01,대여소별 이용정보 22.1.csv
강동구,천호1팀,1072.고덕역 5번출구,490,2022-01-01,대여소별 이용정보 22.1.csv
구로구,천왕1팀,1953. 천왕역 4번출구 뒤,491,2022-01-01,대여소별 이용정보 22.1.csv
양천구,개화4팀,4507. 신정제일시장,491,2022-01-01,대여소별 이용정보 22.1.csv
노원구,도봉2팀,4024. 꿈의숲 SK뷰 아파트,492,2022-01-01,대여소별 이용정보 22.1.csv
영등포구,영남3팀,4569. 힐스테이트클래시안아파트,493,2022-01-01,대여소별 이용정보 22.1.csv
도봉구,도봉3팀,1744.KT방학지사 앞,493,2022-01-01,대여소별 이용정보 22.1.csv
양천구,개화2팀,732. 신월중학교,493,2022-01-01,대여소별 이용정보 22.1.csv
도봉구,도봉3팀,1733. 방학사거리 (봄마당 앞),494,2022-01-01,대여소별 이용정보 22.1.csv
송파구,학여울2팀,4467. 한림연예예술고등학교,495,2022-01-01,대여소별 이용정보 22.1.csv
서초구,이수1팀,2251. 더케이호텔 입구(양재2),495,2022-01-01,대여소별 이용정보 22.1.csv
강남구,이수3팀,2301. 현대고등학교 건너편,495,2022-01-01,대여소별 이용정보 22.1.csv
관악구,영남2팀,3803. 남서울중학교,496,2022-01-01,대여소별 이용정보 22.1.csv
은평구,상암3팀,932. 예일여중,497,2022-01-01,대여소별 이용정보 22.1.csv
송파구,학여울2팀,1247. 문정 법조단지11,497,2022-01-01,대여소별 이용정보 22.1.csv
성동구,중랑2팀,4370. 서울숲IT캐슬 앞,497,2022-01-01,대여소별 이용정보 22.1.csv
금천구,천왕2팀,1840. 솔브레인이엔지 뒤편,498,2022-01-01,대여소별 이용정보 22.1.csv
종로구,훈련원1팀,3423.현대그룹(본사),498,2022-01-01,대여소별 이용정보 22.1.csv
은평구,상암2팀,989. 신응교(가좌로) 앞,498,2022-01-01,대여소별 이용정보 22.1.csv
금천구,천왕3팀,1806. 에이스하이엔드타워9차 앞,498,2022-01-01,대여소별 이용정보 22.1.csv
용산구,세종로3팀,860.LG한강 자이아파트 앞,498,2022-01-01,대여소별 이용정보 22.1.csv
용산구,세종로3팀,815. LIG강촌아파트 103동앞,498,2022-01-01,대여소별 이용정보 22.1.csv
마포구,상암1팀,4214. JTBC 앞,500,2022-01-01,대여소별 이용정보 22.1.csv
송파구,학여울2팀,4854. 가락시장역 2번 출구,500,2022-01-01,대여소별 이용정보 22.1.csv
강동구,천호1팀,3684. 고덕자이(105동 앞),500,2022-01-01,대여소별 이용정보 22.1.csv
종로구,훈련원1팀,3414.종로5가역 4번출구,500,2022-01-01,대여소별 이용정보 22.1.csv
영등포구,영남1팀,3206.문래동 주민센터,501,2022-01-01,대여소별 이용정보 22.1.csv
강북구,도봉4팀,1520. 성실교회,501,2022-01-01,대여소별 이용정보 22.1.csv
송파구,천호2팀,4891. 위례포레샤인17단지 위례대로 방면,501,2022-01-01,대여소별 이용정보 22.1.csv
송파구,천호2팀,4496. 잠실 파크리오 120동 앞,501,2022-01-01,대여소별 이용정보 22.1.csv
동작구,영남2팀,2007. 유한양행앞,501,2022-01-01,대여소별 이용정보 22.1.csv
마포구,상암1팀,4218. 디지털매직스페이스,502,2022-01-01,대여소별 이용정보 22.1.csv
양천구,개화4팀,725. 양강중학교앞 교차로,502,2022-01-01,대여소별 이용정보 22.1.csv
종로구,훈련원1팀,358. 성대입구 사거리,502,2022-01-01,대여소별 이용정보 22.1.csv
동작구,영남2팀,4175. 대방역2번출구,502,2022-01-01,대여소별 이용정보 22.1.csv
강남구,학여울2팀,2408. 강남한양수자인아파트,503,2022-01-01,대여소별 이용정보 22.1.csv
동대문구,훈련원3팀,4102. 휘경1동주민센터 앞,503,2022-01-01,대여소별 이용정보 22.1.csv
종로구,훈련원1팀,3411.종묘,504,2022-01-01,대여소별 이용정보 22.1.csv
종로구,세종로2팀,335. 종로3가역 15번출구 앞,506,2022-01-01,대여소별 이용정보 22.1.csv
노원구,도봉1팀,1651. 상계동 우방유쉘아파트 앞,506,2022-01-01,대여소별 이용정보 22.1.csv
중랑구,중랑3팀,1461.동양엔파트 앞,506,2022-01-01,대여소별 이용정보 22.1.csv
양천구,개화4팀,706. 신정네거리역,506,2022-01-01,대여소별 이용정보 22.1.csv
서대문구,상암2팀,3102. 연희삼거리,506,2022-01-01,대여소별 이용정보 22.1.csv
노원구,도봉2팀,1681. 현대6차 아파트,507,2022-01-01,대여소별 이용정보 22.1.csv
영등포구,영남3팀,235. 신길동 우리은행 옆,509,2022-01-01,대여소별 이용정보 22.1.csv
관악구,영남2팀,2170. 조원동서울본병원,509,2022-01-01,대여소별 이용정보 22.1.csv
강남구,학여울1팀,2325. 대치삼성아파트 앞 교차로,509,2022-01-01,대여소별 이용정보 22.1.csv
노원구,도봉1팀,2913.상계8동 주민센터,510,2022-01-01,대여소별 이용정보 22.1.csv
강남구,학여울1팀,2418.봉은사역 7번 출구,510,2022-01-01,대여소별 이용정보 22.1.csv
중랑구,중랑3팀,1403. 중화빌딩 앞 (동부시장),510,2022-01-01,대여소별 이용정보 22.1.csv
강남구,이수3팀,2409. 역삼동 디오슈페리움 (우성아파트 사거리),510,2022-01-01,대여소별 이용정보 22.1.csv
송파구,학여울2팀,1233. 잠실3거리(갤러리아팰리스),510,2022-01-01,대여소별 이용정보 22.1.csv
관악구,영남2팀,2105. 미성동 신림체육센터,511,2022-01-01,대여소별 이용정보 22.1.csv
관악구,이수2팀,2119. 중앙동 동진빌딩,511,2022-01-01,대여소별 이용정보 22.1.csv
도봉구,도봉3팀,1749. ESA아파트 상가 앞,512,2022-01-01,대여소별 이용정보 22.1.csv
송파구,학여울2팀,4460. 올림픽훼미리아파트 112동 앞,513,2022-01-01,대여소별 이용정보 22.1.csv
서초구,이수2팀,2221. 방일초교 마을버스 정류장,514,2022-01-01,대여소별 이용정보 22.1.csv
금천구,천왕3팀,1834. 월드메르디앙 벤처센터 2차,514,2022-01-01,대여소별 이용정보 22.1.csv
종로구,훈련원1팀,457. 종로꽃시장 입구 옆,515,2022-01-01,대여소별 이용정보 22.1.csv
양천구,천왕1팀,4535. 목동12단지 아파트,515,2022-01-01,대여소별 이용정보 22.1.csv
송파구,천호2팀,1214. 오금역 7번 출구 인근,516,2022-01-01,대여소별 이용정보 22.1.csv
금천구,천왕3팀,1856. 모두의학교,516,2022-01-01,대여소별 이용정보 22.1.csv
강남구,학여울1팀,3627. 압구정나들목,517,2022-01-01,대여소별 이용정보 22.1.csv
도봉구,도봉3팀,1709. 쌍문역4번출구 주변,517,2022-01-01,대여소별 이용정보 22.1.csv
마포구,상암1팀,401. 상암월드컵파크 10단지 앞,517,2022-01-01,대여소별 이용정보 22.1.csv
노원구,도봉1팀,1620. 중계동 노원구민체육센터 옆(중1-2),518,2022-01-01,대여소별 이용정보 22.1.csv
동작구,이수2팀,2086.삼일수영장 앞,519,2022-01-01,대여소별 이용정보 22.1.csv
송파구,천호2팀,4872. 개롱역 3번 출구 뒤,519,2022-01-01,대여소별 이용정보 22.1.csv
강서구,개화3팀,3794. 안양천합수부(현대3차아파트),519,2022-01-01,대여소별 이용정보 22.1.csv
서대문구,상암1팀,3115.북아현 치안센터 인근,520,2022-01-01,대여소별 이용정보 22.1.csv
구로구,천왕1팀,1987. 개봉아이파크아파트 앞,520,2022-01-01,대여소별 이용정보 22.1.csv
송파구,천호2팀,2652.송파 레미니스1단지 102동 앞,521,2022-01-01,대여소별 이용정보 22.1.csv
중구,세종로 4팀,445.대한상공회의소,521,2022-01-01,대여소별 이용정보 22.1.csv
영등포구,영남1팀,239. 유스호스텔 앞,521,2022-01-01,대여소별 이용정보 22.1.csv
노원구,도봉1팀,4032. 은행사거리 성모빌딩 앞,522,2022-01-01,대여소별 이용정보 22.1.csv
도봉구,도봉3팀,4077. 도봉제1교,522,2022-01-01,대여소별 이용정보 22.1.csv
노원구,도봉1팀,5301. 상계주공1단지 버스정류장 옆(대원빌딩 앞),523,2022-01-01,대여소별 이용정보 22.1.csv
광진구,중랑1팀,3508. 화양사거리,524,2022-01-01,대여소별 이용정보 22.1.csv
강남구,이수3팀,2327. 뱅뱅사거리 랜드마크타워 앞,524,2022-01-01,대여소별 이용정보 22.1.csv
용산구,세종로3팀,817. 삼각지역 4번출구 앞,524,2022-01-01,대여소별 이용정보 22.1.csv
관악구,영남2팀,2195.은천교회,524,2022-01-01,대여소별 이용정보 22.1.csv
성동구,중랑2팀,525. 한양대병원사거리,525,2022-01-01,대여소별 이용정보 22.1.csv
구로구,천왕1팀,2821.청구아파트 앞,525,2022-01-01,대여소별 이용정보 22.1.csv
서초구,이수3팀,2503. 반포1동 서초빌딩 앞,525,2022-01-01,대여소별 이용정보 22.1.csv
동작구,이수2팀,2091. 이수역9번출구,525,2022-01-01,대여소별 이용정보 22.1.csv
중랑구,중랑3팀,1473.중랑역 1번 출구(중화문화복지센터),526,2022-01-01,대여소별 이용정보 22.1.csv
구로구,천왕1팀,1930. 개봉지구대 개봉치안센터,526,2022-01-01,대여소별 이용정보 22.1.csv
송파구,천호2팀,2604. 풍납토성 서성벽터A,526,2022-01-01,대여소별 이용정보 22.1.csv
성북구,훈련원2팀,1372. KEB은행 고대점,526,2022-01-01,대여소별 이용정보 22.1.csv
강남구,학여울2팀,2342. 대청역 1번출구 뒤,526,2022-01-01,대여소별 이용정보 22.1.csv
종로구,세종로2팀,314. 국립현대미술관,526,2022-01-01,대여소별 이용정보 22.1.csv
구로구,천왕2팀,2823.중앙유통단지 앞,527,2022-01-01,대여소별 이용정보 22.1.csv
중랑구,중랑3팀,1414. 사가정역 2번출구,528,2022-01-01,대여소별 이용정보 22.1.csv
마포구,상암1팀,427. 성산시영아파트,528,2022-01-01,대여소별 이용정보 22.1.csv
강서구,개화4팀,2737.까치산역 3번 출구,528,2022-01-01,대여소별 이용정보 22.1.csv
성북구,훈련원2팀,1333. 석관초등학교 앞,528,2022-01-01,대여소별 이용정보 22.1.csv
은평구,상암3팀,949. 연신내역 1번 출구,529,2022-01-01,대여소별 이용정보 22.1.csv
양천구,개화3팀,742. 등촌역 5번 출구 뒤,529,2022-01-01,대여소별 이용정보 22.1.csv
마포구,상암1팀,185. 마포 신수공원 앞,529,2022-01-01,대여소별 이용정보 22.1.csv
종로구,세종로1팀,348. 독립문역 사거리,530,2022-01-01,대여소별 이용정보 22.1.csv
송파구,학여울2팀,4884. H비즈니스파크,530,2022-01-01,대여소별 이용정보 22.1.csv
종로구,훈련원1팀,3415.동대문역6번출구,531,2022-01-01,대여소별 이용정보 22.1.csv
성북구,훈련원2팀,1375. 생명의 전화 종합복지관 앞 교차로,531,2022-01-01,대여소별 이용정보 22.1.csv
마포구,상암1팀,122. 신성기사식당 앞,532,2022-01-01,대여소별 이용정보 22.1.csv
양천구,개화3팀,4526. 목동아파트2단지 222동 앞,533,2022-01-01,대여소별 이용정보 22.1.csv
중랑구,중랑3팀,1450. 화랑대역 7번출구,533,2022-01-01,대여소별 이용정보 22.1.csv
서초구,이수1팀,2202.청계산입구역 1번출구,534,2022-01-01,대여소별 이용정보 22.1.csv
노원구,도봉1팀,1666. 노원소방서인근,534,2022-01-01,대여소별 이용정보 22.1.csv
종로구,세종로2팀,4705. 웰니스센터(민방위교육장 앞),535,2022-01-01,대여소별 이용정보 22.1.csv
양천구,개화4팀,4510. 신정네거리역 교차로,535,2022-01-01,대여소별 이용정보 22.1.csv
광진구,중랑1팀,571. 어린이대공원역6번출구,535,2022-01-01,대여소별 이용정보 22.1.csv
중랑구,중랑3팀,1444. 면목4치안센터,536,2022-01-01,대여소별 이용정보 22.1.csv
광진구,중랑1팀,3879. 중랑천 뚝방길 산책로 입구,537,2022-01-01,대여소별 이용정보 22.1.csv
성동구,중랑2팀,511. 서울숲역 5번 출구 옆,538,2022-01-01,대여소별 이용정보 22.1.csv
송파구,학여울2팀,1206. 9호선종합운동장역 9번출구,538,2022-01-01,대여소별 이용정보 22.1.csv
노원구,도봉1팀,1639. 희성오피앙,538,2022-01-01,대여소별 이용정보 22.1.csv
노원구,도봉2팀,1685. 불암고등학교 앞 횡단보도,538,2022-01-01,대여소별 이용정보 22.1.csv
용산구,세종로3팀,870.노들섬 서측 앞,538,2022-01-01,대여소별 이용정보 22.1.csv
양천구,개화4팀,4522. 신곡시장,539,2022-01-01,대여소별 이용정보 22.1.csv
영등포구,영남3팀,4567. 한림대학교 강남성심병원 신관,539,2022-01-01,대여소별 이용정보 22.1.csv
동대문구,훈련원4팀,654. 전농동 텃골공원,539,2022-01-01,대여소별 이용정보 22.1.csv
서대문구,상암1팀,162. 봉원고가차도 밑,540,2022-01-01,대여소별 이용정보 22.1.csv
구로구,천왕1팀,1941. 오류동역 2번출구,540,2022-01-01,대여소별 이용정보 22.1.csv
동대문구,훈련원4팀,627. 장안동삼거리 교통섬,540,2022-01-01,대여소별 이용정보 22.1.csv
용산구,세종로 4팀,834. 효창공원앞역 3번출구 뒤,540,2022-01-01,대여소별 이용정보 22.1.csv
양천구,개화4팀,709. 신정3동 현장민원실 앞,540,2022-01-01,대여소별 이용정보 22.1.csv
강서구,개화1팀,1165. 마곡중학교 후문,540,2022-01-01,대여소별 이용정보 22.1.csv
송파구,학여울2팀,2605. 복정역 1번 출구 앞,541,2022-01-01,대여소별 이용정보 22.1.csv
광진구,중랑1팀,3502. 중곡역 1번출구,541,2022-01-01,대여소별 이용정보 22.1.csv
중랑구,중랑3팀,1407. 먹골역 1번출구 뒤,541,2022-01-01,대여소별 이용정보 22.1.csv
동대문구,훈련원3팀,4104. 외대앞역 교차로,541,2022-01-01,대여소별 이용정보 22.1.csv
서초구,이수1팀,2508. 양재이스타빌 앞,542,2022-01-01,대여소별 이용정보 22.1.csv
관악구,영남2팀,2164. 관악우체국,542,2022-01-01,대여소별 이용정보 22.1.csv
중구,세종로2팀,3013.서울지방고용노동청 앞,542,2022-01-01,대여소별 이용정보 22.1.csv
종로구,세종로1팀,394. 경희궁 자이 3단지,542,2022-01-01,대여소별 이용정보 22.1.csv
강남구,이수1팀,2333. 양재역 3번출구 주변,543,2022-01-01,대여소별 이용정보 22.1.csv
강동구,천호1팀,1036. 고덕동 주양쇼핑,543,2022-01-01,대여소별 이용정보 22.1.csv
강동구,천호1팀,1027. 프라자 아파트 앞,544,2022-01-01,대여소별 이용정보 22.1.csv
성북구,훈련원2팀,1338. 용문2교 옆,544,2022-01-01,대여소별 이용정보 22.1.csv
강서구,개화2팀,5057. 마곡역4번출구,545,2022-01-01,대여소별 이용정보 22.1.csv
종로구,세종로1팀,395. 경희궁 자이 2단지,545,2022-01-01,대여소별 이용정보 22.1.csv
중랑구,중랑3팀,1402. 금란주차장 앞,546,2022-01-01,대여소별 이용정보 22.1.csv
강동구,천호1팀,1086.래미안 솔베뉴(구천면로),547,2022-01-01,대여소별 이용정보 22.1.csv
송파구,학여울2팀,1286. 위례중앙푸르지오 1단지 앞,547,2022-01-01,대여소별 이용정보 22.1.csv
구로구,천왕2팀,1960. 구로거리공원 동측(신도림역 방면),547,2022-01-01,대여소별 이용정보 22.1.csv
중구,세종로 4팀,399. 서울역 센트럴 자이아파트,548,2022-01-01,대여소별 이용정보 22.1.csv
동작구,영남2팀,2056. 동작구민 체육센터,548,2022-01-01,대여소별 이용정보 22.1.csv
마포구,상암1팀,408. LG CNS앞,548,2022-01-01,대여소별 이용정보 22.1.csv
강북구,도봉4팀,1540. 가오리역,548,2022-01-01,대여소별 이용정보 22.1.csv
강서구,개화1팀,2710.라이품 공영주차장 앞,549,2022-01-01,대여소별 이용정보 22.1.csv
동대문구,훈련원4팀,622. 전농사거리 교통섬,549,2022-01-01,대여소별 이용정보 22.1.csv
노원구,도봉2팀,1606. 태릉입구역 3번출구,550,2022-01-01,대여소별 이용정보 22.1.csv
동대문구,훈련원4팀,4105. 서울교통공사사거리 교통섬,550,2022-01-01,대여소별 이용정보 22.1.csv
중구,세종로2팀,321. KEB 하나금융그룹 명동사옥 옆,550,2022-01-01,대여소별 이용정보 22.1.csv
강북구,도봉4팀,"1533. 번동 주공3, 4단지 교차로",551,2022-01-01,대여소별 이용정보 22.1.csv
마포구,상암1팀,400. 상암한화오벨리스크 1차 앞,551,2022-01-01,대여소별 이용정보 22.1.csv
영등포구,영남3팀,286. 우성아파트 교차로,552,2022-01-01,대여소별 이용정보 22.1.csv
강서구,개화3팀,1121. 가양레포츠센터 앞,552,2022-01-01,대여소별 이용정보 22.1.csv
동작구,이수2팀,2025. 흑석역 1번출구,552,2022-01-01,대여소별 이용정보 22.1.csv
동작구,영남2팀,2054. 삼익아파트,553,2022-01-01,대여소별 이용정보 22.1.csv
구로구,천왕2팀,2000. 신도림4차 e편한세상 아파트 1109동 앞,553,2022-01-01,대여소별 이용정보 22.1.csv
서초구,이수3팀,2540.반포천 앞,554,2022-01-01,대여소별 이용정보 22.1.csv
강동구,천호1팀,1080.엘웨딩,555,2022-01-01,대여소별 이용정보 22.1.csv
서대문구,상암2팀,3131.연가교 교차로,555,2022-01-01,대여소별 이용정보 22.1.csv
강동구,천호1팀,1059. 래미안 강동팰리스(102동),556,2022-01-01,대여소별 이용정보 22.1.csv
강동구,천호1팀,1088.풍납사거리(강동),556,2022-01-01,대여소별 이용정보 22.1.csv
송파구,학여울2팀,4468. 가락1동주민센터,556,2022-01-01,대여소별 이용정보 22.1.csv
성동구,중랑2팀,530. 청계벽산아파트 앞,558,2022-01-01,대여소별 이용정보 22.1.csv
양천구,개화3팀,"773.염창역 3, 4번 출구 사이",559,2022-01-01,대여소별 이용정보 22.1.csv
중랑구,중랑3팀,"4809. 동성1,2차 아파트 앞",559,2022-01-01,대여소별 이용정보 22.1.csv
종로구,세종로1팀,301. 경복궁역 7번출구 앞,559,2022-01-01,대여소별 이용정보 22.1.csv
광진구,중랑1팀,577. 광진청소년수련관,559,2022-01-01,대여소별 이용정보 22.1.csv
송파구,학여울2팀,2633.송파학사 옆,560,2022-01-01,대여소별 이용정보 22.1.csv
강남구,학여울1팀,2414. 도곡역 아카데미스위트 앞,560,2022-01-01,대여소별 이용정보 22.1.csv
송파구,천호2팀,2644. 성내5교,561,2022-01-01,대여소별 이용정보 22.1.csv
동대문구,훈련원3팀,650. 중랑교사거리,562,2022-01-01,대여소별 이용정보 22.1.csv
동대문구,훈련원3팀,673.안암골벽산아파트(후문),562,2022-01-01,대여소별 이용정보 22.1.csv
성동구,중랑2팀,4377. 우영테크노센터 앞,562,2022-01-01,대여소별 이용정보 22.1.csv
강남구,학여울1팀,2415.한티역 롯데백화점 앞,562,2022-01-01,대여소별 이용정보 22.1.csv
중구,세종로2팀,320. 을지로입구역 4번출구 앞,563,2022-01-01,대여소별 이용정보 22.1.csv
영등포구,영남3팀,204. 국회의사당역 5번출구 옆,564,2022-01-01,대여소별 이용정보 22.1.csv
마포구,상암1팀,109. 제일빌딩 앞,564,2022-01-01,대여소별 이용정보 22.1.csv
광진구,중랑1팀,3578.중곡동 파크웨이빌딩,564,2022-01-01,대여소별 이용정보 22.1.csv
광진구,중랑1팀,3587.우성식품 앞,564,2022-01-01,대여소별 이용정보 22.1.csv
영등포구,영남1팀,4598. 오목교 동측 지하보도,565,2022-01-01,대여소별 이용정보 22.1.csv
영등포구,영남3팀,289. 대림3동사거리,565,2022-01-01,대여소별 이용정보 22.1.csv
중구,세종로1팀,300. 정동사거리,566,2022-01-01,대여소별 이용정보 22.1.csv
종로구,세종로2팀,3408.종로타워빌딩,566,2022-01-01,대여소별 이용정보 22.1.csv
강북구,도봉4팀,1535. 효성인텔리안 앞,566,2022-01-01,대여소별 이용정보 22.1.csv
성북구,훈련원2팀,1385.성신여대입구역 3번출구 앞,567,2022-01-01,대여소별 이용정보 22.1.csv
성동구,중랑2팀,557. 도선동 주민센터 앞,568,2022-01-01,대여소별 이용정보 22.1.csv
노원구,도봉2팀,2904.중계3차청구아파트,569,2022-01-01,대여소별 이용정보 22.1.csv
성동구,중랑2팀,3515. 서울숲 관리사무소,571,2022-01-01,대여소별 이용정보 22.1.csv
영등포구,영남1팀,3205.문래현대2차,571,2022-01-01,대여소별 이용정보 22.1.csv
중구,훈련원1팀,475.DDP 패션몰,571,2022-01-01,대여소별 이용정보 22.1.csv
중구,세종로1팀,310. 청계광장 옆,572,2022-01-01,대여소별 이용정보 22.1.csv
구로구,천왕2팀,1924. 삼부르네상스파크빌,572,2022-01-01,대여소별 이용정보 22.1.csv
종로구,세종로1팀,309. 광화문역 6번출구 옆 B,573,2022-01-01,대여소별 이용정보 22.1.csv
영등포구,영남3팀,242. 신길선원가와인아파트 앞,573,2022-01-01,대여소별 이용정보 22.1.csv
금천구,천왕3팀,1814. 두산위브아파트 옆 상가건물 앞,573,2022-01-01,대여소별 이용정보 22.1.csv
노원구,도봉2팀,2902.공릉풍림아파트 108동,574,2022-01-01,대여소별 이용정보 22.1.csv
관악구,이수2팀,2112. 서울대입구역 마에스트로,575,2022-01-01,대여소별 이용정보 22.1.csv
서초구,이수3팀,2530.삼호3차아파트 앞,575,2022-01-01,대여소별 이용정보 22.1.csv
구로구,천왕1팀,1964. 원메디타운 앞,576,2022-01-01,대여소별 이용정보 22.1.csv
노원구,도봉2팀,1640. 한내근린공원 북측,576,2022-01-01,대여소별 이용정보 22.1.csv
동대문구,훈련원3팀,637. KAIST 경영대학 앞,577,2022-01-01,대여소별 이용정보 22.1.csv
영등포구,영남3팀,234. 영등포구민체육센터 앞,577,2022-01-01,대여소별 이용정보 22.1.csv
관악구,영남2팀,3814. 난곡사거리,577,2022-01-01,대여소별 이용정보 22.1.csv
영등포구,영남3팀,281. 신동아아파트 앞,577,2022-01-01,대여소별 이용정보 22.1.csv
강서구,개화2팀,1141. 곰달래 문화복지센터 1-1,578,2022-01-01,대여소별 이용정보 22.1.csv
강서구,개화1팀,3782. 겸재정선미술관,580,2022-01-01,대여소별 이용정보 22.1.csv
도봉구,도봉3팀,1705. 도봉구청 정문앞,581,2022-01-01,대여소별 이용정보 22.1.csv
구로구,천왕2팀,1994. 삼성전자 물류센터 앞,581,2022-01-01,대여소별 이용정보 22.1.csv
성동구,중랑2팀,550. 서울시설공단 앞,582,2022-01-01,대여소별 이용정보 22.1.csv
구로구,천왕2팀,3907. 신도림7차e편한세상아파트 806동 앞,582,2022-01-01,대여소별 이용정보 22.1.csv
동작구,영남2팀,2070. 노량진역 2번 출구 앞,582,2022-01-01,대여소별 이용정보 22.1.csv
구로구,천왕1팀,1929. 고척근린공원 고척도서관 앞,583,2022-01-01,대여소별 이용정보 22.1.csv
은평구,상암2팀,917. 녹번역 3번출구,583,2022-01-01,대여소별 이용정보 22.1.csv
성북구,훈련원2팀,1318. 길음역 3번출구 뒤,583,2022-01-01,대여소별 이용정보 22.1.csv
노원구,도봉2팀,1605. 헬스케어,584,2022-01-01,대여소별 이용정보 22.1.csv
종로구,세종로2팀,328. 탑골공원 앞,584,2022-01-01,대여소별 이용정보 22.1.csv
강동구,천호1팀,1061. 천호초교 입구 사거리(일주빌딩),585,2022-01-01,대여소별 이용정보 22.1.csv
금천구,천왕3팀,1808. 에이스하이엔드타워8차 앞,585,2022-01-01,대여소별 이용정보 22.1.csv
노원구,도봉2팀,2909. 석계역 3번 출구,585,2022-01-01,대여소별 이용정보 22.1.csv
송파구,천호2팀,2651.경찰병원역 3번출구 앞,586,2022-01-01,대여소별 이용정보 22.1.csv
송파구,천호2팀,4484. 잠실나루역4번출구뒤,587,2022-01-01,대여소별 이용정보 22.1.csv
성북구,훈련원2팀,1327. 상월곡역 3번출구,587,2022-01-01,대여소별 이용정보 22.1.csv
중랑구,중랑3팀,1440. 면목2동 사거리,587,2022-01-01,대여소별 이용정보 22.1.csv
구로구,천왕1팀,1952. 천왕연지타운2단지 앞,588,2022-01-01,대여소별 이용정보 22.1.csv
송파구,학여울2팀,2648.헬리오시티 112동 앞,589,2022-01-01,대여소별 이용정보 22.1.csv
구로구,천왕2팀,1975. 대림역 1번 출입구 밑,589,2022-01-01,대여소별 이용정보 22.1.csv
강동구,천호1팀,3687. 신명초교입구 교차로,590,2022-01-01,대여소별 이용정보 22.1.csv
서초구,이수1팀,2244.교육개발원입구 교차로,591,2022-01-01,대여소별 이용정보 22.1.csv
은평구,상암3팀,908. 구산역 4번출구,591,2022-01-01,대여소별 이용정보 22.1.csv
마포구,상암1팀,4210. 가좌행복주택 앞,591,2022-01-01,대여소별 이용정보 22.1.csv
마포구,상암1팀,126. 서강대 후문 옆,592,2022-01-01,대여소별 이용정보 22.1.csv
성북구,훈련원2팀,1322. 래미안라센트아파트 103동 앞,592,2022-01-01,대여소별 이용정보 22.1.csv
강서구,개화1팀,5063. 서남환경공원(방화동도시개발2단지방향),592,2022-01-01,대여소별 이용정보 22.1.csv
서대문구,상암2팀,165. 중앙근린공원,592,2022-01-01,대여소별 이용정보 22.1.csv
마포구,상암1팀,105. 합정역 5번출구 앞,592,2022-01-01,대여소별 이용정보 22.1.csv
서대문구,상암2팀,166. 가재울 초등학교,593,2022-01-01,대여소별 이용정보 22.1.csv
도봉구,도봉3팀,1708. 보건소사거리(다비치안경창동점),594,2022-01-01,대여소별 이용정보 22.1.csv
은평구,상암2팀,984.상신초등학교앞 버스정류장,594,2022-01-01,대여소별 이용정보 22.1.csv
서대문구,상암2팀,3121.가좌삼거리,595,2022-01-01,대여소별 이용정보 22.1.csv
중랑구,중랑3팀,4819. 면목동 새싹어린이공원 앞,595,2022-01-01,대여소별 이용정보 22.1.csv
영등포구,영남3팀,205. 산업은행 앞,595,2022-01-01,대여소별 이용정보 22.1.csv
동대문구,훈련원4팀,669.청계한신휴플러스앞 삼거리,596,2022-01-01,대여소별 이용정보 22.1.csv
서초구,이수1팀,2274. 양재시민의숲역 3번출구,597,2022-01-01,대여소별 이용정보 22.1.csv
강서구,개화2팀,5066. 아망떼마곡전시장,598,2022-01-01,대여소별 이용정보 22.1.csv
송파구,천호2팀,1265. 문정동 근린공원,598,2022-01-01,대여소별 이용정보 22.1.csv
강서구,개화1팀,2740.마곡레포츠센터,598,2022-01-01,대여소별 이용정보 22.1.csv
중랑구,중랑3팀,1478.홈플러스 상봉점 앞,599,2022-01-01,대여소별 이용정보 22.1.csv
송파구,학여울2팀,4894. 문정법조단지13,600,2022-01-01,대여소별 이용정보 22.1.csv
강동구,천호1팀,1012. 서울 상운차량,600,2022-01-01,대여소별 이용정보 22.1.csv
종로구,세종로1팀,367. 독립문역 3-1번출구,601,2022-01-01,대여소별 이용정보 22.1.csv
양천구,개화3팀,775.세종그랑시아 앞(102동),601,2022-01-01,대여소별 이용정보 22.1.csv
노원구,도봉2팀,2901.공릉동풍림아파트 101동,601,2022-01-01,대여소별 이용정보 22.1.csv
동대문구,훈련원4팀,610. 동대문중 교차로,602,2022-01-01,대여소별 이용정보 22.1.csv
성북구,훈련원2팀,1396.래미안장위퍼스트하이(513동),602,2022-01-01,대여소별 이용정보 22.1.csv
강서구,개화2팀,1187. 강서수산물도매시장,602,2022-01-01,대여소별 이용정보 22.1.csv
구로구,천왕2팀,1959. 구로구의회 앞,604,2022-01-01,대여소별 이용정보 22.1.csv
강남구,학여울1팀,3614. 은마아파트 입구 사거리,604,2022-01-01,대여소별 이용정보 22.1.csv
양천구,천왕1팀,763. 목동11단지 아파트,604,2022-01-01,대여소별 이용정보 22.1.csv
서대문구,상암2팀,3124.DMC센트럴아이파크아파트,605,2022-01-01,대여소별 이용정보 22.1.csv
종로구,세종로1팀,461. 서울지방경찰청,605,2022-01-01,대여소별 이용정보 22.1.csv
동대문구,훈련원4팀,4114. 휘경여중고삼거리,607,2022-01-01,대여소별 이용정보 22.1.csv
광진구,중랑1팀,539. 군자교교차로,607,2022-01-01,대여소별 이용정보 22.1.csv
도봉구,도봉3팀,1743.창동19단지아파트 관리사무소앞,608,2022-01-01,대여소별 이용정보 22.1.csv
종로구,훈련원1팀,4711. 올림픽기념 국민생활관 로터리,609,2022-01-01,대여소별 이용정보 22.1.csv
도봉구,도봉3팀,1720. 도봉구청 옆(중랑천변),609,2022-01-01,대여소별 이용정보 22.1.csv
강남구,학여울2팀,2384. 자곡사거리,610,2022-01-01,대여소별 이용정보 22.1.csv
양천구,영남1팀,4532. 목동현대아파트 후문 앞,610,2022-01-01,대여소별 이용정보 22.1.csv
중랑구,중랑3팀,1471.동양쇼핑 정류소 앞,610,2022-01-01,대여소별 이용정보 22.1.csv
영등포구,영남1팀,4557. 리버뷰신안인스빌2차 후문,611,2022-01-01,대여소별 이용정보 22.1.csv
영등포구,영남3팀,221. 여의도초교 앞,612,2022-01-01,대여소별 이용정보 22.1.csv
관악구,이수2팀,2111. 서울대입구역 1번출구,612,2022-01-01,대여소별 이용정보 22.1.csv
송파구,학여울2팀,1249. 아주중학교건너편,612,2022-01-01,대여소별 이용정보 22.1.csv
종로구,세종로1팀,3405.파크팰리스,612,2022-01-01,대여소별 이용정보 22.1.csv
강남구,학여울1팀,2431.대치역 7번출구,612,2022-01-01,대여소별 이용정보 22.1.csv
영등포구,영남1팀,3201.당산skv1센터,613,2022-01-01,대여소별 이용정보 22.1.csv
관악구,영남2팀,2179. 양녕로 입구,613,2022-01-01,대여소별 이용정보 22.1.csv
구로구,천왕2팀,1958. 강서수도사업소민원센터,613,2022-01-01,대여소별 이용정보 22.1.csv
노원구,도봉1팀,4031. 청암예술학교 앞,614,2022-01-01,대여소별 이용정보 22.1.csv
용산구,세종로 4팀,838. 숙대입구역 4번출구,614,2022-01-01,대여소별 이용정보 22.1.csv
도봉구,도봉3팀,1767.태양중앙교회 앞,614,2022-01-01,대여소별 이용정보 22.1.csv
동대문구,훈련원4팀,617. 청솔우성아파트 앞,614,2022-01-01,대여소별 이용정보 22.1.csv
양천구,개화3팀,700. KB국민은행 염창역 지점 앞,615,2022-01-01,대여소별 이용정보 22.1.csv
강서구,개화1팀,1155. 기쁜우리복지관,615,2022-01-01,대여소별 이용정보 22.1.csv
금천구,천왕3팀,1824. 독산근린공원 입구,615,2022-01-01,대여소별 이용정보 22.1.csv
노원구,도봉1팀,4020. 중계동 성모빌딩 앞,616,2022-01-01,대여소별 이용정보 22.1.csv
강북구,도봉4팀,1565.대한병원앞,616,2022-01-01,대여소별 이용정보 22.1.csv
강서구,개화3팀,5075. 등촌역 1번출구,618,2022-01-01,대여소별 이용정보 22.1.csv
강남구,학여울2팀,2404. 대모산입구역 4번 출구 앞,618,2022-01-01,대여소별 이용정보 22.1.csv
마포구,상암1팀,119. 서강나루 공원,618,2022-01-01,대여소별 이용정보 22.1.csv
성북구,훈련원2팀,1359. 장위뉴타운 꿈에 숲 코오롱 하늘채 앞,618,2022-01-01,대여소별 이용정보 22.1.csv
종로구,세종로2팀,329. 청계2가 사거리 옆,618,2022-01-01,대여소별 이용정보 22.1.csv
종로구,세종로2팀,368. SK 서린빌딩 앞,619,2022-01-01,대여소별 이용정보 22.1.csv
종로구,훈련원1팀,3420. 성균관대입구사거리,620,2022-01-01,대여소별 이용정보 22.1.csv
성동구,중랑2팀,513. 뚝섬역 5번 출구 정류소 옆,620,2022-01-01,대여소별 이용정보 22.1.csv
노원구,도봉1팀,4028. 한일유앤아이아파트 105동 인근,621,2022-01-01,대여소별 이용정보 22.1.csv
종로구,세종로2팀,354. 포르투갈 대사관 앞,621,2022-01-01,대여소별 이용정보 22.1.csv
중랑구,중랑3팀,4812. 묵동 이마트 앞,621,2022-01-01,대여소별 이용정보 22.1.csv
송파구,천호2팀,1277. 성내6교,621,2022-01-01,대여소별 이용정보 22.1.csv
영등포구,영남1팀,267. 삼성화재 사옥 옆,622,2022-01-01,대여소별 이용정보 22.1.csv
송파구,학여울2팀,1257. 가락시장역 사거리,622,2022-01-01,대여소별 이용정보 22.1.csv
동대문구,훈련원4팀,4108. 답십리파크자이아파트 앞,624,2022-01-01,대여소별 이용정보 22.1.csv
종로구,훈련원1팀,455. 종로6가역 버스정류장(동대문 방향),625,2022-01-01,대여소별 이용정보 22.1.csv
마포구,상암1팀,490.가온문화공원,625,2022-01-01,대여소별 이용정보 22.1.csv
동대문구,훈련원3팀,633. 청량리 기업은행 앞,625,2022-01-01,대여소별 이용정보 22.1.csv
구로구,천왕2팀,1983. 구로동롯데아파트,625,2022-01-01,대여소별 이용정보 22.1.csv
강서구,개화1팀,2702. 마곡 엠밸리2단지,626,2022-01-01,대여소별 이용정보 22.1.csv
영등포구,영남3팀,3220.래미안에스티움 앞 (신풍로),626,2022-01-01,대여소별 이용정보 22.1.csv
송파구,천호1팀,1274. 영파여고 앞,626,2022-01-01,대여소별 이용정보 22.1.csv
마포구,상암1팀,3011.경의선(노고산동),626,2022-01-01,대여소별 이용정보 22.1.csv
강서구,개화2팀,1186. 송정중학교,626,2022-01-01,대여소별 이용정보 22.1.csv
서대문구,상암2팀,191. 서우빌딩,627,2022-01-01,대여소별 이용정보 22.1.csv
송파구,학여울2팀,4876. 삼전동주민센터 앞,627,2022-01-01,대여소별 이용정보 22.1.csv
성북구,훈련원2팀,1362. 보문역6번출구 앞,628,2022-01-01,대여소별 이용정보 22.1.csv
중구,훈련원1팀,387. 훈련원공원주차장 앞,630,2022-01-01,대여소별 이용정보 22.1.csv
영등포구,영남1팀,266. 영등포청과시장 사거리,630,2022-01-01,대여소별 이용정보 22.1.csv
양천구,개화4팀,711. 신일해피트리아파트 앞,630,2022-01-01,대여소별 이용정보 22.1.csv
성북구,훈련원2팀,1390.석관래미안아트리치,631,2022-01-01,대여소별 이용정보 22.1.csv
강남구,학여울1팀,2332. 선릉역3번출구,631,2022-01-01,대여소별 이용정보 22.1.csv
종로구,세종로1팀,4710. 자교교회 앞,632,2022-01-01,대여소별 이용정보 22.1.csv
강북구,도봉4팀,1506. 강북문화예술회관,633,2022-01-01,대여소별 이용정보 22.1.csv
동작구,이수2팀,2032. 이수역 11번출구쪽,634,2022-01-01,대여소별 이용정보 22.1.csv
강서구,개화3팀,2742.강서구민올림픽체육센터,634,2022-01-01,대여소별 이용정보 22.1.csv
구로구,천왕2팀,1957. 구일고등학교 정문,634,2022-01-01,대여소별 이용정보 22.1.csv
관악구,영남2팀,2189. 봉천역 4번출구,635,2022-01-01,대여소별 이용정보 22.1.csv
강서구,개화2팀,2745.수명초등학교,635,2022-01-01,대여소별 이용정보 22.1.csv
중구,세종로2팀,4791. 명동역9번 출구,635,2022-01-01,대여소별 이용정보 22.1.csv
관악구,영남2팀,2108. 은천치안센터,635,2022-01-01,대여소별 이용정보 22.1.csv
양천구,개화3팀,752. 성원2차 아파트,637,2022-01-01,대여소별 이용정보 22.1.csv
종로구,훈련원1팀,3417.창신3동주민센터,637,2022-01-01,대여소별 이용정보 22.1.csv
강동구,천호1팀,1001. 광진교 남단 사거리(천호공원 방면),639,2022-01-01,대여소별 이용정보 22.1.csv
강서구,개화2팀,2711.가로공원공영주차장 1번 출구,639,2022-01-01,대여소별 이용정보 22.1.csv
노원구,도봉1팀,1667. 중계중학교,640,2022-01-01,대여소별 이용정보 22.1.csv
도봉구,도봉3팀,1707. 도봉구민회관,640,2022-01-01,대여소별 이용정보 22.1.csv
강서구,개화1팀,2707.한강아파트,641,2022-01-01,대여소별 이용정보 22.1.csv
마포구,상암1팀,492.성산시영아파트 후문,641,2022-01-01,대여소별 이용정보 22.1.csv
노원구,도봉2팀,2915.서울과학기술대학교(어학교육원),642,2022-01-01,대여소별 이용정보 22.1.csv
종로구,세종로1팀,369. 광화문 시민열린마당,642,2022-01-01,대여소별 이용정보 22.1.csv
종로구,훈련원1팀,453. 종로오가 지하쇼핑센터 14번출구,643,2022-01-01,대여소별 이용정보 22.1.csv
중구,세종로2팀,398. 을지로3가역 3번출구,643,2022-01-01,대여소별 이용정보 22.1.csv
마포구,상암1팀,411. DMC홍보관,644,2022-01-01,대여소별 이용정보 22.1.csv
송파구,학여울2팀,2658.가락몰 업무동,644,2022-01-01,대여소별 이용정보 22.1.csv
강서구,개화2팀,2713.우장초등학교 앞,645,2022-01-01,대여소별 이용정보 22.1.csv
강남구,이수3팀,2407. 역삼.서초.삼성 세무서 앞 (역삼빌딩 앞),646,2022-01-01,대여소별 이용정보 22.1.csv
은평구,상암2팀,4657. 본 서부병원 교차로 사거리,647,2022-01-01,대여소별 이용정보 22.1.csv
양천구,개화2팀,739. 신월사거리,648,2022-01-01,대여소별 이용정보 22.1.csv
강북구,도봉4팀,"1501. 미아역 3번,4번 출구 사이",649,2022-01-01,대여소별 이용정보 22.1.csv
양천구,개화4팀,736. 오솔길공원,649,2022-01-01,대여소별 이용정보 22.1.csv
동작구,이수2팀,2033. 사당동 아르테스 웨딩앞,650,2022-01-01,대여소별 이용정보 22.1.csv
종로구,훈련원1팀,456. 숭인2동 주민센터 입구,652,2022-01-01,대여소별 이용정보 22.1.csv
영등포구,영남3팀,256. 동아에코빌입구,652,2022-01-01,대여소별 이용정보 22.1.csv
노원구,도봉1팀,1691. 노원정보도서관,652,2022-01-01,대여소별 이용정보 22.1.csv
영등포구,영남3팀,219. 롯데캐슬엠파이어 옆,652,2022-01-01,대여소별 이용정보 22.1.csv
강서구,개화1팀,5053. 신마곡벽산블루밍메트로오피스텔앞,652,2022-01-01,대여소별 이용정보 22.1.csv
구로구,천왕2팀,1920. 서울미래초등학교 사거리,652,2022-01-01,대여소별 이용정보 22.1.csv
노원구,도봉1팀,1697.상계주공2단지 219동,653,2022-01-01,대여소별 이용정보 22.1.csv
중구,세종로2팀,433. 을지로입구역 2번출구,653,2022-01-01,대여소별 이용정보 22.1.csv
영등포구,영남3팀,201. 진미파라곤 앞,655,2022-01-01,대여소별 이용정보 22.1.csv
양천구,개화3팀,4527. 목동신시가지아파트6단지,655,2022-01-01,대여소별 이용정보 22.1.csv
영등포구,영남1팀,238. 제2구민체육센타 앞,656,2022-01-01,대여소별 이용정보 22.1.csv
용산구,세종로 4팀,846. 용산중학교,657,2022-01-01,대여소별 이용정보 22.1.csv
중구,훈련원1팀,346. 맥스타일 앞,658,2022-01-01,대여소별 이용정보 22.1.csv
송파구,천호2팀,2653.올림픽공원사거리(선수촌아파트),658,2022-01-01,대여소별 이용정보 22.1.csv
용산구,세종로3팀,837. 한남나들목 입구,659,2022-01-01,대여소별 이용정보 22.1.csv
양천구,개화3팀,766. 신목동역 3번출구,659,2022-01-01,대여소별 이용정보 22.1.csv
동대문구,훈련원3팀,4125. 회기역 2-①번출구,660,2022-01-01,대여소별 이용정보 22.1.csv
서초구,이수3팀,2279. 교대역 5번출구뒤,660,2022-01-01,대여소별 이용정보 22.1.csv
구로구,천왕2팀,1984. 구로구청,661,2022-01-01,대여소별 이용정보 22.1.csv
관악구,이수2팀,2104. 사당역 5번출구,661,2022-01-01,대여소별 이용정보 22.1.csv
노원구,도봉2팀,1670. 노원경찰서교차로,661,2022-01-01,대여소별 이용정보 22.1.csv
구로구,천왕1팀,1991. 오류동역 맞은편,661,2022-01-01,대여소별 이용정보 22.1.csv
강서구,개화2팀,1168. 마곡엠밸리10단지 앞,663,2022-01-01,대여소별 이용정보 22.1.csv
종로구,훈련원1팀,339. 종로4가 사거리,664,2022-01-01,대여소별 이용정보 22.1.csv
영등포구,영남3팀,220. 미성아파트 A동 앞,665,2022-01-01,대여소별 이용정보 22.1.csv
영등포구,영남1팀,3215.강변삼성래미안,665,2022-01-01,대여소별 이용정보 22.1.csv
구로구,천왕2팀,1974. 신도림2차e편한세상아파트 203동 앞,665,2022-01-01,대여소별 이용정보 22.1.csv
강서구,개화2팀,1127. 화곡역 버스정류장,666,2022-01-01,대여소별 이용정보 22.1.csv
서초구,이수3팀,2217.아크로리버뷰 부지 앞,666,2022-01-01,대여소별 이용정보 22.1.csv
동작구,영남2팀,4169. 신대방삼거리,666,2022-01-01,대여소별 이용정보 22.1.csv
송파구,학여울2팀,1224. 아시아지하보도 2번 출구,666,2022-01-01,대여소별 이용정보 22.1.csv
서대문구,상암2팀,178. 증산3교 앞,667,2022-01-01,대여소별 이용정보 22.1.csv
은평구,상암3팀,916. 평생학습관 앞,668,2022-01-01,대여소별 이용정보 22.1.csv
용산구,세종로3팀,841. 신용산역 1번 출구,668,2022-01-01,대여소별 이용정보 22.1.csv
서대문구,상암2팀,3120.DMC엘가아파트 앞,668,2022-01-01,대여소별 이용정보 22.1.csv
강서구,개화3팀,1136. 등촌2파출소,669,2022-01-01,대여소별 이용정보 22.1.csv
금천구,천왕3팀,1804. 독산역 2번출구 자전거주차장,669,2022-01-01,대여소별 이용정보 22.1.csv
성동구,중랑2팀,537. 한양대후문역 부근,669,2022-01-01,대여소별 이용정보 22.1.csv
송파구,학여울2팀,4491. 장지역 1번출구,670,2022-01-01,대여소별 이용정보 22.1.csv
마포구,상암1팀,412. DMC산학협력연구센터 앞,670,2022-01-01,대여소별 이용정보 22.1.csv
송파구,천호2팀,1260. 방이동 한양3차아파트 옆,670,2022-01-01,대여소별 이용정보 22.1.csv
도봉구,도봉3팀,1742. 북한산 코오롱 하늘채,671,2022-01-01,대여소별 이용정보 22.1.csv
송파구,학여울2팀,2613. 잠실나들목,671,2022-01-01,대여소별 이용정보 22.1.csv
중랑구,중랑3팀,1456. 상아빌딩(우림시장 교차로),672,2022-01-01,대여소별 이용정보 22.1.csv
강북구,도봉4팀,1552. 강북구청사거리(던킨도너츠 앞),673,2022-01-01,대여소별 이용정보 22.1.csv
강서구,개화1팀,3775. 가양오토갤러리,674,2022-01-01,대여소별 이용정보 22.1.csv
노원구,도봉2팀,2908. 광운대학교 중앙도서관,675,2022-01-01,대여소별 이용정보 22.1.csv
영등포구,영남3팀,254. 도림신협 앞,675,2022-01-01,대여소별 이용정보 22.1.csv
서초구,이수1팀,2294. 두상빌딩 앞,677,2022-01-01,대여소별 이용정보 22.1.csv
영등포구,영남3팀,252. 보라매역4번출구,677,2022-01-01,대여소별 이용정보 22.1.csv
종로구,훈련원1팀,355. 서울사대부속초교 앞,678,2022-01-01,대여소별 이용정보 22.1.csv
강서구,개화1팀,1108. 공항시장역 2번출구 뒤,678,2022-01-01,대여소별 이용정보 22.1.csv
광진구,중랑1팀,590. 건국대학교 (입학정보관),680,2022-01-01,대여소별 이용정보 22.1.csv
송파구,천호2팀,1259. 방이역 1번출구,681,2022-01-01,대여소별 이용정보 22.1.csv
송파구,학여울2팀,4897. 잠실주공5단지1,682,2022-01-01,대여소별 이용정보 22.1.csv
강동구,천호1팀,1028. 포레스 주상복합 빌딩,682,2022-01-01,대여소별 이용정보 22.1.csv
동대문구,훈련원3팀,663. 외대앞역 4번출구,682,2022-01-01,대여소별 이용정보 22.1.csv
영등포구,영남3팀,255. 도림사거리,682,2022-01-01,대여소별 이용정보 22.1.csv
강서구,개화2팀,3764. 관문주유소(GS칼택스) 앞,683,2022-01-01,대여소별 이용정보 22.1.csv
중구,훈련원1팀,374. 청구역 2번출구 앞,684,2022-01-01,대여소별 이용정보 22.1.csv
노원구,도봉2팀,1602. 광운대역 앞,685,2022-01-01,대여소별 이용정보 22.1.csv
광진구,중랑1팀,3865. 이튼타워리버 2차,685,2022-01-01,대여소별 이용정보 22.1.csv
강서구,개화3팀,1169. 염창역 1번 출구,685,2022-01-01,대여소별 이용정보 22.1.csv
동대문구,훈련원3팀,674.고대앞사거리 교통섬,686,2022-01-01,대여소별 이용정보 22.1.csv
동대문구,훈련원3팀,615. 용두동 래미안허브리츠아파트 앞,687,2022-01-01,대여소별 이용정보 22.1.csv
중랑구,중랑3팀,4813. 망우지구대,687,2022-01-01,대여소별 이용정보 22.1.csv
중랑구,중랑3팀,1431. 중랑구청 사거리,688,2022-01-01,대여소별 이용정보 22.1.csv
관악구,영남2팀,2115. 관악구시설관리공단,688,2022-01-01,대여소별 이용정보 22.1.csv
은평구,상암2팀,4652. 신사두산위브2차아파트 앞,688,2022-01-01,대여소별 이용정보 22.1.csv
노원구,도봉2팀,1683. 노원문화예술회관,689,2022-01-01,대여소별 이용정보 22.1.csv
용산구,세종로 4팀,818. 숙명여대 입구 교차로,689,2022-01-01,대여소별 이용정보 22.1.csv
강서구,개화1팀,1194. 센서텍㈜,689,2022-01-01,대여소별 이용정보 22.1.csv
용산구,세종로3팀,816. 신용산역 6번출구 앞,690,2022-01-01,대여소별 이용정보 22.1.csv
동작구,영남2팀,2067. 보라매역?동작세무서 버스정류장(강남중학교방면),690,2022-01-01,대여소별 이용정보 22.1.csv
종로구,훈련원1팀,356. KT혜화지사 앞,690,2022-01-01,대여소별 이용정보 22.1.csv
영등포구,영남3팀,4566. 대림성원상떼빌아파트,690,2022-01-01,대여소별 이용정보 22.1.csv
성동구,중랑2팀,558. 성동광진 교육지원청 앞,690,2022-01-01,대여소별 이용정보 22.1.csv
광진구,중랑1팀,592. 건국대학교 학생회관,691,2022-01-01,대여소별 이용정보 22.1.csv
관악구,영남2팀,2187. 현대시장사거리,691,2022-01-01,대여소별 이용정보 22.1.csv
용산구,세종로3팀,829. 베르가모앞,692,2022-01-01,대여소별 이용정보 22.1.csv
송파구,학여울2팀,1205. 종합운동장역 4번출구,693,2022-01-01,대여소별 이용정보 22.1.csv
동작구,이수2팀,2060. 남성역3번출구 뒤,693,2022-01-01,대여소별 이용정보 22.1.csv
동대문구,훈련원3팀,635. 시조사 앞 (청량고정문 옆),694,2022-01-01,대여소별 이용정보 22.1.csv
구로구,천왕2팀,1907. 구일우성(아) 육교 밑,696,2022-01-01,대여소별 이용정보 22.1.csv
강동구,천호1팀,3657. 서울천호동우체국,696,2022-01-01,대여소별 이용정보 22.1.csv
마포구,상암1팀,414. 상암동주민센터 옆,696,2022-01-01,대여소별 이용정보 22.1.csv
영등포구,영남3팀,226. 샛강역 1번출구 앞,696,2022-01-01,대여소별 이용정보 22.1.csv
성북구,훈련원2팀,1332. 석계역 5번출구 건너편,697,2022-01-01,대여소별 이용정보 22.1.csv
양천구,개화4팀,722. 경서농협 버스정류장(우리은행신정동지점방향),697,2022-01-01,대여소별 이용정보 22.1.csv
강서구,개화2팀,5055. 마곡역5번출구앞,699,2022-01-01,대여소별 이용정보 22.1.csv
은평구,상암3팀,961. 불광역 9번 출구,699,2022-01-01,대여소별 이용정보 22.1.csv
서초구,이수2팀,2230.이수역 4번 출구,700,2022-01-01,대여소별 이용정보 22.1.csv
성북구,훈련원2팀,1380.월곡역 5번출구 앞,700,2022-01-01,대여소별 이용정보 22.1.csv
송파구,천호2팀,2638.쌍용아파트,701,2022-01-01,대여소별 이용정보 22.1.csv
강북구,도봉4팀,1514. 강북구청 사거리 버스정류소 앞,701,2022-01-01,대여소별 이용정보 22.1.csv
노원구,도봉1팀,1690. 도봉운전면허시험장 버스정류장 옆,701,2022-01-01,대여소별 이용정보 22.1.csv
강서구,개화2팀,1177. 수명중?고교,703,2022-01-01,대여소별 이용정보 22.1.csv
중랑구,중랑3팀,1401. 극동늘푸른아파트,704,2022-01-01,대여소별 이용정보 22.1.csv
관악구,영남2팀,2169. 봉천역 2번출구,705,2022-01-01,대여소별 이용정보 22.1.csv
영등포구,영남1팀,288. 쌍용예가(구청별관),705,2022-01-01,대여소별 이용정보 22.1.csv
종로구,세종로2팀,326. 안국역 5번출구 앞,707,2022-01-01,대여소별 이용정보 22.1.csv
노원구,도봉1팀,4026. 상계주공1단지아파트,707,2022-01-01,대여소별 이용정보 22.1.csv
성북구,훈련원2팀,4408. 돌곶이역 앞,708,2022-01-01,대여소별 이용정보 22.1.csv
강동구,천호1팀,1035. 고덕역 4번출구,708,2022-01-01,대여소별 이용정보 22.1.csv
강서구,개화3팀,1170. 강서구보건소,708,2022-01-01,대여소별 이용정보 22.1.csv
노원구,도봉1팀,4037. 물넘이교,710,2022-01-01,대여소별 이용정보 22.1.csv
영등포구,영남1팀,231. 남부고용노동지청 남측,711,2022-01-01,대여소별 이용정보 22.1.csv
중구,훈련원1팀,4765. 동대문디자인플라자,711,2022-01-01,대여소별 이용정보 22.1.csv
송파구,천호2팀,4486. 홈플러스 잠실점,712,2022-01-01,대여소별 이용정보 22.1.csv
마포구,상암1팀,438. 성산2-1 공영주차장,713,2022-01-01,대여소별 이용정보 22.1.csv
양천구,영남1팀,756. 목동주차장,713,2022-01-01,대여소별 이용정보 22.1.csv
강서구,개화4팀,1146. 곰달래사거리,714,2022-01-01,대여소별 이용정보 22.1.csv
종로구,세종로2팀,334. 종로3가역 2번출구 뒤,714,2022-01-01,대여소별 이용정보 22.1.csv
광진구,중랑1팀,516. 광진메디칼 앞,714,2022-01-01,대여소별 이용정보 22.1.csv
서대문구,상암2팀,176. 명지대학교 도서관,715,2022-01-01,대여소별 이용정보 22.1.csv
동작구,영남2팀,2013. 장승배기역 5번출구,716,2022-01-01,대여소별 이용정보 22.1.csv
송파구,학여울2팀,2618. 삼전역 1번출구,716,2022-01-01,대여소별 이용정보 22.1.csv
영등포구,영남1팀,264. 교보생명보험 앞,716,2022-01-01,대여소별 이용정보 22.1.csv
종로구,세종로2팀,454. 종로2가 버스정류장 (종각방향),716,2022-01-01,대여소별 이용정보 22.1.csv
성북구,훈련원2팀,1384.성신여대입구역 5번출구,717,2022-01-01,대여소별 이용정보 22.1.csv
영등포구,영남1팀,4556. 리버뷰신안인스빌1차 후문,717,2022-01-01,대여소별 이용정보 22.1.csv
성북구,훈련원2팀,1336. 성북3교 위,718,2022-01-01,대여소별 이용정보 22.1.csv
강서구,개화3팀,1175. 대한항공 인력개발센터,718,2022-01-01,대여소별 이용정보 22.1.csv
종로구,세종로2팀,4708. 조계사앞사거리,718,2022-01-01,대여소별 이용정보 22.1.csv
마포구,상암1팀,148. 용강동 주민센터 앞,719,2022-01-01,대여소별 이용정보 22.1.csv
강서구,개화3팀,1122. 황금내근린공원,720,2022-01-01,대여소별 이용정보 22.1.csv
노원구,도봉2팀,4041. 공릉역3번출구,720,2022-01-01,대여소별 이용정보 22.1.csv
중구,훈련원1팀,380. CJ제일제당 앞,720,2022-01-01,대여소별 이용정보 22.1.csv
강서구,개화3팀,1185. 등촌9단지,721,2022-01-01,대여소별 이용정보 22.1.csv
성북구,훈련원2팀,1381.석계역 4번출구 뒤,722,2022-01-01,대여소별 이용정보 22.1.csv
은평구,상암3팀,905. 구파발역 2번출구,722,2022-01-01,대여소별 이용정보 22.1.csv
서초구,이수3팀,2265. 이수고가차도 남단,723,2022-01-01,대여소별 이용정보 22.1.csv
금천구,천왕3팀,1827. 독산보도육교 앞 자전거 보관소,723,2022-01-01,대여소별 이용정보 22.1.csv
영등포구,영남1팀,265. 영등포유통상가 사거리,724,2022-01-01,대여소별 이용정보 22.1.csv
광진구,중랑1팀,3573.광나루안전체험관,724,2022-01-01,대여소별 이용정보 22.1.csv
광진구,중랑1팀,3566.우성4차아파트,724,2022-01-01,대여소별 이용정보 22.1.csv
강서구,개화2팀,1148. 볏골공원,724,2022-01-01,대여소별 이용정보 22.1.csv
중구,훈련원1팀,474.동대문역사문화공원역 1번출구 뒤편,725,2022-01-01,대여소별 이용정보 22.1.csv
마포구,상암1팀,426. 서울신용보증재단,725,2022-01-01,대여소별 이용정보 22.1.csv
서대문구,상암1팀,128. 신촌역(2호선) 1번출구 옆,727,2022-01-01,대여소별 이용정보 22.1.csv
강동구,천호1팀,1004. 삼성광나루아파트 버스정류장,728,2022-01-01,대여소별 이용정보 22.1.csv
마포구,상암1팀,108. 서교동 사거리,730,2022-01-01,대여소별 이용정보 22.1.csv
서대문구,상암2팀,3119.연희 브라운스톤 아파트 앞,731,2022-01-01,대여소별 이용정보 22.1.csv
광진구,중랑1팀,546. 잠실대교북단 교차로,732,2022-01-01,대여소별 이용정보 22.1.csv
서초구,이수3팀,2231. 삼성타운(삼성생명) A동 맞은편,732,2022-01-01,대여소별 이용정보 22.1.csv
동작구,영남2팀,237. 보라매 두산위브 건너편,733,2022-01-01,대여소별 이용정보 22.1.csv
마포구,상암1팀,124. 서강대 정문 건너편,733,2022-01-01,대여소별 이용정보 22.1.csv
성동구,중랑2팀,521. 왕십리역 11번 출구 앞,734,2022-01-01,대여소별 이용정보 22.1.csv
강동구,천호1팀,1075.천동초교 삼거리,734,2022-01-01,대여소별 이용정보 22.1.csv
동대문구,훈련원4팀,626. 군자교 서측 녹지대,734,2022-01-01,대여소별 이용정보 22.1.csv
강서구,개화3팀,1139. 용문사 버스정류장,735,2022-01-01,대여소별 이용정보 22.1.csv
금천구,천왕3팀,1830. 빅마켓 금천점 앞,735,2022-01-01,대여소별 이용정보 22.1.csv
광진구,중랑1팀,593.자양중앙나들목,737,2022-01-01,대여소별 이용정보 22.1.csv
광진구,중랑1팀,3586.군자역 비채온 오피스텔,737,2022-01-01,대여소별 이용정보 22.1.csv
동작구,영남2팀,2059. 보라매공원 정문,740,2022-01-01,대여소별 이용정보 22.1.csv
중랑구,중랑3팀,1451. 중랑세무서,740,2022-01-01,대여소별 이용정보 22.1.csv
노원구,도봉1팀,1689. 마들역 3번출구,740,2022-01-01,대여소별 이용정보 22.1.csv
은평구,상암3팀,950. 구산역 2번 출구 예일여고 버스정류장,741,2022-01-01,대여소별 이용정보 22.1.csv
광진구,중랑1팀,542. 강변역 4번출구 뒤,741,2022-01-01,대여소별 이용정보 22.1.csv
영등포구,영남1팀,227. 양평2나들목 보행통로 입구,742,2022-01-01,대여소별 이용정보 22.1.csv
서대문구,상암2팀,3125.연희파크푸르지오아파트 앞,742,2022-01-01,대여소별 이용정보 22.1.csv
구로구,천왕2팀,1956. 동아1차APT105동 버스정류장(신도림중학교 방면),743,2022-01-01,대여소별 이용정보 22.1.csv
송파구,천호2팀,1268. 몽촌토성역 1번출구 옆,744,2022-01-01,대여소별 이용정보 22.1.csv
광진구,중랑2팀,3506. 영동대교 북단,746,2022-01-01,대여소별 이용정보 22.1.csv
노원구,도봉2팀,4007. 노원 을지대학교 병원,747,2022-01-01,대여소별 이용정보 22.1.csv
강서구,개화2팀,5061. 우장산동 가곡어린이공원앞,747,2022-01-01,대여소별 이용정보 22.1.csv
구로구,천왕2팀,1962. 가리봉동주민센터,747,2022-01-01,대여소별 이용정보 22.1.csv
영등포구,영남3팀,225. 앙카라공원 앞,747,2022-01-01,대여소별 이용정보 22.1.csv
노원구,도봉1팀,1661. 당현천근린공원,749,2022-01-01,대여소별 이용정보 22.1.csv
강남구,학여울1팀,2335. 3호선 매봉역 3번출구앞,750,2022-01-01,대여소별 이용정보 22.1.csv
송파구,학여울2팀,1269. 리센츠아파트,750,2022-01-01,대여소별 이용정보 22.1.csv
은평구,상암1팀,972. 수색역,751,2022-01-01,대여소별 이용정보 22.1.csv
종로구,훈련원1팀,341. 혜화역 3번출구 뒤,751,2022-01-01,대여소별 이용정보 22.1.csv
강서구,개화1팀,5064. 양천향교역8번출구,752,2022-01-01,대여소별 이용정보 22.1.csv
은평구,상암2팀,915. 증산역 4번출구,752,2022-01-01,대여소별 이용정보 22.1.csv
송파구,학여울2팀,1221. 삼전역 4번출구,752,2022-01-01,대여소별 이용정보 22.1.csv
강동구,천호1팀,3656. 둔촌푸르지오아파트,753,2022-01-01,대여소별 이용정보 22.1.csv
강서구,개화1팀,3784. 벽산아파트,754,2022-01-01,대여소별 이용정보 22.1.csv
마포구,상암1팀,157. 애오개역 4번출구 앞,754,2022-01-01,대여소별 이용정보 22.1.csv
은평구,상암3팀,933. 역촌종합시장 버스정류장(예일여고 방면),755,2022-01-01,대여소별 이용정보 22.1.csv
종로구,세종로2팀,385. 종각역 5번출구,756,2022-01-01,대여소별 이용정보 22.1.csv
성동구,중랑2팀,582. 경일중학교 앞,757,2022-01-01,대여소별 이용정보 22.1.csv
영등포구,영남3팀,3212.신풍역 6번출구,757,2022-01-01,대여소별 이용정보 22.1.csv
마포구,상암1팀,3009.서교동사거리(신),761,2022-01-01,대여소별 이용정보 22.1.csv
성북구,훈련원2팀,1369. 미아사거리,763,2022-01-01,대여소별 이용정보 22.1.csv
종로구,훈련원1팀,345. 서울보증보험본사 앞,765,2022-01-01,대여소별 이용정보 22.1.csv
관악구,영남2팀,2106. 세이브마트,765,2022-01-01,대여소별 이용정보 22.1.csv
동대문구,훈련원3팀,605. 신설동역8번출구,765,2022-01-01,대여소별 이용정보 22.1.csv
동대문구,훈련원4팀,657. 동대문롯데캐슬아파트 앞,766,2022-01-01,대여소별 이용정보 22.1.csv
강서구,개화1팀,2729.넥센 유니버시티 앞,766,2022-01-01,대여소별 이용정보 22.1.csv
구로구,천왕2팀,1912. 한신휴아파트 앞,766,2022-01-01,대여소별 이용정보 22.1.csv
관악구,영남2팀,2175. 신림동걷고싶은문화의거리입구,767,2022-01-01,대여소별 이용정보 22.1.csv
종로구,세종로2팀,3407.안국동사거리(신),768,2022-01-01,대여소별 이용정보 22.1.csv
노원구,도봉2팀,2912.대진고등학교,771,2022-01-01,대여소별 이용정보 22.1.csv
노원구,도봉2팀,4008. 하계 어린이 공원,772,2022-01-01,대여소별 이용정보 22.1.csv
구로구,천왕2팀,1901. 신도림동주민센터 앞,773,2022-01-01,대여소별 이용정보 22.1.csv
동대문구,훈련원4팀,678.장안힐스테이트(아) 앞,774,2022-01-01,대여소별 이용정보 22.1.csv
송파구,학여울2팀,1245. 문정 법조단지9,774,2022-01-01,대여소별 이용정보 22.1.csv
강서구,개화2팀,3760. 발산역 8번 출구,774,2022-01-01,대여소별 이용정보 22.1.csv
서초구,이수3팀,2211. 서초구립반포도서관 앞,775,2022-01-01,대여소별 이용정보 22.1.csv
송파구,학여울2팀,4465. 건영아파트앞 사거리,777,2022-01-01,대여소별 이용정보 22.1.csv
중구,훈련원1팀,4792. 퇴계로4가 교차로(중구청),777,2022-01-01,대여소별 이용정보 22.1.csv
영등포구,영남3팀,4568. 영등포로터리,777,2022-01-01,대여소별 이용정보 22.1.csv
영등포구,영남3팀,209. 유진투자증권빌딩 앞,778,2022-01-01,대여소별 이용정보 22.1.csv
강서구,개화3팀,3789. 염창나들목,780,2022-01-01,대여소별 이용정보 22.1.csv
성동구,중랑2팀,3548.뚝섬역 6번출구,780,2022-01-01,대여소별 이용정보 22.1.csv
동대문구,훈련원4팀,658. 촬영소 사거리,781,2022-01-01,대여소별 이용정보 22.1.csv
강서구,개화1팀,1113. 서남환경공원 버스정류장,782,2022-01-01,대여소별 이용정보 22.1.csv
성동구,중랑2팀,507. 성수아이에스비즈타워 앞,782,2022-01-01,대여소별 이용정보 22.1.csv
강서구,개화3팀,1172. 가양3동 주민센터,784,2022-01-01,대여소별 이용정보 22.1.csv
강북구,도봉4팀,1529. 미아동 한국전력공사,786,2022-01-01,대여소별 이용정보 22.1.csv
도봉구,도봉3팀,1738. 창동주공17단지 상가앞,786,2022-01-01,대여소별 이용정보 22.1.csv
구로구,천왕1팀,1933. 개봉푸르지오아파트 상가,787,2022-01-01,대여소별 이용정보 22.1.csv
송파구,학여울2팀,1231. 잠실역 6번출구,789,2022-01-01,대여소별 이용정보 22.1.csv
마포구,상암1팀,417. DMC역 2번출구 옆,789,2022-01-01,대여소별 이용정보 22.1.csv
강서구,개화3팀,1174. 강서구청사거리(부민병원),790,2022-01-01,대여소별 이용정보 22.1.csv
중랑구,중랑3팀,1433. 중화역 2번출구,790,2022-01-01,대여소별 이용정보 22.1.csv
성동구,중랑2팀,3560.성동구 견인차량 보관소 앞,790,2022-01-01,대여소별 이용정보 22.1.csv
영등포구,영남3팀,212. 여의도역 1번출구 옆,791,2022-01-01,대여소별 이용정보 22.1.csv
중구,세종로2팀,4796. 부산은행,792,2022-01-01,대여소별 이용정보 22.1.csv
동대문구,훈련원4팀,642. 신답역 사거리,792,2022-01-01,대여소별 이용정보 22.1.csv
강서구,개화1팀,2706.강서공업고등학교 앞,792,2022-01-01,대여소별 이용정보 22.1.csv
구로구,천왕2팀,1908. 해원리바파크 육교 밑,793,2022-01-01,대여소별 이용정보 22.1.csv
송파구,천호1팀,1208. 풍납현대아파트쉼터,794,2022-01-01,대여소별 이용정보 22.1.csv
마포구,상암1팀,487.신석초교앞 교차로 교통섬,796,2022-01-01,대여소별 이용정보 22.1.csv
양천구,개화4팀,758. 한사랑교회 앞,796,2022-01-01,대여소별 이용정보 22.1.csv
강서구,개화2팀,"5074. 마곡엠밸리14단지 버스정류장(마곡엠밸리11,12단지상가방면)",797,2022-01-01,대여소별 이용정보 22.1.csv
서대문구,상암2팀,179. 가좌역 4번출구 앞,797,2022-01-01,대여소별 이용정보 22.1.csv
송파구,학여울2팀,1235. 잠실트리지움310동 옆,798,2022-01-01,대여소별 이용정보 22.1.csv
종로구,세종로2팀,3432.종로2가 사거리,799,2022-01-01,대여소별 이용정보 22.1.csv
종로구,세종로2팀,327. 낙원상가 옆,799,2022-01-01,대여소별 이용정보 22.1.csv
노원구,도봉2팀,1663. 동해문화예술관앞,799,2022-01-01,대여소별 이용정보 22.1.csv
송파구,천호2팀,1204. 거여역 3번출구,800,2022-01-01,대여소별 이용정보 22.1.csv
성북구,훈련원2팀,1319. 종암사거리 분수대,800,2022-01-01,대여소별 이용정보 22.1.csv
송파구,학여울2팀,2635.잠실새내역 1번출구,801,2022-01-01,대여소별 이용정보 22.1.csv
동대문구,훈련원4팀,4121. 서울문화재단 앞,801,2022-01-01,대여소별 이용정보 22.1.csv
강동구,천호1팀,1076. 천동초교입구사거리 버스정류장(십자성마을 방면),803,2022-01-01,대여소별 이용정보 22.1.csv
종로구,훈련원1팀,338. 세운스퀘어 앞,804,2022-01-01,대여소별 이용정보 22.1.csv
강서구,개화2팀,1128. 화곡역 6번출구,804,2022-01-01,대여소별 이용정보 22.1.csv
도봉구,도봉3팀,1741. 제일강산수산입구,806,2022-01-01,대여소별 이용정보 22.1.csv
성북구,훈련원2팀,1337. 돈암성당 옆,806,2022-01-01,대여소별 이용정보 22.1.csv
영등포구,영남3팀,292. 영일 어린이공원,807,2022-01-01,대여소별 이용정보 22.1.csv
송파구,천호2팀,1226. 잠실4동 주민센터 옆,810,2022-01-01,대여소별 이용정보 22.1.csv
노원구,도봉1팀,1692. 온곡초교 교차로,812,2022-01-01,대여소별 이용정보 22.1.csv
노원구,도봉2팀,4046. 경춘선 숲길,813,2022-01-01,대여소별 이용정보 22.1.csv
성동구,중랑2팀,3559.성동구민종합체육센터 앞,814,2022-01-01,대여소별 이용정보 22.1.csv
영등포구,영남3팀,4564. 63스퀘어,815,2022-01-01,대여소별 이용정보 22.1.csv
강서구,개화2팀,2746.수명산파크 4단지 411동 앞,815,2022-01-01,대여소별 이용정보 22.1.csv
마포구,상암1팀,104. 합정역 1번출구 앞,817,2022-01-01,대여소별 이용정보 22.1.csv
중랑구,중랑3팀,1446. 중랑전화국 교차로,818,2022-01-01,대여소별 이용정보 22.1.csv
양천구,개화3팀,701. 목동사거리 부근,820,2022-01-01,대여소별 이용정보 22.1.csv
서초구,이수3팀,2264. 이수역 1번출구,820,2022-01-01,대여소별 이용정보 22.1.csv
중랑구,중랑3팀,1448. 코스트코 상봉점,821,2022-01-01,대여소별 이용정보 22.1.csv
강동구,천호1팀,1022. 길동 사거리(초소앞),822,2022-01-01,대여소별 이용정보 22.1.csv
영등포구,영남3팀,214. 금융감독원 앞,823,2022-01-01,대여소별 이용정보 22.1.csv
강서구,개화1팀,5062. 마곡동 767-6,823,2022-01-01,대여소별 이용정보 22.1.csv
송파구,천호2팀,1212. 송파역 2번 출구앞,823,2022-01-01,대여소별 이용정보 22.1.csv
은평구,상암2팀,943. 은평구청 보건소,823,2022-01-01,대여소별 이용정보 22.1.csv
서대문구,상암2팀,123. 문화촌 공원,823,2022-01-01,대여소별 이용정보 22.1.csv
성북구,훈련원2팀,1306. 한성대입구역2번출구,824,2022-01-01,대여소별 이용정보 22.1.csv
송파구,천호2팀,1278. 송파구청 교차로,826,2022-01-01,대여소별 이용정보 22.1.csv
관악구,영남2팀,2113. 관악동작견인차량보관소,826,2022-01-01,대여소별 이용정보 22.1.csv
영등포구,영남3팀,279. 영등포 푸르지오 아파트,826,2022-01-01,대여소별 이용정보 22.1.csv
서초구,이수2팀,2222.사당역 12번출구 뒤,827,2022-01-01,대여소별 이용정보 22.1.csv
성북구,훈련원2팀,1354. 고려대학교 2번출구,827,2022-01-01,대여소별 이용정보 22.1.csv
동대문구,훈련원4팀,624. 전농동 동아아파트 앞,828,2022-01-01,대여소별 이용정보 22.1.csv
강동구,천호1팀,1017. 둔촌고교입구 교차로(길동주민센터 방면),830,2022-01-01,대여소별 이용정보 22.1.csv
강동구,천호1팀,1048. 둔촌어린이공원,830,2022-01-01,대여소별 이용정보 22.1.csv
마포구,상암1팀,4220. 신촌 청년주택,831,2022-01-01,대여소별 이용정보 22.1.csv
강서구,개화1팀,3762. 마곡9단지 907동앞,831,2022-01-01,대여소별 이용정보 22.1.csv
영등포구,영남1팀,229. 양평1 보행육교 앞,831,2022-01-01,대여소별 이용정보 22.1.csv
송파구,천호2팀,1227. 거여역 8번출구 뒤,833,2022-01-01,대여소별 이용정보 22.1.csv
서대문구,상암2팀,133. 해담는다리,834,2022-01-01,대여소별 이용정보 22.1.csv
마포구,상암1팀,107. 신한은행 서교동지점,836,2022-01-01,대여소별 이용정보 22.1.csv
강동구,천호1팀,3671. 둔촌동역교차로,836,2022-01-01,대여소별 이용정보 22.1.csv
관악구,영남2팀,3811.신사로입구,837,2022-01-01,대여소별 이용정보 22.1.csv
관악구,영남2팀,2176. 보라매공원 보도육교,837,2022-01-01,대여소별 이용정보 22.1.csv
성동구,중랑2팀,512. 뚝섬역 1번 출구 옆,837,2022-01-01,대여소별 이용정보 22.1.csv
양천구,개화3팀,747. 목동3단지 상가,841,2022-01-01,대여소별 이용정보 22.1.csv
중랑구,중랑3팀,1462.동부시장 북문 앞,841,2022-01-01,대여소별 이용정보 22.1.csv
구로구,천왕2팀,3914. 신도림쌍용플래티넘노블아파트 앞,843,2022-01-01,대여소별 이용정보 22.1.csv
노원구,도봉1팀,1688. 마들역 7번출구,843,2022-01-01,대여소별 이용정보 22.1.csv
관악구,영남2팀,2103. 신림동 우방아파트,845,2022-01-01,대여소별 이용정보 22.1.csv
광진구,중랑1팀,588. 뚝섬 유원지역,846,2022-01-01,대여소별 이용정보 22.1.csv
강서구,개화1팀,2727.서울식물원 잔디마당 앞,846,2022-01-01,대여소별 이용정보 22.1.csv
중랑구,중랑3팀,1416. 상봉역 3번출구,848,2022-01-01,대여소별 이용정보 22.1.csv
중랑구,중랑3팀,1438. 홈플러스 신내점 앞,848,2022-01-01,대여소별 이용정보 22.1.csv
송파구,천호2팀,4481. 올림픽공원 북2문 2,848,2022-01-01,대여소별 이용정보 22.1.csv
동작구,영남2팀,2080. 대방지하보도(대방동경남아너스빌아파트),851,2022-01-01,대여소별 이용정보 22.1.csv
노원구,도봉2팀,1643. 태릉입구역 8번출구,851,2022-01-01,대여소별 이용정보 22.1.csv
광진구,중랑1팀,3868. 자양한강도서관,852,2022-01-01,대여소별 이용정보 22.1.csv
금천구,천왕2팀,1848. 벽산 디지털밸리 5차,853,2022-01-01,대여소별 이용정보 22.1.csv
용산구,세종로3팀,825. 서빙고동 주민센터 앞,854,2022-01-01,대여소별 이용정보 22.1.csv
서초구,이수3팀,2505. 우성아파트사거리 (기업은행앞),856,2022-01-01,대여소별 이용정보 22.1.csv
광진구,중랑1팀,573. 구의문주차장 앞,856,2022-01-01,대여소별 이용정보 22.1.csv
송파구,학여울2팀,2619. 석촌고분역 4번출구,857,2022-01-01,대여소별 이용정보 22.1.csv
종로구,세종로2팀,4713. 현대 뜨레비앙 아파트 앞,857,2022-01-01,대여소별 이용정보 22.1.csv
송파구,천호2팀,1282. 송파소방서 맞은편(성내4교),857,2022-01-01,대여소별 이용정보 22.1.csv
광진구,중랑1팀,548. 자양나들목,861,2022-01-01,대여소별 이용정보 22.1.csv
강동구,천호1팀,1021. 강일동 리슈빌 빌딩앞,861,2022-01-01,대여소별 이용정보 22.1.csv
종로구,훈련원1팀,340. 혜화동 로터리,862,2022-01-01,대여소별 이용정보 22.1.csv
광진구,중랑1팀,543. 구의공원(테크노마트 앞),862,2022-01-01,대여소별 이용정보 22.1.csv
송파구,천호2팀,1297. 석촌호수교차로(동호 팔각정 앞),864,2022-01-01,대여소별 이용정보 22.1.csv
강서구,개화1팀,3778. 김포공항입구 교차로,865,2022-01-01,대여소별 이용정보 22.1.csv
중랑구,중랑3팀,1442. 중랑구 중소기업 창업센터,865,2022-01-01,대여소별 이용정보 22.1.csv
종로구,훈련원1팀,3416.동묘앞역 6번출구,867,2022-01-01,대여소별 이용정보 22.1.csv
양천구,개화3팀,768.목동5단지아파트 501동,869,2022-01-01,대여소별 이용정보 22.1.csv
동대문구,훈련원4팀,643. 동대문구민체육센터 (육교아래),871,2022-01-01,대여소별 이용정보 22.1.csv
강동구,천호1팀,1047. 강동 한신휴플러스,873,2022-01-01,대여소별 이용정보 22.1.csv
관악구,이수2팀,2171. 서울대입구역 5번출구,873,2022-01-01,대여소별 이용정보 22.1.csv
서대문구,상암2팀,194. 증산교 앞,874,2022-01-01,대여소별 이용정보 22.1.csv
강서구,개화2팀,3796. 송정역 3번출구 앞,874,2022-01-01,대여소별 이용정보 22.1.csv
도봉구,도봉3팀,1762.북한산 한신휴플러스APT앞,876,2022-01-01,대여소별 이용정보 22.1.csv
광진구,중랑1팀,3582.화양동 우체국,877,2022-01-01,대여소별 이용정보 22.1.csv
강북구,도봉4팀,1530. 광산사거리,879,2022-01-01,대여소별 이용정보 22.1.csv
강동구,천호1팀,1023. 한국종합기술사옥 앞,883,2022-01-01,대여소별 이용정보 22.1.csv
도봉구,도봉3팀,1737. 하나은행 (창동점),884,2022-01-01,대여소별 이용정보 22.1.csv
강서구,개화2팀,1129. 화곡역 1번 출구 앞,884,2022-01-01,대여소별 이용정보 22.1.csv
양천구,개화3팀,754. 목동1단지아파트 118동 앞,886,2022-01-01,대여소별 이용정보 22.1.csv
노원구,도봉2팀,4036. 하계역 6번출구,887,2022-01-01,대여소별 이용정보 22.1.csv
중구,훈련원1팀,481.신당역 10번 출구,888,2022-01-01,대여소별 이용정보 22.1.csv
송파구,학여울2팀,2637. 아시아지하보도 14번 출구,888,2022-01-01,대여소별 이용정보 22.1.csv
강동구,천호1팀,1002. 해공공원(천호동),889,2022-01-01,대여소별 이용정보 22.1.csv
강남구,이수1팀,2340. 삼호물산버스정류장(23370) 옆,889,2022-01-01,대여소별 이용정보 22.1.csv
노원구,도봉2팀,1669. 중계역 3번출구,890,2022-01-01,대여소별 이용정보 22.1.csv
구로구,천왕2팀,1996. 구일역 1번 출입구 앞,890,2022-01-01,대여소별 이용정보 22.1.csv
성동구,중랑2팀,561. 서울숲역 2번출구 앞,891,2022-01-01,대여소별 이용정보 22.1.csv
구로구,천왕2팀,3905. 희훈타워빌 앞,891,2022-01-01,대여소별 이용정보 22.1.csv
노원구,도봉2팀,1619. 중계동 하나프라자빌딩 앞(중1-1),892,2022-01-01,대여소별 이용정보 22.1.csv
강서구,개화1팀,3756. 마곡힐스테이트 정문,894,2022-01-01,대여소별 이용정보 22.1.csv
중랑구,중랑3팀,1452. 겸재교 진입부,896,2022-01-01,대여소별 이용정보 22.1.csv
강서구,개화1팀,2722.마곡 문영비지웍스,896,2022-01-01,대여소별 이용정보 22.1.csv
영등포구,영남3팀,224. 롯데캐슬 앞,897,2022-01-01,대여소별 이용정보 22.1.csv
중랑구,중랑3팀,1404. 동일로 지하차도,897,2022-01-01,대여소별 이용정보 22.1.csv
양천구,영남1팀,796.목동아파트 14단지 B상가 앞,898,2022-01-01,대여소별 이용정보 22.1.csv
노원구,도봉1팀,1653. 노원역1번출구,899,2022-01-01,대여소별 이용정보 22.1.csv
송파구,천호2팀,1203. 밀리아나2빌딩 앞,902,2022-01-01,대여소별 이용정보 22.1.csv
영등포구,영남1팀,244. 영등포삼환아파트 앞,903,2022-01-01,대여소별 이용정보 22.1.csv
강서구,개화3팀,1120. 대림경동아파트앞,904,2022-01-01,대여소별 이용정보 22.1.csv
광진구,중랑1팀,576. 광나루역 3번 출구,905,2022-01-01,대여소별 이용정보 22.1.csv
도봉구,도봉3팀,4076. 진영상운 앞 중랑천 변,905,2022-01-01,대여소별 이용정보 22.1.csv
송파구,학여울2팀,2601. 석촌호수 아뜰리에,907,2022-01-01,대여소별 이용정보 22.1.csv
동작구,영남2팀,2058. 동작경찰서,907,2022-01-01,대여소별 이용정보 22.1.csv
구로구,천왕1팀,1988. 고척LIGA아파트 앞,909,2022-01-01,대여소별 이용정보 22.1.csv
송파구,천호2팀,2628.문정역 1번출구,910,2022-01-01,대여소별 이용정보 22.1.csv
마포구,상암1팀,106. 합정역 7번출구 앞,910,2022-01-01,대여소별 이용정보 22.1.csv
송파구,학여울2팀,4453. 위례중앙푸르지오 201동 앞,912,2022-01-01,대여소별 이용정보 22.1.csv
노원구,도봉1팀,1657. 노원구청,915,2022-01-01,대여소별 이용정보 22.1.csv
양천구,영남1팀,731. 서울시 도로환경관리센터,916,2022-01-01,대여소별 이용정보 22.1.csv
영등포구,영남3팀,4559. 신길역 2번출구,916,2022-01-01,대여소별 이용정보 22.1.csv
영등포구,영남3팀,258. 신길역3번출구,917,2022-01-01,대여소별 이용정보 22.1.csv
성동구,중랑2팀,559. 왕십리역 4번 출구 건너편,917,2022-01-01,대여소별 이용정보 22.1.csv
동작구,영남2팀,2015. 신대방삼거리역 6번출구쪽,917,2022-01-01,대여소별 이용정보 22.1.csv
중랑구,중랑3팀,1455. 상봉역 2번 출구,919,2022-01-01,대여소별 이용정보 22.1.csv
영등포구,영남3팀,3214.영등포 푸르지오,919,2022-01-01,대여소별 이용정보 22.1.csv
광진구,중랑1팀,3517. 용마사거리,920,2022-01-01,대여소별 이용정보 22.1.csv
강서구,개화2팀,5070. 마곡13단지힐스테이트마스터 후문(1320동 앞),920,2022-01-01,대여소별 이용정보 22.1.csv
노원구,도봉2팀,4013. 중계 롯데마트,923,2022-01-01,대여소별 이용정보 22.1.csv
영등포구,영남3팀,4575. 대림동 e편한세상영등포아델포레,924,2022-01-01,대여소별 이용정보 22.1.csv
강서구,개화3팀,1140. 목동사거리 버스정류장,924,2022-01-01,대여소별 이용정보 22.1.csv
강북구,도봉4팀,1531. 미아사거리 1번 출구,925,2022-01-01,대여소별 이용정보 22.1.csv
영등포구,영남3팀,4592. 신길우성4차아파트,926,2022-01-01,대여소별 이용정보 22.1.csv
은평구,상암2팀,912. 응암오거리,927,2022-01-01,대여소별 이용정보 22.1.csv
중구,훈련원1팀,473.을지로4가역 9번출구,927,2022-01-01,대여소별 이용정보 22.1.csv
중구,훈련원1팀,390. 충무로역 1번출구,927,2022-01-01,대여소별 이용정보 22.1.csv
강동구,천호1팀,3664. 맥도날드 서울둔촌DT점 앞,929,2022-01-01,대여소별 이용정보 22.1.csv
마포구,상암1팀,130. 신촌역(2호선) 7번출구 앞,929,2022-01-01,대여소별 이용정보 22.1.csv
성동구,중랑2팀,4353. 코오롱디지털타워 3차앞,930,2022-01-01,대여소별 이용정보 22.1.csv
노원구,도봉1팀,1656. 중앙하이츠 아파트 입구,930,2022-01-01,대여소별 이용정보 22.1.csv
강서구,개화1팀,1190. 마곡역 교차로(2번출구),931,2022-01-01,대여소별 이용정보 22.1.csv
성동구,중랑2팀,578. 성동세무서 부근,932,2022-01-01,대여소별 이용정보 22.1.csv
종로구,훈련원1팀,3422.성균관대 정문,932,2022-01-01,대여소별 이용정보 22.1.csv
영등포구,영남1팀,4553. 당산삼성2차아파트,933,2022-01-01,대여소별 이용정보 22.1.csv
서초구,이수1팀,2252. 잔디마을 마을버스 정류장,933,2022-01-01,대여소별 이용정보 22.1.csv
송파구,학여울2팀,1220. 잠실근린공원,933,2022-01-01,대여소별 이용정보 22.1.csv
중랑구,중랑3팀,1458. 상봉터미널2,933,2022-01-01,대여소별 이용정보 22.1.csv
강남구,학여울1팀,2306. 압구정역 2번 출구 옆,934,2022-01-01,대여소별 이용정보 22.1.csv
강동구,천호1팀,1077.강동역 1번출구 앞,934,2022-01-01,대여소별 이용정보 22.1.csv
영등포구,영남1팀,296.KT플라자 영등포점,935,2022-01-01,대여소별 이용정보 22.1.csv
성동구,중랑2팀,529. 장한평역 8번 출구 앞,935,2022-01-01,대여소별 이용정보 22.1.csv
서초구,이수1팀,2255.시민의숲역 1번출구 옆,936,2022-01-01,대여소별 이용정보 22.1.csv
강서구,개화2팀,3785. 마곡14단지 1408동앞,936,2022-01-01,대여소별 이용정보 22.1.csv
송파구,천호2팀,2630.서울방이동 고분군,937,2022-01-01,대여소별 이용정보 22.1.csv
노원구,도봉1팀,1686. 상계주공10단지 종합상가 앞,938,2022-01-01,대여소별 이용정보 22.1.csv
강서구,개화2팀,2741.마곡수명산파크5-6단지,939,2022-01-01,대여소별 이용정보 22.1.csv
구로구,천왕1팀,1977. 천왕역 1번 출입구 앞,939,2022-01-01,대여소별 이용정보 22.1.csv
구로구,천왕2팀,1904. 도림천역 1번 출구 앞,939,2022-01-01,대여소별 이용정보 22.1.csv
종로구,세종로1팀,305. 종로구청 옆,942,2022-01-01,대여소별 이용정보 22.1.csv
동대문구,훈련원3팀,680.꿈마루어린이도서관 앞,943,2022-01-01,대여소별 이용정보 22.1.csv
강서구,개화3팀,1132. 등촌역 7번출구,943,2022-01-01,대여소별 이용정보 22.1.csv
강서구,개화2팀,2718.마곡수명산파크1단지,943,2022-01-01,대여소별 이용정보 22.1.csv
마포구,상암1팀,186. 월드컵공원,944,2022-01-01,대여소별 이용정보 22.1.csv
광진구,중랑1팀,3536. 중앙농협(자양동),945,2022-01-01,대여소별 이용정보 22.1.csv
영등포구,영남3팀,203. 국회의사당역 3번출구 옆,946,2022-01-01,대여소별 이용정보 22.1.csv
영등포구,영남1팀,290. 당산동 SK V1 빌딩,946,2022-01-01,대여소별 이용정보 22.1.csv
양천구,영남1팀,4514. 목동성당 앞,949,2022-01-01,대여소별 이용정보 22.1.csv
강서구,개화1팀,2724.(재)FITI시험연구원,950,2022-01-01,대여소별 이용정보 22.1.csv
마포구,상암1팀,153. 성산2교 사거리,950,2022-01-01,대여소별 이용정보 22.1.csv
강서구,개화1팀,3774. 마곡9단지 910동 상가앞,951,2022-01-01,대여소별 이용정보 22.1.csv
성동구,중랑2팀,3549.건영아파트 앞,958,2022-01-01,대여소별 이용정보 22.1.csv
동대문구,훈련원3팀,660. 동의보감타워,960,2022-01-01,대여소별 이용정보 22.1.csv
마포구,상암1팀,497.합정동주민센터 앞,962,2022-01-01,대여소별 이용정보 22.1.csv
관악구,영남2팀,2140. 신림1교 교차로,962,2022-01-01,대여소별 이용정보 22.1.csv
은평구,상암3팀,911. 은평평화공원(역촌역4번출구),966,2022-01-01,대여소별 이용정보 22.1.csv
성동구,중랑2팀,3600.사근빗물펌프장 건너편,967,2022-01-01,대여소별 이용정보 22.1.csv
종로구,세종로1팀,308. 광화문 S타워 앞,968,2022-01-01,대여소별 이용정보 22.1.csv
강서구,개화1팀,3758. 서울남부출입국관리소,969,2022-01-01,대여소별 이용정보 22.1.csv
중구,훈련원1팀,4798. 황학동롯데캐슬,969,2022-01-01,대여소별 이용정보 22.1.csv
강동구,천호1팀,1029. 성내어울터,970,2022-01-01,대여소별 이용정보 22.1.csv
마포구,상암1팀,4213. 마포구중앙도서관 정문 앞,970,2022-01-01,대여소별 이용정보 22.1.csv
성북구,훈련원2팀,1355. 보문2교,970,2022-01-01,대여소별 이용정보 22.1.csv
종로구,세종로1팀,302. 경복궁역 4번출구 뒤,971,2022-01-01,대여소별 이용정보 22.1.csv
서대문구,상암1팀,116. 일진아이윌아파트 옆,971,2022-01-01,대여소별 이용정보 22.1.csv
영등포구,영남3팀,213. KT앞,973,2022-01-01,대여소별 이용정보 22.1.csv
동대문구,훈련원3팀,609. 제기2교,974,2022-01-01,대여소별 이용정보 22.1.csv
마포구,상암1팀,103. 망원역 2번출구 앞,974,2022-01-01,대여소별 이용정보 22.1.csv
마포구,상암1팀,146. 마포역 2번출구 뒤,976,2022-01-01,대여소별 이용정보 22.1.csv
강서구,개화3팀,1119. 염창동 한마음아파트 앞,979,2022-01-01,대여소별 이용정보 22.1.csv
송파구,학여울2팀,2606. 위례동주민센터 맞은편 근린공원,979,2022-01-01,대여소별 이용정보 22.1.csv
강서구,개화3팀,1135. 강서구의회,980,2022-01-01,대여소별 이용정보 22.1.csv
영등포구,영남1팀,268. 그랜드컨벤션센터 앞,982,2022-01-01,대여소별 이용정보 22.1.csv
강동구,천호1팀,1013. 강동구청역 1번 출입구,982,2022-01-01,대여소별 이용정보 22.1.csv
서초구,이수3팀,2262. 한신16차아파트 119동 앞,984,2022-01-01,대여소별 이용정보 22.1.csv
서대문구,상암2팀,175. 홍연2교옆,985,2022-01-01,대여소별 이용정보 22.1.csv
노원구,도봉2팀,2910.도깨비시장,986,2022-01-01,대여소별 이용정보 22.1.csv
광진구,중랑1팀,540. 군자역 7번출구 베스트샵 앞,987,2022-01-01,대여소별 이용정보 22.1.csv
구로구,천왕2팀,2801. 대륭포스트타워1차,989,2022-01-01,대여소별 이용정보 22.1.csv
마포구,상암1팀,418. 월드컵경기장역 3번출구 옆,989,2022-01-01,대여소별 이용정보 22.1.csv
양천구,개화4팀,716.신정6동 주민센터 인근,989,2022-01-01,대여소별 이용정보 22.1.csv
강서구,개화2팀,1131. 꿈돌이공원 앞,990,2022-01-01,대여소별 이용정보 22.1.csv
은평구,상암2팀,956. 응암시장교차로,993,2022-01-01,대여소별 이용정보 22.1.csv
강서구,개화3팀,3769. 증미역 2번출구,997,2022-01-01,대여소별 이용정보 22.1.csv
노원구,도봉2팀,1616. 하계2동 공항버스정류장 옆,997,2022-01-01,대여소별 이용정보 22.1.csv
성동구,중랑2팀,587. 유니베라 앞,998,2022-01-01,대여소별 이용정보 22.1.csv
성동구,중랑2팀,3513. 상왕십리역 1번출구,1001,2022-01-01,대여소별 이용정보 22.1.csv
종로구,훈련원1팀,3421.혜화역 1번출구,1002,2022-01-01,대여소별 이용정보 22.1.csv
송파구,천호2팀,2621. 한성백제역 2번 출구,1003,2022-01-01,대여소별 이용정보 22.1.csv
송파구,천호2팀,4457. 아산병원 기숙사 부근,1007,2022-01-01,대여소별 이용정보 22.1.csv
마포구,상암1팀,439. 마포어린이공원,1007,2022-01-01,대여소별 이용정보 22.1.csv
은평구,상암2팀,914. 새절역 2번출구,1007,2022-01-01,대여소별 이용정보 22.1.csv
송파구,천호2팀,1248. 방이초등학교,1009,2022-01-01,대여소별 이용정보 22.1.csv
양천구,개화3팀,702. 목4동주민센터 옆,1009,2022-01-01,대여소별 이용정보 22.1.csv
은평구,상암3팀,906. 연신내역 5번출구,1010,2022-01-01,대여소별 이용정보 22.1.csv
강북구,도봉4팀,1512. 강북중학교 앞,1012,2022-01-01,대여소별 이용정보 22.1.csv
송파구,천호2팀,1215. 올림픽공원역 1번출구 앞,1015,2022-01-01,대여소별 이용정보 22.1.csv
마포구,상암1팀,147. 마포역 4번출구 뒤,1017,2022-01-01,대여소별 이용정보 22.1.csv
동작구,영남2팀,2002. 노들역 1번출구,1019,2022-01-01,대여소별 이용정보 22.1.csv
송파구,학여울2팀,1243. 문정 법조단지7,1021,2022-01-01,대여소별 이용정보 22.1.csv
강서구,개화1팀,1150. 송정역 1번출구,1025,2022-01-01,대여소별 이용정보 22.1.csv
도봉구,도봉3팀,4065. 창동역 1번출구 앞,1025,2022-01-01,대여소별 이용정보 22.1.csv
송파구,천호2팀,1262. 송파여성문화회관 앞,1028,2022-01-01,대여소별 이용정보 22.1.csv
강서구,개화1팀,1111. 마곡엠밸리6_7단지 마곡중학교,1030,2022-01-01,대여소별 이용정보 22.1.csv
강남구,학여울1팀,2348. 포스코사거리(기업은행),1032,2022-01-01,대여소별 이용정보 22.1.csv
강서구,개화2팀,2732.마곡수명산 1-2단지,1036,2022-01-01,대여소별 이용정보 22.1.csv
금천구,천왕3팀,1841. 가산동 주민센터,1036,2022-01-01,대여소별 이용정보 22.1.csv
성북구,훈련원2팀,1351. 안암2교 옆,1036,2022-01-01,대여소별 이용정보 22.1.csv
강서구,개화1팀,2735.마곡 공공청사,1040,2022-01-01,대여소별 이용정보 22.1.csv
양천구,개화3팀,719. 홍익병원앞 교차로,1042,2022-01-01,대여소별 이용정보 22.1.csv
마포구,상암1팀,114. 홍대입구역 8번출구 앞,1042,2022-01-01,대여소별 이용정보 22.1.csv
종로구,훈련원1팀,363. 신설동역 11번출구 뒤,1042,2022-01-01,대여소별 이용정보 22.1.csv
종로구,훈련원1팀,362. 청계8가 사거리,1046,2022-01-01,대여소별 이용정보 22.1.csv
강서구,개화2팀,1126. 우장산역 1번출구옆(우장산아이파크105동앞),1049,2022-01-01,대여소별 이용정보 22.1.csv
광진구,중랑1팀,501. 광진구의회 앞,1049,2022-01-01,대여소별 이용정보 22.1.csv
강동구,천호1팀,1011. LIGA 아파트 앞,1051,2022-01-01,대여소별 이용정보 22.1.csv
금천구,천왕3팀,3966. 독산역1번출구 옆,1052,2022-01-01,대여소별 이용정보 22.1.csv
마포구,상암1팀,421. 마포구청 앞,1052,2022-01-01,대여소별 이용정보 22.1.csv
성동구,중랑2팀,514. 성수사거리 버스정류장 앞,1052,2022-01-01,대여소별 이용정보 22.1.csv
영등포구,영남1팀,287. 영등포전화국사거리 (서강어린이공원),1054,2022-01-01,대여소별 이용정보 22.1.csv
노원구,도봉1팀,4003. 상계초교 입구 교차로 명주빌딩 앞,1055,2022-01-01,대여소별 이용정보 22.1.csv
중랑구,중랑3팀,1447. 면목역 3번출구,1058,2022-01-01,대여소별 이용정보 22.1.csv
마포구,상암1팀,144. 공덕역 8번출구,1059,2022-01-01,대여소별 이용정보 22.1.csv
동대문구,훈련원3팀,634. 외국어대 정문 앞,1063,2022-01-01,대여소별 이용정보 22.1.csv
광진구,중랑1팀,500. 어린이대공원역 3번출구 앞,1063,2022-01-01,대여소별 이용정보 22.1.csv
강북구,도봉4팀,1503. 이디야 커피 수유역점 앞,1063,2022-01-01,대여소별 이용정보 22.1.csv
강서구,개화2팀,3759. 이대서울병원,1063,2022-01-01,대여소별 이용정보 22.1.csv
동대문구,훈련원4팀,4122. 청계9가교차로 앞,1064,2022-01-01,대여소별 이용정보 22.1.csv
노원구,도봉2팀,1617. 하계동 중평어린이공원 앞,1064,2022-01-01,대여소별 이용정보 22.1.csv
마포구,상암1팀,3002.벽산상암스마트큐브,1066,2022-01-01,대여소별 이용정보 22.1.csv
중구,세종로1팀,4768. 서울도시건축전시관,1069,2022-01-01,대여소별 이용정보 22.1.csv
노원구,도봉2팀,1610. 화랑대역 2번출구 앞,1069,2022-01-01,대여소별 이용정보 22.1.csv
송파구,학여울2팀,1246. 문정 법조단지10,1071,2022-01-01,대여소별 이용정보 22.1.csv
영등포구,영남3팀,278. 쌍용플레티넘오피스텔,1075,2022-01-01,대여소별 이용정보 22.1.csv
영등포구,영남1팀,232. 양평우림 이비즈센타 앞,1076,2022-01-01,대여소별 이용정보 22.1.csv
동대문구,훈련원4팀,623. 서울시립대 정문 앞,1082,2022-01-01,대여소별 이용정보 22.1.csv
동대문구,훈련원3팀,614. 용두동 사거리,1085,2022-01-01,대여소별 이용정보 22.1.csv
동대문구,훈련원4팀,641. 용두역 4번출구,1093,2022-01-01,대여소별 이용정보 22.1.csv
영등포구,영남1팀,280. 양평동6차현대아파트 앞,1094,2022-01-01,대여소별 이용정보 22.1.csv
중구,세종로 4팀,370. 시청역(2호선) 9번출구 뒤,1095,2022-01-01,대여소별 이용정보 22.1.csv
성동구,중랑2팀,568. 청계8가사거리 부근,1096,2022-01-01,대여소별 이용정보 22.1.csv
광진구,중랑1팀,505. 자양사거리 광진아크로텔 앞,1097,2022-01-01,대여소별 이용정보 22.1.csv
송파구,학여울2팀,2632.석촌고분역 2번 출구,1101,2022-01-01,대여소별 이용정보 22.1.csv
양천구,영남1팀,771.목동아파트 703동 앞,1102,2022-01-01,대여소별 이용정보 22.1.csv
마포구,상암1팀,493.홍대입구역 6번출구,1102,2022-01-01,대여소별 이용정보 22.1.csv
송파구,천호2팀,1218. 방이역 4번출구,1105,2022-01-01,대여소별 이용정보 22.1.csv
영등포구,영남1팀,236. 문래동자이아파트 앞,1106,2022-01-01,대여소별 이용정보 22.1.csv
종로구,세종로2팀,316. 종각역 1번출구 앞,1108,2022-01-01,대여소별 이용정보 22.1.csv
강동구,천호1팀,1078.둔촌사거리,1109,2022-01-01,대여소별 이용정보 22.1.csv
광진구,중랑1팀,3500. 군자역2번출구,1112,2022-01-01,대여소별 이용정보 22.1.csv
송파구,학여울2팀,1244. 문정 법조단지8,1115,2022-01-01,대여소별 이용정보 22.1.csv
송파구,천호2팀,4452. 삼성SDS,1117,2022-01-01,대여소별 이용정보 22.1.csv
노원구,도봉1팀,1668. 중계역 6번출구,1126,2022-01-01,대여소별 이용정보 22.1.csv
성북구,훈련원2팀,1363. 보문4교 인근,1127,2022-01-01,대여소별 이용정보 22.1.csv
강서구,개화2팀,1199. 우장산역 3번출구,1129,2022-01-01,대여소별 이용정보 22.1.csv
중랑구,중랑3팀,1449. 상봉역 1번출구,1131,2022-01-01,대여소별 이용정보 22.1.csv
마포구,상암1팀,154. 마포구청역,1132,2022-01-01,대여소별 이용정보 22.1.csv
서대문구,상암2팀,131. 증산2교,1133,2022-01-01,대여소별 이용정보 22.1.csv
송파구,학여울2팀,2615. 테라타워2,1136,2022-01-01,대여소별 이용정보 22.1.csv
송파구,천호2팀,1201. 가락시장역 3번 출구,1136,2022-01-01,대여소별 이용정보 22.1.csv
관악구,영남2팀,2135. 신림역 5번출구,1137,2022-01-01,대여소별 이용정보 22.1.csv
관악구,영남2팀,2107. 도림천 신화교,1138,2022-01-01,대여소별 이용정보 22.1.csv
강동구,천호1팀,1010. 강동세무서,1142,2022-01-01,대여소별 이용정보 22.1.csv
마포구,상암1팀,4233. 코오롱아파트사거리,1142,2022-01-01,대여소별 이용정보 22.1.csv
강서구,개화1팀,1102. 방화사거리 마을버스 버스정류장,1144,2022-01-01,대여소별 이용정보 22.1.csv
마포구,상암1팀,183. 하늘채코오롱아파트 건너편,1144,2022-01-01,대여소별 이용정보 22.1.csv
성북구,훈련원2팀,1328. 월곡역 3번출구,1146,2022-01-01,대여소별 이용정보 22.1.csv
동대문구,훈련원3팀,670.삼육서울병원 버스정류장,1150,2022-01-01,대여소별 이용정보 22.1.csv
구로구,천왕2팀,3904. 테크노마트 앞,1155,2022-01-01,대여소별 이용정보 22.1.csv
구로구,천왕2팀,1914. 대림역4번출구,1155,2022-01-01,대여소별 이용정보 22.1.csv
성동구,중랑2팀,560. 비전교회 앞,1155,2022-01-01,대여소별 이용정보 22.1.csv
광진구,중랑1팀,584. 광진광장 교통섬,1159,2022-01-01,대여소별 이용정보 22.1.csv
마포구,상암1팀,419. 홈플러스 앞,1160,2022-01-01,대여소별 이용정보 22.1.csv
송파구,학여울2팀,4852. 서울복합물류 게이트 1,1161,2022-01-01,대여소별 이용정보 22.1.csv
양천구,개화4팀,794.양천문화회관,1163,2022-01-01,대여소별 이용정보 22.1.csv
성북구,훈련원2팀,1321. 국민은행 종암동지점 앞,1165,2022-01-01,대여소별 이용정보 22.1.csv
종로구,훈련원1팀,342. 대학로 마로니에공원,1167,2022-01-01,대여소별 이용정보 22.1.csv
양천구,개화3팀,793.목동5단지아파트 534동,1168,2022-01-01,대여소별 이용정보 22.1.csv
양천구,영남1팀,723. SBS방송국,1177,2022-01-01,대여소별 이용정보 22.1.csv
강서구,개화1팀,2730.마곡메가박스 앞,1178,2022-01-01,대여소별 이용정보 22.1.csv
광진구,중랑1팀,574. 아차산역4번출구,1178,2022-01-01,대여소별 이용정보 22.1.csv
송파구,학여울2팀,2641.송파역 4번출구,1178,2022-01-01,대여소별 이용정보 22.1.csv
노원구,도봉2팀,1655. 공릉1단지아파트,1179,2022-01-01,대여소별 이용정보 22.1.csv
마포구,상암1팀,409. 누리꿈스퀘어 옆,1180,2022-01-01,대여소별 이용정보 22.1.csv
양천구,영남1팀,780.신정교 하부,1181,2022-01-01,대여소별 이용정보 22.1.csv
강서구,개화2팀,1192. 마곡수명산파크 209동 건너편,1181,2022-01-01,대여소별 이용정보 22.1.csv
송파구,천호2팀,4864. 송파사거리,1184,2022-01-01,대여소별 이용정보 22.1.csv
영등포구,영남3팀,276. 영등포로터리2,1185,2022-01-01,대여소별 이용정보 22.1.csv
종로구,세종로1팀,303. 광화문역 1번출구 앞,1185,2022-01-01,대여소별 이용정보 22.1.csv
광진구,중랑1팀,3520. 광진경찰서,1186,2022-01-01,대여소별 이용정보 22.1.csv
강서구,개화1팀,1103. 방화역 4번출구앞,1189,2022-01-01,대여소별 이용정보 22.1.csv
송파구,학여울2팀,1232. 잠실주공 521동 건너편,1192,2022-01-01,대여소별 이용정보 22.1.csv
종로구,훈련원1팀,3413.종로플레이스,1195,2022-01-01,대여소별 이용정보 22.1.csv
송파구,천호2팀,4865. 한성백제역 1번출구 뒤,1195,2022-01-01,대여소별 이용정보 22.1.csv
강남구,학여울2팀,2377. 수서역 5번출구,1206,2022-01-01,대여소별 이용정보 22.1.csv
영등포구,영남1팀,291. 문래동 하이테크 시티,1219,2022-01-01,대여소별 이용정보 22.1.csv
영등포구,영남3팀,206. KBS 앞,1219,2022-01-01,대여소별 이용정보 22.1.csv
영등포구,영남1팀,284. 센트럴 푸르지오 시티 앞,1221,2022-01-01,대여소별 이용정보 22.1.csv
강서구,개화1팀,2723.마곡 필네이처,1223,2022-01-01,대여소별 이용정보 22.1.csv
영등포구,영남1팀,3202.당산롯데캐슬프레스티지,1224,2022-01-01,대여소별 이용정보 22.1.csv
강동구,천호1팀,1084. 윤선생빌딩(JYP사옥),1227,2022-01-01,대여소별 이용정보 22.1.csv
노원구,도봉1팀,1662. 노원역7번출구,1232,2022-01-01,대여소별 이용정보 22.1.csv
영등포구,영남3팀,222. 시범아파트버스정류장 옆,1232,2022-01-01,대여소별 이용정보 22.1.csv
강서구,개화1팀,3772. 길성그랑프리텔아파트,1237,2022-01-01,대여소별 이용정보 22.1.csv
동대문구,훈련원3팀,659. 제기역1번출구,1237,2022-01-01,대여소별 이용정보 22.1.csv
영등포구,영남1팀,4574. 영등포시장역 포레나영등포,1238,2022-01-01,대여소별 이용정보 22.1.csv
마포구,상암1팀,184. 7번가피자 서교망원점,1239,2022-01-01,대여소별 이용정보 22.1.csv
광진구,중랑1팀,3881. 신자초교입구 교차로,1240,2022-01-01,대여소별 이용정보 22.1.csv
강서구,개화1팀,3757. 신방화역 6번출구,1241,2022-01-01,대여소별 이용정보 22.1.csv
양천구,개화3팀,744. 신목동역 2번 출구,1243,2022-01-01,대여소별 이용정보 22.1.csv
구로구,천왕2팀,2824.미래사랑어린이공원 앞,1244,2022-01-01,대여소별 이용정보 22.1.csv
종로구,세종로1팀,458. 광화문역 5번출구,1248,2022-01-01,대여소별 이용정보 22.1.csv
양천구,천왕1팀,788.양천구청역 2번출구 옆,1250,2022-01-01,대여소별 이용정보 22.1.csv
강동구,천호1팀,3681. 길동 마루빌딩,1250,2022-01-01,대여소별 이용정보 22.1.csv
양천구,개화4팀,795.양천 해누리타운,1253,2022-01-01,대여소별 이용정보 22.1.csv
양천구,개화3팀,735. 영도초등학교,1255,2022-01-01,대여소별 이용정보 22.1.csv
동대문구,훈련원4팀,648. 장안동위더스빌옆,1255,2022-01-01,대여소별 이용정보 22.1.csv
양천구,개화4팀,779. 신정1동 주민센터 앞,1255,2022-01-01,대여소별 이용정보 22.1.csv
양천구,영남1팀,786.목동아파트 8단지 상가동 앞,1256,2022-01-01,대여소별 이용정보 22.1.csv
강서구,개화3팀,2704.홈플러스(강서점),1257,2022-01-01,대여소별 이용정보 22.1.csv
양천구,천왕1팀,729. 서부식자재마트 건너편,1257,2022-01-01,대여소별 이용정보 22.1.csv
은평구,상암2팀,996.응암역2번출구 국민은행 앞,1258,2022-01-01,대여소별 이용정보 22.1.csv
노원구,도봉2팀,1611. 과기대 입구(우),1259,2022-01-01,대여소별 이용정보 22.1.csv
강서구,개화1팀,1163. 방화동강서기동대앞,1261,2022-01-01,대여소별 이용정보 22.1.csv
마포구,상암1팀,498.연남동주민센터 앞,1262,2022-01-01,대여소별 이용정보 22.1.csv
강서구,개화1팀,2719.마곡문화공원,1263,2022-01-01,대여소별 이용정보 22.1.csv
강서구,개화3팀,1173. 강서구청사거리(SH타워),1265,2022-01-01,대여소별 이용정보 22.1.csv
송파구,학여울2팀,4868. 석촌호수 서호 남단,1269,2022-01-01,대여소별 이용정보 22.1.csv
동대문구,훈련원3팀,613. 신설동역 10번출구 앞,1271,2022-01-01,대여소별 이용정보 22.1.csv
강서구,개화3팀,2708.강서한강자이타워 앞,1272,2022-01-01,대여소별 이용정보 22.1.csv
영등포구,영남3팀,217. NH농협은행 앞,1272,2022-01-01,대여소별 이용정보 22.1.csv
강동구,천호1팀,1024. 강동구청 앞,1274,2022-01-01,대여소별 이용정보 22.1.csv
동대문구,훈련원3팀,677.청량리역 4번 5번출구 사이,1274,2022-01-01,대여소별 이용정보 22.1.csv
광진구,중랑1팀,3534. 건대입구역 5번출구 뒤,1275,2022-01-01,대여소별 이용정보 22.1.csv
영등포구,영남1팀,245. 삼성생명 당산사옥 앞,1276,2022-01-01,대여소별 이용정보 22.1.csv
노원구,도봉2팀,2921.중계역 2번출구,1277,2022-01-01,대여소별 이용정보 22.1.csv
광진구,중랑1팀,3542. 래미안 구의파크 스위트,1279,2022-01-01,대여소별 이용정보 22.1.csv
양천구,영남1팀,4508. 유원목동아파트 103동 앞,1281,2022-01-01,대여소별 이용정보 22.1.csv
성동구,중랑2팀,3511. 응봉역 1번출구,1282,2022-01-01,대여소별 이용정보 22.1.csv
은평구,상암2팀,913. 이마트 버스정류장(서부경찰서 방면),1285,2022-01-01,대여소별 이용정보 22.1.csv
송파구,학여울2팀,2646.레이크펠리스101동앞,1288,2022-01-01,대여소별 이용정보 22.1.csv
광진구,중랑1팀,549. 아차산역 3번출구,1289,2022-01-01,대여소별 이용정보 22.1.csv
구로구,천왕2팀,1986. 태평양물산빌딩,1290,2022-01-01,대여소별 이용정보 22.1.csv
광진구,중랑1팀,3504. 원일교회,1290,2022-01-01,대여소별 이용정보 22.1.csv
영등포구,영남1팀,228. 선유도역 3번출구 앞,1291,2022-01-01,대여소별 이용정보 22.1.csv
노원구,도봉2팀,1684. 태릉입구역 5번출구,1294,2022-01-01,대여소별 이용정보 22.1.csv
종로구,훈련원1팀,3410.종로3가역 8번출구,1295,2022-01-01,대여소별 이용정보 22.1.csv
강서구,개화1팀,1197. 엠펠리체 호텔 건너편,1295,2022-01-01,대여소별 이용정보 22.1.csv
동대문구,훈련원4팀,630. 동대문구 보건소,1295,2022-01-01,대여소별 이용정보 22.1.csv
송파구,학여울2팀,2647.잠실 자전거 수리센터 앞,1297,2022-01-01,대여소별 이용정보 22.1.csv
강동구,천호1팀,3680. 강동역3번출구,1298,2022-01-01,대여소별 이용정보 22.1.csv
강서구,개화2팀,1180. 마곡엠밸리 15단지(1502동) 건너편,1298,2022-01-01,대여소별 이용정보 22.1.csv
영등포구,영남1팀,275. 신동아아파트,1308,2022-01-01,대여소별 이용정보 22.1.csv
동대문구,훈련원3팀,612. 시립동부병원 앞 사거리,1311,2022-01-01,대여소별 이용정보 22.1.csv
강서구,개화1팀,1106. 신방화사거리,1312,2022-01-01,대여소별 이용정보 22.1.csv
송파구,학여울2팀,2623.석촌동 주민센터,1313,2022-01-01,대여소별 이용정보 22.1.csv
성동구,중랑2팀,3514. 왕십리교회옆,1317,2022-01-01,대여소별 이용정보 22.1.csv
강서구,개화3팀,1118. 증미역 3번출구뒤(등촌두산위브센티움오피스텔),1319,2022-01-01,대여소별 이용정보 22.1.csv
양천구,개화3팀,755. 목동1단지아파트 상가 앞,1319,2022-01-01,대여소별 이용정보 22.1.csv
송파구,천호2팀,1251. 석촌역 2번출구,1325,2022-01-01,대여소별 이용정보 22.1.csv
강동구,천호1팀,1090.상일동역 2번출구 앞,1328,2022-01-01,대여소별 이용정보 22.1.csv
영등포구,영남1팀,243. 이앤씨드림타워 앞,1330,2022-01-01,대여소별 이용정보 22.1.csv
영등포구,영남1팀,293. 충북 미래관,1330,2022-01-01,대여소별 이용정보 22.1.csv
노원구,도봉2팀,4029. 청소년수련관 후문,1330,2022-01-01,대여소별 이용정보 22.1.csv
구로구,천왕1팀,1925. 동양미래대학교 정문 옆,1332,2022-01-01,대여소별 이용정보 22.1.csv
성동구,중랑2팀,508. 성수아카데미타워 앞,1335,2022-01-01,대여소별 이용정보 22.1.csv
구로구,천왕2팀,1955. 디지털입구 교차로,1338,2022-01-01,대여소별 이용정보 22.1.csv
서대문구,상암2팀,117. 홍은사거리,1338,2022-01-01,대여소별 이용정보 22.1.csv
광진구,중랑1팀,551. 구의삼성쉐르빌 앞,1343,2022-01-01,대여소별 이용정보 22.1.csv
동작구,영남2팀,2050. 노량진역 5번출구,1344,2022-01-01,대여소별 이용정보 22.1.csv
강서구,개화1팀,1195. 코오롱One&Only타워,1359,2022-01-01,대여소별 이용정보 22.1.csv
강서구,개화1팀,"1191. 마곡역 버스정류장(마곡나루역1번출구, 웰튼병원 방면)",1360,2022-01-01,대여소별 이용정보 22.1.csv
광진구,중랑1팀,3570.구의역 리버비스타 오피스텔,1364,2022-01-01,대여소별 이용정보 22.1.csv
용산구,세종로3팀,853.용산역 맞은편,1364,2022-01-01,대여소별 이용정보 22.1.csv
노원구,도봉1팀,1636. 상계주공2단지 버스정류장 옆,1365,2022-01-01,대여소별 이용정보 22.1.csv
노원구,도봉2팀,2919.등나무 근린공원(시립북서울미술관 앞),1365,2022-01-01,대여소별 이용정보 22.1.csv
강북구,도봉4팀,1569.수유역2번출구,1366,2022-01-01,대여소별 이용정보 22.1.csv
양천구,영남1팀,791.현대하이페리온,1367,2022-01-01,대여소별 이용정보 22.1.csv
노원구,도봉2팀,1608. 공릉역 1번 출구 앞,1369,2022-01-01,대여소별 이용정보 22.1.csv
강서구,개화1팀,2721.등촌1-10단지 교차로,1376,2022-01-01,대여소별 이용정보 22.1.csv
마포구,상암1팀,102. 망원역 1번출구 앞,1378,2022-01-01,대여소별 이용정보 22.1.csv
서초구,이수3팀,"2219. 고속터미널역 8-1번, 8-2번 출구 사이",1379,2022-01-01,대여소별 이용정보 22.1.csv
송파구,천호1팀,2611. 송파지역자활센터 뒤,1390,2022-01-01,대여소별 이용정보 22.1.csv
구로구,천왕2팀,1946. 구로역 광장,1390,2022-01-01,대여소별 이용정보 22.1.csv
강동구,천호1팀,3668. 성내삼성아파트,1393,2022-01-01,대여소별 이용정보 22.1.csv
마포구,상암1팀,415. DMC역 9번출구 앞,1394,2022-01-01,대여소별 이용정보 22.1.csv
강서구,개화3팀,1157. 강서구청,1402,2022-01-01,대여소별 이용정보 22.1.csv
강서구,개화3팀,3780. 등촌서광아파트,1406,2022-01-01,대여소별 이용정보 22.1.csv
노원구,도봉2팀,1601. 석계역 문화광장 내 자전거 보관소,1407,2022-01-01,대여소별 이용정보 22.1.csv
강서구,개화2팀,1182. KBS 스포츠월드,1414,2022-01-01,대여소별 이용정보 22.1.csv
영등포구,영남1팀,272. 당산육갑문,1417,2022-01-01,대여소별 이용정보 22.1.csv
성동구,중랑2팀,563. 성동세무서 건너편,1419,2022-01-01,대여소별 이용정보 22.1.csv
노원구,도봉2팀,4027. 한내 행복발전소 옆,1422,2022-01-01,대여소별 이용정보 22.1.csv
노원구,도봉2팀,1650. 중계근린공원내,1425,2022-01-01,대여소별 이용정보 22.1.csv
송파구,천호2팀,4870. 몽촌토성역 3번 출구,1432,2022-01-01,대여소별 이용정보 22.1.csv
송파구,천호2팀,1209. 잠실나루역 (2번 출구 쪽),1433,2022-01-01,대여소별 이용정보 22.1.csv
양천구,개화4팀,4509. 서울영상고교 입구,1436,2022-01-01,대여소별 이용정보 22.1.csv
광진구,중랑1팀,3509. 세종사이버대학교,1440,2022-01-01,대여소별 이용정보 22.1.csv
양천구,영남1팀,764. 목동청소년수련관,1443,2022-01-01,대여소별 이용정보 22.1.csv
강동구,천호1팀,1008. 암사역 3번출구(국민은행앞),1447,2022-01-01,대여소별 이용정보 22.1.csv
양천구,영남1팀,781.신정보도육교 아래,1448,2022-01-01,대여소별 이용정보 22.1.csv
송파구,학여울2팀,1293. 석촌호수 서호 사거리,1451,2022-01-01,대여소별 이용정보 22.1.csv
중구,훈련원1팀,383. 신당역 12번 출구 뒤,1456,2022-01-01,대여소별 이용정보 22.1.csv
종로구,훈련원1팀,393. 동대문역 8번 출구,1461,2022-01-01,대여소별 이용정보 22.1.csv
금천구,천왕3팀,1851. 가산디지털단지 7번출구,1472,2022-01-01,대여소별 이용정보 22.1.csv
송파구,천호2팀,2610. 송리단길,1485,2022-01-01,대여소별 이용정보 22.1.csv
송파구,천호1팀,1264. 천호역 10번 출구 앞,1499,2022-01-01,대여소별 이용정보 22.1.csv
송파구,학여울2팀,1222. 잠실새내역 5번 출구 뒤,1505,2022-01-01,대여소별 이용정보 22.1.csv
양천구,개화3팀,726. 목동3단지 시내버스정류장,1505,2022-01-01,대여소별 이용정보 22.1.csv
은평구,상암3팀,931. 역촌파출소,1509,2022-01-01,대여소별 이용정보 22.1.csv
강동구,천호1팀,1019. 다성이즈빌아파트(호원대 대각선 맞은편),1514,2022-01-01,대여소별 이용정보 22.1.csv
영등포구,영남1팀,283. 아크로타워 스퀘어(영등포시장),1520,2022-01-01,대여소별 이용정보 22.1.csv
양천구,영남1팀,797.목동아파트 1422동 1434동 사잇길,1521,2022-01-01,대여소별 이용정보 22.1.csv
영등포구,영남1팀,263. 근로자회관 사거리,1523,2022-01-01,대여소별 이용정보 22.1.csv
양천구,개화4팀,734. 신트리공원 입구,1524,2022-01-01,대여소별 이용정보 22.1.csv
강서구,개화1팀,1162. 공항초등학교건너편,1529,2022-01-01,대여소별 이용정보 22.1.csv
동대문구,훈련원4팀,631. 답십리역 1번출구,1532,2022-01-01,대여소별 이용정보 22.1.csv
양천구,개화4팀,4515. 동문굿모닝탑,1542,2022-01-01,대여소별 이용정보 22.1.csv
동대문구,훈련원4팀,668.서울축산농협(장안지점),1547,2022-01-01,대여소별 이용정보 22.1.csv
광진구,중랑1팀,3541. 커먼그라운드,1547,2022-01-01,대여소별 이용정보 22.1.csv
광진구,중랑1팀,3501. 광진구청 앞,1549,2022-01-01,대여소별 이용정보 22.1.csv
양천구,천왕1팀,787.양천아파트 입구,1553,2022-01-01,대여소별 이용정보 22.1.csv
강동구,천호1팀,1044. 굽은다리역,1557,2022-01-01,대여소별 이용정보 22.1.csv
영등포구,영남3팀,259. 대방역6번출구,1566,2022-01-01,대여소별 이용정보 22.1.csv
양천구,개화3팀,4531. 목동아파트 613동 앞,1567,2022-01-01,대여소별 이용정보 22.1.csv
강서구,개화3팀,1117. 등촌5단지아파트 버스정류장,1572,2022-01-01,대여소별 이용정보 22.1.csv
도봉구,도봉3팀,1721. 창동역 2번출구,1573,2022-01-01,대여소별 이용정보 22.1.csv
노원구,도봉1팀,1674. 서울북부고용센터앞,1573,2022-01-01,대여소별 이용정보 22.1.csv
송파구,천호2팀,1295. 잠실역 8번출구,1578,2022-01-01,대여소별 이용정보 22.1.csv
광진구,중랑1팀,3579.광진 캠퍼스시티,1590,2022-01-01,대여소별 이용정보 22.1.csv
광진구,중랑1팀,3575. 자양사거리(서원빌딩),1593,2022-01-01,대여소별 이용정보 22.1.csv
구로구,천왕2팀,1985. 구로도서관,1614,2022-01-01,대여소별 이용정보 22.1.csv
영등포구,영남3팀,3219.영등포역 1번출구,1621,2022-01-01,대여소별 이용정보 22.1.csv
은평구,상암2팀,907. CJ 드림시티,1641,2022-01-01,대여소별 이용정보 22.1.csv
강서구,개화2팀,2739.수명산파크1단지교차로,1644,2022-01-01,대여소별 이용정보 22.1.csv
강동구,천호1팀,1020. 강동경찰서,1649,2022-01-01,대여소별 이용정보 22.1.csv
동대문구,훈련원4팀,602. 장안동 사거리,1657,2022-01-01,대여소별 이용정보 22.1.csv
마포구,상암1팀,3010.홍대입구역 3번출구,1657,2022-01-01,대여소별 이용정보 22.1.csv
영등포구,영남1팀,4561. 양평역 1번출구,1659,2022-01-01,대여소별 이용정보 22.1.csv
양천구,개화4팀,704. 남부법원검찰청 교차로,1662,2022-01-01,대여소별 이용정보 22.1.csv
영등포구,영남3팀,202. 국민일보 앞,1697,2022-01-01,대여소별 이용정보 22.1.csv
금천구,천왕2팀,1867.대륭포스트타워6차 앞,1697,2022-01-01,대여소별 이용정보 22.1.csv
송파구,학여울2팀,2639.석촌역 8번출구,1704,2022-01-01,대여소별 이용정보 22.1.csv
노원구,도봉1팀,1625. 상계역(4번출구),1718,2022-01-01,대여소별 이용정보 22.1.csv
강서구,개화1팀,1193. 마곡센트럴타워 1차,1721,2022-01-01,대여소별 이용정보 22.1.csv
양천구,개화3팀,746. 목동2단지 상가,1733,2022-01-01,대여소별 이용정보 22.1.csv
강서구,개화1팀,1151. 마곡역1번출구,1741,2022-01-01,대여소별 이용정보 22.1.csv
성동구,중랑2팀,583. 청계천 생태교실 앞,1742,2022-01-01,대여소별 이용정보 22.1.csv
관악구,영남2팀,2109. 은천로입구 가로공원,1750,2022-01-01,대여소별 이용정보 22.1.csv
강서구,개화2팀,1184. 마곡13단지,1754,2022-01-01,대여소별 이용정보 22.1.csv
영등포구,영남1팀,4571. 문래동롯데캐슬아파트,1764,2022-01-01,대여소별 이용정보 22.1.csv
종로구,훈련원1팀,361. 동묘앞역 1번출구 뒤,1767,2022-01-01,대여소별 이용정보 22.1.csv
광진구,중랑1팀,3569.건대병원후문,1780,2022-01-01,대여소별 이용정보 22.1.csv
강서구,개화1팀,2717.LG유플러스 마곡사옥,1784,2022-01-01,대여소별 이용정보 22.1.csv
영등포구,영남1팀,240. 문래역 4번출구 앞,1790,2022-01-01,대여소별 이용정보 22.1.csv
성동구,중랑2팀,565. 옥수역 3번출구,1796,2022-01-01,대여소별 이용정보 22.1.csv
관악구,영남2팀,2136. 신림역 8번출구,1808,2022-01-01,대여소별 이용정보 22.1.csv
강동구,천호1팀,1050. 둔촌역 3번 출입구,1814,2022-01-01,대여소별 이용정보 22.1.csv
영등포구,영남3팀,211. 여의도역 4번출구 옆,1815,2022-01-01,대여소별 이용정보 22.1.csv
구로구,천왕2팀,1961. 신도림테크노근린공원,1834,2022-01-01,대여소별 이용정보 22.1.csv
강서구,개화1팀,1160. 양천향교역 7번출구앞,1841,2022-01-01,대여소별 이용정보 22.1.csv
송파구,천호2팀,1211. 방이삼거리,1848,2022-01-01,대여소별 이용정보 22.1.csv
강서구,개화2팀,3798. 그랜드아이파크아파트 앞,1851,2022-01-01,대여소별 이용정보 22.1.csv
중구,훈련원1팀,431. 청계천 영도교,1860,2022-01-01,대여소별 이용정보 22.1.csv
성동구,중랑2팀,585. 성수2가1동 공영주차장 인근,1885,2022-01-01,대여소별 이용정보 22.1.csv
영등포구,영남1팀,4565. 영등포 신세계백화점,1899,2022-01-01,대여소별 이용정보 22.1.csv
강서구,개화2팀,5052. 마곡역 7번출구,1907,2022-01-01,대여소별 이용정보 22.1.csv
강서구,개화1팀,1166. 강서구립등빛도서관,1908,2022-01-01,대여소별 이용정보 22.1.csv
광진구,중랑1팀,3571.화양 APT(횡단보도 옆),1924,2022-01-01,대여소별 이용정보 22.1.csv
강서구,개화2팀,1167. 마곡수명산파크3단지 교차로,1939,2022-01-01,대여소별 이용정보 22.1.csv
강서구,개화2팀,1125. 명덕고교입구(영종빌딩),1954,2022-01-01,대여소별 이용정보 22.1.csv
성동구,중랑2팀,509. 이마트 버스정류소 옆,1961,2022-01-01,대여소별 이용정보 22.1.csv
송파구,천호2팀,2620. 송파나루역 4번 출구옆,1962,2022-01-01,대여소별 이용정보 22.1.csv
관악구,영남2팀,2183. 동방1교,1970,2022-01-01,대여소별 이용정보 22.1.csv
강동구,천호1팀,1009. 천호역4번출구(현대백화점),1971,2022-01-01,대여소별 이용정보 22.1.csv
광진구,중랑1팀,3518. 군자역 7번출구뒤,1976,2022-01-01,대여소별 이용정보 22.1.csv
송파구,천호2팀,2622. 올림픽공원역 3번출구,1989,2022-01-01,대여소별 이용정보 22.1.csv
영등포구,영남3팀,274. 영등포역지하쇼핑센타 5번출구,1989,2022-01-01,대여소별 이용정보 22.1.csv
양천구,영남1팀,769.CBS방송국 앞,1992,2022-01-01,대여소별 이용정보 22.1.csv
영등포구,영남1팀,262. 영문초등학교 사거리,2013,2022-01-01,대여소별 이용정보 22.1.csv
양천구,영남1팀,708. 서울출입국관리사무소 앞,2018,2022-01-01,대여소별 이용정보 22.1.csv
송파구,천호2팀,2608. 송파구청,2026,2022-01-01,대여소별 이용정보 22.1.csv
강서구,개화1팀,2720.힐스테이트에코,2046,2022-01-01,대여소별 이용정보 22.1.csv
강서구,개화2팀,2733.마곡13단지 정문 앞,2051,2022-01-01,대여소별 이용정보 22.1.csv
성동구,중랑2팀,589. 성수역3번출구,2087,2022-01-01,대여소별 이용정보 22.1.csv
양천구,영남1팀,703. 오목교역 7번출구 앞,2102,2022-01-01,대여소별 이용정보 22.1.csv
관악구,영남2팀,2173. 당곡사거리,2125,2022-01-01,대여소별 이용정보 22.1.csv
광진구,중랑1팀,3533. 건대입구역 사거리(롯데백화점),2204,2022-01-01,대여소별 이용정보 22.1.csv
강서구,개화1팀,1149. 신방화역환승주차장,2207,2022-01-01,대여소별 이용정보 22.1.csv
강서구,개화1팀,1112. 마곡엠밸리4단지 정문,2244,2022-01-01,대여소별 이용정보 22.1.csv
성북구,훈련원2팀,1308. 안암로터리 버스정류장 앞,2270,2022-01-01,대여소별 이용정보 22.1.csv
양천구,영남1팀,792.목동트라팰리스 웨스턴에비뉴,2306,2022-01-01,대여소별 이용정보 22.1.csv
강서구,개화1팀,2744.강서세무서 앞,2314,2022-01-01,대여소별 이용정보 22.1.csv
성동구,중랑2팀,567. 성수역 2번출구 앞,2325,2022-01-01,대여소별 이용정보 22.1.csv
영등포구,영남3팀,210. IFC몰,2338,2022-01-01,대여소별 이용정보 22.1.csv
양천구,영남1팀,765. 오목교역 3번출구,2339,2022-01-01,대여소별 이용정보 22.1.csv
강서구,개화2팀,1152. 마곡역교차로,2343,2022-01-01,대여소별 이용정보 22.1.csv
구로구,천왕2팀,1906. 신도림역 1번 출구 앞,2349,2022-01-01,대여소별 이용정보 22.1.csv
노원구,도봉1팀,1637. KT 전화국 버스정류장 옆,2369,2022-01-01,대여소별 이용정보 22.1.csv
양천구,개화4팀,"785.양천구청, 보건소 사잇길",2459,2022-01-01,대여소별 이용정보 22.1.csv
강서구,개화2팀,1124. 발산역 6번 출구 뒤,2513,2022-01-01,대여소별 이용정보 22.1.csv
마포구,상암1팀,113. 홍대입구역 2번출구 앞,2522,2022-01-01,대여소별 이용정보 22.1.csv
마포구,상암1팀,4217. 한강공원 망원나들목,2574,2022-01-01,대여소별 이용정보 22.1.csv
동대문구,훈련원4팀,646. 장한평역 1번출구,2631,2022-01-01,대여소별 이용정보 22.1.csv
구로구,천왕2팀,1911. 구로디지털단지역 앞,2746,2022-01-01,대여소별 이용정보 22.1.csv
영등포구,영남1팀,247. 당산역 10번출구 앞,2817,2022-01-01,대여소별 이용정보 22.1.csv
영등포구,영남3팀,207. 여의나루역 1번출구 앞,2863,2022-01-01,대여소별 이용정보 22.1.csv
관악구,영남2팀,2102. 봉림교 교통섬,2870,2022-01-01,대여소별 이용정보 22.1.csv
광진구,중랑1팀,502. 뚝섬유원지역 1번출구 앞,2907,2022-01-01,대여소별 이용정보 22.1.csv
강서구,개화3팀,1158. 가양역 8번출구,3025,2022-01-01,대여소별 이용정보 22.1.csv
영등포구,영남1팀,230. 영등포구청역 1번출구,3074,2022-01-01,대여소별 이용정보 22.1.csv
관악구,영남2팀,2177. 신대방역 2번 출구,3124,2022-01-01,대여소별 이용정보 22.1.csv
양천구,영남1팀,770.목동역5번출구 교통정보센터 앞,3208,2022-01-01,대여소별 이용정보 22.1.csv
강서구,개화1팀,2728.마곡나루역 3번 출구,3229,2022-01-01,대여소별 이용정보 22.1.csv
강서구,개화1팀,"1153. 발산역 1번, 9번 인근 대여소",3368,2022-01-01,대여소별 이용정보 22.1.csv
송파구,천호2팀,1210. 롯데월드타워(잠실역2번출구 쪽),3728,2022-01-01,대여소별 이용정보 22.1.csv
강서구,개화1팀,2701. 마곡나루역 5번출구 뒤편,4572,2022-01-01,대여소별 이용정보 22.1.csv
강서구,개화1팀,2715.마곡나루역 2번 출구,5547,2022-01-01,대여소별 이용정보 22.1.csv
서초구,이수1팀,4314. 탑성마을 버스정거장 옆,2,2022-02-01,대여소별 이용정보 22.2.csv
서초구,이수1팀,4322.서울추모공원 입구,2,2022-02-01,대여소별 이용정보 22.2.csv
동작구,영남2팀,2063. 대방역 4번출구,3,2022-02-01,대여소별 이용정보 22.2.csv
서초구,이수1팀,2288. 안골마을입구,6,2022-02-01,대여소별 이용정보 22.2.csv
성동구,테스트,9980. 에이텍,7,2022-02-01,대여소별 이용정보 22.2.csv
서대문구,상암2팀,4265. 안산초등학교 앞,7,2022-02-01,대여소별 이용정보 22.2.csv
강남구,학여울1팀,2391. 구룡터널 입구(개포1단지아파트),11,2022-02-01,대여소별 이용정보 22.2.csv
중랑구,중랑3팀,4840. 서울시 북부병원 앞,12,2022-02-01,대여소별 이용정보 22.2.csv
노원구,도봉2팀,1680. 삼육대 제3과학관,16,2022-02-01,대여소별 이용정보 22.2.csv
서초구,이수1팀,2536.서초종합체육관 입구,18,2022-02-01,대여소별 이용정보 22.2.csv
서초구,이수1팀,2275. 염곡치안센터 건너편,19,2022-02-01,대여소별 이용정보 22.2.csv
강동구,천호1팀,3677. 강동구음식물재활용센터,21,2022-02-01,대여소별 이용정보 22.2.csv
금천구,천왕3팀,3971. 순흥안씨묘 건너편,23,2022-02-01,대여소별 이용정보 22.2.csv
강남구,이수1팀,2393. 구룡사 앞 교차로 (보도육교),24,2022-02-01,대여소별 이용정보 22.2.csv
송파구,학여울2팀,2612. 문정·가락 대여소 앞,24,2022-02-01,대여소별 이용정보 22.2.csv
서초구,이수1팀,2287. 능안마을입구,24,2022-02-01,대여소별 이용정보 22.2.csv
서초구,이수1팀,2286. 탑성마을입구,25,2022-02-01,대여소별 이용정보 22.2.csv
성동구,중랑2팀,3527. 왕십리 자이아파트,27,2022-02-01,대여소별 이용정보 22.2.csv
은평구,상암3팀,991.흥국사 정류장,27,2022-02-01,대여소별 이용정보 22.2.csv
광진구,중랑1팀,3878. 장로회신학대학교 주기철 기념관,28,2022-02-01,대여소별 이용정보 22.2.csv
강남구,학여울2팀,2343. 세곡사거리 대왕파출소 앞,31,2022-02-01,대여소별 이용정보 22.2.csv
서초구,이수1팀,2201. 본마을 정류소 앞,32,2022-02-01,대여소별 이용정보 22.2.csv
중랑구,중랑3팀,4830. 신내 우디안 111동 앞,33,2022-02-01,대여소별 이용정보 22.2.csv
송파구,천호2팀,4853. 송파 안전체험교육관,34,2022-02-01,대여소별 이용정보 22.2.csv
금천구,천왕3팀,3970. 시흥4동주민센터 앞,35,2022-02-01,대여소별 이용정보 22.2.csv
서초구,이수1팀,2541.옛골 입구,35,2022-02-01,대여소별 이용정보 22.2.csv
은평구,상암3팀,938. 금암 문화공원,37,2022-02-01,대여소별 이용정보 22.2.csv
성동구,중랑2팀,564. 금호역 3번출구,37,2022-02-01,대여소별 이용정보 22.2.csv
서초구,이수1팀,4310. 염곡동(염통골) 입구,38,2022-02-01,대여소별 이용정보 22.2.csv
서초구,이수1팀,4323. 내곡도서관,39,2022-02-01,대여소별 이용정보 22.2.csv
양천구,개화4팀,4523. 구립양천어르신요양센터,39,2022-02-01,대여소별 이용정보 22.2.csv
노원구,도봉2팀,1675. 월계문화체육센터,39,2022-02-01,대여소별 이용정보 22.2.csv
강남구,학여울1팀,3648. 구룡역 4번 출구,43,2022-02-01,대여소별 이용정보 22.2.csv
은평구,상암3팀,937. 상림마을 롯데캐슬2단지 옆,43,2022-02-01,대여소별 이용정보 22.2.csv
종로구,세종로1팀,447. 신영동삼거리,44,2022-02-01,대여소별 이용정보 22.2.csv
종로구,세종로1팀,462. 신영동삼거리(북악터널방향),45,2022-02-01,대여소별 이용정보 22.2.csv
관악구,영남2팀,3306.서울신우초등학교,46,2022-02-01,대여소별 이용정보 22.2.csv
종로구,세종로1팀,4702. 평창동 주민센터,46,2022-02-01,대여소별 이용정보 22.2.csv
중랑구,중랑3팀,4839. 혜원사거리 열정분식소 앞,48,2022-02-01,대여소별 이용정보 22.2.csv
노원구,도봉2팀,4044. 공릉산 백세문 입구,48,2022-02-01,대여소별 이용정보 22.2.csv
구로구,천왕1팀,2816.항동지구 8단지 803동옆(주차장입구),48,2022-02-01,대여소별 이용정보 22.2.csv
성동구,중랑2팀,3538. 서울숲 IT캐슬,48,2022-02-01,대여소별 이용정보 22.2.csv
강남구,학여울1팀,2395. 개포1단지아파트 입구 (보도육교),49,2022-02-01,대여소별 이용정보 22.2.csv
성동구,중랑2팀,4363. 신금호역 2번출구 앞,49,2022-02-01,대여소별 이용정보 22.2.csv
송파구,천호2팀,4879. 마천청소년센터,50,2022-02-01,대여소별 이용정보 22.2.csv
서초구,이수3팀,2527.반포중학교 앞(세화여고 맞은편),51,2022-02-01,대여소별 이용정보 22.2.csv
종로구,세종로1팀,4709. 천지인 오피스텔 앞,51,2022-02-01,대여소별 이용정보 22.2.csv
성북구,훈련원2팀,4420. 성북구 한예종 캠퍼스 별관,51,2022-02-01,대여소별 이용정보 22.2.csv
서초구,이수2팀,2289. 남태령역 2번출구,52,2022-02-01,대여소별 이용정보 22.2.csv
강동구,천호1팀,3652. 한영외국어고등학교,53,2022-02-01,대여소별 이용정보 22.2.csv
성북구,훈련원2팀,4419. 성북구 한예종 캠퍼스 본관,53,2022-02-01,대여소별 이용정보 22.2.csv
서초구,이수2팀,2506. LG유플러스 (방배사옥),53,2022-02-01,대여소별 이용정보 22.2.csv
중랑구,중랑3팀,1424. 양원역 2번출구,53,2022-02-01,대여소별 이용정보 22.2.csv
강남구,학여울2팀,3610. 윗반마을 입구,54,2022-02-01,대여소별 이용정보 22.2.csv
성동구,중랑2팀,3532. 왕십리KCC스위첸아파트,54,2022-02-01,대여소별 이용정보 22.2.csv
성북구,훈련원2팀,4415. 미아초교버스승강장,54,2022-02-01,대여소별 이용정보 22.2.csv
구로구,천왕1팀,2813.항동지구 3단지 302동 앞,54,2022-02-01,대여소별 이용정보 22.2.csv
영등포구,영남3팀,4582. 국회도서관,55,2022-02-01,대여소별 이용정보 22.2.csv
강남구,학여울2팀,3624. 대모산입구역 7번 출구 앞,55,2022-02-01,대여소별 이용정보 22.2.csv
서대문구,상암2팀,4264. 홍남교 버스정류장,56,2022-02-01,대여소별 이용정보 22.2.csv
영등포구,영남3팀,5852. 대림동현대2차 201동 앞,56,2022-02-01,대여소별 이용정보 22.2.csv
용산구,세종로3팀,859.남산공원 야외식물원 앞,56,2022-02-01,대여소별 이용정보 22.2.csv
강남구,학여울2팀,2425.세곡동 사거리(대왕초등학교 정류장),56,2022-02-01,대여소별 이용정보 22.2.csv
성동구,중랑2팀,3561.행당동 삼부APT후문,56,2022-02-01,대여소별 이용정보 22.2.csv
구로구,천왕1팀,1951. 천왕이펜하우스 4단지 후문,57,2022-02-01,대여소별 이용정보 22.2.csv
도봉구,도봉3팀,1730. 도봉산역 교차로 앞,58,2022-02-01,대여소별 이용정보 22.2.csv
송파구,천호2팀,2609. 보성중고등학교 후문 앞,58,2022-02-01,대여소별 이용정보 22.2.csv
강동구,천호1팀,1039. 고덕초등학교,58,2022-02-01,대여소별 이용정보 22.2.csv
용산구,세종로3팀,854.HID 유족동지회 앞,58,2022-02-01,대여소별 이용정보 22.2.csv
성북구,훈련원2팀,1392.돈암삼성풍림아파트,58,2022-02-01,대여소별 이용정보 22.2.csv
동작구,이수2팀,2079.중앙대학교 중앙광장,59,2022-02-01,대여소별 이용정보 22.2.csv
관악구,이수2팀,2199.신봉천주유소 A,59,2022-02-01,대여소별 이용정보 22.2.csv
관악구,이수2팀,3802. 관악구민체육센터,60,2022-02-01,대여소별 이용정보 22.2.csv
서초구,이수1팀,2207. 내곡파출소 뒤 정자,60,2022-02-01,대여소별 이용정보 22.2.csv
용산구,세종로3팀,4612. 한남 준 J.FSS 앞,60,2022-02-01,대여소별 이용정보 22.2.csv
강동구,천호1팀,3672. 고덕중학교 후문,61,2022-02-01,대여소별 이용정보 22.2.csv
강동구,천호1팀,1089.고덕 래미안힐스테이트(201동),61,2022-02-01,대여소별 이용정보 22.2.csv
서초구,이수1팀,2257. 청계산 입구 삼거리,62,2022-02-01,대여소별 이용정보 22.2.csv
노원구,도봉2팀,1679. 삼육대 도서관,62,2022-02-01,대여소별 이용정보 22.2.csv
서초구,이수3팀,2526.반포경남쇼핑 앞,62,2022-02-01,대여소별 이용정보 22.2.csv
용산구,세종로3팀,865.하얏트호텔 앞,62,2022-02-01,대여소별 이용정보 22.2.csv
송파구,천호2팀,4896. 위례포레샤인15단지,63,2022-02-01,대여소별 이용정보 22.2.csv
중랑구,중랑3팀,1467.sk신내 주유소앞(용마산로),63,2022-02-01,대여소별 이용정보 22.2.csv
은평구,상암3팀,968. 은평뉴타운 상림마을 13단지,63,2022-02-01,대여소별 이용정보 22.2.csv
구로구,천왕1팀,1969. 궁동생태공원,63,2022-02-01,대여소별 이용정보 22.2.csv
서초구,이수3팀,4305. 서일스포츠센터,63,2022-02-01,대여소별 이용정보 22.2.csv
은평구,상암3팀,924. 메뚜기다리,63,2022-02-01,대여소별 이용정보 22.2.csv
강동구,천호1팀,1082.중앙보훈병원역3번출구,63,2022-02-01,대여소별 이용정보 22.2.csv
구로구,천왕1팀,2806.항동지구 4단지 입구,63,2022-02-01,대여소별 이용정보 22.2.csv
구로구,천왕1팀,2805.구로자원순환센터,64,2022-02-01,대여소별 이용정보 22.2.csv
구로구,천왕1팀,2814.항동지구 10단지 1001동 앞,64,2022-02-01,대여소별 이용정보 22.2.csv
구로구,천왕1팀,2810.항동지구 3단지 311동 앞,64,2022-02-01,대여소별 이용정보 22.2.csv
서초구,이수3팀,4324. 세화고등학교,65,2022-02-01,대여소별 이용정보 22.2.csv
성북구,훈련원2팀,1379.길음뉴타운푸르지오아파트 3단지,65,2022-02-01,대여소별 이용정보 22.2.csv
금천구,천왕3팀,1861.IBK기업은행 석수역 지점 앞,65,2022-02-01,대여소별 이용정보 22.2.csv
광진구,중랑1팀,3563.구의7단지현대아파트,65,2022-02-01,대여소별 이용정보 22.2.csv
관악구,영남2팀,2141. 미림여고입구 교차로,66,2022-02-01,대여소별 이용정보 22.2.csv
마포구,상암1팀,3003.래미안신공덕3차아파트,66,2022-02-01,대여소별 이용정보 22.2.csv
서초구,이수3팀,2532.국립국악원 앞,66,2022-02-01,대여소별 이용정보 22.2.csv
성동구,중랑2팀,523. 옥수동성당 옆,67,2022-02-01,대여소별 이용정보 22.2.csv
양천구,개화2팀,4519. 양원보도육교,68,2022-02-01,대여소별 이용정보 22.2.csv
송파구,천호2팀,4888. 둔촌오륜역 2번출구,69,2022-02-01,대여소별 이용정보 22.2.csv
중랑구,중랑3팀,1445. 용마지구대,69,2022-02-01,대여소별 이용정보 22.2.csv
성북구,훈련원2팀,1352. e 편한세상 보문아파트 내,70,2022-02-01,대여소별 이용정보 22.2.csv
강북구,도봉4팀,1572. 우이동 먹거리마을,70,2022-02-01,대여소별 이용정보 22.2.csv
금천구,천왕3팀,3974. 안천중학교,70,2022-02-01,대여소별 이용정보 22.2.csv
강남구,학여울1팀,2304. 대현그린타워,70,2022-02-01,대여소별 이용정보 22.2.csv
서초구,이수1팀,2248. 서초리슈빌S 글로벌 앞,71,2022-02-01,대여소별 이용정보 22.2.csv
성동구,중랑2팀,569. 응봉현대아파트 정류소,71,2022-02-01,대여소별 이용정보 22.2.csv
종로구,세종로2팀,465. 삼청공원 앞,71,2022-02-01,대여소별 이용정보 22.2.csv
송파구,학여울2팀,1242. 문정 법조단지6,72,2022-02-01,대여소별 이용정보 22.2.csv
동작구,이수2팀,2068. 총신대 앞(육교),72,2022-02-01,대여소별 이용정보 22.2.csv
중구,세종로 4팀,4782. 서소문역사공원,72,2022-02-01,대여소별 이용정보 22.2.csv
강남구,학여울2팀,2403. 공무원연금매점 교차로 (개포주공9단지 입구),72,2022-02-01,대여소별 이용정보 22.2.csv
강남구,학여울2팀,3602. 한국지역난방공사강남지사,74,2022-02-01,대여소별 이용정보 22.2.csv
금천구,천왕3팀,1855. 성지아파트 옆 도로변,75,2022-02-01,대여소별 이용정보 22.2.csv
용산구,세종로3팀,812. 용산전쟁기념관,75,2022-02-01,대여소별 이용정보 22.2.csv
성동구,중랑2팀,556. 달맞이공원,76,2022-02-01,대여소별 이용정보 22.2.csv
금천구,천왕3팀,3972. 산기슭공원 앞,76,2022-02-01,대여소별 이용정보 22.2.csv
용산구,세종로3팀,855.이촌역5번출구 앞,77,2022-02-01,대여소별 이용정보 22.2.csv
중구,세종로 4팀,4760. 서울역 7번출구,77,2022-02-01,대여소별 이용정보 22.2.csv
송파구,천호2팀,4883. 위례포레샤인18단지 1812동,77,2022-02-01,대여소별 이용정보 22.2.csv
성북구,훈련원2팀,1376. 한국과학기술연구원 중문,78,2022-02-01,대여소별 이용정보 22.2.csv
동작구,이수2팀,2040. 비계 버스정류소,79,2022-02-01,대여소별 이용정보 22.2.csv
서대문구,상암1팀,3117.이화여대 인문관 인근,79,2022-02-01,대여소별 이용정보 22.2.csv
중구,훈련원1팀,4777. 약수동 주민센터,79,2022-02-01,대여소별 이용정보 22.2.csv
관악구,이수2팀,3810. 신봉천주유소 B,79,2022-02-01,대여소별 이용정보 22.2.csv
구로구,천왕1팀,2809.항동지구 11단지 1103동 앞,79,2022-02-01,대여소별 이용정보 22.2.csv
구로구,천왕1팀,3911. 항동하버리안2단지아파트 후문,80,2022-02-01,대여소별 이용정보 22.2.csv
강동구,천호1팀,1052. 리싸이클시티,80,2022-02-01,대여소별 이용정보 22.2.csv
강남구,학여울2팀,2383. 보금자리정원,80,2022-02-01,대여소별 이용정보 22.2.csv
강동구,천호1팀,1062. 고덕숲 아이파크 2,81,2022-02-01,대여소별 이용정보 22.2.csv
강동구,천호1팀,1066.생태공원앞 교차로(조명탑),81,2022-02-01,대여소별 이용정보 22.2.csv
종로구,훈련원1팀,3418.창신역2번 출구,81,2022-02-01,대여소별 이용정보 22.2.csv
종로구,세종로1팀,3429.HW컨벤션센터 앞,81,2022-02-01,대여소별 이용정보 22.2.csv
강남구,학여울1팀,2354. 청담역 2번출구,81,2022-02-01,대여소별 이용정보 22.2.csv
서초구,이수2팀,2225.백석예술대학교 제3캠퍼스 앞,81,2022-02-01,대여소별 이용정보 22.2.csv
강서구,개화1팀,1200. 개화광역환승센터,82,2022-02-01,대여소별 이용정보 22.2.csv
중랑구,중랑3팀,1422. 신내우디안아파트 1단지,82,2022-02-01,대여소별 이용정보 22.2.csv
강동구,천호1팀,3539. 서원마을,82,2022-02-01,대여소별 이용정보 22.2.csv
용산구,세종로 4팀,827. 국군복지단,82,2022-02-01,대여소별 이용정보 22.2.csv
종로구,훈련원1팀,3404.서울특별시 중부교육지원청,83,2022-02-01,대여소별 이용정보 22.2.csv
서초구,이수1팀,4319. 삼성전자R&D어린이집 뒤,83,2022-02-01,대여소별 이용정보 22.2.csv
서초구,이수1팀,4309. 서초케이타운앞,83,2022-02-01,대여소별 이용정보 22.2.csv
강남구,학여울1팀,3647. 구룡역 1번 출구,83,2022-02-01,대여소별 이용정보 22.2.csv
강서구,개화1팀,3781. 강서아동복지센터,84,2022-02-01,대여소별 이용정보 22.2.csv
은평구,상암3팀,974.연신초등학교옆 마을마당,85,2022-02-01,대여소별 이용정보 22.2.csv
송파구,학여울2팀,2659.서울친환경유통센터,85,2022-02-01,대여소별 이용정보 22.2.csv
강남구,학여울1팀,3622. 은마아파트입구 사거리(1),85,2022-02-01,대여소별 이용정보 22.2.csv
강남구,학여울2팀,2376. 수서역 6번출구 앞,85,2022-02-01,대여소별 이용정보 22.2.csv
용산구,세종로 4팀,4617. 동원베네스트 건너편,86,2022-02-01,대여소별 이용정보 22.2.csv
영등포구,영남3팀,200. 국회의원회관,86,2022-02-01,대여소별 이용정보 22.2.csv
강북구,도봉4팀,1550.삼각산아이원아파트(105동 옆),86,2022-02-01,대여소별 이용정보 22.2.csv
용산구,세종로3팀,4622. 한강중학교 앞 버스정류장,86,2022-02-01,대여소별 이용정보 22.2.csv
마포구,상암1팀,4239. 성산2동 주민센터,87,2022-02-01,대여소별 이용정보 22.2.csv
용산구,세종로3팀,4611. 국제루터교회 앞,87,2022-02-01,대여소별 이용정보 22.2.csv
관악구,이수2팀,2130. 영어마을 관악캠프,87,2022-02-01,대여소별 이용정보 22.2.csv
구로구,천왕1팀,3915. 동선아파트 앞,90,2022-02-01,대여소별 이용정보 22.2.csv
마포구,상암1팀,422. 문화비축기지,90,2022-02-01,대여소별 이용정보 22.2.csv
용산구,세종로3팀,4609. 파크타워 104동 앞,91,2022-02-01,대여소별 이용정보 22.2.csv
은평구,상암3팀,969. 은평 지웰테라스,91,2022-02-01,대여소별 이용정보 22.2.csv
용산구,세종로3팀,803. 한남초교 앞 보도육교,92,2022-02-01,대여소별 이용정보 22.2.csv
송파구,천호2팀,1283. 오금공원 사거리,92,2022-02-01,대여소별 이용정보 22.2.csv
금천구,천왕3팀,1866.서울안천초등학교 옆,93,2022-02-01,대여소별 이용정보 22.2.csv
강남구,학여울1팀,2392. 구룡산 입구 (구룡산 서울둘레길 입구),93,2022-02-01,대여소별 이용정보 22.2.csv
성북구,훈련원2팀,1377. 한국과학기술연구원 북문,93,2022-02-01,대여소별 이용정보 22.2.csv
동대문구,훈련원4팀,681.서울특별시 동부교육지원청(육교),94,2022-02-01,대여소별 이용정보 22.2.csv
광진구,중랑1팀,3524. 세종대학교,94,2022-02-01,대여소별 이용정보 22.2.csv
송파구,학여울2팀,1250.문정2동 주민센터,96,2022-02-01,대여소별 이용정보 22.2.csv
동작구,이수2팀,2078.흑석 아크로리버하임(103동),96,2022-02-01,대여소별 이용정보 22.2.csv
강남구,학여울1팀,3616. 역삼중학교 앞(체육관 방향),97,2022-02-01,대여소별 이용정보 22.2.csv
서초구,이수1팀,2256.양재동 꽃시장 입구,97,2022-02-01,대여소별 이용정보 22.2.csv
성동구,중랑2팀,3551.성동도로사업소,99,2022-02-01,대여소별 이용정보 22.2.csv
강남구,학여울1팀,3620. 청담역 11번 출구,99,2022-02-01,대여소별 이용정보 22.2.csv
은평구,상암3팀,4668. 기자촌사거리,99,2022-02-01,대여소별 이용정보 22.2.csv
은평구,상암3팀,966. 서울혁신파크1,99,2022-02-01,대여소별 이용정보 22.2.csv
송파구,천호2팀,4479. 문정중학교,100,2022-02-01,대여소별 이용정보 22.2.csv
종로구,훈련원1팀,3401.창신두산아파트,100,2022-02-01,대여소별 이용정보 22.2.csv
동작구,영남2팀,2096.서울특별시 동작관악교육지원청,101,2022-02-01,대여소별 이용정보 22.2.csv
서초구,이수3팀,4315. 이투스교육 앞,101,2022-02-01,대여소별 이용정보 22.2.csv
구로구,천왕1팀,2817.천왕이펜하우스5단지 앞,102,2022-02-01,대여소별 이용정보 22.2.csv
강동구,천호1팀,3692. 둔촌오륜역 1번 출구,102,2022-02-01,대여소별 이용정보 22.2.csv
노원구,도봉2팀,4021. 중계본동 입구,102,2022-02-01,대여소별 이용정보 22.2.csv
서초구,이수1팀,2249. 우솔초등학교 맞은편,102,2022-02-01,대여소별 이용정보 22.2.csv
영등포구,영남3팀,4584. 국회2문,103,2022-02-01,대여소별 이용정보 22.2.csv
종로구,세종로1팀,3430.구기치안센터 앞,103,2022-02-01,대여소별 이용정보 22.2.csv
구로구,천왕1팀,3910. 목양전원교회 앞 로터리,103,2022-02-01,대여소별 이용정보 22.2.csv
금천구,천왕3팀,1852. 혜명양로원 담장 옆,103,2022-02-01,대여소별 이용정보 22.2.csv
성북구,훈련원2팀,1342. 성북쉼터 앞,104,2022-02-01,대여소별 이용정보 22.2.csv
강남구,학여울1팀,4902. 구역삼세무서 교차로,104,2022-02-01,대여소별 이용정보 22.2.csv
강남구,학여울1팀,2386. 크린랩 본사,104,2022-02-01,대여소별 이용정보 22.2.csv
중랑구,중랑3팀,1406. 망우청소년수련관,104,2022-02-01,대여소별 이용정보 22.2.csv
강북구,도봉4팀,3714. 송천센트레빌,106,2022-02-01,대여소별 이용정보 22.2.csv
중랑구,중랑3팀,4838.동원사거리 행복오피스텔 앞,106,2022-02-01,대여소별 이용정보 22.2.csv
동작구,이수2팀,2064. 흑석한강푸르지오 106동앞,106,2022-02-01,대여소별 이용정보 22.2.csv
강남구,학여울1팀,2390. 구룡마을 입구 (래미안블레스티지 아파트),107,2022-02-01,대여소별 이용정보 22.2.csv
중랑구,중랑3팀,4834. 용마복지센터 앞,107,2022-02-01,대여소별 이용정보 22.2.csv
은평구,상암3팀,992.북한산입구 정류장,107,2022-02-01,대여소별 이용정보 22.2.csv
중구,훈련원1팀,381. 장충체육관,107,2022-02-01,대여소별 이용정보 22.2.csv
서초구,이수3팀,2517.서초3교(효령로69길 방면),108,2022-02-01,대여소별 이용정보 22.2.csv
종로구,세종로1팀,3428.서울미술관,108,2022-02-01,대여소별 이용정보 22.2.csv
영등포구,영남3팀,4583. 의정관,108,2022-02-01,대여소별 이용정보 22.2.csv
영등포구,영남3팀,4585. 국회6문,108,2022-02-01,대여소별 이용정보 22.2.csv
은평구,상암3팀,977.신도중학교앞,108,2022-02-01,대여소별 이용정보 22.2.csv
중랑구,중랑3팀,1453. 중랑캠핑숲,109,2022-02-01,대여소별 이용정보 22.2.csv
용산구,세종로3팀,4610. 한남나인원 105동 앞,109,2022-02-01,대여소별 이용정보 22.2.csv
강서구,개화1팀,2716.롯데 R&D 센터,110,2022-02-01,대여소별 이용정보 22.2.csv
강남구,학여울1팀,2427.개포고등학교 정문앞,110,2022-02-01,대여소별 이용정보 22.2.csv
마포구,상암1팀,4247. 서울서부지방법원등기국앞,110,2022-02-01,대여소별 이용정보 22.2.csv
종로구,세종로1팀,486. 평창동주민센터 앞,110,2022-02-01,대여소별 이용정보 22.2.csv
노원구,도봉1팀,4043. 상계주공13단지 1301동,110,2022-02-01,대여소별 이용정보 22.2.csv
강남구,학여울1팀,2334. 삼호아파트 2동 ( 간선도로),110,2022-02-01,대여소별 이용정보 22.2.csv
중구,세종로 4팀,384. 종로학원본원,111,2022-02-01,대여소별 이용정보 22.2.csv
금천구,천왕3팀,1864.산호시티빌 옆,112,2022-02-01,대여소별 이용정보 22.2.csv
강남구,학여울1팀,3615. 서울 논현동우체국 앞,112,2022-02-01,대여소별 이용정보 22.2.csv
은평구,상암3팀,995.은평다목적체육관,112,2022-02-01,대여소별 이용정보 22.2.csv
서초구,이수3팀,2533.한가람미술관 앞,112,2022-02-01,대여소별 이용정보 22.2.csv
강남구,학여울1팀,3649. 구룡역 5번 출구,113,2022-02-01,대여소별 이용정보 22.2.csv
성북구,훈련원2팀,1366. 일신초등학교 옆,113,2022-02-01,대여소별 이용정보 22.2.csv
송파구,천호2팀,1291. 서울체육고등학교 앞,114,2022-02-01,대여소별 이용정보 22.2.csv
성북구,훈련원2팀,1315. 고려사대부속중고 정문,114,2022-02-01,대여소별 이용정보 22.2.csv
강남구,학여울2팀,3611. 방죽마을 입구,114,2022-02-01,대여소별 이용정보 22.2.csv
마포구,상암1팀,4244. 당인리발전소 공원 앞,116,2022-02-01,대여소별 이용정보 22.2.csv
영등포구,영남3팀,297.국회3문,116,2022-02-01,대여소별 이용정보 22.2.csv
강동구,천호1팀,1038. 강일 다솜 어린이 공원,116,2022-02-01,대여소별 이용정보 22.2.csv
강남구,학여울2팀,3637. 세곡데이케어센터,117,2022-02-01,대여소별 이용정보 22.2.csv
동작구,이수2팀,2061. 한강 현대아파트 건너편,117,2022-02-01,대여소별 이용정보 22.2.csv
중구,세종로2팀,466.롯데호텔,117,2022-02-01,대여소별 이용정보 22.2.csv
구로구,천왕1팀,2807.항동지구 1단지 105동 앞,117,2022-02-01,대여소별 이용정보 22.2.csv
동대문구,훈련원4팀,616. 서울시립대 앞,117,2022-02-01,대여소별 이용정보 22.2.csv
중구,세종로 4팀,443.호암아트홀,117,2022-02-01,대여소별 이용정보 22.2.csv
용산구,세종로 4팀,823. 효창동주민센터 앞,118,2022-02-01,대여소별 이용정보 22.2.csv
용산구,세종로3팀,4608. 국립중앙박물관 정문 앞,118,2022-02-01,대여소별 이용정보 22.2.csv
구로구,천왕1팀,2808.항동지구 2단지 202동 앞,119,2022-02-01,대여소별 이용정보 22.2.csv
강남구,학여울1팀,2417.선정릉 디캠프(D.CAMP)앞,120,2022-02-01,대여소별 이용정보 22.2.csv
용산구,세종로 4팀,4604. 원효로다목적체육관 앞,120,2022-02-01,대여소별 이용정보 22.2.csv
중구,세종로 4팀,4766. 서소문성지역사박물관,120,2022-02-01,대여소별 이용정보 22.2.csv
강남구,학여울1팀,2318. 삼성중앙역4번출구(문화센터더 리빌),120,2022-02-01,대여소별 이용정보 22.2.csv
서대문구,상암2팀,4262. 서대문자연사박물관 입구,121,2022-02-01,대여소별 이용정보 22.2.csv
서초구,이수3팀,2519.서초2교(사임당로 방면),121,2022-02-01,대여소별 이용정보 22.2.csv
송파구,학여울2팀,4488. 문현중.고등학교 사이,121,2022-02-01,대여소별 이용정보 22.2.csv
마포구,상암1팀,491.월드컵파크 4단지,121,2022-02-01,대여소별 이용정보 22.2.csv
송파구,학여울2팀,4885. 가든파이브 리빙관,121,2022-02-01,대여소별 이용정보 22.2.csv
영등포구,영남3팀,295.영등포공원 분수대 앞,122,2022-02-01,대여소별 이용정보 22.2.csv
서초구,이수1팀,2270. 서초포레스타 7단지,123,2022-02-01,대여소별 이용정보 22.2.csv
동작구,이수2팀,2093.상도SH빌아파트 입구,123,2022-02-01,대여소별 이용정보 22.2.csv
구로구,천왕1팀,3902. 항동지구5단지 501동 앞,123,2022-02-01,대여소별 이용정보 22.2.csv
용산구,세종로3팀,869.노들섬 동측 앞,123,2022-02-01,대여소별 이용정보 22.2.csv
강북구,도봉4팀,1573.현대성우아파트 옆,123,2022-02-01,대여소별 이용정보 22.2.csv
금천구,천왕3팀,3967. 혜명양로원 담장 옆(2),124,2022-02-01,대여소별 이용정보 22.2.csv
구로구,천왕1팀,3917. 성공회대학교,124,2022-02-01,대여소별 이용정보 22.2.csv
중랑구,중랑3팀,4802. 새우개마을,124,2022-02-01,대여소별 이용정보 22.2.csv
중구,세종로 4팀,484.도동삼거리,124,2022-02-01,대여소별 이용정보 22.2.csv
동작구,영남2팀,4158. 노량진근린공원,125,2022-02-01,대여소별 이용정보 22.2.csv
송파구,학여울2팀,4863. 잠실나들목5,125,2022-02-01,대여소별 이용정보 22.2.csv
용산구,세종로 4팀,4625. 용산공원갤러리앞,125,2022-02-01,대여소별 이용정보 22.2.csv
강남구,학여울1팀,3638. 신청담나들목,125,2022-02-01,대여소별 이용정보 22.2.csv
강남구,학여울1팀,2309. 청담역(우리들병원 앞),125,2022-02-01,대여소별 이용정보 22.2.csv
중구,세종로2팀,467.한국은행,125,2022-02-01,대여소별 이용정보 22.2.csv
은평구,상암3팀,4681.박석고개(은평소방서) 앞,126,2022-02-01,대여소별 이용정보 22.2.csv
서대문구,상암2팀,3111.무악재역 4번 출구,126,2022-02-01,대여소별 이용정보 22.2.csv
성동구,중랑2팀,534. 금호사거리,126,2022-02-01,대여소별 이용정보 22.2.csv
성동구,중랑2팀,3555.양지사거리(센트라스APT 115동앞),127,2022-02-01,대여소별 이용정보 22.2.csv
도봉구,도봉3팀,1703. 도봉산광역환승센터앞,127,2022-02-01,대여소별 이용정보 22.2.csv
서초구,이수3팀,2269. 주홍교 하부,127,2022-02-01,대여소별 이용정보 22.2.csv
구로구,천왕1팀,2818.천왕이펜하우스3단지 앞,127,2022-02-01,대여소별 이용정보 22.2.csv
강동구,천호1팀,1007.암사동 선사유적지,128,2022-02-01,대여소별 이용정보 22.2.csv
도봉구,도봉3팀,1731. 도봉고등학교 맞은편,128,2022-02-01,대여소별 이용정보 22.2.csv
송파구,천호2팀,4473. 마천금호어울림 1차 102동앞,128,2022-02-01,대여소별 이용정보 22.2.csv
강남구,학여울2팀,2344. 리엔파크 2단지 앞,129,2022-02-01,대여소별 이용정보 22.2.csv
노원구,도봉1팀,1678. 성서대학교 밀알관,129,2022-02-01,대여소별 이용정보 22.2.csv
금천구,천왕3팀,1847. 독산주공 14단지 버스정류소,129,2022-02-01,대여소별 이용정보 22.2.csv
중랑구,중랑3팀,1410. 면목 대원칸타빌아파트,129,2022-02-01,대여소별 이용정보 22.2.csv
금천구,천왕3팀,1858. 500번·507번 버스 종점 앞,129,2022-02-01,대여소별 이용정보 22.2.csv
중랑구,중랑3팀,4836. 양원역 1번 출구,130,2022-02-01,대여소별 이용정보 22.2.csv
강남구,학여울1팀,2307. 압구정 한양 3차 아파트,130,2022-02-01,대여소별 이용정보 22.2.csv
도봉구,도봉3팀,1756.서울북부광역등기국,130,2022-02-01,대여소별 이용정보 22.2.csv
강남구,이수1팀,3634. 국악고교 앞 교차로,131,2022-02-01,대여소별 이용정보 22.2.csv
강남구,학여울1팀,2305. MCM 본사 직영점 앞,131,2022-02-01,대여소별 이용정보 22.2.csv
용산구,세종로3팀,4613. 서울갤러리아 앞,131,2022-02-01,대여소별 이용정보 22.2.csv
강북구,도봉4팀,3703. 신성교회 앞,131,2022-02-01,대여소별 이용정보 22.2.csv
광진구,중랑1팀,3564.나루마당,132,2022-02-01,대여소별 이용정보 22.2.csv
송파구,천호2팀,4881. 거여동사거리 송파둘레길 입구,132,2022-02-01,대여소별 이용정보 22.2.csv
종로구,세종로1팀,3403.서울특별시 교육청,133,2022-02-01,대여소별 이용정보 22.2.csv
중랑구,중랑3팀,4829. 신내동 한살림 중랑지구 북축,133,2022-02-01,대여소별 이용정보 22.2.csv
서대문구,상암2팀,3126.남가좌동 제2공영주차장,133,2022-02-01,대여소별 이용정보 22.2.csv
강동구,천호1팀,1071.명일근린공원공동체텃밭,133,2022-02-01,대여소별 이용정보 22.2.csv
중랑구,중랑3팀,4821. 동원초등학교 정문 앞,133,2022-02-01,대여소별 이용정보 22.2.csv
강동구,천호1팀,1034. 고덕동 래미안 힐스테이트,134,2022-02-01,대여소별 이용정보 22.2.csv
마포구,상암1팀,489.구룡근린공원,134,2022-02-01,대여소별 이용정보 22.2.csv
송파구,학여울2팀,1241. 문정 법조단지5,134,2022-02-01,대여소별 이용정보 22.2.csv
중랑구,중랑3팀,1463.중랑구민회관,134,2022-02-01,대여소별 이용정보 22.2.csv
도봉구,도봉3팀,1723. 방학동학마을도서관,134,2022-02-01,대여소별 이용정보 22.2.csv
동작구,이수2팀,2092.흑석한강푸르지오(110동),134,2022-02-01,대여소별 이용정보 22.2.csv
중랑구,중랑3팀,1459. 용마한신아파트사거리,134,2022-02-01,대여소별 이용정보 22.2.csv
양천구,개화2팀,741. 화곡로 입구 교차로,135,2022-02-01,대여소별 이용정보 22.2.csv
강남구,학여울2팀,3612. 은곡마을,135,2022-02-01,대여소별 이용정보 22.2.csv
강북구,도봉4팀,1513. 강북구청 뒷편,135,2022-02-01,대여소별 이용정보 22.2.csv
은평구,상암3팀,928. 은평역사한옥박물관,135,2022-02-01,대여소별 이용정보 22.2.csv
강남구,학여울1팀,2329. 르네상스호텔사거리 역삼지하보도 2번출구,136,2022-02-01,대여소별 이용정보 22.2.csv
송파구,천호2팀,4892. 성내유수지 체육공원,136,2022-02-01,대여소별 이용정보 22.2.csv
서대문구,상암1팀,4266.국민연금공단충정로사옥,136,2022-02-01,대여소별 이용정보 22.2.csv
구로구,천왕1팀,2804.항동지구 6단지 602동 앞,136,2022-02-01,대여소별 이용정보 22.2.csv
서초구,이수2팀,2284. CJ오쇼핑앞,136,2022-02-01,대여소별 이용정보 22.2.csv
성북구,훈련원2팀,1314. 정릉꿈에그린1단지 201동 앞,137,2022-02-01,대여소별 이용정보 22.2.csv
금천구,천왕3팀,1820. 신한은행 시흥대로금융센터지점,138,2022-02-01,대여소별 이용정보 22.2.csv
서초구,이수3팀,4313. 반포종합운동장,138,2022-02-01,대여소별 이용정보 22.2.csv
강남구,이수3팀,2406. 논현동 광명빌딩 앞,138,2022-02-01,대여소별 이용정보 22.2.csv
강동구,천호1팀,3661. 명일동신동아아파트 앞,138,2022-02-01,대여소별 이용정보 22.2.csv
마포구,상암1팀,3006. 상암월드컵파크5단지(상암중학교),138,2022-02-01,대여소별 이용정보 22.2.csv
구로구,천왕2팀,2825.초롱타운 앞,139,2022-02-01,대여소별 이용정보 22.2.csv
중랑구,중랑3팀,1477.면목삼익아파트 앞,139,2022-02-01,대여소별 이용정보 22.2.csv
송파구,학여울2팀,2650.위례22단지 2208동 다리앞,139,2022-02-01,대여소별 이용정보 22.2.csv
은평구,상암3팀,4672. 준빌딩 앞,139,2022-02-01,대여소별 이용정보 22.2.csv
서초구,이수3팀,2210. 반포1동 주민센터 앞,140,2022-02-01,대여소별 이용정보 22.2.csv
강남구,학여울2팀,3641. 대청역,140,2022-02-01,대여소별 이용정보 22.2.csv
강서구,개화1팀,1105. 방화근린공원,141,2022-02-01,대여소별 이용정보 22.2.csv
송파구,천호2팀,1289. 풍납토성 서성벽터B,141,2022-02-01,대여소별 이용정보 22.2.csv
마포구,상암1팀,410. 상암중학교 옆,141,2022-02-01,대여소별 이용정보 22.2.csv
중구,세종로 4팀,4772. 중앙일보,141,2022-02-01,대여소별 이용정보 22.2.csv
구로구,천왕2팀,1979. 구로1동우체국 앞,141,2022-02-01,대여소별 이용정보 22.2.csv
강서구,개화1팀,1101. 개화동상사마을종점 버스정류장,141,2022-02-01,대여소별 이용정보 22.2.csv
은평구,상암2팀,4678. 백련산로 녹번센트레빌,141,2022-02-01,대여소별 이용정보 22.2.csv
중구,훈련원1팀,479.동대입구역 3번 출구,142,2022-02-01,대여소별 이용정보 22.2.csv
서초구,이수3팀,2545.국립중앙도서관(국제회의장옆),143,2022-02-01,대여소별 이용정보 22.2.csv
강동구,천호1팀,1054. 말우물 어린이 공원,143,2022-02-01,대여소별 이용정보 22.2.csv
노원구,도봉1팀,1652. 파르코 앞,143,2022-02-01,대여소별 이용정보 22.2.csv
은평구,상암3팀,973.제각말푸르지오 5-1단지 아파트,143,2022-02-01,대여소별 이용정보 22.2.csv
서초구,이수3팀,2548.반포1동 자율방범초소 옆,143,2022-02-01,대여소별 이용정보 22.2.csv
동작구,이수2팀,2083.흑석롯데캐슬에듀포레(107동),143,2022-02-01,대여소별 이용정보 22.2.csv
금천구,천왕3팀,1816. 금천폭포공원 앞,143,2022-02-01,대여소별 이용정보 22.2.csv
은평구,상암3팀,942. 상림마을 생태공원,144,2022-02-01,대여소별 이용정보 22.2.csv
서초구,이수3팀,2535.신반포역 3번출구 뒤,144,2022-02-01,대여소별 이용정보 22.2.csv
금천구,천왕3팀,1857. 주공14단지,144,2022-02-01,대여소별 이용정보 22.2.csv
중랑구,중랑3팀,1466.두산대림아파트 삼거리,144,2022-02-01,대여소별 이용정보 22.2.csv
서초구,이수3팀,2510. JW타워,145,2022-02-01,대여소별 이용정보 22.2.csv
강동구,천호1팀,1006. 롯데캐슬 115동앞,145,2022-02-01,대여소별 이용정보 22.2.csv
동작구,영남2팀,4162. 노량진1동 청소년독서실,145,2022-02-01,대여소별 이용정보 22.2.csv
강북구,도봉4팀,1541. 삼양역,145,2022-02-01,대여소별 이용정보 22.2.csv
광진구,중랑1팀,591. 건국대학교 (행정관),146,2022-02-01,대여소별 이용정보 22.2.csv
금천구,천왕3팀,3973. 독산2동주민센터 앞,146,2022-02-01,대여소별 이용정보 22.2.csv
중구,세종로2팀,4762. 국제빌딩,146,2022-02-01,대여소별 이용정보 22.2.csv
동작구,이수2팀,2038. 동작역 7번출구,146,2022-02-01,대여소별 이용정보 22.2.csv
관악구,이수2팀,3806. 낙성대 교수아파트,146,2022-02-01,대여소별 이용정보 22.2.csv
강남구,학여울2팀,3643. 더시그넘하우스 앞,146,2022-02-01,대여소별 이용정보 22.2.csv
강동구,천호1팀,1053. 동명근린공원 진입로 (아리수로),146,2022-02-01,대여소별 이용정보 22.2.csv
동작구,이수2팀,4153. 흑석동효사정앞,146,2022-02-01,대여소별 이용정보 22.2.csv
종로구,세종로1팀,3431.로제우스 레포츠센터,147,2022-02-01,대여소별 이용정보 22.2.csv
노원구,도봉1팀,1635. 상계3.4동 주민센터 대여소,147,2022-02-01,대여소별 이용정보 22.2.csv
서대문구,상암2팀,3109.북한산더? 106동 앞,148,2022-02-01,대여소별 이용정보 22.2.csv
송파구,천호2팀,4882. 위례포레샤인18단지 1802동,148,2022-02-01,대여소별 이용정보 22.2.csv
노원구,도봉2팀,4045. 은하수 공원,148,2022-02-01,대여소별 이용정보 22.2.csv
동대문구,훈련원4팀,679.전농SK아파트 앞,148,2022-02-01,대여소별 이용정보 22.2.csv
강서구,개화2팀,3766. 강서문화센터,148,2022-02-01,대여소별 이용정보 22.2.csv
마포구,상암1팀,4245. 그랑자이 아파트,148,2022-02-01,대여소별 이용정보 22.2.csv
금천구,천왕3팀,1842. 한울중학교,149,2022-02-01,대여소별 이용정보 22.2.csv
광진구,중랑1팀,3521. 현대홈타운 뒷길,149,2022-02-01,대여소별 이용정보 22.2.csv
성북구,훈련원2팀,1393.돈암육교 하단,149,2022-02-01,대여소별 이용정보 22.2.csv
중랑구,중랑3팀,4815. 중랑데시앙플렉스 앞,149,2022-02-01,대여소별 이용정보 22.2.csv
영등포구,영남3팀,4580. 국회3문,149,2022-02-01,대여소별 이용정보 22.2.csv
강남구,학여울1팀,3630. 개포우성6차아파트 정문 앞,149,2022-02-01,대여소별 이용정보 22.2.csv
도봉구,도봉3팀,4083.도봉아이나라도서관 앞,150,2022-02-01,대여소별 이용정보 22.2.csv
광진구,중랑1팀,3543. 세종대학교(학술정보원),150,2022-02-01,대여소별 이용정보 22.2.csv
성동구,중랑2팀,3531. 논골사거리(금호도서관 입구),150,2022-02-01,대여소별 이용정보 22.2.csv
강남구,학여울1팀,2352. 서울본부세관(건설회관 앞),150,2022-02-01,대여소별 이용정보 22.2.csv
강남구,학여울1팀,3636. 삼성중앙역·플래티넘아파트 정류소,151,2022-02-01,대여소별 이용정보 22.2.csv
강동구,천호1팀,3682. 길동 동호빌딩,152,2022-02-01,대여소별 이용정보 22.2.csv
관악구,영남2팀,2184. 구암초등학교 버스정류장,152,2022-02-01,대여소별 이용정보 22.2.csv
성동구,중랑2팀,533. 금남시장 교차로,152,2022-02-01,대여소별 이용정보 22.2.csv
서초구,이수1팀,2516.본마을 노인복지센터 앞,152,2022-02-01,대여소별 이용정보 22.2.csv
종로구,세종로1팀,449. 일성아파트,152,2022-02-01,대여소별 이용정보 22.2.csv
금천구,천왕3팀,1823. 상신정비공업 앞,152,2022-02-01,대여소별 이용정보 22.2.csv
동작구,이수2팀,2027. 중앙대학교 정문 1,152,2022-02-01,대여소별 이용정보 22.2.csv
서초구,이수3팀,2235.KT 서초지사 앞,153,2022-02-01,대여소별 이용정보 22.2.csv
마포구,상암1팀,494.신수동주민센터,153,2022-02-01,대여소별 이용정보 22.2.csv
서초구,이수3팀,2282. 방배래미안아트힐 101동앞,153,2022-02-01,대여소별 이용정보 22.2.csv
송파구,천호2팀,4857. 올림픽공원 장미광장,153,2022-02-01,대여소별 이용정보 22.2.csv
중랑구,중랑3팀,1435. 능산삼거리,154,2022-02-01,대여소별 이용정보 22.2.csv
은평구,상암3팀,4667. 폭포동입구 교차로,154,2022-02-01,대여소별 이용정보 22.2.csv
서초구,이수2팀,2283. 그룹한빌딩옆,154,2022-02-01,대여소별 이용정보 22.2.csv
강동구,천호1팀,3663. 암사정수센터교차로(강동롯데캐슬퍼스트아파트),154,2022-02-01,대여소별 이용정보 22.2.csv
강남구,학여울2팀,2401. 밀알학교 입구 (삼성서울병원 입구),154,2022-02-01,대여소별 이용정보 22.2.csv
서대문구,상암2팀,163. 명지전문대학교 정문 앞,154,2022-02-01,대여소별 이용정보 22.2.csv
마포구,상암1팀,4240. 아현문화건강센터,154,2022-02-01,대여소별 이용정보 22.2.csv
중구,세종로2팀,469.회현역 1번출구,155,2022-02-01,대여소별 이용정보 22.2.csv
강동구,천호1팀,3659. 명일초등학교 옆,155,2022-02-01,대여소별 이용정보 22.2.csv
강남구,학여울1팀,3621. 휘문고교 사거리,155,2022-02-01,대여소별 이용정보 22.2.csv
도봉구,도봉3팀,1728. 서울북부지방법원,155,2022-02-01,대여소별 이용정보 22.2.csv
강남구,학여울1팀,2428.롯데리아 개포점앞,155,2022-02-01,대여소별 이용정보 22.2.csv
강남구,학여울1팀,2382. 역삼동 sk뷰 501동앞,155,2022-02-01,대여소별 이용정보 22.2.csv
용산구,세종로3팀,822. 이촌1동 마을공원,155,2022-02-01,대여소별 이용정보 22.2.csv
용산구,세종로3팀,858.녹사평역3번 출구,156,2022-02-01,대여소별 이용정보 22.2.csv
성동구,중랑2팀,524. 래미안금호하이리버 아파트 102동 옆,156,2022-02-01,대여소별 이용정보 22.2.csv
영등포구,영남3팀,4581. 국회소통관,156,2022-02-01,대여소별 이용정보 22.2.csv
강남구,학여울1팀,2356. 강남구청,156,2022-02-01,대여소별 이용정보 22.2.csv
광진구,중랑1팀,575. 대원중고교 입구(대하빌딩),156,2022-02-01,대여소별 이용정보 22.2.csv
강남구,학여울1팀,2336. 강남세브란스교차로 래미안그레이튼 104동 앞,157,2022-02-01,대여소별 이용정보 22.2.csv
은평구,상암3팀,945. 기자촌 사거리,158,2022-02-01,대여소별 이용정보 22.2.csv
광진구,중랑1팀,3503. 광진유진스웰,159,2022-02-01,대여소별 이용정보 22.2.csv
용산구,세종로3팀,867.서빙고역 광장(1번출구),159,2022-02-01,대여소별 이용정보 22.2.csv
강남구,학여울1팀,2350. 래미안그레이튼102동앞,159,2022-02-01,대여소별 이용정보 22.2.csv
강서구,개화2팀,3797. 마곡수명산파크7단지 710동 앞,159,2022-02-01,대여소별 이용정보 22.2.csv
금천구,천왕2팀,1850. 코오롱테크노밸리,160,2022-02-01,대여소별 이용정보 22.2.csv
성북구,훈련원2팀,1353. 금호어울림센터힐 내,160,2022-02-01,대여소별 이용정보 22.2.csv
서초구,이수1팀,2203. 청계산입구역 2번출구,161,2022-02-01,대여소별 이용정보 22.2.csv
동작구,이수2팀,2094.숭실대학교(중문),161,2022-02-01,대여소별 이용정보 22.2.csv
구로구,천왕1팀,1943. 온수역 북측,161,2022-02-01,대여소별 이용정보 22.2.csv
서초구,이수2팀,2226. 신동아럭스빌아파트 앞,161,2022-02-01,대여소별 이용정보 22.2.csv
강서구,개화1팀,1188. 롯데중앙연구소,161,2022-02-01,대여소별 이용정보 22.2.csv
은평구,상암3팀,921. 신도고등학교,161,2022-02-01,대여소별 이용정보 22.2.csv
중구,훈련원1팀,429. 송도병원,161,2022-02-01,대여소별 이용정보 22.2.csv
중구,세종로 4팀,442.서울역 서부,162,2022-02-01,대여소별 이용정보 22.2.csv
성동구,중랑2팀,3556.신금호파크자이APT앞,162,2022-02-01,대여소별 이용정보 22.2.csv
노원구,도봉2팀,4040. 공릉로 26길,162,2022-02-01,대여소별 이용정보 22.2.csv
관악구,이수2팀,2165. JK장평타워,163,2022-02-01,대여소별 이용정보 22.2.csv
노원구,도봉2팀,2907. 월계중학교,163,2022-02-01,대여소별 이용정보 22.2.csv
용산구,세종로 4팀,851.효창 푸르지오 앞,163,2022-02-01,대여소별 이용정보 22.2.csv
강동구,천호1팀,1037. 강일리버파크 6단지,163,2022-02-01,대여소별 이용정보 22.2.csv
강남구,학여울1팀,2347. 두산건설 본사,163,2022-02-01,대여소별 이용정보 22.2.csv
강남구,학여울1팀,2371. 한국우편사업진흥원,164,2022-02-01,대여소별 이용정보 22.2.csv
강남구,학여울1팀,2363. 강남 을지병원 교차로,164,2022-02-01,대여소별 이용정보 22.2.csv
서초구,이수1팀,4329. SC제일은행 양재동지점 앞,164,2022-02-01,대여소별 이용정보 22.2.csv
강동구,천호1팀,1032. 선사고등학교,164,2022-02-01,대여소별 이용정보 22.2.csv
서초구,이수1팀,2539.대한무역투자진흥공사 KOTRA 앞,165,2022-02-01,대여소별 이용정보 22.2.csv
노원구,도봉1팀,4035. 수락 행복발전소 앞,165,2022-02-01,대여소별 이용정보 22.2.csv
성동구,중랑2팀,3557.서울숲리버뷰자이APT105동 앞,166,2022-02-01,대여소별 이용정보 22.2.csv
양천구,개화4팀,4516. 신진빌라,166,2022-02-01,대여소별 이용정보 22.2.csv
구로구,천왕1팀,1971. 오정초교 앞 보도육교,166,2022-02-01,대여소별 이용정보 22.2.csv
서초구,이수1팀,2258.구룡사 삼거리,166,2022-02-01,대여소별 이용정보 22.2.csv
용산구,세종로3팀,847. 국방부민원실옆,166,2022-02-01,대여소별 이용정보 22.2.csv
서대문구,상암1팀,3100. 북성초교,167,2022-02-01,대여소별 이용정보 22.2.csv
용산구,세종로 4팀,830. 청암자이아파트앞,167,2022-02-01,대여소별 이용정보 22.2.csv
강남구,학여울2팀,2351. 청소년수련관(수영장)앞,167,2022-02-01,대여소별 이용정보 22.2.csv
중랑구,중랑3팀,4807. 라코지스테이 앞,167,2022-02-01,대여소별 이용정보 22.2.csv
강남구,학여울1팀,3646. 선정릉역 4번 출구,167,2022-02-01,대여소별 이용정보 22.2.csv
구로구,천왕1팀,3912. 삼호아파트 앞,167,2022-02-01,대여소별 이용정보 22.2.csv
금천구,천왕2팀,1849. 대륭포스트타워5차,167,2022-02-01,대여소별 이용정보 22.2.csv
용산구,세종로3팀,"4605. 노들섬 다목적홀(동쪽) 숲, 앞",167,2022-02-01,대여소별 이용정보 22.2.csv
중랑구,중랑3팀,4811. 한양수자인아파트 앞,168,2022-02-01,대여소별 이용정보 22.2.csv
양천구,개화4팀,710. 금옥여고보도육교,168,2022-02-01,대여소별 이용정보 22.2.csv
성동구,중랑2팀,522. 금호역 1번출구 앞,168,2022-02-01,대여소별 이용정보 22.2.csv
강북구,도봉4팀,1546. 송천동우체국,168,2022-02-01,대여소별 이용정보 22.2.csv
강동구,천호1팀,3690. 강일역 4번출구,170,2022-02-01,대여소별 이용정보 22.2.csv
강북구,도봉4팀,1558.강북문화정보도서관,170,2022-02-01,대여소별 이용정보 22.2.csv
강남구,학여울1팀,2370. 한티역 3번출구,170,2022-02-01,대여소별 이용정보 22.2.csv
동작구,영남2팀,2008. 노량진근린공원 대방공원,170,2022-02-01,대여소별 이용정보 22.2.csv
도봉구,도봉3팀,1713. 쌍문동 이안아파트 앞,170,2022-02-01,대여소별 이용정보 22.2.csv
동작구,이수2팀,2041. 사당중학교 버스정류소,171,2022-02-01,대여소별 이용정보 22.2.csv
서대문구,상암2팀,3105. 홍은센트레빌 아파트 앞,171,2022-02-01,대여소별 이용정보 22.2.csv
송파구,학여울2팀,4490. 송파파인타운 10단지 1005동,172,2022-02-01,대여소별 이용정보 22.2.csv
송파구,학여울2팀,1290. 위례송파꿈에그린아파트24단지 앞 성벽 다리 밑,172,2022-02-01,대여소별 이용정보 22.2.csv
용산구,세종로3팀,4632. 용산 푸르지오 파크타운 1단지 앞,172,2022-02-01,대여소별 이용정보 22.2.csv
도봉구,도봉3팀,1717. 시립창동운동장 입구,172,2022-02-01,대여소별 이용정보 22.2.csv
강남구,학여울1팀,2416.한티역 6번 출구,172,2022-02-01,대여소별 이용정보 22.2.csv
성북구,훈련원2팀,1347. 길음래미안아파트817동 상가 앞,173,2022-02-01,대여소별 이용정보 22.2.csv
서초구,이수3팀,4304. 서울고앞,173,2022-02-01,대여소별 이용정보 22.2.csv
금천구,천왕3팀,1826. 한신코아 앞,173,2022-02-01,대여소별 이용정보 22.2.csv
송파구,천호2팀,4862. 성내교 남단,173,2022-02-01,대여소별 이용정보 22.2.csv
은평구,상암3팀,959. 구파발10단지 인근,174,2022-02-01,대여소별 이용정보 22.2.csv
도봉구,도봉3팀,4075. 방학신동아아파트 11동 앞,174,2022-02-01,대여소별 이용정보 22.2.csv
송파구,천호2팀,4461. 한양3차아파트 3동 앞,175,2022-02-01,대여소별 이용정보 22.2.csv
강동구,천호1팀,3674. 강동리버스트7단지,175,2022-02-01,대여소별 이용정보 22.2.csv
은평구,상암2팀,4658. 녹번역1번출구앞,175,2022-02-01,대여소별 이용정보 22.2.csv
강서구,개화2팀,3765. 문소빌딩,175,2022-02-01,대여소별 이용정보 22.2.csv
강동구,천호1팀,3675. 강동리버스트8단지,175,2022-02-01,대여소별 이용정보 22.2.csv
성북구,훈련원2팀,1370. 복자사랑 피정의 집,176,2022-02-01,대여소별 이용정보 22.2.csv
서초구,이수3팀,4312. 반포미도2차아파트 옆,176,2022-02-01,대여소별 이용정보 22.2.csv
서초구,이수3팀,2547.포드서초서비스센터앞,176,2022-02-01,대여소별 이용정보 22.2.csv
서대문구,상암2팀,3107. 연희초등학교 앞,176,2022-02-01,대여소별 이용정보 22.2.csv
서초구,이수3팀,2280. 서울서초고용센터앞,176,2022-02-01,대여소별 이용정보 22.2.csv
노원구,도봉2팀,1660. 서울시립과학관,177,2022-02-01,대여소별 이용정보 22.2.csv
구로구,천왕1팀,2812.항동프라자,177,2022-02-01,대여소별 이용정보 22.2.csv
노원구,도봉1팀,1664. 노해근린공원내,177,2022-02-01,대여소별 이용정보 22.2.csv
관악구,이수2팀,3804. 낙성대공원,177,2022-02-01,대여소별 이용정보 22.2.csv
송파구,학여울2팀,4874. 탄천1교 하부보도,177,2022-02-01,대여소별 이용정보 22.2.csv
용산구,세종로 4팀,4627. 효창공원앞역 5번출구 옆,178,2022-02-01,대여소별 이용정보 22.2.csv
금천구,천왕3팀,1836. 금천구립 독산도서관,178,2022-02-01,대여소별 이용정보 22.2.csv
마포구,상암1팀,4234. 에스테반,179,2022-02-01,대여소별 이용정보 22.2.csv
송파구,천호2팀,2649.오금공원사거리2,179,2022-02-01,대여소별 이용정보 22.2.csv
성북구,훈련원2팀,1323. 월곡역 입구 육교 밑,179,2022-02-01,대여소별 이용정보 22.2.csv
중랑구,중랑3팀,1421. 신내역 4번출구,179,2022-02-01,대여소별 이용정보 22.2.csv
마포구,상암1팀,4251. 공덕역 경의선숲길 커뮤니티센터,179,2022-02-01,대여소별 이용정보 22.2.csv
강동구,천호1팀,1067.한영중고앞사거리,180,2022-02-01,대여소별 이용정보 22.2.csv
강북구,도봉4팀,1511. 번동 금호어울림아파트102동앞,180,2022-02-01,대여소별 이용정보 22.2.csv
강북구,도봉4팀,1538. 솔밭공원역,180,2022-02-01,대여소별 이용정보 22.2.csv
강동구,천호1팀,3686. 고덕 래미안 힐스테이트(101동),180,2022-02-01,대여소별 이용정보 22.2.csv
성북구,훈련원2팀,1316. 고려사대부속중고 건너편,181,2022-02-01,대여소별 이용정보 22.2.csv
마포구,상암1팀,4221. 솔리스타오피스텔(공덕동주민센터),182,2022-02-01,대여소별 이용정보 22.2.csv
금천구,천왕3팀,1809. LG전자 별관동(호서대 벤처타워 맞은편),182,2022-02-01,대여소별 이용정보 22.2.csv
관악구,이수2팀,2159. 인헌초교,182,2022-02-01,대여소별 이용정보 22.2.csv
마포구,상암1팀,424. 롯데하이마트 (상암월드컵점),182,2022-02-01,대여소별 이용정보 22.2.csv
강북구,도봉4팀,1539. 4.19민주묘지역,182,2022-02-01,대여소별 이용정보 22.2.csv
서초구,이수2팀,2281. 연세사랑병원신관앞,183,2022-02-01,대여소별 이용정보 22.2.csv
도봉구,도봉3팀,1732. 우리은행 앞,183,2022-02-01,대여소별 이용정보 22.2.csv
송파구,학여울2팀,2645.잠실나들목2(엘스아파트136동),183,2022-02-01,대여소별 이용정보 22.2.csv
용산구,세종로3팀,848. 삼각지12번 출구,183,2022-02-01,대여소별 이용정보 22.2.csv
중랑구,중랑3팀,1418. 새솔초등학교,183,2022-02-01,대여소별 이용정보 22.2.csv
강남구,학여울1팀,2310. 청담동 맥도날드 옆(위치),184,2022-02-01,대여소별 이용정보 22.2.csv
강남구,학여울2팀,2426.강남한신휴플러스 6단지,184,2022-02-01,대여소별 이용정보 22.2.csv
도봉구,도봉3팀,1768.신동아타워 버스정류소,184,2022-02-01,대여소별 이용정보 22.2.csv
중랑구,중랑3팀,4827. 신내SK V1센터 앞,185,2022-02-01,대여소별 이용정보 22.2.csv
강동구,천호1팀,3653. 강동리버스트4단지아파트 404동 앞,185,2022-02-01,대여소별 이용정보 22.2.csv
송파구,학여울2팀,1263. 장지공영차고지,185,2022-02-01,대여소별 이용정보 22.2.csv
동대문구,훈련원3팀,600. 휘경2동 주민센터,185,2022-02-01,대여소별 이용정보 22.2.csv
서초구,이수3팀,2277. 길마중4교 하부,186,2022-02-01,대여소별 이용정보 22.2.csv
중구,세종로2팀,468.웨스틴 조선호텔,186,2022-02-01,대여소별 이용정보 22.2.csv
용산구,세종로3팀,4607. 국립중앙박물관 -용산가족공원 앞,186,2022-02-01,대여소별 이용정보 22.2.csv
강북구,도봉4팀,1537. 북한산 우이역,186,2022-02-01,대여소별 이용정보 22.2.csv
강동구,천호1팀,1056. 강일리버파크 7~11단지,186,2022-02-01,대여소별 이용정보 22.2.csv
성북구,훈련원2팀,1365. 선잠단지 앞,187,2022-02-01,대여소별 이용정보 22.2.csv
서초구,이수2팀,2223. 방배래미안 정문 앞,187,2022-02-01,대여소별 이용정보 22.2.csv
도봉구,도봉3팀,4058. 다락원체육공원 전망대 입구,187,2022-02-01,대여소별 이용정보 22.2.csv
강서구,개화1팀,3787. 가양나들목,187,2022-02-01,대여소별 이용정보 22.2.csv
동대문구,훈련원4팀,638. 서울시립대 정보기술관,187,2022-02-01,대여소별 이용정보 22.2.csv
강동구,천호1팀,1069.강동경희대학교병원 입구,187,2022-02-01,대여소별 이용정보 22.2.csv
강북구,도봉4팀,1571.북서울 꿈의 숲 입구,187,2022-02-01,대여소별 이용정보 22.2.csv
서대문구,상암2팀,3127.홍은2파출소 옆,187,2022-02-01,대여소별 이용정보 22.2.csv
강서구,개화1팀,1196. 서울식물원(문화센터) 건너편,188,2022-02-01,대여소별 이용정보 22.2.csv
중랑구,중랑3팀,1427. 용마산역 1번출구,188,2022-02-01,대여소별 이용정보 22.2.csv
강남구,학여울1팀,3629. 청담사거리(신한오피스텔빌딩 앞),188,2022-02-01,대여소별 이용정보 22.2.csv
은평구,상암2팀,934. 신사동 성당,188,2022-02-01,대여소별 이용정보 22.2.csv
금천구,천왕3팀,3985. 디폴리스 지식산업센터,188,2022-02-01,대여소별 이용정보 22.2.csv
은평구,상암3팀,967. 서울혁신파크2,188,2022-02-01,대여소별 이용정보 22.2.csv
중랑구,중랑3팀,4837. 양원지구 힐데스하임 앞,188,2022-02-01,대여소별 이용정보 22.2.csv
송파구,학여울2팀,4869. 잠실나들목6,188,2022-02-01,대여소별 이용정보 22.2.csv
종로구,훈련원1팀,397. 종묘공영주차장 건너편,189,2022-02-01,대여소별 이용정보 22.2.csv
강동구,천호1팀,3688. 상일동산(동아아파트앞 교차로),189,2022-02-01,대여소별 이용정보 22.2.csv
동대문구,훈련원4팀,621. 동대문중학교 옆,189,2022-02-01,대여소별 이용정보 22.2.csv
동대문구,훈련원4팀,608. 전농삼성아파트,190,2022-02-01,대여소별 이용정보 22.2.csv
마포구,상암1팀,127. 현대벤처빌 앞,190,2022-02-01,대여소별 이용정보 22.2.csv
서초구,이수3팀,4327. 몽마르뜨공원입구,190,2022-02-01,대여소별 이용정보 22.2.csv
중구,세종로2팀,4761. 탐앤탐스 을지로3가점,190,2022-02-01,대여소별 이용정보 22.2.csv
중랑구,중랑3팀,1479.면목 홈플러스 2,190,2022-02-01,대여소별 이용정보 22.2.csv
강서구,개화3팀,3761. 나이아가라관광호텔,192,2022-02-01,대여소별 이용정보 22.2.csv
은평구,상암2팀,4665. 응암역3번 출구(서부경찰서 방면),192,2022-02-01,대여소별 이용정보 22.2.csv
양천구,개화3팀,776.목마공원,192,2022-02-01,대여소별 이용정보 22.2.csv
성동구,중랑2팀,3558.마장동 금호어울림APT앞,192,2022-02-01,대여소별 이용정보 22.2.csv
강서구,개화2팀,1181. 농수산식품공사 (강서지사),192,2022-02-01,대여소별 이용정보 22.2.csv
종로구,세종로1팀,451. 청와대앞길,192,2022-02-01,대여소별 이용정보 22.2.csv
강남구,학여울1팀,2358. 구룡초사거리 (현대아파트10동 앞 ),193,2022-02-01,대여소별 이용정보 22.2.csv
용산구,세종로 4팀,4618. 풍전아파트 건너편,193,2022-02-01,대여소별 이용정보 22.2.csv
마포구,상암1팀,413. 상암월드컵파크 3단지 후문,194,2022-02-01,대여소별 이용정보 22.2.csv
서초구,이수1팀,4320. 신영체르니 아파트,195,2022-02-01,대여소별 이용정보 22.2.csv
용산구,세종로3팀,863.이촌역2번 출구,195,2022-02-01,대여소별 이용정보 22.2.csv
노원구,도봉2팀,4017. 월계 청백1단지 아파트 정류장,195,2022-02-01,대여소별 이용정보 22.2.csv
강서구,개화1팀,3776. 김포공항교차로,195,2022-02-01,대여소별 이용정보 22.2.csv
중구,훈련원1팀,382. 약수역 10번출구 앞,195,2022-02-01,대여소별 이용정보 22.2.csv
강동구,천호1팀,1079.강일동입구교차로,196,2022-02-01,대여소별 이용정보 22.2.csv
동대문구,훈련원4팀,606. 휘경공고앞,196,2022-02-01,대여소별 이용정보 22.2.csv
금천구,천왕3팀,3958. 롯데캐슬2차 마을버스 정류장(18804) 뒤편,196,2022-02-01,대여소별 이용정보 22.2.csv
용산구,세종로 4팀,4616. 신용산지하차도 앞,196,2022-02-01,대여소별 이용정보 22.2.csv
동작구,이수2팀,2088.상도중앙하이츠빌 입구,196,2022-02-01,대여소별 이용정보 22.2.csv
구로구,천왕2팀,1910. 낙원교회 맞은편,196,2022-02-01,대여소별 이용정보 22.2.csv
용산구,세종로 4팀,4602. 숙명여대앞 버스정류소 주변,196,2022-02-01,대여소별 이용정보 22.2.csv
금천구,천왕3팀,1865.금천구청앞(M빌딩),196,2022-02-01,대여소별 이용정보 22.2.csv
강서구,개화2팀,5072. 김포공항입구 교통섬,196,2022-02-01,대여소별 이용정보 22.2.csv
송파구,천호2팀,4861. 거여삼거리,197,2022-02-01,대여소별 이용정보 22.2.csv
종로구,세종로1팀,3427.인왕산 아이파크 정문,197,2022-02-01,대여소별 이용정보 22.2.csv
동대문구,훈련원3팀,4116. 이문e편한세상아파트 앞,197,2022-02-01,대여소별 이용정보 22.2.csv
도봉구,도봉3팀,1714. 도봉문화정보도서관 삼거리,197,2022-02-01,대여소별 이용정보 22.2.csv
영등포구,영남3팀,3211.신길 래미안 프레비뉴,198,2022-02-01,대여소별 이용정보 22.2.csv
금천구,천왕3팀,3984. 가산롯데아이티캐슬,198,2022-02-01,대여소별 이용정보 22.2.csv
서초구,이수3팀,2272. 교대입구 교차로,198,2022-02-01,대여소별 이용정보 22.2.csv
송파구,천호2팀,4889. 마천역 1번 출구 인근②,198,2022-02-01,대여소별 이용정보 22.2.csv
서대문구,상암1팀,3114.충정로역 3번 출구,198,2022-02-01,대여소별 이용정보 22.2.csv
도봉구,도봉3팀,1757.솔밭공원역 1번출구 앞,199,2022-02-01,대여소별 이용정보 22.2.csv
성북구,훈련원2팀,1367. 길음문화복합미디어센터,199,2022-02-01,대여소별 이용정보 22.2.csv
구로구,천왕1팀,1967. 참새공원(백곡경노당),199,2022-02-01,대여소별 이용정보 22.2.csv
용산구,세종로3팀,857. 현대 안성타워,199,2022-02-01,대여소별 이용정보 22.2.csv
마포구,상암1팀,432. 마포중앙도서관,199,2022-02-01,대여소별 이용정보 22.2.csv
송파구,천호2팀,1279. 마천금호어울림 1차아파트 건너편,200,2022-02-01,대여소별 이용정보 22.2.csv
마포구,상암1팀,4246. 상수역새마을금고,200,2022-02-01,대여소별 이용정보 22.2.csv
강북구,도봉4팀,1522. 월드전기조명인테리어(우이동),200,2022-02-01,대여소별 이용정보 22.2.csv
강북구,도봉4팀,1504. 다이소 삼양시장점,201,2022-02-01,대여소별 이용정보 22.2.csv
강남구,학여울2팀,3640. 일원1동주민센터앞 사거리,201,2022-02-01,대여소별 이용정보 22.2.csv
강동구,천호1팀,1058. 고덕숲 아이파크 1,201,2022-02-01,대여소별 이용정보 22.2.csv
강서구,개화2팀,1161. 강서면허시험장 앞,202,2022-02-01,대여소별 이용정보 22.2.csv
중구,세종로 4팀,435. SK 남산빌딩,202,2022-02-01,대여소별 이용정보 22.2.csv
도봉구,도봉3팀,4064. 신창아파트 입구 앞,202,2022-02-01,대여소별 이용정보 22.2.csv
용산구,세종로3팀,831. 이태원관광특구입구,202,2022-02-01,대여소별 이용정보 22.2.csv
강남구,학여울1팀,2388. 강남구 도시관리공단,202,2022-02-01,대여소별 이용정보 22.2.csv
용산구,세종로3팀,808. 서빙고동 금호맨션 앞,202,2022-02-01,대여소별 이용정보 22.2.csv
강서구,개화2팀,3799. 국립항공박물관,203,2022-02-01,대여소별 이용정보 22.2.csv
송파구,천호2팀,4474. 가락현대 1차 11동 앞,203,2022-02-01,대여소별 이용정보 22.2.csv
강남구,학여울1팀,2314. 청담나들목입구,203,2022-02-01,대여소별 이용정보 22.2.csv
금천구,천왕3팀,1863.위너스 스포츠클럽 골프연습장옆,203,2022-02-01,대여소별 이용정보 22.2.csv
구로구,천왕1팀,1992. 구로구배드민턴실내체육관 앞,203,2022-02-01,대여소별 이용정보 22.2.csv
서대문구,상암2팀,164. 북가좌1동 주민센터,204,2022-02-01,대여소별 이용정보 22.2.csv
강북구,도봉4팀,1547. 꿈의숲 롯데캐슬,204,2022-02-01,대여소별 이용정보 22.2.csv
서초구,이수3팀,2214. 신반포역 2번출구 앞,205,2022-02-01,대여소별 이용정보 22.2.csv
용산구,세종로3팀,4615. 크라운호텔앞 버스정류소,205,2022-02-01,대여소별 이용정보 22.2.csv
영등포구,영남3팀,299.여의도 순복음교회,205,2022-02-01,대여소별 이용정보 22.2.csv
영등포구,영남3팀,271. 샛강생태공원방문자센터 앞,205,2022-02-01,대여소별 이용정보 22.2.csv
구로구,천왕2팀,2826.가마산지하보도 옆,205,2022-02-01,대여소별 이용정보 22.2.csv
종로구,세종로1팀,446. 상명대입구,205,2022-02-01,대여소별 이용정보 22.2.csv
중랑구,중랑3팀,1426. 면목도시개발아파트 1동 앞,206,2022-02-01,대여소별 이용정보 22.2.csv
마포구,상암1팀,4216. 망원정 앞,206,2022-02-01,대여소별 이용정보 22.2.csv
성북구,훈련원2팀,1304. 만해공원,206,2022-02-01,대여소별 이용정보 22.2.csv
강동구,천호1팀,1063.강동롯데캐슬퍼스트 아파트(관리동),206,2022-02-01,대여소별 이용정보 22.2.csv
강동구,천호1팀,3691. 둔촌역 2번출구,207,2022-02-01,대여소별 이용정보 22.2.csv
강남구,학여울1팀,2380. 삼성동베이직하우스앞,207,2022-02-01,대여소별 이용정보 22.2.csv
종로구,세종로1팀,3426.독립문역 2번출구 뒤,208,2022-02-01,대여소별 이용정보 22.2.csv
송파구,천호2팀,4454. 위례 포레샤인 1809동 부근,209,2022-02-01,대여소별 이용정보 22.2.csv
동작구,영남2팀,4167. 구로교 아래,210,2022-02-01,대여소별 이용정보 22.2.csv
강남구,학여울2팀,3623. 일원에코파크 앞(개포로 방면),210,2022-02-01,대여소별 이용정보 22.2.csv
동작구,이수2팀,2024. 상도역 1번출구,210,2022-02-01,대여소별 이용정보 22.2.csv
영등포구,영남3팀,5851. 도림천 건널목 위,210,2022-02-01,대여소별 이용정보 22.2.csv
송파구,학여울2팀,4887. 호돌이상가,210,2022-02-01,대여소별 이용정보 22.2.csv
성동구,중랑2팀,4362. 행당중학교 후문,210,2022-02-01,대여소별 이용정보 22.2.csv
중구,세종로2팀,4784. 중부경찰서앞 사거리,211,2022-02-01,대여소별 이용정보 22.2.csv
강남구,학여울1팀,2311. 학동로 래미안 아파트 앞,211,2022-02-01,대여소별 이용정보 22.2.csv
노원구,도봉2팀,1646. 삼육대 입구,212,2022-02-01,대여소별 이용정보 22.2.csv
금천구,천왕3팀,1853. 서울디자인직업전문학교 앞,212,2022-02-01,대여소별 이용정보 22.2.csv
강동구,천호1팀,3654. 강동리버스트4단지아파트 405동 앞,212,2022-02-01,대여소별 이용정보 22.2.csv
금천구,천왕3팀,1825. 한신아파트 앞 육교 아래,212,2022-02-01,대여소별 이용정보 22.2.csv
도봉구,도봉3팀,1774.반석교회(쌍문동),212,2022-02-01,대여소별 이용정보 22.2.csv
성북구,훈련원2팀,1357. 북한산보국문역,213,2022-02-01,대여소별 이용정보 22.2.csv
영등포구,영남3팀,4599. 대림우성아파트 사거리,213,2022-02-01,대여소별 이용정보 22.2.csv
은평구,상암2팀,978.녹번 힐스테이트상가앞,214,2022-02-01,대여소별 이용정보 22.2.csv
중구,훈련원1팀,483.남산타운아파트 버스정류장,214,2022-02-01,대여소별 이용정보 22.2.csv
은평구,상암2팀,975.백련산 힐스테이트상가앞,214,2022-02-01,대여소별 이용정보 22.2.csv
은평구,상암3팀,902. 진관동 은빛초등학교,215,2022-02-01,대여소별 이용정보 22.2.csv
관악구,영남2팀,2143. 서울산업정보학교,215,2022-02-01,대여소별 이용정보 22.2.csv
영등포구,영남3팀,298.KBS 연구동 건너편,215,2022-02-01,대여소별 이용정보 22.2.csv
서초구,이수1팀,2550.양재동 꽃시장 건너편,215,2022-02-01,대여소별 이용정보 22.2.csv
마포구,상암1팀,4248. 신촌 교보빌딩,216,2022-02-01,대여소별 이용정보 22.2.csv
동작구,이수2팀,2026. 흑석역 4번출구,216,2022-02-01,대여소별 이용정보 22.2.csv
은평구,상암3팀,994.북한산생태공원입구(교통섬),216,2022-02-01,대여소별 이용정보 22.2.csv
종로구,훈련원1팀,388. 동성중학교 앞,217,2022-02-01,대여소별 이용정보 22.2.csv
서초구,이수3팀,2502. 서초역1번출구 앞,217,2022-02-01,대여소별 이용정보 22.2.csv
송파구,천호2팀,2614. 가락고등학교 앞,217,2022-02-01,대여소별 이용정보 22.2.csv
도봉구,도봉3팀,1725. 창1동주민센터,217,2022-02-01,대여소별 이용정보 22.2.csv
서초구,이수1팀,2241.양재전화국 사거리,218,2022-02-01,대여소별 이용정보 22.2.csv
성북구,훈련원2팀,1386.동선고가차도 초입,218,2022-02-01,대여소별 이용정보 22.2.csv
서대문구,상암2팀,161. 무악재역1번 출구,218,2022-02-01,대여소별 이용정보 22.2.csv
양천구,개화4팀,4534. 월정초교 앞 사거리,219,2022-02-01,대여소별 이용정보 22.2.csv
은평구,상암3팀,952. 서울연신중학교,219,2022-02-01,대여소별 이용정보 22.2.csv
용산구,세종로 4팀,836. 현대자동차서비스 앞,219,2022-02-01,대여소별 이용정보 22.2.csv
구로구,천왕1팀,3903. 현대아파트 앞,219,2022-02-01,대여소별 이용정보 22.2.csv
서대문구,상암1팀,139. 연세대 정문 건너편,219,2022-02-01,대여소별 이용정보 22.2.csv
성동구,중랑2팀,3547.상왕십리역 6번 출입구,219,2022-02-01,대여소별 이용정보 22.2.csv
중랑구,중랑3팀,4828. 신내동 한살림 중랑지구 앞,219,2022-02-01,대여소별 이용정보 22.2.csv
관악구,이수2팀,3813. 낙성대역 5번출구,220,2022-02-01,대여소별 이용정보 22.2.csv
강남구,학여울1팀,2368. 도곡동 경남아파트 건너편,220,2022-02-01,대여소별 이용정보 22.2.csv
은평구,상암3팀,947. 연신내 선일하이츠빌 정류소,220,2022-02-01,대여소별 이용정보 22.2.csv
중구,훈련원1팀,480.약수역 6번 출구,221,2022-02-01,대여소별 이용정보 22.2.csv
구로구,천왕1팀,1973. 오리로와 서해안도로 교차로 앞,222,2022-02-01,대여소별 이용정보 22.2.csv
성동구,중랑2팀,526. 용답토속공원 앞,222,2022-02-01,대여소별 이용정보 22.2.csv
송파구,학여울2팀,2634.위례포레샤인아파트 2318동,224,2022-02-01,대여소별 이용정보 22.2.csv
중구,훈련원1팀,428. 명보사거리,224,2022-02-01,대여소별 이용정보 22.2.csv
서대문구,상암1팀,160. 북아현동 가구거리,224,2022-02-01,대여소별 이용정보 22.2.csv
송파구,학여울2팀,2625.가락종합 사회복지관,224,2022-02-01,대여소별 이용정보 22.2.csv
송파구,학여울2팀,1296. 석촌호수교차로 (송파나루근린공원 앞),225,2022-02-01,대여소별 이용정보 22.2.csv
서초구,이수3팀,2298. 래미안서초스위트앞,225,2022-02-01,대여소별 이용정보 22.2.csv
성동구,중랑2팀,3530. 왕십리자이아파트 후문(삼거리),225,2022-02-01,대여소별 이용정보 22.2.csv
마포구,상암1팀,3005.마포구청 청사내,225,2022-02-01,대여소별 이용정보 22.2.csv
강남구,학여울1팀,3604. 삼성중앙역 5번출구,225,2022-02-01,대여소별 이용정보 22.2.csv
송파구,천호2팀,2616. 거여동 사거리,225,2022-02-01,대여소별 이용정보 22.2.csv
동작구,이수2팀,2037. 동작역 5번출구 동작주차공원,225,2022-02-01,대여소별 이용정보 22.2.csv
영등포구,영남3팀,4591. 신길자이아파트,225,2022-02-01,대여소별 이용정보 22.2.csv
관악구,이수2팀,2129. 낙성대 과학전시관,226,2022-02-01,대여소별 이용정보 22.2.csv
영등포구,영남3팀,4573. 두산위브아파트,226,2022-02-01,대여소별 이용정보 22.2.csv
양천구,천왕1팀,767.신정숲속마을아파트,226,2022-02-01,대여소별 이용정보 22.2.csv
구로구,천왕1팀,2815.항동지구 7단지 정문,226,2022-02-01,대여소별 이용정보 22.2.csv
서초구,이수3팀,4306. 서래공원 앞,227,2022-02-01,대여소별 이용정보 22.2.csv
동작구,이수2팀,2048. 삼일초등학교 인근,227,2022-02-01,대여소별 이용정보 22.2.csv
강북구,도봉4팀,1510. 번동주공5단지 관리사무소 앞,227,2022-02-01,대여소별 이용정보 22.2.csv
은평구,상암3팀,953. 서울연신초등학교,228,2022-02-01,대여소별 이용정보 22.2.csv
중구,세종로2팀,4776. 신세계면세점,228,2022-02-01,대여소별 이용정보 22.2.csv
구로구,천왕1팀,1999. 수궁동 성당 주변,228,2022-02-01,대여소별 이용정보 22.2.csv
양천구,영남1팀,4536. 양천해누리체육공원,229,2022-02-01,대여소별 이용정보 22.2.csv
용산구,세종로3팀,840. 용산 파크타워 앞,229,2022-02-01,대여소별 이용정보 22.2.csv
구로구,천왕1팀,1968. 동인오피스텔 건너편 소공원,229,2022-02-01,대여소별 이용정보 22.2.csv
중구,훈련원1팀,371. 동대입구역 6번출구 뒤,229,2022-02-01,대여소별 이용정보 22.2.csv
강서구,개화3팀,1183. KC 대학교,230,2022-02-01,대여소별 이용정보 22.2.csv
송파구,학여울2팀,1285. 위례별 유치원 뒤,230,2022-02-01,대여소별 이용정보 22.2.csv
중랑구,중랑3팀,4823. 방정환교육지원센터 옆,230,2022-02-01,대여소별 이용정보 22.2.csv
강남구,학여울1팀,2398. 더라움,231,2022-02-01,대여소별 이용정보 22.2.csv
강남구,학여울2팀,2341. 일원역 4~5번 출구 사이,231,2022-02-01,대여소별 이용정보 22.2.csv
마포구,상암1팀,4206. 광흥창역5번출구,231,2022-02-01,대여소별 이용정보 22.2.csv
강남구,학여울2팀,3642. LH강남힐스테이트아파트,232,2022-02-01,대여소별 이용정보 22.2.csv
동작구,영남2팀,4152. 상도효성해링턴플레이스,232,2022-02-01,대여소별 이용정보 22.2.csv
관악구,영남2팀,2190.도원맨션,233,2022-02-01,대여소별 이용정보 22.2.csv
광진구,중랑1팀,3510. 중곡SK아파트앞,233,2022-02-01,대여소별 이용정보 22.2.csv
강동구,천호1팀,1031. 올림픽로 836(아리수로),233,2022-02-01,대여소별 이용정보 22.2.csv
도봉구,도봉3팀,1759.서울북부지방법원 앞,233,2022-02-01,대여소별 이용정보 22.2.csv
용산구,세종로3팀,4623. 라인프랜즈이태원점 앞,233,2022-02-01,대여소별 이용정보 22.2.csv
종로구,세종로1팀,4715. 돈의문 박물관 마을,233,2022-02-01,대여소별 이용정보 22.2.csv
영등포구,영남3팀,4579. 국회의사당 본관,234,2022-02-01,대여소별 이용정보 22.2.csv
도봉구,도봉3팀,1761.방학중학교 앞,234,2022-02-01,대여소별 이용정보 22.2.csv
중구,세종로 4팀,4781. 브라운스위트레지던스,235,2022-02-01,대여소별 이용정보 22.2.csv
강북구,도봉4팀,1551.4.19탑 앞,235,2022-02-01,대여소별 이용정보 22.2.csv
중랑구,중랑3팀,1425. 용마문화복지센터,235,2022-02-01,대여소별 이용정보 22.2.csv
중구,세종로2팀,4775. 을지로지하쇼핑센터,236,2022-02-01,대여소별 이용정보 22.2.csv
강남구,학여울2팀,2422.수서동 성당 맞은편,236,2022-02-01,대여소별 이용정보 22.2.csv
용산구,세종로3팀,864.순천향대학병원(한남오거리),236,2022-02-01,대여소별 이용정보 22.2.csv
양천구,개화4팀,745. 강서초등학교,236,2022-02-01,대여소별 이용정보 22.2.csv
노원구,도봉2팀,1693. 원자력 병원,236,2022-02-01,대여소별 이용정보 22.2.csv
마포구,상암1팀,120. 신수동 사거리,236,2022-02-01,대여소별 이용정보 22.2.csv
서초구,이수3팀,2509. 심산기념문화센터,237,2022-02-01,대여소별 이용정보 22.2.csv
금천구,천왕2팀,3975.현대시티아울렛 가산,237,2022-02-01,대여소별 이용정보 22.2.csv
도봉구,도봉3팀,1736. 버스정류장 앞,238,2022-02-01,대여소별 이용정보 22.2.csv
강동구,천호1팀,1083.광문고교사거리(아이파크),238,2022-02-01,대여소별 이용정보 22.2.csv
노원구,도봉2팀,1671. 인덕대학교,238,2022-02-01,대여소별 이용정보 22.2.csv
서초구,이수3팀,2215. 반포종합운동장 입구,238,2022-02-01,대여소별 이용정보 22.2.csv
도봉구,도봉3팀,4073.방아골종합사회복지관,238,2022-02-01,대여소별 이용정보 22.2.csv
중랑구,중랑3팀,1480. 용마지구대 옆,239,2022-02-01,대여소별 이용정보 22.2.csv
서초구,이수3팀,2520.서초1교 (진흥아파트 방면),240,2022-02-01,대여소별 이용정보 22.2.csv
서대문구,상암1팀,3134.SK리쳄블(상수도사업본부),241,2022-02-01,대여소별 이용정보 22.2.csv
강남구,학여울1팀,2313. 금원빌딩 앞,241,2022-02-01,대여소별 이용정보 22.2.csv
광진구,중랑1팀,555. 구의3동주민센터,241,2022-02-01,대여소별 이용정보 22.2.csv
송파구,천호2팀,2643.풍납중학교 측면,242,2022-02-01,대여소별 이용정보 22.2.csv
송파구,천호2팀,4472. 송파파크데일 1단지 115동 건너편,242,2022-02-01,대여소별 이용정보 22.2.csv
은평구,상암3팀,954. 은평뉴타운구파발9단지,242,2022-02-01,대여소별 이용정보 22.2.csv
중구,세종로2팀,470.회현역 7번출구,242,2022-02-01,대여소별 이용정보 22.2.csv
중랑구,중랑3팀,4835. 망우동 본죽 앞,242,2022-02-01,대여소별 이용정보 22.2.csv
금천구,천왕3팀,3968. 독산동 현대홈타운 금천과선교 앞,242,2022-02-01,대여소별 이용정보 22.2.csv
강동구,천호1팀,1041. 묘곡초등학교,242,2022-02-01,대여소별 이용정보 22.2.csv
영등포구,영남3팀,4555. 대림우성2차아파트,243,2022-02-01,대여소별 이용정보 22.2.csv
중구,세종로2팀,4785. 롯데시티호텔,243,2022-02-01,대여소별 이용정보 22.2.csv
마포구,상암1팀,4224. 서부운전면허시험장,243,2022-02-01,대여소별 이용정보 22.2.csv
노원구,도봉1팀,1696.수락리버시티4단지,244,2022-02-01,대여소별 이용정보 22.2.csv
동작구,이수2팀,2069. 숭실대 입구역3번 출구 앞,244,2022-02-01,대여소별 이용정보 22.2.csv
금천구,천왕3팀,1819. 금천구청 앞 자전거거치대,244,2022-02-01,대여소별 이용정보 22.2.csv
용산구,세종로 4팀,4603. 한강GS에클라트 건너편 교통섬,245,2022-02-01,대여소별 이용정보 22.2.csv
서대문구,상암2팀,3132.홍제교,245,2022-02-01,대여소별 이용정보 22.2.csv
강서구,개화2팀,3770. 남부순환로 205,246,2022-02-01,대여소별 이용정보 22.2.csv
광진구,중랑1팀,3588.세종대학교(영실관),247,2022-02-01,대여소별 이용정보 22.2.csv
서초구,이수3팀,2514.사평역 2번출구,247,2022-02-01,대여소별 이용정보 22.2.csv
은평구,상암3팀,964. 북한산힐스테이트 7차아파트,247,2022-02-01,대여소별 이용정보 22.2.csv
도봉구,도봉3팀,1750. 창포원 남쪽 입구,248,2022-02-01,대여소별 이용정보 22.2.csv
강남구,이수1팀,3609. 언주초등학교 입구,248,2022-02-01,대여소별 이용정보 22.2.csv
강동구,천호1팀,3673. 강동리버스트6단지,248,2022-02-01,대여소별 이용정보 22.2.csv
강동구,천호1팀,1064.중앙보훈병원역 1번출구,249,2022-02-01,대여소별 이용정보 22.2.csv
강동구,천호1팀,3655. 둔촌신성미소지움아파트,250,2022-02-01,대여소별 이용정보 22.2.csv
동대문구,훈련원3팀,636. 세종대왕기념관 교차로,250,2022-02-01,대여소별 이용정보 22.2.csv
강동구,천호1팀,1018. 둔촌 주공 GS 맞은편,250,2022-02-01,대여소별 이용정보 22.2.csv
송파구,천호2팀,1258. 가락미륭아파트 앞,251,2022-02-01,대여소별 이용정보 22.2.csv
성동구,중랑2팀,3553.마장역3번출구,251,2022-02-01,대여소별 이용정보 22.2.csv
동작구,영남2팀,2057. 상도 아이파크 아파트,251,2022-02-01,대여소별 이용정보 22.2.csv
양천구,개화4팀,757. 신정이펜하우스 1단지아파트 입구 사거리,252,2022-02-01,대여소별 이용정보 22.2.csv
서초구,이수1팀,2285. LH서초3단지 301동 맞은편,252,2022-02-01,대여소별 이용정보 22.2.csv
금천구,천왕3팀,3977. 말미사거리,252,2022-02-01,대여소별 이용정보 22.2.csv
강남구,학여울1팀,"2419.봉은사역 1,2번 출구",253,2022-02-01,대여소별 이용정보 22.2.csv
은평구,상암2팀,901. 응암1동사무소,253,2022-02-01,대여소별 이용정보 22.2.csv
강남구,학여울1팀,2315. 봉은사역 5번출구 옆,254,2022-02-01,대여소별 이용정보 22.2.csv
양천구,천왕1팀,724. 계남공원 입구 주출입구 좌측,254,2022-02-01,대여소별 이용정보 22.2.csv
은평구,상암3팀,4653. 불광역 9번 출구 맞은편,254,2022-02-01,대여소별 이용정보 22.2.csv
강동구,천호1팀,3676. 강동리엔파크9단지,255,2022-02-01,대여소별 이용정보 22.2.csv
송파구,천호2팀,1300. 오륜사거리,255,2022-02-01,대여소별 이용정보 22.2.csv
동대문구,훈련원3팀,672.대광고등학교,256,2022-02-01,대여소별 이용정보 22.2.csv
구로구,천왕1팀,3918. 이좋은집오피스텔 앞,256,2022-02-01,대여소별 이용정보 22.2.csv
강남구,학여울1팀,2331. 동영문화센터앞,256,2022-02-01,대여소별 이용정보 22.2.csv
서초구,이수3팀,4316. 고속터미널역 3번출구,256,2022-02-01,대여소별 이용정보 22.2.csv
구로구,천왕1팀,2822.제니스스포츠 앞,256,2022-02-01,대여소별 이용정보 22.2.csv
영등포구,영남3팀,282. 신한은행 대림동지점,256,2022-02-01,대여소별 이용정보 22.2.csv
영등포구,영남3팀,4578.보라매sk뷰,257,2022-02-01,대여소별 이용정보 22.2.csv
송파구,천호2팀,1213. 백토공원 앞,257,2022-02-01,대여소별 이용정보 22.2.csv
서대문구,상암2팀,4253. 홍은도담도서관,257,2022-02-01,대여소별 이용정보 22.2.csv
금천구,천왕3팀,3969. 독산역 롯데캐슬 104동 앞,258,2022-02-01,대여소별 이용정보 22.2.csv
중랑구,중랑3팀,1436. 동원베네스트 건물 앞,258,2022-02-01,대여소별 이용정보 22.2.csv
도봉구,도봉3팀,1727. 서울도봉초등학교인근,258,2022-02-01,대여소별 이용정보 22.2.csv
양천구,천왕1팀,760. 잣절보도육교 아래,258,2022-02-01,대여소별 이용정보 22.2.csv
강남구,학여울1팀,2312. 청담역 13번 출구 앞,259,2022-02-01,대여소별 이용정보 22.2.csv
강남구,학여울1팀,2320. 도곡역 대치지구대 방향,259,2022-02-01,대여소별 이용정보 22.2.csv
마포구,상암1팀,4238. 상암한샘빌딩앞,259,2022-02-01,대여소별 이용정보 22.2.csv
노원구,도봉2팀,4009. 월계프라자,259,2022-02-01,대여소별 이용정보 22.2.csv
강남구,학여울1팀,2381. 언주역 6번출구앞,260,2022-02-01,대여소별 이용정보 22.2.csv
성북구,훈련원2팀,4414. 안암역 3번 출구,260,2022-02-01,대여소별 이용정보 22.2.csv
강북구,도봉4팀,1532. 번3동 주민센터 교차로,260,2022-02-01,대여소별 이용정보 22.2.csv
송파구,학여울2팀,4475. 송파파인타운 4단지 403동,261,2022-02-01,대여소별 이용정보 22.2.csv
은평구,상암3팀,927. 연신내역 3번출구 인근,261,2022-02-01,대여소별 이용정보 22.2.csv
서초구,이수1팀,2205. 내곡3단지 어린이공원 앞,261,2022-02-01,대여소별 이용정보 22.2.csv
마포구,상암1팀,406. 상암월드컵파크 7단지 앞,261,2022-02-01,대여소별 이용정보 22.2.csv
송파구,천호2팀,4485. 잠실나루역 고가하부,261,2022-02-01,대여소별 이용정보 22.2.csv
용산구,세종로3팀,4629. 한강초교보도육교 앞,261,2022-02-01,대여소별 이용정보 22.2.csv
성북구,훈련원2팀,1394.길음뉴타운 래미안9단지,262,2022-02-01,대여소별 이용정보 22.2.csv
강북구,도봉4팀,1525. 미아동 복합청사,262,2022-02-01,대여소별 이용정보 22.2.csv
관악구,영남2팀,2172. 나들목공원,262,2022-02-01,대여소별 이용정보 22.2.csv
강남구,학여울1팀,2319. 포스코사거리 서측(수협 삼성동 지점),262,2022-02-01,대여소별 이용정보 22.2.csv
용산구,세종로 4팀,850. KCC용산월츠타워,262,2022-02-01,대여소별 이용정보 22.2.csv
구로구,천왕2팀,1998. 고척교 교차로,262,2022-02-01,대여소별 이용정보 22.2.csv
송파구,천호2팀,1275. 거여초등학교 옆,262,2022-02-01,대여소별 이용정보 22.2.csv
영등포구,영남3팀,260. 여의도 마리나선착장 앞,263,2022-02-01,대여소별 이용정보 22.2.csv
동작구,이수2팀,2071. 대림아파트 후문 상가 옆,263,2022-02-01,대여소별 이용정보 22.2.csv
강남구,학여울1팀,2364. 도산공원교차로,264,2022-02-01,대여소별 이용정보 22.2.csv
강북구,도봉4팀,1528. 삼각산동 주민센터,264,2022-02-01,대여소별 이용정보 22.2.csv
강북구,도봉4팀,1516. 우이초등학교 후문 옆,264,2022-02-01,대여소별 이용정보 22.2.csv
중랑구,중랑3팀,1412. 면목초등학교,264,2022-02-01,대여소별 이용정보 22.2.csv
성동구,중랑2팀,3545.한양대역 1번출구,264,2022-02-01,대여소별 이용정보 22.2.csv
서초구,이수3팀,2227.방배열린문화센터 앞,265,2022-02-01,대여소별 이용정보 22.2.csv
성북구,훈련원2팀,4411. 동산어린이공원 앞,265,2022-02-01,대여소별 이용정보 22.2.csv
성북구,훈련원2팀,1391.성북청소년센터,265,2022-02-01,대여소별 이용정보 22.2.csv
서초구,이수1팀,2549.LH 서초 4단지 403동,266,2022-02-01,대여소별 이용정보 22.2.csv
강북구,도봉4팀,1574.송중초등학교 옆,266,2022-02-01,대여소별 이용정보 22.2.csv
성북구,훈련원2팀,1346. 길음8골어린이공원 옆,267,2022-02-01,대여소별 이용정보 22.2.csv
서초구,이수2팀,4318. 방배역 2번 출구,268,2022-02-01,대여소별 이용정보 22.2.csv
도봉구,도봉3팀,1758.북서울교회 버스정류소 앞,268,2022-02-01,대여소별 이용정보 22.2.csv
동대문구,훈련원3팀,666.이문대성유니드아파트 앞,269,2022-02-01,대여소별 이용정보 22.2.csv
서초구,이수1팀,2246. 서울시 품질시험소 앞,269,2022-02-01,대여소별 이용정보 22.2.csv
송파구,학여울2팀,1287. 위례아이파크 101동 맞은편,269,2022-02-01,대여소별 이용정보 22.2.csv
강동구,천호1팀,3658. 프라이어팰리스아파트,269,2022-02-01,대여소별 이용정보 22.2.csv
강남구,학여울1팀,2360. 도곡1동 주민센터 교차로,269,2022-02-01,대여소별 이용정보 22.2.csv
종로구,훈련원1팀,4703. 쌍용아파트2단지 정문,270,2022-02-01,대여소별 이용정보 22.2.csv
도봉구,도봉3팀,1770.도봉한신아파트 주변,270,2022-02-01,대여소별 이용정보 22.2.csv
관악구,이수2팀,2186. 낙성대입구삼거리,270,2022-02-01,대여소별 이용정보 22.2.csv
도봉구,도봉3팀,1751. 창원초등학교 교차로,270,2022-02-01,대여소별 이용정보 22.2.csv
강남구,학여울1팀,2385. 학동역,270,2022-02-01,대여소별 이용정보 22.2.csv
관악구,영남2팀,3807. 관악우체국 교차로,271,2022-02-01,대여소별 이용정보 22.2.csv
금천구,천왕3팀,1868.우리은행 시흥남자동화점 앞,271,2022-02-01,대여소별 이용정보 22.2.csv
영등포구,영남3팀,3203.도림동배드민턴체육관,271,2022-02-01,대여소별 이용정보 22.2.csv
은평구,상암2팀,939. 은평구청 교차로,271,2022-02-01,대여소별 이용정보 22.2.csv
도봉구,도봉3팀,1702. 녹천역 1번출구 앞,272,2022-02-01,대여소별 이용정보 22.2.csv
구로구,천왕1팀,2819.하늘숲초등학교 앞,272,2022-02-01,대여소별 이용정보 22.2.csv
동대문구,훈련원3팀,671.대광빌딩,272,2022-02-01,대여소별 이용정보 22.2.csv
금천구,천왕3팀,1843. 독산고등학교,272,2022-02-01,대여소별 이용정보 22.2.csv
구로구,천왕2팀,1976. 남구로역 5번 출입구 앞,273,2022-02-01,대여소별 이용정보 22.2.csv
중랑구,중랑3팀,1420. 신내어울공원 앞,274,2022-02-01,대여소별 이용정보 22.2.csv
은평구,상암3팀,976.진관고등학교앞,274,2022-02-01,대여소별 이용정보 22.2.csv
강남구,학여울1팀,2389. 경기여자고등학교 후문 (삼성로3길 입구),274,2022-02-01,대여소별 이용정보 22.2.csv
은평구,상암3팀,922. 연신내역 4번출구,274,2022-02-01,대여소별 이용정보 22.2.csv
강남구,학여울1팀,2357. 르네상스호텔사거리 역삼지하보도 3번출구 앞 (더 오번 빌딩 명동칼국수 앞),275,2022-02-01,대여소별 이용정보 22.2.csv
강남구,학여울1팀,2430.강남파이낸스센터앞(역삼역2번출구),275,2022-02-01,대여소별 이용정보 22.2.csv
강남구,학여울1팀,2323. 주식회사 오뚜기 정문 앞,276,2022-02-01,대여소별 이용정보 22.2.csv
강남구,학여울1팀,2317. 삼성도로공원,276,2022-02-01,대여소별 이용정보 22.2.csv
동작구,영남2팀,2065. 서울시여성가족재단,276,2022-02-01,대여소별 이용정보 22.2.csv
중랑구,중랑3팀,1468.먹골역 7번 출구,276,2022-02-01,대여소별 이용정보 22.2.csv
동대문구,훈련원4팀,652. 답십리 래미안엘파인아파트 입구,276,2022-02-01,대여소별 이용정보 22.2.csv
금천구,천왕3팀,1835. STX V타워,276,2022-02-01,대여소별 이용정보 22.2.csv
금천구,천왕3팀,1821. 홈플러스 시흥점 맞은편 다비치안경 앞,277,2022-02-01,대여소별 이용정보 22.2.csv
종로구,훈련원1팀,343. 예일빌딩(율곡로) 앞,277,2022-02-01,대여소별 이용정보 22.2.csv
관악구,이수2팀,2198.사랑의병원,277,2022-02-01,대여소별 이용정보 22.2.csv
중랑구,중랑3팀,1472.영성빌딩(PAT),277,2022-02-01,대여소별 이용정보 22.2.csv
은평구,상암3팀,925. 불광역 2번출구,278,2022-02-01,대여소별 이용정보 22.2.csv
종로구,훈련원1팀,337. 창경궁 입구,278,2022-02-01,대여소별 이용정보 22.2.csv
종로구,세종로2팀,352. 중앙고입구 삼거리,278,2022-02-01,대여소별 이용정보 22.2.csv
성동구,중랑2팀,518. 청계천 박물관 앞,278,2022-02-01,대여소별 이용정보 22.2.csv
성북구,훈련원2팀,1348. 성북제일새마을금고 본점 앞,279,2022-02-01,대여소별 이용정보 22.2.csv
은평구,상암3팀,903. 은평뉴타운 아이파크,279,2022-02-01,대여소별 이용정보 22.2.csv
노원구,도봉2팀,2914.서울과학기술대학교(미래관),280,2022-02-01,대여소별 이용정보 22.2.csv
도봉구,도봉3팀,1722. 창동청소년수련관,280,2022-02-01,대여소별 이용정보 22.2.csv
은평구,상암3팀,946. 독바위역,281,2022-02-01,대여소별 이용정보 22.2.csv
은평구,상암3팀,941. 은평뉴타운 도서관,281,2022-02-01,대여소별 이용정보 22.2.csv
마포구,상암1팀,4202. 프런트원(공덕역4번출구 앞),281,2022-02-01,대여소별 이용정보 22.2.csv
영등포구,영남3팀,4589. KRX한국거래소(1),281,2022-02-01,대여소별 이용정보 22.2.csv
은평구,상암3팀,923. 국민은행 연서지점,282,2022-02-01,대여소별 이용정보 22.2.csv
성북구,훈련원2팀,1360. 정릉역,283,2022-02-01,대여소별 이용정보 22.2.csv
마포구,상암1팀,125. 서강대 남문 옆,283,2022-02-01,대여소별 이용정보 22.2.csv
동대문구,훈련원4팀,664. 서울시립대 건설공학관,283,2022-02-01,대여소별 이용정보 22.2.csv
양천구,천왕1팀,743. 현대6차아파트 101동 옆,284,2022-02-01,대여소별 이용정보 22.2.csv
은평구,상암3팀,993.은평뉴타운 은뜨락아파트앞,284,2022-02-01,대여소별 이용정보 22.2.csv
종로구,훈련원1팀,3402.이화공영주차장,284,2022-02-01,대여소별 이용정보 22.2.csv
강동구,천호1팀,1073.SSTS 몰 앞,284,2022-02-01,대여소별 이용정보 22.2.csv
송파구,학여울2팀,2657.송파 파인타운 11단지,285,2022-02-01,대여소별 이용정보 22.2.csv
송파구,학여울2팀,1240. 문정 법조단지4,285,2022-02-01,대여소별 이용정보 22.2.csv
중구,훈련원1팀,347. 동대문역사문화공원역 9번출구 앞,285,2022-02-01,대여소별 이용정보 22.2.csv
관악구,영남2팀,3310.영락고등학교,285,2022-02-01,대여소별 이용정보 22.2.csv
광진구,중랑1팀,3853. 어린이대공원역 2번출구,285,2022-02-01,대여소별 이용정보 22.2.csv
양천구,개화2팀,4530. 방아다리어린이공원,286,2022-02-01,대여소별 이용정보 22.2.csv
관악구,이수2팀,3307.봉천고개 육교,287,2022-02-01,대여소별 이용정보 22.2.csv
서초구,이수1팀,2293. SPC 앞,287,2022-02-01,대여소별 이용정보 22.2.csv
광진구,중랑1팀,3880. 홍련봉 공원,287,2022-02-01,대여소별 이용정보 22.2.csv
동작구,이수2팀,2036. 정금마을 마을버스정류장,287,2022-02-01,대여소별 이용정보 22.2.csv
강남구,학여울1팀,2326. 대치동 삼성로,287,2022-02-01,대여소별 이용정보 22.2.csv
중랑구,중랑3팀,1405. 망우역 1번출구,288,2022-02-01,대여소별 이용정보 22.2.csv
용산구,세종로3팀,802. 한강진역 2번 출구 앞,288,2022-02-01,대여소별 이용정보 22.2.csv
금천구,천왕3팀,1831. 메이퀸웨딩컨벤션 앞,288,2022-02-01,대여소별 이용정보 22.2.csv
동작구,이수2팀,2062. 사당새마을금고,288,2022-02-01,대여소별 이용정보 22.2.csv
금천구,천왕3팀,3956. 대륭테크노타운21차 앞,288,2022-02-01,대여소별 이용정보 22.2.csv
금천구,천왕3팀,1822. 서울 시흥동우체국 앞,289,2022-02-01,대여소별 이용정보 22.2.csv
관악구,영남2팀,2196. 봉천역 3번출구,289,2022-02-01,대여소별 이용정보 22.2.csv
중랑구,중랑3팀,1465.중랑공영차고지 옆,289,2022-02-01,대여소별 이용정보 22.2.csv
은평구,상암3팀,4676. 갈현1동 주민센터,290,2022-02-01,대여소별 이용정보 22.2.csv
종로구,훈련원1팀,452. 동대문 종합시장 버스정류장,290,2022-02-01,대여소별 이용정보 22.2.csv
마포구,상암1팀,440. 하늘공원 입구,290,2022-02-01,대여소별 이용정보 22.2.csv
은평구,상암3팀,4671. 청구성심병원 앞,290,2022-02-01,대여소별 이용정보 22.2.csv
강북구,도봉4팀,1542. 삼양사거리역,290,2022-02-01,대여소별 이용정보 22.2.csv
강남구,학여울1팀,2349. 역삼빌딩 앞(하나은행 옆),290,2022-02-01,대여소별 이용정보 22.2.csv
동대문구,훈련원3팀,4103. 휘경sk뷰아파트 앞,290,2022-02-01,대여소별 이용정보 22.2.csv
강북구,도봉4팀,1568.4.19민주묘지 입구사거리,290,2022-02-01,대여소별 이용정보 22.2.csv
성동구,중랑2팀,3525. 금호스포츠센터앞,290,2022-02-01,대여소별 이용정보 22.2.csv
마포구,상암1팀,4207. 아만티호텔 앞,291,2022-02-01,대여소별 이용정보 22.2.csv
노원구,도봉2팀,4033. 녹천역 4번 출구 옆,291,2022-02-01,대여소별 이용정보 22.2.csv
강동구,천호1팀,3694. 강동리엔파크 11단지,292,2022-02-01,대여소별 이용정보 22.2.csv
서초구,이수2팀,2511. 이수역 6번출구 앞,292,2022-02-01,대여소별 이용정보 22.2.csv
관악구,영남2팀,2136. 신림역 8번출구,292,2022-02-01,대여소별 이용정보 22.2.csv
강서구,개화3팀,1137. 등촌2동주민센터,292,2022-02-01,대여소별 이용정보 22.2.csv
성북구,훈련원2팀,1358. 정릉도서관 앞,292,2022-02-01,대여소별 이용정보 22.2.csv
서초구,이수3팀,2521.서초 크로바타워 앞,293,2022-02-01,대여소별 이용정보 22.2.csv
관악구,영남2팀,2137. KT&G 관악지점,293,2022-02-01,대여소별 이용정보 22.2.csv
강동구,천호1팀,3685. 강동리엔파크14단지(1401동 앞),293,2022-02-01,대여소별 이용정보 22.2.csv
강남구,학여울2팀,2411. 세곡동 성당,293,2022-02-01,대여소별 이용정보 22.2.csv
서초구,이수3팀,2268. 서초4동주민센터,294,2022-02-01,대여소별 이용정보 22.2.csv
은평구,상암2팀,909. 백련산 힐스테이트 3차,294,2022-02-01,대여소별 이용정보 22.2.csv
강남구,학여울1팀,2429.압구정로데오역 6번출구,294,2022-02-01,대여소별 이용정보 22.2.csv
중구,세종로2팀,324. 신세계백화점 본점 앞,294,2022-02-01,대여소별 이용정보 22.2.csv
서대문구,상암1팀,196. 연희교차로 인근,294,2022-02-01,대여소별 이용정보 22.2.csv
중랑구,중랑3팀,4825. 신내동 벽산아파트 후문 앞,294,2022-02-01,대여소별 이용정보 22.2.csv
성동구,중랑2팀,586. 마장동 주민센터,294,2022-02-01,대여소별 이용정보 22.2.csv
중랑구,중랑3팀,1457. 동원사거리,294,2022-02-01,대여소별 이용정보 22.2.csv
도봉구,도봉3팀,"1735. 도봉역 1,2번 출구사이 건너편",294,2022-02-01,대여소별 이용정보 22.2.csv
강서구,개화3팀,5067. 주원 리젠트 앞,295,2022-02-01,대여소별 이용정보 22.2.csv
강남구,학여울1팀,2353. 강남구청역 2번출구 뒤,295,2022-02-01,대여소별 이용정보 22.2.csv
중구,세종로 4팀,485.서울역5번출구,295,2022-02-01,대여소별 이용정보 22.2.csv
강동구,천호1팀,1025. 상일초등학교,295,2022-02-01,대여소별 이용정보 22.2.csv
동대문구,훈련원3팀,607. 신이문역 2번출구,295,2022-02-01,대여소별 이용정보 22.2.csv
종로구,세종로1팀,351. 청운초교 앞 삼거리,296,2022-02-01,대여소별 이용정보 22.2.csv
노원구,도봉2팀,1642. 서울여대 남문,296,2022-02-01,대여소별 이용정보 22.2.csv
영등포구,영남1팀,3221.서울특별시 남부교육지원청,296,2022-02-01,대여소별 이용정보 22.2.csv
강남구,학여울2팀,3644. 상록수아파트,296,2022-02-01,대여소별 이용정보 22.2.csv
강동구,천호1팀,1015. 샛마을 근린공원,296,2022-02-01,대여소별 이용정보 22.2.csv
용산구,세종로 4팀,852.청암자이APT(103동),296,2022-02-01,대여소별 이용정보 22.2.csv
강동구,천호1팀,1016. 해뜨는 주유소옆 리엔파크 109동앞,296,2022-02-01,대여소별 이용정보 22.2.csv
강남구,학여울2팀,2321. 학여울역 사거리,297,2022-02-01,대여소별 이용정보 22.2.csv
송파구,천호2팀,4462. 가락중학교 앞,297,2022-02-01,대여소별 이용정보 22.2.csv
서초구,이수3팀,2299. 한전아트센터 앞,298,2022-02-01,대여소별 이용정보 22.2.csv
강북구,도봉4팀,1543. 수유1동 주민센터,298,2022-02-01,대여소별 이용정보 22.2.csv
송파구,천호2팀,1299. 송파소방서 (방이119안전센터),299,2022-02-01,대여소별 이용정보 22.2.csv
송파구,천호2팀,4855. 거여5단지 503동 앞,299,2022-02-01,대여소별 이용정보 22.2.csv
강남구,학여울1팀,2396. 영동3교 북단(우성캐릭터 앞 보도),299,2022-02-01,대여소별 이용정보 22.2.csv
종로구,훈련원1팀,3419.국립어린이과학관,300,2022-02-01,대여소별 이용정보 22.2.csv
강동구,천호1팀,1070.(시립)고덕평생학습관,300,2022-02-01,대여소별 이용정보 22.2.csv
서대문구,상암2팀,169. 북가좌 삼거리,300,2022-02-01,대여소별 이용정보 22.2.csv
중구,세종로 4팀,441.염천교사거리,300,2022-02-01,대여소별 이용정보 22.2.csv
용산구,세종로3팀,813. 삼각지역 3번출구,300,2022-02-01,대여소별 이용정보 22.2.csv
동작구,이수2팀,4173. 중대후문 마을버스정류장,300,2022-02-01,대여소별 이용정보 22.2.csv
용산구,세종로 4팀,828. 숙대입구역 8번,301,2022-02-01,대여소별 이용정보 22.2.csv
중구,세종로2팀,471.회현사거리 남측,301,2022-02-01,대여소별 이용정보 22.2.csv
양천구,개화4팀,733. 신정이펜하우스314동,301,2022-02-01,대여소별 이용정보 22.2.csv
종로구,세종로2팀,4707. 청계3가 사거리,301,2022-02-01,대여소별 이용정보 22.2.csv
은평구,상암2팀,979.원풍빌라앞,301,2022-02-01,대여소별 이용정보 22.2.csv
강남구,학여울2팀,2387. 래미안강남힐즈 사거리,302,2022-02-01,대여소별 이용정보 22.2.csv
서초구,이수1팀,2250. 서초유치원 맞은편,302,2022-02-01,대여소별 이용정보 22.2.csv
성동구,중랑2팀,4367. kt 행당빌딩 앞,302,2022-02-01,대여소별 이용정보 22.2.csv
금천구,천왕3팀,3983. 금천구청역 1번 출구,302,2022-02-01,대여소별 이용정보 22.2.csv
종로구,훈련원1팀,364. 창신역 1번출구 앞,302,2022-02-01,대여소별 이용정보 22.2.csv
서대문구,상암1팀,137. 신촌기차역입구 교차로,303,2022-02-01,대여소별 이용정보 22.2.csv
광진구,중랑1팀,572. 국립정신 건강센터 앞,303,2022-02-01,대여소별 이용정보 22.2.csv
도봉구,도봉3팀,1772.시립도봉노인복지관 버스정류소,303,2022-02-01,대여소별 이용정보 22.2.csv
영등포구,영남3팀,250. 대림아파트 사거리,303,2022-02-01,대여소별 이용정보 22.2.csv
서초구,이수1팀,4303. 매헌역 2번출구앞광역버스 정류장앞(22-297),303,2022-02-01,대여소별 이용정보 22.2.csv
노원구,도봉1팀,4002. 상계주공 14단지 상가 앞,304,2022-02-01,대여소별 이용정보 22.2.csv
강동구,천호1팀,1057. 능골근린공원,304,2022-02-01,대여소별 이용정보 22.2.csv
성북구,훈련원2팀,1325. 상월곡역 4번출구,304,2022-02-01,대여소별 이용정보 22.2.csv
서대문구,상암2팀,3123.DMC파크뷰자이1단지 110동 앞,305,2022-02-01,대여소별 이용정보 22.2.csv
관악구,이수2팀,2122. 낙성대로 입구,305,2022-02-01,대여소별 이용정보 22.2.csv
광진구,중랑1팀,3529. 어린이대공원정문,305,2022-02-01,대여소별 이용정보 22.2.csv
서대문구,상암2팀,3129.DMC래미안e편한세상203동옆,305,2022-02-01,대여소별 이용정보 22.2.csv
강서구,개화3팀,5065. 허준박물관삼거리,306,2022-02-01,대여소별 이용정보 22.2.csv
도봉구,도봉3팀,1719. 신도봉사거리 버스정류장,306,2022-02-01,대여소별 이용정보 22.2.csv
서초구,이수3팀,2518.서초3교(효령로70길 방면),306,2022-02-01,대여소별 이용정보 22.2.csv
송파구,학여울2팀,1266. 문정동 글샘 공원,306,2022-02-01,대여소별 이용정보 22.2.csv
양천구,개화4팀,712. 강월초교입구 사거리,307,2022-02-01,대여소별 이용정보 22.2.csv
성동구,중랑2팀,510. 서울숲 남문 버스정류소 옆,307,2022-02-01,대여소별 이용정보 22.2.csv
중구,세종로2팀,4774. 을지로입구역 8번출구,307,2022-02-01,대여소별 이용정보 22.2.csv
송파구,천호2팀,2654.올림픽선수촌아파트 136동 앞,307,2022-02-01,대여소별 이용정보 22.2.csv
성북구,훈련원2팀,1340. 광운초등학교 앞,308,2022-02-01,대여소별 이용정보 22.2.csv
중구,세종로1팀,391. 시립미술관,309,2022-02-01,대여소별 이용정보 22.2.csv
영등포구,영남1팀,233. 양평1동 YP센터 앞,309,2022-02-01,대여소별 이용정보 22.2.csv
강북구,도봉4팀,3711. 월계2교 교차로,309,2022-02-01,대여소별 이용정보 22.2.csv
서초구,이수3팀,2271. 내방역 8번출구 앞,309,2022-02-01,대여소별 이용정보 22.2.csv
금천구,천왕3팀,1845. 롯데캐슬골드파크1차 서문,310,2022-02-01,대여소별 이용정보 22.2.csv
마포구,상암1팀,405. DMC빌 앞,310,2022-02-01,대여소별 이용정보 22.2.csv
강동구,천호1팀,1065.보훈병원 후문옆(더 원커피),310,2022-02-01,대여소별 이용정보 22.2.csv
영등포구,영남1팀,3207.양남사거리1,311,2022-02-01,대여소별 이용정보 22.2.csv
강동구,천호1팀,1049. 강일리버파크 10단지,311,2022-02-01,대여소별 이용정보 22.2.csv
양천구,개화4팀,790.화곡고가 사거리,311,2022-02-01,대여소별 이용정보 22.2.csv
서대문구,상암2팀,3130.가재울사거리,311,2022-02-01,대여소별 이용정보 22.2.csv
관악구,영남2팀,2127. 난곡종점,311,2022-02-01,대여소별 이용정보 22.2.csv
은평구,상암2팀,971. 역촌 센트레빌 아파트,312,2022-02-01,대여소별 이용정보 22.2.csv
중구,훈련원1팀,372. 약수역 3번출구 뒤,312,2022-02-01,대여소별 이용정보 22.2.csv
송파구,학여울2팀,4497. 아시아선수촌아파트 교차로,312,2022-02-01,대여소별 이용정보 22.2.csv
동작구,이수2팀,2095.경문고등학교 앞,313,2022-02-01,대여소별 이용정보 22.2.csv
관악구,영남2팀,2178. 서울대학교 정문,314,2022-02-01,대여소별 이용정보 22.2.csv
송파구,천호2팀,4463. 방이역 2번 출구,314,2022-02-01,대여소별 이용정보 22.2.csv
중구,세종로 4팀,4752. 삼성사이버빌리지아파트,314,2022-02-01,대여소별 이용정보 22.2.csv
은평구,상암3팀,"4663. 불광역3,6호선 버스정류장(동명여고 방면)",314,2022-02-01,대여소별 이용정보 22.2.csv
금천구,천왕3팀,3963. 에이스 하드웨어(시흥대로 396) 앞,315,2022-02-01,대여소별 이용정보 22.2.csv
강남구,학여울2팀,2337. 대모산입구역 2번출구 앞,315,2022-02-01,대여소별 이용정보 22.2.csv
성동구,중랑2팀,4360. 르노삼성자동차 성수사업소 앞,315,2022-02-01,대여소별 이용정보 22.2.csv
강북구,도봉4팀,1509. 서울북부수도사업소,315,2022-02-01,대여소별 이용정보 22.2.csv
서초구,이수1팀,2501. 서초 포레스타5단지,315,2022-02-01,대여소별 이용정보 22.2.csv
금천구,천왕3팀,3959. 시흥사거리(시흥동 994-3 앞),315,2022-02-01,대여소별 이용정보 22.2.csv
노원구,도봉1팀,1672. 상계동수락리버시티,316,2022-02-01,대여소별 이용정보 22.2.csv
관악구,영남2팀,2139. 서울신성초등학교,316,2022-02-01,대여소별 이용정보 22.2.csv
금천구,천왕3팀,1854. 가산아네스트 오피스텔 앞,316,2022-02-01,대여소별 이용정보 22.2.csv
동대문구,훈련원4팀,628. 휘봉고등학교 앞,316,2022-02-01,대여소별 이용정보 22.2.csv
강남구,학여울2팀,3618. 서울율현초교 삼거리,317,2022-02-01,대여소별 이용정보 22.2.csv
강북구,도봉4팀,1553.예수그리스도후기성도교회 앞,317,2022-02-01,대여소별 이용정보 22.2.csv
마포구,상암1팀,4211. 시석빌딩 앞,317,2022-02-01,대여소별 이용정보 22.2.csv
서대문구,상암1팀,159. 이대역 4번 출구,318,2022-02-01,대여소별 이용정보 22.2.csv
은평구,상암2팀,4677. 백련산 SK뷰 아이파크 해모로 아파트 앞,318,2022-02-01,대여소별 이용정보 22.2.csv
서초구,이수3팀,2259. 잠원역 3번-4번 출구사이,319,2022-02-01,대여소별 이용정보 22.2.csv
송파구,천호2팀,4493. 마천사거리 2,320,2022-02-01,대여소별 이용정보 22.2.csv
도봉구,도봉3팀,4074. 도봉구육아종합지원센터(창동),320,2022-02-01,대여소별 이용정보 22.2.csv
강북구,도봉4팀,1515. 송천동 주민센터,320,2022-02-01,대여소별 이용정보 22.2.csv
송파구,천호2팀,4895. 위례포레샤인15단지 상가,321,2022-02-01,대여소별 이용정보 22.2.csv
종로구,세종로1팀,3425.광화문 풍림스페이스본 1단지앞,321,2022-02-01,대여소별 이용정보 22.2.csv
성동구,중랑2팀,538. 답십리역 8번출구 앞,321,2022-02-01,대여소별 이용정보 22.2.csv
송파구,천호2팀,4856. 올림픽공원 서1문 앞,321,2022-02-01,대여소별 이용정보 22.2.csv
성북구,훈련원2팀,1339. 삼성전자서비스 성북센터,322,2022-02-01,대여소별 이용정보 22.2.csv
노원구,도봉1팀,1634. 당고개공원 대여소,322,2022-02-01,대여소별 이용정보 22.2.csv
송파구,학여울2팀,4875. 위례포레샤인13단지,322,2022-02-01,대여소별 이용정보 22.2.csv
서대문구,상암2팀,192. 연서어린이공원,322,2022-02-01,대여소별 이용정보 22.2.csv
강서구,개화1팀,1109. 공항시장역 4번출구,322,2022-02-01,대여소별 이용정보 22.2.csv
서초구,이수3팀,2212.서초현대4차아파트 201동 맞은편,322,2022-02-01,대여소별 이용정보 22.2.csv
광진구,중랑1팀,3863. 동일로58길 입구,323,2022-02-01,대여소별 이용정보 22.2.csv
송파구,천호2팀,4469. 거여동 어울림아파트 102동앞,323,2022-02-01,대여소별 이용정보 22.2.csv
마포구,상암1팀,407. 마포구 육아종합지원센터,324,2022-02-01,대여소별 이용정보 22.2.csv
양천구,개화4팀,713. 양서중학교 옆,324,2022-02-01,대여소별 이용정보 22.2.csv
강북구,도봉4팀,1518. SK telecom(수유직영점) 앞,325,2022-02-01,대여소별 이용정보 22.2.csv
강동구,천호1팀,1026. 대명초교 입구 교차로,325,2022-02-01,대여소별 이용정보 22.2.csv
구로구,천왕1팀,1936. 개봉역 1번 출구 자전거보관서쪽,327,2022-02-01,대여소별 이용정보 22.2.csv
강서구,개화2팀,5073. 우장산역 헤링턴타워 앞,327,2022-02-01,대여소별 이용정보 22.2.csv
광진구,중랑1팀,552. 대림아크로리버 앞,327,2022-02-01,대여소별 이용정보 22.2.csv
은평구,상암2팀,4659. 신진과학기술고등학교 버스정류장(응암시장 방면),327,2022-02-01,대여소별 이용정보 22.2.csv
동대문구,훈련원3팀,601. 용신동주민센터,328,2022-02-01,대여소별 이용정보 22.2.csv
관악구,영남2팀,2185. 대학동 고시촌,328,2022-02-01,대여소별 이용정보 22.2.csv
성동구,중랑2팀,4373. 서울숲 지식산업센터,328,2022-02-01,대여소별 이용정보 22.2.csv
도봉구,도봉3팀,1748. 피자헛 앞(도봉병원 옆),329,2022-02-01,대여소별 이용정보 22.2.csv
송파구,천호2팀,2617. 가락삼환아파트 앞,329,2022-02-01,대여소별 이용정보 22.2.csv
구로구,천왕2팀,1916. 구로중학교앞,329,2022-02-01,대여소별 이용정보 22.2.csv
중구,훈련원1팀,434. 신당 래미안 버스정류장,330,2022-02-01,대여소별 이용정보 22.2.csv
송파구,학여울2팀,1239. 문정 법조단지3,330,2022-02-01,대여소별 이용정보 22.2.csv
영등포구,영남3팀,215. 여의도고교 앞,330,2022-02-01,대여소별 이용정보 22.2.csv
송파구,천호2팀,4860. 가락쌍용2차아파트 103동,331,2022-02-01,대여소별 이용정보 22.2.csv
노원구,도봉2팀,4023. 월계역 1번 출구,331,2022-02-01,대여소별 이용정보 22.2.csv
동대문구,훈련원3팀,676.FITI시험연구원 앞,331,2022-02-01,대여소별 이용정보 22.2.csv
서초구,이수3팀,2538.사평리 공원,331,2022-02-01,대여소별 이용정보 22.2.csv
서대문구,상암1팀,171. 임광빌딩 앞,332,2022-02-01,대여소별 이용정보 22.2.csv
강서구,개화2팀,3767. 대원빌딩,332,2022-02-01,대여소별 이용정보 22.2.csv
서대문구,상암1팀,3113.독립문역사거리,332,2022-02-01,대여소별 이용정보 22.2.csv
서대문구,상암2팀,3122.북가좌삼거리2,332,2022-02-01,대여소별 이용정보 22.2.csv
서초구,이수3팀,2233. 서초신동아1차아파트 옆,332,2022-02-01,대여소별 이용정보 22.2.csv
은평구,상암3팀,900. 은평예술회관,333,2022-02-01,대여소별 이용정보 22.2.csv
노원구,도봉1팀,1628. 노일초등학교 앞,333,2022-02-01,대여소별 이용정보 22.2.csv
성동구,중랑2팀,594. 중랑물재생센터(서울새활용플라자),333,2022-02-01,대여소별 이용정보 22.2.csv
용산구,세종로 4팀,845. 용산 선인상가,334,2022-02-01,대여소별 이용정보 22.2.csv
강남구,학여울1팀,2308. 압구정파출소 앞,334,2022-02-01,대여소별 이용정보 22.2.csv
중구,세종로1팀,4753. 우리은행 서소문금융센터,335,2022-02-01,대여소별 이용정보 22.2.csv
동작구,영남2팀,2084.e편한세상 상도노빌리티 앞,335,2022-02-01,대여소별 이용정보 22.2.csv
중구,세종로2팀,332. 을지로2가 사거리 남측,335,2022-02-01,대여소별 이용정보 22.2.csv
송파구,학여울2팀,4886. 배명고등학교 건너편,336,2022-02-01,대여소별 이용정보 22.2.csv
금천구,천왕3팀,1829. 홈플러스 금천점 앞,336,2022-02-01,대여소별 이용정보 22.2.csv
서대문구,상암1팀,135. 명물길 원형무대 앞,336,2022-02-01,대여소별 이용정보 22.2.csv
송파구,천호2팀,1230. 송파중학교 정문,336,2022-02-01,대여소별 이용정보 22.2.csv
노원구,도봉1팀,1630. 수연빌딩 앞,337,2022-02-01,대여소별 이용정보 22.2.csv
양천구,개화4팀,759. 보아스아파트 앞,337,2022-02-01,대여소별 이용정보 22.2.csv
강남구,학여울1팀,2394. 개포래미안포레스트아파트 107동 앞,337,2022-02-01,대여소별 이용정보 22.2.csv
강남구,이수3팀,3606. 신사동주민센터 옆,338,2022-02-01,대여소별 이용정보 22.2.csv
동작구,영남2팀,2009. 보라매역 8번출구,338,2022-02-01,대여소별 이용정보 22.2.csv
광진구,중랑1팀,3505. 신양초교앞 교차로,338,2022-02-01,대여소별 이용정보 22.2.csv
중구,세종로2팀,331. 을지로2가 사거리 북측,338,2022-02-01,대여소별 이용정보 22.2.csv
광진구,중랑1팀,3523. 건국대학교 과학관(이과대) 앞,339,2022-02-01,대여소별 이용정보 22.2.csv
강남구,학여울1팀,2339. 현대아파트 정문 앞,339,2022-02-01,대여소별 이용정보 22.2.csv
용산구,세종로3팀,4620. 삼각지역 14번 출구 앞(교통섬),339,2022-02-01,대여소별 이용정보 22.2.csv
구로구,천왕1팀,1993. 금강수목원아파트 앞,339,2022-02-01,대여소별 이용정보 22.2.csv
금천구,천왕2팀,1812. 갑을그레이트밸리 앞,339,2022-02-01,대여소별 이용정보 22.2.csv
강남구,이수3팀,2410. 포스코피앤에스타워 (역삼역 3번출구 부근),340,2022-02-01,대여소별 이용정보 22.2.csv
강남구,이수3팀,2421. 신논현역 4번출구,340,2022-02-01,대여소별 이용정보 22.2.csv
서대문구,상암2팀,3110.홍은 현대아이파크 아파트 202동 앞,340,2022-02-01,대여소별 이용정보 22.2.csv
성북구,훈련원2팀,1368. 성신여대입구 교차로,340,2022-02-01,대여소별 이용정보 22.2.csv
송파구,학여울2팀,4456. 위례포레샤인 2310동 부근,341,2022-02-01,대여소별 이용정보 22.2.csv
성동구,중랑2팀,536. 행당역 2번출구 앞,341,2022-02-01,대여소별 이용정보 22.2.csv
강서구,개화2팀,5059. 화곡2동주민센터,341,2022-02-01,대여소별 이용정보 22.2.csv
서초구,이수1팀,2263. 바우뫼문화복지회관,341,2022-02-01,대여소별 이용정보 22.2.csv
양천구,개화3팀,774.등촌역 4번 출구,342,2022-02-01,대여소별 이용정보 22.2.csv
영등포구,영남3팀,4563. 여의도 은하아파트,342,2022-02-01,대여소별 이용정보 22.2.csv
동작구,이수2팀,2077.노들역 3번출구,343,2022-02-01,대여소별 이용정보 22.2.csv
중랑구,중랑3팀,4826. 홈플러스 면목점,343,2022-02-01,대여소별 이용정보 22.2.csv
서초구,이수3팀,2297. 남부터미널역 1번출구,344,2022-02-01,대여소별 이용정보 22.2.csv
서초구,이수3팀,2528.함지박 사거리,344,2022-02-01,대여소별 이용정보 22.2.csv
서초구,이수1팀,2273. 일동제약 사거리,344,2022-02-01,대여소별 이용정보 22.2.csv
관악구,이수2팀,2167. 낙성대역 1번출구,345,2022-02-01,대여소별 이용정보 22.2.csv
양천구,개화4팀,4518. 청기와빌딩,346,2022-02-01,대여소별 이용정보 22.2.csv
강남구,학여울1팀,2330. 역삼월드메르디앙아파트 앞,346,2022-02-01,대여소별 이용정보 22.2.csv
강동구,천호1팀,1033. 고덕동 아남아파트,347,2022-02-01,대여소별 이용정보 22.2.csv
강서구,개화2팀,"5056. 마곡역4,5번출구",347,2022-02-01,대여소별 이용정보 22.2.csv
동대문구,훈련원3팀,665.이문동 쌍용아파트 정문,347,2022-02-01,대여소별 이용정보 22.2.csv
성북구,훈련원2팀,1364. 성북동 치안센터 앞,347,2022-02-01,대여소별 이용정보 22.2.csv
종로구,세종로1팀,450. 효자동 삼거리,347,2022-02-01,대여소별 이용정보 22.2.csv
용산구,세종로3팀,839. 보광동 삼성리버빌아파트 앞,347,2022-02-01,대여소별 이용정보 22.2.csv
양천구,개화4팀,714. 한국SGI 양천문화회관 앞,349,2022-02-01,대여소별 이용정보 22.2.csv
강서구,개화3팀,2703.서울도시가스 앞,349,2022-02-01,대여소별 이용정보 22.2.csv
강남구,학여울1팀,2372. 대치역 사거리,349,2022-02-01,대여소별 이용정보 22.2.csv
노원구,도봉2팀,2903.월계초안아파트 1단지,349,2022-02-01,대여소별 이용정보 22.2.csv
송파구,천호2팀,2655.송이공원,349,2022-02-01,대여소별 이용정보 22.2.csv
양천구,개화4팀,777.신월6차보람아파트 앞,349,2022-02-01,대여소별 이용정보 22.2.csv
동작구,영남2팀,2085.강남중학교 앞,350,2022-02-01,대여소별 이용정보 22.2.csv
용산구,세종로3팀,809. 한남 유수지 복개주차장,350,2022-02-01,대여소별 이용정보 22.2.csv
마포구,상암1팀,416. 상암월드컵파크 1단지 교차로,350,2022-02-01,대여소별 이용정보 22.2.csv
중랑구,중랑3팀,4803. 상봉2동 주민센터 앞,350,2022-02-01,대여소별 이용정보 22.2.csv
강남구,학여울2팀,2375. 수서역 1번출구 앞,350,2022-02-01,대여소별 이용정보 22.2.csv
강서구,개화2팀,1130. 화곡본동시장 버스정류장,350,2022-02-01,대여소별 이용정보 22.2.csv
강북구,도봉4팀,1564.4.19민주묘지역 1번출구,350,2022-02-01,대여소별 이용정보 22.2.csv
성북구,훈련원2팀,1326. 상월곡역 1번출구,350,2022-02-01,대여소별 이용정보 22.2.csv
양천구,개화4팀,782.서남병원 후문,351,2022-02-01,대여소별 이용정보 22.2.csv
노원구,도봉2팀,1665. 양지근린공원앞,351,2022-02-01,대여소별 이용정보 22.2.csv
은평구,상암2팀,965. 서울특별시 은평병원,351,2022-02-01,대여소별 이용정보 22.2.csv
강북구,도봉4팀,1554.번동사거리,351,2022-02-01,대여소별 이용정보 22.2.csv
구로구,천왕1팀,1965. 삼환로즈빌아파트 105동 옆,352,2022-02-01,대여소별 이용정보 22.2.csv
광진구,중랑1팀,515. 광양중학교 앞,352,2022-02-01,대여소별 이용정보 22.2.csv
송파구,천호2팀,4867. 가락대림아파트 앞,353,2022-02-01,대여소별 이용정보 22.2.csv
동대문구,훈련원3팀,667.청량차도 육교 밑,353,2022-02-01,대여소별 이용정보 22.2.csv
은평구,상암2팀,4674. 녹번역e편한세상 캐슬 정문 앞,354,2022-02-01,대여소별 이용정보 22.2.csv
마포구,상암1팀,4212. 한화오벨리스크 앞,354,2022-02-01,대여소별 이용정보 22.2.csv
서초구,이수2팀,2229.로고스교회 맞은 편,354,2022-02-01,대여소별 이용정보 22.2.csv
강북구,도봉4팀,3718. 번동 SK LPG 충전소,355,2022-02-01,대여소별 이용정보 22.2.csv
광진구,중랑1팀,544. 광남중학교,356,2022-02-01,대여소별 이용정보 22.2.csv
도봉구,도봉3팀,1706. 기업은행 앞,356,2022-02-01,대여소별 이용정보 22.2.csv
구로구,천왕1팀,3906. 천왕차량사업소 입구,356,2022-02-01,대여소별 이용정보 22.2.csv
관악구,영남2팀,2156. 신림푸르지오아파트,357,2022-02-01,대여소별 이용정보 22.2.csv
관악구,영남2팀,2174. 삼성디지털프라자관악점,357,2022-02-01,대여소별 이용정보 22.2.csv
송파구,학여울2팀,4893. 문정법조단지12,357,2022-02-01,대여소별 이용정보 22.2.csv
서초구,이수3팀,2529.우리은행 방배동지점 앞,358,2022-02-01,대여소별 이용정보 22.2.csv
노원구,도봉1팀,4042. 상계문화정보도서관,358,2022-02-01,대여소별 이용정보 22.2.csv
도봉구,도봉3팀,4078. 원당공원 앞,358,2022-02-01,대여소별 이용정보 22.2.csv
강서구,개화1팀,2725.서울식물원 식물문화센터,359,2022-02-01,대여소별 이용정보 22.2.csv
강서구,개화1팀,3754. 신방화역 8번출구,359,2022-02-01,대여소별 이용정보 22.2.csv
중구,세종로2팀,322. 명동성당 앞,359,2022-02-01,대여소별 이용정보 22.2.csv
서초구,이수3팀,4307. 고투몰 gate 15옆,359,2022-02-01,대여소별 이용정보 22.2.csv
성동구,중랑2팀,535. 응봉삼거리,360,2022-02-01,대여소별 이용정보 22.2.csv
노원구,도봉1팀,4034. 상계근린공원 운동장 앞,360,2022-02-01,대여소별 이용정보 22.2.csv
강동구,천호1팀,1042. 강일리버파크 2~5단지,360,2022-02-01,대여소별 이용정보 22.2.csv
동대문구,훈련원3팀,4110. 용두롯데캐슬리치아파트 앞,360,2022-02-01,대여소별 이용정보 22.2.csv
서초구,이수3팀,2515.서초초등학교 후문,360,2022-02-01,대여소별 이용정보 22.2.csv
성북구,훈련원2팀,1373. 성북구보건소 건너편,361,2022-02-01,대여소별 이용정보 22.2.csv
중구,세종로2팀,318. 광교사거리 남측,361,2022-02-01,대여소별 이용정보 22.2.csv
송파구,천호2팀,"2626.경찰병원역 1,2번 출구 사이",361,2022-02-01,대여소별 이용정보 22.2.csv
용산구,세종로3팀,810. 이태원지하보도,361,2022-02-01,대여소별 이용정보 22.2.csv
마포구,상암1팀,121. 마포소방서 앞,361,2022-02-01,대여소별 이용정보 22.2.csv
성동구,중랑2팀,3552.서울숲 공영주차장앞,361,2022-02-01,대여소별 이용정보 22.2.csv
강서구,개화2팀,3792. 화곡본동시장 입구,362,2022-02-01,대여소별 이용정보 22.2.csv
성북구,훈련원2팀,1349. 월계2교 버스정류장 앞,362,2022-02-01,대여소별 이용정보 22.2.csv
은평구,상암3팀,982. 녹번초등학교(서오릉로),362,2022-02-01,대여소별 이용정보 22.2.csv
관악구,영남2팀,2144. 난우길입구,362,2022-02-01,대여소별 이용정보 22.2.csv
송파구,학여울2팀,2631.배명고등학교,362,2022-02-01,대여소별 이용정보 22.2.csv
강서구,개화3팀,2709.강변아파트 310동 앞,363,2022-02-01,대여소별 이용정보 22.2.csv
관악구,이수2팀,3815. 광일빌딩,363,2022-02-01,대여소별 이용정보 22.2.csv
송파구,학여울2팀,2603. 송파 글마루 도서관,363,2022-02-01,대여소별 이용정보 22.2.csv
강남구,학여울1팀,2328. 르네상스 호텔 사거리 역삼지하보도 7번출구 앞,363,2022-02-01,대여소별 이용정보 22.2.csv
영등포구,영남3팀,4576.보라매sk뷰 108동 앞,363,2022-02-01,대여소별 이용정보 22.2.csv
강서구,개화1팀,3801. 이랜드글로벌R&D센터,363,2022-02-01,대여소별 이용정보 22.2.csv
강동구,천호1팀,3689. 강일역 3번출구,363,2022-02-01,대여소별 이용정보 22.2.csv
중랑구,중랑3팀,1441. 신내능말공원,364,2022-02-01,대여소별 이용정보 22.2.csv
서초구,이수1팀,4317. 양재근린공원,364,2022-02-01,대여소별 이용정보 22.2.csv
마포구,상암1팀,156. 서울서부지방법원 앞,365,2022-02-01,대여소별 이용정보 22.2.csv
노원구,도봉2팀,4011. 월계 센트럴 아이파크,365,2022-02-01,대여소별 이용정보 22.2.csv
송파구,천호2팀,4873. 개롱역사거리 2번 출구,365,2022-02-01,대여소별 이용정보 22.2.csv
강남구,학여울1팀,2365. K+ 타워 앞,365,2022-02-01,대여소별 이용정보 22.2.csv
서초구,이수3팀,2523.뉴코아 킴스클럽 앞,365,2022-02-01,대여소별 이용정보 22.2.csv
서초구,이수3팀,2237.서울남부터미널 대합실 입구,366,2022-02-01,대여소별 이용정보 22.2.csv
중구,세종로 4팀,379. 서울역9번출구,366,2022-02-01,대여소별 이용정보 22.2.csv
중구,훈련원1팀,430. KEB하나은행 장충동지점,366,2022-02-01,대여소별 이용정보 22.2.csv
영등포구,영남1팀,4560. 양평동성원아파트,366,2022-02-01,대여소별 이용정보 22.2.csv
강동구,천호1팀,3665. 고덕센트럴 아이파크상가 앞,366,2022-02-01,대여소별 이용정보 22.2.csv
도봉구,도봉3팀,1746. 다이소방학점 앞,366,2022-02-01,대여소별 이용정보 22.2.csv
성북구,훈련원2팀,1302. 한성대입구역6번출구 뒤,367,2022-02-01,대여소별 이용정보 22.2.csv
동대문구,훈련원3팀,656. 영휘원 교차로,367,2022-02-01,대여소별 이용정보 22.2.csv
중구,훈련원1팀,477.앰배서더 호텔 주변,367,2022-02-01,대여소별 이용정보 22.2.csv
마포구,상암1팀,425. DMC첨단산업센터,367,2022-02-01,대여소별 이용정보 22.2.csv
송파구,학여울2팀,4480. 가락시장 남1문 사거리,367,2022-02-01,대여소별 이용정보 22.2.csv
양천구,개화4팀,4520. 대성유니드아파트,368,2022-02-01,대여소별 이용정보 22.2.csv
광진구,중랑1팀,3537. 아차산 휴먼시아 아파트 옆,368,2022-02-01,대여소별 이용정보 22.2.csv
서초구,이수1팀,2243.서울가정법원,368,2022-02-01,대여소별 이용정보 22.2.csv
노원구,도봉1팀,4014. 당고개역 3번 출구,368,2022-02-01,대여소별 이용정보 22.2.csv
중랑구,중랑3팀,1464.중화역 4번출구,368,2022-02-01,대여소별 이용정보 22.2.csv
노원구,도봉2팀,1641. 한내근린공원 남측,368,2022-02-01,대여소별 이용정보 22.2.csv
영등포구,영남3팀,251. 서울지방병무청 버스정류장,368,2022-02-01,대여소별 이용정보 22.2.csv
양천구,개화4팀,4517. 성보하이드로빌딩,368,2022-02-01,대여소별 이용정보 22.2.csv
금천구,천왕3팀,1846. 롯데캐슬골드파크1차 동문,368,2022-02-01,대여소별 이용정보 22.2.csv
서대문구,상암2팀,177. 북가좌 초등학교,368,2022-02-01,대여소별 이용정보 22.2.csv
구로구,천왕1팀,1937. 한진아파트 입구,369,2022-02-01,대여소별 이용정보 22.2.csv
동작구,영남2팀,2012. 대림사거리(동작상떼빌아파트),369,2022-02-01,대여소별 이용정보 22.2.csv
금천구,천왕3팀,1828. 한양수자인아파트 앞,369,2022-02-01,대여소별 이용정보 22.2.csv
송파구,학여울2팀,4880. 송파청소년센터,370,2022-02-01,대여소별 이용정보 22.2.csv
양천구,개화4팀,4507. 신정제일시장,370,2022-02-01,대여소별 이용정보 22.2.csv
영등포구,영남3팀,4590. KRX한국거래소(2),371,2022-02-01,대여소별 이용정보 22.2.csv
은평구,상암3팀,960. 구파발역 환승센터,371,2022-02-01,대여소별 이용정보 22.2.csv
마포구,상암1팀,4214. JTBC 앞,371,2022-02-01,대여소별 이용정보 22.2.csv
강서구,개화1팀,2743.동신아파트 104동 앞,372,2022-02-01,대여소별 이용정보 22.2.csv
광진구,중랑1팀,3886.광진구 민방위교육센터,372,2022-02-01,대여소별 이용정보 22.2.csv
강동구,천호1팀,1072.고덕역 5번출구,372,2022-02-01,대여소별 이용정보 22.2.csv
송파구,학여울2팀,1217. 송파파인타운 7단지,372,2022-02-01,대여소별 이용정보 22.2.csv
마포구,상암1팀,4226. 마포프레스티지자이 1,372,2022-02-01,대여소별 이용정보 22.2.csv
관악구,이수2팀,2128. 관악구청교차로,372,2022-02-01,대여소별 이용정보 22.2.csv
마포구,상암1팀,437. 대흥역 1번출구,372,2022-02-01,대여소별 이용정보 22.2.csv
은평구,상암3팀,904. 은평뉴타운 푸르지오,373,2022-02-01,대여소별 이용정보 22.2.csv
금천구,천왕3팀,1870.독산3동주민센터 앞,373,2022-02-01,대여소별 이용정보 22.2.csv
양천구,천왕1팀,4528. 양천구청역 1번출구,373,2022-02-01,대여소별 이용정보 22.2.csv
마포구,상암1팀,199. 서울 월드컵 경기장,373,2022-02-01,대여소별 이용정보 22.2.csv
관악구,이수2팀,2148. 낙성대역 3번출구 뒤,373,2022-02-01,대여소별 이용정보 22.2.csv
강남구,학여울1팀,3628. 역삼1동 주민센터,374,2022-02-01,대여소별 이용정보 22.2.csv
구로구,천왕1팀,1928. 고척스카이돔구장 광장,374,2022-02-01,대여소별 이용정보 22.2.csv
서초구,이수3팀,2524.반포쇼핑타운 8동 앞,374,2022-02-01,대여소별 이용정보 22.2.csv
서초구,이수1팀,2276. 영동1교 (양재천근린공원),374,2022-02-01,대여소별 이용정보 22.2.csv
은평구,상암3팀,962. 은평뉴타운 힐데스하임,374,2022-02-01,대여소별 이용정보 22.2.csv
강서구,개화2팀,2731.명덕고교,375,2022-02-01,대여소별 이용정보 22.2.csv
도봉구,도봉3팀,1716. 하나로마트 창동점,377,2022-02-01,대여소별 이용정보 22.2.csv
서대문구,상암2팀,4255. 래미안 루센티아 아파트 108동 앞,377,2022-02-01,대여소별 이용정보 22.2.csv
강남구,학여울2팀,2423.영희초교 사거리(래미안개포루체하임),377,2022-02-01,대여소별 이용정보 22.2.csv
마포구,상암1팀,3008.DMC역7번출구,378,2022-02-01,대여소별 이용정보 22.2.csv
강서구,개화1팀,1159. 서서울모터리움 앞,378,2022-02-01,대여소별 이용정보 22.2.csv
강서구,개화4팀,1145. 곰달래 문화복지센터 1-2,378,2022-02-01,대여소별 이용정보 22.2.csv
서대문구,상암1팀,173. 서대문역 8번출구 앞,378,2022-02-01,대여소별 이용정보 22.2.csv
동작구,이수2팀,2082.7호선 이수역7번출구,378,2022-02-01,대여소별 이용정보 22.2.csv
성북구,훈련원2팀,1395.래미안장위포레카운티(102동),378,2022-02-01,대여소별 이용정보 22.2.csv
서초구,이수1팀,2206. 언남초등학교 앞,378,2022-02-01,대여소별 이용정보 22.2.csv
성동구,중랑2팀,3550.금호나들목,378,2022-02-01,대여소별 이용정보 22.2.csv
서대문구,상암1팀,140. 이화여대 후문,379,2022-02-01,대여소별 이용정보 22.2.csv
서초구,이수3팀,2239.교대역 6번출구,379,2022-02-01,대여소별 이용정보 22.2.csv
강북구,도봉4팀,1526. 수유동 채선당앞,380,2022-02-01,대여소별 이용정보 22.2.csv
양천구,개화4팀,720. 서울강월초등학교 앞,380,2022-02-01,대여소별 이용정보 22.2.csv
중랑구,중랑3팀,1454. 한국전력공사(동대문 중랑지사),380,2022-02-01,대여소별 이용정보 22.2.csv
강동구,천호1팀,1085.래미안 솔베뉴(고덕로),381,2022-02-01,대여소별 이용정보 22.2.csv
동대문구,훈련원3팀,647. 신이문역 1번출구,381,2022-02-01,대여소별 이용정보 22.2.csv
동작구,이수2팀,2034. 사당역 7번출구쪽,382,2022-02-01,대여소별 이용정보 22.2.csv
서초구,이수3팀,2266. 서초역 3번출구,382,2022-02-01,대여소별 이용정보 22.2.csv
양천구,개화4팀,750. 연의근린공원 건너편,383,2022-02-01,대여소별 이용정보 22.2.csv
성동구,중랑2팀,519. 양지사거리,383,2022-02-01,대여소별 이용정보 22.2.csv
마포구,상암1팀,142. 아현역 4번출구 앞,383,2022-02-01,대여소별 이용정보 22.2.csv
서대문구,상암1팀,141. 연대 대운동장 옆,383,2022-02-01,대여소별 이용정보 22.2.csv
중랑구,중랑3팀,1474.서울중랑우체국,385,2022-02-01,대여소별 이용정보 22.2.csv
도봉구,도봉3팀,1775.신원리베르텔 앞,385,2022-02-01,대여소별 이용정보 22.2.csv
도봉구,도봉3팀,1715. 서울특별시교육청도봉도서관,385,2022-02-01,대여소별 이용정보 22.2.csv
성북구,훈련원2팀,1343. 한성대7번출구 앞,385,2022-02-01,대여소별 이용정보 22.2.csv
강북구,도봉4팀,3707. 드래곤타워 앞,386,2022-02-01,대여소별 이용정보 22.2.csv
금천구,천왕3팀,1859. 대륭테크노타운 18차,386,2022-02-01,대여소별 이용정보 22.2.csv
마포구,상암1팀,402. 상암월드컵파크 9단지 앞,387,2022-02-01,대여소별 이용정보 22.2.csv
광진구,중랑1팀,553. 중곡 성원아파트 앞,387,2022-02-01,대여소별 이용정보 22.2.csv
도봉구,도봉3팀,4054. KT프라자도봉점 맞은편,387,2022-02-01,대여소별 이용정보 22.2.csv
동대문구,훈련원4팀,4123. 배봉초교 교차로,388,2022-02-01,대여소별 이용정보 22.2.csv
도봉구,도봉3팀,4080. 창동주공19단지앞,388,2022-02-01,대여소별 이용정보 22.2.csv
송파구,천호2팀,4871. 오금동 대림아파트 정문,388,2022-02-01,대여소별 이용정보 22.2.csv
중랑구,중랑3팀,1469.먹골역 4번출구,388,2022-02-01,대여소별 이용정보 22.2.csv
강서구,개화1팀,3783. 마곡금호어울림아파트,388,2022-02-01,대여소별 이용정보 22.2.csv
강북구,도봉4팀,1519. 세븐일레븐 수유장미원점 앞,388,2022-02-01,대여소별 이용정보 22.2.csv
서대문구,상암1팀,198. 충정2교,389,2022-02-01,대여소별 이용정보 22.2.csv
동작구,영남2팀,2066. 양문교회 앞,389,2022-02-01,대여소별 이용정보 22.2.csv
노원구,도봉2팀,4016. 노원 마들스타디움,389,2022-02-01,대여소별 이용정보 22.2.csv
관악구,영남2팀,2145. 은천초등학교 육교,389,2022-02-01,대여소별 이용정보 22.2.csv
서대문구,상암1팀,3104. e편한세상 신촌4단지 앞,389,2022-02-01,대여소별 이용정보 22.2.csv
용산구,세종로3팀,832. 이촌1동 주민센터 뒤,389,2022-02-01,대여소별 이용정보 22.2.csv
노원구,도봉1팀,4005. 중계2차 한화꿈에그린 101동 인근,389,2022-02-01,대여소별 이용정보 22.2.csv
관악구,이수2팀,2116. 에이스에이존빌딩,390,2022-02-01,대여소별 이용정보 22.2.csv
동대문구,훈련원4팀,4107. 장안동근린공원 입구,390,2022-02-01,대여소별 이용정보 22.2.csv
서초구,이수3팀,2542.신논현타워 앞,391,2022-02-01,대여소별 이용정보 22.2.csv
금천구,천왕3팀,1862.스타즈호텔독산 빌딩 앞,392,2022-02-01,대여소별 이용정보 22.2.csv
구로구,천왕1팀,2820.신세기아파트 앞,392,2022-02-01,대여소별 이용정보 22.2.csv
마포구,상암1팀,118. 광흥창역 2번출구 앞,392,2022-02-01,대여소별 이용정보 22.2.csv
서초구,이수3팀,2213. 고속터미널역 5번출구 앞,392,2022-02-01,대여소별 이용정보 22.2.csv
은평구,상암2팀,985. 은평세무서 버스정류장(은평구청 방면),392,2022-02-01,대여소별 이용정보 22.2.csv
마포구,상암1팀,4222. 서울디자인고등학교 앞,392,2022-02-01,대여소별 이용정보 22.2.csv
마포구,상암1팀,150. 서강대역 2번출구 앞,393,2022-02-01,대여소별 이용정보 22.2.csv
마포구,상암1팀,488.푸르메병원,393,2022-02-01,대여소별 이용정보 22.2.csv
마포구,상암1팀,182. 망원2빗물펌프장 앞,393,2022-02-01,대여소별 이용정보 22.2.csv
강동구,천호1팀,1068.명일파출소,393,2022-02-01,대여소별 이용정보 22.2.csv
도봉구,도봉3팀,1771.성원APT버스정류소,393,2022-02-01,대여소별 이용정보 22.2.csv
성동구,중랑2팀,506. 금호 어울림 아파트 앞,394,2022-02-01,대여소별 이용정보 22.2.csv
강서구,개화1팀,1178. 개화산역 2번 출구,394,2022-02-01,대여소별 이용정보 22.2.csv
중랑구,중랑3팀,1411. 상봉시장앞 교차로 한성빌딩 앞,394,2022-02-01,대여소별 이용정보 22.2.csv
마포구,상암1팀,495.염리초등학교 앞,395,2022-02-01,대여소별 이용정보 22.2.csv
강남구,학여울2팀,2420.학여울역 사거리(LG베스트샵 앞),395,2022-02-01,대여소별 이용정보 22.2.csv
성동구,중랑2팀,520. 상왕십리역 4번 출구 앞,395,2022-02-01,대여소별 이용정보 22.2.csv
구로구,천왕1팀,1981. 천왕이펜하우스5단지 앞,395,2022-02-01,대여소별 이용정보 22.2.csv
영등포구,영남3팀,285. 대림3동사거리(하나은행),396,2022-02-01,대여소별 이용정보 22.2.csv
중랑구,중랑3팀,4824. 상봉신협 앞,396,2022-02-01,대여소별 이용정보 22.2.csv
노원구,도봉1팀,1654. 당고개입구 오거리,396,2022-02-01,대여소별 이용정보 22.2.csv
양천구,개화4팀,737. 장수공원,396,2022-02-01,대여소별 이용정보 22.2.csv
강서구,개화1팀,3793. 더리브골드타워,396,2022-02-01,대여소별 이용정보 22.2.csv
용산구,세종로 4팀,820. 청파동입구 교차로,397,2022-02-01,대여소별 이용정보 22.2.csv
도봉구,도봉3팀,1752. 창동 주공 4단지 입구 옆,397,2022-02-01,대여소별 이용정보 22.2.csv
동대문구,훈련원4팀,604. 답십리초등학교 옆 공원,397,2022-02-01,대여소별 이용정보 22.2.csv
관악구,이수2팀,3816. 관악 GSfresh,398,2022-02-01,대여소별 이용정보 22.2.csv
송파구,천호2팀,1256. 문정현대아파트 교차로,398,2022-02-01,대여소별 이용정보 22.2.csv
노원구,도봉2팀,4039. 서울시 북부여성발전센터,399,2022-02-01,대여소별 이용정보 22.2.csv
강서구,개화3팀,1171. 염창동 새마을금고 건너편,399,2022-02-01,대여소별 이용정보 22.2.csv
마포구,상암1팀,3007.MBC 앞,399,2022-02-01,대여소별 이용정보 22.2.csv
용산구,세종로 4팀,866.브라운스톤 남산아파트,401,2022-02-01,대여소별 이용정보 22.2.csv
마포구,상암1팀,129. 신촌역(2호선) 6번출구 옆,401,2022-02-01,대여소별 이용정보 22.2.csv
성북구,훈련원2팀,1334. 석관동주민센터 앞,401,2022-02-01,대여소별 이용정보 22.2.csv
중구,훈련원1팀,4793. 동대문역사문화공원역 5번출구,401,2022-02-01,대여소별 이용정보 22.2.csv
은평구,상암3팀,919. 서울혁신파크,402,2022-02-01,대여소별 이용정보 22.2.csv
성북구,훈련원2팀,1344. 아리랑시네센터 앞,402,2022-02-01,대여소별 이용정보 22.2.csv
강북구,도봉4팀,1520. 성실교회,402,2022-02-01,대여소별 이용정보 22.2.csv
중랑구,중랑3팀,1408. 먹골역 6번출구 앞,402,2022-02-01,대여소별 이용정보 22.2.csv
영등포구,영남1팀,4601.양평역2번출구 뒤,402,2022-02-01,대여소별 이용정보 22.2.csv
송파구,천호2팀,1271. 송파도서관,403,2022-02-01,대여소별 이용정보 22.2.csv
관악구,이수2팀,3311.서울대입구역 4번 출구,403,2022-02-01,대여소별 이용정보 22.2.csv
마포구,상암1팀,4208. 스타벅스(동교동) 앞,403,2022-02-01,대여소별 이용정보 22.2.csv
금천구,천왕2팀,1840. 솔브레인이엔지 뒤편,404,2022-02-01,대여소별 이용정보 22.2.csv
서대문구,상암1팀,3115.북아현 치안센터 인근,404,2022-02-01,대여소별 이용정보 22.2.csv
구로구,천왕1팀,1931. 개봉역2번출구 A,404,2022-02-01,대여소별 이용정보 22.2.csv
구로구,천왕2팀,3919. 구로역·NC신구로점 버스정류장(구로역 방면),404,2022-02-01,대여소별 이용정보 22.2.csv
동작구,영남2팀,4171. 우성아파트 앞,405,2022-02-01,대여소별 이용정보 22.2.csv
강서구,개화3팀,3763. 등촌태영아파트,406,2022-02-01,대여소별 이용정보 22.2.csv
강동구,천호1팀,1003. 해공도서관앞,406,2022-02-01,대여소별 이용정보 22.2.csv
광진구,중랑1팀,3873. 동서울우편집중국 앞,407,2022-02-01,대여소별 이용정보 22.2.csv
성북구,훈련원2팀,1388. 돈암초교입구 버스정류장(한성대입구역 방면),407,2022-02-01,대여소별 이용정보 22.2.csv
중랑구,중랑3팀,1430. 중랑구청,408,2022-02-01,대여소별 이용정보 22.2.csv
서초구,이수1팀,2245.양재초등학교 맞은편,408,2022-02-01,대여소별 이용정보 22.2.csv
영등포구,영남3팀,241. 신길우성1차아파트 앞 공원,409,2022-02-01,대여소별 이용정보 22.2.csv
마포구,상암1팀,111. 상수역 2번출구 앞,410,2022-02-01,대여소별 이용정보 22.2.csv
성북구,훈련원2팀,1303. 돈암초교 입구,411,2022-02-01,대여소별 이용정보 22.2.csv
서대문구,상암1팀,138. 신촌동 제1공영주차장 앞,411,2022-02-01,대여소별 이용정보 22.2.csv
서대문구,상암2팀,167. 연가초등학교 옆,411,2022-02-01,대여소별 이용정보 22.2.csv
중구,세종로1팀,4797. KG타워 앞,411,2022-02-01,대여소별 이용정보 22.2.csv
노원구,도봉1팀,1659. 중계동 을지중학교,411,2022-02-01,대여소별 이용정보 22.2.csv
강서구,개화1팀,3795. 공항신성빌딩 앞,411,2022-02-01,대여소별 이용정보 22.2.csv
중구,세종로2팀,472.삼일교(시그니쳐 타워),411,2022-02-01,대여소별 이용정보 22.2.csv
용산구,세종로3팀,4619. 한강트럼프월드3차 앞,411,2022-02-01,대여소별 이용정보 22.2.csv
동대문구,훈련원3팀,640. 청량리역 2번출구,412,2022-02-01,대여소별 이용정보 22.2.csv
서대문구,상암2팀,188. 홍은동 정원여중 입구,413,2022-02-01,대여소별 이용정보 22.2.csv
용산구,세종로 4팀,806. 전자랜드 본관 앞,413,2022-02-01,대여소별 이용정보 22.2.csv
마포구,상암1팀,145. 공덕역 5번출구,413,2022-02-01,대여소별 이용정보 22.2.csv
강남구,학여울1팀,2405. 청담공원앞 교차로,414,2022-02-01,대여소별 이용정보 22.2.csv
노원구,도봉1팀,4004. 당고개입구오거리 당현천변,414,2022-02-01,대여소별 이용정보 22.2.csv
송파구,천호2팀,1229. 송파체육문화회관 앞,414,2022-02-01,대여소별 이용정보 22.2.csv
중구,훈련원1팀,476.광희문,414,2022-02-01,대여소별 이용정보 22.2.csv
구로구,천왕2팀,1913. 구로리공원,415,2022-02-01,대여소별 이용정보 22.2.csv
서초구,이수1팀,2537.양재역 8번출구 앞,415,2022-02-01,대여소별 이용정보 22.2.csv
양천구,영남1팀,762. 오목로 무중력지대 앞,415,2022-02-01,대여소별 이용정보 22.2.csv
강남구,이수3팀,2409. 역삼동 디오슈페리움 (우성아파트 사거리),416,2022-02-01,대여소별 이용정보 22.2.csv
종로구,훈련원1팀,3412.세운상가,416,2022-02-01,대여소별 이용정보 22.2.csv
동작구,이수2팀,2089.사당역10번출구(금강빌딩),417,2022-02-01,대여소별 이용정보 22.2.csv
노원구,도봉1팀,2911.상계역중앙시장,417,2022-02-01,대여소별 이용정보 22.2.csv
종로구,훈련원1팀,3411.종묘,418,2022-02-01,대여소별 이용정보 22.2.csv
금천구,천왕2팀,1839. 수출의 다리 아래,418,2022-02-01,대여소별 이용정보 22.2.csv
종로구,세종로1팀,349. 사직동주민센터,418,2022-02-01,대여소별 이용정보 22.2.csv
관악구,영남2팀,3812. KT관악지점,418,2022-02-01,대여소별 이용정보 22.2.csv
금천구,천왕3팀,1833. 독산역 1번출구 앞 자전거보관소,419,2022-02-01,대여소별 이용정보 22.2.csv
중구,훈련원1팀,336. 티마크 호텔 앞,419,2022-02-01,대여소별 이용정보 22.2.csv
강북구,도봉4팀,1536. 번동 두산위브 101동 옆,419,2022-02-01,대여소별 이용정보 22.2.csv
동작구,영남2팀,4175. 대방역2번출구,420,2022-02-01,대여소별 이용정보 22.2.csv
영등포구,영남3팀,3204.도림고가도로 밑,420,2022-02-01,대여소별 이용정보 22.2.csv
송파구,천호2팀,1267. 올림픽공원 남2문 앞,420,2022-02-01,대여소별 이용정보 22.2.csv
노원구,도봉1팀,4032. 은행사거리 성모빌딩 앞,420,2022-02-01,대여소별 이용정보 22.2.csv
중구,훈련원1팀,389. 을지로4가역 1번출구,420,2022-02-01,대여소별 이용정보 22.2.csv
중랑구,중랑3팀,4808. 신내2동 주민센터 앞,421,2022-02-01,대여소별 이용정보 22.2.csv
양천구,영남1팀,4512. 목동13_14단지 사거리,421,2022-02-01,대여소별 이용정보 22.2.csv
강서구,개화4팀,2712.화곡터널입구교차로,421,2022-02-01,대여소별 이용정보 22.2.csv
용산구,세종로3팀,811. 녹사평역1번출구,422,2022-02-01,대여소별 이용정보 22.2.csv
강남구,학여울2팀,2412. 일원1동 주민센터,422,2022-02-01,대여소별 이용정보 22.2.csv
도봉구,도봉3팀,1729. 파리바게트앞,423,2022-02-01,대여소별 이용정보 22.2.csv
광진구,중랑1팀,3507. 어린이회관,423,2022-02-01,대여소별 이용정보 22.2.csv
강서구,개화1팀,1198. LG 사이언스파크,424,2022-02-01,대여소별 이용정보 22.2.csv
중랑구,중랑3팀,1429. 장안중학교,424,2022-02-01,대여소별 이용정보 22.2.csv
동작구,영남2팀,2020. 장승배기역2번출구뒷편쪽,425,2022-02-01,대여소별 이용정보 22.2.csv
금천구,천왕3팀,1869.롯데캐슬골드파크3차 301동 앞,425,2022-02-01,대여소별 이용정보 22.2.csv
양천구,개화4팀,725. 양강중학교앞 교차로,426,2022-02-01,대여소별 이용정보 22.2.csv
은평구,상암2팀,930. 구 서부경찰서 건너편,426,2022-02-01,대여소별 이용정보 22.2.csv
서대문구,상암2팀,3128.동신병원 맞은편,426,2022-02-01,대여소별 이용정보 22.2.csv
서대문구,상암2팀,170. DMC파크뷰자이아파트 302동 앞,426,2022-02-01,대여소별 이용정보 22.2.csv
강북구,도봉4팀,1527. 미아역 1번 출구 뒤,426,2022-02-01,대여소별 이용정보 22.2.csv
용산구,세종로 4팀,805. 문배어린이공원 앞,427,2022-02-01,대여소별 이용정보 22.2.csv
금천구,천왕3팀,1805. 서울디지털운동장 앞,427,2022-02-01,대여소별 이용정보 22.2.csv
동대문구,훈련원3팀,4117. 휘경119안전센터 앞,428,2022-02-01,대여소별 이용정보 22.2.csv
강남구,이수1팀,"2359. 국립국악중,고교 정문 맞은편",429,2022-02-01,대여소별 이용정보 22.2.csv
관악구,영남2팀,2191.대학동주민센터,429,2022-02-01,대여소별 이용정보 22.2.csv
용산구,세종로3팀,817. 삼각지역 4번출구 앞,429,2022-02-01,대여소별 이용정보 22.2.csv
서대문구,상암1팀,3116.신촌역 4번출구,430,2022-02-01,대여소별 이용정보 22.2.csv
서대문구,상암2팀,3131.연가교 교차로,431,2022-02-01,대여소별 이용정보 22.2.csv
강동구,천호1팀,1060. 천일초교 사거리,431,2022-02-01,대여소별 이용정보 22.2.csv
동대문구,훈련원4팀,622. 전농사거리 교통섬,431,2022-02-01,대여소별 이용정보 22.2.csv
구로구,천왕1팀,1966. 한마을아파트 정문상가,431,2022-02-01,대여소별 이용정보 22.2.csv
서초구,이수3팀,2540.반포천 앞,432,2022-02-01,대여소별 이용정보 22.2.csv
성북구,훈련원2팀,1382.래미안월곡아파트 입구,432,2022-02-01,대여소별 이용정보 22.2.csv
노원구,도봉1팀,1627. 수락산역 4번출구,432,2022-02-01,대여소별 이용정보 22.2.csv
구로구,천왕1팀,1953. 천왕역 4번출구 뒤,432,2022-02-01,대여소별 이용정보 22.2.csv
도봉구,도봉3팀,1726. 삼익세라믹아파트교차로,433,2022-02-01,대여소별 이용정보 22.2.csv
송파구,학여울2팀,4884. H비즈니스파크,433,2022-02-01,대여소별 이용정보 22.2.csv
중구,세종로 4팀,826. 서울역 서부교차로2,433,2022-02-01,대여소별 이용정보 22.2.csv
중구,세종로 4팀,4794. 서울역 서부교차로(3),434,2022-02-01,대여소별 이용정보 22.2.csv
동대문구,훈련원3팀,4113. 한국국방연구원 앞,434,2022-02-01,대여소별 이용정보 22.2.csv
노원구,도봉2팀,2917.신창중학교 후문 맞은편 버스정류장,435,2022-02-01,대여소별 이용정보 22.2.csv
중랑구,중랑3팀,4804. 동서울농협 앞,435,2022-02-01,대여소별 이용정보 22.2.csv
용산구,세종로 4팀,807. 서울역 12번 출구 앞,436,2022-02-01,대여소별 이용정보 22.2.csv
서대문구,상암1팀,180. 충정로역 7번출구 아래,437,2022-02-01,대여소별 이용정보 22.2.csv
서대문구,상암2팀,3101. 서대문구청,437,2022-02-01,대여소별 이용정보 22.2.csv
강남구,학여울1팀,2324. 천주교 대치 2동 교회 옆,437,2022-02-01,대여소별 이용정보 22.2.csv
중구,세종로2팀,4778. 대신파이낸스센터,438,2022-02-01,대여소별 이용정보 22.2.csv
마포구,상암1팀,181. 망원초록길 입구,438,2022-02-01,대여소별 이용정보 22.2.csv
송파구,천호2팀,1280. 송파파크데일 2단지입구 앞 주차장,439,2022-02-01,대여소별 이용정보 22.2.csv
광진구,중랑1팀,3516. 구의아리수정수센터앞,439,2022-02-01,대여소별 이용정보 22.2.csv
중랑구,중랑3팀,4820. 망우역 2번 출구,440,2022-02-01,대여소별 이용정보 22.2.csv
영등포구,영남1팀,3206.문래동 주민센터,440,2022-02-01,대여소별 이용정보 22.2.csv
용산구,세종로 4팀,819. 선린인터넷 고등학교,440,2022-02-01,대여소별 이용정보 22.2.csv
강북구,도봉4팀,1557.신창교,441,2022-02-01,대여소별 이용정보 22.2.csv
관악구,영남2팀,3818. 은천교회 앞,441,2022-02-01,대여소별 이용정보 22.2.csv
노원구,도봉1팀,4018. 상계주공15단지 버스정류소,442,2022-02-01,대여소별 이용정보 22.2.csv
서초구,이수3팀,2504. 신사역 4번출구 뒤,442,2022-02-01,대여소별 이용정보 22.2.csv
영등포구,영남1팀,4600. 영등포구 총괄 우체국,442,2022-02-01,대여소별 이용정보 22.2.csv
성북구,훈련원2팀,4406. 장곡초등학교 앞,443,2022-02-01,대여소별 이용정보 22.2.csv
구로구,천왕2팀,1960. 구로거리공원 동측(신도림역 방면),443,2022-02-01,대여소별 이용정보 22.2.csv
종로구,훈련원1팀,3423.현대그룹(본사),443,2022-02-01,대여소별 이용정보 22.2.csv
구로구,천왕2팀,2823.중앙유통단지 앞,444,2022-02-01,대여소별 이용정보 22.2.csv
종로구,훈련원1팀,358. 성대입구 사거리,444,2022-02-01,대여소별 이용정보 22.2.csv
서대문구,상암1팀,115. 마스타 빌딩 앞,446,2022-02-01,대여소별 이용정보 22.2.csv
양천구,개화4팀,4510. 신정네거리역 교차로,446,2022-02-01,대여소별 이용정보 22.2.csv
강남구,이수3팀,2327. 뱅뱅사거리 랜드마크타워 앞,447,2022-02-01,대여소별 이용정보 22.2.csv
동작구,영남2팀,2003. 사육신공원앞,447,2022-02-01,대여소별 이용정보 22.2.csv
서대문구,상암2팀,3103. 홍제삼거리 북측,447,2022-02-01,대여소별 이용정보 22.2.csv
강북구,도봉4팀,1548. 북서울 꿈의숲 서문,447,2022-02-01,대여소별 이용정보 22.2.csv
서초구,이수3팀,2531.멤피스아파트 앞,447,2022-02-01,대여소별 이용정보 22.2.csv
서대문구,상암2팀,195. 모래내고가차도,447,2022-02-01,대여소별 이용정보 22.2.csv
강남구,이수3팀,2362. 신사동 가로수길 입구,448,2022-02-01,대여소별 이용정보 22.2.csv
노원구,도봉2팀,4025. 한천교 동편,448,2022-02-01,대여소별 이용정보 22.2.csv
강남구,학여울1팀,2373. 개포동역 사거리,449,2022-02-01,대여소별 이용정보 22.2.csv
영등포구,영남3팀,4558. 대영중고 후문,450,2022-02-01,대여소별 이용정보 22.2.csv
동대문구,훈련원3팀,4104. 외대앞역 교차로,451,2022-02-01,대여소별 이용정보 22.2.csv
노원구,도봉1팀,2920.상계중학교(당현2교사거리),451,2022-02-01,대여소별 이용정보 22.2.csv
용산구,세종로 4팀,800. 목월공원 앞,452,2022-02-01,대여소별 이용정보 22.2.csv
종로구,세종로1팀,309. 광화문역 6번출구 옆 B,452,2022-02-01,대여소별 이용정보 22.2.csv
송파구,학여울2팀,4854. 가락시장역 2번 출구,452,2022-02-01,대여소별 이용정보 22.2.csv
도봉구,도봉3팀,1754. 창동시장입구 사거리,452,2022-02-01,대여소별 이용정보 22.2.csv
영등포구,영남3팀,223. 진주아파트상가 앞,453,2022-02-01,대여소별 이용정보 22.2.csv
중랑구,중랑3팀,1470.중화동 우리은행 앞,453,2022-02-01,대여소별 이용정보 22.2.csv
강서구,개화1팀,3753. 공항중학교 버스정류장,453,2022-02-01,대여소별 이용정보 22.2.csv
강서구,개화2팀,3786. 강서힐스테이트 상가 앞,454,2022-02-01,대여소별 이용정보 22.2.csv
송파구,천호2팀,2627.문정시영아파트 5동 앞 공원,454,2022-02-01,대여소별 이용정보 22.2.csv
영등포구,영남1팀,4588.양남사거리2,454,2022-02-01,대여소별 이용정보 22.2.csv
노원구,도봉2팀,4048. 신도1차아파트앞,454,2022-02-01,대여소별 이용정보 22.2.csv
동작구,이수2팀,2091. 이수역9번출구,454,2022-02-01,대여소별 이용정보 22.2.csv
구로구,천왕1팀,1930. 개봉지구대 개봉치안센터,454,2022-02-01,대여소별 이용정보 22.2.csv
도봉구,도봉3팀,1743.창동19단지아파트 관리사무소앞,454,2022-02-01,대여소별 이용정보 22.2.csv
송파구,학여울2팀,2633.송파학사 옆,454,2022-02-01,대여소별 이용정보 22.2.csv
마포구,상암1팀,420. 서울시 공공자전거 상암센터,455,2022-02-01,대여소별 이용정보 22.2.csv
은평구,상암2팀,948. 디지털미디어 시티역 4번출구(DMC역),455,2022-02-01,대여소별 이용정보 22.2.csv
종로구,세종로2팀,464. 삼청동 골목,455,2022-02-01,대여소별 이용정보 22.2.csv
성동구,중랑2팀,579. 마장역 4번출구,456,2022-02-01,대여소별 이용정보 22.2.csv
용산구,세종로 4팀,835. 남영역 건너편,456,2022-02-01,대여소별 이용정보 22.2.csv
용산구,세종로3팀,815. LIG강촌아파트 103동앞,456,2022-02-01,대여소별 이용정보 22.2.csv
송파구,천호2팀,1288. 문정중교 사거리,456,2022-02-01,대여소별 이용정보 22.2.csv
도봉구,도봉3팀,1734. 쌍문현대1차아파트 108동 앞,457,2022-02-01,대여소별 이용정보 22.2.csv
동대문구,훈련원3팀,661. 경희대학교 청운관,457,2022-02-01,대여소별 이용정보 22.2.csv
마포구,상암1팀,155. 가좌역1 번출구 앞,458,2022-02-01,대여소별 이용정보 22.2.csv
송파구,천호2팀,4891. 위례포레샤인17단지 위례대로 방면,459,2022-02-01,대여소별 이용정보 22.2.csv
송파구,천호2팀,2642.마천동 성내천 쉼터,459,2022-02-01,대여소별 이용정보 22.2.csv
노원구,도봉2팀,1677. 육군사관학교 앞,460,2022-02-01,대여소별 이용정보 22.2.csv
송파구,천호2팀,4872. 개롱역 3번 출구 뒤,460,2022-02-01,대여소별 이용정보 22.2.csv
노원구,도봉2팀,1681. 현대6차 아파트,460,2022-02-01,대여소별 이용정보 22.2.csv
강남구,학여울1팀,2413.도곡역 1번 출구,461,2022-02-01,대여소별 이용정보 22.2.csv
송파구,학여울2팀,1233. 잠실3거리(갤러리아팰리스),461,2022-02-01,대여소별 이용정보 22.2.csv
마포구,상암1팀,122. 신성기사식당 앞,461,2022-02-01,대여소별 이용정보 22.2.csv
양천구,개화4팀,740. 으뜸공원,461,2022-02-01,대여소별 이용정보 22.2.csv
동대문구,훈련원4팀,654. 전농동 텃골공원,462,2022-02-01,대여소별 이용정보 22.2.csv
노원구,도봉1팀,1682. 중계종합사회복지관 교차로,462,2022-02-01,대여소별 이용정보 22.2.csv
중랑구,중랑3팀,1461.동양엔파트 앞,462,2022-02-01,대여소별 이용정보 22.2.csv
서대문구,상암1팀,134. 연세로 명물길,463,2022-02-01,대여소별 이용정보 22.2.csv
종로구,세종로1팀,395. 경희궁 자이 2단지,463,2022-02-01,대여소별 이용정보 22.2.csv
용산구,세종로 4팀,844. 이촌2동 동원베네스트 아파트 앞,464,2022-02-01,대여소별 이용정보 22.2.csv
성북구,훈련원2팀,1361. 홍익중고 입구,464,2022-02-01,대여소별 이용정보 22.2.csv
은평구,상암3팀,963. 대호프라자아파트,465,2022-02-01,대여소별 이용정보 22.2.csv
용산구,세종로3팀,843. 녹사평역 광장,465,2022-02-01,대여소별 이용정보 22.2.csv
동작구,이수2팀,2090.기아자동차 사당점 앞,465,2022-02-01,대여소별 이용정보 22.2.csv
구로구,천왕1팀,3908. 오류동 다숲오피스텔 앞,465,2022-02-01,대여소별 이용정보 22.2.csv
강남구,학여울1팀,2325. 대치삼성아파트 앞 교차로,466,2022-02-01,대여소별 이용정보 22.2.csv
용산구,세종로3팀,4633. 센트럴파크타워 앞,466,2022-02-01,대여소별 이용정보 22.2.csv
광진구,중랑1팀,3508. 화양사거리,466,2022-02-01,대여소별 이용정보 22.2.csv
성북구,훈련원2팀,1372. KEB은행 고대점,466,2022-02-01,대여소별 이용정보 22.2.csv
강서구,개화1팀,3782. 겸재정선미술관,467,2022-02-01,대여소별 이용정보 22.2.csv
노원구,도봉2팀,4024. 꿈의숲 SK뷰 아파트,467,2022-02-01,대여소별 이용정보 22.2.csv
영등포구,영남3팀,248. 초원아파트 앞,468,2022-02-01,대여소별 이용정보 22.2.csv
종로구,훈련원1팀,359. 원남동사거리,468,2022-02-01,대여소별 이용정보 22.2.csv
송파구,학여울2팀,1286. 위례중앙푸르지오 1단지 앞,468,2022-02-01,대여소별 이용정보 22.2.csv
송파구,천호2팀,4496. 잠실 파크리오 120동 앞,469,2022-02-01,대여소별 이용정보 22.2.csv
도봉구,도봉3팀,4062. 평화도봉공원 주변,469,2022-02-01,대여소별 이용정보 22.2.csv
강북구,도봉4팀,1560. 도봉세무서 앞,469,2022-02-01,대여소별 이용정보 22.2.csv
도봉구,도봉3팀,1749. ESA아파트 상가 앞,469,2022-02-01,대여소별 이용정보 22.2.csv
강남구,학여울1팀,2369. KT선릉타워,470,2022-02-01,대여소별 이용정보 22.2.csv
광진구,중랑1팀,3578.중곡동 파크웨이빌딩,470,2022-02-01,대여소별 이용정보 22.2.csv
금천구,천왕3팀,1806. 에이스하이엔드타워9차 앞,470,2022-02-01,대여소별 이용정보 22.2.csv
마포구,상암1팀,112. 극동방송국 앞,470,2022-02-01,대여소별 이용정보 22.2.csv
송파구,천호2팀,2604. 풍납토성 서성벽터A,470,2022-02-01,대여소별 이용정보 22.2.csv
광진구,중랑1팀,3864. 광진소방서 앞,471,2022-02-01,대여소별 이용정보 22.2.csv
양천구,개화3팀,749. 이대목동병원보도육교,472,2022-02-01,대여소별 이용정보 22.2.csv
관악구,영남2팀,2170. 조원동서울본병원,472,2022-02-01,대여소별 이용정보 22.2.csv
종로구,훈련원1팀,3414.종로5가역 4번출구,472,2022-02-01,대여소별 이용정보 22.2.csv
양천구,개화4팀,706. 신정네거리역,472,2022-02-01,대여소별 이용정보 22.2.csv
중랑구,중랑3팀,"4809. 동성1,2차 아파트 앞",472,2022-02-01,대여소별 이용정보 22.2.csv
영등포구,영남1팀,4552. 코레일유통본사,472,2022-02-01,대여소별 이용정보 22.2.csv
중랑구,중랑3팀,1437. 늘푸른공원 앞,473,2022-02-01,대여소별 이용정보 22.2.csv
마포구,상암1팀,185. 마포 신수공원 앞,473,2022-02-01,대여소별 이용정보 22.2.csv
서초구,이수3팀,"4330. 반포한강공원입구,씨티21옆",475,2022-02-01,대여소별 이용정보 22.2.csv
마포구,상암1팀,401. 상암월드컵파크 10단지 앞,475,2022-02-01,대여소별 이용정보 22.2.csv
마포구,상암1팀,403. 부엉이공원 앞,475,2022-02-01,대여소별 이용정보 22.2.csv
용산구,세종로3팀,849. 삼각지 자이아파트,476,2022-02-01,대여소별 이용정보 22.2.csv
강동구,천호1팀,3684. 고덕자이(105동 앞),476,2022-02-01,대여소별 이용정보 22.2.csv
동대문구,훈련원4팀,625. 답십리초등학교 앞(현대시장 옆),476,2022-02-01,대여소별 이용정보 22.2.csv
노원구,도봉2팀,2901.공릉동풍림아파트 101동,476,2022-02-01,대여소별 이용정보 22.2.csv
노원구,도봉1팀,4019. 상계주공10단지 버스정류소,477,2022-02-01,대여소별 이용정보 22.2.csv
강동구,천호1팀,"1051. 강일중,선사고 버스정류장(신암중학교 방면)",477,2022-02-01,대여소별 이용정보 22.2.csv
서초구,이수3팀,2503. 반포1동 서초빌딩 앞,477,2022-02-01,대여소별 이용정보 22.2.csv
영등포구,영남3팀,270. 증권거래소후문교차로,478,2022-02-01,대여소별 이용정보 22.2.csv
송파구,천호2팀,4859. 잠실나루 나들목,478,2022-02-01,대여소별 이용정보 22.2.csv
마포구,상암1팀,436. 이대역 5번출구,478,2022-02-01,대여소별 이용정보 22.2.csv
송파구,학여울2팀,4894. 문정법조단지13,479,2022-02-01,대여소별 이용정보 22.2.csv
강서구,개화1팀,3788. 정곡나들목,480,2022-02-01,대여소별 이용정보 22.2.csv
서초구,이수2팀,2221. 방일초교 마을버스 정류장,480,2022-02-01,대여소별 이용정보 22.2.csv
관악구,영남2팀,3803. 남서울중학교,480,2022-02-01,대여소별 이용정보 22.2.csv
성동구,중랑2팀,4370. 서울숲IT캐슬 앞,480,2022-02-01,대여소별 이용정보 22.2.csv
성북구,훈련원2팀,1305. 성북구청,480,2022-02-01,대여소별 이용정보 22.2.csv
성동구,중랑2팀,562. 군자지하보도 앞,480,2022-02-01,대여소별 이용정보 22.2.csv
노원구,도봉1팀,1639. 희성오피앙,481,2022-02-01,대여소별 이용정보 22.2.csv
강서구,개화3팀,1121. 가양레포츠센터 앞,481,2022-02-01,대여소별 이용정보 22.2.csv
강동구,천호1팀,1030. 미호 플랜트 앞,481,2022-02-01,대여소별 이용정보 22.2.csv
동작구,영남2팀,2016. 신대방삼거리역 3번출구쪽,481,2022-02-01,대여소별 이용정보 22.2.csv
마포구,상암1팀,408. LG CNS앞,482,2022-02-01,대여소별 이용정보 22.2.csv
동작구,영남2팀,2007. 유한양행앞,482,2022-02-01,대여소별 이용정보 22.2.csv
송파구,천호2팀,4464. 올림픽공원 북2문,482,2022-02-01,대여소별 이용정보 22.2.csv
송파구,천호2팀,1253. 오금역 3번 출구 뒤,482,2022-02-01,대여소별 이용정보 22.2.csv
서대문구,상암2팀,191. 서우빌딩,484,2022-02-01,대여소별 이용정보 22.2.csv
송파구,천호2팀,1207. 마천중앙시장,484,2022-02-01,대여소별 이용정보 22.2.csv
서초구,이수3팀,2530.삼호3차아파트 앞,484,2022-02-01,대여소별 이용정보 22.2.csv
동대문구,훈련원4팀,639. 서울시립대 후문,485,2022-02-01,대여소별 이용정보 22.2.csv
중랑구,중랑3팀,1413. 봉화산역 5번출구 뒤,485,2022-02-01,대여소별 이용정보 22.2.csv
은평구,상암2팀,958. 본 서부병원 버스정류장(은평 세무서 방면),486,2022-02-01,대여소별 이용정보 22.2.csv
성동구,중랑2팀,3544.한양대역 3번 출구,487,2022-02-01,대여소별 이용정보 22.2.csv
마포구,상암1팀,109. 제일빌딩 앞,488,2022-02-01,대여소별 이용정보 22.2.csv
동작구,이수2팀,2086.삼일수영장 앞,488,2022-02-01,대여소별 이용정보 22.2.csv
중구,세종로2팀,3013.서울지방고용노동청 앞,488,2022-02-01,대여소별 이용정보 22.2.csv
은평구,상암2팀,989. 신응교(가좌로) 앞,489,2022-02-01,대여소별 이용정보 22.2.csv
강동구,천호1팀,1081.트레빌빌딩,489,2022-02-01,대여소별 이용정보 22.2.csv
도봉구,도봉3팀,1765.쌍문역 1번 출구(양산부인과 빌딩),489,2022-02-01,대여소별 이용정보 22.2.csv
양천구,개화3팀,742. 등촌역 5번 출구 뒤,489,2022-02-01,대여소별 이용정보 22.2.csv
종로구,세종로1팀,3406.세종로공원,489,2022-02-01,대여소별 이용정보 22.2.csv
구로구,천왕1팀,1929. 고척근린공원 고척도서관 앞,489,2022-02-01,대여소별 이용정보 22.2.csv
강남구,학여울1팀,2418.봉은사역 7번 출구,489,2022-02-01,대여소별 이용정보 22.2.csv
영등포구,영남3팀,289. 대림3동사거리,490,2022-02-01,대여소별 이용정보 22.2.csv
강동구,천호1팀,1080.엘웨딩,490,2022-02-01,대여소별 이용정보 22.2.csv
종로구,세종로2팀,328. 탑골공원 앞,490,2022-02-01,대여소별 이용정보 22.2.csv
금천구,천왕3팀,1856. 모두의학교,490,2022-02-01,대여소별 이용정보 22.2.csv
송파구,학여울2팀,4467. 한림연예예술고등학교,491,2022-02-01,대여소별 이용정보 22.2.csv
은평구,상암2팀,917. 녹번역 3번출구,492,2022-02-01,대여소별 이용정보 22.2.csv
강동구,천호1팀,1036. 고덕동 주양쇼핑,492,2022-02-01,대여소별 이용정보 22.2.csv
성북구,훈련원2팀,1322. 래미안라센트아파트 103동 앞,493,2022-02-01,대여소별 이용정보 22.2.csv
동대문구,훈련원3팀,4102. 휘경1동주민센터 앞,495,2022-02-01,대여소별 이용정보 22.2.csv
종로구,세종로2팀,353. 재동초교 앞 삼거리,495,2022-02-01,대여소별 이용정보 22.2.csv
강북구,도봉4팀,1540. 가오리역,497,2022-02-01,대여소별 이용정보 22.2.csv
관악구,이수2팀,2112. 서울대입구역 마에스트로,497,2022-02-01,대여소별 이용정보 22.2.csv
중랑구,중랑3팀,1473.중랑역 1번 출구(중화문화복지센터),498,2022-02-01,대여소별 이용정보 22.2.csv
마포구,상암1팀,143. 공덕역 2번출구,498,2022-02-01,대여소별 이용정보 22.2.csv
중랑구,중랑3팀,1428. 원묵고등학교,499,2022-02-01,대여소별 이용정보 22.2.csv
강동구,천호1팀,3683. KT&G강동지사,499,2022-02-01,대여소별 이용정보 22.2.csv
영등포구,영남1팀,239. 유스호스텔 앞,499,2022-02-01,대여소별 이용정보 22.2.csv
은평구,상암3팀,949. 연신내역 1번 출구,500,2022-02-01,대여소별 이용정보 22.2.csv
관악구,영남2팀,2195.은천교회,500,2022-02-01,대여소별 이용정보 22.2.csv
양천구,개화4팀,4522. 신곡시장,500,2022-02-01,대여소별 이용정보 22.2.csv
양천구,개화3팀,775.세종그랑시아 앞(102동),500,2022-02-01,대여소별 이용정보 22.2.csv
종로구,세종로1팀,307. 서울역사박물관 앞,501,2022-02-01,대여소별 이용정보 22.2.csv
중구,세종로2팀,321. KEB 하나금융그룹 명동사옥 옆,501,2022-02-01,대여소별 이용정보 22.2.csv
송파구,천호2팀,4499. 세양청마루 101동 앞,501,2022-02-01,대여소별 이용정보 22.2.csv
송파구,천호2팀,4500. 풍납나들목,501,2022-02-01,대여소별 이용정보 22.2.csv
마포구,상암1팀,400. 상암한화오벨리스크 1차 앞,501,2022-02-01,대여소별 이용정보 22.2.csv
서초구,이수3팀,2525.반포쇼핑타운 2동 앞,502,2022-02-01,대여소별 이용정보 22.2.csv
성북구,훈련원2팀,1333. 석관초등학교 앞,503,2022-02-01,대여소별 이용정보 22.2.csv
성북구,훈련원2팀,1318. 길음역 3번출구 뒤,504,2022-02-01,대여소별 이용정보 22.2.csv
강남구,학여울1팀,3614. 은마아파트 입구 사거리,504,2022-02-01,대여소별 이용정보 22.2.csv
노원구,도봉1팀,1691. 노원정보도서관,504,2022-02-01,대여소별 이용정보 22.2.csv
중랑구,중랑3팀,1403. 중화빌딩 앞 (동부시장),504,2022-02-01,대여소별 이용정보 22.2.csv
노원구,도봉1팀,1651. 상계동 우방유쉘아파트 앞,505,2022-02-01,대여소별 이용정보 22.2.csv
영등포구,영남3팀,235. 신길동 우리은행 옆,505,2022-02-01,대여소별 이용정보 22.2.csv
강북구,도봉4팀,"1533. 번동 주공3, 4단지 교차로",505,2022-02-01,대여소별 이용정보 22.2.csv
노원구,도봉2팀,1606. 태릉입구역 3번출구,505,2022-02-01,대여소별 이용정보 22.2.csv
송파구,천호2팀,4478. 문정근린공원2,505,2022-02-01,대여소별 이용정보 22.2.csv
송파구,학여울2팀,4460. 올림픽훼미리아파트 112동 앞,505,2022-02-01,대여소별 이용정보 22.2.csv
성동구,중랑2팀,511. 서울숲역 5번 출구 옆,506,2022-02-01,대여소별 이용정보 22.2.csv
성북구,훈련원2팀,1375. 생명의 전화 종합복지관 앞 교차로,506,2022-02-01,대여소별 이용정보 22.2.csv
종로구,훈련원1팀,457. 종로꽃시장 입구 옆,506,2022-02-01,대여소별 이용정보 22.2.csv
구로구,천왕2팀,1924. 삼부르네상스파크빌,506,2022-02-01,대여소별 이용정보 22.2.csv
영등포구,영남1팀,3205.문래현대2차,506,2022-02-01,대여소별 이용정보 22.2.csv
서초구,이수1팀,2247.섬들근린공원,507,2022-02-01,대여소별 이용정보 22.2.csv
양천구,개화3팀,"773.염창역 3, 4번 출구 사이",508,2022-02-01,대여소별 이용정보 22.2.csv
영등포구,영남3팀,4569. 힐스테이트클래시안아파트,508,2022-02-01,대여소별 이용정보 22.2.csv
도봉구,도봉3팀,1744.KT방학지사 앞,509,2022-02-01,대여소별 이용정보 22.2.csv
송파구,천호2팀,2652.송파 레미니스1단지 102동 앞,509,2022-02-01,대여소별 이용정보 22.2.csv
성동구,중랑2팀,525. 한양대병원사거리,509,2022-02-01,대여소별 이용정보 22.2.csv
영등포구,영남3팀,4567. 한림대학교 강남성심병원 신관,510,2022-02-01,대여소별 이용정보 22.2.csv
강남구,학여울2팀,2408. 강남한양수자인아파트,510,2022-02-01,대여소별 이용정보 22.2.csv
동대문구,훈련원4팀,4105. 서울교통공사사거리 교통섬,510,2022-02-01,대여소별 이용정보 22.2.csv
중랑구,중랑3팀,1407. 먹골역 1번출구 뒤,510,2022-02-01,대여소별 이용정보 22.2.csv
송파구,천호2팀,1228. 마천사거리,511,2022-02-01,대여소별 이용정보 22.2.csv
종로구,훈련원1팀,344. 성균관대 E하우스 앞,513,2022-02-01,대여소별 이용정보 22.2.csv
송파구,학여울2팀,1247. 문정 법조단지11,513,2022-02-01,대여소별 이용정보 22.2.csv
강서구,개화3팀,3794. 안양천합수부(현대3차아파트),513,2022-02-01,대여소별 이용정보 22.2.csv
동대문구,훈련원4팀,610. 동대문중 교차로,513,2022-02-01,대여소별 이용정보 22.2.csv
마포구,상암1팀,126. 서강대 후문 옆,516,2022-02-01,대여소별 이용정보 22.2.csv
중랑구,중랑3팀,1402. 금란주차장 앞,518,2022-02-01,대여소별 이용정보 22.2.csv
광진구,중랑1팀,3882. 자양2동 주민센터,518,2022-02-01,대여소별 이용정보 22.2.csv
송파구,학여울2팀,4468. 가락1동주민센터,518,2022-02-01,대여소별 이용정보 22.2.csv
종로구,세종로2팀,314. 국립현대미술관,518,2022-02-01,대여소별 이용정보 22.2.csv
광진구,중랑1팀,3879. 중랑천 뚝방길 산책로 입구,518,2022-02-01,대여소별 이용정보 22.2.csv
금천구,천왕3팀,1834. 월드메르디앙 벤처센터 2차,519,2022-02-01,대여소별 이용정보 22.2.csv
광진구,중랑1팀,3860. 건국대학교 정문 앞,519,2022-02-01,대여소별 이용정보 22.2.csv
영등포구,영남3팀,234. 영등포구민체육센터 앞,519,2022-02-01,대여소별 이용정보 22.2.csv
서대문구,상암2팀,3102. 연희삼거리,519,2022-02-01,대여소별 이용정보 22.2.csv
송파구,학여울2팀,1257. 가락시장역 사거리,519,2022-02-01,대여소별 이용정보 22.2.csv
강남구,학여울2팀,2342. 대청역 1번출구 뒤,519,2022-02-01,대여소별 이용정보 22.2.csv
동대문구,훈련원4팀,617. 청솔우성아파트 앞,520,2022-02-01,대여소별 이용정보 22.2.csv
송파구,천호2팀,1265. 문정동 근린공원,520,2022-02-01,대여소별 이용정보 22.2.csv
종로구,세종로1팀,394. 경희궁 자이 3단지,520,2022-02-01,대여소별 이용정보 22.2.csv
성동구,중랑2팀,4377. 우영테크노센터 앞,521,2022-02-01,대여소별 이용정보 22.2.csv
강동구,천호1팀,1074.대명초교입구 사거리,521,2022-02-01,대여소별 이용정보 22.2.csv
도봉구,도봉3팀,1733. 방학사거리 (봄마당 앞),521,2022-02-01,대여소별 이용정보 22.2.csv
노원구,도봉1팀,1620. 중계동 노원구민체육센터 옆(중1-2),522,2022-02-01,대여소별 이용정보 22.2.csv
양천구,천왕1팀,763. 목동11단지 아파트,522,2022-02-01,대여소별 이용정보 22.2.csv
종로구,세종로1팀,3405.파크팰리스,522,2022-02-01,대여소별 이용정보 22.2.csv
관악구,이수2팀,2119. 중앙동 동진빌딩,524,2022-02-01,대여소별 이용정보 22.2.csv
송파구,학여울2팀,2658.가락몰 업무동,524,2022-02-01,대여소별 이용정보 22.2.csv
강남구,학여울2팀,2404. 대모산입구역 4번 출구 앞,524,2022-02-01,대여소별 이용정보 22.2.csv
마포구,상암1팀,427. 성산시영아파트,524,2022-02-01,대여소별 이용정보 22.2.csv
송파구,학여울2팀,2605. 복정역 1번 출구 앞,524,2022-02-01,대여소별 이용정보 22.2.csv
영등포구,영남3팀,242. 신길선원가와인아파트 앞,524,2022-02-01,대여소별 이용정보 22.2.csv
송파구,천호2팀,4458. 가락2동주민센터 인근,525,2022-02-01,대여소별 이용정보 22.2.csv
양천구,개화3팀,4526. 목동아파트2단지 222동 앞,525,2022-02-01,대여소별 이용정보 22.2.csv
동대문구,훈련원4팀,669.청계한신휴플러스앞 삼거리,525,2022-02-01,대여소별 이용정보 22.2.csv
서대문구,상암2팀,3120.DMC엘가아파트 앞,526,2022-02-01,대여소별 이용정보 22.2.csv
노원구,도봉1팀,2913.상계8동 주민센터,526,2022-02-01,대여소별 이용정보 22.2.csv
구로구,천왕2팀,2000. 신도림4차 e편한세상 아파트 1109동 앞,527,2022-02-01,대여소별 이용정보 22.2.csv
금천구,천왕3팀,1808. 에이스하이엔드타워8차 앞,527,2022-02-01,대여소별 이용정보 22.2.csv
서초구,이수1팀,2242.양재역 11번 출구 앞,528,2022-02-01,대여소별 이용정보 22.2.csv
강서구,개화2팀,1187. 강서수산물도매시장,529,2022-02-01,대여소별 이용정보 22.2.csv
서초구,이수1팀,2251. 더케이호텔 입구(양재2),529,2022-02-01,대여소별 이용정보 22.2.csv
영등포구,영남1팀,4594. 양평교 영등포대여소,530,2022-02-01,대여소별 이용정보 22.2.csv
강서구,개화1팀,2710.라이품 공영주차장 앞,530,2022-02-01,대여소별 이용정보 22.2.csv
구로구,천왕1팀,1987. 개봉아이파크아파트 앞,531,2022-02-01,대여소별 이용정보 22.2.csv
용산구,세종로 4팀,834. 효창공원앞역 3번출구 뒤,532,2022-02-01,대여소별 이용정보 22.2.csv
동대문구,훈련원4팀,4114. 휘경여중고삼거리,533,2022-02-01,대여소별 이용정보 22.2.csv
영등포구,영남3팀,281. 신동아아파트 앞,534,2022-02-01,대여소별 이용정보 22.2.csv
강서구,개화4팀,2737.까치산역 3번 출구,534,2022-02-01,대여소별 이용정보 22.2.csv
강동구,천호1팀,1027. 프라자 아파트 앞,535,2022-02-01,대여소별 이용정보 22.2.csv
동대문구,훈련원3팀,673.안암골벽산아파트(후문),535,2022-02-01,대여소별 이용정보 22.2.csv
중랑구,중랑3팀,1450. 화랑대역 7번출구,536,2022-02-01,대여소별 이용정보 22.2.csv
성북구,훈련원2팀,1338. 용문2교 옆,536,2022-02-01,대여소별 이용정보 22.2.csv
동대문구,훈련원4팀,4108. 답십리파크자이아파트 앞,537,2022-02-01,대여소별 이용정보 22.2.csv
강서구,개화1팀,5053. 신마곡벽산블루밍메트로오피스텔앞,537,2022-02-01,대여소별 이용정보 22.2.csv
강남구,학여울1팀,2415.한티역 롯데백화점 앞,537,2022-02-01,대여소별 이용정보 22.2.csv
강서구,개화2팀,5057. 마곡역4번출구,537,2022-02-01,대여소별 이용정보 22.2.csv
마포구,상암1팀,105. 합정역 5번출구 앞,538,2022-02-01,대여소별 이용정보 22.2.csv
강북구,도봉4팀,1565.대한병원앞,538,2022-02-01,대여소별 이용정보 22.2.csv
중구,세종로1팀,300. 정동사거리,538,2022-02-01,대여소별 이용정보 22.2.csv
은평구,상암3팀,932. 예일여중,539,2022-02-01,대여소별 이용정보 22.2.csv
강동구,천호1팀,1086.래미안 솔베뉴(구천면로),539,2022-02-01,대여소별 이용정보 22.2.csv
강동구,천호1팀,3687. 신명초교입구 교차로,539,2022-02-01,대여소별 이용정보 22.2.csv
양천구,개화3팀,752. 성원2차 아파트,539,2022-02-01,대여소별 이용정보 22.2.csv
종로구,훈련원1팀,455. 종로6가역 버스정류장(동대문 방향),541,2022-02-01,대여소별 이용정보 22.2.csv
중랑구,중랑3팀,4819. 면목동 새싹어린이공원 앞,542,2022-02-01,대여소별 이용정보 22.2.csv
용산구,세종로3팀,860.LG한강 자이아파트 앞,542,2022-02-01,대여소별 이용정보 22.2.csv
마포구,상암1팀,411. DMC홍보관,542,2022-02-01,대여소별 이용정보 22.2.csv
강서구,개화2팀,2711.가로공원공영주차장 1번 출구,543,2022-02-01,대여소별 이용정보 22.2.csv
송파구,천호2팀,2656.풍납동 아이파크 107동 앞,543,2022-02-01,대여소별 이용정보 22.2.csv
노원구,도봉1팀,1666. 노원소방서인근,543,2022-02-01,대여소별 이용정보 22.2.csv
구로구,천왕1팀,2821.청구아파트 앞,543,2022-02-01,대여소별 이용정보 22.2.csv
동대문구,훈련원4팀,627. 장안동삼거리 교통섬,544,2022-02-01,대여소별 이용정보 22.2.csv
구로구,천왕1팀,1941. 오류동역 2번출구,544,2022-02-01,대여소별 이용정보 22.2.csv
종로구,세종로2팀,4705. 웰니스센터(민방위교육장 앞),545,2022-02-01,대여소별 이용정보 22.2.csv
노원구,도봉2팀,2902.공릉풍림아파트 108동,545,2022-02-01,대여소별 이용정보 22.2.csv
영등포구,영남1팀,4598. 오목교 동측 지하보도,546,2022-02-01,대여소별 이용정보 22.2.csv
중랑구,중랑3팀,1444. 면목4치안센터,546,2022-02-01,대여소별 이용정보 22.2.csv
강동구,천호1팀,1061. 천호초교 입구 사거리(일주빌딩),546,2022-02-01,대여소별 이용정보 22.2.csv
강서구,개화1팀,2740.마곡레포츠센터,546,2022-02-01,대여소별 이용정보 22.2.csv
구로구,천왕2팀,1994. 삼성전자 물류센터 앞,547,2022-02-01,대여소별 이용정보 22.2.csv
송파구,학여울2팀,1249. 아주중학교건너편,547,2022-02-01,대여소별 이용정보 22.2.csv
동작구,영남2팀,2054. 삼익아파트,547,2022-02-01,대여소별 이용정보 22.2.csv
금천구,천왕3팀,1814. 두산위브아파트 옆 상가건물 앞,547,2022-02-01,대여소별 이용정보 22.2.csv
강서구,개화3팀,1136. 등촌2파출소,547,2022-02-01,대여소별 이용정보 22.2.csv
동대문구,훈련원3팀,650. 중랑교사거리,547,2022-02-01,대여소별 이용정보 22.2.csv
광진구,중랑1팀,3502. 중곡역 1번출구,547,2022-02-01,대여소별 이용정보 22.2.csv
종로구,세종로2팀,3408.종로타워빌딩,547,2022-02-01,대여소별 이용정보 22.2.csv
노원구,도봉1팀,1697.상계주공2단지 219동,548,2022-02-01,대여소별 이용정보 22.2.csv
성동구,중랑2팀,557. 도선동 주민센터 앞,549,2022-02-01,대여소별 이용정보 22.2.csv
강서구,개화3팀,5075. 등촌역 1번출구,549,2022-02-01,대여소별 이용정보 22.2.csv
성북구,훈련원2팀,1327. 상월곡역 3번출구,550,2022-02-01,대여소별 이용정보 22.2.csv
송파구,학여울2팀,1206. 9호선종합운동장역 9번출구,550,2022-02-01,대여소별 이용정보 22.2.csv
강서구,개화3팀,2742.강서구민올림픽체육센터,552,2022-02-01,대여소별 이용정보 22.2.csv
서초구,이수3팀,2220. 반포본동 주민센터 앞,552,2022-02-01,대여소별 이용정보 22.2.csv
서초구,이수1팀,2244.교육개발원입구 교차로,552,2022-02-01,대여소별 이용정보 22.2.csv
구로구,천왕2팀,1974. 신도림2차e편한세상아파트 203동 앞,552,2022-02-01,대여소별 이용정보 22.2.csv
종로구,세종로2팀,335. 종로3가역 15번출구 앞,553,2022-02-01,대여소별 이용정보 22.2.csv
중랑구,중랑3팀,4812. 묵동 이마트 앞,553,2022-02-01,대여소별 이용정보 22.2.csv
구로구,천왕2팀,1957. 구일고등학교 정문,553,2022-02-01,대여소별 이용정보 22.2.csv
동대문구,훈련원3팀,637. KAIST 경영대학 앞,554,2022-02-01,대여소별 이용정보 22.2.csv
금천구,천왕3팀,1804. 독산역 2번출구 자전거주차장,554,2022-02-01,대여소별 이용정보 22.2.csv
강서구,개화2팀,1127. 화곡역 버스정류장,554,2022-02-01,대여소별 이용정보 22.2.csv
강남구,이수3팀,2302. 교보타워 버스정류장(신논현역 3번출구 후면),555,2022-02-01,대여소별 이용정보 22.2.csv
구로구,천왕2팀,3907. 신도림7차e편한세상아파트 806동 앞,556,2022-02-01,대여소별 이용정보 22.2.csv
종로구,세종로1팀,461. 서울지방경찰청,557,2022-02-01,대여소별 이용정보 22.2.csv
강동구,천호1팀,1012. 서울 상운차량,557,2022-02-01,대여소별 이용정보 22.2.csv
영등포구,영남3팀,4566. 대림성원상떼빌아파트,557,2022-02-01,대여소별 이용정보 22.2.csv
노원구,도봉2팀,1640. 한내근린공원 북측,557,2022-02-01,대여소별 이용정보 22.2.csv
강서구,개화2팀,2713.우장초등학교 앞,559,2022-02-01,대여소별 이용정보 22.2.csv
강서구,개화2팀,5066. 아망떼마곡전시장,559,2022-02-01,대여소별 이용정보 22.2.csv
동작구,이수2팀,2033. 사당동 아르테스 웨딩앞,559,2022-02-01,대여소별 이용정보 22.2.csv
성북구,훈련원2팀,1385.성신여대입구역 3번출구 앞,560,2022-02-01,대여소별 이용정보 22.2.csv
강서구,개화1팀,5063. 서남환경공원(방화동도시개발2단지방향),560,2022-02-01,대여소별 이용정보 22.2.csv
중구,세종로2팀,433. 을지로입구역 2번출구,560,2022-02-01,대여소별 이용정보 22.2.csv
영등포구,영남3팀,254. 도림신협 앞,561,2022-02-01,대여소별 이용정보 22.2.csv
구로구,천왕2팀,1975. 대림역 1번 출입구 밑,563,2022-02-01,대여소별 이용정보 22.2.csv
강북구,도봉4팀,1552. 강북구청사거리(던킨도너츠 앞),563,2022-02-01,대여소별 이용정보 22.2.csv
서대문구,상암2팀,165. 중앙근린공원,563,2022-02-01,대여소별 이용정보 22.2.csv
관악구,영남2팀,3814. 난곡사거리,563,2022-02-01,대여소별 이용정보 22.2.csv
영등포구,영남1팀,4557. 리버뷰신안인스빌2차 후문,563,2022-02-01,대여소별 이용정보 22.2.csv
양천구,개화2팀,739. 신월사거리,564,2022-02-01,대여소별 이용정보 22.2.csv
종로구,세종로1팀,369. 광화문 시민열린마당,564,2022-02-01,대여소별 이용정보 22.2.csv
송파구,천호2팀,4484. 잠실나루역4번출구뒤,565,2022-02-01,대여소별 이용정보 22.2.csv
영등포구,영남3팀,256. 동아에코빌입구,566,2022-02-01,대여소별 이용정보 22.2.csv
강서구,개화2팀,1141. 곰달래 문화복지센터 1-1,566,2022-02-01,대여소별 이용정보 22.2.csv
중구,세종로 4팀,399. 서울역 센트럴 자이아파트,567,2022-02-01,대여소별 이용정보 22.2.csv
마포구,상암1팀,4218. 디지털매직스페이스,569,2022-02-01,대여소별 이용정보 22.2.csv
서초구,이수1팀,2508. 양재이스타빌 앞,569,2022-02-01,대여소별 이용정보 22.2.csv
도봉구,도봉3팀,1709. 쌍문역4번출구 주변,569,2022-02-01,대여소별 이용정보 22.2.csv
도봉구,도봉3팀,4077. 도봉제1교,569,2022-02-01,대여소별 이용정보 22.2.csv
강서구,개화1팀,2707.한강아파트,569,2022-02-01,대여소별 이용정보 22.2.csv
동작구,영남2팀,2070. 노량진역 2번 출구 앞,570,2022-02-01,대여소별 이용정보 22.2.csv
강서구,개화2팀,1186. 송정중학교,570,2022-02-01,대여소별 이용정보 22.2.csv
성동구,중랑2팀,550. 서울시설공단 앞,570,2022-02-01,대여소별 이용정보 22.2.csv
광진구,중랑1팀,3587.우성식품 앞,571,2022-02-01,대여소별 이용정보 22.2.csv
중랑구,중랑3팀,1478.홈플러스 상봉점 앞,571,2022-02-01,대여소별 이용정보 22.2.csv
영등포구,영남1팀,238. 제2구민체육센타 앞,571,2022-02-01,대여소별 이용정보 22.2.csv
도봉구,도봉3팀,1767.태양중앙교회 앞,572,2022-02-01,대여소별 이용정보 22.2.csv
양천구,개화4팀,709. 신정3동 현장민원실 앞,572,2022-02-01,대여소별 이용정보 22.2.csv
구로구,천왕1팀,1964. 원메디타운 앞,572,2022-02-01,대여소별 이용정보 22.2.csv
광진구,중랑1팀,3528. 광진정보도서관,573,2022-02-01,대여소별 이용정보 22.2.csv
종로구,세종로2팀,368. SK 서린빌딩 앞,573,2022-02-01,대여소별 이용정보 22.2.csv
노원구,도봉2팀,2909. 석계역 3번 출구,573,2022-02-01,대여소별 이용정보 22.2.csv
강서구,개화2팀,5055. 마곡역5번출구앞,573,2022-02-01,대여소별 이용정보 22.2.csv
금천구,천왕3팀,1830. 빅마켓 금천점 앞,574,2022-02-01,대여소별 이용정보 22.2.csv
영등포구,영남1팀,288. 쌍용예가(구청별관),574,2022-02-01,대여소별 이용정보 22.2.csv
노원구,도봉2팀,1605. 헬스케어,576,2022-02-01,대여소별 이용정보 22.2.csv
중구,세종로2팀,320. 을지로입구역 4번출구 앞,576,2022-02-01,대여소별 이용정보 22.2.csv
양천구,영남1팀,4532. 목동현대아파트 후문 앞,577,2022-02-01,대여소별 이용정보 22.2.csv
강서구,개화1팀,1165. 마곡중학교 후문,577,2022-02-01,대여소별 이용정보 22.2.csv
영등포구,영남1팀,3201.당산skv1센터,577,2022-02-01,대여소별 이용정보 22.2.csv
은평구,상암2팀,984.상신초등학교앞 버스정류장,577,2022-02-01,대여소별 이용정보 22.2.csv
양천구,개화2팀,732. 신월중학교,578,2022-02-01,대여소별 이용정보 22.2.csv
종로구,훈련원1팀,3415.동대문역6번출구,578,2022-02-01,대여소별 이용정보 22.2.csv
용산구,세종로 4팀,838. 숙대입구역 4번출구,579,2022-02-01,대여소별 이용정보 22.2.csv
서대문구,상암1팀,162. 봉원고가차도 밑,579,2022-02-01,대여소별 이용정보 22.2.csv
강남구,학여울1팀,3627. 압구정나들목,579,2022-02-01,대여소별 이용정보 22.2.csv
종로구,훈련원1팀,453. 종로오가 지하쇼핑센터 14번출구,579,2022-02-01,대여소별 이용정보 22.2.csv
성북구,훈련원2팀,1359. 장위뉴타운 꿈에 숲 코오롱 하늘채 앞,580,2022-02-01,대여소별 이용정보 22.2.csv
노원구,도봉2팀,1685. 불암고등학교 앞 횡단보도,580,2022-02-01,대여소별 이용정보 22.2.csv
동작구,이수2팀,2032. 이수역 11번출구쪽,580,2022-02-01,대여소별 이용정보 22.2.csv
마포구,상암1팀,119. 서강나루 공원,581,2022-02-01,대여소별 이용정보 22.2.csv
동대문구,훈련원3팀,633. 청량리 기업은행 앞,581,2022-02-01,대여소별 이용정보 22.2.csv
도봉구,도봉3팀,1705. 도봉구청 정문앞,582,2022-02-01,대여소별 이용정보 22.2.csv
노원구,도봉1팀,4031. 청암예술학교 앞,582,2022-02-01,대여소별 이용정보 22.2.csv
영등포구,영남3팀,220. 미성아파트 A동 앞,583,2022-02-01,대여소별 이용정보 22.2.csv
광진구,중랑1팀,539. 군자교교차로,584,2022-02-01,대여소별 이용정보 22.2.csv
강남구,이수3팀,2303. 논현역 10번출구,584,2022-02-01,대여소별 이용정보 22.2.csv
동대문구,훈련원3팀,674.고대앞사거리 교통섬,584,2022-02-01,대여소별 이용정보 22.2.csv
구로구,천왕2팀,1983. 구로동롯데아파트,584,2022-02-01,대여소별 이용정보 22.2.csv
강서구,개화1팀,1194. 센서텍㈜,584,2022-02-01,대여소별 이용정보 22.2.csv
중구,세종로1팀,310. 청계광장 옆,585,2022-02-01,대여소별 이용정보 22.2.csv
광진구,중랑1팀,577. 광진청소년수련관,585,2022-02-01,대여소별 이용정보 22.2.csv
영등포구,영남3팀,286. 우성아파트 교차로,586,2022-02-01,대여소별 이용정보 22.2.csv
영등포구,영남1팀,3215.강변삼성래미안,586,2022-02-01,대여소별 이용정보 22.2.csv
중구,세종로 4팀,445.대한상공회의소,586,2022-02-01,대여소별 이용정보 22.2.csv
중구,훈련원1팀,475.DDP 패션몰,588,2022-02-01,대여소별 이용정보 22.2.csv
종로구,훈련원1팀,3417.창신3동주민센터,589,2022-02-01,대여소별 이용정보 22.2.csv
종로구,훈련원1팀,3420. 성균관대입구사거리,589,2022-02-01,대여소별 이용정보 22.2.csv
은평구,상암3팀,916. 평생학습관 앞,590,2022-02-01,대여소별 이용정보 22.2.csv
구로구,천왕2팀,1959. 구로구의회 앞,591,2022-02-01,대여소별 이용정보 22.2.csv
강서구,개화1팀,2702. 마곡 엠밸리2단지,591,2022-02-01,대여소별 이용정보 22.2.csv
종로구,훈련원1팀,4711. 올림픽기념 국민생활관 로터리,591,2022-02-01,대여소별 이용정보 22.2.csv
송파구,천호2팀,2653.올림픽공원사거리(선수촌아파트),592,2022-02-01,대여소별 이용정보 22.2.csv
강남구,이수1팀,2333. 양재역 3번출구 주변,592,2022-02-01,대여소별 이용정보 22.2.csv
송파구,천호2팀,1214. 오금역 7번 출구 인근,592,2022-02-01,대여소별 이용정보 22.2.csv
은평구,상암3팀,908. 구산역 4번출구,593,2022-02-01,대여소별 이용정보 22.2.csv
양천구,개화4팀,736. 오솔길공원,593,2022-02-01,대여소별 이용정보 22.2.csv
동대문구,훈련원3팀,663. 외대앞역 4번출구,594,2022-02-01,대여소별 이용정보 22.2.csv
강북구,도봉4팀,1506. 강북문화예술회관,594,2022-02-01,대여소별 이용정보 22.2.csv
송파구,천호1팀,1274. 영파여고 앞,594,2022-02-01,대여소별 이용정보 22.2.csv
강남구,학여울2팀,2384. 자곡사거리,594,2022-02-01,대여소별 이용정보 22.2.csv
강북구,도봉4팀,"1501. 미아역 3번,4번 출구 사이",595,2022-02-01,대여소별 이용정보 22.2.csv
관악구,이수2팀,2111. 서울대입구역 1번출구,596,2022-02-01,대여소별 이용정보 22.2.csv
마포구,상암1팀,4210. 가좌행복주택 앞,597,2022-02-01,대여소별 이용정보 22.2.csv
광진구,중랑1팀,571. 어린이대공원역6번출구,597,2022-02-01,대여소별 이용정보 22.2.csv
강남구,학여울1팀,2431.대치역 7번출구,598,2022-02-01,대여소별 이용정보 22.2.csv
도봉구,도봉3팀,1707. 도봉구민회관,598,2022-02-01,대여소별 이용정보 22.2.csv
양천구,개화4팀,758. 한사랑교회 앞,598,2022-02-01,대여소별 이용정보 22.2.csv
강북구,도봉4팀,1535. 효성인텔리안 앞,598,2022-02-01,대여소별 이용정보 22.2.csv
성북구,훈련원2팀,1396.래미안장위퍼스트하이(513동),599,2022-02-01,대여소별 이용정보 22.2.csv
중랑구,중랑3팀,1440. 면목2동 사거리,599,2022-02-01,대여소별 이용정보 22.2.csv
중랑구,중랑3팀,1471.동양쇼핑 정류소 앞,599,2022-02-01,대여소별 이용정보 22.2.csv
서초구,이수1팀,2274. 양재시민의숲역 3번출구,599,2022-02-01,대여소별 이용정보 22.2.csv
관악구,영남2팀,2189. 봉천역 4번출구,599,2022-02-01,대여소별 이용정보 22.2.csv
종로구,세종로1팀,301. 경복궁역 7번출구 앞,599,2022-02-01,대여소별 이용정보 22.2.csv
영등포구,영남3팀,204. 국회의사당역 5번출구 옆,600,2022-02-01,대여소별 이용정보 22.2.csv
강서구,개화3팀,1169. 염창역 1번 출구,601,2022-02-01,대여소별 이용정보 22.2.csv
양천구,개화3팀,4527. 목동신시가지아파트6단지,601,2022-02-01,대여소별 이용정보 22.2.csv
은평구,상암2팀,4652. 신사두산위브2차아파트 앞,602,2022-02-01,대여소별 이용정보 22.2.csv
관악구,영남2팀,2179. 양녕로 입구,602,2022-02-01,대여소별 이용정보 22.2.csv
관악구,영남2팀,2187. 현대시장사거리,602,2022-02-01,대여소별 이용정보 22.2.csv
송파구,천호2팀,2644. 성내5교,603,2022-02-01,대여소별 이용정보 22.2.csv
마포구,상암1팀,414. 상암동주민센터 옆,605,2022-02-01,대여소별 이용정보 22.2.csv
노원구,도봉1팀,1690. 도봉운전면허시험장 버스정류장 옆,605,2022-02-01,대여소별 이용정보 22.2.csv
마포구,상암1팀,412. DMC산학협력연구센터 앞,605,2022-02-01,대여소별 이용정보 22.2.csv
영등포구,영남1팀,267. 삼성화재 사옥 옆,606,2022-02-01,대여소별 이용정보 22.2.csv
서초구,이수1팀,2202.청계산입구역 1번출구,606,2022-02-01,대여소별 이용정보 22.2.csv
종로구,훈련원1팀,339. 종로4가 사거리,607,2022-02-01,대여소별 이용정보 22.2.csv
종로구,훈련원1팀,456. 숭인2동 주민센터 입구,607,2022-02-01,대여소별 이용정보 22.2.csv
종로구,세종로1팀,367. 독립문역 3-1번출구,607,2022-02-01,대여소별 이용정보 22.2.csv
중구,세종로2팀,398. 을지로3가역 3번출구,607,2022-02-01,대여소별 이용정보 22.2.csv
강남구,이수3팀,2301. 현대고등학교 건너편,608,2022-02-01,대여소별 이용정보 22.2.csv
서초구,이수1팀,2294. 두상빌딩 앞,609,2022-02-01,대여소별 이용정보 22.2.csv
송파구,천호2팀,2638.쌍용아파트,610,2022-02-01,대여소별 이용정보 22.2.csv
관악구,영남2팀,2105. 미성동 신림체육센터,611,2022-02-01,대여소별 이용정보 22.2.csv
송파구,학여울2팀,4483. 잠실나들목4,612,2022-02-01,대여소별 이용정보 22.2.csv
성북구,훈련원2팀,1390.석관래미안아트리치,612,2022-02-01,대여소별 이용정보 22.2.csv
노원구,도봉1팀,4026. 상계주공1단지아파트,612,2022-02-01,대여소별 이용정보 22.2.csv
중구,훈련원1팀,387. 훈련원공원주차장 앞,614,2022-02-01,대여소별 이용정보 22.2.csv
성동구,중랑2팀,513. 뚝섬역 5번 출구 정류소 옆,614,2022-02-01,대여소별 이용정보 22.2.csv
영등포구,영남1팀,266. 영등포청과시장 사거리,614,2022-02-01,대여소별 이용정보 22.2.csv
강동구,천호1팀,1059. 래미안 강동팰리스(102동),614,2022-02-01,대여소별 이용정보 22.2.csv
중랑구,중랑3팀,1431. 중랑구청 사거리,615,2022-02-01,대여소별 이용정보 22.2.csv
노원구,도봉1팀,1667. 중계중학교,615,2022-02-01,대여소별 이용정보 22.2.csv
송파구,천호2팀,2651.경찰병원역 3번출구 앞,616,2022-02-01,대여소별 이용정보 22.2.csv
강서구,개화1팀,3775. 가양오토갤러리,617,2022-02-01,대여소별 이용정보 22.2.csv
서대문구,상암2팀,3124.DMC센트럴아이파크아파트,617,2022-02-01,대여소별 이용정보 22.2.csv
강남구,학여울1팀,2414. 도곡역 아카데미스위트 앞,617,2022-02-01,대여소별 이용정보 22.2.csv
구로구,천왕2팀,1907. 구일우성(아) 육교 밑,617,2022-02-01,대여소별 이용정보 22.2.csv
광진구,중랑1팀,3581.광진광장,618,2022-02-01,대여소별 이용정보 22.2.csv
영등포구,영남3팀,3220.래미안에스티움 앞 (신풍로),619,2022-02-01,대여소별 이용정보 22.2.csv
중구,훈련원1팀,346. 맥스타일 앞,619,2022-02-01,대여소별 이용정보 22.2.csv
성동구,중랑2팀,537. 한양대후문역 부근,619,2022-02-01,대여소별 이용정보 22.2.csv
서대문구,상암2팀,3121.가좌삼거리,619,2022-02-01,대여소별 이용정보 22.2.csv
강동구,천호1팀,1004. 삼성광나루아파트 버스정류장,620,2022-02-01,대여소별 이용정보 22.2.csv
양천구,영남1팀,748. 목동운동장,621,2022-02-01,대여소별 이용정보 22.2.csv
강동구,천호1팀,1035. 고덕역 4번출구,621,2022-02-01,대여소별 이용정보 22.2.csv
강북구,도봉4팀,1514. 강북구청 사거리 버스정류소 앞,621,2022-02-01,대여소별 이용정보 22.2.csv
송파구,천호2팀,1277. 성내6교,621,2022-02-01,대여소별 이용정보 22.2.csv
종로구,훈련원1팀,356. KT혜화지사 앞,621,2022-02-01,대여소별 이용정보 22.2.csv
노원구,도봉1팀,4020. 중계동 성모빌딩 앞,622,2022-02-01,대여소별 이용정보 22.2.csv
양천구,개화3팀,700. KB국민은행 염창역 지점 앞,623,2022-02-01,대여소별 이용정보 22.2.csv
동대문구,훈련원3팀,4125. 회기역 2-①번출구,623,2022-02-01,대여소별 이용정보 22.2.csv
강서구,개화3팀,1174. 강서구청사거리(부민병원),623,2022-02-01,대여소별 이용정보 22.2.csv
은평구,상암2팀,4657. 본 서부병원 교차로 사거리,624,2022-02-01,대여소별 이용정보 22.2.csv
관악구,이수2팀,2104. 사당역 5번출구,624,2022-02-01,대여소별 이용정보 22.2.csv
구로구,천왕2팀,1956. 동아1차APT105동 버스정류장(신도림중학교 방면),625,2022-02-01,대여소별 이용정보 22.2.csv
성동구,중랑2팀,558. 성동광진 교육지원청 앞,625,2022-02-01,대여소별 이용정보 22.2.csv
종로구,세종로1팀,348. 독립문역 사거리,626,2022-02-01,대여소별 이용정보 22.2.csv
광진구,중랑1팀,3566.우성4차아파트,626,2022-02-01,대여소별 이용정보 22.2.csv
강동구,천호1팀,1001. 광진교 남단 사거리(천호공원 방면),626,2022-02-01,대여소별 이용정보 22.2.csv
동대문구,훈련원4팀,657. 동대문롯데캐슬아파트 앞,626,2022-02-01,대여소별 이용정보 22.2.csv
종로구,세종로2팀,329. 청계2가 사거리 옆,626,2022-02-01,대여소별 이용정보 22.2.csv
강남구,이수3팀,2407. 역삼.서초.삼성 세무서 앞 (역삼빌딩 앞),627,2022-02-01,대여소별 이용정보 22.2.csv
성북구,훈련원2팀,1363. 보문4교 인근,629,2022-02-01,대여소별 이용정보 22.2.csv
영등포구,영남3팀,201. 진미파라곤 앞,629,2022-02-01,대여소별 이용정보 22.2.csv
동작구,영남2팀,4169. 신대방삼거리,629,2022-02-01,대여소별 이용정보 22.2.csv
중구,훈련원1팀,380. CJ제일제당 앞,630,2022-02-01,대여소별 이용정보 22.2.csv
서초구,이수3팀,2279. 교대역 5번출구뒤,631,2022-02-01,대여소별 이용정보 22.2.csv
은평구,상암3팀,961. 불광역 9번 출구,631,2022-02-01,대여소별 이용정보 22.2.csv
강서구,개화2팀,2745.수명초등학교,631,2022-02-01,대여소별 이용정보 22.2.csv
강서구,개화1팀,2729.넥센 유니버시티 앞,631,2022-02-01,대여소별 이용정보 22.2.csv
송파구,학여울2팀,2648.헬리오시티 112동 앞,631,2022-02-01,대여소별 이용정보 22.2.csv
중랑구,중랑3팀,1456. 상아빌딩(우림시장 교차로),632,2022-02-01,대여소별 이용정보 22.2.csv
서초구,이수3팀,2217.아크로리버뷰 부지 앞,632,2022-02-01,대여소별 이용정보 22.2.csv
동작구,이수2팀,2060. 남성역3번출구 뒤,632,2022-02-01,대여소별 이용정보 22.2.csv
서초구,이수2팀,2222.사당역 12번출구 뒤,632,2022-02-01,대여소별 이용정보 22.2.csv
구로구,천왕1팀,1952. 천왕연지타운2단지 앞,633,2022-02-01,대여소별 이용정보 22.2.csv
중랑구,중랑3팀,1401. 극동늘푸른아파트,633,2022-02-01,대여소별 이용정보 22.2.csv
성동구,중랑2팀,530. 청계벽산아파트 앞,634,2022-02-01,대여소별 이용정보 22.2.csv
강서구,개화1팀,1108. 공항시장역 2번출구 뒤,634,2022-02-01,대여소별 이용정보 22.2.csv
서대문구,상암2팀,166. 가재울 초등학교,634,2022-02-01,대여소별 이용정보 22.2.csv
금천구,천왕3팀,1824. 독산근린공원 입구,634,2022-02-01,대여소별 이용정보 22.2.csv
영등포구,영남1팀,4556. 리버뷰신안인스빌1차 후문,634,2022-02-01,대여소별 이용정보 22.2.csv
노원구,도봉1팀,4028. 한일유앤아이아파트 105동 인근,634,2022-02-01,대여소별 이용정보 22.2.csv
강서구,개화2팀,1168. 마곡엠밸리10단지 앞,635,2022-02-01,대여소별 이용정보 22.2.csv
마포구,상암1팀,426. 서울신용보증재단,635,2022-02-01,대여소별 이용정보 22.2.csv
광진구,중랑1팀,3586.군자역 비채온 오피스텔,637,2022-02-01,대여소별 이용정보 22.2.csv
영등포구,영남3팀,292. 영일 어린이공원,639,2022-02-01,대여소별 이용정보 22.2.csv
중구,훈련원1팀,374. 청구역 2번출구 앞,639,2022-02-01,대여소별 이용정보 22.2.csv
강서구,개화2팀,1177. 수명중?고교,639,2022-02-01,대여소별 이용정보 22.2.csv
용산구,세종로3팀,841. 신용산역 1번 출구,640,2022-02-01,대여소별 이용정보 22.2.csv
마포구,상암1팀,3009.서교동사거리(신),641,2022-02-01,대여소별 이용정보 22.2.csv
중구,훈련원1팀,474.동대문역사문화공원역 1번출구 뒤편,642,2022-02-01,대여소별 이용정보 22.2.csv
강서구,개화2팀,3764. 관문주유소(GS칼택스) 앞,643,2022-02-01,대여소별 이용정보 22.2.csv
종로구,세종로2팀,354. 포르투갈 대사관 앞,644,2022-02-01,대여소별 이용정보 22.2.csv
마포구,상암1팀,3011.경의선(노고산동),644,2022-02-01,대여소별 이용정보 22.2.csv
구로구,천왕1팀,1933. 개봉푸르지오아파트 상가,645,2022-02-01,대여소별 이용정보 22.2.csv
동대문구,훈련원3팀,605. 신설동역8번출구,645,2022-02-01,대여소별 이용정보 22.2.csv
양천구,개화4팀,711. 신일해피트리아파트 앞,645,2022-02-01,대여소별 이용정보 22.2.csv
도봉구,도봉3팀,1742. 북한산 코오롱 하늘채,645,2022-02-01,대여소별 이용정보 22.2.csv
강동구,천호1팀,1028. 포레스 주상복합 빌딩,646,2022-02-01,대여소별 이용정보 22.2.csv
강동구,천호1팀,1088.풍납사거리(강동),647,2022-02-01,대여소별 이용정보 22.2.csv
관악구,영남2팀,2115. 관악구시설관리공단,647,2022-02-01,대여소별 이용정보 22.2.csv
중구,세종로2팀,4791. 명동역9번 출구,648,2022-02-01,대여소별 이용정보 22.2.csv
서초구,이수3팀,2211. 서초구립반포도서관 앞,648,2022-02-01,대여소별 이용정보 22.2.csv
영등포구,영남1팀,231. 남부고용노동지청 남측,649,2022-02-01,대여소별 이용정보 22.2.csv
영등포구,영남3팀,226. 샛강역 1번출구 앞,649,2022-02-01,대여소별 이용정보 22.2.csv
송파구,학여울2팀,1269. 리센츠아파트,649,2022-02-01,대여소별 이용정보 22.2.csv
노원구,도봉2팀,2904.중계3차청구아파트,649,2022-02-01,대여소별 이용정보 22.2.csv
강서구,개화1팀,5064. 양천향교역8번출구,649,2022-02-01,대여소별 이용정보 22.2.csv
영등포구,영남3팀,225. 앙카라공원 앞,650,2022-02-01,대여소별 이용정보 22.2.csv
은평구,상암2팀,915. 증산역 4번출구,650,2022-02-01,대여소별 이용정보 22.2.csv
마포구,상암1팀,108. 서교동 사거리,652,2022-02-01,대여소별 이용정보 22.2.csv
영등포구,영남3팀,255. 도림사거리,652,2022-02-01,대여소별 이용정보 22.2.csv
송파구,학여울2팀,1224. 아시아지하보도 2번 출구,653,2022-02-01,대여소별 이용정보 22.2.csv
송파구,학여울2팀,4491. 장지역 1번출구,654,2022-02-01,대여소별 이용정보 22.2.csv
마포구,상암1팀,124. 서강대 정문 건너편,655,2022-02-01,대여소별 이용정보 22.2.csv
종로구,세종로2팀,385. 종각역 5번출구,655,2022-02-01,대여소별 이용정보 22.2.csv
동작구,영남2팀,2056. 동작구민 체육센터,656,2022-02-01,대여소별 이용정보 22.2.csv
서대문구,상암1팀,128. 신촌역(2호선) 1번출구 옆,656,2022-02-01,대여소별 이용정보 22.2.csv
송파구,학여울2팀,4876. 삼전동주민센터 앞,657,2022-02-01,대여소별 이용정보 22.2.csv
광진구,중랑1팀,3865. 이튼타워리버 2차,657,2022-02-01,대여소별 이용정보 22.2.csv
동대문구,훈련원4팀,658. 촬영소 사거리,657,2022-02-01,대여소별 이용정보 22.2.csv
종로구,훈련원1팀,355. 서울사대부속초교 앞,657,2022-02-01,대여소별 이용정보 22.2.csv
양천구,개화4팀,722. 경서농협 버스정류장(우리은행신정동지점방향),659,2022-02-01,대여소별 이용정보 22.2.csv
송파구,천호2팀,1260. 방이동 한양3차아파트 옆,659,2022-02-01,대여소별 이용정보 22.2.csv
동대문구,훈련원4팀,678.장안힐스테이트(아) 앞,659,2022-02-01,대여소별 이용정보 22.2.csv
노원구,도봉2팀,2908. 광운대학교 중앙도서관,661,2022-02-01,대여소별 이용정보 22.2.csv
성북구,훈련원2팀,4408. 돌곶이역 앞,664,2022-02-01,대여소별 이용정보 22.2.csv
마포구,상암1팀,490.가온문화공원,665,2022-02-01,대여소별 이용정보 22.2.csv
노원구,도봉2팀,1670. 노원경찰서교차로,666,2022-02-01,대여소별 이용정보 22.2.csv
중구,훈련원1팀,4765. 동대문디자인플라자,667,2022-02-01,대여소별 이용정보 22.2.csv
도봉구,도봉3팀,1708. 보건소사거리(다비치안경창동점),667,2022-02-01,대여소별 이용정보 22.2.csv
구로구,천왕2팀,1920. 서울미래초등학교 사거리,668,2022-02-01,대여소별 이용정보 22.2.csv
강서구,개화2팀,1148. 볏골공원,669,2022-02-01,대여소별 이용정보 22.2.csv
영등포구,영남3팀,221. 여의도초교 앞,669,2022-02-01,대여소별 이용정보 22.2.csv
영등포구,영남1팀,265. 영등포유통상가 사거리,670,2022-02-01,대여소별 이용정보 22.2.csv
강남구,학여울1팀,2332. 선릉역3번출구,670,2022-02-01,대여소별 이용정보 22.2.csv
동대문구,훈련원4팀,4121. 서울문화재단 앞,670,2022-02-01,대여소별 이용정보 22.2.csv
강서구,개화2팀,5061. 우장산동 가곡어린이공원앞,670,2022-02-01,대여소별 이용정보 22.2.csv
마포구,상암1팀,439. 마포어린이공원,672,2022-02-01,대여소별 이용정보 22.2.csv
광진구,중랑1팀,590. 건국대학교 (입학정보관),672,2022-02-01,대여소별 이용정보 22.2.csv
구로구,천왕2팀,1984. 구로구청,672,2022-02-01,대여소별 이용정보 22.2.csv
구로구,천왕1팀,1991. 오류동역 맞은편,673,2022-02-01,대여소별 이용정보 22.2.csv
은평구,상암3팀,905. 구파발역 2번출구,673,2022-02-01,대여소별 이용정보 22.2.csv
노원구,도봉2팀,4041. 공릉역3번출구,673,2022-02-01,대여소별 이용정보 22.2.csv
동작구,이수2팀,2025. 흑석역 1번출구,674,2022-02-01,대여소별 이용정보 22.2.csv
마포구,상암1팀,492.성산시영아파트 후문,675,2022-02-01,대여소별 이용정보 22.2.csv
강동구,천호1팀,1075.천동초교 삼거리,675,2022-02-01,대여소별 이용정보 22.2.csv
성북구,훈련원2팀,1362. 보문역6번출구 앞,676,2022-02-01,대여소별 이용정보 22.2.csv
중랑구,중랑3팀,1446. 중랑전화국 교차로,678,2022-02-01,대여소별 이용정보 22.2.csv
강동구,천호1팀,1017. 둔촌고교입구 교차로(길동주민센터 방면),678,2022-02-01,대여소별 이용정보 22.2.csv
송파구,학여울2팀,1205. 종합운동장역 4번출구,678,2022-02-01,대여소별 이용정보 22.2.csv
동작구,영남2팀,2067. 보라매역?동작세무서 버스정류장(강남중학교방면),680,2022-02-01,대여소별 이용정보 22.2.csv
종로구,세종로2팀,454. 종로2가 버스정류장 (종각방향),681,2022-02-01,대여소별 이용정보 22.2.csv
강동구,천호1팀,1076. 천동초교입구사거리 버스정류장(십자성마을 방면),681,2022-02-01,대여소별 이용정보 22.2.csv
송파구,천호2팀,1259. 방이역 1번출구,681,2022-02-01,대여소별 이용정보 22.2.csv
강서구,개화3팀,1175. 대한항공 인력개발센터,682,2022-02-01,대여소별 이용정보 22.2.csv
중랑구,중랑3팀,4813. 망우지구대,682,2022-02-01,대여소별 이용정보 22.2.csv
강서구,개화4팀,1146. 곰달래사거리,682,2022-02-01,대여소별 이용정보 22.2.csv
노원구,도봉1팀,4037. 물넘이교,682,2022-02-01,대여소별 이용정보 22.2.csv
양천구,영남1팀,756. 목동주차장,683,2022-02-01,대여소별 이용정보 22.2.csv
강서구,개화2팀,3760. 발산역 8번 출구,684,2022-02-01,대여소별 이용정보 22.2.csv
성북구,훈련원2팀,1332. 석계역 5번출구 건너편,684,2022-02-01,대여소별 이용정보 22.2.csv
송파구,학여울2팀,2618. 삼전역 1번출구,685,2022-02-01,대여소별 이용정보 22.2.csv
용산구,세종로 4팀,846. 용산중학교,685,2022-02-01,대여소별 이용정보 22.2.csv
영등포구,영남3팀,249. 여의도중학교 옆,685,2022-02-01,대여소별 이용정보 22.2.csv
은평구,상암1팀,972. 수색역,686,2022-02-01,대여소별 이용정보 22.2.csv
서대문구,상암2팀,178. 증산3교 앞,687,2022-02-01,대여소별 이용정보 22.2.csv
강서구,개화3팀,1172. 가양3동 주민센터,687,2022-02-01,대여소별 이용정보 22.2.csv
광진구,중랑1팀,3573.광나루안전체험관,688,2022-02-01,대여소별 이용정보 22.2.csv
종로구,세종로2팀,4708. 조계사앞사거리,689,2022-02-01,대여소별 이용정보 22.2.csv
광진구,중랑1팀,542. 강변역 4번출구 뒤,689,2022-02-01,대여소별 이용정보 22.2.csv
노원구,도봉2팀,1602. 광운대역 앞,689,2022-02-01,대여소별 이용정보 22.2.csv
영등포구,영남3팀,219. 롯데캐슬엠파이어 옆,689,2022-02-01,대여소별 이용정보 22.2.csv
구로구,천왕2팀,1958. 강서수도사업소민원센터,690,2022-02-01,대여소별 이용정보 22.2.csv
종로구,세종로2팀,334. 종로3가역 2번출구 뒤,690,2022-02-01,대여소별 이용정보 22.2.csv
도봉구,도봉3팀,1737. 하나은행 (창동점),690,2022-02-01,대여소별 이용정보 22.2.csv
마포구,상암1팀,107. 신한은행 서교동지점,691,2022-02-01,대여소별 이용정보 22.2.csv
도봉구,도봉3팀,1738. 창동주공17단지 상가앞,691,2022-02-01,대여소별 이용정보 22.2.csv
광진구,중랑1팀,593.자양중앙나들목,691,2022-02-01,대여소별 이용정보 22.2.csv
광진구,중랑1팀,516. 광진메디칼 앞,691,2022-02-01,대여소별 이용정보 22.2.csv
금천구,천왕2팀,1848. 벽산 디지털밸리 5차,691,2022-02-01,대여소별 이용정보 22.2.csv
성북구,훈련원2팀,1381.석계역 4번출구 뒤,692,2022-02-01,대여소별 이용정보 22.2.csv
관악구,영남2팀,2108. 은천치안센터,694,2022-02-01,대여소별 이용정보 22.2.csv
강서구,개화1팀,1155. 기쁜우리복지관,695,2022-02-01,대여소별 이용정보 22.2.csv
동대문구,훈련원4팀,642. 신답역 사거리,695,2022-02-01,대여소별 이용정보 22.2.csv
동작구,영남2팀,2013. 장승배기역 5번출구,696,2022-02-01,대여소별 이용정보 22.2.csv
노원구,도봉1팀,1689. 마들역 3번출구,696,2022-02-01,대여소별 이용정보 22.2.csv
광진구,중랑1팀,592. 건국대학교 학생회관,697,2022-02-01,대여소별 이용정보 22.2.csv
관악구,영남2팀,2175. 신림동걷고싶은문화의거리입구,698,2022-02-01,대여소별 이용정보 22.2.csv
서대문구,상암2팀,176. 명지대학교 도서관,699,2022-02-01,대여소별 이용정보 22.2.csv
용산구,세종로3팀,829. 베르가모앞,699,2022-02-01,대여소별 이용정보 22.2.csv
성북구,훈련원2팀,1380.월곡역 5번출구 앞,699,2022-02-01,대여소별 이용정보 22.2.csv
구로구,천왕2팀,1962. 가리봉동주민센터,700,2022-02-01,대여소별 이용정보 22.2.csv
중랑구,중랑3팀,1451. 중랑세무서,700,2022-02-01,대여소별 이용정보 22.2.csv
구로구,천왕2팀,3914. 신도림쌍용플래티넘노블아파트 앞,700,2022-02-01,대여소별 이용정보 22.2.csv
종로구,세종로2팀,327. 낙원상가 옆,701,2022-02-01,대여소별 이용정보 22.2.csv
광진구,중랑1팀,546. 잠실대교북단 교차로,701,2022-02-01,대여소별 이용정보 22.2.csv
강서구,개화1팀,2706.강서공업고등학교 앞,703,2022-02-01,대여소별 이용정보 22.2.csv
영등포구,영남3팀,205. 산업은행 앞,705,2022-02-01,대여소별 이용정보 22.2.csv
강남구,학여울1팀,2335. 3호선 매봉역 3번출구앞,705,2022-02-01,대여소별 이용정보 22.2.csv
동대문구,훈련원4팀,624. 전농동 동아아파트 앞,705,2022-02-01,대여소별 이용정보 22.2.csv
성동구,중랑2팀,582. 경일중학교 앞,706,2022-02-01,대여소별 이용정보 22.2.csv
성동구,중랑2팀,3560.성동구 견인차량 보관소 앞,706,2022-02-01,대여소별 이용정보 22.2.csv
관악구,영남2팀,2169. 봉천역 2번출구,706,2022-02-01,대여소별 이용정보 22.2.csv
종로구,훈련원1팀,341. 혜화역 3번출구 뒤,707,2022-02-01,대여소별 이용정보 22.2.csv
강동구,천호1팀,3656. 둔촌푸르지오아파트,707,2022-02-01,대여소별 이용정보 22.2.csv
성북구,훈련원2팀,1384.성신여대입구역 5번출구,708,2022-02-01,대여소별 이용정보 22.2.csv
동대문구,훈련원3팀,615. 용두동 래미안허브리츠아파트 앞,708,2022-02-01,대여소별 이용정보 22.2.csv
성북구,훈련원2팀,1336. 성북3교 위,709,2022-02-01,대여소별 이용정보 22.2.csv
동작구,영남2팀,237. 보라매 두산위브 건너편,709,2022-02-01,대여소별 이용정보 22.2.csv
관악구,영남2팀,2164. 관악우체국,709,2022-02-01,대여소별 이용정보 22.2.csv
송파구,천호1팀,1208. 풍납현대아파트쉼터,710,2022-02-01,대여소별 이용정보 22.2.csv
강서구,개화1팀,3756. 마곡힐스테이트 정문,710,2022-02-01,대여소별 이용정보 22.2.csv
용산구,세종로3팀,870.노들섬 서측 앞,710,2022-02-01,대여소별 이용정보 22.2.csv
양천구,천왕1팀,4535. 목동12단지 아파트,711,2022-02-01,대여소별 이용정보 22.2.csv
강서구,개화3팀,1185. 등촌9단지,712,2022-02-01,대여소별 이용정보 22.2.csv
송파구,학여울2팀,4897. 잠실주공5단지1,712,2022-02-01,대여소별 이용정보 22.2.csv
마포구,상암1팀,157. 애오개역 4번출구 앞,712,2022-02-01,대여소별 이용정보 22.2.csv
송파구,천호2팀,1226. 잠실4동 주민센터 옆,713,2022-02-01,대여소별 이용정보 22.2.csv
성동구,중랑2팀,521. 왕십리역 11번 출구 앞,713,2022-02-01,대여소별 이용정보 22.2.csv
노원구,도봉2팀,2915.서울과학기술대학교(어학교육원),714,2022-02-01,대여소별 이용정보 22.2.csv
마포구,상암1팀,417. DMC역 2번출구 옆,716,2022-02-01,대여소별 이용정보 22.2.csv
노원구,도봉2팀,1683. 노원문화예술회관,717,2022-02-01,대여소별 이용정보 22.2.csv
서초구,이수2팀,2230.이수역 4번 출구,717,2022-02-01,대여소별 이용정보 22.2.csv
영등포구,영남3팀,212. 여의도역 1번출구 옆,717,2022-02-01,대여소별 이용정보 22.2.csv
중구,세종로2팀,4796. 부산은행,718,2022-02-01,대여소별 이용정보 22.2.csv
영등포구,영남3팀,4568. 영등포로터리,719,2022-02-01,대여소별 이용정보 22.2.csv
마포구,상암1팀,148. 용강동 주민센터 앞,719,2022-02-01,대여소별 이용정보 22.2.csv
용산구,세종로3팀,837. 한남나들목 입구,719,2022-02-01,대여소별 이용정보 22.2.csv
성북구,훈련원2팀,1354. 고려대학교 2번출구,720,2022-02-01,대여소별 이용정보 22.2.csv
양천구,개화3팀,766. 신목동역 3번출구,721,2022-02-01,대여소별 이용정보 22.2.csv
강동구,천호1팀,1048. 둔촌어린이공원,721,2022-02-01,대여소별 이용정보 22.2.csv
종로구,세종로2팀,326. 안국역 5번출구 앞,722,2022-02-01,대여소별 이용정보 22.2.csv
종로구,세종로1팀,4710. 자교교회 앞,724,2022-02-01,대여소별 이용정보 22.2.csv
동대문구,훈련원3팀,635. 시조사 앞 (청량고정문 옆),724,2022-02-01,대여소별 이용정보 22.2.csv
구로구,천왕2팀,1912. 한신휴아파트 앞,724,2022-02-01,대여소별 이용정보 22.2.csv
중랑구,중랑3팀,1433. 중화역 2번출구,725,2022-02-01,대여소별 이용정보 22.2.csv
마포구,상암1팀,438. 성산2-1 공영주차장,726,2022-02-01,대여소별 이용정보 22.2.csv
서대문구,상암2팀,3125.연희파크푸르지오아파트 앞,726,2022-02-01,대여소별 이용정보 22.2.csv
노원구,도봉1팀,5301. 상계주공1단지 버스정류장 옆(대원빌딩 앞),727,2022-02-01,대여소별 이용정보 22.2.csv
송파구,학여울2팀,2613. 잠실나들목,727,2022-02-01,대여소별 이용정보 22.2.csv
강서구,개화3팀,1139. 용문사 버스정류장,728,2022-02-01,대여소별 이용정보 22.2.csv
동작구,영남2팀,2059. 보라매공원 정문,729,2022-02-01,대여소별 이용정보 22.2.csv
서초구,이수3팀,2231. 삼성타운(삼성생명) A동 맞은편,729,2022-02-01,대여소별 이용정보 22.2.csv
강서구,개화1팀,1113. 서남환경공원 버스정류장,729,2022-02-01,대여소별 이용정보 22.2.csv
영등포구,영남1팀,264. 교보생명보험 앞,729,2022-02-01,대여소별 이용정보 22.2.csv
관악구,영남2팀,2106. 세이브마트,730,2022-02-01,대여소별 이용정보 22.2.csv
강서구,개화2팀,2746.수명산파크 4단지 411동 앞,730,2022-02-01,대여소별 이용정보 22.2.csv
강서구,개화1팀,5062. 마곡동 767-6,730,2022-02-01,대여소별 이용정보 22.2.csv
강서구,개화1팀,3778. 김포공항입구 교차로,730,2022-02-01,대여소별 이용정보 22.2.csv
용산구,세종로3팀,816. 신용산역 6번출구 앞,731,2022-02-01,대여소별 이용정보 22.2.csv
종로구,세종로2팀,3407.안국동사거리(신),731,2022-02-01,대여소별 이용정보 22.2.csv
중랑구,중랑3팀,1416. 상봉역 3번출구,731,2022-02-01,대여소별 이용정보 22.2.csv
송파구,천호2팀,4486. 홈플러스 잠실점,732,2022-02-01,대여소별 이용정보 22.2.csv
영등포구,영남3팀,252. 보라매역4번출구,733,2022-02-01,대여소별 이용정보 22.2.csv
중랑구,중랑3팀,1448. 코스트코 상봉점,734,2022-02-01,대여소별 이용정보 22.2.csv
노원구,도봉2팀,4036. 하계역 6번출구,735,2022-02-01,대여소별 이용정보 22.2.csv
양천구,개화3팀,701. 목동사거리 부근,737,2022-02-01,대여소별 이용정보 22.2.csv
서대문구,상암2팀,3119.연희 브라운스톤 아파트 앞,738,2022-02-01,대여소별 이용정보 22.2.csv
노원구,도봉2팀,4008. 하계 어린이 공원,740,2022-02-01,대여소별 이용정보 22.2.csv
강서구,개화1팀,3774. 마곡9단지 910동 상가앞,740,2022-02-01,대여소별 이용정보 22.2.csv
동대문구,훈련원4팀,626. 군자교 서측 녹지대,741,2022-02-01,대여소별 이용정보 22.2.csv
성동구,중랑2팀,507. 성수아이에스비즈타워 앞,743,2022-02-01,대여소별 이용정보 22.2.csv
성북구,훈련원2팀,1369. 미아사거리,743,2022-02-01,대여소별 이용정보 22.2.csv
송파구,천호2팀,1212. 송파역 2번 출구앞,743,2022-02-01,대여소별 이용정보 22.2.csv
광진구,중랑2팀,3506. 영동대교 북단,745,2022-02-01,대여소별 이용정보 22.2.csv
구로구,천왕2팀,1901. 신도림동주민센터 앞,747,2022-02-01,대여소별 이용정보 22.2.csv
서대문구,상암2팀,179. 가좌역 4번출구 앞,748,2022-02-01,대여소별 이용정보 22.2.csv
강서구,개화2팀,"5074. 마곡엠밸리14단지 버스정류장(마곡엠밸리11,12단지상가방면)",749,2022-02-01,대여소별 이용정보 22.2.csv
강동구,천호1팀,3671. 둔촌동역교차로,750,2022-02-01,대여소별 이용정보 22.2.csv
강동구,천호1팀,1047. 강동 한신휴플러스,751,2022-02-01,대여소별 이용정보 22.2.csv
도봉구,도봉3팀,1720. 도봉구청 옆(중랑천변),751,2022-02-01,대여소별 이용정보 22.2.csv
마포구,상암1팀,104. 합정역 1번출구 앞,751,2022-02-01,대여소별 이용정보 22.2.csv
강서구,개화1팀,3784. 벽산아파트,751,2022-02-01,대여소별 이용정보 22.2.csv
송파구,학여울2팀,4465. 건영아파트앞 사거리,752,2022-02-01,대여소별 이용정보 22.2.csv
영등포구,영남3팀,209. 유진투자증권빌딩 앞,752,2022-02-01,대여소별 이용정보 22.2.csv
양천구,영남1팀,796.목동아파트 14단지 B상가 앞,752,2022-02-01,대여소별 이용정보 22.2.csv
노원구,도봉2팀,1669. 중계역 3번출구,753,2022-02-01,대여소별 이용정보 22.2.csv
강서구,개화1팀,3762. 마곡9단지 907동앞,753,2022-02-01,대여소별 이용정보 22.2.csv
관악구,영남2팀,2103. 신림동 우방아파트,754,2022-02-01,대여소별 이용정보 22.2.csv
성북구,훈련원2팀,1319. 종암사거리 분수대,755,2022-02-01,대여소별 이용정보 22.2.csv
구로구,천왕2팀,1908. 해원리바파크 육교 밑,756,2022-02-01,대여소별 이용정보 22.2.csv
은평구,상암3팀,950. 구산역 2번 출구 예일여고 버스정류장,757,2022-02-01,대여소별 이용정보 22.2.csv
종로구,훈련원1팀,345. 서울보증보험본사 앞,758,2022-02-01,대여소별 이용정보 22.2.csv
중구,훈련원1팀,4792. 퇴계로4가 교차로(중구청),759,2022-02-01,대여소별 이용정보 22.2.csv
중구,훈련원1팀,473.을지로4가역 9번출구,759,2022-02-01,대여소별 이용정보 22.2.csv
도봉구,도봉3팀,1741. 제일강산수산입구,760,2022-02-01,대여소별 이용정보 22.2.csv
성동구,중랑2팀,561. 서울숲역 2번출구 앞,760,2022-02-01,대여소별 이용정보 22.2.csv
강동구,천호1팀,3657. 서울천호동우체국,761,2022-02-01,대여소별 이용정보 22.2.csv
송파구,천호2팀,1204. 거여역 3번출구,761,2022-02-01,대여소별 이용정보 22.2.csv
노원구,도봉1팀,1692. 온곡초교 교차로,761,2022-02-01,대여소별 이용정보 22.2.csv
노원구,도봉1팀,1661. 당현천근린공원,763,2022-02-01,대여소별 이용정보 22.2.csv
송파구,학여울2팀,4453. 위례중앙푸르지오 201동 앞,763,2022-02-01,대여소별 이용정보 22.2.csv
강서구,개화1팀,2727.서울식물원 잔디마당 앞,764,2022-02-01,대여소별 이용정보 22.2.csv
강서구,개화1팀,3758. 서울남부출입국관리소,765,2022-02-01,대여소별 이용정보 22.2.csv
강서구,개화2팀,5070. 마곡13단지힐스테이트마스터 후문(1320동 앞),766,2022-02-01,대여소별 이용정보 22.2.csv
송파구,천호2팀,1227. 거여역 8번출구 뒤,766,2022-02-01,대여소별 이용정보 22.2.csv
송파구,천호2팀,1278. 송파구청 교차로,767,2022-02-01,대여소별 이용정보 22.2.csv
광진구,중랑1팀,3868. 자양한강도서관,768,2022-02-01,대여소별 이용정보 22.2.csv
동작구,영남2팀,2080. 대방지하보도(대방동경남아너스빌아파트),768,2022-02-01,대여소별 이용정보 22.2.csv
종로구,세종로2팀,3432.종로2가 사거리,769,2022-02-01,대여소별 이용정보 22.2.csv
관악구,이수2팀,2171. 서울대입구역 5번출구,769,2022-02-01,대여소별 이용정보 22.2.csv
종로구,훈련원1팀,338. 세운스퀘어 앞,770,2022-02-01,대여소별 이용정보 22.2.csv
은평구,상암2팀,912. 응암오거리,771,2022-02-01,대여소별 이용정보 22.2.csv
성북구,훈련원2팀,1337. 돈암성당 옆,771,2022-02-01,대여소별 이용정보 22.2.csv
노원구,도봉2팀,1643. 태릉입구역 8번출구,774,2022-02-01,대여소별 이용정보 22.2.csv
노원구,도봉2팀,4046. 경춘선 숲길,774,2022-02-01,대여소별 이용정보 22.2.csv
송파구,학여울2팀,1245. 문정 법조단지9,774,2022-02-01,대여소별 이용정보 22.2.csv
강서구,개화2팀,3796. 송정역 3번출구 앞,775,2022-02-01,대여소별 이용정보 22.2.csv
노원구,도봉2팀,4007. 노원 을지대학교 병원,776,2022-02-01,대여소별 이용정보 22.2.csv
마포구,상암1팀,487.신석초교앞 교차로 교통섬,778,2022-02-01,대여소별 이용정보 22.2.csv
종로구,훈련원1팀,340. 혜화동 로터리,778,2022-02-01,대여소별 이용정보 22.2.csv
양천구,개화3팀,768.목동5단지아파트 501동,780,2022-02-01,대여소별 이용정보 22.2.csv
중랑구,중랑3팀,1404. 동일로 지하차도,781,2022-02-01,대여소별 이용정보 22.2.csv
마포구,상암1팀,153. 성산2교 사거리,782,2022-02-01,대여소별 이용정보 22.2.csv
서대문구,상암1팀,116. 일진아이윌아파트 옆,782,2022-02-01,대여소별 이용정보 22.2.csv
은평구,상암2팀,943. 은평구청 보건소,783,2022-02-01,대여소별 이용정보 22.2.csv
노원구,도봉2팀,1663. 동해문화예술관앞,784,2022-02-01,대여소별 이용정보 22.2.csv
강서구,개화3팀,1132. 등촌역 7번출구,784,2022-02-01,대여소별 이용정보 22.2.csv
은평구,상암3팀,933. 역촌종합시장 버스정류장(예일여고 방면),784,2022-02-01,대여소별 이용정보 22.2.csv
중구,훈련원1팀,481.신당역 10번 출구,786,2022-02-01,대여소별 이용정보 22.2.csv
광진구,중랑1팀,543. 구의공원(테크노마트 앞),787,2022-02-01,대여소별 이용정보 22.2.csv
송파구,학여울2팀,1235. 잠실트리지움310동 옆,789,2022-02-01,대여소별 이용정보 22.2.csv
서초구,이수3팀,2265. 이수고가차도 남단,791,2022-02-01,대여소별 이용정보 22.2.csv
성동구,중랑2팀,3548.뚝섬역 6번출구,792,2022-02-01,대여소별 이용정보 22.2.csv
성동구,중랑2팀,3515. 서울숲 관리사무소,793,2022-02-01,대여소별 이용정보 22.2.csv
영등포구,영남1팀,227. 양평2나들목 보행통로 입구,793,2022-02-01,대여소별 이용정보 22.2.csv
관악구,영남2팀,3811.신사로입구,794,2022-02-01,대여소별 이용정보 22.2.csv
동대문구,훈련원4팀,643. 동대문구민체육센터 (육교아래),795,2022-02-01,대여소별 이용정보 22.2.csv
영등포구,영남3팀,4575. 대림동 e편한세상영등포아델포레,796,2022-02-01,대여소별 이용정보 22.2.csv
노원구,도봉1팀,1688. 마들역 7번출구,797,2022-02-01,대여소별 이용정보 22.2.csv
용산구,세종로 4팀,818. 숙명여대 입구 교차로,798,2022-02-01,대여소별 이용정보 22.2.csv
강동구,천호1팀,1021. 강일동 리슈빌 빌딩앞,799,2022-02-01,대여소별 이용정보 22.2.csv
서대문구,상암2팀,123. 문화촌 공원,799,2022-02-01,대여소별 이용정보 22.2.csv
강북구,도봉4팀,1529. 미아동 한국전력공사,801,2022-02-01,대여소별 이용정보 22.2.csv
강서구,개화3팀,1170. 강서구보건소,801,2022-02-01,대여소별 이용정보 22.2.csv
강서구,개화1팀,2722.마곡 문영비지웍스,804,2022-02-01,대여소별 이용정보 22.2.csv
영등포구,영남3팀,3214.영등포 푸르지오,806,2022-02-01,대여소별 이용정보 22.2.csv
강서구,개화2팀,1128. 화곡역 6번출구,806,2022-02-01,대여소별 이용정보 22.2.csv
영등포구,영남3팀,3212.신풍역 6번출구,807,2022-02-01,대여소별 이용정보 22.2.csv
강남구,이수1팀,2340. 삼호물산버스정류장(23370) 옆,807,2022-02-01,대여소별 이용정보 22.2.csv
강서구,개화3팀,1122. 황금내근린공원,807,2022-02-01,대여소별 이용정보 22.2.csv
노원구,도봉2팀,2912.대진고등학교,807,2022-02-01,대여소별 이용정보 22.2.csv
영등포구,영남3팀,258. 신길역3번출구,808,2022-02-01,대여소별 이용정보 22.2.csv
중구,훈련원1팀,4798. 황학동롯데캐슬,808,2022-02-01,대여소별 이용정보 22.2.csv
서초구,이수1팀,2255.시민의숲역 1번출구 옆,808,2022-02-01,대여소별 이용정보 22.2.csv
마포구,상암1팀,4220. 신촌 청년주택,808,2022-02-01,대여소별 이용정보 22.2.csv
강서구,개화2팀,3785. 마곡14단지 1408동앞,810,2022-02-01,대여소별 이용정보 22.2.csv
성동구,중랑2팀,3559.성동구민종합체육센터 앞,810,2022-02-01,대여소별 이용정보 22.2.csv
강동구,천호1팀,1002. 해공공원(천호동),812,2022-02-01,대여소별 이용정보 22.2.csv
강서구,개화3팀,1140. 목동사거리 버스정류장,813,2022-02-01,대여소별 이용정보 22.2.csv
동대문구,훈련원3팀,609. 제기2교,813,2022-02-01,대여소별 이용정보 22.2.csv
송파구,천호2팀,2628.문정역 1번출구,813,2022-02-01,대여소별 이용정보 22.2.csv
양천구,개화3팀,747. 목동3단지 상가,814,2022-02-01,대여소별 이용정보 22.2.csv
광진구,중랑1팀,573. 구의문주차장 앞,814,2022-02-01,대여소별 이용정보 22.2.csv
영등포구,영남3팀,214. 금융감독원 앞,815,2022-02-01,대여소별 이용정보 22.2.csv
종로구,세종로2팀,4713. 현대 뜨레비앙 아파트 앞,815,2022-02-01,대여소별 이용정보 22.2.csv
송파구,천호2팀,1282. 송파소방서 맞은편(성내4교),816,2022-02-01,대여소별 이용정보 22.2.csv
광진구,중랑1팀,3582.화양동 우체국,816,2022-02-01,대여소별 이용정보 22.2.csv
도봉구,도봉3팀,1762.북한산 한신휴플러스APT앞,816,2022-02-01,대여소별 이용정보 22.2.csv
강서구,개화3팀,3789. 염창나들목,819,2022-02-01,대여소별 이용정보 22.2.csv
강동구,천호1팀,1023. 한국종합기술사옥 앞,819,2022-02-01,대여소별 이용정보 22.2.csv
노원구,도봉1팀,4003. 상계초교 입구 교차로 명주빌딩 앞,820,2022-02-01,대여소별 이용정보 22.2.csv
구로구,천왕1팀,1988. 고척LIGA아파트 앞,821,2022-02-01,대여소별 이용정보 22.2.csv
성북구,훈련원2팀,1306. 한성대입구역2번출구,822,2022-02-01,대여소별 이용정보 22.2.csv
강동구,천호1팀,1022. 길동 사거리(초소앞),825,2022-02-01,대여소별 이용정보 22.2.csv
종로구,세종로1팀,308. 광화문 S타워 앞,826,2022-02-01,대여소별 이용정보 22.2.csv
중구,훈련원1팀,390. 충무로역 1번출구,828,2022-02-01,대여소별 이용정보 22.2.csv
중랑구,중랑3팀,1455. 상봉역 2번 출구,828,2022-02-01,대여소별 이용정보 22.2.csv
영등포구,영남1팀,244. 영등포삼환아파트 앞,828,2022-02-01,대여소별 이용정보 22.2.csv
송파구,학여울2팀,2637. 아시아지하보도 14번 출구,829,2022-02-01,대여소별 이용정보 22.2.csv
성동구,중랑2팀,3549.건영아파트 앞,829,2022-02-01,대여소별 이용정보 22.2.csv
강동구,천호1팀,1077.강동역 1번출구 앞,830,2022-02-01,대여소별 이용정보 22.2.csv
송파구,학여울2팀,2635.잠실새내역 1번출구,830,2022-02-01,대여소별 이용정보 22.2.csv
양천구,개화3팀,754. 목동1단지아파트 118동 앞,831,2022-02-01,대여소별 이용정보 22.2.csv
서초구,이수3팀,2505. 우성아파트사거리 (기업은행앞),833,2022-02-01,대여소별 이용정보 22.2.csv
강서구,개화3팀,1119. 염창동 한마음아파트 앞,833,2022-02-01,대여소별 이용정보 22.2.csv
종로구,훈련원1팀,3422.성균관대 정문,833,2022-02-01,대여소별 이용정보 22.2.csv
노원구,도봉2팀,1619. 중계동 하나프라자빌딩 앞(중1-1),834,2022-02-01,대여소별 이용정보 22.2.csv
구로구,천왕2팀,3905. 희훈타워빌 앞,834,2022-02-01,대여소별 이용정보 22.2.csv
영등포구,영남1팀,4553. 당산삼성2차아파트,834,2022-02-01,대여소별 이용정보 22.2.csv
송파구,천호2팀,1297. 석촌호수교차로(동호 팔각정 앞),834,2022-02-01,대여소별 이용정보 22.2.csv
영등포구,영남1팀,296.KT플라자 영등포점,834,2022-02-01,대여소별 이용정보 22.2.csv
강서구,개화2팀,1129. 화곡역 1번 출구 앞,836,2022-02-01,대여소별 이용정보 22.2.csv
관악구,영남2팀,2113. 관악동작견인차량보관소,836,2022-02-01,대여소별 이용정보 22.2.csv
송파구,학여울2팀,1221. 삼전역 4번출구,838,2022-02-01,대여소별 이용정보 22.2.csv
강서구,개화2팀,2741.마곡수명산파크5-6단지,842,2022-02-01,대여소별 이용정보 22.2.csv
강북구,도봉4팀,1530. 광산사거리,842,2022-02-01,대여소별 이용정보 22.2.csv
양천구,개화4팀,794.양천문화회관,842,2022-02-01,대여소별 이용정보 22.2.csv
동대문구,훈련원3팀,660. 동의보감타워,843,2022-02-01,대여소별 이용정보 22.2.csv
중랑구,중랑3팀,1442. 중랑구 중소기업 창업센터,845,2022-02-01,대여소별 이용정보 22.2.csv
송파구,학여울2팀,1231. 잠실역 6번출구,846,2022-02-01,대여소별 이용정보 22.2.csv
강서구,개화1팀,1111. 마곡엠밸리6_7단지 마곡중학교,847,2022-02-01,대여소별 이용정보 22.2.csv
영등포구,영남3팀,4559. 신길역 2번출구,847,2022-02-01,대여소별 이용정보 22.2.csv
송파구,천호2팀,2630.서울방이동 고분군,848,2022-02-01,대여소별 이용정보 22.2.csv
중랑구,중랑3팀,1462.동부시장 북문 앞,848,2022-02-01,대여소별 이용정보 22.2.csv
노원구,도봉1팀,1656. 중앙하이츠 아파트 입구,849,2022-02-01,대여소별 이용정보 22.2.csv
노원구,도봉2팀,4013. 중계 롯데마트,849,2022-02-01,대여소별 이용정보 22.2.csv
중랑구,중랑3팀,1438. 홈플러스 신내점 앞,851,2022-02-01,대여소별 이용정보 22.2.csv
강동구,천호1팀,3664. 맥도날드 서울둔촌DT점 앞,851,2022-02-01,대여소별 이용정보 22.2.csv
종로구,세종로1팀,302. 경복궁역 4번출구 뒤,852,2022-02-01,대여소별 이용정보 22.2.csv
강서구,개화3팀,1135. 강서구의회,853,2022-02-01,대여소별 이용정보 22.2.csv
강서구,개화1팀,1190. 마곡역 교차로(2번출구),855,2022-02-01,대여소별 이용정보 22.2.csv
서초구,이수3팀,2264. 이수역 1번출구,855,2022-02-01,대여소별 이용정보 22.2.csv
동대문구,훈련원3팀,680.꿈마루어린이도서관 앞,858,2022-02-01,대여소별 이용정보 22.2.csv
영등포구,영남3팀,224. 롯데캐슬 앞,858,2022-02-01,대여소별 이용정보 22.2.csv
양천구,영남1팀,4514. 목동성당 앞,860,2022-02-01,대여소별 이용정보 22.2.csv
영등포구,영남1팀,229. 양평1 보행육교 앞,860,2022-02-01,대여소별 이용정보 22.2.csv
금천구,천왕3팀,1827. 독산보도육교 앞 자전거 보관소,862,2022-02-01,대여소별 이용정보 22.2.csv
노원구,도봉1팀,1657. 노원구청,863,2022-02-01,대여소별 이용정보 22.2.csv
영등포구,영남3팀,203. 국회의사당역 3번출구 옆,863,2022-02-01,대여소별 이용정보 22.2.csv
송파구,천호2팀,1203. 밀리아나2빌딩 앞,867,2022-02-01,대여소별 이용정보 22.2.csv
송파구,천호2팀,1268. 몽촌토성역 1번출구 옆,868,2022-02-01,대여소별 이용정보 22.2.csv
광진구,중랑1팀,3517. 용마사거리,870,2022-02-01,대여소별 이용정보 22.2.csv
강서구,개화3팀,1120. 대림경동아파트앞,871,2022-02-01,대여소별 이용정보 22.2.csv
종로구,훈련원1팀,3416.동묘앞역 6번출구,871,2022-02-01,대여소별 이용정보 22.2.csv
성동구,중랑2팀,4353. 코오롱디지털타워 3차앞,872,2022-02-01,대여소별 이용정보 22.2.csv
마포구,상암1팀,114. 홍대입구역 8번출구 앞,875,2022-02-01,대여소별 이용정보 22.2.csv
동작구,영남2팀,2058. 동작경찰서,876,2022-02-01,대여소별 이용정보 22.2.csv
서대문구,상암2팀,194. 증산교 앞,881,2022-02-01,대여소별 이용정보 22.2.csv
중랑구,중랑3팀,1458. 상봉터미널2,881,2022-02-01,대여소별 이용정보 22.2.csv
송파구,학여울2팀,2601. 석촌호수 아뜰리에,881,2022-02-01,대여소별 이용정보 22.2.csv
관악구,영남2팀,2176. 보라매공원 보도육교,884,2022-02-01,대여소별 이용정보 22.2.csv
노원구,도봉1팀,1668. 중계역 6번출구,885,2022-02-01,대여소별 이용정보 22.2.csv
서대문구,상암2팀,133. 해담는다리,885,2022-02-01,대여소별 이용정보 22.2.csv
영등포구,영남3팀,213. KT앞,885,2022-02-01,대여소별 이용정보 22.2.csv
도봉구,도봉3팀,4076. 진영상운 앞 중랑천 변,886,2022-02-01,대여소별 이용정보 22.2.csv
송파구,학여울2팀,2619. 석촌고분역 4번출구,887,2022-02-01,대여소별 이용정보 22.2.csv
종로구,세종로1팀,305. 종로구청 옆,887,2022-02-01,대여소별 이용정보 22.2.csv
강서구,개화2팀,3759. 이대서울병원,889,2022-02-01,대여소별 이용정보 22.2.csv
중랑구,중랑3팀,1414. 사가정역 2번출구,890,2022-02-01,대여소별 이용정보 22.2.csv
성동구,중랑2팀,529. 장한평역 8번 출구 앞,890,2022-02-01,대여소별 이용정보 22.2.csv
강서구,개화2팀,2718.마곡수명산파크1단지,893,2022-02-01,대여소별 이용정보 22.2.csv
강서구,개화1팀,2724.(재)FITI시험연구원,893,2022-02-01,대여소별 이용정보 22.2.csv
영등포구,영남3팀,279. 영등포 푸르지오 아파트,893,2022-02-01,대여소별 이용정보 22.2.csv
강서구,개화3팀,3769. 증미역 2번출구,895,2022-02-01,대여소별 이용정보 22.2.csv
구로구,천왕1팀,1977. 천왕역 1번 출입구 앞,895,2022-02-01,대여소별 이용정보 22.2.csv
송파구,학여울2팀,2606. 위례동주민센터 맞은편 근린공원,898,2022-02-01,대여소별 이용정보 22.2.csv
양천구,개화4팀,716.신정6동 주민센터 인근,899,2022-02-01,대여소별 이용정보 22.2.csv
영등포구,영남1팀,290. 당산동 SK V1 빌딩,900,2022-02-01,대여소별 이용정보 22.2.csv
용산구,세종로3팀,825. 서빙고동 주민센터 앞,901,2022-02-01,대여소별 이용정보 22.2.csv
관악구,영남2팀,2140. 신림1교 교차로,901,2022-02-01,대여소별 이용정보 22.2.csv
광진구,중랑1팀,540. 군자역 7번출구 베스트샵 앞,901,2022-02-01,대여소별 이용정보 22.2.csv
성동구,중랑2팀,512. 뚝섬역 1번 출구 옆,902,2022-02-01,대여소별 이용정보 22.2.csv
양천구,개화3팀,719. 홍익병원앞 교차로,904,2022-02-01,대여소별 이용정보 22.2.csv
영등포구,영남1팀,268. 그랜드컨벤션센터 앞,906,2022-02-01,대여소별 이용정보 22.2.csv
성동구,중랑2팀,559. 왕십리역 4번 출구 건너편,907,2022-02-01,대여소별 이용정보 22.2.csv
강서구,개화2팀,1131. 꿈돌이공원 앞,908,2022-02-01,대여소별 이용정보 22.2.csv
강동구,천호1팀,1013. 강동구청역 1번 출입구,908,2022-02-01,대여소별 이용정보 22.2.csv
송파구,천호2팀,4481. 올림픽공원 북2문 2,909,2022-02-01,대여소별 이용정보 22.2.csv
서초구,이수1팀,2252. 잔디마을 마을버스 정류장,910,2022-02-01,대여소별 이용정보 22.2.csv
성동구,중랑2팀,587. 유니베라 앞,911,2022-02-01,대여소별 이용정보 22.2.csv
마포구,상암1팀,130. 신촌역(2호선) 7번출구 앞,911,2022-02-01,대여소별 이용정보 22.2.csv
영등포구,영남3팀,4564. 63스퀘어,912,2022-02-01,대여소별 이용정보 22.2.csv
영등포구,영남3팀,4592. 신길우성4차아파트,912,2022-02-01,대여소별 이용정보 22.2.csv
광진구,중랑1팀,588. 뚝섬 유원지역,912,2022-02-01,대여소별 이용정보 22.2.csv
강서구,개화1팀,1150. 송정역 1번출구,913,2022-02-01,대여소별 이용정보 22.2.csv
노원구,도봉2팀,2910.도깨비시장,913,2022-02-01,대여소별 이용정보 22.2.csv
구로구,천왕2팀,1904. 도림천역 1번 출구 앞,914,2022-02-01,대여소별 이용정보 22.2.csv
동대문구,훈련원4팀,623. 서울시립대 정문 앞,915,2022-02-01,대여소별 이용정보 22.2.csv
중랑구,중랑3팀,1452. 겸재교 진입부,915,2022-02-01,대여소별 이용정보 22.2.csv
종로구,훈련원1팀,3421.혜화역 1번출구,915,2022-02-01,대여소별 이용정보 22.2.csv
강서구,개화2팀,1126. 우장산역 1번출구옆(우장산아이파크105동앞),915,2022-02-01,대여소별 이용정보 22.2.csv
광진구,중랑1팀,548. 자양나들목,917,2022-02-01,대여소별 이용정보 22.2.csv
강북구,도봉4팀,1512. 강북중학교 앞,920,2022-02-01,대여소별 이용정보 22.2.csv
마포구,상암1팀,144. 공덕역 8번출구,921,2022-02-01,대여소별 이용정보 22.2.csv
강남구,학여울1팀,2348. 포스코사거리(기업은행),923,2022-02-01,대여소별 이용정보 22.2.csv
광진구,중랑1팀,576. 광나루역 3번 출구,923,2022-02-01,대여소별 이용정보 22.2.csv
마포구,상암1팀,106. 합정역 7번출구 앞,924,2022-02-01,대여소별 이용정보 22.2.csv
강서구,개화1팀,3757. 신방화역 6번출구,924,2022-02-01,대여소별 이용정보 22.2.csv
노원구,도봉2팀,1616. 하계2동 공항버스정류장 옆,926,2022-02-01,대여소별 이용정보 22.2.csv
종로구,훈련원1팀,363. 신설동역 11번출구 뒤,926,2022-02-01,대여소별 이용정보 22.2.csv
노원구,도봉2팀,1617. 하계동 중평어린이공원 앞,927,2022-02-01,대여소별 이용정보 22.2.csv
송파구,천호2팀,1262. 송파여성문화회관 앞,928,2022-02-01,대여소별 이용정보 22.2.csv
은평구,상암2팀,956. 응암시장교차로,928,2022-02-01,대여소별 이용정보 22.2.csv
강서구,개화2팀,2732.마곡수명산 1-2단지,932,2022-02-01,대여소별 이용정보 22.2.csv
동작구,영남2팀,2015. 신대방삼거리역 6번출구쪽,935,2022-02-01,대여소별 이용정보 22.2.csv
금천구,천왕3팀,3966. 독산역1번출구 옆,935,2022-02-01,대여소별 이용정보 22.2.csv
구로구,천왕2팀,2801. 대륭포스트타워1차,937,2022-02-01,대여소별 이용정보 22.2.csv
송파구,학여울2팀,1220. 잠실근린공원,937,2022-02-01,대여소별 이용정보 22.2.csv
강서구,개화1팀,1102. 방화사거리 마을버스 버스정류장,938,2022-02-01,대여소별 이용정보 22.2.csv
영등포구,영남1팀,287. 영등포전화국사거리 (서강어린이공원),939,2022-02-01,대여소별 이용정보 22.2.csv
송파구,천호2팀,1215. 올림픽공원역 1번출구 앞,939,2022-02-01,대여소별 이용정보 22.2.csv
은평구,상암3팀,911. 은평평화공원(역촌역4번출구),940,2022-02-01,대여소별 이용정보 22.2.csv
금천구,천왕3팀,1841. 가산동 주민센터,941,2022-02-01,대여소별 이용정보 22.2.csv
양천구,영남1팀,786.목동아파트 8단지 상가동 앞,942,2022-02-01,대여소별 이용정보 22.2.csv
강남구,학여울1팀,2306. 압구정역 2번 출구 옆,944,2022-02-01,대여소별 이용정보 22.2.csv
강동구,천호1팀,1078.둔촌사거리,945,2022-02-01,대여소별 이용정보 22.2.csv
강서구,개화1팀,2735.마곡 공공청사,949,2022-02-01,대여소별 이용정보 22.2.csv
동대문구,훈련원3팀,614. 용두동 사거리,949,2022-02-01,대여소별 이용정보 22.2.csv
성동구,중랑2팀,578. 성동세무서 부근,951,2022-02-01,대여소별 이용정보 22.2.csv
마포구,상암1팀,146. 마포역 2번출구 뒤,951,2022-02-01,대여소별 이용정보 22.2.csv
마포구,상암1팀,103. 망원역 2번출구 앞,952,2022-02-01,대여소별 이용정보 22.2.csv
구로구,천왕2팀,1996. 구일역 1번 출입구 앞,953,2022-02-01,대여소별 이용정보 22.2.csv
마포구,상암1팀,421. 마포구청 앞,956,2022-02-01,대여소별 이용정보 22.2.csv
노원구,도봉1팀,1686. 상계주공10단지 종합상가 앞,959,2022-02-01,대여소별 이용정보 22.2.csv
송파구,학여울2팀,1243. 문정 법조단지7,961,2022-02-01,대여소별 이용정보 22.2.csv
송파구,천호2팀,1201. 가락시장역 3번 출구,963,2022-02-01,대여소별 이용정보 22.2.csv
마포구,상암1팀,147. 마포역 4번출구 뒤,964,2022-02-01,대여소별 이용정보 22.2.csv
강북구,도봉4팀,1531. 미아사거리 1번 출구,965,2022-02-01,대여소별 이용정보 22.2.csv
영등포구,영남1팀,280. 양평동6차현대아파트 앞,966,2022-02-01,대여소별 이용정보 22.2.csv
광진구,중랑1팀,501. 광진구의회 앞,971,2022-02-01,대여소별 이용정보 22.2.csv
강동구,천호1팀,1011. LIGA 아파트 앞,971,2022-02-01,대여소별 이용정보 22.2.csv
영등포구,영남1팀,284. 센트럴 푸르지오 시티 앞,977,2022-02-01,대여소별 이용정보 22.2.csv
강서구,개화2팀,1199. 우장산역 3번출구,980,2022-02-01,대여소별 이용정보 22.2.csv
영등포구,영남1팀,236. 문래동자이아파트 앞,981,2022-02-01,대여소별 이용정보 22.2.csv
마포구,상암1팀,497.합정동주민센터 앞,981,2022-02-01,대여소별 이용정보 22.2.csv
성동구,중랑2팀,514. 성수사거리 버스정류장 앞,981,2022-02-01,대여소별 이용정보 22.2.csv
중랑구,중랑3팀,1447. 면목역 3번출구,982,2022-02-01,대여소별 이용정보 22.2.csv
강동구,천호1팀,1029. 성내어울터,986,2022-02-01,대여소별 이용정보 22.2.csv
양천구,영남1팀,731. 서울시 도로환경관리센터,988,2022-02-01,대여소별 이용정보 22.2.csv
양천구,개화3팀,702. 목4동주민센터 옆,988,2022-02-01,대여소별 이용정보 22.2.csv
도봉구,도봉3팀,4065. 창동역 1번출구 앞,989,2022-02-01,대여소별 이용정보 22.2.csv
광진구,중랑1팀,3500. 군자역2번출구,989,2022-02-01,대여소별 이용정보 22.2.csv
양천구,영남1팀,771.목동아파트 703동 앞,991,2022-02-01,대여소별 이용정보 22.2.csv
강서구,개화2팀,1192. 마곡수명산파크 209동 건너편,995,2022-02-01,대여소별 이용정보 22.2.csv
마포구,상암1팀,409. 누리꿈스퀘어 옆,998,2022-02-01,대여소별 이용정보 22.2.csv
광진구,중랑1팀,3536. 중앙농협(자양동),998,2022-02-01,대여소별 이용정보 22.2.csv
양천구,개화4팀,779. 신정1동 주민센터 앞,1003,2022-02-01,대여소별 이용정보 22.2.csv
성북구,훈련원2팀,1328. 월곡역 3번출구,1011,2022-02-01,대여소별 이용정보 22.2.csv
서대문구,상암2팀,175. 홍연2교옆,1012,2022-02-01,대여소별 이용정보 22.2.csv
동대문구,훈련원3팀,670.삼육서울병원 버스정류장,1013,2022-02-01,대여소별 이용정보 22.2.csv
은평구,상암3팀,906. 연신내역 5번출구,1016,2022-02-01,대여소별 이용정보 22.2.csv
영등포구,영남1팀,4574. 영등포시장역 포레나영등포,1018,2022-02-01,대여소별 이용정보 22.2.csv
종로구,훈련원1팀,362. 청계8가 사거리,1025,2022-02-01,대여소별 이용정보 22.2.csv
성동구,중랑2팀,3513. 상왕십리역 1번출구,1028,2022-02-01,대여소별 이용정보 22.2.csv
동대문구,훈련원4팀,641. 용두역 4번출구,1029,2022-02-01,대여소별 이용정보 22.2.csv
마포구,상암1팀,154. 마포구청역,1031,2022-02-01,대여소별 이용정보 22.2.csv
송파구,학여울2팀,4852. 서울복합물류 게이트 1,1038,2022-02-01,대여소별 이용정보 22.2.csv
성북구,훈련원2팀,1355. 보문2교,1038,2022-02-01,대여소별 이용정보 22.2.csv
은평구,상암2팀,914. 새절역 2번출구,1038,2022-02-01,대여소별 이용정보 22.2.csv
양천구,개화3팀,793.목동5단지아파트 534동,1038,2022-02-01,대여소별 이용정보 22.2.csv
강북구,도봉4팀,1503. 이디야 커피 수유역점 앞,1043,2022-02-01,대여소별 이용정보 22.2.csv
종로구,훈련원1팀,3413.종로플레이스,1044,2022-02-01,대여소별 이용정보 22.2.csv
영등포구,영남1팀,232. 양평우림 이비즈센타 앞,1047,2022-02-01,대여소별 이용정보 22.2.csv
동대문구,훈련원3팀,612. 시립동부병원 앞 사거리,1053,2022-02-01,대여소별 이용정보 22.2.csv
양천구,개화3팀,735. 영도초등학교,1053,2022-02-01,대여소별 이용정보 22.2.csv
강서구,개화1팀,1103. 방화역 4번출구앞,1053,2022-02-01,대여소별 이용정보 22.2.csv
송파구,천호2팀,1248. 방이초등학교,1053,2022-02-01,대여소별 이용정보 22.2.csv
송파구,천호2팀,1218. 방이역 4번출구,1055,2022-02-01,대여소별 이용정보 22.2.csv
마포구,상암1팀,493.홍대입구역 6번출구,1055,2022-02-01,대여소별 이용정보 22.2.csv
송파구,학여울2팀,2615. 테라타워2,1056,2022-02-01,대여소별 이용정보 22.2.csv
광진구,중랑1팀,3504. 원일교회,1057,2022-02-01,대여소별 이용정보 22.2.csv
영등포구,영남3팀,222. 시범아파트버스정류장 옆,1059,2022-02-01,대여소별 이용정보 22.2.csv
송파구,천호2팀,4864. 송파사거리,1059,2022-02-01,대여소별 이용정보 22.2.csv
송파구,학여울2팀,2632.석촌고분역 2번 출구,1059,2022-02-01,대여소별 이용정보 22.2.csv
서초구,이수3팀,2262. 한신16차아파트 119동 앞,1061,2022-02-01,대여소별 이용정보 22.2.csv
성동구,중랑2팀,568. 청계8가사거리 부근,1062,2022-02-01,대여소별 이용정보 22.2.csv
동대문구,훈련원4팀,4122. 청계9가교차로 앞,1064,2022-02-01,대여소별 이용정보 22.2.csv
마포구,상암1팀,418. 월드컵경기장역 3번출구 옆,1064,2022-02-01,대여소별 이용정보 22.2.csv
강서구,개화1팀,3772. 길성그랑프리텔아파트,1067,2022-02-01,대여소별 이용정보 22.2.csv
송파구,학여울2팀,1246. 문정 법조단지10,1068,2022-02-01,대여소별 이용정보 22.2.csv
서대문구,상암2팀,131. 증산2교,1071,2022-02-01,대여소별 이용정보 22.2.csv
구로구,천왕2팀,1986. 태평양물산빌딩,1071,2022-02-01,대여소별 이용정보 22.2.csv
양천구,영남1팀,723. SBS방송국,1072,2022-02-01,대여소별 이용정보 22.2.csv
광진구,중랑1팀,584. 광진광장 교통섬,1076,2022-02-01,대여소별 이용정보 22.2.csv
양천구,천왕1팀,788.양천구청역 2번출구 옆,1079,2022-02-01,대여소별 이용정보 22.2.csv
종로구,세종로1팀,458. 광화문역 5번출구,1080,2022-02-01,대여소별 이용정보 22.2.csv
성동구,중랑2팀,508. 성수아카데미타워 앞,1080,2022-02-01,대여소별 이용정보 22.2.csv
강서구,개화1팀,2723.마곡 필네이처,1081,2022-02-01,대여소별 이용정보 22.2.csv
동대문구,훈련원3팀,659. 제기역1번출구,1081,2022-02-01,대여소별 이용정보 22.2.csv
노원구,도봉2팀,1655. 공릉1단지아파트,1083,2022-02-01,대여소별 이용정보 22.2.csv
강동구,천호1팀,1084. 윤선생빌딩(JYP사옥),1084,2022-02-01,대여소별 이용정보 22.2.csv
강서구,개화1팀,1163. 방화동강서기동대앞,1084,2022-02-01,대여소별 이용정보 22.2.csv
성동구,중랑2팀,3600.사근빗물펌프장 건너편,1084,2022-02-01,대여소별 이용정보 22.2.csv
성북구,훈련원2팀,1321. 국민은행 종암동지점 앞,1085,2022-02-01,대여소별 이용정보 22.2.csv
종로구,훈련원1팀,342. 대학로 마로니에공원,1086,2022-02-01,대여소별 이용정보 22.2.csv
성동구,중랑2팀,560. 비전교회 앞,1087,2022-02-01,대여소별 이용정보 22.2.csv
마포구,상암1팀,3002.벽산상암스마트큐브,1089,2022-02-01,대여소별 이용정보 22.2.csv
중구,세종로1팀,4768. 서울도시건축전시관,1089,2022-02-01,대여소별 이용정보 22.2.csv
양천구,영남1팀,791.현대하이페리온,1090,2022-02-01,대여소별 이용정보 22.2.csv
강서구,개화1팀,2730.마곡메가박스 앞,1092,2022-02-01,대여소별 이용정보 22.2.csv
송파구,천호2팀,4452. 삼성SDS,1093,2022-02-01,대여소별 이용정보 22.2.csv
마포구,상암1팀,4213. 마포구중앙도서관 정문 앞,1096,2022-02-01,대여소별 이용정보 22.2.csv
마포구,상암1팀,186. 월드컵공원,1097,2022-02-01,대여소별 이용정보 22.2.csv
송파구,학여울2팀,1232. 잠실주공 521동 건너편,1097,2022-02-01,대여소별 이용정보 22.2.csv
송파구,천호2팀,2621. 한성백제역 2번 출구,1099,2022-02-01,대여소별 이용정보 22.2.csv
성북구,훈련원2팀,1351. 안암2교 옆,1100,2022-02-01,대여소별 이용정보 22.2.csv
강동구,천호1팀,1010. 강동세무서,1101,2022-02-01,대여소별 이용정보 22.2.csv
노원구,도봉2팀,1610. 화랑대역 2번출구 앞,1101,2022-02-01,대여소별 이용정보 22.2.csv
동대문구,훈련원3팀,634. 외국어대 정문 앞,1102,2022-02-01,대여소별 이용정보 22.2.csv
노원구,도봉2팀,2921.중계역 2번출구,1102,2022-02-01,대여소별 이용정보 22.2.csv
양천구,영남1팀,780.신정교 하부,1102,2022-02-01,대여소별 이용정보 22.2.csv
양천구,개화3팀,755. 목동1단지아파트 상가 앞,1104,2022-02-01,대여소별 이용정보 22.2.csv
양천구,개화4팀,795.양천 해누리타운,1105,2022-02-01,대여소별 이용정보 22.2.csv
중랑구,중랑3팀,1449. 상봉역 1번출구,1106,2022-02-01,대여소별 이용정보 22.2.csv
강서구,개화3팀,2704.홈플러스(강서점),1109,2022-02-01,대여소별 이용정보 22.2.csv
중구,세종로 4팀,370. 시청역(2호선) 9번출구 뒤,1116,2022-02-01,대여소별 이용정보 22.2.csv
광진구,중랑1팀,505. 자양사거리 광진아크로텔 앞,1116,2022-02-01,대여소별 이용정보 22.2.csv
마포구,상암1팀,183. 하늘채코오롱아파트 건너편,1117,2022-02-01,대여소별 이용정보 22.2.csv
마포구,상암1팀,419. 홈플러스 앞,1118,2022-02-01,대여소별 이용정보 22.2.csv
송파구,천호1팀,2611. 송파지역자활센터 뒤,1120,2022-02-01,대여소별 이용정보 22.2.csv
강서구,개화2팀,1182. KBS 스포츠월드,1120,2022-02-01,대여소별 이용정보 22.2.csv
종로구,세종로2팀,316. 종각역 1번출구 앞,1124,2022-02-01,대여소별 이용정보 22.2.csv
광진구,중랑1팀,3542. 래미안 구의파크 스위트,1127,2022-02-01,대여소별 이용정보 22.2.csv
마포구,상암1팀,4233. 코오롱아파트사거리,1129,2022-02-01,대여소별 이용정보 22.2.csv
강서구,개화1팀,1195. 코오롱One&Only타워,1132,2022-02-01,대여소별 이용정보 22.2.csv
광진구,중랑1팀,500. 어린이대공원역 3번출구 앞,1133,2022-02-01,대여소별 이용정보 22.2.csv
영등포구,영남3팀,278. 쌍용플레티넘오피스텔,1136,2022-02-01,대여소별 이용정보 22.2.csv
송파구,천호2팀,4457. 아산병원 기숙사 부근,1136,2022-02-01,대여소별 이용정보 22.2.csv
양천구,천왕1팀,729. 서부식자재마트 건너편,1138,2022-02-01,대여소별 이용정보 22.2.csv
동대문구,훈련원3팀,677.청량리역 4번 5번출구 사이,1140,2022-02-01,대여소별 이용정보 22.2.csv
동대문구,훈련원4팀,648. 장안동위더스빌옆,1140,2022-02-01,대여소별 이용정보 22.2.csv
광진구,중랑1팀,3520. 광진경찰서,1144,2022-02-01,대여소별 이용정보 22.2.csv
동대문구,훈련원3팀,613. 신설동역 10번출구 앞,1145,2022-02-01,대여소별 이용정보 22.2.csv
노원구,도봉1팀,1662. 노원역7번출구,1146,2022-02-01,대여소별 이용정보 22.2.csv
강서구,개화3팀,1118. 증미역 3번출구뒤(등촌두산위브센티움오피스텔),1146,2022-02-01,대여소별 이용정보 22.2.csv
마포구,상암1팀,498.연남동주민센터 앞,1147,2022-02-01,대여소별 이용정보 22.2.csv
영등포구,영남3팀,217. NH농협은행 앞,1150,2022-02-01,대여소별 이용정보 22.2.csv
관악구,영남2팀,2107. 도림천 신화교,1150,2022-02-01,대여소별 이용정보 22.2.csv
양천구,영남1팀,4508. 유원목동아파트 103동 앞,1151,2022-02-01,대여소별 이용정보 22.2.csv
구로구,천왕2팀,1914. 대림역4번출구,1152,2022-02-01,대여소별 이용정보 22.2.csv
광진구,중랑1팀,3881. 신자초교입구 교차로,1155,2022-02-01,대여소별 이용정보 22.2.csv
강서구,개화3팀,3780. 등촌서광아파트,1157,2022-02-01,대여소별 이용정보 22.2.csv
영등포구,영남1팀,275. 신동아아파트,1158,2022-02-01,대여소별 이용정보 22.2.csv
노원구,도봉1팀,1653. 노원역1번출구,1162,2022-02-01,대여소별 이용정보 22.2.csv
종로구,세종로1팀,303. 광화문역 1번출구 앞,1165,2022-02-01,대여소별 이용정보 22.2.csv
광진구,중랑1팀,3534. 건대입구역 5번출구 뒤,1166,2022-02-01,대여소별 이용정보 22.2.csv
송파구,학여울2팀,2641.송파역 4번출구,1170,2022-02-01,대여소별 이용정보 22.2.csv
영등포구,영남1팀,245. 삼성생명 당산사옥 앞,1172,2022-02-01,대여소별 이용정보 22.2.csv
노원구,도봉1팀,1636. 상계주공2단지 버스정류장 옆,1173,2022-02-01,대여소별 이용정보 22.2.csv
광진구,중랑1팀,574. 아차산역4번출구,1177,2022-02-01,대여소별 이용정보 22.2.csv
마포구,상암1팀,415. DMC역 9번출구 앞,1178,2022-02-01,대여소별 이용정보 22.2.csv
강남구,학여울2팀,2377. 수서역 5번출구,1178,2022-02-01,대여소별 이용정보 22.2.csv
송파구,학여울2팀,2647.잠실 자전거 수리센터 앞,1186,2022-02-01,대여소별 이용정보 22.2.csv
노원구,도봉2팀,4027. 한내 행복발전소 옆,1187,2022-02-01,대여소별 이용정보 22.2.csv
송파구,학여울2팀,1244. 문정 법조단지8,1190,2022-02-01,대여소별 이용정보 22.2.csv
송파구,학여울2팀,2646.레이크펠리스101동앞,1193,2022-02-01,대여소별 이용정보 22.2.csv
양천구,개화3팀,744. 신목동역 2번 출구,1193,2022-02-01,대여소별 이용정보 22.2.csv
동대문구,훈련원4팀,630. 동대문구 보건소,1197,2022-02-01,대여소별 이용정보 22.2.csv
강동구,천호1팀,3681. 길동 마루빌딩,1199,2022-02-01,대여소별 이용정보 22.2.csv
영등포구,영남3팀,276. 영등포로터리2,1199,2022-02-01,대여소별 이용정보 22.2.csv
동작구,영남2팀,2002. 노들역 1번출구,1200,2022-02-01,대여소별 이용정보 22.2.csv
은평구,상암2팀,996.응암역2번출구 국민은행 앞,1201,2022-02-01,대여소별 이용정보 22.2.csv
양천구,개화4팀,4509. 서울영상고교 입구,1205,2022-02-01,대여소별 이용정보 22.2.csv
강동구,천호1팀,3680. 강동역3번출구,1210,2022-02-01,대여소별 이용정보 22.2.csv
종로구,훈련원1팀,3410.종로3가역 8번출구,1213,2022-02-01,대여소별 이용정보 22.2.csv
광진구,중랑1팀,3570.구의역 리버비스타 오피스텔,1214,2022-02-01,대여소별 이용정보 22.2.csv
영등포구,영남1팀,291. 문래동 하이테크 시티,1215,2022-02-01,대여소별 이용정보 22.2.csv
양천구,개화4팀,4515. 동문굿모닝탑,1215,2022-02-01,대여소별 이용정보 22.2.csv
영등포구,영남1팀,228. 선유도역 3번출구 앞,1216,2022-02-01,대여소별 이용정보 22.2.csv
구로구,천왕2팀,2824.미래사랑어린이공원 앞,1217,2022-02-01,대여소별 이용정보 22.2.csv
영등포구,영남1팀,3202.당산롯데캐슬프레스티지,1219,2022-02-01,대여소별 이용정보 22.2.csv
양천구,영남1팀,797.목동아파트 1422동 1434동 사잇길,1221,2022-02-01,대여소별 이용정보 22.2.csv
강서구,개화1팀,"1191. 마곡역 버스정류장(마곡나루역1번출구, 웰튼병원 방면)",1223,2022-02-01,대여소별 이용정보 22.2.csv
양천구,영남1팀,781.신정보도육교 아래,1226,2022-02-01,대여소별 이용정보 22.2.csv
송파구,천호2팀,4865. 한성백제역 1번출구 뒤,1226,2022-02-01,대여소별 이용정보 22.2.csv
노원구,도봉2팀,4029. 청소년수련관 후문,1227,2022-02-01,대여소별 이용정보 22.2.csv
광진구,중랑1팀,549. 아차산역 3번출구,1232,2022-02-01,대여소별 이용정보 22.2.csv
송파구,천호2팀,1251. 석촌역 2번출구,1237,2022-02-01,대여소별 이용정보 22.2.csv
마포구,상암1팀,184. 7번가피자 서교망원점,1238,2022-02-01,대여소별 이용정보 22.2.csv
송파구,학여울2팀,4868. 석촌호수 서호 남단,1240,2022-02-01,대여소별 이용정보 22.2.csv
은평구,상암2팀,913. 이마트 버스정류장(서부경찰서 방면),1241,2022-02-01,대여소별 이용정보 22.2.csv
영등포구,영남3팀,206. KBS 앞,1244,2022-02-01,대여소별 이용정보 22.2.csv
서대문구,상암2팀,117. 홍은사거리,1245,2022-02-01,대여소별 이용정보 22.2.csv
강북구,도봉4팀,1569.수유역2번출구,1245,2022-02-01,대여소별 이용정보 22.2.csv
영등포구,영남1팀,243. 이앤씨드림타워 앞,1247,2022-02-01,대여소별 이용정보 22.2.csv
강동구,천호1팀,3668. 성내삼성아파트,1251,2022-02-01,대여소별 이용정보 22.2.csv
강동구,천호1팀,1090.상일동역 2번출구 앞,1251,2022-02-01,대여소별 이용정보 22.2.csv
성동구,중랑2팀,3514. 왕십리교회옆,1253,2022-02-01,대여소별 이용정보 22.2.csv
강서구,개화3팀,1173. 강서구청사거리(SH타워),1255,2022-02-01,대여소별 이용정보 22.2.csv
강서구,개화3팀,2708.강서한강자이타워 앞,1256,2022-02-01,대여소별 이용정보 22.2.csv
광진구,중랑1팀,551. 구의삼성쉐르빌 앞,1259,2022-02-01,대여소별 이용정보 22.2.csv
강서구,개화1팀,1162. 공항초등학교건너편,1259,2022-02-01,대여소별 이용정보 22.2.csv
강서구,개화1팀,1197. 엠펠리체 호텔 건너편,1265,2022-02-01,대여소별 이용정보 22.2.csv
노원구,도봉2팀,1611. 과기대 입구(우),1265,2022-02-01,대여소별 이용정보 22.2.csv
노원구,도봉2팀,1684. 태릉입구역 5번출구,1272,2022-02-01,대여소별 이용정보 22.2.csv
마포구,상암1팀,102. 망원역 1번출구 앞,1273,2022-02-01,대여소별 이용정보 22.2.csv
구로구,천왕2팀,1946. 구로역 광장,1273,2022-02-01,대여소별 이용정보 22.2.csv
영등포구,영남1팀,293. 충북 미래관,1278,2022-02-01,대여소별 이용정보 22.2.csv
송파구,천호2팀,2610. 송리단길,1286,2022-02-01,대여소별 이용정보 22.2.csv
노원구,도봉2팀,1601. 석계역 문화광장 내 자전거 보관소,1290,2022-02-01,대여소별 이용정보 22.2.csv
강동구,천호1팀,1008. 암사역 3번출구(국민은행앞),1296,2022-02-01,대여소별 이용정보 22.2.csv
금천구,천왕3팀,1851. 가산디지털단지 7번출구,1299,2022-02-01,대여소별 이용정보 22.2.csv
양천구,개화3팀,726. 목동3단지 시내버스정류장,1299,2022-02-01,대여소별 이용정보 22.2.csv
용산구,세종로3팀,853.용산역 맞은편,1314,2022-02-01,대여소별 이용정보 22.2.csv
강서구,개화1팀,1106. 신방화사거리,1314,2022-02-01,대여소별 이용정보 22.2.csv
양천구,개화3팀,4531. 목동아파트 613동 앞,1317,2022-02-01,대여소별 이용정보 22.2.csv
강서구,개화2팀,1180. 마곡엠밸리 15단지(1502동) 건너편,1318,2022-02-01,대여소별 이용정보 22.2.csv
송파구,학여울2팀,1293. 석촌호수 서호 사거리,1319,2022-02-01,대여소별 이용정보 22.2.csv
구로구,천왕2팀,1955. 디지털입구 교차로,1326,2022-02-01,대여소별 이용정보 22.2.csv
강동구,천호1팀,1024. 강동구청 앞,1332,2022-02-01,대여소별 이용정보 22.2.csv
강서구,개화1팀,2719.마곡문화공원,1332,2022-02-01,대여소별 이용정보 22.2.csv
강서구,개화2팀,2739.수명산파크1단지교차로,1338,2022-02-01,대여소별 이용정보 22.2.csv
송파구,학여울2팀,2623.석촌동 주민센터,1341,2022-02-01,대여소별 이용정보 22.2.csv
강서구,개화3팀,1157. 강서구청,1345,2022-02-01,대여소별 이용정보 22.2.csv
광진구,중랑1팀,3509. 세종사이버대학교,1345,2022-02-01,대여소별 이용정보 22.2.csv
중구,훈련원1팀,383. 신당역 12번 출구 뒤,1351,2022-02-01,대여소별 이용정보 22.2.csv
강서구,개화1팀,2717.LG유플러스 마곡사옥,1356,2022-02-01,대여소별 이용정보 22.2.csv
송파구,천호1팀,1264. 천호역 10번 출구 앞,1363,2022-02-01,대여소별 이용정보 22.2.csv
도봉구,도봉3팀,1721. 창동역 2번출구,1364,2022-02-01,대여소별 이용정보 22.2.csv
종로구,훈련원1팀,393. 동대문역 8번 출구,1365,2022-02-01,대여소별 이용정보 22.2.csv
강서구,개화1팀,2721.등촌1-10단지 교차로,1368,2022-02-01,대여소별 이용정보 22.2.csv
노원구,도봉2팀,2919.등나무 근린공원(시립북서울미술관 앞),1373,2022-02-01,대여소별 이용정보 22.2.csv
송파구,천호2팀,1209. 잠실나루역 (2번 출구 쪽),1378,2022-02-01,대여소별 이용정보 22.2.csv
영등포구,영남1팀,4561. 양평역 1번출구,1378,2022-02-01,대여소별 이용정보 22.2.csv
구로구,천왕1팀,1925. 동양미래대학교 정문 옆,1384,2022-02-01,대여소별 이용정보 22.2.csv
금천구,천왕2팀,1867.대륭포스트타워6차 앞,1384,2022-02-01,대여소별 이용정보 22.2.csv
동대문구,훈련원4팀,631. 답십리역 1번출구,1391,2022-02-01,대여소별 이용정보 22.2.csv
성동구,중랑2팀,563. 성동세무서 건너편,1394,2022-02-01,대여소별 이용정보 22.2.csv
영등포구,영남1팀,263. 근로자회관 사거리,1394,2022-02-01,대여소별 이용정보 22.2.csv
노원구,도봉2팀,1650. 중계근린공원내,1398,2022-02-01,대여소별 이용정보 22.2.csv
동작구,영남2팀,2050. 노량진역 5번출구,1399,2022-02-01,대여소별 이용정보 22.2.csv
성동구,중랑2팀,3511. 응봉역 1번출구,1400,2022-02-01,대여소별 이용정보 22.2.csv
동대문구,훈련원4팀,668.서울축산농협(장안지점),1401,2022-02-01,대여소별 이용정보 22.2.csv
양천구,천왕1팀,787.양천아파트 입구,1406,2022-02-01,대여소별 이용정보 22.2.csv
노원구,도봉2팀,1608. 공릉역 1번 출구 앞,1415,2022-02-01,대여소별 이용정보 22.2.csv
강서구,개화1팀,1151. 마곡역1번출구,1415,2022-02-01,대여소별 이용정보 22.2.csv
서초구,이수3팀,"2219. 고속터미널역 8-1번, 8-2번 출구 사이",1421,2022-02-01,대여소별 이용정보 22.2.csv
강서구,개화3팀,1117. 등촌5단지아파트 버스정류장,1424,2022-02-01,대여소별 이용정보 22.2.csv
영등포구,영남1팀,283. 아크로타워 스퀘어(영등포시장),1434,2022-02-01,대여소별 이용정보 22.2.csv
강동구,천호1팀,1019. 다성이즈빌아파트(호원대 대각선 맞은편),1442,2022-02-01,대여소별 이용정보 22.2.csv
양천구,개화4팀,734. 신트리공원 입구,1443,2022-02-01,대여소별 이용정보 22.2.csv
양천구,영남1팀,764. 목동청소년수련관,1445,2022-02-01,대여소별 이용정보 22.2.csv
송파구,천호2팀,4870. 몽촌토성역 3번 출구,1449,2022-02-01,대여소별 이용정보 22.2.csv
동대문구,훈련원4팀,602. 장안동 사거리,1453,2022-02-01,대여소별 이용정보 22.2.csv
노원구,도봉1팀,1674. 서울북부고용센터앞,1453,2022-02-01,대여소별 이용정보 22.2.csv
관악구,영남2팀,2109. 은천로입구 가로공원,1456,2022-02-01,대여소별 이용정보 22.2.csv
은평구,상암3팀,931. 역촌파출소,1477,2022-02-01,대여소별 이용정보 22.2.csv
강서구,개화2팀,1184. 마곡13단지,1481,2022-02-01,대여소별 이용정보 22.2.csv
양천구,개화4팀,704. 남부법원검찰청 교차로,1482,2022-02-01,대여소별 이용정보 22.2.csv
양천구,개화3팀,746. 목동2단지 상가,1498,2022-02-01,대여소별 이용정보 22.2.csv
마포구,상암1팀,3010.홍대입구역 3번출구,1499,2022-02-01,대여소별 이용정보 22.2.csv
영등포구,영남1팀,240. 문래역 4번출구 앞,1501,2022-02-01,대여소별 이용정보 22.2.csv
광진구,중랑1팀,3575. 자양사거리(서원빌딩),1510,2022-02-01,대여소별 이용정보 22.2.csv
강서구,개화1팀,1193. 마곡센트럴타워 1차,1516,2022-02-01,대여소별 이용정보 22.2.csv
강동구,천호1팀,1044. 굽은다리역,1523,2022-02-01,대여소별 이용정보 22.2.csv
광진구,중랑1팀,3569.건대병원후문,1524,2022-02-01,대여소별 이용정보 22.2.csv
영등포구,영남3팀,3219.영등포역 1번출구,1528,2022-02-01,대여소별 이용정보 22.2.csv
광진구,중랑1팀,3501. 광진구청 앞,1535,2022-02-01,대여소별 이용정보 22.2.csv
송파구,학여울2팀,1222. 잠실새내역 5번 출구 뒤,1548,2022-02-01,대여소별 이용정보 22.2.csv
송파구,학여울2팀,2639.석촌역 8번출구,1551,2022-02-01,대여소별 이용정보 22.2.csv
영등포구,영남3팀,259. 대방역6번출구,1562,2022-02-01,대여소별 이용정보 22.2.csv
강동구,천호1팀,1050. 둔촌역 3번 출입구,1564,2022-02-01,대여소별 이용정보 22.2.csv
광진구,중랑1팀,3579.광진 캠퍼스시티,1564,2022-02-01,대여소별 이용정보 22.2.csv
영등포구,영남3팀,211. 여의도역 4번출구 옆,1574,2022-02-01,대여소별 이용정보 22.2.csv
영등포구,영남1팀,272. 당산육갑문,1588,2022-02-01,대여소별 이용정보 22.2.csv
강서구,개화2팀,1167. 마곡수명산파크3단지 교차로,1603,2022-02-01,대여소별 이용정보 22.2.csv
송파구,천호2팀,1295. 잠실역 8번출구,1609,2022-02-01,대여소별 이용정보 22.2.csv
구로구,천왕2팀,1985. 구로도서관,1618,2022-02-01,대여소별 이용정보 22.2.csv
종로구,훈련원1팀,361. 동묘앞역 1번출구 뒤,1638,2022-02-01,대여소별 이용정보 22.2.csv
강서구,개화2팀,5052. 마곡역 7번출구,1645,2022-02-01,대여소별 이용정보 22.2.csv
강동구,천호1팀,1020. 강동경찰서,1655,2022-02-01,대여소별 이용정보 22.2.csv
양천구,영남1팀,769.CBS방송국 앞,1655,2022-02-01,대여소별 이용정보 22.2.csv
관악구,영남2팀,2135. 신림역 5번출구,1660,2022-02-01,대여소별 이용정보 22.2.csv
송파구,천호2팀,1211. 방이삼거리,1661,2022-02-01,대여소별 이용정보 22.2.csv
강서구,개화2팀,1125. 명덕고교입구(영종빌딩),1664,2022-02-01,대여소별 이용정보 22.2.csv
영등포구,영남1팀,4571. 문래동롯데캐슬아파트,1680,2022-02-01,대여소별 이용정보 22.2.csv
광진구,중랑1팀,3541. 커먼그라운드,1681,2022-02-01,대여소별 이용정보 22.2.csv
성동구,중랑2팀,565. 옥수역 3번출구,1696,2022-02-01,대여소별 이용정보 22.2.csv
은평구,상암2팀,907. CJ 드림시티,1698,2022-02-01,대여소별 이용정보 22.2.csv
양천구,영남1팀,708. 서울출입국관리사무소 앞,1708,2022-02-01,대여소별 이용정보 22.2.csv
강서구,개화1팀,1166. 강서구립등빛도서관,1724,2022-02-01,대여소별 이용정보 22.2.csv
양천구,영남1팀,703. 오목교역 7번출구 앞,1725,2022-02-01,대여소별 이용정보 22.2.csv
중구,훈련원1팀,431. 청계천 영도교,1731,2022-02-01,대여소별 이용정보 22.2.csv
성동구,중랑2팀,585. 성수2가1동 공영주차장 인근,1735,2022-02-01,대여소별 이용정보 22.2.csv
성동구,중랑2팀,509. 이마트 버스정류소 옆,1739,2022-02-01,대여소별 이용정보 22.2.csv
강서구,개화2팀,3798. 그랜드아이파크아파트 앞,1754,2022-02-01,대여소별 이용정보 22.2.csv
강서구,개화1팀,1160. 양천향교역 7번출구앞,1773,2022-02-01,대여소별 이용정보 22.2.csv
영등포구,영남1팀,262. 영문초등학교 사거리,1797,2022-02-01,대여소별 이용정보 22.2.csv
강서구,개화2팀,2733.마곡13단지 정문 앞,1803,2022-02-01,대여소별 이용정보 22.2.csv
광진구,중랑1팀,3518. 군자역 7번출구뒤,1814,2022-02-01,대여소별 이용정보 22.2.csv
광진구,중랑1팀,3571.화양 APT(횡단보도 옆),1817,2022-02-01,대여소별 이용정보 22.2.csv
영등포구,영남3팀,202. 국민일보 앞,1826,2022-02-01,대여소별 이용정보 22.2.csv
노원구,도봉1팀,1625. 상계역(4번출구),1857,2022-02-01,대여소별 이용정보 22.2.csv
영등포구,영남1팀,4565. 영등포 신세계백화점,1862,2022-02-01,대여소별 이용정보 22.2.csv
구로구,천왕2팀,3904. 테크노마트 앞,1867,2022-02-01,대여소별 이용정보 22.2.csv
송파구,천호2팀,2620. 송파나루역 4번 출구옆,1874,2022-02-01,대여소별 이용정보 22.2.csv
강서구,개화1팀,1112. 마곡엠밸리4단지 정문,1920,2022-02-01,대여소별 이용정보 22.2.csv
관악구,영남2팀,2183. 동방1교,1929,2022-02-01,대여소별 이용정보 22.2.csv
성동구,중랑2팀,583. 청계천 생태교실 앞,1929,2022-02-01,대여소별 이용정보 22.2.csv
강동구,천호1팀,1009. 천호역4번출구(현대백화점),1936,2022-02-01,대여소별 이용정보 22.2.csv
강서구,개화2팀,1152. 마곡역교차로,1941,2022-02-01,대여소별 이용정보 22.2.csv
영등포구,영남3팀,274. 영등포역지하쇼핑센타 5번출구,1958,2022-02-01,대여소별 이용정보 22.2.csv
강서구,개화1팀,2720.힐스테이트에코,1974,2022-02-01,대여소별 이용정보 22.2.csv
양천구,영남1팀,792.목동트라팰리스 웨스턴에비뉴,1975,2022-02-01,대여소별 이용정보 22.2.csv
노원구,도봉1팀,1637. KT 전화국 버스정류장 옆,1978,2022-02-01,대여소별 이용정보 22.2.csv
강서구,개화1팀,1149. 신방화역환승주차장,1983,2022-02-01,대여소별 이용정보 22.2.csv
양천구,영남1팀,765. 오목교역 3번출구,1984,2022-02-01,대여소별 이용정보 22.2.csv
성동구,중랑2팀,589. 성수역3번출구,2015,2022-02-01,대여소별 이용정보 22.2.csv
강서구,개화1팀,2744.강서세무서 앞,2040,2022-02-01,대여소별 이용정보 22.2.csv
송파구,천호2팀,2608. 송파구청,2044,2022-02-01,대여소별 이용정보 22.2.csv
송파구,천호2팀,2622. 올림픽공원역 3번출구,2089,2022-02-01,대여소별 이용정보 22.2.csv
성북구,훈련원2팀,1308. 안암로터리 버스정류장 앞,2094,2022-02-01,대여소별 이용정보 22.2.csv
관악구,영남2팀,2173. 당곡사거리,2130,2022-02-01,대여소별 이용정보 22.2.csv
양천구,개화4팀,"785.양천구청, 보건소 사잇길",2184,2022-02-01,대여소별 이용정보 22.2.csv
마포구,상암1팀,113. 홍대입구역 2번출구 앞,2216,2022-02-01,대여소별 이용정보 22.2.csv
동대문구,훈련원4팀,646. 장한평역 1번출구,2228,2022-02-01,대여소별 이용정보 22.2.csv
영등포구,영남3팀,210. IFC몰,2259,2022-02-01,대여소별 이용정보 22.2.csv
광진구,중랑1팀,3533. 건대입구역 사거리(롯데백화점),2263,2022-02-01,대여소별 이용정보 22.2.csv
강서구,개화2팀,1124. 발산역 6번 출구 뒤,2281,2022-02-01,대여소별 이용정보 22.2.csv
성동구,중랑2팀,567. 성수역 2번출구 앞,2301,2022-02-01,대여소별 이용정보 22.2.csv
구로구,천왕2팀,1906. 신도림역 1번 출구 앞,2372,2022-02-01,대여소별 이용정보 22.2.csv
영등포구,영남1팀,247. 당산역 10번출구 앞,2531,2022-02-01,대여소별 이용정보 22.2.csv
강서구,개화3팀,1158. 가양역 8번출구,2595,2022-02-01,대여소별 이용정보 22.2.csv
마포구,상암1팀,4217. 한강공원 망원나들목,2657,2022-02-01,대여소별 이용정보 22.2.csv
구로구,천왕2팀,1911. 구로디지털단지역 앞,2687,2022-02-01,대여소별 이용정보 22.2.csv
강서구,개화1팀,2728.마곡나루역 3번 출구,2748,2022-02-01,대여소별 이용정보 22.2.csv
영등포구,영남1팀,230. 영등포구청역 1번출구,2871,2022-02-01,대여소별 이용정보 22.2.csv
관악구,영남2팀,2177. 신대방역 2번 출구,2907,2022-02-01,대여소별 이용정보 22.2.csv
양천구,영남1팀,770.목동역5번출구 교통정보센터 앞,2912,2022-02-01,대여소별 이용정보 22.2.csv
관악구,영남2팀,2102. 봉림교 교통섬,2966,2022-02-01,대여소별 이용정보 22.2.csv
강서구,개화1팀,"1153. 발산역 1번, 9번 인근 대여소",2968,2022-02-01,대여소별 이용정보 22.2.csv
송파구,천호2팀,1210. 롯데월드타워(잠실역2번출구 쪽),3382,2022-02-01,대여소별 이용정보 22.2.csv
광진구,중랑1팀,502. 뚝섬유원지역 1번출구 앞,3402,2022-02-01,대여소별 이용정보 22.2.csv
영등포구,영남3팀,207. 여의나루역 1번출구 앞,3638,2022-02-01,대여소별 이용정보 22.2.csv
강서구,개화1팀,2701. 마곡나루역 5번출구 뒤편,4123,2022-02-01,대여소별 이용정보 22.2.csv
강서구,개화1팀,2715.마곡나루역 2번 출구,4924,2022-02-01,대여소별 이용정보 22.2.csv
중랑구,중랑3팀,4839. 혜원사거리 열정분식소 앞,1,2022-03-01,대여소별 이용정보 22.3.csv
성동구,테스트,9980. 에이텍,6,2022-03-01,대여소별 이용정보 22.3.csv
금천구,천왕3팀,3971. 순흥안씨묘 건너편,13,2022-03-01,대여소별 이용정보 22.3.csv
서초구,이수1팀,4314. 탑성마을 버스정거장 옆,14,2022-03-01,대여소별 이용정보 22.3.csv
서초구,이수1팀,4322.서울추모공원 입구,14,2022-03-01,대여소별 이용정보 22.3.csv
마포구,상암1팀,4245. 그랑자이 아파트,14,2022-03-01,대여소별 이용정보 22.3.csv
서초구,이수1팀,2286. 탑성마을입구,16,2022-03-01,대여소별 이용정보 22.3.csv
강남구,학여울1팀,2391. 구룡터널 입구(개포1단지아파트),19,2022-03-01,대여소별 이용정보 22.3.csv
서초구,이수1팀,2287. 능안마을입구,24,2022-03-01,대여소별 이용정보 22.3.csv
서초구,이수1팀,2536.서초종합체육관 입구,27,2022-03-01,대여소별 이용정보 22.3.csv
서초구,이수1팀,2288. 안골마을입구,30,2022-03-01,대여소별 이용정보 22.3.csv
성동구,중랑2팀,3527. 왕십리 자이아파트,41,2022-03-01,대여소별 이용정보 22.3.csv
서초구,이수1팀,2275. 염곡치안센터 건너편,47,2022-03-01,대여소별 이용정보 22.3.csv
강동구,천호1팀,3677. 강동구음식물재활용센터,50,2022-03-01,대여소별 이용정보 22.3.csv
송파구,천호2팀,4853. 송파 안전체험교육관,55,2022-03-01,대여소별 이용정보 22.3.csv
성동구,중랑2팀,4363. 신금호역 2번출구 앞,55,2022-03-01,대여소별 이용정보 22.3.csv
노원구,도봉2팀,1680. 삼육대 제3과학관,60,2022-03-01,대여소별 이용정보 22.3.csv
구로구,천왕1팀,3920. 개봉역2번출구 B,62,2022-03-01,대여소별 이용정보 22.3.csv
성동구,중랑2팀,3538. 서울숲 IT캐슬,62,2022-03-01,대여소별 이용정보 22.3.csv
강남구,학여울2팀,3610. 윗반마을 입구,65,2022-03-01,대여소별 이용정보 22.3.csv
서초구,이수1팀,2201. 본마을 정류소 앞,68,2022-03-01,대여소별 이용정보 22.3.csv
서초구,이수2팀,2506. LG유플러스 (방배사옥),73,2022-03-01,대여소별 이용정보 22.3.csv
광진구,중랑1팀,3878. 장로회신학대학교 주기철 기념관,73,2022-03-01,대여소별 이용정보 22.3.csv
구로구,천왕1팀,2813.항동지구 3단지 302동 앞,74,2022-03-01,대여소별 이용정보 22.3.csv
강남구,이수1팀,2393. 구룡사 앞 교차로 (보도육교),76,2022-03-01,대여소별 이용정보 22.3.csv
은평구,상암3팀,991.흥국사 정류장,76,2022-03-01,대여소별 이용정보 22.3.csv
마포구,상암1팀,3003.래미안신공덕3차아파트,77,2022-03-01,대여소별 이용정보 22.3.csv
종로구,세종로1팀,447. 신영동삼거리,78,2022-03-01,대여소별 이용정보 22.3.csv
양천구,개화4팀,4523. 구립양천어르신요양센터,79,2022-03-01,대여소별 이용정보 22.3.csv
양천구,개화4팀,4538. 양천공영차고지,79,2022-03-01,대여소별 이용정보 22.3.csv
강남구,학여울1팀,2395. 개포1단지아파트 입구 (보도육교),79,2022-03-01,대여소별 이용정보 22.3.csv
노원구,도봉2팀,4044. 공릉산 백세문 입구,82,2022-03-01,대여소별 이용정보 22.3.csv
강남구,학여울2팀,2343. 세곡사거리 대왕파출소 앞,82,2022-03-01,대여소별 이용정보 22.3.csv
서초구,이수1팀,2541.옛골 입구,83,2022-03-01,대여소별 이용정보 22.3.csv
종로구,세종로1팀,462. 신영동삼거리(북악터널방향),84,2022-03-01,대여소별 이용정보 22.3.csv
서초구,이수1팀,4310. 염곡동(염통골) 입구,85,2022-03-01,대여소별 이용정보 22.3.csv
강남구,학여울2팀,3624. 대모산입구역 7번 출구 앞,87,2022-03-01,대여소별 이용정보 22.3.csv
종로구,세종로1팀,4709. 천지인 오피스텔 앞,90,2022-03-01,대여소별 이용정보 22.3.csv
강남구,학여울1팀,3648. 구룡역 4번 출구,90,2022-03-01,대여소별 이용정보 22.3.csv
용산구,세종로3팀,865.하얏트호텔 앞,90,2022-03-01,대여소별 이용정보 22.3.csv
광진구,중랑1팀,3563.구의7단지현대아파트,90,2022-03-01,대여소별 이용정보 22.3.csv
관악구,영남2팀,3306.서울신우초등학교,91,2022-03-01,대여소별 이용정보 22.3.csv
은평구,상암3팀,938. 금암 문화공원,92,2022-03-01,대여소별 이용정보 22.3.csv
송파구,학여울2팀,2612. 문정·가락 대여소 앞,93,2022-03-01,대여소별 이용정보 22.3.csv
구로구,천왕1팀,2816.항동지구 8단지 803동옆(주차장입구),96,2022-03-01,대여소별 이용정보 22.3.csv
서초구,이수3팀,4305. 서일스포츠센터,96,2022-03-01,대여소별 이용정보 22.3.csv
성동구,중랑2팀,564. 금호역 3번출구,97,2022-03-01,대여소별 이용정보 22.3.csv
서초구,이수2팀,2289. 남태령역 2번출구,98,2022-03-01,대여소별 이용정보 22.3.csv
서초구,이수1팀,4323. 내곡도서관,98,2022-03-01,대여소별 이용정보 22.3.csv
동작구,영남2팀,2096.서울특별시 동작관악교육지원청,100,2022-03-01,대여소별 이용정보 22.3.csv
성동구,중랑2팀,3532. 왕십리KCC스위첸아파트,100,2022-03-01,대여소별 이용정보 22.3.csv
금천구,천왕3팀,1855. 성지아파트 옆 도로변,101,2022-03-01,대여소별 이용정보 22.3.csv
중랑구,중랑3팀,1424. 양원역 2번출구,104,2022-03-01,대여소별 이용정보 22.3.csv
관악구,이수2팀,2199.신봉천주유소 A,105,2022-03-01,대여소별 이용정보 22.3.csv
은평구,상암3팀,937. 상림마을 롯데캐슬2단지 옆,105,2022-03-01,대여소별 이용정보 22.3.csv
송파구,천호2팀,4879. 마천청소년센터,106,2022-03-01,대여소별 이용정보 22.3.csv
서초구,이수1팀,4309. 서초케이타운앞,106,2022-03-01,대여소별 이용정보 22.3.csv
성동구,중랑2팀,523. 옥수동성당 옆,106,2022-03-01,대여소별 이용정보 22.3.csv
금천구,천왕3팀,3970. 시흥4동주민센터 앞,107,2022-03-01,대여소별 이용정보 22.3.csv
강동구,천호1팀,1089.고덕 래미안힐스테이트(201동),107,2022-03-01,대여소별 이용정보 22.3.csv
서초구,이수1팀,2207. 내곡파출소 뒤 정자,110,2022-03-01,대여소별 이용정보 22.3.csv
구로구,천왕1팀,2810.항동지구 3단지 311동 앞,111,2022-03-01,대여소별 이용정보 22.3.csv
종로구,훈련원1팀,3401.창신두산아파트,111,2022-03-01,대여소별 이용정보 22.3.csv
은평구,상암3팀,924. 메뚜기다리,112,2022-03-01,대여소별 이용정보 22.3.csv
용산구,세종로3팀,859.남산공원 야외식물원 앞,113,2022-03-01,대여소별 이용정보 22.3.csv
금천구,천왕3팀,3972. 산기슭공원 앞,114,2022-03-01,대여소별 이용정보 22.3.csv
서초구,이수1팀,2257. 청계산 입구 삼거리,115,2022-03-01,대여소별 이용정보 22.3.csv
용산구,세종로3팀,854.HID 유족동지회 앞,115,2022-03-01,대여소별 이용정보 22.3.csv
관악구,영남2팀,2141. 미림여고입구 교차로,117,2022-03-01,대여소별 이용정보 22.3.csv
서대문구,상암2팀,4265. 안산초등학교 앞,117,2022-03-01,대여소별 이용정보 22.3.csv
종로구,세종로1팀,4702. 평창동 주민센터,118,2022-03-01,대여소별 이용정보 22.3.csv
금천구,천왕3팀,1852. 혜명양로원 담장 옆,119,2022-03-01,대여소별 이용정보 22.3.csv
강서구,개화1팀,3781. 강서아동복지센터,119,2022-03-01,대여소별 이용정보 22.3.csv
강남구,학여울2팀,2425.세곡동 사거리(대왕초등학교 정류장),119,2022-03-01,대여소별 이용정보 22.3.csv
강북구,도봉4팀,1550.삼각산아이원아파트(105동 옆),120,2022-03-01,대여소별 이용정보 22.3.csv
구로구,천왕1팀,2806.항동지구 4단지 입구,120,2022-03-01,대여소별 이용정보 22.3.csv
구로구,천왕1팀,3915. 동선아파트 앞,120,2022-03-01,대여소별 이용정보 22.3.csv
중랑구,중랑3팀,1467.sk신내 주유소앞(용마산로),120,2022-03-01,대여소별 이용정보 22.3.csv
용산구,세종로 4팀,4617. 동원베네스트 건너편,122,2022-03-01,대여소별 이용정보 22.3.csv
송파구,학여울2팀,1242. 문정 법조단지6,122,2022-03-01,대여소별 이용정보 22.3.csv
강북구,도봉4팀,1572. 우이동 먹거리마을,123,2022-03-01,대여소별 이용정보 22.3.csv
관악구,이수2팀,3802. 관악구민체육센터,127,2022-03-01,대여소별 이용정보 22.3.csv
중구,세종로 4팀,4782. 서소문역사공원,127,2022-03-01,대여소별 이용정보 22.3.csv
서초구,이수3팀,4324. 세화고등학교,127,2022-03-01,대여소별 이용정보 22.3.csv
노원구,도봉2팀,1675. 월계문화체육센터,127,2022-03-01,대여소별 이용정보 22.3.csv
용산구,세종로3팀,803. 한남초교 앞 보도육교,128,2022-03-01,대여소별 이용정보 22.3.csv
서초구,이수1팀,2248. 서초리슈빌S 글로벌 앞,128,2022-03-01,대여소별 이용정보 22.3.csv
강동구,천호1팀,1039. 고덕초등학교,129,2022-03-01,대여소별 이용정보 22.3.csv
강동구,천호1팀,1052. 리싸이클시티,130,2022-03-01,대여소별 이용정보 22.3.csv
종로구,훈련원1팀,3418.창신역2번 출구,131,2022-03-01,대여소별 이용정보 22.3.csv
종로구,훈련원1팀,3404.서울특별시 중부교육지원청,131,2022-03-01,대여소별 이용정보 22.3.csv
중구,훈련원1팀,381. 장충체육관,131,2022-03-01,대여소별 이용정보 22.3.csv
중구,세종로 4팀,4801. 충정로역 2호선(엘리베이터 앞),132,2022-03-01,대여소별 이용정보 22.3.csv
금천구,천왕3팀,1861.IBK기업은행 석수역 지점 앞,132,2022-03-01,대여소별 이용정보 22.3.csv
강동구,천호1팀,3652. 한영외국어고등학교,134,2022-03-01,대여소별 이용정보 22.3.csv
서초구,이수3팀,2517.서초3교(효령로69길 방면),136,2022-03-01,대여소별 이용정보 22.3.csv
송파구,천호2팀,4883. 위례포레샤인18단지 1812동,137,2022-03-01,대여소별 이용정보 22.3.csv
동작구,이수2팀,2040. 비계 버스정류소,138,2022-03-01,대여소별 이용정보 22.3.csv
용산구,세종로 4팀,827. 국군복지단,138,2022-03-01,대여소별 이용정보 22.3.csv
서초구,이수3팀,2532.국립국악원 앞,138,2022-03-01,대여소별 이용정보 22.3.csv
구로구,천왕1팀,2805.구로자원순환센터,139,2022-03-01,대여소별 이용정보 22.3.csv
도봉구,도봉3팀,1730. 도봉산역 교차로 앞,139,2022-03-01,대여소별 이용정보 22.3.csv
구로구,천왕1팀,1951. 천왕이펜하우스 4단지 후문,140,2022-03-01,대여소별 이용정보 22.3.csv
성동구,중랑2팀,556. 달맞이공원,141,2022-03-01,대여소별 이용정보 22.3.csv
은평구,상암3팀,968. 은평뉴타운 상림마을 13단지,141,2022-03-01,대여소별 이용정보 22.3.csv
강남구,학여울1팀,2392. 구룡산 입구 (구룡산 서울둘레길 입구),141,2022-03-01,대여소별 이용정보 22.3.csv
영등포구,영남3팀,5852. 대림동현대2차 201동 앞,143,2022-03-01,대여소별 이용정보 22.3.csv
용산구,세종로3팀,4612. 한남 준 J.FSS 앞,143,2022-03-01,대여소별 이용정보 22.3.csv
중랑구,중랑3팀,4840. 서울시 북부병원 앞,144,2022-03-01,대여소별 이용정보 22.3.csv
중랑구,중랑3팀,4802. 새우개마을,145,2022-03-01,대여소별 이용정보 22.3.csv
용산구,세종로3팀,855.이촌역5번출구 앞,146,2022-03-01,대여소별 이용정보 22.3.csv
송파구,천호2팀,1283. 오금공원 사거리,147,2022-03-01,대여소별 이용정보 22.3.csv
강남구,학여울2팀,2403. 공무원연금매점 교차로 (개포주공9단지 입구),147,2022-03-01,대여소별 이용정보 22.3.csv
강남구,학여울1팀,3647. 구룡역 1번 출구,147,2022-03-01,대여소별 이용정보 22.3.csv
송파구,학여울2팀,2659.서울친환경유통센터,148,2022-03-01,대여소별 이용정보 22.3.csv
강남구,학여울2팀,3602. 한국지역난방공사강남지사,148,2022-03-01,대여소별 이용정보 22.3.csv
중구,훈련원1팀,4777. 약수동 주민센터,148,2022-03-01,대여소별 이용정보 22.3.csv
강동구,천호1팀,1066.생태공원앞 교차로(조명탑),148,2022-03-01,대여소별 이용정보 22.3.csv
동작구,이수2팀,2061. 한강 현대아파트 건너편,150,2022-03-01,대여소별 이용정보 22.3.csv
송파구,천호2팀,2609. 보성중고등학교 후문 앞,151,2022-03-01,대여소별 이용정보 22.3.csv
동작구,이수2팀,2068. 총신대 앞(육교),151,2022-03-01,대여소별 이용정보 22.3.csv
은평구,상암3팀,974.연신초등학교옆 마을마당,152,2022-03-01,대여소별 이용정보 22.3.csv
강동구,천호1팀,3539. 서원마을,153,2022-03-01,대여소별 이용정보 22.3.csv
중구,세종로 4팀,4760. 서울역 7번출구,154,2022-03-01,대여소별 이용정보 22.3.csv
종로구,세종로2팀,465. 삼청공원 앞,154,2022-03-01,대여소별 이용정보 22.3.csv
강남구,학여울2팀,2383. 보금자리정원,154,2022-03-01,대여소별 이용정보 22.3.csv
용산구,세종로 4팀,4621. 남산도서관 앞,154,2022-03-01,대여소별 이용정보 22.3.csv
구로구,천왕1팀,1969. 궁동생태공원,156,2022-03-01,대여소별 이용정보 22.3.csv
성북구,훈련원2팀,1392.돈암삼성풍림아파트,156,2022-03-01,대여소별 이용정보 22.3.csv
서초구,이수2팀,2284. CJ오쇼핑앞,157,2022-03-01,대여소별 이용정보 22.3.csv
광진구,중랑1팀,3524. 세종대학교,158,2022-03-01,대여소별 이용정보 22.3.csv
관악구,이수2팀,3810. 신봉천주유소 B,158,2022-03-01,대여소별 이용정보 22.3.csv
서초구,이수3팀,2527.반포중학교 앞(세화여고 맞은편),159,2022-03-01,대여소별 이용정보 22.3.csv
금천구,천왕3팀,1864.산호시티빌 옆,159,2022-03-01,대여소별 이용정보 22.3.csv
강서구,개화1팀,1101. 개화동상사마을종점 버스정류장,159,2022-03-01,대여소별 이용정보 22.3.csv
강남구,학여울1팀,3620. 청담역 11번 출구,159,2022-03-01,대여소별 이용정보 22.3.csv
동작구,이수2팀,2079.중앙대학교 중앙광장,161,2022-03-01,대여소별 이용정보 22.3.csv
구로구,천왕1팀,3911. 항동하버리안2단지아파트 후문,161,2022-03-01,대여소별 이용정보 22.3.csv
서초구,이수3팀,2519.서초2교(사임당로 방면),162,2022-03-01,대여소별 이용정보 22.3.csv
중랑구,중랑3팀,4830. 신내 우디안 111동 앞,163,2022-03-01,대여소별 이용정보 22.3.csv
금천구,천왕3팀,3967. 혜명양로원 담장 옆(2),165,2022-03-01,대여소별 이용정보 22.3.csv
종로구,세종로1팀,3430.구기치안센터 앞,165,2022-03-01,대여소별 이용정보 22.3.csv
송파구,천호2팀,4479. 문정중학교,165,2022-03-01,대여소별 이용정보 22.3.csv
성동구,중랑2팀,3561.행당동 삼부APT후문,165,2022-03-01,대여소별 이용정보 22.3.csv
금천구,천왕3팀,1866.서울안천초등학교 옆,166,2022-03-01,대여소별 이용정보 22.3.csv
중구,세종로 4팀,443.호암아트홀,166,2022-03-01,대여소별 이용정보 22.3.csv
성북구,훈련원2팀,4417. 성북청소년문화의집,166,2022-03-01,대여소별 이용정보 22.3.csv
영등포구,영남3팀,200. 국회의원회관,166,2022-03-01,대여소별 이용정보 22.3.csv
송파구,천호2팀,4896. 위례포레샤인15단지,167,2022-03-01,대여소별 이용정보 22.3.csv
종로구,세종로1팀,3403.서울특별시 교육청,168,2022-03-01,대여소별 이용정보 22.3.csv
강동구,천호1팀,3692. 둔촌오륜역 1번 출구,168,2022-03-01,대여소별 이용정보 22.3.csv
동작구,이수2팀,2092.흑석한강푸르지오(110동),168,2022-03-01,대여소별 이용정보 22.3.csv
금천구,천왕3팀,1842. 한울중학교,170,2022-03-01,대여소별 이용정보 22.3.csv
노원구,도봉2팀,4021. 중계본동 입구,172,2022-03-01,대여소별 이용정보 22.3.csv
중랑구,중랑3팀,1406. 망우청소년수련관,173,2022-03-01,대여소별 이용정보 22.3.csv
강남구,학여울1팀,3649. 구룡역 5번 출구,173,2022-03-01,대여소별 이용정보 22.3.csv
서초구,이수2팀,2225.백석예술대학교 제3캠퍼스 앞,174,2022-03-01,대여소별 이용정보 22.3.csv
강북구,도봉4팀,3714. 송천센트레빌,174,2022-03-01,대여소별 이용정보 22.3.csv
서초구,이수1팀,2249. 우솔초등학교 맞은편,175,2022-03-01,대여소별 이용정보 22.3.csv
중랑구,중랑3팀,4821. 동원초등학교 정문 앞,175,2022-03-01,대여소별 이용정보 22.3.csv
영등포구,영남3팀,4584. 국회2문,175,2022-03-01,대여소별 이용정보 22.3.csv
성북구,훈련원2팀,1379.길음뉴타운푸르지오아파트 3단지,176,2022-03-01,대여소별 이용정보 22.3.csv
금천구,천왕3팀,3974. 안천중학교,176,2022-03-01,대여소별 이용정보 22.3.csv
성북구,훈련원2팀,1352. e 편한세상 보문아파트 내,177,2022-03-01,대여소별 이용정보 22.3.csv
서초구,이수3팀,2526.반포경남쇼핑 앞,178,2022-03-01,대여소별 이용정보 22.3.csv
구로구,천왕1팀,2809.항동지구 11단지 1103동 앞,178,2022-03-01,대여소별 이용정보 22.3.csv
양천구,개화2팀,4519. 양원보도육교,178,2022-03-01,대여소별 이용정보 22.3.csv
용산구,세종로3팀,831. 이태원관광특구입구,178,2022-03-01,대여소별 이용정보 22.3.csv
용산구,세종로3팀,4611. 국제루터교회 앞,179,2022-03-01,대여소별 이용정보 22.3.csv
서초구,이수1팀,4319. 삼성전자R&D어린이집 뒤,179,2022-03-01,대여소별 이용정보 22.3.csv
중랑구,중랑3팀,1453. 중랑캠핑숲,181,2022-03-01,대여소별 이용정보 22.3.csv
중구,세종로 4팀,484.도동삼거리,181,2022-03-01,대여소별 이용정보 22.3.csv
강동구,천호1팀,3672. 고덕중학교 후문,182,2022-03-01,대여소별 이용정보 22.3.csv
종로구,세종로1팀,3429.HW컨벤션센터 앞,182,2022-03-01,대여소별 이용정보 22.3.csv
중랑구,중랑3팀,1445. 용마지구대,182,2022-03-01,대여소별 이용정보 22.3.csv
성북구,훈련원2팀,1377. 한국과학기술연구원 북문,183,2022-03-01,대여소별 이용정보 22.3.csv
성북구,훈련원2팀,1342. 성북쉼터 앞,185,2022-03-01,대여소별 이용정보 22.3.csv
관악구,이수2팀,3806. 낙성대 교수아파트,185,2022-03-01,대여소별 이용정보 22.3.csv
중랑구,중랑3팀,4834. 용마복지센터 앞,186,2022-03-01,대여소별 이용정보 22.3.csv
강동구,천호1팀,1062. 고덕숲 아이파크 2,186,2022-03-01,대여소별 이용정보 22.3.csv
은평구,상암3팀,4668. 기자촌사거리,187,2022-03-01,대여소별 이용정보 22.3.csv
동작구,영남2팀,4162. 노량진1동 청소년독서실,187,2022-03-01,대여소별 이용정보 22.3.csv
강남구,학여울1팀,3622. 은마아파트입구 사거리(1),187,2022-03-01,대여소별 이용정보 22.3.csv
구로구,천왕1팀,2808.항동지구 2단지 202동 앞,187,2022-03-01,대여소별 이용정보 22.3.csv
중구,세종로 4팀,384. 종로학원본원,188,2022-03-01,대여소별 이용정보 22.3.csv
송파구,천호2팀,4888. 둔촌오륜역 2번출구,188,2022-03-01,대여소별 이용정보 22.3.csv
마포구,상암1팀,4240. 아현문화건강센터,189,2022-03-01,대여소별 이용정보 22.3.csv
강남구,학여울2팀,2401. 밀알학교 입구 (삼성서울병원 입구),191,2022-03-01,대여소별 이용정보 22.3.csv
은평구,상암3팀,4681.박석고개(은평소방서) 앞,192,2022-03-01,대여소별 이용정보 22.3.csv
서대문구,상암2팀,3111.무악재역 4번 출구,192,2022-03-01,대여소별 이용정보 22.3.csv
구로구,천왕1팀,2814.항동지구 10단지 1001동 앞,192,2022-03-01,대여소별 이용정보 22.3.csv
강동구,천호1팀,3661. 명일동신동아아파트 앞,192,2022-03-01,대여소별 이용정보 22.3.csv
강남구,학여울1팀,2354. 청담역 2번출구,192,2022-03-01,대여소별 이용정보 22.3.csv
중구,훈련원1팀,429. 송도병원,194,2022-03-01,대여소별 이용정보 22.3.csv
강동구,천호1팀,1082.중앙보훈병원역3번출구,194,2022-03-01,대여소별 이용정보 22.3.csv
동작구,이수2팀,2078.흑석 아크로리버하임(103동),195,2022-03-01,대여소별 이용정보 22.3.csv
은평구,상암3팀,977.신도중학교앞,195,2022-03-01,대여소별 이용정보 22.3.csv
은평구,상암3팀,992.북한산입구 정류장,195,2022-03-01,대여소별 이용정보 22.3.csv
중구,세종로 4팀,4772. 중앙일보,196,2022-03-01,대여소별 이용정보 22.3.csv
구로구,천왕1팀,3902. 항동지구5단지 501동 앞,196,2022-03-01,대여소별 이용정보 22.3.csv
강남구,학여울2팀,3637. 세곡데이케어센터,196,2022-03-01,대여소별 이용정보 22.3.csv
은평구,상암3팀,969. 은평 지웰테라스,197,2022-03-01,대여소별 이용정보 22.3.csv
강동구,천호1팀,1007.암사동 선사유적지,197,2022-03-01,대여소별 이용정보 22.3.csv
구로구,천왕1팀,2807.항동지구 1단지 105동 앞,198,2022-03-01,대여소별 이용정보 22.3.csv
마포구,상암1팀,422. 문화비축기지,199,2022-03-01,대여소별 이용정보 22.3.csv
송파구,천호2팀,4473. 마천금호어울림 1차 102동앞,199,2022-03-01,대여소별 이용정보 22.3.csv
관악구,이수2팀,2130. 영어마을 관악캠프,201,2022-03-01,대여소별 이용정보 22.3.csv
중랑구,중랑3팀,1422. 신내우디안아파트 1단지,201,2022-03-01,대여소별 이용정보 22.3.csv
영등포구,영남3팀,4582. 국회도서관,201,2022-03-01,대여소별 이용정보 22.3.csv
성동구,중랑2팀,569. 응봉현대아파트 정류소,201,2022-03-01,대여소별 이용정보 22.3.csv
중랑구,중랑3팀,1463.중랑구민회관,203,2022-03-01,대여소별 이용정보 22.3.csv
동작구,이수2팀,2093.상도SH빌아파트 입구,204,2022-03-01,대여소별 이용정보 22.3.csv
성북구,훈련원2팀,1376. 한국과학기술연구원 중문,204,2022-03-01,대여소별 이용정보 22.3.csv
중랑구,중랑3팀,4829. 신내동 한살림 중랑지구 북축,205,2022-03-01,대여소별 이용정보 22.3.csv
금천구,천왕3팀,1836. 금천구립 독산도서관,205,2022-03-01,대여소별 이용정보 22.3.csv
중구,세종로 4팀,4766. 서소문성지역사박물관,206,2022-03-01,대여소별 이용정보 22.3.csv
금천구,천왕3팀,1857. 주공14단지,206,2022-03-01,대여소별 이용정보 22.3.csv
구로구,천왕1팀,3910. 목양전원교회 앞 로터리,207,2022-03-01,대여소별 이용정보 22.3.csv
서대문구,상암1팀,4266.국민연금공단충정로사옥,207,2022-03-01,대여소별 이용정보 22.3.csv
강남구,학여울1팀,3616. 역삼중학교 앞(체육관 방향),207,2022-03-01,대여소별 이용정보 22.3.csv
종로구,세종로1팀,486. 평창동주민센터 앞,207,2022-03-01,대여소별 이용정보 22.3.csv
관악구,이수2팀,2165. JK장평타워,208,2022-03-01,대여소별 이용정보 22.3.csv
금천구,천왕3팀,1816. 금천폭포공원 앞,208,2022-03-01,대여소별 이용정보 22.3.csv
영등포구,영남3팀,4583. 의정관,210,2022-03-01,대여소별 이용정보 22.3.csv
서초구,이수3팀,2282. 방배래미안아트힐 101동앞,210,2022-03-01,대여소별 이용정보 22.3.csv
노원구,도봉2팀,1679. 삼육대 도서관,212,2022-03-01,대여소별 이용정보 22.3.csv
강서구,개화1팀,1200. 개화광역환승센터,212,2022-03-01,대여소별 이용정보 22.3.csv
종로구,세종로1팀,3428.서울미술관,212,2022-03-01,대여소별 이용정보 22.3.csv
강남구,학여울2팀,2376. 수서역 6번출구 앞,213,2022-03-01,대여소별 이용정보 22.3.csv
성동구,중랑2팀,3555.양지사거리(센트라스APT 115동앞),214,2022-03-01,대여소별 이용정보 22.3.csv
용산구,세종로3팀,4609. 파크타워 104동 앞,215,2022-03-01,대여소별 이용정보 22.3.csv
동작구,영남2팀,4158. 노량진근린공원,215,2022-03-01,대여소별 이용정보 22.3.csv
금천구,천왕3팀,1847. 독산주공 14단지 버스정류소,215,2022-03-01,대여소별 이용정보 22.3.csv
서초구,이수3팀,2533.한가람미술관 앞,215,2022-03-01,대여소별 이용정보 22.3.csv
서초구,이수2팀,2226. 신동아럭스빌아파트 앞,215,2022-03-01,대여소별 이용정보 22.3.csv
금천구,천왕3팀,3973. 독산2동주민센터 앞,218,2022-03-01,대여소별 이용정보 22.3.csv
강동구,천호1팀,1053. 동명근린공원 진입로 (아리수로),219,2022-03-01,대여소별 이용정보 22.3.csv
영등포구,영남3팀,297.국회3문,219,2022-03-01,대여소별 이용정보 22.3.csv
용산구,세종로3팀,4613. 서울갤러리아 앞,219,2022-03-01,대여소별 이용정보 22.3.csv
송파구,학여울2팀,4488. 문현중.고등학교 사이,219,2022-03-01,대여소별 이용정보 22.3.csv
강남구,학여울1팀,2390. 구룡마을 입구 (래미안블레스티지 아파트),219,2022-03-01,대여소별 이용정보 22.3.csv
동작구,이수2팀,2064. 흑석한강푸르지오 106동앞,220,2022-03-01,대여소별 이용정보 22.3.csv
서초구,이수3팀,2269. 주홍교 하부,220,2022-03-01,대여소별 이용정보 22.3.csv
강서구,개화2팀,3766. 강서문화센터,220,2022-03-01,대여소별 이용정보 22.3.csv
서초구,이수3팀,2510. JW타워,222,2022-03-01,대여소별 이용정보 22.3.csv
금천구,천왕3팀,1820. 신한은행 시흥대로금융센터지점,222,2022-03-01,대여소별 이용정보 22.3.csv
강남구,학여울1팀,4902. 구역삼세무서 교차로,223,2022-03-01,대여소별 이용정보 22.3.csv
영등포구,영남3팀,4585. 국회6문,223,2022-03-01,대여소별 이용정보 22.3.csv
광진구,중랑1팀,3564.나루마당,223,2022-03-01,대여소별 이용정보 22.3.csv
마포구,상암1팀,4239. 성산2동 주민센터,225,2022-03-01,대여소별 이용정보 22.3.csv
은평구,상암3팀,966. 서울혁신파크1,225,2022-03-01,대여소별 이용정보 22.3.csv
강동구,천호1팀,1071.명일근린공원공동체텃밭,225,2022-03-01,대여소별 이용정보 22.3.csv
관악구,영남2팀,2184. 구암초등학교 버스정류장,226,2022-03-01,대여소별 이용정보 22.3.csv
금천구,천왕3팀,1823. 상신정비공업 앞,227,2022-03-01,대여소별 이용정보 22.3.csv
강동구,천호1팀,1034. 고덕동 래미안 힐스테이트,227,2022-03-01,대여소별 이용정보 22.3.csv
강동구,천호1팀,1038. 강일 다솜 어린이 공원,227,2022-03-01,대여소별 이용정보 22.3.csv
구로구,천왕1팀,2817.천왕이펜하우스5단지 앞,228,2022-03-01,대여소별 이용정보 22.3.csv
강남구,학여울1팀,3615. 서울 논현동우체국 앞,229,2022-03-01,대여소별 이용정보 22.3.csv
종로구,세종로1팀,451. 청와대앞길,229,2022-03-01,대여소별 이용정보 22.3.csv
강남구,학여울1팀,2334. 삼호아파트 2동 ( 간선도로),229,2022-03-01,대여소별 이용정보 22.3.csv
강남구,학여울1팀,2427.개포고등학교 정문앞,229,2022-03-01,대여소별 이용정보 22.3.csv
중랑구,중랑3팀,1477.면목삼익아파트 앞,230,2022-03-01,대여소별 이용정보 22.3.csv
도봉구,도봉3팀,4084. 도봉동실내스포츠센터,231,2022-03-01,대여소별 이용정보 22.3.csv
서대문구,상암2팀,4262. 서대문자연사박물관 입구,232,2022-03-01,대여소별 이용정보 22.3.csv
서초구,이수1팀,2258.구룡사 삼거리,232,2022-03-01,대여소별 이용정보 22.3.csv
동대문구,훈련원4팀,616. 서울시립대 앞,232,2022-03-01,대여소별 이용정보 22.3.csv
중랑구,중랑3팀,1410. 면목 대원칸타빌아파트,232,2022-03-01,대여소별 이용정보 22.3.csv
은평구,상암3팀,973.제각말푸르지오 5-1단지 아파트,233,2022-03-01,대여소별 이용정보 22.3.csv
도봉구,도봉3팀,1756.서울북부광역등기국,233,2022-03-01,대여소별 이용정보 22.3.csv
서초구,이수3팀,4315. 이투스교육 앞,234,2022-03-01,대여소별 이용정보 22.3.csv
금천구,천왕3팀,3980. 금천현대홈타운 후문 서부샛길,234,2022-03-01,대여소별 이용정보 22.3.csv
용산구,세종로3팀,4622. 한강중학교 앞 버스정류장,234,2022-03-01,대여소별 이용정보 22.3.csv
강동구,천호1팀,3674. 강동리버스트7단지,235,2022-03-01,대여소별 이용정보 22.3.csv
서초구,이수3팀,4327. 몽마르뜨공원입구,235,2022-03-01,대여소별 이용정보 22.3.csv
강북구,도봉4팀,3703. 신성교회 앞,235,2022-03-01,대여소별 이용정보 22.3.csv
영등포구,영남3팀,295.영등포공원 분수대 앞,236,2022-03-01,대여소별 이용정보 22.3.csv
구로구,천왕1팀,2818.천왕이펜하우스3단지 앞,236,2022-03-01,대여소별 이용정보 22.3.csv
서초구,이수3팀,2548.반포1동 자율방범초소 옆,237,2022-03-01,대여소별 이용정보 22.3.csv
용산구,세종로3팀,4634. 이태원역 3번 출구,237,2022-03-01,대여소별 이용정보 22.3.csv
중구,훈련원1팀,4800. 필동 삼거리,238,2022-03-01,대여소별 이용정보 22.3.csv
은평구,상암3팀,945. 기자촌 사거리,238,2022-03-01,대여소별 이용정보 22.3.csv
서대문구,상암2팀,3109.북한산더? 106동 앞,239,2022-03-01,대여소별 이용정보 22.3.csv
용산구,세종로3팀,812. 용산전쟁기념관,239,2022-03-01,대여소별 이용정보 22.3.csv
성동구,중랑2팀,3551.성동도로사업소,239,2022-03-01,대여소별 이용정보 22.3.csv
노원구,도봉1팀,4043. 상계주공13단지 1301동,239,2022-03-01,대여소별 이용정보 22.3.csv
광진구,중랑1팀,3503. 광진유진스웰,239,2022-03-01,대여소별 이용정보 22.3.csv
금천구,천왕3팀,1865.금천구청앞(M빌딩),239,2022-03-01,대여소별 이용정보 22.3.csv
강남구,학여울1팀,2386. 크린랩 본사,239,2022-03-01,대여소별 이용정보 22.3.csv
송파구,천호2팀,1291. 서울체육고등학교 앞,239,2022-03-01,대여소별 이용정보 22.3.csv
성북구,훈련원2팀,1314. 정릉꿈에그린1단지 201동 앞,240,2022-03-01,대여소별 이용정보 22.3.csv
도봉구,도봉3팀,1723. 방학동학마을도서관,240,2022-03-01,대여소별 이용정보 22.3.csv
강서구,개화2팀,5076. 메이필드호텔앞,241,2022-03-01,대여소별 이용정보 22.3.csv
강남구,학여울1팀,2417.선정릉 디캠프(D.CAMP)앞,241,2022-03-01,대여소별 이용정보 22.3.csv
동작구,이수2팀,2041. 사당중학교 버스정류소,241,2022-03-01,대여소별 이용정보 22.3.csv
성동구,중랑2팀,534. 금호사거리,241,2022-03-01,대여소별 이용정보 22.3.csv
도봉구,도봉3팀,1717. 시립창동운동장 입구,242,2022-03-01,대여소별 이용정보 22.3.csv
영등포구,영남3팀,4580. 국회3문,242,2022-03-01,대여소별 이용정보 22.3.csv
중랑구,중랑3팀,1418. 새솔초등학교,243,2022-03-01,대여소별 이용정보 22.3.csv
광진구,중랑1팀,3543. 세종대학교(학술정보원),243,2022-03-01,대여소별 이용정보 22.3.csv
서초구,이수1팀,2256.양재동 꽃시장 입구,244,2022-03-01,대여소별 이용정보 22.3.csv
용산구,세종로 4팀,4625. 용산공원갤러리앞,245,2022-03-01,대여소별 이용정보 22.3.csv
송파구,천호2팀,1279. 마천금호어울림 1차아파트 건너편,245,2022-03-01,대여소별 이용정보 22.3.csv
마포구,상암1팀,4247. 서울서부지방법원등기국앞,245,2022-03-01,대여소별 이용정보 22.3.csv
금천구,천왕2팀,1850. 코오롱테크노밸리,245,2022-03-01,대여소별 이용정보 22.3.csv
은평구,상암3팀,4672. 준빌딩 앞,245,2022-03-01,대여소별 이용정보 22.3.csv
강동구,천호1팀,3690. 강일역 4번출구,246,2022-03-01,대여소별 이용정보 22.3.csv
은평구,상암3팀,959. 구파발10단지 인근,246,2022-03-01,대여소별 이용정보 22.3.csv
중랑구,중랑3팀,4815. 중랑데시앙플렉스 앞,246,2022-03-01,대여소별 이용정보 22.3.csv
송파구,천호2팀,4881. 거여동사거리 송파둘레길 입구,246,2022-03-01,대여소별 이용정보 22.3.csv
구로구,천왕2팀,1979. 구로1동우체국 앞,246,2022-03-01,대여소별 이용정보 22.3.csv
서초구,이수1팀,4329. SC제일은행 양재동지점 앞,246,2022-03-01,대여소별 이용정보 22.3.csv
서초구,이수1팀,2270. 서초포레스타 7단지,247,2022-03-01,대여소별 이용정보 22.3.csv
서초구,이수1팀,2203. 청계산입구역 2번출구,247,2022-03-01,대여소별 이용정보 22.3.csv
동작구,이수2팀,4153. 흑석동효사정앞,248,2022-03-01,대여소별 이용정보 22.3.csv
강남구,학여울1팀,2352. 서울본부세관(건설회관 앞),248,2022-03-01,대여소별 이용정보 22.3.csv
용산구,세종로 4팀,851.효창 푸르지오 앞,249,2022-03-01,대여소별 이용정보 22.3.csv
용산구,세종로3팀,4608. 국립중앙박물관 정문 앞,249,2022-03-01,대여소별 이용정보 22.3.csv
강남구,학여울2팀,3611. 방죽마을 입구,249,2022-03-01,대여소별 이용정보 22.3.csv
마포구,상암1팀,489.구룡근린공원,250,2022-03-01,대여소별 이용정보 22.3.csv
종로구,세종로1팀,3431.로제우스 레포츠센터,250,2022-03-01,대여소별 이용정보 22.3.csv
도봉구,도봉3팀,1703. 도봉산광역환승센터앞,251,2022-03-01,대여소별 이용정보 22.3.csv
동대문구,훈련원4팀,681.서울특별시 동부교육지원청(육교),252,2022-03-01,대여소별 이용정보 22.3.csv
강남구,학여울1팀,2304. 대현그린타워,252,2022-03-01,대여소별 이용정보 22.3.csv
용산구,세종로 4팀,4604. 원효로다목적체육관 앞,252,2022-03-01,대여소별 이용정보 22.3.csv
강남구,학여울2팀,2344. 리엔파크 2단지 앞,252,2022-03-01,대여소별 이용정보 22.3.csv
송파구,학여울2팀,4885. 가든파이브 리빙관,252,2022-03-01,대여소별 이용정보 22.3.csv
은평구,상암2팀,4678. 백련산로 녹번센트레빌,252,2022-03-01,대여소별 이용정보 22.3.csv
강남구,학여울2팀,2351. 청소년수련관(수영장)앞,253,2022-03-01,대여소별 이용정보 22.3.csv
마포구,상암1팀,410. 상암중학교 옆,254,2022-03-01,대여소별 이용정보 22.3.csv
송파구,천호2팀,2649.오금공원사거리2,254,2022-03-01,대여소별 이용정보 22.3.csv
강동구,천호1팀,3659. 명일초등학교 옆,255,2022-03-01,대여소별 이용정보 22.3.csv
양천구,개화2팀,741. 화곡로 입구 교차로,255,2022-03-01,대여소별 이용정보 22.3.csv
중랑구,중랑3팀,4838.동원사거리 행복오피스텔 앞,255,2022-03-01,대여소별 이용정보 22.3.csv
동대문구,훈련원4팀,679.전농SK아파트 앞,255,2022-03-01,대여소별 이용정보 22.3.csv
동작구,이수2팀,2083.흑석롯데캐슬에듀포레(107동),255,2022-03-01,대여소별 이용정보 22.3.csv
용산구,세종로3팀,822. 이촌1동 마을공원,257,2022-03-01,대여소별 이용정보 22.3.csv
강북구,도봉4팀,1571.북서울 꿈의 숲 입구,258,2022-03-01,대여소별 이용정보 22.3.csv
송파구,학여울2팀,4490. 송파파인타운 10단지 1005동,259,2022-03-01,대여소별 이용정보 22.3.csv
은평구,상암2팀,934. 신사동 성당,260,2022-03-01,대여소별 이용정보 22.3.csv
서초구,이수1팀,2516.본마을 노인복지센터 앞,260,2022-03-01,대여소별 이용정보 22.3.csv
은평구,상암3팀,928. 은평역사한옥박물관,261,2022-03-01,대여소별 이용정보 22.3.csv
은평구,상암3팀,921. 신도고등학교,261,2022-03-01,대여소별 이용정보 22.3.csv
송파구,학여울2팀,1263. 장지공영차고지,262,2022-03-01,대여소별 이용정보 22.3.csv
서초구,이수3팀,2535.신반포역 3번출구 뒤,263,2022-03-01,대여소별 이용정보 22.3.csv
강서구,개화1팀,1105. 방화근린공원,264,2022-03-01,대여소별 이용정보 22.3.csv
동작구,이수2팀,2038. 동작역 7번출구,264,2022-03-01,대여소별 이용정보 22.3.csv
구로구,천왕2팀,2825.초롱타운 앞,265,2022-03-01,대여소별 이용정보 22.3.csv
송파구,천호2팀,4461. 한양3차아파트 3동 앞,265,2022-03-01,대여소별 이용정보 22.3.csv
영등포구,영남3팀,4581. 국회소통관,265,2022-03-01,대여소별 이용정보 22.3.csv
성동구,중랑2팀,3531. 논골사거리(금호도서관 입구),265,2022-03-01,대여소별 이용정보 22.3.csv
강북구,도봉4팀,1541. 삼양역,265,2022-03-01,대여소별 이용정보 22.3.csv
용산구,세종로3팀,4632. 용산 푸르지오 파크타운 1단지 앞,266,2022-03-01,대여소별 이용정보 22.3.csv
서초구,이수3팀,4312. 반포미도2차아파트 옆,266,2022-03-01,대여소별 이용정보 22.3.csv
동작구,이수2팀,2094.숭실대학교(중문),266,2022-03-01,대여소별 이용정보 22.3.csv
강동구,천호1팀,1006. 롯데캐슬 115동앞,267,2022-03-01,대여소별 이용정보 22.3.csv
강서구,개화1팀,1188. 롯데중앙연구소,267,2022-03-01,대여소별 이용정보 22.3.csv
중구,세종로2팀,466.롯데호텔,268,2022-03-01,대여소별 이용정보 22.3.csv
송파구,학여울2팀,1250.문정2동 주민센터,268,2022-03-01,대여소별 이용정보 22.3.csv
강남구,학여울1팀,2370. 한티역 3번출구,268,2022-03-01,대여소별 이용정보 22.3.csv
용산구,세종로3팀,847. 국방부민원실옆,268,2022-03-01,대여소별 이용정보 22.3.csv
은평구,상암3팀,942. 상림마을 생태공원,269,2022-03-01,대여소별 이용정보 22.3.csv
송파구,천호2팀,4862. 성내교 남단,269,2022-03-01,대여소별 이용정보 22.3.csv
금천구,천왕3팀,1853. 서울디자인직업전문학교 앞,270,2022-03-01,대여소별 이용정보 22.3.csv
도봉구,도봉3팀,1731. 도봉고등학교 맞은편,271,2022-03-01,대여소별 이용정보 22.3.csv
구로구,천왕1팀,2804.항동지구 6단지 602동 앞,271,2022-03-01,대여소별 이용정보 22.3.csv
노원구,도봉1팀,1635. 상계3.4동 주민센터 대여소,272,2022-03-01,대여소별 이용정보 22.3.csv
강남구,학여울1팀,3636. 삼성중앙역·플래티넘아파트 정류소,272,2022-03-01,대여소별 이용정보 22.3.csv
강북구,도봉4팀,1538. 솔밭공원역,273,2022-03-01,대여소별 이용정보 22.3.csv
은평구,상암3팀,952. 서울연신중학교,274,2022-03-01,대여소별 이용정보 22.3.csv
강북구,도봉4팀,1558.강북문화정보도서관,274,2022-03-01,대여소별 이용정보 22.3.csv
강남구,학여울1팀,2350. 래미안그레이튼102동앞,274,2022-03-01,대여소별 이용정보 22.3.csv
중구,세종로2팀,467.한국은행,275,2022-03-01,대여소별 이용정보 22.3.csv
강동구,천호1팀,1032. 선사고등학교,275,2022-03-01,대여소별 이용정보 22.3.csv
중구,세종로 4팀,442.서울역 서부,276,2022-03-01,대여소별 이용정보 22.3.csv
성동구,중랑2팀,524. 래미안금호하이리버 아파트 102동 옆,276,2022-03-01,대여소별 이용정보 22.3.csv
성북구,훈련원2팀,4415. 미아초교버스승강장,276,2022-03-01,대여소별 이용정보 22.3.csv
강북구,도봉4팀,1573.현대성우아파트 옆,276,2022-03-01,대여소별 이용정보 22.3.csv
강남구,학여울1팀,2336. 강남세브란스교차로 래미안그레이튼 104동 앞,276,2022-03-01,대여소별 이용정보 22.3.csv
서초구,이수1팀,2539.대한무역투자진흥공사 KOTRA 앞,277,2022-03-01,대여소별 이용정보 22.3.csv
강남구,학여울1팀,3630. 개포우성6차아파트 정문 앞,277,2022-03-01,대여소별 이용정보 22.3.csv
송파구,천호2팀,1271. 송파도서관,278,2022-03-01,대여소별 이용정보 22.3.csv
금천구,천왕3팀,1858. 500번·507번 버스 종점 앞,279,2022-03-01,대여소별 이용정보 22.3.csv
강동구,천호1팀,1037. 강일리버파크 6단지,279,2022-03-01,대여소별 이용정보 22.3.csv
서대문구,상암2팀,3126.남가좌동 제2공영주차장,280,2022-03-01,대여소별 이용정보 22.3.csv
성북구,훈련원2팀,1366. 일신초등학교 옆,280,2022-03-01,대여소별 이용정보 22.3.csv
강동구,천호1팀,3663. 암사정수센터교차로(강동롯데캐슬퍼스트아파트),282,2022-03-01,대여소별 이용정보 22.3.csv
서초구,이수2팀,2283. 그룹한빌딩옆,282,2022-03-01,대여소별 이용정보 22.3.csv
강서구,개화1팀,2716.롯데 R&D 센터,282,2022-03-01,대여소별 이용정보 22.3.csv
은평구,상암3팀,902. 진관동 은빛초등학교,283,2022-03-01,대여소별 이용정보 22.3.csv
서초구,이수3팀,2210. 반포1동 주민센터 앞,283,2022-03-01,대여소별 이용정보 22.3.csv
동대문구,훈련원4팀,608. 전농삼성아파트,283,2022-03-01,대여소별 이용정보 22.3.csv
성동구,중랑2팀,533. 금남시장 교차로,284,2022-03-01,대여소별 이용정보 22.3.csv
강남구,학여울1팀,2305. MCM 본사 직영점 앞,284,2022-03-01,대여소별 이용정보 22.3.csv
강남구,이수1팀,3634. 국악고교 앞 교차로,285,2022-03-01,대여소별 이용정보 22.3.csv
강남구,학여울1팀,3621. 휘문고교 사거리,285,2022-03-01,대여소별 이용정보 22.3.csv
구로구,천왕1팀,1971. 오정초교 앞 보도육교,285,2022-03-01,대여소별 이용정보 22.3.csv
강서구,개화2팀,1181. 농수산식품공사 (강서지사),285,2022-03-01,대여소별 이용정보 22.3.csv
강남구,학여울1팀,3638. 신청담나들목,286,2022-03-01,대여소별 이용정보 22.3.csv
용산구,세종로3팀,867.서빙고역 광장(1번출구),287,2022-03-01,대여소별 이용정보 22.3.csv
강남구,학여울1팀,2428.롯데리아 개포점앞,287,2022-03-01,대여소별 이용정보 22.3.csv
강북구,도봉4팀,1510. 번동주공5단지 관리사무소 앞,287,2022-03-01,대여소별 이용정보 22.3.csv
송파구,천호2팀,4892. 성내유수지 체육공원,288,2022-03-01,대여소별 이용정보 22.3.csv
중랑구,중랑3팀,1459. 용마한신아파트사거리,288,2022-03-01,대여소별 이용정보 22.3.csv
중랑구,중랑3팀,1435. 능산삼거리,289,2022-03-01,대여소별 이용정보 22.3.csv
용산구,세종로 4팀,4602. 숙명여대앞 버스정류소 주변,291,2022-03-01,대여소별 이용정보 22.3.csv
도봉구,도봉3팀,1728. 서울북부지방법원,291,2022-03-01,대여소별 이용정보 22.3.csv
노원구,도봉2팀,2907. 월계중학교,292,2022-03-01,대여소별 이용정보 22.3.csv
양천구,개화4팀,4516. 신진빌라,292,2022-03-01,대여소별 이용정보 22.3.csv
강동구,천호1팀,1054. 말우물 어린이 공원,292,2022-03-01,대여소별 이용정보 22.3.csv
도봉구,도봉3팀,1714. 도봉문화정보도서관 삼거리,292,2022-03-01,대여소별 이용정보 22.3.csv
은평구,상암3팀,995.은평다목적체육관,293,2022-03-01,대여소별 이용정보 22.3.csv
강남구,학여울1팀,2371. 한국우편사업진흥원,293,2022-03-01,대여소별 이용정보 22.3.csv
성동구,중랑2팀,3530. 왕십리자이아파트 후문(삼거리),293,2022-03-01,대여소별 이용정보 22.3.csv
서초구,이수3팀,2235.KT 서초지사 앞,293,2022-03-01,대여소별 이용정보 22.3.csv
서대문구,상암1팀,3114.충정로역 3번 출구,294,2022-03-01,대여소별 이용정보 22.3.csv
서초구,이수2팀,2223. 방배래미안 정문 앞,294,2022-03-01,대여소별 이용정보 22.3.csv
강남구,학여울2팀,3612. 은곡마을,295,2022-03-01,대여소별 이용정보 22.3.csv
강동구,천호1팀,3688. 상일동산(동아아파트앞 교차로),295,2022-03-01,대여소별 이용정보 22.3.csv
용산구,세종로 4팀,830. 청암자이아파트앞,295,2022-03-01,대여소별 이용정보 22.3.csv
구로구,천왕1팀,1967. 참새공원(백곡경노당),295,2022-03-01,대여소별 이용정보 22.3.csv
송파구,학여울2팀,2650.위례22단지 2208동 다리앞,295,2022-03-01,대여소별 이용정보 22.3.csv
송파구,학여울2팀,1290. 위례송파꿈에그린아파트24단지 앞 성벽 다리 밑,295,2022-03-01,대여소별 이용정보 22.3.csv
중랑구,중랑3팀,1427. 용마산역 1번출구,296,2022-03-01,대여소별 이용정보 22.3.csv
강북구,도봉4팀,1511. 번동 금호어울림아파트102동앞,296,2022-03-01,대여소별 이용정보 22.3.csv
강남구,학여울1팀,3646. 선정릉역 4번 출구,297,2022-03-01,대여소별 이용정보 22.3.csv
성동구,중랑2팀,522. 금호역 1번출구 앞,297,2022-03-01,대여소별 이용정보 22.3.csv
성북구,훈련원2팀,1393.돈암육교 하단,298,2022-03-01,대여소별 이용정보 22.3.csv
은평구,상암3팀,994.북한산생태공원입구(교통섬),298,2022-03-01,대여소별 이용정보 22.3.csv
강동구,천호1팀,3682. 길동 동호빌딩,299,2022-03-01,대여소별 이용정보 22.3.csv
중랑구,중랑3팀,1466.두산대림아파트 삼거리,300,2022-03-01,대여소별 이용정보 22.3.csv
광진구,중랑1팀,3521. 현대홈타운 뒷길,300,2022-03-01,대여소별 이용정보 22.3.csv
용산구,세종로 4팀,823. 효창동주민센터 앞,300,2022-03-01,대여소별 이용정보 22.3.csv
관악구,영남2팀,2172. 나들목공원,302,2022-03-01,대여소별 이용정보 22.3.csv
양천구,천왕1팀,767.신정숲속마을아파트,302,2022-03-01,대여소별 이용정보 22.3.csv
종로구,세종로1팀,449. 일성아파트,302,2022-03-01,대여소별 이용정보 22.3.csv
서초구,이수1팀,2241.양재전화국 사거리,304,2022-03-01,대여소별 이용정보 22.3.csv
중구,세종로2팀,469.회현역 1번출구,305,2022-03-01,대여소별 이용정보 22.3.csv
은평구,상암2팀,4658. 녹번역1번출구앞,306,2022-03-01,대여소별 이용정보 22.3.csv
노원구,도봉1팀,1652. 파르코 앞,307,2022-03-01,대여소별 이용정보 22.3.csv
강서구,개화2팀,3799. 국립항공박물관,308,2022-03-01,대여소별 이용정보 22.3.csv
서대문구,상암1팀,3117.이화여대 인문관 인근,308,2022-03-01,대여소별 이용정보 22.3.csv
은평구,상암3팀,4667. 폭포동입구 교차로,308,2022-03-01,대여소별 이용정보 22.3.csv
강동구,천호1팀,1079.강일동입구교차로,308,2022-03-01,대여소별 이용정보 22.3.csv
송파구,학여울2팀,4863. 잠실나들목5,309,2022-03-01,대여소별 이용정보 22.3.csv
노원구,도봉2팀,1660. 서울시립과학관,310,2022-03-01,대여소별 이용정보 22.3.csv
마포구,상암1팀,3006. 상암월드컵파크5단지(상암중학교),310,2022-03-01,대여소별 이용정보 22.3.csv
금천구,천왕3팀,1863.위너스 스포츠클럽 골프연습장옆,311,2022-03-01,대여소별 이용정보 22.3.csv
서초구,이수3팀,4304. 서울고앞,311,2022-03-01,대여소별 이용정보 22.3.csv
영등포구,영남3팀,4579. 국회의사당 본관,312,2022-03-01,대여소별 이용정보 22.3.csv
관악구,영남2팀,2143. 서울산업정보학교,312,2022-03-01,대여소별 이용정보 22.3.csv
구로구,천왕1팀,1992. 구로구배드민턴실내체육관 앞,312,2022-03-01,대여소별 이용정보 22.3.csv
중랑구,중랑3팀,4807. 라코지스테이 앞,312,2022-03-01,대여소별 이용정보 22.3.csv
성북구,훈련원2팀,1353. 금호어울림센터힐 내,312,2022-03-01,대여소별 이용정보 22.3.csv
강서구,개화2팀,1161. 강서면허시험장 앞,313,2022-03-01,대여소별 이용정보 22.3.csv
은평구,상암3팀,947. 연신내 선일하이츠빌 정류소,313,2022-03-01,대여소별 이용정보 22.3.csv
강동구,천호1팀,1058. 고덕숲 아이파크 1,314,2022-03-01,대여소별 이용정보 22.3.csv
성북구,훈련원2팀,1370. 복자사랑 피정의 집,314,2022-03-01,대여소별 이용정보 22.3.csv
금천구,천왕3팀,1826. 한신코아 앞,314,2022-03-01,대여소별 이용정보 22.3.csv
은평구,상암3팀,967. 서울혁신파크2,314,2022-03-01,대여소별 이용정보 22.3.csv
강남구,학여울1팀,2363. 강남 을지병원 교차로,315,2022-03-01,대여소별 이용정보 22.3.csv
강북구,도봉4팀,1513. 강북구청 뒷편,316,2022-03-01,대여소별 이용정보 22.3.csv
마포구,상암1팀,3005.마포구청 청사내,316,2022-03-01,대여소별 이용정보 22.3.csv
강북구,도봉4팀,1546. 송천동우체국,317,2022-03-01,대여소별 이용정보 22.3.csv
용산구,세종로3팀,858.녹사평역3번 출구,317,2022-03-01,대여소별 이용정보 22.3.csv
마포구,상암1팀,494.신수동주민센터,318,2022-03-01,대여소별 이용정보 22.3.csv
영등포구,영남3팀,4573. 두산위브아파트,318,2022-03-01,대여소별 이용정보 22.3.csv
강동구,천호1팀,3654. 강동리버스트4단지아파트 405동 앞,318,2022-03-01,대여소별 이용정보 22.3.csv
구로구,천왕1팀,3917. 성공회대학교,318,2022-03-01,대여소별 이용정보 22.3.csv
노원구,도봉1팀,4035. 수락 행복발전소 앞,319,2022-03-01,대여소별 이용정보 22.3.csv
관악구,이수2팀,3804. 낙성대공원,319,2022-03-01,대여소별 이용정보 22.3.csv
성북구,훈련원2팀,1323. 월곡역 입구 육교 밑,319,2022-03-01,대여소별 이용정보 22.3.csv
강남구,학여울2팀,3643. 더시그넘하우스 앞,320,2022-03-01,대여소별 이용정보 22.3.csv
강서구,개화1팀,1196. 서울식물원(문화센터) 건너편,320,2022-03-01,대여소별 이용정보 22.3.csv
중랑구,중랑3팀,4811. 한양수자인아파트 앞,321,2022-03-01,대여소별 이용정보 22.3.csv
송파구,천호2팀,4882. 위례포레샤인18단지 1802동,321,2022-03-01,대여소별 이용정보 22.3.csv
서대문구,상암2팀,3124.DMC센트럴아이파크아파트,321,2022-03-01,대여소별 이용정보 22.3.csv
용산구,세종로3팀,4610. 한남나인원 105동 앞,321,2022-03-01,대여소별 이용정보 22.3.csv
중구,세종로2팀,4761. 탐앤탐스 을지로3가점,321,2022-03-01,대여소별 이용정보 22.3.csv
관악구,이수2팀,2159. 인헌초교,322,2022-03-01,대여소별 이용정보 22.3.csv
성동구,중랑2팀,3556.신금호파크자이APT앞,322,2022-03-01,대여소별 이용정보 22.3.csv
종로구,세종로1팀,3426.독립문역 2번출구 뒤,322,2022-03-01,대여소별 이용정보 22.3.csv
종로구,세종로2팀,352. 중앙고입구 삼거리,324,2022-03-01,대여소별 이용정보 22.3.csv
강남구,학여울2팀,3641. 대청역,324,2022-03-01,대여소별 이용정보 22.3.csv
중랑구,중랑3팀,1412. 면목초등학교,325,2022-03-01,대여소별 이용정보 22.3.csv
도봉구,도봉3팀,4064. 신창아파트 입구 앞,326,2022-03-01,대여소별 이용정보 22.3.csv
중구,훈련원1팀,479.동대입구역 3번 출구,327,2022-03-01,대여소별 이용정보 22.3.csv
강서구,개화2팀,3765. 문소빌딩,327,2022-03-01,대여소별 이용정보 22.3.csv
강남구,학여울1팀,2398. 더라움,327,2022-03-01,대여소별 이용정보 22.3.csv
금천구,천왕2팀,1849. 대륭포스트타워5차,328,2022-03-01,대여소별 이용정보 22.3.csv
강남구,학여울1팀,2347. 두산건설 본사,330,2022-03-01,대여소별 이용정보 22.3.csv
금천구,천왕3팀,3958. 롯데캐슬2차 마을버스 정류장(18804) 뒤편,330,2022-03-01,대여소별 이용정보 22.3.csv
서초구,이수3팀,2280. 서울서초고용센터앞,332,2022-03-01,대여소별 이용정보 22.3.csv
송파구,천호2팀,4857. 올림픽공원 장미광장,332,2022-03-01,대여소별 이용정보 22.3.csv
금천구,천왕3팀,1819. 금천구청 앞 자전거거치대,332,2022-03-01,대여소별 이용정보 22.3.csv
종로구,세종로1팀,3427.인왕산 아이파크 정문,333,2022-03-01,대여소별 이용정보 22.3.csv
강남구,학여울2팀,3640. 일원1동주민센터앞 사거리,334,2022-03-01,대여소별 이용정보 22.3.csv
영등포구,영남3팀,4591. 신길자이아파트,334,2022-03-01,대여소별 이용정보 22.3.csv
강남구,학여울1팀,2309. 청담역(우리들병원 앞),335,2022-03-01,대여소별 이용정보 22.3.csv
용산구,세종로3팀,4607. 국립중앙박물관 -용산가족공원 앞,335,2022-03-01,대여소별 이용정보 22.3.csv
도봉구,도봉3팀,1768.신동아타워 버스정류소,335,2022-03-01,대여소별 이용정보 22.3.csv
성북구,훈련원2팀,1365. 선잠단지 앞,335,2022-03-01,대여소별 이용정보 22.3.csv
구로구,천왕2팀,1910. 낙원교회 맞은편,336,2022-03-01,대여소별 이용정보 22.3.csv
노원구,도봉2팀,4045. 은하수 공원,336,2022-03-01,대여소별 이용정보 22.3.csv
구로구,천왕1팀,1943. 온수역 북측,336,2022-03-01,대여소별 이용정보 22.3.csv
마포구,상암1팀,491.월드컵파크 4단지,337,2022-03-01,대여소별 이용정보 22.3.csv
동작구,이수2팀,2048. 삼일초등학교 인근,338,2022-03-01,대여소별 이용정보 22.3.csv
용산구,세종로3팀,869.노들섬 동측 앞,339,2022-03-01,대여소별 이용정보 22.3.csv
중구,세종로 4팀,435. SK 남산빌딩,340,2022-03-01,대여소별 이용정보 22.3.csv
중구,세종로2팀,4785. 롯데시티호텔,340,2022-03-01,대여소별 이용정보 22.3.csv
강동구,천호1팀,3675. 강동리버스트8단지,340,2022-03-01,대여소별 이용정보 22.3.csv
서초구,이수3팀,2298. 래미안서초스위트앞,341,2022-03-01,대여소별 이용정보 22.3.csv
송파구,학여울2팀,4874. 탄천1교 하부보도,341,2022-03-01,대여소별 이용정보 22.3.csv
도봉구,도봉3팀,4075. 방학신동아아파트 11동 앞,342,2022-03-01,대여소별 이용정보 22.3.csv
강북구,도봉4팀,1539. 4.19민주묘지역,342,2022-03-01,대여소별 이용정보 22.3.csv
마포구,상암1팀,4234. 에스테반,342,2022-03-01,대여소별 이용정보 22.3.csv
서초구,이수2팀,2281. 연세사랑병원신관앞,343,2022-03-01,대여소별 이용정보 22.3.csv
은평구,상암2팀,978.녹번 힐스테이트상가앞,344,2022-03-01,대여소별 이용정보 22.3.csv
강동구,천호1팀,1056. 강일리버파크 7~11단지,344,2022-03-01,대여소별 이용정보 22.3.csv
강남구,학여울1팀,2382. 역삼동 sk뷰 501동앞,344,2022-03-01,대여소별 이용정보 22.3.csv
서초구,이수3팀,2545.국립중앙도서관(국제회의장옆),344,2022-03-01,대여소별 이용정보 22.3.csv
중구,세종로2팀,4776. 신세계면세점,345,2022-03-01,대여소별 이용정보 22.3.csv
송파구,천호2팀,4474. 가락현대 1차 11동 앞,346,2022-03-01,대여소별 이용정보 22.3.csv
동대문구,훈련원4팀,621. 동대문중학교 옆,346,2022-03-01,대여소별 이용정보 22.3.csv
송파구,학여울2팀,1241. 문정 법조단지5,347,2022-03-01,대여소별 이용정보 22.3.csv
구로구,천왕1팀,3912. 삼호아파트 앞,347,2022-03-01,대여소별 이용정보 22.3.csv
관악구,이수2팀,3813. 낙성대역 5번출구,348,2022-03-01,대여소별 이용정보 22.3.csv
양천구,천왕1팀,724. 계남공원 입구 주출입구 좌측,348,2022-03-01,대여소별 이용정보 22.3.csv
중랑구,중랑3팀,1426. 면목도시개발아파트 1동 앞,348,2022-03-01,대여소별 이용정보 22.3.csv
중구,세종로2팀,4762. 국제빌딩,350,2022-03-01,대여소별 이용정보 22.3.csv
강동구,천호1팀,1067.한영중고앞사거리,350,2022-03-01,대여소별 이용정보 22.3.csv
관악구,이수2팀,3307.봉천고개 육교,350,2022-03-01,대여소별 이용정보 22.3.csv
서대문구,상암1팀,3100. 북성초교,351,2022-03-01,대여소별 이용정보 22.3.csv
광진구,중랑1팀,575. 대원중고교 입구(대하빌딩),351,2022-03-01,대여소별 이용정보 22.3.csv
서대문구,상암2팀,3132.홍제교,351,2022-03-01,대여소별 이용정보 22.3.csv
양천구,영남1팀,4536. 양천해누리체육공원,352,2022-03-01,대여소별 이용정보 22.3.csv
강동구,천호1팀,3691. 둔촌역 2번출구,352,2022-03-01,대여소별 이용정보 22.3.csv
노원구,도봉2팀,4040. 공릉로 26길,352,2022-03-01,대여소별 이용정보 22.3.csv
마포구,상암1팀,127. 현대벤처빌 앞,353,2022-03-01,대여소별 이용정보 22.3.csv
동작구,영남2팀,4167. 구로교 아래,353,2022-03-01,대여소별 이용정보 22.3.csv
강남구,학여울1팀,2358. 구룡초사거리 (현대아파트10동 앞 ),353,2022-03-01,대여소별 이용정보 22.3.csv
금천구,천왕3팀,1868.우리은행 시흥남자동화점 앞,353,2022-03-01,대여소별 이용정보 22.3.csv
서초구,이수1팀,2550.양재동 꽃시장 건너편,353,2022-03-01,대여소별 이용정보 22.3.csv
송파구,천호2팀,1213. 백토공원 앞,354,2022-03-01,대여소별 이용정보 22.3.csv
강서구,개화2팀,5072. 김포공항입구 교통섬,354,2022-03-01,대여소별 이용정보 22.3.csv
강동구,천호1팀,1069.강동경희대학교병원 입구,355,2022-03-01,대여소별 이용정보 22.3.csv
용산구,세종로3팀,863.이촌역2번 출구,355,2022-03-01,대여소별 이용정보 22.3.csv
성북구,훈련원2팀,1316. 고려사대부속중고 건너편,356,2022-03-01,대여소별 이용정보 22.3.csv
금천구,천왕3팀,3968. 독산동 현대홈타운 금천과선교 앞,356,2022-03-01,대여소별 이용정보 22.3.csv
성동구,중랑2팀,3557.서울숲리버뷰자이APT105동 앞,357,2022-03-01,대여소별 이용정보 22.3.csv
송파구,학여울2팀,4887. 호돌이상가,357,2022-03-01,대여소별 이용정보 22.3.csv
송파구,천호2팀,4861. 거여삼거리,357,2022-03-01,대여소별 이용정보 22.3.csv
영등포구,영남3팀,250. 대림아파트 사거리,358,2022-03-01,대여소별 이용정보 22.3.csv
용산구,세종로3팀,4623. 라인프랜즈이태원점 앞,358,2022-03-01,대여소별 이용정보 22.3.csv
강서구,개화1팀,3776. 김포공항교차로,359,2022-03-01,대여소별 이용정보 22.3.csv
관악구,영남2팀,3807. 관악우체국 교차로,359,2022-03-01,대여소별 이용정보 22.3.csv
서초구,이수3팀,2547.포드서초서비스센터앞,359,2022-03-01,대여소별 이용정보 22.3.csv
중구,훈련원1팀,483.남산타운아파트 버스정류장,360,2022-03-01,대여소별 이용정보 22.3.csv
서대문구,상암2팀,3105. 홍은센트레빌 아파트 앞,360,2022-03-01,대여소별 이용정보 22.3.csv
은평구,상암2팀,4665. 응암역3번 출구(서부경찰서 방면),360,2022-03-01,대여소별 이용정보 22.3.csv
금천구,천왕3팀,1825. 한신아파트 앞 육교 아래,361,2022-03-01,대여소별 이용정보 22.3.csv
관악구,영남2팀,2190.도원맨션,361,2022-03-01,대여소별 이용정보 22.3.csv
구로구,천왕1팀,2812.항동프라자,362,2022-03-01,대여소별 이용정보 22.3.csv
서대문구,상암2팀,163. 명지전문대학교 정문 앞,362,2022-03-01,대여소별 이용정보 22.3.csv
중랑구,중랑3팀,4836. 양원역 1번 출구,363,2022-03-01,대여소별 이용정보 22.3.csv
구로구,천왕2팀,2826.가마산지하보도 옆,363,2022-03-01,대여소별 이용정보 22.3.csv
강남구,학여울1팀,2318. 삼성중앙역4번출구(문화센터더 리빌),364,2022-03-01,대여소별 이용정보 22.3.csv
강남구,학여울1팀,3629. 청담사거리(신한오피스텔빌딩 앞),365,2022-03-01,대여소별 이용정보 22.3.csv
송파구,천호2팀,1289. 풍납토성 서성벽터B,366,2022-03-01,대여소별 이용정보 22.3.csv
종로구,훈련원1팀,397. 종묘공영주차장 건너편,366,2022-03-01,대여소별 이용정보 22.3.csv
용산구,세종로3팀,802. 한강진역 2번 출구 앞,367,2022-03-01,대여소별 이용정보 22.3.csv
강북구,도봉4팀,1522. 월드전기조명인테리어(우이동),367,2022-03-01,대여소별 이용정보 22.3.csv
강북구,도봉4팀,1551.4.19탑 앞,368,2022-03-01,대여소별 이용정보 22.3.csv
송파구,천호2팀,2643.풍납중학교 측면,368,2022-03-01,대여소별 이용정보 22.3.csv
강남구,학여울1팀,2388. 강남구 도시관리공단,368,2022-03-01,대여소별 이용정보 22.3.csv
영등포구,영남3팀,4599. 대림우성아파트 사거리,368,2022-03-01,대여소별 이용정보 22.3.csv
강남구,이수1팀,3609. 언주초등학교 입구,368,2022-03-01,대여소별 이용정보 22.3.csv
강북구,도봉4팀,1504. 다이소 삼양시장점,369,2022-03-01,대여소별 이용정보 22.3.csv
동대문구,훈련원3팀,4116. 이문e편한세상아파트 앞,369,2022-03-01,대여소별 이용정보 22.3.csv
서대문구,상암2팀,3127.홍은2파출소 옆,369,2022-03-01,대여소별 이용정보 22.3.csv
관악구,영남2팀,3310.영락고등학교,370,2022-03-01,대여소별 이용정보 22.3.csv
강북구,도봉4팀,1547. 꿈의숲 롯데캐슬,370,2022-03-01,대여소별 이용정보 22.3.csv
성북구,훈련원2팀,1347. 길음래미안아파트817동 상가 앞,371,2022-03-01,대여소별 이용정보 22.3.csv
중구,세종로 4팀,4781. 브라운스위트레지던스,371,2022-03-01,대여소별 이용정보 22.3.csv
강서구,개화3팀,1183. KC 대학교,371,2022-03-01,대여소별 이용정보 22.3.csv
강남구,이수3팀,2406. 논현동 광명빌딩 앞,372,2022-03-01,대여소별 이용정보 22.3.csv
도봉구,도봉3팀,1732. 우리은행 앞,372,2022-03-01,대여소별 이용정보 22.3.csv
동작구,이수2팀,2071. 대림아파트 후문 상가 옆,373,2022-03-01,대여소별 이용정보 22.3.csv
중구,세종로2팀,4784. 중부경찰서앞 사거리,373,2022-03-01,대여소별 이용정보 22.3.csv
중구,훈련원1팀,428. 명보사거리,374,2022-03-01,대여소별 이용정보 22.3.csv
양천구,개화4팀,710. 금옥여고보도육교,374,2022-03-01,대여소별 이용정보 22.3.csv
도봉구,도봉3팀,1757.솔밭공원역 1번출구 앞,375,2022-03-01,대여소별 이용정보 22.3.csv
은평구,상암3팀,964. 북한산힐스테이트 7차아파트,375,2022-03-01,대여소별 이용정보 22.3.csv
성동구,중랑2팀,526. 용답토속공원 앞,375,2022-03-01,대여소별 이용정보 22.3.csv
구로구,천왕1팀,1999. 수궁동 성당 주변,376,2022-03-01,대여소별 이용정보 22.3.csv
도봉구,도봉3팀,4083.도봉아이나라도서관 앞,376,2022-03-01,대여소별 이용정보 22.3.csv
중구,세종로2팀,470.회현역 7번출구,378,2022-03-01,대여소별 이용정보 22.3.csv
송파구,천호2팀,2616. 거여동 사거리,378,2022-03-01,대여소별 이용정보 22.3.csv
중랑구,중랑3팀,1436. 동원베네스트 건물 앞,379,2022-03-01,대여소별 이용정보 22.3.csv
강남구,학여울1팀,2307. 압구정 한양 3차 아파트,379,2022-03-01,대여소별 이용정보 22.3.csv
중랑구,중랑3팀,4827. 신내SK V1센터 앞,379,2022-03-01,대여소별 이용정보 22.3.csv
강동구,천호1팀,3686. 고덕 래미안 힐스테이트(101동),380,2022-03-01,대여소별 이용정보 22.3.csv
서초구,이수1팀,2285. LH서초3단지 301동 맞은편,380,2022-03-01,대여소별 이용정보 22.3.csv
도봉구,도봉3팀,1725. 창1동주민센터,380,2022-03-01,대여소별 이용정보 22.3.csv
강남구,학여울2팀,3644. 상록수아파트,380,2022-03-01,대여소별 이용정보 22.3.csv
강동구,천호1팀,1031. 올림픽로 836(아리수로),381,2022-03-01,대여소별 이용정보 22.3.csv
강남구,학여울1팀,2349. 역삼빌딩 앞(하나은행 옆),381,2022-03-01,대여소별 이용정보 22.3.csv
은평구,상암2팀,971. 역촌 센트레빌 아파트,381,2022-03-01,대여소별 이용정보 22.3.csv
구로구,천왕1팀,2815.항동지구 7단지 정문,381,2022-03-01,대여소별 이용정보 22.3.csv
은평구,상암3팀,4676. 갈현1동 주민센터,382,2022-03-01,대여소별 이용정보 22.3.csv
서초구,이수3팀,4313. 반포종합운동장,383,2022-03-01,대여소별 이용정보 22.3.csv
성북구,훈련원2팀,1304. 만해공원,383,2022-03-01,대여소별 이용정보 22.3.csv
강서구,개화2팀,3797. 마곡수명산파크7단지 710동 앞,383,2022-03-01,대여소별 이용정보 22.3.csv
노원구,도봉2팀,1693. 원자력 병원,384,2022-03-01,대여소별 이용정보 22.3.csv
도봉구,도봉3팀,1761.방학중학교 앞,384,2022-03-01,대여소별 이용정보 22.3.csv
마포구,상암1팀,4248. 신촌 교보빌딩,385,2022-03-01,대여소별 이용정보 22.3.csv
서초구,이수3팀,2514.사평역 2번출구,385,2022-03-01,대여소별 이용정보 22.3.csv
송파구,천호2팀,4454. 위례 포레샤인 1809동 부근,386,2022-03-01,대여소별 이용정보 22.3.csv
강남구,학여울1팀,3604. 삼성중앙역 5번출구,386,2022-03-01,대여소별 이용정보 22.3.csv
동작구,영남2팀,4152. 상도효성해링턴플레이스,386,2022-03-01,대여소별 이용정보 22.3.csv
강남구,학여울2팀,2426.강남한신휴플러스 6단지,387,2022-03-01,대여소별 이용정보 22.3.csv
노원구,도봉2팀,4017. 월계 청백1단지 아파트 정류장,387,2022-03-01,대여소별 이용정보 22.3.csv
송파구,천호2팀,4472. 송파파크데일 1단지 115동 건너편,388,2022-03-01,대여소별 이용정보 22.3.csv
도봉구,도봉3팀,1759.서울북부지방법원 앞,388,2022-03-01,대여소별 이용정보 22.3.csv
성북구,훈련원2팀,1357. 북한산보국문역,388,2022-03-01,대여소별 이용정보 22.3.csv
강남구,학여울1팀,2311. 학동로 래미안 아파트 앞,389,2022-03-01,대여소별 이용정보 22.3.csv
강동구,천호1팀,1063.강동롯데캐슬퍼스트 아파트(관리동),389,2022-03-01,대여소별 이용정보 22.3.csv
금천구,천왕3팀,1843. 독산고등학교,389,2022-03-01,대여소별 이용정보 22.3.csv
중랑구,중랑3팀,1421. 신내역 4번출구,390,2022-03-01,대여소별 이용정보 22.3.csv
서초구,이수1팀,2501. 서초 포레스타5단지,390,2022-03-01,대여소별 이용정보 22.3.csv
송파구,학여울2팀,1287. 위례아이파크 101동 맞은편,390,2022-03-01,대여소별 이용정보 22.3.csv
도봉구,도봉3팀,1727. 서울도봉초등학교인근,391,2022-03-01,대여소별 이용정보 22.3.csv
서초구,이수3팀,2520.서초1교 (진흥아파트 방면),391,2022-03-01,대여소별 이용정보 22.3.csv
동대문구,훈련원3팀,600. 휘경2동 주민센터,392,2022-03-01,대여소별 이용정보 22.3.csv
강동구,천호1팀,1064.중앙보훈병원역 1번출구,393,2022-03-01,대여소별 이용정보 22.3.csv
도봉구,도봉3팀,1713. 쌍문동 이안아파트 앞,393,2022-03-01,대여소별 이용정보 22.3.csv
중구,훈련원1팀,382. 약수역 10번출구 앞,393,2022-03-01,대여소별 이용정보 22.3.csv
종로구,훈련원1팀,4703. 쌍용아파트2단지 정문,394,2022-03-01,대여소별 이용정보 22.3.csv
중구,훈련원1팀,480.약수역 6번 출구,394,2022-03-01,대여소별 이용정보 22.3.csv
강동구,천호1팀,3653. 강동리버스트4단지아파트 404동 앞,394,2022-03-01,대여소별 이용정보 22.3.csv
구로구,천왕1팀,1973. 오리로와 서해안도로 교차로 앞,395,2022-03-01,대여소별 이용정보 22.3.csv
영등포구,영남3팀,298.KBS 연구동 건너편,395,2022-03-01,대여소별 이용정보 22.3.csv
마포구,상암1팀,424. 롯데하이마트 (상암월드컵점),395,2022-03-01,대여소별 이용정보 22.3.csv
송파구,학여울2팀,2645.잠실나들목2(엘스아파트136동),396,2022-03-01,대여소별 이용정보 22.3.csv
용산구,세종로3팀,848. 삼각지12번 출구,396,2022-03-01,대여소별 이용정보 22.3.csv
강남구,학여울1팀,2380. 삼성동베이직하우스앞,396,2022-03-01,대여소별 이용정보 22.3.csv
광진구,중랑1팀,591. 건국대학교 (행정관),396,2022-03-01,대여소별 이용정보 22.3.csv
중구,세종로2팀,322. 명동성당 앞,397,2022-03-01,대여소별 이용정보 22.3.csv
동작구,이수2팀,2069. 숭실대 입구역3번 출구 앞,397,2022-03-01,대여소별 이용정보 22.3.csv
도봉구,도봉3팀,1774.반석교회(쌍문동),397,2022-03-01,대여소별 이용정보 22.3.csv
서초구,이수3팀,2227.방배열린문화센터 앞,398,2022-03-01,대여소별 이용정보 22.3.csv
마포구,상암1팀,4251. 공덕역 경의선숲길 커뮤니티센터,398,2022-03-01,대여소별 이용정보 22.3.csv
서대문구,상암2팀,161. 무악재역1번 출구,398,2022-03-01,대여소별 이용정보 22.3.csv
은평구,상암2팀,975.백련산 힐스테이트상가앞,399,2022-03-01,대여소별 이용정보 22.3.csv
종로구,훈련원1팀,3402.이화공영주차장,400,2022-03-01,대여소별 이용정보 22.3.csv
성북구,훈련원2팀,1367. 길음문화복합미디어센터,400,2022-03-01,대여소별 이용정보 22.3.csv
구로구,천왕1팀,3903. 현대아파트 앞,402,2022-03-01,대여소별 이용정보 22.3.csv
영등포구,영남3팀,282. 신한은행 대림동지점,402,2022-03-01,대여소별 이용정보 22.3.csv
구로구,천왕1팀,2822.제니스스포츠 앞,402,2022-03-01,대여소별 이용정보 22.3.csv
송파구,학여울2팀,4475. 송파파인타운 4단지 403동,402,2022-03-01,대여소별 이용정보 22.3.csv
동작구,이수2팀,2062. 사당새마을금고,403,2022-03-01,대여소별 이용정보 22.3.csv
구로구,천왕2팀,1976. 남구로역 5번 출입구 앞,403,2022-03-01,대여소별 이용정보 22.3.csv
송파구,천호2팀,1258. 가락미륭아파트 앞,404,2022-03-01,대여소별 이용정보 22.3.csv
중구,세종로 4팀,4752. 삼성사이버빌리지아파트,404,2022-03-01,대여소별 이용정보 22.3.csv
중랑구,중랑3팀,1479.면목 홈플러스 2,404,2022-03-01,대여소별 이용정보 22.3.csv
영등포구,영남3팀,4555. 대림우성2차아파트,404,2022-03-01,대여소별 이용정보 22.3.csv
서대문구,상암1팀,3134.SK리쳄블(상수도사업본부),405,2022-03-01,대여소별 이용정보 22.3.csv
서초구,이수1팀,4320. 신영체르니 아파트,405,2022-03-01,대여소별 이용정보 22.3.csv
송파구,학여울2팀,2625.가락종합 사회복지관,405,2022-03-01,대여소별 이용정보 22.3.csv
은평구,상암3팀,993.은평뉴타운 은뜨락아파트앞,406,2022-03-01,대여소별 이용정보 22.3.csv
강남구,학여울1팀,2356. 강남구청,406,2022-03-01,대여소별 이용정보 22.3.csv
송파구,학여울2팀,1285. 위례별 유치원 뒤,406,2022-03-01,대여소별 이용정보 22.3.csv
마포구,상암1팀,432. 마포중앙도서관,408,2022-03-01,대여소별 이용정보 22.3.csv
강동구,천호1팀,3694. 강동리엔파크 11단지,408,2022-03-01,대여소별 이용정보 22.3.csv
강남구,학여울1팀,2416.한티역 6번 출구,408,2022-03-01,대여소별 이용정보 22.3.csv
서초구,이수3팀,2509. 심산기념문화센터,409,2022-03-01,대여소별 이용정보 22.3.csv
서대문구,상암2팀,164. 북가좌1동 주민센터,410,2022-03-01,대여소별 이용정보 22.3.csv
강동구,천호1팀,3676. 강동리엔파크9단지,410,2022-03-01,대여소별 이용정보 22.3.csv
동작구,이수2팀,2024. 상도역 1번출구,411,2022-03-01,대여소별 이용정보 22.3.csv
강동구,천호1팀,1083.광문고교사거리(아이파크),411,2022-03-01,대여소별 이용정보 22.3.csv
용산구,세종로3팀,857. 현대 안성타워,411,2022-03-01,대여소별 이용정보 22.3.csv
영등포구,영남1팀,4601.양평역2번출구 뒤,411,2022-03-01,대여소별 이용정보 22.3.csv
동작구,이수2팀,2088.상도중앙하이츠빌 입구,412,2022-03-01,대여소별 이용정보 22.3.csv
서초구,이수3팀,2272. 교대입구 교차로,414,2022-03-01,대여소별 이용정보 22.3.csv
금천구,천왕3팀,3985. 디폴리스 지식산업센터,414,2022-03-01,대여소별 이용정보 22.3.csv
용산구,세종로 4팀,4616. 신용산지하차도 앞,414,2022-03-01,대여소별 이용정보 22.3.csv
강북구,도봉4팀,1542. 삼양사거리역,414,2022-03-01,대여소별 이용정보 22.3.csv
노원구,도봉1팀,1664. 노해근린공원내,415,2022-03-01,대여소별 이용정보 22.3.csv
성동구,중랑2팀,3547.상왕십리역 6번 출입구,416,2022-03-01,대여소별 이용정보 22.3.csv
구로구,천왕1팀,1968. 동인오피스텔 건너편 소공원,416,2022-03-01,대여소별 이용정보 22.3.csv
은평구,상암3팀,927. 연신내역 3번출구 인근,417,2022-03-01,대여소별 이용정보 22.3.csv
강남구,학여울1팀,2310. 청담동 맥도날드 옆(위치),419,2022-03-01,대여소별 이용정보 22.3.csv
영등포구,영남1팀,3207.양남사거리1,419,2022-03-01,대여소별 이용정보 22.3.csv
강동구,천호1팀,1070.(시립)고덕평생학습관,420,2022-03-01,대여소별 이용정보 22.3.csv
노원구,도봉2팀,1646. 삼육대 입구,420,2022-03-01,대여소별 이용정보 22.3.csv
은평구,상암3팀,922. 연신내역 4번출구,420,2022-03-01,대여소별 이용정보 22.3.csv
중구,세종로2팀,468.웨스틴 조선호텔,420,2022-03-01,대여소별 이용정보 22.3.csv
강북구,도봉4팀,1537. 북한산 우이역,421,2022-03-01,대여소별 이용정보 22.3.csv
강남구,학여울1팀,2381. 언주역 6번출구앞,421,2022-03-01,대여소별 이용정보 22.3.csv
용산구,세종로3팀,808. 서빙고동 금호맨션 앞,422,2022-03-01,대여소별 이용정보 22.3.csv
용산구,세종로 4팀,4618. 풍전아파트 건너편,422,2022-03-01,대여소별 이용정보 22.3.csv
양천구,개화4팀,4534. 월정초교 앞 사거리,423,2022-03-01,대여소별 이용정보 22.3.csv
송파구,학여울2팀,1239. 문정 법조단지3,423,2022-03-01,대여소별 이용정보 22.3.csv
광진구,중랑1팀,572. 국립정신 건강센터 앞,423,2022-03-01,대여소별 이용정보 22.3.csv
강동구,천호1팀,1018. 둔촌 주공 GS 맞은편,423,2022-03-01,대여소별 이용정보 22.3.csv
동작구,영남2팀,2065. 서울시여성가족재단,423,2022-03-01,대여소별 이용정보 22.3.csv
종로구,세종로1팀,4715. 돈의문 박물관 마을,424,2022-03-01,대여소별 이용정보 22.3.csv
종로구,훈련원1팀,364. 창신역 1번출구 앞,424,2022-03-01,대여소별 이용정보 22.3.csv
종로구,훈련원1팀,343. 예일빌딩(율곡로) 앞,424,2022-03-01,대여소별 이용정보 22.3.csv
관악구,영남2팀,2137. KT&G 관악지점,424,2022-03-01,대여소별 이용정보 22.3.csv
강서구,개화2팀,3770. 남부순환로 205,425,2022-03-01,대여소별 이용정보 22.3.csv
중랑구,중랑3팀,4828. 신내동 한살림 중랑지구 앞,426,2022-03-01,대여소별 이용정보 22.3.csv
양천구,개화4팀,757. 신정이펜하우스 1단지아파트 입구 사거리,426,2022-03-01,대여소별 이용정보 22.3.csv
마포구,상암1팀,120. 신수동 사거리,426,2022-03-01,대여소별 이용정보 22.3.csv
강남구,학여울1팀,2320. 도곡역 대치지구대 방향,427,2022-03-01,대여소별 이용정보 22.3.csv
강북구,도봉4팀,1528. 삼각산동 주민센터,428,2022-03-01,대여소별 이용정보 22.3.csv
노원구,도봉1팀,1678. 성서대학교 밀알관,428,2022-03-01,대여소별 이용정보 22.3.csv
성북구,훈련원2팀,1315. 고려사대부속중고 정문,430,2022-03-01,대여소별 이용정보 22.3.csv
강동구,천호1팀,3655. 둔촌신성미소지움아파트,430,2022-03-01,대여소별 이용정보 22.3.csv
용산구,세종로 4팀,4627. 효창공원앞역 5번출구 옆,430,2022-03-01,대여소별 이용정보 22.3.csv
마포구,상암1팀,4221. 솔리스타오피스텔(공덕동주민센터),431,2022-03-01,대여소별 이용정보 22.3.csv
중구,세종로2팀,4774. 을지로입구역 8번출구,431,2022-03-01,대여소별 이용정보 22.3.csv
서초구,이수3팀,2268. 서초4동주민센터,432,2022-03-01,대여소별 이용정보 22.3.csv
광진구,중랑1팀,3880. 홍련봉 공원,432,2022-03-01,대여소별 이용정보 22.3.csv
송파구,천호2팀,4889. 마천역 1번 출구 인근②,432,2022-03-01,대여소별 이용정보 22.3.csv
용산구,세종로3팀,840. 용산 파크타워 앞,433,2022-03-01,대여소별 이용정보 22.3.csv
금천구,천왕3팀,1809. LG전자 별관동(호서대 벤처타워 맞은편),435,2022-03-01,대여소별 이용정보 22.3.csv
성북구,훈련원2팀,1386.동선고가차도 초입,436,2022-03-01,대여소별 이용정보 22.3.csv
송파구,천호2팀,1275. 거여초등학교 옆,436,2022-03-01,대여소별 이용정보 22.3.csv
종로구,훈련원1팀,388. 동성중학교 앞,436,2022-03-01,대여소별 이용정보 22.3.csv
강북구,도봉4팀,1516. 우이초등학교 후문 옆,437,2022-03-01,대여소별 이용정보 22.3.csv
노원구,도봉2팀,4009. 월계프라자,438,2022-03-01,대여소별 이용정보 22.3.csv
강남구,학여울2팀,3642. LH강남힐스테이트아파트,439,2022-03-01,대여소별 이용정보 22.3.csv
노원구,도봉1팀,1696.수락리버시티4단지,440,2022-03-01,대여소별 이용정보 22.3.csv
동작구,영남2팀,2008. 노량진근린공원 대방공원,440,2022-03-01,대여소별 이용정보 22.3.csv
서대문구,상암2팀,169. 북가좌 삼거리,441,2022-03-01,대여소별 이용정보 22.3.csv
송파구,천호2팀,2614. 가락고등학교 앞,441,2022-03-01,대여소별 이용정보 22.3.csv
서초구,이수1팀,2205. 내곡3단지 어린이공원 앞,441,2022-03-01,대여소별 이용정보 22.3.csv
관악구,영남2팀,2139. 서울신성초등학교,443,2022-03-01,대여소별 이용정보 22.3.csv
서초구,이수3팀,2214. 신반포역 2번출구 앞,444,2022-03-01,대여소별 이용정보 22.3.csv
서초구,이수3팀,2518.서초3교(효령로70길 방면),445,2022-03-01,대여소별 이용정보 22.3.csv
영등포구,영남3팀,3203.도림동배드민턴체육관,445,2022-03-01,대여소별 이용정보 22.3.csv
강남구,학여울2팀,2341. 일원역 4~5번 출구 사이,446,2022-03-01,대여소별 이용정보 22.3.csv
중구,세종로2팀,4775. 을지로지하쇼핑센터,447,2022-03-01,대여소별 이용정보 22.3.csv
은평구,상암3팀,954. 은평뉴타운구파발9단지,447,2022-03-01,대여소별 이용정보 22.3.csv
양천구,천왕1팀,760. 잣절보도육교 아래,447,2022-03-01,대여소별 이용정보 22.3.csv
양천구,개화2팀,4530. 방아다리어린이공원,447,2022-03-01,대여소별 이용정보 22.3.csv
도봉구,도봉3팀,1722. 창동청소년수련관,448,2022-03-01,대여소별 이용정보 22.3.csv
은평구,상암3팀,953. 서울연신초등학교,449,2022-03-01,대여소별 이용정보 22.3.csv
관악구,이수2팀,2129. 낙성대 과학전시관,449,2022-03-01,대여소별 이용정보 22.3.csv
금천구,천왕3팀,1845. 롯데캐슬골드파크1차 서문,450,2022-03-01,대여소별 이용정보 22.3.csv
성북구,훈련원2팀,4411. 동산어린이공원 앞,450,2022-03-01,대여소별 이용정보 22.3.csv
서초구,이수3팀,2521.서초 크로바타워 앞,451,2022-03-01,대여소별 이용정보 22.3.csv
동작구,영남2팀,2057. 상도 아이파크 아파트,452,2022-03-01,대여소별 이용정보 22.3.csv
중랑구,중랑3팀,1472.영성빌딩(PAT),452,2022-03-01,대여소별 이용정보 22.3.csv
강남구,학여울1팀,3651. 개포동역 4번출구,453,2022-03-01,대여소별 이용정보 22.3.csv
관악구,이수2팀,2198.사랑의병원,455,2022-03-01,대여소별 이용정보 22.3.csv
마포구,상암1팀,4244. 당인리발전소 공원 앞,456,2022-03-01,대여소별 이용정보 22.3.csv
금천구,천왕3팀,3969. 독산역 롯데캐슬 104동 앞,456,2022-03-01,대여소별 이용정보 22.3.csv
강남구,학여울1팀,2313. 금원빌딩 앞,457,2022-03-01,대여소별 이용정보 22.3.csv
동대문구,훈련원4팀,638. 서울시립대 정보기술관,457,2022-03-01,대여소별 이용정보 22.3.csv
성북구,훈련원2팀,1358. 정릉도서관 앞,457,2022-03-01,대여소별 이용정보 22.3.csv
강북구,도봉4팀,1574.송중초등학교 옆,457,2022-03-01,대여소별 이용정보 22.3.csv
영등포구,영남3팀,3211.신길 래미안 프레비뉴,458,2022-03-01,대여소별 이용정보 22.3.csv
강남구,학여울1팀,2339. 현대아파트 정문 앞,458,2022-03-01,대여소별 이용정보 22.3.csv
금천구,천왕3팀,3984. 가산롯데아이티캐슬,459,2022-03-01,대여소별 이용정보 22.3.csv
서대문구,상암1팀,173. 서대문역 8번출구 앞,459,2022-03-01,대여소별 이용정보 22.3.csv
서대문구,상암2팀,3107. 연희초등학교 앞,459,2022-03-01,대여소별 이용정보 22.3.csv
은평구,상암3팀,4671. 청구성심병원 앞,460,2022-03-01,대여소별 이용정보 22.3.csv
송파구,천호2팀,1299. 송파소방서 (방이119안전센터),462,2022-03-01,대여소별 이용정보 22.3.csv
서대문구,상암1팀,196. 연희교차로 인근,462,2022-03-01,대여소별 이용정보 22.3.csv
성북구,훈련원2팀,1391.성북청소년센터,463,2022-03-01,대여소별 이용정보 22.3.csv
광진구,중랑1팀,3588.세종대학교(영실관),463,2022-03-01,대여소별 이용정보 22.3.csv
금천구,천왕3팀,1831. 메이퀸웨딩컨벤션 앞,464,2022-03-01,대여소별 이용정보 22.3.csv
동작구,이수2팀,4173. 중대후문 마을버스정류장,464,2022-03-01,대여소별 이용정보 22.3.csv
서초구,이수3팀,2502. 서초역1번출구 앞,464,2022-03-01,대여소별 이용정보 22.3.csv
강동구,천호1팀,1041. 묘곡초등학교,464,2022-03-01,대여소별 이용정보 22.3.csv
강남구,학여울1팀,2357. 르네상스호텔사거리 역삼지하보도 3번출구 앞 (더 오번 빌딩 명동칼국수 앞),465,2022-03-01,대여소별 이용정보 22.3.csv
영등포구,영남3팀,4578.보라매sk뷰,465,2022-03-01,대여소별 이용정보 22.3.csv
중구,세종로1팀,4753. 우리은행 서소문금융센터,465,2022-03-01,대여소별 이용정보 22.3.csv
동대문구,훈련원4팀,652. 답십리 래미안엘파인아파트 입구,465,2022-03-01,대여소별 이용정보 22.3.csv
강남구,학여울1팀,2368. 도곡동 경남아파트 건너편,465,2022-03-01,대여소별 이용정보 22.3.csv
서초구,이수3팀,4306. 서래공원 앞,466,2022-03-01,대여소별 이용정보 22.3.csv
양천구,개화3팀,776.목마공원,466,2022-03-01,대여소별 이용정보 22.3.csv
양천구,개화4팀,745. 강서초등학교,466,2022-03-01,대여소별 이용정보 22.3.csv
용산구,세종로3팀,"4605. 노들섬 다목적홀(동쪽) 숲, 앞",466,2022-03-01,대여소별 이용정보 22.3.csv
금천구,천왕3팀,3977. 말미사거리,467,2022-03-01,대여소별 이용정보 22.3.csv
중랑구,중랑3팀,4835. 망우동 본죽 앞,467,2022-03-01,대여소별 이용정보 22.3.csv
도봉구,도봉3팀,4073.방아골종합사회복지관,467,2022-03-01,대여소별 이용정보 22.3.csv
서대문구,상암1팀,171. 임광빌딩 앞,467,2022-03-01,대여소별 이용정보 22.3.csv
강남구,학여울2팀,2422.수서동 성당 맞은편,468,2022-03-01,대여소별 이용정보 22.3.csv
동대문구,훈련원4팀,606. 휘경공고앞,469,2022-03-01,대여소별 이용정보 22.3.csv
금천구,천왕2팀,3975.현대시티아울렛 가산,469,2022-03-01,대여소별 이용정보 22.3.csv
구로구,천왕1팀,1993. 금강수목원아파트 앞,470,2022-03-01,대여소별 이용정보 22.3.csv
마포구,상암1팀,4207. 아만티호텔 앞,471,2022-03-01,대여소별 이용정보 22.3.csv
노원구,도봉2팀,2903.월계초안아파트 1단지,471,2022-03-01,대여소별 이용정보 22.3.csv
관악구,이수2팀,2186. 낙성대입구삼거리,473,2022-03-01,대여소별 이용정보 22.3.csv
광진구,중랑1팀,3510. 중곡SK아파트앞,473,2022-03-01,대여소별 이용정보 22.3.csv
광진구,중랑1팀,555. 구의3동주민센터,474,2022-03-01,대여소별 이용정보 22.3.csv
성동구,중랑2팀,594. 중랑물재생센터(서울새활용플라자),474,2022-03-01,대여소별 이용정보 22.3.csv
송파구,천호2팀,4855. 거여5단지 503동 앞,475,2022-03-01,대여소별 이용정보 22.3.csv
강남구,학여울1팀,2312. 청담역 13번 출구 앞,475,2022-03-01,대여소별 이용정보 22.3.csv
은평구,상암3팀,941. 은평뉴타운 도서관,475,2022-03-01,대여소별 이용정보 22.3.csv
서초구,이수1팀,2293. SPC 앞,475,2022-03-01,대여소별 이용정보 22.3.csv
양천구,개화4팀,712. 강월초교입구 사거리,476,2022-03-01,대여소별 이용정보 22.3.csv
강남구,학여울1팀,2314. 청담나들목입구,477,2022-03-01,대여소별 이용정보 22.3.csv
서초구,이수1팀,2246. 서울시 품질시험소 앞,477,2022-03-01,대여소별 이용정보 22.3.csv
도봉구,도봉3팀,1751. 창원초등학교 교차로,477,2022-03-01,대여소별 이용정보 22.3.csv
금천구,천왕3팀,3963. 에이스 하드웨어(시흥대로 396) 앞,477,2022-03-01,대여소별 이용정보 22.3.csv
서초구,이수1팀,2250. 서초유치원 맞은편,478,2022-03-01,대여소별 이용정보 22.3.csv
송파구,천호2팀,2617. 가락삼환아파트 앞,479,2022-03-01,대여소별 이용정보 22.3.csv
은평구,상암3팀,"4663. 불광역3,6호선 버스정류장(동명여고 방면)",479,2022-03-01,대여소별 이용정보 22.3.csv
강남구,학여울1팀,2389. 경기여자고등학교 후문 (삼성로3길 입구),479,2022-03-01,대여소별 이용정보 22.3.csv
강서구,개화3팀,3761. 나이아가라관광호텔,479,2022-03-01,대여소별 이용정보 22.3.csv
강동구,천호1팀,3673. 강동리버스트6단지,481,2022-03-01,대여소별 이용정보 22.3.csv
성북구,훈련원2팀,1325. 상월곡역 4번출구,481,2022-03-01,대여소별 이용정보 22.3.csv
강동구,천호1팀,1068.명일파출소,483,2022-03-01,대여소별 이용정보 22.3.csv
도봉구,도봉3팀,4054. KT프라자도봉점 맞은편,484,2022-03-01,대여소별 이용정보 22.3.csv
송파구,학여울2팀,2634.위례포레샤인아파트 2318동,484,2022-03-01,대여소별 이용정보 22.3.csv
동대문구,훈련원3팀,671.대광빌딩,485,2022-03-01,대여소별 이용정보 22.3.csv
강동구,천호1팀,1026. 대명초교 입구 교차로,485,2022-03-01,대여소별 이용정보 22.3.csv
도봉구,도봉3팀,1736. 버스정류장 앞,485,2022-03-01,대여소별 이용정보 22.3.csv
금천구,천왕3팀,1828. 한양수자인아파트 앞,486,2022-03-01,대여소별 이용정보 22.3.csv
강동구,천호1팀,3658. 프라이어팰리스아파트,486,2022-03-01,대여소별 이용정보 22.3.csv
도봉구,도봉3팀,1702. 녹천역 1번출구 앞,486,2022-03-01,대여소별 이용정보 22.3.csv
송파구,천호2팀,4462. 가락중학교 앞,486,2022-03-01,대여소별 이용정보 22.3.csv
서초구,이수1팀,2549.LH 서초 4단지 403동,487,2022-03-01,대여소별 이용정보 22.3.csv
강북구,도봉4팀,3711. 월계2교 교차로,487,2022-03-01,대여소별 이용정보 22.3.csv
중랑구,중랑3팀,1425. 용마문화복지센터,487,2022-03-01,대여소별 이용정보 22.3.csv
은평구,상암3팀,925. 불광역 2번출구,488,2022-03-01,대여소별 이용정보 22.3.csv
양천구,개화4팀,4537. 서울남부지방검찰청 후문,489,2022-03-01,대여소별 이용정보 22.3.csv
마포구,상암1팀,4246. 상수역새마을금고,490,2022-03-01,대여소별 이용정보 22.3.csv
구로구,천왕2팀,1998. 고척교 교차로,490,2022-03-01,대여소별 이용정보 22.3.csv
종로구,훈련원1팀,3419.국립어린이과학관,491,2022-03-01,대여소별 이용정보 22.3.csv
동대문구,훈련원3팀,607. 신이문역 2번출구,491,2022-03-01,대여소별 이용정보 22.3.csv
용산구,세종로 4팀,4603. 한강GS에클라트 건너편 교통섬,493,2022-03-01,대여소별 이용정보 22.3.csv
강북구,도봉4팀,1509. 서울북부수도사업소,493,2022-03-01,대여소별 이용정보 22.3.csv
강서구,개화1팀,3801. 이랜드글로벌R&D센터,493,2022-03-01,대여소별 이용정보 22.3.csv
강남구,학여울1팀,2430.강남파이낸스센터앞(역삼역2번출구),494,2022-03-01,대여소별 이용정보 22.3.csv
강남구,학여울1팀,2360. 도곡1동 주민센터 교차로,494,2022-03-01,대여소별 이용정보 22.3.csv
관악구,영남2팀,2127. 난곡종점,495,2022-03-01,대여소별 이용정보 22.3.csv
동작구,이수2팀,2027. 중앙대학교 정문 1,495,2022-03-01,대여소별 이용정보 22.3.csv
마포구,상암1팀,413. 상암월드컵파크 3단지 후문,495,2022-03-01,대여소별 이용정보 22.3.csv
은평구,상암2팀,939. 은평구청 교차로,495,2022-03-01,대여소별 이용정보 22.3.csv
강남구,학여울1팀,2331. 동영문화센터앞,496,2022-03-01,대여소별 이용정보 22.3.csv
은평구,상암2팀,901. 응암1동사무소,496,2022-03-01,대여소별 이용정보 22.3.csv
동작구,이수2팀,2026. 흑석역 4번출구,496,2022-03-01,대여소별 이용정보 22.3.csv
서초구,이수1팀,2243.서울가정법원,496,2022-03-01,대여소별 이용정보 22.3.csv
강북구,도봉4팀,1525. 미아동 복합청사,496,2022-03-01,대여소별 이용정보 22.3.csv
중랑구,중랑3팀,1465.중랑공영차고지 옆,496,2022-03-01,대여소별 이용정보 22.3.csv
마포구,상암1팀,406. 상암월드컵파크 7단지 앞,496,2022-03-01,대여소별 이용정보 22.3.csv
도봉구,도봉3팀,4058. 다락원체육공원 전망대 입구,497,2022-03-01,대여소별 이용정보 22.3.csv
중구,훈련원1팀,371. 동대입구역 6번출구 뒤,498,2022-03-01,대여소별 이용정보 22.3.csv
마포구,상암1팀,4216. 망원정 앞,499,2022-03-01,대여소별 이용정보 22.3.csv
동작구,이수2팀,2036. 정금마을 마을버스정류장,500,2022-03-01,대여소별 이용정보 22.3.csv
용산구,세종로 4팀,850. KCC용산월츠타워,501,2022-03-01,대여소별 이용정보 22.3.csv
중랑구,중랑3팀,4823. 방정환교육지원센터 옆,501,2022-03-01,대여소별 이용정보 22.3.csv
중구,훈련원1팀,434. 신당 래미안 버스정류장,501,2022-03-01,대여소별 이용정보 22.3.csv
은평구,상암3팀,976.진관고등학교앞,502,2022-03-01,대여소별 이용정보 22.3.csv
구로구,천왕2팀,1916. 구로중학교앞,502,2022-03-01,대여소별 이용정보 22.3.csv
관악구,영남2팀,2196. 봉천역 3번출구,502,2022-03-01,대여소별 이용정보 22.3.csv
금천구,천왕3팀,1835. STX V타워,502,2022-03-01,대여소별 이용정보 22.3.csv
강남구,학여울2팀,2321. 학여울역 사거리,503,2022-03-01,대여소별 이용정보 22.3.csv
양천구,천왕1팀,743. 현대6차아파트 101동 옆,503,2022-03-01,대여소별 이용정보 22.3.csv
서대문구,상암1팀,139. 연세대 정문 건너편,503,2022-03-01,대여소별 이용정보 22.3.csv
강남구,학여울1팀,"2419.봉은사역 1,2번 출구",504,2022-03-01,대여소별 이용정보 22.3.csv
마포구,상암1팀,4224. 서부운전면허시험장,504,2022-03-01,대여소별 이용정보 22.3.csv
서대문구,상암1팀,160. 북아현동 가구거리,505,2022-03-01,대여소별 이용정보 22.3.csv
송파구,천호2팀,4463. 방이역 2번 출구,506,2022-03-01,대여소별 이용정보 22.3.csv
강서구,개화3팀,1137. 등촌2동주민센터,506,2022-03-01,대여소별 이용정보 22.3.csv
강남구,학여울2팀,3623. 일원에코파크 앞(개포로 방면),507,2022-03-01,대여소별 이용정보 22.3.csv
강동구,천호1팀,3685. 강동리엔파크14단지(1401동 앞),507,2022-03-01,대여소별 이용정보 22.3.csv
강동구,천호1팀,1049. 강일리버파크 10단지,507,2022-03-01,대여소별 이용정보 22.3.csv
종로구,훈련원1팀,452. 동대문 종합시장 버스정류장,507,2022-03-01,대여소별 이용정보 22.3.csv
구로구,천왕1팀,3918. 이좋은집오피스텔 앞,508,2022-03-01,대여소별 이용정보 22.3.csv
도봉구,도봉3팀,1770.도봉한신아파트 주변,508,2022-03-01,대여소별 이용정보 22.3.csv
은평구,상암3팀,4653. 불광역 9번 출구 맞은편,508,2022-03-01,대여소별 이용정보 22.3.csv
양천구,개화4팀,714. 한국SGI 양천문화회관 앞,509,2022-03-01,대여소별 이용정보 22.3.csv
종로구,세종로1팀,446. 상명대입구,509,2022-03-01,대여소별 이용정보 22.3.csv
중구,훈련원1팀,477.앰배서더 호텔 주변,510,2022-03-01,대여소별 이용정보 22.3.csv
마포구,상암1팀,4206. 광흥창역5번출구,510,2022-03-01,대여소별 이용정보 22.3.csv
강동구,천호1팀,1065.보훈병원 후문옆(더 원커피),510,2022-03-01,대여소별 이용정보 22.3.csv
서대문구,상암2팀,3129.DMC래미안e편한세상203동옆,510,2022-03-01,대여소별 이용정보 22.3.csv
강서구,개화1팀,3787. 가양나들목,511,2022-03-01,대여소별 이용정보 22.3.csv
은평구,상암2팀,979.원풍빌라앞,511,2022-03-01,대여소별 이용정보 22.3.csv
양천구,개화4팀,713. 양서중학교 옆,511,2022-03-01,대여소별 이용정보 22.3.csv
금천구,천왕3팀,1821. 홈플러스 시흥점 맞은편 다비치안경 앞,512,2022-03-01,대여소별 이용정보 22.3.csv
강동구,천호1팀,1073.SSTS 몰 앞,513,2022-03-01,대여소별 이용정보 22.3.csv
강남구,학여울1팀,2326. 대치동 삼성로,514,2022-03-01,대여소별 이용정보 22.3.csv
강동구,천호1팀,1057. 능골근린공원,514,2022-03-01,대여소별 이용정보 22.3.csv
동작구,영남2팀,2084.e편한세상 상도노빌리티 앞,515,2022-03-01,대여소별 이용정보 22.3.csv
중구,훈련원1팀,347. 동대문역사문화공원역 9번출구 앞,515,2022-03-01,대여소별 이용정보 22.3.csv
은평구,상암3팀,923. 국민은행 연서지점,515,2022-03-01,대여소별 이용정보 22.3.csv
중랑구,중랑3팀,1468.먹골역 7번 출구,516,2022-03-01,대여소별 이용정보 22.3.csv
도봉구,도봉3팀,1758.북서울교회 버스정류소 앞,516,2022-03-01,대여소별 이용정보 22.3.csv
송파구,천호2팀,4871. 오금동 대림아파트 정문,518,2022-03-01,대여소별 이용정보 22.3.csv
강남구,학여울2팀,2337. 대모산입구역 2번출구 앞,518,2022-03-01,대여소별 이용정보 22.3.csv
송파구,천호2팀,4493. 마천사거리 2,519,2022-03-01,대여소별 이용정보 22.3.csv
송파구,천호2팀,2654.올림픽선수촌아파트 136동 앞,519,2022-03-01,대여소별 이용정보 22.3.csv
강남구,학여울1팀,2396. 영동3교 북단(우성캐릭터 앞 보도),520,2022-03-01,대여소별 이용정보 22.3.csv
영등포구,영남3팀,271. 샛강생태공원방문자센터 앞,520,2022-03-01,대여소별 이용정보 22.3.csv
서대문구,상암1팀,3113.독립문역사거리,520,2022-03-01,대여소별 이용정보 22.3.csv
강남구,학여울1팀,2330. 역삼월드메르디앙아파트 앞,520,2022-03-01,대여소별 이용정보 22.3.csv
구로구,천왕1팀,2819.하늘숲초등학교 앞,522,2022-03-01,대여소별 이용정보 22.3.csv
마포구,상암1팀,4202. 프런트원(공덕역4번출구 앞),522,2022-03-01,대여소별 이용정보 22.3.csv
송파구,학여울2팀,1296. 석촌호수교차로 (송파나루근린공원 앞),522,2022-03-01,대여소별 이용정보 22.3.csv
중구,세종로 4팀,441.염천교사거리,524,2022-03-01,대여소별 이용정보 22.3.csv
강동구,천호1팀,1016. 해뜨는 주유소옆 리엔파크 109동앞,524,2022-03-01,대여소별 이용정보 22.3.csv
성북구,훈련원2팀,1348. 성북제일새마을금고 본점 앞,524,2022-03-01,대여소별 이용정보 22.3.csv
양천구,개화4팀,790.화곡고가 사거리,526,2022-03-01,대여소별 이용정보 22.3.csv
송파구,천호2팀,4485. 잠실나루역 고가하부,526,2022-03-01,대여소별 이용정보 22.3.csv
영등포구,영남1팀,3221.서울특별시 남부교육지원청,526,2022-03-01,대여소별 이용정보 22.3.csv
은평구,상암3팀,946. 독바위역,527,2022-03-01,대여소별 이용정보 22.3.csv
강남구,학여울1팀,2385. 학동역,529,2022-03-01,대여소별 이용정보 22.3.csv
서대문구,상암2팀,3130.가재울사거리,529,2022-03-01,대여소별 이용정보 22.3.csv
마포구,상암1팀,142. 아현역 4번출구 앞,530,2022-03-01,대여소별 이용정보 22.3.csv
서초구,이수3팀,2233. 서초신동아1차아파트 옆,532,2022-03-01,대여소별 이용정보 22.3.csv
관악구,영남2팀,2144. 난우길입구,533,2022-03-01,대여소별 이용정보 22.3.csv
서초구,이수3팀,2212.서초현대4차아파트 201동 맞은편,533,2022-03-01,대여소별 이용정보 22.3.csv
강서구,개화3팀,5067. 주원 리젠트 앞,534,2022-03-01,대여소별 이용정보 22.3.csv
강북구,도봉4팀,1515. 송천동 주민센터,534,2022-03-01,대여소별 이용정보 22.3.csv
송파구,학여울2팀,1266. 문정동 글샘 공원,534,2022-03-01,대여소별 이용정보 22.3.csv
도봉구,도봉3팀,"1735. 도봉역 1,2번 출구사이 건너편",535,2022-03-01,대여소별 이용정보 22.3.csv
노원구,도봉1팀,1634. 당고개공원 대여소,535,2022-03-01,대여소별 이용정보 22.3.csv
구로구,천왕1팀,3906. 천왕차량사업소 입구,536,2022-03-01,대여소별 이용정보 22.3.csv
성북구,훈련원2팀,1340. 광운초등학교 앞,536,2022-03-01,대여소별 이용정보 22.3.csv
노원구,도봉1팀,4002. 상계주공 14단지 상가 앞,537,2022-03-01,대여소별 이용정보 22.3.csv
송파구,천호2팀,"2626.경찰병원역 1,2번 출구 사이",537,2022-03-01,대여소별 이용정보 22.3.csv
관악구,이수2팀,2167. 낙성대역 1번출구,537,2022-03-01,대여소별 이용정보 22.3.csv
강남구,학여울1팀,2319. 포스코사거리 서측(수협 삼성동 지점),537,2022-03-01,대여소별 이용정보 22.3.csv
서대문구,상암2팀,4253. 홍은도담도서관,539,2022-03-01,대여소별 이용정보 22.3.csv
성동구,중랑2팀,4360. 르노삼성자동차 성수사업소 앞,539,2022-03-01,대여소별 이용정보 22.3.csv
노원구,도봉2팀,4033. 녹천역 4번 출구 옆,539,2022-03-01,대여소별 이용정보 22.3.csv
강북구,도봉4팀,1532. 번3동 주민센터 교차로,539,2022-03-01,대여소별 이용정보 22.3.csv
중랑구,중랑3팀,1405. 망우역 1번출구,540,2022-03-01,대여소별 이용정보 22.3.csv
성동구,중랑2팀,518. 청계천 박물관 앞,540,2022-03-01,대여소별 이용정보 22.3.csv
서대문구,상암2팀,192. 연서어린이공원,541,2022-03-01,대여소별 이용정보 22.3.csv
강남구,이수3팀,2410. 포스코피앤에스타워 (역삼역 3번출구 부근),541,2022-03-01,대여소별 이용정보 22.3.csv
금천구,천왕3팀,1829. 홈플러스 금천점 앞,541,2022-03-01,대여소별 이용정보 22.3.csv
관악구,이수2팀,2128. 관악구청교차로,542,2022-03-01,대여소별 이용정보 22.3.csv
강동구,천호1팀,1015. 샛마을 근린공원,544,2022-03-01,대여소별 이용정보 22.3.csv
서초구,이수3팀,2299. 한전아트센터 앞,545,2022-03-01,대여소별 이용정보 22.3.csv
강남구,학여울1팀,2323. 주식회사 오뚜기 정문 앞,545,2022-03-01,대여소별 이용정보 22.3.csv
종로구,세종로1팀,351. 청운초교 앞 삼거리,546,2022-03-01,대여소별 이용정보 22.3.csv
강동구,천호1팀,1025. 상일초등학교,546,2022-03-01,대여소별 이용정보 22.3.csv
강남구,이수3팀,2421. 신논현역 4번출구,547,2022-03-01,대여소별 이용정보 22.3.csv
관악구,이수2팀,2122. 낙성대로 입구,548,2022-03-01,대여소별 이용정보 22.3.csv
용산구,세종로 4팀,845. 용산 선인상가,548,2022-03-01,대여소별 이용정보 22.3.csv
강동구,천호1팀,3665. 고덕센트럴 아이파크상가 앞,548,2022-03-01,대여소별 이용정보 22.3.csv
금천구,천왕3팀,1822. 서울 시흥동우체국 앞,550,2022-03-01,대여소별 이용정보 22.3.csv
송파구,학여울2팀,4869. 잠실나들목6,550,2022-03-01,대여소별 이용정보 22.3.csv
성북구,훈련원2팀,1360. 정릉역,551,2022-03-01,대여소별 이용정보 22.3.csv
서초구,이수3팀,4307. 고투몰 gate 15옆,551,2022-03-01,대여소별 이용정보 22.3.csv
성북구,훈련원2팀,4420. 성북구 한예종 캠퍼스 별관,551,2022-03-01,대여소별 이용정보 22.3.csv
은평구,상암2팀,965. 서울특별시 은평병원,552,2022-03-01,대여소별 이용정보 22.3.csv
서초구,이수2팀,2229.로고스교회 맞은 편,553,2022-03-01,대여소별 이용정보 22.3.csv
중랑구,중랑3팀,1420. 신내어울공원 앞,553,2022-03-01,대여소별 이용정보 22.3.csv
영등포구,영남3팀,241. 신길우성1차아파트 앞 공원,553,2022-03-01,대여소별 이용정보 22.3.csv
노원구,도봉2팀,2914.서울과학기술대학교(미래관),553,2022-03-01,대여소별 이용정보 22.3.csv
중구,세종로2팀,471.회현사거리 남측,554,2022-03-01,대여소별 이용정보 22.3.csv
광진구,중랑1팀,3537. 아차산 휴먼시아 아파트 옆,554,2022-03-01,대여소별 이용정보 22.3.csv
서초구,이수3팀,4316. 고속터미널역 3번출구,555,2022-03-01,대여소별 이용정보 22.3.csv
중랑구,중랑3팀,1457. 동원사거리,555,2022-03-01,대여소별 이용정보 22.3.csv
은평구,상암2팀,909. 백련산 힐스테이트 3차,555,2022-03-01,대여소별 이용정보 22.3.csv
강서구,개화2팀,3767. 대원빌딩,556,2022-03-01,대여소별 이용정보 22.3.csv
송파구,천호2팀,2655.송이공원,556,2022-03-01,대여소별 이용정보 22.3.csv
종로구,훈련원1팀,337. 창경궁 입구,557,2022-03-01,대여소별 이용정보 22.3.csv
서초구,이수3팀,2215. 반포종합운동장 입구,557,2022-03-01,대여소별 이용정보 22.3.csv
강북구,도봉4팀,1568.4.19민주묘지 입구사거리,557,2022-03-01,대여소별 이용정보 22.3.csv
금천구,천왕2팀,1812. 갑을그레이트밸리 앞,558,2022-03-01,대여소별 이용정보 22.3.csv
노원구,도봉1팀,1628. 노일초등학교 앞,558,2022-03-01,대여소별 이용정보 22.3.csv
서대문구,상암1팀,137. 신촌기차역입구 교차로,558,2022-03-01,대여소별 이용정보 22.3.csv
용산구,세종로3팀,4615. 크라운호텔앞 버스정류소,558,2022-03-01,대여소별 이용정보 22.3.csv
송파구,학여울2팀,1240. 문정 법조단지4,559,2022-03-01,대여소별 이용정보 22.3.csv
은평구,상암3팀,903. 은평뉴타운 아이파크,559,2022-03-01,대여소별 이용정보 22.3.csv
동대문구,훈련원3팀,636. 세종대왕기념관 교차로,559,2022-03-01,대여소별 이용정보 22.3.csv
도봉구,도봉3팀,1719. 신도봉사거리 버스정류장,560,2022-03-01,대여소별 이용정보 22.3.csv
광진구,중랑1팀,552. 대림아크로리버 앞,560,2022-03-01,대여소별 이용정보 22.3.csv
송파구,학여울2팀,2603. 송파 글마루 도서관,560,2022-03-01,대여소별 이용정보 22.3.csv
강서구,개화1팀,1198. LG 사이언스파크,561,2022-03-01,대여소별 이용정보 22.3.csv
동대문구,훈련원4팀,4107. 장안동근린공원 입구,561,2022-03-01,대여소별 이용정보 22.3.csv
도봉구,도봉3팀,1706. 기업은행 앞,562,2022-03-01,대여소별 이용정보 22.3.csv
도봉구,도봉3팀,1772.시립도봉노인복지관 버스정류소,562,2022-03-01,대여소별 이용정보 22.3.csv
서대문구,상암2팀,3122.북가좌삼거리2,563,2022-03-01,대여소별 이용정보 22.3.csv
중랑구,중랑3팀,1430. 중랑구청,563,2022-03-01,대여소별 이용정보 22.3.csv
강남구,학여울2팀,3618. 서울율현초교 삼거리,564,2022-03-01,대여소별 이용정보 22.3.csv
양천구,개화4팀,733. 신정이펜하우스314동,564,2022-03-01,대여소별 이용정보 22.3.csv
서대문구,상암1팀,159. 이대역 4번 출구,564,2022-03-01,대여소별 이용정보 22.3.csv
성북구,훈련원2팀,1394.길음뉴타운 래미안9단지,564,2022-03-01,대여소별 이용정보 22.3.csv
송파구,학여울2팀,4886. 배명고등학교 건너편,565,2022-03-01,대여소별 이용정보 22.3.csv
영등포구,영남1팀,233. 양평1동 YP센터 앞,565,2022-03-01,대여소별 이용정보 22.3.csv
금천구,천왕3팀,1854. 가산아네스트 오피스텔 앞,566,2022-03-01,대여소별 이용정보 22.3.csv
노원구,도봉1팀,1672. 상계동수락리버시티,567,2022-03-01,대여소별 이용정보 22.3.csv
성동구,중랑2팀,506. 금호 어울림 아파트 앞,568,2022-03-01,대여소별 이용정보 22.3.csv
구로구,천왕1팀,2820.신세기아파트 앞,568,2022-03-01,대여소별 이용정보 22.3.csv
중랑구,중랑3팀,4825. 신내동 벽산아파트 후문 앞,568,2022-03-01,대여소별 이용정보 22.3.csv
금천구,천왕3팀,3983. 금천구청역 1번 출구,568,2022-03-01,대여소별 이용정보 22.3.csv
강서구,개화2팀,1130. 화곡본동시장 버스정류장,569,2022-03-01,대여소별 이용정보 22.3.csv
금천구,천왕3팀,1862.스타즈호텔독산 빌딩 앞,569,2022-03-01,대여소별 이용정보 22.3.csv
은평구,상암3팀,960. 구파발역 환승센터,569,2022-03-01,대여소별 이용정보 22.3.csv
강북구,도봉4팀,1543. 수유1동 주민센터,569,2022-03-01,대여소별 이용정보 22.3.csv
중구,훈련원1팀,372. 약수역 3번출구 뒤,570,2022-03-01,대여소별 이용정보 22.3.csv
노원구,도봉1팀,4042. 상계문화정보도서관,570,2022-03-01,대여소별 이용정보 22.3.csv
송파구,학여울2팀,4480. 가락시장 남1문 사거리,571,2022-03-01,대여소별 이용정보 22.3.csv
중랑구,중랑3팀,4803. 상봉2동 주민센터 앞,571,2022-03-01,대여소별 이용정보 22.3.csv
양천구,개화4팀,4518. 청기와빌딩,571,2022-03-01,대여소별 이용정보 22.3.csv
관악구,이수2팀,2148. 낙성대역 3번출구 뒤,571,2022-03-01,대여소별 이용정보 22.3.csv
마포구,상암1팀,4211. 시석빌딩 앞,571,2022-03-01,대여소별 이용정보 22.3.csv
광진구,중랑1팀,3863. 동일로58길 입구,571,2022-03-01,대여소별 이용정보 22.3.csv
마포구,상암1팀,405. DMC빌 앞,572,2022-03-01,대여소별 이용정보 22.3.csv
서초구,이수3팀,2297. 남부터미널역 1번출구,573,2022-03-01,대여소별 이용정보 22.3.csv
마포구,상암1팀,425. DMC첨단산업센터,573,2022-03-01,대여소별 이용정보 22.3.csv
중구,세종로2팀,324. 신세계백화점 본점 앞,573,2022-03-01,대여소별 이용정보 22.3.csv
마포구,상암1팀,125. 서강대 남문 옆,574,2022-03-01,대여소별 이용정보 22.3.csv
도봉구,도봉3팀,1771.성원APT버스정류소,575,2022-03-01,대여소별 이용정보 22.3.csv
용산구,세종로 4팀,866.브라운스톤 남산아파트,575,2022-03-01,대여소별 이용정보 22.3.csv
금천구,천왕3팀,1869.롯데캐슬골드파크3차 301동 앞,576,2022-03-01,대여소별 이용정보 22.3.csv
송파구,학여울2팀,1217. 송파파인타운 7단지,576,2022-03-01,대여소별 이용정보 22.3.csv
송파구,학여울2팀,4880. 송파청소년센터,577,2022-03-01,대여소별 이용정보 22.3.csv
송파구,학여울2팀,4497. 아시아선수촌아파트 교차로,577,2022-03-01,대여소별 이용정보 22.3.csv
서대문구,상암2팀,3110.홍은 현대아이파크 아파트 202동 앞,577,2022-03-01,대여소별 이용정보 22.3.csv
동대문구,훈련원3팀,676.FITI시험연구원 앞,577,2022-03-01,대여소별 이용정보 22.3.csv
강남구,학여울1팀,2353. 강남구청역 2번출구 뒤,578,2022-03-01,대여소별 이용정보 22.3.csv
서대문구,상암2팀,177. 북가좌 초등학교,579,2022-03-01,대여소별 이용정보 22.3.csv
종로구,세종로1팀,3425.광화문 풍림스페이스본 1단지앞,579,2022-03-01,대여소별 이용정보 22.3.csv
송파구,천호2팀,1230. 송파중학교 정문,579,2022-03-01,대여소별 이용정보 22.3.csv
강남구,학여울1팀,2394. 개포래미안포레스트아파트 107동 앞,580,2022-03-01,대여소별 이용정보 22.3.csv
금천구,천왕3팀,1870.독산3동주민센터 앞,580,2022-03-01,대여소별 이용정보 22.3.csv
송파구,천호2팀,1300. 오륜사거리,581,2022-03-01,대여소별 이용정보 22.3.csv
영등포구,영남3팀,285. 대림3동사거리(하나은행),581,2022-03-01,대여소별 이용정보 22.3.csv
중랑구,중랑3팀,4826. 홈플러스 면목점,583,2022-03-01,대여소별 이용정보 22.3.csv
강서구,개화3팀,3763. 등촌태영아파트,583,2022-03-01,대여소별 이용정보 22.3.csv
강북구,도봉4팀,1518. SK telecom(수유직영점) 앞,583,2022-03-01,대여소별 이용정보 22.3.csv
강남구,학여울2팀,2423.영희초교 사거리(래미안개포루체하임),583,2022-03-01,대여소별 이용정보 22.3.csv
강서구,개화2팀,3792. 화곡본동시장 입구,583,2022-03-01,대여소별 이용정보 22.3.csv
중랑구,중랑3팀,1480. 용마지구대 옆,584,2022-03-01,대여소별 이용정보 22.3.csv
성동구,중랑2팀,3553.마장역3번출구,584,2022-03-01,대여소별 이용정보 22.3.csv
동대문구,훈련원4팀,628. 휘봉고등학교 앞,584,2022-03-01,대여소별 이용정보 22.3.csv
중랑구,중랑3팀,1454. 한국전력공사(동대문 중랑지사),584,2022-03-01,대여소별 이용정보 22.3.csv
마포구,상암1팀,4212. 한화오벨리스크 앞,585,2022-03-01,대여소별 이용정보 22.3.csv
마포구,상암1팀,121. 마포소방서 앞,585,2022-03-01,대여소별 이용정보 22.3.csv
강남구,학여울1팀,2372. 대치역 사거리,586,2022-03-01,대여소별 이용정보 22.3.csv
종로구,세종로2팀,4707. 청계3가 사거리,586,2022-03-01,대여소별 이용정보 22.3.csv
강서구,개화1팀,3753. 공항중학교 버스정류장,586,2022-03-01,대여소별 이용정보 22.3.csv
양천구,개화4팀,759. 보아스아파트 앞,587,2022-03-01,대여소별 이용정보 22.3.csv
서초구,이수2팀,4318. 방배역 2번 출구,589,2022-03-01,대여소별 이용정보 22.3.csv
도봉구,도봉3팀,1748. 피자헛 앞(도봉병원 옆),590,2022-03-01,대여소별 이용정보 22.3.csv
서초구,이수3팀,2271. 내방역 8번출구 앞,590,2022-03-01,대여소별 이용정보 22.3.csv
강북구,도봉4팀,3718. 번동 SK LPG 충전소,591,2022-03-01,대여소별 이용정보 22.3.csv
송파구,천호2팀,4856. 올림픽공원 서1문 앞,591,2022-03-01,대여소별 이용정보 22.3.csv
중랑구,중랑3팀,1464.중화역 4번출구,593,2022-03-01,대여소별 이용정보 22.3.csv
중랑구,중랑3팀,1441. 신내능말공원,593,2022-03-01,대여소별 이용정보 22.3.csv
서초구,이수3팀,2542.신논현타워 앞,594,2022-03-01,대여소별 이용정보 22.3.csv
서초구,이수1팀,2263. 바우뫼문화복지회관,594,2022-03-01,대여소별 이용정보 22.3.csv
은평구,상암3팀,900. 은평예술회관,594,2022-03-01,대여소별 이용정보 22.3.csv
관악구,영남2팀,2145. 은천초등학교 육교,595,2022-03-01,대여소별 이용정보 22.3.csv
서초구,이수1팀,2206. 언남초등학교 앞,595,2022-03-01,대여소별 이용정보 22.3.csv
관악구,영남2팀,2185. 대학동 고시촌,595,2022-03-01,대여소별 이용정보 22.3.csv
강동구,천호1팀,1042. 강일리버파크 2~5단지,595,2022-03-01,대여소별 이용정보 22.3.csv
성북구,훈련원2팀,1302. 한성대입구역6번출구 뒤,595,2022-03-01,대여소별 이용정보 22.3.csv
영등포구,영남3팀,299.여의도 순복음교회,595,2022-03-01,대여소별 이용정보 22.3.csv
서대문구,상암2팀,188. 홍은동 정원여중 입구,596,2022-03-01,대여소별 이용정보 22.3.csv
송파구,천호2팀,4458. 가락2동주민센터 인근,597,2022-03-01,대여소별 이용정보 22.3.csv
성북구,훈련원2팀,4419. 성북구 한예종 캠퍼스 본관,597,2022-03-01,대여소별 이용정보 22.3.csv
양천구,개화4팀,4507. 신정제일시장,598,2022-03-01,대여소별 이용정보 22.3.csv
구로구,천왕1팀,1936. 개봉역 1번 출구 자전거보관서쪽,599,2022-03-01,대여소별 이용정보 22.3.csv
강서구,개화1팀,2743.동신아파트 104동 앞,599,2022-03-01,대여소별 이용정보 22.3.csv
동작구,이수2팀,2037. 동작역 5번출구 동작주차공원,600,2022-03-01,대여소별 이용정보 22.3.csv
송파구,학여울2팀,4456. 위례포레샤인 2310동 부근,600,2022-03-01,대여소별 이용정보 22.3.csv
서초구,이수3팀,2277. 길마중4교 하부,601,2022-03-01,대여소별 이용정보 22.3.csv
동대문구,훈련원3팀,667.청량차도 육교 밑,602,2022-03-01,대여소별 이용정보 22.3.csv
서초구,이수3팀,2529.우리은행 방배동지점 앞,604,2022-03-01,대여소별 이용정보 22.3.csv
송파구,학여울2팀,4893. 문정법조단지12,604,2022-03-01,대여소별 이용정보 22.3.csv
서초구,이수1팀,2537.양재역 8번출구 앞,605,2022-03-01,대여소별 이용정보 22.3.csv
성동구,중랑2팀,3558.마장동 금호어울림APT앞,605,2022-03-01,대여소별 이용정보 22.3.csv
강북구,도봉4팀,1526. 수유동 채선당앞,605,2022-03-01,대여소별 이용정보 22.3.csv
양천구,개화4팀,4517. 성보하이드로빌딩,605,2022-03-01,대여소별 이용정보 22.3.csv
양천구,개화4팀,777.신월6차보람아파트 앞,605,2022-03-01,대여소별 이용정보 22.3.csv
동작구,이수2팀,2082.7호선 이수역7번출구,606,2022-03-01,대여소별 이용정보 22.3.csv
강북구,도봉4팀,1519. 세븐일레븐 수유장미원점 앞,606,2022-03-01,대여소별 이용정보 22.3.csv
용산구,세종로3팀,810. 이태원지하보도,607,2022-03-01,대여소별 이용정보 22.3.csv
동작구,영남2팀,2085.강남중학교 앞,607,2022-03-01,대여소별 이용정보 22.3.csv
강서구,개화2팀,5073. 우장산역 헤링턴타워 앞,608,2022-03-01,대여소별 이용정보 22.3.csv
동대문구,훈련원3팀,656. 영휘원 교차로,608,2022-03-01,대여소별 이용정보 22.3.csv
도봉구,도봉3팀,4074. 도봉구육아종합지원센터(창동),608,2022-03-01,대여소별 이용정보 22.3.csv
구로구,천왕1팀,3908. 오류동 다숲오피스텔 앞,609,2022-03-01,대여소별 이용정보 22.3.csv
강남구,학여울2팀,2387. 래미안강남힐즈 사거리,609,2022-03-01,대여소별 이용정보 22.3.csv
송파구,천호2팀,1280. 송파파크데일 2단지입구 앞 주차장,610,2022-03-01,대여소별 이용정보 22.3.csv
은평구,상암3팀,982. 녹번초등학교(서오릉로),610,2022-03-01,대여소별 이용정보 22.3.csv
성북구,훈련원2팀,1343. 한성대7번출구 앞,610,2022-03-01,대여소별 이용정보 22.3.csv
관악구,영남2팀,2174. 삼성디지털프라자관악점,611,2022-03-01,대여소별 이용정보 22.3.csv
강동구,천호1팀,1003. 해공도서관앞,613,2022-03-01,대여소별 이용정보 22.3.csv
동대문구,훈련원3팀,665.이문동 쌍용아파트 정문,613,2022-03-01,대여소별 이용정보 22.3.csv
동대문구,훈련원3팀,4103. 휘경sk뷰아파트 앞,613,2022-03-01,대여소별 이용정보 22.3.csv
서대문구,상암2팀,3123.DMC파크뷰자이1단지 110동 앞,613,2022-03-01,대여소별 이용정보 22.3.csv
서대문구,상암1팀,141. 연대 대운동장 옆,614,2022-03-01,대여소별 이용정보 22.3.csv
강서구,개화3팀,1171. 염창동 새마을금고 건너편,614,2022-03-01,대여소별 이용정보 22.3.csv
송파구,천호2팀,4860. 가락쌍용2차아파트 103동,615,2022-03-01,대여소별 이용정보 22.3.csv
강동구,천호1팀,3689. 강일역 3번출구,615,2022-03-01,대여소별 이용정보 22.3.csv
동대문구,훈련원3팀,666.이문대성유니드아파트 앞,616,2022-03-01,대여소별 이용정보 22.3.csv
광진구,중랑1팀,3853. 어린이대공원역 2번출구,616,2022-03-01,대여소별 이용정보 22.3.csv
강남구,학여울1팀,2373. 개포동역 사거리,617,2022-03-01,대여소별 이용정보 22.3.csv
서초구,이수3팀,2504. 신사역 4번출구 뒤,617,2022-03-01,대여소별 이용정보 22.3.csv
동작구,이수2팀,2095.경문고등학교 앞,618,2022-03-01,대여소별 이용정보 22.3.csv
노원구,도봉1팀,4034. 상계근린공원 운동장 앞,620,2022-03-01,대여소별 이용정보 22.3.csv
송파구,천호2팀,4895. 위례포레샤인15단지 상가,620,2022-03-01,대여소별 이용정보 22.3.csv
마포구,상암1팀,4238. 상암한샘빌딩앞,621,2022-03-01,대여소별 이용정보 22.3.csv
영등포구,영남3팀,4576.보라매sk뷰 108동 앞,621,2022-03-01,대여소별 이용정보 22.3.csv
동작구,영남2팀,2020. 장승배기역2번출구뒷편쪽,621,2022-03-01,대여소별 이용정보 22.3.csv
금천구,천왕3팀,3959. 시흥사거리(시흥동 994-3 앞),621,2022-03-01,대여소별 이용정보 22.3.csv
성동구,중랑2팀,538. 답십리역 8번출구 앞,621,2022-03-01,대여소별 이용정보 22.3.csv
노원구,도봉2팀,1641. 한내근린공원 남측,622,2022-03-01,대여소별 이용정보 22.3.csv
용산구,세종로3팀,813. 삼각지역 3번출구,622,2022-03-01,대여소별 이용정보 22.3.csv
금천구,천왕3팀,1859. 대륭테크노타운 18차,623,2022-03-01,대여소별 이용정보 22.3.csv
용산구,세종로3팀,843. 녹사평역 광장,624,2022-03-01,대여소별 이용정보 22.3.csv
마포구,상암1팀,402. 상암월드컵파크 9단지 앞,624,2022-03-01,대여소별 이용정보 22.3.csv
마포구,상암1팀,407. 마포구 육아종합지원센터,625,2022-03-01,대여소별 이용정보 22.3.csv
강서구,개화1팀,3795. 공항신성빌딩 앞,625,2022-03-01,대여소별 이용정보 22.3.csv
용산구,세종로3팀,4620. 삼각지역 14번 출구 앞(교통섬),626,2022-03-01,대여소별 이용정보 22.3.csv
중구,세종로1팀,391. 시립미술관,626,2022-03-01,대여소별 이용정보 22.3.csv
성동구,중랑2팀,4362. 행당중학교 후문,626,2022-03-01,대여소별 이용정보 22.3.csv
노원구,도봉1팀,1630. 수연빌딩 앞,627,2022-03-01,대여소별 이용정보 22.3.csv
서대문구,상암1팀,135. 명물길 원형무대 앞,629,2022-03-01,대여소별 이용정보 22.3.csv
금천구,천왕2팀,1839. 수출의 다리 아래,629,2022-03-01,대여소별 이용정보 22.3.csv
성동구,중랑2팀,535. 응봉삼거리,629,2022-03-01,대여소별 이용정보 22.3.csv
송파구,천호2팀,1256. 문정현대아파트 교차로,630,2022-03-01,대여소별 이용정보 22.3.csv
강남구,학여울1팀,2325. 대치삼성아파트 앞 교차로,630,2022-03-01,대여소별 이용정보 22.3.csv
마포구,상암1팀,440. 하늘공원 입구,631,2022-03-01,대여소별 이용정보 22.3.csv
서초구,이수3팀,2239.교대역 6번출구,633,2022-03-01,대여소별 이용정보 22.3.csv
강남구,학여울1팀,2364. 도산공원교차로,633,2022-03-01,대여소별 이용정보 22.3.csv
영등포구,영남3팀,4589. KRX한국거래소(1),633,2022-03-01,대여소별 이용정보 22.3.csv
성북구,훈련원2팀,1373. 성북구보건소 건너편,633,2022-03-01,대여소별 이용정보 22.3.csv
금천구,천왕3팀,1846. 롯데캐슬골드파크1차 동문,633,2022-03-01,대여소별 이용정보 22.3.csv
양천구,개화4팀,720. 서울강월초등학교 앞,634,2022-03-01,대여소별 이용정보 22.3.csv
서초구,이수1팀,4303. 매헌역 2번출구앞광역버스 정류장앞(22-297),635,2022-03-01,대여소별 이용정보 22.3.csv
중구,훈련원1팀,430. KEB하나은행 장충동지점,635,2022-03-01,대여소별 이용정보 22.3.csv
중랑구,중랑3팀,1469.먹골역 4번출구,636,2022-03-01,대여소별 이용정보 22.3.csv
동작구,영남2팀,2009. 보라매역 8번출구,637,2022-03-01,대여소별 이용정보 22.3.csv
양천구,개화4팀,782.서남병원 후문,637,2022-03-01,대여소별 이용정보 22.3.csv
도봉구,도봉3팀,4078. 원당공원 앞,638,2022-03-01,대여소별 이용정보 22.3.csv
동작구,영남2팀,2066. 양문교회 앞,638,2022-03-01,대여소별 이용정보 22.3.csv
중구,세종로2팀,331. 을지로2가 사거리 북측,638,2022-03-01,대여소별 이용정보 22.3.csv
강북구,도봉4팀,1553.예수그리스도후기성도교회 앞,639,2022-03-01,대여소별 이용정보 22.3.csv
관악구,이수2팀,3815. 광일빌딩,640,2022-03-01,대여소별 이용정보 22.3.csv
동대문구,훈련원3팀,647. 신이문역 1번출구,640,2022-03-01,대여소별 이용정보 22.3.csv
용산구,세종로3팀,811. 녹사평역1번출구,643,2022-03-01,대여소별 이용정보 22.3.csv
강북구,도봉4팀,1554.번동사거리,643,2022-03-01,대여소별 이용정보 22.3.csv
강동구,천호1팀,1033. 고덕동 아남아파트,644,2022-03-01,대여소별 이용정보 22.3.csv
관악구,이수2팀,3816. 관악 GSfresh,645,2022-03-01,대여소별 이용정보 22.3.csv
성동구,중랑2팀,520. 상왕십리역 4번 출구 앞,646,2022-03-01,대여소별 이용정보 22.3.csv
서대문구,상암1팀,4267. 서대문역 2번 출구,646,2022-03-01,대여소별 이용정보 22.3.csv
영등포구,영남3팀,260. 여의도 마리나선착장 앞,646,2022-03-01,대여소별 이용정보 22.3.csv
마포구,상암1팀,129. 신촌역(2호선) 6번출구 옆,647,2022-03-01,대여소별 이용정보 22.3.csv
강남구,학여울2팀,2411. 세곡동 성당,647,2022-03-01,대여소별 이용정보 22.3.csv
송파구,천호2팀,1207. 마천중앙시장,647,2022-03-01,대여소별 이용정보 22.3.csv
금천구,천왕3팀,3956. 대륭테크노타운21차 앞,649,2022-03-01,대여소별 이용정보 22.3.csv
용산구,세종로 4팀,828. 숙대입구역 8번,650,2022-03-01,대여소별 이용정보 22.3.csv
강서구,개화1팀,1178. 개화산역 2번 출구,650,2022-03-01,대여소별 이용정보 22.3.csv
서초구,이수3팀,2528.함지박 사거리,651,2022-03-01,대여소별 이용정보 22.3.csv
동작구,이수2팀,2034. 사당역 7번출구쪽,652,2022-03-01,대여소별 이용정보 22.3.csv
금천구,천왕3팀,1833. 독산역 1번출구 앞 자전거보관소,652,2022-03-01,대여소별 이용정보 22.3.csv
송파구,천호2팀,4499. 세양청마루 101동 앞,653,2022-03-01,대여소별 이용정보 22.3.csv
강서구,개화2팀,"5056. 마곡역4,5번출구",654,2022-03-01,대여소별 이용정보 22.3.csv
도봉구,도봉3팀,1752. 창동 주공 4단지 입구 옆,654,2022-03-01,대여소별 이용정보 22.3.csv
동작구,이수2팀,2086.삼일수영장 앞,655,2022-03-01,대여소별 이용정보 22.3.csv
용산구,세종로3팀,4629. 한강초교보도육교 앞,655,2022-03-01,대여소별 이용정보 22.3.csv
강서구,개화4팀,1145. 곰달래 문화복지센터 1-2,655,2022-03-01,대여소별 이용정보 22.3.csv
관악구,영남2팀,2178. 서울대학교 정문,656,2022-03-01,대여소별 이용정보 22.3.csv
광진구,중랑1팀,3516. 구의아리수정수센터앞,656,2022-03-01,대여소별 이용정보 22.3.csv
양천구,개화4팀,750. 연의근린공원 건너편,656,2022-03-01,대여소별 이용정보 22.3.csv
서초구,이수2팀,2511. 이수역 6번출구 앞,657,2022-03-01,대여소별 이용정보 22.3.csv
성북구,훈련원2팀,1346. 길음8골어린이공원 옆,658,2022-03-01,대여소별 이용정보 22.3.csv
서초구,이수3팀,2524.반포쇼핑타운 8동 앞,659,2022-03-01,대여소별 이용정보 22.3.csv
은평구,상암2팀,948. 디지털미디어 시티역 4번출구(DMC역),660,2022-03-01,대여소별 이용정보 22.3.csv
광진구,중랑1팀,3886.광진구 민방위교육센터,661,2022-03-01,대여소별 이용정보 22.3.csv
은평구,상암3팀,919. 서울혁신파크,661,2022-03-01,대여소별 이용정보 22.3.csv
노원구,도봉2팀,1671. 인덕대학교,661,2022-03-01,대여소별 이용정보 22.3.csv
양천구,개화4팀,706. 신정네거리역,661,2022-03-01,대여소별 이용정보 22.3.csv
성동구,중랑2팀,586. 마장동 주민센터,662,2022-03-01,대여소별 이용정보 22.3.csv
중구,훈련원1팀,4793. 동대문역사문화공원역 5번출구,662,2022-03-01,대여소별 이용정보 22.3.csv
성북구,훈련원2팀,1395.래미안장위포레카운티(102동),662,2022-03-01,대여소별 이용정보 22.3.csv
송파구,천호2팀,4469. 거여동 어울림아파트 102동앞,662,2022-03-01,대여소별 이용정보 22.3.csv
동작구,영남2팀,2012. 대림사거리(동작상떼빌아파트),664,2022-03-01,대여소별 이용정보 22.3.csv
양천구,개화4팀,737. 장수공원,664,2022-03-01,대여소별 이용정보 22.3.csv
영등포구,영남3팀,251. 서울지방병무청 버스정류장,664,2022-03-01,대여소별 이용정보 22.3.csv
마포구,상암1팀,150. 서강대역 2번출구 앞,665,2022-03-01,대여소별 이용정보 22.3.csv
강남구,학여울1팀,2405. 청담공원앞 교차로,666,2022-03-01,대여소별 이용정보 22.3.csv
종로구,세종로1팀,450. 효자동 삼거리,667,2022-03-01,대여소별 이용정보 22.3.csv
강남구,학여울2팀,2375. 수서역 1번출구 앞,667,2022-03-01,대여소별 이용정보 22.3.csv
종로구,세종로1팀,349. 사직동주민센터,668,2022-03-01,대여소별 이용정보 22.3.csv
성북구,훈련원2팀,1349. 월계2교 버스정류장 앞,669,2022-03-01,대여소별 이용정보 22.3.csv
동작구,이수2팀,2089.사당역10번출구(금강빌딩),669,2022-03-01,대여소별 이용정보 22.3.csv
은평구,상암3팀,963. 대호프라자아파트,669,2022-03-01,대여소별 이용정보 22.3.csv
구로구,천왕1팀,1928. 고척스카이돔구장 광장,669,2022-03-01,대여소별 이용정보 22.3.csv
강남구,학여울1팀,2317. 삼성도로공원,669,2022-03-01,대여소별 이용정보 22.3.csv
용산구,세종로 4팀,852.청암자이APT(103동),670,2022-03-01,대여소별 이용정보 22.3.csv
강남구,학여울1팀,2315. 봉은사역 5번출구 옆,670,2022-03-01,대여소별 이용정보 22.3.csv
마포구,상암1팀,156. 서울서부지방법원 앞,670,2022-03-01,대여소별 이용정보 22.3.csv
도봉구,도봉3팀,1750. 창포원 남쪽 입구,671,2022-03-01,대여소별 이용정보 22.3.csv
광진구,중랑1팀,3508. 화양사거리,671,2022-03-01,대여소별 이용정보 22.3.csv
관악구,영남2팀,3818. 은천교회 앞,672,2022-03-01,대여소별 이용정보 22.3.csv
은평구,상암2팀,4677. 백련산 SK뷰 아이파크 해모로 아파트 앞,672,2022-03-01,대여소별 이용정보 22.3.csv
동대문구,훈련원4팀,604. 답십리초등학교 옆 공원,673,2022-03-01,대여소별 이용정보 22.3.csv
서대문구,상암1팀,140. 이화여대 후문,673,2022-03-01,대여소별 이용정보 22.3.csv
강남구,학여울1팀,2365. K+ 타워 앞,673,2022-03-01,대여소별 이용정보 22.3.csv
노원구,도봉2팀,4023. 월계역 1번 출구,674,2022-03-01,대여소별 이용정보 22.3.csv
관악구,영남2팀,3803. 남서울중학교,674,2022-03-01,대여소별 이용정보 22.3.csv
강남구,학여울1팀,2328. 르네상스 호텔 사거리 역삼지하보도 7번출구 앞,675,2022-03-01,대여소별 이용정보 22.3.csv
서대문구,상암2팀,167. 연가초등학교 옆,675,2022-03-01,대여소별 이용정보 22.3.csv
동대문구,훈련원3팀,640. 청량리역 2번출구,676,2022-03-01,대여소별 이용정보 22.3.csv
서대문구,상암1팀,198. 충정2교,677,2022-03-01,대여소별 이용정보 22.3.csv
광진구,중랑1팀,3505. 신양초교앞 교차로,677,2022-03-01,대여소별 이용정보 22.3.csv
성북구,훈련원2팀,1364. 성북동 치안센터 앞,680,2022-03-01,대여소별 이용정보 22.3.csv
강서구,개화1팀,3793. 더리브골드타워,680,2022-03-01,대여소별 이용정보 22.3.csv
서초구,이수3팀,2213. 고속터미널역 5번출구 앞,680,2022-03-01,대여소별 이용정보 22.3.csv
성동구,중랑2팀,4370. 서울숲IT캐슬 앞,681,2022-03-01,대여소별 이용정보 22.3.csv
마포구,상암1팀,118. 광흥창역 2번출구 앞,681,2022-03-01,대여소별 이용정보 22.3.csv
성동구,중랑2팀,3525. 금호스포츠센터앞,683,2022-03-01,대여소별 이용정보 22.3.csv
종로구,훈련원1팀,3412.세운상가,683,2022-03-01,대여소별 이용정보 22.3.csv
강서구,개화2팀,1187. 강서수산물도매시장,683,2022-03-01,대여소별 이용정보 22.3.csv
중랑구,중랑3팀,1474.서울중랑우체국,683,2022-03-01,대여소별 이용정보 22.3.csv
중구,세종로2팀,332. 을지로2가 사거리 남측,683,2022-03-01,대여소별 이용정보 22.3.csv
영등포구,영남3팀,4563. 여의도 은하아파트,684,2022-03-01,대여소별 이용정보 22.3.csv
서대문구,상암2팀,3101. 서대문구청,684,2022-03-01,대여소별 이용정보 22.3.csv
동대문구,훈련원4팀,664. 서울시립대 건설공학관,684,2022-03-01,대여소별 이용정보 22.3.csv
송파구,학여울2팀,2657.송파 파인타운 11단지,684,2022-03-01,대여소별 이용정보 22.3.csv
강서구,개화2팀,5059. 화곡2동주민센터,685,2022-03-01,대여소별 이용정보 22.3.csv
양천구,개화4팀,725. 양강중학교앞 교차로,685,2022-03-01,대여소별 이용정보 22.3.csv
강남구,이수3팀,2409. 역삼동 디오슈페리움 (우성아파트 사거리),685,2022-03-01,대여소별 이용정보 22.3.csv
관악구,이수2팀,3311.서울대입구역 4번 출구,686,2022-03-01,대여소별 이용정보 22.3.csv
용산구,세종로3팀,864.순천향대학병원(한남오거리),687,2022-03-01,대여소별 이용정보 22.3.csv
은평구,상암3팀,904. 은평뉴타운 푸르지오,687,2022-03-01,대여소별 이용정보 22.3.csv
노원구,도봉1팀,1659. 중계동 을지중학교,687,2022-03-01,대여소별 이용정보 22.3.csv
중랑구,중랑3팀,4837. 양원지구 힐데스하임 앞,687,2022-03-01,대여소별 이용정보 22.3.csv
성동구,중랑2팀,3545.한양대역 1번출구,687,2022-03-01,대여소별 이용정보 22.3.csv
강북구,도봉4팀,1527. 미아역 1번 출구 뒤,687,2022-03-01,대여소별 이용정보 22.3.csv
노원구,도봉2팀,4039. 서울시 북부여성발전센터,687,2022-03-01,대여소별 이용정보 22.3.csv
동작구,영남2팀,4171. 우성아파트 앞,688,2022-03-01,대여소별 이용정보 22.3.csv
구로구,천왕1팀,1981. 천왕이펜하우스5단지 앞,690,2022-03-01,대여소별 이용정보 22.3.csv
금천구,천왕3팀,1805. 서울디지털운동장 앞,690,2022-03-01,대여소별 이용정보 22.3.csv
양천구,천왕1팀,4528. 양천구청역 1번출구,691,2022-03-01,대여소별 이용정보 22.3.csv
성북구,훈련원2팀,1339. 삼성전자서비스 성북센터,692,2022-03-01,대여소별 이용정보 22.3.csv
은평구,상암2팀,985. 은평세무서 버스정류장(은평구청 방면),692,2022-03-01,대여소별 이용정보 22.3.csv
관악구,영남2팀,2156. 신림푸르지오아파트,693,2022-03-01,대여소별 이용정보 22.3.csv
도봉구,도봉3팀,1746. 다이소방학점 앞,693,2022-03-01,대여소별 이용정보 22.3.csv
영등포구,영남3팀,4569. 힐스테이트클래시안아파트,693,2022-03-01,대여소별 이용정보 22.3.csv
강북구,도봉4팀,1536. 번동 두산위브 101동 옆,693,2022-03-01,대여소별 이용정보 22.3.csv
강서구,개화2팀,3786. 강서힐스테이트 상가 앞,694,2022-03-01,대여소별 이용정보 22.3.csv
도봉구,도봉3팀,1743.창동19단지아파트 관리사무소앞,695,2022-03-01,대여소별 이용정보 22.3.csv
금천구,천왕2팀,1840. 솔브레인이엔지 뒤편,696,2022-03-01,대여소별 이용정보 22.3.csv
강북구,도봉4팀,3707. 드래곤타워 앞,696,2022-03-01,대여소별 이용정보 22.3.csv
강서구,개화3팀,2703.서울도시가스 앞,697,2022-03-01,대여소별 이용정보 22.3.csv
광진구,중랑1팀,3873. 동서울우편집중국 앞,697,2022-03-01,대여소별 이용정보 22.3.csv
서대문구,상암1팀,3104. e편한세상 신촌4단지 앞,697,2022-03-01,대여소별 이용정보 22.3.csv
양천구,개화4팀,4520. 대성유니드아파트,697,2022-03-01,대여소별 이용정보 22.3.csv
송파구,천호2팀,1288. 문정중교 사거리,698,2022-03-01,대여소별 이용정보 22.3.csv
서대문구,상암2팀,4264. 홍남교 버스정류장,699,2022-03-01,대여소별 이용정보 22.3.csv
양천구,영남1팀,4512. 목동13_14단지 사거리,699,2022-03-01,대여소별 이용정보 22.3.csv
양천구,개화4팀,740. 으뜸공원,699,2022-03-01,대여소별 이용정보 22.3.csv
광진구,중랑1팀,544. 광남중학교,700,2022-03-01,대여소별 이용정보 22.3.csv
성동구,중랑2팀,4383. 푸조비즈타워 앞,700,2022-03-01,대여소별 이용정보 22.3.csv
중랑구,중랑3팀,4824. 상봉신협 앞,700,2022-03-01,대여소별 이용정보 22.3.csv
중랑구,중랑3팀,4808. 신내2동 주민센터 앞,700,2022-03-01,대여소별 이용정보 22.3.csv
강남구,이수1팀,"2359. 국립국악중,고교 정문 맞은편",700,2022-03-01,대여소별 이용정보 22.3.csv
용산구,세종로 4팀,806. 전자랜드 본관 앞,701,2022-03-01,대여소별 이용정보 22.3.csv
중구,세종로2팀,472.삼일교(시그니쳐 타워),701,2022-03-01,대여소별 이용정보 22.3.csv
구로구,천왕1팀,1930. 개봉지구대 개봉치안센터,701,2022-03-01,대여소별 이용정보 22.3.csv
서대문구,상암1팀,3115.북아현 치안센터 인근,701,2022-03-01,대여소별 이용정보 22.3.csv
서초구,이수3팀,2523.뉴코아 킴스클럽 앞,702,2022-03-01,대여소별 이용정보 22.3.csv
도봉구,도봉3팀,1754. 창동시장입구 사거리,702,2022-03-01,대여소별 이용정보 22.3.csv
강남구,학여울1팀,2429.압구정로데오역 6번출구,703,2022-03-01,대여소별 이용정보 22.3.csv
노원구,도봉1팀,4014. 당고개역 3번 출구,703,2022-03-01,대여소별 이용정보 22.3.csv
중구,세종로2팀,318. 광교사거리 남측,704,2022-03-01,대여소별 이용정보 22.3.csv
성북구,훈련원2팀,1303. 돈암초교 입구,704,2022-03-01,대여소별 이용정보 22.3.csv
영등포구,영남1팀,4588.양남사거리2,705,2022-03-01,대여소별 이용정보 22.3.csv
서초구,이수3팀,2259. 잠원역 3번-4번 출구사이,706,2022-03-01,대여소별 이용정보 22.3.csv
서초구,이수3팀,2515.서초초등학교 후문,706,2022-03-01,대여소별 이용정보 22.3.csv
광진구,중랑1팀,3529. 어린이대공원정문,707,2022-03-01,대여소별 이용정보 22.3.csv
성동구,중랑2팀,4367. kt 행당빌딩 앞,708,2022-03-01,대여소별 이용정보 22.3.csv
성북구,훈련원2팀,1388. 돈암초교입구 버스정류장(한성대입구역 방면),708,2022-03-01,대여소별 이용정보 22.3.csv
용산구,세종로 4팀,836. 현대자동차서비스 앞,709,2022-03-01,대여소별 이용정보 22.3.csv
동대문구,훈련원3팀,4110. 용두롯데캐슬리치아파트 앞,709,2022-03-01,대여소별 이용정보 22.3.csv
송파구,천호2팀,1253. 오금역 3번 출구 뒤,709,2022-03-01,대여소별 이용정보 22.3.csv
송파구,천호2팀,2627.문정시영아파트 5동 앞 공원,709,2022-03-01,대여소별 이용정보 22.3.csv
중랑구,중랑3팀,1408. 먹골역 6번출구 앞,710,2022-03-01,대여소별 이용정보 22.3.csv
송파구,학여울2팀,2631.배명고등학교,710,2022-03-01,대여소별 이용정보 22.3.csv
은평구,상암2팀,4659. 신진과학기술고등학교 버스정류장(응암시장 방면),710,2022-03-01,대여소별 이용정보 22.3.csv
강남구,학여울1팀,2308. 압구정파출소 앞,711,2022-03-01,대여소별 이용정보 22.3.csv
노원구,도봉1팀,4032. 은행사거리 성모빌딩 앞,711,2022-03-01,대여소별 이용정보 22.3.csv
마포구,상암1팀,3008.DMC역7번출구,711,2022-03-01,대여소별 이용정보 22.3.csv
구로구,천왕1팀,1965. 삼환로즈빌아파트 105동 옆,713,2022-03-01,대여소별 이용정보 22.3.csv
성북구,훈련원2팀,4414. 안암역 3번 출구,713,2022-03-01,대여소별 이용정보 22.3.csv
용산구,세종로3팀,809. 한남 유수지 복개주차장,713,2022-03-01,대여소별 이용정보 22.3.csv
성동구,중랑2팀,536. 행당역 2번출구 앞,714,2022-03-01,대여소별 이용정보 22.3.csv
강서구,개화3팀,5065. 허준박물관삼거리,714,2022-03-01,대여소별 이용정보 22.3.csv
도봉구,도봉3팀,1715. 서울특별시교육청도봉도서관,714,2022-03-01,대여소별 이용정보 22.3.csv
서초구,이수1팀,2242.양재역 11번 출구 앞,715,2022-03-01,대여소별 이용정보 22.3.csv
동작구,이수2팀,2091. 이수역9번출구,715,2022-03-01,대여소별 이용정보 22.3.csv
구로구,천왕2팀,3919. 구로역·NC신구로점 버스정류장(구로역 방면),716,2022-03-01,대여소별 이용정보 22.3.csv
서초구,이수1팀,2245.양재초등학교 맞은편,717,2022-03-01,대여소별 이용정보 22.3.csv
은평구,상암2팀,4674. 녹번역e편한세상 캐슬 정문 앞,718,2022-03-01,대여소별 이용정보 22.3.csv
광진구,중랑1팀,515. 광양중학교 앞,719,2022-03-01,대여소별 이용정보 22.3.csv
강서구,개화1팀,1159. 서서울모터리움 앞,720,2022-03-01,대여소별 이용정보 22.3.csv
도봉구,도봉3팀,1775.신원리베르텔 앞,720,2022-03-01,대여소별 이용정보 22.3.csv
노원구,도봉1팀,1654. 당고개입구 오거리,721,2022-03-01,대여소별 이용정보 22.3.csv
중구,세종로1팀,4797. KG타워 앞,721,2022-03-01,대여소별 이용정보 22.3.csv
중랑구,중랑3팀,1411. 상봉시장앞 교차로 한성빌딩 앞,721,2022-03-01,대여소별 이용정보 22.3.csv
영등포구,영남3팀,5851. 도림천 건널목 위,721,2022-03-01,대여소별 이용정보 22.3.csv
관악구,영남2팀,3812. KT관악지점,723,2022-03-01,대여소별 이용정보 22.3.csv
서대문구,상암1팀,115. 마스타 빌딩 앞,723,2022-03-01,대여소별 이용정보 22.3.csv
마포구,상암1팀,488.푸르메병원,723,2022-03-01,대여소별 이용정보 22.3.csv
서대문구,상암1팀,138. 신촌동 제1공영주차장 앞,725,2022-03-01,대여소별 이용정보 22.3.csv
영등포구,영남3팀,242. 신길선원가와인아파트 앞,725,2022-03-01,대여소별 이용정보 22.3.csv
중랑구,중랑3팀,1429. 장안중학교,727,2022-03-01,대여소별 이용정보 22.3.csv
송파구,학여울2팀,4467. 한림연예예술고등학교,727,2022-03-01,대여소별 이용정보 22.3.csv
동대문구,훈련원4팀,4123. 배봉초교 교차로,727,2022-03-01,대여소별 이용정보 22.3.csv
종로구,훈련원1팀,3411.종묘,728,2022-03-01,대여소별 이용정보 22.3.csv
종로구,훈련원1팀,3423.현대그룹(본사),729,2022-03-01,대여소별 이용정보 22.3.csv
강남구,학여울2팀,2420.학여울역 사거리(LG베스트샵 앞),729,2022-03-01,대여소별 이용정보 22.3.csv
영등포구,영남3팀,3204.도림고가도로 밑,734,2022-03-01,대여소별 이용정보 22.3.csv
영등포구,영남3팀,281. 신동아아파트 앞,734,2022-03-01,대여소별 이용정보 22.3.csv
양천구,개화3팀,4526. 목동아파트2단지 222동 앞,735,2022-03-01,대여소별 이용정보 22.3.csv
강남구,학여울1팀,3628. 역삼1동 주민센터,735,2022-03-01,대여소별 이용정보 22.3.csv
강북구,도봉4팀,1564.4.19민주묘지역 1번출구,737,2022-03-01,대여소별 이용정보 22.3.csv
구로구,천왕2팀,1913. 구로리공원,738,2022-03-01,대여소별 이용정보 22.3.csv
관악구,영남2팀,2195.은천교회,739,2022-03-01,대여소별 이용정보 22.3.csv
강서구,개화1팀,1109. 공항시장역 4번출구,739,2022-03-01,대여소별 이용정보 22.3.csv
관악구,이수2팀,2116. 에이스에이존빌딩,740,2022-03-01,대여소별 이용정보 22.3.csv
동대문구,훈련원3팀,601. 용신동주민센터,740,2022-03-01,대여소별 이용정보 22.3.csv
송파구,천호2팀,1229. 송파체육문화회관 앞,740,2022-03-01,대여소별 이용정보 22.3.csv
마포구,상암1팀,403. 부엉이공원 앞,741,2022-03-01,대여소별 이용정보 22.3.csv
은평구,상암3팀,962. 은평뉴타운 힐데스하임,742,2022-03-01,대여소별 이용정보 22.3.csv
영등포구,영남1팀,4560. 양평동성원아파트,742,2022-03-01,대여소별 이용정보 22.3.csv
은평구,상암2팀,958. 본 서부병원 버스정류장(은평 세무서 방면),742,2022-03-01,대여소별 이용정보 22.3.csv
강북구,도봉4팀,1540. 가오리역,743,2022-03-01,대여소별 이용정보 22.3.csv
영등포구,영남3팀,235. 신길동 우리은행 옆,746,2022-03-01,대여소별 이용정보 22.3.csv
강남구,학여울2팀,2408. 강남한양수자인아파트,746,2022-03-01,대여소별 이용정보 22.3.csv
은평구,상암2팀,930. 구 서부경찰서 건너편,746,2022-03-01,대여소별 이용정보 22.3.csv
중구,훈련원1팀,336. 티마크 호텔 앞,746,2022-03-01,대여소별 이용정보 22.3.csv
서초구,이수1팀,2251. 더케이호텔 입구(양재2),748,2022-03-01,대여소별 이용정보 22.3.csv
강동구,천호1팀,1030. 미호 플랜트 앞,748,2022-03-01,대여소별 이용정보 22.3.csv
금천구,천왕3팀,1856. 모두의학교,750,2022-03-01,대여소별 이용정보 22.3.csv
강남구,학여울1팀,3614. 은마아파트 입구 사거리,750,2022-03-01,대여소별 이용정보 22.3.csv
강북구,도봉4팀,1520. 성실교회,750,2022-03-01,대여소별 이용정보 22.3.csv
성동구,중랑2팀,4373. 서울숲 지식산업센터,751,2022-03-01,대여소별 이용정보 22.3.csv
마포구,상암1팀,145. 공덕역 5번출구,751,2022-03-01,대여소별 이용정보 22.3.csv
중구,훈련원1팀,476.광희문,752,2022-03-01,대여소별 이용정보 22.3.csv
마포구,상암1팀,4214. JTBC 앞,752,2022-03-01,대여소별 이용정보 22.3.csv
강동구,천호1팀,1085.래미안 솔베뉴(고덕로),752,2022-03-01,대여소별 이용정보 22.3.csv
서대문구,상암2팀,195. 모래내고가차도,754,2022-03-01,대여소별 이용정보 22.3.csv
도봉구,도봉3팀,1716. 하나로마트 창동점,755,2022-03-01,대여소별 이용정보 22.3.csv
서대문구,상암2팀,3131.연가교 교차로,755,2022-03-01,대여소별 이용정보 22.3.csv
송파구,학여울2팀,1247. 문정 법조단지11,756,2022-03-01,대여소별 이용정보 22.3.csv
도봉구,도봉3팀,1729. 파리바게트앞,757,2022-03-01,대여소별 이용정보 22.3.csv
종로구,세종로1팀,3405.파크팰리스,758,2022-03-01,대여소별 이용정보 22.3.csv
서대문구,상암1팀,3116.신촌역 4번출구,758,2022-03-01,대여소별 이용정보 22.3.csv
강서구,개화4팀,2712.화곡터널입구교차로,758,2022-03-01,대여소별 이용정보 22.3.csv
서초구,이수3팀,2266. 서초역 3번출구,758,2022-03-01,대여소별 이용정보 22.3.csv
마포구,상암1팀,4208. 스타벅스(동교동) 앞,762,2022-03-01,대여소별 이용정보 22.3.csv
서대문구,상암2팀,170. DMC파크뷰자이아파트 302동 앞,763,2022-03-01,대여소별 이용정보 22.3.csv
성북구,훈련원2팀,4406. 장곡초등학교 앞,763,2022-03-01,대여소별 이용정보 22.3.csv
강서구,개화3팀,2709.강변아파트 310동 앞,764,2022-03-01,대여소별 이용정보 22.3.csv
도봉구,도봉3팀,1726. 삼익세라믹아파트교차로,765,2022-03-01,대여소별 이용정보 22.3.csv
광진구,중랑1팀,3523. 건국대학교 과학관(이과대) 앞,765,2022-03-01,대여소별 이용정보 22.3.csv
영등포구,영남1팀,4552. 코레일유통본사,765,2022-03-01,대여소별 이용정보 22.3.csv
구로구,천왕1팀,1929. 고척근린공원 고척도서관 앞,767,2022-03-01,대여소별 이용정보 22.3.csv
마포구,상암1팀,401. 상암월드컵파크 10단지 앞,767,2022-03-01,대여소별 이용정보 22.3.csv
종로구,세종로1팀,394. 경희궁 자이 3단지,767,2022-03-01,대여소별 이용정보 22.3.csv
은평구,상암3팀,949. 연신내역 1번 출구,768,2022-03-01,대여소별 이용정보 22.3.csv
성북구,훈련원2팀,1326. 상월곡역 1번출구,768,2022-03-01,대여소별 이용정보 22.3.csv
노원구,도봉1팀,1627. 수락산역 4번출구,769,2022-03-01,대여소별 이용정보 22.3.csv
서초구,이수3팀,2538.사평리 공원,769,2022-03-01,대여소별 이용정보 22.3.csv
중구,세종로 4팀,4794. 서울역 서부교차로(3),769,2022-03-01,대여소별 이용정보 22.3.csv
중구,세종로 4팀,379. 서울역9번출구,769,2022-03-01,대여소별 이용정보 22.3.csv
노원구,도봉2팀,4048. 신도1차아파트앞,771,2022-03-01,대여소별 이용정보 22.3.csv
성북구,훈련원2팀,1344. 아리랑시네센터 앞,771,2022-03-01,대여소별 이용정보 22.3.csv
강동구,천호1팀,1074.대명초교입구 사거리,772,2022-03-01,대여소별 이용정보 22.3.csv
구로구,천왕2팀,1994. 삼성전자 물류센터 앞,773,2022-03-01,대여소별 이용정보 22.3.csv
송파구,천호2팀,1267. 올림픽공원 남2문 앞,773,2022-03-01,대여소별 이용정보 22.3.csv
서초구,이수1팀,2276. 영동1교 (양재천근린공원),773,2022-03-01,대여소별 이용정보 22.3.csv
도봉구,도봉3팀,1734. 쌍문현대1차아파트 108동 앞,773,2022-03-01,대여소별 이용정보 22.3.csv
성북구,훈련원2팀,1361. 홍익중고 입구,773,2022-03-01,대여소별 이용정보 22.3.csv
마포구,상암1팀,416. 상암월드컵파크 1단지 교차로,776,2022-03-01,대여소별 이용정보 22.3.csv
금천구,천왕3팀,1808. 에이스하이엔드타워8차 앞,776,2022-03-01,대여소별 이용정보 22.3.csv
서초구,이수3팀,2237.서울남부터미널 대합실 입구,776,2022-03-01,대여소별 이용정보 22.3.csv
영등포구,영남3팀,4590. KRX한국거래소(2),777,2022-03-01,대여소별 이용정보 22.3.csv
강동구,천호1팀,3683. KT&G강동지사,777,2022-03-01,대여소별 이용정보 22.3.csv
노원구,도봉2팀,2902.공릉풍림아파트 108동,778,2022-03-01,대여소별 이용정보 22.3.csv
강서구,개화2팀,2731.명덕고교,778,2022-03-01,대여소별 이용정보 22.3.csv
서대문구,상암1팀,134. 연세로 명물길,779,2022-03-01,대여소별 이용정보 22.3.csv
강남구,학여울1팀,2324. 천주교 대치 2동 교회 옆,782,2022-03-01,대여소별 이용정보 22.3.csv
노원구,도봉2팀,1642. 서울여대 남문,782,2022-03-01,대여소별 이용정보 22.3.csv
서초구,이수1팀,2273. 일동제약 사거리,783,2022-03-01,대여소별 이용정보 22.3.csv
서초구,이수3팀,2540.반포천 앞,784,2022-03-01,대여소별 이용정보 22.3.csv
영등포구,영남1팀,4600. 영등포구 총괄 우체국,785,2022-03-01,대여소별 이용정보 22.3.csv
서대문구,상암2팀,191. 서우빌딩,785,2022-03-01,대여소별 이용정보 22.3.csv
중구,세종로2팀,321. KEB 하나금융그룹 명동사옥 옆,786,2022-03-01,대여소별 이용정보 22.3.csv
양천구,개화3팀,774.등촌역 4번 출구,788,2022-03-01,대여소별 이용정보 22.3.csv
양천구,개화4팀,4510. 신정네거리역 교차로,788,2022-03-01,대여소별 이용정보 22.3.csv
구로구,천왕1팀,1937. 한진아파트 입구,789,2022-03-01,대여소별 이용정보 22.3.csv
마포구,상암1팀,437. 대흥역 1번출구,789,2022-03-01,대여소별 이용정보 22.3.csv
구로구,천왕2팀,2823.중앙유통단지 앞,790,2022-03-01,대여소별 이용정보 22.3.csv
영등포구,영남3팀,4558. 대영중고 후문,791,2022-03-01,대여소별 이용정보 22.3.csv
송파구,천호2팀,2652.송파 레미니스1단지 102동 앞,792,2022-03-01,대여소별 이용정보 22.3.csv
금천구,천왕3팀,1814. 두산위브아파트 옆 상가건물 앞,792,2022-03-01,대여소별 이용정보 22.3.csv
강서구,개화1팀,3783. 마곡금호어울림아파트,793,2022-03-01,대여소별 이용정보 22.3.csv
성북구,훈련원2팀,1368. 성신여대입구 교차로,793,2022-03-01,대여소별 이용정보 22.3.csv
서대문구,상암2팀,3103. 홍제삼거리 북측,793,2022-03-01,대여소별 이용정보 22.3.csv
노원구,도봉1팀,1651. 상계동 우방유쉘아파트 앞,794,2022-03-01,대여소별 이용정보 22.3.csv
서초구,이수3팀,2503. 반포1동 서초빌딩 앞,794,2022-03-01,대여소별 이용정보 22.3.csv
강남구,학여울1팀,2369. KT선릉타워,798,2022-03-01,대여소별 이용정보 22.3.csv
서초구,이수3팀,2531.멤피스아파트 앞,798,2022-03-01,대여소별 이용정보 22.3.csv
송파구,학여울2팀,1233. 잠실3거리(갤러리아팰리스),798,2022-03-01,대여소별 이용정보 22.3.csv
중구,세종로2팀,4778. 대신파이낸스센터,799,2022-03-01,대여소별 이용정보 22.3.csv
중랑구,중랑3팀,"4809. 동성1,2차 아파트 앞",799,2022-03-01,대여소별 이용정보 22.3.csv
강서구,개화1팀,5063. 서남환경공원(방화동도시개발2단지방향),799,2022-03-01,대여소별 이용정보 22.3.csv
마포구,상암1팀,495.염리초등학교 앞,799,2022-03-01,대여소별 이용정보 22.3.csv
영등포구,영남3팀,4566. 대림성원상떼빌아파트,800,2022-03-01,대여소별 이용정보 22.3.csv
강동구,천호1팀,1060. 천일초교 사거리,800,2022-03-01,대여소별 이용정보 22.3.csv
광진구,중랑1팀,3882. 자양2동 주민센터,801,2022-03-01,대여소별 이용정보 22.3.csv
양천구,개화4팀,709. 신정3동 현장민원실 앞,801,2022-03-01,대여소별 이용정보 22.3.csv
마포구,상암1팀,408. LG CNS앞,801,2022-03-01,대여소별 이용정보 22.3.csv
송파구,천호2팀,4478. 문정근린공원2,801,2022-03-01,대여소별 이용정보 22.3.csv
송파구,천호2팀,4873. 개롱역사거리 2번 출구,802,2022-03-01,대여소별 이용정보 22.3.csv
중구,세종로 4팀,485.서울역5번출구,804,2022-03-01,대여소별 이용정보 22.3.csv
구로구,천왕1팀,1953. 천왕역 4번출구 뒤,804,2022-03-01,대여소별 이용정보 22.3.csv
송파구,천호2팀,4867. 가락대림아파트 앞,805,2022-03-01,대여소별 이용정보 22.3.csv
구로구,천왕2팀,1960. 구로거리공원 동측(신도림역 방면),806,2022-03-01,대여소별 이용정보 22.3.csv
동작구,이수2팀,2077.노들역 3번출구,806,2022-03-01,대여소별 이용정보 22.3.csv
영등포구,영남1팀,239. 유스호스텔 앞,808,2022-03-01,대여소별 이용정보 22.3.csv
중랑구,중랑3팀,1470.중화동 우리은행 앞,809,2022-03-01,대여소별 이용정보 22.3.csv
노원구,도봉1팀,4005. 중계2차 한화꿈에그린 101동 인근,809,2022-03-01,대여소별 이용정보 22.3.csv
동대문구,훈련원3팀,672.대광고등학교,809,2022-03-01,대여소별 이용정보 22.3.csv
중랑구,중랑3팀,1402. 금란주차장 앞,810,2022-03-01,대여소별 이용정보 22.3.csv
성북구,훈련원2팀,1334. 석관동주민센터 앞,810,2022-03-01,대여소별 이용정보 22.3.csv
구로구,천왕2팀,1924. 삼부르네상스파크빌,811,2022-03-01,대여소별 이용정보 22.3.csv
마포구,상암1팀,4226. 마포프레스티지자이 1,811,2022-03-01,대여소별 이용정보 22.3.csv
은평구,상암3팀,932. 예일여중,812,2022-03-01,대여소별 이용정보 22.3.csv
용산구,세종로 4팀,805. 문배어린이공원 앞,813,2022-03-01,대여소별 이용정보 22.3.csv
노원구,도봉2팀,1665. 양지근린공원앞,814,2022-03-01,대여소별 이용정보 22.3.csv
종로구,세종로1팀,395. 경희궁 자이 2단지,815,2022-03-01,대여소별 이용정보 22.3.csv
도봉구,도봉3팀,1749. ESA아파트 상가 앞,815,2022-03-01,대여소별 이용정보 22.3.csv
성동구,중랑2팀,4382. 페코텍글로벌허브빌딩 앞,815,2022-03-01,대여소별 이용정보 22.3.csv
강동구,천호1팀,"1051. 강일중,선사고 버스정류장(신암중학교 방면)",816,2022-03-01,대여소별 이용정보 22.3.csv
마포구,상암1팀,155. 가좌역1 번출구 앞,816,2022-03-01,대여소별 이용정보 22.3.csv
서대문구,상암1팀,180. 충정로역 7번출구 아래,816,2022-03-01,대여소별 이용정보 22.3.csv
종로구,세종로2팀,328. 탑골공원 앞,817,2022-03-01,대여소별 이용정보 22.3.csv
종로구,세종로1팀,309. 광화문역 6번출구 옆 B,817,2022-03-01,대여소별 이용정보 22.3.csv
동작구,이수2팀,2090.기아자동차 사당점 앞,817,2022-03-01,대여소별 이용정보 22.3.csv
동대문구,훈련원4팀,622. 전농사거리 교통섬,818,2022-03-01,대여소별 이용정보 22.3.csv
영등포구,영남3팀,212. 여의도역 1번출구 옆,819,2022-03-01,대여소별 이용정보 22.3.csv
강서구,개화1팀,3754. 신방화역 8번출구,820,2022-03-01,대여소별 이용정보 22.3.csv
마포구,상암1팀,122. 신성기사식당 앞,820,2022-03-01,대여소별 이용정보 22.3.csv
용산구,세종로 4팀,844. 이촌2동 동원베네스트 아파트 앞,820,2022-03-01,대여소별 이용정보 22.3.csv
노원구,도봉1팀,2920.상계중학교(당현2교사거리),821,2022-03-01,대여소별 이용정보 22.3.csv
성동구,중랑2팀,519. 양지사거리,821,2022-03-01,대여소별 이용정보 22.3.csv
동대문구,훈련원4팀,654. 전농동 텃골공원,821,2022-03-01,대여소별 이용정보 22.3.csv
중랑구,중랑3팀,1444. 면목4치안센터,822,2022-03-01,대여소별 이용정보 22.3.csv
강남구,학여울1팀,2418.봉은사역 7번 출구,822,2022-03-01,대여소별 이용정보 22.3.csv
종로구,세종로2팀,335. 종로3가역 15번출구 앞,822,2022-03-01,대여소별 이용정보 22.3.csv
영등포구,영남3팀,256. 동아에코빌입구,823,2022-03-01,대여소별 이용정보 22.3.csv
서초구,이수1팀,2274. 양재시민의숲역 3번출구,823,2022-03-01,대여소별 이용정보 22.3.csv
용산구,세종로 4팀,807. 서울역 12번 출구 앞,823,2022-03-01,대여소별 이용정보 22.3.csv
영등포구,영남3팀,270. 증권거래소후문교차로,824,2022-03-01,대여소별 이용정보 22.3.csv
종로구,세종로1팀,307. 서울역사박물관 앞,825,2022-03-01,대여소별 이용정보 22.3.csv
중랑구,중랑3팀,4820. 망우역 2번 출구,825,2022-03-01,대여소별 이용정보 22.3.csv
송파구,천호2팀,2642.마천동 성내천 쉼터,825,2022-03-01,대여소별 이용정보 22.3.csv
송파구,천호2팀,4891. 위례포레샤인17단지 위례대로 방면,826,2022-03-01,대여소별 이용정보 22.3.csv
용산구,세종로 4팀,800. 목월공원 앞,827,2022-03-01,대여소별 이용정보 22.3.csv
강북구,도봉4팀,1506. 강북문화예술회관,827,2022-03-01,대여소별 이용정보 22.3.csv
도봉구,도봉3팀,4062. 평화도봉공원 주변,827,2022-03-01,대여소별 이용정보 22.3.csv
강동구,천호1팀,1072.고덕역 5번출구,830,2022-03-01,대여소별 이용정보 22.3.csv
송파구,천호2팀,2656.풍납동 아이파크 107동 앞,830,2022-03-01,대여소별 이용정보 22.3.csv
종로구,훈련원1팀,3414.종로5가역 4번출구,832,2022-03-01,대여소별 이용정보 22.3.csv
마포구,상암1팀,3007.MBC 앞,832,2022-03-01,대여소별 이용정보 22.3.csv
중랑구,중랑3팀,1428. 원묵고등학교,832,2022-03-01,대여소별 이용정보 22.3.csv
노원구,도봉1팀,1620. 중계동 노원구민체육센터 옆(중1-2),832,2022-03-01,대여소별 이용정보 22.3.csv
강북구,도봉4팀,1560. 도봉세무서 앞,833,2022-03-01,대여소별 이용정보 22.3.csv
강남구,이수3팀,2327. 뱅뱅사거리 랜드마크타워 앞,833,2022-03-01,대여소별 이용정보 22.3.csv
구로구,천왕1팀,1941. 오류동역 2번출구,833,2022-03-01,대여소별 이용정보 22.3.csv
강남구,학여울2팀,2412. 일원1동 주민센터,834,2022-03-01,대여소별 이용정보 22.3.csv
강서구,개화1팀,3782. 겸재정선미술관,835,2022-03-01,대여소별 이용정보 22.3.csv
양천구,영남1팀,762. 오목로 무중력지대 앞,835,2022-03-01,대여소별 이용정보 22.3.csv
영등포구,영남1팀,4556. 리버뷰신안인스빌1차 후문,836,2022-03-01,대여소별 이용정보 22.3.csv
용산구,세종로3팀,817. 삼각지역 4번출구 앞,837,2022-03-01,대여소별 이용정보 22.3.csv
용산구,세종로 4팀,820. 청파동입구 교차로,837,2022-03-01,대여소별 이용정보 22.3.csv
구로구,천왕1팀,1966. 한마을아파트 정문상가,837,2022-03-01,대여소별 이용정보 22.3.csv
노원구,도봉1팀,1682. 중계종합사회복지관 교차로,837,2022-03-01,대여소별 이용정보 22.3.csv
강서구,개화1팀,1165. 마곡중학교 후문,840,2022-03-01,대여소별 이용정보 22.3.csv
영등포구,영남3팀,4567. 한림대학교 강남성심병원 신관,840,2022-03-01,대여소별 이용정보 22.3.csv
영등포구,영남3팀,254. 도림신협 앞,840,2022-03-01,대여소별 이용정보 22.3.csv
강남구,이수3팀,2301. 현대고등학교 건너편,844,2022-03-01,대여소별 이용정보 22.3.csv
중랑구,중랑3팀,1473.중랑역 1번 출구(중화문화복지센터),844,2022-03-01,대여소별 이용정보 22.3.csv
동대문구,훈련원4팀,4105. 서울교통공사사거리 교통섬,844,2022-03-01,대여소별 이용정보 22.3.csv
노원구,도봉2팀,2917.신창중학교 후문 맞은편 버스정류장,847,2022-03-01,대여소별 이용정보 22.3.csv
강북구,도봉4팀,1557.신창교,847,2022-03-01,대여소별 이용정보 22.3.csv
강서구,개화2팀,5057. 마곡역4번출구,848,2022-03-01,대여소별 이용정보 22.3.csv
송파구,학여울2팀,4854. 가락시장역 2번 출구,850,2022-03-01,대여소별 이용정보 22.3.csv
금천구,천왕3팀,1806. 에이스하이엔드타워9차 앞,851,2022-03-01,대여소별 이용정보 22.3.csv
용산구,세종로 4팀,835. 남영역 건너편,851,2022-03-01,대여소별 이용정보 22.3.csv
강남구,이수3팀,2302. 교보타워 버스정류장(신논현역 3번출구 후면),851,2022-03-01,대여소별 이용정보 22.3.csv
강남구,학여울1팀,2415.한티역 롯데백화점 앞,853,2022-03-01,대여소별 이용정보 22.3.csv
강남구,학여울1팀,2413.도곡역 1번 출구,857,2022-03-01,대여소별 이용정보 22.3.csv
동대문구,훈련원3팀,4117. 휘경119안전센터 앞,857,2022-03-01,대여소별 이용정보 22.3.csv
중랑구,중랑3팀,1437. 늘푸른공원 앞,858,2022-03-01,대여소별 이용정보 22.3.csv
송파구,천호2팀,4496. 잠실 파크리오 120동 앞,859,2022-03-01,대여소별 이용정보 22.3.csv
광진구,중랑1팀,3507. 어린이회관,859,2022-03-01,대여소별 이용정보 22.3.csv
강서구,개화2팀,2711.가로공원공영주차장 1번 출구,860,2022-03-01,대여소별 이용정보 22.3.csv
종로구,세종로1팀,3406.세종로공원,862,2022-03-01,대여소별 이용정보 22.3.csv
중랑구,중랑3팀,4804. 동서울농협 앞,862,2022-03-01,대여소별 이용정보 22.3.csv
송파구,학여울2팀,4468. 가락1동주민센터,863,2022-03-01,대여소별 이용정보 22.3.csv
동대문구,훈련원4팀,617. 청솔우성아파트 앞,863,2022-03-01,대여소별 이용정보 22.3.csv
강동구,천호1팀,1080.엘웨딩,863,2022-03-01,대여소별 이용정보 22.3.csv
송파구,천호2팀,4872. 개롱역 3번 출구 뒤,864,2022-03-01,대여소별 이용정보 22.3.csv
종로구,훈련원1팀,358. 성대입구 사거리,865,2022-03-01,대여소별 이용정보 22.3.csv
동대문구,훈련원4팀,627. 장안동삼거리 교통섬,865,2022-03-01,대여소별 이용정보 22.3.csv
성동구,중랑2팀,562. 군자지하보도 앞,865,2022-03-01,대여소별 이용정보 22.3.csv
도봉구,도봉3팀,1765.쌍문역 1번 출구(양산부인과 빌딩),867,2022-03-01,대여소별 이용정보 22.3.csv
송파구,천호2팀,2604. 풍납토성 서성벽터A,867,2022-03-01,대여소별 이용정보 22.3.csv
노원구,도봉2팀,4016. 노원 마들스타디움,868,2022-03-01,대여소별 이용정보 22.3.csv
마포구,상암1팀,436. 이대역 5번출구,869,2022-03-01,대여소별 이용정보 22.3.csv
송파구,학여울2팀,4875. 위례포레샤인13단지,869,2022-03-01,대여소별 이용정보 22.3.csv
중구,세종로 4팀,399. 서울역 센트럴 자이아파트,869,2022-03-01,대여소별 이용정보 22.3.csv
송파구,학여울2팀,1286. 위례중앙푸르지오 1단지 앞,870,2022-03-01,대여소별 이용정보 22.3.csv
관악구,영남2팀,2179. 양녕로 입구,871,2022-03-01,대여소별 이용정보 22.3.csv
관악구,영남2팀,2189. 봉천역 4번출구,871,2022-03-01,대여소별 이용정보 22.3.csv
광진구,중랑1팀,3864. 광진소방서 앞,871,2022-03-01,대여소별 이용정보 22.3.csv
마포구,상암1팀,199. 서울 월드컵 경기장,872,2022-03-01,대여소별 이용정보 22.3.csv
관악구,영남2팀,2191.대학동주민센터,872,2022-03-01,대여소별 이용정보 22.3.csv
중랑구,중랑3팀,1413. 봉화산역 5번출구 뒤,872,2022-03-01,대여소별 이용정보 22.3.csv
영등포구,영남3팀,223. 진주아파트상가 앞,872,2022-03-01,대여소별 이용정보 22.3.csv
서초구,이수2팀,2221. 방일초교 마을버스 정류장,873,2022-03-01,대여소별 이용정보 22.3.csv
중구,훈련원1팀,475.DDP 패션몰,873,2022-03-01,대여소별 이용정보 22.3.csv
성북구,훈련원2팀,1382.래미안월곡아파트 입구,874,2022-03-01,대여소별 이용정보 22.3.csv
종로구,훈련원1팀,3417.창신3동주민센터,876,2022-03-01,대여소별 이용정보 22.3.csv
서초구,이수1팀,4317. 양재근린공원,877,2022-03-01,대여소별 이용정보 22.3.csv
은평구,상암2팀,917. 녹번역 3번출구,877,2022-03-01,대여소별 이용정보 22.3.csv
강북구,도봉4팀,"1533. 번동 주공3, 4단지 교차로",879,2022-03-01,대여소별 이용정보 22.3.csv
동대문구,훈련원3팀,4102. 휘경1동주민센터 앞,880,2022-03-01,대여소별 이용정보 22.3.csv
강남구,학여울1팀,2431.대치역 7번출구,880,2022-03-01,대여소별 이용정보 22.3.csv
관악구,영남2팀,2170. 조원동서울본병원,880,2022-03-01,대여소별 이용정보 22.3.csv
중랑구,중랑3팀,1403. 중화빌딩 앞 (동부시장),880,2022-03-01,대여소별 이용정보 22.3.csv
서초구,이수1팀,2508. 양재이스타빌 앞,881,2022-03-01,대여소별 이용정보 22.3.csv
구로구,천왕2팀,3907. 신도림7차e편한세상아파트 806동 앞,881,2022-03-01,대여소별 이용정보 22.3.csv
강서구,개화2팀,5055. 마곡역5번출구앞,882,2022-03-01,대여소별 이용정보 22.3.csv
영등포구,영남1팀,3206.문래동 주민센터,883,2022-03-01,대여소별 이용정보 22.3.csv
양천구,개화3팀,752. 성원2차 아파트,883,2022-03-01,대여소별 이용정보 22.3.csv
노원구,도봉2팀,4025. 한천교 동편,884,2022-03-01,대여소별 이용정보 22.3.csv
동대문구,훈련원3팀,4113. 한국국방연구원 앞,885,2022-03-01,대여소별 이용정보 22.3.csv
송파구,천호2팀,1228. 마천사거리,885,2022-03-01,대여소별 이용정보 22.3.csv
송파구,학여울2팀,4894. 문정법조단지13,885,2022-03-01,대여소별 이용정보 22.3.csv
마포구,상암1팀,4222. 서울디자인고등학교 앞,885,2022-03-01,대여소별 이용정보 22.3.csv
광진구,중랑1팀,553. 중곡 성원아파트 앞,885,2022-03-01,대여소별 이용정보 22.3.csv
서대문구,상암2팀,3128.동신병원 맞은편,886,2022-03-01,대여소별 이용정보 22.3.csv
중랑구,중랑3팀,1461.동양엔파트 앞,886,2022-03-01,대여소별 이용정보 22.3.csv
성북구,훈련원2팀,4418. 종암동 동덕여대 제2생활관 앞,887,2022-03-01,대여소별 이용정보 22.3.csv
도봉구,도봉3팀,1709. 쌍문역4번출구 주변,887,2022-03-01,대여소별 이용정보 22.3.csv
양천구,개화2팀,732. 신월중학교,887,2022-03-01,대여소별 이용정보 22.3.csv
동작구,영남2팀,4175. 대방역2번출구,888,2022-03-01,대여소별 이용정보 22.3.csv
강남구,이수3팀,2362. 신사동 가로수길 입구,889,2022-03-01,대여소별 이용정보 22.3.csv
동작구,이수2팀,2033. 사당동 아르테스 웨딩앞,889,2022-03-01,대여소별 이용정보 22.3.csv
노원구,도봉2팀,2901.공릉동풍림아파트 101동,890,2022-03-01,대여소별 이용정보 22.3.csv
노원구,도봉1팀,2911.상계역중앙시장,891,2022-03-01,대여소별 이용정보 22.3.csv
마포구,상암1팀,105. 합정역 5번출구 앞,891,2022-03-01,대여소별 이용정보 22.3.csv
양천구,개화3팀,775.세종그랑시아 앞(102동),892,2022-03-01,대여소별 이용정보 22.3.csv
양천구,개화3팀,742. 등촌역 5번 출구 뒤,892,2022-03-01,대여소별 이용정보 22.3.csv
도봉구,도봉3팀,1733. 방학사거리 (봄마당 앞),893,2022-03-01,대여소별 이용정보 22.3.csv
강동구,천호1팀,3687. 신명초교입구 교차로,893,2022-03-01,대여소별 이용정보 22.3.csv
도봉구,도봉3팀,1744.KT방학지사 앞,894,2022-03-01,대여소별 이용정보 22.3.csv
서초구,이수1팀,2202.청계산입구역 1번출구,895,2022-03-01,대여소별 이용정보 22.3.csv
송파구,학여울2팀,1249. 아주중학교건너편,895,2022-03-01,대여소별 이용정보 22.3.csv
영등포구,영남3팀,234. 영등포구민체육센터 앞,895,2022-03-01,대여소별 이용정보 22.3.csv
성동구,중랑2팀,579. 마장역 4번출구,897,2022-03-01,대여소별 이용정보 22.3.csv
용산구,세종로3팀,4619. 한강트럼프월드3차 앞,897,2022-03-01,대여소별 이용정보 22.3.csv
영등포구,영남3팀,289. 대림3동사거리,898,2022-03-01,대여소별 이용정보 22.3.csv
관악구,이수2팀,2112. 서울대입구역 마에스트로,899,2022-03-01,대여소별 이용정보 22.3.csv
성북구,훈련원2팀,1322. 래미안라센트아파트 103동 앞,899,2022-03-01,대여소별 이용정보 22.3.csv
용산구,세종로3팀,832. 이촌1동 주민센터 뒤,899,2022-03-01,대여소별 이용정보 22.3.csv
종로구,훈련원1팀,356. KT혜화지사 앞,900,2022-03-01,대여소별 이용정보 22.3.csv
용산구,세종로3팀,849. 삼각지 자이아파트,900,2022-03-01,대여소별 이용정보 22.3.csv
종로구,훈련원1팀,457. 종로꽃시장 입구 옆,902,2022-03-01,대여소별 이용정보 22.3.csv
노원구,도봉2팀,1681. 현대6차 아파트,902,2022-03-01,대여소별 이용정보 22.3.csv
중랑구,중랑3팀,1407. 먹골역 1번출구 뒤,902,2022-03-01,대여소별 이용정보 22.3.csv
양천구,개화2팀,739. 신월사거리,903,2022-03-01,대여소별 이용정보 22.3.csv
강동구,천호1팀,1027. 프라자 아파트 앞,903,2022-03-01,대여소별 이용정보 22.3.csv
노원구,도봉2팀,4011. 월계 센트럴 아이파크,903,2022-03-01,대여소별 이용정보 22.3.csv
광진구,중랑1팀,3502. 중곡역 1번출구,904,2022-03-01,대여소별 이용정보 22.3.csv
구로구,천왕1팀,1931. 개봉역2번출구 A,904,2022-03-01,대여소별 이용정보 22.3.csv
마포구,상암1팀,400. 상암한화오벨리스크 1차 앞,904,2022-03-01,대여소별 이용정보 22.3.csv
구로구,천왕1팀,1964. 원메디타운 앞,904,2022-03-01,대여소별 이용정보 22.3.csv
마포구,상암1팀,427. 성산시영아파트,908,2022-03-01,대여소별 이용정보 22.3.csv
강남구,이수3팀,2303. 논현역 10번출구,908,2022-03-01,대여소별 이용정보 22.3.csv
서초구,이수1팀,2247.섬들근린공원,908,2022-03-01,대여소별 이용정보 22.3.csv
강북구,도봉4팀,1548. 북서울 꿈의숲 서문,909,2022-03-01,대여소별 이용정보 22.3.csv
강남구,이수1팀,2333. 양재역 3번출구 주변,909,2022-03-01,대여소별 이용정보 22.3.csv
중구,훈련원1팀,389. 을지로4가역 1번출구,909,2022-03-01,대여소별 이용정보 22.3.csv
양천구,개화4팀,736. 오솔길공원,910,2022-03-01,대여소별 이용정보 22.3.csv
중랑구,중랑3팀,4819. 면목동 새싹어린이공원 앞,911,2022-03-01,대여소별 이용정보 22.3.csv
송파구,학여울2팀,4884. H비즈니스파크,911,2022-03-01,대여소별 이용정보 22.3.csv
종로구,세종로1팀,461. 서울지방경찰청,911,2022-03-01,대여소별 이용정보 22.3.csv
강동구,천호1팀,1036. 고덕동 주양쇼핑,911,2022-03-01,대여소별 이용정보 22.3.csv
강서구,개화2팀,1186. 송정중학교,912,2022-03-01,대여소별 이용정보 22.3.csv
관악구,이수2팀,2119. 중앙동 동진빌딩,913,2022-03-01,대여소별 이용정보 22.3.csv
노원구,도봉1팀,4004. 당고개입구오거리 당현천변,914,2022-03-01,대여소별 이용정보 22.3.csv
송파구,학여울2팀,4460. 올림픽훼미리아파트 112동 앞,915,2022-03-01,대여소별 이용정보 22.3.csv
노원구,도봉1팀,4019. 상계주공10단지 버스정류소,916,2022-03-01,대여소별 이용정보 22.3.csv
성동구,중랑2팀,510. 서울숲 남문 버스정류소 옆,917,2022-03-01,대여소별 이용정보 22.3.csv
종로구,훈련원1팀,359. 원남동사거리,918,2022-03-01,대여소별 이용정보 22.3.csv
강동구,천호1팀,3684. 고덕자이(105동 앞),918,2022-03-01,대여소별 이용정보 22.3.csv
중구,세종로1팀,300. 정동사거리,918,2022-03-01,대여소별 이용정보 22.3.csv
강서구,개화1팀,2725.서울식물원 식물문화센터,920,2022-03-01,대여소별 이용정보 22.3.csv
송파구,학여울2팀,2658.가락몰 업무동,920,2022-03-01,대여소별 이용정보 22.3.csv
동대문구,훈련원4팀,610. 동대문중 교차로,921,2022-03-01,대여소별 이용정보 22.3.csv
종로구,세종로2팀,3408.종로타워빌딩,921,2022-03-01,대여소별 이용정보 22.3.csv
양천구,영남1팀,748. 목동운동장,923,2022-03-01,대여소별 이용정보 22.3.csv
용산구,세종로3팀,839. 보광동 삼성리버빌아파트 앞,923,2022-03-01,대여소별 이용정보 22.3.csv
종로구,세종로2팀,464. 삼청동 골목,924,2022-03-01,대여소별 이용정보 22.3.csv
강동구,천호1팀,1081.트레빌빌딩,925,2022-03-01,대여소별 이용정보 22.3.csv
도봉구,도봉3팀,4080. 창동주공19단지앞,927,2022-03-01,대여소별 이용정보 22.3.csv
서초구,이수1팀,2294. 두상빌딩 앞,927,2022-03-01,대여소별 이용정보 22.3.csv
영등포구,영남1팀,288. 쌍용예가(구청별관),927,2022-03-01,대여소별 이용정보 22.3.csv
중구,세종로 4팀,826. 서울역 서부교차로2,927,2022-03-01,대여소별 이용정보 22.3.csv
관악구,이수2팀,2111. 서울대입구역 1번출구,928,2022-03-01,대여소별 이용정보 22.3.csv
마포구,상암1팀,185. 마포 신수공원 앞,929,2022-03-01,대여소별 이용정보 22.3.csv
용산구,세종로 4팀,819. 선린인터넷 고등학교,930,2022-03-01,대여소별 이용정보 22.3.csv
동작구,영남2팀,2016. 신대방삼거리역 3번출구쪽,931,2022-03-01,대여소별 이용정보 22.3.csv
동대문구,훈련원4팀,625. 답십리초등학교 앞(현대시장 옆),932,2022-03-01,대여소별 이용정보 22.3.csv
관악구,영남2팀,3814. 난곡사거리,932,2022-03-01,대여소별 이용정보 22.3.csv
구로구,천왕2팀,1907. 구일우성(아) 육교 밑,934,2022-03-01,대여소별 이용정보 22.3.csv
구로구,천왕2팀,1983. 구로동롯데아파트,934,2022-03-01,대여소별 이용정보 22.3.csv
서대문구,상암1팀,162. 봉원고가차도 밑,934,2022-03-01,대여소별 이용정보 22.3.csv
노원구,도봉1팀,4018. 상계주공15단지 버스정류소,935,2022-03-01,대여소별 이용정보 22.3.csv
양천구,개화4팀,4522. 신곡시장,935,2022-03-01,대여소별 이용정보 22.3.csv
성동구,중랑2팀,4381. 더스페이스타워 앞,936,2022-03-01,대여소별 이용정보 22.3.csv
성북구,훈련원2팀,1318. 길음역 3번출구 뒤,937,2022-03-01,대여소별 이용정보 22.3.csv
강서구,개화3팀,1136. 등촌2파출소,937,2022-03-01,대여소별 이용정보 22.3.csv
노원구,도봉1팀,1639. 희성오피앙,938,2022-03-01,대여소별 이용정보 22.3.csv
성북구,훈련원2팀,1375. 생명의 전화 종합복지관 앞 교차로,939,2022-03-01,대여소별 이용정보 22.3.csv
서초구,이수1팀,2244.교육개발원입구 교차로,939,2022-03-01,대여소별 이용정보 22.3.csv
송파구,천호1팀,1274. 영파여고 앞,940,2022-03-01,대여소별 이용정보 22.3.csv
관악구,영남2팀,2105. 미성동 신림체육센터,941,2022-03-01,대여소별 이용정보 22.3.csv
송파구,천호2팀,1277. 성내6교,942,2022-03-01,대여소별 이용정보 22.3.csv
광진구,중랑1팀,3528. 광진정보도서관,943,2022-03-01,대여소별 이용정보 22.3.csv
성북구,훈련원2팀,1305. 성북구청,944,2022-03-01,대여소별 이용정보 22.3.csv
중구,세종로2팀,3013.서울지방고용노동청 앞,944,2022-03-01,대여소별 이용정보 22.3.csv
영등포구,영남3팀,286. 우성아파트 교차로,945,2022-03-01,대여소별 이용정보 22.3.csv
종로구,훈련원1팀,453. 종로오가 지하쇼핑센터 14번출구,946,2022-03-01,대여소별 이용정보 22.3.csv
은평구,상암3팀,961. 불광역 9번 출구,946,2022-03-01,대여소별 이용정보 22.3.csv
영등포구,영남1팀,3215.강변삼성래미안,947,2022-03-01,대여소별 이용정보 22.3.csv
광진구,중랑1팀,3587.우성식품 앞,947,2022-03-01,대여소별 이용정보 22.3.csv
마포구,상암1팀,109. 제일빌딩 앞,948,2022-03-01,대여소별 이용정보 22.3.csv
노원구,도봉1팀,1666. 노원소방서인근,948,2022-03-01,대여소별 이용정보 22.3.csv
마포구,상암1팀,4210. 가좌행복주택 앞,949,2022-03-01,대여소별 이용정보 22.3.csv
종로구,세종로2팀,354. 포르투갈 대사관 앞,949,2022-03-01,대여소별 이용정보 22.3.csv
동대문구,훈련원3팀,673.안암골벽산아파트(후문),949,2022-03-01,대여소별 이용정보 22.3.csv
영등포구,영남1팀,238. 제2구민체육센타 앞,949,2022-03-01,대여소별 이용정보 22.3.csv
노원구,도봉1팀,4026. 상계주공1단지아파트,950,2022-03-01,대여소별 이용정보 22.3.csv
강서구,개화2팀,2745.수명초등학교,953,2022-03-01,대여소별 이용정보 22.3.csv
마포구,상암1팀,143. 공덕역 2번출구,953,2022-03-01,대여소별 이용정보 22.3.csv
구로구,천왕2팀,1957. 구일고등학교 정문,955,2022-03-01,대여소별 이용정보 22.3.csv
영등포구,영남3팀,3220.래미안에스티움 앞 (신풍로),956,2022-03-01,대여소별 이용정보 22.3.csv
서대문구,상암2팀,4255. 래미안 루센티아 아파트 108동 앞,956,2022-03-01,대여소별 이용정보 22.3.csv
구로구,천왕1팀,2821.청구아파트 앞,957,2022-03-01,대여소별 이용정보 22.3.csv
중구,세종로2팀,320. 을지로입구역 4번출구 앞,958,2022-03-01,대여소별 이용정보 22.3.csv
중랑구,중랑3팀,4812. 묵동 이마트 앞,958,2022-03-01,대여소별 이용정보 22.3.csv
서대문구,상암2팀,3102. 연희삼거리,959,2022-03-01,대여소별 이용정보 22.3.csv
송파구,천호2팀,1265. 문정동 근린공원,961,2022-03-01,대여소별 이용정보 22.3.csv
강서구,개화1팀,2710.라이품 공영주차장 앞,962,2022-03-01,대여소별 이용정보 22.3.csv
강서구,개화4팀,2737.까치산역 3번 출구,962,2022-03-01,대여소별 이용정보 22.3.csv
서초구,이수3팀,2530.삼호3차아파트 앞,962,2022-03-01,대여소별 이용정보 22.3.csv
송파구,학여울2팀,1257. 가락시장역 사거리,962,2022-03-01,대여소별 이용정보 22.3.csv
강서구,개화3팀,2742.강서구민올림픽체육센터,962,2022-03-01,대여소별 이용정보 22.3.csv
종로구,훈련원1팀,456. 숭인2동 주민센터 입구,962,2022-03-01,대여소별 이용정보 22.3.csv
관악구,영남2팀,2187. 현대시장사거리,963,2022-03-01,대여소별 이용정보 22.3.csv
강서구,개화2팀,5066. 아망떼마곡전시장,968,2022-03-01,대여소별 이용정보 22.3.csv
동대문구,훈련원4팀,4108. 답십리파크자이아파트 앞,969,2022-03-01,대여소별 이용정보 22.3.csv
은평구,상암2팀,4652. 신사두산위브2차아파트 앞,970,2022-03-01,대여소별 이용정보 22.3.csv
동작구,영남2팀,2054. 삼익아파트,970,2022-03-01,대여소별 이용정보 22.3.csv
송파구,천호2팀,1214. 오금역 7번 출구 인근,970,2022-03-01,대여소별 이용정보 22.3.csv
도봉구,도봉3팀,1767.태양중앙교회 앞,971,2022-03-01,대여소별 이용정보 22.3.csv
동작구,영남2팀,2007. 유한양행앞,971,2022-03-01,대여소별 이용정보 22.3.csv
영등포구,영남1팀,4557. 리버뷰신안인스빌2차 후문,971,2022-03-01,대여소별 이용정보 22.3.csv
강서구,개화1팀,2740.마곡레포츠센터,972,2022-03-01,대여소별 이용정보 22.3.csv
노원구,도봉1팀,1691. 노원정보도서관,973,2022-03-01,대여소별 이용정보 22.3.csv
강동구,천호1팀,1086.래미안 솔베뉴(구천면로),976,2022-03-01,대여소별 이용정보 22.3.csv
양천구,천왕1팀,763. 목동11단지 아파트,976,2022-03-01,대여소별 이용정보 22.3.csv
동작구,영남2팀,2056. 동작구민 체육센터,976,2022-03-01,대여소별 이용정보 22.3.csv
노원구,도봉2팀,1606. 태릉입구역 3번출구,978,2022-03-01,대여소별 이용정보 22.3.csv
성북구,훈련원2팀,1333. 석관초등학교 앞,979,2022-03-01,대여소별 이용정보 22.3.csv
강북구,도봉4팀,1565.대한병원앞,981,2022-03-01,대여소별 이용정보 22.3.csv
용산구,세종로3팀,4633. 센트럴파크타워 앞,981,2022-03-01,대여소별 이용정보 22.3.csv
은평구,상암2팀,984.상신초등학교앞 버스정류장,981,2022-03-01,대여소별 이용정보 22.3.csv
강동구,천호1팀,1012. 서울 상운차량,982,2022-03-01,대여소별 이용정보 22.3.csv
종로구,훈련원1팀,338. 세운스퀘어 앞,983,2022-03-01,대여소별 이용정보 22.3.csv
은평구,상암3팀,916. 평생학습관 앞,983,2022-03-01,대여소별 이용정보 22.3.csv
종로구,세종로1팀,301. 경복궁역 7번출구 앞,983,2022-03-01,대여소별 이용정보 22.3.csv
노원구,도봉1팀,4031. 청암예술학교 앞,984,2022-03-01,대여소별 이용정보 22.3.csv
동대문구,훈련원4팀,669.청계한신휴플러스앞 삼거리,984,2022-03-01,대여소별 이용정보 22.3.csv
영등포구,영남3팀,292. 영일 어린이공원,985,2022-03-01,대여소별 이용정보 22.3.csv
강서구,개화2팀,2713.우장초등학교 앞,986,2022-03-01,대여소별 이용정보 22.3.csv
용산구,세종로 4팀,846. 용산중학교,986,2022-03-01,대여소별 이용정보 22.3.csv
강서구,개화1팀,5053. 신마곡벽산블루밍메트로오피스텔앞,986,2022-03-01,대여소별 이용정보 22.3.csv
영등포구,영남3팀,255. 도림사거리,987,2022-03-01,대여소별 이용정보 22.3.csv
도봉구,도봉3팀,1705. 도봉구청 정문앞,988,2022-03-01,대여소별 이용정보 22.3.csv
구로구,천왕2팀,1975. 대림역 1번 출입구 밑,989,2022-03-01,대여소별 이용정보 22.3.csv
동대문구,훈련원4팀,4114. 휘경여중고삼거리,990,2022-03-01,대여소별 이용정보 22.3.csv
중랑구,중랑3팀,1440. 면목2동 사거리,991,2022-03-01,대여소별 이용정보 22.3.csv
중랑구,중랑3팀,1456. 상아빌딩(우림시장 교차로),991,2022-03-01,대여소별 이용정보 22.3.csv
마포구,상암1팀,112. 극동방송국 앞,991,2022-03-01,대여소별 이용정보 22.3.csv
노원구,도봉2팀,1685. 불암고등학교 앞 횡단보도,992,2022-03-01,대여소별 이용정보 22.3.csv
중구,세종로1팀,310. 청계광장 옆,992,2022-03-01,대여소별 이용정보 22.3.csv
마포구,상암1팀,420. 서울시 공공자전거 상암센터,992,2022-03-01,대여소별 이용정보 22.3.csv
강동구,천호1팀,1061. 천호초교 입구 사거리(일주빌딩),993,2022-03-01,대여소별 이용정보 22.3.csv
서대문구,상암2팀,165. 중앙근린공원,994,2022-03-01,대여소별 이용정보 22.3.csv
송파구,학여울2팀,2633.송파학사 옆,995,2022-03-01,대여소별 이용정보 22.3.csv
종로구,훈련원1팀,455. 종로6가역 버스정류장(동대문 방향),995,2022-03-01,대여소별 이용정보 22.3.csv
구로구,천왕2팀,3914. 신도림쌍용플래티넘노블아파트 앞,996,2022-03-01,대여소별 이용정보 22.3.csv
동대문구,훈련원3팀,661. 경희대학교 청운관,996,2022-03-01,대여소별 이용정보 22.3.csv
노원구,도봉1팀,4020. 중계동 성모빌딩 앞,997,2022-03-01,대여소별 이용정보 22.3.csv
종로구,훈련원1팀,4711. 올림픽기념 국민생활관 로터리,997,2022-03-01,대여소별 이용정보 22.3.csv
강서구,개화1팀,3758. 서울남부출입국관리소,998,2022-03-01,대여소별 이용정보 22.3.csv
중구,세종로2팀,4791. 명동역9번 출구,998,2022-03-01,대여소별 이용정보 22.3.csv
종로구,세종로1팀,369. 광화문 시민열린마당,999,2022-03-01,대여소별 이용정보 22.3.csv
강남구,학여울2팀,2342. 대청역 1번출구 뒤,999,2022-03-01,대여소별 이용정보 22.3.csv
중구,세종로2팀,433. 을지로입구역 2번출구,1000,2022-03-01,대여소별 이용정보 22.3.csv
강서구,개화3팀,1174. 강서구청사거리(부민병원),1001,2022-03-01,대여소별 이용정보 22.3.csv
송파구,학여울2팀,1206. 9호선종합운동장역 9번출구,1001,2022-03-01,대여소별 이용정보 22.3.csv
영등포구,영남1팀,4598. 오목교 동측 지하보도,1001,2022-03-01,대여소별 이용정보 22.3.csv
양천구,영남1팀,4532. 목동현대아파트 후문 앞,1002,2022-03-01,대여소별 이용정보 22.3.csv
성동구,중랑2팀,4377. 우영테크노센터 앞,1004,2022-03-01,대여소별 이용정보 22.3.csv
마포구,상암1팀,182. 망원2빗물펌프장 앞,1006,2022-03-01,대여소별 이용정보 22.3.csv
양천구,개화3팀,749. 이대목동병원보도육교,1007,2022-03-01,대여소별 이용정보 22.3.csv
금천구,천왕3팀,1804. 독산역 2번출구 자전거주차장,1007,2022-03-01,대여소별 이용정보 22.3.csv
은평구,상암3팀,908. 구산역 4번출구,1007,2022-03-01,대여소별 이용정보 22.3.csv
성동구,중랑2팀,530. 청계벽산아파트 앞,1009,2022-03-01,대여소별 이용정보 22.3.csv
양천구,개화3팀,"773.염창역 3, 4번 출구 사이",1010,2022-03-01,대여소별 이용정보 22.3.csv
광진구,중랑1팀,3879. 중랑천 뚝방길 산책로 입구,1010,2022-03-01,대여소별 이용정보 22.3.csv
송파구,천호2팀,2644. 성내5교,1010,2022-03-01,대여소별 이용정보 22.3.csv
관악구,이수2팀,2104. 사당역 5번출구,1011,2022-03-01,대여소별 이용정보 22.3.csv
노원구,도봉2팀,2904.중계3차청구아파트,1014,2022-03-01,대여소별 이용정보 22.3.csv
서대문구,상암2팀,3120.DMC엘가아파트 앞,1015,2022-03-01,대여소별 이용정보 22.3.csv
영등포구,영남1팀,3205.문래현대2차,1015,2022-03-01,대여소별 이용정보 22.3.csv
중랑구,중랑3팀,1450. 화랑대역 7번출구,1017,2022-03-01,대여소별 이용정보 22.3.csv
강북구,도봉4팀,1535. 효성인텔리안 앞,1017,2022-03-01,대여소별 이용정보 22.3.csv
은평구,상암2팀,4657. 본 서부병원 교차로 사거리,1018,2022-03-01,대여소별 이용정보 22.3.csv
마포구,상암1팀,111. 상수역 2번출구 앞,1019,2022-03-01,대여소별 이용정보 22.3.csv
은평구,상암2팀,989. 신응교(가좌로) 앞,1020,2022-03-01,대여소별 이용정보 22.3.csv
노원구,도봉1팀,1697.상계주공2단지 219동,1021,2022-03-01,대여소별 이용정보 22.3.csv
영등포구,영남1팀,266. 영등포청과시장 사거리,1022,2022-03-01,대여소별 이용정보 22.3.csv
강서구,개화1팀,5062. 마곡동 767-6,1025,2022-03-01,대여소별 이용정보 22.3.csv
동대문구,훈련원3팀,633. 청량리 기업은행 앞,1026,2022-03-01,대여소별 이용정보 22.3.csv
종로구,훈련원1팀,3420. 성균관대입구사거리,1026,2022-03-01,대여소별 이용정보 22.3.csv
광진구,중랑1팀,3578.중곡동 파크웨이빌딩,1026,2022-03-01,대여소별 이용정보 22.3.csv
강남구,학여울2팀,2404. 대모산입구역 4번 출구 앞,1026,2022-03-01,대여소별 이용정보 22.3.csv
강서구,개화1팀,1108. 공항시장역 2번출구 뒤,1027,2022-03-01,대여소별 이용정보 22.3.csv
중구,훈련원1팀,380. CJ제일제당 앞,1028,2022-03-01,대여소별 이용정보 22.3.csv
노원구,도봉1팀,1667. 중계중학교,1028,2022-03-01,대여소별 이용정보 22.3.csv
강남구,학여울1팀,2414. 도곡역 아카데미스위트 앞,1029,2022-03-01,대여소별 이용정보 22.3.csv
종로구,세종로2팀,353. 재동초교 앞 삼거리,1030,2022-03-01,대여소별 이용정보 22.3.csv
강동구,천호1팀,1028. 포레스 주상복합 빌딩,1030,2022-03-01,대여소별 이용정보 22.3.csv
구로구,천왕2팀,1974. 신도림2차e편한세상아파트 203동 앞,1030,2022-03-01,대여소별 이용정보 22.3.csv
영등포구,영남3팀,215. 여의도고교 앞,1032,2022-03-01,대여소별 이용정보 22.3.csv
동작구,영남2팀,2003. 사육신공원앞,1034,2022-03-01,대여소별 이용정보 22.3.csv
강서구,개화3팀,1121. 가양레포츠센터 앞,1034,2022-03-01,대여소별 이용정보 22.3.csv
성북구,훈련원2팀,1362. 보문역6번출구 앞,1034,2022-03-01,대여소별 이용정보 22.3.csv
강서구,개화2팀,1141. 곰달래 문화복지센터 1-1,1035,2022-03-01,대여소별 이용정보 22.3.csv
양천구,개화4팀,758. 한사랑교회 앞,1036,2022-03-01,대여소별 이용정보 22.3.csv
양천구,개화4팀,711. 신일해피트리아파트 앞,1037,2022-03-01,대여소별 이용정보 22.3.csv
성동구,중랑2팀,3550.금호나들목,1038,2022-03-01,대여소별 이용정보 22.3.csv
강남구,학여울1팀,2332. 선릉역3번출구,1038,2022-03-01,대여소별 이용정보 22.3.csv
강서구,개화2팀,1148. 볏골공원,1039,2022-03-01,대여소별 이용정보 22.3.csv
강서구,개화2팀,1168. 마곡엠밸리10단지 앞,1040,2022-03-01,대여소별 이용정보 22.3.csv
금천구,천왕2팀,1848. 벽산 디지털밸리 5차,1041,2022-03-01,대여소별 이용정보 22.3.csv
동대문구,훈련원3팀,4104. 외대앞역 교차로,1042,2022-03-01,대여소별 이용정보 22.3.csv
강서구,개화1팀,3762. 마곡9단지 907동앞,1042,2022-03-01,대여소별 이용정보 22.3.csv
송파구,학여울2팀,4491. 장지역 1번출구,1042,2022-03-01,대여소별 이용정보 22.3.csv
노원구,도봉2팀,4024. 꿈의숲 SK뷰 아파트,1043,2022-03-01,대여소별 이용정보 22.3.csv
강서구,개화2팀,2746.수명산파크 4단지 411동 앞,1044,2022-03-01,대여소별 이용정보 22.3.csv
구로구,천왕1팀,1987. 개봉아이파크아파트 앞,1046,2022-03-01,대여소별 이용정보 22.3.csv
구로구,천왕2팀,1920. 서울미래초등학교 사거리,1047,2022-03-01,대여소별 이용정보 22.3.csv
중구,세종로 4팀,445.대한상공회의소,1047,2022-03-01,대여소별 이용정보 22.3.csv
노원구,도봉2팀,1640. 한내근린공원 북측,1049,2022-03-01,대여소별 이용정보 22.3.csv
동대문구,훈련원4팀,624. 전농동 동아아파트 앞,1050,2022-03-01,대여소별 이용정보 22.3.csv
동작구,이수2팀,2032. 이수역 11번출구쪽,1050,2022-03-01,대여소별 이용정보 22.3.csv
강서구,개화3팀,1139. 용문사 버스정류장,1052,2022-03-01,대여소별 이용정보 22.3.csv
성동구,중랑2팀,557. 도선동 주민센터 앞,1055,2022-03-01,대여소별 이용정보 22.3.csv
강북구,도봉4팀,1514. 강북구청 사거리 버스정류소 앞,1056,2022-03-01,대여소별 이용정보 22.3.csv
용산구,세종로3팀,815. LIG강촌아파트 103동앞,1058,2022-03-01,대여소별 이용정보 22.3.csv
중랑구,중랑3팀,1471.동양쇼핑 정류소 앞,1060,2022-03-01,대여소별 이용정보 22.3.csv
강서구,개화3팀,5075. 등촌역 1번출구,1060,2022-03-01,대여소별 이용정보 22.3.csv
종로구,세종로2팀,454. 종로2가 버스정류장 (종각방향),1060,2022-03-01,대여소별 이용정보 22.3.csv
종로구,세종로1팀,367. 독립문역 3-1번출구,1061,2022-03-01,대여소별 이용정보 22.3.csv
동대문구,훈련원3팀,637. KAIST 경영대학 앞,1063,2022-03-01,대여소별 이용정보 22.3.csv
양천구,개화4팀,722. 경서농협 버스정류장(우리은행신정동지점방향),1063,2022-03-01,대여소별 이용정보 22.3.csv
광진구,중랑1팀,516. 광진메디칼 앞,1063,2022-03-01,대여소별 이용정보 22.3.csv
중랑구,중랑3팀,1478.홈플러스 상봉점 앞,1064,2022-03-01,대여소별 이용정보 22.3.csv
구로구,천왕2팀,1962. 가리봉동주민센터,1064,2022-03-01,대여소별 이용정보 22.3.csv
중구,훈련원1팀,387. 훈련원공원주차장 앞,1064,2022-03-01,대여소별 이용정보 22.3.csv
금천구,천왕3팀,1834. 월드메르디앙 벤처센터 2차,1064,2022-03-01,대여소별 이용정보 22.3.csv
용산구,세종로3팀,860.LG한강 자이아파트 앞,1066,2022-03-01,대여소별 이용정보 22.3.csv
강서구,개화2팀,1177. 수명중?고교,1067,2022-03-01,대여소별 이용정보 22.3.csv
도봉구,도봉3팀,1707. 도봉구민회관,1067,2022-03-01,대여소별 이용정보 22.3.csv
강동구,천호1팀,1075.천동초교 삼거리,1067,2022-03-01,대여소별 이용정보 22.3.csv
영등포구,영남3팀,204. 국회의사당역 5번출구 옆,1069,2022-03-01,대여소별 이용정보 22.3.csv
송파구,학여울2팀,2605. 복정역 1번 출구 앞,1070,2022-03-01,대여소별 이용정보 22.3.csv
구로구,천왕2팀,1984. 구로구청,1072,2022-03-01,대여소별 이용정보 22.3.csv
강동구,천호1팀,1088.풍납사거리(강동),1073,2022-03-01,대여소별 이용정보 22.3.csv
성북구,훈련원2팀,1396.래미안장위퍼스트하이(513동),1074,2022-03-01,대여소별 이용정보 22.3.csv
관악구,영남2팀,2175. 신림동걷고싶은문화의거리입구,1074,2022-03-01,대여소별 이용정보 22.3.csv
구로구,천왕2팀,1959. 구로구의회 앞,1075,2022-03-01,대여소별 이용정보 22.3.csv
송파구,천호2팀,2653.올림픽공원사거리(선수촌아파트),1075,2022-03-01,대여소별 이용정보 22.3.csv
송파구,천호2팀,4500. 풍납나들목,1075,2022-03-01,대여소별 이용정보 22.3.csv
강서구,개화2팀,5061. 우장산동 가곡어린이공원앞,1075,2022-03-01,대여소별 이용정보 22.3.csv
영등포구,영남1팀,3201.당산skv1센터,1076,2022-03-01,대여소별 이용정보 22.3.csv
중구,훈련원1팀,346. 맥스타일 앞,1077,2022-03-01,대여소별 이용정보 22.3.csv
송파구,천호2팀,2651.경찰병원역 3번출구 앞,1077,2022-03-01,대여소별 이용정보 22.3.csv
용산구,세종로 4팀,834. 효창공원앞역 3번출구 뒤,1079,2022-03-01,대여소별 이용정보 22.3.csv
강서구,개화1팀,1194. 센서텍㈜,1079,2022-03-01,대여소별 이용정보 22.3.csv
마포구,상암1팀,126. 서강대 후문 옆,1080,2022-03-01,대여소별 이용정보 22.3.csv
영등포구,영남3팀,3214.영등포 푸르지오,1081,2022-03-01,대여소별 이용정보 22.3.csv
노원구,도봉1팀,4028. 한일유앤아이아파트 105동 인근,1081,2022-03-01,대여소별 이용정보 22.3.csv
송파구,천호2팀,4464. 올림픽공원 북2문,1082,2022-03-01,대여소별 이용정보 22.3.csv
동대문구,훈련원4팀,639. 서울시립대 후문,1082,2022-03-01,대여소별 이용정보 22.3.csv
강서구,개화3팀,1185. 등촌9단지,1085,2022-03-01,대여소별 이용정보 22.3.csv
강서구,개화1팀,3775. 가양오토갤러리,1085,2022-03-01,대여소별 이용정보 22.3.csv
강서구,개화1팀,3756. 마곡힐스테이트 정문,1085,2022-03-01,대여소별 이용정보 22.3.csv
금천구,천왕3팀,1830. 빅마켓 금천점 앞,1086,2022-03-01,대여소별 이용정보 22.3.csv
성북구,훈련원2팀,1338. 용문2교 옆,1088,2022-03-01,대여소별 이용정보 22.3.csv
종로구,훈련원1팀,345. 서울보증보험본사 앞,1089,2022-03-01,대여소별 이용정보 22.3.csv
구로구,천왕2팀,1956. 동아1차APT105동 버스정류장(신도림중학교 방면),1090,2022-03-01,대여소별 이용정보 22.3.csv
종로구,세종로2팀,329. 청계2가 사거리 옆,1091,2022-03-01,대여소별 이용정보 22.3.csv
구로구,천왕2팀,2000. 신도림4차 e편한세상 아파트 1109동 앞,1092,2022-03-01,대여소별 이용정보 22.3.csv
강서구,개화2팀,3764. 관문주유소(GS칼택스) 앞,1092,2022-03-01,대여소별 이용정보 22.3.csv
강서구,개화3팀,1170. 강서구보건소,1095,2022-03-01,대여소별 이용정보 22.3.csv
동대문구,훈련원4팀,657. 동대문롯데캐슬아파트 앞,1096,2022-03-01,대여소별 이용정보 22.3.csv
강북구,도봉4팀,1552. 강북구청사거리(던킨도너츠 앞),1096,2022-03-01,대여소별 이용정보 22.3.csv
구로구,천왕1팀,1933. 개봉푸르지오아파트 상가,1097,2022-03-01,대여소별 이용정보 22.3.csv
종로구,세종로2팀,314. 국립현대미술관,1098,2022-03-01,대여소별 이용정보 22.3.csv
노원구,도봉2팀,2909. 석계역 3번 출구,1099,2022-03-01,대여소별 이용정보 22.3.csv
성북구,훈련원2팀,1385.성신여대입구역 3번출구 앞,1100,2022-03-01,대여소별 이용정보 22.3.csv
종로구,훈련원1팀,339. 종로4가 사거리,1100,2022-03-01,대여소별 이용정보 22.3.csv
영등포구,영남1팀,4594. 양평교 영등포대여소,1107,2022-03-01,대여소별 이용정보 22.3.csv
용산구,세종로 4팀,838. 숙대입구역 4번출구,1107,2022-03-01,대여소별 이용정보 22.3.csv
중랑구,중랑3팀,1433. 중화역 2번출구,1107,2022-03-01,대여소별 이용정보 22.3.csv
노원구,도봉1팀,2913.상계8동 주민센터,1109,2022-03-01,대여소별 이용정보 22.3.csv
강서구,개화2팀,3760. 발산역 8번 출구,1110,2022-03-01,대여소별 이용정보 22.3.csv
종로구,세종로2팀,4708. 조계사앞사거리,1110,2022-03-01,대여소별 이용정보 22.3.csv
중랑구,중랑3팀,1401. 극동늘푸른아파트,1112,2022-03-01,대여소별 이용정보 22.3.csv
영등포구,영남1팀,231. 남부고용노동지청 남측,1112,2022-03-01,대여소별 이용정보 22.3.csv
노원구,도봉2팀,1677. 육군사관학교 앞,1114,2022-03-01,대여소별 이용정보 22.3.csv
성북구,훈련원2팀,1327. 상월곡역 3번출구,1115,2022-03-01,대여소별 이용정보 22.3.csv
서대문구,상암2팀,178. 증산3교 앞,1115,2022-03-01,대여소별 이용정보 22.3.csv
광진구,중랑1팀,3860. 건국대학교 정문 앞,1116,2022-03-01,대여소별 이용정보 22.3.csv
동작구,영남2팀,237. 보라매 두산위브 건너편,1116,2022-03-01,대여소별 이용정보 22.3.csv
중랑구,중랑3팀,1431. 중랑구청 사거리,1117,2022-03-01,대여소별 이용정보 22.3.csv
동대문구,훈련원3팀,663. 외대앞역 4번출구,1119,2022-03-01,대여소별 이용정보 22.3.csv
성동구,중랑2팀,513. 뚝섬역 5번 출구 정류소 옆,1122,2022-03-01,대여소별 이용정보 22.3.csv
성동구,중랑2팀,550. 서울시설공단 앞,1122,2022-03-01,대여소별 이용정보 22.3.csv
송파구,천호2팀,1260. 방이동 한양3차아파트 옆,1122,2022-03-01,대여소별 이용정보 22.3.csv
중랑구,중랑3팀,1446. 중랑전화국 교차로,1122,2022-03-01,대여소별 이용정보 22.3.csv
서대문구,상암2팀,3121.가좌삼거리,1122,2022-03-01,대여소별 이용정보 22.3.csv
강서구,개화1팀,2702. 마곡 엠밸리2단지,1123,2022-03-01,대여소별 이용정보 22.3.csv
관악구,영남2팀,2115. 관악구시설관리공단,1123,2022-03-01,대여소별 이용정보 22.3.csv
강남구,이수3팀,2407. 역삼.서초.삼성 세무서 앞 (역삼빌딩 앞),1123,2022-03-01,대여소별 이용정보 22.3.csv
종로구,세종로2팀,3432.종로2가 사거리,1125,2022-03-01,대여소별 이용정보 22.3.csv
영등포구,영남3팀,201. 진미파라곤 앞,1125,2022-03-01,대여소별 이용정보 22.3.csv
광진구,중랑1팀,3566.우성4차아파트,1125,2022-03-01,대여소별 이용정보 22.3.csv
종로구,세종로2팀,4705. 웰니스센터(민방위교육장 앞),1128,2022-03-01,대여소별 이용정보 22.3.csv
관악구,영남2팀,2169. 봉천역 2번출구,1129,2022-03-01,대여소별 이용정보 22.3.csv
서초구,이수3팀,2525.반포쇼핑타운 2동 앞,1130,2022-03-01,대여소별 이용정보 22.3.csv
구로구,천왕1팀,1991. 오류동역 맞은편,1133,2022-03-01,대여소별 이용정보 22.3.csv
종로구,훈련원1팀,341. 혜화역 3번출구 뒤,1134,2022-03-01,대여소별 이용정보 22.3.csv
마포구,상암1팀,412. DMC산학협력연구센터 앞,1134,2022-03-01,대여소별 이용정보 22.3.csv
동작구,영남2팀,2067. 보라매역?동작세무서 버스정류장(강남중학교방면),1137,2022-03-01,대여소별 이용정보 22.3.csv
관악구,영남2팀,2108. 은천치안센터,1137,2022-03-01,대여소별 이용정보 22.3.csv
관악구,영남2팀,2164. 관악우체국,1137,2022-03-01,대여소별 이용정보 22.3.csv
도봉구,도봉3팀,4077. 도봉제1교,1138,2022-03-01,대여소별 이용정보 22.3.csv
서대문구,상암2팀,3125.연희파크푸르지오아파트 앞,1139,2022-03-01,대여소별 이용정보 22.3.csv
종로구,세종로1팀,348. 독립문역 사거리,1139,2022-03-01,대여소별 이용정보 22.3.csv
마포구,상암1팀,492.성산시영아파트 후문,1142,2022-03-01,대여소별 이용정보 22.3.csv
강남구,학여울1팀,2335. 3호선 매봉역 3번출구앞,1142,2022-03-01,대여소별 이용정보 22.3.csv
관악구,영남2팀,2106. 세이브마트,1144,2022-03-01,대여소별 이용정보 22.3.csv
양천구,개화3팀,4527. 목동신시가지아파트6단지,1145,2022-03-01,대여소별 이용정보 22.3.csv
동대문구,훈련원4팀,658. 촬영소 사거리,1145,2022-03-01,대여소별 이용정보 22.3.csv
구로구,천왕2팀,1908. 해원리바파크 육교 밑,1147,2022-03-01,대여소별 이용정보 22.3.csv
성동구,중랑2팀,558. 성동광진 교육지원청 앞,1148,2022-03-01,대여소별 이용정보 22.3.csv
중랑구,중랑3팀,1416. 상봉역 3번출구,1148,2022-03-01,대여소별 이용정보 22.3.csv
강서구,개화4팀,1146. 곰달래사거리,1149,2022-03-01,대여소별 이용정보 22.3.csv
서초구,이수2팀,2222.사당역 12번출구 뒤,1149,2022-03-01,대여소별 이용정보 22.3.csv
광진구,중랑1팀,571. 어린이대공원역6번출구,1152,2022-03-01,대여소별 이용정보 22.3.csv
송파구,학여울2팀,1269. 리센츠아파트,1155,2022-03-01,대여소별 이용정보 22.3.csv
양천구,개화3팀,700. KB국민은행 염창역 지점 앞,1155,2022-03-01,대여소별 이용정보 22.3.csv
송파구,천호2팀,2638.쌍용아파트,1155,2022-03-01,대여소별 이용정보 22.3.csv
관악구,영남2팀,2103. 신림동 우방아파트,1156,2022-03-01,대여소별 이용정보 22.3.csv
양천구,영남1팀,796.목동아파트 14단지 B상가 앞,1156,2022-03-01,대여소별 이용정보 22.3.csv
강서구,개화3팀,1172. 가양3동 주민센터,1157,2022-03-01,대여소별 이용정보 22.3.csv
마포구,상암1팀,411. DMC홍보관,1157,2022-03-01,대여소별 이용정보 22.3.csv
강서구,개화3팀,1169. 염창역 1번 출구,1157,2022-03-01,대여소별 이용정보 22.3.csv
강서구,개화3팀,1175. 대한항공 인력개발센터,1158,2022-03-01,대여소별 이용정보 22.3.csv
종로구,훈련원1팀,3415.동대문역6번출구,1158,2022-03-01,대여소별 이용정보 22.3.csv
성동구,중랑2팀,511. 서울숲역 5번 출구 옆,1159,2022-03-01,대여소별 이용정보 22.3.csv
강남구,학여울2팀,2384. 자곡사거리,1159,2022-03-01,대여소별 이용정보 22.3.csv
구로구,천왕1팀,1952. 천왕연지타운2단지 앞,1159,2022-03-01,대여소별 이용정보 22.3.csv
노원구,도봉2팀,1670. 노원경찰서교차로,1162,2022-03-01,대여소별 이용정보 22.3.csv
은평구,상암1팀,972. 수색역,1163,2022-03-01,대여소별 이용정보 22.3.csv
강동구,천호1팀,3656. 둔촌푸르지오아파트,1167,2022-03-01,대여소별 이용정보 22.3.csv
강서구,개화1팀,5064. 양천향교역8번출구,1169,2022-03-01,대여소별 이용정보 22.3.csv
양천구,영남1팀,756. 목동주차장,1171,2022-03-01,대여소별 이용정보 22.3.csv
서대문구,상암2팀,166. 가재울 초등학교,1171,2022-03-01,대여소별 이용정보 22.3.csv
동작구,영남2팀,2070. 노량진역 2번 출구 앞,1171,2022-03-01,대여소별 이용정보 22.3.csv
동작구,이수2팀,2060. 남성역3번출구 뒤,1171,2022-03-01,대여소별 이용정보 22.3.csv
광진구,중랑1팀,3581.광진광장,1173,2022-03-01,대여소별 이용정보 22.3.csv
영등포구,영남1팀,265. 영등포유통상가 사거리,1174,2022-03-01,대여소별 이용정보 22.3.csv
강동구,천호1팀,1001. 광진교 남단 사거리(천호공원 방면),1174,2022-03-01,대여소별 이용정보 22.3.csv
강북구,도봉4팀,"1501. 미아역 3번,4번 출구 사이",1175,2022-03-01,대여소별 이용정보 22.3.csv
금천구,천왕3팀,1824. 독산근린공원 입구,1177,2022-03-01,대여소별 이용정보 22.3.csv
영등포구,영남1팀,264. 교보생명보험 앞,1179,2022-03-01,대여소별 이용정보 22.3.csv
마포구,상암1팀,124. 서강대 정문 건너편,1180,2022-03-01,대여소별 이용정보 22.3.csv
중랑구,중랑3팀,1404. 동일로 지하차도,1180,2022-03-01,대여소별 이용정보 22.3.csv
성동구,중랑2팀,507. 성수아이에스비즈타워 앞,1181,2022-03-01,대여소별 이용정보 22.3.csv
도봉구,도봉3팀,1708. 보건소사거리(다비치안경창동점),1182,2022-03-01,대여소별 이용정보 22.3.csv
영등포구,영남3팀,225. 앙카라공원 앞,1182,2022-03-01,대여소별 이용정보 22.3.csv
종로구,세종로2팀,368. SK 서린빌딩 앞,1184,2022-03-01,대여소별 이용정보 22.3.csv
강동구,천호1팀,1004. 삼성광나루아파트 버스정류장,1186,2022-03-01,대여소별 이용정보 22.3.csv
양천구,개화3팀,747. 목동3단지 상가,1187,2022-03-01,대여소별 이용정보 22.3.csv
종로구,세종로2팀,4713. 현대 뜨레비앙 아파트 앞,1189,2022-03-01,대여소별 이용정보 22.3.csv
동작구,영남2팀,4169. 신대방삼거리,1189,2022-03-01,대여소별 이용정보 22.3.csv
중랑구,중랑3팀,4813. 망우지구대,1194,2022-03-01,대여소별 이용정보 22.3.csv
영등포구,영남3팀,252. 보라매역4번출구,1194,2022-03-01,대여소별 이용정보 22.3.csv
성북구,훈련원2팀,1359. 장위뉴타운 꿈에 숲 코오롱 하늘채 앞,1194,2022-03-01,대여소별 이용정보 22.3.csv
서초구,이수3팀,2279. 교대역 5번출구뒤,1196,2022-03-01,대여소별 이용정보 22.3.csv
강북구,도봉4팀,1530. 광산사거리,1197,2022-03-01,대여소별 이용정보 22.3.csv
강서구,개화2팀,1127. 화곡역 버스정류장,1197,2022-03-01,대여소별 이용정보 22.3.csv
영등포구,영남3팀,248. 초원아파트 앞,1199,2022-03-01,대여소별 이용정보 22.3.csv
강서구,개화1팀,1113. 서남환경공원 버스정류장,1199,2022-03-01,대여소별 이용정보 22.3.csv
서초구,이수3팀,2211. 서초구립반포도서관 앞,1200,2022-03-01,대여소별 이용정보 22.3.csv
중랑구,중랑3팀,1462.동부시장 북문 앞,1201,2022-03-01,대여소별 이용정보 22.3.csv
노원구,도봉2팀,4036. 하계역 6번출구,1202,2022-03-01,대여소별 이용정보 22.3.csv
중구,훈련원1팀,481.신당역 10번 출구,1203,2022-03-01,대여소별 이용정보 22.3.csv
성북구,훈련원2팀,1319. 종암사거리 분수대,1205,2022-03-01,대여소별 이용정보 22.3.csv
송파구,학여울2팀,1224. 아시아지하보도 2번 출구,1206,2022-03-01,대여소별 이용정보 22.3.csv
종로구,훈련원1팀,344. 성균관대 E하우스 앞,1206,2022-03-01,대여소별 이용정보 22.3.csv
강동구,천호1팀,1021. 강일동 리슈빌 빌딩앞,1206,2022-03-01,대여소별 이용정보 22.3.csv
송파구,천호2팀,1259. 방이역 1번출구,1206,2022-03-01,대여소별 이용정보 22.3.csv
중구,훈련원1팀,374. 청구역 2번출구 앞,1208,2022-03-01,대여소별 이용정보 22.3.csv
마포구,상암1팀,3011.경의선(노고산동),1208,2022-03-01,대여소별 이용정보 22.3.csv
송파구,학여울2팀,2648.헬리오시티 112동 앞,1209,2022-03-01,대여소별 이용정보 22.3.csv
마포구,상암1팀,490.가온문화공원,1210,2022-03-01,대여소별 이용정보 22.3.csv
강서구,개화2팀,3785. 마곡14단지 1408동앞,1210,2022-03-01,대여소별 이용정보 22.3.csv
성동구,중랑2팀,537. 한양대후문역 부근,1210,2022-03-01,대여소별 이용정보 22.3.csv
중구,세종로2팀,398. 을지로3가역 3번출구,1212,2022-03-01,대여소별 이용정보 22.3.csv
성북구,훈련원2팀,1372. KEB은행 고대점,1213,2022-03-01,대여소별 이용정보 22.3.csv
서대문구,상암2팀,179. 가좌역 4번출구 앞,1213,2022-03-01,대여소별 이용정보 22.3.csv
광진구,중랑1팀,577. 광진청소년수련관,1215,2022-03-01,대여소별 이용정보 22.3.csv
광진구,중랑1팀,3865. 이튼타워리버 2차,1217,2022-03-01,대여소별 이용정보 22.3.csv
광진구,중랑1팀,3586.군자역 비채온 오피스텔,1217,2022-03-01,대여소별 이용정보 22.3.csv
마포구,상암1팀,426. 서울신용보증재단,1218,2022-03-01,대여소별 이용정보 22.3.csv
양천구,천왕1팀,4535. 목동12단지 아파트,1220,2022-03-01,대여소별 이용정보 22.3.csv
송파구,학여울2팀,4897. 잠실주공5단지1,1220,2022-03-01,대여소별 이용정보 22.3.csv
성동구,중랑2팀,3552.서울숲 공영주차장앞,1220,2022-03-01,대여소별 이용정보 22.3.csv
강동구,천호1팀,1059. 래미안 강동팰리스(102동),1222,2022-03-01,대여소별 이용정보 22.3.csv
중구,훈련원1팀,390. 충무로역 1번출구,1225,2022-03-01,대여소별 이용정보 22.3.csv
강동구,천호1팀,1017. 둔촌고교입구 교차로(길동주민센터 방면),1225,2022-03-01,대여소별 이용정보 22.3.csv
송파구,천호2팀,1204. 거여역 3번출구,1226,2022-03-01,대여소별 이용정보 22.3.csv
광진구,중랑1팀,546. 잠실대교북단 교차로,1227,2022-03-01,대여소별 이용정보 22.3.csv
마포구,상암1팀,157. 애오개역 4번출구 앞,1227,2022-03-01,대여소별 이용정보 22.3.csv
동대문구,훈련원3팀,674.고대앞사거리 교통섬,1228,2022-03-01,대여소별 이용정보 22.3.csv
강동구,천호1팀,3671. 둔촌동역교차로,1229,2022-03-01,대여소별 이용정보 22.3.csv
노원구,도봉2팀,4007. 노원 을지대학교 병원,1229,2022-03-01,대여소별 이용정보 22.3.csv
중구,세종로2팀,4796. 부산은행,1229,2022-03-01,대여소별 이용정보 22.3.csv
송파구,천호2팀,4859. 잠실나루 나들목,1230,2022-03-01,대여소별 이용정보 22.3.csv
동대문구,훈련원3팀,605. 신설동역8번출구,1231,2022-03-01,대여소별 이용정보 22.3.csv
종로구,세종로2팀,334. 종로3가역 2번출구 뒤,1231,2022-03-01,대여소별 이용정보 22.3.csv
강서구,개화1팀,2735.마곡 공공청사,1232,2022-03-01,대여소별 이용정보 22.3.csv
서초구,이수2팀,2230.이수역 4번 출구,1233,2022-03-01,대여소별 이용정보 22.3.csv
마포구,상암1팀,108. 서교동 사거리,1235,2022-03-01,대여소별 이용정보 22.3.csv
성북구,훈련원2팀,1390.석관래미안아트리치,1235,2022-03-01,대여소별 이용정보 22.3.csv
송파구,학여울2팀,1245. 문정 법조단지9,1235,2022-03-01,대여소별 이용정보 22.3.csv
도봉구,도봉3팀,1762.북한산 한신휴플러스APT앞,1236,2022-03-01,대여소별 이용정보 22.3.csv
강서구,개화2팀,"5074. 마곡엠밸리14단지 버스정류장(마곡엠밸리11,12단지상가방면)",1236,2022-03-01,대여소별 이용정보 22.3.csv
강서구,개화1팀,1190. 마곡역 교차로(2번출구),1239,2022-03-01,대여소별 이용정보 22.3.csv
구로구,천왕2팀,1912. 한신휴아파트 앞,1239,2022-03-01,대여소별 이용정보 22.3.csv
중구,훈련원1팀,4765. 동대문디자인플라자,1239,2022-03-01,대여소별 이용정보 22.3.csv
성동구,중랑2팀,3560.성동구 견인차량 보관소 앞,1240,2022-03-01,대여소별 이용정보 22.3.csv
송파구,천호2팀,4484. 잠실나루역4번출구뒤,1240,2022-03-01,대여소별 이용정보 22.3.csv
중구,훈련원1팀,4792. 퇴계로4가 교차로(중구청),1241,2022-03-01,대여소별 이용정보 22.3.csv
강서구,개화2팀,2741.마곡수명산파크5-6단지,1244,2022-03-01,대여소별 이용정보 22.3.csv
노원구,도봉1팀,1689. 마들역 3번출구,1247,2022-03-01,대여소별 이용정보 22.3.csv
강서구,개화1팀,2727.서울식물원 잔디마당 앞,1247,2022-03-01,대여소별 이용정보 22.3.csv
관악구,이수2팀,2171. 서울대입구역 5번출구,1250,2022-03-01,대여소별 이용정보 22.3.csv
강서구,개화1팀,3774. 마곡9단지 910동 상가앞,1251,2022-03-01,대여소별 이용정보 22.3.csv
양천구,개화3팀,768.목동5단지아파트 501동,1252,2022-03-01,대여소별 이용정보 22.3.csv
구로구,천왕2팀,3905. 희훈타워빌 앞,1252,2022-03-01,대여소별 이용정보 22.3.csv
송파구,학여울2팀,4876. 삼전동주민센터 앞,1253,2022-03-01,대여소별 이용정보 22.3.csv
동대문구,훈련원4팀,678.장안힐스테이트(아) 앞,1254,2022-03-01,대여소별 이용정보 22.3.csv
마포구,상암1팀,119. 서강나루 공원,1256,2022-03-01,대여소별 이용정보 22.3.csv
관악구,영남2팀,3811.신사로입구,1256,2022-03-01,대여소별 이용정보 22.3.csv
노원구,도봉1팀,4037. 물넘이교,1260,2022-03-01,대여소별 이용정보 22.3.csv
강서구,개화1팀,2724.(재)FITI시험연구원,1261,2022-03-01,대여소별 이용정보 22.3.csv
송파구,천호2팀,1226. 잠실4동 주민센터 옆,1262,2022-03-01,대여소별 이용정보 22.3.csv
마포구,상암1팀,107. 신한은행 서교동지점,1262,2022-03-01,대여소별 이용정보 22.3.csv
종로구,세종로2팀,326. 안국역 5번출구 앞,1262,2022-03-01,대여소별 이용정보 22.3.csv
광진구,중랑1팀,3868. 자양한강도서관,1266,2022-03-01,대여소별 이용정보 22.3.csv
종로구,훈련원1팀,355. 서울사대부속초교 앞,1269,2022-03-01,대여소별 이용정보 22.3.csv
송파구,천호2팀,1227. 거여역 8번출구 뒤,1270,2022-03-01,대여소별 이용정보 22.3.csv
서대문구,상암2팀,3119.연희 브라운스톤 아파트 앞,1272,2022-03-01,대여소별 이용정보 22.3.csv
광진구,중랑1팀,3573.광나루안전체험관,1274,2022-03-01,대여소별 이용정보 22.3.csv
강남구,이수3팀,3606. 신사동주민센터 옆,1274,2022-03-01,대여소별 이용정보 22.3.csv
송파구,학여울2팀,4852. 서울복합물류 게이트 1,1275,2022-03-01,대여소별 이용정보 22.3.csv
강서구,개화1팀,2707.한강아파트,1275,2022-03-01,대여소별 이용정보 22.3.csv
서초구,이수1팀,2252. 잔디마을 마을버스 정류장,1277,2022-03-01,대여소별 이용정보 22.3.csv
양천구,개화3팀,754. 목동1단지아파트 118동 앞,1277,2022-03-01,대여소별 이용정보 22.3.csv
동작구,영남2팀,2013. 장승배기역 5번출구,1279,2022-03-01,대여소별 이용정보 22.3.csv
영등포구,영남3팀,220. 미성아파트 A동 앞,1280,2022-03-01,대여소별 이용정보 22.3.csv
성동구,중랑2팀,582. 경일중학교 앞,1281,2022-03-01,대여소별 이용정보 22.3.csv
중랑구,중랑3팀,1448. 코스트코 상봉점,1283,2022-03-01,대여소별 이용정보 22.3.csv
서대문구,상암1팀,116. 일진아이윌아파트 옆,1284,2022-03-01,대여소별 이용정보 22.3.csv
영등포구,영남3팀,226. 샛강역 1번출구 앞,1286,2022-03-01,대여소별 이용정보 22.3.csv
마포구,상암1팀,4218. 디지털매직스페이스,1286,2022-03-01,대여소별 이용정보 22.3.csv
노원구,도봉2팀,4008. 하계 어린이 공원,1287,2022-03-01,대여소별 이용정보 22.3.csv
은평구,상암3팀,950. 구산역 2번 출구 예일여고 버스정류장,1288,2022-03-01,대여소별 이용정보 22.3.csv
강서구,개화2팀,5070. 마곡13단지힐스테이트마스터 후문(1320동 앞),1289,2022-03-01,대여소별 이용정보 22.3.csv
용산구,세종로3팀,816. 신용산역 6번출구 앞,1292,2022-03-01,대여소별 이용정보 22.3.csv
강서구,개화2팀,1128. 화곡역 6번출구,1292,2022-03-01,대여소별 이용정보 22.3.csv
중랑구,중랑3팀,1442. 중랑구 중소기업 창업센터,1293,2022-03-01,대여소별 이용정보 22.3.csv
광진구,중랑2팀,3506. 영동대교 북단,1294,2022-03-01,대여소별 이용정보 22.3.csv
강서구,개화2팀,2732.마곡수명산 1-2단지,1294,2022-03-01,대여소별 이용정보 22.3.csv
노원구,도봉2팀,1602. 광운대역 앞,1295,2022-03-01,대여소별 이용정보 22.3.csv
광진구,중랑1팀,593.자양중앙나들목,1296,2022-03-01,대여소별 이용정보 22.3.csv
종로구,세종로2팀,327. 낙원상가 옆,1299,2022-03-01,대여소별 이용정보 22.3.csv
노원구,도봉1팀,5301. 상계주공1단지 버스정류장 옆(대원빌딩 앞),1299,2022-03-01,대여소별 이용정보 22.3.csv
은평구,상암3팀,933. 역촌종합시장 버스정류장(예일여고 방면),1300,2022-03-01,대여소별 이용정보 22.3.csv
서초구,이수3팀,2231. 삼성타운(삼성생명) A동 맞은편,1300,2022-03-01,대여소별 이용정보 22.3.csv
노원구,도봉2팀,1605. 헬스케어,1302,2022-03-01,대여소별 이용정보 22.3.csv
노원구,도봉2팀,1619. 중계동 하나프라자빌딩 앞(중1-1),1302,2022-03-01,대여소별 이용정보 22.3.csv
중구,훈련원1팀,4798. 황학동롯데캐슬,1302,2022-03-01,대여소별 이용정보 22.3.csv
동대문구,훈련원4팀,642. 신답역 사거리,1303,2022-03-01,대여소별 이용정보 22.3.csv
중랑구,중랑3팀,1455. 상봉역 2번 출구,1304,2022-03-01,대여소별 이용정보 22.3.csv
송파구,천호2팀,1278. 송파구청 교차로,1304,2022-03-01,대여소별 이용정보 22.3.csv
강서구,개화1팀,2706.강서공업고등학교 앞,1305,2022-03-01,대여소별 이용정보 22.3.csv
노원구,도봉1팀,1690. 도봉운전면허시험장 버스정류장 옆,1305,2022-03-01,대여소별 이용정보 22.3.csv
금천구,천왕3팀,1841. 가산동 주민센터,1306,2022-03-01,대여소별 이용정보 22.3.csv
구로구,천왕2팀,1958. 강서수도사업소민원센터,1307,2022-03-01,대여소별 이용정보 22.3.csv
동작구,영남2팀,2059. 보라매공원 정문,1308,2022-03-01,대여소별 이용정보 22.3.csv
강동구,천호1팀,1076. 천동초교입구사거리 버스정류장(십자성마을 방면),1311,2022-03-01,대여소별 이용정보 22.3.csv
성동구,중랑2팀,3549.건영아파트 앞,1312,2022-03-01,대여소별 이용정보 22.3.csv
송파구,천호1팀,1208. 풍납현대아파트쉼터,1312,2022-03-01,대여소별 이용정보 22.3.csv
용산구,세종로3팀,841. 신용산역 1번 출구,1312,2022-03-01,대여소별 이용정보 22.3.csv
양천구,개화3팀,701. 목동사거리 부근,1314,2022-03-01,대여소별 이용정보 22.3.csv
서초구,이수3팀,2265. 이수고가차도 남단,1315,2022-03-01,대여소별 이용정보 22.3.csv
강동구,천호1팀,1048. 둔촌어린이공원,1316,2022-03-01,대여소별 이용정보 22.3.csv
노원구,도봉2팀,4041. 공릉역3번출구,1317,2022-03-01,대여소별 이용정보 22.3.csv
동대문구,훈련원3팀,615. 용두동 래미안허브리츠아파트 앞,1321,2022-03-01,대여소별 이용정보 22.3.csv
도봉구,도봉3팀,1737. 하나은행 (창동점),1322,2022-03-01,대여소별 이용정보 22.3.csv
동대문구,훈련원4팀,626. 군자교 서측 녹지대,1323,2022-03-01,대여소별 이용정보 22.3.csv
영등포구,영남1팀,267. 삼성화재 사옥 옆,1323,2022-03-01,대여소별 이용정보 22.3.csv
영등포구,영남3팀,4568. 영등포로터리,1324,2022-03-01,대여소별 이용정보 22.3.csv
종로구,세종로2팀,385. 종각역 5번출구,1324,2022-03-01,대여소별 이용정보 22.3.csv
성북구,훈련원2팀,4408. 돌곶이역 앞,1325,2022-03-01,대여소별 이용정보 22.3.csv
영등포구,영남3팀,258. 신길역3번출구,1326,2022-03-01,대여소별 이용정보 22.3.csv
노원구,도봉2팀,1683. 노원문화예술회관,1328,2022-03-01,대여소별 이용정보 22.3.csv
성동구,중랑2팀,525. 한양대병원사거리,1328,2022-03-01,대여소별 이용정보 22.3.csv
은평구,상암2팀,915. 증산역 4번출구,1328,2022-03-01,대여소별 이용정보 22.3.csv
성동구,중랑2팀,521. 왕십리역 11번 출구 앞,1329,2022-03-01,대여소별 이용정보 22.3.csv
강동구,천호1팀,1035. 고덕역 4번출구,1331,2022-03-01,대여소별 이용정보 22.3.csv
영등포구,영남3팀,3212.신풍역 6번출구,1332,2022-03-01,대여소별 이용정보 22.3.csv
영등포구,영남3팀,279. 영등포 푸르지오 아파트,1332,2022-03-01,대여소별 이용정보 22.3.csv
강서구,개화1팀,3778. 김포공항입구 교차로,1336,2022-03-01,대여소별 이용정보 22.3.csv
종로구,세종로1팀,4710. 자교교회 앞,1337,2022-03-01,대여소별 이용정보 22.3.csv
서초구,이수3팀,2220. 반포본동 주민센터 앞,1338,2022-03-01,대여소별 이용정보 22.3.csv
송파구,학여울2팀,4465. 건영아파트앞 사거리,1340,2022-03-01,대여소별 이용정보 22.3.csv
성북구,훈련원2팀,1336. 성북3교 위,1345,2022-03-01,대여소별 이용정보 22.3.csv
강서구,개화1팀,2729.넥센 유니버시티 앞,1345,2022-03-01,대여소별 이용정보 22.3.csv
노원구,도봉2팀,4013. 중계 롯데마트,1346,2022-03-01,대여소별 이용정보 22.3.csv
종로구,훈련원1팀,340. 혜화동 로터리,1348,2022-03-01,대여소별 이용정보 22.3.csv
송파구,천호2팀,1212. 송파역 2번 출구앞,1349,2022-03-01,대여소별 이용정보 22.3.csv
마포구,상암1팀,417. DMC역 2번출구 옆,1350,2022-03-01,대여소별 이용정보 22.3.csv
양천구,개화3팀,719. 홍익병원앞 교차로,1351,2022-03-01,대여소별 이용정보 22.3.csv
마포구,상암1팀,414. 상암동주민센터 옆,1352,2022-03-01,대여소별 이용정보 22.3.csv
송파구,학여울2팀,2618. 삼전역 1번출구,1354,2022-03-01,대여소별 이용정보 22.3.csv
성북구,훈련원2팀,1332. 석계역 5번출구 건너편,1355,2022-03-01,대여소별 이용정보 22.3.csv
성북구,훈련원2팀,1381.석계역 4번출구 뒤,1357,2022-03-01,대여소별 이용정보 22.3.csv
노원구,도봉1팀,4003. 상계초교 입구 교차로 명주빌딩 앞,1360,2022-03-01,대여소별 이용정보 22.3.csv
서대문구,상암1팀,128. 신촌역(2호선) 1번출구 옆,1362,2022-03-01,대여소별 이용정보 22.3.csv
송파구,천호2팀,2630.서울방이동 고분군,1363,2022-03-01,대여소별 이용정보 22.3.csv
송파구,천호2팀,1282. 송파소방서 맞은편(성내4교),1364,2022-03-01,대여소별 이용정보 22.3.csv
은평구,상암3팀,905. 구파발역 2번출구,1367,2022-03-01,대여소별 이용정보 22.3.csv
동대문구,훈련원3팀,650. 중랑교사거리,1367,2022-03-01,대여소별 이용정보 22.3.csv
강서구,개화1팀,1155. 기쁜우리복지관,1368,2022-03-01,대여소별 이용정보 22.3.csv
강서구,개화1팀,3757. 신방화역 6번출구,1369,2022-03-01,대여소별 이용정보 22.3.csv
마포구,상암1팀,181. 망원초록길 입구,1371,2022-03-01,대여소별 이용정보 22.3.csv
마포구,상암1팀,4220. 신촌 청년주택,1373,2022-03-01,대여소별 이용정보 22.3.csv
송파구,학여울2팀,4453. 위례중앙푸르지오 201동 앞,1377,2022-03-01,대여소별 이용정보 22.3.csv
중랑구,중랑3팀,1458. 상봉터미널2,1378,2022-03-01,대여소별 이용정보 22.3.csv
동대문구,훈련원3팀,4125. 회기역 2-①번출구,1380,2022-03-01,대여소별 이용정보 22.3.csv
양천구,개화3팀,766. 신목동역 3번출구,1380,2022-03-01,대여소별 이용정보 22.3.csv
노원구,도봉2팀,1669. 중계역 3번출구,1381,2022-03-01,대여소별 이용정보 22.3.csv
성북구,훈련원2팀,1369. 미아사거리,1383,2022-03-01,대여소별 이용정보 22.3.csv
노원구,도봉2팀,2908. 광운대학교 중앙도서관,1385,2022-03-01,대여소별 이용정보 22.3.csv
노원구,도봉2팀,2912.대진고등학교,1385,2022-03-01,대여소별 이용정보 22.3.csv
강북구,도봉4팀,1529. 미아동 한국전력공사,1387,2022-03-01,대여소별 이용정보 22.3.csv
성북구,훈련원2팀,1380.월곡역 5번출구 앞,1388,2022-03-01,대여소별 이용정보 22.3.csv
강서구,개화1팀,3788. 정곡나들목,1389,2022-03-01,대여소별 이용정보 22.3.csv
광진구,중랑1팀,3582.화양동 우체국,1390,2022-03-01,대여소별 이용정보 22.3.csv
광진구,중랑1팀,539. 군자교교차로,1390,2022-03-01,대여소별 이용정보 22.3.csv
노원구,도봉1팀,1656. 중앙하이츠 아파트 입구,1391,2022-03-01,대여소별 이용정보 22.3.csv
도봉구,도봉3팀,1738. 창동주공17단지 상가앞,1392,2022-03-01,대여소별 이용정보 22.3.csv
강동구,천호1팀,1022. 길동 사거리(초소앞),1393,2022-03-01,대여소별 이용정보 22.3.csv
마포구,상암1팀,3009.서교동사거리(신),1394,2022-03-01,대여소별 이용정보 22.3.csv
양천구,개화4팀,794.양천문화회관,1398,2022-03-01,대여소별 이용정보 22.3.csv
동대문구,훈련원4팀,4121. 서울문화재단 앞,1398,2022-03-01,대여소별 이용정보 22.3.csv
광진구,중랑1팀,542. 강변역 4번출구 뒤,1399,2022-03-01,대여소별 이용정보 22.3.csv
강서구,개화2팀,3796. 송정역 3번출구 앞,1401,2022-03-01,대여소별 이용정보 22.3.csv
양천구,개화4팀,716.신정6동 주민센터 인근,1402,2022-03-01,대여소별 이용정보 22.3.csv
서초구,이수3팀,2505. 우성아파트사거리 (기업은행앞),1402,2022-03-01,대여소별 이용정보 22.3.csv
강동구,천호1팀,3657. 서울천호동우체국,1403,2022-03-01,대여소별 이용정보 22.3.csv
구로구,천왕2팀,1901. 신도림동주민센터 앞,1406,2022-03-01,대여소별 이용정보 22.3.csv
강동구,천호1팀,3664. 맥도날드 서울둔촌DT점 앞,1406,2022-03-01,대여소별 이용정보 22.3.csv
양천구,개화3팀,793.목동5단지아파트 534동,1407,2022-03-01,대여소별 이용정보 22.3.csv
중구,훈련원1팀,474.동대문역사문화공원역 1번출구 뒤편,1410,2022-03-01,대여소별 이용정보 22.3.csv
강서구,개화3팀,3794. 안양천합수부(현대3차아파트),1413,2022-03-01,대여소별 이용정보 22.3.csv
송파구,학여울2팀,1235. 잠실트리지움310동 옆,1414,2022-03-01,대여소별 이용정보 22.3.csv
강서구,개화3팀,1140. 목동사거리 버스정류장,1415,2022-03-01,대여소별 이용정보 22.3.csv
영등포구,영남3팀,4559. 신길역 2번출구,1417,2022-03-01,대여소별 이용정보 22.3.csv
서초구,이수3팀,2217.아크로리버뷰 부지 앞,1418,2022-03-01,대여소별 이용정보 22.3.csv
종로구,세종로1팀,308. 광화문 S타워 앞,1420,2022-03-01,대여소별 이용정보 22.3.csv
성동구,중랑2팀,3548.뚝섬역 6번출구,1420,2022-03-01,대여소별 이용정보 22.3.csv
영등포구,영남3팀,214. 금융감독원 앞,1420,2022-03-01,대여소별 이용정보 22.3.csv
광진구,중랑1팀,543. 구의공원(테크노마트 앞),1421,2022-03-01,대여소별 이용정보 22.3.csv
송파구,천호2팀,4486. 홈플러스 잠실점,1422,2022-03-01,대여소별 이용정보 22.3.csv
종로구,세종로2팀,3407.안국동사거리(신),1423,2022-03-01,대여소별 이용정보 22.3.csv
서대문구,상암2팀,123. 문화촌 공원,1423,2022-03-01,대여소별 이용정보 22.3.csv
구로구,천왕1팀,1988. 고척LIGA아파트 앞,1424,2022-03-01,대여소별 이용정보 22.3.csv
동대문구,훈련원3팀,635. 시조사 앞 (청량고정문 옆),1424,2022-03-01,대여소별 이용정보 22.3.csv
양천구,영남1팀,4514. 목동성당 앞,1427,2022-03-01,대여소별 이용정보 22.3.csv
은평구,상암3팀,911. 은평평화공원(역촌역4번출구),1435,2022-03-01,대여소별 이용정보 22.3.csv
노원구,도봉1팀,1668. 중계역 6번출구,1438,2022-03-01,대여소별 이용정보 22.3.csv
영등포구,영남3팀,221. 여의도초교 앞,1439,2022-03-01,대여소별 이용정보 22.3.csv
은평구,상암2팀,912. 응암오거리,1440,2022-03-01,대여소별 이용정보 22.3.csv
강동구,천호1팀,1013. 강동구청역 1번 출입구,1440,2022-03-01,대여소별 이용정보 22.3.csv
송파구,학여울2팀,2635.잠실새내역 1번출구,1441,2022-03-01,대여소별 이용정보 22.3.csv
서초구,이수3팀,"4330. 반포한강공원입구,씨티21옆",1441,2022-03-01,대여소별 이용정보 22.3.csv
구로구,천왕1팀,1977. 천왕역 1번 출입구 앞,1442,2022-03-01,대여소별 이용정보 22.3.csv
은평구,상암2팀,956. 응암시장교차로,1442,2022-03-01,대여소별 이용정보 22.3.csv
송파구,학여울2팀,4483. 잠실나들목4,1444,2022-03-01,대여소별 이용정보 22.3.csv
은평구,상암2팀,943. 은평구청 보건소,1444,2022-03-01,대여소별 이용정보 22.3.csv
양천구,개화3팀,702. 목4동주민센터 옆,1445,2022-03-01,대여소별 이용정보 22.3.csv
광진구,중랑1팀,573. 구의문주차장 앞,1446,2022-03-01,대여소별 이용정보 22.3.csv
서초구,이수1팀,2255.시민의숲역 1번출구 옆,1447,2022-03-01,대여소별 이용정보 22.3.csv
성북구,훈련원2팀,1337. 돈암성당 옆,1447,2022-03-01,대여소별 이용정보 22.3.csv
강서구,개화1팀,2722.마곡 문영비지웍스,1448,2022-03-01,대여소별 이용정보 22.3.csv
영등포구,영남1팀,244. 영등포삼환아파트 앞,1450,2022-03-01,대여소별 이용정보 22.3.csv
종로구,훈련원1팀,363. 신설동역 11번출구 뒤,1452,2022-03-01,대여소별 이용정보 22.3.csv
성동구,중랑2팀,3544.한양대역 3번 출구,1452,2022-03-01,대여소별 이용정보 22.3.csv
성동구,중랑2팀,561. 서울숲역 2번출구 앞,1458,2022-03-01,대여소별 이용정보 22.3.csv
마포구,상암1팀,153. 성산2교 사거리,1458,2022-03-01,대여소별 이용정보 22.3.csv
마포구,상암1팀,438. 성산2-1 공영주차장,1460,2022-03-01,대여소별 이용정보 22.3.csv
강서구,개화3팀,1132. 등촌역 7번출구,1461,2022-03-01,대여소별 이용정보 22.3.csv
동대문구,훈련원3팀,660. 동의보감타워,1461,2022-03-01,대여소별 이용정보 22.3.csv
강서구,개화2팀,1129. 화곡역 1번 출구 앞,1463,2022-03-01,대여소별 이용정보 22.3.csv
송파구,학여울2팀,1221. 삼전역 4번출구,1464,2022-03-01,대여소별 이용정보 22.3.csv
노원구,도봉1팀,1692. 온곡초교 교차로,1473,2022-03-01,대여소별 이용정보 22.3.csv
영등포구,영남3팀,219. 롯데캐슬엠파이어 옆,1482,2022-03-01,대여소별 이용정보 22.3.csv
영등포구,영남3팀,4575. 대림동 e편한세상영등포아델포레,1484,2022-03-01,대여소별 이용정보 22.3.csv
관악구,영남2팀,2140. 신림1교 교차로,1486,2022-03-01,대여소별 이용정보 22.3.csv
종로구,훈련원1팀,362. 청계8가 사거리,1487,2022-03-01,대여소별 이용정보 22.3.csv
송파구,학여울2팀,1205. 종합운동장역 4번출구,1489,2022-03-01,대여소별 이용정보 22.3.csv
강서구,개화2팀,1131. 꿈돌이공원 앞,1494,2022-03-01,대여소별 이용정보 22.3.csv
노원구,도봉1팀,1688. 마들역 7번출구,1494,2022-03-01,대여소별 이용정보 22.3.csv
노원구,도봉1팀,1661. 당현천근린공원,1498,2022-03-01,대여소별 이용정보 22.3.csv
마포구,상암1팀,148. 용강동 주민센터 앞,1500,2022-03-01,대여소별 이용정보 22.3.csv
중구,훈련원1팀,473.을지로4가역 9번출구,1501,2022-03-01,대여소별 이용정보 22.3.csv
양천구,영남1팀,786.목동아파트 8단지 상가동 앞,1502,2022-03-01,대여소별 이용정보 22.3.csv
용산구,세종로3팀,837. 한남나들목 입구,1503,2022-03-01,대여소별 이용정보 22.3.csv
영등포구,영남1팀,290. 당산동 SK V1 빌딩,1503,2022-03-01,대여소별 이용정보 22.3.csv
강서구,개화2팀,3759. 이대서울병원,1504,2022-03-01,대여소별 이용정보 22.3.csv
성동구,중랑2팀,529. 장한평역 8번 출구 앞,1505,2022-03-01,대여소별 이용정보 22.3.csv
강서구,개화2팀,1126. 우장산역 1번출구옆(우장산아이파크105동앞),1507,2022-03-01,대여소별 이용정보 22.3.csv
양천구,천왕1팀,788.양천구청역 2번출구 옆,1512,2022-03-01,대여소별 이용정보 22.3.csv
성북구,훈련원2팀,1384.성신여대입구역 5번출구,1515,2022-03-01,대여소별 이용정보 22.3.csv
강서구,개화1팀,3784. 벽산아파트,1516,2022-03-01,대여소별 이용정보 22.3.csv
강동구,천호1팀,1047. 강동 한신휴플러스,1518,2022-03-01,대여소별 이용정보 22.3.csv
강서구,개화2팀,2718.마곡수명산파크1단지,1519,2022-03-01,대여소별 이용정보 22.3.csv
강서구,개화1팀,2730.마곡메가박스 앞,1519,2022-03-01,대여소별 이용정보 22.3.csv
강서구,개화1팀,1150. 송정역 1번출구,1521,2022-03-01,대여소별 이용정보 22.3.csv
영등포구,영남1팀,4553. 당산삼성2차아파트,1523,2022-03-01,대여소별 이용정보 22.3.csv
강남구,이수1팀,2340. 삼호물산버스정류장(23370) 옆,1527,2022-03-01,대여소별 이용정보 22.3.csv
동대문구,훈련원3팀,609. 제기2교,1530,2022-03-01,대여소별 이용정보 22.3.csv
종로구,훈련원1팀,3416.동묘앞역 6번출구,1531,2022-03-01,대여소별 이용정보 22.3.csv
노원구,도봉2팀,1616. 하계2동 공항버스정류장 옆,1533,2022-03-01,대여소별 이용정보 22.3.csv
광진구,중랑1팀,590. 건국대학교 (입학정보관),1534,2022-03-01,대여소별 이용정보 22.3.csv
강서구,개화3팀,1120. 대림경동아파트앞,1534,2022-03-01,대여소별 이용정보 22.3.csv
광진구,중랑1팀,576. 광나루역 3번 출구,1534,2022-03-01,대여소별 이용정보 22.3.csv
영등포구,영남3팀,203. 국회의사당역 3번출구 옆,1539,2022-03-01,대여소별 이용정보 22.3.csv
광진구,중랑1팀,3517. 용마사거리,1541,2022-03-01,대여소별 이용정보 22.3.csv
도봉구,도봉3팀,1741. 제일강산수산입구,1544,2022-03-01,대여소별 이용정보 22.3.csv
성동구,중랑2팀,578. 성동세무서 부근,1544,2022-03-01,대여소별 이용정보 22.3.csv
영등포구,영남3팀,4564. 63스퀘어,1549,2022-03-01,대여소별 이용정보 22.3.csv
노원구,도봉1팀,1657. 노원구청,1551,2022-03-01,대여소별 이용정보 22.3.csv
성북구,훈련원2팀,1306. 한성대입구역2번출구,1552,2022-03-01,대여소별 이용정보 22.3.csv
강서구,개화2팀,1192. 마곡수명산파크 209동 건너편,1553,2022-03-01,대여소별 이용정보 22.3.csv
용산구,세종로 4팀,818. 숙명여대 입구 교차로,1554,2022-03-01,대여소별 이용정보 22.3.csv
영등포구,영남1팀,296.KT플라자 영등포점,1559,2022-03-01,대여소별 이용정보 22.3.csv
강동구,천호1팀,1078.둔촌사거리,1565,2022-03-01,대여소별 이용정보 22.3.csv
강서구,개화3팀,1135. 강서구의회,1566,2022-03-01,대여소별 이용정보 22.3.csv
동작구,영남2팀,2080. 대방지하보도(대방동경남아너스빌아파트),1570,2022-03-01,대여소별 이용정보 22.3.csv
송파구,천호2팀,1215. 올림픽공원역 1번출구 앞,1571,2022-03-01,대여소별 이용정보 22.3.csv
송파구,학여울2팀,2606. 위례동주민센터 맞은편 근린공원,1571,2022-03-01,대여소별 이용정보 22.3.csv
강동구,천호1팀,1077.강동역 1번출구 앞,1571,2022-03-01,대여소별 이용정보 22.3.csv
강동구,천호1팀,1002. 해공공원(천호동),1577,2022-03-01,대여소별 이용정보 22.3.csv
영등포구,영남3팀,211. 여의도역 4번출구 옆,1579,2022-03-01,대여소별 이용정보 22.3.csv
용산구,세종로3팀,825. 서빙고동 주민센터 앞,1583,2022-03-01,대여소별 이용정보 22.3.csv
영등포구,영남3팀,209. 유진투자증권빌딩 앞,1584,2022-03-01,대여소별 이용정보 22.3.csv
서대문구,상암2팀,194. 증산교 앞,1584,2022-03-01,대여소별 이용정보 22.3.csv
종로구,세종로1팀,305. 종로구청 옆,1585,2022-03-01,대여소별 이용정보 22.3.csv
서초구,이수3팀,2264. 이수역 1번출구,1586,2022-03-01,대여소별 이용정보 22.3.csv
금천구,천왕3팀,3966. 독산역1번출구 옆,1592,2022-03-01,대여소별 이용정보 22.3.csv
송파구,학여울2팀,2601. 석촌호수 아뜰리에,1595,2022-03-01,대여소별 이용정보 22.3.csv
강서구,개화3팀,1119. 염창동 한마음아파트 앞,1596,2022-03-01,대여소별 이용정보 22.3.csv
마포구,상암1팀,487.신석초교앞 교차로 교통섬,1598,2022-03-01,대여소별 이용정보 22.3.csv
송파구,학여울2팀,2619. 석촌고분역 4번출구,1600,2022-03-01,대여소별 이용정보 22.3.csv
구로구,천왕2팀,2801. 대륭포스트타워1차,1600,2022-03-01,대여소별 이용정보 22.3.csv
영등포구,영남1팀,268. 그랜드컨벤션센터 앞,1603,2022-03-01,대여소별 이용정보 22.3.csv
마포구,상암1팀,104. 합정역 1번출구 앞,1608,2022-03-01,대여소별 이용정보 22.3.csv
용산구,세종로3팀,829. 베르가모앞,1609,2022-03-01,대여소별 이용정보 22.3.csv
강남구,학여울1팀,3627. 압구정나들목,1612,2022-03-01,대여소별 이용정보 22.3.csv
송파구,천호2팀,1262. 송파여성문화회관 앞,1613,2022-03-01,대여소별 이용정보 22.3.csv
동대문구,훈련원4팀,643. 동대문구민체육센터 (육교아래),1615,2022-03-01,대여소별 이용정보 22.3.csv
영등포구,영남1팀,284. 센트럴 푸르지오 시티 앞,1615,2022-03-01,대여소별 이용정보 22.3.csv
영등포구,영남3팀,205. 산업은행 앞,1616,2022-03-01,대여소별 이용정보 22.3.csv
강서구,개화1팀,1111. 마곡엠밸리6_7단지 마곡중학교,1620,2022-03-01,대여소별 이용정보 22.3.csv
송파구,천호2팀,4481. 올림픽공원 북2문 2,1622,2022-03-01,대여소별 이용정보 22.3.csv
강동구,천호1팀,1029. 성내어울터,1625,2022-03-01,대여소별 이용정보 22.3.csv
동작구,영남2팀,2058. 동작경찰서,1626,2022-03-01,대여소별 이용정보 22.3.csv
도봉구,도봉3팀,1742. 북한산 코오롱 하늘채,1626,2022-03-01,대여소별 이용정보 22.3.csv
관악구,영남2팀,2113. 관악동작견인차량보관소,1629,2022-03-01,대여소별 이용정보 22.3.csv
노원구,도봉2팀,2915.서울과학기술대학교(어학교육원),1636,2022-03-01,대여소별 이용정보 22.3.csv
마포구,상암1팀,493.홍대입구역 6번출구,1636,2022-03-01,대여소별 이용정보 22.3.csv
강동구,천호1팀,1023. 한국종합기술사옥 앞,1636,2022-03-01,대여소별 이용정보 22.3.csv
노원구,도봉2팀,2910.도깨비시장,1637,2022-03-01,대여소별 이용정보 22.3.csv
양천구,영남1팀,731. 서울시 도로환경관리센터,1639,2022-03-01,대여소별 이용정보 22.3.csv
광진구,중랑1팀,501. 광진구의회 앞,1639,2022-03-01,대여소별 이용정보 22.3.csv
서대문구,상암2팀,175. 홍연2교옆,1639,2022-03-01,대여소별 이용정보 22.3.csv
노원구,도봉1팀,1686. 상계주공10단지 종합상가 앞,1639,2022-03-01,대여소별 이용정보 22.3.csv
송파구,학여울2팀,2637. 아시아지하보도 14번 출구,1643,2022-03-01,대여소별 이용정보 22.3.csv
중랑구,중랑3팀,1414. 사가정역 2번출구,1645,2022-03-01,대여소별 이용정보 22.3.csv
중랑구,중랑3팀,1449. 상봉역 1번출구,1645,2022-03-01,대여소별 이용정보 22.3.csv
마포구,상암1팀,409. 누리꿈스퀘어 옆,1648,2022-03-01,대여소별 이용정보 22.3.csv
강서구,개화2팀,1199. 우장산역 3번출구,1651,2022-03-01,대여소별 이용정보 22.3.csv
강남구,학여울1팀,2306. 압구정역 2번 출구 옆,1658,2022-03-01,대여소별 이용정보 22.3.csv
영등포구,영남1팀,280. 양평동6차현대아파트 앞,1661,2022-03-01,대여소별 이용정보 22.3.csv
성북구,훈련원2팀,1354. 고려대학교 2번출구,1662,2022-03-01,대여소별 이용정보 22.3.csv
송파구,천호2팀,1297. 석촌호수교차로(동호 팔각정 앞),1663,2022-03-01,대여소별 이용정보 22.3.csv
종로구,훈련원1팀,3413.종로플레이스,1665,2022-03-01,대여소별 이용정보 22.3.csv
성동구,중랑2팀,514. 성수사거리 버스정류장 앞,1666,2022-03-01,대여소별 이용정보 22.3.csv
송파구,학여울2팀,1220. 잠실근린공원,1671,2022-03-01,대여소별 이용정보 22.3.csv
동작구,영남2팀,2015. 신대방삼거리역 6번출구쪽,1671,2022-03-01,대여소별 이용정보 22.3.csv
서대문구,상암2팀,176. 명지대학교 도서관,1677,2022-03-01,대여소별 이용정보 22.3.csv
도봉구,도봉3팀,1720. 도봉구청 옆(중랑천변),1679,2022-03-01,대여소별 이용정보 22.3.csv
서대문구,상암2팀,133. 해담는다리,1681,2022-03-01,대여소별 이용정보 22.3.csv
양천구,영남1팀,771.목동아파트 703동 앞,1683,2022-03-01,대여소별 이용정보 22.3.csv
송파구,천호2팀,2628.문정역 1번출구,1686,2022-03-01,대여소별 이용정보 22.3.csv
마포구,상암1팀,421. 마포구청 앞,1694,2022-03-01,대여소별 이용정보 22.3.csv
양천구,개화4팀,795.양천 해누리타운,1695,2022-03-01,대여소별 이용정보 22.3.csv
송파구,천호2팀,1203. 밀리아나2빌딩 앞,1695,2022-03-01,대여소별 이용정보 22.3.csv
영등포구,영남3팀,213. KT앞,1697,2022-03-01,대여소별 이용정보 22.3.csv
양천구,개화4팀,779. 신정1동 주민센터 앞,1700,2022-03-01,대여소별 이용정보 22.3.csv
마포구,상암1팀,130. 신촌역(2호선) 7번출구 앞,1701,2022-03-01,대여소별 이용정보 22.3.csv
금천구,천왕3팀,1827. 독산보도육교 앞 자전거 보관소,1703,2022-03-01,대여소별 이용정보 22.3.csv
영등포구,영남3팀,4592. 신길우성4차아파트,1706,2022-03-01,대여소별 이용정보 22.3.csv
강서구,개화1팀,1102. 방화사거리 마을버스 버스정류장,1706,2022-03-01,대여소별 이용정보 22.3.csv
영등포구,영남3팀,224. 롯데캐슬 앞,1713,2022-03-01,대여소별 이용정보 22.3.csv
중랑구,중랑3팀,1438. 홈플러스 신내점 앞,1715,2022-03-01,대여소별 이용정보 22.3.csv
강북구,도봉4팀,1531. 미아사거리 1번 출구,1716,2022-03-01,대여소별 이용정보 22.3.csv
성동구,중랑2팀,560. 비전교회 앞,1719,2022-03-01,대여소별 이용정보 22.3.csv
강남구,학여울1팀,2348. 포스코사거리(기업은행),1721,2022-03-01,대여소별 이용정보 22.3.csv
구로구,천왕2팀,1904. 도림천역 1번 출구 앞,1723,2022-03-01,대여소별 이용정보 22.3.csv
광진구,중랑1팀,540. 군자역 7번출구 베스트샵 앞,1728,2022-03-01,대여소별 이용정보 22.3.csv
노원구,도봉2팀,1617. 하계동 중평어린이공원 앞,1730,2022-03-01,대여소별 이용정보 22.3.csv
중랑구,중랑3팀,1447. 면목역 3번출구,1736,2022-03-01,대여소별 이용정보 22.3.csv
강서구,개화3팀,3769. 증미역 2번출구,1736,2022-03-01,대여소별 이용정보 22.3.csv
송파구,학여울2팀,4868. 석촌호수 서호 남단,1739,2022-03-01,대여소별 이용정보 22.3.csv
송파구,학여울2팀,2613. 잠실나들목,1740,2022-03-01,대여소별 이용정보 22.3.csv
광진구,중랑1팀,3536. 중앙농협(자양동),1741,2022-03-01,대여소별 이용정보 22.3.csv
강북구,도봉4팀,1503. 이디야 커피 수유역점 앞,1742,2022-03-01,대여소별 이용정보 22.3.csv
강북구,도봉4팀,1512. 강북중학교 앞,1744,2022-03-01,대여소별 이용정보 22.3.csv
송파구,학여울2팀,1246. 문정 법조단지10,1746,2022-03-01,대여소별 이용정보 22.3.csv
성동구,중랑2팀,563. 성동세무서 건너편,1748,2022-03-01,대여소별 이용정보 22.3.csv
성북구,훈련원2팀,1363. 보문4교 인근,1748,2022-03-01,대여소별 이용정보 22.3.csv
영등포구,영남1팀,236. 문래동자이아파트 앞,1749,2022-03-01,대여소별 이용정보 22.3.csv
관악구,영남2팀,2176. 보라매공원 보도육교,1750,2022-03-01,대여소별 이용정보 22.3.csv
광진구,중랑1팀,548. 자양나들목,1750,2022-03-01,대여소별 이용정보 22.3.csv
노원구,도봉2팀,4046. 경춘선 숲길,1751,2022-03-01,대여소별 이용정보 22.3.csv
송파구,천호2팀,1201. 가락시장역 3번 출구,1751,2022-03-01,대여소별 이용정보 22.3.csv
영등포구,영남1팀,287. 영등포전화국사거리 (서강어린이공원),1752,2022-03-01,대여소별 이용정보 22.3.csv
동대문구,훈련원3팀,680.꿈마루어린이도서관 앞,1753,2022-03-01,대여소별 이용정보 22.3.csv
성동구,중랑2팀,587. 유니베라 앞,1756,2022-03-01,대여소별 이용정보 22.3.csv
영등포구,영남1팀,232. 양평우림 이비즈센타 앞,1764,2022-03-01,대여소별 이용정보 22.3.csv
광진구,중랑1팀,588. 뚝섬 유원지역,1764,2022-03-01,대여소별 이용정보 22.3.csv
노원구,도봉2팀,1643. 태릉입구역 8번출구,1764,2022-03-01,대여소별 이용정보 22.3.csv
성동구,중랑2팀,508. 성수아카데미타워 앞,1768,2022-03-01,대여소별 이용정보 22.3.csv
송파구,학여울2팀,1231. 잠실역 6번출구,1768,2022-03-01,대여소별 이용정보 22.3.csv
성북구,훈련원2팀,1351. 안암2교 옆,1781,2022-03-01,대여소별 이용정보 22.3.csv
동대문구,훈련원3팀,612. 시립동부병원 앞 사거리,1783,2022-03-01,대여소별 이용정보 22.3.csv
강서구,개화1팀,1163. 방화동강서기동대앞,1786,2022-03-01,대여소별 이용정보 22.3.csv
동대문구,훈련원3팀,613. 신설동역 10번출구 앞,1789,2022-03-01,대여소별 이용정보 22.3.csv
양천구,개화3팀,755. 목동1단지아파트 상가 앞,1789,2022-03-01,대여소별 이용정보 22.3.csv
강서구,개화1팀,3772. 길성그랑프리텔아파트,1791,2022-03-01,대여소별 이용정보 22.3.csv
중구,세종로 4팀,370. 시청역(2호선) 9번출구 뒤,1792,2022-03-01,대여소별 이용정보 22.3.csv
영등포구,영남1팀,229. 양평1 보행육교 앞,1794,2022-03-01,대여소별 이용정보 22.3.csv
광진구,중랑1팀,592. 건국대학교 학생회관,1794,2022-03-01,대여소별 이용정보 22.3.csv
강서구,개화1팀,1195. 코오롱One&Only타워,1795,2022-03-01,대여소별 이용정보 22.3.csv
마포구,상암1팀,154. 마포구청역,1796,2022-03-01,대여소별 이용정보 22.3.csv
성동구,중랑2팀,3513. 상왕십리역 1번출구,1798,2022-03-01,대여소별 이용정보 22.3.csv
성동구,중랑2팀,559. 왕십리역 4번 출구 건너편,1799,2022-03-01,대여소별 이용정보 22.3.csv
광진구,중랑1팀,3520. 광진경찰서,1804,2022-03-01,대여소별 이용정보 22.3.csv
종로구,세종로1팀,302. 경복궁역 4번출구 뒤,1809,2022-03-01,대여소별 이용정보 22.3.csv
양천구,영남1팀,4508. 유원목동아파트 103동 앞,1809,2022-03-01,대여소별 이용정보 22.3.csv
송파구,천호2팀,1248. 방이초등학교,1817,2022-03-01,대여소별 이용정보 22.3.csv
양천구,영남1팀,723. SBS방송국,1820,2022-03-01,대여소별 이용정보 22.3.csv
노원구,도봉2팀,1655. 공릉1단지아파트,1822,2022-03-01,대여소별 이용정보 22.3.csv
도봉구,도봉3팀,4065. 창동역 1번출구 앞,1824,2022-03-01,대여소별 이용정보 22.3.csv
송파구,학여울2팀,1243. 문정 법조단지7,1826,2022-03-01,대여소별 이용정보 22.3.csv
강동구,천호1팀,1084. 윤선생빌딩(JYP사옥),1828,2022-03-01,대여소별 이용정보 22.3.csv
양천구,천왕1팀,729. 서부식자재마트 건너편,1830,2022-03-01,대여소별 이용정보 22.3.csv
영등포구,영남1팀,4574. 영등포시장역 포레나영등포,1831,2022-03-01,대여소별 이용정보 22.3.csv
송파구,학여울2팀,2632.석촌고분역 2번 출구,1833,2022-03-01,대여소별 이용정보 22.3.csv
강서구,개화1팀,1103. 방화역 4번출구앞,1834,2022-03-01,대여소별 이용정보 22.3.csv
강서구,개화3팀,3789. 염창나들목,1835,2022-03-01,대여소별 이용정보 22.3.csv
양천구,영남1팀,791.현대하이페리온,1836,2022-03-01,대여소별 이용정보 22.3.csv
영등포구,영남3팀,222. 시범아파트버스정류장 옆,1837,2022-03-01,대여소별 이용정보 22.3.csv
영등포구,영남1팀,227. 양평2나들목 보행통로 입구,1838,2022-03-01,대여소별 이용정보 22.3.csv
동대문구,훈련원4팀,4122. 청계9가교차로 앞,1839,2022-03-01,대여소별 이용정보 22.3.csv
중랑구,중랑3팀,1452. 겸재교 진입부,1840,2022-03-01,대여소별 이용정보 22.3.csv
양천구,개화3팀,735. 영도초등학교,1841,2022-03-01,대여소별 이용정보 22.3.csv
성동구,중랑2팀,3559.성동구민종합체육센터 앞,1842,2022-03-01,대여소별 이용정보 22.3.csv
성동구,중랑2팀,4353. 코오롱디지털타워 3차앞,1846,2022-03-01,대여소별 이용정보 22.3.csv
종로구,훈련원1팀,3421.혜화역 1번출구,1851,2022-03-01,대여소별 이용정보 22.3.csv
종로구,세종로2팀,316. 종각역 1번출구 앞,1855,2022-03-01,대여소별 이용정보 22.3.csv
종로구,훈련원1팀,3422.성균관대 정문,1858,2022-03-01,대여소별 이용정보 22.3.csv
마포구,상암1팀,114. 홍대입구역 8번출구 앞,1859,2022-03-01,대여소별 이용정보 22.3.csv
양천구,개화4팀,4515. 동문굿모닝탑,1864,2022-03-01,대여소별 이용정보 22.3.csv
성북구,훈련원2팀,1328. 월곡역 3번출구,1875,2022-03-01,대여소별 이용정보 22.3.csv
마포구,상암1팀,183. 하늘채코오롱아파트 건너편,1880,2022-03-01,대여소별 이용정보 22.3.csv
강동구,천호1팀,1011. LIGA 아파트 앞,1882,2022-03-01,대여소별 이용정보 22.3.csv
구로구,천왕2팀,1986. 태평양물산빌딩,1884,2022-03-01,대여소별 이용정보 22.3.csv
광진구,중랑1팀,3504. 원일교회,1889,2022-03-01,대여소별 이용정보 22.3.csv
종로구,세종로1팀,303. 광화문역 1번출구 앞,1890,2022-03-01,대여소별 이용정보 22.3.csv
송파구,학여울2팀,2615. 테라타워2,1894,2022-03-01,대여소별 이용정보 22.3.csv
송파구,천호2팀,4864. 송파사거리,1895,2022-03-01,대여소별 이용정보 22.3.csv
중구,세종로1팀,4768. 서울도시건축전시관,1895,2022-03-01,대여소별 이용정보 22.3.csv
동대문구,훈련원3팀,614. 용두동 사거리,1896,2022-03-01,대여소별 이용정보 22.3.csv
마포구,상암1팀,4213. 마포구중앙도서관 정문 앞,1896,2022-03-01,대여소별 이용정보 22.3.csv
광진구,중랑1팀,584. 광진광장 교통섬,1899,2022-03-01,대여소별 이용정보 22.3.csv
마포구,상암1팀,144. 공덕역 8번출구,1903,2022-03-01,대여소별 이용정보 22.3.csv
노원구,도봉1팀,1636. 상계주공2단지 버스정류장 옆,1904,2022-03-01,대여소별 이용정보 22.3.csv
송파구,천호2팀,1268. 몽촌토성역 1번출구 옆,1914,2022-03-01,대여소별 이용정보 22.3.csv
양천구,개화3팀,744. 신목동역 2번 출구,1915,2022-03-01,대여소별 이용정보 22.3.csv
성북구,훈련원2팀,1321. 국민은행 종암동지점 앞,1918,2022-03-01,대여소별 이용정보 22.3.csv
마포구,상암1팀,497.합정동주민센터 앞,1918,2022-03-01,대여소별 이용정보 22.3.csv
광진구,중랑1팀,3881. 신자초교입구 교차로,1921,2022-03-01,대여소별 이용정보 22.3.csv
강동구,천호1팀,1010. 강동세무서,1928,2022-03-01,대여소별 이용정보 22.3.csv
구로구,천왕2팀,1996. 구일역 1번 출입구 앞,1929,2022-03-01,대여소별 이용정보 22.3.csv
강서구,개화1팀,1162. 공항초등학교건너편,1933,2022-03-01,대여소별 이용정보 22.3.csv
양천구,영남1팀,781.신정보도육교 아래,1935,2022-03-01,대여소별 이용정보 22.3.csv
광진구,중랑1팀,3500. 군자역2번출구,1942,2022-03-01,대여소별 이용정보 22.3.csv
송파구,천호2팀,4452. 삼성SDS,1952,2022-03-01,대여소별 이용정보 22.3.csv
광진구,중랑1팀,3542. 래미안 구의파크 스위트,1955,2022-03-01,대여소별 이용정보 22.3.csv
금천구,천왕3팀,1851. 가산디지털단지 7번출구,1957,2022-03-01,대여소별 이용정보 22.3.csv
중랑구,중랑3팀,1451. 중랑세무서,1957,2022-03-01,대여소별 이용정보 22.3.csv
성동구,중랑2팀,512. 뚝섬역 1번 출구 옆,1957,2022-03-01,대여소별 이용정보 22.3.csv
은평구,상암2팀,913. 이마트 버스정류장(서부경찰서 방면),1957,2022-03-01,대여소별 이용정보 22.3.csv
양천구,개화3팀,4531. 목동아파트 613동 앞,1957,2022-03-01,대여소별 이용정보 22.3.csv
송파구,학여울2팀,2647.잠실 자전거 수리센터 앞,1965,2022-03-01,대여소별 이용정보 22.3.csv
도봉구,도봉3팀,4076. 진영상운 앞 중랑천 변,1966,2022-03-01,대여소별 이용정보 22.3.csv
송파구,천호1팀,2611. 송파지역자활센터 뒤,1967,2022-03-01,대여소별 이용정보 22.3.csv
영등포구,영남3팀,278. 쌍용플레티넘오피스텔,1968,2022-03-01,대여소별 이용정보 22.3.csv
송파구,학여울2팀,1244. 문정 법조단지8,1968,2022-03-01,대여소별 이용정보 22.3.csv
구로구,천왕2팀,1914. 대림역4번출구,1970,2022-03-01,대여소별 이용정보 22.3.csv
영등포구,영남1팀,275. 신동아아파트,1976,2022-03-01,대여소별 이용정보 22.3.csv
강동구,천호1팀,3680. 강동역3번출구,1987,2022-03-01,대여소별 이용정보 22.3.csv
양천구,개화4팀,704. 남부법원검찰청 교차로,1989,2022-03-01,대여소별 이용정보 22.3.csv
양천구,영남1팀,780.신정교 하부,1989,2022-03-01,대여소별 이용정보 22.3.csv
노원구,도봉1팀,1662. 노원역7번출구,1990,2022-03-01,대여소별 이용정보 22.3.csv
마포구,상암1팀,146. 마포역 2번출구 뒤,1991,2022-03-01,대여소별 이용정보 22.3.csv
구로구,천왕2팀,1946. 구로역 광장,1996,2022-03-01,대여소별 이용정보 22.3.csv
동대문구,훈련원4팀,648. 장안동위더스빌옆,1996,2022-03-01,대여소별 이용정보 22.3.csv
마포구,상암1팀,498.연남동주민센터 앞,2000,2022-03-01,대여소별 이용정보 22.3.csv
종로구,훈련원1팀,3410.종로3가역 8번출구,2001,2022-03-01,대여소별 이용정보 22.3.csv
노원구,도봉2팀,2921.중계역 2번출구,2001,2022-03-01,대여소별 이용정보 22.3.csv
관악구,영남2팀,2107. 도림천 신화교,2003,2022-03-01,대여소별 이용정보 22.3.csv
은평구,상암3팀,906. 연신내역 5번출구,2004,2022-03-01,대여소별 이용정보 22.3.csv
동대문구,훈련원4팀,630. 동대문구 보건소,2005,2022-03-01,대여소별 이용정보 22.3.csv
강서구,개화3팀,1122. 황금내근린공원,2008,2022-03-01,대여소별 이용정보 22.3.csv
강서구,개화1팀,2719.마곡문화공원,2012,2022-03-01,대여소별 이용정보 22.3.csv
영등포구,영남1팀,3202.당산롯데캐슬프레스티지,2020,2022-03-01,대여소별 이용정보 22.3.csv
강동구,천호1팀,3668. 성내삼성아파트,2020,2022-03-01,대여소별 이용정보 22.3.csv
광진구,중랑1팀,505. 자양사거리 광진아크로텔 앞,2020,2022-03-01,대여소별 이용정보 22.3.csv
강서구,개화2팀,1182. KBS 스포츠월드,2023,2022-03-01,대여소별 이용정보 22.3.csv
마포구,상암1팀,184. 7번가피자 서교망원점,2023,2022-03-01,대여소별 이용정보 22.3.csv
강서구,개화1팀,"1191. 마곡역 버스정류장(마곡나루역1번출구, 웰튼병원 방면)",2030,2022-03-01,대여소별 이용정보 22.3.csv
성동구,중랑2팀,568. 청계8가사거리 부근,2030,2022-03-01,대여소별 이용정보 22.3.csv
송파구,학여울2팀,2646.레이크펠리스101동앞,2031,2022-03-01,대여소별 이용정보 22.3.csv
강동구,천호1팀,3681. 길동 마루빌딩,2034,2022-03-01,대여소별 이용정보 22.3.csv
양천구,개화4팀,4509. 서울영상고교 입구,2035,2022-03-01,대여소별 이용정보 22.3.csv
동대문구,훈련원3팀,677.청량리역 4번 5번출구 사이,2044,2022-03-01,대여소별 이용정보 22.3.csv
은평구,상암2팀,914. 새절역 2번출구,2048,2022-03-01,대여소별 이용정보 22.3.csv
종로구,훈련원1팀,342. 대학로 마로니에공원,2052,2022-03-01,대여소별 이용정보 22.3.csv
영등포구,영남1팀,291. 문래동 하이테크 시티,2052,2022-03-01,대여소별 이용정보 22.3.csv
동대문구,훈련원4팀,641. 용두역 4번출구,2054,2022-03-01,대여소별 이용정보 22.3.csv
영등포구,영남3팀,206. KBS 앞,2057,2022-03-01,대여소별 이용정보 22.3.csv
강서구,개화1팀,2723.마곡 필네이처,2059,2022-03-01,대여소별 이용정보 22.3.csv
마포구,상암1팀,415. DMC역 9번출구 앞,2061,2022-03-01,대여소별 이용정보 22.3.csv
마포구,상암1팀,4233. 코오롱아파트사거리,2061,2022-03-01,대여소별 이용정보 22.3.csv
강서구,개화2팀,1180. 마곡엠밸리 15단지(1502동) 건너편,2064,2022-03-01,대여소별 이용정보 22.3.csv
송파구,학여울2팀,2641.송파역 4번출구,2069,2022-03-01,대여소별 이용정보 22.3.csv
송파구,학여울2팀,1232. 잠실주공 521동 건너편,2071,2022-03-01,대여소별 이용정보 22.3.csv
송파구,천호2팀,1218. 방이역 4번출구,2073,2022-03-01,대여소별 이용정보 22.3.csv
광진구,중랑1팀,551. 구의삼성쉐르빌 앞,2082,2022-03-01,대여소별 이용정보 22.3.csv
광진구,중랑1팀,500. 어린이대공원역 3번출구 앞,2082,2022-03-01,대여소별 이용정보 22.3.csv
송파구,천호2팀,2621. 한성백제역 2번 출구,2084,2022-03-01,대여소별 이용정보 22.3.csv
광진구,중랑1팀,549. 아차산역 3번출구,2086,2022-03-01,대여소별 이용정보 22.3.csv
강서구,개화3팀,3780. 등촌서광아파트,2091,2022-03-01,대여소별 이용정보 22.3.csv
마포구,상암1팀,103. 망원역 2번출구 앞,2095,2022-03-01,대여소별 이용정보 22.3.csv
광진구,중랑1팀,3570.구의역 리버비스타 오피스텔,2108,2022-03-01,대여소별 이용정보 22.3.csv
송파구,학여울2팀,1293. 석촌호수 서호 사거리,2109,2022-03-01,대여소별 이용정보 22.3.csv
송파구,천호2팀,2610. 송리단길,2110,2022-03-01,대여소별 이용정보 22.3.csv
서대문구,상암2팀,131. 증산2교,2113,2022-03-01,대여소별 이용정보 22.3.csv
광진구,중랑1팀,3579.광진 캠퍼스시티,2114,2022-03-01,대여소별 이용정보 22.3.csv
강서구,개화1팀,1106. 신방화사거리,2122,2022-03-01,대여소별 이용정보 22.3.csv
성동구,중랑2팀,3514. 왕십리교회옆,2123,2022-03-01,대여소별 이용정보 22.3.csv
영등포구,영남1팀,243. 이앤씨드림타워 앞,2124,2022-03-01,대여소별 이용정보 22.3.csv
관악구,영남2팀,2109. 은천로입구 가로공원,2125,2022-03-01,대여소별 이용정보 22.3.csv
강동구,천호1팀,1024. 강동구청 앞,2129,2022-03-01,대여소별 이용정보 22.3.csv
구로구,천왕2팀,2824.미래사랑어린이공원 앞,2132,2022-03-01,대여소별 이용정보 22.3.csv
송파구,천호2팀,4865. 한성백제역 1번출구 뒤,2132,2022-03-01,대여소별 이용정보 22.3.csv
동대문구,훈련원4팀,623. 서울시립대 정문 앞,2143,2022-03-01,대여소별 이용정보 22.3.csv
양천구,개화3팀,746. 목동2단지 상가,2151,2022-03-01,대여소별 이용정보 22.3.csv
영등포구,영남1팀,245. 삼성생명 당산사옥 앞,2152,2022-03-01,대여소별 이용정보 22.3.csv
은평구,상암2팀,996.응암역2번출구 국민은행 앞,2155,2022-03-01,대여소별 이용정보 22.3.csv
강서구,개화3팀,1118. 증미역 3번출구뒤(등촌두산위브센티움오피스텔),2156,2022-03-01,대여소별 이용정보 22.3.csv
구로구,천왕2팀,1955. 디지털입구 교차로,2157,2022-03-01,대여소별 이용정보 22.3.csv
광진구,중랑1팀,574. 아차산역4번출구,2158,2022-03-01,대여소별 이용정보 22.3.csv
동대문구,훈련원3팀,659. 제기역1번출구,2158,2022-03-01,대여소별 이용정보 22.3.csv
강서구,개화3팀,1173. 강서구청사거리(SH타워),2168,2022-03-01,대여소별 이용정보 22.3.csv
양천구,영남1팀,797.목동아파트 1422동 1434동 사잇길,2175,2022-03-01,대여소별 이용정보 22.3.csv
강서구,개화1팀,1197. 엠펠리체 호텔 건너편,2176,2022-03-01,대여소별 이용정보 22.3.csv
강서구,개화1팀,1151. 마곡역1번출구,2178,2022-03-01,대여소별 이용정보 22.3.csv
동대문구,훈련원3팀,670.삼육서울병원 버스정류장,2179,2022-03-01,대여소별 이용정보 22.3.csv
용산구,세종로3팀,870.노들섬 서측 앞,2180,2022-03-01,대여소별 이용정보 22.3.csv
종로구,세종로1팀,458. 광화문역 5번출구,2187,2022-03-01,대여소별 이용정보 22.3.csv
동작구,영남2팀,2050. 노량진역 5번출구,2190,2022-03-01,대여소별 이용정보 22.3.csv
강서구,개화3팀,1157. 강서구청,2201,2022-03-01,대여소별 이용정보 22.3.csv
송파구,학여울2팀,2623.석촌동 주민센터,2202,2022-03-01,대여소별 이용정보 22.3.csv
노원구,도봉2팀,1663. 동해문화예술관앞,2203,2022-03-01,대여소별 이용정보 22.3.csv
강남구,학여울2팀,2377. 수서역 5번출구,2208,2022-03-01,대여소별 이용정보 22.3.csv
영등포구,영남3팀,249. 여의도중학교 옆,2209,2022-03-01,대여소별 이용정보 22.3.csv
양천구,영남1팀,764. 목동청소년수련관,2213,2022-03-01,대여소별 이용정보 22.3.csv
영등포구,영남1팀,283. 아크로타워 스퀘어(영등포시장),2218,2022-03-01,대여소별 이용정보 22.3.csv
강서구,개화3팀,2704.홈플러스(강서점),2224,2022-03-01,대여소별 이용정보 22.3.csv
양천구,개화3팀,726. 목동3단지 시내버스정류장,2225,2022-03-01,대여소별 이용정보 22.3.csv
종로구,훈련원1팀,393. 동대문역 8번 출구,2226,2022-03-01,대여소별 이용정보 22.3.csv
송파구,천호2팀,1209. 잠실나루역 (2번 출구 쪽),2232,2022-03-01,대여소별 이용정보 22.3.csv
송파구,천호2팀,1251. 석촌역 2번출구,2237,2022-03-01,대여소별 이용정보 22.3.csv
노원구,도봉2팀,1650. 중계근린공원내,2237,2022-03-01,대여소별 이용정보 22.3.csv
영등포구,영남3팀,3219.영등포역 1번출구,2241,2022-03-01,대여소별 이용정보 22.3.csv
노원구,도봉2팀,4029. 청소년수련관 후문,2241,2022-03-01,대여소별 이용정보 22.3.csv
영등포구,영남3팀,276. 영등포로터리2,2254,2022-03-01,대여소별 이용정보 22.3.csv
노원구,도봉2팀,1610. 화랑대역 2번출구 앞,2254,2022-03-01,대여소별 이용정보 22.3.csv
강동구,천호1팀,1090.상일동역 2번출구 앞,2262,2022-03-01,대여소별 이용정보 22.3.csv
영등포구,영남3팀,217. NH농협은행 앞,2272,2022-03-01,대여소별 이용정보 22.3.csv
강북구,도봉4팀,1569.수유역2번출구,2279,2022-03-01,대여소별 이용정보 22.3.csv
광진구,중랑1팀,3534. 건대입구역 5번출구 뒤,2284,2022-03-01,대여소별 이용정보 22.3.csv
성북구,훈련원2팀,1355. 보문2교,2286,2022-03-01,대여소별 이용정보 22.3.csv
강서구,개화3팀,2708.강서한강자이타워 앞,2287,2022-03-01,대여소별 이용정보 22.3.csv
마포구,상암1팀,418. 월드컵경기장역 3번출구 옆,2289,2022-03-01,대여소별 이용정보 22.3.csv
마포구,상암1팀,147. 마포역 4번출구 뒤,2293,2022-03-01,대여소별 이용정보 22.3.csv
양천구,천왕1팀,787.양천아파트 입구,2297,2022-03-01,대여소별 이용정보 22.3.csv
노원구,도봉2팀,4027. 한내 행복발전소 옆,2314,2022-03-01,대여소별 이용정보 22.3.csv
강동구,천호1팀,1008. 암사역 3번출구(국민은행앞),2316,2022-03-01,대여소별 이용정보 22.3.csv
동대문구,훈련원4팀,668.서울축산농협(장안지점),2323,2022-03-01,대여소별 이용정보 22.3.csv
영등포구,영남1팀,293. 충북 미래관,2327,2022-03-01,대여소별 이용정보 22.3.csv
송파구,천호2팀,4457. 아산병원 기숙사 부근,2337,2022-03-01,대여소별 이용정보 22.3.csv
강서구,개화1팀,2717.LG유플러스 마곡사옥,2340,2022-03-01,대여소별 이용정보 22.3.csv
광진구,중랑1팀,3509. 세종사이버대학교,2354,2022-03-01,대여소별 이용정보 22.3.csv
성동구,중랑2팀,3515. 서울숲 관리사무소,2360,2022-03-01,대여소별 이용정보 22.3.csv
동작구,이수2팀,2025. 흑석역 1번출구,2371,2022-03-01,대여소별 이용정보 22.3.csv
강동구,천호1팀,1019. 다성이즈빌아파트(호원대 대각선 맞은편),2377,2022-03-01,대여소별 이용정보 22.3.csv
양천구,개화4팀,734. 신트리공원 입구,2382,2022-03-01,대여소별 이용정보 22.3.csv
강서구,개화2팀,1167. 마곡수명산파크3단지 교차로,2385,2022-03-01,대여소별 이용정보 22.3.csv
강서구,개화2팀,2739.수명산파크1단지교차로,2388,2022-03-01,대여소별 이용정보 22.3.csv
마포구,상암1팀,3002.벽산상암스마트큐브,2389,2022-03-01,대여소별 이용정보 22.3.csv
중구,훈련원1팀,383. 신당역 12번 출구 뒤,2389,2022-03-01,대여소별 이용정보 22.3.csv
노원구,도봉2팀,1608. 공릉역 1번 출구 앞,2393,2022-03-01,대여소별 이용정보 22.3.csv
동대문구,훈련원3팀,634. 외국어대 정문 앞,2399,2022-03-01,대여소별 이용정보 22.3.csv
금천구,천왕2팀,1867.대륭포스트타워6차 앞,2404,2022-03-01,대여소별 이용정보 22.3.csv
구로구,천왕1팀,1925. 동양미래대학교 정문 옆,2407,2022-03-01,대여소별 이용정보 22.3.csv
영등포구,영남1팀,263. 근로자회관 사거리,2418,2022-03-01,대여소별 이용정보 22.3.csv
송파구,학여울2팀,2639.석촌역 8번출구,2419,2022-03-01,대여소별 이용정보 22.3.csv
강서구,개화1팀,1193. 마곡센트럴타워 1차,2423,2022-03-01,대여소별 이용정보 22.3.csv
강서구,개화2팀,1184. 마곡13단지,2439,2022-03-01,대여소별 이용정보 22.3.csv
도봉구,도봉3팀,1721. 창동역 2번출구,2461,2022-03-01,대여소별 이용정보 22.3.csv
강서구,개화2팀,5052. 마곡역 7번출구,2461,2022-03-01,대여소별 이용정보 22.3.csv
은평구,상암3팀,931. 역촌파출소,2463,2022-03-01,대여소별 이용정보 22.3.csv
광진구,중랑1팀,3575. 자양사거리(서원빌딩),2465,2022-03-01,대여소별 이용정보 22.3.csv
송파구,천호1팀,1264. 천호역 10번 출구 앞,2465,2022-03-01,대여소별 이용정보 22.3.csv
서초구,이수3팀,2262. 한신16차아파트 119동 앞,2466,2022-03-01,대여소별 이용정보 22.3.csv
노원구,도봉1팀,1653. 노원역1번출구,2469,2022-03-01,대여소별 이용정보 22.3.csv
동대문구,훈련원4팀,631. 답십리역 1번출구,2471,2022-03-01,대여소별 이용정보 22.3.csv
노원구,도봉2팀,1684. 태릉입구역 5번출구,2471,2022-03-01,대여소별 이용정보 22.3.csv
서대문구,상암2팀,117. 홍은사거리,2490,2022-03-01,대여소별 이용정보 22.3.csv
영등포구,영남1팀,4561. 양평역 1번출구,2493,2022-03-01,대여소별 이용정보 22.3.csv
강서구,개화1팀,2721.등촌1-10단지 교차로,2513,2022-03-01,대여소별 이용정보 22.3.csv
노원구,도봉2팀,2919.등나무 근린공원(시립북서울미술관 앞),2523,2022-03-01,대여소별 이용정보 22.3.csv
노원구,도봉1팀,1674. 서울북부고용센터앞,2547,2022-03-01,대여소별 이용정보 22.3.csv
광진구,중랑1팀,3501. 광진구청 앞,2551,2022-03-01,대여소별 이용정보 22.3.csv
영등포구,영남3팀,259. 대방역6번출구,2567,2022-03-01,대여소별 이용정보 22.3.csv
강동구,천호1팀,1050. 둔촌역 3번 출입구,2573,2022-03-01,대여소별 이용정보 22.3.csv
용산구,세종로3팀,853.용산역 맞은편,2596,2022-03-01,대여소별 이용정보 22.3.csv
종로구,훈련원1팀,361. 동묘앞역 1번출구 뒤,2606,2022-03-01,대여소별 이용정보 22.3.csv
강동구,천호1팀,1044. 굽은다리역,2607,2022-03-01,대여소별 이용정보 22.3.csv
마포구,상암1팀,106. 합정역 7번출구 앞,2608,2022-03-01,대여소별 이용정보 22.3.csv
강서구,개화3팀,1117. 등촌5단지아파트 버스정류장,2619,2022-03-01,대여소별 이용정보 22.3.csv
영등포구,영남1팀,240. 문래역 4번출구 앞,2619,2022-03-01,대여소별 이용정보 22.3.csv
강동구,천호1팀,1020. 강동경찰서,2621,2022-03-01,대여소별 이용정보 22.3.csv
마포구,상암1팀,419. 홈플러스 앞,2622,2022-03-01,대여소별 이용정보 22.3.csv
마포구,상암1팀,186. 월드컵공원,2631,2022-03-01,대여소별 이용정보 22.3.csv
마포구,상암1팀,102. 망원역 1번출구 앞,2641,2022-03-01,대여소별 이용정보 22.3.csv
양천구,영남1팀,708. 서울출입국관리사무소 앞,2649,2022-03-01,대여소별 이용정보 22.3.csv
강서구,개화2팀,2733.마곡13단지 정문 앞,2665,2022-03-01,대여소별 이용정보 22.3.csv
노원구,도봉2팀,1601. 석계역 문화광장 내 자전거 보관소,2695,2022-03-01,대여소별 이용정보 22.3.csv
중구,훈련원1팀,431. 청계천 영도교,2698,2022-03-01,대여소별 이용정보 22.3.csv
노원구,도봉2팀,1611. 과기대 입구(우),2702,2022-03-01,대여소별 이용정보 22.3.csv
동대문구,훈련원4팀,602. 장안동 사거리,2703,2022-03-01,대여소별 이용정보 22.3.csv
구로구,천왕2팀,1985. 구로도서관,2718,2022-03-01,대여소별 이용정보 22.3.csv
송파구,천호2팀,4870. 몽촌토성역 3번 출구,2733,2022-03-01,대여소별 이용정보 22.3.csv
성동구,중랑2팀,583. 청계천 생태교실 앞,2742,2022-03-01,대여소별 이용정보 22.3.csv
강서구,개화1팀,2720.힐스테이트에코,2748,2022-03-01,대여소별 이용정보 22.3.csv
송파구,학여울2팀,1222. 잠실새내역 5번 출구 뒤,2760,2022-03-01,대여소별 이용정보 22.3.csv
영등포구,영남1팀,228. 선유도역 3번출구 앞,2764,2022-03-01,대여소별 이용정보 22.3.csv
동작구,영남2팀,2002. 노들역 1번출구,2775,2022-03-01,대여소별 이용정보 22.3.csv
관악구,영남2팀,2135. 신림역 5번출구,2792,2022-03-01,대여소별 이용정보 22.3.csv
영등포구,영남1팀,4571. 문래동롯데캐슬아파트,2797,2022-03-01,대여소별 이용정보 22.3.csv
강서구,개화1팀,2744.강서세무서 앞,2825,2022-03-01,대여소별 이용정보 22.3.csv
광진구,중랑1팀,3541. 커먼그라운드,2844,2022-03-01,대여소별 이용정보 22.3.csv
강서구,개화1팀,1166. 강서구립등빛도서관,2862,2022-03-01,대여소별 이용정보 22.3.csv
마포구,상암1팀,3010.홍대입구역 3번출구,2887,2022-03-01,대여소별 이용정보 22.3.csv
광진구,중랑1팀,3571.화양 APT(횡단보도 옆),2892,2022-03-01,대여소별 이용정보 22.3.csv
양천구,영남1팀,703. 오목교역 7번출구 앞,2913,2022-03-01,대여소별 이용정보 22.3.csv
성동구,중랑2팀,585. 성수2가1동 공영주차장 인근,2914,2022-03-01,대여소별 이용정보 22.3.csv
강서구,개화2팀,1125. 명덕고교입구(영종빌딩),2918,2022-03-01,대여소별 이용정보 22.3.csv
성동구,중랑2팀,509. 이마트 버스정류소 옆,2955,2022-03-01,대여소별 이용정보 22.3.csv
강서구,개화1팀,1112. 마곡엠밸리4단지 정문,2963,2022-03-01,대여소별 이용정보 22.3.csv
강서구,개화2팀,1152. 마곡역교차로,2967,2022-03-01,대여소별 이용정보 22.3.csv
양천구,영남1팀,769.CBS방송국 앞,2968,2022-03-01,대여소별 이용정보 22.3.csv
강서구,개화1팀,1149. 신방화역환승주차장,2984,2022-03-01,대여소별 이용정보 22.3.csv
성동구,중랑2팀,3600.사근빗물펌프장 건너편,3021,2022-03-01,대여소별 이용정보 22.3.csv
광진구,중랑1팀,3518. 군자역 7번출구뒤,3057,2022-03-01,대여소별 이용정보 22.3.csv
노원구,도봉1팀,1625. 상계역(4번출구),3073,2022-03-01,대여소별 이용정보 22.3.csv
강서구,개화2팀,3798. 그랜드아이파크아파트 앞,3075,2022-03-01,대여소별 이용정보 22.3.csv
송파구,천호2팀,1211. 방이삼거리,3089,2022-03-01,대여소별 이용정보 22.3.csv
영등포구,영남1팀,262. 영문초등학교 사거리,3100,2022-03-01,대여소별 이용정보 22.3.csv
영등포구,영남1팀,4565. 영등포 신세계백화점,3120,2022-03-01,대여소별 이용정보 22.3.csv
성동구,중랑2팀,3511. 응봉역 1번출구,3144,2022-03-01,대여소별 이용정보 22.3.csv
양천구,영남1팀,792.목동트라팰리스 웨스턴에비뉴,3206,2022-03-01,대여소별 이용정보 22.3.csv
광진구,중랑1팀,3569.건대병원후문,3216,2022-03-01,대여소별 이용정보 22.3.csv
서초구,이수3팀,"2219. 고속터미널역 8-1번, 8-2번 출구 사이",3245,2022-03-01,대여소별 이용정보 22.3.csv
양천구,개화4팀,"785.양천구청, 보건소 사잇길",3263,2022-03-01,대여소별 이용정보 22.3.csv
강동구,천호1팀,1009. 천호역4번출구(현대백화점),3269,2022-03-01,대여소별 이용정보 22.3.csv
성동구,중랑2팀,589. 성수역3번출구,3332,2022-03-01,대여소별 이용정보 22.3.csv
강서구,개화1팀,1160. 양천향교역 7번출구앞,3359,2022-03-01,대여소별 이용정보 22.3.csv
노원구,도봉1팀,1637. KT 전화국 버스정류장 옆,3373,2022-03-01,대여소별 이용정보 22.3.csv
은평구,상암2팀,907. CJ 드림시티,3382,2022-03-01,대여소별 이용정보 22.3.csv
영등포구,영남3팀,274. 영등포역지하쇼핑센타 5번출구,3386,2022-03-01,대여소별 이용정보 22.3.csv
영등포구,영남3팀,202. 국민일보 앞,3393,2022-03-01,대여소별 이용정보 22.3.csv
송파구,천호2팀,1295. 잠실역 8번출구,3404,2022-03-01,대여소별 이용정보 22.3.csv
구로구,천왕2팀,3904. 테크노마트 앞,3412,2022-03-01,대여소별 이용정보 22.3.csv
성동구,중랑2팀,567. 성수역 2번출구 앞,3436,2022-03-01,대여소별 이용정보 22.3.csv
송파구,천호2팀,2620. 송파나루역 4번 출구옆,3447,2022-03-01,대여소별 이용정보 22.3.csv
관악구,영남2팀,2183. 동방1교,3478,2022-03-01,대여소별 이용정보 22.3.csv
양천구,영남1팀,765. 오목교역 3번출구,3611,2022-03-01,대여소별 이용정보 22.3.csv
관악구,영남2팀,2173. 당곡사거리,3623,2022-03-01,대여소별 이용정보 22.3.csv
송파구,천호2팀,2608. 송파구청,3690,2022-03-01,대여소별 이용정보 22.3.csv
동대문구,훈련원4팀,646. 장한평역 1번출구,3728,2022-03-01,대여소별 이용정보 22.3.csv
강서구,개화2팀,1124. 발산역 6번 출구 뒤,3928,2022-03-01,대여소별 이용정보 22.3.csv
성동구,중랑2팀,565. 옥수역 3번출구,3943,2022-03-01,대여소별 이용정보 22.3.csv
마포구,상암1팀,113. 홍대입구역 2번출구 앞,4031,2022-03-01,대여소별 이용정보 22.3.csv
성북구,훈련원2팀,1308. 안암로터리 버스정류장 앞,4253,2022-03-01,대여소별 이용정보 22.3.csv
영등포구,영남1팀,272. 당산육갑문,4284,2022-03-01,대여소별 이용정보 22.3.csv
광진구,중랑1팀,3533. 건대입구역 사거리(롯데백화점),4303,2022-03-01,대여소별 이용정보 22.3.csv
송파구,천호2팀,2622. 올림픽공원역 3번출구,4317,2022-03-01,대여소별 이용정보 22.3.csv
영등포구,영남1팀,230. 영등포구청역 1번출구,4477,2022-03-01,대여소별 이용정보 22.3.csv
강서구,개화1팀,2728.마곡나루역 3번 출구,4486,2022-03-01,대여소별 이용정보 22.3.csv
강서구,개화3팀,1158. 가양역 8번출구,4519,2022-03-01,대여소별 이용정보 22.3.csv
구로구,천왕2팀,1906. 신도림역 1번 출구 앞,4633,2022-03-01,대여소별 이용정보 22.3.csv
영등포구,영남1팀,247. 당산역 10번출구 앞,4647,2022-03-01,대여소별 이용정보 22.3.csv
구로구,천왕2팀,1911. 구로디지털단지역 앞,4671,2022-03-01,대여소별 이용정보 22.3.csv
양천구,영남1팀,770.목동역5번출구 교통정보센터 앞,4743,2022-03-01,대여소별 이용정보 22.3.csv
강서구,개화1팀,"1153. 발산역 1번, 9번 인근 대여소",5009,2022-03-01,대여소별 이용정보 22.3.csv
관악구,영남2팀,2177. 신대방역 2번 출구,5059,2022-03-01,대여소별 이용정보 22.3.csv
영등포구,영남3팀,210. IFC몰,5381,2022-03-01,대여소별 이용정보 22.3.csv
강서구,개화1팀,2701. 마곡나루역 5번출구 뒤편,5964,2022-03-01,대여소별 이용정보 22.3.csv
관악구,영남2팀,2102. 봉림교 교통섬,5987,2022-03-01,대여소별 이용정보 22.3.csv
송파구,천호2팀,1210. 롯데월드타워(잠실역2번출구 쪽),6256,2022-03-01,대여소별 이용정보 22.3.csv
마포구,상암1팀,4217. 한강공원 망원나들목,7763,2022-03-01,대여소별 이용정보 22.3.csv
강서구,개화1팀,2715.마곡나루역 2번 출구,8019,2022-03-01,대여소별 이용정보 22.3.csv
광진구,중랑1팀,502. 뚝섬유원지역 1번출구 앞,8513,2022-03-01,대여소별 이용정보 22.3.csv
영등포구,영남3팀,207. 여의나루역 1번출구 앞,9385,2022-03-01,대여소별 이용정보 22.3.csv
강남구,학여울1팀,2391. 구룡터널 입구(개포1단지아파트),7,2022-04-01,대여소별 이용정보 22.4.csv
성동구,테스트,9980. 에이텍,21,2022-04-01,대여소별 이용정보 22.4.csv
서초구,이수1팀,4314. 탑성마을 버스정거장 옆,24,2022-04-01,대여소별 이용정보 22.4.csv
서초구,이수1팀,4322.서울추모공원 입구,25,2022-04-01,대여소별 이용정보 22.4.csv
서초구,이수1팀,2286. 탑성마을입구,32,2022-04-01,대여소별 이용정보 22.4.csv
서초구,이수1팀,2287. 능안마을입구,33,2022-04-01,대여소별 이용정보 22.4.csv
서초구,이수1팀,2288. 안골마을입구,36,2022-04-01,대여소별 이용정보 22.4.csv
성동구,중랑2팀,3527. 왕십리 자이아파트,43,2022-04-01,대여소별 이용정보 22.4.csv
성동구,중랑2팀,3538. 서울숲 IT캐슬,44,2022-04-01,대여소별 이용정보 22.4.csv
강동구,천호1팀,3677. 강동구음식물재활용센터,55,2022-04-01,대여소별 이용정보 22.4.csv
종로구,세종로1팀,4709. 천지인 오피스텔 앞,74,2022-04-01,대여소별 이용정보 22.4.csv
서초구,이수1팀,2536.서초종합체육관 입구,77,2022-04-01,대여소별 이용정보 22.4.csv
강남구,학여울1팀,2395. 개포1단지아파트 입구 (보도육교),80,2022-04-01,대여소별 이용정보 22.4.csv
서초구,이수1팀,2275. 염곡치안센터 건너편,82,2022-04-01,대여소별 이용정보 22.4.csv
강남구,학여울2팀,2343. 세곡사거리 대왕파출소 앞,83,2022-04-01,대여소별 이용정보 22.4.csv
금천구,천왕3팀,3971. 순흥안씨묘 건너편,84,2022-04-01,대여소별 이용정보 22.4.csv
강남구,학여울2팀,3610. 윗반마을 입구,87,2022-04-01,대여소별 이용정보 22.4.csv
강남구,이수1팀,2393. 구룡사 앞 교차로 (보도육교),97,2022-04-01,대여소별 이용정보 22.4.csv
종로구,세종로1팀,462. 신영동삼거리(북악터널방향),108,2022-04-01,대여소별 이용정보 22.4.csv
구로구,천왕1팀,2813.항동지구 3단지 302동 앞,114,2022-04-01,대여소별 이용정보 22.4.csv
서초구,이수1팀,2541.옛골 입구,115,2022-04-01,대여소별 이용정보 22.4.csv
성동구,중랑2팀,4363. 신금호역 2번출구 앞,117,2022-04-01,대여소별 이용정보 22.4.csv
마포구,상암1팀,3003.래미안신공덕3차아파트,118,2022-04-01,대여소별 이용정보 22.4.csv
양천구,개화4팀,4538. 양천공영차고지,122,2022-04-01,대여소별 이용정보 22.4.csv
강남구,학여울1팀,3620. 청담역 11번 출구,124,2022-04-01,대여소별 이용정보 22.4.csv
종로구,세종로1팀,447. 신영동삼거리,125,2022-04-01,대여소별 이용정보 22.4.csv
서초구,이수2팀,2228.뒷벌공원 옆,131,2022-04-01,대여소별 이용정보 22.4.csv
강남구,학여울1팀,3648. 구룡역 4번 출구,133,2022-04-01,대여소별 이용정보 22.4.csv
서초구,이수2팀,2506. LG유플러스 (방배사옥),138,2022-04-01,대여소별 이용정보 22.4.csv
종로구,세종로1팀,4702. 평창동 주민센터,138,2022-04-01,대여소별 이용정보 22.4.csv
송파구,학여울2팀,2612. 문정·가락 대여소 앞,139,2022-04-01,대여소별 이용정보 22.4.csv
서초구,이수2팀,2289. 남태령역 2번출구,140,2022-04-01,대여소별 이용정보 22.4.csv
강북구,도봉4팀,1550.삼각산아이원아파트(105동 옆),141,2022-04-01,대여소별 이용정보 22.4.csv
금천구,천왕3팀,3972. 산기슭공원 앞,141,2022-04-01,대여소별 이용정보 22.4.csv
용산구,세종로3팀,865.하얏트호텔 앞,142,2022-04-01,대여소별 이용정보 22.4.csv
서초구,이수1팀,2201. 본마을 정류소 앞,143,2022-04-01,대여소별 이용정보 22.4.csv
노원구,도봉2팀,4044. 공릉산 백세문 입구,143,2022-04-01,대여소별 이용정보 22.4.csv
동작구,이수2팀,2068. 총신대 앞(육교),145,2022-04-01,대여소별 이용정보 22.4.csv
성동구,중랑2팀,564. 금호역 3번출구,145,2022-04-01,대여소별 이용정보 22.4.csv
강서구,개화1팀,3781. 강서아동복지센터,146,2022-04-01,대여소별 이용정보 22.4.csv
용산구,세종로3팀,859.남산공원 야외식물원 앞,148,2022-04-01,대여소별 이용정보 22.4.csv
동작구,이수2팀,2093.상도SH빌아파트 입구,150,2022-04-01,대여소별 이용정보 22.4.csv
서초구,이수2팀,4318. 방배역 2번 출구,152,2022-04-01,대여소별 이용정보 22.4.csv
구로구,천왕1팀,2816.항동지구 8단지 803동옆(주차장입구),153,2022-04-01,대여소별 이용정보 22.4.csv
관악구,이수2팀,2199.신봉천주유소 A,153,2022-04-01,대여소별 이용정보 22.4.csv
중구,훈련원1팀,381. 장충체육관,157,2022-04-01,대여소별 이용정보 22.4.csv
관악구,영남2팀,3306.서울신우초등학교,159,2022-04-01,대여소별 이용정보 22.4.csv
마포구,상암1팀,4240. 아현문화건강센터,160,2022-04-01,대여소별 이용정보 22.4.csv
중랑구,중랑3팀,1424. 양원역 2번출구,161,2022-04-01,대여소별 이용정보 22.4.csv
종로구,훈련원1팀,3418.창신역2번 출구,162,2022-04-01,대여소별 이용정보 22.4.csv
구로구,천왕1팀,2805.구로자원순환센터,163,2022-04-01,대여소별 이용정보 22.4.csv
광진구,중랑1팀,3878. 장로회신학대학교 주기철 기념관,164,2022-04-01,대여소별 이용정보 22.4.csv
양천구,개화4팀,4523. 구립양천어르신요양센터,164,2022-04-01,대여소별 이용정보 22.4.csv
은평구,상암3팀,991.흥국사 정류장,166,2022-04-01,대여소별 이용정보 22.4.csv
종로구,세종로1팀,3430.구기치안센터 앞,170,2022-04-01,대여소별 이용정보 22.4.csv
서초구,이수1팀,4310. 염곡동(염통골) 입구,173,2022-04-01,대여소별 이용정보 22.4.csv
구로구,천왕1팀,2810.항동지구 3단지 311동 앞,174,2022-04-01,대여소별 이용정보 22.4.csv
강남구,학여울2팀,3624. 대모산입구역 7번 출구 앞,175,2022-04-01,대여소별 이용정보 22.4.csv
서초구,이수1팀,2207. 내곡파출소 뒤 정자,175,2022-04-01,대여소별 이용정보 22.4.csv
성동구,중랑2팀,3532. 왕십리KCC스위첸아파트,175,2022-04-01,대여소별 이용정보 22.4.csv
서초구,이수1팀,4323. 내곡도서관,178,2022-04-01,대여소별 이용정보 22.4.csv
서초구,이수1팀,2248. 서초리슈빌S 글로벌 앞,178,2022-04-01,대여소별 이용정보 22.4.csv
송파구,천호2팀,4853. 송파 안전체험교육관,180,2022-04-01,대여소별 이용정보 22.4.csv
강남구,학여울1팀,2392. 구룡산 입구 (구룡산 서울둘레길 입구),180,2022-04-01,대여소별 이용정보 22.4.csv
중구,훈련원1팀,4777. 약수동 주민센터,181,2022-04-01,대여소별 이용정보 22.4.csv
노원구,도봉2팀,1680. 삼육대 제3과학관,184,2022-04-01,대여소별 이용정보 22.4.csv
종로구,훈련원1팀,3401.창신두산아파트,186,2022-04-01,대여소별 이용정보 22.4.csv
강남구,학여울2팀,2425.세곡동 사거리(대왕초등학교 정류장),186,2022-04-01,대여소별 이용정보 22.4.csv
광진구,중랑1팀,3563.구의7단지현대아파트,188,2022-04-01,대여소별 이용정보 22.4.csv
서초구,이수3팀,4305. 서일스포츠센터,188,2022-04-01,대여소별 이용정보 22.4.csv
서초구,이수1팀,2257. 청계산 입구 삼거리,189,2022-04-01,대여소별 이용정보 22.4.csv
성북구,훈련원2팀,4417. 성북청소년문화의집,191,2022-04-01,대여소별 이용정보 22.4.csv
용산구,세종로3팀,4612. 한남 준 J.FSS 앞,192,2022-04-01,대여소별 이용정보 22.4.csv
성북구,훈련원2팀,1352. e 편한세상 보문아파트 내,192,2022-04-01,대여소별 이용정보 22.4.csv
은평구,상암3팀,968. 은평뉴타운 상림마을 13단지,192,2022-04-01,대여소별 이용정보 22.4.csv
노원구,도봉2팀,1675. 월계문화체육센터,193,2022-04-01,대여소별 이용정보 22.4.csv
성동구,중랑2팀,523. 옥수동성당 옆,195,2022-04-01,대여소별 이용정보 22.4.csv
은평구,상암3팀,937. 상림마을 롯데캐슬2단지 옆,197,2022-04-01,대여소별 이용정보 22.4.csv
종로구,세종로1팀,3403.서울특별시 교육청,198,2022-04-01,대여소별 이용정보 22.4.csv
서초구,이수1팀,4309. 서초케이타운앞,198,2022-04-01,대여소별 이용정보 22.4.csv
강남구,학여울1팀,3647. 구룡역 1번 출구,198,2022-04-01,대여소별 이용정보 22.4.csv
서초구,이수3팀,4324. 세화고등학교,198,2022-04-01,대여소별 이용정보 22.4.csv
동작구,영남2팀,2096.서울특별시 동작관악교육지원청,198,2022-04-01,대여소별 이용정보 22.4.csv
중구,세종로 4팀,4760. 서울역 7번출구,199,2022-04-01,대여소별 이용정보 22.4.csv
송파구,천호2팀,4883. 위례포레샤인18단지 1812동,201,2022-04-01,대여소별 이용정보 22.4.csv
동작구,이수2팀,2078.흑석 아크로리버하임(103동),202,2022-04-01,대여소별 이용정보 22.4.csv
은평구,상암3팀,924. 메뚜기다리,204,2022-04-01,대여소별 이용정보 22.4.csv
금천구,천왕3팀,1864.산호시티빌 옆,205,2022-04-01,대여소별 이용정보 22.4.csv
성북구,훈련원2팀,1342. 성북쉼터 앞,205,2022-04-01,대여소별 이용정보 22.4.csv
중랑구,중랑3팀,1467.sk신내 주유소앞(용마산로),205,2022-04-01,대여소별 이용정보 22.4.csv
강동구,천호1팀,1052. 리싸이클시티,205,2022-04-01,대여소별 이용정보 22.4.csv
구로구,천왕1팀,2806.항동지구 4단지 입구,205,2022-04-01,대여소별 이용정보 22.4.csv
서초구,이수2팀,2284. CJ오쇼핑앞,208,2022-04-01,대여소별 이용정보 22.4.csv
광진구,중랑1팀,3524. 세종대학교,210,2022-04-01,대여소별 이용정보 22.4.csv
중구,훈련원1팀,429. 송도병원,210,2022-04-01,대여소별 이용정보 22.4.csv
구로구,천왕1팀,3920. 개봉역2번출구 B,210,2022-04-01,대여소별 이용정보 22.4.csv
관악구,이수2팀,3802. 관악구민체육센터,210,2022-04-01,대여소별 이용정보 22.4.csv
금천구,천왕3팀,1861.IBK기업은행 석수역 지점 앞,211,2022-04-01,대여소별 이용정보 22.4.csv
송파구,천호2팀,4879. 마천청소년센터,212,2022-04-01,대여소별 이용정보 22.4.csv
종로구,훈련원1팀,3404.서울특별시 중부교육지원청,212,2022-04-01,대여소별 이용정보 22.4.csv
금천구,천왕3팀,3970. 시흥4동주민센터 앞,214,2022-04-01,대여소별 이용정보 22.4.csv
강북구,도봉4팀,1572. 우이동 먹거리마을,215,2022-04-01,대여소별 이용정보 22.4.csv
중구,세종로 4팀,4782. 서소문역사공원,217,2022-04-01,대여소별 이용정보 22.4.csv
강동구,천호1팀,1039. 고덕초등학교,219,2022-04-01,대여소별 이용정보 22.4.csv
금천구,천왕3팀,1852. 혜명양로원 담장 옆,220,2022-04-01,대여소별 이용정보 22.4.csv
금천구,천왕3팀,1855. 성지아파트 옆 도로변,222,2022-04-01,대여소별 이용정보 22.4.csv
강동구,천호1팀,1089.고덕 래미안힐스테이트(201동),223,2022-04-01,대여소별 이용정보 22.4.csv
영등포구,영남3팀,5852. 대림동현대2차 201동 앞,224,2022-04-01,대여소별 이용정보 22.4.csv
중구,세종로 4팀,484.도동삼거리,224,2022-04-01,대여소별 이용정보 22.4.csv
용산구,세종로 4팀,4617. 동원베네스트 건너편,225,2022-04-01,대여소별 이용정보 22.4.csv
강남구,학여울1팀,3622. 은마아파트입구 사거리(1),227,2022-04-01,대여소별 이용정보 22.4.csv
은평구,상암3팀,969. 은평 지웰테라스,228,2022-04-01,대여소별 이용정보 22.4.csv
강남구,학여울2팀,3602. 한국지역난방공사강남지사,229,2022-04-01,대여소별 이용정보 22.4.csv
강동구,천호1팀,3652. 한영외국어고등학교,230,2022-04-01,대여소별 이용정보 22.4.csv
서대문구,상암2팀,4265. 안산초등학교 앞,231,2022-04-01,대여소별 이용정보 22.4.csv
성북구,훈련원2팀,1392.돈암삼성풍림아파트,231,2022-04-01,대여소별 이용정보 22.4.csv
서초구,이수1팀,4319. 삼성전자R&D어린이집 뒤,232,2022-04-01,대여소별 이용정보 22.4.csv
은평구,상암3팀,938. 금암 문화공원,232,2022-04-01,대여소별 이용정보 22.4.csv
종로구,세종로1팀,486. 평창동주민센터 앞,233,2022-04-01,대여소별 이용정보 22.4.csv
관악구,이수2팀,3810. 신봉천주유소 B,234,2022-04-01,대여소별 이용정보 22.4.csv
성북구,훈련원2팀,1377. 한국과학기술연구원 북문,237,2022-04-01,대여소별 이용정보 22.4.csv
중랑구,중랑3팀,4830. 신내 우디안 111동 앞,238,2022-04-01,대여소별 이용정보 22.4.csv
용산구,세종로3팀,4611. 국제루터교회 앞,239,2022-04-01,대여소별 이용정보 22.4.csv
송파구,천호2팀,1283. 오금공원 사거리,241,2022-04-01,대여소별 이용정보 22.4.csv
용산구,세종로3팀,803. 한남초교 앞 보도육교,242,2022-04-01,대여소별 이용정보 22.4.csv
동작구,이수2팀,2079.중앙대학교 중앙광장,242,2022-04-01,대여소별 이용정보 22.4.csv
용산구,세종로3팀,854.HID 유족동지회 앞,242,2022-04-01,대여소별 이용정보 22.4.csv
강동구,천호1팀,1066.생태공원앞 교차로(조명탑),243,2022-04-01,대여소별 이용정보 22.4.csv
구로구,천왕1팀,2809.항동지구 11단지 1103동 앞,244,2022-04-01,대여소별 이용정보 22.4.csv
영등포구,영남3팀,200. 국회의원회관,246,2022-04-01,대여소별 이용정보 22.4.csv
송파구,학여울2팀,2659.서울친환경유통센터,246,2022-04-01,대여소별 이용정보 22.4.csv
동작구,이수2팀,2064. 흑석한강푸르지오 106동앞,247,2022-04-01,대여소별 이용정보 22.4.csv
서초구,이수3팀,2519.서초2교(사임당로 방면),248,2022-04-01,대여소별 이용정보 22.4.csv
종로구,세종로2팀,465. 삼청공원 앞,249,2022-04-01,대여소별 이용정보 22.4.csv
강동구,천호1팀,3539. 서원마을,251,2022-04-01,대여소별 이용정보 22.4.csv
구로구,천왕1팀,3911. 항동하버리안2단지아파트 후문,251,2022-04-01,대여소별 이용정보 22.4.csv
강남구,학여울1팀,3649. 구룡역 5번 출구,251,2022-04-01,대여소별 이용정보 22.4.csv
관악구,영남2팀,2141. 미림여고입구 교차로,251,2022-04-01,대여소별 이용정보 22.4.csv
서초구,이수3팀,2532.국립국악원 앞,251,2022-04-01,대여소별 이용정보 22.4.csv
동작구,이수2팀,2092.흑석한강푸르지오(110동),253,2022-04-01,대여소별 이용정보 22.4.csv
성동구,중랑2팀,3555.양지사거리(센트라스APT 115동앞),254,2022-04-01,대여소별 이용정보 22.4.csv
중구,세종로 4팀,443.호암아트홀,254,2022-04-01,대여소별 이용정보 22.4.csv
서초구,이수2팀,2225.백석예술대학교 제3캠퍼스 앞,255,2022-04-01,대여소별 이용정보 22.4.csv
구로구,천왕1팀,2807.항동지구 1단지 105동 앞,256,2022-04-01,대여소별 이용정보 22.4.csv
종로구,세종로1팀,3429.HW컨벤션센터 앞,261,2022-04-01,대여소별 이용정보 22.4.csv
중랑구,중랑3팀,1445. 용마지구대,261,2022-04-01,대여소별 이용정보 22.4.csv
송파구,학여울2팀,1242. 문정 법조단지6,262,2022-04-01,대여소별 이용정보 22.4.csv
강서구,개화1팀,1101. 개화동상사마을종점 버스정류장,262,2022-04-01,대여소별 이용정보 22.4.csv
성북구,훈련원2팀,1376. 한국과학기술연구원 중문,262,2022-04-01,대여소별 이용정보 22.4.csv
구로구,천왕1팀,3915. 동선아파트 앞,263,2022-04-01,대여소별 이용정보 22.4.csv
구로구,천왕1팀,2814.항동지구 10단지 1001동 앞,264,2022-04-01,대여소별 이용정보 22.4.csv
용산구,세종로3팀,4608. 국립중앙박물관 정문 앞,264,2022-04-01,대여소별 이용정보 22.4.csv
금천구,천왕3팀,1816. 금천폭포공원 앞,264,2022-04-01,대여소별 이용정보 22.4.csv
구로구,천왕1팀,1951. 천왕이펜하우스 4단지 후문,265,2022-04-01,대여소별 이용정보 22.4.csv
송파구,천호2팀,4479. 문정중학교,266,2022-04-01,대여소별 이용정보 22.4.csv
은평구,상암3팀,4668. 기자촌사거리,266,2022-04-01,대여소별 이용정보 22.4.csv
중구,세종로 4팀,4772. 중앙일보,266,2022-04-01,대여소별 이용정보 22.4.csv
송파구,학여울2팀,4488. 문현중.고등학교 사이,266,2022-04-01,대여소별 이용정보 22.4.csv
서초구,이수3팀,2517.서초3교(효령로69길 방면),266,2022-04-01,대여소별 이용정보 22.4.csv
중랑구,중랑3팀,4802. 새우개마을,267,2022-04-01,대여소별 이용정보 22.4.csv
송파구,천호2팀,2609. 보성중고등학교 후문 앞,270,2022-04-01,대여소별 이용정보 22.4.csv
용산구,세종로3팀,855.이촌역5번출구 앞,271,2022-04-01,대여소별 이용정보 22.4.csv
강남구,학여울2팀,3637. 세곡데이케어센터,271,2022-04-01,대여소별 이용정보 22.4.csv
강남구,학여울1팀,3616. 역삼중학교 앞(체육관 방향),273,2022-04-01,대여소별 이용정보 22.4.csv
노원구,도봉2팀,4021. 중계본동 입구,275,2022-04-01,대여소별 이용정보 22.4.csv
송파구,천호2팀,4896. 위례포레샤인15단지,275,2022-04-01,대여소별 이용정보 22.4.csv
성북구,훈련원2팀,1379.길음뉴타운푸르지오아파트 3단지,275,2022-04-01,대여소별 이용정보 22.4.csv
구로구,천왕1팀,2808.항동지구 2단지 202동 앞,275,2022-04-01,대여소별 이용정보 22.4.csv
금천구,천왕3팀,1836. 금천구립 독산도서관,280,2022-04-01,대여소별 이용정보 22.4.csv
마포구,상암1팀,4239. 성산2동 주민센터,281,2022-04-01,대여소별 이용정보 22.4.csv
동작구,이수2팀,2061. 한강 현대아파트 건너편,282,2022-04-01,대여소별 이용정보 22.4.csv
강남구,학여울2팀,2403. 공무원연금매점 교차로 (개포주공9단지 입구),282,2022-04-01,대여소별 이용정보 22.4.csv
금천구,천왕3팀,3967. 혜명양로원 담장 옆(2),282,2022-04-01,대여소별 이용정보 22.4.csv
강동구,천호1팀,1062. 고덕숲 아이파크 2,284,2022-04-01,대여소별 이용정보 22.4.csv
종로구,세종로1팀,3428.서울미술관,286,2022-04-01,대여소별 이용정보 22.4.csv
성동구,중랑2팀,556. 달맞이공원,286,2022-04-01,대여소별 이용정보 22.4.csv
동작구,이수2팀,2040. 비계 버스정류소,290,2022-04-01,대여소별 이용정보 22.4.csv
송파구,천호2팀,4473. 마천금호어울림 1차 102동앞,292,2022-04-01,대여소별 이용정보 22.4.csv
용산구,세종로3팀,847. 국방부민원실옆,292,2022-04-01,대여소별 이용정보 22.4.csv
강남구,학여울1팀,2352. 서울본부세관(건설회관 앞),292,2022-04-01,대여소별 이용정보 22.4.csv
중구,세종로 4팀,4801. 충정로역 2호선(엘리베이터 앞),293,2022-04-01,대여소별 이용정보 22.4.csv
용산구,세종로3팀,4613. 서울갤러리아 앞,294,2022-04-01,대여소별 이용정보 22.4.csv
강남구,학여울2팀,2383. 보금자리정원,295,2022-04-01,대여소별 이용정보 22.4.csv
은평구,상암3팀,974.연신초등학교옆 마을마당,296,2022-04-01,대여소별 이용정보 22.4.csv
동작구,영남2팀,4158. 노량진근린공원,296,2022-04-01,대여소별 이용정보 22.4.csv
구로구,천왕1팀,3902. 항동지구5단지 501동 앞,296,2022-04-01,대여소별 이용정보 22.4.csv
강동구,천호1팀,1007.암사동 선사유적지,300,2022-04-01,대여소별 이용정보 22.4.csv
금천구,천왕3팀,1847. 독산주공 14단지 버스정류소,300,2022-04-01,대여소별 이용정보 22.4.csv
용산구,세종로3팀,812. 용산전쟁기념관,302,2022-04-01,대여소별 이용정보 22.4.csv
금천구,천왕3팀,1866.서울안천초등학교 옆,303,2022-04-01,대여소별 이용정보 22.4.csv
강남구,학여울1팀,2417.선정릉 디캠프(D.CAMP)앞,304,2022-04-01,대여소별 이용정보 22.4.csv
강남구,학여울2팀,2401. 밀알학교 입구 (삼성서울병원 입구),304,2022-04-01,대여소별 이용정보 22.4.csv
관악구,이수2팀,2165. JK장평타워,305,2022-04-01,대여소별 이용정보 22.4.csv
금천구,천왕3팀,3973. 독산2동주민센터 앞,306,2022-04-01,대여소별 이용정보 22.4.csv
중랑구,중랑3팀,4840. 서울시 북부병원 앞,306,2022-04-01,대여소별 이용정보 22.4.csv
강남구,학여울1팀,2350. 래미안그레이튼102동앞,307,2022-04-01,대여소별 이용정보 22.4.csv
도봉구,도봉3팀,1723. 방학동학마을도서관,307,2022-04-01,대여소별 이용정보 22.4.csv
구로구,천왕1팀,1969. 궁동생태공원,309,2022-04-01,대여소별 이용정보 22.4.csv
중랑구,중랑3팀,4829. 신내동 한살림 중랑지구 북축,309,2022-04-01,대여소별 이용정보 22.4.csv
금천구,천왕2팀,1850. 코오롱테크노밸리,311,2022-04-01,대여소별 이용정보 22.4.csv
중랑구,중랑3팀,4834. 용마복지센터 앞,313,2022-04-01,대여소별 이용정보 22.4.csv
금천구,천왕3팀,1857. 주공14단지,314,2022-04-01,대여소별 이용정보 22.4.csv
강동구,천호1팀,3661. 명일동신동아아파트 앞,315,2022-04-01,대여소별 이용정보 22.4.csv
종로구,세종로1팀,3431.로제우스 레포츠센터,315,2022-04-01,대여소별 이용정보 22.4.csv
중랑구,중랑3팀,1463.중랑구민회관,317,2022-04-01,대여소별 이용정보 22.4.csv
중랑구,중랑3팀,1406. 망우청소년수련관,317,2022-04-01,대여소별 이용정보 22.4.csv
강남구,학여울2팀,2376. 수서역 6번출구 앞,317,2022-04-01,대여소별 이용정보 22.4.csv
금천구,천왕3팀,1842. 한울중학교,319,2022-04-01,대여소별 이용정보 22.4.csv
서대문구,상암2팀,3111.무악재역 4번 출구,319,2022-04-01,대여소별 이용정보 22.4.csv
강서구,개화2팀,3766. 강서문화센터,320,2022-04-01,대여소별 이용정보 22.4.csv
송파구,학여울2팀,1250.문정2동 주민센터,321,2022-04-01,대여소별 이용정보 22.4.csv
서초구,이수3팀,2282. 방배래미안아트힐 101동앞,321,2022-04-01,대여소별 이용정보 22.4.csv
광진구,중랑1팀,3564.나루마당,324,2022-04-01,대여소별 이용정보 22.4.csv
서초구,이수1팀,2249. 우솔초등학교 맞은편,324,2022-04-01,대여소별 이용정보 22.4.csv
강남구,학여울1팀,2334. 삼호아파트 2동 ( 간선도로),325,2022-04-01,대여소별 이용정보 22.4.csv
중랑구,중랑3팀,1453. 중랑캠핑숲,325,2022-04-01,대여소별 이용정보 22.4.csv
서초구,이수3팀,2510. JW타워,327,2022-04-01,대여소별 이용정보 22.4.csv
용산구,세종로3팀,831. 이태원관광특구입구,327,2022-04-01,대여소별 이용정보 22.4.csv
관악구,이수2팀,3806. 낙성대 교수아파트,329,2022-04-01,대여소별 이용정보 22.4.csv
강남구,학여울1팀,2354. 청담역 2번출구,329,2022-04-01,대여소별 이용정보 22.4.csv
중랑구,중랑3팀,1410. 면목 대원칸타빌아파트,330,2022-04-01,대여소별 이용정보 22.4.csv
금천구,천왕3팀,3974. 안천중학교,330,2022-04-01,대여소별 이용정보 22.4.csv
은평구,상암3팀,4672. 준빌딩 앞,332,2022-04-01,대여소별 이용정보 22.4.csv
양천구,개화2팀,4519. 양원보도육교,333,2022-04-01,대여소별 이용정보 22.4.csv
강남구,학여울1팀,3615. 서울 논현동우체국 앞,333,2022-04-01,대여소별 이용정보 22.4.csv
중랑구,중랑3팀,1422. 신내우디안아파트 1단지,335,2022-04-01,대여소별 이용정보 22.4.csv
송파구,천호2팀,4461. 한양3차아파트 3동 앞,337,2022-04-01,대여소별 이용정보 22.4.csv
용산구,세종로 4팀,827. 국군복지단,337,2022-04-01,대여소별 이용정보 22.4.csv
서초구,이수1팀,2203. 청계산입구역 2번출구,338,2022-04-01,대여소별 이용정보 22.4.csv
성북구,훈련원2팀,1314. 정릉꿈에그린1단지 201동 앞,338,2022-04-01,대여소별 이용정보 22.4.csv
용산구,세종로3팀,4623. 라인프랜즈이태원점 앞,340,2022-04-01,대여소별 이용정보 22.4.csv
종로구,세종로1팀,451. 청와대앞길,341,2022-04-01,대여소별 이용정보 22.4.csv
강서구,개화1팀,1200. 개화광역환승센터,343,2022-04-01,대여소별 이용정보 22.4.csv
마포구,상암1팀,410. 상암중학교 옆,343,2022-04-01,대여소별 이용정보 22.4.csv
강동구,천호1팀,3672. 고덕중학교 후문,344,2022-04-01,대여소별 이용정보 22.4.csv
강북구,도봉4팀,1510. 번동주공5단지 관리사무소 앞,344,2022-04-01,대여소별 이용정보 22.4.csv
구로구,천왕2팀,1979. 구로1동우체국 앞,345,2022-04-01,대여소별 이용정보 22.4.csv
강북구,도봉4팀,3714. 송천센트레빌,346,2022-04-01,대여소별 이용정보 22.4.csv
서대문구,상암1팀,4266.국민연금공단충정로사옥,346,2022-04-01,대여소별 이용정보 22.4.csv
강남구,학여울1팀,2304. 대현그린타워,347,2022-04-01,대여소별 이용정보 22.4.csv
관악구,이수2팀,2130. 영어마을 관악캠프,348,2022-04-01,대여소별 이용정보 22.4.csv
구로구,천왕1팀,3910. 목양전원교회 앞 로터리,348,2022-04-01,대여소별 이용정보 22.4.csv
은평구,상암3팀,945. 기자촌 사거리,350,2022-04-01,대여소별 이용정보 22.4.csv
성북구,훈련원2팀,1353. 금호어울림센터힐 내,350,2022-04-01,대여소별 이용정보 22.4.csv
강서구,개화1팀,1188. 롯데중앙연구소,351,2022-04-01,대여소별 이용정보 22.4.csv
강남구,학여울1팀,2398. 더라움,351,2022-04-01,대여소별 이용정보 22.4.csv
광진구,중랑1팀,3503. 광진유진스웰,351,2022-04-01,대여소별 이용정보 22.4.csv
중구,세종로 4팀,4766. 서소문성지역사박물관,351,2022-04-01,대여소별 이용정보 22.4.csv
강동구,천호1팀,1054. 말우물 어린이 공원,352,2022-04-01,대여소별 이용정보 22.4.csv
서대문구,상암2팀,3126.남가좌동 제2공영주차장,353,2022-04-01,대여소별 이용정보 22.4.csv
강서구,개화2팀,1181. 농수산식품공사 (강서지사),354,2022-04-01,대여소별 이용정보 22.4.csv
성북구,훈련원2팀,1393.돈암육교 하단,355,2022-04-01,대여소별 이용정보 22.4.csv
도봉구,도봉3팀,1730. 도봉산역 교차로 앞,356,2022-04-01,대여소별 이용정보 22.4.csv
금천구,천왕3팀,1823. 상신정비공업 앞,356,2022-04-01,대여소별 이용정보 22.4.csv
강동구,천호1팀,1082.중앙보훈병원역3번출구,357,2022-04-01,대여소별 이용정보 22.4.csv
성동구,중랑2팀,3556.신금호파크자이APT앞,357,2022-04-01,대여소별 이용정보 22.4.csv
강남구,학여울1팀,2371. 한국우편사업진흥원,359,2022-04-01,대여소별 이용정보 22.4.csv
동대문구,훈련원4팀,616. 서울시립대 앞,359,2022-04-01,대여소별 이용정보 22.4.csv
노원구,도봉1팀,4043. 상계주공13단지 1301동,361,2022-04-01,대여소별 이용정보 22.4.csv
강북구,도봉4팀,1513. 강북구청 뒷편,362,2022-04-01,대여소별 이용정보 22.4.csv
서초구,이수3팀,2533.한가람미술관 앞,362,2022-04-01,대여소별 이용정보 22.4.csv
구로구,천왕1팀,2817.천왕이펜하우스5단지 앞,363,2022-04-01,대여소별 이용정보 22.4.csv
서대문구,상암2팀,4262. 서대문자연사박물관 입구,364,2022-04-01,대여소별 이용정보 22.4.csv
성북구,훈련원2팀,4415. 미아초교버스승강장,365,2022-04-01,대여소별 이용정보 22.4.csv
강동구,천호1팀,1038. 강일 다솜 어린이 공원,365,2022-04-01,대여소별 이용정보 22.4.csv
강서구,개화1팀,1196. 서울식물원(문화센터) 건너편,367,2022-04-01,대여소별 이용정보 22.4.csv
중구,세종로2팀,469.회현역 1번출구,367,2022-04-01,대여소별 이용정보 22.4.csv
용산구,세종로 4팀,4625. 용산공원갤러리앞,368,2022-04-01,대여소별 이용정보 22.4.csv
강남구,학여울1팀,2386. 크린랩 본사,370,2022-04-01,대여소별 이용정보 22.4.csv
용산구,세종로 4팀,823. 효창동주민센터 앞,371,2022-04-01,대여소별 이용정보 22.4.csv
은평구,상암3팀,4681.박석고개(은평소방서) 앞,371,2022-04-01,대여소별 이용정보 22.4.csv
성동구,중랑2팀,3551.성동도로사업소,371,2022-04-01,대여소별 이용정보 22.4.csv
강동구,천호1팀,1071.명일근린공원공동체텃밭,372,2022-04-01,대여소별 이용정보 22.4.csv
용산구,세종로3팀,4609. 파크타워 104동 앞,374,2022-04-01,대여소별 이용정보 22.4.csv
송파구,학여울2팀,1263. 장지공영차고지,375,2022-04-01,대여소별 이용정보 22.4.csv
강동구,천호1팀,1037. 강일리버파크 6단지,375,2022-04-01,대여소별 이용정보 22.4.csv
마포구,상암1팀,3005.마포구청 청사내,375,2022-04-01,대여소별 이용정보 22.4.csv
성북구,훈련원2팀,1370. 복자사랑 피정의 집,375,2022-04-01,대여소별 이용정보 22.4.csv
강동구,천호1팀,1034. 고덕동 래미안 힐스테이트,376,2022-04-01,대여소별 이용정보 22.4.csv
금천구,천왕3팀,1863.위너스 스포츠클럽 골프연습장옆,376,2022-04-01,대여소별 이용정보 22.4.csv
강남구,학여울1팀,2390. 구룡마을 입구 (래미안블레스티지 아파트),376,2022-04-01,대여소별 이용정보 22.4.csv
광진구,중랑1팀,3521. 현대홈타운 뒷길,377,2022-04-01,대여소별 이용정보 22.4.csv
용산구,세종로3팀,4632. 용산 푸르지오 파크타운 1단지 앞,377,2022-04-01,대여소별 이용정보 22.4.csv
마포구,상암1팀,422. 문화비축기지,379,2022-04-01,대여소별 이용정보 22.4.csv
은평구,상암3팀,992.북한산입구 정류장,380,2022-04-01,대여소별 이용정보 22.4.csv
영등포구,영남3팀,4584. 국회2문,380,2022-04-01,대여소별 이용정보 22.4.csv
은평구,상암3팀,952. 서울연신중학교,382,2022-04-01,대여소별 이용정보 22.4.csv
중구,세종로 4팀,384. 종로학원본원,382,2022-04-01,대여소별 이용정보 22.4.csv
중랑구,중랑3팀,4821. 동원초등학교 정문 앞,382,2022-04-01,대여소별 이용정보 22.4.csv
강남구,학여울1팀,2363. 강남 을지병원 교차로,382,2022-04-01,대여소별 이용정보 22.4.csv
강남구,학여울2팀,3611. 방죽마을 입구,383,2022-04-01,대여소별 이용정보 22.4.csv
강남구,학여울1팀,3630. 개포우성6차아파트 정문 앞,383,2022-04-01,대여소별 이용정보 22.4.csv
서초구,이수3팀,2526.반포경남쇼핑 앞,383,2022-04-01,대여소별 이용정보 22.4.csv
성동구,중랑2팀,3530. 왕십리자이아파트 후문(삼거리),385,2022-04-01,대여소별 이용정보 22.4.csv
은평구,상암3팀,977.신도중학교앞,386,2022-04-01,대여소별 이용정보 22.4.csv
동작구,이수2팀,2041. 사당중학교 버스정류소,388,2022-04-01,대여소별 이용정보 22.4.csv
은평구,상암2팀,934. 신사동 성당,388,2022-04-01,대여소별 이용정보 22.4.csv
노원구,도봉1팀,1635. 상계3.4동 주민센터 대여소,388,2022-04-01,대여소별 이용정보 22.4.csv
동작구,이수2팀,4153. 흑석동효사정앞,389,2022-04-01,대여소별 이용정보 22.4.csv
양천구,천왕1팀,767.신정숲속마을아파트,389,2022-04-01,대여소별 이용정보 22.4.csv
송파구,천호2팀,4882. 위례포레샤인18단지 1802동,390,2022-04-01,대여소별 이용정보 22.4.csv
송파구,천호2팀,4881. 거여동사거리 송파둘레길 입구,394,2022-04-01,대여소별 이용정보 22.4.csv
강북구,도봉4팀,1511. 번동 금호어울림아파트102동앞,394,2022-04-01,대여소별 이용정보 22.4.csv
금천구,천왕3팀,1865.금천구청앞(M빌딩),396,2022-04-01,대여소별 이용정보 22.4.csv
성동구,중랑2팀,569. 응봉현대아파트 정류소,396,2022-04-01,대여소별 이용정보 22.4.csv
관악구,영남2팀,2184. 구암초등학교 버스정류장,397,2022-04-01,대여소별 이용정보 22.4.csv
강북구,도봉4팀,3703. 신성교회 앞,399,2022-04-01,대여소별 이용정보 22.4.csv
서초구,이수3팀,4327. 몽마르뜨공원입구,399,2022-04-01,대여소별 이용정보 22.4.csv
강동구,천호1팀,3654. 강동리버스트4단지아파트 405동 앞,399,2022-04-01,대여소별 이용정보 22.4.csv
은평구,상암3팀,994.북한산생태공원입구(교통섬),402,2022-04-01,대여소별 이용정보 22.4.csv
은평구,상암2팀,901. 응암1동사무소,402,2022-04-01,대여소별 이용정보 22.4.csv
종로구,세종로1팀,3426.독립문역 2번출구 뒤,402,2022-04-01,대여소별 이용정보 22.4.csv
은평구,상암3팀,973.제각말푸르지오 5-1단지 아파트,404,2022-04-01,대여소별 이용정보 22.4.csv
종로구,훈련원1팀,4703. 쌍용아파트2단지 정문,405,2022-04-01,대여소별 이용정보 22.4.csv
도봉구,도봉3팀,1756.서울북부광역등기국,405,2022-04-01,대여소별 이용정보 22.4.csv
강동구,천호1팀,1006. 롯데캐슬 115동앞,406,2022-04-01,대여소별 이용정보 22.4.csv
중랑구,중랑3팀,1436. 동원베네스트 건물 앞,406,2022-04-01,대여소별 이용정보 22.4.csv
서초구,이수3팀,4315. 이투스교육 앞,408,2022-04-01,대여소별 이용정보 22.4.csv
관악구,이수2팀,3307.봉천고개 육교,408,2022-04-01,대여소별 이용정보 22.4.csv
강남구,학여울1팀,2382. 역삼동 sk뷰 501동앞,410,2022-04-01,대여소별 이용정보 22.4.csv
종로구,세종로1팀,3427.인왕산 아이파크 정문,411,2022-04-01,대여소별 이용정보 22.4.csv
서초구,이수3팀,2269. 주홍교 하부,411,2022-04-01,대여소별 이용정보 22.4.csv
강남구,학여울1팀,2336. 강남세브란스교차로 래미안그레이튼 104동 앞,412,2022-04-01,대여소별 이용정보 22.4.csv
영등포구,영남3팀,297.국회3문,413,2022-04-01,대여소별 이용정보 22.4.csv
중구,세종로2팀,467.한국은행,413,2022-04-01,대여소별 이용정보 22.4.csv
성동구,중랑2팀,3531. 논골사거리(금호도서관 입구),414,2022-04-01,대여소별 이용정보 22.4.csv
금천구,천왕3팀,1820. 신한은행 시흥대로금융센터지점,415,2022-04-01,대여소별 이용정보 22.4.csv
도봉구,도봉3팀,1728. 서울북부지방법원,415,2022-04-01,대여소별 이용정보 22.4.csv
서초구,이수2팀,2226. 신동아럭스빌아파트 앞,416,2022-04-01,대여소별 이용정보 22.4.csv
노원구,도봉2팀,2907. 월계중학교,417,2022-04-01,대여소별 이용정보 22.4.csv
중랑구,중랑3팀,1427. 용마산역 1번출구,417,2022-04-01,대여소별 이용정보 22.4.csv
강남구,학여울1팀,2370. 한티역 3번출구,417,2022-04-01,대여소별 이용정보 22.4.csv
중구,훈련원1팀,483.남산타운아파트 버스정류장,418,2022-04-01,대여소별 이용정보 22.4.csv
은평구,상암3팀,959. 구파발10단지 인근,420,2022-04-01,대여소별 이용정보 22.4.csv
강남구,학여울1팀,2311. 학동로 래미안 아파트 앞,420,2022-04-01,대여소별 이용정보 22.4.csv
금천구,천왕3팀,1853. 서울디자인직업전문학교 앞,422,2022-04-01,대여소별 이용정보 22.4.csv
강동구,천호1팀,3663. 암사정수센터교차로(강동롯데캐슬퍼스트아파트),423,2022-04-01,대여소별 이용정보 22.4.csv
강서구,개화2팀,3799. 국립항공박물관,424,2022-04-01,대여소별 이용정보 22.4.csv
구로구,천왕1팀,2804.항동지구 6단지 602동 앞,424,2022-04-01,대여소별 이용정보 22.4.csv
송파구,천호2팀,4888. 둔촌오륜역 2번출구,425,2022-04-01,대여소별 이용정보 22.4.csv
은평구,상암3팀,921. 신도고등학교,425,2022-04-01,대여소별 이용정보 22.4.csv
중구,훈련원1팀,428. 명보사거리,426,2022-04-01,대여소별 이용정보 22.4.csv
강동구,천호1팀,3692. 둔촌오륜역 1번 출구,426,2022-04-01,대여소별 이용정보 22.4.csv
강남구,학여울2팀,2351. 청소년수련관(수영장)앞,427,2022-04-01,대여소별 이용정보 22.4.csv
구로구,천왕1팀,1971. 오정초교 앞 보도육교,427,2022-04-01,대여소별 이용정보 22.4.csv
은평구,상암3팀,902. 진관동 은빛초등학교,428,2022-04-01,대여소별 이용정보 22.4.csv
강남구,학여울1팀,3646. 선정릉역 4번 출구,428,2022-04-01,대여소별 이용정보 22.4.csv
마포구,상암1팀,432. 마포중앙도서관,429,2022-04-01,대여소별 이용정보 22.4.csv
송파구,학여울2팀,1290. 위례송파꿈에그린아파트24단지 앞 성벽 다리 밑,429,2022-04-01,대여소별 이용정보 22.4.csv
강북구,도봉4팀,1541. 삼양역,430,2022-04-01,대여소별 이용정보 22.4.csv
은평구,상암3팀,4667. 폭포동입구 교차로,432,2022-04-01,대여소별 이용정보 22.4.csv
동작구,이수2팀,2083.흑석롯데캐슬에듀포레(107동),434,2022-04-01,대여소별 이용정보 22.4.csv
양천구,개화4팀,4516. 신진빌라,434,2022-04-01,대여소별 이용정보 22.4.csv
관악구,영남2팀,3310.영락고등학교,434,2022-04-01,대여소별 이용정보 22.4.csv
마포구,상암1팀,494.신수동주민센터,435,2022-04-01,대여소별 이용정보 22.4.csv
강남구,학여울1팀,3621. 휘문고교 사거리,436,2022-04-01,대여소별 이용정보 22.4.csv
동작구,영남2팀,4162. 노량진1동 청소년독서실,437,2022-04-01,대여소별 이용정보 22.4.csv
구로구,천왕1팀,2818.천왕이펜하우스3단지 앞,437,2022-04-01,대여소별 이용정보 22.4.csv
서대문구,상암1팀,3114.충정로역 3번 출구,437,2022-04-01,대여소별 이용정보 22.4.csv
강동구,천호1팀,1053. 동명근린공원 진입로 (아리수로),438,2022-04-01,대여소별 이용정보 22.4.csv
구로구,천왕1팀,1967. 참새공원(백곡경노당),438,2022-04-01,대여소별 이용정보 22.4.csv
동작구,이수2팀,2048. 삼일초등학교 인근,438,2022-04-01,대여소별 이용정보 22.4.csv
서초구,이수2팀,2223. 방배래미안 정문 앞,439,2022-04-01,대여소별 이용정보 22.4.csv
서초구,이수1팀,4329. SC제일은행 양재동지점 앞,440,2022-04-01,대여소별 이용정보 22.4.csv
용산구,세종로3팀,822. 이촌1동 마을공원,440,2022-04-01,대여소별 이용정보 22.4.csv
동대문구,훈련원4팀,608. 전농삼성아파트,441,2022-04-01,대여소별 이용정보 22.4.csv
성북구,훈련원2팀,1365. 선잠단지 앞,443,2022-04-01,대여소별 이용정보 22.4.csv
용산구,세종로3팀,4622. 한강중학교 앞 버스정류장,444,2022-04-01,대여소별 이용정보 22.4.csv
송파구,학여울2팀,4490. 송파파인타운 10단지 1005동,444,2022-04-01,대여소별 이용정보 22.4.csv
용산구,세종로 4팀,851.효창 푸르지오 앞,445,2022-04-01,대여소별 이용정보 22.4.csv
용산구,세종로 4팀,4604. 원효로다목적체육관 앞,445,2022-04-01,대여소별 이용정보 22.4.csv
서초구,이수3팀,2545.국립중앙도서관(국제회의장옆),445,2022-04-01,대여소별 이용정보 22.4.csv
서초구,이수3팀,2210. 반포1동 주민센터 앞,446,2022-04-01,대여소별 이용정보 22.4.csv
도봉구,도봉3팀,1731. 도봉고등학교 맞은편,448,2022-04-01,대여소별 이용정보 22.4.csv
서초구,이수3팀,4304. 서울고앞,448,2022-04-01,대여소별 이용정보 22.4.csv
강동구,천호1팀,3674. 강동리버스트7단지,448,2022-04-01,대여소별 이용정보 22.4.csv
용산구,세종로3팀,858.녹사평역3번 출구,448,2022-04-01,대여소별 이용정보 22.4.csv
성동구,중랑2팀,534. 금호사거리,449,2022-04-01,대여소별 이용정보 22.4.csv
구로구,천왕2팀,2825.초롱타운 앞,450,2022-04-01,대여소별 이용정보 22.4.csv
동작구,이수2팀,2071. 대림아파트 후문 상가 옆,450,2022-04-01,대여소별 이용정보 22.4.csv
중랑구,중랑3팀,4807. 라코지스테이 앞,452,2022-04-01,대여소별 이용정보 22.4.csv
강남구,학여울1팀,2427.개포고등학교 정문앞,452,2022-04-01,대여소별 이용정보 22.4.csv
용산구,세종로 4팀,4602. 숙명여대앞 버스정류소 주변,454,2022-04-01,대여소별 이용정보 22.4.csv
도봉구,도봉3팀,1717. 시립창동운동장 입구,454,2022-04-01,대여소별 이용정보 22.4.csv
성북구,훈련원2팀,1316. 고려사대부속중고 건너편,455,2022-04-01,대여소별 이용정보 22.4.csv
용산구,세종로3팀,863.이촌역2번 출구,455,2022-04-01,대여소별 이용정보 22.4.csv
마포구,상암1팀,4247. 서울서부지방법원등기국앞,455,2022-04-01,대여소별 이용정보 22.4.csv
종로구,훈련원1팀,3402.이화공영주차장,456,2022-04-01,대여소별 이용정보 22.4.csv
동대문구,훈련원4팀,681.서울특별시 동부교육지원청(육교),456,2022-04-01,대여소별 이용정보 22.4.csv
강북구,도봉4팀,1571.북서울 꿈의 숲 입구,457,2022-04-01,대여소별 이용정보 22.4.csv
중랑구,중랑3팀,1435. 능산삼거리,457,2022-04-01,대여소별 이용정보 22.4.csv
송파구,천호2팀,1279. 마천금호어울림 1차아파트 건너편,457,2022-04-01,대여소별 이용정보 22.4.csv
도봉구,도봉3팀,4084. 도봉동실내스포츠센터,457,2022-04-01,대여소별 이용정보 22.4.csv
동대문구,훈련원4팀,679.전농SK아파트 앞,458,2022-04-01,대여소별 이용정보 22.4.csv
종로구,세종로2팀,352. 중앙고입구 삼거리,459,2022-04-01,대여소별 이용정보 22.4.csv
은평구,상암3팀,967. 서울혁신파크2,459,2022-04-01,대여소별 이용정보 22.4.csv
금천구,천왕2팀,1849. 대륭포스트타워5차,460,2022-04-01,대여소별 이용정보 22.4.csv
성북구,훈련원2팀,1323. 월곡역 입구 육교 밑,461,2022-04-01,대여소별 이용정보 22.4.csv
마포구,상암1팀,489.구룡근린공원,461,2022-04-01,대여소별 이용정보 22.4.csv
은평구,상암2팀,978.녹번 힐스테이트상가앞,461,2022-04-01,대여소별 이용정보 22.4.csv
서초구,이수1팀,2539.대한무역투자진흥공사 KOTRA 앞,461,2022-04-01,대여소별 이용정보 22.4.csv
송파구,학여울2팀,2650.위례22단지 2208동 다리앞,464,2022-04-01,대여소별 이용정보 22.4.csv
종로구,세종로1팀,449. 일성아파트,464,2022-04-01,대여소별 이용정보 22.4.csv
강동구,천호1팀,3682. 길동 동호빌딩,465,2022-04-01,대여소별 이용정보 22.4.csv
중구,세종로 4팀,435. SK 남산빌딩,466,2022-04-01,대여소별 이용정보 22.4.csv
서초구,이수2팀,2283. 그룹한빌딩옆,466,2022-04-01,대여소별 이용정보 22.4.csv
강남구,학여울1팀,3636. 삼성중앙역·플래티넘아파트 정류소,467,2022-04-01,대여소별 이용정보 22.4.csv
중랑구,중랑3팀,4815. 중랑데시앙플렉스 앞,467,2022-04-01,대여소별 이용정보 22.4.csv
서대문구,상암2팀,3109.북한산더? 106동 앞,468,2022-04-01,대여소별 이용정보 22.4.csv
은평구,상암3팀,942. 상림마을 생태공원,468,2022-04-01,대여소별 이용정보 22.4.csv
영등포구,영남3팀,4582. 국회도서관,468,2022-04-01,대여소별 이용정보 22.4.csv
서초구,이수3팀,2535.신반포역 3번출구 뒤,468,2022-04-01,대여소별 이용정보 22.4.csv
강동구,천호1팀,1079.강일동입구교차로,469,2022-04-01,대여소별 이용정보 22.4.csv
강남구,학여울2팀,3644. 상록수아파트,469,2022-04-01,대여소별 이용정보 22.4.csv
강북구,도봉4팀,1558.강북문화정보도서관,469,2022-04-01,대여소별 이용정보 22.4.csv
구로구,천왕2팀,1910. 낙원교회 맞은편,471,2022-04-01,대여소별 이용정보 22.4.csv
강동구,천호1팀,3659. 명일초등학교 옆,472,2022-04-01,대여소별 이용정보 22.4.csv
강북구,도봉4팀,1573.현대성우아파트 옆,473,2022-04-01,대여소별 이용정보 22.4.csv
도봉구,도봉3팀,1703. 도봉산광역환승센터앞,473,2022-04-01,대여소별 이용정보 22.4.csv
강북구,도봉4팀,1546. 송천동우체국,475,2022-04-01,대여소별 이용정보 22.4.csv
영등포구,영남3팀,4581. 국회소통관,475,2022-04-01,대여소별 이용정보 22.4.csv
강남구,학여울1팀,2347. 두산건설 본사,476,2022-04-01,대여소별 이용정보 22.4.csv
구로구,천왕1팀,2812.항동프라자,477,2022-04-01,대여소별 이용정보 22.4.csv
중구,세종로2팀,466.롯데호텔,477,2022-04-01,대여소별 이용정보 22.4.csv
양천구,천왕1팀,724. 계남공원 입구 주출입구 좌측,477,2022-04-01,대여소별 이용정보 22.4.csv
서초구,이수1팀,2258.구룡사 삼거리,478,2022-04-01,대여소별 이용정보 22.4.csv
영등포구,영남3팀,295.영등포공원 분수대 앞,480,2022-04-01,대여소별 이용정보 22.4.csv
중구,세종로2팀,4761. 탐앤탐스 을지로3가점,482,2022-04-01,대여소별 이용정보 22.4.csv
마포구,상암1팀,3006. 상암월드컵파크5단지(상암중학교),482,2022-04-01,대여소별 이용정보 22.4.csv
강북구,도봉4팀,1538. 솔밭공원역,483,2022-04-01,대여소별 이용정보 22.4.csv
동대문구,훈련원3팀,600. 휘경2동 주민센터,484,2022-04-01,대여소별 이용정보 22.4.csv
성북구,훈련원2팀,1366. 일신초등학교 옆,484,2022-04-01,대여소별 이용정보 22.4.csv
강동구,천호1팀,3690. 강일역 4번출구,485,2022-04-01,대여소별 이용정보 22.4.csv
서대문구,상암1팀,3117.이화여대 인문관 인근,486,2022-04-01,대여소별 이용정보 22.4.csv
강서구,개화2팀,1161. 강서면허시험장 앞,486,2022-04-01,대여소별 이용정보 22.4.csv
관악구,영남2팀,2143. 서울산업정보학교,486,2022-04-01,대여소별 이용정보 22.4.csv
노원구,도봉2팀,1679. 삼육대 도서관,487,2022-04-01,대여소별 이용정보 22.4.csv
관악구,이수2팀,2159. 인헌초교,487,2022-04-01,대여소별 이용정보 22.4.csv
송파구,천호2팀,4861. 거여삼거리,487,2022-04-01,대여소별 이용정보 22.4.csv
금천구,천왕3팀,1868.우리은행 시흥남자동화점 앞,488,2022-04-01,대여소별 이용정보 22.4.csv
강남구,학여울1팀,2368. 도곡동 경남아파트 건너편,488,2022-04-01,대여소별 이용정보 22.4.csv
용산구,세종로3팀,867.서빙고역 광장(1번출구),488,2022-04-01,대여소별 이용정보 22.4.csv
강남구,학여울1팀,2349. 역삼빌딩 앞(하나은행 옆),488,2022-04-01,대여소별 이용정보 22.4.csv
강남구,학여울1팀,3604. 삼성중앙역 5번출구,488,2022-04-01,대여소별 이용정보 22.4.csv
노원구,도봉1팀,4035. 수락 행복발전소 앞,489,2022-04-01,대여소별 이용정보 22.4.csv
금천구,천왕3팀,3968. 독산동 현대홈타운 금천과선교 앞,490,2022-04-01,대여소별 이용정보 22.4.csv
중랑구,중랑3팀,1459. 용마한신아파트사거리,490,2022-04-01,대여소별 이용정보 22.4.csv
도봉구,도봉3팀,4064. 신창아파트 입구 앞,490,2022-04-01,대여소별 이용정보 22.4.csv
도봉구,도봉3팀,1714. 도봉문화정보도서관 삼거리,490,2022-04-01,대여소별 이용정보 22.4.csv
노원구,도봉1팀,1652. 파르코 앞,491,2022-04-01,대여소별 이용정보 22.4.csv
도봉구,도봉3팀,1768.신동아타워 버스정류소,492,2022-04-01,대여소별 이용정보 22.4.csv
중구,세종로2팀,4762. 국제빌딩,493,2022-04-01,대여소별 이용정보 22.4.csv
송파구,천호2팀,2649.오금공원사거리2,493,2022-04-01,대여소별 이용정보 22.4.csv
용산구,세종로 4팀,830. 청암자이아파트앞,494,2022-04-01,대여소별 이용정보 22.4.csv
마포구,상암1팀,4234. 에스테반,494,2022-04-01,대여소별 이용정보 22.4.csv
중랑구,중랑3팀,4811. 한양수자인아파트 앞,494,2022-04-01,대여소별 이용정보 22.4.csv
마포구,상암1팀,4221. 솔리스타오피스텔(공덕동주민센터),495,2022-04-01,대여소별 이용정보 22.4.csv
관악구,영남2팀,3807. 관악우체국 교차로,496,2022-04-01,대여소별 이용정보 22.4.csv
강남구,이수1팀,3634. 국악고교 앞 교차로,496,2022-04-01,대여소별 이용정보 22.4.csv
중랑구,중랑3팀,1477.면목삼익아파트 앞,496,2022-04-01,대여소별 이용정보 22.4.csv
중랑구,중랑3팀,1418. 새솔초등학교,497,2022-04-01,대여소별 이용정보 22.4.csv
은평구,상암2팀,4658. 녹번역1번출구앞,498,2022-04-01,대여소별 이용정보 22.4.csv
서초구,이수2팀,2281. 연세사랑병원신관앞,499,2022-04-01,대여소별 이용정보 22.4.csv
은평구,상암3팀,966. 서울혁신파크1,501,2022-04-01,대여소별 이용정보 22.4.csv
강서구,개화1팀,2716.롯데 R&D 센터,501,2022-04-01,대여소별 이용정보 22.4.csv
송파구,천호2팀,2614. 가락고등학교 앞,503,2022-04-01,대여소별 이용정보 22.4.csv
동작구,이수2팀,2038. 동작역 7번출구,503,2022-04-01,대여소별 이용정보 22.4.csv
강남구,학여울1팀,2416.한티역 6번 출구,503,2022-04-01,대여소별 이용정보 22.4.csv
송파구,천호2팀,4474. 가락현대 1차 11동 앞,503,2022-04-01,대여소별 이용정보 22.4.csv
마포구,상암1팀,4248. 신촌 교보빌딩,504,2022-04-01,대여소별 이용정보 22.4.csv
송파구,천호2팀,4892. 성내유수지 체육공원,504,2022-04-01,대여소별 이용정보 22.4.csv
금천구,천왕3팀,1819. 금천구청 앞 자전거거치대,506,2022-04-01,대여소별 이용정보 22.4.csv
구로구,천왕1팀,1992. 구로구배드민턴실내체육관 앞,507,2022-04-01,대여소별 이용정보 22.4.csv
중구,훈련원1팀,479.동대입구역 3번 출구,507,2022-04-01,대여소별 이용정보 22.4.csv
금천구,천왕3팀,1858. 500번·507번 버스 종점 앞,508,2022-04-01,대여소별 이용정보 22.4.csv
강서구,개화1팀,3776. 김포공항교차로,508,2022-04-01,대여소별 이용정보 22.4.csv
중구,세종로2팀,470.회현역 7번출구,508,2022-04-01,대여소별 이용정보 22.4.csv
금천구,천왕3팀,3958. 롯데캐슬2차 마을버스 정류장(18804) 뒤편,508,2022-04-01,대여소별 이용정보 22.4.csv
양천구,개화2팀,741. 화곡로 입구 교차로,509,2022-04-01,대여소별 이용정보 22.4.csv
마포구,상암1팀,127. 현대벤처빌 앞,509,2022-04-01,대여소별 이용정보 22.4.csv
강남구,학여울2팀,2344. 리엔파크 2단지 앞,509,2022-04-01,대여소별 이용정보 22.4.csv
강동구,천호1팀,3688. 상일동산(동아아파트앞 교차로),510,2022-04-01,대여소별 이용정보 22.4.csv
강북구,도봉4팀,1504. 다이소 삼양시장점,510,2022-04-01,대여소별 이용정보 22.4.csv
서초구,이수1팀,2256.양재동 꽃시장 입구,511,2022-04-01,대여소별 이용정보 22.4.csv
중랑구,중랑3팀,1466.두산대림아파트 삼거리,511,2022-04-01,대여소별 이용정보 22.4.csv
중구,세종로 4팀,442.서울역 서부,512,2022-04-01,대여소별 이용정보 22.4.csv
강서구,개화2팀,5072. 김포공항입구 교통섬,512,2022-04-01,대여소별 이용정보 22.4.csv
서초구,이수3팀,2520.서초1교 (진흥아파트 방면),512,2022-04-01,대여소별 이용정보 22.4.csv
송파구,학여울2팀,4885. 가든파이브 리빙관,513,2022-04-01,대여소별 이용정보 22.4.csv
강동구,천호1팀,1069.강동경희대학교병원 입구,513,2022-04-01,대여소별 이용정보 22.4.csv
강서구,개화2팀,3765. 문소빌딩,514,2022-04-01,대여소별 이용정보 22.4.csv
서초구,이수3팀,4312. 반포미도2차아파트 옆,514,2022-04-01,대여소별 이용정보 22.4.csv
은평구,상암2팀,4678. 백련산로 녹번센트레빌,515,2022-04-01,대여소별 이용정보 22.4.csv
서초구,이수1팀,2516.본마을 노인복지센터 앞,515,2022-04-01,대여소별 이용정보 22.4.csv
성북구,훈련원2팀,1304. 만해공원,516,2022-04-01,대여소별 이용정보 22.4.csv
은평구,상암3팀,928. 은평역사한옥박물관,517,2022-04-01,대여소별 이용정보 22.4.csv
강동구,천호1팀,3653. 강동리버스트4단지아파트 404동 앞,519,2022-04-01,대여소별 이용정보 22.4.csv
영등포구,영남3팀,4583. 의정관,522,2022-04-01,대여소별 이용정보 22.4.csv
구로구,천왕1팀,1943. 온수역 북측,523,2022-04-01,대여소별 이용정보 22.4.csv
서초구,이수3팀,2548.반포1동 자율방범초소 옆,529,2022-04-01,대여소별 이용정보 22.4.csv
영등포구,영남3팀,4585. 국회6문,534,2022-04-01,대여소별 이용정보 22.4.csv
송파구,천호2팀,4889. 마천역 1번 출구 인근②,535,2022-04-01,대여소별 이용정보 22.4.csv
강동구,천호1팀,1032. 선사고등학교,535,2022-04-01,대여소별 이용정보 22.4.csv
노원구,도봉2팀,4017. 월계 청백1단지 아파트 정류장,536,2022-04-01,대여소별 이용정보 22.4.csv
영등포구,영남3팀,4599. 대림우성아파트 사거리,536,2022-04-01,대여소별 이용정보 22.4.csv
성동구,중랑2팀,522. 금호역 1번출구 앞,537,2022-04-01,대여소별 이용정보 22.4.csv
서초구,이수3팀,2235.KT 서초지사 앞,537,2022-04-01,대여소별 이용정보 22.4.csv
동대문구,훈련원4팀,621. 동대문중학교 옆,537,2022-04-01,대여소별 이용정보 22.4.csv
강북구,도봉4팀,1522. 월드전기조명인테리어(우이동),537,2022-04-01,대여소별 이용정보 22.4.csv
서초구,이수3팀,2527.반포중학교 앞(세화여고 맞은편),538,2022-04-01,대여소별 이용정보 22.4.csv
동작구,이수2팀,2062. 사당새마을금고,539,2022-04-01,대여소별 이용정보 22.4.csv
관악구,이수2팀,3804. 낙성대공원,544,2022-04-01,대여소별 이용정보 22.4.csv
구로구,천왕2팀,1976. 남구로역 5번 출입구 앞,545,2022-04-01,대여소별 이용정보 22.4.csv
서대문구,상암1팀,3100. 북성초교,547,2022-04-01,대여소별 이용정보 22.4.csv
강동구,천호1팀,3675. 강동리버스트8단지,547,2022-04-01,대여소별 이용정보 22.4.csv
중랑구,중랑3팀,4827. 신내SK V1센터 앞,547,2022-04-01,대여소별 이용정보 22.4.csv
도봉구,도봉3팀,1757.솔밭공원역 1번출구 앞,548,2022-04-01,대여소별 이용정보 22.4.csv
서대문구,상암2팀,3105. 홍은센트레빌 아파트 앞,548,2022-04-01,대여소별 이용정보 22.4.csv
중구,세종로2팀,322. 명동성당 앞,549,2022-04-01,대여소별 이용정보 22.4.csv
노원구,도봉2팀,4040. 공릉로 26길,550,2022-04-01,대여소별 이용정보 22.4.csv
강남구,학여울1팀,2305. MCM 본사 직영점 앞,551,2022-04-01,대여소별 이용정보 22.4.csv
서초구,이수1팀,2270. 서초포레스타 7단지,554,2022-04-01,대여소별 이용정보 22.4.csv
서대문구,상암2팀,161. 무악재역1번 출구,556,2022-04-01,대여소별 이용정보 22.4.csv
금천구,천왕3팀,1843. 독산고등학교,557,2022-04-01,대여소별 이용정보 22.4.csv
강남구,학여울2팀,2426.강남한신휴플러스 6단지,558,2022-04-01,대여소별 이용정보 22.4.csv
중구,세종로2팀,4775. 을지로지하쇼핑센터,558,2022-04-01,대여소별 이용정보 22.4.csv
도봉구,도봉3팀,1761.방학중학교 앞,561,2022-04-01,대여소별 이용정보 22.4.csv
강남구,학여울2팀,3641. 대청역,562,2022-04-01,대여소별 이용정보 22.4.csv
송파구,천호2팀,1213. 백토공원 앞,564,2022-04-01,대여소별 이용정보 22.4.csv
강동구,천호1팀,1065.보훈병원 후문옆(더 원커피),565,2022-04-01,대여소별 이용정보 22.4.csv
강서구,개화3팀,1183. KC 대학교,567,2022-04-01,대여소별 이용정보 22.4.csv
구로구,천왕2팀,2826.가마산지하보도 옆,567,2022-04-01,대여소별 이용정보 22.4.csv
강남구,학여울1팀,2318. 삼성중앙역4번출구(문화센터더 리빌),568,2022-04-01,대여소별 이용정보 22.4.csv
서대문구,상암2팀,164. 북가좌1동 주민센터,569,2022-04-01,대여소별 이용정보 22.4.csv
은평구,상암3팀,947. 연신내 선일하이츠빌 정류소,569,2022-04-01,대여소별 이용정보 22.4.csv
마포구,상암1팀,491.월드컵파크 4단지,570,2022-04-01,대여소별 이용정보 22.4.csv
서초구,이수1팀,2550.양재동 꽃시장 건너편,571,2022-04-01,대여소별 이용정보 22.4.csv
성동구,중랑2팀,3561.행당동 삼부APT후문,571,2022-04-01,대여소별 이용정보 22.4.csv
중랑구,중랑3팀,4838.동원사거리 행복오피스텔 앞,571,2022-04-01,대여소별 이용정보 22.4.csv
강남구,학여울2팀,3643. 더시그넘하우스 앞,572,2022-04-01,대여소별 이용정보 22.4.csv
종로구,훈련원1팀,397. 종묘공영주차장 건너편,573,2022-04-01,대여소별 이용정보 22.4.csv
용산구,세종로3팀,869.노들섬 동측 앞,575,2022-04-01,대여소별 이용정보 22.4.csv
도봉구,도봉3팀,1774.반석교회(쌍문동),576,2022-04-01,대여소별 이용정보 22.4.csv
구로구,천왕1팀,2822.제니스스포츠 앞,577,2022-04-01,대여소별 이용정보 22.4.csv
동작구,이수2팀,2088.상도중앙하이츠빌 입구,580,2022-04-01,대여소별 이용정보 22.4.csv
성동구,중랑2팀,526. 용답토속공원 앞,583,2022-04-01,대여소별 이용정보 22.4.csv
강동구,천호1팀,1058. 고덕숲 아이파크 1,583,2022-04-01,대여소별 이용정보 22.4.csv
강남구,학여울1팀,2309. 청담역(우리들병원 앞),583,2022-04-01,대여소별 이용정보 22.4.csv
성북구,훈련원2팀,1386.동선고가차도 초입,583,2022-04-01,대여소별 이용정보 22.4.csv
강남구,학여울1팀,2380. 삼성동베이직하우스앞,583,2022-04-01,대여소별 이용정보 22.4.csv
구로구,천왕1팀,2815.항동지구 7단지 정문,583,2022-04-01,대여소별 이용정보 22.4.csv
서초구,이수1팀,2285. LH서초3단지 301동 맞은편,584,2022-04-01,대여소별 이용정보 22.4.csv
중구,세종로 4팀,4781. 브라운스위트레지던스,585,2022-04-01,대여소별 이용정보 22.4.csv
중랑구,중랑3팀,1426. 면목도시개발아파트 1동 앞,585,2022-04-01,대여소별 이용정보 22.4.csv
서초구,이수1팀,2501. 서초 포레스타5단지,586,2022-04-01,대여소별 이용정보 22.4.csv
성북구,훈련원2팀,1391.성북청소년센터,586,2022-04-01,대여소별 이용정보 22.4.csv
노원구,도봉2팀,1660. 서울시립과학관,587,2022-04-01,대여소별 이용정보 22.4.csv
강남구,학여울2팀,3640. 일원1동주민센터앞 사거리,589,2022-04-01,대여소별 이용정보 22.4.csv
중구,세종로2팀,4776. 신세계면세점,589,2022-04-01,대여소별 이용정보 22.4.csv
구로구,천왕1팀,1968. 동인오피스텔 건너편 소공원,589,2022-04-01,대여소별 이용정보 22.4.csv
서초구,이수3팀,2280. 서울서초고용센터앞,589,2022-04-01,대여소별 이용정보 22.4.csv
금천구,천왕3팀,3980. 금천현대홈타운 후문 서부샛길,590,2022-04-01,대여소별 이용정보 22.4.csv
강남구,학여울1팀,4901.KT&G타워 옆(상상마당 대치아트홀),590,2022-04-01,대여소별 이용정보 22.4.csv
송파구,천호2팀,4485. 잠실나루역 고가하부,590,2022-04-01,대여소별 이용정보 22.4.csv
성북구,훈련원2팀,1367. 길음문화복합미디어센터,591,2022-04-01,대여소별 이용정보 22.4.csv
중구,세종로 4팀,4752. 삼성사이버빌리지아파트,591,2022-04-01,대여소별 이용정보 22.4.csv
중구,세종로2팀,4785. 롯데시티호텔,592,2022-04-01,대여소별 이용정보 22.4.csv
강남구,학여울1팀,2358. 구룡초사거리 (현대아파트10동 앞 ),593,2022-04-01,대여소별 이용정보 22.4.csv
영등포구,영남3팀,4573. 두산위브아파트,593,2022-04-01,대여소별 이용정보 22.4.csv
구로구,천왕1팀,3917. 성공회대학교,593,2022-04-01,대여소별 이용정보 22.4.csv
강남구,학여울1팀,2310. 청담동 맥도날드 옆(위치),594,2022-04-01,대여소별 이용정보 22.4.csv
용산구,세종로3팀,4610. 한남나인원 105동 앞,594,2022-04-01,대여소별 이용정보 22.4.csv
도봉구,도봉3팀,4075. 방학신동아아파트 11동 앞,595,2022-04-01,대여소별 이용정보 22.4.csv
강북구,도봉4팀,1547. 꿈의숲 롯데캐슬,595,2022-04-01,대여소별 이용정보 22.4.csv
중랑구,중랑3팀,1421. 신내역 4번출구,596,2022-04-01,대여소별 이용정보 22.4.csv
중구,세종로2팀,4784. 중부경찰서앞 사거리,597,2022-04-01,대여소별 이용정보 22.4.csv
강동구,천호1팀,1056. 강일리버파크 7~11단지,598,2022-04-01,대여소별 이용정보 22.4.csv
은평구,상암2팀,971. 역촌 센트레빌 아파트,598,2022-04-01,대여소별 이용정보 22.4.csv
성북구,훈련원2팀,1357. 북한산보국문역,599,2022-04-01,대여소별 이용정보 22.4.csv
관악구,이수2팀,2129. 낙성대 과학전시관,600,2022-04-01,대여소별 이용정보 22.4.csv
강남구,이수1팀,3609. 언주초등학교 입구,600,2022-04-01,대여소별 이용정보 22.4.csv
양천구,천왕1팀,760. 잣절보도육교 아래,602,2022-04-01,대여소별 이용정보 22.4.csv
강남구,학여울2팀,3612. 은곡마을,602,2022-04-01,대여소별 이용정보 22.4.csv
서초구,이수1팀,2205. 내곡3단지 어린이공원 앞,603,2022-04-01,대여소별 이용정보 22.4.csv
강남구,학여울1팀,2326. 대치동 삼성로,603,2022-04-01,대여소별 이용정보 22.4.csv
영등포구,영남3팀,4579. 국회의사당 본관,604,2022-04-01,대여소별 이용정보 22.4.csv
송파구,천호2팀,1291. 서울체육고등학교 앞,604,2022-04-01,대여소별 이용정보 22.4.csv
금천구,천왕3팀,1845. 롯데캐슬골드파크1차 서문,605,2022-04-01,대여소별 이용정보 22.4.csv
관악구,이수2팀,3813. 낙성대역 5번출구,607,2022-04-01,대여소별 이용정보 22.4.csv
서초구,이수1팀,2241.양재전화국 사거리,607,2022-04-01,대여소별 이용정보 22.4.csv
강서구,개화2팀,3797. 마곡수명산파크7단지 710동 앞,608,2022-04-01,대여소별 이용정보 22.4.csv
서대문구,상암1팀,171. 임광빌딩 앞,609,2022-04-01,대여소별 이용정보 22.4.csv
영등포구,영남3팀,4580. 국회3문,610,2022-04-01,대여소별 이용정보 22.4.csv
강남구,학여울1팀,2307. 압구정 한양 3차 아파트,610,2022-04-01,대여소별 이용정보 22.4.csv
강북구,도봉4팀,1542. 삼양사거리역,611,2022-04-01,대여소별 이용정보 22.4.csv
송파구,학여울2팀,4475. 송파파인타운 4단지 403동,612,2022-04-01,대여소별 이용정보 22.4.csv
성북구,훈련원2팀,1315. 고려사대부속중고 정문,612,2022-04-01,대여소별 이용정보 22.4.csv
은평구,상암2팀,975.백련산 힐스테이트상가앞,612,2022-04-01,대여소별 이용정보 22.4.csv
용산구,세종로 4팀,4621. 남산도서관 앞,613,2022-04-01,대여소별 이용정보 22.4.csv
성동구,중랑2팀,3557.서울숲리버뷰자이APT105동 앞,613,2022-04-01,대여소별 이용정보 22.4.csv
성북구,훈련원2팀,1347. 길음래미안아파트817동 상가 앞,614,2022-04-01,대여소별 이용정보 22.4.csv
영등포구,영남3팀,4591. 신길자이아파트,614,2022-04-01,대여소별 이용정보 22.4.csv
금천구,천왕3팀,3969. 독산역 롯데캐슬 104동 앞,616,2022-04-01,대여소별 이용정보 22.4.csv
강북구,도봉4팀,1539. 4.19민주묘지역,619,2022-04-01,대여소별 이용정보 22.4.csv
용산구,세종로3팀,802. 한강진역 2번 출구 앞,620,2022-04-01,대여소별 이용정보 22.4.csv
구로구,천왕1팀,3903. 현대아파트 앞,620,2022-04-01,대여소별 이용정보 22.4.csv
강동구,천호1팀,1063.강동롯데캐슬퍼스트 아파트(관리동),620,2022-04-01,대여소별 이용정보 22.4.csv
송파구,학여울2팀,4887. 호돌이상가,621,2022-04-01,대여소별 이용정보 22.4.csv
영등포구,영남3팀,4555. 대림우성2차아파트,621,2022-04-01,대여소별 이용정보 22.4.csv
송파구,학여울2팀,1239. 문정 법조단지3,621,2022-04-01,대여소별 이용정보 22.4.csv
중구,훈련원1팀,480.약수역 6번 출구,622,2022-04-01,대여소별 이용정보 22.4.csv
광진구,중랑1팀,3543. 세종대학교(학술정보원),623,2022-04-01,대여소별 이용정보 22.4.csv
용산구,세종로3팀,808. 서빙고동 금호맨션 앞,625,2022-04-01,대여소별 이용정보 22.4.csv
송파구,천호2팀,4472. 송파파크데일 1단지 115동 건너편,625,2022-04-01,대여소별 이용정보 22.4.csv
강서구,개화1팀,3801. 이랜드글로벌R&D센터,626,2022-04-01,대여소별 이용정보 22.4.csv
동대문구,훈련원3팀,671.대광빌딩,626,2022-04-01,대여소별 이용정보 22.4.csv
동대문구,훈련원3팀,4116. 이문e편한세상아파트 앞,627,2022-04-01,대여소별 이용정보 22.4.csv
구로구,천왕1팀,1973. 오리로와 서해안도로 교차로 앞,627,2022-04-01,대여소별 이용정보 22.4.csv
금천구,천왕3팀,1809. LG전자 별관동(호서대 벤처타워 맞은편),629,2022-04-01,대여소별 이용정보 22.4.csv
은평구,상암3팀,964. 북한산힐스테이트 7차아파트,629,2022-04-01,대여소별 이용정보 22.4.csv
은평구,상암3팀,995.은평다목적체육관,629,2022-04-01,대여소별 이용정보 22.4.csv
금천구,천왕3팀,1826. 한신코아 앞,630,2022-04-01,대여소별 이용정보 22.4.csv
서대문구,상암1팀,196. 연희교차로 인근,632,2022-04-01,대여소별 이용정보 22.4.csv
금천구,천왕3팀,1825. 한신아파트 앞 육교 아래,632,2022-04-01,대여소별 이용정보 22.4.csv
강남구,학여울1팀,2388. 강남구 도시관리공단,633,2022-04-01,대여소별 이용정보 22.4.csv
은평구,상암2팀,4665. 응암역3번 출구(서부경찰서 방면),634,2022-04-01,대여소별 이용정보 22.4.csv
강북구,도봉4팀,1537. 북한산 우이역,635,2022-04-01,대여소별 이용정보 22.4.csv
노원구,도봉2팀,2903.월계초안아파트 1단지,635,2022-04-01,대여소별 이용정보 22.4.csv
동작구,이수2팀,2094.숭실대학교(중문),636,2022-04-01,대여소별 이용정보 22.4.csv
강북구,도봉4팀,1528. 삼각산동 주민센터,636,2022-04-01,대여소별 이용정보 22.4.csv
송파구,학여울2팀,2645.잠실나들목2(엘스아파트136동),637,2022-04-01,대여소별 이용정보 22.4.csv
서대문구,상암1팀,173. 서대문역 8번출구 앞,637,2022-04-01,대여소별 이용정보 22.4.csv
강남구,학여울1팀,3638. 신청담나들목,638,2022-04-01,대여소별 이용정보 22.4.csv
강남구,학여울1팀,2360. 도곡1동 주민센터 교차로,639,2022-04-01,대여소별 이용정보 22.4.csv
강남구,학여울1팀,2381. 언주역 6번출구앞,639,2022-04-01,대여소별 이용정보 22.4.csv
은평구,상암3팀,941. 은평뉴타운 도서관,639,2022-04-01,대여소별 이용정보 22.4.csv
노원구,도봉2팀,1693. 원자력 병원,639,2022-04-01,대여소별 이용정보 22.4.csv
노원구,도봉2팀,4045. 은하수 공원,640,2022-04-01,대여소별 이용정보 22.4.csv
강동구,천호1팀,1067.한영중고앞사거리,640,2022-04-01,대여소별 이용정보 22.4.csv
서대문구,상암2팀,169. 북가좌 삼거리,641,2022-04-01,대여소별 이용정보 22.4.csv
서초구,이수3팀,2514.사평역 2번출구,641,2022-04-01,대여소별 이용정보 22.4.csv
종로구,훈련원1팀,364. 창신역 1번출구 앞,641,2022-04-01,대여소별 이용정보 22.4.csv
금천구,천왕3팀,3977. 말미사거리,643,2022-04-01,대여소별 이용정보 22.4.csv
관악구,영남2팀,2190.도원맨션,643,2022-04-01,대여소별 이용정보 22.4.csv
성동구,중랑2팀,533. 금남시장 교차로,645,2022-04-01,대여소별 이용정보 22.4.csv
송파구,천호2팀,1289. 풍납토성 서성벽터B,647,2022-04-01,대여소별 이용정보 22.4.csv
중랑구,중랑3팀,1479.면목 홈플러스 2,648,2022-04-01,대여소별 이용정보 22.4.csv
도봉구,도봉3팀,1732. 우리은행 앞,648,2022-04-01,대여소별 이용정보 22.4.csv
강서구,개화2팀,3770. 남부순환로 205,648,2022-04-01,대여소별 이용정보 22.4.csv
동작구,영남2팀,4152. 상도효성해링턴플레이스,648,2022-04-01,대여소별 이용정보 22.4.csv
강북구,도봉4팀,1525. 미아동 복합청사,649,2022-04-01,대여소별 이용정보 22.4.csv
서초구,이수3팀,2298. 래미안서초스위트앞,651,2022-04-01,대여소별 이용정보 22.4.csv
도봉구,도봉3팀,1759.서울북부지방법원 앞,652,2022-04-01,대여소별 이용정보 22.4.csv
강남구,학여울1팀,2428.롯데리아 개포점앞,652,2022-04-01,대여소별 이용정보 22.4.csv
마포구,상암1팀,120. 신수동 사거리,653,2022-04-01,대여소별 이용정보 22.4.csv
구로구,천왕1팀,1999. 수궁동 성당 주변,654,2022-04-01,대여소별 이용정보 22.4.csv
중구,세종로1팀,4753. 우리은행 서소문금융센터,655,2022-04-01,대여소별 이용정보 22.4.csv
강서구,개화1팀,1105. 방화근린공원,655,2022-04-01,대여소별 이용정보 22.4.csv
성동구,중랑2팀,524. 래미안금호하이리버 아파트 102동 옆,656,2022-04-01,대여소별 이용정보 22.4.csv
서초구,이수3팀,2272. 교대입구 교차로,657,2022-04-01,대여소별 이용정보 22.4.csv
강동구,천호1팀,3655. 둔촌신성미소지움아파트,657,2022-04-01,대여소별 이용정보 22.4.csv
관악구,영남2팀,2137. KT&G 관악지점,658,2022-04-01,대여소별 이용정보 22.4.csv
중구,세종로2팀,4774. 을지로입구역 8번출구,658,2022-04-01,대여소별 이용정보 22.4.csv
강서구,개화2팀,5076. 메이필드호텔앞,659,2022-04-01,대여소별 이용정보 22.4.csv
서대문구,상암1팀,3134.SK리쳄블(상수도사업본부),660,2022-04-01,대여소별 이용정보 22.4.csv
도봉구,도봉3팀,1727. 서울도봉초등학교인근,661,2022-04-01,대여소별 이용정보 22.4.csv
금천구,천왕3팀,1831. 메이퀸웨딩컨벤션 앞,661,2022-04-01,대여소별 이용정보 22.4.csv
은평구,상암3팀,953. 서울연신초등학교,662,2022-04-01,대여소별 이용정보 22.4.csv
성동구,중랑2팀,3547.상왕십리역 6번 출입구,663,2022-04-01,대여소별 이용정보 22.4.csv
은평구,상암3팀,993.은평뉴타운 은뜨락아파트앞,665,2022-04-01,대여소별 이용정보 22.4.csv
양천구,개화4팀,4534. 월정초교 앞 사거리,670,2022-04-01,대여소별 이용정보 22.4.csv
강북구,도봉4팀,1509. 서울북부수도사업소,670,2022-04-01,대여소별 이용정보 22.4.csv
송파구,학여울2팀,1285. 위례별 유치원 뒤,670,2022-04-01,대여소별 이용정보 22.4.csv
광진구,중랑1팀,572. 국립정신 건강센터 앞,670,2022-04-01,대여소별 이용정보 22.4.csv
동작구,영남2팀,2057. 상도 아이파크 아파트,670,2022-04-01,대여소별 이용정보 22.4.csv
성동구,중랑2팀,594. 중랑물재생센터(서울새활용플라자),671,2022-04-01,대여소별 이용정보 22.4.csv
서초구,이수3팀,2227.방배열린문화센터 앞,672,2022-04-01,대여소별 이용정보 22.4.csv
중랑구,중랑3팀,4836. 양원역 1번 출구,673,2022-04-01,대여소별 이용정보 22.4.csv
영등포구,영남3팀,3211.신길 래미안 프레비뉴,674,2022-04-01,대여소별 이용정보 22.4.csv
강북구,도봉4팀,1516. 우이초등학교 후문 옆,674,2022-04-01,대여소별 이용정보 22.4.csv
송파구,천호2팀,2616. 거여동 사거리,675,2022-04-01,대여소별 이용정보 22.4.csv
강서구,개화1팀,1198. LG 사이언스파크,676,2022-04-01,대여소별 이용정보 22.4.csv
송파구,천호2팀,1258. 가락미륭아파트 앞,676,2022-04-01,대여소별 이용정보 22.4.csv
서대문구,상암2팀,163. 명지전문대학교 정문 앞,676,2022-04-01,대여소별 이용정보 22.4.csv
도봉구,도봉3팀,1736. 버스정류장 앞,678,2022-04-01,대여소별 이용정보 22.4.csv
도봉구,도봉3팀,1713. 쌍문동 이안아파트 앞,679,2022-04-01,대여소별 이용정보 22.4.csv
강동구,천호1팀,3691. 둔촌역 2번출구,679,2022-04-01,대여소별 이용정보 22.4.csv
강남구,학여울1팀,2339. 현대아파트 정문 앞,680,2022-04-01,대여소별 이용정보 22.4.csv
은평구,상암3팀,922. 연신내역 4번출구,680,2022-04-01,대여소별 이용정보 22.4.csv
서초구,이수3팀,2509. 심산기념문화센터,681,2022-04-01,대여소별 이용정보 22.4.csv
송파구,천호2팀,4857. 올림픽공원 장미광장,683,2022-04-01,대여소별 이용정보 22.4.csv
강동구,천호1팀,1031. 올림픽로 836(아리수로),685,2022-04-01,대여소별 이용정보 22.4.csv
노원구,도봉2팀,4033. 녹천역 4번 출구 옆,686,2022-04-01,대여소별 이용정보 22.4.csv
서대문구,상암2팀,3127.홍은2파출소 옆,686,2022-04-01,대여소별 이용정보 22.4.csv
강남구,학여울2팀,2341. 일원역 4~5번 출구 사이,686,2022-04-01,대여소별 이용정보 22.4.csv
동대문구,훈련원4팀,638. 서울시립대 정보기술관,687,2022-04-01,대여소별 이용정보 22.4.csv
강남구,학여울1팀,2353. 강남구청역 2번출구 뒤,688,2022-04-01,대여소별 이용정보 22.4.csv
양천구,개화4팀,710. 금옥여고보도육교,691,2022-04-01,대여소별 이용정보 22.4.csv
동대문구,훈련원4팀,652. 답십리 래미안엘파인아파트 입구,692,2022-04-01,대여소별 이용정보 22.4.csv
중구,훈련원1팀,434. 신당 래미안 버스정류장,693,2022-04-01,대여소별 이용정보 22.4.csv
강동구,천호1팀,1064.중앙보훈병원역 1번출구,694,2022-04-01,대여소별 이용정보 22.4.csv
송파구,천호2팀,2654.올림픽선수촌아파트 136동 앞,694,2022-04-01,대여소별 이용정보 22.4.csv
서대문구,상암2팀,3132.홍제교,694,2022-04-01,대여소별 이용정보 22.4.csv
서대문구,상암2팀,3107. 연희초등학교 앞,695,2022-04-01,대여소별 이용정보 22.4.csv
강남구,이수3팀,2406. 논현동 광명빌딩 앞,696,2022-04-01,대여소별 이용정보 22.4.csv
강동구,천호1팀,3676. 강동리엔파크9단지,696,2022-04-01,대여소별 이용정보 22.4.csv
중구,훈련원1팀,382. 약수역 10번출구 앞,696,2022-04-01,대여소별 이용정보 22.4.csv
강동구,천호1팀,1070.(시립)고덕평생학습관,698,2022-04-01,대여소별 이용정보 22.4.csv
양천구,개화4팀,757. 신정이펜하우스 1단지아파트 입구 사거리,698,2022-04-01,대여소별 이용정보 22.4.csv
강남구,학여울1팀,2389. 경기여자고등학교 후문 (삼성로3길 입구),698,2022-04-01,대여소별 이용정보 22.4.csv
용산구,세종로 4팀,866.브라운스톤 남산아파트,698,2022-04-01,대여소별 이용정보 22.4.csv
강동구,천호1팀,3673. 강동리버스트6단지,699,2022-04-01,대여소별 이용정보 22.4.csv
송파구,천호2팀,1299. 송파소방서 (방이119안전센터),699,2022-04-01,대여소별 이용정보 22.4.csv
동작구,영남2팀,2065. 서울시여성가족재단,699,2022-04-01,대여소별 이용정보 22.4.csv
영등포구,영남3팀,4578.보라매sk뷰,700,2022-04-01,대여소별 이용정보 22.4.csv
중구,훈련원1팀,477.앰배서더 호텔 주변,702,2022-04-01,대여소별 이용정보 22.4.csv
종로구,세종로1팀,4715. 돈의문 박물관 마을,702,2022-04-01,대여소별 이용정보 22.4.csv
관악구,영남2팀,2127. 난곡종점,702,2022-04-01,대여소별 이용정보 22.4.csv
송파구,학여울2팀,2625.가락종합 사회복지관,702,2022-04-01,대여소별 이용정보 22.4.csv
광진구,중랑1팀,3588.세종대학교(영실관),703,2022-04-01,대여소별 이용정보 22.4.csv
중구,세종로2팀,468.웨스틴 조선호텔,704,2022-04-01,대여소별 이용정보 22.4.csv
양천구,개화4팀,745. 강서초등학교,704,2022-04-01,대여소별 이용정보 22.4.csv
강남구,학여울1팀,3629. 청담사거리(신한오피스텔빌딩 앞),704,2022-04-01,대여소별 이용정보 22.4.csv
은평구,상암3팀,4676. 갈현1동 주민센터,705,2022-04-01,대여소별 이용정보 22.4.csv
동작구,이수2팀,2024. 상도역 1번출구,705,2022-04-01,대여소별 이용정보 22.4.csv
종로구,세종로1팀,3406.세종로공원,705,2022-04-01,대여소별 이용정보 22.4.csv
종로구,훈련원1팀,343. 예일빌딩(율곡로) 앞,708,2022-04-01,대여소별 이용정보 22.4.csv
종로구,훈련원1팀,388. 동성중학교 앞,708,2022-04-01,대여소별 이용정보 22.4.csv
금천구,천왕3팀,1854. 가산아네스트 오피스텔 앞,712,2022-04-01,대여소별 이용정보 22.4.csv
동작구,이수2팀,2069. 숭실대 입구역3번 출구 앞,712,2022-04-01,대여소별 이용정보 22.4.csv
도봉구,도봉3팀,4073.방아골종합사회복지관,715,2022-04-01,대여소별 이용정보 22.4.csv
도봉구,도봉3팀,1725. 창1동주민센터,715,2022-04-01,대여소별 이용정보 22.4.csv
영등포구,영남3팀,250. 대림아파트 사거리,715,2022-04-01,대여소별 이용정보 22.4.csv
강동구,천호1팀,3686. 고덕 래미안 힐스테이트(101동),717,2022-04-01,대여소별 이용정보 22.4.csv
강동구,천호1팀,1041. 묘곡초등학교,717,2022-04-01,대여소별 이용정보 22.4.csv
노원구,도봉1팀,1678. 성서대학교 밀알관,718,2022-04-01,대여소별 이용정보 22.4.csv
서초구,이수3팀,2233. 서초신동아1차아파트 옆,718,2022-04-01,대여소별 이용정보 22.4.csv
마포구,상암1팀,4251. 공덕역 경의선숲길 커뮤니티센터,718,2022-04-01,대여소별 이용정보 22.4.csv
관악구,이수2팀,2186. 낙성대입구삼거리,719,2022-04-01,대여소별 이용정보 22.4.csv
광진구,중랑1팀,575. 대원중고교 입구(대하빌딩),720,2022-04-01,대여소별 이용정보 22.4.csv
관악구,영남2팀,2196. 봉천역 3번출구,720,2022-04-01,대여소별 이용정보 22.4.csv
강남구,학여울1팀,2312. 청담역 13번 출구 앞,720,2022-04-01,대여소별 이용정보 22.4.csv
용산구,세종로3팀,4607. 국립중앙박물관 -용산가족공원 앞,720,2022-04-01,대여소별 이용정보 22.4.csv
서초구,이수3팀,2547.포드서초서비스센터앞,721,2022-04-01,대여소별 이용정보 22.4.csv
용산구,세종로 4팀,4616. 신용산지하차도 앞,721,2022-04-01,대여소별 이용정보 22.4.csv
마포구,상암1팀,424. 롯데하이마트 (상암월드컵점),723,2022-04-01,대여소별 이용정보 22.4.csv
성북구,훈련원2팀,4411. 동산어린이공원 앞,723,2022-04-01,대여소별 이용정보 22.4.csv
구로구,천왕2팀,1916. 구로중학교앞,723,2022-04-01,대여소별 이용정보 22.4.csv
강남구,학여울2팀,3642. LH강남힐스테이트아파트,724,2022-04-01,대여소별 이용정보 22.4.csv
광진구,중랑1팀,555. 구의3동주민센터,725,2022-04-01,대여소별 이용정보 22.4.csv
송파구,학여울2팀,1287. 위례아이파크 101동 맞은편,725,2022-04-01,대여소별 이용정보 22.4.csv
구로구,천왕1팀,3912. 삼호아파트 앞,726,2022-04-01,대여소별 이용정보 22.4.csv
용산구,세종로 4팀,4627. 효창공원앞역 5번출구 옆,726,2022-04-01,대여소별 이용정보 22.4.csv
송파구,학여울2팀,1241. 문정 법조단지5,726,2022-04-01,대여소별 이용정보 22.4.csv
관악구,영남2팀,2139. 서울신성초등학교,726,2022-04-01,대여소별 이용정보 22.4.csv
서초구,이수3팀,2502. 서초역1번출구 앞,726,2022-04-01,대여소별 이용정보 22.4.csv
은평구,상암3팀,976.진관고등학교앞,727,2022-04-01,대여소별 이용정보 22.4.csv
서초구,이수3팀,2521.서초 크로바타워 앞,729,2022-04-01,대여소별 이용정보 22.4.csv
은평구,상암3팀,927. 연신내역 3번출구 인근,729,2022-04-01,대여소별 이용정보 22.4.csv
서초구,이수3팀,2518.서초3교(효령로70길 방면),730,2022-04-01,대여소별 이용정보 22.4.csv
강북구,도봉4팀,1551.4.19탑 앞,732,2022-04-01,대여소별 이용정보 22.4.csv
서대문구,상암1팀,139. 연세대 정문 건너편,734,2022-04-01,대여소별 이용정보 22.4.csv
금천구,천왕3팀,1828. 한양수자인아파트 앞,735,2022-04-01,대여소별 이용정보 22.4.csv
강남구,학여울2팀,2422.수서동 성당 맞은편,740,2022-04-01,대여소별 이용정보 22.4.csv
도봉구,도봉3팀,1702. 녹천역 1번출구 앞,740,2022-04-01,대여소별 이용정보 22.4.csv
송파구,학여울2팀,4863. 잠실나들목5,741,2022-04-01,대여소별 이용정보 22.4.csv
양천구,개화3팀,776.목마공원,742,2022-04-01,대여소별 이용정보 22.4.csv
용산구,세종로 4팀,845. 용산 선인상가,743,2022-04-01,대여소별 이용정보 22.4.csv
은평구,상암3팀,954. 은평뉴타운구파발9단지,744,2022-04-01,대여소별 이용정보 22.4.csv
송파구,천호2팀,2643.풍납중학교 측면,745,2022-04-01,대여소별 이용정보 22.4.csv
서대문구,상암2팀,4253. 홍은도담도서관,745,2022-04-01,대여소별 이용정보 22.4.csv
구로구,천왕1팀,3906. 천왕차량사업소 입구,745,2022-04-01,대여소별 이용정보 22.4.csv
강남구,학여울1팀,2357. 르네상스호텔사거리 역삼지하보도 3번출구 앞 (더 오번 빌딩 명동칼국수 앞),747,2022-04-01,대여소별 이용정보 22.4.csv
구로구,천왕1팀,3918. 이좋은집오피스텔 앞,747,2022-04-01,대여소별 이용정보 22.4.csv
강남구,학여울1팀,2356. 강남구청,747,2022-04-01,대여소별 이용정보 22.4.csv
마포구,상암1팀,4207. 아만티호텔 앞,749,2022-04-01,대여소별 이용정보 22.4.csv
관악구,영남2팀,2144. 난우길입구,749,2022-04-01,대여소별 이용정보 22.4.csv
중랑구,중랑3팀,4835. 망우동 본죽 앞,750,2022-04-01,대여소별 이용정보 22.4.csv
강남구,학여울1팀,2385. 학동역,750,2022-04-01,대여소별 이용정보 22.4.csv
노원구,도봉1팀,1664. 노해근린공원내,750,2022-04-01,대여소별 이용정보 22.4.csv
동대문구,훈련원3팀,636. 세종대왕기념관 교차로,751,2022-04-01,대여소별 이용정보 22.4.csv
강서구,개화3팀,3761. 나이아가라관광호텔,751,2022-04-01,대여소별 이용정보 22.4.csv
송파구,천호2팀,1275. 거여초등학교 옆,751,2022-04-01,대여소별 이용정보 22.4.csv
노원구,도봉2팀,4009. 월계프라자,751,2022-04-01,대여소별 이용정보 22.4.csv
영등포구,영남3팀,282. 신한은행 대림동지점,753,2022-04-01,대여소별 이용정보 22.4.csv
강남구,학여울1팀,2320. 도곡역 대치지구대 방향,753,2022-04-01,대여소별 이용정보 22.4.csv
양천구,개화4팀,790.화곡고가 사거리,754,2022-04-01,대여소별 이용정보 22.4.csv
광진구,중랑1팀,3880. 홍련봉 공원,754,2022-04-01,대여소별 이용정보 22.4.csv
서대문구,상암1팀,159. 이대역 4번 출구,754,2022-04-01,대여소별 이용정보 22.4.csv
서대문구,상암2팀,3129.DMC래미안e편한세상203동옆,755,2022-04-01,대여소별 이용정보 22.4.csv
강동구,천호1팀,1083.광문고교사거리(아이파크),755,2022-04-01,대여소별 이용정보 22.4.csv
도봉구,도봉3팀,4083.도봉아이나라도서관 앞,756,2022-04-01,대여소별 이용정보 22.4.csv
도봉구,도봉3팀,4058. 다락원체육공원 전망대 입구,756,2022-04-01,대여소별 이용정보 22.4.csv
구로구,천왕1팀,1993. 금강수목원아파트 앞,757,2022-04-01,대여소별 이용정보 22.4.csv
양천구,개화2팀,4530. 방아다리어린이공원,758,2022-04-01,대여소별 이용정보 22.4.csv
금천구,천왕3팀,1835. STX V타워,758,2022-04-01,대여소별 이용정보 22.4.csv
강남구,학여울1팀,2331. 동영문화센터앞,759,2022-04-01,대여소별 이용정보 22.4.csv
서대문구,상암1팀,141. 연대 대운동장 옆,760,2022-04-01,대여소별 이용정보 22.4.csv
강북구,도봉4팀,1574.송중초등학교 옆,761,2022-04-01,대여소별 이용정보 22.4.csv
서초구,이수3팀,2212.서초현대4차아파트 201동 맞은편,762,2022-04-01,대여소별 이용정보 22.4.csv
강남구,학여울1팀,2323. 주식회사 오뚜기 정문 앞,763,2022-04-01,대여소별 이용정보 22.4.csv
강남구,학여울2팀,2337. 대모산입구역 2번출구 앞,763,2022-04-01,대여소별 이용정보 22.4.csv
은평구,상암3팀,925. 불광역 2번출구,764,2022-04-01,대여소별 이용정보 22.4.csv
성북구,훈련원2팀,1325. 상월곡역 4번출구,765,2022-04-01,대여소별 이용정보 22.4.csv
강동구,천호1팀,1018. 둔촌 주공 GS 맞은편,765,2022-04-01,대여소별 이용정보 22.4.csv
강서구,개화3팀,1137. 등촌2동주민센터,766,2022-04-01,대여소별 이용정보 22.4.csv
용산구,세종로3팀,840. 용산 파크타워 앞,766,2022-04-01,대여소별 이용정보 22.4.csv
용산구,세종로 4팀,4618. 풍전아파트 건너편,768,2022-04-01,대여소별 이용정보 22.4.csv
중랑구,중랑3팀,1472.영성빌딩(PAT),768,2022-04-01,대여소별 이용정보 22.4.csv
영등포구,영남1팀,3207.양남사거리1,768,2022-04-01,대여소별 이용정보 22.4.csv
종로구,훈련원1팀,3419.국립어린이과학관,769,2022-04-01,대여소별 이용정보 22.4.csv
송파구,학여울2팀,4874. 탄천1교 하부보도,769,2022-04-01,대여소별 이용정보 22.4.csv
종로구,세종로1팀,3425.광화문 풍림스페이스본 1단지앞,769,2022-04-01,대여소별 이용정보 22.4.csv
서대문구,상암1팀,137. 신촌기차역입구 교차로,769,2022-04-01,대여소별 이용정보 22.4.csv
강동구,천호1팀,3694. 강동리엔파크 11단지,769,2022-04-01,대여소별 이용정보 22.4.csv
광진구,중랑1팀,3537. 아차산 휴먼시아 아파트 옆,770,2022-04-01,대여소별 이용정보 22.4.csv
동작구,이수2팀,4173. 중대후문 마을버스정류장,771,2022-04-01,대여소별 이용정보 22.4.csv
성동구,중랑2팀,4360. 르노삼성자동차 성수사업소 앞,774,2022-04-01,대여소별 이용정보 22.4.csv
강북구,도봉4팀,1543. 수유1동 주민센터,775,2022-04-01,대여소별 이용정보 22.4.csv
도봉구,도봉3팀,1751. 창원초등학교 교차로,776,2022-04-01,대여소별 이용정보 22.4.csv
송파구,천호2팀,4862. 성내교 남단,777,2022-04-01,대여소별 이용정보 22.4.csv
강동구,천호1팀,1057. 능골근린공원,779,2022-04-01,대여소별 이용정보 22.4.csv
성북구,훈련원2팀,1340. 광운초등학교 앞,783,2022-04-01,대여소별 이용정보 22.4.csv
송파구,천호2팀,4855. 거여5단지 503동 앞,783,2022-04-01,대여소별 이용정보 22.4.csv
서초구,이수1팀,2246. 서울시 품질시험소 앞,784,2022-04-01,대여소별 이용정보 22.4.csv
금천구,천왕3팀,1859. 대륭테크노타운 18차,784,2022-04-01,대여소별 이용정보 22.4.csv
서초구,이수1팀,2549.LH 서초 4단지 403동,785,2022-04-01,대여소별 이용정보 22.4.csv
금천구,천왕3팀,1829. 홈플러스 금천점 앞,786,2022-04-01,대여소별 이용정보 22.4.csv
종로구,세종로1팀,446. 상명대입구,787,2022-04-01,대여소별 이용정보 22.4.csv
용산구,세종로3팀,848. 삼각지12번 출구,789,2022-04-01,대여소별 이용정보 22.4.csv
서대문구,상암2팀,3130.가재울사거리,789,2022-04-01,대여소별 이용정보 22.4.csv
마포구,상암1팀,425. DMC첨단산업센터,790,2022-04-01,대여소별 이용정보 22.4.csv
강북구,도봉4팀,1515. 송천동 주민센터,792,2022-04-01,대여소별 이용정보 22.4.csv
금천구,천왕3팀,3963. 에이스 하드웨어(시흥대로 396) 앞,793,2022-04-01,대여소별 이용정보 22.4.csv
중구,훈련원1팀,347. 동대문역사문화공원역 9번출구 앞,793,2022-04-01,대여소별 이용정보 22.4.csv
동작구,영남2팀,2008. 노량진근린공원 대방공원,793,2022-04-01,대여소별 이용정보 22.4.csv
금천구,천왕3팀,1822. 서울 시흥동우체국 앞,796,2022-04-01,대여소별 이용정보 22.4.csv
동대문구,훈련원3팀,667.청량차도 육교 밑,797,2022-04-01,대여소별 이용정보 22.4.csv
동작구,영남2팀,4167. 구로교 아래,797,2022-04-01,대여소별 이용정보 22.4.csv
서초구,이수1팀,2293. SPC 앞,799,2022-04-01,대여소별 이용정보 22.4.csv
금천구,천왕3팀,3985. 디폴리스 지식산업센터,799,2022-04-01,대여소별 이용정보 22.4.csv
서초구,이수3팀,2268. 서초4동주민센터,800,2022-04-01,대여소별 이용정보 22.4.csv
동대문구,훈련원4팀,606. 휘경공고앞,800,2022-04-01,대여소별 이용정보 22.4.csv
중구,세종로2팀,471.회현사거리 남측,802,2022-04-01,대여소별 이용정보 22.4.csv
양천구,개화4팀,712. 강월초교입구 사거리,802,2022-04-01,대여소별 이용정보 22.4.csv
성북구,훈련원2팀,1344. 아리랑시네센터 앞,803,2022-04-01,대여소별 이용정보 22.4.csv
용산구,세종로3팀,857. 현대 안성타워,803,2022-04-01,대여소별 이용정보 22.4.csv
서초구,이수1팀,4320. 신영체르니 아파트,803,2022-04-01,대여소별 이용정보 22.4.csv
마포구,상암1팀,4224. 서부운전면허시험장,804,2022-04-01,대여소별 이용정보 22.4.csv
강남구,학여울1팀,4902. 구역삼세무서 교차로,805,2022-04-01,대여소별 이용정보 22.4.csv
성북구,훈련원2팀,1348. 성북제일새마을금고 본점 앞,805,2022-04-01,대여소별 이용정보 22.4.csv
노원구,도봉2팀,1646. 삼육대 입구,807,2022-04-01,대여소별 이용정보 22.4.csv
중구,세종로 4팀,441.염천교사거리,809,2022-04-01,대여소별 이용정보 22.4.csv
강동구,천호1팀,3685. 강동리엔파크14단지(1401동 앞),809,2022-04-01,대여소별 이용정보 22.4.csv
송파구,학여울2팀,2634.위례포레샤인아파트 2318동,810,2022-04-01,대여소별 이용정보 22.4.csv
동대문구,훈련원3팀,607. 신이문역 2번출구,811,2022-04-01,대여소별 이용정보 22.4.csv
송파구,천호2팀,1256. 문정현대아파트 교차로,812,2022-04-01,대여소별 이용정보 22.4.csv
송파구,천호2팀,2617. 가락삼환아파트 앞,813,2022-04-01,대여소별 이용정보 22.4.csv
서초구,이수1팀,2243.서울가정법원,813,2022-04-01,대여소별 이용정보 22.4.csv
중랑구,중랑3팀,4828. 신내동 한살림 중랑지구 앞,815,2022-04-01,대여소별 이용정보 22.4.csv
강남구,학여울1팀,2373. 개포동역 사거리,816,2022-04-01,대여소별 이용정보 22.4.csv
강남구,학여울2팀,2321. 학여울역 사거리,817,2022-04-01,대여소별 이용정보 22.4.csv
강남구,학여울1팀,2430.강남파이낸스센터앞(역삼역2번출구),817,2022-04-01,대여소별 이용정보 22.4.csv
성동구,중랑2팀,3558.마장동 금호어울림APT앞,822,2022-04-01,대여소별 이용정보 22.4.csv
중구,훈련원1팀,371. 동대입구역 6번출구 뒤,822,2022-04-01,대여소별 이용정보 22.4.csv
광진구,중랑1팀,591. 건국대학교 (행정관),823,2022-04-01,대여소별 이용정보 22.4.csv
송파구,학여울2팀,1266. 문정동 글샘 공원,824,2022-04-01,대여소별 이용정보 22.4.csv
마포구,상암1팀,4246. 상수역새마을금고,826,2022-04-01,대여소별 이용정보 22.4.csv
송파구,천호2팀,4493. 마천사거리 2,826,2022-04-01,대여소별 이용정보 22.4.csv
중구,훈련원1팀,4800. 필동 삼거리,826,2022-04-01,대여소별 이용정보 22.4.csv
도봉구,도봉3팀,1722. 창동청소년수련관,829,2022-04-01,대여소별 이용정보 22.4.csv
은평구,상암3팀,4653. 불광역 9번 출구 맞은편,830,2022-04-01,대여소별 이용정보 22.4.csv
금천구,천왕2팀,1812. 갑을그레이트밸리 앞,831,2022-04-01,대여소별 이용정보 22.4.csv
서초구,이수3팀,2299. 한전아트센터 앞,832,2022-04-01,대여소별 이용정보 22.4.csv
서대문구,상암2팀,3122.북가좌삼거리2,833,2022-04-01,대여소별 이용정보 22.4.csv
관악구,이수2팀,2128. 관악구청교차로,834,2022-04-01,대여소별 이용정보 22.4.csv
서대문구,상암2팀,192. 연서어린이공원,836,2022-04-01,대여소별 이용정보 22.4.csv
금천구,천왕2팀,3975.현대시티아울렛 가산,837,2022-04-01,대여소별 이용정보 22.4.csv
동대문구,훈련원3팀,676.FITI시험연구원 앞,838,2022-04-01,대여소별 이용정보 22.4.csv
강남구,학여울1팀,2364. 도산공원교차로,838,2022-04-01,대여소별 이용정보 22.4.csv
강동구,천호1팀,1042. 강일리버파크 2~5단지,840,2022-04-01,대여소별 이용정보 22.4.csv
관악구,이수2팀,2198.사랑의병원,841,2022-04-01,대여소별 이용정보 22.4.csv
송파구,학여울2팀,4886. 배명고등학교 건너편,842,2022-04-01,대여소별 이용정보 22.4.csv
종로구,훈련원1팀,452. 동대문 종합시장 버스정류장,842,2022-04-01,대여소별 이용정보 22.4.csv
광진구,중랑1팀,3863. 동일로58길 입구,844,2022-04-01,대여소별 이용정보 22.4.csv
영등포구,영남1팀,233. 양평1동 YP센터 앞,844,2022-04-01,대여소별 이용정보 22.4.csv
양천구,개화4팀,713. 양서중학교 옆,844,2022-04-01,대여소별 이용정보 22.4.csv
송파구,천호2팀,4871. 오금동 대림아파트 정문,845,2022-04-01,대여소별 이용정보 22.4.csv
마포구,상암1팀,406. 상암월드컵파크 7단지 앞,847,2022-04-01,대여소별 이용정보 22.4.csv
강서구,개화2팀,1130. 화곡본동시장 버스정류장,847,2022-04-01,대여소별 이용정보 22.4.csv
도봉구,도봉3팀,1758.북서울교회 버스정류소 앞,847,2022-04-01,대여소별 이용정보 22.4.csv
금천구,천왕3팀,1870.독산3동주민센터 앞,848,2022-04-01,대여소별 이용정보 22.4.csv
도봉구,도봉3팀,1749. ESA아파트 상가 앞,848,2022-04-01,대여소별 이용정보 22.4.csv
마포구,상암1팀,413. 상암월드컵파크 3단지 후문,848,2022-04-01,대여소별 이용정보 22.4.csv
서대문구,상암1팀,160. 북아현동 가구거리,849,2022-04-01,대여소별 이용정보 22.4.csv
노원구,도봉1팀,4002. 상계주공 14단지 상가 앞,849,2022-04-01,대여소별 이용정보 22.4.csv
관악구,영남2팀,2172. 나들목공원,849,2022-04-01,대여소별 이용정보 22.4.csv
마포구,상암1팀,402. 상암월드컵파크 9단지 앞,852,2022-04-01,대여소별 이용정보 22.4.csv
서대문구,상암1팀,3113.독립문역사거리,852,2022-04-01,대여소별 이용정보 22.4.csv
관악구,이수2팀,2167. 낙성대역 1번출구,853,2022-04-01,대여소별 이용정보 22.4.csv
동작구,이수2팀,2027. 중앙대학교 정문 1,855,2022-04-01,대여소별 이용정보 22.4.csv
동대문구,훈련원4팀,4107. 장안동근린공원 입구,855,2022-04-01,대여소별 이용정보 22.4.csv
금천구,천왕2팀,1840. 솔브레인이엔지 뒤편,857,2022-04-01,대여소별 이용정보 22.4.csv
강남구,학여울1팀,2328. 르네상스 호텔 사거리 역삼지하보도 7번출구 앞,858,2022-04-01,대여소별 이용정보 22.4.csv
금천구,천왕2팀,1839. 수출의 다리 아래,859,2022-04-01,대여소별 이용정보 22.4.csv
종로구,세종로1팀,351. 청운초교 앞 삼거리,860,2022-04-01,대여소별 이용정보 22.4.csv
도봉구,도봉3팀,1772.시립도봉노인복지관 버스정류소,862,2022-04-01,대여소별 이용정보 22.4.csv
서대문구,상암2팀,167. 연가초등학교 옆,862,2022-04-01,대여소별 이용정보 22.4.csv
강남구,학여울1팀,2325. 대치삼성아파트 앞 교차로,862,2022-04-01,대여소별 이용정보 22.4.csv
양천구,개화4팀,725. 양강중학교앞 교차로,863,2022-04-01,대여소별 이용정보 22.4.csv
중랑구,중랑3팀,1441. 신내능말공원,864,2022-04-01,대여소별 이용정보 22.4.csv
은평구,상암3팀,960. 구파발역 환승센터,865,2022-04-01,대여소별 이용정보 22.4.csv
구로구,천왕1팀,2819.하늘숲초등학교 앞,865,2022-04-01,대여소별 이용정보 22.4.csv
은평구,상암2팀,979.원풍빌라앞,865,2022-04-01,대여소별 이용정보 22.4.csv
중랑구,중랑3팀,1405. 망우역 1번출구,865,2022-04-01,대여소별 이용정보 22.4.csv
강동구,천호1팀,1026. 대명초교 입구 교차로,866,2022-04-01,대여소별 이용정보 22.4.csv
송파구,천호2팀,4462. 가락중학교 앞,867,2022-04-01,대여소별 이용정보 22.4.csv
은평구,상암3팀,"4663. 불광역3,6호선 버스정류장(동명여고 방면)",868,2022-04-01,대여소별 이용정보 22.4.csv
강북구,도봉4팀,1518. SK telecom(수유직영점) 앞,871,2022-04-01,대여소별 이용정보 22.4.csv
강남구,학여울2팀,3618. 서울율현초교 삼거리,871,2022-04-01,대여소별 이용정보 22.4.csv
강북구,도봉4팀,1532. 번3동 주민센터 교차로,871,2022-04-01,대여소별 이용정보 22.4.csv
노원구,도봉1팀,1696.수락리버시티4단지,872,2022-04-01,대여소별 이용정보 22.4.csv
강남구,학여울1팀,"2419.봉은사역 1,2번 출구",872,2022-04-01,대여소별 이용정보 22.4.csv
영등포구,영남1팀,3221.서울특별시 남부교육지원청,872,2022-04-01,대여소별 이용정보 22.4.csv
마포구,상암1팀,142. 아현역 4번출구 앞,873,2022-04-01,대여소별 이용정보 22.4.csv
강서구,개화1팀,3795. 공항신성빌딩 앞,874,2022-04-01,대여소별 이용정보 22.4.csv
양천구,영남1팀,4536. 양천해누리체육공원,874,2022-04-01,대여소별 이용정보 22.4.csv
동대문구,훈련원3팀,4103. 휘경sk뷰아파트 앞,876,2022-04-01,대여소별 이용정보 22.4.csv
도봉구,도봉3팀,1719. 신도봉사거리 버스정류장,876,2022-04-01,대여소별 이용정보 22.4.csv
강남구,학여울1팀,2319. 포스코사거리 서측(수협 삼성동 지점),877,2022-04-01,대여소별 이용정보 22.4.csv
용산구,세종로 4팀,4603. 한강GS에클라트 건너편 교통섬,878,2022-04-01,대여소별 이용정보 22.4.csv
도봉구,도봉3팀,1706. 기업은행 앞,879,2022-04-01,대여소별 이용정보 22.4.csv
중랑구,중랑3팀,1454. 한국전력공사(동대문 중랑지사),879,2022-04-01,대여소별 이용정보 22.4.csv
송파구,천호2팀,4454. 위례 포레샤인 1809동 부근,880,2022-04-01,대여소별 이용정보 22.4.csv
서초구,이수3팀,4306. 서래공원 앞,881,2022-04-01,대여소별 이용정보 22.4.csv
구로구,천왕1팀,2820.신세기아파트 앞,882,2022-04-01,대여소별 이용정보 22.4.csv
강서구,개화1팀,2743.동신아파트 104동 앞,882,2022-04-01,대여소별 이용정보 22.4.csv
동작구,이수2팀,2036. 정금마을 마을버스정류장,882,2022-04-01,대여소별 이용정보 22.4.csv
양천구,개화4팀,720. 서울강월초등학교 앞,884,2022-04-01,대여소별 이용정보 22.4.csv
은평구,상암3팀,4671. 청구성심병원 앞,884,2022-04-01,대여소별 이용정보 22.4.csv
광진구,중랑1팀,3510. 중곡SK아파트앞,885,2022-04-01,대여소별 이용정보 22.4.csv
도봉구,도봉3팀,1770.도봉한신아파트 주변,886,2022-04-01,대여소별 이용정보 22.4.csv
성북구,훈련원2팀,1358. 정릉도서관 앞,886,2022-04-01,대여소별 이용정보 22.4.csv
노원구,도봉2팀,1641. 한내근린공원 남측,886,2022-04-01,대여소별 이용정보 22.4.csv
서초구,이수3팀,2297. 남부터미널역 1번출구,887,2022-04-01,대여소별 이용정보 22.4.csv
구로구,천왕1팀,3908. 오류동 다숲오피스텔 앞,887,2022-04-01,대여소별 이용정보 22.4.csv
마포구,상암1팀,407. 마포구 육아종합지원센터,892,2022-04-01,대여소별 이용정보 22.4.csv
강동구,천호1팀,3658. 프라이어팰리스아파트,892,2022-04-01,대여소별 이용정보 22.4.csv
서초구,이수3팀,2239.교대역 6번출구,894,2022-04-01,대여소별 이용정보 22.4.csv
강서구,개화2팀,"5056. 마곡역4,5번출구",894,2022-04-01,대여소별 이용정보 22.4.csv
강동구,천호1팀,1049. 강일리버파크 10단지,894,2022-04-01,대여소별 이용정보 22.4.csv
중랑구,중랑3팀,1457. 동원사거리,895,2022-04-01,대여소별 이용정보 22.4.csv
성북구,훈련원2팀,4414. 안암역 3번 출구,895,2022-04-01,대여소별 이용정보 22.4.csv
은평구,상암3팀,923. 국민은행 연서지점,896,2022-04-01,대여소별 이용정보 22.4.csv
용산구,세종로3팀,"4605. 노들섬 다목적홀(동쪽) 숲, 앞",896,2022-04-01,대여소별 이용정보 22.4.csv
양천구,개화4팀,714. 한국SGI 양천문화회관 앞,896,2022-04-01,대여소별 이용정보 22.4.csv
성북구,훈련원2팀,1343. 한성대7번출구 앞,896,2022-04-01,대여소별 이용정보 22.4.csv
관악구,이수2팀,2122. 낙성대로 입구,898,2022-04-01,대여소별 이용정보 22.4.csv
중랑구,중랑3팀,1468.먹골역 7번 출구,899,2022-04-01,대여소별 이용정보 22.4.csv
강남구,학여울1팀,2313. 금원빌딩 앞,901,2022-04-01,대여소별 이용정보 22.4.csv
노원구,도봉1팀,1628. 노일초등학교 앞,902,2022-04-01,대여소별 이용정보 22.4.csv
서초구,이수3팀,4307. 고투몰 gate 15옆,903,2022-04-01,대여소별 이용정보 22.4.csv
용산구,세종로3팀,811. 녹사평역1번출구,903,2022-04-01,대여소별 이용정보 22.4.csv
강동구,천호1팀,1025. 상일초등학교,903,2022-04-01,대여소별 이용정보 22.4.csv
성북구,훈련원2팀,1302. 한성대입구역6번출구 뒤,904,2022-04-01,대여소별 이용정보 22.4.csv
양천구,개화4팀,733. 신정이펜하우스314동,907,2022-04-01,대여소별 이용정보 22.4.csv
강남구,학여울1팀,2330. 역삼월드메르디앙아파트 앞,907,2022-04-01,대여소별 이용정보 22.4.csv
종로구,세종로1팀,450. 효자동 삼거리,908,2022-04-01,대여소별 이용정보 22.4.csv
중구,훈련원1팀,430. KEB하나은행 장충동지점,908,2022-04-01,대여소별 이용정보 22.4.csv
양천구,개화4팀,777.신월6차보람아파트 앞,909,2022-04-01,대여소별 이용정보 22.4.csv
은평구,상암2팀,939. 은평구청 교차로,909,2022-04-01,대여소별 이용정보 22.4.csv
마포구,상암1팀,405. DMC빌 앞,912,2022-04-01,대여소별 이용정보 22.4.csv
용산구,세종로3팀,4634. 이태원역 3번 출구,912,2022-04-01,대여소별 이용정보 22.4.csv
은평구,상암3팀,946. 독바위역,912,2022-04-01,대여소별 이용정보 22.4.csv
성동구,중랑2팀,535. 응봉삼거리,912,2022-04-01,대여소별 이용정보 22.4.csv
강서구,개화2팀,2731.명덕고교,912,2022-04-01,대여소별 이용정보 22.4.csv
중랑구,중랑3팀,4823. 방정환교육지원센터 옆,913,2022-04-01,대여소별 이용정보 22.4.csv
강동구,천호1팀,3689. 강일역 3번출구,913,2022-04-01,대여소별 이용정보 22.4.csv
강남구,학여울2팀,2411. 세곡동 성당,913,2022-04-01,대여소별 이용정보 22.4.csv
강동구,천호1팀,1016. 해뜨는 주유소옆 리엔파크 109동앞,913,2022-04-01,대여소별 이용정보 22.4.csv
강서구,개화3팀,5067. 주원 리젠트 앞,914,2022-04-01,대여소별 이용정보 22.4.csv
강서구,개화2팀,3792. 화곡본동시장 입구,915,2022-04-01,대여소별 이용정보 22.4.csv
동작구,이수2팀,2026. 흑석역 4번출구,915,2022-04-01,대여소별 이용정보 22.4.csv
금천구,천왕3팀,1833. 독산역 1번출구 앞 자전거보관소,916,2022-04-01,대여소별 이용정보 22.4.csv
강동구,천호1팀,1073.SSTS 몰 앞,916,2022-04-01,대여소별 이용정보 22.4.csv
금천구,천왕3팀,1862.스타즈호텔독산 빌딩 앞,917,2022-04-01,대여소별 이용정보 22.4.csv
성북구,훈련원2팀,4419. 성북구 한예종 캠퍼스 본관,917,2022-04-01,대여소별 이용정보 22.4.csv
중랑구,중랑3팀,4803. 상봉2동 주민센터 앞,917,2022-04-01,대여소별 이용정보 22.4.csv
서초구,이수2팀,2229.로고스교회 맞은 편,918,2022-04-01,대여소별 이용정보 22.4.csv
강남구,학여울1팀,2394. 개포래미안포레스트아파트 107동 앞,919,2022-04-01,대여소별 이용정보 22.4.csv
송파구,천호2팀,4499. 세양청마루 101동 앞,919,2022-04-01,대여소별 이용정보 22.4.csv
영등포구,영남3팀,285. 대림3동사거리(하나은행),919,2022-04-01,대여소별 이용정보 22.4.csv
강남구,이수3팀,2410. 포스코피앤에스타워 (역삼역 3번출구 부근),921,2022-04-01,대여소별 이용정보 22.4.csv
마포구,상암1팀,4202. 프런트원(공덕역4번출구 앞),922,2022-04-01,대여소별 이용정보 22.4.csv
관악구,이수2팀,2148. 낙성대역 3번출구 뒤,922,2022-04-01,대여소별 이용정보 22.4.csv
강북구,도봉4팀,1568.4.19민주묘지 입구사거리,924,2022-04-01,대여소별 이용정보 22.4.csv
송파구,학여울2팀,4880. 송파청소년센터,925,2022-04-01,대여소별 이용정보 22.4.csv
도봉구,도봉3팀,1752. 창동 주공 4단지 입구 옆,926,2022-04-01,대여소별 이용정보 22.4.csv
성동구,중랑2팀,538. 답십리역 8번출구 앞,926,2022-04-01,대여소별 이용정보 22.4.csv
송파구,학여울2팀,1240. 문정 법조단지4,927,2022-04-01,대여소별 이용정보 22.4.csv
서대문구,상암2팀,3110.홍은 현대아이파크 아파트 202동 앞,929,2022-04-01,대여소별 이용정보 22.4.csv
강북구,도봉4팀,1519. 세븐일레븐 수유장미원점 앞,931,2022-04-01,대여소별 이용정보 22.4.csv
서초구,이수1팀,2250. 서초유치원 맞은편,932,2022-04-01,대여소별 이용정보 22.4.csv
은평구,상암2팀,909. 백련산 힐스테이트 3차,932,2022-04-01,대여소별 이용정보 22.4.csv
서초구,이수1팀,2206. 언남초등학교 앞,932,2022-04-01,대여소별 이용정보 22.4.csv
양천구,개화4팀,759. 보아스아파트 앞,932,2022-04-01,대여소별 이용정보 22.4.csv
강남구,학여울2팀,3623. 일원에코파크 앞(개포로 방면),933,2022-04-01,대여소별 이용정보 22.4.csv
강북구,도봉4팀,3711. 월계2교 교차로,933,2022-04-01,대여소별 이용정보 22.4.csv
서대문구,상암1팀,3115.북아현 치안센터 인근,934,2022-04-01,대여소별 이용정보 22.4.csv
노원구,도봉1팀,4034. 상계근린공원 운동장 앞,936,2022-04-01,대여소별 이용정보 22.4.csv
용산구,세종로 4팀,806. 전자랜드 본관 앞,939,2022-04-01,대여소별 이용정보 22.4.csv
중구,세종로2팀,331. 을지로2가 사거리 북측,939,2022-04-01,대여소별 이용정보 22.4.csv
양천구,천왕1팀,743. 현대6차아파트 101동 옆,941,2022-04-01,대여소별 이용정보 22.4.csv
금천구,천왕3팀,1846. 롯데캐슬골드파크1차 동문,941,2022-04-01,대여소별 이용정보 22.4.csv
서대문구,상암2팀,177. 북가좌 초등학교,942,2022-04-01,대여소별 이용정보 22.4.csv
서대문구,상암2팀,3123.DMC파크뷰자이1단지 110동 앞,942,2022-04-01,대여소별 이용정보 22.4.csv
은평구,상암3팀,903. 은평뉴타운 아이파크,943,2022-04-01,대여소별 이용정보 22.4.csv
서초구,이수1팀,4303. 매헌역 2번출구앞광역버스 정류장앞(22-297),945,2022-04-01,대여소별 이용정보 22.4.csv
영등포구,영남1팀,4601.양평역2번출구 뒤,946,2022-04-01,대여소별 이용정보 22.4.csv
양천구,개화4팀,4518. 청기와빌딩,947,2022-04-01,대여소별 이용정보 22.4.csv
마포구,상암1팀,118. 광흥창역 2번출구 앞,948,2022-04-01,대여소별 이용정보 22.4.csv
강동구,천호1팀,1015. 샛마을 근린공원,949,2022-04-01,대여소별 이용정보 22.4.csv
서대문구,상암1팀,135. 명물길 원형무대 앞,949,2022-04-01,대여소별 이용정보 22.4.csv
동작구,영남2팀,2012. 대림사거리(동작상떼빌아파트),949,2022-04-01,대여소별 이용정보 22.4.csv
강서구,개화1팀,1159. 서서울모터리움 앞,951,2022-04-01,대여소별 이용정보 22.4.csv
은평구,상암2팀,989. 신응교(가좌로) 앞,951,2022-04-01,대여소별 이용정보 22.4.csv
강북구,도봉4팀,1554.번동사거리,951,2022-04-01,대여소별 이용정보 22.4.csv
송파구,학여울2팀,4456. 위례포레샤인 2310동 부근,953,2022-04-01,대여소별 이용정보 22.4.csv
강서구,개화2팀,1187. 강서수산물도매시장,953,2022-04-01,대여소별 이용정보 22.4.csv
금천구,천왕3팀,1821. 홈플러스 시흥점 맞은편 다비치안경 앞,955,2022-04-01,대여소별 이용정보 22.4.csv
성동구,중랑2팀,520. 상왕십리역 4번 출구 앞,955,2022-04-01,대여소별 이용정보 22.4.csv
서초구,이수3팀,2214. 신반포역 2번출구 앞,957,2022-04-01,대여소별 이용정보 22.4.csv
강남구,이수3팀,2409. 역삼동 디오슈페리움 (우성아파트 사거리),957,2022-04-01,대여소별 이용정보 22.4.csv
영등포구,영남3팀,4576.보라매sk뷰 108동 앞,957,2022-04-01,대여소별 이용정보 22.4.csv
강서구,개화4팀,1145. 곰달래 문화복지센터 1-2,957,2022-04-01,대여소별 이용정보 22.4.csv
관악구,영남2팀,2185. 대학동 고시촌,958,2022-04-01,대여소별 이용정보 22.4.csv
서초구,이수3팀,4313. 반포종합운동장,960,2022-04-01,대여소별 이용정보 22.4.csv
송파구,천호2팀,1280. 송파파크데일 2단지입구 앞 주차장,961,2022-04-01,대여소별 이용정보 22.4.csv
양천구,영남1팀,748. 목동운동장,962,2022-04-01,대여소별 이용정보 22.4.csv
중랑구,중랑3팀,4808. 신내2동 주민센터 앞,962,2022-04-01,대여소별 이용정보 22.4.csv
마포구,상암1팀,4212. 한화오벨리스크 앞,962,2022-04-01,대여소별 이용정보 22.4.csv
중랑구,중랑3팀,1465.중랑공영차고지 옆,963,2022-04-01,대여소별 이용정보 22.4.csv
송파구,천호2팀,2655.송이공원,965,2022-04-01,대여소별 이용정보 22.4.csv
송파구,학여울2팀,4480. 가락시장 남1문 사거리,965,2022-04-01,대여소별 이용정보 22.4.csv
은평구,상암2팀,965. 서울특별시 은평병원,965,2022-04-01,대여소별 이용정보 22.4.csv
양천구,개화4팀,4520. 대성유니드아파트,966,2022-04-01,대여소별 이용정보 22.4.csv
동대문구,훈련원4팀,664. 서울시립대 건설공학관,966,2022-04-01,대여소별 이용정보 22.4.csv
금천구,천왕3팀,1869.롯데캐슬골드파크3차 301동 앞,968,2022-04-01,대여소별 이용정보 22.4.csv
관악구,영남2팀,2145. 은천초등학교 육교,968,2022-04-01,대여소별 이용정보 22.4.csv
마포구,상암1팀,121. 마포소방서 앞,969,2022-04-01,대여소별 이용정보 22.4.csv
송파구,학여울2팀,1217. 송파파인타운 7단지,969,2022-04-01,대여소별 이용정보 22.4.csv
동대문구,훈련원3팀,656. 영휘원 교차로,970,2022-04-01,대여소별 이용정보 22.4.csv
양천구,개화4팀,4507. 신정제일시장,972,2022-04-01,대여소별 이용정보 22.4.csv
서초구,이수1팀,2537.양재역 8번출구 앞,972,2022-04-01,대여소별 이용정보 22.4.csv
노원구,도봉1팀,1634. 당고개공원 대여소,972,2022-04-01,대여소별 이용정보 22.4.csv
강동구,천호1팀,3665. 고덕센트럴 아이파크상가 앞,972,2022-04-01,대여소별 이용정보 22.4.csv
서초구,이수1팀,2263. 바우뫼문화복지회관,972,2022-04-01,대여소별 이용정보 22.4.csv
중랑구,중랑3팀,1420. 신내어울공원 앞,974,2022-04-01,대여소별 이용정보 22.4.csv
송파구,천호2팀,4458. 가락2동주민센터 인근,974,2022-04-01,대여소별 이용정보 22.4.csv
도봉구,도봉3팀,4074. 도봉구육아종합지원센터(창동),975,2022-04-01,대여소별 이용정보 22.4.csv
중구,훈련원1팀,336. 티마크 호텔 앞,975,2022-04-01,대여소별 이용정보 22.4.csv
중랑구,중랑3팀,1425. 용마문화복지센터,978,2022-04-01,대여소별 이용정보 22.4.csv
노원구,도봉1팀,1654. 당고개입구 오거리,981,2022-04-01,대여소별 이용정보 22.4.csv
중랑구,중랑3팀,1474.서울중랑우체국,982,2022-04-01,대여소별 이용정보 22.4.csv
성북구,훈련원2팀,1364. 성북동 치안센터 앞,983,2022-04-01,대여소별 이용정보 22.4.csv
강북구,도봉4팀,1526. 수유동 채선당앞,985,2022-04-01,대여소별 이용정보 22.4.csv
광진구,중랑1팀,3516. 구의아리수정수센터앞,985,2022-04-01,대여소별 이용정보 22.4.csv
양천구,개화4팀,782.서남병원 후문,986,2022-04-01,대여소별 이용정보 22.4.csv
중랑구,중랑3팀,1480. 용마지구대 옆,987,2022-04-01,대여소별 이용정보 22.4.csv
강남구,이수1팀,"2359. 국립국악중,고교 정문 맞은편",989,2022-04-01,대여소별 이용정보 22.4.csv
종로구,훈련원1팀,3412.세운상가,989,2022-04-01,대여소별 이용정보 22.4.csv
강서구,개화2팀,3767. 대원빌딩,990,2022-04-01,대여소별 이용정보 22.4.csv
도봉구,도봉3팀,1748. 피자헛 앞(도봉병원 옆),991,2022-04-01,대여소별 이용정보 22.4.csv
서대문구,상암1팀,140. 이화여대 후문,991,2022-04-01,대여소별 이용정보 22.4.csv
광진구,중랑1팀,3873. 동서울우편집중국 앞,991,2022-04-01,대여소별 이용정보 22.4.csv
강북구,도봉4팀,3718. 번동 SK LPG 충전소,992,2022-04-01,대여소별 이용정보 22.4.csv
성동구,중랑2팀,506. 금호 어울림 아파트 앞,994,2022-04-01,대여소별 이용정보 22.4.csv
관악구,이수2팀,3311.서울대입구역 4번 출구,994,2022-04-01,대여소별 이용정보 22.4.csv
마포구,상암1팀,125. 서강대 남문 옆,994,2022-04-01,대여소별 이용정보 22.4.csv
동작구,이수2팀,2082.7호선 이수역7번출구,994,2022-04-01,대여소별 이용정보 22.4.csv
강서구,개화1팀,1178. 개화산역 2번 출구,994,2022-04-01,대여소별 이용정보 22.4.csv
종로구,세종로1팀,349. 사직동주민센터,995,2022-04-01,대여소별 이용정보 22.4.csv
마포구,상암1팀,4216. 망원정 앞,995,2022-04-01,대여소별 이용정보 22.4.csv
동대문구,훈련원3팀,665.이문동 쌍용아파트 정문,996,2022-04-01,대여소별 이용정보 22.4.csv
노원구,도봉1팀,1672. 상계동수락리버시티,997,2022-04-01,대여소별 이용정보 22.4.csv
도봉구,도봉3팀,"1735. 도봉역 1,2번 출구사이 건너편",997,2022-04-01,대여소별 이용정보 22.4.csv
구로구,천왕1팀,1936. 개봉역 1번 출구 자전거보관서쪽,997,2022-04-01,대여소별 이용정보 22.4.csv
양천구,개화4팀,750. 연의근린공원 건너편,999,2022-04-01,대여소별 이용정보 22.4.csv
성동구,중랑2팀,4370. 서울숲IT캐슬 앞,1000,2022-04-01,대여소별 이용정보 22.4.csv
성북구,훈련원2팀,1360. 정릉역,1001,2022-04-01,대여소별 이용정보 22.4.csv
중구,세종로2팀,324. 신세계백화점 본점 앞,1001,2022-04-01,대여소별 이용정보 22.4.csv
노원구,도봉2팀,1671. 인덕대학교,1002,2022-04-01,대여소별 이용정보 22.4.csv
중구,훈련원1팀,4793. 동대문역사문화공원역 5번출구,1002,2022-04-01,대여소별 이용정보 22.4.csv
성북구,훈련원2팀,1395.래미안장위포레카운티(102동),1002,2022-04-01,대여소별 이용정보 22.4.csv
송파구,천호2팀,"2626.경찰병원역 1,2번 출구 사이",1003,2022-04-01,대여소별 이용정보 22.4.csv
강남구,학여울1팀,2405. 청담공원앞 교차로,1003,2022-04-01,대여소별 이용정보 22.4.csv
강서구,개화1팀,1109. 공항시장역 4번출구,1004,2022-04-01,대여소별 이용정보 22.4.csv
은평구,상암3팀,963. 대호프라자아파트,1004,2022-04-01,대여소별 이용정보 22.4.csv
강북구,도봉4팀,1553.예수그리스도후기성도교회 앞,1008,2022-04-01,대여소별 이용정보 22.4.csv
강남구,학여울2팀,2387. 래미안강남힐즈 사거리,1008,2022-04-01,대여소별 이용정보 22.4.csv
동대문구,훈련원3팀,4110. 용두롯데캐슬리치아파트 앞,1009,2022-04-01,대여소별 이용정보 22.4.csv
성북구,훈련원2팀,4406. 장곡초등학교 앞,1011,2022-04-01,대여소별 이용정보 22.4.csv
노원구,도봉2팀,2914.서울과학기술대학교(미래관),1012,2022-04-01,대여소별 이용정보 22.4.csv
서초구,이수3팀,2528.함지박 사거리,1013,2022-04-01,대여소별 이용정보 22.4.csv
관악구,영남2팀,2178. 서울대학교 정문,1014,2022-04-01,대여소별 이용정보 22.4.csv
동대문구,훈련원4팀,628. 휘봉고등학교 앞,1016,2022-04-01,대여소별 이용정보 22.4.csv
중구,세종로2팀,332. 을지로2가 사거리 남측,1016,2022-04-01,대여소별 이용정보 22.4.csv
금천구,천왕3팀,3984. 가산롯데아이티캐슬,1017,2022-04-01,대여소별 이용정보 22.4.csv
광진구,중랑1팀,552. 대림아크로리버 앞,1018,2022-04-01,대여소별 이용정보 22.4.csv
노원구,도봉2팀,4039. 서울시 북부여성발전센터,1019,2022-04-01,대여소별 이용정보 22.4.csv
성북구,훈련원2팀,1373. 성북구보건소 건너편,1020,2022-04-01,대여소별 이용정보 22.4.csv
서초구,이수3팀,4316. 고속터미널역 3번출구,1020,2022-04-01,대여소별 이용정보 22.4.csv
강북구,도봉4팀,1536. 번동 두산위브 101동 옆,1020,2022-04-01,대여소별 이용정보 22.4.csv
성북구,훈련원2팀,4420. 성북구 한예종 캠퍼스 별관,1021,2022-04-01,대여소별 이용정보 22.4.csv
은평구,상암2팀,948. 디지털미디어 시티역 4번출구(DMC역),1021,2022-04-01,대여소별 이용정보 22.4.csv
관악구,영남2팀,2174. 삼성디지털프라자관악점,1021,2022-04-01,대여소별 이용정보 22.4.csv
양천구,개화4팀,740. 으뜸공원,1021,2022-04-01,대여소별 이용정보 22.4.csv
도봉구,도봉3팀,1771.성원APT버스정류소,1021,2022-04-01,대여소별 이용정보 22.4.csv
광진구,중랑1팀,3508. 화양사거리,1022,2022-04-01,대여소별 이용정보 22.4.csv
송파구,학여울2팀,4497. 아시아선수촌아파트 교차로,1024,2022-04-01,대여소별 이용정보 22.4.csv
성동구,중랑2팀,518. 청계천 박물관 앞,1025,2022-04-01,대여소별 이용정보 22.4.csv
도봉구,도봉3팀,1775.신원리베르텔 앞,1025,2022-04-01,대여소별 이용정보 22.4.csv
구로구,천왕2팀,1998. 고척교 교차로,1026,2022-04-01,대여소별 이용정보 22.4.csv
용산구,세종로3팀,810. 이태원지하보도,1026,2022-04-01,대여소별 이용정보 22.4.csv
중랑구,중랑3팀,1469.먹골역 4번출구,1028,2022-04-01,대여소별 이용정보 22.4.csv
강남구,학여울1팀,2314. 청담나들목입구,1030,2022-04-01,대여소별 이용정보 22.4.csv
영등포구,영남3팀,241. 신길우성1차아파트 앞 공원,1034,2022-04-01,대여소별 이용정보 22.4.csv
강서구,개화1팀,3753. 공항중학교 버스정류장,1034,2022-04-01,대여소별 이용정보 22.4.csv
중구,훈련원1팀,372. 약수역 3번출구 뒤,1034,2022-04-01,대여소별 이용정보 22.4.csv
영등포구,영남1팀,4588.양남사거리2,1034,2022-04-01,대여소별 이용정보 22.4.csv
서대문구,상암2팀,195. 모래내고가차도,1035,2022-04-01,대여소별 이용정보 22.4.csv
영등포구,영남3팀,251. 서울지방병무청 버스정류장,1035,2022-04-01,대여소별 이용정보 22.4.csv
성북구,훈련원2팀,1303. 돈암초교 입구,1036,2022-04-01,대여소별 이용정보 22.4.csv
동작구,영남2팀,2066. 양문교회 앞,1037,2022-04-01,대여소별 이용정보 22.4.csv
구로구,천왕2팀,1924. 삼부르네상스파크빌,1037,2022-04-01,대여소별 이용정보 22.4.csv
중랑구,중랑3팀,4825. 신내동 벽산아파트 후문 앞,1038,2022-04-01,대여소별 이용정보 22.4.csv
은평구,상암2팀,930. 구 서부경찰서 건너편,1040,2022-04-01,대여소별 이용정보 22.4.csv
송파구,학여울2팀,4893. 문정법조단지12,1041,2022-04-01,대여소별 이용정보 22.4.csv
용산구,세종로 4팀,850. KCC용산월츠타워,1043,2022-04-01,대여소별 이용정보 22.4.csv
송파구,천호2팀,2627.문정시영아파트 5동 앞 공원,1043,2022-04-01,대여소별 이용정보 22.4.csv
마포구,상암1팀,122. 신성기사식당 앞,1044,2022-04-01,대여소별 이용정보 22.4.csv
종로구,훈련원1팀,337. 창경궁 입구,1046,2022-04-01,대여소별 이용정보 22.4.csv
은평구,상암3팀,982. 녹번초등학교(서오릉로),1047,2022-04-01,대여소별 이용정보 22.4.csv
양천구,개화4팀,706. 신정네거리역,1047,2022-04-01,대여소별 이용정보 22.4.csv
서초구,이수1팀,2242.양재역 11번 출구 앞,1048,2022-04-01,대여소별 이용정보 22.4.csv
동대문구,훈련원3팀,601. 용신동주민센터,1048,2022-04-01,대여소별 이용정보 22.4.csv
강북구,도봉4팀,1527. 미아역 1번 출구 뒤,1048,2022-04-01,대여소별 이용정보 22.4.csv
서대문구,상암1팀,138. 신촌동 제1공영주차장 앞,1048,2022-04-01,대여소별 이용정보 22.4.csv
동대문구,훈련원4팀,658. 촬영소 사거리,1049,2022-04-01,대여소별 이용정보 22.4.csv
구로구,천왕1팀,1981. 천왕이펜하우스5단지 앞,1050,2022-04-01,대여소별 이용정보 22.4.csv
도봉구,도봉3팀,4054. KT프라자도봉점 맞은편,1050,2022-04-01,대여소별 이용정보 22.4.csv
종로구,세종로1팀,3405.파크팰리스,1051,2022-04-01,대여소별 이용정보 22.4.csv
서초구,이수3팀,2529.우리은행 방배동지점 앞,1051,2022-04-01,대여소별 이용정보 22.4.csv
양천구,개화4팀,737. 장수공원,1051,2022-04-01,대여소별 이용정보 22.4.csv
영등포구,영남3팀,235. 신길동 우리은행 옆,1051,2022-04-01,대여소별 이용정보 22.4.csv
마포구,상암1팀,156. 서울서부지방법원 앞,1051,2022-04-01,대여소별 이용정보 22.4.csv
마포구,상암1팀,4206. 광흥창역5번출구,1052,2022-04-01,대여소별 이용정보 22.4.csv
동대문구,훈련원3팀,647. 신이문역 1번출구,1052,2022-04-01,대여소별 이용정보 22.4.csv
영등포구,영남3팀,3203.도림동배드민턴체육관,1053,2022-04-01,대여소별 이용정보 22.4.csv
강동구,천호1팀,1033. 고덕동 아남아파트,1054,2022-04-01,대여소별 이용정보 22.4.csv
금천구,천왕3팀,3983. 금천구청역 1번 출구,1055,2022-04-01,대여소별 이용정보 22.4.csv
강남구,이수1팀,2333. 양재역 3번출구 주변,1059,2022-04-01,대여소별 이용정보 22.4.csv
서초구,이수3팀,2237.서울남부터미널 대합실 입구,1061,2022-04-01,대여소별 이용정보 22.4.csv
노원구,도봉1팀,1659. 중계동 을지중학교,1061,2022-04-01,대여소별 이용정보 22.4.csv
성북구,훈련원2팀,1388. 돈암초교입구 버스정류장(한성대입구역 방면),1063,2022-04-01,대여소별 이용정보 22.4.csv
성동구,중랑2팀,536. 행당역 2번출구 앞,1063,2022-04-01,대여소별 이용정보 22.4.csv
노원구,도봉1팀,4042. 상계문화정보도서관,1065,2022-04-01,대여소별 이용정보 22.4.csv
마포구,상암1팀,4211. 시석빌딩 앞,1065,2022-04-01,대여소별 이용정보 22.4.csv
서초구,이수3팀,2542.신논현타워 앞,1065,2022-04-01,대여소별 이용정보 22.4.csv
중랑구,중랑3팀,4826. 홈플러스 면목점,1065,2022-04-01,대여소별 이용정보 22.4.csv
송파구,천호2팀,1253. 오금역 3번 출구 뒤,1066,2022-04-01,대여소별 이용정보 22.4.csv
동대문구,훈련원3팀,666.이문대성유니드아파트 앞,1067,2022-04-01,대여소별 이용정보 22.4.csv
서초구,이수3팀,2215. 반포종합운동장 입구,1067,2022-04-01,대여소별 이용정보 22.4.csv
금천구,천왕3팀,1805. 서울디지털운동장 앞,1071,2022-04-01,대여소별 이용정보 22.4.csv
송파구,천호2팀,4469. 거여동 어울림아파트 102동앞,1072,2022-04-01,대여소별 이용정보 22.4.csv
도봉구,도봉3팀,1754. 창동시장입구 사거리,1074,2022-04-01,대여소별 이용정보 22.4.csv
종로구,세종로2팀,4707. 청계3가 사거리,1075,2022-04-01,대여소별 이용정보 22.4.csv
노원구,도봉1팀,1630. 수연빌딩 앞,1077,2022-04-01,대여소별 이용정보 22.4.csv
송파구,천호2팀,1207. 마천중앙시장,1077,2022-04-01,대여소별 이용정보 22.4.csv
동대문구,훈련원4팀,654. 전농동 텃골공원,1077,2022-04-01,대여소별 이용정보 22.4.csv
송파구,천호2팀,4463. 방이역 2번 출구,1078,2022-04-01,대여소별 이용정보 22.4.csv
송파구,천호2팀,1230. 송파중학교 정문,1078,2022-04-01,대여소별 이용정보 22.4.csv
종로구,훈련원1팀,3411.종묘,1080,2022-04-01,대여소별 이용정보 22.4.csv
중구,세종로 4팀,399. 서울역 센트럴 자이아파트,1080,2022-04-01,대여소별 이용정보 22.4.csv
송파구,학여울2팀,2603. 송파 글마루 도서관,1082,2022-04-01,대여소별 이용정보 22.4.csv
중구,세종로2팀,4778. 대신파이낸스센터,1083,2022-04-01,대여소별 이용정보 22.4.csv
서초구,이수3팀,2271. 내방역 8번출구 앞,1083,2022-04-01,대여소별 이용정보 22.4.csv
용산구,세종로 4팀,852.청암자이APT(103동),1084,2022-04-01,대여소별 이용정보 22.4.csv
강서구,개화4팀,2712.화곡터널입구교차로,1084,2022-04-01,대여소별 이용정보 22.4.csv
중랑구,중랑3팀,1430. 중랑구청,1085,2022-04-01,대여소별 이용정보 22.4.csv
중랑구,중랑3팀,4837. 양원지구 힐데스하임 앞,1086,2022-04-01,대여소별 이용정보 22.4.csv
성북구,훈련원2팀,1346. 길음8골어린이공원 옆,1086,2022-04-01,대여소별 이용정보 22.4.csv
종로구,훈련원1팀,3423.현대그룹(본사),1086,2022-04-01,대여소별 이용정보 22.4.csv
성동구,중랑2팀,3553.마장역3번출구,1088,2022-04-01,대여소별 이용정보 22.4.csv
서대문구,상암2팀,188. 홍은동 정원여중 입구,1088,2022-04-01,대여소별 이용정보 22.4.csv
동작구,이수2팀,2095.경문고등학교 앞,1088,2022-04-01,대여소별 이용정보 22.4.csv
동작구,영남2팀,2084.e편한세상 상도노빌리티 앞,1091,2022-04-01,대여소별 이용정보 22.4.csv
영등포구,영남3팀,260. 여의도 마리나선착장 앞,1091,2022-04-01,대여소별 이용정보 22.4.csv
영등포구,영남3팀,4563. 여의도 은하아파트,1092,2022-04-01,대여소별 이용정보 22.4.csv
마포구,상암1팀,436. 이대역 5번출구,1093,2022-04-01,대여소별 이용정보 22.4.csv
서대문구,상암1팀,198. 충정2교,1093,2022-04-01,대여소별 이용정보 22.4.csv
금천구,천왕3팀,1856. 모두의학교,1094,2022-04-01,대여소별 이용정보 22.4.csv
영등포구,영남3팀,4589. KRX한국거래소(1),1094,2022-04-01,대여소별 이용정보 22.4.csv
강남구,학여울1팀,3651. 개포동역 4번출구,1095,2022-04-01,대여소별 이용정보 22.4.csv
금천구,천왕3팀,1814. 두산위브아파트 옆 상가건물 앞,1095,2022-04-01,대여소별 이용정보 22.4.csv
마포구,상암1팀,416. 상암월드컵파크 1단지 교차로,1096,2022-04-01,대여소별 이용정보 22.4.csv
강남구,학여울1팀,3628. 역삼1동 주민센터,1096,2022-04-01,대여소별 이용정보 22.4.csv
동대문구,훈련원3팀,640. 청량리역 2번출구,1096,2022-04-01,대여소별 이용정보 22.4.csv
서대문구,상암1팀,3104. e편한세상 신촌4단지 앞,1097,2022-04-01,대여소별 이용정보 22.4.csv
강서구,개화1팀,3787. 가양나들목,1098,2022-04-01,대여소별 이용정보 22.4.csv
강남구,학여울2팀,2375. 수서역 1번출구 앞,1099,2022-04-01,대여소별 이용정보 22.4.csv
강동구,천호1팀,1003. 해공도서관앞,1099,2022-04-01,대여소별 이용정보 22.4.csv
광진구,중랑1팀,3523. 건국대학교 과학관(이과대) 앞,1100,2022-04-01,대여소별 이용정보 22.4.csv
마포구,상암1팀,4208. 스타벅스(동교동) 앞,1101,2022-04-01,대여소별 이용정보 22.4.csv
광진구,중랑1팀,3853. 어린이대공원역 2번출구,1104,2022-04-01,대여소별 이용정보 22.4.csv
송파구,천호2팀,4856. 올림픽공원 서1문 앞,1105,2022-04-01,대여소별 이용정보 22.4.csv
강동구,천호1팀,1068.명일파출소,1106,2022-04-01,대여소별 이용정보 22.4.csv
동작구,이수2팀,2091. 이수역9번출구,1106,2022-04-01,대여소별 이용정보 22.4.csv
강서구,개화3팀,3763. 등촌태영아파트,1106,2022-04-01,대여소별 이용정보 22.4.csv
영등포구,영남1팀,4600. 영등포구 총괄 우체국,1109,2022-04-01,대여소별 이용정보 22.4.csv
송파구,학여울2팀,2631.배명고등학교,1109,2022-04-01,대여소별 이용정보 22.4.csv
마포구,상암1팀,129. 신촌역(2호선) 6번출구 옆,1110,2022-04-01,대여소별 이용정보 22.4.csv
마포구,상암1팀,401. 상암월드컵파크 10단지 앞,1111,2022-04-01,대여소별 이용정보 22.4.csv
관악구,이수2팀,3816. 관악 GSfresh,1112,2022-04-01,대여소별 이용정보 22.4.csv
강남구,학여울1팀,3614. 은마아파트 입구 사거리,1113,2022-04-01,대여소별 이용정보 22.4.csv
강서구,개화1팀,3793. 더리브골드타워,1113,2022-04-01,대여소별 이용정보 22.4.csv
관악구,이수2팀,2116. 에이스에이존빌딩,1116,2022-04-01,대여소별 이용정보 22.4.csv
서대문구,상암1팀,3116.신촌역 4번출구,1116,2022-04-01,대여소별 이용정보 22.4.csv
중랑구,중랑3팀,1464.중화역 4번출구,1116,2022-04-01,대여소별 이용정보 22.4.csv
금천구,천왕3팀,1806. 에이스하이엔드타워9차 앞,1117,2022-04-01,대여소별 이용정보 22.4.csv
도봉구,도봉3팀,1743.창동19단지아파트 관리사무소앞,1117,2022-04-01,대여소별 이용정보 22.4.csv
강서구,개화2팀,5073. 우장산역 헤링턴타워 앞,1117,2022-04-01,대여소별 이용정보 22.4.csv
도봉구,도봉3팀,1734. 쌍문현대1차아파트 108동 앞,1117,2022-04-01,대여소별 이용정보 22.4.csv
강서구,개화3팀,1171. 염창동 새마을금고 건너편,1117,2022-04-01,대여소별 이용정보 22.4.csv
마포구,상암1팀,150. 서강대역 2번출구 앞,1117,2022-04-01,대여소별 이용정보 22.4.csv
중구,훈련원1팀,476.광희문,1118,2022-04-01,대여소별 이용정보 22.4.csv
성북구,훈련원2팀,1349. 월계2교 버스정류장 앞,1119,2022-04-01,대여소별 이용정보 22.4.csv
관악구,영남2팀,2156. 신림푸르지오아파트,1119,2022-04-01,대여소별 이용정보 22.4.csv
중구,세종로2팀,318. 광교사거리 남측,1119,2022-04-01,대여소별 이용정보 22.4.csv
용산구,세종로3팀,4615. 크라운호텔앞 버스정류소,1120,2022-04-01,대여소별 이용정보 22.4.csv
양천구,영남1팀,4512. 목동13_14단지 사거리,1121,2022-04-01,대여소별 이용정보 22.4.csv
강남구,학여울2팀,2408. 강남한양수자인아파트,1123,2022-04-01,대여소별 이용정보 22.4.csv
송파구,천호2팀,1300. 오륜사거리,1123,2022-04-01,대여소별 이용정보 22.4.csv
마포구,상암1팀,3008.DMC역7번출구,1123,2022-04-01,대여소별 이용정보 22.4.csv
양천구,천왕1팀,4528. 양천구청역 1번출구,1124,2022-04-01,대여소별 이용정보 22.4.csv
은평구,상암3팀,919. 서울혁신파크,1126,2022-04-01,대여소별 이용정보 22.4.csv
용산구,세종로3팀,4620. 삼각지역 14번 출구 앞(교통섬),1127,2022-04-01,대여소별 이용정보 22.4.csv
동대문구,훈련원4팀,604. 답십리초등학교 옆 공원,1127,2022-04-01,대여소별 이용정보 22.4.csv
송파구,학여울2팀,4467. 한림연예예술고등학교,1127,2022-04-01,대여소별 이용정보 22.4.csv
노원구,도봉1팀,1651. 상계동 우방유쉘아파트 앞,1128,2022-04-01,대여소별 이용정보 22.4.csv
마포구,상암1팀,408. LG CNS앞,1129,2022-04-01,대여소별 이용정보 22.4.csv
영등포구,영남3팀,4558. 대영중고 후문,1129,2022-04-01,대여소별 이용정보 22.4.csv
영등포구,영남3팀,271. 샛강생태공원방문자센터 앞,1130,2022-04-01,대여소별 이용정보 22.4.csv
금천구,천왕3팀,3956. 대륭테크노타운21차 앞,1132,2022-04-01,대여소별 이용정보 22.4.csv
송파구,학여울2팀,2657.송파 파인타운 11단지,1133,2022-04-01,대여소별 이용정보 22.4.csv
강서구,개화3팀,2703.서울도시가스 앞,1134,2022-04-01,대여소별 이용정보 22.4.csv
서초구,이수1팀,2274. 양재시민의숲역 3번출구,1134,2022-04-01,대여소별 이용정보 22.4.csv
영등포구,영남1팀,4552. 코레일유통본사,1135,2022-04-01,대여소별 이용정보 22.4.csv
서초구,이수3팀,2524.반포쇼핑타운 8동 앞,1138,2022-04-01,대여소별 이용정보 22.4.csv
노원구,도봉2팀,2902.공릉풍림아파트 108동,1139,2022-04-01,대여소별 이용정보 22.4.csv
은평구,상암3팀,904. 은평뉴타운 푸르지오,1140,2022-04-01,대여소별 이용정보 22.4.csv
도봉구,도봉3팀,1729. 파리바게트앞,1141,2022-04-01,대여소별 이용정보 22.4.csv
강남구,학여울1팀,2396. 영동3교 북단(우성캐릭터 앞 보도),1142,2022-04-01,대여소별 이용정보 22.4.csv
광진구,중랑1팀,544. 광남중학교,1142,2022-04-01,대여소별 이용정보 22.4.csv
노원구,도봉2팀,4023. 월계역 1번 출구,1143,2022-04-01,대여소별 이용정보 22.4.csv
마포구,상암1팀,4238. 상암한샘빌딩앞,1143,2022-04-01,대여소별 이용정보 22.4.csv
마포구,상암1팀,403. 부엉이공원 앞,1144,2022-04-01,대여소별 이용정보 22.4.csv
중구,세종로 4팀,4794. 서울역 서부교차로(3),1144,2022-04-01,대여소별 이용정보 22.4.csv
강남구,이수3팀,2302. 교보타워 버스정류장(신논현역 3번출구 후면),1145,2022-04-01,대여소별 이용정보 22.4.csv
강북구,도봉4팀,3707. 드래곤타워 앞,1147,2022-04-01,대여소별 이용정보 22.4.csv
종로구,세종로2팀,328. 탑골공원 앞,1148,2022-04-01,대여소별 이용정보 22.4.csv
관악구,이수2팀,3815. 광일빌딩,1149,2022-04-01,대여소별 이용정보 22.4.csv
강서구,개화2팀,5059. 화곡2동주민센터,1151,2022-04-01,대여소별 이용정보 22.4.csv
서대문구,상암1팀,115. 마스타 빌딩 앞,1151,2022-04-01,대여소별 이용정보 22.4.csv
영등포구,영남3팀,299.여의도 순복음교회,1151,2022-04-01,대여소별 이용정보 22.4.csv
성북구,훈련원2팀,1339. 삼성전자서비스 성북센터,1154,2022-04-01,대여소별 이용정보 22.4.csv
성북구,훈련원2팀,1326. 상월곡역 1번출구,1154,2022-04-01,대여소별 이용정보 22.4.csv
동작구,이수2팀,2089.사당역10번출구(금강빌딩),1155,2022-04-01,대여소별 이용정보 22.4.csv
동작구,영남2팀,2020. 장승배기역2번출구뒷편쪽,1159,2022-04-01,대여소별 이용정보 22.4.csv
서초구,이수1팀,2251. 더케이호텔 입구(양재2),1159,2022-04-01,대여소별 이용정보 22.4.csv
도봉구,도봉3팀,1750. 창포원 남쪽 입구,1160,2022-04-01,대여소별 이용정보 22.4.csv
중랑구,중랑3팀,1429. 장안중학교,1160,2022-04-01,대여소별 이용정보 22.4.csv
구로구,천왕2팀,3919. 구로역·NC신구로점 버스정류장(구로역 방면),1161,2022-04-01,대여소별 이용정보 22.4.csv
관악구,영남2팀,3803. 남서울중학교,1163,2022-04-01,대여소별 이용정보 22.4.csv
도봉구,도봉3팀,1746. 다이소방학점 앞,1164,2022-04-01,대여소별 이용정보 22.4.csv
송파구,천호2팀,4860. 가락쌍용2차아파트 103동,1164,2022-04-01,대여소별 이용정보 22.4.csv
강남구,학여울2팀,2420.학여울역 사거리(LG베스트샵 앞),1164,2022-04-01,대여소별 이용정보 22.4.csv
서대문구,상암2팀,191. 서우빌딩,1165,2022-04-01,대여소별 이용정보 22.4.csv
종로구,세종로1팀,394. 경희궁 자이 3단지,1165,2022-04-01,대여소별 이용정보 22.4.csv
양천구,개화4팀,4537. 서울남부지방검찰청 후문,1167,2022-04-01,대여소별 이용정보 22.4.csv
관악구,영남2팀,3812. KT관악지점,1167,2022-04-01,대여소별 이용정보 22.4.csv
성북구,훈련원2팀,1368. 성신여대입구 교차로,1167,2022-04-01,대여소별 이용정보 22.4.csv
관악구,영남2팀,3818. 은천교회 앞,1168,2022-04-01,대여소별 이용정보 22.4.csv
영등포구,영남3팀,3204.도림고가도로 밑,1169,2022-04-01,대여소별 이용정보 22.4.csv
금천구,천왕3팀,3959. 시흥사거리(시흥동 994-3 앞),1170,2022-04-01,대여소별 이용정보 22.4.csv
서초구,이수3팀,2515.서초초등학교 후문,1170,2022-04-01,대여소별 이용정보 22.4.csv
마포구,상암1팀,4214. JTBC 앞,1170,2022-04-01,대여소별 이용정보 22.4.csv
서초구,이수3팀,2277. 길마중4교 하부,1171,2022-04-01,대여소별 이용정보 22.4.csv
영등포구,영남3팀,5851. 도림천 건널목 위,1172,2022-04-01,대여소별 이용정보 22.4.csv
강남구,학여울1팀,2315. 봉은사역 5번출구 옆,1172,2022-04-01,대여소별 이용정보 22.4.csv
강서구,개화2팀,3786. 강서힐스테이트 상가 앞,1173,2022-04-01,대여소별 이용정보 22.4.csv
서초구,이수3팀,2259. 잠원역 3번-4번 출구사이,1174,2022-04-01,대여소별 이용정보 22.4.csv
양천구,개화4팀,4517. 성보하이드로빌딩,1175,2022-04-01,대여소별 이용정보 22.4.csv
강북구,도봉4팀,1520. 성실교회,1175,2022-04-01,대여소별 이용정보 22.4.csv
성북구,훈련원2팀,1394.길음뉴타운 래미안9단지,1176,2022-04-01,대여소별 이용정보 22.4.csv
중구,세종로1팀,4797. KG타워 앞,1176,2022-04-01,대여소별 이용정보 22.4.csv
구로구,천왕1팀,1930. 개봉지구대 개봉치안센터,1177,2022-04-01,대여소별 이용정보 22.4.csv
영등포구,영남3팀,4569. 힐스테이트클래시안아파트,1179,2022-04-01,대여소별 이용정보 22.4.csv
중랑구,중랑3팀,4824. 상봉신협 앞,1179,2022-04-01,대여소별 이용정보 22.4.csv
은평구,상암2팀,4659. 신진과학기술고등학교 버스정류장(응암시장 방면),1181,2022-04-01,대여소별 이용정보 22.4.csv
송파구,천호2팀,1271. 송파도서관,1183,2022-04-01,대여소별 이용정보 22.4.csv
영등포구,영남3팀,4590. KRX한국거래소(2),1184,2022-04-01,대여소별 이용정보 22.4.csv
구로구,천왕1팀,1941. 오류동역 2번출구,1184,2022-04-01,대여소별 이용정보 22.4.csv
동작구,영남2팀,2009. 보라매역 8번출구,1186,2022-04-01,대여소별 이용정보 22.4.csv
도봉구,도봉3팀,4078. 원당공원 앞,1187,2022-04-01,대여소별 이용정보 22.4.csv
관악구,영남2팀,2191.대학동주민센터,1187,2022-04-01,대여소별 이용정보 22.4.csv
강서구,개화1팀,5063. 서남환경공원(방화동도시개발2단지방향),1187,2022-04-01,대여소별 이용정보 22.4.csv
도봉구,도봉3팀,1715. 서울특별시교육청도봉도서관,1188,2022-04-01,대여소별 이용정보 22.4.csv
강동구,천호1팀,1060. 천일초교 사거리,1189,2022-04-01,대여소별 이용정보 22.4.csv
강동구,천호1팀,1085.래미안 솔베뉴(고덕로),1189,2022-04-01,대여소별 이용정보 22.4.csv
서초구,이수1팀,2245.양재초등학교 맞은편,1190,2022-04-01,대여소별 이용정보 22.4.csv
성북구,훈련원2팀,1361. 홍익중고 입구,1190,2022-04-01,대여소별 이용정보 22.4.csv
강남구,이수3팀,2327. 뱅뱅사거리 랜드마크타워 앞,1191,2022-04-01,대여소별 이용정보 22.4.csv
광진구,중랑1팀,3864. 광진소방서 앞,1191,2022-04-01,대여소별 이용정보 22.4.csv
광진구,중랑1팀,3886.광진구 민방위교육센터,1192,2022-04-01,대여소별 이용정보 22.4.csv
동작구,이수2팀,2034. 사당역 7번출구쪽,1193,2022-04-01,대여소별 이용정보 22.4.csv
구로구,천왕2팀,1994. 삼성전자 물류센터 앞,1194,2022-04-01,대여소별 이용정보 22.4.csv
금천구,천왕3팀,1808. 에이스하이엔드타워8차 앞,1195,2022-04-01,대여소별 이용정보 22.4.csv
노원구,도봉2팀,4048. 신도1차아파트앞,1196,2022-04-01,대여소별 이용정보 22.4.csv
노원구,도봉1팀,4032. 은행사거리 성모빌딩 앞,1196,2022-04-01,대여소별 이용정보 22.4.csv
성동구,중랑2팀,3525. 금호스포츠센터앞,1199,2022-04-01,대여소별 이용정보 22.4.csv
중구,세종로1팀,391. 시립미술관,1199,2022-04-01,대여소별 이용정보 22.4.csv
동대문구,훈련원4팀,4123. 배봉초교 교차로,1200,2022-04-01,대여소별 이용정보 22.4.csv
동작구,이수2팀,2086.삼일수영장 앞,1200,2022-04-01,대여소별 이용정보 22.4.csv
구로구,천왕1팀,1965. 삼환로즈빌아파트 105동 옆,1201,2022-04-01,대여소별 이용정보 22.4.csv
노원구,도봉1팀,4014. 당고개역 3번 출구,1201,2022-04-01,대여소별 이용정보 22.4.csv
은평구,상암3팀,900. 은평예술회관,1202,2022-04-01,대여소별 이용정보 22.4.csv
중구,세종로2팀,472.삼일교(시그니쳐 타워),1204,2022-04-01,대여소별 이용정보 22.4.csv
관악구,영남2팀,2195.은천교회,1205,2022-04-01,대여소별 이용정보 22.4.csv
은평구,상암2팀,4677. 백련산 SK뷰 아이파크 해모로 아파트 앞,1206,2022-04-01,대여소별 이용정보 22.4.csv
용산구,세종로3팀,864.순천향대학병원(한남오거리),1206,2022-04-01,대여소별 이용정보 22.4.csv
강북구,도봉4팀,1564.4.19민주묘지역 1번출구,1208,2022-04-01,대여소별 이용정보 22.4.csv
마포구,상암1팀,4244. 당인리발전소 공원 앞,1209,2022-04-01,대여소별 이용정보 22.4.csv
중구,세종로2팀,321. KEB 하나금융그룹 명동사옥 옆,1210,2022-04-01,대여소별 이용정보 22.4.csv
마포구,상암1팀,3007.MBC 앞,1211,2022-04-01,대여소별 이용정보 22.4.csv
강남구,이수3팀,2421. 신논현역 4번출구,1211,2022-04-01,대여소별 이용정보 22.4.csv
마포구,상암1팀,155. 가좌역1 번출구 앞,1212,2022-04-01,대여소별 이용정보 22.4.csv
종로구,세종로1팀,395. 경희궁 자이 2단지,1214,2022-04-01,대여소별 이용정보 22.4.csv
서대문구,상암2팀,3131.연가교 교차로,1216,2022-04-01,대여소별 이용정보 22.4.csv
용산구,세종로3팀,843. 녹사평역 광장,1218,2022-04-01,대여소별 이용정보 22.4.csv
강남구,학여울2팀,2423.영희초교 사거리(래미안개포루체하임),1218,2022-04-01,대여소별 이용정보 22.4.csv
송파구,천호2팀,2652.송파 레미니스1단지 102동 앞,1223,2022-04-01,대여소별 이용정보 22.4.csv
송파구,천호2팀,4873. 개롱역사거리 2번 출구,1224,2022-04-01,대여소별 이용정보 22.4.csv
영등포구,영남3팀,256. 동아에코빌입구,1225,2022-04-01,대여소별 이용정보 22.4.csv
서초구,이수3팀,2503. 반포1동 서초빌딩 앞,1226,2022-04-01,대여소별 이용정보 22.4.csv
영등포구,영남1팀,4560. 양평동성원아파트,1227,2022-04-01,대여소별 이용정보 22.4.csv
서초구,이수1팀,2273. 일동제약 사거리,1230,2022-04-01,대여소별 이용정보 22.4.csv
중구,훈련원1팀,475.DDP 패션몰,1230,2022-04-01,대여소별 이용정보 22.4.csv
용산구,세종로 4팀,844. 이촌2동 동원베네스트 아파트 앞,1233,2022-04-01,대여소별 이용정보 22.4.csv
강북구,도봉4팀,1540. 가오리역,1233,2022-04-01,대여소별 이용정보 22.4.csv
송파구,학여울2팀,4468. 가락1동주민센터,1235,2022-04-01,대여소별 이용정보 22.4.csv
성북구,훈련원2팀,1334. 석관동주민센터 앞,1238,2022-04-01,대여소별 이용정보 22.4.csv
종로구,훈련원1팀,457. 종로꽃시장 입구 옆,1239,2022-04-01,대여소별 이용정보 22.4.csv
중랑구,중랑3팀,1408. 먹골역 6번출구 앞,1239,2022-04-01,대여소별 이용정보 22.4.csv
강남구,학여울1팀,2415.한티역 롯데백화점 앞,1242,2022-04-01,대여소별 이용정보 22.4.csv
동대문구,훈련원4팀,4105. 서울교통공사사거리 교통섬,1244,2022-04-01,대여소별 이용정보 22.4.csv
노원구,도봉1팀,2920.상계중학교(당현2교사거리),1245,2022-04-01,대여소별 이용정보 22.4.csv
강서구,개화3팀,5065. 허준박물관삼거리,1245,2022-04-01,대여소별 이용정보 22.4.csv
도봉구,도봉3팀,1716. 하나로마트 창동점,1246,2022-04-01,대여소별 이용정보 22.4.csv
강남구,학여울1팀,2372. 대치역 사거리,1248,2022-04-01,대여소별 이용정보 22.4.csv
서대문구,상암1팀,180. 충정로역 7번출구 아래,1248,2022-04-01,대여소별 이용정보 22.4.csv
서대문구,상암2팀,170. DMC파크뷰자이아파트 302동 앞,1249,2022-04-01,대여소별 이용정보 22.4.csv
양천구,개화3팀,4526. 목동아파트2단지 222동 앞,1250,2022-04-01,대여소별 이용정보 22.4.csv
강남구,학여울1팀,2365. K+ 타워 앞,1250,2022-04-01,대여소별 이용정보 22.4.csv
광진구,중랑1팀,3505. 신양초교앞 교차로,1251,2022-04-01,대여소별 이용정보 22.4.csv
강남구,학여울2팀,2412. 일원1동 주민센터,1251,2022-04-01,대여소별 이용정보 22.4.csv
서대문구,상암1팀,162. 봉원고가차도 밑,1251,2022-04-01,대여소별 이용정보 22.4.csv
구로구,천왕1팀,1929. 고척근린공원 고척도서관 앞,1251,2022-04-01,대여소별 이용정보 22.4.csv
송파구,천호2팀,4895. 위례포레샤인15단지 상가,1252,2022-04-01,대여소별 이용정보 22.4.csv
서초구,이수2팀,2511. 이수역 6번출구 앞,1253,2022-04-01,대여소별 이용정보 22.4.csv
종로구,훈련원1팀,356. KT혜화지사 앞,1253,2022-04-01,대여소별 이용정보 22.4.csv
강서구,개화2팀,5066. 아망떼마곡전시장,1254,2022-04-01,대여소별 이용정보 22.4.csv
동대문구,훈련원3팀,672.대광고등학교,1255,2022-04-01,대여소별 이용정보 22.4.csv
마포구,상암1팀,488.푸르메병원,1256,2022-04-01,대여소별 이용정보 22.4.csv
강서구,개화1팀,1165. 마곡중학교 후문,1260,2022-04-01,대여소별 이용정보 22.4.csv
동작구,영남2팀,2085.강남중학교 앞,1262,2022-04-01,대여소별 이용정보 22.4.csv
광진구,중랑1팀,515. 광양중학교 앞,1262,2022-04-01,대여소별 이용정보 22.4.csv
광진구,중랑1팀,3882. 자양2동 주민센터,1262,2022-04-01,대여소별 이용정보 22.4.csv
강북구,도봉4팀,1560. 도봉세무서 앞,1263,2022-04-01,대여소별 이용정보 22.4.csv
노원구,도봉1팀,1666. 노원소방서인근,1264,2022-04-01,대여소별 이용정보 22.4.csv
강동구,천호1팀,1072.고덕역 5번출구,1266,2022-04-01,대여소별 이용정보 22.4.csv
성동구,중랑2팀,3545.한양대역 1번출구,1266,2022-04-01,대여소별 이용정보 22.4.csv
송파구,천호2팀,4478. 문정근린공원2,1267,2022-04-01,대여소별 이용정보 22.4.csv
동대문구,훈련원3팀,673.안암골벽산아파트(후문),1267,2022-04-01,대여소별 이용정보 22.4.csv
서초구,이수3팀,2266. 서초역 3번출구,1268,2022-04-01,대여소별 이용정보 22.4.csv
구로구,천왕2팀,1960. 구로거리공원 동측(신도림역 방면),1269,2022-04-01,대여소별 이용정보 22.4.csv
강남구,학여울1팀,2369. KT선릉타워,1270,2022-04-01,대여소별 이용정보 22.4.csv
강남구,학여울1팀,2429.압구정로데오역 6번출구,1270,2022-04-01,대여소별 이용정보 22.4.csv
영등포구,영남3팀,254. 도림신협 앞,1270,2022-04-01,대여소별 이용정보 22.4.csv
강동구,천호1팀,1074.대명초교입구 사거리,1272,2022-04-01,대여소별 이용정보 22.4.csv
중구,세종로 4팀,485.서울역5번출구,1272,2022-04-01,대여소별 이용정보 22.4.csv
중랑구,중랑3팀,4820. 망우역 2번 출구,1272,2022-04-01,대여소별 이용정보 22.4.csv
양천구,개화2팀,732. 신월중학교,1273,2022-04-01,대여소별 이용정보 22.4.csv
은평구,상암3팀,949. 연신내역 1번 출구,1275,2022-04-01,대여소별 이용정보 22.4.csv
노원구,도봉1팀,4005. 중계2차 한화꿈에그린 101동 인근,1277,2022-04-01,대여소별 이용정보 22.4.csv
성동구,중랑2팀,4373. 서울숲 지식산업센터,1277,2022-04-01,대여소별 이용정보 22.4.csv
서초구,이수3팀,2213. 고속터미널역 5번출구 앞,1279,2022-04-01,대여소별 이용정보 22.4.csv
양천구,개화4팀,709. 신정3동 현장민원실 앞,1281,2022-04-01,대여소별 이용정보 22.4.csv
용산구,세종로 4팀,820. 청파동입구 교차로,1283,2022-04-01,대여소별 이용정보 22.4.csv
서초구,이수3팀,2531.멤피스아파트 앞,1283,2022-04-01,대여소별 이용정보 22.4.csv
용산구,세종로 4팀,800. 목월공원 앞,1283,2022-04-01,대여소별 이용정보 22.4.csv
양천구,개화3팀,752. 성원2차 아파트,1285,2022-04-01,대여소별 이용정보 22.4.csv
강남구,학여울1팀,2418.봉은사역 7번 출구,1285,2022-04-01,대여소별 이용정보 22.4.csv
도봉구,도봉3팀,1733. 방학사거리 (봄마당 앞),1287,2022-04-01,대여소별 이용정보 22.4.csv
용산구,세종로3팀,4629. 한강초교보도육교 앞,1287,2022-04-01,대여소별 이용정보 22.4.csv
종로구,세종로2팀,335. 종로3가역 15번출구 앞,1288,2022-04-01,대여소별 이용정보 22.4.csv
구로구,천왕2팀,1913. 구로리공원,1291,2022-04-01,대여소별 이용정보 22.4.csv
양천구,개화3팀,775.세종그랑시아 앞(102동),1291,2022-04-01,대여소별 이용정보 22.4.csv
중구,세종로 4팀,379. 서울역9번출구,1292,2022-04-01,대여소별 이용정보 22.4.csv
영등포구,영남3팀,4567. 한림대학교 강남성심병원 신관,1293,2022-04-01,대여소별 이용정보 22.4.csv
노원구,도봉1팀,1627. 수락산역 4번출구,1293,2022-04-01,대여소별 이용정보 22.4.csv
중랑구,중랑3팀,1470.중화동 우리은행 앞,1294,2022-04-01,대여소별 이용정보 22.4.csv
강동구,천호1팀,1080.엘웨딩,1295,2022-04-01,대여소별 이용정보 22.4.csv
구로구,천왕2팀,2823.중앙유통단지 앞,1295,2022-04-01,대여소별 이용정보 22.4.csv
도봉구,도봉3팀,1726. 삼익세라믹아파트교차로,1296,2022-04-01,대여소별 이용정보 22.4.csv
용산구,세종로 4팀,828. 숙대입구역 8번,1296,2022-04-01,대여소별 이용정보 22.4.csv
동대문구,훈련원4팀,617. 청솔우성아파트 앞,1296,2022-04-01,대여소별 이용정보 22.4.csv
영등포구,영남1팀,4556. 리버뷰신안인스빌1차 후문,1296,2022-04-01,대여소별 이용정보 22.4.csv
중구,세종로2팀,3013.서울지방고용노동청 앞,1299,2022-04-01,대여소별 이용정보 22.4.csv
양천구,개화3팀,774.등촌역 4번 출구,1301,2022-04-01,대여소별 이용정보 22.4.csv
구로구,천왕1팀,1928. 고척스카이돔구장 광장,1304,2022-04-01,대여소별 이용정보 22.4.csv
강서구,개화3팀,2709.강변아파트 310동 앞,1307,2022-04-01,대여소별 이용정보 22.4.csv
종로구,훈련원1팀,338. 세운스퀘어 앞,1309,2022-04-01,대여소별 이용정보 22.4.csv
중랑구,중랑3팀,1473.중랑역 1번 출구(중화문화복지센터),1310,2022-04-01,대여소별 이용정보 22.4.csv
마포구,상암1팀,4226. 마포프레스티지자이 1,1311,2022-04-01,대여소별 이용정보 22.4.csv
강동구,천호1팀,1036. 고덕동 주양쇼핑,1311,2022-04-01,대여소별 이용정보 22.4.csv
서초구,이수1팀,2202.청계산입구역 1번출구,1311,2022-04-01,대여소별 이용정보 22.4.csv
종로구,세종로2팀,3408.종로타워빌딩,1314,2022-04-01,대여소별 이용정보 22.4.csv
양천구,개화4팀,736. 오솔길공원,1314,2022-04-01,대여소별 이용정보 22.4.csv
중구,세종로1팀,300. 정동사거리,1315,2022-04-01,대여소별 이용정보 22.4.csv
성북구,훈련원2팀,1382.래미안월곡아파트 입구,1316,2022-04-01,대여소별 이용정보 22.4.csv
강남구,학여울1팀,2317. 삼성도로공원,1317,2022-04-01,대여소별 이용정보 22.4.csv
영등포구,영남3팀,289. 대림3동사거리,1317,2022-04-01,대여소별 이용정보 22.4.csv
강서구,개화2팀,1186. 송정중학교,1317,2022-04-01,대여소별 이용정보 22.4.csv
동대문구,훈련원4팀,610. 동대문중 교차로,1318,2022-04-01,대여소별 이용정보 22.4.csv
은평구,상암2팀,958. 본 서부병원 버스정류장(은평 세무서 방면),1319,2022-04-01,대여소별 이용정보 22.4.csv
용산구,세종로3팀,817. 삼각지역 4번출구 앞,1319,2022-04-01,대여소별 이용정보 22.4.csv
서대문구,상암2팀,3103. 홍제삼거리 북측,1320,2022-04-01,대여소별 이용정보 22.4.csv
중랑구,중랑3팀,1437. 늘푸른공원 앞,1321,2022-04-01,대여소별 이용정보 22.4.csv
중랑구,중랑3팀,"4809. 동성1,2차 아파트 앞",1322,2022-04-01,대여소별 이용정보 22.4.csv
은평구,상암3팀,932. 예일여중,1323,2022-04-01,대여소별 이용정보 22.4.csv
관악구,영남2팀,2187. 현대시장사거리,1323,2022-04-01,대여소별 이용정보 22.4.csv
동작구,이수2팀,2033. 사당동 아르테스 웨딩앞,1323,2022-04-01,대여소별 이용정보 22.4.csv
영등포구,영남3팀,281. 신동아아파트 앞,1324,2022-04-01,대여소별 이용정보 22.4.csv
은평구,상암2팀,985. 은평세무서 버스정류장(은평구청 방면),1324,2022-04-01,대여소별 이용정보 22.4.csv
중랑구,중랑3팀,1407. 먹골역 1번출구 뒤,1324,2022-04-01,대여소별 이용정보 22.4.csv
영등포구,영남3팀,4566. 대림성원상떼빌아파트,1325,2022-04-01,대여소별 이용정보 22.4.csv
중랑구,중랑3팀,1428. 원묵고등학교,1327,2022-04-01,대여소별 이용정보 22.4.csv
동작구,영남2팀,4171. 우성아파트 앞,1328,2022-04-01,대여소별 이용정보 22.4.csv
서초구,이수3팀,2523.뉴코아 킴스클럽 앞,1330,2022-04-01,대여소별 이용정보 22.4.csv
영등포구,영남3팀,223. 진주아파트상가 앞,1331,2022-04-01,대여소별 이용정보 22.4.csv
성동구,중랑2팀,4367. kt 행당빌딩 앞,1331,2022-04-01,대여소별 이용정보 22.4.csv
동대문구,훈련원4팀,622. 전농사거리 교통섬,1332,2022-04-01,대여소별 이용정보 22.4.csv
서초구,이수3팀,2504. 신사역 4번출구 뒤,1332,2022-04-01,대여소별 이용정보 22.4.csv
강서구,개화2팀,2711.가로공원공영주차장 1번 출구,1334,2022-04-01,대여소별 이용정보 22.4.csv
노원구,도봉2팀,1681. 현대6차 아파트,1334,2022-04-01,대여소별 이용정보 22.4.csv
강북구,도봉4팀,"1533. 번동 주공3, 4단지 교차로",1335,2022-04-01,대여소별 이용정보 22.4.csv
마포구,상암1팀,199. 서울 월드컵 경기장,1336,2022-04-01,대여소별 이용정보 22.4.csv
관악구,이수2팀,2112. 서울대입구역 마에스트로,1336,2022-04-01,대여소별 이용정보 22.4.csv
도봉구,도봉3팀,1709. 쌍문역4번출구 주변,1336,2022-04-01,대여소별 이용정보 22.4.csv
노원구,도봉2팀,2901.공릉동풍림아파트 101동,1337,2022-04-01,대여소별 이용정보 22.4.csv
송파구,학여울2팀,1247. 문정 법조단지11,1339,2022-04-01,대여소별 이용정보 22.4.csv
강남구,학여울1팀,2308. 압구정파출소 앞,1339,2022-04-01,대여소별 이용정보 22.4.csv
구로구,천왕1팀,1937. 한진아파트 입구,1340,2022-04-01,대여소별 이용정보 22.4.csv
송파구,천호2팀,4872. 개롱역 3번 출구 뒤,1341,2022-04-01,대여소별 이용정보 22.4.csv
강서구,개화2팀,5057. 마곡역4번출구,1341,2022-04-01,대여소별 이용정보 22.4.csv
종로구,훈련원1팀,3414.종로5가역 4번출구,1344,2022-04-01,대여소별 이용정보 22.4.csv
관악구,영남2팀,2105. 미성동 신림체육센터,1344,2022-04-01,대여소별 이용정보 22.4.csv
성동구,중랑2팀,562. 군자지하보도 앞,1345,2022-04-01,대여소별 이용정보 22.4.csv
중랑구,중랑3팀,1402. 금란주차장 앞,1345,2022-04-01,대여소별 이용정보 22.4.csv
구로구,천왕2팀,1907. 구일우성(아) 육교 밑,1348,2022-04-01,대여소별 이용정보 22.4.csv
송파구,학여울2팀,1233. 잠실3거리(갤러리아팰리스),1349,2022-04-01,대여소별 이용정보 22.4.csv
영등포구,영남3팀,3219.영등포역 1번출구,1350,2022-04-01,대여소별 이용정보 22.4.csv
용산구,세종로3팀,809. 한남 유수지 복개주차장,1351,2022-04-01,대여소별 이용정보 22.4.csv
강남구,학여울1팀,2324. 천주교 대치 2동 교회 옆,1352,2022-04-01,대여소별 이용정보 22.4.csv
송파구,학여울2팀,4894. 문정법조단지13,1352,2022-04-01,대여소별 이용정보 22.4.csv
송파구,학여울2팀,1257. 가락시장역 사거리,1353,2022-04-01,대여소별 이용정보 22.4.csv
종로구,훈련원1팀,3417.창신3동주민센터,1353,2022-04-01,대여소별 이용정보 22.4.csv
마포구,상암1팀,437. 대흥역 1번출구,1354,2022-04-01,대여소별 이용정보 22.4.csv
동작구,이수2팀,2090.기아자동차 사당점 앞,1356,2022-04-01,대여소별 이용정보 22.4.csv
영등포구,영남3팀,242. 신길선원가와인아파트 앞,1356,2022-04-01,대여소별 이용정보 22.4.csv
송파구,천호2팀,2656.풍납동 아이파크 107동 앞,1358,2022-04-01,대여소별 이용정보 22.4.csv
서대문구,상암2팀,3102. 연희삼거리,1358,2022-04-01,대여소별 이용정보 22.4.csv
구로구,천왕2팀,1983. 구로동롯데아파트,1359,2022-04-01,대여소별 이용정보 22.4.csv
종로구,훈련원1팀,456. 숭인2동 주민센터 입구,1360,2022-04-01,대여소별 이용정보 22.4.csv
송파구,학여울2팀,4869. 잠실나들목6,1361,2022-04-01,대여소별 이용정보 22.4.csv
강서구,개화1팀,3783. 마곡금호어울림아파트,1365,2022-04-01,대여소별 이용정보 22.4.csv
구로구,천왕2팀,3907. 신도림7차e편한세상아파트 806동 앞,1365,2022-04-01,대여소별 이용정보 22.4.csv
용산구,세종로 4팀,836. 현대자동차서비스 앞,1367,2022-04-01,대여소별 이용정보 22.4.csv
강북구,도봉4팀,1506. 강북문화예술회관,1368,2022-04-01,대여소별 이용정보 22.4.csv
노원구,도봉2팀,1642. 서울여대 남문,1369,2022-04-01,대여소별 이용정보 22.4.csv
종로구,세종로1팀,307. 서울역사박물관 앞,1370,2022-04-01,대여소별 이용정보 22.4.csv
서대문구,상암2팀,4264. 홍남교 버스정류장,1370,2022-04-01,대여소별 이용정보 22.4.csv
마포구,상암1팀,400. 상암한화오벨리스크 1차 앞,1371,2022-04-01,대여소별 이용정보 22.4.csv
구로구,천왕1팀,1931. 개봉역2번출구 A,1372,2022-04-01,대여소별 이용정보 22.4.csv
용산구,세종로 4팀,807. 서울역 12번 출구 앞,1373,2022-04-01,대여소별 이용정보 22.4.csv
노원구,도봉1팀,2911.상계역중앙시장,1375,2022-04-01,대여소별 이용정보 22.4.csv
종로구,훈련원1팀,455. 종로6가역 버스정류장(동대문 방향),1375,2022-04-01,대여소별 이용정보 22.4.csv
동대문구,훈련원3팀,4117. 휘경119안전센터 앞,1378,2022-04-01,대여소별 이용정보 22.4.csv
서초구,이수3팀,2540.반포천 앞,1380,2022-04-01,대여소별 이용정보 22.4.csv
용산구,세종로3팀,813. 삼각지역 3번출구,1382,2022-04-01,대여소별 이용정보 22.4.csv
은평구,상암2팀,4674. 녹번역e편한세상 캐슬 정문 앞,1383,2022-04-01,대여소별 이용정보 22.4.csv
구로구,천왕1팀,2821.청구아파트 앞,1385,2022-04-01,대여소별 이용정보 22.4.csv
중랑구,중랑3팀,4804. 동서울농협 앞,1386,2022-04-01,대여소별 이용정보 22.4.csv
영등포구,영남3팀,298.KBS 연구동 건너편,1386,2022-04-01,대여소별 이용정보 22.4.csv
노원구,도봉1팀,1697.상계주공2단지 219동,1386,2022-04-01,대여소별 이용정보 22.4.csv
서대문구,상암1팀,134. 연세로 명물길,1387,2022-04-01,대여소별 이용정보 22.4.csv
마포구,상암1팀,495.염리초등학교 앞,1387,2022-04-01,대여소별 이용정보 22.4.csv
강서구,개화2팀,2745.수명초등학교,1389,2022-04-01,대여소별 이용정보 22.4.csv
영등포구,영남1팀,239. 유스호스텔 앞,1391,2022-04-01,대여소별 이용정보 22.4.csv
동대문구,훈련원4팀,639. 서울시립대 후문,1391,2022-04-01,대여소별 이용정보 22.4.csv
영등포구,영남3팀,292. 영일 어린이공원,1392,2022-04-01,대여소별 이용정보 22.4.csv
동작구,이수2팀,2037. 동작역 5번출구 동작주차공원,1394,2022-04-01,대여소별 이용정보 22.4.csv
은평구,상암2팀,4652. 신사두산위브2차아파트 앞,1394,2022-04-01,대여소별 이용정보 22.4.csv
강서구,개화3팀,1136. 등촌2파출소,1395,2022-04-01,대여소별 이용정보 22.4.csv
중랑구,중랑3팀,1413. 봉화산역 5번출구 뒤,1395,2022-04-01,대여소별 이용정보 22.4.csv
강동구,천호1팀,"1051. 강일중,선사고 버스정류장(신암중학교 방면)",1398,2022-04-01,대여소별 이용정보 22.4.csv
은평구,상암3팀,962. 은평뉴타운 힐데스하임,1398,2022-04-01,대여소별 이용정보 22.4.csv
성북구,훈련원2팀,1305. 성북구청,1398,2022-04-01,대여소별 이용정보 22.4.csv
관악구,영남2팀,2170. 조원동서울본병원,1399,2022-04-01,대여소별 이용정보 22.4.csv
종로구,세종로1팀,309. 광화문역 6번출구 옆 B,1399,2022-04-01,대여소별 이용정보 22.4.csv
동작구,영남2팀,4175. 대방역2번출구,1402,2022-04-01,대여소별 이용정보 22.4.csv
중구,훈련원1팀,389. 을지로4가역 1번출구,1402,2022-04-01,대여소별 이용정보 22.4.csv
종로구,훈련원1팀,358. 성대입구 사거리,1403,2022-04-01,대여소별 이용정보 22.4.csv
성북구,훈련원2팀,1375. 생명의 전화 종합복지관 앞 교차로,1403,2022-04-01,대여소별 이용정보 22.4.csv
강서구,개화1팀,1194. 센서텍㈜,1403,2022-04-01,대여소별 이용정보 22.4.csv
송파구,천호2팀,4867. 가락대림아파트 앞,1406,2022-04-01,대여소별 이용정보 22.4.csv
강서구,개화3팀,2742.강서구민올림픽체육센터,1406,2022-04-01,대여소별 이용정보 22.4.csv
영등포구,영남1팀,3206.문래동 주민센터,1407,2022-04-01,대여소별 이용정보 22.4.csv
영등포구,영남3팀,286. 우성아파트 교차로,1408,2022-04-01,대여소별 이용정보 22.4.csv
도봉구,도봉3팀,4062. 평화도봉공원 주변,1410,2022-04-01,대여소별 이용정보 22.4.csv
노원구,도봉1팀,1682. 중계종합사회복지관 교차로,1410,2022-04-01,대여소별 이용정보 22.4.csv
송파구,천호2팀,1288. 문정중교 사거리,1413,2022-04-01,대여소별 이용정보 22.4.csv
강동구,천호1팀,3683. KT&G강동지사,1415,2022-04-01,대여소별 이용정보 22.4.csv
마포구,상암1팀,185. 마포 신수공원 앞,1417,2022-04-01,대여소별 이용정보 22.4.csv
마포구,상암1팀,126. 서강대 후문 옆,1417,2022-04-01,대여소별 이용정보 22.4.csv
강서구,개화2팀,5055. 마곡역5번출구앞,1418,2022-04-01,대여소별 이용정보 22.4.csv
중구,세종로2팀,4791. 명동역9번 출구,1420,2022-04-01,대여소별 이용정보 22.4.csv
동대문구,훈련원3팀,4113. 한국국방연구원 앞,1420,2022-04-01,대여소별 이용정보 22.4.csv
동대문구,훈련원3팀,637. KAIST 경영대학 앞,1420,2022-04-01,대여소별 이용정보 22.4.csv
용산구,세종로 4팀,846. 용산중학교,1420,2022-04-01,대여소별 이용정보 22.4.csv
동대문구,훈련원3팀,4102. 휘경1동주민센터 앞,1421,2022-04-01,대여소별 이용정보 22.4.csv
노원구,도봉2팀,4016. 노원 마들스타디움,1422,2022-04-01,대여소별 이용정보 22.4.csv
서초구,이수1팀,4317. 양재근린공원,1424,2022-04-01,대여소별 이용정보 22.4.csv
성동구,중랑2팀,4362. 행당중학교 후문,1424,2022-04-01,대여소별 이용정보 22.4.csv
서대문구,상암2팀,3101. 서대문구청,1425,2022-04-01,대여소별 이용정보 22.4.csv
은평구,상암2팀,917. 녹번역 3번출구,1426,2022-04-01,대여소별 이용정보 22.4.csv
성동구,중랑2팀,579. 마장역 4번출구,1426,2022-04-01,대여소별 이용정보 22.4.csv
강북구,도봉4팀,1548. 북서울 꿈의숲 서문,1428,2022-04-01,대여소별 이용정보 22.4.csv
마포구,상암1팀,427. 성산시영아파트,1429,2022-04-01,대여소별 이용정보 22.4.csv
금천구,천왕2팀,1848. 벽산 디지털밸리 5차,1429,2022-04-01,대여소별 이용정보 22.4.csv
영등포구,영남1팀,288. 쌍용예가(구청별관),1431,2022-04-01,대여소별 이용정보 22.4.csv
강서구,개화1팀,1108. 공항시장역 2번출구 뒤,1432,2022-04-01,대여소별 이용정보 22.4.csv
노원구,도봉1팀,1620. 중계동 노원구민체육센터 옆(중1-2),1435,2022-04-01,대여소별 이용정보 22.4.csv
서대문구,상암1팀,4267. 서대문역 2번 출구,1435,2022-04-01,대여소별 이용정보 22.4.csv
관악구,이수2팀,2119. 중앙동 동진빌딩,1436,2022-04-01,대여소별 이용정보 22.4.csv
중구,세종로2팀,320. 을지로입구역 4번출구 앞,1439,2022-04-01,대여소별 이용정보 22.4.csv
종로구,세종로2팀,354. 포르투갈 대사관 앞,1439,2022-04-01,대여소별 이용정보 22.4.csv
양천구,개화4팀,4510. 신정네거리역 교차로,1440,2022-04-01,대여소별 이용정보 22.4.csv
중구,훈련원1팀,390. 충무로역 1번출구,1440,2022-04-01,대여소별 이용정보 22.4.csv
종로구,세종로2팀,454. 종로2가 버스정류장 (종각방향),1440,2022-04-01,대여소별 이용정보 22.4.csv
중랑구,중랑3팀,1444. 면목4치안센터,1441,2022-04-01,대여소별 이용정보 22.4.csv
성북구,훈련원2팀,1322. 래미안라센트아파트 103동 앞,1443,2022-04-01,대여소별 이용정보 22.4.csv
성동구,중랑2팀,586. 마장동 주민센터,1443,2022-04-01,대여소별 이용정보 22.4.csv
강서구,개화2팀,1168. 마곡엠밸리10단지 앞,1443,2022-04-01,대여소별 이용정보 22.4.csv
구로구,천왕1팀,1953. 천왕역 4번출구 뒤,1444,2022-04-01,대여소별 이용정보 22.4.csv
노원구,도봉2팀,2904.중계3차청구아파트,1445,2022-04-01,대여소별 이용정보 22.4.csv
마포구,상암1팀,4210. 가좌행복주택 앞,1445,2022-04-01,대여소별 이용정보 22.4.csv
중랑구,중랑3팀,1461.동양엔파트 앞,1448,2022-04-01,대여소별 이용정보 22.4.csv
노원구,도봉2팀,4025. 한천교 동편,1448,2022-04-01,대여소별 이용정보 22.4.csv
중랑구,중랑3팀,4812. 묵동 이마트 앞,1449,2022-04-01,대여소별 이용정보 22.4.csv
강동구,천호1팀,1027. 프라자 아파트 앞,1449,2022-04-01,대여소별 이용정보 22.4.csv
송파구,천호2팀,1228. 마천사거리,1451,2022-04-01,대여소별 이용정보 22.4.csv
관악구,이수2팀,2111. 서울대입구역 1번출구,1452,2022-04-01,대여소별 이용정보 22.4.csv
노원구,도봉1팀,4004. 당고개입구오거리 당현천변,1453,2022-04-01,대여소별 이용정보 22.4.csv
구로구,천왕2팀,1962. 가리봉동주민센터,1456,2022-04-01,대여소별 이용정보 22.4.csv
중구,훈련원1팀,346. 맥스타일 앞,1457,2022-04-01,대여소별 이용정보 22.4.csv
강동구,천호1팀,3687. 신명초교입구 교차로,1458,2022-04-01,대여소별 이용정보 22.4.csv
마포구,상암1팀,145. 공덕역 5번출구,1458,2022-04-01,대여소별 이용정보 22.4.csv
송파구,천호2팀,4496. 잠실 파크리오 120동 앞,1460,2022-04-01,대여소별 이용정보 22.4.csv
강북구,도봉4팀,1557.신창교,1460,2022-04-01,대여소별 이용정보 22.4.csv
노원구,도봉2팀,1665. 양지근린공원앞,1461,2022-04-01,대여소별 이용정보 22.4.csv
광진구,중랑1팀,3528. 광진정보도서관,1462,2022-04-01,대여소별 이용정보 22.4.csv
용산구,세종로 4팀,805. 문배어린이공원 앞,1466,2022-04-01,대여소별 이용정보 22.4.csv
서초구,이수3팀,2538.사평리 공원,1468,2022-04-01,대여소별 이용정보 22.4.csv
용산구,세종로 4팀,835. 남영역 건너편,1469,2022-04-01,대여소별 이용정보 22.4.csv
영등포구,영남3팀,3220.래미안에스티움 앞 (신풍로),1470,2022-04-01,대여소별 이용정보 22.4.csv
강서구,개화1팀,3754. 신방화역 8번출구,1470,2022-04-01,대여소별 이용정보 22.4.csv
노원구,도봉2팀,2917.신창중학교 후문 맞은편 버스정류장,1472,2022-04-01,대여소별 이용정보 22.4.csv
도봉구,도봉3팀,1765.쌍문역 1번 출구(양산부인과 빌딩),1472,2022-04-01,대여소별 이용정보 22.4.csv
강남구,이수3팀,2362. 신사동 가로수길 입구,1473,2022-04-01,대여소별 이용정보 22.4.csv
강서구,개화1팀,3762. 마곡9단지 907동앞,1474,2022-04-01,대여소별 이용정보 22.4.csv
광진구,중랑1팀,553. 중곡 성원아파트 앞,1474,2022-04-01,대여소별 이용정보 22.4.csv
관악구,영남2팀,2179. 양녕로 입구,1475,2022-04-01,대여소별 이용정보 22.4.csv
송파구,학여울2팀,2658.가락몰 업무동,1481,2022-04-01,대여소별 이용정보 22.4.csv
동대문구,훈련원3팀,633. 청량리 기업은행 앞,1484,2022-04-01,대여소별 이용정보 22.4.csv
강남구,이수3팀,3606. 신사동주민센터 옆,1485,2022-04-01,대여소별 이용정보 22.4.csv
종로구,훈련원1팀,4711. 올림픽기념 국민생활관 로터리,1486,2022-04-01,대여소별 이용정보 22.4.csv
관악구,영남2팀,3814. 난곡사거리,1486,2022-04-01,대여소별 이용정보 22.4.csv
송파구,학여울2팀,4884. H비즈니스파크,1487,2022-04-01,대여소별 이용정보 22.4.csv
노원구,도봉1팀,1639. 희성오피앙,1488,2022-04-01,대여소별 이용정보 22.4.csv
광진구,중랑1팀,3529. 어린이대공원정문,1489,2022-04-01,대여소별 이용정보 22.4.csv
종로구,세종로2팀,353. 재동초교 앞 삼거리,1490,2022-04-01,대여소별 이용정보 22.4.csv
은평구,상암2팀,984.상신초등학교앞 버스정류장,1490,2022-04-01,대여소별 이용정보 22.4.csv
마포구,상암1팀,440. 하늘공원 입구,1491,2022-04-01,대여소별 이용정보 22.4.csv
종로구,세종로1팀,367. 독립문역 3-1번출구,1492,2022-04-01,대여소별 이용정보 22.4.csv
성동구,중랑2팀,519. 양지사거리,1494,2022-04-01,대여소별 이용정보 22.4.csv
중랑구,중랑3팀,1440. 면목2동 사거리,1495,2022-04-01,대여소별 이용정보 22.4.csv
종로구,세종로1팀,461. 서울지방경찰청,1495,2022-04-01,대여소별 이용정보 22.4.csv
종로구,세종로2팀,4708. 조계사앞사거리,1495,2022-04-01,대여소별 이용정보 22.4.csv
양천구,개화2팀,739. 신월사거리,1496,2022-04-01,대여소별 이용정보 22.4.csv
강남구,학여울1팀,2431.대치역 7번출구,1497,2022-04-01,대여소별 이용정보 22.4.csv
도봉구,도봉3팀,1707. 도봉구민회관,1501,2022-04-01,대여소별 이용정보 22.4.csv
노원구,도봉1팀,1691. 노원정보도서관,1501,2022-04-01,대여소별 이용정보 22.4.csv
성동구,중랑2팀,4383. 푸조비즈타워 앞,1501,2022-04-01,대여소별 이용정보 22.4.csv
노원구,도봉1팀,4018. 상계주공15단지 버스정류소,1501,2022-04-01,대여소별 이용정보 22.4.csv
양천구,영남1팀,4532. 목동현대아파트 후문 앞,1502,2022-04-01,대여소별 이용정보 22.4.csv
구로구,천왕1팀,1966. 한마을아파트 정문상가,1502,2022-04-01,대여소별 이용정보 22.4.csv
노원구,도봉1팀,4026. 상계주공1단지아파트,1505,2022-04-01,대여소별 이용정보 22.4.csv
송파구,천호2팀,1229. 송파체육문화회관 앞,1506,2022-04-01,대여소별 이용정보 22.4.csv
강서구,개화1팀,2725.서울식물원 식물문화센터,1507,2022-04-01,대여소별 이용정보 22.4.csv
송파구,학여울2팀,1286. 위례중앙푸르지오 1단지 앞,1507,2022-04-01,대여소별 이용정보 22.4.csv
양천구,천왕1팀,763. 목동11단지 아파트,1507,2022-04-01,대여소별 이용정보 22.4.csv
종로구,훈련원1팀,3420. 성균관대입구사거리,1508,2022-04-01,대여소별 이용정보 22.4.csv
양천구,개화4팀,4522. 신곡시장,1508,2022-04-01,대여소별 이용정보 22.4.csv
서초구,이수1팀,2294. 두상빌딩 앞,1510,2022-04-01,대여소별 이용정보 22.4.csv
구로구,천왕2팀,1957. 구일고등학교 정문,1511,2022-04-01,대여소별 이용정보 22.4.csv
중랑구,중랑3팀,1411. 상봉시장앞 교차로 한성빌딩 앞,1511,2022-04-01,대여소별 이용정보 22.4.csv
용산구,세종로3팀,849. 삼각지 자이아파트,1513,2022-04-01,대여소별 이용정보 22.4.csv
송파구,학여울2팀,4460. 올림픽훼미리아파트 112동 앞,1517,2022-04-01,대여소별 이용정보 22.4.csv
종로구,세종로2팀,464. 삼청동 골목,1518,2022-04-01,대여소별 이용정보 22.4.csv
중랑구,중랑3팀,1403. 중화빌딩 앞 (동부시장),1518,2022-04-01,대여소별 이용정보 22.4.csv
종로구,훈련원1팀,345. 서울보증보험본사 앞,1521,2022-04-01,대여소별 이용정보 22.4.csv
영등포구,영남3팀,3214.영등포 푸르지오,1522,2022-04-01,대여소별 이용정보 22.4.csv
종로구,훈련원1팀,453. 종로오가 지하쇼핑센터 14번출구,1523,2022-04-01,대여소별 이용정보 22.4.csv
마포구,상암1팀,105. 합정역 5번출구 앞,1524,2022-04-01,대여소별 이용정보 22.4.csv
양천구,개화4팀,711. 신일해피트리아파트 앞,1526,2022-04-01,대여소별 이용정보 22.4.csv
은평구,상암3팀,961. 불광역 9번 출구,1527,2022-04-01,대여소별 이용정보 22.4.csv
은평구,상암3팀,916. 평생학습관 앞,1529,2022-04-01,대여소별 이용정보 22.4.csv
노원구,도봉1팀,4019. 상계주공10단지 버스정류소,1529,2022-04-01,대여소별 이용정보 22.4.csv
서대문구,상암2팀,4255. 래미안 루센티아 아파트 108동 앞,1532,2022-04-01,대여소별 이용정보 22.4.csv
송파구,학여울2팀,4852. 서울복합물류 게이트 1,1533,2022-04-01,대여소별 이용정보 22.4.csv
노원구,도봉2팀,1606. 태릉입구역 3번출구,1533,2022-04-01,대여소별 이용정보 22.4.csv
양천구,개화3팀,742. 등촌역 5번 출구 뒤,1533,2022-04-01,대여소별 이용정보 22.4.csv
송파구,천호2팀,4891. 위례포레샤인17단지 위례대로 방면,1533,2022-04-01,대여소별 이용정보 22.4.csv
노원구,도봉2팀,1685. 불암고등학교 앞 횡단보도,1535,2022-04-01,대여소별 이용정보 22.4.csv
송파구,학여울2팀,1296. 석촌호수교차로 (송파나루근린공원 앞),1535,2022-04-01,대여소별 이용정보 22.4.csv
송파구,천호2팀,2642.마천동 성내천 쉼터,1538,2022-04-01,대여소별 이용정보 22.4.csv
강서구,개화1팀,3775. 가양오토갤러리,1538,2022-04-01,대여소별 이용정보 22.4.csv
도봉구,도봉3팀,1744.KT방학지사 앞,1539,2022-04-01,대여소별 이용정보 22.4.csv
동대문구,훈련원4팀,669.청계한신휴플러스앞 삼거리,1541,2022-04-01,대여소별 이용정보 22.4.csv
구로구,천왕1팀,1964. 원메디타운 앞,1541,2022-04-01,대여소별 이용정보 22.4.csv
양천구,개화4팀,758. 한사랑교회 앞,1542,2022-04-01,대여소별 이용정보 22.4.csv
서대문구,상암2팀,3120.DMC엘가아파트 앞,1542,2022-04-01,대여소별 이용정보 22.4.csv
광진구,중랑1팀,3587.우성식품 앞,1543,2022-04-01,대여소별 이용정보 22.4.csv
성북구,훈련원2팀,1333. 석관초등학교 앞,1543,2022-04-01,대여소별 이용정보 22.4.csv
광진구,중랑1팀,571. 어린이대공원역6번출구,1545,2022-04-01,대여소별 이용정보 22.4.csv
동작구,영남2팀,2016. 신대방삼거리역 3번출구쪽,1547,2022-04-01,대여소별 이용정보 22.4.csv
강북구,도봉4팀,1514. 강북구청 사거리 버스정류소 앞,1547,2022-04-01,대여소별 이용정보 22.4.csv
동대문구,훈련원4팀,624. 전농동 동아아파트 앞,1548,2022-04-01,대여소별 이용정보 22.4.csv
강남구,학여울1팀,2332. 선릉역3번출구,1550,2022-04-01,대여소별 이용정보 22.4.csv
동대문구,훈련원4팀,4108. 답십리파크자이아파트 앞,1551,2022-04-01,대여소별 이용정보 22.4.csv
서대문구,상암2팀,3128.동신병원 맞은편,1551,2022-04-01,대여소별 이용정보 22.4.csv
서대문구,상암2팀,165. 중앙근린공원,1553,2022-04-01,대여소별 이용정보 22.4.csv
종로구,세종로2팀,4713. 현대 뜨레비앙 아파트 앞,1553,2022-04-01,대여소별 이용정보 22.4.csv
강서구,개화1팀,3782. 겸재정선미술관,1555,2022-04-01,대여소별 이용정보 22.4.csv
용산구,세종로3팀,839. 보광동 삼성리버빌아파트 앞,1557,2022-04-01,대여소별 이용정보 22.4.csv
강서구,개화1팀,3758. 서울남부출입국관리소,1557,2022-04-01,대여소별 이용정보 22.4.csv
성북구,훈련원2팀,1318. 길음역 3번출구 뒤,1559,2022-04-01,대여소별 이용정보 22.4.csv
송파구,천호2팀,1277. 성내6교,1559,2022-04-01,대여소별 이용정보 22.4.csv
강서구,개화1팀,2710.라이품 공영주차장 앞,1559,2022-04-01,대여소별 이용정보 22.4.csv
동대문구,훈련원4팀,625. 답십리초등학교 앞(현대시장 옆),1564,2022-04-01,대여소별 이용정보 22.4.csv
용산구,세종로 4팀,819. 선린인터넷 고등학교,1565,2022-04-01,대여소별 이용정보 22.4.csv
중구,훈련원1팀,380. CJ제일제당 앞,1566,2022-04-01,대여소별 이용정보 22.4.csv
영등포구,영남1팀,3215.강변삼성래미안,1566,2022-04-01,대여소별 이용정보 22.4.csv
동작구,이수2팀,2077.노들역 3번출구,1567,2022-04-01,대여소별 이용정보 22.4.csv
마포구,상암1팀,143. 공덕역 2번출구,1567,2022-04-01,대여소별 이용정보 22.4.csv
도봉구,도봉3팀,1767.태양중앙교회 앞,1569,2022-04-01,대여소별 이용정보 22.4.csv
은평구,상암3팀,908. 구산역 4번출구,1570,2022-04-01,대여소별 이용정보 22.4.csv
강남구,학여울1팀,2413.도곡역 1번 출구,1571,2022-04-01,대여소별 이용정보 22.4.csv
양천구,개화3팀,749. 이대목동병원보도육교,1571,2022-04-01,대여소별 이용정보 22.4.csv
마포구,상암1팀,124. 서강대 정문 건너편,1572,2022-04-01,대여소별 이용정보 22.4.csv
강서구,개화1팀,2740.마곡레포츠센터,1574,2022-04-01,대여소별 이용정보 22.4.csv
노원구,도봉2팀,4011. 월계 센트럴 아이파크,1576,2022-04-01,대여소별 이용정보 22.4.csv
종로구,훈련원1팀,359. 원남동사거리,1577,2022-04-01,대여소별 이용정보 22.4.csv
금천구,천왕3팀,1830. 빅마켓 금천점 앞,1582,2022-04-01,대여소별 이용정보 22.4.csv
종로구,훈련원1팀,341. 혜화역 3번출구 뒤,1582,2022-04-01,대여소별 이용정보 22.4.csv
성북구,훈련원2팀,1396.래미안장위퍼스트하이(513동),1582,2022-04-01,대여소별 이용정보 22.4.csv
송파구,천호2팀,2604. 풍납토성 서성벽터A,1582,2022-04-01,대여소별 이용정보 22.4.csv
노원구,도봉1팀,4028. 한일유앤아이아파트 105동 인근,1590,2022-04-01,대여소별 이용정보 22.4.csv
송파구,천호1팀,1274. 영파여고 앞,1591,2022-04-01,대여소별 이용정보 22.4.csv
서초구,이수1팀,2244.교육개발원입구 교차로,1595,2022-04-01,대여소별 이용정보 22.4.csv
중랑구,중랑3팀,1478.홈플러스 상봉점 앞,1595,2022-04-01,대여소별 이용정보 22.4.csv
종로구,훈련원1팀,339. 종로4가 사거리,1596,2022-04-01,대여소별 이용정보 22.4.csv
영등포구,영남3팀,255. 도림사거리,1597,2022-04-01,대여소별 이용정보 22.4.csv
성북구,훈련원2팀,1338. 용문2교 옆,1599,2022-04-01,대여소별 이용정보 22.4.csv
관악구,영남2팀,2189. 봉천역 4번출구,1599,2022-04-01,대여소별 이용정보 22.4.csv
송파구,학여울2팀,1249. 아주중학교건너편,1601,2022-04-01,대여소별 이용정보 22.4.csv
동대문구,훈련원3팀,4104. 외대앞역 교차로,1605,2022-04-01,대여소별 이용정보 22.4.csv
중랑구,중랑3팀,1456. 상아빌딩(우림시장 교차로),1606,2022-04-01,대여소별 이용정보 22.4.csv
광진구,중랑1팀,3502. 중곡역 1번출구,1607,2022-04-01,대여소별 이용정보 22.4.csv
서대문구,상암2팀,3121.가좌삼거리,1607,2022-04-01,대여소별 이용정보 22.4.csv
중구,세종로2팀,433. 을지로입구역 2번출구,1608,2022-04-01,대여소별 이용정보 22.4.csv
송파구,천호2팀,1214. 오금역 7번 출구 인근,1608,2022-04-01,대여소별 이용정보 22.4.csv
구로구,천왕1팀,1987. 개봉아이파크아파트 앞,1608,2022-04-01,대여소별 이용정보 22.4.csv
영등포구,영남3팀,234. 영등포구민체육센터 앞,1608,2022-04-01,대여소별 이용정보 22.4.csv
강서구,개화1팀,3756. 마곡힐스테이트 정문,1610,2022-04-01,대여소별 이용정보 22.4.csv
강북구,도봉4팀,1565.대한병원앞,1614,2022-04-01,대여소별 이용정보 22.4.csv
구로구,천왕2팀,1908. 해원리바파크 육교 밑,1615,2022-04-01,대여소별 이용정보 22.4.csv
영등포구,영남1팀,3201.당산skv1센터,1615,2022-04-01,대여소별 이용정보 22.4.csv
강서구,개화1팀,5053. 신마곡벽산블루밍메트로오피스텔앞,1617,2022-04-01,대여소별 이용정보 22.4.csv
서초구,이수1팀,2276. 영동1교 (양재천근린공원),1617,2022-04-01,대여소별 이용정보 22.4.csv
광진구,중랑1팀,3507. 어린이회관,1617,2022-04-01,대여소별 이용정보 22.4.csv
은평구,상암2팀,4657. 본 서부병원 교차로 사거리,1618,2022-04-01,대여소별 이용정보 22.4.csv
영등포구,영남3팀,270. 증권거래소후문교차로,1618,2022-04-01,대여소별 이용정보 22.4.csv
성북구,훈련원2팀,1327. 상월곡역 3번출구,1619,2022-04-01,대여소별 이용정보 22.4.csv
강서구,개화3팀,1174. 강서구청사거리(부민병원),1620,2022-04-01,대여소별 이용정보 22.4.csv
노원구,도봉1팀,4031. 청암예술학교 앞,1620,2022-04-01,대여소별 이용정보 22.4.csv
용산구,세종로3팀,4619. 한강트럼프월드3차 앞,1620,2022-04-01,대여소별 이용정보 22.4.csv
강동구,천호1팀,1012. 서울 상운차량,1620,2022-04-01,대여소별 이용정보 22.4.csv
동대문구,훈련원4팀,627. 장안동삼거리 교통섬,1622,2022-04-01,대여소별 이용정보 22.4.csv
송파구,천호2팀,1265. 문정동 근린공원,1626,2022-04-01,대여소별 이용정보 22.4.csv
구로구,천왕2팀,1956. 동아1차APT105동 버스정류장(신도림중학교 방면),1628,2022-04-01,대여소별 이용정보 22.4.csv
중랑구,중랑3팀,1431. 중랑구청 사거리,1628,2022-04-01,대여소별 이용정보 22.4.csv
구로구,천왕2팀,1975. 대림역 1번 출입구 밑,1629,2022-04-01,대여소별 이용정보 22.4.csv
성북구,훈련원2팀,1385.성신여대입구역 3번출구 앞,1629,2022-04-01,대여소별 이용정보 22.4.csv
중랑구,중랑3팀,4819. 면목동 새싹어린이공원 앞,1630,2022-04-01,대여소별 이용정보 22.4.csv
성동구,중랑2팀,530. 청계벽산아파트 앞,1631,2022-04-01,대여소별 이용정보 22.4.csv
영등포구,영남1팀,4557. 리버뷰신안인스빌2차 후문,1632,2022-04-01,대여소별 이용정보 22.4.csv
강서구,개화1팀,5062. 마곡동 767-6,1634,2022-04-01,대여소별 이용정보 22.4.csv
강동구,천호1팀,1075.천동초교 삼거리,1634,2022-04-01,대여소별 이용정보 22.4.csv
서초구,이수1팀,2247.섬들근린공원,1635,2022-04-01,대여소별 이용정보 22.4.csv
중랑구,중랑3팀,1416. 상봉역 3번출구,1637,2022-04-01,대여소별 이용정보 22.4.csv
광진구,중랑1팀,3860. 건국대학교 정문 앞,1637,2022-04-01,대여소별 이용정보 22.4.csv
광진구,중랑1팀,516. 광진메디칼 앞,1638,2022-04-01,대여소별 이용정보 22.4.csv
강서구,개화2팀,1148. 볏골공원,1639,2022-04-01,대여소별 이용정보 22.4.csv
성북구,훈련원2팀,1372. KEB은행 고대점,1641,2022-04-01,대여소별 이용정보 22.4.csv
강서구,개화3팀,1170. 강서구보건소,1641,2022-04-01,대여소별 이용정보 22.4.csv
금천구,천왕3팀,1841. 가산동 주민센터,1642,2022-04-01,대여소별 이용정보 22.4.csv
강서구,개화2팀,2746.수명산파크 4단지 411동 앞,1643,2022-04-01,대여소별 이용정보 22.4.csv
중랑구,중랑3팀,1471.동양쇼핑 정류소 앞,1643,2022-04-01,대여소별 이용정보 22.4.csv
도봉구,도봉3팀,1705. 도봉구청 정문앞,1643,2022-04-01,대여소별 이용정보 22.4.csv
영등포구,영남1팀,231. 남부고용노동지청 남측,1644,2022-04-01,대여소별 이용정보 22.4.csv
관악구,영남2팀,2169. 봉천역 2번출구,1645,2022-04-01,대여소별 이용정보 22.4.csv
송파구,학여울2팀,4875. 위례포레샤인13단지,1645,2022-04-01,대여소별 이용정보 22.4.csv
송파구,학여울2팀,1206. 9호선종합운동장역 9번출구,1646,2022-04-01,대여소별 이용정보 22.4.csv
강동구,천호1팀,1081.트레빌빌딩,1647,2022-04-01,대여소별 이용정보 22.4.csv
강동구,천호1팀,1030. 미호 플랜트 앞,1647,2022-04-01,대여소별 이용정보 22.4.csv
동대문구,훈련원4팀,4114. 휘경여중고삼거리,1650,2022-04-01,대여소별 이용정보 22.4.csv
강남구,학여울2팀,2342. 대청역 1번출구 뒤,1651,2022-04-01,대여소별 이용정보 22.4.csv
중구,세종로 4팀,826. 서울역 서부교차로2,1655,2022-04-01,대여소별 이용정보 22.4.csv
강서구,개화2팀,1177. 수명중?고교,1659,2022-04-01,대여소별 이용정보 22.4.csv
종로구,세종로1팀,348. 독립문역 사거리,1659,2022-04-01,대여소별 이용정보 22.4.csv
동대문구,훈련원3팀,663. 외대앞역 4번출구,1660,2022-04-01,대여소별 이용정보 22.4.csv
도봉구,도봉3팀,4080. 창동주공19단지앞,1663,2022-04-01,대여소별 이용정보 22.4.csv
양천구,개화4팀,722. 경서농협 버스정류장(우리은행신정동지점방향),1664,2022-04-01,대여소별 이용정보 22.4.csv
구로구,천왕1팀,1933. 개봉푸르지오아파트 상가,1666,2022-04-01,대여소별 이용정보 22.4.csv
송파구,학여울2팀,2633.송파학사 옆,1668,2022-04-01,대여소별 이용정보 22.4.csv
강서구,개화4팀,2737.까치산역 3번 출구,1670,2022-04-01,대여소별 이용정보 22.4.csv
관악구,이수2팀,2104. 사당역 5번출구,1670,2022-04-01,대여소별 이용정보 22.4.csv
중구,훈련원1팀,4792. 퇴계로4가 교차로(중구청),1671,2022-04-01,대여소별 이용정보 22.4.csv
강서구,개화4팀,1146. 곰달래사거리,1672,2022-04-01,대여소별 이용정보 22.4.csv
강남구,이수3팀,2407. 역삼.서초.삼성 세무서 앞 (역삼빌딩 앞),1672,2022-04-01,대여소별 이용정보 22.4.csv
송파구,학여울2팀,4854. 가락시장역 2번 출구,1673,2022-04-01,대여소별 이용정보 22.4.csv
강동구,천호1팀,3684. 고덕자이(105동 앞),1674,2022-04-01,대여소별 이용정보 22.4.csv
노원구,도봉2팀,1640. 한내근린공원 북측,1676,2022-04-01,대여소별 이용정보 22.4.csv
강서구,개화1팀,2702. 마곡 엠밸리2단지,1680,2022-04-01,대여소별 이용정보 22.4.csv
강동구,천호1팀,3656. 둔촌푸르지오아파트,1681,2022-04-01,대여소별 이용정보 22.4.csv
송파구,천호2팀,2651.경찰병원역 3번출구 앞,1682,2022-04-01,대여소별 이용정보 22.4.csv
강동구,천호1팀,1028. 포레스 주상복합 빌딩,1684,2022-04-01,대여소별 이용정보 22.4.csv
성북구,훈련원2팀,1390.석관래미안아트리치,1686,2022-04-01,대여소별 이용정보 22.4.csv
송파구,학여울2팀,4491. 장지역 1번출구,1690,2022-04-01,대여소별 이용정보 22.4.csv
송파구,천호2팀,2644. 성내5교,1690,2022-04-01,대여소별 이용정보 22.4.csv
구로구,천왕2팀,3914. 신도림쌍용플래티넘노블아파트 앞,1691,2022-04-01,대여소별 이용정보 22.4.csv
강동구,천호1팀,1086.래미안 솔베뉴(구천면로),1691,2022-04-01,대여소별 이용정보 22.4.csv
강남구,이수3팀,2303. 논현역 10번출구,1692,2022-04-01,대여소별 이용정보 22.4.csv
송파구,천호2팀,1267. 올림픽공원 남2문 앞,1693,2022-04-01,대여소별 이용정보 22.4.csv
중구,세종로 4팀,445.대한상공회의소,1694,2022-04-01,대여소별 이용정보 22.4.csv
영등포구,영남1팀,266. 영등포청과시장 사거리,1695,2022-04-01,대여소별 이용정보 22.4.csv
구로구,천왕2팀,1959. 구로구의회 앞,1696,2022-04-01,대여소별 이용정보 22.4.csv
은평구,상암2팀,943. 은평구청 보건소,1699,2022-04-01,대여소별 이용정보 22.4.csv
강서구,개화3팀,1185. 등촌9단지,1702,2022-04-01,대여소별 이용정보 22.4.csv
강서구,개화3팀,5075. 등촌역 1번출구,1704,2022-04-01,대여소별 이용정보 22.4.csv
중랑구,중랑3팀,1446. 중랑전화국 교차로,1705,2022-04-01,대여소별 이용정보 22.4.csv
동대문구,훈련원4팀,657. 동대문롯데캐슬아파트 앞,1707,2022-04-01,대여소별 이용정보 22.4.csv
양천구,영남1팀,762. 오목로 무중력지대 앞,1707,2022-04-01,대여소별 이용정보 22.4.csv
강서구,개화2팀,1141. 곰달래 문화복지센터 1-1,1708,2022-04-01,대여소별 이용정보 22.4.csv
성동구,중랑2팀,557. 도선동 주민센터 앞,1709,2022-04-01,대여소별 이용정보 22.4.csv
강서구,개화2팀,2713.우장초등학교 앞,1711,2022-04-01,대여소별 이용정보 22.4.csv
동대문구,훈련원3팀,661. 경희대학교 청운관,1711,2022-04-01,대여소별 이용정보 22.4.csv
성북구,훈련원2팀,1319. 종암사거리 분수대,1712,2022-04-01,대여소별 이용정보 22.4.csv
구로구,천왕2팀,1974. 신도림2차e편한세상아파트 203동 앞,1712,2022-04-01,대여소별 이용정보 22.4.csv
강동구,천호1팀,1061. 천호초교 입구 사거리(일주빌딩),1715,2022-04-01,대여소별 이용정보 22.4.csv
강서구,개화3팀,1139. 용문사 버스정류장,1715,2022-04-01,대여소별 이용정보 22.4.csv
구로구,천왕2팀,1920. 서울미래초등학교 사거리,1718,2022-04-01,대여소별 이용정보 22.4.csv
종로구,세종로1팀,301. 경복궁역 7번출구 앞,1718,2022-04-01,대여소별 이용정보 22.4.csv
노원구,도봉1팀,1667. 중계중학교,1719,2022-04-01,대여소별 이용정보 22.4.csv
관악구,영남2팀,2175. 신림동걷고싶은문화의거리입구,1722,2022-04-01,대여소별 이용정보 22.4.csv
강동구,천호1팀,1059. 래미안 강동팰리스(102동),1722,2022-04-01,대여소별 이용정보 22.4.csv
성동구,중랑2팀,513. 뚝섬역 5번 출구 정류소 옆,1725,2022-04-01,대여소별 이용정보 22.4.csv
광진구,중랑1팀,3566.우성4차아파트,1725,2022-04-01,대여소별 이용정보 22.4.csv
용산구,세종로3팀,4633. 센트럴파크타워 앞,1725,2022-04-01,대여소별 이용정보 22.4.csv
강북구,도봉4팀,1535. 효성인텔리안 앞,1726,2022-04-01,대여소별 이용정보 22.4.csv
강서구,개화1팀,2735.마곡 공공청사,1727,2022-04-01,대여소별 이용정보 22.4.csv
성동구,중랑2팀,559. 왕십리역 4번 출구 건너편,1729,2022-04-01,대여소별 이용정보 22.4.csv
마포구,상암1팀,412. DMC산학협력연구센터 앞,1729,2022-04-01,대여소별 이용정보 22.4.csv
도봉구,도봉3팀,1708. 보건소사거리(다비치안경창동점),1731,2022-04-01,대여소별 이용정보 22.4.csv
강서구,개화1팀,2707.한강아파트,1731,2022-04-01,대여소별 이용정보 22.4.csv
강남구,학여울2팀,2404. 대모산입구역 4번 출구 앞,1748,2022-04-01,대여소별 이용정보 22.4.csv
마포구,상암1팀,4222. 서울디자인고등학교 앞,1750,2022-04-01,대여소별 이용정보 22.4.csv
종로구,세종로2팀,327. 낙원상가 옆,1751,2022-04-01,대여소별 이용정보 22.4.csv
강서구,개화2팀,2741.마곡수명산파크5-6단지,1751,2022-04-01,대여소별 이용정보 22.4.csv
동작구,영남2팀,237. 보라매 두산위브 건너편,1751,2022-04-01,대여소별 이용정보 22.4.csv
용산구,세종로3팀,832. 이촌1동 주민센터 뒤,1752,2022-04-01,대여소별 이용정보 22.4.csv
종로구,훈련원1팀,355. 서울사대부속초교 앞,1755,2022-04-01,대여소별 이용정보 22.4.csv
강서구,개화3팀,1175. 대한항공 인력개발센터,1759,2022-04-01,대여소별 이용정보 22.4.csv
도봉구,도봉3팀,1762.북한산 한신휴플러스APT앞,1762,2022-04-01,대여소별 이용정보 22.4.csv
성북구,훈련원2팀,1362. 보문역6번출구 앞,1763,2022-04-01,대여소별 이용정보 22.4.csv
중구,세종로1팀,310. 청계광장 옆,1764,2022-04-01,대여소별 이용정보 22.4.csv
노원구,도봉2팀,1670. 노원경찰서교차로,1765,2022-04-01,대여소별 이용정보 22.4.csv
서대문구,상암2팀,178. 증산3교 앞,1766,2022-04-01,대여소별 이용정보 22.4.csv
강서구,개화2팀,2732.마곡수명산 1-2단지,1767,2022-04-01,대여소별 이용정보 22.4.csv
관악구,영남2팀,2164. 관악우체국,1769,2022-04-01,대여소별 이용정보 22.4.csv
중랑구,중랑3팀,1433. 중화역 2번출구,1770,2022-04-01,대여소별 이용정보 22.4.csv
마포구,상암1팀,490.가온문화공원,1774,2022-04-01,대여소별 이용정보 22.4.csv
종로구,훈련원1팀,3415.동대문역6번출구,1775,2022-04-01,대여소별 이용정보 22.4.csv
강남구,학여울1팀,2414. 도곡역 아카데미스위트 앞,1776,2022-04-01,대여소별 이용정보 22.4.csv
영등포구,영남1팀,264. 교보생명보험 앞,1777,2022-04-01,대여소별 이용정보 22.4.csv
동대문구,훈련원3팀,605. 신설동역8번출구,1778,2022-04-01,대여소별 이용정보 22.4.csv
영등포구,영남1팀,238. 제2구민체육센타 앞,1780,2022-04-01,대여소별 이용정보 22.4.csv
종로구,훈련원1팀,344. 성균관대 E하우스 앞,1781,2022-04-01,대여소별 이용정보 22.4.csv
동작구,이수2팀,2060. 남성역3번출구 뒤,1787,2022-04-01,대여소별 이용정보 22.4.csv
동작구,영남2팀,2007. 유한양행앞,1788,2022-04-01,대여소별 이용정보 22.4.csv
마포구,상암1팀,492.성산시영아파트 후문,1789,2022-04-01,대여소별 이용정보 22.4.csv
마포구,상암1팀,112. 극동방송국 앞,1790,2022-04-01,대여소별 이용정보 22.4.csv
서초구,이수3팀,2211. 서초구립반포도서관 앞,1791,2022-04-01,대여소별 이용정보 22.4.csv
광진구,중랑1팀,3868. 자양한강도서관,1792,2022-04-01,대여소별 이용정보 22.4.csv
성동구,중랑2팀,4377. 우영테크노센터 앞,1793,2022-04-01,대여소별 이용정보 22.4.csv
광진구,중랑1팀,3879. 중랑천 뚝방길 산책로 입구,1794,2022-04-01,대여소별 이용정보 22.4.csv
종로구,세종로2팀,3432.종로2가 사거리,1798,2022-04-01,대여소별 이용정보 22.4.csv
관악구,영남2팀,2115. 관악구시설관리공단,1801,2022-04-01,대여소별 이용정보 22.4.csv
서초구,이수3팀,2279. 교대역 5번출구뒤,1805,2022-04-01,대여소별 이용정보 22.4.csv
강서구,개화2팀,3764. 관문주유소(GS칼택스) 앞,1805,2022-04-01,대여소별 이용정보 22.4.csv
동작구,영남2팀,4169. 신대방삼거리,1805,2022-04-01,대여소별 이용정보 22.4.csv
노원구,도봉2팀,2909. 석계역 3번 출구,1806,2022-04-01,대여소별 이용정보 22.4.csv
동작구,영남2팀,2054. 삼익아파트,1806,2022-04-01,대여소별 이용정보 22.4.csv
중랑구,중랑3팀,1401. 극동늘푸른아파트,1809,2022-04-01,대여소별 이용정보 22.4.csv
마포구,상암1팀,411. DMC홍보관,1810,2022-04-01,대여소별 이용정보 22.4.csv
강서구,개화1팀,3774. 마곡9단지 910동 상가앞,1811,2022-04-01,대여소별 이용정보 22.4.csv
서초구,이수1팀,2508. 양재이스타빌 앞,1813,2022-04-01,대여소별 이용정보 22.4.csv
노원구,도봉1팀,1689. 마들역 3번출구,1814,2022-04-01,대여소별 이용정보 22.4.csv
노원구,도봉2팀,4036. 하계역 6번출구,1814,2022-04-01,대여소별 이용정보 22.4.csv
관악구,영남2팀,3811.신사로입구,1818,2022-04-01,대여소별 이용정보 22.4.csv
노원구,도봉1팀,4020. 중계동 성모빌딩 앞,1822,2022-04-01,대여소별 이용정보 22.4.csv
서대문구,상암2팀,179. 가좌역 4번출구 앞,1822,2022-04-01,대여소별 이용정보 22.4.csv
광진구,중랑1팀,3581.광진광장,1825,2022-04-01,대여소별 이용정보 22.4.csv
중구,훈련원1팀,387. 훈련원공원주차장 앞,1826,2022-04-01,대여소별 이용정보 22.4.csv
양천구,개화3팀,"773.염창역 3, 4번 출구 사이",1827,2022-04-01,대여소별 이용정보 22.4.csv
구로구,천왕2팀,1984. 구로구청,1827,2022-04-01,대여소별 이용정보 22.4.csv
성동구,중랑2팀,3549.건영아파트 앞,1834,2022-04-01,대여소별 이용정보 22.4.csv
금천구,천왕3팀,1804. 독산역 2번출구 자전거주차장,1836,2022-04-01,대여소별 이용정보 22.4.csv
광진구,중랑1팀,577. 광진청소년수련관,1838,2022-04-01,대여소별 이용정보 22.4.csv
광진구,중랑1팀,3578.중곡동 파크웨이빌딩,1841,2022-04-01,대여소별 이용정보 22.4.csv
양천구,개화3팀,700. KB국민은행 염창역 지점 앞,1841,2022-04-01,대여소별 이용정보 22.4.csv
용산구,세종로 4팀,834. 효창공원앞역 3번출구 뒤,1845,2022-04-01,대여소별 이용정보 22.4.csv
구로구,천왕1팀,1952. 천왕연지타운2단지 앞,1845,2022-04-01,대여소별 이용정보 22.4.csv
강남구,학여울2팀,2384. 자곡사거리,1849,2022-04-01,대여소별 이용정보 22.4.csv
양천구,개화3팀,754. 목동1단지아파트 118동 앞,1850,2022-04-01,대여소별 이용정보 22.4.csv
강서구,개화2팀,3759. 이대서울병원,1852,2022-04-01,대여소별 이용정보 22.4.csv
서대문구,상암2팀,3125.연희파크푸르지오아파트 앞,1853,2022-04-01,대여소별 이용정보 22.4.csv
서초구,이수3팀,2530.삼호3차아파트 앞,1858,2022-04-01,대여소별 이용정보 22.4.csv
관악구,영남2팀,2103. 신림동 우방아파트,1859,2022-04-01,대여소별 이용정보 22.4.csv
광진구,중랑1팀,546. 잠실대교북단 교차로,1859,2022-04-01,대여소별 이용정보 22.4.csv
강서구,개화2팀,3760. 발산역 8번 출구,1860,2022-04-01,대여소별 이용정보 22.4.csv
영등포구,영남3팀,204. 국회의사당역 5번출구 옆,1861,2022-04-01,대여소별 이용정보 22.4.csv
마포구,상암1팀,109. 제일빌딩 앞,1861,2022-04-01,대여소별 이용정보 22.4.csv
강서구,개화3팀,1121. 가양레포츠센터 앞,1862,2022-04-01,대여소별 이용정보 22.4.csv
영등포구,영남1팀,265. 영등포유통상가 사거리,1863,2022-04-01,대여소별 이용정보 22.4.csv
구로구,천왕1팀,1991. 오류동역 맞은편,1863,2022-04-01,대여소별 이용정보 22.4.csv
강동구,천호1팀,1021. 강일동 리슈빌 빌딩앞,1864,2022-04-01,대여소별 이용정보 22.4.csv
마포구,상암1팀,420. 서울시 공공자전거 상암센터,1867,2022-04-01,대여소별 이용정보 22.4.csv
노원구,도봉1팀,1657. 노원구청,1867,2022-04-01,대여소별 이용정보 22.4.csv
양천구,개화3팀,701. 목동사거리 부근,1868,2022-04-01,대여소별 이용정보 22.4.csv
송파구,천호2팀,1260. 방이동 한양3차아파트 옆,1868,2022-04-01,대여소별 이용정보 22.4.csv
강서구,개화2팀,3785. 마곡14단지 1408동앞,1869,2022-04-01,대여소별 이용정보 22.4.csv
중구,훈련원1팀,481.신당역 10번 출구,1869,2022-04-01,대여소별 이용정보 22.4.csv
종로구,세종로2팀,385. 종각역 5번출구,1871,2022-04-01,대여소별 이용정보 22.4.csv
송파구,천호2팀,1226. 잠실4동 주민센터 옆,1874,2022-04-01,대여소별 이용정보 22.4.csv
종로구,세종로2팀,4705. 웰니스센터(민방위교육장 앞),1876,2022-04-01,대여소별 이용정보 22.4.csv
서대문구,상암2팀,166. 가재울 초등학교,1878,2022-04-01,대여소별 이용정보 22.4.csv
중랑구,중랑3팀,1450. 화랑대역 7번출구,1879,2022-04-01,대여소별 이용정보 22.4.csv
구로구,천왕2팀,3905. 희훈타워빌 앞,1880,2022-04-01,대여소별 이용정보 22.4.csv
강북구,도봉4팀,1530. 광산사거리,1885,2022-04-01,대여소별 이용정보 22.4.csv
강북구,도봉4팀,1552. 강북구청사거리(던킨도너츠 앞),1887,2022-04-01,대여소별 이용정보 22.4.csv
서초구,이수3팀,2231. 삼성타운(삼성생명) A동 맞은편,1887,2022-04-01,대여소별 이용정보 22.4.csv
송파구,학여울2팀,1245. 문정 법조단지9,1888,2022-04-01,대여소별 이용정보 22.4.csv
양천구,개화3팀,4527. 목동신시가지아파트6단지,1890,2022-04-01,대여소별 이용정보 22.4.csv
송파구,학여울2팀,2605. 복정역 1번 출구 앞,1893,2022-04-01,대여소별 이용정보 22.4.csv
성북구,훈련원2팀,4418. 종암동 동덕여대 제2생활관 앞,1893,2022-04-01,대여소별 이용정보 22.4.csv
양천구,개화3팀,768.목동5단지아파트 501동,1898,2022-04-01,대여소별 이용정보 22.4.csv
동작구,영남2팀,2003. 사육신공원앞,1899,2022-04-01,대여소별 이용정보 22.4.csv
관악구,영남2팀,2108. 은천치안센터,1904,2022-04-01,대여소별 이용정보 22.4.csv
마포구,상암1팀,111. 상수역 2번출구 앞,1905,2022-04-01,대여소별 이용정보 22.4.csv
중랑구,중랑3팀,1404. 동일로 지하차도,1907,2022-04-01,대여소별 이용정보 22.4.csv
노원구,도봉2팀,4024. 꿈의숲 SK뷰 아파트,1908,2022-04-01,대여소별 이용정보 22.4.csv
종로구,세종로2팀,334. 종로3가역 2번출구 뒤,1909,2022-04-01,대여소별 이용정보 22.4.csv
양천구,개화4팀,716.신정6동 주민센터 인근,1914,2022-04-01,대여소별 이용정보 22.4.csv
영등포구,영남1팀,4598. 오목교 동측 지하보도,1919,2022-04-01,대여소별 이용정보 22.4.csv
도봉구,도봉3팀,4077. 도봉제1교,1920,2022-04-01,대여소별 이용정보 22.4.csv
송파구,학여울2팀,2648.헬리오시티 112동 앞,1920,2022-04-01,대여소별 이용정보 22.4.csv
서초구,이수2팀,2221. 방일초교 마을버스 정류장,1922,2022-04-01,대여소별 이용정보 22.4.csv
광진구,중랑1팀,3865. 이튼타워리버 2차,1923,2022-04-01,대여소별 이용정보 22.4.csv
성동구,중랑2팀,507. 성수아이에스비즈타워 앞,1924,2022-04-01,대여소별 이용정보 22.4.csv
은평구,상암3팀,933. 역촌종합시장 버스정류장(예일여고 방면),1924,2022-04-01,대여소별 이용정보 22.4.csv
서초구,이수3팀,2505. 우성아파트사거리 (기업은행앞),1926,2022-04-01,대여소별 이용정보 22.4.csv
강서구,개화3팀,1172. 가양3동 주민센터,1931,2022-04-01,대여소별 이용정보 22.4.csv
강동구,천호1팀,1088.풍납사거리(강동),1932,2022-04-01,대여소별 이용정보 22.4.csv
종로구,세종로2팀,314. 국립현대미술관,1938,2022-04-01,대여소별 이용정보 22.4.csv
강서구,개화1팀,3757. 신방화역 6번출구,1940,2022-04-01,대여소별 이용정보 22.4.csv
중구,세종로2팀,4796. 부산은행,1943,2022-04-01,대여소별 이용정보 22.4.csv
양천구,영남1팀,756. 목동주차장,1944,2022-04-01,대여소별 이용정보 22.4.csv
송파구,학여울2팀,4876. 삼전동주민센터 앞,1946,2022-04-01,대여소별 이용정보 22.4.csv
노원구,도봉2팀,1605. 헬스케어,1946,2022-04-01,대여소별 이용정보 22.4.csv
강북구,도봉4팀,"1501. 미아역 3번,4번 출구 사이",1947,2022-04-01,대여소별 이용정보 22.4.csv
종로구,세종로1팀,4710. 자교교회 앞,1950,2022-04-01,대여소별 이용정보 22.4.csv
강서구,개화1팀,1190. 마곡역 교차로(2번출구),1955,2022-04-01,대여소별 이용정보 22.4.csv
용산구,세종로3팀,816. 신용산역 6번출구 앞,1964,2022-04-01,대여소별 이용정보 22.4.csv
중랑구,중랑3팀,1462.동부시장 북문 앞,1967,2022-04-01,대여소별 이용정보 22.4.csv
동작구,이수2팀,2032. 이수역 11번출구쪽,1969,2022-04-01,대여소별 이용정보 22.4.csv
강동구,천호1팀,1076. 천동초교입구사거리 버스정류장(십자성마을 방면),1969,2022-04-01,대여소별 이용정보 22.4.csv
송파구,천호2팀,1227. 거여역 8번출구 뒤,1971,2022-04-01,대여소별 이용정보 22.4.csv
성동구,중랑2팀,537. 한양대후문역 부근,1975,2022-04-01,대여소별 이용정보 22.4.csv
송파구,천호2팀,2638.쌍용아파트,1975,2022-04-01,대여소별 이용정보 22.4.csv
관악구,영남2팀,2106. 세이브마트,1976,2022-04-01,대여소별 이용정보 22.4.csv
노원구,도봉1팀,2913.상계8동 주민센터,1976,2022-04-01,대여소별 이용정보 22.4.csv
은평구,상암1팀,972. 수색역,1982,2022-04-01,대여소별 이용정보 22.4.csv
마포구,상암1팀,426. 서울신용보증재단,1984,2022-04-01,대여소별 이용정보 22.4.csv
마포구,상암1팀,3011.경의선(노고산동),1984,2022-04-01,대여소별 이용정보 22.4.csv
노원구,도봉1팀,4003. 상계초교 입구 교차로 명주빌딩 앞,1987,2022-04-01,대여소별 이용정보 22.4.csv
영등포구,영남1팀,4594. 양평교 영등포대여소,1990,2022-04-01,대여소별 이용정보 22.4.csv
송파구,천호2팀,4500. 풍납나들목,1991,2022-04-01,대여소별 이용정보 22.4.csv
동작구,영남2팀,2056. 동작구민 체육센터,1992,2022-04-01,대여소별 이용정보 22.4.csv
종로구,세종로1팀,369. 광화문 시민열린마당,1993,2022-04-01,대여소별 이용정보 22.4.csv
동작구,영남2팀,2067. 보라매역?동작세무서 버스정류장(강남중학교방면),1999,2022-04-01,대여소별 이용정보 22.4.csv
서초구,이수1팀,2252. 잔디마을 마을버스 정류장,2000,2022-04-01,대여소별 이용정보 22.4.csv
노원구,도봉1팀,1690. 도봉운전면허시험장 버스정류장 옆,2000,2022-04-01,대여소별 이용정보 22.4.csv
성북구,훈련원2팀,1369. 미아사거리,2002,2022-04-01,대여소별 이용정보 22.4.csv
영등포구,영남3팀,4575. 대림동 e편한세상영등포아델포레,2002,2022-04-01,대여소별 이용정보 22.4.csv
송파구,천호2팀,2653.올림픽공원사거리(선수촌아파트),2003,2022-04-01,대여소별 이용정보 22.4.csv
강서구,개화2팀,5070. 마곡13단지힐스테이트마스터 후문(1320동 앞),2008,2022-04-01,대여소별 이용정보 22.4.csv
양천구,개화3팀,702. 목4동주민센터 옆,2009,2022-04-01,대여소별 이용정보 22.4.csv
중구,훈련원1팀,473.을지로4가역 9번출구,2009,2022-04-01,대여소별 이용정보 22.4.csv
중구,세종로2팀,398. 을지로3가역 3번출구,2012,2022-04-01,대여소별 이용정보 22.4.csv
용산구,세종로3팀,815. LIG강촌아파트 103동앞,2013,2022-04-01,대여소별 이용정보 22.4.csv
성동구,중랑2팀,558. 성동광진 교육지원청 앞,2015,2022-04-01,대여소별 이용정보 22.4.csv
서대문구,상암1팀,116. 일진아이윌아파트 옆,2015,2022-04-01,대여소별 이용정보 22.4.csv
성동구,중랑2팀,4381. 더스페이스타워 앞,2016,2022-04-01,대여소별 이용정보 22.4.csv
송파구,천호2팀,1204. 거여역 3번출구,2018,2022-04-01,대여소별 이용정보 22.4.csv
송파구,천호2팀,1212. 송파역 2번 출구앞,2020,2022-04-01,대여소별 이용정보 22.4.csv
금천구,천왕3팀,1834. 월드메르디앙 벤처센터 2차,2021,2022-04-01,대여소별 이용정보 22.4.csv
노원구,도봉2팀,1602. 광운대역 앞,2027,2022-04-01,대여소별 이용정보 22.4.csv
강서구,개화1팀,2706.강서공업고등학교 앞,2031,2022-04-01,대여소별 이용정보 22.4.csv
양천구,개화3팀,747. 목동3단지 상가,2031,2022-04-01,대여소별 이용정보 22.4.csv
마포구,상암1팀,4218. 디지털매직스페이스,2032,2022-04-01,대여소별 이용정보 22.4.csv
노원구,도봉2팀,4041. 공릉역3번출구,2033,2022-04-01,대여소별 이용정보 22.4.csv
성동구,중랑2팀,582. 경일중학교 앞,2034,2022-04-01,대여소별 이용정보 22.4.csv
구로구,천왕2팀,1958. 강서수도사업소민원센터,2034,2022-04-01,대여소별 이용정보 22.4.csv
송파구,학여울2팀,4897. 잠실주공5단지1,2038,2022-04-01,대여소별 이용정보 22.4.csv
성동구,중랑2팀,3550.금호나들목,2039,2022-04-01,대여소별 이용정보 22.4.csv
동대문구,훈련원3팀,615. 용두동 래미안허브리츠아파트 앞,2040,2022-04-01,대여소별 이용정보 22.4.csv
서대문구,상암2팀,3119.연희 브라운스톤 아파트 앞,2040,2022-04-01,대여소별 이용정보 22.4.csv
강동구,천호1팀,3671. 둔촌동역교차로,2046,2022-04-01,대여소별 이용정보 22.4.csv
중랑구,중랑3팀,4813. 망우지구대,2048,2022-04-01,대여소별 이용정보 22.4.csv
성북구,훈련원2팀,1336. 성북3교 위,2050,2022-04-01,대여소별 이용정보 22.4.csv
강서구,개화1팀,5064. 양천향교역8번출구,2055,2022-04-01,대여소별 이용정보 22.4.csv
영등포구,영남3팀,252. 보라매역4번출구,2056,2022-04-01,대여소별 이용정보 22.4.csv
강서구,개화1팀,2724.(재)FITI시험연구원,2064,2022-04-01,대여소별 이용정보 22.4.csv
마포구,상암1팀,107. 신한은행 서교동지점,2065,2022-04-01,대여소별 이용정보 22.4.csv
송파구,천호1팀,1208. 풍납현대아파트쉼터,2067,2022-04-01,대여소별 이용정보 22.4.csv
도봉구,도봉3팀,1737. 하나은행 (창동점),2071,2022-04-01,대여소별 이용정보 22.4.csv
마포구,상암1팀,157. 애오개역 4번출구 앞,2072,2022-04-01,대여소별 이용정보 22.4.csv
영등포구,영남3팀,3212.신풍역 6번출구,2074,2022-04-01,대여소별 이용정보 22.4.csv
동대문구,훈련원3팀,674.고대앞사거리 교통섬,2076,2022-04-01,대여소별 이용정보 22.4.csv
성동구,중랑2팀,4382. 페코텍글로벌허브빌딩 앞,2076,2022-04-01,대여소별 이용정보 22.4.csv
종로구,세종로2팀,326. 안국역 5번출구 앞,2076,2022-04-01,대여소별 이용정보 22.4.csv
용산구,세종로 4팀,838. 숙대입구역 4번출구,2078,2022-04-01,대여소별 이용정보 22.4.csv
중구,훈련원1팀,4765. 동대문디자인플라자,2079,2022-04-01,대여소별 이용정보 22.4.csv
강서구,개화3팀,1169. 염창역 1번 출구,2081,2022-04-01,대여소별 이용정보 22.4.csv
강서구,개화2팀,1128. 화곡역 6번출구,2081,2022-04-01,대여소별 이용정보 22.4.csv
노원구,도봉2팀,4008. 하계 어린이 공원,2082,2022-04-01,대여소별 이용정보 22.4.csv
관악구,이수2팀,2171. 서울대입구역 5번출구,2084,2022-04-01,대여소별 이용정보 22.4.csv
마포구,상암1팀,438. 성산2-1 공영주차장,2085,2022-04-01,대여소별 이용정보 22.4.csv
송파구,학여울2팀,1269. 리센츠아파트,2090,2022-04-01,대여소별 이용정보 22.4.csv
강서구,개화2팀,5061. 우장산동 가곡어린이공원앞,2095,2022-04-01,대여소별 이용정보 22.4.csv
양천구,개화4팀,794.양천문화회관,2102,2022-04-01,대여소별 이용정보 22.4.csv
양천구,개화3팀,793.목동5단지아파트 534동,2104,2022-04-01,대여소별 이용정보 22.4.csv
양천구,천왕1팀,4535. 목동12단지 아파트,2107,2022-04-01,대여소별 이용정보 22.4.csv
중구,훈련원1팀,374. 청구역 2번출구 앞,2110,2022-04-01,대여소별 이용정보 22.4.csv
강서구,개화1팀,3778. 김포공항입구 교차로,2110,2022-04-01,대여소별 이용정보 22.4.csv
성동구,중랑2팀,3560.성동구 견인차량 보관소 앞,2111,2022-04-01,대여소별 이용정보 22.4.csv
송파구,학여울2팀,1224. 아시아지하보도 2번 출구,2111,2022-04-01,대여소별 이용정보 22.4.csv
도봉구,도봉3팀,1738. 창동주공17단지 상가앞,2114,2022-04-01,대여소별 이용정보 22.4.csv
강동구,천호1팀,1004. 삼성광나루아파트 버스정류장,2116,2022-04-01,대여소별 이용정보 22.4.csv
광진구,중랑1팀,3586.군자역 비채온 오피스텔,2119,2022-04-01,대여소별 이용정보 22.4.csv
강서구,개화1팀,1113. 서남환경공원 버스정류장,2119,2022-04-01,대여소별 이용정보 22.4.csv
종로구,훈련원1팀,340. 혜화동 로터리,2119,2022-04-01,대여소별 이용정보 22.4.csv
동대문구,훈련원3팀,650. 중랑교사거리,2120,2022-04-01,대여소별 이용정보 22.4.csv
성동구,중랑2팀,550. 서울시설공단 앞,2120,2022-04-01,대여소별 이용정보 22.4.csv
종로구,세종로2팀,368. SK 서린빌딩 앞,2128,2022-04-01,대여소별 이용정보 22.4.csv
강동구,천호1팀,1022. 길동 사거리(초소앞),2133,2022-04-01,대여소별 이용정보 22.4.csv
구로구,천왕2팀,2000. 신도림4차 e편한세상 아파트 1109동 앞,2136,2022-04-01,대여소별 이용정보 22.4.csv
구로구,천왕2팀,1912. 한신휴아파트 앞,2137,2022-04-01,대여소별 이용정보 22.4.csv
노원구,도봉2팀,1683. 노원문화예술회관,2137,2022-04-01,대여소별 이용정보 22.4.csv
마포구,상암1팀,414. 상암동주민센터 옆,2137,2022-04-01,대여소별 이용정보 22.4.csv
강동구,천호1팀,1017. 둔촌고교입구 교차로(길동주민센터 방면),2144,2022-04-01,대여소별 이용정보 22.4.csv
강서구,개화2팀,3796. 송정역 3번출구 앞,2149,2022-04-01,대여소별 이용정보 22.4.csv
강서구,개화2팀,1127. 화곡역 버스정류장,2150,2022-04-01,대여소별 이용정보 22.4.csv
양천구,개화3팀,719. 홍익병원앞 교차로,2150,2022-04-01,대여소별 이용정보 22.4.csv
성북구,훈련원2팀,4408. 돌곶이역 앞,2150,2022-04-01,대여소별 이용정보 22.4.csv
노원구,도봉1팀,5301. 상계주공1단지 버스정류장 옆(대원빌딩 앞),2153,2022-04-01,대여소별 이용정보 22.4.csv
강남구,학여울1팀,2335. 3호선 매봉역 3번출구앞,2160,2022-04-01,대여소별 이용정보 22.4.csv
성북구,훈련원2팀,1384.성신여대입구역 5번출구,2163,2022-04-01,대여소별 이용정보 22.4.csv
서초구,이수3팀,2525.반포쇼핑타운 2동 앞,2163,2022-04-01,대여소별 이용정보 22.4.csv
송파구,천호2팀,1259. 방이역 1번출구,2164,2022-04-01,대여소별 이용정보 22.4.csv
강서구,개화1팀,2727.서울식물원 잔디마당 앞,2165,2022-04-01,대여소별 이용정보 22.4.csv
중랑구,중랑3팀,1448. 코스트코 상봉점,2167,2022-04-01,대여소별 이용정보 22.4.csv
종로구,세종로2팀,329. 청계2가 사거리 옆,2168,2022-04-01,대여소별 이용정보 22.4.csv
강서구,개화3팀,1140. 목동사거리 버스정류장,2178,2022-04-01,대여소별 이용정보 22.4.csv
영등포구,영남3팀,258. 신길역3번출구,2179,2022-04-01,대여소별 이용정보 22.4.csv
강서구,개화1팀,1155. 기쁜우리복지관,2182,2022-04-01,대여소별 이용정보 22.4.csv
광진구,중랑1팀,543. 구의공원(테크노마트 앞),2184,2022-04-01,대여소별 이용정보 22.4.csv
노원구,도봉1팀,1668. 중계역 6번출구,2186,2022-04-01,대여소별 이용정보 22.4.csv
강서구,개화2팀,2718.마곡수명산파크1단지,2191,2022-04-01,대여소별 이용정보 22.4.csv
서대문구,상암1팀,128. 신촌역(2호선) 1번출구 옆,2192,2022-04-01,대여소별 이용정보 22.4.csv
서초구,이수2팀,2222.사당역 12번출구 뒤,2195,2022-04-01,대여소별 이용정보 22.4.csv
동대문구,훈련원4팀,678.장안힐스테이트(아) 앞,2197,2022-04-01,대여소별 이용정보 22.4.csv
성북구,훈련원2팀,1380.월곡역 5번출구 앞,2198,2022-04-01,대여소별 이용정보 22.4.csv
강동구,천호1팀,1001. 광진교 남단 사거리(천호공원 방면),2198,2022-04-01,대여소별 이용정보 22.4.csv
양천구,영남1팀,786.목동아파트 8단지 상가동 앞,2200,2022-04-01,대여소별 이용정보 22.4.csv
광진구,중랑1팀,3573.광나루안전체험관,2201,2022-04-01,대여소별 이용정보 22.4.csv
동작구,영남2팀,2070. 노량진역 2번 출구 앞,2206,2022-04-01,대여소별 이용정보 22.4.csv
구로구,천왕2팀,1901. 신도림동주민센터 앞,2210,2022-04-01,대여소별 이용정보 22.4.csv
중랑구,중랑3팀,1455. 상봉역 2번 출구,2210,2022-04-01,대여소별 이용정보 22.4.csv
노원구,도봉1팀,4037. 물넘이교,2214,2022-04-01,대여소별 이용정보 22.4.csv
구로구,천왕1팀,1977. 천왕역 1번 출입구 앞,2214,2022-04-01,대여소별 이용정보 22.4.csv
종로구,훈련원1팀,3416.동묘앞역 6번출구,2219,2022-04-01,대여소별 이용정보 22.4.csv
영등포구,영남1팀,244. 영등포삼환아파트 앞,2221,2022-04-01,대여소별 이용정보 22.4.csv
강동구,천호1팀,1035. 고덕역 4번출구,2223,2022-04-01,대여소별 이용정보 22.4.csv
서초구,이수2팀,2230.이수역 4번 출구,2223,2022-04-01,대여소별 이용정보 22.4.csv
동대문구,훈련원4팀,626. 군자교 서측 녹지대,2223,2022-04-01,대여소별 이용정보 22.4.csv
마포구,상암1팀,182. 망원2빗물펌프장 앞,2224,2022-04-01,대여소별 이용정보 22.4.csv
영등포구,영남1팀,296.KT플라자 영등포점,2228,2022-04-01,대여소별 이용정보 22.4.csv
강북구,도봉4팀,1529. 미아동 한국전력공사,2229,2022-04-01,대여소별 이용정보 22.4.csv
강동구,천호1팀,1048. 둔촌어린이공원,2230,2022-04-01,대여소별 이용정보 22.4.csv
노원구,도봉2팀,4007. 노원 을지대학교 병원,2231,2022-04-01,대여소별 이용정보 22.4.csv
강서구,개화3팀,1120. 대림경동아파트앞,2232,2022-04-01,대여소별 이용정보 22.4.csv
영등포구,영남1팀,3205.문래현대2차,2234,2022-04-01,대여소별 이용정보 22.4.csv
성북구,훈련원2팀,1359. 장위뉴타운 꿈에 숲 코오롱 하늘채 앞,2238,2022-04-01,대여소별 이용정보 22.4.csv
종로구,훈련원1팀,363. 신설동역 11번출구 뒤,2240,2022-04-01,대여소별 이용정보 22.4.csv
영등포구,영남1팀,290. 당산동 SK V1 빌딩,2240,2022-04-01,대여소별 이용정보 22.4.csv
동대문구,훈련원3팀,609. 제기2교,2242,2022-04-01,대여소별 이용정보 22.4.csv
중구,훈련원1팀,4798. 황학동롯데캐슬,2243,2022-04-01,대여소별 이용정보 22.4.csv
송파구,학여울2팀,2618. 삼전역 1번출구,2245,2022-04-01,대여소별 이용정보 22.4.csv
노원구,도봉2팀,1669. 중계역 3번출구,2246,2022-04-01,대여소별 이용정보 22.4.csv
동대문구,훈련원3팀,635. 시조사 앞 (청량고정문 옆),2247,2022-04-01,대여소별 이용정보 22.4.csv
동대문구,훈련원4팀,4121. 서울문화재단 앞,2248,2022-04-01,대여소별 이용정보 22.4.csv
성동구,중랑2팀,508. 성수아카데미타워 앞,2248,2022-04-01,대여소별 이용정보 22.4.csv
강서구,개화1팀,2729.넥센 유니버시티 앞,2250,2022-04-01,대여소별 이용정보 22.4.csv
노원구,도봉2팀,4013. 중계 롯데마트,2252,2022-04-01,대여소별 이용정보 22.4.csv
은평구,상암2팀,915. 증산역 4번출구,2257,2022-04-01,대여소별 이용정보 22.4.csv
송파구,학여울2팀,4465. 건영아파트앞 사거리,2257,2022-04-01,대여소별 이용정보 22.4.csv
양천구,영남1팀,4514. 목동성당 앞,2259,2022-04-01,대여소별 이용정보 22.4.csv
강서구,개화1팀,2722.마곡 문영비지웍스,2260,2022-04-01,대여소별 이용정보 22.4.csv
송파구,천호2팀,4486. 홈플러스 잠실점,2261,2022-04-01,대여소별 이용정보 22.4.csv
용산구,세종로 4팀,818. 숙명여대 입구 교차로,2262,2022-04-01,대여소별 이용정보 22.4.csv
강서구,개화3팀,1132. 등촌역 7번출구,2265,2022-04-01,대여소별 이용정보 22.4.csv
강서구,개화2팀,"5074. 마곡엠밸리14단지 버스정류장(마곡엠밸리11,12단지상가방면)",2267,2022-04-01,대여소별 이용정보 22.4.csv
마포구,상암1팀,153. 성산2교 사거리,2267,2022-04-01,대여소별 이용정보 22.4.csv
노원구,도봉2팀,2908. 광운대학교 중앙도서관,2270,2022-04-01,대여소별 이용정보 22.4.csv
노원구,도봉1팀,1656. 중앙하이츠 아파트 입구,2272,2022-04-01,대여소별 이용정보 22.4.csv
중랑구,중랑3팀,1442. 중랑구 중소기업 창업센터,2272,2022-04-01,대여소별 이용정보 22.4.csv
노원구,도봉1팀,1688. 마들역 7번출구,2275,2022-04-01,대여소별 이용정보 22.4.csv
노원구,도봉2팀,1677. 육군사관학교 앞,2277,2022-04-01,대여소별 이용정보 22.4.csv
은평구,상암3팀,950. 구산역 2번 출구 예일여고 버스정류장,2277,2022-04-01,대여소별 이용정보 22.4.csv
송파구,학여울2팀,1221. 삼전역 4번출구,2278,2022-04-01,대여소별 이용정보 22.4.csv
마포구,상암1팀,108. 서교동 사거리,2279,2022-04-01,대여소별 이용정보 22.4.csv
마포구,상암1팀,104. 합정역 1번출구 앞,2289,2022-04-01,대여소별 이용정보 22.4.csv
강동구,천호1팀,1013. 강동구청역 1번 출입구,2294,2022-04-01,대여소별 이용정보 22.4.csv
광진구,중랑2팀,3506. 영동대교 북단,2296,2022-04-01,대여소별 이용정보 22.4.csv
노원구,도봉1팀,1661. 당현천근린공원,2300,2022-04-01,대여소별 이용정보 22.4.csv
종로구,세종로1팀,308. 광화문 S타워 앞,2302,2022-04-01,대여소별 이용정보 22.4.csv
송파구,학여울2팀,1235. 잠실트리지움310동 옆,2304,2022-04-01,대여소별 이용정보 22.4.csv
노원구,도봉2팀,1619. 중계동 하나프라자빌딩 앞(중1-1),2305,2022-04-01,대여소별 이용정보 22.4.csv
성동구,중랑2팀,578. 성동세무서 부근,2308,2022-04-01,대여소별 이용정보 22.4.csv
송파구,학여울2팀,2619. 석촌고분역 4번출구,2308,2022-04-01,대여소별 이용정보 22.4.csv
양천구,영남1팀,796.목동아파트 14단지 B상가 앞,2312,2022-04-01,대여소별 이용정보 22.4.csv
강동구,천호1팀,3657. 서울천호동우체국,2312,2022-04-01,대여소별 이용정보 22.4.csv
동대문구,훈련원3팀,4125. 회기역 2-①번출구,2312,2022-04-01,대여소별 이용정보 22.4.csv
마포구,상암1팀,4220. 신촌 청년주택,2317,2022-04-01,대여소별 이용정보 22.4.csv
영등포구,영남3팀,225. 앙카라공원 앞,2321,2022-04-01,대여소별 이용정보 22.4.csv
동대문구,훈련원3팀,660. 동의보감타워,2329,2022-04-01,대여소별 이용정보 22.4.csv
종로구,세종로2팀,316. 종각역 1번출구 앞,2331,2022-04-01,대여소별 이용정보 22.4.csv
서초구,이수3팀,2265. 이수고가차도 남단,2331,2022-04-01,대여소별 이용정보 22.4.csv
종로구,훈련원1팀,3413.종로플레이스,2333,2022-04-01,대여소별 이용정보 22.4.csv
용산구,세종로3팀,860.LG한강 자이아파트 앞,2337,2022-04-01,대여소별 이용정보 22.4.csv
성동구,중랑2팀,529. 장한평역 8번 출구 앞,2339,2022-04-01,대여소별 이용정보 22.4.csv
동대문구,훈련원4팀,642. 신답역 사거리,2340,2022-04-01,대여소별 이용정보 22.4.csv
영등포구,영남3팀,226. 샛강역 1번출구 앞,2342,2022-04-01,대여소별 이용정보 22.4.csv
영등포구,영남3팀,220. 미성아파트 A동 앞,2342,2022-04-01,대여소별 이용정보 22.4.csv
노원구,도봉2팀,1616. 하계2동 공항버스정류장 옆,2343,2022-04-01,대여소별 이용정보 22.4.csv
강동구,천호1팀,3664. 맥도날드 서울둔촌DT점 앞,2344,2022-04-01,대여소별 이용정보 22.4.csv
마포구,상암1팀,119. 서강나루 공원,2345,2022-04-01,대여소별 이용정보 22.4.csv
노원구,도봉2팀,2910.도깨비시장,2345,2022-04-01,대여소별 이용정보 22.4.csv
마포구,상암1팀,3009.서교동사거리(신),2352,2022-04-01,대여소별 이용정보 22.4.csv
강서구,개화1팀,1150. 송정역 1번출구,2353,2022-04-01,대여소별 이용정보 22.4.csv
광진구,중랑1팀,593.자양중앙나들목,2354,2022-04-01,대여소별 이용정보 22.4.csv
구로구,천왕1팀,1988. 고척LIGA아파트 앞,2355,2022-04-01,대여소별 이용정보 22.4.csv
성동구,중랑2팀,510. 서울숲 남문 버스정류소 옆,2360,2022-04-01,대여소별 이용정보 22.4.csv
은평구,상암3팀,911. 은평평화공원(역촌역4번출구),2365,2022-04-01,대여소별 이용정보 22.4.csv
송파구,천호2팀,2630.서울방이동 고분군,2371,2022-04-01,대여소별 이용정보 22.4.csv
송파구,천호2팀,2628.문정역 1번출구,2374,2022-04-01,대여소별 이용정보 22.4.csv
양천구,개화4팀,795.양천 해누리타운,2375,2022-04-01,대여소별 이용정보 22.4.csv
성북구,훈련원2팀,1354. 고려대학교 2번출구,2377,2022-04-01,대여소별 이용정보 22.4.csv
강서구,개화3팀,3794. 안양천합수부(현대3차아파트),2377,2022-04-01,대여소별 이용정보 22.4.csv
성북구,훈련원2팀,1306. 한성대입구역2번출구,2378,2022-04-01,대여소별 이용정보 22.4.csv
강동구,천호1팀,1047. 강동 한신휴플러스,2380,2022-04-01,대여소별 이용정보 22.4.csv
양천구,영남1팀,771.목동아파트 703동 앞,2388,2022-04-01,대여소별 이용정보 22.4.csv
성동구,중랑2팀,563. 성동세무서 건너편,2390,2022-04-01,대여소별 이용정보 22.4.csv
강서구,개화2팀,1131. 꿈돌이공원 앞,2391,2022-04-01,대여소별 이용정보 22.4.csv
마포구,상암1팀,493.홍대입구역 6번출구,2397,2022-04-01,대여소별 이용정보 22.4.csv
송파구,천호2팀,1282. 송파소방서 맞은편(성내4교),2400,2022-04-01,대여소별 이용정보 22.4.csv
강서구,개화2팀,1129. 화곡역 1번 출구 앞,2409,2022-04-01,대여소별 이용정보 22.4.csv
금천구,천왕3팀,1824. 독산근린공원 입구,2410,2022-04-01,대여소별 이용정보 22.4.csv
송파구,천호2팀,4464. 올림픽공원 북2문,2415,2022-04-01,대여소별 이용정보 22.4.csv
성북구,훈련원2팀,1381.석계역 4번출구 뒤,2421,2022-04-01,대여소별 이용정보 22.4.csv
도봉구,도봉3팀,1742. 북한산 코오롱 하늘채,2421,2022-04-01,대여소별 이용정보 22.4.csv
영등포구,영남1팀,4553. 당산삼성2차아파트,2422,2022-04-01,대여소별 이용정보 22.4.csv
양천구,개화3팀,766. 신목동역 3번출구,2425,2022-04-01,대여소별 이용정보 22.4.csv
동작구,영남2팀,2013. 장승배기역 5번출구,2427,2022-04-01,대여소별 이용정보 22.4.csv
구로구,천왕2팀,2801. 대륭포스트타워1차,2427,2022-04-01,대여소별 이용정보 22.4.csv
은평구,상암2팀,956. 응암시장교차로,2431,2022-04-01,대여소별 이용정보 22.4.csv
양천구,영남1팀,731. 서울시 도로환경관리센터,2435,2022-04-01,대여소별 이용정보 22.4.csv
광진구,중랑1팀,3517. 용마사거리,2437,2022-04-01,대여소별 이용정보 22.4.csv
양천구,천왕1팀,788.양천구청역 2번출구 옆,2438,2022-04-01,대여소별 이용정보 22.4.csv
영등포구,영남1팀,267. 삼성화재 사옥 옆,2443,2022-04-01,대여소별 이용정보 22.4.csv
관악구,영남2팀,2140. 신림1교 교차로,2450,2022-04-01,대여소별 이용정보 22.4.csv
노원구,도봉2팀,2912.대진고등학교,2451,2022-04-01,대여소별 이용정보 22.4.csv
마포구,상암1팀,148. 용강동 주민센터 앞,2463,2022-04-01,대여소별 이용정보 22.4.csv
광진구,중랑1팀,573. 구의문주차장 앞,2468,2022-04-01,대여소별 이용정보 22.4.csv
마포구,상암1팀,417. DMC역 2번출구 옆,2470,2022-04-01,대여소별 이용정보 22.4.csv
종로구,훈련원1팀,3422.성균관대 정문,2476,2022-04-01,대여소별 이용정보 22.4.csv
종로구,훈련원1팀,362. 청계8가 사거리,2477,2022-04-01,대여소별 이용정보 22.4.csv
강서구,개화2팀,1192. 마곡수명산파크 209동 건너편,2491,2022-04-01,대여소별 이용정보 22.4.csv
서대문구,상암2팀,123. 문화촌 공원,2491,2022-04-01,대여소별 이용정보 22.4.csv
중랑구,중랑3팀,1458. 상봉터미널2,2491,2022-04-01,대여소별 이용정보 22.4.csv
송파구,학여울2팀,4453. 위례중앙푸르지오 201동 앞,2492,2022-04-01,대여소별 이용정보 22.4.csv
강서구,개화1팀,2730.마곡메가박스 앞,2493,2022-04-01,대여소별 이용정보 22.4.csv
광진구,중랑1팀,576. 광나루역 3번 출구,2496,2022-04-01,대여소별 이용정보 22.4.csv
금천구,천왕3팀,3966. 독산역1번출구 옆,2501,2022-04-01,대여소별 이용정보 22.4.csv
영등포구,영남3팀,4568. 영등포로터리,2507,2022-04-01,대여소별 이용정보 22.4.csv
광진구,중랑1팀,539. 군자교교차로,2509,2022-04-01,대여소별 이용정보 22.4.csv
강서구,개화1팀,3788. 정곡나들목,2512,2022-04-01,대여소별 이용정보 22.4.csv
강서구,개화2팀,1126. 우장산역 1번출구옆(우장산아이파크105동앞),2513,2022-04-01,대여소별 이용정보 22.4.csv
광진구,중랑1팀,3582.화양동 우체국,2522,2022-04-01,대여소별 이용정보 22.4.csv
영등포구,영남3팀,203. 국회의사당역 3번출구 옆,2527,2022-04-01,대여소별 이용정보 22.4.csv
송파구,천호2팀,1215. 올림픽공원역 1번출구 앞,2532,2022-04-01,대여소별 이용정보 22.4.csv
영등포구,영남1팀,280. 양평동6차현대아파트 앞,2533,2022-04-01,대여소별 이용정보 22.4.csv
강서구,개화1팀,1111. 마곡엠밸리6_7단지 마곡중학교,2534,2022-04-01,대여소별 이용정보 22.4.csv
은평구,상암3팀,905. 구파발역 2번출구,2534,2022-04-01,대여소별 이용정보 22.4.csv
은평구,상암2팀,912. 응암오거리,2535,2022-04-01,대여소별 이용정보 22.4.csv
성북구,훈련원2팀,1332. 석계역 5번출구 건너편,2544,2022-04-01,대여소별 이용정보 22.4.csv
광진구,중랑1팀,542. 강변역 4번출구 뒤,2546,2022-04-01,대여소별 이용정보 22.4.csv
성동구,중랑2팀,3548.뚝섬역 6번출구,2549,2022-04-01,대여소별 이용정보 22.4.csv
서대문구,상암2팀,175. 홍연2교옆,2550,2022-04-01,대여소별 이용정보 22.4.csv
서대문구,상암2팀,176. 명지대학교 도서관,2555,2022-04-01,대여소별 이용정보 22.4.csv
송파구,학여울2팀,1246. 문정 법조단지10,2558,2022-04-01,대여소별 이용정보 22.4.csv
송파구,천호2팀,4484. 잠실나루역4번출구뒤,2560,2022-04-01,대여소별 이용정보 22.4.csv
강서구,개화3팀,1119. 염창동 한마음아파트 앞,2563,2022-04-01,대여소별 이용정보 22.4.csv
서초구,이수3팀,2217.아크로리버뷰 부지 앞,2566,2022-04-01,대여소별 이용정보 22.4.csv
용산구,세종로3팀,841. 신용산역 1번 출구,2570,2022-04-01,대여소별 이용정보 22.4.csv
강서구,개화2팀,1199. 우장산역 3번출구,2575,2022-04-01,대여소별 이용정보 22.4.csv
마포구,상암1팀,409. 누리꿈스퀘어 옆,2576,2022-04-01,대여소별 이용정보 22.4.csv
광진구,중랑1팀,590. 건국대학교 (입학정보관),2578,2022-04-01,대여소별 이용정보 22.4.csv
강동구,천호1팀,1023. 한국종합기술사옥 앞,2580,2022-04-01,대여소별 이용정보 22.4.csv
종로구,세종로1팀,305. 종로구청 옆,2580,2022-04-01,대여소별 이용정보 22.4.csv
강북구,도봉4팀,1531. 미아사거리 1번 출구,2585,2022-04-01,대여소별 이용정보 22.4.csv
성동구,중랑2팀,3544.한양대역 3번 출구,2591,2022-04-01,대여소별 이용정보 22.4.csv
강서구,개화3팀,1135. 강서구의회,2593,2022-04-01,대여소별 이용정보 22.4.csv
동작구,영남2팀,2059. 보라매공원 정문,2596,2022-04-01,대여소별 이용정보 22.4.csv
성동구,중랑2팀,521. 왕십리역 11번 출구 앞,2603,2022-04-01,대여소별 이용정보 22.4.csv
중랑구,중랑3팀,1449. 상봉역 1번출구,2603,2022-04-01,대여소별 이용정보 22.4.csv
광진구,중랑1팀,3536. 중앙농협(자양동),2608,2022-04-01,대여소별 이용정보 22.4.csv
종로구,세종로2팀,3407.안국동사거리(신),2608,2022-04-01,대여소별 이용정보 22.4.csv
영등포구,영남3팀,214. 금융감독원 앞,2610,2022-04-01,대여소별 이용정보 22.4.csv
성동구,중랑2팀,560. 비전교회 앞,2610,2022-04-01,대여소별 이용정보 22.4.csv
강동구,천호1팀,1077.강동역 1번출구 앞,2615,2022-04-01,대여소별 이용정보 22.4.csv
중구,훈련원1팀,474.동대문역사문화공원역 1번출구 뒤편,2616,2022-04-01,대여소별 이용정보 22.4.csv
마포구,상암1팀,4213. 마포구중앙도서관 정문 앞,2623,2022-04-01,대여소별 이용정보 22.4.csv
송파구,학여울2팀,1220. 잠실근린공원,2633,2022-04-01,대여소별 이용정보 22.4.csv
성북구,훈련원2팀,1351. 안암2교 옆,2637,2022-04-01,대여소별 이용정보 22.4.csv
영등포구,영남1팀,284. 센트럴 푸르지오 시티 앞,2638,2022-04-01,대여소별 이용정보 22.4.csv
노원구,도봉2팀,1655. 공릉1단지아파트,2643,2022-04-01,대여소별 이용정보 22.4.csv
양천구,개화4팀,4515. 동문굿모닝탑,2659,2022-04-01,대여소별 이용정보 22.4.csv
노원구,도봉1팀,1692. 온곡초교 교차로,2662,2022-04-01,대여소별 이용정보 22.4.csv
송파구,천호2팀,4859. 잠실나루 나들목,2665,2022-04-01,대여소별 이용정보 22.4.csv
노원구,도봉2팀,1617. 하계동 중평어린이공원 앞,2671,2022-04-01,대여소별 이용정보 22.4.csv
노원구,도봉1팀,1686. 상계주공10단지 종합상가 앞,2672,2022-04-01,대여소별 이용정보 22.4.csv
마포구,상암1팀,421. 마포구청 앞,2673,2022-04-01,대여소별 이용정보 22.4.csv
동대문구,훈련원4팀,630. 동대문구 보건소,2676,2022-04-01,대여소별 이용정보 22.4.csv
광진구,중랑1팀,501. 광진구의회 앞,2680,2022-04-01,대여소별 이용정보 22.4.csv
영등포구,영남3팀,279. 영등포 푸르지오 아파트,2687,2022-04-01,대여소별 이용정보 22.4.csv
마포구,상암1팀,487.신석초교앞 교차로 교통섬,2694,2022-04-01,대여소별 이용정보 22.4.csv
강남구,이수1팀,2340. 삼호물산버스정류장(23370) 옆,2699,2022-04-01,대여소별 이용정보 22.4.csv
양천구,개화3팀,4531. 목동아파트 613동 앞,2700,2022-04-01,대여소별 이용정보 22.4.csv
강남구,학여울1팀,2306. 압구정역 2번 출구 옆,2705,2022-04-01,대여소별 이용정보 22.4.csv
동작구,영남2팀,2015. 신대방삼거리역 6번출구쪽,2710,2022-04-01,대여소별 이용정보 22.4.csv
동대문구,훈련원3팀,680.꿈마루어린이도서관 앞,2714,2022-04-01,대여소별 이용정보 22.4.csv
영등포구,영남3팀,4592. 신길우성4차아파트,2722,2022-04-01,대여소별 이용정보 22.4.csv
마포구,상암1팀,181. 망원초록길 입구,2726,2022-04-01,대여소별 이용정보 22.4.csv
양천구,영남1팀,723. SBS방송국,2731,2022-04-01,대여소별 이용정보 22.4.csv
양천구,영남1팀,4508. 유원목동아파트 103동 앞,2734,2022-04-01,대여소별 이용정보 22.4.csv
서대문구,상암2팀,194. 증산교 앞,2736,2022-04-01,대여소별 이용정보 22.4.csv
양천구,개화4팀,779. 신정1동 주민센터 앞,2738,2022-04-01,대여소별 이용정보 22.4.csv
성북구,훈련원2팀,1337. 돈암성당 옆,2743,2022-04-01,대여소별 이용정보 22.4.csv
성동구,중랑2팀,4353. 코오롱디지털타워 3차앞,2745,2022-04-01,대여소별 이용정보 22.4.csv
노원구,도봉1팀,1636. 상계주공2단지 버스정류장 옆,2746,2022-04-01,대여소별 이용정보 22.4.csv
송파구,학여울2팀,1205. 종합운동장역 4번출구,2746,2022-04-01,대여소별 이용정보 22.4.csv
송파구,천호2팀,1203. 밀리아나2빌딩 앞,2750,2022-04-01,대여소별 이용정보 22.4.csv
동작구,영남2팀,2080. 대방지하보도(대방동경남아너스빌아파트),2753,2022-04-01,대여소별 이용정보 22.4.csv
성동구,중랑2팀,3513. 상왕십리역 1번출구,2754,2022-04-01,대여소별 이용정보 22.4.csv
성동구,중랑2팀,561. 서울숲역 2번출구 앞,2756,2022-04-01,대여소별 이용정보 22.4.csv
성동구,중랑2팀,525. 한양대병원사거리,2758,2022-04-01,대여소별 이용정보 22.4.csv
서초구,이수3팀,2220. 반포본동 주민센터 앞,2759,2022-04-01,대여소별 이용정보 22.4.csv
강서구,개화1팀,3772. 길성그랑프리텔아파트,2760,2022-04-01,대여소별 이용정보 22.4.csv
송파구,천호2팀,1278. 송파구청 교차로,2761,2022-04-01,대여소별 이용정보 22.4.csv
성북구,훈련원2팀,1363. 보문4교 인근,2778,2022-04-01,대여소별 이용정보 22.4.csv
도봉구,도봉3팀,1720. 도봉구청 옆(중랑천변),2778,2022-04-01,대여소별 이용정보 22.4.csv
중구,세종로 4팀,370. 시청역(2호선) 9번출구 뒤,2791,2022-04-01,대여소별 이용정보 22.4.csv
동대문구,훈련원3팀,612. 시립동부병원 앞 사거리,2795,2022-04-01,대여소별 이용정보 22.4.csv
강서구,개화1팀,1163. 방화동강서기동대앞,2796,2022-04-01,대여소별 이용정보 22.4.csv
송파구,학여울2팀,2637. 아시아지하보도 14번 출구,2798,2022-04-01,대여소별 이용정보 22.4.csv
영등포구,영남3팀,4559. 신길역 2번출구,2800,2022-04-01,대여소별 이용정보 22.4.csv
강서구,개화1팀,1162. 공항초등학교건너편,2803,2022-04-01,대여소별 이용정보 22.4.csv
광진구,중랑1팀,3520. 광진경찰서,2805,2022-04-01,대여소별 이용정보 22.4.csv
송파구,천호2팀,1262. 송파여성문화회관 앞,2811,2022-04-01,대여소별 이용정보 22.4.csv
중랑구,중랑3팀,1438. 홈플러스 신내점 앞,2811,2022-04-01,대여소별 이용정보 22.4.csv
용산구,세종로3팀,829. 베르가모앞,2816,2022-04-01,대여소별 이용정보 22.4.csv
도봉구,도봉3팀,1741. 제일강산수산입구,2817,2022-04-01,대여소별 이용정보 22.4.csv
송파구,학여울2팀,2632.석촌고분역 2번 출구,2819,2022-04-01,대여소별 이용정보 22.4.csv
마포구,상암1팀,130. 신촌역(2호선) 7번출구 앞,2823,2022-04-01,대여소별 이용정보 22.4.csv
강서구,개화1팀,2723.마곡 필네이처,2823,2022-04-01,대여소별 이용정보 22.4.csv
강동구,천호1팀,1002. 해공공원(천호동),2825,2022-04-01,대여소별 이용정보 22.4.csv
송파구,천호2팀,1201. 가락시장역 3번 출구,2826,2022-04-01,대여소별 이용정보 22.4.csv
송파구,학여울2팀,2635.잠실새내역 1번출구,2834,2022-04-01,대여소별 이용정보 22.4.csv
송파구,학여울2팀,4868. 석촌호수 서호 남단,2838,2022-04-01,대여소별 이용정보 22.4.csv
서초구,이수3팀,2264. 이수역 1번출구,2838,2022-04-01,대여소별 이용정보 22.4.csv
양천구,천왕1팀,729. 서부식자재마트 건너편,2842,2022-04-01,대여소별 이용정보 22.4.csv
동대문구,훈련원3팀,613. 신설동역 10번출구 앞,2843,2022-04-01,대여소별 이용정보 22.4.csv
노원구,도봉2팀,1643. 태릉입구역 8번출구,2847,2022-04-01,대여소별 이용정보 22.4.csv
양천구,영남1팀,781.신정보도육교 아래,2848,2022-04-01,대여소별 이용정보 22.4.csv
중구,세종로1팀,4768. 서울도시건축전시관,2852,2022-04-01,대여소별 이용정보 22.4.csv
영등포구,영남1팀,232. 양평우림 이비즈센타 앞,2858,2022-04-01,대여소별 이용정보 22.4.csv
서대문구,상암2팀,133. 해담는다리,2860,2022-04-01,대여소별 이용정보 22.4.csv
영등포구,영남1팀,268. 그랜드컨벤션센터 앞,2861,2022-04-01,대여소별 이용정보 22.4.csv
성동구,중랑2팀,511. 서울숲역 5번 출구 옆,2866,2022-04-01,대여소별 이용정보 22.4.csv
영등포구,영남3팀,215. 여의도고교 앞,2869,2022-04-01,대여소별 이용정보 22.4.csv
강서구,개화2팀,1180. 마곡엠밸리 15단지(1502동) 건너편,2873,2022-04-01,대여소별 이용정보 22.4.csv
영등포구,영남3팀,224. 롯데캐슬 앞,2873,2022-04-01,대여소별 이용정보 22.4.csv
마포구,상암1팀,183. 하늘채코오롱아파트 건너편,2875,2022-04-01,대여소별 이용정보 22.4.csv
구로구,천왕2팀,1986. 태평양물산빌딩,2876,2022-04-01,대여소별 이용정보 22.4.csv
송파구,학여울2팀,2606. 위례동주민센터 맞은편 근린공원,2876,2022-04-01,대여소별 이용정보 22.4.csv
동대문구,훈련원4팀,643. 동대문구민체육센터 (육교아래),2884,2022-04-01,대여소별 이용정보 22.4.csv
종로구,세종로1팀,303. 광화문역 1번출구 앞,2893,2022-04-01,대여소별 이용정보 22.4.csv
영등포구,영남3팀,221. 여의도초교 앞,2897,2022-04-01,대여소별 이용정보 22.4.csv
성북구,훈련원2팀,1328. 월곡역 3번출구,2907,2022-04-01,대여소별 이용정보 22.4.csv
영등포구,영남3팀,222. 시범아파트버스정류장 옆,2911,2022-04-01,대여소별 이용정보 22.4.csv
광진구,중랑1팀,3542. 래미안 구의파크 스위트,2918,2022-04-01,대여소별 이용정보 22.4.csv
강서구,개화1팀,1151. 마곡역1번출구,2920,2022-04-01,대여소별 이용정보 22.4.csv
금천구,천왕3팀,1851. 가산디지털단지 7번출구,2921,2022-04-01,대여소별 이용정보 22.4.csv
종로구,훈련원1팀,3421.혜화역 1번출구,2924,2022-04-01,대여소별 이용정보 22.4.csv
도봉구,도봉3팀,4076. 진영상운 앞 중랑천 변,2925,2022-04-01,대여소별 이용정보 22.4.csv
광진구,중랑1팀,3504. 원일교회,2926,2022-04-01,대여소별 이용정보 22.4.csv
강서구,개화1팀,1102. 방화사거리 마을버스 버스정류장,2928,2022-04-01,대여소별 이용정보 22.4.csv
성북구,훈련원2팀,1321. 국민은행 종암동지점 앞,2928,2022-04-01,대여소별 이용정보 22.4.csv
성동구,중랑2팀,514. 성수사거리 버스정류장 앞,2928,2022-04-01,대여소별 이용정보 22.4.csv
중랑구,중랑3팀,1447. 면목역 3번출구,2942,2022-04-01,대여소별 이용정보 22.4.csv
광진구,중랑1팀,3881. 신자초교입구 교차로,2947,2022-04-01,대여소별 이용정보 22.4.csv
영등포구,영남1팀,287. 영등포전화국사거리 (서강어린이공원),2947,2022-04-01,대여소별 이용정보 22.4.csv
성동구,중랑2팀,587. 유니베라 앞,2948,2022-04-01,대여소별 이용정보 22.4.csv
구로구,천왕2팀,1946. 구로역 광장,2957,2022-04-01,대여소별 이용정보 22.4.csv
양천구,개화3팀,755. 목동1단지아파트 상가 앞,2965,2022-04-01,대여소별 이용정보 22.4.csv
강서구,개화3팀,3769. 증미역 2번출구,2966,2022-04-01,대여소별 이용정보 22.4.csv
도봉구,도봉3팀,4065. 창동역 1번출구 앞,2967,2022-04-01,대여소별 이용정보 22.4.csv
송파구,학여울2팀,2615. 테라타워2,2970,2022-04-01,대여소별 이용정보 22.4.csv
영등포구,영남1팀,291. 문래동 하이테크 시티,2973,2022-04-01,대여소별 이용정보 22.4.csv
강남구,학여울1팀,2348. 포스코사거리(기업은행),2978,2022-04-01,대여소별 이용정보 22.4.csv
광진구,중랑1팀,500. 어린이대공원역 3번출구 앞,2979,2022-04-01,대여소별 이용정보 22.4.csv
강서구,개화1팀,3784. 벽산아파트,2980,2022-04-01,대여소별 이용정보 22.4.csv
강북구,도봉4팀,1512. 강북중학교 앞,2991,2022-04-01,대여소별 이용정보 22.4.csv
강동구,천호1팀,1029. 성내어울터,2994,2022-04-01,대여소별 이용정보 22.4.csv
송파구,천호1팀,2611. 송파지역자활센터 뒤,2994,2022-04-01,대여소별 이용정보 22.4.csv
광진구,중랑1팀,540. 군자역 7번출구 베스트샵 앞,3000,2022-04-01,대여소별 이용정보 22.4.csv
용산구,세종로3팀,837. 한남나들목 입구,3012,2022-04-01,대여소별 이용정보 22.4.csv
구로구,천왕2팀,1904. 도림천역 1번 출구 앞,3015,2022-04-01,대여소별 이용정보 22.4.csv
강동구,천호1팀,1078.둔촌사거리,3017,2022-04-01,대여소별 이용정보 22.4.csv
은평구,상암2팀,913. 이마트 버스정류장(서부경찰서 방면),3019,2022-04-01,대여소별 이용정보 22.4.csv
강서구,개화1팀,1103. 방화역 4번출구앞,3021,2022-04-01,대여소별 이용정보 22.4.csv
송파구,학여울2팀,1244. 문정 법조단지8,3021,2022-04-01,대여소별 이용정보 22.4.csv
양천구,개화4팀,4509. 서울영상고교 입구,3026,2022-04-01,대여소별 이용정보 22.4.csv
관악구,영남2팀,2113. 관악동작견인차량보관소,3027,2022-04-01,대여소별 이용정보 22.4.csv
강동구,천호1팀,1010. 강동세무서,3029,2022-04-01,대여소별 이용정보 22.4.csv
양천구,개화3팀,735. 영도초등학교,3037,2022-04-01,대여소별 이용정보 22.4.csv
동작구,영남2팀,2058. 동작경찰서,3039,2022-04-01,대여소별 이용정보 22.4.csv
광진구,중랑1팀,3579.광진 캠퍼스시티,3040,2022-04-01,대여소별 이용정보 22.4.csv
양천구,개화3팀,744. 신목동역 2번 출구,3043,2022-04-01,대여소별 이용정보 22.4.csv
종로구,훈련원1팀,3410.종로3가역 8번출구,3044,2022-04-01,대여소별 이용정보 22.4.csv
송파구,학여울2팀,1243. 문정 법조단지7,3045,2022-04-01,대여소별 이용정보 22.4.csv
영등포구,영남1팀,4574. 영등포시장역 포레나영등포,3047,2022-04-01,대여소별 이용정보 22.4.csv
강북구,도봉4팀,1503. 이디야 커피 수유역점 앞,3059,2022-04-01,대여소별 이용정보 22.4.csv
양천구,영남1팀,791.현대하이페리온,3059,2022-04-01,대여소별 이용정보 22.4.csv
구로구,천왕2팀,1914. 대림역4번출구,3060,2022-04-01,대여소별 이용정보 22.4.csv
동대문구,훈련원4팀,623. 서울시립대 정문 앞,3060,2022-04-01,대여소별 이용정보 22.4.csv
강서구,개화1팀,1195. 코오롱One&Only타워,3064,2022-04-01,대여소별 이용정보 22.4.csv
양천구,영남1팀,797.목동아파트 1422동 1434동 사잇길,3064,2022-04-01,대여소별 이용정보 22.4.csv
영등포구,영남1팀,236. 문래동자이아파트 앞,3070,2022-04-01,대여소별 이용정보 22.4.csv
영등포구,영남1팀,3202.당산롯데캐슬프레스티지,3072,2022-04-01,대여소별 이용정보 22.4.csv
마포구,상암1팀,154. 마포구청역,3074,2022-04-01,대여소별 이용정보 22.4.csv
강남구,학여울1팀,3627. 압구정나들목,3076,2022-04-01,대여소별 이용정보 22.4.csv
노원구,도봉2팀,2921.중계역 2번출구,3087,2022-04-01,대여소별 이용정보 22.4.csv
강서구,개화1팀,1197. 엠펠리체 호텔 건너편,3092,2022-04-01,대여소별 이용정보 22.4.csv
양천구,개화4팀,704. 남부법원검찰청 교차로,3098,2022-04-01,대여소별 이용정보 22.4.csv
동대문구,훈련원3팀,614. 용두동 사거리,3099,2022-04-01,대여소별 이용정보 22.4.csv
노원구,도봉1팀,1662. 노원역7번출구,3105,2022-04-01,대여소별 이용정보 22.4.csv
서초구,이수1팀,2255.시민의숲역 1번출구 옆,3119,2022-04-01,대여소별 이용정보 22.4.csv
영등포구,영남1팀,275. 신동아아파트,3140,2022-04-01,대여소별 이용정보 22.4.csv
강서구,개화2팀,1182. KBS 스포츠월드,3146,2022-04-01,대여소별 이용정보 22.4.csv
강서구,개화1팀,2719.마곡문화공원,3148,2022-04-01,대여소별 이용정보 22.4.csv
강동구,천호1팀,1084. 윤선생빌딩(JYP사옥),3168,2022-04-01,대여소별 이용정보 22.4.csv
송파구,천호2팀,4864. 송파사거리,3177,2022-04-01,대여소별 이용정보 22.4.csv
강동구,천호1팀,3668. 성내삼성아파트,3183,2022-04-01,대여소별 이용정보 22.4.csv
광진구,중랑1팀,551. 구의삼성쉐르빌 앞,3189,2022-04-01,대여소별 이용정보 22.4.csv
마포구,상암1팀,497.합정동주민센터 앞,3203,2022-04-01,대여소별 이용정보 22.4.csv
동대문구,훈련원3팀,659. 제기역1번출구,3203,2022-04-01,대여소별 이용정보 22.4.csv
송파구,천호2팀,4452. 삼성SDS,3206,2022-04-01,대여소별 이용정보 22.4.csv
송파구,학여울2팀,4483. 잠실나들목4,3208,2022-04-01,대여소별 이용정보 22.4.csv
종로구,세종로1팀,302. 경복궁역 4번출구 뒤,3214,2022-04-01,대여소별 이용정보 22.4.csv
송파구,천호2팀,1248. 방이초등학교,3217,2022-04-01,대여소별 이용정보 22.4.csv
마포구,상암1팀,498.연남동주민센터 앞,3218,2022-04-01,대여소별 이용정보 22.4.csv
광진구,중랑1팀,584. 광진광장 교통섬,3227,2022-04-01,대여소별 이용정보 22.4.csv
중랑구,중랑3팀,1451. 중랑세무서,3227,2022-04-01,대여소별 이용정보 22.4.csv
동대문구,훈련원3팀,677.청량리역 4번 5번출구 사이,3229,2022-04-01,대여소별 이용정보 22.4.csv
강북구,도봉4팀,1569.수유역2번출구,3230,2022-04-01,대여소별 이용정보 22.4.csv
광진구,중랑1팀,548. 자양나들목,3232,2022-04-01,대여소별 이용정보 22.4.csv
동대문구,훈련원4팀,648. 장안동위더스빌옆,3234,2022-04-01,대여소별 이용정보 22.4.csv
강동구,천호1팀,1024. 강동구청 앞,3236,2022-04-01,대여소별 이용정보 22.4.csv
중랑구,중랑3팀,1414. 사가정역 2번출구,3237,2022-04-01,대여소별 이용정보 22.4.csv
영등포구,영남3팀,209. 유진투자증권빌딩 앞,3238,2022-04-01,대여소별 이용정보 22.4.csv
강동구,천호1팀,3680. 강동역3번출구,3242,2022-04-01,대여소별 이용정보 22.4.csv
영등포구,영남1팀,243. 이앤씨드림타워 앞,3243,2022-04-01,대여소별 이용정보 22.4.csv
강동구,천호1팀,1011. LIGA 아파트 앞,3244,2022-04-01,대여소별 이용정보 22.4.csv
동대문구,훈련원4팀,4122. 청계9가교차로 앞,3249,2022-04-01,대여소별 이용정보 22.4.csv
종로구,훈련원1팀,342. 대학로 마로니에공원,3257,2022-04-01,대여소별 이용정보 22.4.csv
노원구,도봉2팀,2915.서울과학기술대학교(어학교육원),3257,2022-04-01,대여소별 이용정보 22.4.csv
마포구,상암1팀,114. 홍대입구역 8번출구 앞,3274,2022-04-01,대여소별 이용정보 22.4.csv
광진구,중랑1팀,592. 건국대학교 학생회관,3275,2022-04-01,대여소별 이용정보 22.4.csv
광진구,중랑1팀,3500. 군자역2번출구,3279,2022-04-01,대여소별 이용정보 22.4.csv
영등포구,영남3팀,278. 쌍용플레티넘오피스텔,3282,2022-04-01,대여소별 이용정보 22.4.csv
관악구,영남2팀,2176. 보라매공원 보도육교,3288,2022-04-01,대여소별 이용정보 22.4.csv
금천구,천왕3팀,1827. 독산보도육교 앞 자전거 보관소,3288,2022-04-01,대여소별 이용정보 22.4.csv
영등포구,영남3팀,4564. 63스퀘어,3301,2022-04-01,대여소별 이용정보 22.4.csv
노원구,도봉2팀,1663. 동해문화예술관앞,3308,2022-04-01,대여소별 이용정보 22.4.csv
마포구,상암1팀,415. DMC역 9번출구 앞,3310,2022-04-01,대여소별 이용정보 22.4.csv
영등포구,영남1팀,245. 삼성생명 당산사옥 앞,3319,2022-04-01,대여소별 이용정보 22.4.csv
영등포구,영남3팀,205. 산업은행 앞,3322,2022-04-01,대여소별 이용정보 22.4.csv
중랑구,중랑3팀,1452. 겸재교 진입부,3324,2022-04-01,대여소별 이용정보 22.4.csv
서대문구,상암2팀,131. 증산2교,3325,2022-04-01,대여소별 이용정보 22.4.csv
강서구,개화3팀,1157. 강서구청,3335,2022-04-01,대여소별 이용정보 22.4.csv
관악구,영남2팀,2107. 도림천 신화교,3337,2022-04-01,대여소별 이용정보 22.4.csv
강동구,천호1팀,3681. 길동 마루빌딩,3341,2022-04-01,대여소별 이용정보 22.4.csv
마포구,상암1팀,4233. 코오롱아파트사거리,3350,2022-04-01,대여소별 이용정보 22.4.csv
영등포구,영남3팀,213. KT앞,3355,2022-04-01,대여소별 이용정보 22.4.csv
광진구,중랑1팀,588. 뚝섬 유원지역,3358,2022-04-01,대여소별 이용정보 22.4.csv
영등포구,영남3팀,217. NH농협은행 앞,3359,2022-04-01,대여소별 이용정보 22.4.csv
노원구,도봉2팀,4029. 청소년수련관 후문,3369,2022-04-01,대여소별 이용정보 22.4.csv
성동구,중랑2팀,512. 뚝섬역 1번 출구 옆,3370,2022-04-01,대여소별 이용정보 22.4.csv
강서구,개화3팀,3780. 등촌서광아파트,3385,2022-04-01,대여소별 이용정보 22.4.csv
영등포구,영남1팀,283. 아크로타워 스퀘어(영등포시장),3386,2022-04-01,대여소별 이용정보 22.4.csv
구로구,천왕2팀,1955. 디지털입구 교차로,3391,2022-04-01,대여소별 이용정보 22.4.csv
송파구,학여울2팀,2601. 석촌호수 아뜰리에,3399,2022-04-01,대여소별 이용정보 22.4.csv
강서구,개화3팀,1118. 증미역 3번출구뒤(등촌두산위브센티움오피스텔),3400,2022-04-01,대여소별 이용정보 22.4.csv
도봉구,도봉3팀,1721. 창동역 2번출구,3407,2022-04-01,대여소별 이용정보 22.4.csv
강서구,개화3팀,2704.홈플러스(강서점),3407,2022-04-01,대여소별 이용정보 22.4.csv
금천구,천왕2팀,1867.대륭포스트타워6차 앞,3408,2022-04-01,대여소별 이용정보 22.4.csv
용산구,세종로3팀,825. 서빙고동 주민센터 앞,3419,2022-04-01,대여소별 이용정보 22.4.csv
양천구,영남1팀,764. 목동청소년수련관,3421,2022-04-01,대여소별 이용정보 22.4.csv
송파구,학여울2팀,1232. 잠실주공 521동 건너편,3423,2022-04-01,대여소별 이용정보 22.4.csv
영등포구,영남3팀,201. 진미파라곤 앞,3428,2022-04-01,대여소별 이용정보 22.4.csv
송파구,천호2팀,4865. 한성백제역 1번출구 뒤,3432,2022-04-01,대여소별 이용정보 22.4.csv
광진구,중랑1팀,505. 자양사거리 광진아크로텔 앞,3433,2022-04-01,대여소별 이용정보 22.4.csv
성동구,중랑2팀,568. 청계8가사거리 부근,3439,2022-04-01,대여소별 이용정보 22.4.csv
광진구,중랑1팀,549. 아차산역 3번출구,3440,2022-04-01,대여소별 이용정보 22.4.csv
영등포구,영남3팀,206. KBS 앞,3449,2022-04-01,대여소별 이용정보 22.4.csv
종로구,훈련원1팀,393. 동대문역 8번 출구,3457,2022-04-01,대여소별 이용정보 22.4.csv
동대문구,훈련원3팀,670.삼육서울병원 버스정류장,3464,2022-04-01,대여소별 이용정보 22.4.csv
마포구,상암1팀,184. 7번가피자 서교망원점,3491,2022-04-01,대여소별 이용정보 22.4.csv
송파구,학여울2팀,2623.석촌동 주민센터,3502,2022-04-01,대여소별 이용정보 22.4.csv
동대문구,훈련원4팀,668.서울축산농협(장안지점),3503,2022-04-01,대여소별 이용정보 22.4.csv
강서구,개화2팀,1184. 마곡13단지,3514,2022-04-01,대여소별 이용정보 22.4.csv
양천구,천왕1팀,787.양천아파트 입구,3516,2022-04-01,대여소별 이용정보 22.4.csv
성동구,중랑2팀,3514. 왕십리교회옆,3518,2022-04-01,대여소별 이용정보 22.4.csv
양천구,개화4팀,734. 신트리공원 입구,3525,2022-04-01,대여소별 이용정보 22.4.csv
송파구,학여울2팀,2641.송파역 4번출구,3526,2022-04-01,대여소별 이용정보 22.4.csv
양천구,영남1팀,780.신정교 하부,3537,2022-04-01,대여소별 이용정보 22.4.csv
강서구,개화2팀,2739.수명산파크1단지교차로,3538,2022-04-01,대여소별 이용정보 22.4.csv
강서구,개화3팀,1173. 강서구청사거리(SH타워),3539,2022-04-01,대여소별 이용정보 22.4.csv
양천구,개화3팀,746. 목동2단지 상가,3541,2022-04-01,대여소별 이용정보 22.4.csv
노원구,도봉2팀,1650. 중계근린공원내,3554,2022-04-01,대여소별 이용정보 22.4.csv
강서구,개화3팀,2708.강서한강자이타워 앞,3555,2022-04-01,대여소별 이용정보 22.4.csv
양천구,개화3팀,726. 목동3단지 시내버스정류장,3557,2022-04-01,대여소별 이용정보 22.4.csv
마포구,상암1팀,419. 홈플러스 앞,3572,2022-04-01,대여소별 이용정보 22.4.csv
노원구,도봉2팀,4046. 경춘선 숲길,3573,2022-04-01,대여소별 이용정보 22.4.csv
영등포구,영남3팀,276. 영등포로터리2,3578,2022-04-01,대여소별 이용정보 22.4.csv
강동구,천호1팀,1090.상일동역 2번출구 앞,3578,2022-04-01,대여소별 이용정보 22.4.csv
광진구,중랑1팀,3575. 자양사거리(서원빌딩),3579,2022-04-01,대여소별 이용정보 22.4.csv
강서구,개화3팀,3789. 염창나들목,3581,2022-04-01,대여소별 이용정보 22.4.csv
송파구,천호2팀,1251. 석촌역 2번출구,3587,2022-04-01,대여소별 이용정보 22.4.csv
송파구,학여울2팀,2646.레이크펠리스101동앞,3594,2022-04-01,대여소별 이용정보 22.4.csv
강남구,학여울2팀,2377. 수서역 5번출구,3613,2022-04-01,대여소별 이용정보 22.4.csv
송파구,천호2팀,4481. 올림픽공원 북2문 2,3624,2022-04-01,대여소별 이용정보 22.4.csv
송파구,학여울2팀,1293. 석촌호수 서호 사거리,3624,2022-04-01,대여소별 이용정보 22.4.csv
강서구,개화1팀,"1191. 마곡역 버스정류장(마곡나루역1번출구, 웰튼병원 방면)",3628,2022-04-01,대여소별 이용정보 22.4.csv
구로구,천왕2팀,1996. 구일역 1번 출입구 앞,3629,2022-04-01,대여소별 이용정보 22.4.csv
송파구,천호2팀,1209. 잠실나루역 (2번 출구 쪽),3630,2022-04-01,대여소별 이용정보 22.4.csv
마포구,상암1팀,418. 월드컵경기장역 3번출구 옆,3636,2022-04-01,대여소별 이용정보 22.4.csv
영등포구,영남3팀,219. 롯데캐슬엠파이어 옆,3640,2022-04-01,대여소별 이용정보 22.4.csv
구로구,천왕2팀,2824.미래사랑어린이공원 앞,3643,2022-04-01,대여소별 이용정보 22.4.csv
광진구,중랑1팀,3570.구의역 리버비스타 오피스텔,3654,2022-04-01,대여소별 이용정보 22.4.csv
영등포구,영남1팀,229. 양평1 보행육교 앞,3655,2022-04-01,대여소별 이용정보 22.4.csv
송파구,천호2팀,2610. 송리단길,3660,2022-04-01,대여소별 이용정보 22.4.csv
영등포구,영남1팀,227. 양평2나들목 보행통로 입구,3668,2022-04-01,대여소별 이용정보 22.4.csv
동대문구,훈련원4팀,641. 용두역 4번출구,3671,2022-04-01,대여소별 이용정보 22.4.csv
강서구,개화2팀,2733.마곡13단지 정문 앞,3685,2022-04-01,대여소별 이용정보 22.4.csv
노원구,도봉2팀,4027. 한내 행복발전소 옆,3696,2022-04-01,대여소별 이용정보 22.4.csv
은평구,상암3팀,906. 연신내역 5번출구,3698,2022-04-01,대여소별 이용정보 22.4.csv
광진구,중랑1팀,3501. 광진구청 앞,3698,2022-04-01,대여소별 이용정보 22.4.csv
동대문구,훈련원3팀,634. 외국어대 정문 앞,3706,2022-04-01,대여소별 이용정보 22.4.csv
송파구,학여울2팀,1231. 잠실역 6번출구,3714,2022-04-01,대여소별 이용정보 22.4.csv
송파구,학여울2팀,2647.잠실 자전거 수리센터 앞,3716,2022-04-01,대여소별 이용정보 22.4.csv
동작구,영남2팀,2050. 노량진역 5번출구,3724,2022-04-01,대여소별 이용정보 22.4.csv
강서구,개화3팀,1122. 황금내근린공원,3726,2022-04-01,대여소별 이용정보 22.4.csv
마포구,상암1팀,144. 공덕역 8번출구,3727,2022-04-01,대여소별 이용정보 22.4.csv
영등포구,영남1팀,4561. 양평역 1번출구,3728,2022-04-01,대여소별 이용정보 22.4.csv
은평구,상암2팀,996.응암역2번출구 국민은행 앞,3732,2022-04-01,대여소별 이용정보 22.4.csv
강서구,개화1팀,2720.힐스테이트에코,3735,2022-04-01,대여소별 이용정보 22.4.csv
노원구,도봉2팀,1610. 화랑대역 2번출구 앞,3741,2022-04-01,대여소별 이용정보 22.4.csv
노원구,도봉2팀,1608. 공릉역 1번 출구 앞,3746,2022-04-01,대여소별 이용정보 22.4.csv
광진구,중랑1팀,3509. 세종사이버대학교,3750,2022-04-01,대여소별 이용정보 22.4.csv
성동구,중랑2팀,3552.서울숲 공영주차장앞,3754,2022-04-01,대여소별 이용정보 22.4.csv
송파구,천호2팀,1218. 방이역 4번출구,3756,2022-04-01,대여소별 이용정보 22.4.csv
강서구,개화1팀,2744.강서세무서 앞,3767,2022-04-01,대여소별 이용정보 22.4.csv
관악구,영남2팀,2109. 은천로입구 가로공원,3775,2022-04-01,대여소별 이용정보 22.4.csv
영등포구,영남1팀,263. 근로자회관 사거리,3785,2022-04-01,대여소별 이용정보 22.4.csv
영등포구,영남1팀,240. 문래역 4번출구 앞,3803,2022-04-01,대여소별 이용정보 22.4.csv
송파구,천호2팀,1297. 석촌호수교차로(동호 팔각정 앞),3811,2022-04-01,대여소별 이용정보 22.4.csv
강동구,천호1팀,1019. 다성이즈빌아파트(호원대 대각선 맞은편),3813,2022-04-01,대여소별 이용정보 22.4.csv
마포구,상암1팀,3002.벽산상암스마트큐브,3844,2022-04-01,대여소별 이용정보 22.4.csv
송파구,천호2팀,4457. 아산병원 기숙사 부근,3850,2022-04-01,대여소별 이용정보 22.4.csv
마포구,상암1팀,146. 마포역 2번출구 뒤,3856,2022-04-01,대여소별 이용정보 22.4.csv
강서구,개화2팀,5052. 마곡역 7번출구,3857,2022-04-01,대여소별 이용정보 22.4.csv
강남구,이수3팀,2301. 현대고등학교 건너편,3861,2022-04-01,대여소별 이용정보 22.4.csv
광진구,중랑1팀,574. 아차산역4번출구,3866,2022-04-01,대여소별 이용정보 22.4.csv
영등포구,영남1팀,293. 충북 미래관,3869,2022-04-01,대여소별 이용정보 22.4.csv
강동구,천호1팀,1020. 강동경찰서,3898,2022-04-01,대여소별 이용정보 22.4.csv
강서구,개화1팀,1106. 신방화사거리,3901,2022-04-01,대여소별 이용정보 22.4.csv
종로구,세종로1팀,458. 광화문역 5번출구,3901,2022-04-01,대여소별 이용정보 22.4.csv
은평구,상암3팀,931. 역촌파출소,3903,2022-04-01,대여소별 이용정보 22.4.csv
강서구,개화2팀,1167. 마곡수명산파크3단지 교차로,3904,2022-04-01,대여소별 이용정보 22.4.csv
강서구,개화3팀,1117. 등촌5단지아파트 버스정류장,3950,2022-04-01,대여소별 이용정보 22.4.csv
송파구,학여울2팀,2639.석촌역 8번출구,3950,2022-04-01,대여소별 이용정보 22.4.csv
종로구,훈련원1팀,361. 동묘앞역 1번출구 뒤,3953,2022-04-01,대여소별 이용정보 22.4.csv
성북구,훈련원2팀,1355. 보문2교,3963,2022-04-01,대여소별 이용정보 22.4.csv
마포구,상암1팀,103. 망원역 2번출구 앞,3997,2022-04-01,대여소별 이용정보 22.4.csv
은평구,상암2팀,914. 새절역 2번출구,4004,2022-04-01,대여소별 이용정보 22.4.csv
중구,훈련원1팀,431. 청계천 영도교,4008,2022-04-01,대여소별 이용정보 22.4.csv
광진구,중랑1팀,3571.화양 APT(횡단보도 옆),4033,2022-04-01,대여소별 이용정보 22.4.csv
노원구,도봉1팀,1674. 서울북부고용센터앞,4045,2022-04-01,대여소별 이용정보 22.4.csv
영등포구,영남1팀,4571. 문래동롯데캐슬아파트,4065,2022-04-01,대여소별 이용정보 22.4.csv
노원구,도봉2팀,1684. 태릉입구역 5번출구,4066,2022-04-01,대여소별 이용정보 22.4.csv
광진구,중랑1팀,3534. 건대입구역 5번출구 뒤,4100,2022-04-01,대여소별 이용정보 22.4.csv
강서구,개화1팀,2721.등촌1-10단지 교차로,4111,2022-04-01,대여소별 이용정보 22.4.csv
중구,훈련원1팀,383. 신당역 12번 출구 뒤,4116,2022-04-01,대여소별 이용정보 22.4.csv
강서구,개화1팀,1193. 마곡센트럴타워 1차,4134,2022-04-01,대여소별 이용정보 22.4.csv
동대문구,훈련원4팀,631. 답십리역 1번출구,4143,2022-04-01,대여소별 이용정보 22.4.csv
강서구,개화1팀,2717.LG유플러스 마곡사옥,4157,2022-04-01,대여소별 이용정보 22.4.csv
노원구,도봉1팀,1653. 노원역1번출구,4190,2022-04-01,대여소별 이용정보 22.4.csv
양천구,영남1팀,708. 서울출입국관리사무소 앞,4198,2022-04-01,대여소별 이용정보 22.4.csv
마포구,상암1팀,147. 마포역 4번출구 뒤,4208,2022-04-01,대여소별 이용정보 22.4.csv
강동구,천호1팀,1008. 암사역 3번출구(국민은행앞),4208,2022-04-01,대여소별 이용정보 22.4.csv
서초구,이수3팀,"4330. 반포한강공원입구,씨티21옆",4228,2022-04-01,대여소별 이용정보 22.4.csv
서대문구,상암2팀,117. 홍은사거리,4233,2022-04-01,대여소별 이용정보 22.4.csv
송파구,천호2팀,2621. 한성백제역 2번 출구,4238,2022-04-01,대여소별 이용정보 22.4.csv
강서구,개화2팀,1125. 명덕고교입구(영종빌딩),4272,2022-04-01,대여소별 이용정보 22.4.csv
강동구,천호1팀,1044. 굽은다리역,4291,2022-04-01,대여소별 이용정보 22.4.csv
동작구,이수2팀,2025. 흑석역 1번출구,4304,2022-04-01,대여소별 이용정보 22.4.csv
영등포구,영남3팀,259. 대방역6번출구,4329,2022-04-01,대여소별 이용정보 22.4.csv
구로구,천왕2팀,1985. 구로도서관,4331,2022-04-01,대여소별 이용정보 22.4.csv
송파구,천호2팀,1268. 몽촌토성역 1번출구 옆,4345,2022-04-01,대여소별 이용정보 22.4.csv
노원구,도봉2팀,2919.등나무 근린공원(시립북서울미술관 앞),4366,2022-04-01,대여소별 이용정보 22.4.csv
강서구,개화1팀,1166. 강서구립등빛도서관,4370,2022-04-01,대여소별 이용정보 22.4.csv
송파구,천호1팀,1264. 천호역 10번 출구 앞,4370,2022-04-01,대여소별 이용정보 22.4.csv
강서구,개화2팀,1152. 마곡역교차로,4394,2022-04-01,대여소별 이용정보 22.4.csv
관악구,영남2팀,2135. 신림역 5번출구,4410,2022-04-01,대여소별 이용정보 22.4.csv
성동구,중랑2팀,3559.성동구민종합체육센터 앞,4500,2022-04-01,대여소별 이용정보 22.4.csv
송파구,학여울2팀,2613. 잠실나들목,4504,2022-04-01,대여소별 이용정보 22.4.csv
강서구,개화1팀,1149. 신방화역환승주차장,4521,2022-04-01,대여소별 이용정보 22.4.csv
마포구,상암1팀,102. 망원역 1번출구 앞,4535,2022-04-01,대여소별 이용정보 22.4.csv
강서구,개화1팀,1112. 마곡엠밸리4단지 정문,4537,2022-04-01,대여소별 이용정보 22.4.csv
마포구,상암1팀,186. 월드컵공원,4589,2022-04-01,대여소별 이용정보 22.4.csv
노원구,도봉2팀,1601. 석계역 문화광장 내 자전거 보관소,4612,2022-04-01,대여소별 이용정보 22.4.csv
강동구,천호1팀,1050. 둔촌역 3번 출입구,4632,2022-04-01,대여소별 이용정보 22.4.csv
영등포구,영남3팀,248. 초원아파트 앞,4653,2022-04-01,대여소별 이용정보 22.4.csv
용산구,세종로3팀,870.노들섬 서측 앞,4663,2022-04-01,대여소별 이용정보 22.4.csv
양천구,영남1팀,703. 오목교역 7번출구 앞,4682,2022-04-01,대여소별 이용정보 22.4.csv
양천구,영남1팀,769.CBS방송국 앞,4695,2022-04-01,대여소별 이용정보 22.4.csv
용산구,세종로3팀,853.용산역 맞은편,4721,2022-04-01,대여소별 이용정보 22.4.csv
노원구,도봉2팀,1611. 과기대 입구(우),4730,2022-04-01,대여소별 이용정보 22.4.csv
성동구,중랑2팀,585. 성수2가1동 공영주차장 인근,4760,2022-04-01,대여소별 이용정보 22.4.csv
영등포구,영남1팀,262. 영문초등학교 사거리,4790,2022-04-01,대여소별 이용정보 22.4.csv
양천구,영남1팀,792.목동트라팰리스 웨스턴에비뉴,4795,2022-04-01,대여소별 이용정보 22.4.csv
동대문구,훈련원4팀,602. 장안동 사거리,4803,2022-04-01,대여소별 이용정보 22.4.csv
성동구,중랑2팀,509. 이마트 버스정류소 옆,4858,2022-04-01,대여소별 이용정보 22.4.csv
양천구,개화4팀,"785.양천구청, 보건소 사잇길",4859,2022-04-01,대여소별 이용정보 22.4.csv
광진구,중랑1팀,3541. 커먼그라운드,4931,2022-04-01,대여소별 이용정보 22.4.csv
노원구,도봉1팀,1625. 상계역(4번출구),4964,2022-04-01,대여소별 이용정보 22.4.csv
송파구,천호2팀,4870. 몽촌토성역 3번 출구,4966,2022-04-01,대여소별 이용정보 22.4.csv
영등포구,영남1팀,4565. 영등포 신세계백화점,4985,2022-04-01,대여소별 이용정보 22.4.csv
광진구,중랑1팀,3518. 군자역 7번출구뒤,4991,2022-04-01,대여소별 이용정보 22.4.csv
강서구,개화2팀,3798. 그랜드아이파크아파트 앞,4993,2022-04-01,대여소별 이용정보 22.4.csv
마포구,상암1팀,3010.홍대입구역 3번출구,5057,2022-04-01,대여소별 이용정보 22.4.csv
구로구,천왕1팀,1925. 동양미래대학교 정문 옆,5072,2022-04-01,대여소별 이용정보 22.4.csv
성동구,중랑2팀,567. 성수역 2번출구 앞,5136,2022-04-01,대여소별 이용정보 22.4.csv
영등포구,영남3팀,249. 여의도중학교 옆,5241,2022-04-01,대여소별 이용정보 22.4.csv
광진구,중랑1팀,3569.건대병원후문,5244,2022-04-01,대여소별 이용정보 22.4.csv
영등포구,영남1팀,228. 선유도역 3번출구 앞,5245,2022-04-01,대여소별 이용정보 22.4.csv
송파구,학여울2팀,1222. 잠실새내역 5번 출구 뒤,5284,2022-04-01,대여소별 이용정보 22.4.csv
노원구,도봉1팀,1637. KT 전화국 버스정류장 옆,5318,2022-04-01,대여소별 이용정보 22.4.csv
서초구,이수3팀,2262. 한신16차아파트 119동 앞,5366,2022-04-01,대여소별 이용정보 22.4.csv
성동구,중랑2팀,3600.사근빗물펌프장 건너편,5387,2022-04-01,대여소별 이용정보 22.4.csv
마포구,상암1팀,106. 합정역 7번출구 앞,5409,2022-04-01,대여소별 이용정보 22.4.csv
동대문구,훈련원4팀,646. 장한평역 1번출구,5443,2022-04-01,대여소별 이용정보 22.4.csv
강서구,개화1팀,1160. 양천향교역 7번출구앞,5512,2022-04-01,대여소별 이용정보 22.4.csv
성동구,중랑2팀,589. 성수역3번출구,5623,2022-04-01,대여소별 이용정보 22.4.csv
강동구,천호1팀,1009. 천호역4번출구(현대백화점),5651,2022-04-01,대여소별 이용정보 22.4.csv
구로구,천왕2팀,3904. 테크노마트 앞,5815,2022-04-01,대여소별 이용정보 22.4.csv
관악구,영남2팀,2183. 동방1교,5833,2022-04-01,대여소별 이용정보 22.4.csv
동작구,영남2팀,2002. 노들역 1번출구,5891,2022-04-01,대여소별 이용정보 22.4.csv
영등포구,영남3팀,274. 영등포역지하쇼핑센타 5번출구,5891,2022-04-01,대여소별 이용정보 22.4.csv
송파구,천호2팀,1211. 방이삼거리,5921,2022-04-01,대여소별 이용정보 22.4.csv
강서구,개화2팀,1124. 발산역 6번 출구 뒤,5990,2022-04-01,대여소별 이용정보 22.4.csv
마포구,상암1팀,113. 홍대입구역 2번출구 앞,6009,2022-04-01,대여소별 이용정보 22.4.csv
송파구,천호2팀,2620. 송파나루역 4번 출구옆,6047,2022-04-01,대여소별 이용정보 22.4.csv
송파구,천호2팀,1295. 잠실역 8번출구,6132,2022-04-01,대여소별 이용정보 22.4.csv
양천구,영남1팀,765. 오목교역 3번출구,6137,2022-04-01,대여소별 이용정보 22.4.csv
은평구,상암2팀,907. CJ 드림시티,6175,2022-04-01,대여소별 이용정보 22.4.csv
성북구,훈련원2팀,1308. 안암로터리 버스정류장 앞,6351,2022-04-01,대여소별 이용정보 22.4.csv
영등포구,영남3팀,202. 국민일보 앞,6375,2022-04-01,대여소별 이용정보 22.4.csv
영등포구,영남1팀,230. 영등포구청역 1번출구,6422,2022-04-01,대여소별 이용정보 22.4.csv
성동구,중랑2팀,3511. 응봉역 1번출구,6426,2022-04-01,대여소별 이용정보 22.4.csv
송파구,천호2팀,2608. 송파구청,6440,2022-04-01,대여소별 이용정보 22.4.csv
성동구,중랑2팀,3515. 서울숲 관리사무소,6480,2022-04-01,대여소별 이용정보 22.4.csv
관악구,영남2팀,2173. 당곡사거리,6492,2022-04-01,대여소별 이용정보 22.4.csv
서초구,이수3팀,"2219. 고속터미널역 8-1번, 8-2번 출구 사이",6707,2022-04-01,대여소별 이용정보 22.4.csv
성동구,중랑2팀,565. 옥수역 3번출구,6918,2022-04-01,대여소별 이용정보 22.4.csv
강서구,개화3팀,1158. 가양역 8번출구,7183,2022-04-01,대여소별 이용정보 22.4.csv
양천구,영남1팀,770.목동역5번출구 교통정보센터 앞,7391,2022-04-01,대여소별 이용정보 22.4.csv
강서구,개화1팀,2728.마곡나루역 3번 출구,7465,2022-04-01,대여소별 이용정보 22.4.csv
구로구,천왕2팀,1906. 신도림역 1번 출구 앞,7655,2022-04-01,대여소별 이용정보 22.4.csv
구로구,천왕2팀,1911. 구로디지털단지역 앞,7732,2022-04-01,대여소별 이용정보 22.4.csv
강서구,개화1팀,"1153. 발산역 1번, 9번 인근 대여소",7925,2022-04-01,대여소별 이용정보 22.4.csv
광진구,중랑1팀,3533. 건대입구역 사거리(롯데백화점),7950,2022-04-01,대여소별 이용정보 22.4.csv
영등포구,영남1팀,247. 당산역 10번출구 앞,8054,2022-04-01,대여소별 이용정보 22.4.csv
강서구,개화1팀,2701. 마곡나루역 5번출구 뒤편,8395,2022-04-01,대여소별 이용정보 22.4.csv
송파구,천호2팀,2622. 올림픽공원역 3번출구,9044,2022-04-01,대여소별 이용정보 22.4.csv
관악구,영남2팀,2177. 신대방역 2번 출구,9150,2022-04-01,대여소별 이용정보 22.4.csv
영등포구,영남1팀,272. 당산육갑문,9355,2022-04-01,대여소별 이용정보 22.4.csv
영등포구,영남3팀,210. IFC몰,10877,2022-04-01,대여소별 이용정보 22.4.csv
관악구,영남2팀,2102. 봉림교 교통섬,11060,2022-04-01,대여소별 이용정보 22.4.csv
송파구,천호2팀,1210. 롯데월드타워(잠실역2번출구 쪽),11117,2022-04-01,대여소별 이용정보 22.4.csv
강서구,개화1팀,2715.마곡나루역 2번 출구,12962,2022-04-01,대여소별 이용정보 22.4.csv
마포구,상암1팀,4217. 한강공원 망원나들목,17282,2022-04-01,대여소별 이용정보 22.4.csv
광진구,중랑1팀,502. 뚝섬유원지역 1번출구 앞,18598,2022-04-01,대여소별 이용정보 22.4.csv
영등포구,영남3팀,207. 여의나루역 1번출구 앞,20291,2022-04-01,대여소별 이용정보 22.4.csv
은평구,상암2팀,943. 은평구청 보건소,0,2022-05-01,대여소별 이용정보 22.5.csv
강남구,학여울1팀,2391. 구룡터널 입구(개포1단지아파트),9,2022-05-01,대여소별 이용정보 22.5.csv
성동구,테스트,9980. 에이텍,14,2022-05-01,대여소별 이용정보 22.5.csv
서초구,이수1팀,4314. 탑성마을 버스정거장 옆,32,2022-05-01,대여소별 이용정보 22.5.csv
성동구,중랑2팀,3527. 왕십리 자이아파트,39,2022-05-01,대여소별 이용정보 22.5.csv
마포구,상암1팀,4240. 아현문화건강센터,43,2022-05-01,대여소별 이용정보 22.5.csv
서초구,이수1팀,4322.서울추모공원 입구,47,2022-05-01,대여소별 이용정보 22.5.csv
구로구,천왕1팀,3922. 서울남부교정시설 앞,53,2022-05-01,대여소별 이용정보 22.5.csv
성동구,중랑2팀,3538. 서울숲 IT캐슬,53,2022-05-01,대여소별 이용정보 22.5.csv
서초구,이수1팀,2286. 탑성마을입구,56,2022-05-01,대여소별 이용정보 22.5.csv
서초구,이수1팀,2288. 안골마을입구,58,2022-05-01,대여소별 이용정보 22.5.csv
동작구,이수2팀,4178. 이수성결교회 옆,70,2022-05-01,대여소별 이용정보 22.5.csv
용산구,세종로3팀,865.하얏트호텔 앞,73,2022-05-01,대여소별 이용정보 22.5.csv
서초구,이수1팀,2536.서초종합체육관 입구,82,2022-05-01,대여소별 이용정보 22.5.csv
강남구,이수3팀,4903. 신사스퀘어,84,2022-05-01,대여소별 이용정보 22.5.csv
서초구,이수1팀,2275. 염곡치안센터 건너편,84,2022-05-01,대여소별 이용정보 22.5.csv
마포구,상암1팀,3003.래미안신공덕3차아파트,85,2022-05-01,대여소별 이용정보 22.5.csv
서초구,이수1팀,2287. 능안마을입구,86,2022-05-01,대여소별 이용정보 22.5.csv
강남구,이수1팀,2393. 구룡사 앞 교차로 (보도육교),93,2022-05-01,대여소별 이용정보 22.5.csv
동작구,이수2팀,4177. 롯데캐슬 101동 앞,97,2022-05-01,대여소별 이용정보 22.5.csv
용산구,세종로3팀,859.남산공원 야외식물원 앞,97,2022-05-01,대여소별 이용정보 22.5.csv
관악구,영남2팀,2113. 관악동작견인차량보관소,102,2022-05-01,대여소별 이용정보 22.5.csv
종로구,세종로1팀,4709. 천지인 오피스텔 앞,102,2022-05-01,대여소별 이용정보 22.5.csv
서초구,이수2팀,2506. LG유플러스 (방배사옥),106,2022-05-01,대여소별 이용정보 22.5.csv
구로구,천왕1팀,2813.항동지구 3단지 302동 앞,107,2022-05-01,대여소별 이용정보 22.5.csv
강남구,학여울2팀,2343. 세곡사거리 대왕파출소 앞,113,2022-05-01,대여소별 이용정보 22.5.csv
강남구,학여울1팀,2395. 개포1단지아파트 입구 (보도육교),119,2022-05-01,대여소별 이용정보 22.5.csv
서초구,이수1팀,2201. 본마을 정류소 앞,121,2022-05-01,대여소별 이용정보 22.5.csv
서초구,이수2팀,2289. 남태령역 2번출구,122,2022-05-01,대여소별 이용정보 22.5.csv
성북구,훈련원2팀,4417. 성북청소년문화의집,129,2022-05-01,대여소별 이용정보 22.5.csv
송파구,학여울2팀,2612. 문정·가락 대여소 앞,133,2022-05-01,대여소별 이용정보 22.5.csv
송파구,천호2팀,5751. 송파여성축구장,134,2022-05-01,대여소별 이용정보 22.5.csv
강남구,학여울2팀,3610. 윗반마을 입구,134,2022-05-01,대여소별 이용정보 22.5.csv
중구,세종로 4팀,484.도동삼거리,134,2022-05-01,대여소별 이용정보 22.5.csv
성북구,훈련원2팀,1352. e 편한세상 보문아파트 내,140,2022-05-01,대여소별 이용정보 22.5.csv
강동구,천호1팀,3677. 강동구음식물재활용센터,146,2022-05-01,대여소별 이용정보 22.5.csv
관악구,영남2팀,3306.서울신우초등학교,147,2022-05-01,대여소별 이용정보 22.5.csv
구로구,천왕1팀,2810.항동지구 3단지 311동 앞,150,2022-05-01,대여소별 이용정보 22.5.csv
은평구,상암3팀,991.흥국사 정류장,150,2022-05-01,대여소별 이용정보 22.5.csv
금천구,천왕3팀,3971. 순흥안씨묘 건너편,151,2022-05-01,대여소별 이용정보 22.5.csv
중구,세종로 4팀,4760. 서울역 7번출구,151,2022-05-01,대여소별 이용정보 22.5.csv
종로구,세종로1팀,462. 신영동삼거리(북악터널방향),152,2022-05-01,대여소별 이용정보 22.5.csv
강남구,학여울1팀,3648. 구룡역 4번 출구,152,2022-05-01,대여소별 이용정보 22.5.csv
금천구,천왕3팀,1842. 한울중학교,153,2022-05-01,대여소별 이용정보 22.5.csv
송파구,천호2팀,4861. 거여삼거리,158,2022-05-01,대여소별 이용정보 22.5.csv
광진구,중랑1팀,3878. 장로회신학대학교 주기철 기념관,161,2022-05-01,대여소별 이용정보 22.5.csv
노원구,도봉2팀,5305. 대륜E&S 서울지사 앞,162,2022-05-01,대여소별 이용정보 22.5.csv
강북구,도봉4팀,1550.삼각산아이원아파트(105동 옆),164,2022-05-01,대여소별 이용정보 22.5.csv
구로구,천왕1팀,2816.항동지구 8단지 803동옆(주차장입구),168,2022-05-01,대여소별 이용정보 22.5.csv
양천구,개화4팀,4538. 양천공영차고지,169,2022-05-01,대여소별 이용정보 22.5.csv
성동구,중랑2팀,564. 금호역 3번출구,169,2022-05-01,대여소별 이용정보 22.5.csv
종로구,세종로1팀,3429.HW컨벤션센터 앞,170,2022-05-01,대여소별 이용정보 22.5.csv
성동구,중랑2팀,3532. 왕십리KCC스위첸아파트,170,2022-05-01,대여소별 이용정보 22.5.csv
송파구,천호2팀,4853. 송파 안전체험교육관,171,2022-05-01,대여소별 이용정보 22.5.csv
성동구,중랑2팀,4363. 신금호역 2번출구 앞,174,2022-05-01,대여소별 이용정보 22.5.csv
서초구,이수3팀,4305. 서일스포츠센터,174,2022-05-01,대여소별 이용정보 22.5.csv
강동구,천호1팀,1052. 리싸이클시티,179,2022-05-01,대여소별 이용정보 22.5.csv
강남구,학여울1팀,2392. 구룡산 입구 (구룡산 서울둘레길 입구),179,2022-05-01,대여소별 이용정보 22.5.csv
종로구,훈련원1팀,3418.창신역2번 출구,180,2022-05-01,대여소별 이용정보 22.5.csv
동작구,영남2팀,2096.서울특별시 동작관악교육지원청,181,2022-05-01,대여소별 이용정보 22.5.csv
종로구,세종로1팀,4702. 평창동 주민센터,184,2022-05-01,대여소별 이용정보 22.5.csv
성북구,훈련원2팀,4415. 미아초교버스승강장,186,2022-05-01,대여소별 이용정보 22.5.csv
노원구,도봉2팀,1680. 삼육대 제3과학관,188,2022-05-01,대여소별 이용정보 22.5.csv
서초구,이수1팀,4310. 염곡동(염통골) 입구,188,2022-05-01,대여소별 이용정보 22.5.csv
종로구,세종로1팀,3430.구기치안센터 앞,191,2022-05-01,대여소별 이용정보 22.5.csv
성북구,훈련원2팀,1342. 성북쉼터 앞,192,2022-05-01,대여소별 이용정보 22.5.csv
은평구,상암3팀,937. 상림마을 롯데캐슬2단지 옆,192,2022-05-01,대여소별 이용정보 22.5.csv
동작구,이수2팀,2068. 총신대 앞(육교),193,2022-05-01,대여소별 이용정보 22.5.csv
중구,훈련원1팀,381. 장충체육관,195,2022-05-01,대여소별 이용정보 22.5.csv
종로구,세종로1팀,447. 신영동삼거리,195,2022-05-01,대여소별 이용정보 22.5.csv
영등포구,영남3팀,200. 국회의원회관,195,2022-05-01,대여소별 이용정보 22.5.csv
성동구,중랑2팀,523. 옥수동성당 옆,196,2022-05-01,대여소별 이용정보 22.5.csv
종로구,세종로1팀,3403.서울특별시 교육청,197,2022-05-01,대여소별 이용정보 22.5.csv
서초구,이수3팀,4324. 세화고등학교,199,2022-05-01,대여소별 이용정보 22.5.csv
중구,세종로 4팀,4782. 서소문역사공원,202,2022-05-01,대여소별 이용정보 22.5.csv
서초구,이수1팀,4323. 내곡도서관,204,2022-05-01,대여소별 이용정보 22.5.csv
서초구,이수2팀,2284. CJ오쇼핑앞,205,2022-05-01,대여소별 이용정보 22.5.csv
서초구,이수3팀,2282. 방배래미안아트힐 101동앞,209,2022-05-01,대여소별 이용정보 22.5.csv
구로구,천왕1팀,2805.구로자원순환센터,209,2022-05-01,대여소별 이용정보 22.5.csv
중랑구,중랑3팀,1467.sk신내 주유소앞(용마산로),210,2022-05-01,대여소별 이용정보 22.5.csv
관악구,이수2팀,2199.신봉천주유소 A,211,2022-05-01,대여소별 이용정보 22.5.csv
동작구,이수2팀,2061. 한강 현대아파트 건너편,212,2022-05-01,대여소별 이용정보 22.5.csv
동작구,이수2팀,2093.상도SH빌아파트 입구,212,2022-05-01,대여소별 이용정보 22.5.csv
은평구,상암3팀,968. 은평뉴타운 상림마을 13단지,214,2022-05-01,대여소별 이용정보 22.5.csv
강남구,학여울1팀,3622. 은마아파트입구 사거리(1),214,2022-05-01,대여소별 이용정보 22.5.csv
양천구,개화4팀,4523. 구립양천어르신요양센터,214,2022-05-01,대여소별 이용정보 22.5.csv
중구,훈련원1팀,429. 송도병원,216,2022-05-01,대여소별 이용정보 22.5.csv
중구,훈련원1팀,4777. 약수동 주민센터,218,2022-05-01,대여소별 이용정보 22.5.csv
은평구,상암3팀,924. 메뚜기다리,222,2022-05-01,대여소별 이용정보 22.5.csv
서초구,이수1팀,2541.옛골 입구,223,2022-05-01,대여소별 이용정보 22.5.csv
강서구,개화3팀,5078. 왈도강서캠퍼스 앞,223,2022-05-01,대여소별 이용정보 22.5.csv
서초구,이수1팀,2207. 내곡파출소 뒤 정자,224,2022-05-01,대여소별 이용정보 22.5.csv
종로구,훈련원1팀,3404.서울특별시 중부교육지원청,226,2022-05-01,대여소별 이용정보 22.5.csv
용산구,세종로3팀,803. 한남초교 앞 보도육교,226,2022-05-01,대여소별 이용정보 22.5.csv
서초구,이수1팀,4309. 서초케이타운앞,227,2022-05-01,대여소별 이용정보 22.5.csv
용산구,세종로3팀,4612. 한남 준 J.FSS 앞,228,2022-05-01,대여소별 이용정보 22.5.csv
서초구,이수2팀,2225.백석예술대학교 제3캠퍼스 앞,228,2022-05-01,대여소별 이용정보 22.5.csv
서초구,이수1팀,2248. 서초리슈빌S 글로벌 앞,229,2022-05-01,대여소별 이용정보 22.5.csv
강동구,천호1팀,1039. 고덕초등학교,229,2022-05-01,대여소별 이용정보 22.5.csv
용산구,세종로 4팀,4602. 숙명여대앞 버스정류소 주변,230,2022-05-01,대여소별 이용정보 22.5.csv
강북구,도봉4팀,1572. 우이동 먹거리마을,231,2022-05-01,대여소별 이용정보 22.5.csv
종로구,세종로2팀,465. 삼청공원 앞,232,2022-05-01,대여소별 이용정보 22.5.csv
강서구,개화1팀,3781. 강서아동복지센터,232,2022-05-01,대여소별 이용정보 22.5.csv
서대문구,상암2팀,4265. 안산초등학교 앞,234,2022-05-01,대여소별 이용정보 22.5.csv
송파구,학여울2팀,5753. 호반써밋,234,2022-05-01,대여소별 이용정보 22.5.csv
종로구,세종로1팀,486. 평창동주민센터 앞,237,2022-05-01,대여소별 이용정보 22.5.csv
중구,세종로 4팀,4801. 충정로역 2호선(엘리베이터 앞),243,2022-05-01,대여소별 이용정보 22.5.csv
서초구,이수3팀,4327. 몽마르뜨공원입구,244,2022-05-01,대여소별 이용정보 22.5.csv
송파구,학여울2팀,1242. 문정 법조단지6,245,2022-05-01,대여소별 이용정보 22.5.csv
중랑구,중랑3팀,4830. 신내 우디안 111동 앞,248,2022-05-01,대여소별 이용정보 22.5.csv
중랑구,중랑3팀,1424. 양원역 2번출구,249,2022-05-01,대여소별 이용정보 22.5.csv
용산구,세종로3팀,4611. 국제루터교회 앞,250,2022-05-01,대여소별 이용정보 22.5.csv
강남구,학여울2팀,2401. 밀알학교 입구 (삼성서울병원 입구),251,2022-05-01,대여소별 이용정보 22.5.csv
강남구,학여울1팀,2334. 삼호아파트 2동 ( 간선도로),251,2022-05-01,대여소별 이용정보 22.5.csv
성북구,훈련원2팀,1379.길음뉴타운푸르지오아파트 3단지,253,2022-05-01,대여소별 이용정보 22.5.csv
송파구,학여울2팀,2659.서울친환경유통센터,253,2022-05-01,대여소별 이용정보 22.5.csv
금천구,천왕3팀,1855. 성지아파트 옆 도로변,255,2022-05-01,대여소별 이용정보 22.5.csv
노원구,도봉2팀,4044. 공릉산 백세문 입구,256,2022-05-01,대여소별 이용정보 22.5.csv
동작구,이수2팀,2092.흑석한강푸르지오(110동),257,2022-05-01,대여소별 이용정보 22.5.csv
서초구,이수2팀,2226. 신동아럭스빌아파트 앞,258,2022-05-01,대여소별 이용정보 22.5.csv
강북구,상암1팀,4269. 연희IC 남측,259,2022-05-01,대여소별 이용정보 22.5.csv
금천구,천왕3팀,1864.산호시티빌 옆,261,2022-05-01,대여소별 이용정보 22.5.csv
강남구,학여울2팀,2425.세곡동 사거리(대왕초등학교 정류장),262,2022-05-01,대여소별 이용정보 22.5.csv
강동구,천호1팀,3652. 한영외국어고등학교,268,2022-05-01,대여소별 이용정보 22.5.csv
서초구,이수1팀,2257. 청계산 입구 삼거리,269,2022-05-01,대여소별 이용정보 22.5.csv
종로구,세종로1팀,3431.로제우스 레포츠센터,270,2022-05-01,대여소별 이용정보 22.5.csv
금천구,천왕3팀,3970. 시흥4동주민센터 앞,270,2022-05-01,대여소별 이용정보 22.5.csv
은평구,상암3팀,938. 금암 문화공원,271,2022-05-01,대여소별 이용정보 22.5.csv
강남구,학여울1팀,3615. 서울 논현동우체국 앞,272,2022-05-01,대여소별 이용정보 22.5.csv
중구,세종로 4팀,4772. 중앙일보,272,2022-05-01,대여소별 이용정보 22.5.csv
용산구,세종로 4팀,4617. 동원베네스트 건너편,273,2022-05-01,대여소별 이용정보 22.5.csv
동작구,이수2팀,2079.중앙대학교 중앙광장,275,2022-05-01,대여소별 이용정보 22.5.csv
강남구,학여울1팀,3647. 구룡역 1번 출구,276,2022-05-01,대여소별 이용정보 22.5.csv
용산구,세종로3팀,854.HID 유족동지회 앞,277,2022-05-01,대여소별 이용정보 22.5.csv
송파구,천호2팀,4479. 문정중학교,278,2022-05-01,대여소별 이용정보 22.5.csv
송파구,학여울2팀,1250.문정2동 주민센터,279,2022-05-01,대여소별 이용정보 22.5.csv
금천구,천왕3팀,1861.IBK기업은행 석수역 지점 앞,281,2022-05-01,대여소별 이용정보 22.5.csv
서초구,이수3팀,"4330. 반포한강공원입구,씨티21옆",283,2022-05-01,대여소별 이용정보 22.5.csv
구로구,천왕1팀,2806.항동지구 4단지 입구,284,2022-05-01,대여소별 이용정보 22.5.csv
서초구,이수1팀,4319. 삼성전자R&D어린이집 뒤,286,2022-05-01,대여소별 이용정보 22.5.csv
광진구,중랑1팀,3563.구의7단지현대아파트,286,2022-05-01,대여소별 이용정보 22.5.csv
성북구,훈련원2팀,1392.돈암삼성풍림아파트,287,2022-05-01,대여소별 이용정보 22.5.csv
송파구,천호2팀,4883. 위례포레샤인18단지 1812동,289,2022-05-01,대여소별 이용정보 22.5.csv
강동구,천호1팀,1007.암사동 선사유적지,289,2022-05-01,대여소별 이용정보 22.5.csv
마포구,상암1팀,4221. 솔리스타오피스텔(공덕동주민센터),290,2022-05-01,대여소별 이용정보 22.5.csv
성북구,훈련원2팀,1376. 한국과학기술연구원 중문,291,2022-05-01,대여소별 이용정보 22.5.csv
관악구,이수2팀,2130. 영어마을 관악캠프,293,2022-05-01,대여소별 이용정보 22.5.csv
송파구,천호2팀,4896. 위례포레샤인15단지,293,2022-05-01,대여소별 이용정보 22.5.csv
송파구,학여울2팀,4488. 문현중.고등학교 사이,293,2022-05-01,대여소별 이용정보 22.5.csv
영등포구,영남3팀,3219.영등포역 1번출구,295,2022-05-01,대여소별 이용정보 22.5.csv
서초구,이수3팀,2510. JW타워,297,2022-05-01,대여소별 이용정보 22.5.csv
광진구,중랑1팀,3524. 세종대학교,297,2022-05-01,대여소별 이용정보 22.5.csv
금천구,천왕3팀,1836. 금천구립 독산도서관,297,2022-05-01,대여소별 이용정보 22.5.csv
영등포구,영남3팀,4584. 국회2문,298,2022-05-01,대여소별 이용정보 22.5.csv
중구,세종로 4팀,443.호암아트홀,298,2022-05-01,대여소별 이용정보 22.5.csv
용산구,세종로3팀,4623. 라인프랜즈이태원점 앞,300,2022-05-01,대여소별 이용정보 22.5.csv
성동구,중랑2팀,3555.양지사거리(센트라스APT 115동앞),301,2022-05-01,대여소별 이용정보 22.5.csv
구로구,천왕1팀,2809.항동지구 11단지 1103동 앞,302,2022-05-01,대여소별 이용정보 22.5.csv
강남구,학여울1팀,2398. 더라움,302,2022-05-01,대여소별 이용정보 22.5.csv
강동구,천호1팀,1062. 고덕숲 아이파크 2,302,2022-05-01,대여소별 이용정보 22.5.csv
관악구,영남2팀,2141. 미림여고입구 교차로,303,2022-05-01,대여소별 이용정보 22.5.csv
중랑구,중랑3팀,1445. 용마지구대,303,2022-05-01,대여소별 이용정보 22.5.csv
용산구,세종로3팀,855.이촌역5번출구 앞,305,2022-05-01,대여소별 이용정보 22.5.csv
금천구,천왕3팀,1866.서울안천초등학교 옆,306,2022-05-01,대여소별 이용정보 22.5.csv
강남구,학여울1팀,3616. 역삼중학교 앞(체육관 방향),306,2022-05-01,대여소별 이용정보 22.5.csv
서초구,이수3팀,2519.서초2교(사임당로 방면),307,2022-05-01,대여소별 이용정보 22.5.csv
구로구,천왕1팀,3915. 동선아파트 앞,308,2022-05-01,대여소별 이용정보 22.5.csv
구로구,천왕1팀,3911. 항동하버리안2단지아파트 후문,308,2022-05-01,대여소별 이용정보 22.5.csv
은평구,상암3팀,969. 은평 지웰테라스,310,2022-05-01,대여소별 이용정보 22.5.csv
강동구,천호1팀,1066.생태공원앞 교차로(조명탑),314,2022-05-01,대여소별 이용정보 22.5.csv
송파구,천호2팀,1283. 오금공원 사거리,314,2022-05-01,대여소별 이용정보 22.5.csv
구로구,천왕1팀,2807.항동지구 1단지 105동 앞,315,2022-05-01,대여소별 이용정보 22.5.csv
종로구,세종로1팀,3428.서울미술관,316,2022-05-01,대여소별 이용정보 22.5.csv
강남구,학여울1팀,2371. 한국우편사업진흥원,316,2022-05-01,대여소별 이용정보 22.5.csv
서초구,이수3팀,2517.서초3교(효령로69길 방면),317,2022-05-01,대여소별 이용정보 22.5.csv
종로구,훈련원1팀,3401.창신두산아파트,317,2022-05-01,대여소별 이용정보 22.5.csv
송파구,천호1팀,5752. 풍납백제문화공원 옆 인근,320,2022-05-01,대여소별 이용정보 22.5.csv
은평구,상암3팀,4668. 기자촌사거리,321,2022-05-01,대여소별 이용정보 22.5.csv
영등포구,영남3팀,5852. 대림동현대2차 201동 앞,323,2022-05-01,대여소별 이용정보 22.5.csv
동작구,이수2팀,2040. 비계 버스정류소,325,2022-05-01,대여소별 이용정보 22.5.csv
강남구,학여울1팀,2352. 서울본부세관(건설회관 앞),325,2022-05-01,대여소별 이용정보 22.5.csv
중구,세종로2팀,467.한국은행,325,2022-05-01,대여소별 이용정보 22.5.csv
마포구,상암1팀,4239. 성산2동 주민센터,326,2022-05-01,대여소별 이용정보 22.5.csv
성북구,훈련원2팀,1377. 한국과학기술연구원 북문,326,2022-05-01,대여소별 이용정보 22.5.csv
서초구,이수3팀,2210. 반포1동 주민센터 앞,326,2022-05-01,대여소별 이용정보 22.5.csv
노원구,도봉2팀,4021. 중계본동 입구,327,2022-05-01,대여소별 이용정보 22.5.csv
동작구,이수2팀,2078.흑석 아크로리버하임(103동),327,2022-05-01,대여소별 이용정보 22.5.csv
강동구,천호1팀,1082.중앙보훈병원역3번출구,329,2022-05-01,대여소별 이용정보 22.5.csv
노원구,도봉2팀,1675. 월계문화체육센터,329,2022-05-01,대여소별 이용정보 22.5.csv
강남구,학여울1팀,2350. 래미안그레이튼102동앞,329,2022-05-01,대여소별 이용정보 22.5.csv
강남구,학여울2팀,3624. 대모산입구역 7번 출구 앞,331,2022-05-01,대여소별 이용정보 22.5.csv
중랑구,중랑3팀,1427. 용마산역 1번출구,333,2022-05-01,대여소별 이용정보 22.5.csv
서초구,이수1팀,2249. 우솔초등학교 맞은편,333,2022-05-01,대여소별 이용정보 22.5.csv
동작구,이수2팀,2064. 흑석한강푸르지오 106동앞,333,2022-05-01,대여소별 이용정보 22.5.csv
관악구,이수2팀,3802. 관악구민체육센터,334,2022-05-01,대여소별 이용정보 22.5.csv
성동구,중랑2팀,556. 달맞이공원,334,2022-05-01,대여소별 이용정보 22.5.csv
강남구,학여울1팀,3649. 구룡역 5번 출구,336,2022-05-01,대여소별 이용정보 22.5.csv
광진구,중랑1팀,3564.나루마당,336,2022-05-01,대여소별 이용정보 22.5.csv
서대문구,상암2팀,3111.무악재역 4번 출구,337,2022-05-01,대여소별 이용정보 22.5.csv
서초구,이수3팀,2532.국립국악원 앞,337,2022-05-01,대여소별 이용정보 22.5.csv
강남구,학여울2팀,2383. 보금자리정원,338,2022-05-01,대여소별 이용정보 22.5.csv
서초구,이수3팀,2269. 주홍교 하부,338,2022-05-01,대여소별 이용정보 22.5.csv
용산구,세종로 4팀,851.효창 푸르지오 앞,339,2022-05-01,대여소별 이용정보 22.5.csv
구로구,천왕1팀,3902. 항동지구5단지 501동 앞,339,2022-05-01,대여소별 이용정보 22.5.csv
은평구,상암3팀,4681.박석고개(은평소방서) 앞,340,2022-05-01,대여소별 이용정보 22.5.csv
서초구,이수3팀,2533.한가람미술관 앞,341,2022-05-01,대여소별 이용정보 22.5.csv
강남구,학여울1팀,2417.선정릉 디캠프(D.CAMP)앞,343,2022-05-01,대여소별 이용정보 22.5.csv
용산구,세종로3팀,4608. 국립중앙박물관 정문 앞,343,2022-05-01,대여소별 이용정보 22.5.csv
구로구,천왕1팀,3910. 목양전원교회 앞 로터리,345,2022-05-01,대여소별 이용정보 22.5.csv
중구,세종로 4팀,384. 종로학원본원,345,2022-05-01,대여소별 이용정보 22.5.csv
강서구,개화1팀,1101. 개화동상사마을종점 버스정류장,346,2022-05-01,대여소별 이용정보 22.5.csv
용산구,세종로3팀,4613. 서울갤러리아 앞,347,2022-05-01,대여소별 이용정보 22.5.csv
중랑구,중랑3팀,4834. 용마복지센터 앞,348,2022-05-01,대여소별 이용정보 22.5.csv
금천구,천왕3팀,1816. 금천폭포공원 앞,348,2022-05-01,대여소별 이용정보 22.5.csv
강남구,학여울1팀,2329. 르네상스호텔사거리 역삼지하보도 2번출구,351,2022-05-01,대여소별 이용정보 22.5.csv
서대문구,상암2팀,3126.남가좌동 제2공영주차장,351,2022-05-01,대여소별 이용정보 22.5.csv
동작구,영남2팀,4158. 노량진근린공원,352,2022-05-01,대여소별 이용정보 22.5.csv
마포구,상암1팀,3005.마포구청 청사내,354,2022-05-01,대여소별 이용정보 22.5.csv
중랑구,중랑3팀,1406. 망우청소년수련관,357,2022-05-01,대여소별 이용정보 22.5.csv
중랑구,중랑3팀,1453. 중랑캠핑숲,357,2022-05-01,대여소별 이용정보 22.5.csv
금천구,천왕3팀,3972. 산기슭공원 앞,357,2022-05-01,대여소별 이용정보 22.5.csv
금천구,천왕3팀,3973. 독산2동주민센터 앞,358,2022-05-01,대여소별 이용정보 22.5.csv
동작구,이수2팀,4153. 흑석동효사정앞,359,2022-05-01,대여소별 이용정보 22.5.csv
서대문구,상암1팀,4266.국민연금공단충정로사옥,359,2022-05-01,대여소별 이용정보 22.5.csv
금천구,천왕3팀,3968. 독산동 현대홈타운 금천과선교 앞,361,2022-05-01,대여소별 이용정보 22.5.csv
금천구,천왕3팀,1857. 주공14단지,363,2022-05-01,대여소별 이용정보 22.5.csv
은평구,상암3팀,992.북한산입구 정류장,365,2022-05-01,대여소별 이용정보 22.5.csv
강남구,학여울2팀,3602. 한국지역난방공사강남지사,366,2022-05-01,대여소별 이용정보 22.5.csv
관악구,이수2팀,3810. 신봉천주유소 B,366,2022-05-01,대여소별 이용정보 22.5.csv
도봉구,도봉3팀,1730. 도봉산역 교차로 앞,367,2022-05-01,대여소별 이용정보 22.5.csv
금천구,천왕3팀,1852. 혜명양로원 담장 옆,367,2022-05-01,대여소별 이용정보 22.5.csv
구로구,천왕1팀,3920. 개봉역2번출구 B,368,2022-05-01,대여소별 이용정보 22.5.csv
동작구,이수2팀,2038. 동작역 7번출구,370,2022-05-01,대여소별 이용정보 22.5.csv
용산구,세종로3팀,4632. 용산 푸르지오 파크타운 1단지 앞,372,2022-05-01,대여소별 이용정보 22.5.csv
은평구,상암3팀,4672. 준빌딩 앞,373,2022-05-01,대여소별 이용정보 22.5.csv
서초구,이수3팀,2545.국립중앙도서관(국제회의장옆),373,2022-05-01,대여소별 이용정보 22.5.csv
강남구,학여울2팀,2403. 공무원연금매점 교차로 (개포주공9단지 입구),373,2022-05-01,대여소별 이용정보 22.5.csv
서대문구,상암2팀,4262. 서대문자연사박물관 입구,375,2022-05-01,대여소별 이용정보 22.5.csv
은평구,상암3팀,974.연신초등학교옆 마을마당,377,2022-05-01,대여소별 이용정보 22.5.csv
구로구,천왕1팀,2808.항동지구 2단지 202동 앞,378,2022-05-01,대여소별 이용정보 22.5.csv
서초구,이수3팀,4315. 이투스교육 앞,379,2022-05-01,대여소별 이용정보 22.5.csv
종로구,세종로2팀,352. 중앙고입구 삼거리,379,2022-05-01,대여소별 이용정보 22.5.csv
성동구,중랑2팀,3556.신금호파크자이APT앞,379,2022-05-01,대여소별 이용정보 22.5.csv
성북구,훈련원2팀,1393.돈암육교 하단,380,2022-05-01,대여소별 이용정보 22.5.csv
용산구,세종로3팀,831. 이태원관광특구입구,381,2022-05-01,대여소별 이용정보 22.5.csv
관악구,영남2팀,2184. 구암초등학교 버스정류장,385,2022-05-01,대여소별 이용정보 22.5.csv
구로구,천왕1팀,1951. 천왕이펜하우스 4단지 후문,385,2022-05-01,대여소별 이용정보 22.5.csv
서초구,이수2팀,2283. 그룹한빌딩옆,385,2022-05-01,대여소별 이용정보 22.5.csv
동작구,이수2팀,2071. 대림아파트 후문 상가 옆,386,2022-05-01,대여소별 이용정보 22.5.csv
강동구,천호1팀,1006. 롯데캐슬 115동앞,386,2022-05-01,대여소별 이용정보 22.5.csv
강동구,천호1팀,3539. 서원마을,387,2022-05-01,대여소별 이용정보 22.5.csv
영등포구,영남3팀,4583. 의정관,388,2022-05-01,대여소별 이용정보 22.5.csv
성북구,훈련원2팀,1353. 금호어울림센터힐 내,388,2022-05-01,대여소별 이용정보 22.5.csv
송파구,천호2팀,4879. 마천청소년센터,389,2022-05-01,대여소별 이용정보 22.5.csv
용산구,세종로 4팀,823. 효창동주민센터 앞,391,2022-05-01,대여소별 이용정보 22.5.csv
관악구,이수2팀,3307.봉천고개 육교,391,2022-05-01,대여소별 이용정보 22.5.csv
영등포구,영남3팀,297.국회3문,391,2022-05-01,대여소별 이용정보 22.5.csv
강남구,학여울1팀,2347. 두산건설 본사,392,2022-05-01,대여소별 이용정보 22.5.csv
송파구,천호2팀,4881. 거여동사거리 송파둘레길 입구,395,2022-05-01,대여소별 이용정보 22.5.csv
종로구,세종로1팀,3427.인왕산 아이파크 정문,395,2022-05-01,대여소별 이용정보 22.5.csv
강남구,학여울1팀,2386. 크린랩 본사,395,2022-05-01,대여소별 이용정보 22.5.csv
강남구,학여울1팀,3621. 휘문고교 사거리,396,2022-05-01,대여소별 이용정보 22.5.csv
강남구,학여울1팀,3620. 청담역 11번 출구,397,2022-05-01,대여소별 이용정보 22.5.csv
중랑구,중랑3팀,1422. 신내우디안아파트 1단지,400,2022-05-01,대여소별 이용정보 22.5.csv
강동구,천호1팀,1089.고덕 래미안힐스테이트(201동),402,2022-05-01,대여소별 이용정보 22.5.csv
은평구,상암3팀,921. 신도고등학교,402,2022-05-01,대여소별 이용정보 22.5.csv
용산구,세종로3팀,812. 용산전쟁기념관,404,2022-05-01,대여소별 이용정보 22.5.csv
강남구,학여울1팀,2390. 구룡마을 입구 (래미안블레스티지 아파트),405,2022-05-01,대여소별 이용정보 22.5.csv
금천구,천왕3팀,1847. 독산주공 14단지 버스정류소,405,2022-05-01,대여소별 이용정보 22.5.csv
성북구,훈련원2팀,1370. 복자사랑 피정의 집,406,2022-05-01,대여소별 이용정보 22.5.csv
관악구,이수2팀,2165. JK장평타워,409,2022-05-01,대여소별 이용정보 22.5.csv
서대문구,상암1팀,3100. 북성초교,410,2022-05-01,대여소별 이용정보 22.5.csv
송파구,천호2팀,2609. 보성중고등학교 후문 앞,410,2022-05-01,대여소별 이용정보 22.5.csv
은평구,상암3팀,945. 기자촌 사거리,410,2022-05-01,대여소별 이용정보 22.5.csv
성북구,훈련원2팀,1316. 고려사대부속중고 건너편,410,2022-05-01,대여소별 이용정보 22.5.csv
중랑구,중랑3팀,1410. 면목 대원칸타빌아파트,411,2022-05-01,대여소별 이용정보 22.5.csv
중구,훈련원1팀,483.남산타운아파트 버스정류장,412,2022-05-01,대여소별 이용정보 22.5.csv
성북구,훈련원2팀,1304. 만해공원,412,2022-05-01,대여소별 이용정보 22.5.csv
구로구,천왕1팀,1969. 궁동생태공원,412,2022-05-01,대여소별 이용정보 22.5.csv
중랑구,중랑3팀,4802. 새우개마을,414,2022-05-01,대여소별 이용정보 22.5.csv
성동구,중랑2팀,569. 응봉현대아파트 정류소,414,2022-05-01,대여소별 이용정보 22.5.csv
강서구,개화1팀,1200. 개화광역환승센터,415,2022-05-01,대여소별 이용정보 22.5.csv
금천구,천왕3팀,3967. 혜명양로원 담장 옆(2),415,2022-05-01,대여소별 이용정보 22.5.csv
금천구,천왕3팀,3974. 안천중학교,416,2022-05-01,대여소별 이용정보 22.5.csv
송파구,학여울2팀,4885. 가든파이브 리빙관,417,2022-05-01,대여소별 이용정보 22.5.csv
마포구,상암1팀,410. 상암중학교 옆,417,2022-05-01,대여소별 이용정보 22.5.csv
구로구,천왕2팀,1979. 구로1동우체국 앞,418,2022-05-01,대여소별 이용정보 22.5.csv
노원구,도봉1팀,4043. 상계주공13단지 1301동,419,2022-05-01,대여소별 이용정보 22.5.csv
성동구,중랑2팀,3531. 논골사거리(금호도서관 입구),421,2022-05-01,대여소별 이용정보 22.5.csv
구로구,천왕1팀,2814.항동지구 10단지 1001동 앞,423,2022-05-01,대여소별 이용정보 22.5.csv
강북구,도봉4팀,1541. 삼양역,423,2022-05-01,대여소별 이용정보 22.5.csv
은평구,상암3팀,977.신도중학교앞,426,2022-05-01,대여소별 이용정보 22.5.csv
도봉구,도봉3팀,1728. 서울북부지방법원,427,2022-05-01,대여소별 이용정보 22.5.csv
강남구,학여울1팀,2354. 청담역 2번출구,429,2022-05-01,대여소별 이용정보 22.5.csv
강서구,개화1팀,1196. 서울식물원(문화센터) 건너편,430,2022-05-01,대여소별 이용정보 22.5.csv
강북구,도봉4팀,3714. 송천센트레빌,430,2022-05-01,대여소별 이용정보 22.5.csv
영등포구,영남3팀,4580. 국회3문,431,2022-05-01,대여소별 이용정보 22.5.csv
금천구,천왕2팀,1850. 코오롱테크노밸리,431,2022-05-01,대여소별 이용정보 22.5.csv
강남구,학여울1팀,2304. 대현그린타워,433,2022-05-01,대여소별 이용정보 22.5.csv
강서구,개화2팀,3766. 강서문화센터,436,2022-05-01,대여소별 이용정보 22.5.csv
서대문구,상암1팀,3114.충정로역 3번 출구,437,2022-05-01,대여소별 이용정보 22.5.csv
은평구,상암3팀,994.북한산생태공원입구(교통섬),438,2022-05-01,대여소별 이용정보 22.5.csv
성북구,훈련원2팀,1314. 정릉꿈에그린1단지 201동 앞,438,2022-05-01,대여소별 이용정보 22.5.csv
영등포구,영남3팀,4582. 국회도서관,439,2022-05-01,대여소별 이용정보 22.5.csv
강동구,천호1팀,1038. 강일 다솜 어린이 공원,439,2022-05-01,대여소별 이용정보 22.5.csv
서대문구,상암2팀,3109.북한산더? 106동 앞,440,2022-05-01,대여소별 이용정보 22.5.csv
서초구,이수3팀,4312. 반포미도2차아파트 옆,440,2022-05-01,대여소별 이용정보 22.5.csv
강동구,천호1팀,1054. 말우물 어린이 공원,441,2022-05-01,대여소별 이용정보 22.5.csv
은평구,상암2팀,934. 신사동 성당,441,2022-05-01,대여소별 이용정보 22.5.csv
동대문구,훈련원4팀,616. 서울시립대 앞,441,2022-05-01,대여소별 이용정보 22.5.csv
강남구,학여울1팀,3646. 선정릉역 4번 출구,444,2022-05-01,대여소별 이용정보 22.5.csv
서초구,이수3팀,2235.KT 서초지사 앞,446,2022-05-01,대여소별 이용정보 22.5.csv
강남구,학여울1팀,2368. 도곡동 경남아파트 건너편,446,2022-05-01,대여소별 이용정보 22.5.csv
종로구,세종로1팀,3426.독립문역 2번출구 뒤,449,2022-05-01,대여소별 이용정보 22.5.csv
용산구,세종로3팀,858.녹사평역3번 출구,452,2022-05-01,대여소별 이용정보 22.5.csv
강남구,학여울2팀,3637. 세곡데이케어센터,453,2022-05-01,대여소별 이용정보 22.5.csv
강남구,학여울1팀,2427.개포고등학교 정문앞,453,2022-05-01,대여소별 이용정보 22.5.csv
마포구,상암1팀,422. 문화비축기지,454,2022-05-01,대여소별 이용정보 22.5.csv
성동구,중랑2팀,3561.행당동 삼부APT후문,455,2022-05-01,대여소별 이용정보 22.5.csv
동대문구,훈련원4팀,608. 전농삼성아파트,455,2022-05-01,대여소별 이용정보 22.5.csv
은평구,상암3팀,959. 구파발10단지 인근,459,2022-05-01,대여소별 이용정보 22.5.csv
강서구,개화2팀,1181. 농수산식품공사 (강서지사),459,2022-05-01,대여소별 이용정보 22.5.csv
성북구,훈련원2팀,1365. 선잠단지 앞,460,2022-05-01,대여소별 이용정보 22.5.csv
은평구,상암3팀,952. 서울연신중학교,464,2022-05-01,대여소별 이용정보 22.5.csv
서대문구,상암1팀,171. 임광빌딩 앞,466,2022-05-01,대여소별 이용정보 22.5.csv
강남구,이수1팀,3634. 국악고교 앞 교차로,467,2022-05-01,대여소별 이용정보 22.5.csv
강남구,학여울1팀,2363. 강남 을지병원 교차로,467,2022-05-01,대여소별 이용정보 22.5.csv
은평구,상암3팀,973.제각말푸르지오 5-1단지 아파트,469,2022-05-01,대여소별 이용정보 22.5.csv
도봉구,도봉3팀,1756.서울북부광역등기국,470,2022-05-01,대여소별 이용정보 22.5.csv
성동구,중랑2팀,3551.성동도로사업소,474,2022-05-01,대여소별 이용정보 22.5.csv
중랑구,중랑3팀,1459. 용마한신아파트사거리,474,2022-05-01,대여소별 이용정보 22.5.csv
도봉구,도봉3팀,1723. 방학동학마을도서관,475,2022-05-01,대여소별 이용정보 22.5.csv
송파구,천호2팀,4473. 마천금호어울림 1차 102동앞,476,2022-05-01,대여소별 이용정보 22.5.csv
용산구,세종로3팀,4609. 파크타워 104동 앞,479,2022-05-01,대여소별 이용정보 22.5.csv
용산구,세종로 4팀,4625. 용산공원갤러리앞,480,2022-05-01,대여소별 이용정보 22.5.csv
서대문구,상암1팀,3117.이화여대 인문관 인근,481,2022-05-01,대여소별 이용정보 22.5.csv
송파구,천호2팀,4882. 위례포레샤인18단지 1802동,481,2022-05-01,대여소별 이용정보 22.5.csv
금천구,천왕3팀,1820. 신한은행 시흥대로금융센터지점,481,2022-05-01,대여소별 이용정보 22.5.csv
강동구,천호1팀,3672. 고덕중학교 후문,483,2022-05-01,대여소별 이용정보 22.5.csv
영등포구,영남3팀,4585. 국회6문,483,2022-05-01,대여소별 이용정보 22.5.csv
관악구,영남2팀,3310.영락고등학교,483,2022-05-01,대여소별 이용정보 22.5.csv
강남구,학여울2팀,3611. 방죽마을 입구,484,2022-05-01,대여소별 이용정보 22.5.csv
서초구,이수3팀,2548.반포1동 자율방범초소 옆,486,2022-05-01,대여소별 이용정보 22.5.csv
강동구,천호1팀,1071.명일근린공원공동체텃밭,487,2022-05-01,대여소별 이용정보 22.5.csv
강북구,도봉4팀,1510. 번동주공5단지 관리사무소 앞,487,2022-05-01,대여소별 이용정보 22.5.csv
동작구,이수2팀,2041. 사당중학교 버스정류소,488,2022-05-01,대여소별 이용정보 22.5.csv
마포구,상암1팀,4234. 에스테반,490,2022-05-01,대여소별 이용정보 22.5.csv
구로구,천왕1팀,2817.천왕이펜하우스5단지 앞,490,2022-05-01,대여소별 이용정보 22.5.csv
중구,세종로 4팀,4752. 삼성사이버빌리지아파트,490,2022-05-01,대여소별 이용정보 22.5.csv
서초구,이수3팀,4304. 서울고앞,491,2022-05-01,대여소별 이용정보 22.5.csv
금천구,천왕3팀,1823. 상신정비공업 앞,492,2022-05-01,대여소별 이용정보 22.5.csv
강북구,도봉4팀,1513. 강북구청 뒷편,493,2022-05-01,대여소별 이용정보 22.5.csv
구로구,천왕2팀,2825.초롱타운 앞,493,2022-05-01,대여소별 이용정보 22.5.csv
구로구,천왕2팀,1910. 낙원교회 맞은편,494,2022-05-01,대여소별 이용정보 22.5.csv
성동구,중랑2팀,534. 금호사거리,495,2022-05-01,대여소별 이용정보 22.5.csv
동대문구,훈련원4팀,681.서울특별시 동부교육지원청(육교),495,2022-05-01,대여소별 이용정보 22.5.csv
서초구,이수1팀,2203. 청계산입구역 2번출구,496,2022-05-01,대여소별 이용정보 22.5.csv
강남구,학여울2팀,2376. 수서역 6번출구 앞,497,2022-05-01,대여소별 이용정보 22.5.csv
중구,훈련원1팀,428. 명보사거리,499,2022-05-01,대여소별 이용정보 22.5.csv
송파구,학여울2팀,1263. 장지공영차고지,499,2022-05-01,대여소별 이용정보 22.5.csv
강남구,학여울2팀,2351. 청소년수련관(수영장)앞,499,2022-05-01,대여소별 이용정보 22.5.csv
강남구,학여울1팀,3630. 개포우성6차아파트 정문 앞,500,2022-05-01,대여소별 이용정보 22.5.csv
중랑구,중랑3팀,4840. 서울시 북부병원 앞,500,2022-05-01,대여소별 이용정보 22.5.csv
성동구,중랑2팀,3530. 왕십리자이아파트 후문(삼거리),501,2022-05-01,대여소별 이용정보 22.5.csv
동작구,영남2팀,4162. 노량진1동 청소년독서실,504,2022-05-01,대여소별 이용정보 22.5.csv
종로구,훈련원1팀,3402.이화공영주차장,504,2022-05-01,대여소별 이용정보 22.5.csv
노원구,도봉1팀,1635. 상계3.4동 주민센터 대여소,506,2022-05-01,대여소별 이용정보 22.5.csv
마포구,상암1팀,432. 마포중앙도서관,508,2022-05-01,대여소별 이용정보 22.5.csv
구로구,천왕1팀,2804.항동지구 6단지 602동 앞,511,2022-05-01,대여소별 이용정보 22.5.csv
도봉구,도봉3팀,1731. 도봉고등학교 맞은편,511,2022-05-01,대여소별 이용정보 22.5.csv
도봉구,도봉3팀,4064. 신창아파트 입구 앞,514,2022-05-01,대여소별 이용정보 22.5.csv
강남구,학여울1팀,2349. 역삼빌딩 앞(하나은행 옆),516,2022-05-01,대여소별 이용정보 22.5.csv
중구,세종로2팀,4762. 국제빌딩,516,2022-05-01,대여소별 이용정보 22.5.csv
강북구,도봉4팀,1538. 솔밭공원역,517,2022-05-01,대여소별 이용정보 22.5.csv
금천구,천왕3팀,1865.금천구청앞(M빌딩),517,2022-05-01,대여소별 이용정보 22.5.csv
금천구,천왕3팀,1853. 서울디자인직업전문학교 앞,518,2022-05-01,대여소별 이용정보 22.5.csv
광진구,중랑1팀,3503. 광진유진스웰,518,2022-05-01,대여소별 이용정보 22.5.csv
송파구,학여울2팀,4490. 송파파인타운 10단지 1005동,521,2022-05-01,대여소별 이용정보 22.5.csv
강동구,천호1팀,3659. 명일초등학교 옆,521,2022-05-01,대여소별 이용정보 22.5.csv
서초구,이수1팀,4329. SC제일은행 양재동지점 앞,524,2022-05-01,대여소별 이용정보 22.5.csv
강북구,도봉4팀,3703. 신성교회 앞,528,2022-05-01,대여소별 이용정보 22.5.csv
도봉구,도봉3팀,1768.신동아타워 버스정류소,528,2022-05-01,대여소별 이용정보 22.5.csv
중랑구,중랑3팀,4815. 중랑데시앙플렉스 앞,528,2022-05-01,대여소별 이용정보 22.5.csv
강북구,도봉4팀,1573.현대성우아파트 옆,529,2022-05-01,대여소별 이용정보 22.5.csv
도봉구,도봉3팀,1703. 도봉산광역환승센터앞,529,2022-05-01,대여소별 이용정보 22.5.csv
중랑구,중랑3팀,4829. 신내동 한살림 중랑지구 북축,529,2022-05-01,대여소별 이용정보 22.5.csv
동작구,이수2팀,2083.흑석롯데캐슬에듀포레(107동),530,2022-05-01,대여소별 이용정보 22.5.csv
송파구,천호2팀,4888. 둔촌오륜역 2번출구,530,2022-05-01,대여소별 이용정보 22.5.csv
구로구,천왕1팀,1971. 오정초교 앞 보도육교,530,2022-05-01,대여소별 이용정보 22.5.csv
강동구,천호1팀,1037. 강일리버파크 6단지,531,2022-05-01,대여소별 이용정보 22.5.csv
금천구,천왕3팀,1863.위너스 스포츠클럽 골프연습장옆,535,2022-05-01,대여소별 이용정보 22.5.csv
송파구,천호2팀,4461. 한양3차아파트 3동 앞,535,2022-05-01,대여소별 이용정보 22.5.csv
서초구,이수1팀,2516.본마을 노인복지센터 앞,536,2022-05-01,대여소별 이용정보 22.5.csv
중랑구,중랑3팀,1463.중랑구민회관,537,2022-05-01,대여소별 이용정보 22.5.csv
서초구,이수1팀,2258.구룡사 삼거리,537,2022-05-01,대여소별 이용정보 22.5.csv
용산구,세종로 4팀,4604. 원효로다목적체육관 앞,538,2022-05-01,대여소별 이용정보 22.5.csv
중구,세종로2팀,4761. 탐앤탐스 을지로3가점,539,2022-05-01,대여소별 이용정보 22.5.csv
용산구,세종로 4팀,827. 국군복지단,539,2022-05-01,대여소별 이용정보 22.5.csv
광진구,중랑1팀,3521. 현대홈타운 뒷길,539,2022-05-01,대여소별 이용정보 22.5.csv
양천구,천왕1팀,724. 계남공원 입구 주출입구 좌측,539,2022-05-01,대여소별 이용정보 22.5.csv
서초구,이수3팀,2520.서초1교 (진흥아파트 방면),542,2022-05-01,대여소별 이용정보 22.5.csv
송파구,학여울2팀,1290. 위례송파꿈에그린아파트24단지 앞 성벽 다리 밑,542,2022-05-01,대여소별 이용정보 22.5.csv
강동구,천호1팀,1053. 동명근린공원 진입로 (아리수로),542,2022-05-01,대여소별 이용정보 22.5.csv
은평구,상암3팀,967. 서울혁신파크2,545,2022-05-01,대여소별 이용정보 22.5.csv
영등포구,영남3팀,4581. 국회소통관,545,2022-05-01,대여소별 이용정보 22.5.csv
용산구,세종로 4팀,830. 청암자이아파트앞,545,2022-05-01,대여소별 이용정보 22.5.csv
구로구,천왕1팀,1967. 참새공원(백곡경노당),546,2022-05-01,대여소별 이용정보 22.5.csv
서대문구,상암2팀,161. 무악재역1번 출구,546,2022-05-01,대여소별 이용정보 22.5.csv
강서구,개화1팀,1188. 롯데중앙연구소,547,2022-05-01,대여소별 이용정보 22.5.csv
관악구,이수2팀,3806. 낙성대 교수아파트,547,2022-05-01,대여소별 이용정보 22.5.csv
도봉구,도봉3팀,1757.솔밭공원역 1번출구 앞,548,2022-05-01,대여소별 이용정보 22.5.csv
송파구,천호2팀,4889. 마천역 1번 출구 인근②,548,2022-05-01,대여소별 이용정보 22.5.csv
마포구,상암1팀,489.구룡근린공원,549,2022-05-01,대여소별 이용정보 22.5.csv
강동구,천호1팀,3661. 명일동신동아아파트 앞,550,2022-05-01,대여소별 이용정보 22.5.csv
강동구,천호1팀,3654. 강동리버스트4단지아파트 405동 앞,550,2022-05-01,대여소별 이용정보 22.5.csv
금천구,천왕3팀,1868.우리은행 시흥남자동화점 앞,551,2022-05-01,대여소별 이용정보 22.5.csv
강북구,도봉4팀,1558.강북문화정보도서관,555,2022-05-01,대여소별 이용정보 22.5.csv
동대문구,훈련원3팀,600. 휘경2동 주민센터,555,2022-05-01,대여소별 이용정보 22.5.csv
서초구,이수1팀,2256.양재동 꽃시장 입구,555,2022-05-01,대여소별 이용정보 22.5.csv
서초구,이수1팀,2285. LH서초3단지 301동 맞은편,555,2022-05-01,대여소별 이용정보 22.5.csv
송파구,천호2팀,4892. 성내유수지 체육공원,557,2022-05-01,대여소별 이용정보 22.5.csv
도봉구,도봉3팀,1714. 도봉문화정보도서관 삼거리,557,2022-05-01,대여소별 이용정보 22.5.csv
강동구,천호1팀,3682. 길동 동호빌딩,558,2022-05-01,대여소별 이용정보 22.5.csv
중랑구,중랑3팀,4807. 라코지스테이 앞,560,2022-05-01,대여소별 이용정보 22.5.csv
영등포구,영남3팀,4579. 국회의사당 본관,561,2022-05-01,대여소별 이용정보 22.5.csv
중구,세종로 4팀,435. SK 남산빌딩,561,2022-05-01,대여소별 이용정보 22.5.csv
은평구,상암2팀,978.녹번 힐스테이트상가앞,562,2022-05-01,대여소별 이용정보 22.5.csv
서초구,이수1팀,2270. 서초포레스타 7단지,563,2022-05-01,대여소별 이용정보 22.5.csv
중랑구,중랑3팀,1418. 새솔초등학교,563,2022-05-01,대여소별 이용정보 22.5.csv
마포구,상암1팀,127. 현대벤처빌 앞,565,2022-05-01,대여소별 이용정보 22.5.csv
동대문구,훈련원4팀,679.전농SK아파트 앞,565,2022-05-01,대여소별 이용정보 22.5.csv
은평구,상암3팀,4683. 은평 성모병원 사거리,566,2022-05-01,대여소별 이용정보 22.5.csv
강남구,학여울1팀,2382. 역삼동 sk뷰 501동앞,567,2022-05-01,대여소별 이용정보 22.5.csv
양천구,천왕1팀,767.신정숲속마을아파트,568,2022-05-01,대여소별 이용정보 22.5.csv
서대문구,상암2팀,3105. 홍은센트레빌 아파트 앞,568,2022-05-01,대여소별 이용정보 22.5.csv
중랑구,중랑3팀,1436. 동원베네스트 건물 앞,568,2022-05-01,대여소별 이용정보 22.5.csv
강남구,이수3팀,2406. 논현동 광명빌딩 앞,571,2022-05-01,대여소별 이용정보 22.5.csv
은평구,상암3팀,902. 진관동 은빛초등학교,572,2022-05-01,대여소별 이용정보 22.5.csv
종로구,훈련원1팀,4703. 쌍용아파트2단지 정문,572,2022-05-01,대여소별 이용정보 22.5.csv
성북구,훈련원2팀,1366. 일신초등학교 옆,572,2022-05-01,대여소별 이용정보 22.5.csv
강남구,학여울1팀,2380. 삼성동베이직하우스앞,573,2022-05-01,대여소별 이용정보 22.5.csv
중구,훈련원1팀,434. 신당 래미안 버스정류장,574,2022-05-01,대여소별 이용정보 22.5.csv
강북구,도봉4팀,1522. 월드전기조명인테리어(우이동),574,2022-05-01,대여소별 이용정보 22.5.csv
노원구,도봉2팀,1660. 서울시립과학관,581,2022-05-01,대여소별 이용정보 22.5.csv
은평구,상암3팀,4667. 폭포동입구 교차로,581,2022-05-01,대여소별 이용정보 22.5.csv
중랑구,중랑3팀,1435. 능산삼거리,583,2022-05-01,대여소별 이용정보 22.5.csv
서대문구,상암1팀,173. 서대문역 8번출구 앞,583,2022-05-01,대여소별 이용정보 22.5.csv
서초구,이수2팀,2223. 방배래미안 정문 앞,584,2022-05-01,대여소별 이용정보 22.5.csv
금천구,천왕3팀,1858. 500번·507번 버스 종점 앞,584,2022-05-01,대여소별 이용정보 22.5.csv
중구,세종로 4팀,442.서울역 서부,585,2022-05-01,대여소별 이용정보 22.5.csv
양천구,개화4팀,4516. 신진빌라,585,2022-05-01,대여소별 이용정보 22.5.csv
구로구,천왕1팀,2812.항동프라자,585,2022-05-01,대여소별 이용정보 22.5.csv
중랑구,중랑3팀,4827. 신내SK V1센터 앞,586,2022-05-01,대여소별 이용정보 22.5.csv
강동구,천호1팀,3663. 암사정수센터교차로(강동롯데캐슬퍼스트아파트),589,2022-05-01,대여소별 이용정보 22.5.csv
서초구,이수3팀,2535.신반포역 3번출구 뒤,590,2022-05-01,대여소별 이용정보 22.5.csv
중구,세종로2팀,469.회현역 1번출구,591,2022-05-01,대여소별 이용정보 22.5.csv
용산구,세종로3팀,4622. 한강중학교 앞 버스정류장,594,2022-05-01,대여소별 이용정보 22.5.csv
도봉구,도봉3팀,1717. 시립창동운동장 입구,595,2022-05-01,대여소별 이용정보 22.5.csv
강남구,학여울1팀,2311. 학동로 래미안 아파트 앞,596,2022-05-01,대여소별 이용정보 22.5.csv
동대문구,훈련원4팀,621. 동대문중학교 옆,598,2022-05-01,대여소별 이용정보 22.5.csv
강남구,학여울2팀,3644. 상록수아파트,599,2022-05-01,대여소별 이용정보 22.5.csv
양천구,개화2팀,4519. 양원보도육교,600,2022-05-01,대여소별 이용정보 22.5.csv
중랑구,중랑3팀,4821. 동원초등학교 정문 앞,602,2022-05-01,대여소별 이용정보 22.5.csv
마포구,상암1팀,4247. 서울서부지방법원등기국앞,603,2022-05-01,대여소별 이용정보 22.5.csv
용산구,세종로3팀,822. 이촌1동 마을공원,604,2022-05-01,대여소별 이용정보 22.5.csv
서초구,이수1팀,2241.양재전화국 사거리,607,2022-05-01,대여소별 이용정보 22.5.csv
관악구,이수2팀,3804. 낙성대공원,608,2022-05-01,대여소별 이용정보 22.5.csv
종로구,세종로1팀,449. 일성아파트,608,2022-05-01,대여소별 이용정보 22.5.csv
마포구,상암1팀,494.신수동주민센터,608,2022-05-01,대여소별 이용정보 22.5.csv
마포구,상암1팀,3006. 상암월드컵파크5단지(상암중학교),609,2022-05-01,대여소별 이용정보 22.5.csv
송파구,천호2팀,1258. 가락미륭아파트 앞,614,2022-05-01,대여소별 이용정보 22.5.csv
강남구,학여울1팀,2305. MCM 본사 직영점 앞,615,2022-05-01,대여소별 이용정보 22.5.csv
중구,세종로2팀,4784. 중부경찰서앞 사거리,616,2022-05-01,대여소별 이용정보 22.5.csv
강북구,도봉4팀,1571.북서울 꿈의 숲 입구,617,2022-05-01,대여소별 이용정보 22.5.csv
금천구,천왕3팀,3958. 롯데캐슬2차 마을버스 정류장(18804) 뒤편,620,2022-05-01,대여소별 이용정보 22.5.csv
강북구,도봉4팀,1511. 번동 금호어울림아파트102동앞,621,2022-05-01,대여소별 이용정보 22.5.csv
서대문구,상암2팀,164. 북가좌1동 주민센터,621,2022-05-01,대여소별 이용정보 22.5.csv
은평구,상암3팀,928. 은평역사한옥박물관,622,2022-05-01,대여소별 이용정보 22.5.csv
강동구,천호1팀,1058. 고덕숲 아이파크 1,623,2022-05-01,대여소별 이용정보 22.5.csv
구로구,천왕1팀,1992. 구로구배드민턴실내체육관 앞,625,2022-05-01,대여소별 이용정보 22.5.csv
송파구,천호2팀,2649.오금공원사거리2,626,2022-05-01,대여소별 이용정보 22.5.csv
서초구,이수3팀,2514.사평역 2번출구,628,2022-05-01,대여소별 이용정보 22.5.csv
강동구,천호1팀,1079.강일동입구교차로,628,2022-05-01,대여소별 이용정보 22.5.csv
금천구,천왕3팀,1819. 금천구청 앞 자전거거치대,628,2022-05-01,대여소별 이용정보 22.5.csv
중랑구,중랑3팀,1477.면목삼익아파트 앞,628,2022-05-01,대여소별 이용정보 22.5.csv
관악구,이수2팀,2159. 인헌초교,631,2022-05-01,대여소별 이용정보 22.5.csv
송파구,학여울2팀,2650.위례22단지 2208동 다리앞,632,2022-05-01,대여소별 이용정보 22.5.csv
노원구,도봉1팀,4035. 수락 행복발전소 앞,632,2022-05-01,대여소별 이용정보 22.5.csv
구로구,천왕1팀,2818.천왕이펜하우스3단지 앞,634,2022-05-01,대여소별 이용정보 22.5.csv
강남구,학여울1팀,2416.한티역 6번 출구,634,2022-05-01,대여소별 이용정보 22.5.csv
성동구,중랑2팀,3547.상왕십리역 6번 출입구,634,2022-05-01,대여소별 이용정보 22.5.csv
강동구,천호1팀,1034. 고덕동 래미안 힐스테이트,635,2022-05-01,대여소별 이용정보 22.5.csv
노원구,도봉2팀,2907. 월계중학교,635,2022-05-01,대여소별 이용정보 22.5.csv
관악구,영남2팀,2143. 서울산업정보학교,636,2022-05-01,대여소별 이용정보 22.5.csv
용산구,세종로3팀,867.서빙고역 광장(1번출구),639,2022-05-01,대여소별 이용정보 22.5.csv
성동구,중랑2팀,522. 금호역 1번출구 앞,640,2022-05-01,대여소별 이용정보 22.5.csv
강서구,개화2팀,1161. 강서면허시험장 앞,640,2022-05-01,대여소별 이용정보 22.5.csv
중랑구,중랑3팀,4811. 한양수자인아파트 앞,641,2022-05-01,대여소별 이용정보 22.5.csv
종로구,훈련원1팀,364. 창신역 1번출구 앞,642,2022-05-01,대여소별 이용정보 22.5.csv
노원구,도봉2팀,4040. 공릉로 26길,644,2022-05-01,대여소별 이용정보 22.5.csv
마포구,상암1팀,4248. 신촌 교보빌딩,644,2022-05-01,대여소별 이용정보 22.5.csv
동작구,이수2팀,2094.숭실대학교(중문),644,2022-05-01,대여소별 이용정보 22.5.csv
중구,세종로2팀,4776. 신세계면세점,646,2022-05-01,대여소별 이용정보 22.5.csv
종로구,세종로1팀,4715. 돈의문 박물관 마을,646,2022-05-01,대여소별 이용정보 22.5.csv
성북구,훈련원2팀,1323. 월곡역 입구 육교 밑,646,2022-05-01,대여소별 이용정보 22.5.csv
동작구,이수2팀,2048. 삼일초등학교 인근,647,2022-05-01,대여소별 이용정보 22.5.csv
중구,세종로 4팀,4766. 서소문성지역사박물관,648,2022-05-01,대여소별 이용정보 22.5.csv
금천구,천왕2팀,1849. 대륭포스트타워5차,650,2022-05-01,대여소별 이용정보 22.5.csv
강남구,학여울1팀,2336. 강남세브란스교차로 래미안그레이튼 104동 앞,653,2022-05-01,대여소별 이용정보 22.5.csv
강서구,개화2팀,3799. 국립항공박물관,653,2022-05-01,대여소별 이용정보 22.5.csv
강남구,학여울1팀,2357. 르네상스호텔사거리 역삼지하보도 3번출구 앞 (더 오번 빌딩 명동칼국수 앞),654,2022-05-01,대여소별 이용정보 22.5.csv
중구,세종로2팀,4775. 을지로지하쇼핑센터,654,2022-05-01,대여소별 이용정보 22.5.csv
은평구,상암3팀,942. 상림마을 생태공원,655,2022-05-01,대여소별 이용정보 22.5.csv
서초구,이수3팀,2521.서초 크로바타워 앞,655,2022-05-01,대여소별 이용정보 22.5.csv
동작구,이수2팀,2088.상도중앙하이츠빌 입구,656,2022-05-01,대여소별 이용정보 22.5.csv
강남구,학여울1팀,2326. 대치동 삼성로,656,2022-05-01,대여소별 이용정보 22.5.csv
송파구,학여울2팀,4475. 송파파인타운 4단지 403동,658,2022-05-01,대여소별 이용정보 22.5.csv
구로구,천왕1팀,2822.제니스스포츠 앞,658,2022-05-01,대여소별 이용정보 22.5.csv
구로구,천왕1팀,1943. 온수역 북측,660,2022-05-01,대여소별 이용정보 22.5.csv
영등포구,영남3팀,4573. 두산위브아파트,660,2022-05-01,대여소별 이용정보 22.5.csv
중구,세종로2팀,470.회현역 7번출구,661,2022-05-01,대여소별 이용정보 22.5.csv
서대문구,상암1팀,3134.SK리쳄블(상수도사업본부),662,2022-05-01,대여소별 이용정보 22.5.csv
중구,훈련원1팀,479.동대입구역 3번 출구,662,2022-05-01,대여소별 이용정보 22.5.csv
강동구,천호1팀,3692. 둔촌오륜역 1번 출구,664,2022-05-01,대여소별 이용정보 22.5.csv
강남구,학여울1팀,2370. 한티역 3번출구,664,2022-05-01,대여소별 이용정보 22.5.csv
중랑구,중랑3팀,1426. 면목도시개발아파트 1동 앞,665,2022-05-01,대여소별 이용정보 22.5.csv
용산구,세종로3팀,802. 한강진역 2번 출구 앞,666,2022-05-01,대여소별 이용정보 22.5.csv
강북구,도봉4팀,1539. 4.19민주묘지역,666,2022-05-01,대여소별 이용정보 22.5.csv
강동구,천호1팀,1069.강동경희대학교병원 입구,668,2022-05-01,대여소별 이용정보 22.5.csv
강남구,학여울1팀,2428.롯데리아 개포점앞,668,2022-05-01,대여소별 이용정보 22.5.csv
강서구,개화2팀,3765. 문소빌딩,669,2022-05-01,대여소별 이용정보 22.5.csv
노원구,도봉1팀,1652. 파르코 앞,669,2022-05-01,대여소별 이용정보 22.5.csv
도봉구,도봉3팀,4084. 도봉동실내스포츠센터,673,2022-05-01,대여소별 이용정보 22.5.csv
종로구,훈련원1팀,388. 동성중학교 앞,674,2022-05-01,대여소별 이용정보 22.5.csv
강남구,학여울1팀,2430.강남파이낸스센터앞(역삼역2번출구),676,2022-05-01,대여소별 이용정보 22.5.csv
노원구,도봉2팀,1679. 삼육대 도서관,676,2022-05-01,대여소별 이용정보 22.5.csv
강남구,학여울1팀,2358. 구룡초사거리 (현대아파트10동 앞 ),677,2022-05-01,대여소별 이용정보 22.5.csv
서초구,이수3팀,2298. 래미안서초스위트앞,679,2022-05-01,대여소별 이용정보 22.5.csv
강남구,학여울2팀,3641. 대청역,682,2022-05-01,대여소별 이용정보 22.5.csv
강동구,천호1팀,3674. 강동리버스트7단지,682,2022-05-01,대여소별 이용정보 22.5.csv
금천구,천왕3팀,1843. 독산고등학교,682,2022-05-01,대여소별 이용정보 22.5.csv
은평구,상암3팀,947. 연신내 선일하이츠빌 정류소,684,2022-05-01,대여소별 이용정보 22.5.csv
강남구,학여울1팀,2381. 언주역 6번출구앞,684,2022-05-01,대여소별 이용정보 22.5.csv
강남구,학여울1팀,3636. 삼성중앙역·플래티넘아파트 정류소,688,2022-05-01,대여소별 이용정보 22.5.csv
용산구,세종로3팀,869.노들섬 동측 앞,689,2022-05-01,대여소별 이용정보 22.5.csv
동작구,이수2팀,2062. 사당새마을금고,689,2022-05-01,대여소별 이용정보 22.5.csv
강북구,도봉4팀,1546. 송천동우체국,689,2022-05-01,대여소별 이용정보 22.5.csv
노원구,도봉2팀,4017. 월계 청백1단지 아파트 정류장,691,2022-05-01,대여소별 이용정보 22.5.csv
종로구,세종로1팀,451. 청와대앞길,691,2022-05-01,대여소별 이용정보 22.5.csv
은평구,상암3팀,966. 서울혁신파크1,691,2022-05-01,대여소별 이용정보 22.5.csv
송파구,학여울2팀,1239. 문정 법조단지3,694,2022-05-01,대여소별 이용정보 22.5.csv
중구,세종로2팀,466.롯데호텔,694,2022-05-01,대여소별 이용정보 22.5.csv
송파구,천호2팀,2614. 가락고등학교 앞,696,2022-05-01,대여소별 이용정보 22.5.csv
서초구,이수1팀,2205. 내곡3단지 어린이공원 앞,697,2022-05-01,대여소별 이용정보 22.5.csv
성동구,중랑2팀,526. 용답토속공원 앞,699,2022-05-01,대여소별 이용정보 22.5.csv
중구,훈련원1팀,480.약수역 6번 출구,699,2022-05-01,대여소별 이용정보 22.5.csv
강동구,천호1팀,3688. 상일동산(동아아파트앞 교차로),699,2022-05-01,대여소별 이용정보 22.5.csv
강남구,학여울1팀,2307. 압구정 한양 3차 아파트,700,2022-05-01,대여소별 이용정보 22.5.csv
서대문구,상암1팀,196. 연희교차로 인근,700,2022-05-01,대여소별 이용정보 22.5.csv
서대문구,상암1팀,159. 이대역 4번 출구,701,2022-05-01,대여소별 이용정보 22.5.csv
은평구,상암3팀,993.은평뉴타운 은뜨락아파트앞,701,2022-05-01,대여소별 이용정보 22.5.csv
강남구,학여울1팀,2309. 청담역(우리들병원 앞),702,2022-05-01,대여소별 이용정보 22.5.csv
중랑구,중랑3팀,1466.두산대림아파트 삼거리,702,2022-05-01,대여소별 이용정보 22.5.csv
성북구,훈련원2팀,1367. 길음문화복합미디어센터,703,2022-05-01,대여소별 이용정보 22.5.csv
양천구,영남1팀,4539. 목동7단지아파트 A상가,704,2022-05-01,대여소별 이용정보 22.5.csv
송파구,천호2팀,1279. 마천금호어울림 1차아파트 건너편,705,2022-05-01,대여소별 이용정보 22.5.csv
성북구,훈련원2팀,1386.동선고가차도 초입,706,2022-05-01,대여소별 이용정보 22.5.csv
용산구,세종로3팀,863.이촌역2번 출구,706,2022-05-01,대여소별 이용정보 22.5.csv
광진구,중랑1팀,572. 국립정신 건강센터 앞,707,2022-05-01,대여소별 이용정보 22.5.csv
영등포구,영남3팀,4599. 대림우성아파트 사거리,708,2022-05-01,대여소별 이용정보 22.5.csv
성북구,훈련원2팀,1391.성북청소년센터,709,2022-05-01,대여소별 이용정보 22.5.csv
강서구,개화2팀,5072. 김포공항입구 교통섬,711,2022-05-01,대여소별 이용정보 22.5.csv
강남구,학여울1팀,2388. 강남구 도시관리공단,711,2022-05-01,대여소별 이용정보 22.5.csv
관악구,영남2팀,3807. 관악우체국 교차로,712,2022-05-01,대여소별 이용정보 22.5.csv
강북구,도봉4팀,1547. 꿈의숲 롯데캐슬,712,2022-05-01,대여소별 이용정보 22.5.csv
서초구,이수3팀,2280. 서울서초고용센터앞,713,2022-05-01,대여소별 이용정보 22.5.csv
은평구,상암2팀,971. 역촌 센트레빌 아파트,713,2022-05-01,대여소별 이용정보 22.5.csv
은평구,상암3팀,964. 북한산힐스테이트 7차아파트,713,2022-05-01,대여소별 이용정보 22.5.csv
도봉구,도봉3팀,1761.방학중학교 앞,714,2022-05-01,대여소별 이용정보 22.5.csv
서초구,이수3팀,2502. 서초역1번출구 앞,714,2022-05-01,대여소별 이용정보 22.5.csv
영등포구,영남3팀,295.영등포공원 분수대 앞,715,2022-05-01,대여소별 이용정보 22.5.csv
성북구,훈련원2팀,1315. 고려사대부속중고 정문,716,2022-05-01,대여소별 이용정보 22.5.csv
강남구,학여울1팀,2318. 삼성중앙역4번출구(문화센터더 리빌),716,2022-05-01,대여소별 이용정보 22.5.csv
양천구,개화2팀,741. 화곡로 입구 교차로,717,2022-05-01,대여소별 이용정보 22.5.csv
용산구,세종로 4팀,866.브라운스톤 남산아파트,717,2022-05-01,대여소별 이용정보 22.5.csv
구로구,천왕2팀,2826.가마산지하보도 옆,718,2022-05-01,대여소별 이용정보 22.5.csv
중구,세종로 4팀,4781. 브라운스위트레지던스,718,2022-05-01,대여소별 이용정보 22.5.csv
강북구,도봉4팀,1504. 다이소 삼양시장점,718,2022-05-01,대여소별 이용정보 22.5.csv
송파구,천호2팀,1213. 백토공원 앞,719,2022-05-01,대여소별 이용정보 22.5.csv
영등포구,영남3팀,4591. 신길자이아파트,720,2022-05-01,대여소별 이용정보 22.5.csv
동작구,영남2팀,2057. 상도 아이파크 아파트,721,2022-05-01,대여소별 이용정보 22.5.csv
강남구,학여울1팀,3638. 신청담나들목,725,2022-05-01,대여소별 이용정보 22.5.csv
동작구,영남2팀,4152. 상도효성해링턴플레이스,726,2022-05-01,대여소별 이용정보 22.5.csv
성북구,훈련원2팀,1347. 길음래미안아파트817동 상가 앞,727,2022-05-01,대여소별 이용정보 22.5.csv
중랑구,중랑3팀,4838.동원사거리 행복오피스텔 앞,727,2022-05-01,대여소별 이용정보 22.5.csv
강남구,이수1팀,3609. 언주초등학교 입구,727,2022-05-01,대여소별 이용정보 22.5.csv
마포구,상암1팀,120. 신수동 사거리,734,2022-05-01,대여소별 이용정보 22.5.csv
구로구,천왕1팀,1968. 동인오피스텔 건너편 소공원,736,2022-05-01,대여소별 이용정보 22.5.csv
서초구,이수1팀,2549.LH 서초 4단지 403동,736,2022-05-01,대여소별 이용정보 22.5.csv
중구,세종로2팀,4785. 롯데시티호텔,736,2022-05-01,대여소별 이용정보 22.5.csv
강동구,천호1팀,3675. 강동리버스트8단지,737,2022-05-01,대여소별 이용정보 22.5.csv
중구,세종로1팀,4753. 우리은행 서소문금융센터,738,2022-05-01,대여소별 이용정보 22.5.csv
강남구,학여울1팀,3604. 삼성중앙역 5번출구,739,2022-05-01,대여소별 이용정보 22.5.csv
강남구,학여울2팀,3640. 일원1동주민센터앞 사거리,740,2022-05-01,대여소별 이용정보 22.5.csv
은평구,상암3팀,941. 은평뉴타운 도서관,741,2022-05-01,대여소별 이용정보 22.5.csv
강서구,개화1팀,2716.롯데 R&D 센터,742,2022-05-01,대여소별 이용정보 22.5.csv
금천구,천왕3팀,1826. 한신코아 앞,744,2022-05-01,대여소별 이용정보 22.5.csv
서초구,이수1팀,2550.양재동 꽃시장 건너편,745,2022-05-01,대여소별 이용정보 22.5.csv
중랑구,중랑3팀,1479.면목 홈플러스 2,745,2022-05-01,대여소별 이용정보 22.5.csv
종로구,훈련원1팀,397. 종묘공영주차장 건너편,746,2022-05-01,대여소별 이용정보 22.5.csv
은평구,상암2팀,4678. 백련산로 녹번센트레빌,748,2022-05-01,대여소별 이용정보 22.5.csv
성북구,훈련원2팀,1357. 북한산보국문역,748,2022-05-01,대여소별 이용정보 22.5.csv
구로구,천왕2팀,1976. 남구로역 5번 출입구 앞,749,2022-05-01,대여소별 이용정보 22.5.csv
도봉구,도봉3팀,4075. 방학신동아아파트 11동 앞,749,2022-05-01,대여소별 이용정보 22.5.csv
서초구,이수2팀,2281. 연세사랑병원신관앞,749,2022-05-01,대여소별 이용정보 22.5.csv
송파구,천호2팀,2616. 거여동 사거리,751,2022-05-01,대여소별 이용정보 22.5.csv
강서구,개화1팀,1105. 방화근린공원,753,2022-05-01,대여소별 이용정보 22.5.csv
도봉구,도봉3팀,1774.반석교회(쌍문동),753,2022-05-01,대여소별 이용정보 22.5.csv
성동구,중랑2팀,535. 응봉삼거리,753,2022-05-01,대여소별 이용정보 22.5.csv
노원구,도봉2팀,4045. 은하수 공원,754,2022-05-01,대여소별 이용정보 22.5.csv
구로구,천왕1팀,2815.항동지구 7단지 정문,756,2022-05-01,대여소별 이용정보 22.5.csv
성동구,중랑2팀,594. 중랑물재생센터(서울새활용플라자),756,2022-05-01,대여소별 이용정보 22.5.csv
영등포구,영남3팀,4555. 대림우성2차아파트,757,2022-05-01,대여소별 이용정보 22.5.csv
서초구,이수3팀,2212.서초현대4차아파트 201동 맞은편,758,2022-05-01,대여소별 이용정보 22.5.csv
성동구,중랑2팀,524. 래미안금호하이리버 아파트 102동 옆,758,2022-05-01,대여소별 이용정보 22.5.csv
서대문구,상암2팀,3107. 연희초등학교 앞,760,2022-05-01,대여소별 이용정보 22.5.csv
강북구,도봉4팀,1525. 미아동 복합청사,760,2022-05-01,대여소별 이용정보 22.5.csv
강남구,학여울1팀,2339. 현대아파트 정문 앞,761,2022-05-01,대여소별 이용정보 22.5.csv
송파구,천호2팀,1289. 풍납토성 서성벽터B,762,2022-05-01,대여소별 이용정보 22.5.csv
강동구,천호1팀,3653. 강동리버스트4단지아파트 404동 앞,763,2022-05-01,대여소별 이용정보 22.5.csv
용산구,세종로3팀,857. 현대 안성타워,765,2022-05-01,대여소별 이용정보 22.5.csv
구로구,천왕1팀,3906. 천왕차량사업소 입구,765,2022-05-01,대여소별 이용정보 22.5.csv
강동구,천호1팀,3690. 강일역 4번출구,765,2022-05-01,대여소별 이용정보 22.5.csv
강동구,천호1팀,1067.한영중고앞사거리,767,2022-05-01,대여소별 이용정보 22.5.csv
강북구,도봉4팀,1542. 삼양사거리역,767,2022-05-01,대여소별 이용정보 22.5.csv
서초구,이수1팀,4320. 신영체르니 아파트,767,2022-05-01,대여소별 이용정보 22.5.csv
강북구,도봉4팀,1528. 삼각산동 주민센터,769,2022-05-01,대여소별 이용정보 22.5.csv
구로구,천왕1팀,1973. 오리로와 서해안도로 교차로 앞,769,2022-05-01,대여소별 이용정보 22.5.csv
관악구,영남2팀,2137. KT&G 관악지점,770,2022-05-01,대여소별 이용정보 22.5.csv
금천구,천왕3팀,1845. 롯데캐슬골드파크1차 서문,771,2022-05-01,대여소별 이용정보 22.5.csv
서초구,이수1팀,2501. 서초 포레스타5단지,771,2022-05-01,대여소별 이용정보 22.5.csv
강동구,천호1팀,1065.보훈병원 후문옆(더 원커피),771,2022-05-01,대여소별 이용정보 22.5.csv
서초구,이수1팀,2539.대한무역투자진흥공사 KOTRA 앞,772,2022-05-01,대여소별 이용정보 22.5.csv
강동구,천호1팀,1063.강동롯데캐슬퍼스트 아파트(관리동),772,2022-05-01,대여소별 이용정보 22.5.csv
은평구,상암3팀,995.은평다목적체육관,774,2022-05-01,대여소별 이용정보 22.5.csv
광진구,중랑1팀,3543. 세종대학교(학술정보원),775,2022-05-01,대여소별 이용정보 22.5.csv
강서구,개화1팀,3776. 김포공항교차로,777,2022-05-01,대여소별 이용정보 22.5.csv
노원구,도봉1팀,1664. 노해근린공원내,777,2022-05-01,대여소별 이용정보 22.5.csv
강서구,개화3팀,1183. KC 대학교,778,2022-05-01,대여소별 이용정보 22.5.csv
강남구,학여울1팀,2353. 강남구청역 2번출구 뒤,779,2022-05-01,대여소별 이용정보 22.5.csv
송파구,천호2팀,4474. 가락현대 1차 11동 앞,779,2022-05-01,대여소별 이용정보 22.5.csv
성북구,훈련원2팀,1325. 상월곡역 4번출구,780,2022-05-01,대여소별 이용정보 22.5.csv
중랑구,중랑3팀,1441. 신내능말공원,780,2022-05-01,대여소별 이용정보 22.5.csv
강북구,도봉4팀,1509. 서울북부수도사업소,781,2022-05-01,대여소별 이용정보 22.5.csv
중구,세종로2팀,322. 명동성당 앞,781,2022-05-01,대여소별 이용정보 22.5.csv
중랑구,중랑3팀,1421. 신내역 4번출구,783,2022-05-01,대여소별 이용정보 22.5.csv
서초구,이수1팀,2246. 서울시 품질시험소 앞,783,2022-05-01,대여소별 이용정보 22.5.csv
강남구,학여울1팀,2360. 도곡1동 주민센터 교차로,783,2022-05-01,대여소별 이용정보 22.5.csv
성동구,중랑2팀,3557.서울숲리버뷰자이APT105동 앞,784,2022-05-01,대여소별 이용정보 22.5.csv
양천구,천왕1팀,760. 잣절보도육교 아래,784,2022-05-01,대여소별 이용정보 22.5.csv
송파구,천호2팀,4485. 잠실나루역 고가하부,785,2022-05-01,대여소별 이용정보 22.5.csv
광진구,중랑1팀,575. 대원중고교 입구(대하빌딩),788,2022-05-01,대여소별 이용정보 22.5.csv
은평구,상암3팀,4676. 갈현1동 주민센터,788,2022-05-01,대여소별 이용정보 22.5.csv
강동구,천호1팀,3655. 둔촌신성미소지움아파트,788,2022-05-01,대여소별 이용정보 22.5.csv
금천구,천왕3팀,1825. 한신아파트 앞 육교 아래,790,2022-05-01,대여소별 이용정보 22.5.csv
송파구,천호2팀,4454. 위례 포레샤인 1809동 부근,790,2022-05-01,대여소별 이용정보 22.5.csv
서초구,이수3팀,2233. 서초신동아1차아파트 옆,791,2022-05-01,대여소별 이용정보 22.5.csv
강남구,학여울1팀,2389. 경기여자고등학교 후문 (삼성로3길 입구),792,2022-05-01,대여소별 이용정보 22.5.csv
서대문구,상암2팀,169. 북가좌 삼거리,792,2022-05-01,대여소별 이용정보 22.5.csv
서대문구,상암1팀,137. 신촌기차역입구 교차로,792,2022-05-01,대여소별 이용정보 22.5.csv
송파구,학여울2팀,1241. 문정 법조단지5,792,2022-05-01,대여소별 이용정보 22.5.csv
송파구,천호2팀,4862. 성내교 남단,792,2022-05-01,대여소별 이용정보 22.5.csv
마포구,상암1팀,425. DMC첨단산업센터,793,2022-05-01,대여소별 이용정보 22.5.csv
강북구,도봉4팀,1537. 북한산 우이역,795,2022-05-01,대여소별 이용정보 22.5.csv
관악구,영남2팀,2190.도원맨션,796,2022-05-01,대여소별 이용정보 22.5.csv
서대문구,상암2팀,167. 연가초등학교 옆,797,2022-05-01,대여소별 이용정보 22.5.csv
중구,훈련원1팀,477.앰배서더 호텔 주변,798,2022-05-01,대여소별 이용정보 22.5.csv
강서구,개화1팀,3801. 이랜드글로벌R&D센터,798,2022-05-01,대여소별 이용정보 22.5.csv
성동구,중랑2팀,533. 금남시장 교차로,798,2022-05-01,대여소별 이용정보 22.5.csv
도봉구,도봉3팀,1713. 쌍문동 이안아파트 앞,798,2022-05-01,대여소별 이용정보 22.5.csv
노원구,도봉2팀,4033. 녹천역 4번 출구 옆,800,2022-05-01,대여소별 이용정보 22.5.csv
강남구,학여울1팀,2310. 청담동 맥도날드 옆(위치),800,2022-05-01,대여소별 이용정보 22.5.csv
강남구,학여울2팀,2344. 리엔파크 2단지 앞,800,2022-05-01,대여소별 이용정보 22.5.csv
동대문구,훈련원3팀,4116. 이문e편한세상아파트 앞,804,2022-05-01,대여소별 이용정보 22.5.csv
서초구,이수3팀,2272. 교대입구 교차로,804,2022-05-01,대여소별 이용정보 22.5.csv
동대문구,훈련원4팀,638. 서울시립대 정보기술관,805,2022-05-01,대여소별 이용정보 22.5.csv
강남구,학여울2팀,2337. 대모산입구역 2번출구 앞,806,2022-05-01,대여소별 이용정보 22.5.csv
양천구,개화4팀,745. 강서초등학교,806,2022-05-01,대여소별 이용정보 22.5.csv
동대문구,훈련원3팀,671.대광빌딩,808,2022-05-01,대여소별 이용정보 22.5.csv
강남구,학여울1팀,2323. 주식회사 오뚜기 정문 앞,810,2022-05-01,대여소별 이용정보 22.5.csv
금천구,천왕3팀,3980. 금천현대홈타운 후문 서부샛길,811,2022-05-01,대여소별 이용정보 22.5.csv
마포구,상암1팀,424. 롯데하이마트 (상암월드컵점),812,2022-05-01,대여소별 이용정보 22.5.csv
마포구,상암1팀,491.월드컵파크 4단지,812,2022-05-01,대여소별 이용정보 22.5.csv
용산구,세종로3팀,4610. 한남나인원 105동 앞,815,2022-05-01,대여소별 이용정보 22.5.csv
은평구,상암2팀,4658. 녹번역1번출구앞,815,2022-05-01,대여소별 이용정보 22.5.csv
서대문구,상암2팀,3127.홍은2파출소 옆,816,2022-05-01,대여소별 이용정보 22.5.csv
강남구,학여울2팀,3643. 더시그넘하우스 앞,816,2022-05-01,대여소별 이용정보 22.5.csv
도봉구,도봉3팀,1732. 우리은행 앞,817,2022-05-01,대여소별 이용정보 22.5.csv
영등포구,영남3팀,3211.신길 래미안 프레비뉴,818,2022-05-01,대여소별 이용정보 22.5.csv
강남구,학여울2팀,3612. 은곡마을,818,2022-05-01,대여소별 이용정보 22.5.csv
용산구,세종로3팀,808. 서빙고동 금호맨션 앞,819,2022-05-01,대여소별 이용정보 22.5.csv
금천구,천왕3팀,1809. LG전자 별관동(호서대 벤처타워 맞은편),819,2022-05-01,대여소별 이용정보 22.5.csv
관악구,이수2팀,3813. 낙성대역 5번출구,820,2022-05-01,대여소별 이용정보 22.5.csv
강동구,천호1팀,1031. 올림픽로 836(아리수로),821,2022-05-01,대여소별 이용정보 22.5.csv
노원구,도봉2팀,2903.월계초안아파트 1단지,821,2022-05-01,대여소별 이용정보 22.5.csv
강남구,학여울2팀,2426.강남한신휴플러스 6단지,821,2022-05-01,대여소별 이용정보 22.5.csv
강남구,학여울1팀,2331. 동영문화센터앞,822,2022-05-01,대여소별 이용정보 22.5.csv
강남구,학여울2팀,2341. 일원역 4~5번 출구 사이,822,2022-05-01,대여소별 이용정보 22.5.csv
용산구,세종로 4팀,4621. 남산도서관 앞,823,2022-05-01,대여소별 이용정보 22.5.csv
강서구,개화2팀,3797. 마곡수명산파크7단지 710동 앞,823,2022-05-01,대여소별 이용정보 22.5.csv
도봉구,도봉3팀,1759.서울북부지방법원 앞,824,2022-05-01,대여소별 이용정보 22.5.csv
용산구,세종로3팀,4607. 국립중앙박물관 -용산가족공원 앞,824,2022-05-01,대여소별 이용정보 22.5.csv
용산구,세종로3팀,848. 삼각지12번 출구,831,2022-05-01,대여소별 이용정보 22.5.csv
마포구,상암1팀,4207. 아만티호텔 앞,831,2022-05-01,대여소별 이용정보 22.5.csv
서초구,이수3팀,4316. 고속터미널역 3번출구,833,2022-05-01,대여소별 이용정보 22.5.csv
종로구,훈련원1팀,343. 예일빌딩(율곡로) 앞,835,2022-05-01,대여소별 이용정보 22.5.csv
서대문구,상암1팀,160. 북아현동 가구거리,836,2022-05-01,대여소별 이용정보 22.5.csv
구로구,천왕1팀,3903. 현대아파트 앞,837,2022-05-01,대여소별 이용정보 22.5.csv
강동구,천호1팀,3673. 강동리버스트6단지,838,2022-05-01,대여소별 이용정보 22.5.csv
송파구,천호2팀,1275. 거여초등학교 옆,839,2022-05-01,대여소별 이용정보 22.5.csv
광진구,중랑1팀,3588.세종대학교(영실관),839,2022-05-01,대여소별 이용정보 22.5.csv
강동구,천호1팀,1032. 선사고등학교,840,2022-05-01,대여소별 이용정보 22.5.csv
강서구,개화2팀,3770. 남부순환로 205,842,2022-05-01,대여소별 이용정보 22.5.csv
구로구,천왕1팀,3912. 삼호아파트 앞,843,2022-05-01,대여소별 이용정보 22.5.csv
관악구,이수2팀,2129. 낙성대 과학전시관,843,2022-05-01,대여소별 이용정보 22.5.csv
서초구,이수1팀,2243.서울가정법원,844,2022-05-01,대여소별 이용정보 22.5.csv
서초구,이수3팀,2518.서초3교(효령로70길 방면),849,2022-05-01,대여소별 이용정보 22.5.csv
서대문구,상암2팀,163. 명지전문대학교 정문 앞,849,2022-05-01,대여소별 이용정보 22.5.csv
금천구,천왕3팀,1854. 가산아네스트 오피스텔 앞,850,2022-05-01,대여소별 이용정보 22.5.csv
양천구,개화3팀,776.목마공원,852,2022-05-01,대여소별 이용정보 22.5.csv
구로구,천왕1팀,3917. 성공회대학교,852,2022-05-01,대여소별 이용정보 22.5.csv
관악구,영남2팀,2127. 난곡종점,853,2022-05-01,대여소별 이용정보 22.5.csv
강서구,개화3팀,3761. 나이아가라관광호텔,853,2022-05-01,대여소별 이용정보 22.5.csv
노원구,도봉2팀,1693. 원자력 병원,853,2022-05-01,대여소별 이용정보 22.5.csv
강남구,학여울1팀,2356. 강남구청,854,2022-05-01,대여소별 이용정보 22.5.csv
도봉구,도봉3팀,4058. 다락원체육공원 전망대 입구,854,2022-05-01,대여소별 이용정보 22.5.csv
도봉구,도봉3팀,1736. 버스정류장 앞,855,2022-05-01,대여소별 이용정보 22.5.csv
은평구,상암2팀,4665. 응암역3번 출구(서부경찰서 방면),856,2022-05-01,대여소별 이용정보 22.5.csv
송파구,학여울2팀,1287. 위례아이파크 101동 맞은편,857,2022-05-01,대여소별 이용정보 22.5.csv
은평구,상암2팀,975.백련산 힐스테이트상가앞,857,2022-05-01,대여소별 이용정보 22.5.csv
도봉구,도봉3팀,1758.북서울교회 버스정류소 앞,858,2022-05-01,대여소별 이용정보 22.5.csv
서초구,이수3팀,2297. 남부터미널역 1번출구,862,2022-05-01,대여소별 이용정보 22.5.csv
중구,세종로 4팀,441.염천교사거리,865,2022-05-01,대여소별 이용정보 22.5.csv
중구,세종로2팀,468.웨스틴 조선호텔,865,2022-05-01,대여소별 이용정보 22.5.csv
양천구,개화4팀,757. 신정이펜하우스 1단지아파트 입구 사거리,867,2022-05-01,대여소별 이용정보 22.5.csv
서대문구,상암1팀,139. 연세대 정문 건너편,868,2022-05-01,대여소별 이용정보 22.5.csv
강동구,천호1팀,1056. 강일리버파크 7~11단지,868,2022-05-01,대여소별 이용정보 22.5.csv
강남구,학여울1팀,2385. 학동역,870,2022-05-01,대여소별 이용정보 22.5.csv
강북구,도봉4팀,1516. 우이초등학교 후문 옆,870,2022-05-01,대여소별 이용정보 22.5.csv
양천구,개화4팀,790.화곡고가 사거리,871,2022-05-01,대여소별 이용정보 22.5.csv
성북구,훈련원2팀,1344. 아리랑시네센터 앞,872,2022-05-01,대여소별 이용정보 22.5.csv
강남구,학여울2팀,3642. LH강남힐스테이트아파트,873,2022-05-01,대여소별 이용정보 22.5.csv
송파구,학여울2팀,4874. 탄천1교 하부보도,875,2022-05-01,대여소별 이용정보 22.5.csv
서대문구,상암2팀,3129.DMC래미안e편한세상203동옆,875,2022-05-01,대여소별 이용정보 22.5.csv
금천구,천왕3팀,1835. STX V타워,876,2022-05-01,대여소별 이용정보 22.5.csv
송파구,천호2팀,1299. 송파소방서 (방이119안전센터),877,2022-05-01,대여소별 이용정보 22.5.csv
용산구,세종로 4팀,845. 용산 선인상가,878,2022-05-01,대여소별 이용정보 22.5.csv
강동구,천호1팀,1064.중앙보훈병원역 1번출구,879,2022-05-01,대여소별 이용정보 22.5.csv
송파구,천호2팀,1291. 서울체육고등학교 앞,879,2022-05-01,대여소별 이용정보 22.5.csv
은평구,상암3팀,922. 연신내역 4번출구,879,2022-05-01,대여소별 이용정보 22.5.csv
강남구,학여울1팀,3629. 청담사거리(신한오피스텔빌딩 앞),881,2022-05-01,대여소별 이용정보 22.5.csv
중구,세종로2팀,4774. 을지로입구역 8번출구,881,2022-05-01,대여소별 이용정보 22.5.csv
성동구,중랑2팀,4360. 르노삼성자동차 성수사업소 앞,884,2022-05-01,대여소별 이용정보 22.5.csv
서초구,이수3팀,2526.반포경남쇼핑 앞,887,2022-05-01,대여소별 이용정보 22.5.csv
성동구,중랑2팀,538. 답십리역 8번출구 앞,887,2022-05-01,대여소별 이용정보 22.5.csv
송파구,천호2팀,4472. 송파파크데일 1단지 115동 건너편,887,2022-05-01,대여소별 이용정보 22.5.csv
강북구,도봉4팀,1551.4.19탑 앞,890,2022-05-01,대여소별 이용정보 22.5.csv
노원구,도봉1팀,1678. 성서대학교 밀알관,891,2022-05-01,대여소별 이용정보 22.5.csv
동대문구,훈련원4팀,652. 답십리 래미안엘파인아파트 입구,891,2022-05-01,대여소별 이용정보 22.5.csv
도봉구,도봉3팀,1727. 서울도봉초등학교인근,892,2022-05-01,대여소별 이용정보 22.5.csv
도봉구,도봉3팀,1725. 창1동주민센터,894,2022-05-01,대여소별 이용정보 22.5.csv
강동구,천호1팀,1070.(시립)고덕평생학습관,894,2022-05-01,대여소별 이용정보 22.5.csv
용산구,세종로3팀,840. 용산 파크타워 앞,896,2022-05-01,대여소별 이용정보 22.5.csv
종로구,훈련원1팀,3419.국립어린이과학관,896,2022-05-01,대여소별 이용정보 22.5.csv
영등포구,영남3팀,282. 신한은행 대림동지점,898,2022-05-01,대여소별 이용정보 22.5.csv
송파구,학여울2팀,2645.잠실나들목2(엘스아파트136동),901,2022-05-01,대여소별 이용정보 22.5.csv
광진구,중랑1팀,3537. 아차산 휴먼시아 아파트 옆,902,2022-05-01,대여소별 이용정보 22.5.csv
서초구,이수2팀,2229.로고스교회 맞은 편,903,2022-05-01,대여소별 이용정보 22.5.csv
강남구,학여울1팀,2330. 역삼월드메르디앙아파트 앞,903,2022-05-01,대여소별 이용정보 22.5.csv
동작구,이수2팀,2024. 상도역 1번출구,906,2022-05-01,대여소별 이용정보 22.5.csv
관악구,영남2팀,2139. 서울신성초등학교,906,2022-05-01,대여소별 이용정보 22.5.csv
동작구,이수2팀,2069. 숭실대 입구역3번 출구 앞,907,2022-05-01,대여소별 이용정보 22.5.csv
강남구,이수3팀,2410. 포스코피앤에스타워 (역삼역 3번출구 부근),909,2022-05-01,대여소별 이용정보 22.5.csv
송파구,학여울2팀,2625.가락종합 사회복지관,909,2022-05-01,대여소별 이용정보 22.5.csv
중랑구,중랑3팀,4836. 양원역 1번 출구,910,2022-05-01,대여소별 이용정보 22.5.csv
구로구,천왕1팀,1999. 수궁동 성당 주변,911,2022-05-01,대여소별 이용정보 22.5.csv
영등포구,영남1팀,3207.양남사거리1,912,2022-05-01,대여소별 이용정보 22.5.csv
송파구,천호2팀,2643.풍납중학교 측면,913,2022-05-01,대여소별 이용정보 22.5.csv
강동구,천호1팀,1041. 묘곡초등학교,913,2022-05-01,대여소별 이용정보 22.5.csv
관악구,영남2팀,2196. 봉천역 3번출구,914,2022-05-01,대여소별 이용정보 22.5.csv
노원구,도봉2팀,5306. 동신아파트 후문 옆,915,2022-05-01,대여소별 이용정보 22.5.csv
강서구,개화3팀,1137. 등촌2동주민센터,915,2022-05-01,대여소별 이용정보 22.5.csv
송파구,학여울2팀,4887. 호돌이상가,915,2022-05-01,대여소별 이용정보 22.5.csv
강동구,천호1팀,3691. 둔촌역 2번출구,915,2022-05-01,대여소별 이용정보 22.5.csv
광진구,중랑1팀,3880. 홍련봉 공원,919,2022-05-01,대여소별 이용정보 22.5.csv
서초구,이수2팀,2228.뒷벌공원 옆,920,2022-05-01,대여소별 이용정보 22.5.csv
금천구,천왕3팀,1831. 메이퀸웨딩컨벤션 앞,921,2022-05-01,대여소별 이용정보 22.5.csv
금천구,천왕3팀,3977. 말미사거리,922,2022-05-01,대여소별 이용정보 22.5.csv
동대문구,훈련원4팀,606. 휘경공고앞,923,2022-05-01,대여소별 이용정보 22.5.csv
은평구,상암3팀,953. 서울연신초등학교,924,2022-05-01,대여소별 이용정보 22.5.csv
도봉구,도봉3팀,1702. 녹천역 1번출구 앞,925,2022-05-01,대여소별 이용정보 22.5.csv
동작구,영남2팀,2065. 서울시여성가족재단,926,2022-05-01,대여소별 이용정보 22.5.csv
금천구,천왕3팀,1859. 대륭테크노타운 18차,927,2022-05-01,대여소별 이용정보 22.5.csv
송파구,천호2팀,2627.문정시영아파트 5동 앞 공원,929,2022-05-01,대여소별 이용정보 22.5.csv
서대문구,상암2팀,3132.홍제교,930,2022-05-01,대여소별 이용정보 22.5.csv
동대문구,훈련원3팀,667.청량차도 육교 밑,931,2022-05-01,대여소별 이용정보 22.5.csv
서대문구,상암1팀,141. 연대 대운동장 옆,931,2022-05-01,대여소별 이용정보 22.5.csv
중구,세종로2팀,471.회현사거리 남측,932,2022-05-01,대여소별 이용정보 22.5.csv
강남구,학여울1팀,2364. 도산공원교차로,932,2022-05-01,대여소별 이용정보 22.5.csv
서초구,이수3팀,2268. 서초4동주민센터,933,2022-05-01,대여소별 이용정보 22.5.csv
강남구,학여울1팀,2396. 영동3교 북단(우성캐릭터 앞 보도),933,2022-05-01,대여소별 이용정보 22.5.csv
강동구,천호1팀,3676. 강동리엔파크9단지,935,2022-05-01,대여소별 이용정보 22.5.csv
강남구,학여울1팀,4902. 구역삼세무서 교차로,937,2022-05-01,대여소별 이용정보 22.5.csv
마포구,상암1팀,142. 아현역 4번출구 앞,938,2022-05-01,대여소별 이용정보 22.5.csv
서대문구,상암2팀,3122.북가좌삼거리2,938,2022-05-01,대여소별 이용정보 22.5.csv
중구,훈련원1팀,382. 약수역 10번출구 앞,941,2022-05-01,대여소별 이용정보 22.5.csv
용산구,세종로 4팀,4616. 신용산지하차도 앞,941,2022-05-01,대여소별 이용정보 22.5.csv
용산구,세종로3팀,811. 녹사평역1번출구,944,2022-05-01,대여소별 이용정보 22.5.csv
은평구,상암3팀,976.진관고등학교앞,944,2022-05-01,대여소별 이용정보 22.5.csv
종로구,훈련원1팀,337. 창경궁 입구,944,2022-05-01,대여소별 이용정보 22.5.csv
종로구,세종로1팀,3425.광화문 풍림스페이스본 1단지앞,944,2022-05-01,대여소별 이용정보 22.5.csv
광진구,중랑1팀,591. 건국대학교 (행정관),945,2022-05-01,대여소별 이용정보 22.5.csv
서초구,이수3팀,2299. 한전아트센터 앞,946,2022-05-01,대여소별 이용정보 22.5.csv
관악구,이수2팀,2186. 낙성대입구삼거리,948,2022-05-01,대여소별 이용정보 22.5.csv
동대문구,훈련원3팀,636. 세종대왕기념관 교차로,952,2022-05-01,대여소별 이용정보 22.5.csv
강남구,학여울1팀,2373. 개포동역 사거리,952,2022-05-01,대여소별 이용정보 22.5.csv
은평구,상암3팀,927. 연신내역 3번출구 인근,953,2022-05-01,대여소별 이용정보 22.5.csv
강동구,천호1팀,1018. 둔촌 주공 GS 맞은편,953,2022-05-01,대여소별 이용정보 22.5.csv
서초구,이수3팀,4313. 반포종합운동장,953,2022-05-01,대여소별 이용정보 22.5.csv
강동구,천호1팀,1083.광문고교사거리(아이파크),954,2022-05-01,대여소별 이용정보 22.5.csv
강북구,도봉4팀,1543. 수유1동 주민센터,955,2022-05-01,대여소별 이용정보 22.5.csv
동대문구,훈련원4팀,664. 서울시립대 건설공학관,955,2022-05-01,대여소별 이용정보 22.5.csv
송파구,천호2팀,4855. 거여5단지 503동 앞,958,2022-05-01,대여소별 이용정보 22.5.csv
강서구,개화1팀,1198. LG 사이언스파크,959,2022-05-01,대여소별 이용정보 22.5.csv
강남구,학여울2팀,2422.수서동 성당 맞은편,960,2022-05-01,대여소별 이용정보 22.5.csv
마포구,상암1팀,4251. 공덕역 경의선숲길 커뮤니티센터,960,2022-05-01,대여소별 이용정보 22.5.csv
강남구,학여울1팀,2319. 포스코사거리 서측(수협 삼성동 지점),961,2022-05-01,대여소별 이용정보 22.5.csv
서초구,이수1팀,4303. 매헌역 2번출구앞광역버스 정류장앞(22-297),961,2022-05-01,대여소별 이용정보 22.5.csv
구로구,천왕2팀,1916. 구로중학교앞,962,2022-05-01,대여소별 이용정보 22.5.csv
서대문구,상암2팀,4253. 홍은도담도서관,962,2022-05-01,대여소별 이용정보 22.5.csv
강남구,학여울1팀,2320. 도곡역 대치지구대 방향,963,2022-05-01,대여소별 이용정보 22.5.csv
중구,훈련원1팀,347. 동대문역사문화공원역 9번출구 앞,963,2022-05-01,대여소별 이용정보 22.5.csv
송파구,학여울2팀,1285. 위례별 유치원 뒤,963,2022-05-01,대여소별 이용정보 22.5.csv
성북구,훈련원2팀,1302. 한성대입구역6번출구 뒤,963,2022-05-01,대여소별 이용정보 22.5.csv
송파구,천호2팀,4871. 오금동 대림아파트 정문,965,2022-05-01,대여소별 이용정보 22.5.csv
도봉구,도봉3팀,4073.방아골종합사회복지관,968,2022-05-01,대여소별 이용정보 22.5.csv
강북구,도봉4팀,1518. SK telecom(수유직영점) 앞,968,2022-05-01,대여소별 이용정보 22.5.csv
강동구,천호1팀,3694. 강동리엔파크 11단지,971,2022-05-01,대여소별 이용정보 22.5.csv
노원구,도봉2팀,4009. 월계프라자,972,2022-05-01,대여소별 이용정보 22.5.csv
용산구,세종로 4팀,4618. 풍전아파트 건너편,973,2022-05-01,대여소별 이용정보 22.5.csv
영등포구,영남3팀,4578.보라매sk뷰,974,2022-05-01,대여소별 이용정보 22.5.csv
양천구,개화4팀,4534. 월정초교 앞 사거리,975,2022-05-01,대여소별 이용정보 22.5.csv
서초구,이수3팀,2527.반포중학교 앞(세화여고 맞은편),975,2022-05-01,대여소별 이용정보 22.5.csv
은평구,상암3팀,954. 은평뉴타운구파발9단지,975,2022-05-01,대여소별 이용정보 22.5.csv
은평구,상암2팀,965. 서울특별시 은평병원,976,2022-05-01,대여소별 이용정보 22.5.csv
송파구,학여울2팀,1217. 송파파인타운 7단지,977,2022-05-01,대여소별 이용정보 22.5.csv
서초구,이수3팀,2227.방배열린문화센터 앞,977,2022-05-01,대여소별 이용정보 22.5.csv
강남구,학여울1팀,2405. 청담공원앞 교차로,978,2022-05-01,대여소별 이용정보 22.5.csv
서초구,이수3팀,2237.서울남부터미널 대합실 입구,978,2022-05-01,대여소별 이용정보 22.5.csv
영등포구,영남1팀,233. 양평1동 YP센터 앞,979,2022-05-01,대여소별 이용정보 22.5.csv
강동구,천호1팀,3686. 고덕 래미안 힐스테이트(101동),980,2022-05-01,대여소별 이용정보 22.5.csv
용산구,세종로 4팀,4627. 효창공원앞역 5번출구 옆,981,2022-05-01,대여소별 이용정보 22.5.csv
강남구,학여울1팀,2328. 르네상스 호텔 사거리 역삼지하보도 7번출구 앞,981,2022-05-01,대여소별 이용정보 22.5.csv
영등포구,영남3팀,298.KBS 연구동 건너편,982,2022-05-01,대여소별 이용정보 22.5.csv
노원구,도봉2팀,1646. 삼육대 입구,983,2022-05-01,대여소별 이용정보 22.5.csv
은평구,상암3팀,946. 독바위역,983,2022-05-01,대여소별 이용정보 22.5.csv
서초구,이수1팀,2293. SPC 앞,984,2022-05-01,대여소별 이용정보 22.5.csv
마포구,상암1팀,413. 상암월드컵파크 3단지 후문,986,2022-05-01,대여소별 이용정보 22.5.csv
양천구,개화4팀,710. 금옥여고보도육교,987,2022-05-01,대여소별 이용정보 22.5.csv
마포구,상암1팀,406. 상암월드컵파크 7단지 앞,987,2022-05-01,대여소별 이용정보 22.5.csv
송파구,천호2팀,4458. 가락2동주민센터 인근,988,2022-05-01,대여소별 이용정보 22.5.csv
은평구,상암3팀,925. 불광역 2번출구,989,2022-05-01,대여소별 이용정보 22.5.csv
종로구,세종로1팀,351. 청운초교 앞 삼거리,990,2022-05-01,대여소별 이용정보 22.5.csv
서초구,이수1팀,2263. 바우뫼문화복지회관,990,2022-05-01,대여소별 이용정보 22.5.csv
서대문구,상암2팀,192. 연서어린이공원,996,2022-05-01,대여소별 이용정보 22.5.csv
강남구,학여울1팀,"2419.봉은사역 1,2번 출구",997,2022-05-01,대여소별 이용정보 22.5.csv
서초구,이수1팀,2250. 서초유치원 맞은편,999,2022-05-01,대여소별 이용정보 22.5.csv
중랑구,중랑3팀,1472.영성빌딩(PAT),1001,2022-05-01,대여소별 이용정보 22.5.csv
강남구,학여울1팀,2313. 금원빌딩 앞,1002,2022-05-01,대여소별 이용정보 22.5.csv
광진구,중랑1팀,3863. 동일로58길 입구,1003,2022-05-01,대여소별 이용정보 22.5.csv
금천구,천왕3팀,3985. 디폴리스 지식산업센터,1004,2022-05-01,대여소별 이용정보 22.5.csv
용산구,세종로 4팀,4603. 한강GS에클라트 건너편 교통섬,1007,2022-05-01,대여소별 이용정보 22.5.csv
구로구,천왕1팀,1993. 금강수목원아파트 앞,1012,2022-05-01,대여소별 이용정보 22.5.csv
양천구,영남1팀,4536. 양천해누리체육공원,1015,2022-05-01,대여소별 이용정보 22.5.csv
송파구,천호2팀,2655.송이공원,1015,2022-05-01,대여소별 이용정보 22.5.csv
종로구,훈련원1팀,452. 동대문 종합시장 버스정류장,1017,2022-05-01,대여소별 이용정보 22.5.csv
강동구,천호1팀,1042. 강일리버파크 2~5단지,1017,2022-05-01,대여소별 이용정보 22.5.csv
동작구,영남2팀,2008. 노량진근린공원 대방공원,1018,2022-05-01,대여소별 이용정보 22.5.csv
중구,훈련원1팀,371. 동대입구역 6번출구 뒤,1019,2022-05-01,대여소별 이용정보 22.5.csv
금천구,천왕3팀,1822. 서울 시흥동우체국 앞,1019,2022-05-01,대여소별 이용정보 22.5.csv
중구,훈련원1팀,4800. 필동 삼거리,1023,2022-05-01,대여소별 이용정보 22.5.csv
서초구,이수3팀,2509. 심산기념문화센터,1024,2022-05-01,대여소별 이용정보 22.5.csv
동작구,이수2팀,4173. 중대후문 마을버스정류장,1025,2022-05-01,대여소별 이용정보 22.5.csv
서초구,이수3팀,4307. 고투몰 gate 15옆,1026,2022-05-01,대여소별 이용정보 22.5.csv
용산구,세종로3팀,"4605. 노들섬 다목적홀(동쪽) 숲, 앞",1026,2022-05-01,대여소별 이용정보 22.5.csv
강서구,개화2팀,5076. 메이필드호텔앞,1028,2022-05-01,대여소별 이용정보 22.5.csv
마포구,상암1팀,4246. 상수역새마을금고,1028,2022-05-01,대여소별 이용정보 22.5.csv
강남구,학여울2팀,2321. 학여울역 사거리,1029,2022-05-01,대여소별 이용정보 22.5.csv
강북구,도봉4팀,3711. 월계2교 교차로,1029,2022-05-01,대여소별 이용정보 22.5.csv
영등포구,영남1팀,3221.서울특별시 남부교육지원청,1030,2022-05-01,대여소별 이용정보 22.5.csv
중구,세종로2팀,331. 을지로2가 사거리 북측,1030,2022-05-01,대여소별 이용정보 22.5.csv
금천구,천왕3팀,1870.독산3동주민센터 앞,1030,2022-05-01,대여소별 이용정보 22.5.csv
강동구,천호1팀,3665. 고덕센트럴 아이파크상가 앞,1030,2022-05-01,대여소별 이용정보 22.5.csv
양천구,개화4팀,720. 서울강월초등학교 앞,1031,2022-05-01,대여소별 이용정보 22.5.csv
동대문구,훈련원3팀,607. 신이문역 2번출구,1031,2022-05-01,대여소별 이용정보 22.5.csv
광진구,중랑1팀,3510. 중곡SK아파트앞,1033,2022-05-01,대여소별 이용정보 22.5.csv
광진구,중랑1팀,555. 구의3동주민센터,1035,2022-05-01,대여소별 이용정보 22.5.csv
강북구,도봉4팀,1574.송중초등학교 옆,1038,2022-05-01,대여소별 이용정보 22.5.csv
영등포구,영남3팀,271. 샛강생태공원방문자센터 앞,1038,2022-05-01,대여소별 이용정보 22.5.csv
관악구,영남2팀,2178. 서울대학교 정문,1039,2022-05-01,대여소별 이용정보 22.5.csv
도봉구,도봉3팀,1751. 창원초등학교 교차로,1043,2022-05-01,대여소별 이용정보 22.5.csv
구로구,천왕2팀,1998. 고척교 교차로,1043,2022-05-01,대여소별 이용정보 22.5.csv
마포구,상암1팀,436. 이대역 5번출구,1047,2022-05-01,대여소별 이용정보 22.5.csv
은평구,상암2팀,909. 백련산 힐스테이트 3차,1049,2022-05-01,대여소별 이용정보 22.5.csv
송파구,천호2팀,4493. 마천사거리 2,1049,2022-05-01,대여소별 이용정보 22.5.csv
도봉구,도봉3팀,1772.시립도봉노인복지관 버스정류소,1049,2022-05-01,대여소별 이용정보 22.5.csv
중랑구,중랑3팀,4835. 망우동 본죽 앞,1054,2022-05-01,대여소별 이용정보 22.5.csv
서초구,이수3팀,2547.포드서초서비스센터앞,1054,2022-05-01,대여소별 이용정보 22.5.csv
은평구,상암3팀,923. 국민은행 연서지점,1055,2022-05-01,대여소별 이용정보 22.5.csv
동대문구,훈련원3팀,4103. 휘경sk뷰아파트 앞,1059,2022-05-01,대여소별 이용정보 22.5.csv
송파구,학여울2팀,4863. 잠실나들목5,1059,2022-05-01,대여소별 이용정보 22.5.csv
금천구,천왕3팀,3969. 독산역 롯데캐슬 104동 앞,1059,2022-05-01,대여소별 이용정보 22.5.csv
강남구,학여울1팀,2312. 청담역 13번 출구 앞,1059,2022-05-01,대여소별 이용정보 22.5.csv
송파구,천호2팀,4462. 가락중학교 앞,1060,2022-05-01,대여소별 이용정보 22.5.csv
성북구,훈련원2팀,1340. 광운초등학교 앞,1063,2022-05-01,대여소별 이용정보 22.5.csv
서대문구,상암2팀,3130.가재울사거리,1063,2022-05-01,대여소별 이용정보 22.5.csv
양천구,개화4팀,712. 강월초교입구 사거리,1064,2022-05-01,대여소별 이용정보 22.5.csv
관악구,영남2팀,2172. 나들목공원,1065,2022-05-01,대여소별 이용정보 22.5.csv
금천구,천왕3팀,3963. 에이스 하드웨어(시흥대로 396) 앞,1065,2022-05-01,대여소별 이용정보 22.5.csv
노원구,도봉1팀,1672. 상계동수락리버시티,1068,2022-05-01,대여소별 이용정보 22.5.csv
강남구,학여울1팀,2325. 대치삼성아파트 앞 교차로,1071,2022-05-01,대여소별 이용정보 22.5.csv
강남구,학여울1팀,2394. 개포래미안포레스트아파트 107동 앞,1071,2022-05-01,대여소별 이용정보 22.5.csv
양천구,개화2팀,4530. 방아다리어린이공원,1072,2022-05-01,대여소별 이용정보 22.5.csv
중구,세종로2팀,332. 을지로2가 사거리 남측,1072,2022-05-01,대여소별 이용정보 22.5.csv
성북구,훈련원2팀,1348. 성북제일새마을금고 본점 앞,1072,2022-05-01,대여소별 이용정보 22.5.csv
강북구,도봉4팀,1554.번동사거리,1073,2022-05-01,대여소별 이용정보 22.5.csv
영등포구,영남3팀,5853. 여의도역2번출구 앞,1073,2022-05-01,대여소별 이용정보 22.5.csv
종로구,세종로1팀,446. 상명대입구,1073,2022-05-01,대여소별 이용정보 22.5.csv
구로구,천왕1팀,3908. 오류동 다숲오피스텔 앞,1074,2022-05-01,대여소별 이용정보 22.5.csv
구로구,천왕1팀,3918. 이좋은집오피스텔 앞,1074,2022-05-01,대여소별 이용정보 22.5.csv
관악구,이수2팀,2128. 관악구청교차로,1075,2022-05-01,대여소별 이용정보 22.5.csv
도봉구,도봉3팀,1770.도봉한신아파트 주변,1075,2022-05-01,대여소별 이용정보 22.5.csv
동대문구,훈련원4팀,4107. 장안동근린공원 입구,1075,2022-05-01,대여소별 이용정보 22.5.csv
서초구,이수3팀,4306. 서래공원 앞,1077,2022-05-01,대여소별 이용정보 22.5.csv
송파구,천호2팀,2617. 가락삼환아파트 앞,1079,2022-05-01,대여소별 이용정보 22.5.csv
송파구,천호2팀,1280. 송파파크데일 2단지입구 앞 주차장,1079,2022-05-01,대여소별 이용정보 22.5.csv
송파구,천호2팀,4499. 세양청마루 101동 앞,1080,2022-05-01,대여소별 이용정보 22.5.csv
서대문구,상암1팀,3115.북아현 치안센터 인근,1081,2022-05-01,대여소별 이용정보 22.5.csv
서초구,이수1팀,2206. 언남초등학교 앞,1082,2022-05-01,대여소별 이용정보 22.5.csv
강북구,도봉4팀,1515. 송천동 주민센터,1082,2022-05-01,대여소별 이용정보 22.5.csv
마포구,상암1팀,4224. 서부운전면허시험장,1083,2022-05-01,대여소별 이용정보 22.5.csv
은평구,상암2팀,979.원풍빌라앞,1084,2022-05-01,대여소별 이용정보 22.5.csv
금천구,천왕2팀,1840. 솔브레인이엔지 뒤편,1085,2022-05-01,대여소별 이용정보 22.5.csv
마포구,상암1팀,121. 마포소방서 앞,1085,2022-05-01,대여소별 이용정보 22.5.csv
관악구,이수2팀,2198.사랑의병원,1085,2022-05-01,대여소별 이용정보 22.5.csv
강동구,천호1팀,1033. 고덕동 아남아파트,1086,2022-05-01,대여소별 이용정보 22.5.csv
양천구,영남1팀,748. 목동운동장,1087,2022-05-01,대여소별 이용정보 22.5.csv
강동구,천호1팀,1049. 강일리버파크 10단지,1087,2022-05-01,대여소별 이용정보 22.5.csv
송파구,학여울2팀,1240. 문정 법조단지4,1088,2022-05-01,대여소별 이용정보 22.5.csv
강동구,천호1팀,1057. 능골근린공원,1088,2022-05-01,대여소별 이용정보 22.5.csv
강서구,개화2팀,1187. 강서수산물도매시장,1088,2022-05-01,대여소별 이용정보 22.5.csv
강남구,이수1팀,"2359. 국립국악중,고교 정문 맞은편",1089,2022-05-01,대여소별 이용정보 22.5.csv
성북구,훈련원2팀,1364. 성북동 치안센터 앞,1090,2022-05-01,대여소별 이용정보 22.5.csv
도봉구,도봉3팀,1719. 신도봉사거리 버스정류장,1092,2022-05-01,대여소별 이용정보 22.5.csv
서초구,이수1팀,2242.양재역 11번 출구 앞,1092,2022-05-01,대여소별 이용정보 22.5.csv
금천구,천왕2팀,1812. 갑을그레이트밸리 앞,1094,2022-05-01,대여소별 이용정보 22.5.csv
마포구,상암1팀,405. DMC빌 앞,1096,2022-05-01,대여소별 이용정보 22.5.csv
송파구,학여울2팀,4880. 송파청소년센터,1096,2022-05-01,대여소별 이용정보 22.5.csv
양천구,개화4팀,714. 한국SGI 양천문화회관 앞,1097,2022-05-01,대여소별 이용정보 22.5.csv
중랑구,중랑3팀,1480. 용마지구대 옆,1102,2022-05-01,대여소별 이용정보 22.5.csv
종로구,훈련원1팀,3412.세운상가,1104,2022-05-01,대여소별 이용정보 22.5.csv
송파구,천호2팀,1256. 문정현대아파트 교차로,1106,2022-05-01,대여소별 이용정보 22.5.csv
서대문구,상암2팀,3110.홍은 현대아이파크 아파트 202동 앞,1106,2022-05-01,대여소별 이용정보 22.5.csv
광진구,중랑1팀,544. 광남중학교,1110,2022-05-01,대여소별 이용정보 22.5.csv
강남구,학여울2팀,3618. 서울율현초교 삼거리,1110,2022-05-01,대여소별 이용정보 22.5.csv
강북구,도봉4팀,1532. 번3동 주민센터 교차로,1110,2022-05-01,대여소별 이용정보 22.5.csv
은평구,상암3팀,960. 구파발역 환승센터,1111,2022-05-01,대여소별 이용정보 22.5.csv
도봉구,도봉3팀,1706. 기업은행 앞,1112,2022-05-01,대여소별 이용정보 22.5.csv
중구,세종로 4팀,399. 서울역 센트럴 자이아파트,1112,2022-05-01,대여소별 이용정보 22.5.csv
영등포구,영남1팀,4601.양평역2번출구 뒤,1113,2022-05-01,대여소별 이용정보 22.5.csv
송파구,학여울2팀,2634.위례포레샤인아파트 2318동,1113,2022-05-01,대여소별 이용정보 22.5.csv
은평구,상암3팀,4671. 청구성심병원 앞,1113,2022-05-01,대여소별 이용정보 22.5.csv
영등포구,영남3팀,285. 대림3동사거리(하나은행),1115,2022-05-01,대여소별 이용정보 22.5.csv
서대문구,상암2팀,177. 북가좌 초등학교,1118,2022-05-01,대여소별 이용정보 22.5.csv
마포구,상암1팀,402. 상암월드컵파크 9단지 앞,1119,2022-05-01,대여소별 이용정보 22.5.csv
성동구,중랑2팀,3558.마장동 금호어울림APT앞,1120,2022-05-01,대여소별 이용정보 22.5.csv
서초구,이수3팀,2542.신논현타워 앞,1121,2022-05-01,대여소별 이용정보 22.5.csv
광진구,중랑1팀,3508. 화양사거리,1123,2022-05-01,대여소별 이용정보 22.5.csv
강서구,개화2팀,1130. 화곡본동시장 버스정류장,1123,2022-05-01,대여소별 이용정보 22.5.csv
영등포구,영남3팀,4589. KRX한국거래소(1),1124,2022-05-01,대여소별 이용정보 22.5.csv
중랑구,중랑3팀,4808. 신내2동 주민센터 앞,1125,2022-05-01,대여소별 이용정보 22.5.csv
노원구,도봉1팀,1628. 노일초등학교 앞,1126,2022-05-01,대여소별 이용정보 22.5.csv
관악구,영남2팀,2144. 난우길입구,1127,2022-05-01,대여소별 이용정보 22.5.csv
노원구,도봉2팀,1641. 한내근린공원 남측,1128,2022-05-01,대여소별 이용정보 22.5.csv
송파구,학여울2팀,1266. 문정동 글샘 공원,1128,2022-05-01,대여소별 이용정보 22.5.csv
서대문구,상암1팀,3113.독립문역사거리,1129,2022-05-01,대여소별 이용정보 22.5.csv
강동구,천호1팀,1025. 상일초등학교,1129,2022-05-01,대여소별 이용정보 22.5.csv
도봉구,도봉3팀,4083.도봉아이나라도서관 앞,1130,2022-05-01,대여소별 이용정보 22.5.csv
용산구,세종로3팀,843. 녹사평역 광장,1132,2022-05-01,대여소별 이용정보 22.5.csv
서초구,이수1팀,2537.양재역 8번출구 앞,1132,2022-05-01,대여소별 이용정보 22.5.csv
송파구,학여울2팀,4886. 배명고등학교 건너편,1132,2022-05-01,대여소별 이용정보 22.5.csv
강남구,이수3팀,2421. 신논현역 4번출구,1133,2022-05-01,대여소별 이용정보 22.5.csv
성북구,훈련원2팀,1303. 돈암초교 입구,1133,2022-05-01,대여소별 이용정보 22.5.csv
구로구,천왕1팀,2819.하늘숲초등학교 앞,1135,2022-05-01,대여소별 이용정보 22.5.csv
강남구,학여울2팀,3623. 일원에코파크 앞(개포로 방면),1136,2022-05-01,대여소별 이용정보 22.5.csv
구로구,천왕1팀,1936. 개봉역 1번 출구 자전거보관서쪽,1137,2022-05-01,대여소별 이용정보 22.5.csv
마포구,상암1팀,118. 광흥창역 2번출구 앞,1138,2022-05-01,대여소별 이용정보 22.5.csv
영등포구,영남3팀,4563. 여의도 은하아파트,1141,2022-05-01,대여소별 이용정보 22.5.csv
서대문구,상암1팀,135. 명물길 원형무대 앞,1142,2022-05-01,대여소별 이용정보 22.5.csv
마포구,상암1팀,4206. 광흥창역5번출구,1144,2022-05-01,대여소별 이용정보 22.5.csv
양천구,개화4팀,733. 신정이펜하우스314동,1144,2022-05-01,대여소별 이용정보 22.5.csv
노원구,도봉1팀,1696.수락리버시티4단지,1147,2022-05-01,대여소별 이용정보 22.5.csv
양천구,개화4팀,713. 양서중학교 옆,1147,2022-05-01,대여소별 이용정보 22.5.csv
성북구,훈련원2팀,1343. 한성대7번출구 앞,1149,2022-05-01,대여소별 이용정보 22.5.csv
금천구,천왕3팀,1828. 한양수자인아파트 앞,1151,2022-05-01,대여소별 이용정보 22.5.csv
강북구,도봉4팀,1519. 세븐일레븐 수유장미원점 앞,1152,2022-05-01,대여소별 이용정보 22.5.csv
금천구,천왕3팀,1829. 홈플러스 금천점 앞,1152,2022-05-01,대여소별 이용정보 22.5.csv
성동구,중랑2팀,506. 금호 어울림 아파트 앞,1154,2022-05-01,대여소별 이용정보 22.5.csv
동대문구,훈련원4팀,639. 서울시립대 후문,1154,2022-05-01,대여소별 이용정보 22.5.csv
성북구,훈련원2팀,1358. 정릉도서관 앞,1154,2022-05-01,대여소별 이용정보 22.5.csv
도봉구,도봉3팀,1775.신원리베르텔 앞,1155,2022-05-01,대여소별 이용정보 22.5.csv
성북구,훈련원2팀,4411. 동산어린이공원 앞,1156,2022-05-01,대여소별 이용정보 22.5.csv
중구,훈련원1팀,336. 티마크 호텔 앞,1156,2022-05-01,대여소별 이용정보 22.5.csv
강남구,이수3팀,2409. 역삼동 디오슈페리움 (우성아파트 사거리),1160,2022-05-01,대여소별 이용정보 22.5.csv
마포구,상암1팀,407. 마포구 육아종합지원센터,1161,2022-05-01,대여소별 이용정보 22.5.csv
영등포구,영남1팀,4588.양남사거리2,1164,2022-05-01,대여소별 이용정보 22.5.csv
강남구,학여울1팀,2314. 청담나들목입구,1164,2022-05-01,대여소별 이용정보 22.5.csv
마포구,상암1팀,4202. 프런트원(공덕역4번출구 앞),1165,2022-05-01,대여소별 이용정보 22.5.csv
마포구,상암1팀,416. 상암월드컵파크 1단지 교차로,1166,2022-05-01,대여소별 이용정보 22.5.csv
은평구,상암3팀,4653. 불광역 9번 출구 맞은편,1166,2022-05-01,대여소별 이용정보 22.5.csv
성북구,훈련원2팀,4414. 안암역 3번 출구,1168,2022-05-01,대여소별 이용정보 22.5.csv
관악구,이수2팀,2167. 낙성대역 1번출구,1170,2022-05-01,대여소별 이용정보 22.5.csv
중구,훈련원1팀,476.광희문,1170,2022-05-01,대여소별 이용정보 22.5.csv
노원구,도봉1팀,1634. 당고개공원 대여소,1170,2022-05-01,대여소별 이용정보 22.5.csv
도봉구,도봉3팀,"1735. 도봉역 1,2번 출구사이 건너편",1170,2022-05-01,대여소별 이용정보 22.5.csv
관악구,영남2팀,2145. 은천초등학교 육교,1171,2022-05-01,대여소별 이용정보 22.5.csv
성북구,훈련원2팀,1373. 성북구보건소 건너편,1171,2022-05-01,대여소별 이용정보 22.5.csv
서대문구,상암1팀,3104. e편한세상 신촌4단지 앞,1171,2022-05-01,대여소별 이용정보 22.5.csv
서대문구,상암1팀,115. 마스타 빌딩 앞,1171,2022-05-01,대여소별 이용정보 22.5.csv
송파구,천호2팀,2654.올림픽선수촌아파트 136동 앞,1172,2022-05-01,대여소별 이용정보 22.5.csv
서초구,이수3팀,2215. 반포종합운동장 입구,1172,2022-05-01,대여소별 이용정보 22.5.csv
송파구,학여울2팀,4480. 가락시장 남1문 사거리,1176,2022-05-01,대여소별 이용정보 22.5.csv
동작구,이수2팀,2036. 정금마을 마을버스정류장,1176,2022-05-01,대여소별 이용정보 22.5.csv
강동구,천호1팀,1026. 대명초교 입구 교차로,1177,2022-05-01,대여소별 이용정보 22.5.csv
서초구,이수3팀,2239.교대역 6번출구,1177,2022-05-01,대여소별 이용정보 22.5.csv
종로구,세종로1팀,349. 사직동주민센터,1177,2022-05-01,대여소별 이용정보 22.5.csv
동작구,이수2팀,2026. 흑석역 4번출구,1178,2022-05-01,대여소별 이용정보 22.5.csv
중랑구,중랑3팀,1457. 동원사거리,1178,2022-05-01,대여소별 이용정보 22.5.csv
용산구,세종로3팀,4615. 크라운호텔앞 버스정류소,1180,2022-05-01,대여소별 이용정보 22.5.csv
송파구,학여울2팀,4456. 위례포레샤인 2310동 부근,1181,2022-05-01,대여소별 이용정보 22.5.csv
노원구,도봉1팀,4002. 상계주공 14단지 상가 앞,1181,2022-05-01,대여소별 이용정보 22.5.csv
송파구,학여울2팀,2657.송파 파인타운 11단지,1181,2022-05-01,대여소별 이용정보 22.5.csv
중구,훈련원1팀,430. KEB하나은행 장충동지점,1182,2022-05-01,대여소별 이용정보 22.5.csv
마포구,상암1팀,4212. 한화오벨리스크 앞,1182,2022-05-01,대여소별 이용정보 22.5.csv
도봉구,도봉3팀,4054. KT프라자도봉점 맞은편,1185,2022-05-01,대여소별 이용정보 22.5.csv
강서구,개화4팀,1145. 곰달래 문화복지센터 1-2,1186,2022-05-01,대여소별 이용정보 22.5.csv
서초구,이수2팀,4318. 방배역 2번 출구,1188,2022-05-01,대여소별 이용정보 22.5.csv
강북구,도봉4팀,1536. 번동 두산위브 101동 옆,1188,2022-05-01,대여소별 이용정보 22.5.csv
양천구,개화4팀,759. 보아스아파트 앞,1189,2022-05-01,대여소별 이용정보 22.5.csv
성북구,훈련원2팀,1388. 돈암초교입구 버스정류장(한성대입구역 방면),1190,2022-05-01,대여소별 이용정보 22.5.csv
금천구,천왕2팀,1839. 수출의 다리 아래,1193,2022-05-01,대여소별 이용정보 22.5.csv
영등포구,영남3팀,299.여의도 순복음교회,1193,2022-05-01,대여소별 이용정보 22.5.csv
중구,세종로2팀,4778. 대신파이낸스센터,1194,2022-05-01,대여소별 이용정보 22.5.csv
강북구,도봉4팀,3718. 번동 SK LPG 충전소,1195,2022-05-01,대여소별 이용정보 22.5.csv
중랑구,중랑3팀,1405. 망우역 1번출구,1196,2022-05-01,대여소별 이용정보 22.5.csv
성북구,훈련원2팀,1361. 홍익중고 입구,1196,2022-05-01,대여소별 이용정보 22.5.csv
중구,훈련원1팀,372. 약수역 3번출구 뒤,1200,2022-05-01,대여소별 이용정보 22.5.csv
중구,세종로2팀,324. 신세계백화점 본점 앞,1201,2022-05-01,대여소별 이용정보 22.5.csv
성북구,훈련원2팀,1360. 정릉역,1202,2022-05-01,대여소별 이용정보 22.5.csv
성북구,훈련원2팀,1326. 상월곡역 1번출구,1202,2022-05-01,대여소별 이용정보 22.5.csv
관악구,영남2팀,2174. 삼성디지털프라자관악점,1203,2022-05-01,대여소별 이용정보 22.5.csv
강북구,도봉4팀,1568.4.19민주묘지 입구사거리,1204,2022-05-01,대여소별 이용정보 22.5.csv
성동구,중랑2팀,4370. 서울숲IT캐슬 앞,1204,2022-05-01,대여소별 이용정보 22.5.csv
용산구,세종로3팀,4634. 이태원역 3번 출구,1206,2022-05-01,대여소별 이용정보 22.5.csv
서대문구,상암1팀,140. 이화여대 후문,1207,2022-05-01,대여소별 이용정보 22.5.csv
구로구,천왕1팀,2820.신세기아파트 앞,1209,2022-05-01,대여소별 이용정보 22.5.csv
서초구,이수3팀,2213. 고속터미널역 5번출구 앞,1209,2022-05-01,대여소별 이용정보 22.5.csv
성동구,중랑2팀,520. 상왕십리역 4번 출구 앞,1211,2022-05-01,대여소별 이용정보 22.5.csv
종로구,세종로2팀,4707. 청계3가 사거리,1212,2022-05-01,대여소별 이용정보 22.5.csv
양천구,개화4팀,777.신월6차보람아파트 앞,1212,2022-05-01,대여소별 이용정보 22.5.csv
금천구,천왕3팀,1821. 홈플러스 시흥점 맞은편 다비치안경 앞,1212,2022-05-01,대여소별 이용정보 22.5.csv
송파구,천호2팀,1230. 송파중학교 정문,1213,2022-05-01,대여소별 이용정보 22.5.csv
동작구,이수2팀,2027. 중앙대학교 정문 1,1215,2022-05-01,대여소별 이용정보 22.5.csv
강서구,개화1팀,3787. 가양나들목,1215,2022-05-01,대여소별 이용정보 22.5.csv
강동구,천호1팀,3658. 프라이어팰리스아파트,1215,2022-05-01,대여소별 이용정보 22.5.csv
종로구,세종로1팀,3405.파크팰리스,1216,2022-05-01,대여소별 이용정보 22.5.csv
마포구,상암1팀,408. LG CNS앞,1217,2022-05-01,대여소별 이용정보 22.5.csv
강동구,천호1팀,1073.SSTS 몰 앞,1217,2022-05-01,대여소별 이용정보 22.5.csv
은평구,상암3팀,903. 은평뉴타운 아이파크,1218,2022-05-01,대여소별 이용정보 22.5.csv
강동구,천호1팀,1016. 해뜨는 주유소옆 리엔파크 109동앞,1219,2022-05-01,대여소별 이용정보 22.5.csv
은평구,상암3팀,"4663. 불광역3,6호선 버스정류장(동명여고 방면)",1219,2022-05-01,대여소별 이용정보 22.5.csv
성동구,중랑2팀,3553.마장역3번출구,1220,2022-05-01,대여소별 이용정보 22.5.csv
양천구,개화4팀,725. 양강중학교앞 교차로,1221,2022-05-01,대여소별 이용정보 22.5.csv
송파구,천호2팀,1207. 마천중앙시장,1225,2022-05-01,대여소별 이용정보 22.5.csv
은평구,상암2팀,948. 디지털미디어 시티역 4번출구(DMC역),1228,2022-05-01,대여소별 이용정보 22.5.csv
마포구,상암1팀,125. 서강대 남문 옆,1229,2022-05-01,대여소별 이용정보 22.5.csv
강서구,개화3팀,5067. 주원 리젠트 앞,1229,2022-05-01,대여소별 이용정보 22.5.csv
서대문구,상암1팀,198. 충정2교,1230,2022-05-01,대여소별 이용정보 22.5.csv
서대문구,상암2팀,3123.DMC파크뷰자이1단지 110동 앞,1231,2022-05-01,대여소별 이용정보 22.5.csv
송파구,학여울2팀,2631.배명고등학교,1233,2022-05-01,대여소별 이용정보 22.5.csv
영등포구,영남3팀,251. 서울지방병무청 버스정류장,1234,2022-05-01,대여소별 이용정보 22.5.csv
서대문구,상암2팀,3101. 서대문구청,1235,2022-05-01,대여소별 이용정보 22.5.csv
서초구,이수3팀,2266. 서초역 3번출구,1236,2022-05-01,대여소별 이용정보 22.5.csv
중랑구,중랑3팀,1420. 신내어울공원 앞,1237,2022-05-01,대여소별 이용정보 22.5.csv
도봉구,도봉3팀,1752. 창동 주공 4단지 입구 옆,1237,2022-05-01,대여소별 이용정보 22.5.csv
강남구,학여울2팀,2411. 세곡동 성당,1238,2022-05-01,대여소별 이용정보 22.5.csv
용산구,세종로 4팀,850. KCC용산월츠타워,1240,2022-05-01,대여소별 이용정보 22.5.csv
송파구,천호2팀,4860. 가락쌍용2차아파트 103동,1241,2022-05-01,대여소별 이용정보 22.5.csv
영등포구,영남3팀,3203.도림동배드민턴체육관,1242,2022-05-01,대여소별 이용정보 22.5.csv
동대문구,훈련원3팀,676.FITI시험연구원 앞,1243,2022-05-01,대여소별 이용정보 22.5.csv
강북구,도봉4팀,1526. 수유동 채선당앞,1243,2022-05-01,대여소별 이용정보 22.5.csv
노원구,도봉1팀,1659. 중계동 을지중학교,1243,2022-05-01,대여소별 이용정보 22.5.csv
마포구,상암1팀,156. 서울서부지방법원 앞,1245,2022-05-01,대여소별 이용정보 22.5.csv
도봉구,도봉3팀,1722. 창동청소년수련관,1247,2022-05-01,대여소별 이용정보 22.5.csv
관악구,이수2팀,2122. 낙성대로 입구,1248,2022-05-01,대여소별 이용정보 22.5.csv
관악구,이수2팀,3816. 관악 GSfresh,1248,2022-05-01,대여소별 이용정보 22.5.csv
강북구,도봉4팀,1553.예수그리스도후기성도교회 앞,1248,2022-05-01,대여소별 이용정보 22.5.csv
광진구,중랑1팀,3853. 어린이대공원역 2번출구,1249,2022-05-01,대여소별 이용정보 22.5.csv
동작구,영남2팀,2020. 장승배기역2번출구뒷편쪽,1250,2022-05-01,대여소별 이용정보 22.5.csv
강남구,학여울2팀,2408. 강남한양수자인아파트,1250,2022-05-01,대여소별 이용정보 22.5.csv
강서구,개화1팀,2743.동신아파트 104동 앞,1251,2022-05-01,대여소별 이용정보 22.5.csv
강남구,학여울1팀,3651. 개포동역 4번출구,1252,2022-05-01,대여소별 이용정보 22.5.csv
중랑구,중랑3팀,4803. 상봉2동 주민센터 앞,1252,2022-05-01,대여소별 이용정보 22.5.csv
용산구,세종로3팀,810. 이태원지하보도,1252,2022-05-01,대여소별 이용정보 22.5.csv
서초구,이수3팀,2271. 내방역 8번출구 앞,1255,2022-05-01,대여소별 이용정보 22.5.csv
중랑구,중랑3팀,1425. 용마문화복지센터,1255,2022-05-01,대여소별 이용정보 22.5.csv
마포구,상암1팀,4244. 당인리발전소 공원 앞,1258,2022-05-01,대여소별 이용정보 22.5.csv
동작구,영남2팀,2084.e편한세상 상도노빌리티 앞,1259,2022-05-01,대여소별 이용정보 22.5.csv
송파구,학여울2팀,4497. 아시아선수촌아파트 교차로,1259,2022-05-01,대여소별 이용정보 22.5.csv
관악구,영남2팀,2185. 대학동 고시촌,1260,2022-05-01,대여소별 이용정보 22.5.csv
강서구,개화1팀,1159. 서서울모터리움 앞,1261,2022-05-01,대여소별 이용정보 22.5.csv
중구,세종로 4팀,4794. 서울역 서부교차로(3),1263,2022-05-01,대여소별 이용정보 22.5.csv
도봉구,도봉3팀,4074. 도봉구육아종합지원센터(창동),1264,2022-05-01,대여소별 이용정보 22.5.csv
중랑구,중랑3팀,4826. 홈플러스 면목점,1265,2022-05-01,대여소별 이용정보 22.5.csv
중구,훈련원1팀,4793. 동대문역사문화공원역 5번출구,1265,2022-05-01,대여소별 이용정보 22.5.csv
송파구,천호2팀,1271. 송파도서관,1266,2022-05-01,대여소별 이용정보 22.5.csv
동대문구,훈련원3팀,647. 신이문역 1번출구,1267,2022-05-01,대여소별 이용정보 22.5.csv
영등포구,영남3팀,250. 대림아파트 사거리,1269,2022-05-01,대여소별 이용정보 22.5.csv
강서구,개화1팀,3795. 공항신성빌딩 앞,1272,2022-05-01,대여소별 이용정보 22.5.csv
서대문구,상암1팀,3116.신촌역 4번출구,1272,2022-05-01,대여소별 이용정보 22.5.csv
중구,세종로1팀,4797. KG타워 앞,1272,2022-05-01,대여소별 이용정보 22.5.csv
금천구,천왕3팀,1856. 모두의학교,1273,2022-05-01,대여소별 이용정보 22.5.csv
종로구,세종로2팀,328. 탑골공원 앞,1274,2022-05-01,대여소별 이용정보 22.5.csv
중구,세종로2팀,318. 광교사거리 남측,1275,2022-05-01,대여소별 이용정보 22.5.csv
동대문구,훈련원4팀,628. 휘봉고등학교 앞,1275,2022-05-01,대여소별 이용정보 22.5.csv
광진구,중랑1팀,3873. 동서울우편집중국 앞,1276,2022-05-01,대여소별 이용정보 22.5.csv
중랑구,중랑3팀,1468.먹골역 7번 출구,1276,2022-05-01,대여소별 이용정보 22.5.csv
광진구,중랑1팀,3516. 구의아리수정수센터앞,1278,2022-05-01,대여소별 이용정보 22.5.csv
구로구,천왕1팀,1981. 천왕이펜하우스5단지 앞,1278,2022-05-01,대여소별 이용정보 22.5.csv
송파구,학여울2팀,2603. 송파 글마루 도서관,1279,2022-05-01,대여소별 이용정보 22.5.csv
용산구,세종로 4팀,852.청암자이APT(103동),1279,2022-05-01,대여소별 이용정보 22.5.csv
금천구,천왕3팀,1833. 독산역 1번출구 앞 자전거보관소,1280,2022-05-01,대여소별 이용정보 22.5.csv
금천구,천왕3팀,1862.스타즈호텔독산 빌딩 앞,1281,2022-05-01,대여소별 이용정보 22.5.csv
동대문구,훈련원4팀,654. 전농동 텃골공원,1283,2022-05-01,대여소별 이용정보 22.5.csv
종로구,훈련원1팀,3411.종묘,1283,2022-05-01,대여소별 이용정보 22.5.csv
양천구,천왕1팀,743. 현대6차아파트 101동 옆,1284,2022-05-01,대여소별 이용정보 22.5.csv
은평구,상암3팀,982. 녹번초등학교(서오릉로),1284,2022-05-01,대여소별 이용정보 22.5.csv
서초구,이수1팀,2251. 더케이호텔 입구(양재2),1285,2022-05-01,대여소별 이용정보 22.5.csv
마포구,상암1팀,4216. 망원정 앞,1285,2022-05-01,대여소별 이용정보 22.5.csv
동작구,영남2팀,2012. 대림사거리(동작상떼빌아파트),1287,2022-05-01,대여소별 이용정보 22.5.csv
강서구,개화1팀,1178. 개화산역 2번 출구,1288,2022-05-01,대여소별 이용정보 22.5.csv
서대문구,상암1팀,180. 충정로역 7번출구 아래,1288,2022-05-01,대여소별 이용정보 22.5.csv
송파구,학여울2팀,1296. 석촌호수교차로 (송파나루근린공원 앞),1289,2022-05-01,대여소별 이용정보 22.5.csv
강서구,개화2팀,3792. 화곡본동시장 입구,1290,2022-05-01,대여소별 이용정보 22.5.csv
양천구,개화4팀,782.서남병원 후문,1293,2022-05-01,대여소별 이용정보 22.5.csv
강동구,천호1팀,3685. 강동리엔파크14단지(1401동 앞),1293,2022-05-01,대여소별 이용정보 22.5.csv
서대문구,상암2팀,188. 홍은동 정원여중 입구,1294,2022-05-01,대여소별 이용정보 22.5.csv
강서구,개화2팀,2731.명덕고교,1295,2022-05-01,대여소별 이용정보 22.5.csv
양천구,영남1팀,4512. 목동13_14단지 사거리,1296,2022-05-01,대여소별 이용정보 22.5.csv
성동구,중랑2팀,518. 청계천 박물관 앞,1297,2022-05-01,대여소별 이용정보 22.5.csv
영등포구,영남3팀,235. 신길동 우리은행 옆,1297,2022-05-01,대여소별 이용정보 22.5.csv
강동구,천호1팀,1068.명일파출소,1297,2022-05-01,대여소별 이용정보 22.5.csv
동대문구,훈련원3팀,665.이문동 쌍용아파트 정문,1297,2022-05-01,대여소별 이용정보 22.5.csv
은평구,상암2팀,930. 구 서부경찰서 건너편,1299,2022-05-01,대여소별 이용정보 22.5.csv
성북구,훈련원2팀,4406. 장곡초등학교 앞,1299,2022-05-01,대여소별 이용정보 22.5.csv
마포구,상암1팀,3008.DMC역7번출구,1300,2022-05-01,대여소별 이용정보 22.5.csv
동대문구,훈련원3팀,656. 영휘원 교차로,1306,2022-05-01,대여소별 이용정보 22.5.csv
성북구,훈련원2팀,4419. 성북구 한예종 캠퍼스 본관,1306,2022-05-01,대여소별 이용정보 22.5.csv
관악구,이수2팀,3311.서울대입구역 4번 출구,1306,2022-05-01,대여소별 이용정보 22.5.csv
양천구,개화4팀,737. 장수공원,1308,2022-05-01,대여소별 이용정보 22.5.csv
중구,세종로1팀,391. 시립미술관,1309,2022-05-01,대여소별 이용정보 22.5.csv
서대문구,상암2팀,195. 모래내고가차도,1312,2022-05-01,대여소별 이용정보 22.5.csv
양천구,개화4팀,706. 신정네거리역,1313,2022-05-01,대여소별 이용정보 22.5.csv
영등포구,영남3팀,4576.보라매sk뷰 108동 앞,1317,2022-05-01,대여소별 이용정보 22.5.csv
마포구,상암1팀,4208. 스타벅스(동교동) 앞,1319,2022-05-01,대여소별 이용정보 22.5.csv
서초구,이수1팀,2273. 일동제약 사거리,1319,2022-05-01,대여소별 이용정보 22.5.csv
성북구,훈련원2팀,4420. 성북구 한예종 캠퍼스 별관,1321,2022-05-01,대여소별 이용정보 22.5.csv
성동구,중랑2팀,536. 행당역 2번출구 앞,1321,2022-05-01,대여소별 이용정보 22.5.csv
송파구,천호2팀,"2626.경찰병원역 1,2번 출구 사이",1323,2022-05-01,대여소별 이용정보 22.5.csv
송파구,천호2팀,4463. 방이역 2번 출구,1325,2022-05-01,대여소별 이용정보 22.5.csv
서대문구,상암1팀,138. 신촌동 제1공영주차장 앞,1325,2022-05-01,대여소별 이용정보 22.5.csv
강동구,천호1팀,1015. 샛마을 근린공원,1326,2022-05-01,대여소별 이용정보 22.5.csv
도봉구,도봉3팀,1771.성원APT버스정류소,1327,2022-05-01,대여소별 이용정보 22.5.csv
금천구,천왕3팀,3959. 시흥사거리(시흥동 994-3 앞),1328,2022-05-01,대여소별 이용정보 22.5.csv
마포구,상암1팀,150. 서강대역 2번출구 앞,1328,2022-05-01,대여소별 이용정보 22.5.csv
송파구,학여울2팀,4893. 문정법조단지12,1329,2022-05-01,대여소별 이용정보 22.5.csv
송파구,천호2팀,4856. 올림픽공원 서1문 앞,1329,2022-05-01,대여소별 이용정보 22.5.csv
영등포구,영남3팀,260. 여의도 마리나선착장 앞,1329,2022-05-01,대여소별 이용정보 22.5.csv
금천구,천왕2팀,3975.현대시티아울렛 가산,1330,2022-05-01,대여소별 이용정보 22.5.csv
동작구,이수2팀,2095.경문고등학교 앞,1330,2022-05-01,대여소별 이용정보 22.5.csv
금천구,천왕3팀,1869.롯데캐슬골드파크3차 301동 앞,1333,2022-05-01,대여소별 이용정보 22.5.csv
은평구,상암3팀,963. 대호프라자아파트,1335,2022-05-01,대여소별 이용정보 22.5.csv
서초구,이수3팀,2503. 반포1동 서초빌딩 앞,1336,2022-05-01,대여소별 이용정보 22.5.csv
동작구,이수2팀,2082.7호선 이수역7번출구,1337,2022-05-01,대여소별 이용정보 22.5.csv
중랑구,중랑3팀,1430. 중랑구청,1338,2022-05-01,대여소별 이용정보 22.5.csv
관악구,이수2팀,2148. 낙성대역 3번출구 뒤,1338,2022-05-01,대여소별 이용정보 22.5.csv
양천구,개화4팀,750. 연의근린공원 건너편,1339,2022-05-01,대여소별 이용정보 22.5.csv
도봉구,도봉3팀,1748. 피자헛 앞(도봉병원 옆),1339,2022-05-01,대여소별 이용정보 22.5.csv
송파구,천호2팀,4469. 거여동 어울림아파트 102동앞,1340,2022-05-01,대여소별 이용정보 22.5.csv
성북구,훈련원2팀,1346. 길음8골어린이공원 옆,1342,2022-05-01,대여소별 이용정보 22.5.csv
영등포구,영남3팀,3204.도림고가도로 밑,1347,2022-05-01,대여소별 이용정보 22.5.csv
양천구,개화4팀,4507. 신정제일시장,1348,2022-05-01,대여소별 이용정보 22.5.csv
중랑구,중랑3팀,1474.서울중랑우체국,1350,2022-05-01,대여소별 이용정보 22.5.csv
강남구,학여울2팀,2420.학여울역 사거리(LG베스트샵 앞),1350,2022-05-01,대여소별 이용정보 22.5.csv
서초구,이수3팀,2259. 잠원역 3번-4번 출구사이,1352,2022-05-01,대여소별 이용정보 22.5.csv
영등포구,영남3팀,241. 신길우성1차아파트 앞 공원,1352,2022-05-01,대여소별 이용정보 22.5.csv
송파구,천호2팀,1300. 오륜사거리,1352,2022-05-01,대여소별 이용정보 22.5.csv
금천구,천왕3팀,3983. 금천구청역 1번 출구,1353,2022-05-01,대여소별 이용정보 22.5.csv
금천구,천왕3팀,1806. 에이스하이엔드타워9차 앞,1353,2022-05-01,대여소별 이용정보 22.5.csv
강서구,개화2팀,3767. 대원빌딩,1356,2022-05-01,대여소별 이용정보 22.5.csv
동작구,이수2팀,2091. 이수역9번출구,1357,2022-05-01,대여소별 이용정보 22.5.csv
노원구,도봉1팀,1654. 당고개입구 오거리,1358,2022-05-01,대여소별 이용정보 22.5.csv
중랑구,중랑3팀,4837. 양원지구 힐데스하임 앞,1359,2022-05-01,대여소별 이용정보 22.5.csv
광진구,중랑1팀,3505. 신양초교앞 교차로,1359,2022-05-01,대여소별 이용정보 22.5.csv
마포구,상암1팀,3007.MBC 앞,1359,2022-05-01,대여소별 이용정보 22.5.csv
광진구,중랑1팀,552. 대림아크로리버 앞,1360,2022-05-01,대여소별 이용정보 22.5.csv
동대문구,훈련원3팀,601. 용신동주민센터,1361,2022-05-01,대여소별 이용정보 22.5.csv
노원구,도봉1팀,4005. 중계2차 한화꿈에그린 101동 인근,1363,2022-05-01,대여소별 이용정보 22.5.csv
노원구,도봉1팀,4034. 상계근린공원 운동장 앞,1364,2022-05-01,대여소별 이용정보 22.5.csv
동대문구,훈련원4팀,604. 답십리초등학교 옆 공원,1366,2022-05-01,대여소별 이용정보 22.5.csv
중랑구,중랑3팀,4828. 신내동 한살림 중랑지구 앞,1368,2022-05-01,대여소별 이용정보 22.5.csv
양천구,개화4팀,4518. 청기와빌딩,1368,2022-05-01,대여소별 이용정보 22.5.csv
강서구,개화4팀,2712.화곡터널입구교차로,1369,2022-05-01,대여소별 이용정보 22.5.csv
성북구,훈련원2팀,1349. 월계2교 버스정류장 앞,1370,2022-05-01,대여소별 이용정보 22.5.csv
성동구,중랑2팀,3525. 금호스포츠센터앞,1370,2022-05-01,대여소별 이용정보 22.5.csv
광진구,중랑1팀,3523. 건국대학교 과학관(이과대) 앞,1371,2022-05-01,대여소별 이용정보 22.5.csv
광진구,중랑1팀,3529. 어린이대공원정문,1371,2022-05-01,대여소별 이용정보 22.5.csv
동대문구,훈련원3팀,4110. 용두롯데캐슬리치아파트 앞,1371,2022-05-01,대여소별 이용정보 22.5.csv
동대문구,훈련원3팀,666.이문대성유니드아파트 앞,1372,2022-05-01,대여소별 이용정보 22.5.csv
중랑구,중랑3팀,1428. 원묵고등학교,1372,2022-05-01,대여소별 이용정보 22.5.csv
도봉구,도봉3팀,1750. 창포원 남쪽 입구,1372,2022-05-01,대여소별 이용정보 22.5.csv
용산구,세종로 4팀,820. 청파동입구 교차로,1372,2022-05-01,대여소별 이용정보 22.5.csv
영등포구,영남3팀,4590. KRX한국거래소(2),1373,2022-05-01,대여소별 이용정보 22.5.csv
강동구,천호1팀,1060. 천일초교 사거리,1374,2022-05-01,대여소별 이용정보 22.5.csv
은평구,상암3팀,919. 서울혁신파크,1374,2022-05-01,대여소별 이용정보 22.5.csv
노원구,도봉2팀,4039. 서울시 북부여성발전센터,1376,2022-05-01,대여소별 이용정보 22.5.csv
노원구,도봉1팀,4042. 상계문화정보도서관,1379,2022-05-01,대여소별 이용정보 22.5.csv
마포구,상암1팀,122. 신성기사식당 앞,1379,2022-05-01,대여소별 이용정보 22.5.csv
강서구,개화1팀,3753. 공항중학교 버스정류장,1380,2022-05-01,대여소별 이용정보 22.5.csv
양천구,개화4팀,4520. 대성유니드아파트,1381,2022-05-01,대여소별 이용정보 22.5.csv
중랑구,중랑3팀,1465.중랑공영차고지 옆,1382,2022-05-01,대여소별 이용정보 22.5.csv
종로구,훈련원1팀,457. 종로꽃시장 입구 옆,1382,2022-05-01,대여소별 이용정보 22.5.csv
송파구,천호2팀,1253. 오금역 3번 출구 뒤,1382,2022-05-01,대여소별 이용정보 22.5.csv
서초구,이수3팀,2523.뉴코아 킴스클럽 앞,1384,2022-05-01,대여소별 이용정보 22.5.csv
강남구,학여울2팀,2387. 래미안강남힐즈 사거리,1385,2022-05-01,대여소별 이용정보 22.5.csv
강동구,천호1팀,1085.래미안 솔베뉴(고덕로),1387,2022-05-01,대여소별 이용정보 22.5.csv
마포구,상암1팀,4238. 상암한샘빌딩앞,1387,2022-05-01,대여소별 이용정보 22.5.csv
송파구,학여울2팀,4467. 한림연예예술고등학교,1387,2022-05-01,대여소별 이용정보 22.5.csv
금천구,천왕3팀,3956. 대륭테크노타운21차 앞,1388,2022-05-01,대여소별 이용정보 22.5.csv
서초구,이수3팀,2515.서초초등학교 후문,1389,2022-05-01,대여소별 이용정보 22.5.csv
중랑구,중랑3팀,1469.먹골역 4번출구,1389,2022-05-01,대여소별 이용정보 22.5.csv
도봉구,도봉3팀,1746. 다이소방학점 앞,1390,2022-05-01,대여소별 이용정보 22.5.csv
종로구,훈련원1팀,3423.현대그룹(본사),1390,2022-05-01,대여소별 이용정보 22.5.csv
마포구,상암1팀,4211. 시석빌딩 앞,1391,2022-05-01,대여소별 이용정보 22.5.csv
동대문구,훈련원3팀,672.대광고등학교,1392,2022-05-01,대여소별 이용정보 22.5.csv
서초구,이수1팀,2245.양재초등학교 맞은편,1394,2022-05-01,대여소별 이용정보 22.5.csv
서대문구,상암1팀,162. 봉원고가차도 밑,1395,2022-05-01,대여소별 이용정보 22.5.csv
도봉구,도봉3팀,1729. 파리바게트앞,1395,2022-05-01,대여소별 이용정보 22.5.csv
동작구,영남2팀,2066. 양문교회 앞,1396,2022-05-01,대여소별 이용정보 22.5.csv
마포구,상암1팀,129. 신촌역(2호선) 6번출구 옆,1396,2022-05-01,대여소별 이용정보 22.5.csv
강북구,도봉4팀,3707. 드래곤타워 앞,1396,2022-05-01,대여소별 이용정보 22.5.csv
동대문구,훈련원4팀,4123. 배봉초교 교차로,1397,2022-05-01,대여소별 이용정보 22.5.csv
광진구,중랑1팀,3864. 광진소방서 앞,1397,2022-05-01,대여소별 이용정보 22.5.csv
도봉구,도봉3팀,1734. 쌍문현대1차아파트 108동 앞,1398,2022-05-01,대여소별 이용정보 22.5.csv
마포구,상암1팀,401. 상암월드컵파크 10단지 앞,1400,2022-05-01,대여소별 이용정보 22.5.csv
송파구,천호2팀,4857. 올림픽공원 장미광장,1401,2022-05-01,대여소별 이용정보 22.5.csv
금천구,천왕3팀,1846. 롯데캐슬골드파크1차 동문,1401,2022-05-01,대여소별 이용정보 22.5.csv
강서구,개화1팀,3793. 더리브골드타워,1401,2022-05-01,대여소별 이용정보 22.5.csv
강남구,이수3팀,2302. 교보타워 버스정류장(신논현역 3번출구 후면),1404,2022-05-01,대여소별 이용정보 22.5.csv
서초구,이수3팀,2528.함지박 사거리,1405,2022-05-01,대여소별 이용정보 22.5.csv
강남구,학여울1팀,3628. 역삼1동 주민센터,1407,2022-05-01,대여소별 이용정보 22.5.csv
구로구,천왕1팀,1930. 개봉지구대 개봉치안센터,1407,2022-05-01,대여소별 이용정보 22.5.csv
구로구,천왕1팀,1965. 삼환로즈빌아파트 105동 옆,1408,2022-05-01,대여소별 이용정보 22.5.csv
강서구,개화3팀,3763. 등촌태영아파트,1409,2022-05-01,대여소별 이용정보 22.5.csv
금천구,천왕3팀,3984. 가산롯데아이티캐슬,1410,2022-05-01,대여소별 이용정보 22.5.csv
용산구,세종로 4팀,806. 전자랜드 본관 앞,1411,2022-05-01,대여소별 이용정보 22.5.csv
영등포구,영남3팀,4569. 힐스테이트클래시안아파트,1413,2022-05-01,대여소별 이용정보 22.5.csv
관악구,영남2팀,2156. 신림푸르지오아파트,1414,2022-05-01,대여소별 이용정보 22.5.csv
중구,세종로2팀,321. KEB 하나금융그룹 명동사옥 옆,1415,2022-05-01,대여소별 이용정보 22.5.csv
강남구,이수3팀,2327. 뱅뱅사거리 랜드마크타워 앞,1416,2022-05-01,대여소별 이용정보 22.5.csv
노원구,도봉2팀,2914.서울과학기술대학교(미래관),1417,2022-05-01,대여소별 이용정보 22.5.csv
강남구,이수1팀,2333. 양재역 3번출구 주변,1419,2022-05-01,대여소별 이용정보 22.5.csv
관악구,이수2팀,2116. 에이스에이존빌딩,1420,2022-05-01,대여소별 이용정보 22.5.csv
강남구,학여울1팀,2365. K+ 타워 앞,1421,2022-05-01,대여소별 이용정보 22.5.csv
강서구,개화2팀,"5056. 마곡역4,5번출구",1424,2022-05-01,대여소별 이용정보 22.5.csv
양천구,개화4팀,740. 으뜸공원,1426,2022-05-01,대여소별 이용정보 22.5.csv
노원구,도봉2팀,1671. 인덕대학교,1427,2022-05-01,대여소별 이용정보 22.5.csv
은평구,상암3팀,904. 은평뉴타운 푸르지오,1429,2022-05-01,대여소별 이용정보 22.5.csv
중랑구,중랑3팀,1454. 한국전력공사(동대문 중랑지사),1430,2022-05-01,대여소별 이용정보 22.5.csv
종로구,훈련원1팀,455. 종로6가역 버스정류장(동대문 방향),1430,2022-05-01,대여소별 이용정보 22.5.csv
강남구,학여울2팀,2412. 일원1동 주민센터,1431,2022-05-01,대여소별 이용정보 22.5.csv
중구,훈련원1팀,389. 을지로4가역 1번출구,1432,2022-05-01,대여소별 이용정보 22.5.csv
성동구,중랑2팀,3545.한양대역 1번출구,1433,2022-05-01,대여소별 이용정보 22.5.csv
송파구,학여울2팀,1247. 문정 법조단지11,1434,2022-05-01,대여소별 이용정보 22.5.csv
마포구,상암1팀,155. 가좌역1 번출구 앞,1434,2022-05-01,대여소별 이용정보 22.5.csv
도봉구,도봉3팀,1754. 창동시장입구 사거리,1435,2022-05-01,대여소별 이용정보 22.5.csv
강남구,학여울1팀,2308. 압구정파출소 앞,1436,2022-05-01,대여소별 이용정보 22.5.csv
도봉구,도봉3팀,1715. 서울특별시교육청도봉도서관,1439,2022-05-01,대여소별 이용정보 22.5.csv
종로구,훈련원1팀,338. 세운스퀘어 앞,1439,2022-05-01,대여소별 이용정보 22.5.csv
강북구,도봉4팀,1527. 미아역 1번 출구 뒤,1439,2022-05-01,대여소별 이용정보 22.5.csv
용산구,세종로3팀,864.순천향대학병원(한남오거리),1445,2022-05-01,대여소별 이용정보 22.5.csv
강남구,학여울1팀,2418.봉은사역 7번 출구,1445,2022-05-01,대여소별 이용정보 22.5.csv
강서구,개화3팀,1171. 염창동 새마을금고 건너편,1447,2022-05-01,대여소별 이용정보 22.5.csv
광진구,중랑1팀,515. 광양중학교 앞,1450,2022-05-01,대여소별 이용정보 22.5.csv
서초구,이수3팀,2504. 신사역 4번출구 뒤,1450,2022-05-01,대여소별 이용정보 22.5.csv
종로구,세종로1팀,307. 서울역사박물관 앞,1453,2022-05-01,대여소별 이용정보 22.5.csv
종로구,세종로2팀,335. 종로3가역 15번출구 앞,1454,2022-05-01,대여소별 이용정보 22.5.csv
중랑구,중랑3팀,4825. 신내동 벽산아파트 후문 앞,1456,2022-05-01,대여소별 이용정보 22.5.csv
성북구,훈련원2팀,1339. 삼성전자서비스 성북센터,1457,2022-05-01,대여소별 이용정보 22.5.csv
강동구,천호1팀,1003. 해공도서관앞,1457,2022-05-01,대여소별 이용정보 22.5.csv
중랑구,중랑3팀,4823. 방정환교육지원센터 옆,1460,2022-05-01,대여소별 이용정보 22.5.csv
도봉구,도봉3팀,1716. 하나로마트 창동점,1461,2022-05-01,대여소별 이용정보 22.5.csv
종로구,세종로2팀,354. 포르투갈 대사관 앞,1461,2022-05-01,대여소별 이용정보 22.5.csv
금천구,천왕3팀,1805. 서울디지털운동장 앞,1462,2022-05-01,대여소별 이용정보 22.5.csv
종로구,훈련원1팀,358. 성대입구 사거리,1463,2022-05-01,대여소별 이용정보 22.5.csv
서초구,이수3팀,2529.우리은행 방배동지점 앞,1463,2022-05-01,대여소별 이용정보 22.5.csv
노원구,도봉1팀,4032. 은행사거리 성모빌딩 앞,1464,2022-05-01,대여소별 이용정보 22.5.csv
양천구,개화3팀,775.세종그랑시아 앞(102동),1468,2022-05-01,대여소별 이용정보 22.5.csv
강남구,학여울1팀,2315. 봉은사역 5번출구 옆,1469,2022-05-01,대여소별 이용정보 22.5.csv
동작구,이수2팀,2037. 동작역 5번출구 동작주차공원,1469,2022-05-01,대여소별 이용정보 22.5.csv
영등포구,영남3팀,4558. 대영중고 후문,1469,2022-05-01,대여소별 이용정보 22.5.csv
동대문구,훈련원3팀,640. 청량리역 2번출구,1470,2022-05-01,대여소별 이용정보 22.5.csv
서초구,이수3팀,2524.반포쇼핑타운 8동 앞,1470,2022-05-01,대여소별 이용정보 22.5.csv
강남구,학여울2팀,2375. 수서역 1번출구 앞,1475,2022-05-01,대여소별 이용정보 22.5.csv
관악구,영남2팀,3803. 남서울중학교,1475,2022-05-01,대여소별 이용정보 22.5.csv
금천구,천왕3팀,1814. 두산위브아파트 옆 상가건물 앞,1475,2022-05-01,대여소별 이용정보 22.5.csv
노원구,도봉1팀,1651. 상계동 우방유쉘아파트 앞,1476,2022-05-01,대여소별 이용정보 22.5.csv
성북구,훈련원2팀,1395.래미안장위포레카운티(102동),1476,2022-05-01,대여소별 이용정보 22.5.csv
강남구,학여울1팀,2415.한티역 롯데백화점 앞,1479,2022-05-01,대여소별 이용정보 22.5.csv
중구,훈련원1팀,475.DDP 패션몰,1480,2022-05-01,대여소별 이용정보 22.5.csv
성동구,중랑2팀,4362. 행당중학교 후문,1484,2022-05-01,대여소별 이용정보 22.5.csv
동대문구,훈련원4팀,4105. 서울교통공사사거리 교통섬,1485,2022-05-01,대여소별 이용정보 22.5.csv
영등포구,영남1팀,4552. 코레일유통본사,1486,2022-05-01,대여소별 이용정보 22.5.csv
노원구,도봉1팀,1666. 노원소방서인근,1488,2022-05-01,대여소별 이용정보 22.5.csv
송파구,천호2팀,2652.송파 레미니스1단지 102동 앞,1490,2022-05-01,대여소별 이용정보 22.5.csv
서대문구,상암2팀,3131.연가교 교차로,1490,2022-05-01,대여소별 이용정보 22.5.csv
노원구,도봉2팀,2902.공릉풍림아파트 108동,1495,2022-05-01,대여소별 이용정보 22.5.csv
양천구,천왕1팀,4528. 양천구청역 1번출구,1495,2022-05-01,대여소별 이용정보 22.5.csv
강남구,학여울1팀,2429.압구정로데오역 6번출구,1498,2022-05-01,대여소별 이용정보 22.5.csv
마포구,상암1팀,185. 마포 신수공원 앞,1501,2022-05-01,대여소별 이용정보 22.5.csv
강북구,도봉4팀,1548. 북서울 꿈의숲 서문,1503,2022-05-01,대여소별 이용정보 22.5.csv
중구,세종로 4팀,379. 서울역9번출구,1503,2022-05-01,대여소별 이용정보 22.5.csv
종로구,세종로1팀,394. 경희궁 자이 3단지,1507,2022-05-01,대여소별 이용정보 22.5.csv
구로구,천왕2팀,1961. 신도림테크노근린공원,1508,2022-05-01,대여소별 이용정보 22.5.csv
영등포구,영남1팀,4600. 영등포구 총괄 우체국,1509,2022-05-01,대여소별 이용정보 22.5.csv
양천구,영남1팀,762. 오목로 무중력지대 앞,1510,2022-05-01,대여소별 이용정보 22.5.csv
중구,세종로2팀,472.삼일교(시그니쳐 타워),1510,2022-05-01,대여소별 이용정보 22.5.csv
동작구,이수2팀,2086.삼일수영장 앞,1510,2022-05-01,대여소별 이용정보 22.5.csv
도봉구,도봉3팀,1743.창동19단지아파트 관리사무소앞,1511,2022-05-01,대여소별 이용정보 22.5.csv
중랑구,중랑3팀,1464.중화역 4번출구,1512,2022-05-01,대여소별 이용정보 22.5.csv
양천구,개화4팀,4537. 서울남부지방검찰청 후문,1513,2022-05-01,대여소별 이용정보 22.5.csv
은평구,상암3팀,932. 예일여중,1519,2022-05-01,대여소별 이용정보 22.5.csv
강남구,이수3팀,2362. 신사동 가로수길 입구,1520,2022-05-01,대여소별 이용정보 22.5.csv
종로구,훈련원1팀,356. KT혜화지사 앞,1520,2022-05-01,대여소별 이용정보 22.5.csv
강남구,학여울1팀,2369. KT선릉타워,1522,2022-05-01,대여소별 이용정보 22.5.csv
영등포구,영남3팀,281. 신동아아파트 앞,1522,2022-05-01,대여소별 이용정보 22.5.csv
강남구,학여울1팀,3614. 은마아파트 입구 사거리,1523,2022-05-01,대여소별 이용정보 22.5.csv
구로구,천왕2팀,2823.중앙유통단지 앞,1526,2022-05-01,대여소별 이용정보 22.5.csv
강서구,개화2팀,5073. 우장산역 헤링턴타워 앞,1527,2022-05-01,대여소별 이용정보 22.5.csv
노원구,도봉1팀,2920.상계중학교(당현2교사거리),1527,2022-05-01,대여소별 이용정보 22.5.csv
강남구,학여울1팀,2372. 대치역 사거리,1528,2022-05-01,대여소별 이용정보 22.5.csv
동작구,이수2팀,2034. 사당역 7번출구쪽,1530,2022-05-01,대여소별 이용정보 22.5.csv
서초구,이수1팀,2274. 양재시민의숲역 3번출구,1532,2022-05-01,대여소별 이용정보 22.5.csv
관악구,영남2팀,3812. KT관악지점,1533,2022-05-01,대여소별 이용정보 22.5.csv
은평구,상암2팀,4659. 신진과학기술고등학교 버스정류장(응암시장 방면),1535,2022-05-01,대여소별 이용정보 22.5.csv
구로구,천왕1팀,1928. 고척스카이돔구장 광장,1535,2022-05-01,대여소별 이용정보 22.5.csv
구로구,천왕2팀,1994. 삼성전자 물류센터 앞,1537,2022-05-01,대여소별 이용정보 22.5.csv
관악구,이수2팀,3815. 광일빌딩,1537,2022-05-01,대여소별 이용정보 22.5.csv
도봉구,도봉3팀,4062. 평화도봉공원 주변,1538,2022-05-01,대여소별 이용정보 22.5.csv
성동구,중랑2팀,4367. kt 행당빌딩 앞,1538,2022-05-01,대여소별 이용정보 22.5.csv
영등포구,영남3팀,5851. 도림천 건널목 위,1539,2022-05-01,대여소별 이용정보 22.5.csv
중구,세종로 4팀,485.서울역5번출구,1539,2022-05-01,대여소별 이용정보 22.5.csv
관악구,영남2팀,2195.은천교회,1541,2022-05-01,대여소별 이용정보 22.5.csv
마포구,상암1팀,403. 부엉이공원 앞,1543,2022-05-01,대여소별 이용정보 22.5.csv
강서구,개화3팀,2703.서울도시가스 앞,1545,2022-05-01,대여소별 이용정보 22.5.csv
강남구,학여울1팀,2317. 삼성도로공원,1546,2022-05-01,대여소별 이용정보 22.5.csv
강서구,개화3팀,1136. 등촌2파출소,1547,2022-05-01,대여소별 이용정보 22.5.csv
성북구,훈련원2팀,1394.길음뉴타운 래미안9단지,1548,2022-05-01,대여소별 이용정보 22.5.csv
용산구,세종로 4팀,800. 목월공원 앞,1548,2022-05-01,대여소별 이용정보 22.5.csv
마포구,상암1팀,4214. JTBC 앞,1548,2022-05-01,대여소별 이용정보 22.5.csv
서초구,이수3팀,2277. 길마중4교 하부,1549,2022-05-01,대여소별 이용정보 22.5.csv
서초구,이수3팀,2531.멤피스아파트 앞,1551,2022-05-01,대여소별 이용정보 22.5.csv
마포구,상암1팀,437. 대흥역 1번출구,1551,2022-05-01,대여소별 이용정보 22.5.csv
종로구,세종로1팀,395. 경희궁 자이 2단지,1553,2022-05-01,대여소별 이용정보 22.5.csv
동작구,영남2팀,2009. 보라매역 8번출구,1557,2022-05-01,대여소별 이용정보 22.5.csv
노원구,도봉1팀,4014. 당고개역 3번 출구,1559,2022-05-01,대여소별 이용정보 22.5.csv
강남구,학여울1팀,2413.도곡역 1번 출구,1560,2022-05-01,대여소별 이용정보 22.5.csv
강서구,개화2팀,5059. 화곡2동주민센터,1561,2022-05-01,대여소별 이용정보 22.5.csv
은평구,상암2팀,4677. 백련산 SK뷰 아이파크 해모로 아파트 앞,1563,2022-05-01,대여소별 이용정보 22.5.csv
강북구,도봉4팀,1557.신창교,1563,2022-05-01,대여소별 이용정보 22.5.csv
용산구,세종로 4팀,828. 숙대입구역 8번,1564,2022-05-01,대여소별 이용정보 22.5.csv
양천구,개화3팀,752. 성원2차 아파트,1564,2022-05-01,대여소별 이용정보 22.5.csv
송파구,천호2팀,4895. 위례포레샤인15단지 상가,1566,2022-05-01,대여소별 이용정보 22.5.csv
중랑구,중랑3팀,1429. 장안중학교,1568,2022-05-01,대여소별 이용정보 22.5.csv
강서구,개화1팀,1165. 마곡중학교 후문,1568,2022-05-01,대여소별 이용정보 22.5.csv
서초구,이수3팀,2214. 신반포역 2번출구 앞,1569,2022-05-01,대여소별 이용정보 22.5.csv
강동구,천호1팀,3689. 강일역 3번출구,1570,2022-05-01,대여소별 이용정보 22.5.csv
강북구,도봉4팀,1540. 가오리역,1571,2022-05-01,대여소별 이용정보 22.5.csv
도봉구,도봉3팀,1733. 방학사거리 (봄마당 앞),1571,2022-05-01,대여소별 이용정보 22.5.csv
구로구,천왕2팀,1960. 구로거리공원 동측(신도림역 방면),1576,2022-05-01,대여소별 이용정보 22.5.csv
도봉구,도봉3팀,4078. 원당공원 앞,1578,2022-05-01,대여소별 이용정보 22.5.csv
성북구,훈련원2팀,1368. 성신여대입구 교차로,1580,2022-05-01,대여소별 이용정보 22.5.csv
강남구,학여울2팀,2423.영희초교 사거리(래미안개포루체하임),1583,2022-05-01,대여소별 이용정보 22.5.csv
종로구,세종로2팀,353. 재동초교 앞 삼거리,1584,2022-05-01,대여소별 이용정보 22.5.csv
은평구,상암2팀,4674. 녹번역e편한세상 캐슬 정문 앞,1585,2022-05-01,대여소별 이용정보 22.5.csv
강서구,개화3팀,5065. 허준박물관삼거리,1587,2022-05-01,대여소별 이용정보 22.5.csv
영등포구,영남3팀,223. 진주아파트상가 앞,1588,2022-05-01,대여소별 이용정보 22.5.csv
동대문구,훈련원4팀,610. 동대문중 교차로,1590,2022-05-01,대여소별 이용정보 22.5.csv
강남구,학여울1팀,2324. 천주교 대치 2동 교회 옆,1591,2022-05-01,대여소별 이용정보 22.5.csv
광진구,중랑1팀,3886.광진구 민방위교육센터,1591,2022-05-01,대여소별 이용정보 22.5.csv
송파구,천호2팀,4478. 문정근린공원2,1591,2022-05-01,대여소별 이용정보 22.5.csv
송파구,학여울2팀,1233. 잠실3거리(갤러리아팰리스),1593,2022-05-01,대여소별 이용정보 22.5.csv
종로구,훈련원1팀,456. 숭인2동 주민센터 입구,1593,2022-05-01,대여소별 이용정보 22.5.csv
구로구,천왕1팀,1941. 오류동역 2번출구,1593,2022-05-01,대여소별 이용정보 22.5.csv
강서구,개화1팀,1109. 공항시장역 4번출구,1593,2022-05-01,대여소별 이용정보 22.5.csv
노원구,도봉1팀,1620. 중계동 노원구민체육센터 옆(중1-2),1593,2022-05-01,대여소별 이용정보 22.5.csv
노원구,도봉2팀,4023. 월계역 1번 출구,1595,2022-05-01,대여소별 이용정보 22.5.csv
종로구,세종로2팀,464. 삼청동 골목,1595,2022-05-01,대여소별 이용정보 22.5.csv
은평구,상암3팀,949. 연신내역 1번 출구,1596,2022-05-01,대여소별 이용정보 22.5.csv
강동구,천호1팀,1080.엘웨딩,1600,2022-05-01,대여소별 이용정보 22.5.csv
종로구,세종로2팀,454. 종로2가 버스정류장 (종각방향),1603,2022-05-01,대여소별 이용정보 22.5.csv
동대문구,훈련원4팀,617. 청솔우성아파트 앞,1603,2022-05-01,대여소별 이용정보 22.5.csv
서초구,이수1팀,2276. 영동1교 (양재천근린공원),1604,2022-05-01,대여소별 이용정보 22.5.csv
마포구,상암1팀,4226. 마포프레스티지자이 1,1604,2022-05-01,대여소별 이용정보 22.5.csv
강북구,도봉4팀,1564.4.19민주묘지역 1번출구,1605,2022-05-01,대여소별 이용정보 22.5.csv
노원구,도봉2팀,4048. 신도1차아파트앞,1606,2022-05-01,대여소별 이용정보 22.5.csv
용산구,세종로 4팀,836. 현대자동차서비스 앞,1606,2022-05-01,대여소별 이용정보 22.5.csv
양천구,개화3팀,4526. 목동아파트2단지 222동 앞,1607,2022-05-01,대여소별 이용정보 22.5.csv
노원구,도봉2팀,1642. 서울여대 남문,1607,2022-05-01,대여소별 이용정보 22.5.csv
강북구,도봉4팀,1560. 도봉세무서 앞,1609,2022-05-01,대여소별 이용정보 22.5.csv
용산구,세종로3팀,4620. 삼각지역 14번 출구 앞(교통섬),1609,2022-05-01,대여소별 이용정보 22.5.csv
강북구,도봉4팀,1520. 성실교회,1610,2022-05-01,대여소별 이용정보 22.5.csv
강남구,학여울1팀,4901.KT&G타워 옆(상상마당 대치아트홀),1613,2022-05-01,대여소별 이용정보 22.5.csv
성동구,중랑2팀,562. 군자지하보도 앞,1615,2022-05-01,대여소별 이용정보 22.5.csv
관악구,영남2팀,3818. 은천교회 앞,1615,2022-05-01,대여소별 이용정보 22.5.csv
영등포구,영남3팀,289. 대림3동사거리,1616,2022-05-01,대여소별 이용정보 22.5.csv
영등포구,영남3팀,256. 동아에코빌입구,1616,2022-05-01,대여소별 이용정보 22.5.csv
중랑구,중랑3팀,1408. 먹골역 6번출구 앞,1617,2022-05-01,대여소별 이용정보 22.5.csv
종로구,세종로2팀,4708. 조계사앞사거리,1618,2022-05-01,대여소별 이용정보 22.5.csv
중랑구,중랑3팀,4824. 상봉신협 앞,1618,2022-05-01,대여소별 이용정보 22.5.csv
서초구,이수1팀,2202.청계산입구역 1번출구,1620,2022-05-01,대여소별 이용정보 22.5.csv
관악구,영남2팀,2191.대학동주민센터,1620,2022-05-01,대여소별 이용정보 22.5.csv
동대문구,훈련원3팀,673.안암골벽산아파트(후문),1620,2022-05-01,대여소별 이용정보 22.5.csv
중구,훈련원1팀,346. 맥스타일 앞,1621,2022-05-01,대여소별 이용정보 22.5.csv
종로구,훈련원1팀,355. 서울사대부속초교 앞,1621,2022-05-01,대여소별 이용정보 22.5.csv
강남구,이수3팀,2303. 논현역 10번출구,1624,2022-05-01,대여소별 이용정보 22.5.csv
구로구,천왕2팀,1913. 구로리공원,1625,2022-05-01,대여소별 이용정보 22.5.csv
용산구,세종로 4팀,807. 서울역 12번 출구 앞,1626,2022-05-01,대여소별 이용정보 22.5.csv
노원구,도봉1팀,1627. 수락산역 4번출구,1629,2022-05-01,대여소별 이용정보 22.5.csv
성북구,훈련원2팀,1334. 석관동주민센터 앞,1629,2022-05-01,대여소별 이용정보 22.5.csv
강북구,도봉4팀,"1533. 번동 주공3, 4단지 교차로",1634,2022-05-01,대여소별 이용정보 22.5.csv
영등포구,영남1팀,4560. 양평동성원아파트,1634,2022-05-01,대여소별 이용정보 22.5.csv
금천구,천왕3팀,1808. 에이스하이엔드타워8차 앞,1635,2022-05-01,대여소별 이용정보 22.5.csv
서초구,이수3팀,2540.반포천 앞,1638,2022-05-01,대여소별 이용정보 22.5.csv
중랑구,중랑3팀,1402. 금란주차장 앞,1645,2022-05-01,대여소별 이용정보 22.5.csv
노원구,도봉1팀,1630. 수연빌딩 앞,1647,2022-05-01,대여소별 이용정보 22.5.csv
용산구,세종로 4팀,844. 이촌2동 동원베네스트 아파트 앞,1650,2022-05-01,대여소별 이용정보 22.5.csv
송파구,학여울2팀,4468. 가락1동주민센터,1650,2022-05-01,대여소별 이용정보 22.5.csv
중구,세종로1팀,300. 정동사거리,1652,2022-05-01,대여소별 이용정보 22.5.csv
서초구,이수1팀,4317. 양재근린공원,1653,2022-05-01,대여소별 이용정보 22.5.csv
도봉구,도봉3팀,1709. 쌍문역4번출구 주변,1654,2022-05-01,대여소별 이용정보 22.5.csv
구로구,천왕1팀,1929. 고척근린공원 고척도서관 앞,1655,2022-05-01,대여소별 이용정보 22.5.csv
용산구,세종로 4팀,846. 용산중학교,1658,2022-05-01,대여소별 이용정보 22.5.csv
서대문구,상암2팀,170. DMC파크뷰자이아파트 302동 앞,1658,2022-05-01,대여소별 이용정보 22.5.csv
영등포구,영남3팀,292. 영일 어린이공원,1661,2022-05-01,대여소별 이용정보 22.5.csv
동작구,이수2팀,2089.사당역10번출구(금강빌딩),1661,2022-05-01,대여소별 이용정보 22.5.csv
강서구,개화1팀,3783. 마곡금호어울림아파트,1663,2022-05-01,대여소별 이용정보 22.5.csv
노원구,도봉1팀,2911.상계역중앙시장,1663,2022-05-01,대여소별 이용정보 22.5.csv
은평구,상암2팀,939. 은평구청 교차로,1663,2022-05-01,대여소별 이용정보 22.5.csv
강남구,이수3팀,3606. 신사동주민센터 옆,1664,2022-05-01,대여소별 이용정보 22.5.csv
서대문구,상암2팀,191. 서우빌딩,1666,2022-05-01,대여소별 이용정보 22.5.csv
용산구,세종로3팀,809. 한남 유수지 복개주차장,1668,2022-05-01,대여소별 이용정보 22.5.csv
서초구,이수1팀,2294. 두상빌딩 앞,1668,2022-05-01,대여소별 이용정보 22.5.csv
종로구,훈련원1팀,3414.종로5가역 4번출구,1671,2022-05-01,대여소별 이용정보 22.5.csv
성북구,훈련원2팀,1382.래미안월곡아파트 입구,1671,2022-05-01,대여소별 이용정보 22.5.csv
서대문구,상암2팀,3102. 연희삼거리,1673,2022-05-01,대여소별 이용정보 22.5.csv
마포구,상암1팀,4210. 가좌행복주택 앞,1675,2022-05-01,대여소별 이용정보 22.5.csv
성북구,훈련원2팀,1305. 성북구청,1678,2022-05-01,대여소별 이용정보 22.5.csv
광진구,중랑1팀,3507. 어린이회관,1679,2022-05-01,대여소별 이용정보 22.5.csv
도봉구,도봉3팀,1749. ESA아파트 상가 앞,1680,2022-05-01,대여소별 이용정보 22.5.csv
영등포구,영남3팀,4567. 한림대학교 강남성심병원 신관,1681,2022-05-01,대여소별 이용정보 22.5.csv
광진구,중랑1팀,3528. 광진정보도서관,1685,2022-05-01,대여소별 이용정보 22.5.csv
송파구,학여울2팀,4852. 서울복합물류 게이트 1,1686,2022-05-01,대여소별 이용정보 22.5.csv
노원구,도봉2팀,2917.신창중학교 후문 맞은편 버스정류장,1686,2022-05-01,대여소별 이용정보 22.5.csv
서초구,이수1팀,2244.교육개발원입구 교차로,1687,2022-05-01,대여소별 이용정보 22.5.csv
중구,세종로2팀,3013.서울지방고용노동청 앞,1688,2022-05-01,대여소별 이용정보 22.5.csv
은평구,상암2팀,958. 본 서부병원 버스정류장(은평 세무서 방면),1688,2022-05-01,대여소별 이용정보 22.5.csv
마포구,상암1팀,145. 공덕역 5번출구,1689,2022-05-01,대여소별 이용정보 22.5.csv
동작구,이수2팀,2090.기아자동차 사당점 앞,1690,2022-05-01,대여소별 이용정보 22.5.csv
강서구,개화1팀,5063. 서남환경공원(방화동도시개발2단지방향),1690,2022-05-01,대여소별 이용정보 22.5.csv
구로구,천왕2팀,1983. 구로동롯데아파트,1693,2022-05-01,대여소별 이용정보 22.5.csv
구로구,천왕1팀,1937. 한진아파트 입구,1693,2022-05-01,대여소별 이용정보 22.5.csv
광진구,중랑1팀,571. 어린이대공원역6번출구,1694,2022-05-01,대여소별 이용정보 22.5.csv
영등포구,영남1팀,4556. 리버뷰신안인스빌1차 후문,1695,2022-05-01,대여소별 이용정보 22.5.csv
용산구,세종로3팀,4629. 한강초교보도육교 앞,1695,2022-05-01,대여소별 이용정보 22.5.csv
중랑구,중랑3팀,1470.중화동 우리은행 앞,1699,2022-05-01,대여소별 이용정보 22.5.csv
종로구,훈련원1팀,341. 혜화역 3번출구 뒤,1699,2022-05-01,대여소별 이용정보 22.5.csv
양천구,개화4팀,709. 신정3동 현장민원실 앞,1700,2022-05-01,대여소별 이용정보 22.5.csv
동작구,영남2팀,2085.강남중학교 앞,1703,2022-05-01,대여소별 이용정보 22.5.csv
종로구,훈련원1팀,359. 원남동사거리,1704,2022-05-01,대여소별 이용정보 22.5.csv
마포구,상암1팀,105. 합정역 5번출구 앞,1706,2022-05-01,대여소별 이용정보 22.5.csv
노원구,도봉2팀,1665. 양지근린공원앞,1706,2022-05-01,대여소별 이용정보 22.5.csv
용산구,세종로 4팀,835. 남영역 건너편,1707,2022-05-01,대여소별 이용정보 22.5.csv
중구,훈련원1팀,390. 충무로역 1번출구,1712,2022-05-01,대여소별 이용정보 22.5.csv
종로구,세종로1팀,309. 광화문역 6번출구 옆 B,1713,2022-05-01,대여소별 이용정보 22.5.csv
구로구,천왕2팀,1907. 구일우성(아) 육교 밑,1714,2022-05-01,대여소별 이용정보 22.5.csv
강서구,개화2팀,1186. 송정중학교,1714,2022-05-01,대여소별 이용정보 22.5.csv
노원구,도봉2팀,1681. 현대6차 아파트,1714,2022-05-01,대여소별 이용정보 22.5.csv
노원구,도봉1팀,1697.상계주공2단지 219동,1715,2022-05-01,대여소별 이용정보 22.5.csv
관악구,이수2팀,2112. 서울대입구역 마에스트로,1716,2022-05-01,대여소별 이용정보 22.5.csv
강북구,도봉4팀,1506. 강북문화예술회관,1719,2022-05-01,대여소별 이용정보 22.5.csv
서대문구,상암2팀,3103. 홍제삼거리 북측,1722,2022-05-01,대여소별 이용정보 22.5.csv
강서구,개화1팀,2725.서울식물원 식물문화센터,1724,2022-05-01,대여소별 이용정보 22.5.csv
강서구,개화2팀,2745.수명초등학교,1727,2022-05-01,대여소별 이용정보 22.5.csv
구로구,천왕2팀,1924. 삼부르네상스파크빌,1728,2022-05-01,대여소별 이용정보 22.5.csv
광진구,중랑1팀,3882. 자양2동 주민센터,1728,2022-05-01,대여소별 이용정보 22.5.csv
양천구,개화2팀,732. 신월중학교,1730,2022-05-01,대여소별 이용정보 22.5.csv
영등포구,영남3팀,3214.영등포 푸르지오,1731,2022-05-01,대여소별 이용정보 22.5.csv
구로구,천왕1팀,2821.청구아파트 앞,1732,2022-05-01,대여소별 이용정보 22.5.csv
노원구,도봉1팀,4028. 한일유앤아이아파트 105동 인근,1733,2022-05-01,대여소별 이용정보 22.5.csv
용산구,세종로 4팀,805. 문배어린이공원 앞,1734,2022-05-01,대여소별 이용정보 22.5.csv
성동구,중랑2팀,4373. 서울숲 지식산업센터,1734,2022-05-01,대여소별 이용정보 22.5.csv
종로구,훈련원1팀,3420. 성균관대입구사거리,1736,2022-05-01,대여소별 이용정보 22.5.csv
서대문구,상암1팀,4267. 서대문역 2번 출구,1737,2022-05-01,대여소별 이용정보 22.5.csv
중랑구,중랑3팀,"4809. 동성1,2차 아파트 앞",1738,2022-05-01,대여소별 이용정보 22.5.csv
동작구,이수2팀,2033. 사당동 아르테스 웨딩앞,1740,2022-05-01,대여소별 이용정보 22.5.csv
관악구,영남2팀,2179. 양녕로 입구,1740,2022-05-01,대여소별 이용정보 22.5.csv
강동구,천호1팀,1036. 고덕동 주양쇼핑,1740,2022-05-01,대여소별 이용정보 22.5.csv
송파구,학여울2팀,4869. 잠실나들목6,1741,2022-05-01,대여소별 이용정보 22.5.csv
종로구,훈련원1팀,3417.창신3동주민센터,1747,2022-05-01,대여소별 이용정보 22.5.csv
마포구,상암1팀,199. 서울 월드컵 경기장,1748,2022-05-01,대여소별 이용정보 22.5.csv
노원구,도봉1팀,1682. 중계종합사회복지관 교차로,1751,2022-05-01,대여소별 이용정보 22.5.csv
종로구,훈련원1팀,453. 종로오가 지하쇼핑센터 14번출구,1752,2022-05-01,대여소별 이용정보 22.5.csv
용산구,세종로3팀,817. 삼각지역 4번출구 앞,1753,2022-05-01,대여소별 이용정보 22.5.csv
동대문구,훈련원4팀,658. 촬영소 사거리,1753,2022-05-01,대여소별 이용정보 22.5.csv
영등포구,영남3팀,254. 도림신협 앞,1754,2022-05-01,대여소별 이용정보 22.5.csv
중랑구,중랑3팀,1437. 늘푸른공원 앞,1754,2022-05-01,대여소별 이용정보 22.5.csv
강동구,천호1팀,1074.대명초교입구 사거리,1754,2022-05-01,대여소별 이용정보 22.5.csv
광진구,중랑1팀,553. 중곡 성원아파트 앞,1755,2022-05-01,대여소별 이용정보 22.5.csv
종로구,훈련원1팀,339. 종로4가 사거리,1756,2022-05-01,대여소별 이용정보 22.5.csv
서대문구,상암2팀,3120.DMC엘가아파트 앞,1757,2022-05-01,대여소별 이용정보 22.5.csv
마포구,상암1팀,124. 서강대 정문 건너편,1757,2022-05-01,대여소별 이용정보 22.5.csv
영등포구,영남1팀,288. 쌍용예가(구청별관),1761,2022-05-01,대여소별 이용정보 22.5.csv
마포구,상암1팀,400. 상암한화오벨리스크 1차 앞,1764,2022-05-01,대여소별 이용정보 22.5.csv
양천구,개화4팀,711. 신일해피트리아파트 앞,1764,2022-05-01,대여소별 이용정보 22.5.csv
노원구,도봉2팀,2904.중계3차청구아파트,1765,2022-05-01,대여소별 이용정보 22.5.csv
동대문구,훈련원3팀,4102. 휘경1동주민센터 앞,1766,2022-05-01,대여소별 이용정보 22.5.csv
서초구,이수2팀,2511. 이수역 6번출구 앞,1766,2022-05-01,대여소별 이용정보 22.5.csv
동대문구,훈련원3팀,637. KAIST 경영대학 앞,1767,2022-05-01,대여소별 이용정보 22.5.csv
노원구,도봉2팀,2901.공릉동풍림아파트 101동,1767,2022-05-01,대여소별 이용정보 22.5.csv
종로구,훈련원1팀,345. 서울보증보험본사 앞,1768,2022-05-01,대여소별 이용정보 22.5.csv
영등포구,영남3팀,242. 신길선원가와인아파트 앞,1771,2022-05-01,대여소별 이용정보 22.5.csv
동작구,영남2팀,4171. 우성아파트 앞,1772,2022-05-01,대여소별 이용정보 22.5.csv
종로구,세종로1팀,461. 서울지방경찰청,1773,2022-05-01,대여소별 이용정보 22.5.csv
영등포구,영남3팀,4566. 대림성원상떼빌아파트,1774,2022-05-01,대여소별 이용정보 22.5.csv
노원구,도봉1팀,4026. 상계주공1단지아파트,1776,2022-05-01,대여소별 이용정보 22.5.csv
마포구,상암1팀,427. 성산시영아파트,1777,2022-05-01,대여소별 이용정보 22.5.csv
동대문구,훈련원3팀,4117. 휘경119안전센터 앞,1780,2022-05-01,대여소별 이용정보 22.5.csv
마포구,상암1팀,488.푸르메병원,1781,2022-05-01,대여소별 이용정보 22.5.csv
송파구,천호2팀,4867. 가락대림아파트 앞,1781,2022-05-01,대여소별 이용정보 22.5.csv
강서구,개화1팀,1108. 공항시장역 2번출구 뒤,1783,2022-05-01,대여소별 이용정보 22.5.csv
서대문구,상암1팀,134. 연세로 명물길,1784,2022-05-01,대여소별 이용정보 22.5.csv
강서구,개화3팀,2709.강변아파트 310동 앞,1786,2022-05-01,대여소별 이용정보 22.5.csv
양천구,개화3팀,774.등촌역 4번 출구,1786,2022-05-01,대여소별 이용정보 22.5.csv
강동구,천호1팀,"1051. 강일중,선사고 버스정류장(신암중학교 방면)",1786,2022-05-01,대여소별 이용정보 22.5.csv
서초구,이수1팀,2247.섬들근린공원,1787,2022-05-01,대여소별 이용정보 22.5.csv
도봉구,도봉3팀,1726. 삼익세라믹아파트교차로,1787,2022-05-01,대여소별 이용정보 22.5.csv
성북구,훈련원2팀,1375. 생명의 전화 종합복지관 앞 교차로,1788,2022-05-01,대여소별 이용정보 22.5.csv
서대문구,상암2팀,3121.가좌삼거리,1788,2022-05-01,대여소별 이용정보 22.5.csv
성북구,훈련원2팀,1322. 래미안라센트아파트 103동 앞,1789,2022-05-01,대여소별 이용정보 22.5.csv
마포구,상암1팀,126. 서강대 후문 옆,1790,2022-05-01,대여소별 이용정보 22.5.csv
강동구,천호1팀,1072.고덕역 5번출구,1791,2022-05-01,대여소별 이용정보 22.5.csv
송파구,천호2팀,4873. 개롱역사거리 2번 출구,1793,2022-05-01,대여소별 이용정보 22.5.csv
송파구,학여울2팀,1257. 가락시장역 사거리,1793,2022-05-01,대여소별 이용정보 22.5.csv
송파구,천호2팀,2656.풍납동 아이파크 107동 앞,1794,2022-05-01,대여소별 이용정보 22.5.csv
성동구,중랑2팀,519. 양지사거리,1795,2022-05-01,대여소별 이용정보 22.5.csv
은평구,상암2팀,4652. 신사두산위브2차아파트 앞,1795,2022-05-01,대여소별 이용정보 22.5.csv
강서구,개화1팀,3762. 마곡9단지 907동앞,1796,2022-05-01,대여소별 이용정보 22.5.csv
강서구,개화2팀,3786. 강서힐스테이트 상가 앞,1797,2022-05-01,대여소별 이용정보 22.5.csv
마포구,상암1팀,143. 공덕역 2번출구,1798,2022-05-01,대여소별 이용정보 22.5.csv
관악구,영남2팀,2187. 현대시장사거리,1798,2022-05-01,대여소별 이용정보 22.5.csv
중랑구,중랑3팀,1403. 중화빌딩 앞 (동부시장),1800,2022-05-01,대여소별 이용정보 22.5.csv
중랑구,중랑3팀,1473.중랑역 1번 출구(중화문화복지센터),1800,2022-05-01,대여소별 이용정보 22.5.csv
송파구,천호2팀,1277. 성내6교,1802,2022-05-01,대여소별 이용정보 22.5.csv
영등포구,영남3팀,3220.래미안에스티움 앞 (신풍로),1803,2022-05-01,대여소별 이용정보 22.5.csv
중구,세종로2팀,4791. 명동역9번 출구,1805,2022-05-01,대여소별 이용정보 22.5.csv
성동구,중랑2팀,586. 마장동 주민센터,1808,2022-05-01,대여소별 이용정보 22.5.csv
강서구,개화1팀,3758. 서울남부출입국관리소,1808,2022-05-01,대여소별 이용정보 22.5.csv
중랑구,중랑3팀,4819. 면목동 새싹어린이공원 앞,1809,2022-05-01,대여소별 이용정보 22.5.csv
강동구,천호1팀,1027. 프라자 아파트 앞,1813,2022-05-01,대여소별 이용정보 22.5.csv
송파구,천호2팀,4891. 위례포레샤인17단지 위례대로 방면,1814,2022-05-01,대여소별 이용정보 22.5.csv
구로구,천왕1팀,1987. 개봉아이파크아파트 앞,1815,2022-05-01,대여소별 이용정보 22.5.csv
구로구,천왕1팀,1931. 개봉역2번출구 A,1818,2022-05-01,대여소별 이용정보 22.5.csv
강서구,개화2팀,5066. 아망떼마곡전시장,1821,2022-05-01,대여소별 이용정보 22.5.csv
강서구,개화1팀,3775. 가양오토갤러리,1821,2022-05-01,대여소별 이용정보 22.5.csv
양천구,개화4팀,4517. 성보하이드로빌딩,1823,2022-05-01,대여소별 이용정보 22.5.csv
강남구,학여울1팀,2332. 선릉역3번출구,1823,2022-05-01,대여소별 이용정보 22.5.csv
동작구,영남2팀,4175. 대방역2번출구,1826,2022-05-01,대여소별 이용정보 22.5.csv
종로구,세종로2팀,3408.종로타워빌딩,1827,2022-05-01,대여소별 이용정보 22.5.csv
노원구,도봉1팀,1691. 노원정보도서관,1829,2022-05-01,대여소별 이용정보 22.5.csv
마포구,상암1팀,440. 하늘공원 입구,1830,2022-05-01,대여소별 이용정보 22.5.csv
마포구,상암1팀,495.염리초등학교 앞,1831,2022-05-01,대여소별 이용정보 22.5.csv
종로구,세종로1팀,367. 독립문역 3-1번출구,1835,2022-05-01,대여소별 이용정보 22.5.csv
중랑구,중랑3팀,1413. 봉화산역 5번출구 뒤,1836,2022-05-01,대여소별 이용정보 22.5.csv
도봉구,도봉3팀,1765.쌍문역 1번 출구(양산부인과 빌딩),1838,2022-05-01,대여소별 이용정보 22.5.csv
중랑구,중랑3팀,1444. 면목4치안센터,1839,2022-05-01,대여소별 이용정보 22.5.csv
구로구,천왕2팀,3919. 구로역·NC신구로점 버스정류장(구로역 방면),1839,2022-05-01,대여소별 이용정보 22.5.csv
중구,훈련원1팀,4792. 퇴계로4가 교차로(중구청),1844,2022-05-01,대여소별 이용정보 22.5.csv
용산구,세종로3팀,813. 삼각지역 3번출구,1846,2022-05-01,대여소별 이용정보 22.5.csv
강서구,개화2팀,2711.가로공원공영주차장 1번 출구,1848,2022-05-01,대여소별 이용정보 22.5.csv
송파구,천호2팀,1265. 문정동 근린공원,1850,2022-05-01,대여소별 이용정보 22.5.csv
양천구,개화4팀,736. 오솔길공원,1851,2022-05-01,대여소별 이용정보 22.5.csv
서대문구,상암2팀,3128.동신병원 맞은편,1854,2022-05-01,대여소별 이용정보 22.5.csv
서대문구,상암2팀,165. 중앙근린공원,1855,2022-05-01,대여소별 이용정보 22.5.csv
중구,세종로2팀,320. 을지로입구역 4번출구 앞,1855,2022-05-01,대여소별 이용정보 22.5.csv
구로구,천왕2팀,3907. 신도림7차e편한세상아파트 806동 앞,1855,2022-05-01,대여소별 이용정보 22.5.csv
중구,훈련원1팀,380. CJ제일제당 앞,1856,2022-05-01,대여소별 이용정보 22.5.csv
강서구,개화1팀,2710.라이품 공영주차장 앞,1857,2022-05-01,대여소별 이용정보 22.5.csv
종로구,훈련원1팀,4711. 올림픽기념 국민생활관 로터리,1858,2022-05-01,대여소별 이용정보 22.5.csv
종로구,세종로2팀,4713. 현대 뜨레비앙 아파트 앞,1858,2022-05-01,대여소별 이용정보 22.5.csv
영등포구,영남3팀,286. 우성아파트 교차로,1858,2022-05-01,대여소별 이용정보 22.5.csv
금천구,천왕2팀,1848. 벽산 디지털밸리 5차,1859,2022-05-01,대여소별 이용정보 22.5.csv
성동구,중랑2팀,579. 마장역 4번출구,1860,2022-05-01,대여소별 이용정보 22.5.csv
영등포구,영남1팀,239. 유스호스텔 앞,1861,2022-05-01,대여소별 이용정보 22.5.csv
송파구,학여울2팀,4854. 가락시장역 2번 출구,1862,2022-05-01,대여소별 이용정보 22.5.csv
구로구,천왕1팀,1953. 천왕역 4번출구 뒤,1862,2022-05-01,대여소별 이용정보 22.5.csv
강동구,천호1팀,1081.트레빌빌딩,1863,2022-05-01,대여소별 이용정보 22.5.csv
양천구,개화4팀,758. 한사랑교회 앞,1864,2022-05-01,대여소별 이용정보 22.5.csv
관악구,영남2팀,2105. 미성동 신림체육센터,1864,2022-05-01,대여소별 이용정보 22.5.csv
은평구,상암3팀,962. 은평뉴타운 힐데스하임,1865,2022-05-01,대여소별 이용정보 22.5.csv
양천구,개화3팀,742. 등촌역 5번 출구 뒤,1865,2022-05-01,대여소별 이용정보 22.5.csv
강서구,개화2팀,5057. 마곡역4번출구,1866,2022-05-01,대여소별 이용정보 22.5.csv
강남구,이수3팀,2407. 역삼.서초.삼성 세무서 앞 (역삼빌딩 앞),1869,2022-05-01,대여소별 이용정보 22.5.csv
강서구,개화2팀,1168. 마곡엠밸리10단지 앞,1870,2022-05-01,대여소별 이용정보 22.5.csv
노원구,도봉2팀,4016. 노원 마들스타디움,1871,2022-05-01,대여소별 이용정보 22.5.csv
서대문구,상암2팀,4255. 래미안 루센티아 아파트 108동 앞,1871,2022-05-01,대여소별 이용정보 22.5.csv
노원구,도봉1팀,4004. 당고개입구오거리 당현천변,1875,2022-05-01,대여소별 이용정보 22.5.csv
양천구,개화3팀,749. 이대목동병원보도육교,1877,2022-05-01,대여소별 이용정보 22.5.csv
영등포구,영남1팀,3215.강변삼성래미안,1878,2022-05-01,대여소별 이용정보 22.5.csv
관악구,이수2팀,2119. 중앙동 동진빌딩,1880,2022-05-01,대여소별 이용정보 22.5.csv
중구,훈련원1팀,387. 훈련원공원주차장 앞,1881,2022-05-01,대여소별 이용정보 22.5.csv
영등포구,영남1팀,4557. 리버뷰신안인스빌2차 후문,1883,2022-05-01,대여소별 이용정보 22.5.csv
노원구,도봉1팀,4018. 상계주공15단지 버스정류소,1883,2022-05-01,대여소별 이용정보 22.5.csv
동작구,영남2팀,4167. 구로교 아래,1885,2022-05-01,대여소별 이용정보 22.5.csv
은평구,상암3팀,916. 평생학습관 앞,1886,2022-05-01,대여소별 이용정보 22.5.csv
구로구,천왕1팀,1966. 한마을아파트 정문상가,1889,2022-05-01,대여소별 이용정보 22.5.csv
은평구,상암2팀,984.상신초등학교앞 버스정류장,1890,2022-05-01,대여소별 이용정보 22.5.csv
강서구,개화3팀,2742.강서구민올림픽체육센터,1891,2022-05-01,대여소별 이용정보 22.5.csv
중랑구,중랑3팀,1461.동양엔파트 앞,1893,2022-05-01,대여소별 이용정보 22.5.csv
양천구,개화4팀,4510. 신정네거리역 교차로,1893,2022-05-01,대여소별 이용정보 22.5.csv
강남구,학여울1팀,2431.대치역 7번출구,1896,2022-05-01,대여소별 이용정보 22.5.csv
강서구,개화2팀,5055. 마곡역5번출구앞,1899,2022-05-01,대여소별 이용정보 22.5.csv
종로구,세종로1팀,348. 독립문역 사거리,1900,2022-05-01,대여소별 이용정보 22.5.csv
구로구,천왕2팀,1962. 가리봉동주민센터,1900,2022-05-01,대여소별 이용정보 22.5.csv
노원구,도봉1팀,1639. 희성오피앙,1900,2022-05-01,대여소별 이용정보 22.5.csv
송파구,학여울2팀,4894. 문정법조단지13,1904,2022-05-01,대여소별 이용정보 22.5.csv
종로구,세종로2팀,4705. 웰니스센터(민방위교육장 앞),1906,2022-05-01,대여소별 이용정보 22.5.csv
광진구,중랑1팀,516. 광진메디칼 앞,1907,2022-05-01,대여소별 이용정보 22.5.csv
용산구,세종로3팀,839. 보광동 삼성리버빌아파트 앞,1914,2022-05-01,대여소별 이용정보 22.5.csv
송파구,천호2팀,1228. 마천사거리,1917,2022-05-01,대여소별 이용정보 22.5.csv
송파구,학여울2팀,4460. 올림픽훼미리아파트 112동 앞,1918,2022-05-01,대여소별 이용정보 22.5.csv
구로구,천왕2팀,1956. 동아1차APT105동 버스정류장(신도림중학교 방면),1918,2022-05-01,대여소별 이용정보 22.5.csv
송파구,학여울2팀,4884. H비즈니스파크,1920,2022-05-01,대여소별 이용정보 22.5.csv
종로구,세종로1팀,450. 효자동 삼거리,1924,2022-05-01,대여소별 이용정보 22.5.csv
도봉구,도봉3팀,1705. 도봉구청 정문앞,1926,2022-05-01,대여소별 이용정보 22.5.csv
송파구,천호1팀,1274. 영파여고 앞,1927,2022-05-01,대여소별 이용정보 22.5.csv
은평구,상암2팀,989. 신응교(가좌로) 앞,1927,2022-05-01,대여소별 이용정보 22.5.csv
강북구,도봉4팀,1565.대한병원앞,1929,2022-05-01,대여소별 이용정보 22.5.csv
광진구,중랑1팀,3860. 건국대학교 정문 앞,1930,2022-05-01,대여소별 이용정보 22.5.csv
노원구,도봉2팀,4025. 한천교 동편,1932,2022-05-01,대여소별 이용정보 22.5.csv
송파구,학여울2팀,1286. 위례중앙푸르지오 1단지 앞,1932,2022-05-01,대여소별 이용정보 22.5.csv
강동구,천호1팀,1059. 래미안 강동팰리스(102동),1932,2022-05-01,대여소별 이용정보 22.5.csv
중랑구,중랑3팀,1407. 먹골역 1번출구 뒤,1933,2022-05-01,대여소별 이용정보 22.5.csv
동대문구,훈련원3팀,4113. 한국국방연구원 앞,1936,2022-05-01,대여소별 이용정보 22.5.csv
강동구,천호1팀,1030. 미호 플랜트 앞,1937,2022-05-01,대여소별 이용정보 22.5.csv
송파구,천호2팀,4872. 개롱역 3번 출구 뒤,1939,2022-05-01,대여소별 이용정보 22.5.csv
강서구,개화1팀,5062. 마곡동 767-6,1939,2022-05-01,대여소별 이용정보 22.5.csv
은평구,상암2팀,985. 은평세무서 버스정류장(은평구청 방면),1940,2022-05-01,대여소별 이용정보 22.5.csv
서초구,이수3팀,2211. 서초구립반포도서관 앞,1942,2022-05-01,대여소별 이용정보 22.5.csv
노원구,도봉1팀,4031. 청암예술학교 앞,1946,2022-05-01,대여소별 이용정보 22.5.csv
서초구,이수3팀,2538.사평리 공원,1946,2022-05-01,대여소별 이용정보 22.5.csv
송파구,천호2팀,4496. 잠실 파크리오 120동 앞,1946,2022-05-01,대여소별 이용정보 22.5.csv
성북구,훈련원2팀,1333. 석관초등학교 앞,1947,2022-05-01,대여소별 이용정보 22.5.csv
서초구,이수2팀,2221. 방일초교 마을버스 정류장,1948,2022-05-01,대여소별 이용정보 22.5.csv
노원구,도봉2팀,1606. 태릉입구역 3번출구,1953,2022-05-01,대여소별 이용정보 22.5.csv
강북구,도봉4팀,1514. 강북구청 사거리 버스정류소 앞,1954,2022-05-01,대여소별 이용정보 22.5.csv
동대문구,훈련원4팀,4108. 답십리파크자이아파트 앞,1955,2022-05-01,대여소별 이용정보 22.5.csv
구로구,천왕1팀,1964. 원메디타운 앞,1956,2022-05-01,대여소별 이용정보 22.5.csv
송파구,학여울2팀,2658.가락몰 업무동,1956,2022-05-01,대여소별 이용정보 22.5.csv
동작구,영남2팀,2016. 신대방삼거리역 3번출구쪽,1957,2022-05-01,대여소별 이용정보 22.5.csv
중구,세종로2팀,433. 을지로입구역 2번출구,1960,2022-05-01,대여소별 이용정보 22.5.csv
노원구,도봉2팀,1685. 불암고등학교 앞 횡단보도,1964,2022-05-01,대여소별 이용정보 22.5.csv
영등포구,영남1팀,3206.문래동 주민센터,1964,2022-05-01,대여소별 이용정보 22.5.csv
은평구,상암3팀,908. 구산역 4번출구,1965,2022-05-01,대여소별 이용정보 22.5.csv
동대문구,훈련원3팀,4104. 외대앞역 교차로,1965,2022-05-01,대여소별 이용정보 22.5.csv
강서구,개화2팀,2746.수명산파크 4단지 411동 앞,1967,2022-05-01,대여소별 이용정보 22.5.csv
광진구,중랑1팀,3566.우성4차아파트,1970,2022-05-01,대여소별 이용정보 22.5.csv
중랑구,중랑3팀,4820. 망우역 2번 출구,1970,2022-05-01,대여소별 이용정보 22.5.csv
구로구,천왕2팀,1957. 구일고등학교 정문,1970,2022-05-01,대여소별 이용정보 22.5.csv
영등포구,영남3팀,270. 증권거래소후문교차로,1971,2022-05-01,대여소별 이용정보 22.5.csv
광진구,중랑1팀,3868. 자양한강도서관,1972,2022-05-01,대여소별 이용정보 22.5.csv
양천구,천왕1팀,763. 목동11단지 아파트,1972,2022-05-01,대여소별 이용정보 22.5.csv
강동구,천호1팀,3687. 신명초교입구 교차로,1972,2022-05-01,대여소별 이용정보 22.5.csv
용산구,세종로3팀,849. 삼각지 자이아파트,1972,2022-05-01,대여소별 이용정보 22.5.csv
강서구,개화3팀,1170. 강서구보건소,1974,2022-05-01,대여소별 이용정보 22.5.csv
성동구,중랑2팀,530. 청계벽산아파트 앞,1976,2022-05-01,대여소별 이용정보 22.5.csv
은평구,상암2팀,4657. 본 서부병원 교차로 사거리,1978,2022-05-01,대여소별 이용정보 22.5.csv
중랑구,중랑3팀,1440. 면목2동 사거리,1978,2022-05-01,대여소별 이용정보 22.5.csv
관악구,영남2팀,3814. 난곡사거리,1978,2022-05-01,대여소별 이용정보 22.5.csv
서대문구,상암2팀,4264. 홍남교 버스정류장,1978,2022-05-01,대여소별 이용정보 22.5.csv
구로구,천왕2팀,1974. 신도림2차e편한세상아파트 203동 앞,1980,2022-05-01,대여소별 이용정보 22.5.csv
동대문구,훈련원3팀,633. 청량리 기업은행 앞,1981,2022-05-01,대여소별 이용정보 22.5.csv
구로구,천왕2팀,1908. 해원리바파크 육교 밑,1982,2022-05-01,대여소별 이용정보 22.5.csv
동대문구,훈련원4팀,622. 전농사거리 교통섬,1988,2022-05-01,대여소별 이용정보 22.5.csv
서초구,이수3팀,2279. 교대역 5번출구뒤,1988,2022-05-01,대여소별 이용정보 22.5.csv
송파구,학여울2팀,1206. 9호선종합운동장역 9번출구,1989,2022-05-01,대여소별 이용정보 22.5.csv
강동구,천호1팀,1028. 포레스 주상복합 빌딩,1994,2022-05-01,대여소별 이용정보 22.5.csv
종로구,세종로1팀,301. 경복궁역 7번출구 앞,1998,2022-05-01,대여소별 이용정보 22.5.csv
강서구,개화1팀,3782. 겸재정선미술관,2001,2022-05-01,대여소별 이용정보 22.5.csv
동대문구,훈련원4팀,627. 장안동삼거리 교통섬,2003,2022-05-01,대여소별 이용정보 22.5.csv
종로구,세종로2팀,3432.종로2가 사거리,2004,2022-05-01,대여소별 이용정보 22.5.csv
동작구,이수2팀,2077.노들역 3번출구,2009,2022-05-01,대여소별 이용정보 22.5.csv
종로구,훈련원1팀,344. 성균관대 E하우스 앞,2011,2022-05-01,대여소별 이용정보 22.5.csv
강남구,학여울2팀,2404. 대모산입구역 4번 출구 앞,2012,2022-05-01,대여소별 이용정보 22.5.csv
동대문구,훈련원4팀,625. 답십리초등학교 앞(현대시장 옆),2015,2022-05-01,대여소별 이용정보 22.5.csv
동대문구,훈련원4팀,624. 전농동 동아아파트 앞,2016,2022-05-01,대여소별 이용정보 22.5.csv
송파구,천호2팀,1214. 오금역 7번 출구 인근,2018,2022-05-01,대여소별 이용정보 22.5.csv
양천구,개화4팀,4522. 신곡시장,2018,2022-05-01,대여소별 이용정보 22.5.csv
서초구,이수1팀,2508. 양재이스타빌 앞,2019,2022-05-01,대여소별 이용정보 22.5.csv
구로구,천왕2팀,1920. 서울미래초등학교 사거리,2021,2022-05-01,대여소별 이용정보 22.5.csv
강동구,천호1팀,3683. KT&G강동지사,2029,2022-05-01,대여소별 이용정보 22.5.csv
관악구,영남2팀,2170. 조원동서울본병원,2031,2022-05-01,대여소별 이용정보 22.5.csv
성동구,중랑2팀,513. 뚝섬역 5번 출구 정류소 옆,2034,2022-05-01,대여소별 이용정보 22.5.csv
도봉구,도봉3팀,1744.KT방학지사 앞,2036,2022-05-01,대여소별 이용정보 22.5.csv
송파구,천호2팀,2604. 풍납토성 서성벽터A,2036,2022-05-01,대여소별 이용정보 22.5.csv
중구,세종로 4팀,445.대한상공회의소,2037,2022-05-01,대여소별 이용정보 22.5.csv
관악구,영남2팀,2189. 봉천역 4번출구,2039,2022-05-01,대여소별 이용정보 22.5.csv
강남구,학여울2팀,2342. 대청역 1번출구 뒤,2040,2022-05-01,대여소별 이용정보 22.5.csv
동대문구,훈련원4팀,4114. 휘경여중고삼거리,2043,2022-05-01,대여소별 이용정보 22.5.csv
영등포구,영남3팀,255. 도림사거리,2045,2022-05-01,대여소별 이용정보 22.5.csv
양천구,영남1팀,4532. 목동현대아파트 후문 앞,2047,2022-05-01,대여소별 이용정보 22.5.csv
광진구,중랑1팀,3581.광진광장,2054,2022-05-01,대여소별 이용정보 22.5.csv
서초구,이수3팀,2505. 우성아파트사거리 (기업은행앞),2054,2022-05-01,대여소별 이용정보 22.5.csv
도봉구,도봉3팀,1707. 도봉구민회관,2054,2022-05-01,대여소별 이용정보 22.5.csv
노원구,도봉1팀,4019. 상계주공10단지 버스정류소,2054,2022-05-01,대여소별 이용정보 22.5.csv
광진구,중랑1팀,3502. 중곡역 1번출구,2055,2022-05-01,대여소별 이용정보 22.5.csv
강서구,개화1팀,1194. 센서텍㈜,2056,2022-05-01,대여소별 이용정보 22.5.csv
중구,훈련원1팀,473.을지로4가역 9번출구,2058,2022-05-01,대여소별 이용정보 22.5.csv
강동구,천호1팀,3656. 둔촌푸르지오아파트,2062,2022-05-01,대여소별 이용정보 22.5.csv
마포구,상암1팀,111. 상수역 2번출구 앞,2063,2022-05-01,대여소별 이용정보 22.5.csv
노원구,도봉2팀,4011. 월계 센트럴 아이파크,2063,2022-05-01,대여소별 이용정보 22.5.csv
성북구,훈련원2팀,1327. 상월곡역 3번출구,2063,2022-05-01,대여소별 이용정보 22.5.csv
송파구,천호2팀,2642.마천동 성내천 쉼터,2063,2022-05-01,대여소별 이용정보 22.5.csv
송파구,학여울2팀,1249. 아주중학교건너편,2065,2022-05-01,대여소별 이용정보 22.5.csv
강동구,천호1팀,1088.풍납사거리(강동),2065,2022-05-01,대여소별 이용정보 22.5.csv
송파구,천호2팀,1288. 문정중교 사거리,2067,2022-05-01,대여소별 이용정보 22.5.csv
강서구,개화3팀,1174. 강서구청사거리(부민병원),2070,2022-05-01,대여소별 이용정보 22.5.csv
광진구,중랑1팀,3587.우성식품 앞,2073,2022-05-01,대여소별 이용정보 22.5.csv
중랑구,중랑3팀,4812. 묵동 이마트 앞,2080,2022-05-01,대여소별 이용정보 22.5.csv
송파구,천호2팀,2651.경찰병원역 3번출구 앞,2081,2022-05-01,대여소별 이용정보 22.5.csv
도봉구,도봉3팀,1767.태양중앙교회 앞,2084,2022-05-01,대여소별 이용정보 22.5.csv
강동구,천호1팀,1061. 천호초교 입구 사거리(일주빌딩),2086,2022-05-01,대여소별 이용정보 22.5.csv
송파구,학여울2팀,4875. 위례포레샤인13단지,2087,2022-05-01,대여소별 이용정보 22.5.csv
관악구,이수2팀,2111. 서울대입구역 1번출구,2089,2022-05-01,대여소별 이용정보 22.5.csv
성북구,훈련원2팀,1372. KEB은행 고대점,2090,2022-05-01,대여소별 이용정보 22.5.csv
강서구,개화1팀,2702. 마곡 엠밸리2단지,2094,2022-05-01,대여소별 이용정보 22.5.csv
양천구,개화4팀,722. 경서농협 버스정류장(우리은행신정동지점방향),2094,2022-05-01,대여소별 이용정보 22.5.csv
양천구,개화2팀,739. 신월사거리,2096,2022-05-01,대여소별 이용정보 22.5.csv
종로구,세종로2팀,327. 낙원상가 옆,2096,2022-05-01,대여소별 이용정보 22.5.csv
구로구,천왕2팀,3914. 신도림쌍용플래티넘노블아파트 앞,2099,2022-05-01,대여소별 이용정보 22.5.csv
송파구,학여울2팀,2633.송파학사 옆,2101,2022-05-01,대여소별 이용정보 22.5.csv
구로구,천왕1팀,1952. 천왕연지타운2단지 앞,2102,2022-05-01,대여소별 이용정보 22.5.csv
용산구,세종로3팀,4619. 한강트럼프월드3차 앞,2104,2022-05-01,대여소별 이용정보 22.5.csv
강서구,개화3팀,1175. 대한항공 인력개발센터,2107,2022-05-01,대여소별 이용정보 22.5.csv
동대문구,훈련원3팀,661. 경희대학교 청운관,2108,2022-05-01,대여소별 이용정보 22.5.csv
중랑구,중랑3팀,1478.홈플러스 상봉점 앞,2110,2022-05-01,대여소별 이용정보 22.5.csv
송파구,천호2팀,2644. 성내5교,2113,2022-05-01,대여소별 이용정보 22.5.csv
성북구,훈련원2팀,1385.성신여대입구역 3번출구 앞,2113,2022-05-01,대여소별 이용정보 22.5.csv
송파구,천호2팀,1260. 방이동 한양3차아파트 옆,2115,2022-05-01,대여소별 이용정보 22.5.csv
동대문구,훈련원4팀,630. 동대문구 보건소,2116,2022-05-01,대여소별 이용정보 22.5.csv
성북구,훈련원2팀,1390.석관래미안아트리치,2119,2022-05-01,대여소별 이용정보 22.5.csv
영등포구,영남1팀,264. 교보생명보험 앞,2120,2022-05-01,대여소별 이용정보 22.5.csv
중랑구,중랑3팀,1456. 상아빌딩(우림시장 교차로),2127,2022-05-01,대여소별 이용정보 22.5.csv
성북구,훈련원2팀,1396.래미안장위퍼스트하이(513동),2129,2022-05-01,대여소별 이용정보 22.5.csv
중랑구,중랑3팀,1446. 중랑전화국 교차로,2130,2022-05-01,대여소별 이용정보 22.5.csv
은평구,상암2팀,917. 녹번역 3번출구,2131,2022-05-01,대여소별 이용정보 22.5.csv
중랑구,중랑3팀,1411. 상봉시장앞 교차로 한성빌딩 앞,2134,2022-05-01,대여소별 이용정보 22.5.csv
서대문구,상암2팀,3125.연희파크푸르지오아파트 앞,2135,2022-05-01,대여소별 이용정보 22.5.csv
송파구,천호2팀,1229. 송파체육문화회관 앞,2137,2022-05-01,대여소별 이용정보 22.5.csv
강남구,학여울1팀,2414. 도곡역 아카데미스위트 앞,2138,2022-05-01,대여소별 이용정보 22.5.csv
강서구,개화1팀,2735.마곡 공공청사,2138,2022-05-01,대여소별 이용정보 22.5.csv
관악구,이수2팀,2104. 사당역 5번출구,2141,2022-05-01,대여소별 이용정보 22.5.csv
영등포구,영남1팀,4598. 오목교 동측 지하보도,2141,2022-05-01,대여소별 이용정보 22.5.csv
성북구,훈련원2팀,1338. 용문2교 옆,2142,2022-05-01,대여소별 이용정보 22.5.csv
성동구,중랑2팀,557. 도선동 주민센터 앞,2143,2022-05-01,대여소별 이용정보 22.5.csv
중구,세종로2팀,4796. 부산은행,2144,2022-05-01,대여소별 이용정보 22.5.csv
용산구,세종로 4팀,819. 선린인터넷 고등학교,2145,2022-05-01,대여소별 이용정보 22.5.csv
강동구,천호1팀,1012. 서울 상운차량,2146,2022-05-01,대여소별 이용정보 22.5.csv
노원구,도봉1팀,1667. 중계중학교,2147,2022-05-01,대여소별 이용정보 22.5.csv
강동구,천호1팀,1086.래미안 솔베뉴(구천면로),2150,2022-05-01,대여소별 이용정보 22.5.csv
영등포구,영남1팀,3201.당산skv1센터,2155,2022-05-01,대여소별 이용정보 22.5.csv
노원구,도봉1팀,4020. 중계동 성모빌딩 앞,2158,2022-05-01,대여소별 이용정보 22.5.csv
영등포구,영남1팀,266. 영등포청과시장 사거리,2159,2022-05-01,대여소별 이용정보 22.5.csv
노원구,도봉2팀,1640. 한내근린공원 북측,2161,2022-05-01,대여소별 이용정보 22.5.csv
동대문구,훈련원4팀,669.청계한신휴플러스앞 삼거리,2162,2022-05-01,대여소별 이용정보 22.5.csv
중랑구,중랑3팀,1431. 중랑구청 사거리,2164,2022-05-01,대여소별 이용정보 22.5.csv
강서구,개화1팀,1190. 마곡역 교차로(2번출구),2170,2022-05-01,대여소별 이용정보 22.5.csv
성북구,훈련원2팀,1362. 보문역6번출구 앞,2170,2022-05-01,대여소별 이용정보 22.5.csv
은평구,상암3팀,900. 은평예술회관,2172,2022-05-01,대여소별 이용정보 22.5.csv
금천구,천왕3팀,1804. 독산역 2번출구 자전거주차장,2172,2022-05-01,대여소별 이용정보 22.5.csv
강서구,개화1팀,3774. 마곡9단지 910동 상가앞,2174,2022-05-01,대여소별 이용정보 22.5.csv
강서구,개화1팀,3756. 마곡힐스테이트 정문,2174,2022-05-01,대여소별 이용정보 22.5.csv
성동구,중랑2팀,3549.건영아파트 앞,2179,2022-05-01,대여소별 이용정보 22.5.csv
중구,세종로 4팀,826. 서울역 서부교차로2,2181,2022-05-01,대여소별 이용정보 22.5.csv
마포구,상암1팀,411. DMC홍보관,2186,2022-05-01,대여소별 이용정보 22.5.csv
영등포구,영남1팀,231. 남부고용노동지청 남측,2190,2022-05-01,대여소별 이용정보 22.5.csv
성북구,훈련원2팀,1319. 종암사거리 분수대,2190,2022-05-01,대여소별 이용정보 22.5.csv
마포구,상암1팀,492.성산시영아파트 후문,2191,2022-05-01,대여소별 이용정보 22.5.csv
구로구,천왕2팀,1975. 대림역 1번 출입구 밑,2191,2022-05-01,대여소별 이용정보 22.5.csv
서대문구,상암2팀,179. 가좌역 4번출구 앞,2192,2022-05-01,대여소별 이용정보 22.5.csv
관악구,영남2팀,2103. 신림동 우방아파트,2193,2022-05-01,대여소별 이용정보 22.5.csv
강서구,개화2팀,1148. 볏골공원,2193,2022-05-01,대여소별 이용정보 22.5.csv
용산구,세종로3팀,832. 이촌1동 주민센터 뒤,2196,2022-05-01,대여소별 이용정보 22.5.csv
송파구,천호2팀,1267. 올림픽공원 남2문 앞,2201,2022-05-01,대여소별 이용정보 22.5.csv
성동구,중랑2팀,4377. 우영테크노센터 앞,2206,2022-05-01,대여소별 이용정보 22.5.csv
중랑구,중랑3팀,4804. 동서울농협 앞,2214,2022-05-01,대여소별 이용정보 22.5.csv
강동구,천호1팀,3684. 고덕자이(105동 앞),2216,2022-05-01,대여소별 이용정보 22.5.csv
강서구,개화1팀,2740.마곡레포츠센터,2218,2022-05-01,대여소별 이용정보 22.5.csv
양천구,개화4팀,716.신정6동 주민센터 인근,2221,2022-05-01,대여소별 이용정보 22.5.csv
성동구,중랑2팀,558. 성동광진 교육지원청 앞,2225,2022-05-01,대여소별 이용정보 22.5.csv
종로구,세종로2팀,385. 종각역 5번출구,2228,2022-05-01,대여소별 이용정보 22.5.csv
관악구,영남2팀,2169. 봉천역 2번출구,2230,2022-05-01,대여소별 이용정보 22.5.csv
노원구,도봉2팀,1670. 노원경찰서교차로,2230,2022-05-01,대여소별 이용정보 22.5.csv
마포구,상암1팀,412. DMC산학협력연구센터 앞,2232,2022-05-01,대여소별 이용정보 22.5.csv
광진구,중랑1팀,3865. 이튼타워리버 2차,2247,2022-05-01,대여소별 이용정보 22.5.csv
강서구,개화2팀,1141. 곰달래 문화복지센터 1-1,2251,2022-05-01,대여소별 이용정보 22.5.csv
성북구,훈련원2팀,1318. 길음역 3번출구 뒤,2252,2022-05-01,대여소별 이용정보 22.5.csv
성동구,중랑2팀,4383. 푸조비즈타워 앞,2252,2022-05-01,대여소별 이용정보 22.5.csv
영등포구,영남3팀,204. 국회의사당역 5번출구 옆,2252,2022-05-01,대여소별 이용정보 22.5.csv
관악구,영남2팀,2108. 은천치안센터,2253,2022-05-01,대여소별 이용정보 22.5.csv
마포구,상암1팀,4222. 서울디자인고등학교 앞,2253,2022-05-01,대여소별 이용정보 22.5.csv
동대문구,훈련원4팀,657. 동대문롯데캐슬아파트 앞,2254,2022-05-01,대여소별 이용정보 22.5.csv
중구,세종로1팀,310. 청계광장 옆,2259,2022-05-01,대여소별 이용정보 22.5.csv
강서구,개화3팀,1121. 가양레포츠센터 앞,2261,2022-05-01,대여소별 이용정보 22.5.csv
강북구,도봉4팀,1530. 광산사거리,2262,2022-05-01,대여소별 이용정보 22.5.csv
영등포구,영남3팀,234. 영등포구민체육센터 앞,2262,2022-05-01,대여소별 이용정보 22.5.csv
동대문구,훈련원3팀,663. 외대앞역 4번출구,2263,2022-05-01,대여소별 이용정보 22.5.csv
은평구,상암3팀,961. 불광역 9번 출구,2263,2022-05-01,대여소별 이용정보 22.5.csv
금천구,천왕3팀,1834. 월드메르디앙 벤처센터 2차,2263,2022-05-01,대여소별 이용정보 22.5.csv
강동구,천호1팀,1075.천동초교 삼거리,2268,2022-05-01,대여소별 이용정보 22.5.csv
마포구,상암1팀,109. 제일빌딩 앞,2272,2022-05-01,대여소별 이용정보 22.5.csv
송파구,학여울2팀,4491. 장지역 1번출구,2273,2022-05-01,대여소별 이용정보 22.5.csv
동대문구,훈련원3팀,605. 신설동역8번출구,2274,2022-05-01,대여소별 이용정보 22.5.csv
강서구,개화2팀,1177. 수명중?고교,2279,2022-05-01,대여소별 이용정보 22.5.csv
관악구,영남2팀,2115. 관악구시설관리공단,2286,2022-05-01,대여소별 이용정보 22.5.csv
송파구,학여울2팀,2648.헬리오시티 112동 앞,2294,2022-05-01,대여소별 이용정보 22.5.csv
금천구,천왕3팀,1841. 가산동 주민센터,2295,2022-05-01,대여소별 이용정보 22.5.csv
강서구,개화1팀,2707.한강아파트,2296,2022-05-01,대여소별 이용정보 22.5.csv
종로구,세종로2팀,368. SK 서린빌딩 앞,2296,2022-05-01,대여소별 이용정보 22.5.csv
성북구,훈련원2팀,1336. 성북3교 위,2297,2022-05-01,대여소별 이용정보 22.5.csv
마포구,상암1팀,112. 극동방송국 앞,2300,2022-05-01,대여소별 이용정보 22.5.csv
광진구,중랑1팀,3879. 중랑천 뚝방길 산책로 입구,2301,2022-05-01,대여소별 이용정보 22.5.csv
서초구,이수3팀,2530.삼호3차아파트 앞,2304,2022-05-01,대여소별 이용정보 22.5.csv
동작구,영남2팀,2054. 삼익아파트,2304,2022-05-01,대여소별 이용정보 22.5.csv
강서구,개화1팀,3754. 신방화역 8번출구,2305,2022-05-01,대여소별 이용정보 22.5.csv
노원구,도봉2팀,4036. 하계역 6번출구,2306,2022-05-01,대여소별 이용정보 22.5.csv
구로구,천왕2팀,1984. 구로구청,2307,2022-05-01,대여소별 이용정보 22.5.csv
노원구,도봉2팀,4024. 꿈의숲 SK뷰 아파트,2309,2022-05-01,대여소별 이용정보 22.5.csv
중랑구,중랑3팀,1471.동양쇼핑 정류소 앞,2309,2022-05-01,대여소별 이용정보 22.5.csv
도봉구,도봉3팀,1708. 보건소사거리(다비치안경창동점),2312,2022-05-01,대여소별 이용정보 22.5.csv
금천구,천왕3팀,1830. 빅마켓 금천점 앞,2313,2022-05-01,대여소별 이용정보 22.5.csv
구로구,천왕1팀,1933. 개봉푸르지오아파트 상가,2314,2022-05-01,대여소별 이용정보 22.5.csv
서초구,이수3팀,2231. 삼성타운(삼성생명) A동 맞은편,2316,2022-05-01,대여소별 이용정보 22.5.csv
강서구,개화1팀,5053. 신마곡벽산블루밍메트로오피스텔앞,2316,2022-05-01,대여소별 이용정보 22.5.csv
서대문구,상암2팀,178. 증산3교 앞,2317,2022-05-01,대여소별 이용정보 22.5.csv
양천구,개화3팀,754. 목동1단지아파트 118동 앞,2317,2022-05-01,대여소별 이용정보 22.5.csv
마포구,상암1팀,420. 서울시 공공자전거 상암센터,2317,2022-05-01,대여소별 이용정보 22.5.csv
성동구,중랑2팀,510. 서울숲 남문 버스정류소 옆,2320,2022-05-01,대여소별 이용정보 22.5.csv
중구,훈련원1팀,481.신당역 10번 출구,2320,2022-05-01,대여소별 이용정보 22.5.csv
구로구,천왕2팀,1959. 구로구의회 앞,2322,2022-05-01,대여소별 이용정보 22.5.csv
동작구,영남2팀,237. 보라매 두산위브 건너편,2323,2022-05-01,대여소별 이용정보 22.5.csv
동작구,영남2팀,4169. 신대방삼거리,2324,2022-05-01,대여소별 이용정보 22.5.csv
구로구,천왕1팀,1991. 오류동역 맞은편,2328,2022-05-01,대여소별 이용정보 22.5.csv
마포구,상암1팀,438. 성산2-1 공영주차장,2329,2022-05-01,대여소별 이용정보 22.5.csv
강서구,개화3팀,1185. 등촌9단지,2332,2022-05-01,대여소별 이용정보 22.5.csv
성동구,중랑2팀,507. 성수아이에스비즈타워 앞,2334,2022-05-01,대여소별 이용정보 22.5.csv
동작구,영남2팀,2007. 유한양행앞,2335,2022-05-01,대여소별 이용정보 22.5.csv
은평구,상암1팀,972. 수색역,2336,2022-05-01,대여소별 이용정보 22.5.csv
강서구,개화4팀,2737.까치산역 3번 출구,2339,2022-05-01,대여소별 이용정보 22.5.csv
노원구,도봉2팀,1605. 헬스케어,2339,2022-05-01,대여소별 이용정보 22.5.csv
도봉구,도봉3팀,4077. 도봉제1교,2341,2022-05-01,대여소별 이용정보 22.5.csv
강서구,개화3팀,5075. 등촌역 1번출구,2346,2022-05-01,대여소별 이용정보 22.5.csv
종로구,세종로1팀,4710. 자교교회 앞,2354,2022-05-01,대여소별 이용정보 22.5.csv
강서구,개화2팀,2741.마곡수명산파크5-6단지,2357,2022-05-01,대여소별 이용정보 22.5.csv
마포구,상암1팀,3011.경의선(노고산동),2362,2022-05-01,대여소별 이용정보 22.5.csv
마포구,상암1팀,490.가온문화공원,2362,2022-05-01,대여소별 이용정보 22.5.csv
양천구,개화3팀,701. 목동사거리 부근,2362,2022-05-01,대여소별 이용정보 22.5.csv
강서구,개화4팀,1146. 곰달래사거리,2363,2022-05-01,대여소별 이용정보 22.5.csv
마포구,상암1팀,182. 망원2빗물펌프장 앞,2364,2022-05-01,대여소별 이용정보 22.5.csv
도봉구,도봉3팀,4080. 창동주공19단지앞,2364,2022-05-01,대여소별 이용정보 22.5.csv
서대문구,상암2팀,166. 가재울 초등학교,2364,2022-05-01,대여소별 이용정보 22.5.csv
강서구,개화2팀,2713.우장초등학교 앞,2365,2022-05-01,대여소별 이용정보 22.5.csv
강북구,도봉4팀,1535. 효성인텔리안 앞,2369,2022-05-01,대여소별 이용정보 22.5.csv
강남구,학여울2팀,2384. 자곡사거리,2373,2022-05-01,대여소별 이용정보 22.5.csv
강서구,개화2팀,3785. 마곡14단지 1408동앞,2377,2022-05-01,대여소별 이용정보 22.5.csv
종로구,훈련원1팀,340. 혜화동 로터리,2387,2022-05-01,대여소별 이용정보 22.5.csv
도봉구,도봉3팀,1762.북한산 한신휴플러스APT앞,2391,2022-05-01,대여소별 이용정보 22.5.csv
광진구,중랑1팀,3578.중곡동 파크웨이빌딩,2401,2022-05-01,대여소별 이용정보 22.5.csv
서대문구,상암1팀,128. 신촌역(2호선) 1번출구 옆,2402,2022-05-01,대여소별 이용정보 22.5.csv
관악구,이수2팀,2171. 서울대입구역 5번출구,2402,2022-05-01,대여소별 이용정보 22.5.csv
동작구,이수2팀,2060. 남성역3번출구 뒤,2402,2022-05-01,대여소별 이용정보 22.5.csv
강서구,개화3팀,1139. 용문사 버스정류장,2403,2022-05-01,대여소별 이용정보 22.5.csv
강서구,개화2팀,2732.마곡수명산 1-2단지,2405,2022-05-01,대여소별 이용정보 22.5.csv
종로구,세종로2팀,326. 안국역 5번출구 앞,2409,2022-05-01,대여소별 이용정보 22.5.csv
영등포구,영남1팀,265. 영등포유통상가 사거리,2409,2022-05-01,대여소별 이용정보 22.5.csv
송파구,천호2팀,2653.올림픽공원사거리(선수촌아파트),2414,2022-05-01,대여소별 이용정보 22.5.csv
종로구,세종로2팀,314. 국립현대미술관,2414,2022-05-01,대여소별 이용정보 22.5.csv
영등포구,영남3팀,220. 미성아파트 A동 앞,2414,2022-05-01,대여소별 이용정보 22.5.csv
용산구,세종로3팀,815. LIG강촌아파트 103동앞,2417,2022-05-01,대여소별 이용정보 22.5.csv
동작구,영남2팀,2003. 사육신공원앞,2422,2022-05-01,대여소별 이용정보 22.5.csv
종로구,세종로2팀,334. 종로3가역 2번출구 뒤,2426,2022-05-01,대여소별 이용정보 22.5.csv
은평구,상암3팀,933. 역촌종합시장 버스정류장(예일여고 방면),2429,2022-05-01,대여소별 이용정보 22.5.csv
송파구,천호2팀,1226. 잠실4동 주민센터 옆,2430,2022-05-01,대여소별 이용정보 22.5.csv
중랑구,중랑3팀,1450. 화랑대역 7번출구,2434,2022-05-01,대여소별 이용정보 22.5.csv
서초구,이수1팀,2252. 잔디마을 마을버스 정류장,2435,2022-05-01,대여소별 이용정보 22.5.csv
노원구,도봉2팀,2909. 석계역 3번 출구,2436,2022-05-01,대여소별 이용정보 22.5.csv
강동구,천호1팀,1021. 강일동 리슈빌 빌딩앞,2438,2022-05-01,대여소별 이용정보 22.5.csv
강북구,도봉4팀,"1501. 미아역 3번,4번 출구 사이",2438,2022-05-01,대여소별 이용정보 22.5.csv
성동구,중랑2팀,537. 한양대후문역 부근,2439,2022-05-01,대여소별 이용정보 22.5.csv
노원구,도봉1팀,4003. 상계초교 입구 교차로 명주빌딩 앞,2440,2022-05-01,대여소별 이용정보 22.5.csv
중랑구,중랑3팀,1404. 동일로 지하차도,2440,2022-05-01,대여소별 이용정보 22.5.csv
마포구,상암1팀,426. 서울신용보증재단,2443,2022-05-01,대여소별 이용정보 22.5.csv
양천구,개화3팀,700. KB국민은행 염창역 지점 앞,2445,2022-05-01,대여소별 이용정보 22.5.csv
성동구,중랑2팀,508. 성수아카데미타워 앞,2445,2022-05-01,대여소별 이용정보 22.5.csv
중랑구,중랑3팀,1433. 중화역 2번출구,2445,2022-05-01,대여소별 이용정보 22.5.csv
중구,세종로2팀,398. 을지로3가역 3번출구,2446,2022-05-01,대여소별 이용정보 22.5.csv
관악구,영남2팀,2175. 신림동걷고싶은문화의거리입구,2453,2022-05-01,대여소별 이용정보 22.5.csv
노원구,도봉1팀,1657. 노원구청,2454,2022-05-01,대여소별 이용정보 22.5.csv
중랑구,중랑3팀,1416. 상봉역 3번출구,2460,2022-05-01,대여소별 이용정보 22.5.csv
동작구,영남2팀,2056. 동작구민 체육센터,2464,2022-05-01,대여소별 이용정보 22.5.csv
강서구,개화2팀,3759. 이대서울병원,2465,2022-05-01,대여소별 이용정보 22.5.csv
종로구,훈련원1팀,3415.동대문역6번출구,2473,2022-05-01,대여소별 이용정보 22.5.csv
구로구,천왕2팀,3905. 희훈타워빌 앞,2475,2022-05-01,대여소별 이용정보 22.5.csv
강서구,개화1팀,3757. 신방화역 6번출구,2476,2022-05-01,대여소별 이용정보 22.5.csv
관악구,영남2팀,3811.신사로입구,2478,2022-05-01,대여소별 이용정보 22.5.csv
강서구,개화3팀,1172. 가양3동 주민센터,2481,2022-05-01,대여소별 이용정보 22.5.csv
영등포구,영남3팀,3212.신풍역 6번출구,2488,2022-05-01,대여소별 이용정보 22.5.csv
송파구,천호2팀,1227. 거여역 8번출구 뒤,2489,2022-05-01,대여소별 이용정보 22.5.csv
도봉구,도봉3팀,1737. 하나은행 (창동점),2491,2022-05-01,대여소별 이용정보 22.5.csv
광진구,중랑1팀,546. 잠실대교북단 교차로,2499,2022-05-01,대여소별 이용정보 22.5.csv
영등포구,영남3팀,201. 진미파라곤 앞,2500,2022-05-01,대여소별 이용정보 22.5.csv
성북구,훈련원2팀,4418. 종암동 동덕여대 제2생활관 앞,2500,2022-05-01,대여소별 이용정보 22.5.csv
종로구,훈련원1팀,3413.종로플레이스,2501,2022-05-01,대여소별 이용정보 22.5.csv
양천구,개화3팀,768.목동5단지아파트 501동,2501,2022-05-01,대여소별 이용정보 22.5.csv
성북구,훈련원2팀,1359. 장위뉴타운 꿈에 숲 코오롱 하늘채 앞,2504,2022-05-01,대여소별 이용정보 22.5.csv
종로구,세종로1팀,308. 광화문 S타워 앞,2506,2022-05-01,대여소별 이용정보 22.5.csv
양천구,개화3팀,"773.염창역 3, 4번 출구 사이",2507,2022-05-01,대여소별 이용정보 22.5.csv
구로구,천왕2팀,2000. 신도림4차 e편한세상 아파트 1109동 앞,2508,2022-05-01,대여소별 이용정보 22.5.csv
성동구,중랑2팀,582. 경일중학교 앞,2522,2022-05-01,대여소별 이용정보 22.5.csv
성동구,중랑2팀,3550.금호나들목,2526,2022-05-01,대여소별 이용정보 22.5.csv
양천구,영남1팀,796.목동아파트 14단지 B상가 앞,2528,2022-05-01,대여소별 이용정보 22.5.csv
노원구,도봉2팀,1683. 노원문화예술회관,2531,2022-05-01,대여소별 이용정보 22.5.csv
강북구,도봉4팀,1552. 강북구청사거리(던킨도너츠 앞),2532,2022-05-01,대여소별 이용정보 22.5.csv
서대문구,상암2팀,3119.연희 브라운스톤 아파트 앞,2534,2022-05-01,대여소별 이용정보 22.5.csv
노원구,도봉1팀,1689. 마들역 3번출구,2534,2022-05-01,대여소별 이용정보 22.5.csv
영등포구,영남1팀,3205.문래현대2차,2542,2022-05-01,대여소별 이용정보 22.5.csv
용산구,세종로3팀,4633. 센트럴파크타워 앞,2542,2022-05-01,대여소별 이용정보 22.5.csv
강서구,개화2팀,3764. 관문주유소(GS칼택스) 앞,2549,2022-05-01,대여소별 이용정보 22.5.csv
송파구,학여울2팀,1245. 문정 법조단지9,2549,2022-05-01,대여소별 이용정보 22.5.csv
서대문구,상암1팀,116. 일진아이윌아파트 옆,2550,2022-05-01,대여소별 이용정보 22.5.csv
송파구,천호2팀,4500. 풍납나들목,2552,2022-05-01,대여소별 이용정보 22.5.csv
영등포구,영남3팀,225. 앙카라공원 앞,2552,2022-05-01,대여소별 이용정보 22.5.csv
구로구,천왕2팀,1901. 신도림동주민센터 앞,2554,2022-05-01,대여소별 이용정보 22.5.csv
영등포구,영남1팀,238. 제2구민체육센타 앞,2555,2022-05-01,대여소별 이용정보 22.5.csv
양천구,개화3팀,766. 신목동역 3번출구,2556,2022-05-01,대여소별 이용정보 22.5.csv
성북구,훈련원2팀,1369. 미아사거리,2564,2022-05-01,대여소별 이용정보 22.5.csv
성북구,훈련원2팀,1384.성신여대입구역 5번출구,2572,2022-05-01,대여소별 이용정보 22.5.csv
노원구,도봉1팀,1690. 도봉운전면허시험장 버스정류장 옆,2573,2022-05-01,대여소별 이용정보 22.5.csv
마포구,상암1팀,104. 합정역 1번출구 앞,2579,2022-05-01,대여소별 이용정보 22.5.csv
마포구,상암1팀,157. 애오개역 4번출구 앞,2581,2022-05-01,대여소별 이용정보 22.5.csv
강서구,개화1팀,2724.(재)FITI시험연구원,2582,2022-05-01,대여소별 이용정보 22.5.csv
마포구,상암1팀,4218. 디지털매직스페이스,2584,2022-05-01,대여소별 이용정보 22.5.csv
관악구,영남2팀,2164. 관악우체국,2600,2022-05-01,대여소별 이용정보 22.5.csv
영등포구,영남1팀,4594. 양평교 영등포대여소,2604,2022-05-01,대여소별 이용정보 22.5.csv
성동구,중랑2팀,3560.성동구 견인차량 보관소 앞,2605,2022-05-01,대여소별 이용정보 22.5.csv
노원구,도봉2팀,4013. 중계 롯데마트,2607,2022-05-01,대여소별 이용정보 22.5.csv
송파구,학여울2팀,1269. 리센츠아파트,2608,2022-05-01,대여소별 이용정보 22.5.csv
종로구,세종로2팀,329. 청계2가 사거리 옆,2611,2022-05-01,대여소별 이용정보 22.5.csv
중구,훈련원1팀,374. 청구역 2번출구 앞,2617,2022-05-01,대여소별 이용정보 22.5.csv
양천구,개화3팀,702. 목4동주민센터 옆,2618,2022-05-01,대여소별 이용정보 22.5.csv
종로구,세종로1팀,369. 광화문 시민열린마당,2619,2022-05-01,대여소별 이용정보 22.5.csv
동대문구,훈련원3팀,650. 중랑교사거리,2621,2022-05-01,대여소별 이용정보 22.5.csv
양천구,영남1팀,756. 목동주차장,2627,2022-05-01,대여소별 이용정보 22.5.csv
동작구,영남2팀,2067. 보라매역?동작세무서 버스정류장(강남중학교방면),2629,2022-05-01,대여소별 이용정보 22.5.csv
송파구,학여울2팀,4876. 삼전동주민센터 앞,2630,2022-05-01,대여소별 이용정보 22.5.csv
영등포구,영남3팀,252. 보라매역4번출구,2631,2022-05-01,대여소별 이용정보 22.5.csv
노원구,도봉1팀,1661. 당현천근린공원,2635,2022-05-01,대여소별 이용정보 22.5.csv
종로구,세종로2팀,3407.안국동사거리(신),2645,2022-05-01,대여소별 이용정보 22.5.csv
강동구,천호1팀,1035. 고덕역 4번출구,2646,2022-05-01,대여소별 이용정보 22.5.csv
강동구,천호1팀,1004. 삼성광나루아파트 버스정류장,2647,2022-05-01,대여소별 이용정보 22.5.csv
강동구,천호1팀,1076. 천동초교입구사거리 버스정류장(십자성마을 방면),2647,2022-05-01,대여소별 이용정보 22.5.csv
광진구,중랑1팀,3586.군자역 비채온 오피스텔,2649,2022-05-01,대여소별 이용정보 22.5.csv
용산구,세종로 4팀,834. 효창공원앞역 3번출구 뒤,2649,2022-05-01,대여소별 이용정보 22.5.csv
중랑구,중랑3팀,4813. 망우지구대,2650,2022-05-01,대여소별 이용정보 22.5.csv
성동구,중랑2팀,550. 서울시설공단 앞,2651,2022-05-01,대여소별 이용정보 22.5.csv
마포구,상암1팀,414. 상암동주민센터 옆,2653,2022-05-01,대여소별 이용정보 22.5.csv
송파구,학여울2팀,4465. 건영아파트앞 사거리,2653,2022-05-01,대여소별 이용정보 22.5.csv
동대문구,훈련원3팀,615. 용두동 래미안허브리츠아파트 앞,2657,2022-05-01,대여소별 이용정보 22.5.csv
송파구,천호2팀,2638.쌍용아파트,2659,2022-05-01,대여소별 이용정보 22.5.csv
광진구,중랑2팀,3506. 영동대교 북단,2663,2022-05-01,대여소별 이용정보 22.5.csv
종로구,훈련원1팀,3422.성균관대 정문,2664,2022-05-01,대여소별 이용정보 22.5.csv
중구,훈련원1팀,4765. 동대문디자인플라자,2664,2022-05-01,대여소별 이용정보 22.5.csv
은평구,상암3팀,950. 구산역 2번 출구 예일여고 버스정류장,2665,2022-05-01,대여소별 이용정보 22.5.csv
마포구,상암1팀,439. 마포어린이공원,2666,2022-05-01,대여소별 이용정보 22.5.csv
동작구,이수2팀,2032. 이수역 11번출구쪽,2666,2022-05-01,대여소별 이용정보 22.5.csv
송파구,천호2팀,1212. 송파역 2번 출구앞,2669,2022-05-01,대여소별 이용정보 22.5.csv
동대문구,훈련원4팀,626. 군자교 서측 녹지대,2671,2022-05-01,대여소별 이용정보 22.5.csv
송파구,천호2팀,1204. 거여역 3번출구,2673,2022-05-01,대여소별 이용정보 22.5.csv
양천구,개화3팀,719. 홍익병원앞 교차로,2674,2022-05-01,대여소별 이용정보 22.5.csv
송파구,학여울2팀,2605. 복정역 1번 출구 앞,2675,2022-05-01,대여소별 이용정보 22.5.csv
영등포구,영남3팀,4575. 대림동 e편한세상영등포아델포레,2676,2022-05-01,대여소별 이용정보 22.5.csv
송파구,천호2팀,1259. 방이역 1번출구,2677,2022-05-01,대여소별 이용정보 22.5.csv
중구,훈련원1팀,4798. 황학동롯데캐슬,2678,2022-05-01,대여소별 이용정보 22.5.csv
영등포구,영남3팀,258. 신길역3번출구,2686,2022-05-01,대여소별 이용정보 22.5.csv
용산구,세종로 4팀,838. 숙대입구역 4번출구,2689,2022-05-01,대여소별 이용정보 22.5.csv
강남구,학여울1팀,2335. 3호선 매봉역 3번출구앞,2691,2022-05-01,대여소별 이용정보 22.5.csv
은평구,상암2팀,915. 증산역 4번출구,2693,2022-05-01,대여소별 이용정보 22.5.csv
동작구,영남2팀,2070. 노량진역 2번 출구 앞,2694,2022-05-01,대여소별 이용정보 22.5.csv
강서구,개화3팀,1169. 염창역 1번 출구,2696,2022-05-01,대여소별 이용정보 22.5.csv
노원구,도봉2팀,4008. 하계 어린이 공원,2697,2022-05-01,대여소별 이용정보 22.5.csv
강서구,개화2팀,3760. 발산역 8번 출구,2698,2022-05-01,대여소별 이용정보 22.5.csv
영등포구,영남3팀,226. 샛강역 1번출구 앞,2700,2022-05-01,대여소별 이용정보 22.5.csv
관악구,영남2팀,2106. 세이브마트,2702,2022-05-01,대여소별 이용정보 22.5.csv
노원구,도봉2팀,4041. 공릉역3번출구,2705,2022-05-01,대여소별 이용정보 22.5.csv
광진구,중랑1팀,577. 광진청소년수련관,2708,2022-05-01,대여소별 이용정보 22.5.csv
금천구,천왕3팀,1824. 독산근린공원 입구,2708,2022-05-01,대여소별 이용정보 22.5.csv
동대문구,훈련원3팀,660. 동의보감타워,2708,2022-05-01,대여소별 이용정보 22.5.csv
노원구,도봉2팀,1677. 육군사관학교 앞,2713,2022-05-01,대여소별 이용정보 22.5.csv
성동구,중랑2팀,4381. 더스페이스타워 앞,2713,2022-05-01,대여소별 이용정보 22.5.csv
송파구,천호1팀,1208. 풍납현대아파트쉼터,2717,2022-05-01,대여소별 이용정보 22.5.csv
송파구,학여울2팀,2618. 삼전역 1번출구,2720,2022-05-01,대여소별 이용정보 22.5.csv
노원구,도봉2팀,1669. 중계역 3번출구,2720,2022-05-01,대여소별 이용정보 22.5.csv
노원구,도봉1팀,2913.상계8동 주민센터,2720,2022-05-01,대여소별 이용정보 22.5.csv
송파구,학여울2팀,1224. 아시아지하보도 2번 출구,2723,2022-05-01,대여소별 이용정보 22.5.csv
구로구,천왕2팀,1958. 강서수도사업소민원센터,2724,2022-05-01,대여소별 이용정보 22.5.csv
중랑구,중랑3팀,1455. 상봉역 2번 출구,2726,2022-05-01,대여소별 이용정보 22.5.csv
성북구,훈련원2팀,4408. 돌곶이역 앞,2726,2022-05-01,대여소별 이용정보 22.5.csv
영등포구,영남3팀,221. 여의도초교 앞,2727,2022-05-01,대여소별 이용정보 22.5.csv
영등포구,영남3팀,214. 금융감독원 앞,2728,2022-05-01,대여소별 이용정보 22.5.csv
강동구,천호1팀,1022. 길동 사거리(초소앞),2730,2022-05-01,대여소별 이용정보 22.5.csv
노원구,도봉2팀,2908. 광운대학교 중앙도서관,2731,2022-05-01,대여소별 이용정보 22.5.csv
양천구,개화3팀,793.목동5단지아파트 534동,2731,2022-05-01,대여소별 이용정보 22.5.csv
강서구,개화2팀,5070. 마곡13단지힐스테이트마스터 후문(1320동 앞),2733,2022-05-01,대여소별 이용정보 22.5.csv
동대문구,훈련원3팀,674.고대앞사거리 교통섬,2737,2022-05-01,대여소별 이용정보 22.5.csv
마포구,상암1팀,107. 신한은행 서교동지점,2740,2022-05-01,대여소별 이용정보 22.5.csv
강동구,천호1팀,1017. 둔촌고교입구 교차로(길동주민센터 방면),2742,2022-05-01,대여소별 이용정보 22.5.csv
강북구,도봉4팀,1529. 미아동 한국전력공사,2747,2022-05-01,대여소별 이용정보 22.5.csv
영등포구,영남3팀,203. 국회의사당역 3번출구 옆,2762,2022-05-01,대여소별 이용정보 22.5.csv
중랑구,중랑3팀,1462.동부시장 북문 앞,2767,2022-05-01,대여소별 이용정보 22.5.csv
강서구,개화2팀,1128. 화곡역 6번출구,2768,2022-05-01,대여소별 이용정보 22.5.csv
노원구,도봉2팀,1602. 광운대역 앞,2769,2022-05-01,대여소별 이용정보 22.5.csv
광진구,중랑1팀,573. 구의문주차장 앞,2771,2022-05-01,대여소별 이용정보 22.5.csv
마포구,상암1팀,181. 망원초록길 입구,2778,2022-05-01,대여소별 이용정보 22.5.csv
양천구,영남1팀,786.목동아파트 8단지 상가동 앞,2779,2022-05-01,대여소별 이용정보 22.5.csv
광진구,중랑1팀,3573.광나루안전체험관,2779,2022-05-01,대여소별 이용정보 22.5.csv
성동구,중랑2팀,521. 왕십리역 11번 출구 앞,2782,2022-05-01,대여소별 이용정보 22.5.csv
성동구,중랑2팀,529. 장한평역 8번 출구 앞,2786,2022-05-01,대여소별 이용정보 22.5.csv
강서구,개화1팀,2706.강서공업고등학교 앞,2793,2022-05-01,대여소별 이용정보 22.5.csv
송파구,학여울2팀,1246. 문정 법조단지10,2794,2022-05-01,대여소별 이용정보 22.5.csv
성동구,중랑2팀,4382. 페코텍글로벌허브빌딩 앞,2795,2022-05-01,대여소별 이용정보 22.5.csv
성북구,훈련원2팀,1306. 한성대입구역2번출구,2796,2022-05-01,대여소별 이용정보 22.5.csv
성동구,중랑2팀,578. 성동세무서 부근,2797,2022-05-01,대여소별 이용정보 22.5.csv
마포구,상암1팀,153. 성산2교 사거리,2806,2022-05-01,대여소별 이용정보 22.5.csv
강동구,천호1팀,1001. 광진교 남단 사거리(천호공원 방면),2807,2022-05-01,대여소별 이용정보 22.5.csv
동작구,영남2팀,2013. 장승배기역 5번출구,2807,2022-05-01,대여소별 이용정보 22.5.csv
성동구,중랑2팀,511. 서울숲역 5번 출구 옆,2812,2022-05-01,대여소별 이용정보 22.5.csv
노원구,도봉2팀,1619. 중계동 하나프라자빌딩 앞(중1-1),2815,2022-05-01,대여소별 이용정보 22.5.csv
영등포구,영남1팀,290. 당산동 SK V1 빌딩,2816,2022-05-01,대여소별 이용정보 22.5.csv
중랑구,중랑3팀,1442. 중랑구 중소기업 창업센터,2817,2022-05-01,대여소별 이용정보 22.5.csv
은평구,상암3팀,911. 은평평화공원(역촌역4번출구),2821,2022-05-01,대여소별 이용정보 22.5.csv
동대문구,훈련원3팀,635. 시조사 앞 (청량고정문 옆),2823,2022-05-01,대여소별 이용정보 22.5.csv
도봉구,도봉3팀,1738. 창동주공17단지 상가앞,2829,2022-05-01,대여소별 이용정보 22.5.csv
양천구,개화3팀,4527. 목동신시가지아파트6단지,2829,2022-05-01,대여소별 이용정보 22.5.csv
종로구,세종로2팀,316. 종각역 1번출구 앞,2831,2022-05-01,대여소별 이용정보 22.5.csv
강서구,개화3팀,3794. 안양천합수부(현대3차아파트),2834,2022-05-01,대여소별 이용정보 22.5.csv
강서구,개화2팀,3796. 송정역 3번출구 앞,2835,2022-05-01,대여소별 이용정보 22.5.csv
서초구,이수2팀,2230.이수역 4번 출구,2835,2022-05-01,대여소별 이용정보 22.5.csv
성동구,중랑2팀,563. 성동세무서 건너편,2839,2022-05-01,대여소별 이용정보 22.5.csv
강서구,개화2팀,2718.마곡수명산파크1단지,2839,2022-05-01,대여소별 이용정보 22.5.csv
영등포구,영남1팀,267. 삼성화재 사옥 옆,2839,2022-05-01,대여소별 이용정보 22.5.csv
동대문구,훈련원4팀,678.장안힐스테이트(아) 앞,2840,2022-05-01,대여소별 이용정보 22.5.csv
영등포구,영남1팀,244. 영등포삼환아파트 앞,2846,2022-05-01,대여소별 이용정보 22.5.csv
강서구,개화1팀,1113. 서남환경공원 버스정류장,2847,2022-05-01,대여소별 이용정보 22.5.csv
용산구,세종로3팀,816. 신용산역 6번출구 앞,2847,2022-05-01,대여소별 이용정보 22.5.csv
노원구,도봉1팀,5301. 상계주공1단지 버스정류장 옆(대원빌딩 앞),2848,2022-05-01,대여소별 이용정보 22.5.csv
양천구,개화3팀,747. 목동3단지 상가,2851,2022-05-01,대여소별 이용정보 22.5.csv
강서구,개화1팀,5064. 양천향교역8번출구,2851,2022-05-01,대여소별 이용정보 22.5.csv
중랑구,중랑3팀,1401. 극동늘푸른아파트,2853,2022-05-01,대여소별 이용정보 22.5.csv
양천구,천왕1팀,4535. 목동12단지 아파트,2857,2022-05-01,대여소별 이용정보 22.5.csv
강동구,천호1팀,1013. 강동구청역 1번 출입구,2859,2022-05-01,대여소별 이용정보 22.5.csv
동대문구,훈련원3팀,609. 제기2교,2861,2022-05-01,대여소별 이용정보 22.5.csv
성동구,중랑2팀,3548.뚝섬역 6번출구,2866,2022-05-01,대여소별 이용정보 22.5.csv
강서구,개화2팀,5061. 우장산동 가곡어린이공원앞,2867,2022-05-01,대여소별 이용정보 22.5.csv
강서구,개화1팀,2722.마곡 문영비지웍스,2867,2022-05-01,대여소별 이용정보 22.5.csv
송파구,학여울2팀,1235. 잠실트리지움310동 옆,2867,2022-05-01,대여소별 이용정보 22.5.csv
노원구,도봉1팀,1668. 중계역 6번출구,2868,2022-05-01,대여소별 이용정보 22.5.csv
노원구,도봉1팀,4037. 물넘이교,2869,2022-05-01,대여소별 이용정보 22.5.csv
마포구,상암1팀,119. 서강나루 공원,2870,2022-05-01,대여소별 이용정보 22.5.csv
구로구,천왕1팀,1977. 천왕역 1번 출입구 앞,2871,2022-05-01,대여소별 이용정보 22.5.csv
구로구,천왕2팀,1912. 한신휴아파트 앞,2877,2022-05-01,대여소별 이용정보 22.5.csv
종로구,훈련원1팀,362. 청계8가 사거리,2882,2022-05-01,대여소별 이용정보 22.5.csv
송파구,천호2팀,4486. 홈플러스 잠실점,2884,2022-05-01,대여소별 이용정보 22.5.csv
송파구,천호2팀,1215. 올림픽공원역 1번출구 앞,2885,2022-05-01,대여소별 이용정보 22.5.csv
강동구,천호1팀,1047. 강동 한신휴플러스,2897,2022-05-01,대여소별 이용정보 22.5.csv
노원구,도봉1팀,1656. 중앙하이츠 아파트 입구,2899,2022-05-01,대여소별 이용정보 22.5.csv
송파구,천호2팀,4484. 잠실나루역4번출구뒤,2901,2022-05-01,대여소별 이용정보 22.5.csv
용산구,세종로3팀,860.LG한강 자이아파트 앞,2911,2022-05-01,대여소별 이용정보 22.5.csv
마포구,상암1팀,4220. 신촌 청년주택,2912,2022-05-01,대여소별 이용정보 22.5.csv
동대문구,훈련원4팀,642. 신답역 사거리,2916,2022-05-01,대여소별 이용정보 22.5.csv
노원구,도봉2팀,1616. 하계2동 공항버스정류장 옆,2921,2022-05-01,대여소별 이용정보 22.5.csv
송파구,학여울2팀,4897. 잠실주공5단지1,2922,2022-05-01,대여소별 이용정보 22.5.csv
양천구,영남1팀,4514. 목동성당 앞,2926,2022-05-01,대여소별 이용정보 22.5.csv
양천구,개화4팀,794.양천문화회관,2928,2022-05-01,대여소별 이용정보 22.5.csv
광진구,중랑1팀,543. 구의공원(테크노마트 앞),2939,2022-05-01,대여소별 이용정보 22.5.csv
용산구,세종로 4팀,818. 숙명여대 입구 교차로,2940,2022-05-01,대여소별 이용정보 22.5.csv
마포구,상암1팀,417. DMC역 2번출구 옆,2943,2022-05-01,대여소별 이용정보 22.5.csv
강서구,개화3팀,1140. 목동사거리 버스정류장,2945,2022-05-01,대여소별 이용정보 22.5.csv
강동구,천호1팀,3671. 둔촌동역교차로,2950,2022-05-01,대여소별 이용정보 22.5.csv
중구,훈련원1팀,474.동대문역사문화공원역 1번출구 뒤편,2951,2022-05-01,대여소별 이용정보 22.5.csv
강서구,개화2팀,"5074. 마곡엠밸리14단지 버스정류장(마곡엠밸리11,12단지상가방면)",2954,2022-05-01,대여소별 이용정보 22.5.csv
강동구,천호1팀,3657. 서울천호동우체국,2958,2022-05-01,대여소별 이용정보 22.5.csv
영등포구,영남1팀,296.KT플라자 영등포점,2963,2022-05-01,대여소별 이용정보 22.5.csv
성북구,훈련원2팀,1380.월곡역 5번출구 앞,2970,2022-05-01,대여소별 이용정보 22.5.csv
강서구,개화1팀,3778. 김포공항입구 교차로,2970,2022-05-01,대여소별 이용정보 22.5.csv
구로구,천왕1팀,1988. 고척LIGA아파트 앞,2991,2022-05-01,대여소별 이용정보 22.5.csv
영등포구,영남3팀,215. 여의도고교 앞,2994,2022-05-01,대여소별 이용정보 22.5.csv
서초구,이수3팀,2265. 이수고가차도 남단,2997,2022-05-01,대여소별 이용정보 22.5.csv
강서구,개화1팀,1155. 기쁜우리복지관,3000,2022-05-01,대여소별 이용정보 22.5.csv
송파구,천호2팀,4859. 잠실나루 나들목,3002,2022-05-01,대여소별 이용정보 22.5.csv
송파구,천호2팀,2630.서울방이동 고분군,3003,2022-05-01,대여소별 이용정보 22.5.csv
강남구,학여울1팀,2306. 압구정역 2번 출구 옆,3004,2022-05-01,대여소별 이용정보 22.5.csv
마포구,상암1팀,3009.서교동사거리(신),3006,2022-05-01,대여소별 이용정보 22.5.csv
도봉구,도봉3팀,1720. 도봉구청 옆(중랑천변),3006,2022-05-01,대여소별 이용정보 22.5.csv
서초구,이수2팀,2222.사당역 12번출구 뒤,3009,2022-05-01,대여소별 이용정보 22.5.csv
종로구,훈련원1팀,363. 신설동역 11번출구 뒤,3011,2022-05-01,대여소별 이용정보 22.5.csv
광진구,중랑1팀,593.자양중앙나들목,3013,2022-05-01,대여소별 이용정보 22.5.csv
노원구,도봉1팀,1688. 마들역 7번출구,3019,2022-05-01,대여소별 이용정보 22.5.csv
노원구,도봉2팀,4007. 노원 을지대학교 병원,3021,2022-05-01,대여소별 이용정보 22.5.csv
마포구,상암1팀,148. 용강동 주민센터 앞,3023,2022-05-01,대여소별 이용정보 22.5.csv
종로구,훈련원1팀,3416.동묘앞역 6번출구,3024,2022-05-01,대여소별 이용정보 22.5.csv
영등포구,영남3팀,4568. 영등포로터리,3028,2022-05-01,대여소별 이용정보 22.5.csv
송파구,학여울2팀,1221. 삼전역 4번출구,3034,2022-05-01,대여소별 이용정보 22.5.csv
성동구,중랑2팀,3513. 상왕십리역 1번출구,3034,2022-05-01,대여소별 이용정보 22.5.csv
도봉구,도봉3팀,1742. 북한산 코오롱 하늘채,3035,2022-05-01,대여소별 이용정보 22.5.csv
노원구,도봉2팀,2912.대진고등학교,3040,2022-05-01,대여소별 이용정보 22.5.csv
동대문구,훈련원4팀,623. 서울시립대 정문 앞,3041,2022-05-01,대여소별 이용정보 22.5.csv
강서구,개화2팀,1192. 마곡수명산파크 209동 건너편,3048,2022-05-01,대여소별 이용정보 22.5.csv
강서구,개화3팀,1120. 대림경동아파트앞,3049,2022-05-01,대여소별 이용정보 22.5.csv
강동구,천호1팀,1077.강동역 1번출구 앞,3049,2022-05-01,대여소별 이용정보 22.5.csv
마포구,상암1팀,493.홍대입구역 6번출구,3050,2022-05-01,대여소별 이용정보 22.5.csv
노원구,도봉2팀,2910.도깨비시장,3051,2022-05-01,대여소별 이용정보 22.5.csv
강서구,개화1팀,2729.넥센 유니버시티 앞,3051,2022-05-01,대여소별 이용정보 22.5.csv
마포구,상암1팀,4213. 마포구중앙도서관 정문 앞,3052,2022-05-01,대여소별 이용정보 22.5.csv
송파구,천호2팀,1282. 송파소방서 맞은편(성내4교),3055,2022-05-01,대여소별 이용정보 22.5.csv
중랑구,중랑3팀,1448. 코스트코 상봉점,3056,2022-05-01,대여소별 이용정보 22.5.csv
성북구,훈련원2팀,1332. 석계역 5번출구 건너편,3056,2022-05-01,대여소별 이용정보 22.5.csv
서대문구,상암2팀,175. 홍연2교옆,3058,2022-05-01,대여소별 이용정보 22.5.csv
동대문구,훈련원3팀,4125. 회기역 2-①번출구,3061,2022-05-01,대여소별 이용정보 22.5.csv
성동구,중랑2팀,3552.서울숲 공영주차장앞,3062,2022-05-01,대여소별 이용정보 22.5.csv
광진구,중랑1팀,3517. 용마사거리,3062,2022-05-01,대여소별 이용정보 22.5.csv
성북구,훈련원2팀,1381.석계역 4번출구 뒤,3063,2022-05-01,대여소별 이용정보 22.5.csv
금천구,천왕3팀,3966. 독산역1번출구 옆,3064,2022-05-01,대여소별 이용정보 22.5.csv
강서구,개화3팀,1132. 등촌역 7번출구,3079,2022-05-01,대여소별 이용정보 22.5.csv
동대문구,훈련원4팀,4121. 서울문화재단 앞,3082,2022-05-01,대여소별 이용정보 22.5.csv
도봉구,도봉3팀,1741. 제일강산수산입구,3088,2022-05-01,대여소별 이용정보 22.5.csv
용산구,세종로3팀,841. 신용산역 1번 출구,3093,2022-05-01,대여소별 이용정보 22.5.csv
마포구,상암1팀,108. 서교동 사거리,3099,2022-05-01,대여소별 이용정보 22.5.csv
은평구,상암2팀,956. 응암시장교차로,3105,2022-05-01,대여소별 이용정보 22.5.csv
광진구,중랑1팀,590. 건국대학교 (입학정보관),3112,2022-05-01,대여소별 이용정보 22.5.csv
양천구,영남1팀,731. 서울시 도로환경관리센터,3116,2022-05-01,대여소별 이용정보 22.5.csv
동작구,영남2팀,2059. 보라매공원 정문,3117,2022-05-01,대여소별 이용정보 22.5.csv
영등포구,영남3팀,224. 롯데캐슬 앞,3120,2022-05-01,대여소별 이용정보 22.5.csv
성동구,중랑2팀,4353. 코오롱디지털타워 3차앞,3122,2022-05-01,대여소별 이용정보 22.5.csv
성북구,훈련원2팀,1354. 고려대학교 2번출구,3122,2022-05-01,대여소별 이용정보 22.5.csv
강서구,개화3팀,1119. 염창동 한마음아파트 앞,3125,2022-05-01,대여소별 이용정보 22.5.csv
송파구,학여울2팀,4453. 위례중앙푸르지오 201동 앞,3127,2022-05-01,대여소별 이용정보 22.5.csv
성북구,훈련원2팀,1351. 안암2교 옆,3130,2022-05-01,대여소별 이용정보 22.5.csv
구로구,천왕2팀,2801. 대륭포스트타워1차,3132,2022-05-01,대여소별 이용정보 22.5.csv
성동구,중랑2팀,3544.한양대역 3번 출구,3132,2022-05-01,대여소별 이용정보 22.5.csv
광진구,중랑1팀,3520. 광진경찰서,3150,2022-05-01,대여소별 이용정보 22.5.csv
강남구,이수1팀,2340. 삼호물산버스정류장(23370) 옆,3153,2022-05-01,대여소별 이용정보 22.5.csv
서초구,이수1팀,2255.시민의숲역 1번출구 옆,3155,2022-05-01,대여소별 이용정보 22.5.csv
강서구,개화1팀,1150. 송정역 1번출구,3156,2022-05-01,대여소별 이용정보 22.5.csv
노원구,도봉2팀,1655. 공릉1단지아파트,3157,2022-05-01,대여소별 이용정보 22.5.csv
강서구,개화2팀,1126. 우장산역 1번출구옆(우장산아이파크105동앞),3160,2022-05-01,대여소별 이용정보 22.5.csv
송파구,학여울2팀,2619. 석촌고분역 4번출구,3163,2022-05-01,대여소별 이용정보 22.5.csv
영등포구,영남1팀,4553. 당산삼성2차아파트,3163,2022-05-01,대여소별 이용정보 22.5.csv
중구,세종로1팀,4768. 서울도시건축전시관,3167,2022-05-01,대여소별 이용정보 22.5.csv
광진구,중랑1팀,539. 군자교교차로,3176,2022-05-01,대여소별 이용정보 22.5.csv
성동구,중랑2팀,525. 한양대병원사거리,3188,2022-05-01,대여소별 이용정보 22.5.csv
마포구,상암1팀,487.신석초교앞 교차로 교통섬,3188,2022-05-01,대여소별 이용정보 22.5.csv
강서구,개화1팀,1111. 마곡엠밸리6_7단지 마곡중학교,3194,2022-05-01,대여소별 이용정보 22.5.csv
송파구,천호2팀,4481. 올림픽공원 북2문 2,3197,2022-05-01,대여소별 이용정보 22.5.csv
광진구,중랑1팀,501. 광진구의회 앞,3206,2022-05-01,대여소별 이용정보 22.5.csv
송파구,천호2팀,2628.문정역 1번출구,3212,2022-05-01,대여소별 이용정보 22.5.csv
은평구,상암2팀,912. 응암오거리,3212,2022-05-01,대여소별 이용정보 22.5.csv
양천구,개화4팀,795.양천 해누리타운,3215,2022-05-01,대여소별 이용정보 22.5.csv
강동구,천호1팀,1048. 둔촌어린이공원,3217,2022-05-01,대여소별 이용정보 22.5.csv
강서구,개화2팀,1127. 화곡역 버스정류장,3225,2022-05-01,대여소별 이용정보 22.5.csv
양천구,영남1팀,771.목동아파트 703동 앞,3230,2022-05-01,대여소별 이용정보 22.5.csv
관악구,영남2팀,2140. 신림1교 교차로,3231,2022-05-01,대여소별 이용정보 22.5.csv
서초구,이수3팀,2220. 반포본동 주민센터 앞,3238,2022-05-01,대여소별 이용정보 22.5.csv
노원구,도봉1팀,1686. 상계주공10단지 종합상가 앞,3242,2022-05-01,대여소별 이용정보 22.5.csv
성동구,중랑2팀,560. 비전교회 앞,3246,2022-05-01,대여소별 이용정보 22.5.csv
송파구,학여울2팀,1220. 잠실근린공원,3264,2022-05-01,대여소별 이용정보 22.5.csv
강동구,천호1팀,3664. 맥도날드 서울둔촌DT점 앞,3265,2022-05-01,대여소별 이용정보 22.5.csv
양천구,개화3팀,4531. 목동아파트 613동 앞,3266,2022-05-01,대여소별 이용정보 22.5.csv
광진구,중랑1팀,3536. 중앙농협(자양동),3274,2022-05-01,대여소별 이용정보 22.5.csv
영등포구,영남3팀,248. 초원아파트 앞,3275,2022-05-01,대여소별 이용정보 22.5.csv
광진구,중랑1팀,542. 강변역 4번출구 뒤,3275,2022-05-01,대여소별 이용정보 22.5.csv
종로구,훈련원1팀,3421.혜화역 1번출구,3276,2022-05-01,대여소별 이용정보 22.5.csv
성동구,중랑2팀,514. 성수사거리 버스정류장 앞,3278,2022-05-01,대여소별 이용정보 22.5.csv
영등포구,영남3팀,4559. 신길역 2번출구,3280,2022-05-01,대여소별 이용정보 22.5.csv
은평구,상암3팀,905. 구파발역 2번출구,3287,2022-05-01,대여소별 이용정보 22.5.csv
영등포구,영남1팀,280. 양평동6차현대아파트 앞,3289,2022-05-01,대여소별 이용정보 22.5.csv
마포구,상암1팀,421. 마포구청 앞,3289,2022-05-01,대여소별 이용정보 22.5.csv
송파구,천호2팀,1278. 송파구청 교차로,3292,2022-05-01,대여소별 이용정보 22.5.csv
양천구,천왕1팀,788.양천구청역 2번출구 옆,3295,2022-05-01,대여소별 이용정보 22.5.csv
강동구,천호1팀,1023. 한국종합기술사옥 앞,3307,2022-05-01,대여소별 이용정보 22.5.csv
양천구,개화4팀,4515. 동문굿모닝탑,3307,2022-05-01,대여소별 이용정보 22.5.csv
성동구,중랑2팀,561. 서울숲역 2번출구 앞,3314,2022-05-01,대여소별 이용정보 22.5.csv
영등포구,영남1팀,232. 양평우림 이비즈센타 앞,3317,2022-05-01,대여소별 이용정보 22.5.csv
광진구,중랑1팀,3582.화양동 우체국,3326,2022-05-01,대여소별 이용정보 22.5.csv
강서구,개화1팀,1163. 방화동강서기동대앞,3327,2022-05-01,대여소별 이용정보 22.5.csv
서대문구,상암2팀,123. 문화촌 공원,3330,2022-05-01,대여소별 이용정보 22.5.csv
노원구,도봉1팀,1636. 상계주공2단지 버스정류장 옆,3330,2022-05-01,대여소별 이용정보 22.5.csv
중랑구,중랑3팀,1458. 상봉터미널2,3332,2022-05-01,대여소별 이용정보 22.5.csv
종로구,세종로1팀,305. 종로구청 옆,3341,2022-05-01,대여소별 이용정보 22.5.csv
강서구,개화1팀,3788. 정곡나들목,3355,2022-05-01,대여소별 이용정보 22.5.csv
강서구,개화1팀,2727.서울식물원 잔디마당 앞,3363,2022-05-01,대여소별 이용정보 22.5.csv
종로구,세종로1팀,303. 광화문역 1번출구 앞,3369,2022-05-01,대여소별 이용정보 22.5.csv
강서구,개화2팀,1131. 꿈돌이공원 앞,3372,2022-05-01,대여소별 이용정보 22.5.csv
마포구,상암1팀,409. 누리꿈스퀘어 옆,3379,2022-05-01,대여소별 이용정보 22.5.csv
마포구,상암1팀,130. 신촌역(2호선) 7번출구 앞,3379,2022-05-01,대여소별 이용정보 22.5.csv
광진구,중랑1팀,3579.광진 캠퍼스시티,3380,2022-05-01,대여소별 이용정보 22.5.csv
성북구,훈련원2팀,1337. 돈암성당 옆,3385,2022-05-01,대여소별 이용정보 22.5.csv
성북구,훈련원2팀,1363. 보문4교 인근,3388,2022-05-01,대여소별 이용정보 22.5.csv
영등포구,영남3팀,4592. 신길우성4차아파트,3397,2022-05-01,대여소별 이용정보 22.5.csv
서대문구,상암2팀,133. 해담는다리,3399,2022-05-01,대여소별 이용정보 22.5.csv
광진구,중랑1팀,576. 광나루역 3번 출구,3400,2022-05-01,대여소별 이용정보 22.5.csv
강서구,개화2팀,1199. 우장산역 3번출구,3416,2022-05-01,대여소별 이용정보 22.5.csv
광진구,중랑1팀,584. 광진광장 교통섬,3420,2022-05-01,대여소별 이용정보 22.5.csv
영등포구,영남3팀,205. 산업은행 앞,3435,2022-05-01,대여소별 이용정보 22.5.csv
마포구,상암1팀,183. 하늘채코오롱아파트 건너편,3435,2022-05-01,대여소별 이용정보 22.5.csv
동대문구,훈련원4팀,643. 동대문구민체육센터 (육교아래),3438,2022-05-01,대여소별 이용정보 22.5.csv
동대문구,훈련원3팀,613. 신설동역 10번출구 앞,3443,2022-05-01,대여소별 이용정보 22.5.csv
영등포구,영남1팀,287. 영등포전화국사거리 (서강어린이공원),3448,2022-05-01,대여소별 이용정보 22.5.csv
송파구,학여울2팀,1205. 종합운동장역 4번출구,3450,2022-05-01,대여소별 이용정보 22.5.csv
노원구,도봉2팀,1617. 하계동 중평어린이공원 앞,3455,2022-05-01,대여소별 이용정보 22.5.csv
강남구,학여울1팀,3627. 압구정나들목,3455,2022-05-01,대여소별 이용정보 22.5.csv
강서구,개화3팀,1135. 강서구의회,3468,2022-05-01,대여소별 이용정보 22.5.csv
금천구,천왕3팀,1827. 독산보도육교 앞 자전거 보관소,3469,2022-05-01,대여소별 이용정보 22.5.csv
동작구,영남2팀,2015. 신대방삼거리역 6번출구쪽,3470,2022-05-01,대여소별 이용정보 22.5.csv
강북구,도봉4팀,1512. 강북중학교 앞,3473,2022-05-01,대여소별 이용정보 22.5.csv
서대문구,상암2팀,194. 증산교 앞,3485,2022-05-01,대여소별 이용정보 22.5.csv
동대문구,훈련원3팀,612. 시립동부병원 앞 사거리,3488,2022-05-01,대여소별 이용정보 22.5.csv
강북구,도봉4팀,1531. 미아사거리 1번 출구,3489,2022-05-01,대여소별 이용정보 22.5.csv
성동구,중랑2팀,587. 유니베라 앞,3489,2022-05-01,대여소별 이용정보 22.5.csv
송파구,학여울2팀,2635.잠실새내역 1번출구,3492,2022-05-01,대여소별 이용정보 22.5.csv
동대문구,훈련원3팀,680.꿈마루어린이도서관 앞,3493,2022-05-01,대여소별 이용정보 22.5.csv
송파구,천호2팀,1203. 밀리아나2빌딩 앞,3495,2022-05-01,대여소별 이용정보 22.5.csv
송파구,학여울2팀,1243. 문정 법조단지7,3495,2022-05-01,대여소별 이용정보 22.5.csv
영등포구,영남3팀,222. 시범아파트버스정류장 옆,3496,2022-05-01,대여소별 이용정보 22.5.csv
중구,세종로 4팀,370. 시청역(2호선) 9번출구 뒤,3497,2022-05-01,대여소별 이용정보 22.5.csv
강서구,개화2팀,1129. 화곡역 1번 출구 앞,3502,2022-05-01,대여소별 이용정보 22.5.csv
광진구,중랑1팀,500. 어린이대공원역 3번출구 앞,3507,2022-05-01,대여소별 이용정보 22.5.csv
은평구,상암2팀,913. 이마트 버스정류장(서부경찰서 방면),3509,2022-05-01,대여소별 이용정보 22.5.csv
동작구,영남2팀,2080. 대방지하보도(대방동경남아너스빌아파트),3515,2022-05-01,대여소별 이용정보 22.5.csv
중랑구,중랑3팀,1438. 홈플러스 신내점 앞,3523,2022-05-01,대여소별 이용정보 22.5.csv
구로구,천왕2팀,1904. 도림천역 1번 출구 앞,3525,2022-05-01,대여소별 이용정보 22.5.csv
강서구,개화1팀,1162. 공항초등학교건너편,3530,2022-05-01,대여소별 이용정보 22.5.csv
성동구,중랑2팀,559. 왕십리역 4번 출구 건너편,3532,2022-05-01,대여소별 이용정보 22.5.csv
서대문구,상암2팀,176. 명지대학교 도서관,3536,2022-05-01,대여소별 이용정보 22.5.csv
송파구,천호2팀,4464. 올림픽공원 북2문,3538,2022-05-01,대여소별 이용정보 22.5.csv
영등포구,영남1팀,284. 센트럴 푸르지오 시티 앞,3559,2022-05-01,대여소별 이용정보 22.5.csv
송파구,천호2팀,1201. 가락시장역 3번 출구,3575,2022-05-01,대여소별 이용정보 22.5.csv
강남구,학여울1팀,2348. 포스코사거리(기업은행),3575,2022-05-01,대여소별 이용정보 22.5.csv
양천구,영남1팀,723. SBS방송국,3581,2022-05-01,대여소별 이용정보 22.5.csv
강서구,개화1팀,1151. 마곡역1번출구,3585,2022-05-01,대여소별 이용정보 22.5.csv
양천구,천왕1팀,729. 서부식자재마트 건너편,3587,2022-05-01,대여소별 이용정보 22.5.csv
성북구,훈련원2팀,1321. 국민은행 종암동지점 앞,3594,2022-05-01,대여소별 이용정보 22.5.csv
노원구,도봉1팀,1692. 온곡초교 교차로,3598,2022-05-01,대여소별 이용정보 22.5.csv
송파구,학여울2팀,4868. 석촌호수 서호 남단,3599,2022-05-01,대여소별 이용정보 22.5.csv
광진구,중랑1팀,3504. 원일교회,3610,2022-05-01,대여소별 이용정보 22.5.csv
영등포구,영남3팀,279. 영등포 푸르지오 아파트,3614,2022-05-01,대여소별 이용정보 22.5.csv
구로구,천왕2팀,1946. 구로역 광장,3630,2022-05-01,대여소별 이용정보 22.5.csv
종로구,훈련원1팀,3410.종로3가역 8번출구,3630,2022-05-01,대여소별 이용정보 22.5.csv
송파구,학여울2팀,2601. 석촌호수 아뜰리에,3641,2022-05-01,대여소별 이용정보 22.5.csv
강서구,개화2팀,1180. 마곡엠밸리 15단지(1502동) 건너편,3650,2022-05-01,대여소별 이용정보 22.5.csv
송파구,천호2팀,1262. 송파여성문화회관 앞,3651,2022-05-01,대여소별 이용정보 22.5.csv
송파구,학여울2팀,2615. 테라타워2,3654,2022-05-01,대여소별 이용정보 22.5.csv
양천구,영남1팀,4508. 유원목동아파트 103동 앞,3654,2022-05-01,대여소별 이용정보 22.5.csv
광진구,중랑1팀,3542. 래미안 구의파크 스위트,3655,2022-05-01,대여소별 이용정보 22.5.csv
양천구,개화4팀,779. 신정1동 주민센터 앞,3663,2022-05-01,대여소별 이용정보 22.5.csv
양천구,영남1팀,781.신정보도육교 아래,3667,2022-05-01,대여소별 이용정보 22.5.csv
영등포구,영남3팀,209. 유진투자증권빌딩 앞,3669,2022-05-01,대여소별 이용정보 22.5.csv
송파구,천호1팀,2611. 송파지역자활센터 뒤,3669,2022-05-01,대여소별 이용정보 22.5.csv
강서구,개화1팀,2730.마곡메가박스 앞,3675,2022-05-01,대여소별 이용정보 22.5.csv
서초구,이수3팀,2264. 이수역 1번출구,3678,2022-05-01,대여소별 이용정보 22.5.csv
중랑구,중랑3팀,1449. 상봉역 1번출구,3690,2022-05-01,대여소별 이용정보 22.5.csv
송파구,학여울2팀,1244. 문정 법조단지8,3690,2022-05-01,대여소별 이용정보 22.5.csv
송파구,천호2팀,1297. 석촌호수교차로(동호 팔각정 앞),3692,2022-05-01,대여소별 이용정보 22.5.csv
성동구,중랑2팀,512. 뚝섬역 1번 출구 옆,3694,2022-05-01,대여소별 이용정보 22.5.csv
강서구,개화1팀,3784. 벽산아파트,3699,2022-05-01,대여소별 이용정보 22.5.csv
도봉구,도봉3팀,4076. 진영상운 앞 중랑천 변,3699,2022-05-01,대여소별 이용정보 22.5.csv
강동구,천호1팀,1084. 윤선생빌딩(JYP사옥),3706,2022-05-01,대여소별 이용정보 22.5.csv
광진구,중랑1팀,3881. 신자초교입구 교차로,3711,2022-05-01,대여소별 이용정보 22.5.csv
강동구,천호1팀,1002. 해공공원(천호동),3720,2022-05-01,대여소별 이용정보 22.5.csv
마포구,상암1팀,497.합정동주민센터 앞,3723,2022-05-01,대여소별 이용정보 22.5.csv
성북구,훈련원2팀,1328. 월곡역 3번출구,3725,2022-05-01,대여소별 이용정보 22.5.csv
용산구,세종로3팀,837. 한남나들목 입구,3741,2022-05-01,대여소별 이용정보 22.5.csv
금천구,천왕3팀,1851. 가산디지털단지 7번출구,3748,2022-05-01,대여소별 이용정보 22.5.csv
강동구,천호1팀,3668. 성내삼성아파트,3749,2022-05-01,대여소별 이용정보 22.5.csv
영등포구,영남3팀,206. KBS 앞,3771,2022-05-01,대여소별 이용정보 22.5.csv
종로구,훈련원1팀,342. 대학로 마로니에공원,3774,2022-05-01,대여소별 이용정보 22.5.csv
영등포구,영남1팀,3202.당산롯데캐슬프레스티지,3776,2022-05-01,대여소별 이용정보 22.5.csv
서초구,이수3팀,2217.아크로리버뷰 부지 앞,3784,2022-05-01,대여소별 이용정보 22.5.csv
양천구,개화3팀,744. 신목동역 2번 출구,3785,2022-05-01,대여소별 이용정보 22.5.csv
영등포구,영남3팀,4564. 63스퀘어,3786,2022-05-01,대여소별 이용정보 22.5.csv
강북구,도봉4팀,1503. 이디야 커피 수유역점 앞,3788,2022-05-01,대여소별 이용정보 22.5.csv
양천구,영남1팀,780.신정교 하부,3791,2022-05-01,대여소별 이용정보 22.5.csv
강서구,개화1팀,2723.마곡 필네이처,3791,2022-05-01,대여소별 이용정보 22.5.csv
강서구,개화1팀,3772. 길성그랑프리텔아파트,3795,2022-05-01,대여소별 이용정보 22.5.csv
광진구,중랑1팀,540. 군자역 7번출구 베스트샵 앞,3811,2022-05-01,대여소별 이용정보 22.5.csv
영등포구,영남3팀,278. 쌍용플레티넘오피스텔,3821,2022-05-01,대여소별 이용정보 22.5.csv
영등포구,영남3팀,219. 롯데캐슬엠파이어 옆,3824,2022-05-01,대여소별 이용정보 22.5.csv
송파구,학여울2팀,2637. 아시아지하보도 14번 출구,3825,2022-05-01,대여소별 이용정보 22.5.csv
영등포구,영남1팀,236. 문래동자이아파트 앞,3831,2022-05-01,대여소별 이용정보 22.5.csv
용산구,세종로3팀,829. 베르가모앞,3841,2022-05-01,대여소별 이용정보 22.5.csv
노원구,도봉2팀,2921.중계역 2번출구,3847,2022-05-01,대여소별 이용정보 22.5.csv
동대문구,훈련원3팀,659. 제기역1번출구,3857,2022-05-01,대여소별 이용정보 22.5.csv
관악구,영남2팀,2176. 보라매공원 보도육교,3871,2022-05-01,대여소별 이용정보 22.5.csv
영등포구,영남1팀,275. 신동아아파트,3881,2022-05-01,대여소별 이용정보 22.5.csv
강동구,천호1팀,1010. 강동세무서,3887,2022-05-01,대여소별 이용정보 22.5.csv
양천구,개화3팀,755. 목동1단지아파트 상가 앞,3888,2022-05-01,대여소별 이용정보 22.5.csv
광진구,중랑1팀,588. 뚝섬 유원지역,3905,2022-05-01,대여소별 이용정보 22.5.csv
강서구,개화1팀,1103. 방화역 4번출구앞,3910,2022-05-01,대여소별 이용정보 22.5.csv
종로구,세종로1팀,302. 경복궁역 4번출구 뒤,3919,2022-05-01,대여소별 이용정보 22.5.csv
영등포구,영남1팀,268. 그랜드컨벤션센터 앞,3923,2022-05-01,대여소별 이용정보 22.5.csv
송파구,학여울2팀,2632.석촌고분역 2번 출구,3928,2022-05-01,대여소별 이용정보 22.5.csv
영등포구,영남3팀,217. NH농협은행 앞,3937,2022-05-01,대여소별 이용정보 22.5.csv
광진구,중랑1팀,548. 자양나들목,3940,2022-05-01,대여소별 이용정보 22.5.csv
강서구,개화3팀,3769. 증미역 2번출구,3945,2022-05-01,대여소별 이용정보 22.5.csv
영등포구,영남1팀,4574. 영등포시장역 포레나영등포,3953,2022-05-01,대여소별 이용정보 22.5.csv
동대문구,훈련원4팀,648. 장안동위더스빌옆,3960,2022-05-01,대여소별 이용정보 22.5.csv
서대문구,상암2팀,131. 증산2교,3970,2022-05-01,대여소별 이용정보 22.5.csv
강동구,천호1팀,1024. 강동구청 앞,3983,2022-05-01,대여소별 이용정보 22.5.csv
영등포구,영남3팀,213. KT앞,3984,2022-05-01,대여소별 이용정보 22.5.csv
동작구,영남2팀,2058. 동작경찰서,3984,2022-05-01,대여소별 이용정보 22.5.csv
구로구,천왕2팀,1986. 태평양물산빌딩,3984,2022-05-01,대여소별 이용정보 22.5.csv
영등포구,영남1팀,227. 양평2나들목 보행통로 입구,3989,2022-05-01,대여소별 이용정보 22.5.csv
양천구,영남1팀,791.현대하이페리온,3995,2022-05-01,대여소별 이용정보 22.5.csv
중랑구,중랑3팀,1447. 면목역 3번출구,4001,2022-05-01,대여소별 이용정보 22.5.csv
양천구,개화3팀,735. 영도초등학교,4004,2022-05-01,대여소별 이용정보 22.5.csv
송파구,천호2팀,4452. 삼성SDS,4005,2022-05-01,대여소별 이용정보 22.5.csv
강동구,천호1팀,1029. 성내어울터,4020,2022-05-01,대여소별 이용정보 22.5.csv
동대문구,훈련원3팀,614. 용두동 사거리,4022,2022-05-01,대여소별 이용정보 22.5.csv
송파구,학여울2팀,4483. 잠실나들목4,4024,2022-05-01,대여소별 이용정보 22.5.csv
송파구,학여울2팀,2606. 위례동주민센터 맞은편 근린공원,4025,2022-05-01,대여소별 이용정보 22.5.csv
강서구,개화1팀,1102. 방화사거리 마을버스 버스정류장,4032,2022-05-01,대여소별 이용정보 22.5.csv
마포구,상암1팀,154. 마포구청역,4036,2022-05-01,대여소별 이용정보 22.5.csv
강동구,천호1팀,3680. 강동역3번출구,4040,2022-05-01,대여소별 이용정보 22.5.csv
중랑구,중랑3팀,1452. 겸재교 진입부,4043,2022-05-01,대여소별 이용정보 22.5.csv
강동구,천호1팀,1011. LIGA 아파트 앞,4045,2022-05-01,대여소별 이용정보 22.5.csv
종로구,훈련원1팀,393. 동대문역 8번 출구,4046,2022-05-01,대여소별 이용정보 22.5.csv
구로구,천왕2팀,1996. 구일역 1번 출입구 앞,4048,2022-05-01,대여소별 이용정보 22.5.csv
광진구,중랑1팀,574. 아차산역4번출구,4048,2022-05-01,대여소별 이용정보 22.5.csv
영등포구,영남1팀,245. 삼성생명 당산사옥 앞,4057,2022-05-01,대여소별 이용정보 22.5.csv
도봉구,도봉3팀,4065. 창동역 1번출구 앞,4089,2022-05-01,대여소별 이용정보 22.5.csv
송파구,학여울2팀,1232. 잠실주공 521동 건너편,4092,2022-05-01,대여소별 이용정보 22.5.csv
마포구,상암1팀,498.연남동주민센터 앞,4096,2022-05-01,대여소별 이용정보 22.5.csv
노원구,도봉1팀,1662. 노원역7번출구,4107,2022-05-01,대여소별 이용정보 22.5.csv
영등포구,영남3팀,276. 영등포로터리2,4111,2022-05-01,대여소별 이용정보 22.5.csv
마포구,상암1팀,114. 홍대입구역 8번출구 앞,4124,2022-05-01,대여소별 이용정보 22.5.csv
영등포구,영남1팀,291. 문래동 하이테크 시티,4125,2022-05-01,대여소별 이용정보 22.5.csv
영등포구,영남1팀,243. 이앤씨드림타워 앞,4130,2022-05-01,대여소별 이용정보 22.5.csv
강동구,천호1팀,1078.둔촌사거리,4139,2022-05-01,대여소별 이용정보 22.5.csv
송파구,학여울2팀,2647.잠실 자전거 수리센터 앞,4143,2022-05-01,대여소별 이용정보 22.5.csv
구로구,천왕2팀,1914. 대림역4번출구,4146,2022-05-01,대여소별 이용정보 22.5.csv
마포구,상암1팀,415. DMC역 9번출구 앞,4154,2022-05-01,대여소별 이용정보 22.5.csv
영등포구,영남1팀,229. 양평1 보행육교 앞,4154,2022-05-01,대여소별 이용정보 22.5.csv
성동구,중랑2팀,568. 청계8가사거리 부근,4163,2022-05-01,대여소별 이용정보 22.5.csv
송파구,천호2팀,1248. 방이초등학교,4165,2022-05-01,대여소별 이용정보 22.5.csv
광진구,중랑1팀,551. 구의삼성쉐르빌 앞,4166,2022-05-01,대여소별 이용정보 22.5.csv
송파구,천호2팀,4864. 송파사거리,4170,2022-05-01,대여소별 이용정보 22.5.csv
강서구,개화1팀,1197. 엠펠리체 호텔 건너편,4170,2022-05-01,대여소별 이용정보 22.5.csv
양천구,개화4팀,4509. 서울영상고교 입구,4181,2022-05-01,대여소별 이용정보 22.5.csv
중랑구,중랑3팀,1414. 사가정역 2번출구,4195,2022-05-01,대여소별 이용정보 22.5.csv
양천구,개화4팀,704. 남부법원검찰청 교차로,4217,2022-05-01,대여소별 이용정보 22.5.csv
송파구,학여울2팀,2623.석촌동 주민센터,4220,2022-05-01,대여소별 이용정보 22.5.csv
은평구,상암2팀,914. 새절역 2번출구,4240,2022-05-01,대여소별 이용정보 22.5.csv
마포구,상암1팀,419. 홈플러스 앞,4245,2022-05-01,대여소별 이용정보 22.5.csv
마포구,상암1팀,184. 7번가피자 서교망원점,4247,2022-05-01,대여소별 이용정보 22.5.csv
성동구,중랑2팀,3514. 왕십리교회옆,4247,2022-05-01,대여소별 이용정보 22.5.csv
동대문구,훈련원4팀,4122. 청계9가교차로 앞,4279,2022-05-01,대여소별 이용정보 22.5.csv
노원구,도봉2팀,1663. 동해문화예술관앞,4296,2022-05-01,대여소별 이용정보 22.5.csv
광진구,중랑1팀,3500. 군자역2번출구,4301,2022-05-01,대여소별 이용정보 22.5.csv
강서구,개화2팀,1182. KBS 스포츠월드,4319,2022-05-01,대여소별 이용정보 22.5.csv
강서구,개화3팀,1118. 증미역 3번출구뒤(등촌두산위브센티움오피스텔),4322,2022-05-01,대여소별 이용정보 22.5.csv
강서구,개화1팀,2719.마곡문화공원,4322,2022-05-01,대여소별 이용정보 22.5.csv
송파구,학여울2팀,1231. 잠실역 6번출구,4322,2022-05-01,대여소별 이용정보 22.5.csv
광진구,중랑1팀,505. 자양사거리 광진아크로텔 앞,4323,2022-05-01,대여소별 이용정보 22.5.csv
양천구,영남1팀,797.목동아파트 1422동 1434동 사잇길,4330,2022-05-01,대여소별 이용정보 22.5.csv
관악구,영남2팀,2107. 도림천 신화교,4351,2022-05-01,대여소별 이용정보 22.5.csv
영등포구,영남1팀,4561. 양평역 1번출구,4353,2022-05-01,대여소별 이용정보 22.5.csv
동대문구,훈련원4팀,668.서울축산농협(장안지점),4359,2022-05-01,대여소별 이용정보 22.5.csv
노원구,도봉2팀,1610. 화랑대역 2번출구 앞,4365,2022-05-01,대여소별 이용정보 22.5.csv
강북구,도봉4팀,1569.수유역2번출구,4365,2022-05-01,대여소별 이용정보 22.5.csv
강서구,개화2팀,1184. 마곡13단지,4373,2022-05-01,대여소별 이용정보 22.5.csv
광진구,중랑1팀,549. 아차산역 3번출구,4375,2022-05-01,대여소별 이용정보 22.5.csv
송파구,학여울2팀,2641.송파역 4번출구,4381,2022-05-01,대여소별 이용정보 22.5.csv
송파구,학여울2팀,2646.레이크펠리스101동앞,4386,2022-05-01,대여소별 이용정보 22.5.csv
광진구,중랑1팀,3575. 자양사거리(서원빌딩),4387,2022-05-01,대여소별 이용정보 22.5.csv
중랑구,중랑3팀,1451. 중랑세무서,4391,2022-05-01,대여소별 이용정보 22.5.csv
은평구,상암2팀,996.응암역2번출구 국민은행 앞,4399,2022-05-01,대여소별 이용정보 22.5.csv
강동구,천호1팀,3681. 길동 마루빌딩,4400,2022-05-01,대여소별 이용정보 22.5.csv
마포구,상암1팀,4233. 코오롱아파트사거리,4410,2022-05-01,대여소별 이용정보 22.5.csv
동대문구,훈련원3팀,670.삼육서울병원 버스정류장,4423,2022-05-01,대여소별 이용정보 22.5.csv
광진구,중랑1팀,3501. 광진구청 앞,4436,2022-05-01,대여소별 이용정보 22.5.csv
송파구,천호2팀,1209. 잠실나루역 (2번 출구 쪽),4445,2022-05-01,대여소별 이용정보 22.5.csv
송파구,학여울2팀,1293. 석촌호수 서호 사거리,4452,2022-05-01,대여소별 이용정보 22.5.csv
노원구,도봉2팀,1650. 중계근린공원내,4463,2022-05-01,대여소별 이용정보 22.5.csv
동대문구,훈련원3팀,677.청량리역 4번 5번출구 사이,4463,2022-05-01,대여소별 이용정보 22.5.csv
송파구,천호2팀,4865. 한성백제역 1번출구 뒤,4464,2022-05-01,대여소별 이용정보 22.5.csv
도봉구,도봉3팀,1721. 창동역 2번출구,4477,2022-05-01,대여소별 이용정보 22.5.csv
강서구,개화3팀,3789. 염창나들목,4492,2022-05-01,대여소별 이용정보 22.5.csv
양천구,영남1팀,764. 목동청소년수련관,4501,2022-05-01,대여소별 이용정보 22.5.csv
구로구,천왕2팀,2824.미래사랑어린이공원 앞,4503,2022-05-01,대여소별 이용정보 22.5.csv
광진구,중랑1팀,3509. 세종사이버대학교,4507,2022-05-01,대여소별 이용정보 22.5.csv
양천구,천왕1팀,787.양천아파트 입구,4511,2022-05-01,대여소별 이용정보 22.5.csv
영등포구,영남1팀,283. 아크로타워 스퀘어(영등포시장),4523,2022-05-01,대여소별 이용정보 22.5.csv
양천구,개화3팀,726. 목동3단지 시내버스정류장,4531,2022-05-01,대여소별 이용정보 22.5.csv
강서구,개화3팀,1122. 황금내근린공원,4536,2022-05-01,대여소별 이용정보 22.5.csv
강서구,개화2팀,2739.수명산파크1단지교차로,4539,2022-05-01,대여소별 이용정보 22.5.csv
광진구,중랑1팀,592. 건국대학교 학생회관,4541,2022-05-01,대여소별 이용정보 22.5.csv
은평구,상암3팀,906. 연신내역 5번출구,4552,2022-05-01,대여소별 이용정보 22.5.csv
영등포구,영남1팀,240. 문래역 4번출구 앞,4565,2022-05-01,대여소별 이용정보 22.5.csv
강서구,개화1팀,2744.강서세무서 앞,4569,2022-05-01,대여소별 이용정보 22.5.csv
강남구,학여울2팀,2377. 수서역 5번출구,4569,2022-05-01,대여소별 이용정보 22.5.csv
은평구,상암3팀,931. 역촌파출소,4572,2022-05-01,대여소별 이용정보 22.5.csv
강서구,개화3팀,1157. 강서구청,4574,2022-05-01,대여소별 이용정보 22.5.csv
관악구,영남2팀,2135. 신림역 5번출구,4578,2022-05-01,대여소별 이용정보 22.5.csv
송파구,천호2팀,1218. 방이역 4번출구,4578,2022-05-01,대여소별 이용정보 22.5.csv
관악구,영남2팀,2109. 은천로입구 가로공원,4585,2022-05-01,대여소별 이용정보 22.5.csv
노원구,도봉2팀,4029. 청소년수련관 후문,4604,2022-05-01,대여소별 이용정보 22.5.csv
노원구,도봉2팀,2915.서울과학기술대학교(어학교육원),4605,2022-05-01,대여소별 이용정보 22.5.csv
영등포구,영남3팀,249. 여의도중학교 옆,4606,2022-05-01,대여소별 이용정보 22.5.csv
동작구,영남2팀,2050. 노량진역 5번출구,4609,2022-05-01,대여소별 이용정보 22.5.csv
마포구,상암1팀,144. 공덕역 8번출구,4624,2022-05-01,대여소별 이용정보 22.5.csv
노원구,도봉2팀,4027. 한내 행복발전소 옆,4633,2022-05-01,대여소별 이용정보 22.5.csv
금천구,천왕2팀,1867.대륭포스트타워6차 앞,4636,2022-05-01,대여소별 이용정보 22.5.csv
송파구,천호2팀,2610. 송리단길,4660,2022-05-01,대여소별 이용정보 22.5.csv
강서구,개화3팀,1173. 강서구청사거리(SH타워),4669,2022-05-01,대여소별 이용정보 22.5.csv
강남구,이수3팀,2301. 현대고등학교 건너편,4669,2022-05-01,대여소별 이용정보 22.5.csv
양천구,개화4팀,734. 신트리공원 입구,4686,2022-05-01,대여소별 이용정보 22.5.csv
노원구,도봉2팀,4046. 경춘선 숲길,4698,2022-05-01,대여소별 이용정보 22.5.csv
송파구,학여울2팀,2639.석촌역 8번출구,4698,2022-05-01,대여소별 이용정보 22.5.csv
강서구,개화2팀,2733.마곡13단지 정문 앞,4699,2022-05-01,대여소별 이용정보 22.5.csv
강서구,개화1팀,"1191. 마곡역 버스정류장(마곡나루역1번출구, 웰튼병원 방면)",4699,2022-05-01,대여소별 이용정보 22.5.csv
광진구,중랑1팀,3571.화양 APT(횡단보도 옆),4730,2022-05-01,대여소별 이용정보 22.5.csv
강서구,개화3팀,2708.강서한강자이타워 앞,4743,2022-05-01,대여소별 이용정보 22.5.csv
종로구,세종로1팀,458. 광화문역 5번출구,4750,2022-05-01,대여소별 이용정보 22.5.csv
광진구,중랑1팀,3570.구의역 리버비스타 오피스텔,4752,2022-05-01,대여소별 이용정보 22.5.csv
영등포구,영남1팀,263. 근로자회관 사거리,4763,2022-05-01,대여소별 이용정보 22.5.csv
마포구,상암1팀,146. 마포역 2번출구 뒤,4767,2022-05-01,대여소별 이용정보 22.5.csv
마포구,상암1팀,103. 망원역 2번출구 앞,4771,2022-05-01,대여소별 이용정보 22.5.csv
송파구,천호2팀,1251. 석촌역 2번출구,4776,2022-05-01,대여소별 이용정보 22.5.csv
마포구,상암1팀,3002.벽산상암스마트큐브,4786,2022-05-01,대여소별 이용정보 22.5.csv
마포구,상암1팀,418. 월드컵경기장역 3번출구 옆,4796,2022-05-01,대여소별 이용정보 22.5.csv
송파구,천호2팀,1268. 몽촌토성역 1번출구 옆,4808,2022-05-01,대여소별 이용정보 22.5.csv
영등포구,영남1팀,293. 충북 미래관,4809,2022-05-01,대여소별 이용정보 22.5.csv
종로구,훈련원1팀,361. 동묘앞역 1번출구 뒤,4815,2022-05-01,대여소별 이용정보 22.5.csv
강동구,천호1팀,1019. 다성이즈빌아파트(호원대 대각선 맞은편),4844,2022-05-01,대여소별 이용정보 22.5.csv
성동구,중랑2팀,3559.성동구민종합체육센터 앞,4883,2022-05-01,대여소별 이용정보 22.5.csv
강서구,개화3팀,2704.홈플러스(강서점),4888,2022-05-01,대여소별 이용정보 22.5.csv
강동구,천호1팀,1020. 강동경찰서,4927,2022-05-01,대여소별 이용정보 22.5.csv
강동구,천호1팀,1090.상일동역 2번출구 앞,4936,2022-05-01,대여소별 이용정보 22.5.csv
동대문구,훈련원3팀,634. 외국어대 정문 앞,4948,2022-05-01,대여소별 이용정보 22.5.csv
용산구,세종로3팀,825. 서빙고동 주민센터 앞,4970,2022-05-01,대여소별 이용정보 22.5.csv
구로구,천왕2팀,1955. 디지털입구 교차로,4978,2022-05-01,대여소별 이용정보 22.5.csv
성북구,훈련원2팀,1355. 보문2교,5000,2022-05-01,대여소별 이용정보 22.5.csv
마포구,상암1팀,147. 마포역 4번출구 뒤,5004,2022-05-01,대여소별 이용정보 22.5.csv
양천구,개화3팀,746. 목동2단지 상가,5012,2022-05-01,대여소별 이용정보 22.5.csv
노원구,도봉2팀,1608. 공릉역 1번 출구 앞,5026,2022-05-01,대여소별 이용정보 22.5.csv
강서구,개화1팀,2720.힐스테이트에코,5027,2022-05-01,대여소별 이용정보 22.5.csv
중구,훈련원1팀,431. 청계천 영도교,5035,2022-05-01,대여소별 이용정보 22.5.csv
노원구,도봉1팀,1674. 서울북부고용센터앞,5040,2022-05-01,대여소별 이용정보 22.5.csv
강서구,개화1팀,1106. 신방화사거리,5049,2022-05-01,대여소별 이용정보 22.5.csv
중구,훈련원1팀,383. 신당역 12번 출구 뒤,5052,2022-05-01,대여소별 이용정보 22.5.csv
노원구,도봉2팀,1643. 태릉입구역 8번출구,5065,2022-05-01,대여소별 이용정보 22.5.csv
강서구,개화1팀,1195. 코오롱One&Only타워,5075,2022-05-01,대여소별 이용정보 22.5.csv
강서구,개화3팀,3780. 등촌서광아파트,5083,2022-05-01,대여소별 이용정보 22.5.csv
노원구,도봉2팀,2919.등나무 근린공원(시립북서울미술관 앞),5089,2022-05-01,대여소별 이용정보 22.5.csv
동대문구,훈련원4팀,641. 용두역 4번출구,5115,2022-05-01,대여소별 이용정보 22.5.csv
영등포구,영남3팀,259. 대방역6번출구,5130,2022-05-01,대여소별 이용정보 22.5.csv
송파구,학여울2팀,2613. 잠실나들목,5196,2022-05-01,대여소별 이용정보 22.5.csv
구로구,천왕2팀,1985. 구로도서관,5201,2022-05-01,대여소별 이용정보 22.5.csv
서대문구,상암2팀,117. 홍은사거리,5211,2022-05-01,대여소별 이용정보 22.5.csv
노원구,도봉2팀,1684. 태릉입구역 5번출구,5211,2022-05-01,대여소별 이용정보 22.5.csv
송파구,천호2팀,4457. 아산병원 기숙사 부근,5218,2022-05-01,대여소별 이용정보 22.5.csv
마포구,상암1팀,186. 월드컵공원,5255,2022-05-01,대여소별 이용정보 22.5.csv
강서구,개화2팀,1167. 마곡수명산파크3단지 교차로,5258,2022-05-01,대여소별 이용정보 22.5.csv
광진구,중랑1팀,3534. 건대입구역 5번출구 뒤,5260,2022-05-01,대여소별 이용정보 22.5.csv
송파구,천호2팀,2621. 한성백제역 2번 출구,5319,2022-05-01,대여소별 이용정보 22.5.csv
동작구,이수2팀,2025. 흑석역 1번출구,5331,2022-05-01,대여소별 이용정보 22.5.csv
영등포구,영남1팀,4571. 문래동롯데캐슬아파트,5387,2022-05-01,대여소별 이용정보 22.5.csv
광진구,중랑1팀,3541. 커먼그라운드,5389,2022-05-01,대여소별 이용정보 22.5.csv
동대문구,훈련원4팀,631. 답십리역 1번출구,5456,2022-05-01,대여소별 이용정보 22.5.csv
강서구,개화3팀,1117. 등촌5단지아파트 버스정류장,5502,2022-05-01,대여소별 이용정보 22.5.csv
강서구,개화1팀,2721.등촌1-10단지 교차로,5540,2022-05-01,대여소별 이용정보 22.5.csv
마포구,상암1팀,102. 망원역 1번출구 앞,5553,2022-05-01,대여소별 이용정보 22.5.csv
양천구,영남1팀,708. 서울출입국관리사무소 앞,5557,2022-05-01,대여소별 이용정보 22.5.csv
성동구,중랑2팀,585. 성수2가1동 공영주차장 인근,5570,2022-05-01,대여소별 이용정보 22.5.csv
강서구,개화1팀,1149. 신방화역환승주차장,5573,2022-05-01,대여소별 이용정보 22.5.csv
송파구,천호1팀,1264. 천호역 10번 출구 앞,5574,2022-05-01,대여소별 이용정보 22.5.csv
강서구,개화2팀,5052. 마곡역 7번출구,5599,2022-05-01,대여소별 이용정보 22.5.csv
강동구,천호1팀,1008. 암사역 3번출구(국민은행앞),5616,2022-05-01,대여소별 이용정보 22.5.csv
성동구,중랑2팀,509. 이마트 버스정류소 옆,5644,2022-05-01,대여소별 이용정보 22.5.csv
강동구,천호1팀,1050. 둔촌역 3번 출입구,5685,2022-05-01,대여소별 이용정보 22.5.csv
강서구,개화2팀,1152. 마곡역교차로,5700,2022-05-01,대여소별 이용정보 22.5.csv
성동구,중랑2팀,3515. 서울숲 관리사무소,5787,2022-05-01,대여소별 이용정보 22.5.csv
강서구,개화1팀,1166. 강서구립등빛도서관,5821,2022-05-01,대여소별 이용정보 22.5.csv
노원구,도봉2팀,1611. 과기대 입구(우),5841,2022-05-01,대여소별 이용정보 22.5.csv
광진구,중랑1팀,3518. 군자역 7번출구뒤,5865,2022-05-01,대여소별 이용정보 22.5.csv
강서구,개화2팀,1125. 명덕고교입구(영종빌딩),5894,2022-05-01,대여소별 이용정보 22.5.csv
용산구,세종로3팀,870.노들섬 서측 앞,5928,2022-05-01,대여소별 이용정보 22.5.csv
강서구,개화1팀,1112. 마곡엠밸리4단지 정문,5941,2022-05-01,대여소별 이용정보 22.5.csv
마포구,상암1팀,106. 합정역 7번출구 앞,5999,2022-05-01,대여소별 이용정보 22.5.csv
영등포구,영남1팀,228. 선유도역 3번출구 앞,6029,2022-05-01,대여소별 이용정보 22.5.csv
강동구,천호1팀,1044. 굽은다리역,6040,2022-05-01,대여소별 이용정보 22.5.csv
동대문구,훈련원4팀,602. 장안동 사거리,6055,2022-05-01,대여소별 이용정보 22.5.csv
강서구,개화1팀,2717.LG유플러스 마곡사옥,6072,2022-05-01,대여소별 이용정보 22.5.csv
강서구,개화1팀,1193. 마곡센트럴타워 1차,6103,2022-05-01,대여소별 이용정보 22.5.csv
영등포구,영남1팀,262. 영문초등학교 사거리,6120,2022-05-01,대여소별 이용정보 22.5.csv
양천구,영남1팀,703. 오목교역 7번출구 앞,6139,2022-05-01,대여소별 이용정보 22.5.csv
서초구,이수3팀,2525.반포쇼핑타운 2동 앞,6146,2022-05-01,대여소별 이용정보 22.5.csv
노원구,도봉1팀,1625. 상계역(4번출구),6188,2022-05-01,대여소별 이용정보 22.5.csv
구로구,천왕2팀,3904. 테크노마트 앞,6195,2022-05-01,대여소별 이용정보 22.5.csv
구로구,천왕1팀,1925. 동양미래대학교 정문 옆,6290,2022-05-01,대여소별 이용정보 22.5.csv
노원구,도봉1팀,1653. 노원역1번출구,6328,2022-05-01,대여소별 이용정보 22.5.csv
마포구,상암1팀,3010.홍대입구역 3번출구,6338,2022-05-01,대여소별 이용정보 22.5.csv
양천구,영남1팀,769.CBS방송국 앞,6424,2022-05-01,대여소별 이용정보 22.5.csv
성동구,중랑2팀,567. 성수역 2번출구 앞,6428,2022-05-01,대여소별 이용정보 22.5.csv
송파구,학여울2팀,1222. 잠실새내역 5번 출구 뒤,6448,2022-05-01,대여소별 이용정보 22.5.csv
양천구,영남1팀,792.목동트라팰리스 웨스턴에비뉴,6469,2022-05-01,대여소별 이용정보 22.5.csv
양천구,개화4팀,"785.양천구청, 보건소 사잇길",6491,2022-05-01,대여소별 이용정보 22.5.csv
노원구,도봉2팀,1601. 석계역 문화광장 내 자전거 보관소,6509,2022-05-01,대여소별 이용정보 22.5.csv
용산구,세종로3팀,853.용산역 맞은편,6535,2022-05-01,대여소별 이용정보 22.5.csv
영등포구,영남1팀,4565. 영등포 신세계백화점,6537,2022-05-01,대여소별 이용정보 22.5.csv
광진구,중랑1팀,3569.건대병원후문,6629,2022-05-01,대여소별 이용정보 22.5.csv
강서구,개화2팀,3798. 그랜드아이파크아파트 앞,6644,2022-05-01,대여소별 이용정보 22.5.csv
성동구,중랑2팀,589. 성수역3번출구,6666,2022-05-01,대여소별 이용정보 22.5.csv
송파구,천호2팀,1211. 방이삼거리,6710,2022-05-01,대여소별 이용정보 22.5.csv
동대문구,훈련원4팀,646. 장한평역 1번출구,6778,2022-05-01,대여소별 이용정보 22.5.csv
영등포구,영남3팀,202. 국민일보 앞,6808,2022-05-01,대여소별 이용정보 22.5.csv
은평구,상암2팀,907. CJ 드림시티,6831,2022-05-01,대여소별 이용정보 22.5.csv
성동구,중랑2팀,3600.사근빗물펌프장 건너편,6858,2022-05-01,대여소별 이용정보 22.5.csv
동작구,영남2팀,2002. 노들역 1번출구,6939,2022-05-01,대여소별 이용정보 22.5.csv
서초구,이수3팀,2262. 한신16차아파트 119동 앞,7004,2022-05-01,대여소별 이용정보 22.5.csv
노원구,도봉1팀,1637. KT 전화국 버스정류장 옆,7059,2022-05-01,대여소별 이용정보 22.5.csv
관악구,영남2팀,2183. 동방1교,7131,2022-05-01,대여소별 이용정보 22.5.csv
송파구,천호2팀,4870. 몽촌토성역 3번 출구,7170,2022-05-01,대여소별 이용정보 22.5.csv
강동구,천호1팀,1009. 천호역4번출구(현대백화점),7223,2022-05-01,대여소별 이용정보 22.5.csv
송파구,천호2팀,1295. 잠실역 8번출구,7232,2022-05-01,대여소별 이용정보 22.5.csv
성동구,중랑2팀,3511. 응봉역 1번출구,7411,2022-05-01,대여소별 이용정보 22.5.csv
성북구,훈련원2팀,1308. 안암로터리 버스정류장 앞,7524,2022-05-01,대여소별 이용정보 22.5.csv
마포구,상암1팀,113. 홍대입구역 2번출구 앞,7646,2022-05-01,대여소별 이용정보 22.5.csv
강서구,개화1팀,1160. 양천향교역 7번출구앞,7753,2022-05-01,대여소별 이용정보 22.5.csv
서초구,이수3팀,"2219. 고속터미널역 8-1번, 8-2번 출구 사이",7800,2022-05-01,대여소별 이용정보 22.5.csv
관악구,영남2팀,2173. 당곡사거리,7818,2022-05-01,대여소별 이용정보 22.5.csv
송파구,천호2팀,2620. 송파나루역 4번 출구옆,7976,2022-05-01,대여소별 이용정보 22.5.csv
영등포구,영남3팀,274. 영등포역지하쇼핑센타 5번출구,8005,2022-05-01,대여소별 이용정보 22.5.csv
양천구,영남1팀,765. 오목교역 3번출구,8134,2022-05-01,대여소별 이용정보 22.5.csv
강서구,개화2팀,1124. 발산역 6번 출구 뒤,8307,2022-05-01,대여소별 이용정보 22.5.csv
송파구,천호2팀,2608. 송파구청,8397,2022-05-01,대여소별 이용정보 22.5.csv
영등포구,영남1팀,230. 영등포구청역 1번출구,8539,2022-05-01,대여소별 이용정보 22.5.csv
성동구,중랑2팀,565. 옥수역 3번출구,8612,2022-05-01,대여소별 이용정보 22.5.csv
구로구,천왕2팀,1906. 신도림역 1번 출구 앞,9294,2022-05-01,대여소별 이용정보 22.5.csv
강서구,개화3팀,1158. 가양역 8번출구,9675,2022-05-01,대여소별 이용정보 22.5.csv
양천구,영남1팀,770.목동역5번출구 교통정보센터 앞,9824,2022-05-01,대여소별 이용정보 22.5.csv
영등포구,영남1팀,247. 당산역 10번출구 앞,10239,2022-05-01,대여소별 이용정보 22.5.csv
광진구,중랑1팀,3533. 건대입구역 사거리(롯데백화점),10312,2022-05-01,대여소별 이용정보 22.5.csv
강서구,개화1팀,2728.마곡나루역 3번 출구,10516,2022-05-01,대여소별 이용정보 22.5.csv
강서구,개화1팀,"1153. 발산역 1번, 9번 인근 대여소",10763,2022-05-01,대여소별 이용정보 22.5.csv
영등포구,영남1팀,272. 당산육갑문,10836,2022-05-01,대여소별 이용정보 22.5.csv
강서구,개화1팀,2701. 마곡나루역 5번출구 뒤편,10921,2022-05-01,대여소별 이용정보 22.5.csv
송파구,천호2팀,2622. 올림픽공원역 3번출구,11440,2022-05-01,대여소별 이용정보 22.5.csv
영등포구,영남3팀,210. IFC몰,11576,2022-05-01,대여소별 이용정보 22.5.csv
구로구,천왕2팀,1911. 구로디지털단지역 앞,11772,2022-05-01,대여소별 이용정보 22.5.csv
관악구,영남2팀,2177. 신대방역 2번 출구,11991,2022-05-01,대여소별 이용정보 22.5.csv
송파구,천호2팀,1210. 롯데월드타워(잠실역2번출구 쪽),14669,2022-05-01,대여소별 이용정보 22.5.csv
관악구,영남2팀,2102. 봉림교 교통섬,14878,2022-05-01,대여소별 이용정보 22.5.csv
강서구,개화1팀,2715.마곡나루역 2번 출구,17929,2022-05-01,대여소별 이용정보 22.5.csv
마포구,상암1팀,4217. 한강공원 망원나들목,21051,2022-05-01,대여소별 이용정보 22.5.csv
영등포구,영남3팀,207. 여의나루역 1번출구 앞,21533,2022-05-01,대여소별 이용정보 22.5.csv
광진구,중랑1팀,502. 뚝섬유원지역 1번출구 앞,22589,2022-05-01,대여소별 이용정보 22.5.csv
강남구,학여울1팀,2391. 구룡터널 입구(개포1단지아파트),4,2022-06-01,대여소별 이용정보 22.6.csv
강서구,개화3팀,5082. 가양역 7번출구,5,2022-06-01,대여소별 이용정보 22.6.csv
종로구,세종로1팀,4719. 종로문화원 건너편,24,2022-06-01,대여소별 이용정보 22.6.csv
성동구,중랑2팀,3527. 왕십리 자이아파트,25,2022-06-01,대여소별 이용정보 22.6.csv
서초구,이수1팀,4314. 탑성마을 버스정거장 옆,29,2022-06-01,대여소별 이용정보 22.6.csv
성동구,중랑2팀,3538. 서울숲 IT캐슬,38,2022-06-01,대여소별 이용정보 22.6.csv
구로구,천왕2팀,3923. 구로공구상가 앞,40,2022-06-01,대여소별 이용정보 22.6.csv
서초구,이수1팀,2288. 안골마을입구,41,2022-06-01,대여소별 이용정보 22.6.csv
서초구,이수1팀,2286. 탑성마을입구,43,2022-06-01,대여소별 이용정보 22.6.csv
서초구,이수1팀,4322.서울추모공원 입구,49,2022-06-01,대여소별 이용정보 22.6.csv
서초구,이수1팀,2536.서초종합체육관 입구,62,2022-06-01,대여소별 이용정보 22.6.csv
마포구,상암1팀,4240. 아현문화건강센터,62,2022-06-01,대여소별 이용정보 22.6.csv
구로구,천왕1팀,2813.항동지구 3단지 302동 앞,63,2022-06-01,대여소별 이용정보 22.6.csv
용산구,세종로3팀,865.하얏트호텔 앞,67,2022-06-01,대여소별 이용정보 22.6.csv
용산구,세종로3팀,859.남산공원 야외식물원 앞,68,2022-06-01,대여소별 이용정보 22.6.csv
서초구,이수1팀,2287. 능안마을입구,68,2022-06-01,대여소별 이용정보 22.6.csv
성북구,훈련원2팀,4417. 성북청소년문화의집,74,2022-06-01,대여소별 이용정보 22.6.csv
송파구,학여울2팀,2612. 문정·가락 대여소 앞,78,2022-06-01,대여소별 이용정보 22.6.csv
서초구,이수2팀,2506. LG유플러스 (방배사옥),81,2022-06-01,대여소별 이용정보 22.6.csv
동작구,영남2팀,2096.서울특별시 동작관악교육지원청,83,2022-06-01,대여소별 이용정보 22.6.csv
강남구,이수1팀,2393. 구룡사 앞 교차로 (보도육교),85,2022-06-01,대여소별 이용정보 22.6.csv
금천구,천왕3팀,3971. 순흥안씨묘 건너편,87,2022-06-01,대여소별 이용정보 22.6.csv
서초구,이수1팀,2275. 염곡치안센터 건너편,87,2022-06-01,대여소별 이용정보 22.6.csv
마포구,상암1팀,3003.래미안신공덕3차아파트,88,2022-06-01,대여소별 이용정보 22.6.csv
성북구,훈련원2팀,1352. e 편한세상 보문아파트 내,98,2022-06-01,대여소별 이용정보 22.6.csv
서초구,이수1팀,2201. 본마을 정류소 앞,99,2022-06-01,대여소별 이용정보 22.6.csv
구로구,천왕1팀,2816.항동지구 8단지 803동옆(주차장입구),100,2022-06-01,대여소별 이용정보 22.6.csv
광진구,중랑1팀,3878. 장로회신학대학교 주기철 기념관,101,2022-06-01,대여소별 이용정보 22.6.csv
서초구,이수2팀,2289. 남태령역 2번출구,104,2022-06-01,대여소별 이용정보 22.6.csv
강남구,학여울2팀,2343. 세곡사거리 대왕파출소 앞,106,2022-06-01,대여소별 이용정보 22.6.csv
강동구,천호1팀,3677. 강동구음식물재활용센터,109,2022-06-01,대여소별 이용정보 22.6.csv
노원구,도봉2팀,1680. 삼육대 제3과학관,110,2022-06-01,대여소별 이용정보 22.6.csv
중구,세종로 4팀,484.도동삼거리,118,2022-06-01,대여소별 이용정보 22.6.csv
강동구,천호1팀,3699. 상일파출소 옆,123,2022-06-01,대여소별 이용정보 22.6.csv
서초구,이수3팀,4324. 세화고등학교,126,2022-06-01,대여소별 이용정보 22.6.csv
성동구,중랑2팀,4363. 신금호역 2번출구 앞,128,2022-06-01,대여소별 이용정보 22.6.csv
종로구,세종로1팀,4709. 천지인 오피스텔 앞,128,2022-06-01,대여소별 이용정보 22.6.csv
종로구,세종로1팀,462. 신영동삼거리(북악터널방향),129,2022-06-01,대여소별 이용정보 22.6.csv
관악구,영남2팀,3306.서울신우초등학교,130,2022-06-01,대여소별 이용정보 22.6.csv
종로구,훈련원1팀,3418.창신역2번 출구,130,2022-06-01,대여소별 이용정보 22.6.csv
종로구,훈련원1팀,3404.서울특별시 중부교육지원청,136,2022-06-01,대여소별 이용정보 22.6.csv
동작구,이수2팀,2068. 총신대 앞(육교),137,2022-06-01,대여소별 이용정보 22.6.csv
종로구,세종로1팀,3403.서울특별시 교육청,137,2022-06-01,대여소별 이용정보 22.6.csv
종로구,세종로1팀,447. 신영동삼거리,137,2022-06-01,대여소별 이용정보 22.6.csv
용산구,세종로3팀,803. 한남초교 앞 보도육교,139,2022-06-01,대여소별 이용정보 22.6.csv
강동구,천호1팀,1082.중앙보훈병원역3번출구,139,2022-06-01,대여소별 이용정보 22.6.csv
서초구,이수1팀,4323. 내곡도서관,139,2022-06-01,대여소별 이용정보 22.6.csv
중구,훈련원1팀,381. 장충체육관,140,2022-06-01,대여소별 이용정보 22.6.csv
송파구,천호2팀,4853. 송파 안전체험교육관,148,2022-06-01,대여소별 이용정보 22.6.csv
강북구,도봉4팀,1550.삼각산아이원아파트(105동 옆),148,2022-06-01,대여소별 이용정보 22.6.csv
서초구,이수1팀,2541.옛골 입구,148,2022-06-01,대여소별 이용정보 22.6.csv
구로구,천왕1팀,2810.항동지구 3단지 311동 앞,149,2022-06-01,대여소별 이용정보 22.6.csv
강남구,학여울1팀,3648. 구룡역 4번 출구,152,2022-06-01,대여소별 이용정보 22.6.csv
서초구,이수3팀,2282. 방배래미안아트힐 101동앞,154,2022-06-01,대여소별 이용정보 22.6.csv
중구,세종로 4팀,4782. 서소문역사공원,154,2022-06-01,대여소별 이용정보 22.6.csv
종로구,세종로1팀,4702. 평창동 주민센터,155,2022-06-01,대여소별 이용정보 22.6.csv
용산구,세종로3팀,4637. 용산시티파크 101동 앞,156,2022-06-01,대여소별 이용정보 22.6.csv
중구,세종로 4팀,4760. 서울역 7번출구,158,2022-06-01,대여소별 이용정보 22.6.csv
강남구,학여울1팀,3622. 은마아파트입구 사거리(1),159,2022-06-01,대여소별 이용정보 22.6.csv
은평구,상암3팀,924. 메뚜기다리,161,2022-06-01,대여소별 이용정보 22.6.csv
노원구,도봉2팀,4044. 공릉산 백세문 입구,162,2022-06-01,대여소별 이용정보 22.6.csv
성북구,훈련원2팀,4415. 미아초교버스승강장,162,2022-06-01,대여소별 이용정보 22.6.csv
성북구,훈련원2팀,1379.길음뉴타운푸르지오아파트 3단지,162,2022-06-01,대여소별 이용정보 22.6.csv
강남구,학여울2팀,3610. 윗반마을 입구,163,2022-06-01,대여소별 이용정보 22.6.csv
강남구,학여울1팀,2395. 개포1단지아파트 입구 (보도육교),164,2022-06-01,대여소별 이용정보 22.6.csv
성동구,중랑2팀,3532. 왕십리KCC스위첸아파트,164,2022-06-01,대여소별 이용정보 22.6.csv
종로구,세종로1팀,3430.구기치안센터 앞,166,2022-06-01,대여소별 이용정보 22.6.csv
은평구,상암3팀,991.흥국사 정류장,167,2022-06-01,대여소별 이용정보 22.6.csv
중구,훈련원1팀,429. 송도병원,168,2022-06-01,대여소별 이용정보 22.6.csv
강동구,천호1팀,1052. 리싸이클시티,168,2022-06-01,대여소별 이용정보 22.6.csv
양천구,개화4팀,4538. 양천공영차고지,169,2022-06-01,대여소별 이용정보 22.6.csv
영등포구,영남3팀,200. 국회의원회관,171,2022-06-01,대여소별 이용정보 22.6.csv
강남구,학여울1팀,2352. 서울본부세관(건설회관 앞),172,2022-06-01,대여소별 이용정보 22.6.csv
서초구,이수1팀,2207. 내곡파출소 뒤 정자,172,2022-06-01,대여소별 이용정보 22.6.csv
서초구,이수3팀,4332. 이수교차로,175,2022-06-01,대여소별 이용정보 22.6.csv
중구,훈련원1팀,4777. 약수동 주민센터,177,2022-06-01,대여소별 이용정보 22.6.csv
종로구,세종로1팀,486. 평창동주민센터 앞,178,2022-06-01,대여소별 이용정보 22.6.csv
용산구,세종로3팀,4612. 한남 준 J.FSS 앞,178,2022-06-01,대여소별 이용정보 22.6.csv
관악구,이수2팀,2199.신봉천주유소 A,179,2022-06-01,대여소별 이용정보 22.6.csv
성동구,중랑2팀,564. 금호역 3번출구,179,2022-06-01,대여소별 이용정보 22.6.csv
양천구,천왕1팀,4541. 갈산문화예술센터,181,2022-06-01,대여소별 이용정보 22.6.csv
강서구,개화1팀,3781. 강서아동복지센터,182,2022-06-01,대여소별 이용정보 22.6.csv
성북구,훈련원2팀,1342. 성북쉼터 앞,183,2022-06-01,대여소별 이용정보 22.6.csv
서대문구,상암2팀,4265. 안산초등학교 앞,185,2022-06-01,대여소별 이용정보 22.6.csv
구로구,천왕1팀,2805.구로자원순환센터,186,2022-06-01,대여소별 이용정보 22.6.csv
서초구,이수3팀,4305. 서일스포츠센터,189,2022-06-01,대여소별 이용정보 22.6.csv
강남구,학여울1팀,2392. 구룡산 입구 (구룡산 서울둘레길 입구),195,2022-06-01,대여소별 이용정보 22.6.csv
서초구,이수1팀,2248. 서초리슈빌S 글로벌 앞,196,2022-06-01,대여소별 이용정보 22.6.csv
서초구,이수2팀,2284. CJ오쇼핑앞,196,2022-06-01,대여소별 이용정보 22.6.csv
성동구,중랑2팀,523. 옥수동성당 옆,196,2022-06-01,대여소별 이용정보 22.6.csv
양천구,개화4팀,4523. 구립양천어르신요양센터,198,2022-06-01,대여소별 이용정보 22.6.csv
서초구,이수1팀,2257. 청계산 입구 삼거리,198,2022-06-01,대여소별 이용정보 22.6.csv
중구,세종로 4팀,4772. 중앙일보,202,2022-06-01,대여소별 이용정보 22.6.csv
용산구,세종로 4팀,4638. 청파동삼거리 앞,203,2022-06-01,대여소별 이용정보 22.6.csv
중랑구,중랑3팀,1424. 양원역 2번출구,204,2022-06-01,대여소별 이용정보 22.6.csv
종로구,세종로1팀,3431.로제우스 레포츠센터,204,2022-06-01,대여소별 이용정보 22.6.csv
동작구,이수2팀,4178. 이수성결교회 옆,204,2022-06-01,대여소별 이용정보 22.6.csv
성동구,중랑2팀,556. 달맞이공원,206,2022-06-01,대여소별 이용정보 22.6.csv
은평구,상암3팀,969. 은평 지웰테라스,206,2022-06-01,대여소별 이용정보 22.6.csv
강남구,학여울2팀,2401. 밀알학교 입구 (삼성서울병원 입구),207,2022-06-01,대여소별 이용정보 22.6.csv
서초구,이수3팀,2210. 반포1동 주민센터 앞,207,2022-06-01,대여소별 이용정보 22.6.csv
서초구,이수2팀,2225.백석예술대학교 제3캠퍼스 앞,208,2022-06-01,대여소별 이용정보 22.6.csv
송파구,천호2팀,4479. 문정중학교,208,2022-06-01,대여소별 이용정보 22.6.csv
강남구,학여울1팀,3615. 서울 논현동우체국 앞,209,2022-06-01,대여소별 이용정보 22.6.csv
은평구,상암3팀,937. 상림마을 롯데캐슬2단지 옆,209,2022-06-01,대여소별 이용정보 22.6.csv
송파구,학여울2팀,1242. 문정 법조단지6,209,2022-06-01,대여소별 이용정보 22.6.csv
서초구,이수3팀,2510. JW타워,212,2022-06-01,대여소별 이용정보 22.6.csv
은평구,상암3팀,4668. 기자촌사거리,213,2022-06-01,대여소별 이용정보 22.6.csv
은평구,상암3팀,968. 은평뉴타운 상림마을 13단지,214,2022-06-01,대여소별 이용정보 22.6.csv
강남구,학여울1팀,2347. 두산건설 본사,215,2022-06-01,대여소별 이용정보 22.6.csv
구로구,천왕1팀,2809.항동지구 11단지 1103동 앞,218,2022-06-01,대여소별 이용정보 22.6.csv
구로구,천왕1팀,2806.항동지구 4단지 입구,218,2022-06-01,대여소별 이용정보 22.6.csv
구로구,천왕1팀,3922. 서울남부교정시설 앞,219,2022-06-01,대여소별 이용정보 22.6.csv
용산구,세종로 4팀,4617. 동원베네스트 건너편,219,2022-06-01,대여소별 이용정보 22.6.csv
동작구,이수2팀,2092.흑석한강푸르지오(110동),219,2022-06-01,대여소별 이용정보 22.6.csv
중구,세종로 4팀,443.호암아트홀,220,2022-06-01,대여소별 이용정보 22.6.csv
서초구,이수1팀,4309. 서초케이타운앞,220,2022-06-01,대여소별 이용정보 22.6.csv
용산구,세종로3팀,4623. 라인프랜즈이태원점 앞,221,2022-06-01,대여소별 이용정보 22.6.csv
서초구,이수3팀,4327. 몽마르뜨공원입구,221,2022-06-01,대여소별 이용정보 22.6.csv
송파구,학여울2팀,2659.서울친환경유통센터,221,2022-06-01,대여소별 이용정보 22.6.csv
관악구,영남2팀,2141. 미림여고입구 교차로,223,2022-06-01,대여소별 이용정보 22.6.csv
금천구,천왕3팀,1866.서울안천초등학교 옆,224,2022-06-01,대여소별 이용정보 22.6.csv
강남구,학여울1팀,2386. 크린랩 본사,224,2022-06-01,대여소별 이용정보 22.6.csv
동작구,이수2팀,2061. 한강 현대아파트 건너편,224,2022-06-01,대여소별 이용정보 22.6.csv
강동구,천호1팀,1039. 고덕초등학교,224,2022-06-01,대여소별 이용정보 22.6.csv
중랑구,중랑3팀,1467.sk신내 주유소앞(용마산로),226,2022-06-01,대여소별 이용정보 22.6.csv
강북구,도봉4팀,1572. 우이동 먹거리마을,227,2022-06-01,대여소별 이용정보 22.6.csv
서초구,이수3팀,2533.한가람미술관 앞,229,2022-06-01,대여소별 이용정보 22.6.csv
동작구,이수2팀,2079.중앙대학교 중앙광장,229,2022-06-01,대여소별 이용정보 22.6.csv
강동구,천호1팀,1007.암사동 선사유적지,230,2022-06-01,대여소별 이용정보 22.6.csv
구로구,천왕1팀,2807.항동지구 1단지 105동 앞,231,2022-06-01,대여소별 이용정보 22.6.csv
서초구,이수1팀,4310. 염곡동(염통골) 입구,231,2022-06-01,대여소별 이용정보 22.6.csv
중구,세종로 4팀,4801. 충정로역 2호선(엘리베이터 앞),232,2022-06-01,대여소별 이용정보 22.6.csv
송파구,학여울2팀,1250.문정2동 주민센터,232,2022-06-01,대여소별 이용정보 22.6.csv
중랑구,중랑3팀,1422. 신내우디안아파트 1단지,235,2022-06-01,대여소별 이용정보 22.6.csv
구로구,천왕1팀,3915. 동선아파트 앞,236,2022-06-01,대여소별 이용정보 22.6.csv
송파구,학여울2팀,4488. 문현중.고등학교 사이,238,2022-06-01,대여소별 이용정보 22.6.csv
강남구,학여울1팀,2334. 삼호아파트 2동 ( 간선도로),239,2022-06-01,대여소별 이용정보 22.6.csv
동작구,이수2팀,4177. 롯데캐슬 101동 앞,240,2022-06-01,대여소별 이용정보 22.6.csv
종로구,세종로2팀,465. 삼청공원 앞,240,2022-06-01,대여소별 이용정보 22.6.csv
강동구,천호1팀,1066.생태공원앞 교차로(조명탑),241,2022-06-01,대여소별 이용정보 22.6.csv
마포구,상암1팀,4239. 성산2동 주민센터,243,2022-06-01,대여소별 이용정보 22.6.csv
강동구,천호1팀,1089.고덕 래미안힐스테이트(201동),244,2022-06-01,대여소별 이용정보 22.6.csv
서초구,이수3팀,2532.국립국악원 앞,244,2022-06-01,대여소별 이용정보 22.6.csv
은평구,상암3팀,921. 신도고등학교,245,2022-06-01,대여소별 이용정보 22.6.csv
강남구,학여울1팀,2304. 대현그린타워,246,2022-06-01,대여소별 이용정보 22.6.csv
동작구,이수2팀,2040. 비계 버스정류소,246,2022-06-01,대여소별 이용정보 22.6.csv
은평구,상암3팀,938. 금암 문화공원,247,2022-06-01,대여소별 이용정보 22.6.csv
서초구,이수2팀,2226. 신동아럭스빌아파트 앞,247,2022-06-01,대여소별 이용정보 22.6.csv
금천구,천왕3팀,3967. 혜명양로원 담장 옆(2),248,2022-06-01,대여소별 이용정보 22.6.csv
구로구,천왕1팀,3910. 목양전원교회 앞 로터리,248,2022-06-01,대여소별 이용정보 22.6.csv
영등포구,영남3팀,4584. 국회2문,249,2022-06-01,대여소별 이용정보 22.6.csv
강남구,학여울1팀,3649. 구룡역 5번 출구,250,2022-06-01,대여소별 이용정보 22.6.csv
중랑구,중랑3팀,1445. 용마지구대,250,2022-06-01,대여소별 이용정보 22.6.csv
용산구,세종로3팀,854.HID 유족동지회 앞,251,2022-06-01,대여소별 이용정보 22.6.csv
강동구,천호1팀,3652. 한영외국어고등학교,251,2022-06-01,대여소별 이용정보 22.6.csv
성동구,중랑2팀,3556.신금호파크자이APT앞,253,2022-06-01,대여소별 이용정보 22.6.csv
강남구,이수3팀,4907. 극동스포츠 앞,254,2022-06-01,대여소별 이용정보 22.6.csv
금천구,천왕3팀,1855. 성지아파트 옆 도로변,256,2022-06-01,대여소별 이용정보 22.6.csv
중랑구,중랑3팀,4830. 신내 우디안 111동 앞,257,2022-06-01,대여소별 이용정보 22.6.csv
노원구,도봉2팀,4021. 중계본동 입구,257,2022-06-01,대여소별 이용정보 22.6.csv
강동구,천호1팀,3698. 명일역 3번출구 옆,258,2022-06-01,대여소별 이용정보 22.6.csv
중구,세종로 4팀,384. 종로학원본원,259,2022-06-01,대여소별 이용정보 22.6.csv
송파구,천호2팀,1283. 오금공원 사거리,259,2022-06-01,대여소별 이용정보 22.6.csv
구로구,천왕1팀,3911. 항동하버리안2단지아파트 후문,261,2022-06-01,대여소별 이용정보 22.6.csv
용산구,세종로3팀,855.이촌역5번출구 앞,261,2022-06-01,대여소별 이용정보 22.6.csv
용산구,세종로3팀,831. 이태원관광특구입구,262,2022-06-01,대여소별 이용정보 22.6.csv
중랑구,중랑3팀,1427. 용마산역 1번출구,263,2022-06-01,대여소별 이용정보 22.6.csv
동작구,이수2팀,2093.상도SH빌아파트 입구,264,2022-06-01,대여소별 이용정보 22.6.csv
성동구,중랑2팀,3531. 논골사거리(금호도서관 입구),267,2022-06-01,대여소별 이용정보 22.6.csv
은평구,상암3팀,4681.박석고개(은평소방서) 앞,268,2022-06-01,대여소별 이용정보 22.6.csv
금천구,천왕3팀,1861.IBK기업은행 석수역 지점 앞,270,2022-06-01,대여소별 이용정보 22.6.csv
광진구,중랑1팀,3563.구의7단지현대아파트,270,2022-06-01,대여소별 이용정보 22.6.csv
서초구,이수3팀,2545.국립중앙도서관(국제회의장옆),270,2022-06-01,대여소별 이용정보 22.6.csv
용산구,세종로3팀,4611. 국제루터교회 앞,271,2022-06-01,대여소별 이용정보 22.6.csv
광진구,중랑1팀,3524. 세종대학교,271,2022-06-01,대여소별 이용정보 22.6.csv
송파구,천호2팀,4896. 위례포레샤인15단지,274,2022-06-01,대여소별 이용정보 22.6.csv
금천구,천왕3팀,3970. 시흥4동주민센터 앞,274,2022-06-01,대여소별 이용정보 22.6.csv
강남구,학여울1팀,3647. 구룡역 1번 출구,275,2022-06-01,대여소별 이용정보 22.6.csv
마포구,상암1팀,3005.마포구청 청사내,276,2022-06-01,대여소별 이용정보 22.6.csv
종로구,세종로1팀,3429.HW컨벤션센터 앞,276,2022-06-01,대여소별 이용정보 22.6.csv
노원구,도봉2팀,1675. 월계문화체육센터,278,2022-06-01,대여소별 이용정보 22.6.csv
강남구,학여울1팀,2311. 학동로 래미안 아파트 앞,278,2022-06-01,대여소별 이용정보 22.6.csv
강북구,도봉4팀,1541. 삼양역,279,2022-06-01,대여소별 이용정보 22.6.csv
강동구,천호1팀,1062. 고덕숲 아이파크 2,280,2022-06-01,대여소별 이용정보 22.6.csv
강남구,학여울2팀,2425.세곡동 사거리(대왕초등학교 정류장),280,2022-06-01,대여소별 이용정보 22.6.csv
구로구,천왕1팀,2808.항동지구 2단지 202동 앞,282,2022-06-01,대여소별 이용정보 22.6.csv
서초구,이수1팀,4319. 삼성전자R&D어린이집 뒤,282,2022-06-01,대여소별 이용정보 22.6.csv
강남구,학여울1팀,2398. 더라움,283,2022-06-01,대여소별 이용정보 22.6.csv
강남구,학여울1팀,2417.선정릉 디캠프(D.CAMP)앞,285,2022-06-01,대여소별 이용정보 22.6.csv
은평구,상암3팀,945. 기자촌 사거리,287,2022-06-01,대여소별 이용정보 22.6.csv
서초구,이수1팀,2249. 우솔초등학교 맞은편,287,2022-06-01,대여소별 이용정보 22.6.csv
금천구,천왕3팀,3972. 산기슭공원 앞,287,2022-06-01,대여소별 이용정보 22.6.csv
동작구,이수2팀,2064. 흑석한강푸르지오 106동앞,287,2022-06-01,대여소별 이용정보 22.6.csv
서초구,이수3팀,2517.서초3교(효령로69길 방면),287,2022-06-01,대여소별 이용정보 22.6.csv
강남구,학여울1팀,3621. 휘문고교 사거리,289,2022-06-01,대여소별 이용정보 22.6.csv
강남구,학여울1팀,3616. 역삼중학교 앞(체육관 방향),289,2022-06-01,대여소별 이용정보 22.6.csv
금천구,천왕3팀,1864.산호시티빌 옆,290,2022-06-01,대여소별 이용정보 22.6.csv
영등포구,영남3팀,297.국회3문,290,2022-06-01,대여소별 이용정보 22.6.csv
성북구,훈련원2팀,1393.돈암육교 하단,291,2022-06-01,대여소별 이용정보 22.6.csv
용산구,세종로3팀,4613. 서울갤러리아 앞,291,2022-06-01,대여소별 이용정보 22.6.csv
서초구,이수3팀,2269. 주홍교 하부,292,2022-06-01,대여소별 이용정보 22.6.csv
은평구,상암3팀,974.연신초등학교옆 마을마당,294,2022-06-01,대여소별 이용정보 22.6.csv
마포구,상암1팀,4221. 솔리스타오피스텔(공덕동주민센터),297,2022-06-01,대여소별 이용정보 22.6.csv
성북구,훈련원2팀,1376. 한국과학기술연구원 중문,297,2022-06-01,대여소별 이용정보 22.6.csv
관악구,이수2팀,2130. 영어마을 관악캠프,299,2022-06-01,대여소별 이용정보 22.6.csv
강남구,학여울2팀,2403. 공무원연금매점 교차로 (개포주공9단지 입구),299,2022-06-01,대여소별 이용정보 22.6.csv
성북구,훈련원2팀,1377. 한국과학기술연구원 북문,300,2022-06-01,대여소별 이용정보 22.6.csv
중랑구,중랑3팀,1435. 능산삼거리,300,2022-06-01,대여소별 이용정보 22.6.csv
동작구,이수2팀,4153. 흑석동효사정앞,300,2022-06-01,대여소별 이용정보 22.6.csv
종로구,세종로1팀,3428.서울미술관,300,2022-06-01,대여소별 이용정보 22.6.csv
서대문구,상암2팀,4262. 서대문자연사박물관 입구,301,2022-06-01,대여소별 이용정보 22.6.csv
마포구,상암1팀,432. 마포중앙도서관,301,2022-06-01,대여소별 이용정보 22.6.csv
강남구,학여울2팀,3602. 한국지역난방공사강남지사,302,2022-06-01,대여소별 이용정보 22.6.csv
송파구,천호2팀,4473. 마천금호어울림 1차 102동앞,302,2022-06-01,대여소별 이용정보 22.6.csv
금천구,천왕3팀,1842. 한울중학교,304,2022-06-01,대여소별 이용정보 22.6.csv
구로구,천왕1팀,3902. 항동지구5단지 501동 앞,304,2022-06-01,대여소별 이용정보 22.6.csv
은평구,상암2팀,934. 신사동 성당,305,2022-06-01,대여소별 이용정보 22.6.csv
영등포구,영남3팀,5852. 대림동현대2차 201동 앞,305,2022-06-01,대여소별 이용정보 22.6.csv
은평구,상암3팀,4672. 준빌딩 앞,307,2022-06-01,대여소별 이용정보 22.6.csv
서대문구,상암2팀,3111.무악재역 4번 출구,307,2022-06-01,대여소별 이용정보 22.6.csv
강남구,학여울1팀,2350. 래미안그레이튼102동앞,307,2022-06-01,대여소별 이용정보 22.6.csv
용산구,세종로3팀,4639. 동빙고근린공원,308,2022-06-01,대여소별 이용정보 22.6.csv
도봉구,도봉3팀,1730. 도봉산역 교차로 앞,308,2022-06-01,대여소별 이용정보 22.6.csv
성동구,중랑2팀,3561.행당동 삼부APT후문,312,2022-06-01,대여소별 이용정보 22.6.csv
중랑구,중랑3팀,1453. 중랑캠핑숲,312,2022-06-01,대여소별 이용정보 22.6.csv
마포구,상암1팀,422. 문화비축기지,314,2022-06-01,대여소별 이용정보 22.6.csv
강남구,학여울2팀,3624. 대모산입구역 7번 출구 앞,315,2022-06-01,대여소별 이용정보 22.6.csv
서대문구,상암2팀,3126.남가좌동 제2공영주차장,315,2022-06-01,대여소별 이용정보 22.6.csv
서대문구,상암1팀,4266.국민연금공단충정로사옥,316,2022-06-01,대여소별 이용정보 22.6.csv
중랑구,중랑3팀,1406. 망우청소년수련관,317,2022-06-01,대여소별 이용정보 22.6.csv
강동구,천호1팀,3539. 서원마을,317,2022-06-01,대여소별 이용정보 22.6.csv
관악구,이수2팀,3810. 신봉천주유소 B,317,2022-06-01,대여소별 이용정보 22.6.csv
성북구,훈련원2팀,1392.돈암삼성풍림아파트,319,2022-06-01,대여소별 이용정보 22.6.csv
중구,훈련원1팀,483.남산타운아파트 버스정류장,319,2022-06-01,대여소별 이용정보 22.6.csv
금천구,천왕3팀,1816. 금천폭포공원 앞,320,2022-06-01,대여소별 이용정보 22.6.csv
송파구,천호2팀,4879. 마천청소년센터,321,2022-06-01,대여소별 이용정보 22.6.csv
금천구,천왕3팀,3973. 독산2동주민센터 앞,321,2022-06-01,대여소별 이용정보 22.6.csv
용산구,세종로3팀,812. 용산전쟁기념관,321,2022-06-01,대여소별 이용정보 22.6.csv
구로구,천왕1팀,3920. 개봉역2번출구 B,322,2022-06-01,대여소별 이용정보 22.6.csv
금천구,천왕3팀,1857. 주공14단지,323,2022-06-01,대여소별 이용정보 22.6.csv
구로구,천왕1팀,1951. 천왕이펜하우스 4단지 후문,325,2022-06-01,대여소별 이용정보 22.6.csv
서초구,이수2팀,2283. 그룹한빌딩옆,326,2022-06-01,대여소별 이용정보 22.6.csv
광진구,중랑1팀,3503. 광진유진스웰,326,2022-06-01,대여소별 이용정보 22.6.csv
금천구,천왕3팀,1836. 금천구립 독산도서관,327,2022-06-01,대여소별 이용정보 22.6.csv
서초구,이수3팀,2519.서초2교(사임당로 방면),328,2022-06-01,대여소별 이용정보 22.6.csv
서초구,이수3팀,2235.KT 서초지사 앞,329,2022-06-01,대여소별 이용정보 22.6.csv
강남구,학여울2팀,2383. 보금자리정원,329,2022-06-01,대여소별 이용정보 22.6.csv
강남구,이수3팀,4903. 신사스퀘어,331,2022-06-01,대여소별 이용정보 22.6.csv
강남구,학여울1팀,2354. 청담역 2번출구,331,2022-06-01,대여소별 이용정보 22.6.csv
중랑구,중랑3팀,1410. 면목 대원칸타빌아파트,332,2022-06-01,대여소별 이용정보 22.6.csv
강서구,개화1팀,1200. 개화광역환승센터,334,2022-06-01,대여소별 이용정보 22.6.csv
강남구,학여울1팀,2371. 한국우편사업진흥원,334,2022-06-01,대여소별 이용정보 22.6.csv
광진구,중랑1팀,3564.나루마당,334,2022-06-01,대여소별 이용정보 22.6.csv
송파구,천호2팀,4461. 한양3차아파트 3동 앞,336,2022-06-01,대여소별 이용정보 22.6.csv
동작구,이수2팀,2078.흑석 아크로리버하임(103동),338,2022-06-01,대여소별 이용정보 22.6.csv
서대문구,상암1팀,3100. 북성초교,338,2022-06-01,대여소별 이용정보 22.6.csv
동대문구,훈련원4팀,608. 전농삼성아파트,339,2022-06-01,대여소별 이용정보 22.6.csv
강서구,개화1팀,1101. 개화동상사마을종점 버스정류장,339,2022-06-01,대여소별 이용정보 22.6.csv
동대문구,훈련원4팀,681.서울특별시 동부교육지원청(육교),340,2022-06-01,대여소별 이용정보 22.6.csv
종로구,훈련원1팀,3401.창신두산아파트,341,2022-06-01,대여소별 이용정보 22.6.csv
서초구,이수3팀,4304. 서울고앞,343,2022-06-01,대여소별 이용정보 22.6.csv
성북구,훈련원2팀,1353. 금호어울림센터힐 내,343,2022-06-01,대여소별 이용정보 22.6.csv
은평구,상암3팀,994.북한산생태공원입구(교통섬),343,2022-06-01,대여소별 이용정보 22.6.csv
동작구,영남2팀,4158. 노량진근린공원,345,2022-06-01,대여소별 이용정보 22.6.csv
강북구,도봉4팀,1558.강북문화정보도서관,349,2022-06-01,대여소별 이용정보 22.6.csv
성북구,훈련원2팀,1304. 만해공원,350,2022-06-01,대여소별 이용정보 22.6.csv
용산구,세종로 4팀,4625. 용산공원갤러리앞,350,2022-06-01,대여소별 이용정보 22.6.csv
서초구,이수1팀,2256.양재동 꽃시장 입구,351,2022-06-01,대여소별 이용정보 22.6.csv
용산구,세종로3팀,4632. 용산 푸르지오 파크타운 1단지 앞,351,2022-06-01,대여소별 이용정보 22.6.csv
서초구,이수1팀,2203. 청계산입구역 2번출구,351,2022-06-01,대여소별 이용정보 22.6.csv
용산구,세종로3팀,802. 한강진역 2번 출구 앞,352,2022-06-01,대여소별 이용정보 22.6.csv
은평구,상암3팀,992.북한산입구 정류장,352,2022-06-01,대여소별 이용정보 22.6.csv
은평구,상암3팀,977.신도중학교앞,353,2022-06-01,대여소별 이용정보 22.6.csv
중랑구,중랑3팀,4834. 용마복지센터 앞,354,2022-06-01,대여소별 이용정보 22.6.csv
금천구,천왕3팀,1847. 독산주공 14단지 버스정류소,354,2022-06-01,대여소별 이용정보 22.6.csv
강남구,학여울2팀,3611. 방죽마을 입구,355,2022-06-01,대여소별 이용정보 22.6.csv
서초구,이수3팀,4312. 반포미도2차아파트 옆,357,2022-06-01,대여소별 이용정보 22.6.csv
성동구,중랑2팀,3530. 왕십리자이아파트 후문(삼거리),357,2022-06-01,대여소별 이용정보 22.6.csv
강남구,학여울1팀,3620. 청담역 11번 출구,357,2022-06-01,대여소별 이용정보 22.6.csv
송파구,천호2팀,4892. 성내유수지 체육공원,358,2022-06-01,대여소별 이용정보 22.6.csv
서대문구,상암1팀,3114.충정로역 3번 출구,359,2022-06-01,대여소별 이용정보 22.6.csv
강북구,도봉4팀,3714. 송천센트레빌,360,2022-06-01,대여소별 이용정보 22.6.csv
성동구,중랑2팀,3551.성동도로사업소,362,2022-06-01,대여소별 이용정보 22.6.csv
송파구,천호2팀,2609. 보성중고등학교 후문 앞,363,2022-06-01,대여소별 이용정보 22.6.csv
서초구,이수3팀,2548.반포1동 자율방범초소 옆,363,2022-06-01,대여소별 이용정보 22.6.csv
영등포구,영남3팀,4585. 국회6문,363,2022-06-01,대여소별 이용정보 22.6.csv
성동구,중랑2팀,3555.양지사거리(센트라스APT 115동앞),364,2022-06-01,대여소별 이용정보 22.6.csv
송파구,천호2팀,4881. 거여동사거리 송파둘레길 입구,364,2022-06-01,대여소별 이용정보 22.6.csv
중랑구,중랑3팀,4802. 새우개마을,364,2022-06-01,대여소별 이용정보 22.6.csv
금천구,천왕3팀,1820. 신한은행 시흥대로금융센터지점,366,2022-06-01,대여소별 이용정보 22.6.csv
금천구,천왕3팀,3974. 안천중학교,369,2022-06-01,대여소별 이용정보 22.6.csv
강남구,학여울2팀,3637. 세곡데이케어센터,369,2022-06-01,대여소별 이용정보 22.6.csv
용산구,세종로3팀,4608. 국립중앙박물관 정문 앞,369,2022-06-01,대여소별 이용정보 22.6.csv
영등포구,영남3팀,4580. 국회3문,369,2022-06-01,대여소별 이용정보 22.6.csv
구로구,천왕1팀,2817.천왕이펜하우스5단지 앞,371,2022-06-01,대여소별 이용정보 22.6.csv
금천구,천왕2팀,1850. 코오롱테크노밸리,372,2022-06-01,대여소별 이용정보 22.6.csv
종로구,세종로1팀,451. 청와대앞길,373,2022-06-01,대여소별 이용정보 22.6.csv
구로구,천왕1팀,1969. 궁동생태공원,373,2022-06-01,대여소별 이용정보 22.6.csv
동작구,이수2팀,2038. 동작역 7번출구,374,2022-06-01,대여소별 이용정보 22.6.csv
종로구,세종로1팀,3427.인왕산 아이파크 정문,375,2022-06-01,대여소별 이용정보 22.6.csv
용산구,세종로 4팀,823. 효창동주민센터 앞,376,2022-06-01,대여소별 이용정보 22.6.csv
강남구,학여울1팀,2363. 강남 을지병원 교차로,378,2022-06-01,대여소별 이용정보 22.6.csv
용산구,세종로3팀,858.녹사평역3번 출구,378,2022-06-01,대여소별 이용정보 22.6.csv
서초구,이수3팀,4315. 이투스교육 앞,380,2022-06-01,대여소별 이용정보 22.6.csv
동작구,이수2팀,2071. 대림아파트 후문 상가 옆,381,2022-06-01,대여소별 이용정보 22.6.csv
강북구,도봉4팀,1538. 솔밭공원역,383,2022-06-01,대여소별 이용정보 22.6.csv
서대문구,상암2팀,3105. 홍은센트레빌 아파트 앞,383,2022-06-01,대여소별 이용정보 22.6.csv
중랑구,중랑3팀,1463.중랑구민회관,383,2022-06-01,대여소별 이용정보 22.6.csv
동대문구,훈련원4팀,616. 서울시립대 앞,383,2022-06-01,대여소별 이용정보 22.6.csv
강서구,개화1팀,1196. 서울식물원(문화센터) 건너편,383,2022-06-01,대여소별 이용정보 22.6.csv
서초구,이수1팀,2516.본마을 노인복지센터 앞,384,2022-06-01,대여소별 이용정보 22.6.csv
영등포구,영남3팀,4583. 의정관,384,2022-06-01,대여소별 이용정보 22.6.csv
강남구,학여울1팀,2349. 역삼빌딩 앞(하나은행 옆),384,2022-06-01,대여소별 이용정보 22.6.csv
강서구,개화2팀,1181. 농수산식품공사 (강서지사),385,2022-06-01,대여소별 이용정보 22.6.csv
영등포구,영남3팀,295.영등포공원 분수대 앞,386,2022-06-01,대여소별 이용정보 22.6.csv
중랑구,중랑3팀,1459. 용마한신아파트사거리,386,2022-06-01,대여소별 이용정보 22.6.csv
관악구,영남2팀,2184. 구암초등학교 버스정류장,387,2022-06-01,대여소별 이용정보 22.6.csv
구로구,천왕1팀,2804.항동지구 6단지 602동 앞,387,2022-06-01,대여소별 이용정보 22.6.csv
금천구,천왕3팀,1852. 혜명양로원 담장 옆,387,2022-06-01,대여소별 이용정보 22.6.csv
영등포구,영남3팀,4582. 국회도서관,388,2022-06-01,대여소별 이용정보 22.6.csv
서대문구,상암1팀,3117.이화여대 인문관 인근,390,2022-06-01,대여소별 이용정보 22.6.csv
강동구,천호1팀,1038. 강일 다솜 어린이 공원,391,2022-06-01,대여소별 이용정보 22.6.csv
서대문구,상암2팀,3109.북한산더? 106동 앞,391,2022-06-01,대여소별 이용정보 22.6.csv
강남구,학여울1팀,2390. 구룡마을 입구 (래미안블레스티지 아파트),392,2022-06-01,대여소별 이용정보 22.6.csv
종로구,세종로2팀,352. 중앙고입구 삼거리,392,2022-06-01,대여소별 이용정보 22.6.csv
중구,세종로 4팀,435. SK 남산빌딩,393,2022-06-01,대여소별 이용정보 22.6.csv
관악구,이수2팀,2165. JK장평타워,394,2022-06-01,대여소별 이용정보 22.6.csv
중구,세종로 4팀,442.서울역 서부,395,2022-06-01,대여소별 이용정보 22.6.csv
종로구,세종로1팀,3426.독립문역 2번출구 뒤,396,2022-06-01,대여소별 이용정보 22.6.csv
도봉구,도봉3팀,1703. 도봉산광역환승센터앞,396,2022-06-01,대여소별 이용정보 22.6.csv
중랑구,중랑3팀,4840. 서울시 북부병원 앞,397,2022-06-01,대여소별 이용정보 22.6.csv
금천구,천왕3팀,1823. 상신정비공업 앞,399,2022-06-01,대여소별 이용정보 22.6.csv
종로구,훈련원1팀,3402.이화공영주차장,399,2022-06-01,대여소별 이용정보 22.6.csv
은평구,상암2팀,4684. 응암2동주민센터 버스정류장(영락중학교 방면),400,2022-06-01,대여소별 이용정보 22.6.csv
도봉구,도봉3팀,1756.서울북부광역등기국,400,2022-06-01,대여소별 이용정보 22.6.csv
중구,세종로 4팀,4752. 삼성사이버빌리지아파트,400,2022-06-01,대여소별 이용정보 22.6.csv
마포구,상암1팀,4234. 에스테반,400,2022-06-01,대여소별 이용정보 22.6.csv
중랑구,중랑3팀,1426. 면목도시개발아파트 1동 앞,401,2022-06-01,대여소별 이용정보 22.6.csv
구로구,천왕1팀,2814.항동지구 10단지 1001동 앞,401,2022-06-01,대여소별 이용정보 22.6.csv
도봉구,도봉3팀,1728. 서울북부지방법원,403,2022-06-01,대여소별 이용정보 22.6.csv
구로구,천왕2팀,1979. 구로1동우체국 앞,403,2022-06-01,대여소별 이용정보 22.6.csv
금천구,천왕3팀,1858. 500번·507번 버스 종점 앞,405,2022-06-01,대여소별 이용정보 22.6.csv
성북구,훈련원2팀,1316. 고려사대부속중고 건너편,406,2022-06-01,대여소별 이용정보 22.6.csv
성동구,중랑2팀,569. 응봉현대아파트 정류소,406,2022-06-01,대여소별 이용정보 22.6.csv
강동구,천호1팀,3663. 암사정수센터교차로(강동롯데캐슬퍼스트아파트),408,2022-06-01,대여소별 이용정보 22.6.csv
강동구,천호1팀,1054. 말우물 어린이 공원,409,2022-06-01,대여소별 이용정보 22.6.csv
성북구,훈련원2팀,1370. 복자사랑 피정의 집,409,2022-06-01,대여소별 이용정보 22.6.csv
은평구,상암3팀,973.제각말푸르지오 5-1단지 아파트,410,2022-06-01,대여소별 이용정보 22.6.csv
강북구,도봉4팀,3703. 신성교회 앞,412,2022-06-01,대여소별 이용정보 22.6.csv
강서구,개화2팀,3766. 강서문화센터,413,2022-06-01,대여소별 이용정보 22.6.csv
용산구,세종로 4팀,4602. 숙명여대앞 버스정류소 주변,414,2022-06-01,대여소별 이용정보 22.6.csv
강남구,학여울1팀,2309. 청담역(우리들병원 앞),416,2022-06-01,대여소별 이용정보 22.6.csv
성북구,훈련원2팀,1314. 정릉꿈에그린1단지 201동 앞,416,2022-06-01,대여소별 이용정보 22.6.csv
강남구,이수3팀,2406. 논현동 광명빌딩 앞,417,2022-06-01,대여소별 이용정보 22.6.csv
성북구,훈련원2팀,1365. 선잠단지 앞,418,2022-06-01,대여소별 이용정보 22.6.csv
강동구,천호1팀,3672. 고덕중학교 후문,418,2022-06-01,대여소별 이용정보 22.6.csv
강북구,도봉4팀,1510. 번동주공5단지 관리사무소 앞,418,2022-06-01,대여소별 이용정보 22.6.csv
마포구,상암1팀,127. 현대벤처빌 앞,419,2022-06-01,대여소별 이용정보 22.6.csv
관악구,이수2팀,3806. 낙성대 교수아파트,420,2022-06-01,대여소별 이용정보 22.6.csv
송파구,학여울2팀,4885. 가든파이브 리빙관,421,2022-06-01,대여소별 이용정보 22.6.csv
종로구,세종로1팀,449. 일성아파트,421,2022-06-01,대여소별 이용정보 22.6.csv
중구,훈련원1팀,428. 명보사거리,421,2022-06-01,대여소별 이용정보 22.6.csv
서대문구,상암1팀,173. 서대문역 8번출구 앞,422,2022-06-01,대여소별 이용정보 22.6.csv
중랑구,중랑3팀,4811. 한양수자인아파트 앞,423,2022-06-01,대여소별 이용정보 22.6.csv
동작구,영남2팀,2057. 상도 아이파크 아파트,424,2022-06-01,대여소별 이용정보 22.6.csv
서대문구,상암2팀,161. 무악재역1번 출구,425,2022-06-01,대여소별 이용정보 22.6.csv
관악구,영남2팀,3310.영락고등학교,425,2022-06-01,대여소별 이용정보 22.6.csv
강남구,학여울1팀,2427.개포고등학교 정문앞,425,2022-06-01,대여소별 이용정보 22.6.csv
서초구,이수1팀,4329. SC제일은행 양재동지점 앞,427,2022-06-01,대여소별 이용정보 22.6.csv
서초구,이수1팀,2285. LH서초3단지 301동 맞은편,427,2022-06-01,대여소별 이용정보 22.6.csv
양천구,천왕1팀,724. 계남공원 입구 주출입구 좌측,428,2022-06-01,대여소별 이용정보 22.6.csv
강동구,천호1팀,1006. 롯데캐슬 115동앞,429,2022-06-01,대여소별 이용정보 22.6.csv
강동구,천호1팀,1071.명일근린공원공동체텃밭,431,2022-06-01,대여소별 이용정보 22.6.csv
종로구,훈련원1팀,4703. 쌍용아파트2단지 정문,433,2022-06-01,대여소별 이용정보 22.6.csv
동작구,영남2팀,4162. 노량진1동 청소년독서실,434,2022-06-01,대여소별 이용정보 22.6.csv
동작구,이수2팀,2041. 사당중학교 버스정류소,436,2022-06-01,대여소별 이용정보 22.6.csv
마포구,상암1팀,494.신수동주민센터,436,2022-06-01,대여소별 이용정보 22.6.csv
송파구,학여울2팀,1263. 장지공영차고지,436,2022-06-01,대여소별 이용정보 22.6.csv
용산구,세종로 4팀,830. 청암자이아파트앞,436,2022-06-01,대여소별 이용정보 22.6.csv
동대문구,훈련원4팀,679.전농SK아파트 앞,438,2022-06-01,대여소별 이용정보 22.6.csv
강남구,학여울1팀,2305. MCM 본사 직영점 앞,439,2022-06-01,대여소별 이용정보 22.6.csv
강북구,도봉4팀,1513. 강북구청 뒷편,443,2022-06-01,대여소별 이용정보 22.6.csv
강남구,학여울1팀,3646. 선정릉역 4번 출구,443,2022-06-01,대여소별 이용정보 22.6.csv
마포구,상암1팀,410. 상암중학교 옆,446,2022-06-01,대여소별 이용정보 22.6.csv
서초구,이수1팀,2258.구룡사 삼거리,447,2022-06-01,대여소별 이용정보 22.6.csv
금천구,천왕3팀,1865.금천구청앞(M빌딩),449,2022-06-01,대여소별 이용정보 22.6.csv
중구,세종로2팀,4761. 탐앤탐스 을지로3가점,449,2022-06-01,대여소별 이용정보 22.6.csv
은평구,상암3팀,959. 구파발10단지 인근,449,2022-06-01,대여소별 이용정보 22.6.csv
중구,세종로2팀,4784. 중부경찰서앞 사거리,450,2022-06-01,대여소별 이용정보 22.6.csv
서대문구,상암1팀,171. 임광빌딩 앞,452,2022-06-01,대여소별 이용정보 22.6.csv
송파구,천호2팀,4888. 둔촌오륜역 2번출구,452,2022-06-01,대여소별 이용정보 22.6.csv
송파구,학여울2팀,1290. 위례송파꿈에그린아파트24단지 앞 성벽 다리 밑,453,2022-06-01,대여소별 이용정보 22.6.csv
용산구,세종로3팀,4609. 파크타워 104동 앞,457,2022-06-01,대여소별 이용정보 22.6.csv
도봉구,도봉3팀,1757.솔밭공원역 1번출구 앞,457,2022-06-01,대여소별 이용정보 22.6.csv
강남구,학여울1팀,2357. 르네상스호텔사거리 역삼지하보도 3번출구 앞 (더 오번 빌딩 명동칼국수 앞),458,2022-06-01,대여소별 이용정보 22.6.csv
노원구,도봉1팀,1635. 상계3.4동 주민센터 대여소,458,2022-06-01,대여소별 이용정보 22.6.csv
강남구,학여울1팀,3630. 개포우성6차아파트 정문 앞,458,2022-06-01,대여소별 이용정보 22.6.csv
성북구,훈련원2팀,1315. 고려사대부속중고 정문,461,2022-06-01,대여소별 이용정보 22.6.csv
중구,세종로2팀,4762. 국제빌딩,462,2022-06-01,대여소별 이용정보 22.6.csv
광진구,중랑1팀,3521. 현대홈타운 뒷길,464,2022-06-01,대여소별 이용정보 22.6.csv
도봉구,도봉3팀,1714. 도봉문화정보도서관 삼거리,464,2022-06-01,대여소별 이용정보 22.6.csv
중랑구,중랑3팀,4827. 신내SK V1센터 앞,465,2022-06-01,대여소별 이용정보 22.6.csv
강남구,이수1팀,3634. 국악고교 앞 교차로,465,2022-06-01,대여소별 이용정보 22.6.csv
은평구,상암3팀,4667. 폭포동입구 교차로,467,2022-06-01,대여소별 이용정보 22.6.csv
강남구,학여울1팀,2382. 역삼동 sk뷰 501동앞,467,2022-06-01,대여소별 이용정보 22.6.csv
성북구,훈련원2팀,1323. 월곡역 입구 육교 밑,467,2022-06-01,대여소별 이용정보 22.6.csv
강북구,도봉4팀,1573.현대성우아파트 옆,468,2022-06-01,대여소별 이용정보 22.6.csv
송파구,천호2팀,5751. 송파여성축구장,469,2022-06-01,대여소별 이용정보 22.6.csv
서초구,이수2팀,2223. 방배래미안 정문 앞,470,2022-06-01,대여소별 이용정보 22.6.csv
관악구,이수2팀,3802. 관악구민체육센터,472,2022-06-01,대여소별 이용정보 22.6.csv
용산구,세종로3팀,867.서빙고역 광장(1번출구),472,2022-06-01,대여소별 이용정보 22.6.csv
은평구,상암3팀,966. 서울혁신파크1,473,2022-06-01,대여소별 이용정보 22.6.csv
송파구,학여울2팀,4490. 송파파인타운 10단지 1005동,474,2022-06-01,대여소별 이용정보 22.6.csv
강동구,천호1팀,1053. 동명근린공원 진입로 (아리수로),474,2022-06-01,대여소별 이용정보 22.6.csv
강남구,학여울1팀,2326. 대치동 삼성로,474,2022-06-01,대여소별 이용정보 22.6.csv
동작구,이수2팀,2094.숭실대학교(중문),474,2022-06-01,대여소별 이용정보 22.6.csv
중랑구,중랑3팀,4815. 중랑데시앙플렉스 앞,475,2022-06-01,대여소별 이용정보 22.6.csv
은평구,상암2팀,978.녹번 힐스테이트상가앞,475,2022-06-01,대여소별 이용정보 22.6.csv
금천구,천왕3팀,1868.우리은행 시흥남자동화점 앞,476,2022-06-01,대여소별 이용정보 22.6.csv
강남구,학여울2팀,2351. 청소년수련관(수영장)앞,478,2022-06-01,대여소별 이용정보 22.6.csv
강동구,천호1팀,3659. 명일초등학교 옆,479,2022-06-01,대여소별 이용정보 22.6.csv
송파구,천호2팀,2649.오금공원사거리2,479,2022-06-01,대여소별 이용정보 22.6.csv
강서구,개화1팀,1188. 롯데중앙연구소,480,2022-06-01,대여소별 이용정보 22.6.csv
은평구,상암3팀,952. 서울연신중학교,480,2022-06-01,대여소별 이용정보 22.6.csv
강동구,천호1팀,3661. 명일동신동아아파트 앞,480,2022-06-01,대여소별 이용정보 22.6.csv
관악구,이수2팀,3307.봉천고개 육교,483,2022-06-01,대여소별 이용정보 22.6.csv
강남구,학여울1팀,2329. 르네상스호텔사거리 역삼지하보도 2번출구,484,2022-06-01,대여소별 이용정보 22.6.csv
구로구,천왕1팀,1971. 오정초교 앞 보도육교,485,2022-06-01,대여소별 이용정보 22.6.csv
강남구,학여울1팀,2368. 도곡동 경남아파트 건너편,485,2022-06-01,대여소별 이용정보 22.6.csv
서대문구,상암1팀,159. 이대역 4번 출구,486,2022-06-01,대여소별 이용정보 22.6.csv
마포구,상암1팀,4247. 서울서부지방법원등기국앞,486,2022-06-01,대여소별 이용정보 22.6.csv
도봉구,도봉3팀,1731. 도봉고등학교 맞은편,487,2022-06-01,대여소별 이용정보 22.6.csv
은평구,상암3팀,928. 은평역사한옥박물관,487,2022-06-01,대여소별 이용정보 22.6.csv
서초구,이수3팀,2535.신반포역 3번출구 뒤,488,2022-06-01,대여소별 이용정보 22.6.csv
강동구,천호1팀,1037. 강일리버파크 6단지,489,2022-06-01,대여소별 이용정보 22.6.csv
영등포구,영남3팀,4581. 국회소통관,490,2022-06-01,대여소별 이용정보 22.6.csv
중랑구,중랑3팀,4807. 라코지스테이 앞,490,2022-06-01,대여소별 이용정보 22.6.csv
서초구,이수3팀,2520.서초1교 (진흥아파트 방면),490,2022-06-01,대여소별 이용정보 22.6.csv
강남구,학여울1팀,2307. 압구정 한양 3차 아파트,492,2022-06-01,대여소별 이용정보 22.6.csv
용산구,세종로3팀,4622. 한강중학교 앞 버스정류장,495,2022-06-01,대여소별 이용정보 22.6.csv
송파구,천호2팀,4883. 위례포레샤인18단지 1812동,497,2022-06-01,대여소별 이용정보 22.6.csv
용산구,세종로3팀,4607. 국립중앙박물관 -용산가족공원 앞,498,2022-06-01,대여소별 이용정보 22.6.csv
용산구,세종로 4팀,4636. 용산구꿈나무종합타운 앞,498,2022-06-01,대여소별 이용정보 22.6.csv
강서구,개화2팀,1161. 강서면허시험장 앞,499,2022-06-01,대여소별 이용정보 22.6.csv
용산구,세종로 4팀,851.효창 푸르지오 앞,499,2022-06-01,대여소별 이용정보 22.6.csv
관악구,이수2팀,3804. 낙성대공원,499,2022-06-01,대여소별 이용정보 22.6.csv
노원구,도봉1팀,4043. 상계주공13단지 1301동,500,2022-06-01,대여소별 이용정보 22.6.csv
강동구,천호1팀,3682. 길동 동호빌딩,506,2022-06-01,대여소별 이용정보 22.6.csv
중구,세종로2팀,4776. 신세계면세점,506,2022-06-01,대여소별 이용정보 22.6.csv
노원구,도봉2팀,4040. 공릉로 26길,507,2022-06-01,대여소별 이용정보 22.6.csv
은평구,상암3팀,964. 북한산힐스테이트 7차아파트,507,2022-06-01,대여소별 이용정보 22.6.csv
강남구,학여울1팀,2380. 삼성동베이직하우스앞,508,2022-06-01,대여소별 이용정보 22.6.csv
중랑구,중랑3팀,1477.면목삼익아파트 앞,509,2022-06-01,대여소별 이용정보 22.6.csv
강서구,개화2팀,3799. 국립항공박물관,509,2022-06-01,대여소별 이용정보 22.6.csv
성북구,훈련원2팀,1366. 일신초등학교 옆,509,2022-06-01,대여소별 이용정보 22.6.csv
구로구,천왕2팀,2825.초롱타운 앞,509,2022-06-01,대여소별 이용정보 22.6.csv
용산구,세종로3팀,869.노들섬 동측 앞,510,2022-06-01,대여소별 이용정보 22.6.csv
도봉구,도봉3팀,4064. 신창아파트 입구 앞,510,2022-06-01,대여소별 이용정보 22.6.csv
강남구,학여울1팀,2370. 한티역 3번출구,511,2022-06-01,대여소별 이용정보 22.6.csv
용산구,세종로 4팀,4604. 원효로다목적체육관 앞,512,2022-06-01,대여소별 이용정보 22.6.csv
서대문구,상암2팀,164. 북가좌1동 주민센터,512,2022-06-01,대여소별 이용정보 22.6.csv
서초구,이수3팀,2280. 서울서초고용센터앞,513,2022-06-01,대여소별 이용정보 22.6.csv
강남구,학여울2팀,2376. 수서역 6번출구 앞,513,2022-06-01,대여소별 이용정보 22.6.csv
구로구,천왕2팀,1910. 낙원교회 맞은편,513,2022-06-01,대여소별 이용정보 22.6.csv
서초구,이수1팀,2270. 서초포레스타 7단지,515,2022-06-01,대여소별 이용정보 22.6.csv
강남구,학여울1팀,2388. 강남구 도시관리공단,515,2022-06-01,대여소별 이용정보 22.6.csv
송파구,천호2팀,1213. 백토공원 앞,516,2022-06-01,대여소별 이용정보 22.6.csv
서초구,이수3팀,2272. 교대입구 교차로,517,2022-06-01,대여소별 이용정보 22.6.csv
은평구,상암2팀,971. 역촌 센트레빌 아파트,519,2022-06-01,대여소별 이용정보 22.6.csv
서초구,이수1팀,2241.양재전화국 사거리,520,2022-06-01,대여소별 이용정보 22.6.csv
중구,훈련원1팀,479.동대입구역 3번 출구,521,2022-06-01,대여소별 이용정보 22.6.csv
양천구,개화4팀,4516. 신진빌라,521,2022-06-01,대여소별 이용정보 22.6.csv
동작구,이수2팀,2083.흑석롯데캐슬에듀포레(107동),522,2022-06-01,대여소별 이용정보 22.6.csv
금천구,천왕3팀,1819. 금천구청 앞 자전거거치대,523,2022-06-01,대여소별 이용정보 22.6.csv
성동구,중랑2팀,534. 금호사거리,527,2022-06-01,대여소별 이용정보 22.6.csv
강동구,천호1팀,1034. 고덕동 래미안 힐스테이트,528,2022-06-01,대여소별 이용정보 22.6.csv
성동구,중랑2팀,3547.상왕십리역 6번 출입구,528,2022-06-01,대여소별 이용정보 22.6.csv
성동구,중랑2팀,522. 금호역 1번출구 앞,528,2022-06-01,대여소별 이용정보 22.6.csv
강북구,도봉4팀,1571.북서울 꿈의 숲 입구,529,2022-06-01,대여소별 이용정보 22.6.csv
강남구,학여울1팀,2428.롯데리아 개포점앞,530,2022-06-01,대여소별 이용정보 22.6.csv
은평구,상암3팀,967. 서울혁신파크2,530,2022-06-01,대여소별 이용정보 22.6.csv
구로구,천왕1팀,1967. 참새공원(백곡경노당),530,2022-06-01,대여소별 이용정보 22.6.csv
서대문구,상암1팀,3134.SK리쳄블(상수도사업본부),530,2022-06-01,대여소별 이용정보 22.6.csv
강동구,천호1팀,3654. 강동리버스트4단지아파트 405동 앞,531,2022-06-01,대여소별 이용정보 22.6.csv
마포구,상암1팀,120. 신수동 사거리,532,2022-06-01,대여소별 이용정보 22.6.csv
서초구,이수3팀,2502. 서초역1번출구 앞,533,2022-06-01,대여소별 이용정보 22.6.csv
강남구,학여울1팀,2318. 삼성중앙역4번출구(문화센터더 리빌),534,2022-06-01,대여소별 이용정보 22.6.csv
강남구,학여울1팀,2323. 주식회사 오뚜기 정문 앞,534,2022-06-01,대여소별 이용정보 22.6.csv
용산구,세종로3팀,822. 이촌1동 마을공원,535,2022-06-01,대여소별 이용정보 22.6.csv
강남구,학여울1팀,2381. 언주역 6번출구앞,536,2022-06-01,대여소별 이용정보 22.6.csv
송파구,천호2팀,4882. 위례포레샤인18단지 1802동,537,2022-06-01,대여소별 이용정보 22.6.csv
강북구,도봉4팀,1522. 월드전기조명인테리어(우이동),538,2022-06-01,대여소별 이용정보 22.6.csv
강남구,학여울1팀,2353. 강남구청역 2번출구 뒤,538,2022-06-01,대여소별 이용정보 22.6.csv
중랑구,중랑3팀,1418. 새솔초등학교,538,2022-06-01,대여소별 이용정보 22.6.csv
금천구,천왕3팀,3968. 독산동 현대홈타운 금천과선교 앞,538,2022-06-01,대여소별 이용정보 22.6.csv
강동구,천호1팀,1069.강동경희대학교병원 입구,539,2022-06-01,대여소별 이용정보 22.6.csv
송파구,천호2팀,1258. 가락미륭아파트 앞,539,2022-06-01,대여소별 이용정보 22.6.csv
강동구,천호1팀,3688. 상일동산(동아아파트앞 교차로),539,2022-06-01,대여소별 이용정보 22.6.csv
서대문구,상암1팀,139. 연세대 정문 건너편,541,2022-06-01,대여소별 이용정보 22.6.csv
송파구,천호2팀,4485. 잠실나루역 고가하부,542,2022-06-01,대여소별 이용정보 22.6.csv
서초구,이수3팀,2298. 래미안서초스위트앞,543,2022-06-01,대여소별 이용정보 22.6.csv
송파구,천호2팀,4454. 위례 포레샤인 1809동 부근,543,2022-06-01,대여소별 이용정보 22.6.csv
구로구,천왕1팀,2818.천왕이펜하우스3단지 앞,543,2022-06-01,대여소별 이용정보 22.6.csv
노원구,도봉2팀,2907. 월계중학교,543,2022-06-01,대여소별 이용정보 22.6.csv
중랑구,중랑3팀,1421. 신내역 4번출구,544,2022-06-01,대여소별 이용정보 22.6.csv
마포구,상암1팀,489.구룡근린공원,544,2022-06-01,대여소별 이용정보 22.6.csv
마포구,상암1팀,3006. 상암월드컵파크5단지(상암중학교),544,2022-06-01,대여소별 이용정보 22.6.csv
동대문구,훈련원4팀,621. 동대문중학교 옆,545,2022-06-01,대여소별 이용정보 22.6.csv
중구,세종로2팀,469.회현역 1번출구,546,2022-06-01,대여소별 이용정보 22.6.csv
송파구,학여울2팀,2650.위례22단지 2208동 다리앞,549,2022-06-01,대여소별 이용정보 22.6.csv
노원구,도봉2팀,1679. 삼육대 도서관,549,2022-06-01,대여소별 이용정보 22.6.csv
금천구,천왕3팀,1863.위너스 스포츠클럽 골프연습장옆,550,2022-06-01,대여소별 이용정보 22.6.csv
강남구,학여울1팀,3636. 삼성중앙역·플래티넘아파트 정류소,551,2022-06-01,대여소별 이용정보 22.6.csv
중구,세종로2팀,466.롯데호텔,551,2022-06-01,대여소별 이용정보 22.6.csv
관악구,영남2팀,2143. 서울산업정보학교,553,2022-06-01,대여소별 이용정보 22.6.csv
영등포구,영남3팀,4579. 국회의사당 본관,554,2022-06-01,대여소별 이용정보 22.6.csv
노원구,도봉2팀,4045. 은하수 공원,555,2022-06-01,대여소별 이용정보 22.6.csv
은평구,상암3팀,941. 은평뉴타운 도서관,555,2022-06-01,대여소별 이용정보 22.6.csv
구로구,천왕1팀,1992. 구로구배드민턴실내체육관 앞,555,2022-06-01,대여소별 이용정보 22.6.csv
강북구,도봉4팀,1504. 다이소 삼양시장점,556,2022-06-01,대여소별 이용정보 22.6.csv
용산구,세종로 4팀,827. 국군복지단,559,2022-06-01,대여소별 이용정보 22.6.csv
마포구,상암1팀,4248. 신촌 교보빌딩,559,2022-06-01,대여소별 이용정보 22.6.csv
금천구,천왕3팀,1826. 한신코아 앞,563,2022-06-01,대여소별 이용정보 22.6.csv
송파구,천호2팀,1279. 마천금호어울림 1차아파트 건너편,564,2022-06-01,대여소별 이용정보 22.6.csv
금천구,천왕3팀,1853. 서울디자인직업전문학교 앞,565,2022-06-01,대여소별 이용정보 22.6.csv
동작구,이수2팀,2088.상도중앙하이츠빌 입구,565,2022-06-01,대여소별 이용정보 22.6.csv
강남구,학여울1팀,2358. 구룡초사거리 (현대아파트10동 앞 ),566,2022-06-01,대여소별 이용정보 22.6.csv
종로구,세종로1팀,4718. 광화문역 6번출구 옆 A,567,2022-06-01,대여소별 이용정보 22.6.csv
강동구,천호1팀,1058. 고덕숲 아이파크 1,569,2022-06-01,대여소별 이용정보 22.6.csv
도봉구,도봉3팀,1717. 시립창동운동장 입구,570,2022-06-01,대여소별 이용정보 22.6.csv
성동구,중랑2팀,533. 금남시장 교차로,572,2022-06-01,대여소별 이용정보 22.6.csv
도봉구,도봉3팀,1761.방학중학교 앞,572,2022-06-01,대여소별 이용정보 22.6.csv
강북구,도봉4팀,1539. 4.19민주묘지역,572,2022-06-01,대여소별 이용정보 22.6.csv
구로구,천왕1팀,1968. 동인오피스텔 건너편 소공원,573,2022-06-01,대여소별 이용정보 22.6.csv
용산구,세종로3팀,808. 서빙고동 금호맨션 앞,573,2022-06-01,대여소별 이용정보 22.6.csv
강북구,도봉4팀,1542. 삼양사거리역,574,2022-06-01,대여소별 이용정보 22.6.csv
중랑구,중랑3팀,1436. 동원베네스트 건물 앞,575,2022-06-01,대여소별 이용정보 22.6.csv
양천구,천왕1팀,767.신정숲속마을아파트,575,2022-06-01,대여소별 이용정보 22.6.csv
강남구,학여울1팀,2336. 강남세브란스교차로 래미안그레이튼 104동 앞,576,2022-06-01,대여소별 이용정보 22.6.csv
강북구,도봉4팀,1546. 송천동우체국,578,2022-06-01,대여소별 이용정보 22.6.csv
강서구,개화2팀,5072. 김포공항입구 교통섬,579,2022-06-01,대여소별 이용정보 22.6.csv
강북구,상암1팀,4269. 연희IC 남측,580,2022-06-01,대여소별 이용정보 22.6.csv
강북구,도봉4팀,1547. 꿈의숲 롯데캐슬,582,2022-06-01,대여소별 이용정보 22.6.csv
서초구,이수3팀,2527.반포중학교 앞(세화여고 맞은편),582,2022-06-01,대여소별 이용정보 22.6.csv
마포구,상암1팀,491.월드컵파크 4단지,584,2022-06-01,대여소별 이용정보 22.6.csv
서초구,이수3팀,2521.서초 크로바타워 앞,585,2022-06-01,대여소별 이용정보 22.6.csv
중구,세종로1팀,4753. 우리은행 서소문금융센터,585,2022-06-01,대여소별 이용정보 22.6.csv
서초구,이수1팀,4320. 신영체르니 아파트,586,2022-06-01,대여소별 이용정보 22.6.csv
종로구,훈련원1팀,397. 종묘공영주차장 건너편,588,2022-06-01,대여소별 이용정보 22.6.csv
용산구,세종로3팀,857. 현대 안성타워,588,2022-06-01,대여소별 이용정보 22.6.csv
성북구,훈련원2팀,1391.성북청소년센터,590,2022-06-01,대여소별 이용정보 22.6.csv
서초구,이수3팀,2526.반포경남쇼핑 앞,590,2022-06-01,대여소별 이용정보 22.6.csv
중랑구,중랑3팀,1479.면목 홈플러스 2,590,2022-06-01,대여소별 이용정보 22.6.csv
종로구,세종로1팀,4715. 돈의문 박물관 마을,590,2022-06-01,대여소별 이용정보 22.6.csv
동대문구,훈련원3팀,4116. 이문e편한세상아파트 앞,590,2022-06-01,대여소별 이용정보 22.6.csv
성동구,중랑2팀,3557.서울숲리버뷰자이APT105동 앞,592,2022-06-01,대여소별 이용정보 22.6.csv
용산구,세종로3팀,4610. 한남나인원 105동 앞,592,2022-06-01,대여소별 이용정보 22.6.csv
송파구,천호2팀,2616. 거여동 사거리,593,2022-06-01,대여소별 이용정보 22.6.csv
노원구,도봉2팀,5305. 대륜E&S 서울지사 앞,593,2022-06-01,대여소별 이용정보 22.6.csv
은평구,상암2팀,4678. 백련산로 녹번센트레빌,593,2022-06-01,대여소별 이용정보 22.6.csv
송파구,천호2팀,1289. 풍납토성 서성벽터B,594,2022-06-01,대여소별 이용정보 22.6.csv
관악구,이수2팀,2159. 인헌초교,594,2022-06-01,대여소별 이용정보 22.6.csv
종로구,훈련원1팀,364. 창신역 1번출구 앞,595,2022-06-01,대여소별 이용정보 22.6.csv
광진구,중랑1팀,575. 대원중고교 입구(대하빌딩),595,2022-06-01,대여소별 이용정보 22.6.csv
성동구,중랑2팀,524. 래미안금호하이리버 아파트 102동 옆,595,2022-06-01,대여소별 이용정보 22.6.csv
강남구,학여울2팀,3640. 일원1동주민센터앞 사거리,597,2022-06-01,대여소별 이용정보 22.6.csv
용산구,세종로3팀,863.이촌역2번 출구,598,2022-06-01,대여소별 이용정보 22.6.csv
강동구,천호1팀,1064.중앙보훈병원역 1번출구,599,2022-06-01,대여소별 이용정보 22.6.csv
노원구,도봉2팀,4017. 월계 청백1단지 아파트 정류장,599,2022-06-01,대여소별 이용정보 22.6.csv
양천구,개화2팀,4519. 양원보도육교,600,2022-06-01,대여소별 이용정보 22.6.csv
은평구,상암3팀,902. 진관동 은빛초등학교,600,2022-06-01,대여소별 이용정보 22.6.csv
중구,세종로 4팀,4766. 서소문성지역사박물관,601,2022-06-01,대여소별 이용정보 22.6.csv
중랑구,중랑3팀,1466.두산대림아파트 삼거리,602,2022-06-01,대여소별 이용정보 22.6.csv
강북구,도봉4팀,1525. 미아동 복합청사,602,2022-06-01,대여소별 이용정보 22.6.csv
강남구,학여울2팀,2337. 대모산입구역 2번출구 앞,602,2022-06-01,대여소별 이용정보 22.6.csv
금천구,천왕3팀,3958. 롯데캐슬2차 마을버스 정류장(18804) 뒤편,604,2022-06-01,대여소별 이용정보 22.6.csv
은평구,상암3팀,993.은평뉴타운 은뜨락아파트앞,604,2022-06-01,대여소별 이용정보 22.6.csv
노원구,도봉1팀,1652. 파르코 앞,605,2022-06-01,대여소별 이용정보 22.6.csv
금천구,천왕3팀,1843. 독산고등학교,606,2022-06-01,대여소별 이용정보 22.6.csv
강남구,학여울1팀,2331. 동영문화센터앞,606,2022-06-01,대여소별 이용정보 22.6.csv
동작구,이수2팀,2048. 삼일초등학교 인근,607,2022-06-01,대여소별 이용정보 22.6.csv
서대문구,상암2팀,163. 명지전문대학교 정문 앞,609,2022-06-01,대여소별 이용정보 22.6.csv
구로구,천왕1팀,2822.제니스스포츠 앞,610,2022-06-01,대여소별 이용정보 22.6.csv
서대문구,상암1팀,137. 신촌기차역입구 교차로,610,2022-06-01,대여소별 이용정보 22.6.csv
중구,세종로2팀,4785. 롯데시티호텔,612,2022-06-01,대여소별 이용정보 22.6.csv
서초구,이수2팀,2281. 연세사랑병원신관앞,612,2022-06-01,대여소별 이용정보 22.6.csv
중구,훈련원1팀,480.약수역 6번 출구,615,2022-06-01,대여소별 이용정보 22.6.csv
강북구,도봉4팀,1511. 번동 금호어울림아파트102동앞,615,2022-06-01,대여소별 이용정보 22.6.csv
금천구,천왕2팀,1849. 대륭포스트타워5차,615,2022-06-01,대여소별 이용정보 22.6.csv
구로구,천왕1팀,2812.항동프라자,616,2022-06-01,대여소별 이용정보 22.6.csv
성동구,중랑2팀,526. 용답토속공원 앞,616,2022-06-01,대여소별 이용정보 22.6.csv
강동구,천호1팀,3674. 강동리버스트7단지,619,2022-06-01,대여소별 이용정보 22.6.csv
강서구,개화1팀,1105. 방화근린공원,619,2022-06-01,대여소별 이용정보 22.6.csv
송파구,학여울2팀,1239. 문정 법조단지3,620,2022-06-01,대여소별 이용정보 22.6.csv
서초구,이수1팀,2539.대한무역투자진흥공사 KOTRA 앞,621,2022-06-01,대여소별 이용정보 22.6.csv
강서구,개화3팀,5080. 가양역 1번출구,623,2022-06-01,대여소별 이용정보 22.6.csv
송파구,천호2팀,2614. 가락고등학교 앞,625,2022-06-01,대여소별 이용정보 22.6.csv
도봉구,도봉3팀,1774.반석교회(쌍문동),625,2022-06-01,대여소별 이용정보 22.6.csv
은평구,상암3팀,942. 상림마을 생태공원,626,2022-06-01,대여소별 이용정보 22.6.csv
성북구,훈련원2팀,1357. 북한산보국문역,626,2022-06-01,대여소별 이용정보 22.6.csv
양천구,개화2팀,741. 화곡로 입구 교차로,627,2022-06-01,대여소별 이용정보 22.6.csv
강동구,천호1팀,1079.강일동입구교차로,627,2022-06-01,대여소별 이용정보 22.6.csv
중구,세종로 4팀,4781. 브라운스위트레지던스,628,2022-06-01,대여소별 이용정보 22.6.csv
서초구,이수3팀,2514.사평역 2번출구,628,2022-06-01,대여소별 이용정보 22.6.csv
송파구,학여울2팀,4475. 송파파인타운 4단지 403동,629,2022-06-01,대여소별 이용정보 22.6.csv
중구,훈련원1팀,477.앰배서더 호텔 주변,629,2022-06-01,대여소별 이용정보 22.6.csv
성동구,중랑2팀,535. 응봉삼거리,630,2022-06-01,대여소별 이용정보 22.6.csv
구로구,천왕1팀,1943. 온수역 북측,631,2022-06-01,대여소별 이용정보 22.6.csv
은평구,상암2팀,4658. 녹번역1번출구앞,631,2022-06-01,대여소별 이용정보 22.6.csv
서초구,이수1팀,2549.LH 서초 4단지 403동,633,2022-06-01,대여소별 이용정보 22.6.csv
서대문구,상암1팀,196. 연희교차로 인근,634,2022-06-01,대여소별 이용정보 22.6.csv
성북구,훈련원2팀,1347. 길음래미안아파트817동 상가 앞,634,2022-06-01,대여소별 이용정보 22.6.csv
성북구,훈련원2팀,1386.동선고가차도 초입,634,2022-06-01,대여소별 이용정보 22.6.csv
동대문구,훈련원4팀,664. 서울시립대 건설공학관,634,2022-06-01,대여소별 이용정보 22.6.csv
성동구,중랑2팀,594. 중랑물재생센터(서울새활용플라자),634,2022-06-01,대여소별 이용정보 22.6.csv
구로구,천왕2팀,2826.가마산지하보도 옆,635,2022-06-01,대여소별 이용정보 22.6.csv
관악구,이수2팀,2129. 낙성대 과학전시관,635,2022-06-01,대여소별 이용정보 22.6.csv
종로구,훈련원1팀,3419.국립어린이과학관,638,2022-06-01,대여소별 이용정보 22.6.csv
중구,훈련원1팀,434. 신당 래미안 버스정류장,639,2022-06-01,대여소별 이용정보 22.6.csv
마포구,상암1팀,424. 롯데하이마트 (상암월드컵점),641,2022-06-01,대여소별 이용정보 22.6.csv
강서구,개화2팀,3765. 문소빌딩,642,2022-06-01,대여소별 이용정보 22.6.csv
서초구,이수1팀,2246. 서울시 품질시험소 앞,643,2022-06-01,대여소별 이용정보 22.6.csv
서대문구,상암2팀,169. 북가좌 삼거리,643,2022-06-01,대여소별 이용정보 22.6.csv
용산구,세종로3팀,811. 녹사평역1번출구,644,2022-06-01,대여소별 이용정보 22.6.csv
송파구,천호2팀,2643.풍납중학교 측면,645,2022-06-01,대여소별 이용정보 22.6.csv
노원구,도봉1팀,1678. 성서대학교 밀알관,646,2022-06-01,대여소별 이용정보 22.6.csv
강남구,학여울1팀,3638. 신청담나들목,647,2022-06-01,대여소별 이용정보 22.6.csv
서초구,이수3팀,4316. 고속터미널역 3번출구,647,2022-06-01,대여소별 이용정보 22.6.csv
은평구,상암3팀,947. 연신내 선일하이츠빌 정류소,648,2022-06-01,대여소별 이용정보 22.6.csv
강남구,학여울2팀,3612. 은곡마을,649,2022-06-01,대여소별 이용정보 22.6.csv
강남구,이수3팀,2410. 포스코피앤에스타워 (역삼역 3번출구 부근),650,2022-06-01,대여소별 이용정보 22.6.csv
중구,세종로2팀,322. 명동성당 앞,654,2022-06-01,대여소별 이용정보 22.6.csv
강남구,이수1팀,3609. 언주초등학교 입구,654,2022-06-01,대여소별 이용정보 22.6.csv
강남구,학여울1팀,2310. 청담동 맥도날드 옆(위치),655,2022-06-01,대여소별 이용정보 22.6.csv
강북구,도봉4팀,1509. 서울북부수도사업소,655,2022-06-01,대여소별 이용정보 22.6.csv
구로구,천왕1팀,1973. 오리로와 서해안도로 교차로 앞,656,2022-06-01,대여소별 이용정보 22.6.csv
종로구,훈련원1팀,388. 동성중학교 앞,658,2022-06-01,대여소별 이용정보 22.6.csv
동대문구,훈련원3팀,671.대광빌딩,659,2022-06-01,대여소별 이용정보 22.6.csv
영등포구,영남3팀,4573. 두산위브아파트,661,2022-06-01,대여소별 이용정보 22.6.csv
강남구,학여울2팀,3641. 대청역,662,2022-06-01,대여소별 이용정보 22.6.csv
강남구,학여울1팀,2416.한티역 6번 출구,663,2022-06-01,대여소별 이용정보 22.6.csv
도봉구,도봉3팀,1759.서울북부지방법원 앞,664,2022-06-01,대여소별 이용정보 22.6.csv
강동구,천호1팀,1065.보훈병원 후문옆(더 원커피),665,2022-06-01,대여소별 이용정보 22.6.csv
노원구,도봉2팀,2914.서울과학기술대학교(미래관),665,2022-06-01,대여소별 이용정보 22.6.csv
양천구,개화3팀,776.목마공원,666,2022-06-01,대여소별 이용정보 22.6.csv
송파구,천호2팀,4474. 가락현대 1차 11동 앞,666,2022-06-01,대여소별 이용정보 22.6.csv
강북구,도봉4팀,1551.4.19탑 앞,667,2022-06-01,대여소별 이용정보 22.6.csv
관악구,영남2팀,2137. KT&G 관악지점,668,2022-06-01,대여소별 이용정보 22.6.csv
서초구,이수3팀,2518.서초3교(효령로70길 방면),669,2022-06-01,대여소별 이용정보 22.6.csv
송파구,학여울2팀,2645.잠실나들목2(엘스아파트136동),669,2022-06-01,대여소별 이용정보 22.6.csv
구로구,천왕1팀,2815.항동지구 7단지 정문,669,2022-06-01,대여소별 이용정보 22.6.csv
동작구,영남2팀,4152. 상도효성해링턴플레이스,672,2022-06-01,대여소별 이용정보 22.6.csv
강남구,학여울1팀,3604. 삼성중앙역 5번출구,673,2022-06-01,대여소별 이용정보 22.6.csv
강동구,천호1팀,3653. 강동리버스트4단지아파트 404동 앞,675,2022-06-01,대여소별 이용정보 22.6.csv
중랑구,중랑3팀,4829. 신내동 한살림 중랑지구 북축,675,2022-06-01,대여소별 이용정보 22.6.csv
송파구,학여울2팀,1287. 위례아이파크 101동 맞은편,675,2022-06-01,대여소별 이용정보 22.6.csv
강북구,도봉4팀,1537. 북한산 우이역,676,2022-06-01,대여소별 이용정보 22.6.csv
강서구,개화3팀,1183. KC 대학교,676,2022-06-01,대여소별 이용정보 22.6.csv
강남구,학여울1팀,2312. 청담역 13번 출구 앞,677,2022-06-01,대여소별 이용정보 22.6.csv
서초구,이수3팀,2233. 서초신동아1차아파트 옆,680,2022-06-01,대여소별 이용정보 22.6.csv
송파구,천호2팀,4862. 성내교 남단,682,2022-06-01,대여소별 이용정보 22.6.csv
은평구,상암2팀,975.백련산 힐스테이트상가앞,682,2022-06-01,대여소별 이용정보 22.6.csv
노원구,도봉2팀,1660. 서울시립과학관,682,2022-06-01,대여소별 이용정보 22.6.csv
강남구,학여울1팀,2364. 도산공원교차로,683,2022-06-01,대여소별 이용정보 22.6.csv
강남구,학여울1팀,2360. 도곡1동 주민센터 교차로,684,2022-06-01,대여소별 이용정보 22.6.csv
중랑구,중랑3팀,1441. 신내능말공원,684,2022-06-01,대여소별 이용정보 22.6.csv
동대문구,훈련원4팀,638. 서울시립대 정보기술관,685,2022-06-01,대여소별 이용정보 22.6.csv
용산구,세종로 4팀,866.브라운스톤 남산아파트,686,2022-06-01,대여소별 이용정보 22.6.csv
성북구,훈련원2팀,1367. 길음문화복합미디어센터,686,2022-06-01,대여소별 이용정보 22.6.csv
영등포구,영남3팀,4599. 대림우성아파트 사거리,686,2022-06-01,대여소별 이용정보 22.6.csv
서대문구,상암2팀,3107. 연희초등학교 앞,687,2022-06-01,대여소별 이용정보 22.6.csv
마포구,상암1팀,425. DMC첨단산업센터,688,2022-06-01,대여소별 이용정보 22.6.csv
강동구,천호1팀,3655. 둔촌신성미소지움아파트,689,2022-06-01,대여소별 이용정보 22.6.csv
관악구,영남2팀,2178. 서울대학교 정문,692,2022-06-01,대여소별 이용정보 22.6.csv
구로구,천왕1팀,3903. 현대아파트 앞,693,2022-06-01,대여소별 이용정보 22.6.csv
구로구,천왕1팀,3917. 성공회대학교,694,2022-06-01,대여소별 이용정보 22.6.csv
강동구,천호1팀,3692. 둔촌오륜역 1번 출구,694,2022-06-01,대여소별 이용정보 22.6.csv
종로구,훈련원1팀,343. 예일빌딩(율곡로) 앞,694,2022-06-01,대여소별 이용정보 22.6.csv
서초구,이수1팀,2205. 내곡3단지 어린이공원 앞,696,2022-06-01,대여소별 이용정보 22.6.csv
도봉구,도봉3팀,1768.신동아타워 버스정류소,696,2022-06-01,대여소별 이용정보 22.6.csv
강남구,학여울2팀,3643. 더시그넘하우스 앞,697,2022-06-01,대여소별 이용정보 22.6.csv
강남구,학여울1팀,2319. 포스코사거리 서측(수협 삼성동 지점),698,2022-06-01,대여소별 이용정보 22.6.csv
강남구,학여울1팀,2389. 경기여자고등학교 후문 (삼성로3길 입구),699,2022-06-01,대여소별 이용정보 22.6.csv
광진구,중랑1팀,3537. 아차산 휴먼시아 아파트 옆,699,2022-06-01,대여소별 이용정보 22.6.csv
강동구,천호1팀,1032. 선사고등학교,699,2022-06-01,대여소별 이용정보 22.6.csv
광진구,중랑1팀,3543. 세종대학교(학술정보원),699,2022-06-01,대여소별 이용정보 22.6.csv
중구,세종로 4팀,441.염천교사거리,700,2022-06-01,대여소별 이용정보 22.6.csv
은평구,상암3팀,4683. 은평 성모병원 사거리,701,2022-06-01,대여소별 이용정보 22.6.csv
광진구,중랑1팀,3588.세종대학교(영실관),702,2022-06-01,대여소별 이용정보 22.6.csv
노원구,도봉2팀,4033. 녹천역 4번 출구 옆,703,2022-06-01,대여소별 이용정보 22.6.csv
송파구,학여울2팀,4874. 탄천1교 하부보도,703,2022-06-01,대여소별 이용정보 22.6.csv
노원구,도봉1팀,4035. 수락 행복발전소 앞,704,2022-06-01,대여소별 이용정보 22.6.csv
강남구,학여울1팀,2356. 강남구청,704,2022-06-01,대여소별 이용정보 22.6.csv
용산구,세종로3팀,840. 용산 파크타워 앞,705,2022-06-01,대여소별 이용정보 22.6.csv
강서구,개화2팀,3770. 남부순환로 205,705,2022-06-01,대여소별 이용정보 22.6.csv
강동구,천호1팀,1031. 올림픽로 836(아리수로),705,2022-06-01,대여소별 이용정보 22.6.csv
송파구,학여울2팀,1241. 문정 법조단지5,706,2022-06-01,대여소별 이용정보 22.6.csv
강남구,학여울1팀,2396. 영동3교 북단(우성캐릭터 앞 보도),706,2022-06-01,대여소별 이용정보 22.6.csv
중랑구,중랑3팀,4821. 동원초등학교 정문 앞,706,2022-06-01,대여소별 이용정보 22.6.csv
도봉구,도봉3팀,1732. 우리은행 앞,707,2022-06-01,대여소별 이용정보 22.6.csv
동작구,이수2팀,2069. 숭실대 입구역3번 출구 앞,707,2022-06-01,대여소별 이용정보 22.6.csv
양천구,천왕1팀,760. 잣절보도육교 아래,709,2022-06-01,대여소별 이용정보 22.6.csv
마포구,상암1팀,4207. 아만티호텔 앞,712,2022-06-01,대여소별 이용정보 22.6.csv
금천구,천왕3팀,1825. 한신아파트 앞 육교 아래,712,2022-06-01,대여소별 이용정보 22.6.csv
노원구,도봉2팀,1693. 원자력 병원,712,2022-06-01,대여소별 이용정보 22.6.csv
성북구,훈련원2팀,1325. 상월곡역 4번출구,713,2022-06-01,대여소별 이용정보 22.6.csv
구로구,천왕1팀,3906. 천왕차량사업소 입구,713,2022-06-01,대여소별 이용정보 22.6.csv
관악구,영남2팀,2190.도원맨션,713,2022-06-01,대여소별 이용정보 22.6.csv
강동구,천호1팀,3675. 강동리버스트8단지,714,2022-06-01,대여소별 이용정보 22.6.csv
용산구,세종로 4팀,4627. 효창공원앞역 5번출구 옆,715,2022-06-01,대여소별 이용정보 22.6.csv
서초구,이수1팀,2550.양재동 꽃시장 건너편,715,2022-06-01,대여소별 이용정보 22.6.csv
동대문구,훈련원4팀,606. 휘경공고앞,715,2022-06-01,대여소별 이용정보 22.6.csv
서초구,이수1팀,2501. 서초 포레스타5단지,715,2022-06-01,대여소별 이용정보 22.6.csv
중구,세종로2팀,468.웨스틴 조선호텔,715,2022-06-01,대여소별 이용정보 22.6.csv
구로구,천왕2팀,1976. 남구로역 5번 출입구 앞,717,2022-06-01,대여소별 이용정보 22.6.csv
서대문구,상암2팀,167. 연가초등학교 옆,717,2022-06-01,대여소별 이용정보 22.6.csv
광진구,중랑1팀,572. 국립정신 건강센터 앞,718,2022-06-01,대여소별 이용정보 22.6.csv
금천구,천왕3팀,1845. 롯데캐슬골드파크1차 서문,718,2022-06-01,대여소별 이용정보 22.6.csv
은평구,상암3팀,995.은평다목적체육관,719,2022-06-01,대여소별 이용정보 22.6.csv
강서구,개화2팀,3797. 마곡수명산파크7단지 710동 앞,720,2022-06-01,대여소별 이용정보 22.6.csv
마포구,상암1팀,4251. 공덕역 경의선숲길 커뮤니티센터,723,2022-06-01,대여소별 이용정보 22.6.csv
도봉구,도봉3팀,4058. 다락원체육공원 전망대 입구,723,2022-06-01,대여소별 이용정보 22.6.csv
강동구,천호1팀,3673. 강동리버스트6단지,723,2022-06-01,대여소별 이용정보 22.6.csv
관악구,영남2팀,3807. 관악우체국 교차로,724,2022-06-01,대여소별 이용정보 22.6.csv
강남구,학여울1팀,2339. 현대아파트 정문 앞,724,2022-06-01,대여소별 이용정보 22.6.csv
동작구,이수2팀,2062. 사당새마을금고,725,2022-06-01,대여소별 이용정보 22.6.csv
용산구,세종로 4팀,4621. 남산도서관 앞,726,2022-06-01,대여소별 이용정보 22.6.csv
은평구,상암3팀,925. 불광역 2번출구,727,2022-06-01,대여소별 이용정보 22.6.csv
강북구,도봉4팀,1516. 우이초등학교 후문 옆,728,2022-06-01,대여소별 이용정보 22.6.csv
노원구,도봉2팀,1646. 삼육대 입구,728,2022-06-01,대여소별 이용정보 22.6.csv
금천구,천왕3팀,3980. 금천현대홈타운 후문 서부샛길,729,2022-06-01,대여소별 이용정보 22.6.csv
중구,훈련원1팀,371. 동대입구역 6번출구 뒤,731,2022-06-01,대여소별 이용정보 22.6.csv
강서구,개화1팀,2716.롯데 R&D 센터,731,2022-06-01,대여소별 이용정보 22.6.csv
동작구,이수2팀,2024. 상도역 1번출구,734,2022-06-01,대여소별 이용정보 22.6.csv
영등포구,영남3팀,4591. 신길자이아파트,734,2022-06-01,대여소별 이용정보 22.6.csv
용산구,세종로3팀,848. 삼각지12번 출구,735,2022-06-01,대여소별 이용정보 22.6.csv
영등포구,영남3팀,4578.보라매sk뷰,735,2022-06-01,대여소별 이용정보 22.6.csv
송파구,천호2팀,4493. 마천사거리 2,736,2022-06-01,대여소별 이용정보 22.6.csv
강동구,천호1팀,3676. 강동리엔파크9단지,737,2022-06-01,대여소별 이용정보 22.6.csv
은평구,상암2팀,4665. 응암역3번 출구(서부경찰서 방면),738,2022-06-01,대여소별 이용정보 22.6.csv
강남구,학여울1팀,2385. 학동역,738,2022-06-01,대여소별 이용정보 22.6.csv
강남구,학여울2팀,2422.수서동 성당 맞은편,739,2022-06-01,대여소별 이용정보 22.6.csv
은평구,상암2팀,965. 서울특별시 은평병원,741,2022-06-01,대여소별 이용정보 22.6.csv
도봉구,도봉3팀,1723. 방학동학마을도서관,741,2022-06-01,대여소별 이용정보 22.6.csv
서초구,이수3팀,2297. 남부터미널역 1번출구,742,2022-06-01,대여소별 이용정보 22.6.csv
강남구,학여울2팀,2426.강남한신휴플러스 6단지,744,2022-06-01,대여소별 이용정보 22.6.csv
강남구,학여울2팀,3644. 상록수아파트,745,2022-06-01,대여소별 이용정보 22.6.csv
관악구,영남2팀,2127. 난곡종점,745,2022-06-01,대여소별 이용정보 22.6.csv
영등포구,영남3팀,4555. 대림우성2차아파트,745,2022-06-01,대여소별 이용정보 22.6.csv
금천구,천왕3팀,1809. LG전자 별관동(호서대 벤처타워 맞은편),747,2022-06-01,대여소별 이용정보 22.6.csv
구로구,천왕1팀,3912. 삼호아파트 앞,748,2022-06-01,대여소별 이용정보 22.6.csv
은평구,상암3팀,953. 서울연신초등학교,749,2022-06-01,대여소별 이용정보 22.6.csv
용산구,세종로3팀,"4605. 노들섬 다목적홀(동쪽) 숲, 앞",750,2022-06-01,대여소별 이용정보 22.6.csv
서대문구,상암1팀,160. 북아현동 가구거리,750,2022-06-01,대여소별 이용정보 22.6.csv
서대문구,상암1팀,141. 연대 대운동장 옆,751,2022-06-01,대여소별 이용정보 22.6.csv
도봉구,도봉3팀,1736. 버스정류장 앞,752,2022-06-01,대여소별 이용정보 22.6.csv
강남구,학여울1팀,3629. 청담사거리(신한오피스텔빌딩 앞),753,2022-06-01,대여소별 이용정보 22.6.csv
서초구,이수1팀,2293. SPC 앞,754,2022-06-01,대여소별 이용정보 22.6.csv
도봉구,도봉3팀,1727. 서울도봉초등학교인근,754,2022-06-01,대여소별 이용정보 22.6.csv
동작구,영남2팀,2065. 서울시여성가족재단,756,2022-06-01,대여소별 이용정보 22.6.csv
종로구,훈련원1팀,337. 창경궁 입구,756,2022-06-01,대여소별 이용정보 22.6.csv
중랑구,중랑3팀,4836. 양원역 1번 출구,758,2022-06-01,대여소별 이용정보 22.6.csv
서초구,이수3팀,2212.서초현대4차아파트 201동 맞은편,759,2022-06-01,대여소별 이용정보 22.6.csv
송파구,학여울2팀,1285. 위례별 유치원 뒤,759,2022-06-01,대여소별 이용정보 22.6.csv
도봉구,도봉3팀,1758.북서울교회 버스정류소 앞,759,2022-06-01,대여소별 이용정보 22.6.csv
도봉구,도봉3팀,1702. 녹천역 1번출구 앞,759,2022-06-01,대여소별 이용정보 22.6.csv
양천구,개화4팀,757. 신정이펜하우스 1단지아파트 입구 사거리,762,2022-06-01,대여소별 이용정보 22.6.csv
동작구,영남2팀,2008. 노량진근린공원 대방공원,762,2022-06-01,대여소별 이용정보 22.6.csv
금천구,천왕3팀,3969. 독산역 롯데캐슬 104동 앞,763,2022-06-01,대여소별 이용정보 22.6.csv
서대문구,상암2팀,3127.홍은2파출소 옆,763,2022-06-01,대여소별 이용정보 22.6.csv
강남구,학여울2팀,2344. 리엔파크 2단지 앞,763,2022-06-01,대여소별 이용정보 22.6.csv
노원구,도봉2팀,2903.월계초안아파트 1단지,764,2022-06-01,대여소별 이용정보 22.6.csv
서초구,이수2팀,2229.로고스교회 맞은 편,765,2022-06-01,대여소별 이용정보 22.6.csv
서초구,이수3팀,2547.포드서초서비스센터앞,765,2022-06-01,대여소별 이용정보 22.6.csv
강남구,학여울1팀,4905. 강남경찰서,765,2022-06-01,대여소별 이용정보 22.6.csv
송파구,천호2팀,1275. 거여초등학교 옆,765,2022-06-01,대여소별 이용정보 22.6.csv
동대문구,훈련원3팀,636. 세종대왕기념관 교차로,766,2022-06-01,대여소별 이용정보 22.6.csv
중구,세종로2팀,470.회현역 7번출구,767,2022-06-01,대여소별 이용정보 22.6.csv
동대문구,훈련원3팀,667.청량차도 육교 밑,770,2022-06-01,대여소별 이용정보 22.6.csv
강서구,개화1팀,3776. 김포공항교차로,771,2022-06-01,대여소별 이용정보 22.6.csv
관악구,영남2팀,2172. 나들목공원,771,2022-06-01,대여소별 이용정보 22.6.csv
마포구,상암1팀,4246. 상수역새마을금고,772,2022-06-01,대여소별 이용정보 22.6.csv
서초구,이수1팀,2243.서울가정법원,772,2022-06-01,대여소별 이용정보 22.6.csv
강동구,천호1팀,3686. 고덕 래미안 힐스테이트(101동),774,2022-06-01,대여소별 이용정보 22.6.csv
양천구,개화4팀,745. 강서초등학교,778,2022-06-01,대여소별 이용정보 22.6.csv
서초구,이수3팀,2268. 서초4동주민센터,778,2022-06-01,대여소별 이용정보 22.6.csv
강북구,도봉4팀,1543. 수유1동 주민센터,778,2022-06-01,대여소별 이용정보 22.6.csv
중구,세종로2팀,4774. 을지로입구역 8번출구,778,2022-06-01,대여소별 이용정보 22.6.csv
중구,훈련원1팀,382. 약수역 10번출구 앞,779,2022-06-01,대여소별 이용정보 22.6.csv
서초구,이수3팀,4307. 고투몰 gate 15옆,779,2022-06-01,대여소별 이용정보 22.6.csv
동작구,이수2팀,4173. 중대후문 마을버스정류장,780,2022-06-01,대여소별 이용정보 22.6.csv
강동구,천호1팀,1083.광문고교사거리(아이파크),781,2022-06-01,대여소별 이용정보 22.6.csv
영등포구,영남3팀,271. 샛강생태공원방문자센터 앞,781,2022-06-01,대여소별 이용정보 22.6.csv
강서구,개화3팀,1137. 등촌2동주민센터,783,2022-06-01,대여소별 이용정보 22.6.csv
은평구,상암2팀,909. 백련산 힐스테이트 3차,783,2022-06-01,대여소별 이용정보 22.6.csv
광진구,중랑1팀,3880. 홍련봉 공원,783,2022-06-01,대여소별 이용정보 22.6.csv
은평구,상암3팀,922. 연신내역 4번출구,784,2022-06-01,대여소별 이용정보 22.6.csv
관악구,이수2팀,3813. 낙성대역 5번출구,784,2022-06-01,대여소별 이용정보 22.6.csv
서초구,이수3팀,4313. 반포종합운동장,787,2022-06-01,대여소별 이용정보 22.6.csv
노원구,도봉1팀,1664. 노해근린공원내,788,2022-06-01,대여소별 이용정보 22.6.csv
강서구,개화1팀,1198. LG 사이언스파크,789,2022-06-01,대여소별 이용정보 22.6.csv
영등포구,영남1팀,233. 양평1동 YP센터 앞,789,2022-06-01,대여소별 이용정보 22.6.csv
도봉구,도봉3팀,1713. 쌍문동 이안아파트 앞,790,2022-06-01,대여소별 이용정보 22.6.csv
강남구,학여울1팀,2373. 개포동역 사거리,792,2022-06-01,대여소별 이용정보 22.6.csv
구로구,천왕2팀,1916. 구로중학교앞,793,2022-06-01,대여소별 이용정보 22.6.csv
강북구,도봉4팀,3711. 월계2교 교차로,795,2022-06-01,대여소별 이용정보 22.6.csv
영등포구,영남3팀,3211.신길 래미안 프레비뉴,795,2022-06-01,대여소별 이용정보 22.6.csv
강남구,학여울1팀,2394. 개포래미안포레스트아파트 107동 앞,796,2022-06-01,대여소별 이용정보 22.6.csv
송파구,학여울2팀,2625.가락종합 사회복지관,796,2022-06-01,대여소별 이용정보 22.6.csv
강서구,개화3팀,3761. 나이아가라관광호텔,797,2022-06-01,대여소별 이용정보 22.6.csv
강남구,학여울1팀,"2419.봉은사역 1,2번 출구",797,2022-06-01,대여소별 이용정보 22.6.csv
강남구,학여울1팀,2314. 청담나들목입구,798,2022-06-01,대여소별 이용정보 22.6.csv
강동구,천호1팀,1056. 강일리버파크 7~11단지,798,2022-06-01,대여소별 이용정보 22.6.csv
성북구,훈련원2팀,1344. 아리랑시네센터 앞,798,2022-06-01,대여소별 이용정보 22.6.csv
송파구,천호2팀,4472. 송파파크데일 1단지 115동 건너편,799,2022-06-01,대여소별 이용정보 22.6.csv
종로구,세종로1팀,446. 상명대입구,800,2022-06-01,대여소별 이용정보 22.6.csv
강남구,학여울1팀,2328. 르네상스 호텔 사거리 역삼지하보도 7번출구 앞,800,2022-06-01,대여소별 이용정보 22.6.csv
서대문구,상암2팀,192. 연서어린이공원,802,2022-06-01,대여소별 이용정보 22.6.csv
중구,세종로2팀,4775. 을지로지하쇼핑센터,804,2022-06-01,대여소별 이용정보 22.6.csv
동대문구,훈련원4팀,652. 답십리 래미안엘파인아파트 입구,804,2022-06-01,대여소별 이용정보 22.6.csv
금천구,천왕3팀,1859. 대륭테크노타운 18차,804,2022-06-01,대여소별 이용정보 22.6.csv
금천구,천왕3팀,1831. 메이퀸웨딩컨벤션 앞,806,2022-06-01,대여소별 이용정보 22.6.csv
강남구,학여울1팀,2430.강남파이낸스센터앞(역삼역2번출구),806,2022-06-01,대여소별 이용정보 22.6.csv
강북구,도봉4팀,1515. 송천동 주민센터,806,2022-06-01,대여소별 이용정보 22.6.csv
강북구,도봉4팀,1518. SK telecom(수유직영점) 앞,806,2022-06-01,대여소별 이용정보 22.6.csv
광진구,중랑1팀,3508. 화양사거리,806,2022-06-01,대여소별 이용정보 22.6.csv
은평구,상암3팀,927. 연신내역 3번출구 인근,807,2022-06-01,대여소별 이용정보 22.6.csv
서대문구,상암2팀,3130.가재울사거리,808,2022-06-01,대여소별 이용정보 22.6.csv
광진구,중랑1팀,591. 건국대학교 (행정관),810,2022-06-01,대여소별 이용정보 22.6.csv
송파구,학여울2팀,4863. 잠실나들목5,810,2022-06-01,대여소별 이용정보 22.6.csv
중랑구,중랑3팀,4838.동원사거리 행복오피스텔 앞,810,2022-06-01,대여소별 이용정보 22.6.csv
중구,훈련원1팀,347. 동대문역사문화공원역 9번출구 앞,811,2022-06-01,대여소별 이용정보 22.6.csv
강동구,천호1팀,1057. 능골근린공원,811,2022-06-01,대여소별 이용정보 22.6.csv
마포구,상암1팀,142. 아현역 4번출구 앞,811,2022-06-01,대여소별 이용정보 22.6.csv
광진구,중랑1팀,3863. 동일로58길 입구,813,2022-06-01,대여소별 이용정보 22.6.csv
강동구,천호1팀,3690. 강일역 4번출구,815,2022-06-01,대여소별 이용정보 22.6.csv
중구,세종로2팀,471.회현사거리 남측,815,2022-06-01,대여소별 이용정보 22.6.csv
성동구,중랑2팀,506. 금호 어울림 아파트 앞,816,2022-06-01,대여소별 이용정보 22.6.csv
도봉구,도봉3팀,4084. 도봉동실내스포츠센터,816,2022-06-01,대여소별 이용정보 22.6.csv
서초구,이수1팀,2263. 바우뫼문화복지회관,817,2022-06-01,대여소별 이용정보 22.6.csv
은평구,상암3팀,4676. 갈현1동 주민센터,818,2022-06-01,대여소별 이용정보 22.6.csv
서대문구,상암2팀,3132.홍제교,819,2022-06-01,대여소별 이용정보 22.6.csv
서대문구,상암2팀,4253. 홍은도담도서관,819,2022-06-01,대여소별 이용정보 22.6.csv
관악구,영남2팀,2139. 서울신성초등학교,821,2022-06-01,대여소별 이용정보 22.6.csv
서대문구,상암2팀,3129.DMC래미안e편한세상203동옆,827,2022-06-01,대여소별 이용정보 22.6.csv
강동구,천호1팀,1041. 묘곡초등학교,829,2022-06-01,대여소별 이용정보 22.6.csv
도봉구,도봉3팀,1751. 창원초등학교 교차로,829,2022-06-01,대여소별 이용정보 22.6.csv
강남구,학여울2팀,2341. 일원역 4~5번 출구 사이,830,2022-06-01,대여소별 이용정보 22.6.csv
마포구,상암1팀,413. 상암월드컵파크 3단지 후문,830,2022-06-01,대여소별 이용정보 22.6.csv
서초구,이수1팀,2250. 서초유치원 맞은편,831,2022-06-01,대여소별 이용정보 22.6.csv
송파구,학여울2팀,4887. 호돌이상가,833,2022-06-01,대여소별 이용정보 22.6.csv
서초구,이수3팀,2237.서울남부터미널 대합실 입구,834,2022-06-01,대여소별 이용정보 22.6.csv
송파구,천호2팀,2617. 가락삼환아파트 앞,835,2022-06-01,대여소별 이용정보 22.6.csv
도봉구,도봉3팀,1725. 창1동주민센터,835,2022-06-01,대여소별 이용정보 22.6.csv
양천구,개화4팀,790.화곡고가 사거리,836,2022-06-01,대여소별 이용정보 22.6.csv
금천구,천왕3팀,3985. 디폴리스 지식산업센터,836,2022-06-01,대여소별 이용정보 22.6.csv
용산구,세종로 4팀,845. 용산 선인상가,836,2022-06-01,대여소별 이용정보 22.6.csv
송파구,천호2팀,4871. 오금동 대림아파트 정문,841,2022-06-01,대여소별 이용정보 22.6.csv
서초구,이수3팀,2542.신논현타워 앞,841,2022-06-01,대여소별 이용정보 22.6.csv
중랑구,중랑3팀,1472.영성빌딩(PAT),843,2022-06-01,대여소별 이용정보 22.6.csv
종로구,세종로1팀,349. 사직동주민센터,843,2022-06-01,대여소별 이용정보 22.6.csv
성동구,중랑2팀,3558.마장동 금호어울림APT앞,844,2022-06-01,대여소별 이용정보 22.6.csv
중랑구,중랑3팀,1480. 용마지구대 옆,845,2022-06-01,대여소별 이용정보 22.6.csv
송파구,천호2팀,1299. 송파소방서 (방이119안전센터),846,2022-06-01,대여소별 이용정보 22.6.csv
강서구,개화1팀,3801. 이랜드글로벌R&D센터,846,2022-06-01,대여소별 이용정보 22.6.csv
성북구,훈련원2팀,1302. 한성대입구역6번출구 뒤,846,2022-06-01,대여소별 이용정보 22.6.csv
강동구,천호1팀,3665. 고덕센트럴 아이파크상가 앞,847,2022-06-01,대여소별 이용정보 22.6.csv
강동구,천호1팀,1063.강동롯데캐슬퍼스트 아파트(관리동),847,2022-06-01,대여소별 이용정보 22.6.csv
영등포구,영남1팀,3207.양남사거리1,848,2022-06-01,대여소별 이용정보 22.6.csv
동대문구,훈련원3팀,607. 신이문역 2번출구,849,2022-06-01,대여소별 이용정보 22.6.csv
노원구,도봉2팀,4009. 월계프라자,849,2022-06-01,대여소별 이용정보 22.6.csv
용산구,세종로3팀,4615. 크라운호텔앞 버스정류소,850,2022-06-01,대여소별 이용정보 22.6.csv
종로구,훈련원1팀,3412.세운상가,850,2022-06-01,대여소별 이용정보 22.6.csv
관악구,영남2팀,2196. 봉천역 3번출구,850,2022-06-01,대여소별 이용정보 22.6.csv
광진구,중랑1팀,3853. 어린이대공원역 2번출구,851,2022-06-01,대여소별 이용정보 22.6.csv
강북구,도봉4팀,1574.송중초등학교 옆,853,2022-06-01,대여소별 이용정보 22.6.csv
금천구,천왕3팀,1854. 가산아네스트 오피스텔 앞,853,2022-06-01,대여소별 이용정보 22.6.csv
광진구,중랑1팀,555. 구의3동주민센터,853,2022-06-01,대여소별 이용정보 22.6.csv
금천구,천왕3팀,1870.독산3동주민센터 앞,853,2022-06-01,대여소별 이용정보 22.6.csv
광진구,중랑1팀,3510. 중곡SK아파트앞,854,2022-06-01,대여소별 이용정보 22.6.csv
중구,훈련원1팀,4800. 필동 삼거리,855,2022-06-01,대여소별 이용정보 22.6.csv
서초구,이수1팀,2242.양재역 11번 출구 앞,855,2022-06-01,대여소별 이용정보 22.6.csv
용산구,세종로3팀,843. 녹사평역 광장,855,2022-06-01,대여소별 이용정보 22.6.csv
송파구,천호2팀,1280. 송파파크데일 2단지입구 앞 주차장,857,2022-06-01,대여소별 이용정보 22.6.csv
노원구,도봉1팀,1672. 상계동수락리버시티,859,2022-06-01,대여소별 이용정보 22.6.csv
강동구,천호1팀,1018. 둔촌 주공 GS 맞은편,860,2022-06-01,대여소별 이용정보 22.6.csv
용산구,세종로 4팀,4616. 신용산지하차도 앞,864,2022-06-01,대여소별 이용정보 22.6.csv
강남구,학여울1팀,4902. 구역삼세무서 교차로,865,2022-06-01,대여소별 이용정보 22.6.csv
강남구,이수3팀,2421. 신논현역 4번출구,865,2022-06-01,대여소별 이용정보 22.6.csv
동대문구,훈련원3팀,677.청량리역 4번 5번출구 사이,865,2022-06-01,대여소별 이용정보 22.6.csv
중구,세종로2팀,332. 을지로2가 사거리 남측,866,2022-06-01,대여소별 이용정보 22.6.csv
강북구,도봉4팀,1554.번동사거리,867,2022-06-01,대여소별 이용정보 22.6.csv
강동구,천호1팀,3691. 둔촌역 2번출구,868,2022-06-01,대여소별 이용정보 22.6.csv
용산구,세종로3팀,4634. 이태원역 3번 출구,869,2022-06-01,대여소별 이용정보 22.6.csv
강남구,학여울2팀,2321. 학여울역 사거리,870,2022-06-01,대여소별 이용정보 22.6.csv
중랑구,중랑3팀,1457. 동원사거리,870,2022-06-01,대여소별 이용정보 22.6.csv
강남구,학여울1팀,2320. 도곡역 대치지구대 방향,870,2022-06-01,대여소별 이용정보 22.6.csv
성북구,훈련원2팀,1348. 성북제일새마을금고 본점 앞,871,2022-06-01,대여소별 이용정보 22.6.csv
성북구,훈련원2팀,1373. 성북구보건소 건너편,874,2022-06-01,대여소별 이용정보 22.6.csv
송파구,천호2팀,4458. 가락2동주민센터 인근,875,2022-06-01,대여소별 이용정보 22.6.csv
금천구,천왕3팀,1822. 서울 시흥동우체국 앞,875,2022-06-01,대여소별 이용정보 22.6.csv
동대문구,훈련원3팀,600. 휘경2동 주민센터,875,2022-06-01,대여소별 이용정보 22.6.csv
종로구,훈련원1팀,452. 동대문 종합시장 버스정류장,876,2022-06-01,대여소별 이용정보 22.6.csv
동대문구,훈련원3팀,4103. 휘경sk뷰아파트 앞,876,2022-06-01,대여소별 이용정보 22.6.csv
영등포구,영남3팀,282. 신한은행 대림동지점,877,2022-06-01,대여소별 이용정보 22.6.csv
송파구,천호2팀,4462. 가락중학교 앞,877,2022-06-01,대여소별 이용정보 22.6.csv
서초구,이수3팀,2239.교대역 6번출구,878,2022-06-01,대여소별 이용정보 22.6.csv
서대문구,상암2팀,3122.북가좌삼거리2,878,2022-06-01,대여소별 이용정보 22.6.csv
서초구,이수3팀,2227.방배열린문화센터 앞,884,2022-06-01,대여소별 이용정보 22.6.csv
동작구,이수2팀,2026. 흑석역 4번출구,884,2022-06-01,대여소별 이용정보 22.6.csv
금천구,천왕3팀,1835. STX V타워,884,2022-06-01,대여소별 이용정보 22.6.csv
은평구,상암3팀,976.진관고등학교앞,884,2022-06-01,대여소별 이용정보 22.6.csv
구로구,천왕1팀,1999. 수궁동 성당 주변,889,2022-06-01,대여소별 이용정보 22.6.csv
성동구,중랑2팀,3553.마장역3번출구,891,2022-06-01,대여소별 이용정보 22.6.csv
성북구,훈련원2팀,4414. 안암역 3번 출구,891,2022-06-01,대여소별 이용정보 22.6.csv
송파구,천호2팀,2655.송이공원,893,2022-06-01,대여소별 이용정보 22.6.csv
서초구,이수3팀,4306. 서래공원 앞,893,2022-06-01,대여소별 이용정보 22.6.csv
강남구,학여울1팀,2330. 역삼월드메르디앙아파트 앞,893,2022-06-01,대여소별 이용정보 22.6.csv
강동구,천호1팀,1042. 강일리버파크 2~5단지,893,2022-06-01,대여소별 이용정보 22.6.csv
영등포구,영남3팀,4589. KRX한국거래소(1),895,2022-06-01,대여소별 이용정보 22.6.csv
서대문구,상암1팀,3115.북아현 치안센터 인근,896,2022-06-01,대여소별 이용정보 22.6.csv
강남구,이수3팀,2409. 역삼동 디오슈페리움 (우성아파트 사거리),897,2022-06-01,대여소별 이용정보 22.6.csv
양천구,개화4팀,4534. 월정초교 앞 사거리,898,2022-06-01,대여소별 이용정보 22.6.csv
성동구,중랑2팀,4360. 르노삼성자동차 성수사업소 앞,898,2022-06-01,대여소별 이용정보 22.6.csv
성북구,훈련원2팀,1340. 광운초등학교 앞,900,2022-06-01,대여소별 이용정보 22.6.csv
강동구,천호1팀,1067.한영중고앞사거리,901,2022-06-01,대여소별 이용정보 22.6.csv
서대문구,상암2팀,3110.홍은 현대아이파크 아파트 202동 앞,902,2022-06-01,대여소별 이용정보 22.6.csv
중랑구,중랑3팀,1425. 용마문화복지센터,903,2022-06-01,대여소별 이용정보 22.6.csv
은평구,상암3팀,946. 독바위역,903,2022-06-01,대여소별 이용정보 22.6.csv
송파구,학여울2팀,4480. 가락시장 남1문 사거리,905,2022-06-01,대여소별 이용정보 22.6.csv
종로구,세종로1팀,351. 청운초교 앞 삼거리,905,2022-06-01,대여소별 이용정보 22.6.csv
영등포구,영남3팀,4563. 여의도 은하아파트,905,2022-06-01,대여소별 이용정보 22.6.csv
관악구,이수2팀,2186. 낙성대입구삼거리,906,2022-06-01,대여소별 이용정보 22.6.csv
강동구,천호1팀,1025. 상일초등학교,907,2022-06-01,대여소별 이용정보 22.6.csv
서초구,이수3팀,2299. 한전아트센터 앞,907,2022-06-01,대여소별 이용정보 22.6.csv
강남구,학여울1팀,2313. 금원빌딩 앞,908,2022-06-01,대여소별 이용정보 22.6.csv
송파구,천호2팀,1291. 서울체육고등학교 앞,908,2022-06-01,대여소별 이용정보 22.6.csv
강동구,천호1팀,1070.(시립)고덕평생학습관,908,2022-06-01,대여소별 이용정보 22.6.csv
도봉구,도봉3팀,4073.방아골종합사회복지관,909,2022-06-01,대여소별 이용정보 22.6.csv
관악구,영남2팀,2144. 난우길입구,910,2022-06-01,대여소별 이용정보 22.6.csv
강북구,도봉4팀,1532. 번3동 주민센터 교차로,911,2022-06-01,대여소별 이용정보 22.6.csv
마포구,상암1팀,118. 광흥창역 2번출구 앞,913,2022-06-01,대여소별 이용정보 22.6.csv
구로구,천왕1팀,3908. 오류동 다숲오피스텔 앞,917,2022-06-01,대여소별 이용정보 22.6.csv
영등포구,영남3팀,260. 여의도 마리나선착장 앞,918,2022-06-01,대여소별 이용정보 22.6.csv
강북구,도봉4팀,3718. 번동 SK LPG 충전소,918,2022-06-01,대여소별 이용정보 22.6.csv
강남구,학여울1팀,4901.KT&G타워 옆(상상마당 대치아트홀),919,2022-06-01,대여소별 이용정보 22.6.csv
금천구,천왕3팀,3977. 말미사거리,920,2022-06-01,대여소별 이용정보 22.6.csv
마포구,상암1팀,406. 상암월드컵파크 7단지 앞,921,2022-06-01,대여소별 이용정보 22.6.csv
강남구,학여울2팀,3618. 서울율현초교 삼거리,921,2022-06-01,대여소별 이용정보 22.6.csv
강남구,학여울2팀,3642. LH강남힐스테이트아파트,921,2022-06-01,대여소별 이용정보 22.6.csv
중구,세종로2팀,331. 을지로2가 사거리 북측,921,2022-06-01,대여소별 이용정보 22.6.csv
종로구,세종로1팀,309. 광화문역 6번출구 옆 B,926,2022-06-01,대여소별 이용정보 22.6.csv
구로구,천왕2팀,1998. 고척교 교차로,926,2022-06-01,대여소별 이용정보 22.6.csv
강북구,도봉4팀,1568.4.19민주묘지 입구사거리,927,2022-06-01,대여소별 이용정보 22.6.csv
도봉구,도봉3팀,1706. 기업은행 앞,928,2022-06-01,대여소별 이용정보 22.6.csv
성북구,훈련원2팀,1358. 정릉도서관 앞,928,2022-06-01,대여소별 이용정보 22.6.csv
강동구,천호1팀,3694. 강동리엔파크 11단지,929,2022-06-01,대여소별 이용정보 22.6.csv
서대문구,상암1팀,140. 이화여대 후문,930,2022-06-01,대여소별 이용정보 22.6.csv
강서구,개화1팀,1159. 서서울모터리움 앞,931,2022-06-01,대여소별 이용정보 22.6.csv
영등포구,영남3팀,5855. 하이투자증권 앞,931,2022-06-01,대여소별 이용정보 22.6.csv
서초구,이수1팀,2537.양재역 8번출구 앞,932,2022-06-01,대여소별 이용정보 22.6.csv
동작구,이수2팀,2027. 중앙대학교 정문 1,933,2022-06-01,대여소별 이용정보 22.6.csv
서초구,이수3팀,2213. 고속터미널역 5번출구 앞,933,2022-06-01,대여소별 이용정보 22.6.csv
송파구,학여울2팀,2631.배명고등학교,934,2022-06-01,대여소별 이용정보 22.6.csv
동대문구,훈련원3팀,666.이문대성유니드아파트 앞,934,2022-06-01,대여소별 이용정보 22.6.csv
중랑구,중랑3팀,1420. 신내어울공원 앞,934,2022-06-01,대여소별 이용정보 22.6.csv
종로구,세종로1팀,3425.광화문 풍림스페이스본 1단지앞,935,2022-06-01,대여소별 이용정보 22.6.csv
용산구,세종로 4팀,4618. 풍전아파트 건너편,935,2022-06-01,대여소별 이용정보 22.6.csv
서대문구,상암1팀,3104. e편한세상 신촌4단지 앞,938,2022-06-01,대여소별 이용정보 22.6.csv
용산구,세종로 4팀,852.청암자이APT(103동),939,2022-06-01,대여소별 이용정보 22.6.csv
강남구,학여울2팀,3623. 일원에코파크 앞(개포로 방면),941,2022-06-01,대여소별 이용정보 22.6.csv
강남구,학여울1팀,4906. 섬유센터 앞,943,2022-06-01,대여소별 이용정보 22.6.csv
구로구,천왕1팀,1993. 금강수목원아파트 앞,945,2022-06-01,대여소별 이용정보 22.6.csv
금천구,천왕2팀,1812. 갑을그레이트밸리 앞,945,2022-06-01,대여소별 이용정보 22.6.csv
노원구,도봉2팀,1641. 한내근린공원 남측,945,2022-06-01,대여소별 이용정보 22.6.csv
송파구,천호2팀,4889. 마천역 1번 출구 인근②,946,2022-06-01,대여소별 이용정보 22.6.csv
영등포구,영남3팀,285. 대림3동사거리(하나은행),946,2022-06-01,대여소별 이용정보 22.6.csv
은평구,상암2팀,979.원풍빌라앞,948,2022-06-01,대여소별 이용정보 22.6.csv
서초구,이수1팀,4303. 매헌역 2번출구앞광역버스 정류장앞(22-297),949,2022-06-01,대여소별 이용정보 22.6.csv
강북구,도봉4팀,1536. 번동 두산위브 101동 옆,951,2022-06-01,대여소별 이용정보 22.6.csv
구로구,천왕1팀,2819.하늘숲초등학교 앞,951,2022-06-01,대여소별 이용정보 22.6.csv
은평구,상암3팀,923. 국민은행 연서지점,952,2022-06-01,대여소별 이용정보 22.6.csv
구로구,천왕1팀,3918. 이좋은집오피스텔 앞,953,2022-06-01,대여소별 이용정보 22.6.csv
강서구,개화3팀,5067. 주원 리젠트 앞,953,2022-06-01,대여소별 이용정보 22.6.csv
양천구,개화4팀,712. 강월초교입구 사거리,953,2022-06-01,대여소별 이용정보 22.6.csv
마포구,상암1팀,436. 이대역 5번출구,953,2022-06-01,대여소별 이용정보 22.6.csv
중랑구,중랑3팀,4808. 신내2동 주민센터 앞,954,2022-06-01,대여소별 이용정보 22.6.csv
금천구,천왕3팀,3983. 금천구청역 1번 출구,956,2022-06-01,대여소별 이용정보 22.6.csv
동대문구,훈련원4팀,630. 동대문구 보건소,958,2022-06-01,대여소별 이용정보 22.6.csv
마포구,상암1팀,4206. 광흥창역5번출구,958,2022-06-01,대여소별 이용정보 22.6.csv
관악구,이수2팀,2128. 관악구청교차로,958,2022-06-01,대여소별 이용정보 22.6.csv
동대문구,훈련원4팀,4107. 장안동근린공원 입구,959,2022-06-01,대여소별 이용정보 22.6.csv
서대문구,상암1팀,135. 명물길 원형무대 앞,959,2022-06-01,대여소별 이용정보 22.6.csv
종로구,훈련원1팀,3411.종묘,959,2022-06-01,대여소별 이용정보 22.6.csv
구로구,천왕1팀,1936. 개봉역 1번 출구 자전거보관서쪽,959,2022-06-01,대여소별 이용정보 22.6.csv
용산구,세종로 4팀,4603. 한강GS에클라트 건너편 교통섬,960,2022-06-01,대여소별 이용정보 22.6.csv
은평구,상암3팀,960. 구파발역 환승센터,960,2022-06-01,대여소별 이용정보 22.6.csv
강북구,도봉4팀,1519. 세븐일레븐 수유장미원점 앞,960,2022-06-01,대여소별 이용정보 22.6.csv
성동구,중랑2팀,520. 상왕십리역 4번 출구 앞,961,2022-06-01,대여소별 이용정보 22.6.csv
성북구,훈련원2팀,1360. 정릉역,961,2022-06-01,대여소별 이용정보 22.6.csv
영등포구,영남3팀,251. 서울지방병무청 버스정류장,962,2022-06-01,대여소별 이용정보 22.6.csv
송파구,학여울2팀,4880. 송파청소년센터,963,2022-06-01,대여소별 이용정보 22.6.csv
서대문구,상암1팀,198. 충정2교,963,2022-06-01,대여소별 이용정보 22.6.csv
중구,훈련원1팀,430. KEB하나은행 장충동지점,964,2022-06-01,대여소별 이용정보 22.6.csv
송파구,천호2팀,4469. 거여동 어울림아파트 102동앞,964,2022-06-01,대여소별 이용정보 22.6.csv
서초구,이수3팀,2509. 심산기념문화센터,965,2022-06-01,대여소별 이용정보 22.6.csv
송파구,학여울2팀,1266. 문정동 글샘 공원,965,2022-06-01,대여소별 이용정보 22.6.csv
양천구,개화4팀,713. 양서중학교 옆,965,2022-06-01,대여소별 이용정보 22.6.csv
노원구,도봉1팀,1628. 노일초등학교 앞,967,2022-06-01,대여소별 이용정보 22.6.csv
영등포구,영남3팀,298.KBS 연구동 건너편,968,2022-06-01,대여소별 이용정보 22.6.csv
송파구,천호2팀,4499. 세양청마루 101동 앞,969,2022-06-01,대여소별 이용정보 22.6.csv
관악구,이수2팀,2198.사랑의병원,971,2022-06-01,대여소별 이용정보 22.6.csv
서대문구,상암2팀,3101. 서대문구청,973,2022-06-01,대여소별 이용정보 22.6.csv
금천구,천왕3팀,1829. 홈플러스 금천점 앞,973,2022-06-01,대여소별 이용정보 22.6.csv
강남구,이수1팀,"2359. 국립국악중,고교 정문 맞은편",973,2022-06-01,대여소별 이용정보 22.6.csv
영등포구,영남1팀,3221.서울특별시 남부교육지원청,973,2022-06-01,대여소별 이용정보 22.6.csv
영등포구,영남3팀,299.여의도 순복음교회,973,2022-06-01,대여소별 이용정보 22.6.csv
강남구,학여울1팀,2315. 봉은사역 5번출구 옆,973,2022-06-01,대여소별 이용정보 22.6.csv
동대문구,훈련원4팀,639. 서울시립대 후문,974,2022-06-01,대여소별 이용정보 22.6.csv
마포구,상암1팀,416. 상암월드컵파크 1단지 교차로,975,2022-06-01,대여소별 이용정보 22.6.csv
서대문구,상암1팀,3116.신촌역 4번출구,975,2022-06-01,대여소별 이용정보 22.6.csv
용산구,세종로3팀,810. 이태원지하보도,976,2022-06-01,대여소별 이용정보 22.6.csv
중랑구,중랑3팀,4835. 망우동 본죽 앞,977,2022-06-01,대여소별 이용정보 22.6.csv
관악구,영남2팀,2145. 은천초등학교 육교,977,2022-06-01,대여소별 이용정보 22.6.csv
성북구,훈련원2팀,1388. 돈암초교입구 버스정류장(한성대입구역 방면),978,2022-06-01,대여소별 이용정보 22.6.csv
송파구,천호2팀,4857. 올림픽공원 장미광장,978,2022-06-01,대여소별 이용정보 22.6.csv
동작구,영남2팀,2084.e편한세상 상도노빌리티 앞,980,2022-06-01,대여소별 이용정보 22.6.csv
금천구,천왕3팀,3963. 에이스 하드웨어(시흥대로 396) 앞,980,2022-06-01,대여소별 이용정보 22.6.csv
강서구,개화2팀,1187. 강서수산물도매시장,981,2022-06-01,대여소별 이용정보 22.6.csv
서대문구,상암1팀,3113.독립문역사거리,981,2022-06-01,대여소별 이용정보 22.6.csv
강북구,도봉4팀,1528. 삼각산동 주민센터,982,2022-06-01,대여소별 이용정보 22.6.csv
성동구,중랑2팀,538. 답십리역 8번출구 앞,984,2022-06-01,대여소별 이용정보 22.6.csv
도봉구,도봉3팀,1775.신원리베르텔 앞,985,2022-06-01,대여소별 이용정보 22.6.csv
서초구,이수3팀,2503. 반포1동 서초빌딩 앞,986,2022-06-01,대여소별 이용정보 22.6.csv
송파구,천호2팀,2627.문정시영아파트 5동 앞 공원,986,2022-06-01,대여소별 이용정보 22.6.csv
강서구,개화2팀,1130. 화곡본동시장 버스정류장,986,2022-06-01,대여소별 이용정보 22.6.csv
성동구,중랑2팀,3545.한양대역 1번출구,987,2022-06-01,대여소별 이용정보 22.6.csv
송파구,학여울2팀,4886. 배명고등학교 건너편,988,2022-06-01,대여소별 이용정보 22.6.csv
마포구,상암1팀,4224. 서부운전면허시험장,989,2022-06-01,대여소별 이용정보 22.6.csv
중구,세종로1팀,391. 시립미술관,989,2022-06-01,대여소별 이용정보 22.6.csv
종로구,세종로2팀,4707. 청계3가 사거리,990,2022-06-01,대여소별 이용정보 22.6.csv
성동구,중랑2팀,4370. 서울숲IT캐슬 앞,991,2022-06-01,대여소별 이용정보 22.6.csv
강남구,학여울1팀,2325. 대치삼성아파트 앞 교차로,993,2022-06-01,대여소별 이용정보 22.6.csv
송파구,천호2팀,4855. 거여5단지 503동 앞,994,2022-06-01,대여소별 이용정보 22.6.csv
마포구,상암1팀,3008.DMC역7번출구,996,2022-06-01,대여소별 이용정보 22.6.csv
마포구,상암1팀,402. 상암월드컵파크 9단지 앞,997,2022-06-01,대여소별 이용정보 22.6.csv
중구,훈련원1팀,476.광희문,997,2022-06-01,대여소별 이용정보 22.6.csv
성북구,훈련원2팀,1303. 돈암초교 입구,998,2022-06-01,대여소별 이용정보 22.6.csv
도봉구,도봉3팀,4074. 도봉구육아종합지원센터(창동),998,2022-06-01,대여소별 이용정보 22.6.csv
송파구,천호2팀,1256. 문정현대아파트 교차로,999,2022-06-01,대여소별 이용정보 22.6.csv
관악구,영남2팀,2185. 대학동 고시촌,1001,2022-06-01,대여소별 이용정보 22.6.csv
은평구,상암3팀,954. 은평뉴타운구파발9단지,1001,2022-06-01,대여소별 이용정보 22.6.csv
성동구,중랑2팀,518. 청계천 박물관 앞,1002,2022-06-01,대여소별 이용정보 22.6.csv
성북구,훈련원2팀,1364. 성북동 치안센터 앞,1002,2022-06-01,대여소별 이용정보 22.6.csv
마포구,상암1팀,121. 마포소방서 앞,1003,2022-06-01,대여소별 이용정보 22.6.csv
관악구,이수2팀,2167. 낙성대역 1번출구,1004,2022-06-01,대여소별 이용정보 22.6.csv
서대문구,상암2팀,195. 모래내고가차도,1012,2022-06-01,대여소별 이용정보 22.6.csv
송파구,학여울2팀,2603. 송파 글마루 도서관,1013,2022-06-01,대여소별 이용정보 22.6.csv
은평구,상암3팀,4671. 청구성심병원 앞,1013,2022-06-01,대여소별 이용정보 22.6.csv
금천구,천왕3팀,3956. 대륭테크노타운21차 앞,1014,2022-06-01,대여소별 이용정보 22.6.csv
동대문구,훈련원3팀,656. 영휘원 교차로,1015,2022-06-01,대여소별 이용정보 22.6.csv
은평구,상암2팀,948. 디지털미디어 시티역 4번출구(DMC역),1017,2022-06-01,대여소별 이용정보 22.6.csv
은평구,상암3팀,"4663. 불광역3,6호선 버스정류장(동명여고 방면)",1018,2022-06-01,대여소별 이용정보 22.6.csv
종로구,세종로2팀,328. 탑골공원 앞,1018,2022-06-01,대여소별 이용정보 22.6.csv
관악구,이수2팀,2122. 낙성대로 입구,1019,2022-06-01,대여소별 이용정보 22.6.csv
마포구,상암1팀,4211. 시석빌딩 앞,1020,2022-06-01,대여소별 이용정보 22.6.csv
동작구,이수2팀,2036. 정금마을 마을버스정류장,1020,2022-06-01,대여소별 이용정보 22.6.csv
양천구,개화2팀,4530. 방아다리어린이공원,1021,2022-06-01,대여소별 이용정보 22.6.csv
강동구,천호1팀,1049. 강일리버파크 10단지,1023,2022-06-01,대여소별 이용정보 22.6.csv
송파구,천호2팀,4856. 올림픽공원 서1문 앞,1024,2022-06-01,대여소별 이용정보 22.6.csv
양천구,영남1팀,748. 목동운동장,1024,2022-06-01,대여소별 이용정보 22.6.csv
서초구,이수3팀,2271. 내방역 8번출구 앞,1024,2022-06-01,대여소별 이용정보 22.6.csv
광진구,중랑1팀,3873. 동서울우편집중국 앞,1024,2022-06-01,대여소별 이용정보 22.6.csv
서초구,이수3팀,2215. 반포종합운동장 입구,1024,2022-06-01,대여소별 이용정보 22.6.csv
송파구,학여울2팀,2634.위례포레샤인아파트 2318동,1025,2022-06-01,대여소별 이용정보 22.6.csv
노원구,도봉1팀,1634. 당고개공원 대여소,1026,2022-06-01,대여소별 이용정보 22.6.csv
서초구,이수3팀,2214. 신반포역 2번출구 앞,1027,2022-06-01,대여소별 이용정보 22.6.csv
송파구,학여울2팀,1240. 문정 법조단지4,1027,2022-06-01,대여소별 이용정보 22.6.csv
도봉구,도봉3팀,4054. KT프라자도봉점 맞은편,1028,2022-06-01,대여소별 이용정보 22.6.csv
구로구,천왕1팀,1981. 천왕이펜하우스5단지 앞,1029,2022-06-01,대여소별 이용정보 22.6.csv
송파구,학여울2팀,1217. 송파파인타운 7단지,1029,2022-06-01,대여소별 이용정보 22.6.csv
중구,세종로2팀,318. 광교사거리 남측,1029,2022-06-01,대여소별 이용정보 22.6.csv
성북구,훈련원2팀,1349. 월계2교 버스정류장 앞,1030,2022-06-01,대여소별 이용정보 22.6.csv
강동구,천호1팀,1026. 대명초교 입구 교차로,1030,2022-06-01,대여소별 이용정보 22.6.csv
구로구,천왕1팀,2820.신세기아파트 앞,1032,2022-06-01,대여소별 이용정보 22.6.csv
양천구,개화4팀,720. 서울강월초등학교 앞,1033,2022-06-01,대여소별 이용정보 22.6.csv
성북구,훈련원2팀,1343. 한성대7번출구 앞,1036,2022-06-01,대여소별 이용정보 22.6.csv
서대문구,상암1팀,180. 충정로역 7번출구 아래,1036,2022-06-01,대여소별 이용정보 22.6.csv
송파구,천호2팀,1230. 송파중학교 정문,1037,2022-06-01,대여소별 이용정보 22.6.csv
도봉구,도봉3팀,4083.도봉아이나라도서관 앞,1038,2022-06-01,대여소별 이용정보 22.6.csv
송파구,천호2팀,2654.올림픽선수촌아파트 136동 앞,1038,2022-06-01,대여소별 이용정보 22.6.csv
송파구,학여울2팀,2657.송파 파인타운 11단지,1038,2022-06-01,대여소별 이용정보 22.6.csv
도봉구,도봉3팀,1772.시립도봉노인복지관 버스정류소,1041,2022-06-01,대여소별 이용정보 22.6.csv
마포구,상암1팀,125. 서강대 남문 옆,1041,2022-06-01,대여소별 이용정보 22.6.csv
마포구,상암1팀,405. DMC빌 앞,1042,2022-06-01,대여소별 이용정보 22.6.csv
중구,훈련원1팀,4793. 동대문역사문화공원역 5번출구,1042,2022-06-01,대여소별 이용정보 22.6.csv
마포구,상암1팀,185. 마포 신수공원 앞,1042,2022-06-01,대여소별 이용정보 22.6.csv
강남구,학여울1팀,2405. 청담공원앞 교차로,1042,2022-06-01,대여소별 이용정보 22.6.csv
동작구,이수2팀,2037. 동작역 5번출구 동작주차공원,1044,2022-06-01,대여소별 이용정보 22.6.csv
중랑구,중랑3팀,4803. 상봉2동 주민센터 앞,1045,2022-06-01,대여소별 이용정보 22.6.csv
강북구,도봉4팀,1557.신창교,1046,2022-06-01,대여소별 이용정보 22.6.csv
도봉구,도봉3팀,1770.도봉한신아파트 주변,1048,2022-06-01,대여소별 이용정보 22.6.csv
중구,훈련원1팀,372. 약수역 3번출구 뒤,1049,2022-06-01,대여소별 이용정보 22.6.csv
양천구,개화4팀,710. 금옥여고보도육교,1050,2022-06-01,대여소별 이용정보 22.6.csv
용산구,세종로 4팀,850. KCC용산월츠타워,1050,2022-06-01,대여소별 이용정보 22.6.csv
노원구,도봉1팀,4002. 상계주공 14단지 상가 앞,1051,2022-06-01,대여소별 이용정보 22.6.csv
중랑구,중랑3팀,1468.먹골역 7번 출구,1051,2022-06-01,대여소별 이용정보 22.6.csv
영등포구,영남1팀,4588.양남사거리2,1052,2022-06-01,대여소별 이용정보 22.6.csv
강남구,학여울1팀,3651. 개포동역 4번출구,1053,2022-06-01,대여소별 이용정보 22.6.csv
서초구,이수2팀,2228.뒷벌공원 옆,1053,2022-06-01,대여소별 이용정보 22.6.csv
강동구,천호1팀,1073.SSTS 몰 앞,1054,2022-06-01,대여소별 이용정보 22.6.csv
성북구,훈련원2팀,1326. 상월곡역 1번출구,1055,2022-06-01,대여소별 이용정보 22.6.csv
금천구,천왕3팀,1828. 한양수자인아파트 앞,1056,2022-06-01,대여소별 이용정보 22.6.csv
강동구,천호1팀,1016. 해뜨는 주유소옆 리엔파크 109동앞,1061,2022-06-01,대여소별 이용정보 22.6.csv
마포구,상암1팀,4202. 프런트원(공덕역4번출구 앞),1061,2022-06-01,대여소별 이용정보 22.6.csv
서초구,이수3팀,2259. 잠원역 3번-4번 출구사이,1061,2022-06-01,대여소별 이용정보 22.6.csv
강남구,학여울2팀,2420.학여울역 사거리(LG베스트샵 앞),1061,2022-06-01,대여소별 이용정보 22.6.csv
영등포구,영남3팀,250. 대림아파트 사거리,1062,2022-06-01,대여소별 이용정보 22.6.csv
동작구,영남2팀,2020. 장승배기역2번출구뒷편쪽,1062,2022-06-01,대여소별 이용정보 22.6.csv
중랑구,중랑3팀,4826. 홈플러스 면목점,1064,2022-06-01,대여소별 이용정보 22.6.csv
서초구,이수3팀,2266. 서초역 3번출구,1066,2022-06-01,대여소별 이용정보 22.6.csv
마포구,상암1팀,122. 신성기사식당 앞,1067,2022-06-01,대여소별 이용정보 22.6.csv
강남구,학여울1팀,2317. 삼성도로공원,1068,2022-06-01,대여소별 이용정보 22.6.csv
강서구,개화4팀,1145. 곰달래 문화복지센터 1-2,1068,2022-06-01,대여소별 이용정보 22.6.csv
서초구,이수1팀,2251. 더케이호텔 입구(양재2),1069,2022-06-01,대여소별 이용정보 22.6.csv
금천구,천왕2팀,1840. 솔브레인이엔지 뒤편,1069,2022-06-01,대여소별 이용정보 22.6.csv
노원구,도봉2팀,1671. 인덕대학교,1070,2022-06-01,대여소별 이용정보 22.6.csv
노원구,도봉1팀,1696.수락리버시티4단지,1072,2022-06-01,대여소별 이용정보 22.6.csv
강북구,도봉4팀,1553.예수그리스도후기성도교회 앞,1073,2022-06-01,대여소별 이용정보 22.6.csv
중구,세종로1팀,4797. KG타워 앞,1073,2022-06-01,대여소별 이용정보 22.6.csv
송파구,학여울2팀,1296. 석촌호수교차로 (송파나루근린공원 앞),1075,2022-06-01,대여소별 이용정보 22.6.csv
서초구,이수3팀,2504. 신사역 4번출구 뒤,1075,2022-06-01,대여소별 이용정보 22.6.csv
중랑구,중랑3팀,1405. 망우역 1번출구,1076,2022-06-01,대여소별 이용정보 22.6.csv
마포구,상암1팀,440. 하늘공원 입구,1077,2022-06-01,대여소별 이용정보 22.6.csv
마포구,상암1팀,4216. 망원정 앞,1078,2022-06-01,대여소별 이용정보 22.6.csv
성동구,중랑2팀,3525. 금호스포츠센터앞,1078,2022-06-01,대여소별 이용정보 22.6.csv
서초구,이수3팀,2528.함지박 사거리,1079,2022-06-01,대여소별 이용정보 22.6.csv
송파구,천호2팀,4860. 가락쌍용2차아파트 103동,1079,2022-06-01,대여소별 이용정보 22.6.csv
은평구,상암3팀,903. 은평뉴타운 아이파크,1080,2022-06-01,대여소별 이용정보 22.6.csv
용산구,세종로3팀,864.순천향대학병원(한남오거리),1080,2022-06-01,대여소별 이용정보 22.6.csv
관악구,영남2팀,2174. 삼성디지털프라자관악점,1081,2022-06-01,대여소별 이용정보 22.6.csv
노원구,도봉1팀,1659. 중계동 을지중학교,1082,2022-06-01,대여소별 이용정보 22.6.csv
강동구,천호1팀,1068.명일파출소,1082,2022-06-01,대여소별 이용정보 22.6.csv
은평구,상암3팀,919. 서울혁신파크,1083,2022-06-01,대여소별 이용정보 22.6.csv
마포구,상암1팀,4212. 한화오벨리스크 앞,1084,2022-06-01,대여소별 이용정보 22.6.csv
마포구,상암1팀,408. LG CNS앞,1085,2022-06-01,대여소별 이용정보 22.6.csv
강남구,이수3팀,2362. 신사동 가로수길 입구,1086,2022-06-01,대여소별 이용정보 22.6.csv
은평구,상암3팀,963. 대호프라자아파트,1087,2022-06-01,대여소별 이용정보 22.6.csv
중랑구,중랑3팀,1474.서울중랑우체국,1087,2022-06-01,대여소별 이용정보 22.6.csv
송파구,천호2팀,4463. 방이역 2번 출구,1088,2022-06-01,대여소별 이용정보 22.6.csv
양천구,개화4팀,714. 한국SGI 양천문화회관 앞,1089,2022-06-01,대여소별 이용정보 22.6.csv
도봉구,도봉3팀,1750. 창포원 남쪽 입구,1090,2022-06-01,대여소별 이용정보 22.6.csv
마포구,상암1팀,150. 서강대역 2번출구 앞,1090,2022-06-01,대여소별 이용정보 22.6.csv
성북구,훈련원2팀,4420. 성북구 한예종 캠퍼스 별관,1091,2022-06-01,대여소별 이용정보 22.6.csv
동대문구,훈련원3팀,647. 신이문역 1번출구,1091,2022-06-01,대여소별 이용정보 22.6.csv
도봉구,도봉3팀,1715. 서울특별시교육청도봉도서관,1091,2022-06-01,대여소별 이용정보 22.6.csv
강북구,도봉4팀,1526. 수유동 채선당앞,1092,2022-06-01,대여소별 이용정보 22.6.csv
광진구,중랑1팀,3505. 신양초교앞 교차로,1093,2022-06-01,대여소별 이용정보 22.6.csv
마포구,상암1팀,129. 신촌역(2호선) 6번출구 옆,1093,2022-06-01,대여소별 이용정보 22.6.csv
양천구,개화4팀,777.신월6차보람아파트 앞,1094,2022-06-01,대여소별 이용정보 22.6.csv
강남구,학여울2팀,2408. 강남한양수자인아파트,1094,2022-06-01,대여소별 이용정보 22.6.csv
도봉구,도봉3팀,1734. 쌍문현대1차아파트 108동 앞,1095,2022-06-01,대여소별 이용정보 22.6.csv
강서구,개화1팀,3787. 가양나들목,1095,2022-06-01,대여소별 이용정보 22.6.csv
강남구,학여울2팀,2411. 세곡동 성당,1095,2022-06-01,대여소별 이용정보 22.6.csv
영등포구,영남3팀,235. 신길동 우리은행 옆,1095,2022-06-01,대여소별 이용정보 22.6.csv
성북구,훈련원2팀,1346. 길음8골어린이공원 옆,1095,2022-06-01,대여소별 이용정보 22.6.csv
마포구,상암1팀,407. 마포구 육아종합지원센터,1095,2022-06-01,대여소별 이용정보 22.6.csv
서대문구,상암1팀,115. 마스타 빌딩 앞,1097,2022-06-01,대여소별 이용정보 22.6.csv
동대문구,훈련원3팀,676.FITI시험연구원 앞,1099,2022-06-01,대여소별 이용정보 22.6.csv
은평구,상암3팀,4653. 불광역 9번 출구 맞은편,1099,2022-06-01,대여소별 이용정보 22.6.csv
마포구,상암1팀,156. 서울서부지방법원 앞,1099,2022-06-01,대여소별 이용정보 22.6.csv
중구,세종로2팀,324. 신세계백화점 본점 앞,1100,2022-06-01,대여소별 이용정보 22.6.csv
양천구,개화4팀,733. 신정이펜하우스314동,1101,2022-06-01,대여소별 이용정보 22.6.csv
송파구,학여울2팀,4893. 문정법조단지12,1102,2022-06-01,대여소별 이용정보 22.6.csv
강동구,천호1팀,3658. 프라이어팰리스아파트,1103,2022-06-01,대여소별 이용정보 22.6.csv
도봉구,도봉3팀,"1735. 도봉역 1,2번 출구사이 건너편",1103,2022-06-01,대여소별 이용정보 22.6.csv
영등포구,영남1팀,4601.양평역2번출구 뒤,1105,2022-06-01,대여소별 이용정보 22.6.csv
중구,훈련원1팀,336. 티마크 호텔 앞,1106,2022-06-01,대여소별 이용정보 22.6.csv
광진구,중랑1팀,3529. 어린이대공원정문,1107,2022-06-01,대여소별 이용정보 22.6.csv
강남구,학여울1팀,2418.봉은사역 7번 출구,1108,2022-06-01,대여소별 이용정보 22.6.csv
도봉구,도봉3팀,1719. 신도봉사거리 버스정류장,1110,2022-06-01,대여소별 이용정보 22.6.csv
서초구,이수1팀,2273. 일동제약 사거리,1111,2022-06-01,대여소별 이용정보 22.6.csv
서초구,이수2팀,4318. 방배역 2번 출구,1115,2022-06-01,대여소별 이용정보 22.6.csv
중구,세종로 4팀,4794. 서울역 서부교차로(3),1116,2022-06-01,대여소별 이용정보 22.6.csv
동대문구,훈련원4팀,654. 전농동 텃골공원,1117,2022-06-01,대여소별 이용정보 22.6.csv
중구,세종로2팀,4778. 대신파이낸스센터,1117,2022-06-01,대여소별 이용정보 22.6.csv
도봉구,도봉3팀,1771.성원APT버스정류소,1117,2022-06-01,대여소별 이용정보 22.6.csv
종로구,훈련원1팀,457. 종로꽃시장 입구 옆,1118,2022-06-01,대여소별 이용정보 22.6.csv
마포구,상암1팀,3007.MBC 앞,1121,2022-06-01,대여소별 이용정보 22.6.csv
금천구,천왕2팀,1839. 수출의 다리 아래,1121,2022-06-01,대여소별 이용정보 22.6.csv
동대문구,훈련원3팀,665.이문동 쌍용아파트 정문,1122,2022-06-01,대여소별 이용정보 22.6.csv
강남구,학여울1팀,2365. K+ 타워 앞,1122,2022-06-01,대여소별 이용정보 22.6.csv
종로구,훈련원1팀,455. 종로6가역 버스정류장(동대문 방향),1122,2022-06-01,대여소별 이용정보 22.6.csv
도봉구,도봉3팀,1746. 다이소방학점 앞,1123,2022-06-01,대여소별 이용정보 22.6.csv
마포구,상암1팀,4208. 스타벅스(동교동) 앞,1123,2022-06-01,대여소별 이용정보 22.6.csv
양천구,개화4팀,725. 양강중학교앞 교차로,1124,2022-06-01,대여소별 이용정보 22.6.csv
강북구,도봉4팀,1548. 북서울 꿈의숲 서문,1125,2022-06-01,대여소별 이용정보 22.6.csv
송파구,천호2팀,"2626.경찰병원역 1,2번 출구 사이",1125,2022-06-01,대여소별 이용정보 22.6.csv
관악구,이수2팀,2148. 낙성대역 3번출구 뒤,1125,2022-06-01,대여소별 이용정보 22.6.csv
은평구,상암2팀,930. 구 서부경찰서 건너편,1125,2022-06-01,대여소별 이용정보 22.6.csv
강남구,학여울1팀,2372. 대치역 사거리,1125,2022-06-01,대여소별 이용정보 22.6.csv
금천구,천왕3팀,1806. 에이스하이엔드타워9차 앞,1125,2022-06-01,대여소별 이용정보 22.6.csv
광진구,중랑1팀,552. 대림아크로리버 앞,1127,2022-06-01,대여소별 이용정보 22.6.csv
성북구,훈련원2팀,1395.래미안장위포레카운티(102동),1129,2022-06-01,대여소별 이용정보 22.6.csv
종로구,세종로1팀,305. 종로구청 옆,1130,2022-06-01,대여소별 이용정보 22.6.csv
동작구,이수2팀,2095.경문고등학교 앞,1132,2022-06-01,대여소별 이용정보 22.6.csv
서초구,이수1팀,2206. 언남초등학교 앞,1132,2022-06-01,대여소별 이용정보 22.6.csv
금천구,천왕3팀,1862.스타즈호텔독산 빌딩 앞,1132,2022-06-01,대여소별 이용정보 22.6.csv
성동구,중랑2팀,536. 행당역 2번출구 앞,1133,2022-06-01,대여소별 이용정보 22.6.csv
서대문구,상암2팀,177. 북가좌 초등학교,1133,2022-06-01,대여소별 이용정보 22.6.csv
양천구,영남1팀,762. 오목로 무중력지대 앞,1134,2022-06-01,대여소별 이용정보 22.6.csv
강서구,개화2팀,5076. 메이필드호텔앞,1134,2022-06-01,대여소별 이용정보 22.6.csv
서대문구,상암1팀,138. 신촌동 제1공영주차장 앞,1135,2022-06-01,대여소별 이용정보 22.6.csv
금천구,천왕3팀,1821. 홈플러스 시흥점 맞은편 다비치안경 앞,1136,2022-06-01,대여소별 이용정보 22.6.csv
강서구,개화2팀,"5056. 마곡역4,5번출구",1137,2022-06-01,대여소별 이용정보 22.6.csv
송파구,천호2팀,1207. 마천중앙시장,1137,2022-06-01,대여소별 이용정보 22.6.csv
은평구,상암3팀,982. 녹번초등학교(서오릉로),1138,2022-06-01,대여소별 이용정보 22.6.csv
중랑구,중랑3팀,4837. 양원지구 힐데스하임 앞,1138,2022-06-01,대여소별 이용정보 22.6.csv
강남구,이수3팀,3606. 신사동주민센터 옆,1138,2022-06-01,대여소별 이용정보 22.6.csv
송파구,학여울2팀,4497. 아시아선수촌아파트 교차로,1138,2022-06-01,대여소별 이용정보 22.6.csv
양천구,개화4팀,750. 연의근린공원 건너편,1139,2022-06-01,대여소별 이용정보 22.6.csv
강서구,개화2팀,3792. 화곡본동시장 입구,1140,2022-06-01,대여소별 이용정보 22.6.csv
양천구,개화4팀,759. 보아스아파트 앞,1140,2022-06-01,대여소별 이용정보 22.6.csv
금천구,천왕3팀,1856. 모두의학교,1145,2022-06-01,대여소별 이용정보 22.6.csv
도봉구,도봉3팀,1752. 창동 주공 4단지 입구 옆,1146,2022-06-01,대여소별 이용정보 22.6.csv
서초구,이수1팀,2245.양재초등학교 맞은편,1146,2022-06-01,대여소별 이용정보 22.6.csv
중구,훈련원1팀,389. 을지로4가역 1번출구,1146,2022-06-01,대여소별 이용정보 22.6.csv
중랑구,중랑3팀,1464.중화역 4번출구,1149,2022-06-01,대여소별 이용정보 22.6.csv
노원구,도봉1팀,4034. 상계근린공원 운동장 앞,1149,2022-06-01,대여소별 이용정보 22.6.csv
양천구,천왕1팀,743. 현대6차아파트 101동 옆,1150,2022-06-01,대여소별 이용정보 22.6.csv
중구,세종로 4팀,399. 서울역 센트럴 자이아파트,1150,2022-06-01,대여소별 이용정보 22.6.csv
강동구,천호1팀,1033. 고덕동 아남아파트,1150,2022-06-01,대여소별 이용정보 22.6.csv
도봉구,도봉3팀,1722. 창동청소년수련관,1151,2022-06-01,대여소별 이용정보 22.6.csv
양천구,영남1팀,4536. 양천해누리체육공원,1154,2022-06-01,대여소별 이용정보 22.6.csv
동대문구,훈련원4팀,604. 답십리초등학교 옆 공원,1154,2022-06-01,대여소별 이용정보 22.6.csv
성북구,훈련원2팀,1368. 성신여대입구 교차로,1157,2022-06-01,대여소별 이용정보 22.6.csv
노원구,도봉2팀,4039. 서울시 북부여성발전센터,1157,2022-06-01,대여소별 이용정보 22.6.csv
노원구,도봉1팀,4042. 상계문화정보도서관,1159,2022-06-01,대여소별 이용정보 22.6.csv
성동구,중랑2팀,4362. 행당중학교 후문,1161,2022-06-01,대여소별 이용정보 22.6.csv
서초구,이수3팀,2277. 길마중4교 하부,1162,2022-06-01,대여소별 이용정보 22.6.csv
노원구,도봉1팀,1654. 당고개입구 오거리,1163,2022-06-01,대여소별 이용정보 22.6.csv
종로구,세종로2팀,354. 포르투갈 대사관 앞,1165,2022-06-01,대여소별 이용정보 22.6.csv
동대문구,훈련원4팀,628. 휘봉고등학교 앞,1165,2022-06-01,대여소별 이용정보 22.6.csv
강남구,이수3팀,2302. 교보타워 버스정류장(신논현역 3번출구 후면),1167,2022-06-01,대여소별 이용정보 22.6.csv
강북구,도봉4팀,1527. 미아역 1번 출구 뒤,1167,2022-06-01,대여소별 이용정보 22.6.csv
양천구,개화4팀,4520. 대성유니드아파트,1170,2022-06-01,대여소별 이용정보 22.6.csv
광진구,중랑1팀,515. 광양중학교 앞,1170,2022-06-01,대여소별 이용정보 22.6.csv
영등포구,영남3팀,4576.보라매sk뷰 108동 앞,1173,2022-06-01,대여소별 이용정보 22.6.csv
관악구,이수2팀,3311.서울대입구역 4번 출구,1176,2022-06-01,대여소별 이용정보 22.6.csv
도봉구,도봉3팀,1748. 피자헛 앞(도봉병원 옆),1177,2022-06-01,대여소별 이용정보 22.6.csv
은평구,상암3팀,904. 은평뉴타운 푸르지오,1178,2022-06-01,대여소별 이용정보 22.6.csv
강동구,천호1팀,1060. 천일초교 사거리,1179,2022-06-01,대여소별 이용정보 22.6.csv
강서구,개화2팀,2731.명덕고교,1179,2022-06-01,대여소별 이용정보 22.6.csv
강북구,도봉4팀,1564.4.19민주묘지역 1번출구,1180,2022-06-01,대여소별 이용정보 22.6.csv
서대문구,상암2팀,188. 홍은동 정원여중 입구,1181,2022-06-01,대여소별 이용정보 22.6.csv
송파구,천호2팀,1300. 오륜사거리,1182,2022-06-01,대여소별 이용정보 22.6.csv
광진구,중랑1팀,3516. 구의아리수정수센터앞,1185,2022-06-01,대여소별 이용정보 22.6.csv
중랑구,중랑3팀,1430. 중랑구청,1186,2022-06-01,대여소별 이용정보 22.6.csv
노원구,도봉1팀,1651. 상계동 우방유쉘아파트 앞,1188,2022-06-01,대여소별 이용정보 22.6.csv
용산구,세종로 4팀,836. 현대자동차서비스 앞,1189,2022-06-01,대여소별 이용정보 22.6.csv
강남구,학여울1팀,2369. KT선릉타워,1190,2022-06-01,대여소별 이용정보 22.6.csv
동대문구,훈련원3팀,4110. 용두롯데캐슬리치아파트 앞,1190,2022-06-01,대여소별 이용정보 22.6.csv
성북구,훈련원2팀,4411. 동산어린이공원 앞,1193,2022-06-01,대여소별 이용정보 22.6.csv
종로구,세종로2팀,335. 종로3가역 15번출구 앞,1194,2022-06-01,대여소별 이용정보 22.6.csv
송파구,천호2팀,1253. 오금역 3번 출구 뒤,1196,2022-06-01,대여소별 이용정보 22.6.csv
금천구,천왕3팀,1833. 독산역 1번출구 앞 자전거보관소,1197,2022-06-01,대여소별 이용정보 22.6.csv
중랑구,중랑3팀,1469.먹골역 4번출구,1199,2022-06-01,대여소별 이용정보 22.6.csv
중랑구,중랑3팀,1465.중랑공영차고지 옆,1201,2022-06-01,대여소별 이용정보 22.6.csv
서초구,이수3팀,2524.반포쇼핑타운 8동 앞,1202,2022-06-01,대여소별 이용정보 22.6.csv
종로구,훈련원1팀,344. 성균관대 E하우스 앞,1202,2022-06-01,대여소별 이용정보 22.6.csv
양천구,개화4팀,706. 신정네거리역,1204,2022-06-01,대여소별 이용정보 22.6.csv
강서구,개화1팀,2743.동신아파트 104동 앞,1205,2022-06-01,대여소별 이용정보 22.6.csv
송파구,학여울2팀,4467. 한림연예예술고등학교,1205,2022-06-01,대여소별 이용정보 22.6.csv
종로구,훈련원1팀,3423.현대그룹(본사),1205,2022-06-01,대여소별 이용정보 22.6.csv
강남구,학여울1팀,2429.압구정로데오역 6번출구,1205,2022-06-01,대여소별 이용정보 22.6.csv
동작구,이수2팀,2082.7호선 이수역7번출구,1206,2022-06-01,대여소별 이용정보 22.6.csv
송파구,학여울2팀,4875. 위례포레샤인13단지,1207,2022-06-01,대여소별 이용정보 22.6.csv
관악구,이수2팀,3816. 관악 GSfresh,1208,2022-06-01,대여소별 이용정보 22.6.csv
송파구,학여울2팀,4456. 위례포레샤인 2310동 부근,1210,2022-06-01,대여소별 이용정보 22.6.csv
광진구,중랑1팀,3523. 건국대학교 과학관(이과대) 앞,1212,2022-06-01,대여소별 이용정보 22.6.csv
성동구,중랑2팀,4367. kt 행당빌딩 앞,1212,2022-06-01,대여소별 이용정보 22.6.csv
종로구,세종로2팀,464. 삼청동 골목,1212,2022-06-01,대여소별 이용정보 22.6.csv
서초구,이수3팀,2515.서초초등학교 후문,1212,2022-06-01,대여소별 이용정보 22.6.csv
금천구,천왕3팀,3959. 시흥사거리(시흥동 994-3 앞),1214,2022-06-01,대여소별 이용정보 22.6.csv
종로구,세종로1팀,307. 서울역사박물관 앞,1214,2022-06-01,대여소별 이용정보 22.6.csv
노원구,도봉1팀,2920.상계중학교(당현2교사거리),1214,2022-06-01,대여소별 이용정보 22.6.csv
관악구,영남2팀,2156. 신림푸르지오아파트,1214,2022-06-01,대여소별 이용정보 22.6.csv
종로구,훈련원1팀,359. 원남동사거리,1215,2022-06-01,대여소별 이용정보 22.6.csv
도봉구,도봉3팀,1716. 하나로마트 창동점,1217,2022-06-01,대여소별 이용정보 22.6.csv
강남구,학여울2팀,2387. 래미안강남힐즈 사거리,1218,2022-06-01,대여소별 이용정보 22.6.csv
광진구,중랑1팀,3507. 어린이회관,1218,2022-06-01,대여소별 이용정보 22.6.csv
강서구,개화1팀,3795. 공항신성빌딩 앞,1219,2022-06-01,대여소별 이용정보 22.6.csv
중랑구,중랑3팀,4828. 신내동 한살림 중랑지구 앞,1220,2022-06-01,대여소별 이용정보 22.6.csv
광진구,중랑1팀,3864. 광진소방서 앞,1220,2022-06-01,대여소별 이용정보 22.6.csv
서대문구,상암2팀,3123.DMC파크뷰자이1단지 110동 앞,1221,2022-06-01,대여소별 이용정보 22.6.csv
관악구,이수2팀,2116. 에이스에이존빌딩,1221,2022-06-01,대여소별 이용정보 22.6.csv
영등포구,영남3팀,4590. KRX한국거래소(2),1223,2022-06-01,대여소별 이용정보 22.6.csv
중구,세종로 4팀,485.서울역5번출구,1223,2022-06-01,대여소별 이용정보 22.6.csv
관악구,영남2팀,2191.대학동주민센터,1225,2022-06-01,대여소별 이용정보 22.6.csv
강서구,개화2팀,3767. 대원빌딩,1225,2022-06-01,대여소별 이용정보 22.6.csv
강남구,학여울1팀,3628. 역삼1동 주민센터,1226,2022-06-01,대여소별 이용정보 22.6.csv
종로구,훈련원1팀,358. 성대입구 사거리,1227,2022-06-01,대여소별 이용정보 22.6.csv
금천구,천왕3팀,3984. 가산롯데아이티캐슬,1227,2022-06-01,대여소별 이용정보 22.6.csv
강남구,학여울1팀,2415.한티역 롯데백화점 앞,1228,2022-06-01,대여소별 이용정보 22.6.csv
마포구,상암1팀,437. 대흥역 1번출구,1228,2022-06-01,대여소별 이용정보 22.6.csv
송파구,학여울2팀,1247. 문정 법조단지11,1230,2022-06-01,대여소별 이용정보 22.6.csv
도봉구,도봉3팀,1729. 파리바게트앞,1231,2022-06-01,대여소별 이용정보 22.6.csv
송파구,천호2팀,1271. 송파도서관,1232,2022-06-01,대여소별 이용정보 22.6.csv
도봉구,도봉3팀,1754. 창동시장입구 사거리,1232,2022-06-01,대여소별 이용정보 22.6.csv
서초구,이수3팀,2529.우리은행 방배동지점 앞,1233,2022-06-01,대여소별 이용정보 22.6.csv
강동구,천호1팀,1015. 샛마을 근린공원,1233,2022-06-01,대여소별 이용정보 22.6.csv
양천구,개화4팀,737. 장수공원,1235,2022-06-01,대여소별 이용정보 22.6.csv
중구,세종로2팀,321. KEB 하나금융그룹 명동사옥 옆,1235,2022-06-01,대여소별 이용정보 22.6.csv
성북구,훈련원2팀,4406. 장곡초등학교 앞,1236,2022-06-01,대여소별 이용정보 22.6.csv
강서구,개화1팀,1178. 개화산역 2번 출구,1238,2022-06-01,대여소별 이용정보 22.6.csv
강북구,도봉4팀,1560. 도봉세무서 앞,1239,2022-06-01,대여소별 이용정보 22.6.csv
구로구,천왕1팀,1930. 개봉지구대 개봉치안센터,1242,2022-06-01,대여소별 이용정보 22.6.csv
성북구,훈련원2팀,1394.길음뉴타운 래미안9단지,1244,2022-06-01,대여소별 이용정보 22.6.csv
성북구,훈련원2팀,1339. 삼성전자서비스 성북센터,1245,2022-06-01,대여소별 이용정보 22.6.csv
종로구,세종로1팀,3405.파크팰리스,1246,2022-06-01,대여소별 이용정보 22.6.csv
동작구,영남2팀,2012. 대림사거리(동작상떼빌아파트),1247,2022-06-01,대여소별 이용정보 22.6.csv
동작구,이수2팀,2034. 사당역 7번출구쪽,1248,2022-06-01,대여소별 이용정보 22.6.csv
송파구,학여울2팀,4869. 잠실나들목6,1249,2022-06-01,대여소별 이용정보 22.6.csv
영등포구,영남3팀,3204.도림고가도로 밑,1251,2022-06-01,대여소별 이용정보 22.6.csv
서초구,이수3팀,2523.뉴코아 킴스클럽 앞,1251,2022-06-01,대여소별 이용정보 22.6.csv
서대문구,상암1팀,162. 봉원고가차도 밑,1252,2022-06-01,대여소별 이용정보 22.6.csv
서대문구,상암2팀,3131.연가교 교차로,1252,2022-06-01,대여소별 이용정보 22.6.csv
금천구,천왕3팀,1869.롯데캐슬골드파크3차 301동 앞,1253,2022-06-01,대여소별 이용정보 22.6.csv
동대문구,훈련원3팀,640. 청량리역 2번출구,1254,2022-06-01,대여소별 이용정보 22.6.csv
성북구,훈련원2팀,4419. 성북구 한예종 캠퍼스 본관,1255,2022-06-01,대여소별 이용정보 22.6.csv
강서구,개화1팀,3753. 공항중학교 버스정류장,1255,2022-06-01,대여소별 이용정보 22.6.csv
관악구,영남2팀,3812. KT관악지점,1256,2022-06-01,대여소별 이용정보 22.6.csv
용산구,세종로 4팀,820. 청파동입구 교차로,1257,2022-06-01,대여소별 이용정보 22.6.csv
중랑구,중랑3팀,1454. 한국전력공사(동대문 중랑지사),1257,2022-06-01,대여소별 이용정보 22.6.csv
강남구,학여울2팀,2375. 수서역 1번출구 앞,1257,2022-06-01,대여소별 이용정보 22.6.csv
송파구,천호2팀,2652.송파 레미니스1단지 102동 앞,1259,2022-06-01,대여소별 이용정보 22.6.csv
용산구,세종로 4팀,806. 전자랜드 본관 앞,1259,2022-06-01,대여소별 이용정보 22.6.csv
양천구,개화4팀,4518. 청기와빌딩,1260,2022-06-01,대여소별 이용정보 22.6.csv
마포구,상암1팀,4244. 당인리발전소 공원 앞,1261,2022-06-01,대여소별 이용정보 22.6.csv
성동구,중랑2팀,586. 마장동 주민센터,1262,2022-06-01,대여소별 이용정보 22.6.csv
마포구,상암1팀,401. 상암월드컵파크 10단지 앞,1262,2022-06-01,대여소별 이용정보 22.6.csv
양천구,영남1팀,4512. 목동13_14단지 사거리,1263,2022-06-01,대여소별 이용정보 22.6.csv
강남구,학여울1팀,3614. 은마아파트 입구 사거리,1263,2022-06-01,대여소별 이용정보 22.6.csv
강남구,이수1팀,2333. 양재역 3번출구 주변,1265,2022-06-01,대여소별 이용정보 22.6.csv
종로구,훈련원1팀,338. 세운스퀘어 앞,1268,2022-06-01,대여소별 이용정보 22.6.csv
중랑구,중랑3팀,4825. 신내동 벽산아파트 후문 앞,1269,2022-06-01,대여소별 이용정보 22.6.csv
종로구,세종로2팀,454. 종로2가 버스정류장 (종각방향),1270,2022-06-01,대여소별 이용정보 22.6.csv
강서구,개화4팀,2712.화곡터널입구교차로,1270,2022-06-01,대여소별 이용정보 22.6.csv
성북구,훈련원2팀,1305. 성북구청,1271,2022-06-01,대여소별 이용정보 22.6.csv
마포구,상암1팀,4214. JTBC 앞,1271,2022-06-01,대여소별 이용정보 22.6.csv
강남구,학여울2팀,2412. 일원1동 주민센터,1273,2022-06-01,대여소별 이용정보 22.6.csv
구로구,천왕1팀,1937. 한진아파트 입구,1275,2022-06-01,대여소별 이용정보 22.6.csv
강북구,도봉4팀,3707. 드래곤타워 앞,1277,2022-06-01,대여소별 이용정보 22.6.csv
구로구,천왕1팀,1965. 삼환로즈빌아파트 105동 옆,1279,2022-06-01,대여소별 이용정보 22.6.csv
동대문구,훈련원3팀,672.대광고등학교,1279,2022-06-01,대여소별 이용정보 22.6.csv
중구,세종로1팀,300. 정동사거리,1283,2022-06-01,대여소별 이용정보 22.6.csv
동대문구,훈련원4팀,4123. 배봉초교 교차로,1285,2022-06-01,대여소별 이용정보 22.6.csv
강남구,이수3팀,2303. 논현역 10번출구,1285,2022-06-01,대여소별 이용정보 22.6.csv
마포구,상암1팀,155. 가좌역1 번출구 앞,1288,2022-06-01,대여소별 이용정보 22.6.csv
강남구,학여울1팀,2308. 압구정파출소 앞,1290,2022-06-01,대여소별 이용정보 22.6.csv
강북구,도봉4팀,1540. 가오리역,1293,2022-06-01,대여소별 이용정보 22.6.csv
마포구,상암1팀,4238. 상암한샘빌딩앞,1293,2022-06-01,대여소별 이용정보 22.6.csv
강북구,도봉4팀,"1533. 번동 주공3, 4단지 교차로",1293,2022-06-01,대여소별 이용정보 22.6.csv
동대문구,훈련원4팀,610. 동대문중 교차로,1294,2022-06-01,대여소별 이용정보 22.6.csv
용산구,세종로3팀,809. 한남 유수지 복개주차장,1296,2022-06-01,대여소별 이용정보 22.6.csv
노원구,도봉2팀,2902.공릉풍림아파트 108동,1296,2022-06-01,대여소별 이용정보 22.6.csv
중랑구,중랑3팀,1408. 먹골역 6번출구 앞,1299,2022-06-01,대여소별 이용정보 22.6.csv
종로구,훈련원1팀,3414.종로5가역 4번출구,1300,2022-06-01,대여소별 이용정보 22.6.csv
동대문구,훈련원3팀,601. 용신동주민센터,1301,2022-06-01,대여소별 이용정보 22.6.csv
양천구,개화4팀,4507. 신정제일시장,1301,2022-06-01,대여소별 이용정보 22.6.csv
강서구,개화1팀,3793. 더리브골드타워,1302,2022-06-01,대여소별 이용정보 22.6.csv
영등포구,영남3팀,241. 신길우성1차아파트 앞 공원,1304,2022-06-01,대여소별 이용정보 22.6.csv
관악구,이수2팀,3815. 광일빌딩,1306,2022-06-01,대여소별 이용정보 22.6.csv
광진구,중랑1팀,553. 중곡 성원아파트 앞,1307,2022-06-01,대여소별 이용정보 22.6.csv
용산구,세종로3팀,4629. 한강초교보도육교 앞,1307,2022-06-01,대여소별 이용정보 22.6.csv
동대문구,훈련원4팀,4105. 서울교통공사사거리 교통섬,1309,2022-06-01,대여소별 이용정보 22.6.csv
서초구,이수3팀,2531.멤피스아파트 앞,1311,2022-06-01,대여소별 이용정보 22.6.csv
영등포구,영남3팀,3203.도림동배드민턴체육관,1312,2022-06-01,대여소별 이용정보 22.6.csv
성북구,훈련원2팀,1361. 홍익중고 입구,1314,2022-06-01,대여소별 이용정보 22.6.csv
용산구,세종로 4팀,800. 목월공원 앞,1316,2022-06-01,대여소별 이용정보 22.6.csv
강서구,개화3팀,5065. 허준박물관삼거리,1317,2022-06-01,대여소별 이용정보 22.6.csv
동작구,영남2팀,2066. 양문교회 앞,1317,2022-06-01,대여소별 이용정보 22.6.csv
성동구,중랑2팀,562. 군자지하보도 앞,1317,2022-06-01,대여소별 이용정보 22.6.csv
양천구,개화4팀,782.서남병원 후문,1317,2022-06-01,대여소별 이용정보 22.6.csv
양천구,영남1팀,4539. 목동7단지아파트 A상가,1317,2022-06-01,대여소별 이용정보 22.6.csv
구로구,천왕1팀,1928. 고척스카이돔구장 광장,1318,2022-06-01,대여소별 이용정보 22.6.csv
송파구,천호2팀,4895. 위례포레샤인15단지 상가,1320,2022-06-01,대여소별 이용정보 22.6.csv
노원구,도봉1팀,4005. 중계2차 한화꿈에그린 101동 인근,1321,2022-06-01,대여소별 이용정보 22.6.csv
도봉구,도봉3팀,4062. 평화도봉공원 주변,1321,2022-06-01,대여소별 이용정보 22.6.csv
노원구,도봉2팀,1642. 서울여대 남문,1321,2022-06-01,대여소별 이용정보 22.6.csv
성북구,훈련원2팀,1334. 석관동주민센터 앞,1323,2022-06-01,대여소별 이용정보 22.6.csv
노원구,도봉2팀,4023. 월계역 1번 출구,1323,2022-06-01,대여소별 이용정보 22.6.csv
강서구,개화3팀,3763. 등촌태영아파트,1323,2022-06-01,대여소별 이용정보 22.6.csv
동작구,이수2팀,2091. 이수역9번출구,1324,2022-06-01,대여소별 이용정보 22.6.csv
종로구,훈련원1팀,356. KT혜화지사 앞,1324,2022-06-01,대여소별 이용정보 22.6.csv
강서구,개화3팀,1171. 염창동 새마을금고 건너편,1326,2022-06-01,대여소별 이용정보 22.6.csv
중랑구,중랑3팀,4823. 방정환교육지원센터 옆,1326,2022-06-01,대여소별 이용정보 22.6.csv
노원구,도봉1팀,1666. 노원소방서인근,1327,2022-06-01,대여소별 이용정보 22.6.csv
중구,세종로 4팀,379. 서울역9번출구,1328,2022-06-01,대여소별 이용정보 22.6.csv
금천구,천왕2팀,3975.현대시티아울렛 가산,1336,2022-06-01,대여소별 이용정보 22.6.csv
은평구,상암2팀,4677. 백련산 SK뷰 아이파크 해모로 아파트 앞,1339,2022-06-01,대여소별 이용정보 22.6.csv
강남구,학여울1팀,2413.도곡역 1번 출구,1340,2022-06-01,대여소별 이용정보 22.6.csv
중랑구,중랑3팀,1429. 장안중학교,1342,2022-06-01,대여소별 이용정보 22.6.csv
강서구,개화1팀,1109. 공항시장역 4번출구,1343,2022-06-01,대여소별 이용정보 22.6.csv
관악구,영남2팀,2195.은천교회,1345,2022-06-01,대여소별 이용정보 22.6.csv
은평구,상암2팀,939. 은평구청 교차로,1345,2022-06-01,대여소별 이용정보 22.6.csv
중랑구,중랑3팀,1437. 늘푸른공원 앞,1349,2022-06-01,대여소별 이용정보 22.6.csv
영등포구,영남3팀,4569. 힐스테이트클래시안아파트,1350,2022-06-01,대여소별 이용정보 22.6.csv
중구,훈련원1팀,346. 맥스타일 앞,1351,2022-06-01,대여소별 이용정보 22.6.csv
서대문구,상암2팀,3120.DMC엘가아파트 앞,1351,2022-06-01,대여소별 이용정보 22.6.csv
송파구,학여울2팀,5753. 호반써밋,1352,2022-06-01,대여소별 이용정보 22.6.csv
종로구,세종로1팀,394. 경희궁 자이 3단지,1353,2022-06-01,대여소별 이용정보 22.6.csv
중랑구,중랑3팀,1402. 금란주차장 앞,1353,2022-06-01,대여소별 이용정보 22.6.csv
용산구,세종로3팀,813. 삼각지역 3번출구,1354,2022-06-01,대여소별 이용정보 22.6.csv
영등포구,영남3팀,223. 진주아파트상가 앞,1355,2022-06-01,대여소별 이용정보 22.6.csv
노원구,도봉1팀,1627. 수락산역 4번출구,1355,2022-06-01,대여소별 이용정보 22.6.csv
구로구,천왕1팀,1941. 오류동역 2번출구,1356,2022-06-01,대여소별 이용정보 22.6.csv
노원구,도봉2팀,2917.신창중학교 후문 맞은편 버스정류장,1356,2022-06-01,대여소별 이용정보 22.6.csv
양천구,개화4팀,740. 으뜸공원,1359,2022-06-01,대여소별 이용정보 22.6.csv
종로구,세종로2팀,353. 재동초교 앞 삼거리,1361,2022-06-01,대여소별 이용정보 22.6.csv
강남구,이수3팀,2327. 뱅뱅사거리 랜드마크타워 앞,1361,2022-06-01,대여소별 이용정보 22.6.csv
은평구,상암3팀,932. 예일여중,1362,2022-06-01,대여소별 이용정보 22.6.csv
서대문구,상암2팀,3102. 연희삼거리,1365,2022-06-01,대여소별 이용정보 22.6.csv
금천구,천왕3팀,1808. 에이스하이엔드타워8차 앞,1369,2022-06-01,대여소별 이용정보 22.6.csv
마포구,상암1팀,126. 서강대 후문 옆,1369,2022-06-01,대여소별 이용정보 22.6.csv
영등포구,영남3팀,281. 신동아아파트 앞,1370,2022-06-01,대여소별 이용정보 22.6.csv
중구,세종로2팀,472.삼일교(시그니쳐 타워),1376,2022-06-01,대여소별 이용정보 22.6.csv
관악구,영남2팀,3818. 은천교회 앞,1379,2022-06-01,대여소별 이용정보 22.6.csv
서초구,이수1팀,2276. 영동1교 (양재천근린공원),1380,2022-06-01,대여소별 이용정보 22.6.csv
동작구,영남2팀,2009. 보라매역 8번출구,1381,2022-06-01,대여소별 이용정보 22.6.csv
종로구,훈련원1팀,355. 서울사대부속초교 앞,1381,2022-06-01,대여소별 이용정보 22.6.csv
마포구,상암1팀,145. 공덕역 5번출구,1382,2022-06-01,대여소별 이용정보 22.6.csv
용산구,세종로 4팀,844. 이촌2동 동원베네스트 아파트 앞,1385,2022-06-01,대여소별 이용정보 22.6.csv
용산구,세종로3팀,4620. 삼각지역 14번 출구 앞(교통섬),1387,2022-06-01,대여소별 이용정보 22.6.csv
마포구,상암1팀,111. 상수역 2번출구 앞,1388,2022-06-01,대여소별 이용정보 22.6.csv
강남구,학여울2팀,2423.영희초교 사거리(래미안개포루체하임),1388,2022-06-01,대여소별 이용정보 22.6.csv
강동구,천호1팀,1003. 해공도서관앞,1389,2022-06-01,대여소별 이용정보 22.6.csv
서대문구,상암2팀,3128.동신병원 맞은편,1390,2022-06-01,대여소별 이용정보 22.6.csv
송파구,학여울2팀,4468. 가락1동주민센터,1392,2022-06-01,대여소별 이용정보 22.6.csv
관악구,영남2팀,3803. 남서울중학교,1392,2022-06-01,대여소별 이용정보 22.6.csv
도봉구,도봉3팀,1733. 방학사거리 (봄마당 앞),1394,2022-06-01,대여소별 이용정보 22.6.csv
구로구,천왕2팀,1913. 구로리공원,1395,2022-06-01,대여소별 이용정보 22.6.csv
서대문구,상암2팀,170. DMC파크뷰자이아파트 302동 앞,1397,2022-06-01,대여소별 이용정보 22.6.csv
종로구,훈련원1팀,453. 종로오가 지하쇼핑센터 14번출구,1398,2022-06-01,대여소별 이용정보 22.6.csv
강서구,개화3팀,1136. 등촌2파출소,1400,2022-06-01,대여소별 이용정보 22.6.csv
영등포구,영남3팀,5851. 도림천 건널목 위,1401,2022-06-01,대여소별 이용정보 22.6.csv
영등포구,영남3팀,4558. 대영중고 후문,1402,2022-06-01,대여소별 이용정보 22.6.csv
중랑구,중랑3팀,1428. 원묵고등학교,1403,2022-06-01,대여소별 이용정보 22.6.csv
종로구,훈련원1팀,341. 혜화역 3번출구 뒤,1403,2022-06-01,대여소별 이용정보 22.6.csv
구로구,천왕2팀,2823.중앙유통단지 앞,1404,2022-06-01,대여소별 이용정보 22.6.csv
노원구,도봉2팀,4016. 노원 마들스타디움,1405,2022-06-01,대여소별 이용정보 22.6.csv
노원구,도봉2팀,1681. 현대6차 아파트,1405,2022-06-01,대여소별 이용정보 22.6.csv
양천구,개화4팀,4537. 서울남부지방검찰청 후문,1406,2022-06-01,대여소별 이용정보 22.6.csv
금천구,천왕3팀,1805. 서울디지털운동장 앞,1406,2022-06-01,대여소별 이용정보 22.6.csv
마포구,상암1팀,124. 서강대 정문 건너편,1407,2022-06-01,대여소별 이용정보 22.6.csv
동작구,이수2팀,2077.노들역 3번출구,1413,2022-06-01,대여소별 이용정보 22.6.csv
강서구,개화2팀,5059. 화곡2동주민센터,1414,2022-06-01,대여소별 이용정보 22.6.csv
마포구,상암1팀,105. 합정역 5번출구 앞,1414,2022-06-01,대여소별 이용정보 22.6.csv
도봉구,도봉3팀,1709. 쌍문역4번출구 주변,1415,2022-06-01,대여소별 이용정보 22.6.csv
용산구,세종로 4팀,807. 서울역 12번 출구 앞,1416,2022-06-01,대여소별 이용정보 22.6.csv
마포구,상암1팀,4210. 가좌행복주택 앞,1421,2022-06-01,대여소별 이용정보 22.6.csv
동대문구,훈련원4팀,617. 청솔우성아파트 앞,1421,2022-06-01,대여소별 이용정보 22.6.csv
금천구,천왕3팀,1846. 롯데캐슬골드파크1차 동문,1422,2022-06-01,대여소별 이용정보 22.6.csv
종로구,세종로1팀,450. 효자동 삼거리,1425,2022-06-01,대여소별 이용정보 22.6.csv
중랑구,중랑3팀,1470.중화동 우리은행 앞,1427,2022-06-01,대여소별 이용정보 22.6.csv
광진구,중랑1팀,3528. 광진정보도서관,1428,2022-06-01,대여소별 이용정보 22.6.csv
종로구,훈련원1팀,345. 서울보증보험본사 앞,1428,2022-06-01,대여소별 이용정보 22.6.csv
은평구,상암2팀,4659. 신진과학기술고등학교 버스정류장(응암시장 방면),1433,2022-06-01,대여소별 이용정보 22.6.csv
서초구,이수3팀,2540.반포천 앞,1435,2022-06-01,대여소별 이용정보 22.6.csv
종로구,세종로2팀,3432.종로2가 사거리,1435,2022-06-01,대여소별 이용정보 22.6.csv
강서구,개화1팀,1165. 마곡중학교 후문,1435,2022-06-01,대여소별 이용정보 22.6.csv
종로구,세종로1팀,395. 경희궁 자이 2단지,1436,2022-06-01,대여소별 이용정보 22.6.csv
노원구,도봉1팀,4014. 당고개역 3번 출구,1437,2022-06-01,대여소별 이용정보 22.6.csv
성동구,중랑2팀,519. 양지사거리,1441,2022-06-01,대여소별 이용정보 22.6.csv
서초구,이수1팀,2294. 두상빌딩 앞,1442,2022-06-01,대여소별 이용정보 22.6.csv
마포구,상암1팀,403. 부엉이공원 앞,1446,2022-06-01,대여소별 이용정보 22.6.csv
종로구,세종로2팀,4708. 조계사앞사거리,1446,2022-06-01,대여소별 이용정보 22.6.csv
중구,훈련원1팀,475.DDP 패션몰,1447,2022-06-01,대여소별 이용정보 22.6.csv
서초구,이수3팀,2538.사평리 공원,1448,2022-06-01,대여소별 이용정보 22.6.csv
양천구,개화3팀,752. 성원2차 아파트,1448,2022-06-01,대여소별 이용정보 22.6.csv
강서구,개화1팀,2725.서울식물원 식물문화센터,1448,2022-06-01,대여소별 이용정보 22.6.csv
강동구,천호1팀,1085.래미안 솔베뉴(고덕로),1449,2022-06-01,대여소별 이용정보 22.6.csv
영등포구,영남1팀,4552. 코레일유통본사,1450,2022-06-01,대여소별 이용정보 22.6.csv
용산구,세종로3팀,817. 삼각지역 4번출구 앞,1450,2022-06-01,대여소별 이용정보 22.6.csv
노원구,도봉2팀,4048. 신도1차아파트앞,1451,2022-06-01,대여소별 이용정보 22.6.csv
은평구,상암2팀,4674. 녹번역e편한세상 캐슬 정문 앞,1451,2022-06-01,대여소별 이용정보 22.6.csv
광진구,중랑1팀,571. 어린이대공원역6번출구,1452,2022-06-01,대여소별 이용정보 22.6.csv
동작구,이수2팀,2086.삼일수영장 앞,1454,2022-06-01,대여소별 이용정보 22.6.csv
종로구,세종로1팀,461. 서울지방경찰청,1454,2022-06-01,대여소별 이용정보 22.6.csv
송파구,학여울2팀,4852. 서울복합물류 게이트 1,1455,2022-06-01,대여소별 이용정보 22.6.csv
금천구,천왕3팀,1814. 두산위브아파트 옆 상가건물 앞,1456,2022-06-01,대여소별 이용정보 22.6.csv
서대문구,상암2팀,3103. 홍제삼거리 북측,1456,2022-06-01,대여소별 이용정보 22.6.csv
마포구,상암1팀,143. 공덕역 2번출구,1457,2022-06-01,대여소별 이용정보 22.6.csv
동대문구,훈련원3팀,4104. 외대앞역 교차로,1458,2022-06-01,대여소별 이용정보 22.6.csv
성북구,훈련원2팀,1372. KEB은행 고대점,1458,2022-06-01,대여소별 이용정보 22.6.csv
양천구,개화3팀,775.세종그랑시아 앞(102동),1460,2022-06-01,대여소별 이용정보 22.6.csv
서초구,이수1팀,4317. 양재근린공원,1461,2022-06-01,대여소별 이용정보 22.6.csv
광진구,중랑1팀,544. 광남중학교,1463,2022-06-01,대여소별 이용정보 22.6.csv
송파구,천호2팀,4891. 위례포레샤인17단지 위례대로 방면,1464,2022-06-01,대여소별 이용정보 22.6.csv
노원구,도봉1팀,1620. 중계동 노원구민체육센터 옆(중1-2),1466,2022-06-01,대여소별 이용정보 22.6.csv
중구,세종로2팀,433. 을지로입구역 2번출구,1466,2022-06-01,대여소별 이용정보 22.6.csv
영등포구,영남1팀,4560. 양평동성원아파트,1466,2022-06-01,대여소별 이용정보 22.6.csv
용산구,세종로 4팀,828. 숙대입구역 8번,1467,2022-06-01,대여소별 이용정보 22.6.csv
노원구,도봉1팀,1630. 수연빌딩 앞,1467,2022-06-01,대여소별 이용정보 22.6.csv
관악구,이수2팀,2112. 서울대입구역 마에스트로,1468,2022-06-01,대여소별 이용정보 22.6.csv
도봉구,도봉3팀,1765.쌍문역 1번 출구(양산부인과 빌딩),1470,2022-06-01,대여소별 이용정보 22.6.csv
중랑구,중랑3팀,1473.중랑역 1번 출구(중화문화복지센터),1472,2022-06-01,대여소별 이용정보 22.6.csv
영등포구,영남1팀,4600. 영등포구 총괄 우체국,1475,2022-06-01,대여소별 이용정보 22.6.csv
강서구,개화1팀,3758. 서울남부출입국관리소,1475,2022-06-01,대여소별 이용정보 22.6.csv
중구,훈련원1팀,390. 충무로역 1번출구,1475,2022-06-01,대여소별 이용정보 22.6.csv
구로구,천왕2팀,1960. 구로거리공원 동측(신도림역 방면),1476,2022-06-01,대여소별 이용정보 22.6.csv
영등포구,영남3팀,289. 대림3동사거리,1476,2022-06-01,대여소별 이용정보 22.6.csv
종로구,세종로2팀,4713. 현대 뜨레비앙 아파트 앞,1480,2022-06-01,대여소별 이용정보 22.6.csv
양천구,개화4팀,736. 오솔길공원,1480,2022-06-01,대여소별 이용정보 22.6.csv
성동구,중랑2팀,510. 서울숲 남문 버스정류소 옆,1482,2022-06-01,대여소별 이용정보 22.6.csv
서초구,이수1팀,2274. 양재시민의숲역 3번출구,1482,2022-06-01,대여소별 이용정보 22.6.csv
서대문구,상암2팀,3121.가좌삼거리,1483,2022-06-01,대여소별 이용정보 22.6.csv
중랑구,중랑3팀,4819. 면목동 새싹어린이공원 앞,1484,2022-06-01,대여소별 이용정보 22.6.csv
용산구,세종로3팀,4619. 한강트럼프월드3차 앞,1484,2022-06-01,대여소별 이용정보 22.6.csv
종로구,훈련원1팀,3420. 성균관대입구사거리,1485,2022-06-01,대여소별 이용정보 22.6.csv
서초구,이수1팀,2202.청계산입구역 1번출구,1485,2022-06-01,대여소별 이용정보 22.6.csv
동대문구,훈련원3팀,673.안암골벽산아파트(후문),1487,2022-06-01,대여소별 이용정보 22.6.csv
도봉구,도봉3팀,1749. ESA아파트 상가 앞,1487,2022-06-01,대여소별 이용정보 22.6.csv
은평구,상암3팀,949. 연신내역 1번 출구,1488,2022-06-01,대여소별 이용정보 22.6.csv
종로구,세종로2팀,3408.종로타워빌딩,1491,2022-06-01,대여소별 이용정보 22.6.csv
용산구,세종로3팀,839. 보광동 삼성리버빌아파트 앞,1491,2022-06-01,대여소별 이용정보 22.6.csv
서대문구,상암2팀,191. 서우빌딩,1492,2022-06-01,대여소별 이용정보 22.6.csv
영등포구,영남3팀,242. 신길선원가와인아파트 앞,1492,2022-06-01,대여소별 이용정보 22.6.csv
강남구,학여울1팀,2324. 천주교 대치 2동 교회 옆,1495,2022-06-01,대여소별 이용정보 22.6.csv
동작구,영남2팀,2085.강남중학교 앞,1495,2022-06-01,대여소별 이용정보 22.6.csv
양천구,개화3팀,774.등촌역 4번 출구,1495,2022-06-01,대여소별 이용정보 22.6.csv
용산구,세종로 4팀,846. 용산중학교,1496,2022-06-01,대여소별 이용정보 22.6.csv
송파구,학여울2팀,4894. 문정법조단지13,1499,2022-06-01,대여소별 이용정보 22.6.csv
중구,세종로2팀,320. 을지로입구역 4번출구 앞,1500,2022-06-01,대여소별 이용정보 22.6.csv
강서구,개화3팀,2703.서울도시가스 앞,1501,2022-06-01,대여소별 이용정보 22.6.csv
강북구,도봉4팀,1520. 성실교회,1502,2022-06-01,대여소별 이용정보 22.6.csv
구로구,천왕1팀,1929. 고척근린공원 고척도서관 앞,1503,2022-06-01,대여소별 이용정보 22.6.csv
송파구,학여울2팀,4854. 가락시장역 2번 출구,1503,2022-06-01,대여소별 이용정보 22.6.csv
노원구,도봉1팀,1682. 중계종합사회복지관 교차로,1506,2022-06-01,대여소별 이용정보 22.6.csv
영등포구,영남3팀,256. 동아에코빌입구,1506,2022-06-01,대여소별 이용정보 22.6.csv
강북구,도봉4팀,1506. 강북문화예술회관,1510,2022-06-01,대여소별 이용정보 22.6.csv
동대문구,훈련원3팀,637. KAIST 경영대학 앞,1512,2022-06-01,대여소별 이용정보 22.6.csv
구로구,천왕2팀,1907. 구일우성(아) 육교 밑,1514,2022-06-01,대여소별 이용정보 22.6.csv
송파구,천호2팀,1288. 문정중교 사거리,1514,2022-06-01,대여소별 이용정보 22.6.csv
서대문구,상암1팀,134. 연세로 명물길,1515,2022-06-01,대여소별 이용정보 22.6.csv
노원구,도봉2팀,1665. 양지근린공원앞,1515,2022-06-01,대여소별 이용정보 22.6.csv
강남구,학여울1팀,2332. 선릉역3번출구,1515,2022-06-01,대여소별 이용정보 22.6.csv
강동구,천호1팀,1080.엘웨딩,1516,2022-06-01,대여소별 이용정보 22.6.csv
노원구,도봉1팀,2911.상계역중앙시장,1518,2022-06-01,대여소별 이용정보 22.6.csv
노원구,도봉1팀,4032. 은행사거리 성모빌딩 앞,1518,2022-06-01,대여소별 이용정보 22.6.csv
중랑구,중랑3팀,4824. 상봉신협 앞,1519,2022-06-01,대여소별 이용정보 22.6.csv
노원구,도봉2팀,2904.중계3차청구아파트,1519,2022-06-01,대여소별 이용정보 22.6.csv
구로구,천왕2팀,1924. 삼부르네상스파크빌,1521,2022-06-01,대여소별 이용정보 22.6.csv
성북구,훈련원2팀,1322. 래미안라센트아파트 103동 앞,1522,2022-06-01,대여소별 이용정보 22.6.csv
영등포구,영남1팀,288. 쌍용예가(구청별관),1522,2022-06-01,대여소별 이용정보 22.6.csv
서초구,이수1팀,2244.교육개발원입구 교차로,1524,2022-06-01,대여소별 이용정보 22.6.csv
양천구,개화3팀,749. 이대목동병원보도육교,1524,2022-06-01,대여소별 이용정보 22.6.csv
강동구,천호1팀,1036. 고덕동 주양쇼핑,1525,2022-06-01,대여소별 이용정보 22.6.csv
강동구,천호1팀,3689. 강일역 3번출구,1525,2022-06-01,대여소별 이용정보 22.6.csv
강서구,개화2팀,2745.수명초등학교,1527,2022-06-01,대여소별 이용정보 22.6.csv
종로구,훈련원1팀,339. 종로4가 사거리,1528,2022-06-01,대여소별 이용정보 22.6.csv
송파구,학여울2팀,4460. 올림픽훼미리아파트 112동 앞,1528,2022-06-01,대여소별 이용정보 22.6.csv
영등포구,영남3팀,270. 증권거래소후문교차로,1529,2022-06-01,대여소별 이용정보 22.6.csv
은평구,상암2팀,958. 본 서부병원 버스정류장(은평 세무서 방면),1530,2022-06-01,대여소별 이용정보 22.6.csv
중랑구,중랑3팀,1444. 면목4치안센터,1533,2022-06-01,대여소별 이용정보 22.6.csv
노원구,도봉2팀,4011. 월계 센트럴 아이파크,1535,2022-06-01,대여소별 이용정보 22.6.csv
영등포구,영남3팀,286. 우성아파트 교차로,1535,2022-06-01,대여소별 이용정보 22.6.csv
동작구,영남2팀,4175. 대방역2번출구,1537,2022-06-01,대여소별 이용정보 22.6.csv
성북구,훈련원2팀,1382.래미안월곡아파트 입구,1538,2022-06-01,대여소별 이용정보 22.6.csv
동작구,이수2팀,2090.기아자동차 사당점 앞,1541,2022-06-01,대여소별 이용정보 22.6.csv
강서구,개화3팀,5078. 왈도강서캠퍼스 앞,1541,2022-06-01,대여소별 이용정보 22.6.csv
마포구,상암1팀,427. 성산시영아파트,1542,2022-06-01,대여소별 이용정보 22.6.csv
송파구,천호2팀,4867. 가락대림아파트 앞,1542,2022-06-01,대여소별 이용정보 22.6.csv
강서구,개화3팀,2709.강변아파트 310동 앞,1544,2022-06-01,대여소별 이용정보 22.6.csv
중랑구,중랑3팀,1403. 중화빌딩 앞 (동부시장),1545,2022-06-01,대여소별 이용정보 22.6.csv
관악구,영남2팀,2187. 현대시장사거리,1546,2022-06-01,대여소별 이용정보 22.6.csv
서초구,이수1팀,2508. 양재이스타빌 앞,1546,2022-06-01,대여소별 이용정보 22.6.csv
강서구,개화2팀,5057. 마곡역4번출구,1546,2022-06-01,대여소별 이용정보 22.6.csv
구로구,천왕1팀,1987. 개봉아이파크아파트 앞,1547,2022-06-01,대여소별 이용정보 22.6.csv
강남구,이수3팀,2407. 역삼.서초.삼성 세무서 앞 (역삼빌딩 앞),1548,2022-06-01,대여소별 이용정보 22.6.csv
양천구,개화2팀,732. 신월중학교,1548,2022-06-01,대여소별 이용정보 22.6.csv
서대문구,상암2팀,165. 중앙근린공원,1549,2022-06-01,대여소별 이용정보 22.6.csv
송파구,천호2팀,2656.풍납동 아이파크 107동 앞,1551,2022-06-01,대여소별 이용정보 22.6.csv
마포구,상암1팀,182. 망원2빗물펌프장 앞,1553,2022-06-01,대여소별 이용정보 22.6.csv
영등포구,영남3팀,254. 도림신협 앞,1554,2022-06-01,대여소별 이용정보 22.6.csv
용산구,세종로 4팀,805. 문배어린이공원 앞,1556,2022-06-01,대여소별 이용정보 22.6.csv
강동구,천호1팀,3685. 강동리엔파크14단지(1401동 앞),1557,2022-06-01,대여소별 이용정보 22.6.csv
도봉구,도봉3팀,1726. 삼익세라믹아파트교차로,1560,2022-06-01,대여소별 이용정보 22.6.csv
금천구,천왕3팀,1834. 월드메르디앙 벤처센터 2차,1562,2022-06-01,대여소별 이용정보 22.6.csv
송파구,학여울2팀,1233. 잠실3거리(갤러리아팰리스),1563,2022-06-01,대여소별 이용정보 22.6.csv
성동구,중랑2팀,579. 마장역 4번출구,1564,2022-06-01,대여소별 이용정보 22.6.csv
노원구,도봉2팀,4025. 한천교 동편,1566,2022-06-01,대여소별 이용정보 22.6.csv
영등포구,영남3팀,5853. 여의도역2번출구 앞,1566,2022-06-01,대여소별 이용정보 22.6.csv
성북구,훈련원2팀,1375. 생명의 전화 종합복지관 앞 교차로,1567,2022-06-01,대여소별 이용정보 22.6.csv
마포구,상암1팀,4226. 마포프레스티지자이 1,1567,2022-06-01,대여소별 이용정보 22.6.csv
구로구,천왕2팀,1983. 구로동롯데아파트,1567,2022-06-01,대여소별 이용정보 22.6.csv
송파구,천호2팀,1228. 마천사거리,1571,2022-06-01,대여소별 이용정보 22.6.csv
구로구,천왕2팀,1994. 삼성전자 물류센터 앞,1573,2022-06-01,대여소별 이용정보 22.6.csv
영등포구,영남1팀,4556. 리버뷰신안인스빌1차 후문,1575,2022-06-01,대여소별 이용정보 22.6.csv
서초구,이수2팀,2221. 방일초교 마을버스 정류장,1576,2022-06-01,대여소별 이용정보 22.6.csv
도봉구,도봉3팀,4078. 원당공원 앞,1576,2022-06-01,대여소별 이용정보 22.6.csv
서초구,이수2팀,2511. 이수역 6번출구 앞,1577,2022-06-01,대여소별 이용정보 22.6.csv
은평구,상암3팀,916. 평생학습관 앞,1581,2022-06-01,대여소별 이용정보 22.6.csv
강북구,도봉4팀,1514. 강북구청 사거리 버스정류소 앞,1581,2022-06-01,대여소별 이용정보 22.6.csv
중랑구,중랑3팀,"4809. 동성1,2차 아파트 앞",1582,2022-06-01,대여소별 이용정보 22.6.csv
송파구,천호2팀,4872. 개롱역 3번 출구 뒤,1582,2022-06-01,대여소별 이용정보 22.6.csv
광진구,중랑1팀,3882. 자양2동 주민센터,1587,2022-06-01,대여소별 이용정보 22.6.csv
강서구,개화1팀,3775. 가양오토갤러리,1587,2022-06-01,대여소별 이용정보 22.6.csv
은평구,상암2팀,4652. 신사두산위브2차아파트 앞,1589,2022-06-01,대여소별 이용정보 22.6.csv
영등포구,영남3팀,4567. 한림대학교 강남성심병원 신관,1590,2022-06-01,대여소별 이용정보 22.6.csv
송파구,천호2팀,4478. 문정근린공원2,1592,2022-06-01,대여소별 이용정보 22.6.csv
종로구,세종로1팀,367. 독립문역 3-1번출구,1592,2022-06-01,대여소별 이용정보 22.6.csv
영등포구,영남3팀,3220.래미안에스티움 앞 (신풍로),1593,2022-06-01,대여소별 이용정보 22.6.csv
양천구,개화4팀,4517. 성보하이드로빌딩,1594,2022-06-01,대여소별 이용정보 22.6.csv
동작구,이수2팀,2089.사당역10번출구(금강빌딩),1595,2022-06-01,대여소별 이용정보 22.6.csv
강서구,개화2팀,1186. 송정중학교,1596,2022-06-01,대여소별 이용정보 22.6.csv
중구,세종로 4팀,445.대한상공회의소,1596,2022-06-01,대여소별 이용정보 22.6.csv
마포구,상암1팀,495.염리초등학교 앞,1597,2022-06-01,대여소별 이용정보 22.6.csv
강서구,개화1팀,3783. 마곡금호어울림아파트,1598,2022-06-01,대여소별 이용정보 22.6.csv
동대문구,훈련원4팀,625. 답십리초등학교 앞(현대시장 옆),1599,2022-06-01,대여소별 이용정보 22.6.csv
서초구,이수1팀,2247.섬들근린공원,1600,2022-06-01,대여소별 이용정보 22.6.csv
광진구,중랑1팀,3886.광진구 민방위교육센터,1600,2022-06-01,대여소별 이용정보 22.6.csv
동대문구,훈련원3팀,661. 경희대학교 청운관,1601,2022-06-01,대여소별 이용정보 22.6.csv
종로구,세종로1팀,348. 독립문역 사거리,1601,2022-06-01,대여소별 이용정보 22.6.csv
노원구,도봉1팀,4028. 한일유앤아이아파트 105동 인근,1602,2022-06-01,대여소별 이용정보 22.6.csv
성동구,중랑2팀,513. 뚝섬역 5번 출구 정류소 옆,1602,2022-06-01,대여소별 이용정보 22.6.csv
강서구,개화1팀,5063. 서남환경공원(방화동도시개발2단지방향),1605,2022-06-01,대여소별 이용정보 22.6.csv
송파구,학여울2팀,4884. H비즈니스파크,1606,2022-06-01,대여소별 이용정보 22.6.csv
용산구,세종로 4팀,835. 남영역 건너편,1608,2022-06-01,대여소별 이용정보 22.6.csv
송파구,학여울2팀,1257. 가락시장역 사거리,1608,2022-06-01,대여소별 이용정보 22.6.csv
강동구,천호1팀,1027. 프라자 아파트 앞,1608,2022-06-01,대여소별 이용정보 22.6.csv
양천구,천왕1팀,4528. 양천구청역 1번출구,1610,2022-06-01,대여소별 이용정보 22.6.csv
강서구,개화2팀,5066. 아망떼마곡전시장,1612,2022-06-01,대여소별 이용정보 22.6.csv
노원구,도봉1팀,4018. 상계주공15단지 버스정류소,1614,2022-06-01,대여소별 이용정보 22.6.csv
마포구,상암1팀,400. 상암한화오벨리스크 1차 앞,1617,2022-06-01,대여소별 이용정보 22.6.csv
서대문구,상암2팀,4264. 홍남교 버스정류장,1617,2022-06-01,대여소별 이용정보 22.6.csv
양천구,개화3팀,742. 등촌역 5번 출구 뒤,1618,2022-06-01,대여소별 이용정보 22.6.csv
중구,세종로2팀,4791. 명동역9번 출구,1619,2022-06-01,대여소별 이용정보 22.6.csv
도봉구,도봉3팀,1743.창동19단지아파트 관리사무소앞,1619,2022-06-01,대여소별 이용정보 22.6.csv
동대문구,훈련원3팀,4102. 휘경1동주민센터 앞,1619,2022-06-01,대여소별 이용정보 22.6.csv
동대문구,훈련원3팀,4113. 한국국방연구원 앞,1619,2022-06-01,대여소별 이용정보 22.6.csv
구로구,천왕1팀,1953. 천왕역 4번출구 뒤,1621,2022-06-01,대여소별 이용정보 22.6.csv
송파구,천호2팀,1265. 문정동 근린공원,1625,2022-06-01,대여소별 이용정보 22.6.csv
종로구,세종로2팀,327. 낙원상가 옆,1626,2022-06-01,대여소별 이용정보 22.6.csv
송파구,천호2팀,4873. 개롱역사거리 2번 출구,1627,2022-06-01,대여소별 이용정보 22.6.csv
성동구,중랑2팀,4373. 서울숲 지식산업센터,1629,2022-06-01,대여소별 이용정보 22.6.csv
노원구,도봉1팀,1691. 노원정보도서관,1631,2022-06-01,대여소별 이용정보 22.6.csv
노원구,도봉2팀,1606. 태릉입구역 3번출구,1633,2022-06-01,대여소별 이용정보 22.6.csv
동작구,이수2팀,2033. 사당동 아르테스 웨딩앞,1634,2022-06-01,대여소별 이용정보 22.6.csv
강서구,개화1팀,2710.라이품 공영주차장 앞,1637,2022-06-01,대여소별 이용정보 22.6.csv
송파구,천호2팀,1277. 성내6교,1637,2022-06-01,대여소별 이용정보 22.6.csv
영등포구,영남1팀,3215.강변삼성래미안,1638,2022-06-01,대여소별 이용정보 22.6.csv
강동구,천호1팀,1072.고덕역 5번출구,1639,2022-06-01,대여소별 이용정보 22.6.csv
양천구,개화4팀,709. 신정3동 현장민원실 앞,1641,2022-06-01,대여소별 이용정보 22.6.csv
종로구,세종로2팀,4705. 웰니스센터(민방위교육장 앞),1643,2022-06-01,대여소별 이용정보 22.6.csv
강서구,개화2팀,5073. 우장산역 헤링턴타워 앞,1645,2022-06-01,대여소별 이용정보 22.6.csv
강북구,도봉4팀,1565.대한병원앞,1646,2022-06-01,대여소별 이용정보 22.6.csv
중구,훈련원1팀,4792. 퇴계로4가 교차로(중구청),1646,2022-06-01,대여소별 이용정보 22.6.csv
성북구,훈련원2팀,1396.래미안장위퍼스트하이(513동),1646,2022-06-01,대여소별 이용정보 22.6.csv
송파구,천호2팀,4496. 잠실 파크리오 120동 앞,1647,2022-06-01,대여소별 이용정보 22.6.csv
노원구,도봉1팀,4031. 청암예술학교 앞,1647,2022-06-01,대여소별 이용정보 22.6.csv
서대문구,상암2팀,4255. 래미안 루센티아 아파트 108동 앞,1648,2022-06-01,대여소별 이용정보 22.6.csv
강동구,천호1팀,"1051. 강일중,선사고 버스정류장(신암중학교 방면)",1648,2022-06-01,대여소별 이용정보 22.6.csv
관악구,영남2팀,2179. 양녕로 입구,1648,2022-06-01,대여소별 이용정보 22.6.csv
종로구,훈련원1팀,456. 숭인2동 주민센터 입구,1649,2022-06-01,대여소별 이용정보 22.6.csv
중구,훈련원1팀,380. CJ제일제당 앞,1649,2022-06-01,대여소별 이용정보 22.6.csv
서대문구,상암1팀,4267. 서대문역 2번 출구,1650,2022-06-01,대여소별 이용정보 22.6.csv
마포구,상암1팀,109. 제일빌딩 앞,1650,2022-06-01,대여소별 이용정보 22.6.csv
영등포구,영남3팀,292. 영일 어린이공원,1652,2022-06-01,대여소별 이용정보 22.6.csv
양천구,개화3팀,4526. 목동아파트2단지 222동 앞,1656,2022-06-01,대여소별 이용정보 22.6.csv
중랑구,중랑3팀,1411. 상봉시장앞 교차로 한성빌딩 앞,1657,2022-06-01,대여소별 이용정보 22.6.csv
송파구,천호2팀,2642.마천동 성내천 쉼터,1657,2022-06-01,대여소별 이용정보 22.6.csv
강서구,개화1팀,3762. 마곡9단지 907동앞,1659,2022-06-01,대여소별 이용정보 22.6.csv
마포구,상암1팀,199. 서울 월드컵 경기장,1660,2022-06-01,대여소별 이용정보 22.6.csv
강동구,천호1팀,1030. 미호 플랜트 앞,1663,2022-06-01,대여소별 이용정보 22.6.csv
송파구,천호2팀,1214. 오금역 7번 출구 인근,1664,2022-06-01,대여소별 이용정보 22.6.csv
마포구,상암1팀,411. DMC홍보관,1666,2022-06-01,대여소별 이용정보 22.6.csv
중랑구,중랑3팀,1440. 면목2동 사거리,1666,2022-06-01,대여소별 이용정보 22.6.csv
송파구,천호2팀,1260. 방이동 한양3차아파트 옆,1667,2022-06-01,대여소별 이용정보 22.6.csv
노원구,도봉1팀,4004. 당고개입구오거리 당현천변,1668,2022-06-01,대여소별 이용정보 22.6.csv
강남구,학여울1팀,2431.대치역 7번출구,1671,2022-06-01,대여소별 이용정보 22.6.csv
중랑구,중랑3팀,1461.동양엔파트 앞,1671,2022-06-01,대여소별 이용정보 22.6.csv
송파구,천호2팀,1267. 올림픽공원 남2문 앞,1671,2022-06-01,대여소별 이용정보 22.6.csv
노원구,도봉1팀,1639. 희성오피앙,1674,2022-06-01,대여소별 이용정보 22.6.csv
구로구,천왕2팀,3919. 구로역·NC신구로점 버스정류장(구로역 방면),1674,2022-06-01,대여소별 이용정보 22.6.csv
종로구,세종로1팀,301. 경복궁역 7번출구 앞,1675,2022-06-01,대여소별 이용정보 22.6.csv
노원구,도봉2팀,2901.공릉동풍림아파트 101동,1677,2022-06-01,대여소별 이용정보 22.6.csv
구로구,천왕1팀,2821.청구아파트 앞,1677,2022-06-01,대여소별 이용정보 22.6.csv
구로구,천왕1팀,1931. 개봉역2번출구 A,1678,2022-06-01,대여소별 이용정보 22.6.csv
동대문구,훈련원4팀,4108. 답십리파크자이아파트 앞,1679,2022-06-01,대여소별 이용정보 22.6.csv
노원구,도봉2팀,1685. 불암고등학교 앞 횡단보도,1679,2022-06-01,대여소별 이용정보 22.6.csv
강서구,개화2팀,3786. 강서힐스테이트 상가 앞,1681,2022-06-01,대여소별 이용정보 22.6.csv
용산구,세종로3팀,832. 이촌1동 주민센터 뒤,1681,2022-06-01,대여소별 이용정보 22.6.csv
성북구,훈련원2팀,1333. 석관초등학교 앞,1689,2022-06-01,대여소별 이용정보 22.6.csv
중구,세종로2팀,3013.서울지방고용노동청 앞,1690,2022-06-01,대여소별 이용정보 22.6.csv
도봉구,도봉3팀,1705. 도봉구청 정문앞,1693,2022-06-01,대여소별 이용정보 22.6.csv
마포구,상암1팀,488.푸르메병원,1694,2022-06-01,대여소별 이용정보 22.6.csv
노원구,도봉1팀,1697.상계주공2단지 219동,1696,2022-06-01,대여소별 이용정보 22.6.csv
영등포구,영남3팀,4566. 대림성원상떼빌아파트,1697,2022-06-01,대여소별 이용정보 22.6.csv
영등포구,영남1팀,239. 유스호스텔 앞,1697,2022-06-01,대여소별 이용정보 22.6.csv
관악구,영남2팀,3814. 난곡사거리,1698,2022-06-01,대여소별 이용정보 22.6.csv
동대문구,훈련원4팀,627. 장안동삼거리 교통섬,1701,2022-06-01,대여소별 이용정보 22.6.csv
송파구,천호2팀,2604. 풍납토성 서성벽터A,1701,2022-06-01,대여소별 이용정보 22.6.csv
광진구,중랑1팀,516. 광진메디칼 앞,1704,2022-06-01,대여소별 이용정보 22.6.csv
송파구,학여울2팀,1206. 9호선종합운동장역 9번출구,1705,2022-06-01,대여소별 이용정보 22.6.csv
성동구,중랑2팀,3552.서울숲 공영주차장앞,1707,2022-06-01,대여소별 이용정보 22.6.csv
관악구,이수2팀,2119. 중앙동 동진빌딩,1708,2022-06-01,대여소별 이용정보 22.6.csv
강동구,천호1팀,1012. 서울 상운차량,1709,2022-06-01,대여소별 이용정보 22.6.csv
은평구,상암3팀,908. 구산역 4번출구,1712,2022-06-01,대여소별 이용정보 22.6.csv
강서구,개화2팀,2711.가로공원공영주차장 1번 출구,1714,2022-06-01,대여소별 이용정보 22.6.csv
강서구,개화3팀,1170. 강서구보건소,1716,2022-06-01,대여소별 이용정보 22.6.csv
구로구,천왕1팀,1952. 천왕연지타운2단지 앞,1718,2022-06-01,대여소별 이용정보 22.6.csv
중랑구,중랑3팀,1407. 먹골역 1번출구 뒤,1719,2022-06-01,대여소별 이용정보 22.6.csv
광진구,중랑1팀,3860. 건국대학교 정문 앞,1721,2022-06-01,대여소별 이용정보 22.6.csv
강서구,개화2팀,5055. 마곡역5번출구앞,1721,2022-06-01,대여소별 이용정보 22.6.csv
광진구,중랑1팀,3502. 중곡역 1번출구,1722,2022-06-01,대여소별 이용정보 22.6.csv
영등포구,영남3팀,204. 국회의사당역 5번출구 옆,1725,2022-06-01,대여소별 이용정보 22.6.csv
영등포구,영남3팀,3214.영등포 푸르지오,1726,2022-06-01,대여소별 이용정보 22.6.csv
양천구,개화4팀,4510. 신정네거리역 교차로,1728,2022-06-01,대여소별 이용정보 22.6.csv
구로구,천왕2팀,1962. 가리봉동주민센터,1732,2022-06-01,대여소별 이용정보 22.6.csv
관악구,영남2팀,2105. 미성동 신림체육센터,1733,2022-06-01,대여소별 이용정보 22.6.csv
서초구,이수3팀,2279. 교대역 5번출구뒤,1733,2022-06-01,대여소별 이용정보 22.6.csv
중구,세종로2팀,4796. 부산은행,1737,2022-06-01,대여소별 이용정보 22.6.csv
도봉구,도봉3팀,1707. 도봉구민회관,1737,2022-06-01,대여소별 이용정보 22.6.csv
강동구,천호1팀,1088.풍납사거리(강동),1740,2022-06-01,대여소별 이용정보 22.6.csv
서대문구,상암2팀,3125.연희파크푸르지오아파트 앞,1742,2022-06-01,대여소별 이용정보 22.6.csv
중구,세종로1팀,310. 청계광장 옆,1742,2022-06-01,대여소별 이용정보 22.6.csv
종로구,훈련원1팀,4711. 올림픽기념 국민생활관 로터리,1743,2022-06-01,대여소별 이용정보 22.6.csv
구로구,천왕2팀,1975. 대림역 1번 출입구 밑,1745,2022-06-01,대여소별 이용정보 22.6.csv
영등포구,영남1팀,3201.당산skv1센터,1745,2022-06-01,대여소별 이용정보 22.6.csv
종로구,훈련원1팀,3417.창신3동주민센터,1748,2022-06-01,대여소별 이용정보 22.6.csv
동대문구,훈련원4팀,658. 촬영소 사거리,1752,2022-06-01,대여소별 이용정보 22.6.csv
관악구,이수2팀,2104. 사당역 5번출구,1753,2022-06-01,대여소별 이용정보 22.6.csv
금천구,천왕2팀,1848. 벽산 디지털밸리 5차,1753,2022-06-01,대여소별 이용정보 22.6.csv
은평구,상암2팀,985. 은평세무서 버스정류장(은평구청 방면),1754,2022-06-01,대여소별 이용정보 22.6.csv
송파구,학여울2팀,2633.송파학사 옆,1756,2022-06-01,대여소별 이용정보 22.6.csv
종로구,세종로2팀,314. 국립현대미술관,1756,2022-06-01,대여소별 이용정보 22.6.csv
강남구,학여울1팀,2414. 도곡역 아카데미스위트 앞,1757,2022-06-01,대여소별 이용정보 22.6.csv
영등포구,영남1팀,3206.문래동 주민센터,1758,2022-06-01,대여소별 이용정보 22.6.csv
강서구,개화2팀,1168. 마곡엠밸리10단지 앞,1759,2022-06-01,대여소별 이용정보 22.6.csv
은평구,상암2팀,984.상신초등학교앞 버스정류장,1761,2022-06-01,대여소별 이용정보 22.6.csv
강동구,천호1팀,3684. 고덕자이(105동 앞),1762,2022-06-01,대여소별 이용정보 22.6.csv
송파구,천호1팀,1274. 영파여고 앞,1765,2022-06-01,대여소별 이용정보 22.6.csv
구로구,천왕1팀,1966. 한마을아파트 정문상가,1765,2022-06-01,대여소별 이용정보 22.6.csv
강남구,학여울2팀,2342. 대청역 1번출구 뒤,1766,2022-06-01,대여소별 이용정보 22.6.csv
은평구,상암3팀,962. 은평뉴타운 힐데스하임,1766,2022-06-01,대여소별 이용정보 22.6.csv
중구,훈련원1팀,387. 훈련원공원주차장 앞,1766,2022-06-01,대여소별 이용정보 22.6.csv
은평구,상암2팀,4657. 본 서부병원 교차로 사거리,1772,2022-06-01,대여소별 이용정보 22.6.csv
성북구,훈련원2팀,1385.성신여대입구역 3번출구 앞,1775,2022-06-01,대여소별 이용정보 22.6.csv
강동구,천호1팀,1074.대명초교입구 사거리,1776,2022-06-01,대여소별 이용정보 22.6.csv
송파구,학여울2팀,2658.가락몰 업무동,1776,2022-06-01,대여소별 이용정보 22.6.csv
광진구,중랑1팀,3566.우성4차아파트,1777,2022-06-01,대여소별 이용정보 22.6.csv
강동구,천호1팀,1086.래미안 솔베뉴(구천면로),1779,2022-06-01,대여소별 이용정보 22.6.csv
중랑구,중랑3팀,1478.홈플러스 상봉점 앞,1780,2022-06-01,대여소별 이용정보 22.6.csv
성동구,중랑2팀,530. 청계벽산아파트 앞,1781,2022-06-01,대여소별 이용정보 22.6.csv
마포구,상암1팀,420. 서울시 공공자전거 상암센터,1785,2022-06-01,대여소별 이용정보 22.6.csv
노원구,도봉1팀,4026. 상계주공1단지아파트,1787,2022-06-01,대여소별 이용정보 22.6.csv
강서구,개화1팀,2735.마곡 공공청사,1790,2022-06-01,대여소별 이용정보 22.6.csv
중구,세종로 4팀,826. 서울역 서부교차로2,1794,2022-06-01,대여소별 이용정보 22.6.csv
서초구,이수3팀,2505. 우성아파트사거리 (기업은행앞),1794,2022-06-01,대여소별 이용정보 22.6.csv
동작구,영남2팀,4167. 구로교 아래,1797,2022-06-01,대여소별 이용정보 22.6.csv
성동구,중랑2팀,3550.금호나들목,1798,2022-06-01,대여소별 이용정보 22.6.csv
마포구,상암1팀,492.성산시영아파트 후문,1799,2022-06-01,대여소별 이용정보 22.6.csv
동대문구,훈련원4팀,622. 전농사거리 교통섬,1801,2022-06-01,대여소별 이용정보 22.6.csv
관악구,이수2팀,2111. 서울대입구역 1번출구,1801,2022-06-01,대여소별 이용정보 22.6.csv
강서구,개화1팀,1194. 센서텍㈜,1801,2022-06-01,대여소별 이용정보 22.6.csv
용산구,세종로3팀,849. 삼각지 자이아파트,1802,2022-06-01,대여소별 이용정보 22.6.csv
구로구,천왕2팀,1956. 동아1차APT105동 버스정류장(신도림중학교 방면),1802,2022-06-01,대여소별 이용정보 22.6.csv
동작구,영남2팀,2003. 사육신공원앞,1804,2022-06-01,대여소별 이용정보 22.6.csv
성동구,중랑2팀,557. 도선동 주민센터 앞,1808,2022-06-01,대여소별 이용정보 22.6.csv
도봉구,도봉3팀,1767.태양중앙교회 앞,1810,2022-06-01,대여소별 이용정보 22.6.csv
강동구,천호1팀,1081.트레빌빌딩,1812,2022-06-01,대여소별 이용정보 22.6.csv
중구,훈련원1팀,473.을지로4가역 9번출구,1812,2022-06-01,대여소별 이용정보 22.6.csv
중랑구,중랑3팀,1446. 중랑전화국 교차로,1812,2022-06-01,대여소별 이용정보 22.6.csv
송파구,천호2팀,2651.경찰병원역 3번출구 앞,1815,2022-06-01,대여소별 이용정보 22.6.csv
광진구,중랑1팀,3879. 중랑천 뚝방길 산책로 입구,1815,2022-06-01,대여소별 이용정보 22.6.csv
마포구,상암1팀,112. 극동방송국 앞,1817,2022-06-01,대여소별 이용정보 22.6.csv
송파구,학여울2팀,1286. 위례중앙푸르지오 1단지 앞,1818,2022-06-01,대여소별 이용정보 22.6.csv
중랑구,중랑3팀,4820. 망우역 2번 출구,1819,2022-06-01,대여소별 이용정보 22.6.csv
동작구,영남2팀,2016. 신대방삼거리역 3번출구쪽,1819,2022-06-01,대여소별 이용정보 22.6.csv
노원구,도봉1팀,4019. 상계주공10단지 버스정류소,1819,2022-06-01,대여소별 이용정보 22.6.csv
양천구,개화4팀,711. 신일해피트리아파트 앞,1822,2022-06-01,대여소별 이용정보 22.6.csv
종로구,세종로2팀,334. 종로3가역 2번출구 뒤,1826,2022-06-01,대여소별 이용정보 22.6.csv
송파구,학여울2팀,1249. 아주중학교건너편,1826,2022-06-01,대여소별 이용정보 22.6.csv
중랑구,중랑3팀,1431. 중랑구청 사거리,1828,2022-06-01,대여소별 이용정보 22.6.csv
금천구,천왕3팀,1804. 독산역 2번출구 자전거주차장,1828,2022-06-01,대여소별 이용정보 22.6.csv
서초구,이수3팀,2211. 서초구립반포도서관 앞,1830,2022-06-01,대여소별 이용정보 22.6.csv
강서구,개화1팀,3782. 겸재정선미술관,1832,2022-06-01,대여소별 이용정보 22.6.csv
용산구,세종로3팀,815. LIG강촌아파트 103동앞,1832,2022-06-01,대여소별 이용정보 22.6.csv
송파구,학여울2팀,4491. 장지역 1번출구,1834,2022-06-01,대여소별 이용정보 22.6.csv
중랑구,중랑3팀,1413. 봉화산역 5번출구 뒤,1838,2022-06-01,대여소별 이용정보 22.6.csv
구로구,천왕2팀,3907. 신도림7차e편한세상아파트 806동 앞,1839,2022-06-01,대여소별 이용정보 22.6.csv
동대문구,훈련원4팀,669.청계한신휴플러스앞 삼거리,1840,2022-06-01,대여소별 이용정보 22.6.csv
양천구,개화4팀,722. 경서농협 버스정류장(우리은행신정동지점방향),1841,2022-06-01,대여소별 이용정보 22.6.csv
송파구,천호2팀,1229. 송파체육문화회관 앞,1841,2022-06-01,대여소별 이용정보 22.6.csv
성북구,훈련원2팀,1336. 성북3교 위,1844,2022-06-01,대여소별 이용정보 22.6.csv
성북구,훈련원2팀,1327. 상월곡역 3번출구,1844,2022-06-01,대여소별 이용정보 22.6.csv
광진구,중랑1팀,3587.우성식품 앞,1847,2022-06-01,대여소별 이용정보 22.6.csv
은평구,상암3팀,900. 은평예술회관,1848,2022-06-01,대여소별 이용정보 22.6.csv
마포구,상암1팀,181. 망원초록길 입구,1848,2022-06-01,대여소별 이용정보 22.6.csv
노원구,도봉2팀,1605. 헬스케어,1850,2022-06-01,대여소별 이용정보 22.6.csv
종로구,세종로2팀,385. 종각역 5번출구,1851,2022-06-01,대여소별 이용정보 22.6.csv
광진구,중랑1팀,3868. 자양한강도서관,1852,2022-06-01,대여소별 이용정보 22.6.csv
강동구,천호1팀,3683. KT&G강동지사,1852,2022-06-01,대여소별 이용정보 22.6.csv
마포구,상암1팀,412. DMC산학협력연구센터 앞,1853,2022-06-01,대여소별 이용정보 22.6.csv
양천구,개화4팀,4522. 신곡시장,1854,2022-06-01,대여소별 이용정보 22.6.csv
관악구,영남2팀,2189. 봉천역 4번출구,1861,2022-06-01,대여소별 이용정보 22.6.csv
은평구,상암2팀,917. 녹번역 3번출구,1862,2022-06-01,대여소별 이용정보 22.6.csv
종로구,세종로1팀,4710. 자교교회 앞,1863,2022-06-01,대여소별 이용정보 22.6.csv
강동구,천호1팀,1059. 래미안 강동팰리스(102동),1864,2022-06-01,대여소별 이용정보 22.6.csv
중랑구,중랑3팀,4812. 묵동 이마트 앞,1865,2022-06-01,대여소별 이용정보 22.6.csv
노원구,도봉2팀,1640. 한내근린공원 북측,1866,2022-06-01,대여소별 이용정보 22.6.csv
성북구,훈련원2팀,1362. 보문역6번출구 앞,1868,2022-06-01,대여소별 이용정보 22.6.csv
강서구,개화2팀,1141. 곰달래 문화복지센터 1-1,1869,2022-06-01,대여소별 이용정보 22.6.csv
성북구,훈련원2팀,1319. 종암사거리 분수대,1870,2022-06-01,대여소별 이용정보 22.6.csv
서초구,이수3팀,2231. 삼성타운(삼성생명) A동 맞은편,1872,2022-06-01,대여소별 이용정보 22.6.csv
서대문구,상암2팀,179. 가좌역 4번출구 앞,1874,2022-06-01,대여소별 이용정보 22.6.csv
강서구,개화2팀,2746.수명산파크 4단지 411동 앞,1874,2022-06-01,대여소별 이용정보 22.6.csv
마포구,상암1팀,490.가온문화공원,1875,2022-06-01,대여소별 이용정보 22.6.csv
강서구,개화1팀,1108. 공항시장역 2번출구 뒤,1876,2022-06-01,대여소별 이용정보 22.6.csv
영등포구,영남3팀,220. 미성아파트 A동 앞,1878,2022-06-01,대여소별 이용정보 22.6.csv
노원구,도봉2팀,4024. 꿈의숲 SK뷰 아파트,1878,2022-06-01,대여소별 이용정보 22.6.csv
양천구,개화4팀,758. 한사랑교회 앞,1879,2022-06-01,대여소별 이용정보 22.6.csv
영등포구,영남1팀,4557. 리버뷰신안인스빌2차 후문,1884,2022-06-01,대여소별 이용정보 22.6.csv
구로구,천왕2팀,1957. 구일고등학교 정문,1886,2022-06-01,대여소별 이용정보 22.6.csv
동대문구,훈련원4팀,624. 전농동 동아아파트 앞,1895,2022-06-01,대여소별 이용정보 22.6.csv
마포구,상암1팀,3011.경의선(노고산동),1896,2022-06-01,대여소별 이용정보 22.6.csv
양천구,영남1팀,4532. 목동현대아파트 후문 앞,1898,2022-06-01,대여소별 이용정보 22.6.csv
노원구,도봉1팀,1667. 중계중학교,1899,2022-06-01,대여소별 이용정보 22.6.csv
구로구,천왕1팀,1964. 원메디타운 앞,1900,2022-06-01,대여소별 이용정보 22.6.csv
동작구,영남2팀,2007. 유한양행앞,1900,2022-06-01,대여소별 이용정보 22.6.csv
관악구,영남2팀,2170. 조원동서울본병원,1903,2022-06-01,대여소별 이용정보 22.6.csv
강서구,개화3팀,1175. 대한항공 인력개발센터,1905,2022-06-01,대여소별 이용정보 22.6.csv
영등포구,영남1팀,4598. 오목교 동측 지하보도,1907,2022-06-01,대여소별 이용정보 22.6.csv
마포구,상암1팀,438. 성산2-1 공영주차장,1911,2022-06-01,대여소별 이용정보 22.6.csv
서대문구,상암2팀,178. 증산3교 앞,1913,2022-06-01,대여소별 이용정보 22.6.csv
강서구,개화3팀,1174. 강서구청사거리(부민병원),1913,2022-06-01,대여소별 이용정보 22.6.csv
강서구,개화3팀,1185. 등촌9단지,1914,2022-06-01,대여소별 이용정보 22.6.csv
강남구,학여울2팀,2404. 대모산입구역 4번 출구 앞,1915,2022-06-01,대여소별 이용정보 22.6.csv
성북구,훈련원2팀,1338. 용문2교 옆,1915,2022-06-01,대여소별 이용정보 22.6.csv
양천구,개화3팀,766. 신목동역 3번출구,1916,2022-06-01,대여소별 이용정보 22.6.csv
중랑구,중랑3팀,1471.동양쇼핑 정류소 앞,1916,2022-06-01,대여소별 이용정보 22.6.csv
종로구,세종로2팀,326. 안국역 5번출구 앞,1917,2022-06-01,대여소별 이용정보 22.6.csv
중랑구,중랑3팀,4804. 동서울농협 앞,1920,2022-06-01,대여소별 이용정보 22.6.csv
성동구,중랑2팀,537. 한양대후문역 부근,1925,2022-06-01,대여소별 이용정보 22.6.csv
동대문구,훈련원3팀,674.고대앞사거리 교통섬,1926,2022-06-01,대여소별 이용정보 22.6.csv
구로구,천왕1팀,1991. 오류동역 맞은편,1927,2022-06-01,대여소별 이용정보 22.6.csv
성동구,중랑2팀,558. 성동광진 교육지원청 앞,1927,2022-06-01,대여소별 이용정보 22.6.csv
동대문구,훈련원4팀,4114. 휘경여중고삼거리,1929,2022-06-01,대여소별 이용정보 22.6.csv
중랑구,중랑3팀,1456. 상아빌딩(우림시장 교차로),1930,2022-06-01,대여소별 이용정보 22.6.csv
노원구,도봉2팀,1670. 노원경찰서교차로,1931,2022-06-01,대여소별 이용정보 22.6.csv
마포구,상암1팀,426. 서울신용보증재단,1931,2022-06-01,대여소별 이용정보 22.6.csv
용산구,세종로3팀,4633. 센트럴파크타워 앞,1933,2022-06-01,대여소별 이용정보 22.6.csv
종로구,훈련원1팀,340. 혜화동 로터리,1936,2022-06-01,대여소별 이용정보 22.6.csv
성동구,중랑2팀,3549.건영아파트 앞,1937,2022-06-01,대여소별 이용정보 22.6.csv
성동구,중랑2팀,4377. 우영테크노센터 앞,1941,2022-06-01,대여소별 이용정보 22.6.csv
구로구,천왕2팀,1974. 신도림2차e편한세상아파트 203동 앞,1941,2022-06-01,대여소별 이용정보 22.6.csv
노원구,도봉1팀,4020. 중계동 성모빌딩 앞,1946,2022-06-01,대여소별 이용정보 22.6.csv
강서구,개화3팀,2742.강서구민올림픽체육센터,1947,2022-06-01,대여소별 이용정보 22.6.csv
관악구,영남2팀,2115. 관악구시설관리공단,1952,2022-06-01,대여소별 이용정보 22.6.csv
동대문구,훈련원3팀,663. 외대앞역 4번출구,1954,2022-06-01,대여소별 이용정보 22.6.csv
강서구,개화1팀,1190. 마곡역 교차로(2번출구),1955,2022-06-01,대여소별 이용정보 22.6.csv
송파구,천호2팀,2644. 성내5교,1959,2022-06-01,대여소별 이용정보 22.6.csv
은평구,상암2팀,989. 신응교(가좌로) 앞,1961,2022-06-01,대여소별 이용정보 22.6.csv
도봉구,도봉3팀,4080. 창동주공19단지앞,1962,2022-06-01,대여소별 이용정보 22.6.csv
동대문구,훈련원3팀,615. 용두동 래미안허브리츠아파트 앞,1962,2022-06-01,대여소별 이용정보 22.6.csv
관악구,영남2팀,2108. 은천치안센터,1966,2022-06-01,대여소별 이용정보 22.6.csv
구로구,천왕2팀,1920. 서울미래초등학교 사거리,1966,2022-06-01,대여소별 이용정보 22.6.csv
강남구,학여울2팀,2384. 자곡사거리,1967,2022-06-01,대여소별 이용정보 22.6.csv
서대문구,상암1팀,116. 일진아이윌아파트 옆,1967,2022-06-01,대여소별 이용정보 22.6.csv
영등포구,영남1팀,266. 영등포청과시장 사거리,1968,2022-06-01,대여소별 이용정보 22.6.csv
성동구,중랑2팀,4383. 푸조비즈타워 앞,1968,2022-06-01,대여소별 이용정보 22.6.csv
강서구,개화3팀,1121. 가양레포츠센터 앞,1971,2022-06-01,대여소별 이용정보 22.6.csv
종로구,세종로2팀,368. SK 서린빌딩 앞,1974,2022-06-01,대여소별 이용정보 22.6.csv
동작구,영남2팀,4169. 신대방삼거리,1983,2022-06-01,대여소별 이용정보 22.6.csv
강동구,천호1팀,1061. 천호초교 입구 사거리(일주빌딩),1984,2022-06-01,대여소별 이용정보 22.6.csv
강동구,천호1팀,3656. 둔촌푸르지오아파트,1985,2022-06-01,대여소별 이용정보 22.6.csv
영등포구,영남3팀,221. 여의도초교 앞,1985,2022-06-01,대여소별 이용정보 22.6.csv
송파구,천호2팀,4500. 풍납나들목,1985,2022-06-01,대여소별 이용정보 22.6.csv
노원구,도봉2팀,1677. 육군사관학교 앞,1985,2022-06-01,대여소별 이용정보 22.6.csv
강동구,천호1팀,1028. 포레스 주상복합 빌딩,1988,2022-06-01,대여소별 이용정보 22.6.csv
동대문구,훈련원4팀,657. 동대문롯데캐슬아파트 앞,1994,2022-06-01,대여소별 이용정보 22.6.csv
영등포구,영남3팀,201. 진미파라곤 앞,1994,2022-06-01,대여소별 이용정보 22.6.csv
동대문구,훈련원3팀,605. 신설동역8번출구,1995,2022-06-01,대여소별 이용정보 22.6.csv
동작구,영남2팀,2056. 동작구민 체육센터,1999,2022-06-01,대여소별 이용정보 22.6.csv
양천구,개화3팀,"773.염창역 3, 4번 출구 사이",2000,2022-06-01,대여소별 이용정보 22.6.csv
구로구,천왕2팀,1959. 구로구의회 앞,2003,2022-06-01,대여소별 이용정보 22.6.csv
구로구,천왕1팀,1933. 개봉푸르지오아파트 상가,2005,2022-06-01,대여소별 이용정보 22.6.csv
은평구,상암3팀,961. 불광역 9번 출구,2006,2022-06-01,대여소별 이용정보 22.6.csv
서대문구,상암1팀,128. 신촌역(2호선) 1번출구 옆,2006,2022-06-01,대여소별 이용정보 22.6.csv
양천구,천왕1팀,763. 목동11단지 아파트,2006,2022-06-01,대여소별 이용정보 22.6.csv
노원구,도봉1팀,1657. 노원구청,2008,2022-06-01,대여소별 이용정보 22.6.csv
용산구,세종로 4팀,834. 효창공원앞역 3번출구 뒤,2009,2022-06-01,대여소별 이용정보 22.6.csv
성동구,중랑2팀,550. 서울시설공단 앞,2009,2022-06-01,대여소별 이용정보 22.6.csv
도봉구,도봉3팀,1744.KT방학지사 앞,2009,2022-06-01,대여소별 이용정보 22.6.csv
강동구,천호1팀,3687. 신명초교입구 교차로,2013,2022-06-01,대여소별 이용정보 22.6.csv
강북구,도봉4팀,"1501. 미아역 3번,4번 출구 사이",2014,2022-06-01,대여소별 이용정보 22.6.csv
관악구,영남2팀,2103. 신림동 우방아파트,2014,2022-06-01,대여소별 이용정보 22.6.csv
금천구,천왕3팀,1824. 독산근린공원 입구,2015,2022-06-01,대여소별 이용정보 22.6.csv
강서구,개화1팀,3754. 신방화역 8번출구,2017,2022-06-01,대여소별 이용정보 22.6.csv
영등포구,영남3팀,255. 도림사거리,2017,2022-06-01,대여소별 이용정보 22.6.csv
동대문구,훈련원3팀,4117. 휘경119안전센터 앞,2021,2022-06-01,대여소별 이용정보 22.6.csv
영등포구,영남1팀,264. 교보생명보험 앞,2021,2022-06-01,대여소별 이용정보 22.6.csv
강서구,개화1팀,5062. 마곡동 767-6,2022,2022-06-01,대여소별 이용정보 22.6.csv
광진구,중랑1팀,3581.광진광장,2025,2022-06-01,대여소별 이용정보 22.6.csv
성동구,중랑2팀,578. 성동세무서 부근,2027,2022-06-01,대여소별 이용정보 22.6.csv
구로구,천왕2팀,1908. 해원리바파크 육교 밑,2028,2022-06-01,대여소별 이용정보 22.6.csv
송파구,학여울2팀,2648.헬리오시티 112동 앞,2030,2022-06-01,대여소별 이용정보 22.6.csv
성동구,중랑2팀,3544.한양대역 3번 출구,2035,2022-06-01,대여소별 이용정보 22.6.csv
마포구,상암1팀,104. 합정역 1번출구 앞,2037,2022-06-01,대여소별 이용정보 22.6.csv
은평구,상암1팀,972. 수색역,2041,2022-06-01,대여소별 이용정보 22.6.csv
강북구,도봉4팀,1535. 효성인텔리안 앞,2043,2022-06-01,대여소별 이용정보 22.6.csv
강서구,개화1팀,3756. 마곡힐스테이트 정문,2043,2022-06-01,대여소별 이용정보 22.6.csv
구로구,천왕2팀,1984. 구로구청,2043,2022-06-01,대여소별 이용정보 22.6.csv
광진구,중랑1팀,3578.중곡동 파크웨이빌딩,2044,2022-06-01,대여소별 이용정보 22.6.csv
영등포구,영남3팀,234. 영등포구민체육센터 앞,2048,2022-06-01,대여소별 이용정보 22.6.csv
중랑구,중랑3팀,1450. 화랑대역 7번출구,2048,2022-06-01,대여소별 이용정보 22.6.csv
종로구,훈련원1팀,3422.성균관대 정문,2048,2022-06-01,대여소별 이용정보 22.6.csv
강서구,개화1팀,2707.한강아파트,2053,2022-06-01,대여소별 이용정보 22.6.csv
성북구,훈련원2팀,1390.석관래미안아트리치,2055,2022-06-01,대여소별 이용정보 22.6.csv
성북구,훈련원2팀,1318. 길음역 3번출구 뒤,2055,2022-06-01,대여소별 이용정보 22.6.csv
성동구,중랑2팀,507. 성수아이에스비즈타워 앞,2059,2022-06-01,대여소별 이용정보 22.6.csv
중구,세종로2팀,398. 을지로3가역 3번출구,2062,2022-06-01,대여소별 이용정보 22.6.csv
종로구,세종로1팀,369. 광화문 시민열린마당,2065,2022-06-01,대여소별 이용정보 22.6.csv
송파구,학여울2팀,2605. 복정역 1번 출구 앞,2067,2022-06-01,대여소별 이용정보 22.6.csv
관악구,영남2팀,2169. 봉천역 2번출구,2070,2022-06-01,대여소별 이용정보 22.6.csv
양천구,개화2팀,739. 신월사거리,2074,2022-06-01,대여소별 이용정보 22.6.csv
성북구,훈련원2팀,1359. 장위뉴타운 꿈에 숲 코오롱 하늘채 앞,2076,2022-06-01,대여소별 이용정보 22.6.csv
영등포구,영남1팀,231. 남부고용노동지청 남측,2077,2022-06-01,대여소별 이용정보 22.6.csv
양천구,개화3팀,700. KB국민은행 염창역 지점 앞,2078,2022-06-01,대여소별 이용정보 22.6.csv
강동구,천호1팀,1075.천동초교 삼거리,2082,2022-06-01,대여소별 이용정보 22.6.csv
성동구,중랑2팀,4381. 더스페이스타워 앞,2084,2022-06-01,대여소별 이용정보 22.6.csv
종로구,훈련원1팀,3415.동대문역6번출구,2088,2022-06-01,대여소별 이용정보 22.6.csv
양천구,개화4팀,716.신정6동 주민센터 인근,2088,2022-06-01,대여소별 이용정보 22.6.csv
강서구,개화2팀,1148. 볏골공원,2090,2022-06-01,대여소별 이용정보 22.6.csv
송파구,천호2팀,2653.올림픽공원사거리(선수촌아파트),2092,2022-06-01,대여소별 이용정보 22.6.csv
강서구,개화1팀,3774. 마곡9단지 910동 상가앞,2096,2022-06-01,대여소별 이용정보 22.6.csv
성동구,중랑2팀,511. 서울숲역 5번 출구 옆,2099,2022-06-01,대여소별 이용정보 22.6.csv
영등포구,영남3팀,214. 금융감독원 앞,2100,2022-06-01,대여소별 이용정보 22.6.csv
광진구,중랑1팀,3865. 이튼타워리버 2차,2101,2022-06-01,대여소별 이용정보 22.6.csv
서초구,이수3팀,2220. 반포본동 주민센터 앞,2101,2022-06-01,대여소별 이용정보 22.6.csv
마포구,상암1팀,4222. 서울디자인고등학교 앞,2102,2022-06-01,대여소별 이용정보 22.6.csv
송파구,학여울2팀,1245. 문정 법조단지9,2105,2022-06-01,대여소별 이용정보 22.6.csv
노원구,도봉2팀,2908. 광운대학교 중앙도서관,2107,2022-06-01,대여소별 이용정보 22.6.csv
서초구,이수3팀,2530.삼호3차아파트 앞,2107,2022-06-01,대여소별 이용정보 22.6.csv
구로구,천왕2팀,3914. 신도림쌍용플래티넘노블아파트 앞,2107,2022-06-01,대여소별 이용정보 22.6.csv
광진구,중랑1팀,546. 잠실대교북단 교차로,2107,2022-06-01,대여소별 이용정보 22.6.csv
동작구,이수2팀,2060. 남성역3번출구 뒤,2109,2022-06-01,대여소별 이용정보 22.6.csv
동작구,영남2팀,2054. 삼익아파트,2110,2022-06-01,대여소별 이용정보 22.6.csv
성동구,중랑2팀,563. 성동세무서 건너편,2113,2022-06-01,대여소별 이용정보 22.6.csv
광진구,중랑1팀,3586.군자역 비채온 오피스텔,2113,2022-06-01,대여소별 이용정보 22.6.csv
종로구,훈련원1팀,3413.종로플레이스,2115,2022-06-01,대여소별 이용정보 22.6.csv
송파구,천호2팀,4484. 잠실나루역4번출구뒤,2116,2022-06-01,대여소별 이용정보 22.6.csv
동대문구,훈련원4팀,626. 군자교 서측 녹지대,2117,2022-06-01,대여소별 이용정보 22.6.csv
강북구,도봉4팀,1530. 광산사거리,2120,2022-06-01,대여소별 이용정보 22.6.csv
중랑구,중랑3팀,1404. 동일로 지하차도,2120,2022-06-01,대여소별 이용정보 22.6.csv
종로구,세종로2팀,3407.안국동사거리(신),2123,2022-06-01,대여소별 이용정보 22.6.csv
마포구,상암1팀,157. 애오개역 4번출구 앞,2124,2022-06-01,대여소별 이용정보 22.6.csv
서초구,이수1팀,2252. 잔디마을 마을버스 정류장,2128,2022-06-01,대여소별 이용정보 22.6.csv
성북구,훈련원2팀,4418. 종암동 동덕여대 제2생활관 앞,2137,2022-06-01,대여소별 이용정보 22.6.csv
노원구,도봉2팀,4036. 하계역 6번출구,2141,2022-06-01,대여소별 이용정보 22.6.csv
노원구,도봉1팀,1690. 도봉운전면허시험장 버스정류장 옆,2144,2022-06-01,대여소별 이용정보 22.6.csv
영등포구,영남3팀,3212.신풍역 6번출구,2144,2022-06-01,대여소별 이용정보 22.6.csv
강서구,개화4팀,1146. 곰달래사거리,2146,2022-06-01,대여소별 이용정보 22.6.csv
영등포구,영남1팀,265. 영등포유통상가 사거리,2147,2022-06-01,대여소별 이용정보 22.6.csv
성북구,훈련원2팀,1369. 미아사거리,2148,2022-06-01,대여소별 이용정보 22.6.csv
도봉구,도봉3팀,1737. 하나은행 (창동점),2153,2022-06-01,대여소별 이용정보 22.6.csv
동작구,영남2팀,237. 보라매 두산위브 건너편,2157,2022-06-01,대여소별 이용정보 22.6.csv
중구,훈련원1팀,481.신당역 10번 출구,2159,2022-06-01,대여소별 이용정보 22.6.csv
강북구,도봉4팀,1552. 강북구청사거리(던킨도너츠 앞),2161,2022-06-01,대여소별 이용정보 22.6.csv
서대문구,상암2팀,166. 가재울 초등학교,2161,2022-06-01,대여소별 이용정보 22.6.csv
강서구,개화2팀,2741.마곡수명산파크5-6단지,2162,2022-06-01,대여소별 이용정보 22.6.csv
도봉구,도봉3팀,1708. 보건소사거리(다비치안경창동점),2162,2022-06-01,대여소별 이용정보 22.6.csv
중랑구,중랑3팀,1433. 중화역 2번출구,2163,2022-06-01,대여소별 이용정보 22.6.csv
금천구,천왕3팀,1841. 가산동 주민센터,2166,2022-06-01,대여소별 이용정보 22.6.csv
송파구,학여울2팀,1224. 아시아지하보도 2번 출구,2166,2022-06-01,대여소별 이용정보 22.6.csv
노원구,도봉2팀,4013. 중계 롯데마트,2172,2022-06-01,대여소별 이용정보 22.6.csv
중랑구,중랑3팀,1416. 상봉역 3번출구,2176,2022-06-01,대여소별 이용정보 22.6.csv
성동구,중랑2팀,3560.성동구 견인차량 보관소 앞,2177,2022-06-01,대여소별 이용정보 22.6.csv
양천구,개화3팀,701. 목동사거리 부근,2177,2022-06-01,대여소별 이용정보 22.6.csv
송파구,천호1팀,5752. 풍납백제문화공원 옆 인근,2181,2022-06-01,대여소별 이용정보 22.6.csv
영등포구,영남3팀,248. 초원아파트 앞,2182,2022-06-01,대여소별 이용정보 22.6.csv
용산구,세종로 4팀,819. 선린인터넷 고등학교,2183,2022-06-01,대여소별 이용정보 22.6.csv
용산구,세종로3팀,860.LG한강 자이아파트 앞,2186,2022-06-01,대여소별 이용정보 22.6.csv
종로구,세종로2팀,329. 청계2가 사거리 옆,2190,2022-06-01,대여소별 이용정보 22.6.csv
노원구,도봉2팀,2909. 석계역 3번 출구,2191,2022-06-01,대여소별 이용정보 22.6.csv
은평구,상암2팀,915. 증산역 4번출구,2192,2022-06-01,대여소별 이용정보 22.6.csv
강동구,천호1팀,1021. 강일동 리슈빌 빌딩앞,2193,2022-06-01,대여소별 이용정보 22.6.csv
동작구,영남2팀,2070. 노량진역 2번 출구 앞,2193,2022-06-01,대여소별 이용정보 22.6.csv
성동구,중랑2팀,521. 왕십리역 11번 출구 앞,2194,2022-06-01,대여소별 이용정보 22.6.csv
송파구,천호2팀,1226. 잠실4동 주민센터 옆,2201,2022-06-01,대여소별 이용정보 22.6.csv
은평구,상암3팀,950. 구산역 2번 출구 예일여고 버스정류장,2204,2022-06-01,대여소별 이용정보 22.6.csv
중구,훈련원1팀,374. 청구역 2번출구 앞,2206,2022-06-01,대여소별 이용정보 22.6.csv
강서구,개화1팀,2702. 마곡 엠밸리2단지,2207,2022-06-01,대여소별 이용정보 22.6.csv
강서구,개화1팀,5053. 신마곡벽산블루밍메트로오피스텔앞,2208,2022-06-01,대여소별 이용정보 22.6.csv
관악구,이수2팀,2171. 서울대입구역 5번출구,2216,2022-06-01,대여소별 이용정보 22.6.csv
강서구,개화2팀,3764. 관문주유소(GS칼택스) 앞,2216,2022-06-01,대여소별 이용정보 22.6.csv
동작구,영남2팀,2067. 보라매역?동작세무서 버스정류장(강남중학교방면),2217,2022-06-01,대여소별 이용정보 22.6.csv
종로구,세종로1팀,308. 광화문 S타워 앞,2218,2022-06-01,대여소별 이용정보 22.6.csv
성동구,중랑2팀,3548.뚝섬역 6번출구,2220,2022-06-01,대여소별 이용정보 22.6.csv
강동구,천호1팀,1004. 삼성광나루아파트 버스정류장,2220,2022-06-01,대여소별 이용정보 22.6.csv
송파구,학여울2팀,4465. 건영아파트앞 사거리,2222,2022-06-01,대여소별 이용정보 22.6.csv
양천구,영남1팀,756. 목동주차장,2226,2022-06-01,대여소별 이용정보 22.6.csv
강서구,개화4팀,2737.까치산역 3번 출구,2228,2022-06-01,대여소별 이용정보 22.6.csv
강서구,개화3팀,3794. 안양천합수부(현대3차아파트),2236,2022-06-01,대여소별 이용정보 22.6.csv
성동구,중랑2팀,582. 경일중학교 앞,2237,2022-06-01,대여소별 이용정보 22.6.csv
강서구,개화2팀,2713.우장초등학교 앞,2242,2022-06-01,대여소별 이용정보 22.6.csv
송파구,천호2팀,1212. 송파역 2번 출구앞,2243,2022-06-01,대여소별 이용정보 22.6.csv
강북구,도봉4팀,1529. 미아동 한국전력공사,2245,2022-06-01,대여소별 이용정보 22.6.csv
영등포구,영남1팀,267. 삼성화재 사옥 옆,2245,2022-06-01,대여소별 이용정보 22.6.csv
강동구,천호1팀,1022. 길동 사거리(초소앞),2249,2022-06-01,대여소별 이용정보 22.6.csv
강서구,개화2팀,3759. 이대서울병원,2250,2022-06-01,대여소별 이용정보 22.6.csv
도봉구,도봉3팀,1720. 도봉구청 옆(중랑천변),2251,2022-06-01,대여소별 이용정보 22.6.csv
강서구,개화1팀,2724.(재)FITI시험연구원,2254,2022-06-01,대여소별 이용정보 22.6.csv
영등포구,영남3팀,215. 여의도고교 앞,2254,2022-06-01,대여소별 이용정보 22.6.csv
동작구,영남2팀,2013. 장승배기역 5번출구,2255,2022-06-01,대여소별 이용정보 22.6.csv
서대문구,상암2팀,3119.연희 브라운스톤 아파트 앞,2255,2022-06-01,대여소별 이용정보 22.6.csv
노원구,도봉2팀,1683. 노원문화예술회관,2257,2022-06-01,대여소별 이용정보 22.6.csv
도봉구,도봉3팀,4077. 도봉제1교,2258,2022-06-01,대여소별 이용정보 22.6.csv
광진구,중랑2팀,3506. 영동대교 북단,2261,2022-06-01,대여소별 이용정보 22.6.csv
노원구,도봉1팀,1661. 당현천근린공원,2262,2022-06-01,대여소별 이용정보 22.6.csv
노원구,도봉1팀,2913.상계8동 주민센터,2263,2022-06-01,대여소별 이용정보 22.6.csv
영등포구,영남3팀,252. 보라매역4번출구,2265,2022-06-01,대여소별 이용정보 22.6.csv
송파구,천호2팀,1227. 거여역 8번출구 뒤,2265,2022-06-01,대여소별 이용정보 22.6.csv
성북구,훈련원2팀,1306. 한성대입구역2번출구,2267,2022-06-01,대여소별 이용정보 22.6.csv
송파구,천호2팀,4859. 잠실나루 나들목,2270,2022-06-01,대여소별 이용정보 22.6.csv
송파구,학여울2팀,2618. 삼전역 1번출구,2270,2022-06-01,대여소별 이용정보 22.6.csv
구로구,천왕2팀,3905. 희훈타워빌 앞,2273,2022-06-01,대여소별 이용정보 22.6.csv
강남구,학여울1팀,2306. 압구정역 2번 출구 옆,2275,2022-06-01,대여소별 이용정보 22.6.csv
송파구,천호2팀,1259. 방이역 1번출구,2278,2022-06-01,대여소별 이용정보 22.6.csv
동작구,이수2팀,2032. 이수역 11번출구쪽,2278,2022-06-01,대여소별 이용정보 22.6.csv
영등포구,영남3팀,203. 국회의사당역 3번출구 옆,2279,2022-06-01,대여소별 이용정보 22.6.csv
중랑구,중랑3팀,1401. 극동늘푸른아파트,2284,2022-06-01,대여소별 이용정보 22.6.csv
용산구,세종로 4팀,838. 숙대입구역 4번출구,2286,2022-06-01,대여소별 이용정보 22.6.csv
중랑구,중랑3팀,4813. 망우지구대,2288,2022-06-01,대여소별 이용정보 22.6.csv
동작구,영남2팀,4171. 우성아파트 앞,2289,2022-06-01,대여소별 이용정보 22.6.csv
영등포구,영남3팀,258. 신길역3번출구,2297,2022-06-01,대여소별 이용정보 22.6.csv
강서구,개화3팀,1172. 가양3동 주민센터,2297,2022-06-01,대여소별 이용정보 22.6.csv
관악구,영남2팀,3811.신사로입구,2298,2022-06-01,대여소별 이용정보 22.6.csv
동대문구,훈련원3팀,609. 제기2교,2299,2022-06-01,대여소별 이용정보 22.6.csv
중구,훈련원1팀,474.동대문역사문화공원역 1번출구 뒤편,2304,2022-06-01,대여소별 이용정보 22.6.csv
영등포구,영남3팀,4575. 대림동 e편한세상영등포아델포레,2305,2022-06-01,대여소별 이용정보 22.6.csv
강남구,학여울1팀,2335. 3호선 매봉역 3번출구앞,2306,2022-06-01,대여소별 이용정보 22.6.csv
노원구,도봉1팀,1689. 마들역 3번출구,2306,2022-06-01,대여소별 이용정보 22.6.csv
마포구,상암1팀,4218. 디지털매직스페이스,2307,2022-06-01,대여소별 이용정보 22.6.csv
관악구,영남2팀,2106. 세이브마트,2310,2022-06-01,대여소별 이용정보 22.6.csv
마포구,상암1팀,108. 서교동 사거리,2312,2022-06-01,대여소별 이용정보 22.6.csv
송파구,천호2팀,4486. 홈플러스 잠실점,2312,2022-06-01,대여소별 이용정보 22.6.csv
동대문구,훈련원3팀,635. 시조사 앞 (청량고정문 옆),2312,2022-06-01,대여소별 이용정보 22.6.csv
성북구,훈련원2팀,1384.성신여대입구역 5번출구,2318,2022-06-01,대여소별 이용정보 22.6.csv
강서구,개화3팀,1139. 용문사 버스정류장,2325,2022-06-01,대여소별 이용정보 22.6.csv
서대문구,상암2팀,175. 홍연2교옆,2326,2022-06-01,대여소별 이용정보 22.6.csv
광진구,중랑1팀,577. 광진청소년수련관,2326,2022-06-01,대여소별 이용정보 22.6.csv
양천구,개화3팀,754. 목동1단지아파트 118동 앞,2331,2022-06-01,대여소별 이용정보 22.6.csv
구로구,천왕2팀,2000. 신도림4차 e편한세상 아파트 1109동 앞,2332,2022-06-01,대여소별 이용정보 22.6.csv
금천구,천왕3팀,1830. 빅마켓 금천점 앞,2333,2022-06-01,대여소별 이용정보 22.6.csv
동대문구,훈련원4팀,642. 신답역 사거리,2334,2022-06-01,대여소별 이용정보 22.6.csv
송파구,학여울2팀,1269. 리센츠아파트,2335,2022-06-01,대여소별 이용정보 22.6.csv
송파구,학여울2팀,4876. 삼전동주민센터 앞,2336,2022-06-01,대여소별 이용정보 22.6.csv
영등포구,영남1팀,3205.문래현대2차,2337,2022-06-01,대여소별 이용정보 22.6.csv
강서구,개화2팀,1177. 수명중?고교,2338,2022-06-01,대여소별 이용정보 22.6.csv
마포구,상암1팀,119. 서강나루 공원,2339,2022-06-01,대여소별 이용정보 22.6.csv
노원구,도봉2팀,1602. 광운대역 앞,2340,2022-06-01,대여소별 이용정보 22.6.csv
용산구,세종로3팀,816. 신용산역 6번출구 앞,2342,2022-06-01,대여소별 이용정보 22.6.csv
성동구,중랑2팀,508. 성수아카데미타워 앞,2342,2022-06-01,대여소별 이용정보 22.6.csv
노원구,도봉2팀,4041. 공릉역3번출구,2342,2022-06-01,대여소별 이용정보 22.6.csv
동대문구,훈련원3팀,660. 동의보감타워,2343,2022-06-01,대여소별 이용정보 22.6.csv
중구,훈련원1팀,4765. 동대문디자인플라자,2344,2022-06-01,대여소별 이용정보 22.6.csv
강서구,개화2팀,2732.마곡수명산 1-2단지,2345,2022-06-01,대여소별 이용정보 22.6.csv
마포구,상암1팀,414. 상암동주민센터 옆,2347,2022-06-01,대여소별 이용정보 22.6.csv
성북구,훈련원2팀,1354. 고려대학교 2번출구,2349,2022-06-01,대여소별 이용정보 22.6.csv
송파구,천호2팀,1204. 거여역 3번출구,2351,2022-06-01,대여소별 이용정보 22.6.csv
강서구,개화2팀,3785. 마곡14단지 1408동앞,2353,2022-06-01,대여소별 이용정보 22.6.csv
도봉구,도봉3팀,1762.북한산 한신휴플러스APT앞,2354,2022-06-01,대여소별 이용정보 22.6.csv
강서구,개화3팀,5075. 등촌역 1번출구,2354,2022-06-01,대여소별 이용정보 22.6.csv
구로구,천왕2팀,1958. 강서수도사업소민원센터,2355,2022-06-01,대여소별 이용정보 22.6.csv
강동구,천호1팀,1001. 광진교 남단 사거리(천호공원 방면),2358,2022-06-01,대여소별 이용정보 22.6.csv
마포구,상암1팀,417. DMC역 2번출구 옆,2359,2022-06-01,대여소별 이용정보 22.6.csv
광진구,중랑1팀,573. 구의문주차장 앞,2364,2022-06-01,대여소별 이용정보 22.6.csv
강서구,개화2팀,3760. 발산역 8번 출구,2368,2022-06-01,대여소별 이용정보 22.6.csv
마포구,상암1팀,3009.서교동사거리(신),2369,2022-06-01,대여소별 이용정보 22.6.csv
노원구,도봉2팀,1669. 중계역 3번출구,2369,2022-06-01,대여소별 이용정보 22.6.csv
광진구,중랑1팀,3573.광나루안전체험관,2373,2022-06-01,대여소별 이용정보 22.6.csv
은평구,상암3팀,933. 역촌종합시장 버스정류장(예일여고 방면),2377,2022-06-01,대여소별 이용정보 22.6.csv
강서구,개화1팀,2740.마곡레포츠센터,2379,2022-06-01,대여소별 이용정보 22.6.csv
노원구,도봉1팀,4003. 상계초교 입구 교차로 명주빌딩 앞,2384,2022-06-01,대여소별 이용정보 22.6.csv
광진구,중랑1팀,593.자양중앙나들목,2385,2022-06-01,대여소별 이용정보 22.6.csv
중랑구,중랑3팀,1462.동부시장 북문 앞,2391,2022-06-01,대여소별 이용정보 22.6.csv
양천구,개화3팀,768.목동5단지아파트 501동,2395,2022-06-01,대여소별 이용정보 22.6.csv
영등포구,영남3팀,225. 앙카라공원 앞,2396,2022-06-01,대여소별 이용정보 22.6.csv
구로구,천왕2팀,1901. 신도림동주민센터 앞,2397,2022-06-01,대여소별 이용정보 22.6.csv
송파구,학여울2팀,1205. 종합운동장역 4번출구,2400,2022-06-01,대여소별 이용정보 22.6.csv
송파구,천호2팀,2638.쌍용아파트,2401,2022-06-01,대여소별 이용정보 22.6.csv
동대문구,훈련원4팀,623. 서울시립대 정문 앞,2408,2022-06-01,대여소별 이용정보 22.6.csv
동대문구,훈련원4팀,4121. 서울문화재단 앞,2412,2022-06-01,대여소별 이용정보 22.6.csv
광진구,중랑1팀,590. 건국대학교 (입학정보관),2414,2022-06-01,대여소별 이용정보 22.6.csv
강동구,천호1팀,1076. 천동초교입구사거리 버스정류장(십자성마을 방면),2416,2022-06-01,대여소별 이용정보 22.6.csv
광진구,중랑1팀,3517. 용마사거리,2419,2022-06-01,대여소별 이용정보 22.6.csv
관악구,영남2팀,2175. 신림동걷고싶은문화의거리입구,2422,2022-06-01,대여소별 이용정보 22.6.csv
송파구,천호2팀,4464. 올림픽공원 북2문,2424,2022-06-01,대여소별 이용정보 22.6.csv
마포구,상암1팀,107. 신한은행 서교동지점,2428,2022-06-01,대여소별 이용정보 22.6.csv
강남구,학여울1팀,3627. 압구정나들목,2429,2022-06-01,대여소별 이용정보 22.6.csv
강서구,개화1팀,3778. 김포공항입구 교차로,2430,2022-06-01,대여소별 이용정보 22.6.csv
동대문구,훈련원4팀,678.장안힐스테이트(아) 앞,2433,2022-06-01,대여소별 이용정보 22.6.csv
노원구,도봉2팀,4008. 하계 어린이 공원,2434,2022-06-01,대여소별 이용정보 22.6.csv
성북구,훈련원2팀,1332. 석계역 5번출구 건너편,2439,2022-06-01,대여소별 이용정보 22.6.csv
송파구,학여울2팀,1246. 문정 법조단지10,2440,2022-06-01,대여소별 이용정보 22.6.csv
중랑구,중랑3팀,1448. 코스트코 상봉점,2445,2022-06-01,대여소별 이용정보 22.6.csv
영등포구,영남3팀,205. 산업은행 앞,2447,2022-06-01,대여소별 이용정보 22.6.csv
강동구,천호1팀,1017. 둔촌고교입구 교차로(길동주민센터 방면),2447,2022-06-01,대여소별 이용정보 22.6.csv
구로구,천왕2팀,1912. 한신휴아파트 앞,2449,2022-06-01,대여소별 이용정보 22.6.csv
종로구,훈련원1팀,363. 신설동역 11번출구 뒤,2450,2022-06-01,대여소별 이용정보 22.6.csv
양천구,영남1팀,796.목동아파트 14단지 B상가 앞,2457,2022-06-01,대여소별 이용정보 22.6.csv
성북구,훈련원2팀,1380.월곡역 5번출구 앞,2461,2022-06-01,대여소별 이용정보 22.6.csv
강서구,개화3팀,1119. 염창동 한마음아파트 앞,2463,2022-06-01,대여소별 이용정보 22.6.csv
송파구,천호2팀,1282. 송파소방서 맞은편(성내4교),2466,2022-06-01,대여소별 이용정보 22.6.csv
금천구,천왕3팀,1827. 독산보도육교 앞 자전거 보관소,2466,2022-06-01,대여소별 이용정보 22.6.csv
성북구,훈련원2팀,1381.석계역 4번출구 뒤,2468,2022-06-01,대여소별 이용정보 22.6.csv
성북구,훈련원2팀,4408. 돌곶이역 앞,2469,2022-06-01,대여소별 이용정보 22.6.csv
서초구,이수2팀,2230.이수역 4번 출구,2483,2022-06-01,대여소별 이용정보 22.6.csv
강남구,학여울1팀,2348. 포스코사거리(기업은행),2484,2022-06-01,대여소별 이용정보 22.6.csv
영등포구,영남1팀,4594. 양평교 영등포대여소,2488,2022-06-01,대여소별 이용정보 22.6.csv
노원구,도봉2팀,1616. 하계2동 공항버스정류장 옆,2490,2022-06-01,대여소별 이용정보 22.6.csv
강서구,개화1팀,3757. 신방화역 6번출구,2498,2022-06-01,대여소별 이용정보 22.6.csv
광진구,중랑1팀,501. 광진구의회 앞,2500,2022-06-01,대여소별 이용정보 22.6.csv
영등포구,영남3팀,279. 영등포 푸르지오 아파트,2501,2022-06-01,대여소별 이용정보 22.6.csv
송파구,천호1팀,1208. 풍납현대아파트쉼터,2502,2022-06-01,대여소별 이용정보 22.6.csv
중랑구,중랑3팀,1455. 상봉역 2번 출구,2504,2022-06-01,대여소별 이용정보 22.6.csv
마포구,상암1팀,4220. 신촌 청년주택,2507,2022-06-01,대여소별 이용정보 22.6.csv
종로구,세종로2팀,316. 종각역 1번출구 앞,2513,2022-06-01,대여소별 이용정보 22.6.csv
마포구,상암1팀,153. 성산2교 사거리,2514,2022-06-01,대여소별 이용정보 22.6.csv
영등포구,영남1팀,290. 당산동 SK V1 빌딩,2517,2022-06-01,대여소별 이용정보 22.6.csv
중구,훈련원1팀,4798. 황학동롯데캐슬,2518,2022-06-01,대여소별 이용정보 22.6.csv
영등포구,영남1팀,244. 영등포삼환아파트 앞,2520,2022-06-01,대여소별 이용정보 22.6.csv
영등포구,영남1팀,238. 제2구민체육센타 앞,2522,2022-06-01,대여소별 이용정보 22.6.csv
노원구,도봉1팀,1668. 중계역 6번출구,2525,2022-06-01,대여소별 이용정보 22.6.csv
강서구,개화1팀,1113. 서남환경공원 버스정류장,2525,2022-06-01,대여소별 이용정보 22.6.csv
송파구,천호2팀,1215. 올림픽공원역 1번출구 앞,2526,2022-06-01,대여소별 이용정보 22.6.csv
성동구,중랑2팀,525. 한양대병원사거리,2527,2022-06-01,대여소별 이용정보 22.6.csv
서초구,이수2팀,2222.사당역 12번출구 뒤,2527,2022-06-01,대여소별 이용정보 22.6.csv
용산구,세종로3팀,841. 신용산역 1번 출구,2529,2022-06-01,대여소별 이용정보 22.6.csv
노원구,도봉2팀,2910.도깨비시장,2530,2022-06-01,대여소별 이용정보 22.6.csv
노원구,도봉1팀,4037. 물넘이교,2531,2022-06-01,대여소별 이용정보 22.6.csv
노원구,도봉2팀,5306. 동신아파트 후문 옆,2533,2022-06-01,대여소별 이용정보 22.6.csv
중구,세종로1팀,4768. 서울도시건축전시관,2538,2022-06-01,대여소별 이용정보 22.6.csv
양천구,개화3팀,702. 목4동주민센터 옆,2541,2022-06-01,대여소별 이용정보 22.6.csv
노원구,도봉2팀,1619. 중계동 하나프라자빌딩 앞(중1-1),2544,2022-06-01,대여소별 이용정보 22.6.csv
마포구,상암1팀,493.홍대입구역 6번출구,2547,2022-06-01,대여소별 이용정보 22.6.csv
강서구,개화3팀,1140. 목동사거리 버스정류장,2551,2022-06-01,대여소별 이용정보 22.6.csv
종로구,훈련원1팀,362. 청계8가 사거리,2552,2022-06-01,대여소별 이용정보 22.6.csv
노원구,도봉1팀,1656. 중앙하이츠 아파트 입구,2556,2022-06-01,대여소별 이용정보 22.6.csv
송파구,천호2팀,1278. 송파구청 교차로,2556,2022-06-01,대여소별 이용정보 22.6.csv
은평구,상암3팀,911. 은평평화공원(역촌역4번출구),2559,2022-06-01,대여소별 이용정보 22.6.csv
강동구,천호1팀,1013. 강동구청역 1번 출입구,2563,2022-06-01,대여소별 이용정보 22.6.csv
송파구,학여울2팀,1235. 잠실트리지움310동 옆,2565,2022-06-01,대여소별 이용정보 22.6.csv
동대문구,훈련원3팀,4125. 회기역 2-①번출구,2566,2022-06-01,대여소별 이용정보 22.6.csv
용산구,세종로 4팀,818. 숙명여대 입구 교차로,2569,2022-06-01,대여소별 이용정보 22.6.csv
성동구,중랑2팀,4382. 페코텍글로벌허브빌딩 앞,2570,2022-06-01,대여소별 이용정보 22.6.csv
중랑구,중랑3팀,1442. 중랑구 중소기업 창업센터,2571,2022-06-01,대여소별 이용정보 22.6.csv
송파구,학여울2팀,1221. 삼전역 4번출구,2571,2022-06-01,대여소별 이용정보 22.6.csv
성북구,훈련원2팀,1351. 안암2교 옆,2572,2022-06-01,대여소별 이용정보 22.6.csv
광진구,중랑1팀,539. 군자교교차로,2573,2022-06-01,대여소별 이용정보 22.6.csv
도봉구,도봉3팀,1741. 제일강산수산입구,2585,2022-06-01,대여소별 이용정보 22.6.csv
강동구,천호1팀,3657. 서울천호동우체국,2586,2022-06-01,대여소별 이용정보 22.6.csv
종로구,훈련원1팀,3416.동묘앞역 6번출구,2588,2022-06-01,대여소별 이용정보 22.6.csv
광진구,중랑1팀,542. 강변역 4번출구 뒤,2589,2022-06-01,대여소별 이용정보 22.6.csv
강서구,개화2팀,1128. 화곡역 6번출구,2589,2022-06-01,대여소별 이용정보 22.6.csv
성동구,중랑2팀,561. 서울숲역 2번출구 앞,2600,2022-06-01,대여소별 이용정보 22.6.csv
노원구,도봉2팀,4007. 노원 을지대학교 병원,2605,2022-06-01,대여소별 이용정보 22.6.csv
강서구,개화1팀,2722.마곡 문영비지웍스,2606,2022-06-01,대여소별 이용정보 22.6.csv
강서구,개화3팀,1169. 염창역 1번 출구,2611,2022-06-01,대여소별 이용정보 22.6.csv
도봉구,도봉3팀,1742. 북한산 코오롱 하늘채,2612,2022-06-01,대여소별 이용정보 22.6.csv
강동구,천호1팀,1077.강동역 1번출구 앞,2617,2022-06-01,대여소별 이용정보 22.6.csv
도봉구,도봉3팀,1738. 창동주공17단지 상가앞,2621,2022-06-01,대여소별 이용정보 22.6.csv
양천구,영남1팀,786.목동아파트 8단지 상가동 앞,2622,2022-06-01,대여소별 이용정보 22.6.csv
강동구,천호1팀,1047. 강동 한신휴플러스,2625,2022-06-01,대여소별 이용정보 22.6.csv
서초구,이수3팀,2265. 이수고가차도 남단,2625,2022-06-01,대여소별 이용정보 22.6.csv
송파구,천호1팀,2611. 송파지역자활센터 뒤,2631,2022-06-01,대여소별 이용정보 22.6.csv
광진구,중랑1팀,543. 구의공원(테크노마트 앞),2633,2022-06-01,대여소별 이용정보 22.6.csv
강서구,개화2팀,3796. 송정역 3번출구 앞,2637,2022-06-01,대여소별 이용정보 22.6.csv
강서구,개화1팀,2706.강서공업고등학교 앞,2638,2022-06-01,대여소별 이용정보 22.6.csv
노원구,도봉1팀,1688. 마들역 7번출구,2643,2022-06-01,대여소별 이용정보 22.6.csv
영등포구,영남3팀,4559. 신길역 2번출구,2643,2022-06-01,대여소별 이용정보 22.6.csv
마포구,상암1팀,130. 신촌역(2호선) 7번출구 앞,2643,2022-06-01,대여소별 이용정보 22.6.csv
구로구,천왕1팀,1988. 고척LIGA아파트 앞,2644,2022-06-01,대여소별 이용정보 22.6.csv
마포구,상암1팀,497.합정동주민센터 앞,2646,2022-06-01,대여소별 이용정보 22.6.csv
노원구,도봉2팀,2912.대진고등학교,2646,2022-06-01,대여소별 이용정보 22.6.csv
양천구,개화3팀,4527. 목동신시가지아파트6단지,2653,2022-06-01,대여소별 이용정보 22.6.csv
노원구,도봉2팀,2915.서울과학기술대학교(어학교육원),2657,2022-06-01,대여소별 이용정보 22.6.csv
강남구,이수1팀,2340. 삼호물산버스정류장(23370) 옆,2657,2022-06-01,대여소별 이용정보 22.6.csv
서초구,이수1팀,2255.시민의숲역 1번출구 옆,2661,2022-06-01,대여소별 이용정보 22.6.csv
용산구,세종로3팀,829. 베르가모앞,2662,2022-06-01,대여소별 이용정보 22.6.csv
영등포구,영남3팀,224. 롯데캐슬 앞,2662,2022-06-01,대여소별 이용정보 22.6.csv
노원구,도봉1팀,5301. 상계주공1단지 버스정류장 옆(대원빌딩 앞),2663,2022-06-01,대여소별 이용정보 22.6.csv
마포구,상암1팀,148. 용강동 주민센터 앞,2666,2022-06-01,대여소별 이용정보 22.6.csv
강동구,천호1팀,1035. 고덕역 4번출구,2676,2022-06-01,대여소별 이용정보 22.6.csv
양천구,개화3팀,793.목동5단지아파트 534동,2684,2022-06-01,대여소별 이용정보 22.6.csv
성동구,중랑2팀,4353. 코오롱디지털타워 3차앞,2689,2022-06-01,대여소별 이용정보 22.6.csv
강서구,개화3팀,1132. 등촌역 7번출구,2692,2022-06-01,대여소별 이용정보 22.6.csv
양천구,개화3팀,719. 홍익병원앞 교차로,2693,2022-06-01,대여소별 이용정보 22.6.csv
서대문구,상암2팀,133. 해담는다리,2695,2022-06-01,대여소별 이용정보 22.6.csv
강동구,천호1팀,3671. 둔촌동역교차로,2701,2022-06-01,대여소별 이용정보 22.6.csv
영등포구,영남3팀,249. 여의도중학교 옆,2703,2022-06-01,대여소별 이용정보 22.6.csv
구로구,천왕1팀,1977. 천왕역 1번 출입구 앞,2703,2022-06-01,대여소별 이용정보 22.6.csv
송파구,학여울2팀,4483. 잠실나들목4,2712,2022-06-01,대여소별 이용정보 22.6.csv
서대문구,상암2팀,123. 문화촌 공원,2715,2022-06-01,대여소별 이용정보 22.6.csv
송파구,천호2팀,2630.서울방이동 고분군,2717,2022-06-01,대여소별 이용정보 22.6.csv
관악구,영남2팀,2140. 신림1교 교차로,2719,2022-06-01,대여소별 이용정보 22.6.csv
강서구,개화1팀,2729.넥센 유니버시티 앞,2720,2022-06-01,대여소별 이용정보 22.6.csv
송파구,학여울2팀,4897. 잠실주공5단지1,2720,2022-06-01,대여소별 이용정보 22.6.csv
마포구,상암1팀,487.신석초교앞 교차로 교통섬,2721,2022-06-01,대여소별 이용정보 22.6.csv
강북구,도봉4팀,1512. 강북중학교 앞,2722,2022-06-01,대여소별 이용정보 22.6.csv
영등포구,영남3팀,4568. 영등포로터리,2722,2022-06-01,대여소별 이용정보 22.6.csv
노원구,도봉2팀,1655. 공릉1단지아파트,2723,2022-06-01,대여소별 이용정보 22.6.csv
강서구,개화2팀,2718.마곡수명산파크1단지,2724,2022-06-01,대여소별 이용정보 22.6.csv
마포구,상암1팀,4213. 마포구중앙도서관 정문 앞,2725,2022-06-01,대여소별 이용정보 22.6.csv
강서구,개화3팀,1120. 대림경동아파트앞,2725,2022-06-01,대여소별 이용정보 22.6.csv
송파구,학여울2팀,2619. 석촌고분역 4번출구,2727,2022-06-01,대여소별 이용정보 22.6.csv
금천구,천왕3팀,3966. 독산역1번출구 옆,2729,2022-06-01,대여소별 이용정보 22.6.csv
양천구,개화4팀,794.양천문화회관,2732,2022-06-01,대여소별 이용정보 22.6.csv
종로구,훈련원1팀,3421.혜화역 1번출구,2742,2022-06-01,대여소별 이용정보 22.6.csv
용산구,세종로3팀,837. 한남나들목 입구,2743,2022-06-01,대여소별 이용정보 22.6.csv
성동구,중랑2팀,514. 성수사거리 버스정류장 앞,2744,2022-06-01,대여소별 이용정보 22.6.csv
양천구,개화3팀,747. 목동3단지 상가,2747,2022-06-01,대여소별 이용정보 22.6.csv
은평구,상암2팀,956. 응암시장교차로,2748,2022-06-01,대여소별 이용정보 22.6.csv
성동구,중랑2팀,560. 비전교회 앞,2750,2022-06-01,대여소별 이용정보 22.6.csv
영등포구,영남1팀,284. 센트럴 푸르지오 시티 앞,2751,2022-06-01,대여소별 이용정보 22.6.csv
구로구,천왕2팀,2801. 대륭포스트타워1차,2756,2022-06-01,대여소별 이용정보 22.6.csv
강서구,개화2팀,5070. 마곡13단지힐스테이트마스터 후문(1320동 앞),2766,2022-06-01,대여소별 이용정보 22.6.csv
성동구,중랑2팀,529. 장한평역 8번 출구 앞,2772,2022-06-01,대여소별 이용정보 22.6.csv
송파구,학여울2팀,4453. 위례중앙푸르지오 201동 앞,2777,2022-06-01,대여소별 이용정보 22.6.csv
강서구,개화1팀,5064. 양천향교역8번출구,2777,2022-06-01,대여소별 이용정보 22.6.csv
성동구,중랑2팀,3513. 상왕십리역 1번출구,2782,2022-06-01,대여소별 이용정보 22.6.csv
성동구,중랑2팀,587. 유니베라 앞,2786,2022-06-01,대여소별 이용정보 22.6.csv
서초구,이수3팀,2217.아크로리버뷰 부지 앞,2788,2022-06-01,대여소별 이용정보 22.6.csv
영등포구,영남1팀,296.KT플라자 영등포점,2791,2022-06-01,대여소별 이용정보 22.6.csv
노원구,도봉1팀,1686. 상계주공10단지 종합상가 앞,2793,2022-06-01,대여소별 이용정보 22.6.csv
송파구,천호2팀,2628.문정역 1번출구,2794,2022-06-01,대여소별 이용정보 22.6.csv
광진구,중랑1팀,588. 뚝섬 유원지역,2803,2022-06-01,대여소별 이용정보 22.6.csv
동작구,영남2팀,2059. 보라매공원 정문,2809,2022-06-01,대여소별 이용정보 22.6.csv
마포구,상암1팀,409. 누리꿈스퀘어 옆,2819,2022-06-01,대여소별 이용정보 22.6.csv
광진구,중랑1팀,3582.화양동 우체국,2819,2022-06-01,대여소별 이용정보 22.6.csv
은평구,상암2팀,912. 응암오거리,2821,2022-06-01,대여소별 이용정보 22.6.csv
동작구,영남2팀,2080. 대방지하보도(대방동경남아너스빌아파트),2822,2022-06-01,대여소별 이용정보 22.6.csv
동대문구,훈련원3팀,612. 시립동부병원 앞 사거리,2825,2022-06-01,대여소별 이용정보 22.6.csv
영등포구,영남3팀,206. KBS 앞,2825,2022-06-01,대여소별 이용정보 22.6.csv
광진구,중랑1팀,3520. 광진경찰서,2827,2022-06-01,대여소별 이용정보 22.6.csv
영등포구,영남3팀,219. 롯데캐슬엠파이어 옆,2827,2022-06-01,대여소별 이용정보 22.6.csv
광진구,중랑1팀,3536. 중앙농협(자양동),2832,2022-06-01,대여소별 이용정보 22.6.csv
영등포구,영남3팀,5854. 신한금융투자 앞,2838,2022-06-01,대여소별 이용정보 22.6.csv
종로구,세종로1팀,303. 광화문역 1번출구 앞,2842,2022-06-01,대여소별 이용정보 22.6.csv
강서구,개화1팀,1111. 마곡엠밸리6_7단지 마곡중학교,2842,2022-06-01,대여소별 이용정보 22.6.csv
관악구,영남2팀,2164. 관악우체국,2848,2022-06-01,대여소별 이용정보 22.6.csv
송파구,천호2팀,1297. 석촌호수교차로(동호 팔각정 앞),2854,2022-06-01,대여소별 이용정보 22.6.csv
양천구,영남1팀,780.신정교 하부,2856,2022-06-01,대여소별 이용정보 22.6.csv
강동구,천호1팀,1023. 한국종합기술사옥 앞,2863,2022-06-01,대여소별 이용정보 22.6.csv
강서구,개화2팀,1126. 우장산역 1번출구옆(우장산아이파크105동앞),2868,2022-06-01,대여소별 이용정보 22.6.csv
성북구,훈련원2팀,1337. 돈암성당 옆,2871,2022-06-01,대여소별 이용정보 22.6.csv
성동구,중랑2팀,559. 왕십리역 4번 출구 건너편,2872,2022-06-01,대여소별 이용정보 22.6.csv
강서구,개화2팀,5061. 우장산동 가곡어린이공원앞,2872,2022-06-01,대여소별 이용정보 22.6.csv
중구,세종로 4팀,370. 시청역(2호선) 9번출구 뒤,2875,2022-06-01,대여소별 이용정보 22.6.csv
양천구,천왕1팀,788.양천구청역 2번출구 옆,2881,2022-06-01,대여소별 이용정보 22.6.csv
마포구,상암1팀,183. 하늘채코오롱아파트 건너편,2881,2022-06-01,대여소별 이용정보 22.6.csv
강서구,개화2팀,1192. 마곡수명산파크 209동 건너편,2887,2022-06-01,대여소별 이용정보 22.6.csv
강서구,개화1팀,1150. 송정역 1번출구,2888,2022-06-01,대여소별 이용정보 22.6.csv
양천구,영남1팀,731. 서울시 도로환경관리센터,2890,2022-06-01,대여소별 이용정보 22.6.csv
송파구,천호2팀,1203. 밀리아나2빌딩 앞,2891,2022-06-01,대여소별 이용정보 22.6.csv
마포구,상암1팀,439. 마포어린이공원,2894,2022-06-01,대여소별 이용정보 22.6.csv
종로구,세종로1팀,302. 경복궁역 4번출구 뒤,2903,2022-06-01,대여소별 이용정보 22.6.csv
은평구,상암3팀,905. 구파발역 2번출구,2911,2022-06-01,대여소별 이용정보 22.6.csv
구로구,천왕2팀,1904. 도림천역 1번 출구 앞,2914,2022-06-01,대여소별 이용정보 22.6.csv
광진구,중랑1팀,576. 광나루역 3번 출구,2917,2022-06-01,대여소별 이용정보 22.6.csv
마포구,상암1팀,421. 마포구청 앞,2917,2022-06-01,대여소별 이용정보 22.6.csv
종로구,훈련원1팀,3410.종로3가역 8번출구,2922,2022-06-01,대여소별 이용정보 22.6.csv
영등포구,영남3팀,226. 샛강역 1번출구 앞,2925,2022-06-01,대여소별 이용정보 22.6.csv
송파구,학여울2팀,2635.잠실새내역 1번출구,2930,2022-06-01,대여소별 이용정보 22.6.csv
강서구,개화1팀,1155. 기쁜우리복지관,2933,2022-06-01,대여소별 이용정보 22.6.csv
서대문구,상암2팀,176. 명지대학교 도서관,2934,2022-06-01,대여소별 이용정보 22.6.csv
송파구,학여울2팀,1220. 잠실근린공원,2938,2022-06-01,대여소별 이용정보 22.6.csv
송파구,학여울2팀,1243. 문정 법조단지7,2938,2022-06-01,대여소별 이용정보 22.6.csv
영등포구,영남1팀,232. 양평우림 이비즈센타 앞,2938,2022-06-01,대여소별 이용정보 22.6.csv
영등포구,영남3팀,3219.영등포역 1번출구,2939,2022-06-01,대여소별 이용정보 22.6.csv
강동구,천호1팀,3664. 맥도날드 서울둔촌DT점 앞,2941,2022-06-01,대여소별 이용정보 22.6.csv
동대문구,훈련원4팀,643. 동대문구민체육센터 (육교아래),2943,2022-06-01,대여소별 이용정보 22.6.csv
영등포구,영남1팀,280. 양평동6차현대아파트 앞,2943,2022-06-01,대여소별 이용정보 22.6.csv
중랑구,중랑3팀,1458. 상봉터미널2,2949,2022-06-01,대여소별 이용정보 22.6.csv
송파구,천호2팀,1268. 몽촌토성역 1번출구 옆,2952,2022-06-01,대여소별 이용정보 22.6.csv
노원구,도봉2팀,1643. 태릉입구역 8번출구,2952,2022-06-01,대여소별 이용정보 22.6.csv
광진구,중랑1팀,500. 어린이대공원역 3번출구 앞,2958,2022-06-01,대여소별 이용정보 22.6.csv
영등포구,영남3팀,4564. 63스퀘어,2964,2022-06-01,대여소별 이용정보 22.6.csv
강서구,개화2팀,1131. 꿈돌이공원 앞,2964,2022-06-01,대여소별 이용정보 22.6.csv
광진구,중랑1팀,3579.광진 캠퍼스시티,2973,2022-06-01,대여소별 이용정보 22.6.csv
강남구,이수3팀,2301. 현대고등학교 건너편,2973,2022-06-01,대여소별 이용정보 22.6.csv
은평구,상암2팀,913. 이마트 버스정류장(서부경찰서 방면),2993,2022-06-01,대여소별 이용정보 22.6.csv
강북구,도봉4팀,1531. 미아사거리 1번 출구,2996,2022-06-01,대여소별 이용정보 22.6.csv
송파구,천호2팀,1262. 송파여성문화회관 앞,3004,2022-06-01,대여소별 이용정보 22.6.csv
송파구,천호2팀,1201. 가락시장역 3번 출구,3007,2022-06-01,대여소별 이용정보 22.6.csv
중랑구,중랑3팀,1449. 상봉역 1번출구,3014,2022-06-01,대여소별 이용정보 22.6.csv
강서구,개화1팀,1151. 마곡역1번출구,3019,2022-06-01,대여소별 이용정보 22.6.csv
중랑구,중랑3팀,1438. 홈플러스 신내점 앞,3020,2022-06-01,대여소별 이용정보 22.6.csv
영등포구,영남1팀,4553. 당산삼성2차아파트,3021,2022-06-01,대여소별 이용정보 22.6.csv
영등포구,영남3팀,222. 시범아파트버스정류장 옆,3022,2022-06-01,대여소별 이용정보 22.6.csv
동대문구,훈련원3팀,613. 신설동역 10번출구 앞,3026,2022-06-01,대여소별 이용정보 22.6.csv
강서구,개화1팀,3788. 정곡나들목,3029,2022-06-01,대여소별 이용정보 22.6.csv
강동구,천호1팀,1048. 둔촌어린이공원,3036,2022-06-01,대여소별 이용정보 22.6.csv
양천구,천왕1팀,4535. 목동12단지 아파트,3054,2022-06-01,대여소별 이용정보 22.6.csv
양천구,영남1팀,4514. 목동성당 앞,3059,2022-06-01,대여소별 이용정보 22.6.csv
영등포구,영남3팀,4592. 신길우성4차아파트,3061,2022-06-01,대여소별 이용정보 22.6.csv
노원구,도봉2팀,1617. 하계동 중평어린이공원 앞,3061,2022-06-01,대여소별 이용정보 22.6.csv
성북구,훈련원2팀,1321. 국민은행 종암동지점 앞,3069,2022-06-01,대여소별 이용정보 22.6.csv
강서구,개화2팀,1127. 화곡역 버스정류장,3070,2022-06-01,대여소별 이용정보 22.6.csv
성동구,중랑2팀,512. 뚝섬역 1번 출구 옆,3086,2022-06-01,대여소별 이용정보 22.6.csv
영등포구,영남1팀,287. 영등포전화국사거리 (서강어린이공원),3090,2022-06-01,대여소별 이용정보 22.6.csv
성북구,훈련원2팀,1363. 보문4교 인근,3097,2022-06-01,대여소별 이용정보 22.6.csv
양천구,영남1팀,771.목동아파트 703동 앞,3101,2022-06-01,대여소별 이용정보 22.6.csv
송파구,학여울2팀,4868. 석촌호수 서호 남단,3103,2022-06-01,대여소별 이용정보 22.6.csv
송파구,학여울2팀,2615. 테라타워2,3103,2022-06-01,대여소별 이용정보 22.6.csv
동대문구,훈련원3팀,680.꿈마루어린이도서관 앞,3104,2022-06-01,대여소별 이용정보 22.6.csv
송파구,학여울2팀,1231. 잠실역 6번출구,3107,2022-06-01,대여소별 이용정보 22.6.csv
종로구,훈련원1팀,342. 대학로 마로니에공원,3111,2022-06-01,대여소별 이용정보 22.6.csv
강서구,개화2팀,1199. 우장산역 3번출구,3116,2022-06-01,대여소별 이용정보 22.6.csv
양천구,개화4팀,795.양천 해누리타운,3126,2022-06-01,대여소별 이용정보 22.6.csv
강서구,개화3팀,1135. 강서구의회,3128,2022-06-01,대여소별 이용정보 22.6.csv
영등포구,영남1팀,229. 양평1 보행육교 앞,3129,2022-06-01,대여소별 이용정보 22.6.csv
노원구,도봉1팀,1636. 상계주공2단지 버스정류장 옆,3142,2022-06-01,대여소별 이용정보 22.6.csv
동작구,영남2팀,2015. 신대방삼거리역 6번출구쪽,3142,2022-06-01,대여소별 이용정보 22.6.csv
강서구,개화1팀,2727.서울식물원 잔디마당 앞,3145,2022-06-01,대여소별 이용정보 22.6.csv
강서구,개화2팀,1129. 화곡역 1번 출구 앞,3146,2022-06-01,대여소별 이용정보 22.6.csv
서초구,이수3팀,2264. 이수역 1번출구,3148,2022-06-01,대여소별 이용정보 22.6.csv
관악구,영남2팀,2176. 보라매공원 보도육교,3155,2022-06-01,대여소별 이용정보 22.6.csv
광진구,중랑1팀,548. 자양나들목,3157,2022-06-01,대여소별 이용정보 22.6.csv
강북구,도봉4팀,1503. 이디야 커피 수유역점 앞,3161,2022-06-01,대여소별 이용정보 22.6.csv
양천구,영남1팀,723. SBS방송국,3164,2022-06-01,대여소별 이용정보 22.6.csv
구로구,천왕2팀,1996. 구일역 1번 출입구 앞,3176,2022-06-01,대여소별 이용정보 22.6.csv
영등포구,영남3팀,217. NH농협은행 앞,3178,2022-06-01,대여소별 이용정보 22.6.csv
구로구,천왕2팀,1946. 구로역 광장,3180,2022-06-01,대여소별 이용정보 22.6.csv
성북구,훈련원2팀,1328. 월곡역 3번출구,3189,2022-06-01,대여소별 이용정보 22.6.csv
영등포구,영남3팀,209. 유진투자증권빌딩 앞,3192,2022-06-01,대여소별 이용정보 22.6.csv
강서구,개화2팀,"5074. 마곡엠밸리14단지 버스정류장(마곡엠밸리11,12단지상가방면)",3192,2022-06-01,대여소별 이용정보 22.6.csv
광진구,중랑1팀,584. 광진광장 교통섬,3195,2022-06-01,대여소별 이용정보 22.6.csv
강서구,개화1팀,3784. 벽산아파트,3199,2022-06-01,대여소별 이용정보 22.6.csv
양천구,개화3팀,4531. 목동아파트 613동 앞,3214,2022-06-01,대여소별 이용정보 22.6.csv
광진구,중랑1팀,3504. 원일교회,3215,2022-06-01,대여소별 이용정보 22.6.csv
영등포구,영남1팀,227. 양평2나들목 보행통로 입구,3217,2022-06-01,대여소별 이용정보 22.6.csv
강동구,천호1팀,1002. 해공공원(천호동),3230,2022-06-01,대여소별 이용정보 22.6.csv
송파구,천호2팀,4452. 삼성SDS,3233,2022-06-01,대여소별 이용정보 22.6.csv
송파구,학여울2팀,2601. 석촌호수 아뜰리에,3238,2022-06-01,대여소별 이용정보 22.6.csv
서대문구,상암2팀,194. 증산교 앞,3242,2022-06-01,대여소별 이용정보 22.6.csv
종로구,훈련원1팀,393. 동대문역 8번 출구,3242,2022-06-01,대여소별 이용정보 22.6.csv
송파구,학여울2팀,2637. 아시아지하보도 14번 출구,3244,2022-06-01,대여소별 이용정보 22.6.csv
동대문구,훈련원3팀,633. 청량리 기업은행 앞,3266,2022-06-01,대여소별 이용정보 22.6.csv
강서구,개화1팀,1162. 공항초등학교건너편,3269,2022-06-01,대여소별 이용정보 22.6.csv
노원구,도봉2팀,1663. 동해문화예술관앞,3288,2022-06-01,대여소별 이용정보 22.6.csv
노원구,도봉1팀,1692. 온곡초교 교차로,3288,2022-06-01,대여소별 이용정보 22.6.csv
중랑구,중랑3팀,1452. 겸재교 진입부,3290,2022-06-01,대여소별 이용정보 22.6.csv
도봉구,도봉3팀,4076. 진영상운 앞 중랑천 변,3291,2022-06-01,대여소별 이용정보 22.6.csv
광진구,중랑1팀,540. 군자역 7번출구 베스트샵 앞,3292,2022-06-01,대여소별 이용정보 22.6.csv
송파구,학여울2팀,1244. 문정 법조단지8,3298,2022-06-01,대여소별 이용정보 22.6.csv
영등포구,영남1팀,236. 문래동자이아파트 앞,3322,2022-06-01,대여소별 이용정보 22.6.csv
양천구,개화4팀,4515. 동문굿모닝탑,3323,2022-06-01,대여소별 이용정보 22.6.csv
강서구,개화2팀,1180. 마곡엠밸리 15단지(1502동) 건너편,3326,2022-06-01,대여소별 이용정보 22.6.csv
성동구,중랑2팀,3515. 서울숲 관리사무소,3328,2022-06-01,대여소별 이용정보 22.6.csv
영등포구,영남3팀,278. 쌍용플레티넘오피스텔,3331,2022-06-01,대여소별 이용정보 22.6.csv
강동구,천호1팀,1084. 윤선생빌딩(JYP사옥),3332,2022-06-01,대여소별 이용정보 22.6.csv
송파구,학여울2팀,2613. 잠실나들목,3334,2022-06-01,대여소별 이용정보 22.6.csv
노원구,도봉2팀,2921.중계역 2번출구,3336,2022-06-01,대여소별 이용정보 22.6.csv
노원구,도봉1팀,1662. 노원역7번출구,3342,2022-06-01,대여소별 이용정보 22.6.csv
강서구,개화1팀,1163. 방화동강서기동대앞,3348,2022-06-01,대여소별 이용정보 22.6.csv
마포구,상암1팀,114. 홍대입구역 8번출구 앞,3349,2022-06-01,대여소별 이용정보 22.6.csv
영등포구,영남3팀,213. KT앞,3363,2022-06-01,대여소별 이용정보 22.6.csv
중랑구,중랑3팀,1447. 면목역 3번출구,3373,2022-06-01,대여소별 이용정보 22.6.csv
송파구,학여울2팀,2632.석촌고분역 2번 출구,3377,2022-06-01,대여소별 이용정보 22.6.csv
영등포구,영남1팀,291. 문래동 하이테크 시티,3380,2022-06-01,대여소별 이용정보 22.6.csv
구로구,천왕2팀,1986. 태평양물산빌딩,3385,2022-06-01,대여소별 이용정보 22.6.csv
은평구,상암2팀,914. 새절역 2번출구,3386,2022-06-01,대여소별 이용정보 22.6.csv
강동구,천호1팀,1011. LIGA 아파트 앞,3392,2022-06-01,대여소별 이용정보 22.6.csv
광진구,중랑1팀,3881. 신자초교입구 교차로,3394,2022-06-01,대여소별 이용정보 22.6.csv
동작구,이수2팀,2025. 흑석역 1번출구,3395,2022-06-01,대여소별 이용정보 22.6.csv
동작구,영남2팀,2058. 동작경찰서,3407,2022-06-01,대여소별 이용정보 22.6.csv
중랑구,중랑3팀,1451. 중랑세무서,3410,2022-06-01,대여소별 이용정보 22.6.csv
광진구,중랑1팀,574. 아차산역4번출구,3414,2022-06-01,대여소별 이용정보 22.6.csv
동대문구,훈련원3팀,614. 용두동 사거리,3416,2022-06-01,대여소별 이용정보 22.6.csv
광진구,중랑1팀,505. 자양사거리 광진아크로텔 앞,3422,2022-06-01,대여소별 이용정보 22.6.csv
광진구,중랑1팀,3542. 래미안 구의파크 스위트,3424,2022-06-01,대여소별 이용정보 22.6.csv
강동구,천호1팀,1010. 강동세무서,3441,2022-06-01,대여소별 이용정보 22.6.csv
광진구,중랑1팀,592. 건국대학교 학생회관,3441,2022-06-01,대여소별 이용정보 22.6.csv
성동구,중랑2팀,568. 청계8가사거리 부근,3446,2022-06-01,대여소별 이용정보 22.6.csv
송파구,천호2팀,4481. 올림픽공원 북2문 2,3449,2022-06-01,대여소별 이용정보 22.6.csv
서대문구,상암2팀,131. 증산2교,3452,2022-06-01,대여소별 이용정보 22.6.csv
노원구,도봉2팀,1611. 과기대 입구(우),3456,2022-06-01,대여소별 이용정보 22.6.csv
강서구,개화3팀,3769. 증미역 2번출구,3460,2022-06-01,대여소별 이용정보 22.6.csv
송파구,천호2팀,1248. 방이초등학교,3462,2022-06-01,대여소별 이용정보 22.6.csv
금천구,천왕3팀,1851. 가산디지털단지 7번출구,3477,2022-06-01,대여소별 이용정보 22.6.csv
송파구,학여울2팀,2647.잠실 자전거 수리센터 앞,3481,2022-06-01,대여소별 이용정보 22.6.csv
영등포구,영남1팀,3202.당산롯데캐슬프레스티지,3500,2022-06-01,대여소별 이용정보 22.6.csv
강서구,개화3팀,3789. 염창나들목,3507,2022-06-01,대여소별 이용정보 22.6.csv
강서구,개화1팀,2730.마곡메가박스 앞,3508,2022-06-01,대여소별 이용정보 22.6.csv
양천구,천왕1팀,729. 서부식자재마트 건너편,3508,2022-06-01,대여소별 이용정보 22.6.csv
마포구,상암1팀,154. 마포구청역,3508,2022-06-01,대여소별 이용정보 22.6.csv
송파구,학여울2팀,1232. 잠실주공 521동 건너편,3521,2022-06-01,대여소별 이용정보 22.6.csv
영등포구,영남1팀,268. 그랜드컨벤션센터 앞,3537,2022-06-01,대여소별 이용정보 22.6.csv
동대문구,훈련원4팀,648. 장안동위더스빌옆,3547,2022-06-01,대여소별 이용정보 22.6.csv
동대문구,훈련원3팀,670.삼육서울병원 버스정류장,3550,2022-06-01,대여소별 이용정보 22.6.csv
강남구,학여울2팀,2377. 수서역 5번출구,3551,2022-06-01,대여소별 이용정보 22.6.csv
강동구,천호1팀,3668. 성내삼성아파트,3561,2022-06-01,대여소별 이용정보 22.6.csv
노원구,도봉2팀,1610. 화랑대역 2번출구 앞,3562,2022-06-01,대여소별 이용정보 22.6.csv
관악구,영남2팀,2107. 도림천 신화교,3563,2022-06-01,대여소별 이용정보 22.6.csv
동대문구,훈련원4팀,4122. 청계9가교차로 앞,3565,2022-06-01,대여소별 이용정보 22.6.csv
강동구,천호1팀,1078.둔촌사거리,3569,2022-06-01,대여소별 이용정보 22.6.csv
성동구,중랑2팀,583. 청계천 생태교실 앞,3573,2022-06-01,대여소별 이용정보 22.6.csv
마포구,상암1팀,186. 월드컵공원,3576,2022-06-01,대여소별 이용정보 22.6.csv
중랑구,중랑3팀,1414. 사가정역 2번출구,3578,2022-06-01,대여소별 이용정보 22.6.csv
종로구,세종로1팀,458. 광화문역 5번출구,3579,2022-06-01,대여소별 이용정보 22.6.csv
동대문구,훈련원3팀,659. 제기역1번출구,3579,2022-06-01,대여소별 이용정보 22.6.csv
영등포구,영남1팀,245. 삼성생명 당산사옥 앞,3582,2022-06-01,대여소별 이용정보 22.6.csv
강서구,개화1팀,2723.마곡 필네이처,3585,2022-06-01,대여소별 이용정보 22.6.csv
강서구,개화1팀,3772. 길성그랑프리텔아파트,3586,2022-06-01,대여소별 이용정보 22.6.csv
마포구,상암1팀,419. 홈플러스 앞,3592,2022-06-01,대여소별 이용정보 22.6.csv
마포구,상암1팀,418. 월드컵경기장역 3번출구 옆,3597,2022-06-01,대여소별 이용정보 22.6.csv
광진구,중랑1팀,3500. 군자역2번출구,3603,2022-06-01,대여소별 이용정보 22.6.csv
도봉구,도봉3팀,4065. 창동역 1번출구 앞,3610,2022-06-01,대여소별 이용정보 22.6.csv
영등포구,영남1팀,275. 신동아아파트,3616,2022-06-01,대여소별 이용정보 22.6.csv
양천구,개화4팀,779. 신정1동 주민센터 앞,3617,2022-06-01,대여소별 이용정보 22.6.csv
송파구,학여울2팀,2606. 위례동주민센터 맞은편 근린공원,3627,2022-06-01,대여소별 이용정보 22.6.csv
마포구,상암1팀,498.연남동주민센터 앞,3628,2022-06-01,대여소별 이용정보 22.6.csv
마포구,상암1팀,415. DMC역 9번출구 앞,3630,2022-06-01,대여소별 이용정보 22.6.csv
양천구,영남1팀,781.신정보도육교 아래,3640,2022-06-01,대여소별 이용정보 22.6.csv
강동구,천호1팀,1024. 강동구청 앞,3640,2022-06-01,대여소별 이용정보 22.6.csv
마포구,상암1팀,146. 마포역 2번출구 뒤,3646,2022-06-01,대여소별 이용정보 22.6.csv
강동구,천호1팀,1029. 성내어울터,3652,2022-06-01,대여소별 이용정보 22.6.csv
영등포구,영남1팀,243. 이앤씨드림타워 앞,3656,2022-06-01,대여소별 이용정보 22.6.csv
양천구,영남1팀,4508. 유원목동아파트 103동 앞,3660,2022-06-01,대여소별 이용정보 22.6.csv
강서구,개화1팀,1102. 방화사거리 마을버스 버스정류장,3662,2022-06-01,대여소별 이용정보 22.6.csv
노원구,도봉2팀,1608. 공릉역 1번 출구 앞,3665,2022-06-01,대여소별 이용정보 22.6.csv
광진구,중랑1팀,549. 아차산역 3번출구,3667,2022-06-01,대여소별 이용정보 22.6.csv
마포구,상암1팀,184. 7번가피자 서교망원점,3674,2022-06-01,대여소별 이용정보 22.6.csv
송파구,천호2팀,4864. 송파사거리,3675,2022-06-01,대여소별 이용정보 22.6.csv
강동구,천호1팀,3680. 강동역3번출구,3676,2022-06-01,대여소별 이용정보 22.6.csv
구로구,천왕2팀,1914. 대림역4번출구,3682,2022-06-01,대여소별 이용정보 22.6.csv
성북구,훈련원2팀,1355. 보문2교,3690,2022-06-01,대여소별 이용정보 22.6.csv
노원구,도봉2팀,4027. 한내 행복발전소 옆,3697,2022-06-01,대여소별 이용정보 22.6.csv
강서구,개화3팀,1118. 증미역 3번출구뒤(등촌두산위브센티움오피스텔),3700,2022-06-01,대여소별 이용정보 22.6.csv
마포구,상암1팀,4233. 코오롱아파트사거리,3708,2022-06-01,대여소별 이용정보 22.6.csv
강서구,개화3팀,1122. 황금내근린공원,3712,2022-06-01,대여소별 이용정보 22.6.csv
송파구,학여울2팀,2641.송파역 4번출구,3715,2022-06-01,대여소별 이용정보 22.6.csv
강서구,개화1팀,1103. 방화역 4번출구앞,3717,2022-06-01,대여소별 이용정보 22.6.csv
강서구,개화2팀,1182. KBS 스포츠월드,3727,2022-06-01,대여소별 이용정보 22.6.csv
성동구,중랑2팀,3514. 왕십리교회옆,3755,2022-06-01,대여소별 이용정보 22.6.csv
송파구,천호2팀,1209. 잠실나루역 (2번 출구 쪽),3757,2022-06-01,대여소별 이용정보 22.6.csv
송파구,학여울2팀,2623.석촌동 주민센터,3784,2022-06-01,대여소별 이용정보 22.6.csv
마포구,상암1팀,144. 공덕역 8번출구,3786,2022-06-01,대여소별 이용정보 22.6.csv
동대문구,훈련원4팀,668.서울축산농협(장안지점),3791,2022-06-01,대여소별 이용정보 22.6.csv
양천구,개화3팀,744. 신목동역 2번 출구,3803,2022-06-01,대여소별 이용정보 22.6.csv
송파구,천호2팀,4865. 한성백제역 1번출구 뒤,3808,2022-06-01,대여소별 이용정보 22.6.csv
양천구,영남1팀,791.현대하이페리온,3810,2022-06-01,대여소별 이용정보 22.6.csv
양천구,개화3팀,755. 목동1단지아파트 상가 앞,3844,2022-06-01,대여소별 이용정보 22.6.csv
강북구,도봉4팀,1569.수유역2번출구,3845,2022-06-01,대여소별 이용정보 22.6.csv
마포구,상암1팀,103. 망원역 2번출구 앞,3861,2022-06-01,대여소별 이용정보 22.6.csv
광진구,중랑1팀,551. 구의삼성쉐르빌 앞,3875,2022-06-01,대여소별 이용정보 22.6.csv
양천구,개화3팀,735. 영도초등학교,3883,2022-06-01,대여소별 이용정보 22.6.csv
양천구,개화4팀,704. 남부법원검찰청 교차로,3891,2022-06-01,대여소별 이용정보 22.6.csv
용산구,세종로3팀,825. 서빙고동 주민센터 앞,3892,2022-06-01,대여소별 이용정보 22.6.csv
동작구,영남2팀,2050. 노량진역 5번출구,3898,2022-06-01,대여소별 이용정보 22.6.csv
송파구,천호2팀,1251. 석촌역 2번출구,3899,2022-06-01,대여소별 이용정보 22.6.csv
노원구,도봉2팀,1650. 중계근린공원내,3916,2022-06-01,대여소별 이용정보 22.6.csv
강서구,개화1팀,1197. 엠펠리체 호텔 건너편,3917,2022-06-01,대여소별 이용정보 22.6.csv
성동구,중랑2팀,3559.성동구민종합체육센터 앞,3929,2022-06-01,대여소별 이용정보 22.6.csv
영등포구,영남1팀,4561. 양평역 1번출구,3937,2022-06-01,대여소별 이용정보 22.6.csv
은평구,상암3팀,906. 연신내역 5번출구,3949,2022-06-01,대여소별 이용정보 22.6.csv
강서구,개화1팀,2719.마곡문화공원,3965,2022-06-01,대여소별 이용정보 22.6.csv
광진구,중랑1팀,3501. 광진구청 앞,3972,2022-06-01,대여소별 이용정보 22.6.csv
송파구,학여울2팀,2646.레이크펠리스101동앞,3976,2022-06-01,대여소별 이용정보 22.6.csv
광진구,중랑1팀,3509. 세종사이버대학교,3988,2022-06-01,대여소별 이용정보 22.6.csv
노원구,도봉2팀,4046. 경춘선 숲길,3999,2022-06-01,대여소별 이용정보 22.6.csv
송파구,천호2팀,2621. 한성백제역 2번 출구,4005,2022-06-01,대여소별 이용정보 22.6.csv
구로구,천왕2팀,1961. 신도림테크노근린공원,4005,2022-06-01,대여소별 이용정보 22.6.csv
관악구,영남2팀,2109. 은천로입구 가로공원,4020,2022-06-01,대여소별 이용정보 22.6.csv
마포구,상암1팀,147. 마포역 4번출구 뒤,4020,2022-06-01,대여소별 이용정보 22.6.csv
영등포구,영남3팀,276. 영등포로터리2,4027,2022-06-01,대여소별 이용정보 22.6.csv
강서구,개화3팀,1157. 강서구청,4029,2022-06-01,대여소별 이용정보 22.6.csv
구로구,천왕2팀,2824.미래사랑어린이공원 앞,4043,2022-06-01,대여소별 이용정보 22.6.csv
송파구,학여울2팀,1293. 석촌호수 서호 사거리,4064,2022-06-01,대여소별 이용정보 22.6.csv
구로구,천왕2팀,3904. 테크노마트 앞,4077,2022-06-01,대여소별 이용정보 22.6.csv
은평구,상암3팀,931. 역촌파출소,4090,2022-06-01,대여소별 이용정보 22.6.csv
송파구,천호2팀,1218. 방이역 4번출구,4090,2022-06-01,대여소별 이용정보 22.6.csv
강서구,개화1팀,2744.강서세무서 앞,4092,2022-06-01,대여소별 이용정보 22.6.csv
마포구,상암1팀,106. 합정역 7번출구 앞,4102,2022-06-01,대여소별 이용정보 22.6.csv
강서구,개화1팀,1195. 코오롱One&Only타워,4105,2022-06-01,대여소별 이용정보 22.6.csv
은평구,상암2팀,996.응암역2번출구 국민은행 앞,4108,2022-06-01,대여소별 이용정보 22.6.csv
광진구,중랑1팀,3571.화양 APT(횡단보도 옆),4121,2022-06-01,대여소별 이용정보 22.6.csv
양천구,영남1팀,797.목동아파트 1422동 1434동 사잇길,4122,2022-06-01,대여소별 이용정보 22.6.csv
강동구,천호1팀,3681. 길동 마루빌딩,4127,2022-06-01,대여소별 이용정보 22.6.csv
광진구,중랑1팀,3575. 자양사거리(서원빌딩),4128,2022-06-01,대여소별 이용정보 22.6.csv
광진구,중랑1팀,3570.구의역 리버비스타 오피스텔,4132,2022-06-01,대여소별 이용정보 22.6.csv
송파구,천호2팀,2610. 송리단길,4138,2022-06-01,대여소별 이용정보 22.6.csv
노원구,도봉2팀,4029. 청소년수련관 후문,4143,2022-06-01,대여소별 이용정보 22.6.csv
강서구,개화1팀,"1191. 마곡역 버스정류장(마곡나루역1번출구, 웰튼병원 방면)",4146,2022-06-01,대여소별 이용정보 22.6.csv
양천구,개화4팀,4509. 서울영상고교 입구,4147,2022-06-01,대여소별 이용정보 22.6.csv
영등포구,영남1팀,240. 문래역 4번출구 앞,4159,2022-06-01,대여소별 이용정보 22.6.csv
강동구,천호1팀,1090.상일동역 2번출구 앞,4160,2022-06-01,대여소별 이용정보 22.6.csv
서대문구,상암2팀,117. 홍은사거리,4163,2022-06-01,대여소별 이용정보 22.6.csv
서초구,이수3팀,2525.반포쇼핑타운 2동 앞,4168,2022-06-01,대여소별 이용정보 22.6.csv
송파구,학여울2팀,2639.석촌역 8번출구,4176,2022-06-01,대여소별 이용정보 22.6.csv
영등포구,영남3팀,210. IFC몰,4183,2022-06-01,대여소별 이용정보 22.6.csv
영등포구,영남3팀,259. 대방역6번출구,4186,2022-06-01,대여소별 이용정보 22.6.csv
송파구,천호2팀,4457. 아산병원 기숙사 부근,4188,2022-06-01,대여소별 이용정보 22.6.csv
양천구,천왕1팀,787.양천아파트 입구,4208,2022-06-01,대여소별 이용정보 22.6.csv
강서구,개화3팀,2708.강서한강자이타워 앞,4210,2022-06-01,대여소별 이용정보 22.6.csv
중구,훈련원1팀,431. 청계천 영도교,4211,2022-06-01,대여소별 이용정보 22.6.csv
동대문구,훈련원3팀,634. 외국어대 정문 앞,4214,2022-06-01,대여소별 이용정보 22.6.csv
영등포구,영남1팀,4574. 영등포시장역 포레나영등포,4218,2022-06-01,대여소별 이용정보 22.6.csv
영등포구,영남1팀,263. 근로자회관 사거리,4221,2022-06-01,대여소별 이용정보 22.6.csv
동대문구,훈련원4팀,641. 용두역 4번출구,4221,2022-06-01,대여소별 이용정보 22.6.csv
종로구,훈련원1팀,361. 동묘앞역 1번출구 뒤,4231,2022-06-01,대여소별 이용정보 22.6.csv
도봉구,도봉3팀,1721. 창동역 2번출구,4232,2022-06-01,대여소별 이용정보 22.6.csv
강동구,천호1팀,1020. 강동경찰서,4240,2022-06-01,대여소별 이용정보 22.6.csv
강서구,개화3팀,1173. 강서구청사거리(SH타워),4252,2022-06-01,대여소별 이용정보 22.6.csv
금천구,천왕2팀,1867.대륭포스트타워6차 앞,4262,2022-06-01,대여소별 이용정보 22.6.csv
마포구,상암1팀,3002.벽산상암스마트큐브,4268,2022-06-01,대여소별 이용정보 22.6.csv
노원구,도봉2팀,1684. 태릉입구역 5번출구,4292,2022-06-01,대여소별 이용정보 22.6.csv
노원구,도봉2팀,2919.등나무 근린공원(시립북서울미술관 앞),4303,2022-06-01,대여소별 이용정보 22.6.csv
용산구,세종로3팀,870.노들섬 서측 앞,4306,2022-06-01,대여소별 이용정보 22.6.csv
구로구,천왕2팀,1955. 디지털입구 교차로,4308,2022-06-01,대여소별 이용정보 22.6.csv
강서구,개화3팀,2704.홈플러스(강서점),4315,2022-06-01,대여소별 이용정보 22.6.csv
영등포구,영남1팀,283. 아크로타워 스퀘어(영등포시장),4335,2022-06-01,대여소별 이용정보 22.6.csv
강서구,개화2팀,1184. 마곡13단지,4337,2022-06-01,대여소별 이용정보 22.6.csv
양천구,영남1팀,764. 목동청소년수련관,4367,2022-06-01,대여소별 이용정보 22.6.csv
노원구,도봉1팀,1674. 서울북부고용센터앞,4378,2022-06-01,대여소별 이용정보 22.6.csv
중구,훈련원1팀,383. 신당역 12번 출구 뒤,4417,2022-06-01,대여소별 이용정보 22.6.csv
양천구,개화4팀,734. 신트리공원 입구,4417,2022-06-01,대여소별 이용정보 22.6.csv
강서구,개화2팀,2739.수명산파크1단지교차로,4420,2022-06-01,대여소별 이용정보 22.6.csv
동대문구,훈련원4팀,631. 답십리역 1번출구,4480,2022-06-01,대여소별 이용정보 22.6.csv
강서구,개화1팀,2720.힐스테이트에코,4503,2022-06-01,대여소별 이용정보 22.6.csv
광진구,중랑1팀,3541. 커먼그라운드,4550,2022-06-01,대여소별 이용정보 22.6.csv
구로구,천왕2팀,1985. 구로도서관,4565,2022-06-01,대여소별 이용정보 22.6.csv
영등포구,영남1팀,293. 충북 미래관,4584,2022-06-01,대여소별 이용정보 22.6.csv
양천구,개화3팀,726. 목동3단지 시내버스정류장,4598,2022-06-01,대여소별 이용정보 22.6.csv
성동구,중랑2팀,3600.사근빗물펌프장 건너편,4613,2022-06-01,대여소별 이용정보 22.6.csv
강동구,천호1팀,1008. 암사역 3번출구(국민은행앞),4651,2022-06-01,대여소별 이용정보 22.6.csv
강동구,천호1팀,1019. 다성이즈빌아파트(호원대 대각선 맞은편),4676,2022-06-01,대여소별 이용정보 22.6.csv
강서구,개화2팀,2733.마곡13단지 정문 앞,4683,2022-06-01,대여소별 이용정보 22.6.csv
송파구,천호1팀,1264. 천호역 10번 출구 앞,4725,2022-06-01,대여소별 이용정보 22.6.csv
강서구,개화3팀,3780. 등촌서광아파트,4738,2022-06-01,대여소별 이용정보 22.6.csv
강서구,개화1팀,1106. 신방화사거리,4743,2022-06-01,대여소별 이용정보 22.6.csv
광진구,중랑1팀,3534. 건대입구역 5번출구 뒤,4764,2022-06-01,대여소별 이용정보 22.6.csv
성동구,중랑2팀,585. 성수2가1동 공영주차장 인근,4780,2022-06-01,대여소별 이용정보 22.6.csv
영등포구,영남1팀,228. 선유도역 3번출구 앞,4844,2022-06-01,대여소별 이용정보 22.6.csv
강서구,개화2팀,1167. 마곡수명산파크3단지 교차로,4845,2022-06-01,대여소별 이용정보 22.6.csv
성동구,중랑2팀,509. 이마트 버스정류소 옆,4850,2022-06-01,대여소별 이용정보 22.6.csv
마포구,상암1팀,102. 망원역 1번출구 앞,4893,2022-06-01,대여소별 이용정보 22.6.csv
강서구,개화2팀,1152. 마곡역교차로,4936,2022-06-01,대여소별 이용정보 22.6.csv
영등포구,영남1팀,4571. 문래동롯데캐슬아파트,4977,2022-06-01,대여소별 이용정보 22.6.csv
마포구,상암1팀,3010.홍대입구역 3번출구,5005,2022-06-01,대여소별 이용정보 22.6.csv
노원구,도봉1팀,1625. 상계역(4번출구),5021,2022-06-01,대여소별 이용정보 22.6.csv
서초구,이수3팀,2262. 한신16차아파트 119동 앞,5027,2022-06-01,대여소별 이용정보 22.6.csv
구로구,천왕1팀,1925. 동양미래대학교 정문 옆,5054,2022-06-01,대여소별 이용정보 22.6.csv
광진구,중랑1팀,3518. 군자역 7번출구뒤,5070,2022-06-01,대여소별 이용정보 22.6.csv
송파구,학여울2팀,1222. 잠실새내역 5번 출구 뒤,5071,2022-06-01,대여소별 이용정보 22.6.csv
강서구,개화3팀,1117. 등촌5단지아파트 버스정류장,5083,2022-06-01,대여소별 이용정보 22.6.csv
영등포구,영남3팀,274. 영등포역지하쇼핑센타 5번출구,5112,2022-06-01,대여소별 이용정보 22.6.csv
용산구,세종로3팀,853.용산역 맞은편,5168,2022-06-01,대여소별 이용정보 22.6.csv
영등포구,영남3팀,202. 국민일보 앞,5172,2022-06-01,대여소별 이용정보 22.6.csv
양천구,개화3팀,746. 목동2단지 상가,5200,2022-06-01,대여소별 이용정보 22.6.csv
동대문구,훈련원4팀,602. 장안동 사거리,5219,2022-06-01,대여소별 이용정보 22.6.csv
서초구,이수3팀,"2219. 고속터미널역 8-1번, 8-2번 출구 사이",5222,2022-06-01,대여소별 이용정보 22.6.csv
양천구,영남1팀,708. 서울출입국관리사무소 앞,5253,2022-06-01,대여소별 이용정보 22.6.csv
영등포구,영남1팀,262. 영문초등학교 사거리,5261,2022-06-01,대여소별 이용정보 22.6.csv
강서구,개화1팀,1193. 마곡센트럴타워 1차,5270,2022-06-01,대여소별 이용정보 22.6.csv
양천구,영남1팀,703. 오목교역 7번출구 앞,5322,2022-06-01,대여소별 이용정보 22.6.csv
동작구,영남2팀,2002. 노들역 1번출구,5325,2022-06-01,대여소별 이용정보 22.6.csv
강서구,개화2팀,5052. 마곡역 7번출구,5332,2022-06-01,대여소별 이용정보 22.6.csv
성동구,중랑2팀,567. 성수역 2번출구 앞,5378,2022-06-01,대여소별 이용정보 22.6.csv
강서구,개화1팀,1166. 강서구립등빛도서관,5379,2022-06-01,대여소별 이용정보 22.6.csv
은평구,상암2팀,907. CJ 드림시티,5390,2022-06-01,대여소별 이용정보 22.6.csv
광진구,중랑1팀,3569.건대병원후문,5401,2022-06-01,대여소별 이용정보 22.6.csv
강서구,개화1팀,1149. 신방화역환승주차장,5405,2022-06-01,대여소별 이용정보 22.6.csv
강동구,천호1팀,1050. 둔촌역 3번 출입구,5406,2022-06-01,대여소별 이용정보 22.6.csv
강서구,개화1팀,2721.등촌1-10단지 교차로,5426,2022-06-01,대여소별 이용정보 22.6.csv
강서구,개화1팀,2717.LG유플러스 마곡사옥,5429,2022-06-01,대여소별 이용정보 22.6.csv
강동구,천호1팀,1044. 굽은다리역,5443,2022-06-01,대여소별 이용정보 22.6.csv
관악구,영남2팀,2183. 동방1교,5453,2022-06-01,대여소별 이용정보 22.6.csv
성동구,중랑2팀,589. 성수역3번출구,5474,2022-06-01,대여소별 이용정보 22.6.csv
성동구,중랑2팀,3511. 응봉역 1번출구,5499,2022-06-01,대여소별 이용정보 22.6.csv
노원구,도봉2팀,1601. 석계역 문화광장 내 자전거 보관소,5501,2022-06-01,대여소별 이용정보 22.6.csv
송파구,천호2팀,1295. 잠실역 8번출구,5571,2022-06-01,대여소별 이용정보 22.6.csv
송파구,천호2팀,1211. 방이삼거리,5600,2022-06-01,대여소별 이용정보 22.6.csv
강서구,개화1팀,1112. 마곡엠밸리4단지 정문,5603,2022-06-01,대여소별 이용정보 22.6.csv
노원구,도봉1팀,1653. 노원역1번출구,5769,2022-06-01,대여소별 이용정보 22.6.csv
강서구,개화2팀,1125. 명덕고교입구(영종빌딩),5772,2022-06-01,대여소별 이용정보 22.6.csv
양천구,영남1팀,769.CBS방송국 앞,5803,2022-06-01,대여소별 이용정보 22.6.csv
노원구,도봉1팀,1637. KT 전화국 버스정류장 옆,5872,2022-06-01,대여소별 이용정보 22.6.csv
동대문구,훈련원4팀,646. 장한평역 1번출구,6023,2022-06-01,대여소별 이용정보 22.6.csv
송파구,천호2팀,4870. 몽촌토성역 3번 출구,6127,2022-06-01,대여소별 이용정보 22.6.csv
성북구,훈련원2팀,1308. 안암로터리 버스정류장 앞,6145,2022-06-01,대여소별 이용정보 22.6.csv
양천구,영남1팀,792.목동트라팰리스 웨스턴에비뉴,6146,2022-06-01,대여소별 이용정보 22.6.csv
강서구,개화2팀,3798. 그랜드아이파크아파트 앞,6164,2022-06-01,대여소별 이용정보 22.6.csv
강동구,천호1팀,1009. 천호역4번출구(현대백화점),6262,2022-06-01,대여소별 이용정보 22.6.csv
관악구,영남2팀,2173. 당곡사거리,6369,2022-06-01,대여소별 이용정보 22.6.csv
영등포구,영남1팀,4565. 영등포 신세계백화점,6411,2022-06-01,대여소별 이용정보 22.6.csv
성동구,중랑2팀,565. 옥수역 3번출구,6520,2022-06-01,대여소별 이용정보 22.6.csv
마포구,상암1팀,113. 홍대입구역 2번출구 앞,6565,2022-06-01,대여소별 이용정보 22.6.csv
양천구,개화4팀,"785.양천구청, 보건소 사잇길",6671,2022-06-01,대여소별 이용정보 22.6.csv
송파구,천호2팀,2620. 송파나루역 4번 출구옆,6795,2022-06-01,대여소별 이용정보 22.6.csv
구로구,천왕2팀,1906. 신도림역 1번 출구 앞,7278,2022-06-01,대여소별 이용정보 22.6.csv
강서구,개화2팀,1124. 발산역 6번 출구 뒤,7308,2022-06-01,대여소별 이용정보 22.6.csv
강서구,개화1팀,1160. 양천향교역 7번출구앞,7357,2022-06-01,대여소별 이용정보 22.6.csv
송파구,천호2팀,2608. 송파구청,7521,2022-06-01,대여소별 이용정보 22.6.csv
양천구,영남1팀,765. 오목교역 3번출구,7549,2022-06-01,대여소별 이용정보 22.6.csv
영등포구,영남1팀,230. 영등포구청역 1번출구,7726,2022-06-01,대여소별 이용정보 22.6.csv
영등포구,영남1팀,272. 당산육갑문,7876,2022-06-01,대여소별 이용정보 22.6.csv
광진구,중랑1팀,3533. 건대입구역 사거리(롯데백화점),7937,2022-06-01,대여소별 이용정보 22.6.csv
송파구,천호2팀,2622. 올림픽공원역 3번출구,8582,2022-06-01,대여소별 이용정보 22.6.csv
강서구,개화3팀,1158. 가양역 8번출구,8618,2022-06-01,대여소별 이용정보 22.6.csv
양천구,영남1팀,770.목동역5번출구 교통정보센터 앞,9081,2022-06-01,대여소별 이용정보 22.6.csv
영등포구,영남1팀,247. 당산역 10번출구 앞,9103,2022-06-01,대여소별 이용정보 22.6.csv
강서구,개화1팀,2728.마곡나루역 3번 출구,9217,2022-06-01,대여소별 이용정보 22.6.csv
강서구,개화1팀,"1153. 발산역 1번, 9번 인근 대여소",9456,2022-06-01,대여소별 이용정보 22.6.csv
강서구,개화1팀,2701. 마곡나루역 5번출구 뒤편,9721,2022-06-01,대여소별 이용정보 22.6.csv
관악구,영남2팀,2177. 신대방역 2번 출구,10009,2022-06-01,대여소별 이용정보 22.6.csv
구로구,천왕2팀,1911. 구로디지털단지역 앞,10373,2022-06-01,대여소별 이용정보 22.6.csv
송파구,천호2팀,1210. 롯데월드타워(잠실역2번출구 쪽),11780,2022-06-01,대여소별 이용정보 22.6.csv
영등포구,영남3팀,207. 여의나루역 1번출구 앞,13595,2022-06-01,대여소별 이용정보 22.6.csv
관악구,영남2팀,2102. 봉림교 교통섬,13722,2022-06-01,대여소별 이용정보 22.6.csv
광진구,중랑1팀,502. 뚝섬유원지역 1번출구 앞,14125,2022-06-01,대여소별 이용정보 22.6.csv
마포구,상암1팀,4217. 한강공원 망원나들목,15417,2022-06-01,대여소별 이용정보 22.6.csv
강서구,개화1팀,2715.마곡나루역 2번 출구,16498,2022-06-01,대여소별 이용정보 22.6.csv
