자치구,대여소 명,대여년월,대여건수
강남구,2301. 현대고등학교 건너편,202101,711
강남구,2302. 교보타워 버스정류장(신논현역 3번출구 후면),202101,375
강남구,2303. 논현역 7번출구,202101,309
강남구,2304. 신영 ROYAL PALACE 앞,202101,113
강남구,2305. MCM 본사 직영점 앞,202101,99
강남구,2306. 압구정역 2번 출구 옆,202101,422
강남구,2307. 압구정 한양 3차 아파트,202101,257
강남구,2308. 압구정파출소 앞,202101,308
강남구,2309. 청담역(우리들병원 앞),202101,69
강남구,2310. 청담동 맥도날드 옆(위치),202101,129
강남구,2311. 학동로 래미안 아파트 앞,202101,106
강남구,2312. 청담역 13번 출구 앞,202101,111
강남구,2313. 금원빌딩 앞,202101,276
강남구,2314. 청담나들목입구,202101,182
강남구,2315. 봉은사역 5번출구 옆,202101,289
강남구,2316. 삼성역 8번출구,202101,347
강남구,2317. 삼성도로공원,202101,258
강남구,2318. 삼성중앙역4번출구(문화센터더 리빌),202101,144
강남구,2319. 포스코사거리 서측(수협 삼성동 지점),202101,150
강남구,2320. 도곡역 대치지구대 방향,202101,195
강남구,2321. 학여울역 사거리,202101,254
강남구,2322. 삼성역 3번 출구,202101,258
강남구,2323. 주식회사 오뚜기 정문 앞,202101,86
강남구,2324. 천주교 대치 2동 교회 옆,202101,376
강남구,2325. 대치동 버거킹대치점,202101,390
강남구,2326. 대치동 삼성로,202101,230
강남구,2327. 뱅뱅사거리 랜드마크타워 앞,202101,375
강남구,2328. 르네상스 호텔 사거리 역삼지하보도 7번출구 앞,202101,168
강남구,2329. 르네상스호텔사거리 역삼지하보도 2번출구,202101,84
강남구,2330. 스타벅스 앞,202101,213
강남구,2331. 동영문화센터앞,202101,153
강남구,2332. 선릉역3번출구,202101,351
강남구,2333. 양재역 3번출구 주변,202101,433
강남구,2334. 삼호아파트 2동 ( 간선도로),202101,50
강남구,2335. 3호선 매봉역 3번출구앞,202101,480
강남구,2336. 강남세브란스교차로 래미안그레이튼 104동 앞,202101,89
강남구,2337. 대모산입구역 2번출구 앞,202101,195
강남구,2339. 현대아파트 정문 앞,202101,203
강남구,2340. 삼호물산버스정류장(23370) 옆,202101,568
강남구,2341. 일원역 4~5번 출구 사이,202101,85
강남구,2342. 대청역 1번출구 뒤,202101,427
강남구,2343. 세곡사거리 대왕파출소 앞,202101,16
강남구,2344. 리엔파크 2단지 앞,202101,135
강남구,2347. 두산건설 본사,202101,119
강남구,2348. 포스코사거리(기업은행),202101,488
강남구,2349. 역삼빌딩 앞(하나은행 옆),202101,121
강남구,2350. 래미안그레이튼102동앞,202101,174
강남구,2351. 청소년수련관(수영장)앞,202101,78
강남구,2352. 서울본부세관(건설회관 앞),202101,105
강남구,2353. 강남구청역 2번출구 뒤,202101,269
강남구,2354. 청담역 2번출구,202101,66
강남구,2355. 삼성역 5~6번 출구 사이,202101,513
강남구,2356. 강남구청,202101,133
강남구,2357. 르네상스호텔사거리 역삼지하보도 3번출구 앞 (더 오번 빌딩 명동칼국수 앞),202101,76
강남구,2358. 구룡초사거리 (현대아파트10동 앞 ),202101,92
강남구,"2359. 국립국악중,고교 정문 맞은편",202101,291
강남구,2360. 도곡1동 주민센터 교차로,202101,176
강남구,2361. 압구정역 교차로,202101,278
강남구,2362. 신사동 가로수길 입구,202101,270
강남구,2363. 강남 을지병원 교차로,202101,125
강남구,2364. 도산대로 렉서스 앞,202101,173
강남구,2365. K+ 타워 앞,202101,259
강남구,2368. 도곡동 경남아파트 건너편,202101,83
강남구,2369. KT선릉타워,202101,312
강남구,2370. 한티역 3번출구,202101,127
강남구,2371. 한국우편사업진흥원,202101,97
강남구,2372. 대치역 사거리,202101,311
강남구,2373. 개포동역 사거리,202101,389
강남구,2375. 수서역 1번출구 앞,202101,240
강남구,2376. 수서역 6번출구 앞,202101,86
강남구,2377. 수서역 5번출구 뒤,202101,626
강남구,2380. 삼성동베이직하우스앞,202101,125
강남구,2381. 언주역 6번출구앞,202101,245
강남구,2382. 역삼동 sk뷰 501동앞,202101,130
강남구,2383. 보금자리정원,202101,45
강남구,2384. 자곡사거리,202101,405
강남구,2385. 학동역,202101,202
강남구,2386. 논현동 279-165,202101,70
강남구,2387. 래미안강남힐즈 사거리,202101,153
강남구,2388. 강남구 도시관리공단,202101,84
강남구,2389. 경기여자고등학교 후문 (삼성로3길 입구),202101,181
강남구,2390. 구룡마을 입구 (래미안블레스티지 아파트),202101,107
강남구,2391. 구룡터널 입구(개포1단지아파트),202101,14
강남구,2392. 구룡산 입구 (구룡산 서울둘레길 입구),202101,28
강남구,2393. 구룡사 앞 교차로 (보도육교),202101,28
강남구,2394. 개포래미안포레스트아파트 107동 앞,202101,183
강남구,2395. 개포1단지아파트 입구 (보도육교),202101,15
강남구,2396. 영동3교 북단(우성캐릭터 앞 보도),202101,204
강남구,2398. 더라움,202101,115
강남구,2401. 밀알학교 입구 (삼성서울병원 입구),202101,48
강남구,2403. 공무원연금매점 교차로 (개포주공9단지 입구),202101,64
강남구,2404. 대모산입구역 4번 출구 앞,202101,258
강남구,2405. 청담공원앞 교차로,202101,270
강남구,2406. 논현동 광명빌딩 앞,202101,84
강남구,2407. 역삼.서초.삼성 세무서 앞 (역삼빌딩 앞),202101,462
강남구,2408. 강남한양수자인아파트,202101,212
강남구,2409. 역삼동 디오슈페리움 (우성아파트 사거리),202101,319
강남구,2410. 포스코피앤에스타워 (역삼역 3번출구 부근),202101,252
강남구,2411. 세곡동 성당,202101,183
강남구,2412. 일원1동 주민센터,202101,474
강남구,2413.도곡역 1번 출구,202101,268
강남구,2414. 도곡역 아카데미스위트 앞,202101,287
강남구,2415.한티역 롯데백화점 앞,202101,253
강남구,2416.한티역 6번 출구,202101,105
강남구,2417.선정릉 디캠프(D.CAMP)앞,202101,78
강남구,2418.봉은사역 7번 출구,202101,241
강남구,"2419.봉은사역 1,2번 출구",202101,124
강남구,2420.학여울역 사거리(LG베스트샵 앞),202101,184
강남구,2421. 신논현역 4번출구,202101,209
강남구,2422.수서동 성당 맞은편,202101,122
강남구,2423.영희초교 사거리(래미안개포루체하임),202101,169
강남구,2425.세곡동 사거리(대왕초등학교 정류장),202101,42
강남구,2426.강남한신휴플러스 6단지,202101,109
강남구,2427.개포고등학교 정문앞,202101,90
강남구,2428.롯데리아 개포점앞,202101,66
강남구,2429.압구정로데오역 6번출구,202101,286
강남구,2430.강남파이낸스센터앞(역삼역2번출구),202101,167
강남구,2431.대치역 7번출구,202101,383
강남구,3602. 한국지역난방공사강남지사,202101,17
강동구,1001. 광진교 남단 사거리(디지털프라자앞),202101,540
강동구,1002. 해공공원(천호동),202101,507
강동구,1003. 해공도서관앞,202101,230
강동구,1004. 삼성광나루아파트 버스정류장,202101,365
강동구,1006. 롯데캐슬 115동앞,202101,125
강동구,1007.암사동 선사유적지,202101,8
강동구,1008. 암사역 3번출구(국민은행앞),202101,799
강동구,1009. 천호역4번출구(현대백화점),202101,1096
강동구,1010. 강동세무서,202101,718
강동구,1011. LIGA 아파트 앞,202101,688
강동구,1012. 서울 상운차량,202101,259
강동구,1013. 강동구청역 1번 출입구,202101,419
강동구,1014. 강동구평생학습관앞,202101,205
강동구,1015. 샛마을 근린공원,202101,231
강동구,1016. 해뜨는 주유소옆 리엔파크 109동앞,202101,141
강동구,1017. 맥도날드(길동),202101,530
강동구,1018. 둔촌 주공 GS 맞은편,202101,99
강동구,1019. 다성이즈빌아파트(호원대 대각선 맞은편),202101,815
강동구,1020. 강동경찰서,202101,886
강동구,1021. 강일동 리슈빌 빌딩앞,202101,448
강동구,1022. 길동 사거리(초소앞),202101,538
강동구,1023. 한국종합기술사옥 앞,202101,435
강동구,1024. 강동구청 앞,202101,670
강동구,1025. 상일초등학교,202101,170
강동구,1026. 대명초교 입구 교차로,202101,180
강동구,1027. 프라자 아파트 앞,202101,380
강동구,1028. 포레스 주상복합 빌딩,202101,430
강동구,1029. 롯데 시네마,202101,528
강동구,1030. 미호 플랜트 앞,202101,188
강동구,1031. 올림픽로 836(아리수로),202101,167
강동구,1032. 선사고등학교,202101,119
강동구,1033. 고덕동 아남아파트,202101,170
강동구,1034. 고덕동 래미안 힐스테이트,202101,122
강동구,1035. 고덕역 4번출구,202101,195
강동구,1036. 고덕동 주양쇼핑,202101,254
강동구,1037. 강일리버파크 6단지,202101,107
강동구,1038. 강일 다솜 어린이 공원,202101,135
강동구,1039. 고덕초등학교,202101,45
강동구,1041. 묘곡초등학교,202101,162
강동구,1042. 강일리버파크 2~5단지,202101,184
강동구,1044. 굽은다리역,202101,1030
강동구,1047. 건강보험 강동지사kt,202101,484
강동구,1048. 동부기업(둔촌동),202101,446
강동구,1049. 강일리버파크 10단지,202101,208
강동구,1050. 둔촌역 3번 출입구,202101,1285
강동구,1051. 양지시장 (용성약국앞) 입구,202101,320
강동구,1052. 리싸이클시티,202101,41
강동구,1053. 동명근린공원 진입로 (아리수로),202101,78
강동구,1054. 말우물 어린이 공원,202101,49
강동구,1056. 강일리버파크 7~11단지,202101,155
강동구,1057. 능골근린공원,202101,152
강동구,1058. 고덕숲 아이파크 1,202101,154
강동구,1059. 래미안 강동팰리스(102동),202101,294
강동구,1060. 천일초교 사거리,202101,222
강동구,1061. 천호초교 입구 사거리(일주빌딩),202101,263
강동구,1062. 고덕숲 아이파크 2,202101,100
강동구,1063.강동롯데캐슬퍼스트 아파트(관리동),202101,130
강동구,1064.중앙보훈병원역 1번출구,202101,119
강동구,1065.보훈병원 정문옆(중앙대영약국),202101,257
강동구,1066.생태공원앞 교차로(조명탑),202101,97
강동구,1067.한영중고앞사거리,202101,94
강동구,1068.명일파출소,202101,138
강동구,1069.강동경희대학교병원 입구,202101,73
강동구,1070.(시립)고덕평생학습관,202101,132
강동구,1071.명일근린공원공동체텃밭,202101,105
강동구,1072.고덕역 5번출구,202101,199
강동구,1073.SSTS 몰 앞,202101,277
강동구,1074.대명초교입구 사거리,202101,343
강동구,1075.천동초교 삼거리,202101,253
강동구,1076.전자랜드 길동점,202101,508
강동구,1077.강동역 1번출구 앞,202101,483
강동구,1078.둔촌사거리,202101,495
강동구,1079.강일동입구교차로,202101,127
강동구,1080.엘웨딩,202101,246
강동구,1081.트레빌빌딩,202101,217
강동구,1082.중앙보훈병원역3번출구,202101,34
강동구,1083.광문고교사거리(아이파크),202101,103
강동구,1084. 윤선생빌딩(JYP사옥),202101,723
강동구,1085.래미안 솔베뉴(고덕로),202101,175
강동구,1086.래미안 솔베뉴(구천면로),202101,142
강동구,1088.풍납사거리(강동),202101,215
강동구,1089.고덕 래미안힐스테이트(201동),202101,52
강동구,1090.상일동역 2번출구 앞,202101,631
강동구,3539. 서원마을,202101,69
강동구,3652. 한영외국어고등학교,202101,29
강동구,3655. 둔촌신성미소지움아파트,202101,123
강북구,"1501. 미아역 3번,4번 출구 사이",202101,473
강북구,1503. 이디야 커피 수유역점 앞,202101,853
강북구,1504. 다이소 삼양시장점,202101,168
강북구,1506. 강북문화예술회관,202101,377
강북구,1509. 서울북부수도사업소,202101,255
강북구,1510. 번동주공5단지 관리사무소 앞,202101,85
강북구,1511. 번동 금호어울림아파트102동앞,202101,73
강북구,1512. 강북중학교 앞,202101,752
강북구,1513. 강북구청 뒷편,202101,82
강북구,1514. 강북구청 사거리 버스정류소 앞,202101,457
강북구,1515. 송천동 주민센터,202101,309
강북구,1516. 우이초등학교 후문 옆,202101,203
강북구,1518. SK telecom(수유직영점) 앞,202101,247
강북구,1519. 세븐일레븐 수유장미원점 앞,202101,275
강북구,1520. 성실교회,202101,277
강북구,1522. 월드전기조명인테리어(우이동),202101,165
강북구,1525. 미아동 복합청사,202101,117
강북구,1526. 수유동 채선당앞,202101,304
강북구,1527. 미아역 1번 출구 뒤,202101,315
강북구,1528. 삼각산동 주민센터,202101,208
강북구,1529. 미아동 한국전력공사,202101,594
강북구,1530. 광산사거리,202101,566
강북구,1531. 미아사거리 1번 출구,202101,749
강북구,1532. 번3동 주민센터 교차로,202101,323
강북구,"1533. 번동 주공3, 4단지 교차로",202101,417
강북구,1534. 북서울 꿈의 숲 동문,202101,286
강북구,1535. 효성인텔리안 앞,202101,566
강북구,1536. 번동 두산위브 101동 옆,202101,309
강북구,1537. 북한산 우이역,202101,163
강북구,1538. 솔밭공원역,202101,119
강북구,1539. 4.19민주묘지역,202101,236
강북구,1540. 가오리역,202101,405
강북구,1541. 삼양역,202101,124
강북구,1542. 삼양사거리역,202101,184
강북구,1543. 수유1동 주민센터,202101,253
강북구,1545. 솔샘역 2번 출구,202101,108
강북구,1546. 송천동우체국,202101,160
강북구,1547. 꿈의숲 롯데캐슬,202101,126
강북구,1548. 북서울 꿈의숲 서문,202101,219
강북구,1550.삼각산아이원아파트(105동 옆),202101,76
강북구,1551.4.19탑 앞,202101,166
강북구,1552. 강북구청사거리(던킨도너츠 앞),202101,461
강북구,1553.예수그리스도후기성도교회 앞,202101,223
강북구,1554.번동사거리,202101,238
강북구,1557.신창교,202101,365
강북구,1558.강북문화정보도서관,202101,65
강북구,1560. 도봉세무서 앞,202101,329
강북구,1564.4.19민주묘지역 1번출구,202101,166
강북구,1565.대한병원앞,202101,368
강북구,1568.4.19민주묘지 입구사거리,202101,249
강북구,1569.수유역2번출구,202101,621
강북구,1571.북서울 꿈의 숲 입구,202101,149
강북구,1572.우이산 입구,202101,31
강북구,1573.현대성우아파트 옆,202101,135
강북구,1574.송중초등학교 옆,202101,145
강북구,3703. 신성교회 앞,202101,29
강북구,3707. 드래곤타워 앞,202101,151
강북구,3711. 월계2교 교차로,202101,153
강북구,3714. 송천센트레빌,202101,79
강서구,1101. 개화동상사마을종점 버스정류장,202101,93
강서구,1102. 방화사거리 마을버스 버스정류장,202101,503
강서구,1103. 방화역 4번출구앞,202101,548
강서구,1105. 방화근린공원,202101,134
강서구,1106. 신방화사거리,202101,484
강서구,1108. 공항시장역 2번출구 뒤,202101,384
강서구,1109. 공항시장역 4번출구,202101,270
강서구,1110. 공항중학교앞,202101,310
강서구,1111. 마곡엠밸리6_7단지 마곡중학교,202101,383
강서구,1112. 마곡엠밸리4단지 정문,202101,1262
강서구,1113. 서남환경공원 버스정류장,202101,595
강서구,1115. 등촌역 1번출구옆,202101,482
강서구,1117. 스타벅스앞,202101,1154
강서구,1118. 증미역 3번출구뒤(등촌두산위브센티움오피스텔),202101,1145
강서구,1119. 염창동 한마음아파트앞(염창동 빛나는 음악학원앞),202101,753
강서구,1120. 대림경동아파트앞,202101,648
강서구,1121. 가양레포츠센터앞,202101,352
강서구,1122. 황금내근린공원,202101,742
강서구,1124. 발산역 6번 출구 뒤,202101,1292
강서구,1125. 명덕고교입구(영종빌딩),202101,948
강서구,1126. 우장산역 1번출구옆(우장산아이파크105동앞),202101,456
강서구,1127. 화곡역(에이스정형외과앞) 버스정류장,202101,437
강서구,1128. 화곡역 6번출구,202101,450
강서구,1129. 화곡역 1번 출구 앞,202101,478
강서구,1130. 화곡본동시장 버스정류장,202101,179
강서구,1131. 꿈돌이공원 앞,202101,547
강서구,1132. 등촌역 7번출구,202101,653
강서구,1135. 강서구의회,202101,524
강서구,1136. 등촌2파출소,202101,315
강서구,1137. 등촌2동주민센터,202101,192
강서구,1139. 용문사 버스정류장,202101,523
강서구,1140. 목동사거리 버스정류장,202101,677
강서구,1141. 곰달래 문화복지센터 1-1,202101,484
강서구,1145. 곰달래 문화복지센터 1-2,202101,293
강서구,1146. 곰달래사거리,202101,506
강서구,1148. 볏골공원,202101,325
강서구,1149. 신방화역환승주차장,202101,1251
강서구,1150. 송정역 1번출구,202101,803
강서구,1151. 마곡역1번출구,202101,479
강서구,1152. 마곡역교차로,202101,1684
강서구,"1153. 발산역 1번, 9번 인근 대여소",202101,1740
강서구,1155. 기쁜우리복지관,202101,580
강서구,1157. 강서구청,202101,756
강서구,1158. 가양역 8번출구,202101,1615
강서구,1159. 서서울모터리움앞,202101,381
강서구,1160. 양천향교역 7번출구앞,202101,1431
강서구,1161. 강서면허시험장앞,202101,162
강서구,1162. 공항초등학교건너편,202101,532
강서구,1163. 방화동강서기동대앞,202101,486
강서구,1165. 마곡중학교 후문,202101,311
강서구,1166. 강서구립등빛도서관,202101,1106
강서구,1167. 마곡수명산파크3단지 교차로,202101,950
강서구,1168. 마곡엠밸리10단지 앞,202101,501
강서구,1169. 염창역 1번 출구,202101,501
강서구,1170. 강서구보건소 (삼성디지털 프라자),202101,398
강서구,1171. 염창동 새마을금고 건너편 (모닝글로리),202101,490
강서구,1172. 가양3동 주민센터,202101,507
강서구,1173. 강서구청사거리(SH타워),202101,910
강서구,1174. 강서구청사거리(부민병원),202101,402
강서구,1175. 대한항공 인력개발센터,202101,510
강서구,1177. 수명중?고교,202101,360
강서구,1178. 개화산역 2번 출구,202101,254
강서구,1180. 마곡엠밸리 15단지(1502동) 건너편,202101,658
강서구,1181. 농수산식품공사 (강서지사),202101,146
강서구,1182. KBS 스포츠월드,202101,756
강서구,1183. KC 대학교,202101,182
강서구,1184. 마곡13단지,202101,1026
강서구,1185. 등촌9단지,202101,379
강서구,1186. 송정중학교,202101,243
강서구,1187. 강서수산물도매시장,202101,306
강서구,1188. 롯데중앙연구소,202101,90
강서구,1190. 마곡역 교차로(2번출구),202101,482
강서구,1191. 마곡역 교차로(NH농협),202101,809
강서구,1192. 마곡수명산파크 209동 건너편,202101,460
강서구,1193. 마곡센트럴타워 1차,202101,818
강서구,1194. 센서텍㈜,202101,360
강서구,1195. 코오롱One&Only타워,202101,567
강서구,1196. 서울식물원(문화센터) 건너편,202101,90
강서구,1197. 엠펠리체 호텔 건너편,202101,664
강서구,1198. LG 사이언스파크,202101,263
강서구,1199. 우장산역 3번출구,202101,556
강서구,1200. 개화광역환승센터,202101,94
강서구,2701. 마곡나루역 5번출구 뒤편,202101,1775
강서구,2702. 마곡 엠밸리2단지,202101,297
강서구,2703.서울도시가스 앞,202101,268
강서구,2704.홈플러스(강서점),202101,821
강서구,2706.강서공업고등학교 앞,202101,371
강서구,2707.한강아파트,202101,445
강서구,2708.강서한강자이타워 앞,202101,844
강서구,2709.강변아파트 310동 앞,202101,305
강서구,2710.라이품 공영주차장 앞,202101,314
강서구,2711.가로공원공영주차장 1번 출구,202101,302
강서구,2712.화곡터널입구교차로,202101,204
강서구,2713.우장초등학교 앞,202101,270
강서구,2714.발산1동주민센터교차로,202101,605
강서구,2715.마곡나루역 2번 출구,202101,2023
강서구,2716.롯데 R&D 센터,202101,137
강서구,2717.LG유플러스 마곡사옥,202101,740
강서구,2718.마곡수명산파크1단지,202101,266
강서구,2719.마곡문화공원,202101,661
강서구,2720.힐스테이트에코,202101,743
강서구,2721.등촌1-10단지 교차로,202101,636
강서구,2722.마곡 문영비지웍스,202101,885
강서구,2723.마곡 필네이처,202101,428
강서구,2724.(재)FITI시험연구원,202101,477
강서구,2725.서울식물원 식물문화센터,202101,278
강서구,2727.서울식물원 잔디마당 앞,202101,556
강서구,2728.마곡나루역 3번 출구,202101,1184
강서구,2729.넥센 유니버시티 앞,202101,406
강서구,2730.마곡메가박스 앞,202101,644
강서구,2731.명덕고교,202101,235
강서구,2732.마곡수명산 1-2단지,202101,421
강서구,2733.마곡13단지 정문 앞,202101,899
강서구,2735.마곡 공공청사,202101,587
강서구,2737.까치산역 3번 출구,202101,432
강서구,2739.수명산파크1단지교차로,202101,541
강서구,2740.마곡레포츠센터,202101,161
강서구,2741.마곡수명산파크5-6단지,202101,306
강서구,2742.강서구민올림픽체육센터,202101,309
강서구,2743.동신아파트 104동 앞,202101,282
강서구,2744.강서세무서 앞,202101,234
강서구,2745.수명초등학교,202101,246
강서구,2746.수명산파크 4단지 411동 앞,202101,340
강서구,3753. 공항중학교 버스정류장,202101,175
강서구,3756. 마곡힐스테이트 정문,202101,255
강서구,3760. 발산역 8번 출구,202101,227
강서구,3761. 나이아가라관광호텔,202101,108
강서구,3763. 등촌태영아파트,202101,179
강서구,3765. 문소빌딩,202101,69
강서구,3766. 강서문화센터,202101,26
강서구,3767. 대원빌딩,202101,103
강서구,3769. 가양동 이마트 앞,202101,388
강서구,3772. 길성그랑프리텔아파트,202101,375
강서구,3775. 가양오토갤러리,202101,224
강서구,3776. 김포공항교차로,202101,94
강서구,3778. 김포공항입구 교차로,202101,322
강서구,3779. 유광사여성병원,202101,86
강서구,3780. 등촌서광아파트,202101,436
강서구,3781. 강서아동복지센터,202101,16
강서구,3782. 겸재정선미술관,202101,202
강서구,3784. 벽산아파트,202101,370
강서구,3786. 강서힐스테이트 상가 앞,202101,86
강서구,3787. 가양나들목,202101,218
강서구,3788. 정곡나들목,202101,337
강서구,3789. 염창나들목,202101,521
강서구,3792. 화곡본동시장 입구,202101,90
강서구,3794. 안양천합수부(현대3차아파트),202101,228
강서구,3795. 공항신성빌딩 앞,202101,77
강서구,3796. 송정역 3번출구 앞,202101,86
강서구,3797. 마곡수명산파크7단지 710동 앞,202101,57
강서구,3798. 그랜드아이파크아파트 앞,202101,216
관악구,2102. 봉림교 교통섬,202101,2363
관악구,2103. 신림동 우방아파트,202101,604
관악구,2104. 사당역 5번출구,202101,457
관악구,2105. 미성동 신림체육센터,202101,394
관악구,2106. 난곡 새마을금고,202101,543
관악구,2107. 도림천 신화교,202101,914
관악구,2108. 은천치안센터,202101,464
관악구,2109. 은천로입구 가로공원,202101,1114
관악구,2110. 조원동 미성아파트,202101,42
관악구,2111. 서울대입구역 1번출구,202101,486
관악구,2112. 서울대입구역 마에스트로,202101,371
관악구,2113. 관악동작견인차량보관소,202101,604
관악구,2115. 관악농협농산물백화점,202101,439
관악구,2116. 에이스에이존빌딩,202101,294
관악구,2119. 중앙동 동진빌딩,202101,506
관악구,2122. 낙성대로 입구,202101,235
관악구,2127. 보성운수차고지 맞은편,202101,196
관악구,2128. 관악구청교차로,202101,313
관악구,2129. 낙성대 과학전시관,202101,151
관악구,2130. 영어마을 관악캠프,202101,113
관악구,2135. 신림역 5번출구,202101,448
관악구,2136. 신림역 8번출구,202101,1084
관악구,2137. KT&G 관악지점,202101,197
관악구,2139. 서울신성초등학교,202101,291
관악구,2140. 신림1교 교차로,202101,781
관악구,2141. 미림여고입구 교차로,202101,70
관악구,2143. 서울산업정보학교,202101,109
관악구,2144. 난우길입구,202101,256
관악구,2145. 은천초등학교 육교,202101,298
관악구,2148. 낙성대역 3번출구 뒤,202101,288
관악구,2156. 농협 관악문성지점,202101,299
관악구,2159. 인헌초교,202101,110
관악구,2164. 관악우체국,202101,330
관악구,2165. JK장평타워,202101,270
관악구,2167. 낙성대역 1번출구,202101,242
관악구,2169. 봉천역 2번출구,202101,373
관악구,2170. 조원동서울본병원,202101,335
관악구,2171. 서울대입구역 5번출구,202101,528
관악구,2172. 나들목공원,202101,144
관악구,2173. 당곡사거리,202101,1258
관악구,2174. 삼성디지털프라자관악점,202101,358
관악구,2175. 신림동걷고싶은문화의거리입구,202101,505
관악구,2176. 보라매공원 보도육교,202101,683
관악구,2177. 신대방역 2번 출구,202101,1875
관악구,2178. 서울대학교 정문,202101,190
관악구,2179. 양녕로 입구,202101,490
관악구,2183. 동방1교,202101,1719
관악구,2184. 구암초등학교 버스정류장,202101,97
관악구,2185. 대학동 고시촌,202101,298
관악구,2186.우리은행 낙성대역지점,202101,229
관악구,2187.현대시장사거리(신한은행),202101,441
관악구,2189.삼성서비스센터(관악점),202101,296
관악구,2190.도원맨션,202101,194
관악구,2191.대학동주민센터,202101,262
관악구,2195.은천교회,202101,324
관악구,2196.삼화페인트 봉천점,202101,180
관악구,2198.사랑의병원,202101,216
관악구,2199.신봉천주유소,202101,54
관악구,2200.관악문화원 건너편,202101,51
관악구,3306.서울신우초등학교,202101,55
관악구,3307.봉천고개 육교,202101,165
관악구,3310.영락고등학교,202101,201
관악구,3311.서울대입구역 4번 출구,202101,222
관악구,3802. 관악구민체육센터,202101,38
광진구,3500. 군자역2번출구,202101,584
광진구,3501. 광진구청 앞,202101,804
광진구,3502. 중곡역 1번출구,202101,343
광진구,3503. 광진유진스웰,202101,71
광진구,3504. 원일교회,202101,632
광진구,3505. 신양초교앞 교차로,202101,371
광진구,3506. 영동대교 북단,202101,530
광진구,3507. 어린이회관,202101,263
광진구,3508. 화양사거리,202101,327
광진구,3509. 세종사이버대학교,202101,752
광진구,3510. 중곡SK아파트앞,202101,212
광진구,3516. 구의아리수정수센터앞,202101,263
광진구,3517. 용마사거리,202101,631
광진구,3518. 군자역 7번출구뒤,202101,1048
광진구,3520. 광진경찰서,202101,694
광진구,3521. 현대홈타운 뒷길,202101,132
광진구,3523. 건국대학교 과학관(이과대) 앞,202101,169
광진구,3524. 세종대학교,202101,63
광진구,3528. 광진정보도서관,202101,318
광진구,3529. 어린이대공원정문,202101,219
광진구,3533. 건대입구역 사거리(롯데백화점),202101,1380
광진구,3534. 건대입구역 5번출구 뒤,202101,860
광진구,3535. 중곡사거리(국민은행),202101,676
광진구,3536. 중앙농협(자양동),202101,743
광진구,3537. 아차산 휴먼시아 아파트 옆,202101,268
광진구,3541. 커먼그라운드,202101,986
광진구,3542. 래미안 구의파크 스위트,202101,543
광진구,3543. 세종대학교(학술정보원),202101,85
광진구,3563.구의7단지현대아파트,202101,83
광진구,3564.나루마당,202101,31
광진구,3566.우성4차아파트,202101,550
광진구,3569.건대병원후문,202101,846
광진구,3570.구의역 리버비스타 오피스텔,202101,650
광진구,3571.화양 APT(횡단보도 옆),202101,1058
광진구,3573.광나루안전체험관,202101,400
광진구,3575.자양사거리 (LG 유플러스),202101,566
광진구,3578.중곡동 파크웨이빌딩,202101,279
광진구,3579.광진 캠퍼스시티,202101,914
광진구,3581.광진광장,202101,421
광진구,3582.화양동 우체국,202101,419
광진구,3586.군자역 비채온 오피스텔,202101,459
광진구,3587.우성식품 앞,202101,314
광진구,3588.세종대학교(영실관),202101,179
광진구,3853. 어린이대공원역 2번출구,202101,61
광진구,3863. 동일로58길 입구,202101,48
광진구,3864. 광진소방서 앞,202101,68
광진구,3865. 이튼타워리버 2차,202101,70
광진구,3873. 동서울우편집중국 앞,202101,72
광진구,3878. 장로회신학대학교 주기철 기념관,202101,10
광진구,500. 어린이대공원역 3번출구 앞,202101,876
광진구,501. 광진구의회 앞,202101,449
광진구,502. 뚝섬유원지역 1번출구 앞,202101,2566
광진구,505. 자양사거리 광진아크로텔 앞,202101,831
광진구,515. 광양중학교 앞,202101,361
광진구,516. 광진메디칼 앞,202101,459
광진구,539. 군자교교차로,202101,525
광진구,540. 군자역 7번출구 베스트샵 앞,202101,487
광진구,542. 강변역 4번출구 뒤,202101,461
광진구,543. 구의공원(테크노마트 앞),202101,424
광진구,544. 광남중학교,202101,260
광진구,546. 잠실대교북단 교차로,202101,461
광진구,548. 자양나들목,202101,759
광진구,549. 아차산역 3번출구,202101,737
광진구,551. 구의삼성쉐르빌 앞,202101,778
광진구,552. 대림아크로리버 앞,202101,211
광진구,553. 중곡 성원APT 앞,202101,370
광진구,555. 구의3동주민센터,202101,132
광진구,571. 어린이대공원역6번출구,202101,293
광진구,572. 국립정신 건강센터 앞,202101,174
광진구,573. 구의문주차장 앞,202101,553
광진구,574. 아차산역4번출구,202101,880
광진구,575. 중앙농협 중곡지점,202101,99
광진구,576. 광나루역 3번 출구,202101,565
광진구,577. 광진청소년수련관,202101,462
광진구,584. 광진광장 교통섬,202101,607
광진구,588. 뚝섬 유원지역,202101,478
광진구,590. 건국대학교 (입학정보관),202101,305
광진구,591. 건국대학교 (행정관),202101,99
광진구,592. 건국대학교 학생회관,202101,331
광진구,593.자양중앙나들목,202101,899
구로구,1901. 신도림동주민센터 앞,202101,432
구로구,1904. 도림천역 1번 출구 앞,202101,530
구로구,1906. 신도림역 1번 출구 앞,202101,1673
구로구,1907. 구일우성(아) 육교 밑,202101,331
구로구,1908. 해원리바파크 육교 밑,202101,451
구로구,1910. 낙원교회 맞은편,202101,79
구로구,1911. 구로디지털단지역 앞,202101,1894
구로구,1912. 한신휴아파트 앞,202101,441
구로구,1913. 구로리공원,202101,254
구로구,1914. 대림역4번출구,202101,686
구로구,1916. 구로중학교앞,202101,246
구로구,1920. 서울미래초등학교 사거리,202101,370
구로구,1924. 삼부르네상스파크빌,202101,219
구로구,1925. 동양미래대학교 정문 옆,202101,1021
구로구,1928. 고척스카이돔구장 광장,202101,261
구로구,1929. 고척근린공원 고척도서관 앞,202101,255
구로구,1930. 개봉지구대 개봉치안센터,202101,372
구로구,1931. 개봉역(북측광장),202101,471
구로구,1933. 개봉푸르지오아파트 상가,202101,387
구로구,1936. 개봉역 1번 출구 자전거보관서쪽,202101,260
구로구,1937. 한진아파트 입구,202101,316
구로구,1941. 오류동역 2번출구,202101,418
구로구,1943. 온수역 북측,202101,103
구로구,1946. 구로역 광장,202101,726
구로구,1951. 천왕이펜하우스 4단지 상가 앞,202101,60
구로구,1952. 천왕연지타운2단지 앞,202101,454
구로구,1953. 천왕역 4번출구 뒤,202101,286
구로구,1955. 디지털입구 교차로,202101,819
구로구,1956. 도야미리숯불갈비 앞,202101,402
구로구,1957. 구일고등학교 정문,202101,445
구로구,1958. 강서수도사업소민원센터,202101,482
구로구,1959. 구로구의회 앞,202101,308
구로구,1960. 화광신문사 앞,202101,498
구로구,1961. 신도림테크노근린공원,202101,1309
구로구,1962. 가리봉동주민센터,202101,472
구로구,1964. 원메디타운 앞,202101,348
구로구,1965. 삼환로즈빌아파트 105동 옆,202101,293
구로구,1966. 한마을아파트 정문상가,202101,348
구로구,1967. 참새공원(백곡경노당),202101,146
구로구,1968. 동인오피스텔 건너편 소공원,202101,124
구로구,1969. 궁동생태공원,202101,30
구로구,1971. 오정초교 앞 보도육교,202101,158
구로구,1973. 오리로와 서해안도로 교차로 앞,202101,160
구로구,1974. 신도림2차e편한세상아파트 203동 앞,202101,338
구로구,1975. 대림역 1번 출입구 밑,202101,362
구로구,1976. 남구로역 5번 출입구 앞,202101,177
구로구,1977. 천왕역 1번 출입구 앞,202101,428
구로구,1979. 구로1동우체국 앞,202101,104
구로구,1981. 천왕이펜하우스5단지 앞,202101,198
구로구,1983. 구로동롯데아파트,202101,453
구로구,1984. 구로구청,202101,301
구로구,1985. 구로도서관,202101,849
구로구,1986. 태평양물산빌딩,202101,749
구로구,1987. 개봉아이파크아파트 앞,202101,428
구로구,1988. 고척LIGA아파트 앞,202101,509
구로구,1991. 오류동역 맞은편,202101,502
구로구,1992. 구로구배드민턴실내체육관 앞,202101,75
구로구,1993. 금강수목원아파트 앞,202101,222
구로구,1994. 삼성전자 물류센터 앞,202101,323
구로구,1996. 구일역 1번 출입구 앞,202101,719
구로구,1998. 고척교 교차로,202101,330
구로구,1999. 수궁동 성당 주변,202101,91
구로구,2000. 신도림4차 e편한세상 아파트 1109동 앞,202101,383
구로구,2801. 대륭포스트타워1차,202101,646
구로구,2804.항동지구 6단지 602동 앞,202101,126
구로구,2805.구로자원순환센터,202101,48
구로구,2806.항동지구 4단지 입구,202101,49
구로구,2807.항동지구 1단지 105동 앞,202101,100
구로구,2808.항동지구 2단지 202동 앞,202101,104
구로구,2809.항동지구 11단지 1103동 앞,202101,50
구로구,2810.항동지구 3단지 311동 앞,202101,57
구로구,2812.항동프라자,202101,48
구로구,2813.항동지구 3단지 302동 앞,202101,40
구로구,2814.항동지구 10단지 1001동 앞,202101,61
구로구,2815.항동지구 7단지 정문,202101,102
구로구,2816.항동지구 8단지 803동옆(주차장입구),202101,43
구로구,2817.천왕이펜하우스5단지 앞,202101,60
구로구,2818.천왕이펜하우스3단지 앞,202101,55
구로구,2819.하늘숲초등학교 앞,202101,179
구로구,2820.신세기아파트 앞,202101,275
구로구,2821.청구아파트 앞,202101,367
구로구,2822.제니스스포츠 앞,202101,126
구로구,2823.중앙유통단지 앞,202101,231
구로구,2824.미래사랑어린이공원 앞,202101,530
구로구,2825.초롱타운 앞,202101,153
구로구,2826.가마산지하보도 옆,202101,112
구로구,3902. 항동지구5단지 501동 앞,202101,81
구로구,3903. 현대아파트 앞,202101,96
구로구,3904. 테크노마트 앞,202101,580
구로구,3905. 희훈타워빌 앞,202101,296
구로구,3906. 천왕차량사업소 입구,202101,139
금천구,1804. 독산역 2번출구 자전거주차장,202101,452
금천구,1805. 서울디지털운동장 앞,202101,271
금천구,1806. 에이스하이엔드타워9차 앞,202101,321
금천구,1808. 에이스하이엔드타워8차 앞,202101,304
금천구,1809. LG전자 별관동(호서대 벤처타워 맞은편),202101,167
금천구,1812. 갑을그레이트밸리 앞,202101,282
금천구,1814. 두산위브아파트 옆 상가건물 앞,202101,305
금천구,1816. 금천폭포공원 앞,202101,64
금천구,1819. 금천구청 앞 자전거거치대,202101,231
금천구,1820. 신한은행 시흥대로금융센터지점,202101,104
금천구,1821. 홈플러스 시흥점 맞은편 다비치안경 앞,202101,211
금천구,1822. 서울 시흥동우체국 앞,202101,343
금천구,1823. 상신정비공업 앞,202101,74
금천구,1824. 독산근린공원 입구,202101,513
금천구,1825. 한신아파트 앞 육교 아래,202101,231
금천구,1826. 한신코아 앞,202101,170
금천구,1827. 독산보도육교 앞 자전거 보관소,202101,982
금천구,1828. 한양수자인아파트 앞,202101,156
금천구,1829. 홈플러스 금천점 앞,202101,339
금천구,1830. 빅마켓 금천점 앞,202101,393
금천구,1831. 메이퀸웨딩컨벤션 앞,202101,154
금천구,1833. 독산역 1번출구 앞 자전거보관소,202101,442
금천구,1834. 월드메르디앙 벤처센터 2차,202101,590
금천구,1835. STX V타워,202101,304
금천구,1836. 금천구립 독산도서관,202101,20
금천구,1839. 수출의 다리 아래,202101,182
금천구,1840. 솔브레인이엔지 뒤편,202101,277
금천구,1841. 가산동 주민센터,202101,389
금천구,1842. 한울중학교,202101,97
금천구,1843. 독산고등학교,202101,162
금천구,1845. 롯데캐슬골드파크1차 서문,202101,199
금천구,1846. 롯데캐슬골드파크1차 동문,202101,233
금천구,1847. 독산주공 14단지 버스정류소,202101,79
금천구,1848. 벽산 디지털밸리 5차,202101,400
금천구,1849. 대륭포스트타워5차,202101,91
금천구,1850. 코오롱테크노밸리,202101,91
금천구,1851. 가산디지털단지 7번출구,202101,682
금천구,1852. 혜명양로원 담장 옆,202101,165
금천구,1853. 서울디자인직업전문학교 앞,202101,194
금천구,1854. 가산아네스트 오피스텔 앞,202101,164
금천구,1855. 성지아파트 옆 도로변,202101,67
금천구,1856. 모두의학교,202101,370
금천구,1857. 주공14단지,202101,147
금천구,1858. 석수역1번출구 앞 (SK주유소),202101,159
금천구,1859. 대륭테크노타운 18차,202101,221
금천구,1861.IBK기업은행 석수역 지점 앞,202101,45
금천구,1862.스타즈호텔독산 빌딩 앞,202101,192
금천구,1863.위너스 스포츠클럽 골프연습장옆,202101,98
금천구,1864.산호시티빌 옆,202101,68
금천구,1865.금천구청앞(M빌딩),202101,115
금천구,1866.서울안천초등학교 옆,202101,57
금천구,1867.대륭포스트타워6차 앞,202101,663
금천구,1868.우리은행 시흥남자동화점 앞,202101,115
금천구,1869.롯데캐슬골드파크3차 301동 앞,202101,186
금천구,1870.독산3동주민센터 앞,202101,163
노원구,1601. 석계역 문화광장 내 자전거 보관소,202101,891
노원구,1602. 광운대역 앞,202101,475
노원구,1605. 헬스케어,202101,649
노원구,1606. 태릉입구역 3번출구,202101,398
노원구,1608. 공릉역 1번 출구 앞,202101,1182
노원구,1610. 화랑대역 2번출구 앞,202101,783
노원구,1611. 과기대 입구(우),202101,871
노원구,1616. 하계2동 공항버스정류장 옆,202101,1007
노원구,1617. 하계동 중평어린이공원 앞,202101,827
노원구,1619. 중계동 하나프라자빌딩 앞(중1-1),202101,678
노원구,1620. 중계동 노원구민체육센터 옆(중1-2),202101,551
노원구,1625. 상계역(4번출구),202101,1060
노원구,1627. 수락산역 4번출구,202101,95
노원구,1628. 노일초등학교 앞,202101,268
노원구,1630. 수연빌딩 앞,202101,350
노원구,1634. 당고개공원 대여소,202101,412
노원구,1635. 상계3.4동 주민센터 대여소,202101,133
노원구,1636. 백병원 사거리 농협은행 앞,202101,1002
노원구,1637. KT 노원점 건물 앞,202101,806
노원구,1639. 희성오피앙,202101,413
노원구,1640. 한내근린공원 북측,202101,337
노원구,1641. 한내근린공원 남측,202101,150
노원구,1642. 서울여대 남문,202101,221
노원구,1643. 태릉입구역 8번출구,202101,688
노원구,1646. 삼육대 입구,202101,182
노원구,1650. 중계근린공원내,202101,909
노원구,1651. 맥도날드 상계점 앞,202101,293
노원구,1652. 파르코 앞,202101,146
노원구,1653. 노원역1번출구,202101,1082
노원구,1654. 당고개입구 오거리,202101,334
노원구,1655. 공릉1단지아파트,202101,943
노원구,1656. 중앙하이츠 아파트 입구,202101,695
노원구,1657. 노원구청,202101,487
노원구,1659. 중계동 을지중학교,202101,304
노원구,1660. 서울시립과학관,202101,154
노원구,1661. 당현천근린공원,202101,537
노원구,1662. 노원역7번출구,202101,525
노원구,1663. 동해문화예술관앞,202101,620
노원구,1664. 노해근린공원내,202101,157
노원구,1665. 양지근린공원앞,202101,279
노원구,1666. 노원소방서인근,202101,535
노원구,1667. 중계중학교,202101,568
노원구,1668. 중계역 6번출구,202101,640
노원구,1669. 중계역 3번출구,202101,754
노원구,1670. 노원경찰서교차로,202101,585
노원구,1671. 인덕대학교,202101,274
노원구,1672. 상계동수락리버시티,202101,185
노원구,1673. 노원역 5번출구,202101,1147
노원구,1674. 서울북부고용센터앞,202101,705
노원구,1675. 월계문화체육센터,202101,43
노원구,1677. 육군사관학교 앞,202101,349
노원구,1678. 성서대학교 밀알관,202101,88
노원구,1679. 삼육대 도서관,202101,44
노원구,1680. 삼육대 제3과학관,202101,18
노원구,1681. 현대6차 아파트,202101,344
노원구,1682. 중계종합사회복지관 교차로,202101,354
노원구,1683. 노원문화예술회관,202101,435
노원구,1684. 태릉입구역 5번출구,202101,879
노원구,1685. 불암고등학교 앞 횡단보도,202101,270
노원구,1686. 온수골사거리(스타벅스앞),202101,927
노원구,1688. 마들역 7번출구,202101,676
노원구,1689. 마들역 3번출구,202101,434
노원구,1690. 도봉운전면허시험장,202101,397
노원구,1691. 노원정보도서관,202101,315
노원구,1692. 온곡초교 교차로,202101,393
노원구,1693. 원자력 병원,202101,146
노원구,1695.월계미륭아파트 정문,202101,283
노원구,1696.수락리버시티4단지,202101,151
노원구,1697.상계주공2단지 219동,202101,440
노원구,1700.상계보람아파트 202동,202101,322
노원구,2901.공릉동풍림아파트 101동,202101,287
노원구,2902.공릉풍림아파트 108동,202101,387
노원구,2903.월계초안아파트 1단지,202101,208
노원구,2904.중계3차청구아파트,202101,413
노원구,2905.중계주공6단지,202101,219
노원구,2907. 월계중학교,202101,164
노원구,2908. 광운대학교 중앙도서관,202101,427
노원구,2909. 석계역 3번 출구,202101,389
노원구,2910.도깨비시장,202101,785
노원구,2911.상계역중앙시장,202101,551
노원구,2912.대진고등학교,202101,402
노원구,2913.상계8동 주민센터,202101,540
노원구,2914.서울과학기술대학교(미래관),202101,148
노원구,2915.서울과학기술대학교(어학교육원),202101,422
노원구,2917.신창중학교 후문 맞은편 버스정류장,202101,346
노원구,2918.골마을 근린공원,202101,1
노원구,2919.등나무 근린공원(시립북서울미술관 앞),202101,802
노원구,2920.상계중학교(당현2교사거리),202101,284
노원구,2921.중계역 2번출구,202101,624
도봉구,1702. 녹천역 1번출구 앞,202101,206
도봉구,1703. 도봉산광역환승센터앞,202101,120
도봉구,1705. 도봉구청 정문앞,202101,437
도봉구,1706. 기업은행 앞,202101,243
도봉구,1707. 도봉구민회관,202101,402
도봉구,1708. 보건소사거리(다비치안경창동점),202101,486
도봉구,1709. 쌍문역4번출구 주변,202101,334
도봉구,1713. 쌍문동 이안아파트 앞,202101,139
도봉구,1714. 도봉문화정보도서관 삼거리,202101,88
도봉구,1715. 서울특별시교육청도봉도서관,202101,285
도봉구,1716. 하나로마트 창동점,202101,608
도봉구,1717. 시립창동운동장 입구,202101,132
도봉구,1719. 신도봉사거리 버스정류장,202101,228
도봉구,1720. 도봉구청 옆(중랑천변),202101,613
도봉구,1721. 창동역 2번출구,202101,906
도봉구,1722. 창동청소년수련관,202101,255
도봉구,1723. 방학동학마을도서관,202101,142
도봉구,1725. 창1동주민센터,202101,146
도봉구,1726. 삼익세라믹아파트교차로,202101,377
도봉구,1727. 서울도봉초등학교인근,202101,121
도봉구,1728. 서울북부지방법원,202101,90
도봉구,1729. 파리바게트앞,202101,273
도봉구,1730. 도봉산역 교차로 앞,202101,57
도봉구,1731. 도봉고등학교 맞은편,202101,80
도봉구,1732. 우리은행 앞,202101,188
도봉구,1733. 방학사거리 (봄마당 앞),202101,507
도봉구,1734. 쌍문현대1차아파트 108동 앞,202101,288
도봉구,"1735. 도봉역 1,2번 출구사이 건너편",202101,219
도봉구,1736. 버스정류장 앞,202101,159
도봉구,1737. 하나은행 (창동점),202101,603
도봉구,1738. 창동주공17단지 상가앞,202101,592
도봉구,1741. 제일강산수산입구,202101,581
도봉구,1742. 북한산 코오롱 하늘채,202101,475
도봉구,1743.창동19단지아파트 관리사무소앞,202101,285
도봉구,1744.KT방학지사 앞,202101,348
도봉구,1746. 다이소방학점 앞,202101,168
도봉구,1748. 피자헛 앞(도봉병원 옆),202101,112
도봉구,1749. ESA아파트 상가 앞,202101,282
도봉구,1750. 창포원 남쪽 입구,202101,322
도봉구,1751. 창원초등학교 교차로,202101,178
도봉구,1752. 창동 주공 4단지 입구 옆,202101,221
도봉구,1754. 창동시장입구 사거리,202101,267
도봉구,1756.서울북부광역등기국,202101,146
도봉구,1757.솔밭공원역 1번출구 앞,202101,196
도봉구,1758.북서울교회 버스정류소 앞,202101,197
도봉구,1759.서울북부지방법원 앞,202101,180
도봉구,1761.방학중학교 앞,202101,185
도봉구,1762.북한산 한신휴플러스APT앞,202101,469
도봉구,1765.쌍문역 1번 출구(양산부인과 빌딩),202101,237
도봉구,1767.태양중앙교회 앞,202101,476
도봉구,1768.신동아타워 버스정류소,202101,244
도봉구,1770.도봉한신아파트 주변,202101,201
도봉구,1771.성원APT버스정류소,202101,332
도봉구,1772.시립도봉노인복지관 버스정류소,202101,213
도봉구,1774.반석교회(쌍문동),202101,163
도봉구,1775.신원리베르텔 앞,202101,276
도봉구,4076. 진영상운 앞 중랑천 변,202101,542
동대문구,4102. 휘경1동주민센터 앞,202101,185
동대문구,4103. 휘경sk뷰아파트 앞,202101,158
동대문구,4104. 외대앞역 교차로,202101,291
동대문구,4105. 하나은행 장안동지점앞,202101,153
동대문구,4107. 장안동근린공원 입구,202101,141
동대문구,4108. 답십리파크자이아파트 앞,202101,307
동대문구,4110. 용두롯데캐슬리치아파트 앞,202101,183
동대문구,4112. 신이문빗물펌프장 옆,202101,56
동대문구,4113. 한국국방연구원 앞,202101,247
동대문구,4114. 휘경여중고삼거리,202101,121
동대문구,4116. 이문e편한세상아파트 앞,202101,136
동대문구,4117. 휘경119안전센터 앞,202101,221
동대문구,4121. 서울문화재단 앞,202101,313
동대문구,4122. 청계9가교차로 앞,202101,409
동대문구,4123. 배봉초교 교차로,202101,148
동대문구,600. 휘경2동 주민센터,202101,79
동대문구,601. 용신동주민센터,202101,338
동대문구,602. 장안동 사거리,202101,1100
동대문구,604. 답십리초등학교 옆 공원,202101,332
동대문구,605. 신설동역8번출구,202101,456
동대문구,606. 휘경공고앞,202101,237
동대문구,607. 신이문역 2번출구,202101,228
동대문구,608. 전농삼성아파트,202101,87
동대문구,609. 제기2교,202101,708
동대문구,610. 동대문중 교차로,202101,320
동대문구,612. 시립동부병원 앞 사거리,202101,715
동대문구,613. 신설동역 10번출구 앞,202101,676
동대문구,614. 용두동 사거리,202101,557
동대문구,615. 용두동 래미안허브리츠아파트 앞,202101,488
동대문구,616. 서울시립대 앞,202101,55
동대문구,617. 청솔우성아파트 앞,202101,370
동대문구,621. 동대문중학교 옆,202101,141
동대문구,622. 전농사거리 교통섬,202101,338
동대문구,623. 서울시립대 정문 앞,202101,640
동대문구,624. 전농동 동아아파트 앞,202101,529
동대문구,625. 답십리초등학교 앞(현대시장 옆),202101,520
동대문구,626. 군자교 서측 녹지대,202101,543
동대문구,627. 장안동삼거리 교통섬,202101,518
동대문구,628. 휘봉고등학교 앞,202101,182
동대문구,630. 동대문구 보건소,202101,770
동대문구,631. 답십리역 1번출구,202101,971
동대문구,633. 청량리 기업은행 앞,202101,586
동대문구,634. 외국어대 정문 앞,202101,901
동대문구,635. 시조사 앞 (청량고정문 옆),202101,483
동대문구,636. 세종대왕기념관 교차로,202101,160
동대문구,637. KAIST 경영대학 앞,202101,367
동대문구,638. 서울시립대 정보기술관,202101,139
동대문구,639. 서울시립대 후문,202101,233
동대문구,640. KEB하나은행 청량리역지점,202101,327
동대문구,641. 용두역 4번출구,202101,803
동대문구,642. 신답역 사거리,202101,453
동대문구,643. 동대문구민체육센터 (육교아래),202101,518
동대문구,646. 장한평역 1번출구 (국민은행앞),202101,1517
동대문구,647. 신이문역 1번출구,202101,256
동대문구,648. 장안동위더스빌옆,202101,968
동대문구,650. 중랑교사거리,202101,462
동대문구,652. 답십리 래미안엘파인아파트 입구,202101,223
동대문구,654. 전농동 텃골공원,202101,274
동대문구,656. 영휘원 교차로,202101,245
동대문구,657. 동대문롯데캐슬아파트 앞,202101,491
동대문구,658. 촬영소 사거리,202101,433
동대문구,659. 제기역1번출구,202101,706
동대문구,660. 동의보감타워,202101,617
동대문구,661. 경희대학교 청운관,202101,310
동대문구,663. 외대앞역 4번출구,202101,427
동대문구,664. 서울시립대 대학본부,202101,193
동대문구,665.이문동 쌍용아파트 정문,202101,237
동대문구,666.이문대성유니드아파트 앞,202101,161
동대문구,667.청량차도 육교 밑,202101,166
동대문구,668.서울축산농협(장안지점),202101,803
동대문구,669.청계한신휴플러스앞 삼거리,202101,454
동대문구,670.삼육서울병원 버스정류장,202101,796
동대문구,671.대광빌딩,202101,165
동대문구,672.대광고등학교,202101,205
동대문구,673.안암골벽산아파트(후문),202101,318
동대문구,674.고대앞사거리 교통섬,202101,484
동대문구,675.성복교회 앞 (장평교 아래),202101,375
동대문구,676.FITI시험연구원 앞,202101,348
동대문구,677.청량리역 4번 5번출구 사이,202101,688
동대문구,678.장안힐스테이트(아) 앞,202101,458
동대문구,679.전농SK아파트 앞,202101,111
동대문구,680.꿈마루어린이도서관 앞,202101,510
동대문구,681.서울특별시 동부교육지원청(육교),202101,88
동작구,2002. 노들역 1번출구,202101,857
동작구,2003. 사육신공원앞,202101,293
동작구,2007. 유한양행앞,202101,432
동작구,2008. 노량진근린공원 대방공원,202101,112
동작구,2009. 보라매역 8번출구,202101,263
동작구,2012. 녹십초요양병원앞,202101,280
동작구,2013. 장승배기역 5번출구,202101,628
동작구,2015. 신대방삼거리역 6번출구쪽,202101,755
동작구,2016. 신대방삼거리역 3번출구쪽,202101,495
동작구,2020. 장승배기역2번출구뒷편쪽,202101,349
동작구,2024. 상도역 1번출구,202101,179
동작구,2025. 흑석역 1번출구,202101,745
동작구,2026. 흑석역 4번출구,202101,193
동작구,2027. 중앙대학교 정문,202101,110
동작구,2032. 이수역 11번출구쪽,202101,525
동작구,2033. 사당동 아르테스 웨딩앞,202101,350
동작구,2034. 사당역 7번출구쪽,202101,370
동작구,2036. 정금마을 마을버스정류장,202101,284
동작구,2037. 동작역 5번출구 동작주차공원,202101,217
동작구,2038. 동작역 7번출구,202101,78
동작구,2040. 비계 버스정류소,202101,68
동작구,2041. 사당중학교 버스정류소,202101,163
동작구,2048. 삼일초등학교 인근,202101,267
동작구,2050. 노량진역 5번출구,202101,837
동작구,2054. 삼익아파트,202101,377
동작구,2056. 동작구민 체육센터,202101,461
동작구,2057. 상도 아이파크 아파트,202101,211
동작구,2058. 노량진동 맥도널드앞,202101,521
동작구,2059. 보라매공원 정문,202101,524
동작구,2060. 남성역3번출구 뒤,202101,487
동작구,2061. 한강 현대아파트 건너편,202101,91
동작구,2062. 사당새마을금고,202101,178
동작구,2063. 대방역 4번출구,202101,309
동작구,2064. 흑석한강푸르지오 106동앞,202101,116
동작구,2065. 서울시여성가족재단,202101,180
동작구,2066. 양문교회 앞,202101,547
동작구,2067. LG전자 베스트? 대리점 앞,202101,339
동작구,2068. 총신대 앞(육교),202101,65
동작구,2069. 숭실대 입구역3번 출구 앞,202101,232
동작구,2070. 노량진역 2번 출구 앞,202101,330
동작구,2071. 대림아파트 후문 상가 옆,202101,208
동작구,2076.노들나루공원 입구,202101,656
동작구,2077.노들역 3번출구,202101,259
동작구,2078.흑석 아크로리버하임(103동),202101,92
동작구,2079.중앙대학교 정문,202101,59
동작구,2080.빕스 대방점 앞,202101,518
동작구,2081.대방1차 e편한세상 앞,202101,256
동작구,2082.7호선 이수역7번출구,202101,212
동작구,2083.흑석롯데캐슬에듀포레(107동),202101,107
동작구,2084.e편한세상 상도노빌리티 앞,202101,291
동작구,2085.강남중학교 앞,202101,300
동작구,2086.삼일수영장 앞,202101,220
동작구,2088.상도중앙하이츠빌 입구,202101,107
동작구,2089.사당역10번출구(금강빌딩),202101,289
동작구,2090.기아자동차 사당점 앞,202101,255
동작구,2091.이수역9번출구(맥도날드),202101,301
동작구,2092.흑석한강푸르지오(110동),202101,104
동작구,2093.상도SH빌아파트 입구,202101,72
동작구,2094.숭실대학교(중문),202101,82
동작구,2095.경문고등학교 앞,202101,183
동작구,2096.서울특별시 동작관악교육지원청,202101,43
동작구,237. 보라매 두산위브 건너편,202101,518
마포구,101. (구)합정동 주민센터,202101,372
마포구,102. 망원역 1번출구 앞,202101,1107
마포구,103. 망원역 2번출구 앞,202101,625
마포구,104. 합정역 1번출구 앞,202101,540
마포구,105. 합정역 5번출구 앞,202101,484
마포구,106. 합정역 7번출구 앞,202101,1031
마포구,107. 신한은행 서교동금융센터점 앞,202101,663
마포구,108. 서교동 사거리,202101,506
마포구,109. 제일빌딩 앞,202101,452
마포구,111. 상수역 2번출구 앞,202101,344
마포구,112. 극동방송국 앞,202101,315
마포구,114. 홍대입구역 8번출구 앞,202101,1338
마포구,118. 광흥창역 2번출구 앞,202101,414
마포구,119. 서강나루 공원,202101,433
마포구,120. 신수동 사거리,202101,176
마포구,121. 마포소방서 앞,202101,261
마포구,122. 신성기사식당 앞,202101,431
마포구,124. 서강대 정문 건너편,202101,542
마포구,125. 서강대 남문 옆,202101,228
마포구,126. 서강대 후문 옆,202101,626
마포구,127. 현대벤처빌 앞,202101,188
마포구,129. 신촌역(2호선) 6번출구 옆,202101,256
마포구,130. 신촌역(2호선) 7번출구 앞,202101,570
마포구,136. 대흥동 주민센터,202101,176
마포구,142. 아현역 4번출구 앞,202101,201
마포구,143. 공덕역 2번출구,202101,380
마포구,144. 공덕역 8번출구,202101,982
마포구,145. 공덕역 5번출구,202101,375
마포구,146. 마포역 2번출구 뒤,202101,834
마포구,147. 마포역 4번출구 뒤,202101,765
마포구,148. 용강동 주민센터 앞,202101,661
마포구,150. 서강대역 2번출구 앞,202101,306
마포구,151. 망원1동주민센터,202101,827
마포구,152. 마포구민체육센터 앞,202101,1916
마포구,153. 성산2교 사거리,202101,803
마포구,154. 마포구청역,202101,911
마포구,155. 가좌역1 번출구 뒤,202101,450
마포구,156. 서울서부지방법원 앞,202101,258
마포구,157. 애오개역 4번출구 앞,202101,511
마포구,181. 망원초록길 입구,202101,135
마포구,182. 망원2빗물펌프장 앞,202101,715
마포구,183. 하늘채코오롱아파트 건너편,202101,808
마포구,184. SK망원동주유소 건너편,202101,772
마포구,185. 마포 신수공원 앞,202101,441
마포구,186. 월드컵공원,202101,1078
마포구,199. 서울 월드컵 경기장,202101,203
마포구,3002.벽산상암스마트큐브,202101,756
마포구,3003.래미안신공덕3차아파트,202101,25
마포구,3005.마포구청 청사내,202101,195
마포구,3006. 상암월드컵파크5단지(상암중학교),202101,84
마포구,3007.MBC 앞,202101,308
마포구,3008.DMC역7번출구,202101,266
마포구,3009.서교동사거리(신),202101,531
마포구,3010.홍대입구역 3번출구,202101,1471
마포구,3011.경의선(노고산동),202101,432
마포구,400. 상암한화오벨리스크 1차 앞,202101,347
마포구,401. 상암월드컵파크 10단지 앞,202101,360
마포구,402. 상암월드컵파크 9단지 앞,202101,249
마포구,403. 부엉이공원 앞,202101,245
마포구,405. DMC빌 앞,202101,236
마포구,406. 상암월드컵파크 7단지 앞,202101,255
마포구,407. 마포구 육아종합지원센터,202101,260
마포구,408. LG CNS앞,202101,294
마포구,409. 누리꿈스퀘어 옆,202101,737
마포구,410. 상암중학교 옆,202101,126
마포구,411. DMC홍보관,202101,433
마포구,412. DMC산학협력연구센터 앞,202101,530
마포구,413. 상암월드컵파크 3단지 후문,202101,263
마포구,414. 상암동주민센터 옆,202101,418
마포구,415. DMC역 9번출구 앞,202101,804
마포구,416. 상암월드컵파크 1단지 교차로,202101,276
마포구,417. DMC역 2번출구 옆,202101,404
마포구,418. 월드컵경기장역 3번출구 옆,202101,969
마포구,419. 홈플러스 앞,202101,893
마포구,420. 서울시 공공자전거 상암센터,202101,519
마포구,4202. 프런트원(공덕역4번출구 앞),202101,63
마포구,4205. 디지털미디어씨티역2번출구,202101,197
마포구,4206. 광흥창역5번출구,202101,100
마포구,4207. 아만티호텔 앞,202101,69
마포구,4208. 스타벅스(동교동) 앞,202101,89
마포구,421. 마포구청 앞,202101,618
마포구,4210. 가좌행복주택 앞,202101,122
마포구,4211. 시석빌딩 앞,202101,96
마포구,4212. 한화오벨리스크 앞,202101,61
마포구,4213. 마포구중앙도서관 정문 앞,202101,165
마포구,4214. JTBC 앞,202101,49
마포구,422. 문화비축기지,202101,92
마포구,424. 롯데하이마트 (상암월드컵점),202101,163
마포구,425. DMC첨단산업센터,202101,293
마포구,426. 서울신용보증재단,202101,438
마포구,427. 성산시영아파트,202101,414
마포구,432. 마포중앙도서관,202101,108
마포구,436. 이대역 5번출구,202101,224
마포구,437. 대흥역 1번출구,202101,345
마포구,438. 성산2-1 공영주차장,202101,619
마포구,439. 마포어린이공원,202101,884
마포구,440. 하늘공원 입구,202101,288
마포구,487.신석초교앞 교차로 교통섬,202101,496
마포구,489.구룡근린공원,202101,140
마포구,490.가온문화공원,202101,340
마포구,491.월드컵파크 4단지,202101,139
마포구,492.성산시영아파트 후문,202101,348
마포구,493.홍대입구역 6번출구,202101,713
마포구,494.신수동주민센터,202101,154
마포구,495.염리초등학교 앞,202101,329
마포구,497.합정동주민센터 앞,202101,802
마포구,498.연남동주민센터 앞,202101,606
서대문구,115. 마스타 빌딩 앞,202101,327
서대문구,116. 일진아이윌아파트 옆,202101,586
서대문구,117. 홍은사거리,202101,1089
서대문구,123. 문화촌 공원,202101,744
서대문구,128. 신촌역(2호선) 1번출구 옆,202101,549
서대문구,131. 증산2교,202101,767
서대문구,133. 해담는다리,202101,686
서대문구,134. 연세로 명물길,202101,412
서대문구,135. 명물길 원형무대 앞,202101,220
서대문구,137. NH농협 신촌지점 앞,202101,204
서대문구,138. 신촌동 제1공영주차장 앞,202101,314
서대문구,139. 연세대 정문 건너편,202101,118
서대문구,140. 이화여대 후문,202101,261
서대문구,141. 연대 대운동장 옆,202101,199
서대문구,158. 독립문 어린이 공원,202101,174
서대문구,159. 이대역 4번 출구,202101,205
서대문구,160. 북아현동 가구거리,202101,259
서대문구,161. 무악재역1번 출구,202101,97
서대문구,162. 봉원고가차도 밑,202101,351
서대문구,163. 명지전문대학교 정문 앞,202101,128
서대문구,164. 북가좌1동 주민센터,202101,175
서대문구,165. 중앙근린공원,202101,500
서대문구,166. 가재울 초등학교,202101,549
서대문구,167. 연가초등학교 옆,202101,188
서대문구,169. 북가좌 삼거리,202101,177
서대문구,170. 가재울 뉴타운 주유소 옆,202101,387
서대문구,171. 임광빌딩 앞,202101,270
서대문구,173. 서대문역 8번출구 앞,202101,222
서대문구,175. 홍연2교옆,202101,744
서대문구,176. 명지대학교 도서관,202101,498
서대문구,177. 북가좌 초등학교,202101,269
서대문구,178. 증산3교 앞,202101,574
서대문구,179. 가좌역 4번출구 앞,202101,613
서대문구,180. 충정로역 7번출구 아래,202101,296
서대문구,188. 홍은동 정원여중 입구,202101,301
서대문구,191. 서우빌딩(바른학원),202101,360
서대문구,192. 연서어린이공원,202101,199
서대문구,194. 증산교 앞,202101,748
서대문구,195. 모래내고가차도,202101,302
서대문구,196. 연희교차로 인근,202101,153
서대문구,198. 충정2교,202101,298
서대문구,3100. 북성초교,202101,105
서대문구,3101. 서대문구청,202101,337
서대문구,3102. 연희삼거리,202101,308
서대문구,3103. 홍제삼거리 북측,202101,313
서대문구,3104. e편한세상 신촌4단지 앞,202101,201
서대문구,3105. 홍은센트레빌 아파트 앞,202101,117
서대문구,3106. 홍남교 두바퀴쉼터,202101,595
서대문구,3107. 연희초등학교 앞,202101,156
서대문구,3109.북한산더? 106동 앞,202101,73
서대문구,3110.홍은 현대아이파크 아파트 202동 앞,202101,211
서대문구,3111.무악재역 4번 출구,202101,72
서대문구,3113.독립문역사거리,202101,282
서대문구,3114.충정로역 3번 출구,202101,183
서대문구,3115.북아현 치안센터 인근,202101,305
서대문구,3116.신촌역 4번출구,202101,261
서대문구,3117.이화여대 인문관 인근,202101,57
서대문구,3119.연희 브라운스톤 아파트 앞,202101,484
서대문구,3120.DMC엘가아파트 앞,202101,266
서대문구,3121.가좌삼거리,202101,331
서대문구,3122.북가좌삼거리2,202101,241
서대문구,3123.DMC파크뷰자이1단지 110동 앞,202101,178
서대문구,3124.DMC센트럴아이파크아파트,202101,393
서대문구,3125.연희파크푸르지오아파트 앞,202101,252
서대문구,3126.남가좌동 제2공영주차장,202101,73
서대문구,3127.홍은2파출소 옆,202101,187
서대문구,3128.동신병원 맞은편,202101,269
서대문구,3129.DMC래미안e편한세상203동옆,202101,253
서대문구,3130.가재울사거리,202101,342
서대문구,3131.연가교 교차로,202101,278
서대문구,3132.홍제교,202101,116
서대문구,3133.핀란드 타워앞,202101,120
서대문구,3134.SK리쳄블(상수도사업본부),202101,146
서대문구,4253. 홍은도담도서관,202101,47
서초구,2201. 본마을 정류소 앞,202101,32
서초구,2202.청계산입구역 1번출구,202101,276
서초구,2203. 청계산입구역 2번출구,202101,134
서초구,2205. 내곡3단지 어린이공원 앞,202101,230
서초구,2206. 언남초등학교 앞,202101,273
서초구,2207. 내곡파출소 뒤 정자,202101,58
서초구,2210. 반포1동 주민센터 앞,202101,152
서초구,2211. 서초구립반포도서관 앞,202101,328
서초구,2212.서초현대4차아파트 201동 맞은편,202101,171
서초구,2213. 고속터미널역 5번출구 앞,202101,517
서초구,2214. 신반포역 2번출구 앞,202101,164
서초구,2215. 반포종합운동장 입구,202101,162
서초구,2217.아크로리버뷰 부지 앞,202101,639
서초구,"2219. 고속터미널역 8-1번, 8-2번 출구 사이",202101,1408
서초구,2220. 반포본동 주민센터 앞,202101,844
서초구,2221.하나은행 방배동지점 앞,202101,399
서초구,2222.사당역 12번출구 뒤,202101,510
서초구,2223. 방배래미안 정문 앞,202101,157
서초구,2225.백석예술대학교 제3캠퍼스 앞,202101,66
서초구,2226. 신동아럭스빌아파트 앞,202101,97
서초구,2227.방배열린문화센터 앞,202101,179
서초구,2228.뒷벌공원 옆,202101,565
서초구,2229.로고스교회 맞은 편,202101,88
서초구,2230.이수역 4번 출구,202101,521
서초구,2231. 삼성타운(삼성생명) A동 맞은편,202101,574
서초구,2233. 서초신동아1차아파트 옆,202101,187
서초구,2235.KT 서초지사 앞,202101,168
서초구,2237.서울남부터미널 대합실 입구,202101,266
서초구,2239.교대역 6번출구,202101,192
서초구,2241.양재전화국 사거리,202101,183
서초구,2242.양재역 11번 출구 앞,202101,376
서초구,2243.서울가정법원,202101,199
서초구,2244.교육개발원입구 교차로,202101,450
서초구,2245.양재초등학교 맞은편,202101,292
서초구,2246. 서울시 품질시험소 앞,202101,278
서초구,2247.섬들근린공원,202101,461
서초구,2248. 서초리슈빌S 글로벌 앞,202101,67
서초구,2249. 우솔초등학교 맞은편,202101,99
서초구,2250. 서초유치원 맞은편,202101,266
서초구,2251. 더케이호텔 입구(양재2),202101,348
서초구,2252. 하이브랜드 앞,202101,607
서초구,2255.시민의숲역 1번출구 옆,202101,695
서초구,2256.양재동 꽃시장 입구,202101,133
서초구,2257. 하나로클럽 양재점 맞은편,202101,60
서초구,2258.구룡사 삼거리,202101,91
서초구,2259. 잠원역 3번-4번 출구사이,202101,321
서초구,2262. 한신16차아파트 119동 앞,202101,943
서초구,2264. 이수역 1번출구,202101,789
서초구,2265. 이수고가차도 남단,202101,425
서초구,2266. 서초역 3번출구,202101,274
서초구,2268. 서초4동주민센터,202101,220
서초구,2269. 주홍교 하부,202101,76
서초구,2270. 서초포레스타 7단지,202101,154
서초구,2271. 내방역 8번출구 앞,202101,251
서초구,2272. 교대입구 교차로,202101,122
서초구,2273. 일동제약 사거리,202101,255
서초구,2274. 양재시민의숲역 3번출구,202101,375
서초구,2275. 염곡치안센터 건너편,202101,30
서초구,2276. 영동1교 (양재천근린공원),202101,328
서초구,2277. 길마중4교 하부,202101,321
서초구,2279. 교대역 5번출구뒤,202101,442
서초구,2280. 서울서초고용센터앞,202101,185
서초구,2281. 연세사랑병원신관앞,202101,101
서초구,2282. 방배래미안아트힐 101동앞,202101,95
서초구,2283. 그룹한빌딩옆,202101,90
서초구,2284. CJ오쇼핑앞,202101,98
서초구,2285. LH서초3단지 301동 맞은편,202101,166
서초구,2286. 탑성마을입구,202101,28
서초구,2287. 능안마을입구,202101,19
서초구,2288. 안골마을입구,202101,17
서초구,2289. 남태령역 2번출구,202101,36
서초구,2292. 무지개아파트 앞,202101,99
서초구,2293. SPC 앞,202101,232
서초구,2294. 두상빌딩 앞,202101,511
서초구,2297. 남부터미널역 1번출구,202101,319
서초구,2298. 래미안서초스위트앞,202101,174
서초구,2299. 한전아트센터 앞,202101,247
서초구,2501. 서초 포레스타5단지,202101,168
서초구,2502. 서초역1번출구 앞,202101,166
서초구,2503. 반포1동 서초빌딩 앞,202101,318
서초구,2504. 신사역 4번출구 뒤,202101,312
서초구,2505. 우성아파트사거리 (기업은행앞),202101,479
서초구,2506. LG유플러스 (방배사옥),202101,135
서초구,2508. 양재이스타빌 앞,202101,357
서초구,2509. KT반포지사,202101,131
서초구,2510. JW타워,202101,91
서초구,2511. 이수역 6번출구 앞,202101,284
서초구,2514.사평역 2번출구,202101,115
서초구,2515.서초초등학교 후문,202101,212
서초구,2516.본마을 노인복지센터 앞,202101,95
서초구,2517.서초3교(효령로69길 방면),202101,39
서초구,2518.서초3교(효령로70길 방면),202101,149
서초구,2519.서초2교(사임당로 방면),202101,92
서초구,2520.서초1교 (진흥아파트 방면),202101,159
서초구,2521.서초 크로바타워 앞,202101,155
서초구,2523.뉴코아 킴스클럽 앞,202101,323
서초구,2524.반포쇼핑타운 8동 앞,202101,275
서초구,2525.반포쇼핑타운 2동 앞,202101,500
서초구,2526.반포경남쇼핑 앞,202101,96
서초구,2527.반포중학교 앞(세화여고 맞은편),202101,125
서초구,2528.함지박 사거리,202101,219
서초구,2529.우리은행 방배동지점 앞,202101,221
서초구,2530.삼호3차아파트 앞,202101,301
서초구,2531.멤피스아파트 앞,202101,316
서초구,2532.국립국악원 앞,202101,40
서초구,2533.한가람미술관 앞,202101,81
서초구,2534.신흥교(애견훈련소),202101,16
서초구,2535.신반포역 3번출구 뒤,202101,94
서초구,2536.서초종합체육관 입구,202101,6
서초구,2537.양재역 8번출구 앞,202101,203
서초구,2538.사평리 공원,202101,276
서초구,2539.대한무역투자진흥공사 KOTRA 앞,202101,2
서초구,2540.반포천 앞,202101,371
서초구,2541.옛골 입구,202101,60
서초구,2542.신논현타워 앞,202101,242
서초구,2545.국립중앙도서관(국제회의장옆),202101,83
서초구,2548.반포1동 자율방범초소 옆,202101,86
서초구,2549.LH 서초 4단지 403동,202101,151
서초구,2550.양재동 꽃시장 건너편,202101,194
서초구,4319. 삼성전자R&D어린이집 뒤,202101,40
성동구,3511. 응봉역 1번출구,202101,1263
성동구,3513. 상왕십리역 1번출구,202101,710
성동구,3514. 왕십리교회옆,202101,924
성동구,3515. 서울숲 관리사무소,202101,688
성동구,3525. 금호스포츠센터앞,202101,266
성동구,3527. 왕십리 자이아파트,202101,7
성동구,3530. 왕십리자이아파트 후문(삼거리),202101,139
성동구,3531. 논골사거리(금호도서관 입구),202101,115
성동구,3532. 왕십리KCC스위첸아파트,202101,40
성동구,3538. 서울숲 IT캐슬,202101,270
성동구,3544.한양대역 3번 출구,202101,380
성동구,3545.한양대역 1번출구,202101,163
성동구,3547.상왕십리역 6번 출입구,202101,125
성동구,3548.뚝섬역 6번출구,202101,453
성동구,3549.건영아파트 앞,202101,606
성동구,3550.금호나들목,202101,262
성동구,3551.성동도로사업소,202101,62
성동구,3552.서울숲 공영주차장앞,202101,242
성동구,3553.마장역3번출구,202101,136
성동구,3555.양지사거리(센트라스APT 115동앞),202101,57
성동구,3556.신금호파크자이APT앞,202101,104
성동구,3557.서울숲리버뷰자이APT105동 앞,202101,163
성동구,3558.마장동 금호어울림APT앞,202101,208
성동구,3559.성동구민종합체육센터 앞,202101,438
성동구,3560.성동구 견인차량 보관소 앞,202101,467
성동구,3561.행당동 삼부APT후문,202101,59
성동구,3600.사근빗물펌프장 건너편,202101,737
성동구,4353. 코오롱디지털타워 3차앞,202101,396
성동구,4360. 르노삼성자동차 성수사업소 앞,202101,131
성동구,4362. 행당중학교 후문,202101,117
성동구,506. 금호 어울림 아파트 앞,202101,255
성동구,507. 성수아이에스비즈타워 앞,202101,440
성동구,508. 성수아카데미타워 앞,202101,592
성동구,509. 이마트 버스정류소 옆,202101,1420
성동구,510. 서울숲 남문 버스정류소 옆,202101,254
성동구,511. 서울숲역 4번 출구 옆,202101,380
성동구,512. 뚝섬역 1번 출구 옆,202101,746
성동구,513. 뚝섬역 5번 출구 정류소 옆,202101,617
성동구,514. 성수사거리 버스정류장 앞,202101,693
성동구,518. 청계천 박물관 앞,202101,283
성동구,519. 양지사거리,202101,317
성동구,520. 상왕십리역 4번 출구 앞,202101,269
성동구,521. 왕십리역 11번 출구 앞,202101,592
성동구,522. 금호역 1번출구 앞,202101,91
성동구,523. 옥수동성당 옆,202101,51
성동구,524. 래미안금호하이리버 아파트 102동 옆,202101,205
성동구,525. 한양대병원사거리,202101,553
성동구,526. 용답토속공원 앞,202101,165
성동구,529. 장한평역 8번 출구 앞,202101,562
성동구,530. 청계벽산아파트 앞,202101,569
성동구,533. 우리은행 금호동 지점 앞,202101,109
성동구,534. 금호사거리,202101,120
성동구,535. 응봉삼거리,202101,194
성동구,536. 행당역 2번출구 앞,202101,326
성동구,537. 한양대후문역 부근,202101,431
성동구,538. 답십리역 8번출구 앞,202101,258
성동구,550. 서울시설공단 앞,202101,432
성동구,556. 달맞이공원,202101,62
성동구,557. 도선동 주민센터 앞,202101,422
성동구,558. 성동광진 교육지원청 앞,202101,490
성동구,559. 왕십리역 4번 출구 건너편,202101,641
성동구,560. 비전교회 앞,202101,613
성동구,561. 서울숲역 2번출구 앞,202101,595
성동구,562. 군자지하보도 앞,202101,325
성동구,563. 성동세무서 건너편,202101,705
성동구,564. 금호역 3번출구,202101,59
성동구,565. 옥수역 3번출구,202101,1640
성동구,567. 성수역 2번출구 앞,202101,1156
성동구,568. 청계8가사거리 부근,202101,1338
성동구,569. 응봉현대아파트 정류소,202101,92
성동구,578. 성동세무서 부근,202101,527
성동구,579. 마장역 4번출구,202101,349
성동구,581. 용답초등학교,202101,418
성동구,582. 경일중학교 앞,202101,540
성동구,583. 청계천 생태교실 앞,202101,1639
성동구,585. 성수2가1동 공영주차장 인근,202101,1163
성동구,586. 마장동 주민센터,202101,271
성동구,587. 유니베라 앞,202101,570
성동구,589. 성수역3번출구,202101,1324
성동구,594. 중랑물재생센터(서울새활용플라자),202101,229
성동구,9980. 에이텍,202101,2
성북구,1302. 한성대입구역6번출구 뒤,202101,246
성북구,1303. 돈암초교 입구,202101,361
성북구,1304. 만해공원,202101,142
성북구,1305. 성북구청,202101,407
성북구,1306. 한성대입구역2번출구,202101,552
성북구,1308. 안암로터리 버스정류장 앞,202101,1444
성북구,1314. 정릉꿈에그린1단지 201동 앞,202101,166
성북구,1315. 고려사대부속중고 정문,202101,116
성북구,1316. 고려사대부속중고 건너편,202101,192
성북구,1318. 길음역 3번출구 뒤,202101,389
성북구,1320. LG베스트샵 종암점,202101,858
성북구,1321. 국민은행 종암동지점 앞,202101,960
성북구,1322. 래미안라센트아파트 103동 앞,202101,465
성북구,1323. 월곡역 입구 육교 밑,202101,172
성북구,1325. 상월곡역 4번출구,202101,193
성북구,1326. 상월곡역 1번출구,202101,347
성북구,1327. 상월곡역 3번출구,202101,386
성북구,1328. 월곡역 3번출구,202101,736
성북구,1332. 석계역 5번출구 건너편,202101,469
성북구,1333. 석관초등학교 앞,202101,499
성북구,1334. 석관동주민센터 앞,202101,355
성북구,1336. 성북3교 위,202101,527
성북구,1337. 돈암성당 옆,202101,690
성북구,1338. 용문2교 옆,202101,343
성북구,1339. 삼성전자서비스 성북센터,202101,234
성북구,1340. 광운초등학교 앞,202101,252
성북구,1342. 성북쉼터 앞,202101,109
성북구,1343. 한성대7번출구 앞,202101,319
성북구,1344. 아리랑시네센터 앞,202101,279
성북구,1346. 길음8골어린이공원 옆,202101,313
성북구,1347. 길음래미안아파트817동 상가 앞,202101,160
성북구,1348. 성북제일새마을금고 본점 앞,202101,151
성북구,1349. 월계2교 버스정류장 앞,202101,414
성북구,1351. 안암2교 옆,202101,700
성북구,1352. e 편한세상 보문아파트 내,202101,113
성북구,1353. 금호어울림센터힐 내,202101,170
성북구,1354. 고려대학교 2번출구,202101,680
성북구,1355. 보문2교,202101,867
성북구,1357. 북한산보국문역,202101,179
성북구,1358. 정릉도서관 앞,202101,216
성북구,1359. 장위뉴타운 꿈에 숲 코오롱 하늘채 앞,202101,269
성북구,1360. 정릉역,202101,233
성북구,1361. 홍익중고 입구,202101,430
성북구,1362. 보문역6번출구 앞,202101,578
성북구,1363. 보문4교 인근,202101,766
성북구,1364. 성북동 치안센터 앞,202101,240
성북구,1365. 선잠단지 앞,202101,108
성북구,1366. 일신초등학교 옆,202101,95
성북구,1367. 길음문화복합미디어센터,202101,143
성북구,1368. 성신여대입구 교차로,202101,320
성북구,1369. 미아사거리,202101,614
성북구,1370. 복자사랑 피정의 집,202101,180
성북구,1372. KEB은행 고대점,202101,567
성북구,1373. 성북구보건소 건너편,202101,315
성북구,1375. 생명의 전화 종합복지관 앞 교차로,202101,507
성북구,1376. 한국과학기술연구원 중문,202101,91
성북구,1377. 한국과학기술연구원 북문,202101,59
성북구,1379.길음뉴타운푸르지오아파트 3단지,202101,109
성북구,1380.월곡역 5번출구 앞,202101,517
성북구,1381.석계역 4번출구 뒤,202101,462
성북구,1382.래미안월곡아파트 입구,202101,390
성북구,1384.성신여대입구역 5번출구,202101,569
성북구,1385.성신여대입구역 3번출구 앞,202101,308
성북구,1386.동선고가차도 초입,202101,211
성북구,1388.커핀그루나루,202101,214
성북구,1390.석관래미안아트리치,202101,387
성북구,1391.성북청소년센터,202101,109
성북구,1392.돈암삼성풍림아파트,202101,31
성북구,1393.돈암육교 하단,202101,75
성북구,1394.길음뉴타운 래미안9단지,202101,253
성북구,1395.래미안장위포레카운티(102동),202101,239
성북구,1396.래미안장위퍼스트하이(513동),202101,390
성북구,1397.래미안월곡아파트 (창문여고 건너편),202101,94
성북구,4403. 하월곡동 광명비전교회 앞,202101,94
송파구,1201. 가락시장역 3번 출구,202101,562
송파구,1203. 밀리아나2빌딩 앞,202101,464
송파구,1204. 거여역 3번출구,202101,291
송파구,1205. 종합운동장역 4번출구,202101,268
송파구,1206. 9호선종합운동장역 9번출구,202101,220
송파구,1207. 마천CU우방점 앞,202101,249
송파구,1208. 풍납현대아파트쉼터,202101,356
송파구,1209. 잠실나루역 (2번 출구 쪽),202101,1273
송파구,1210. 롯데월드타워(잠실역2번출구 쪽),202101,2089
송파구,1211. 방이삼거리,202101,907
송파구,1212. 송파역 2번 출구앞,202101,496
송파구,1213. 백토공원 앞,202101,162
송파구,1214. 오금역 7번 출구 인근,202101,298
송파구,1215. 올림픽공원역 1번출구 앞,202101,436
송파구,1217. 송파파인타운 7단지,202101,232
송파구,1218. 방이역 4번출구,202101,597
송파구,1220. 잠실본동주민센터뒤 잠실근린공원,202101,779
송파구,1221. 삼전사거리 포스코더샵,202101,596
송파구,1222. 잠실새내역 5번 출구 뒤,202101,875
송파구,1224. 아시아지하보도 2번 출구,202101,345
송파구,1226. 잠실4동 주민센터 옆,202101,485
송파구,1227. 거여역 8번출구 뒤,202101,368
송파구,1228. 마천사거리,202101,327
송파구,1229. 송파체육문화회관 앞,202101,397
송파구,1230. 송파중학교 정문,202101,284
송파구,1231. 잠실역 6번출구,202101,655
송파구,1232. 롯데마트 주차장 옆,202101,586
송파구,1233. 잠실3거리(갤러리아팰리스),202101,271
송파구,1235. 잠실트리지움310동 옆,202101,514
송파구,1239. 문정 법조단지3,202101,99
송파구,1240. 문정 법조단지4,202101,171
송파구,1241. 문정 법조단지5,202101,80
송파구,1242. 문정 법조단지6,202101,78
송파구,1243. 문정 법조단지7,202101,583
송파구,1244. 문정 법조단지8,202101,536
송파구,1245. 문정 법조단지9,202101,415
송파구,1246. 문정 법조단지10,202101,559
송파구,1247. 문정 법조단지11,202101,373
송파구,1248. 방이초등학교,202101,495
송파구,1249. 아주중학교건너편,202101,310
송파구,1250.문정2동 주민센터,202101,165
송파구,1251. 석촌역 2번출구,202101,613
송파구,1253. 오금역 3번 출구 뒤,202101,235
송파구,1256. 문정현대아파트 교차로,202101,281
송파구,1257. 가락시장역 롯데마트앞,202101,599
송파구,1258. 가락미륭아파트 앞,202101,189
송파구,1259. 방이역 1번출구,202101,492
송파구,1260. 방이동 한양3차아파트 옆,202101,342
송파구,1262. 송파여성문화회관 앞,202101,555
송파구,1263. 장지공영차고지,202101,88
송파구,1264. 천호역 10번 출구 앞,202101,698
송파구,1265. 문정동 근린공원,202101,407
송파구,1266. 문정동 글샘 공원,202101,137
송파구,1267. 올림픽공원 남2문 앞,202101,341
송파구,1268. 몽촌토성역 1번출구 옆,202101,893
송파구,1269. 리센츠아파트,202101,474
송파구,1271. 송파도서관,202101,281
송파구,1274. 영파여고 앞,202101,415
송파구,1275. 거여초등학교 옆,202101,177
송파구,1277. 오금동 송파 참병원,202101,308
송파구,1278. 송파구청 교차로,202101,741
송파구,1279. 마천금호어울림 1차아파트 건너편,202101,130
송파구,1280. 송파파크데일 2단지입구 앞 주차장,202101,198
송파구,1282. 송파소방서 맞은편(성내4교),202101,507
송파구,1283. 오금공원 사거리,202101,94
송파구,1285. 위례별 유치원 뒤,202101,148
송파구,1286. 위례중앙푸르지오 1단지 앞,202101,365
송파구,1287. 위례아이파크 101동 맞은편,202101,155
송파구,1288. 문정중교 사거리,202101,316
송파구,1289. 풍납동 자전거보관소,202101,127
송파구,1290. 위례송파꿈에그린아파트24단지 앞 성벽 다리 밑,202101,193
송파구,1291. 서울체육고등학교 앞,202101,117
송파구,1293. 석촌호교차로 (스타벅스 앞),202101,639
송파구,1295. 잠실역 8번출구,202101,1237
송파구,1296. 석촌호수교차로 (송파나루근린공원 앞),202101,237
송파구,1297. 석촌호수교차로(동호 팔각정 앞),202101,497
송파구,1299. 송파소방서 (방이119안전센터),202101,168
송파구,1300. 오륜사거리,202101,181
송파구,2601. 석촌호수 서호사거리,202101,601
송파구,2603. 송파 글마루 도서관,202101,224
송파구,2604. 삼표레미콘 앞,202101,234
송파구,2605. 복정역 1번 출구 앞,202101,153
송파구,2606. 위례동주민센터 맞은편 근린공원,202101,331
송파구,2607. 복정역 2번출구 후문 (장지치안센터),202101,204
송파구,2608. 송파구청,202101,401
송파구,2609. 보성중고등학교 후문 앞,202101,28
송파구,2610. 여흥레이크빌 앞 (석촌호수 까페거리),202101,584
송파구,2611. 송파지역자활센터 뒤,202101,685
송파구,2612. 문정·가락 대여소 앞,202101,33
송파구,2613. 잠실나들목,202101,707
송파구,2614. 가락고등학교 앞,202101,311
송파구,2615. 테라타워2,202101,660
송파구,2616. 거여동 사거리,202101,78
송파구,2617. 가락삼환아파트 앞,202101,317
송파구,2618. 삼전역 1번출구,202101,367
송파구,2619. 석촌고분역 4번출구,202101,677
송파구,2620. 송파나루역 4번 출구옆,202101,969
송파구,2621. 한성백제역 2번 출구,202101,1053
송파구,2622. 올림픽공원역 3번출구,202101,1254
송파구,2623.석촌동 주민센터,202101,669
송파구,2625.가락1동 주민센터,202101,235
송파구,"2626.경찰병원역 1,2번 출구 사이",202101,214
송파구,2627.문정시영아파트 5동 앞 공원,202101,185
송파구,2628.문정역 1번출구,202101,575
송파구,2629.문정동 힐스데이트 에코 송파,202101,671
송파구,2630.서울방이동 고분군,202101,334
송파구,2631.배명고등학교,202101,260
송파구,2632.석촌고분역 2번 출구,202101,472
송파구,2633.송파학사 옆,202101,244
송파구,2634.위례포레샤인아파트 2318동,202101,114
송파구,2635.잠실새내역 1번출구,202101,359
송파구,2637.잠실월드 메르디앙,202101,428
송파구,2638.쌍용아파트,202101,429
송파구,2639.석촌역 8번출구,202101,741
송파구,2641.송파역 4번출구,202101,826
송파구,2642.마천동 성내천 쉼터,202101,210
송파구,2643.풍납중학교 측면,202101,120
송파구,2644.성내5교 (GS주유소),202101,306
송파구,2645.잠실나들목2(엘스아파트136동),202101,699
송파구,2646.레이클펠리스101동앞,202101,630
송파구,2647.잠실 자전거 수리센터 앞,202101,392
송파구,2648.헬리오시티 112동 앞,202101,403
송파구,2649.오금공원사거리2,202101,128
송파구,2650.위례22단지 2208동 다리앞,202101,76
송파구,2651.경찰병원역 3번출구 앞,202101,272
송파구,2652.송파 레미니스1단지 102동 앞,202101,188
송파구,2653.올림픽공원사거리(선수촌아파트),202101,348
송파구,2654.올림픽선수촌아파트 136동 앞,202101,212
송파구,2655.송이공원,202101,370
송파구,2656.풍납동 아이파크 107동 앞,202101,411
송파구,2657.송파 파인타운 11단지,202101,157
송파구,2658.가락몰 업무동,202101,405
송파구,2659.서울친환경유통센터,202101,44
양천구,700. KB국민은행 염창역 지점 앞,202101,444
양천구,701. 목동사거리 부근,202101,468
양천구,702. 목4동주민센터 옆,202101,644
양천구,703. 오목교역 7번출구 앞,202101,1458
양천구,704. 남부법원검찰청 교차로,202101,955
양천구,706. 신정네거리역,202101,375
양천구,707. 신정3동주민센터,202101,232
양천구,708. 서울출입국관리사무소 앞,202101,828
양천구,709. 신정3동 현장민원실 앞,202101,319
양천구,710. 금옥여고보도육교,202101,155
양천구,711. 신일해피트리아파트 앞,202101,307
양천구,712. 강월초교입구 사거리,202101,316
양천구,713. 양서중학교 옆,202101,291
양천구,714. 한국SGI 양천문화회관 앞,202101,248
양천구,716.신정6동 주민센터 인근,202101,480
양천구,719. 홍익병원앞 교차로,202101,599
양천구,720. 서울강월초등학교 앞,202101,190
양천구,722. LG전자베스트샵 신정점,202101,872
양천구,723. SBS방송국,202101,724
양천구,724. 계남공원 입구 주출입구 좌측,202101,109
양천구,725. 양강중학교앞 교차로,202101,230
양천구,726. 목동3단지 시내버스정류장,202101,1012
양천구,729. 서부식자재마트 건너편,202101,758
양천구,731. 서울시 도로환경관리센터,202101,560
양천구,732. 신월동 이마트,202101,332
양천구,733. 신정이펜하우스314동,202101,199
양천구,734. 신트리공원 입구,202101,637
양천구,735. 영도초등학교,202101,801
양천구,736. 오솔길공원,202101,316
양천구,737. 장수공원,202101,412
양천구,739. 신월사거리,202101,346
양천구,740. 으뜸공원,202101,409
양천구,741. 화곡로 입구 교차로,202101,134
양천구,742. 등촌역 5번 출구 뒤,202101,294
양천구,743. 현대6차아파트 101동 옆,202101,166
양천구,744. 신목동역 2번 출구,202101,869
양천구,745. 강서초등학교,202101,301
양천구,746. 목동2단지 상가,202101,897
양천구,747. 목동3단지 상가,202101,524
양천구,748. 목동운동장,202101,246
양천구,749. 이대 목동병원 앞,202101,517
양천구,750. 연의근린공원 건너편,202101,298
양천구,752. 성원2차 아파트,202101,330
양천구,754. 목동1단지아파트 118동 앞 (월촌초등학교 정류소 옆),202101,647
양천구,755. 목동1단지아파트 상가 앞 (월촌중학교 버스정류소 옆),202101,740
양천구,756. 목동주차장,202101,476
양천구,757. 신정이펜하우스 1단지아파트 입구 사거리,202101,205
양천구,758. 한사랑교회 앞,202101,649
양천구,759. 보아스아파트 앞,202101,228
양천구,760. 잣절보도육교 아래,202101,207
양천구,762. 오목로 무중력지대 앞,202101,316
양천구,763. 목동11단지 아파트,202101,411
양천구,764. 목동청소년수련관,202101,791
양천구,765. 오목교역 3번출구,202101,1435
양천구,766. 신목동역 3번출구,202101,780
양천구,767.신정숲속마을아파트,202101,120
양천구,768.목동5단지아파트 501동,202101,473
양천구,769.CBS방송국 앞,202101,1039
양천구,770.목동역5번출구 교통정보센터 앞,202101,1458
양천구,771.목동아파트 703동 앞,202101,635
양천구,"773.염창역 3, 4번 출구 사이",202101,473
양천구,774.등촌역 4번 출구,202101,284
양천구,775.세종그랑시아 앞(102동),202101,304
양천구,776.목마공원,202101,144
양천구,777.신월6차보람아파트 앞,202101,309
양천구,779.양천나눔누리센터,202101,549
양천구,780.신정교 하부,202101,839
양천구,781.신정보도육교 아래,202101,821
양천구,782.서남병원 후문,202101,185
양천구,"785.양천구청, 보건소 사잇길",202101,794
양천구,786.목동아파트 8단지 상가동 앞,202101,583
양천구,787.양천아파트 입구,202101,819
양천구,788.양천구청역 2번출구 옆,202101,649
양천구,790.화곡고가 사거리,202101,316
양천구,791.현대하이페리온,202101,764
양천구,792.목동트라팰리스 웨스턴에비뉴,202101,1342
양천구,793.목동5단지아파트 534동,202101,509
양천구,794.양천문화회관,202101,606
양천구,795.양천 해누리타운,202101,606
양천구,796.목동아파트 14단지 B상가 앞,202101,565
양천구,797.목동아파트 1422동 1434동 사잇길,202101,657
영등포구,200. 국회의원회관,202101,158
영등포구,201. 진미파라곤 앞,202101,428
영등포구,202. 국민일보 앞,202101,1078
영등포구,203. 국회의사당역 3번출구 옆,202101,622
영등포구,204. 국회의사당역 5번출구 옆,202101,311
영등포구,205. 산업은행 앞,202101,617
영등포구,206. KBS 앞,202101,869
영등포구,207. 여의나루역 1번출구 앞,202101,2618
영등포구,209. 유진투자증권빌딩 앞,202101,526
영등포구,210. IFC몰,202101,1547
영등포구,211. 여의도역 4번출구 옆,202101,992
영등포구,212. 여의도역 1번출구 옆,202101,690
영등포구,213. KT앞,202101,713
영등포구,214. 금융감독원 앞,202101,480
영등포구,215. 여의도고교 앞,202101,310
영등포구,217. NH농협은행 앞,202101,827
영등포구,218. 증권거래소 앞,202101,378
영등포구,219. 롯데캐슬엠파이어 옆,202101,464
영등포구,220. 미성아파트 A동 앞,202101,523
영등포구,221. 여의도초교 앞,202101,662
영등포구,222. 시범아파트버스정류장 옆,202101,1236
영등포구,223. 진주아파트상가 앞,202101,413
영등포구,224. 롯데캐슬 앞,202101,558
영등포구,225. 앙카라공원 앞,202101,568
영등포구,226. 샛강역 1번출구 앞,202101,574
영등포구,227. 양평2나들목 보행통로 입구,202101,735
영등포구,228. 선유도역 3번출구 앞,202101,1086
영등포구,229. 양평1 보행육교 앞,202101,659
영등포구,230. 영등포구청역 1번출구,202101,1788
영등포구,231. 남부고용노동지청 남측,202101,434
영등포구,232. 양평우림 이비즈센타 앞,202101,1241
영등포구,233. YP 센터 앞,202101,257
영등포구,234. 영등포구민체육센터 앞,202101,281
영등포구,235. 신길동 우리은행 옆,202101,358
영등포구,236. 문래동자이아파트 앞,202101,510
영등포구,238. 제2구민체육센타 앞,202101,372
영등포구,239. 유스호스텔 앞,202101,451
영등포구,240. 문래역 4번출구 앞,202101,900
영등포구,241. 신길우성1차아파트 앞 공원,202101,411
영등포구,242. 신길선원가와인아파트 앞,202101,371
영등포구,243. 이앤씨드림타워 앞,202101,906
영등포구,244. 영등포삼환아파트 앞,202101,638
영등포구,245. 삼성생명 당산사옥 앞,202101,742
영등포구,247. 당산역 10번출구 앞,202101,1714
영등포구,248. 초원아파트 앞,202101,329
영등포구,249. 여의도중학교 옆,202101,665
영등포구,250. 대림아파트 사거리,202101,270
영등포구,251. 서울지방병무청 버스정류장,202101,347
영등포구,252. 보라매역4번출구,202101,425
영등포구,253. 신풍역 5번출구 인근,202101,364
영등포구,254. 도림신협 앞,202101,494
영등포구,255. 도림사거리,202101,463
영등포구,256. 동아에코빌입구,202101,353
영등포구,257. 신길삼거리(우리은행),202101,932
영등포구,258. 신길역3번출구,202101,474
영등포구,259. 대방역6번출구,202101,956
영등포구,260. 여의도 마리나선착장 앞,202101,258
영등포구,262. 영문초등학교 사거리,202101,1169
영등포구,263. 근로자회관 사거리,202101,1389
영등포구,264. 교보생명보험 앞,202101,444
영등포구,265. 영등포유통상가 사거리,202101,503
영등포구,266. 영등포청과시장 사거리,202101,312
영등포구,267. 삼성화재 사옥 옆,202101,499
영등포구,268. 그랜드컨벤션센터 앞,202101,614
영등포구,270. 증권거래소후문교차로,202101,236
영등포구,271. 샛강생태공원방문자센터 앞,202101,158
영등포구,272. 당산육갑문,202101,1173
영등포구,274. 영등포역지하쇼핑센타 5번출구,202101,1245
영등포구,275. 신동아아파트,202101,845
영등포구,276. SK 영등포주유소,202101,752
영등포구,277. 영등포뉴타운지하상가 2번게이트,202101,678
영등포구,278. 쌍용플레티넘오피스텔,202101,651
영등포구,279. 영등포 푸르지오 아파트,202101,515
영등포구,280. 양평동6차현대아파트 앞,202101,749
영등포구,281. 신동아아파트 앞,202101,342
영등포구,282. 신한은행,202101,190
영등포구,283. 아크로타워 스퀘어(영등포시장),202101,1044
영등포구,284. 센트럴 푸르지오 시티 앞,202101,1468
영등포구,285. 대림3동사거리(하나은행),202101,214
영등포구,286. 우성아파트 교차로,202101,505
영등포구,287. 영등포전화국사거리 (서강어린이공원),202101,563
영등포구,288. 쌍용예가(구청별관),202101,460
영등포구,289. 대림3동사거리,202101,371
영등포구,290. 당산동 SK V1 빌딩,202101,445
영등포구,291. 문래동 하이테크 시티,202101,707
영등포구,292. 영일 어린이공원,202101,380
영등포구,293. 충북 미래관,202101,689
영등포구,295.영등포공원 분수대 앞,202101,153
영등포구,296.KT플라자 영등포점,202101,484
영등포구,297.국회3문,202101,122
영등포구,298.KBS 연구동 건너편,202101,129
영등포구,299.여의도 순복음교회,202101,156
영등포구,3201.당산skv1센터,202101,325
영등포구,3202.당산롯데캐슬프레스티지,202101,593
영등포구,3203.도림동배드민턴체육관,202101,89
영등포구,3204.도림고가도로 밑,202101,296
영등포구,3205.문래중학교,202101,701
영등포구,3206.문래동 주민센터,202101,301
영등포구,3207.양남사거리 교통섬,202101,298
영등포구,3211.신길 래미안 프레비뉴,202101,283
영등포구,3212.신풍역 6번출구,202101,342
영등포구,3214.영등포 푸르지오,202101,526
영등포구,3215.강변삼성래미안,202101,403
영등포구,3219.영등포역 2번출구,202101,711
영등포구,3220.래미안에스티움 앞 (신풍로),202101,430
영등포구,3221.서울특별시 남부교육지원청,202101,192
영등포구,4556. 리버뷰신안인스빌1차 후문,202101,90
영등포구,4557. 리버뷰신안인스빌2차 후문,202101,79
용산구,4602. 숙명여대앞 버스정류소 주변,202101,75
용산구,4604. 원효로다목적체육관 앞,202101,61
용산구,"4605. 노들섬 다목적홀(동쪽) 숲, 앞",202101,176
용산구,4607. 국립중앙박물관 -용산가족공원 앞,202101,45
용산구,4608. 국립중앙박물관 정문 앞,202101,35
용산구,4609. 파크타워 104동 앞,202101,30
용산구,4610. 한남나인원 105동 앞,202101,65
용산구,4611. 국제루터교회 앞,202101,38
용산구,4612. 한남 준 J.FSS 앞,202101,16
용산구,4613. 서울갤러리아 앞,202101,55
용산구,4615. 크라운호텔앞 버스정류소,202101,63
용산구,4616. 신용산지하차도 앞,202101,68
용산구,4617. 동원베네스트 건너편,202101,54
용산구,4618. 풍전아파트 건너편,202101,156
용산구,4619. 한강트럼프월드3차 앞,202101,119
용산구,4620. 삼각지역 14번 출구 앞(교통섬),202101,75
용산구,4622. 한강중학교 앞 버스정류장,202101,32
용산구,4623. 라인프랜즈이태원점 앞,202101,60
용산구,4625. 용산공원갤러리앞,202101,44
용산구,4627. 효창공원앞역 5번출구 옆,202101,72
용산구,4629. 한강초교보도육교 앞,202101,98
용산구,800. 목월공원 앞,202101,422
용산구,802. 한강진역 2번 출구 앞,202101,134
용산구,803. 한남초교 앞 보도육교,202101,61
용산구,805. 문배어린이공원 앞,202101,245
용산구,806. 전자랜드 본관 앞,202101,373
용산구,807. 서울역 12번 출구 앞,202101,296
용산구,808. 서빙고동 금호맨션 앞,202101,109
용산구,809. 한남 유수지 복개주차장,202101,307
용산구,810. 이태원지하보도,202101,233
용산구,811. 녹사평역1번출구,202101,278
용산구,812. 용산전쟁기념관,202101,68
용산구,813. 삼각지역 3번출구,202101,290
용산구,815. LIG강촌아파트 103동앞,202101,604
용산구,816. 신용산역 6번출구 앞,202101,459
용산구,817. 삼각지역 4번출구 앞,202101,165
용산구,818. 숙명여대 입구 교차로,202101,463
용산구,819. 선린인터넷 고등학교,202101,324
용산구,820. 청파동입구 교차로,202101,294
용산구,822. 이촌1동 마을공원,202101,103
용산구,823. 효창동주민센터 앞,202101,117
용산구,825. 서빙고동 주민센터 앞,202101,761
용산구,827. 국군복지단,202101,36
용산구,828. 숙대입구역 8번,202101,252
용산구,829. 베르가모앞,202101,747
용산구,830. 청암자이아파트앞,202101,148
용산구,831. 이태원관광특구입구,202101,138
용산구,832. 이촌1동 주민센터 뒤,202101,435
용산구,834. 효창공원앞역 3번출구 뒤,202101,514
용산구,835. 남영역 건너편,202101,281
용산구,836. 현대자동차서비스 앞,202101,338
용산구,837. 한남나들목 입구,202101,579
용산구,838. 숙대입구역 4번출구,202101,396
용산구,839. 보광동 삼성리버빌아파트 앞,202101,310
용산구,840. 용산 파크타워 앞,202101,263
용산구,841. 신용산역 1번 출구,202101,500
용산구,843. 녹사평역 광장,202101,255
용산구,844. 이촌2동 동원베네스트 아파트 앞,202101,301
용산구,845. 용산 선인상가,202101,272
용산구,846. 용산중학교,202101,377
용산구,847. 국방부민원실옆,202101,100
용산구,848. 삼각지12번 출구,202101,120
용산구,849. 삼각지 자이아파트,202101,234
용산구,850. KCC용산월츠타워,202101,195
용산구,851.효창 푸르지오 앞,202101,156
용산구,852.청암자이APT(103동),202101,289
용산구,853.용산역 맞은편,202101,884
용산구,854.HID 유족동지회 앞,202101,68
용산구,855.이촌역5번출구 앞,202101,41
용산구,857. 현대 안성타워,202101,131
용산구,858.녹사평역3번 출구,202101,58
용산구,859.남산공원 야외식물원 앞,202101,35
용산구,860.LG한강 자이아파트 앞,202101,505
용산구,863.이촌역2번 출구,202101,112
용산구,864.순천향대학병원(한남오거리),202101,318
용산구,865.하얏트호텔 앞,202101,49
용산구,866.브라운스톤 남산아파트,202101,285
용산구,867.서빙고역 광장(1번출구),202101,121
용산구,868.롯데하이마트 용산점 앞,202101,104
용산구,869.노들섬 동측 앞,202101,118
용산구,870.노들섬 서측 앞,202101,595
은평구,4652. 신사두산위브2차아파트 앞,202101,298
은평구,4653. LG 베스트샵 앞,202101,160
은평구,4654. OK부동산 앞,202101,104
은평구,900. 은평예술회관,202101,330
은평구,901. 응암1동사무소,202101,317
은평구,902. 진관동 은빛초등학교,202101,60
은평구,903. 은평뉴타운 아이파크,202101,169
은평구,904. 은평뉴타운 푸르지오,202101,234
은평구,905. 구파발역 2번출구,202101,474
은평구,906. 연신내역 5번출구150M 아래,202101,902
은평구,907. CJ 드림시티,202101,1539
은평구,908. 구산역 4번출구,202101,398
은평구,909. 백련산 힐스테이트 3차,202101,164
은평구,911. 은평평화공원(역촌역4번출구),202101,754
은평구,912. 응암오거리,202101,731
은평구,913. 이마트 은평점,202101,1172
은평구,914. 새절역 2번출구,202101,997
은평구,915. 증산역 4번출구,202101,537
은평구,916. 평생학습관 앞,202101,459
은평구,917. 녹번역 4번출구,202101,452
은평구,919. 서울혁신파크,202101,290
은평구,921. 신도고등학교,202101,154
은평구,922. 연신내역 4번출구,202101,215
은평구,923. 국민은행 연서지점,202101,222
은평구,924. 메뚜기다리,202101,115
은평구,925. 불광역 2번출구,202101,203
은평구,927. 연신내역 3번출구 인근,202101,203
은평구,928. 은평역사한옥박물관,202101,132
은평구,930. 구 서부경찰서 건너편,202101,341
은평구,931. 역촌파출소,202101,975
은평구,932. 예일여중,202101,342
은평구,933. LG서비스 역촌점,202101,627
은평구,934. 신사동 성당,202101,98
은평구,937. 상림마을 롯데캐슬2단지 옆,202101,35
은평구,938. 금암 문화공원,202101,49
은평구,939. 은평구청 교차로,202101,214
은평구,941. 은평뉴타운 도서관,202101,156
은평구,942. 상림마을 생태공원,202101,103
은평구,943. 은평구청 보건소,202101,623
은평구,945. 기자촌 사거리,202101,140
은평구,946. 독바위역,202101,196
은평구,947. 연신내 선일하이츠빌 정류소,202101,276
은평구,948. 디지털미디어 시티역 4번출구(DMC역),202101,345
은평구,949. 연신내역 1번 출구,202101,385
은평구,950. 구산역 2번 출구,202101,581
은평구,952. 서울연신중학교,202101,191
은평구,953. 서울연신초등학교,202101,137
은평구,954. 은평뉴타운구파발9단지,202101,116
은평구,956. 응암시장교차로,202101,923
은평구,958. 신한은행 응암동 지점 앞,202101,534
은평구,959. 구파발10단지 인근,202101,158
은평구,960. 구파발역 환승센터,202101,243
은평구,961. 불광역 9번 출구,202101,532
은평구,962. 은평뉴타운 힐데스하임,202101,215
은평구,963. 대호프라자아파트,202101,325
은평구,964. 북한산힐스테이트 7차아파트,202101,174
은평구,965. 서울특별시 은평병원,202101,141
은평구,966. 서울혁신파크1,202101,89
은평구,967. 서울혁신파크2,202101,131
은평구,968. 은평뉴타운 상림마을 13단지,202101,49
은평구,969. 은평 지웰테라스,202101,62
은평구,971. 역촌 센트레빌 아파트,202101,154
은평구,972. 수색역,202101,366
은평구,973.제각말푸르지오 5-1단지 아파트,202101,124
은평구,974.연신초등학교옆 마을마당,202101,79
은평구,975.백련산 힐스테이트상가앞,202101,142
은평구,976.진관고등학교앞,202101,126
은평구,977.신도중학교앞,202101,109
은평구,978.녹번 힐스테이트상가앞,202101,149
은평구,979.원풍빌라앞,202101,206
은평구,982.유니클로 은평점앞,202101,272
은평구,984.상신초등학교앞 버스정류장,202101,372
은평구,985.은평온누리약국앞,202101,328
은평구,989.응암 꼬꼬닭치킨호프 앞,202101,48
은평구,991.흥국사 정류장,202101,41
은평구,992.북한산입구 정류장,202101,90
은평구,993.은평뉴타운 온뜨락아파트앞,202101,234
은평구,994.북한산생태공원입구(교통섬),202101,92
은평구,995.은평다목적체육관,202101,99
은평구,996.응암역 1번출구,202101,1120
종로구,301. 경복궁역 7번출구 앞,202101,417
종로구,302. 경복궁역 4번출구 뒤,202101,714
종로구,303. 광화문역 1번출구 앞,202101,590
종로구,304. 광화문역 2번출구 앞,202101,393
종로구,305. 종로구청 옆,202101,514
종로구,306. 광화문역 7번출구 앞,202101,436
종로구,307. 서울역사박물관 앞,202101,370
종로구,308. 광화문 S타워 앞,202101,684
종로구,309. 광화문역 6번출구 옆,202101,290
종로구,314. 국립현대미술관,202101,291
종로구,316. 종각역 1번출구 앞,202101,786
종로구,326. 안국역 5번출구 앞,202101,560
종로구,327. 낙원상가 옆,202101,453
종로구,328. 탑골공원 앞,202101,316
종로구,329. 청계2가 사거리 옆,202101,373
종로구,334. 종로3가역 2번출구 뒤,202101,439
종로구,335. 종로3가역 15번출구 앞,202101,344
종로구,337. 창경궁 입구,202101,217
종로구,338. 세운스퀘어 앞,202101,362
종로구,339. 종로4가 사거리,202101,500
종로구,340. 혜화동 로터리,202101,594
종로구,3401.창신두산아파트,202101,47
종로구,3402.이화공영주차장,202101,232
종로구,3403.서울특별시 교육청,202101,78
종로구,3404.서울특별시 중부교육지원청,202101,47
종로구,3405.파크팰리스,202101,328
종로구,3406.세종로공원,202101,352
종로구,3407.안국동사거리(신),202101,443
종로구,3408.종로타워빌딩,202101,379
종로구,341. 혜화역 3번출구 뒤,202101,456
종로구,3410.종로3가역 8번출구,202101,635
종로구,3411.종묘,202101,277
종로구,3412.세운상가,202101,215
종로구,3413.종로플레이스,202101,660
종로구,3414.종로5가역 4번출구,202101,317
종로구,3415.동대문역6번출구,202101,338
종로구,3416.동묘앞역 6번출구,202101,393
종로구,3417.창신3동주민센터,202101,376
종로구,3418.창신역2번 출구,202101,123
종로구,3419.국립어린이과학관,202101,207
종로구,342. 대학로 마로니에공원,202101,794
종로구,3420.성균관대입구사거리(맥도날드),202101,291
종로구,3421.혜화역 1번출구,202101,571
종로구,3422.성균관대 정문,202101,541
종로구,3423.현대그룹(본사),202101,315
종로구,3425.광화문 풍림스페이스본 1단지앞,202101,170
종로구,3426.독립문역 2번출구 뒤,202101,151
종로구,3427.인왕산 아이파크 정문,202101,146
종로구,3428.서울미술관,202101,89
종로구,3429.AW컨벤션앞,202101,68
종로구,343. 예일빌딩(율곡로) 앞,202101,176
종로구,3430.구기치안센터 앞,202101,98
종로구,3431.로제우스 레포츠센터,202101,77
종로구,3432.종로2가 사거리,202101,397
종로구,344. 성균관대 E하우스 앞,202101,328
종로구,345. 서울보증보험본사 앞,202101,393
종로구,348. 독립문역 사거리,202101,378
종로구,349. 사직동주민센터,202101,303
종로구,351. 청운초교 앞 삼거리,202101,321
종로구,352. 중앙고입구 삼거리,202101,103
종로구,353. 재동초교 앞 삼거리,202101,315
종로구,354. 포르투갈 대사관 앞,202101,508
종로구,355. 서울사대부속초교 앞,202101,303
종로구,356. KT혜화지사 앞,202101,372
종로구,358. 성대입구 사거리,202101,365
종로구,359. 원남동사거리,202101,345
종로구,361. 동묘앞역 1번출구 뒤,202101,1077
종로구,362. 청계8가 사거리,202101,696
종로구,363. 신설동역 11번출구 뒤,202101,665
종로구,364. 창신역 1번출구 앞,202101,264
종로구,367. 독립문역 3-1번출구,202101,520
종로구,368. SK 서린빌딩 앞,202101,386
종로구,369. 광화문 시민열린마당,202101,422
종로구,385. 종각역 5번출구,202101,590
종로구,388. 동성중학교 앞,202101,176
종로구,393. 동대문역 8번 출구,202101,832
종로구,394. 경희궁 자이 3단지,202101,342
종로구,395. 경희궁 자이 2단지,202101,453
종로구,397. 종묘공영주차장 건너편,202101,229
종로구,446. 상명대입구,202101,240
종로구,447. 신영동삼거리,202101,41
종로구,449. 일성아파트,202101,111
종로구,450. 효자동 삼거리,202101,301
종로구,451. 청와대앞길,202101,99
종로구,452. 동대문 종합시장 버스정류장,202101,271
종로구,453. 종로오가 지하쇼핑센터 14번출구,202101,344
종로구,454. 종로2가 버스정류장 (종각방향),202101,433
종로구,455. 삼익한의원,202101,351
종로구,456. 숭인2동 주민센터 입구 (이강3대냉면),202101,367
종로구,457. 종로꽃시장 입구 옆,202101,341
종로구,458. 광화문역 5번출구,202101,672
종로구,461. 서울지방경찰청,202101,305
종로구,462. 신영동삼거리(북악터널방향),202101,76
종로구,464. 삼청동 골목,202101,333
종로구,465. 삼청공원 앞,202101,61
종로구,"4702. 평창동 꽃여울(꽃집),스타벅스 앞",202101,47
종로구,4703. 쌍용아파트2단지 정문,202101,18
종로구,4704. 쌍용아파트2단지 상가앞,202101,28
종로구,4705. 웰니스센터(민방위교육장 앞),202101,117
종로구,4707. 청계3가 사거리,202101,48
종로구,4708. 조계사앞사거리(파리바케트앞),202101,149
종로구,4710. 자교교회 앞,202101,252
종로구,4711. 올림픽기념 국민생활관 로터리,202101,464
종로구,486. 평창동주민센터 앞,202101,58
중구,300. 정동사거리,202101,498
중구,3013.서울지방고용노동청 앞,202101,209
중구,310. 청계광장 옆,202101,321
중구,311. 서울광장 옆,202101,924
중구,318. 광교사거리 남측,202101,247
중구,320. 을지로입구역 4번출구 앞,202101,459
중구,321. KEB 하나금융그룹 명동사옥 옆,202101,328
중구,322. 명동성당 앞,202101,219
중구,324. 신세계백화점 본점 앞,202101,252
중구,331. 을지로2가 사거리 북측,202101,315
중구,332. 을지로2가 사거리 남측,202101,267
중구,336. 티마크 호텔 앞,202101,303
중구,346. 맥스타일 앞,202101,589
중구,347. 동대문역사문화공원역 9번출구 앞,202101,267
중구,370. 시청역(2호선) 9번출구 뒤,202101,754
중구,371. 동대입구역 6번출구 뒤,202101,120
중구,372. 약수역 3번출구 뒤,202101,270
중구,373. 청구 어린이공원,202101,87
중구,374. 청구역 2번출구 앞,202101,450
중구,375. 다산 어린이공원,202101,508
중구,378. 청계7가 사거리,202101,670
중구,379. 서울역9번출구,202101,447
중구,380. CJ제일제당 앞,202101,492
중구,381. 장충체육관,202101,45
중구,382. 약수역 10번출구 앞,202101,235
중구,383. 신당역 12번 출구 뒤,202101,748
중구,384. 종로학원본원,202101,189
중구,387. 훈련원공원주차장 앞,202101,449
중구,389. 을지로4가역 1번출구,202101,207
중구,390. 충무로역 1번출구,202101,587
중구,391. 정동길입구,202101,230
중구,398. 을지로3가역 3번출구,202101,388
중구,399. 서울역 센트럴 자이아파트,202101,262
중구,428. 명보사거리,202101,122
중구,429. 송도병원,202101,132
중구,430. KEB하나은행 장충동지점,202101,274
중구,431. 청계천 영도교,202101,1113
중구,433. 을지로입구역 2번출구,202101,483
중구,434. 신당 래미안 버스정류장,202101,143
중구,435. SK 남산빌딩,202101,166
중구,441.염천교사거리,202101,199
중구,442.서울역 서부,202101,144
중구,443.호암아트홀,202101,170
중구,466.롯데호텔,202101,148
중구,467.한국은행,202101,86
중구,468.웨스틴 조선호텔,202101,107
중구,469.회현역 1번출구,202101,110
중구,470.회현역 7번출구,202101,111
중구,471.회현사거리 남측,202101,196
중구,472.삼일교(시그니쳐 타워),202101,229
중구,473.을지로4가역 9번출구,202101,463
중구,474.동대문역사문화공원역 1번출구 뒤편,202101,565
중구,475.DDP 패션몰,202101,335
중구,4753. 우리은행 서소문금융센터,202101,73
중구,476.광희문,202101,188
중구,4761. 탐앤탐스 을지로3가점,202101,63
중구,4762. 국제빌딩,202101,92
중구,477.앰배서더 호텔 주변,202101,106
중구,4772. 중앙일보,202101,71
중구,4774. 을지로입구역 8번출구,202101,87
중구,4775. 을지로지하쇼핑센터,202101,120
중구,4776. 신세계면세점,202101,99
중구,4778. 대신파이낸스센터,202101,171
중구,4779. 태극당,202101,70
중구,4784. 중부경찰서앞 사거리,202101,79
중구,4785. 롯데시티호텔,202101,100
중구,479.동대입구역 3번 출구,202101,96
중구,4791. 명동역9번 출구,202101,226
중구,480.약수역 6번 출구,202101,123
중구,481.신당역 10번 출구,202101,373
중구,482.예수소망교회,202101,45
중구,483.남산타운아파트 버스정류장,202101,147
중구,484.도동삼거리,202101,68
중구,826. 서울역 서부교차로2,202101,367
중랑구,1401. 극동늘푸른아파트,202101,501
중랑구,1402. 금란주차장 앞,202101,475
중랑구,1403. 중화빌딩 앞 (동부시장),202101,384
중랑구,1404. 동일로 지하차도,202101,524
중랑구,1405. 망우역 1번출구,202101,367
중랑구,1406. 망우청소년수련관,202101,45
중랑구,1407. 먹골역 1번출구 뒤,202101,368
중랑구,1408. 먹골역 6번출구 앞,202101,335
중랑구,1410. 면목 대원칸타빌아파트,202101,148
중랑구,1411. 상봉시장앞 교차로 한성빌딩 앞,202101,364
중랑구,1412. 면목초등학교,202101,189
중랑구,1413. 봉화산역 5번출구 뒤,202101,265
중랑구,1414. 사가정역 1번출구,202101,660
중랑구,1416. 상봉역 3번출구,202101,342
중랑구,1418. 새솔초등학교,202101,120
중랑구,1420. 신내어울공원 앞,202101,193
중랑구,1421. 신내역 4번출구,202101,79
중랑구,1422. 신내우디안아파트 1단지,202101,86
중랑구,1424. 양원역 2번출구,202101,51
중랑구,1425. 용마문화복지센터,202101,218
중랑구,1426. 면목도시개발아파트 1동 앞,202101,183
중랑구,1427. 용마산역 1번출구,202101,151
중랑구,1428. 원묵고등학교,202101,224
중랑구,1429. 장안중학교,202101,265
중랑구,1430. 중랑구청,202101,322
중랑구,1431. 중랑구청 사거리,202101,536
중랑구,1433. 중화역 2번출구,202101,454
중랑구,1434. 홈플러스 면목동점,202101,305
중랑구,1435. 능산삼거리,202101,88
중랑구,1436. 영풍마드레빌,202101,244
중랑구,1437. 늘푸른공원 앞,202101,411
중랑구,1438. 홈플러스 신내점 앞,202101,459
중랑구,1440. 하나은행 면목지점,202101,436
중랑구,1441. 신내능말공원,202101,181
중랑구,1442. (구)신한은행 중랑교지점,202101,564
중랑구,1443. 구립망우청소년독서실,202101,193
중랑구,1444. 면목4치안센터,202101,411
중랑구,1445. 용마지구대,202101,82
중랑구,1446. 중랑전화국 교차로,202101,542
중랑구,1447. 면목역 3번출구,202101,653
중랑구,1448. 코스트코 상봉점,202101,742
중랑구,1449. 상봉역 1번출구,202101,747
중랑구,1450. 화랑대역 7번출구,202101,361
중랑구,1451. 중랑세무서,202101,618
중랑구,1452. 겸재교 진입부,202101,773
중랑구,1453. 중랑캠핑숲,202101,62
중랑구,1454. 한국전력공사(동대문 중랑지사),202101,299
중랑구,1455. 상봉역 2번 출구,202101,556
중랑구,1456. 상아빌딩(우림시장 교차로),202101,359
중랑구,1457. 동원사거리,202101,351
중랑구,1458. 상봉터미널2,202101,598
중랑구,1459. 용마한신아파트사거리,202101,157
중랑구,1461.동양엔파트 앞,202101,288
중랑구,1462.동부시장 북문 앞,202101,460
중랑구,1463.중랑구민회관,202101,91
중랑구,1464.중화역 4번출구,202101,278
중랑구,1465.중랑공영차고지 옆,202101,183
중랑구,1466.두산대림아파트 삼거리,202101,139
중랑구,1467.sk신내 주유소앞(용마산로),202101,63
중랑구,1468.먹골역 7번 출구,202101,211
중랑구,1469.먹골역 4번출구,202101,282
중랑구,1470.중화동 우리은행 앞,202101,402
중랑구,1471.동양쇼핑 정류소 앞,202101,380
중랑구,1472.영성빌딩(PAT),202101,203
중랑구,1473.중랑역 1번 출구(중화문화복지센터),202101,457
중랑구,1474.서울중랑우체국,202101,315
중랑구,1477.면목삼익아파트 앞,202101,159
중랑구,1478.홈플러스 상봉점 앞,202101,427
중랑구,1479.면목 홈플러스 2,202101,187
중랑구,1480. 용마지구대 옆,202101,207
강남구,2301. 현대고등학교 건너편,202102,1713
강남구,2302. 교보타워 버스정류장(신논현역 3번출구 후면),202102,538
강남구,2303. 논현역 7번출구,202102,440
강남구,2304. 신영 ROYAL PALACE 앞,202102,156
강남구,2305. MCM 본사 직영점 앞,202102,197
강남구,2306. 압구정역 2번 출구 옆,202102,723
강남구,2307. 압구정 한양 3차 아파트,202102,634
강남구,2308. 압구정파출소 앞,202102,571
강남구,2309. 청담역(우리들병원 앞),202102,160
강남구,2310. 청담동 맥도날드 옆(위치),202102,251
강남구,2311. 학동로 래미안 아파트 앞,202102,222
강남구,2312. 청담역 13번 출구 앞,202102,207
강남구,2313. 금원빌딩 앞,202102,548
강남구,2314. 청담나들목입구,202102,371
강남구,2315. 봉은사역 5번출구 옆,202102,456
강남구,2316. 삼성역 8번출구,202102,602
강남구,2317. 삼성도로공원,202102,492
강남구,2318. 삼성중앙역4번출구(문화센터더 리빌),202102,254
강남구,2319. 포스코사거리 서측(수협 삼성동 지점),202102,236
강남구,2320. 도곡역 대치지구대 방향,202102,274
강남구,2321. 학여울역 사거리,202102,386
강남구,2322. 삼성역 3번 출구,202102,348
강남구,2323. 주식회사 오뚜기 정문 앞,202102,157
강남구,2324. 천주교 대치 2동 교회 옆,202102,514
강남구,2325. 대치동 버거킹대치점,202102,536
강남구,2326. 대치동 삼성로,202102,256
강남구,2327. 뱅뱅사거리 랜드마크타워 앞,202102,436
강남구,2328. 르네상스 호텔 사거리 역삼지하보도 7번출구 앞,202102,231
강남구,2329. 르네상스호텔사거리 역삼지하보도 2번출구,202102,133
강남구,2330. 스타벅스 앞,202102,304
강남구,2331. 동영문화센터앞,202102,198
강남구,2332. 선릉역3번출구,202102,531
강남구,2333. 양재역 3번출구 주변,202102,479
강남구,2334. 삼호아파트 2동 ( 간선도로),202102,54
강남구,2335. 3호선 매봉역 3번출구앞,202102,681
강남구,2336. 강남세브란스교차로 래미안그레이튼 104동 앞,202102,110
강남구,2337. 대모산입구역 2번출구 앞,202102,255
강남구,2339. 현대아파트 정문 앞,202102,226
강남구,2340. 삼호물산버스정류장(23370) 옆,202102,854
강남구,2341. 일원역 4~5번 출구 사이,202102,143
강남구,2342. 대청역 1번출구 뒤,202102,699
강남구,2343. 세곡사거리 대왕파출소 앞,202102,21
강남구,2344. 리엔파크 2단지 앞,202102,250
강남구,2347. 두산건설 본사,202102,189
강남구,2348. 포스코사거리(기업은행),202102,797
강남구,2349. 역삼빌딩 앞(하나은행 옆),202102,100
강남구,2350. 래미안그레이튼102동앞,202102,164
강남구,2351. 청소년수련관(수영장)앞,202102,92
강남구,2352. 서울본부세관(건설회관 앞),202102,155
강남구,2353. 강남구청역 2번출구 뒤,202102,213
강남구,2354. 청담역 2번출구,202102,131
강남구,2355. 삼성역 5~6번 출구 사이,202102,750
강남구,2356. 강남구청,202102,187
강남구,2357. 르네상스호텔사거리 역삼지하보도 3번출구 앞 (더 오번 빌딩 명동칼국수 앞),202102,92
강남구,2358. 구룡초사거리 (현대아파트10동 앞 ),202102,153
강남구,"2359. 국립국악중,고교 정문 맞은편",202102,407
강남구,2360. 도곡1동 주민센터 교차로,202102,216
강남구,2361. 압구정역 교차로,202102,539
강남구,2362. 신사동 가로수길 입구,202102,450
강남구,2363. 강남 을지병원 교차로,202102,222
강남구,2364. 도산대로 렉서스 앞,202102,288
강남구,2365. K+ 타워 앞,202102,480
강남구,2368. 도곡동 경남아파트 건너편,202102,126
강남구,2369. KT선릉타워,202102,441
강남구,2370. 한티역 3번출구,202102,165
강남구,2371. 한국우편사업진흥원,202102,121
강남구,2372. 대치역 사거리,202102,576
강남구,2373. 개포동역 사거리,202102,649
강남구,2375. 수서역 1번출구 앞,202102,360
강남구,2376. 수서역 6번출구 앞,202102,113
강남구,2377. 수서역 5번출구 뒤,202102,902
강남구,2380. 삼성동베이직하우스앞,202102,196
강남구,2381. 언주역 6번출구앞,202102,229
강남구,2382. 역삼동 sk뷰 501동앞,202102,135
강남구,2383. 보금자리정원,202102,96
강남구,2384. 자곡사거리,202102,602
강남구,2385. 학동역,202102,352
강남구,2386. 크린랩 본사,202102,127
강남구,2387. 래미안강남힐즈 사거리,202102,252
강남구,2388. 강남구 도시관리공단,202102,195
강남구,2389. 경기여자고등학교 후문 (삼성로3길 입구),202102,274
강남구,2390. 구룡마을 입구 (래미안블레스티지 아파트),202102,150
강남구,2391. 구룡터널 입구(개포1단지아파트),202102,10
강남구,2392. 구룡산 입구 (구룡산 서울둘레길 입구),202102,26
강남구,2393. 구룡사 앞 교차로 (보도육교),202102,33
강남구,2394. 개포래미안포레스트아파트 107동 앞,202102,359
강남구,2395. 개포1단지아파트 입구 (보도육교),202102,38
강남구,2396. 영동3교 북단(우성캐릭터 앞 보도),202102,383
강남구,2398. 더라움,202102,158
강남구,2401. 밀알학교 입구 (삼성서울병원 입구),202102,88
강남구,2403. 공무원연금매점 교차로 (개포주공9단지 입구),202102,69
강남구,2404. 대모산입구역 4번 출구 앞,202102,402
강남구,2405. 청담공원앞 교차로,202102,368
강남구,2406. 논현동 광명빌딩 앞,202102,130
강남구,2407. 역삼.서초.삼성 세무서 앞 (역삼빌딩 앞),202102,651
강남구,2408. 강남한양수자인아파트,202102,327
강남구,2409. 역삼동 디오슈페리움 (우성아파트 사거리),202102,454
강남구,2410. 포스코피앤에스타워 (역삼역 3번출구 부근),202102,280
강남구,2411. 세곡동 성당,202102,259
강남구,2412. 일원1동 주민센터,202102,652
강남구,2413.도곡역 1번 출구,202102,477
강남구,2414. 도곡역 아카데미스위트 앞,202102,471
강남구,2415.한티역 롯데백화점 앞,202102,308
강남구,2416.한티역 6번 출구,202102,113
강남구,2417.선정릉 디캠프(D.CAMP)앞,202102,120
강남구,2418.봉은사역 7번 출구,202102,380
강남구,"2419.봉은사역 1,2번 출구",202102,240
강남구,2420.학여울역 사거리(LG베스트샵 앞),202102,350
강남구,2421. 신논현역 4번출구,202102,271
강남구,2422.수서동 성당 맞은편,202102,206
강남구,2423.영희초교 사거리(래미안개포루체하임),202102,449
강남구,2425.세곡동 사거리(대왕초등학교 정류장),202102,53
강남구,2426.강남한신휴플러스 6단지,202102,149
강남구,2427.개포고등학교 정문앞,202102,178
강남구,2428.롯데리아 개포점앞,202102,137
강남구,2429.압구정로데오역 6번출구,202102,702
강남구,2430.강남파이낸스센터앞(역삼역2번출구),202102,187
강남구,2431.대치역 7번출구,202102,612
강남구,3602. 한국지역난방공사강남지사,202102,74
강동구,1001. 광진교 남단 사거리(디지털프라자앞),202102,1018
강동구,1002. 해공공원(천호동),202102,949
강동구,1003. 해공도서관앞,202102,367
강동구,1004. 삼성광나루아파트 버스정류장,202102,746
강동구,1006. 롯데캐슬 115동앞,202102,205
강동구,1007.암사동 선사유적지,202102,84
강동구,1008. 암사역 3번출구(국민은행앞),202102,1441
강동구,1009. 천호역4번출구(현대백화점),202102,1848
강동구,1010. 강동세무서,202102,1125
강동구,1011. LIGA 아파트 앞,202102,1017
강동구,1012. 서울 상운차량,202102,435
강동구,1013. 강동구청역 1번 출입구,202102,567
강동구,1014. 강동구평생학습관앞,202102,390
강동구,1015. 샛마을 근린공원,202102,293
강동구,1016. 해뜨는 주유소옆 리엔파크 109동앞,202102,294
강동구,1017. 맥도날드(길동),202102,919
강동구,1018. 둔촌 주공 GS 맞은편,202102,165
강동구,1019. 다성이즈빌아파트(호원대 대각선 맞은편),202102,1103
강동구,1020. 강동경찰서,202102,1328
강동구,1021. 강일동 리슈빌 빌딩앞,202102,742
강동구,1022. 길동 사거리(초소앞),202102,858
강동구,1023. 한국종합기술사옥 앞,202102,750
강동구,1024. 강동구청 앞,202102,1089
강동구,1025. 상일초등학교,202102,334
강동구,1026. 대명초교 입구 교차로,202102,226
강동구,1027. 프라자 아파트 앞,202102,448
강동구,1028. 포레스 주상복합 빌딩,202102,685
강동구,1029. 롯데 시네마,202102,860
강동구,1030. 미호 플랜트 앞,202102,305
강동구,1031. 올림픽로 836(아리수로),202102,312
강동구,1032. 선사고등학교,202102,169
강동구,1033. 고덕동 아남아파트,202102,313
강동구,1034. 고덕동 래미안 힐스테이트,202102,196
강동구,1035. 고덕역 4번출구,202102,343
강동구,1036. 고덕동 주양쇼핑,202102,413
강동구,1037. 강일리버파크 6단지,202102,132
강동구,1038. 강일 다솜 어린이 공원,202102,133
강동구,1039. 고덕초등학교,202102,79
강동구,1041. 묘곡초등학교,202102,308
강동구,1042. 강일리버파크 2~5단지,202102,343
강동구,1044. 굽은다리역,202102,1593
강동구,1047. 건강보험 강동지사kt,202102,769
강동구,1048. 동부기업(둔촌동),202102,790
강동구,1049. 강일리버파크 10단지,202102,390
강동구,1050. 둔촌역 3번 출입구,202102,1983
강동구,1051. 양지시장 (용성약국앞) 입구,202102,539
강동구,1052. 리싸이클시티,202102,46
강동구,1053. 동명근린공원 진입로 (아리수로),202102,80
강동구,1054. 말우물 어린이 공원,202102,114
강동구,1056. 강일리버파크 7~11단지,202102,187
강동구,1057. 능골근린공원,202102,326
강동구,1058. 고덕숲 아이파크 1,202102,328
강동구,1059. 래미안 강동팰리스(102동),202102,445
강동구,1060. 천일초교 사거리,202102,347
강동구,1061. 천호초교 입구 사거리(일주빌딩),202102,550
강동구,1062. 고덕숲 아이파크 2,202102,154
강동구,1063.강동롯데캐슬퍼스트 아파트(관리동),202102,206
강동구,1064.중앙보훈병원역 1번출구,202102,130
강동구,1065.보훈병원 정문옆(중앙대영약국),202102,379
강동구,1066.생태공원앞 교차로(조명탑),202102,126
강동구,1067.한영중고앞사거리,202102,198
강동구,1068.명일파출소,202102,279
강동구,1069.강동경희대학교병원 입구,202102,143
강동구,1070.(시립)고덕평생학습관,202102,238
강동구,1071.명일근린공원공동체텃밭,202102,121
강동구,1072.고덕역 5번출구,202102,342
강동구,1073.SSTS 몰 앞,202102,348
강동구,1074.대명초교입구 사거리,202102,509
강동구,1075.천동초교 삼거리,202102,447
강동구,1076.전자랜드 길동점,202102,843
강동구,1077.강동역 1번출구 앞,202102,792
강동구,1078.둔촌사거리,202102,777
강동구,1079.강일동입구교차로,202102,203
강동구,1080.엘웨딩,202102,359
강동구,1081.트레빌빌딩,202102,327
강동구,1082.중앙보훈병원역3번출구,202102,46
강동구,1083.광문고교사거리(아이파크),202102,185
강동구,1084. 윤선생빌딩(JYP사옥),202102,1057
강동구,1085.래미안 솔베뉴(고덕로),202102,288
강동구,1086.래미안 솔베뉴(구천면로),202102,251
강동구,1088.풍납사거리(강동),202102,385
강동구,1089.고덕 래미안힐스테이트(201동),202102,120
강동구,1090.상일동역 2번출구 앞,202102,1037
강동구,3539. 서원마을,202102,104
강동구,3652. 한영외국어고등학교,202102,31
강동구,3653. 강동리버스트4단지아파트 404동 앞,202102,474
강동구,3654. 강동리버스트4단지아파트 405동 앞,202102,387
강동구,3655. 둔촌신성미소지움아파트,202102,138
강북구,"1501. 미아역 3번,4번 출구 사이",202102,726
강북구,1503. 이디야 커피 수유역점 앞,202102,1224
강북구,1504. 다이소 삼양시장점,202102,207
강북구,1506. 강북문화예술회관,202102,506
강북구,1509. 서울북부수도사업소,202102,318
강북구,1510. 번동주공5단지 관리사무소 앞,202102,122
강북구,1511. 번동 금호어울림아파트102동앞,202102,146
강북구,1512. 강북중학교 앞,202102,1091
강북구,1513. 강북구청 뒷편,202102,95
강북구,1514. 강북구청 사거리 버스정류소 앞,202102,703
강북구,1515. 송천동 주민센터,202102,403
강북구,1516. 우이초등학교 후문 옆,202102,311
강북구,1518. SK telecom(수유직영점) 앞,202102,299
강북구,1519. 세븐일레븐 수유장미원점 앞,202102,311
강북구,1520. 성실교회,202102,486
강북구,1522. 월드전기조명인테리어(우이동),202102,237
강북구,1525. 미아동 복합청사,202102,173
강북구,1526. 수유동 채선당앞,202102,352
강북구,1527. 미아역 1번 출구 뒤,202102,357
강북구,1528. 삼각산동 주민센터,202102,222
강북구,1529. 미아동 한국전력공사,202102,816
강북구,1530. 광산사거리,202102,697
강북구,1531. 미아사거리 1번 출구,202102,1038
강북구,1532. 번3동 주민센터 교차로,202102,453
강북구,"1533. 번동 주공3, 4단지 교차로",202102,668
강북구,1534. 북서울 꿈의 숲 동문,202102,651
강북구,1535. 효성인텔리안 앞,202102,777
강북구,1536. 번동 두산위브 101동 옆,202102,464
강북구,1537. 북한산 우이역,202102,273
강북구,1538. 솔밭공원역,202102,263
강북구,1539. 4.19민주묘지역,202102,326
강북구,1540. 가오리역,202102,503
강북구,1541. 삼양역,202102,156
강북구,1542. 삼양사거리역,202102,230
강북구,1543. 수유1동 주민센터,202102,323
강북구,1545. 솔샘역 2번 출구,202102,155
강북구,1546. 송천동우체국,202102,198
강북구,1547. 꿈의숲 롯데캐슬,202102,129
강북구,1548. 북서울 꿈의숲 서문,202102,461
강북구,1550.삼각산아이원아파트(105동 옆),202102,84
강북구,1551.4.19탑 앞,202102,262
강북구,1552. 강북구청사거리(던킨도너츠 앞),202102,671
강북구,1553.예수그리스도후기성도교회 앞,202102,293
강북구,1554.번동사거리,202102,375
강북구,1557.신창교,202102,635
강북구,1558.강북문화정보도서관,202102,114
강북구,1560. 도봉세무서 앞,202102,454
강북구,1564.4.19민주묘지역 1번출구,202102,395
강북구,1565.대한병원앞,202102,515
강북구,1568.4.19민주묘지 입구사거리,202102,315
강북구,1569.수유역2번출구,202102,884
강북구,1571.북서울 꿈의 숲 입구,202102,254
강북구,1572.우이산 입구,202102,39
강북구,1573.현대성우아파트 옆,202102,144
강북구,1574.송중초등학교 옆,202102,285
강북구,3703. 신성교회 앞,202102,76
강북구,3707. 드래곤타워 앞,202102,250
강북구,3711. 월계2교 교차로,202102,323
강북구,3714. 송천센트레빌,202102,113
강서구,1101. 개화동상사마을종점 버스정류장,202102,135
강서구,1102. 방화사거리 마을버스 버스정류장,202102,849
강서구,1103. 방화역 4번출구앞,202102,780
강서구,1105. 방화근린공원,202102,195
강서구,1106. 신방화사거리,202102,720
강서구,1108. 공항시장역 2번출구 뒤,202102,550
강서구,1109. 공항시장역 4번출구,202102,316
강서구,1110. 공항중학교앞,202102,331
강서구,1111. 마곡엠밸리6_7단지 마곡중학교,202102,531
강서구,1112. 마곡엠밸리4단지 정문,202102,1652
강서구,1113. 서남환경공원 버스정류장,202102,818
강서구,1114. 서남물재생센터 버스정류장,202102,2
강서구,1115. 등촌역 1번출구옆,202102,761
강서구,1117. 스타벅스앞,202102,1429
강서구,1118. 증미역 3번출구뒤(등촌두산위브센티움오피스텔),202102,1525
강서구,1119. 염창동 한마음아파트앞(염창동 빛나는 음악학원앞),202102,982
강서구,1120. 대림경동아파트앞,202102,944
강서구,1121. 가양레포츠센터앞,202102,663
강서구,1122. 황금내근린공원,202102,1272
강서구,1124. 발산역 6번 출구 뒤,202102,1861
강서구,1125. 명덕고교입구(영종빌딩),202102,1365
강서구,1126. 우장산역 1번출구옆(우장산아이파크105동앞),202102,631
강서구,1127. 화곡역(에이스정형외과앞) 버스정류장,202102,662
강서구,1128. 화곡역 6번출구,202102,666
강서구,1129. 화곡역 1번 출구 앞,202102,683
강서구,1130. 화곡본동시장 버스정류장,202102,235
강서구,1131. 꿈돌이공원 앞,202102,800
강서구,1132. 등촌역 7번출구,202102,903
강서구,1135. 강서구의회,202102,720
강서구,1136. 등촌2파출소,202102,376
강서구,1137. 등촌2동주민센터,202102,240
강서구,1139. 용문사 버스정류장,202102,621
강서구,1140. 목동사거리 버스정류장,202102,940
강서구,1141. 곰달래 문화복지센터 1-1,202102,683
강서구,1145. 곰달래 문화복지센터 1-2,202102,393
강서구,1146. 곰달래사거리,202102,652
강서구,1148. 볏골공원,202102,469
강서구,1149. 신방화역환승주차장,202102,1824
강서구,1150. 송정역 1번출구,202102,922
강서구,1151. 마곡역1번출구,202102,711
강서구,1152. 마곡역교차로,202102,2362
강서구,"1153. 발산역 1번, 9번 인근 대여소",202102,2512
강서구,1155. 기쁜우리복지관,202102,788
강서구,1157. 강서구청,202102,1093
강서구,1158. 가양역 8번출구,202102,2472
강서구,1159. 서서울모터리움앞,202102,506
강서구,1160. 양천향교역 7번출구앞,202102,2084
강서구,1161. 강서면허시험장앞,202102,189
강서구,1162. 공항초등학교건너편,202102,607
강서구,1163. 방화동강서기동대앞,202102,694
강서구,1165. 마곡중학교 후문,202102,359
강서구,1166. 강서구립등빛도서관,202102,1627
강서구,1167. 마곡수명산파크3단지 교차로,202102,1238
강서구,1168. 마곡엠밸리10단지 앞,202102,615
강서구,1169. 염창역 1번 출구,202102,807
강서구,1170. 강서구보건소 (삼성디지털 프라자),202102,543
강서구,1171. 염창동 새마을금고 건너편 (모닝글로리),202102,678
강서구,1172. 가양3동 주민센터,202102,768
강서구,1173. 강서구청사거리(SH타워),202102,1151
강서구,1174. 강서구청사거리(부민병원),202102,534
강서구,1175. 대한항공 인력개발센터,202102,598
강서구,1177. 수명중?고교,202102,544
강서구,1178. 개화산역 2번 출구,202102,428
강서구,1180. 마곡엠밸리 15단지(1502동) 건너편,202102,908
강서구,1181. 농수산식품공사 (강서지사),202102,174
강서구,1182. KBS 스포츠월드,202102,767
강서구,1183. KC 대학교,202102,237
강서구,1184. 마곡13단지,202102,1333
강서구,1185. 등촌9단지,202102,586
강서구,1186. 송정중학교,202102,367
강서구,1187. 강서수산물도매시장,202102,387
강서구,1188. 롯데중앙연구소,202102,100
강서구,1190. 마곡역 교차로(2번출구),202102,602
강서구,1191. 마곡역 교차로(NH농협),202102,1076
강서구,1192. 마곡수명산파크 209동 건너편,202102,651
강서구,1193. 마곡센트럴타워 1차,202102,1091
강서구,1194. 센서텍㈜,202102,449
강서구,1195. 코오롱One&Only타워,202102,782
강서구,1196. 서울식물원(문화센터) 건너편,202102,149
강서구,1197. 엠펠리체 호텔 건너편,202102,968
강서구,1198. LG 사이언스파크,202102,284
강서구,1199. 우장산역 3번출구,202102,808
강서구,1200. 개화광역환승센터,202102,122
강서구,2701. 마곡나루역 5번출구 뒤편,202102,2226
강서구,2702. 마곡 엠밸리2단지,202102,370
강서구,2703.서울도시가스 앞,202102,344
강서구,2704.홈플러스(강서점),202102,1016
강서구,2706.강서공업고등학교 앞,202102,569
강서구,2707.한강아파트,202102,644
강서구,2708.강서한강자이타워 앞,202102,1310
강서구,2709.강변아파트 310동 앞,202102,470
강서구,2710.라이품 공영주차장 앞,202102,430
강서구,2711.가로공원공영주차장 1번 출구,202102,416
강서구,2712.화곡터널입구교차로,202102,236
강서구,2713.우장초등학교 앞,202102,374
강서구,2714.발산1동주민센터교차로,202102,966
강서구,2715.마곡나루역 2번 출구,202102,2971
강서구,2716.롯데 R&D 센터,202102,147
강서구,2717.LG유플러스 마곡사옥,202102,1146
강서구,2718.마곡수명산파크1단지,202102,341
강서구,2719.마곡문화공원,202102,821
강서구,2720.힐스테이트에코,202102,1091
강서구,2721.등촌1-10단지 교차로,202102,761
강서구,2722.마곡 문영비지웍스,202102,1258
강서구,2723.마곡 필네이처,202102,620
강서구,2724.(재)FITI시험연구원,202102,659
강서구,2725.서울식물원 식물문화센터,202102,511
강서구,2727.서울식물원 잔디마당 앞,202102,523
강서구,2728.마곡나루역 3번 출구,202102,1628
강서구,2729.넥센 유니버시티 앞,202102,577
강서구,2730.마곡메가박스 앞,202102,837
강서구,2731.명덕고교,202102,281
강서구,2732.마곡수명산 1-2단지,202102,507
강서구,2733.마곡13단지 정문 앞,202102,1379
강서구,2735.마곡 공공청사,202102,795
강서구,2737.까치산역 3번 출구,202102,561
강서구,2739.수명산파크1단지교차로,202102,727
강서구,2740.마곡레포츠센터,202102,297
강서구,2741.마곡수명산파크5-6단지,202102,464
강서구,2742.강서구민올림픽체육센터,202102,478
강서구,2743.동신아파트 104동 앞,202102,476
강서구,2744.강서세무서 앞,202102,377
강서구,2745.수명초등학교,202102,341
강서구,2746.수명산파크 4단지 411동 앞,202102,472
강서구,3753. 공항중학교 버스정류장,202102,209
강서구,3756. 마곡힐스테이트 정문,202102,325
강서구,3759. 서울이대병원,202102,314
강서구,3760. 발산역 8번 출구,202102,363
강서구,3761. 나이아가라관광호텔,202102,173
강서구,3763. 등촌태영아파트,202102,281
강서구,3765. 문소빌딩,202102,112
강서구,3766. 강서문화센터,202102,65
강서구,3767. 대원빌딩,202102,167
강서구,3769. 가양동 이마트 앞,202102,738
강서구,3772. 길성그랑프리텔아파트,202102,632
강서구,3775. 가양오토갤러리,202102,368
강서구,3776. 김포공항교차로,202102,131
강서구,3778. 김포공항입구 교차로,202102,565
강서구,3779. 유광사여성병원,202102,236
강서구,3780. 등촌서광아파트,202102,808
강서구,3781. 강서아동복지센터,202102,43
강서구,3782. 겸재정선미술관,202102,306
강서구,3783. 마곡금호어울림아파트,202102,246
강서구,3784. 벽산아파트,202102,577
강서구,3786. 강서힐스테이트 상가 앞,202102,210
강서구,3787. 가양나들목,202102,485
강서구,3788. 정곡나들목,202102,868
강서구,3789. 염창나들목,202102,1086
강서구,3792. 화곡본동시장 입구,202102,243
강서구,3794. 안양천합수부(현대3차아파트),202102,776
강서구,3795. 공항신성빌딩 앞,202102,190
강서구,3796. 송정역 3번출구 앞,202102,329
강서구,3797. 마곡수명산파크7단지 710동 앞,202102,193
강서구,3798. 그랜드아이파크아파트 앞,202102,714
관악구,2102. 봉림교 교통섬,202102,3823
관악구,2103. 신림동 우방아파트,202102,838
관악구,2104. 사당역 5번출구,202102,648
관악구,2105. 미성동 신림체육센터,202102,600
관악구,2106. 난곡 새마을금고,202102,884
관악구,2107. 도림천 신화교,202102,1260
관악구,2108. 은천치안센터,202102,578
관악구,2109. 은천로입구 가로공원,202102,1450
관악구,2110. 조원동 미성아파트,202102,54
관악구,2111. 서울대입구역 1번출구,202102,496
관악구,2112. 서울대입구역 마에스트로,202102,542
관악구,2113. 관악동작견인차량보관소,202102,935
관악구,2115. 관악농협농산물백화점,202102,632
관악구,2116. 에이스에이존빌딩,202102,449
관악구,2119. 중앙동 동진빌딩,202102,648
관악구,2122. 낙성대로 입구,202102,345
관악구,2127. 보성운수차고지 맞은편,202102,295
관악구,2128. 관악구청교차로,202102,374
관악구,2129. 낙성대 과학전시관,202102,290
관악구,2130. 영어마을 관악캠프,202102,193
관악구,2135. 신림역 5번출구,202102,687
관악구,2136. 신림역 8번출구,202102,1279
관악구,2137. KT&G 관악지점,202102,215
관악구,2139. 서울신성초등학교,202102,385
관악구,2140. 신림1교 교차로,202102,959
관악구,2141. 미림여고입구 교차로,202102,77
관악구,2143. 서울산업정보학교,202102,162
관악구,2144. 난우길입구,202102,287
관악구,2145. 은천초등학교 육교,202102,366
관악구,2148. 낙성대역 3번출구 뒤,202102,380
관악구,2156. 농협 관악문성지점,202102,431
관악구,2159. 인헌초교,202102,217
관악구,2164. 관악우체국,202102,492
관악구,2165. JK장평타워,202102,281
관악구,2167. 낙성대역 1번출구,202102,281
관악구,2169. 봉천역 2번출구,202102,461
관악구,2170. 조원동서울본병원,202102,497
관악구,2171. 서울대입구역 5번출구,202102,763
관악구,2172. 나들목공원,202102,233
관악구,2173. 당곡사거리,202102,2036
관악구,2174. 삼성디지털프라자관악점,202102,400
관악구,2175. 신림동걷고싶은문화의거리입구,202102,619
관악구,2176. 보라매공원 보도육교,202102,917
관악구,2177. 신대방역 2번 출구,202102,2862
관악구,2178. 서울대학교 정문,202102,251
관악구,2179. 양녕로 입구,202102,619
관악구,2183. 동방1교,202102,2563
관악구,2184. 구암초등학교 버스정류장,202102,117
관악구,2185. 대학동 고시촌,202102,360
관악구,2186.우리은행 낙성대역지점,202102,304
관악구,2187.현대시장사거리(신한은행),202102,596
관악구,2189.삼성서비스센터(관악점),202102,418
관악구,2190.도원맨션,202102,260
관악구,2191.대학동주민센터,202102,399
관악구,2195.은천교회,202102,367
관악구,2196.삼화페인트 봉천점,202102,255
관악구,2198.사랑의병원,202102,280
관악구,2199.신봉천주유소,202102,111
관악구,2200.관악문화원 건너편,202102,57
관악구,3306.서울신우초등학교,202102,44
관악구,3307.봉천고개 육교,202102,209
관악구,3310.영락고등학교,202102,242
관악구,3311.서울대입구역 4번 출구,202102,327
관악구,3802. 관악구민체육센터,202102,47
관악구,3804. 낙성대공원,202102,1
관악구,3806. 낙성대 교수아파트,202102,1
광진구,3500. 군자역2번출구,202102,904
광진구,3501. 광진구청 앞,202102,1092
광진구,3502. 중곡역 1번출구,202102,509
광진구,3503. 광진유진스웰,202102,119
광진구,3504. 원일교회,202102,927
광진구,3505. 신양초교앞 교차로,202102,482
광진구,3506. 영동대교 북단,202102,759
광진구,3507. 어린이회관,202102,467
광진구,3508. 화양사거리,202102,428
광진구,3509. 세종사이버대학교,202102,1088
광진구,3510. 중곡SK아파트앞,202102,315
광진구,3516. 구의아리수정수센터앞,202102,343
광진구,3517. 용마사거리,202102,943
광진구,3518. 군자역 7번출구뒤,202102,1531
광진구,3520. 광진경찰서,202102,986
광진구,3521. 현대홈타운 뒷길,202102,175
광진구,3523. 건국대학교 과학관(이과대) 앞,202102,234
광진구,3524. 세종대학교,202102,57
광진구,3528. 광진정보도서관,202102,587
광진구,3529. 어린이대공원정문,202102,327
광진구,3533. 건대입구역 사거리(롯데백화점),202102,2531
광진구,3534. 건대입구역 5번출구 뒤,202102,1354
광진구,3535. 중곡사거리(국민은행),202102,1025
광진구,3536. 중앙농협(자양동),202102,1039
광진구,3537. 아차산 휴먼시아 아파트 옆,202102,372
광진구,3541. 커먼그라운드,202102,1452
광진구,3542. 래미안 구의파크 스위트,202102,816
광진구,3543. 세종대학교(학술정보원),202102,116
광진구,3563.구의7단지현대아파트,202102,96
광진구,3564.나루마당,202102,90
광진구,3566.우성4차아파트,202102,817
광진구,3569.건대병원후문,202102,1385
광진구,3570.구의역 리버비스타 오피스텔,202102,844
광진구,3571.화양 APT(횡단보도 옆),202102,1561
광진구,3573.광나루안전체험관,202102,520
광진구,3575.자양사거리 (LG 유플러스),202102,909
광진구,3578.중곡동 파크웨이빌딩,202102,430
광진구,3579.광진 캠퍼스시티,202102,1214
광진구,3581.광진광장,202102,490
광진구,3582.화양동 우체국,202102,585
광진구,3586.군자역 비채온 오피스텔,202102,658
광진구,3587.우성식품 앞,202102,541
광진구,3588.세종대학교(영실관),202102,229
광진구,3853. 어린이대공원역 2번출구,202102,121
광진구,3860. 건국대학교 정문 앞,202102,251
광진구,3863. 동일로58길 입구,202102,108
광진구,3864. 광진소방서 앞,202102,276
광진구,3865. 이튼타워리버 2차,202102,462
광진구,3868. 자양한강도서관,202102,222
광진구,3873. 동서울우편집중국 앞,202102,244
광진구,3878. 장로회신학대학교 주기철 기념관,202102,16
광진구,500. 어린이대공원역 3번출구 앞,202102,1106
광진구,501. 광진구의회 앞,202102,681
광진구,502. 뚝섬유원지역 1번출구 앞,202102,7151
광진구,505. 자양사거리 광진아크로텔 앞,202102,1231
광진구,515. 광양중학교 앞,202102,529
광진구,516. 광진메디칼 앞,202102,592
광진구,539. 군자교교차로,202102,975
광진구,540. 군자역 7번출구 베스트샵 앞,202102,916
광진구,542. 강변역 4번출구 뒤,202102,883
광진구,543. 구의공원(테크노마트 앞),202102,679
광진구,544. 광남중학교,202102,713
광진구,546. 잠실대교북단 교차로,202102,670
광진구,548. 자양나들목,202102,1415
광진구,549. 아차산역 3번출구,202102,1117
광진구,551. 구의삼성쉐르빌 앞,202102,1242
광진구,552. 대림아크로리버 앞,202102,354
광진구,553. 중곡 성원APT 앞,202102,635
광진구,555. 구의3동주민센터,202102,198
광진구,571. 어린이대공원역6번출구,202102,428
광진구,572. 국립정신 건강센터 앞,202102,199
광진구,573. 구의문주차장 앞,202102,736
광진구,574. 아차산역4번출구,202102,1205
광진구,575. 중앙농협 중곡지점,202102,137
광진구,576. 광나루역 3번 출구,202102,933
광진구,577. 광진청소년수련관,202102,826
광진구,584. 광진광장 교통섬,202102,898
광진구,588. 뚝섬 유원지역,202102,845
광진구,590. 건국대학교 (입학정보관),202102,510
광진구,591. 건국대학교 (행정관),202102,146
광진구,592. 건국대학교 학생회관,202102,545
광진구,593.자양중앙나들목,202102,1239
구로구,1901. 신도림동주민센터 앞,202102,574
구로구,1904. 도림천역 1번 출구 앞,202102,902
구로구,1906. 신도림역 1번 출구 앞,202102,2784
구로구,1907. 구일우성(아) 육교 밑,202102,473
구로구,1908. 해원리바파크 육교 밑,202102,598
구로구,1910. 낙원교회 맞은편,202102,142
구로구,1911. 구로디지털단지역 앞,202102,2651
구로구,1912. 한신휴아파트 앞,202102,653
구로구,1913. 구로리공원,202102,425
구로구,1914. 대림역4번출구,202102,1041
구로구,1916. 구로중학교앞,202102,238
구로구,1920. 서울미래초등학교 사거리,202102,514
구로구,1924. 삼부르네상스파크빌,202102,245
구로구,1925. 동양미래대학교 정문 옆,202102,1635
구로구,1928. 고척스카이돔구장 광장,202102,470
구로구,1929. 고척근린공원 고척도서관 앞,202102,411
구로구,1930. 개봉지구대 개봉치안센터,202102,513
구로구,1931. 개봉역(북측광장),202102,710
구로구,1933. 개봉푸르지오아파트 상가,202102,606
구로구,1936. 개봉역 1번 출구 자전거보관서쪽,202102,312
구로구,1937. 한진아파트 입구,202102,511
구로구,1941. 오류동역 2번출구,202102,576
구로구,1943. 온수역 북측,202102,180
구로구,1946. 구로역 광장,202102,1123
구로구,1951. 천왕이펜하우스 4단지 상가 앞,202102,69
구로구,1952. 천왕연지타운2단지 앞,202102,738
구로구,1953. 천왕역 4번출구 뒤,202102,437
구로구,1955. 디지털입구 교차로,202102,1145
구로구,1956. 도야미리숯불갈비 앞,202102,560
구로구,1957. 구일고등학교 정문,202102,623
구로구,1958. 강서수도사업소민원센터,202102,582
구로구,1959. 구로구의회 앞,202102,430
구로구,1960. 화광신문사 앞,202102,701
구로구,1961. 신도림테크노근린공원,202102,1934
구로구,1962. 가리봉동주민센터,202102,545
구로구,1964. 원메디타운 앞,202102,487
구로구,1965. 삼환로즈빌아파트 105동 옆,202102,406
구로구,1966. 한마을아파트 정문상가,202102,561
구로구,1967. 참새공원(백곡경노당),202102,179
구로구,1968. 동인오피스텔 건너편 소공원,202102,186
구로구,1969. 궁동생태공원,202102,49
구로구,1971. 오정초교 앞 보도육교,202102,189
구로구,1973. 오리로와 서해안도로 교차로 앞,202102,263
구로구,1974. 신도림2차e편한세상아파트 203동 앞,202102,585
구로구,1975. 대림역 1번 출입구 밑,202102,453
구로구,1976. 남구로역 5번 출입구 앞,202102,188
구로구,1977. 천왕역 1번 출입구 앞,202102,574
구로구,1979. 구로1동우체국 앞,202102,104
구로구,1981. 천왕이펜하우스5단지 앞,202102,328
구로구,1983. 구로동롯데아파트,202102,618
구로구,1984. 구로구청,202102,490
구로구,1985. 구로도서관,202102,1345
구로구,1986. 태평양물산빌딩,202102,1074
구로구,1987. 개봉아이파크아파트 앞,202102,647
구로구,1988. 고척LIGA아파트 앞,202102,860
구로구,1991. 오류동역 맞은편,202102,706
구로구,1992. 구로구배드민턴실내체육관 앞,202102,105
구로구,1993. 금강수목원아파트 앞,202102,248
구로구,1994. 삼성전자 물류센터 앞,202102,440
구로구,1996. 구일역 1번 출입구 앞,202102,1360
구로구,1998. 고척교 교차로,202102,481
구로구,1999. 수궁동 성당 주변,202102,199
구로구,2000. 신도림4차 e편한세상 아파트 1109동 앞,202102,696
구로구,2801. 대륭포스트타워1차,202102,778
구로구,2804.항동지구 6단지 602동 앞,202102,213
구로구,2805.구로자원순환센터,202102,100
구로구,2806.항동지구 4단지 입구,202102,63
구로구,2807.항동지구 1단지 105동 앞,202102,159
구로구,2808.항동지구 2단지 202동 앞,202102,181
구로구,2809.항동지구 11단지 1103동 앞,202102,112
구로구,2810.항동지구 3단지 311동 앞,202102,85
구로구,2812.항동프라자,202102,112
구로구,2813.항동지구 3단지 302동 앞,202102,83
구로구,2814.항동지구 10단지 1001동 앞,202102,114
구로구,2815.항동지구 7단지 정문,202102,179
구로구,2816.항동지구 8단지 803동옆(주차장입구),202102,72
구로구,2817.천왕이펜하우스5단지 앞,202102,89
구로구,2818.천왕이펜하우스3단지 앞,202102,91
구로구,2819.하늘숲초등학교 앞,202102,233
구로구,2820.신세기아파트 앞,202102,324
구로구,2821.청구아파트 앞,202102,548
구로구,2822.제니스스포츠 앞,202102,241
구로구,2823.중앙유통단지 앞,202102,320
구로구,2824.미래사랑어린이공원 앞,202102,902
구로구,2825.초롱타운 앞,202102,158
구로구,2826.가마산지하보도 옆,202102,200
구로구,3902. 항동지구5단지 501동 앞,202102,145
구로구,3903. 현대아파트 앞,202102,189
구로구,3904. 테크노마트 앞,202102,685
구로구,3905. 희훈타워빌 앞,202102,440
구로구,3906. 천왕차량사업소 입구,202102,221
금천구,1804. 독산역 2번출구 자전거주차장,202102,586
금천구,1805. 서울디지털운동장 앞,202102,374
금천구,1806. 에이스하이엔드타워9차 앞,202102,381
금천구,1808. 에이스하이엔드타워8차 앞,202102,416
금천구,1809. LG전자 별관동(호서대 벤처타워 맞은편),202102,246
금천구,1812. 갑을그레이트밸리 앞,202102,382
금천구,1814. 두산위브아파트 옆 상가건물 앞,202102,425
금천구,1816. 금천폭포공원 앞,202102,105
금천구,1819. 금천구청 앞 자전거거치대,202102,318
금천구,1820. 신한은행 시흥대로금융센터지점,202102,175
금천구,1821. 홈플러스 시흥점 맞은편 다비치안경 앞,202102,337
금천구,1822. 서울 시흥동우체국 앞,202102,529
금천구,1823. 상신정비공업 앞,202102,74
금천구,1824. 독산근린공원 입구,202102,960
금천구,1825. 한신아파트 앞 육교 아래,202102,361
금천구,1826. 한신코아 앞,202102,286
금천구,1827. 독산보도육교 앞 자전거 보관소,202102,1470
금천구,1828. 한양수자인아파트 앞,202102,137
금천구,1829. 홈플러스 금천점 앞,202102,507
금천구,1830. 빅마켓 금천점 앞,202102,464
금천구,1831. 메이퀸웨딩컨벤션 앞,202102,260
금천구,1833. 독산역 1번출구 앞 자전거보관소,202102,497
금천구,1834. 월드메르디앙 벤처센터 2차,202102,904
금천구,1835. STX V타워,202102,402
금천구,1836. 금천구립 독산도서관,202102,10
금천구,1839. 수출의 다리 아래,202102,273
금천구,1840. 솔브레인이엔지 뒤편,202102,340
금천구,1841. 가산동 주민센터,202102,529
금천구,1842. 한울중학교,202102,125
금천구,1843. 독산고등학교,202102,197
금천구,1845. 롯데캐슬골드파크1차 서문,202102,290
금천구,1846. 롯데캐슬골드파크1차 동문,202102,321
금천구,1847. 독산주공 14단지 버스정류소,202102,126
금천구,1848. 벽산 디지털밸리 5차,202102,429
금천구,1849. 대륭포스트타워5차,202102,138
금천구,1850. 코오롱테크노밸리,202102,147
금천구,1851. 가산디지털단지 7번출구,202102,895
금천구,1852. 혜명양로원 담장 옆,202102,225
금천구,1853. 서울디자인직업전문학교 앞,202102,162
금천구,1854. 가산아네스트 오피스텔 앞,202102,164
금천구,1855. 성지아파트 옆 도로변,202102,96
금천구,1856. 모두의학교,202102,422
금천구,1857. 주공14단지,202102,147
금천구,1858. 석수역1번출구 앞 (SK주유소),202102,259
금천구,1859. 대륭테크노타운 18차,202102,275
금천구,1861.IBK기업은행 석수역 지점 앞,202102,99
금천구,1862.스타즈호텔독산 빌딩 앞,202102,238
금천구,1863.위너스 스포츠클럽 골프연습장옆,202102,105
금천구,1864.산호시티빌 옆,202102,89
금천구,1865.금천구청앞(M빌딩),202102,120
금천구,1866.서울안천초등학교 옆,202102,165
금천구,1867.대륭포스트타워6차 앞,202102,872
금천구,1868.우리은행 시흥남자동화점 앞,202102,116
금천구,1869.롯데캐슬골드파크3차 301동 앞,202102,217
금천구,1870.독산3동주민센터 앞,202102,216
노원구,1601. 석계역 문화광장 내 자전거 보관소,202102,105
노원구,1602. 광운대역 앞,202102,724
노원구,1605. 헬스케어,202102,1159
노원구,1606. 태릉입구역 3번출구,202102,507
노원구,1608. 공릉역 1번 출구 앞,202102,1902
노원구,1610. 화랑대역 2번출구 앞,202102,1380
노원구,1611. 과기대 입구(우),202102,1298
노원구,1616. 하계2동 공항버스정류장 옆,202102,1402
노원구,1617. 하계동 중평어린이공원 앞,202102,1133
노원구,1619. 중계동 하나프라자빌딩 앞(중1-1),202102,1037
노원구,1620. 중계동 노원구민체육센터 옆(중1-2),202102,787
노원구,1625. 상계역(4번출구),202102,1519
노원구,1627. 수락산역 4번출구,202102,338
노원구,1628. 노일초등학교 앞,202102,413
노원구,1630. 수연빌딩 앞,202102,396
노원구,1634. 당고개공원 대여소,202102,672
노원구,1635. 상계3.4동 주민센터 대여소,202102,171
노원구,1636. 백병원 사거리 농협은행 앞,202102,1290
노원구,1637. KT 노원점 건물 앞,202102,1354
노원구,1639. 희성오피앙,202102,577
노원구,1640. 한내근린공원 북측,202102,745
노원구,1641. 한내근린공원 남측,202102,309
노원구,1642. 서울여대 남문,202102,258
노원구,1643. 태릉입구역 8번출구,202102,1099
노원구,1646. 삼육대 입구,202102,369
노원구,1650. 중계근린공원내,202102,1469
노원구,1651. 맥도날드 상계점 앞,202102,492
노원구,1652. 파르코 앞,202102,160
노원구,1653. 노원역1번출구,202102,1528
노원구,1654. 당고개입구 오거리,202102,426
노원구,1655. 공릉1단지아파트,202102,1440
노원구,1656. 중앙하이츠 아파트 입구,202102,937
노원구,1657. 노원구청,202102,710
노원구,1659. 중계동 을지중학교,202102,407
노원구,1660. 서울시립과학관,202102,260
노원구,1661. 당현천근린공원,202102,645
노원구,1662. 노원역7번출구,202102,752
노원구,1663. 동해문화예술관앞,202102,936
노원구,1664. 노해근린공원내,202102,283
노원구,1665. 양지근린공원앞,202102,512
노원구,1666. 노원소방서인근,202102,683
노원구,1667. 중계중학교,202102,716
노원구,1668. 중계역 6번출구,202102,999
노원구,1669. 중계역 3번출구,202102,941
노원구,1670. 노원경찰서교차로,202102,793
노원구,1671. 인덕대학교,202102,469
노원구,1672. 상계동수락리버시티,202102,334
노원구,1673. 노원역 5번출구,202102,1598
노원구,1674. 서울북부고용센터앞,202102,1152
노원구,1675. 월계문화체육센터,202102,38
노원구,1677. 육군사관학교 앞,202102,676
노원구,1678. 성서대학교 밀알관,202102,89
노원구,1679. 삼육대 도서관,202102,62
노원구,1680. 삼육대 제3과학관,202102,21
노원구,1681. 현대6차 아파트,202102,504
노원구,1682. 중계종합사회복지관 교차로,202102,509
노원구,1683. 노원문화예술회관,202102,680
노원구,1684. 태릉입구역 5번출구,202102,1267
노원구,1685. 불암고등학교 앞 횡단보도,202102,426
노원구,1686. 온수골사거리(스타벅스앞),202102,1464
노원구,1688. 마들역 7번출구,202102,1010
노원구,1689. 마들역 3번출구,202102,651
노원구,1690. 도봉운전면허시험장,202102,644
노원구,1691. 노원정보도서관,202102,468
노원구,1692. 온곡초교 교차로,202102,482
노원구,1693. 원자력 병원,202102,231
노원구,1695.월계미륭아파트 정문,202102,376
노원구,1696.수락리버시티4단지,202102,275
노원구,1697.상계주공2단지 219동,202102,462
노원구,1700.상계보람아파트 202동,202102,389
노원구,2901.공릉동풍림아파트 101동,202102,445
노원구,2902.공릉풍림아파트 108동,202102,522
노원구,2903.월계초안아파트 1단지,202102,325
노원구,2904.중계3차청구아파트,202102,682
노원구,2905.중계주공6단지,202102,299
노원구,2907. 월계중학교,202102,243
노원구,2908. 광운대학교 중앙도서관,202102,549
노원구,2909. 석계역 3번 출구,202102,727
노원구,2910.도깨비시장,202102,1077
노원구,2911.상계역중앙시장,202102,824
노원구,2912.대진고등학교,202102,801
노원구,2913.상계8동 주민센터,202102,841
노원구,2914.서울과학기술대학교(미래관),202102,167
노원구,2915.서울과학기술대학교(어학교육원),202102,473
노원구,2917.신창중학교 후문 맞은편 버스정류장,202102,577
노원구,2919.등나무 근린공원(시립북서울미술관 앞),202102,1448
노원구,2920.상계중학교(당현2교사거리),202102,369
노원구,2921.중계역 2번출구,202102,870
도봉구,1702. 녹천역 1번출구 앞,202102,346
도봉구,1703. 도봉산광역환승센터앞,202102,200
도봉구,1705. 도봉구청 정문앞,202102,561
도봉구,1706. 기업은행 앞,202102,399
도봉구,1707. 도봉구민회관,202102,556
도봉구,1708. 보건소사거리(다비치안경창동점),202102,742
도봉구,1709. 쌍문역4번출구 주변,202102,492
도봉구,1713. 쌍문동 이안아파트 앞,202102,143
도봉구,1714. 도봉문화정보도서관 삼거리,202102,127
도봉구,1715. 서울특별시교육청도봉도서관,202102,482
도봉구,1716. 하나로마트 창동점,202102,1116
도봉구,1717. 시립창동운동장 입구,202102,179
도봉구,1719. 신도봉사거리 버스정류장,202102,285
도봉구,1720. 도봉구청 옆(중랑천변),202102,1187
도봉구,1721. 창동역 2번출구,202102,1466
도봉구,1722. 창동청소년수련관,202102,415
도봉구,1723. 방학동학마을도서관,202102,225
도봉구,1725. 창1동주민센터,202102,206
도봉구,1726. 삼익세라믹아파트교차로,202102,555
도봉구,1727. 서울도봉초등학교인근,202102,211
도봉구,1728. 서울북부지방법원,202102,123
도봉구,1729. 파리바게트앞,202102,414
도봉구,1730. 도봉산역 교차로 앞,202102,105
도봉구,1731. 도봉고등학교 맞은편,202102,137
도봉구,1732. 우리은행 앞,202102,251
도봉구,1733. 방학사거리 (봄마당 앞),202102,819
도봉구,1734. 쌍문현대1차아파트 108동 앞,202102,339
도봉구,"1735. 도봉역 1,2번 출구사이 건너편",202102,365
도봉구,1736. 버스정류장 앞,202102,225
도봉구,1737. 하나은행 (창동점),202102,1004
도봉구,1738. 창동주공17단지 상가앞,202102,979
도봉구,1741. 제일강산수산입구,202102,892
도봉구,1742. 북한산 코오롱 하늘채,202102,654
도봉구,1743.창동19단지아파트 관리사무소앞,202102,502
도봉구,1744.KT방학지사 앞,202102,448
도봉구,1746. 다이소방학점 앞,202102,281
도봉구,1748. 피자헛 앞(도봉병원 옆),202102,214
도봉구,1749. ESA아파트 상가 앞,202102,421
도봉구,1750. 창포원 남쪽 입구,202102,642
도봉구,1751. 창원초등학교 교차로,202102,269
도봉구,1752. 창동 주공 4단지 입구 옆,202102,291
도봉구,1754. 창동시장입구 사거리,202102,367
도봉구,1756.서울북부광역등기국,202102,189
도봉구,1757.솔밭공원역 1번출구 앞,202102,296
도봉구,1758.북서울교회 버스정류소 앞,202102,351
도봉구,1759.서울북부지방법원 앞,202102,272
도봉구,1761.방학중학교 앞,202102,258
도봉구,1762.북한산 한신휴플러스APT앞,202102,548
도봉구,1765.쌍문역 1번 출구(양산부인과 빌딩),202102,473
도봉구,1767.태양중앙교회 앞,202102,739
도봉구,1768.신동아타워 버스정류소,202102,333
도봉구,1770.도봉한신아파트 주변,202102,331
도봉구,1771.성원APT버스정류소,202102,450
도봉구,1772.시립도봉노인복지관 버스정류소,202102,220
도봉구,1774.반석교회(쌍문동),202102,227
도봉구,1775.신원리베르텔 앞,202102,396
도봉구,4076. 진영상운 앞 중랑천 변,202102,1139
동대문구,4102. 휘경1동주민센터 앞,202102,370
동대문구,4103. 휘경sk뷰아파트 앞,202102,255
동대문구,4104. 외대앞역 교차로,202102,431
동대문구,4105. 하나은행 장안동지점앞,202102,275
동대문구,4107. 장안동근린공원 입구,202102,205
동대문구,4108. 답십리파크자이아파트 앞,202102,483
동대문구,4110. 용두롯데캐슬리치아파트 앞,202102,281
동대문구,4112. 신이문빗물펌프장 옆,202102,161
동대문구,4113. 한국국방연구원 앞,202102,465
동대문구,4114. 휘경여중고삼거리,202102,452
동대문구,4116. 이문e편한세상아파트 앞,202102,216
동대문구,4117. 휘경119안전센터 앞,202102,303
동대문구,4121. 서울문화재단 앞,202102,593
동대문구,4122. 청계9가교차로 앞,202102,636
동대문구,4123. 배봉초교 교차로,202102,296
동대문구,600. 휘경2동 주민센터,202102,146
동대문구,601. 용신동주민센터,202102,365
동대문구,602. 장안동 사거리,202102,1665
동대문구,604. 답십리초등학교 옆 공원,202102,475
동대문구,605. 신설동역8번출구,202102,695
동대문구,606. 휘경공고앞,202102,331
동대문구,607. 신이문역 2번출구,202102,376
동대문구,608. 전농삼성아파트,202102,134
동대문구,609. 제기2교,202102,876
동대문구,610. 동대문중 교차로,202102,421
동대문구,612. 시립동부병원 앞 사거리,202102,910
동대문구,613. 신설동역 10번출구 앞,202102,945
동대문구,614. 용두동 사거리,202102,894
동대문구,615. 용두동 래미안허브리츠아파트 앞,202102,653
동대문구,616. 서울시립대 앞,202102,74
동대문구,617. 청솔우성아파트 앞,202102,513
동대문구,621. 동대문중학교 옆,202102,184
동대문구,622. 전농사거리 교통섬,202102,544
동대문구,623. 서울시립대 정문 앞,202102,898
동대문구,624. 전농동 동아아파트 앞,202102,672
동대문구,625. 답십리초등학교 앞(현대시장 옆),202102,576
동대문구,626. 군자교 서측 녹지대,202102,816
동대문구,627. 장안동삼거리 교통섬,202102,777
동대문구,628. 휘봉고등학교 앞,202102,260
동대문구,630. 동대문구 보건소,202102,1017
동대문구,631. 답십리역 1번출구,202102,1279
동대문구,633. 청량리 기업은행 앞,202102,714
동대문구,634. 외국어대 정문 앞,202102,1334
동대문구,635. 시조사 앞 (청량고정문 옆),202102,777
동대문구,636. 세종대왕기념관 교차로,202102,247
동대문구,637. KAIST 경영대학 앞,202102,453
동대문구,638. 서울시립대 정보기술관,202102,240
동대문구,639. 서울시립대 후문,202102,312
동대문구,640. KEB하나은행 청량리역지점,202102,457
동대문구,641. 용두역 4번출구,202102,1203
동대문구,642. 신답역 사거리,202102,594
동대문구,643. 동대문구민체육센터 (육교아래),202102,945
동대문구,646. 장한평역 1번출구 (국민은행앞),202102,2003
동대문구,647. 신이문역 1번출구,202102,371
동대문구,648. 장안동위더스빌옆,202102,1308
동대문구,650. 중랑교사거리,202102,836
동대문구,652. 답십리 래미안엘파인아파트 입구,202102,370
동대문구,654. 전농동 텃골공원,202102,355
동대문구,656. 영휘원 교차로,202102,339
동대문구,657. 동대문롯데캐슬아파트 앞,202102,648
동대문구,658. 촬영소 사거리,202102,553
동대문구,659. 제기역1번출구,202102,922
동대문구,660. 동의보감타워,202102,863
동대문구,661. 경희대학교 청운관,202102,505
동대문구,663. 외대앞역 4번출구,202102,556
동대문구,664. 서울시립대 건설공학관,202102,284
동대문구,665.이문동 쌍용아파트 정문,202102,383
동대문구,666.이문대성유니드아파트 앞,202102,394
동대문구,667.청량차도 육교 밑,202102,174
동대문구,668.서울축산농협(장안지점),202102,1233
동대문구,669.청계한신휴플러스앞 삼거리,202102,567
동대문구,670.삼육서울병원 버스정류장,202102,1284
동대문구,671.대광빌딩,202102,206
동대문구,672.대광고등학교,202102,295
동대문구,673.안암골벽산아파트(후문),202102,419
동대문구,674.고대앞사거리 교통섬,202102,695
동대문구,675.성복교회 앞 (장평교 아래),202102,717
동대문구,676.FITI시험연구원 앞,202102,451
동대문구,677.청량리역 4번 5번출구 사이,202102,1003
동대문구,678.장안힐스테이트(아) 앞,202102,707
동대문구,679.전농SK아파트 앞,202102,194
동대문구,680.꿈마루어린이도서관 앞,202102,876
동대문구,681.서울특별시 동부교육지원청(육교),202102,137
동작구,2002. 노들역 1번출구,202102,1421
동작구,2003. 사육신공원앞,202102,546
동작구,2007. 유한양행앞,202102,638
동작구,2008. 노량진근린공원 대방공원,202102,132
동작구,2009. 보라매역 8번출구,202102,376
동작구,2012. 녹십초요양병원앞,202102,394
동작구,2013. 장승배기역 5번출구,202102,872
동작구,2015. 신대방삼거리역 6번출구쪽,202102,1117
동작구,2016. 신대방삼거리역 3번출구쪽,202102,771
동작구,2020. 장승배기역2번출구뒷편쪽,202102,362
동작구,2024. 상도역 1번출구,202102,267
동작구,2025. 흑석역 1번출구,202102,1526
동작구,2026. 흑석역 4번출구,202102,303
동작구,2027. 중앙대학교 정문 1,202102,240
동작구,2032. 이수역 11번출구쪽,202102,795
동작구,2033. 사당동 아르테스 웨딩앞,202102,558
동작구,2034. 사당역 7번출구쪽,202102,501
동작구,2036. 정금마을 마을버스정류장,202102,348
동작구,2037. 동작역 5번출구 동작주차공원,202102,452
동작구,2038. 동작역 7번출구,202102,127
동작구,2040. 비계 버스정류소,202102,166
동작구,2041. 사당중학교 버스정류소,202102,196
동작구,2048. 삼일초등학교 인근,202102,353
동작구,2050. 노량진역 5번출구,202102,1342
동작구,2054. 삼익아파트,202102,583
동작구,2056. 동작구민 체육센터,202102,580
동작구,2057. 상도 아이파크 아파트,202102,239
동작구,2058. 노량진동 맥도널드앞,202102,997
동작구,2059. 보라매공원 정문,202102,900
동작구,2060. 남성역3번출구 뒤,202102,721
동작구,2061. 한강 현대아파트 건너편,202102,98
동작구,2062. 사당새마을금고,202102,243
동작구,2063. 대방역 4번출구,202102,507
동작구,2064. 흑석한강푸르지오 106동앞,202102,167
동작구,2065. 서울시여성가족재단,202102,259
동작구,2066. 양문교회 앞,202102,817
동작구,2067. LG전자 베스트? 대리점 앞,202102,482
동작구,2068. 총신대 앞(육교),202102,69
동작구,2069. 숭실대 입구역3번 출구 앞,202102,309
동작구,2070. 노량진역 2번 출구 앞,202102,710
동작구,2071. 대림아파트 후문 상가 옆,202102,225
동작구,2076.노들나루공원 입구,202102,1401
동작구,2077.노들역 3번출구,202102,473
동작구,2078.흑석 아크로리버하임(103동),202102,155
동작구,2079.중앙대학교 중앙광장,202102,76
동작구,2080.빕스 대방점 앞,202102,831
동작구,2081.대방1차 e편한세상 앞,202102,389
동작구,2082.7호선 이수역7번출구,202102,345
동작구,2083.흑석롯데캐슬에듀포레(107동),202102,159
동작구,2084.e편한세상 상도노빌리티 앞,202102,401
동작구,2085.강남중학교 앞,202102,446
동작구,2086.삼일수영장 앞,202102,325
동작구,2088.상도중앙하이츠빌 입구,202102,145
동작구,2089.사당역10번출구(금강빌딩),202102,423
동작구,2090.기아자동차 사당점 앞,202102,396
동작구,2091.이수역9번출구(맥도날드),202102,442
동작구,2092.흑석한강푸르지오(110동),202102,146
동작구,2093.상도SH빌아파트 입구,202102,87
동작구,2094.숭실대학교(중문),202102,89
동작구,2095.경문고등학교 앞,202102,270
동작구,2096.서울특별시 동작관악교육지원청,202102,84
동작구,237. 보라매 두산위브 건너편,202102,709
마포구,101. (구)합정동 주민센터,202102,464
마포구,102. 망원역 1번출구 앞,202102,1610
마포구,103. 망원역 2번출구 앞,202102,1086
마포구,104. 합정역 1번출구 앞,202102,719
마포구,105. 합정역 5번출구 앞,202102,582
마포구,106. 합정역 7번출구 앞,202102,1918
마포구,107. 신한은행 서교동금융센터점 앞,202102,937
마포구,108. 서교동 사거리,202102,863
마포구,109. 제일빌딩 앞,202102,698
마포구,111. 상수역 2번출구 앞,202102,710
마포구,112. 극동방송국 앞,202102,483
마포구,114. 홍대입구역 8번출구 앞,202102,1967
마포구,118. 광흥창역 2번출구 앞,202102,525
마포구,119. 서강나루 공원,202102,734
마포구,120. 신수동 사거리,202102,228
마포구,121. 마포소방서 앞,202102,402
마포구,122. 신성기사식당 앞,202102,535
마포구,124. 서강대 정문 건너편,202102,689
마포구,125. 서강대 남문 옆,202102,281
마포구,126. 서강대 후문 옆,202102,782
마포구,127. 현대벤처빌 앞,202102,236
마포구,129. 신촌역(2호선) 6번출구 옆,202102,414
마포구,130. 신촌역(2호선) 7번출구 앞,202102,1006
마포구,136. 대흥동 주민센터,202102,79
마포구,142. 아현역 4번출구 앞,202102,260
마포구,143. 공덕역 2번출구,202102,608
마포구,144. 공덕역 8번출구,202102,1633
마포구,145. 공덕역 5번출구,202102,517
마포구,146. 마포역 2번출구 뒤,202102,1298
마포구,147. 마포역 4번출구 뒤,202102,1271
마포구,148. 용강동 주민센터 앞,202102,957
마포구,150. 서강대역 2번출구 앞,202102,494
마포구,151. 망원1동주민센터,202102,953
마포구,152. 마포구민체육센터 앞,202102,3941
마포구,153. 성산2교 사거리,202102,934
마포구,154. 마포구청역,202102,1290
마포구,155. 가좌역1 번출구 뒤,202102,415
마포구,156. 서울서부지방법원 앞,202102,429
마포구,157. 애오개역 4번출구 앞,202102,751
마포구,181. 망원초록길 입구,202102,293
마포구,182. 망원2빗물펌프장 앞,202102,1511
마포구,183. 하늘채코오롱아파트 건너편,202102,1323
마포구,184. SK망원동주유소 건너편,202102,1159
마포구,185. 마포 신수공원 앞,202102,630
마포구,186. 월드컵공원,202102,2351
마포구,199. 서울 월드컵 경기장,202102,306
마포구,3002.벽산상암스마트큐브,202102,1027
마포구,3003.래미안신공덕3차아파트,202102,43
마포구,3005.마포구청 청사내,202102,211
마포구,3006. 상암월드컵파크5단지(상암중학교),202102,172
마포구,3007.MBC 앞,202102,458
마포구,3008.DMC역7번출구,202102,394
마포구,3009.서교동사거리(신),202102,719
마포구,3010.홍대입구역 3번출구,202102,2246
마포구,3011.경의선(노고산동),202102,612
마포구,400. 상암한화오벨리스크 1차 앞,202102,419
마포구,401. 상암월드컵파크 10단지 앞,202102,526
마포구,402. 상암월드컵파크 9단지 앞,202102,363
마포구,403. 부엉이공원 앞,202102,297
마포구,405. DMC빌 앞,202102,258
마포구,406. 상암월드컵파크 7단지 앞,202102,352
마포구,407. 마포구 육아종합지원센터,202102,357
마포구,408. LG CNS앞,202102,368
마포구,409. 누리꿈스퀘어 옆,202102,925
마포구,410. 상암중학교 옆,202102,177
마포구,411. DMC홍보관,202102,572
마포구,412. DMC산학협력연구센터 앞,202102,643
마포구,413. 상암월드컵파크 3단지 후문,202102,363
마포구,414. 상암동주민센터 옆,202102,713
마포구,415. DMC역 9번출구 앞,202102,1134
마포구,416. 상암월드컵파크 1단지 교차로,202102,419
마포구,417. DMC역 2번출구 옆,202102,347
마포구,418. 월드컵경기장역 3번출구 옆,202102,1999
마포구,419. 홈플러스 앞,202102,1584
마포구,420. 서울시 공공자전거 상암센터,202102,1072
마포구,4202. 프런트원(공덕역4번출구 앞),202102,264
마포구,4205. 디지털미디어씨티역2번출구,202102,590
마포구,4206. 광흥창역5번출구,202102,320
마포구,4207. 아만티호텔 앞,202102,125
마포구,4208. 스타벅스(동교동) 앞,202102,270
마포구,421. 마포구청 앞,202102,865
마포구,4210. 가좌행복주택 앞,202102,382
마포구,4211. 시석빌딩 앞,202102,281
마포구,4212. 한화오벨리스크 앞,202102,231
마포구,4213. 마포구중앙도서관 정문 앞,202102,475
마포구,4214. JTBC 앞,202102,245
마포구,422. 문화비축기지,202102,174
마포구,424. 롯데하이마트 (상암월드컵점),202102,220
마포구,425. DMC첨단산업센터,202102,336
마포구,426. 서울신용보증재단,202102,727
마포구,427. 성산시영아파트,202102,581
마포구,432. 마포중앙도서관,202102,156
마포구,436. 이대역 5번출구,202102,156
마포구,437. 대흥역 1번출구,202102,545
마포구,438. 성산2-1 공영주차장,202102,775
마포구,439. 마포어린이공원,202102,1315
마포구,440. 하늘공원 입구,202102,601
마포구,487.신석초교앞 교차로 교통섬,202102,726
마포구,489.구룡근린공원,202102,170
마포구,490.가온문화공원,202102,533
마포구,491.월드컵파크 4단지,202102,197
마포구,492.성산시영아파트 후문,202102,571
마포구,493.홍대입구역 6번출구,202102,940
마포구,494.신수동주민센터,202102,180
마포구,495.염리초등학교 앞,202102,537
마포구,497.합정동주민센터 앞,202102,1024
마포구,498.연남동주민센터 앞,202102,956
서대문구,115. 마스타 빌딩 앞,202102,434
서대문구,116. 일진아이윌아파트 옆,202102,837
서대문구,117. 홍은사거리,202102,1849
서대문구,123. 문화촌 공원,202102,1043
서대문구,128. 신촌역(2호선) 1번출구 옆,202102,725
서대문구,131. 증산2교,202102,1264
서대문구,133. 해담는다리,202102,1059
서대문구,134. 연세로 명물길,202102,508
서대문구,135. 명물길 원형무대 앞,202102,350
서대문구,137. NH농협 신촌지점 앞,202102,203
서대문구,138. 신촌동 제1공영주차장 앞,202102,378
서대문구,139. 연세대 정문 건너편,202102,207
서대문구,140. 이화여대 후문,202102,355
서대문구,141. 연대 대운동장 옆,202102,228
서대문구,158. 독립문 어린이 공원,202102,278
서대문구,159. 이대역 4번 출구,202102,102
서대문구,160. 북아현동 가구거리,202102,353
서대문구,161. 무악재역1번 출구,202102,159
서대문구,162. 봉원고가차도 밑,202102,344
서대문구,163. 명지전문대학교 정문 앞,202102,127
서대문구,164. 북가좌1동 주민센터,202102,264
서대문구,165. 중앙근린공원,202102,702
서대문구,166. 가재울 초등학교,202102,724
서대문구,167. 연가초등학교 옆,202102,280
서대문구,169. 북가좌 삼거리,202102,199
서대문구,170. 가재울 뉴타운 주유소 옆,202102,507
서대문구,171. 임광빌딩 앞,202102,286
서대문구,173. 서대문역 8번출구 앞,202102,278
서대문구,175. 홍연2교옆,202102,1105
서대문구,176. 명지대학교 도서관,202102,757
서대문구,177. 북가좌 초등학교,202102,319
서대문구,178. 증산3교 앞,202102,741
서대문구,179. 가좌역 4번출구 앞,202102,687
서대문구,180. 충정로역 7번출구 아래,202102,447
서대문구,188. 홍은동 정원여중 입구,202102,459
서대문구,191. 서우빌딩(바른학원),202102,542
서대문구,192. 연서어린이공원,202102,247
서대문구,194. 증산교 앞,202102,1061
서대문구,195. 모래내고가차도,202102,394
서대문구,196. 연희교차로 인근,202102,186
서대문구,198. 충정2교,202102,394
서대문구,3100. 북성초교,202102,132
서대문구,3101. 서대문구청,202102,435
서대문구,3102. 연희삼거리,202102,396
서대문구,3103. 홍제삼거리 북측,202102,415
서대문구,3104. e편한세상 신촌4단지 앞,202102,371
서대문구,3105. 홍은센트레빌 아파트 앞,202102,131
서대문구,3106. 홍남교 두바퀴쉼터,202102,789
서대문구,3107. 연희초등학교 앞,202102,255
서대문구,3109.북한산더? 106동 앞,202102,97
서대문구,3110.홍은 현대아이파크 아파트 202동 앞,202102,311
서대문구,3111.무악재역 4번 출구,202102,104
서대문구,3113.독립문역사거리,202102,353
서대문구,3114.충정로역 3번 출구,202102,201
서대문구,3115.북아현 치안센터 인근,202102,408
서대문구,3116.신촌역 4번출구,202102,334
서대문구,3117.이화여대 인문관 인근,202102,119
서대문구,3119.연희 브라운스톤 아파트 앞,202102,615
서대문구,3120.DMC엘가아파트 앞,202102,358
서대문구,3121.가좌삼거리,202102,397
서대문구,3122.북가좌삼거리2,202102,274
서대문구,3123.DMC파크뷰자이1단지 110동 앞,202102,322
서대문구,3124.DMC센트럴아이파크아파트,202102,550
서대문구,3125.연희파크푸르지오아파트 앞,202102,347
서대문구,3126.남가좌동 제2공영주차장,202102,83
서대문구,3127.홍은2파출소 옆,202102,288
서대문구,3128.동신병원 맞은편,202102,450
서대문구,3129.DMC래미안e편한세상203동옆,202102,311
서대문구,3130.가재울사거리,202102,440
서대문구,3131.연가교 교차로,202102,435
서대문구,3132.홍제교,202102,184
서대문구,3133.핀란드 타워앞,202102,124
서대문구,3134.SK리쳄블(상수도사업본부),202102,216
서대문구,4253. 홍은도담도서관,202102,134
서초구,2201. 본마을 정류소 앞,202102,42
서초구,2202.청계산입구역 1번출구,202102,460
서초구,2203. 청계산입구역 2번출구,202102,199
서초구,2205. 내곡3단지 어린이공원 앞,202102,246
서초구,2206. 언남초등학교 앞,202102,436
서초구,2207. 내곡파출소 뒤 정자,202102,49
서초구,2210. 반포1동 주민센터 앞,202102,179
서초구,2211. 서초구립반포도서관 앞,202102,542
서초구,2212.서초현대4차아파트 201동 맞은편,202102,287
서초구,2213. 고속터미널역 5번출구 앞,202102,750
서초구,2214. 신반포역 2번출구 앞,202102,431
서초구,2215. 반포종합운동장 입구,202102,303
서초구,2217.아크로리버뷰 부지 앞,202102,1239
서초구,"2219. 고속터미널역 8-1번, 8-2번 출구 사이",202102,2793
서초구,2220. 반포본동 주민센터 앞,202102,1518
서초구,2221.하나은행 방배동지점 앞,202102,643
서초구,2222.사당역 12번출구 뒤,202102,818
서초구,2223. 방배래미안 정문 앞,202102,208
서초구,2225.백석예술대학교 제3캠퍼스 앞,202102,107
서초구,2226. 신동아럭스빌아파트 앞,202102,99
서초구,2227.방배열린문화센터 앞,202102,322
서초구,2228.뒷벌공원 옆,202102,739
서초구,2229.로고스교회 맞은 편,202102,145
서초구,2230.이수역 4번 출구,202102,826
서초구,2231. 삼성타운(삼성생명) A동 맞은편,202102,808
서초구,2233. 서초신동아1차아파트 옆,202102,264
서초구,2235.KT 서초지사 앞,202102,287
서초구,2237.서울남부터미널 대합실 입구,202102,459
서초구,2239.교대역 6번출구,202102,303
서초구,2241.양재전화국 사거리,202102,220
서초구,2242.양재역 11번 출구 앞,202102,478
서초구,2243.서울가정법원,202102,265
서초구,2244.교육개발원입구 교차로,202102,547
서초구,2245.양재초등학교 맞은편,202102,326
서초구,2246. 서울시 품질시험소 앞,202102,351
서초구,2247.섬들근린공원,202102,694
서초구,2248. 서초리슈빌S 글로벌 앞,202102,106
서초구,2249. 우솔초등학교 맞은편,202102,154
서초구,2250. 서초유치원 맞은편,202102,395
서초구,2251. 더케이호텔 입구(양재2),202102,473
서초구,2252. 하이브랜드 앞,202102,820
서초구,2255.시민의숲역 1번출구 옆,202102,1030
서초구,2256.양재동 꽃시장 입구,202102,217
서초구,2257. 하나로클럽 양재점 맞은편,202102,96
서초구,2258.구룡사 삼거리,202102,105
서초구,2259. 잠원역 3번-4번 출구사이,202102,482
서초구,2262. 한신16차아파트 119동 앞,202102,2431
서초구,2263. 바우뫼문화복지회관,202102,168
서초구,2264. 이수역 1번출구,202102,1250
서초구,2265. 이수고가차도 남단,202102,830
서초구,2266. 서초역 3번출구,202102,428
서초구,2268. 서초4동주민센터,202102,320
서초구,2269. 주홍교 하부,202102,115
서초구,2270. 서초포레스타 7단지,202102,190
서초구,2271. 내방역 8번출구 앞,202102,367
서초구,2272. 교대입구 교차로,202102,182
서초구,2273. 일동제약 사거리,202102,389
서초구,2274. 양재시민의숲역 3번출구,202102,597
서초구,2275. 염곡치안센터 건너편,202102,45
서초구,2276. 영동1교 (양재천근린공원),202102,515
서초구,2277. 길마중4교 하부,202102,452
서초구,2279. 교대역 5번출구뒤,202102,621
서초구,2280. 서울서초고용센터앞,202102,264
서초구,2281. 연세사랑병원신관앞,202102,181
서초구,2282. 방배래미안아트힐 101동앞,202102,148
서초구,2283. 그룹한빌딩옆,202102,103
서초구,2284. CJ오쇼핑앞,202102,94
서초구,2285. LH서초3단지 301동 맞은편,202102,243
서초구,2286. 탑성마을입구,202102,24
서초구,2287. 능안마을입구,202102,17
서초구,2288. 안골마을입구,202102,12
서초구,2289. 남태령역 2번출구,202102,68
서초구,2292. 무지개아파트 앞,202102,143
서초구,2293. SPC 앞,202102,313
서초구,2294. 두상빌딩 앞,202102,678
서초구,2297. 남부터미널역 1번출구,202102,392
서초구,2298. 래미안서초스위트앞,202102,236
서초구,2299. 한전아트센터 앞,202102,323
서초구,2501. 서초 포레스타5단지,202102,335
서초구,2502. 서초역1번출구 앞,202102,252
서초구,2503. 반포1동 서초빌딩 앞,202102,405
서초구,2504. 신사역 4번출구 뒤,202102,412
서초구,2505. 우성아파트사거리 (기업은행앞),202102,698
서초구,2506. LG유플러스 (방배사옥),202102,130
서초구,2508. 양재이스타빌 앞,202102,588
서초구,2509. KT반포지사,202102,174
서초구,2510. JW타워,202102,85
서초구,2511. 이수역 6번출구 앞,202102,447
서초구,2514.사평역 2번출구,202102,127
서초구,2515.서초초등학교 후문,202102,365
서초구,2516.본마을 노인복지센터 앞,202102,126
서초구,2517.서초3교(효령로69길 방면),202102,95
서초구,2518.서초3교(효령로70길 방면),202102,221
서초구,2519.서초2교(사임당로 방면),202102,103
서초구,2520.서초1교 (진흥아파트 방면),202102,175
서초구,2521.서초 크로바타워 앞,202102,234
서초구,2523.뉴코아 킴스클럽 앞,202102,470
서초구,2524.반포쇼핑타운 8동 앞,202102,427
서초구,2525.반포쇼핑타운 2동 앞,202102,1345
서초구,2526.반포경남쇼핑 앞,202102,247
서초구,2527.반포중학교 앞(세화여고 맞은편),202102,295
서초구,2528.함지박 사거리,202102,265
서초구,2529.우리은행 방배동지점 앞,202102,340
서초구,2530.삼호3차아파트 앞,202102,503
서초구,2531.멤피스아파트 앞,202102,428
서초구,2532.국립국악원 앞,202102,65
서초구,2533.한가람미술관 앞,202102,142
서초구,2534.신흥교(애견훈련소),202102,17
서초구,2535.신반포역 3번출구 뒤,202102,187
서초구,2536.서초종합체육관 입구,202102,17
서초구,2537.양재역 8번출구 앞,202102,294
서초구,2538.사평리 공원,202102,476
서초구,2539.대한무역투자진흥공사 KOTRA 앞,202102,35
서초구,2540.반포천 앞,202102,534
서초구,2541.옛골 입구,202102,65
서초구,2542.신논현타워 앞,202102,364
서초구,2545.국립중앙도서관(국제회의장옆),202102,135
서초구,2547.포드서초서비스센터앞,202102,3
서초구,2548.반포1동 자율방범초소 옆,202102,107
서초구,2549.LH 서초 4단지 403동,202102,237
서초구,2550.양재동 꽃시장 건너편,202102,288
서초구,4319. 삼성전자R&D어린이집 뒤,202102,70
서초구,4320. 신영체르니 아파트,202102,131
성동구,3511. 응봉역 1번출구,202102,2391
성동구,3513. 상왕십리역 1번출구,202102,808
성동구,3514. 왕십리교회옆,202102,1228
성동구,3515. 서울숲 관리사무소,202102,2152
성동구,3525. 금호스포츠센터앞,202102,613
성동구,3527. 왕십리 자이아파트,202102,7
성동구,3530. 왕십리자이아파트 후문(삼거리),202102,202
성동구,3531. 논골사거리(금호도서관 입구),202102,166
성동구,3532. 왕십리KCC스위첸아파트,202102,75
성동구,3538. 서울숲 IT캐슬,202102,344
성동구,3544.한양대역 3번 출구,202102,652
성동구,3545.한양대역 1번출구,202102,309
성동구,3547.상왕십리역 6번 출입구,202102,177
성동구,3548.뚝섬역 6번출구,202102,801
성동구,3549.건영아파트 앞,202102,754
성동구,3550.금호나들목,202102,554
성동구,3551.성동도로사업소,202102,103
성동구,3552.서울숲 공영주차장앞,202102,1089
성동구,3553.마장역3번출구,202102,210
성동구,3555.양지사거리(센트라스APT 115동앞),202102,147
성동구,3556.신금호파크자이APT앞,202102,130
성동구,3557.서울숲리버뷰자이APT105동 앞,202102,306
성동구,3558.마장동 금호어울림APT앞,202102,226
성동구,3559.성동구민종합체육센터 앞,202102,1062
성동구,3560.성동구 견인차량 보관소 앞,202102,601
성동구,3561.행당동 삼부APT후문,202102,135
성동구,3600.사근빗물펌프장 건너편,202102,1187
성동구,4353. 코오롱디지털타워 3차앞,202102,724
성동구,4360. 르노삼성자동차 성수사업소 앞,202102,182
성동구,4362. 행당중학교 후문,202102,375
성동구,506. 금호 어울림 아파트 앞,202102,298
성동구,507. 성수아이에스비즈타워 앞,202102,575
성동구,508. 성수아카데미타워 앞,202102,919
성동구,509. 이마트 버스정류소 옆,202102,1968
성동구,510. 서울숲 남문 버스정류소 옆,202102,745
성동구,511. 서울숲역 4번 출구 옆,202102,903
성동구,512. 뚝섬역 1번 출구 옆,202102,1409
성동구,513. 뚝섬역 5번 출구 정류소 옆,202102,852
성동구,514. 성수사거리 버스정류장 앞,202102,893
성동구,518. 청계천 박물관 앞,202102,349
성동구,519. 양지사거리,202102,446
성동구,520. 상왕십리역 4번 출구 앞,202102,314
성동구,521. 왕십리역 11번 출구 앞,202102,895
성동구,522. 금호역 1번출구 앞,202102,184
성동구,523. 옥수동성당 옆,202102,80
성동구,524. 래미안금호하이리버 아파트 102동 옆,202102,255
성동구,525. 한양대병원사거리,202102,899
성동구,526. 용답토속공원 앞,202102,221
성동구,529. 장한평역 8번 출구 앞,202102,667
성동구,530. 청계벽산아파트 앞,202102,699
성동구,533. 우리은행 금호동 지점 앞,202102,241
성동구,534. 금호사거리,202102,164
성동구,535. 응봉삼거리,202102,226
성동구,536. 행당역 2번출구 앞,202102,516
성동구,537. 한양대후문역 부근,202102,741
성동구,538. 답십리역 8번출구 앞,202102,464
성동구,550. 서울시설공단 앞,202102,513
성동구,556. 달맞이공원,202102,146
성동구,557. 도선동 주민센터 앞,202102,571
성동구,558. 성동광진 교육지원청 앞,202102,788
성동구,559. 왕십리역 4번 출구 건너편,202102,1033
성동구,560. 비전교회 앞,202102,806
성동구,561. 서울숲역 2번출구 앞,202102,918
성동구,562. 군자지하보도 앞,202102,474
성동구,563. 성동세무서 건너편,202102,965
성동구,564. 금호역 3번출구,202102,88
성동구,565. 옥수역 3번출구,202102,3190
성동구,567. 성수역 2번출구 앞,202102,1516
성동구,568. 청계8가사거리 부근,202102,1699
성동구,569. 응봉현대아파트 정류소,202102,117
성동구,578. 성동세무서 부근,202102,692
성동구,579. 마장역 4번출구,202102,476
성동구,581. 용답초등학교,202102,581
성동구,582. 경일중학교 앞,202102,733
성동구,583. 청계천 생태교실 앞,202102,3469
성동구,585. 성수2가1동 공영주차장 인근,202102,1640
성동구,586. 마장동 주민센터,202102,410
성동구,587. 유니베라 앞,202102,806
성동구,589. 성수역3번출구,202102,2059
성동구,594. 중랑물재생센터(서울새활용플라자),202102,279
성동구,9980. 에이텍,202102,32
성북구,1302. 한성대입구역6번출구 뒤,202102,366
성북구,1303. 돈암초교 입구,202102,429
성북구,1304. 만해공원,202102,115
성북구,1305. 성북구청,202102,607
성북구,1306. 한성대입구역2번출구,202102,875
성북구,1308. 안암로터리 버스정류장 앞,202102,1913
성북구,1314. 정릉꿈에그린1단지 201동 앞,202102,253
성북구,1315. 고려사대부속중고 정문,202102,148
성북구,1316. 고려사대부속중고 건너편,202102,223
성북구,1318. 길음역 3번출구 뒤,202102,633
성북구,1319. 종암사거리 분수대,202102,457
성북구,1320. LG베스트샵 종암점,202102,1050
성북구,1321. 국민은행 종암동지점 앞,202102,1160
성북구,1322. 래미안라센트아파트 103동 앞,202102,596
성북구,1323. 월곡역 입구 육교 밑,202102,230
성북구,1325. 상월곡역 4번출구,202102,292
성북구,1326. 상월곡역 1번출구,202102,512
성북구,1327. 상월곡역 3번출구,202102,575
성북구,1328. 월곡역 3번출구,202102,1025
성북구,1332. 석계역 5번출구 건너편,202102,1298
성북구,1333. 석관초등학교 앞,202102,750
성북구,1334. 석관동주민센터 앞,202102,624
성북구,1336. 성북3교 위,202102,793
성북구,1337. 돈암성당 옆,202102,1095
성북구,1338. 용문2교 옆,202102,499
성북구,1339. 삼성전자서비스 성북센터,202102,399
성북구,1340. 광운초등학교 앞,202102,336
성북구,1342. 성북쉼터 앞,202102,117
성북구,1343. 한성대7번출구 앞,202102,381
성북구,1344. 아리랑시네센터 앞,202102,346
성북구,1346. 길음8골어린이공원 옆,202102,419
성북구,1347. 길음래미안아파트817동 상가 앞,202102,279
성북구,1348. 성북제일새마을금고 본점 앞,202102,274
성북구,1349. 월계2교 버스정류장 앞,202102,656
성북구,1351. 안암2교 옆,202102,973
성북구,1352. e 편한세상 보문아파트 내,202102,137
성북구,1353. 금호어울림센터힐 내,202102,204
성북구,1354. 고려대학교 2번출구,202102,1007
성북구,1355. 보문2교,202102,1647
성북구,1357. 북한산보국문역,202102,198
성북구,1358. 정릉도서관 앞,202102,358
성북구,1359. 장위뉴타운 꿈에 숲 코오롱 하늘채 앞,202102,425
성북구,1360. 정릉역,202102,345
성북구,1361. 홍익중고 입구,202102,390
성북구,1362. 보문역6번출구 앞,202102,769
성북구,1363. 보문4교 인근,202102,1063
성북구,1364. 성북동 치안센터 앞,202102,290
성북구,1365. 선잠단지 앞,202102,150
성북구,1366. 일신초등학교 옆,202102,172
성북구,1367. 길음문화복합미디어센터,202102,214
성북구,1368. 성신여대입구 교차로,202102,455
성북구,1369. 미아사거리,202102,833
성북구,1370. 복자사랑 피정의 집,202102,178
성북구,1372. KEB은행 고대점,202102,765
성북구,1373. 성북구보건소 건너편,202102,436
성북구,1375. 생명의 전화 종합복지관 앞 교차로,202102,648
성북구,1376. 한국과학기술연구원 중문,202102,97
성북구,1377. 한국과학기술연구원 북문,202102,103
성북구,1379.길음뉴타운푸르지오아파트 3단지,202102,121
성북구,1380.월곡역 5번출구 앞,202102,919
성북구,1381.석계역 4번출구 뒤,202102,894
성북구,1382.래미안월곡아파트 입구,202102,547
성북구,1384.성신여대입구역 5번출구,202102,860
성북구,1385.성신여대입구역 3번출구 앞,202102,530
성북구,1386.동선고가차도 초입,202102,302
성북구,1388.커핀그루나루,202102,320
성북구,1390.석관래미안아트리치,202102,630
성북구,1391.성북청소년센터,202102,194
성북구,1392.돈암삼성풍림아파트,202102,42
성북구,1393.돈암육교 하단,202102,86
성북구,1394.길음뉴타운 래미안9단지,202102,409
성북구,1395.래미안장위포레카운티(102동),202102,414
성북구,1396.래미안장위퍼스트하이(513동),202102,621
송파구,1201. 가락시장역 3번 출구,202102,826
송파구,1203. 밀리아나2빌딩 앞,202102,772
송파구,1204. 거여역 3번출구,202102,573
송파구,1205. 종합운동장역 4번출구,202102,502
송파구,1206. 9호선종합운동장역 9번출구,202102,391
송파구,1207. 마천CU우방점 앞,202102,426
송파구,1208. 풍납현대아파트쉼터,202102,675
송파구,1209. 잠실나루역 (2번 출구 쪽),202102,1604
송파구,1210. 롯데월드타워(잠실역2번출구 쪽),202102,3410
송파구,1211. 방이삼거리,202102,1619
송파구,1212. 송파역 2번 출구앞,202102,777
송파구,1213. 백토공원 앞,202102,251
송파구,1214. 오금역 7번 출구 인근,202102,432
송파구,1215. 올림픽공원역 1번출구 앞,202102,721
송파구,1217. 송파파인타운 7단지,202102,268
송파구,1218. 방이역 4번출구,202102,1004
송파구,1220. 잠실본동주민센터뒤 잠실근린공원,202102,952
송파구,1221. 삼전사거리 포스코더샵,202102,873
송파구,1222. 잠실새내역 5번 출구 뒤,202102,1677
송파구,1224. 아시아지하보도 2번 출구,202102,625
송파구,1226. 잠실4동 주민센터 옆,202102,754
송파구,1227. 거여역 8번출구 뒤,202102,682
송파구,1228. 마천사거리,202102,518
송파구,1229. 송파체육문화회관 앞,202102,549
송파구,1230. 송파중학교 정문,202102,367
송파구,1231. 잠실역 6번출구,202102,1297
송파구,1232. 롯데마트 주차장 옆,202102,945
송파구,1233. 잠실3거리(갤러리아팰리스),202102,423
송파구,1235. 잠실트리지움310동 옆,202102,878
송파구,1239. 문정 법조단지3,202102,171
송파구,1240. 문정 법조단지4,202102,223
송파구,1241. 문정 법조단지5,202102,170
송파구,1242. 문정 법조단지6,202102,88
송파구,1243. 문정 법조단지7,202102,826
송파구,1244. 문정 법조단지8,202102,868
송파구,1245. 문정 법조단지9,202102,597
송파구,1246. 문정 법조단지10,202102,790
송파구,1247. 문정 법조단지11,202102,388
송파구,1248. 방이초등학교,202102,887
송파구,1249. 아주중학교건너편,202102,508
송파구,1250.문정2동 주민센터,202102,242
송파구,1251. 석촌역 2번출구,202102,990
송파구,1253. 오금역 3번 출구 뒤,202102,321
송파구,1256. 문정현대아파트 교차로,202102,348
송파구,1257. 가락시장역 롯데마트앞,202102,535
송파구,1258. 가락미륭아파트 앞,202102,268
송파구,1259. 방이역 1번출구,202102,734
송파구,1260. 방이동 한양3차아파트 옆,202102,509
송파구,1262. 송파여성문화회관 앞,202102,893
송파구,1263. 장지공영차고지,202102,140
송파구,1264. 천호역 10번 출구 앞,202102,1153
송파구,1265. 문정동 근린공원,202102,515
송파구,1266. 문정동 글샘 공원,202102,241
송파구,1267. 올림픽공원 남2문 앞,202102,636
송파구,1268. 몽촌토성역 1번출구 옆,202102,2138
송파구,1269. 리센츠아파트,202102,681
송파구,1271. 송파도서관,202102,613
송파구,1274. 영파여고 앞,202102,662
송파구,1275. 거여초등학교 옆,202102,222
송파구,1277. 오금동 송파 참병원,202102,609
송파구,1278. 송파구청 교차로,202102,1173
송파구,1279. 마천금호어울림 1차아파트 건너편,202102,242
송파구,1280. 송파파크데일 2단지입구 앞 주차장,202102,253
송파구,1282. 송파소방서 맞은편(성내4교),202102,913
송파구,1283. 오금공원 사거리,202102,44
송파구,1285. 위례별 유치원 뒤,202102,187
송파구,1286. 위례중앙푸르지오 1단지 앞,202102,458
송파구,1287. 위례아이파크 101동 맞은편,202102,238
송파구,1288. 문정중교 사거리,202102,353
송파구,1289. 풍납동 자전거보관소,202102,161
송파구,1290. 위례송파꿈에그린아파트24단지 앞 성벽 다리 밑,202102,178
송파구,1291. 서울체육고등학교 앞,202102,87
송파구,1293. 석촌호교차로 (스타벅스 앞),202102,1124
송파구,1295. 잠실역 8번출구,202102,2157
송파구,1296. 석촌호수교차로 (송파나루근린공원 앞),202102,404
송파구,1297. 석촌호수교차로(동호 팔각정 앞),202102,905
송파구,1299. 송파소방서 (방이119안전센터),202102,268
송파구,1300. 오륜사거리,202102,286
송파구,2601. 석촌호수 서호사거리,202102,1079
송파구,2603. 송파 글마루 도서관,202102,226
송파구,2604. 삼표레미콘 앞,202102,372
송파구,2605. 복정역 1번 출구 앞,202102,232
송파구,2606. 위례동주민센터 맞은편 근린공원,202102,472
송파구,2607. 복정역 2번출구 후문 (장지치안센터),202102,334
송파구,2608. 송파구청,202102,695
송파구,2609. 보성중고등학교 후문 앞,202102,30
송파구,2610. 여흥레이크빌 앞 (석촌호수 까페거리),202102,1008
송파구,2611. 송파지역자활센터 뒤,202102,1043
송파구,2612. 문정·가락 대여소 앞,202102,50
송파구,2613. 잠실나들목,202102,555
송파구,2614. 가락고등학교 앞,202102,421
송파구,2615. 테라타워2,202102,918
송파구,2616. 거여동 사거리,202102,127
송파구,2617. 가락삼환아파트 앞,202102,477
송파구,2618. 삼전역 1번출구,202102,630
송파구,2619. 석촌고분역 4번출구,202102,902
송파구,2620. 송파나루역 4번 출구옆,202102,1656
송파구,2621. 한성백제역 2번 출구,202102,1904
송파구,2622. 올림픽공원역 3번출구,202102,2683
송파구,2623.석촌동 주민센터,202102,973
송파구,2625.가락1동 주민센터,202102,286
송파구,"2626.경찰병원역 1,2번 출구 사이",202102,216
송파구,2627.문정시영아파트 5동 앞 공원,202102,247
송파구,2628.문정역 1번출구,202102,773
송파구,2629.문정동 힐스데이트 에코 송파,202102,864
송파구,2630.서울방이동 고분군,202102,573
송파구,2631.배명고등학교,202102,393
송파구,2632.석촌고분역 2번 출구,202102,859
송파구,2633.송파학사 옆,202102,404
송파구,2634.위례포레샤인아파트 2318동,202102,196
송파구,2635.잠실새내역 1번출구,202102,677
송파구,2637.잠실월드 메르디앙,202102,732
송파구,2638.쌍용아파트,202102,653
송파구,2639.석촌역 8번출구,202102,1041
송파구,2641.송파역 4번출구,202102,1293
송파구,2642.마천동 성내천 쉼터,202102,407
송파구,2643.풍납중학교 측면,202102,213
송파구,2644.성내5교 (GS주유소),202102,485
송파구,2645.잠실나들목2(엘스아파트136동),202102,1530
송파구,2646.레이크펠리스101동앞,202102,894
송파구,2647.잠실 자전거 수리센터 앞,202102,769
송파구,2648.헬리오시티 112동 앞,202102,655
송파구,2649.오금공원사거리2,202102,120
송파구,2650.위례22단지 2208동 다리앞,202102,101
송파구,2651.경찰병원역 3번출구 앞,202102,435
송파구,2652.송파 레미니스1단지 102동 앞,202102,296
송파구,2653.올림픽공원사거리(선수촌아파트),202102,690
송파구,2654.올림픽선수촌아파트 136동 앞,202102,302
송파구,2655.송이공원,202102,519
송파구,2656.풍납동 아이파크 107동 앞,202102,499
송파구,2657.송파 파인타운 11단지,202102,194
송파구,2658.가락몰 업무동,202102,466
송파구,2659.서울친환경유통센터,202102,55
송파구,4452. 삼성SDS,202102,548
송파구,4453. 위례중앙푸르지오 201동 앞,202102,222
송파구,4456. 위례포레샤인 2310동 부근,202102,168
송파구,4457. 아산병원 기숙사 부근,202102,436
송파구,4458. 서울힐링요양병원 앞,202102,129
송파구,4461. 한양3차아파트 3동 앞,202102,92
송파구,4463. 방이역 2번 출구,202102,152
송파구,4464. 올림픽공원 북2문,202102,379
송파구,4465. 건영아파트앞 사거리,202102,277
송파구,4467. 한림연예예술고등학교,202102,114
송파구,4468. 가락1동 주민센터 2,202102,191
송파구,4474. 가락현대 1차 11동 앞,202102,94
송파구,4475. 송파파인타운 4단지 403동,202102,73
송파구,4478. 문정근린공원2,202102,211
송파구,4479. 문정중학교,202102,93
송파구,4480. 가락시장역 롯데마트2,202102,257
송파구,4481. 올림픽공원 북2문 2,202102,526
송파구,4483. 잠실나들목4,202102,1284
송파구,4484. 잠실나루역4번출구뒤,202102,531
송파구,4485. 잠실나루역 고가하부,202102,138
송파구,4486. 홈플러스 잠실점,202102,464
송파구,4488. 문현중.고등학교 사이,202102,29
송파구,4490. 송파파인타운 10단지 1005동,202102,113
송파구,4491. 장지역 1번출구,202102,186
송파구,4493. 마천사거리 2,202102,92
송파구,4496. 잠실 파크리오 120동 앞,202102,269
송파구,4497. 아시아선수촌아파트 교차로,202102,145
송파구,4499. 세양청마루 101동 앞,202102,96
송파구,4500. 풍납나들목,202102,248
송파구,4852. 서울복합물류 게이트 1,202102,240
송파구,4854. 가락시장역 2번 출구,202102,312
송파구,4856. 올림픽공원 서1문 앞,202102,247
송파구,4859. 잠실나루 나들목,202102,495
양천구,700. KB국민은행 염창역 지점 앞,202102,713
양천구,701. 목동사거리 부근,202102,723
양천구,702. 목4동주민센터 옆,202102,715
양천구,703. 오목교역 7번출구 앞,202102,2080
양천구,704. 남부법원검찰청 교차로,202102,1278
양천구,706. 신정네거리역,202102,654
양천구,707. 신정3동주민센터,202102,341
양천구,708. 서울출입국관리사무소 앞,202102,1240
양천구,709. 신정3동 현장민원실 앞,202102,414
양천구,710. 금옥여고보도육교,202102,193
양천구,711. 신일해피트리아파트 앞,202102,463
양천구,712. 강월초교입구 사거리,202102,528
양천구,713. 양서중학교 옆,202102,374
양천구,714. 한국SGI 양천문화회관 앞,202102,390
양천구,716.신정6동 주민센터 인근,202102,700
양천구,719. 홍익병원앞 교차로,202102,811
양천구,720. 서울강월초등학교 앞,202102,251
양천구,722. LG전자베스트샵 신정점,202102,1143
양천구,723. SBS방송국,202102,1022
양천구,724. 계남공원 입구 주출입구 좌측,202102,108
양천구,725. 양강중학교앞 교차로,202102,349
양천구,726. 목동3단지 시내버스정류장,202102,1349
양천구,729. 서부식자재마트 건너편,202102,1163
양천구,731. 서울시 도로환경관리센터,202102,931
양천구,732. 신월동 이마트,202102,457
양천구,733. 신정이펜하우스314동,202102,289
양천구,734. 신트리공원 입구,202102,919
양천구,735. 영도초등학교,202102,1080
양천구,736. 오솔길공원,202102,494
양천구,737. 장수공원,202102,648
양천구,739. 신월사거리,202102,573
양천구,740. 으뜸공원,202102,578
양천구,741. 화곡로 입구 교차로,202102,187
양천구,742. 등촌역 5번 출구 뒤,202102,410
양천구,743. 현대6차아파트 101동 옆,202102,258
양천구,744. 신목동역 2번 출구,202102,1085
양천구,745. 강서초등학교,202102,463
양천구,746. 목동2단지 상가,202102,1149
양천구,747. 목동3단지 상가,202102,680
양천구,748. 목동운동장,202102,325
양천구,749. 이대 목동병원 앞,202102,708
양천구,750. 연의근린공원 건너편,202102,434
양천구,752. 성원2차 아파트,202102,459
양천구,754. 목동1단지아파트 118동 앞,202102,826
양천구,755. 목동1단지아파트 상가 앞,202102,1039
양천구,756. 목동주차장,202102,750
양천구,757. 신정이펜하우스 1단지아파트 입구 사거리,202102,271
양천구,758. 한사랑교회 앞,202102,866
양천구,759. 보아스아파트 앞,202102,378
양천구,760. 잣절보도육교 아래,202102,263
양천구,762. 오목로 무중력지대 앞,202102,667
양천구,763. 목동11단지 아파트,202102,525
양천구,764. 목동청소년수련관,202102,1141
양천구,765. 오목교역 3번출구,202102,2036
양천구,766. 신목동역 3번출구,202102,1221
양천구,767.신정숲속마을아파트,202102,165
양천구,768.목동5단지아파트 501동,202102,678
양천구,769.CBS방송국 앞,202102,1544
양천구,770.목동역5번출구 교통정보센터 앞,202102,2114
양천구,771.목동아파트 703동 앞,202102,914
양천구,"773.염창역 3, 4번 출구 사이",202102,621
양천구,774.등촌역 4번 출구,202102,414
양천구,775.세종그랑시아 앞(102동),202102,406
양천구,776.목마공원,202102,263
양천구,777.신월6차보람아파트 앞,202102,460
양천구,779.양천나눔누리센터,202102,814
양천구,780.신정교 하부,202102,1331
양천구,781.신정보도육교 아래,202102,1000
양천구,782.서남병원 후문,202102,297
양천구,"785.양천구청, 보건소 사잇길",202102,1282
양천구,786.목동아파트 8단지 상가동 앞,202102,850
양천구,787.양천아파트 입구,202102,1144
양천구,788.양천구청역 2번출구 옆,202102,901
양천구,790.화곡고가 사거리,202102,420
양천구,791.현대하이페리온,202102,1117
양천구,792.목동트라팰리스 웨스턴에비뉴,202102,1757
양천구,793.목동5단지아파트 534동,202102,715
양천구,794.양천문화회관,202102,882
양천구,795.양천 해누리타운,202102,937
양천구,796.목동아파트 14단지 B상가 앞,202102,739
양천구,797.목동아파트 1422동 1434동 사잇길,202102,976
영등포구,200. 국회의원회관,202102,209
영등포구,201. 진미파라곤 앞,202102,704
영등포구,202. 국민일보 앞,202102,1822
영등포구,203. 국회의사당역 3번출구 옆,202102,944
영등포구,204. 국회의사당역 5번출구 옆,202102,504
영등포구,205. 산업은행 앞,202102,1283
영등포구,206. KBS 앞,202102,1226
영등포구,207. 여의나루역 1번출구 앞,202102,7024
영등포구,209. 유진투자증권빌딩 앞,202102,1063
영등포구,210. IFC몰,202102,3210
영등포구,211. 여의도역 4번출구 옆,202102,1501
영등포구,212. 여의도역 1번출구 옆,202102,1065
영등포구,213. KT앞,202102,943
영등포구,214. 금융감독원 앞,202102,556
영등포구,215. 여의도고교 앞,202102,689
영등포구,217. NH농협은행 앞,202102,1240
영등포구,218. 증권거래소 앞,202102,564
영등포구,219. 롯데캐슬엠파이어 옆,202102,651
영등포구,220. 미성아파트 A동 앞,202102,680
영등포구,221. 여의도초교 앞,202102,1306
영등포구,222. 시범아파트버스정류장 옆,202102,1719
영등포구,223. 진주아파트상가 앞,202102,734
영등포구,224. 롯데캐슬 앞,202102,849
영등포구,225. 앙카라공원 앞,202102,738
영등포구,226. 샛강역 1번출구 앞,202102,713
영등포구,227. 양평2나들목 보행통로 입구,202102,1273
영등포구,228. 선유도역 3번출구 앞,202102,1754
영등포구,229. 양평1 보행육교 앞,202102,1087
영등포구,230. 영등포구청역 1번출구,202102,2431
영등포구,231. 남부고용노동지청 남측,202102,591
영등포구,232. 양평우림 이비즈센타 앞,202102,1808
영등포구,233. YP 센터 앞,202102,320
영등포구,234. 영등포구민체육센터 앞,202102,430
영등포구,235. 신길동 우리은행 옆,202102,612
영등포구,236. 문래동자이아파트 앞,202102,919
영등포구,238. 제2구민체육센타 앞,202102,508
영등포구,239. 유스호스텔 앞,202102,629
영등포구,240. 문래역 4번출구 앞,202102,1280
영등포구,241. 신길우성1차아파트 앞 공원,202102,631
영등포구,242. 신길선원가와인아파트 앞,202102,601
영등포구,243. 이앤씨드림타워 앞,202102,1218
영등포구,244. 영등포삼환아파트 앞,202102,800
영등포구,245. 삼성생명 당산사옥 앞,202102,1108
영등포구,247. 당산역 10번출구 앞,202102,2538
영등포구,248. 초원아파트 앞,202102,1152
영등포구,249. 여의도중학교 옆,202102,1970
영등포구,250. 대림아파트 사거리,202102,331
영등포구,251. 서울지방병무청 버스정류장,202102,484
영등포구,252. 보라매역4번출구,202102,673
영등포구,253. 신풍역 5번출구 인근,202102,512
영등포구,254. 도림신협 앞,202102,626
영등포구,255. 도림사거리,202102,721
영등포구,256. 동아에코빌입구,202102,476
영등포구,257. 신길삼거리(우리은행),202102,1310
영등포구,258. 신길역3번출구,202102,616
영등포구,259. 대방역6번출구,202102,1665
영등포구,260. 여의도 마리나선착장 앞,202102,510
영등포구,262. 영문초등학교 사거리,202102,1589
영등포구,263. 근로자회관 사거리,202102,1971
영등포구,264. 교보생명보험 앞,202102,605
영등포구,265. 영등포유통상가 사거리,202102,661
영등포구,266. 영등포청과시장 사거리,202102,439
영등포구,267. 삼성화재 사옥 옆,202102,857
영등포구,268. 그랜드컨벤션센터 앞,202102,953
영등포구,270. 증권거래소후문교차로,202102,438
영등포구,271. 샛강생태공원방문자센터 앞,202102,292
영등포구,272. 당산육갑문,202102,2570
영등포구,274. 영등포역지하쇼핑센타 5번출구,202102,1952
영등포구,275. 신동아아파트,202102,1188
영등포구,276. SK 영등포주유소,202102,1186
영등포구,277. 영등포뉴타운지하상가 2번게이트,202102,986
영등포구,278. 쌍용플레티넘오피스텔,202102,1022
영등포구,279. 영등포 푸르지오 아파트,202102,721
영등포구,280. 양평동6차현대아파트 앞,202102,1204
영등포구,281. 신동아아파트 앞,202102,486
영등포구,282. 신한은행,202102,315
영등포구,283. 아크로타워 스퀘어(영등포시장),202102,1462
영등포구,284. 센트럴 푸르지오 시티 앞,202102,2167
영등포구,285. 대림3동사거리(하나은행),202102,308
영등포구,286. 우성아파트 교차로,202102,761
영등포구,287. 영등포전화국사거리 (서강어린이공원),202102,921
영등포구,288. 쌍용예가(구청별관),202102,565
영등포구,289. 대림3동사거리,202102,460
영등포구,290. 당산동 SK V1 빌딩,202102,628
영등포구,291. 문래동 하이테크 시티,202102,1091
영등포구,292. 영일 어린이공원,202102,505
영등포구,293. 충북 미래관,202102,947
영등포구,295.영등포공원 분수대 앞,202102,201
영등포구,296.KT플라자 영등포점,202102,654
영등포구,297.국회3문,202102,280
영등포구,298.KBS 연구동 건너편,202102,222
영등포구,299.여의도 순복음교회,202102,422
영등포구,3201.당산skv1센터,202102,468
영등포구,3202.당산롯데캐슬프레스티지,202102,913
영등포구,3203.도림동배드민턴체육관,202102,119
영등포구,3204.도림고가도로 밑,202102,372
영등포구,3205.문래현대2차,202102,1058
영등포구,3206.문래동 주민센터,202102,426
영등포구,3207.양남사거리1,202102,482
영등포구,3211.신길 래미안 프레비뉴,202102,393
영등포구,3212.신풍역 6번출구,202102,531
영등포구,3214.영등포 푸르지오,202102,627
영등포구,3215.강변삼성래미안,202102,557
영등포구,3219.영등포역 2번출구,202102,1016
영등포구,3220.래미안에스티움 앞 (신풍로),202102,649
영등포구,3221.서울특별시 남부교육지원청,202102,228
영등포구,4556. 리버뷰신안인스빌1차 후문,202102,332
영등포구,4557. 리버뷰신안인스빌2차 후문,202102,305
용산구,4602. 숙명여대앞 버스정류소 주변,202102,30
용산구,4604. 원효로다목적체육관 앞,202102,94
용산구,"4605. 노들섬 다목적홀(동쪽) 숲, 앞",202102,304
용산구,4607. 국립중앙박물관 -용산가족공원 앞,202102,127
용산구,4608. 국립중앙박물관 정문 앞,202102,75
용산구,4609. 파크타워 104동 앞,202102,113
용산구,4610. 한남나인원 105동 앞,202102,197
용산구,4611. 국제루터교회 앞,202102,98
용산구,4612. 한남 준 J.FSS 앞,202102,102
용산구,4613. 서울갤러리아 앞,202102,109
용산구,4615. 크라운호텔앞 버스정류소,202102,374
용산구,4616. 신용산지하차도 앞,202102,124
용산구,4617. 동원베네스트 건너편,202102,80
용산구,4618. 풍전아파트 건너편,202102,202
용산구,4619. 한강트럼프월드3차 앞,202102,358
용산구,4620. 삼각지역 14번 출구 앞(교통섬),202102,236
용산구,4622. 한강중학교 앞 버스정류장,202102,156
용산구,4623. 라인프랜즈이태원점 앞,202102,178
용산구,4625. 용산공원갤러리앞,202102,98
용산구,4627. 효창공원앞역 5번출구 옆,202102,147
용산구,4629. 한강초교보도육교 앞,202102,355
용산구,800. 목월공원 앞,202102,682
용산구,802. 한강진역 2번 출구 앞,202102,250
용산구,803. 한남초교 앞 보도육교,202102,111
용산구,805. 문배어린이공원 앞,202102,351
용산구,806. 전자랜드 본관 앞,202102,418
용산구,807. 서울역 12번 출구 앞,202102,454
용산구,808. 서빙고동 금호맨션 앞,202102,214
용산구,809. 한남 유수지 복개주차장,202102,523
용산구,810. 이태원지하보도,202102,296
용산구,811. 녹사평역1번출구,202102,277
용산구,812. 용산전쟁기념관,202102,115
용산구,813. 삼각지역 3번출구,202102,409
용산구,815. LIG강촌아파트 103동앞,202102,903
용산구,816. 신용산역 6번출구 앞,202102,661
용산구,817. 삼각지역 4번출구 앞,202102,236
용산구,818. 숙명여대 입구 교차로,202102,721
용산구,819. 선린인터넷 고등학교,202102,474
용산구,820. 청파동입구 교차로,202102,371
용산구,822. 이촌1동 마을공원,202102,164
용산구,823. 효창동주민센터 앞,202102,157
용산구,825. 서빙고동 주민센터 앞,202102,1535
용산구,827. 국군복지단,202102,46
용산구,828. 숙대입구역 8번,202102,385
용산구,829. 베르가모앞,202102,1216
용산구,830. 청암자이아파트앞,202102,142
용산구,831. 이태원관광특구입구,202102,151
용산구,832. 이촌1동 주민센터 뒤,202102,741
용산구,834. 효창공원앞역 3번출구 뒤,202102,712
용산구,835. 남영역 건너편,202102,409
용산구,836. 현대자동차서비스 앞,202102,557
용산구,837. 한남나들목 입구,202102,1154
용산구,838. 숙대입구역 4번출구,202102,566
용산구,839. 보광동 삼성리버빌아파트 앞,202102,546
용산구,840. 용산 파크타워 앞,202102,303
용산구,841. 신용산역 1번 출구,202102,699
용산구,843. 녹사평역 광장,202102,355
용산구,844. 이촌2동 동원베네스트 아파트 앞,202102,446
용산구,845. 용산 선인상가,202102,325
용산구,846. 용산중학교,202102,435
용산구,847. 국방부민원실옆,202102,141
용산구,848. 삼각지12번 출구,202102,180
용산구,849. 삼각지 자이아파트,202102,362
용산구,850. KCC용산월츠타워,202102,248
용산구,851.효창 푸르지오 앞,202102,136
용산구,852.청암자이APT(103동),202102,378
용산구,853.용산역 맞은편,202102,1637
용산구,854.HID 유족동지회 앞,202102,57
용산구,855.이촌역5번출구 앞,202102,61
용산구,857. 현대 안성타워,202102,160
용산구,858.녹사평역3번 출구,202102,113
용산구,859.남산공원 야외식물원 앞,202102,32
용산구,860.LG한강 자이아파트 앞,202102,943
용산구,863.이촌역2번 출구,202102,156
용산구,864.순천향대학병원(한남오거리),202102,458
용산구,865.하얏트호텔 앞,202102,14
용산구,866.브라운스톤 남산아파트,202102,287
용산구,867.서빙고역 광장(1번출구),202102,163
용산구,869.노들섬 동측 앞,202102,235
용산구,870.노들섬 서측 앞,202102,1415
은평구,4652. 신사두산위브2차아파트 앞,202102,377
은평구,4653. LG 베스트샵 앞,202102,258
은평구,4654. OK부동산 앞,202102,206
은평구,900. 은평예술회관,202102,447
은평구,901. 응암1동사무소,202102,380
은평구,902. 진관동 은빛초등학교,202102,99
은평구,903. 은평뉴타운 아이파크,202102,328
은평구,904. 은평뉴타운 푸르지오,202102,406
은평구,905. 구파발역 2번출구,202102,835
은평구,906. 연신내역 5번출구150M 아래,202102,1479
은평구,907. CJ 드림시티,202102,2284
은평구,908. 구산역 4번출구,202102,617
은평구,909. 백련산 힐스테이트 3차,202102,189
은평구,911. 은평평화공원(역촌역4번출구),202102,975
은평구,912. 응암오거리,202102,1030
은평구,913. 이마트 은평점,202102,1603
은평구,914. 새절역 2번출구,202102,1462
은평구,915. 증산역 4번출구,202102,785
은평구,916. 평생학습관 앞,202102,635
은평구,917. 녹번역 4번출구,202102,543
은평구,919. 서울혁신파크,202102,404
은평구,921. 신도고등학교,202102,127
은평구,922. 연신내역 4번출구,202102,288
은평구,923. 국민은행 연서지점,202102,309
은평구,924. 메뚜기다리,202102,100
은평구,925. 불광역 2번출구,202102,314
은평구,927. 연신내역 3번출구 인근,202102,253
은평구,928. 은평역사한옥박물관,202102,195
은평구,930. 구 서부경찰서 건너편,202102,393
은평구,931. 역촌파출소,202102,1471
은평구,932. 예일여중,202102,450
은평구,933. LG서비스 역촌점,202102,851
은평구,934. 신사동 성당,202102,130
은평구,937. 상림마을 롯데캐슬2단지 옆,202102,79
은평구,938. 금암 문화공원,202102,98
은평구,939. 은평구청 교차로,202102,307
은평구,941. 은평뉴타운 도서관,202102,216
은평구,942. 상림마을 생태공원,202102,147
은평구,943. 은평구청 보건소,202102,826
은평구,945. 기자촌 사거리,202102,148
은평구,946. 독바위역,202102,272
은평구,947. 연신내 선일하이츠빌 정류소,202102,365
은평구,948. 디지털미디어 시티역 4번출구(DMC역),202102,381
은평구,949. 연신내역 1번 출구,202102,546
은평구,950. 구산역 2번 출구,202102,957
은평구,952. 서울연신중학교,202102,152
은평구,953. 서울연신초등학교,202102,193
은평구,954. 은평뉴타운구파발9단지,202102,256
은평구,956. 응암시장교차로,202102,1320
은평구,958. 신한은행 응암동 지점 앞,202102,643
은평구,959. 구파발10단지 인근,202102,225
은평구,960. 구파발역 환승센터,202102,430
은평구,961. 불광역 9번 출구,202102,736
은평구,962. 은평뉴타운 힐데스하임,202102,486
은평구,963. 대호프라자아파트,202102,395
은평구,964. 북한산힐스테이트 7차아파트,202102,223
은평구,965. 서울특별시 은평병원,202102,204
은평구,966. 서울혁신파크1,202102,180
은평구,967. 서울혁신파크2,202102,189
은평구,968. 은평뉴타운 상림마을 13단지,202102,62
은평구,969. 은평 지웰테라스,202102,121
은평구,971. 역촌 센트레빌 아파트,202102,148
은평구,972. 수색역,202102,475
은평구,973.제각말푸르지오 5-1단지 아파트,202102,125
은평구,974.연신초등학교옆 마을마당,202102,86
은평구,975.백련산 힐스테이트상가앞,202102,135
은평구,976.진관고등학교앞,202102,208
은평구,977.신도중학교앞,202102,146
은평구,978.녹번 힐스테이트상가앞,202102,170
은평구,979.원풍빌라앞,202102,234
은평구,982.유니클로 은평점앞,202102,402
은평구,984.상신초등학교앞 버스정류장,202102,502
은평구,985.은평온누리약국앞,202102,408
은평구,989.응암 꼬꼬닭치킨호프 앞,202102,597
은평구,991.흥국사 정류장,202102,63
은평구,992.북한산입구 정류장,202102,122
은평구,993.은평뉴타운 은뜨락아파트앞,202102,223
은평구,994.북한산생태공원입구(교통섬),202102,158
은평구,995.은평다목적체육관,202102,125
은평구,996.응암역 1번출구,202102,1825
종로구,301. 경복궁역 7번출구 앞,202102,563
종로구,302. 경복궁역 4번출구 뒤,202102,1102
종로구,303. 광화문역 1번출구 앞,202102,764
종로구,304. 광화문역 2번출구 앞,202102,462
종로구,305. 종로구청 옆,202102,715
종로구,306. 광화문역 7번출구 앞,202102,725
종로구,307. 서울역사박물관 앞,202102,557
종로구,308. 광화문 S타워 앞,202102,898
종로구,309. 광화문역 6번출구 옆,202102,414
종로구,314. 국립현대미술관,202102,567
종로구,316. 종각역 1번출구 앞,202102,957
종로구,326. 안국역 5번출구 앞,202102,669
종로구,327. 낙원상가 옆,202102,669
종로구,328. 탑골공원 앞,202102,490
종로구,329. 청계2가 사거리 옆,202102,596
종로구,334. 종로3가역 2번출구 뒤,202102,671
종로구,335. 종로3가역 15번출구 앞,202102,512
종로구,337. 창경궁 입구,202102,258
종로구,338. 세운스퀘어 앞,202102,356
종로구,339. 종로4가 사거리,202102,743
종로구,340. 혜화동 로터리,202102,811
종로구,3401.창신두산아파트,202102,73
종로구,3402.이화공영주차장,202102,275
종로구,3403.서울특별시 교육청,202102,97
종로구,3404.서울특별시 중부교육지원청,202102,76
종로구,3405.파크팰리스,202102,450
종로구,3406.세종로공원,202102,455
종로구,3407.안국동사거리(신),202102,709
종로구,3408.종로타워빌딩,202102,448
종로구,341. 혜화역 3번출구 뒤,202102,613
종로구,3410.종로3가역 8번출구,202102,935
종로구,3411.종묘,202102,413
종로구,3412.세운상가,202102,303
종로구,3413.종로플레이스,202102,777
종로구,3414.종로5가역 4번출구,202102,464
종로구,3415.동대문역6번출구,202102,570
종로구,3416.동묘앞역 6번출구,202102,507
종로구,3417.창신3동주민센터,202102,510
종로구,3418.창신역2번 출구,202102,82
종로구,3419.국립어린이과학관,202102,210
종로구,342. 대학로 마로니에공원,202102,1235
종로구,3420.성균관대입구사거리(맥도날드),202102,459
종로구,3421.혜화역 1번출구,202102,896
종로구,3422.성균관대 정문,202102,653
종로구,3423.현대그룹(본사),202102,432
종로구,3425.광화문 풍림스페이스본 1단지앞,202102,16
종로구,3426.독립문역 2번출구 뒤,202102,145
종로구,3427.인왕산 아이파크 정문,202102,175
종로구,3428.서울미술관,202102,97
종로구,3429.AW컨벤션앞,202102,106
종로구,343. 예일빌딩(율곡로) 앞,202102,236
종로구,3430.구기치안센터 앞,202102,106
종로구,3431.로제우스 레포츠센터,202102,112
종로구,3432.종로2가 사거리,202102,574
종로구,344. 성균관대 E하우스 앞,202102,467
종로구,345. 서울보증보험본사 앞,202102,548
종로구,348. 독립문역 사거리,202102,571
종로구,349. 사직동주민센터,202102,468
종로구,351. 청운초교 앞 삼거리,202102,411
종로구,352. 중앙고입구 삼거리,202102,152
종로구,353. 재동초교 앞 삼거리,202102,489
종로구,354. 포르투갈 대사관 앞,202102,445
종로구,355. 서울사대부속초교 앞,202102,443
종로구,356. KT혜화지사 앞,202102,449
종로구,358. 성대입구 사거리,202102,605
종로구,359. 원남동사거리,202102,451
종로구,361. 동묘앞역 1번출구 뒤,202102,1526
종로구,362. 청계8가 사거리,202102,901
종로구,363. 신설동역 11번출구 뒤,202102,850
종로구,364. 창신역 1번출구 앞,202102,271
종로구,367. 독립문역 3-1번출구,202102,581
종로구,368. SK 서린빌딩 앞,202102,532
종로구,369. 광화문 시민열린마당,202102,475
종로구,385. 종각역 5번출구,202102,780
종로구,388. 동성중학교 앞,202102,273
종로구,393. 동대문역 8번 출구,202102,1075
종로구,394. 경희궁 자이 3단지,202102,532
종로구,395. 경희궁 자이 2단지,202102,525
종로구,397. 종묘공영주차장 건너편,202102,272
종로구,446. 상명대입구,202102,312
종로구,447. 신영동삼거리,202102,56
종로구,449. 일성아파트,202102,141
종로구,450. 효자동 삼거리,202102,388
종로구,451. 청와대앞길,202102,134
종로구,452. 동대문 종합시장 버스정류장,202102,362
종로구,453. 종로오가 지하쇼핑센터 14번출구,202102,646
종로구,454. 종로2가 버스정류장 (종각방향),202102,611
종로구,455. 삼익한의원,202102,523
종로구,456. 숭인2동 주민센터 입구 (이강3대냉면),202102,502
종로구,457. 종로꽃시장 입구 옆,202102,500
종로구,458. 광화문역 5번출구,202102,1022
종로구,461. 서울지방경찰청,202102,425
종로구,462. 신영동삼거리(북악터널방향),202102,77
종로구,464. 삼청동 골목,202102,476
종로구,465. 삼청공원 앞,202102,52
종로구,"4702. 평창동 꽃여울(꽃집),스타벅스 앞",202102,58
종로구,4703. 쌍용아파트2단지 정문,202102,33
종로구,4704. 쌍용아파트2단지 상가앞,202102,56
종로구,4705. 웰니스센터(민방위교육장 앞),202102,374
종로구,4707. 청계3가 사거리,202102,157
종로구,4708. 조계사앞사거리(파리바케트앞),202102,401
종로구,4710. 자교교회 앞,202102,478
종로구,4711. 올림픽기념 국민생활관 로터리,202102,555
종로구,486. 평창동주민센터 앞,202102,78
중구,300. 정동사거리,202102,675
중구,3013.서울지방고용노동청 앞,202102,261
중구,310. 청계광장 옆,202102,535
중구,318. 광교사거리 남측,202102,298
중구,320. 을지로입구역 4번출구 앞,202102,541
중구,321. KEB 하나금융그룹 명동사옥 옆,202102,434
중구,322. 명동성당 앞,202102,274
중구,324. 신세계백화점 본점 앞,202102,466
중구,331. 을지로2가 사거리 북측,202102,366
중구,332. 을지로2가 사거리 남측,202102,325
중구,336. 티마크 호텔 앞,202102,405
중구,346. 맥스타일 앞,202102,737
중구,347. 동대문역사문화공원역 9번출구 앞,202102,435
중구,370. 시청역(2호선) 9번출구 뒤,202102,1001
중구,371. 동대입구역 6번출구 뒤,202102,204
중구,372. 약수역 3번출구 뒤,202102,393
중구,373. 청구 어린이공원,202102,120
중구,374. 청구역 2번출구 앞,202102,592
중구,375. 다산 어린이공원,202102,679
중구,378. 청계7가 사거리,202102,748
중구,379. 서울역9번출구,202102,693
중구,380. CJ제일제당 앞,202102,631
중구,381. 장충체육관,202102,58
중구,382. 약수역 10번출구 앞,202102,322
중구,383. 신당역 12번 출구 뒤,202102,1103
중구,384. 종로학원본원,202102,259
중구,387. 훈련원공원주차장 앞,202102,633
중구,389. 을지로4가역 1번출구,202102,321
중구,390. 충무로역 1번출구,202102,827
중구,391. 정동길입구,202102,310
중구,398. 을지로3가역 3번출구,202102,622
중구,399. 서울역 센트럴 자이아파트,202102,330
중구,428. 명보사거리,202102,204
중구,429. 송도병원,202102,193
중구,430. KEB하나은행 장충동지점,202102,286
중구,431. 청계천 영도교,202102,1466
중구,433. 을지로입구역 2번출구,202102,696
중구,434. 신당 래미안 버스정류장,202102,141
중구,435. SK 남산빌딩,202102,171
중구,441.염천교사거리,202102,259
중구,442.서울역 서부,202102,257
중구,443.호암아트홀,202102,202
중구,466.롯데호텔,202102,202
중구,467.한국은행,202102,132
중구,468.웨스틴 조선호텔,202102,187
중구,469.회현역 1번출구,202102,140
중구,470.회현역 7번출구,202102,144
중구,471.회현사거리 남측,202102,271
중구,472.삼일교(시그니쳐 타워),202102,278
중구,473.을지로4가역 9번출구,202102,632
중구,474.동대문역사문화공원역 1번출구 뒤편,202102,1006
중구,475.DDP 패션몰,202102,441
중구,4753. 우리은행 서소문금융센터,202102,193
중구,476.광희문,202102,274
중구,4761. 탐앤탐스 을지로3가점,202102,112
중구,4762. 국제빌딩,202102,168
중구,4766. 서소문성지역사박물관,202102,24
중구,477.앰배서더 호텔 주변,202102,189
중구,4772. 중앙일보,202102,96
중구,4774. 을지로입구역 8번출구,202102,121
중구,4775. 을지로지하쇼핑센터,202102,227
중구,4776. 신세계면세점,202102,149
중구,4778. 대신파이낸스센터,202102,316
중구,4779. 태극당,202102,198
중구,4781. 브라운스위트레지던스,202102,27
중구,4782. 서소문역사공원,202102,30
중구,4784. 중부경찰서앞 사거리,202102,139
중구,4785. 롯데시티호텔,202102,153
중구,479.동대입구역 3번 출구,202102,159
중구,4791. 명동역9번 출구,202102,406
중구,480.약수역 6번 출구,202102,237
중구,481.신당역 10번 출구,202102,400
중구,482.예수소망교회,202102,62
중구,483.남산타운아파트 버스정류장,202102,199
중구,484.도동삼거리,202102,61
중구,826. 서울역 서부교차로2,202102,584
중랑구,1401. 극동늘푸른아파트,202102,1006
중랑구,1402. 금란주차장 앞,202102,694
중랑구,1403. 중화빌딩 앞 (동부시장),202102,476
중랑구,1404. 동일로 지하차도,202102,707
중랑구,1405. 망우역 1번출구,202102,435
중랑구,1406. 망우청소년수련관,202102,77
중랑구,1407. 먹골역 1번출구 뒤,202102,536
중랑구,1408. 먹골역 6번출구 앞,202102,506
중랑구,1410. 면목 대원칸타빌아파트,202102,139
중랑구,1411. 상봉시장앞 교차로 한성빌딩 앞,202102,522
중랑구,1412. 면목초등학교,202102,329
중랑구,1413. 봉화산역 5번출구 뒤,202102,426
중랑구,1414. 사가정역 1번출구,202102,1164
중랑구,1416. 상봉역 3번출구,202102,548
중랑구,1418. 새솔초등학교,202102,184
중랑구,1420. 신내어울공원 앞,202102,307
중랑구,1421. 신내역 4번출구,202102,112
중랑구,1422. 신내우디안아파트 1단지,202102,112
중랑구,1424. 양원역 2번출구,202102,74
중랑구,1425. 용마문화복지센터,202102,408
중랑구,1426. 면목도시개발아파트 1동 앞,202102,252
중랑구,1427. 용마산역 1번출구,202102,195
중랑구,1428. 원묵고등학교,202102,193
중랑구,1429. 장안중학교,202102,464
중랑구,1430. 중랑구청,202102,509
중랑구,1431. 중랑구청 사거리,202102,811
중랑구,1433. 중화역 2번출구,202102,795
중랑구,1434. 홈플러스 면목동점,202102,446
중랑구,1435. 능산삼거리,202102,113
중랑구,1436. 영풍마드레빌,202102,342
중랑구,1437. 늘푸른공원 앞,202102,636
중랑구,1438. 홈플러스 신내점 앞,202102,844
중랑구,1440. 하나은행 면목지점,202102,606
중랑구,1441. 신내능말공원,202102,212
중랑구,1442. (구)신한은행 중랑교지점,202102,835
중랑구,1443. 구립망우청소년독서실,202102,304
중랑구,1444. 면목4치안센터,202102,691
중랑구,1445. 용마지구대,202102,125
중랑구,1446. 중랑전화국 교차로,202102,793
중랑구,1447. 면목역 3번출구,202102,1002
중랑구,1448. 코스트코 상봉점,202102,1072
중랑구,1449. 상봉역 1번출구,202102,960
중랑구,1450. 화랑대역 7번출구,202102,598
중랑구,1451. 중랑세무서,202102,1207
중랑구,1452. 겸재교 진입부,202102,1311
중랑구,1453. 중랑캠핑숲,202102,132
중랑구,1454. 한국전력공사(동대문 중랑지사),202102,451
중랑구,1455. 상봉역 2번 출구,202102,856
중랑구,1456. 상아빌딩(우림시장 교차로),202102,420
중랑구,1457. 동원사거리,202102,427
중랑구,1458. 상봉터미널2,202102,1078
중랑구,1459. 용마한신아파트사거리,202102,207
중랑구,1461.동양엔파트 앞,202102,460
중랑구,1462.동부시장 북문 앞,202102,782
중랑구,1463.중랑구민회관,202102,107
중랑구,1464.중화역 4번출구,202102,450
중랑구,1465.중랑공영차고지 옆,202102,269
중랑구,1466.두산대림아파트 삼거리,202102,194
중랑구,1467.sk신내 주유소앞(용마산로),202102,73
중랑구,1468.먹골역 7번 출구,202102,345
중랑구,1469.먹골역 4번출구,202102,456
중랑구,1470.중화동 우리은행 앞,202102,570
중랑구,1471.동양쇼핑 정류소 앞,202102,592
중랑구,1472.영성빌딩(PAT),202102,265
중랑구,1473.중랑역 1번 출구(중화문화복지센터),202102,580
중랑구,1474.서울중랑우체국,202102,480
중랑구,1477.면목삼익아파트 앞,202102,232
중랑구,1478.홈플러스 상봉점 앞,202102,634
중랑구,1479.면목 홈플러스 2,202102,258
중랑구,1480. 용마지구대 옆,202102,421
강남구,2301. 현대고등학교 건너편,202103,2565
강남구,2302. 교보타워 버스정류장(신논현역 3번출구 후면),202103,809
강남구,2303. 논현역 7번출구,202103,806
강남구,2304. 신영 ROYAL PALACE 앞,202103,198
강남구,2305. MCM 본사 직영점 앞,202103,330
강남구,2306. 압구정역 2번 출구 옆,202103,1020
강남구,2307. 압구정 한양 3차 아파트,202103,985
강남구,2308. 압구정파출소 앞,202103,885
강남구,2309. 청담역(우리들병원 앞),202103,353
강남구,2310. 청담동 맥도날드 옆(위치),202103,387
강남구,2311. 학동로 래미안 아파트 앞,202103,289
강남구,2312. 청담역 13번 출구 앞,202103,404
강남구,2313. 금원빌딩 앞,202103,978
강남구,2314. 청담나들목입구,202103,585
강남구,2315. 봉은사역 5번출구 옆,202103,914
강남구,2316. 삼성역 8번출구,202103,1270
강남구,2317. 삼성도로공원,202103,833
강남구,2318. 삼성중앙역4번출구(문화센터더 리빌),202103,631
강남구,2319. 포스코사거리 서측(수협 삼성동 지점),202103,417
강남구,2320. 도곡역 대치지구대 방향,202103,406
강남구,2321. 학여울역 사거리,202103,549
강남구,2322. 삼성역 3번 출구,202103,865
강남구,2323. 주식회사 오뚜기 정문 앞,202103,384
강남구,2324. 천주교 대치 2동 교회 옆,202103,734
강남구,2325. 대치동 버거킹대치점,202103,916
강남구,2326. 대치동 삼성로,202103,470
강남구,2327. 뱅뱅사거리 랜드마크타워 앞,202103,764
강남구,2328. 르네상스 호텔 사거리 역삼지하보도 7번출구 앞,202103,409
강남구,2329. 르네상스호텔사거리 역삼지하보도 2번출구,202103,243
강남구,2330. 스타벅스 앞,202103,417
강남구,2331. 동영문화센터앞,202103,501
강남구,2332. 선릉역3번출구,202103,932
강남구,2333. 양재역 3번출구 주변,202103,770
강남구,2334. 삼호아파트 2동 ( 간선도로),202103,129
강남구,2335. 3호선 매봉역 3번출구앞,202103,1132
강남구,2336. 강남세브란스교차로 래미안그레이튼 104동 앞,202103,207
강남구,2337. 대모산입구역 2번출구 앞,202103,389
강남구,2339. 현대아파트 정문 앞,202103,338
강남구,2340. 삼호물산버스정류장(23370) 옆,202103,1398
강남구,2341. 일원역 4~5번 출구 사이,202103,300
강남구,2342. 대청역 1번출구 뒤,202103,1403
강남구,2343. 세곡사거리 대왕파출소 앞,202103,85
강남구,2344. 리엔파크 2단지 앞,202103,401
강남구,2347. 두산건설 본사,202103,420
강남구,2348. 포스코사거리(기업은행),202103,1451
강남구,2349. 역삼빌딩 앞(하나은행 옆),202103,158
강남구,2350. 래미안그레이튼102동앞,202103,353
강남구,2351. 청소년수련관(수영장)앞,202103,188
강남구,2352. 서울본부세관(건설회관 앞),202103,325
강남구,2353. 강남구청역 2번출구 뒤,202103,558
강남구,2354. 청담역 2번출구,202103,219
강남구,2355. 삼성역 5~6번 출구 사이,202103,1189
강남구,2356. 강남구청,202103,450
강남구,2357. 르네상스호텔사거리 역삼지하보도 3번출구 앞 (더 오번 빌딩 명동칼국수 앞),202103,229
강남구,2358. 구룡초사거리 (현대아파트10동 앞 ),202103,277
강남구,"2359. 국립국악중,고교 정문 맞은편",202103,721
강남구,2360. 도곡1동 주민센터 교차로,202103,466
강남구,2361. 압구정역 교차로,202103,907
강남구,2362. 신사동 가로수길 입구,202103,781
강남구,2363. 강남 을지병원 교차로,202103,327
강남구,2364. 도산대로 렉서스 앞,202103,493
강남구,2365. K+ 타워 앞,202103,837
강남구,2368. 도곡동 경남아파트 건너편,202103,144
강남구,2369. KT선릉타워,202103,770
강남구,2370. 한티역 3번출구,202103,293
강남구,2371. 한국우편사업진흥원,202103,290
강남구,2372. 대치역 사거리,202103,742
강남구,2373. 개포동역 사거리,202103,978
강남구,2375. 수서역 1번출구 앞,202103,601
강남구,2376. 수서역 6번출구 앞,202103,161
강남구,2377. 수서역 5번출구 뒤,202103,1775
강남구,2380. 삼성동베이직하우스앞,202103,486
강남구,2381. 언주역 6번출구앞,202103,365
강남구,2382. 역삼동 sk뷰 501동앞,202103,284
강남구,2383. 보금자리정원,202103,204
강남구,2384. 자곡사거리,202103,1303
강남구,2385. 학동역,202103,651
강남구,2386. 크린랩 본사,202103,221
강남구,2387. 래미안강남힐즈 사거리,202103,615
강남구,2388. 강남구 도시관리공단,202103,305
강남구,2389. 경기여자고등학교 후문 (삼성로3길 입구),202103,437
강남구,2390. 구룡마을 입구 (래미안블레스티지 아파트),202103,229
강남구,2391. 구룡터널 입구(개포1단지아파트),202103,21
강남구,2392. 구룡산 입구 (구룡산 서울둘레길 입구),202103,53
강남구,2393. 구룡사 앞 교차로 (보도육교),202103,51
강남구,2394. 개포래미안포레스트아파트 107동 앞,202103,608
강남구,2395. 개포1단지아파트 입구 (보도육교),202103,48
강남구,2396. 영동3교 북단(우성캐릭터 앞 보도),202103,584
강남구,2398. 더라움,202103,391
강남구,2401. 밀알학교 입구 (삼성서울병원 입구),202103,191
강남구,2403. 공무원연금매점 교차로 (개포주공9단지 입구),202103,123
강남구,2404. 대모산입구역 4번 출구 앞,202103,720
강남구,2405. 청담공원앞 교차로,202103,644
강남구,2406. 논현동 광명빌딩 앞,202103,337
강남구,2407. 역삼.서초.삼성 세무서 앞 (역삼빌딩 앞),202103,1015
강남구,2408. 강남한양수자인아파트,202103,505
강남구,2409. 역삼동 디오슈페리움 (우성아파트 사거리),202103,685
강남구,2410. 포스코피앤에스타워 (역삼역 3번출구 부근),202103,507
강남구,2411. 세곡동 성당,202103,412
강남구,2412. 일원1동 주민센터,202103,1298
강남구,2413.도곡역 1번 출구,202103,753
강남구,2414. 도곡역 아카데미스위트 앞,202103,742
강남구,2415.한티역 롯데백화점 앞,202103,621
강남구,2416.한티역 6번 출구,202103,213
강남구,2417.선정릉 디캠프(D.CAMP)앞,202103,182
강남구,2418.봉은사역 7번 출구,202103,586
강남구,"2419.봉은사역 1,2번 출구",202103,457
강남구,2420.학여울역 사거리(LG베스트샵 앞),202103,661
강남구,2421. 신논현역 4번출구,202103,382
강남구,2422.수서동 성당 맞은편,202103,367
강남구,2423.영희초교 사거리(래미안개포루체하임),202103,665
강남구,2425.세곡동 사거리(대왕초등학교 정류장),202103,113
강남구,2426.강남한신휴플러스 6단지,202103,267
강남구,2427.개포고등학교 정문앞,202103,302
강남구,2428.롯데리아 개포점앞,202103,270
강남구,2429.압구정로데오역 6번출구,202103,1237
강남구,2430.강남파이낸스센터앞(역삼역2번출구),202103,349
강남구,2431.대치역 7번출구,202103,843
강남구,3602. 한국지역난방공사강남지사,202103,176
강동구,1001. 광진교 남단 사거리(디지털프라자앞),202103,1649
강동구,1002. 해공공원(천호동),202103,1677
강동구,1003. 해공도서관앞,202103,669
강동구,1004. 삼성광나루아파트 버스정류장,202103,1166
강동구,1006. 롯데캐슬 115동앞,202103,449
강동구,1007.암사동 선사유적지,202103,126
강동구,1008. 암사역 3번출구(국민은행앞),202103,2359
강동구,1009. 천호역4번출구(현대백화점),202103,3302
강동구,1010. 강동세무서,202103,1999
강동구,1011. LIGA 아파트 앞,202103,1971
강동구,1012. 서울 상운차량,202103,897
강동구,1013. 강동구청역 1번 출입구,202103,1135
강동구,1014. 강동구평생학습관앞,202103,725
강동구,1015. 샛마을 근린공원,202103,525
강동구,1016. 해뜨는 주유소옆 리엔파크 109동앞,202103,513
강동구,1017. 맥도날드(길동),202103,1749
강동구,1018. 둔촌 주공 GS 맞은편,202103,402
강동구,1019. 다성이즈빌아파트(호원대 대각선 맞은편),202103,1992
강동구,1020. 강동경찰서,202103,2375
강동구,1021. 강일동 리슈빌 빌딩앞,202103,1276
강동구,1022. 길동 사거리(초소앞),202103,1415
강동구,1023. 한국종합기술사옥 앞,202103,1485
강동구,1024. 강동구청 앞,202103,2079
강동구,1025. 상일초등학교,202103,489
강동구,1026. 대명초교 입구 교차로,202103,421
강동구,1027. 프라자 아파트 앞,202103,767
강동구,1028. 포레스 주상복합 빌딩,202103,1214
강동구,1029. 롯데 시네마,202103,1573
강동구,1030. 미호 플랜트 앞,202103,679
강동구,1031. 올림픽로 836(아리수로),202103,428
강동구,1032. 선사고등학교,202103,391
강동구,1033. 고덕동 아남아파트,202103,539
강동구,1034. 고덕동 래미안 힐스테이트,202103,389
강동구,1035. 고덕역 4번출구,202103,543
강동구,1036. 고덕동 주양쇼핑,202103,639
강동구,1037. 강일리버파크 6단지,202103,248
강동구,1038. 강일 다솜 어린이 공원,202103,275
강동구,1039. 고덕초등학교,202103,97
강동구,1041. 묘곡초등학교,202103,500
강동구,1042. 강일리버파크 2~5단지,202103,570
강동구,1044. 굽은다리역,202103,2918
강동구,1047. 건강보험 강동지사kt,202103,1473
강동구,1048. 동부기업(둔촌동),202103,1290
강동구,1049. 강일리버파크 10단지,202103,616
강동구,1050. 둔촌역 3번 출입구,202103,3399
강동구,1051. 양지시장 (용성약국앞) 입구,202103,1093
강동구,1052. 리싸이클시티,202103,80
강동구,1053. 동명근린공원 진입로 (아리수로),202103,201
강동구,1054. 말우물 어린이 공원,202103,157
강동구,1056. 강일리버파크 7~11단지,202103,326
강동구,1057. 능골근린공원,202103,590
강동구,1058. 고덕숲 아이파크 1,202103,638
강동구,1059. 래미안 강동팰리스(102동),202103,865
강동구,1060. 천일초교 사거리,202103,547
강동구,1061. 천호초교 입구 사거리(일주빌딩),202103,912
강동구,1062. 고덕숲 아이파크 2,202103,235
강동구,1063.강동롯데캐슬퍼스트 아파트(관리동),202103,378
강동구,1064.중앙보훈병원역 1번출구,202103,235
강동구,1065.보훈병원 정문옆(중앙대영약국),202103,382
강동구,1066.생태공원앞 교차로(조명탑),202103,183
강동구,1067.한영중고앞사거리,202103,312
강동구,1068.명일파출소,202103,462
강동구,1069.강동경희대학교병원 입구,202103,423
강동구,1070.(시립)고덕평생학습관,202103,443
강동구,1071.명일근린공원공동체텃밭,202103,241
강동구,1072.고덕역 5번출구,202103,634
강동구,1073.SSTS 몰 앞,202103,605
강동구,1074.대명초교입구 사거리,202103,833
강동구,1075.천동초교 삼거리,202103,818
강동구,1076.전자랜드 길동점,202103,1318
강동구,1077.강동역 1번출구 앞,202103,1718
강동구,1078.둔촌사거리,202103,1405
강동구,1079.강일동입구교차로,202103,316
강동구,1080.엘웨딩,202103,651
강동구,1081.트레빌빌딩,202103,605
강동구,1082.중앙보훈병원역3번출구,202103,130
강동구,1083.광문고교사거리(아이파크),202103,394
강동구,1084. 윤선생빌딩(JYP사옥),202103,1713
강동구,1085.래미안 솔베뉴(고덕로),202103,601
강동구,1086.래미안 솔베뉴(구천면로),202103,468
강동구,1088.풍납사거리(강동),202103,870
강동구,1089.고덕 래미안힐스테이트(201동),202103,234
강동구,1090.상일동역 2번출구 앞,202103,1959
강동구,3539. 서원마을,202103,144
강동구,3652. 한영외국어고등학교,202103,135
강동구,3653. 강동리버스트4단지아파트 404동 앞,202103,887
강동구,3654. 강동리버스트4단지아파트 405동 앞,202103,760
강동구,3655. 둔촌신성미소지움아파트,202103,330
강북구,"1501. 미아역 3번,4번 출구 사이",202103,1102
강북구,1503. 이디야 커피 수유역점 앞,202103,2040
강북구,1504. 다이소 삼양시장점,202103,392
강북구,1506. 강북문화예술회관,202103,1002
강북구,1509. 서울북부수도사업소,202103,508
강북구,1510. 번동주공5단지 관리사무소 앞,202103,211
강북구,1511. 번동 금호어울림아파트102동앞,202103,301
강북구,1512. 강북중학교 앞,202103,1318
강북구,1513. 강북구청 뒷편,202103,142
강북구,1514. 강북구청 사거리 버스정류소 앞,202103,1283
강북구,1515. 송천동 주민센터,202103,596
강북구,1516. 우이초등학교 후문 옆,202103,596
강북구,1518. SK telecom(수유직영점) 앞,202103,460
강북구,1519. 세븐일레븐 수유장미원점 앞,202103,620
강북구,1520. 성실교회,202103,849
강북구,1522. 월드전기조명인테리어(우이동),202103,394
강북구,1525. 미아동 복합청사,202103,378
강북구,1526. 수유동 채선당앞,202103,672
강북구,1527. 미아역 1번 출구 뒤,202103,696
강북구,1528. 삼각산동 주민센터,202103,381
강북구,1529. 미아동 한국전력공사,202103,1502
강북구,1530. 광산사거리,202103,1398
강북구,1531. 미아사거리 1번 출구,202103,1891
강북구,1532. 번3동 주민센터 교차로,202103,683
강북구,"1533. 번동 주공3, 4단지 교차로",202103,1158
강북구,1534. 북서울 꿈의 숲 동문,202103,859
강북구,1535. 효성인텔리안 앞,202103,1390
강북구,1536. 번동 두산위브 101동 옆,202103,764
강북구,1537. 북한산 우이역,202103,512
강북구,1538. 솔밭공원역,202103,313
강북구,1539. 4.19민주묘지역,202103,528
강북구,1540. 가오리역,202103,849
강북구,1541. 삼양역,202103,223
강북구,1542. 삼양사거리역,202103,337
강북구,1543. 수유1동 주민센터,202103,704
강북구,1545. 솔샘역 2번 출구,202103,282
강북구,1546. 송천동우체국,202103,455
강북구,1547. 꿈의숲 롯데캐슬,202103,320
강북구,1548. 북서울 꿈의숲 서문,202103,622
강북구,1550.삼각산아이원아파트(105동 옆),202103,126
강북구,1551.4.19탑 앞,202103,497
강북구,1552. 강북구청사거리(던킨도너츠 앞),202103,1214
강북구,1553.예수그리스도후기성도교회 앞,202103,686
강북구,1554.번동사거리,202103,637
강북구,1557.신창교,202103,1087
강북구,1558.강북문화정보도서관,202103,157
강북구,1560. 도봉세무서 앞,202103,776
강북구,1564.4.19민주묘지역 1번출구,202103,898
강북구,1565.대한병원앞,202103,861
강북구,1568.4.19민주묘지 입구사거리,202103,563
강북구,1569.수유역2번출구,202103,1704
강북구,1571.북서울 꿈의 숲 입구,202103,398
강북구,1572.우이산 입구,202103,89
강북구,1573.현대성우아파트 옆,202103,263
강북구,1574.송중초등학교 옆,202103,457
강북구,3703. 신성교회 앞,202103,190
강북구,3707. 드래곤타워 앞,202103,410
강북구,3711. 월계2교 교차로,202103,583
강북구,3714. 송천센트레빌,202103,258
강북구,3718. 번동 SK LPG 충전소,202103,166
강서구,1101. 개화동상사마을종점 버스정류장,202103,253
강서구,1102. 방화사거리 마을버스 버스정류장,202103,1761
강서구,1103. 방화역 4번출구앞,202103,1516
강서구,1105. 방화근린공원,202103,347
강서구,1106. 신방화사거리,202103,1550
강서구,1108. 공항시장역 2번출구 뒤,202103,856
강서구,1109. 공항시장역 4번출구,202103,562
강서구,1110. 공항중학교앞,202103,737
강서구,1111. 마곡엠밸리6_7단지 마곡중학교,202103,1065
강서구,1112. 마곡엠밸리4단지 정문,202103,2722
강서구,1113. 서남환경공원 버스정류장,202103,114
강서구,1115. 등촌역 1번출구옆,202103,1367
강서구,1117. 스타벅스앞,202103,2678
강서구,1118. 증미역 3번출구뒤(등촌두산위브센티움오피스텔),202103,2531
강서구,1119. 염창동 한마음아파트앞(염창동 빛나는 음악학원앞),202103,1821
강서구,1120. 대림경동아파트앞,202103,1838
강서구,1121. 가양레포츠센터앞,202103,1417
강서구,1122. 황금내근린공원,202103,2247
강서구,1124. 발산역 6번 출구 뒤,202103,3706
강서구,1125. 명덕고교입구(영종빌딩),202103,2744
강서구,1126. 우장산역 1번출구옆(우장산아이파크105동앞),202103,1271
강서구,1127. 화곡역(에이스정형외과앞) 버스정류장,202103,1348
강서구,1128. 화곡역 6번출구,202103,1289
강서구,1129. 화곡역 1번 출구 앞,202103,1521
강서구,1130. 화곡본동시장 버스정류장,202103,465
강서구,1131. 꿈돌이공원 앞,202103,1465
강서구,1132. 등촌역 7번출구,202103,1662
강서구,1135. 강서구의회,202103,1433
강서구,1136. 등촌2파출소,202103,722
강서구,1137. 등촌2동주민센터,202103,437
강서구,1139. 용문사 버스정류장,202103,1117
강서구,1140. 목동사거리 버스정류장,202103,1532
강서구,1141. 곰달래 문화복지센터 1-1,202103,1180
강서구,1145. 곰달래 문화복지센터 1-2,202103,673
강서구,1146. 곰달래사거리,202103,1129
강서구,1148. 볏골공원,202103,856
강서구,1149. 신방화역환승주차장,202103,3303
강서구,1150. 송정역 1번출구,202103,1648
강서구,1151. 마곡역1번출구,202103,1646
강서구,1152. 마곡역교차로,202103,4377
강서구,"1153. 발산역 1번, 9번 인근 대여소",202103,4810
강서구,1155. 기쁜우리복지관,202103,1538
강서구,1157. 강서구청,202103,1925
강서구,1158. 가양역 8번출구,202103,4168
강서구,1159. 서서울모터리움앞,202103,972
강서구,1160. 양천향교역 7번출구앞,202103,4151
강서구,1161. 강서면허시험장앞,202103,320
강서구,1162. 공항초등학교건너편,202103,1408
강서구,1163. 방화동강서기동대앞,202103,1473
강서구,1165. 마곡중학교 후문,202103,716
강서구,1166. 강서구립등빛도서관,202103,2876
강서구,1167. 마곡수명산파크3단지 교차로,202103,2356
강서구,1168. 마곡엠밸리10단지 앞,202103,1058
강서구,1169. 염창역 1번 출구,202103,1266
강서구,1170. 강서구보건소 (삼성디지털 프라자),202103,901
강서구,1171. 염창동 새마을금고 건너편 (모닝글로리),202103,1101
강서구,1172. 가양3동 주민센터,202103,1348
강서구,1173. 강서구청사거리(SH타워),202103,2075
강서구,1174. 강서구청사거리(부민병원),202103,1049
강서구,1175. 대한항공 인력개발센터,202103,1068
강서구,1177. 수명중?고교,202103,970
강서구,1178. 개화산역 2번 출구,202103,797
강서구,1180. 마곡엠밸리 15단지(1502동) 건너편,202103,1590
강서구,1181. 농수산식품공사 (강서지사),202103,299
강서구,1182. KBS 스포츠월드,202103,1345
강서구,1183. KC 대학교,202103,422
강서구,1184. 마곡13단지,202103,2420
강서구,1185. 등촌9단지,202103,1022
강서구,1186. 송정중학교,202103,631
강서구,1187. 강서수산물도매시장,202103,649
강서구,1188. 롯데중앙연구소,202103,214
강서구,1190. 마곡역 교차로(2번출구),202103,1218
강서구,1191. 마곡역 교차로(NH농협),202103,2262
강서구,1192. 마곡수명산파크 209동 건너편,202103,1145
강서구,1193. 마곡센트럴타워 1차,202103,2041
강서구,1194. 센서텍㈜,202103,952
강서구,1195. 코오롱One&Only타워,202103,1810
강서구,1196. 서울식물원(문화센터) 건너편,202103,336
강서구,1197. 엠펠리체 호텔 건너편,202103,1827
강서구,1198. LG 사이언스파크,202103,646
강서구,1199. 우장산역 3번출구,202103,1553
강서구,1200. 개화광역환승센터,202103,252
강서구,2701. 마곡나루역 5번출구 뒤편,202103,4089
강서구,2702. 마곡 엠밸리2단지,202103,840
강서구,2703.서울도시가스 앞,202103,698
강서구,2704.홈플러스(강서점),202103,1983
강서구,2706.강서공업고등학교 앞,202103,1073
강서구,2707.한강아파트,202103,1205
강서구,2708.강서한강자이타워 앞,202103,2490
강서구,2709.강변아파트 310동 앞,202103,799
강서구,2710.라이품 공영주차장 앞,202103,891
강서구,2711.가로공원공영주차장 1번 출구,202103,764
강서구,2712.화곡터널입구교차로,202103,487
강서구,2713.우장초등학교 앞,202103,815
강서구,2714.발산1동주민센터교차로,202103,80
강서구,2715.마곡나루역 2번 출구,202103,5612
강서구,2716.롯데 R&D 센터,202103,420
강서구,2717.LG유플러스 마곡사옥,202103,2519
강서구,2718.마곡수명산파크1단지,202103,1191
강서구,2719.마곡문화공원,202103,1725
강서구,2720.힐스테이트에코,202103,2025
강서구,2721.등촌1-10단지 교차로,202103,2111
강서구,2722.마곡 문영비지웍스,202103,167
강서구,2723.마곡 필네이처,202103,1766
강서구,2724.(재)FITI시험연구원,202103,1304
강서구,2725.서울식물원 식물문화센터,202103,892
강서구,2727.서울식물원 잔디마당 앞,202103,1263
강서구,2728.마곡나루역 3번 출구,202103,3391
강서구,2729.넥센 유니버시티 앞,202103,1148
강서구,2730.마곡메가박스 앞,202103,1469
강서구,2731.명덕고교,202103,737
강서구,2732.마곡수명산 1-2단지,202103,954
강서구,2733.마곡13단지 정문 앞,202103,2337
강서구,2735.마곡 공공청사,202103,1726
강서구,2737.까치산역 3번 출구,202103,1138
강서구,2739.수명산파크1단지교차로,202103,1903
강서구,2740.마곡레포츠센터,202103,561
강서구,2741.마곡수명산파크5-6단지,202103,838
강서구,2742.강서구민올림픽체육센터,202103,801
강서구,2743.동신아파트 104동 앞,202103,700
강서구,2744.강서세무서 앞,202103,1390
강서구,2745.수명초등학교,202103,721
강서구,2746.수명산파크 4단지 411동 앞,202103,908
강서구,3753. 공항중학교 버스정류장,202103,459
강서구,3754. 신방화역 8번출구,202103,264
강서구,3755. 어위쉬예다인오피스텔,202103,276
강서구,3756. 마곡힐스테이트 정문,202103,663
강서구,3759. 서울이대병원,202103,1062
강서구,3760. 발산역 8번 출구,202103,837
강서구,3761. 나이아가라관광호텔,202103,323
강서구,3763. 등촌태영아파트,202103,545
강서구,3764. 관문주유소(GS칼택스) 앞,202103,286
강서구,3765. 문소빌딩,202103,218
강서구,3766. 강서문화센터,202103,124
강서구,3767. 대원빌딩,202103,414
강서구,3769. 가양동 이마트 앞,202103,1552
강서구,3772. 길성그랑프리텔아파트,202103,1261
강서구,3775. 가양오토갤러리,202103,884
강서구,3776. 김포공항교차로,202103,312
강서구,3778. 김포공항입구 교차로,202103,1153
강서구,3779. 유광사여성병원,202103,506
강서구,3780. 등촌서광아파트,202103,1632
강서구,3781. 강서아동복지센터,202103,79
강서구,3782. 겸재정선미술관,202103,706
강서구,3783. 마곡금호어울림아파트,202103,561
강서구,3784. 벽산아파트,202103,1142
강서구,3786. 강서힐스테이트 상가 앞,202103,393
강서구,3787. 가양나들목,202103,744
강서구,3788. 정곡나들목,202103,1346
강서구,3789. 염창나들목,202103,2047
강서구,3792. 화곡본동시장 입구,202103,453
강서구,3793. 더리브골드타워,202103,2
강서구,3794. 안양천합수부(현대3차아파트),202103,1382
강서구,3795. 공항신성빌딩 앞,202103,383
강서구,3796. 송정역 3번출구 앞,202103,923
강서구,3797. 마곡수명산파크7단지 710동 앞,202103,429
강서구,3798. 그랜드아이파크아파트 앞,202103,1848
강서구,3799. 국립항공박물관,202103,53
관악구,2102. 봉림교 교통섬,202103,6708
관악구,2103. 신림동 우방아파트,202103,1502
관악구,2104. 사당역 5번출구,202103,1144
관악구,2105. 미성동 신림체육센터,202103,1022
관악구,2106. 난곡 새마을금고,202103,1399
관악구,2107. 도림천 신화교,202103,2489
관악구,2108. 은천치안센터,202103,1056
관악구,2109. 은천로입구 가로공원,202103,2494
관악구,2110. 조원동 미성아파트,202103,138
관악구,2111. 서울대입구역 1번출구,202103,962
관악구,2112. 서울대입구역 마에스트로,202103,919
관악구,2113. 관악동작견인차량보관소,202103,1600
관악구,2115. 관악농협농산물백화점,202103,995
관악구,2116. 에이스에이존빌딩,202103,741
관악구,2119. 중앙동 동진빌딩,202103,1018
관악구,2122. 낙성대로 입구,202103,688
관악구,2127. 보성운수차고지 맞은편,202103,453
관악구,2128. 관악구청교차로,202103,660
관악구,2129. 낙성대 과학전시관,202103,511
관악구,2130. 영어마을 관악캠프,202103,275
관악구,2135. 신림역 5번출구,202103,1179
관악구,2136. 신림역 8번출구,202103,2149
관악구,2137. KT&G 관악지점,202103,310
관악구,2139. 서울신성초등학교,202103,569
관악구,2140. 신림1교 교차로,202103,1654
관악구,2141. 미림여고입구 교차로,202103,167
관악구,2143. 서울산업정보학교,202103,273
관악구,2144. 난우길입구,202103,562
관악구,2145. 은천초등학교 육교,202103,599
관악구,2148. 낙성대역 3번출구 뒤,202103,770
관악구,2156. 농협 관악문성지점,202103,781
관악구,2159. 인헌초교,202103,375
관악구,2164. 관악우체국,202103,857
관악구,2165. JK장평타워,202103,402
관악구,2167. 낙성대역 1번출구,202103,567
관악구,2169. 봉천역 2번출구,202103,956
관악구,2170. 조원동서울본병원,202103,780
관악구,2171. 서울대입구역 5번출구,202103,1439
관악구,2172. 나들목공원,202103,342
관악구,2173. 당곡사거리,202103,3694
관악구,2174. 삼성디지털프라자관악점,202103,634
관악구,2175. 신림동걷고싶은문화의거리입구,202103,943
관악구,2176. 보라매공원 보도육교,202103,1755
관악구,2177. 신대방역 2번 출구,202103,5118
관악구,2178. 서울대학교 정문,202103,448
관악구,2179. 양녕로 입구,202103,1196
관악구,2183. 동방1교,202103,4344
관악구,2184. 구암초등학교 버스정류장,202103,199
관악구,2185. 대학동 고시촌,202103,739
관악구,2186.우리은행 낙성대역지점,202103,474
관악구,2187.현대시장사거리(신한은행),202103,1017
관악구,2189.삼성서비스센터(관악점),202103,756
관악구,2190.도원맨션,202103,395
관악구,2191.대학동주민센터,202103,660
관악구,2195.은천교회,202103,520
관악구,2196.삼화페인트 봉천점,202103,435
관악구,2198.사랑의병원,202103,515
관악구,2199.신봉천주유소,202103,155
관악구,3306.서울신우초등학교,202103,99
관악구,3307.봉천고개 육교,202103,353
관악구,3310.영락고등학교,202103,369
관악구,3311.서울대입구역 4번 출구,202103,558
관악구,3802. 관악구민체육센터,202103,137
관악구,3803. 세븐일레븐 신림점,202103,303
관악구,3804. 낙성대공원,202103,132
관악구,3806. 낙성대 교수아파트,202103,176
관악구,3807. 관악우체국 교차로,202103,134
관악구,3810. 신봉천주유소,202103,63
광진구,3500. 군자역2번출구,202103,1822
광진구,3501. 광진구청 앞,202103,2090
광진구,3502. 중곡역 1번출구,202103,746
광진구,3503. 광진유진스웰,202103,178
광진구,3504. 원일교회,202103,1479
광진구,3505. 신양초교앞 교차로,202103,669
광진구,3506. 영동대교 북단,202103,1322
광진구,3507. 어린이회관,202103,759
광진구,3508. 화양사거리,202103,775
광진구,3509. 세종사이버대학교,202103,2018
광진구,3510. 중곡SK아파트앞,202103,585
광진구,3516. 구의아리수정수센터앞,202103,504
광진구,3517. 용마사거리,202103,1575
광진구,3518. 군자역 7번출구뒤,202103,2685
광진구,3520. 광진경찰서,202103,1824
광진구,3521. 현대홈타운 뒷길,202103,336
광진구,3523. 건국대학교 과학관(이과대) 앞,202103,618
광진구,3524. 세종대학교,202103,137
광진구,3528. 광진정보도서관,202103,986
광진구,3529. 어린이대공원정문,202103,689
광진구,3533. 건대입구역 사거리(롯데백화점),202103,4441
광진구,3534. 건대입구역 5번출구 뒤,202103,2518
광진구,3535. 중곡사거리(국민은행),202103,1753
광진구,3536. 중앙농협(자양동),202103,1889
광진구,3537. 아차산 휴먼시아 아파트 옆,202103,548
광진구,3541. 커먼그라운드,202103,2499
광진구,3542. 래미안 구의파크 스위트,202103,1476
광진구,3543. 세종대학교(학술정보원),202103,275
광진구,3563.구의7단지현대아파트,202103,144
광진구,3564.나루마당,202103,114
광진구,3566.우성4차아파트,202103,1459
광진구,3569.건대병원후문,202103,2583
광진구,3570.구의역 리버비스타 오피스텔,202103,1724
광진구,3571.화양 APT(횡단보도 옆),202103,2506
광진구,3573.광나루안전체험관,202103,908
광진구,3575.자양사거리 (LG 유플러스),202103,1648
광진구,3578.중곡동 파크웨이빌딩,202103,827
광진구,3579.광진 캠퍼스시티,202103,2252
광진구,3581.광진광장,202103,796
광진구,3582.화양동 우체국,202103,1131
광진구,3586.군자역 비채온 오피스텔,202103,1320
광진구,3587.우성식품 앞,202103,937
광진구,3588.세종대학교(영실관),202103,522
광진구,3853. 어린이대공원역 2번출구,202103,312
광진구,3860. 건국대학교 정문 앞,202103,639
광진구,3863. 동일로58길 입구,202103,328
광진구,3864. 광진소방서 앞,202103,416
광진구,3865. 이튼타워리버 2차,202103,768
광진구,3868. 자양한강도서관,202103,518
광진구,3873. 동서울우편집중국 앞,202103,479
광진구,3878. 장로회신학대학교 주기철 기념관,202103,30
광진구,500. 어린이대공원역 3번출구 앞,202103,1607
광진구,501. 광진구의회 앞,202103,1173
광진구,502. 뚝섬유원지역 1번출구 앞,202103,11585
광진구,505. 자양사거리 광진아크로텔 앞,202103,1999
광진구,515. 광양중학교 앞,202103,966
광진구,516. 광진메디칼 앞,202103,973
광진구,539. 군자교교차로,202103,1580
광진구,540. 군자역 7번출구 베스트샵 앞,202103,1502
광진구,542. 강변역 4번출구 뒤,202103,1540
광진구,543. 구의공원(테크노마트 앞),202103,1161
광진구,544. 광남중학교,202103,1115
광진구,546. 잠실대교북단 교차로,202103,1107
광진구,548. 자양나들목,202103,2055
광진구,549. 아차산역 3번출구,202103,2036
광진구,551. 구의삼성쉐르빌 앞,202103,1982
광진구,552. 대림아크로리버 앞,202103,529
광진구,553. 중곡 성원APT 앞,202103,1108
광진구,555. 구의3동주민센터,202103,419
광진구,571. 어린이대공원역6번출구,202103,752
광진구,572. 국립정신 건강센터 앞,202103,377
광진구,573. 구의문주차장 앞,202103,1359
광진구,574. 아차산역4번출구,202103,1767
광진구,575. 중앙농협 중곡지점,202103,250
광진구,576. 광나루역 3번 출구,202103,1581
광진구,577. 광진청소년수련관,202103,1338
광진구,584. 광진광장 교통섬,202103,1666
광진구,588. 뚝섬 유원지역,202103,1662
광진구,590. 건국대학교 (입학정보관),202103,1421
광진구,591. 건국대학교 (행정관),202103,364
광진구,592. 건국대학교 학생회관,202103,1340
광진구,593.자양중앙나들목,202103,1851
구로구,1901. 신도림동주민센터 앞,202103,1327
구로구,1904. 도림천역 1번 출구 앞,202103,1515
구로구,1906. 신도림역 1번 출구 앞,202103,4782
구로구,1907. 구일우성(아) 육교 밑,202103,748
구로구,1908. 해원리바파크 육교 밑,202103,1040
구로구,1910. 낙원교회 맞은편,202103,254
구로구,1911. 구로디지털단지역 앞,202103,4617
구로구,1912. 한신휴아파트 앞,202103,1257
구로구,1913. 구로리공원,202103,786
구로구,1914. 대림역4번출구,202103,1766
구로구,1916. 구로중학교앞,202103,411
구로구,1920. 서울미래초등학교 사거리,202103,853
구로구,1924. 삼부르네상스파크빌,202103,502
구로구,1925. 동양미래대학교 정문 옆,202103,3037
구로구,1928. 고척스카이돔구장 광장,202103,785
구로구,1929. 고척근린공원 고척도서관 앞,202103,754
구로구,1930. 개봉지구대 개봉치안센터,202103,827
구로구,1931. 개봉역(북측광장),202103,1286
구로구,1933. 개봉푸르지오아파트 상가,202103,976
구로구,1936. 개봉역 1번 출구 자전거보관서쪽,202103,598
구로구,1937. 한진아파트 입구,202103,867
구로구,1941. 오류동역 2번출구,202103,1139
구로구,1943. 온수역 북측,202103,403
구로구,1946. 구로역 광장,202103,1982
구로구,1951. 천왕이펜하우스 4단지 상가 앞,202103,147
구로구,1952. 천왕연지타운2단지 앞,202103,1216
구로구,1953. 천왕역 4번출구 뒤,202103,845
구로구,1955. 디지털입구 교차로,202103,2094
구로구,1956. 도야미리숯불갈비 앞,202103,1062
구로구,1957. 구일고등학교 정문,202103,1246
구로구,1958. 강서수도사업소민원센터,202103,956
구로구,1959. 구로구의회 앞,202103,864
구로구,1960. 화광신문사 앞,202103,1192
구로구,1961. 신도림테크노근린공원,202103,2987
구로구,1962. 가리봉동주민센터,202103,1017
구로구,1964. 원메디타운 앞,202103,843
구로구,1965. 삼환로즈빌아파트 105동 옆,202103,831
구로구,1966. 한마을아파트 정문상가,202103,974
구로구,1967. 참새공원(백곡경노당),202103,308
구로구,1968. 동인오피스텔 건너편 소공원,202103,375
구로구,1969. 궁동생태공원,202103,112
구로구,1971. 오정초교 앞 보도육교,202103,323
구로구,1973. 오리로와 서해안도로 교차로 앞,202103,423
구로구,1974. 신도림2차e편한세상아파트 203동 앞,202103,1010
구로구,1975. 대림역 1번 출입구 밑,202103,955
구로구,1976. 남구로역 5번 출입구 앞,202103,358
구로구,1977. 천왕역 1번 출입구 앞,202103,1204
구로구,1979. 구로1동우체국 앞,202103,157
구로구,1981. 천왕이펜하우스5단지 앞,202103,593
구로구,1983. 구로동롯데아파트,202103,1106
구로구,1984. 구로구청,202103,968
구로구,1985. 구로도서관,202103,2235
구로구,1986. 태평양물산빌딩,202103,1939
구로구,1987. 개봉아이파크아파트 앞,202103,1126
구로구,1988. 고척LIGA아파트 앞,202103,1609
구로구,1991. 오류동역 맞은편,202103,1406
구로구,1992. 구로구배드민턴실내체육관 앞,202103,248
구로구,1993. 금강수목원아파트 앞,202103,455
구로구,1994. 삼성전자 물류센터 앞,202103,845
구로구,1996. 구일역 1번 출입구 앞,202103,2167
구로구,1998. 고척교 교차로,202103,768
구로구,1999. 수궁동 성당 주변,202103,336
구로구,2000. 신도림4차 e편한세상 아파트 1109동 앞,202103,1267
구로구,2801. 대륭포스트타워1차,202103,1533
구로구,2804.항동지구 6단지 602동 앞,202103,322
구로구,2805.구로자원순환센터,202103,127
구로구,2806.항동지구 4단지 입구,202103,92
구로구,2807.항동지구 1단지 105동 앞,202103,265
구로구,2808.항동지구 2단지 202동 앞,202103,252
구로구,2809.항동지구 11단지 1103동 앞,202103,184
구로구,2810.항동지구 3단지 311동 앞,202103,128
구로구,2812.항동프라자,202103,188
구로구,2813.항동지구 3단지 302동 앞,202103,104
구로구,2814.항동지구 10단지 1001동 앞,202103,174
구로구,2815.항동지구 7단지 정문,202103,253
구로구,2816.항동지구 8단지 803동옆(주차장입구),202103,112
구로구,2817.천왕이펜하우스5단지 앞,202103,227
구로구,2818.천왕이펜하우스3단지 앞,202103,205
구로구,2819.하늘숲초등학교 앞,202103,458
구로구,2820.신세기아파트 앞,202103,587
구로구,2821.청구아파트 앞,202103,965
구로구,2822.제니스스포츠 앞,202103,305
구로구,2823.중앙유통단지 앞,202103,726
구로구,2824.미래사랑어린이공원 앞,202103,1678
구로구,2825.초롱타운 앞,202103,264
구로구,2826.가마산지하보도 옆,202103,313
구로구,3902. 항동지구5단지 501동 앞,202103,261
구로구,3903. 현대아파트 앞,202103,429
구로구,3904. 테크노마트 앞,202103,1253
구로구,3905. 희훈타워빌 앞,202103,981
구로구,3906. 천왕차량사업소 입구,202103,431
금천구,1804. 독산역 2번출구 자전거주차장,202103,1057
금천구,1805. 서울디지털운동장 앞,202103,618
금천구,1806. 에이스하이엔드타워9차 앞,202103,807
금천구,1808. 에이스하이엔드타워8차 앞,202103,776
금천구,1809. LG전자 별관동(호서대 벤처타워 맞은편),202103,506
금천구,1812. 갑을그레이트밸리 앞,202103,596
금천구,1814. 두산위브아파트 옆 상가건물 앞,202103,670
금천구,1816. 금천폭포공원 앞,202103,171
금천구,1819. 금천구청 앞 자전거거치대,202103,542
금천구,1820. 신한은행 시흥대로금융센터지점,202103,229
금천구,1821. 홈플러스 시흥점 맞은편 다비치안경 앞,202103,518
금천구,1822. 서울 시흥동우체국 앞,202103,735
금천구,1823. 상신정비공업 앞,202103,228
금천구,1824. 독산근린공원 입구,202103,1745
금천구,1825. 한신아파트 앞 육교 아래,202103,649
금천구,1826. 한신코아 앞,202103,443
금천구,1827. 독산보도육교 앞 자전거 보관소,202103,2422
금천구,1828. 한양수자인아파트 앞,202103,460
금천구,1829. 홈플러스 금천점 앞,202103,855
금천구,1830. 빅마켓 금천점 앞,202103,988
금천구,1831. 메이퀸웨딩컨벤션 앞,202103,454
금천구,1833. 독산역 1번출구 앞 자전거보관소,202103,895
금천구,1834. 월드메르디앙 벤처센터 2차,202103,1698
금천구,1835. STX V타워,202103,843
금천구,1836. 금천구립 독산도서관,202103,145
금천구,1839. 수출의 다리 아래,202103,445
금천구,1840. 솔브레인이엔지 뒤편,202103,732
금천구,1841. 가산동 주민센터,202103,827
금천구,1842. 한울중학교,202103,346
금천구,1843. 독산고등학교,202103,335
금천구,1845. 롯데캐슬골드파크1차 서문,202103,429
금천구,1846. 롯데캐슬골드파크1차 동문,202103,480
금천구,1847. 독산주공 14단지 버스정류소,202103,293
금천구,1848. 벽산 디지털밸리 5차,202103,769
금천구,1849. 대륭포스트타워5차,202103,299
금천구,1850. 코오롱테크노밸리,202103,187
금천구,1851. 가산디지털단지 7번출구,202103,1629
금천구,1852. 혜명양로원 담장 옆,202103,309
금천구,1853. 서울디자인직업전문학교 앞,202103,247
금천구,1854. 가산아네스트 오피스텔 앞,202103,505
금천구,1855. 성지아파트 옆 도로변,202103,143
금천구,1856. 모두의학교,202103,692
금천구,1857. 주공14단지,202103,231
금천구,1858. 석수역1번출구 앞 (SK주유소),202103,358
금천구,1859. 대륭테크노타운 18차,202103,652
금천구,1861.IBK기업은행 석수역 지점 앞,202103,152
금천구,1862.스타즈호텔독산 빌딩 앞,202103,533
금천구,1863.위너스 스포츠클럽 골프연습장옆,202103,190
금천구,1864.산호시티빌 옆,202103,155
금천구,1865.금천구청앞(M빌딩),202103,229
금천구,1866.서울안천초등학교 옆,202103,262
금천구,1867.대륭포스트타워6차 앞,202103,1740
금천구,1868.우리은행 시흥남자동화점 앞,202103,281
금천구,1869.롯데캐슬골드파크3차 301동 앞,202103,419
금천구,1870.독산3동주민센터 앞,202103,557
금천구,3956. 대륭테크노타운21차 앞,202103,235
금천구,3958. 롯데캐슬2차 마을버스 정류장(18804) 뒤편,202103,107
금천구,3959. 시흥사거리(시흥동 994-3 앞),202103,198
금천구,3963. 에이스 하드웨어(시흥대로 396) 앞,202103,173
금천구,3966. 독산역1번출구 옆,202103,256
노원구,1602. 광운대역 앞,202103,1186
노원구,1605. 헬스케어,202103,2166
노원구,1606. 태릉입구역 3번출구,202103,926
노원구,1608. 공릉역 1번 출구 앞,202103,3515
노원구,1610. 화랑대역 2번출구 앞,202103,2483
노원구,1611. 과기대 입구(우),202103,2712
노원구,1616. 하계2동 공항버스정류장 옆,202103,2442
노원구,1617. 하계동 중평어린이공원 앞,202103,2020
노원구,1619. 중계동 하나프라자빌딩 앞(중1-1),202103,1661
노원구,1620. 중계동 노원구민체육센터 옆(중1-2),202103,1292
노원구,1625. 상계역(4번출구),202103,2708
노원구,1627. 수락산역 4번출구,202103,717
노원구,1628. 노일초등학교 앞,202103,654
노원구,1630. 수연빌딩 앞,202103,757
노원구,1634. 당고개공원 대여소,202103,1158
노원구,1635. 상계3.4동 주민센터 대여소,202103,340
노원구,1636. 백병원 사거리 농협은행 앞,202103,2338
노원구,1637. KT 노원점 건물 앞,202103,2447
노원구,1639. 희성오피앙,202103,1134
노원구,1640. 한내근린공원 북측,202103,1278
노원구,1641. 한내근린공원 남측,202103,529
노원구,1642. 서울여대 남문,202103,736
노원구,1643. 태릉입구역 8번출구,202103,2085
노원구,1646. 삼육대 입구,202103,491
노원구,1650. 중계근린공원내,202103,2371
노원구,1651. 맥도날드 상계점 앞,202103,889
노원구,1652. 파르코 앞,202103,269
노원구,1653. 노원역1번출구,202103,2506
노원구,1654. 당고개입구 오거리,202103,781
노원구,1655. 공릉1단지아파트,202103,2458
노원구,1656. 중앙하이츠 아파트 입구,202103,1808
노원구,1657. 노원구청,202103,1178
노원구,1659. 중계동 을지중학교,202103,710
노원구,1660. 서울시립과학관,202103,447
노원구,1661. 당현천근린공원,202103,1205
노원구,1662. 노원역7번출구,202103,1417
노원구,1663. 동해문화예술관앞,202103,2190
노원구,1664. 노해근린공원내,202103,466
노원구,1665. 양지근린공원앞,202103,820
노원구,1666. 노원소방서인근,202103,1254
노원구,1667. 중계중학교,202103,1191
노원구,1668. 중계역 6번출구,202103,1837
노원구,1669. 중계역 3번출구,202103,1474
노원구,1670. 노원경찰서교차로,202103,1325
노원구,1671. 인덕대학교,202103,505
노원구,1672. 상계동수락리버시티,202103,508
노원구,1673. 노원역 5번출구,202103,2640
노원구,1674. 서울북부고용센터앞,202103,2039
노원구,1675. 월계문화체육센터,202103,222
노원구,1677. 육군사관학교 앞,202103,1214
노원구,1678. 성서대학교 밀알관,202103,309
노원구,1679. 삼육대 도서관,202103,263
노원구,1680. 삼육대 제3과학관,202103,77
노원구,1681. 현대6차 아파트,202103,936
노원구,1682. 중계종합사회복지관 교차로,202103,829
노원구,1683. 노원문화예술회관,202103,1205
노원구,1684. 태릉입구역 5번출구,202103,2352
노원구,1685. 불암고등학교 앞 횡단보도,202103,820
노원구,1686. 온수골사거리(스타벅스앞),202103,2268
노원구,1688. 마들역 7번출구,202103,1817
노원구,1689. 마들역 3번출구,202103,1175
노원구,1690. 도봉운전면허시험장,202103,1044
노원구,1691. 노원정보도서관,202103,873
노원구,1692. 온곡초교 교차로,202103,875
노원구,1693. 원자력 병원,202103,418
노원구,1695.월계미륭아파트 정문,202103,598
노원구,1696.수락리버시티4단지,202103,459
노원구,1697.상계주공2단지 219동,202103,821
노원구,1700.상계보람아파트 202동,202103,771
노원구,2901.공릉동풍림아파트 101동,202103,714
노원구,2902.공릉풍림아파트 108동,202103,897
노원구,2903.월계초안아파트 1단지,202103,608
노원구,2904.중계3차청구아파트,202103,1120
노원구,2905.중계주공6단지,202103,487
노원구,2907. 월계중학교,202103,733
노원구,2908. 광운대학교 중앙도서관,202103,1120
노원구,2909. 석계역 3번 출구,202103,1305
노원구,2910.도깨비시장,202103,1942
노원구,2911.상계역중앙시장,202103,1367
노원구,2912.대진고등학교,202103,1541
노원구,2913.상계8동 주민센터,202103,1426
노원구,2914.서울과학기술대학교(미래관),202103,389
노원구,2915.서울과학기술대학교(어학교육원),202103,1391
노원구,2917.신창중학교 후문 맞은편 버스정류장,202103,1001
노원구,2919.등나무 근린공원(시립북서울미술관 앞),202103,2394
노원구,2920.상계중학교(당현2교사거리),202103,810
노원구,2921.중계역 2번출구,202103,1501
노원구,4017. 월계 청백1단지 아파트 정류장,202103,59
도봉구,1702. 녹천역 1번출구 앞,202103,591
도봉구,1703. 도봉산광역환승센터앞,202103,297
도봉구,1705. 도봉구청 정문앞,202103,1080
도봉구,1706. 기업은행 앞,202103,550
도봉구,1707. 도봉구민회관,202103,954
도봉구,1708. 보건소사거리(다비치안경창동점),202103,1366
도봉구,1709. 쌍문역4번출구 주변,202103,824
도봉구,1713. 쌍문동 이안아파트 앞,202103,314
도봉구,1714. 도봉문화정보도서관 삼거리,202103,307
도봉구,1715. 서울특별시교육청도봉도서관,202103,808
도봉구,1716. 하나로마트 창동점,202103,1970
도봉구,1717. 시립창동운동장 입구,202103,272
도봉구,1719. 신도봉사거리 버스정류장,202103,518
도봉구,1720. 도봉구청 옆(중랑천변),202103,1891
도봉구,1721. 창동역 2번출구,202103,2404
도봉구,1722. 창동청소년수련관,202103,719
도봉구,1723. 방학동학마을도서관,202103,373
도봉구,1725. 창1동주민센터,202103,483
도봉구,1726. 삼익세라믹아파트교차로,202103,997
도봉구,1727. 서울도봉초등학교인근,202103,378
도봉구,1728. 서울북부지방법원,202103,322
도봉구,1729. 파리바게트앞,202103,728
도봉구,1730. 도봉산역 교차로 앞,202103,182
도봉구,1731. 도봉고등학교 맞은편,202103,285
도봉구,1732. 우리은행 앞,202103,419
도봉구,1733. 방학사거리 (봄마당 앞),202103,1252
도봉구,1734. 쌍문현대1차아파트 108동 앞,202103,735
도봉구,"1735. 도봉역 1,2번 출구사이 건너편",202103,657
도봉구,1736. 버스정류장 앞,202103,458
도봉구,1737. 하나은행 (창동점),202103,1718
도봉구,1738. 창동주공17단지 상가앞,202103,1533
도봉구,1741. 제일강산수산입구,202103,1904
도봉구,1742. 북한산 코오롱 하늘채,202103,1443
도봉구,1743.창동19단지아파트 관리사무소앞,202103,849
도봉구,1744.KT방학지사 앞,202103,821
도봉구,1746. 다이소방학점 앞,202103,470
도봉구,1748. 피자헛 앞(도봉병원 옆),202103,508
도봉구,1749. ESA아파트 상가 앞,202103,700
도봉구,1750. 창포원 남쪽 입구,202103,930
도봉구,1751. 창원초등학교 교차로,202103,443
도봉구,1752. 창동 주공 4단지 입구 옆,202103,612
도봉구,1754. 창동시장입구 사거리,202103,814
도봉구,1756.서울북부광역등기국,202103,239
도봉구,1757.솔밭공원역 1번출구 앞,202103,423
도봉구,1758.북서울교회 버스정류소 앞,202103,564
도봉구,1759.서울북부지방법원 앞,202103,495
도봉구,1761.방학중학교 앞,202103,397
도봉구,1762.북한산 한신휴플러스APT앞,202103,962
도봉구,1765.쌍문역 1번 출구(양산부인과 빌딩),202103,894
도봉구,1767.태양중앙교회 앞,202103,1078
도봉구,1768.신동아타워 버스정류소,202103,645
도봉구,1770.도봉한신아파트 주변,202103,550
도봉구,1771.성원APT버스정류소,202103,842
도봉구,1772.시립도봉노인복지관 버스정류소,202103,481
도봉구,1774.반석교회(쌍문동),202103,467
도봉구,1775.신원리베르텔 앞,202103,667
도봉구,4076. 진영상운 앞 중랑천 변,202103,1841
동대문구,4102. 휘경1동주민센터 앞,202103,821
동대문구,4103. 휘경sk뷰아파트 앞,202103,560
동대문구,4104. 외대앞역 교차로,202103,969
동대문구,4105. 하나은행 장안동지점앞,202103,595
동대문구,4107. 장안동근린공원 입구,202103,487
동대문구,4108. 답십리파크자이아파트 앞,202103,811
동대문구,4110. 용두롯데캐슬리치아파트 앞,202103,415
동대문구,4112. 신이문빗물펌프장 옆,202103,301
동대문구,4113. 한국국방연구원 앞,202103,915
동대문구,4114. 휘경여중고삼거리,202103,926
동대문구,4116. 이문e편한세상아파트 앞,202103,362
동대문구,4117. 휘경119안전센터 앞,202103,761
동대문구,4121. 서울문화재단 앞,202103,911
동대문구,4122. 청계9가교차로 앞,202103,986
동대문구,4123. 배봉초교 교차로,202103,690
동대문구,600. 휘경2동 주민센터,202103,222
동대문구,601. 용신동주민센터,202103,716
동대문구,602. 장안동 사거리,202103,2740
동대문구,604. 답십리초등학교 옆 공원,202103,561
동대문구,605. 신설동역8번출구,202103,1162
동대문구,606. 휘경공고앞,202103,605
동대문구,607. 신이문역 2번출구,202103,573
동대문구,608. 전농삼성아파트,202103,240
동대문구,609. 제기2교,202103,1679
동대문구,610. 동대문중 교차로,202103,692
동대문구,612. 시립동부병원 앞 사거리,202103,1691
동대문구,613. 신설동역 10번출구 앞,202103,1736
동대문구,614. 용두동 사거리,202103,1582
동대문구,615. 용두동 래미안허브리츠아파트 앞,202103,1245
동대문구,616. 서울시립대 앞,202103,162
동대문구,617. 청솔우성아파트 앞,202103,958
동대문구,621. 동대문중학교 옆,202103,369
동대문구,622. 전농사거리 교통섬,202103,838
동대문구,623. 서울시립대 정문 앞,202103,1438
동대문구,624. 전농동 동아아파트 앞,202103,1174
동대문구,625. 답십리초등학교 앞(현대시장 옆),202103,946
동대문구,626. 군자교 서측 녹지대,202103,1523
동대문구,627. 장안동삼거리 교통섬,202103,1235
동대문구,628. 휘봉고등학교 앞,202103,535
동대문구,630. 동대문구 보건소,202103,1744
동대문구,631. 답십리역 1번출구,202103,2349
동대문구,633. 청량리 기업은행 앞,202103,1048
동대문구,634. 외국어대 정문 앞,202103,2590
동대문구,635. 시조사 앞 (청량고정문 옆),202103,1321
동대문구,636. 세종대왕기념관 교차로,202103,456
동대문구,637. KAIST 경영대학 앞,202103,909
동대문구,638. 서울시립대 정보기술관,202103,427
동대문구,639. 서울시립대 후문,202103,510
동대문구,640. KEB하나은행 청량리역지점,202103,689
동대문구,641. 용두역 4번출구,202103,2067
동대문구,642. 신답역 사거리,202103,1067
동대문구,643. 동대문구민체육센터 (육교아래),202103,1759
동대문구,646. 장한평역 1번출구 (국민은행앞),202103,3502
동대문구,647. 신이문역 1번출구,202103,577
동대문구,648. 장안동위더스빌옆,202103,2207
동대문구,650. 중랑교사거리,202103,1452
동대문구,652. 답십리 래미안엘파인아파트 입구,202103,570
동대문구,654. 전농동 텃골공원,202103,565
동대문구,656. 영휘원 교차로,202103,599
동대문구,657. 동대문롯데캐슬아파트 앞,202103,1117
동대문구,658. 촬영소 사거리,202103,1014
동대문구,659. 제기역1번출구,202103,1396
동대문구,660. 동의보감타워,202103,1335
동대문구,661. 경희대학교 청운관,202103,1090
동대문구,663. 외대앞역 4번출구,202103,1087
동대문구,664. 서울시립대 건설공학관,202103,400
동대문구,665.이문동 쌍용아파트 정문,202103,641
동대문구,666.이문대성유니드아파트 앞,202103,540
동대문구,667.청량차도 육교 밑,202103,341
동대문구,668.서울축산농협(장안지점),202103,2152
동대문구,669.청계한신휴플러스앞 삼거리,202103,879
동대문구,670.삼육서울병원 버스정류장,202103,2618
동대문구,671.대광빌딩,202103,371
동대문구,672.대광고등학교,202103,636
동대문구,673.안암골벽산아파트(후문),202103,795
동대문구,674.고대앞사거리 교통섬,202103,1310
동대문구,675.성복교회 앞 (장평교 아래),202103,1260
동대문구,676.FITI시험연구원 앞,202103,613
동대문구,677.청량리역 4번 5번출구 사이,202103,1507
동대문구,678.장안힐스테이트(아) 앞,202103,1323
동대문구,679.전농SK아파트 앞,202103,299
동대문구,680.꿈마루어린이도서관 앞,202103,1602
동대문구,681.서울특별시 동부교육지원청(육교),202103,264
동작구,2002. 노들역 1번출구,202103,2417
동작구,2003. 사육신공원앞,202103,1225
동작구,2007. 유한양행앞,202103,1103
동작구,2008. 노량진근린공원 대방공원,202103,489
동작구,2009. 보라매역 8번출구,202103,710
동작구,2012. 녹십초요양병원앞,202103,716
동작구,2013. 장승배기역 5번출구,202103,1600
동작구,2015. 신대방삼거리역 6번출구쪽,202103,1952
동작구,2016. 신대방삼거리역 3번출구쪽,202103,1381
동작구,2020. 장승배기역2번출구뒷편쪽,202103,738
동작구,2024. 상도역 1번출구,202103,635
동작구,2025. 흑석역 1번출구,202103,2800
동작구,2026. 흑석역 4번출구,202103,573
동작구,2027. 중앙대학교 정문 1,202103,553
동작구,2032. 이수역 11번출구쪽,202103,1286
동작구,2033. 사당동 아르테스 웨딩앞,202103,788
동작구,2034. 사당역 7번출구쪽,202103,836
동작구,2036. 정금마을 마을버스정류장,202103,585
동작구,2037. 동작역 5번출구 동작주차공원,202103,917
동작구,2038. 동작역 7번출구,202103,249
동작구,2040. 비계 버스정류소,202103,233
동작구,2041. 사당중학교 버스정류소,202103,306
동작구,2048. 삼일초등학교 인근,202103,514
동작구,2050. 노량진역 5번출구,202103,2554
동작구,2054. 삼익아파트,202103,963
동작구,2056. 동작구민 체육센터,202103,898
동작구,2057. 상도 아이파크 아파트,202103,462
동작구,2058. 노량진동 맥도널드앞,202103,1655
동작구,2059. 보라매공원 정문,202103,1541
동작구,2060. 남성역3번출구 뒤,202103,1182
동작구,2061. 한강 현대아파트 건너편,202103,166
동작구,2062. 사당새마을금고,202103,402
동작구,2063. 대방역 4번출구,202103,1027
동작구,2064. 흑석한강푸르지오 106동앞,202103,235
동작구,2065. 서울시여성가족재단,202103,364
동작구,2066. 양문교회 앞,202103,1359
동작구,2067. LG전자 베스트? 대리점 앞,202103,949
동작구,2068. 총신대 앞(육교),202103,95
동작구,2069. 숭실대 입구역3번 출구 앞,202103,605
동작구,2070. 노량진역 2번 출구 앞,202103,1312
동작구,2071. 대림아파트 후문 상가 옆,202103,323
동작구,2076.노들나루공원 입구,202103,2183
동작구,2077.노들역 3번출구,202103,949
동작구,2078.흑석 아크로리버하임(103동),202103,299
동작구,2079.중앙대학교 중앙광장,202103,139
동작구,2080.빕스 대방점 앞,202103,1421
동작구,2081.대방1차 e편한세상 앞,202103,754
동작구,2082.7호선 이수역7번출구,202103,551
동작구,2083.흑석롯데캐슬에듀포레(107동),202103,401
동작구,2084.e편한세상 상도노빌리티 앞,202103,758
동작구,2085.강남중학교 앞,202103,753
동작구,2086.삼일수영장 앞,202103,588
동작구,2088.상도중앙하이츠빌 입구,202103,356
동작구,2089.사당역10번출구(금강빌딩),202103,617
동작구,2090.기아자동차 사당점 앞,202103,677
동작구,2091.이수역9번출구(맥도날드),202103,649
동작구,2092.흑석한강푸르지오(110동),202103,220
동작구,2093.상도SH빌아파트 입구,202103,162
동작구,2094.숭실대학교(중문),202103,111
동작구,2095.경문고등학교 앞,202103,559
동작구,2096.서울특별시 동작관악교육지원청,202103,122
동작구,237. 보라매 두산위브 건너편,202103,1366
동작구,4152. 상도효성해링턴플레이스,202103,129
동작구,4153. 흑석동효사정앞,202103,129
동작구,4158. 노량진근린공원,202103,34
동작구,4162. 노량진1동 청소년독서실,202103,95
동작구,4167. 구로교 아래,202103,162
동작구,4169. 신대방삼거리,202103,242
마포구,101. (구)합정동 주민센터,202103,60
마포구,102. 망원역 1번출구 앞,202103,2861
마포구,103. 망원역 2번출구 앞,202103,2228
마포구,104. 합정역 1번출구 앞,202103,1240
마포구,105. 합정역 5번출구 앞,202103,1070
마포구,106. 합정역 7번출구 앞,202103,3316
마포구,107. 신한은행 서교동금융센터점 앞,202103,1515
마포구,108. 서교동 사거리,202103,1427
마포구,109. 제일빌딩 앞,202103,1159
마포구,111. 상수역 2번출구 앞,202103,1433
마포구,112. 극동방송국 앞,202103,975
마포구,114. 홍대입구역 8번출구 앞,202103,3496
마포구,118. 광흥창역 2번출구 앞,202103,958
마포구,119. 서강나루 공원,202103,1408
마포구,120. 신수동 사거리,202103,409
마포구,121. 마포소방서 앞,202103,846
마포구,122. 신성기사식당 앞,202103,908
마포구,124. 서강대 정문 건너편,202103,1268
마포구,125. 서강대 남문 옆,202103,581
마포구,126. 서강대 후문 옆,202103,1566
마포구,127. 현대벤처빌 앞,202103,401
마포구,129. 신촌역(2호선) 6번출구 옆,202103,817
마포구,130. 신촌역(2호선) 7번출구 앞,202103,1746
마포구,136. 대흥동 주민센터,202103,7
마포구,142. 아현역 4번출구 앞,202103,484
마포구,143. 공덕역 2번출구,202103,1200
마포구,144. 공덕역 8번출구,202103,2962
마포구,145. 공덕역 5번출구,202103,878
마포구,146. 마포역 2번출구 뒤,202103,2293
마포구,147. 마포역 4번출구 뒤,202103,2510
마포구,148. 용강동 주민센터 앞,202103,1490
마포구,150. 서강대역 2번출구 앞,202103,940
마포구,152. 마포구민체육센터 앞,202103,6220
마포구,153. 성산2교 사거리,202103,1582
마포구,154. 마포구청역,202103,2183
마포구,155. 가좌역1 번출구 뒤,202103,649
마포구,156. 서울서부지방법원 앞,202103,823
마포구,157. 애오개역 4번출구 앞,202103,1399
마포구,181. 망원초록길 입구,202103,592
마포구,182. 망원2빗물펌프장 앞,202103,2746
마포구,183. 하늘채코오롱아파트 건너편,202103,2197
마포구,184. SK망원동주유소 건너편,202103,2134
마포구,185. 마포 신수공원 앞,202103,1007
마포구,186. 월드컵공원,202103,2525
마포구,199. 서울 월드컵 경기장,202103,726
마포구,3002.벽산상암스마트큐브,202103,2270
마포구,3003.래미안신공덕3차아파트,202103,73
마포구,3005.마포구청 청사내,202103,416
마포구,3006. 상암월드컵파크5단지(상암중학교),202103,337
마포구,3007.MBC 앞,202103,910
마포구,3008.DMC역7번출구,202103,823
마포구,3009.서교동사거리(신),202103,1372
마포구,3010.홍대입구역 3번출구,202103,3883
마포구,3011.경의선(노고산동),202103,1250
마포구,400. 상암한화오벨리스크 1차 앞,202103,906
마포구,401. 상암월드컵파크 10단지 앞,202103,770
마포구,402. 상암월드컵파크 9단지 앞,202103,637
마포구,403. 부엉이공원 앞,202103,692
마포구,405. DMC빌 앞,202103,459
마포구,406. 상암월드컵파크 7단지 앞,202103,576
마포구,407. 마포구 육아종합지원센터,202103,737
마포구,408. LG CNS앞,202103,835
마포구,409. 누리꿈스퀘어 옆,202103,1903
마포구,410. 상암중학교 옆,202103,322
마포구,411. DMC홍보관,202103,1108
마포구,412. DMC산학협력연구센터 앞,202103,1225
마포구,413. 상암월드컵파크 3단지 후문,202103,646
마포구,414. 상암동주민센터 옆,202103,1414
마포구,415. DMC역 9번출구 앞,202103,2316
마포구,416. 상암월드컵파크 1단지 교차로,202103,842
마포구,417. DMC역 2번출구 옆,202103,1686
마포구,418. 월드컵경기장역 3번출구 옆,202103,2476
마포구,419. 홈플러스 앞,202103,2319
마포구,420. 서울시 공공자전거 상암센터,202103,928
마포구,4202. 프런트원(공덕역4번출구 앞),202103,587
마포구,4205. 디지털미디어씨티역2번출구,202103,106
마포구,4206. 광흥창역5번출구,202103,658
마포구,4207. 아만티호텔 앞,202103,321
마포구,4208. 스타벅스(동교동) 앞,202103,673
마포구,421. 마포구청 앞,202103,1595
마포구,4210. 가좌행복주택 앞,202103,749
마포구,4211. 시석빌딩 앞,202103,649
마포구,4212. 한화오벨리스크 앞,202103,627
마포구,4213. 마포구중앙도서관 정문 앞,202103,1281
마포구,4214. JTBC 앞,202103,689
마포구,422. 문화비축기지,202103,298
마포구,424. 롯데하이마트 (상암월드컵점),202103,543
마포구,425. DMC첨단산업센터,202103,678
마포구,426. 서울신용보증재단,202103,1192
마포구,427. 성산시영아파트,202103,873
마포구,432. 마포중앙도서관,202103,248
마포구,436. 이대역 5번출구,202103,448
마포구,437. 대흥역 1번출구,202103,1022
마포구,438. 성산2-1 공영주차장,202103,1249
마포구,439. 마포어린이공원,202103,2007
마포구,440. 하늘공원 입구,202103,763
마포구,487.신석초교앞 교차로 교통섬,202103,1191
마포구,488.푸르메병원,202103,162
마포구,489.구룡근린공원,202103,321
마포구,490.가온문화공원,202103,911
마포구,491.월드컵파크 4단지,202103,343
마포구,492.성산시영아파트 후문,202103,919
마포구,493.홍대입구역 6번출구,202103,1578
마포구,494.신수동주민센터,202103,308
마포구,495.염리초등학교 앞,202103,792
마포구,497.합정동주민센터 앞,202103,1854
마포구,498.연남동주민센터 앞,202103,1788
서대문구,115. 마스타 빌딩 앞,202103,861
서대문구,116. 일진아이윌아파트 옆,202103,1352
서대문구,117. 홍은사거리,202103,3062
서대문구,123. 문화촌 공원,202103,1824
서대문구,128. 신촌역(2호선) 1번출구 옆,202103,1223
서대문구,131. 증산2교,202103,2326
서대문구,133. 해담는다리,202103,1941
서대문구,134. 연세로 명물길,202103,891
서대문구,135. 명물길 원형무대 앞,202103,604
서대문구,137. NH농협 신촌지점 앞,202103,466
서대문구,138. 신촌동 제1공영주차장 앞,202103,557
서대문구,139. 연세대 정문 건너편,202103,460
서대문구,140. 이화여대 후문,202103,631
서대문구,141. 연대 대운동장 옆,202103,576
서대문구,158. 독립문 어린이 공원,202103,425
서대문구,159. 이대역 4번 출구,202103,350
서대문구,160. 북아현동 가구거리,202103,545
서대문구,161. 무악재역1번 출구,202103,338
서대문구,162. 봉원고가차도 밑,202103,617
서대문구,163. 명지전문대학교 정문 앞,202103,395
서대문구,164. 북가좌1동 주민센터,202103,491
서대문구,165. 중앙근린공원,202103,1316
서대문구,166. 가재울 초등학교,202103,1169
서대문구,167. 연가초등학교 옆,202103,451
서대문구,169. 북가좌 삼거리,202103,362
서대문구,170. 가재울 뉴타운 주유소 옆,202103,867
서대문구,171. 임광빌딩 앞,202103,541
서대문구,173. 서대문역 8번출구 앞,202103,604
서대문구,175. 홍연2교옆,202103,2173
서대문구,176. 명지대학교 도서관,202103,1542
서대문구,177. 북가좌 초등학교,202103,568
서대문구,178. 증산3교 앞,202103,1120
서대문구,179. 가좌역 4번출구 앞,202103,1224
서대문구,180. 충정로역 7번출구 아래,202103,766
서대문구,188. 홍은동 정원여중 입구,202103,786
서대문구,191. 서우빌딩(바른학원),202103,795
서대문구,192. 연서어린이공원,202103,415
서대문구,194. 증산교 앞,202103,1766
서대문구,195. 모래내고가차도,202103,764
서대문구,196. 연희교차로 인근,202103,380
서대문구,198. 충정2교,202103,668
서대문구,3100. 북성초교,202103,286
서대문구,3101. 서대문구청,202103,894
서대문구,3102. 연희삼거리,202103,830
서대문구,3103. 홍제삼거리 북측,202103,741
서대문구,3104. e편한세상 신촌4단지 앞,202103,607
서대문구,3105. 홍은센트레빌 아파트 앞,202103,281
서대문구,3106. 홍남교 두바퀴쉼터,202103,1610
서대문구,3107. 연희초등학교 앞,202103,481
서대문구,3109.북한산더? 106동 앞,202103,289
서대문구,3110.홍은 현대아이파크 아파트 202동 앞,202103,671
서대문구,3111.무악재역 4번 출구,202103,250
서대문구,3113.독립문역사거리,202103,483
서대문구,3114.충정로역 3번 출구,202103,278
서대문구,3115.북아현 치안센터 인근,202103,746
서대문구,3116.신촌역 4번출구,202103,586
서대문구,3117.이화여대 인문관 인근,202103,278
서대문구,3119.연희 브라운스톤 아파트 앞,202103,1199
서대문구,3120.DMC엘가아파트 앞,202103,726
서대문구,3121.가좌삼거리,202103,770
서대문구,3122.북가좌삼거리2,202103,605
서대문구,3123.DMC파크뷰자이1단지 110동 앞,202103,581
서대문구,3124.DMC센트럴아이파크아파트,202103,1220
서대문구,3125.연희파크푸르지오아파트 앞,202103,516
서대문구,3126.남가좌동 제2공영주차장,202103,163
서대문구,3127.홍은2파출소 옆,202103,480
서대문구,3128.동신병원 맞은편,202103,885
서대문구,3129.DMC래미안e편한세상203동옆,202103,597
서대문구,3130.가재울사거리,202103,851
서대문구,3131.연가교 교차로,202103,773
서대문구,3132.홍제교,202103,374
서대문구,3133.핀란드 타워앞,202103,278
서대문구,3134.SK리쳄블(상수도사업본부),202103,270
서대문구,4253. 홍은도담도서관,202103,286
서초구,2201. 본마을 정류소 앞,202103,89
서초구,2202.청계산입구역 1번출구,202103,916
서초구,2203. 청계산입구역 2번출구,202103,204
서초구,2205. 내곡3단지 어린이공원 앞,202103,492
서초구,2206. 언남초등학교 앞,202103,767
서초구,2207. 내곡파출소 뒤 정자,202103,181
서초구,2210. 반포1동 주민센터 앞,202103,300
서초구,2211. 서초구립반포도서관 앞,202103,820
서초구,2212.서초현대4차아파트 201동 맞은편,202103,504
서초구,2213. 고속터미널역 5번출구 앞,202103,1125
서초구,2214. 신반포역 2번출구 앞,202103,543
서초구,2215. 반포종합운동장 입구,202103,602
서초구,2217.아크로리버뷰 부지 앞,202103,1903
서초구,"2219. 고속터미널역 8-1번, 8-2번 출구 사이",202103,4141
서초구,2220. 반포본동 주민센터 앞,202103,2696
서초구,2221.하나은행 방배동지점 앞,202103,1178
서초구,2222.사당역 12번출구 뒤,202103,1395
서초구,2223. 방배래미안 정문 앞,202103,412
서초구,2225.백석예술대학교 제3캠퍼스 앞,202103,167
서초구,2226. 신동아럭스빌아파트 앞,202103,174
서초구,2227.방배열린문화센터 앞,202103,539
서초구,2228.뒷벌공원 옆,202103,1151
서초구,2229.로고스교회 맞은 편,202103,285
서초구,2230.이수역 4번 출구,202103,1409
서초구,2231. 삼성타운(삼성생명) A동 맞은편,202103,1216
서초구,2233. 서초신동아1차아파트 옆,202103,402
서초구,2235.KT 서초지사 앞,202103,492
서초구,2237.서울남부터미널 대합실 입구,202103,760
서초구,2239.교대역 6번출구,202103,602
서초구,2241.양재전화국 사거리,202103,303
서초구,2242.양재역 11번 출구 앞,202103,956
서초구,2243.서울가정법원,202103,589
서초구,2244.교육개발원입구 교차로,202103,925
서초구,2245.양재초등학교 맞은편,202103,609
서초구,2246. 서울시 품질시험소 앞,202103,585
서초구,2247.섬들근린공원,202103,1200
서초구,2248. 서초리슈빌S 글로벌 앞,202103,172
서초구,2249. 우솔초등학교 맞은편,202103,274
서초구,2250. 서초유치원 맞은편,202103,614
서초구,2251. 더케이호텔 입구(양재2),202103,845
서초구,2252. 하이브랜드 앞,202103,1375
서초구,2255.시민의숲역 1번출구 옆,202103,1711
서초구,2256.양재동 꽃시장 입구,202103,397
서초구,2257. 하나로클럽 양재점 맞은편,202103,204
서초구,2258.구룡사 삼거리,202103,224
서초구,2259. 잠원역 3번-4번 출구사이,202103,712
서초구,2262. 한신16차아파트 119동 앞,202103,3696
서초구,2263. 바우뫼문화복지회관,202103,581
서초구,2264. 이수역 1번출구,202103,2095
서초구,2265. 이수고가차도 남단,202103,1344
서초구,2266. 서초역 3번출구,202103,714
서초구,2268. 서초4동주민센터,202103,505
서초구,2269. 주홍교 하부,202103,208
서초구,2270. 서초포레스타 7단지,202103,306
서초구,2271. 내방역 8번출구 앞,202103,649
서초구,2272. 교대입구 교차로,202103,331
서초구,2273. 일동제약 사거리,202103,744
서초구,2274. 양재시민의숲역 3번출구,202103,929
서초구,2275. 염곡치안센터 건너편,202103,174
서초구,2276. 영동1교 (양재천근린공원),202103,878
서초구,2277. 길마중4교 하부,202103,843
서초구,2279. 교대역 5번출구뒤,202103,1084
서초구,2280. 서울서초고용센터앞,202103,462
서초구,2281. 연세사랑병원신관앞,202103,392
서초구,2282. 방배래미안아트힐 101동앞,202103,206
서초구,2283. 그룹한빌딩옆,202103,194
서초구,2284. CJ오쇼핑앞,202103,180
서초구,2285. LH서초3단지 301동 맞은편,202103,396
서초구,2286. 탑성마을입구,202103,39
서초구,2287. 능안마을입구,202103,36
서초구,2288. 안골마을입구,202103,39
서초구,2289. 남태령역 2번출구,202103,116
서초구,2292. 무지개아파트 앞,202103,28
서초구,2293. SPC 앞,202103,512
서초구,2294. 두상빌딩 앞,202103,1070
서초구,2297. 남부터미널역 1번출구,202103,648
서초구,2298. 래미안서초스위트앞,202103,411
서초구,2299. 한전아트센터 앞,202103,577
서초구,2501. 서초 포레스타5단지,202103,474
서초구,2502. 서초역1번출구 앞,202103,420
서초구,2503. 반포1동 서초빌딩 앞,202103,623
서초구,2504. 신사역 4번출구 뒤,202103,752
서초구,2505. 우성아파트사거리 (기업은행앞),202103,1090
서초구,2506. LG유플러스 (방배사옥),202103,175
서초구,2508. 양재이스타빌 앞,202103,843
서초구,2509. KT반포지사,202103,309
서초구,2510. JW타워,202103,188
서초구,2511. 이수역 6번출구 앞,202103,783
서초구,2514.사평역 2번출구,202103,260
서초구,2515.서초초등학교 후문,202103,604
서초구,2516.본마을 노인복지센터 앞,202103,250
서초구,2517.서초3교(효령로69길 방면),202103,82
서초구,2518.서초3교(효령로70길 방면),202103,349
서초구,2519.서초2교(사임당로 방면),202103,162
서초구,2520.서초1교 (진흥아파트 방면),202103,335
서초구,2521.서초 크로바타워 앞,202103,402
서초구,2523.뉴코아 킴스클럽 앞,202103,746
서초구,2524.반포쇼핑타운 8동 앞,202103,698
서초구,2525.반포쇼핑타운 2동 앞,202103,1975
서초구,2526.반포경남쇼핑 앞,202103,383
서초구,2527.반포중학교 앞(세화여고 맞은편),202103,357
서초구,2528.함지박 사거리,202103,572
서초구,2529.우리은행 방배동지점 앞,202103,608
서초구,2530.삼호3차아파트 앞,202103,841
서초구,2531.멤피스아파트 앞,202103,843
서초구,2532.국립국악원 앞,202103,173
서초구,2533.한가람미술관 앞,202103,237
서초구,2534.신흥교(애견훈련소),202103,24
서초구,2535.신반포역 3번출구 뒤,202103,250
서초구,2536.서초종합체육관 입구,202103,22
서초구,2537.양재역 8번출구 앞,202103,517
서초구,2538.사평리 공원,202103,856
서초구,2539.대한무역투자진흥공사 KOTRA 앞,202103,167
서초구,2540.반포천 앞,202103,1031
서초구,2541.옛골 입구,202103,79
서초구,2542.신논현타워 앞,202103,675
서초구,2545.국립중앙도서관(국제회의장옆),202103,199
서초구,2547.포드서초서비스센터앞,202103,1
서초구,2548.반포1동 자율방범초소 옆,202103,219
서초구,2549.LH 서초 4단지 403동,202103,438
서초구,2550.양재동 꽃시장 건너편,202103,494
서초구,4303. 매헌역 2번출구앞광역버스 정류장앞(22-297),202103,163
서초구,4305. 서일스포츠센터,202103,49
서초구,4306. 서래공원 앞,202103,170
서초구,4307. 고투몰 gate 15옆,202103,107
서초구,4308. 신반포상가 입구(아크로리버파크입구 건너편),202103,462
서초구,4312. 반포미도2차아파트 옆,202103,99
서초구,4313. 반포종합운동장,202103,210
서초구,4315. 이투스교육 앞,202103,76
서초구,4316. 고속터미널역 3번출구,202103,149
서초구,4317. 양재근린공원,202103,167
서초구,4319. 삼성전자R&D어린이집 뒤,202103,149
서초구,4320. 신영체르니 아파트,202103,190
성동구,3511. 응봉역 1번출구,202103,3811
성동구,3513. 상왕십리역 1번출구,202103,1311
성동구,3514. 왕십리교회옆,202103,1817
성동구,3515. 서울숲 관리사무소,202103,2769
성동구,3525. 금호스포츠센터앞,202103,878
성동구,3527. 왕십리 자이아파트,202103,37
성동구,3530. 왕십리자이아파트 후문(삼거리),202103,257
성동구,3531. 논골사거리(금호도서관 입구),202103,202
성동구,3532. 왕십리KCC스위첸아파트,202103,202
성동구,3538. 서울숲 IT캐슬,202103,836
성동구,3544.한양대역 3번 출구,202103,1514
성동구,3545.한양대역 1번출구,202103,660
성동구,3547.상왕십리역 6번 출입구,202103,340
성동구,3548.뚝섬역 6번출구,202103,1257
성동구,3549.건영아파트 앞,202103,1094
성동구,3550.금호나들목,202103,1045
성동구,3551.성동도로사업소,202103,297
성동구,3552.서울숲 공영주차장앞,202103,1544
성동구,3553.마장역3번출구,202103,406
성동구,3555.양지사거리(센트라스APT 115동앞),202103,224
성동구,3556.신금호파크자이APT앞,202103,241
성동구,3557.서울숲리버뷰자이APT105동 앞,202103,459
성동구,3558.마장동 금호어울림APT앞,202103,381
성동구,3559.성동구민종합체육센터 앞,202103,1654
성동구,3560.성동구 견인차량 보관소 앞,202103,931
성동구,3561.행당동 삼부APT후문,202103,269
성동구,3600.사근빗물펌프장 건너편,202103,2625
성동구,4353. 코오롱디지털타워 3차앞,202103,1365
성동구,4360. 르노삼성자동차 성수사업소 앞,202103,365
성동구,4362. 행당중학교 후문,202103,694
성동구,506. 금호 어울림 아파트 앞,202103,516
성동구,507. 성수아이에스비즈타워 앞,202103,1188
성동구,508. 성수아카데미타워 앞,202103,1517
성동구,509. 이마트 버스정류소 옆,202103,3263
성동구,510. 서울숲 남문 버스정류소 옆,202103,1142
성동구,511. 서울숲역 4번 출구 옆,202103,1437
성동구,512. 뚝섬역 1번 출구 옆,202103,2547
성동구,513. 뚝섬역 5번 출구 정류소 옆,202103,1439
성동구,514. 성수사거리 버스정류장 앞,202103,1714
성동구,518. 청계천 박물관 앞,202103,660
성동구,519. 양지사거리,202103,790
성동구,520. 상왕십리역 4번 출구 앞,202103,568
성동구,521. 왕십리역 11번 출구 앞,202103,1522
성동구,522. 금호역 1번출구 앞,202103,275
성동구,523. 옥수동성당 옆,202103,145
성동구,524. 래미안금호하이리버 아파트 102동 옆,202103,458
성동구,525. 한양대병원사거리,202103,1527
성동구,526. 용답토속공원 앞,202103,535
성동구,529. 장한평역 8번 출구 앞,202103,1392
성동구,530. 청계벽산아파트 앞,202103,1204
성동구,533. 우리은행 금호동 지점 앞,202103,392
성동구,534. 금호사거리,202103,252
성동구,535. 응봉삼거리,202103,403
성동구,536. 행당역 2번출구 앞,202103,756
성동구,537. 한양대후문역 부근,202103,1362
성동구,538. 답십리역 8번출구 앞,202103,822
성동구,550. 서울시설공단 앞,202103,964
성동구,556. 달맞이공원,202103,119
성동구,557. 도선동 주민센터 앞,202103,1057
성동구,558. 성동광진 교육지원청 앞,202103,1283
성동구,559. 왕십리역 4번 출구 건너편,202103,1775
성동구,560. 비전교회 앞,202103,1484
성동구,561. 서울숲역 2번출구 앞,202103,1467
성동구,562. 군자지하보도 앞,202103,639
성동구,563. 성동세무서 건너편,202103,1794
성동구,564. 금호역 3번출구,202103,67
성동구,565. 옥수역 3번출구,202103,4994
성동구,567. 성수역 2번출구 앞,202103,2622
성동구,568. 청계8가사거리 부근,202103,2591
성동구,569. 응봉현대아파트 정류소,202103,202
성동구,578. 성동세무서 부근,202103,1367
성동구,579. 마장역 4번출구,202103,775
성동구,581. 용답초등학교,202103,1145
성동구,582. 경일중학교 앞,202103,1446
성동구,583. 청계천 생태교실 앞,202103,4481
성동구,585. 성수2가1동 공영주차장 인근,202103,2665
성동구,586. 마장동 주민센터,202103,533
성동구,587. 유니베라 앞,202103,1467
성동구,589. 성수역3번출구,202103,3304
성동구,594. 중랑물재생센터(서울새활용플라자),202103,467
성동구,9980. 에이텍,202103,5
성북구,1302. 한성대입구역6번출구 뒤,202103,578
성북구,1303. 돈암초교 입구,202103,723
성북구,1304. 만해공원,202103,274
성북구,1305. 성북구청,202103,883
성북구,1306. 한성대입구역2번출구,202103,1537
성북구,1308. 안암로터리 버스정류장 앞,202103,3831
성북구,1314. 정릉꿈에그린1단지 201동 앞,202103,352
성북구,1315. 고려사대부속중고 정문,202103,422
성북구,1316. 고려사대부속중고 건너편,202103,441
성북구,1318. 길음역 3번출구 뒤,202103,1058
성북구,1319. 종암사거리 분수대,202103,1159
성북구,1320. LG베스트샵 종암점,202103,1873
성북구,1321. 국민은행 종암동지점 앞,202103,1955
성북구,1322. 래미안라센트아파트 103동 앞,202103,914
성북구,1323. 월곡역 입구 육교 밑,202103,341
성북구,1325. 상월곡역 4번출구,202103,634
성북구,1326. 상월곡역 1번출구,202103,785
성북구,1327. 상월곡역 3번출구,202103,1104
성북구,1328. 월곡역 3번출구,202103,1839
성북구,1332. 석계역 5번출구 건너편,202103,2464
성북구,1333. 석관초등학교 앞,202103,1396
성북구,1334. 석관동주민센터 앞,202103,1063
성북구,1336. 성북3교 위,202103,1358
성북구,1337. 돈암성당 옆,202103,1720
성북구,1338. 용문2교 옆,202103,987
성북구,1339. 삼성전자서비스 성북센터,202103,792
성북구,1340. 광운초등학교 앞,202103,465
성북구,1342. 성북쉼터 앞,202103,152
성북구,1343. 한성대7번출구 앞,202103,632
성북구,1344. 아리랑시네센터 앞,202103,653
성북구,1346. 길음8골어린이공원 옆,202103,842
성북구,1347. 길음래미안아파트817동 상가 앞,202103,320
성북구,1348. 성북제일새마을금고 본점 앞,202103,657
성북구,1349. 월계2교 버스정류장 앞,202103,915
성북구,1351. 안암2교 옆,202103,1701
성북구,1352. e 편한세상 보문아파트 내,202103,169
성북구,1353. 금호어울림센터힐 내,202103,303
성북구,1354. 고려대학교 2번출구,202103,1911
성북구,1355. 보문2교,202103,2624
성북구,1357. 북한산보국문역,202103,328
성북구,1358. 정릉도서관 앞,202103,599
성북구,1359. 장위뉴타운 꿈에 숲 코오롱 하늘채 앞,202103,733
성북구,1360. 정릉역,202103,577
성북구,1361. 홍익중고 입구,202103,745
성북구,1362. 보문역6번출구 앞,202103,1292
성북구,1363. 보문4교 인근,202103,1746
성북구,1364. 성북동 치안센터 앞,202103,548
성북구,1365. 선잠단지 앞,202103,210
성북구,1366. 일신초등학교 옆,202103,280
성북구,1367. 길음문화복합미디어센터,202103,403
성북구,1368. 성신여대입구 교차로,202103,848
성북구,1369. 미아사거리,202103,1438
성북구,1370. 복자사랑 피정의 집,202103,296
성북구,1372. KEB은행 고대점,202103,1514
성북구,1373. 성북구보건소 건너편,202103,733
성북구,1375. 생명의 전화 종합복지관 앞 교차로,202103,1091
성북구,1376. 한국과학기술연구원 중문,202103,168
성북구,1377. 한국과학기술연구원 북문,202103,188
성북구,1379.길음뉴타운푸르지오아파트 3단지,202103,253
성북구,1380.월곡역 5번출구 앞,202103,1521
성북구,1381.석계역 4번출구 뒤,202103,1630
성북구,1382.래미안월곡아파트 입구,202103,916
성북구,1384.성신여대입구역 5번출구,202103,1482
성북구,1385.성신여대입구역 3번출구 앞,202103,919
성북구,1386.동선고가차도 초입,202103,422
성북구,1388.커핀그루나루,202103,514
성북구,1390.석관래미안아트리치,202103,1018
성북구,1391.성북청소년센터,202103,392
성북구,1392.돈암삼성풍림아파트,202103,79
성북구,1393.돈암육교 하단,202103,134
성북구,1394.길음뉴타운 래미안9단지,202103,753
성북구,1395.래미안장위포레카운티(102동),202103,555
성북구,1396.래미안장위퍼스트하이(513동),202103,1144
송파구,1201. 가락시장역 3번 출구,202103,1623
송파구,1203. 밀리아나2빌딩 앞,202103,1550
송파구,1204. 거여역 3번출구,202103,1040
송파구,1205. 종합운동장역 4번출구,202103,1040
송파구,1206. 9호선종합운동장역 9번출구,202103,849
송파구,1207. 마천CU우방점 앞,202103,749
송파구,1208. 풍납현대아파트쉼터,202103,1092
송파구,1209. 잠실나루역 (2번 출구 쪽),202103,2421
송파구,1210. 롯데월드타워(잠실역2번출구 쪽),202103,5798
송파구,1211. 방이삼거리,202103,3115
송파구,1212. 송파역 2번 출구앞,202103,1516
송파구,1213. 백토공원 앞,202103,427
송파구,1214. 오금역 7번 출구 인근,202103,922
송파구,1215. 올림픽공원역 1번출구 앞,202103,1195
송파구,1217. 송파파인타운 7단지,202103,558
송파구,1218. 방이역 4번출구,202103,1840
송파구,1220. 잠실본동주민센터뒤 잠실근린공원,202103,1681
송파구,1221. 삼전사거리 포스코더샵,202103,1559
송파구,1222. 잠실새내역 5번 출구 뒤,202103,2819
송파구,1224. 아시아지하보도 2번 출구,202103,1131
송파구,1226. 잠실4동 주민센터 옆,202103,1051
송파구,1227. 거여역 8번출구 뒤,202103,1249
송파구,1228. 마천사거리,202103,846
송파구,1229. 송파체육문화회관 앞,202103,1048
송파구,1230. 송파중학교 정문,202103,735
송파구,1231. 잠실역 6번출구,202103,2036
송파구,1232. 롯데마트 주차장 옆,202103,1428
송파구,1233. 잠실3거리(갤러리아팰리스),202103,732
송파구,1235. 잠실트리지움310동 옆,202103,1462
송파구,1239. 문정 법조단지3,202103,299
송파구,1240. 문정 법조단지4,202103,461
송파구,1241. 문정 법조단지5,202103,320
송파구,1242. 문정 법조단지6,202103,151
송파구,1243. 문정 법조단지7,202103,1812
송파구,1244. 문정 법조단지8,202103,1548
송파구,1245. 문정 법조단지9,202103,1154
송파구,1246. 문정 법조단지10,202103,1243
송파구,1247. 문정 법조단지11,202103,756
송파구,1248. 방이초등학교,202103,1600
송파구,1249. 아주중학교건너편,202103,785
송파구,1250.문정2동 주민센터,202103,515
송파구,1251. 석촌역 2번출구,202103,1651
송파구,1253. 오금역 3번 출구 뒤,202103,634
송파구,1256. 문정현대아파트 교차로,202103,589
송파구,1257. 가락시장역 롯데마트앞,202103,809
송파구,1258. 가락미륭아파트 앞,202103,432
송파구,1259. 방이역 1번출구,202103,1318
송파구,1260. 방이동 한양3차아파트 옆,202103,1050
송파구,1262. 송파여성문화회관 앞,202103,1430
송파구,1263. 장지공영차고지,202103,292
송파구,1264. 천호역 10번 출구 앞,202103,1931
송파구,1265. 문정동 근린공원,202103,848
송파구,1266. 문정동 글샘 공원,202103,399
송파구,1267. 올림픽공원 남2문 앞,202103,1008
송파구,1268. 몽촌토성역 1번출구 옆,202103,3386
송파구,1269. 리센츠아파트,202103,1101
송파구,1271. 송파도서관,202103,1024
송파구,1274. 영파여고 앞,202103,976
송파구,1275. 거여초등학교 옆,202103,429
송파구,1277. 오금동 송파 참병원,202103,925
송파구,1278. 송파구청 교차로,202103,1988
송파구,1279. 마천금호어울림 1차아파트 건너편,202103,508
송파구,1280. 송파파크데일 2단지입구 앞 주차장,202103,480
송파구,1282. 송파소방서 맞은편(성내4교),202103,1367
송파구,1283. 오금공원 사거리,202103,155
송파구,1285. 위례별 유치원 뒤,202103,317
송파구,1286. 위례중앙푸르지오 1단지 앞,202103,822
송파구,1287. 위례아이파크 101동 맞은편,202103,377
송파구,1288. 문정중교 사거리,202103,771
송파구,1289. 풍납동 자전거보관소,202103,229
송파구,1290. 위례송파꿈에그린아파트24단지 앞 성벽 다리 밑,202103,260
송파구,1291. 서울체육고등학교 앞,202103,211
송파구,1293. 석촌호교차로 (스타벅스 앞),202103,1872
송파구,1295. 잠실역 8번출구,202103,3179
송파구,1296. 석촌호수교차로 (송파나루근린공원 앞),202103,818
송파구,1297. 석촌호수교차로(동호 팔각정 앞),202103,1974
송파구,1299. 송파소방서 (방이119안전센터),202103,421
송파구,1300. 오륜사거리,202103,600
송파구,2601. 석촌호수 서호사거리,202103,2015
송파구,2603. 송파 글마루 도서관,202103,473
송파구,2604. 삼표레미콘 앞,202103,716
송파구,2605. 복정역 1번 출구 앞,202103,458
송파구,2606. 위례동주민센터 맞은편 근린공원,202103,972
송파구,2607. 복정역 2번출구 후문 (장지치안센터),202103,673
송파구,2608. 송파구청,202103,1405
송파구,2609. 보성중고등학교 후문 앞,202103,104
송파구,2610. 여흥레이크빌 앞 (석촌호수 까페거리),202103,1779
송파구,2611. 송파지역자활센터 뒤,202103,1497
송파구,2612. 문정·가락 대여소 앞,202103,37
송파구,2613. 잠실나들목,202103,736
송파구,2614. 가락고등학교 앞,202103,686
송파구,2615. 테라타워2,202103,1754
송파구,2616. 거여동 사거리,202103,330
송파구,2617. 가락삼환아파트 앞,202103,969
송파구,2618. 삼전역 1번출구,202103,1062
송파구,2619. 석촌고분역 4번출구,202103,1605
송파구,2620. 송파나루역 4번 출구옆,202103,3012
송파구,2621. 한성백제역 2번 출구,202103,3160
송파구,2622. 올림픽공원역 3번출구,202103,4068
송파구,2623.석촌동 주민센터,202103,1645
송파구,2625.가락1동 주민센터,202103,444
송파구,"2626.경찰병원역 1,2번 출구 사이",202103,459
송파구,2627.문정시영아파트 5동 앞 공원,202103,497
송파구,2628.문정역 1번출구,202103,1357
송파구,2629.문정동 힐스데이트 에코 송파,202103,1796
송파구,2630.서울방이동 고분군,202103,1216
송파구,2631.배명고등학교,202103,733
송파구,2632.석촌고분역 2번 출구,202103,1472
송파구,2633.송파학사 옆,202103,913
송파구,2634.위례포레샤인아파트 2318동,202103,368
송파구,2635.잠실새내역 1번출구,202103,1200
송파구,2637.잠실월드 메르디앙,202103,1482
송파구,2638.쌍용아파트,202103,1147
송파구,2639.석촌역 8번출구,202103,1879
송파구,2641.송파역 4번출구,202103,2367
송파구,2642.마천동 성내천 쉼터,202103,694
송파구,2643.풍납중학교 측면,202103,493
송파구,2644.성내5교 (GS주유소),202103,846
송파구,2645.잠실나들목2(엘스아파트136동),202103,2283
송파구,2646.레이크펠리스101동앞,202103,1838
송파구,2647.잠실 자전거 수리센터 앞,202103,1369
송파구,2648.헬리오시티 112동 앞,202103,1140
송파구,2649.오금공원사거리2,202103,287
송파구,2650.위례22단지 2208동 다리앞,202103,197
송파구,2651.경찰병원역 3번출구 앞,202103,907
송파구,2652.송파 레미니스1단지 102동 앞,202103,684
송파구,2653.올림픽공원사거리(선수촌아파트),202103,1190
송파구,2654.올림픽선수촌아파트 136동 앞,202103,479
송파구,2655.송이공원,202103,971
송파구,2656.풍납동 아이파크 107동 앞,202103,812
송파구,2657.송파 파인타운 11단지,202103,347
송파구,2658.가락몰 업무동,202103,925
송파구,2659.서울친환경유통센터,202103,88
송파구,4452. 삼성SDS,202103,1685
송파구,4453. 위례중앙푸르지오 201동 앞,202103,679
송파구,4454. 위례 포레샤인 1809동 부근,202103,336
송파구,4456. 위례포레샤인 2310동 부근,202103,547
송파구,4457. 아산병원 기숙사 부근,202103,1076
송파구,4458. 서울힐링요양병원 앞,202103,289
송파구,4460. 올림픽훼미리아파트 112동 앞,202103,255
송파구,4461. 한양3차아파트 3동 앞,202103,169
송파구,4462. 가락중학교 앞,202103,114
송파구,4463. 방이역 2번 출구,202103,339
송파구,4464. 올림픽공원 북2문,202103,832
송파구,4465. 건영아파트앞 사거리,202103,737
송파구,4467. 한림연예예술고등학교,202103,239
송파구,4468. 가락1동 주민센터 2,202103,575
송파구,4469. 거여동 어울림아파트 102동앞,202103,125
송파구,4472. 송파파크데일 1단지 115동 건너편,202103,224
송파구,4473. 마천금호어울림 1차 102동앞,202103,93
송파구,4474. 가락현대 1차 11동 앞,202103,275
송파구,4475. 송파파인타운 4단지 403동,202103,280
송파구,4478. 문정근린공원2,202103,568
송파구,4479. 문정중학교,202103,105
송파구,4480. 가락시장역 롯데마트2,202103,613
송파구,4481. 올림픽공원 북2문 2,202103,1029
송파구,4483. 잠실나들목4,202103,2074
송파구,4484. 잠실나루역4번출구뒤,202103,1001
송파구,4485. 잠실나루역 고가하부,202103,151
송파구,4486. 홈플러스 잠실점,202103,1089
송파구,4488. 문현중.고등학교 사이,202103,73
송파구,4490. 송파파인타운 10단지 1005동,202103,236
송파구,4491. 장지역 1번출구,202103,591
송파구,4493. 마천사거리 2,202103,355
송파구,4496. 잠실 파크리오 120동 앞,202103,603
송파구,4497. 아시아선수촌아파트 교차로,202103,450
송파구,4499. 세양청마루 101동 앞,202103,431
송파구,4500. 풍납나들목,202103,575
송파구,4852. 서울복합물류 게이트 1,202103,475
송파구,4854. 가락시장역 2번 출구,202103,661
송파구,4855. 거여5단지 503동 앞,202103,237
송파구,4856. 올림픽공원 서1문 앞,202103,398
송파구,4857. 올림픽공원 장미광장,202103,142
송파구,4859. 잠실나루 나들목,202103,1101
양천구,4528. 양천구청역 1번출구,202103,188
양천구,700. KB국민은행 염창역 지점 앞,202103,1316
양천구,701. 목동사거리 부근,202103,1091
양천구,702. 목4동주민센터 옆,202103,1230
양천구,703. 오목교역 7번출구 앞,202103,3640
양천구,704. 남부법원검찰청 교차로,202103,2312
양천구,706. 신정네거리역,202103,1114
양천구,707. 신정3동주민센터,202103,606
양천구,708. 서울출입국관리사무소 앞,202103,2443
양천구,709. 신정3동 현장민원실 앞,202103,807
양천구,710. 금옥여고보도육교,202103,363
양천구,711. 신일해피트리아파트 앞,202103,841
양천구,712. 강월초교입구 사거리,202103,767
양천구,713. 양서중학교 옆,202103,685
양천구,714. 한국SGI 양천문화회관 앞,202103,682
양천구,716.신정6동 주민센터 인근,202103,1142
양천구,719. 홍익병원앞 교차로,202103,1481
양천구,720. 서울강월초등학교 앞,202103,467
양천구,722. LG전자베스트샵 신정점,202103,2206
양천구,723. SBS방송국,202103,1732
양천구,724. 계남공원 입구 주출입구 좌측,202103,269
양천구,725. 양강중학교앞 교차로,202103,671
양천구,726. 목동3단지 시내버스정류장,202103,2213
양천구,729. 서부식자재마트 건너편,202103,1904
양천구,731. 서울시 도로환경관리센터,202103,1431
양천구,732. 신월동 이마트,202103,953
양천구,733. 신정이펜하우스314동,202103,485
양천구,734. 신트리공원 입구,202103,1755
양천구,735. 영도초등학교,202103,1919
양천구,736. 오솔길공원,202103,930
양천구,737. 장수공원,202103,1112
양천구,739. 신월사거리,202103,1171
양천구,740. 으뜸공원,202103,963
양천구,741. 화곡로 입구 교차로,202103,347
양천구,742. 등촌역 5번 출구 뒤,202103,744
양천구,743. 현대6차아파트 101동 옆,202103,475
양천구,744. 신목동역 2번 출구,202103,1944
양천구,745. 강서초등학교,202103,771
양천구,746. 목동2단지 상가,202103,1825
양천구,747. 목동3단지 상가,202103,1189
양천구,748. 목동운동장,202103,503
양천구,749. 이대 목동병원 앞,202103,1366
양천구,750. 연의근린공원 건너편,202103,684
양천구,752. 성원2차 아파트,202103,826
양천구,754. 목동1단지아파트 118동 앞,202103,1398
양천구,755. 목동1단지아파트 상가 앞,202103,1611
양천구,756. 목동주차장,202103,1251
양천구,757. 신정이펜하우스 1단지아파트 입구 사거리,202103,461
양천구,758. 한사랑교회 앞,202103,1482
양천구,759. 보아스아파트 앞,202103,661
양천구,760. 잣절보도육교 아래,202103,425
양천구,762. 오목로 무중력지대 앞,202103,1100
양천구,763. 목동11단지 아파트,202103,904
양천구,764. 목동청소년수련관,202103,2071
양천구,765. 오목교역 3번출구,202103,3445
양천구,766. 신목동역 3번출구,202103,2081
양천구,767.신정숲속마을아파트,202103,259
양천구,768.목동5단지아파트 501동,202103,1221
양천구,769.CBS방송국 앞,202103,2498
양천구,770.목동역5번출구 교통정보센터 앞,202103,3828
양천구,771.목동아파트 703동 앞,202103,1603
양천구,"773.염창역 3, 4번 출구 사이",202103,1252
양천구,774.등촌역 4번 출구,202103,805
양천구,775.세종그랑시아 앞(102동),202103,769
양천구,776.목마공원,202103,519
양천구,777.신월6차보람아파트 앞,202103,970
양천구,779.양천나눔누리센터,202103,1693
양천구,780.신정교 하부,202103,2444
양천구,781.신정보도육교 아래,202103,1714
양천구,782.서남병원 후문,202103,462
양천구,"785.양천구청, 보건소 사잇길",202103,2119
양천구,786.목동아파트 8단지 상가동 앞,202103,1505
양천구,787.양천아파트 입구,202103,1775
양천구,788.양천구청역 2번출구 옆,202103,1406
양천구,790.화곡고가 사거리,202103,702
양천구,791.현대하이페리온,202103,2099
양천구,792.목동트라팰리스 웨스턴에비뉴,202103,2949
양천구,793.목동5단지아파트 534동,202103,982
양천구,794.양천문화회관,202103,1493
양천구,795.양천 해누리타운,202103,1556
양천구,796.목동아파트 14단지 B상가 앞,202103,1303
양천구,797.목동아파트 1422동 1434동 사잇길,202103,1523
영등포구,200. 국회의원회관,202103,298
영등포구,201. 진미파라곤 앞,202103,1394
영등포구,202. 국민일보 앞,202103,3407
영등포구,203. 국회의사당역 3번출구 옆,202103,1722
영등포구,204. 국회의사당역 5번출구 옆,202103,989
영등포구,205. 산업은행 앞,202103,1789
영등포구,206. KBS 앞,202103,1915
영등포구,207. 여의나루역 1번출구 앞,202103,12179
영등포구,209. 유진투자증권빌딩 앞,202103,2237
영등포구,210. IFC몰,202103,5501
영등포구,211. 여의도역 4번출구 옆,202103,2829
영등포구,212. 여의도역 1번출구 옆,202103,1916
영등포구,213. KT앞,202103,1715
영등포구,214. 금융감독원 앞,202103,1283
영등포구,215. 여의도고교 앞,202103,1499
영등포구,217. NH농협은행 앞,202103,2146
영등포구,218. 증권거래소 앞,202103,1018
영등포구,219. 롯데캐슬엠파이어 옆,202103,1188
영등포구,220. 미성아파트 A동 앞,202103,1183
영등포구,221. 여의도초교 앞,202103,2006
영등포구,222. 시범아파트버스정류장 옆,202103,3026
영등포구,223. 진주아파트상가 앞,202103,1231
영등포구,224. 롯데캐슬 앞,202103,1588
영등포구,225. 앙카라공원 앞,202103,1207
영등포구,226. 샛강역 1번출구 앞,202103,1544
영등포구,227. 양평2나들목 보행통로 입구,202103,2039
영등포구,228. 선유도역 3번출구 앞,202103,3161
영등포구,229. 양평1 보행육교 앞,202103,2076
영등포구,230. 영등포구청역 1번출구,202103,4117
영등포구,231. 남부고용노동지청 남측,202103,775
영등포구,232. 양평우림 이비즈센타 앞,202103,3147
영등포구,233. YP 센터 앞,202103,579
영등포구,234. 영등포구민체육센터 앞,202103,744
영등포구,235. 신길동 우리은행 옆,202103,1068
영등포구,236. 문래동자이아파트 앞,202103,1660
영등포구,238. 제2구민체육센타 앞,202103,998
영등포구,239. 유스호스텔 앞,202103,1143
영등포구,240. 문래역 4번출구 앞,202103,2184
영등포구,241. 신길우성1차아파트 앞 공원,202103,989
영등포구,242. 신길선원가와인아파트 앞,202103,1025
영등포구,243. 이앤씨드림타워 앞,202103,2142
영등포구,244. 영등포삼환아파트 앞,202103,1273
영등포구,245. 삼성생명 당산사옥 앞,202103,2143
영등포구,247. 당산역 10번출구 앞,202103,4765
영등포구,248. 초원아파트 앞,202103,1639
영등포구,249. 여의도중학교 옆,202103,3024
영등포구,250. 대림아파트 사거리,202103,653
영등포구,251. 서울지방병무청 버스정류장,202103,947
영등포구,252. 보라매역4번출구,202103,1181
영등포구,253. 신풍역 5번출구 인근,202103,816
영등포구,254. 도림신협 앞,202103,1079
영등포구,255. 도림사거리,202103,1175
영등포구,256. 동아에코빌입구,202103,825
영등포구,257. 신길삼거리(우리은행),202103,2630
영등포구,258. 신길역3번출구,202103,1376
영등포구,259. 대방역6번출구,202103,3054
영등포구,260. 여의도 마리나선착장 앞,202103,923
영등포구,262. 영문초등학교 사거리,202103,3012
영등포구,263. 근로자회관 사거리,202103,3191
영등포구,264. 교보생명보험 앞,202103,1247
영등포구,265. 영등포유통상가 사거리,202103,1149
영등포구,266. 영등포청과시장 사거리,202103,707
영등포구,267. 삼성화재 사옥 옆,202103,1493
영등포구,268. 그랜드컨벤션센터 앞,202103,1460
영등포구,270. 증권거래소후문교차로,202103,928
영등포구,271. 샛강생태공원방문자센터 앞,202103,602
영등포구,272. 당산육갑문,202103,4902
영등포구,274. 영등포역지하쇼핑센타 5번출구,202103,3840
영등포구,275. 신동아아파트,202103,2004
영등포구,276. SK 영등포주유소,202103,2424
영등포구,277. 영등포뉴타운지하상가 2번게이트,202103,1623
영등포구,278. 쌍용플레티넘오피스텔,202103,1830
영등포구,279. 영등포 푸르지오 아파트,202103,1237
영등포구,280. 양평동6차현대아파트 앞,202103,2138
영등포구,281. 신동아아파트 앞,202103,861
영등포구,282. 신한은행,202103,498
영등포구,283. 아크로타워 스퀘어(영등포시장),202103,2568
영등포구,284. 센트럴 푸르지오 시티 앞,202103,3263
영등포구,285. 대림3동사거리(하나은행),202103,593
영등포구,286. 우성아파트 교차로,202103,1371
영등포구,287. 영등포전화국사거리 (서강어린이공원),202103,1637
영등포구,288. 쌍용예가(구청별관),202103,1041
영등포구,289. 대림3동사거리,202103,768
영등포구,290. 당산동 SK V1 빌딩,202103,1117
영등포구,291. 문래동 하이테크 시티,202103,1818
영등포구,292. 영일 어린이공원,202103,958
영등포구,293. 충북 미래관,202103,1909
영등포구,295.영등포공원 분수대 앞,202103,400
영등포구,296.KT플라자 영등포점,202103,1164
영등포구,297.국회3문,202103,442
영등포구,298.KBS 연구동 건너편,202103,533
영등포구,299.여의도 순복음교회,202103,748
영등포구,3201.당산skv1센터,202103,933
영등포구,3202.당산롯데캐슬프레스티지,202103,1727
영등포구,3203.도림동배드민턴체육관,202103,335
영등포구,3204.도림고가도로 밑,202103,746
영등포구,3205.문래현대2차,202103,1900
영등포구,3206.문래동 주민센터,202103,767
영등포구,3207.양남사거리1,202103,871
영등포구,3211.신길 래미안 프레비뉴,202103,607
영등포구,3212.신풍역 6번출구,202103,935
영등포구,3214.영등포 푸르지오,202103,1120
영등포구,3215.강변삼성래미안,202103,736
영등포구,3219.영등포역 2번출구,202103,1777
영등포구,3220.래미안에스티움 앞 (신풍로),202103,915
영등포구,3221.서울특별시 남부교육지원청,202103,349
영등포구,4556. 리버뷰신안인스빌1차 후문,202103,664
영등포구,4557. 리버뷰신안인스빌2차 후문,202103,594
영등포구,4579. 국회의사당 본관,202103,195
영등포구,4580. 국회3문,202103,133
영등포구,4581. 국회소통관,202103,220
영등포구,4582. 국회도서관,202103,91
영등포구,4583. 의정관,202103,134
영등포구,4584. 국회2문,202103,95
영등포구,4585. 국회6문,202103,143
용산구,4602. 숙명여대앞 버스정류소 주변,202103,164
용산구,4604. 원효로다목적체육관 앞,202103,251
용산구,"4605. 노들섬 다목적홀(동쪽) 숲, 앞",202103,498
용산구,4607. 국립중앙박물관 -용산가족공원 앞,202103,198
용산구,4608. 국립중앙박물관 정문 앞,202103,156
용산구,4609. 파크타워 104동 앞,202103,218
용산구,4610. 한남나인원 105동 앞,202103,339
용산구,4611. 국제루터교회 앞,202103,161
용산구,4612. 한남 준 J.FSS 앞,202103,95
용산구,4613. 서울갤러리아 앞,202103,146
용산구,4615. 크라운호텔앞 버스정류소,202103,519
용산구,4616. 신용산지하차도 앞,202103,264
용산구,4617. 동원베네스트 건너편,202103,134
용산구,4618. 풍전아파트 건너편,202103,513
용산구,4619. 한강트럼프월드3차 앞,202103,713
용산구,4620. 삼각지역 14번 출구 앞(교통섬),202103,473
용산구,4622. 한강중학교 앞 버스정류장,202103,326
용산구,4623. 라인프랜즈이태원점 앞,202103,283
용산구,4625. 용산공원갤러리앞,202103,143
용산구,4627. 효창공원앞역 5번출구 옆,202103,336
용산구,4629. 한강초교보도육교 앞,202103,879
용산구,800. 목월공원 앞,202103,1145
용산구,802. 한강진역 2번 출구 앞,202103,338
용산구,803. 한남초교 앞 보도육교,202103,158
용산구,805. 문배어린이공원 앞,202103,598
용산구,806. 전자랜드 본관 앞,202103,783
용산구,807. 서울역 12번 출구 앞,202103,787
용산구,808. 서빙고동 금호맨션 앞,202103,294
용산구,809. 한남 유수지 복개주차장,202103,800
용산구,810. 이태원지하보도,202103,522
용산구,811. 녹사평역1번출구,202103,515
용산구,812. 용산전쟁기념관,202103,189
용산구,813. 삼각지역 3번출구,202103,753
용산구,815. LIG강촌아파트 103동앞,202103,1289
용산구,816. 신용산역 6번출구 앞,202103,1470
용산구,817. 삼각지역 4번출구 앞,202103,609
용산구,818. 숙명여대 입구 교차로,202103,1297
용산구,819. 선린인터넷 고등학교,202103,1031
용산구,820. 청파동입구 교차로,202103,730
용산구,822. 이촌1동 마을공원,202103,224
용산구,823. 효창동주민센터 앞,202103,235
용산구,825. 서빙고동 주민센터 앞,202103,2302
용산구,827. 국군복지단,202103,43
용산구,828. 숙대입구역 8번,202103,726
용산구,829. 베르가모앞,202103,1949
용산구,830. 청암자이아파트앞,202103,244
용산구,831. 이태원관광특구입구,202103,253
용산구,832. 이촌1동 주민센터 뒤,202103,1178
용산구,834. 효창공원앞역 3번출구 뒤,202103,1229
용산구,835. 남영역 건너편,202103,794
용산구,836. 현대자동차서비스 앞,202103,780
용산구,837. 한남나들목 입구,202103,2067
용산구,838. 숙대입구역 4번출구,202103,1066
용산구,839. 보광동 삼성리버빌아파트 앞,202103,959
용산구,840. 용산 파크타워 앞,202103,547
용산구,841. 신용산역 1번 출구,202103,1461
용산구,843. 녹사평역 광장,202103,491
용산구,844. 이촌2동 동원베네스트 아파트 앞,202103,706
용산구,845. 용산 선인상가,202103,658
용산구,846. 용산중학교,202103,730
용산구,847. 국방부민원실옆,202103,326
용산구,848. 삼각지12번 출구,202103,317
용산구,849. 삼각지 자이아파트,202103,916
용산구,850. KCC용산월츠타워,202103,480
용산구,851.효창 푸르지오 앞,202103,238
용산구,852.청암자이APT(103동),202103,588
용산구,853.용산역 맞은편,202103,2558
용산구,854.HID 유족동지회 앞,202103,98
용산구,855.이촌역5번출구 앞,202103,124
용산구,857. 현대 안성타워,202103,247
용산구,858.녹사평역3번 출구,202103,169
용산구,859.남산공원 야외식물원 앞,202103,38
용산구,860.LG한강 자이아파트 앞,202103,1430
용산구,863.이촌역2번 출구,202103,242
용산구,864.순천향대학병원(한남오거리),202103,699
용산구,865.하얏트호텔 앞,202103,28
용산구,866.브라운스톤 남산아파트,202103,518
용산구,867.서빙고역 광장(1번출구),202103,302
용산구,869.노들섬 동측 앞,202103,328
용산구,870.노들섬 서측 앞,202103,1782
은평구,4652. 신사두산위브2차아파트 앞,202103,687
은평구,4653. LG 베스트샵 앞,202103,608
은평구,4654. OK부동산 앞,202103,404
은평구,900. 은평예술회관,202103,679
은평구,901. 응암1동사무소,202103,687
은평구,902. 진관동 은빛초등학교,202103,197
은평구,903. 은평뉴타운 아이파크,202103,484
은평구,904. 은평뉴타운 푸르지오,202103,692
은평구,905. 구파발역 2번출구,202103,1349
은평구,906. 연신내역 5번출구150M 아래,202103,2581
은평구,907. CJ 드림시티,202103,3638
은평구,908. 구산역 4번출구,202103,1045
은평구,909. 백련산 힐스테이트 3차,202103,498
은평구,911. 은평평화공원(역촌역4번출구),202103,1703
은평구,912. 응암오거리,202103,1704
은평구,913. 이마트 은평점,202103,2489
은평구,914. 새절역 2번출구,202103,2464
은평구,915. 증산역 4번출구,202103,1440
은평구,916. 평생학습관 앞,202103,1066
은평구,917. 녹번역 4번출구,202103,1102
은평구,919. 서울혁신파크,202103,634
은평구,921. 신도고등학교,202103,234
은평구,922. 연신내역 4번출구,202103,529
은평구,923. 국민은행 연서지점,202103,605
은평구,924. 메뚜기다리,202103,211
은평구,925. 불광역 2번출구,202103,512
은평구,927. 연신내역 3번출구 인근,202103,462
은평구,928. 은평역사한옥박물관,202103,358
은평구,930. 구 서부경찰서 건너편,202103,700
은평구,931. 역촌파출소,202103,2489
은평구,932. 예일여중,202103,774
은평구,933. LG서비스 역촌점,202103,1369
은평구,934. 신사동 성당,202103,263
은평구,937. 상림마을 롯데캐슬2단지 옆,202103,76
은평구,938. 금암 문화공원,202103,132
은평구,939. 은평구청 교차로,202103,615
은평구,941. 은평뉴타운 도서관,202103,433
은평구,942. 상림마을 생태공원,202103,210
은평구,943. 은평구청 보건소,202103,1655
은평구,945. 기자촌 사거리,202103,279
은평구,946. 독바위역,202103,574
은평구,947. 연신내 선일하이츠빌 정류소,202103,793
은평구,948. 디지털미디어 시티역 4번출구(DMC역),202103,735
은평구,949. 연신내역 1번 출구,202103,965
은평구,950. 구산역 2번 출구,202103,1474
은평구,952. 서울연신중학교,202103,333
은평구,953. 서울연신초등학교,202103,397
은평구,954. 은평뉴타운구파발9단지,202103,383
은평구,956. 응암시장교차로,202103,2105
은평구,958. 신한은행 응암동 지점 앞,202103,1152
은평구,959. 구파발10단지 인근,202103,338
은평구,960. 구파발역 환승센터,202103,887
은평구,961. 불광역 9번 출구,202103,1356
은평구,962. 은평뉴타운 힐데스하임,202103,816
은평구,963. 대호프라자아파트,202103,642
은평구,964. 북한산힐스테이트 7차아파트,202103,347
은평구,965. 서울특별시 은평병원,202103,423
은평구,966. 서울혁신파크1,202103,258
은평구,967. 서울혁신파크2,202103,319
은평구,968. 은평뉴타운 상림마을 13단지,202103,164
은평구,969. 은평 지웰테라스,202103,168
은평구,971. 역촌 센트레빌 아파트,202103,350
은평구,972. 수색역,202103,987
은평구,973.제각말푸르지오 5-1단지 아파트,202103,204
은평구,974.연신초등학교옆 마을마당,202103,174
은평구,975.백련산 힐스테이트상가앞,202103,370
은평구,976.진관고등학교앞,202103,365
은평구,977.신도중학교앞,202103,263
은평구,978.녹번 힐스테이트상가앞,202103,288
은평구,979.원풍빌라앞,202103,603
은평구,982.유니클로 은평점앞,202103,661
은평구,984.상신초등학교앞 버스정류장,202103,916
은평구,985.은평온누리약국앞,202103,906
은평구,989.응암 꼬꼬닭치킨호프 앞,202103,1037
은평구,991.흥국사 정류장,202103,95
은평구,992.북한산입구 정류장,202103,250
은평구,993.은평뉴타운 은뜨락아파트앞,202103,518
은평구,994.북한산생태공원입구(교통섬),202103,241
은평구,995.은평다목적체육관,202103,277
은평구,996.응암역 1번출구,202103,3161
종로구,301. 경복궁역 7번출구 앞,202103,1028
종로구,302. 경복궁역 4번출구 뒤,202103,1691
종로구,303. 광화문역 1번출구 앞,202103,1237
종로구,304. 광화문역 2번출구 앞,202103,526
종로구,305. 종로구청 옆,202103,1409
종로구,306. 광화문역 7번출구 앞,202103,967
종로구,307. 서울역사박물관 앞,202103,825
종로구,308. 광화문 S타워 앞,202103,1653
종로구,309. 광화문역 6번출구 옆,202103,756
종로구,314. 국립현대미술관,202103,997
종로구,316. 종각역 1번출구 앞,202103,1502
종로구,326. 안국역 5번출구 앞,202103,1276
종로구,327. 낙원상가 옆,202103,1063
종로구,328. 탑골공원 앞,202103,687
종로구,329. 청계2가 사거리 옆,202103,852
종로구,334. 종로3가역 2번출구 뒤,202103,1032
종로구,335. 종로3가역 15번출구 앞,202103,718
종로구,337. 창경궁 입구,202103,488
종로구,338. 세운스퀘어 앞,202103,810
종로구,339. 종로4가 사거리,202103,1049
종로구,340. 혜화동 로터리,202103,1358
종로구,3401.창신두산아파트,202103,123
종로구,3402.이화공영주차장,202103,371
종로구,3403.서울특별시 교육청,202103,118
종로구,3404.서울특별시 중부교육지원청,202103,115
종로구,3405.파크팰리스,202103,712
종로구,3406.세종로공원,202103,646
종로구,3407.안국동사거리(신),202103,1188
종로구,3408.종로타워빌딩,202103,722
종로구,341. 혜화역 3번출구 뒤,202103,864
종로구,3410.종로3가역 8번출구,202103,1686
종로구,3411.종묘,202103,717
종로구,3412.세운상가,202103,499
종로구,3413.종로플레이스,202103,1492
종로구,3414.종로5가역 4번출구,202103,640
종로구,3415.동대문역6번출구,202103,923
종로구,3416.동묘앞역 6번출구,202103,972
종로구,3417.창신3동주민센터,202103,784
종로구,3418.창신역2번 출구,202103,114
종로구,3419.국립어린이과학관,202103,345
종로구,342. 대학로 마로니에공원,202103,1971
종로구,3420.성균관대입구사거리(맥도날드),202103,968
종로구,3421.혜화역 1번출구,202103,1459
종로구,3422.성균관대 정문,202103,1356
종로구,3423.현대그룹(본사),202103,640
종로구,3426.독립문역 2번출구 뒤,202103,247
종로구,3427.인왕산 아이파크 정문,202103,252
종로구,3428.서울미술관,202103,150
종로구,3429.AW컨벤션앞,202103,138
종로구,343. 예일빌딩(율곡로) 앞,202103,403
종로구,3430.구기치안센터 앞,202103,115
종로구,3431.로제우스 레포츠센터,202103,155
종로구,3432.종로2가 사거리,202103,974
종로구,344. 성균관대 E하우스 앞,202103,1057
종로구,345. 서울보증보험본사 앞,202103,1025
종로구,348. 독립문역 사거리,202103,976
종로구,349. 사직동주민센터,202103,800
종로구,351. 청운초교 앞 삼거리,202103,710
종로구,352. 중앙고입구 삼거리,202103,182
종로구,353. 재동초교 앞 삼거리,202103,775
종로구,354. 포르투갈 대사관 앞,202103,813
종로구,355. 서울사대부속초교 앞,202103,925
종로구,356. KT혜화지사 앞,202103,771
종로구,358. 성대입구 사거리,202103,828
종로구,359. 원남동사거리,202103,953
종로구,361. 동묘앞역 1번출구 뒤,202103,2374
종로구,362. 청계8가 사거리,202103,1464
종로구,363. 신설동역 11번출구 뒤,202103,1372
종로구,364. 창신역 1번출구 앞,202103,368
종로구,367. 독립문역 3-1번출구,202103,887
종로구,368. SK 서린빌딩 앞,202103,982
종로구,369. 광화문 시민열린마당,202103,877
종로구,385. 종각역 5번출구,202103,1372
종로구,388. 동성중학교 앞,202103,562
종로구,393. 동대문역 8번 출구,202103,1684
종로구,394. 경희궁 자이 3단지,202103,793
종로구,395. 경희궁 자이 2단지,202103,894
종로구,397. 종묘공영주차장 건너편,202103,363
종로구,446. 상명대입구,202103,461
종로구,447. 신영동삼거리,202103,77
종로구,449. 일성아파트,202103,240
종로구,450. 효자동 삼거리,202103,572
종로구,451. 청와대앞길,202103,170
종로구,452. 동대문 종합시장 버스정류장,202103,480
종로구,453. 종로오가 지하쇼핑센터 14번출구,202103,858
종로구,454. 종로2가 버스정류장 (종각방향),202103,968
종로구,455. 삼익한의원,202103,863
종로구,456. 숭인2동 주민센터 입구 (이강3대냉면),202103,784
종로구,457. 종로꽃시장 입구 옆,202103,796
종로구,458. 광화문역 5번출구,202103,1670
종로구,461. 서울지방경찰청,202103,884
종로구,462. 신영동삼거리(북악터널방향),202103,130
종로구,464. 삼청동 골목,202103,803
종로구,465. 삼청공원 앞,202103,132
종로구,"4702. 평창동 꽃여울(꽃집),스타벅스 앞",202103,103
종로구,4703. 쌍용아파트2단지 정문,202103,9
종로구,4704. 쌍용아파트2단지 상가앞,202103,15
종로구,4705. 웰니스센터(민방위교육장 앞),202103,731
종로구,4707. 청계3가 사거리,202103,327
종로구,4708. 조계사앞사거리(파리바케트앞),202103,721
종로구,4709. 천지인 오피스텔 앞,202103,10
종로구,4710. 자교교회 앞,202103,905
종로구,4711. 올림픽기념 국민생활관 로터리,202103,745
종로구,4713. 현대 뜨레비앙 아파트 앞,202103,200
종로구,486. 평창동주민센터 앞,202103,103
중구,300. 정동사거리,202103,1108
중구,3013.서울지방고용노동청 앞,202103,438
중구,310. 청계광장 옆,202103,1157
중구,318. 광교사거리 남측,202103,574
중구,320. 을지로입구역 4번출구 앞,202103,989
중구,321. KEB 하나금융그룹 명동사옥 옆,202103,638
중구,322. 명동성당 앞,202103,452
중구,324. 신세계백화점 본점 앞,202103,647
중구,331. 을지로2가 사거리 북측,202103,530
중구,332. 을지로2가 사거리 남측,202103,499
중구,336. 티마크 호텔 앞,202103,642
중구,346. 맥스타일 앞,202103,1270
중구,347. 동대문역사문화공원역 9번출구 앞,202103,576
중구,370. 시청역(2호선) 9번출구 뒤,202103,1904
중구,371. 동대입구역 6번출구 뒤,202103,255
중구,372. 약수역 3번출구 뒤,202103,626
중구,373. 청구 어린이공원,202103,225
중구,374. 청구역 2번출구 앞,202103,972
중구,375. 다산 어린이공원,202103,1312
중구,378. 청계7가 사거리,202103,1526
중구,379. 서울역9번출구,202103,1230
중구,380. CJ제일제당 앞,202103,1167
중구,381. 장충체육관,202103,80
중구,382. 약수역 10번출구 앞,202103,605
중구,383. 신당역 12번 출구 뒤,202103,1787
중구,384. 종로학원본원,202103,198
중구,387. 훈련원공원주차장 앞,202103,1059
중구,389. 을지로4가역 1번출구,202103,559
중구,390. 충무로역 1번출구,202103,1294
중구,391. 정동길입구,202103,664
중구,398. 을지로3가역 3번출구,202103,1012
중구,399. 서울역 센트럴 자이아파트,202103,663
중구,428. 명보사거리,202103,272
중구,429. 송도병원,202103,200
중구,430. KEB하나은행 장충동지점,202103,479
중구,431. 청계천 영도교,202103,2101
중구,433. 을지로입구역 2번출구,202103,1156
중구,434. 신당 래미안 버스정류장,202103,288
중구,435. SK 남산빌딩,202103,314
중구,441.염천교사거리,202103,436
중구,442.서울역 서부,202103,326
중구,443.호암아트홀,202103,258
중구,445.대한상공회의소,202103,38
중구,466.롯데호텔,202103,362
중구,467.한국은행,202103,241
중구,468.웨스틴 조선호텔,202103,385
중구,469.회현역 1번출구,202103,197
중구,470.회현역 7번출구,202103,267
중구,471.회현사거리 남측,202103,399
중구,472.삼일교(시그니쳐 타워),202103,476
중구,473.을지로4가역 9번출구,202103,1089
중구,474.동대문역사문화공원역 1번출구 뒤편,202103,1414
중구,475.DDP 패션몰,202103,743
중구,4752. 삼성사이버빌리지아파트,202103,40
중구,4753. 우리은행 서소문금융센터,202103,298
중구,476.광희문,202103,448
중구,4760. 서울역 7번출구,202103,14
중구,4761. 탐앤탐스 을지로3가점,202103,196
중구,4762. 국제빌딩,202103,300
중구,4765. 동대문디자인플라자,202103,163
중구,4766. 서소문성지역사박물관,202103,176
중구,4768. 서울도시건축전시관,202103,594
중구,477.앰배서더 호텔 주변,202103,182
중구,4772. 중앙일보,202103,149
중구,4774. 을지로입구역 8번출구,202103,252
중구,4775. 을지로지하쇼핑센터,202103,400
중구,4776. 신세계면세점,202103,249
중구,4778. 대신파이낸스센터,202103,449
중구,4779. 태극당,202103,378
중구,4781. 브라운스위트레지던스,202103,283
중구,4782. 서소문역사공원,202103,126
중구,4784. 중부경찰서앞 사거리,202103,219
중구,4785. 롯데시티호텔,202103,260
중구,479.동대입구역 3번 출구,202103,158
중구,4791. 명동역9번 출구,202103,670
중구,4792. 퇴계로4가 교차로(중구청),202103,219
중구,4793. 동대문역사문화공원역 5번출구,202103,114
중구,4796. 부산은행,202103,586
중구,480.약수역 6번 출구,202103,360
중구,481.신당역 10번 출구,202103,734
중구,482.예수소망교회,202103,70
중구,483.남산타운아파트 버스정류장,202103,286
중구,484.도동삼거리,202103,52
중구,485.서울역5번출구,202103,35
중구,826. 서울역 서부교차로2,202103,1030
중랑구,1401. 극동늘푸른아파트,202103,1480
중랑구,1402. 금란주차장 앞,202103,1053
중랑구,1403. 중화빌딩 앞 (동부시장),202103,797
중랑구,1404. 동일로 지하차도,202103,1237
중랑구,1405. 망우역 1번출구,202103,846
중랑구,1406. 망우청소년수련관,202103,96
중랑구,1407. 먹골역 1번출구 뒤,202103,899
중랑구,1408. 먹골역 6번출구 앞,202103,835
중랑구,1410. 면목 대원칸타빌아파트,202103,221
중랑구,1411. 상봉시장앞 교차로 한성빌딩 앞,202103,990
중랑구,1412. 면목초등학교,202103,490
중랑구,1413. 봉화산역 5번출구 뒤,202103,897
중랑구,1414. 사가정역 1번출구,202103,2058
중랑구,1416. 상봉역 3번출구,202103,923
중랑구,1418. 새솔초등학교,202103,350
중랑구,1420. 신내어울공원 앞,202103,637
중랑구,1421. 신내역 4번출구,202103,154
중랑구,1422. 신내우디안아파트 1단지,202103,159
중랑구,1424. 양원역 2번출구,202103,115
중랑구,1425. 용마문화복지센터,202103,608
중랑구,1426. 면목도시개발아파트 1동 앞,202103,418
중랑구,1427. 용마산역 1번출구,202103,208
중랑구,1428. 원묵고등학교,202103,471
중랑구,1429. 장안중학교,202103,841
중랑구,1430. 중랑구청,202103,833
중랑구,1431. 중랑구청 사거리,202103,1422
중랑구,1433. 중화역 2번출구,202103,1331
중랑구,1434. 홈플러스 면목동점,202103,671
중랑구,1435. 능산삼거리,202103,194
중랑구,1436. 영풍마드레빌,202103,510
중랑구,1437. 늘푸른공원 앞,202103,1016
중랑구,1438. 홈플러스 신내점 앞,202103,1531
중랑구,1440. 하나은행 면목지점,202103,1011
중랑구,1441. 신내능말공원,202103,404
중랑구,1442. (구)신한은행 중랑교지점,202103,1498
중랑구,1443. 구립망우청소년독서실,202103,417
중랑구,1444. 면목4치안센터,202103,1134
중랑구,1445. 용마지구대,202103,176
중랑구,1446. 중랑전화국 교차로,202103,1277
중랑구,1447. 면목역 3번출구,202103,1804
중랑구,1448. 코스트코 상봉점,202103,1725
중랑구,1449. 상봉역 1번출구,202103,1881
중랑구,1450. 화랑대역 7번출구,202103,1051
중랑구,1451. 중랑세무서,202103,2057
중랑구,1452. 겸재교 진입부,202103,2012
중랑구,1453. 중랑캠핑숲,202103,235
중랑구,1454. 한국전력공사(동대문 중랑지사),202103,730
중랑구,1455. 상봉역 2번 출구,202103,1495
중랑구,1456. 상아빌딩(우림시장 교차로),202103,852
중랑구,1457. 동원사거리,202103,776
중랑구,1458. 상봉터미널2,202103,1745
중랑구,1459. 용마한신아파트사거리,202103,322
중랑구,1461.동양엔파트 앞,202103,908
중랑구,1462.동부시장 북문 앞,202103,1226
중랑구,1463.중랑구민회관,202103,224
중랑구,1464.중화역 4번출구,202103,725
중랑구,1465.중랑공영차고지 옆,202103,646
중랑구,1466.두산대림아파트 삼거리,202103,352
중랑구,1467.sk신내 주유소앞(용마산로),202103,120
중랑구,1468.먹골역 7번 출구,202103,502
중랑구,1469.먹골역 4번출구,202103,759
중랑구,1470.중화동 우리은행 앞,202103,993
중랑구,1471.동양쇼핑 정류소 앞,202103,1243
중랑구,1472.영성빌딩(PAT),202103,386
중랑구,1473.중랑역 1번 출구(중화문화복지센터),202103,1009
중랑구,1474.서울중랑우체국,202103,748
중랑구,1477.면목삼익아파트 앞,202103,313
중랑구,1478.홈플러스 상봉점 앞,202103,1054
중랑구,1479.면목 홈플러스 2,202103,639
중랑구,1480. 용마지구대 옆,202103,604
중랑구,4802. 새우개마을,202103,39
중랑구,4803. 상봉2동 주민센터 앞,202103,55
중랑구,4804. 동서울농협 앞,202103,164
중랑구,4807. 라코지스테이 앞,202103,56
중랑구,4808. 신내2동 주민센터 앞,202103,76
중랑구,"4809. 동성1,2차 아파트 앞",202103,223
중랑구,4811. 한양수자인아파트 앞,202103,41
중랑구,4812. 묵동 이마트 앞,202103,204
중랑구,4813. 망우로 버거킹 앞,202103,264
강남구,2301. 현대고등학교 건너편,202104,3856
강남구,2302. 교보타워 버스정류장(신논현역 3번출구 후면),202104,1031
강남구,2303. 논현역 7번출구,202104,1355
강남구,2304. 신영 ROYAL PALACE 앞,202104,237
강남구,2305. MCM 본사 직영점 앞,202104,466
강남구,2306. 압구정역 2번 출구 옆,202104,1355
강남구,2307. 압구정 한양 3차 아파트,202104,831
강남구,2308. 압구정파출소 앞,202104,1053
강남구,2309. 청담역(우리들병원 앞),202104,559
강남구,2310. 청담동 맥도날드 옆(위치),202104,507
강남구,2311. 학동로 래미안 아파트 앞,202104,387
강남구,2312. 청담역 13번 출구 앞,202104,497
강남구,2313. 금원빌딩 앞,202104,1228
강남구,2314. 청담나들목입구,202104,979
강남구,2315. 봉은사역 5번출구 옆,202104,727
강남구,2316. 삼성역 8번출구,202104,1466
강남구,2317. 삼성도로공원,202104,1300
강남구,2318. 삼성중앙역4번출구(문화센터더 리빌),202104,526
강남구,2319. 포스코사거리 서측(수협 삼성동 지점),202104,599
강남구,2320. 도곡역 대치지구대 방향,202104,658
강남구,2321. 학여울역 사거리,202104,656
강남구,2322. 삼성역 3번 출구,202104,1070
강남구,2323. 주식회사 오뚜기 정문 앞,202104,555
강남구,2324. 천주교 대치 2동 교회 옆,202104,1142
강남구,2325. 대치동 버거킹대치점,202104,944
강남구,2326. 대치동 삼성로,202104,505
강남구,2327. 뱅뱅사거리 랜드마크타워 앞,202104,975
강남구,2328. 르네상스 호텔 사거리 역삼지하보도 7번출구 앞,202104,470
강남구,2329. 르네상스호텔사거리 역삼지하보도 2번출구,202104,318
강남구,2330. 스타벅스 앞,202104,746
강남구,2331. 동영문화센터앞,202104,536
강남구,2332. 선릉역3번출구,202104,1143
강남구,2333. 양재역 3번출구 주변,202104,1250
강남구,2334. 삼호아파트 2동 ( 간선도로),202104,159
강남구,2335. 3호선 매봉역 3번출구앞,202104,1693
강남구,2336. 강남세브란스교차로 래미안그레이튼 104동 앞,202104,338
강남구,2337. 대모산입구역 2번출구 앞,202104,492
강남구,2339. 현대아파트 정문 앞,202104,620
강남구,2340. 삼호물산버스정류장(23370) 옆,202104,2273
강남구,2341. 일원역 4~5번 출구 사이,202104,695
강남구,2342. 대청역 1번출구 뒤,202104,1962
강남구,2343. 세곡사거리 대왕파출소 앞,202104,123
강남구,2344. 리엔파크 2단지 앞,202104,574
강남구,2347. 두산건설 본사,202104,325
강남구,2348. 포스코사거리(기업은행),202104,2062
강남구,2349. 역삼빌딩 앞(하나은행 옆),202104,289
강남구,2350. 래미안그레이튼102동앞,202104,353
강남구,2351. 청소년수련관(수영장)앞,202104,456
강남구,2352. 서울본부세관(건설회관 앞),202104,381
강남구,2353. 강남구청역 2번출구 뒤,202104,729
강남구,2354. 청담역 2번출구,202104,299
강남구,2355. 삼성역 5~6번 출구 사이,202104,1482
강남구,2356. 강남구청,202104,627
강남구,2357. 르네상스호텔사거리 역삼지하보도 3번출구 앞 (더 오번 빌딩 명동칼국수 앞),202104,382
강남구,2358. 구룡초사거리 (현대아파트10동 앞 ),202104,418
강남구,"2359. 국립국악중,고교 정문 맞은편",202104,964
강남구,2360. 도곡1동 주민센터 교차로,202104,549
강남구,2361. 압구정역 교차로,202104,1080
강남구,2362. 신사동 가로수길 입구,202104,970
강남구,2363. 강남 을지병원 교차로,202104,374
강남구,2364. 도산대로 렉서스 앞,202104,640
강남구,2365. K+ 타워 앞,202104,1039
강남구,2368. 도곡동 경남아파트 건너편,202104,223
강남구,2369. KT선릉타워,202104,987
강남구,2370. 한티역 3번출구,202104,373
강남구,2371. 한국우편사업진흥원,202104,355
강남구,2372. 대치역 사거리,202104,1109
강남구,2373. 개포동역 사거리,202104,1669
강남구,2375. 수서역 1번출구 앞,202104,969
강남구,2376. 수서역 6번출구 앞,202104,340
강남구,2377. 수서역 5번출구 뒤,202104,2648
강남구,2380. 삼성동베이직하우스앞,202104,611
강남구,2381. 언주역 6번출구앞,202104,524
강남구,2382. 역삼동 sk뷰 501동앞,202104,347
강남구,2383. 보금자리정원,202104,243
강남구,2384. 자곡사거리,202104,1935
강남구,2385. 학동역,202104,747
강남구,2386. 크린랩 본사,202104,370
강남구,2387. 래미안강남힐즈 사거리,202104,916
강남구,2388. 강남구 도시관리공단,202104,442
강남구,2389. 경기여자고등학교 후문 (삼성로3길 입구),202104,642
강남구,2390. 구룡마을 입구 (래미안블레스티지 아파트),202104,294
강남구,2391. 구룡터널 입구(개포1단지아파트),202104,20
강남구,2392. 구룡산 입구 (구룡산 서울둘레길 입구),202104,79
강남구,2393. 구룡사 앞 교차로 (보도육교),202104,79
강남구,2394. 개포래미안포레스트아파트 107동 앞,202104,860
강남구,2395. 개포1단지아파트 입구 (보도육교),202104,68
강남구,2396. 영동3교 북단(우성캐릭터 앞 보도),202104,863
강남구,2398. 더라움,202104,489
강남구,2401. 밀알학교 입구 (삼성서울병원 입구),202104,402
강남구,2403. 공무원연금매점 교차로 (개포주공9단지 입구),202104,217
강남구,2404. 대모산입구역 4번 출구 앞,202104,1024
강남구,2405. 청담공원앞 교차로,202104,738
강남구,2406. 논현동 광명빌딩 앞,202104,489
강남구,2407. 역삼.서초.삼성 세무서 앞 (역삼빌딩 앞),202104,1349
강남구,2408. 강남한양수자인아파트,202104,838
강남구,2409. 역삼동 디오슈페리움 (우성아파트 사거리),202104,766
강남구,2410. 포스코피앤에스타워 (역삼역 3번출구 부근),202104,674
강남구,2411. 세곡동 성당,202104,708
강남구,2412. 일원1동 주민센터,202104,1656
강남구,2413.도곡역 1번 출구,202104,1289
강남구,2414. 도곡역 아카데미스위트 앞,202104,1138
강남구,2415.한티역 롯데백화점 앞,202104,808
강남구,2416.한티역 6번 출구,202104,255
강남구,2417.선정릉 디캠프(D.CAMP)앞,202104,240
강남구,2418.봉은사역 7번 출구,202104,767
강남구,"2419.봉은사역 1,2번 출구",202104,553
강남구,2420.학여울역 사거리(LG베스트샵 앞),202104,862
강남구,2421. 신논현역 4번출구,202104,713
강남구,2422.수서동 성당 맞은편,202104,611
강남구,2423.영희초교 사거리(래미안개포루체하임),202104,1012
강남구,2425.세곡동 사거리(대왕초등학교 정류장),202104,232
강남구,2426.강남한신휴플러스 6단지,202104,437
강남구,2427.개포고등학교 정문앞,202104,457
강남구,2428.롯데리아 개포점앞,202104,374
강남구,2429.압구정로데오역 6번출구,202104,1148
강남구,2430.강남파이낸스센터앞(역삼역2번출구),202104,612
강남구,2431.대치역 7번출구,202104,1183
강남구,3602. 한국지역난방공사강남지사,202104,256
강남구,3603. 삼성역 2번출구,202104,639
강남구,3604. 삼성중앙역 5번출구(하이마트앞),202104,331
강남구,3605. 봉은사역6번출구(현대아이파크타워앞),202104,514
강남구,3606. 신사동주민센터 옆,202104,663
강남구,3609. 언주초등학교 입구,202104,281
강남구,3610. 윗반마을 입구,202104,79
강남구,3611. 방죽마을 입구,202104,308
강남구,3612. 은곡마을,202104,275
강남구,3614. 은마아파트 입구 사거리,202104,521
강남구,3615. 서울 논현동우체국 앞,202104,143
강남구,3616. 역삼중학교 앞(체육관 방향),202104,150
강남구,3620. 청담역 11번 출구,202104,80
강남구,3621. 휘문고교 사거리,202104,178
강남구,3622. 은마아파트입구 사거리,202104,102
강남구,3623. 일원에코파크 앞(개포로 방면),202104,573
강남구,3624. 대모산입구역 7번 출구 앞,202104,105
강남구,3627. 압구정나들목,202104,2061
강남구,3628. 역삼1동 주민센터,202104,437
강남구,3629. 청담사거리(신한오피스텔빌딩 앞),202104,244
강남구,3630. 개포우성6차아파트 정문 앞,202104,190
강동구,1001. 광진교 남단 사거리(디지털프라자앞),202104,2498
강동구,1002. 해공공원(천호동),202104,2463
강동구,1003. 해공도서관앞,202104,931
강동구,1004. 삼성광나루아파트 버스정류장,202104,1793
강동구,1006. 롯데캐슬 115동앞,202104,611
강동구,1007.암사동 선사유적지,202104,207
강동구,1008. 암사역 3번출구(국민은행앞),202104,3320
강동구,1009. 천호역4번출구(현대백화점),202104,4517
강동구,1010. 강동세무서,202104,2830
강동구,1011. LIGA 아파트 앞,202104,2802
강동구,1012. 서울 상운차량,202104,1140
강동구,1013. 강동구청역 1번 출입구,202104,1554
강동구,1014. 강동구평생학습관앞,202104,1123
강동구,1015. 샛마을 근린공원,202104,778
강동구,1016. 해뜨는 주유소옆 리엔파크 109동앞,202104,753
강동구,1017. 맥도날드(길동),202104,2437
강동구,1018. 둔촌 주공 GS 맞은편,202104,699
강동구,1019. 다성이즈빌아파트(호원대 대각선 맞은편),202104,2729
강동구,1020. 강동경찰서,202104,3001
강동구,1021. 강일동 리슈빌 빌딩앞,202104,1750
강동구,1022. 길동 사거리(초소앞),202104,1821
강동구,1023. 한국종합기술사옥 앞,202104,2292
강동구,1024. 강동구청 앞,202104,2643
강동구,1025. 상일초등학교,202104,835
강동구,1026. 대명초교 입구 교차로,202104,532
강동구,1027. 프라자 아파트 앞,202104,1179
강동구,1028. 포레스 주상복합 빌딩,202104,1759
강동구,1029. 롯데 시네마,202104,2248
강동구,1030. 미호 플랜트 앞,202104,987
강동구,1031. 올림픽로 836(아리수로),202104,660
강동구,1032. 선사고등학교,202104,774
강동구,1033. 고덕동 아남아파트,202104,906
강동구,1034. 고덕동 래미안 힐스테이트,202104,541
강동구,1035. 고덕역 4번출구,202104,966
강동구,1036. 고덕동 주양쇼핑,202104,930
강동구,1037. 강일리버파크 6단지,202104,294
강동구,1038. 강일 다솜 어린이 공원,202104,365
강동구,1039. 고덕초등학교,202104,188
강동구,1041. 묘곡초등학교,202104,791
강동구,1042. 강일리버파크 2~5단지,202104,779
강동구,1044. 굽은다리역,202104,3849
강동구,1047. 건강보험 강동지사kt,202104,1920
강동구,1048. 동부기업(둔촌동),202104,1892
강동구,1049. 강일리버파크 10단지,202104,748
강동구,1050. 둔촌역 3번 출입구,202104,4427
강동구,1051. 양지시장 (용성약국앞) 입구,202104,978
강동구,1052. 리싸이클시티,202104,283
강동구,1053. 동명근린공원 진입로 (아리수로),202104,295
강동구,1054. 말우물 어린이 공원,202104,278
강동구,1056. 강일리버파크 7~11단지,202104,465
강동구,1057. 능골근린공원,202104,909
강동구,1058. 고덕숲 아이파크 1,202104,1103
강동구,1059. 래미안 강동팰리스(102동),202104,1182
강동구,1060. 천일초교 사거리,202104,821
강동구,1061. 천호초교 입구 사거리(일주빌딩),202104,1185
강동구,1062. 고덕숲 아이파크 2,202104,345
강동구,1063.강동롯데캐슬퍼스트 아파트(관리동),202104,558
강동구,1064.중앙보훈병원역 1번출구,202104,350
강동구,1065.보훈병원 정문옆(중앙대영약국),202104,549
강동구,1066.생태공원앞 교차로(조명탑),202104,310
강동구,1067.한영중고앞사거리,202104,423
강동구,1068.명일파출소,202104,733
강동구,1069.강동경희대학교병원 입구,202104,442
강동구,1070.(시립)고덕평생학습관,202104,718
강동구,1071.명일근린공원공동체텃밭,202104,438
강동구,1072.고덕역 5번출구,202104,975
강동구,1073.SSTS 몰 앞,202104,955
강동구,1074.대명초교입구 사거리,202104,1107
강동구,1075.천동초교 삼거리,202104,1165
강동구,1076.전자랜드 길동점,202104,1821
강동구,1077.강동역 1번출구 앞,202104,2388
강동구,1078.둔촌사거리,202104,2019
강동구,1079.강일동입구교차로,202104,447
강동구,1080.엘웨딩,202104,942
강동구,1081.트레빌빌딩,202104,870
강동구,1082.중앙보훈병원역3번출구,202104,292
강동구,1083.광문고교사거리(아이파크),202104,540
강동구,1084. 윤선생빌딩(JYP사옥),202104,2341
강동구,1085.래미안 솔베뉴(고덕로),202104,1013
강동구,1086.래미안 솔베뉴(구천면로),202104,740
강동구,1088.풍납사거리(강동),202104,1127
강동구,1089.고덕 래미안힐스테이트(201동),202104,363
강동구,1090.상일동역 2번출구 앞,202104,2743
강동구,3539. 서원마을,202104,194
강동구,3652. 한영외국어고등학교,202104,184
강동구,3653. 강동리버스트4단지아파트 404동 앞,202104,1234
강동구,3654. 강동리버스트4단지아파트 405동 앞,202104,1269
강동구,3655. 둔촌신성미소지움아파트,202104,436
강동구,3676. 강동리엔파크9단지,202104,334
강동구,3685. 강동리엔파크14단지(1401동 앞),202104,418
강북구,"1501. 미아역 3번,4번 출구 사이",202104,1637
강북구,1503. 이디야 커피 수유역점 앞,202104,2674
강북구,1504. 다이소 삼양시장점,202104,620
강북구,1506. 강북문화예술회관,202104,1270
강북구,1509. 서울북부수도사업소,202104,664
강북구,1510. 번동주공5단지 관리사무소 앞,202104,337
강북구,1511. 번동 금호어울림아파트102동앞,202104,349
강북구,1512. 강북중학교 앞,202104,1784
강북구,1513. 강북구청 뒷편,202104,244
강북구,1514. 강북구청 사거리 버스정류소 앞,202104,1528
강북구,1515. 송천동 주민센터,202104,772
강북구,1516. 우이초등학교 후문 옆,202104,864
강북구,1518. SK telecom(수유직영점) 앞,202104,688
강북구,1519. 세븐일레븐 수유장미원점 앞,202104,837
강북구,1520. 성실교회,202104,1244
강북구,1522. 월드전기조명인테리어(우이동),202104,543
강북구,1525. 미아동 복합청사,202104,651
강북구,1526. 수유동 채선당앞,202104,996
강북구,1527. 미아역 1번 출구 뒤,202104,935
강북구,1528. 삼각산동 주민센터,202104,591
강북구,1529. 미아동 한국전력공사,202104,2128
강북구,1530. 광산사거리,202104,1935
강북구,1531. 미아사거리 1번 출구,202104,2529
강북구,1532. 번3동 주민센터 교차로,202104,765
강북구,"1533. 번동 주공3, 4단지 교차로",202104,1700
강북구,1534. 북서울 꿈의 숲 동문,202104,1461
강북구,1535. 효성인텔리안 앞,202104,1826
강북구,1536. 번동 두산위브 101동 옆,202104,958
강북구,1537. 북한산 우이역,202104,775
강북구,1538. 솔밭공원역,202104,481
강북구,1539. 4.19민주묘지역,202104,653
강북구,1540. 가오리역,202104,1179
강북구,1541. 삼양역,202104,297
강북구,1542. 삼양사거리역,202104,521
강북구,1543. 수유1동 주민센터,202104,1160
강북구,1545. 솔샘역 2번 출구,202104,409
강북구,1546. 송천동우체국,202104,579
강북구,1547. 꿈의숲 롯데캐슬,202104,520
강북구,1548. 북서울 꿈의숲 서문,202104,1195
강북구,1550.삼각산아이원아파트(105동 옆),202104,189
강북구,1551.4.19탑 앞,202104,639
강북구,1552. 강북구청사거리(던킨도너츠 앞),202104,1789
강북구,1553.예수그리스도후기성도교회 앞,202104,837
강북구,1554.번동사거리,202104,983
강북구,1557.신창교,202104,1517
강북구,1558.강북문화정보도서관,202104,123
강북구,1560. 도봉세무서 앞,202104,1102
강북구,1564.4.19민주묘지역 1번출구,202104,1182
강북구,1565.대한병원앞,202104,1219
강북구,1568.4.19민주묘지 입구사거리,202104,757
강북구,1569.수유역2번출구,202104,2307
강북구,1571.북서울 꿈의 숲 입구,202104,186
강북구,1572.우이산 입구,202104,171
강북구,1573.현대성우아파트 옆,202104,384
강북구,1574.송중초등학교 옆,202104,620
강북구,3703. 신성교회 앞,202104,329
강북구,3707. 드래곤타워 앞,202104,649
강북구,3711. 월계2교 교차로,202104,852
강북구,3714. 송천센트레빌,202104,396
강북구,3718. 번동 SK LPG 충전소,202104,704
강서구,1101. 개화동상사마을종점 버스정류장,202104,288
강서구,1102. 방화사거리 마을버스 버스정류장,202104,2480
강서구,1103. 방화역 4번출구앞,202104,1965
강서구,1105. 방화근린공원,202104,498
강서구,1106. 신방화사거리,202104,2361
강서구,1108. 공항시장역 2번출구 뒤,202104,1096
강서구,1109. 공항시장역 4번출구,202104,813
강서구,1110. 공항중학교앞,202104,1247
강서구,1111. 마곡엠밸리6_7단지 마곡중학교,202104,1634
강서구,1112. 마곡엠밸리4단지 정문,202104,3633
강서구,1113. 서남환경공원 버스정류장,202104,3
강서구,1115. 등촌역 1번출구옆,202104,2123
강서구,1117. 스타벅스앞,202104,3337
강서구,1118. 증미역 3번출구뒤(등촌두산위브센티움오피스텔),202104,3142
강서구,1119. 염창동 한마음아파트앞(염창동 빛나는 음악학원앞),202104,2273
강서구,1120. 대림경동아파트앞,202104,2317
강서구,1121. 가양레포츠센터앞,202104,1867
강서구,1122. 황금내근린공원,202104,3383
강서구,1124. 발산역 6번 출구 뒤,202104,4867
강서구,1125. 명덕고교입구(영종빌딩),202104,3823
강서구,1126. 우장산역 1번출구옆(우장산아이파크105동앞),202104,1711
강서구,1127. 화곡역(에이스정형외과앞) 버스정류장,202104,1799
강서구,1128. 화곡역 6번출구,202104,1684
강서구,1129. 화곡역 1번 출구 앞,202104,2133
강서구,1130. 화곡본동시장 버스정류장,202104,676
강서구,1131. 꿈돌이공원 앞,202104,2123
강서구,1132. 등촌역 7번출구,202104,2185
강서구,1135. 강서구의회,202104,2050
강서구,1136. 등촌2파출소,202104,980
강서구,1137. 등촌2동주민센터,202104,521
강서구,1139. 용문사 버스정류장,202104,1490
강서구,1140. 목동사거리 버스정류장,202104,2074
강서구,1141. 곰달래 문화복지센터 1-1,202104,1660
강서구,1145. 곰달래 문화복지센터 1-2,202104,865
강서구,1146. 곰달래사거리,202104,1533
강서구,1148. 볏골공원,202104,1185
강서구,1149. 신방화역환승주차장,202104,4205
강서구,1150. 송정역 1번출구,202104,2195
강서구,1151. 마곡역1번출구,202104,2261
강서구,1152. 마곡역교차로,202104,6027
강서구,"1153. 발산역 1번, 9번 인근 대여소",202104,6189
강서구,1155. 기쁜우리복지관,202104,2076
강서구,1157. 강서구청,202104,2458
강서구,1158. 가양역 8번출구,202104,5474
강서구,1159. 서서울모터리움앞,202104,1155
강서구,1160. 양천향교역 7번출구앞,202104,5743
강서구,1161. 강서면허시험장앞,202104,382
강서구,1162. 공항초등학교건너편,202104,1798
강서구,1163. 방화동강서기동대앞,202104,2130
강서구,1165. 마곡중학교 후문,202104,951
강서구,1166. 강서구립등빛도서관,202104,3556
강서구,1167. 마곡수명산파크3단지 교차로,202104,2872
강서구,1168. 마곡엠밸리10단지 앞,202104,1211
강서구,1169. 염창역 1번 출구,202104,1875
강서구,1170. 강서구보건소 (삼성디지털 프라자),202104,1372
강서구,1171. 염창동 새마을금고 건너편 (모닝글로리),202104,1517
강서구,1172. 가양3동 주민센터,202104,1781
강서구,1173. 강서구청사거리(SH타워),202104,2933
강서구,1174. 강서구청사거리(부민병원),202104,1282
강서구,1175. 대한항공 인력개발센터,202104,1435
강서구,1177. 수명중?고교,202104,1440
강서구,1178. 개화산역 2번 출구,202104,1168
강서구,1180. 마곡엠밸리 15단지(1502동) 건너편,202104,2249
강서구,1181. 농수산식품공사 (강서지사),202104,385
강서구,1182. KBS 스포츠월드,202104,1864
강서구,1183. KC 대학교,202104,438
강서구,1184. 마곡13단지,202104,3107
강서구,1185. 등촌9단지,202104,1220
강서구,1186. 송정중학교,202104,891
강서구,1187. 강서수산물도매시장,202104,789
강서구,1188. 롯데중앙연구소,202104,279
강서구,1190. 마곡역 교차로(2번출구),202104,1542
강서구,1191. 마곡역 교차로(NH농협),202104,2927
강서구,1192. 마곡수명산파크 209동 건너편,202104,1333
강서구,1193. 마곡센트럴타워 1차,202104,2640
강서구,1194. 센서텍㈜,202104,1100
강서구,1195. 코오롱One&Only타워,202104,2359
강서구,1196. 서울식물원(문화센터) 건너편,202104,572
강서구,1197. 엠펠리체 호텔 건너편,202104,2546
강서구,1198. LG 사이언스파크,202104,749
강서구,1199. 우장산역 3번출구,202104,2115
강서구,1200. 개화광역환승센터,202104,305
강서구,2701. 마곡나루역 5번출구 뒤편,202104,5212
강서구,2702. 마곡 엠밸리2단지,202104,1108
강서구,2703.서울도시가스 앞,202104,1026
강서구,2704.홈플러스(강서점),202104,2659
강서구,2706.강서공업고등학교 앞,202104,1695
강서구,2707.한강아파트,202104,1590
강서구,2708.강서한강자이타워 앞,202104,3292
강서구,2709.강변아파트 310동 앞,202104,1269
강서구,2710.라이품 공영주차장 앞,202104,1156
강서구,2711.가로공원공영주차장 1번 출구,202104,1133
강서구,2712.화곡터널입구교차로,202104,782
강서구,2713.우장초등학교 앞,202104,1183
강서구,2715.마곡나루역 2번 출구,202104,7601
강서구,2716.롯데 R&D 센터,202104,633
강서구,2717.LG유플러스 마곡사옥,202104,3261
강서구,2718.마곡수명산파크1단지,202104,1545
강서구,2719.마곡문화공원,202104,2362
강서구,2720.힐스테이트에코,202104,2817
강서구,2721.등촌1-10단지 교차로,202104,3274
강서구,2722.마곡 문영비지웍스,202104,0
강서구,2723.마곡 필네이처,202104,2368
강서구,2724.(재)FITI시험연구원,202104,1892
강서구,2725.서울식물원 식물문화센터,202104,1495
강서구,2727.서울식물원 잔디마당 앞,202104,1671
강서구,2728.마곡나루역 3번 출구,202104,5157
강서구,2729.넥센 유니버시티 앞,202104,1677
강서구,2730.마곡메가박스 앞,202104,1741
강서구,2731.명덕고교,202104,960
강서구,2732.마곡수명산 1-2단지,202104,1304
강서구,2733.마곡13단지 정문 앞,202104,2959
강서구,2735.마곡 공공청사,202104,2170
강서구,2737.까치산역 3번 출구,202104,1578
강서구,2739.수명산파크1단지교차로,202104,2472
강서구,2740.마곡레포츠센터,202104,868
강서구,2741.마곡수명산파크5-6단지,202104,1111
강서구,2742.강서구민올림픽체육센터,202104,1044
강서구,2743.동신아파트 104동 앞,202104,886
강서구,2744.강서세무서 앞,202104,2174
강서구,2745.수명초등학교,202104,891
강서구,2746.수명산파크 4단지 411동 앞,202104,1022
강서구,3753. 공항중학교 버스정류장,202104,754
강서구,3754. 신방화역 8번출구,202104,1183
강서구,3755. 어위쉬예다인오피스텔,202104,1082
강서구,3756. 마곡힐스테이트 정문,202104,928
강서구,3759. 서울이대병원,202104,1495
강서구,3760. 발산역 8번 출구,202104,1217
강서구,3761. 나이아가라관광호텔,202104,498
강서구,3763. 등촌태영아파트,202104,812
강서구,3764. 관문주유소(GS칼택스) 앞,202104,1061
강서구,3765. 문소빌딩,202104,327
강서구,3766. 강서문화센터,202104,176
강서구,3767. 대원빌딩,202104,711
강서구,3769. 가양동 이마트 앞,202104,2307
강서구,3772. 길성그랑프리텔아파트,202104,1849
강서구,3775. 가양오토갤러리,202104,1041
강서구,3776. 김포공항교차로,202104,483
강서구,3778. 김포공항입구 교차로,202104,1581
강서구,3779. 유광사여성병원,202104,810
강서구,3780. 등촌서광아파트,202104,2622
강서구,3781. 강서아동복지센터,202104,113
강서구,3782. 겸재정선미술관,202104,924
강서구,3783. 마곡금호어울림아파트,202104,863
강서구,3784. 벽산아파트,202104,1765
강서구,3786. 강서힐스테이트 상가 앞,202104,717
강서구,3787. 가양나들목,202104,1140
강서구,3788. 정곡나들목,202104,2341
강서구,3789. 염창나들목,202104,3435
강서구,3792. 화곡본동시장 입구,202104,609
강서구,3793. 더리브골드타워,202104,2
강서구,3794. 안양천합수부(현대3차아파트),202104,1966
강서구,3795. 공항신성빌딩 앞,202104,596
강서구,3796. 송정역 3번출구 앞,202104,1338
강서구,3797. 마곡수명산파크7단지 710동 앞,202104,698
강서구,3798. 그랜드아이파크아파트 앞,202104,2667
강서구,3799. 국립항공박물관,202104,242
관악구,2102. 봉림교 교통섬,202104,9795
관악구,2103. 신림동 우방아파트,202104,2046
관악구,2104. 사당역 5번출구,202104,1492
관악구,2105. 미성동 신림체육센터,202104,1414
관악구,2106. 난곡 새마을금고,202104,2076
관악구,2107. 도림천 신화교,202104,3490
관악구,2108. 은천치안센터,202104,1475
관악구,2109. 은천로입구 가로공원,202104,3371
관악구,2110. 조원동 미성아파트,202104,169
관악구,2111. 서울대입구역 1번출구,202104,1416
관악구,2112. 서울대입구역 마에스트로,202104,1311
관악구,2113. 관악동작견인차량보관소,202104,2344
관악구,2115. 관악농협농산물백화점,202104,1408
관악구,2116. 에이스에이존빌딩,202104,1013
관악구,2119. 중앙동 동진빌딩,202104,1443
관악구,2122. 낙성대로 입구,202104,1012
관악구,2127. 보성운수차고지 맞은편,202104,698
관악구,2128. 관악구청교차로,202104,891
관악구,2129. 낙성대 과학전시관,202104,721
관악구,2130. 영어마을 관악캠프,202104,344
관악구,2135. 신림역 5번출구,202104,1685
관악구,2136. 신림역 8번출구,202104,2901
관악구,2137. KT&G 관악지점,202104,491
관악구,2139. 서울신성초등학교,202104,757
관악구,2140. 신림1교 교차로,202104,2106
관악구,2141. 미림여고입구 교차로,202104,207
관악구,2143. 서울산업정보학교,202104,417
관악구,2144. 난우길입구,202104,810
관악구,2145. 은천초등학교 육교,202104,824
관악구,2148. 낙성대역 3번출구 뒤,202104,1172
관악구,2156. 농협 관악문성지점,202104,1056
관악구,2159. 인헌초교,202104,476
관악구,2164. 관악우체국,202104,1058
관악구,2165. JK장평타워,202104,599
관악구,2167. 낙성대역 1번출구,202104,889
관악구,2169. 봉천역 2번출구,202104,1340
관악구,2170. 조원동서울본병원,202104,1109
관악구,2171. 서울대입구역 5번출구,202104,1951
관악구,2172. 나들목공원,202104,738
관악구,2173. 당곡사거리,202104,5263
관악구,2174. 삼성디지털프라자관악점,202104,821
관악구,2175. 신림동걷고싶은문화의거리입구,202104,1470
관악구,2176. 보라매공원 보도육교,202104,2558
관악구,2177. 신대방역 2번 출구,202104,7230
관악구,2178. 서울대학교 정문,202104,731
관악구,2179. 양녕로 입구,202104,1601
관악구,2183. 동방1교,202104,6056
관악구,2184. 구암초등학교 버스정류장,202104,271
관악구,2185. 대학동 고시촌,202104,1100
관악구,2186.우리은행 낙성대역지점,202104,763
관악구,2187.현대시장사거리(신한은행),202104,1379
관악구,2189.삼성서비스센터(관악점),202104,1125
관악구,2190.도원맨션,202104,488
관악구,2191.대학동주민센터,202104,974
관악구,2195.은천교회,202104,760
관악구,2196.삼화페인트 봉천점,202104,594
관악구,2198.사랑의병원,202104,698
관악구,2199.신봉천주유소,202104,109
관악구,3306.서울신우초등학교,202104,165
관악구,3307.봉천고개 육교,202104,449
관악구,3310.영락고등학교,202104,548
관악구,3311.서울대입구역 4번 출구,202104,733
관악구,3802. 관악구민체육센터,202104,149
관악구,3803. 세븐일레븐 신림점,202104,1101
관악구,3804. 낙성대공원,202104,485
관악구,3806. 낙성대 교수아파트,202104,411
관악구,3807. 관악우체국 교차로,202104,385
관악구,3810. 신봉천주유소,202104,241
광진구,3500. 군자역2번출구,202104,2681
광진구,3501. 광진구청 앞,202104,2637
광진구,3502. 중곡역 1번출구,202104,906
광진구,3503. 광진유진스웰,202104,178
광진구,3504. 원일교회,202104,1973
광진구,3505. 신양초교앞 교차로,202104,986
광진구,3506. 영동대교 북단,202104,1654
광진구,3507. 어린이회관,202104,925
광진구,3508. 화양사거리,202104,961
광진구,3509. 세종사이버대학교,202104,2557
광진구,3510. 중곡SK아파트앞,202104,734
광진구,3516. 구의아리수정수센터앞,202104,759
광진구,3517. 용마사거리,202104,1986
광진구,3518. 군자역 7번출구뒤,202104,3537
광진구,3520. 광진경찰서,202104,2394
광진구,3521. 현대홈타운 뒷길,202104,383
광진구,3523. 건국대학교 과학관(이과대) 앞,202104,720
광진구,3524. 세종대학교,202104,167
광진구,3528. 광진정보도서관,202104,1164
광진구,3529. 어린이대공원정문,202104,936
광진구,3533. 건대입구역 사거리(롯데백화점),202104,5903
광진구,3534. 건대입구역 5번출구 뒤,202104,3170
광진구,3535. 중곡사거리(국민은행),202104,2236
광진구,3536. 중앙농협(자양동),202104,2397
광진구,3537. 아차산 휴먼시아 아파트 옆,202104,668
광진구,3541. 커먼그라운드,202104,3176
광진구,3542. 래미안 구의파크 스위트,202104,1925
광진구,3543. 세종대학교(학술정보원),202104,397
광진구,3563.구의7단지현대아파트,202104,162
광진구,3564.나루마당,202104,132
광진구,3566.우성4차아파트,202104,1842
광진구,3569.건대병원후문,202104,3181
광진구,3570.구의역 리버비스타 오피스텔,202104,2369
광진구,3571.화양 APT(횡단보도 옆),202104,3089
광진구,3573.광나루안전체험관,202104,1311
광진구,3575.자양사거리 (LG 유플러스),202104,2030
광진구,3578.중곡동 파크웨이빌딩,202104,1093
광진구,3579.광진 캠퍼스시티,202104,2936
광진구,3581.광진광장,202104,1060
광진구,3582.화양동 우체국,202104,1374
광진구,3586.군자역 비채온 오피스텔,202104,1752
광진구,3587.우성식품 앞,202104,1196
광진구,3588.세종대학교(영실관),202104,648
광진구,3853. 어린이대공원역 2번출구,202104,470
광진구,3860. 건국대학교 정문 앞,202104,862
광진구,3863. 동일로58길 입구,202104,492
광진구,3864. 광진소방서 앞,202104,603
광진구,3865. 이튼타워리버 2차,202104,1036
광진구,3868. 자양한강도서관,202104,899
광진구,3873. 동서울우편집중국 앞,202104,609
광진구,3878. 장로회신학대학교 주기철 기념관,202104,78
광진구,500. 어린이대공원역 3번출구 앞,202104,1871
광진구,501. 광진구의회 앞,202104,1531
광진구,502. 뚝섬유원지역 1번출구 앞,202104,16619
광진구,505. 자양사거리 광진아크로텔 앞,202104,2687
광진구,515. 광양중학교 앞,202104,1389
광진구,516. 광진메디칼 앞,202104,1288
광진구,539. 군자교교차로,202104,2386
광진구,540. 군자역 7번출구 베스트샵 앞,202104,2005
광진구,542. 강변역 4번출구 뒤,202104,2471
광진구,543. 구의공원(테크노마트 앞),202104,1424
광진구,544. 광남중학교,202104,1428
광진구,546. 잠실대교북단 교차로,202104,1441
광진구,548. 자양나들목,202104,2929
광진구,549. 아차산역 3번출구,202104,2830
광진구,551. 구의삼성쉐르빌 앞,202104,2639
광진구,552. 대림아크로리버 앞,202104,733
광진구,553. 중곡 성원APT 앞,202104,1626
광진구,555. 구의3동주민센터,202104,518
광진구,571. 어린이대공원역6번출구,202104,852
광진구,572. 국립정신 건강센터 앞,202104,605
광진구,573. 구의문주차장 앞,202104,1723
광진구,574. 아차산역4번출구,202104,2659
광진구,575. 중앙농협 중곡지점,202104,364
광진구,576. 광나루역 3번 출구,202104,2070
광진구,577. 광진청소년수련관,202104,1807
광진구,584. 광진광장 교통섬,202104,2042
광진구,588. 뚝섬 유원지역,202104,2313
광진구,590. 건국대학교 (입학정보관),202104,1659
광진구,591. 건국대학교 (행정관),202104,409
광진구,592. 건국대학교 학생회관,202104,1424
광진구,593.자양중앙나들목,202104,2446
구로구,1901. 신도림동주민센터 앞,202104,1814
구로구,1904. 도림천역 1번 출구 앞,202104,2393
구로구,1906. 신도림역 1번 출구 앞,202104,6761
구로구,1907. 구일우성(아) 육교 밑,202104,1267
구로구,1908. 해원리바파크 육교 밑,202104,1465
구로구,1910. 낙원교회 맞은편,202104,358
구로구,1911. 구로디지털단지역 앞,202104,6535
구로구,1912. 한신휴아파트 앞,202104,1750
구로구,1913. 구로리공원,202104,1110
구로구,1914. 대림역4번출구,202104,2294
구로구,1916. 구로중학교앞,202104,670
구로구,1920. 서울미래초등학교 사거리,202104,1243
구로구,1924. 삼부르네상스파크빌,202104,610
구로구,1925. 동양미래대학교 정문 옆,202104,4637
구로구,1928. 고척스카이돔구장 광장,202104,1274
구로구,1929. 고척근린공원 고척도서관 앞,202104,1071
구로구,1930. 개봉지구대 개봉치안센터,202104,1124
구로구,1931. 개봉역(북측광장),202104,1473
구로구,1933. 개봉푸르지오아파트 상가,202104,1408
구로구,1936. 개봉역 1번 출구 자전거보관서쪽,202104,858
구로구,1937. 한진아파트 입구,202104,1332
구로구,1941. 오류동역 2번출구,202104,1566
구로구,1943. 온수역 북측,202104,550
구로구,1946. 구로역 광장,202104,2770
구로구,1951. 천왕이펜하우스 4단지 상가 앞,202104,265
구로구,1952. 천왕연지타운2단지 앞,202104,1839
구로구,1953. 천왕역 4번출구 뒤,202104,1239
구로구,1955. 디지털입구 교차로,202104,2984
구로구,1956. 도야미리숯불갈비 앞,202104,1596
구로구,1957. 구일고등학교 정문,202104,1517
구로구,1958. 강서수도사업소민원센터,202104,1386
구로구,1959. 구로구의회 앞,202104,1201
구로구,1960. 화광신문사 앞,202104,1695
구로구,1961. 신도림테크노근린공원,202104,4281
구로구,1962. 가리봉동주민센터,202104,1354
구로구,1964. 원메디타운 앞,202104,1046
구로구,1965. 삼환로즈빌아파트 105동 옆,202104,1046
구로구,1966. 한마을아파트 정문상가,202104,1384
구로구,1967. 참새공원(백곡경노당),202104,415
구로구,1968. 동인오피스텔 건너편 소공원,202104,441
구로구,1969. 궁동생태공원,202104,192
구로구,1971. 오정초교 앞 보도육교,202104,413
구로구,1973. 오리로와 서해안도로 교차로 앞,202104,680
구로구,1974. 신도림2차e편한세상아파트 203동 앞,202104,1230
구로구,1975. 대림역 1번 출입구 밑,202104,1260
구로구,1976. 남구로역 5번 출입구 앞,202104,462
구로구,1977. 천왕역 1번 출입구 앞,202104,1714
구로구,1979. 구로1동우체국 앞,202104,265
구로구,1981. 천왕이펜하우스5단지 앞,202104,833
구로구,1983. 구로동롯데아파트,202104,1583
구로구,1984. 구로구청,202104,1267
구로구,1985. 구로도서관,202104,3412
구로구,1986. 태평양물산빌딩,202104,2857
구로구,1987. 개봉아이파크아파트 앞,202104,1504
구로구,1988. 고척LIGA아파트 앞,202104,2119
구로구,1991. 오류동역 맞은편,202104,2074
구로구,1992. 구로구배드민턴실내체육관 앞,202104,344
구로구,1993. 금강수목원아파트 앞,202104,619
구로구,1994. 삼성전자 물류센터 앞,202104,1025
구로구,1996. 구일역 1번 출입구 앞,202104,3192
구로구,1998. 고척교 교차로,202104,1194
구로구,1999. 수궁동 성당 주변,202104,509
구로구,2000. 신도림4차 e편한세상 아파트 1109동 앞,202104,1906
구로구,2801. 대륭포스트타워1차,202104,2051
구로구,2804.항동지구 6단지 602동 앞,202104,488
구로구,2805.구로자원순환센터,202104,200
구로구,2806.항동지구 4단지 입구,202104,158
구로구,2807.항동지구 1단지 105동 앞,202104,430
구로구,2808.항동지구 2단지 202동 앞,202104,400
구로구,2809.항동지구 11단지 1103동 앞,202104,273
구로구,2810.항동지구 3단지 311동 앞,202104,152
구로구,2812.항동프라자,202104,337
구로구,2813.항동지구 3단지 302동 앞,202104,155
구로구,2814.항동지구 10단지 1001동 앞,202104,357
구로구,2815.항동지구 7단지 정문,202104,462
구로구,2816.항동지구 8단지 803동옆(주차장입구),202104,120
구로구,2817.천왕이펜하우스5단지 앞,202104,351
구로구,2818.천왕이펜하우스3단지 앞,202104,347
구로구,2819.하늘숲초등학교 앞,202104,681
구로구,2820.신세기아파트 앞,202104,921
구로구,2821.청구아파트 앞,202104,1209
구로구,2822.제니스스포츠 앞,202104,380
구로구,2823.중앙유통단지 앞,202104,1045
구로구,2824.미래사랑어린이공원 앞,202104,2342
구로구,2825.초롱타운 앞,202104,408
구로구,2826.가마산지하보도 옆,202104,396
구로구,3902. 항동지구5단지 501동 앞,202104,408
구로구,3903. 현대아파트 앞,202104,651
구로구,3904. 테크노마트 앞,202104,1867
구로구,3905. 희훈타워빌 앞,202104,1556
구로구,3906. 천왕차량사업소 입구,202104,639
금천구,1804. 독산역 2번출구 자전거주차장,202104,1427
금천구,1805. 서울디지털운동장 앞,202104,952
금천구,1806. 에이스하이엔드타워9차 앞,202104,1098
금천구,1808. 에이스하이엔드타워8차 앞,202104,1023
금천구,1809. LG전자 별관동(호서대 벤처타워 맞은편),202104,678
금천구,1812. 갑을그레이트밸리 앞,202104,907
금천구,1814. 두산위브아파트 옆 상가건물 앞,202104,926
금천구,1816. 금천폭포공원 앞,202104,272
금천구,1819. 금천구청 앞 자전거거치대,202104,692
금천구,1820. 신한은행 시흥대로금융센터지점,202104,405
금천구,1821. 홈플러스 시흥점 맞은편 다비치안경 앞,202104,816
금천구,1822. 서울 시흥동우체국 앞,202104,754
금천구,1823. 상신정비공업 앞,202104,336
금천구,1824. 독산근린공원 입구,202104,2649
금천구,1825. 한신아파트 앞 육교 아래,202104,790
금천구,1826. 한신코아 앞,202104,654
금천구,1827. 독산보도육교 앞 자전거 보관소,202104,3756
금천구,1828. 한양수자인아파트 앞,202104,735
금천구,1829. 홈플러스 금천점 앞,202104,966
금천구,1830. 빅마켓 금천점 앞,202104,1457
금천구,1831. 메이퀸웨딩컨벤션 앞,202104,651
금천구,1833. 독산역 1번출구 앞 자전거보관소,202104,1042
금천구,1834. 월드메르디앙 벤처센터 2차,202104,2797
금천구,1835. STX V타워,202104,1047
금천구,1836. 금천구립 독산도서관,202104,229
금천구,1839. 수출의 다리 아래,202104,671
금천구,1840. 솔브레인이엔지 뒤편,202104,948
금천구,1841. 가산동 주민센터,202104,1217
금천구,1842. 한울중학교,202104,631
금천구,1843. 독산고등학교,202104,556
금천구,1845. 롯데캐슬골드파크1차 서문,202104,667
금천구,1846. 롯데캐슬골드파크1차 동문,202104,785
금천구,1847. 독산주공 14단지 버스정류소,202104,322
금천구,1848. 벽산 디지털밸리 5차,202104,1213
금천구,1849. 대륭포스트타워5차,202104,369
금천구,1850. 코오롱테크노밸리,202104,268
금천구,1851. 가산디지털단지 7번출구,202104,2277
금천구,1852. 혜명양로원 담장 옆,202104,513
금천구,1853. 서울디자인직업전문학교 앞,202104,341
금천구,1854. 가산아네스트 오피스텔 앞,202104,694
금천구,1855. 성지아파트 옆 도로변,202104,199
금천구,1856. 모두의학교,202104,931
금천구,1857. 주공14단지,202104,312
금천구,1858. 석수역1번출구 앞 (SK주유소),202104,605
금천구,1859. 대륭테크노타운 18차,202104,777
금천구,1861.IBK기업은행 석수역 지점 앞,202104,202
금천구,1862.스타즈호텔독산 빌딩 앞,202104,915
금천구,1863.위너스 스포츠클럽 골프연습장옆,202104,234
금천구,1864.산호시티빌 옆,202104,178
금천구,1865.금천구청앞(M빌딩),202104,366
금천구,1866.서울안천초등학교 옆,202104,386
금천구,1867.대륭포스트타워6차 앞,202104,2670
금천구,1868.우리은행 시흥남자동화점 앞,202104,489
금천구,1869.롯데캐슬골드파크3차 301동 앞,202104,764
금천구,1870.독산3동주민센터 앞,202104,672
금천구,3956. 대륭테크노타운21차 앞,202104,855
금천구,3958. 롯데캐슬2차 마을버스 정류장(18804) 뒤편,202104,474
금천구,3959. 시흥사거리(시흥동 994-3 앞),202104,818
금천구,3963. 에이스 하드웨어(시흥대로 396) 앞,202104,685
금천구,3966. 독산역1번출구 옆,202104,1016
노원구,1602. 광운대역 앞,202104,1644
노원구,1605. 헬스케어,202104,2594
노원구,1606. 태릉입구역 3번출구,202104,1294
노원구,1608. 공릉역 1번 출구 앞,202104,4567
노원구,1610. 화랑대역 2번출구 앞,202104,3519
노원구,1611. 과기대 입구(우),202104,3695
노원구,1616. 하계2동 공항버스정류장 옆,202104,2031
노원구,1617. 하계동 중평어린이공원 앞,202104,2189
노원구,1619. 중계동 하나프라자빌딩 앞(중1-1),202104,2058
노원구,1620. 중계동 노원구민체육센터 옆(중1-2),202104,1478
노원구,1625. 상계역(4번출구),202104,3583
노원구,1627. 수락산역 4번출구,202104,1172
노원구,1628. 노일초등학교 앞,202104,981
노원구,1630. 수연빌딩 앞,202104,1107
노원구,1634. 당고개공원 대여소,202104,1313
노원구,1635. 상계3.4동 주민센터 대여소,202104,418
노원구,1636. 백병원 사거리 농협은행 앞,202104,3322
노원구,1637. KT 노원점 건물 앞,202104,3765
노원구,1639. 희성오피앙,202104,1591
노원구,1640. 한내근린공원 북측,202104,1683
노원구,1641. 한내근린공원 남측,202104,814
노원구,1642. 서울여대 남문,202104,1059
노원구,1643. 태릉입구역 8번출구,202104,3058
노원구,1646. 삼육대 입구,202104,722
노원구,1650. 중계근린공원내,202104,3083
노원구,1651. 맥도날드 상계점 앞,202104,1131
노원구,1652. 파르코 앞,202104,445
노원구,1653. 노원역1번출구,202104,3869
노원구,1654. 당고개입구 오거리,202104,1112
노원구,1655. 공릉1단지아파트,202104,2952
노원구,1656. 중앙하이츠 아파트 입구,202104,2198
노원구,1657. 노원구청,202104,1480
노원구,1659. 중계동 을지중학교,202104,915
노원구,1660. 서울시립과학관,202104,536
노원구,1661. 당현천근린공원,202104,1768
노원구,1662. 노원역7번출구,202104,2348
노원구,1663. 동해문화예술관앞,202104,2666
노원구,1664. 노해근린공원내,202104,629
노원구,1665. 양지근린공원앞,202104,1037
노원구,1666. 노원소방서인근,202104,1634
노원구,1667. 중계중학교,202104,1639
노원구,1668. 중계역 6번출구,202104,2447
노원구,1669. 중계역 3번출구,202104,2034
노원구,1670. 노원경찰서교차로,202104,1729
노원구,1671. 인덕대학교,202104,561
노원구,1672. 상계동수락리버시티,202104,708
노원구,1673. 노원역 5번출구,202104,1430
노원구,1674. 서울북부고용센터앞,202104,3053
노원구,1675. 월계문화체육센터,202104,233
노원구,1677. 육군사관학교 앞,202104,1646
노원구,1678. 성서대학교 밀알관,202104,487
노원구,1679. 삼육대 도서관,202104,300
노원구,1680. 삼육대 제3과학관,202104,80
노원구,1681. 현대6차 아파트,202104,1214
노원구,1682. 중계종합사회복지관 교차로,202104,1303
노원구,1683. 노원문화예술회관,202104,1843
노원구,1684. 태릉입구역 5번출구,202104,3272
노원구,1685. 불암고등학교 앞 횡단보도,202104,1098
노원구,1686. 온수골사거리(스타벅스앞),202104,2963
노원구,1688. 마들역 7번출구,202104,2149
노원구,1689. 마들역 3번출구,202104,1735
노원구,1690. 도봉운전면허시험장,202104,1565
노원구,1691. 노원정보도서관,202104,1261
노원구,1692. 온곡초교 교차로,202104,1314
노원구,1693. 원자력 병원,202104,648
노원구,1695.월계미륭아파트 정문,202104,865
노원구,1696.수락리버시티4단지,202104,602
노원구,1697.상계주공2단지 219동,202104,1087
노원구,1700.상계보람아파트 202동,202104,1171
노원구,2901.공릉동풍림아파트 101동,202104,901
노원구,2902.공릉풍림아파트 108동,202104,1093
노원구,2903.월계초안아파트 1단지,202104,765
노원구,2904.중계3차청구아파트,202104,1529
노원구,2905.중계주공6단지,202104,658
노원구,2907. 월계중학교,202104,674
노원구,2908. 광운대학교 중앙도서관,202104,1368
노원구,2909. 석계역 3번 출구,202104,1973
노원구,2910.도깨비시장,202104,2474
노원구,2911.상계역중앙시장,202104,2037
노원구,2912.대진고등학교,202104,2023
노원구,2913.상계8동 주민센터,202104,1935
노원구,2914.서울과학기술대학교(미래관),202104,662
노원구,2915.서울과학기술대학교(어학교육원),202104,2007
노원구,2917.신창중학교 후문 맞은편 버스정류장,202104,1428
노원구,2919.등나무 근린공원(시립북서울미술관 앞),202104,3403
노원구,2920.상계중학교(당현2교사거리),202104,1060
노원구,2921.중계역 2번출구,202104,2007
노원구,4002. 상계주공 14단지 상가 앞,202104,469
노원구,4003. 스타벅스 상계초교사거리점,202104,945
노원구,4004. 당고개입구오거리 당현천변,202104,774
노원구,4005. 중계2차 한화꿈에그린 101동 인근,202104,453
노원구,4007. 노원 을지대학교 병원,202104,1168
노원구,4008. 하계 어린이 공원,202104,1014
노원구,4009. 월계프라자,202104,322
노원구,4011. 월계 센트럴 아이파크,202104,697
노원구,4013. 중계 롯데마트,202104,798
노원구,4014. 당고개역 3번 출구,202104,494
노원구,4016. 노원 마들스타디움,202104,44
노원구,4017. 월계 청백1단지 아파트 정류장,202104,440
노원구,4018. 상계주공15단지 버스정류소,202104,690
노원구,4019. 상계주공10단지 버스정류소,202104,673
노원구,4020. 중계동 성모빌딩 앞,202104,1043
노원구,4021. 중계본동 입구,202104,171
노원구,4023. 월계역 1번 출구,202104,403
노원구,4024. 꿈의숲 SK뷰 아파트,202104,653
노원구,4025. 한천교 동편,202104,929
노원구,4026. 상계주공1단지아파트,202104,583
노원구,4028. 한일유앤아이아파트 105동 인근,202104,755
노원구,4029. 청소년수련관 후문,202104,1231
노원구,4031. 청암예술학교 앞,202104,48
노원구,4032. 은행사거리(불암주유소 앞),202104,63
노원구,4033. 녹천 자동차운전 전문학원 (녹천역 4번 출구),202104,389
노원구,4034. 상계근린공원 운동장 앞,202104,271
도봉구,1702. 녹천역 1번출구 앞,202104,705
도봉구,1703. 도봉산광역환승센터앞,202104,501
도봉구,1705. 도봉구청 정문앞,202104,1485
도봉구,1706. 기업은행 앞,202104,860
도봉구,1707. 도봉구민회관,202104,1333
도봉구,1708. 보건소사거리(다비치안경창동점),202104,1834
도봉구,1709. 쌍문역4번출구 주변,202104,1280
도봉구,1713. 쌍문동 이안아파트 앞,202104,550
도봉구,1714. 도봉문화정보도서관 삼거리,202104,542
도봉구,1715. 서울특별시교육청도봉도서관,202104,1137
도봉구,1716. 하나로마트 창동점,202104,2667
도봉구,1717. 시립창동운동장 입구,202104,452
도봉구,1719. 신도봉사거리 버스정류장,202104,736
도봉구,1720. 도봉구청 옆(중랑천변),202104,2714
도봉구,1721. 창동역 2번출구,202104,3039
도봉구,1722. 창동청소년수련관,202104,965
도봉구,1723. 방학동학마을도서관,202104,661
도봉구,1725. 창1동주민센터,202104,450
도봉구,1726. 삼익세라믹아파트교차로,202104,1367
도봉구,1727. 서울도봉초등학교인근,202104,510
도봉구,1728. 서울북부지방법원,202104,336
도봉구,1729. 파리바게트앞,202104,997
도봉구,1730. 도봉산역 교차로 앞,202104,273
도봉구,1731. 도봉고등학교 맞은편,202104,414
도봉구,1732. 우리은행 앞,202104,579
도봉구,1733. 방학사거리 (봄마당 앞),202104,1411
도봉구,1734. 쌍문현대1차아파트 108동 앞,202104,1031
도봉구,"1735. 도봉역 1,2번 출구사이 건너편",202104,899
도봉구,1736. 버스정류장 앞,202104,657
도봉구,1737. 하나은행 (창동점),202104,2285
도봉구,1738. 창동주공17단지 상가앞,202104,2102
도봉구,1741. 제일강산수산입구,202104,2919
도봉구,1742. 북한산 코오롱 하늘채,202104,2049
도봉구,1743.창동19단지아파트 관리사무소앞,202104,1197
도봉구,1744.KT방학지사 앞,202104,1121
도봉구,1746. 다이소방학점 앞,202104,681
도봉구,1748. 피자헛 앞(도봉병원 옆),202104,749
도봉구,1749. ESA아파트 상가 앞,202104,1139
도봉구,1750. 창포원 남쪽 입구,202104,1439
도봉구,1751. 창원초등학교 교차로,202104,648
도봉구,1752. 창동 주공 4단지 입구 옆,202104,793
도봉구,1754. 창동시장입구 사거리,202104,1221
도봉구,1756.서울북부광역등기국,202104,356
도봉구,1757.솔밭공원역 1번출구 앞,202104,559
도봉구,1758.북서울교회 버스정류소 앞,202104,784
도봉구,1759.서울북부지방법원 앞,202104,704
도봉구,1761.방학중학교 앞,202104,658
도봉구,1762.북한산 한신휴플러스APT앞,202104,1556
도봉구,1765.쌍문역 1번 출구(양산부인과 빌딩),202104,1422
도봉구,1767.태양중앙교회 앞,202104,1602
도봉구,1768.신동아타워 버스정류소,202104,809
도봉구,1770.도봉한신아파트 주변,202104,866
도봉구,1771.성원APT버스정류소,202104,1311
도봉구,1772.시립도봉노인복지관 버스정류소,202104,776
도봉구,1774.반석교회(쌍문동),202104,559
도봉구,1775.신원리베르텔 앞,202104,1030
도봉구,4054. KT프라자도봉점 맞은편,202104,62
도봉구,4058. 다락원체육공원 전망대 입구,202104,28
도봉구,4062. 평화도봉공원 주변,202104,441
도봉구,4064. 신창아파트 입구 앞,202104,19
도봉구,4065. 창동역 1번출구 앞,202104,91
도봉구,4073.방아골종합사회복지관,202104,91
도봉구,4074. 도봉구육아종합지원센터(창동),202104,25
도봉구,4076. 진영상운 앞 중랑천 변,202104,2771
동대문구,4102. 휘경1동주민센터 앞,202104,1232
동대문구,4103. 휘경sk뷰아파트 앞,202104,693
동대문구,4104. 외대앞역 교차로,202104,1369
동대문구,4105. 하나은행 장안동지점앞,202104,863
동대문구,4107. 장안동근린공원 입구,202104,615
동대문구,4108. 답십리파크자이아파트 앞,202104,1129
동대문구,4110. 용두롯데캐슬리치아파트 앞,202104,634
동대문구,4112. 신이문빗물펌프장 옆,202104,378
동대문구,4113. 한국국방연구원 앞,202104,1377
동대문구,4114. 휘경여중고삼거리,202104,1251
동대문구,4116. 이문e편한세상아파트 앞,202104,476
동대문구,4117. 휘경119안전센터 앞,202104,863
동대문구,4121. 서울문화재단 앞,202104,1566
동대문구,4122. 청계9가교차로 앞,202104,1438
동대문구,4123. 배봉초교 교차로,202104,1172
동대문구,600. 휘경2동 주민센터,202104,355
동대문구,601. 용신동주민센터,202104,807
동대문구,602. 장안동 사거리,202104,3655
동대문구,604. 답십리초등학교 옆 공원,202104,913
동대문구,605. 신설동역8번출구,202104,1435
동대문구,606. 휘경공고앞,202104,676
동대문구,607. 신이문역 2번출구,202104,771
동대문구,608. 전농삼성아파트,202104,308
동대문구,609. 제기2교,202104,2110
동대문구,610. 동대문중 교차로,202104,872
동대문구,612. 시립동부병원 앞 사거리,202104,2210
동대문구,613. 신설동역 10번출구 앞,202104,2358
동대문구,614. 용두동 사거리,202104,2187
동대문구,615. 용두동 래미안허브리츠아파트 앞,202104,1587
동대문구,616. 서울시립대 앞,202104,358
동대문구,617. 청솔우성아파트 앞,202104,1269
동대문구,621. 동대문중학교 옆,202104,455
동대문구,622. 전농사거리 교통섬,202104,1092
동대문구,623. 서울시립대 정문 앞,202104,1890
동대문구,624. 전농동 동아아파트 앞,202104,1451
동대문구,625. 답십리초등학교 앞(현대시장 옆),202104,1316
동대문구,626. 군자교 서측 녹지대,202104,1809
동대문구,627. 장안동삼거리 교통섬,202104,1833
동대문구,628. 휘봉고등학교 앞,202104,643
동대문구,630. 동대문구 보건소,202104,2229
동대문구,631. 답십리역 1번출구,202104,2940
동대문구,633. 청량리 기업은행 앞,202104,1241
동대문구,634. 외국어대 정문 앞,202104,3028
동대문구,635. 시조사 앞 (청량고정문 옆),202104,1734
동대문구,636. 세종대왕기념관 교차로,202104,554
동대문구,637. KAIST 경영대학 앞,202104,1196
동대문구,638. 서울시립대 정보기술관,202104,652
동대문구,639. 서울시립대 후문,202104,571
동대문구,640. KEB하나은행 청량리역지점,202104,843
동대문구,641. 용두역 4번출구,202104,2587
동대문구,642. 신답역 사거리,202104,1468
동대문구,643. 동대문구민체육센터 (육교아래),202104,2408
동대문구,646. 장한평역 1번출구 (국민은행앞),202104,4768
동대문구,647. 신이문역 1번출구,202104,813
동대문구,648. 장안동위더스빌옆,202104,2745
동대문구,650. 중랑교사거리,202104,1812
동대문구,652. 답십리 래미안엘파인아파트 입구,202104,298
동대문구,654. 전농동 텃골공원,202104,745
동대문구,656. 영휘원 교차로,202104,762
동대문구,657. 동대문롯데캐슬아파트 앞,202104,1346
동대문구,658. 촬영소 사거리,202104,1301
동대문구,659. 제기역1번출구,202104,2099
동대문구,660. 동의보감타워,202104,1699
동대문구,661. 경희대학교 청운관,202104,1306
동대문구,663. 외대앞역 4번출구,202104,1258
동대문구,664. 서울시립대 건설공학관,202104,508
동대문구,665.이문동 쌍용아파트 정문,202104,807
동대문구,666.이문대성유니드아파트 앞,202104,816
동대문구,667.청량차도 육교 밑,202104,553
동대문구,668.서울축산농협(장안지점),202104,2892
동대문구,669.청계한신휴플러스앞 삼거리,202104,1219
동대문구,670.삼육서울병원 버스정류장,202104,3680
동대문구,671.대광빌딩,202104,464
동대문구,672.대광고등학교,202104,841
동대문구,673.안암골벽산아파트(후문),202104,1038
동대문구,674.고대앞사거리 교통섬,202104,1758
동대문구,675.성복교회 앞 (장평교 아래),202104,1655
동대문구,676.FITI시험연구원 앞,202104,781
동대문구,677.청량리역 4번 5번출구 사이,202104,2168
동대문구,678.장안힐스테이트(아) 앞,202104,1683
동대문구,679.전농SK아파트 앞,202104,420
동대문구,680.꿈마루어린이도서관 앞,202104,2236
동대문구,681.서울특별시 동부교육지원청(육교),202104,272
동작구,2002. 노들역 1번출구,202104,3583
동작구,2003. 사육신공원앞,202104,1878
동작구,2007. 유한양행앞,202104,1462
동작구,2008. 노량진근린공원 대방공원,202104,785
동작구,2009. 보라매역 8번출구,202104,918
동작구,2012. 녹십초요양병원앞,202104,795
동작구,2013. 장승배기역 5번출구,202104,2203
동작구,2015. 신대방삼거리역 6번출구쪽,202104,2529
동작구,2016. 신대방삼거리역 3번출구쪽,202104,1434
동작구,2020. 장승배기역2번출구뒷편쪽,202104,963
동작구,2024. 상도역 1번출구,202104,818
동작구,2025. 흑석역 1번출구,202104,3925
동작구,2026. 흑석역 4번출구,202104,793
동작구,2027. 중앙대학교 정문 1,202104,766
동작구,2032. 이수역 11번출구쪽,202104,1585
동작구,2033. 사당동 아르테스 웨딩앞,202104,1094
동작구,2034. 사당역 7번출구쪽,202104,1233
동작구,2036. 정금마을 마을버스정류장,202104,708
동작구,2037. 동작역 5번출구 동작주차공원,202104,1293
동작구,2038. 동작역 7번출구,202104,264
동작구,2040. 비계 버스정류소,202104,283
동작구,2041. 사당중학교 버스정류소,202104,387
동작구,2048. 삼일초등학교 인근,202104,625
동작구,2050. 노량진역 5번출구,202104,3292
동작구,2054. 삼익아파트,202104,1442
동작구,2056. 동작구민 체육센터,202104,1502
동작구,2057. 상도 아이파크 아파트,202104,744
동작구,2058. 노량진동 맥도널드앞,202104,2491
동작구,2059. 보라매공원 정문,202104,2090
동작구,2060. 남성역3번출구 뒤,202104,1577
동작구,2061. 한강 현대아파트 건너편,202104,270
동작구,2062. 사당새마을금고,202104,507
동작구,2063. 대방역 4번출구,202104,1357
동작구,2064. 흑석한강푸르지오 106동앞,202104,373
동작구,2065. 서울시여성가족재단,202104,471
동작구,2066. 양문교회 앞,202104,1815
동작구,2067. LG전자 베스트? 대리점 앞,202104,1401
동작구,2068. 총신대 앞(육교),202104,128
동작구,2069. 숭실대 입구역3번 출구 앞,202104,774
동작구,2070. 노량진역 2번 출구 앞,202104,1828
동작구,2071. 대림아파트 후문 상가 옆,202104,374
동작구,2076.노들나루공원 입구,202104,3712
동작구,2077.노들역 3번출구,202104,1336
동작구,2078.흑석 아크로리버하임(103동),202104,285
동작구,2079.중앙대학교 중앙광장,202104,183
동작구,2080.빕스 대방점 앞,202104,2051
동작구,2081.대방1차 e편한세상 앞,202104,921
동작구,2082.7호선 이수역7번출구,202104,754
동작구,2083.흑석롯데캐슬에듀포레(107동),202104,519
동작구,2084.e편한세상 상도노빌리티 앞,202104,1179
동작구,2085.강남중학교 앞,202104,1173
동작구,2086.삼일수영장 앞,202104,834
동작구,2088.상도중앙하이츠빌 입구,202104,576
동작구,2089.사당역10번출구(금강빌딩),202104,829
동작구,2090.기아자동차 사당점 앞,202104,1015
동작구,2091.이수역9번출구(맥도날드),202104,968
동작구,2092.흑석한강푸르지오(110동),202104,272
동작구,2093.상도SH빌아파트 입구,202104,193
동작구,2094.숭실대학교(중문),202104,131
동작구,2095.경문고등학교 앞,202104,694
동작구,2096.서울특별시 동작관악교육지원청,202104,158
동작구,237. 보라매 두산위브 건너편,202104,1786
동작구,4152. 상도효성해링턴플레이스,202104,465
동작구,4153. 흑석동효사정앞,202104,373
동작구,4158. 노량진근린공원,202104,183
동작구,4162. 노량진1동 청소년독서실,202104,345
동작구,4167. 구로교 아래,202104,443
동작구,4169. 신대방삼거리,202104,1053
마포구,102. 망원역 1번출구 앞,202104,3997
마포구,103. 망원역 2번출구 앞,202104,3397
마포구,104. 합정역 1번출구 앞,202104,1897
마포구,105. 합정역 5번출구 앞,202104,1484
마포구,106. 합정역 7번출구 앞,202104,5034
마포구,107. 신한은행 서교동금융센터점 앞,202104,1957
마포구,108. 서교동 사거리,202104,1861
마포구,109. 제일빌딩 앞,202104,1833
마포구,111. 상수역 2번출구 앞,202104,2093
마포구,112. 극동방송국 앞,202104,1336
마포구,114. 홍대입구역 8번출구 앞,202104,5141
마포구,118. 광흥창역 2번출구 앞,202104,1175
마포구,119. 서강나루 공원,202104,1987
마포구,120. 신수동 사거리,202104,511
마포구,121. 마포소방서 앞,202104,1121
마포구,122. 신성기사식당 앞,202104,1149
마포구,124. 서강대 정문 건너편,202104,1553
마포구,125. 서강대 남문 옆,202104,609
마포구,126. 서강대 후문 옆,202104,1631
마포구,127. 현대벤처빌 앞,202104,366
마포구,129. 신촌역(2호선) 6번출구 옆,202104,961
마포구,130. 신촌역(2호선) 7번출구 앞,202104,2163
마포구,142. 아현역 4번출구 앞,202104,693
마포구,143. 공덕역 2번출구,202104,1642
마포구,144. 공덕역 8번출구,202104,4013
마포구,145. 공덕역 5번출구,202104,1166
마포구,146. 마포역 2번출구 뒤,202104,3176
마포구,147. 마포역 4번출구 뒤,202104,3576
마포구,148. 용강동 주민센터 앞,202104,2306
마포구,150. 서강대역 2번출구 앞,202104,1166
마포구,152. 마포구민체육센터 앞,202104,10012
마포구,153. 성산2교 사거리,202104,2070
마포구,154. 마포구청역,202104,2868
마포구,155. 가좌역1 번출구 뒤,202104,1014
마포구,156. 서울서부지방법원 앞,202104,979
마포구,157. 애오개역 4번출구 앞,202104,1817
마포구,181. 망원초록길 입구,202104,821
마포구,182. 망원2빗물펌프장 앞,202104,4628
마포구,183. 하늘채코오롱아파트 건너편,202104,2629
마포구,184. SK망원동주유소 건너편,202104,2619
마포구,185. 마포 신수공원 앞,202104,1432
마포구,186. 월드컵공원,202104,4508
마포구,199. 서울 월드컵 경기장,202104,1182
마포구,3002.벽산상암스마트큐브,202104,2951
마포구,3003.래미안신공덕3차아파트,202104,141
마포구,3005.마포구청 청사내,202104,493
마포구,3006. 상암월드컵파크5단지(상암중학교),202104,555
마포구,3007.MBC 앞,202104,1252
마포구,3008.DMC역7번출구,202104,974
마포구,3009.서교동사거리(신),202104,1880
마포구,3010.홍대입구역 3번출구,202104,3908
마포구,3011.경의선(노고산동),202104,1510
마포구,400. 상암한화오벨리스크 1차 앞,202104,1107
마포구,401. 상암월드컵파크 10단지 앞,202104,829
마포구,402. 상암월드컵파크 9단지 앞,202104,824
마포구,403. 부엉이공원 앞,202104,764
마포구,405. DMC빌 앞,202104,715
마포구,406. 상암월드컵파크 7단지 앞,202104,922
마포구,407. 마포구 육아종합지원센터,202104,987
마포구,408. LG CNS앞,202104,999
마포구,409. 누리꿈스퀘어 옆,202104,2495
마포구,410. 상암중학교 옆,202104,448
마포구,411. DMC홍보관,202104,1437
마포구,412. DMC산학협력연구센터 앞,202104,1567
마포구,413. 상암월드컵파크 3단지 후문,202104,891
마포구,414. 상암동주민센터 옆,202104,1824
마포구,415. DMC역 9번출구 앞,202104,3198
마포구,416. 상암월드컵파크 1단지 교차로,202104,902
마포구,417. DMC역 2번출구 옆,202104,2440
마포구,418. 월드컵경기장역 3번출구 옆,202104,3716
마포구,419. 홈플러스 앞,202104,3146
마포구,420. 서울시 공공자전거 상암센터,202104,1663
마포구,4202. 프런트원(공덕역4번출구 앞),202104,664
마포구,4206. 광흥창역5번출구,202104,954
마포구,4207. 아만티호텔 앞,202104,554
마포구,4208. 스타벅스(동교동) 앞,202104,946
마포구,421. 마포구청 앞,202104,2234
마포구,4210. 가좌행복주택 앞,202104,1017
마포구,4211. 시석빌딩 앞,202104,928
마포구,4212. 한화오벨리스크 앞,202104,622
마포구,4213. 마포구중앙도서관 정문 앞,202104,1732
마포구,4214. JTBC 앞,202104,860
마포구,422. 문화비축기지,202104,437
마포구,424. 롯데하이마트 (상암월드컵점),202104,712
마포구,425. DMC첨단산업센터,202104,726
마포구,426. 서울신용보증재단,202104,1676
마포구,427. 성산시영아파트,202104,1166
마포구,432. 마포중앙도서관,202104,295
마포구,436. 이대역 5번출구,202104,750
마포구,437. 대흥역 1번출구,202104,1293
마포구,438. 성산2-1 공영주차장,202104,1760
마포구,439. 마포어린이공원,202104,3086
마포구,440. 하늘공원 입구,202104,1204
마포구,487.신석초교앞 교차로 교통섬,202104,844
마포구,488.푸르메병원,202104,780
마포구,489.구룡근린공원,202104,287
마포구,490.가온문화공원,202104,1196
마포구,491.월드컵파크 4단지,202104,570
마포구,492.성산시영아파트 후문,202104,1256
마포구,493.홍대입구역 6번출구,202104,2229
마포구,494.신수동주민센터,202104,409
마포구,495.염리초등학교 앞,202104,1211
마포구,497.합정동주민센터 앞,202104,2508
마포구,498.연남동주민센터 앞,202104,2698
서대문구,115. 마스타 빌딩 앞,202104,1188
서대문구,116. 일진아이윌아파트 옆,202104,1828
서대문구,117. 홍은사거리,202104,3906
서대문구,123. 문화촌 공원,202104,2548
서대문구,128. 신촌역(2호선) 1번출구 옆,202104,1392
서대문구,131. 증산2교,202104,3067
서대문구,133. 해담는다리,202104,2435
서대문구,134. 연세로 명물길,202104,1046
서대문구,135. 명물길 원형무대 앞,202104,731
서대문구,137. NH농협 신촌지점 앞,202104,550
서대문구,138. 신촌동 제1공영주차장 앞,202104,730
서대문구,139. 연세대 정문 건너편,202104,394
서대문구,140. 이화여대 후문,202104,733
서대문구,141. 연대 대운동장 옆,202104,556
서대문구,158. 독립문 어린이 공원,202104,578
서대문구,159. 이대역 4번 출구,202104,342
서대문구,160. 북아현동 가구거리,202104,572
서대문구,161. 무악재역1번 출구,202104,277
서대문구,162. 봉원고가차도 밑,202104,633
서대문구,163. 명지전문대학교 정문 앞,202104,574
서대문구,164. 북가좌1동 주민센터,202104,591
서대문구,165. 중앙근린공원,202104,1484
서대문구,166. 가재울 초등학교,202104,1651
서대문구,167. 연가초등학교 옆,202104,561
서대문구,169. 북가좌 삼거리,202104,542
서대문구,170. 가재울 뉴타운 주유소 옆,202104,1290
서대문구,171. 임광빌딩 앞,202104,750
서대문구,173. 서대문역 8번출구 앞,202104,937
서대문구,175. 홍연2교옆,202104,2784
서대문구,176. 명지대학교 도서관,202104,2096
서대문구,177. 북가좌 초등학교,202104,800
서대문구,178. 증산3교 앞,202104,1437
서대문구,179. 가좌역 4번출구 앞,202104,1648
서대문구,180. 충정로역 7번출구 아래,202104,831
서대문구,188. 홍은동 정원여중 입구,202104,1117
서대문구,191. 서우빌딩(바른학원),202104,1026
서대문구,192. 연서어린이공원,202104,711
서대문구,194. 증산교 앞,202104,2396
서대문구,195. 모래내고가차도,202104,969
서대문구,196. 연희교차로 인근,202104,484
서대문구,198. 충정2교,202104,1007
서대문구,3100. 북성초교,202104,369
서대문구,3101. 서대문구청,202104,1131
서대문구,3102. 연희삼거리,202104,1115
서대문구,3103. 홍제삼거리 북측,202104,990
서대문구,3104. e편한세상 신촌4단지 앞,202104,706
서대문구,3105. 홍은센트레빌 아파트 앞,202104,302
서대문구,3106. 홍남교 두바퀴쉼터,202104,34
서대문구,3107. 연희초등학교 앞,202104,599
서대문구,3109.북한산더? 106동 앞,202104,381
서대문구,3110.홍은 현대아이파크 아파트 202동 앞,202104,842
서대문구,3111.무악재역 4번 출구,202104,426
서대문구,3113.독립문역사거리,202104,795
서대문구,3114.충정로역 3번 출구,202104,317
서대문구,3115.북아현 치안센터 인근,202104,929
서대문구,3116.신촌역 4번출구,202104,691
서대문구,3117.이화여대 인문관 인근,202104,235
서대문구,3119.연희 브라운스톤 아파트 앞,202104,1540
서대문구,3120.DMC엘가아파트 앞,202104,1150
서대문구,3121.가좌삼거리,202104,1067
서대문구,3122.북가좌삼거리2,202104,762
서대문구,3123.DMC파크뷰자이1단지 110동 앞,202104,767
서대문구,3124.DMC센트럴아이파크아파트,202104,1621
서대문구,3125.연희파크푸르지오아파트 앞,202104,2013
서대문구,3126.남가좌동 제2공영주차장,202104,314
서대문구,3127.홍은2파출소 옆,202104,570
서대문구,3128.동신병원 맞은편,202104,1307
서대문구,3129.DMC래미안e편한세상203동옆,202104,706
서대문구,3130.가재울사거리,202104,1138
서대문구,3131.연가교 교차로,202104,1037
서대문구,3132.홍제교,202104,553
서대문구,3133.핀란드 타워앞,202104,241
서대문구,3134.SK리쳄블(상수도사업본부),202104,387
서대문구,4253. 홍은도담도서관,202104,439
서초구,2201. 본마을 정류소 앞,202104,146
서초구,2202.청계산입구역 1번출구,202104,1299
서초구,2203. 청계산입구역 2번출구,202104,351
서초구,2205. 내곡3단지 어린이공원 앞,202104,729
서초구,2206. 언남초등학교 앞,202104,1014
서초구,2207. 내곡파출소 뒤 정자,202104,209
서초구,2210. 반포1동 주민센터 앞,202104,464
서초구,2211. 서초구립반포도서관 앞,202104,1172
서초구,2212.서초현대4차아파트 201동 맞은편,202104,679
서초구,2213. 고속터미널역 5번출구 앞,202104,1330
서초구,2214. 신반포역 2번출구 앞,202104,801
서초구,2215. 반포종합운동장 입구,202104,968
서초구,2217.아크로리버뷰 부지 앞,202104,2799
서초구,"2219. 고속터미널역 8-1번, 8-2번 출구 사이",202104,6312
서초구,2220. 반포본동 주민센터 앞,202104,4056
서초구,2221.하나은행 방배동지점 앞,202104,1516
서초구,2222.사당역 12번출구 뒤,202104,1877
서초구,2223. 방배래미안 정문 앞,202104,492
서초구,2225.백석예술대학교 제3캠퍼스 앞,202104,189
서초구,2226. 신동아럭스빌아파트 앞,202104,219
서초구,2227.방배열린문화센터 앞,202104,754
서초구,2228.뒷벌공원 옆,202104,1606
서초구,2229.로고스교회 맞은 편,202104,452
서초구,2230.이수역 4번 출구,202104,1981
서초구,2231. 삼성타운(삼성생명) A동 맞은편,202104,1760
서초구,2233. 서초신동아1차아파트 옆,202104,675
서초구,2235.KT 서초지사 앞,202104,590
서초구,2237.서울남부터미널 대합실 입구,202104,1081
서초구,2239.교대역 6번출구,202104,687
서초구,2241.양재전화국 사거리,202104,385
서초구,2242.양재역 11번 출구 앞,202104,1162
서초구,2243.서울가정법원,202104,771
서초구,2244.교육개발원입구 교차로,202104,1355
서초구,2245.양재초등학교 맞은편,202104,824
서초구,2246. 서울시 품질시험소 앞,202104,810
서초구,2247.섬들근린공원,202104,1697
서초구,2248. 서초리슈빌S 글로벌 앞,202104,263
서초구,2249. 우솔초등학교 맞은편,202104,435
서초구,2250. 서초유치원 맞은편,202104,949
서초구,2251. 더케이호텔 입구(양재2),202104,1103
서초구,2252. 하이브랜드 앞,202104,1778
서초구,2255.시민의숲역 1번출구 옆,202104,2476
서초구,2256.양재동 꽃시장 입구,202104,553
서초구,2257. 하나로클럽 양재점 맞은편,202104,250
서초구,2258.구룡사 삼거리,202104,323
서초구,2259. 잠원역 3번-4번 출구사이,202104,947
서초구,2262. 한신16차아파트 119동 앞,202104,5852
서초구,2263. 바우뫼문화복지회관,202104,858
서초구,2264. 이수역 1번출구,202104,2975
서초구,2265. 이수고가차도 남단,202104,1871
서초구,2266. 서초역 3번출구,202104,1042
서초구,2268. 서초4동주민센터,202104,790
서초구,2269. 주홍교 하부,202104,437
서초구,2270. 서초포레스타 7단지,202104,518
서초구,2271. 내방역 8번출구 앞,202104,1037
서초구,2272. 교대입구 교차로,202104,450
서초구,2273. 일동제약 사거리,202104,1119
서초구,2274. 양재시민의숲역 3번출구,202104,1077
서초구,2275. 염곡치안센터 건너편,202104,197
서초구,2276. 영동1교 (양재천근린공원),202104,1272
서초구,2277. 길마중4교 하부,202104,1127
서초구,2279. 교대역 5번출구뒤,202104,1464
서초구,2280. 서울서초고용센터앞,202104,537
서초구,2281. 연세사랑병원신관앞,202104,540
서초구,2282. 방배래미안아트힐 101동앞,202104,208
서초구,2283. 그룹한빌딩옆,202104,249
서초구,2284. CJ오쇼핑앞,202104,196
서초구,2285. LH서초3단지 301동 맞은편,202104,664
서초구,2286. 탑성마을입구,202104,45
서초구,2287. 능안마을입구,202104,37
서초구,2288. 안골마을입구,202104,49
서초구,2289. 남태령역 2번출구,202104,140
서초구,2293. SPC 앞,202104,712
서초구,2294. 두상빌딩 앞,202104,1512
서초구,2297. 남부터미널역 1번출구,202104,700
서초구,2298. 래미안서초스위트앞,202104,648
서초구,2299. 한전아트센터 앞,202104,740
서초구,2501. 서초 포레스타5단지,202104,728
서초구,2502. 서초역1번출구 앞,202104,551
서초구,2503. 반포1동 서초빌딩 앞,202104,998
서초구,2504. 신사역 4번출구 뒤,202104,1272
서초구,2505. 우성아파트사거리 (기업은행앞),202104,1604
서초구,2506. LG유플러스 (방배사옥),202104,213
서초구,2508. 양재이스타빌 앞,202104,1324
서초구,2509. KT반포지사,202104,379
서초구,2510. JW타워,202104,225
서초구,2511. 이수역 6번출구 앞,202104,1183
서초구,2514.사평역 2번출구,202104,442
서초구,2515.서초초등학교 후문,202104,889
서초구,2516.본마을 노인복지센터 앞,202104,426
서초구,2517.서초3교(효령로69길 방면),202104,133
서초구,2518.서초3교(효령로70길 방면),202104,488
서초구,2519.서초2교(사임당로 방면),202104,190
서초구,2520.서초1교 (진흥아파트 방면),202104,415
서초구,2521.서초 크로바타워 앞,202104,558
서초구,2523.뉴코아 킴스클럽 앞,202104,1136
서초구,2524.반포쇼핑타운 8동 앞,202104,949
서초구,2525.반포쇼핑타운 2동 앞,202104,3243
서초구,2526.반포경남쇼핑 앞,202104,524
서초구,2527.반포중학교 앞(세화여고 맞은편),202104,617
서초구,2528.함지박 사거리,202104,782
서초구,2529.우리은행 방배동지점 앞,202104,878
서초구,2530.삼호3차아파트 앞,202104,1451
서초구,2531.멤피스아파트 앞,202104,1139
서초구,2532.국립국악원 앞,202104,224
서초구,2533.한가람미술관 앞,202104,351
서초구,2534.신흥교(애견훈련소),202104,23
서초구,2535.신반포역 3번출구 뒤,202104,440
서초구,2536.서초종합체육관 입구,202104,17
서초구,2537.양재역 8번출구 앞,202104,794
서초구,2538.사평리 공원,202104,1368
서초구,2539.대한무역투자진흥공사 KOTRA 앞,202104,387
서초구,2540.반포천 앞,202104,1314
서초구,2541.옛골 입구,202104,113
서초구,2542.신논현타워 앞,202104,1023
서초구,2545.국립중앙도서관(국제회의장옆),202104,289
서초구,2548.반포1동 자율방범초소 옆,202104,337
서초구,2549.LH 서초 4단지 403동,202104,536
서초구,2550.양재동 꽃시장 건너편,202104,616
서초구,4303. 매헌역 2번출구앞광역버스 정류장앞(22-297),202104,652
서초구,4304. 서울고앞,202104,253
서초구,4305. 서일스포츠센터,202104,99
서초구,4306. 서래공원 앞,202104,766
서초구,4307. 고투몰 gate 15옆,202104,481
서초구,4308. 신반포상가 입구(아크로리버파크입구 건너편),202104,996
서초구,4309. 서초케이타운앞,202104,112
서초구,4310. 염곡동(염통골) 입구,202104,107
서초구,4312. 반포미도2차아파트 옆,202104,334
서초구,4313. 반포종합운동장,202104,617
서초구,4314. 탑성마을 버스정거장 옆,202104,24
서초구,4315. 이투스교육 앞,202104,245
서초구,4316. 고속터미널역 3번출구,202104,509
서초구,4317. 양재근린공원,202104,876
서초구,4318. 방배역 2번 출구,202104,551
서초구,4319. 삼성전자R&D어린이집 뒤,202104,185
서초구,4320. 신영체르니 아파트,202104,370
성동구,3511. 응봉역 1번출구,202104,5307
성동구,3513. 상왕십리역 1번출구,202104,1602
성동구,3514. 왕십리교회옆,202104,2575
성동구,3515. 서울숲 관리사무소,202104,6046
성동구,3525. 금호스포츠센터앞,202104,1211
성동구,3527. 왕십리 자이아파트,202104,37
성동구,3530. 왕십리자이아파트 후문(삼거리),202104,257
성동구,3531. 논골사거리(금호도서관 입구),202104,133
성동구,3532. 왕십리KCC스위첸아파트,202104,189
성동구,3538. 서울숲 IT캐슬,202104,1100
성동구,3544.한양대역 3번 출구,202104,1884
성동구,3545.한양대역 1번출구,202104,843
성동구,3547.상왕십리역 6번 출입구,202104,401
성동구,3548.뚝섬역 6번출구,202104,1777
성동구,3549.건영아파트 앞,202104,1419
성동구,3550.금호나들목,202104,1495
성동구,3551.성동도로사업소,202104,387
성동구,3552.서울숲 공영주차장앞,202104,2923
성동구,3553.마장역3번출구,202104,574
성동구,3555.양지사거리(센트라스APT 115동앞),202104,313
성동구,3556.신금호파크자이APT앞,202104,153
성동구,3557.서울숲리버뷰자이APT105동 앞,202104,675
성동구,3558.마장동 금호어울림APT앞,202104,574
성동구,3559.성동구민종합체육센터 앞,202104,3049
성동구,3560.성동구 견인차량 보관소 앞,202104,1252
성동구,3561.행당동 삼부APT후문,202104,204
성동구,3600.사근빗물펌프장 건너편,202104,3342
성동구,4353. 코오롱디지털타워 3차앞,202104,1792
성동구,4360. 르노삼성자동차 성수사업소 앞,202104,524
성동구,4362. 행당중학교 후문,202104,972
성동구,506. 금호 어울림 아파트 앞,202104,696
성동구,507. 성수아이에스비즈타워 앞,202104,1564
성동구,508. 성수아카데미타워 앞,202104,1817
성동구,509. 이마트 버스정류소 옆,202104,4167
성동구,510. 서울숲 남문 버스정류소 옆,202104,2113
성동구,511. 서울숲역 4번 출구 옆,202104,2365
성동구,512. 뚝섬역 1번 출구 옆,202104,3518
성동구,513. 뚝섬역 5번 출구 정류소 옆,202104,1733
성동구,514. 성수사거리 버스정류장 앞,202104,2225
성동구,518. 청계천 박물관 앞,202104,636
성동구,519. 양지사거리,202104,912
성동구,520. 상왕십리역 4번 출구 앞,202104,732
성동구,521. 왕십리역 11번 출구 앞,202104,2083
성동구,522. 금호역 1번출구 앞,202104,343
성동구,523. 옥수동성당 옆,202104,103
성동구,524. 래미안금호하이리버 아파트 102동 옆,202104,561
성동구,525. 한양대병원사거리,202104,1856
성동구,526. 용답토속공원 앞,202104,578
성동구,529. 장한평역 8번 출구 앞,202104,1879
성동구,530. 청계벽산아파트 앞,202104,1406
성동구,533. 우리은행 금호동 지점 앞,202104,511
성동구,534. 금호사거리,202104,309
성동구,535. 응봉삼거리,202104,545
성동구,536. 행당역 2번출구 앞,202104,1006
성동구,537. 한양대후문역 부근,202104,1621
성동구,538. 답십리역 8번출구 앞,202104,1051
성동구,550. 서울시설공단 앞,202104,1250
성동구,556. 달맞이공원,202104,161
성동구,557. 도선동 주민센터 앞,202104,1264
성동구,558. 성동광진 교육지원청 앞,202104,1438
성동구,559. 왕십리역 4번 출구 건너편,202104,2284
성동구,560. 비전교회 앞,202104,1721
성동구,561. 서울숲역 2번출구 앞,202104,2071
성동구,562. 군자지하보도 앞,202104,896
성동구,563. 성동세무서 건너편,202104,2257
성동구,564. 금호역 3번출구,202104,168
성동구,565. 옥수역 3번출구,202104,6901
성동구,567. 성수역 2번출구 앞,202104,3267
성동구,568. 청계8가사거리 부근,202104,3386
성동구,569. 응봉현대아파트 정류소,202104,273
성동구,578. 성동세무서 부근,202104,1579
성동구,579. 마장역 4번출구,202104,1016
성동구,581. 용답초등학교,202104,1493
성동구,582. 경일중학교 앞,202104,1771
성동구,583. 청계천 생태교실 앞,202104,5557
성동구,585. 성수2가1동 공영주차장 인근,202104,3646
성동구,586. 마장동 주민센터,202104,788
성동구,587. 유니베라 앞,202104,1973
성동구,589. 성수역3번출구,202104,4163
성동구,594. 중랑물재생센터(서울새활용플라자),202104,588
성동구,9980. 에이텍,202104,1
성북구,1302. 한성대입구역6번출구 뒤,202104,774
성북구,1303. 돈암초교 입구,202104,1004
성북구,1304. 만해공원,202104,361
성북구,1305. 성북구청,202104,1256
성북구,1306. 한성대입구역2번출구,202104,2241
성북구,1308. 안암로터리 버스정류장 앞,202104,4841
성북구,1314. 정릉꿈에그린1단지 201동 앞,202104,475
성북구,1315. 고려사대부속중고 정문,202104,408
성북구,1316. 고려사대부속중고 건너편,202104,475
성북구,1318. 길음역 3번출구 뒤,202104,1372
성북구,1319. 종암사거리 분수대,202104,1731
성북구,1320. LG베스트샵 종암점,202104,2480
성북구,1321. 국민은행 종암동지점 앞,202104,2688
성북구,1322. 래미안라센트아파트 103동 앞,202104,1205
성북구,1323. 월곡역 입구 육교 밑,202104,512
성북구,1325. 상월곡역 4번출구,202104,880
성북구,1326. 상월곡역 1번출구,202104,1069
성북구,1327. 상월곡역 3번출구,202104,1419
성북구,1328. 월곡역 3번출구,202104,2318
성북구,1332. 석계역 5번출구 건너편,202104,3145
성북구,1333. 석관초등학교 앞,202104,1765
성북구,1334. 석관동주민센터 앞,202104,1481
성북구,1336. 성북3교 위,202104,1864
성북구,1337. 돈암성당 옆,202104,2438
성북구,1338. 용문2교 옆,202104,1339
성북구,1339. 삼성전자서비스 성북센터,202104,1084
성북구,1340. 광운초등학교 앞,202104,721
성북구,1342. 성북쉼터 앞,202104,156
성북구,1343. 한성대7번출구 앞,202104,916
성북구,1344. 아리랑시네센터 앞,202104,863
성북구,1346. 길음8골어린이공원 옆,202104,1041
성북구,1347. 길음래미안아파트817동 상가 앞,202104,477
성북구,1348. 성북제일새마을금고 본점 앞,202104,844
성북구,1349. 월계2교 버스정류장 앞,202104,1065
성북구,1351. 안암2교 옆,202104,2263
성북구,1352. e 편한세상 보문아파트 내,202104,206
성북구,1353. 금호어울림센터힐 내,202104,395
성북구,1354. 고려대학교 2번출구,202104,2258
성북구,1355. 보문2교,202104,3440
성북구,1357. 북한산보국문역,202104,506
성북구,1358. 정릉도서관 앞,202104,813
성북구,1359. 장위뉴타운 꿈에 숲 코오롱 하늘채 앞,202104,1238
성북구,1360. 정릉역,202104,840
성북구,1361. 홍익중고 입구,202104,1076
성북구,1362. 보문역6번출구 앞,202104,1455
성북구,1363. 보문4교 인근,202104,2327
성북구,1364. 성북동 치안센터 앞,202104,797
성북구,1365. 선잠단지 앞,202104,321
성북구,1366. 일신초등학교 옆,202104,421
성북구,1367. 길음문화복합미디어센터,202104,601
성북구,1368. 성신여대입구 교차로,202104,1247
성북구,1369. 미아사거리,202104,2015
성북구,1370. 복자사랑 피정의 집,202104,468
성북구,1372. KEB은행 고대점,202104,1838
성북구,1373. 성북구보건소 건너편,202104,1049
성북구,1375. 생명의 전화 종합복지관 앞 교차로,202104,1512
성북구,1376. 한국과학기술연구원 중문,202104,206
성북구,1377. 한국과학기술연구원 북문,202104,264
성북구,1379.길음뉴타운푸르지오아파트 3단지,202104,359
성북구,1380.월곡역 5번출구 앞,202104,2031
성북구,1381.석계역 4번출구 뒤,202104,2194
성북구,1382.래미안월곡아파트 입구,202104,1118
성북구,1384.성신여대입구역 5번출구,202104,1989
성북구,1385.성신여대입구역 3번출구 앞,202104,1342
성북구,1386.동선고가차도 초입,202104,559
성북구,1388.커핀그루나루,202104,656
성북구,1390.석관래미안아트리치,202104,1444
성북구,1391.성북청소년센터,202104,597
성북구,1392.돈암삼성풍림아파트,202104,145
성북구,1393.돈암육교 하단,202104,326
성북구,1394.길음뉴타운 래미안9단지,202104,981
성북구,1395.래미안장위포레카운티(102동),202104,870
성북구,1396.래미안장위퍼스트하이(513동),202104,1539
성북구,4406. 장곡초등학교 앞,202104,44
송파구,1201. 가락시장역 3번 출구,202104,1891
송파구,1203. 밀리아나2빌딩 앞,202104,2108
송파구,1204. 거여역 3번출구,202104,1522
송파구,1205. 종합운동장역 4번출구,202104,1556
송파구,1206. 9호선종합운동장역 9번출구,202104,1037
송파구,1207. 마천CU우방점 앞,202104,1060
송파구,1208. 풍납현대아파트쉼터,202104,1661
송파구,1209. 잠실나루역 (2번 출구 쪽),202104,3192
송파구,1210. 롯데월드타워(잠실역2번출구 쪽),202104,8336
송파구,1211. 방이삼거리,202104,4180
송파구,1212. 송파역 2번 출구앞,202104,2178
송파구,1213. 백토공원 앞,202104,643
송파구,1214. 오금역 7번 출구 인근,202104,1324
송파구,1215. 올림픽공원역 1번출구 앞,202104,1649
송파구,1217. 송파파인타운 7단지,202104,920
송파구,1218. 방이역 4번출구,202104,2603
송파구,1220. 잠실본동주민센터뒤 잠실근린공원,202104,2300
송파구,1221. 삼전사거리 포스코더샵,202104,2353
송파구,1222. 잠실새내역 5번 출구 뒤,202104,4103
송파구,1224. 아시아지하보도 2번 출구,202104,1731
송파구,1226. 잠실4동 주민센터 옆,202104,1583
송파구,1227. 거여역 8번출구 뒤,202104,1689
송파구,1228. 마천사거리,202104,1112
송파구,1229. 송파체육문화회관 앞,202104,980
송파구,1230. 송파중학교 정문,202104,993
송파구,1231. 잠실역 6번출구,202104,3054
송파구,1232. 롯데마트 주차장 옆,202104,1962
송파구,1233. 잠실3거리(갤러리아팰리스),202104,882
송파구,1235. 잠실트리지움310동 옆,202104,1959
송파구,1239. 문정 법조단지3,202104,437
송파구,1240. 문정 법조단지4,202104,709
송파구,1241. 문정 법조단지5,202104,399
송파구,1242. 문정 법조단지6,202104,261
송파구,1243. 문정 법조단지7,202104,2506
송파구,1244. 문정 법조단지8,202104,2151
송파구,1245. 문정 법조단지9,202104,1565
송파구,1246. 문정 법조단지10,202104,1699
송파구,1247. 문정 법조단지11,202104,1002
송파구,1248. 방이초등학교,202104,2078
송파구,1249. 아주중학교건너편,202104,1205
송파구,1250.문정2동 주민센터,202104,653
송파구,1251. 석촌역 2번출구,202104,2544
송파구,1253. 오금역 3번 출구 뒤,202104,856
송파구,1256. 문정현대아파트 교차로,202104,799
송파구,1257. 가락시장역 롯데마트앞,202104,1012
송파구,1258. 가락미륭아파트 앞,202104,455
송파구,1259. 방이역 1번출구,202104,1665
송파구,1260. 방이동 한양3차아파트 옆,202104,1329
송파구,1262. 송파여성문화회관 앞,202104,2124
송파구,1263. 장지공영차고지,202104,369
송파구,1264. 천호역 10번 출구 앞,202104,3044
송파구,1265. 문정동 근린공원,202104,1187
송파구,1266. 문정동 글샘 공원,202104,578
송파구,1267. 올림픽공원 남2문 앞,202104,1474
송파구,1268. 몽촌토성역 1번출구 옆,202104,5873
송파구,1269. 리센츠아파트,202104,1445
송파구,1271. 송파도서관,202104,1594
송파구,1274. 영파여고 앞,202104,1343
송파구,1275. 거여초등학교 옆,202104,561
송파구,1277. 오금동 송파 참병원,202104,1304
송파구,1278. 송파구청 교차로,202104,2742
송파구,1279. 마천금호어울림 1차아파트 건너편,202104,565
송파구,1280. 송파파크데일 2단지입구 앞 주차장,202104,714
송파구,1282. 송파소방서 맞은편(성내4교),202104,1988
송파구,1283. 오금공원 사거리,202104,157
송파구,1285. 위례별 유치원 뒤,202104,588
송파구,1286. 위례중앙푸르지오 1단지 앞,202104,1075
송파구,1287. 위례아이파크 101동 맞은편,202104,557
송파구,1288. 문정중교 사거리,202104,953
송파구,1289. 풍납동 자전거보관소,202104,386
송파구,1290. 위례송파꿈에그린아파트24단지 앞 성벽 다리 밑,202104,359
송파구,1291. 서울체육고등학교 앞,202104,350
송파구,1293. 석촌호교차로 (스타벅스 앞),202104,2717
송파구,1295. 잠실역 8번출구,202104,4526
송파구,1296. 석촌호수교차로 (송파나루근린공원 앞),202104,957
송파구,1297. 석촌호수교차로(동호 팔각정 앞),202104,2390
송파구,1299. 송파소방서 (방이119안전센터),202104,799
송파구,1300. 오륜사거리,202104,790
송파구,2601. 석촌호수 서호사거리,202104,2770
송파구,2603. 송파 글마루 도서관,202104,680
송파구,2604. 삼표레미콘 앞,202104,1165
송파구,2605. 복정역 1번 출구 앞,202104,667
송파구,2606. 위례동주민센터 맞은편 근린공원,202104,1428
송파구,2607. 복정역 2번출구 후문 (장지치안센터),202104,947
송파구,2608. 송파구청,202104,1870
송파구,2609. 보성중고등학교 후문 앞,202104,203
송파구,2610. 여흥레이크빌 앞 (석촌호수 까페거리),202104,2231
송파구,2611. 송파지역자활센터 뒤,202104,2060
송파구,2612. 문정·가락 대여소 앞,202104,69
송파구,2613. 잠실나들목,202104,3912
송파구,2614. 가락고등학교 앞,202104,687
송파구,2615. 테라타워2,202104,2049
송파구,2616. 거여동 사거리,202104,628
송파구,2617. 가락삼환아파트 앞,202104,1387
송파구,2618. 삼전역 1번출구,202104,1737
송파구,2619. 석촌고분역 4번출구,202104,2312
송파구,2620. 송파나루역 4번 출구옆,202104,4468
송파구,2621. 한성백제역 2번 출구,202104,5055
송파구,2622. 올림픽공원역 3번출구,202104,6564
송파구,2623.석촌동 주민센터,202104,2594
송파구,2625.가락1동 주민센터,202104,596
송파구,"2626.경찰병원역 1,2번 출구 사이",202104,673
송파구,2627.문정시영아파트 5동 앞 공원,202104,761
송파구,2628.문정역 1번출구,202104,1951
송파구,2629.문정동 힐스데이트 에코 송파,202104,2264
송파구,2630.서울방이동 고분군,202104,1686
송파구,2631.배명고등학교,202104,1051
송파구,2632.석촌고분역 2번 출구,202104,2104
송파구,2633.송파학사 옆,202104,1379
송파구,2634.위례포레샤인아파트 2318동,202104,415
송파구,2635.잠실새내역 1번출구,202104,1543
송파구,2637.잠실월드 메르디앙,202104,2193
송파구,2638.쌍용아파트,202104,1750
송파구,2639.석촌역 8번출구,202104,2756
송파구,2641.송파역 4번출구,202104,3282
송파구,2642.마천동 성내천 쉼터,202104,1084
송파구,2643.풍납중학교 측면,202104,648
송파구,2644.성내5교 (GS주유소),202104,1267
송파구,2645.잠실나들목2(엘스아파트136동),202104,1229
송파구,2646.레이크펠리스101동앞,202104,2391
송파구,2647.잠실 자전거 수리센터 앞,202104,2057
송파구,2648.헬리오시티 112동 앞,202104,1593
송파구,2649.오금공원사거리2,202104,338
송파구,2650.위례22단지 2208동 다리앞,202104,324
송파구,2651.경찰병원역 3번출구 앞,202104,1296
송파구,2652.송파 레미니스1단지 102동 앞,202104,945
송파구,2653.올림픽공원사거리(선수촌아파트),202104,1677
송파구,2654.올림픽선수촌아파트 136동 앞,202104,667
송파구,2655.송이공원,202104,1434
송파구,2656.풍납동 아이파크 107동 앞,202104,1238
송파구,2657.송파 파인타운 11단지,202104,558
송파구,2658.가락몰 업무동,202104,1249
송파구,2659.서울친환경유통센터,202104,108
송파구,4452. 삼성SDS,202104,2504
송파구,4453. 위례중앙푸르지오 201동 앞,202104,1367
송파구,4454. 위례 포레샤인 1809동 부근,202104,600
송파구,4456. 위례포레샤인 2310동 부근,202104,673
송파구,4457. 아산병원 기숙사 부근,202104,1783
송파구,4458. 서울힐링요양병원 앞,202104,449
송파구,4460. 올림픽훼미리아파트 112동 앞,202104,995
송파구,4461. 한양3차아파트 3동 앞,202104,309
송파구,4462. 가락중학교 앞,202104,453
송파구,4463. 방이역 2번 출구,202104,544
송파구,4464. 올림픽공원 북2문,202104,1336
송파구,4465. 건영아파트앞 사거리,202104,1032
송파구,4467. 한림연예예술고등학교,202104,544
송파구,4468. 가락1동 주민센터 2,202104,931
송파구,4469. 거여동 어울림아파트 102동앞,202104,516
송파구,4472. 송파파크데일 1단지 115동 건너편,202104,777
송파구,4473. 마천금호어울림 1차 102동앞,202104,316
송파구,4474. 가락현대 1차 11동 앞,202104,496
송파구,4475. 송파파인타운 4단지 403동,202104,369
송파구,4478. 문정근린공원2,202104,743
송파구,4479. 문정중학교,202104,146
송파구,4480. 가락시장역 롯데마트2,202104,811
송파구,4481. 올림픽공원 북2문 2,202104,2171
송파구,4483. 잠실나들목4,202104,3281
송파구,4484. 잠실나루역4번출구뒤,202104,1586
송파구,4485. 잠실나루역 고가하부,202104,263
송파구,4486. 홈플러스 잠실점,202104,1512
송파구,4488. 문현중.고등학교 사이,202104,108
송파구,4490. 송파파인타운 10단지 1005동,202104,315
송파구,4491. 장지역 1번출구,202104,903
송파구,4493. 마천사거리 2,202104,553
송파구,4496. 잠실 파크리오 120동 앞,202104,858
송파구,4497. 아시아선수촌아파트 교차로,202104,564
송파구,4499. 세양청마루 101동 앞,202104,524
송파구,4500. 풍납나들목,202104,911
송파구,4852. 서울복합물류 게이트 1,202104,704
송파구,4854. 가락시장역 2번 출구,202104,935
송파구,4855. 거여5단지 503동 앞,202104,814
송파구,4856. 올림픽공원 서1문 앞,202104,720
송파구,4857. 올림픽공원 장미광장,202104,460
송파구,4859. 잠실나루 나들목,202104,1650
송파구,4863. 잠실나들목5,202104,314
양천구,4507. 삼성전자서비스 신정센터,202104,21
양천구,4509. 서울영상고교 입구,202104,56
양천구,4510. 신정네거리역 교차로,202104,47
양천구,4514. 목동성당 앞,202104,34
양천구,4515. 동문굿모닝탑,202104,56
양천구,4522. 다이소신곡시장점,202104,41
양천구,4526. 목동아파트2단지 222동 앞,202104,19
양천구,4527. 목동신시가지아파트6단지,202104,20
양천구,4528. 양천구청역 1번출구,202104,540
양천구,700. KB국민은행 염창역 지점 앞,202104,1710
양천구,701. 목동사거리 부근,202104,1414
양천구,702. 목4동주민센터 옆,202104,1640
양천구,703. 오목교역 7번출구 앞,202104,4574
양천구,704. 남부법원검찰청 교차로,202104,3232
양천구,706. 신정네거리역,202104,1581
양천구,707. 신정3동주민센터,202104,784
양천구,708. 서울출입국관리사무소 앞,202104,3107
양천구,709. 신정3동 현장민원실 앞,202104,1064
양천구,710. 금옥여고보도육교,202104,535
양천구,711. 신일해피트리아파트 앞,202104,1081
양천구,712. 강월초교입구 사거리,202104,1066
양천구,713. 양서중학교 옆,202104,895
양천구,714. 한국SGI 양천문화회관 앞,202104,933
양천구,716.신정6동 주민센터 인근,202104,1261
양천구,719. 홍익병원앞 교차로,202104,1844
양천구,720. 서울강월초등학교 앞,202104,685
양천구,722. LG전자베스트샵 신정점,202104,2771
양천구,723. SBS방송국,202104,2444
양천구,724. 계남공원 입구 주출입구 좌측,202104,298
양천구,725. 양강중학교앞 교차로,202104,746
양천구,726. 목동3단지 시내버스정류장,202104,2899
양천구,729. 서부식자재마트 건너편,202104,2530
양천구,731. 서울시 도로환경관리센터,202104,2076
양천구,732. 신월동 이마트,202104,1244
양천구,733. 신정이펜하우스314동,202104,605
양천구,734. 신트리공원 입구,202104,2378
양천구,735. 영도초등학교,202104,2513
양천구,736. 오솔길공원,202104,1297
양천구,737. 장수공원,202104,1479
양천구,739. 신월사거리,202104,1594
양천구,740. 으뜸공원,202104,1308
양천구,741. 화곡로 입구 교차로,202104,498
양천구,742. 등촌역 5번 출구 뒤,202104,993
양천구,743. 현대6차아파트 101동 옆,202104,756
양천구,744. 신목동역 2번 출구,202104,2531
양천구,745. 강서초등학교,202104,1070
양천구,746. 목동2단지 상가,202104,2556
양천구,747. 목동3단지 상가,202104,1547
양천구,748. 목동운동장,202104,589
양천구,749. 이대 목동병원 앞,202104,1789
양천구,750. 연의근린공원 건너편,202104,839
양천구,752. 성원2차 아파트,202104,1149
양천구,754. 목동1단지아파트 118동 앞,202104,1808
양천구,755. 목동1단지아파트 상가 앞,202104,2155
양천구,756. 목동주차장,202104,1686
양천구,757. 신정이펜하우스 1단지아파트 입구 사거리,202104,635
양천구,758. 한사랑교회 앞,202104,2043
양천구,759. 보아스아파트 앞,202104,830
양천구,760. 잣절보도육교 아래,202104,522
양천구,762. 오목로 무중력지대 앞,202104,1701
양천구,763. 목동11단지 아파트,202104,1237
양천구,764. 목동청소년수련관,202104,2529
양천구,765. 오목교역 3번출구,202104,4462
양천구,766. 신목동역 3번출구,202104,2904
양천구,767.신정숲속마을아파트,202104,360
양천구,768.목동5단지아파트 501동,202104,1600
양천구,769.CBS방송국 앞,202104,3233
양천구,770.목동역5번출구 교통정보센터 앞,202104,5424
양천구,771.목동아파트 703동 앞,202104,2124
양천구,"773.염창역 3, 4번 출구 사이",202104,1873
양천구,774.등촌역 4번 출구,202104,1047
양천구,775.세종그랑시아 앞(102동),202104,916
양천구,776.목마공원,202104,767
양천구,777.신월6차보람아파트 앞,202104,1294
양천구,779.양천나눔누리센터,202104,2349
양천구,780.신정교 하부,202104,3984
양천구,781.신정보도육교 아래,202104,2171
양천구,782.서남병원 후문,202104,693
양천구,"785.양천구청, 보건소 사잇길",202104,3286
양천구,786.목동아파트 8단지 상가동 앞,202104,2083
양천구,787.양천아파트 입구,202104,2480
양천구,788.양천구청역 2번출구 옆,202104,1856
양천구,790.화곡고가 사거리,202104,849
양천구,791.현대하이페리온,202104,2700
양천구,792.목동트라팰리스 웨스턴에비뉴,202104,3714
양천구,793.목동5단지아파트 534동,202104,1214
양천구,794.양천문화회관,202104,1842
양천구,795.양천 해누리타운,202104,2000
양천구,796.목동아파트 14단지 B상가 앞,202104,1825
양천구,797.목동아파트 1422동 1434동 사잇길,202104,2042
영등포구,200. 국회의원회관,202104,334
영등포구,201. 진미파라곤 앞,202104,1898
영등포구,202. 국민일보 앞,202104,4851
영등포구,203. 국회의사당역 3번출구 옆,202104,2134
영등포구,204. 국회의사당역 5번출구 옆,202104,1321
영등포구,205. 산업은행 앞,202104,2935
영등포구,206. KBS 앞,202104,2821
영등포구,207. 여의나루역 1번출구 앞,202104,17875
영등포구,209. 유진투자증권빌딩 앞,202104,2798
영등포구,210. IFC몰,202104,7877
영등포구,211. 여의도역 4번출구 옆,202104,3447
영등포구,212. 여의도역 1번출구 옆,202104,2291
영등포구,213. KT앞,202104,2167
영등포구,214. 금융감독원 앞,202104,1511
영등포구,215. 여의도고교 앞,202104,2914
영등포구,217. NH농협은행 앞,202104,2806
영등포구,218. 증권거래소 앞,202104,1272
영등포구,219. 롯데캐슬엠파이어 옆,202104,1660
영등포구,220. 미성아파트 A동 앞,202104,1581
영등포구,221. 여의도초교 앞,202104,3192
영등포구,222. 시범아파트버스정류장 옆,202104,3911
영등포구,223. 진주아파트상가 앞,202104,1528
영등포구,224. 롯데캐슬 앞,202104,2163
영등포구,225. 앙카라공원 앞,202104,1847
영등포구,226. 샛강역 1번출구 앞,202104,1922
영등포구,227. 양평2나들목 보행통로 입구,202104,3224
영등포구,228. 선유도역 3번출구 앞,202104,4914
영등포구,229. 양평1 보행육교 앞,202104,3133
영등포구,230. 영등포구청역 1번출구,202104,5387
영등포구,231. 남부고용노동지청 남측,202104,754
영등포구,232. 양평우림 이비즈센타 앞,202104,4157
영등포구,233. YP 센터 앞,202104,679
영등포구,234. 영등포구민체육센터 앞,202104,1017
영등포구,235. 신길동 우리은행 옆,202104,1517
영등포구,236. 문래동자이아파트 앞,202104,2257
영등포구,238. 제2구민체육센타 앞,202104,1280
영등포구,239. 유스호스텔 앞,202104,1499
영등포구,240. 문래역 4번출구 앞,202104,2574
영등포구,241. 신길우성1차아파트 앞 공원,202104,1433
영등포구,242. 신길선원가와인아파트 앞,202104,1297
영등포구,243. 이앤씨드림타워 앞,202104,2717
영등포구,244. 영등포삼환아파트 앞,202104,1927
영등포구,245. 삼성생명 당산사옥 앞,202104,2925
영등포구,247. 당산역 10번출구 앞,202104,6630
영등포구,248. 초원아파트 앞,202104,2781
영등포구,249. 여의도중학교 옆,202104,2683
영등포구,250. 대림아파트 사거리,202104,855
영등포구,251. 서울지방병무청 버스정류장,202104,1296
영등포구,252. 보라매역4번출구,202104,1526
영등포구,253. 신풍역 5번출구 인근,202104,1047
영등포구,254. 도림신협 앞,202104,1339
영등포구,255. 도림사거리,202104,1415
영등포구,256. 동아에코빌입구,202104,1153
영등포구,257. 신길삼거리(우리은행),202104,3539
영등포구,258. 신길역3번출구,202104,1854
영등포구,259. 대방역6번출구,202104,3929
영등포구,260. 여의도 마리나선착장 앞,202104,838
영등포구,262. 영문초등학교 사거리,202104,3629
영등포구,263. 근로자회관 사거리,202104,3855
영등포구,264. 교보생명보험 앞,202104,1624
영등포구,265. 영등포유통상가 사거리,202104,1557
영등포구,266. 영등포청과시장 사거리,202104,1026
영등포구,267. 삼성화재 사옥 옆,202104,2096
영등포구,268. 그랜드컨벤션센터 앞,202104,1961
영등포구,270. 증권거래소후문교차로,202104,1343
영등포구,271. 샛강생태공원방문자센터 앞,202104,1010
영등포구,272. 당산육갑문,202104,7912
영등포구,274. 영등포역지하쇼핑센타 5번출구,202104,4984
영등포구,275. 신동아아파트,202104,2647
영등포구,276. SK 영등포주유소,202104,3399
영등포구,277. 영등포뉴타운지하상가 2번게이트,202104,2199
영등포구,278. 쌍용플레티넘오피스텔,202104,2644
영등포구,279. 영등포 푸르지오 아파트,202104,1820
영등포구,280. 양평동6차현대아파트 앞,202104,2492
영등포구,281. 신동아아파트 앞,202104,1254
영등포구,282. 신한은행,202104,713
영등포구,283. 아크로타워 스퀘어(영등포시장),202104,3267
영등포구,284. 센트럴 푸르지오 시티 앞,202104,4205
영등포구,285. 대림3동사거리(하나은행),202104,713
영등포구,286. 우성아파트 교차로,202104,1705
영등포구,287. 영등포전화국사거리 (서강어린이공원),202104,2242
영등포구,288. 쌍용예가(구청별관),202104,1190
영등포구,289. 대림3동사거리,202104,1004
영등포구,290. 당산동 SK V1 빌딩,202104,1592
영등포구,291. 문래동 하이테크 시티,202104,2543
영등포구,292. 영일 어린이공원,202104,1263
영등포구,293. 충북 미래관,202104,2704
영등포구,295.영등포공원 분수대 앞,202104,511
영등포구,296.KT플라자 영등포점,202104,1791
영등포구,297.국회3문,202104,377
영등포구,298.KBS 연구동 건너편,202104,643
영등포구,299.여의도 순복음교회,202104,1036
영등포구,3201.당산skv1센터,202104,1157
영등포구,3202.당산롯데캐슬프레스티지,202104,2213
영등포구,3203.도림동배드민턴체육관,202104,424
영등포구,3204.도림고가도로 밑,202104,948
영등포구,3205.문래현대2차,202104,2801
영등포구,3206.문래동 주민센터,202104,1100
영등포구,3207.양남사거리1,202104,1102
영등포구,3211.신길 래미안 프레비뉴,202104,762
영등포구,3212.신풍역 6번출구,202104,1121
영등포구,3214.영등포 푸르지오,202104,1459
영등포구,3215.강변삼성래미안,202104,1241
영등포구,3219.영등포역 2번출구,202104,2225
영등포구,3220.래미안에스티움 앞 (신풍로),202104,1157
영등포구,3221.서울특별시 남부교육지원청,202104,495
영등포구,4556. 리버뷰신안인스빌1차 후문,202104,786
영등포구,4557. 리버뷰신안인스빌2차 후문,202104,866
영등포구,4579. 국회의사당 본관,202104,435
영등포구,4580. 국회3문,202104,358
영등포구,4581. 국회소통관,202104,481
영등포구,4582. 국회도서관,202104,195
영등포구,4583. 의정관,202104,239
영등포구,4584. 국회2문,202104,176
영등포구,4585. 국회6문,202104,203
용산구,4602. 숙명여대앞 버스정류소 주변,202104,287
용산구,4604. 원효로다목적체육관 앞,202104,308
용산구,"4605. 노들섬 다목적홀(동쪽) 숲, 앞",202104,738
용산구,4607. 국립중앙박물관 -용산가족공원 앞,202104,353
용산구,4608. 국립중앙박물관 정문 앞,202104,183
용산구,4609. 파크타워 104동 앞,202104,230
용산구,4610. 한남나인원 105동 앞,202104,508
용산구,4611. 국제루터교회 앞,202104,249
용산구,4612. 한남 준 J.FSS 앞,202104,196
용산구,4613. 서울갤러리아 앞,202104,242
용산구,4615. 크라운호텔앞 버스정류소,202104,745
용산구,4616. 신용산지하차도 앞,202104,409
용산구,4617. 동원베네스트 건너편,202104,196
용산구,4618. 풍전아파트 건너편,202104,710
용산구,4619. 한강트럼프월드3차 앞,202104,1279
용산구,4620. 삼각지역 14번 출구 앞(교통섬),202104,736
용산구,4622. 한강중학교 앞 버스정류장,202104,459
용산구,4623. 라인프랜즈이태원점 앞,202104,562
용산구,4625. 용산공원갤러리앞,202104,266
용산구,4627. 효창공원앞역 5번출구 옆,202104,530
용산구,4629. 한강초교보도육교 앞,202104,1397
용산구,800. 목월공원 앞,202104,1499
용산구,802. 한강진역 2번 출구 앞,202104,504
용산구,803. 한남초교 앞 보도육교,202104,135
용산구,805. 문배어린이공원 앞,202104,955
용산구,806. 전자랜드 본관 앞,202104,1088
용산구,807. 서울역 12번 출구 앞,202104,953
용산구,808. 서빙고동 금호맨션 앞,202104,464
용산구,809. 한남 유수지 복개주차장,202104,1213
용산구,810. 이태원지하보도,202104,672
용산구,811. 녹사평역1번출구,202104,713
용산구,812. 용산전쟁기념관,202104,270
용산구,813. 삼각지역 3번출구,202104,1056
용산구,815. LIG강촌아파트 103동앞,202104,1876
용산구,816. 신용산역 6번출구 앞,202104,1819
용산구,817. 삼각지역 4번출구 앞,202104,1051
용산구,818. 숙명여대 입구 교차로,202104,1664
용산구,819. 선린인터넷 고등학교,202104,1410
용산구,820. 청파동입구 교차로,202104,1012
용산구,822. 이촌1동 마을공원,202104,358
용산구,823. 효창동주민센터 앞,202104,297
용산구,825. 서빙고동 주민센터 앞,202104,3545
용산구,827. 국군복지단,202104,133
용산구,828. 숙대입구역 8번,202104,1047
용산구,829. 베르가모앞,202104,2666
용산구,830. 청암자이아파트앞,202104,392
용산구,831. 이태원관광특구입구,202104,395
용산구,832. 이촌1동 주민센터 뒤,202104,1916
용산구,834. 효창공원앞역 3번출구 뒤,202104,1646
용산구,835. 남영역 건너편,202104,1079
용산구,836. 현대자동차서비스 앞,202104,1241
용산구,837. 한남나들목 입구,202104,2914
용산구,838. 숙대입구역 4번출구,202104,1463
용산구,839. 보광동 삼성리버빌아파트 앞,202104,1355
용산구,840. 용산 파크타워 앞,202104,709
용산구,841. 신용산역 1번 출구,202104,2248
용산구,843. 녹사평역 광장,202104,970
용산구,844. 이촌2동 동원베네스트 아파트 앞,202104,1033
용산구,845. 용산 선인상가,202104,802
용산구,846. 용산중학교,202104,1017
용산구,847. 국방부민원실옆,202104,382
용산구,848. 삼각지12번 출구,202104,441
용산구,849. 삼각지 자이아파트,202104,1239
용산구,850. KCC용산월츠타워,202104,645
용산구,851.효창 푸르지오 앞,202104,344
용산구,852.청암자이APT(103동),202104,818
용산구,853.용산역 맞은편,202104,3995
용산구,854.HID 유족동지회 앞,202104,222
용산구,855.이촌역5번출구 앞,202104,141
용산구,857. 현대 안성타워,202104,306
용산구,858.녹사평역3번 출구,202104,287
용산구,859.남산공원 야외식물원 앞,202104,65
용산구,860.LG한강 자이아파트 앞,202104,2201
용산구,863.이촌역2번 출구,202104,368
용산구,864.순천향대학병원(한남오거리),202104,1119
용산구,865.하얏트호텔 앞,202104,37
용산구,866.브라운스톤 남산아파트,202104,633
용산구,867.서빙고역 광장(1번출구),202104,459
용산구,869.노들섬 동측 앞,202104,543
용산구,870.노들섬 서측 앞,202104,3643
은평구,4652. 신사두산위브2차아파트 앞,202104,939
은평구,4653. LG 베스트샵 앞,202104,907
은평구,4654. OK부동산 앞,202104,610
은평구,4657. 다이소앞,202104,57
은평구,4658. 녹번역1번출구앞,202104,23
은평구,4659. 커피데이응암동지점,202104,46
은평구,4663. 삼성디지털은평불광점앞,202104,31
은평구,4665. 김영혜손뜨개 앞,202104,36
은평구,4667. 폭포동입구 교차로,202104,21
은평구,4668. 기자촌사거리,202104,25
은평구,4671. 청구성심병원 앞,202104,24
은평구,4672. 준빌딩 앞,202104,30
은평구,4673. 골드제련앞,202104,35
은평구,4674. 녹번역e편한세상 캐슬 정문 앞,202104,36
은평구,900. 은평예술회관,202104,807
은평구,901. 응암1동사무소,202104,1013
은평구,902. 진관동 은빛초등학교,202104,349
은평구,903. 은평뉴타운 아이파크,202104,764
은평구,904. 은평뉴타운 푸르지오,202104,933
은평구,905. 구파발역 2번출구,202104,1894
은평구,906. 연신내역 5번출구150M 아래,202104,3548
은평구,907. CJ 드림시티,202104,5148
은평구,908. 구산역 4번출구,202104,1368
은평구,909. 백련산 힐스테이트 3차,202104,626
은평구,911. 은평평화공원(역촌역4번출구),202104,2240
은평구,912. 응암오거리,202104,2338
은평구,913. 이마트 은평점,202104,3262
은평구,914. 새절역 2번출구,202104,3369
은평구,915. 증산역 4번출구,202104,1948
은평구,916. 평생학습관 앞,202104,1296
은평구,917. 녹번역 4번출구,202104,1307
은평구,919. 서울혁신파크,202104,801
은평구,921. 신도고등학교,202104,311
은평구,922. 연신내역 4번출구,202104,638
은평구,923. 국민은행 연서지점,202104,821
은평구,924. 메뚜기다리,202104,293
은평구,925. 불광역 2번출구,202104,768
은평구,927. 연신내역 3번출구 인근,202104,634
은평구,928. 은평역사한옥박물관,202104,559
은평구,930. 구 서부경찰서 건너편,202104,884
은평구,931. 역촌파출소,202104,3104
은평구,932. 예일여중,202104,1055
은평구,933. LG서비스 역촌점,202104,1789
은평구,934. 신사동 성당,202104,393
은평구,937. 상림마을 롯데캐슬2단지 옆,202104,188
은평구,938. 금암 문화공원,202104,242
은평구,939. 은평구청 교차로,202104,808
은평구,941. 은평뉴타운 도서관,202104,564
은평구,942. 상림마을 생태공원,202104,312
은평구,943. 은평구청 보건소,202104,2052
은평구,945. 기자촌 사거리,202104,349
은평구,946. 독바위역,202104,748
은평구,947. 연신내 선일하이츠빌 정류소,202104,1032
은평구,948. 디지털미디어 시티역 4번출구(DMC역),202104,865
은평구,949. 연신내역 1번 출구,202104,1199
은평구,950. 구산역 2번 출구,202104,1913
은평구,952. 서울연신중학교,202104,448
은평구,953. 서울연신초등학교,202104,602
은평구,954. 은평뉴타운구파발9단지,202104,644
은평구,956. 응암시장교차로,202104,2715
은평구,958. 신한은행 응암동 지점 앞,202104,1471
은평구,959. 구파발10단지 인근,202104,575
은평구,960. 구파발역 환승센터,202104,1255
은평구,961. 불광역 9번 출구,202104,1708
은평구,962. 은평뉴타운 힐데스하임,202104,1264
은평구,963. 대호프라자아파트,202104,906
은평구,964. 북한산힐스테이트 7차아파트,202104,591
은평구,965. 서울특별시 은평병원,202104,492
은평구,966. 서울혁신파크1,202104,465
은평구,967. 서울혁신파크2,202104,529
은평구,968. 은평뉴타운 상림마을 13단지,202104,210
은평구,969. 은평 지웰테라스,202104,218
은평구,971. 역촌 센트레빌 아파트,202104,434
은평구,972. 수색역,202104,1196
은평구,973.제각말푸르지오 5-1단지 아파트,202104,274
은평구,974.연신초등학교옆 마을마당,202104,263
은평구,975.백련산 힐스테이트상가앞,202104,434
은평구,976.진관고등학교앞,202104,546
은평구,977.신도중학교앞,202104,393
은평구,978.녹번 힐스테이트상가앞,202104,464
은평구,979.원풍빌라앞,202104,645
은평구,982.유니클로 은평점앞,202104,796
은평구,984.상신초등학교앞 버스정류장,202104,1234
은평구,985.은평온누리약국앞,202104,1082
은평구,989.응암 꼬꼬닭치킨호프 앞,202104,1619
은평구,991.흥국사 정류장,202104,209
은평구,992.북한산입구 정류장,202104,401
은평구,993.은평뉴타운 은뜨락아파트앞,202104,747
은평구,994.북한산생태공원입구(교통섬),202104,370
은평구,995.은평다목적체육관,202104,411
은평구,996.응암역 1번출구,202104,4368
종로구,301. 경복궁역 7번출구 앞,202104,1510
종로구,302. 경복궁역 4번출구 뒤,202104,2538
종로구,303. 광화문역 1번출구 앞,202104,2206
종로구,305. 종로구청 옆,202104,2469
종로구,306. 광화문역 7번출구 앞,202104,1514
종로구,307. 서울역사박물관 앞,202104,1180
종로구,308. 광화문 S타워 앞,202104,2051
종로구,309. 광화문역 6번출구 옆,202104,1150
종로구,314. 국립현대미술관,202104,1398
종로구,316. 종각역 1번출구 앞,202104,2140
종로구,326. 안국역 5번출구 앞,202104,1720
종로구,327. 낙원상가 옆,202104,1257
종로구,328. 탑골공원 앞,202104,876
종로구,329. 청계2가 사거리 옆,202104,1350
종로구,334. 종로3가역 2번출구 뒤,202104,1380
종로구,335. 종로3가역 15번출구 앞,202104,1033
종로구,337. 창경궁 입구,202104,601
종로구,338. 세운스퀘어 앞,202104,943
종로구,339. 종로4가 사거리,202104,1232
종로구,340. 혜화동 로터리,202104,1801
종로구,3401.창신두산아파트,202104,206
종로구,3402.이화공영주차장,202104,488
종로구,3403.서울특별시 교육청,202104,319
종로구,3404.서울특별시 중부교육지원청,202104,184
종로구,3405.파크팰리스,202104,1079
종로구,3406.세종로공원,202104,950
종로구,3407.안국동사거리(신),202104,1741
종로구,3408.종로타워빌딩,202104,1086
종로구,341. 혜화역 3번출구 뒤,202104,1290
종로구,3410.종로3가역 8번출구,202104,2159
종로구,3411.종묘,202104,925
종로구,3412.세운상가,202104,690
종로구,3413.종로플레이스,202104,1649
종로구,3414.종로5가역 4번출구,202104,724
종로구,3415.동대문역6번출구,202104,102
종로구,3416.동묘앞역 6번출구,202104,1189
종로구,3417.창신3동주민센터,202104,996
종로구,3418.창신역2번 출구,202104,250
종로구,3419.국립어린이과학관,202104,433
종로구,342. 대학로 마로니에공원,202104,2688
종로구,3420.성균관대입구사거리(맥도날드),202104,1219
종로구,3421.혜화역 1번출구,202104,1936
종로구,3422.성균관대 정문,202104,1651
종로구,3423.현대그룹(본사),202104,851
종로구,3426.독립문역 2번출구 뒤,202104,357
종로구,3427.인왕산 아이파크 정문,202104,320
종로구,3428.서울미술관,202104,249
종로구,3429.AW컨벤션앞,202104,246
종로구,343. 예일빌딩(율곡로) 앞,202104,505
종로구,3430.구기치안센터 앞,202104,212
종로구,3431.로제우스 레포츠센터,202104,225
종로구,3432.종로2가 사거리,202104,1258
종로구,344. 성균관대 E하우스 앞,202104,1262
종로구,345. 서울보증보험본사 앞,202104,1216
종로구,348. 독립문역 사거리,202104,1200
종로구,349. 사직동주민센터,202104,1022
종로구,351. 청운초교 앞 삼거리,202104,890
종로구,352. 중앙고입구 삼거리,202104,384
종로구,353. 재동초교 앞 삼거리,202104,982
종로구,354. 포르투갈 대사관 앞,202104,1290
종로구,355. 서울사대부속초교 앞,202104,1097
종로구,356. KT혜화지사 앞,202104,1033
종로구,358. 성대입구 사거리,202104,1133
종로구,359. 원남동사거리,202104,1243
종로구,361. 동묘앞역 1번출구 뒤,202104,3012
종로구,362. 청계8가 사거리,202104,1998
종로구,363. 신설동역 11번출구 뒤,202104,1674
종로구,364. 창신역 1번출구 앞,202104,442
종로구,367. 독립문역 3-1번출구,202104,1185
종로구,368. SK 서린빌딩 앞,202104,1293
종로구,369. 광화문 시민열린마당,202104,1392
종로구,385. 종각역 5번출구,202104,1729
종로구,388. 동성중학교 앞,202104,723
종로구,393. 동대문역 8번 출구,202104,2632
종로구,394. 경희궁 자이 3단지,202104,1091
종로구,395. 경희궁 자이 2단지,202104,1140
종로구,397. 종묘공영주차장 건너편,202104,552
종로구,446. 상명대입구,202104,665
종로구,447. 신영동삼거리,202104,102
종로구,449. 일성아파트,202104,292
종로구,450. 효자동 삼거리,202104,764
종로구,451. 청와대앞길,202104,362
종로구,452. 동대문 종합시장 버스정류장,202104,567
종로구,453. 종로오가 지하쇼핑센터 14번출구,202104,1040
종로구,454. 종로2가 버스정류장 (종각방향),202104,1188
종로구,455. 삼익한의원,202104,1015
종로구,456. 숭인2동 주민센터 입구 (이강3대냉면),202104,1240
종로구,457. 종로꽃시장 입구 옆,202104,1030
종로구,458. 광화문역 5번출구,202104,2496
종로구,461. 서울지방경찰청,202104,1201
종로구,462. 신영동삼거리(북악터널방향),202104,207
종로구,464. 삼청동 골목,202104,1152
종로구,465. 삼청공원 앞,202104,204
종로구,"4702. 평창동 꽃여울(꽃집),스타벅스 앞",202104,169
종로구,4703. 쌍용아파트2단지 정문,202104,7
종로구,4704. 쌍용아파트2단지 상가앞,202104,14
종로구,4705. 웰니스센터(민방위교육장 앞),202104,969
종로구,4707. 청계3가 사거리,202104,449
종로구,4708. 조계사앞사거리(파리바케트앞),202104,1022
종로구,4709. 천지인 오피스텔 앞,202104,79
종로구,4710. 자교교회 앞,202104,1433
종로구,4711. 올림픽기념 국민생활관 로터리,202104,1120
종로구,4713. 현대 뜨레비앙 아파트 앞,202104,857
종로구,486. 평창동주민센터 앞,202104,134
중구,300. 정동사거리,202104,1321
중구,3013.서울지방고용노동청 앞,202104,858
중구,310. 청계광장 옆,202104,1617
중구,318. 광교사거리 남측,202104,706
중구,320. 을지로입구역 4번출구 앞,202104,1306
중구,321. KEB 하나금융그룹 명동사옥 옆,202104,1078
중구,322. 명동성당 앞,202104,503
중구,324. 신세계백화점 본점 앞,202104,795
중구,331. 을지로2가 사거리 북측,202104,686
중구,332. 을지로2가 사거리 남측,202104,769
중구,336. 티마크 호텔 앞,202104,850
중구,346. 맥스타일 앞,202104,1443
중구,347. 동대문역사문화공원역 9번출구 앞,202104,577
중구,370. 시청역(2호선) 9번출구 뒤,202104,2500
중구,371. 동대입구역 6번출구 뒤,202104,372
중구,372. 약수역 3번출구 뒤,202104,792
중구,373. 청구 어린이공원,202104,0
중구,374. 청구역 2번출구 앞,202104,1413
중구,375. 다산 어린이공원,202104,1644
중구,378. 청계7가 사거리,202104,1900
중구,379. 서울역9번출구,202104,1071
중구,380. CJ제일제당 앞,202104,1266
중구,381. 장충체육관,202104,155
중구,382. 약수역 10번출구 앞,202104,722
중구,383. 신당역 12번 출구 뒤,202104,2210
중구,384. 종로학원본원,202104,252
중구,387. 훈련원공원주차장 앞,202104,1305
중구,389. 을지로4가역 1번출구,202104,796
중구,390. 충무로역 1번출구,202104,1417
중구,391. 정동길입구,202104,1065
중구,398. 을지로3가역 3번출구,202104,1476
중구,399. 서울역 센트럴 자이아파트,202104,663
중구,428. 명보사거리,202104,386
중구,429. 송도병원,202104,230
중구,430. KEB하나은행 장충동지점,202104,558
중구,431. 청계천 영도교,202104,2651
중구,433. 을지로입구역 2번출구,202104,1446
중구,434. 신당 래미안 버스정류장,202104,505
중구,435. SK 남산빌딩,202104,461
중구,441.염천교사거리,202104,523
중구,442.서울역 서부,202104,527
중구,443.호암아트홀,202104,322
중구,445.대한상공회의소,202104,944
중구,466.롯데호텔,202104,789
중구,467.한국은행,202104,375
중구,468.웨스틴 조선호텔,202104,590
중구,469.회현역 1번출구,202104,346
중구,470.회현역 7번출구,202104,428
중구,471.회현사거리 남측,202104,608
중구,472.삼일교(시그니쳐 타워),202104,643
중구,473.을지로4가역 9번출구,202104,1351
중구,474.동대문역사문화공원역 1번출구 뒤편,202104,1537
중구,475.DDP 패션몰,202104,849
중구,4752. 삼성사이버빌리지아파트,202104,290
중구,4753. 우리은행 서소문금융센터,202104,423
중구,476.광희문,202104,621
중구,4760. 서울역 7번출구,202104,138
중구,4761. 탐앤탐스 을지로3가점,202104,247
중구,4762. 국제빌딩,202104,414
중구,4765. 동대문디자인플라자,202104,1032
중구,4766. 서소문성지역사박물관,202104,373
중구,4768. 서울도시건축전시관,202104,2084
중구,477.앰배서더 호텔 주변,202104,191
중구,4772. 중앙일보,202104,210
중구,4774. 을지로입구역 8번출구,202104,390
중구,4775. 을지로지하쇼핑센터,202104,529
중구,4776. 신세계면세점,202104,385
중구,4778. 대신파이낸스센터,202104,585
중구,4779. 태극당,202104,571
중구,4781. 브라운스위트레지던스,202104,458
중구,4782. 서소문역사공원,202104,225
중구,4784. 중부경찰서앞 사거리,202104,341
중구,4785. 롯데시티호텔,202104,480
중구,479.동대입구역 3번 출구,202104,251
중구,4791. 명동역9번 출구,202104,1030
중구,4792. 퇴계로4가 교차로(중구청),202104,1100
중구,4793. 동대문역사문화공원역 5번출구,202104,501
중구,4796. 부산은행,202104,1324
중구,480.약수역 6번 출구,202104,554
중구,481.신당역 10번 출구,202104,930
중구,482.예수소망교회,202104,88
중구,483.남산타운아파트 버스정류장,202104,397
중구,484.도동삼거리,202104,112
중구,485.서울역5번출구,202104,811
중구,826. 서울역 서부교차로2,202104,1507
중랑구,1401. 극동늘푸른아파트,202104,1817
중랑구,1402. 금란주차장 앞,202104,1383
중랑구,1403. 중화빌딩 앞 (동부시장),202104,996
중랑구,1404. 동일로 지하차도,202104,1483
중랑구,1405. 망우역 1번출구,202104,1072
중랑구,1406. 망우청소년수련관,202104,189
중랑구,1407. 먹골역 1번출구 뒤,202104,1042
중랑구,1408. 먹골역 6번출구 앞,202104,1075
중랑구,1410. 면목 대원칸타빌아파트,202104,225
중랑구,1411. 상봉시장앞 교차로 한성빌딩 앞,202104,1449
중랑구,1412. 면목초등학교,202104,623
중랑구,1413. 봉화산역 5번출구 뒤,202104,1246
중랑구,1414. 사가정역 1번출구,202104,2944
중랑구,1416. 상봉역 3번출구,202104,1176
중랑구,1418. 새솔초등학교,202104,487
중랑구,1420. 신내어울공원 앞,202104,792
중랑구,1421. 신내역 4번출구,202104,248
중랑구,1422. 신내우디안아파트 1단지,202104,326
중랑구,1424. 양원역 2번출구,202104,246
중랑구,1425. 용마문화복지센터,202104,815
중랑구,1426. 면목도시개발아파트 1동 앞,202104,364
중랑구,1427. 용마산역 1번출구,202104,272
중랑구,1428. 원묵고등학교,202104,705
중랑구,1429. 장안중학교,202104,1179
중랑구,1430. 중랑구청,202104,857
중랑구,1431. 중랑구청 사거리,202104,1628
중랑구,1433. 중화역 2번출구,202104,1793
중랑구,1435. 능산삼거리,202104,309
중랑구,1436. 영풍마드레빌,202104,702
중랑구,1437. 늘푸른공원 앞,202104,1502
중랑구,1438. 홈플러스 신내점 앞,202104,2179
중랑구,1440. 하나은행 면목지점,202104,1317
중랑구,1441. 신내능말공원,202104,600
중랑구,1442. (구)신한은행 중랑교지점,202104,1818
중랑구,1443. 구립망우청소년독서실,202104,206
중랑구,1444. 면목4치안센터,202104,1475
중랑구,1445. 용마지구대,202104,235
중랑구,1446. 중랑전화국 교차로,202104,1464
중랑구,1447. 면목역 3번출구,202104,2526
중랑구,1448. 코스트코 상봉점,202104,2289
중랑구,1449. 상봉역 1번출구,202104,2189
중랑구,1450. 화랑대역 7번출구,202104,1414
중랑구,1451. 중랑세무서,202104,2853
중랑구,1452. 겸재교 진입부,202104,2767
중랑구,1453. 중랑캠핑숲,202104,335
중랑구,1454. 한국전력공사(동대문 중랑지사),202104,839
중랑구,1455. 상봉역 2번 출구,202104,1705
중랑구,1456. 상아빌딩(우림시장 교차로),202104,1258
중랑구,1457. 동원사거리,202104,971
중랑구,1458. 상봉터미널2,202104,2015
중랑구,1459. 용마한신아파트사거리,202104,347
중랑구,1461.동양엔파트 앞,202104,1182
중랑구,1462.동부시장 북문 앞,202104,1499
중랑구,1463.중랑구민회관,202104,259
중랑구,1464.중화역 4번출구,202104,1047
중랑구,1465.중랑공영차고지 옆,202104,851
중랑구,1466.두산대림아파트 삼거리,202104,503
중랑구,1467.sk신내 주유소앞(용마산로),202104,179
중랑구,1468.먹골역 7번 출구,202104,645
중랑구,1469.먹골역 4번출구,202104,1014
중랑구,1470.중화동 우리은행 앞,202104,1216
중랑구,1471.동양쇼핑 정류소 앞,202104,1443
중랑구,1472.영성빌딩(PAT),202104,553
중랑구,1473.중랑역 1번 출구(중화문화복지센터),202104,1279
중랑구,1474.서울중랑우체국,202104,925
중랑구,1477.면목삼익아파트 앞,202104,482
중랑구,1478.홈플러스 상봉점 앞,202104,1402
중랑구,1479.면목 홈플러스 2,202104,1315
중랑구,1480. 용마지구대 옆,202104,841
중랑구,4802. 새우개마을,202104,180
중랑구,4803. 상봉2동 주민센터 앞,202104,448
중랑구,4804. 동서울농협 앞,202104,998
중랑구,4807. 라코지스테이 앞,202104,291
중랑구,4808. 신내2동 주민센터 앞,202104,440
중랑구,"4809. 동성1,2차 아파트 앞",202104,992
중랑구,4811. 한양수자인아파트 앞,202104,270
중랑구,4812. 묵동 이마트 앞,202104,934
중랑구,4813. 망우로 버거킹 앞,202104,1409
강남구,2301. 현대고등학교 건너편,202105,3371
강남구,2302. 교보타워 버스정류장(신논현역 3번출구 후면),202105,961
강남구,2303. 논현역 7번출구,202105,1335
강남구,2304. 신영 ROYAL PALACE 앞,202105,200
강남구,2305. MCM 본사 직영점 앞,202105,289
강남구,2306. 압구정역 2번 출구 옆,202105,1240
강남구,2307. 압구정 한양 3차 아파트,202105,130
강남구,2308. 압구정파출소 앞,202105,341
강남구,2309. 청담역(우리들병원 앞),202105,456
강남구,2310. 청담동 맥도날드 옆(위치),202105,452
강남구,2311. 학동로 래미안 아파트 앞,202105,378
강남구,2312. 청담역 13번 출구 앞,202105,465
강남구,2313. 금원빌딩 앞,202105,1004
강남구,2314. 청담나들목입구,202105,848
강남구,2315. 봉은사역 5번출구 옆,202105,541
강남구,2316. 삼성역 8번출구,202105,1198
강남구,2317. 삼성도로공원,202105,1085
강남구,2318. 삼성중앙역4번출구(문화센터더 리빌),202105,525
강남구,2319. 포스코사거리 서측(수협 삼성동 지점),202105,513
강남구,2320. 도곡역 대치지구대 방향,202105,541
강남구,2321. 학여울역 사거리,202105,802
강남구,2322. 삼성역 3번 출구,202105,701
강남구,2323. 주식회사 오뚜기 정문 앞,202105,497
강남구,2324. 천주교 대치 2동 교회 옆,202105,987
강남구,2325. 대치동 버거킹대치점,202105,753
강남구,2326. 대치동 삼성로,202105,465
강남구,2327. 뱅뱅사거리 랜드마크타워 앞,202105,994
강남구,2328. 르네상스 호텔 사거리 역삼지하보도 7번출구 앞,202105,458
강남구,2329. 르네상스호텔사거리 역삼지하보도 2번출구,202105,313
강남구,2330. 스타벅스 앞,202105,580
강남구,2331. 동영문화센터앞,202105,509
강남구,2332. 선릉역3번출구,202105,1053
강남구,2333. 양재역 3번출구 주변,202105,922
강남구,2334. 삼호아파트 2동 ( 간선도로),202105,168
강남구,2335. 3호선 매봉역 3번출구앞,202105,1381
강남구,2336. 강남세브란스교차로 래미안그레이튼 104동 앞,202105,258
강남구,2337. 대모산입구역 2번출구 앞,202105,556
강남구,2339. 현대아파트 정문 앞,202105,391
강남구,2340. 삼호물산버스정류장(23370) 옆,202105,1995
강남구,2341. 일원역 4~5번 출구 사이,202105,431
강남구,2342. 대청역 1번출구 뒤,202105,1724
강남구,2343. 세곡사거리 대왕파출소 앞,202105,117
강남구,2344. 리엔파크 2단지 앞,202105,474
강남구,2347. 두산건설 본사,202105,283
강남구,2348. 포스코사거리(기업은행),202105,1600
강남구,2349. 역삼빌딩 앞(하나은행 옆),202105,443
강남구,2350. 래미안그레이튼102동앞,202105,280
강남구,2351. 청소년수련관(수영장)앞,202105,218
강남구,2352. 서울본부세관(건설회관 앞),202105,236
강남구,2353. 강남구청역 2번출구 뒤,202105,511
강남구,2354. 청담역 2번출구,202105,282
강남구,2355. 삼성역 5~6번 출구 사이,202105,1408
강남구,2356. 강남구청,202105,546
강남구,2357. 르네상스호텔사거리 역삼지하보도 3번출구 앞 (더 오번 빌딩 명동칼국수 앞),202105,238
강남구,2358. 구룡초사거리 (현대아파트10동 앞 ),202105,413
강남구,"2359. 국립국악중,고교 정문 맞은편",202105,847
강남구,2360. 도곡1동 주민센터 교차로,202105,511
강남구,2361. 압구정역 교차로,202105,1073
강남구,2362. 신사동 가로수길 입구,202105,935
강남구,2363. 강남 을지병원 교차로,202105,318
강남구,2364. 도산대로 렉서스 앞,202105,597
강남구,2365. K+ 타워 앞,202105,1015
강남구,2368. 도곡동 경남아파트 건너편,202105,143
강남구,2369. KT선릉타워,202105,875
강남구,2370. 한티역 3번출구,202105,221
강남구,2371. 한국우편사업진흥원,202105,271
강남구,2372. 대치역 사거리,202105,1117
강남구,2373. 개포동역 사거리,202105,1493
강남구,2375. 수서역 1번출구 앞,202105,742
강남구,2376. 수서역 6번출구 앞,202105,360
강남구,2377. 수서역 5번출구 뒤,202105,2436
강남구,2380. 삼성동베이직하우스앞,202105,501
강남구,2381. 언주역 6번출구앞,202105,448
강남구,2382. 역삼동 sk뷰 501동앞,202105,276
강남구,2383. 보금자리정원,202105,210
강남구,2384. 자곡사거리,202105,1851
강남구,2385. 학동역,202105,785
강남구,2386. 크린랩 본사,202105,334
강남구,2387. 래미안강남힐즈 사거리,202105,944
강남구,2388. 강남구 도시관리공단,202105,354
강남구,2389. 경기여자고등학교 후문 (삼성로3길 입구),202105,547
강남구,2390. 구룡마을 입구 (래미안블레스티지 아파트),202105,277
강남구,2391. 구룡터널 입구(개포1단지아파트),202105,15
강남구,2392. 구룡산 입구 (구룡산 서울둘레길 입구),202105,55
강남구,2393. 구룡사 앞 교차로 (보도육교),202105,70
강남구,2394. 개포래미안포레스트아파트 107동 앞,202105,692
강남구,2395. 개포1단지아파트 입구 (보도육교),202105,70
강남구,2396. 영동3교 북단(우성캐릭터 앞 보도),202105,808
강남구,2398. 더라움,202105,290
강남구,2401. 밀알학교 입구 (삼성서울병원 입구),202105,195
강남구,2403. 공무원연금매점 교차로 (개포주공9단지 입구),202105,229
강남구,2404. 대모산입구역 4번 출구 앞,202105,912
강남구,2405. 청담공원앞 교차로,202105,599
강남구,2406. 논현동 광명빌딩 앞,202105,427
강남구,2407. 역삼.서초.삼성 세무서 앞 (역삼빌딩 앞),202105,1264
강남구,2408. 강남한양수자인아파트,202105,793
강남구,2409. 역삼동 디오슈페리움 (우성아파트 사거리),202105,786
강남구,2410. 포스코피앤에스타워 (역삼역 3번출구 부근),202105,694
강남구,2411. 세곡동 성당,202105,773
강남구,2412. 일원1동 주민센터,202105,1350
강남구,2413.도곡역 1번 출구,202105,900
강남구,2414. 도곡역 아카데미스위트 앞,202105,921
강남구,2415.한티역 롯데백화점 앞,202105,812
강남구,2416.한티역 6번 출구,202105,209
강남구,2417.선정릉 디캠프(D.CAMP)앞,202105,213
강남구,2418.봉은사역 7번 출구,202105,654
강남구,"2419.봉은사역 1,2번 출구",202105,579
강남구,2420.학여울역 사거리(LG베스트샵 앞),202105,765
강남구,2421. 신논현역 4번출구,202105,616
강남구,2422.수서동 성당 맞은편,202105,662
강남구,2423.영희초교 사거리(래미안개포루체하임),202105,989
강남구,2425.세곡동 사거리(대왕초등학교 정류장),202105,172
강남구,2426.강남한신휴플러스 6단지,202105,409
강남구,2427.개포고등학교 정문앞,202105,488
강남구,2428.롯데리아 개포점앞,202105,386
강남구,2429.압구정로데오역 6번출구,202105,1323
강남구,2430.강남파이낸스센터앞(역삼역2번출구),202105,421
강남구,2431.대치역 7번출구,202105,1105
강남구,3602. 한국지역난방공사강남지사,202105,224
강남구,3603. 삼성역 2번출구,202105,727
강남구,3604. 삼성중앙역 5번출구(하이마트앞),202105,388
강남구,3605. 봉은사역6번출구(현대아이파크타워앞),202105,599
강남구,3606. 신사동주민센터 옆,202105,772
강남구,3609. 언주초등학교 입구,202105,341
강남구,3610. 윗반마을 입구,202105,106
강남구,3611. 방죽마을 입구,202105,344
강남구,3612. 은곡마을,202105,362
강남구,3614. 은마아파트 입구 사거리,202105,646
강남구,3615. 서울 논현동우체국 앞,202105,178
강남구,3616. 역삼중학교 앞(체육관 방향),202105,171
강남구,3620. 청담역 11번 출구,202105,106
강남구,3621. 휘문고교 사거리,202105,165
강남구,3622. 은마아파트입구 사거리,202105,145
강남구,3623. 일원에코파크 앞(개포로 방면),202105,670
강남구,3624. 대모산입구역 7번 출구 앞,202105,76
강남구,3627. 압구정나들목,202105,2721
강남구,3628. 역삼1동 주민센터,202105,642
강남구,3629. 청담사거리(신한오피스텔빌딩 앞),202105,379
강남구,3630. 개포우성6차아파트 정문 앞,202105,213
강동구,1001. 광진교 남단 사거리(디지털프라자앞),202105,2373
강동구,1002. 해공공원(천호동),202105,2560
강동구,1003. 해공도서관앞,202105,926
강동구,1004. 삼성광나루아파트 버스정류장,202105,1832
강동구,1006. 롯데캐슬 115동앞,202105,737
강동구,1007.암사동 선사유적지,202105,244
강동구,1008. 암사역 3번출구(국민은행앞),202105,3335
강동구,1009. 천호역4번출구(현대백화점),202105,4567
강동구,1010. 강동세무서,202105,2773
강동구,1011. LIGA 아파트 앞,202105,2787
강동구,1012. 서울 상운차량,202105,1256
강동구,1013. 강동구청역 1번 출입구,202105,1470
강동구,1014. 강동구평생학습관앞,202105,1144
강동구,1015. 샛마을 근린공원,202105,728
강동구,1016. 해뜨는 주유소옆 리엔파크 109동앞,202105,820
강동구,1017. 맥도날드(길동),202105,2271
강동구,1018. 둔촌 주공 GS 맞은편,202105,711
강동구,1019. 다성이즈빌아파트(호원대 대각선 맞은편),202105,2784
강동구,1020. 강동경찰서,202105,2807
강동구,1021. 강일동 리슈빌 빌딩앞,202105,1596
강동구,1022. 길동 사거리(초소앞),202105,1824
강동구,1023. 한국종합기술사옥 앞,202105,2069
강동구,1024. 강동구청 앞,202105,2588
강동구,1025. 상일초등학교,202105,777
강동구,1026. 대명초교 입구 교차로,202105,641
강동구,1027. 프라자 아파트 앞,202105,1276
강동구,1028. 포레스 주상복합 빌딩,202105,1563
강동구,1029. 롯데 시네마,202105,2115
강동구,1030. 미호 플랜트 앞,202105,991
강동구,1031. 올림픽로 836(아리수로),202105,646
강동구,1032. 선사고등학교,202105,1240
강동구,1033. 고덕동 아남아파트,202105,910
강동구,1034. 고덕동 래미안 힐스테이트,202105,537
강동구,1035. 고덕역 4번출구,202105,1090
강동구,1036. 고덕동 주양쇼핑,202105,1101
강동구,1037. 강일리버파크 6단지,202105,301
강동구,1038. 강일 다솜 어린이 공원,202105,329
강동구,1039. 고덕초등학교,202105,180
강동구,1041. 묘곡초등학교,202105,906
강동구,1042. 강일리버파크 2~5단지,202105,691
강동구,1044. 굽은다리역,202105,3604
강동구,1047. 건강보험 강동지사kt,202105,1998
강동구,1048. 동부기업(둔촌동),202105,1939
강동구,1049. 강일리버파크 10단지,202105,691
강동구,1050. 둔촌역 3번 출입구,202105,3935
강동구,1052. 리싸이클시티,202105,207
강동구,1053. 동명근린공원 진입로 (아리수로),202105,324
강동구,1054. 말우물 어린이 공원,202105,297
강동구,1056. 강일리버파크 7~11단지,202105,507
강동구,1057. 능골근린공원,202105,842
강동구,1058. 고덕숲 아이파크 1,202105,1095
강동구,1059. 래미안 강동팰리스(102동),202105,1209
강동구,1060. 천일초교 사거리,202105,899
강동구,1061. 천호초교 입구 사거리(일주빌딩),202105,1125
강동구,1062. 고덕숲 아이파크 2,202105,308
강동구,1063.강동롯데캐슬퍼스트 아파트(관리동),202105,460
강동구,1064.중앙보훈병원역 1번출구,202105,333
강동구,1065.보훈병원 정문옆(중앙대영약국),202105,679
강동구,1066.생태공원앞 교차로(조명탑),202105,336
강동구,1067.한영중고앞사거리,202105,472
강동구,1068.명일파출소,202105,688
강동구,1069.강동경희대학교병원 입구,202105,385
강동구,1070.(시립)고덕평생학습관,202105,618
강동구,1071.명일근린공원공동체텃밭,202105,412
강동구,1072.고덕역 5번출구,202105,1077
강동구,1073.SSTS 몰 앞,202105,842
강동구,1074.대명초교입구 사거리,202105,1162
강동구,1075.천동초교 삼거리,202105,1154
강동구,1076.전자랜드 길동점,202105,2152
강동구,1077.강동역 1번출구 앞,202105,2224
강동구,1078.둔촌사거리,202105,2158
강동구,1079.강일동입구교차로,202105,382
강동구,1080.엘웨딩,202105,923
강동구,1081.트레빌빌딩,202105,821
강동구,1082.중앙보훈병원역3번출구,202105,140
강동구,1083.광문고교사거리(아이파크),202105,651
강동구,1084. 윤선생빌딩(JYP사옥),202105,2244
강동구,1085.래미안 솔베뉴(고덕로),202105,1042
강동구,1086.래미안 솔베뉴(구천면로),202105,761
강동구,1088.풍납사거리(강동),202105,1034
강동구,1089.고덕 래미안힐스테이트(201동),202105,328
강동구,1090.상일동역 2번출구 앞,202105,2900
강동구,3539. 서원마을,202105,233
강동구,3652. 한영외국어고등학교,202105,168
강동구,3653. 강동리버스트4단지아파트 404동 앞,202105,772
강동구,3654. 강동리버스트4단지아파트 405동 앞,202105,815
강동구,3655. 둔촌신성미소지움아파트,202105,438
강동구,3657. 서울천호동우체국,202105,564
강동구,3661. 명일동신동아아파트 앞,202105,107
강동구,3668. 성내삼성아파트,202105,758
강동구,3671. 둔촌동역교차로,202105,687
강동구,3673. 강동리버스트6단지,202105,277
강동구,3674. 강동리버스트7단지,202105,200
강동구,3675. 강동리버스트8단지,202105,272
강동구,3676. 강동리엔파크9단지,202105,488
강동구,3677. 강동구음식물재활용센터,202105,36
강동구,3680. 강동역3번출구,202105,478
강동구,3683. KT&G강동지사,202105,426
강동구,3685. 강동리엔파크14단지(1401동 앞),202105,633
강북구,"1501. 미아역 3번,4번 출구 사이",202105,1581
강북구,1503. 이디야 커피 수유역점 앞,202105,2498
강북구,1504. 다이소 삼양시장점,202105,494
강북구,1506. 강북문화예술회관,202105,1320
강북구,1509. 서울북부수도사업소,202105,635
강북구,1510. 번동주공5단지 관리사무소 앞,202105,327
강북구,1511. 번동 금호어울림아파트102동앞,202105,284
강북구,1512. 강북중학교 앞,202105,2553
강북구,1513. 강북구청 뒷편,202105,242
강북구,1514. 강북구청 사거리 버스정류소 앞,202105,1382
강북구,1515. 송천동 주민센터,202105,759
강북구,1516. 우이초등학교 후문 옆,202105,742
강북구,1518. SK telecom(수유직영점) 앞,202105,763
강북구,1519. 세븐일레븐 수유장미원점 앞,202105,865
강북구,1520. 성실교회,202105,1302
강북구,1522. 월드전기조명인테리어(우이동),202105,406
강북구,1525. 미아동 복합청사,202105,499
강북구,1526. 수유동 채선당앞,202105,760
강북구,1527. 미아역 1번 출구 뒤,202105,879
강북구,1528. 삼각산동 주민센터,202105,549
강북구,1529. 미아동 한국전력공사,202105,2000
강북구,1530. 광산사거리,202105,1688
강북구,1531. 미아사거리 1번 출구,202105,2520
강북구,1532. 번3동 주민센터 교차로,202105,705
강북구,"1533. 번동 주공3, 4단지 교차로",202105,1579
강북구,1534. 북서울 꿈의 숲 동문,202105,1405
강북구,1535. 효성인텔리안 앞,202105,1730
강북구,1536. 번동 두산위브 101동 옆,202105,892
강북구,1537. 북한산 우이역,202105,722
강북구,1538. 솔밭공원역,202105,399
강북구,1539. 4.19민주묘지역,202105,505
강북구,1540. 가오리역,202105,1217
강북구,1541. 삼양역,202105,213
강북구,1542. 삼양사거리역,202105,389
강북구,1543. 수유1동 주민센터,202105,904
강북구,1545. 솔샘역 2번 출구,202105,368
강북구,1546. 송천동우체국,202105,573
강북구,1547. 꿈의숲 롯데캐슬,202105,453
강북구,1548. 북서울 꿈의숲 서문,202105,1156
강북구,1550.삼각산아이원아파트(105동 옆),202105,141
강북구,1551.4.19탑 앞,202105,656
강북구,1552. 강북구청사거리(던킨도너츠 앞),202105,1771
강북구,1553.예수그리스도후기성도교회 앞,202105,783
강북구,1554.번동사거리,202105,876
강북구,1557.신창교,202105,1317
강북구,1558.강북문화정보도서관,202105,331
강북구,1560. 도봉세무서 앞,202105,1101
강북구,1564.4.19민주묘지역 1번출구,202105,1161
강북구,1565.대한병원앞,202105,1222
강북구,1568.4.19민주묘지 입구사거리,202105,689
강북구,1569.수유역2번출구,202105,2155
강북구,1571.북서울 꿈의 숲 입구,202105,476
강북구,1572.우이산 입구,202105,182
강북구,1573.현대성우아파트 옆,202105,356
강북구,1574.송중초등학교 옆,202105,621
강북구,3703. 신성교회 앞,202105,317
강북구,3707. 드래곤타워 앞,202105,731
강북구,3711. 월계2교 교차로,202105,823
강북구,3714. 송천센트레빌,202105,407
강북구,3718. 번동 SK LPG 충전소,202105,810
강서구,1101. 개화동상사마을종점 버스정류장,202105,323
강서구,1102. 방화사거리 마을버스 버스정류장,202105,2450
강서구,1103. 방화역 4번출구앞,202105,2213
강서구,1105. 방화근린공원,202105,512
강서구,1106. 신방화사거리,202105,2668
강서구,1108. 공항시장역 2번출구 뒤,202105,1231
강서구,1109. 공항시장역 4번출구,202105,856
강서구,1110. 공항중학교앞,202105,1374
강서구,1111. 마곡엠밸리6_7단지 마곡중학교,202105,1884
강서구,1112. 마곡엠밸리4단지 정문,202105,3897
강서구,1113. 서남환경공원 버스정류장,202105,1364
강서구,1115. 등촌역 1번출구옆,202105,2165
강서구,1117. 스타벅스앞,202105,3310
강서구,1118. 증미역 3번출구뒤(등촌두산위브센티움오피스텔),202105,3357
강서구,1119. 염창동 한마음아파트앞(염창동 빛나는 음악학원앞),202105,2065
강서구,1120. 대림경동아파트앞,202105,2206
강서구,1121. 가양레포츠센터앞,202105,1683
강서구,1122. 황금내근린공원,202105,3444
강서구,1124. 발산역 6번 출구 뒤,202105,5186
강서구,1125. 명덕고교입구(영종빌딩),202105,4145
강서구,1126. 우장산역 1번출구옆(우장산아이파크105동앞),202105,2020
강서구,1127. 화곡역(에이스정형외과앞) 버스정류장,202105,1814
강서구,1128. 화곡역 6번출구,202105,1559
강서구,1129. 화곡역 1번 출구 앞,202105,1885
강서구,1130. 화곡본동시장 버스정류장,202105,617
강서구,1131. 꿈돌이공원 앞,202105,2176
강서구,1132. 등촌역 7번출구,202105,2193
강서구,1135. 강서구의회,202105,2029
강서구,1136. 등촌2파출소,202105,827
강서구,1137. 등촌2동주민센터,202105,501
강서구,1139. 용문사 버스정류장,202105,1588
강서구,1140. 목동사거리 버스정류장,202105,2170
강서구,1141. 곰달래 문화복지센터 1-1,202105,1613
강서구,1145. 곰달래 문화복지센터 1-2,202105,830
강서구,1146. 곰달래사거리,202105,1585
강서구,1148. 볏골공원,202105,1186
강서구,1149. 신방화역환승주차장,202105,4232
강서구,1150. 송정역 1번출구,202105,2221
강서구,1151. 마곡역1번출구,202105,2337
강서구,1152. 마곡역교차로,202105,6064
강서구,"1153. 발산역 1번, 9번 인근 대여소",202105,6503
강서구,1155. 기쁜우리복지관,202105,1946
강서구,1157. 강서구청,202105,2612
강서구,1158. 가양역 8번출구,202105,5628
강서구,1159. 서서울모터리움앞,202105,985
강서구,1160. 양천향교역 7번출구앞,202105,5884
강서구,1161. 강서면허시험장앞,202105,380
강서구,1162. 공항초등학교건너편,202105,2154
강서구,1163. 방화동강서기동대앞,202105,1940
강서구,1165. 마곡중학교 후문,202105,982
강서구,1166. 강서구립등빛도서관,202105,3154
강서구,1167. 마곡수명산파크3단지 교차로,202105,2834
강서구,1168. 마곡엠밸리10단지 앞,202105,1221
강서구,1169. 염창역 1번 출구,202105,1650
강서구,1170. 강서구보건소 (삼성디지털 프라자),202105,1161
강서구,1171. 염창동 새마을금고 건너편 (모닝글로리),202105,1495
강서구,1172. 가양3동 주민센터,202105,1775
강서구,1173. 강서구청사거리(SH타워),202105,2926
강서구,1174. 강서구청사거리(부민병원),202105,1218
강서구,1175. 대한항공 인력개발센터,202105,1302
강서구,1177. 수명중?고교,202105,1453
강서구,1178. 개화산역 2번 출구,202105,1255
강서구,1180. 마곡엠밸리 15단지(1502동) 건너편,202105,2195
강서구,1181. 농수산식품공사 (강서지사),202105,392
강서구,1182. KBS 스포츠월드,202105,1879
강서구,1183. KC 대학교,202105,480
강서구,1184. 마곡13단지,202105,3129
강서구,1185. 등촌9단지,202105,1178
강서구,1186. 송정중학교,202105,902
강서구,1187. 강서수산물도매시장,202105,794
강서구,1188. 롯데중앙연구소,202105,252
강서구,1190. 마곡역 교차로(2번출구),202105,1403
강서구,1191. 마곡역 교차로(NH농협),202105,2904
강서구,1192. 마곡수명산파크 209동 건너편,202105,1508
강서구,1193. 마곡센트럴타워 1차,202105,2769
강서구,1194. 센서텍㈜,202105,885
강서구,1195. 코오롱One&Only타워,202105,2197
강서구,1196. 서울식물원(문화센터) 건너편,202105,505
강서구,1197. 엠펠리체 호텔 건너편,202105,2697
강서구,1198. LG 사이언스파크,202105,597
강서구,1199. 우장산역 3번출구,202105,2223
강서구,1200. 개화광역환승센터,202105,284
강서구,2701. 마곡나루역 5번출구 뒤편,202105,5078
강서구,2702. 마곡 엠밸리2단지,202105,1158
강서구,2703.서울도시가스 앞,202105,985
강서구,2704.홈플러스(강서점),202105,2765
강서구,2706.강서공업고등학교 앞,202105,1586
강서구,2707.한강아파트,202105,1513
강서구,2708.강서한강자이타워 앞,202105,3154
강서구,2709.강변아파트 310동 앞,202105,1273
강서구,2710.라이품 공영주차장 앞,202105,1328
강서구,2711.가로공원공영주차장 1번 출구,202105,1354
강서구,2712.화곡터널입구교차로,202105,878
강서구,2713.우장초등학교 앞,202105,1229
강서구,2715.마곡나루역 2번 출구,202105,8214
강서구,2716.롯데 R&D 센터,202105,524
강서구,2717.LG유플러스 마곡사옥,202105,3267
강서구,2718.마곡수명산파크1단지,202105,1657
강서구,2719.마곡문화공원,202105,2317
강서구,2720.힐스테이트에코,202105,2725
강서구,2721.등촌1-10단지 교차로,202105,3212
강서구,2722.마곡 문영비지웍스,202105,22
강서구,2723.마곡 필네이처,202105,2500
강서구,2724.(재)FITI시험연구원,202105,1864
강서구,2725.서울식물원 식물문화센터,202105,1227
강서구,2727.서울식물원 잔디마당 앞,202105,1549
강서구,2728.마곡나루역 3번 출구,202105,4988
강서구,2729.넥센 유니버시티 앞,202105,1686
강서구,2730.마곡메가박스 앞,202105,1901
강서구,2731.명덕고교,202105,853
강서구,2732.마곡수명산 1-2단지,202105,1360
강서구,2733.마곡13단지 정문 앞,202105,3125
강서구,2735.마곡 공공청사,202105,2356
강서구,2737.까치산역 3번 출구,202105,1787
강서구,2739.수명산파크1단지교차로,202105,2314
강서구,2740.마곡레포츠센터,202105,765
강서구,2741.마곡수명산파크5-6단지,202105,1201
강서구,2742.강서구민올림픽체육센터,202105,1030
강서구,2743.동신아파트 104동 앞,202105,874
강서구,2744.강서세무서 앞,202105,2809
강서구,2745.수명초등학교,202105,818
강서구,2746.수명산파크 4단지 411동 앞,202105,1088
강서구,3753. 공항중학교 버스정류장,202105,915
강서구,3754. 신방화역 8번출구,202105,1494
강서구,3755. 어위쉬예다인오피스텔,202105,1183
강서구,3756. 마곡힐스테이트 정문,202105,1064
강서구,3759. 서울이대병원,202105,1507
강서구,3760. 발산역 8번 출구,202105,1197
강서구,3761. 나이아가라관광호텔,202105,531
강서구,3763. 등촌태영아파트,202105,848
강서구,3764. 관문주유소(GS칼택스) 앞,202105,1199
강서구,3765. 문소빌딩,202105,313
강서구,3766. 강서문화센터,202105,198
강서구,3767. 대원빌딩,202105,690
강서구,3769. 가양동 이마트 앞,202105,2393
강서구,3770. 남부순환로 205,202105,236
강서구,3772. 길성그랑프리텔아파트,202105,1891
강서구,3775. 가양오토갤러리,202105,1149
강서구,3776. 김포공항교차로,202105,548
강서구,3778. 김포공항입구 교차로,202105,1907
강서구,3779. 유광사여성병원,202105,888
강서구,3780. 등촌서광아파트,202105,3037
강서구,3781. 강서아동복지센터,202105,71
강서구,3782. 겸재정선미술관,202105,977
강서구,3783. 마곡금호어울림아파트,202105,1001
강서구,3784. 벽산아파트,202105,1904
강서구,3786. 강서힐스테이트 상가 앞,202105,834
강서구,3787. 가양나들목,202105,1154
강서구,3788. 정곡나들목,202105,2484
강서구,3789. 염창나들목,202105,3280
강서구,3792. 화곡본동시장 입구,202105,678
강서구,3793. 더리브골드타워,202105,19
강서구,3794. 안양천합수부(현대3차아파트),202105,1891
강서구,3795. 공항신성빌딩 앞,202105,615
강서구,3796. 송정역 3번출구 앞,202105,1428
강서구,3797. 마곡수명산파크7단지 710동 앞,202105,671
강서구,3798. 그랜드아이파크아파트 앞,202105,2991
강서구,3799. 국립항공박물관,202105,285
강서구,3801. 이랜드글로벌R&D센터,202105,33
관악구,2102. 봉림교 교통섬,202105,9786
관악구,2103. 신림동 우방아파트,202105,1957
관악구,2104. 사당역 5번출구,202105,1609
관악구,2105. 미성동 신림체육센터,202105,1420
관악구,2106. 난곡 새마을금고,202105,1917
관악구,2107. 도림천 신화교,202105,3334
관악구,2108. 은천치안센터,202105,1426
관악구,2109. 은천로입구 가로공원,202105,3339
관악구,2110. 조원동 미성아파트,202105,154
관악구,2111. 서울대입구역 1번출구,202105,1086
관악구,2112. 서울대입구역 마에스트로,202105,1314
관악구,2113. 관악동작견인차량보관소,202105,2206
관악구,2115. 관악농협농산물백화점,202105,1226
관악구,2116. 에이스에이존빌딩,202105,1078
관악구,2119. 중앙동 동진빌딩,202105,1398
관악구,2122. 낙성대로 입구,202105,912
관악구,2127. 보성운수차고지 맞은편,202105,600
관악구,2128. 관악구청교차로,202105,892
관악구,2129. 낙성대 과학전시관,202105,514
관악구,2130. 영어마을 관악캠프,202105,322
관악구,2135. 신림역 5번출구,202105,1839
관악구,2136. 신림역 8번출구,202105,3178
관악구,2137. KT&G 관악지점,202105,495
관악구,2139. 서울신성초등학교,202105,743
관악구,2140. 신림1교 교차로,202105,2151
관악구,2141. 미림여고입구 교차로,202105,155
관악구,2143. 서울산업정보학교,202105,391
관악구,2144. 난우길입구,202105,742
관악구,2145. 은천초등학교 육교,202105,808
관악구,2148. 낙성대역 3번출구 뒤,202105,974
관악구,2156. 농협 관악문성지점,202105,969
관악구,2159. 인헌초교,202105,404
관악구,2164. 관악우체국,202105,1147
관악구,2165. JK장평타워,202105,494
관악구,2167. 낙성대역 1번출구,202105,776
관악구,2169. 봉천역 2번출구,202105,1307
관악구,2170. 조원동서울본병원,202105,1152
관악구,2171. 서울대입구역 5번출구,202105,1757
관악구,2172. 나들목공원,202105,679
관악구,2173. 당곡사거리,202105,5039
관악구,2174. 삼성디지털프라자관악점,202105,998
관악구,2175. 신림동걷고싶은문화의거리입구,202105,1369
관악구,2176. 보라매공원 보도육교,202105,2730
관악구,2177. 신대방역 2번 출구,202105,6977
관악구,2178. 서울대학교 정문,202105,808
관악구,2179. 양녕로 입구,202105,1697
관악구,2183. 동방1교,202105,5900
관악구,2184. 구암초등학교 버스정류장,202105,275
관악구,2185. 대학동 고시촌,202105,996
관악구,2186.우리은행 낙성대역지점,202105,682
관악구,2187.현대시장사거리(신한은행),202105,1265
관악구,2189.삼성서비스센터(관악점),202105,1189
관악구,2190.도원맨션,202105,504
관악구,2191.대학동주민센터,202105,968
관악구,2195.은천교회,202105,765
관악구,2196.삼화페인트 봉천점,202105,551
관악구,2198.사랑의병원,202105,710
관악구,2199.신봉천주유소,202105,106
관악구,3306.서울신우초등학교,202105,171
관악구,3307.봉천고개 육교,202105,331
관악구,3310.영락고등학교,202105,602
관악구,3311.서울대입구역 4번 출구,202105,596
관악구,3802. 관악구민체육센터,202105,108
관악구,3803. 세븐일레븐 신림점,202105,1237
관악구,3804. 낙성대공원,202105,399
관악구,3806. 낙성대 교수아파트,202105,303
관악구,3807. 관악우체국 교차로,202105,439
관악구,3810. 신봉천주유소,202105,192
광진구,3500. 군자역2번출구,202105,2636
광진구,3501. 광진구청 앞,202105,2634
광진구,3502. 중곡역 1번출구,202105,926
광진구,3503. 광진유진스웰,202105,151
광진구,3504. 원일교회,202105,1804
광진구,3505. 신양초교앞 교차로,202105,878
광진구,3506. 영동대교 북단,202105,1558
광진구,3507. 어린이회관,202105,788
광진구,3508. 화양사거리,202105,763
광진구,3509. 세종사이버대학교,202105,2516
광진구,3510. 중곡SK아파트앞,202105,820
광진구,3516. 구의아리수정수센터앞,202105,685
광진구,3517. 용마사거리,202105,1951
광진구,3518. 군자역 7번출구뒤,202105,3479
광진구,3520. 광진경찰서,202105,2156
광진구,3521. 현대홈타운 뒷길,202105,354
광진구,3523. 건국대학교 과학관(이과대) 앞,202105,642
광진구,3524. 세종대학교,202105,128
광진구,3528. 광진정보도서관,202105,948
광진구,3529. 어린이대공원정문,202105,800
광진구,3533. 건대입구역 사거리(롯데백화점),202105,5891
광진구,3534. 건대입구역 5번출구 뒤,202105,3111
광진구,3535. 중곡사거리(국민은행),202105,2162
광진구,3536. 중앙농협(자양동),202105,2129
광진구,3537. 아차산 휴먼시아 아파트 옆,202105,720
광진구,3541. 커먼그라운드,202105,3057
광진구,3542. 래미안 구의파크 스위트,202105,1727
광진구,3543. 세종대학교(학술정보원),202105,296
광진구,3563.구의7단지현대아파트,202105,161
광진구,3564.나루마당,202105,155
광진구,3566.우성4차아파트,202105,1727
광진구,3569.건대병원후문,202105,3239
광진구,3570.구의역 리버비스타 오피스텔,202105,2383
광진구,3571.화양 APT(횡단보도 옆),202105,3059
광진구,3573.광나루안전체험관,202105,1294
광진구,3575.자양사거리 (LG 유플러스),202105,2231
광진구,3578.중곡동 파크웨이빌딩,202105,1207
광진구,3579.광진 캠퍼스시티,202105,2553
광진구,3581.광진광장,202105,888
광진구,3582.화양동 우체국,202105,1271
광진구,3586.군자역 비채온 오피스텔,202105,1719
광진구,3587.우성식품 앞,202105,1196
광진구,3588.세종대학교(영실관),202105,549
광진구,3853. 어린이대공원역 2번출구,202105,414
광진구,3860. 건국대학교 정문 앞,202105,957
광진구,3863. 동일로58길 입구,202105,513
광진구,3864. 광진소방서 앞,202105,616
광진구,3865. 이튼타워리버 2차,202105,1044
광진구,3868. 자양한강도서관,202105,924
광진구,3873. 동서울우편집중국 앞,202105,577
광진구,3878. 장로회신학대학교 주기철 기념관,202105,49
광진구,500. 어린이대공원역 3번출구 앞,202105,1762
광진구,501. 광진구의회 앞,202105,1458
광진구,502. 뚝섬유원지역 1번출구 앞,202105,16011
광진구,505. 자양사거리 광진아크로텔 앞,202105,2610
광진구,515. 광양중학교 앞,202105,1318
광진구,516. 광진메디칼 앞,202105,1313
광진구,539. 군자교교차로,202105,2269
광진구,540. 군자역 7번출구 베스트샵 앞,202105,1876
광진구,542. 강변역 4번출구 뒤,202105,2183
광진구,543. 구의공원(테크노마트 앞),202105,1428
광진구,544. 광남중학교,202105,1255
광진구,546. 잠실대교북단 교차로,202105,1339
광진구,548. 자양나들목,202105,2877
광진구,549. 아차산역 3번출구,202105,2569
광진구,551. 구의삼성쉐르빌 앞,202105,2419
광진구,552. 대림아크로리버 앞,202105,811
광진구,553. 중곡 성원APT 앞,202105,1661
광진구,555. 구의3동주민센터,202105,449
광진구,571. 어린이대공원역6번출구,202105,774
광진구,572. 국립정신 건강센터 앞,202105,605
광진구,573. 구의문주차장 앞,202105,1660
광진구,574. 아차산역4번출구,202105,2458
광진구,575. 중앙농협 중곡지점,202105,371
광진구,576. 광나루역 3번 출구,202105,2064
광진구,577. 광진청소년수련관,202105,1906
광진구,584. 광진광장 교통섬,202105,1798
광진구,588. 뚝섬 유원지역,202105,2258
광진구,590. 건국대학교 (입학정보관),202105,1363
광진구,591. 건국대학교 (행정관),202105,341
광진구,592. 건국대학교 학생회관,202105,1508
광진구,593.자양중앙나들목,202105,2223
구로구,1901. 신도림동주민센터 앞,202105,1709
구로구,1904. 도림천역 1번 출구 앞,202105,2229
구로구,1906. 신도림역 1번 출구 앞,202105,6266
구로구,1907. 구일우성(아) 육교 밑,202105,1089
구로구,1908. 해원리바파크 육교 밑,202105,1357
구로구,1910. 낙원교회 맞은편,202105,358
구로구,1911. 구로디지털단지역 앞,202105,5880
구로구,1912. 한신휴아파트 앞,202105,1679
구로구,1913. 구로리공원,202105,1076
구로구,1914. 대림역4번출구,202105,2414
구로구,1916. 구로중학교앞,202105,617
구로구,1920. 서울미래초등학교 사거리,202105,1211
구로구,1924. 삼부르네상스파크빌,202105,684
구로구,1925. 동양미래대학교 정문 옆,202105,4137
구로구,1928. 고척스카이돔구장 광장,202105,1150
구로구,1929. 고척근린공원 고척도서관 앞,202105,1147
구로구,1930. 개봉지구대 개봉치안센터,202105,1161
구로구,1931. 개봉역(북측광장),202105,1506
구로구,1933. 개봉푸르지오아파트 상가,202105,1545
구로구,1936. 개봉역 1번 출구 자전거보관서쪽,202105,852
구로구,1937. 한진아파트 입구,202105,1295
구로구,1941. 오류동역 2번출구,202105,1514
구로구,1943. 온수역 북측,202105,512
구로구,1946. 구로역 광장,202105,2497
구로구,1951. 천왕이펜하우스 4단지 상가 앞,202105,259
구로구,1952. 천왕연지타운2단지 앞,202105,1609
구로구,1953. 천왕역 4번출구 뒤,202105,1195
구로구,1955. 디지털입구 교차로,202105,2657
구로구,1956. 도야미리숯불갈비 앞,202105,1493
구로구,1957. 구일고등학교 정문,202105,1500
구로구,1958. 강서수도사업소민원센터,202105,1337
구로구,1959. 구로구의회 앞,202105,1131
구로구,1960. 화광신문사 앞,202105,1619
구로구,1961. 신도림테크노근린공원,202105,4029
구로구,1962. 가리봉동주민센터,202105,1107
구로구,1964. 원메디타운 앞,202105,1137
구로구,1965. 삼환로즈빌아파트 105동 옆,202105,989
구로구,1966. 한마을아파트 정문상가,202105,1293
구로구,1967. 참새공원(백곡경노당),202105,440
구로구,1968. 동인오피스텔 건너편 소공원,202105,426
구로구,1969. 궁동생태공원,202105,203
구로구,1971. 오정초교 앞 보도육교,202105,377
구로구,1973. 오리로와 서해안도로 교차로 앞,202105,607
구로구,1974. 신도림2차e편한세상아파트 203동 앞,202105,1186
구로구,1975. 대림역 1번 출입구 밑,202105,1216
구로구,1976. 남구로역 5번 출입구 앞,202105,350
구로구,1977. 천왕역 1번 출입구 앞,202105,1617
구로구,1979. 구로1동우체국 앞,202105,254
구로구,1981. 천왕이펜하우스5단지 앞,202105,734
구로구,1983. 구로동롯데아파트,202105,1393
구로구,1984. 구로구청,202105,1137
구로구,1985. 구로도서관,202105,3164
구로구,1986. 태평양물산빌딩,202105,2471
구로구,1987. 개봉아이파크아파트 앞,202105,1329
구로구,1988. 고척LIGA아파트 앞,202105,1968
구로구,1991. 오류동역 맞은편,202105,1996
구로구,1992. 구로구배드민턴실내체육관 앞,202105,319
구로구,1993. 금강수목원아파트 앞,202105,633
구로구,1994. 삼성전자 물류센터 앞,202105,1009
구로구,1996. 구일역 1번 출입구 앞,202105,3061
구로구,1998. 고척교 교차로,202105,988
구로구,1999. 수궁동 성당 주변,202105,561
구로구,2000. 신도림4차 e편한세상 아파트 1109동 앞,202105,1939
구로구,2801. 대륭포스트타워1차,202105,1672
구로구,2804.항동지구 6단지 602동 앞,202105,421
구로구,2805.구로자원순환센터,202105,203
구로구,2806.항동지구 4단지 입구,202105,155
구로구,2807.항동지구 1단지 105동 앞,202105,422
구로구,2808.항동지구 2단지 202동 앞,202105,360
구로구,2809.항동지구 11단지 1103동 앞,202105,256
구로구,2810.항동지구 3단지 311동 앞,202105,182
구로구,2812.항동프라자,202105,368
구로구,2813.항동지구 3단지 302동 앞,202105,147
구로구,2814.항동지구 10단지 1001동 앞,202105,348
구로구,2815.항동지구 7단지 정문,202105,453
구로구,2816.항동지구 8단지 803동옆(주차장입구),202105,113
구로구,2817.천왕이펜하우스5단지 앞,202105,308
구로구,2818.천왕이펜하우스3단지 앞,202105,310
구로구,2819.하늘숲초등학교 앞,202105,601
구로구,2820.신세기아파트 앞,202105,820
구로구,2821.청구아파트 앞,202105,1234
구로구,2822.제니스스포츠 앞,202105,436
구로구,2823.중앙유통단지 앞,202105,891
구로구,2824.미래사랑어린이공원 앞,202105,2228
구로구,2825.초롱타운 앞,202105,343
구로구,2826.가마산지하보도 옆,202105,366
구로구,3902. 항동지구5단지 501동 앞,202105,326
구로구,3903. 현대아파트 앞,202105,675
구로구,3904. 테크노마트 앞,202105,2030
구로구,3905. 희훈타워빌 앞,202105,1469
구로구,3906. 천왕차량사업소 입구,202105,448
금천구,1804. 독산역 2번출구 자전거주차장,202105,1203
금천구,1805. 서울디지털운동장 앞,202105,700
금천구,1806. 에이스하이엔드타워9차 앞,202105,918
금천구,1808. 에이스하이엔드타워8차 앞,202105,808
금천구,1809. LG전자 별관동(호서대 벤처타워 맞은편),202105,475
금천구,1812. 갑을그레이트밸리 앞,202105,820
금천구,1814. 두산위브아파트 옆 상가건물 앞,202105,853
금천구,1816. 금천폭포공원 앞,202105,303
금천구,1819. 금천구청 앞 자전거거치대,202105,749
금천구,1820. 신한은행 시흥대로금융센터지점,202105,338
금천구,1821. 홈플러스 시흥점 맞은편 다비치안경 앞,202105,810
금천구,1822. 서울 시흥동우체국 앞,202105,688
금천구,1823. 상신정비공업 앞,202105,328
금천구,1824. 독산근린공원 입구,202105,2147
금천구,1825. 한신아파트 앞 육교 아래,202105,736
금천구,1826. 한신코아 앞,202105,697
금천구,1827. 독산보도육교 앞 자전거 보관소,202105,3280
금천구,1828. 한양수자인아파트 앞,202105,790
금천구,1829. 홈플러스 금천점 앞,202105,921
금천구,1830. 빅마켓 금천점 앞,202105,1297
금천구,1831. 메이퀸웨딩컨벤션 앞,202105,610
금천구,1833. 독산역 1번출구 앞 자전거보관소,202105,845
금천구,1834. 월드메르디앙 벤처센터 2차,202105,2049
금천구,1835. STX V타워,202105,788
금천구,1836. 금천구립 독산도서관,202105,222
금천구,1839. 수출의 다리 아래,202105,551
금천구,1840. 솔브레인이엔지 뒤편,202105,838
금천구,1841. 가산동 주민센터,202105,1247
금천구,1842. 한울중학교,202105,604
금천구,1843. 독산고등학교,202105,451
금천구,1845. 롯데캐슬골드파크1차 서문,202105,639
금천구,1846. 롯데캐슬골드파크1차 동문,202105,743
금천구,1847. 독산주공 14단지 버스정류소,202105,263
금천구,1848. 벽산 디지털밸리 5차,202105,971
금천구,1849. 대륭포스트타워5차,202105,300
금천구,1850. 코오롱테크노밸리,202105,226
금천구,1851. 가산디지털단지 7번출구,202105,1898
금천구,1852. 혜명양로원 담장 옆,202105,423
금천구,1853. 서울디자인직업전문학교 앞,202105,369
금천구,1854. 가산아네스트 오피스텔 앞,202105,683
금천구,1855. 성지아파트 옆 도로변,202105,216
금천구,1856. 모두의학교,202105,1013
금천구,1857. 주공14단지,202105,306
금천구,1858. 석수역1번출구 앞 (SK주유소),202105,543
금천구,1859. 대륭테크노타운 18차,202105,608
금천구,1861.IBK기업은행 석수역 지점 앞,202105,240
금천구,1862.스타즈호텔독산 빌딩 앞,202105,745
금천구,1863.위너스 스포츠클럽 골프연습장옆,202105,302
금천구,1864.산호시티빌 옆,202105,215
금천구,1865.금천구청앞(M빌딩),202105,316
금천구,1866.서울안천초등학교 옆,202105,350
금천구,1867.대륭포스트타워6차 앞,202105,2469
금천구,1868.우리은행 시흥남자동화점 앞,202105,508
금천구,1869.롯데캐슬골드파크3차 301동 앞,202105,703
금천구,1870.독산3동주민센터 앞,202105,582
금천구,3956. 대륭테크노타운21차 앞,202105,715
금천구,3958. 롯데캐슬2차 마을버스 정류장(18804) 뒤편,202105,564
금천구,3959. 시흥사거리(시흥동 994-3 앞),202105,825
금천구,3963. 에이스 하드웨어(시흥대로 396) 앞,202105,853
금천구,3966. 독산역1번출구 옆,202105,1061
노원구,1602. 광운대역 앞,202105,1672
노원구,1605. 헬스케어,202105,2204
노원구,1606. 태릉입구역 3번출구,202105,1148
노원구,1608. 공릉역 1번 출구 앞,202105,4490
노원구,1610. 화랑대역 2번출구 앞,202105,3627
노원구,1611. 과기대 입구(우),202105,3958
노원구,1616. 하계2동 공항버스정류장 옆,202105,2244
노원구,1617. 하계동 중평어린이공원 앞,202105,2229
노원구,1619. 중계동 하나프라자빌딩 앞(중1-1),202105,1727
노원구,1620. 중계동 노원구민체육센터 옆(중1-2),202105,1337
노원구,1625. 상계역(4번출구),202105,3272
노원구,1627. 수락산역 4번출구,202105,1268
노원구,1628. 노일초등학교 앞,202105,932
노원구,1630. 수연빌딩 앞,202105,1200
노원구,1634. 당고개공원 대여소,202105,1029
노원구,1635. 상계3.4동 주민센터 대여소,202105,362
노원구,1636. 백병원 사거리 농협은행 앞,202105,3172
노원구,1637. KT 노원점 건물 앞,202105,4294
노원구,1639. 희성오피앙,202105,1617
노원구,1640. 한내근린공원 북측,202105,1486
노원구,1641. 한내근린공원 남측,202105,820
노원구,1642. 서울여대 남문,202105,969
노원구,1643. 태릉입구역 8번출구,202105,3639
노원구,1646. 삼육대 입구,202105,741
노원구,1650. 중계근린공원내,202105,2894
노원구,1651. 맥도날드 상계점 앞,202105,1075
노원구,1652. 파르코 앞,202105,406
노원구,1653. 노원역1번출구,202105,3972
노원구,1654. 당고개입구 오거리,202105,878
노원구,1655. 공릉1단지아파트,202105,2809
노원구,1656. 중앙하이츠 아파트 입구,202105,1972
노원구,1657. 노원구청,202105,1426
노원구,1659. 중계동 을지중학교,202105,754
노원구,1660. 서울시립과학관,202105,575
노원구,1661. 당현천근린공원,202105,1840
노원구,1662. 노원역7번출구,202105,2538
노원구,1663. 동해문화예술관앞,202105,2447
노원구,1664. 노해근린공원내,202105,558
노원구,1665. 양지근린공원앞,202105,994
노원구,1666. 노원소방서인근,202105,1542
노원구,1667. 중계중학교,202105,1572
노원구,1668. 중계역 6번출구,202105,2067
노원구,1669. 중계역 3번출구,202105,2107
노원구,1670. 노원경찰서교차로,202105,1467
노원구,1671. 인덕대학교,202105,999
노원구,1672. 상계동수락리버시티,202105,660
노원구,1674. 서울북부고용센터앞,202105,3247
노원구,1675. 월계문화체육센터,202105,149
노원구,1677. 육군사관학교 앞,202105,1750
노원구,1678. 성서대학교 밀알관,202105,399
노원구,1679. 삼육대 도서관,202105,267
노원구,1680. 삼육대 제3과학관,202105,90
노원구,1681. 현대6차 아파트,202105,1143
노원구,1682. 중계종합사회복지관 교차로,202105,1225
노원구,1683. 노원문화예술회관,202105,1724
노원구,1684. 태릉입구역 5번출구,202105,3148
노원구,1685. 불암고등학교 앞 횡단보도,202105,1055
노원구,1686. 온수골사거리(스타벅스앞),202105,2615
노원구,1688. 마들역 7번출구,202105,2042
노원구,1689. 마들역 3번출구,202105,1635
노원구,1690. 도봉운전면허시험장,202105,1593
노원구,1691. 노원정보도서관,202105,1305
노원구,1692. 온곡초교 교차로,202105,1121
노원구,1693. 원자력 병원,202105,516
노원구,1695.월계미륭아파트 정문,202105,815
노원구,1696.수락리버시티4단지,202105,525
노원구,1697.상계주공2단지 219동,202105,1078
노원구,1700.상계보람아파트 202동,202105,1005
노원구,2901.공릉동풍림아파트 101동,202105,984
노원구,2902.공릉풍림아파트 108동,202105,1048
노원구,2903.월계초안아파트 1단지,202105,687
노원구,2904.중계3차청구아파트,202105,1077
노원구,2905.중계주공6단지,202105,686
노원구,2907. 월계중학교,202105,432
노원구,2908. 광운대학교 중앙도서관,202105,1321
노원구,2909. 석계역 3번 출구,202105,1995
노원구,2910.도깨비시장,202105,2410
노원구,2911.상계역중앙시장,202105,2203
노원구,2912.대진고등학교,202105,1880
노원구,2913.상계8동 주민센터,202105,1735
노원구,2914.서울과학기술대학교(미래관),202105,657
노원구,2915.서울과학기술대학교(어학교육원),202105,2048
노원구,2917.신창중학교 후문 맞은편 버스정류장,202105,1298
노원구,2919.등나무 근린공원(시립북서울미술관 앞),202105,3424
노원구,2920.상계중학교(당현2교사거리),202105,1016
노원구,2921.중계역 2번출구,202105,1926
노원구,4002. 상계주공 14단지 상가 앞,202105,700
노원구,4003. 스타벅스 상계초교사거리점,202105,1387
노원구,4004. 당고개입구오거리 당현천변,202105,1105
노원구,4005. 중계2차 한화꿈에그린 101동 인근,202105,813
노원구,4007. 노원 을지대학교 병원,202105,1670
노원구,4008. 하계 어린이 공원,202105,1253
노원구,4009. 월계프라자,202105,589
노원구,4011. 월계 센트럴 아이파크,202105,974
노원구,4013. 중계 롯데마트,202105,1362
노원구,4014. 당고개역 3번 출구,202105,816
노원구,4016. 노원 마들스타디움,202105,680
노원구,4017. 월계 청백1단지 아파트 정류장,202105,386
노원구,4018. 상계주공15단지 버스정류소,202105,1062
노원구,4019. 상계주공10단지 버스정류소,202105,1086
노원구,4020. 중계동 성모빌딩 앞,202105,1233
노원구,4021. 중계본동 입구,202105,231
노원구,4023. 월계역 1번 출구,202105,646
노원구,4024. 꿈의숲 SK뷰 아파트,202105,1063
노원구,4025. 한천교 동편,202105,1301
노원구,4026. 상계주공1단지아파트,202105,798
노원구,4027. 이마트 월계점,202105,1122
노원구,4028. 한일유앤아이아파트 105동 인근,202105,1264
노원구,4029. 청소년수련관 후문,202105,2304
노원구,4031. 청암예술학교 앞,202105,785
노원구,4032. 은행사거리(불암주유소 앞),202105,691
노원구,4033. 녹천 자동차운전 전문학원 (녹천역 4번 출구),202105,556
노원구,4034. 상계근린공원 운동장 앞,202105,659
노원구,4036. 하계역 6번출구,202105,448
도봉구,1702. 녹천역 1번출구 앞,202105,662
도봉구,1703. 도봉산광역환승센터앞,202105,472
도봉구,1705. 도봉구청 정문앞,202105,1506
도봉구,1706. 기업은행 앞,202105,712
도봉구,1707. 도봉구민회관,202105,1302
도봉구,1708. 보건소사거리(다비치안경창동점),202105,1762
도봉구,1709. 쌍문역4번출구 주변,202105,1120
도봉구,1713. 쌍문동 이안아파트 앞,202105,393
도봉구,1714. 도봉문화정보도서관 삼거리,202105,397
도봉구,1715. 서울특별시교육청도봉도서관,202105,1054
도봉구,1716. 하나로마트 창동점,202105,1696
도봉구,1717. 시립창동운동장 입구,202105,437
도봉구,1719. 신도봉사거리 버스정류장,202105,741
도봉구,1720. 도봉구청 옆(중랑천변),202105,2525
도봉구,1721. 창동역 2번출구,202105,3031
도봉구,1722. 창동청소년수련관,202105,1092
도봉구,1723. 방학동학마을도서관,202105,613
도봉구,1725. 창1동주민센터,202105,247
도봉구,1726. 삼익세라믹아파트교차로,202105,1383
도봉구,1727. 서울도봉초등학교인근,202105,534
도봉구,1728. 서울북부지방법원,202105,308
도봉구,1729. 파리바게트앞,202105,1101
도봉구,1730. 도봉산역 교차로 앞,202105,250
도봉구,1731. 도봉고등학교 맞은편,202105,338
도봉구,1732. 우리은행 앞,202105,569
도봉구,1733. 방학사거리 (봄마당 앞),202105,1243
도봉구,1734. 쌍문현대1차아파트 108동 앞,202105,945
도봉구,"1735. 도봉역 1,2번 출구사이 건너편",202105,898
도봉구,1736. 버스정류장 앞,202105,609
도봉구,1737. 하나은행 (창동점),202105,2242
도봉구,1738. 창동주공17단지 상가앞,202105,1918
도봉구,1741. 제일강산수산입구,202105,2506
도봉구,1742. 북한산 코오롱 하늘채,202105,1895
도봉구,1743.창동19단지아파트 관리사무소앞,202105,1199
도봉구,1744.KT방학지사 앞,202105,1041
도봉구,1746. 다이소방학점 앞,202105,797
도봉구,1748. 피자헛 앞(도봉병원 옆),202105,729
도봉구,1749. ESA아파트 상가 앞,202105,1168
도봉구,1750. 창포원 남쪽 입구,202105,1267
도봉구,1751. 창원초등학교 교차로,202105,809
도봉구,1752. 창동 주공 4단지 입구 옆,202105,785
도봉구,1754. 창동시장입구 사거리,202105,1109
도봉구,1756.서울북부광역등기국,202105,277
도봉구,1757.솔밭공원역 1번출구 앞,202105,574
도봉구,1758.북서울교회 버스정류소 앞,202105,740
도봉구,1759.서울북부지방법원 앞,202105,563
도봉구,1761.방학중학교 앞,202105,521
도봉구,1762.북한산 한신휴플러스APT앞,202105,1572
도봉구,1765.쌍문역 1번 출구(양산부인과 빌딩),202105,1250
도봉구,1767.태양중앙교회 앞,202105,1612
도봉구,1768.신동아타워 버스정류소,202105,694
도봉구,1770.도봉한신아파트 주변,202105,781
도봉구,1771.성원APT버스정류소,202105,1139
도봉구,1772.시립도봉노인복지관 버스정류소,202105,720
도봉구,1774.반석교회(쌍문동),202105,547
도봉구,1775.신원리베르텔 앞,202105,964
도봉구,4054. KT프라자도봉점 맞은편,202105,525
도봉구,4058. 다락원체육공원 전망대 입구,202105,485
도봉구,4062. 평화도봉공원 주변,202105,930
도봉구,4064. 신창아파트 입구 앞,202105,381
도봉구,4065. 창동역 1번출구 앞,202105,1643
도봉구,4073.방아골종합사회복지관,202105,463
도봉구,4074. 도봉구육아종합지원센터(창동),202105,414
도봉구,4076. 진영상운 앞 중랑천 변,202105,2792
도봉구,4077. 도봉제1교,202105,916
동대문구,4102. 휘경1동주민센터 앞,202105,1075
동대문구,4103. 휘경sk뷰아파트 앞,202105,747
동대문구,4104. 외대앞역 교차로,202105,1547
동대문구,4105. 하나은행 장안동지점앞,202105,781
동대문구,4107. 장안동근린공원 입구,202105,698
동대문구,4108. 답십리파크자이아파트 앞,202105,1283
동대문구,4110. 용두롯데캐슬리치아파트 앞,202105,613
동대문구,4112. 신이문빗물펌프장 옆,202105,392
동대문구,4113. 한국국방연구원 앞,202105,1244
동대문구,4114. 휘경여중고삼거리,202105,1357
동대문구,4116. 이문e편한세상아파트 앞,202105,507
동대문구,4117. 휘경119안전센터 앞,202105,907
동대문구,4121. 서울문화재단 앞,202105,1546
동대문구,4122. 청계9가교차로 앞,202105,1365
동대문구,4123. 배봉초교 교차로,202105,1089
동대문구,600. 휘경2동 주민센터,202105,304
동대문구,601. 용신동주민센터,202105,810
동대문구,602. 장안동 사거리,202105,3919
동대문구,604. 답십리초등학교 옆 공원,202105,951
동대문구,605. 신설동역8번출구,202105,1384
동대문구,606. 휘경공고앞,202105,656
동대문구,607. 신이문역 2번출구,202105,673
동대문구,608. 전농삼성아파트,202105,302
동대문구,609. 제기2교,202105,1964
동대문구,610. 동대문중 교차로,202105,906
동대문구,612. 시립동부병원 앞 사거리,202105,2113
동대문구,613. 신설동역 10번출구 앞,202105,2016
동대문구,614. 용두동 사거리,202105,1903
동대문구,615. 용두동 래미안허브리츠아파트 앞,202105,1488
동대문구,616. 서울시립대 앞,202105,293
동대문구,617. 청솔우성아파트 앞,202105,1226
동대문구,621. 동대문중학교 옆,202105,356
동대문구,622. 전농사거리 교통섬,202105,1190
동대문구,623. 서울시립대 정문 앞,202105,1757
동대문구,624. 전농동 동아아파트 앞,202105,1445
동대문구,625. 답십리초등학교 앞(현대시장 옆),202105,1199
동대문구,626. 군자교 서측 녹지대,202105,1763
동대문구,627. 장안동삼거리 교통섬,202105,1709
동대문구,628. 휘봉고등학교 앞,202105,727
동대문구,630. 동대문구 보건소,202105,2103
동대문구,631. 답십리역 1번출구,202105,2682
동대문구,633. 청량리 기업은행 앞,202105,1255
동대문구,634. 외국어대 정문 앞,202105,2967
동대문구,635. 시조사 앞 (청량고정문 옆),202105,1788
동대문구,636. 세종대왕기념관 교차로,202105,568
동대문구,637. KAIST 경영대학 앞,202105,1109
동대문구,638. 서울시립대 정보기술관,202105,617
동대문구,639. 서울시립대 후문,202105,797
동대문구,640. KEB하나은행 청량리역지점,202105,1003
동대문구,641. 용두역 4번출구,202105,2643
동대문구,642. 신답역 사거리,202105,1358
동대문구,643. 동대문구민체육센터 (육교아래),202105,2241
동대문구,646. 장한평역 1번출구 (국민은행앞),202105,4497
동대문구,647. 신이문역 1번출구,202105,749
동대문구,648. 장안동위더스빌옆,202105,2624
동대문구,650. 중랑교사거리,202105,1752
동대문구,652. 답십리 래미안엘파인아파트 입구,202105,111
동대문구,654. 전농동 텃골공원,202105,726
동대문구,656. 영휘원 교차로,202105,828
동대문구,657. 동대문롯데캐슬아파트 앞,202105,1191
동대문구,658. 촬영소 사거리,202105,1338
동대문구,659. 제기역1번출구,202105,2138
동대문구,660. 동의보감타워,202105,1756
동대문구,661. 경희대학교 청운관,202105,1258
동대문구,663. 외대앞역 4번출구,202105,1132
동대문구,664. 서울시립대 건설공학관,202105,457
동대문구,665.이문동 쌍용아파트 정문,202105,781
동대문구,666.이문대성유니드아파트 앞,202105,944
동대문구,667.청량차도 육교 밑,202105,541
동대문구,668.서울축산농협(장안지점),202105,2894
동대문구,669.청계한신휴플러스앞 삼거리,202105,1265
동대문구,670.삼육서울병원 버스정류장,202105,3797
동대문구,671.대광빌딩,202105,520
동대문구,672.대광고등학교,202105,788
동대문구,673.안암골벽산아파트(후문),202105,1156
동대문구,674.고대앞사거리 교통섬,202105,1630
동대문구,675.성복교회 앞 (장평교 아래),202105,1727
동대문구,676.FITI시험연구원 앞,202105,797
동대문구,677.청량리역 4번 5번출구 사이,202105,2066
동대문구,678.장안힐스테이트(아) 앞,202105,1662
동대문구,679.전농SK아파트 앞,202105,394
동대문구,680.꿈마루어린이도서관 앞,202105,2249
동대문구,681.서울특별시 동부교육지원청(육교),202105,271
동작구,2002. 노들역 1번출구,202105,3357
동작구,2003. 사육신공원앞,202105,1605
동작구,2007. 유한양행앞,202105,1418
동작구,2008. 노량진근린공원 대방공원,202105,779
동작구,2009. 보라매역 8번출구,202105,867
동작구,2012. 녹십초요양병원앞,202105,825
동작구,2013. 장승배기역 5번출구,202105,2146
동작구,2015. 신대방삼거리역 6번출구쪽,202105,2418
동작구,2016. 신대방삼거리역 3번출구쪽,202105,1475
동작구,2020. 장승배기역2번출구뒷편쪽,202105,868
동작구,2024. 상도역 1번출구,202105,742
동작구,2025. 흑석역 1번출구,202105,3649
동작구,2026. 흑석역 4번출구,202105,723
동작구,2027. 중앙대학교 정문 1,202105,668
동작구,2032. 이수역 11번출구쪽,202105,1476
동작구,2033. 사당동 아르테스 웨딩앞,202105,1202
동작구,2034. 사당역 7번출구쪽,202105,1191
동작구,2036. 정금마을 마을버스정류장,202105,537
동작구,2037. 동작역 5번출구 동작주차공원,202105,1095
동작구,2038. 동작역 7번출구,202105,300
동작구,2040. 비계 버스정류소,202105,243
동작구,2041. 사당중학교 버스정류소,202105,388
동작구,2048. 삼일초등학교 인근,202105,593
동작구,2050. 노량진역 5번출구,202105,3327
동작구,2054. 삼익아파트,202105,1440
동작구,2056. 동작구민 체육센터,202105,1356
동작구,2057. 상도 아이파크 아파트,202105,607
동작구,2058. 노량진동 맥도널드앞,202105,2625
동작구,2059. 보라매공원 정문,202105,2023
동작구,2060. 남성역3번출구 뒤,202105,1527
동작구,2061. 한강 현대아파트 건너편,202105,214
동작구,2062. 사당새마을금고,202105,514
동작구,2063. 대방역 4번출구,202105,1307
동작구,2064. 흑석한강푸르지오 106동앞,202105,330
동작구,2065. 서울시여성가족재단,202105,413
동작구,2066. 양문교회 앞,202105,1787
동작구,2067. LG전자 베스트? 대리점 앞,202105,1377
동작구,2068. 총신대 앞(육교),202105,112
동작구,2069. 숭실대 입구역3번 출구 앞,202105,730
동작구,2070. 노량진역 2번 출구 앞,202105,1747
동작구,2071. 대림아파트 후문 상가 옆,202105,373
동작구,2076.노들나루공원 입구,202105,3557
동작구,2077.노들역 3번출구,202105,1256
동작구,2078.흑석 아크로리버하임(103동),202105,242
동작구,2079.중앙대학교 중앙광장,202105,196
동작구,2080.빕스 대방점 앞,202105,1829
동작구,2081.대방1차 e편한세상 앞,202105,852
동작구,2082.7호선 이수역7번출구,202105,734
동작구,2083.흑석롯데캐슬에듀포레(107동),202105,396
동작구,2084.e편한세상 상도노빌리티 앞,202105,1119
동작구,2085.강남중학교 앞,202105,1131
동작구,2086.삼일수영장 앞,202105,855
동작구,2088.상도중앙하이츠빌 입구,202105,443
동작구,2089.사당역10번출구(금강빌딩),202105,992
동작구,2090.기아자동차 사당점 앞,202105,945
동작구,2091.이수역9번출구(맥도날드),202105,986
동작구,2092.흑석한강푸르지오(110동),202105,276
동작구,2093.상도SH빌아파트 입구,202105,188
동작구,2094.숭실대학교(중문),202105,115
동작구,2095.경문고등학교 앞,202105,639
동작구,2096.서울특별시 동작관악교육지원청,202105,125
동작구,237. 보라매 두산위브 건너편,202105,1594
동작구,4152. 상도효성해링턴플레이스,202105,478
동작구,4153. 흑석동효사정앞,202105,308
동작구,4158. 노량진근린공원,202105,174
동작구,4162. 노량진1동 청소년독서실,202105,343
동작구,4167. 구로교 아래,202105,451
동작구,4169. 신대방삼거리,202105,1089
마포구,102. 망원역 1번출구 앞,202105,3882
마포구,103. 망원역 2번출구 앞,202105,3444
마포구,104. 합정역 1번출구 앞,202105,1514
마포구,105. 합정역 5번출구 앞,202105,1330
마포구,106. 합정역 7번출구 앞,202105,4794
마포구,107. 신한은행 서교동금융센터점 앞,202105,2014
마포구,108. 서교동 사거리,202105,1712
마포구,109. 제일빌딩 앞,202105,1734
마포구,111. 상수역 2번출구 앞,202105,1952
마포구,112. 극동방송국 앞,202105,1453
마포구,113. 홍대입구역 2번출구 앞,202105,1603
마포구,114. 홍대입구역 8번출구 앞,202105,3914
마포구,118. 광흥창역 2번출구 앞,202105,1120
마포구,119. 서강나루 공원,202105,1931
마포구,120. 신수동 사거리,202105,412
마포구,121. 마포소방서 앞,202105,1178
마포구,122. 신성기사식당 앞,202105,948
마포구,124. 서강대 정문 건너편,202105,1399
마포구,125. 서강대 남문 옆,202105,562
마포구,126. 서강대 후문 옆,202105,1723
마포구,127. 현대벤처빌 앞,202105,363
마포구,129. 신촌역(2호선) 6번출구 옆,202105,972
마포구,130. 신촌역(2호선) 7번출구 앞,202105,2109
마포구,142. 아현역 4번출구 앞,202105,672
마포구,143. 공덕역 2번출구,202105,1590
마포구,144. 공덕역 8번출구,202105,3787
마포구,145. 공덕역 5번출구,202105,1059
마포구,146. 마포역 2번출구 뒤,202105,3014
마포구,147. 마포역 4번출구 뒤,202105,3219
마포구,148. 용강동 주민센터 앞,202105,1970
마포구,150. 서강대역 2번출구 앞,202105,1015
마포구,152. 마포구민체육센터 앞,202105,10643
마포구,153. 성산2교 사거리,202105,2217
마포구,154. 마포구청역,202105,2833
마포구,155. 가좌역1 번출구 뒤,202105,846
마포구,156. 서울서부지방법원 앞,202105,919
마포구,157. 애오개역 4번출구 앞,202105,1912
마포구,181. 망원초록길 입구,202105,1256
마포구,182. 망원2빗물펌프장 앞,202105,3667
마포구,183. 하늘채코오롱아파트 건너편,202105,2562
마포구,184. SK망원동주유소 건너편,202105,2685
마포구,185. 마포 신수공원 앞,202105,1208
마포구,186. 월드컵공원,202105,4808
마포구,199. 서울 월드컵 경기장,202105,1196
마포구,3002.벽산상암스마트큐브,202105,2493
마포구,3003.래미안신공덕3차아파트,202105,151
마포구,3005.마포구청 청사내,202105,324
마포구,3006. 상암월드컵파크5단지(상암중학교),202105,369
마포구,3007.MBC 앞,202105,1235
마포구,3008.DMC역7번출구,202105,870
마포구,3009.서교동사거리(신),202105,1873
마포구,3010.홍대입구역 3번출구,202105,4471
마포구,3011.경의선(노고산동),202105,1573
마포구,400. 상암한화오벨리스크 1차 앞,202105,1093
마포구,401. 상암월드컵파크 10단지 앞,202105,882
마포구,402. 상암월드컵파크 9단지 앞,202105,812
마포구,403. 부엉이공원 앞,202105,719
마포구,405. DMC빌 앞,202105,537
마포구,406. 상암월드컵파크 7단지 앞,202105,761
마포구,407. 마포구 육아종합지원센터,202105,833
마포구,408. LG CNS앞,202105,711
마포구,409. 누리꿈스퀘어 옆,202105,2032
마포구,410. 상암중학교 옆,202105,408
마포구,411. DMC홍보관,202105,1321
마포구,412. DMC산학협력연구센터 앞,202105,1191
마포구,413. 상암월드컵파크 3단지 후문,202105,804
마포구,414. 상암동주민센터 옆,202105,1730
마포구,415. DMC역 9번출구 앞,202105,2543
마포구,416. 상암월드컵파크 1단지 교차로,202105,840
마포구,417. DMC역 2번출구 옆,202105,2067
마포구,418. 월드컵경기장역 3번출구 옆,202105,3789
마포구,419. 홈플러스 앞,202105,3038
마포구,420. 서울시 공공자전거 상암센터,202105,2182
마포구,4202. 프런트원(공덕역4번출구 앞),202105,622
마포구,4206. 광흥창역5번출구,202105,856
마포구,4207. 아만티호텔 앞,202105,594
마포구,4208. 스타벅스(동교동) 앞,202105,458
마포구,421. 마포구청 앞,202105,2379
마포구,4210. 가좌행복주택 앞,202105,1025
마포구,4211. 시석빌딩 앞,202105,891
마포구,4212. 한화오벨리스크 앞,202105,576
마포구,4213. 마포구중앙도서관 정문 앞,202105,1543
마포구,4214. JTBC 앞,202105,835
마포구,422. 문화비축기지,202105,543
마포구,424. 롯데하이마트 (상암월드컵점),202105,681
마포구,425. DMC첨단산업센터,202105,655
마포구,426. 서울신용보증재단,202105,1599
마포구,427. 성산시영아파트,202105,1130
마포구,432. 마포중앙도서관,202105,200
마포구,436. 이대역 5번출구,202105,685
마포구,437. 대흥역 1번출구,202105,1187
마포구,438. 성산2-1 공영주차장,202105,1674
마포구,439. 마포어린이공원,202105,2827
마포구,440. 하늘공원 입구,202105,1458
마포구,487.신석초교앞 교차로 교통섬,202105,1635
마포구,488.푸르메병원,202105,763
마포구,489.구룡근린공원,202105,243
마포구,490.가온문화공원,202105,1007
마포구,491.월드컵파크 4단지,202105,520
마포구,492.성산시영아파트 후문,202105,1190
마포구,493.홍대입구역 6번출구,202105,1897
마포구,494.신수동주민센터,202105,327
마포구,495.염리초등학교 앞,202105,1244
마포구,497.합정동주민센터 앞,202105,2227
마포구,498.연남동주민센터 앞,202105,2828
서대문구,115. 마스타 빌딩 앞,202105,858
서대문구,116. 일진아이윌아파트 옆,202105,1817
서대문구,117. 홍은사거리,202105,3506
서대문구,123. 문화촌 공원,202105,2267
서대문구,128. 신촌역(2호선) 1번출구 옆,202105,1452
서대문구,131. 증산2교,202105,2964
서대문구,133. 해담는다리,202105,2167
서대문구,134. 연세로 명물길,202105,983
서대문구,135. 명물길 원형무대 앞,202105,780
서대문구,137. NH농협 신촌지점 앞,202105,517
서대문구,138. 신촌동 제1공영주차장 앞,202105,725
서대문구,139. 연세대 정문 건너편,202105,343
서대문구,140. 이화여대 후문,202105,629
서대문구,141. 연대 대운동장 옆,202105,425
서대문구,158. 독립문 어린이 공원,202105,488
서대문구,159. 이대역 4번 출구,202105,238
서대문구,160. 북아현동 가구거리,202105,647
서대문구,161. 무악재역1번 출구,202105,129
서대문구,162. 봉원고가차도 밑,202105,630
서대문구,163. 명지전문대학교 정문 앞,202105,443
서대문구,164. 북가좌1동 주민센터,202105,494
서대문구,165. 중앙근린공원,202105,1339
서대문구,166. 가재울 초등학교,202105,1564
서대문구,167. 연가초등학교 옆,202105,492
서대문구,169. 북가좌 삼거리,202105,515
서대문구,170. 가재울 뉴타운 주유소 옆,202105,1375
서대문구,171. 임광빌딩 앞,202105,756
서대문구,173. 서대문역 8번출구 앞,202105,787
서대문구,175. 홍연2교옆,202105,2552
서대문구,176. 명지대학교 도서관,202105,1887
서대문구,177. 북가좌 초등학교,202105,785
서대문구,178. 증산3교 앞,202105,1449
서대문구,179. 가좌역 4번출구 앞,202105,1538
서대문구,180. 충정로역 7번출구 아래,202105,1051
서대문구,188. 홍은동 정원여중 입구,202105,1058
서대문구,191. 서우빌딩(바른학원),202105,971
서대문구,192. 연서어린이공원,202105,634
서대문구,194. 증산교 앞,202105,2188
서대문구,195. 모래내고가차도,202105,910
서대문구,196. 연희교차로 인근,202105,435
서대문구,198. 충정2교,202105,1020
서대문구,3100. 북성초교,202105,349
서대문구,3101. 서대문구청,202105,858
서대문구,3102. 연희삼거리,202105,1025
서대문구,3103. 홍제삼거리 북측,202105,1075
서대문구,3104. e편한세상 신촌4단지 앞,202105,718
서대문구,3105. 홍은센트레빌 아파트 앞,202105,229
서대문구,3107. 연희초등학교 앞,202105,688
서대문구,3109.북한산더? 106동 앞,202105,365
서대문구,3110.홍은 현대아이파크 아파트 202동 앞,202105,791
서대문구,3111.무악재역 4번 출구,202105,492
서대문구,3113.독립문역사거리,202105,742
서대문구,3114.충정로역 3번 출구,202105,320
서대문구,3115.북아현 치안센터 인근,202105,903
서대문구,3116.신촌역 4번출구,202105,686
서대문구,3117.이화여대 인문관 인근,202105,224
서대문구,3119.연희 브라운스톤 아파트 앞,202105,1656
서대문구,3120.DMC엘가아파트 앞,202105,1011
서대문구,3121.가좌삼거리,202105,984
서대문구,3122.북가좌삼거리2,202105,637
서대문구,3123.DMC파크뷰자이1단지 110동 앞,202105,782
서대문구,3124.DMC센트럴아이파크아파트,202105,1542
서대문구,3125.연희파크푸르지오아파트 앞,202105,2006
서대문구,3126.남가좌동 제2공영주차장,202105,310
서대문구,3127.홍은2파출소 옆,202105,558
서대문구,3128.동신병원 맞은편,202105,1138
서대문구,3129.DMC래미안e편한세상203동옆,202105,696
서대문구,3130.가재울사거리,202105,1112
서대문구,3131.연가교 교차로,202105,991
서대문구,3132.홍제교,202105,519
서대문구,3133.핀란드 타워앞,202105,242
서대문구,3134.SK리쳄블(상수도사업본부),202105,350
서대문구,4253. 홍은도담도서관,202105,428
서초구,2201. 본마을 정류소 앞,202105,142
서초구,2202.청계산입구역 1번출구,202105,1068
서초구,2203. 청계산입구역 2번출구,202105,296
서초구,2205. 내곡3단지 어린이공원 앞,202105,552
서초구,2206. 언남초등학교 앞,202105,859
서초구,2207. 내곡파출소 뒤 정자,202105,159
서초구,2210. 반포1동 주민센터 앞,202105,348
서초구,2211. 서초구립반포도서관 앞,202105,1009
서초구,2212.서초현대4차아파트 201동 맞은편,202105,690
서초구,2213. 고속터미널역 5번출구 앞,202105,1099
서초구,2214. 신반포역 2번출구 앞,202105,907
서초구,2215. 반포종합운동장 입구,202105,1034
서초구,2217.아크로리버뷰 부지 앞,202105,2617
서초구,"2219. 고속터미널역 8-1번, 8-2번 출구 사이",202105,5637
서초구,2220. 반포본동 주민센터 앞,202105,3697
서초구,2221.하나은행 방배동지점 앞,202105,1284
서초구,2222.사당역 12번출구 뒤,202105,1984
서초구,2223. 방배래미안 정문 앞,202105,508
서초구,2225.백석예술대학교 제3캠퍼스 앞,202105,209
서초구,2226. 신동아럭스빌아파트 앞,202105,227
서초구,2227.방배열린문화센터 앞,202105,734
서초구,2228.뒷벌공원 옆,202105,1605
서초구,2229.로고스교회 맞은 편,202105,436
서초구,2230.이수역 4번 출구,202105,1952
서초구,2231. 삼성타운(삼성생명) A동 맞은편,202105,1621
서초구,2233. 서초신동아1차아파트 옆,202105,516
서초구,2235.KT 서초지사 앞,202105,425
서초구,2237.서울남부터미널 대합실 입구,202105,919
서초구,2239.교대역 6번출구,202105,566
서초구,2241.양재전화국 사거리,202105,401
서초구,2242.양재역 11번 출구 앞,202105,949
서초구,2243.서울가정법원,202105,635
서초구,2244.교육개발원입구 교차로,202105,1221
서초구,2245.양재초등학교 맞은편,202105,860
서초구,2246. 서울시 품질시험소 앞,202105,580
서초구,2247.섬들근린공원,202105,1482
서초구,2248. 서초리슈빌S 글로벌 앞,202105,214
서초구,2249. 우솔초등학교 맞은편,202105,295
서초구,2250. 서초유치원 맞은편,202105,811
서초구,2251. 더케이호텔 입구(양재2),202105,1026
서초구,2252. 하이브랜드 앞,202105,1487
서초구,2255.시민의숲역 1번출구 옆,202105,2076
서초구,2256.양재동 꽃시장 입구,202105,443
서초구,2257. 하나로클럽 양재점 맞은편,202105,167
서초구,2258.구룡사 삼거리,202105,321
서초구,2259. 잠원역 3번-4번 출구사이,202105,879
서초구,2262. 한신16차아파트 119동 앞,202105,5308
서초구,2263. 바우뫼문화복지회관,202105,661
서초구,2264. 이수역 1번출구,202105,2925
서초구,2265. 이수고가차도 남단,202105,1989
서초구,2266. 서초역 3번출구,202105,998
서초구,2268. 서초4동주민센터,202105,683
서초구,2269. 주홍교 하부,202105,311
서초구,2270. 서초포레스타 7단지,202105,531
서초구,2271. 내방역 8번출구 앞,202105,896
서초구,2272. 교대입구 교차로,202105,361
서초구,2273. 일동제약 사거리,202105,943
서초구,2274. 양재시민의숲역 3번출구,202105,963
서초구,2275. 염곡치안센터 건너편,202105,111
서초구,2276. 영동1교 (양재천근린공원),202105,1228
서초구,2277. 길마중4교 하부,202105,1092
서초구,2279. 교대역 5번출구뒤,202105,1326
서초구,2280. 서울서초고용센터앞,202105,483
서초구,2281. 연세사랑병원신관앞,202105,516
서초구,2282. 방배래미안아트힐 101동앞,202105,226
서초구,2283. 그룹한빌딩옆,202105,235
서초구,2284. CJ오쇼핑앞,202105,202
서초구,2285. LH서초3단지 301동 맞은편,202105,500
서초구,2286. 탑성마을입구,202105,46
서초구,2287. 능안마을입구,202105,30
서초구,2288. 안골마을입구,202105,50
서초구,2289. 남태령역 2번출구,202105,157
서초구,2292. 무지개아파트 앞,202105,17
서초구,2293. SPC 앞,202105,694
서초구,2294. 두상빌딩 앞,202105,1275
서초구,2297. 남부터미널역 1번출구,202105,684
서초구,2298. 래미안서초스위트앞,202105,475
서초구,2299. 한전아트센터 앞,202105,715
서초구,2501. 서초 포레스타5단지,202105,663
서초구,2502. 서초역1번출구 앞,202105,508
서초구,2503. 반포1동 서초빌딩 앞,202105,905
서초구,2504. 신사역 4번출구 뒤,202105,1173
서초구,2505. 우성아파트사거리 (기업은행앞),202105,1358
서초구,2506. LG유플러스 (방배사옥),202105,171
서초구,2508. 양재이스타빌 앞,202105,1244
서초구,2509. KT반포지사,202105,329
서초구,2510. JW타워,202105,240
서초구,2511. 이수역 6번출구 앞,202105,1093
서초구,2514.사평역 2번출구,202105,470
서초구,2515.서초초등학교 후문,202105,486
서초구,2516.본마을 노인복지센터 앞,202105,350
서초구,2517.서초3교(효령로69길 방면),202105,111
서초구,2518.서초3교(효령로70길 방면),202105,506
서초구,2519.서초2교(사임당로 방면),202105,205
서초구,2520.서초1교 (진흥아파트 방면),202105,298
서초구,2521.서초 크로바타워 앞,202105,503
서초구,2523.뉴코아 킴스클럽 앞,202105,1104
서초구,2524.반포쇼핑타운 8동 앞,202105,981
서초구,2525.반포쇼핑타운 2동 앞,202105,2898
서초구,2526.반포경남쇼핑 앞,202105,511
서초구,2527.반포중학교 앞(세화여고 맞은편),202105,829
서초구,2528.함지박 사거리,202105,762
서초구,2529.우리은행 방배동지점 앞,202105,825
서초구,2530.삼호3차아파트 앞,202105,1264
서초구,2531.멤피스아파트 앞,202105,1057
서초구,2532.국립국악원 앞,202105,211
서초구,2533.한가람미술관 앞,202105,399
서초구,2534.신흥교(애견훈련소),202105,21
서초구,2535.신반포역 3번출구 뒤,202105,409
서초구,2536.서초종합체육관 입구,202105,19
서초구,2537.양재역 8번출구 앞,202105,675
서초구,2538.사평리 공원,202105,1271
서초구,2539.대한무역투자진흥공사 KOTRA 앞,202105,314
서초구,2540.반포천 앞,202105,1164
서초구,2541.옛골 입구,202105,110
서초구,2542.신논현타워 앞,202105,892
서초구,2545.국립중앙도서관(국제회의장옆),202105,217
서초구,2547.포드서초서비스센터앞,202105,46
서초구,2548.반포1동 자율방범초소 옆,202105,346
서초구,2549.LH 서초 4단지 403동,202105,525
서초구,2550.양재동 꽃시장 건너편,202105,585
서초구,4303. 매헌역 2번출구앞광역버스 정류장앞(22-297),202105,696
서초구,4304. 서울고앞,202105,285
서초구,4305. 서일스포츠센터,202105,151
서초구,4306. 서래공원 앞,202105,786
서초구,4307. 고투몰 gate 15옆,202105,596
서초구,4309. 서초케이타운앞,202105,170
서초구,4310. 염곡동(염통골) 입구,202105,138
서초구,4312. 반포미도2차아파트 옆,202105,312
서초구,4313. 반포종합운동장,202105,552
서초구,4314. 탑성마을 버스정거장 옆,202105,28
서초구,4315. 이투스교육 앞,202105,190
서초구,4316. 고속터미널역 3번출구,202105,459
서초구,4317. 양재근린공원,202105,893
서초구,4318. 방배역 2번 출구,202105,775
서초구,4319. 삼성전자R&D어린이집 뒤,202105,139
서초구,4320. 신영체르니 아파트,202105,322
성동구,3511. 응봉역 1번출구,202105,5306
성동구,3513. 상왕십리역 1번출구,202105,1535
성동구,3514. 왕십리교회옆,202105,2362
성동구,3515. 서울숲 관리사무소,202105,4782
성동구,3525. 금호스포츠센터앞,202105,1036
성동구,3527. 왕십리 자이아파트,202105,38
성동구,3530. 왕십리자이아파트 후문(삼거리),202105,289
성동구,3531. 논골사거리(금호도서관 입구),202105,102
성동구,3532. 왕십리KCC스위첸아파트,202105,210
성동구,3538. 서울숲 IT캐슬,202105,753
성동구,3544.한양대역 3번 출구,202105,1649
성동구,3545.한양대역 1번출구,202105,677
성동구,3547.상왕십리역 6번 출입구,202105,361
성동구,3548.뚝섬역 6번출구,202105,1531
성동구,3549.건영아파트 앞,202105,1409
성동구,3550.금호나들목,202105,1425
성동구,3551.성동도로사업소,202105,351
성동구,3552.서울숲 공영주차장앞,202105,2479
성동구,3553.마장역3번출구,202105,515
성동구,3555.양지사거리(센트라스APT 115동앞),202105,289
성동구,3556.신금호파크자이APT앞,202105,162
성동구,3557.서울숲리버뷰자이APT105동 앞,202105,526
성동구,3558.마장동 금호어울림APT앞,202105,513
성동구,3559.성동구민종합체육센터 앞,202105,2633
성동구,3560.성동구 견인차량 보관소 앞,202105,1229
성동구,3561.행당동 삼부APT후문,202105,163
성동구,3600.사근빗물펌프장 건너편,202105,3192
성동구,4353. 코오롱디지털타워 3차앞,202105,1670
성동구,4360. 르노삼성자동차 성수사업소 앞,202105,445
성동구,4362. 행당중학교 후문,202105,913
성동구,4367. kt 행당빌딩 앞,202105,79
성동구,506. 금호 어울림 아파트 앞,202105,561
성동구,507. 성수아이에스비즈타워 앞,202105,1325
성동구,508. 성수아카데미타워 앞,202105,1527
성동구,509. 이마트 버스정류소 옆,202105,3920
성동구,510. 서울숲 남문 버스정류소 옆,202105,1932
성동구,511. 서울숲역 4번 출구 옆,202105,2163
성동구,512. 뚝섬역 1번 출구 옆,202105,3191
성동구,513. 뚝섬역 5번 출구 정류소 옆,202105,1458
성동구,514. 성수사거리 버스정류장 앞,202105,1891
성동구,518. 청계천 박물관 앞,202105,573
성동구,519. 양지사거리,202105,927
성동구,520. 상왕십리역 4번 출구 앞,202105,646
성동구,521. 왕십리역 11번 출구 앞,202105,1980
성동구,522. 금호역 1번출구 앞,202105,335
성동구,523. 옥수동성당 옆,202105,112
성동구,524. 래미안금호하이리버 아파트 102동 옆,202105,500
성동구,525. 한양대병원사거리,202105,1809
성동구,526. 용답토속공원 앞,202105,445
성동구,529. 장한평역 8번 출구 앞,202105,1852
성동구,530. 청계벽산아파트 앞,202105,1296
성동구,533. 우리은행 금호동 지점 앞,202105,495
성동구,534. 금호사거리,202105,317
성동구,535. 응봉삼거리,202105,481
성동구,536. 행당역 2번출구 앞,202105,971
성동구,537. 한양대후문역 부근,202105,1549
성동구,538. 답십리역 8번출구 앞,202105,1011
성동구,550. 서울시설공단 앞,202105,1142
성동구,556. 달맞이공원,202105,138
성동구,557. 도선동 주민센터 앞,202105,1117
성동구,558. 성동광진 교육지원청 앞,202105,1404
성동구,559. 왕십리역 4번 출구 건너편,202105,2209
성동구,560. 비전교회 앞,202105,1809
성동구,561. 서울숲역 2번출구 앞,202105,1916
성동구,562. 군자지하보도 앞,202105,869
성동구,563. 성동세무서 건너편,202105,2008
성동구,564. 금호역 3번출구,202105,148
성동구,565. 옥수역 3번출구,202105,6408
성동구,567. 성수역 2번출구 앞,202105,2972
성동구,568. 청계8가사거리 부근,202105,3100
성동구,569. 응봉현대아파트 정류소,202105,278
성동구,578. 성동세무서 부근,202105,1382
성동구,579. 마장역 4번출구,202105,974
성동구,581. 용답초등학교,202105,1564
성동구,582. 경일중학교 앞,202105,1672
성동구,583. 청계천 생태교실 앞,202105,5875
성동구,585. 성수2가1동 공영주차장 인근,202105,3450
성동구,586. 마장동 주민센터,202105,735
성동구,587. 유니베라 앞,202105,1867
성동구,589. 성수역3번출구,202105,4093
성동구,594. 중랑물재생센터(서울새활용플라자),202105,629
성동구,9980. 에이텍,202105,41
성북구,1302. 한성대입구역6번출구 뒤,202105,698
성북구,1303. 돈암초교 입구,202105,903
성북구,1304. 만해공원,202105,327
성북구,1305. 성북구청,202105,1155
성북구,1306. 한성대입구역2번출구,202105,2062
성북구,1308. 안암로터리 버스정류장 앞,202105,4696
성북구,1314. 정릉꿈에그린1단지 201동 앞,202105,464
성북구,1315. 고려사대부속중고 정문,202105,425
성북구,1316. 고려사대부속중고 건너편,202105,455
성북구,1318. 길음역 3번출구 뒤,202105,1314
성북구,1319. 종암사거리 분수대,202105,1794
성북구,1320. LG베스트샵 종암점,202105,2327
성북구,1321. 국민은행 종암동지점 앞,202105,2560
성북구,1322. 래미안라센트아파트 103동 앞,202105,1150
성북구,1323. 월곡역 입구 육교 밑,202105,518
성북구,1325. 상월곡역 4번출구,202105,763
성북구,1326. 상월곡역 1번출구,202105,1004
성북구,1327. 상월곡역 3번출구,202105,1347
성북구,1328. 월곡역 3번출구,202105,2246
성북구,1332. 석계역 5번출구 건너편,202105,3319
성북구,1333. 석관초등학교 앞,202105,1719
성북구,1334. 석관동주민센터 앞,202105,1406
성북구,1336. 성북3교 위,202105,1669
성북구,1337. 돈암성당 옆,202105,2325
성북구,1338. 용문2교 옆,202105,1294
성북구,1339. 삼성전자서비스 성북센터,202105,1093
성북구,1340. 광운초등학교 앞,202105,599
성북구,1342. 성북쉼터 앞,202105,148
성북구,1343. 한성대7번출구 앞,202105,803
성북구,1344. 아리랑시네센터 앞,202105,701
성북구,1346. 길음8골어린이공원 옆,202105,909
성북구,1347. 길음래미안아파트817동 상가 앞,202105,409
성북구,1348. 성북제일새마을금고 본점 앞,202105,771
성북구,1349. 월계2교 버스정류장 앞,202105,1005
성북구,1351. 안암2교 옆,202105,2161
성북구,1352. e 편한세상 보문아파트 내,202105,202
성북구,1353. 금호어울림센터힐 내,202105,357
성북구,1354. 고려대학교 2번출구,202105,1929
성북구,1355. 보문2교,202105,3373
성북구,1357. 북한산보국문역,202105,505
성북구,1358. 정릉도서관 앞,202105,849
성북구,1359. 장위뉴타운 꿈에 숲 코오롱 하늘채 앞,202105,1074
성북구,1360. 정릉역,202105,898
성북구,1361. 홍익중고 입구,202105,1175
성북구,1362. 보문역6번출구 앞,202105,1341
성북구,1363. 보문4교 인근,202105,2277
성북구,1364. 성북동 치안센터 앞,202105,834
성북구,1365. 선잠단지 앞,202105,353
성북구,1366. 일신초등학교 옆,202105,397
성북구,1367. 길음문화복합미디어센터,202105,542
성북구,1368. 성신여대입구 교차로,202105,1161
성북구,1369. 미아사거리,202105,1968
성북구,1370. 복자사랑 피정의 집,202105,406
성북구,1372. KEB은행 고대점,202105,1856
성북구,1373. 성북구보건소 건너편,202105,1050
성북구,1375. 생명의 전화 종합복지관 앞 교차로,202105,1445
성북구,1376. 한국과학기술연구원 중문,202105,187
성북구,1377. 한국과학기술연구원 북문,202105,217
성북구,1379.길음뉴타운푸르지오아파트 3단지,202105,273
성북구,1380.월곡역 5번출구 앞,202105,2132
성북구,1381.석계역 4번출구 뒤,202105,2213
성북구,1382.래미안월곡아파트 입구,202105,1225
성북구,1384.성신여대입구역 5번출구,202105,1816
성북구,1385.성신여대입구역 3번출구 앞,202105,1347
성북구,1386.동선고가차도 초입,202105,550
성북구,1388.커핀그루나루,202105,710
성북구,1390.석관래미안아트리치,202105,1524
성북구,1391.성북청소년센터,202105,619
성북구,1392.돈암삼성풍림아파트,202105,122
성북구,1393.돈암육교 하단,202105,286
성북구,1394.길음뉴타운 래미안9단지,202105,890
성북구,1395.래미안장위포레카운티(102동),202105,780
성북구,1396.래미안장위퍼스트하이(513동),202105,1299
성북구,4406. 장곡초등학교 앞,202105,653
성북구,4408. 돌곶이역 앞,202105,125
송파구,1201. 가락시장역 3번 출구,202105,1811
송파구,1203. 밀리아나2빌딩 앞,202105,1977
송파구,1204. 거여역 3번출구,202105,1549
송파구,1205. 종합운동장역 4번출구,202105,1365
송파구,1206. 9호선종합운동장역 9번출구,202105,1076
송파구,1207. 마천CU우방점 앞,202105,856
송파구,1208. 풍납현대아파트쉼터,202105,1619
송파구,1209. 잠실나루역 (2번 출구 쪽),202105,2786
송파구,1210. 롯데월드타워(잠실역2번출구 쪽),202105,8175
송파구,1211. 방이삼거리,202105,4527
송파구,1212. 송파역 2번 출구앞,202105,1992
송파구,1213. 백토공원 앞,202105,580
송파구,1214. 오금역 7번 출구 인근,202105,1210
송파구,1215. 올림픽공원역 1번출구 앞,202105,1749
송파구,1217. 송파파인타운 7단지,202105,753
송파구,1218. 방이역 4번출구,202105,2394
송파구,1220. 잠실본동주민센터뒤 잠실근린공원,202105,2386
송파구,1221. 삼전사거리 포스코더샵,202105,2385
송파구,1222. 잠실새내역 5번 출구 뒤,202105,3881
송파구,1224. 아시아지하보도 2번 출구,202105,1664
송파구,1226. 잠실4동 주민센터 옆,202105,1613
송파구,1227. 거여역 8번출구 뒤,202105,1652
송파구,1228. 마천사거리,202105,1018
송파구,1229. 송파체육문화회관 앞,202105,852
송파구,1230. 송파중학교 정문,202105,1040
송파구,1231. 잠실역 6번출구,202105,2795
송파구,1232. 롯데마트 주차장 옆,202105,2231
송파구,1233. 잠실3거리(갤러리아팰리스),202105,958
송파구,1235. 잠실트리지움310동 옆,202105,1929
송파구,1239. 문정 법조단지3,202105,325
송파구,1240. 문정 법조단지4,202105,645
송파구,1241. 문정 법조단지5,202105,315
송파구,1242. 문정 법조단지6,202105,148
송파구,1243. 문정 법조단지7,202105,2157
송파구,1244. 문정 법조단지8,202105,1992
송파구,1245. 문정 법조단지9,202105,1441
송파구,1246. 문정 법조단지10,202105,1634
송파구,1247. 문정 법조단지11,202105,951
송파구,1248. 방이초등학교,202105,2026
송파구,1249. 아주중학교건너편,202105,1251
송파구,1250.문정2동 주민센터,202105,595
송파구,1251. 석촌역 2번출구,202105,2417
송파구,1253. 오금역 3번 출구 뒤,202105,732
송파구,1256. 문정현대아파트 교차로,202105,836
송파구,1257. 가락시장역 롯데마트앞,202105,932
송파구,1258. 가락미륭아파트 앞,202105,605
송파구,1259. 방이역 1번출구,202105,1739
송파구,1260. 방이동 한양3차아파트 옆,202105,1307
송파구,1262. 송파여성문화회관 앞,202105,2261
송파구,1263. 장지공영차고지,202105,434
송파구,1264. 천호역 10번 출구 앞,202105,3059
송파구,1265. 문정동 근린공원,202105,1078
송파구,1266. 문정동 글샘 공원,202105,545
송파구,1267. 올림픽공원 남2문 앞,202105,1559
송파구,1268. 몽촌토성역 1번출구 옆,202105,5589
송파구,1269. 리센츠아파트,202105,1340
송파구,1271. 송파도서관,202105,1423
송파구,1274. 영파여고 앞,202105,1143
송파구,1275. 거여초등학교 옆,202105,436
송파구,1277. 오금동 송파 참병원,202105,1161
송파구,1278. 송파구청 교차로,202105,2514
송파구,1279. 마천금호어울림 1차아파트 건너편,202105,483
송파구,1280. 송파파크데일 2단지입구 앞 주차장,202105,803
송파구,1282. 송파소방서 맞은편(성내4교),202105,1985
송파구,1283. 오금공원 사거리,202105,163
송파구,1285. 위례별 유치원 뒤,202105,530
송파구,1286. 위례중앙푸르지오 1단지 앞,202105,1101
송파구,1287. 위례아이파크 101동 맞은편,202105,580
송파구,1288. 문정중교 사거리,202105,962
송파구,1289. 풍납동 자전거보관소,202105,399
송파구,1290. 위례송파꿈에그린아파트24단지 앞 성벽 다리 밑,202105,375
송파구,1291. 서울체육고등학교 앞,202105,319
송파구,1293. 석촌호교차로 (스타벅스 앞),202105,2907
송파구,1295. 잠실역 8번출구,202105,4439
송파구,1296. 석촌호수교차로 (송파나루근린공원 앞),202105,905
송파구,1297. 석촌호수교차로(동호 팔각정 앞),202105,2328
송파구,1299. 송파소방서 (방이119안전센터),202105,653
송파구,1300. 오륜사거리,202105,808
송파구,2601. 석촌호수 서호사거리,202105,2623
송파구,2603. 송파 글마루 도서관,202105,592
송파구,2604. 삼표레미콘 앞,202105,1119
송파구,2605. 복정역 1번 출구 앞,202105,529
송파구,2606. 위례동주민센터 맞은편 근린공원,202105,1423
송파구,2607. 복정역 2번출구 후문 (장지치안센터),202105,958
송파구,2608. 송파구청,202105,1532
송파구,2609. 보성중고등학교 후문 앞,202105,149
송파구,2610. 여흥레이크빌 앞 (석촌호수 까페거리),202105,2212
송파구,2611. 송파지역자활센터 뒤,202105,2143
송파구,2612. 문정·가락 대여소 앞,202105,97
송파구,2613. 잠실나들목,202105,3975
송파구,2614. 가락고등학교 앞,202105,523
송파구,2615. 테라타워2,202105,1733
송파구,2616. 거여동 사거리,202105,496
송파구,2617. 가락삼환아파트 앞,202105,1351
송파구,2618. 삼전역 1번출구,202105,1643
송파구,2619. 석촌고분역 4번출구,202105,2308
송파구,2620. 송파나루역 4번 출구옆,202105,4373
송파구,2621. 한성백제역 2번 출구,202105,5234
송파구,2622. 올림픽공원역 3번출구,202105,7049
송파구,2623.석촌동 주민센터,202105,2628
송파구,2625.가락1동 주민센터,202105,589
송파구,"2626.경찰병원역 1,2번 출구 사이",202105,665
송파구,2627.문정시영아파트 5동 앞 공원,202105,527
송파구,2628.문정역 1번출구,202105,1788
송파구,2629.문정동 힐스데이트 에코 송파,202105,2035
송파구,2630.서울방이동 고분군,202105,1718
송파구,2631.배명고등학교,202105,1051
송파구,2632.석촌고분역 2번 출구,202105,2091
송파구,2633.송파학사 옆,202105,1227
송파구,2634.위례포레샤인아파트 2318동,202105,493
송파구,2635.잠실새내역 1번출구,202105,1637
송파구,2637.잠실월드 메르디앙,202105,2115
송파구,2638.쌍용아파트,202105,1805
송파구,2639.석촌역 8번출구,202105,2521
송파구,2641.송파역 4번출구,202105,3140
송파구,2642.마천동 성내천 쉼터,202105,1086
송파구,2643.풍납중학교 측면,202105,527
송파구,2644.성내5교 (GS주유소),202105,1047
송파구,2645.잠실나들목2(엘스아파트136동),202105,1103
송파구,2646.레이크펠리스101동앞,202105,2497
송파구,2647.잠실 자전거 수리센터 앞,202105,1953
송파구,2648.헬리오시티 112동 앞,202105,1527
송파구,2649.오금공원사거리2,202105,436
송파구,2650.위례22단지 2208동 다리앞,202105,344
송파구,2651.경찰병원역 3번출구 앞,202105,1138
송파구,2652.송파 레미니스1단지 102동 앞,202105,1069
송파구,2653.올림픽공원사거리(선수촌아파트),202105,1830
송파구,2654.올림픽선수촌아파트 136동 앞,202105,819
송파구,2655.송이공원,202105,1239
송파구,2656.풍납동 아이파크 107동 앞,202105,1104
송파구,2657.송파 파인타운 11단지,202105,572
송파구,2658.가락몰 업무동,202105,1237
송파구,2659.서울친환경유통센터,202105,94
송파구,4452. 삼성SDS,202105,2107
송파구,4453. 위례중앙푸르지오 201동 앞,202105,1392
송파구,4454. 위례 포레샤인 1809동 부근,202105,583
송파구,4456. 위례포레샤인 2310동 부근,202105,617
송파구,4457. 아산병원 기숙사 부근,202105,1885
송파구,4458. 서울힐링요양병원 앞,202105,551
송파구,4460. 올림픽훼미리아파트 112동 앞,202105,815
송파구,4461. 한양3차아파트 3동 앞,202105,368
송파구,4462. 가락중학교 앞,202105,545
송파구,4463. 방이역 2번 출구,202105,679
송파구,4464. 올림픽공원 북2문,202105,1361
송파구,4465. 건영아파트앞 사거리,202105,1097
송파구,4467. 한림연예예술고등학교,202105,579
송파구,4468. 가락1동 주민센터 2,202105,1059
송파구,4469. 거여동 어울림아파트 102동앞,202105,531
송파구,4472. 송파파크데일 1단지 115동 건너편,202105,722
송파구,4473. 마천금호어울림 1차 102동앞,202105,279
송파구,4474. 가락현대 1차 11동 앞,202105,382
송파구,4475. 송파파인타운 4단지 403동,202105,310
송파구,4478. 문정근린공원2,202105,781
송파구,4479. 문정중학교,202105,151
송파구,4480. 가락시장역 롯데마트2,202105,746
송파구,4481. 올림픽공원 북2문 2,202105,2312
송파구,4483. 잠실나들목4,202105,2964
송파구,4484. 잠실나루역4번출구뒤,202105,1490
송파구,4485. 잠실나루역 고가하부,202105,282
송파구,4486. 홈플러스 잠실점,202105,1570
송파구,4488. 문현중.고등학교 사이,202105,105
송파구,4490. 송파파인타운 10단지 1005동,202105,337
송파구,4491. 장지역 1번출구,202105,927
송파구,4493. 마천사거리 2,202105,544
송파구,4496. 잠실 파크리오 120동 앞,202105,914
송파구,4497. 아시아선수촌아파트 교차로,202105,745
송파구,4499. 세양청마루 101동 앞,202105,496
송파구,4500. 풍납나들목,202105,913
송파구,4852. 서울복합물류 게이트 1,202105,656
송파구,4854. 가락시장역 2번 출구,202105,948
송파구,4855. 거여5단지 503동 앞,202105,782
송파구,4856. 올림픽공원 서1문 앞,202105,752
송파구,4857. 올림픽공원 장미광장,202105,864
송파구,4859. 잠실나루 나들목,202105,1527
송파구,4860. 가락쌍용2차아파트 103동,202105,355
송파구,4861. 거여삼거리,202105,254
송파구,4862. 올림픽파크텔 맞은편,202105,215
송파구,4863. 잠실나들목5,202105,533
양천구,4507. 삼성전자서비스 신정센터,202105,534
양천구,4508. 유원목동아파트 앞,202105,689
양천구,4509. 서울영상고교 입구,202105,1750
양천구,4510. 신정네거리역 교차로,202105,1307
양천구,4512. 목동13_14단지 사거리,202105,280
양천구,4514. 목동성당 앞,202105,1155
양천구,4515. 동문굿모닝탑,202105,1764
양천구,4516. 신진빌라,202105,111
양천구,4517. 성보하이드로빌딩,202105,481
양천구,4518. 청기와빌딩,202105,337
양천구,4519. 양원보도육교,202105,57
양천구,4520. 대성유니드아파트,202105,347
양천구,4522. 다이소신곡시장점,202105,1214
양천구,4526. 목동아파트2단지 222동 앞,202105,700
양천구,4527. 목동신시가지아파트6단지,202105,972
양천구,4528. 양천구청역 1번출구,202105,619
양천구,4530. 버거킹 신월점 앞,202105,219
양천구,700. KB국민은행 염창역 지점 앞,202105,1709
양천구,701. 목동사거리 부근,202105,1320
양천구,702. 목4동주민센터 옆,202105,1544
양천구,703. 오목교역 7번출구 앞,202105,4265
양천구,704. 남부법원검찰청 교차로,202105,2915
양천구,706. 신정네거리역,202105,920
양천구,707. 신정3동주민센터,202105,744
양천구,708. 서울출입국관리사무소 앞,202105,3109
양천구,709. 신정3동 현장민원실 앞,202105,1123
양천구,710. 금옥여고보도육교,202105,531
양천구,711. 신일해피트리아파트 앞,202105,1053
양천구,712. 강월초교입구 사거리,202105,962
양천구,713. 양서중학교 옆,202105,847
양천구,714. 한국SGI 양천문화회관 앞,202105,839
양천구,716.신정6동 주민센터 인근,202105,1244
양천구,719. 홍익병원앞 교차로,202105,1750
양천구,720. 서울강월초등학교 앞,202105,650
양천구,722. LG전자베스트샵 신정점,202105,1761
양천구,723. SBS방송국,202105,2117
양천구,724. 계남공원 입구 주출입구 좌측,202105,346
양천구,725. 양강중학교앞 교차로,202105,656
양천구,726. 목동3단지 시내버스정류장,202105,3055
양천구,729. 서부식자재마트 건너편,202105,2487
양천구,731. 서울시 도로환경관리센터,202105,2054
양천구,732. 신월동 이마트,202105,1165
양천구,733. 신정이펜하우스314동,202105,618
양천구,734. 신트리공원 입구,202105,2340
양천구,735. 영도초등학교,202105,2461
양천구,736. 오솔길공원,202105,1281
양천구,737. 장수공원,202105,1255
양천구,739. 신월사거리,202105,1542
양천구,740. 으뜸공원,202105,1459
양천구,741. 화곡로 입구 교차로,202105,475
양천구,742. 등촌역 5번 출구 뒤,202105,945
양천구,743. 현대6차아파트 101동 옆,202105,853
양천구,744. 신목동역 2번 출구,202105,2361
양천구,745. 강서초등학교,202105,866
양천구,746. 목동2단지 상가,202105,2722
양천구,747. 목동3단지 상가,202105,1437
양천구,748. 목동운동장,202105,537
양천구,749. 이대 목동병원 앞,202105,1357
양천구,750. 연의근린공원 건너편,202105,933
양천구,752. 성원2차 아파트,202105,1033
양천구,754. 목동1단지아파트 118동 앞,202105,1651
양천구,755. 목동1단지아파트 상가 앞,202105,2202
양천구,756. 목동주차장,202105,1747
양천구,757. 신정이펜하우스 1단지아파트 입구 사거리,202105,547
양천구,758. 한사랑교회 앞,202105,1397
양천구,759. 보아스아파트 앞,202105,889
양천구,760. 잣절보도육교 아래,202105,476
양천구,762. 오목로 무중력지대 앞,202105,1546
양천구,763. 목동11단지 아파트,202105,1241
양천구,764. 목동청소년수련관,202105,2458
양천구,765. 오목교역 3번출구,202105,4815
양천구,766. 신목동역 3번출구,202105,2385
양천구,767.신정숲속마을아파트,202105,383
양천구,768.목동5단지아파트 501동,202105,1571
양천구,769.CBS방송국 앞,202105,3450
양천구,770.목동역5번출구 교통정보센터 앞,202105,5465
양천구,771.목동아파트 703동 앞,202105,1942
양천구,"773.염창역 3, 4번 출구 사이",202105,1717
양천구,774.등촌역 4번 출구,202105,1067
양천구,775.세종그랑시아 앞(102동),202105,948
양천구,776.목마공원,202105,638
양천구,777.신월6차보람아파트 앞,202105,1154
양천구,779.양천나눔누리센터,202105,2316
양천구,780.신정교 하부,202105,3632
양천구,781.신정보도육교 아래,202105,2269
양천구,782.서남병원 후문,202105,693
양천구,"785.양천구청, 보건소 사잇길",202105,3458
양천구,786.목동아파트 8단지 상가동 앞,202105,1969
양천구,787.양천아파트 입구,202105,2454
양천구,788.양천구청역 2번출구 옆,202105,1811
양천구,790.화곡고가 사거리,202105,862
양천구,791.현대하이페리온,202105,2422
양천구,792.목동트라팰리스 웨스턴에비뉴,202105,3989
양천구,793.목동5단지아파트 534동,202105,1399
양천구,794.양천문화회관,202105,1962
양천구,795.양천 해누리타운,202105,1828
양천구,796.목동아파트 14단지 B상가 앞,202105,1779
양천구,797.목동아파트 1422동 1434동 사잇길,202105,2356
영등포구,200. 국회의원회관,202105,269
영등포구,201. 진미파라곤 앞,202105,1627
영등포구,202. 국민일보 앞,202105,4563
영등포구,203. 국회의사당역 3번출구 옆,202105,1698
영등포구,204. 국회의사당역 5번출구 옆,202105,1043
영등포구,205. 산업은행 앞,202105,2801
영등포구,206. KBS 앞,202105,2458
영등포구,207. 여의나루역 1번출구 앞,202105,15386
영등포구,209. 유진투자증권빌딩 앞,202105,2314
영등포구,210. IFC몰,202105,6865
영등포구,211. 여의도역 4번출구 옆,202105,3167
영등포구,212. 여의도역 1번출구 옆,202105,2096
영등포구,213. KT앞,202105,1564
영등포구,214. 금융감독원 앞,202105,1183
영등포구,215. 여의도고교 앞,202105,1992
영등포구,217. NH농협은행 앞,202105,2154
영등포구,218. 증권거래소 앞,202105,895
영등포구,219. 롯데캐슬엠파이어 옆,202105,1384
영등포구,220. 미성아파트 A동 앞,202105,1462
영등포구,221. 여의도초교 앞,202105,2847
영등포구,222. 시범아파트버스정류장 옆,202105,3429
영등포구,223. 진주아파트상가 앞,202105,1390
영등포구,224. 롯데캐슬 앞,202105,2073
영등포구,225. 앙카라공원 앞,202105,1642
영등포구,226. 샛강역 1번출구 앞,202105,1676
영등포구,227. 양평2나들목 보행통로 입구,202105,3329
영등포구,228. 선유도역 3번출구 앞,202105,4709
영등포구,229. 양평1 보행육교 앞,202105,2701
영등포구,230. 영등포구청역 1번출구,202105,4905
영등포구,231. 남부고용노동지청 남측,202105,1088
영등포구,232. 양평우림 이비즈센타 앞,202105,3938
영등포구,233. YP 센터 앞,202105,690
영등포구,234. 영등포구민체육센터 앞,202105,1043
영등포구,235. 신길동 우리은행 옆,202105,1442
영등포구,236. 문래동자이아파트 앞,202105,2031
영등포구,238. 제2구민체육센타 앞,202105,1121
영등포구,239. 유스호스텔 앞,202105,1392
영등포구,240. 문래역 4번출구 앞,202105,2517
영등포구,241. 신길우성1차아파트 앞 공원,202105,1461
영등포구,242. 신길선원가와인아파트 앞,202105,1218
영등포구,243. 이앤씨드림타워 앞,202105,2521
영등포구,244. 영등포삼환아파트 앞,202105,1799
영등포구,245. 삼성생명 당산사옥 앞,202105,2624
영등포구,247. 당산역 10번출구 앞,202105,6118
영등포구,248. 초원아파트 앞,202105,2296
영등포구,249. 여의도중학교 옆,202105,3403
영등포구,250. 대림아파트 사거리,202105,830
영등포구,251. 서울지방병무청 버스정류장,202105,1079
영등포구,252. 보라매역4번출구,202105,1548
영등포구,253. 신풍역 5번출구 인근,202105,990
영등포구,254. 도림신협 앞,202105,1355
영등포구,255. 도림사거리,202105,1513
영등포구,256. 동아에코빌입구,202105,1089
영등포구,257. 신길삼거리(우리은행),202105,3317
영등포구,258. 신길역3번출구,202105,1629
영등포구,259. 대방역6번출구,202105,3484
영등포구,260. 여의도 마리나선착장 앞,202105,990
영등포구,262. 영문초등학교 사거리,202105,3397
영등포구,263. 근로자회관 사거리,202105,3575
영등포구,264. 교보생명보험 앞,202105,1385
영등포구,265. 영등포유통상가 사거리,202105,1465
영등포구,266. 영등포청과시장 사거리,202105,975
영등포구,267. 삼성화재 사옥 옆,202105,2017
영등포구,268. 그랜드컨벤션센터 앞,202105,1947
영등포구,270. 증권거래소후문교차로,202105,1148
영등포구,271. 샛강생태공원방문자센터 앞,202105,755
영등포구,272. 당산육갑문,202105,7502
영등포구,274. 영등포역지하쇼핑센타 5번출구,202105,4610
영등포구,275. 신동아아파트,202105,2757
영등포구,276. SK 영등포주유소,202105,2923
영등포구,277. 영등포뉴타운지하상가 2번게이트,202105,2120
영등포구,278. 쌍용플레티넘오피스텔,202105,2503
영등포구,279. 영등포 푸르지오 아파트,202105,1739
영등포구,280. 양평동6차현대아파트 앞,202105,2423
영등포구,281. 신동아아파트 앞,202105,1175
영등포구,282. 신한은행,202105,546
영등포구,283. 아크로타워 스퀘어(영등포시장),202105,3364
영등포구,284. 센트럴 푸르지오 시티 앞,202105,4093
영등포구,285. 대림3동사거리(하나은행),202105,675
영등포구,286. 우성아파트 교차로,202105,1699
영등포구,287. 영등포전화국사거리 (서강어린이공원),202105,2194
영등포구,288. 쌍용예가(구청별관),202105,1170
영등포구,289. 대림3동사거리,202105,943
영등포구,290. 당산동 SK V1 빌딩,202105,1363
영등포구,291. 문래동 하이테크 시티,202105,2203
영등포구,292. 영일 어린이공원,202105,1061
영등포구,293. 충북 미래관,202105,2402
영등포구,295.영등포공원 분수대 앞,202105,506
영등포구,296.KT플라자 영등포점,202105,1799
영등포구,297.국회3문,202105,413
영등포구,298.KBS 연구동 건너편,202105,444
영등포구,299.여의도 순복음교회,202105,941
영등포구,3201.당산skv1센터,202105,1057
영등포구,3202.당산롯데캐슬프레스티지,202105,2273
영등포구,3203.도림동배드민턴체육관,202105,457
영등포구,3204.도림고가도로 밑,202105,864
영등포구,3205.문래현대2차,202105,2623
영등포구,3206.문래동 주민센터,202105,1023
영등포구,3207.양남사거리1,202105,996
영등포구,3211.신길 래미안 프레비뉴,202105,690
영등포구,3212.신풍역 6번출구,202105,1110
영등포구,3214.영등포 푸르지오,202105,1401
영등포구,3215.강변삼성래미안,202105,1133
영등포구,3219.영등포역 2번출구,202105,2034
영등포구,3220.래미안에스티움 앞 (신풍로),202105,1166
영등포구,3221.서울특별시 남부교육지원청,202105,516
영등포구,4556. 리버뷰신안인스빌1차 후문,202105,772
영등포구,4557. 리버뷰신안인스빌2차 후문,202105,892
영등포구,4576.보라매sk뷰 108동 앞,202105,262
영등포구,4578.보라매sk뷰,202105,257
영등포구,4579. 국회의사당 본관,202105,358
영등포구,4580. 국회3문,202105,324
영등포구,4581. 국회소통관,202105,346
영등포구,4582. 국회도서관,202105,132
영등포구,4583. 의정관,202105,176
영등포구,4584. 국회2문,202105,193
영등포구,4585. 국회6문,202105,249
용산구,4602. 숙명여대앞 버스정류소 주변,202105,135
용산구,4604. 원효로다목적체육관 앞,202105,310
용산구,"4605. 노들섬 다목적홀(동쪽) 숲, 앞",202105,749
용산구,4607. 국립중앙박물관 -용산가족공원 앞,202105,342
용산구,4608. 국립중앙박물관 정문 앞,202105,270
용산구,4609. 파크타워 104동 앞,202105,293
용산구,4610. 한남나인원 105동 앞,202105,549
용산구,4611. 국제루터교회 앞,202105,268
용산구,4612. 한남 준 J.FSS 앞,202105,134
용산구,4613. 서울갤러리아 앞,202105,237
용산구,4615. 크라운호텔앞 버스정류소,202105,781
용산구,4616. 신용산지하차도 앞,202105,381
용산구,4617. 동원베네스트 건너편,202105,161
용산구,4618. 풍전아파트 건너편,202105,625
용산구,4619. 한강트럼프월드3차 앞,202105,1066
용산구,4620. 삼각지역 14번 출구 앞(교통섬),202105,827
용산구,4622. 한강중학교 앞 버스정류장,202105,351
용산구,4623. 라인프랜즈이태원점 앞,202105,590
용산구,4625. 용산공원갤러리앞,202105,275
용산구,4627. 효창공원앞역 5번출구 옆,202105,581
용산구,4629. 한강초교보도육교 앞,202105,1225
용산구,800. 목월공원 앞,202105,1483
용산구,802. 한강진역 2번 출구 앞,202105,596
용산구,803. 한남초교 앞 보도육교,202105,141
용산구,805. 문배어린이공원 앞,202105,1006
용산구,806. 전자랜드 본관 앞,202105,1000
용산구,807. 서울역 12번 출구 앞,202105,931
용산구,808. 서빙고동 금호맨션 앞,202105,403
용산구,809. 한남 유수지 복개주차장,202105,1094
용산구,810. 이태원지하보도,202105,768
용산구,811. 녹사평역1번출구,202105,824
용산구,812. 용산전쟁기념관,202105,295
용산구,813. 삼각지역 3번출구,202105,987
용산구,815. LIG강촌아파트 103동앞,202105,1814
용산구,816. 신용산역 6번출구 앞,202105,1905
용산구,817. 삼각지역 4번출구 앞,202105,1032
용산구,818. 숙명여대 입구 교차로,202105,1724
용산구,819. 선린인터넷 고등학교,202105,1232
용산구,820. 청파동입구 교차로,202105,964
용산구,822. 이촌1동 마을공원,202105,348
용산구,823. 효창동주민센터 앞,202105,318
용산구,825. 서빙고동 주민센터 앞,202105,3490
용산구,827. 국군복지단,202105,110
용산구,828. 숙대입구역 8번,202105,1011
용산구,829. 베르가모앞,202105,2625
용산구,830. 청암자이아파트앞,202105,378
용산구,831. 이태원관광특구입구,202105,636
용산구,832. 이촌1동 주민센터 뒤,202105,1698
용산구,834. 효창공원앞역 3번출구 뒤,202105,1644
용산구,835. 남영역 건너편,202105,1161
용산구,836. 현대자동차서비스 앞,202105,1185
용산구,837. 한남나들목 입구,202105,2518
용산구,838. 숙대입구역 4번출구,202105,1497
용산구,839. 보광동 삼성리버빌아파트 앞,202105,1305
용산구,840. 용산 파크타워 앞,202105,669
용산구,841. 신용산역 1번 출구,202105,2101
용산구,843. 녹사평역 광장,202105,717
용산구,844. 이촌2동 동원베네스트 아파트 앞,202105,1079
용산구,845. 용산 선인상가,202105,694
용산구,846. 용산중학교,202105,1067
용산구,847. 국방부민원실옆,202105,375
용산구,848. 삼각지12번 출구,202105,529
용산구,849. 삼각지 자이아파트,202105,1317
용산구,850. KCC용산월츠타워,202105,718
용산구,851.효창 푸르지오 앞,202105,303
용산구,852.청암자이APT(103동),202105,831
용산구,853.용산역 맞은편,202105,4465
용산구,854.HID 유족동지회 앞,202105,231
용산구,855.이촌역5번출구 앞,202105,151
용산구,857. 현대 안성타워,202105,343
용산구,858.녹사평역3번 출구,202105,302
용산구,859.남산공원 야외식물원 앞,202105,192
용산구,860.LG한강 자이아파트 앞,202105,2192
용산구,863.이촌역2번 출구,202105,367
용산구,864.순천향대학병원(한남오거리),202105,958
용산구,865.하얏트호텔 앞,202105,158
용산구,866.브라운스톤 남산아파트,202105,523
용산구,867.서빙고역 광장(1번출구),202105,414
용산구,869.노들섬 동측 앞,202105,505
용산구,870.노들섬 서측 앞,202105,3904
은평구,4652. 신사두산위브2차아파트 앞,202105,916
은평구,4653. LG 베스트샵 앞,202105,826
은평구,4654. OK부동산 앞,202105,674
은평구,4657. 다이소앞,202105,855
은평구,4658. 녹번역1번출구앞,202105,316
은평구,4659. 커피데이응암동지점,202105,800
은평구,4663. 삼성디지털은평불광점앞,202105,380
은평구,4665. 김영혜손뜨개 앞,202105,460
은평구,4667. 폭포동입구 교차로,202105,384
은평구,4668. 기자촌사거리,202105,226
은평구,4671. 청구성심병원 앞,202105,505
은평구,4672. 준빌딩 앞,202105,462
은평구,4673. 골드제련앞,202105,553
은평구,4674. 녹번역e편한세상 캐슬 정문 앞,202105,885
은평구,900. 은평예술회관,202105,845
은평구,901. 응암1동사무소,202105,884
은평구,902. 진관동 은빛초등학교,202105,356
은평구,903. 은평뉴타운 아이파크,202105,732
은평구,904. 은평뉴타운 푸르지오,202105,867
은평구,905. 구파발역 2번출구,202105,1847
은평구,906. 연신내역 5번출구150M 아래,202105,3241
은평구,907. CJ 드림시티,202105,4561
은평구,908. 구산역 4번출구,202105,1271
은평구,909. 백련산 힐스테이트 3차,202105,536
은평구,911. 은평평화공원(역촌역4번출구),202105,1941
은평구,912. 응암오거리,202105,2203
은평구,913. 이마트 은평점,202105,3068
은평구,914. 새절역 2번출구,202105,3151
은평구,915. 증산역 4번출구,202105,1690
은평구,916. 평생학습관 앞,202105,1030
은평구,917. 녹번역 4번출구,202105,1164
은평구,919. 서울혁신파크,202105,887
은평구,921. 신도고등학교,202105,288
은평구,922. 연신내역 4번출구,202105,627
은평구,923. 국민은행 연서지점,202105,680
은평구,924. 메뚜기다리,202105,185
은평구,925. 불광역 2번출구,202105,667
은평구,927. 연신내역 3번출구 인근,202105,655
은평구,928. 은평역사한옥박물관,202105,593
은평구,930. 구 서부경찰서 건너편,202105,810
은평구,931. 역촌파출소,202105,2987
은평구,932. 예일여중,202105,1009
은평구,933. LG서비스 역촌점,202105,1615
은평구,934. 신사동 성당,202105,284
은평구,937. 상림마을 롯데캐슬2단지 옆,202105,132
은평구,938. 금암 문화공원,202105,250
은평구,939. 은평구청 교차로,202105,645
은평구,941. 은평뉴타운 도서관,202105,575
은평구,942. 상림마을 생태공원,202105,365
은평구,943. 은평구청 보건소,202105,1831
은평구,945. 기자촌 사거리,202105,264
은평구,946. 독바위역,202105,659
은평구,947. 연신내 선일하이츠빌 정류소,202105,663
은평구,948. 디지털미디어 시티역 4번출구(DMC역),202105,730
은평구,949. 연신내역 1번 출구,202105,1070
은평구,950. 구산역 2번 출구,202105,1886
은평구,952. 서울연신중학교,202105,421
은평구,953. 서울연신초등학교,202105,603
은평구,954. 은평뉴타운구파발9단지,202105,655
은평구,956. 응암시장교차로,202105,2272
은평구,958. 신한은행 응암동 지점 앞,202105,1161
은평구,959. 구파발10단지 인근,202105,524
은평구,960. 구파발역 환승센터,202105,1195
은평구,961. 불광역 9번 출구,202105,1541
은평구,962. 은평뉴타운 힐데스하임,202105,1531
은평구,963. 대호프라자아파트,202105,877
은평구,964. 북한산힐스테이트 7차아파트,202105,514
은평구,965. 서울특별시 은평병원,202105,490
은평구,966. 서울혁신파크1,202105,444
은평구,967. 서울혁신파크2,202105,477
은평구,968. 은평뉴타운 상림마을 13단지,202105,193
은평구,969. 은평 지웰테라스,202105,263
은평구,971. 역촌 센트레빌 아파트,202105,380
은평구,972. 수색역,202105,1083
은평구,973.제각말푸르지오 5-1단지 아파트,202105,322
은평구,974.연신초등학교옆 마을마당,202105,176
은평구,975.백련산 힐스테이트상가앞,202105,429
은평구,976.진관고등학교앞,202105,581
은평구,977.신도중학교앞,202105,265
은평구,978.녹번 힐스테이트상가앞,202105,294
은평구,979.원풍빌라앞,202105,675
은평구,982.유니클로 은평점앞,202105,786
은평구,984.상신초등학교앞 버스정류장,202105,1125
은평구,985.은평온누리약국앞,202105,946
은평구,989.응암 꼬꼬닭치킨호프 앞,202105,1519
은평구,991.흥국사 정류장,202105,202
은평구,992.북한산입구 정류장,202105,369
은평구,993.은평뉴타운 은뜨락아파트앞,202105,517
은평구,994.북한산생태공원입구(교통섬),202105,311
은평구,995.은평다목적체육관,202105,418
은평구,996.응암역 1번출구,202105,4326
종로구,301. 경복궁역 7번출구 앞,202105,1499
종로구,302. 경복궁역 4번출구 뒤,202105,2464
종로구,303. 광화문역 1번출구 앞,202105,1885
종로구,305. 종로구청 옆,202105,1959
종로구,306. 광화문역 7번출구 앞,202105,1293
종로구,307. 서울역사박물관 앞,202105,951
종로구,308. 광화문 S타워 앞,202105,1668
종로구,309. 광화문역 6번출구 옆,202105,949
종로구,314. 국립현대미술관,202105,1361
종로구,316. 종각역 1번출구 앞,202105,1760
종로구,326. 안국역 5번출구 앞,202105,1477
종로구,327. 낙원상가 옆,202105,1234
종로구,328. 탑골공원 앞,202105,793
종로구,329. 청계2가 사거리 옆,202105,1267
종로구,334. 종로3가역 2번출구 뒤,202105,1239
종로구,335. 종로3가역 15번출구 앞,202105,986
종로구,337. 창경궁 입구,202105,551
종로구,338. 세운스퀘어 앞,202105,909
종로구,339. 종로4가 사거리,202105,1017
종로구,340. 혜화동 로터리,202105,1651
종로구,3401.창신두산아파트,202105,197
종로구,3402.이화공영주차장,202105,438
종로구,3403.서울특별시 교육청,202105,165
종로구,3404.서울특별시 중부교육지원청,202105,154
종로구,3405.파크팰리스,202105,1101
종로구,3406.세종로공원,202105,940
종로구,3407.안국동사거리(신),202105,1610
종로구,3408.종로타워빌딩,202105,920
종로구,341. 혜화역 3번출구 뒤,202105,1159
종로구,3410.종로3가역 8번출구,202105,2034
종로구,3411.종묘,202105,930
종로구,3412.세운상가,202105,745
종로구,3413.종로플레이스,202105,1294
종로구,3414.종로5가역 4번출구,202105,703
종로구,3416.동묘앞역 6번출구,202105,1255
종로구,3417.창신3동주민센터,202105,912
종로구,3418.창신역2번 출구,202105,197
종로구,3419.국립어린이과학관,202105,427
종로구,342. 대학로 마로니에공원,202105,2540
종로구,3420.성균관대입구사거리(맥도날드),202105,1120
종로구,3421.혜화역 1번출구,202105,1795
종로구,3422.성균관대 정문,202105,1688
종로구,3423.현대그룹(본사),202105,757
종로구,3425.광화문 풍림스페이스본 1단지앞,202105,1
종로구,3426.독립문역 2번출구 뒤,202105,349
종로구,3427.인왕산 아이파크 정문,202105,296
종로구,3428.서울미술관,202105,213
종로구,3429.AW컨벤션앞,202105,184
종로구,343. 예일빌딩(율곡로) 앞,202105,425
종로구,3430.구기치안센터 앞,202105,177
종로구,3431.로제우스 레포츠센터,202105,202
종로구,3432.종로2가 사거리,202105,1243
종로구,344. 성균관대 E하우스 앞,202105,1135
종로구,345. 서울보증보험본사 앞,202105,962
종로구,348. 독립문역 사거리,202105,1067
종로구,349. 사직동주민센터,202105,969
종로구,351. 청운초교 앞 삼거리,202105,809
종로구,352. 중앙고입구 삼거리,202105,354
종로구,353. 재동초교 앞 삼거리,202105,970
종로구,354. 포르투갈 대사관 앞,202105,966
종로구,355. 서울사대부속초교 앞,202105,882
종로구,356. KT혜화지사 앞,202105,877
종로구,358. 성대입구 사거리,202105,1085
종로구,359. 원남동사거리,202105,1072
종로구,361. 동묘앞역 1번출구 뒤,202105,2889
종로구,362. 청계8가 사거리,202105,2010
종로구,363. 신설동역 11번출구 뒤,202105,1677
종로구,364. 창신역 1번출구 앞,202105,476
종로구,367. 독립문역 3-1번출구,202105,1179
종로구,368. SK 서린빌딩 앞,202105,1285
종로구,369. 광화문 시민열린마당,202105,1457
종로구,385. 종각역 5번출구,202105,1594
종로구,388. 동성중학교 앞,202105,665
종로구,393. 동대문역 8번 출구,202105,2372
종로구,394. 경희궁 자이 3단지,202105,963
종로구,395. 경희궁 자이 2단지,202105,1218
종로구,397. 종묘공영주차장 건너편,202105,479
종로구,446. 상명대입구,202105,634
종로구,447. 신영동삼거리,202105,103
종로구,449. 일성아파트,202105,263
종로구,450. 효자동 삼거리,202105,760
종로구,451. 청와대앞길,202105,197
종로구,452. 동대문 종합시장 버스정류장,202105,491
종로구,453. 종로오가 지하쇼핑센터 14번출구,202105,984
종로구,454. 종로2가 버스정류장 (종각방향),202105,1085
종로구,455. 삼익한의원,202105,875
종로구,456. 숭인2동 주민센터 입구 (이강3대냉면),202105,1167
종로구,457. 종로꽃시장 입구 옆,202105,886
종로구,458. 광화문역 5번출구,202105,2363
종로구,461. 서울지방경찰청,202105,1141
종로구,462. 신영동삼거리(북악터널방향),202105,185
종로구,464. 삼청동 골목,202105,1026
종로구,465. 삼청공원 앞,202105,191
종로구,"4702. 평창동 꽃여울(꽃집),스타벅스 앞",202105,161
종로구,4703. 쌍용아파트2단지 정문,202105,7
종로구,4704. 쌍용아파트2단지 상가앞,202105,18
종로구,4705. 웰니스센터(민방위교육장 앞),202105,861
종로구,4707. 청계3가 사거리,202105,430
종로구,4708. 조계사앞사거리(파리바케트앞),202105,1003
종로구,4709. 천지인 오피스텔 앞,202105,93
종로구,4710. 자교교회 앞,202105,1507
종로구,4711. 올림픽기념 국민생활관 로터리,202105,1021
종로구,4713. 현대 뜨레비앙 아파트 앞,202105,979
종로구,486. 평창동주민센터 앞,202105,136
중구,300. 정동사거리,202105,1150
중구,3013.서울지방고용노동청 앞,202105,919
중구,310. 청계광장 옆,202105,1492
중구,318. 광교사거리 남측,202105,717
중구,320. 을지로입구역 4번출구 앞,202105,1130
중구,321. KEB 하나금융그룹 명동사옥 옆,202105,818
중구,322. 명동성당 앞,202105,489
중구,324. 신세계백화점 본점 앞,202105,702
중구,331. 을지로2가 사거리 북측,202105,549
중구,332. 을지로2가 사거리 남측,202105,722
중구,336. 티마크 호텔 앞,202105,734
중구,346. 맥스타일 앞,202105,1323
중구,347. 동대문역사문화공원역 9번출구 앞,202105,570
중구,370. 시청역(2호선) 9번출구 뒤,202105,2159
중구,371. 동대입구역 6번출구 뒤,202105,364
중구,372. 약수역 3번출구 뒤,202105,731
중구,374. 청구역 2번출구 앞,202105,1323
중구,375. 다산 어린이공원,202105,1518
중구,378. 청계7가 사거리,202105,1647
중구,379. 서울역9번출구,202105,967
중구,380. CJ제일제당 앞,202105,1148
중구,381. 장충체육관,202105,90
중구,382. 약수역 10번출구 앞,202105,669
중구,383. 신당역 12번 출구 뒤,202105,2159
중구,384. 종로학원본원,202105,247
중구,387. 훈련원공원주차장 앞,202105,1246
중구,389. 을지로4가역 1번출구,202105,746
중구,390. 충무로역 1번출구,202105,1387
중구,391. 정동길입구,202105,931
중구,398. 을지로3가역 3번출구,202105,1427
중구,399. 서울역 센트럴 자이아파트,202105,820
중구,428. 명보사거리,202105,286
중구,429. 송도병원,202105,254
중구,430. KEB하나은행 장충동지점,202105,535
중구,431. 청계천 영도교,202105,2586
중구,433. 을지로입구역 2번출구,202105,1279
중구,434. 신당 래미안 버스정류장,202105,385
중구,435. SK 남산빌딩,202105,447
중구,441.염천교사거리,202105,421
중구,442.서울역 서부,202105,519
중구,443.호암아트홀,202105,350
중구,445.대한상공회의소,202105,985
중구,466.롯데호텔,202105,546
중구,467.한국은행,202105,297
중구,468.웨스틴 조선호텔,202105,463
중구,469.회현역 1번출구,202105,236
중구,470.회현역 7번출구,202105,337
중구,471.회현사거리 남측,202105,475
중구,472.삼일교(시그니쳐 타워),202105,663
중구,473.을지로4가역 9번출구,202105,1116
중구,474.동대문역사문화공원역 1번출구 뒤편,202105,1418
중구,475.DDP 패션몰,202105,822
중구,4752. 삼성사이버빌리지아파트,202105,323
중구,4753. 우리은행 서소문금융센터,202105,394
중구,476.광희문,202105,553
중구,4760. 서울역 7번출구,202105,152
중구,4761. 탐앤탐스 을지로3가점,202105,263
중구,4762. 국제빌딩,202105,413
중구,4765. 동대문디자인플라자,202105,1276
중구,4766. 서소문성지역사박물관,202105,290
중구,4768. 서울도시건축전시관,202105,1944
중구,477.앰배서더 호텔 주변,202105,249
중구,4772. 중앙일보,202105,209
중구,4774. 을지로입구역 8번출구,202105,435
중구,4775. 을지로지하쇼핑센터,202105,555
중구,4776. 신세계면세점,202105,416
중구,4778. 대신파이낸스센터,202105,528
중구,4779. 태극당,202105,528
중구,4781. 브라운스위트레지던스,202105,449
중구,4782. 서소문역사공원,202105,274
중구,4784. 중부경찰서앞 사거리,202105,309
중구,4785. 롯데시티호텔,202105,382
중구,479.동대입구역 3번 출구,202105,238
중구,4791. 명동역9번 출구,202105,1018
중구,4792. 퇴계로4가 교차로(중구청),202105,1003
중구,4793. 동대문역사문화공원역 5번출구,202105,487
중구,4794. 서울역 서부교차로(3),202105,143
중구,4796. 부산은행,202105,1158
중구,480.약수역 6번 출구,202105,578
중구,481.신당역 10번 출구,202105,752
중구,482.예수소망교회,202105,59
중구,483.남산타운아파트 버스정류장,202105,379
중구,484.도동삼거리,202105,158
중구,485.서울역5번출구,202105,895
중구,826. 서울역 서부교차로2,202105,1397
중랑구,1401. 극동늘푸른아파트,202105,1889
중랑구,1402. 금란주차장 앞,202105,1355
중랑구,1403. 중화빌딩 앞 (동부시장),202105,1271
중랑구,1404. 동일로 지하차도,202105,1387
중랑구,1405. 망우역 1번출구,202105,1095
중랑구,1406. 망우청소년수련관,202105,162
중랑구,1407. 먹골역 1번출구 뒤,202105,1106
중랑구,1408. 먹골역 6번출구 앞,202105,1096
중랑구,1410. 면목 대원칸타빌아파트,202105,239
중랑구,1411. 상봉시장앞 교차로 한성빌딩 앞,202105,1482
중랑구,1412. 면목초등학교,202105,631
중랑구,1413. 봉화산역 5번출구 뒤,202105,1172
중랑구,1414. 사가정역 1번출구,202105,2790
중랑구,1416. 상봉역 3번출구,202105,1289
중랑구,1418. 새솔초등학교,202105,331
중랑구,1420. 신내어울공원 앞,202105,749
중랑구,1421. 신내역 4번출구,202105,210
중랑구,1422. 신내우디안아파트 1단지,202105,260
중랑구,1424. 양원역 2번출구,202105,233
중랑구,1425. 용마문화복지센터,202105,813
중랑구,1426. 면목도시개발아파트 1동 앞,202105,448
중랑구,1427. 용마산역 1번출구,202105,352
중랑구,1428. 원묵고등학교,202105,599
중랑구,1429. 장안중학교,202105,1027
중랑구,1430. 중랑구청,202105,735
중랑구,1431. 중랑구청 사거리,202105,1564
중랑구,1433. 중화역 2번출구,202105,1776
중랑구,1435. 능산삼거리,202105,188
중랑구,1436. 영풍마드레빌,202105,785
중랑구,1437. 늘푸른공원 앞,202105,1545
중랑구,1438. 홈플러스 신내점 앞,202105,2254
중랑구,1440. 하나은행 면목지점,202105,1392
중랑구,1441. 신내능말공원,202105,520
중랑구,1442. (구)신한은행 중랑교지점,202105,1753
중랑구,1443. 구립망우청소년독서실,202105,479
중랑구,1444. 면목4치안센터,202105,1374
중랑구,1445. 용마지구대,202105,248
중랑구,1446. 중랑전화국 교차로,202105,1502
중랑구,1447. 면목역 3번출구,202105,2500
중랑구,1448. 코스트코 상봉점,202105,2295
중랑구,1449. 상봉역 1번출구,202105,2257
중랑구,1450. 화랑대역 7번출구,202105,1559
중랑구,1451. 중랑세무서,202105,3090
중랑구,1452. 겸재교 진입부,202105,2845
중랑구,1453. 중랑캠핑숲,202105,274
중랑구,1454. 한국전력공사(동대문 중랑지사),202105,773
중랑구,1455. 상봉역 2번 출구,202105,1674
중랑구,1456. 상아빌딩(우림시장 교차로),202105,1092
중랑구,1457. 동원사거리,202105,955
중랑구,1458. 상봉터미널2,202105,1694
중랑구,1459. 용마한신아파트사거리,202105,427
중랑구,1461.동양엔파트 앞,202105,1255
중랑구,1462.동부시장 북문 앞,202105,1564
중랑구,1463.중랑구민회관,202105,276
중랑구,1464.중화역 4번출구,202105,1012
중랑구,1465.중랑공영차고지 옆,202105,856
중랑구,1466.두산대림아파트 삼거리,202105,486
중랑구,1467.sk신내 주유소앞(용마산로),202105,177
중랑구,1468.먹골역 7번 출구,202105,608
중랑구,1469.먹골역 4번출구,202105,964
중랑구,1470.중화동 우리은행 앞,202105,1305
중랑구,1471.동양쇼핑 정류소 앞,202105,1467
중랑구,1472.영성빌딩(PAT),202105,594
중랑구,1473.중랑역 1번 출구(중화문화복지센터),202105,1306
중랑구,1474.서울중랑우체국,202105,859
중랑구,1477.면목삼익아파트 앞,202105,433
중랑구,1478.홈플러스 상봉점 앞,202105,1541
중랑구,1479.면목 홈플러스 2,202105,1549
중랑구,1480. 용마지구대 옆,202105,456
중랑구,4802. 새우개마을,202105,186
중랑구,4803. 상봉2동 주민센터 앞,202105,539
중랑구,4804. 동서울농협 앞,202105,1176
중랑구,4807. 라코지스테이 앞,202105,374
중랑구,4808. 신내2동 주민센터 앞,202105,424
중랑구,"4809. 동성1,2차 아파트 앞",202105,1125
중랑구,4811. 한양수자인아파트 앞,202105,263
중랑구,4812. 묵동 이마트 앞,202105,1075
중랑구,4813. 망우로 버거킹 앞,202105,1448
중랑구,4815. 중랑데시앙플렉스 앞,202105,39
강남구,2301. 현대고등학교 건너편,202106,3144
강남구,2302. 교보타워 버스정류장(신논현역 3번출구 후면),202106,1192
강남구,2303. 논현역 7번출구,202106,1358
강남구,2304. 신영 ROYAL PALACE 앞,202106,155
강남구,2305. MCM 본사 직영점 앞,202106,357
강남구,2306. 압구정역 2번 출구 옆,202106,1287
강남구,2307. 압구정 한양 3차 아파트,202106,260
강남구,2308. 압구정파출소 앞,202106,515
강남구,2309. 청담역(우리들병원 앞),202106,392
강남구,2310. 청담동 맥도날드 옆(위치),202106,478
강남구,2311. 학동로 래미안 아파트 앞,202106,312
강남구,2312. 청담역 13번 출구 앞,202106,485
강남구,2313. 금원빌딩 앞,202106,1004
강남구,2314. 청담나들목입구,202106,759
강남구,2315. 봉은사역 5번출구 옆,202106,576
강남구,2316. 삼성역 8번출구,202106,1363
강남구,2317. 삼성도로공원,202106,1110
강남구,2318. 삼성중앙역4번출구(문화센터더 리빌),202106,406
강남구,2319. 포스코사거리 서측(수협 삼성동 지점),202106,703
강남구,2320. 도곡역 대치지구대 방향,202106,609
강남구,2321. 학여울역 사거리,202106,693
강남구,2322. 삼성역 3번 출구,202106,817
강남구,2323. 주식회사 오뚜기 정문 앞,202106,541
강남구,2324. 천주교 대치 2동 교회 옆,202106,1180
강남구,2325. 대치동 버거킹대치점,202106,843
강남구,2326. 대치동 삼성로,202106,454
강남구,2327. 뱅뱅사거리 랜드마크타워 앞,202106,1142
강남구,2328. 르네상스 호텔 사거리 역삼지하보도 7번출구 앞,202106,557
강남구,2329. 르네상스호텔사거리 역삼지하보도 2번출구,202106,360
강남구,2330. 스타벅스 앞,202106,671
강남구,2331. 동영문화센터앞,202106,539
강남구,2332. 선릉역3번출구,202106,1301
강남구,2333. 양재역 3번출구 주변,202106,1058
강남구,2334. 삼호아파트 2동 ( 간선도로),202106,179
강남구,2335. 3호선 매봉역 3번출구앞,202106,1556
강남구,2336. 강남세브란스교차로 래미안그레이튼 104동 앞,202106,327
강남구,2337. 대모산입구역 2번출구 앞,202106,394
강남구,2339. 현대아파트 정문 앞,202106,463
강남구,2340. 삼호물산버스정류장(23370) 옆,202106,2318
강남구,2341. 일원역 4~5번 출구 사이,202106,681
강남구,2342. 대청역 1번출구 뒤,202106,2133
강남구,2343. 세곡사거리 대왕파출소 앞,202106,109
강남구,2344. 리엔파크 2단지 앞,202106,604
강남구,2347. 두산건설 본사,202106,146
강남구,2348. 포스코사거리(기업은행),202106,2139
강남구,2349. 역삼빌딩 앞(하나은행 옆),202106,322
강남구,2350. 래미안그레이튼102동앞,202106,302
강남구,2351. 청소년수련관(수영장)앞,202106,277
강남구,2352. 서울본부세관(건설회관 앞),202106,140
강남구,2353. 강남구청역 2번출구 뒤,202106,488
강남구,2354. 청담역 2번출구,202106,233
강남구,2355. 삼성역 5~6번 출구 사이,202106,1588
강남구,2356. 강남구청,202106,477
강남구,2357. 르네상스호텔사거리 역삼지하보도 3번출구 앞 (더 오번 빌딩 명동칼국수 앞),202106,327
강남구,2358. 구룡초사거리 (현대아파트10동 앞 ),202106,349
강남구,"2359. 국립국악중,고교 정문 맞은편",202106,1009
강남구,2360. 도곡1동 주민센터 교차로,202106,494
강남구,2361. 압구정역 교차로,202106,992
강남구,2362. 신사동 가로수길 입구,202106,957
강남구,2363. 강남 을지병원 교차로,202106,380
강남구,2364. 도산대로 렉서스 앞,202106,750
강남구,2365. K+ 타워 앞,202106,1090
강남구,2368. 도곡동 경남아파트 건너편,202106,213
강남구,2369. KT선릉타워,202106,1014
강남구,2370. 한티역 3번출구,202106,292
강남구,2371. 한국우편사업진흥원,202106,121
강남구,2372. 대치역 사거리,202106,1027
강남구,2373. 개포동역 사거리,202106,1368
강남구,2375. 수서역 1번출구 앞,202106,1048
강남구,2376. 수서역 6번출구 앞,202106,308
강남구,2377. 수서역 5번출구 뒤,202106,3085
강남구,2380. 삼성동베이직하우스앞,202106,425
강남구,2381. 언주역 6번출구앞,202106,495
강남구,2382. 역삼동 sk뷰 501동앞,202106,296
강남구,2383. 보금자리정원,202106,224
강남구,2384. 자곡사거리,202106,2288
강남구,2385. 학동역,202106,787
강남구,2386. 크린랩 본사,202106,323
강남구,2387. 래미안강남힐즈 사거리,202106,1211
강남구,2388. 강남구 도시관리공단,202106,222
강남구,2389. 경기여자고등학교 후문 (삼성로3길 입구),202106,652
강남구,2390. 구룡마을 입구 (래미안블레스티지 아파트),202106,271
강남구,2391. 구룡터널 입구(개포1단지아파트),202106,5
강남구,2392. 구룡산 입구 (구룡산 서울둘레길 입구),202106,74
강남구,2393. 구룡사 앞 교차로 (보도육교),202106,56
강남구,2394. 개포래미안포레스트아파트 107동 앞,202106,770
강남구,2395. 개포1단지아파트 입구 (보도육교),202106,34
강남구,2396. 영동3교 북단(우성캐릭터 앞 보도),202106,694
강남구,2398. 더라움,202106,253
강남구,2401. 밀알학교 입구 (삼성서울병원 입구),202106,278
강남구,2403. 공무원연금매점 교차로 (개포주공9단지 입구),202106,217
강남구,2404. 대모산입구역 4번 출구 앞,202106,1016
강남구,2405. 청담공원앞 교차로,202106,688
강남구,2406. 논현동 광명빌딩 앞,202106,442
강남구,2407. 역삼.서초.삼성 세무서 앞 (역삼빌딩 앞),202106,1451
강남구,2408. 강남한양수자인아파트,202106,1079
강남구,2409. 역삼동 디오슈페리움 (우성아파트 사거리),202106,795
강남구,2410. 포스코피앤에스타워 (역삼역 3번출구 부근),202106,782
강남구,2411. 세곡동 성당,202106,809
강남구,2412. 일원1동 주민센터,202106,1795
강남구,2413.도곡역 1번 출구,202106,945
강남구,2414. 도곡역 아카데미스위트 앞,202106,1102
강남구,2415.한티역 롯데백화점 앞,202106,860
강남구,2416.한티역 6번 출구,202106,246
강남구,2417.선정릉 디캠프(D.CAMP)앞,202106,263
강남구,2418.봉은사역 7번 출구,202106,712
강남구,"2419.봉은사역 1,2번 출구",202106,589
강남구,2420.학여울역 사거리(LG베스트샵 앞),202106,925
강남구,2421. 신논현역 4번출구,202106,754
강남구,2422.수서동 성당 맞은편,202106,741
강남구,2423.영희초교 사거리(래미안개포루체하임),202106,1133
강남구,2425.세곡동 사거리(대왕초등학교 정류장),202106,209
강남구,2426.강남한신휴플러스 6단지,202106,451
강남구,2427.개포고등학교 정문앞,202106,586
강남구,2428.롯데리아 개포점앞,202106,502
강남구,2429.압구정로데오역 6번출구,202106,1229
강남구,2430.강남파이낸스센터앞(역삼역2번출구),202106,487
강남구,2431.대치역 7번출구,202106,1317
강남구,3602. 한국지역난방공사강남지사,202106,317
강남구,3603. 삼성역 2번출구,202106,805
강남구,3604. 삼성중앙역 5번출구(하이마트앞),202106,434
강남구,3605. 봉은사역6번출구(현대아이파크타워앞),202106,820
강남구,3606. 신사동주민센터 옆,202106,875
강남구,3609. 언주초등학교 입구,202106,316
강남구,3610. 윗반마을 입구,202106,112
강남구,3611. 방죽마을 입구,202106,352
강남구,3612. 은곡마을,202106,422
강남구,3614. 은마아파트 입구 사거리,202106,783
강남구,3615. 서울 논현동우체국 앞,202106,241
강남구,3616. 역삼중학교 앞(체육관 방향),202106,202
강남구,3618. 서울율현초교 삼거리,202106,345
강남구,3620. 청담역 11번 출구,202106,62
강남구,3621. 휘문고교 사거리,202106,192
강남구,3622. 은마아파트입구 사거리,202106,129
강남구,3623. 일원에코파크 앞(개포로 방면),202106,738
강남구,3624. 대모산입구역 7번 출구 앞,202106,99
강남구,3627. 압구정나들목,202106,2595
강남구,3628. 역삼1동 주민센터,202106,833
강남구,3629. 청담사거리(신한오피스텔빌딩 앞),202106,449
강남구,3630. 개포우성6차아파트 정문 앞,202106,350
강남구,3634. 국악고교 앞 교차로,202106,217
강남구,3636. 삼성중앙역·플래티넘아파트 정류소,202106,30
강남구,3637. 세곡데이케어센터,202106,109
강남구,3638. 신청담나들목,202106,51
강남구,3640. 일원1동주민센터앞 사거리,202106,49
강동구,1001. 광진교 남단 사거리(디지털프라자앞),202106,2037
강동구,1002. 해공공원(천호동),202106,3027
강동구,1003. 해공도서관앞,202106,1188
강동구,1004. 삼성광나루아파트 버스정류장,202106,1533
강동구,1006. 롯데캐슬 115동앞,202106,391
강동구,1007.암사동 선사유적지,202106,147
강동구,1008. 암사역 3번출구(국민은행앞),202106,4292
강동구,1009. 천호역4번출구(현대백화점),202106,5088
강동구,1010. 강동세무서,202106,2719
강동구,1011. LIGA 아파트 앞,202106,3050
강동구,1012. 서울 상운차량,202106,1352
강동구,1013. 강동구청역 1번 출입구,202106,1787
강동구,1014. 강동구평생학습관앞,202106,1333
강동구,1015. 샛마을 근린공원,202106,897
강동구,1016. 해뜨는 주유소옆 리엔파크 109동앞,202106,841
강동구,1017. 맥도날드(길동),202106,2310
강동구,1018. 둔촌 주공 GS 맞은편,202106,711
강동구,1019. 다성이즈빌아파트(호원대 대각선 맞은편),202106,3509
강동구,1020. 강동경찰서,202106,3344
강동구,1021. 강일동 리슈빌 빌딩앞,202106,2113
강동구,1022. 길동 사거리(초소앞),202106,2078
강동구,1023. 한국종합기술사옥 앞,202106,2786
강동구,1024. 강동구청 앞,202106,3218
강동구,1025. 상일초등학교,202106,827
강동구,1026. 대명초교 입구 교차로,202106,662
강동구,1027. 프라자 아파트 앞,202106,1359
강동구,1028. 포레스 주상복합 빌딩,202106,2028
강동구,1029. 롯데 시네마,202106,2927
강동구,1030. 미호 플랜트 앞,202106,1149
강동구,1031. 올림픽로 836(아리수로),202106,850
강동구,1032. 선사고등학교,202106,910
강동구,1033. 고덕동 아남아파트,202106,927
강동구,1034. 고덕동 래미안 힐스테이트,202106,667
강동구,1035. 고덕역 4번출구,202106,1393
강동구,1036. 고덕동 주양쇼핑,202106,1436
강동구,1037. 강일리버파크 6단지,202106,393
강동구,1038. 강일 다솜 어린이 공원,202106,406
강동구,1039. 고덕초등학교,202106,202
강동구,1041. 묘곡초등학교,202106,1055
강동구,1042. 강일리버파크 2~5단지,202106,833
강동구,1044. 굽은다리역,202106,4512
강동구,1047. 건강보험 강동지사kt,202106,2218
강동구,1048. 동부기업(둔촌동),202106,2309
강동구,1049. 강일리버파크 10단지,202106,831
강동구,1050. 둔촌역 3번 출입구,202106,4365
강동구,1051. 양지시장 (용성약국앞) 입구,202106,1206
강동구,1052. 리싸이클시티,202106,176
강동구,1053. 동명근린공원 진입로 (아리수로),202106,372
강동구,1054. 말우물 어린이 공원,202106,354
강동구,1056. 강일리버파크 7~11단지,202106,523
강동구,1057. 능골근린공원,202106,995
강동구,1058. 고덕숲 아이파크 1,202106,865
강동구,1059. 래미안 강동팰리스(102동),202106,1276
강동구,1060. 천일초교 사거리,202106,1122
강동구,1061. 천호초교 입구 사거리(일주빌딩),202106,1423
강동구,1062. 고덕숲 아이파크 2,202106,295
강동구,1063.강동롯데캐슬퍼스트 아파트(관리동),202106,551
강동구,1064.중앙보훈병원역 1번출구,202106,461
강동구,1065.보훈병원 정문옆(중앙대영약국),202106,751
강동구,1066.생태공원앞 교차로(조명탑),202106,359
강동구,1067.한영중고앞사거리,202106,582
강동구,1068.명일파출소,202106,803
강동구,1069.강동경희대학교병원 입구,202106,503
강동구,1070.(시립)고덕평생학습관,202106,515
강동구,1071.명일근린공원공동체텃밭,202106,495
강동구,1072.고덕역 5번출구,202106,1273
강동구,1073.SSTS 몰 앞,202106,822
강동구,1074.대명초교입구 사거리,202106,1511
강동구,1075.천동초교 삼거리,202106,1523
강동구,1076.전자랜드 길동점,202106,2051
강동구,1077.강동역 1번출구 앞,202106,2479
강동구,1078.둔촌사거리,202106,2461
강동구,1079.강일동입구교차로,202106,432
강동구,1080.엘웨딩,202106,1138
강동구,1081.트레빌빌딩,202106,999
강동구,1082.중앙보훈병원역3번출구,202106,376
강동구,1083.광문고교사거리(아이파크),202106,842
강동구,1084. 윤선생빌딩(JYP사옥),202106,2719
강동구,1085.래미안 솔베뉴(고덕로),202106,900
강동구,1086.래미안 솔베뉴(구천면로),202106,916
강동구,1088.풍납사거리(강동),202106,1414
강동구,1089.고덕 래미안힐스테이트(201동),202106,316
강동구,1090.상일동역 2번출구 앞,202106,3776
강동구,3539. 서원마을,202106,232
강동구,3652. 한영외국어고등학교,202106,292
강동구,3653. 강동리버스트4단지아파트 404동 앞,202106,702
강동구,3654. 강동리버스트4단지아파트 405동 앞,202106,592
강동구,3655. 둔촌신성미소지움아파트,202106,581
강동구,3656. 둔촌푸르지오아파트,202106,1086
강동구,3657. 서울천호동우체국,202106,1410
강동구,3658. 프라이어팰리스아파트,202106,748
강동구,3659. 명일초등학교 옆,202106,210
강동구,3661. 명일동신동아아파트 앞,202106,270
강동구,3663. 암사정수센터교차로(강동롯데캐슬퍼스트아파트),202106,353
강동구,3664. 맥도날드 서울둔촌DT점 앞,202106,1172
강동구,3665. 고덕센트럴 아이파크상가 앞,202106,741
강동구,3668. 성내삼성아파트,202106,2115
강동구,3671. 둔촌동역교차로,202106,1636
강동구,3673. 강동리버스트6단지,202106,690
강동구,3674. 강동리버스트7단지,202106,504
강동구,3675. 강동리버스트8단지,202106,675
강동구,3676. 강동리엔파크9단지,202106,625
강동구,3677. 강동구음식물재활용센터,202106,101
강동구,3680. 강동역3번출구,202106,1810
강동구,3681. 길동 마루빌딩,202106,2232
강동구,3682. 길동 동호빌딩,202106,354
강동구,3683. KT&G강동지사,202106,1227
강동구,3685. 강동리엔파크14단지(1401동 앞),202106,848
강동구,3687. 신명초교입구 교차로,202106,669
강동구,3688. 상일동산(동아아파트앞 교차로),202106,239
강북구,"1501. 미아역 3번,4번 출구 사이",202106,1884
강북구,1503. 이디야 커피 수유역점 앞,202106,2975
강북구,1504. 다이소 삼양시장점,202106,698
강북구,1506. 강북문화예술회관,202106,1697
강북구,1509. 서울북부수도사업소,202106,777
강북구,1510. 번동주공5단지 관리사무소 앞,202106,394
강북구,1511. 번동 금호어울림아파트102동앞,202106,381
강북구,1512. 강북중학교 앞,202106,2851
강북구,1513. 강북구청 뒷편,202106,323
강북구,1514. 강북구청 사거리 버스정류소 앞,202106,1610
강북구,1515. 송천동 주민센터,202106,890
강북구,1516. 우이초등학교 후문 옆,202106,910
강북구,1518. SK telecom(수유직영점) 앞,202106,846
강북구,1519. 세븐일레븐 수유장미원점 앞,202106,1109
강북구,1520. 성실교회,202106,1456
강북구,1522. 월드전기조명인테리어(우이동),202106,538
강북구,1525. 미아동 복합청사,202106,602
강북구,1526. 수유동 채선당앞,202106,897
강북구,1527. 미아역 1번 출구 뒤,202106,1036
강북구,1528. 삼각산동 주민센터,202106,643
강북구,1529. 미아동 한국전력공사,202106,2257
강북구,1530. 광산사거리,202106,2058
강북구,1531. 미아사거리 1번 출구,202106,2631
강북구,1532. 번3동 주민센터 교차로,202106,779
강북구,"1533. 번동 주공3, 4단지 교차로",202106,1640
강북구,1534. 북서울 꿈의 숲 동문,202106,1116
강북구,1535. 효성인텔리안 앞,202106,2011
강북구,1536. 번동 두산위브 101동 옆,202106,1045
강북구,1537. 북한산 우이역,202106,725
강북구,1538. 솔밭공원역,202106,434
강북구,1539. 4.19민주묘지역,202106,657
강북구,1540. 가오리역,202106,1404
강북구,1541. 삼양역,202106,377
강북구,1542. 삼양사거리역,202106,493
강북구,1543. 수유1동 주민센터,202106,1044
강북구,1545. 솔샘역 2번 출구,202106,394
강북구,1546. 송천동우체국,202106,645
강북구,1547. 꿈의숲 롯데캐슬,202106,564
강북구,1548. 북서울 꿈의숲 서문,202106,1031
강북구,1550.삼각산아이원아파트(105동 옆),202106,171
강북구,1551.4.19탑 앞,202106,713
강북구,1552. 강북구청사거리(던킨도너츠 앞),202106,2008
강북구,1553.예수그리스도후기성도교회 앞,202106,962
강북구,1554.번동사거리,202106,1302
강북구,1557.신창교,202106,1277
강북구,1558.강북문화정보도서관,202106,380
강북구,1560. 도봉세무서 앞,202106,1167
강북구,1564.4.19민주묘지역 1번출구,202106,1258
강북구,1565.대한병원앞,202106,1427
강북구,1568.4.19민주묘지 입구사거리,202106,869
강북구,1569.수유역2번출구,202106,2811
강북구,1571.북서울 꿈의 숲 입구,202106,603
강북구,1572.우이산 입구,202106,180
강북구,1573.현대성우아파트 옆,202106,434
강북구,1574.송중초등학교 옆,202106,734
강북구,3703. 신성교회 앞,202106,416
강북구,3707. 드래곤타워 앞,202106,776
강북구,3711. 월계2교 교차로,202106,966
강북구,3714. 송천센트레빌,202106,443
강북구,3718. 번동 SK LPG 충전소,202106,965
강서구,1101. 개화동상사마을종점 버스정류장,202106,391
강서구,1102. 방화사거리 마을버스 버스정류장,202106,3270
강서구,1103. 방화역 4번출구앞,202106,2645
강서구,1105. 방화근린공원,202106,487
강서구,1106. 신방화사거리,202106,3337
강서구,1108. 공항시장역 2번출구 뒤,202106,1650
강서구,1109. 공항시장역 4번출구,202106,1029
강서구,1110. 공항중학교앞,202106,1710
강서구,1111. 마곡엠밸리6_7단지 마곡중학교,202106,2498
강서구,1112. 마곡엠밸리4단지 정문,202106,4980
강서구,1113. 서남환경공원 버스정류장,202106,2196
강서구,1115. 등촌역 1번출구옆,202106,2610
강서구,1117. 스타벅스앞,202106,4163
강서구,1118. 증미역 3번출구뒤(등촌두산위브센티움오피스텔),202106,3710
강서구,1119. 염창동 한마음아파트앞(염창동 빛나는 음악학원앞),202106,2319
강서구,1120. 대림경동아파트앞,202106,2608
강서구,1121. 가양레포츠센터앞,202106,1696
강서구,1122. 황금내근린공원,202106,3632
강서구,1124. 발산역 6번 출구 뒤,202106,6209
강서구,1125. 명덕고교입구(영종빌딩),202106,5108
강서구,1126. 우장산역 1번출구옆(우장산아이파크105동앞),202106,2336
강서구,1127. 화곡역(에이스정형외과앞) 버스정류장,202106,2190
강서구,1128. 화곡역 6번출구,202106,1861
강서구,1129. 화곡역 1번 출구 앞,202106,2157
강서구,1130. 화곡본동시장 버스정류장,202106,739
강서구,1131. 꿈돌이공원 앞,202106,2772
강서구,1132. 등촌역 7번출구,202106,2706
강서구,1135. 강서구의회,202106,2416
강서구,1136. 등촌2파출소,202106,1046
강서구,1137. 등촌2동주민센터,202106,561
강서구,1139. 용문사 버스정류장,202106,1897
강서구,1140. 목동사거리 버스정류장,202106,2388
강서구,1141. 곰달래 문화복지센터 1-1,202106,1700
강서구,1145. 곰달래 문화복지센터 1-2,202106,997
강서구,1146. 곰달래사거리,202106,1981
강서구,1148. 볏골공원,202106,1503
강서구,1149. 신방화역환승주차장,202106,5494
강서구,1150. 송정역 1번출구,202106,2493
강서구,1151. 마곡역1번출구,202106,3058
강서구,1152. 마곡역교차로,202106,7648
강서구,"1153. 발산역 1번, 9번 인근 대여소",202106,7828
강서구,1155. 기쁜우리복지관,202106,2620
강서구,1157. 강서구청,202106,3137
강서구,1158. 가양역 8번출구,202106,7003
강서구,1159. 서서울모터리움앞,202106,927
강서구,1160. 양천향교역 7번출구앞,202106,7327
강서구,1161. 강서면허시험장앞,202106,409
강서구,1162. 공항초등학교건너편,202106,2537
강서구,1163. 방화동강서기동대앞,202106,2522
강서구,1165. 마곡중학교 후문,202106,1247
강서구,1166. 강서구립등빛도서관,202106,4238
강서구,1167. 마곡수명산파크3단지 교차로,202106,3399
강서구,1168. 마곡엠밸리10단지 앞,202106,1497
강서구,1169. 염창역 1번 출구,202106,2013
강서구,1170. 강서구보건소 (삼성디지털 프라자),202106,1427
강서구,1171. 염창동 새마을금고 건너편 (모닝글로리),202106,1663
강서구,1172. 가양3동 주민센터,202106,2096
강서구,1173. 강서구청사거리(SH타워),202106,3222
강서구,1174. 강서구청사거리(부민병원),202106,1634
강서구,1175. 대한항공 인력개발센터,202106,1605
강서구,1177. 수명중?고교,202106,1825
강서구,1178. 개화산역 2번 출구,202106,1574
강서구,1180. 마곡엠밸리 15단지(1502동) 건너편,202106,2922
강서구,1181. 농수산식품공사 (강서지사),202106,471
강서구,1182. KBS 스포츠월드,202106,2482
강서구,1183. KC 대학교,202106,510
강서구,1184. 마곡13단지,202106,3976
강서구,1185. 등촌9단지,202106,1229
강서구,1186. 송정중학교,202106,1123
강서구,1187. 강서수산물도매시장,202106,949
강서구,1188. 롯데중앙연구소,202106,300
강서구,1190. 마곡역 교차로(2번출구),202106,1790
강서구,1191. 마곡역 교차로(NH농협),202106,3545
강서구,1192. 마곡수명산파크 209동 건너편,202106,1882
강서구,1193. 마곡센트럴타워 1차,202106,3789
강서구,1194. 센서텍㈜,202106,1399
강서구,1195. 코오롱One&Only타워,202106,3481
강서구,1196. 서울식물원(문화센터) 건너편,202106,480
강서구,1197. 엠펠리체 호텔 건너편,202106,3144
강서구,1198. LG 사이언스파크,202106,751
강서구,1199. 우장산역 3번출구,202106,2758
강서구,1200. 개화광역환승센터,202106,359
강서구,2701. 마곡나루역 5번출구 뒤편,202106,6920
강서구,2702. 마곡 엠밸리2단지,202106,1397
강서구,2703.서울도시가스 앞,202106,1176
강서구,2704.홈플러스(강서점),202106,3513
강서구,2706.강서공업고등학교 앞,202106,2003
강서구,2707.한강아파트,202106,1862
강서구,2708.강서한강자이타워 앞,202106,4068
강서구,2709.강변아파트 310동 앞,202106,1463
강서구,2710.라이품 공영주차장 앞,202106,1543
강서구,2711.가로공원공영주차장 1번 출구,202106,1664
강서구,2712.화곡터널입구교차로,202106,1003
강서구,2713.우장초등학교 앞,202106,1492
강서구,2715.마곡나루역 2번 출구,202106,10745
강서구,2716.롯데 R&D 센터,202106,646
강서구,2717.LG유플러스 마곡사옥,202106,4742
강서구,2718.마곡수명산파크1단지,202106,1958
강서구,2719.마곡문화공원,202106,2951
강서구,2720.힐스테이트에코,202106,3593
강서구,2721.등촌1-10단지 교차로,202106,4121
강서구,2722.마곡 문영비지웍스,202106,585
강서구,2723.마곡 필네이처,202106,3111
강서구,2724.(재)FITI시험연구원,202106,2451
강서구,2725.서울식물원 식물문화센터,202106,1311
강서구,2727.서울식물원 잔디마당 앞,202106,2053
강서구,2728.마곡나루역 3번 출구,202106,6634
강서구,2729.넥센 유니버시티 앞,202106,2257
강서구,2730.마곡메가박스 앞,202106,2403
강서구,2731.명덕고교,202106,1103
강서구,2732.마곡수명산 1-2단지,202106,1560
강서구,2733.마곡13단지 정문 앞,202106,3907
강서구,2735.마곡 공공청사,202106,2815
강서구,2737.까치산역 3번 출구,202106,2135
강서구,2739.수명산파크1단지교차로,202106,2988
강서구,2740.마곡레포츠센터,202106,902
강서구,2741.마곡수명산파크5-6단지,202106,1292
강서구,2742.강서구민올림픽체육센터,202106,1549
강서구,2743.동신아파트 104동 앞,202106,1133
강서구,2744.강서세무서 앞,202106,3520
강서구,2745.수명초등학교,202106,1082
강서구,2746.수명산파크 4단지 411동 앞,202106,1347
강서구,3753. 공항중학교 버스정류장,202106,710
강서구,3754. 신방화역 8번출구,202106,2005
강서구,3755. 어위쉬예다인오피스텔,202106,1646
강서구,3756. 마곡힐스테이트 정문,202106,1467
강서구,3759. 서울이대병원,202106,1901
강서구,3760. 발산역 8번 출구,202106,1532
강서구,3761. 나이아가라관광호텔,202106,553
강서구,3762. 마곡9단지 907동앞,202106,516
강서구,3763. 등촌태영아파트,202106,1089
강서구,3764. 관문주유소(GS칼택스) 앞,202106,1529
강서구,3765. 문소빌딩,202106,424
강서구,3766. 강서문화센터,202106,209
강서구,3767. 대원빌딩,202106,773
강서구,3769. 가양동 이마트 앞,202106,2841
강서구,3770. 남부순환로 205,202106,559
강서구,3772. 길성그랑프리텔아파트,202106,2464
강서구,3774. 마곡9단지 910동 상가앞,202106,735
강서구,3775. 가양오토갤러리,202106,1305
강서구,3776. 김포공항교차로,202106,613
강서구,3778. 김포공항입구 교차로,202106,2130
강서구,3779. 유광사여성병원,202106,1037
강서구,3780. 등촌서광아파트,202106,3671
강서구,3781. 강서아동복지센터,202106,89
강서구,3782. 겸재정선미술관,202106,1237
강서구,3783. 마곡금호어울림아파트,202106,1211
강서구,3784. 벽산아파트,202106,2232
강서구,3785. 마곡14단지 1408동앞,202106,858
강서구,3786. 강서힐스테이트 상가 앞,202106,954
강서구,3787. 가양나들목,202106,1310
강서구,3788. 정곡나들목,202106,2578
강서구,3789. 염창나들목,202106,3269
강서구,3792. 화곡본동시장 입구,202106,816
강서구,3793. 더리브골드타워,202106,963
강서구,3794. 안양천합수부(현대3차아파트),202106,2031
강서구,3795. 공항신성빌딩 앞,202106,822
강서구,3796. 송정역 3번출구 앞,202106,1913
강서구,3797. 마곡수명산파크7단지 710동 앞,202106,697
강서구,3798. 그랜드아이파크아파트 앞,202106,4031
강서구,3799. 국립항공박물관,202106,391
강서구,3801. 이랜드글로벌R&D센터,202106,285
관악구,2102. 봉림교 교통섬,202106,11174
관악구,2103. 신림동 우방아파트,202106,2429
관악구,2104. 사당역 5번출구,202106,1772
관악구,2105. 미성동 신림체육센터,202106,1734
관악구,2106. 난곡 새마을금고,202106,2211
관악구,2107. 도림천 신화교,202106,3843
관악구,2108. 은천치안센터,202106,1730
관악구,2109. 은천로입구 가로공원,202106,4133
관악구,2110. 조원동 미성아파트,202106,377
관악구,2111. 서울대입구역 1번출구,202106,1224
관악구,2112. 서울대입구역 마에스트로,202106,1340
관악구,2113. 관악동작견인차량보관소,202106,3997
관악구,2115. 관악농협농산물백화점,202106,1656
관악구,2116. 에이스에이존빌딩,202106,1137
관악구,2119. 중앙동 동진빌딩,202106,1404
관악구,2122. 낙성대로 입구,202106,977
관악구,2127. 보성운수차고지 맞은편,202106,758
관악구,2128. 관악구청교차로,202106,912
관악구,2129. 낙성대 과학전시관,202106,524
관악구,2130. 영어마을 관악캠프,202106,370
관악구,2135. 신림역 5번출구,202106,2116
관악구,2136. 신림역 8번출구,202106,3764
관악구,2137. KT&G 관악지점,202106,619
관악구,2139. 서울신성초등학교,202106,870
관악구,2140. 신림1교 교차로,202106,2679
관악구,2141. 미림여고입구 교차로,202106,203
관악구,2143. 서울산업정보학교,202106,423
관악구,2144. 난우길입구,202106,862
관악구,2145. 은천초등학교 육교,202106,944
관악구,2148. 낙성대역 3번출구 뒤,202106,1091
관악구,2156. 농협 관악문성지점,202106,1341
관악구,2159. 인헌초교,202106,496
관악구,2164. 관악우체국,202106,1486
관악구,2165. JK장평타워,202106,520
관악구,2167. 낙성대역 1번출구,202106,829
관악구,2169. 봉천역 2번출구,202106,1696
관악구,2170. 조원동서울본병원,202106,1487
관악구,2171. 서울대입구역 5번출구,202106,2040
관악구,2172. 나들목공원,202106,799
관악구,2173. 당곡사거리,202106,5908
관악구,2174. 삼성디지털프라자관악점,202106,1211
관악구,2175. 신림동걷고싶은문화의거리입구,202106,1762
관악구,2176. 보라매공원 보도육교,202106,3127
관악구,2177. 신대방역 2번 출구,202106,8125
관악구,2178. 서울대학교 정문,202106,725
관악구,2179. 양녕로 입구,202106,1802
관악구,2183. 동방1교,202106,6537
관악구,2184. 구암초등학교 버스정류장,202106,330
관악구,2185. 대학동 고시촌,202106,1242
관악구,2186.우리은행 낙성대역지점,202106,725
관악구,2187.현대시장사거리(신한은행),202106,1365
관악구,2189.삼성서비스센터(관악점),202106,1430
관악구,2190.도원맨션,202106,680
관악구,2191.대학동주민센터,202106,1038
관악구,2195.은천교회,202106,914
관악구,2196.삼화페인트 봉천점,202106,724
관악구,2198.사랑의병원,202106,794
관악구,2199.신봉천주유소,202106,106
관악구,3306.서울신우초등학교,202106,181
관악구,3307.봉천고개 육교,202106,346
관악구,3310.영락고등학교,202106,725
관악구,3311.서울대입구역 4번 출구,202106,737
관악구,3802. 관악구민체육센터,202106,131
관악구,3803. 세븐일레븐 신림점,202106,1641
관악구,3804. 낙성대공원,202106,317
관악구,3806. 낙성대 교수아파트,202106,297
관악구,3807. 관악우체국 교차로,202106,556
관악구,3810. 신봉천주유소,202106,207
관악구,3811.신사로입구,202106,14
관악구,3812. KT관악지점,202106,505
광진구,3500. 군자역2번출구,202106,2922
광진구,3501. 광진구청 앞,202106,3250
광진구,3502. 중곡역 1번출구,202106,852
광진구,3503. 광진유진스웰,202106,177
광진구,3504. 원일교회,202106,1967
광진구,3505. 신양초교앞 교차로,202106,977
광진구,3506. 영동대교 북단,202106,1901
광진구,3507. 어린이회관,202106,842
광진구,3508. 화양사거리,202106,906
광진구,3509. 세종사이버대학교,202106,2939
광진구,3510. 중곡SK아파트앞,202106,924
광진구,3516. 구의아리수정수센터앞,202106,789
광진구,3517. 용마사거리,202106,2508
광진구,3518. 군자역 7번출구뒤,202106,4001
광진구,3520. 광진경찰서,202106,2705
광진구,3521. 현대홈타운 뒷길,202106,413
광진구,3523. 건국대학교 과학관(이과대) 앞,202106,858
광진구,3524. 세종대학교,202106,173
광진구,3528. 광진정보도서관,202106,979
광진구,3529. 어린이대공원정문,202106,806
광진구,3533. 건대입구역 사거리(롯데백화점),202106,6993
광진구,3534. 건대입구역 5번출구 뒤,202106,2698
광진구,3535. 중곡사거리(국민은행),202106,1113
광진구,3536. 중앙농협(자양동),202106,2490
광진구,3537. 아차산 휴먼시아 아파트 옆,202106,681
광진구,3541. 커먼그라운드,202106,2734
광진구,3542. 래미안 구의파크 스위트,202106,2029
광진구,3543. 세종대학교(학술정보원),202106,404
광진구,3563.구의7단지현대아파트,202106,189
광진구,3564.나루마당,202106,182
광진구,3566.우성4차아파트,202106,2112
광진구,3569.건대병원후문,202106,3724
광진구,3570.구의역 리버비스타 오피스텔,202106,2799
광진구,3571.화양 APT(횡단보도 옆),202106,3533
광진구,3573.광나루안전체험관,202106,1490
광진구,3575.자양사거리 (LG 유플러스),202106,2725
광진구,3578.중곡동 파크웨이빌딩,202106,1567
광진구,3579.광진 캠퍼스시티,202106,3090
광진구,3581.광진광장,202106,972
광진구,3582.화양동 우체국,202106,1645
광진구,3586.군자역 비채온 오피스텔,202106,1964
광진구,3587.우성식품 앞,202106,1278
광진구,3588.세종대학교(영실관),202106,701
광진구,3853. 어린이대공원역 2번출구,202106,387
광진구,3860. 건국대학교 정문 앞,202106,1186
광진구,3863. 동일로58길 입구,202106,663
광진구,3864. 광진소방서 앞,202106,781
광진구,3865. 이튼타워리버 2차,202106,1264
광진구,3868. 자양한강도서관,202106,1194
광진구,3873. 동서울우편집중국 앞,202106,641
광진구,3878. 장로회신학대학교 주기철 기념관,202106,60
광진구,3879. 중랑천 뚝방길 산책로 입구,202106,683
광진구,3880. 홍련봉 공원,202106,263
광진구,500. 어린이대공원역 3번출구 앞,202106,2113
광진구,501. 광진구의회 앞,202106,1812
광진구,502. 뚝섬유원지역 1번출구 앞,202106,15061
광진구,505. 자양사거리 광진아크로텔 앞,202106,2909
광진구,515. 광양중학교 앞,202106,1552
광진구,516. 광진메디칼 앞,202106,1581
광진구,539. 군자교교차로,202106,2471
광진구,540. 군자역 7번출구 베스트샵 앞,202106,2204
광진구,542. 강변역 4번출구 뒤,202106,2244
광진구,543. 구의공원(테크노마트 앞),202106,1541
광진구,544. 광남중학교,202106,1382
광진구,546. 잠실대교북단 교차로,202106,1567
광진구,548. 자양나들목,202106,3243
광진구,549. 아차산역 3번출구,202106,2933
광진구,551. 구의삼성쉐르빌 앞,202106,2891
광진구,552. 대림아크로리버 앞,202106,862
광진구,553. 중곡 성원APT 앞,202106,1609
광진구,555. 구의3동주민센터,202106,523
광진구,571. 어린이대공원역6번출구,202106,850
광진구,572. 국립정신 건강센터 앞,202106,715
광진구,573. 구의문주차장 앞,202106,1728
광진구,574. 아차산역4번출구,202106,2657
광진구,575. 중앙농협 중곡지점,202106,682
광진구,576. 광나루역 3번 출구,202106,2224
광진구,577. 광진청소년수련관,202106,1956
광진구,584. 광진광장 교통섬,202106,2260
광진구,588. 뚝섬 유원지역,202106,2348
광진구,590. 건국대학교 (입학정보관),202106,1564
광진구,591. 건국대학교 (행정관),202106,386
광진구,592. 건국대학교 학생회관,202106,1524
광진구,593.자양중앙나들목,202106,2540
구로구,1901. 신도림동주민센터 앞,202106,1955
구로구,1904. 도림천역 1번 출구 앞,202106,2427
구로구,1906. 신도림역 1번 출구 앞,202106,6525
구로구,1907. 구일우성(아) 육교 밑,202106,1439
구로구,1908. 해원리바파크 육교 밑,202106,1651
구로구,1910. 낙원교회 맞은편,202106,452
구로구,1911. 구로디지털단지역 앞,202106,4822
구로구,1912. 한신휴아파트 앞,202106,2170
구로구,1913. 구로리공원,202106,1504
구로구,1914. 대림역4번출구,202106,2813
구로구,1916. 구로중학교앞,202106,700
구로구,1920. 서울미래초등학교 사거리,202106,1581
구로구,1924. 삼부르네상스파크빌,202106,759
구로구,1925. 동양미래대학교 정문 옆,202106,4698
구로구,1928. 고척스카이돔구장 광장,202106,1153
구로구,1929. 고척근린공원 고척도서관 앞,202106,1231
구로구,1930. 개봉지구대 개봉치안센터,202106,1391
구로구,1931. 개봉역(북측광장),202106,1768
구로구,1933. 개봉푸르지오아파트 상가,202106,1687
구로구,1936. 개봉역 1번 출구 자전거보관서쪽,202106,1042
구로구,1937. 한진아파트 입구,202106,1398
구로구,1941. 오류동역 2번출구,202106,1659
구로구,1943. 온수역 북측,202106,563
구로구,1946. 구로역 광장,202106,3064
구로구,1951. 천왕이펜하우스 4단지 상가 앞,202106,229
구로구,1952. 천왕연지타운2단지 앞,202106,1627
구로구,1953. 천왕역 4번출구 뒤,202106,1271
구로구,1955. 디지털입구 교차로,202106,3550
구로구,1956. 도야미리숯불갈비 앞,202106,1792
구로구,1957. 구일고등학교 정문,202106,1826
구로구,1958. 강서수도사업소민원센터,202106,1702
구로구,1959. 구로구의회 앞,202106,1445
구로구,1960. 화광신문사 앞,202106,1889
구로구,1961. 신도림테크노근린공원,202106,4418
구로구,1962. 가리봉동주민센터,202106,1615
구로구,1964. 원메디타운 앞,202106,1394
구로구,1965. 삼환로즈빌아파트 105동 옆,202106,1169
구로구,1966. 한마을아파트 정문상가,202106,1564
구로구,1967. 참새공원(백곡경노당),202106,451
구로구,1968. 동인오피스텔 건너편 소공원,202106,453
구로구,1969. 궁동생태공원,202106,262
구로구,1971. 오정초교 앞 보도육교,202106,440
구로구,1973. 오리로와 서해안도로 교차로 앞,202106,744
구로구,1974. 신도림2차e편한세상아파트 203동 앞,202106,1486
구로구,1975. 대림역 1번 출입구 밑,202106,1427
구로구,1976. 남구로역 5번 출입구 앞,202106,505
구로구,1977. 천왕역 1번 출입구 앞,202106,2212
구로구,1979. 구로1동우체국 앞,202106,317
구로구,1981. 천왕이펜하우스5단지 앞,202106,910
구로구,1983. 구로동롯데아파트,202106,1680
구로구,1984. 구로구청,202106,1436
구로구,1985. 구로도서관,202106,3842
구로구,1986. 태평양물산빌딩,202106,3349
구로구,1987. 개봉아이파크아파트 앞,202106,1584
구로구,1988. 고척LIGA아파트 앞,202106,2434
구로구,1991. 오류동역 맞은편,202106,2131
구로구,1992. 구로구배드민턴실내체육관 앞,202106,432
구로구,1993. 금강수목원아파트 앞,202106,707
구로구,1994. 삼성전자 물류센터 앞,202106,1350
구로구,1996. 구일역 1번 출입구 앞,202106,3306
구로구,1998. 고척교 교차로,202106,897
구로구,1999. 수궁동 성당 주변,202106,491
구로구,2000. 신도림4차 e편한세상 아파트 1109동 앞,202106,2034
구로구,2801. 대륭포스트타워1차,202106,2447
구로구,2804.항동지구 6단지 602동 앞,202106,431
구로구,2805.구로자원순환센터,202106,162
구로구,2806.항동지구 4단지 입구,202106,210
구로구,2807.항동지구 1단지 105동 앞,202106,387
구로구,2808.항동지구 2단지 202동 앞,202106,387
구로구,2809.항동지구 11단지 1103동 앞,202106,264
구로구,2810.항동지구 3단지 311동 앞,202106,152
구로구,2812.항동프라자,202106,441
구로구,2813.항동지구 3단지 302동 앞,202106,189
구로구,2814.항동지구 10단지 1001동 앞,202106,345
구로구,2815.항동지구 7단지 정문,202106,534
구로구,2816.항동지구 8단지 803동옆(주차장입구),202106,170
구로구,2817.천왕이펜하우스5단지 앞,202106,356
구로구,2818.천왕이펜하우스3단지 앞,202106,378
구로구,2819.하늘숲초등학교 앞,202106,690
구로구,2820.신세기아파트 앞,202106,935
구로구,2821.청구아파트 앞,202106,1611
구로구,2822.제니스스포츠 앞,202106,480
구로구,2823.중앙유통단지 앞,202106,1154
구로구,2824.미래사랑어린이공원 앞,202106,2679
구로구,2825.초롱타운 앞,202106,421
구로구,2826.가마산지하보도 옆,202106,469
구로구,3902. 항동지구5단지 501동 앞,202106,403
구로구,3903. 현대아파트 앞,202106,655
구로구,3904. 테크노마트 앞,202106,2465
구로구,3905. 희훈타워빌 앞,202106,1904
구로구,3906. 천왕차량사업소 입구,202106,567
구로구,3907. 신도림7차e편한세상아파트 806동 앞,202106,482
구로구,3910. 목양전원교회 앞 로터리,202106,98
구로구,3911. 항동하버리안2단지아파트 후문,202106,60
금천구,1804. 독산역 2번출구 자전거주차장,202106,1619
금천구,1805. 서울디지털운동장 앞,202106,1015
금천구,1806. 에이스하이엔드타워9차 앞,202106,1108
금천구,1808. 에이스하이엔드타워8차 앞,202106,1030
금천구,1809. LG전자 별관동(호서대 벤처타워 맞은편),202106,741
금천구,1812. 갑을그레이트밸리 앞,202106,1070
금천구,1814. 두산위브아파트 옆 상가건물 앞,202106,1153
금천구,1816. 금천폭포공원 앞,202106,306
금천구,1819. 금천구청 앞 자전거거치대,202106,822
금천구,1820. 신한은행 시흥대로금융센터지점,202106,377
금천구,1821. 홈플러스 시흥점 맞은편 다비치안경 앞,202106,1024
금천구,1822. 서울 시흥동우체국 앞,202106,885
금천구,1823. 상신정비공업 앞,202106,425
금천구,1824. 독산근린공원 입구,202106,2246
금천구,1825. 한신아파트 앞 육교 아래,202106,663
금천구,1826. 한신코아 앞,202106,574
금천구,1827. 독산보도육교 앞 자전거 보관소,202106,3368
금천구,1828. 한양수자인아파트 앞,202106,965
금천구,1829. 홈플러스 금천점 앞,202106,1104
금천구,1830. 빅마켓 금천점 앞,202106,1649
금천구,1831. 메이퀸웨딩컨벤션 앞,202106,850
금천구,1833. 독산역 1번출구 앞 자전거보관소,202106,1186
금천구,1834. 월드메르디앙 벤처센터 2차,202106,2542
금천구,1835. STX V타워,202106,1001
금천구,1836. 금천구립 독산도서관,202106,288
금천구,1839. 수출의 다리 아래,202106,822
금천구,1840. 솔브레인이엔지 뒤편,202106,368
금천구,1841. 가산동 주민센터,202106,1913
금천구,1842. 한울중학교,202106,701
금천구,1843. 독산고등학교,202106,552
금천구,1845. 롯데캐슬골드파크1차 서문,202106,851
금천구,1846. 롯데캐슬골드파크1차 동문,202106,947
금천구,1847. 독산주공 14단지 버스정류소,202106,361
금천구,1848. 벽산 디지털밸리 5차,202106,1618
금천구,1849. 대륭포스트타워5차,202106,514
금천구,1850. 코오롱테크노밸리,202106,276
금천구,1851. 가산디지털단지 7번출구,202106,2610
금천구,1852. 혜명양로원 담장 옆,202106,519
금천구,1853. 서울디자인직업전문학교 앞,202106,456
금천구,1854. 가산아네스트 오피스텔 앞,202106,874
금천구,1855. 성지아파트 옆 도로변,202106,214
금천구,1856. 모두의학교,202106,1152
금천구,1857. 주공14단지,202106,433
금천구,1858. 석수역1번출구 앞 (SK주유소),202106,574
금천구,1859. 대륭테크노타운 18차,202106,815
금천구,1861.IBK기업은행 석수역 지점 앞,202106,209
금천구,1862.스타즈호텔독산 빌딩 앞,202106,1129
금천구,1863.위너스 스포츠클럽 골프연습장옆,202106,326
금천구,1864.산호시티빌 옆,202106,241
금천구,1865.금천구청앞(M빌딩),202106,375
금천구,1866.서울안천초등학교 옆,202106,355
금천구,1867.대륭포스트타워6차 앞,202106,3452
금천구,1868.우리은행 시흥남자동화점 앞,202106,640
금천구,1869.롯데캐슬골드파크3차 301동 앞,202106,869
금천구,1870.독산3동주민센터 앞,202106,660
금천구,3956. 대륭테크노타운21차 앞,202106,916
금천구,3958. 롯데캐슬2차 마을버스 정류장(18804) 뒤편,202106,717
금천구,3959. 시흥사거리(시흥동 994-3 앞),202106,1006
금천구,3963. 에이스 하드웨어(시흥대로 396) 앞,202106,1045
금천구,3966. 독산역1번출구 옆,202106,1628
노원구,1602. 광운대역 앞,202106,2000
노원구,1605. 헬스케어,202106,1918
노원구,1606. 태릉입구역 3번출구,202106,1394
노원구,1608. 공릉역 1번 출구 앞,202106,5088
노원구,1610. 화랑대역 2번출구 앞,202106,3985
노원구,1611. 과기대 입구(우),202106,4470
노원구,1616. 하계2동 공항버스정류장 옆,202106,2339
노원구,1617. 하계동 중평어린이공원 앞,202106,2546
노원구,1619. 중계동 하나프라자빌딩 앞(중1-1),202106,2256
노원구,1620. 중계동 노원구민체육센터 옆(중1-2),202106,1676
노원구,1625. 상계역(4번출구),202106,5083
노원구,1627. 수락산역 4번출구,202106,1525
노원구,1628. 노일초등학교 앞,202106,1000
노원구,1630. 수연빌딩 앞,202106,1404
노원구,1634. 당고개공원 대여소,202106,1077
노원구,1635. 상계3.4동 주민센터 대여소,202106,441
노원구,1636. 백병원 사거리 농협은행 앞,202106,3762
노원구,1637. KT 노원점 건물 앞,202106,4911
노원구,1639. 희성오피앙,202106,1961
노원구,1640. 한내근린공원 북측,202106,1375
노원구,1641. 한내근린공원 남측,202106,937
노원구,1642. 서울여대 남문,202106,1494
노원구,1643. 태릉입구역 8번출구,202106,3332
노원구,1646. 삼육대 입구,202106,755
노원구,1650. 중계근린공원내,202106,3355
노원구,1651. 맥도날드 상계점 앞,202106,1231
노원구,1652. 파르코 앞,202106,513
노원구,1653. 노원역1번출구,202106,4840
노원구,1654. 당고개입구 오거리,202106,966
노원구,1655. 공릉1단지아파트,202106,3095
노원구,1656. 중앙하이츠 아파트 입구,202106,2376
노원구,1657. 노원구청,202106,1912
노원구,1659. 중계동 을지중학교,202106,881
노원구,1660. 서울시립과학관,202106,713
노원구,1661. 당현천근린공원,202106,2129
노원구,1662. 노원역7번출구,202106,2726
노원구,1663. 동해문화예술관앞,202106,2637
노원구,1664. 노해근린공원내,202106,582
노원구,1665. 양지근린공원앞,202106,1384
노원구,1666. 노원소방서인근,202106,1595
노원구,1667. 중계중학교,202106,2047
노원구,1668. 중계역 6번출구,202106,2586
노원구,1669. 중계역 3번출구,202106,2561
노원구,1670. 노원경찰서교차로,202106,1871
노원구,1671. 인덕대학교,202106,1049
노원구,1672. 상계동수락리버시티,202106,762
노원구,1674. 서울북부고용센터앞,202106,3616
노원구,1675. 월계문화체육센터,202106,160
노원구,1677. 육군사관학교 앞,202106,774
노원구,1678. 성서대학교 밀알관,202106,463
노원구,1679. 삼육대 도서관,202106,257
노원구,1680. 삼육대 제3과학관,202106,93
노원구,1681. 현대6차 아파트,202106,1440
노원구,1682. 중계종합사회복지관 교차로,202106,1416
노원구,1683. 노원문화예술회관,202106,2067
노원구,1684. 태릉입구역 5번출구,202106,3560
노원구,1685. 불암고등학교 앞 횡단보도,202106,1174
노원구,1686. 온수골사거리(스타벅스앞),202106,3051
노원구,1688. 마들역 7번출구,202106,2496
노원구,1689. 마들역 3번출구,202106,1918
노원구,1690. 도봉운전면허시험장,202106,1828
노원구,1691. 노원정보도서관,202106,1593
노원구,1692. 온곡초교 교차로,202106,1445
노원구,1693. 원자력 병원,202106,600
노원구,1695.월계미륭아파트 정문,202106,1005
노원구,1696.수락리버시티4단지,202106,750
노원구,1697.상계주공2단지 219동,202106,1257
노원구,1700.상계보람아파트 202동,202106,1406
노원구,2901.공릉동풍림아파트 101동,202106,1131
노원구,2902.공릉풍림아파트 108동,202106,1234
노원구,2903.월계초안아파트 1단지,202106,785
노원구,2904.중계3차청구아파트,202106,1264
노원구,2905.중계주공6단지,202106,922
노원구,2907. 월계중학교,202106,529
노원구,2908. 광운대학교 중앙도서관,202106,1655
노원구,2909. 석계역 3번 출구,202106,2309
노원구,2910.도깨비시장,202106,2888
노원구,2911.상계역중앙시장,202106,1069
노원구,2912.대진고등학교,202106,2224
노원구,2913.상계8동 주민센터,202106,2266
노원구,2914.서울과학기술대학교(미래관),202106,780
노원구,2915.서울과학기술대학교(어학교육원),202106,2349
노원구,2917.신창중학교 후문 맞은편 버스정류장,202106,1535
노원구,2919.등나무 근린공원(시립북서울미술관 앞),202106,3962
노원구,2920.상계중학교(당현2교사거리),202106,1163
노원구,2921.중계역 2번출구,202106,2461
노원구,4002. 상계주공 14단지 상가 앞,202106,883
노원구,4003. 스타벅스 상계초교사거리점,202106,1887
노원구,4004. 당고개입구오거리 당현천변,202106,1414
노원구,4005. 중계2차 한화꿈에그린 101동 인근,202106,1126
노원구,4007. 노원 을지대학교 병원,202106,2132
노원구,4008. 하계 어린이 공원,202106,1621
노원구,4009. 월계프라자,202106,742
노원구,4011. 월계 센트럴 아이파크,202106,1224
노원구,4013. 중계 롯데마트,202106,1739
노원구,4014. 당고개역 3번 출구,202106,1112
노원구,4016. 노원 마들스타디움,202106,884
노원구,4017. 월계 청백1단지 아파트 정류장,202106,511
노원구,4018. 상계주공15단지 버스정류소,202106,1402
노원구,4019. 상계주공10단지 버스정류소,202106,1560
노원구,4020. 중계동 성모빌딩 앞,202106,1533
노원구,4021. 중계본동 입구,202106,337
노원구,4023. 월계역 1번 출구,202106,820
노원구,4024. 꿈의숲 SK뷰 아파트,202106,1571
노원구,4025. 한천교 동편,202106,1440
노원구,4026. 상계주공1단지아파트,202106,1144
노원구,4027. 이마트 월계점,202106,2923
노원구,4028. 한일유앤아이아파트 105동 인근,202106,1536
노원구,4029. 청소년수련관 후문,202106,2740
노원구,4031. 청암예술학교 앞,202106,1176
노원구,4032. 은행사거리(불암주유소 앞),202106,1138
노원구,4033. 녹천 자동차운전 전문학원 (녹천역 4번 출구),202106,681
노원구,4034. 상계근린공원 운동장 앞,202106,886
노원구,4035. 수락 행복발전소 앞,202106,362
노원구,4036. 하계역 6번출구,202106,1382
노원구,4037. 물넘이교,202106,861
노원구,4038. 상계주공9단지 버스정류소,202106,392
도봉구,1702. 녹천역 1번출구 앞,202106,766
도봉구,1703. 도봉산광역환승센터앞,202106,476
도봉구,1705. 도봉구청 정문앞,202106,1807
도봉구,1706. 기업은행 앞,202106,818
도봉구,1707. 도봉구민회관,202106,1651
도봉구,1708. 보건소사거리(다비치안경창동점),202106,2094
도봉구,1709. 쌍문역4번출구 주변,202106,1350
도봉구,1713. 쌍문동 이안아파트 앞,202106,573
도봉구,1714. 도봉문화정보도서관 삼거리,202106,471
도봉구,1715. 서울특별시교육청도봉도서관,202106,1149
도봉구,1716. 하나로마트 창동점,202106,1608
도봉구,1717. 시립창동운동장 입구,202106,515
도봉구,1719. 신도봉사거리 버스정류장,202106,904
도봉구,1720. 도봉구청 옆(중랑천변),202106,2459
도봉구,1721. 창동역 2번출구,202106,3677
도봉구,1722. 창동청소년수련관,202106,1284
도봉구,1723. 방학동학마을도서관,202106,587
도봉구,1725. 창1동주민센터,202106,586
도봉구,1726. 삼익세라믹아파트교차로,202106,1415
도봉구,1727. 서울도봉초등학교인근,202106,655
도봉구,1728. 서울북부지방법원,202106,344
도봉구,1729. 파리바게트앞,202106,923
도봉구,1730. 도봉산역 교차로 앞,202106,288
도봉구,1731. 도봉고등학교 맞은편,202106,452
도봉구,1732. 우리은행 앞,202106,715
도봉구,1733. 방학사거리 (봄마당 앞),202106,1337
도봉구,1734. 쌍문현대1차아파트 108동 앞,202106,1249
도봉구,"1735. 도봉역 1,2번 출구사이 건너편",202106,1226
도봉구,1736. 버스정류장 앞,202106,806
도봉구,1737. 하나은행 (창동점),202106,2473
도봉구,1738. 창동주공17단지 상가앞,202106,2282
도봉구,1741. 제일강산수산입구,202106,2712
도봉구,1742. 북한산 코오롱 하늘채,202106,2144
도봉구,1743.창동19단지아파트 관리사무소앞,202106,1471
도봉구,1744.KT방학지사 앞,202106,1252
도봉구,1746. 다이소방학점 앞,202106,865
도봉구,1748. 피자헛 앞(도봉병원 옆),202106,928
도봉구,1749. ESA아파트 상가 앞,202106,1435
도봉구,1750. 창포원 남쪽 입구,202106,1121
도봉구,1751. 창원초등학교 교차로,202106,894
도봉구,1752. 창동 주공 4단지 입구 옆,202106,1071
도봉구,1754. 창동시장입구 사거리,202106,1243
도봉구,1756.서울북부광역등기국,202106,323
도봉구,1757.솔밭공원역 1번출구 앞,202106,609
도봉구,1758.북서울교회 버스정류소 앞,202106,831
도봉구,1759.서울북부지방법원 앞,202106,576
도봉구,1761.방학중학교 앞,202106,591
도봉구,1762.북한산 한신휴플러스APT앞,202106,1921
도봉구,1765.쌍문역 1번 출구(양산부인과 빌딩),202106,1584
도봉구,1767.태양중앙교회 앞,202106,1991
도봉구,1768.신동아타워 버스정류소,202106,808
도봉구,1770.도봉한신아파트 주변,202106,942
도봉구,1771.성원APT버스정류소,202106,1272
도봉구,1772.시립도봉노인복지관 버스정류소,202106,900
도봉구,1774.반석교회(쌍문동),202106,728
도봉구,1775.신원리베르텔 앞,202106,1187
도봉구,4054. KT프라자도봉점 맞은편,202106,779
도봉구,4058. 다락원체육공원 전망대 입구,202106,549
도봉구,4062. 평화도봉공원 주변,202106,1244
도봉구,4064. 신창아파트 입구 앞,202106,471
도봉구,4065. 창동역 1번출구 앞,202106,2439
도봉구,4073.방아골종합사회복지관,202106,684
도봉구,4074. 도봉구육아종합지원센터(창동),202106,667
도봉구,4075. 신동아아파트 교차로,202106,105
도봉구,4076. 진영상운 앞 중랑천 변,202106,2991
도봉구,4077. 도봉제1교,202106,2040
도봉구,4078. 원당공원 앞,202106,502
동대문구,4102. 휘경1동주민센터 앞,202106,1206
동대문구,4103. 휘경sk뷰아파트 앞,202106,672
동대문구,4104. 외대앞역 교차로,202106,1749
동대문구,4105. 하나은행 장안동지점앞,202106,987
동대문구,4107. 장안동근린공원 입구,202106,796
동대문구,4108. 답십리파크자이아파트 앞,202106,1595
동대문구,4110. 용두롯데캐슬리치아파트 앞,202106,802
동대문구,4112. 신이문빗물펌프장 옆,202106,372
동대문구,4113. 한국국방연구원 앞,202106,1413
동대문구,4114. 휘경여중고삼거리,202106,1483
동대문구,4116. 이문e편한세상아파트 앞,202106,622
동대문구,4117. 휘경119안전센터 앞,202106,1197
동대문구,4121. 서울문화재단 앞,202106,2017
동대문구,4122. 청계9가교차로 앞,202106,1698
동대문구,4123. 배봉초교 교차로,202106,1199
동대문구,600. 휘경2동 주민센터,202106,353
동대문구,601. 용신동주민센터,202106,907
동대문구,602. 장안동 사거리,202106,4585
동대문구,604. 답십리초등학교 옆 공원,202106,1103
동대문구,605. 신설동역8번출구,202106,1916
동대문구,606. 휘경공고앞,202106,623
동대문구,607. 신이문역 2번출구,202106,723
동대문구,608. 전농삼성아파트,202106,255
동대문구,609. 제기2교,202106,2356
동대문구,610. 동대문중 교차로,202106,1087
동대문구,612. 시립동부병원 앞 사거리,202106,2672
동대문구,613. 신설동역 10번출구 앞,202106,2562
동대문구,614. 용두동 사거리,202106,2450
동대문구,615. 용두동 래미안허브리츠아파트 앞,202106,1770
동대문구,616. 서울시립대 앞,202106,289
동대문구,617. 청솔우성아파트 앞,202106,1406
동대문구,621. 동대문중학교 옆,202106,457
동대문구,622. 전농사거리 교통섬,202106,1269
동대문구,623. 서울시립대 정문 앞,202106,1949
동대문구,624. 전농동 동아아파트 앞,202106,1779
동대문구,625. 답십리초등학교 앞(현대시장 옆),202106,1317
동대문구,626. 군자교 서측 녹지대,202106,1813
동대문구,627. 장안동삼거리 교통섬,202106,1922
동대문구,628. 휘봉고등학교 앞,202106,847
동대문구,630. 동대문구 보건소,202106,2697
동대문구,631. 답십리역 1번출구,202106,3619
동대문구,633. 청량리 기업은행 앞,202106,1418
동대문구,634. 외국어대 정문 앞,202106,3505
동대문구,635. 시조사 앞 (청량고정문 옆),202106,2099
동대문구,636. 세종대왕기념관 교차로,202106,741
동대문구,637. KAIST 경영대학 앞,202106,1202
동대문구,638. 서울시립대 정보기술관,202106,684
동대문구,639. 서울시립대 후문,202106,953
동대문구,640. KEB하나은행 청량리역지점,202106,1135
동대문구,641. 용두역 4번출구,202106,2811
동대문구,642. 신답역 사거리,202106,1654
동대문구,643. 동대문구민체육센터 (육교아래),202106,2525
동대문구,646. 장한평역 1번출구 (국민은행앞),202106,5328
동대문구,647. 신이문역 1번출구,202106,782
동대문구,648. 장안동위더스빌옆,202106,3184
동대문구,650. 중랑교사거리,202106,1855
동대문구,652. 답십리 래미안엘파인아파트 입구,202106,732
동대문구,654. 전농동 텃골공원,202106,889
동대문구,656. 영휘원 교차로,202106,913
동대문구,657. 동대문롯데캐슬아파트 앞,202106,1450
동대문구,658. 촬영소 사거리,202106,1451
동대문구,659. 제기역1번출구,202106,2445
동대문구,660. 동의보감타워,202106,1934
동대문구,661. 경희대학교 청운관,202106,1384
동대문구,663. 외대앞역 4번출구,202106,1252
동대문구,664. 서울시립대 건설공학관,202106,583
동대문구,665.이문동 쌍용아파트 정문,202106,942
동대문구,666.이문대성유니드아파트 앞,202106,994
동대문구,667.청량차도 육교 밑,202106,637
동대문구,668.서울축산농협(장안지점),202106,3616
동대문구,669.청계한신휴플러스앞 삼거리,202106,1427
동대문구,670.삼육서울병원 버스정류장,202106,4206
동대문구,671.대광빌딩,202106,629
동대문구,672.대광고등학교,202106,1050
동대문구,673.안암골벽산아파트(후문),202106,1296
동대문구,674.고대앞사거리 교통섬,202106,1772
동대문구,675.성복교회 앞 (장평교 아래),202106,1828
동대문구,676.FITI시험연구원 앞,202106,907
동대문구,677.청량리역 4번 5번출구 사이,202106,2597
동대문구,678.장안힐스테이트(아) 앞,202106,2039
동대문구,679.전농SK아파트 앞,202106,439
동대문구,680.꿈마루어린이도서관 앞,202106,2688
동대문구,681.서울특별시 동부교육지원청(육교),202106,283
동작구,2002. 노들역 1번출구,202106,3478
동작구,2003. 사육신공원앞,202106,1711
동작구,2007. 유한양행앞,202106,1648
동작구,2008. 노량진근린공원 대방공원,202106,831
동작구,2009. 보라매역 8번출구,202106,1083
동작구,2012. 녹십초요양병원앞,202106,1013
동작구,2013. 장승배기역 5번출구,202106,2330
동작구,2015. 신대방삼거리역 6번출구쪽,202106,2911
동작구,2016. 신대방삼거리역 3번출구쪽,202106,1762
동작구,2020. 장승배기역2번출구뒷편쪽,202106,1039
동작구,2024. 상도역 1번출구,202106,817
동작구,2025. 흑석역 1번출구,202106,3545
동작구,2026. 흑석역 4번출구,202106,812
동작구,2027. 중앙대학교 정문 1,202106,619
동작구,2032. 이수역 11번출구쪽,202106,1612
동작구,2033. 사당동 아르테스 웨딩앞,202106,1346
동작구,2034. 사당역 7번출구쪽,202106,1243
동작구,2036. 정금마을 마을버스정류장,202106,710
동작구,2037. 동작역 5번출구 동작주차공원,202106,921
동작구,2038. 동작역 7번출구,202106,288
동작구,2040. 비계 버스정류소,202106,236
동작구,2041. 사당중학교 버스정류소,202106,486
동작구,2048. 삼일초등학교 인근,202106,587
동작구,2050. 노량진역 5번출구,202106,3634
동작구,2054. 삼익아파트,202106,1639
동작구,2056. 동작구민 체육센터,202106,1643
동작구,2057. 상도 아이파크 아파트,202106,836
동작구,2058. 노량진동 맥도널드앞,202106,2990
동작구,2059. 보라매공원 정문,202106,2316
동작구,2060. 남성역3번출구 뒤,202106,1852
동작구,2061. 한강 현대아파트 건너편,202106,208
동작구,2062. 사당새마을금고,202106,676
동작구,2063. 대방역 4번출구,202106,1302
동작구,2064. 흑석한강푸르지오 106동앞,202106,362
동작구,2065. 서울시여성가족재단,202106,497
동작구,2066. 양문교회 앞,202106,1670
동작구,2067. LG전자 베스트? 대리점 앞,202106,1572
동작구,2068. 총신대 앞(육교),202106,96
동작구,2069. 숭실대 입구역3번 출구 앞,202106,736
동작구,2070. 노량진역 2번 출구 앞,202106,2060
동작구,2071. 대림아파트 후문 상가 옆,202106,310
동작구,2076.노들나루공원 입구,202106,3491
동작구,2077.노들역 3번출구,202106,1361
동작구,2078.흑석 아크로리버하임(103동),202106,272
동작구,2079.중앙대학교 중앙광장,202106,243
동작구,2080.빕스 대방점 앞,202106,2152
동작구,2081.대방1차 e편한세상 앞,202106,712
동작구,2082.7호선 이수역7번출구,202106,941
동작구,2083.흑석롯데캐슬에듀포레(107동),202106,466
동작구,2084.e편한세상 상도노빌리티 앞,202106,1096
동작구,2085.강남중학교 앞,202106,1310
동작구,2086.삼일수영장 앞,202106,900
동작구,2088.상도중앙하이츠빌 입구,202106,542
동작구,2089.사당역10번출구(금강빌딩),202106,1139
동작구,2090.기아자동차 사당점 앞,202106,1120
동작구,2091.이수역9번출구(맥도날드),202106,1151
동작구,2092.흑석한강푸르지오(110동),202106,249
동작구,2093.상도SH빌아파트 입구,202106,185
동작구,2094.숭실대학교(중문),202106,69
동작구,2095.경문고등학교 앞,202106,781
동작구,2096.서울특별시 동작관악교육지원청,202106,128
동작구,237. 보라매 두산위브 건너편,202106,1900
동작구,4152. 상도효성해링턴플레이스,202106,589
동작구,4153. 흑석동효사정앞,202106,389
동작구,4158. 노량진근린공원,202106,189
동작구,4162. 노량진1동 청소년독서실,202106,390
동작구,4167. 구로교 아래,202106,689
동작구,4169. 신대방삼거리,202106,1389
동작구,4171. 우성아파트 앞,202106,649
동작구,4173. 이화약국 앞,202106,312
동작구,4175. 스페이스 살림 앞,202106,345
마포구,102. 망원역 1번출구 앞,202106,4609
마포구,103. 망원역 2번출구 앞,202106,4001
마포구,104. 합정역 1번출구 앞,202106,1933
마포구,105. 합정역 5번출구 앞,202106,1441
마포구,106. 합정역 7번출구 앞,202106,4392
마포구,107. 신한은행 서교동금융센터점 앞,202106,2538
마포구,108. 서교동 사거리,202106,2013
마포구,109. 제일빌딩 앞,202106,1936
마포구,111. 상수역 2번출구 앞,202106,1876
마포구,112. 극동방송국 앞,202106,1488
마포구,113. 홍대입구역 2번출구 앞,202106,4190
마포구,114. 홍대입구역 8번출구 앞,202106,3394
마포구,118. 광흥창역 2번출구 앞,202106,1004
마포구,119. 서강나루 공원,202106,2110
마포구,120. 신수동 사거리,202106,523
마포구,121. 마포소방서 앞,202106,1333
마포구,122. 신성기사식당 앞,202106,1234
마포구,124. 서강대 정문 건너편,202106,1525
마포구,125. 서강대 남문 옆,202106,712
마포구,126. 서강대 후문 옆,202106,2104
마포구,127. 현대벤처빌 앞,202106,398
마포구,129. 신촌역(2호선) 6번출구 옆,202106,1132
마포구,130. 신촌역(2호선) 7번출구 앞,202106,2261
마포구,142. 아현역 4번출구 앞,202106,745
마포구,143. 공덕역 2번출구,202106,1823
마포구,144. 공덕역 8번출구,202106,4484
마포구,145. 공덕역 5번출구,202106,1327
마포구,146. 마포역 2번출구 뒤,202106,3459
마포구,147. 마포역 4번출구 뒤,202106,3631
마포구,148. 용강동 주민센터 앞,202106,2324
마포구,150. 서강대역 2번출구 앞,202106,1042
마포구,152. 마포구민체육센터 앞,202106,10998
마포구,153. 성산2교 사거리,202106,2655
마포구,154. 마포구청역,202106,3249
마포구,155. 가좌역1 번출구 뒤,202106,1018
마포구,156. 서울서부지방법원 앞,202106,1106
마포구,157. 애오개역 4번출구 앞,202106,2188
마포구,181. 망원초록길 입구,202106,2387
마포구,182. 망원2빗물펌프장 앞,202106,2314
마포구,183. 하늘채코오롱아파트 건너편,202106,3156
마포구,184. SK망원동주유소 건너편,202106,2993
마포구,185. 마포 신수공원 앞,202106,1396
마포구,186. 월드컵공원,202106,3563
마포구,199. 서울 월드컵 경기장,202106,1292
마포구,3002.벽산상암스마트큐브,202106,3256
마포구,3003.래미안신공덕3차아파트,202106,154
마포구,3005.마포구청 청사내,202106,389
마포구,3006. 상암월드컵파크5단지(상암중학교),202106,445
마포구,3007.MBC 앞,202106,1479
마포구,3008.DMC역7번출구,202106,1090
마포구,3009.서교동사거리(신),202106,1979
마포구,3010.홍대입구역 3번출구,202106,4503
마포구,3011.경의선(노고산동),202106,1863
마포구,400. 상암한화오벨리스크 1차 앞,202106,1375
마포구,401. 상암월드컵파크 10단지 앞,202106,1055
마포구,402. 상암월드컵파크 9단지 앞,202106,894
마포구,403. 부엉이공원 앞,202106,899
마포구,405. DMC빌 앞,202106,657
마포구,406. 상암월드컵파크 7단지 앞,202106,923
마포구,407. 마포구 육아종합지원센터,202106,1043
마포구,408. LG CNS앞,202106,969
마포구,409. 누리꿈스퀘어 옆,202106,2749
마포구,410. 상암중학교 옆,202106,535
마포구,411. DMC홍보관,202106,1498
마포구,412. DMC산학협력연구센터 앞,202106,1594
마포구,413. 상암월드컵파크 3단지 후문,202106,840
마포구,414. 상암동주민센터 옆,202106,2193
마포구,415. DMC역 9번출구 앞,202106,3373
마포구,416. 상암월드컵파크 1단지 교차로,202106,1061
마포구,417. DMC역 2번출구 옆,202106,2535
마포구,418. 월드컵경기장역 3번출구 옆,202106,3488
마포구,419. 홈플러스 앞,202106,3085
마포구,420. 서울시 공공자전거 상암센터,202106,1639
마포구,4202. 프런트원(공덕역4번출구 앞),202106,779
마포구,4206. 광흥창역5번출구,202106,1266
마포구,4207. 아만티호텔 앞,202106,795
마포구,4208. 스타벅스(동교동) 앞,202106,393
마포구,421. 마포구청 앞,202106,2923
마포구,4210. 가좌행복주택 앞,202106,1359
마포구,4211. 시석빌딩 앞,202106,1002
마포구,4212. 한화오벨리스크 앞,202106,772
마포구,4213. 마포구중앙도서관 정문 앞,202106,1936
마포구,4214. JTBC 앞,202106,1135
마포구,422. 문화비축기지,202106,497
마포구,424. 롯데하이마트 (상암월드컵점),202106,684
마포구,425. DMC첨단산업센터,202106,827
마포구,426. 서울신용보증재단,202106,2163
마포구,427. 성산시영아파트,202106,1396
마포구,432. 마포중앙도서관,202106,287
마포구,436. 이대역 5번출구,202106,757
마포구,437. 대흥역 1번출구,202106,1288
마포구,438. 성산2-1 공영주차장,202106,2075
마포구,439. 마포어린이공원,202106,2979
마포구,440. 하늘공원 입구,202106,1265
마포구,487.신석초교앞 교차로 교통섬,202106,2011
마포구,488.푸르메병원,202106,1016
마포구,489.구룡근린공원,202106,413
마포구,490.가온문화공원,202106,1425
마포구,491.월드컵파크 4단지,202106,515
마포구,492.성산시영아파트 후문,202106,1552
마포구,493.홍대입구역 6번출구,202106,2246
마포구,494.신수동주민센터,202106,297
마포구,495.염리초등학교 앞,202106,1277
마포구,497.합정동주민센터 앞,202106,2543
마포구,498.연남동주민센터 앞,202106,3160
서대문구,115. 마스타 빌딩 앞,202106,1086
서대문구,116. 일진아이윌아파트 옆,202106,2238
서대문구,117. 홍은사거리,202106,3941
서대문구,123. 문화촌 공원,202106,2715
서대문구,128. 신촌역(2호선) 1번출구 옆,202106,1626
서대문구,131. 증산2교,202106,3064
서대문구,133. 해담는다리,202106,2693
서대문구,134. 연세로 명물길,202106,1185
서대문구,135. 명물길 원형무대 앞,202106,840
서대문구,137. NH농협 신촌지점 앞,202106,540
서대문구,138. 신촌동 제1공영주차장 앞,202106,835
서대문구,139. 연세대 정문 건너편,202106,420
서대문구,140. 이화여대 후문,202106,765
서대문구,141. 연대 대운동장 옆,202106,595
서대문구,158. 독립문 어린이 공원,202106,595
서대문구,159. 이대역 4번 출구,202106,343
서대문구,160. 북아현동 가구거리,202106,676
서대문구,161. 무악재역1번 출구,202106,197
서대문구,162. 봉원고가차도 밑,202106,750
서대문구,163. 명지전문대학교 정문 앞,202106,503
서대문구,164. 북가좌1동 주민센터,202106,555
서대문구,165. 중앙근린공원,202106,1587
서대문구,166. 가재울 초등학교,202106,1759
서대문구,167. 연가초등학교 옆,202106,621
서대문구,169. 북가좌 삼거리,202106,545
서대문구,170. 가재울 뉴타운 주유소 옆,202106,1543
서대문구,171. 임광빌딩 앞,202106,808
서대문구,173. 서대문역 8번출구 앞,202106,1019
서대문구,175. 홍연2교옆,202106,2807
서대문구,176. 명지대학교 도서관,202106,2048
서대문구,177. 북가좌 초등학교,202106,929
서대문구,178. 증산3교 앞,202106,1741
서대문구,179. 가좌역 4번출구 앞,202106,1786
서대문구,180. 충정로역 7번출구 아래,202106,1089
서대문구,188. 홍은동 정원여중 입구,202106,1127
서대문구,191. 서우빌딩(바른학원),202106,1123
서대문구,192. 연서어린이공원,202106,734
서대문구,194. 증산교 앞,202106,2474
서대문구,195. 모래내고가차도,202106,1105
서대문구,196. 연희교차로 인근,202106,491
서대문구,198. 충정2교,202106,1052
서대문구,3100. 북성초교,202106,467
서대문구,3101. 서대문구청,202106,1061
서대문구,3102. 연희삼거리,202106,1152
서대문구,3103. 홍제삼거리 북측,202106,1264
서대문구,3104. e편한세상 신촌4단지 앞,202106,969
서대문구,3105. 홍은센트레빌 아파트 앞,202106,460
서대문구,3107. 연희초등학교 앞,202106,754
서대문구,3109.북한산더? 106동 앞,202106,440
서대문구,3110.홍은 현대아이파크 아파트 202동 앞,202106,1022
서대문구,3111.무악재역 4번 출구,202106,470
서대문구,3113.독립문역사거리,202106,819
서대문구,3114.충정로역 3번 출구,202106,376
서대문구,3115.북아현 치안센터 인근,202106,1133
서대문구,3116.신촌역 4번출구,202106,863
서대문구,3117.이화여대 인문관 인근,202106,253
서대문구,3119.연희 브라운스톤 아파트 앞,202106,2003
서대문구,3120.DMC엘가아파트 앞,202106,1286
서대문구,3121.가좌삼거리,202106,1192
서대문구,3122.북가좌삼거리2,202106,824
서대문구,3123.DMC파크뷰자이1단지 110동 앞,202106,987
서대문구,3124.DMC센트럴아이파크아파트,202106,1798
서대문구,3125.연희파크푸르지오아파트 앞,202106,2126
서대문구,3126.남가좌동 제2공영주차장,202106,278
서대문구,3127.홍은2파출소 옆,202106,638
서대문구,3128.동신병원 맞은편,202106,1366
서대문구,3129.DMC래미안e편한세상203동옆,202106,953
서대문구,3130.가재울사거리,202106,1216
서대문구,3131.연가교 교차로,202106,1271
서대문구,3132.홍제교,202106,594
서대문구,3133.핀란드 타워앞,202106,308
서대문구,3134.SK리쳄블(상수도사업본부),202106,492
서대문구,4253. 홍은도담도서관,202106,605
서초구,2201. 본마을 정류소 앞,202106,199
서초구,2202.청계산입구역 1번출구,202106,1236
서초구,2203. 청계산입구역 2번출구,202106,234
서초구,2205. 내곡3단지 어린이공원 앞,202106,624
서초구,2206. 언남초등학교 앞,202106,1029
서초구,2207. 내곡파출소 뒤 정자,202106,161
서초구,2210. 반포1동 주민센터 앞,202106,346
서초구,2211. 서초구립반포도서관 앞,202106,1220
서초구,2212.서초현대4차아파트 201동 맞은편,202106,599
서초구,2213. 고속터미널역 5번출구 앞,202106,1036
서초구,2214. 신반포역 2번출구 앞,202106,1002
서초구,2215. 반포종합운동장 입구,202106,955
서초구,2217.아크로리버뷰 부지 앞,202106,2766
서초구,"2219. 고속터미널역 8-1번, 8-2번 출구 사이",202106,5447
서초구,2220. 반포본동 주민센터 앞,202106,3851
서초구,2221.하나은행 방배동지점 앞,202106,1411
서초구,2222.사당역 12번출구 뒤,202106,2312
서초구,2223. 방배래미안 정문 앞,202106,500
서초구,2225.백석예술대학교 제3캠퍼스 앞,202106,192
서초구,2226. 신동아럭스빌아파트 앞,202106,185
서초구,2227.방배열린문화센터 앞,202106,836
서초구,2228.뒷벌공원 옆,202106,1967
서초구,2229.로고스교회 맞은 편,202106,535
서초구,2230.이수역 4번 출구,202106,2176
서초구,2231. 삼성타운(삼성생명) A동 맞은편,202106,1635
서초구,2233. 서초신동아1차아파트 옆,202106,562
서초구,2235.KT 서초지사 앞,202106,368
서초구,2237.서울남부터미널 대합실 입구,202106,863
서초구,2239.교대역 6번출구,202106,764
서초구,2241.양재전화국 사거리,202106,304
서초구,2242.양재역 11번 출구 앞,202106,1141
서초구,2243.서울가정법원,202106,644
서초구,2244.교육개발원입구 교차로,202106,1399
서초구,2245.양재초등학교 맞은편,202106,977
서초구,2246. 서울시 품질시험소 앞,202106,677
서초구,2247.섬들근린공원,202106,1518
서초구,2248. 서초리슈빌S 글로벌 앞,202106,230
서초구,2249. 우솔초등학교 맞은편,202106,305
서초구,2250. 서초유치원 맞은편,202106,890
서초구,2251. 더케이호텔 입구(양재2),202106,1001
서초구,2252. 하이브랜드 앞,202106,1773
서초구,2255.시민의숲역 1번출구 옆,202106,2140
서초구,2256.양재동 꽃시장 입구,202106,415
서초구,2257. 하나로클럽 양재점 맞은편,202106,224
서초구,2258.구룡사 삼거리,202106,327
서초구,2259. 잠원역 3번-4번 출구사이,202106,985
서초구,2262. 한신16차아파트 119동 앞,202106,5046
서초구,2263. 바우뫼문화복지회관,202106,719
서초구,2264. 이수역 1번출구,202106,3450
서초구,2265. 이수고가차도 남단,202106,2186
서초구,2266. 서초역 3번출구,202106,1108
서초구,2268. 서초4동주민센터,202106,699
서초구,2269. 주홍교 하부,202106,266
서초구,2270. 서초포레스타 7단지,202106,446
서초구,2271. 내방역 8번출구 앞,202106,1068
서초구,2272. 교대입구 교차로,202106,367
서초구,2273. 일동제약 사거리,202106,1013
서초구,2274. 양재시민의숲역 3번출구,202106,1085
서초구,2275. 염곡치안센터 건너편,202106,119
서초구,2276. 영동1교 (양재천근린공원),202106,1058
서초구,2277. 길마중4교 하부,202106,1236
서초구,2279. 교대역 5번출구뒤,202106,1410
서초구,2280. 서울서초고용센터앞,202106,468
서초구,2281. 연세사랑병원신관앞,202106,600
서초구,2282. 방배래미안아트힐 101동앞,202106,215
서초구,2283. 그룹한빌딩옆,202106,224
서초구,2284. CJ오쇼핑앞,202106,152
서초구,2285. LH서초3단지 301동 맞은편,202106,625
서초구,2286. 탑성마을입구,202106,50
서초구,2287. 능안마을입구,202106,30
서초구,2288. 안골마을입구,202106,38
서초구,2289. 남태령역 2번출구,202106,139
서초구,2293. SPC 앞,202106,749
서초구,2294. 두상빌딩 앞,202106,1419
서초구,2297. 남부터미널역 1번출구,202106,688
서초구,2298. 래미안서초스위트앞,202106,552
서초구,2299. 한전아트센터 앞,202106,856
서초구,2501. 서초 포레스타5단지,202106,723
서초구,2502. 서초역1번출구 앞,202106,512
서초구,2503. 반포1동 서초빌딩 앞,202106,987
서초구,2504. 신사역 4번출구 뒤,202106,1124
서초구,2505. 우성아파트사거리 (기업은행앞),202106,1551
서초구,2506. LG유플러스 (방배사옥),202106,167
서초구,2508. 양재이스타빌 앞,202106,1375
서초구,2509. KT반포지사,202106,386
서초구,2510. JW타워,202106,296
서초구,2511. 이수역 6번출구 앞,202106,1290
서초구,2514.사평역 2번출구,202106,478
서초구,2515.서초초등학교 후문,202106,848
서초구,2516.본마을 노인복지센터 앞,202106,352
서초구,2517.서초3교(효령로69길 방면),202106,156
서초구,2518.서초3교(효령로70길 방면),202106,492
서초구,2519.서초2교(사임당로 방면),202106,215
서초구,2520.서초1교 (진흥아파트 방면),202106,403
서초구,2521.서초 크로바타워 앞,202106,656
서초구,2523.뉴코아 킴스클럽 앞,202106,1196
서초구,2524.반포쇼핑타운 8동 앞,202106,1057
서초구,2525.반포쇼핑타운 2동 앞,202106,3030
서초구,2526.반포경남쇼핑 앞,202106,495
서초구,2527.반포중학교 앞(세화여고 맞은편),202106,792
서초구,2528.함지박 사거리,202106,940
서초구,2529.우리은행 방배동지점 앞,202106,926
서초구,2530.삼호3차아파트 앞,202106,1499
서초구,2531.멤피스아파트 앞,202106,1280
서초구,2532.국립국악원 앞,202106,238
서초구,2533.한가람미술관 앞,202106,437
서초구,2534.신흥교(애견훈련소),202106,18
서초구,2535.신반포역 3번출구 뒤,202106,422
서초구,2536.서초종합체육관 입구,202106,17
서초구,2537.양재역 8번출구 앞,202106,703
서초구,2538.사평리 공원,202106,1151
서초구,2539.대한무역투자진흥공사 KOTRA 앞,202106,461
서초구,2540.반포천 앞,202106,1368
서초구,2541.옛골 입구,202106,88
서초구,2542.신논현타워 앞,202106,1008
서초구,2545.국립중앙도서관(국제회의장옆),202106,244
서초구,2547.포드서초서비스센터앞,202106,387
서초구,2548.반포1동 자율방범초소 옆,202106,348
서초구,2549.LH 서초 4단지 403동,202106,634
서초구,2550.양재동 꽃시장 건너편,202106,682
서초구,4303. 매헌역 2번출구앞광역버스 정류장앞(22-297),202106,813
서초구,4304. 서울고앞,202106,412
서초구,4305. 서일스포츠센터,202106,116
서초구,4306. 서래공원 앞,202106,810
서초구,4307. 고투몰 gate 15옆,202106,662
서초구,4309. 서초케이타운앞,202106,228
서초구,4310. 염곡동(염통골) 입구,202106,131
서초구,4312. 반포미도2차아파트 옆,202106,314
서초구,4313. 반포종합운동장,202106,575
서초구,4314. 탑성마을 버스정거장 옆,202106,34
서초구,4315. 이투스교육 앞,202106,241
서초구,4316. 고속터미널역 3번출구,202106,477
서초구,4317. 양재근린공원,202106,927
서초구,4318. 방배역 2번 출구,202106,872
서초구,4319. 삼성전자R&D어린이집 뒤,202106,160
서초구,4320. 신영체르니 아파트,202106,391
서초구,4322.서울추모공원 입구,202106,1
성동구,3511. 응봉역 1번출구,202106,5379
성동구,3513. 상왕십리역 1번출구,202106,1744
성동구,3514. 왕십리교회옆,202106,2986
성동구,3515. 서울숲 관리사무소,202106,3467
성동구,3525. 금호스포츠센터앞,202106,1055
성동구,3527. 왕십리 자이아파트,202106,25
성동구,3530. 왕십리자이아파트 후문(삼거리),202106,311
성동구,3531. 논골사거리(금호도서관 입구),202106,149
성동구,3532. 왕십리KCC스위첸아파트,202106,194
성동구,3538. 서울숲 IT캐슬,202106,491
성동구,3544.한양대역 3번 출구,202106,1548
성동구,3545.한양대역 1번출구,202106,858
성동구,3547.상왕십리역 6번 출입구,202106,426
성동구,3548.뚝섬역 6번출구,202106,1788
성동구,3549.건영아파트 앞,202106,1522
성동구,3550.금호나들목,202106,1467
성동구,3551.성동도로사업소,202106,438
성동구,3552.서울숲 공영주차장앞,202106,1568
성동구,3553.마장역3번출구,202106,536
성동구,3555.양지사거리(센트라스APT 115동앞),202106,476
성동구,3556.신금호파크자이APT앞,202106,210
성동구,3557.서울숲리버뷰자이APT105동 앞,202106,559
성동구,3558.마장동 금호어울림APT앞,202106,518
성동구,3559.성동구민종합체육센터 앞,202106,2690
성동구,3560.성동구 견인차량 보관소 앞,202106,1303
성동구,3561.행당동 삼부APT후문,202106,222
성동구,3600.사근빗물펌프장 건너편,202106,3196
성동구,4353. 코오롱디지털타워 3차앞,202106,1993
성동구,4360. 르노삼성자동차 성수사업소 앞,202106,465
성동구,4362. 행당중학교 후문,202106,824
성동구,4367. kt 행당빌딩 앞,202106,657
성동구,4370. 서울숲IT캐슬 앞,202106,859
성동구,506. 금호 어울림 아파트 앞,202106,652
성동구,507. 성수아이에스비즈타워 앞,202106,1529
성동구,508. 성수아카데미타워 앞,202106,1879
성동구,509. 이마트 버스정류소 옆,202106,4254
성동구,510. 서울숲 남문 버스정류소 옆,202106,1588
성동구,511. 서울숲역 4번 출구 옆,202106,2053
성동구,512. 뚝섬역 1번 출구 옆,202106,2995
성동구,513. 뚝섬역 5번 출구 정류소 옆,202106,1517
성동구,514. 성수사거리 버스정류장 앞,202106,2503
성동구,518. 청계천 박물관 앞,202106,794
성동구,519. 양지사거리,202106,944
성동구,520. 상왕십리역 4번 출구 앞,202106,791
성동구,521. 왕십리역 11번 출구 앞,202106,1969
성동구,522. 금호역 1번출구 앞,202106,382
성동구,523. 옥수동성당 옆,202106,121
성동구,524. 래미안금호하이리버 아파트 102동 옆,202106,586
성동구,525. 한양대병원사거리,202106,1782
성동구,526. 용답토속공원 앞,202106,456
성동구,529. 장한평역 8번 출구 앞,202106,2200
성동구,530. 청계벽산아파트 앞,202106,1566
성동구,533. 우리은행 금호동 지점 앞,202106,478
성동구,534. 금호사거리,202106,325
성동구,535. 응봉삼거리,202106,578
성동구,536. 행당역 2번출구 앞,202106,1107
성동구,537. 한양대후문역 부근,202106,1711
성동구,538. 답십리역 8번출구 앞,202106,1160
성동구,550. 서울시설공단 앞,202106,1322
성동구,556. 달맞이공원,202106,114
성동구,557. 도선동 주민센터 앞,202106,1450
성동구,558. 성동광진 교육지원청 앞,202106,1730
성동구,559. 왕십리역 4번 출구 건너편,202106,2360
성동구,560. 비전교회 앞,202106,2027
성동구,561. 서울숲역 2번출구 앞,202106,2030
성동구,562. 군자지하보도 앞,202106,978
성동구,563. 성동세무서 건너편,202106,2421
성동구,564. 금호역 3번출구,202106,175
성동구,565. 옥수역 3번출구,202106,6824
성동구,567. 성수역 2번출구 앞,202106,3637
성동구,568. 청계8가사거리 부근,202106,4037
성동구,569. 응봉현대아파트 정류소,202106,308
성동구,578. 성동세무서 부근,202106,1549
성동구,579. 마장역 4번출구,202106,1208
성동구,581. 용답초등학교,202106,1798
성동구,582. 경일중학교 앞,202106,1977
성동구,583. 청계천 생태교실 앞,202106,7439
성동구,585. 성수2가1동 공영주차장 인근,202106,3663
성동구,586. 마장동 주민센터,202106,794
성동구,587. 유니베라 앞,202106,2161
성동구,589. 성수역3번출구,202106,4641
성동구,594. 중랑물재생센터(서울새활용플라자),202106,653
성동구,9980. 에이텍,202106,26
성북구,1302. 한성대입구역6번출구 뒤,202106,934
성북구,1303. 돈암초교 입구,202106,1150
성북구,1304. 만해공원,202106,436
성북구,1305. 성북구청,202106,1340
성북구,1306. 한성대입구역2번출구,202106,2443
성북구,1308. 안암로터리 버스정류장 앞,202106,5557
성북구,1314. 정릉꿈에그린1단지 201동 앞,202106,525
성북구,1315. 고려사대부속중고 정문,202106,424
성북구,1316. 고려사대부속중고 건너편,202106,527
성북구,1318. 길음역 3번출구 뒤,202106,1705
성북구,1319. 종암사거리 분수대,202106,2149
성북구,1320. LG베스트샵 종암점,202106,2499
성북구,1321. 국민은행 종암동지점 앞,202106,2811
성북구,1322. 래미안라센트아파트 103동 앞,202106,1292
성북구,1323. 월곡역 입구 육교 밑,202106,528
성북구,1325. 상월곡역 4번출구,202106,733
성북구,1326. 상월곡역 1번출구,202106,1110
성북구,1327. 상월곡역 3번출구,202106,1392
성북구,1328. 월곡역 3번출구,202106,2653
성북구,1332. 석계역 5번출구 건너편,202106,3455
성북구,1333. 석관초등학교 앞,202106,1691
성북구,1334. 석관동주민센터 앞,202106,1515
성북구,1336. 성북3교 위,202106,2037
성북구,1337. 돈암성당 옆,202106,2616
성북구,1338. 용문2교 옆,202106,1407
성북구,1339. 삼성전자서비스 성북센터,202106,1216
성북구,1340. 광운초등학교 앞,202106,612
성북구,1342. 성북쉼터 앞,202106,184
성북구,1343. 한성대7번출구 앞,202106,890
성북구,1344. 아리랑시네센터 앞,202106,888
성북구,1346. 길음8골어린이공원 옆,202106,1116
성북구,1347. 길음래미안아파트817동 상가 앞,202106,547
성북구,1348. 성북제일새마을금고 본점 앞,202106,740
성북구,1349. 월계2교 버스정류장 앞,202106,967
성북구,1351. 안암2교 옆,202106,2751
성북구,1352. e 편한세상 보문아파트 내,202106,211
성북구,1353. 금호어울림센터힐 내,202106,370
성북구,1354. 고려대학교 2번출구,202106,2188
성북구,1355. 보문2교,202106,3744
성북구,1357. 북한산보국문역,202106,588
성북구,1358. 정릉도서관 앞,202106,960
성북구,1359. 장위뉴타운 꿈에 숲 코오롱 하늘채 앞,202106,1098
성북구,1360. 정릉역,202106,972
성북구,1361. 홍익중고 입구,202106,1486
성북구,1362. 보문역6번출구 앞,202106,1715
성북구,1363. 보문4교 인근,202106,2849
성북구,1364. 성북동 치안센터 앞,202106,974
성북구,1365. 선잠단지 앞,202106,369
성북구,1366. 일신초등학교 옆,202106,428
성북구,1367. 길음문화복합미디어센터,202106,607
성북구,1368. 성신여대입구 교차로,202106,1259
성북구,1369. 미아사거리,202106,2000
성북구,1370. 복자사랑 피정의 집,202106,459
성북구,1372. KEB은행 고대점,202106,2013
성북구,1373. 성북구보건소 건너편,202106,1150
성북구,1375. 생명의 전화 종합복지관 앞 교차로,202106,1670
성북구,1376. 한국과학기술연구원 중문,202106,213
성북구,1377. 한국과학기술연구원 북문,202106,257
성북구,1379.길음뉴타운푸르지오아파트 3단지,202106,296
성북구,1380.월곡역 5번출구 앞,202106,2310
성북구,1381.석계역 4번출구 뒤,202106,2365
성북구,1382.래미안월곡아파트 입구,202106,1475
성북구,1384.성신여대입구역 5번출구,202106,2221
성북구,1385.성신여대입구역 3번출구 앞,202106,1615
성북구,1386.동선고가차도 초입,202106,645
성북구,1388.커핀그루나루,202106,816
성북구,1390.석관래미안아트리치,202106,1721
성북구,1391.성북청소년센터,202106,606
성북구,1392.돈암삼성풍림아파트,202106,183
성북구,1393.돈암육교 하단,202106,370
성북구,1394.길음뉴타운 래미안9단지,202106,1074
성북구,1395.래미안장위포레카운티(102동),202106,857
성북구,1396.래미안장위퍼스트하이(513동),202106,1425
성북구,4406. 장곡초등학교 앞,202106,807
성북구,4408. 돌곶이역 앞,202106,1083
송파구,1201. 가락시장역 3번 출구,202106,2348
송파구,1203. 밀리아나2빌딩 앞,202106,2623
송파구,1204. 거여역 3번출구,202106,1759
송파구,1205. 종합운동장역 4번출구,202106,1556
송파구,1206. 9호선종합운동장역 9번출구,202106,1203
송파구,1207. 마천CU우방점 앞,202106,1017
송파구,1208. 풍납현대아파트쉼터,202106,1949
송파구,1209. 잠실나루역 (2번 출구 쪽),202106,3493
송파구,1210. 롯데월드타워(잠실역2번출구 쪽),202106,9574
송파구,1211. 방이삼거리,202106,5104
송파구,1212. 송파역 2번 출구앞,202106,1989
송파구,1213. 백토공원 앞,202106,630
송파구,1214. 오금역 7번 출구 인근,202106,1458
송파구,1215. 올림픽공원역 1번출구 앞,202106,2020
송파구,1217. 송파파인타운 7단지,202106,1079
송파구,1218. 방이역 4번출구,202106,2895
송파구,1220. 잠실본동주민센터뒤 잠실근린공원,202106,2926
송파구,1221. 삼전사거리 포스코더샵,202106,2967
송파구,1222. 잠실새내역 5번 출구 뒤,202106,4109
송파구,1224. 아시아지하보도 2번 출구,202106,1878
송파구,1226. 잠실4동 주민센터 옆,202106,1816
송파구,1227. 거여역 8번출구 뒤,202106,1793
송파구,1228. 마천사거리,202106,1144
송파구,1229. 송파체육문화회관 앞,202106,995
송파구,1230. 송파중학교 정문,202106,1048
송파구,1231. 잠실역 6번출구,202106,2824
송파구,1232. 롯데마트 주차장 옆,202106,2370
송파구,1233. 잠실3거리(갤러리아팰리스),202106,1114
송파구,1235. 잠실트리지움310동 옆,202106,2250
송파구,1239. 문정 법조단지3,202106,489
송파구,1240. 문정 법조단지4,202106,822
송파구,1241. 문정 법조단지5,202106,472
송파구,1242. 문정 법조단지6,202106,285
송파구,1243. 문정 법조단지7,202106,2845
송파구,1244. 문정 법조단지8,202106,2787
송파구,1245. 문정 법조단지9,202106,1867
송파구,1246. 문정 법조단지10,202106,2136
송파구,1247. 문정 법조단지11,202106,1175
송파구,1248. 방이초등학교,202106,2209
송파구,1249. 아주중학교건너편,202106,1523
송파구,1250.문정2동 주민센터,202106,669
송파구,1251. 석촌역 2번출구,202106,2985
송파구,1253. 오금역 3번 출구 뒤,202106,852
송파구,1256. 문정현대아파트 교차로,202106,1011
송파구,1257. 가락시장역 롯데마트앞,202106,1126
송파구,1258. 가락미륭아파트 앞,202106,617
송파구,1259. 방이역 1번출구,202106,1952
송파구,1260. 방이동 한양3차아파트 옆,202106,1503
송파구,1262. 송파여성문화회관 앞,202106,2430
송파구,1263. 장지공영차고지,202106,458
송파구,1264. 천호역 10번 출구 앞,202106,3377
송파구,1265. 문정동 근린공원,202106,1399
송파구,1266. 문정동 글샘 공원,202106,759
송파구,1267. 올림픽공원 남2문 앞,202106,1395
송파구,1268. 몽촌토성역 1번출구 옆,202106,5051
송파구,1269. 리센츠아파트,202106,1490
송파구,1271. 송파도서관,202106,1762
송파구,1274. 영파여고 앞,202106,1444
송파구,1275. 거여초등학교 옆,202106,672
송파구,1277. 오금동 송파 참병원,202106,1439
송파구,1278. 송파구청 교차로,202106,3006
송파구,1279. 마천금호어울림 1차아파트 건너편,202106,633
송파구,1280. 송파파크데일 2단지입구 앞 주차장,202106,901
송파구,1282. 송파소방서 맞은편(성내4교),202106,2043
송파구,1283. 오금공원 사거리,202106,168
송파구,1285. 위례별 유치원 뒤,202106,567
송파구,1286. 위례중앙푸르지오 1단지 앞,202106,1232
송파구,1287. 위례아이파크 101동 맞은편,202106,648
송파구,1288. 문정중교 사거리,202106,1196
송파구,1289. 풍납동 자전거보관소,202106,494
송파구,1290. 위례송파꿈에그린아파트24단지 앞 성벽 다리 밑,202106,421
송파구,1291. 서울체육고등학교 앞,202106,414
송파구,1293. 석촌호교차로 (스타벅스 앞),202106,3471
송파구,1295. 잠실역 8번출구,202106,4590
송파구,1296. 석촌호수교차로 (송파나루근린공원 앞),202106,852
송파구,1297. 석촌호수교차로(동호 팔각정 앞),202106,2474
송파구,1299. 송파소방서 (방이119안전센터),202106,929
송파구,1300. 오륜사거리,202106,1011
송파구,2601. 석촌호수 서호사거리,202106,3045
송파구,2603. 송파 글마루 도서관,202106,804
송파구,2604. 삼표레미콘 앞,202106,1376
송파구,2605. 복정역 1번 출구 앞,202106,666
송파구,2606. 위례동주민센터 맞은편 근린공원,202106,1610
송파구,2607. 복정역 2번출구 후문 (장지치안센터),202106,1024
송파구,2608. 송파구청,202106,1855
송파구,2609. 보성중고등학교 후문 앞,202106,235
송파구,2610. 여흥레이크빌 앞 (석촌호수 까페거리),202106,2826
송파구,2611. 송파지역자활센터 뒤,202106,2407
송파구,2612. 문정·가락 대여소 앞,202106,85
송파구,2613. 잠실나들목,202106,3965
송파구,2614. 가락고등학교 앞,202106,611
송파구,2615. 테라타워2,202106,2324
송파구,2616. 거여동 사거리,202106,622
송파구,2617. 가락삼환아파트 앞,202106,1508
송파구,2618. 삼전역 1번출구,202106,1946
송파구,2619. 석촌고분역 4번출구,202106,2947
송파구,2620. 송파나루역 4번 출구옆,202106,5384
송파구,2621. 한성백제역 2번 출구,202106,4281
송파구,2622. 올림픽공원역 3번출구,202106,6474
송파구,2623.석촌동 주민센터,202106,3065
송파구,2625.가락1동 주민센터,202106,676
송파구,"2626.경찰병원역 1,2번 출구 사이",202106,878
송파구,2627.문정시영아파트 5동 앞 공원,202106,848
송파구,2628.문정역 1번출구,202106,2534
송파구,2629.문정동 힐스데이트 에코 송파,202106,2907
송파구,2630.서울방이동 고분군,202106,2095
송파구,2631.배명고등학교,202106,1307
송파구,2632.석촌고분역 2번 출구,202106,2878
송파구,2633.송파학사 옆,202106,1295
송파구,2634.위례포레샤인아파트 2318동,202106,681
송파구,2635.잠실새내역 1번출구,202106,1938
송파구,2637.잠실월드 메르디앙,202106,2436
송파구,2638.쌍용아파트,202106,2032
송파구,2639.석촌역 8번출구,202106,3329
송파구,2641.송파역 4번출구,202106,3522
송파구,2642.마천동 성내천 쉼터,202106,1137
송파구,2643.풍납중학교 측면,202106,535
송파구,2644.성내5교 (GS주유소),202106,1361
송파구,2645.잠실나들목2(엘스아파트136동),202106,1012
송파구,2646.레이크펠리스101동앞,202106,2933
송파구,2647.잠실 자전거 수리센터 앞,202106,2298
송파구,2648.헬리오시티 112동 앞,202106,1827
송파구,2649.오금공원사거리2,202106,446
송파구,2650.위례22단지 2208동 다리앞,202106,446
송파구,2651.경찰병원역 3번출구 앞,202106,1460
송파구,2652.송파 레미니스1단지 102동 앞,202106,1001
송파구,2653.올림픽공원사거리(선수촌아파트),202106,1995
송파구,2654.올림픽선수촌아파트 136동 앞,202106,879
송파구,2655.송이공원,202106,902
송파구,2656.풍납동 아이파크 107동 앞,202106,1311
송파구,2657.송파 파인타운 11단지,202106,698
송파구,2658.가락몰 업무동,202106,1533
송파구,2659.서울친환경유통센터,202106,100
송파구,4452. 삼성SDS,202106,2840
송파구,4453. 위례중앙푸르지오 201동 앞,202106,1646
송파구,4454. 위례 포레샤인 1809동 부근,202106,840
송파구,4456. 위례포레샤인 2310동 부근,202106,777
송파구,4457. 아산병원 기숙사 부근,202106,2511
송파구,4458. 서울힐링요양병원 앞,202106,662
송파구,4460. 올림픽훼미리아파트 112동 앞,202106,1344
송파구,4461. 한양3차아파트 3동 앞,202106,402
송파구,4462. 가락중학교 앞,202106,651
송파구,4463. 방이역 2번 출구,202106,727
송파구,4464. 올림픽공원 북2문,202106,1336
송파구,4465. 건영아파트앞 사거리,202106,1592
송파구,4467. 한림연예예술고등학교,202106,851
송파구,4468. 가락1동 주민센터 2,202106,1154
송파구,4469. 거여동 어울림아파트 102동앞,202106,595
송파구,4472. 송파파크데일 1단지 115동 건너편,202106,955
송파구,4473. 마천금호어울림 1차 102동앞,202106,325
송파구,4474. 가락현대 1차 11동 앞,202106,497
송파구,4475. 송파파인타운 4단지 403동,202106,416
송파구,4478. 문정근린공원2,202106,975
송파구,4479. 문정중학교,202106,204
송파구,4480. 가락시장역 롯데마트2,202106,927
송파구,4481. 올림픽공원 북2문 2,202106,2221
송파구,4483. 잠실나들목4,202106,2822
송파구,4484. 잠실나루역4번출구뒤,202106,1634
송파구,4485. 잠실나루역 고가하부,202106,354
송파구,4486. 홈플러스 잠실점,202106,1756
송파구,4488. 문현중.고등학교 사이,202106,196
송파구,4490. 송파파인타운 10단지 1005동,202106,357
송파구,4491. 장지역 1번출구,202106,1209
송파구,4493. 마천사거리 2,202106,672
송파구,4496. 잠실 파크리오 120동 앞,202106,1135
송파구,4497. 아시아선수촌아파트 교차로,202106,765
송파구,4499. 세양청마루 101동 앞,202106,595
송파구,4500. 풍납나들목,202106,1181
송파구,4852. 서울복합물류 게이트 1,202106,916
송파구,4853. 송파 안전체험교육관,202106,89
송파구,4854. 가락시장역 2번 출구,202106,915
송파구,4855. 거여5단지 503동 앞,202106,1003
송파구,4856. 올림픽공원 서1문 앞,202106,822
송파구,4857. 올림픽공원 장미광장,202106,585
송파구,4859. 잠실나루 나들목,202106,1911
송파구,4860. 가락쌍용2차아파트 103동,202106,874
송파구,4861. 거여삼거리,202106,583
송파구,4862. 올림픽파크텔 맞은편,202106,388
송파구,4863. 잠실나들목5,202106,512
송파구,4864. 송파사거리,202106,2062
송파구,4865. 한성백제역 1번출구 뒤,202106,2472
송파구,4867. 가락대림아파트 앞,202106,703
송파구,4868. 레이크 호텔 앞,202106,970
송파구,4869. 잠실나들목6,202106,325
양천구,4507. 삼성전자서비스 신정센터,202106,801
양천구,4508. 유원목동아파트 앞,202106,1889
양천구,4509. 서울영상고교 입구,202106,2559
양천구,4510. 신정네거리역 교차로,202106,1529
양천구,4512. 목동13_14단지 사거리,202106,713
양천구,4514. 목동성당 앞,202106,1800
양천구,4515. 동문굿모닝탑,202106,2692
양천구,4516. 신진빌라,202106,293
양천구,4517. 성보하이드로빌딩,202106,1309
양천구,4518. 청기와빌딩,202106,974
양천구,4519. 양원보도육교,202106,196
양천구,4520. 대성유니드아파트,202106,914
양천구,4522. 다이소신곡시장점,202106,1594
양천구,4523. 구립양천어르신요양센터,202106,107
양천구,4526. 목동아파트2단지 222동 앞,202106,988
양천구,4527. 목동신시가지아파트6단지,202106,1299
양천구,4528. 양천구청역 1번출구,202106,799
양천구,4530. 버거킹 신월점 앞,202106,608
양천구,4531. 목동아파트 613동 앞,202106,174
양천구,700. KB국민은행 염창역 지점 앞,202106,2000
양천구,701. 목동사거리 부근,202106,1671
양천구,702. 목4동주민센터 옆,202106,2056
양천구,703. 오목교역 7번출구 앞,202106,4641
양천구,704. 남부법원검찰청 교차로,202106,3423
양천구,706. 신정네거리역,202106,1079
양천구,707. 신정3동주민센터,202106,851
양천구,708. 서울출입국관리사무소 앞,202106,3777
양천구,709. 신정3동 현장민원실 앞,202106,1267
양천구,710. 금옥여고보도육교,202106,563
양천구,711. 신일해피트리아파트 앞,202106,1315
양천구,712. 강월초교입구 사거리,202106,1152
양천구,713. 양서중학교 옆,202106,922
양천구,714. 한국SGI 양천문화회관 앞,202106,949
양천구,716.신정6동 주민센터 인근,202106,1527
양천구,719. 홍익병원앞 교차로,202106,2137
양천구,720. 서울강월초등학교 앞,202106,852
양천구,722. LG전자베스트샵 신정점,202106,1946
양천구,723. SBS방송국,202106,2570
양천구,724. 계남공원 입구 주출입구 좌측,202106,385
양천구,725. 양강중학교앞 교차로,202106,816
양천구,726. 목동3단지 시내버스정류장,202106,3704
양천구,729. 서부식자재마트 건너편,202106,2794
양천구,731. 서울시 도로환경관리센터,202106,2425
양천구,732. 신월동 이마트,202106,1317
양천구,733. 신정이펜하우스314동,202106,676
양천구,734. 신트리공원 입구,202106,2846
양천구,735. 영도초등학교,202106,3094
양천구,736. 오솔길공원,202106,1489
양천구,737. 장수공원,202106,1413
양천구,739. 신월사거리,202106,1722
양천구,740. 으뜸공원,202106,1677
양천구,741. 화곡로 입구 교차로,202106,565
양천구,742. 등촌역 5번 출구 뒤,202106,1139
양천구,743. 현대6차아파트 101동 옆,202106,952
양천구,744. 신목동역 2번 출구,202106,2961
양천구,745. 강서초등학교,202106,868
양천구,746. 목동2단지 상가,202106,3296
양천구,747. 목동3단지 상가,202106,1814
양천구,748. 목동운동장,202106,662
양천구,749. 이대 목동병원 앞,202106,1410
양천구,750. 연의근린공원 건너편,202106,1092
양천구,752. 성원2차 아파트,202106,1238
양천구,754. 목동1단지아파트 118동 앞,202106,1884
양천구,755. 목동1단지아파트 상가 앞,202106,2697
양천구,756. 목동주차장,202106,1884
양천구,757. 신정이펜하우스 1단지아파트 입구 사거리,202106,662
양천구,758. 한사랑교회 앞,202106,1571
양천구,759. 보아스아파트 앞,202106,1145
양천구,760. 잣절보도육교 아래,202106,647
양천구,762. 오목로 무중력지대 앞,202106,1430
양천구,763. 목동11단지 아파트,202106,1585
양천구,764. 목동청소년수련관,202106,2914
양천구,765. 오목교역 3번출구,202106,5480
양천구,766. 신목동역 3번출구,202106,2409
양천구,767.신정숲속마을아파트,202106,476
양천구,768.목동5단지아파트 501동,202106,1826
양천구,769.CBS방송국 앞,202106,4401
양천구,770.목동역5번출구 교통정보센터 앞,202106,7111
양천구,771.목동아파트 703동 앞,202106,2600
양천구,"773.염창역 3, 4번 출구 사이",202106,2067
양천구,774.등촌역 4번 출구,202106,1427
양천구,775.세종그랑시아 앞(102동),202106,1061
양천구,776.목마공원,202106,745
양천구,777.신월6차보람아파트 앞,202106,1141
양천구,779.양천나눔누리센터,202106,3083
양천구,780.신정교 하부,202106,3949
양천구,781.신정보도육교 아래,202106,2465
양천구,782.서남병원 후문,202106,905
양천구,"785.양천구청, 보건소 사잇길",202106,4507
양천구,786.목동아파트 8단지 상가동 앞,202106,2362
양천구,787.양천아파트 입구,202106,2938
양천구,788.양천구청역 2번출구 옆,202106,2254
양천구,790.화곡고가 사거리,202106,930
양천구,791.현대하이페리온,202106,2755
양천구,792.목동트라팰리스 웨스턴에비뉴,202106,4614
양천구,793.목동5단지아파트 534동,202106,1673
양천구,794.양천문화회관,202106,2456
양천구,795.양천 해누리타운,202106,2257
양천구,796.목동아파트 14단지 B상가 앞,202106,1960
양천구,797.목동아파트 1422동 1434동 사잇길,202106,3056
영등포구,200. 국회의원회관,202106,315
영등포구,201. 진미파라곤 앞,202106,2029
영등포구,202. 국민일보 앞,202106,4898
영등포구,203. 국회의사당역 3번출구 옆,202106,2014
영등포구,204. 국회의사당역 5번출구 옆,202106,1386
영등포구,205. 산업은행 앞,202106,2590
영등포구,206. KBS 앞,202106,2455
영등포구,207. 여의나루역 1번출구 앞,202106,14494
영등포구,209. 유진투자증권빌딩 앞,202106,2425
영등포구,210. IFC몰,202106,6629
영등포구,211. 여의도역 4번출구 옆,202106,3506
영등포구,212. 여의도역 1번출구 옆,202106,2395
영등포구,213. KT앞,202106,1821
영등포구,214. 금융감독원 앞,202106,1426
영등포구,215. 여의도고교 앞,202106,1966
영등포구,217. NH농협은행 앞,202106,2561
영등포구,218. 증권거래소 앞,202106,1101
영등포구,219. 롯데캐슬엠파이어 옆,202106,1711
영등포구,220. 미성아파트 A동 앞,202106,1605
영등포구,221. 여의도초교 앞,202106,2592
영등포구,222. 시범아파트버스정류장 옆,202106,3577
영등포구,223. 진주아파트상가 앞,202106,1463
영등포구,224. 롯데캐슬 앞,202106,2240
영등포구,225. 앙카라공원 앞,202106,1828
영등포구,226. 샛강역 1번출구 앞,202106,1792
영등포구,227. 양평2나들목 보행통로 입구,202106,3541
영등포구,228. 선유도역 3번출구 앞,202106,4829
영등포구,229. 양평1 보행육교 앞,202106,2655
영등포구,230. 영등포구청역 1번출구,202106,5891
영등포구,231. 남부고용노동지청 남측,202106,1341
영등포구,232. 양평우림 이비즈센타 앞,202106,3877
영등포구,233. YP 센터 앞,202106,704
영등포구,234. 영등포구민체육센터 앞,202106,1264
영등포구,235. 신길동 우리은행 옆,202106,1616
영등포구,236. 문래동자이아파트 앞,202106,2332
영등포구,238. 제2구민체육센타 앞,202106,1179
영등포구,239. 유스호스텔 앞,202106,1552
영등포구,240. 문래역 4번출구 앞,202106,2775
영등포구,241. 신길우성1차아파트 앞 공원,202106,1560
영등포구,242. 신길선원가와인아파트 앞,202106,1364
영등포구,243. 이앤씨드림타워 앞,202106,2836
영등포구,244. 영등포삼환아파트 앞,202106,1919
영등포구,245. 삼성생명 당산사옥 앞,202106,3104
영등포구,247. 당산역 10번출구 앞,202106,6670
영등포구,248. 초원아파트 앞,202106,1948
영등포구,249. 여의도중학교 옆,202106,2663
영등포구,250. 대림아파트 사거리,202106,964
영등포구,251. 서울지방병무청 버스정류장,202106,1111
영등포구,252. 보라매역4번출구,202106,1776
영등포구,253. 신풍역 5번출구 인근,202106,1142
영등포구,254. 도림신협 앞,202106,1494
영등포구,255. 도림사거리,202106,1895
영등포구,256. 동아에코빌입구,202106,1396
영등포구,257. 신길삼거리(우리은행),202106,3627
영등포구,258. 신길역3번출구,202106,2038
영등포구,259. 대방역6번출구,202106,4211
영등포구,260. 여의도 마리나선착장 앞,202106,917
영등포구,262. 영문초등학교 사거리,202106,4384
영등포구,263. 근로자회관 사거리,202106,4131
영등포구,264. 교보생명보험 앞,202106,1829
영등포구,265. 영등포유통상가 사거리,202106,1704
영등포구,266. 영등포청과시장 사거리,202106,1212
영등포구,267. 삼성화재 사옥 옆,202106,2053
영등포구,268. 그랜드컨벤션센터 앞,202106,2110
영등포구,270. 증권거래소후문교차로,202106,1422
영등포구,271. 샛강생태공원방문자센터 앞,202106,792
영등포구,272. 당산육갑문,202106,7601
영등포구,274. 영등포역지하쇼핑센타 5번출구,202106,5051
영등포구,275. 신동아아파트,202106,3481
영등포구,276. SK 영등포주유소,202106,3188
영등포구,277. 영등포뉴타운지하상가 2번게이트,202106,2208
영등포구,278. 쌍용플레티넘오피스텔,202106,3019
영등포구,279. 영등포 푸르지오 아파트,202106,2054
영등포구,280. 양평동6차현대아파트 앞,202106,2759
영등포구,281. 신동아아파트 앞,202106,1326
영등포구,282. 신한은행,202106,717
영등포구,283. 아크로타워 스퀘어(영등포시장),202106,3574
영등포구,284. 센트럴 푸르지오 시티 앞,202106,4064
영등포구,285. 대림3동사거리(하나은행),202106,858
영등포구,286. 우성아파트 교차로,202106,1910
영등포구,287. 영등포전화국사거리 (서강어린이공원),202106,2473
영등포구,288. 쌍용예가(구청별관),202106,1529
영등포구,289. 대림3동사거리,202106,1308
영등포구,290. 당산동 SK V1 빌딩,202106,1627
영등포구,291. 문래동 하이테크 시티,202106,2695
영등포구,292. 영일 어린이공원,202106,1362
영등포구,293. 충북 미래관,202106,2640
영등포구,295.영등포공원 분수대 앞,202106,562
영등포구,296.KT플라자 영등포점,202106,2309
영등포구,297.국회3문,202106,330
영등포구,298.KBS 연구동 건너편,202106,473
영등포구,299.여의도 순복음교회,202106,682
영등포구,3201.당산skv1센터,202106,1247
영등포구,3202.당산롯데캐슬프레스티지,202106,2551
영등포구,3203.도림동배드민턴체육관,202106,556
영등포구,3204.도림고가도로 밑,202106,946
영등포구,3205.문래현대2차,202106,2268
영등포구,3206.문래동 주민센터,202106,1350
영등포구,3207.양남사거리1,202106,930
영등포구,3211.신길 래미안 프레비뉴,202106,764
영등포구,3212.신풍역 6번출구,202106,1395
영등포구,3214.영등포 푸르지오,202106,1851
영등포구,3215.강변삼성래미안,202106,1196
영등포구,3219.영등포역 2번출구,202106,2731
영등포구,3220.래미안에스티움 앞 (신풍로),202106,1319
영등포구,3221.서울특별시 남부교육지원청,202106,588
영등포구,4552. 코레일유통본사,202106,220
영등포구,4553. 당산삼성2차아파트,202106,450
영등포구,4555. 대림우성2차아파트,202106,197
영등포구,4556. 리버뷰신안인스빌1차 후문,202106,1094
영등포구,4557. 리버뷰신안인스빌2차 후문,202106,1256
영등포구,4558. 대영중고 후문,202106,290
영등포구,4559. 신길역 2번출구,202106,684
영등포구,4560. 양평동성원아파트,202106,196
영등포구,4561. 양평역 1번출구,202106,1092
영등포구,4563. 여의도 은하아파트,202106,258
영등포구,4564. 63스퀘어,202106,768
영등포구,4565. 영등포 신세계백화점,202106,778
영등포구,4566. 대림성원상떼빌아파트,202106,418
영등포구,4567. 한림대학교 강남성심병원 신관,202106,343
영등포구,4568. 영등포로터리,202106,393
영등포구,4569. 힐스테이트클래시안아파트,202106,308
영등포구,4571. 문래동롯데캐슬아파트,202106,1014
영등포구,4573. 두산위브아파트,202106,91
영등포구,4574. 영등포시장역 포레나영등포,202106,411
영등포구,4575. 대림동 e편한세상영등포아델포레,202106,469
영등포구,4576.보라매sk뷰 108동 앞,202106,763
영등포구,4578.보라매sk뷰,202106,539
영등포구,4579. 국회의사당 본관,202106,425
영등포구,4580. 국회3문,202106,449
영등포구,4581. 국회소통관,202106,415
영등포구,4582. 국회도서관,202106,197
영등포구,4583. 의정관,202106,251
영등포구,4584. 국회2문,202106,255
영등포구,4585. 국회6문,202106,287
영등포구,4588.양남사거리2,202106,76
용산구,4602. 숙명여대앞 버스정류소 주변,202106,366
용산구,4604. 원효로다목적체육관 앞,202106,353
용산구,"4605. 노들섬 다목적홀(동쪽) 숲, 앞",202106,665
용산구,4607. 국립중앙박물관 -용산가족공원 앞,202106,237
용산구,4608. 국립중앙박물관 정문 앞,202106,134
용산구,4609. 파크타워 104동 앞,202106,248
용산구,4610. 한남나인원 105동 앞,202106,652
용산구,4611. 국제루터교회 앞,202106,224
용산구,4612. 한남 준 J.FSS 앞,202106,152
용산구,4613. 서울갤러리아 앞,202106,244
용산구,4615. 크라운호텔앞 버스정류소,202106,838
용산구,4616. 신용산지하차도 앞,202106,476
용산구,4617. 동원베네스트 건너편,202106,132
용산구,4618. 풍전아파트 건너편,202106,597
용산구,4619. 한강트럼프월드3차 앞,202106,1181
용산구,4620. 삼각지역 14번 출구 앞(교통섬),202106,865
용산구,4622. 한강중학교 앞 버스정류장,202106,405
용산구,4623. 라인프랜즈이태원점 앞,202106,571
용산구,4625. 용산공원갤러리앞,202106,326
용산구,4627. 효창공원앞역 5번출구 옆,202106,543
용산구,4629. 한강초교보도육교 앞,202106,1398
용산구,800. 목월공원 앞,202106,1647
용산구,802. 한강진역 2번 출구 앞,202106,518
용산구,803. 한남초교 앞 보도육교,202106,156
용산구,805. 문배어린이공원 앞,202106,1221
용산구,806. 전자랜드 본관 앞,202106,1143
용산구,807. 서울역 12번 출구 앞,202106,1080
용산구,808. 서빙고동 금호맨션 앞,202106,542
용산구,809. 한남 유수지 복개주차장,202106,1145
용산구,810. 이태원지하보도,202106,786
용산구,811. 녹사평역1번출구,202106,994
용산구,812. 용산전쟁기념관,202106,260
용산구,813. 삼각지역 3번출구,202106,1102
용산구,815. LIG강촌아파트 103동앞,202106,1972
용산구,816. 신용산역 6번출구 앞,202106,2111
용산구,817. 삼각지역 4번출구 앞,202106,1358
용산구,818. 숙명여대 입구 교차로,202106,1901
용산구,819. 선린인터넷 고등학교,202106,1465
용산구,820. 청파동입구 교차로,202106,1136
용산구,822. 이촌1동 마을공원,202106,422
용산구,823. 효창동주민센터 앞,202106,319
용산구,825. 서빙고동 주민센터 앞,202106,3546
용산구,827. 국군복지단,202106,134
용산구,828. 숙대입구역 8번,202106,1146
용산구,829. 베르가모앞,202106,2449
용산구,830. 청암자이아파트앞,202106,482
용산구,831. 이태원관광특구입구,202106,264
용산구,832. 이촌1동 주민센터 뒤,202106,1734
용산구,834. 효창공원앞역 3번출구 뒤,202106,1819
용산구,835. 남영역 건너편,202106,1243
용산구,836. 현대자동차서비스 앞,202106,1156
용산구,837. 한남나들목 입구,202106,2627
용산구,838. 숙대입구역 4번출구,202106,1659
용산구,839. 보광동 삼성리버빌아파트 앞,202106,1324
용산구,840. 용산 파크타워 앞,202106,641
용산구,841. 신용산역 1번 출구,202106,2327
용산구,843. 녹사평역 광장,202106,544
용산구,844. 이촌2동 동원베네스트 아파트 앞,202106,1157
용산구,845. 용산 선인상가,202106,773
용산구,846. 용산중학교,202106,1169
용산구,847. 국방부민원실옆,202106,457
용산구,848. 삼각지12번 출구,202106,577
용산구,849. 삼각지 자이아파트,202106,1696
용산구,850. KCC용산월츠타워,202106,870
용산구,851.효창 푸르지오 앞,202106,424
용산구,852.청암자이APT(103동),202106,838
용산구,853.용산역 맞은편,202106,4703
용산구,854.HID 유족동지회 앞,202106,189
용산구,855.이촌역5번출구 앞,202106,122
용산구,857. 현대 안성타워,202106,484
용산구,858.녹사평역3번 출구,202106,273
용산구,859.남산공원 야외식물원 앞,202106,77
용산구,860.LG한강 자이아파트 앞,202106,2175
용산구,863.이촌역2번 출구,202106,337
용산구,864.순천향대학병원(한남오거리),202106,897
용산구,865.하얏트호텔 앞,202106,52
용산구,866.브라운스톤 남산아파트,202106,646
용산구,867.서빙고역 광장(1번출구),202106,503
용산구,869.노들섬 동측 앞,202106,430
용산구,870.노들섬 서측 앞,202106,3711
은평구,4652. 신사두산위브2차아파트 앞,202106,1217
은평구,4653. LG 베스트샵 앞,202106,882
은평구,4654. OK부동산 앞,202106,777
은평구,4657. 다이소앞,202106,1312
은평구,4658. 녹번역1번출구앞,202106,439
은평구,4659. 커피데이응암동지점,202106,1011
은평구,4663. 삼성디지털은평불광점앞,202106,583
은평구,4665. 김영혜손뜨개 앞,202106,614
은평구,4667. 폭포동입구 교차로,202106,404
은평구,4668. 기자촌사거리,202106,256
은평구,4671. 청구성심병원 앞,202106,732
은평구,4672. 준빌딩 앞,202106,581
은평구,4673. 골드제련앞,202106,665
은평구,4674. 녹번역e편한세상 캐슬 정문 앞,202106,1233
은평구,4676. 갈현1동 주민센터,202106,416
은평구,4677. 백련산 SK뷰 아이파크 해모로 아파트 앞,202106,464
은평구,900. 은평예술회관,202106,958
은평구,901. 응암1동사무소,202106,1003
은평구,902. 진관동 은빛초등학교,202106,526
은평구,903. 은평뉴타운 아이파크,202106,932
은평구,904. 은평뉴타운 푸르지오,202106,885
은평구,905. 구파발역 2번출구,202106,2313
은평구,906. 연신내역 5번출구150M 아래,202106,3614
은평구,907. CJ 드림시티,202106,4813
은평구,908. 구산역 4번출구,202106,1382
은평구,909. 백련산 힐스테이트 3차,202106,812
은평구,911. 은평평화공원(역촌역4번출구),202106,2335
은평구,912. 응암오거리,202106,2708
은평구,913. 이마트 은평점,202106,3374
은평구,914. 새절역 2번출구,202106,3362
은평구,915. 증산역 4번출구,202106,1980
은평구,916. 평생학습관 앞,202106,1258
은평구,917. 녹번역 4번출구,202106,1464
은평구,919. 서울혁신파크,202106,1080
은평구,921. 신도고등학교,202106,311
은평구,922. 연신내역 4번출구,202106,771
은평구,923. 국민은행 연서지점,202106,922
은평구,924. 메뚜기다리,202106,217
은평구,925. 불광역 2번출구,202106,830
은평구,927. 연신내역 3번출구 인근,202106,772
은평구,928. 은평역사한옥박물관,202106,509
은평구,930. 구 서부경찰서 건너편,202106,1015
은평구,931. 역촌파출소,202106,3790
은평구,932. 예일여중,202106,1238
은평구,933. LG서비스 역촌점,202106,2068
은평구,934. 신사동 성당,202106,449
은평구,937. 상림마을 롯데캐슬2단지 옆,202106,131
은평구,938. 금암 문화공원,202106,223
은평구,939. 은평구청 교차로,202106,756
은평구,941. 은평뉴타운 도서관,202106,624
은평구,942. 상림마을 생태공원,202106,534
은평구,943. 은평구청 보건소,202106,2081
은평구,945. 기자촌 사거리,202106,263
은평구,946. 독바위역,202106,790
은평구,947. 연신내 선일하이츠빌 정류소,202106,683
은평구,948. 디지털미디어 시티역 4번출구(DMC역),202106,899
은평구,949. 연신내역 1번 출구,202106,1399
은평구,950. 구산역 2번 출구,202106,2063
은평구,952. 서울연신중학교,202106,557
은평구,953. 서울연신초등학교,202106,746
은평구,954. 은평뉴타운구파발9단지,202106,786
은평구,956. 응암시장교차로,202106,2741
은평구,958. 신한은행 응암동 지점 앞,202106,1333
은평구,959. 구파발10단지 인근,202106,448
은평구,960. 구파발역 환승센터,202106,1337
은평구,961. 불광역 9번 출구,202106,1856
은평구,962. 은평뉴타운 힐데스하임,202106,1518
은평구,963. 대호프라자아파트,202106,1026
은평구,964. 북한산힐스테이트 7차아파트,202106,636
은평구,965. 서울특별시 은평병원,202106,646
은평구,966. 서울혁신파크1,202106,512
은평구,967. 서울혁신파크2,202106,515
은평구,968. 은평뉴타운 상림마을 13단지,202106,233
은평구,969. 은평 지웰테라스,202106,347
은평구,971. 역촌 센트레빌 아파트,202106,441
은평구,972. 수색역,202106,1368
은평구,973.제각말푸르지오 5-1단지 아파트,202106,310
은평구,974.연신초등학교옆 마을마당,202106,225
은평구,975.백련산 힐스테이트상가앞,202106,567
은평구,976.진관고등학교앞,202106,701
은평구,977.신도중학교앞,202106,323
은평구,978.녹번 힐스테이트상가앞,202106,364
은평구,979.원풍빌라앞,202106,729
은평구,982.유니클로 은평점앞,202106,959
은평구,984.상신초등학교앞 버스정류장,202106,1474
은평구,985.은평온누리약국앞,202106,1180
은평구,989.응암 꼬꼬닭치킨호프 앞,202106,1627
은평구,991.흥국사 정류장,202106,143
은평구,992.북한산입구 정류장,202106,415
은평구,993.은평뉴타운 은뜨락아파트앞,202106,773
은평구,994.북한산생태공원입구(교통섬),202106,348
은평구,995.은평다목적체육관,202106,478
은평구,996.응암역 1번출구,202106,4494
종로구,301. 경복궁역 7번출구 앞,202106,1753
종로구,302. 경복궁역 4번출구 뒤,202106,3048
종로구,303. 광화문역 1번출구 앞,202106,2146
종로구,305. 종로구청 옆,202106,2435
종로구,306. 광화문역 7번출구 앞,202106,1719
종로구,307. 서울역사박물관 앞,202106,1188
종로구,308. 광화문 S타워 앞,202106,2171
종로구,309. 광화문역 6번출구 옆,202106,1360
종로구,314. 국립현대미술관,202106,1497
종로구,316. 종각역 1번출구 앞,202106,2178
종로구,326. 안국역 5번출구 앞,202106,1719
종로구,327. 낙원상가 옆,202106,1581
종로구,328. 탑골공원 앞,202106,906
종로구,329. 청계2가 사거리 옆,202106,1627
종로구,334. 종로3가역 2번출구 뒤,202106,1510
종로구,335. 종로3가역 15번출구 앞,202106,1186
종로구,337. 창경궁 입구,202106,608
종로구,338. 세운스퀘어 앞,202106,1059
종로구,339. 종로4가 사거리,202106,1212
종로구,340. 혜화동 로터리,202106,1925
종로구,3401.창신두산아파트,202106,188
종로구,3402.이화공영주차장,202106,494
종로구,3403.서울특별시 교육청,202106,180
종로구,3404.서울특별시 중부교육지원청,202106,257
종로구,3405.파크팰리스,202106,1312
종로구,3406.세종로공원,202106,1068
종로구,3407.안국동사거리(신),202106,1864
종로구,3408.종로타워빌딩,202106,1320
종로구,341. 혜화역 3번출구 뒤,202106,1493
종로구,3410.종로3가역 8번출구,202106,2540
종로구,3411.종묘,202106,1112
종로구,3412.세운상가,202106,871
종로구,3413.종로플레이스,202106,1930
종로구,3414.종로5가역 4번출구,202106,1040
종로구,3416.동묘앞역 6번출구,202106,1681
종로구,3417.창신3동주민센터,202106,1262
종로구,3418.창신역2번 출구,202106,226
종로구,3419.국립어린이과학관,202106,484
종로구,342. 대학로 마로니에공원,202106,3109
종로구,3420.성균관대입구사거리(맥도날드),202106,1430
종로구,3421.혜화역 1번출구,202106,2167
종로구,3422.성균관대 정문,202106,1951
종로구,3423.현대그룹(본사),202106,1017
종로구,3425.광화문 풍림스페이스본 1단지앞,202106,106
종로구,3426.독립문역 2번출구 뒤,202106,406
종로구,3427.인왕산 아이파크 정문,202106,290
종로구,3428.서울미술관,202106,209
종로구,3429.AW컨벤션앞,202106,328
종로구,343. 예일빌딩(율곡로) 앞,202106,747
종로구,3430.구기치안센터 앞,202106,182
종로구,3431.로제우스 레포츠센터,202106,277
종로구,3432.종로2가 사거리,202106,1543
종로구,344. 성균관대 E하우스 앞,202106,1160
종로구,345. 서울보증보험본사 앞,202106,1450
종로구,348. 독립문역 사거리,202106,1230
종로구,349. 사직동주민센터,202106,1080
종로구,351. 청운초교 앞 삼거리,202106,999
종로구,352. 중앙고입구 삼거리,202106,372
종로구,353. 재동초교 앞 삼거리,202106,1198
종로구,354. 포르투갈 대사관 앞,202106,960
종로구,355. 서울사대부속초교 앞,202106,1262
종로구,356. KT혜화지사 앞,202106,1335
종로구,358. 성대입구 사거리,202106,1219
종로구,359. 원남동사거리,202106,1160
종로구,361. 동묘앞역 1번출구 뒤,202106,3603
종로구,362. 청계8가 사거리,202106,2536
종로구,363. 신설동역 11번출구 뒤,202106,2164
종로구,364. 창신역 1번출구 앞,202106,608
종로구,367. 독립문역 3-1번출구,202106,1359
종로구,368. SK 서린빌딩 앞,202106,1609
종로구,369. 광화문 시민열린마당,202106,1582
종로구,385. 종각역 5번출구,202106,1780
종로구,388. 동성중학교 앞,202106,710
종로구,393. 동대문역 8번 출구,202106,2945
종로구,394. 경희궁 자이 3단지,202106,1275
종로구,395. 경희궁 자이 2단지,202106,1496
종로구,397. 종묘공영주차장 건너편,202106,565
종로구,446. 상명대입구,202106,727
종로구,447. 신영동삼거리,202106,122
종로구,449. 일성아파트,202106,363
종로구,450. 효자동 삼거리,202106,767
종로구,451. 청와대앞길,202106,348
종로구,452. 동대문 종합시장 버스정류장,202106,577
종로구,453. 종로오가 지하쇼핑센터 14번출구,202106,1292
종로구,454. 종로2가 버스정류장 (종각방향),202106,1231
종로구,455. 삼익한의원,202106,1197
종로구,456. 숭인2동 주민센터 입구 (이강3대냉면),202106,1255
종로구,457. 종로꽃시장 입구 옆,202106,1197
종로구,458. 광화문역 5번출구,202106,3013
종로구,461. 서울지방경찰청,202106,1312
종로구,462. 신영동삼거리(북악터널방향),202106,168
종로구,464. 삼청동 골목,202106,1137
종로구,465. 삼청공원 앞,202106,160
종로구,"4702. 평창동 꽃여울(꽃집),스타벅스 앞",202106,164
종로구,4703. 쌍용아파트2단지 정문,202106,55
종로구,4704. 쌍용아파트2단지 상가앞,202106,80
종로구,4705. 웰니스센터(민방위교육장 앞),202106,996
종로구,4707. 청계3가 사거리,202106,653
종로구,4708. 조계사앞사거리(파리바케트앞),202106,1216
종로구,4709. 천지인 오피스텔 앞,202106,74
종로구,4710. 자교교회 앞,202106,1759
종로구,4711. 올림픽기념 국민생활관 로터리,202106,1361
종로구,4713. 현대 뜨레비앙 아파트 앞,202106,1287
종로구,486. 평창동주민센터 앞,202106,187
중구,300. 정동사거리,202106,1585
중구,3013.서울지방고용노동청 앞,202106,1119
중구,310. 청계광장 옆,202106,1919
중구,318. 광교사거리 남측,202106,1215
중구,320. 을지로입구역 4번출구 앞,202106,1366
중구,321. KEB 하나금융그룹 명동사옥 옆,202106,929
중구,322. 명동성당 앞,202106,598
중구,324. 신세계백화점 본점 앞,202106,847
중구,331. 을지로2가 사거리 북측,202106,818
중구,332. 을지로2가 사거리 남측,202106,928
중구,336. 티마크 호텔 앞,202106,990
중구,346. 맥스타일 앞,202106,1609
중구,347. 동대문역사문화공원역 9번출구 앞,202106,793
중구,370. 시청역(2호선) 9번출구 뒤,202106,2986
중구,371. 동대입구역 6번출구 뒤,202106,389
중구,372. 약수역 3번출구 뒤,202106,879
중구,374. 청구역 2번출구 앞,202106,1723
중구,375. 다산 어린이공원,202106,1949
중구,378. 청계7가 사거리,202106,2211
중구,379. 서울역9번출구,202106,1152
중구,380. CJ제일제당 앞,202106,1571
중구,381. 장충체육관,202106,139
중구,382. 약수역 10번출구 앞,202106,684
중구,383. 신당역 12번 출구 뒤,202106,2726
중구,384. 종로학원본원,202106,265
중구,387. 훈련원공원주차장 앞,202106,1390
중구,389. 을지로4가역 1번출구,202106,1000
중구,390. 충무로역 1번출구,202106,1591
중구,391. 정동길입구,202106,1283
중구,398. 을지로3가역 3번출구,202106,1778
중구,399. 서울역 센트럴 자이아파트,202106,869
중구,428. 명보사거리,202106,395
중구,429. 송도병원,202106,197
중구,430. KEB하나은행 장충동지점,202106,665
중구,431. 청계천 영도교,202106,3777
중구,433. 을지로입구역 2번출구,202106,1509
중구,434. 신당 래미안 버스정류장,202106,359
중구,435. SK 남산빌딩,202106,535
중구,441.염천교사거리,202106,538
중구,442.서울역 서부,202106,526
중구,443.호암아트홀,202106,327
중구,445.대한상공회의소,202106,1269
중구,466.롯데호텔,202106,493
중구,467.한국은행,202106,343
중구,468.웨스틴 조선호텔,202106,589
중구,469.회현역 1번출구,202106,296
중구,470.회현역 7번출구,202106,361
중구,471.회현사거리 남측,202106,598
중구,472.삼일교(시그니쳐 타워),202106,828
중구,473.을지로4가역 9번출구,202106,1472
중구,474.동대문역사문화공원역 1번출구 뒤편,202106,1958
중구,475.DDP 패션몰,202106,1117
중구,4752. 삼성사이버빌리지아파트,202106,711
중구,4753. 우리은행 서소문금융센터,202106,732
중구,476.광희문,202106,802
중구,4760. 서울역 7번출구,202106,290
중구,4761. 탐앤탐스 을지로3가점,202106,311
중구,4762. 국제빌딩,202106,453
중구,4765. 동대문디자인플라자,202106,1781
중구,4766. 서소문성지역사박물관,202106,361
중구,4768. 서울도시건축전시관,202106,2609
중구,477.앰배서더 호텔 주변,202106,242
중구,4772. 중앙일보,202106,225
중구,4774. 을지로입구역 8번출구,202106,526
중구,4775. 을지로지하쇼핑센터,202106,771
중구,4776. 신세계면세점,202106,466
중구,4777. 약수동 주민센터,202106,147
중구,4778. 대신파이낸스센터,202106,707
중구,4779. 태극당,202106,692
중구,4781. 브라운스위트레지던스,202106,530
중구,4782. 서소문역사공원,202106,211
중구,4784. 중부경찰서앞 사거리,202106,471
중구,4785. 롯데시티호텔,202106,609
중구,479.동대입구역 3번 출구,202106,283
중구,4791. 명동역9번 출구,202106,1295
중구,4792. 퇴계로4가 교차로(중구청),202106,1310
중구,4793. 동대문역사문화공원역 5번출구,202106,723
중구,4794. 서울역 서부교차로(3),202106,563
중구,4796. 부산은행,202106,1693
중구,4797. KG타워 앞,202106,538
중구,480.약수역 6번 출구,202106,552
중구,481.신당역 10번 출구,202106,1103
중구,482.예수소망교회,202106,143
중구,483.남산타운아파트 버스정류장,202106,295
중구,484.도동삼거리,202106,207
중구,485.서울역5번출구,202106,1238
중구,826. 서울역 서부교차로2,202106,1570
중랑구,1401. 극동늘푸른아파트,202106,1895
중랑구,1402. 금란주차장 앞,202106,1706
중랑구,1403. 중화빌딩 앞 (동부시장),202106,1611
중랑구,1404. 동일로 지하차도,202106,1641
중랑구,1405. 망우역 1번출구,202106,1233
중랑구,1406. 망우청소년수련관,202106,254
중랑구,1407. 먹골역 1번출구 뒤,202106,1193
중랑구,1408. 먹골역 6번출구 앞,202106,1165
중랑구,1410. 면목 대원칸타빌아파트,202106,278
중랑구,1411. 상봉시장앞 교차로 한성빌딩 앞,202106,1662
중랑구,1412. 면목초등학교,202106,755
중랑구,1413. 봉화산역 5번출구 뒤,202106,1238
중랑구,1414. 사가정역 1번출구,202106,3212
중랑구,1416. 상봉역 3번출구,202106,1526
중랑구,1418. 새솔초등학교,202106,395
중랑구,1420. 신내어울공원 앞,202106,735
중랑구,1421. 신내역 4번출구,202106,282
중랑구,1422. 신내우디안아파트 1단지,202106,238
중랑구,1424. 양원역 2번출구,202106,214
중랑구,1425. 용마문화복지센터,202106,892
중랑구,1426. 면목도시개발아파트 1동 앞,202106,563
중랑구,1427. 용마산역 1번출구,202106,279
중랑구,1428. 원묵고등학교,202106,773
중랑구,1429. 장안중학교,202106,1227
중랑구,1430. 중랑구청,202106,819
중랑구,1431. 중랑구청 사거리,202106,1732
중랑구,1433. 중화역 2번출구,202106,1985
중랑구,1435. 능산삼거리,202106,224
중랑구,1436. 영풍마드레빌,202106,909
중랑구,1437. 늘푸른공원 앞,202106,1470
중랑구,1438. 홈플러스 신내점 앞,202106,2495
중랑구,1440. 하나은행 면목지점,202106,1507
중랑구,1441. 신내능말공원,202106,499
중랑구,1442. (구)신한은행 중랑교지점,202106,2152
중랑구,1443. 구립망우청소년독서실,202106,563
중랑구,1444. 면목4치안센터,202106,1321
중랑구,1445. 용마지구대,202106,227
중랑구,1446. 중랑전화국 교차로,202106,1334
중랑구,1447. 면목역 3번출구,202106,2812
중랑구,1448. 코스트코 상봉점,202106,2458
중랑구,1449. 상봉역 1번출구,202106,2546
중랑구,1450. 화랑대역 7번출구,202106,1614
중랑구,1451. 중랑세무서,202106,3135
중랑구,1452. 겸재교 진입부,202106,3032
중랑구,1453. 중랑캠핑숲,202106,379
중랑구,1454. 한국전력공사(동대문 중랑지사),202106,929
중랑구,1455. 상봉역 2번 출구,202106,1927
중랑구,1456. 상아빌딩(우림시장 교차로),202106,1196
중랑구,1457. 동원사거리,202106,1153
중랑구,1458. 상봉터미널2,202106,2007
중랑구,1459. 용마한신아파트사거리,202106,458
중랑구,1461.동양엔파트 앞,202106,1267
중랑구,1462.동부시장 북문 앞,202106,1786
중랑구,1463.중랑구민회관,202106,251
중랑구,1464.중화역 4번출구,202106,1106
중랑구,1465.중랑공영차고지 옆,202106,921
중랑구,1466.두산대림아파트 삼거리,202106,528
중랑구,1467.sk신내 주유소앞(용마산로),202106,154
중랑구,1468.먹골역 7번 출구,202106,771
중랑구,1469.먹골역 4번출구,202106,1014
중랑구,1470.중화동 우리은행 앞,202106,1396
중랑구,1471.동양쇼핑 정류소 앞,202106,1662
중랑구,1472.영성빌딩(PAT),202106,733
중랑구,1473.중랑역 1번 출구(중화문화복지센터),202106,1587
중랑구,1474.서울중랑우체국,202106,971
중랑구,1476.중목초등학교 앞 육교,202106,2
중랑구,1477.면목삼익아파트 앞,202106,520
중랑구,1478.홈플러스 상봉점 앞,202106,1630
중랑구,1479.면목 홈플러스 2,202106,1391
중랑구,1480. 용마지구대 옆,202106,858
중랑구,4802. 새우개마을,202106,228
중랑구,4803. 상봉2동 주민센터 앞,202106,963
중랑구,4804. 동서울농협 앞,202106,1287
중랑구,4807. 라코지스테이 앞,202106,420
중랑구,4808. 신내2동 주민센터 앞,202106,609
중랑구,"4809. 동성1,2차 아파트 앞",202106,1165
중랑구,4811. 한양수자인아파트 앞,202106,260
중랑구,4812. 묵동 이마트 앞,202106,1305
중랑구,4813. 망우로 버거킹 앞,202106,1624
중랑구,4815. 중랑데시앙플렉스 앞,202106,218
중랑구,4819. 면목동 새싹어린이공원 앞,202106,661
강남구,2301. 현대고등학교 건너편,202107,2545
강남구,2302. 교보타워 버스정류장(신논현역 3번출구 후면),202107,1176
강남구,2303. 논현역 7번출구,202107,1467
강남구,2304. 신영 ROYAL PALACE 앞,202107,349
강남구,2305. MCM 본사 직영점 앞,202107,341
강남구,2306. 압구정역 2번 출구 옆,202107,1265
강남구,2307. 압구정 한양 3차 아파트,202107,383
강남구,2308. 압구정파출소 앞,202107,673
강남구,2309. 청담역(우리들병원 앞),202107,418
강남구,2310. 청담동 맥도날드 옆(위치),202107,410
강남구,2311. 학동로 래미안 아파트 앞,202107,310
강남구,2312. 청담역 13번 출구 앞,202107,449
강남구,2313. 금원빌딩 앞,202107,756
강남구,2314. 청담나들목입구,202107,704
강남구,2315. 봉은사역 5번출구 옆,202107,921
강남구,2316. 삼성역 8번출구,202107,1009
강남구,2317. 삼성도로공원,202107,1067
강남구,2318. 삼성중앙역4번출구(문화센터더 리빌),202107,366
강남구,2319. 포스코사거리 서측(수협 삼성동 지점),202107,662
강남구,2320. 도곡역 대치지구대 방향,202107,615
강남구,2321. 학여울역 사거리,202107,733
강남구,2322. 삼성역 3번 출구,202107,676
강남구,2323. 주식회사 오뚜기 정문 앞,202107,472
강남구,2324. 천주교 대치 2동 교회 옆,202107,1154
강남구,2325. 대치동 버거킹대치점,202107,762
강남구,2326. 대치동 삼성로,202107,377
강남구,2327. 뱅뱅사거리 랜드마크타워 앞,202107,1222
강남구,2328. 르네상스 호텔 사거리 역삼지하보도 7번출구 앞,202107,452
강남구,2329. 르네상스호텔사거리 역삼지하보도 2번출구,202107,355
강남구,2330. 스타벅스 앞,202107,663
강남구,2331. 동영문화센터앞,202107,517
강남구,2332. 선릉역3번출구,202107,1211
강남구,2333. 양재역 3번출구 주변,202107,1065
강남구,2334. 삼호아파트 2동 ( 간선도로),202107,185
강남구,2335. 3호선 매봉역 3번출구앞,202107,1580
강남구,2336. 강남세브란스교차로 래미안그레이튼 104동 앞,202107,278
강남구,2337. 대모산입구역 2번출구 앞,202107,451
강남구,2339. 현대아파트 정문 앞,202107,526
강남구,2340. 삼호물산버스정류장(23370) 옆,202107,2305
강남구,2341. 일원역 4~5번 출구 사이,202107,555
강남구,2342. 대청역 1번출구 뒤,202107,2160
강남구,2343. 세곡사거리 대왕파출소 앞,202107,83
강남구,2344. 리엔파크 2단지 앞,202107,593
강남구,2347. 두산건설 본사,202107,156
강남구,2348. 포스코사거리(기업은행),202107,1769
강남구,2349. 역삼빌딩 앞(하나은행 옆),202107,193
강남구,2350. 래미안그레이튼102동앞,202107,264
강남구,2351. 청소년수련관(수영장)앞,202107,339
강남구,2352. 서울본부세관(건설회관 앞),202107,203
강남구,2353. 강남구청역 2번출구 뒤,202107,473
강남구,2354. 청담역 2번출구,202107,230
강남구,2355. 삼성역 5~6번 출구 사이,202107,1197
강남구,2356. 강남구청,202107,362
강남구,2357. 르네상스호텔사거리 역삼지하보도 3번출구 앞 (더 오번 빌딩 명동칼국수 앞),202107,323
강남구,2358. 구룡초사거리 (현대아파트10동 앞 ),202107,393
강남구,"2359. 국립국악중,고교 정문 맞은편",202107,1002
강남구,2360. 도곡1동 주민센터 교차로,202107,409
강남구,2361. 압구정역 교차로,202107,867
강남구,2362. 신사동 가로수길 입구,202107,929
강남구,2363. 강남 을지병원 교차로,202107,328
강남구,2364. 도산대로 렉서스 앞,202107,544
강남구,2365. K+ 타워 앞,202107,965
강남구,2368. 도곡동 경남아파트 건너편,202107,248
강남구,2369. KT선릉타워,202107,907
강남구,2370. 한티역 3번출구,202107,398
강남구,2371. 한국우편사업진흥원,202107,170
강남구,2372. 대치역 사거리,202107,1008
강남구,2373. 개포동역 사거리,202107,1015
강남구,2375. 수서역 1번출구 앞,202107,924
강남구,2376. 수서역 6번출구 앞,202107,282
강남구,2377. 수서역 5번출구 뒤,202107,2657
강남구,2380. 삼성동베이직하우스앞,202107,382
강남구,2381. 언주역 6번출구앞,202107,425
강남구,2382. 역삼동 sk뷰 501동앞,202107,296
강남구,2383. 보금자리정원,202107,207
강남구,2384. 자곡사거리,202107,1939
강남구,2385. 학동역,202107,657
강남구,2386. 크린랩 본사,202107,206
강남구,2387. 래미안강남힐즈 사거리,202107,879
강남구,2388. 강남구 도시관리공단,202107,335
강남구,2389. 경기여자고등학교 후문 (삼성로3길 입구),202107,592
강남구,2390. 구룡마을 입구 (래미안블레스티지 아파트),202107,255
강남구,2391. 구룡터널 입구(개포1단지아파트),202107,6
강남구,2392. 구룡산 입구 (구룡산 서울둘레길 입구),202107,92
강남구,2393. 구룡사 앞 교차로 (보도육교),202107,50
강남구,2394. 개포래미안포레스트아파트 107동 앞,202107,678
강남구,2395. 개포1단지아파트 입구 (보도육교),202107,36
강남구,2396. 영동3교 북단(우성캐릭터 앞 보도),202107,617
강남구,2398. 더라움,202107,272
강남구,2401. 밀알학교 입구 (삼성서울병원 입구),202107,411
강남구,2403. 공무원연금매점 교차로 (개포주공9단지 입구),202107,231
강남구,2404. 대모산입구역 4번 출구 앞,202107,1115
강남구,2405. 청담공원앞 교차로,202107,656
강남구,2406. 논현동 광명빌딩 앞,202107,500
강남구,2407. 역삼.서초.삼성 세무서 앞 (역삼빌딩 앞),202107,1294
강남구,2408. 강남한양수자인아파트,202107,953
강남구,2409. 역삼동 디오슈페리움 (우성아파트 사거리),202107,747
강남구,2410. 포스코피앤에스타워 (역삼역 3번출구 부근),202107,726
강남구,2411. 세곡동 성당,202107,731
강남구,2412. 일원1동 주민센터,202107,1441
강남구,2413.도곡역 1번 출구,202107,969
강남구,2414. 도곡역 아카데미스위트 앞,202107,1218
강남구,2415.한티역 롯데백화점 앞,202107,816
강남구,2416.한티역 6번 출구,202107,338
강남구,2417.선정릉 디캠프(D.CAMP)앞,202107,279
강남구,2418.봉은사역 7번 출구,202107,605
강남구,"2419.봉은사역 1,2번 출구",202107,514
강남구,2420.학여울역 사거리(LG베스트샵 앞),202107,810
강남구,2421. 신논현역 4번출구,202107,731
강남구,2422.수서동 성당 맞은편,202107,801
강남구,2423.영희초교 사거리(래미안개포루체하임),202107,1185
강남구,2425.세곡동 사거리(대왕초등학교 정류장),202107,158
강남구,2426.강남한신휴플러스 6단지,202107,418
강남구,2427.개포고등학교 정문앞,202107,493
강남구,2428.롯데리아 개포점앞,202107,427
강남구,2429.압구정로데오역 6번출구,202107,714
강남구,2430.강남파이낸스센터앞(역삼역2번출구),202107,368
강남구,2431.대치역 7번출구,202107,1375
강남구,3602. 한국지역난방공사강남지사,202107,363
강남구,3603. 삼성역 2번출구,202107,597
강남구,3604. 삼성중앙역 5번출구,202107,433
강남구,3606. 신사동주민센터 옆,202107,757
강남구,3609. 언주초등학교 입구,202107,391
강남구,3610. 윗반마을 입구,202107,110
강남구,3611. 방죽마을 입구,202107,380
강남구,3612. 은곡마을,202107,374
강남구,3614. 은마아파트 입구 사거리,202107,878
강남구,3615. 서울 논현동우체국 앞,202107,172
강남구,3616. 역삼중학교 앞(체육관 방향),202107,215
강남구,3618. 서울율현초교 삼거리,202107,475
강남구,3620. 청담역 11번 출구,202107,100
강남구,3621. 휘문고교 사거리,202107,190
강남구,3622. 은마아파트입구 사거리,202107,157
강남구,3623. 일원에코파크 앞(개포로 방면),202107,745
강남구,3624. 대모산입구역 7번 출구 앞,202107,107
강남구,3627. 압구정나들목,202107,2321
강남구,3628. 역삼1동 주민센터,202107,967
강남구,3629. 청담사거리(신한오피스텔빌딩 앞),202107,451
강남구,3630. 개포우성6차아파트 정문 앞,202107,351
강남구,3634. 국악고교 앞 교차로,202107,339
강남구,3636. 삼성중앙역·플래티넘아파트 정류소,202107,227
강남구,3637. 세곡데이케어센터,202107,255
강남구,3638. 신청담나들목,202107,315
강남구,3640. 일원1동주민센터앞 사거리,202107,452
강동구,1001. 광진교 남단 사거리(디지털프라자앞),202107,1829
강동구,1002. 해공공원(천호동),202107,2852
강동구,1003. 해공도서관앞,202107,955
강동구,1004. 삼성광나루아파트 버스정류장,202107,1417
강동구,1006. 롯데캐슬 115동앞,202107,293
강동구,1007.암사동 선사유적지,202107,214
강동구,1008. 암사역 3번출구(국민은행앞),202107,4253
강동구,1009. 천호역4번출구(현대백화점),202107,4451
강동구,1010. 강동세무서,202107,2572
강동구,1011. LIGA 아파트 앞,202107,2819
강동구,1012. 서울 상운차량,202107,1338
강동구,1013. 강동구청역 1번 출입구,202107,1885
강동구,1014. 강동구평생학습관앞,202107,1306
강동구,1015. 샛마을 근린공원,202107,934
강동구,1016. 해뜨는 주유소옆 리엔파크 109동앞,202107,913
강동구,1017. 맥도날드(길동),202107,1941
강동구,1018. 둔촌 주공 GS 맞은편,202107,704
강동구,1019. 다성이즈빌아파트(호원대 대각선 맞은편),202107,3604
강동구,1020. 강동경찰서,202107,3497
강동구,1021. 강일동 리슈빌 빌딩앞,202107,1993
강동구,1022. 길동 사거리(초소앞),202107,2160
강동구,1023. 한국종합기술사옥 앞,202107,2616
강동구,1024. 강동구청 앞,202107,3239
강동구,1025. 상일초등학교,202107,721
강동구,1026. 대명초교 입구 교차로,202107,711
강동구,1027. 프라자 아파트 앞,202107,1543
강동구,1028. 포레스 주상복합 빌딩,202107,1792
강동구,1029. 롯데 시네마,202107,2658
강동구,1030. 미호 플랜트 앞,202107,995
강동구,1031. 올림픽로 836(아리수로),202107,843
강동구,1032. 선사고등학교,202107,701
강동구,1033. 고덕동 아남아파트,202107,847
강동구,1034. 고덕동 래미안 힐스테이트,202107,624
강동구,1035. 고덕역 4번출구,202107,1446
강동구,1036. 고덕동 주양쇼핑,202107,1278
강동구,1037. 강일리버파크 6단지,202107,358
강동구,1038. 강일 다솜 어린이 공원,202107,393
강동구,1039. 고덕초등학교,202107,159
강동구,1041. 묘곡초등학교,202107,946
강동구,1042. 강일리버파크 2~5단지,202107,742
강동구,1044. 굽은다리역,202107,4318
강동구,1047. 건강보험 강동지사kt,202107,2220
강동구,1048. 동부기업(둔촌동),202107,2367
강동구,1049. 강일리버파크 10단지,202107,756
강동구,1050. 둔촌역 3번 출입구,202107,4032
강동구,1051. 양지시장 (용성약국앞) 입구,202107,1223
강동구,1052. 리싸이클시티,202107,179
강동구,1053. 동명근린공원 진입로 (아리수로),202107,365
강동구,1054. 말우물 어린이 공원,202107,301
강동구,1056. 강일리버파크 7~11단지,202107,494
강동구,1057. 능골근린공원,202107,913
강동구,1058. 고덕숲 아이파크 1,202107,638
강동구,1059. 래미안 강동팰리스(102동),202107,1332
강동구,1060. 천일초교 사거리,202107,996
강동구,1061. 천호초교 입구 사거리(일주빌딩),202107,1418
강동구,1062. 고덕숲 아이파크 2,202107,289
강동구,1063.강동롯데캐슬퍼스트 아파트(관리동),202107,532
강동구,1064.중앙보훈병원역 1번출구,202107,412
강동구,1065.보훈병원 후문옆(더 원커피),202107,698
강동구,1066.생태공원앞 교차로(조명탑),202107,248
강동구,1067.한영중고앞사거리,202107,626
강동구,1068.명일파출소,202107,692
강동구,1069.강동경희대학교병원 입구,202107,384
강동구,1070.(시립)고덕평생학습관,202107,637
강동구,1071.명일근린공원공동체텃밭,202107,433
강동구,1072.고덕역 5번출구,202107,1163
강동구,1073.SSTS 몰 앞,202107,842
강동구,1074.대명초교입구 사거리,202107,1182
강동구,1075.천동초교 삼거리,202107,1587
강동구,1076.전자랜드 길동점,202107,2031
강동구,1077.강동역 1번출구 앞,202107,2401
강동구,1078.둔촌사거리,202107,2226
강동구,1079.강일동입구교차로,202107,493
강동구,1080.엘웨딩,202107,1233
강동구,1081.트레빌빌딩,202107,726
강동구,1082.중앙보훈병원역3번출구,202107,180
강동구,1083.광문고교사거리(아이파크),202107,787
강동구,1084. 윤선생빌딩(JYP사옥),202107,2436
강동구,1085.래미안 솔베뉴(고덕로),202107,841
강동구,1086.래미안 솔베뉴(구천면로),202107,769
강동구,1088.풍납사거리(강동),202107,1324
강동구,1089.고덕 래미안힐스테이트(201동),202107,390
강동구,1090.상일동역 2번출구 앞,202107,3392
강동구,3539. 서원마을,202107,236
강동구,3652. 한영외국어고등학교,202107,171
강동구,3653. 강동리버스트4단지아파트 404동 앞,202107,596
강동구,3654. 강동리버스트4단지아파트 405동 앞,202107,402
강동구,3655. 둔촌신성미소지움아파트,202107,537
강동구,3656. 둔촌푸르지오아파트,202107,1453
강동구,3657. 서울천호동우체국,202107,1400
강동구,3658. 프라이어팰리스아파트,202107,833
강동구,3659. 명일초등학교 옆,202107,271
강동구,3661. 명일동신동아아파트 앞,202107,241
강동구,3663. 암사정수센터교차로(강동롯데캐슬퍼스트아파트),202107,402
강동구,3664. 맥도날드 서울둔촌DT점 앞,202107,2056
강동구,3665. 고덕센트럴 아이파크상가 앞,202107,819
강동구,3668. 성내삼성아파트,202107,2285
강동구,3671. 둔촌동역교차로,202107,1726
강동구,3673. 강동리버스트6단지,202107,649
강동구,3674. 강동리버스트7단지,202107,442
강동구,3675. 강동리버스트8단지,202107,498
강동구,3676. 강동리엔파크9단지,202107,605
강동구,3677. 강동구음식물재활용센터,202107,81
강동구,3680. 강동역3번출구,202107,2324
강동구,3681. 길동 마루빌딩,202107,2676
강동구,3682. 길동 동호빌딩,202107,388
강동구,3683. KT&G강동지사,202107,1418
강동구,3684. 고덕자이(105동 앞),202107,669
강동구,3685. 강동리엔파크14단지(1401동 앞),202107,792
강동구,3686. 고덕 래미안 힐스테이트(101동),202107,37
강동구,3687. 신명초교입구 교차로,202107,1221
강동구,3688. 상일동산(동아아파트앞 교차로),202107,442
강북구,"1501. 미아역 3번,4번 출구 사이",202107,1880
강북구,1503. 이디야 커피 수유역점 앞,202107,2857
강북구,1504. 다이소 삼양시장점,202107,623
강북구,1506. 강북문화예술회관,202107,1812
강북구,1509. 서울북부수도사업소,202107,731
강북구,1510. 번동주공5단지 관리사무소 앞,202107,477
강북구,1511. 번동 금호어울림아파트102동앞,202107,481
강북구,1512. 강북중학교 앞,202107,2976
강북구,1513. 강북구청 뒷편,202107,328
강북구,1514. 강북구청 사거리 버스정류소 앞,202107,1607
강북구,1515. 송천동 주민센터,202107,852
강북구,1516. 우이초등학교 후문 옆,202107,958
강북구,1518. SK telecom(수유직영점) 앞,202107,813
강북구,1519. 세븐일레븐 수유장미원점 앞,202107,1170
강북구,1520. 성실교회,202107,1378
강북구,1522. 월드전기조명인테리어(우이동),202107,492
강북구,1525. 미아동 복합청사,202107,575
강북구,1526. 수유동 채선당앞,202107,920
강북구,1527. 미아역 1번 출구 뒤,202107,1123
강북구,1528. 삼각산동 주민센터,202107,627
강북구,1529. 미아동 한국전력공사,202107,2189
강북구,1530. 광산사거리,202107,1965
강북구,1531. 미아사거리 1번 출구,202107,2450
강북구,1532. 번3동 주민센터 교차로,202107,719
강북구,"1533. 번동 주공3, 4단지 교차로",202107,1452
강북구,1535. 효성인텔리안 앞,202107,1850
강북구,1536. 번동 두산위브 101동 옆,202107,1029
강북구,1537. 북한산 우이역,202107,749
강북구,1538. 솔밭공원역,202107,515
강북구,1539. 4.19민주묘지역,202107,731
강북구,1540. 가오리역,202107,1455
강북구,1541. 삼양역,202107,321
강북구,1542. 삼양사거리역,202107,501
강북구,1543. 수유1동 주민센터,202107,911
강북구,1545. 솔샘역 2번 출구,202107,372
강북구,1546. 송천동우체국,202107,663
강북구,1547. 꿈의숲 롯데캐슬,202107,620
강북구,1548. 북서울 꿈의숲 서문,202107,945
강북구,1550.삼각산아이원아파트(105동 옆),202107,135
강북구,1551.4.19탑 앞,202107,767
강북구,1552. 강북구청사거리(던킨도너츠 앞),202107,1911
강북구,1553.예수그리스도후기성도교회 앞,202107,945
강북구,1554.번동사거리,202107,1115
강북구,1557.신창교,202107,1377
강북구,1558.강북문화정보도서관,202107,467
강북구,1560. 도봉세무서 앞,202107,1302
강북구,1564.4.19민주묘지역 1번출구,202107,1105
강북구,1565.대한병원앞,202107,1600
강북구,1568.4.19민주묘지 입구사거리,202107,871
강북구,1569.수유역2번출구,202107,3078
강북구,1571.북서울 꿈의 숲 입구,202107,583
강북구,1572.우이산 먹거리마을,202107,223
강북구,1573.현대성우아파트 옆,202107,390
강북구,1574.송중초등학교 옆,202107,720
강북구,3703. 신성교회 앞,202107,423
강북구,3707. 드래곤타워 앞,202107,946
강북구,3711. 월계2교 교차로,202107,835
강북구,3714. 송천센트레빌,202107,387
강북구,3718. 번동 SK LPG 충전소,202107,982
강서구,1101. 개화동상사마을종점 버스정류장,202107,313
강서구,1102. 방화사거리 마을버스 버스정류장,202107,2943
강서구,1103. 방화역 4번출구앞,202107,2565
강서구,1105. 방화근린공원,202107,553
강서구,1106. 신방화사거리,202107,2855
강서구,1108. 공항시장역 2번출구 뒤,202107,1600
강서구,1109. 공항시장역 4번출구,202107,869
강서구,1110. 공항중학교앞,202107,1661
강서구,1111. 마곡엠밸리6_7단지 마곡중학교,202107,2279
강서구,1112. 마곡엠밸리4단지 정문,202107,4758
강서구,1113. 서남환경공원 버스정류장,202107,2168
강서구,1115. 등촌역 1번출구옆,202107,2417
강서구,1117. 스타벅스앞,202107,4159
강서구,1118. 증미역 3번출구뒤(등촌두산위브센티움오피스텔),202107,3390
강서구,1119. 염창동 한마음아파트앞(염창동 빛나는 음악학원앞),202107,2207
강서구,1120. 대림경동아파트앞,202107,2605
강서구,1121. 가양레포츠센터앞,202107,2046
강서구,1122. 황금내근린공원,202107,2864
강서구,1124. 발산역 6번 출구 뒤,202107,5918
강서구,1125. 명덕고교입구(영종빌딩),202107,5055
강서구,1126. 우장산역 1번출구옆(우장산아이파크105동앞),202107,1990
강서구,1127. 화곡역(에이스정형외과앞) 버스정류장,202107,1652
강서구,1128. 화곡역 6번출구,202107,1943
강서구,1129. 화곡역 1번 출구 앞,202107,1985
강서구,1130. 화곡본동시장 버스정류장,202107,759
강서구,1131. 꿈돌이공원 앞,202107,2683
강서구,1132. 등촌역 7번출구,202107,2680
강서구,1135. 강서구의회,202107,2344
강서구,1136. 등촌2파출소,202107,1037
강서구,1137. 등촌2동주민센터,202107,464
강서구,1139. 용문사 버스정류장,202107,1788
강서구,1140. 목동사거리 버스정류장,202107,2304
강서구,1141. 곰달래 문화복지센터 1-1,202107,1549
강서구,1145. 곰달래 문화복지센터 1-2,202107,964
강서구,1146. 곰달래사거리,202107,1882
강서구,1148. 볏골공원,202107,1487
강서구,1149. 신방화역환승주차장,202107,5394
강서구,1150. 송정역 1번출구,202107,2281
강서구,1151. 마곡역1번출구,202107,3307
강서구,1152. 마곡역교차로,202107,7299
강서구,"1153. 발산역 1번, 9번 인근 대여소",202107,7351
강서구,1155. 기쁜우리복지관,202107,2323
강서구,1157. 강서구청,202107,2922
강서구,1158. 가양역 8번출구,202107,6829
강서구,1159. 서서울모터리움앞,202107,994
강서구,1160. 양천향교역 7번출구앞,202107,7042
강서구,1161. 강서면허시험장앞,202107,427
강서구,1162. 공항초등학교건너편,202107,2757
강서구,1163. 방화동강서기동대앞,202107,2599
강서구,1165. 마곡중학교 후문,202107,1353
강서구,1166. 강서구립등빛도서관,202107,4334
강서구,1167. 마곡수명산파크3단지 교차로,202107,3456
강서구,1168. 마곡엠밸리10단지 앞,202107,1490
강서구,1169. 염창역 1번 출구,202107,1969
강서구,1170. 강서구보건소 (삼성디지털 프라자),202107,1582
강서구,1171. 염창동 새마을금고 건너편 (모닝글로리),202107,1749
강서구,1172. 가양3동 주민센터,202107,2352
강서구,1173. 강서구청사거리(SH타워),202107,3191
강서구,1174. 강서구청사거리(부민병원),202107,1596
강서구,1175. 대한항공 인력개발센터,202107,1789
강서구,1177. 수명중?고교,202107,1491
강서구,1178. 개화산역 2번 출구,202107,1431
강서구,1180. 마곡엠밸리 15단지(1502동) 건너편,202107,3030
강서구,1181. 농수산식품공사 (강서지사),202107,357
강서구,1182. KBS 스포츠월드,202107,3066
강서구,1183. KC 대학교,202107,538
강서구,1184. 마곡13단지,202107,3723
강서구,1185. 등촌9단지,202107,1357
강서구,1186. 송정중학교,202107,1057
강서구,1187. 강서수산물도매시장,202107,972
강서구,1188. 롯데중앙연구소,202107,287
강서구,1190. 마곡역 교차로(2번출구),202107,1697
강서구,1191. 마곡역 교차로(NH농협),202107,3576
강서구,1192. 마곡수명산파크 209동 건너편,202107,1884
강서구,1193. 마곡센트럴타워 1차,202107,3418
강서구,1194. 센서텍㈜,202107,1420
강서구,1195. 코오롱One&Only타워,202107,3120
강서구,1196. 서울식물원(문화센터) 건너편,202107,390
강서구,1197. 엠펠리체 호텔 건너편,202107,2800
강서구,1198. LG 사이언스파크,202107,756
강서구,1199. 우장산역 3번출구,202107,2766
강서구,1200. 개화광역환승센터,202107,278
강서구,2701. 마곡나루역 5번출구 뒤편,202107,6531
강서구,2702. 마곡 엠밸리2단지,202107,1387
강서구,2703.서울도시가스 앞,202107,1161
강서구,2704.홈플러스(강서점),202107,3498
강서구,2706.강서공업고등학교 앞,202107,2029
강서구,2707.한강아파트,202107,1922
강서구,2708.강서한강자이타워 앞,202107,3773
강서구,2709.강변아파트 310동 앞,202107,1443
강서구,2710.라이품 공영주차장 앞,202107,1258
강서구,2711.가로공원공영주차장 1번 출구,202107,1541
강서구,2712.화곡터널입구교차로,202107,999
강서구,2713.우장초등학교 앞,202107,1410
강서구,2715.마곡나루역 2번 출구,202107,10747
강서구,2716.롯데 R&D 센터,202107,610
강서구,2717.LG유플러스 마곡사옥,202107,4253
강서구,2718.마곡수명산파크1단지,202107,2163
강서구,2719.마곡문화공원,202107,2909
강서구,2720.힐스테이트에코,202107,3903
강서구,2721.등촌1-10단지 교차로,202107,3635
강서구,2722.마곡 문영비지웍스,202107,1748
강서구,2723.마곡 필네이처,202107,2752
강서구,2724.(재)FITI시험연구원,202107,2474
강서구,2725.서울식물원 식물문화센터,202107,1211
강서구,2727.서울식물원 잔디마당 앞,202107,1948
강서구,2728.마곡나루역 3번 출구,202107,6469
강서구,2729.넥센 유니버시티 앞,202107,2232
강서구,2730.마곡메가박스 앞,202107,2243
강서구,2731.명덕고교,202107,1090
강서구,2732.마곡수명산 1-2단지,202107,1632
강서구,2733.마곡13단지 정문 앞,202107,3887
강서구,2735.마곡 공공청사,202107,2935
강서구,2737.까치산역 3번 출구,202107,1847
강서구,2739.수명산파크1단지교차로,202107,3085
강서구,2740.마곡레포츠센터,202107,691
강서구,2741.마곡수명산파크5-6단지,202107,1192
강서구,2742.강서구민올림픽체육센터,202107,1291
강서구,2743.동신아파트 104동 앞,202107,1074
강서구,2744.강서세무서 앞,202107,3823
강서구,2745.수명초등학교,202107,1037
강서구,2746.수명산파크 4단지 411동 앞,202107,1436
강서구,3753. 공항중학교 버스정류장,202107,543
강서구,3754. 신방화역 8번출구,202107,1983
강서구,3755. 어위쉬예다인오피스텔,202107,1799
강서구,3756. 마곡힐스테이트 정문,202107,1519
강서구,3757. 신방화역 6번출구,202107,112
강서구,3758. 서울남부출입국관리소,202107,52
강서구,3759. 서울이대병원,202107,1986
강서구,3760. 발산역 8번 출구,202107,1593
강서구,3761. 나이아가라관광호텔,202107,543
강서구,3762. 마곡9단지 907동앞,202107,1584
강서구,3763. 등촌태영아파트,202107,1098
강서구,3764. 관문주유소(GS칼택스) 앞,202107,1484
강서구,3765. 문소빌딩,202107,398
강서구,3766. 강서문화센터,202107,225
강서구,3767. 대원빌딩,202107,788
강서구,3769. 가양동 이마트 앞,202107,2679
강서구,3770. 남부순환로 205,202107,596
강서구,3772. 길성그랑프리텔아파트,202107,2485
강서구,3774. 마곡9단지 910동 상가앞,202107,1476
강서구,3775. 가양오토갤러리,202107,1179
강서구,3776. 김포공항교차로,202107,653
강서구,3778. 김포공항입구 교차로,202107,1881
강서구,3779. 유광사여성병원,202107,1031
강서구,3780. 등촌서광아파트,202107,3889
강서구,3781. 강서아동복지센터,202107,75
강서구,3782. 겸재정선미술관,202107,1303
강서구,3783. 마곡금호어울림아파트,202107,1180
강서구,3784. 벽산아파트,202107,2292
강서구,3785. 마곡14단지 1408동앞,202107,1653
강서구,3786. 강서힐스테이트 상가 앞,202107,883
강서구,3787. 가양나들목,202107,1161
강서구,3788. 정곡나들목,202107,2679
강서구,3789. 염창나들목,202107,3274
강서구,3792. 화곡본동시장 입구,202107,739
강서구,3793. 더리브골드타워,202107,1145
강서구,3794. 안양천합수부(현대3차아파트),202107,1957
강서구,3795. 공항신성빌딩 앞,202107,821
강서구,3796. 송정역 3번출구 앞,202107,1945
강서구,3797. 마곡수명산파크7단지 710동 앞,202107,604
강서구,3798. 그랜드아이파크아파트 앞,202107,4346
강서구,3799. 국립항공박물관,202107,395
강서구,3801. 이랜드글로벌R&D센터,202107,313
관악구,2102. 봉림교 교통섬,202107,9850
관악구,2103. 신림동 우방아파트,202107,2367
관악구,2104. 사당역 5번출구,202107,1709
관악구,2105. 미성동 신림체육센터,202107,2030
관악구,2106. 난곡 새마을금고,202107,2281
관악구,2107. 도림천 신화교,202107,3773
관악구,2108. 은천치안센터,202107,1848
관악구,2109. 은천로입구 가로공원,202107,4065
관악구,2110. 조원동 미성아파트,202107,344
관악구,2111. 서울대입구역 1번출구,202107,1353
관악구,2112. 서울대입구역 마에스트로,202107,1480
관악구,2113. 관악동작견인차량보관소,202107,3021
관악구,2115. 관악농협농산물백화점,202107,1712
관악구,2116. 에이스에이존빌딩,202107,1088
관악구,2119. 중앙동 동진빌딩,202107,1462
관악구,2122. 낙성대로 입구,202107,987
관악구,2127. 보성운수차고지 맞은편,202107,753
관악구,2128. 관악구청교차로,202107,1086
관악구,2129. 낙성대 과학전시관,202107,531
관악구,2130. 영어마을 관악캠프,202107,427
관악구,2135. 신림역 5번출구,202107,2330
관악구,2136. 신림역 8번출구,202107,3771
관악구,2137. KT&G 관악지점,202107,622
관악구,2139. 서울신성초등학교,202107,861
관악구,2140. 신림1교 교차로,202107,2730
관악구,2141. 미림여고입구 교차로,202107,232
관악구,2143. 서울산업정보학교,202107,538
관악구,2144. 난우길입구,202107,861
관악구,2145. 은천초등학교 육교,202107,1017
관악구,2148. 낙성대역 3번출구 뒤,202107,1175
관악구,2156. 농협 관악문성지점,202107,1329
관악구,2159. 인헌초교,202107,441
관악구,2164. 관악우체국,202107,1590
관악구,2165. JK장평타워,202107,431
관악구,2167. 낙성대역 1번출구,202107,906
관악구,2169. 봉천역 2번출구,202107,1898
관악구,2170. 조원동서울본병원,202107,1634
관악구,2171. 서울대입구역 5번출구,202107,2134
관악구,2172. 나들목공원,202107,727
관악구,2173. 당곡사거리,202107,5843
관악구,2174. 삼성디지털프라자관악점,202107,1338
관악구,2175. 신림동걷고싶은문화의거리입구,202107,1878
관악구,2176. 보라매공원 보도육교,202107,3121
관악구,2177. 신대방역 2번 출구,202107,7841
관악구,2178. 서울대학교 정문,202107,832
관악구,2179. 양녕로 입구,202107,1650
관악구,2183. 동방1교,202107,5854
관악구,2184. 구암초등학교 버스정류장,202107,362
관악구,2185. 대학동 고시촌,202107,1180
관악구,2186.우리은행 낙성대역지점,202107,685
관악구,2187.현대시장사거리(신한은행),202107,1455
관악구,2189.삼성서비스센터(관악점),202107,1495
관악구,2190.도원맨션,202107,760
관악구,2191.대학동주민센터,202107,1144
관악구,2195.은천교회,202107,1071
관악구,2196.삼화페인트 봉천점,202107,814
관악구,2198.사랑의병원,202107,960
관악구,2199.신봉천주유소,202107,96
관악구,3306.서울신우초등학교,202107,175
관악구,3307.봉천고개 육교,202107,433
관악구,3310.영락고등학교,202107,906
관악구,3311.서울대입구역 4번 출구,202107,951
관악구,3802. 관악구민체육센터,202107,232
관악구,3803. 세븐일레븐 신림점,202107,1004
관악구,3804. 낙성대공원,202107,320
관악구,3806. 낙성대 교수아파트,202107,335
관악구,3807. 관악우체국 교차로,202107,734
관악구,3810. 신봉천주유소,202107,238
관악구,3811.신사로입구,202107,1572
관악구,3812. KT관악지점,202107,1042
광진구,3500. 군자역2번출구,202107,2629
광진구,3501. 광진구청 앞,202107,3599
광진구,3502. 중곡역 1번출구,202107,997
광진구,3503. 광진유진스웰,202107,141
광진구,3504. 원일교회,202107,2442
광진구,3505. 신양초교앞 교차로,202107,1020
광진구,3506. 영동대교 북단,202107,1778
광진구,3507. 어린이회관,202107,904
광진구,3508. 화양사거리,202107,923
광진구,3509. 세종사이버대학교,202107,3251
광진구,3510. 중곡SK아파트앞,202107,877
광진구,3516. 구의아리수정수센터앞,202107,731
광진구,3517. 용마사거리,202107,2380
광진구,3518. 군자역 7번출구뒤,202107,3922
광진구,3520. 광진경찰서,202107,2676
광진구,3521. 현대홈타운 뒷길,202107,346
광진구,3523. 건국대학교 과학관(이과대) 앞,202107,939
광진구,3524. 세종대학교,202107,143
광진구,3528. 광진정보도서관,202107,1002
광진구,3529. 어린이대공원정문,202107,838
광진구,3533. 건대입구역 사거리(롯데백화점),202107,8014
광진구,3536. 중앙농협(자양동),202107,2771
광진구,3537. 아차산 휴먼시아 아파트 옆,202107,633
광진구,3541. 커먼그라운드,202107,1169
광진구,3542. 래미안 구의파크 스위트,202107,2276
광진구,3543. 세종대학교(학술정보원),202107,330
광진구,3563.구의7단지현대아파트,202107,232
광진구,3564.나루마당,202107,135
광진구,3566.우성4차아파트,202107,2179
광진구,3569.건대병원후문,202107,4034
광진구,3570.구의역 리버비스타 오피스텔,202107,2891
광진구,3571.화양 APT(횡단보도 옆),202107,4252
광진구,3573.광나루안전체험관,202107,1559
광진구,3575.자양사거리 (LG 유플러스),202107,3092
광진구,3578.중곡동 파크웨이빌딩,202107,1628
광진구,3579.광진 캠퍼스시티,202107,3267
광진구,3581.광진광장,202107,1070
광진구,3582.화양동 우체국,202107,1885
광진구,3586.군자역 비채온 오피스텔,202107,1884
광진구,3587.우성식품 앞,202107,1398
광진구,3588.세종대학교(영실관),202107,829
광진구,3853. 어린이대공원역 2번출구,202107,462
광진구,3860. 건국대학교 정문 앞,202107,1286
광진구,3863. 동일로58길 입구,202107,715
광진구,3864. 광진소방서 앞,202107,895
광진구,3865. 이튼타워리버 2차,202107,1370
광진구,3868. 자양한강도서관,202107,1321
광진구,3873. 동서울우편집중국 앞,202107,748
광진구,3878. 장로회신학대학교 주기철 기념관,202107,41
광진구,3879. 중랑천 뚝방길 산책로 입구,202107,1301
광진구,3880. 홍련봉 공원,202107,442
광진구,3881. 신자초교입구 교차로,202107,95
광진구,500. 어린이대공원역 3번출구 앞,202107,2146
광진구,501. 광진구의회 앞,202107,2043
광진구,502. 뚝섬유원지역 1번출구 앞,202107,11670
광진구,505. 자양사거리 광진아크로텔 앞,202107,3185
광진구,515. 광양중학교 앞,202107,1286
광진구,516. 광진메디칼 앞,202107,1700
광진구,539. 군자교교차로,202107,2141
광진구,540. 군자역 7번출구 베스트샵 앞,202107,1987
광진구,542. 강변역 4번출구 뒤,202107,1819
광진구,543. 구의공원(테크노마트 앞),202107,1672
광진구,544. 광남중학교,202107,1283
광진구,546. 잠실대교북단 교차로,202107,1817
광진구,548. 자양나들목,202107,3137
광진구,549. 아차산역 3번출구,202107,2725
광진구,551. 구의삼성쉐르빌 앞,202107,2973
광진구,552. 대림아크로리버 앞,202107,728
광진구,553. 중곡 성원APT 앞,202107,1451
광진구,555. 구의3동주민센터,202107,545
광진구,571. 어린이대공원역6번출구,202107,944
광진구,572. 국립정신 건강센터 앞,202107,596
광진구,573. 구의문주차장 앞,202107,1913
광진구,574. 아차산역4번출구,202107,2533
광진구,575. 중앙농협 중곡지점,202107,662
광진구,576. 광나루역 3번 출구,202107,2008
광진구,577. 광진청소년수련관,202107,1761
광진구,584. 광진광장 교통섬,202107,2784
광진구,588. 뚝섬 유원지역,202107,2243
광진구,590. 건국대학교 (입학정보관),202107,1401
광진구,591. 건국대학교 (행정관),202107,333
광진구,592. 건국대학교 학생회관,202107,1568
광진구,593.자양중앙나들목,202107,2433
구로구,1901. 신도림동주민센터 앞,202107,1957
구로구,1904. 도림천역 1번 출구 앞,202107,2215
구로구,1906. 신도림역 1번 출구 앞,202107,5641
구로구,1907. 구일우성(아) 육교 밑,202107,1536
구로구,1908. 해원리바파크 육교 밑,202107,1730
구로구,1910. 낙원교회 맞은편,202107,493
구로구,1911. 구로디지털단지역 앞,202107,5833
구로구,1912. 한신휴아파트 앞,202107,2205
구로구,1913. 구로리공원,202107,1428
구로구,1914. 대림역4번출구,202107,2691
구로구,1916. 구로중학교앞,202107,776
구로구,1920. 서울미래초등학교 사거리,202107,1638
구로구,1924. 삼부르네상스파크빌,202107,895
구로구,1925. 동양미래대학교 정문 옆,202107,4078
구로구,1928. 고척스카이돔구장 광장,202107,962
구로구,1929. 고척근린공원 고척도서관 앞,202107,1127
구로구,1930. 개봉지구대 개봉치안센터,202107,1292
구로구,1931. 개봉역(북측광장),202107,1580
구로구,1933. 개봉푸르지오아파트 상가,202107,1550
구로구,1936. 개봉역 1번 출구 자전거보관서쪽,202107,995
구로구,1937. 한진아파트 입구,202107,1384
구로구,1941. 오류동역 2번출구,202107,1372
구로구,1943. 온수역 북측,202107,581
구로구,1946. 구로역 광장,202107,3189
구로구,1951. 천왕이펜하우스 4단지 상가 앞,202107,231
구로구,1952. 천왕연지타운2단지 앞,202107,1473
구로구,1953. 천왕역 4번출구 뒤,202107,1291
구로구,1955. 디지털입구 교차로,202107,3599
구로구,1956. 도야미리숯불갈비 앞,202107,1782
구로구,1957. 구일고등학교 정문,202107,1663
구로구,1958. 강서수도사업소민원센터,202107,1823
구로구,1959. 구로구의회 앞,202107,1518
구로구,1960. 화광신문사 앞,202107,1920
구로구,1961. 신도림테크노근린공원,202107,4360
구로구,1962. 가리봉동주민센터,202107,1612
구로구,1964. 원메디타운 앞,202107,1243
구로구,1965. 삼환로즈빌아파트 105동 옆,202107,1093
구로구,1966. 한마을아파트 정문상가,202107,1487
구로구,1967. 참새공원(백곡경노당),202107,489
구로구,1968. 동인오피스텔 건너편 소공원,202107,458
구로구,1969. 궁동생태공원,202107,232
구로구,1971. 오정초교 앞 보도육교,202107,419
구로구,1973. 오리로와 서해안도로 교차로 앞,202107,614
구로구,1974. 신도림2차e편한세상아파트 203동 앞,202107,1450
구로구,1975. 대림역 1번 출입구 밑,202107,1470
구로구,1976. 남구로역 5번 출입구 앞,202107,569
구로구,1977. 천왕역 1번 출입구 앞,202107,2270
구로구,1979. 구로1동우체국 앞,202107,251
구로구,1981. 천왕이펜하우스5단지 앞,202107,766
구로구,1983. 구로동롯데아파트,202107,1703
구로구,1984. 구로구청,202107,1325
구로구,1985. 구로도서관,202107,3695
구로구,1986. 태평양물산빌딩,202107,3520
구로구,1987. 개봉아이파크아파트 앞,202107,1362
구로구,1988. 고척LIGA아파트 앞,202107,2167
구로구,1991. 오류동역 맞은편,202107,1986
구로구,1992. 구로구배드민턴실내체육관 앞,202107,366
구로구,1993. 금강수목원아파트 앞,202107,647
구로구,1994. 삼성전자 물류센터 앞,202107,1427
구로구,1996. 구일역 1번 출입구 앞,202107,2792
구로구,1998. 고척교 교차로,202107,761
구로구,1999. 수궁동 성당 주변,202107,520
구로구,2000. 신도림4차 e편한세상 아파트 1109동 앞,202107,2123
구로구,2801. 대륭포스트타워1차,202107,2617
구로구,2804.항동지구 6단지 602동 앞,202107,404
구로구,2805.구로자원순환센터,202107,161
구로구,2806.항동지구 4단지 입구,202107,189
구로구,2807.항동지구 1단지 105동 앞,202107,271
구로구,2808.항동지구 2단지 202동 앞,202107,273
구로구,2809.항동지구 11단지 1103동 앞,202107,241
구로구,2810.항동지구 3단지 311동 앞,202107,145
구로구,2812.항동프라자,202107,415
구로구,2813.항동지구 3단지 302동 앞,202107,155
구로구,2814.항동지구 10단지 1001동 앞,202107,322
구로구,2815.항동지구 7단지 정문,202107,533
구로구,2816.항동지구 8단지 803동옆(주차장입구),202107,146
구로구,2817.천왕이펜하우스5단지 앞,202107,280
구로구,2818.천왕이펜하우스3단지 앞,202107,401
구로구,2819.하늘숲초등학교 앞,202107,675
구로구,2820.신세기아파트 앞,202107,1073
구로구,2821.청구아파트 앞,202107,1449
구로구,2822.제니스스포츠 앞,202107,390
구로구,2823.중앙유통단지 앞,202107,1221
구로구,2824.미래사랑어린이공원 앞,202107,2582
구로구,2825.초롱타운 앞,202107,377
구로구,2826.가마산지하보도 옆,202107,521
구로구,3902. 항동지구5단지 501동 앞,202107,398
구로구,3903. 현대아파트 앞,202107,756
구로구,3904. 테크노마트 앞,202107,2346
구로구,3905. 희훈타워빌 앞,202107,1907
구로구,3906. 천왕차량사업소 입구,202107,670
구로구,3907. 신도림7차e편한세상아파트 806동 앞,202107,1195
구로구,3908. 오류동 다숲오피스텔 앞,202107,499
구로구,3910. 목양전원교회 앞 로터리,202107,253
구로구,3911. 항동하버리안2단지아파트 후문,202107,168
금천구,1804. 독산역 2번출구 자전거주차장,202107,1590
금천구,1805. 서울디지털운동장 앞,202107,1079
금천구,1806. 에이스하이엔드타워9차 앞,202107,1145
금천구,1808. 에이스하이엔드타워8차 앞,202107,1244
금천구,1809. LG전자 별관동(호서대 벤처타워 맞은편),202107,719
금천구,1812. 갑을그레이트밸리 앞,202107,1085
금천구,1814. 두산위브아파트 옆 상가건물 앞,202107,1199
금천구,1816. 금천폭포공원 앞,202107,246
금천구,1819. 금천구청 앞 자전거거치대,202107,740
금천구,1820. 신한은행 시흥대로금융센터지점,202107,397
금천구,1821. 홈플러스 시흥점 맞은편 다비치안경 앞,202107,1000
금천구,1822. 서울 시흥동우체국 앞,202107,764
금천구,1823. 상신정비공업 앞,202107,375
금천구,1824. 독산근린공원 입구,202107,1970
금천구,1825. 한신아파트 앞 육교 아래,202107,732
금천구,1826. 한신코아 앞,202107,602
금천구,1827. 독산보도육교 앞 자전거 보관소,202107,2900
금천구,1828. 한양수자인아파트 앞,202107,964
금천구,1829. 홈플러스 금천점 앞,202107,958
금천구,1830. 빅마켓 금천점 앞,202107,1589
금천구,1831. 메이퀸웨딩컨벤션 앞,202107,851
금천구,1833. 독산역 1번출구 앞 자전거보관소,202107,1133
금천구,1834. 월드메르디앙 벤처센터 2차,202107,2083
금천구,1835. STX V타워,202107,841
금천구,1836. 금천구립 독산도서관,202107,295
금천구,1839. 수출의 다리 아래,202107,871
금천구,1840. 솔브레인이엔지 뒤편,202107,1035
금천구,1841. 가산동 주민센터,202107,2099
금천구,1842. 한울중학교,202107,576
금천구,1843. 독산고등학교,202107,546
금천구,1845. 롯데캐슬골드파크1차 서문,202107,932
금천구,1846. 롯데캐슬골드파크1차 동문,202107,1036
금천구,1847. 독산주공 14단지 버스정류소,202107,364
금천구,1848. 벽산 디지털밸리 5차,202107,1673
금천구,1849. 대륭포스트타워5차,202107,569
금천구,1850. 코오롱테크노밸리,202107,328
금천구,1851. 가산디지털단지 7번출구,202107,2725
금천구,1852. 혜명양로원 담장 옆,202107,509
금천구,1853. 서울디자인직업전문학교 앞,202107,496
금천구,1854. 가산아네스트 오피스텔 앞,202107,991
금천구,1855. 성지아파트 옆 도로변,202107,284
금천구,1856. 모두의학교,202107,1131
금천구,1857. 주공14단지,202107,482
금천구,1858. 석수역1번출구 앞 (SK주유소),202107,423
금천구,1859. 대륭테크노타운 18차,202107,736
금천구,1861.IBK기업은행 석수역 지점 앞,202107,242
금천구,1862.스타즈호텔독산 빌딩 앞,202107,1063
금천구,1863.위너스 스포츠클럽 골프연습장옆,202107,394
금천구,1864.산호시티빌 옆,202107,201
금천구,1865.금천구청앞(M빌딩),202107,490
금천구,1866.서울안천초등학교 옆,202107,413
금천구,1867.대륭포스트타워6차 앞,202107,3910
금천구,1868.우리은행 시흥남자동화점 앞,202107,573
금천구,1869.롯데캐슬골드파크3차 301동 앞,202107,765
금천구,1870.독산3동주민센터 앞,202107,863
금천구,3956. 대륭테크노타운21차 앞,202107,756
금천구,3958. 롯데캐슬2차 마을버스 정류장(18804) 뒤편,202107,763
금천구,3959. 시흥사거리(시흥동 994-3 앞),202107,938
금천구,3963. 에이스 하드웨어(시흥대로 396) 앞,202107,969
금천구,3966. 독산역1번출구 옆,202107,2071
노원구,1601. 석계역 문화광장 내 자전거 보관소,202107,2555
노원구,1602. 광운대역 앞,202107,1877
노원구,1605. 헬스케어,202107,1649
노원구,1606. 태릉입구역 3번출구,202107,1468
노원구,1608. 공릉역 1번 출구 앞,202107,4644
노원구,1610. 화랑대역 2번출구 앞,202107,3538
노원구,1611. 과기대 입구(우),202107,4078
노원구,1616. 하계2동 공항버스정류장 옆,202107,2358
노원구,1617. 하계동 중평어린이공원 앞,202107,2791
노원구,1619. 중계동 하나프라자빌딩 앞(중1-1),202107,2068
노원구,1620. 중계동 노원구민체육센터 옆(중1-2),202107,1717
노원구,1625. 상계역(4번출구),202107,5666
노원구,1627. 수락산역 4번출구,202107,1456
노원구,1628. 노일초등학교 앞,202107,1122
노원구,1630. 수연빌딩 앞,202107,1332
노원구,1634. 당고개공원 대여소,202107,1029
노원구,1635. 상계3.4동 주민센터 대여소,202107,362
노원구,1636. 백병원 사거리 농협은행 앞,202107,3695
노원구,1637. KT 노원점 건물 앞,202107,4674
노원구,1639. 희성오피앙,202107,1937
노원구,1640. 한내근린공원 북측,202107,1051
노원구,1641. 한내근린공원 남측,202107,931
노원구,1642. 서울여대 남문,202107,931
노원구,1643. 태릉입구역 8번출구,202107,2738
노원구,1646. 삼육대 입구,202107,612
노원구,1650. 중계근린공원내,202107,3526
노원구,1651. 맥도날드 상계점 앞,202107,1218
노원구,1652. 파르코 앞,202107,464
노원구,1653. 노원역1번출구,202107,4689
노원구,1654. 당고개입구 오거리,202107,1012
노원구,1655. 공릉1단지아파트,202107,3202
노원구,1656. 중앙하이츠 아파트 입구,202107,2338
노원구,1657. 노원구청,202107,1799
노원구,1659. 중계동 을지중학교,202107,967
노원구,1660. 서울시립과학관,202107,745
노원구,1661. 당현천근린공원,202107,2026
노원구,1662. 노원역7번출구,202107,2792
노원구,1663. 동해문화예술관앞,202107,2280
노원구,1664. 노해근린공원내,202107,703
노원구,1665. 양지근린공원앞,202107,1348
노원구,1666. 노원소방서인근,202107,1555
노원구,1667. 중계중학교,202107,1963
노원구,1668. 중계역 6번출구,202107,2393
노원구,1669. 중계역 3번출구,202107,2583
노원구,1670. 노원경찰서교차로,202107,1737
노원구,1671. 인덕대학교,202107,755
노원구,1672. 상계동수락리버시티,202107,719
노원구,1674. 서울북부고용센터앞,202107,3564
노원구,1675. 월계문화체육센터,202107,200
노원구,1677. 육군사관학교 앞,202107,1253
노원구,1678. 성서대학교 밀알관,202107,307
노원구,1679. 삼육대 도서관,202107,164
노원구,1680. 삼육대 제3과학관,202107,66
노원구,1681. 현대6차 아파트,202107,1478
노원구,1682. 중계종합사회복지관 교차로,202107,1414
노원구,1683. 노원문화예술회관,202107,2130
노원구,1684. 태릉입구역 5번출구,202107,3739
노원구,1685. 불암고등학교 앞 횡단보도,202107,1109
노원구,1686. 온수골사거리(스타벅스앞),202107,2994
노원구,1688. 마들역 7번출구,202107,2693
노원구,1689. 마들역 3번출구,202107,2023
노원구,1690. 도봉운전면허시험장,202107,1775
노원구,1691. 노원정보도서관,202107,1699
노원구,1692. 온곡초교 교차로,202107,1468
노원구,1693. 원자력 병원,202107,718
노원구,1695.월계미륭아파트 정문,202107,949
노원구,1696.수락리버시티4단지,202107,739
노원구,1697.상계주공2단지 219동,202107,1397
노원구,1700.상계보람아파트 202동,202107,1526
노원구,2901.공릉동풍림아파트 101동,202107,1374
노원구,2902.공릉풍림아파트 108동,202107,1252
노원구,2903.월계초안아파트 1단지,202107,801
노원구,2904.중계3차청구아파트,202107,1081
노원구,2905.중계주공6단지,202107,882
노원구,2907. 월계중학교,202107,371
노원구,2908. 광운대학교 중앙도서관,202107,1826
노원구,2909. 석계역 3번 출구,202107,2183
노원구,2910.도깨비시장,202107,2974
노원구,2912.대진고등학교,202107,2230
노원구,2913.상계8동 주민센터,202107,2340
노원구,2914.서울과학기술대학교(미래관),202107,822
노원구,2915.서울과학기술대학교(어학교육원),202107,2372
노원구,2917.신창중학교 후문 맞은편 버스정류장,202107,1329
노원구,2919.등나무 근린공원(시립북서울미술관 앞),202107,3703
노원구,2920.상계중학교(당현2교사거리),202107,1278
노원구,2921.중계역 2번출구,202107,2282
노원구,4002. 상계주공 14단지 상가 앞,202107,863
노원구,4003. 스타벅스 상계초교사거리점,202107,1887
노원구,4004. 당고개입구오거리 당현천변,202107,1319
노원구,4005. 중계2차 한화꿈에그린 101동 인근,202107,1192
노원구,4007. 노원 을지대학교 병원,202107,2136
노원구,4008. 하계 어린이 공원,202107,1641
노원구,4009. 월계프라자,202107,811
노원구,4011. 월계 센트럴 아이파크,202107,984
노원구,4013. 중계 롯데마트,202107,1800
노원구,4014. 당고개역 3번 출구,202107,1097
노원구,4016. 노원 마들스타디움,202107,866
노원구,4017. 월계 청백1단지 아파트 정류장,202107,623
노원구,4018. 상계주공15단지 버스정류소,202107,1416
노원구,4019. 상계주공10단지 버스정류소,202107,1675
노원구,4020. 중계동 성모빌딩 앞,202107,1567
노원구,4021. 중계본동 입구,202107,278
노원구,4023. 월계역 1번 출구,202107,906
노원구,4024. 꿈의숲 SK뷰 아파트,202107,1615
노원구,4025. 한천교 동편,202107,1719
노원구,4026. 상계주공1단지아파트,202107,1352
노원구,4027. 이마트 월계점,202107,2883
노원구,4028. 한일유앤아이아파트 105동 인근,202107,1416
노원구,4029. 청소년수련관 후문,202107,3090
노원구,4031. 청암예술학교 앞,202107,1346
노원구,4032. 은행사거리(불암주유소 앞),202107,1299
노원구,4033. 녹천 자동차운전 전문학원 (녹천역 4번 출구),202107,665
노원구,4034. 상계근린공원 운동장 앞,202107,838
노원구,4035. 수락 행복발전소 앞,202107,709
노원구,4036. 하계역 6번출구,202107,1562
노원구,4037. 물넘이교,202107,1949
노원구,4039. 서울시 북부여성발전센터,202107,42
노원구,4040. 공릉로 26길,202107,337
도봉구,1702. 녹천역 1번출구 앞,202107,739
도봉구,1703. 도봉산광역환승센터앞,202107,378
도봉구,1705. 도봉구청 정문앞,202107,1778
도봉구,1706. 기업은행 앞,202107,801
도봉구,1707. 도봉구민회관,202107,1805
도봉구,1708. 보건소사거리(다비치안경창동점),202107,2005
도봉구,1709. 쌍문역4번출구 주변,202107,1110
도봉구,1713. 쌍문동 이안아파트 앞,202107,505
도봉구,1714. 도봉문화정보도서관 삼거리,202107,415
도봉구,1715. 서울특별시교육청도봉도서관,202107,1238
도봉구,1716. 하나로마트 창동점,202107,1373
도봉구,1717. 시립창동운동장 입구,202107,442
도봉구,1719. 신도봉사거리 버스정류장,202107,891
도봉구,1720. 도봉구청 옆(중랑천변),202107,2189
도봉구,1721. 창동역 2번출구,202107,3753
도봉구,1722. 창동청소년수련관,202107,1199
도봉구,1723. 방학동학마을도서관,202107,433
도봉구,1725. 창1동주민센터,202107,645
도봉구,1726. 삼익세라믹아파트교차로,202107,1468
도봉구,1727. 서울도봉초등학교인근,202107,719
도봉구,1728. 서울북부지방법원,202107,282
도봉구,1729. 파리바게트앞,202107,1044
도봉구,1730. 도봉산역 교차로 앞,202107,231
도봉구,1731. 도봉고등학교 맞은편,202107,377
도봉구,1732. 우리은행 앞,202107,757
도봉구,1733. 방학사거리 (봄마당 앞),202107,1331
도봉구,1734. 쌍문현대1차아파트 108동 앞,202107,1208
도봉구,"1735. 도봉역 1,2번 출구사이 건너편",202107,1093
도봉구,1736. 버스정류장 앞,202107,736
도봉구,1737. 하나은행 (창동점),202107,2369
도봉구,1738. 창동주공17단지 상가앞,202107,2055
도봉구,1741. 제일강산수산입구,202107,2455
도봉구,1742. 북한산 코오롱 하늘채,202107,2075
도봉구,1743.창동19단지아파트 관리사무소앞,202107,1437
도봉구,1744.KT방학지사 앞,202107,1177
도봉구,1746. 다이소방학점 앞,202107,814
도봉구,1748. 피자헛 앞(도봉병원 옆),202107,917
도봉구,1749. ESA아파트 상가 앞,202107,1374
도봉구,1750. 창포원 남쪽 입구,202107,902
도봉구,1751. 창원초등학교 교차로,202107,846
도봉구,1752. 창동 주공 4단지 입구 옆,202107,1166
도봉구,1754. 창동시장입구 사거리,202107,1006
도봉구,1756.서울북부광역등기국,202107,305
도봉구,1757.솔밭공원역 1번출구 앞,202107,569
도봉구,1758.북서울교회 버스정류소 앞,202107,810
도봉구,1759.서울북부지방법원 앞,202107,491
도봉구,1761.방학중학교 앞,202107,541
도봉구,1762.북한산 한신휴플러스APT앞,202107,2017
도봉구,1765.쌍문역 1번 출구(양산부인과 빌딩),202107,1554
도봉구,1767.태양중앙교회 앞,202107,1898
도봉구,1768.신동아타워 버스정류소,202107,690
도봉구,1770.도봉한신아파트 주변,202107,904
도봉구,1771.성원APT버스정류소,202107,1036
도봉구,1772.시립도봉노인복지관 버스정류소,202107,958
도봉구,1774.반석교회(쌍문동),202107,633
도봉구,1775.신원리베르텔 앞,202107,1094
도봉구,4054. KT프라자도봉점 맞은편,202107,851
도봉구,4058. 다락원체육공원 전망대 입구,202107,550
도봉구,4062. 평화도봉공원 주변,202107,1347
도봉구,4064. 신창아파트 입구 앞,202107,437
도봉구,4065. 창동역 1번출구 앞,202107,2457
도봉구,4073.방아골종합사회복지관,202107,622
도봉구,4074. 도봉구육아종합지원센터(창동),202107,762
도봉구,4075. 방학신동아아파트 11동 앞,202107,251
도봉구,4076. 진영상운 앞 중랑천 변,202107,3223
도봉구,4077. 도봉제1교,202107,2395
도봉구,4078. 원당공원 앞,202107,1290
동대문구,4102. 휘경1동주민센터 앞,202107,1301
동대문구,4103. 휘경sk뷰아파트 앞,202107,858
동대문구,4104. 외대앞역 교차로,202107,1698
동대문구,4105. 하나은행 장안동지점앞,202107,1056
동대문구,4107. 장안동근린공원 입구,202107,744
동대문구,4108. 답십리파크자이아파트 앞,202107,1846
동대문구,4110. 용두롯데캐슬리치아파트 앞,202107,979
동대문구,4112. 신이문빗물펌프장 옆,202107,358
동대문구,4113. 한국국방연구원 앞,202107,1371
동대문구,4114. 휘경여중고삼거리,202107,1410
동대문구,4116. 이문e편한세상아파트 앞,202107,655
동대문구,4117. 휘경119안전센터 앞,202107,1371
동대문구,4121. 서울문화재단 앞,202107,2070
동대문구,4122. 청계9가교차로 앞,202107,1741
동대문구,4123. 배봉초교 교차로,202107,1055
동대문구,600. 휘경2동 주민센터,202107,409
동대문구,601. 용신동주민센터,202107,965
동대문구,602. 장안동 사거리,202107,4104
동대문구,604. 답십리초등학교 옆 공원,202107,1068
동대문구,605. 신설동역8번출구,202107,1758
동대문구,606. 휘경공고앞,202107,608
동대문구,607. 신이문역 2번출구,202107,708
동대문구,608. 전농삼성아파트,202107,330
동대문구,609. 제기2교,202107,2305
동대문구,610. 동대문중 교차로,202107,1026
동대문구,612. 시립동부병원 앞 사거리,202107,2478
동대문구,613. 신설동역 10번출구 앞,202107,2523
동대문구,614. 용두동 사거리,202107,2626
동대문구,615. 용두동 래미안허브리츠아파트 앞,202107,1844
동대문구,616. 서울시립대 앞,202107,429
동대문구,617. 청솔우성아파트 앞,202107,1302
동대문구,621. 동대문중학교 옆,202107,494
동대문구,622. 전농사거리 교통섬,202107,1114
동대문구,623. 서울시립대 정문 앞,202107,2251
동대문구,624. 전농동 동아아파트 앞,202107,1866
동대문구,625. 답십리초등학교 앞(현대시장 옆),202107,1400
동대문구,626. 군자교 서측 녹지대,202107,1897
동대문구,627. 장안동삼거리 교통섬,202107,1801
동대문구,628. 휘봉고등학교 앞,202107,736
동대문구,630. 동대문구 보건소,202107,2778
동대문구,631. 답십리역 1번출구,202107,3384
동대문구,633. 청량리 기업은행 앞,202107,1386
동대문구,634. 외국어대 정문 앞,202107,3521
동대문구,635. 시조사 앞 (청량고정문 옆),202107,1985
동대문구,636. 세종대왕기념관 교차로,202107,606
동대문구,637. KAIST 경영대학 앞,202107,1228
동대문구,638. 서울시립대 정보기술관,202107,742
동대문구,639. 서울시립대 후문,202107,1186
동대문구,640. KEB하나은행 청량리역지점,202107,1018
동대문구,641. 용두역 4번출구,202107,2722
동대문구,642. 신답역 사거리,202107,1812
동대문구,643. 동대문구민체육센터 (육교아래),202107,2164
동대문구,646. 장한평역 1번출구 (국민은행앞),202107,6366
동대문구,647. 신이문역 1번출구,202107,799
동대문구,648. 장안동위더스빌옆,202107,3191
동대문구,650. 중랑교사거리,202107,1751
동대문구,652. 답십리 래미안엘파인아파트 입구,202107,731
동대문구,654. 전농동 텃골공원,202107,829
동대문구,656. 영휘원 교차로,202107,887
동대문구,657. 동대문롯데캐슬아파트 앞,202107,1502
동대문구,658. 촬영소 사거리,202107,1428
동대문구,659. 제기역1번출구,202107,2624
동대문구,660. 동의보감타워,202107,2084
동대문구,661. 경희대학교 청운관,202107,1255
동대문구,663. 외대앞역 4번출구,202107,1199
동대문구,664. 서울시립대 건설공학관,202107,684
동대문구,665.이문동 쌍용아파트 정문,202107,951
동대문구,666.이문대성유니드아파트 앞,202107,996
동대문구,667.청량차도 육교 밑,202107,805
동대문구,668.서울축산농협(장안지점),202107,3501
동대문구,669.청계한신휴플러스앞 삼거리,202107,1364
동대문구,670.삼육서울병원 버스정류장,202107,3916
동대문구,671.대광빌딩,202107,650
동대문구,672.대광고등학교,202107,803
동대문구,673.안암골벽산아파트(후문),202107,1305
동대문구,674.고대앞사거리 교통섬,202107,1845
동대문구,675.성복교회 앞 (장평교 아래),202107,1661
동대문구,676.FITI시험연구원 앞,202107,986
동대문구,677.청량리역 4번 5번출구 사이,202107,2651
동대문구,678.장안힐스테이트(아) 앞,202107,1769
동대문구,679.전농SK아파트 앞,202107,418
동대문구,680.꿈마루어린이도서관 앞,202107,2556
동대문구,681.서울특별시 동부교육지원청(육교),202107,246
동작구,2002. 노들역 1번출구,202107,3104
동작구,2003. 사육신공원앞,202107,1515
동작구,2007. 유한양행앞,202107,1878
동작구,2008. 노량진근린공원 대방공원,202107,885
동작구,2009. 보라매역 8번출구,202107,1028
동작구,2012. 녹십초요양병원앞,202107,1163
동작구,2013. 장승배기역 5번출구,202107,2203
동작구,2015. 신대방삼거리역 6번출구쪽,202107,2703
동작구,2016. 신대방삼거리역 3번출구쪽,202107,1505
동작구,2020. 장승배기역2번출구뒷편쪽,202107,1098
동작구,2024. 상도역 1번출구,202107,614
동작구,2025. 흑석역 1번출구,202107,2889
동작구,2026. 흑석역 4번출구,202107,850
동작구,2027. 중앙대학교 정문 1,202107,428
동작구,2032. 이수역 11번출구쪽,202107,1637
동작구,2033. 사당동 아르테스 웨딩앞,202107,1398
동작구,2034. 사당역 7번출구쪽,202107,1278
동작구,2036. 정금마을 마을버스정류장,202107,779
동작구,2037. 동작역 5번출구 동작주차공원,202107,827
동작구,2038. 동작역 7번출구,202107,255
동작구,2040. 비계 버스정류소,202107,251
동작구,2041. 사당중학교 버스정류소,202107,441
동작구,2048. 삼일초등학교 인근,202107,630
동작구,2050. 노량진역 5번출구,202107,3503
동작구,2054. 삼익아파트,202107,1872
동작구,2056. 동작구민 체육센터,202107,1624
동작구,2057. 상도 아이파크 아파트,202107,925
동작구,2058. 노량진동 맥도널드앞,202107,2816
동작구,2059. 보라매공원 정문,202107,2127
동작구,2060. 남성역3번출구 뒤,202107,1953
동작구,2061. 한강 현대아파트 건너편,202107,178
동작구,2062. 사당새마을금고,202107,671
동작구,2063. 대방역 4번출구,202107,1266
동작구,2064. 흑석한강푸르지오 106동앞,202107,338
동작구,2065. 서울시여성가족재단,202107,810
동작구,2066. 양문교회 앞,202107,1230
동작구,2067. LG전자 베스트? 대리점 앞,202107,1661
동작구,2068. 총신대 앞(육교),202107,128
동작구,2069. 숭실대 입구역3번 출구 앞,202107,745
동작구,2070. 노량진역 2번 출구 앞,202107,1769
동작구,2071. 대림아파트 후문 상가 옆,202107,374
동작구,2076.노들나루공원 입구,202107,3047
동작구,2077.노들역 3번출구,202107,1159
동작구,2078.흑석 아크로리버하임(103동),202107,282
동작구,2079.중앙대학교 중앙광장,202107,113
동작구,2080.빕스 대방점 앞,202107,1858
동작구,2081.대방1차 e편한세상 앞,202107,74
동작구,2082.7호선 이수역7번출구,202107,972
동작구,2083.흑석롯데캐슬에듀포레(107동),202107,477
동작구,2084.e편한세상 상도노빌리티 앞,202107,1085
동작구,2085.강남중학교 앞,202107,1262
동작구,2086.삼일수영장 앞,202107,919
동작구,2088.상도중앙하이츠빌 입구,202107,498
동작구,2089.사당역10번출구(금강빌딩),202107,1141
동작구,2090.기아자동차 사당점 앞,202107,1289
동작구,2091.이수역9번출구(맥도날드),202107,1337
동작구,2092.흑석한강푸르지오(110동),202107,268
동작구,2093.상도SH빌아파트 입구,202107,206
동작구,2094.숭실대학교(중문),202107,265
동작구,2095.경문고등학교 앞,202107,847
동작구,2096.서울특별시 동작관악교육지원청,202107,176
동작구,237. 보라매 두산위브 건너편,202107,1781
동작구,4152. 상도효성해링턴플레이스,202107,686
동작구,4153. 흑석동효사정앞,202107,300
동작구,4158. 노량진근린공원,202107,149
동작구,4162. 노량진1동 청소년독서실,202107,540
동작구,4167. 구로교 아래,202107,760
동작구,4169. 신대방삼거리,202107,1519
동작구,4171. 우성아파트 앞,202107,992
동작구,4173. 이화약국 앞,202107,566
동작구,4175. 스페이스 살림 앞,202107,892
마포구,102. 망원역 1번출구 앞,202107,4132
마포구,103. 망원역 2번출구 앞,202107,3345
마포구,104. 합정역 1번출구 앞,202107,1663
마포구,105. 합정역 5번출구 앞,202107,1234
마포구,106. 합정역 7번출구 앞,202107,3216
마포구,107. 신한은행 서교동금융센터점 앞,202107,2372
마포구,108. 서교동 사거리,202107,1785
마포구,109. 제일빌딩 앞,202107,1757
마포구,111. 상수역 2번출구 앞,202107,1555
마포구,112. 극동방송국 앞,202107,1264
마포구,113. 홍대입구역 2번출구 앞,202107,3971
마포구,114. 홍대입구역 8번출구 앞,202107,2944
마포구,118. 광흥창역 2번출구 앞,202107,1291
마포구,119. 서강나루 공원,202107,1929
마포구,120. 신수동 사거리,202107,518
마포구,121. 마포소방서 앞,202107,1246
마포구,122. 신성기사식당 앞,202107,1223
마포구,124. 서강대 정문 건너편,202107,1742
마포구,125. 서강대 남문 옆,202107,811
마포구,126. 서강대 후문 옆,202107,2190
마포구,127. 현대벤처빌 앞,202107,442
마포구,129. 신촌역(2호선) 6번출구 옆,202107,1176
마포구,130. 신촌역(2호선) 7번출구 앞,202107,1930
마포구,142. 아현역 4번출구 앞,202107,655
마포구,143. 공덕역 2번출구,202107,1680
마포구,144. 공덕역 8번출구,202107,3725
마포구,145. 공덕역 5번출구,202107,1306
마포구,146. 마포역 2번출구 뒤,202107,3214
마포구,147. 마포역 4번출구 뒤,202107,3213
마포구,148. 용강동 주민센터 앞,202107,2134
마포구,150. 서강대역 2번출구 앞,202107,1113
마포구,152. 마포구민체육센터 앞,202107,9091
마포구,153. 성산2교 사거리,202107,2494
마포구,154. 마포구청역,202107,3014
마포구,155. 가좌역1 번출구 앞,202107,985
마포구,156. 서울서부지방법원 앞,202107,1147
마포구,157. 애오개역 4번출구 앞,202107,2351
마포구,181. 망원초록길 입구,202107,1822
마포구,182. 망원2빗물펌프장 앞,202107,1842
마포구,183. 하늘채코오롱아파트 건너편,202107,3082
마포구,184. SK망원동주유소 건너편,202107,2667
마포구,185. 마포 신수공원 앞,202107,1272
마포구,186. 월드컵공원,202107,2840
마포구,199. 서울 월드컵 경기장,202107,940
마포구,3002.벽산상암스마트큐브,202107,3256
마포구,3003.래미안신공덕3차아파트,202107,165
마포구,3005.마포구청 청사내,202107,561
마포구,3006. 상암월드컵파크5단지(상암중학교),202107,392
마포구,3007.MBC 앞,202107,1577
마포구,3008.DMC역7번출구,202107,1086
마포구,3009.서교동사거리(신),202107,1641
마포구,3010.홍대입구역 3번출구,202107,3985
마포구,3011.경의선(노고산동),202107,1865
마포구,400. 상암한화오벨리스크 1차 앞,202107,1437
마포구,401. 상암월드컵파크 10단지 앞,202107,975
마포구,402. 상암월드컵파크 9단지 앞,202107,910
마포구,403. 부엉이공원 앞,202107,833
마포구,405. DMC빌 앞,202107,710
마포구,406. 상암월드컵파크 7단지 앞,202107,793
마포구,407. 마포구 육아종합지원센터,202107,1021
마포구,408. LG CNS앞,202107,931
마포구,409. 누리꿈스퀘어 옆,202107,2511
마포구,410. 상암중학교 옆,202107,557
마포구,411. DMC홍보관,202107,1297
마포구,412. DMC산학협력연구센터 앞,202107,1429
마포구,413. 상암월드컵파크 3단지 후문,202107,782
마포구,414. 상암동주민센터 옆,202107,1914
마포구,415. DMC역 9번출구 앞,202107,3335
마포구,416. 상암월드컵파크 1단지 교차로,202107,1045
마포구,417. DMC역 2번출구 옆,202107,2193
마포구,418. 월드컵경기장역 3번출구 옆,202107,3000
마포구,419. 홈플러스 앞,202107,2909
마포구,420. 서울시 공공자전거 상암센터,202107,1153
마포구,4202. 프런트원(공덕역4번출구 앞),202107,751
마포구,4206. 광흥창역5번출구,202107,918
마포구,4207. 아만티호텔 앞,202107,700
마포구,4208. 스타벅스(동교동) 앞,202107,909
마포구,421. 마포구청 앞,202107,2798
마포구,4210. 가좌행복주택 앞,202107,1341
마포구,4211. 시석빌딩 앞,202107,822
마포구,4212. 한화오벨리스크 앞,202107,842
마포구,4213. 마포구중앙도서관 정문 앞,202107,2036
마포구,4214. JTBC 앞,202107,1086
마포구,422. 문화비축기지,202107,368
마포구,424. 롯데하이마트 (상암월드컵점),202107,608
마포구,425. DMC첨단산업센터,202107,830
마포구,426. 서울신용보증재단,202107,2082
마포구,427. 성산시영아파트,202107,1325
마포구,432. 마포중앙도서관,202107,317
마포구,436. 이대역 5번출구,202107,1118
마포구,437. 대흥역 1번출구,202107,1317
마포구,438. 성산2-1 공영주차장,202107,2035
마포구,439. 마포어린이공원,202107,2612
마포구,440. 하늘공원 입구,202107,1040
마포구,487.신석초교앞 교차로 교통섬,202107,1956
마포구,488.푸르메병원,202107,1106
마포구,489.구룡근린공원,202107,388
마포구,490.가온문화공원,202107,1528
마포구,491.월드컵파크 4단지,202107,452
마포구,492.성산시영아파트 후문,202107,1629
마포구,493.홍대입구역 6번출구,202107,2037
마포구,494.신수동주민센터,202107,262
마포구,495.염리초등학교 앞,202107,1258
마포구,497.합정동주민센터 앞,202107,2318
마포구,498.연남동주민센터 앞,202107,3309
서대문구,115. 마스타 빌딩 앞,202107,1019
서대문구,116. 일진아이윌아파트 옆,202107,2024
서대문구,117. 홍은사거리,202107,3663
서대문구,123. 문화촌 공원,202107,2720
서대문구,128. 신촌역(2호선) 1번출구 옆,202107,1598
서대문구,131. 증산2교,202107,2845
서대문구,133. 해담는다리,202107,2464
서대문구,134. 연세로 명물길,202107,1269
서대문구,135. 명물길 원형무대 앞,202107,831
서대문구,137. NH농협 신촌지점 앞,202107,769
서대문구,138. 신촌동 제1공영주차장 앞,202107,981
서대문구,139. 연세대 정문 건너편,202107,479
서대문구,140. 이화여대 후문,202107,853
서대문구,141. 연대 대운동장 옆,202107,635
서대문구,158. 독립문 어린이 공원,202107,565
서대문구,159. 이대역 4번 출구,202107,529
서대문구,160. 북아현동 가구거리,202107,846
서대문구,161. 무악재역1번 출구,202107,490
서대문구,162. 봉원고가차도 밑,202107,1261
서대문구,163. 명지전문대학교 정문 앞,202107,490
서대문구,164. 북가좌1동 주민센터,202107,556
서대문구,165. 중앙근린공원,202107,1416
서대문구,166. 가재울 초등학교,202107,1488
서대문구,167. 연가초등학교 옆,202107,584
서대문구,169. 북가좌 삼거리,202107,410
서대문구,170. 가재울 뉴타운 주유소 옆,202107,1273
서대문구,171. 임광빌딩 앞,202107,688
서대문구,173. 서대문역 8번출구 앞,202107,943
서대문구,175. 홍연2교옆,202107,2766
서대문구,176. 명지대학교 도서관,202107,1964
서대문구,177. 북가좌 초등학교,202107,883
서대문구,178. 증산3교 앞,202107,1622
서대문구,179. 가좌역 4번출구 앞,202107,1668
서대문구,180. 충정로역 7번출구 아래,202107,1231
서대문구,188. 홍은동 정원여중 입구,202107,1048
서대문구,191. 서우빌딩(바른학원),202107,1213
서대문구,192. 연서어린이공원,202107,751
서대문구,194. 증산교 앞,202107,2295
서대문구,195. 모래내고가차도,202107,1021
서대문구,196. 연희교차로 인근,202107,537
서대문구,198. 충정2교,202107,1165
서대문구,3100. 북성초교,202107,506
서대문구,3101. 서대문구청,202107,1137
서대문구,3102. 연희삼거리,202107,1127
서대문구,3103. 홍제삼거리 북측,202107,1148
서대문구,3104. e편한세상 신촌4단지 앞,202107,906
서대문구,3105. 홍은센트레빌 아파트 앞,202107,504
서대문구,3107. 연희초등학교 앞,202107,642
서대문구,3109.북한산더? 106동 앞,202107,472
서대문구,3110.홍은 현대아이파크 아파트 202동 앞,202107,971
서대문구,3111.무악재역 4번 출구,202107,292
서대문구,3113.독립문역사거리,202107,729
서대문구,3114.충정로역 3번 출구,202107,354
서대문구,3115.북아현 치안센터 인근,202107,1167
서대문구,3116.신촌역 4번출구,202107,842
서대문구,3117.이화여대 인문관 인근,202107,293
서대문구,3119.연희 브라운스톤 아파트 앞,202107,2052
서대문구,3120.DMC엘가아파트 앞,202107,1297
서대문구,3121.가좌삼거리,202107,1190
서대문구,3122.북가좌삼거리2,202107,697
서대문구,3123.DMC파크뷰자이1단지 110동 앞,202107,792
서대문구,3124.DMC센트럴아이파크아파트,202107,1602
서대문구,3125.연희파크푸르지오아파트 앞,202107,1833
서대문구,3126.남가좌동 제2공영주차장,202107,366
서대문구,3127.홍은2파출소 옆,202107,669
서대문구,3128.동신병원 맞은편,202107,1281
서대문구,3129.DMC래미안e편한세상203동옆,202107,864
서대문구,3130.가재울사거리,202107,1202
서대문구,3131.연가교 교차로,202107,1154
서대문구,3132.홍제교,202107,580
서대문구,3133.핀란드 타워앞,202107,468
서대문구,3134.SK리쳄블(상수도사업본부),202107,440
서대문구,4253. 홍은도담도서관,202107,566
서초구,2201. 본마을 정류소 앞,202107,91
서초구,2202.청계산입구역 1번출구,202107,1381
서초구,2203. 청계산입구역 2번출구,202107,302
서초구,2205. 내곡3단지 어린이공원 앞,202107,581
서초구,2206. 언남초등학교 앞,202107,1061
서초구,2207. 내곡파출소 뒤 정자,202107,174
서초구,2210. 반포1동 주민센터 앞,202107,390
서초구,2211. 서초구립반포도서관 앞,202107,1270
서초구,2212.서초현대4차아파트 201동 맞은편,202107,711
서초구,2213. 고속터미널역 5번출구 앞,202107,1029
서초구,2214. 신반포역 2번출구 앞,202107,835
서초구,2215. 반포종합운동장 입구,202107,1044
서초구,2217.아크로리버뷰 부지 앞,202107,2475
서초구,"2219. 고속터미널역 8-1번, 8-2번 출구 사이",202107,4413
서초구,2220. 반포본동 주민센터 앞,202107,3430
서초구,2221.하나은행 방배동지점 앞,202107,1247
서초구,2222.사당역 12번출구 뒤,202107,2089
서초구,2223. 방배래미안 정문 앞,202107,568
서초구,2225.백석예술대학교 제3캠퍼스 앞,202107,130
서초구,2226. 신동아럭스빌아파트 앞,202107,284
서초구,2227.방배열린문화센터 앞,202107,847
서초구,2228.뒷벌공원 옆,202107,71
서초구,2229.로고스교회 맞은 편,202107,1006
서초구,2230.이수역 4번 출구,202107,1911
서초구,2231. 삼성타운(삼성생명) A동 맞은편,202107,1513
서초구,2233. 서초신동아1차아파트 옆,202107,619
서초구,2235.KT 서초지사 앞,202107,322
서초구,2237.서울남부터미널 대합실 입구,202107,931
서초구,2239.교대역 6번출구,202107,739
서초구,2241.양재전화국 사거리,202107,344
서초구,2242.양재역 11번 출구 앞,202107,1086
서초구,2243.서울가정법원,202107,714
서초구,2244.교육개발원입구 교차로,202107,1452
서초구,2245.양재초등학교 맞은편,202107,895
서초구,2246. 서울시 품질시험소 앞,202107,571
서초구,2247.섬들근린공원,202107,1424
서초구,2248. 서초리슈빌S 글로벌 앞,202107,247
서초구,2249. 우솔초등학교 맞은편,202107,269
서초구,2250. 서초유치원 맞은편,202107,758
서초구,2251. 더케이호텔 입구(양재2),202107,1102
서초구,2252. 하이브랜드 앞,202107,1934
서초구,2255.시민의숲역 1번출구 옆,202107,2038
서초구,2256.양재동 꽃시장 입구,202107,352
서초구,2257. 하나로클럽 양재점 맞은편,202107,174
서초구,2258.구룡사 삼거리,202107,297
서초구,2259. 잠원역 3번-4번 출구사이,202107,996
서초구,2262. 한신16차아파트 119동 앞,202107,4250
서초구,2263. 바우뫼문화복지회관,202107,649
서초구,2264. 이수역 1번출구,202107,2976
서초구,2265. 이수고가차도 남단,202107,2199
서초구,2266. 서초역 3번출구,202107,1053
서초구,2268. 서초4동주민센터,202107,730
서초구,2269. 주홍교 하부,202107,458
서초구,2270. 서초포레스타 7단지,202107,384
서초구,2271. 내방역 8번출구 앞,202107,1059
서초구,2272. 교대입구 교차로,202107,439
서초구,2273. 일동제약 사거리,202107,942
서초구,2274. 양재시민의숲역 3번출구,202107,969
서초구,2275. 염곡치안센터 건너편,202107,97
서초구,2276. 영동1교 (양재천근린공원),202107,1154
서초구,2277. 길마중4교 하부,202107,1164
서초구,2279. 교대역 5번출구뒤,202107,1444
서초구,2280. 서울서초고용센터앞,202107,450
서초구,2281. 연세사랑병원신관앞,202107,479
서초구,2282. 방배래미안아트힐 101동앞,202107,279
서초구,2283. 그룹한빌딩옆,202107,273
서초구,2284. CJ오쇼핑앞,202107,194
서초구,2285. LH서초3단지 301동 맞은편,202107,527
서초구,2286. 탑성마을입구,202107,48
서초구,2287. 능안마을입구,202107,29
서초구,2288. 안골마을입구,202107,68
서초구,2289. 남태령역 2번출구,202107,129
서초구,2293. SPC 앞,202107,775
서초구,2294. 두상빌딩 앞,202107,1529
서초구,2297. 남부터미널역 1번출구,202107,615
서초구,2298. 래미안서초스위트앞,202107,535
서초구,2299. 한전아트센터 앞,202107,848
서초구,2501. 서초 포레스타5단지,202107,859
서초구,2502. 서초역1번출구 앞,202107,545
서초구,2503. 반포1동 서초빌딩 앞,202107,1010
서초구,2504. 신사역 4번출구 뒤,202107,1007
서초구,2505. 우성아파트사거리 (기업은행앞),202107,1450
서초구,2506. LG유플러스 (방배사옥),202107,168
서초구,2508. 양재이스타빌 앞,202107,1512
서초구,2509. 심산기념문화센터,202107,316
서초구,2510. JW타워,202107,246
서초구,2511. 이수역 6번출구 앞,202107,1283
서초구,2514.사평역 2번출구,202107,589
서초구,2515.서초초등학교 후문,202107,891
서초구,2516.본마을 노인복지센터 앞,202107,398
서초구,2517.서초3교(효령로69길 방면),202107,216
서초구,2518.서초3교(효령로70길 방면),202107,624
서초구,2519.서초2교(사임당로 방면),202107,257
서초구,2520.서초1교 (진흥아파트 방면),202107,453
서초구,2521.서초 크로바타워 앞,202107,654
서초구,2523.뉴코아 킴스클럽 앞,202107,1170
서초구,2524.반포쇼핑타운 8동 앞,202107,800
서초구,2525.반포쇼핑타운 2동 앞,202107,2246
서초구,2526.반포경남쇼핑 앞,202107,411
서초구,2527.반포중학교 앞(세화여고 맞은편),202107,552
서초구,2528.함지박 사거리,202107,817
서초구,2529.우리은행 방배동지점 앞,202107,1026
서초구,2530.삼호3차아파트 앞,202107,1398
서초구,2531.멤피스아파트 앞,202107,1331
서초구,2532.국립국악원 앞,202107,197
서초구,2533.한가람미술관 앞,202107,301
서초구,2534.신흥교(애견훈련소),202107,12
서초구,2535.신반포역 3번출구 뒤,202107,377
서초구,2536.서초종합체육관 입구,202107,14
서초구,2537.양재역 8번출구 앞,202107,668
서초구,2538.사평리 공원,202107,1114
서초구,2539.대한무역투자진흥공사 KOTRA 앞,202107,377
서초구,2540.반포천 앞,202107,1223
서초구,2541.옛골 입구,202107,98
서초구,2542.신논현타워 앞,202107,965
서초구,2545.국립중앙도서관(국제회의장옆),202107,182
서초구,2547.포드서초서비스센터앞,202107,430
서초구,2548.반포1동 자율방범초소 옆,202107,397
서초구,2549.LH 서초 4단지 403동,202107,551
서초구,2550.양재동 꽃시장 건너편,202107,713
서초구,4303. 매헌역 2번출구앞광역버스 정류장앞(22-297),202107,781
서초구,4304. 서울고앞,202107,421
서초구,4305. 서일스포츠센터,202107,118
서초구,4306. 서래공원 앞,202107,713
서초구,4307. 고투몰 gate 15옆,202107,657
서초구,4309. 서초케이타운앞,202107,261
서초구,4310. 염곡동(염통골) 입구,202107,147
서초구,4312. 반포미도2차아파트 옆,202107,378
서초구,4313. 반포종합운동장,202107,560
서초구,4314. 탑성마을 버스정거장 옆,202107,32
서초구,4315. 이투스교육 앞,202107,246
서초구,4316. 고속터미널역 3번출구,202107,568
서초구,4317. 양재근린공원,202107,1177
서초구,4318. 방배역 2번 출구,202107,746
서초구,4319. 삼성전자R&D어린이집 뒤,202107,150
서초구,4320. 신영체르니 아파트,202107,427
서초구,4322.서울추모공원 입구,202107,27
성동구,3511. 응봉역 1번출구,202107,5253
성동구,3513. 상왕십리역 1번출구,202107,1880
성동구,3514. 왕십리교회옆,202107,2851
성동구,3515. 서울숲 관리사무소,202107,2297
성동구,3525. 금호스포츠센터앞,202107,816
성동구,3527. 왕십리 자이아파트,202107,64
성동구,3530. 왕십리자이아파트 후문(삼거리),202107,302
성동구,3531. 논골사거리(금호도서관 입구),202107,376
성동구,3532. 왕십리KCC스위첸아파트,202107,200
성동구,3538. 서울숲 IT캐슬,202107,124
성동구,3544.한양대역 3번 출구,202107,1269
성동구,3545.한양대역 1번출구,202107,684
성동구,3547.상왕십리역 6번 출입구,202107,639
성동구,3548.뚝섬역 6번출구,202107,1588
성동구,3549.건영아파트 앞,202107,1729
성동구,3550.금호나들목,202107,1442
성동구,3551.성동도로사업소,202107,481
성동구,3552.서울숲 공영주차장앞,202107,916
성동구,3553.마장역3번출구,202107,657
성동구,3555.양지사거리(센트라스APT 115동앞),202107,464
성동구,3556.신금호파크자이APT앞,202107,301
성동구,3557.서울숲리버뷰자이APT105동 앞,202107,752
성동구,3558.마장동 금호어울림APT앞,202107,634
성동구,3559.성동구민종합체육센터 앞,202107,1974
성동구,3560.성동구 견인차량 보관소 앞,202107,1276
성동구,3561.행당동 삼부APT후문,202107,225
성동구,3600.사근빗물펌프장 건너편,202107,3072
성동구,4353. 코오롱디지털타워 3차앞,202107,1969
성동구,4360. 르노삼성자동차 성수사업소 앞,202107,630
성동구,4362. 행당중학교 후문,202107,848
성동구,4363. 신금호역 2번출구 앞,202107,11
성동구,4367. kt 행당빌딩 앞,202107,642
성동구,4370. 서울숲IT캐슬 앞,202107,1298
성동구,506. 금호 어울림 아파트 앞,202107,611
성동구,507. 성수아이에스비즈타워 앞,202107,1596
성동구,508. 성수아카데미타워 앞,202107,2012
성동구,509. 이마트 버스정류소 옆,202107,4219
성동구,510. 서울숲 남문 버스정류소 옆,202107,1279
성동구,511. 서울숲역 4번 출구 옆,202107,1405
성동구,512. 뚝섬역 1번 출구 옆,202107,2308
성동구,513. 뚝섬역 5번 출구 정류소 옆,202107,1277
성동구,514. 성수사거리 버스정류장 앞,202107,2898
성동구,518. 청계천 박물관 앞,202107,1793
성동구,519. 양지사거리,202107,1014
성동구,520. 상왕십리역 4번 출구 앞,202107,875
성동구,521. 왕십리역 11번 출구 앞,202107,1851
성동구,522. 금호역 1번출구 앞,202107,361
성동구,523. 옥수동성당 옆,202107,187
성동구,524. 래미안금호하이리버 아파트 102동 옆,202107,569
성동구,525. 한양대병원사거리,202107,1552
성동구,526. 용답토속공원 앞,202107,536
성동구,529. 장한평역 8번 출구 앞,202107,303
성동구,530. 청계벽산아파트 앞,202107,1533
성동구,533. 우리은행 금호동 지점 앞,202107,385
성동구,534. 금호사거리,202107,373
성동구,535. 응봉삼거리,202107,696
성동구,536. 행당역 2번출구 앞,202107,1064
성동구,537. 한양대후문역 부근,202107,1552
성동구,538. 답십리역 8번출구 앞,202107,1106
성동구,550. 서울시설공단 앞,202107,107
성동구,556. 달맞이공원,202107,89
성동구,557. 도선동 주민센터 앞,202107,1494
성동구,558. 성동광진 교육지원청 앞,202107,1650
성동구,559. 왕십리역 4번 출구 건너편,202107,2337
성동구,560. 비전교회 앞,202107,2134
성동구,561. 서울숲역 2번출구 앞,202107,1935
성동구,562. 군자지하보도 앞,202107,1030
성동구,563. 성동세무서 건너편,202107,2574
성동구,564. 금호역 3번출구,202107,175
성동구,565. 옥수역 3번출구,202107,6383
성동구,567. 성수역 2번출구 앞,202107,3945
성동구,568. 청계8가사거리 부근,202107,3814
성동구,569. 응봉현대아파트 정류소,202107,304
성동구,578. 성동세무서 부근,202107,1565
성동구,579. 마장역 4번출구,202107,1321
성동구,581. 용답초등학교,202107,1863
성동구,582. 경일중학교 앞,202107,1843
성동구,583. 청계천 생태교실 앞,202107,7572
성동구,585. 성수2가1동 공영주차장 인근,202107,3758
성동구,586. 마장동 주민센터,202107,858
성동구,587. 유니베라 앞,202107,2105
성동구,589. 성수역3번출구,202107,4333
성동구,594. 중랑물재생센터(서울새활용플라자),202107,704
성동구,9980. 에이텍,202107,17
성북구,1302. 한성대입구역6번출구 뒤,202107,828
성북구,1303. 돈암초교 입구,202107,1205
성북구,1304. 만해공원,202107,440
성북구,1305. 성북구청,202107,1353
성북구,1306. 한성대입구역2번출구,202107,2360
성북구,1308. 안암로터리 버스정류장 앞,202107,5210
성북구,1314. 정릉꿈에그린1단지 201동 앞,202107,530
성북구,1315. 고려사대부속중고 정문,202107,478
성북구,1316. 고려사대부속중고 건너편,202107,498
성북구,1318. 길음역 3번출구 뒤,202107,1686
성북구,1319. 종암사거리 분수대,202107,2167
성북구,1320. LG베스트샵 종암점,202107,2229
성북구,1321. 국민은행 종암동지점 앞,202107,2577
성북구,1322. 래미안라센트아파트 103동 앞,202107,1432
성북구,1323. 월곡역 입구 육교 밑,202107,481
성북구,1325. 상월곡역 4번출구,202107,750
성북구,1326. 상월곡역 1번출구,202107,1127
성북구,1327. 상월곡역 3번출구,202107,1396
성북구,1328. 월곡역 3번출구,202107,2611
성북구,1332. 석계역 5번출구 건너편,202107,2493
성북구,1333. 석관초등학교 앞,202107,1546
성북구,1334. 석관동주민센터 앞,202107,1391
성북구,1336. 성북3교 위,202107,2173
성북구,1337. 돈암성당 옆,202107,2490
성북구,1338. 용문2교 옆,202107,1528
성북구,1339. 삼성전자서비스 성북센터,202107,1203
성북구,1340. 광운초등학교 앞,202107,616
성북구,1342. 성북쉼터 앞,202107,122
성북구,1343. 한성대7번출구 앞,202107,1009
성북구,1344. 아리랑시네센터 앞,202107,728
성북구,1346. 길음8골어린이공원 옆,202107,1028
성북구,1347. 길음래미안아파트817동 상가 앞,202107,463
성북구,1348. 성북제일새마을금고 본점 앞,202107,812
성북구,1349. 월계2교 버스정류장 앞,202107,975
성북구,1351. 안암2교 옆,202107,2723
성북구,1352. e 편한세상 보문아파트 내,202107,254
성북구,1353. 금호어울림센터힐 내,202107,384
성북구,1354. 고려대학교 2번출구,202107,2172
성북구,1355. 보문2교,202107,3689
성북구,1357. 북한산보국문역,202107,676
성북구,1358. 정릉도서관 앞,202107,870
성북구,1359. 장위뉴타운 꿈에 숲 코오롱 하늘채 앞,202107,1702
성북구,1360. 정릉역,202107,942
성북구,1361. 홍익중고 입구,202107,1396
성북구,1362. 보문역6번출구 앞,202107,1769
성북구,1363. 보문4교 인근,202107,2950
성북구,1364. 성북동 치안센터 앞,202107,951
성북구,1365. 선잠단지 앞,202107,393
성북구,1366. 일신초등학교 옆,202107,387
성북구,1367. 길음문화복합미디어센터,202107,509
성북구,1368. 성신여대입구 교차로,202107,1231
성북구,1369. 미아사거리,202107,1870
성북구,1370. 복자사랑 피정의 집,202107,399
성북구,1372. KEB은행 고대점,202107,1958
성북구,1373. 성북구보건소 건너편,202107,1104
성북구,1375. 생명의 전화 종합복지관 앞 교차로,202107,1671
성북구,1376. 한국과학기술연구원 중문,202107,315
성북구,1377. 한국과학기술연구원 북문,202107,310
성북구,1379.길음뉴타운푸르지오아파트 3단지,202107,412
성북구,1380.월곡역 5번출구 앞,202107,2161
성북구,1381.석계역 4번출구 뒤,202107,1949
성북구,1382.래미안월곡아파트 입구,202107,1257
성북구,1384.성신여대입구역 5번출구,202107,2205
성북구,1385.성신여대입구역 3번출구 앞,202107,1744
성북구,1386.동선고가차도 초입,202107,751
성북구,1388.커핀그루나루,202107,798
성북구,1390.석관래미안아트리치,202107,1646
성북구,1391.성북청소년센터,202107,626
성북구,1392.돈암삼성풍림아파트,202107,130
성북구,1393.돈암육교 하단,202107,212
성북구,1394.길음뉴타운 래미안9단지,202107,1065
성북구,1395.래미안장위포레카운티(102동),202107,936
성북구,1396.래미안장위퍼스트하이(513동),202107,1270
성북구,4406. 장곡초등학교 앞,202107,838
성북구,4408. 돌곶이역 앞,202107,1350
송파구,1201. 가락시장역 3번 출구,202107,2221
송파구,1203. 밀리아나2빌딩 앞,202107,2357
송파구,1204. 거여역 3번출구,202107,1677
송파구,1205. 종합운동장역 4번출구,202107,1286
송파구,1206. 9호선종합운동장역 9번출구,202107,991
송파구,1207. 마천CU우방점 앞,202107,1046
송파구,1208. 풍납현대아파트쉼터,202107,1838
송파구,1209. 잠실나루역 (2번 출구 쪽),202107,2958
송파구,1210. 롯데월드타워(잠실역2번출구 쪽),202107,8086
송파구,1211. 방이삼거리,202107,4464
송파구,1212. 송파역 2번 출구앞,202107,1856
송파구,1213. 백토공원 앞,202107,485
송파구,1214. 오금역 7번 출구 인근,202107,1317
송파구,1215. 올림픽공원역 1번출구 앞,202107,1977
송파구,1217. 송파파인타운 7단지,202107,952
송파구,1218. 방이역 4번출구,202107,2673
송파구,1220. 잠실본동주민센터뒤 잠실근린공원,202107,2753
송파구,1221. 삼전사거리 포스코더샵,202107,2714
송파구,1222. 잠실새내역 5번 출구 뒤,202107,3556
송파구,1224. 아시아지하보도 2번 출구,202107,1617
송파구,1226. 잠실4동 주민센터 옆,202107,1802
송파구,1227. 거여역 8번출구 뒤,202107,1562
송파구,1228. 마천사거리,202107,1215
송파구,1229. 송파체육문화회관 앞,202107,949
송파구,1230. 송파중학교 정문,202107,1052
송파구,1231. 잠실역 6번출구,202107,2302
송파구,1232. 롯데마트 주차장 옆,202107,2203
송파구,1233. 잠실3거리(갤러리아팰리스),202107,1121
송파구,1235. 잠실트리지움310동 옆,202107,1898
송파구,1239. 문정 법조단지3,202107,451
송파구,1240. 문정 법조단지4,202107,786
송파구,1241. 문정 법조단지5,202107,439
송파구,1242. 문정 법조단지6,202107,183
송파구,1243. 문정 법조단지7,202107,2664
송파구,1244. 문정 법조단지8,202107,2689
송파구,1245. 문정 법조단지9,202107,1653
송파구,1246. 문정 법조단지10,202107,1982
송파구,1247. 문정 법조단지11,202107,1019
송파구,1248. 방이초등학교,202107,2266
송파구,1249. 아주중학교건너편,202107,1506
송파구,1250.문정2동 주민센터,202107,617
송파구,1251. 석촌역 2번출구,202107,2501
송파구,1253. 오금역 3번 출구 뒤,202107,817
송파구,1256. 문정현대아파트 교차로,202107,1066
송파구,1257. 가락시장역 롯데마트앞,202107,1101
송파구,1258. 가락미륭아파트 앞,202107,732
송파구,1259. 방이역 1번출구,202107,1748
송파구,1260. 방이동 한양3차아파트 옆,202107,1315
송파구,1262. 송파여성문화회관 앞,202107,2250
송파구,1263. 장지공영차고지,202107,436
송파구,1264. 천호역 10번 출구 앞,202107,3183
송파구,1265. 문정동 근린공원,202107,1363
송파구,1266. 문정동 글샘 공원,202107,706
송파구,1267. 올림픽공원 남2문 앞,202107,1392
송파구,1268. 몽촌토성역 1번출구 옆,202107,4228
송파구,1269. 리센츠아파트,202107,1501
송파구,1271. 송파도서관,202107,1604
송파구,1274. 영파여고 앞,202107,1446
송파구,1275. 거여초등학교 옆,202107,648
송파구,1277. 오금동 송파 참병원,202107,1290
송파구,1278. 송파구청 교차로,202107,2575
송파구,1279. 마천금호어울림 1차아파트 건너편,202107,606
송파구,1280. 송파파크데일 2단지입구 앞 주차장,202107,798
송파구,1282. 송파소방서 맞은편(성내4교),202107,2000
송파구,1283. 오금공원 사거리,202107,195
송파구,1285. 위례별 유치원 뒤,202107,534
송파구,1286. 위례중앙푸르지오 1단지 앞,202107,1105
송파구,1287. 위례아이파크 101동 맞은편,202107,552
송파구,1288. 문정중교 사거리,202107,1272
송파구,1289. 풍납동 자전거보관소,202107,461
송파구,1290. 위례송파꿈에그린아파트24단지 앞 성벽 다리 밑,202107,348
송파구,1291. 서울체육고등학교 앞,202107,339
송파구,1293. 석촌호교차로 (스타벅스 앞),202107,3386
송파구,1295. 잠실역 8번출구,202107,3776
송파구,1296. 석촌호수교차로 (송파나루근린공원 앞),202107,665
송파구,1297. 석촌호수교차로(동호 팔각정 앞),202107,1977
송파구,1299. 송파소방서 (방이119안전센터),202107,838
송파구,1300. 오륜사거리,202107,957
송파구,2601. 석촌호수 아뜰리에,202107,2617
송파구,2603. 송파 글마루 도서관,202107,814
송파구,2604. 삼표레미콘 앞,202107,1451
송파구,2605. 복정역 1번 출구 앞,202107,665
송파구,2606. 위례동주민센터 맞은편 근린공원,202107,1667
송파구,2607. 복정역 2번출구 후문 (장지치안센터),202107,872
송파구,2608. 송파구청,202107,1957
송파구,2609. 보성중고등학교 후문 앞,202107,132
송파구,2610. 송리단길,202107,2901
송파구,2611. 송파지역자활센터 뒤,202107,2583
송파구,2612. 문정·가락 대여소 앞,202107,95
송파구,2613. 잠실나들목,202107,3149
송파구,2614. 가락고등학교 앞,202107,525
송파구,2615. 테라타워2,202107,2200
송파구,2616. 거여동 사거리,202107,708
송파구,2617. 가락삼환아파트 앞,202107,1351
송파구,2618. 삼전역 1번출구,202107,1923
송파구,2619. 석촌고분역 4번출구,202107,2827
송파구,2620. 송파나루역 4번 출구옆,202107,4930
송파구,2621. 한성백제역 2번 출구,202107,3063
송파구,2622. 올림픽공원역 3번출구,202107,5561
송파구,2623.석촌동 주민센터,202107,2904
송파구,2625.가락1동 주민센터,202107,573
송파구,"2626.경찰병원역 1,2번 출구 사이",202107,815
송파구,2627.문정시영아파트 5동 앞 공원,202107,874
송파구,2628.문정역 1번출구,202107,2323
송파구,2629.문정동 힐스데이트 에코 송파,202107,3257
송파구,2630.서울방이동 고분군,202107,1933
송파구,2631.배명고등학교,202107,1295
송파구,2632.석촌고분역 2번 출구,202107,2846
송파구,2633.송파학사 옆,202107,1141
송파구,2634.위례포레샤인아파트 2318동,202107,584
송파구,2635.잠실새내역 1번출구,202107,1766
송파구,2637.잠실월드 메르디앙,202107,2123
송파구,2638.쌍용아파트,202107,1959
송파구,2639.석촌역 8번출구,202107,3166
송파구,2641.송파역 4번출구,202107,3174
송파구,2642.마천동 성내천 쉼터,202107,1189
송파구,2643.풍납중학교 측면,202107,497
송파구,2644.성내5교 (GS주유소),202107,1387
송파구,2645.잠실나들목2(엘스아파트136동),202107,547
송파구,2646.레이크펠리스101동앞,202107,2880
송파구,2647.잠실 자전거 수리센터 앞,202107,2003
송파구,2648.헬리오시티 112동 앞,202107,1622
송파구,2649.오금공원사거리2,202107,345
송파구,2650.위례22단지 2208동 다리앞,202107,443
송파구,2651.경찰병원역 3번출구 앞,202107,1419
송파구,2652.송파 레미니스1단지 102동 앞,202107,936
송파구,2653.올림픽공원사거리(선수촌아파트),202107,1938
송파구,2654.올림픽선수촌아파트 136동 앞,202107,832
송파구,2655.송이공원,202107,680
송파구,2656.풍납동 아이파크 107동 앞,202107,1151
송파구,2657.송파 파인타운 11단지,202107,681
송파구,2658.가락몰 업무동,202107,1542
송파구,2659.서울친환경유통센터,202107,153
송파구,4452. 삼성SDS,202107,2408
송파구,4453. 위례중앙푸르지오 201동 앞,202107,1461
송파구,4454. 위례 포레샤인 1809동 부근,202107,954
송파구,4456. 위례포레샤인 2310동 부근,202107,799
송파구,4457. 아산병원 기숙사 부근,202107,2379
송파구,4458. 서울힐링요양병원 앞,202107,621
송파구,4460. 올림픽훼미리아파트 112동 앞,202107,1317
송파구,4461. 한양3차아파트 3동 앞,202107,290
송파구,4462. 가락중학교 앞,202107,606
송파구,4463. 방이역 2번 출구,202107,748
송파구,4464. 올림픽공원 북2문,202107,1402
송파구,4465. 건영아파트앞 사거리,202107,1596
송파구,4467. 한림연예예술고등학교,202107,869
송파구,4468. 가락1동 주민센터 2,202107,1207
송파구,4469. 거여동 어울림아파트 102동앞,202107,620
송파구,4472. 송파파크데일 1단지 115동 건너편,202107,756
송파구,4473. 마천금호어울림 1차 102동앞,202107,332
송파구,4474. 가락현대 1차 11동 앞,202107,511
송파구,4475. 송파파인타운 4단지 403동,202107,393
송파구,4478. 문정근린공원2,202107,980
송파구,4479. 문정중학교,202107,235
송파구,4480. 가락시장역 롯데마트2,202107,893
송파구,4481. 올림픽공원 북2문 2,202107,2017
송파구,4483. 잠실나들목4,202107,2373
송파구,4484. 잠실나루역4번출구뒤,202107,1385
송파구,4485. 잠실나루역 고가하부,202107,312
송파구,4486. 홈플러스 잠실점,202107,1588
송파구,4488. 문현중.고등학교 사이,202107,217
송파구,4490. 송파파인타운 10단지 1005동,202107,380
송파구,4491. 장지역 1번출구,202107,1190
송파구,4493. 마천사거리 2,202107,600
송파구,4496. 잠실 파크리오 120동 앞,202107,1204
송파구,4497. 아시아선수촌아파트 교차로,202107,773
송파구,4499. 세양청마루 101동 앞,202107,747
송파구,4500. 풍납나들목,202107,1015
송파구,4852. 서울복합물류 게이트 1,202107,1140
송파구,4853. 송파 안전체험교육관,202107,131
송파구,4854. 가락시장역 2번 출구,202107,953
송파구,4855. 거여5단지 503동 앞,202107,942
송파구,4856. 올림픽공원 서1문 앞,202107,779
송파구,4857. 올림픽공원 장미광장,202107,569
송파구,4859. 잠실나루 나들목,202107,1549
송파구,4860. 가락쌍용2차아파트 103동,202107,974
송파구,4861. 거여삼거리,202107,774
송파구,4862. 올림픽파크텔 맞은편,202107,342
송파구,4863. 잠실나들목5,202107,429
송파구,4864. 송파사거리,202107,2451
송파구,4865. 한성백제역 1번출구 뒤,202107,3767
송파구,4867. 가락대림아파트 앞,202107,888
송파구,4868. 레이크 호텔 앞,202107,1761
송파구,4869. 잠실나들목6,202107,932
양천구,4507. 삼성전자서비스 신정센터,202107,898
양천구,4508. 유원목동아파트 앞,202107,2244
양천구,4509. 서울영상고교 입구,202107,2678
양천구,4510. 신정네거리역 교차로,202107,1512
양천구,4512. 목동13_14단지 사거리,202107,722
양천구,4514. 목동성당 앞,202107,1987
양천구,4515. 동문굿모닝탑,202107,2930
양천구,4516. 신진빌라,202107,398
양천구,4517. 성보하이드로빌딩,202107,1262
양천구,4518. 청기와빌딩,202107,969
양천구,4519. 양원보도육교,202107,235
양천구,4520. 대성유니드아파트,202107,908
양천구,4522. 다이소신곡시장점,202107,1313
양천구,4523. 구립양천어르신요양센터,202107,112
양천구,4526. 목동아파트2단지 222동 앞,202107,1128
양천구,4527. 목동신시가지아파트6단지,202107,1356
양천구,4528. 양천구청역 1번출구,202107,916
양천구,4530. 버거킹 신월점 앞,202107,615
양천구,4531. 목동아파트 613동 앞,202107,1823
양천구,700. KB국민은행 염창역 지점 앞,202107,1865
양천구,701. 목동사거리 부근,202107,1620
양천구,702. 목4동주민센터 옆,202107,2162
양천구,703. 오목교역 7번출구 앞,202107,4673
양천구,704. 남부법원검찰청 교차로,202107,3436
양천구,706. 신정네거리역,202107,1036
양천구,707. 신정3동주민센터,202107,1027
양천구,708. 서울출입국관리사무소 앞,202107,3789
양천구,709. 신정3동 현장민원실 앞,202107,1084
양천구,710. 금옥여고보도육교,202107,477
양천구,711. 신일해피트리아파트 앞,202107,1401
양천구,712. 강월초교입구 사거리,202107,996
양천구,713. 양서중학교 옆,202107,831
양천구,714. 한국SGI 양천문화회관 앞,202107,829
양천구,716.신정6동 주민센터 인근,202107,1528
양천구,719. 홍익병원앞 교차로,202107,1992
양천구,720. 서울강월초등학교 앞,202107,822
양천구,722. LG전자베스트샵 신정점,202107,2001
양천구,723. SBS방송국,202107,2421
양천구,724. 계남공원 입구 주출입구 좌측,202107,373
양천구,725. 양강중학교앞 교차로,202107,803
양천구,726. 목동3단지 시내버스정류장,202107,3710
양천구,729. 서부식자재마트 건너편,202107,2545
양천구,731. 서울시 도로환경관리센터,202107,2136
양천구,732. 신월동 이마트,202107,1089
양천구,733. 신정이펜하우스314동,202107,687
양천구,734. 신트리공원 입구,202107,2528
양천구,735. 영도초등학교,202107,3206
양천구,736. 오솔길공원,202107,1295
양천구,737. 장수공원,202107,1146
양천구,739. 신월사거리,202107,1468
양천구,740. 으뜸공원,202107,1603
양천구,741. 화곡로 입구 교차로,202107,406
양천구,742. 등촌역 5번 출구 뒤,202107,1060
양천구,743. 현대6차아파트 101동 옆,202107,978
양천구,744. 신목동역 2번 출구,202107,2836
양천구,745. 강서초등학교,202107,874
양천구,746. 목동2단지 상가,202107,3508
양천구,747. 목동3단지 상가,202107,1885
양천구,748. 목동운동장,202107,682
양천구,749. 이대 목동병원 앞,202107,1111
양천구,750. 연의근린공원 건너편,202107,949
양천구,752. 성원2차 아파트,202107,1314
양천구,754. 목동1단지아파트 118동 앞,202107,2185
양천구,755. 목동1단지아파트 상가 앞,202107,2748
양천구,756. 목동주차장,202107,1620
양천구,757. 신정이펜하우스 1단지아파트 입구 사거리,202107,561
양천구,758. 한사랑교회 앞,202107,1588
양천구,759. 보아스아파트 앞,202107,1109
양천구,760. 잣절보도육교 아래,202107,593
양천구,762. 오목로 무중력지대 앞,202107,1147
양천구,763. 목동11단지 아파트,202107,1615
양천구,764. 목동청소년수련관,202107,3126
양천구,765. 오목교역 3번출구,202107,5490
양천구,766. 신목동역 3번출구,202107,2317
양천구,767.신정숲속마을아파트,202107,522
양천구,768.목동5단지아파트 501동,202107,1546
양천구,769.CBS방송국 앞,202107,4458
양천구,770.목동역5번출구 교통정보센터 앞,202107,6842
양천구,771.목동아파트 703동 앞,202107,2817
양천구,"773.염창역 3, 4번 출구 사이",202107,1834
양천구,774.등촌역 4번 출구,202107,1298
양천구,775.세종그랑시아 앞(102동),202107,977
양천구,776.목마공원,202107,608
양천구,777.신월6차보람아파트 앞,202107,1137
양천구,779. 신정1동 주민센터 앞,202107,2500
양천구,780.신정교 하부,202107,3576
양천구,781.신정보도육교 아래,202107,2754
양천구,782.서남병원 후문,202107,722
양천구,"785.양천구청, 보건소 사잇길",202107,4828
양천구,786.목동아파트 8단지 상가동 앞,202107,2280
양천구,787.양천아파트 입구,202107,2993
양천구,788.양천구청역 2번출구 옆,202107,2501
양천구,790.화곡고가 사거리,202107,901
양천구,791.현대하이페리온,202107,2664
양천구,792.목동트라팰리스 웨스턴에비뉴,202107,4708
양천구,793.목동5단지아파트 534동,202107,1892
양천구,794.양천문화회관,202107,2321
양천구,795.양천 해누리타운,202107,2281
양천구,796.목동아파트 14단지 B상가 앞,202107,1842
양천구,797.목동아파트 1422동 1434동 사잇길,202107,3074
영등포구,200. 국회의원회관,202107,328
영등포구,201. 진미파라곤 앞,202107,1837
영등포구,202. 국민일보 앞,202107,4049
영등포구,203. 국회의사당역 3번출구 옆,202107,1871
영등포구,204. 국회의사당역 5번출구 옆,202107,1314
영등포구,205. 산업은행 앞,202107,1740
영등포구,206. KBS 앞,202107,2549
영등포구,207. 여의나루역 1번출구 앞,202107,10753
영등포구,209. 유진투자증권빌딩 앞,202107,2007
영등포구,210. IFC몰,202107,5531
영등포구,211. 여의도역 4번출구 옆,202107,4032
영등포구,212. 여의도역 1번출구 옆,202107,346
영등포구,213. KT앞,202107,2155
영등포구,214. 금융감독원 앞,202107,1571
영등포구,215. 여의도고교 앞,202107,1322
영등포구,217. NH농협은행 앞,202107,3056
영등포구,219. 롯데캐슬엠파이어 옆,202107,1711
영등포구,220. 미성아파트 A동 앞,202107,1940
영등포구,221. 여의도초교 앞,202107,2162
영등포구,222. 시범아파트버스정류장 옆,202107,2878
영등포구,223. 진주아파트상가 앞,202107,1320
영등포구,224. 롯데캐슬 앞,202107,2117
영등포구,225. 앙카라공원 앞,202107,2061
영등포구,226. 샛강역 1번출구 앞,202107,2012
영등포구,227. 양평2나들목 보행통로 입구,202107,3328
영등포구,228. 선유도역 3번출구 앞,202107,4314
영등포구,229. 양평1 보행육교 앞,202107,2367
영등포구,230. 영등포구청역 1번출구,202107,6668
영등포구,231. 남부고용노동지청 남측,202107,1558
영등포구,232. 양평우림 이비즈센타 앞,202107,2864
영등포구,233. YP 센터 앞,202107,741
영등포구,234. 영등포구민체육센터 앞,202107,1310
영등포구,235. 신길동 우리은행 옆,202107,1221
영등포구,236. 문래동자이아파트 앞,202107,2449
영등포구,238. 제2구민체육센타 앞,202107,1194
영등포구,239. 유스호스텔 앞,202107,1433
영등포구,240. 문래역 4번출구 앞,202107,3153
영등포구,241. 신길우성1차아파트 앞 공원,202107,1081
영등포구,242. 신길선원가와인아파트 앞,202107,1248
영등포구,243. 이앤씨드림타워 앞,202107,3018
영등포구,244. 영등포삼환아파트 앞,202107,2019
영등포구,245. 삼성생명 당산사옥 앞,202107,2997
영등포구,247. 당산역 10번출구 앞,202107,6798
영등포구,248. 초원아파트 앞,202107,1322
영등포구,249. 여의도중학교 옆,202107,2056
영등포구,250. 대림아파트 사거리,202107,873
영등포구,251. 서울지방병무청 버스정류장,202107,982
영등포구,252. 보라매역4번출구,202107,1896
영등포구,253. 신풍역 5번출구 인근,202107,1058
영등포구,254. 도림신협 앞,202107,1436
영등포구,255. 도림사거리,202107,1967
영등포구,256. 동아에코빌입구,202107,1435
영등포구,257. 신길삼거리(우리은행),202107,3383
영등포구,258. 신길역3번출구,202107,1950
영등포구,259. 대방역6번출구,202107,3966
영등포구,260. 여의도 마리나선착장 앞,202107,753
영등포구,262. 영문초등학교 사거리,202107,4567
영등포구,263. 근로자회관 사거리,202107,3980
영등포구,264. 교보생명보험 앞,202107,1749
영등포구,265. 영등포유통상가 사거리,202107,1772
영등포구,266. 영등포청과시장 사거리,202107,1469
영등포구,267. 삼성화재 사옥 옆,202107,1888
영등포구,268. 그랜드컨벤션센터 앞,202107,2235
영등포구,270. 증권거래소후문교차로,202107,1400
영등포구,271. 샛강생태공원방문자센터 앞,202107,737
영등포구,272. 당산육갑문,202107,6407
영등포구,274. 영등포역지하쇼핑센타 5번출구,202107,4747
영등포구,275. 신동아아파트,202107,3506
영등포구,276. SK 영등포주유소,202107,3033
영등포구,277. 영등포뉴타운지하상가 2번게이트,202107,1032
영등포구,278. 쌍용플레티넘오피스텔,202107,3101
영등포구,279. 영등포 푸르지오 아파트,202107,2105
영등포구,280. 양평동6차현대아파트 앞,202107,2852
영등포구,281. 신동아아파트 앞,202107,1348
영등포구,282. 신한은행,202107,755
영등포구,283. 아크로타워 스퀘어(영등포시장),202107,3422
영등포구,284. 센트럴 푸르지오 시티 앞,202107,2809
영등포구,285. 대림3동사거리(하나은행),202107,689
영등포구,286. 우성아파트 교차로,202107,1705
영등포구,287. 영등포전화국사거리 (서강어린이공원),202107,2729
영등포구,288. 쌍용예가(구청별관),202107,1482
영등포구,289. 대림3동사거리,202107,1200
영등포구,290. 당산동 SK V1 빌딩,202107,1860
영등포구,291. 문래동 하이테크 시티,202107,2965
영등포구,292. 영일 어린이공원,202107,1456
영등포구,293. 충북 미래관,202107,3036
영등포구,295.영등포공원 분수대 앞,202107,373
영등포구,296.KT플라자 영등포점,202107,2374
영등포구,297.국회3문,202107,379
영등포구,298.KBS 연구동 건너편,202107,588
영등포구,299.여의도 순복음교회,202107,643
영등포구,3201.당산skv1센터,202107,1360
영등포구,3202.당산롯데캐슬프레스티지,202107,2568
영등포구,3203.도림동배드민턴체육관,202107,755
영등포구,3204.도림고가도로 밑,202107,1012
영등포구,3205.문래현대2차,202107,1223
영등포구,3206.문래동 주민센터,202107,1319
영등포구,3207.양남사거리1,202107,688
영등포구,3211.신길 래미안 프레비뉴,202107,636
영등포구,3212.신풍역 6번출구,202107,1382
영등포구,3214.영등포 푸르지오,202107,1917
영등포구,3215.강변삼성래미안,202107,1369
영등포구,3219.영등포역 2번출구,202107,2975
영등포구,3220.래미안에스티움 앞 (신풍로),202107,1420
영등포구,3221.서울특별시 남부교육지원청,202107,690
영등포구,4552. 코레일유통본사,202107,849
영등포구,4553. 당산삼성2차아파트,202107,1661
영등포구,4555. 대림우성2차아파트,202107,624
영등포구,4556. 리버뷰신안인스빌1차 후문,202107,1223
영등포구,4557. 리버뷰신안인스빌2차 후문,202107,1206
영등포구,4558. 대영중고 후문,202107,806
영등포구,4559. 신길역 2번출구,202107,1656
영등포구,4560. 양평동성원아파트,202107,614
영등포구,4561. 양평역 1번출구,202107,3116
영등포구,4563. 여의도 은하아파트,202107,677
영등포구,4564. 63스퀘어,202107,1698
영등포구,4565. 영등포 신세계백화점,202107,2918
영등포구,4566. 대림성원상떼빌아파트,202107,1471
영등포구,4567. 한림대학교 강남성심병원 신관,202107,974
영등포구,4568. 영등포로터리,202107,1237
영등포구,4569. 힐스테이트클래시안아파트,202107,902
영등포구,4571. 문래동롯데캐슬아파트,202107,2968
영등포구,4573. 두산위브아파트,202107,399
영등포구,4574. 영등포시장역 포레나영등포,202107,1673
영등포구,4575. 대림동 e편한세상영등포아델포레,202107,1433
영등포구,4576.보라매sk뷰 108동 앞,202107,841
영등포구,4578.보라매sk뷰,202107,572
영등포구,4579. 국회의사당 본관,202107,440
영등포구,4580. 국회3문,202107,381
영등포구,4581. 국회소통관,202107,388
영등포구,4582. 국회도서관,202107,161
영등포구,4583. 의정관,202107,304
영등포구,4584. 국회2문,202107,253
영등포구,4585. 국회6문,202107,220
영등포구,4588.양남사거리2,202107,818
용산구,4602. 숙명여대앞 버스정류소 주변,202107,439
용산구,4603. 한강GS에클라트 건너편 교통섬,202107,40
용산구,4604. 원효로다목적체육관 앞,202107,606
용산구,"4605. 노들섬 다목적홀(동쪽) 숲, 앞",202107,588
용산구,4607. 국립중앙박물관 -용산가족공원 앞,202107,196
용산구,4608. 국립중앙박물관 정문 앞,202107,143
용산구,4609. 파크타워 104동 앞,202107,266
용산구,4610. 한남나인원 105동 앞,202107,606
용산구,4611. 국제루터교회 앞,202107,208
용산구,4612. 한남 준 J.FSS 앞,202107,165
용산구,4613. 서울갤러리아 앞,202107,216
용산구,4615. 크라운호텔앞 버스정류소,202107,738
용산구,4616. 신용산지하차도 앞,202107,458
용산구,4617. 동원베네스트 건너편,202107,130
용산구,4618. 풍전아파트 건너편,202107,633
용산구,4619. 한강트럼프월드3차 앞,202107,1116
용산구,4620. 삼각지역 14번 출구 앞(교통섬),202107,973
용산구,4622. 한강중학교 앞 버스정류장,202107,359
용산구,4623. 라인프랜즈이태원점 앞,202107,642
용산구,4625. 용산공원갤러리앞,202107,348
용산구,4627. 효창공원앞역 5번출구 옆,202107,521
용산구,4629. 한강초교보도육교 앞,202107,1195
용산구,800. 목월공원 앞,202107,1588
용산구,802. 한강진역 2번 출구 앞,202107,491
용산구,803. 한남초교 앞 보도육교,202107,192
용산구,805. 문배어린이공원 앞,202107,1246
용산구,806. 전자랜드 본관 앞,202107,230
용산구,807. 서울역 12번 출구 앞,202107,992
용산구,808. 서빙고동 금호맨션 앞,202107,426
용산구,809. 한남 유수지 복개주차장,202107,1045
용산구,810. 이태원지하보도,202107,787
용산구,811. 녹사평역1번출구,202107,705
용산구,812. 용산전쟁기념관,202107,317
용산구,813. 삼각지역 3번출구,202107,1021
용산구,815. LIG강촌아파트 103동앞,202107,1862
용산구,816. 신용산역 6번출구 앞,202107,2080
용산구,817. 삼각지역 4번출구 앞,202107,1351
용산구,818. 숙명여대 입구 교차로,202107,1755
용산구,819. 선린인터넷 고등학교,202107,1392
용산구,820. 청파동입구 교차로,202107,981
용산구,822. 이촌1동 마을공원,202107,422
용산구,823. 효창동주민센터 앞,202107,324
용산구,825. 서빙고동 주민센터 앞,202107,3309
용산구,827. 국군복지단,202107,150
용산구,828. 숙대입구역 8번,202107,1043
용산구,829. 베르가모앞,202107,2374
용산구,830. 청암자이아파트앞,202107,484
용산구,831. 이태원관광특구입구,202107,347
용산구,832. 이촌1동 주민센터 뒤,202107,1415
용산구,834. 효창공원앞역 3번출구 뒤,202107,1689
용산구,835. 남영역 건너편,202107,1191
용산구,836. 현대자동차서비스 앞,202107,1097
용산구,837. 한남나들목 입구,202107,2381
용산구,838. 숙대입구역 4번출구,202107,1558
용산구,839. 보광동 삼성리버빌아파트 앞,202107,1180
용산구,840. 용산 파크타워 앞,202107,590
용산구,841. 신용산역 1번 출구,202107,1977
용산구,843. 녹사평역 광장,202107,724
용산구,844. 이촌2동 동원베네스트 아파트 앞,202107,994
용산구,845. 용산 선인상가,202107,814
용산구,846. 용산중학교,202107,1283
용산구,847. 국방부민원실옆,202107,456
용산구,848. 삼각지12번 출구,202107,516
용산구,849. 삼각지 자이아파트,202107,1527
용산구,850. KCC용산월츠타워,202107,896
용산구,851.효창 푸르지오 앞,202107,407
용산구,852.청암자이APT(103동),202107,899
용산구,853.용산역 맞은편,202107,3802
용산구,854.HID 유족동지회 앞,202107,210
용산구,855.이촌역5번출구 앞,202107,173
용산구,857. 현대 안성타워,202107,316
용산구,858.녹사평역3번 출구,202107,302
용산구,859.남산공원 야외식물원 앞,202107,65
용산구,860.LG한강 자이아파트 앞,202107,1741
용산구,863.이촌역2번 출구,202107,290
용산구,864.순천향대학병원(한남오거리),202107,771
용산구,865.하얏트호텔 앞,202107,104
용산구,866.브라운스톤 남산아파트,202107,588
용산구,867.서빙고역 광장(1번출구),202107,421
용산구,869.노들섬 동측 앞,202107,478
용산구,870.노들섬 서측 앞,202107,2720
은평구,4652. 신사두산위브2차아파트 앞,202107,1201
은평구,4653. LG 베스트샵 앞,202107,844
은평구,4654. OK부동산 앞,202107,836
은평구,4657. 다이소앞,202107,1514
은평구,4658. 녹번역1번출구앞,202107,582
은평구,4659. 커피데이응암동지점,202107,1025
은평구,4663. 삼성디지털은평불광점앞,202107,646
은평구,4665. 김영혜손뜨개 앞,202107,606
은평구,4667. 폭포동입구 교차로,202107,520
은평구,4668. 기자촌사거리,202107,281
은평구,4671. 청구성심병원 앞,202107,796
은평구,4672. 준빌딩 앞,202107,454
은평구,4674. 녹번역e편한세상 캐슬 정문 앞,202107,1199
은평구,4676. 갈현1동 주민센터,202107,755
은평구,4677. 백련산 SK뷰 아이파크 해모로 아파트 앞,202107,856
은평구,900. 은평예술회관,202107,1077
은평구,901. 응암1동사무소,202107,905
은평구,902. 진관동 은빛초등학교,202107,504
은평구,903. 은평뉴타운 아이파크,202107,837
은평구,904. 은평뉴타운 푸르지오,202107,762
은평구,905. 구파발역 2번출구,202107,2300
은평구,906. 연신내역 5번출구,202107,3120
은평구,907. CJ 드림시티,202107,4743
은평구,908. 구산역 4번출구,202107,1402
은평구,909. 백련산 힐스테이트 3차,202107,672
은평구,911. 은평평화공원(역촌역4번출구),202107,2649
은평구,912. 응암오거리,202107,2567
은평구,913. 이마트 은평점,202107,3316
은평구,914. 새절역 2번출구,202107,3053
은평구,915. 증산역 4번출구,202107,1809
은평구,916. 평생학습관 앞,202107,1600
은평구,917. 녹번역 4번출구,202107,1400
은평구,919. 서울혁신파크,202107,1046
은평구,921. 신도고등학교,202107,318
은평구,922. 연신내역 4번출구,202107,809
은평구,923. 국민은행 연서지점,202107,770
은평구,924. 메뚜기다리,202107,240
은평구,925. 불광역 2번출구,202107,708
은평구,927. 연신내역 3번출구 인근,202107,708
은평구,928. 은평역사한옥박물관,202107,387
은평구,930. 구 서부경찰서 건너편,202107,966
은평구,931. 역촌파출소,202107,3666
은평구,932. 예일여중,202107,1225
은평구,933. LG서비스 역촌점,202107,1970
은평구,934. 신사동 성당,202107,359
은평구,937. 상림마을 롯데캐슬2단지 옆,202107,149
은평구,938. 금암 문화공원,202107,235
은평구,939. 은평구청 교차로,202107,794
은평구,941. 은평뉴타운 도서관,202107,617
은평구,942. 상림마을 생태공원,202107,493
은평구,943. 은평구청 보건소,202107,2217
은평구,945. 기자촌 사거리,202107,340
은평구,946. 독바위역,202107,797
은평구,947. 연신내 선일하이츠빌 정류소,202107,633
은평구,948. 디지털미디어 시티역 4번출구(DMC역),202107,959
은평구,949. 연신내역 1번 출구,202107,1347
은평구,950. 구산역 2번 출구,202107,2130
은평구,952. 서울연신중학교,202107,547
은평구,953. 서울연신초등학교,202107,590
은평구,954. 은평뉴타운구파발9단지,202107,765
은평구,956. 응암시장교차로,202107,2693
은평구,958. 신한은행 응암동 지점 앞,202107,1429
은평구,959. 구파발10단지 인근,202107,535
은평구,960. 구파발역 환승센터,202107,1031
은평구,961. 불광역 9번 출구,202107,1685
은평구,962. 은평뉴타운 힐데스하임,202107,1306
은평구,963. 대호프라자아파트,202107,1024
은평구,964. 북한산힐스테이트 7차아파트,202107,837
은평구,965. 서울특별시 은평병원,202107,671
은평구,966. 서울혁신파크1,202107,396
은평구,967. 서울혁신파크2,202107,436
은평구,968. 은평뉴타운 상림마을 13단지,202107,234
은평구,969. 은평 지웰테라스,202107,322
은평구,971. 역촌 센트레빌 아파트,202107,533
은평구,972. 수색역,202107,1359
은평구,973.제각말푸르지오 5-1단지 아파트,202107,420
은평구,974.연신초등학교옆 마을마당,202107,170
은평구,975.백련산 힐스테이트상가앞,202107,512
은평구,976.진관고등학교앞,202107,600
은평구,977.신도중학교앞,202107,338
은평구,978.녹번 힐스테이트상가앞,202107,497
은평구,979.원풍빌라앞,202107,782
은평구,982.유니클로 은평점앞,202107,1030
은평구,984.상신초등학교앞 버스정류장,202107,1459
은평구,985.은평온누리약국앞,202107,1165
은평구,989.응암 꼬꼬닭치킨호프 앞,202107,1565
은평구,991.흥국사 정류장,202107,124
은평구,992.북한산입구 정류장,202107,341
은평구,993.은평뉴타운 은뜨락아파트앞,202107,772
은평구,994.북한산생태공원입구(교통섬),202107,361
은평구,995.은평다목적체육관,202107,482
은평구,996.응암역2번출구 국민은행 앞,202107,4102
종로구,301. 경복궁역 7번출구 앞,202107,1778
종로구,302. 경복궁역 4번출구 뒤,202107,2830
종로구,303. 광화문역 1번출구 앞,202107,2304
종로구,305. 종로구청 옆,202107,2218
종로구,306. 광화문역 7번출구 앞,202107,1674
종로구,307. 서울역사박물관 앞,202107,1246
종로구,308. 광화문 S타워 앞,202107,2192
종로구,309. 광화문역 6번출구 옆,202107,1451
종로구,314. 국립현대미술관,202107,1290
종로구,316. 종각역 1번출구 앞,202107,2156
종로구,326. 안국역 5번출구 앞,202107,1735
종로구,327. 낙원상가 옆,202107,1487
종로구,328. 탑골공원 앞,202107,1054
종로구,329. 청계2가 사거리 옆,202107,1534
종로구,334. 종로3가역 2번출구 뒤,202107,1503
종로구,335. 종로3가역 15번출구 앞,202107,1142
종로구,337. 창경궁 입구,202107,565
종로구,338. 세운스퀘어 앞,202107,1106
종로구,339. 종로4가 사거리,202107,1289
종로구,340. 혜화동 로터리,202107,2042
종로구,3401.창신두산아파트,202107,223
종로구,3402.이화공영주차장,202107,673
종로구,3403.서울특별시 교육청,202107,280
종로구,3404.서울특별시 중부교육지원청,202107,290
종로구,3405.파크팰리스,202107,1345
종로구,3406.세종로공원,202107,1072
종로구,3407.안국동사거리(신),202107,1558
종로구,3408.종로타워빌딩,202107,1267
종로구,341. 혜화역 3번출구 뒤,202107,1540
종로구,3410.종로3가역 8번출구,202107,2550
종로구,3411.종묘,202107,1090
종로구,3412.세운상가,202107,831
종로구,3413.종로플레이스,202107,1844
종로구,3414.종로5가역 4번출구,202107,1102
종로구,3416.동묘앞역 6번출구,202107,2305
종로구,3417.창신3동주민센터,202107,1261
종로구,3418.창신역2번 출구,202107,211
종로구,3419.국립어린이과학관,202107,551
종로구,342. 대학로 마로니에공원,202107,2852
종로구,3420.성균관대입구사거리(맥도날드),202107,1330
종로구,3421.혜화역 1번출구,202107,2254
종로구,3422.성균관대 정문,202107,2391
종로구,3423.현대그룹(본사),202107,1103
종로구,3425.광화문 풍림스페이스본 1단지앞,202107,703
종로구,3426.독립문역 2번출구 뒤,202107,408
종로구,3427.인왕산 아이파크 정문,202107,307
종로구,3428.서울미술관,202107,229
종로구,3429.AW컨벤션앞,202107,213
종로구,343. 예일빌딩(율곡로) 앞,202107,847
종로구,3430.구기치안센터 앞,202107,197
종로구,3431.로제우스 레포츠센터,202107,286
종로구,3432.종로2가 사거리,202107,1581
종로구,344. 성균관대 E하우스 앞,202107,1132
종로구,345. 서울보증보험본사 앞,202107,1323
종로구,348. 독립문역 사거리,202107,1258
종로구,349. 사직동주민센터,202107,1002
종로구,351. 청운초교 앞 삼거리,202107,850
종로구,352. 중앙고입구 삼거리,202107,353
종로구,353. 재동초교 앞 삼거리,202107,1003
종로구,354. 포르투갈 대사관 앞,202107,1009
종로구,355. 서울사대부속초교 앞,202107,1312
종로구,356. KT혜화지사 앞,202107,1378
종로구,358. 성대입구 사거리,202107,1294
종로구,359. 원남동사거리,202107,1055
종로구,361. 동묘앞역 1번출구 뒤,202107,3665
종로구,362. 청계8가 사거리,202107,2725
종로구,363. 신설동역 11번출구 뒤,202107,2127
종로구,364. 창신역 1번출구 앞,202107,673
종로구,367. 독립문역 3-1번출구,202107,1372
종로구,368. SK 서린빌딩 앞,202107,1495
종로구,369. 광화문 시민열린마당,202107,1515
종로구,385. 종각역 5번출구,202107,1698
종로구,388. 동성중학교 앞,202107,625
종로구,393. 동대문역 8번 출구,202107,2863
종로구,394. 경희궁 자이 3단지,202107,1338
종로구,395. 경희궁 자이 2단지,202107,1502
종로구,397. 종묘공영주차장 건너편,202107,571
종로구,446. 상명대입구,202107,695
종로구,447. 신영동삼거리,202107,132
종로구,449. 일성아파트,202107,289
종로구,450. 효자동 삼거리,202107,796
종로구,451. 청와대앞길,202107,278
종로구,452. 동대문 종합시장 버스정류장,202107,706
종로구,453. 종로오가 지하쇼핑센터 14번출구,202107,1208
종로구,454. 종로2가 버스정류장 (종각방향),202107,1424
종로구,455. 삼익한의원,202107,1122
종로구,456. 숭인2동 주민센터 입구 (이강3대냉면),202107,1380
종로구,457. 종로꽃시장 입구 옆,202107,1234
종로구,458. 광화문역 5번출구,202107,2877
종로구,461. 서울지방경찰청,202107,1370
종로구,462. 신영동삼거리(북악터널방향),202107,164
종로구,464. 삼청동 골목,202107,926
종로구,465. 삼청공원 앞,202107,122
종로구,"4702. 평창동 꽃여울(꽃집),스타벅스 앞",202107,179
종로구,4703. 쌍용아파트2단지 정문,202107,226
종로구,4704. 쌍용아파트2단지 상가앞,202107,252
종로구,4705. 웰니스센터(민방위교육장 앞),202107,922
종로구,4707. 청계3가 사거리,202107,548
종로구,4708. 조계사앞사거리(파리바케트앞),202107,1370
종로구,4709. 천지인 오피스텔 앞,202107,84
종로구,4710. 자교교회 앞,202107,1566
종로구,4711. 올림픽기념 국민생활관 로터리,202107,1390
종로구,4713. 현대 뜨레비앙 아파트 앞,202107,1484
종로구,486. 평창동주민센터 앞,202107,204
중구,300. 정동사거리,202107,1543
중구,3013.서울지방고용노동청 앞,202107,1152
중구,310. 청계광장 옆,202107,1782
중구,318. 광교사거리 남측,202107,932
중구,320. 을지로입구역 4번출구 앞,202107,1231
중구,321. KEB 하나금융그룹 명동사옥 옆,202107,951
중구,322. 명동성당 앞,202107,561
중구,324. 신세계백화점 본점 앞,202107,700
중구,331. 을지로2가 사거리 북측,202107,591
중구,332. 을지로2가 사거리 남측,202107,768
중구,336. 티마크 호텔 앞,202107,1186
중구,346. 맥스타일 앞,202107,1611
중구,347. 동대문역사문화공원역 9번출구 앞,202107,802
중구,370. 시청역(2호선) 9번출구 뒤,202107,2976
중구,371. 동대입구역 6번출구 뒤,202107,334
중구,372. 약수역 3번출구 뒤,202107,804
중구,374. 청구역 2번출구 앞,202107,1671
중구,375. 다산 어린이공원,202107,2024
중구,378. 청계7가 사거리,202107,44
중구,379. 서울역9번출구,202107,981
중구,380. CJ제일제당 앞,202107,1554
중구,381. 장충체육관,202107,221
중구,382. 약수역 10번출구 앞,202107,640
중구,383. 신당역 12번 출구 뒤,202107,2859
중구,384. 종로학원본원,202107,331
중구,387. 훈련원공원주차장 앞,202107,1346
중구,389. 을지로4가역 1번출구,202107,998
중구,390. 충무로역 1번출구,202107,1485
중구,391. 정동길입구,202107,1235
중구,398. 을지로3가역 3번출구,202107,1449
중구,399. 서울역 센트럴 자이아파트,202107,1137
중구,428. 명보사거리,202107,458
중구,429. 송도병원,202107,212
중구,430. KEB하나은행 장충동지점,202107,767
중구,431. 청계천 영도교,202107,4549
중구,433. 을지로입구역 2번출구,202107,1554
중구,434. 신당 래미안 버스정류장,202107,460
중구,435. SK 남산빌딩,202107,364
중구,441.염천교사거리,202107,531
중구,442.서울역 서부,202107,393
중구,443.호암아트홀,202107,318
중구,445.대한상공회의소,202107,1173
중구,466.롯데호텔,202107,633
중구,467.한국은행,202107,358
중구,468.웨스틴 조선호텔,202107,544
중구,469.회현역 1번출구,202107,347
중구,470.회현역 7번출구,202107,407
중구,471.회현사거리 남측,202107,544
중구,472.삼일교(시그니쳐 타워),202107,823
중구,473.을지로4가역 9번출구,202107,1530
중구,474.동대문역사문화공원역 1번출구 뒤편,202107,1862
중구,475.DDP 패션몰,202107,1304
중구,4752. 삼성사이버빌리지아파트,202107,625
중구,4753. 우리은행 서소문금융센터,202107,656
중구,476.광희문,202107,912
중구,4760. 서울역 7번출구,202107,147
중구,4761. 탐앤탐스 을지로3가점,202107,351
중구,4762. 국제빌딩,202107,480
중구,4765. 동대문디자인플라자,202107,1728
중구,4766. 서소문성지역사박물관,202107,369
중구,4768. 서울도시건축전시관,202107,2642
중구,477.앰배서더 호텔 주변,202107,418
중구,4772. 중앙일보,202107,200
중구,4774. 을지로입구역 8번출구,202107,442
중구,4775. 을지로지하쇼핑센터,202107,597
중구,4776. 신세계면세점,202107,374
중구,4777. 약수동 주민센터,202107,223
중구,4778. 대신파이낸스센터,202107,801
중구,4779. 태극당,202107,794
중구,4781. 브라운스위트레지던스,202107,484
중구,4782. 서소문역사공원,202107,202
중구,4784. 중부경찰서앞 사거리,202107,484
중구,4785. 롯데시티호텔,202107,444
중구,479.동대입구역 3번 출구,202107,241
중구,4791. 명동역9번 출구,202107,1068
중구,4792. 퇴계로4가 교차로(중구청),202107,1335
중구,4793. 동대문역사문화공원역 5번출구,202107,826
중구,4794. 서울역 서부교차로(3),202107,839
중구,4796. 부산은행,202107,1628
중구,4797. KG타워 앞,202107,1079
중구,480.약수역 6번 출구,202107,467
중구,481.신당역 10번 출구,202107,1336
중구,482.예수소망교회,202107,266
중구,483.남산타운아파트 버스정류장,202107,481
중구,484.도동삼거리,202107,171
중구,485.서울역5번출구,202107,1183
중구,826. 서울역 서부교차로2,202107,1403
중랑구,1401. 극동늘푸른아파트,202107,2001
중랑구,1402. 금란주차장 앞,202107,1627
중랑구,1403. 중화빌딩 앞 (동부시장),202107,1460
중랑구,1404. 동일로 지하차도,202107,1838
중랑구,1405. 망우역 1번출구,202107,1232
중랑구,1406. 망우청소년수련관,202107,240
중랑구,1407. 먹골역 1번출구 뒤,202107,1238
중랑구,1408. 먹골역 6번출구 앞,202107,1212
중랑구,1410. 면목 대원칸타빌아파트,202107,316
중랑구,1411. 상봉시장앞 교차로 한성빌딩 앞,202107,1739
중랑구,1412. 면목초등학교,202107,738
중랑구,1413. 봉화산역 5번출구 뒤,202107,1237
중랑구,1414. 사가정역 1번출구,202107,2890
중랑구,1416. 상봉역 3번출구,202107,1490
중랑구,1418. 새솔초등학교,202107,454
중랑구,1420. 신내어울공원 앞,202107,770
중랑구,1421. 신내역 4번출구,202107,287
중랑구,1422. 신내우디안아파트 1단지,202107,231
중랑구,1424. 양원역 2번출구,202107,298
중랑구,1425. 용마문화복지센터,202107,846
중랑구,1426. 면목도시개발아파트 1동 앞,202107,562
중랑구,1427. 용마산역 1번출구,202107,268
중랑구,1428. 원묵고등학교,202107,883
중랑구,1429. 장안중학교,202107,1217
중랑구,1430. 중랑구청,202107,1203
중랑구,1431. 중랑구청 사거리,202107,1578
중랑구,1433. 중화역 2번출구,202107,1875
중랑구,1435. 능산삼거리,202107,302
중랑구,1436. 영풍마드레빌,202107,873
중랑구,1437. 늘푸른공원 앞,202107,1381
중랑구,1438. 홈플러스 신내점 앞,202107,2243
중랑구,1440. 하나은행 면목지점,202107,1502
중랑구,1441. 신내능말공원,202107,613
중랑구,1442. (구)신한은행 중랑교지점,202107,2036
중랑구,1443. 구립망우청소년독서실,202107,537
중랑구,1444. 면목4치안센터,202107,1209
중랑구,1445. 용마지구대,202107,190
중랑구,1446. 중랑전화국 교차로,202107,1515
중랑구,1447. 면목역 3번출구,202107,2681
중랑구,1448. 코스트코 상봉점,202107,2337
중랑구,1449. 상봉역 1번출구,202107,2521
중랑구,1450. 화랑대역 7번출구,202107,1565
중랑구,1451. 중랑세무서,202107,3002
중랑구,1452. 겸재교 진입부,202107,2801
중랑구,1453. 중랑캠핑숲,202107,465
중랑구,1454. 한국전력공사(동대문 중랑지사),202107,888
중랑구,1455. 상봉역 2번 출구,202107,1987
중랑구,1456. 상아빌딩(우림시장 교차로),202107,1194
중랑구,1457. 동원사거리,202107,1133
중랑구,1458. 상봉터미널2,202107,2109
중랑구,1459. 용마한신아파트사거리,202107,423
중랑구,1461.동양엔파트 앞,202107,1284
중랑구,1462.동부시장 북문 앞,202107,1698
중랑구,1463.중랑구민회관,202107,226
중랑구,1464.중화역 4번출구,202107,1060
중랑구,1465.중랑공영차고지 옆,202107,613
중랑구,1466.두산대림아파트 삼거리,202107,472
중랑구,1467.sk신내 주유소앞(용마산로),202107,132
중랑구,1468.먹골역 7번 출구,202107,843
중랑구,1469.먹골역 4번출구,202107,1124
중랑구,1470.중화동 우리은행 앞,202107,1480
중랑구,1471.동양쇼핑 정류소 앞,202107,1575
중랑구,1472.영성빌딩(PAT),202107,754
중랑구,1473.중랑역 1번 출구(중화문화복지센터),202107,1663
중랑구,1474.서울중랑우체국,202107,905
중랑구,1477.면목삼익아파트 앞,202107,455
중랑구,1478.홈플러스 상봉점 앞,202107,1736
중랑구,1479.면목 홈플러스 2,202107,1322
중랑구,1480. 용마지구대 옆,202107,712
중랑구,4802. 새우개마을,202107,226
중랑구,4803. 상봉2동 주민센터 앞,202107,755
중랑구,4804. 동서울농협 앞,202107,1098
중랑구,4807. 라코지스테이 앞,202107,388
중랑구,4808. 신내2동 주민센터 앞,202107,548
중랑구,"4809. 동성1,2차 아파트 앞",202107,1175
중랑구,4811. 한양수자인아파트 앞,202107,247
중랑구,4812. 묵동 이마트 앞,202107,1483
중랑구,4813. 망우로 버거킹 앞,202107,1593
중랑구,4815. 중랑데시앙플렉스 앞,202107,316
중랑구,4819. 면목동 새싹어린이공원 앞,202107,1267
중랑구,4820. 망우역 2번 출구,202107,82
강남구,2301. 현대고등학교 건너편,202108,3207
강남구,2302. 교보타워 버스정류장(신논현역 3번출구 후면),202108,1224
강남구,2303. 논현역 7번출구,202108,1402
강남구,2304. 신영 ROYAL PALACE 앞,202108,167
강남구,2305. MCM 본사 직영점 앞,202108,315
강남구,2306. 압구정역 2번 출구 옆,202108,1481
강남구,2307. 압구정 한양 3차 아파트,202108,407
강남구,2308. 압구정파출소 앞,202108,730
강남구,2309. 청담역(우리들병원 앞),202108,279
강남구,2310. 청담동 맥도날드 옆(위치),202108,466
강남구,2311. 학동로 래미안 아파트 앞,202108,204
강남구,2312. 청담역 13번 출구 앞,202108,522
강남구,2313. 금원빌딩 앞,202108,735
강남구,2314. 청담나들목입구,202108,763
강남구,2315. 봉은사역 5번출구 옆,202108,947
강남구,2316. 삼성역 8번출구,202108,1028
강남구,2317. 삼성도로공원,202108,1043
강남구,2318. 삼성중앙역4번출구(문화센터더 리빌),202108,413
강남구,2319. 포스코사거리 서측(수협 삼성동 지점),202108,683
강남구,2320. 도곡역 대치지구대 방향,202108,650
강남구,2321. 학여울역 사거리,202108,741
강남구,2322. 삼성역 3번 출구,202108,734
강남구,2323. 주식회사 오뚜기 정문 앞,202108,407
강남구,2324. 천주교 대치 2동 교회 옆,202108,1252
강남구,2325. 대치동 버거킹대치점,202108,802
강남구,2326. 대치동 삼성로,202108,384
강남구,2327. 뱅뱅사거리 랜드마크타워 앞,202108,1163
강남구,2328. 르네상스 호텔 사거리 역삼지하보도 7번출구 앞,202108,442
강남구,2329. 르네상스호텔사거리 역삼지하보도 2번출구,202108,307
강남구,2330. 스타벅스 앞,202108,663
강남구,2331. 동영문화센터앞,202108,449
강남구,2332. 선릉역3번출구,202108,1174
강남구,2333. 양재역 3번출구 주변,202108,1055
강남구,2334. 삼호아파트 2동 ( 간선도로),202108,184
강남구,2335. 3호선 매봉역 3번출구앞,202108,1583
강남구,2336. 강남세브란스교차로 래미안그레이튼 104동 앞,202108,398
강남구,2337. 대모산입구역 2번출구 앞,202108,508
강남구,2339. 현대아파트 정문 앞,202108,592
강남구,2340. 삼호물산버스정류장(23370) 옆,202108,2110
강남구,2341. 일원역 4~5번 출구 사이,202108,589
강남구,2342. 대청역 1번출구 뒤,202108,1871
강남구,2343. 세곡사거리 대왕파출소 앞,202108,121
강남구,2344. 리엔파크 2단지 앞,202108,564
강남구,2347. 두산건설 본사,202108,216
강남구,2348. 포스코사거리(기업은행),202108,1469
강남구,2349. 역삼빌딩 앞(하나은행 옆),202108,177
강남구,2350. 래미안그레이튼102동앞,202108,269
강남구,2351. 청소년수련관(수영장)앞,202108,267
강남구,2352. 서울본부세관(건설회관 앞),202108,165
강남구,2353. 강남구청역 2번출구 뒤,202108,387
강남구,2354. 청담역 2번출구,202108,269
강남구,2355. 삼성역 5~6번 출구 사이,202108,1310
강남구,2356. 강남구청,202108,532
강남구,2357. 르네상스호텔사거리 역삼지하보도 3번출구 앞 (더 오번 빌딩 명동칼국수 앞),202108,283
강남구,2358. 구룡초사거리 (현대아파트10동 앞 ),202108,344
강남구,"2359. 국립국악중,고교 정문 맞은편",202108,948
강남구,2360. 도곡1동 주민센터 교차로,202108,429
강남구,2361. 압구정역 교차로,202108,661
강남구,2362. 신사동 가로수길 입구,202108,922
강남구,2363. 강남 을지병원 교차로,202108,383
강남구,2364. 도산대로 렉서스 앞,202108,511
강남구,2365. K+ 타워 앞,202108,1036
강남구,2368. 도곡동 경남아파트 건너편,202108,206
강남구,2369. KT선릉타워,202108,847
강남구,2370. 한티역 3번출구,202108,346
강남구,2371. 한국우편사업진흥원,202108,219
강남구,2372. 대치역 사거리,202108,871
강남구,2373. 개포동역 사거리,202108,1106
강남구,2375. 수서역 1번출구 앞,202108,1027
강남구,2376. 수서역 6번출구 앞,202108,305
강남구,2377. 수서역 5번출구 뒤,202108,2262
강남구,2380. 삼성동베이직하우스앞,202108,410
강남구,2381. 언주역 6번출구앞,202108,430
강남구,2382. 역삼동 sk뷰 501동앞,202108,307
강남구,2383. 보금자리정원,202108,180
강남구,2384. 자곡사거리,202108,1737
강남구,2385. 학동역,202108,626
강남구,2386. 크린랩 본사,202108,279
강남구,2387. 래미안강남힐즈 사거리,202108,759
강남구,2388. 강남구 도시관리공단,202108,231
강남구,2389. 경기여자고등학교 후문 (삼성로3길 입구),202108,531
강남구,2390. 구룡마을 입구 (래미안블레스티지 아파트),202108,263
강남구,2391. 구룡터널 입구(개포1단지아파트),202108,9
강남구,2392. 구룡산 입구 (구룡산 서울둘레길 입구),202108,50
강남구,2393. 구룡사 앞 교차로 (보도육교),202108,57
강남구,2394. 개포래미안포레스트아파트 107동 앞,202108,720
강남구,2395. 개포1단지아파트 입구 (보도육교),202108,35
강남구,2396. 영동3교 북단(우성캐릭터 앞 보도),202108,700
강남구,2398. 더라움,202108,336
강남구,2401. 밀알학교 입구 (삼성서울병원 입구),202108,327
강남구,2403. 공무원연금매점 교차로 (개포주공9단지 입구),202108,194
강남구,2404. 대모산입구역 4번 출구 앞,202108,1100
강남구,2405. 청담공원앞 교차로,202108,594
강남구,2406. 논현동 광명빌딩 앞,202108,479
강남구,2407. 역삼.서초.삼성 세무서 앞 (역삼빌딩 앞),202108,1319
강남구,2408. 강남한양수자인아파트,202108,806
강남구,2409. 역삼동 디오슈페리움 (우성아파트 사거리),202108,733
강남구,2410. 포스코피앤에스타워 (역삼역 3번출구 부근),202108,651
강남구,2411. 세곡동 성당,202108,670
강남구,2412. 일원1동 주민센터,202108,1184
강남구,2413.도곡역 1번 출구,202108,944
강남구,2414. 도곡역 아카데미스위트 앞,202108,1156
강남구,2415.한티역 롯데백화점 앞,202108,783
강남구,2416.한티역 6번 출구,202108,381
강남구,2417.선정릉 디캠프(D.CAMP)앞,202108,228
강남구,2418.봉은사역 7번 출구,202108,656
강남구,"2419.봉은사역 1,2번 출구",202108,660
강남구,2420.학여울역 사거리(LG베스트샵 앞),202108,883
강남구,2421. 신논현역 4번출구,202108,616
강남구,2422.수서동 성당 맞은편,202108,728
강남구,2423.영희초교 사거리(래미안개포루체하임),202108,1131
강남구,2425.세곡동 사거리(대왕초등학교 정류장),202108,119
강남구,2426.강남한신휴플러스 6단지,202108,396
강남구,2427.개포고등학교 정문앞,202108,447
강남구,2428.롯데리아 개포점앞,202108,405
강남구,2429.압구정로데오역 6번출구,202108,823
강남구,2430.강남파이낸스센터앞(역삼역2번출구),202108,396
강남구,2431.대치역 7번출구,202108,1278
강남구,3602. 한국지역난방공사강남지사,202108,338
강남구,3603. 삼성역 2번출구,202108,700
강남구,3604. 삼성중앙역 5번출구,202108,405
강남구,3606. 신사동주민센터 옆,202108,818
강남구,3609. 언주초등학교 입구,202108,389
강남구,3610. 윗반마을 입구,202108,101
강남구,3611. 방죽마을 입구,202108,299
강남구,3612. 은곡마을,202108,371
강남구,3614. 은마아파트 입구 사거리,202108,911
강남구,3615. 서울 논현동우체국 앞,202108,167
강남구,3616. 역삼중학교 앞(체육관 방향),202108,241
강남구,3618. 서울율현초교 삼거리,202108,555
강남구,3620. 청담역 11번 출구,202108,64
강남구,3621. 휘문고교 사거리,202108,199
강남구,3622. 은마아파트입구 사거리,202108,190
강남구,3623. 일원에코파크 앞(개포로 방면),202108,779
강남구,3624. 대모산입구역 7번 출구 앞,202108,157
강남구,3627. 압구정나들목,202108,2991
강남구,3628. 역삼1동 주민센터,202108,866
강남구,3629. 청담사거리(신한오피스텔빌딩 앞),202108,483
강남구,3630. 개포우성6차아파트 정문 앞,202108,395
강남구,3634. 국악고교 앞 교차로,202108,353
강남구,3636. 삼성중앙역·플래티넘아파트 정류소,202108,275
강남구,3637. 세곡데이케어센터,202108,213
강남구,3638. 신청담나들목,202108,503
강남구,3640. 일원1동주민센터앞 사거리,202108,422
강남구,3641. 대청역,202108,81
강남구,3643. K2 KOREA,202108,85
강남구,3644. 상록수아파트,202108,54
강남구,3645. 구역삼세무서 교차로,202108,108
강동구,1001. 광진교 남단 사거리(디지털프라자앞),202108,1900
강동구,1002. 해공공원(천호동),202108,2806
강동구,1003. 해공도서관앞,202108,892
강동구,1004. 삼성광나루아파트 버스정류장,202108,1917
강동구,1006. 롯데캐슬 115동앞,202108,255
강동구,1007.암사동 선사유적지,202108,252
강동구,1008. 암사역 3번출구(국민은행앞),202108,4080
강동구,1009. 천호역4번출구(현대백화점),202108,4232
강동구,1010. 강동세무서,202108,2322
강동구,1011. LIGA 아파트 앞,202108,2516
강동구,1012. 서울 상운차량,202108,1248
강동구,1013. 강동구청역 1번 출입구,202108,1702
강동구,1014. 강동구평생학습관앞,202108,1124
강동구,1015. 샛마을 근린공원,202108,818
강동구,1016. 해뜨는 주유소옆 리엔파크 109동앞,202108,778
강동구,1017. 맥도날드(길동),202108,1860
강동구,1018. 둔촌 주공 GS 맞은편,202108,677
강동구,1019. 다성이즈빌아파트(호원대 대각선 맞은편),202108,3208
강동구,1020. 강동경찰서,202108,3168
강동구,1021. 강일동 리슈빌 빌딩앞,202108,1981
강동구,1022. 길동 사거리(초소앞),202108,1780
강동구,1023. 한국종합기술사옥 앞,202108,2202
강동구,1024. 강동구청 앞,202108,2973
강동구,1025. 상일초등학교,202108,750
강동구,1026. 대명초교 입구 교차로,202108,664
강동구,1027. 프라자 아파트 앞,202108,1280
강동구,1028. 포레스 주상복합 빌딩,202108,1567
강동구,1029. 롯데 시네마,202108,2457
강동구,1030. 미호 플랜트 앞,202108,909
강동구,1031. 올림픽로 836(아리수로),202108,796
강동구,1032. 선사고등학교,202108,709
강동구,1033. 고덕동 아남아파트,202108,594
강동구,1034. 고덕동 래미안 힐스테이트,202108,526
강동구,1035. 고덕역 4번출구,202108,1184
강동구,1036. 고덕동 주양쇼핑,202108,1081
강동구,1037. 강일리버파크 6단지,202108,383
강동구,1038. 강일 다솜 어린이 공원,202108,292
강동구,1039. 고덕초등학교,202108,209
강동구,1041. 묘곡초등학교,202108,702
강동구,1042. 강일리버파크 2~5단지,202108,687
강동구,1044. 굽은다리역,202108,4001
강동구,1047. 건강보험 강동지사kt,202108,2134
강동구,1048. 동부기업(둔촌동),202108,2118
강동구,1049. 강일리버파크 10단지,202108,851
강동구,1050. 둔촌역 3번 출입구,202108,3495
강동구,1051. 양지시장 (용성약국앞) 입구,202108,1151
강동구,1052. 리싸이클시티,202108,159
강동구,1053. 동명근린공원 진입로 (아리수로),202108,330
강동구,1054. 말우물 어린이 공원,202108,326
강동구,1056. 강일리버파크 7~11단지,202108,569
강동구,1057. 능골근린공원,202108,665
강동구,1058. 고덕숲 아이파크 1,202108,501
강동구,1059. 래미안 강동팰리스(102동),202108,1291
강동구,1060. 천일초교 사거리,202108,880
강동구,1061. 천호초교 입구 사거리(일주빌딩),202108,1360
강동구,1062. 고덕숲 아이파크 2,202108,302
강동구,1063.강동롯데캐슬퍼스트 아파트(관리동),202108,513
강동구,1064.중앙보훈병원역 1번출구,202108,422
강동구,1065.보훈병원 후문옆(더 원커피),202108,608
강동구,1066.생태공원앞 교차로(조명탑),202108,244
강동구,1067.한영중고앞사거리,202108,510
강동구,1068.명일파출소,202108,688
강동구,1069.강동경희대학교병원 입구,202108,388
강동구,1070.(시립)고덕평생학습관,202108,552
강동구,1071.명일근린공원공동체텃밭,202108,352
강동구,1072.고덕역 5번출구,202108,1131
강동구,1073.SSTS 몰 앞,202108,639
강동구,1074.대명초교입구 사거리,202108,1221
강동구,1075.천동초교 삼거리,202108,1500
강동구,1076.전자랜드 길동점,202108,1737
강동구,1077.강동역 1번출구 앞,202108,2018
강동구,1078.둔촌사거리,202108,1977
강동구,1079.강일동입구교차로,202108,505
강동구,1080.엘웨딩,202108,974
강동구,1081.트레빌빌딩,202108,961
강동구,1082.중앙보훈병원역3번출구,202108,202
강동구,1083.광문고교사거리(아이파크),202108,672
강동구,1084. 윤선생빌딩(JYP사옥),202108,2245
강동구,1085.래미안 솔베뉴(고덕로),202108,679
강동구,1086.래미안 솔베뉴(구천면로),202108,757
강동구,1088.풍납사거리(강동),202108,1280
강동구,1089.고덕 래미안힐스테이트(201동),202108,268
강동구,1090.상일동역 2번출구 앞,202108,3169
강동구,3539. 서원마을,202108,207
강동구,3652. 한영외국어고등학교,202108,168
강동구,3653. 강동리버스트4단지아파트 404동 앞,202108,567
강동구,3654. 강동리버스트4단지아파트 405동 앞,202108,425
강동구,3655. 둔촌신성미소지움아파트,202108,521
강동구,3656. 둔촌푸르지오아파트,202108,1423
강동구,3657. 서울천호동우체국,202108,1505
강동구,3658. 프라이어팰리스아파트,202108,816
강동구,3659. 명일초등학교 옆,202108,298
강동구,3661. 명일동신동아아파트 앞,202108,264
강동구,3663. 암사정수센터교차로(강동롯데캐슬퍼스트아파트),202108,344
강동구,3664. 맥도날드 서울둔촌DT점 앞,202108,2127
강동구,3665. 고덕센트럴 아이파크상가 앞,202108,806
강동구,3668. 성내삼성아파트,202108,2275
강동구,3671. 둔촌동역교차로,202108,1449
강동구,3672. 고덕중학교 후문,202108,1
강동구,3673. 강동리버스트6단지,202108,650
강동구,3674. 강동리버스트7단지,202108,419
강동구,3675. 강동리버스트8단지,202108,647
강동구,3676. 강동리엔파크9단지,202108,519
강동구,3677. 강동구음식물재활용센터,202108,69
강동구,3680. 강동역3번출구,202108,2155
강동구,3681. 길동 마루빌딩,202108,2650
강동구,3682. 길동 동호빌딩,202108,380
강동구,3683. KT&G강동지사,202108,1207
강동구,3684. 고덕자이(105동 앞),202108,1337
강동구,3685. 강동리엔파크14단지(1401동 앞),202108,775
강동구,3686. 고덕 래미안 힐스테이트(101동),202108,437
강동구,3687. 신명초교입구 교차로,202108,1246
강동구,3688. 상일동산(동아아파트앞 교차로),202108,370
강북구,"1501. 미아역 3번,4번 출구 사이",202108,1892
강북구,1503. 이디야 커피 수유역점 앞,202108,2701
강북구,1504. 다이소 삼양시장점,202108,507
강북구,1506. 강북문화예술회관,202108,1694
강북구,1509. 서울북부수도사업소,202108,731
강북구,1510. 번동주공5단지 관리사무소 앞,202108,504
강북구,1511. 번동 금호어울림아파트102동앞,202108,451
강북구,1512. 강북중학교 앞,202108,3408
강북구,1513. 강북구청 뒷편,202108,308
강북구,1514. 강북구청 사거리 버스정류소 앞,202108,1498
강북구,1515. 송천동 주민센터,202108,766
강북구,1516. 우이초등학교 후문 옆,202108,878
강북구,1518. SK telecom(수유직영점) 앞,202108,774
강북구,1519. 세븐일레븐 수유장미원점 앞,202108,1093
강북구,1520. 성실교회,202108,1324
강북구,1522. 월드전기조명인테리어(우이동),202108,507
강북구,1525. 미아동 복합청사,202108,492
강북구,1526. 수유동 채선당앞,202108,872
강북구,1527. 미아역 1번 출구 뒤,202108,1165
강북구,1528. 삼각산동 주민센터,202108,615
강북구,1529. 미아동 한국전력공사,202108,2241
강북구,1530. 광산사거리,202108,1908
강북구,1531. 미아사거리 1번 출구,202108,2243
강북구,1532. 번3동 주민센터 교차로,202108,733
강북구,"1533. 번동 주공3, 4단지 교차로",202108,1256
강북구,1535. 효성인텔리안 앞,202108,1788
강북구,1536. 번동 두산위브 101동 옆,202108,1177
강북구,1537. 북한산 우이역,202108,749
강북구,1538. 솔밭공원역,202108,469
강북구,1539. 4.19민주묘지역,202108,602
강북구,1540. 가오리역,202108,1389
강북구,1541. 삼양역,202108,285
강북구,1542. 삼양사거리역,202108,502
강북구,1543. 수유1동 주민센터,202108,814
강북구,1545. 솔샘역 2번 출구,202108,288
강북구,1546. 송천동우체국,202108,618
강북구,1547. 꿈의숲 롯데캐슬,202108,491
강북구,1548. 북서울 꿈의숲 서문,202108,1086
강북구,1550.삼각산아이원아파트(105동 옆),202108,106
강북구,1551.4.19탑 앞,202108,595
강북구,1552. 강북구청사거리(던킨도너츠 앞),202108,1827
강북구,1553.예수그리스도후기성도교회 앞,202108,950
강북구,1554.번동사거리,202108,1072
강북구,1557.신창교,202108,1215
강북구,1558.강북문화정보도서관,202108,489
강북구,1560. 도봉세무서 앞,202108,1234
강북구,1564.4.19민주묘지역 1번출구,202108,1053
강북구,1565.대한병원앞,202108,1480
강북구,1568.4.19민주묘지 입구사거리,202108,887
강북구,1569.수유역2번출구,202108,3011
강북구,1571.북서울 꿈의 숲 입구,202108,554
강북구,1572.우이산 먹거리마을,202108,250
강북구,1573.현대성우아파트 옆,202108,306
강북구,1574.송중초등학교 옆,202108,651
강북구,3703. 신성교회 앞,202108,442
강북구,3707. 드래곤타워 앞,202108,994
강북구,3711. 월계2교 교차로,202108,795
강북구,3714. 송천센트레빌,202108,328
강북구,3718. 번동 SK LPG 충전소,202108,971
강서구,1101. 개화동상사마을종점 버스정류장,202108,321
강서구,1102. 방화사거리 마을버스 버스정류장,202108,2685
강서구,1103. 방화역 4번출구앞,202108,2424
강서구,1105. 방화근린공원,202108,533
강서구,1106. 신방화사거리,202108,2891
강서구,1108. 공항시장역 2번출구 뒤,202108,1325
강서구,1109. 공항시장역 4번출구,202108,905
강서구,1110. 공항중학교앞,202108,1334
강서구,1111. 마곡엠밸리6_7단지 마곡중학교,202108,2191
강서구,1112. 마곡엠밸리4단지 정문,202108,4081
강서구,1113. 서남환경공원 버스정류장,202108,1436
강서구,1115. 등촌역 1번출구옆,202108,2257
강서구,1117. 스타벅스앞,202108,3663
강서구,1118. 증미역 3번출구뒤(등촌두산위브센티움오피스텔),202108,3219
강서구,1119. 염창동 한마음아파트앞(염창동 빛나는 음악학원앞),202108,1791
강서구,1120. 대림경동아파트앞,202108,2420
강서구,1121. 가양레포츠센터앞,202108,1559
강서구,1122. 황금내근린공원,202108,3459
강서구,1124. 발산역 6번 출구 뒤,202108,5162
강서구,1125. 명덕고교입구(영종빌딩),202108,4260
강서구,1126. 우장산역 1번출구옆(우장산아이파크105동앞),202108,1996
강서구,1127. 화곡역(에이스정형외과앞) 버스정류장,202108,1542
강서구,1128. 화곡역 6번출구,202108,1720
강서구,1129. 화곡역 1번 출구 앞,202108,1777
강서구,1130. 화곡본동시장 버스정류장,202108,679
강서구,1131. 꿈돌이공원 앞,202108,2412
강서구,1132. 등촌역 7번출구,202108,2483
강서구,1135. 강서구의회,202108,2061
강서구,1136. 등촌2파출소,202108,1037
강서구,1137. 등촌2동주민센터,202108,507
강서구,1139. 용문사 버스정류장,202108,1577
강서구,1140. 목동사거리 버스정류장,202108,1297
강서구,1141. 곰달래 문화복지센터 1-1,202108,1692
강서구,1145. 곰달래 문화복지센터 1-2,202108,947
강서구,1146. 곰달래사거리,202108,1688
강서구,1148. 볏골공원,202108,1330
강서구,1149. 신방화역환승주차장,202108,4234
강서구,1150. 송정역 1번출구,202108,2055
강서구,1151. 마곡역1번출구,202108,3089
강서구,1152. 마곡역교차로,202108,6280
강서구,"1153. 발산역 1번, 9번 인근 대여소",202108,6436
강서구,1155. 기쁜우리복지관,202108,1987
강서구,1157. 강서구청,202108,2758
강서구,1158. 가양역 8번출구,202108,6337
강서구,1159. 서서울모터리움앞,202108,880
강서구,1160. 양천향교역 7번출구앞,202108,4941
강서구,1161. 강서면허시험장앞,202108,349
강서구,1162. 공항초등학교건너편,202108,2372
강서구,1163. 방화동강서기동대앞,202108,2433
강서구,1165. 마곡중학교 후문,202108,1258
강서구,1166. 강서구립등빛도서관,202108,3791
강서구,1167. 마곡수명산파크3단지 교차로,202108,3099
강서구,1168. 마곡엠밸리10단지 앞,202108,1396
강서구,1169. 염창역 1번 출구,202108,1523
강서구,1170. 강서구보건소 (삼성디지털 프라자),202108,1386
강서구,1171. 염창동 새마을금고 건너편 (모닝글로리),202108,1519
강서구,1172. 가양3동 주민센터,202108,2030
강서구,1173. 강서구청사거리(SH타워),202108,3337
강서구,1174. 강서구청사거리(부민병원),202108,1323
강서구,1175. 대한항공 인력개발센터,202108,1723
강서구,1177. 수명중?고교,202108,1355
강서구,1178. 개화산역 2번 출구,202108,1432
강서구,1180. 마곡엠밸리 15단지(1502동) 건너편,202108,2796
강서구,1181. 농수산식품공사 (강서지사),202108,317
강서구,1182. KBS 스포츠월드,202108,2696
강서구,1183. KC 대학교,202108,427
강서구,1184. 마곡13단지,202108,3077
강서구,1185. 등촌9단지,202108,1297
강서구,1186. 송정중학교,202108,945
강서구,1187. 강서수산물도매시장,202108,982
강서구,1188. 롯데중앙연구소,202108,254
강서구,1190. 마곡역 교차로(2번출구),202108,1287
강서구,1191. 마곡역 교차로(NH농협),202108,3328
강서구,1192. 마곡수명산파크 209동 건너편,202108,1578
강서구,1193. 마곡센트럴타워 1차,202108,2904
강서구,1194. 센서텍㈜,202108,1219
강서구,1195. 코오롱One&Only타워,202108,2435
강서구,1196. 서울식물원(문화센터) 건너편,202108,418
강서구,1197. 엠펠리체 호텔 건너편,202108,2580
강서구,1198. LG 사이언스파크,202108,543
강서구,1199. 우장산역 3번출구,202108,2487
강서구,1200. 개화광역환승센터,202108,205
강서구,2701. 마곡나루역 5번출구 뒤편,202108,5807
강서구,2702. 마곡 엠밸리2단지,202108,1387
강서구,2703.서울도시가스 앞,202108,1195
강서구,2704.홈플러스(강서점),202108,3307
강서구,2706.강서공업고등학교 앞,202108,1871
강서구,2707.한강아파트,202108,1731
강서구,2708.강서한강자이타워 앞,202108,3451
강서구,2709.강변아파트 310동 앞,202108,1554
강서구,2710.라이품 공영주차장 앞,202108,1189
강서구,2711.가로공원공영주차장 1번 출구,202108,1506
강서구,2712.화곡터널입구교차로,202108,1001
강서구,2713.우장초등학교 앞,202108,1328
강서구,2715.마곡나루역 2번 출구,202108,9424
강서구,2716.롯데 R&D 센터,202108,471
강서구,2717.LG유플러스 마곡사옥,202108,3517
강서구,2718.마곡수명산파크1단지,202108,2132
강서구,2719.마곡문화공원,202108,2434
강서구,2720.힐스테이트에코,202108,3738
강서구,2721.등촌1-10단지 교차로,202108,3483
강서구,2722.마곡 문영비지웍스,202108,1622
강서구,2723.마곡 필네이처,202108,2388
강서구,2724.(재)FITI시험연구원,202108,3049
강서구,2725.서울식물원 식물문화센터,202108,1336
강서구,2727.서울식물원 잔디마당 앞,202108,1465
강서구,2728.마곡나루역 3번 출구,202108,6203
강서구,2729.넥센 유니버시티 앞,202108,1903
강서구,2730.마곡메가박스 앞,202108,2092
강서구,2731.명덕고교,202108,1024
강서구,2732.마곡수명산 1-2단지,202108,1576
강서구,2733.마곡13단지 정문 앞,202108,3881
강서구,2735.마곡 공공청사,202108,2581
강서구,2737.까치산역 3번 출구,202108,1553
강서구,2739.수명산파크1단지교차로,202108,2928
강서구,2740.마곡레포츠센터,202108,779
강서구,2741.마곡수명산파크5-6단지,202108,1265
강서구,2742.강서구민올림픽체육센터,202108,1059
강서구,2743.동신아파트 104동 앞,202108,934
강서구,2744.강서세무서 앞,202108,3442
강서구,2745.수명초등학교,202108,722
강서구,2746.수명산파크 4단지 411동 앞,202108,1235
강서구,3753. 공항중학교 버스정류장,202108,545
강서구,3754. 신방화역 8번출구,202108,1659
강서구,3755. 어위쉬예다인오피스텔,202108,1725
강서구,3756. 마곡힐스테이트 정문,202108,1352
강서구,3757. 신방화역 6번출구,202108,1225
강서구,3758. 서울남부출입국관리소,202108,910
강서구,3759. 서울이대병원,202108,1760
강서구,3760. 발산역 8번 출구,202108,1430
강서구,3761. 나이아가라관광호텔,202108,492
강서구,3762. 마곡9단지 907동앞,202108,1334
강서구,3763. 등촌태영아파트,202108,946
강서구,3764. 관문주유소(GS칼택스) 앞,202108,1373
강서구,3765. 문소빌딩,202108,379
강서구,3766. 강서문화센터,202108,251
강서구,3767. 대원빌딩,202108,728
강서구,3769. 가양동 이마트 앞,202108,2566
강서구,3770. 남부순환로 205,202108,540
강서구,3772. 길성그랑프리텔아파트,202108,2138
강서구,3774. 마곡9단지 910동 상가앞,202108,1323
강서구,3775. 가양오토갤러리,202108,1227
강서구,3776. 김포공항교차로,202108,586
강서구,3778. 김포공항입구 교차로,202108,1959
강서구,3779. 유광사여성병원,202108,933
강서구,3780. 등촌서광아파트,202108,3373
강서구,3781. 강서아동복지센터,202108,94
강서구,3782. 겸재정선미술관,202108,1255
강서구,3783. 마곡금호어울림아파트,202108,1143
강서구,3784. 벽산아파트,202108,2550
강서구,3785. 마곡14단지 1408동앞,202108,1549
강서구,3786. 강서힐스테이트 상가 앞,202108,762
강서구,3787. 가양나들목,202108,1294
강서구,3788. 정곡나들목,202108,3007
강서구,3789. 염창나들목,202108,3393
강서구,3792. 화곡본동시장 입구,202108,730
강서구,3793. 더리브골드타워,202108,920
강서구,3794. 안양천합수부(현대3차아파트),202108,2075
강서구,3795. 공항신성빌딩 앞,202108,680
강서구,3796. 송정역 3번출구 앞,202108,1864
강서구,3797. 마곡수명산파크7단지 710동 앞,202108,542
강서구,3798. 그랜드아이파크아파트 앞,202108,3975
강서구,3799. 국립항공박물관,202108,402
강서구,3801. 이랜드글로벌R&D센터,202108,254
강서구,5052. 마곡역7번출구 홈앤쇼핑 앞,202108,2
강서구,5059. 화곡2동주민센터,202108,124
강서구,5063. 서남환경공원(방화동도시개발2단지방향),202108,259
관악구,2102. 봉림교 교통섬,202108,8631
관악구,2103. 신림동 우방아파트,202108,2260
관악구,2104. 사당역 5번출구,202108,1566
관악구,2105. 미성동 신림체육센터,202108,1706
관악구,2106. 난곡 새마을금고,202108,2113
관악구,2107. 도림천 신화교,202108,3380
관악구,2108. 은천치안센터,202108,1697
관악구,2109. 은천로입구 가로공원,202108,3840
관악구,2110. 조원동 미성아파트,202108,249
관악구,2111. 서울대입구역 1번출구,202108,1360
관악구,2112. 서울대입구역 마에스트로,202108,1373
관악구,2113. 관악동작견인차량보관소,202108,2585
관악구,2115. 관악농협농산물백화점,202108,1617
관악구,2116. 에이스에이존빌딩,202108,1122
관악구,2119. 중앙동 동진빌딩,202108,1424
관악구,2122. 낙성대로 입구,202108,1066
관악구,2127. 보성운수차고지 맞은편,202108,685
관악구,2128. 관악구청교차로,202108,992
관악구,2129. 낙성대 과학전시관,202108,640
관악구,2130. 영어마을 관악캠프,202108,415
관악구,2135. 신림역 5번출구,202108,2737
관악구,2136. 신림역 8번출구,202108,3391
관악구,2137. KT&G 관악지점,202108,571
관악구,2139. 서울신성초등학교,202108,784
관악구,2140. 신림1교 교차로,202108,2660
관악구,2141. 미림여고입구 교차로,202108,269
관악구,2143. 서울산업정보학교,202108,573
관악구,2144. 난우길입구,202108,746
관악구,2145. 은천초등학교 육교,202108,970
관악구,2148. 낙성대역 3번출구 뒤,202108,1178
관악구,2156. 농협 관악문성지점,202108,1084
관악구,2159. 인헌초교,202108,481
관악구,2164. 관악우체국,202108,1304
관악구,2165. JK장평타워,202108,470
관악구,2167. 낙성대역 1번출구,202108,826
관악구,2169. 봉천역 2번출구,202108,1647
관악구,2170. 조원동서울본병원,202108,1475
관악구,2171. 서울대입구역 5번출구,202108,1943
관악구,2172. 나들목공원,202108,721
관악구,2173. 당곡사거리,202108,5718
관악구,2174. 삼성디지털프라자관악점,202108,1176
관악구,2175. 신림동걷고싶은문화의거리입구,202108,1802
관악구,2176. 보라매공원 보도육교,202108,3351
관악구,2177. 신대방역 2번 출구,202108,7962
관악구,2178. 서울대학교 정문,202108,897
관악구,2179. 양녕로 입구,202108,1464
관악구,2183. 동방1교,202108,5618
관악구,2184. 구암초등학교 버스정류장,202108,327
관악구,2185. 대학동 고시촌,202108,1066
관악구,2186.우리은행 낙성대역지점,202108,650
관악구,2187.현대시장사거리(신한은행),202108,1256
관악구,2189.삼성서비스센터(관악점),202108,1307
관악구,2190.도원맨션,202108,618
관악구,2191.대학동주민센터,202108,1146
관악구,2195.은천교회,202108,1025
관악구,2196.삼화페인트 봉천점,202108,781
관악구,2198.사랑의병원,202108,925
관악구,2199.신봉천주유소,202108,131
관악구,3306.서울신우초등학교,202108,176
관악구,3307.봉천고개 육교,202108,539
관악구,3310.영락고등학교,202108,850
관악구,3311.서울대입구역 4번 출구,202108,954
관악구,3802. 관악구민체육센터,202108,237
관악구,3803. 세븐일레븐 신림점,202108,1208
관악구,3804. 낙성대공원,202108,402
관악구,3806. 낙성대 교수아파트,202108,391
관악구,3807. 관악우체국 교차로,202108,660
관악구,3810. 신봉천주유소,202108,279
관악구,3811.신사로입구,202108,1684
관악구,3812. KT관악지점,202108,1077
광진구,3500. 군자역2번출구,202108,2641
광진구,3501. 광진구청 앞,202108,3127
광진구,3502. 중곡역 1번출구,202108,1028
광진구,3503. 광진유진스웰,202108,125
광진구,3504. 원일교회,202108,2396
광진구,3505. 신양초교앞 교차로,202108,1010
광진구,3506. 영동대교 북단,202108,1740
광진구,3507. 어린이회관,202108,842
광진구,3508. 화양사거리,202108,900
광진구,3509. 세종사이버대학교,202108,2890
광진구,3510. 중곡SK아파트앞,202108,814
광진구,3516. 구의아리수정수센터앞,202108,740
광진구,3517. 용마사거리,202108,2280
광진구,3518. 군자역 7번출구뒤,202108,3804
광진구,3520. 광진경찰서,202108,2376
광진구,3521. 현대홈타운 뒷길,202108,328
광진구,3523. 건국대학교 과학관(이과대) 앞,202108,1010
광진구,3524. 세종대학교,202108,120
광진구,3528. 광진정보도서관,202108,1230
광진구,3529. 어린이대공원정문,202108,868
광진구,3533. 건대입구역 사거리(롯데백화점),202108,7432
광진구,3536. 중앙농협(자양동),202108,2513
광진구,3537. 아차산 휴먼시아 아파트 옆,202108,621
광진구,3541. 커먼그라운드,202108,3536
광진구,3542. 래미안 구의파크 스위트,202108,2294
광진구,3543. 세종대학교(학술정보원),202108,327
광진구,3563.구의7단지현대아파트,202108,223
광진구,3564.나루마당,202108,219
광진구,3566.우성4차아파트,202108,1667
광진구,3569.건대병원후문,202108,3782
광진구,3570.구의역 리버비스타 오피스텔,202108,2882
광진구,3571.화양 APT(횡단보도 옆),202108,3781
광진구,3573.광나루안전체험관,202108,1559
광진구,3575.자양사거리 (LG 유플러스),202108,3148
광진구,3578.중곡동 파크웨이빌딩,202108,1525
광진구,3579.광진 캠퍼스시티,202108,3328
광진구,3581.광진광장,202108,1027
광진구,3582.화양동 우체국,202108,1858
광진구,3586.군자역 비채온 오피스텔,202108,1913
광진구,3587.우성식품 앞,202108,1228
광진구,3588.세종대학교(영실관),202108,740
광진구,3853. 어린이대공원역 2번출구,202108,451
광진구,3860. 건국대학교 정문 앞,202108,1122
광진구,3863. 동일로58길 입구,202108,699
광진구,3864. 광진소방서 앞,202108,766
광진구,3865. 이튼타워리버 2차,202108,1255
광진구,3868. 자양한강도서관,202108,1466
광진구,3873. 동서울우편집중국 앞,202108,652
광진구,3878. 장로회신학대학교 주기철 기념관,202108,62
광진구,3879. 중랑천 뚝방길 산책로 입구,202108,1410
광진구,3880. 홍련봉 공원,202108,475
광진구,3881. 신자초교입구 교차로,202108,2003
광진구,3882. 자양2동 주민센터,202108,15
광진구,500. 어린이대공원역 3번출구 앞,202108,2119
광진구,501. 광진구의회 앞,202108,2175
광진구,502. 뚝섬유원지역 1번출구 앞,202108,14395
광진구,505. 자양사거리 광진아크로텔 앞,202108,2717
광진구,515. 광양중학교 앞,202108,1190
광진구,516. 광진메디칼 앞,202108,1636
광진구,539. 군자교교차로,202108,2186
광진구,540. 군자역 7번출구 베스트샵 앞,202108,2094
광진구,542. 강변역 4번출구 뒤,202108,1952
광진구,543. 구의공원(테크노마트 앞),202108,1556
광진구,544. 광남중학교,202108,1283
광진구,546. 잠실대교북단 교차로,202108,1888
광진구,548. 자양나들목,202108,2701
광진구,549. 아차산역 3번출구,202108,2700
광진구,551. 구의삼성쉐르빌 앞,202108,2721
광진구,552. 대림아크로리버 앞,202108,867
광진구,553. 중곡 성원APT 앞,202108,1206
광진구,555. 구의3동주민센터,202108,490
광진구,571. 어린이대공원역6번출구,202108,843
광진구,572. 국립정신 건강센터 앞,202108,655
광진구,573. 구의문주차장 앞,202108,1771
광진구,574. 아차산역4번출구,202108,2484
광진구,575. 중앙농협 중곡지점,202108,668
광진구,576. 광나루역 3번 출구,202108,2025
광진구,577. 광진청소년수련관,202108,1690
광진구,584. 광진광장 교통섬,202108,2638
광진구,588. 뚝섬 유원지역,202108,2391
광진구,590. 건국대학교 (입학정보관),202108,1322
광진구,591. 건국대학교 (행정관),202108,298
광진구,592. 건국대학교 학생회관,202108,1696
광진구,593.자양중앙나들목,202108,2380
구로구,1901. 신도림동주민센터 앞,202108,1669
구로구,1904. 도림천역 1번 출구 앞,202108,2175
구로구,1906. 신도림역 1번 출구 앞,202108,5631
구로구,1907. 구일우성(아) 육교 밑,202108,1376
구로구,1908. 해원리바파크 육교 밑,202108,1589
구로구,1910. 낙원교회 맞은편,202108,535
구로구,1911. 구로디지털단지역 앞,202108,5892
구로구,1912. 한신휴아파트 앞,202108,2191
구로구,1913. 구로리공원,202108,1359
구로구,1914. 대림역4번출구,202108,2869
구로구,1916. 구로중학교앞,202108,768
구로구,1920. 서울미래초등학교 사거리,202108,1556
구로구,1924. 삼부르네상스파크빌,202108,871
구로구,1925. 동양미래대학교 정문 옆,202108,4182
구로구,1928. 고척스카이돔구장 광장,202108,1027
구로구,1929. 고척근린공원 고척도서관 앞,202108,1021
구로구,1930. 개봉지구대 개봉치안센터,202108,1144
구로구,1931. 개봉역(북측광장),202108,1355
구로구,1933. 개봉푸르지오아파트 상가,202108,1603
구로구,1936. 개봉역 1번 출구 자전거보관서쪽,202108,887
구로구,1937. 한진아파트 입구,202108,1266
구로구,1941. 오류동역 2번출구,202108,1194
구로구,1943. 온수역 북측,202108,505
구로구,1946. 구로역 광장,202108,2957
구로구,1951. 천왕이펜하우스 4단지 상가 앞,202108,242
구로구,1952. 천왕연지타운2단지 앞,202108,1536
구로구,1953. 천왕역 4번출구 뒤,202108,1149
구로구,1955. 디지털입구 교차로,202108,3419
구로구,1956. 도야미리숯불갈비 앞,202108,1536
구로구,1957. 구일고등학교 정문,202108,1503
구로구,1958. 강서수도사업소민원센터,202108,1715
구로구,1959. 구로구의회 앞,202108,1364
구로구,1960. 화광신문사 앞,202108,1806
구로구,1961. 신도림테크노근린공원,202108,4009
구로구,1962. 가리봉동주민센터,202108,1458
구로구,1964. 원메디타운 앞,202108,1234
구로구,1965. 삼환로즈빌아파트 105동 옆,202108,1012
구로구,1966. 한마을아파트 정문상가,202108,1364
구로구,1967. 참새공원(백곡경노당),202108,445
구로구,1968. 동인오피스텔 건너편 소공원,202108,409
구로구,1969. 궁동생태공원,202108,173
구로구,1971. 오정초교 앞 보도육교,202108,420
구로구,1973. 오리로와 서해안도로 교차로 앞,202108,571
구로구,1974. 신도림2차e편한세상아파트 203동 앞,202108,1388
구로구,1975. 대림역 1번 출입구 밑,202108,1473
구로구,1976. 남구로역 5번 출입구 앞,202108,557
구로구,1977. 천왕역 1번 출입구 앞,202108,1879
구로구,1979. 구로1동우체국 앞,202108,245
구로구,1981. 천왕이펜하우스5단지 앞,202108,628
구로구,1983. 구로동롯데아파트,202108,1603
구로구,1984. 구로구청,202108,1255
구로구,1985. 구로도서관,202108,3616
구로구,1986. 태평양물산빌딩,202108,2929
구로구,1987. 개봉아이파크아파트 앞,202108,1317
구로구,1988. 고척LIGA아파트 앞,202108,1834
구로구,1991. 오류동역 맞은편,202108,1978
구로구,1992. 구로구배드민턴실내체육관 앞,202108,381
구로구,1993. 금강수목원아파트 앞,202108,665
구로구,1994. 삼성전자 물류센터 앞,202108,1307
구로구,1996. 구일역 1번 출입구 앞,202108,2597
구로구,1998. 고척교 교차로,202108,775
구로구,1999. 수궁동 성당 주변,202108,506
구로구,2000. 신도림4차 e편한세상 아파트 1109동 앞,202108,1995
구로구,2801. 대륭포스트타워1차,202108,2151
구로구,2804.항동지구 6단지 602동 앞,202108,528
구로구,2805.구로자원순환센터,202108,185
구로구,2806.항동지구 4단지 입구,202108,182
구로구,2807.항동지구 1단지 105동 앞,202108,310
구로구,2808.항동지구 2단지 202동 앞,202108,281
구로구,2809.항동지구 11단지 1103동 앞,202108,224
구로구,2810.항동지구 3단지 311동 앞,202108,215
구로구,2812.항동프라자,202108,372
구로구,2813.항동지구 3단지 302동 앞,202108,130
구로구,2814.항동지구 10단지 1001동 앞,202108,264
구로구,2815.항동지구 7단지 정문,202108,497
구로구,2816.항동지구 8단지 803동옆(주차장입구),202108,150
구로구,2817.천왕이펜하우스5단지 앞,202108,272
구로구,2818.천왕이펜하우스3단지 앞,202108,359
구로구,2819.하늘숲초등학교 앞,202108,625
구로구,2820.신세기아파트 앞,202108,985
구로구,2821.청구아파트 앞,202108,1285
구로구,2822.제니스스포츠 앞,202108,371
구로구,2823.중앙유통단지 앞,202108,1072
구로구,2824.미래사랑어린이공원 앞,202108,2379
구로구,2825.초롱타운 앞,202108,340
구로구,2826.가마산지하보도 옆,202108,475
구로구,3902. 항동지구5단지 501동 앞,202108,362
구로구,3903. 현대아파트 앞,202108,665
구로구,3904. 테크노마트 앞,202108,2543
구로구,3905. 희훈타워빌 앞,202108,1818
구로구,3906. 천왕차량사업소 입구,202108,594
구로구,3907. 신도림7차e편한세상아파트 806동 앞,202108,1187
구로구,3908. 오류동 다숲오피스텔 앞,202108,756
구로구,3910. 목양전원교회 앞 로터리,202108,275
구로구,3911. 항동하버리안2단지아파트 후문,202108,183
구로구,3912. 삼호아파트 앞,202108,53
금천구,1804. 독산역 2번출구 자전거주차장,202108,1513
금천구,1805. 서울디지털운동장 앞,202108,1022
금천구,1806. 에이스하이엔드타워9차 앞,202108,945
금천구,1808. 에이스하이엔드타워8차 앞,202108,952
금천구,1809. LG전자 별관동(호서대 벤처타워 맞은편),202108,575
금천구,1812. 갑을그레이트밸리 앞,202108,916
금천구,1814. 두산위브아파트 옆 상가건물 앞,202108,1039
금천구,1816. 금천폭포공원 앞,202108,298
금천구,1819. 금천구청 앞 자전거거치대,202108,619
금천구,1820. 신한은행 시흥대로금융센터지점,202108,296
금천구,1821. 홈플러스 시흥점 맞은편 다비치안경 앞,202108,887
금천구,1822. 서울 시흥동우체국 앞,202108,683
금천구,1823. 상신정비공업 앞,202108,359
금천구,1824. 독산근린공원 입구,202108,1887
금천구,1825. 한신아파트 앞 육교 아래,202108,647
금천구,1826. 한신코아 앞,202108,585
금천구,1827. 독산보도육교 앞 자전거 보관소,202108,2795
금천구,1828. 한양수자인아파트 앞,202108,948
금천구,1829. 홈플러스 금천점 앞,202108,874
금천구,1830. 빅마켓 금천점 앞,202108,1513
금천구,1831. 메이퀸웨딩컨벤션 앞,202108,617
금천구,1833. 독산역 1번출구 앞 자전거보관소,202108,943
금천구,1834. 월드메르디앙 벤처센터 2차,202108,1679
금천구,1835. STX V타워,202108,795
금천구,1836. 금천구립 독산도서관,202108,249
금천구,1839. 수출의 다리 아래,202108,784
금천구,1840. 솔브레인이엔지 뒤편,202108,1021
금천구,1841. 가산동 주민센터,202108,1768
금천구,1842. 한울중학교,202108,570
금천구,1843. 독산고등학교,202108,498
금천구,1845. 롯데캐슬골드파크1차 서문,202108,947
금천구,1846. 롯데캐슬골드파크1차 동문,202108,918
금천구,1847. 독산주공 14단지 버스정류소,202108,372
금천구,1848. 벽산 디지털밸리 5차,202108,1216
금천구,1849. 대륭포스트타워5차,202108,479
금천구,1850. 코오롱테크노밸리,202108,238
금천구,1851. 가산디지털단지 7번출구,202108,2536
금천구,1852. 혜명양로원 담장 옆,202108,512
금천구,1853. 서울디자인직업전문학교 앞,202108,452
금천구,1854. 가산아네스트 오피스텔 앞,202108,912
금천구,1855. 성지아파트 옆 도로변,202108,217
금천구,1856. 모두의학교,202108,1070
금천구,1857. 주공14단지,202108,403
금천구,1858. 석수역1번출구 앞 (SK주유소),202108,393
금천구,1859. 대륭테크노타운 18차,202108,601
금천구,1861.IBK기업은행 석수역 지점 앞,202108,168
금천구,1862.스타즈호텔독산 빌딩 앞,202108,1133
금천구,1863.위너스 스포츠클럽 골프연습장옆,202108,415
금천구,1864.산호시티빌 옆,202108,219
금천구,1865.금천구청앞(M빌딩),202108,492
금천구,1866.서울안천초등학교 옆,202108,376
금천구,1867.대륭포스트타워6차 앞,202108,3178
금천구,1868.우리은행 시흥남자동화점 앞,202108,551
금천구,1869.롯데캐슬골드파크3차 301동 앞,202108,726
금천구,1870.독산3동주민센터 앞,202108,800
금천구,3956. 대륭테크노타운21차 앞,202108,724
금천구,3958. 롯데캐슬2차 마을버스 정류장(18804) 뒤편,202108,744
금천구,3959. 시흥사거리(시흥동 994-3 앞),202108,893
금천구,3963. 에이스 하드웨어(시흥대로 396) 앞,202108,894
금천구,3966. 독산역1번출구 옆,202108,1849
금천구,3969. 독산역 롯데캐슬 104동 앞,202108,1
노원구,1601. 석계역 문화광장 내 자전거 보관소,202108,3208
노원구,1602. 광운대역 앞,202108,1086
노원구,1605. 헬스케어,202108,1624
노원구,1606. 태릉입구역 3번출구,202108,1474
노원구,1608. 공릉역 1번 출구 앞,202108,4744
노원구,1610. 화랑대역 2번출구 앞,202108,3050
노원구,1611. 과기대 입구(우),202108,3874
노원구,1616. 하계2동 공항버스정류장 옆,202108,2273
노원구,1617. 하계동 중평어린이공원 앞,202108,2622
노원구,1619. 중계동 하나프라자빌딩 앞(중1-1),202108,2128
노원구,1620. 중계동 노원구민체육센터 옆(중1-2),202108,1794
노원구,1625. 상계역(4번출구),202108,4267
노원구,1627. 수락산역 4번출구,202108,1432
노원구,1628. 노일초등학교 앞,202108,1034
노원구,1630. 수연빌딩 앞,202108,1229
노원구,1634. 당고개공원 대여소,202108,869
노원구,1635. 상계3.4동 주민센터 대여소,202108,454
노원구,1636. 백병원 사거리 농협은행 앞,202108,3455
노원구,1637. KT 노원점 건물 앞,202108,4385
노원구,1639. 희성오피앙,202108,1798
노원구,1640. 한내근린공원 북측,202108,1198
노원구,1641. 한내근린공원 남측,202108,854
노원구,1642. 서울여대 남문,202108,897
노원구,1643. 태릉입구역 8번출구,202108,2608
노원구,1646. 삼육대 입구,202108,601
노원구,1650. 중계근린공원내,202108,3412
노원구,1651. 맥도날드 상계점 앞,202108,1249
노원구,1652. 파르코 앞,202108,436
노원구,1653. 노원역1번출구,202108,4403
노원구,1654. 당고개입구 오거리,202108,1039
노원구,1655. 공릉1단지아파트,202108,3024
노원구,1656. 중앙하이츠 아파트 입구,202108,2096
노원구,1657. 노원구청,202108,1801
노원구,1659. 중계동 을지중학교,202108,944
노원구,1660. 서울시립과학관,202108,655
노원구,1661. 당현천근린공원,202108,2010
노원구,1662. 노원역7번출구,202108,2630
노원구,1663. 동해문화예술관앞,202108,2167
노원구,1664. 노해근린공원내,202108,750
노원구,1665. 양지근린공원앞,202108,476
노원구,1666. 노원소방서인근,202108,1326
노원구,1667. 중계중학교,202108,1777
노원구,1668. 중계역 6번출구,202108,2287
노원구,1669. 중계역 3번출구,202108,2172
노원구,1670. 노원경찰서교차로,202108,1606
노원구,1671. 인덕대학교,202108,711
노원구,1672. 상계동수락리버시티,202108,644
노원구,1674. 서울북부고용센터앞,202108,3197
노원구,1675. 월계문화체육센터,202108,228
노원구,1677. 육군사관학교 앞,202108,1413
노원구,1678. 성서대학교 밀알관,202108,309
노원구,1679. 삼육대 도서관,202108,192
노원구,1680. 삼육대 제3과학관,202108,44
노원구,1681. 현대6차 아파트,202108,1319
노원구,1682. 중계종합사회복지관 교차로,202108,1099
노원구,1683. 노원문화예술회관,202108,1670
노원구,1684. 태릉입구역 5번출구,202108,3337
노원구,1685. 불암고등학교 앞 횡단보도,202108,1250
노원구,1686. 온수골사거리(스타벅스앞),202108,2774
노원구,1688. 마들역 7번출구,202108,2397
노원구,1689. 마들역 3번출구,202108,2004
노원구,1690. 도봉운전면허시험장,202108,1462
노원구,1691. 노원정보도서관,202108,1515
노원구,1692. 온곡초교 교차로,202108,1269
노원구,1693. 원자력 병원,202108,558
노원구,1695.월계미륭아파트 정문,202108,1028
노원구,1696.수락리버시티4단지,202108,689
노원구,1697.상계주공2단지 219동,202108,1296
노원구,1700.상계보람아파트 202동,202108,1444
노원구,2901.공릉동풍림아파트 101동,202108,1281
노원구,2902.공릉풍림아파트 108동,202108,1250
노원구,2903.월계초안아파트 1단지,202108,904
노원구,2904.중계3차청구아파트,202108,1159
노원구,2905.중계주공6단지,202108,229
노원구,2907. 월계중학교,202108,454
노원구,2908. 광운대학교 중앙도서관,202108,1876
노원구,2909. 석계역 3번 출구,202108,2000
노원구,2910.도깨비시장,202108,2833
노원구,2911.상계역중앙시장,202108,1515
노원구,2912.대진고등학교,202108,1813
노원구,2913.상계8동 주민센터,202108,2249
노원구,2914.서울과학기술대학교(미래관),202108,753
노원구,2915.서울과학기술대학교(어학교육원),202108,1900
노원구,2917.신창중학교 후문 맞은편 버스정류장,202108,1323
노원구,2919.등나무 근린공원(시립북서울미술관 앞),202108,3451
노원구,2920.상계중학교(당현2교사거리),202108,1079
노원구,2921.중계역 2번출구,202108,2297
노원구,4002. 상계주공 14단지 상가 앞,202108,824
노원구,4003. 스타벅스 상계초교사거리점,202108,1684
노원구,4004. 당고개입구오거리 당현천변,202108,1287
노원구,4005. 중계2차 한화꿈에그린 101동 인근,202108,1092
노원구,4007. 노원 을지대학교 병원,202108,1888
노원구,4008. 하계 어린이 공원,202108,1850
노원구,4009. 월계프라자,202108,661
노원구,4011. 월계 센트럴 아이파크,202108,1036
노원구,4013. 중계 롯데마트,202108,1791
노원구,4014. 당고개역 3번 출구,202108,1059
노원구,4016. 노원 마들스타디움,202108,793
노원구,4017. 월계 청백1단지 아파트 정류장,202108,515
노원구,4018. 상계주공15단지 버스정류소,202108,1465
노원구,4019. 상계주공10단지 버스정류소,202108,1577
노원구,4020. 중계동 성모빌딩 앞,202108,1368
노원구,4021. 중계본동 입구,202108,204
노원구,4023. 월계역 1번 출구,202108,845
노원구,4024. 꿈의숲 SK뷰 아파트,202108,1577
노원구,4025. 한천교 동편,202108,1782
노원구,4026. 상계주공1단지아파트,202108,1346
노원구,4027. 이마트 월계점,202108,3141
노원구,4028. 한일유앤아이아파트 105동 인근,202108,1197
노원구,4029. 청소년수련관 후문,202108,3440
노원구,4031. 청암예술학교 앞,202108,1140
노원구,4032. 은행사거리(불암주유소 앞),202108,1146
노원구,4033. 녹천 자동차운전 전문학원 (녹천역 4번 출구),202108,535
노원구,4034. 상계근린공원 운동장 앞,202108,773
노원구,4035. 수락 행복발전소 앞,202108,636
노원구,4036. 하계역 6번출구,202108,1573
노원구,4037. 물넘이교,202108,2059
노원구,4038. 상계주공9단지 버스정류소,202108,1
노원구,4039. 서울시 북부여성발전센터,202108,388
노원구,4040. 공릉로 26길,202108,878
노원구,4041. 공릉역3번출구,202108,94
도봉구,1702. 녹천역 1번출구 앞,202108,736
도봉구,1703. 도봉산광역환승센터앞,202108,389
도봉구,1705. 도봉구청 정문앞,202108,1657
도봉구,1706. 기업은행 앞,202108,766
도봉구,1707. 도봉구민회관,202108,1669
도봉구,1708. 보건소사거리(다비치안경창동점),202108,1671
도봉구,1709. 쌍문역4번출구 주변,202108,1025
도봉구,1713. 쌍문동 이안아파트 앞,202108,469
도봉구,1714. 도봉문화정보도서관 삼거리,202108,357
도봉구,1715. 서울특별시교육청도봉도서관,202108,1249
도봉구,1716. 하나로마트 창동점,202108,1256
도봉구,1717. 시립창동운동장 입구,202108,459
도봉구,1719. 신도봉사거리 버스정류장,202108,716
도봉구,1720. 도봉구청 옆(중랑천변),202108,2303
도봉구,1721. 창동역 2번출구,202108,3290
도봉구,1722. 창동청소년수련관,202108,1218
도봉구,1723. 방학동학마을도서관,202108,506
도봉구,1725. 창1동주민센터,202108,616
도봉구,1726. 삼익세라믹아파트교차로,202108,1454
도봉구,1727. 서울도봉초등학교인근,202108,758
도봉구,1728. 서울북부지방법원,202108,293
도봉구,1729. 파리바게트앞,202108,1046
도봉구,1730. 도봉산역 교차로 앞,202108,228
도봉구,1731. 도봉고등학교 맞은편,202108,402
도봉구,1732. 우리은행 앞,202108,614
도봉구,1733. 방학사거리 (봄마당 앞),202108,1329
도봉구,1734. 쌍문현대1차아파트 108동 앞,202108,1207
도봉구,"1735. 도봉역 1,2번 출구사이 건너편",202108,965
도봉구,1736. 버스정류장 앞,202108,681
도봉구,1737. 하나은행 (창동점),202108,2357
도봉구,1738. 창동주공17단지 상가앞,202108,1984
도봉구,1741. 제일강산수산입구,202108,2371
도봉구,1742. 북한산 코오롱 하늘채,202108,1963
도봉구,1743.창동19단지아파트 관리사무소앞,202108,1374
도봉구,1744.KT방학지사 앞,202108,1194
도봉구,1746. 다이소방학점 앞,202108,799
도봉구,1748. 피자헛 앞(도봉병원 옆),202108,824
도봉구,1749. ESA아파트 상가 앞,202108,1318
도봉구,1750. 창포원 남쪽 입구,202108,1114
도봉구,1751. 창원초등학교 교차로,202108,818
도봉구,1752. 창동 주공 4단지 입구 옆,202108,1046
도봉구,1754. 창동시장입구 사거리,202108,999
도봉구,1756.서울북부광역등기국,202108,304
도봉구,1757.솔밭공원역 1번출구 앞,202108,607
도봉구,1758.북서울교회 버스정류소 앞,202108,723
도봉구,1759.서울북부지방법원 앞,202108,517
도봉구,1761.방학중학교 앞,202108,490
도봉구,1762.북한산 한신휴플러스APT앞,202108,1915
도봉구,1765.쌍문역 1번 출구(양산부인과 빌딩),202108,1268
도봉구,1767.태양중앙교회 앞,202108,1841
도봉구,1768.신동아타워 버스정류소,202108,635
도봉구,1770.도봉한신아파트 주변,202108,928
도봉구,1771.성원APT버스정류소,202108,1017
도봉구,1772.시립도봉노인복지관 버스정류소,202108,891
도봉구,1774.반석교회(쌍문동),202108,631
도봉구,1775.신원리베르텔 앞,202108,1016
도봉구,4054. KT프라자도봉점 맞은편,202108,812
도봉구,4058. 다락원체육공원 전망대 입구,202108,630
도봉구,4062. 평화도봉공원 주변,202108,1235
도봉구,4064. 신창아파트 입구 앞,202108,405
도봉구,4065. 창동역 1번출구 앞,202108,2265
도봉구,4073.방아골종합사회복지관,202108,585
도봉구,4074. 도봉구육아종합지원센터(창동),202108,726
도봉구,4075. 방학신동아아파트 11동 앞,202108,205
도봉구,4076. 진영상운 앞 중랑천 변,202108,3611
도봉구,4077. 도봉제1교,202108,2801
도봉구,4078. 원당공원 앞,202108,1346
동대문구,4102. 휘경1동주민센터 앞,202108,1404
동대문구,4103. 휘경sk뷰아파트 앞,202108,886
동대문구,4104. 외대앞역 교차로,202108,1672
동대문구,4105. 하나은행 장안동지점앞,202108,950
동대문구,4107. 장안동근린공원 입구,202108,820
동대문구,4108. 답십리파크자이아파트 앞,202108,1569
동대문구,4110. 용두롯데캐슬리치아파트 앞,202108,941
동대문구,4112. 신이문빗물펌프장 옆,202108,349
동대문구,4113. 한국국방연구원 앞,202108,1216
동대문구,4114. 휘경여중고삼거리,202108,1417
동대문구,4116. 이문e편한세상아파트 앞,202108,642
동대문구,4117. 휘경119안전센터 앞,202108,1372
동대문구,4121. 서울문화재단 앞,202108,1898
동대문구,4122. 청계9가교차로 앞,202108,1926
동대문구,4123. 배봉초교 교차로,202108,980
동대문구,600. 휘경2동 주민센터,202108,404
동대문구,601. 용신동주민센터,202108,892
동대문구,602. 장안동 사거리,202108,3828
동대문구,604. 답십리초등학교 옆 공원,202108,986
동대문구,605. 신설동역8번출구,202108,1576
동대문구,606. 휘경공고앞,202108,628
동대문구,607. 신이문역 2번출구,202108,646
동대문구,608. 전농삼성아파트,202108,353
동대문구,609. 제기2교,202108,2305
동대문구,610. 동대문중 교차로,202108,866
동대문구,612. 시립동부병원 앞 사거리,202108,2242
동대문구,613. 신설동역 10번출구 앞,202108,2254
동대문구,614. 용두동 사거리,202108,2597
동대문구,615. 용두동 래미안허브리츠아파트 앞,202108,1849
동대문구,616. 서울시립대 앞,202108,373
동대문구,617. 청솔우성아파트 앞,202108,1352
동대문구,621. 동대문중학교 옆,202108,373
동대문구,622. 전농사거리 교통섬,202108,1107
동대문구,623. 서울시립대 정문 앞,202108,2003
동대문구,624. 전농동 동아아파트 앞,202108,1748
동대문구,625. 답십리초등학교 앞(현대시장 옆),202108,1233
동대문구,626. 군자교 서측 녹지대,202108,1831
동대문구,627. 장안동삼거리 교통섬,202108,1675
동대문구,628. 휘봉고등학교 앞,202108,667
동대문구,630. 동대문구 보건소,202108,2438
동대문구,631. 답십리역 1번출구,202108,3153
동대문구,633. 청량리 기업은행 앞,202108,1300
동대문구,634. 외국어대 정문 앞,202108,3436
동대문구,635. 시조사 앞 (청량고정문 옆),202108,1881
동대문구,636. 세종대왕기념관 교차로,202108,588
동대문구,637. KAIST 경영대학 앞,202108,1083
동대문구,638. 서울시립대 정보기술관,202108,747
동대문구,639. 서울시립대 후문,202108,883
동대문구,640. KEB하나은행 청량리역지점,202108,913
동대문구,641. 용두역 4번출구,202108,2676
동대문구,642. 신답역 사거리,202108,1593
동대문구,643. 동대문구민체육센터 (육교아래),202108,1915
동대문구,646. 장한평역 1번출구 (국민은행앞),202108,5807
동대문구,647. 신이문역 1번출구,202108,849
동대문구,648. 장안동위더스빌옆,202108,2896
동대문구,650. 중랑교사거리,202108,1871
동대문구,652. 답십리 래미안엘파인아파트 입구,202108,653
동대문구,654. 전농동 텃골공원,202108,755
동대문구,656. 영휘원 교차로,202108,831
동대문구,657. 동대문롯데캐슬아파트 앞,202108,1401
동대문구,658. 촬영소 사거리,202108,1402
동대문구,659. 제기역1번출구,202108,2653
동대문구,660. 동의보감타워,202108,1951
동대문구,661. 경희대학교 청운관,202108,1324
동대문구,663. 외대앞역 4번출구,202108,1138
동대문구,664. 서울시립대 건설공학관,202108,696
동대문구,665.이문동 쌍용아파트 정문,202108,955
동대문구,666.이문대성유니드아파트 앞,202108,978
동대문구,667.청량차도 육교 밑,202108,689
동대문구,668.서울축산농협(장안지점),202108,3328
동대문구,669.청계한신휴플러스앞 삼거리,202108,1217
동대문구,670.삼육서울병원 버스정류장,202108,4004
동대문구,671.대광빌딩,202108,573
동대문구,672.대광고등학교,202108,841
동대문구,673.안암골벽산아파트(후문),202108,1338
동대문구,674.고대앞사거리 교통섬,202108,1776
동대문구,675.성복교회 앞 (장평교 아래),202108,1534
동대문구,676.FITI시험연구원 앞,202108,932
동대문구,677.청량리역 4번 5번출구 사이,202108,2629
동대문구,678.장안힐스테이트(아) 앞,202108,1597
동대문구,679.전농SK아파트 앞,202108,392
동대문구,680.꿈마루어린이도서관 앞,202108,2482
동대문구,681.서울특별시 동부교육지원청(육교),202108,257
동작구,2002. 노들역 1번출구,202108,3282
동작구,2003. 사육신공원앞,202108,1419
동작구,2007. 유한양행앞,202108,1725
동작구,2008. 노량진근린공원 대방공원,202108,635
동작구,2009. 보라매역 8번출구,202108,890
동작구,2012. 녹십초요양병원앞,202108,998
동작구,2013. 장승배기역 5번출구,202108,2314
동작구,2015. 신대방삼거리역 6번출구쪽,202108,2495
동작구,2016. 신대방삼거리역 3번출구쪽,202108,1340
동작구,2020. 장승배기역2번출구뒷편쪽,202108,939
동작구,2024. 상도역 1번출구,202108,669
동작구,2025. 흑석역 1번출구,202108,3117
동작구,2026. 흑석역 4번출구,202108,643
동작구,2032. 이수역 11번출구쪽,202108,1515
동작구,2033. 사당동 아르테스 웨딩앞,202108,1390
동작구,2034. 사당역 7번출구쪽,202108,1217
동작구,2036. 정금마을 마을버스정류장,202108,794
동작구,2037. 동작역 5번출구 동작주차공원,202108,975
동작구,2038. 동작역 7번출구,202108,268
동작구,2040. 비계 버스정류소,202108,254
동작구,2041. 사당중학교 버스정류소,202108,457
동작구,2048. 삼일초등학교 인근,202108,540
동작구,2050. 노량진역 5번출구,202108,3365
동작구,2054. 삼익아파트,202108,1898
동작구,2056. 동작구민 체육센터,202108,1700
동작구,2057. 상도 아이파크 아파트,202108,813
동작구,2058. 노량진동 맥도널드앞,202108,2734
동작구,2059. 보라매공원 정문,202108,2130
동작구,2060. 남성역3번출구 뒤,202108,1797
동작구,2061. 한강 현대아파트 건너편,202108,224
동작구,2062. 사당새마을금고,202108,596
동작구,2063. 대방역 4번출구,202108,1165
동작구,2064. 흑석한강푸르지오 106동앞,202108,301
동작구,2065. 서울시여성가족재단,202108,555
동작구,2066. 양문교회 앞,202108,1037
동작구,2067. LG전자 베스트? 대리점 앞,202108,1546
동작구,2068. 총신대 앞(육교),202108,142
동작구,2069. 숭실대 입구역3번 출구 앞,202108,717
동작구,2070. 노량진역 2번 출구 앞,202108,1821
동작구,2071. 대림아파트 후문 상가 옆,202108,382
동작구,2076.노들나루공원 입구,202108,3589
동작구,2077.노들역 3번출구,202108,1216
동작구,2078.흑석 아크로리버하임(103동),202108,262
동작구,2080.빕스 대방점 앞,202108,1904
동작구,2082.7호선 이수역7번출구,202108,891
동작구,2083.흑석롯데캐슬에듀포레(107동),202108,478
동작구,2084.e편한세상 상도노빌리티 앞,202108,1006
동작구,2085.강남중학교 앞,202108,1118
동작구,2086.삼일수영장 앞,202108,977
동작구,2088.상도중앙하이츠빌 입구,202108,523
동작구,2089.사당역10번출구(금강빌딩),202108,1167
동작구,2090.기아자동차 사당점 앞,202108,1243
동작구,2091.이수역9번출구(맥도날드),202108,1278
동작구,2092.흑석한강푸르지오(110동),202108,258
동작구,2093.상도SH빌아파트 입구,202108,239
동작구,2094.숭실대학교(중문),202108,399
동작구,2095.경문고등학교 앞,202108,888
동작구,2096.서울특별시 동작관악교육지원청,202108,222
동작구,237. 보라매 두산위브 건너편,202108,1748
동작구,4152. 상도효성해링턴플레이스,202108,651
동작구,4153. 흑석동효사정앞,202108,265
동작구,4158. 노량진근린공원,202108,150
동작구,4162. 노량진1동 청소년독서실,202108,500
동작구,4167. 구로교 아래,202108,591
동작구,4169. 신대방삼거리,202108,1314
동작구,4171. 우성아파트 앞,202108,953
동작구,4173. 이화약국 앞,202108,688
동작구,4175. 스페이스 살림 앞,202108,854
마포구,102. 망원역 1번출구 앞,202108,4028
마포구,103. 망원역 2번출구 앞,202108,3493
마포구,104. 합정역 1번출구 앞,202108,1547
마포구,105. 합정역 5번출구 앞,202108,1251
마포구,106. 합정역 7번출구 앞,202108,3868
마포구,107. 신한은행 서교동금융센터점 앞,202108,2263
마포구,108. 서교동 사거리,202108,1781
마포구,109. 제일빌딩 앞,202108,1742
마포구,111. 상수역 2번출구 앞,202108,1767
마포구,112. 극동방송국 앞,202108,1263
마포구,113. 홍대입구역 2번출구 앞,202108,4126
마포구,114. 홍대입구역 8번출구 앞,202108,2984
마포구,118. 광흥창역 2번출구 앞,202108,1264
마포구,119. 서강나루 공원,202108,1926
마포구,120. 신수동 사거리,202108,531
마포구,121. 마포소방서 앞,202108,1268
마포구,122. 신성기사식당 앞,202108,1152
마포구,124. 서강대 정문 건너편,202108,1638
마포구,125. 서강대 남문 옆,202108,716
마포구,126. 서강대 후문 옆,202108,2083
마포구,127. 현대벤처빌 앞,202108,381
마포구,129. 신촌역(2호선) 6번출구 옆,202108,1185
마포구,130. 신촌역(2호선) 7번출구 앞,202108,2056
마포구,142. 아현역 4번출구 앞,202108,706
마포구,143. 공덕역 2번출구,202108,1652
마포구,144. 공덕역 8번출구,202108,3830
마포구,145. 공덕역 5번출구,202108,1161
마포구,146. 마포역 2번출구 뒤,202108,3218
마포구,147. 마포역 4번출구 뒤,202108,3127
마포구,148. 용강동 주민센터 앞,202108,2158
마포구,150. 서강대역 2번출구 앞,202108,1162
마포구,152. 마포구민체육센터 앞,202108,11150
마포구,153. 성산2교 사거리,202108,2393
마포구,154. 마포구청역,202108,3007
마포구,155. 가좌역1 번출구 앞,202108,996
마포구,156. 서울서부지방법원 앞,202108,1043
마포구,157. 애오개역 4번출구 앞,202108,2153
마포구,181. 망원초록길 입구,202108,1975
마포구,182. 망원2빗물펌프장 앞,202108,2056
마포구,183. 하늘채코오롱아파트 건너편,202108,3008
마포구,184. SK망원동주유소 건너편,202108,2772
마포구,185. 마포 신수공원 앞,202108,1183
마포구,186. 월드컵공원,202108,4372
마포구,199. 서울 월드컵 경기장,202108,1033
마포구,3002.벽산상암스마트큐브,202108,3182
마포구,3003.래미안신공덕3차아파트,202108,149
마포구,3005.마포구청 청사내,202108,478
마포구,3006. 상암월드컵파크5단지(상암중학교),202108,502
마포구,3007.MBC 앞,202108,1189
마포구,3008.DMC역7번출구,202108,1074
마포구,3009.서교동사거리(신),202108,1787
마포구,3010.홍대입구역 3번출구,202108,3974
마포구,3011.경의선(노고산동),202108,1877
마포구,400. 상암한화오벨리스크 1차 앞,202108,1388
마포구,401. 상암월드컵파크 10단지 앞,202108,1043
마포구,402. 상암월드컵파크 9단지 앞,202108,861
마포구,403. 부엉이공원 앞,202108,638
마포구,405. DMC빌 앞,202108,565
마포구,406. 상암월드컵파크 7단지 앞,202108,872
마포구,407. 마포구 육아종합지원센터,202108,918
마포구,408. LG CNS앞,202108,811
마포구,409. 누리꿈스퀘어 옆,202108,2158
마포구,410. 상암중학교 옆,202108,413
마포구,411. DMC홍보관,202108,1295
마포구,412. DMC산학협력연구센터 앞,202108,1371
마포구,413. 상암월드컵파크 3단지 후문,202108,774
마포구,414. 상암동주민센터 옆,202108,1757
마포구,415. DMC역 9번출구 앞,202108,3034
마포구,416. 상암월드컵파크 1단지 교차로,202108,1036
마포구,417. DMC역 2번출구 옆,202108,1940
마포구,418. 월드컵경기장역 3번출구 옆,202108,3364
마포구,419. 홈플러스 앞,202108,3010
마포구,420. 서울시 공공자전거 상암센터,202108,1598
마포구,4202. 프런트원(공덕역4번출구 앞),202108,776
마포구,4206. 광흥창역5번출구,202108,804
마포구,4207. 아만티호텔 앞,202108,699
마포구,4208. 스타벅스(동교동) 앞,202108,919
마포구,421. 마포구청 앞,202108,2403
마포구,4210. 가좌행복주택 앞,202108,1291
마포구,4211. 시석빌딩 앞,202108,992
마포구,4212. 한화오벨리스크 앞,202108,869
마포구,4213. 마포구중앙도서관 정문 앞,202108,1600
마포구,4214. JTBC 앞,202108,1028
마포구,4216. 망원정 앞,202108,223
마포구,422. 문화비축기지,202108,373
마포구,424. 롯데하이마트 (상암월드컵점),202108,560
마포구,425. DMC첨단산업센터,202108,682
마포구,426. 서울신용보증재단,202108,1996
마포구,427. 성산시영아파트,202108,1198
마포구,432. 마포중앙도서관,202108,328
마포구,436. 이대역 5번출구,202108,1146
마포구,437. 대흥역 1번출구,202108,1337
마포구,438. 성산2-1 공영주차장,202108,1887
마포구,439. 마포어린이공원,202108,2764
마포구,440. 하늘공원 입구,202108,1172
마포구,487.신석초교앞 교차로 교통섬,202108,1977
마포구,488.푸르메병원,202108,1092
마포구,489.구룡근린공원,202108,409
마포구,490.가온문화공원,202108,1420
마포구,491.월드컵파크 4단지,202108,543
마포구,492.성산시영아파트 후문,202108,1439
마포구,493.홍대입구역 6번출구,202108,2112
마포구,494.신수동주민센터,202108,310
마포구,495.염리초등학교 앞,202108,1032
마포구,497.합정동주민센터 앞,202108,2343
마포구,498.연남동주민센터 앞,202108,3383
서대문구,115. 마스타 빌딩 앞,202108,1077
서대문구,116. 일진아이윌아파트 옆,202108,1960
서대문구,117. 홍은사거리,202108,3865
서대문구,123. 문화촌 공원,202108,2486
서대문구,128. 신촌역(2호선) 1번출구 옆,202108,1744
서대문구,131. 증산2교,202108,2855
서대문구,133. 해담는다리,202108,2239
서대문구,134. 연세로 명물길,202108,1206
서대문구,135. 명물길 원형무대 앞,202108,860
서대문구,137. NH농협 신촌지점 앞,202108,760
서대문구,138. 신촌동 제1공영주차장 앞,202108,952
서대문구,139. 연세대 정문 건너편,202108,477
서대문구,140. 이화여대 후문,202108,941
서대문구,141. 연대 대운동장 옆,202108,663
서대문구,158. 독립문 어린이 공원,202108,572
서대문구,159. 이대역 4번 출구,202108,570
서대문구,160. 북아현동 가구거리,202108,660
서대문구,161. 무악재역1번 출구,202108,467
서대문구,162. 봉원고가차도 밑,202108,1238
서대문구,163. 명지전문대학교 정문 앞,202108,423
서대문구,164. 북가좌1동 주민센터,202108,440
서대문구,165. 중앙근린공원,202108,1353
서대문구,166. 가재울 초등학교,202108,1545
서대문구,167. 연가초등학교 옆,202108,631
서대문구,169. 북가좌 삼거리,202108,397
서대문구,170. 가재울 뉴타운 주유소 옆,202108,1214
서대문구,171. 임광빌딩 앞,202108,654
서대문구,173. 서대문역 8번출구 앞,202108,810
서대문구,175. 홍연2교옆,202108,2642
서대문구,176. 명지대학교 도서관,202108,1802
서대문구,177. 북가좌 초등학교,202108,820
서대문구,178. 증산3교 앞,202108,1619
서대문구,179. 가좌역 4번출구 앞,202108,1542
서대문구,180. 충정로역 7번출구 아래,202108,1084
서대문구,188. 홍은동 정원여중 입구,202108,1022
서대문구,191. 서우빌딩(바른학원),202108,1114
서대문구,192. 연서어린이공원,202108,738
서대문구,194. 증산교 앞,202108,2177
서대문구,195. 모래내고가차도,202108,944
서대문구,196. 연희교차로 인근,202108,601
서대문구,198. 충정2교,202108,896
서대문구,3100. 북성초교,202108,459
서대문구,3101. 서대문구청,202108,998
서대문구,3102. 연희삼거리,202108,1132
서대문구,3103. 홍제삼거리 북측,202108,1101
서대문구,3104. e편한세상 신촌4단지 앞,202108,897
서대문구,3105. 홍은센트레빌 아파트 앞,202108,410
서대문구,3107. 연희초등학교 앞,202108,573
서대문구,3109.북한산더? 106동 앞,202108,399
서대문구,3110.홍은 현대아이파크 아파트 202동 앞,202108,968
서대문구,3111.무악재역 4번 출구,202108,246
서대문구,3113.독립문역사거리,202108,806
서대문구,3114.충정로역 3번 출구,202108,326
서대문구,3115.북아현 치안센터 인근,202108,1086
서대문구,3116.신촌역 4번출구,202108,893
서대문구,3117.이화여대 인문관 인근,202108,299
서대문구,3119.연희 브라운스톤 아파트 앞,202108,1956
서대문구,3120.DMC엘가아파트 앞,202108,1315
서대문구,3121.가좌삼거리,202108,1260
서대문구,3122.북가좌삼거리2,202108,785
서대문구,3123.DMC파크뷰자이1단지 110동 앞,202108,801
서대문구,3124.DMC센트럴아이파크아파트,202108,1629
서대문구,3125.연희파크푸르지오아파트 앞,202108,1956
서대문구,3126.남가좌동 제2공영주차장,202108,342
서대문구,3127.홍은2파출소 옆,202108,546
서대문구,3128.동신병원 맞은편,202108,1447
서대문구,3129.DMC래미안e편한세상203동옆,202108,794
서대문구,3130.가재울사거리,202108,1076
서대문구,3131.연가교 교차로,202108,1104
서대문구,3132.홍제교,202108,597
서대문구,3133.핀란드 타워앞,202108,353
서대문구,3134.SK리쳄블(상수도사업본부),202108,471
서대문구,4253. 홍은도담도서관,202108,599
서대문구,4255. 래미안 루센티아 아파트 108동 앞,202108,235
서초구,2201. 본마을 정류소 앞,202108,86
서초구,2202.청계산입구역 1번출구,202108,1282
서초구,2203. 청계산입구역 2번출구,202108,351
서초구,2205. 내곡3단지 어린이공원 앞,202108,650
서초구,2206. 언남초등학교 앞,202108,754
서초구,2207. 내곡파출소 뒤 정자,202108,184
서초구,2210. 반포1동 주민센터 앞,202108,393
서초구,2211. 서초구립반포도서관 앞,202108,1255
서초구,2212.서초현대4차아파트 201동 맞은편,202108,595
서초구,2213. 고속터미널역 5번출구 앞,202108,961
서초구,2214. 신반포역 2번출구 앞,202108,852
서초구,2215. 반포종합운동장 입구,202108,1020
서초구,2217.아크로리버뷰 부지 앞,202108,2736
서초구,"2219. 고속터미널역 8-1번, 8-2번 출구 사이",202108,4900
서초구,2220. 반포본동 주민센터 앞,202108,3670
서초구,2221.하나은행 방배동지점 앞,202108,1252
서초구,2222.사당역 12번출구 뒤,202108,1945
서초구,2223. 방배래미안 정문 앞,202108,511
서초구,2225.백석예술대학교 제3캠퍼스 앞,202108,204
서초구,2226. 신동아럭스빌아파트 앞,202108,269
서초구,2227.방배열린문화센터 앞,202108,819
서초구,2229.로고스교회 맞은 편,202108,838
서초구,2230.이수역 4번 출구,202108,1893
서초구,2231. 삼성타운(삼성생명) A동 맞은편,202108,1455
서초구,2233. 서초신동아1차아파트 옆,202108,620
서초구,2235.KT 서초지사 앞,202108,380
서초구,2237.서울남부터미널 대합실 입구,202108,1060
서초구,2239.교대역 6번출구,202108,690
서초구,2241.양재전화국 사거리,202108,357
서초구,2242.양재역 11번 출구 앞,202108,1042
서초구,2243.서울가정법원,202108,652
서초구,2244.교육개발원입구 교차로,202108,1448
서초구,2245.양재초등학교 맞은편,202108,894
서초구,2246. 서울시 품질시험소 앞,202108,511
서초구,2247.섬들근린공원,202108,1248
서초구,2248. 서초리슈빌S 글로벌 앞,202108,222
서초구,2249. 우솔초등학교 맞은편,202108,215
서초구,2250. 서초유치원 맞은편,202108,800
서초구,2251. 더케이호텔 입구(양재2),202108,963
서초구,2252. 하이브랜드 앞,202108,1644
서초구,2255.시민의숲역 1번출구 옆,202108,2082
서초구,2256.양재동 꽃시장 입구,202108,302
서초구,2257. 하나로클럽 양재점 맞은편,202108,125
서초구,2258.구룡사 삼거리,202108,402
서초구,2259. 잠원역 3번-4번 출구사이,202108,862
서초구,2262. 한신16차아파트 119동 앞,202108,4942
서초구,2263. 바우뫼문화복지회관,202108,579
서초구,2264. 이수역 1번출구,202108,2826
서초구,2265. 이수고가차도 남단,202108,2136
서초구,2266. 서초역 3번출구,202108,1003
서초구,2268. 서초4동주민센터,202108,642
서초구,2269. 주홍교 하부,202108,407
서초구,2270. 서초포레스타 7단지,202108,367
서초구,2271. 내방역 8번출구 앞,202108,960
서초구,2272. 교대입구 교차로,202108,437
서초구,2273. 일동제약 사거리,202108,866
서초구,2274. 양재시민의숲역 3번출구,202108,1071
서초구,2275. 염곡치안센터 건너편,202108,79
서초구,2276. 영동1교 (양재천근린공원),202108,1206
서초구,2277. 길마중4교 하부,202108,1131
서초구,2279. 교대역 5번출구뒤,202108,1511
서초구,2280. 서울서초고용센터앞,202108,506
서초구,2281. 연세사랑병원신관앞,202108,460
서초구,2282. 방배래미안아트힐 101동앞,202108,311
서초구,2283. 그룹한빌딩옆,202108,314
서초구,2284. CJ오쇼핑앞,202108,271
서초구,2285. LH서초3단지 301동 맞은편,202108,487
서초구,2286. 탑성마을입구,202108,42
서초구,2287. 능안마을입구,202108,40
서초구,2288. 안골마을입구,202108,62
서초구,2289. 남태령역 2번출구,202108,151
서초구,2293. SPC 앞,202108,700
서초구,2294. 두상빌딩 앞,202108,1297
서초구,2297. 남부터미널역 1번출구,202108,657
서초구,2298. 래미안서초스위트앞,202108,498
서초구,2299. 한전아트센터 앞,202108,887
서초구,2501. 서초 포레스타5단지,202108,806
서초구,2502. 서초역1번출구 앞,202108,519
서초구,2503. 반포1동 서초빌딩 앞,202108,979
서초구,2504. 신사역 4번출구 뒤,202108,1010
서초구,2505. 우성아파트사거리 (기업은행앞),202108,1476
서초구,2506. LG유플러스 (방배사옥),202108,177
서초구,2508. 양재이스타빌 앞,202108,1390
서초구,2509. 심산기념문화센터,202108,335
서초구,2510. JW타워,202108,266
서초구,2511. 이수역 6번출구 앞,202108,1133
서초구,2514.사평역 2번출구,202108,567
서초구,2515.서초초등학교 후문,202108,922
서초구,2516.본마을 노인복지센터 앞,202108,437
서초구,2517.서초3교(효령로69길 방면),202108,277
서초구,2518.서초3교(효령로70길 방면),202108,663
서초구,2519.서초2교(사임당로 방면),202108,230
서초구,2520.서초1교 (진흥아파트 방면),202108,622
서초구,2521.서초 크로바타워 앞,202108,688
서초구,2523.뉴코아 킴스클럽 앞,202108,1214
서초구,2524.반포쇼핑타운 8동 앞,202108,890
서초구,2525.반포쇼핑타운 2동 앞,202108,2914
서초구,2526.반포경남쇼핑 앞,202108,482
서초구,2527.반포중학교 앞(세화여고 맞은편),202108,574
서초구,2528.함지박 사거리,202108,858
서초구,2529.우리은행 방배동지점 앞,202108,961
서초구,2530.삼호3차아파트 앞,202108,1505
서초구,2531.멤피스아파트 앞,202108,1175
서초구,2532.국립국악원 앞,202108,209
서초구,2533.한가람미술관 앞,202108,337
서초구,2534.신흥교(애견훈련소),202108,19
서초구,2535.신반포역 3번출구 뒤,202108,382
서초구,2536.서초종합체육관 입구,202108,20
서초구,2537.양재역 8번출구 앞,202108,652
서초구,2538.사평리 공원,202108,1105
서초구,2539.대한무역투자진흥공사 KOTRA 앞,202108,342
서초구,2540.반포천 앞,202108,1115
서초구,2541.옛골 입구,202108,107
서초구,2542.신논현타워 앞,202108,953
서초구,2545.국립중앙도서관(국제회의장옆),202108,355
서초구,2547.포드서초서비스센터앞,202108,528
서초구,2548.반포1동 자율방범초소 옆,202108,346
서초구,2549.LH 서초 4단지 403동,202108,489
서초구,2550.양재동 꽃시장 건너편,202108,657
서초구,4303. 매헌역 2번출구앞광역버스 정류장앞(22-297),202108,712
서초구,4304. 서울고앞,202108,458
서초구,4305. 서일스포츠센터,202108,176
서초구,4306. 서래공원 앞,202108,735
서초구,4307. 고투몰 gate 15옆,202108,628
서초구,4309. 서초케이타운앞,202108,209
서초구,4310. 염곡동(염통골) 입구,202108,126
서초구,4312. 반포미도2차아파트 옆,202108,351
서초구,4313. 반포종합운동장,202108,560
서초구,4314. 탑성마을 버스정거장 옆,202108,32
서초구,4315. 이투스교육 앞,202108,230
서초구,4316. 고속터미널역 3번출구,202108,553
서초구,4317. 양재근린공원,202108,1132
서초구,4318. 방배역 2번 출구,202108,699
서초구,4319. 삼성전자R&D어린이집 뒤,202108,140
서초구,4320. 신영체르니 아파트,202108,434
서초구,4322.서울추모공원 입구,202108,40
서초구,4323. 내곡도서관,202108,28
성동구,3511. 응봉역 1번출구,202108,5619
성동구,3513. 상왕십리역 1번출구,202108,1653
성동구,3514. 왕십리교회옆,202108,2767
성동구,3515. 서울숲 관리사무소,202108,3520
성동구,3525. 금호스포츠센터앞,202108,1047
성동구,3527. 왕십리 자이아파트,202108,68
성동구,3530. 왕십리자이아파트 후문(삼거리),202108,239
성동구,3531. 논골사거리(금호도서관 입구),202108,226
성동구,3532. 왕십리KCC스위첸아파트,202108,157
성동구,3538. 서울숲 IT캐슬,202108,68
성동구,3544.한양대역 3번 출구,202108,1254
성동구,3545.한양대역 1번출구,202108,659
성동구,3547.상왕십리역 6번 출입구,202108,452
성동구,3548.뚝섬역 6번출구,202108,1736
성동구,3549.건영아파트 앞,202108,1568
성동구,3550.금호나들목,202108,1693
성동구,3551.성동도로사업소,202108,417
성동구,3552.서울숲 공영주차장앞,202108,1563
성동구,3553.마장역3번출구,202108,604
성동구,3555.양지사거리(센트라스APT 115동앞),202108,489
성동구,3556.신금호파크자이APT앞,202108,194
성동구,3557.서울숲리버뷰자이APT105동 앞,202108,743
성동구,3558.마장동 금호어울림APT앞,202108,583
성동구,3559.성동구민종합체육센터 앞,202108,2528
성동구,3560.성동구 견인차량 보관소 앞,202108,1177
성동구,3561.행당동 삼부APT후문,202108,167
성동구,3600.사근빗물펌프장 건너편,202108,3077
성동구,4353. 코오롱디지털타워 3차앞,202108,1829
성동구,4360. 르노삼성자동차 성수사업소 앞,202108,516
성동구,4362. 행당중학교 후문,202108,885
성동구,4363. 신금호역 2번출구 앞,202108,94
성동구,4367. kt 행당빌딩 앞,202108,752
성동구,4370. 서울숲IT캐슬 앞,202108,1405
성동구,506. 금호 어울림 아파트 앞,202108,679
성동구,507. 성수아이에스비즈타워 앞,202108,1466
성동구,508. 성수아카데미타워 앞,202108,1776
성동구,509. 이마트 버스정류소 옆,202108,3926
성동구,510. 서울숲 남문 버스정류소 옆,202108,1593
성동구,511. 서울숲역 4번 출구 옆,202108,1709
성동구,512. 뚝섬역 1번 출구 옆,202108,2600
성동구,513. 뚝섬역 5번 출구 정류소 옆,202108,1239
성동구,514. 성수사거리 버스정류장 앞,202108,2197
성동구,518. 청계천 박물관 앞,202108,764
성동구,519. 양지사거리,202108,915
성동구,520. 상왕십리역 4번 출구 앞,202108,714
성동구,521. 왕십리역 11번 출구 앞,202108,1684
성동구,522. 금호역 1번출구 앞,202108,295
성동구,523. 옥수동성당 옆,202108,136
성동구,524. 래미안금호하이리버 아파트 102동 옆,202108,506
성동구,525. 한양대병원사거리,202108,1627
성동구,526. 용답토속공원 앞,202108,407
성동구,529. 장한평역 8번 출구 앞,202108,584
성동구,530. 청계벽산아파트 앞,202108,1536
성동구,533. 우리은행 금호동 지점 앞,202108,433
성동구,534. 금호사거리,202108,337
성동구,535. 응봉삼거리,202108,704
성동구,536. 행당역 2번출구 앞,202108,935
성동구,537. 한양대후문역 부근,202108,1498
성동구,538. 답십리역 8번출구 앞,202108,1078
성동구,550. 서울시설공단 앞,202108,1303
성동구,556. 달맞이공원,202108,123
성동구,557. 도선동 주민센터 앞,202108,1432
성동구,558. 성동광진 교육지원청 앞,202108,1437
성동구,559. 왕십리역 4번 출구 건너편,202108,2364
성동구,560. 비전교회 앞,202108,2023
성동구,561. 서울숲역 2번출구 앞,202108,1975
성동구,562. 군자지하보도 앞,202108,953
성동구,563. 성동세무서 건너편,202108,2208
성동구,564. 금호역 3번출구,202108,138
성동구,565. 옥수역 3번출구,202108,6955
성동구,567. 성수역 2번출구 앞,202108,3669
성동구,568. 청계8가사거리 부근,202108,3824
성동구,569. 응봉현대아파트 정류소,202108,302
성동구,578. 성동세무서 부근,202108,1397
성동구,579. 마장역 4번출구,202108,1259
성동구,581. 용답초등학교,202108,1694
성동구,582. 경일중학교 앞,202108,1829
성동구,583. 청계천 생태교실 앞,202108,8578
성동구,585. 성수2가1동 공영주차장 인근,202108,4038
성동구,586. 마장동 주민센터,202108,857
성동구,587. 유니베라 앞,202108,1995
성동구,589. 성수역3번출구,202108,3971
성동구,594. 중랑물재생센터(서울새활용플라자),202108,695
성동구,9980. 에이텍,202108,18
성북구,1302. 한성대입구역6번출구 뒤,202108,789
성북구,1303. 돈암초교 입구,202108,1143
성북구,1304. 만해공원,202108,419
성북구,1305. 성북구청,202108,1287
성북구,1306. 한성대입구역2번출구,202108,2431
성북구,1308. 안암로터리 버스정류장 앞,202108,5047
성북구,1314. 정릉꿈에그린1단지 201동 앞,202108,492
성북구,1315. 고려사대부속중고 정문,202108,442
성북구,1316. 고려사대부속중고 건너편,202108,480
성북구,1318. 길음역 3번출구 뒤,202108,1536
성북구,1319. 종암사거리 분수대,202108,2085
성북구,1320. LG베스트샵 종암점,202108,2208
성북구,1321. 국민은행 종암동지점 앞,202108,2547
성북구,1322. 래미안라센트아파트 103동 앞,202108,1331
성북구,1323. 월곡역 입구 육교 밑,202108,471
성북구,1325. 상월곡역 4번출구,202108,712
성북구,1326. 상월곡역 1번출구,202108,985
성북구,1327. 상월곡역 3번출구,202108,1445
성북구,1328. 월곡역 3번출구,202108,2476
성북구,1332. 석계역 5번출구 건너편,202108,2313
성북구,1333. 석관초등학교 앞,202108,1529
성북구,1334. 석관동주민센터 앞,202108,1220
성북구,1336. 성북3교 위,202108,2071
성북구,1337. 돈암성당 옆,202108,2446
성북구,1338. 용문2교 옆,202108,1582
성북구,1339. 삼성전자서비스 성북센터,202108,1128
성북구,1340. 광운초등학교 앞,202108,633
성북구,1342. 성북쉼터 앞,202108,292
성북구,1343. 한성대7번출구 앞,202108,953
성북구,1344. 아리랑시네센터 앞,202108,638
성북구,1346. 길음8골어린이공원 옆,202108,978
성북구,1347. 길음래미안아파트817동 상가 앞,202108,500
성북구,1348. 성북제일새마을금고 본점 앞,202108,812
성북구,1349. 월계2교 버스정류장 앞,202108,1007
성북구,1351. 안암2교 옆,202108,2656
성북구,1352. e 편한세상 보문아파트 내,202108,152
성북구,1353. 금호어울림센터힐 내,202108,331
성북구,1354. 고려대학교 2번출구,202108,1976
성북구,1355. 보문2교,202108,3854
성북구,1357. 북한산보국문역,202108,473
성북구,1358. 정릉도서관 앞,202108,873
성북구,1359. 장위뉴타운 꿈에 숲 코오롱 하늘채 앞,202108,1875
성북구,1360. 정릉역,202108,818
성북구,1361. 홍익중고 입구,202108,1295
성북구,1362. 보문역6번출구 앞,202108,1837
성북구,1363. 보문4교 인근,202108,2964
성북구,1364. 성북동 치안센터 앞,202108,987
성북구,1365. 선잠단지 앞,202108,341
성북구,1366. 일신초등학교 옆,202108,359
성북구,1367. 길음문화복합미디어센터,202108,372
성북구,1368. 성신여대입구 교차로,202108,1230
성북구,1369. 미아사거리,202108,1733
성북구,1370. 복자사랑 피정의 집,202108,404
성북구,1372. KEB은행 고대점,202108,1807
성북구,1373. 성북구보건소 건너편,202108,1039
성북구,1375. 생명의 전화 종합복지관 앞 교차로,202108,1503
성북구,1376. 한국과학기술연구원 중문,202108,244
성북구,1377. 한국과학기술연구원 북문,202108,295
성북구,1379.길음뉴타운푸르지오아파트 3단지,202108,159
성북구,1380.월곡역 5번출구 앞,202108,2377
성북구,1381.석계역 4번출구 뒤,202108,2081
성북구,1382.래미안월곡아파트 입구,202108,1211
성북구,1384.성신여대입구역 5번출구,202108,2088
성북구,1385.성신여대입구역 3번출구 앞,202108,1528
성북구,1386.동선고가차도 초입,202108,709
성북구,1388.커핀그루나루,202108,856
성북구,1390.석관래미안아트리치,202108,1707
성북구,1391.성북청소년센터,202108,625
성북구,1392.돈암삼성풍림아파트,202108,99
성북구,1393.돈암육교 하단,202108,173
성북구,1394.길음뉴타운 래미안9단지,202108,967
성북구,1395.래미안장위포레카운티(102동),202108,996
성북구,1396.래미안장위퍼스트하이(513동),202108,1322
성북구,4406. 장곡초등학교 앞,202108,936
성북구,4408. 돌곶이역 앞,202108,1358
성북구,4411. 동산어린이공원 앞,202108,30
송파구,1201. 가락시장역 3번 출구,202108,2010
송파구,1203. 밀리아나2빌딩 앞,202108,2206
송파구,1204. 거여역 3번출구,202108,1513
송파구,1205. 종합운동장역 4번출구,202108,1279
송파구,1206. 9호선종합운동장역 9번출구,202108,1073
송파구,1207. 마천CU우방점 앞,202108,894
송파구,1208. 풍납현대아파트쉼터,202108,1655
송파구,1209. 잠실나루역 (2번 출구 쪽),202108,2839
송파구,1210. 롯데월드타워(잠실역2번출구 쪽),202108,7729
송파구,1211. 방이삼거리,202108,4154
송파구,1212. 송파역 2번 출구앞,202108,1601
송파구,1213. 백토공원 앞,202108,452
송파구,1214. 오금역 7번 출구 인근,202108,1218
송파구,1215. 올림픽공원역 1번출구 앞,202108,1803
송파구,1217. 송파파인타운 7단지,202108,762
송파구,1218. 방이역 4번출구,202108,2529
송파구,1220. 잠실본동주민센터뒤 잠실근린공원,202108,2519
송파구,1221. 삼전사거리 포스코더샵,202108,2518
송파구,1222. 잠실새내역 5번 출구 뒤,202108,3626
송파구,1224. 아시아지하보도 2번 출구,202108,1579
송파구,1226. 잠실4동 주민센터 옆,202108,1546
송파구,1227. 거여역 8번출구 뒤,202108,1438
송파구,1228. 마천사거리,202108,1026
송파구,1229. 송파체육문화회관 앞,202108,1023
송파구,1230. 송파중학교 정문,202108,981
송파구,1231. 잠실역 6번출구,202108,2604
송파구,1232. 롯데마트 주차장 옆,202108,2357
송파구,1233. 잠실3거리(갤러리아팰리스),202108,1133
송파구,1235. 잠실트리지움310동 옆,202108,1790
송파구,1239. 문정 법조단지3,202108,474
송파구,1240. 문정 법조단지4,202108,871
송파구,1241. 문정 법조단지5,202108,335
송파구,1242. 문정 법조단지6,202108,178
송파구,1243. 문정 법조단지7,202108,2264
송파구,1244. 문정 법조단지8,202108,2738
송파구,1245. 문정 법조단지9,202108,1588
송파구,1246. 문정 법조단지10,202108,1863
송파구,1247. 문정 법조단지11,202108,1044
송파구,1248. 방이초등학교,202108,2301
송파구,1249. 아주중학교건너편,202108,1420
송파구,1250.문정2동 주민센터,202108,632
송파구,1251. 석촌역 2번출구,202108,2202
송파구,1253. 오금역 3번 출구 뒤,202108,728
송파구,1256. 문정현대아파트 교차로,202108,914
송파구,1257. 가락시장역 롯데마트앞,202108,936
송파구,1258. 가락미륭아파트 앞,202108,593
송파구,1259. 방이역 1번출구,202108,1676
송파구,1260. 방이동 한양3차아파트 옆,202108,1149
송파구,1262. 송파여성문화회관 앞,202108,2126
송파구,1263. 장지공영차고지,202108,412
송파구,1264. 천호역 10번 출구 앞,202108,2936
송파구,1265. 문정동 근린공원,202108,1347
송파구,1266. 문정동 글샘 공원,202108,699
송파구,1267. 올림픽공원 남2문 앞,202108,1266
송파구,1268. 몽촌토성역 1번출구 옆,202108,4385
송파구,1269. 리센츠아파트,202108,1825
송파구,1271. 송파도서관,202108,1446
송파구,1274. 영파여고 앞,202108,1169
송파구,1275. 거여초등학교 옆,202108,616
송파구,1277. 오금동 송파 참병원,202108,1224
송파구,1278. 송파구청 교차로,202108,2434
송파구,1279. 마천금호어울림 1차아파트 건너편,202108,459
송파구,1280. 송파파크데일 2단지입구 앞 주차장,202108,676
송파구,1282. 송파소방서 맞은편(성내4교),202108,2054
송파구,1283. 오금공원 사거리,202108,159
송파구,1285. 위례별 유치원 뒤,202108,500
송파구,1286. 위례중앙푸르지오 1단지 앞,202108,1062
송파구,1287. 위례아이파크 101동 맞은편,202108,483
송파구,1288. 문정중교 사거리,202108,1091
송파구,1289. 풍납동 자전거보관소,202108,425
송파구,1290. 위례송파꿈에그린아파트24단지 앞 성벽 다리 밑,202108,377
송파구,1291. 서울체육고등학교 앞,202108,319
송파구,1293. 석촌호교차로 (스타벅스 앞),202108,2997
송파구,1295. 잠실역 8번출구,202108,3691
송파구,1296. 석촌호수교차로 (송파나루근린공원 앞),202108,733
송파구,1297. 석촌호수교차로(동호 팔각정 앞),202108,1939
송파구,1299. 송파소방서 (방이119안전센터),202108,825
송파구,1300. 오륜사거리,202108,800
송파구,2601. 석촌호수 아뜰리에,202108,2359
송파구,2603. 송파 글마루 도서관,202108,601
송파구,2604. 삼표레미콘 앞,202108,1293
송파구,2605. 복정역 1번 출구 앞,202108,461
송파구,2606. 위례동주민센터 맞은편 근린공원,202108,1619
송파구,2607. 복정역 2번출구 후문 (장지치안센터),202108,833
송파구,2608. 송파구청,202108,1860
송파구,2609. 보성중고등학교 후문 앞,202108,175
송파구,2610. 송리단길,202108,2745
송파구,2611. 송파지역자활센터 뒤,202108,2313
송파구,2612. 문정·가락 대여소 앞,202108,91
송파구,2613. 잠실나들목,202108,3912
송파구,2614. 가락고등학교 앞,202108,503
송파구,2615. 테라타워2,202108,1822
송파구,2616. 거여동 사거리,202108,642
송파구,2617. 가락삼환아파트 앞,202108,1186
송파구,2618. 삼전역 1번출구,202108,1934
송파구,2619. 석촌고분역 4번출구,202108,2592
송파구,2620. 송파나루역 4번 출구옆,202108,4668
송파구,2621. 한성백제역 2번 출구,202108,3050
송파구,2622. 올림픽공원역 3번출구,202108,5915
송파구,2623.석촌동 주민센터,202108,2636
송파구,2625.가락1동 주민센터,202108,580
송파구,"2626.경찰병원역 1,2번 출구 사이",202108,754
송파구,2627.문정시영아파트 5동 앞 공원,202108,819
송파구,2628.문정역 1번출구,202108,2261
송파구,2629.문정동 힐스데이트 에코 송파,202108,2654
송파구,2630.서울방이동 고분군,202108,1714
송파구,2631.배명고등학교,202108,1131
송파구,2632.석촌고분역 2번 출구,202108,2623
송파구,2633.송파학사 옆,202108,1338
송파구,2634.위례포레샤인아파트 2318동,202108,501
송파구,2635.잠실새내역 1번출구,202108,1812
송파구,2637.잠실월드 메르디앙,202108,2085
송파구,2638.쌍용아파트,202108,1741
송파구,2639.석촌역 8번출구,202108,2965
송파구,2641.송파역 4번출구,202108,3121
송파구,2642.마천동 성내천 쉼터,202108,1119
송파구,2643.풍납중학교 측면,202108,441
송파구,2644.성내5교 (GS주유소),202108,1356
송파구,2645.잠실나들목2(엘스아파트136동),202108,555
송파구,2646.레이크펠리스101동앞,202108,2664
송파구,2647.잠실 자전거 수리센터 앞,202108,2004
송파구,2648.헬리오시티 112동 앞,202108,1596
송파구,2649.오금공원사거리2,202108,283
송파구,2650.위례22단지 2208동 다리앞,202108,406
송파구,2651.경찰병원역 3번출구 앞,202108,1339
송파구,2652.송파 레미니스1단지 102동 앞,202108,956
송파구,2653.올림픽공원사거리(선수촌아파트),202108,1772
송파구,2654.올림픽선수촌아파트 136동 앞,202108,794
송파구,2655.송이공원,202108,555
송파구,2656.풍납동 아이파크 107동 앞,202108,997
송파구,2657.송파 파인타운 11단지,202108,644
송파구,2658.가락몰 업무동,202108,1329
송파구,2659.서울친환경유통센터,202108,186
송파구,4452. 삼성SDS,202108,2249
송파구,4453. 위례중앙푸르지오 201동 앞,202108,1524
송파구,4454. 위례 포레샤인 1809동 부근,202108,928
송파구,4456. 위례포레샤인 2310동 부근,202108,828
송파구,4457. 아산병원 기숙사 부근,202108,2160
송파구,4458. 서울힐링요양병원 앞,202108,459
송파구,4460. 올림픽훼미리아파트 112동 앞,202108,1088
송파구,4461. 한양3차아파트 3동 앞,202108,342
송파구,4462. 가락중학교 앞,202108,652
송파구,4463. 방이역 2번 출구,202108,725
송파구,4464. 올림픽공원 북2문,202108,1516
송파구,4465. 건영아파트앞 사거리,202108,1541
송파구,4467. 한림연예예술고등학교,202108,772
송파구,4468. 가락1동 주민센터 2,202108,1035
송파구,4469. 거여동 어울림아파트 102동앞,202108,581
송파구,4472. 송파파크데일 1단지 115동 건너편,202108,656
송파구,4473. 마천금호어울림 1차 102동앞,202108,320
송파구,4474. 가락현대 1차 11동 앞,202108,377
송파구,4475. 송파파인타운 4단지 403동,202108,346
송파구,4478. 문정근린공원2,202108,860
송파구,4479. 문정중학교,202108,229
송파구,4480. 가락시장역 롯데마트2,202108,862
송파구,4481. 올림픽공원 북2문 2,202108,2239
송파구,4483. 잠실나들목4,202108,2876
송파구,4484. 잠실나루역4번출구뒤,202108,1580
송파구,4485. 잠실나루역 고가하부,202108,305
송파구,4486. 홈플러스 잠실점,202108,1573
송파구,4488. 문현중.고등학교 사이,202108,185
송파구,4490. 송파파인타운 10단지 1005동,202108,360
송파구,4491. 장지역 1번출구,202108,1002
송파구,4493. 마천사거리 2,202108,557
송파구,4496. 잠실 파크리오 120동 앞,202108,1119
송파구,4497. 아시아선수촌아파트 교차로,202108,765
송파구,4499. 세양청마루 101동 앞,202108,846
송파구,4500. 풍납나들목,202108,1050
송파구,4852. 서울복합물류 게이트 1,202108,1021
송파구,4853. 송파 안전체험교육관,202108,66
송파구,4854. 가락시장역 2번 출구,202108,1001
송파구,4855. 거여5단지 503동 앞,202108,829
송파구,4856. 올림픽공원 서1문 앞,202108,792
송파구,4857. 올림픽공원 장미광장,202108,502
송파구,4859. 잠실나루 나들목,202108,1763
송파구,4860. 가락쌍용2차아파트 103동,202108,845
송파구,4861. 거여삼거리,202108,564
송파구,4862. 올림픽파크텔 맞은편,202108,466
송파구,4863. 잠실나들목5,202108,511
송파구,4864. 송파사거리,202108,2280
송파구,4865. 한성백제역 1번출구 뒤,202108,3391
송파구,4867. 가락대림아파트 앞,202108,791
송파구,4868. 레이크 호텔 앞,202108,1976
송파구,4869. 잠실나들목6,202108,1175
송파구,4870. 몽촌토성역 3번 출구,202108,997
송파구,4871. 오금동 대림아파트 정문,202108,2
송파구,4872. 개롱역 3번 출구 뒤,202108,376
양천구,4507. 삼성전자서비스 신정센터,202108,901
양천구,4508. 유원목동아파트 앞,202108,2149
양천구,4509. 서울영상고교 입구,202108,2617
양천구,4510. 신정네거리역 교차로,202108,1421
양천구,4512. 목동13_14단지 사거리,202108,692
양천구,4514. 목동성당 앞,202108,1941
양천구,4515. 동문굿모닝탑,202108,2870
양천구,4516. 신진빌라,202108,370
양천구,4517. 성보하이드로빌딩,202108,1244
양천구,4518. 청기와빌딩,202108,810
양천구,4519. 양원보도육교,202108,176
양천구,4520. 대성유니드아파트,202108,836
양천구,4522. 다이소신곡시장점,202108,1270
양천구,4523. 구립양천어르신요양센터,202108,195
양천구,4526. 목동아파트2단지 222동 앞,202108,1093
양천구,4527. 목동신시가지아파트6단지,202108,1355
양천구,4528. 양천구청역 1번출구,202108,848
양천구,4530. 버거킹 신월점 앞,202108,555
양천구,4531. 목동아파트 613동 앞,202108,2179
양천구,4532. 목동현대아파트 후문 앞,202108,259
양천구,700. KB국민은행 염창역 지점 앞,202108,1656
양천구,701. 목동사거리 부근,202108,1794
양천구,702. 목4동주민센터 옆,202108,1838
양천구,703. 오목교역 7번출구 앞,202108,4418
양천구,704. 남부법원검찰청 교차로,202108,3002
양천구,706. 신정네거리역,202108,920
양천구,707. 신정3동주민센터,202108,1002
양천구,708. 서울출입국관리사무소 앞,202108,3229
양천구,709. 신정3동 현장민원실 앞,202108,982
양천구,710. 금옥여고보도육교,202108,384
양천구,711. 신일해피트리아파트 앞,202108,1375
양천구,712. 강월초교입구 사거리,202108,764
양천구,713. 양서중학교 옆,202108,781
양천구,714. 한국SGI 양천문화회관 앞,202108,688
양천구,716.신정6동 주민센터 인근,202108,1523
양천구,719. 홍익병원앞 교차로,202108,2160
양천구,720. 서울강월초등학교 앞,202108,804
양천구,722. LG전자베스트샵 신정점,202108,1761
양천구,723. SBS방송국,202108,2131
양천구,724. 계남공원 입구 주출입구 좌측,202108,382
양천구,725. 양강중학교앞 교차로,202108,782
양천구,726. 목동3단지 시내버스정류장,202108,3145
양천구,729. 서부식자재마트 건너편,202108,2439
양천구,731. 서울시 도로환경관리센터,202108,1878
양천구,732. 신월동 이마트,202108,974
양천구,733. 신정이펜하우스314동,202108,653
양천구,734. 신트리공원 입구,202108,2234
양천구,735. 영도초등학교,202108,2858
양천구,736. 오솔길공원,202108,1110
양천구,737. 장수공원,202108,1133
양천구,739. 신월사거리,202108,1297
양천구,740. 으뜸공원,202108,1323
양천구,741. 화곡로 입구 교차로,202108,455
양천구,742. 등촌역 5번 출구 뒤,202108,988
양천구,743. 현대6차아파트 101동 옆,202108,810
양천구,744. 신목동역 2번 출구,202108,2612
양천구,745. 강서초등학교,202108,812
양천구,746. 목동2단지 상가,202108,3325
양천구,747. 목동3단지 상가,202108,1579
양천구,748. 목동운동장,202108,635
양천구,749. 이대 목동병원 앞,202108,1073
양천구,750. 연의근린공원 건너편,202108,867
양천구,752. 성원2차 아파트,202108,1075
양천구,754. 목동1단지아파트 118동 앞,202108,2024
양천구,755. 목동1단지아파트 상가 앞,202108,2634
양천구,756. 목동주차장,202108,1601
양천구,757. 신정이펜하우스 1단지아파트 입구 사거리,202108,573
양천구,758. 한사랑교회 앞,202108,1510
양천구,759. 보아스아파트 앞,202108,969
양천구,760. 잣절보도육교 아래,202108,541
양천구,762. 오목로 무중력지대 앞,202108,1181
양천구,763. 목동11단지 아파트,202108,1613
양천구,764. 목동청소년수련관,202108,2783
양천구,765. 오목교역 3번출구,202108,5192
양천구,766. 신목동역 3번출구,202108,2686
양천구,767.신정숲속마을아파트,202108,413
양천구,768.목동5단지아파트 501동,202108,1632
양천구,769.CBS방송국 앞,202108,3972
양천구,770.목동역5번출구 교통정보센터 앞,202108,6090
양천구,771.목동아파트 703동 앞,202108,2440
양천구,"773.염창역 3, 4번 출구 사이",202108,1999
양천구,774.등촌역 4번 출구,202108,1185
양천구,775.세종그랑시아 앞(102동),202108,964
양천구,776.목마공원,202108,598
양천구,777.신월6차보람아파트 앞,202108,951
양천구,779. 신정1동 주민센터 앞,202108,2403
양천구,780.신정교 하부,202108,3585
양천구,781.신정보도육교 아래,202108,2745
양천구,782.서남병원 후문,202108,749
양천구,"785.양천구청, 보건소 사잇길",202108,4238
양천구,786.목동아파트 8단지 상가동 앞,202108,2139
양천구,787.양천아파트 입구,202108,2710
양천구,788.양천구청역 2번출구 옆,202108,2340
양천구,790.화곡고가 사거리,202108,889
양천구,791.현대하이페리온,202108,2662
양천구,792.목동트라팰리스 웨스턴에비뉴,202108,4236
양천구,793.목동5단지아파트 534동,202108,1945
양천구,794.양천문화회관,202108,2131
양천구,795.양천 해누리타운,202108,2232
양천구,796.목동아파트 14단지 B상가 앞,202108,1651
양천구,797.목동아파트 1422동 1434동 사잇길,202108,2852
영등포구,200. 국회의원회관,202108,277
영등포구,201. 진미파라곤 앞,202108,1705
영등포구,202. 국민일보 앞,202108,4265
영등포구,203. 국회의사당역 3번출구 옆,202108,1743
영등포구,204. 국회의사당역 5번출구 옆,202108,1264
영등포구,205. 산업은행 앞,202108,1926
영등포구,206. KBS 앞,202108,2506
영등포구,207. 여의나루역 1번출구 앞,202108,13615
영등포구,209. 유진투자증권빌딩 앞,202108,2169
영등포구,210. IFC몰,202108,5927
영등포구,211. 여의도역 4번출구 옆,202108,3256
영등포구,212. 여의도역 1번출구 옆,202108,1341
영등포구,213. KT앞,202108,2304
영등포구,214. 금융감독원 앞,202108,1517
영등포구,215. 여의도고교 앞,202108,1628
영등포구,217. NH농협은행 앞,202108,2768
영등포구,219. 롯데캐슬엠파이어 옆,202108,1468
영등포구,220. 미성아파트 A동 앞,202108,1635
영등포구,221. 여의도초교 앞,202108,2233
영등포구,222. 시범아파트버스정류장 옆,202108,2491
영등포구,223. 진주아파트상가 앞,202108,1127
영등포구,224. 롯데캐슬 앞,202108,2265
영등포구,225. 앙카라공원 앞,202108,1697
영등포구,226. 샛강역 1번출구 앞,202108,1918
영등포구,227. 양평2나들목 보행통로 입구,202108,3636
영등포구,228. 선유도역 3번출구 앞,202108,4303
영등포구,229. 양평1 보행육교 앞,202108,2504
영등포구,230. 영등포구청역 1번출구,202108,5913
영등포구,231. 남부고용노동지청 남측,202108,1458
영등포구,232. 양평우림 이비즈센타 앞,202108,2367
영등포구,233. YP 센터 앞,202108,659
영등포구,234. 영등포구민체육센터 앞,202108,1064
영등포구,235. 신길동 우리은행 옆,202108,1007
영등포구,236. 문래동자이아파트 앞,202108,2183
영등포구,238. 제2구민체육센타 앞,202108,971
영등포구,239. 유스호스텔 앞,202108,1339
영등포구,240. 문래역 4번출구 앞,202108,2787
영등포구,241. 신길우성1차아파트 앞 공원,202108,1004
영등포구,242. 신길선원가와인아파트 앞,202108,1214
영등포구,243. 이앤씨드림타워 앞,202108,2728
영등포구,244. 영등포삼환아파트 앞,202108,1981
영등포구,245. 삼성생명 당산사옥 앞,202108,2650
영등포구,247. 당산역 10번출구 앞,202108,6868
영등포구,248. 초원아파트 앞,202108,1873
영등포구,249. 여의도중학교 옆,202108,3077
영등포구,250. 대림아파트 사거리,202108,965
영등포구,251. 서울지방병무청 버스정류장,202108,872
영등포구,252. 보라매역4번출구,202108,1676
영등포구,253. 신풍역 5번출구 인근,202108,871
영등포구,254. 도림신협 앞,202108,1210
영등포구,255. 도림사거리,202108,1728
영등포구,256. 동아에코빌입구,202108,1304
영등포구,257. 신길삼거리(우리은행),202108,2384
영등포구,258. 신길역3번출구,202108,1690
영등포구,259. 대방역6번출구,202108,3652
영등포구,260. 여의도 마리나선착장 앞,202108,953
영등포구,262. 영문초등학교 사거리,202108,3691
영등포구,263. 근로자회관 사거리,202108,3263
영등포구,264. 교보생명보험 앞,202108,1408
영등포구,265. 영등포유통상가 사거리,202108,1579
영등포구,266. 영등포청과시장 사거리,202108,1420
영등포구,267. 삼성화재 사옥 옆,202108,1928
영등포구,268. 그랜드컨벤션센터 앞,202108,2133
영등포구,270. 증권거래소후문교차로,202108,1229
영등포구,271. 샛강생태공원방문자센터 앞,202108,716
영등포구,272. 당산육갑문,202108,6977
영등포구,274. 영등포역지하쇼핑센타 5번출구,202108,4713
영등포구,275. 신동아아파트,202108,3258
영등포구,276. SK 영등포주유소,202108,2915
영등포구,278. 쌍용플레티넘오피스텔,202108,3163
영등포구,279. 영등포 푸르지오 아파트,202108,2108
영등포구,280. 양평동6차현대아파트 앞,202108,2477
영등포구,281. 신동아아파트 앞,202108,1361
영등포구,282. 신한은행,202108,700
영등포구,283. 아크로타워 스퀘어(영등포시장),202108,3210
영등포구,284. 센트럴 푸르지오 시티 앞,202108,2364
영등포구,285. 대림3동사거리(하나은행),202108,683
영등포구,286. 우성아파트 교차로,202108,1553
영등포구,287. 영등포전화국사거리 (서강어린이공원),202108,2311
영등포구,288. 쌍용예가(구청별관),202108,1388
영등포구,289. 대림3동사거리,202108,1157
영등포구,290. 당산동 SK V1 빌딩,202108,1995
영등포구,291. 문래동 하이테크 시티,202108,2592
영등포구,292. 영일 어린이공원,202108,1325
영등포구,293. 충북 미래관,202108,3248
영등포구,295.영등포공원 분수대 앞,202108,313
영등포구,296.KT플라자 영등포점,202108,2321
영등포구,297.국회3문,202108,485
영등포구,298.KBS 연구동 건너편,202108,556
영등포구,299.여의도 순복음교회,202108,928
영등포구,3201.당산skv1센터,202108,1301
영등포구,3202.당산롯데캐슬프레스티지,202108,2452
영등포구,3203.도림동배드민턴체육관,202108,765
영등포구,3204.도림고가도로 밑,202108,879
영등포구,3205.문래현대2차,202108,1
영등포구,3206.문래동 주민센터,202108,1211
영등포구,3207.양남사거리1,202108,558
영등포구,3211.신길 래미안 프레비뉴,202108,498
영등포구,3212.신풍역 6번출구,202108,1245
영등포구,3214.영등포 푸르지오,202108,1759
영등포구,3215.강변삼성래미안,202108,1367
영등포구,3219.영등포역 2번출구,202108,2586
영등포구,3220.래미안에스티움 앞 (신풍로),202108,1359
영등포구,3221.서울특별시 남부교육지원청,202108,610
영등포구,4552. 코레일유통본사,202108,933
영등포구,4553. 당산삼성2차아파트,202108,1691
영등포구,4555. 대림우성2차아파트,202108,656
영등포구,4556. 리버뷰신안인스빌1차 후문,202108,1115
영등포구,4557. 리버뷰신안인스빌2차 후문,202108,1244
영등포구,4558. 대영중고 후문,202108,795
영등포구,4559. 신길역 2번출구,202108,2051
영등포구,4560. 양평동성원아파트,202108,732
영등포구,4561. 양평역 1번출구,202108,3421
영등포구,4563. 여의도 은하아파트,202108,678
영등포구,4564. 63스퀘어,202108,1720
영등포구,4565. 영등포 신세계백화점,202108,3386
영등포구,4566. 대림성원상떼빌아파트,202108,1494
영등포구,4567. 한림대학교 강남성심병원 신관,202108,998
영등포구,4568. 영등포로터리,202108,1310
영등포구,4569. 힐스테이트클래시안아파트,202108,839
영등포구,4571. 문래동롯데캐슬아파트,202108,3369
영등포구,4573. 두산위브아파트,202108,399
영등포구,4574. 영등포시장역 포레나영등포,202108,2024
영등포구,4575. 대림동 e편한세상영등포아델포레,202108,1545
영등포구,4576.보라매sk뷰 108동 앞,202108,826
영등포구,4578.보라매sk뷰,202108,599
영등포구,4579. 국회의사당 본관,202108,389
영등포구,4580. 국회3문,202108,337
영등포구,4581. 국회소통관,202108,353
영등포구,4582. 국회도서관,202108,165
영등포구,4583. 의정관,202108,304
영등포구,4584. 국회2문,202108,281
영등포구,4585. 국회6문,202108,276
영등포구,4588.양남사거리2,202108,845
영등포구,4589. KRX한국거래소(1),202108,138
영등포구,4590. KRX한국거래소(2),202108,224
용산구,4602. 숙명여대앞 버스정류소 주변,202108,313
용산구,4603. 한강GS에클라트 건너편 교통섬,202108,696
용산구,4604. 원효로다목적체육관 앞,202108,499
용산구,"4605. 노들섬 다목적홀(동쪽) 숲, 앞",202108,810
용산구,4607. 국립중앙박물관 -용산가족공원 앞,202108,269
용산구,4608. 국립중앙박물관 정문 앞,202108,174
용산구,4609. 파크타워 104동 앞,202108,271
용산구,4610. 한남나인원 105동 앞,202108,525
용산구,4611. 국제루터교회 앞,202108,253
용산구,4612. 한남 준 J.FSS 앞,202108,171
용산구,4613. 서울갤러리아 앞,202108,282
용산구,4615. 크라운호텔앞 버스정류소,202108,861
용산구,4616. 신용산지하차도 앞,202108,577
용산구,4617. 동원베네스트 건너편,202108,148
용산구,4618. 풍전아파트 건너편,202108,575
용산구,4619. 한강트럼프월드3차 앞,202108,1109
용산구,4620. 삼각지역 14번 출구 앞(교통섬),202108,921
용산구,4622. 한강중학교 앞 버스정류장,202108,429
용산구,4623. 라인프랜즈이태원점 앞,202108,619
용산구,4625. 용산공원갤러리앞,202108,302
용산구,4627. 효창공원앞역 5번출구 옆,202108,542
용산구,4629. 한강초교보도육교 앞,202108,1186
용산구,4632. 용산 푸르지오 파크타운 1단지 앞,202108,121
용산구,800. 목월공원 앞,202108,1112
용산구,802. 한강진역 2번 출구 앞,202108,480
용산구,803. 한남초교 앞 보도육교,202108,155
용산구,805. 문배어린이공원 앞,202108,1063
용산구,806. 전자랜드 본관 앞,202108,36
용산구,807. 서울역 12번 출구 앞,202108,971
용산구,808. 서빙고동 금호맨션 앞,202108,334
용산구,809. 한남 유수지 복개주차장,202108,1670
용산구,810. 이태원지하보도,202108,724
용산구,811. 녹사평역1번출구,202108,724
용산구,812. 용산전쟁기념관,202108,329
용산구,813. 삼각지역 3번출구,202108,1022
용산구,815. LIG강촌아파트 103동앞,202108,1833
용산구,816. 신용산역 6번출구 앞,202108,1869
용산구,817. 삼각지역 4번출구 앞,202108,1484
용산구,818. 숙명여대 입구 교차로,202108,1727
용산구,819. 선린인터넷 고등학교,202108,1252
용산구,820. 청파동입구 교차로,202108,1056
용산구,822. 이촌1동 마을공원,202108,450
용산구,823. 효창동주민센터 앞,202108,326
용산구,825. 서빙고동 주민센터 앞,202108,3879
용산구,827. 국군복지단,202108,156
용산구,828. 숙대입구역 8번,202108,1017
용산구,829. 베르가모앞,202108,2519
용산구,830. 청암자이아파트앞,202108,427
용산구,831. 이태원관광특구입구,202108,444
용산구,832. 이촌1동 주민센터 뒤,202108,1430
용산구,834. 효창공원앞역 3번출구 뒤,202108,1531
용산구,835. 남영역 건너편,202108,1081
용산구,836. 현대자동차서비스 앞,202108,1210
용산구,837. 한남나들목 입구,202108,1606
용산구,838. 숙대입구역 4번출구,202108,1535
용산구,839. 보광동 삼성리버빌아파트 앞,202108,1214
용산구,840. 용산 파크타워 앞,202108,648
용산구,841. 신용산역 1번 출구,202108,2019
용산구,843. 녹사평역 광장,202108,861
용산구,844. 이촌2동 동원베네스트 아파트 앞,202108,1003
용산구,845. 용산 선인상가,202108,879
용산구,846. 용산중학교,202108,1103
용산구,847. 국방부민원실옆,202108,415
용산구,848. 삼각지12번 출구,202108,562
용산구,849. 삼각지 자이아파트,202108,1616
용산구,850. KCC용산월츠타워,202108,821
용산구,851.효창 푸르지오 앞,202108,428
용산구,852.청암자이APT(103동),202108,843
용산구,853.용산역 맞은편,202108,4022
용산구,854.HID 유족동지회 앞,202108,248
용산구,855.이촌역5번출구 앞,202108,204
용산구,857. 현대 안성타워,202108,360
용산구,858.녹사평역3번 출구,202108,324
용산구,859.남산공원 야외식물원 앞,202108,59
용산구,860.LG한강 자이아파트 앞,202108,2124
용산구,863.이촌역2번 출구,202108,314
용산구,864.순천향대학병원(한남오거리),202108,833
용산구,865.하얏트호텔 앞,202108,100
용산구,866.브라운스톤 남산아파트,202108,626
용산구,867.서빙고역 광장(1번출구),202108,477
용산구,869.노들섬 동측 앞,202108,512
용산구,870.노들섬 서측 앞,202108,3882
은평구,4652. 신사두산위브2차아파트 앞,202108,1281
은평구,4653. LG 베스트샵 앞,202108,816
은평구,4654. OK부동산 앞,202108,587
은평구,4657. 다이소앞,202108,1328
은평구,4658. 녹번역1번출구앞,202108,544
은평구,4659. 커피데이응암동지점,202108,965
은평구,4663. 삼성디지털은평불광점앞,202108,765
은평구,4665. 김영혜손뜨개 앞,202108,621
은평구,4667. 폭포동입구 교차로,202108,463
은평구,4668. 기자촌사거리,202108,276
은평구,4671. 청구성심병원 앞,202108,783
은평구,4672. 준빌딩 앞,202108,370
은평구,4674. 녹번역e편한세상 캐슬 정문 앞,202108,1226
은평구,4676. 갈현1동 주민센터,202108,662
은평구,4677. 백련산 SK뷰 아이파크 해모로 아파트 앞,202108,827
은평구,900. 은평예술회관,202108,941
은평구,901. 응암1동사무소,202108,859
은평구,902. 진관동 은빛초등학교,202108,500
은평구,903. 은평뉴타운 아이파크,202108,835
은평구,904. 은평뉴타운 푸르지오,202108,770
은평구,905. 구파발역 2번출구,202108,2105
은평구,906. 연신내역 5번출구,202108,3035
은평구,907. CJ 드림시티,202108,4738
은평구,908. 구산역 4번출구,202108,1370
은평구,909. 백련산 힐스테이트 3차,202108,591
은평구,911. 은평평화공원(역촌역4번출구),202108,2525
은평구,912. 응암오거리,202108,2280
은평구,913. 이마트 은평점,202108,3259
은평구,914. 새절역 2번출구,202108,2852
은평구,915. 증산역 4번출구,202108,1698
은평구,916. 평생학습관 앞,202108,1518
은평구,917. 녹번역 4번출구,202108,1131
은평구,919. 서울혁신파크,202108,902
은평구,921. 신도고등학교,202108,324
은평구,922. 연신내역 4번출구,202108,773
은평구,923. 국민은행 연서지점,202108,870
은평구,924. 메뚜기다리,202108,166
은평구,925. 불광역 2번출구,202108,693
은평구,927. 연신내역 3번출구 인근,202108,688
은평구,928. 은평역사한옥박물관,202108,478
은평구,930. 구 서부경찰서 건너편,202108,861
은평구,931. 역촌파출소,202108,3437
은평구,932. 예일여중,202108,1170
은평구,933. LG서비스 역촌점,202108,1889
은평구,934. 신사동 성당,202108,332
은평구,937. 상림마을 롯데캐슬2단지 옆,202108,148
은평구,938. 금암 문화공원,202108,243
은평구,939. 은평구청 교차로,202108,730
은평구,941. 은평뉴타운 도서관,202108,580
은평구,942. 상림마을 생태공원,202108,424
은평구,943. 은평구청 보건소,202108,1979
은평구,945. 기자촌 사거리,202108,257
은평구,946. 독바위역,202108,724
은평구,947. 연신내 선일하이츠빌 정류소,202108,633
은평구,948. 디지털미디어 시티역 4번출구(DMC역),202108,895
은평구,949. 연신내역 1번 출구,202108,1303
은평구,950. 구산역 2번 출구,202108,2027
은평구,952. 서울연신중학교,202108,474
은평구,953. 서울연신초등학교,202108,590
은평구,954. 은평뉴타운구파발9단지,202108,746
은평구,956. 응암시장교차로,202108,2553
은평구,958. 신한은행 응암동 지점 앞,202108,1246
은평구,959. 구파발10단지 인근,202108,437
은평구,960. 구파발역 환승센터,202108,859
은평구,961. 불광역 9번 출구,202108,1446
은평구,962. 은평뉴타운 힐데스하임,202108,1339
은평구,963. 대호프라자아파트,202108,917
은평구,964. 북한산힐스테이트 7차아파트,202108,732
은평구,965. 서울특별시 은평병원,202108,689
은평구,966. 서울혁신파크1,202108,296
은평구,967. 서울혁신파크2,202108,398
은평구,968. 은평뉴타운 상림마을 13단지,202108,265
은평구,969. 은평 지웰테라스,202108,268
은평구,971. 역촌 센트레빌 아파트,202108,507
은평구,972. 수색역,202108,1169
은평구,973.제각말푸르지오 5-1단지 아파트,202108,375
은평구,974.연신초등학교옆 마을마당,202108,159
은평구,975.백련산 힐스테이트상가앞,202108,528
은평구,976.진관고등학교앞,202108,622
은평구,977.신도중학교앞,202108,294
은평구,978.녹번 힐스테이트상가앞,202108,498
은평구,979.원풍빌라앞,202108,634
은평구,982.유니클로 은평점앞,202108,977
은평구,984.상신초등학교앞 버스정류장,202108,1346
은평구,985.은평온누리약국앞,202108,1065
은평구,989.응암 꼬꼬닭치킨호프 앞,202108,1584
은평구,991.흥국사 정류장,202108,145
은평구,992.북한산입구 정류장,202108,352
은평구,993.은평뉴타운 은뜨락아파트앞,202108,707
은평구,994.북한산생태공원입구(교통섬),202108,305
은평구,995.은평다목적체육관,202108,488
은평구,996.응암역2번출구 국민은행 앞,202108,4292
종로구,301. 경복궁역 7번출구 앞,202108,1639
종로구,302. 경복궁역 4번출구 뒤,202108,2775
종로구,303. 광화문역 1번출구 앞,202108,2311
종로구,305. 종로구청 옆,202108,551
종로구,306. 광화문역 7번출구 앞,202108,523
종로구,307. 서울역사박물관 앞,202108,1002
종로구,308. 광화문 S타워 앞,202108,1833
종로구,309. 광화문역 6번출구 옆,202108,1282
종로구,314. 국립현대미술관,202108,1342
종로구,316. 종각역 1번출구 앞,202108,2132
종로구,326. 안국역 5번출구 앞,202108,1608
종로구,327. 낙원상가 옆,202108,1346
종로구,328. 탑골공원 앞,202108,951
종로구,329. 청계2가 사거리 옆,202108,1410
종로구,334. 종로3가역 2번출구 뒤,202108,1442
종로구,335. 종로3가역 15번출구 앞,202108,1085
종로구,337. 창경궁 입구,202108,685
종로구,338. 세운스퀘어 앞,202108,1167
종로구,339. 종로4가 사거리,202108,1179
종로구,340. 혜화동 로터리,202108,1839
종로구,3401.창신두산아파트,202108,212
종로구,3402.이화공영주차장,202108,679
종로구,3403.서울특별시 교육청,202108,200
종로구,3404.서울특별시 중부교육지원청,202108,210
종로구,3405.파크팰리스,202108,1185
종로구,3406.세종로공원,202108,1089
종로구,3407.안국동사거리(신),202108,1716
종로구,3408.종로타워빌딩,202108,1076
종로구,341. 혜화역 3번출구 뒤,202108,1385
종로구,3410.종로3가역 8번출구,202108,2259
종로구,3411.종묘,202108,987
종로구,3412.세운상가,202108,813
종로구,3413.종로플레이스,202108,1827
종로구,3414.종로5가역 4번출구,202108,1050
종로구,3416.동묘앞역 6번출구,202108,1974
종로구,3417.창신3동주민센터,202108,1123
종로구,3418.창신역2번 출구,202108,193
종로구,3419.국립어린이과학관,202108,583
종로구,342. 대학로 마로니에공원,202108,2789
종로구,3420.성균관대입구사거리(맥도날드),202108,1193
종로구,3421.혜화역 1번출구,202108,2252
종로구,3422.성균관대 정문,202108,2076
종로구,3423.현대그룹(본사),202108,985
종로구,3425.광화문 풍림스페이스본 1단지앞,202108,699
종로구,3426.독립문역 2번출구 뒤,202108,360
종로구,3427.인왕산 아이파크 정문,202108,327
종로구,3428.서울미술관,202108,234
종로구,3429.AW컨벤션앞,202108,217
종로구,343. 예일빌딩(율곡로) 앞,202108,816
종로구,3430.구기치안센터 앞,202108,183
종로구,3431.로제우스 레포츠센터,202108,268
종로구,3432.종로2가 사거리,202108,1461
종로구,344. 성균관대 E하우스 앞,202108,1032
종로구,345. 서울보증보험본사 앞,202108,1079
종로구,348. 독립문역 사거리,202108,1104
종로구,349. 사직동주민센터,202108,902
종로구,351. 청운초교 앞 삼거리,202108,812
종로구,352. 중앙고입구 삼거리,202108,406
종로구,353. 재동초교 앞 삼거리,202108,1102
종로구,354. 포르투갈 대사관 앞,202108,1107
종로구,355. 서울사대부속초교 앞,202108,1226
종로구,356. KT혜화지사 앞,202108,1119
종로구,358. 성대입구 사거리,202108,1243
종로구,359. 원남동사거리,202108,1053
종로구,361. 동묘앞역 1번출구 뒤,202108,3535
종로구,362. 청계8가 사거리,202108,2441
종로구,363. 신설동역 11번출구 뒤,202108,1986
종로구,364. 창신역 1번출구 앞,202108,584
종로구,367. 독립문역 3-1번출구,202108,1473
종로구,368. SK 서린빌딩 앞,202108,1491
종로구,369. 광화문 시민열린마당,202108,1619
종로구,385. 종각역 5번출구,202108,1543
종로구,388. 동성중학교 앞,202108,624
종로구,393. 동대문역 8번 출구,202108,2638
종로구,394. 경희궁 자이 3단지,202108,1241
종로구,395. 경희궁 자이 2단지,202108,1402
종로구,397. 종묘공영주차장 건너편,202108,598
종로구,446. 상명대입구,202108,745
종로구,447. 신영동삼거리,202108,146
종로구,449. 일성아파트,202108,329
종로구,450. 효자동 삼거리,202108,862
종로구,451. 청와대앞길,202108,321
종로구,452. 동대문 종합시장 버스정류장,202108,714
종로구,453. 종로오가 지하쇼핑센터 14번출구,202108,1173
종로구,454. 종로2가 버스정류장 (종각방향),202108,1227
종로구,455. 삼익한의원,202108,1013
종로구,456. 숭인2동 주민센터 입구 (이강3대냉면),202108,1243
종로구,457. 종로꽃시장 입구 옆,202108,1034
종로구,458. 광화문역 5번출구,202108,3104
종로구,461. 서울지방경찰청,202108,1263
종로구,462. 신영동삼거리(북악터널방향),202108,126
종로구,464. 삼청동 골목,202108,824
종로구,465. 삼청공원 앞,202108,193
종로구,"4702. 평창동 꽃여울(꽃집),스타벅스 앞",202108,129
종로구,4703. 쌍용아파트2단지 정문,202108,284
종로구,4704. 쌍용아파트2단지 상가앞,202108,230
종로구,4705. 웰니스센터(민방위교육장 앞),202108,865
종로구,4707. 청계3가 사거리,202108,646
종로구,4708. 조계사앞사거리(파리바케트앞),202108,1357
종로구,4709. 천지인 오피스텔 앞,202108,137
종로구,4710. 자교교회 앞,202108,1671
종로구,4711. 올림픽기념 국민생활관 로터리,202108,1236
종로구,4713. 현대 뜨레비앙 아파트 앞,202108,1345
종로구,486. 평창동주민센터 앞,202108,245
중구,300. 정동사거리,202108,1389
중구,3013.서울지방고용노동청 앞,202108,1110
중구,310. 청계광장 옆,202108,1553
중구,318. 광교사거리 남측,202108,947
중구,320. 을지로입구역 4번출구 앞,202108,1142
중구,321. KEB 하나금융그룹 명동사옥 옆,202108,907
중구,322. 명동성당 앞,202108,531
중구,324. 신세계백화점 본점 앞,202108,665
중구,331. 을지로2가 사거리 북측,202108,535
중구,332. 을지로2가 사거리 남측,202108,775
중구,336. 티마크 호텔 앞,202108,1035
중구,346. 맥스타일 앞,202108,1379
중구,347. 동대문역사문화공원역 9번출구 앞,202108,831
중구,370. 시청역(2호선) 9번출구 뒤,202108,2520
중구,371. 동대입구역 6번출구 뒤,202108,355
중구,372. 약수역 3번출구 뒤,202108,913
중구,374. 청구역 2번출구 앞,202108,1546
중구,375. 다산 어린이공원,202108,1664
중구,379. 서울역9번출구,202108,990
중구,380. CJ제일제당 앞,202108,1497
중구,381. 장충체육관,202108,209
중구,382. 약수역 10번출구 앞,202108,686
중구,383. 신당역 12번 출구 뒤,202108,2702
중구,384. 종로학원본원,202108,266
중구,387. 훈련원공원주차장 앞,202108,1470
중구,389. 을지로4가역 1번출구,202108,853
중구,390. 충무로역 1번출구,202108,1496
중구,391. 정동길입구,202108,980
중구,398. 을지로3가역 3번출구,202108,1537
중구,399. 서울역 센트럴 자이아파트,202108,1057
중구,428. 명보사거리,202108,400
중구,429. 송도병원,202108,304
중구,430. KEB하나은행 장충동지점,202108,757
중구,431. 청계천 영도교,202108,3926
중구,433. 을지로입구역 2번출구,202108,1474
중구,434. 신당 래미안 버스정류장,202108,296
중구,435. SK 남산빌딩,202108,419
중구,441.염천교사거리,202108,466
중구,442.서울역 서부,202108,451
중구,443.호암아트홀,202108,265
중구,445.대한상공회의소,202108,1084
중구,466.롯데호텔,202108,542
중구,467.한국은행,202108,342
중구,468.웨스틴 조선호텔,202108,626
중구,469.회현역 1번출구,202108,475
중구,470.회현역 7번출구,202108,513
중구,471.회현사거리 남측,202108,587
중구,472.삼일교(시그니쳐 타워),202108,703
중구,473.을지로4가역 9번출구,202108,1409
중구,474.동대문역사문화공원역 1번출구 뒤편,202108,1829
중구,475.DDP 패션몰,202108,1077
중구,4752. 삼성사이버빌리지아파트,202108,615
중구,4753. 우리은행 서소문금융센터,202108,494
중구,476.광희문,202108,982
중구,4760. 서울역 7번출구,202108,170
중구,4761. 탐앤탐스 을지로3가점,202108,407
중구,4762. 국제빌딩,202108,433
중구,4765. 동대문디자인플라자,202108,1628
중구,4766. 서소문성지역사박물관,202108,312
중구,4768. 서울도시건축전시관,202108,2558
중구,477.앰배서더 호텔 주변,202108,385
중구,4772. 중앙일보,202108,206
중구,4774. 을지로입구역 8번출구,202108,518
중구,4775. 을지로지하쇼핑센터,202108,490
중구,4776. 신세계면세점,202108,465
중구,4777. 약수동 주민센터,202108,201
중구,4778. 대신파이낸스센터,202108,825
중구,4779. 태극당,202108,741
중구,4781. 브라운스위트레지던스,202108,476
중구,4782. 서소문역사공원,202108,221
중구,4784. 중부경찰서앞 사거리,202108,519
중구,4785. 롯데시티호텔,202108,378
중구,479.동대입구역 3번 출구,202108,214
중구,4791. 명동역9번 출구,202108,1169
중구,4792. 퇴계로4가 교차로(중구청),202108,1301
중구,4793. 동대문역사문화공원역 5번출구,202108,864
중구,4794. 서울역 서부교차로(3),202108,784
중구,4796. 부산은행,202108,1500
중구,4797. KG타워 앞,202108,994
중구,480.약수역 6번 출구,202108,460
중구,481.신당역 10번 출구,202108,1236
중구,482.예수소망교회,202108,96
중구,483.남산타운아파트 버스정류장,202108,374
중구,484.도동삼거리,202108,202
중구,485.서울역5번출구,202108,990
중구,826. 서울역 서부교차로2,202108,1241
중랑구,1401. 극동늘푸른아파트,202108,2019
중랑구,1402. 금란주차장 앞,202108,1617
중랑구,1403. 중화빌딩 앞 (동부시장),202108,1401
중랑구,1404. 동일로 지하차도,202108,1561
중랑구,1405. 망우역 1번출구,202108,926
중랑구,1406. 망우청소년수련관,202108,246
중랑구,1407. 먹골역 1번출구 뒤,202108,1121
중랑구,1408. 먹골역 6번출구 앞,202108,1189
중랑구,1410. 면목 대원칸타빌아파트,202108,315
중랑구,1411. 상봉시장앞 교차로 한성빌딩 앞,202108,1525
중랑구,1412. 면목초등학교,202108,702
중랑구,1413. 봉화산역 5번출구 뒤,202108,1111
중랑구,1414. 사가정역 1번출구,202108,2696
중랑구,1416. 상봉역 3번출구,202108,1483
중랑구,1418. 새솔초등학교,202108,383
중랑구,1420. 신내어울공원 앞,202108,815
중랑구,1421. 신내역 4번출구,202108,276
중랑구,1422. 신내우디안아파트 1단지,202108,251
중랑구,1424. 양원역 2번출구,202108,291
중랑구,1425. 용마문화복지센터,202108,726
중랑구,1426. 면목도시개발아파트 1동 앞,202108,615
중랑구,1427. 용마산역 1번출구,202108,269
중랑구,1428. 원묵고등학교,202108,867
중랑구,1429. 장안중학교,202108,1160
중랑구,1430. 중랑구청,202108,1010
중랑구,1431. 중랑구청 사거리,202108,1626
중랑구,1433. 중화역 2번출구,202108,1838
중랑구,1435. 능산삼거리,202108,273
중랑구,1436. 영풍마드레빌,202108,870
중랑구,1437. 늘푸른공원 앞,202108,1306
중랑구,1438. 홈플러스 신내점 앞,202108,2165
중랑구,1440. 하나은행 면목지점,202108,1370
중랑구,1441. 신내능말공원,202108,622
중랑구,1442. (구)신한은행 중랑교지점,202108,1887
중랑구,1443. 구립망우청소년독서실,202108,493
중랑구,1444. 면목4치안센터,202108,1358
중랑구,1445. 용마지구대,202108,181
중랑구,1446. 중랑전화국 교차로,202108,1677
중랑구,1447. 면목역 3번출구,202108,2402
중랑구,1448. 코스트코 상봉점,202108,2271
중랑구,1449. 상봉역 1번출구,202108,2261
중랑구,1450. 화랑대역 7번출구,202108,1495
중랑구,1451. 중랑세무서,202108,3079
중랑구,1452. 겸재교 진입부,202108,3028
중랑구,1453. 중랑캠핑숲,202108,366
중랑구,1454. 한국전력공사(동대문 중랑지사),202108,923
중랑구,1455. 상봉역 2번 출구,202108,1699
중랑구,1456. 상아빌딩(우림시장 교차로),202108,1100
중랑구,1457. 동원사거리,202108,1038
중랑구,1458. 상봉터미널2,202108,2094
중랑구,1459. 용마한신아파트사거리,202108,397
중랑구,1461.동양엔파트 앞,202108,1231
중랑구,1462.동부시장 북문 앞,202108,1753
중랑구,1463.중랑구민회관,202108,225
중랑구,1464.중화역 4번출구,202108,886
중랑구,1465.중랑공영차고지 옆,202108,573
중랑구,1466.두산대림아파트 삼거리,202108,489
중랑구,1467.sk신내 주유소앞(용마산로),202108,109
중랑구,1468.먹골역 7번 출구,202108,798
중랑구,1469.먹골역 4번출구,202108,1155
중랑구,1470.중화동 우리은행 앞,202108,1366
중랑구,1471.동양쇼핑 정류소 앞,202108,1499
중랑구,1472.영성빌딩(PAT),202108,680
중랑구,1473.중랑역 1번 출구(중화문화복지센터),202108,1481
중랑구,1474.서울중랑우체국,202108,938
중랑구,1477.면목삼익아파트 앞,202108,437
중랑구,1478.홈플러스 상봉점 앞,202108,1495
중랑구,1479.면목 홈플러스 2,202108,1107
중랑구,1480. 용마지구대 옆,202108,748
중랑구,4802. 새우개마을,202108,217
중랑구,4803. 상봉2동 주민센터 앞,202108,730
중랑구,4804. 동서울농협 앞,202108,1139
중랑구,4807. 라코지스테이 앞,202108,444
중랑구,4808. 신내2동 주민센터 앞,202108,626
중랑구,"4809. 동성1,2차 아파트 앞",202108,1211
중랑구,4811. 한양수자인아파트 앞,202108,290
중랑구,4812. 묵동 이마트 앞,202108,1364
중랑구,4813. 망우로 버거킹 앞,202108,1608
중랑구,4815. 중랑데시앙플렉스 앞,202108,293
중랑구,4819. 면목동 새싹어린이공원 앞,202108,1297
중랑구,4820. 망우역 2번 출구,202108,791
강남구,2301. 현대고등학교 건너편,202109,4190
강남구,2302. 교보타워 버스정류장(신논현역 3번출구 후면),202109,1354
강남구,2303. 논현역 7번출구,202109,1711
강남구,2304. 신영 ROYAL PALACE 앞,202109,190
강남구,2305. MCM 본사 직영점 앞,202109,379
강남구,2306. 압구정역 2번 출구 옆,202109,2555
강남구,2307. 압구정 한양 3차 아파트,202109,541
강남구,2308. 압구정파출소 앞,202109,1136
강남구,2309. 청담역(우리들병원 앞),202109,527
강남구,2310. 청담동 맥도날드 옆(위치),202109,554
강남구,2311. 학동로 래미안 아파트 앞,202109,311
강남구,2312. 청담역 13번 출구 앞,202109,484
강남구,2313. 금원빌딩 앞,202109,862
강남구,2314. 청담나들목입구,202109,959
강남구,2315. 봉은사역 5번출구 옆,202109,1056
강남구,2316. 삼성역 8번출구,202109,1392
강남구,2317. 삼성도로공원,202109,1357
강남구,2318. 삼성중앙역4번출구(문화센터더 리빌),202109,307
강남구,2319. 포스코사거리 서측(수협 삼성동 지점),202109,764
강남구,2320. 도곡역 대치지구대 방향,202109,680
강남구,2321. 학여울역 사거리,202109,808
강남구,2322. 삼성역 3번 출구,202109,811
강남구,2323. 주식회사 오뚜기 정문 앞,202109,578
강남구,2324. 천주교 대치 2동 교회 옆,202109,1332
강남구,2325. 대치동 버거킹대치점,202109,988
강남구,2326. 대치동 삼성로,202109,482
강남구,2327. 뱅뱅사거리 랜드마크타워 앞,202109,1369
강남구,2328. 르네상스 호텔 사거리 역삼지하보도 7번출구 앞,202109,522
강남구,2329. 르네상스호텔사거리 역삼지하보도 2번출구,202109,365
강남구,2330. 스타벅스 앞,202109,768
강남구,2331. 동영문화센터앞,202109,485
강남구,2332. 선릉역3번출구,202109,1216
강남구,2333. 양재역 3번출구 주변,202109,1140
강남구,2334. 삼호아파트 2동 ( 간선도로),202109,201
강남구,2335. 3호선 매봉역 3번출구앞,202109,1913
강남구,2336. 강남세브란스교차로 래미안그레이튼 104동 앞,202109,447
강남구,2337. 대모산입구역 2번출구 앞,202109,410
강남구,2339. 현대아파트 정문 앞,202109,587
강남구,2340. 삼호물산버스정류장(23370) 옆,202109,2496
강남구,2341. 일원역 4~5번 출구 사이,202109,701
강남구,2342. 대청역 1번출구 뒤,202109,2007
강남구,2343. 세곡사거리 대왕파출소 앞,202109,113
강남구,2344. 리엔파크 2단지 앞,202109,603
강남구,2347. 두산건설 본사,202109,300
강남구,2348. 포스코사거리(기업은행),202109,1845
강남구,2349. 역삼빌딩 앞(하나은행 옆),202109,226
강남구,2350. 래미안그레이튼102동앞,202109,318
강남구,2351. 청소년수련관(수영장)앞,202109,362
강남구,2352. 서울본부세관(건설회관 앞),202109,262
강남구,2353. 강남구청역 2번출구 뒤,202109,492
강남구,2354. 청담역 2번출구,202109,295
강남구,2355. 삼성역 5~6번 출구 사이,202109,1564
강남구,2356. 강남구청,202109,501
강남구,2357. 르네상스호텔사거리 역삼지하보도 3번출구 앞 (더 오번 빌딩 명동칼국수 앞),202109,287
강남구,2358. 구룡초사거리 (현대아파트10동 앞 ),202109,409
강남구,"2359. 국립국악중,고교 정문 맞은편",202109,1063
강남구,2360. 도곡1동 주민센터 교차로,202109,563
강남구,2362. 신사동 가로수길 입구,202109,1156
강남구,2363. 강남 을지병원 교차로,202109,341
강남구,2364. 도산대로 렉서스 앞,202109,627
강남구,2365. K+ 타워 앞,202109,1244
강남구,2368. 도곡동 경남아파트 건너편,202109,239
강남구,2369. KT선릉타워,202109,1033
강남구,2370. 한티역 3번출구,202109,502
강남구,2371. 한국우편사업진흥원,202109,125
강남구,2372. 대치역 사거리,202109,1141
강남구,2373. 개포동역 사거리,202109,1541
강남구,2375. 수서역 1번출구 앞,202109,1010
강남구,2376. 수서역 6번출구 앞,202109,349
강남구,2377. 수서역 5번출구 뒤,202109,3068
강남구,2380. 삼성동베이직하우스앞,202109,289
강남구,2381. 언주역 6번출구앞,202109,454
강남구,2382. 역삼동 sk뷰 501동앞,202109,357
강남구,2383. 보금자리정원,202109,255
강남구,2384. 자곡사거리,202109,1857
강남구,2385. 학동역,202109,612
강남구,2386. 크린랩 본사,202109,179
강남구,2387. 래미안강남힐즈 사거리,202109,944
강남구,2388. 강남구 도시관리공단,202109,286
강남구,2389. 경기여자고등학교 후문 (삼성로3길 입구),202109,702
강남구,2390. 구룡마을 입구 (래미안블레스티지 아파트),202109,314
강남구,2391. 구룡터널 입구(개포1단지아파트),202109,5
강남구,2392. 구룡산 입구 (구룡산 서울둘레길 입구),202109,48
강남구,2393. 구룡사 앞 교차로 (보도육교),202109,63
강남구,2394. 개포래미안포레스트아파트 107동 앞,202109,804
강남구,2395. 개포1단지아파트 입구 (보도육교),202109,50
강남구,2396. 영동3교 북단(우성캐릭터 앞 보도),202109,1069
강남구,2398. 더라움,202109,289
강남구,2401. 밀알학교 입구 (삼성서울병원 입구),202109,435
강남구,2403. 공무원연금매점 교차로 (개포주공9단지 입구),202109,287
강남구,2404. 대모산입구역 4번 출구 앞,202109,1521
강남구,2405. 청담공원앞 교차로,202109,687
강남구,2406. 논현동 광명빌딩 앞,202109,595
강남구,2407. 역삼.서초.삼성 세무서 앞 (역삼빌딩 앞),202109,1486
강남구,2408. 강남한양수자인아파트,202109,963
강남구,2409. 역삼동 디오슈페리움 (우성아파트 사거리),202109,862
강남구,2410. 포스코피앤에스타워 (역삼역 3번출구 부근),202109,783
강남구,2411. 세곡동 성당,202109,852
강남구,2412. 일원1동 주민센터,202109,1308
강남구,2413.도곡역 1번 출구,202109,1184
강남구,2414. 도곡역 아카데미스위트 앞,202109,1494
강남구,2415.한티역 롯데백화점 앞,202109,1052
강남구,2416.한티역 6번 출구,202109,414
강남구,2417.선정릉 디캠프(D.CAMP)앞,202109,253
강남구,2418.봉은사역 7번 출구,202109,688
강남구,"2419.봉은사역 1,2번 출구",202109,578
강남구,2420.학여울역 사거리(LG베스트샵 앞),202109,1129
강남구,2421. 신논현역 4번출구,202109,803
강남구,2422.수서동 성당 맞은편,202109,836
강남구,2423.영희초교 사거리(래미안개포루체하임),202109,1321
강남구,2425.세곡동 사거리(대왕초등학교 정류장),202109,216
강남구,2426.강남한신휴플러스 6단지,202109,467
강남구,2427.개포고등학교 정문앞,202109,488
강남구,2428.롯데리아 개포점앞,202109,464
강남구,2429.압구정로데오역 6번출구,202109,1034
강남구,2430.강남파이낸스센터앞(역삼역2번출구),202109,405
강남구,2431.대치역 7번출구,202109,1498
강남구,3602. 한국지역난방공사강남지사,202109,313
강남구,3603. 삼성역 2번출구,202109,878
강남구,3604. 삼성중앙역 5번출구,202109,444
강남구,3606. 신사동주민센터 옆,202109,1052
강남구,3609. 언주초등학교 입구,202109,507
강남구,3610. 윗반마을 입구,202109,113
강남구,3611. 방죽마을 입구,202109,330
강남구,3612. 은곡마을,202109,542
강남구,3614. 은마아파트 입구 사거리,202109,1097
강남구,3615. 서울 논현동우체국 앞,202109,206
강남구,3616. 역삼중학교 앞(체육관 방향),202109,274
강남구,3618. 서울율현초교 삼거리,202109,704
강남구,3620. 청담역 11번 출구,202109,63
강남구,3621. 휘문고교 사거리,202109,179
강남구,3622. 은마아파트입구 사거리,202109,230
강남구,3623. 일원에코파크 앞(개포로 방면),202109,1077
강남구,3624. 대모산입구역 7번 출구 앞,202109,150
강남구,3627. 압구정나들목,202109,3380
강남구,3628. 역삼1동 주민센터,202109,1000
강남구,3629. 청담사거리(신한오피스텔빌딩 앞),202109,506
강남구,3630. 개포우성6차아파트 정문 앞,202109,380
강남구,3634. 국악고교 앞 교차로,202109,373
강남구,3636. 삼성중앙역·플래티넘아파트 정류소,202109,325
강남구,3637. 세곡데이케어센터,202109,242
강남구,3638. 신청담나들목,202109,634
강남구,3640. 일원1동주민센터앞 사거리,202109,541
강남구,3641. 대청역,202109,415
강남구,3643. K2 KOREA,202109,575
강남구,3644. 상록수아파트,202109,437
강남구,3645. 구역삼세무서 교차로,202109,528
강남구,3646. 선정릉역 4번 출구,202109,241
강동구,1001. 광진교 남단 사거리(디지털프라자앞),202109,2324
강동구,1002. 해공공원(천호동),202109,3068
강동구,1003. 해공도서관앞,202109,1101
강동구,1004. 삼성광나루아파트 버스정류장,202109,2340
강동구,1006. 롯데캐슬 115동앞,202109,294
강동구,1007.암사동 선사유적지,202109,303
강동구,1008. 암사역 3번출구(국민은행앞),202109,4219
강동구,1009. 천호역4번출구(현대백화점),202109,5146
강동구,1010. 강동세무서,202109,2699
강동구,1011. LIGA 아파트 앞,202109,2994
강동구,1012. 서울 상운차량,202109,1492
강동구,1013. 강동구청역 1번 출입구,202109,1936
강동구,1014. 강동구평생학습관앞,202109,1327
강동구,1015. 샛마을 근린공원,202109,875
강동구,1016. 해뜨는 주유소옆 리엔파크 109동앞,202109,976
강동구,1017. 맥도날드(길동),202109,1931
강동구,1018. 둔촌 주공 GS 맞은편,202109,752
강동구,1019. 다성이즈빌아파트(호원대 대각선 맞은편),202109,3395
강동구,1020. 강동경찰서,202109,3758
강동구,1021. 강일동 리슈빌 빌딩앞,202109,2072
강동구,1022. 길동 사거리(초소앞),202109,2174
강동구,1023. 한국종합기술사옥 앞,202109,2496
강동구,1024. 강동구청 앞,202109,3357
강동구,1025. 상일초등학교,202109,874
강동구,1026. 대명초교 입구 교차로,202109,673
강동구,1027. 프라자 아파트 앞,202109,1337
강동구,1028. 포레스 주상복합 빌딩,202109,1740
강동구,1029. 롯데 시네마,202109,2800
강동구,1030. 미호 플랜트 앞,202109,1164
강동구,1031. 올림픽로 836(아리수로),202109,919
강동구,1032. 선사고등학교,202109,780
강동구,1033. 고덕동 아남아파트,202109,643
강동구,1034. 고덕동 래미안 힐스테이트,202109,593
강동구,1035. 고덕역 4번출구,202109,1512
강동구,1036. 고덕동 주양쇼핑,202109,1242
강동구,1037. 강일리버파크 6단지,202109,408
강동구,1038. 강일 다솜 어린이 공원,202109,354
강동구,1039. 고덕초등학교,202109,235
강동구,1041. 묘곡초등학교,202109,676
강동구,1042. 강일리버파크 2~5단지,202109,727
강동구,1044. 굽은다리역,202109,4498
강동구,1047. 건강보험 강동지사kt,202109,2293
강동구,1048. 동부기업(둔촌동),202109,2229
강동구,1049. 강일리버파크 10단지,202109,869
강동구,1050. 둔촌역 3번 출입구,202109,4171
강동구,1051. 양지시장 (용성약국앞) 입구,202109,1329
강동구,1052. 리싸이클시티,202109,172
강동구,1053. 동명근린공원 진입로 (아리수로),202109,360
강동구,1054. 말우물 어린이 공원,202109,321
강동구,1056. 강일리버파크 7~11단지,202109,530
강동구,1057. 능골근린공원,202109,737
강동구,1058. 고덕숲 아이파크 1,202109,559
강동구,1059. 래미안 강동팰리스(102동),202109,1454
강동구,1060. 천일초교 사거리,202109,969
강동구,1061. 천호초교 입구 사거리(일주빌딩),202109,1343
강동구,1062. 고덕숲 아이파크 2,202109,316
강동구,1063.강동롯데캐슬퍼스트 아파트(관리동),202109,636
강동구,1064.중앙보훈병원역 1번출구,202109,334
강동구,1065.보훈병원 후문옆(더 원커피),202109,552
강동구,1066.생태공원앞 교차로(조명탑),202109,367
강동구,1067.한영중고앞사거리,202109,525
강동구,1068.명일파출소,202109,872
강동구,1069.강동경희대학교병원 입구,202109,483
강동구,1070.(시립)고덕평생학습관,202109,591
강동구,1071.명일근린공원공동체텃밭,202109,420
강동구,1072.고덕역 5번출구,202109,1245
강동구,1073.SSTS 몰 앞,202109,796
강동구,1074.대명초교입구 사거리,202109,1170
강동구,1075.천동초교 삼거리,202109,1778
강동구,1076.전자랜드 길동점,202109,1942
강동구,1077.강동역 1번출구 앞,202109,2378
강동구,1078.둔촌사거리,202109,2401
강동구,1079.강일동입구교차로,202109,570
강동구,1080.엘웨딩,202109,1168
강동구,1081.트레빌빌딩,202109,1080
강동구,1082.중앙보훈병원역3번출구,202109,161
강동구,1083.광문고교사거리(아이파크),202109,769
강동구,1084. 윤선생빌딩(JYP사옥),202109,2748
강동구,1085.래미안 솔베뉴(고덕로),202109,788
강동구,1086.래미안 솔베뉴(구천면로),202109,997
강동구,1088.풍납사거리(강동),202109,1671
강동구,1089.고덕 래미안힐스테이트(201동),202109,347
강동구,1090.상일동역 2번출구 앞,202109,3644
강동구,3539. 서원마을,202109,219
강동구,3652. 한영외국어고등학교,202109,165
강동구,3653. 강동리버스트4단지아파트 404동 앞,202109,585
강동구,3654. 강동리버스트4단지아파트 405동 앞,202109,561
강동구,3655. 둔촌신성미소지움아파트,202109,442
강동구,3656. 둔촌푸르지오아파트,202109,1465
강동구,3657. 서울천호동우체국,202109,1882
강동구,3658. 프라이어팰리스아파트,202109,984
강동구,3659. 명일초등학교 옆,202109,465
강동구,3661. 명일동신동아아파트 앞,202109,329
강동구,3663. 암사정수센터교차로(강동롯데캐슬퍼스트아파트),202109,451
강동구,3664. 맥도날드 서울둔촌DT점 앞,202109,2351
강동구,3665. 고덕센트럴 아이파크상가 앞,202109,770
강동구,3668. 성내삼성아파트,202109,2493
강동구,3671. 둔촌동역교차로,202109,1679
강동구,3673. 강동리버스트6단지,202109,731
강동구,3674. 강동리버스트7단지,202109,460
강동구,3675. 강동리버스트8단지,202109,696
강동구,3676. 강동리엔파크9단지,202109,758
강동구,3677. 강동구음식물재활용센터,202109,116
강동구,3680. 강동역3번출구,202109,2534
강동구,3681. 길동 마루빌딩,202109,2898
강동구,3682. 길동 동호빌딩,202109,453
강동구,3683. KT&G강동지사,202109,1228
강동구,3684. 고덕자이(105동 앞),202109,1455
강동구,3685. 강동리엔파크14단지(1401동 앞),202109,1004
강동구,3686. 고덕 래미안 힐스테이트(101동),202109,567
강동구,3687. 신명초교입구 교차로,202109,1251
강동구,3688. 상일동산(동아아파트앞 교차로),202109,396
강북구,"1501. 미아역 3번,4번 출구 사이",202109,2021
강북구,1503. 이디야 커피 수유역점 앞,202109,2928
강북구,1504. 다이소 삼양시장점,202109,572
강북구,1506. 강북문화예술회관,202109,1595
강북구,1509. 서울북부수도사업소,202109,750
강북구,1510. 번동주공5단지 관리사무소 앞,202109,449
강북구,1511. 번동 금호어울림아파트102동앞,202109,508
강북구,1512. 강북중학교 앞,202109,3597
강북구,1513. 강북구청 뒷편,202109,340
강북구,1514. 강북구청 사거리 버스정류소 앞,202109,1761
강북구,1515. 송천동 주민센터,202109,855
강북구,1516. 우이초등학교 후문 옆,202109,918
강북구,1518. SK telecom(수유직영점) 앞,202109,904
강북구,1519. 세븐일레븐 수유장미원점 앞,202109,1156
강북구,1520. 성실교회,202109,1406
강북구,1522. 월드전기조명인테리어(우이동),202109,597
강북구,1525. 미아동 복합청사,202109,563
강북구,1526. 수유동 채선당앞,202109,987
강북구,1527. 미아역 1번 출구 뒤,202109,1193
강북구,1528. 삼각산동 주민센터,202109,540
강북구,1529. 미아동 한국전력공사,202109,2421
강북구,1530. 광산사거리,202109,2237
강북구,1531. 미아사거리 1번 출구,202109,2658
강북구,1532. 번3동 주민센터 교차로,202109,950
강북구,"1533. 번동 주공3, 4단지 교차로",202109,1574
강북구,1535. 효성인텔리안 앞,202109,1887
강북구,1536. 번동 두산위브 101동 옆,202109,1333
강북구,1537. 북한산 우이역,202109,854
강북구,1538. 솔밭공원역,202109,555
강북구,1539. 4.19민주묘지역,202109,637
강북구,1540. 가오리역,202109,1318
강북구,1541. 삼양역,202109,360
강북구,1542. 삼양사거리역,202109,589
강북구,1543. 수유1동 주민센터,202109,971
강북구,1545. 솔샘역 2번 출구,202109,280
강북구,1546. 송천동우체국,202109,564
강북구,1547. 꿈의숲 롯데캐슬,202109,580
강북구,1548. 북서울 꿈의숲 서문,202109,1262
강북구,1550.삼각산아이원아파트(105동 옆),202109,81
강북구,1551.4.19탑 앞,202109,694
강북구,1552. 강북구청사거리(던킨도너츠 앞),202109,2161
강북구,1553.예수그리스도후기성도교회 앞,202109,974
강북구,1554.번동사거리,202109,1159
강북구,1557.신창교,202109,1540
강북구,1558.강북문화정보도서관,202109,521
강북구,1560. 도봉세무서 앞,202109,1342
강북구,1564.4.19민주묘지역 1번출구,202109,1162
강북구,1565.대한병원앞,202109,1647
강북구,1568.4.19민주묘지 입구사거리,202109,948
강북구,1569.수유역2번출구,202109,3412
강북구,1571.북서울 꿈의 숲 입구,202109,636
강북구,1572.우이산 먹거리마을,202109,183
강북구,1573.현대성우아파트 옆,202109,372
강북구,1574.송중초등학교 옆,202109,710
강북구,3703. 신성교회 앞,202109,471
강북구,3707. 드래곤타워 앞,202109,1011
강북구,3711. 월계2교 교차로,202109,829
강북구,3714. 송천센트레빌,202109,297
강북구,3718. 번동 SK LPG 충전소,202109,1149
강서구,1101. 개화동상사마을종점 버스정류장,202109,379
강서구,1102. 방화사거리 마을버스 버스정류장,202109,3133
강서구,1103. 방화역 4번출구앞,202109,2891
강서구,1105. 방화근린공원,202109,687
강서구,1106. 신방화사거리,202109,3191
강서구,1108. 공항시장역 2번출구 뒤,202109,1653
강서구,1109. 공항시장역 4번출구,202109,1071
강서구,1110. 공항중학교앞,202109,1503
강서구,1111. 마곡엠밸리6_7단지 마곡중학교,202109,2814
강서구,1112. 마곡엠밸리4단지 정문,202109,4716
강서구,1113. 서남환경공원 버스정류장,202109,1507
강서구,1115. 등촌역 1번출구옆,202109,2565
강서구,1117. 스타벅스앞,202109,4161
강서구,1118. 증미역 3번출구뒤(등촌두산위브센티움오피스텔),202109,3630
강서구,1119. 염창동 한마음아파트앞(염창동 빛나는 음악학원앞),202109,2106
강서구,1120. 대림경동아파트앞,202109,2814
강서구,1121. 가양레포츠센터앞,202109,1955
강서구,1122. 황금내근린공원,202109,4327
강서구,1124. 발산역 6번 출구 뒤,202109,6193
강서구,1125. 명덕고교입구(영종빌딩),202109,4964
강서구,1126. 우장산역 1번출구옆(우장산아이파크105동앞),202109,2242
강서구,1127. 화곡역(에이스정형외과앞) 버스정류장,202109,2073
강서구,1128. 화곡역 6번출구,202109,1852
강서구,1129. 화곡역 1번 출구 앞,202109,2153
강서구,1130. 화곡본동시장 버스정류장,202109,733
강서구,1131. 꿈돌이공원 앞,202109,2710
강서구,1132. 등촌역 7번출구,202109,2673
강서구,1135. 강서구의회,202109,2335
강서구,1136. 등촌2파출소,202109,1251
강서구,1137. 등촌2동주민센터,202109,600
강서구,1139. 용문사 버스정류장,202109,1841
강서구,1140. 목동사거리 버스정류장,202109,2224
강서구,1141. 곰달래 문화복지센터 1-1,202109,1895
강서구,1145. 곰달래 문화복지센터 1-2,202109,1080
강서구,1146. 곰달래사거리,202109,1966
강서구,1148. 볏골공원,202109,1640
강서구,1149. 신방화역환승주차장,202109,4953
강서구,1150. 송정역 1번출구,202109,2554
강서구,1151. 마곡역1번출구,202109,3016
강서구,1152. 마곡역교차로,202109,6344
강서구,"1153. 발산역 1번, 9번 인근 대여소",202109,7669
강서구,1155. 기쁜우리복지관,202109,2234
강서구,1157. 강서구청,202109,2963
강서구,1158. 가양역 8번출구,202109,6925
강서구,1159. 서서울모터리움앞,202109,974
강서구,1160. 양천향교역 7번출구앞,202109,19
강서구,1161. 강서면허시험장앞,202109,422
강서구,1162. 공항초등학교건너편,202109,2690
강서구,1163. 방화동강서기동대앞,202109,2717
강서구,1165. 마곡중학교 후문,202109,1297
강서구,1166. 강서구립등빛도서관,202109,4259
강서구,1167. 마곡수명산파크3단지 교차로,202109,3456
강서구,1168. 마곡엠밸리10단지 앞,202109,1439
강서구,1169. 염창역 1번 출구,202109,1906
강서구,1170. 강서구보건소 (삼성디지털 프라자),202109,1937
강서구,1171. 염창동 새마을금고 건너편 (모닝글로리),202109,1760
강서구,1172. 가양3동 주민센터,202109,2316
강서구,1173. 강서구청사거리(SH타워),202109,3491
강서구,1174. 강서구청사거리(부민병원),202109,1589
강서구,1175. 대한항공 인력개발센터,202109,1916
강서구,1177. 수명중?고교,202109,1787
강서구,1178. 개화산역 2번 출구,202109,1133
강서구,1180. 마곡엠밸리 15단지(1502동) 건너편,202109,3198
강서구,1181. 농수산식품공사 (강서지사),202109,359
강서구,1182. KBS 스포츠월드,202109,3056
강서구,1183. KC 대학교,202109,570
강서구,1184. 마곡13단지,202109,3520
강서구,1185. 등촌9단지,202109,1512
강서구,1186. 송정중학교,202109,1143
강서구,1187. 강서수산물도매시장,202109,1171
강서구,1188. 롯데중앙연구소,202109,302
강서구,1190. 마곡역 교차로(2번출구),202109,1654
강서구,1191. 마곡역 교차로(NH농협),202109,3601
강서구,1192. 마곡수명산파크 209동 건너편,202109,1959
강서구,1193. 마곡센트럴타워 1차,202109,3189
강서구,1194. 센서텍㈜,202109,1132
강서구,1195. 코오롱One&Only타워,202109,2701
강서구,1196. 서울식물원(문화센터) 건너편,202109,523
강서구,1197. 엠펠리체 호텔 건너편,202109,3317
강서구,1198. LG 사이언스파크,202109,721
강서구,1199. 우장산역 3번출구,202109,3271
강서구,1200. 개화광역환승센터,202109,301
강서구,2701. 마곡나루역 5번출구 뒤편,202109,7253
강서구,2702. 마곡 엠밸리2단지,202109,1735
강서구,2703.서울도시가스 앞,202109,1215
강서구,2704.홈플러스(강서점),202109,3718
강서구,2706.강서공업고등학교 앞,202109,2170
강서구,2707.한강아파트,202109,1979
강서구,2708.강서한강자이타워 앞,202109,3992
강서구,2709.강변아파트 310동 앞,202109,1814
강서구,2710.라이품 공영주차장 앞,202109,1915
강서구,2711.가로공원공영주차장 1번 출구,202109,1666
강서구,2712.화곡터널입구교차로,202109,1109
강서구,2713.우장초등학교 앞,202109,1510
강서구,2715.마곡나루역 2번 출구,202109,11761
강서구,2716.롯데 R&D 센터,202109,478
강서구,2717.LG유플러스 마곡사옥,202109,4117
강서구,2718.마곡수명산파크1단지,202109,2325
강서구,2719.마곡문화공원,202109,2867
강서구,2720.힐스테이트에코,202109,4096
강서구,2721.등촌1-10단지 교차로,202109,4054
강서구,2722.마곡 문영비지웍스,202109,2106
강서구,2723.마곡 필네이처,202109,2786
강서구,2724.(재)FITI시험연구원,202109,6079
강서구,2725.서울식물원 식물문화센터,202109,1840
강서구,2727.서울식물원 잔디마당 앞,202109,1689
강서구,2728.마곡나루역 3번 출구,202109,7234
강서구,2729.넥센 유니버시티 앞,202109,2138
강서구,2730.마곡메가박스 앞,202109,2513
강서구,2731.명덕고교,202109,1236
강서구,2732.마곡수명산 1-2단지,202109,1817
강서구,2733.마곡13단지 정문 앞,202109,4168
강서구,2735.마곡 공공청사,202109,2154
강서구,2737.까치산역 3번 출구,202109,1870
강서구,2739.수명산파크1단지교차로,202109,3235
강서구,2740.마곡레포츠센터,202109,1049
강서구,2741.마곡수명산파크5-6단지,202109,1620
강서구,2742.강서구민올림픽체육센터,202109,1270
강서구,2743.동신아파트 104동 앞,202109,1135
강서구,2744.강서세무서 앞,202109,3692
강서구,2745.수명초등학교,202109,967
강서구,2746.수명산파크 4단지 411동 앞,202109,1398
강서구,3753. 공항중학교 버스정류장,202109,578
강서구,3754. 신방화역 8번출구,202109,1819
강서구,3755. 어위쉬예다인오피스텔,202109,1413
강서구,3756. 마곡힐스테이트 정문,202109,1727
강서구,3757. 신방화역 6번출구,202109,1814
강서구,3758. 서울남부출입국관리소,202109,1171
강서구,3759. 서울이대병원,202109,2207
강서구,3760. 발산역 8번 출구,202109,1820
강서구,3761. 나이아가라관광호텔,202109,593
강서구,3762. 마곡9단지 907동앞,202109,1528
강서구,3763. 등촌태영아파트,202109,1145
강서구,3764. 관문주유소(GS칼택스) 앞,202109,1638
강서구,3765. 문소빌딩,202109,399
강서구,3766. 강서문화센터,202109,232
강서구,3767. 대원빌딩,202109,855
강서구,3769. 가양동 이마트 앞,202109,2862
강서구,3770. 남부순환로 205,202109,606
강서구,3772. 길성그랑프리텔아파트,202109,2567
강서구,3774. 마곡9단지 910동 상가앞,202109,1558
강서구,3775. 가양오토갤러리,202109,1644
강서구,3776. 김포공항교차로,202109,630
강서구,3778. 김포공항입구 교차로,202109,2313
강서구,3779. 유광사여성병원,202109,996
강서구,3780. 등촌서광아파트,202109,3669
강서구,3781. 강서아동복지센터,202109,78
강서구,3782. 겸재정선미술관,202109,1452
강서구,3783. 마곡금호어울림아파트,202109,1434
강서구,3784. 벽산아파트,202109,2911
강서구,3785. 마곡14단지 1408동앞,202109,2068
강서구,3786. 강서힐스테이트 상가 앞,202109,967
강서구,3787. 가양나들목,202109,1606
강서구,3788. 정곡나들목,202109,3759
강서구,3789. 염창나들목,202109,3871
강서구,3792. 화곡본동시장 입구,202109,841
강서구,3793. 더리브골드타워,202109,984
강서구,3794. 안양천합수부(현대3차아파트),202109,2541
강서구,3795. 공항신성빌딩 앞,202109,762
강서구,3796. 송정역 3번출구 앞,202109,2114
강서구,3797. 마곡수명산파크7단지 710동 앞,202109,636
강서구,3798. 그랜드아이파크아파트 앞,202109,4539
강서구,3799. 국립항공박물관,202109,548
강서구,3801. 이랜드글로벌R&D센터,202109,360
강서구,5052. 마곡역7번출구 홈앤쇼핑 앞,202109,1034
강서구,5053. 신마곡벽산블루밍메트로오피스텔앞,202109,1159
강서구,5055. 마곡역5번출구앞,202109,735
강서구,"5056. 마곡역4,5번출구",202109,600
강서구,5057. 마곡역4번출구,202109,787
강서구,5059. 화곡2동주민센터,202109,578
강서구,5061. 우장산동 가곡어린이공원앞,202109,1243
강서구,5062. 마곡동 767-6,202109,952
강서구,5063. 서남환경공원(방화동도시개발2단지방향),202109,1170
관악구,2102. 봉림교 교통섬,202109,10290
관악구,2103. 신림동 우방아파트,202109,2264
관악구,2104. 사당역 5번출구,202109,1861
관악구,2105. 미성동 신림체육센터,202109,1750
관악구,2106. 난곡 새마을금고,202109,2432
관악구,2107. 도림천 신화교,202109,3952
관악구,2108. 은천치안센터,202109,1957
관악구,2109. 은천로입구 가로공원,202109,3989
관악구,2111. 서울대입구역 1번출구,202109,1384
관악구,2112. 서울대입구역 마에스트로,202109,1506
관악구,2113. 관악동작견인차량보관소,202109,2972
관악구,2115. 관악농협농산물백화점,202109,1617
관악구,2116. 에이스에이존빌딩,202109,1249
관악구,2119. 중앙동 동진빌딩,202109,1482
관악구,2122. 낙성대로 입구,202109,1202
관악구,2127. 보성운수차고지 맞은편,202109,681
관악구,2128. 관악구청교차로,202109,912
관악구,2129. 낙성대 과학전시관,202109,701
관악구,2130. 영어마을 관악캠프,202109,533
관악구,2135. 신림역 5번출구,202109,2548
관악구,2136. 신림역 8번출구,202109,3848
관악구,2137. KT&G 관악지점,202109,648
관악구,2139. 서울신성초등학교,202109,753
관악구,2140. 신림1교 교차로,202109,2809
관악구,2141. 미림여고입구 교차로,202109,210
관악구,2143. 서울산업정보학교,202109,547
관악구,2144. 난우길입구,202109,724
관악구,2145. 은천초등학교 육교,202109,1008
관악구,2148. 낙성대역 3번출구 뒤,202109,1200
관악구,2156. 농협 관악문성지점,202109,1110
관악구,2159. 인헌초교,202109,535
관악구,2164. 관악우체국,202109,1169
관악구,2165. JK장평타워,202109,445
관악구,2167. 낙성대역 1번출구,202109,886
관악구,2169. 봉천역 2번출구,202109,1804
관악구,2170. 조원동서울본병원,202109,1471
관악구,2171. 서울대입구역 5번출구,202109,2162
관악구,2172. 나들목공원,202109,755
관악구,2173. 당곡사거리,202109,6625
관악구,2174. 삼성디지털프라자관악점,202109,1160
관악구,2175. 신림동걷고싶은문화의거리입구,202109,1804
관악구,2176. 보라매공원 보도육교,202109,3498
관악구,2177. 신대방역 2번 출구,202109,8905
관악구,2178. 서울대학교 정문,202109,729
관악구,2179. 양녕로 입구,202109,1442
관악구,2183. 동방1교,202109,6242
관악구,2184. 구암초등학교 버스정류장,202109,385
관악구,2185. 대학동 고시촌,202109,1036
관악구,2186.우리은행 낙성대역지점,202109,632
관악구,2187.현대시장사거리(신한은행),202109,1430
관악구,2189.삼성서비스센터(관악점),202109,1464
관악구,2190.도원맨션,202109,596
관악구,2191.대학동주민센터,202109,1044
관악구,2195.은천교회,202109,1043
관악구,2196.삼화페인트 봉천점,202109,871
관악구,2198.사랑의병원,202109,946
관악구,2199.신봉천주유소,202109,162
관악구,3306.서울신우초등학교,202109,177
관악구,3307.봉천고개 육교,202109,562
관악구,3310.영락고등학교,202109,811
관악구,3311.서울대입구역 4번 출구,202109,1012
관악구,3802. 관악구민체육센터,202109,268
관악구,3803. 세븐일레븐 신림점,202109,1315
관악구,3804. 낙성대공원,202109,554
관악구,3806. 낙성대 교수아파트,202109,324
관악구,3807. 관악우체국 교차로,202109,692
관악구,3810. 신봉천주유소,202109,305
관악구,3811.신사로입구,202109,1895
관악구,3812. KT관악지점,202109,1218
관악구,3813. 낙성대역 5번출구,202109,408
관악구,3814. 난곡사거리,202109,663
광진구,3500. 군자역2번출구,202109,2852
광진구,3501. 광진구청 앞,202109,3345
광진구,3502. 중곡역 1번출구,202109,1182
광진구,3503. 광진유진스웰,202109,167
광진구,3504. 원일교회,202109,2613
광진구,3505. 신양초교앞 교차로,202109,992
광진구,3506. 영동대교 북단,202109,1962
광진구,3507. 어린이회관,202109,892
광진구,3508. 화양사거리,202109,1004
광진구,3509. 세종사이버대학교,202109,3200
광진구,3510. 중곡SK아파트앞,202109,790
광진구,3516. 구의아리수정수센터앞,202109,744
광진구,3517. 용마사거리,202109,2640
광진구,3518. 군자역 7번출구뒤,202109,4226
광진구,3520. 광진경찰서,202109,2385
광진구,3521. 현대홈타운 뒷길,202109,366
광진구,3523. 건국대학교 과학관(이과대) 앞,202109,1031
광진구,3524. 세종대학교,202109,117
광진구,3528. 광진정보도서관,202109,1350
광진구,3529. 어린이대공원정문,202109,1077
광진구,3533. 건대입구역 사거리(롯데백화점),202109,8772
광진구,3536. 중앙농협(자양동),202109,2591
광진구,3537. 아차산 휴먼시아 아파트 옆,202109,692
광진구,3541. 커먼그라운드,202109,4628
광진구,3542. 래미안 구의파크 스위트,202109,2421
광진구,3543. 세종대학교(학술정보원),202109,403
광진구,3563.구의7단지현대아파트,202109,260
광진구,3564.나루마당,202109,225
광진구,3566.우성4차아파트,202109,1685
광진구,3569.건대병원후문,202109,4246
광진구,3570.구의역 리버비스타 오피스텔,202109,2874
광진구,3571.화양 APT(횡단보도 옆),202109,3574
광진구,3573.광나루안전체험관,202109,1552
광진구,3575.자양사거리 (LG 유플러스),202109,3329
광진구,3578.중곡동 파크웨이빌딩,202109,1659
광진구,3579.광진 캠퍼스시티,202109,3386
광진구,3581.광진광장,202109,1053
광진구,3582.화양동 우체국,202109,1977
광진구,3586.군자역 비채온 오피스텔,202109,1944
광진구,3587.우성식품 앞,202109,1440
광진구,3588.세종대학교(영실관),202109,734
광진구,3853. 어린이대공원역 2번출구,202109,556
광진구,3860. 건국대학교 정문 앞,202109,1137
광진구,3863. 동일로58길 입구,202109,538
광진구,3864. 광진소방서 앞,202109,755
광진구,3865. 이튼타워리버 2차,202109,1620
광진구,3868. 자양한강도서관,202109,1529
광진구,3873. 동서울우편집중국 앞,202109,720
광진구,3878. 장로회신학대학교 주기철 기념관,202109,68
광진구,3879. 중랑천 뚝방길 산책로 입구,202109,1739
광진구,3880. 홍련봉 공원,202109,606
광진구,3881. 신자초교입구 교차로,202109,2428
광진구,3882. 자양2동 주민센터,202109,728
광진구,500. 어린이대공원역 3번출구 앞,202109,2198
광진구,501. 광진구의회 앞,202109,2242
광진구,502. 뚝섬유원지역 1번출구 앞,202109,20191
광진구,505. 자양사거리 광진아크로텔 앞,202109,2953
광진구,515. 광양중학교 앞,202109,1105
광진구,516. 광진메디칼 앞,202109,1642
광진구,539. 군자교교차로,202109,2488
광진구,540. 군자역 7번출구 베스트샵 앞,202109,2372
광진구,542. 강변역 4번출구 뒤,202109,2667
광진구,543. 구의공원(테크노마트 앞),202109,2028
광진구,544. 광남중학교,202109,1825
광진구,546. 잠실대교북단 교차로,202109,1765
광진구,548. 자양나들목,202109,3048
광진구,549. 아차산역 3번출구,202109,3062
광진구,551. 구의삼성쉐르빌 앞,202109,3277
광진구,552. 대림아크로리버 앞,202109,1010
광진구,553. 중곡 성원APT 앞,202109,1362
광진구,555. 구의3동주민센터,202109,519
광진구,571. 어린이대공원역6번출구,202109,1061
광진구,572. 국립정신 건강센터 앞,202109,767
광진구,573. 구의문주차장 앞,202109,1871
광진구,574. 아차산역4번출구,202109,2870
광진구,575. 중앙농협 중곡지점,202109,616
광진구,576. 광나루역 3번 출구,202109,2339
광진구,577. 광진청소년수련관,202109,1936
광진구,584. 광진광장 교통섬,202109,2767
광진구,588. 뚝섬 유원지역,202109,2768
광진구,590. 건국대학교 (입학정보관),202109,1579
광진구,591. 건국대학교 (행정관),202109,340
광진구,592. 건국대학교 학생회관,202109,1964
광진구,593.자양중앙나들목,202109,2556
구로구,1901. 신도림동주민센터 앞,202109,2054
구로구,1904. 도림천역 1번 출구 앞,202109,2643
구로구,1906. 신도림역 1번 출구 앞,202109,7100
구로구,1907. 구일우성(아) 육교 밑,202109,1482
구로구,1908. 해원리바파크 육교 밑,202109,1721
구로구,1910. 낙원교회 맞은편,202109,464
구로구,1911. 구로디지털단지역 앞,202109,6738
구로구,1912. 한신휴아파트 앞,202109,2381
구로구,1913. 구로리공원,202109,1478
구로구,1914. 대림역4번출구,202109,3100
구로구,1916. 구로중학교앞,202109,838
구로구,1920. 서울미래초등학교 사거리,202109,1791
구로구,1924. 삼부르네상스파크빌,202109,889
구로구,1925. 동양미래대학교 정문 옆,202109,4693
구로구,1928. 고척스카이돔구장 광장,202109,1199
구로구,1929. 고척근린공원 고척도서관 앞,202109,1150
구로구,1930. 개봉지구대 개봉치안센터,202109,1397
구로구,1931. 개봉역(북측광장),202109,1635
구로구,1933. 개봉푸르지오아파트 상가,202109,1666
구로구,1936. 개봉역 1번 출구 자전거보관서쪽,202109,956
구로구,1937. 한진아파트 입구,202109,1547
구로구,1941. 오류동역 2번출구,202109,1330
구로구,1943. 온수역 북측,202109,617
구로구,1946. 구로역 광장,202109,3386
구로구,1951. 천왕이펜하우스 4단지 상가 앞,202109,250
구로구,1952. 천왕연지타운2단지 앞,202109,1979
구로구,1953. 천왕역 4번출구 뒤,202109,1280
구로구,1955. 디지털입구 교차로,202109,3644
구로구,1956. 도야미리숯불갈비 앞,202109,1723
구로구,1957. 구일고등학교 정문,202109,1574
구로구,1958. 강서수도사업소민원센터,202109,1918
구로구,1959. 구로구의회 앞,202109,1576
구로구,1960. 화광신문사 앞,202109,1715
구로구,1961. 신도림테크노근린공원,202109,4680
구로구,1962. 가리봉동주민센터,202109,1469
구로구,1964. 원메디타운 앞,202109,1427
구로구,1965. 삼환로즈빌아파트 105동 옆,202109,1108
구로구,1966. 한마을아파트 정문상가,202109,1665
구로구,1967. 참새공원(백곡경노당),202109,506
구로구,1968. 동인오피스텔 건너편 소공원,202109,519
구로구,1969. 궁동생태공원,202109,253
구로구,1971. 오정초교 앞 보도육교,202109,411
구로구,1973. 오리로와 서해안도로 교차로 앞,202109,691
구로구,1974. 신도림2차e편한세상아파트 203동 앞,202109,1632
구로구,1975. 대림역 1번 출입구 밑,202109,1554
구로구,1976. 남구로역 5번 출입구 앞,202109,552
구로구,1977. 천왕역 1번 출입구 앞,202109,1958
구로구,1979. 구로1동우체국 앞,202109,336
구로구,1981. 천왕이펜하우스5단지 앞,202109,773
구로구,1983. 구로동롯데아파트,202109,1716
구로구,1984. 구로구청,202109,1627
구로구,1985. 구로도서관,202109,3976
구로구,1986. 태평양물산빌딩,202109,3521
구로구,1987. 개봉아이파크아파트 앞,202109,1537
구로구,1988. 고척LIGA아파트 앞,202109,2199
구로구,1991. 오류동역 맞은편,202109,2283
구로구,1992. 구로구배드민턴실내체육관 앞,202109,404
구로구,1993. 금강수목원아파트 앞,202109,760
구로구,1994. 삼성전자 물류센터 앞,202109,1372
구로구,1996. 구일역 1번 출입구 앞,202109,3252
구로구,1998. 고척교 교차로,202109,962
구로구,1999. 수궁동 성당 주변,202109,717
구로구,2000. 신도림4차 e편한세상 아파트 1109동 앞,202109,2317
구로구,2801. 대륭포스트타워1차,202109,2256
구로구,2804.항동지구 6단지 602동 앞,202109,615
구로구,2805.구로자원순환센터,202109,209
구로구,2806.항동지구 4단지 입구,202109,163
구로구,2807.항동지구 1단지 105동 앞,202109,328
구로구,2808.항동지구 2단지 202동 앞,202109,323
구로구,2809.항동지구 11단지 1103동 앞,202109,270
구로구,2810.항동지구 3단지 311동 앞,202109,208
구로구,2812.항동프라자,202109,453
구로구,2813.항동지구 3단지 302동 앞,202109,123
구로구,2814.항동지구 10단지 1001동 앞,202109,264
구로구,2815.항동지구 7단지 정문,202109,575
구로구,2816.항동지구 8단지 803동옆(주차장입구),202109,119
구로구,2817.천왕이펜하우스5단지 앞,202109,324
구로구,2818.천왕이펜하우스3단지 앞,202109,431
구로구,2819.하늘숲초등학교 앞,202109,775
구로구,2820.신세기아파트 앞,202109,1030
구로구,2821.청구아파트 앞,202109,1530
구로구,2822.제니스스포츠 앞,202109,427
구로구,2823.중앙유통단지 앞,202109,1319
구로구,2824.미래사랑어린이공원 앞,202109,3091
구로구,2825.초롱타운 앞,202109,351
구로구,2826.가마산지하보도 옆,202109,490
구로구,3902. 항동지구5단지 501동 앞,202109,376
구로구,3903. 현대아파트 앞,202109,806
구로구,3904. 테크노마트 앞,202109,2815
구로구,3905. 희훈타워빌 앞,202109,1947
구로구,3906. 천왕차량사업소 입구,202109,759
구로구,3907. 신도림7차e편한세상아파트 806동 앞,202109,1303
구로구,3908. 오류동 다숲오피스텔 앞,202109,958
구로구,3910. 목양전원교회 앞 로터리,202109,306
구로구,3911. 항동하버리안2단지아파트 후문,202109,250
구로구,3912. 삼호아파트 앞,202109,501
구로구,3914. 신도림쌍용플래티넘노블아파트 앞,202109,1253
금천구,1804. 독산역 2번출구 자전거주차장,202109,1700
금천구,1805. 서울디지털운동장 앞,202109,1202
금천구,1806. 에이스하이엔드타워9차 앞,202109,1088
금천구,1808. 에이스하이엔드타워8차 앞,202109,1022
금천구,1809. LG전자 별관동(호서대 벤처타워 맞은편),202109,682
금천구,1812. 갑을그레이트밸리 앞,202109,1058
금천구,1814. 두산위브아파트 옆 상가건물 앞,202109,1170
금천구,1816. 금천폭포공원 앞,202109,330
금천구,1819. 금천구청 앞 자전거거치대,202109,730
금천구,1820. 신한은행 시흥대로금융센터지점,202109,399
금천구,1821. 홈플러스 시흥점 맞은편 다비치안경 앞,202109,950
금천구,1822. 서울 시흥동우체국 앞,202109,779
금천구,1823. 상신정비공업 앞,202109,388
금천구,1824. 독산근린공원 입구,202109,2342
금천구,1825. 한신아파트 앞 육교 아래,202109,750
금천구,1826. 한신코아 앞,202109,699
금천구,1827. 독산보도육교 앞 자전거 보관소,202109,3282
금천구,1828. 한양수자인아파트 앞,202109,1025
금천구,1829. 홈플러스 금천점 앞,202109,932
금천구,1830. 빅마켓 금천점 앞,202109,1824
금천구,1831. 메이퀸웨딩컨벤션 앞,202109,780
금천구,1833. 독산역 1번출구 앞 자전거보관소,202109,993
금천구,1834. 월드메르디앙 벤처센터 2차,202109,2400
금천구,1835. STX V타워,202109,967
금천구,1836. 금천구립 독산도서관,202109,273
금천구,1839. 수출의 다리 아래,202109,887
금천구,1840. 솔브레인이엔지 뒤편,202109,1060
금천구,1841. 가산동 주민센터,202109,1856
금천구,1842. 한울중학교,202109,563
금천구,1843. 독산고등학교,202109,565
금천구,1845. 롯데캐슬골드파크1차 서문,202109,724
금천구,1846. 롯데캐슬골드파크1차 동문,202109,1086
금천구,1847. 독산주공 14단지 버스정류소,202109,399
금천구,1848. 벽산 디지털밸리 5차,202109,1483
금천구,1849. 대륭포스트타워5차,202109,497
금천구,1850. 코오롱테크노밸리,202109,299
금천구,1851. 가산디지털단지 7번출구,202109,2879
금천구,1852. 혜명양로원 담장 옆,202109,323
금천구,1853. 서울디자인직업전문학교 앞,202109,422
금천구,1854. 가산아네스트 오피스텔 앞,202109,910
금천구,1855. 성지아파트 옆 도로변,202109,224
금천구,1856. 모두의학교,202109,1115
금천구,1857. 주공14단지,202109,387
금천구,1858. 석수역1번출구 앞 (SK주유소),202109,521
금천구,1859. 대륭테크노타운 18차,202109,762
금천구,1861.IBK기업은행 석수역 지점 앞,202109,198
금천구,1862.스타즈호텔독산 빌딩 앞,202109,1094
금천구,1863.위너스 스포츠클럽 골프연습장옆,202109,435
금천구,1864.산호시티빌 옆,202109,225
금천구,1865.금천구청앞(M빌딩),202109,484
금천구,1866.서울안천초등학교 옆,202109,427
금천구,1867.대륭포스트타워6차 앞,202109,3357
금천구,1868.우리은행 시흥남자동화점 앞,202109,552
금천구,1869.롯데캐슬골드파크3차 301동 앞,202109,773
금천구,1870.독산3동주민센터 앞,202109,779
금천구,3956. 대륭테크노타운21차 앞,202109,841
금천구,3958. 롯데캐슬2차 마을버스 정류장(18804) 뒤편,202109,840
금천구,3959. 시흥사거리(시흥동 994-3 앞),202109,959
금천구,3963. 에이스 하드웨어(시흥대로 396) 앞,202109,1017
금천구,3966. 독산역1번출구 옆,202109,1822
금천구,3967. 혜명양로원 담장 옆(2),202109,289
금천구,3968. 독산동 현대홈타운 금천과선교 앞,202109,533
금천구,3969. 독산역 롯데캐슬 104동 앞,202109,548
노원구,1601. 석계역 문화광장 내 자전거 보관소,202109,3891
노원구,1602. 광운대역 앞,202109,44
노원구,1605. 헬스케어,202109,1976
노원구,1606. 태릉입구역 3번출구,202109,1547
노원구,1608. 공릉역 1번 출구 앞,202109,4571
노원구,1610. 화랑대역 2번출구 앞,202109,3817
노원구,1611. 과기대 입구(우),202109,4338
노원구,1616. 하계2동 공항버스정류장 옆,202109,2313
노원구,1617. 하계동 중평어린이공원 앞,202109,2777
노원구,1619. 중계동 하나프라자빌딩 앞(중1-1),202109,2451
노원구,1620. 중계동 노원구민체육센터 옆(중1-2),202109,1711
노원구,1625. 상계역(4번출구),202109,4322
노원구,1627. 수락산역 4번출구,202109,1345
노원구,1628. 노일초등학교 앞,202109,1062
노원구,1630. 수연빌딩 앞,202109,1237
노원구,1634. 당고개공원 대여소,202109,992
노원구,1635. 상계3.4동 주민센터 대여소,202109,517
노원구,1636. 백병원 사거리 농협은행 앞,202109,3658
노원구,1637. KT 노원점 건물 앞,202109,5204
노원구,1639. 희성오피앙,202109,1936
노원구,1640. 한내근린공원 북측,202109,1302
노원구,1641. 한내근린공원 남측,202109,954
노원구,1642. 서울여대 남문,202109,863
노원구,1643. 태릉입구역 8번출구,202109,2983
노원구,1646. 삼육대 입구,202109,719
노원구,1650. 중계근린공원내,202109,3695
노원구,1651. 맥도날드 상계점 앞,202109,1348
노원구,1652. 파르코 앞,202109,479
노원구,1653. 노원역1번출구,202109,4672
노원구,1654. 당고개입구 오거리,202109,1162
노원구,1655. 공릉1단지아파트,202109,3092
노원구,1656. 중앙하이츠 아파트 입구,202109,2117
노원구,1657. 노원구청,202109,2101
노원구,1659. 중계동 을지중학교,202109,873
노원구,1660. 서울시립과학관,202109,587
노원구,1661. 당현천근린공원,202109,2285
노원구,1662. 노원역7번출구,202109,3005
노원구,1663. 동해문화예술관앞,202109,2777
노원구,1664. 노해근린공원내,202109,713
노원구,1666. 노원소방서인근,202109,1298
노원구,1667. 중계중학교,202109,1602
노원구,1668. 중계역 6번출구,202109,2503
노원구,1669. 중계역 3번출구,202109,2379
노원구,1670. 노원경찰서교차로,202109,1663
노원구,1671. 인덕대학교,202109,951
노원구,1672. 상계동수락리버시티,202109,770
노원구,1674. 서울북부고용센터앞,202109,4025
노원구,1675. 월계문화체육센터,202109,274
노원구,1677. 육군사관학교 앞,202109,1986
노원구,1678. 성서대학교 밀알관,202109,514
노원구,1679. 삼육대 도서관,202109,237
노원구,1680. 삼육대 제3과학관,202109,75
노원구,1681. 현대6차 아파트,202109,1220
노원구,1682. 중계종합사회복지관 교차로,202109,1240
노원구,1683. 노원문화예술회관,202109,1850
노원구,1684. 태릉입구역 5번출구,202109,3702
노원구,1685. 불암고등학교 앞 횡단보도,202109,1314
노원구,1686. 온수골사거리(스타벅스앞),202109,2897
노원구,1688. 마들역 7번출구,202109,2364
노원구,1689. 마들역 3번출구,202109,2076
노원구,1690. 도봉운전면허시험장,202109,1853
노원구,1691. 노원정보도서관,202109,1527
노원구,1692. 온곡초교 교차로,202109,1398
노원구,1693. 원자력 병원,202109,586
노원구,1695.월계미륭아파트 정문,202109,1278
노원구,1696.수락리버시티4단지,202109,903
노원구,1697.상계주공2단지 219동,202109,1400
노원구,1700.상계보람아파트 202동,202109,1251
노원구,2901.공릉동풍림아파트 101동,202109,1393
노원구,2902.공릉풍림아파트 108동,202109,1391
노원구,2903.월계초안아파트 1단지,202109,897
노원구,2904.중계3차청구아파트,202109,1039
노원구,2907. 월계중학교,202109,526
노원구,2908. 광운대학교 중앙도서관,202109,2273
노원구,2909. 석계역 3번 출구,202109,2209
노원구,2910.도깨비시장,202109,3295
노원구,2911.상계역중앙시장,202109,1552
노원구,2912.대진고등학교,202109,1957
노원구,2913.상계8동 주민센터,202109,2211
노원구,2914.서울과학기술대학교(미래관),202109,836
노원구,2915.서울과학기술대학교(어학교육원),202109,2565
노원구,2917.신창중학교 후문 맞은편 버스정류장,202109,1595
노원구,2919.등나무 근린공원(시립북서울미술관 앞),202109,3985
노원구,2920.상계중학교(당현2교사거리),202109,1287
노원구,2921.중계역 2번출구,202109,2735
노원구,4002. 상계주공 14단지 상가 앞,202109,876
노원구,4003. 스타벅스 상계초교사거리점,202109,1831
노원구,4004. 당고개입구오거리 당현천변,202109,1380
노원구,4005. 중계2차 한화꿈에그린 101동 인근,202109,1091
노원구,4007. 노원 을지대학교 병원,202109,2125
노원구,4008. 하계 어린이 공원,202109,2071
노원구,4009. 월계프라자,202109,745
노원구,4011. 월계 센트럴 아이파크,202109,1213
노원구,4013. 중계 롯데마트,202109,1921
노원구,4014. 당고개역 3번 출구,202109,1226
노원구,4016. 노원 마들스타디움,202109,1066
노원구,4017. 월계 청백1단지 아파트 정류장,202109,563
노원구,4018. 상계주공15단지 버스정류소,202109,1580
노원구,4019. 상계주공10단지 버스정류소,202109,1546
노원구,4020. 중계동 성모빌딩 앞,202109,1389
노원구,4021. 중계본동 입구,202109,236
노원구,4023. 월계역 1번 출구,202109,1076
노원구,4024. 꿈의숲 SK뷰 아파트,202109,1762
노원구,4025. 한천교 동편,202109,1861
노원구,4026. 상계주공1단지아파트,202109,1454
노원구,4027. 이마트 월계점,202109,3588
노원구,4028. 한일유앤아이아파트 105동 인근,202109,1360
노원구,4029. 청소년수련관 후문,202109,3703
노원구,4031. 청암예술학교 앞,202109,1389
노원구,4032. 은행사거리(불암주유소 앞),202109,1116
노원구,4033. 녹천 자동차운전 전문학원 (녹천역 4번 출구),202109,682
노원구,4034. 상계근린공원 운동장 앞,202109,1087
노원구,4035. 수락 행복발전소 앞,202109,637
노원구,4036. 하계역 6번출구,202109,1792
노원구,4037. 물넘이교,202109,1917
노원구,4039. 서울시 북부여성발전센터,202109,652
노원구,4040. 공릉로 26길,202109,1108
노원구,4041. 공릉역3번출구,202109,1236
노원구,4042. 상계문화정보도서관,202109,327
도봉구,1702. 녹천역 1번출구 앞,202109,944
도봉구,1703. 도봉산광역환승센터앞,202109,442
도봉구,1705. 도봉구청 정문앞,202109,1918
도봉구,1706. 기업은행 앞,202109,932
도봉구,1707. 도봉구민회관,202109,1820
도봉구,1708. 보건소사거리(다비치안경창동점),202109,1924
도봉구,1709. 쌍문역4번출구 주변,202109,1227
도봉구,1713. 쌍문동 이안아파트 앞,202109,396
도봉구,1714. 도봉문화정보도서관 삼거리,202109,296
도봉구,1715. 서울특별시교육청도봉도서관,202109,1452
도봉구,1716. 하나로마트 창동점,202109,1649
도봉구,1717. 시립창동운동장 입구,202109,504
도봉구,1719. 신도봉사거리 버스정류장,202109,904
도봉구,1720. 도봉구청 옆(중랑천변),202109,2820
도봉구,1721. 창동역 2번출구,202109,3509
도봉구,1722. 창동청소년수련관,202109,1308
도봉구,1723. 방학동학마을도서관,202109,509
도봉구,1725. 창1동주민센터,202109,776
도봉구,1726. 삼익세라믹아파트교차로,202109,1555
도봉구,1727. 서울도봉초등학교인근,202109,860
도봉구,1728. 서울북부지방법원,202109,363
도봉구,1729. 파리바게트앞,202109,1233
도봉구,1730. 도봉산역 교차로 앞,202109,333
도봉구,1731. 도봉고등학교 맞은편,202109,436
도봉구,1732. 우리은행 앞,202109,699
도봉구,1733. 방학사거리 (봄마당 앞),202109,1407
도봉구,1734. 쌍문현대1차아파트 108동 앞,202109,1189
도봉구,"1735. 도봉역 1,2번 출구사이 건너편",202109,1086
도봉구,1736. 버스정류장 앞,202109,606
도봉구,1737. 하나은행 (창동점),202109,2637
도봉구,1738. 창동주공17단지 상가앞,202109,1612
도봉구,1741. 제일강산수산입구,202109,2990
도봉구,1742. 북한산 코오롱 하늘채,202109,2311
도봉구,1743.창동19단지아파트 관리사무소앞,202109,1601
도봉구,1744.KT방학지사 앞,202109,1358
도봉구,1746. 다이소방학점 앞,202109,939
도봉구,1748. 피자헛 앞(도봉병원 옆),202109,1057
도봉구,1749. ESA아파트 상가 앞,202109,1617
도봉구,1750. 창포원 남쪽 입구,202109,1424
도봉구,1751. 창원초등학교 교차로,202109,805
도봉구,1752. 창동 주공 4단지 입구 옆,202109,1100
도봉구,1754. 창동시장입구 사거리,202109,1019
도봉구,1756.서울북부광역등기국,202109,351
도봉구,1757.솔밭공원역 1번출구 앞,202109,669
도봉구,1758.북서울교회 버스정류소 앞,202109,844
도봉구,1759.서울북부지방법원 앞,202109,626
도봉구,1761.방학중학교 앞,202109,534
도봉구,1762.북한산 한신휴플러스APT앞,202109,1861
도봉구,1765.쌍문역 1번 출구(양산부인과 빌딩),202109,1491
도봉구,1767.태양중앙교회 앞,202109,2178
도봉구,1768.신동아타워 버스정류소,202109,667
도봉구,1770.도봉한신아파트 주변,202109,1021
도봉구,1771.성원APT버스정류소,202109,932
도봉구,1772.시립도봉노인복지관 버스정류소,202109,798
도봉구,1774.반석교회(쌍문동),202109,618
도봉구,1775.신원리베르텔 앞,202109,1012
도봉구,4054. KT프라자도봉점 맞은편,202109,802
도봉구,4058. 다락원체육공원 전망대 입구,202109,747
도봉구,4062. 평화도봉공원 주변,202109,1440
도봉구,4064. 신창아파트 입구 앞,202109,468
도봉구,4065. 창동역 1번출구 앞,202109,2593
도봉구,4073.방아골종합사회복지관,202109,693
도봉구,4074. 도봉구육아종합지원센터(창동),202109,1005
도봉구,4075. 방학신동아아파트 11동 앞,202109,238
도봉구,4076. 진영상운 앞 중랑천 변,202109,3835
도봉구,4077. 도봉제1교,202109,2784
도봉구,4078. 원당공원 앞,202109,1318
동대문구,4102. 휘경1동주민센터 앞,202109,1535
동대문구,4103. 휘경sk뷰아파트 앞,202109,861
동대문구,4104. 외대앞역 교차로,202109,1761
동대문구,4105. 하나은행 장안동지점앞,202109,1229
동대문구,4107. 장안동근린공원 입구,202109,901
동대문구,4108. 답십리파크자이아파트 앞,202109,1684
동대문구,4110. 용두롯데캐슬리치아파트 앞,202109,1028
동대문구,4112. 신이문빗물펌프장 옆,202109,463
동대문구,4113. 한국국방연구원 앞,202109,1337
동대문구,4114. 휘경여중고삼거리,202109,1646
동대문구,4116. 이문e편한세상아파트 앞,202109,742
동대문구,4117. 휘경119안전센터 앞,202109,1588
동대문구,4121. 서울문화재단 앞,202109,2154
동대문구,4122. 청계9가교차로 앞,202109,2150
동대문구,4123. 배봉초교 교차로,202109,986
동대문구,600. 휘경2동 주민센터,202109,432
동대문구,601. 용신동주민센터,202109,1005
동대문구,602. 장안동 사거리,202109,4374
동대문구,604. 답십리초등학교 옆 공원,202109,1136
동대문구,605. 신설동역8번출구,202109,1674
동대문구,606. 휘경공고앞,202109,771
동대문구,607. 신이문역 2번출구,202109,754
동대문구,608. 전농삼성아파트,202109,347
동대문구,609. 제기2교,202109,2474
동대문구,610. 동대문중 교차로,202109,1105
동대문구,612. 시립동부병원 앞 사거리,202109,2691
동대문구,613. 신설동역 10번출구 앞,202109,2378
동대문구,614. 용두동 사거리,202109,2875
동대문구,615. 용두동 래미안허브리츠아파트 앞,202109,2121
동대문구,616. 서울시립대 앞,202109,326
동대문구,617. 청솔우성아파트 앞,202109,1548
동대문구,621. 동대문중학교 옆,202109,443
동대문구,622. 전농사거리 교통섬,202109,1283
동대문구,623. 서울시립대 정문 앞,202109,2267
동대문구,624. 전농동 동아아파트 앞,202109,1769
동대문구,625. 답십리초등학교 앞(현대시장 옆),202109,1497
동대문구,626. 군자교 서측 녹지대,202109,1971
동대문구,627. 장안동삼거리 교통섬,202109,1763
동대문구,628. 휘봉고등학교 앞,202109,853
동대문구,630. 동대문구 보건소,202109,2600
동대문구,631. 답십리역 1번출구,202109,3693
동대문구,633. 청량리 기업은행 앞,202109,1404
동대문구,634. 외국어대 정문 앞,202109,3666
동대문구,635. 시조사 앞 (청량고정문 옆),202109,2225
동대문구,636. 세종대왕기념관 교차로,202109,659
동대문구,637. KAIST 경영대학 앞,202109,1154
동대문구,638. 서울시립대 정보기술관,202109,736
동대문구,639. 서울시립대 후문,202109,716
동대문구,640. KEB하나은행 청량리역지점,202109,963
동대문구,641. 용두역 4번출구,202109,3029
동대문구,642. 신답역 사거리,202109,1730
동대문구,643. 동대문구민체육센터 (육교아래),202109,2267
동대문구,646. 장한평역 1번출구 (국민은행앞),202109,5445
동대문구,647. 신이문역 1번출구,202109,897
동대문구,648. 장안동위더스빌옆,202109,3111
동대문구,650. 중랑교사거리,202109,2076
동대문구,652. 답십리 래미안엘파인아파트 입구,202109,617
동대문구,654. 전농동 텃골공원,202109,945
동대문구,656. 영휘원 교차로,202109,896
동대문구,657. 동대문롯데캐슬아파트 앞,202109,1595
동대문구,658. 촬영소 사거리,202109,1707
동대문구,659. 제기역1번출구,202109,2540
동대문구,660. 동의보감타워,202109,2041
동대문구,661. 경희대학교 청운관,202109,1534
동대문구,663. 외대앞역 4번출구,202109,1575
동대문구,664. 서울시립대 건설공학관,202109,707
동대문구,665.이문동 쌍용아파트 정문,202109,1016
동대문구,666.이문대성유니드아파트 앞,202109,1037
동대문구,667.청량차도 육교 밑,202109,650
동대문구,668.서울축산농협(장안지점),202109,3620
동대문구,669.청계한신휴플러스앞 삼거리,202109,1243
동대문구,670.삼육서울병원 버스정류장,202109,4591
동대문구,671.대광빌딩,202109,672
동대문구,672.대광고등학교,202109,1088
동대문구,673.안암골벽산아파트(후문),202109,1511
동대문구,674.고대앞사거리 교통섬,202109,2689
동대문구,675.성복교회 앞 (장평교 아래),202109,1794
동대문구,676.FITI시험연구원 앞,202109,951
동대문구,677.청량리역 4번 5번출구 사이,202109,2955
동대문구,678.장안힐스테이트(아) 앞,202109,1776
동대문구,679.전농SK아파트 앞,202109,450
동대문구,680.꿈마루어린이도서관 앞,202109,2821
동대문구,681.서울특별시 동부교육지원청(육교),202109,334
동작구,2002. 노들역 1번출구,202109,3796
동작구,2003. 사육신공원앞,202109,1799
동작구,2007. 유한양행앞,202109,1828
동작구,2008. 노량진근린공원 대방공원,202109,668
동작구,2009. 보라매역 8번출구,202109,1022
동작구,2012. 녹십초요양병원앞,202109,1110
동작구,2013. 장승배기역 5번출구,202109,2501
동작구,2015. 신대방삼거리역 6번출구쪽,202109,2820
동작구,2016. 신대방삼거리역 3번출구쪽,202109,1635
동작구,2020. 장승배기역2번출구뒷편쪽,202109,1027
동작구,2024. 상도역 1번출구,202109,808
동작구,2025. 흑석역 1번출구,202109,4114
동작구,2026. 흑석역 4번출구,202109,851
동작구,2027. 중앙대학교 정문 1,202109,448
동작구,2032. 이수역 11번출구쪽,202109,1782
동작구,2033. 사당동 아르테스 웨딩앞,202109,1410
동작구,2034. 사당역 7번출구쪽,202109,1356
동작구,2036. 정금마을 마을버스정류장,202109,851
동작구,2037. 동작역 5번출구 동작주차공원,202109,1162
동작구,2038. 동작역 7번출구,202109,297
동작구,2040. 비계 버스정류소,202109,323
동작구,2041. 사당중학교 버스정류소,202109,420
동작구,2048. 삼일초등학교 인근,202109,639
동작구,2050. 노량진역 5번출구,202109,3830
동작구,2054. 삼익아파트,202109,1938
동작구,2056. 동작구민 체육센터,202109,1874
동작구,2057. 상도 아이파크 아파트,202109,826
동작구,2058. 노량진동 맥도널드앞,202109,3312
동작구,2059. 보라매공원 정문,202109,2477
동작구,2060. 남성역3번출구 뒤,202109,1880
동작구,2061. 한강 현대아파트 건너편,202109,205
동작구,2062. 사당새마을금고,202109,655
동작구,2063. 대방역 4번출구,202109,1431
동작구,2064. 흑석한강푸르지오 106동앞,202109,295
동작구,2065. 서울시여성가족재단,202109,593
동작구,2066. 양문교회 앞,202109,1074
동작구,2067. LG전자 베스트? 대리점 앞,202109,1750
동작구,2068. 총신대 앞(육교),202109,93
동작구,2069. 숭실대 입구역3번 출구 앞,202109,890
동작구,2070. 노량진역 2번 출구 앞,202109,2331
동작구,2071. 대림아파트 후문 상가 옆,202109,494
동작구,2076.노들나루공원 입구,202109,4652
동작구,2077.노들역 3번출구,202109,1516
동작구,2078.흑석 아크로리버하임(103동),202109,260
동작구,2079.중앙대학교 중앙광장,202109,140
동작구,2080.빕스 대방점 앞,202109,2207
동작구,2082.7호선 이수역7번출구,202109,1012
동작구,2083.흑석롯데캐슬에듀포레(107동),202109,488
동작구,2084.e편한세상 상도노빌리티 앞,202109,1082
동작구,2085.강남중학교 앞,202109,1206
동작구,2086.삼일수영장 앞,202109,1211
동작구,2088.상도중앙하이츠빌 입구,202109,568
동작구,2089.사당역10번출구(금강빌딩),202109,1334
동작구,2090.기아자동차 사당점 앞,202109,1255
동작구,2091.이수역9번출구(맥도날드),202109,1285
동작구,2092.흑석한강푸르지오(110동),202109,256
동작구,2093.상도SH빌아파트 입구,202109,232
동작구,2094.숭실대학교(중문),202109,396
동작구,2095.경문고등학교 앞,202109,1107
동작구,2096.서울특별시 동작관악교육지원청,202109,201
동작구,237. 보라매 두산위브 건너편,202109,1966
동작구,4152. 상도효성해링턴플레이스,202109,597
동작구,4153. 흑석동효사정앞,202109,279
동작구,4158. 노량진근린공원,202109,204
동작구,4162. 노량진1동 청소년독서실,202109,493
동작구,4167. 구로교 아래,202109,684
동작구,4169. 신대방삼거리,202109,1531
동작구,4171. 우성아파트 앞,202109,1107
동작구,4173. 이화약국 앞,202109,805
동작구,4175. 스페이스 살림 앞,202109,900
마포구,102. 망원역 1번출구 앞,202109,4731
마포구,103. 망원역 2번출구 앞,202109,4285
마포구,104. 합정역 1번출구 앞,202109,1778
마포구,105. 합정역 5번출구 앞,202109,1424
마포구,106. 합정역 7번출구 앞,202109,5281
마포구,107. 신한은행 서교동금융센터점 앞,202109,2505
마포구,108. 서교동 사거리,202109,2083
마포구,109. 제일빌딩 앞,202109,2030
마포구,111. 상수역 2번출구 앞,202109,2206
마포구,112. 극동방송국 앞,202109,1537
마포구,113. 홍대입구역 2번출구 앞,202109,4967
마포구,114. 홍대입구역 8번출구 앞,202109,3415
마포구,118. 광흥창역 2번출구 앞,202109,1334
마포구,119. 서강나루 공원,202109,2385
마포구,120. 신수동 사거리,202109,569
마포구,121. 마포소방서 앞,202109,1375
마포구,122. 신성기사식당 앞,202109,1189
마포구,124. 서강대 정문 건너편,202109,1711
마포구,125. 서강대 남문 옆,202109,803
마포구,126. 서강대 후문 옆,202109,2277
마포구,127. 현대벤처빌 앞,202109,481
마포구,129. 신촌역(2호선) 6번출구 옆,202109,1231
마포구,130. 신촌역(2호선) 7번출구 앞,202109,2455
마포구,142. 아현역 4번출구 앞,202109,802
마포구,143. 공덕역 2번출구,202109,1906
마포구,144. 공덕역 8번출구,202109,4487
마포구,145. 공덕역 5번출구,202109,1219
마포구,146. 마포역 2번출구 뒤,202109,3900
마포구,147. 마포역 4번출구 뒤,202109,3793
마포구,148. 용강동 주민센터 앞,202109,2466
마포구,150. 서강대역 2번출구 앞,202109,1408
마포구,152. 마포구민체육센터 앞,202109,6335
마포구,153. 성산2교 사거리,202109,2624
마포구,154. 마포구청역,202109,3565
마포구,155. 가좌역1 번출구 앞,202109,965
마포구,156. 서울서부지방법원 앞,202109,1091
마포구,157. 애오개역 4번출구 앞,202109,2084
마포구,181. 망원초록길 입구,202109,2782
마포구,182. 망원2빗물펌프장 앞,202109,2203
마포구,183. 하늘채코오롱아파트 건너편,202109,3322
마포구,184. SK망원동주유소 건너편,202109,3353
마포구,185. 마포 신수공원 앞,202109,1356
마포구,186. 월드컵공원,202109,5920
마포구,199. 서울 월드컵 경기장,202109,1303
마포구,3002.벽산상암스마트큐브,202109,3489
마포구,3003.래미안신공덕3차아파트,202109,95
마포구,3005.마포구청 청사내,202109,483
마포구,3006. 상암월드컵파크5단지(상암중학교),202109,588
마포구,3007.MBC 앞,202109,1427
마포구,3008.DMC역7번출구,202109,1007
마포구,3009.서교동사거리(신),202109,2015
마포구,3010.홍대입구역 3번출구,202109,4675
마포구,3011.경의선(노고산동),202109,1878
마포구,400. 상암한화오벨리스크 1차 앞,202109,1478
마포구,401. 상암월드컵파크 10단지 앞,202109,1214
마포구,402. 상암월드컵파크 9단지 앞,202109,912
마포구,403. 부엉이공원 앞,202109,791
마포구,405. DMC빌 앞,202109,667
마포구,406. 상암월드컵파크 7단지 앞,202109,996
마포구,407. 마포구 육아종합지원센터,202109,1111
마포구,408. LG CNS앞,202109,900
마포구,409. 누리꿈스퀘어 옆,202109,2355
마포구,410. 상암중학교 옆,202109,473
마포구,411. DMC홍보관,202109,1471
마포구,412. DMC산학협력연구센터 앞,202109,1517
마포구,413. 상암월드컵파크 3단지 후문,202109,1000
마포구,414. 상암동주민센터 옆,202109,1759
마포구,415. DMC역 9번출구 앞,202109,3382
마포구,416. 상암월드컵파크 1단지 교차로,202109,1049
마포구,417. DMC역 2번출구 옆,202109,2206
마포구,418. 월드컵경기장역 3번출구 옆,202109,4448
마포구,419. 홈플러스 앞,202109,3263
마포구,420. 서울시 공공자전거 상암센터,202109,2480
마포구,4202. 프런트원(공덕역4번출구 앞),202109,806
마포구,4206. 광흥창역5번출구,202109,1047
마포구,4207. 아만티호텔 앞,202109,677
마포구,4208. 스타벅스(동교동) 앞,202109,937
마포구,421. 마포구청 앞,202109,2776
마포구,4210. 가좌행복주택 앞,202109,1571
마포구,4211. 시석빌딩 앞,202109,1032
마포구,4212. 한화오벨리스크 앞,202109,922
마포구,4213. 마포구중앙도서관 정문 앞,202109,1815
마포구,4214. JTBC 앞,202109,1069
마포구,4216. 망원정 앞,202109,747
마포구,4217. 한강공원 망원나들목,202109,9079
마포구,422. 문화비축기지,202109,574
마포구,424. 롯데하이마트 (상암월드컵점),202109,702
마포구,425. DMC첨단산업센터,202109,757
마포구,426. 서울신용보증재단,202109,2281
마포구,427. 성산시영아파트,202109,1288
마포구,432. 마포중앙도서관,202109,345
마포구,436. 이대역 5번출구,202109,1005
마포구,437. 대흥역 1번출구,202109,1459
마포구,438. 성산2-1 공영주차장,202109,2008
마포구,439. 마포어린이공원,202109,3237
마포구,440. 하늘공원 입구,202109,1976
마포구,487.신석초교앞 교차로 교통섬,202109,2332
마포구,488.푸르메병원,202109,1082
마포구,489.구룡근린공원,202109,403
마포구,490.가온문화공원,202109,1444
마포구,491.월드컵파크 4단지,202109,643
마포구,492.성산시영아파트 후문,202109,1682
마포구,493.홍대입구역 6번출구,202109,2342
마포구,494.신수동주민센터,202109,364
마포구,495.염리초등학교 앞,202109,1340
마포구,497.합정동주민센터 앞,202109,2765
마포구,498.연남동주민센터 앞,202109,3723
서대문구,115. 마스타 빌딩 앞,202109,1135
서대문구,116. 일진아이윌아파트 옆,202109,2332
서대문구,117. 홍은사거리,202109,4373
서대문구,123. 문화촌 공원,202109,2798
서대문구,128. 신촌역(2호선) 1번출구 옆,202109,1943
서대문구,131. 증산2교,202109,3367
서대문구,133. 해담는다리,202109,2646
서대문구,134. 연세로 명물길,202109,1253
서대문구,135. 명물길 원형무대 앞,202109,998
서대문구,137. NH농협 신촌지점 앞,202109,751
서대문구,138. 신촌동 제1공영주차장 앞,202109,1019
서대문구,139. 연세대 정문 건너편,202109,592
서대문구,140. 이화여대 후문,202109,961
서대문구,141. 연대 대운동장 옆,202109,670
서대문구,158. 독립문 어린이 공원,202109,526
서대문구,159. 이대역 4번 출구,202109,519
서대문구,160. 북아현동 가구거리,202109,758
서대문구,161. 무악재역1번 출구,202109,457
서대문구,162. 봉원고가차도 밑,202109,1266
서대문구,163. 명지전문대학교 정문 앞,202109,477
서대문구,164. 북가좌1동 주민센터,202109,453
서대문구,165. 중앙근린공원,202109,1552
서대문구,166. 가재울 초등학교,202109,1694
서대문구,167. 연가초등학교 옆,202109,770
서대문구,169. 북가좌 삼거리,202109,487
서대문구,170. 가재울 뉴타운 주유소 옆,202109,1358
서대문구,171. 임광빌딩 앞,202109,607
서대문구,173. 서대문역 8번출구 앞,202109,894
서대문구,175. 홍연2교옆,202109,3130
서대문구,176. 명지대학교 도서관,202109,2254
서대문구,177. 북가좌 초등학교,202109,908
서대문구,178. 증산3교 앞,202109,1821
서대문구,179. 가좌역 4번출구 앞,202109,1659
서대문구,180. 충정로역 7번출구 아래,202109,1131
서대문구,188. 홍은동 정원여중 입구,202109,1121
서대문구,191. 서우빌딩(바른학원),202109,1223
서대문구,192. 연서어린이공원,202109,815
서대문구,194. 증산교 앞,202109,2708
서대문구,195. 모래내고가차도,202109,1076
서대문구,196. 연희교차로 인근,202109,635
서대문구,198. 충정2교,202109,1098
서대문구,3100. 북성초교,202109,364
서대문구,3101. 서대문구청,202109,1242
서대문구,3102. 연희삼거리,202109,1385
서대문구,3103. 홍제삼거리 북측,202109,1212
서대문구,3104. e편한세상 신촌4단지 앞,202109,953
서대문구,3105. 홍은센트레빌 아파트 앞,202109,480
서대문구,3107. 연희초등학교 앞,202109,666
서대문구,3109.북한산더? 106동 앞,202109,393
서대문구,3110.홍은 현대아이파크 아파트 202동 앞,202109,1050
서대문구,3111.무악재역 4번 출구,202109,347
서대문구,3113.독립문역사거리,202109,942
서대문구,3114.충정로역 3번 출구,202109,331
서대문구,3115.북아현 치안센터 인근,202109,919
서대문구,3116.신촌역 4번출구,202109,932
서대문구,3117.이화여대 인문관 인근,202109,362
서대문구,3119.연희 브라운스톤 아파트 앞,202109,2010
서대문구,3120.DMC엘가아파트 앞,202109,1445
서대문구,3121.가좌삼거리,202109,1328
서대문구,3122.북가좌삼거리2,202109,888
서대문구,3123.DMC파크뷰자이1단지 110동 앞,202109,927
서대문구,3124.DMC센트럴아이파크아파트,202109,1836
서대문구,3125.연희파크푸르지오아파트 앞,202109,2231
서대문구,3126.남가좌동 제2공영주차장,202109,328
서대문구,3127.홍은2파출소 옆,202109,677
서대문구,3128.동신병원 맞은편,202109,1623
서대문구,3129.DMC래미안e편한세상203동옆,202109,925
서대문구,3130.가재울사거리,202109,810
서대문구,3131.연가교 교차로,202109,1283
서대문구,3132.홍제교,202109,643
서대문구,3133.핀란드 타워앞,202109,322
서대문구,3134.SK리쳄블(상수도사업본부),202109,421
서대문구,4253. 홍은도담도서관,202109,669
서대문구,4255. 래미안 루센티아 아파트 108동 앞,202109,808
서초구,2201. 본마을 정류소 앞,202109,118
서초구,2202.청계산입구역 1번출구,202109,1331
서초구,2203. 청계산입구역 2번출구,202109,371
서초구,2205. 내곡3단지 어린이공원 앞,202109,619
서초구,2206. 언남초등학교 앞,202109,1019
서초구,2207. 내곡파출소 뒤 정자,202109,150
서초구,2210. 반포1동 주민센터 앞,202109,508
서초구,2211. 서초구립반포도서관 앞,202109,1461
서초구,2212.서초현대4차아파트 201동 맞은편,202109,723
서초구,2213. 고속터미널역 5번출구 앞,202109,1107
서초구,2214. 신반포역 2번출구 앞,202109,1224
서초구,2215. 반포종합운동장 입구,202109,1219
서초구,2217.아크로리버뷰 부지 앞,202109,3268
서초구,"2219. 고속터미널역 8-1번, 8-2번 출구 사이",202109,6779
서초구,2220. 반포본동 주민센터 앞,202109,3839
서초구,2221.하나은행 방배동지점 앞,202109,1522
서초구,2222.사당역 12번출구 뒤,202109,2396
서초구,2223. 방배래미안 정문 앞,202109,569
서초구,2225.백석예술대학교 제3캠퍼스 앞,202109,274
서초구,2226. 신동아럭스빌아파트 앞,202109,344
서초구,2227.방배열린문화센터 앞,202109,836
서초구,2229.로고스교회 맞은 편,202109,996
서초구,2230.이수역 4번 출구,202109,2361
서초구,2231. 삼성타운(삼성생명) A동 맞은편,202109,1714
서초구,2233. 서초신동아1차아파트 옆,202109,684
서초구,2235.KT 서초지사 앞,202109,487
서초구,2237.서울남부터미널 대합실 입구,202109,1163
서초구,2239.교대역 6번출구,202109,897
서초구,2241.양재전화국 사거리,202109,358
서초구,2242.양재역 11번 출구 앞,202109,1150
서초구,2243.서울가정법원,202109,787
서초구,2244.교육개발원입구 교차로,202109,1653
서초구,2245.양재초등학교 맞은편,202109,1104
서초구,2246. 서울시 품질시험소 앞,202109,628
서초구,2247.섬들근린공원,202109,1692
서초구,2248. 서초리슈빌S 글로벌 앞,202109,229
서초구,2249. 우솔초등학교 맞은편,202109,231
서초구,2250. 서초유치원 맞은편,202109,892
서초구,2251. 더케이호텔 입구(양재2),202109,1045
서초구,2252. 하이브랜드 앞,202109,1770
서초구,2255.시민의숲역 1번출구 옆,202109,2398
서초구,2256.양재동 꽃시장 입구,202109,425
서초구,2257. 하나로클럽 양재점 맞은편,202109,140
서초구,2258.구룡사 삼거리,202109,432
서초구,2259. 잠원역 3번-4번 출구사이,202109,1148
서초구,2262. 한신16차아파트 119동 앞,202109,7059
서초구,2263. 바우뫼문화복지회관,202109,846
서초구,2264. 이수역 1번출구,202109,3337
서초구,2265. 이수고가차도 남단,202109,2517
서초구,2266. 서초역 3번출구,202109,1191
서초구,2268. 서초4동주민센터,202109,751
서초구,2269. 주홍교 하부,202109,503
서초구,2270. 서초포레스타 7단지,202109,396
서초구,2271. 내방역 8번출구 앞,202109,1052
서초구,2272. 교대입구 교차로,202109,474
서초구,2273. 일동제약 사거리,202109,1057
서초구,2274. 양재시민의숲역 3번출구,202109,1130
서초구,2275. 염곡치안센터 건너편,202109,84
서초구,2276. 영동1교 (양재천근린공원),202109,1475
서초구,2277. 길마중4교 하부,202109,5
서초구,2279. 교대역 5번출구뒤,202109,1675
서초구,2280. 서울서초고용센터앞,202109,483
서초구,2281. 연세사랑병원신관앞,202109,475
서초구,2282. 방배래미안아트힐 101동앞,202109,334
서초구,2283. 그룹한빌딩옆,202109,420
서초구,2284. CJ오쇼핑앞,202109,274
서초구,2285. LH서초3단지 301동 맞은편,202109,536
서초구,2286. 탑성마을입구,202109,46
서초구,2287. 능안마을입구,202109,50
서초구,2288. 안골마을입구,202109,63
서초구,2289. 남태령역 2번출구,202109,152
서초구,2293. SPC 앞,202109,956
서초구,2294. 두상빌딩 앞,202109,1428
서초구,2297. 남부터미널역 1번출구,202109,732
서초구,2298. 래미안서초스위트앞,202109,640
서초구,2299. 한전아트센터 앞,202109,912
서초구,2501. 서초 포레스타5단지,202109,752
서초구,2502. 서초역1번출구 앞,202109,560
서초구,2503. 반포1동 서초빌딩 앞,202109,1006
서초구,2504. 신사역 4번출구 뒤,202109,1503
서초구,2505. 우성아파트사거리 (기업은행앞),202109,1547
서초구,2506. LG유플러스 (방배사옥),202109,173
서초구,2508. 양재이스타빌 앞,202109,1706
서초구,2509. 심산기념문화센터,202109,363
서초구,2510. JW타워,202109,340
서초구,2511. 이수역 6번출구 앞,202109,1289
서초구,2514.사평역 2번출구,202109,612
서초구,2515.서초초등학교 후문,202109,992
서초구,2516.본마을 노인복지센터 앞,202109,501
서초구,2517.서초3교(효령로69길 방면),202109,363
서초구,2518.서초3교(효령로70길 방면),202109,701
서초구,2519.서초2교(사임당로 방면),202109,231
서초구,2520.서초1교 (진흥아파트 방면),202109,638
서초구,2521.서초 크로바타워 앞,202109,649
서초구,2523.뉴코아 킴스클럽 앞,202109,1455
서초구,2524.반포쇼핑타운 8동 앞,202109,1092
서초구,2525.반포쇼핑타운 2동 앞,202109,4141
서초구,2526.반포경남쇼핑 앞,202109,565
서초구,2527.반포중학교 앞(세화여고 맞은편),202109,815
서초구,2528.함지박 사거리,202109,1032
서초구,2529.우리은행 방배동지점 앞,202109,1128
서초구,2530.삼호3차아파트 앞,202109,1712
서초구,2531.멤피스아파트 앞,202109,1344
서초구,2532.국립국악원 앞,202109,201
서초구,2533.한가람미술관 앞,202109,332
서초구,2534.신흥교(애견훈련소),202109,16
서초구,2535.신반포역 3번출구 뒤,202109,516
서초구,2536.서초종합체육관 입구,202109,19
서초구,2537.양재역 8번출구 앞,202109,784
서초구,2538.사평리 공원,202109,1459
서초구,2539.대한무역투자진흥공사 KOTRA 앞,202109,332
서초구,2540.반포천 앞,202109,1307
서초구,2541.옛골 입구,202109,123
서초구,2542.신논현타워 앞,202109,1069
서초구,2545.국립중앙도서관(국제회의장옆),202109,421
서초구,2547.포드서초서비스센터앞,202109,778
서초구,2548.반포1동 자율방범초소 옆,202109,447
서초구,2549.LH 서초 4단지 403동,202109,625
서초구,2550.양재동 꽃시장 건너편,202109,687
서초구,4303. 매헌역 2번출구앞광역버스 정류장앞(22-297),202109,903
서초구,4304. 서울고앞,202109,506
서초구,4305. 서일스포츠센터,202109,152
서초구,4306. 서래공원 앞,202109,818
서초구,4307. 고투몰 gate 15옆,202109,797
서초구,4309. 서초케이타운앞,202109,185
서초구,4310. 염곡동(염통골) 입구,202109,138
서초구,4312. 반포미도2차아파트 옆,202109,422
서초구,4313. 반포종합운동장,202109,663
서초구,4314. 탑성마을 버스정거장 옆,202109,31
서초구,4315. 이투스교육 앞,202109,298
서초구,4316. 고속터미널역 3번출구,202109,710
서초구,4317. 양재근린공원,202109,1374
서초구,4318. 방배역 2번 출구,202109,951
서초구,4319. 삼성전자R&D어린이집 뒤,202109,165
서초구,4320. 신영체르니 아파트,202109,594
서초구,4322.서울추모공원 입구,202109,47
서초구,4323. 내곡도서관,202109,118
성동구,3511. 응봉역 1번출구,202109,6628
성동구,3513. 상왕십리역 1번출구,202109,1883
성동구,3514. 왕십리교회옆,202109,2891
성동구,3515. 서울숲 관리사무소,202109,5140
성동구,3525. 금호스포츠센터앞,202109,1254
성동구,3527. 왕십리 자이아파트,202109,23
성동구,3530. 왕십리자이아파트 후문(삼거리),202109,271
성동구,3531. 논골사거리(금호도서관 입구),202109,226
성동구,3532. 왕십리KCC스위첸아파트,202109,159
성동구,3538. 서울숲 IT캐슬,202109,75
성동구,3544.한양대역 3번 출구,202109,1557
성동구,3545.한양대역 1번출구,202109,839
성동구,3547.상왕십리역 6번 출입구,202109,551
성동구,3548.뚝섬역 6번출구,202109,2080
성동구,3549.건영아파트 앞,202109,1644
성동구,3550.금호나들목,202109,2016
성동구,3551.성동도로사업소,202109,525
성동구,3552.서울숲 공영주차장앞,202109,2585
성동구,3553.마장역3번출구,202109,738
성동구,3555.양지사거리(센트라스APT 115동앞),202109,498
성동구,3556.신금호파크자이APT앞,202109,274
성동구,3557.서울숲리버뷰자이APT105동 앞,202109,777
성동구,3558.마장동 금호어울림APT앞,202109,724
성동구,3559.성동구민종합체육센터 앞,202109,3448
성동구,3560.성동구 견인차량 보관소 앞,202109,1361
성동구,3561.행당동 삼부APT후문,202109,202
성동구,3600.사근빗물펌프장 건너편,202109,3447
성동구,4353. 코오롱디지털타워 3차앞,202109,2109
성동구,4360. 르노삼성자동차 성수사업소 앞,202109,508
성동구,4362. 행당중학교 후문,202109,1050
성동구,4363. 신금호역 2번출구 앞,202109,90
성동구,4367. kt 행당빌딩 앞,202109,914
성동구,4370. 서울숲IT캐슬 앞,202109,1725
성동구,506. 금호 어울림 아파트 앞,202109,755
성동구,507. 성수아이에스비즈타워 앞,202109,1688
성동구,508. 성수아카데미타워 앞,202109,2026
성동구,509. 이마트 버스정류소 옆,202109,4481
성동구,510. 서울숲 남문 버스정류소 옆,202109,2196
성동구,511. 서울숲역 4번 출구 옆,202109,2489
성동구,512. 뚝섬역 1번 출구 옆,202109,3283
성동구,513. 뚝섬역 5번 출구 정류소 옆,202109,1294
성동구,514. 성수사거리 버스정류장 앞,202109,2366
성동구,518. 청계천 박물관 앞,202109,840
성동구,519. 양지사거리,202109,1117
성동구,520. 상왕십리역 4번 출구 앞,202109,713
성동구,521. 왕십리역 11번 출구 앞,202109,2021
성동구,522. 금호역 1번출구 앞,202109,359
성동구,523. 옥수동성당 옆,202109,119
성동구,524. 래미안금호하이리버 아파트 102동 옆,202109,606
성동구,525. 한양대병원사거리,202109,1752
성동구,526. 용답토속공원 앞,202109,419
성동구,529. 장한평역 8번 출구 앞,202109,1890
성동구,530. 청계벽산아파트 앞,202109,1650
성동구,533. 우리은행 금호동 지점 앞,202109,547
성동구,534. 금호사거리,202109,366
성동구,535. 응봉삼거리,202109,714
성동구,536. 행당역 2번출구 앞,202109,1061
성동구,537. 한양대후문역 부근,202109,1788
성동구,538. 답십리역 8번출구 앞,202109,1264
성동구,550. 서울시설공단 앞,202109,1539
성동구,556. 달맞이공원,202109,207
성동구,557. 도선동 주민센터 앞,202109,1452
성동구,558. 성동광진 교육지원청 앞,202109,1540
성동구,559. 왕십리역 4번 출구 건너편,202109,2675
성동구,560. 비전교회 앞,202109,2072
성동구,561. 서울숲역 2번출구 앞,202109,2182
성동구,562. 군자지하보도 앞,202109,1004
성동구,563. 성동세무서 건너편,202109,2334
성동구,564. 금호역 3번출구,202109,133
성동구,565. 옥수역 3번출구,202109,8105
성동구,567. 성수역 2번출구 앞,202109,3870
성동구,568. 청계8가사거리 부근,202109,4168
성동구,569. 응봉현대아파트 정류소,202109,311
성동구,578. 성동세무서 부근,202109,1486
성동구,579. 마장역 4번출구,202109,1323
성동구,581. 용답초등학교,202109,1898
성동구,582. 경일중학교 앞,202109,1914
성동구,583. 청계천 생태교실 앞,202109,9561
성동구,585. 성수2가1동 공영주차장 인근,202109,4531
성동구,586. 마장동 주민센터,202109,896
성동구,587. 유니베라 앞,202109,2372
성동구,589. 성수역3번출구,202109,4771
성동구,594. 중랑물재생센터(서울새활용플라자),202109,634
성동구,9980. 에이텍,202109,8
성북구,1302. 한성대입구역6번출구 뒤,202109,737
성북구,1303. 돈암초교 입구,202109,870
성북구,1304. 만해공원,202109,340
성북구,1305. 성북구청,202109,1484
성북구,1306. 한성대입구역2번출구,202109,2305
성북구,1308. 안암로터리 버스정류장 앞,202109,5596
성북구,1314. 정릉꿈에그린1단지 201동 앞,202109,426
성북구,1315. 고려사대부속중고 정문,202109,392
성북구,1316. 고려사대부속중고 건너편,202109,505
성북구,1318. 길음역 3번출구 뒤,202109,1553
성북구,1319. 종암사거리 분수대,202109,2147
성북구,1320. LG베스트샵 종암점,202109,2468
성북구,1321. 국민은행 종암동지점 앞,202109,2880
성북구,1322. 래미안라센트아파트 103동 앞,202109,1348
성북구,1323. 월곡역 입구 육교 밑,202109,524
성북구,1325. 상월곡역 4번출구,202109,722
성북구,1326. 상월곡역 1번출구,202109,1029
성북구,1327. 상월곡역 3번출구,202109,1727
성북구,1328. 월곡역 3번출구,202109,2896
성북구,1332. 석계역 5번출구 건너편,202109,2705
성북구,1333. 석관초등학교 앞,202109,1682
성북구,1334. 석관동주민센터 앞,202109,1394
성북구,1336. 성북3교 위,202109,2152
성북구,1337. 돈암성당 옆,202109,2686
성북구,1338. 용문2교 옆,202109,1835
성북구,1339. 삼성전자서비스 성북센터,202109,1210
성북구,1340. 광운초등학교 앞,202109,771
성북구,1342. 성북쉼터 앞,202109,117
성북구,1343. 한성대7번출구 앞,202109,779
성북구,1344. 아리랑시네센터 앞,202109,616
성북구,1346. 길음8골어린이공원 옆,202109,1058
성북구,1347. 길음래미안아파트817동 상가 앞,202109,534
성북구,1348. 성북제일새마을금고 본점 앞,202109,872
성북구,1349. 월계2교 버스정류장 앞,202109,1084
성북구,1351. 안암2교 옆,202109,2779
성북구,1352. e 편한세상 보문아파트 내,202109,149
성북구,1353. 금호어울림센터힐 내,202109,345
성북구,1354. 고려대학교 2번출구,202109,2150
성북구,1355. 보문2교,202109,4207
성북구,1357. 북한산보국문역,202109,546
성북구,1358. 정릉도서관 앞,202109,902
성북구,1359. 장위뉴타운 꿈에 숲 코오롱 하늘채 앞,202109,2389
성북구,1360. 정릉역,202109,919
성북구,1361. 홍익중고 입구,202109,1159
성북구,1362. 보문역6번출구 앞,202109,1883
성북구,1363. 보문4교 인근,202109,3200
성북구,1364. 성북동 치안센터 앞,202109,860
성북구,1365. 선잠단지 앞,202109,369
성북구,1366. 일신초등학교 옆,202109,379
성북구,1367. 길음문화복합미디어센터,202109,438
성북구,1368. 성신여대입구 교차로,202109,1299
성북구,1369. 미아사거리,202109,2022
성북구,1370. 복자사랑 피정의 집,202109,286
성북구,1372. KEB은행 고대점,202109,568
성북구,1373. 성북구보건소 건너편,202109,1080
성북구,1375. 생명의 전화 종합복지관 앞 교차로,202109,1567
성북구,1376. 한국과학기술연구원 중문,202109,236
성북구,1377. 한국과학기술연구원 북문,202109,263
성북구,1379.길음뉴타운푸르지오아파트 3단지,202109,218
성북구,1380.월곡역 5번출구 앞,202109,2583
성북구,1381.석계역 4번출구 뒤,202109,2374
성북구,1382.래미안월곡아파트 입구,202109,1404
성북구,1384.성신여대입구역 5번출구,202109,2221
성북구,1385.성신여대입구역 3번출구 앞,202109,1547
성북구,1386.동선고가차도 초입,202109,647
성북구,1388.커핀그루나루,202109,990
성북구,1390.석관래미안아트리치,202109,1916
성북구,1391.성북청소년센터,202109,666
성북구,1392.돈암삼성풍림아파트,202109,241
성북구,1393.돈암육교 하단,202109,190
성북구,1394.길음뉴타운 래미안9단지,202109,1105
성북구,1395.래미안장위포레카운티(102동),202109,1113
성북구,1396.래미안장위퍼스트하이(513동),202109,1721
성북구,4406. 장곡초등학교 앞,202109,1091
성북구,4408. 돌곶이역 앞,202109,1655
성북구,4411. 동산어린이공원 앞,202109,554
송파구,1201. 가락시장역 3번 출구,202109,2290
송파구,1203. 밀리아나2빌딩 앞,202109,2549
송파구,1204. 거여역 3번출구,202109,1713
송파구,1205. 종합운동장역 4번출구,202109,1573
송파구,1206. 9호선종합운동장역 9번출구,202109,1337
송파구,1207. 마천CU우방점 앞,202109,1006
송파구,1208. 풍납현대아파트쉼터,202109,1865
송파구,1209. 잠실나루역 (2번 출구 쪽),202109,3356
송파구,1210. 롯데월드타워(잠실역2번출구 쪽),202109,10322
송파구,1211. 방이삼거리,202109,5141
송파구,1212. 송파역 2번 출구앞,202109,1808
송파구,1213. 백토공원 앞,202109,578
송파구,1214. 오금역 7번 출구 인근,202109,1191
송파구,1215. 올림픽공원역 1번출구 앞,202109,2097
송파구,1217. 송파파인타운 7단지,202109,1020
송파구,1218. 방이역 4번출구,202109,3090
송파구,1220. 잠실본동주민센터뒤 잠실근린공원,202109,2697
송파구,1221. 삼전사거리 포스코더샵,202109,2773
송파구,1222. 잠실새내역 5번 출구 뒤,202109,4696
송파구,1224. 아시아지하보도 2번 출구,202109,1984
송파구,1226. 잠실4동 주민센터 옆,202109,1845
송파구,1227. 거여역 8번출구 뒤,202109,1650
송파구,1228. 마천사거리,202109,1217
송파구,1229. 송파체육문화회관 앞,202109,1202
송파구,1230. 송파중학교 정문,202109,1000
송파구,1231. 잠실역 6번출구,202109,3516
송파구,1232. 롯데마트 주차장 옆,202109,2712
송파구,1233. 잠실3거리(갤러리아팰리스),202109,1280
송파구,1235. 잠실트리지움310동 옆,202109,2259
송파구,1239. 문정 법조단지3,202109,487
송파구,1240. 문정 법조단지4,202109,956
송파구,1241. 문정 법조단지5,202109,425
송파구,1242. 문정 법조단지6,202109,131
송파구,1243. 문정 법조단지7,202109,2697
송파구,1244. 문정 법조단지8,202109,3252
송파구,1245. 문정 법조단지9,202109,1887
송파구,1246. 문정 법조단지10,202109,2240
송파구,1247. 문정 법조단지11,202109,1221
송파구,1248. 방이초등학교,202109,2486
송파구,1249. 아주중학교건너편,202109,1804
송파구,1250.문정2동 주민센터,202109,869
송파구,1251. 석촌역 2번출구,202109,2989
송파구,1253. 오금역 3번 출구 뒤,202109,873
송파구,1256. 문정현대아파트 교차로,202109,894
송파구,1257. 가락시장역 롯데마트앞,202109,1091
송파구,1258. 가락미륭아파트 앞,202109,599
송파구,1259. 방이역 1번출구,202109,1974
송파구,1260. 방이동 한양3차아파트 옆,202109,1531
송파구,1262. 송파여성문화회관 앞,202109,2291
송파구,1263. 장지공영차고지,202109,477
송파구,1264. 천호역 10번 출구 앞,202109,3569
송파구,1265. 문정동 근린공원,202109,1417
송파구,1266. 문정동 글샘 공원,202109,761
송파구,1267. 올림픽공원 남2문 앞,202109,1809
송파구,1268. 몽촌토성역 1번출구 옆,202109,5092
송파구,1269. 리센츠아파트,202109,1711
송파구,1271. 송파도서관,202109,1204
송파구,1274. 영파여고 앞,202109,1560
송파구,1275. 거여초등학교 옆,202109,631
송파구,1277. 오금동 송파 참병원,202109,1398
송파구,1278. 송파구청 교차로,202109,3171
송파구,1279. 마천금호어울림 1차아파트 건너편,202109,519
송파구,1280. 송파파크데일 2단지입구 앞 주차장,202109,995
송파구,1282. 송파소방서 맞은편(성내4교),202109,2178
송파구,1283. 오금공원 사거리,202109,258
송파구,1285. 위례별 유치원 뒤,202109,576
송파구,1286. 위례중앙푸르지오 1단지 앞,202109,1364
송파구,1287. 위례아이파크 101동 맞은편,202109,624
송파구,1288. 문정중교 사거리,202109,1143
송파구,1289. 풍납동 자전거보관소,202109,482
송파구,1290. 위례송파꿈에그린아파트24단지 앞 성벽 다리 밑,202109,479
송파구,1291. 서울체육고등학교 앞,202109,454
송파구,1293. 석촌호교차로 (스타벅스 앞),202109,3579
송파구,1295. 잠실역 8번출구,202109,5279
송파구,1296. 석촌호수교차로 (송파나루근린공원 앞),202109,843
송파구,1297. 석촌호수교차로(동호 팔각정 앞),202109,2608
송파구,1299. 송파소방서 (방이119안전센터),202109,920
송파구,1300. 오륜사거리,202109,851
송파구,2601. 석촌호수 아뜰리에,202109,2723
송파구,2603. 송파 글마루 도서관,202109,720
송파구,2604. 삼표레미콘 앞,202109,1368
송파구,2605. 복정역 1번 출구 앞,202109,726
송파구,2606. 위례동주민센터 맞은편 근린공원,202109,2225
송파구,2607. 복정역 2번출구 후문 (장지치안센터),202109,922
송파구,2608. 송파구청,202109,2591
송파구,2609. 보성중고등학교 후문 앞,202109,177
송파구,2610. 송리단길,202109,3418
송파구,2611. 송파지역자활센터 뒤,202109,2639
송파구,2612. 문정·가락 대여소 앞,202109,134
송파구,2613. 잠실나들목,202109,5299
송파구,2614. 가락고등학교 앞,202109,611
송파구,2615. 테라타워2,202109,2204
송파구,2616. 거여동 사거리,202109,613
송파구,2617. 가락삼환아파트 앞,202109,937
송파구,2618. 삼전역 1번출구,202109,2202
송파구,2619. 석촌고분역 4번출구,202109,3019
송파구,2620. 송파나루역 4번 출구옆,202109,5795
송파구,2621. 한성백제역 2번 출구,202109,3796
송파구,2622. 올림픽공원역 3번출구,202109,8429
송파구,2623.석촌동 주민센터,202109,2983
송파구,2625.가락1동 주민센터,202109,697
송파구,"2626.경찰병원역 1,2번 출구 사이",202109,939
송파구,2627.문정시영아파트 5동 앞 공원,202109,879
송파구,2628.문정역 1번출구,202109,2240
송파구,2629.문정동 힐스데이트 에코 송파,202109,2976
송파구,2630.서울방이동 고분군,202109,2153
송파구,2631.배명고등학교,202109,1386
송파구,2632.석촌고분역 2번 출구,202109,3191
송파구,2633.송파학사 옆,202109,1522
송파구,2634.위례포레샤인아파트 2318동,202109,619
송파구,2635.잠실새내역 1번출구,202109,2202
송파구,2637.잠실월드 메르디앙,202109,2565
송파구,2638.쌍용아파트,202109,2277
송파구,2639.석촌역 8번출구,202109,3739
송파구,2641.송파역 4번출구,202109,3530
송파구,2642.마천동 성내천 쉼터,202109,1241
송파구,2643.풍납중학교 측면,202109,615
송파구,2644.성내5교 (GS주유소),202109,1513
송파구,2645.잠실나들목2(엘스아파트136동),202109,756
송파구,2646.레이크펠리스101동앞,202109,3156
송파구,2647.잠실 자전거 수리센터 앞,202109,2669
송파구,2648.헬리오시티 112동 앞,202109,2014
송파구,2649.오금공원사거리2,202109,397
송파구,2650.위례22단지 2208동 다리앞,202109,487
송파구,2651.경찰병원역 3번출구 앞,202109,1402
송파구,2652.송파 레미니스1단지 102동 앞,202109,1084
송파구,2653.올림픽공원사거리(선수촌아파트),202109,2082
송파구,2654.올림픽선수촌아파트 136동 앞,202109,955
송파구,2655.송이공원,202109,723
송파구,2656.풍납동 아이파크 107동 앞,202109,1219
송파구,2657.송파 파인타운 11단지,202109,820
송파구,2658.가락몰 업무동,202109,1461
송파구,2659.서울친환경유통센터,202109,197
송파구,4452. 삼성SDS,202109,2945
송파구,4453. 위례중앙푸르지오 201동 앞,202109,1874
송파구,4454. 위례 포레샤인 1809동 부근,202109,1315
송파구,4456. 위례포레샤인 2310동 부근,202109,1000
송파구,4457. 아산병원 기숙사 부근,202109,2923
송파구,4458. 서울힐링요양병원 앞,202109,637
송파구,4460. 올림픽훼미리아파트 112동 앞,202109,1388
송파구,4461. 한양3차아파트 3동 앞,202109,373
송파구,4462. 가락중학교 앞,202109,601
송파구,4463. 방이역 2번 출구,202109,821
송파구,4464. 올림픽공원 북2문,202109,1624
송파구,4465. 건영아파트앞 사거리,202109,1706
송파구,4467. 한림연예예술고등학교,202109,808
송파구,4468. 가락1동 주민센터 2,202109,1264
송파구,4469. 거여동 어울림아파트 102동앞,202109,665
송파구,4472. 송파파크데일 1단지 115동 건너편,202109,731
송파구,4473. 마천금호어울림 1차 102동앞,202109,334
송파구,4474. 가락현대 1차 11동 앞,202109,470
송파구,4475. 송파파인타운 4단지 403동,202109,388
송파구,4478. 문정근린공원2,202109,954
송파구,4479. 문정중학교,202109,178
송파구,4480. 가락시장역 롯데마트2,202109,996
송파구,4481. 올림픽공원 북2문 2,202109,2819
송파구,4483. 잠실나들목4,202109,3709
송파구,4484. 잠실나루역4번출구뒤,202109,1962
송파구,4485. 잠실나루역 고가하부,202109,450
송파구,4486. 홈플러스 잠실점,202109,1990
송파구,4488. 문현중.고등학교 사이,202109,187
송파구,4490. 송파파인타운 10단지 1005동,202109,394
송파구,4491. 장지역 1번출구,202109,1295
송파구,4493. 마천사거리 2,202109,759
송파구,4496. 잠실 파크리오 120동 앞,202109,1323
송파구,4497. 아시아선수촌아파트 교차로,202109,954
송파구,4499. 세양청마루 101동 앞,202109,801
송파구,4500. 풍납나들목,202109,1446
송파구,4852. 서울복합물류 게이트 1,202109,1049
송파구,4853. 송파 안전체험교육관,202109,126
송파구,4854. 가락시장역 2번 출구,202109,1215
송파구,4855. 거여5단지 503동 앞,202109,903
송파구,4856. 올림픽공원 서1문 앞,202109,936
송파구,4857. 올림픽공원 장미광장,202109,927
송파구,4859. 잠실나루 나들목,202109,2496
송파구,4860. 가락쌍용2차아파트 103동,202109,850
송파구,4861. 거여삼거리,202109,649
송파구,4862. 올림픽파크텔 맞은편,202109,499
송파구,4863. 잠실나들목5,202109,745
송파구,4864. 송파사거리,202109,2640
송파구,4865. 한성백제역 1번출구 뒤,202109,3292
송파구,4867. 가락대림아파트 앞,202109,926
송파구,4868. 레이크 호텔 앞,202109,2293
송파구,4869. 잠실나들목6,202109,1655
송파구,4870. 몽촌토성역 3번 출구,202109,3837
송파구,4871. 오금동 대림아파트 정문,202109,22
송파구,4872. 개롱역 3번 출구 뒤,202109,1768
양천구,4507. 삼성전자서비스 신정센터,202109,1063
양천구,4508. 유원목동아파트 앞,202109,2175
양천구,4509. 서울영상고교 입구,202109,3150
양천구,4510. 신정네거리역 교차로,202109,1571
양천구,4512. 목동13_14단지 사거리,202109,786
양천구,4514. 목동성당 앞,202109,2226
양천구,4515. 동문굿모닝탑,202109,3399
양천구,4516. 신진빌라,202109,432
양천구,4517. 성보하이드로빌딩,202109,1416
양천구,4518. 청기와빌딩,202109,1015
양천구,4519. 양원보도육교,202109,229
양천구,4520. 대성유니드아파트,202109,1046
양천구,4522. 다이소신곡시장점,202109,1621
양천구,4523. 구립양천어르신요양센터,202109,166
양천구,4526. 목동아파트2단지 222동 앞,202109,1268
양천구,4527. 목동신시가지아파트6단지,202109,1806
양천구,4528. 양천구청역 1번출구,202109,1057
양천구,4530. 버거킹 신월점 앞,202109,648
양천구,4531. 목동아파트 613동 앞,202109,2566
양천구,4532. 목동현대아파트 후문 앞,202109,1101
양천구,700. KB국민은행 염창역 지점 앞,202109,1920
양천구,701. 목동사거리 부근,202109,1833
양천구,702. 목4동주민센터 옆,202109,2212
양천구,703. 오목교역 7번출구 앞,202109,4971
양천구,704. 남부법원검찰청 교차로,202109,3405
양천구,706. 신정네거리역,202109,1101
양천구,707. 신정3동주민센터,202109,1066
양천구,708. 서울출입국관리사무소 앞,202109,3781
양천구,709. 신정3동 현장민원실 앞,202109,1246
양천구,710. 금옥여고보도육교,202109,506
양천구,711. 신일해피트리아파트 앞,202109,1416
양천구,712. 강월초교입구 사거리,202109,937
양천구,713. 양서중학교 옆,202109,891
양천구,714. 한국SGI 양천문화회관 앞,202109,903
양천구,716.신정6동 주민센터 인근,202109,1659
양천구,719. 홍익병원앞 교차로,202109,2235
양천구,720. 서울강월초등학교 앞,202109,916
양천구,722. LG전자베스트샵 신정점,202109,1658
양천구,723. SBS방송국,202109,2465
양천구,724. 계남공원 입구 주출입구 좌측,202109,412
양천구,725. 양강중학교앞 교차로,202109,873
양천구,726. 목동3단지 시내버스정류장,202109,2622
양천구,729. 서부식자재마트 건너편,202109,2982
양천구,731. 서울시 도로환경관리센터,202109,2431
양천구,732. 신월동 이마트,202109,1088
양천구,733. 신정이펜하우스314동,202109,841
양천구,734. 신트리공원 입구,202109,2702
양천구,735. 영도초등학교,202109,3306
양천구,736. 오솔길공원,202109,1304
양천구,737. 장수공원,202109,1303
양천구,739. 신월사거리,202109,1536
양천구,740. 으뜸공원,202109,1430
양천구,741. 화곡로 입구 교차로,202109,508
양천구,742. 등촌역 5번 출구 뒤,202109,1153
양천구,743. 현대6차아파트 101동 옆,202109,1083
양천구,744. 신목동역 2번 출구,202109,2799
양천구,745. 강서초등학교,202109,927
양천구,746. 목동2단지 상가,202109,3907
양천구,747. 목동3단지 상가,202109,1865
양천구,748. 목동운동장,202109,520
양천구,749. 이대 목동병원 앞,202109,1204
양천구,750. 연의근린공원 건너편,202109,999
양천구,752. 성원2차 아파트,202109,1269
양천구,754. 목동1단지아파트 118동 앞,202109,2049
양천구,755. 목동1단지아파트 상가 앞,202109,2919
양천구,756. 목동주차장,202109,1907
양천구,757. 신정이펜하우스 1단지아파트 입구 사거리,202109,659
양천구,758. 한사랑교회 앞,202109,1660
양천구,759. 보아스아파트 앞,202109,1112
양천구,760. 잣절보도육교 아래,202109,665
양천구,762. 오목로 무중력지대 앞,202109,1448
양천구,763. 목동11단지 아파트,202109,1836
양천구,764. 목동청소년수련관,202109,2973
양천구,765. 오목교역 3번출구,202109,6235
양천구,766. 신목동역 3번출구,202109,3065
양천구,767.신정숲속마을아파트,202109,493
양천구,768.목동5단지아파트 501동,202109,1914
양천구,769.CBS방송국 앞,202109,5087
양천구,770.목동역5번출구 교통정보센터 앞,202109,7251
양천구,771.목동아파트 703동 앞,202109,2594
양천구,"773.염창역 3, 4번 출구 사이",202109,2084
양천구,774.등촌역 4번 출구,202109,1436
양천구,775.세종그랑시아 앞(102동),202109,1115
양천구,776.목마공원,202109,830
양천구,777.신월6차보람아파트 앞,202109,1179
양천구,779. 신정1동 주민센터 앞,202109,2843
양천구,780.신정교 하부,202109,4258
양천구,781.신정보도육교 아래,202109,3062
양천구,782.서남병원 후문,202109,954
양천구,"785.양천구청, 보건소 사잇길",202109,5143
양천구,786.목동아파트 8단지 상가동 앞,202109,2282
양천구,787.양천아파트 입구,202109,3119
양천구,788.양천구청역 2번출구 옆,202109,2609
양천구,790.화곡고가 사거리,202109,1067
양천구,791.현대하이페리온,202109,2970
양천구,792.목동트라팰리스 웨스턴에비뉴,202109,5365
양천구,793.목동5단지아파트 534동,202109,2345
양천구,794.양천문화회관,202109,2406
양천구,795.양천 해누리타운,202109,2595
양천구,796.목동아파트 14단지 B상가 앞,202109,2025
양천구,797.목동아파트 1422동 1434동 사잇길,202109,3264
영등포구,200. 국회의원회관,202109,236
영등포구,201. 진미파라곤 앞,202109,2039
영등포구,202. 국민일보 앞,202109,5485
영등포구,203. 국회의사당역 3번출구 옆,202109,2145
영등포구,204. 국회의사당역 5번출구 옆,202109,1546
영등포구,205. 산업은행 앞,202109,3151
영등포구,206. KBS 앞,202109,3107
영등포구,207. 여의나루역 1번출구 앞,202109,20258
영등포구,209. 유진투자증권빌딩 앞,202109,2535
영등포구,210. IFC몰,202109,8482
영등포구,211. 여의도역 4번출구 옆,202109,3859
영등포구,212. 여의도역 1번출구 옆,202109,1709
영등포구,213. KT앞,202109,2481
영등포구,214. 금융감독원 앞,202109,1906
영등포구,215. 여의도고교 앞,202109,2403
영등포구,217. NH농협은행 앞,202109,3107
영등포구,219. 롯데캐슬엠파이어 옆,202109,1528
영등포구,220. 미성아파트 A동 앞,202109,1774
영등포구,221. 여의도초교 앞,202109,2933
영등포구,222. 시범아파트버스정류장 옆,202109,2585
영등포구,223. 진주아파트상가 앞,202109,1292
영등포구,224. 롯데캐슬 앞,202109,2654
영등포구,225. 앙카라공원 앞,202109,2111
영등포구,226. 샛강역 1번출구 앞,202109,1993
영등포구,227. 양평2나들목 보행통로 입구,202109,4790
영등포구,228. 선유도역 3번출구 앞,202109,5478
영등포구,229. 양평1 보행육교 앞,202109,3064
영등포구,230. 영등포구청역 1번출구,202109,6750
영등포구,231. 남부고용노동지청 남측,202109,1639
영등포구,232. 양평우림 이비즈센타 앞,202109,2593
영등포구,233. YP 센터 앞,202109,747
영등포구,234. 영등포구민체육센터 앞,202109,1151
영등포구,235. 신길동 우리은행 옆,202109,1155
영등포구,236. 문래동자이아파트 앞,202109,2727
영등포구,238. 제2구민체육센타 앞,202109,1158
영등포구,239. 유스호스텔 앞,202109,1366
영등포구,240. 문래역 4번출구 앞,202109,3303
영등포구,241. 신길우성1차아파트 앞 공원,202109,995
영등포구,242. 신길선원가와인아파트 앞,202109,1342
영등포구,243. 이앤씨드림타워 앞,202109,3185
영등포구,244. 영등포삼환아파트 앞,202109,2237
영등포구,245. 삼성생명 당산사옥 앞,202109,3170
영등포구,247. 당산역 10번출구 앞,202109,8205
영등포구,248. 초원아파트 앞,202109,2771
영등포구,249. 여의도중학교 옆,202109,4268
영등포구,250. 대림아파트 사거리,202109,1053
영등포구,251. 서울지방병무청 버스정류장,202109,1012
영등포구,252. 보라매역4번출구,202109,1829
영등포구,253. 신풍역 5번출구 인근,202109,1068
영등포구,254. 도림신협 앞,202109,1435
영등포구,255. 도림사거리,202109,1760
영등포구,256. 동아에코빌입구,202109,1324
영등포구,258. 신길역3번출구,202109,1912
영등포구,259. 대방역6번출구,202109,4304
영등포구,260. 여의도 마리나선착장 앞,202109,1342
영등포구,262. 영문초등학교 사거리,202109,4304
영등포구,263. 근로자회관 사거리,202109,3491
영등포구,264. 교보생명보험 앞,202109,1684
영등포구,265. 영등포유통상가 사거리,202109,1757
영등포구,266. 영등포청과시장 사거리,202109,1505
영등포구,267. 삼성화재 사옥 옆,202109,2336
영등포구,268. 그랜드컨벤션센터 앞,202109,2451
영등포구,270. 증권거래소후문교차로,202109,1208
영등포구,271. 샛강생태공원방문자센터 앞,202109,835
영등포구,272. 당산육갑문,202109,9406
영등포구,274. 영등포역지하쇼핑센타 5번출구,202109,5512
영등포구,275. 신동아아파트,202109,3804
영등포구,276. SK 영등포주유소,202109,3343
영등포구,278. 쌍용플레티넘오피스텔,202109,3275
영등포구,279. 영등포 푸르지오 아파트,202109,2303
영등포구,280. 양평동6차현대아파트 앞,202109,2751
영등포구,281. 신동아아파트 앞,202109,1429
영등포구,282. 신한은행,202109,727
영등포구,283. 아크로타워 스퀘어(영등포시장),202109,3621
영등포구,284. 센트럴 푸르지오 시티 앞,202109,2768
영등포구,285. 대림3동사거리(하나은행),202109,835
영등포구,286. 우성아파트 교차로,202109,1716
영등포구,287. 영등포전화국사거리 (서강어린이공원),202109,2737
영등포구,288. 쌍용예가(구청별관),202109,1647
영등포구,289. 대림3동사거리,202109,1299
영등포구,290. 당산동 SK V1 빌딩,202109,2228
영등포구,291. 문래동 하이테크 시티,202109,2991
영등포구,292. 영일 어린이공원,202109,1350
영등포구,293. 충북 미래관,202109,3785
영등포구,295.영등포공원 분수대 앞,202109,375
영등포구,296.KT플라자 영등포점,202109,2465
영등포구,297.국회3문,202109,382
영등포구,298.KBS 연구동 건너편,202109,742
영등포구,299.여의도 순복음교회,202109,1285
영등포구,3201.당산skv1센터,202109,1473
영등포구,3202.당산롯데캐슬프레스티지,202109,2780
영등포구,3203.도림동배드민턴체육관,202109,770
영등포구,3204.도림고가도로 밑,202109,974
영등포구,3206.문래동 주민센터,202109,1504
영등포구,3207.양남사거리1,202109,621
영등포구,3211.신길 래미안 프레비뉴,202109,645
영등포구,3212.신풍역 6번출구,202109,1315
영등포구,3214.영등포 푸르지오,202109,1894
영등포구,3215.강변삼성래미안,202109,1460
영등포구,3219.영등포역 2번출구,202109,2880
영등포구,3220.래미안에스티움 앞 (신풍로),202109,1514
영등포구,3221.서울특별시 남부교육지원청,202109,648
영등포구,4552. 코레일유통본사,202109,953
영등포구,4553. 당산삼성2차아파트,202109,1976
영등포구,4555. 대림우성2차아파트,202109,684
영등포구,4556. 리버뷰신안인스빌1차 후문,202109,1178
영등포구,4557. 리버뷰신안인스빌2차 후문,202109,1401
영등포구,4558. 대영중고 후문,202109,930
영등포구,4559. 신길역 2번출구,202109,3153
영등포구,4560. 양평동성원아파트,202109,889
영등포구,4561. 양평역 1번출구,202109,3965
영등포구,4563. 여의도 은하아파트,202109,706
영등포구,4564. 63스퀘어,202109,2596
영등포구,4565. 영등포 신세계백화점,202109,4401
영등포구,4566. 대림성원상떼빌아파트,202109,1628
영등포구,4567. 한림대학교 강남성심병원 신관,202109,1132
영등포구,4568. 영등포로터리,202109,1742
영등포구,4569. 힐스테이트클래시안아파트,202109,994
영등포구,4571. 문래동롯데캐슬아파트,202109,3885
영등포구,4573. 두산위브아파트,202109,487
영등포구,4574. 영등포시장역 포레나영등포,202109,2372
영등포구,4575. 대림동 e편한세상영등포아델포레,202109,1846
영등포구,4576.보라매sk뷰 108동 앞,202109,946
영등포구,4578.보라매sk뷰,202109,824
영등포구,4579. 국회의사당 본관,202109,420
영등포구,4580. 국회3문,202109,478
영등포구,4581. 국회소통관,202109,391
영등포구,4582. 국회도서관,202109,219
영등포구,4583. 의정관,202109,311
영등포구,4584. 국회2문,202109,342
영등포구,4585. 국회6문,202109,381
영등포구,4588.양남사거리2,202109,907
영등포구,4589. KRX한국거래소(1),202109,459
영등포구,4590. KRX한국거래소(2),202109,650
영등포구,4591. 신길자이아파트,202109,10
영등포구,4592. 신길우성4차아파트,202109,94
용산구,4602. 숙명여대앞 버스정류소 주변,202109,228
용산구,4603. 한강GS에클라트 건너편 교통섬,202109,789
용산구,4604. 원효로다목적체육관 앞,202109,512
용산구,"4605. 노들섬 다목적홀(동쪽) 숲, 앞",202109,1106
용산구,4607. 국립중앙박물관 -용산가족공원 앞,202109,448
용산구,4608. 국립중앙박물관 정문 앞,202109,276
용산구,4609. 파크타워 104동 앞,202109,388
용산구,4610. 한남나인원 105동 앞,202109,610
용산구,4611. 국제루터교회 앞,202109,265
용산구,4612. 한남 준 J.FSS 앞,202109,259
용산구,4613. 서울갤러리아 앞,202109,343
용산구,4615. 크라운호텔앞 버스정류소,202109,1046
용산구,4616. 신용산지하차도 앞,202109,690
용산구,4617. 동원베네스트 건너편,202109,175
용산구,4618. 풍전아파트 건너편,202109,729
용산구,4619. 한강트럼프월드3차 앞,202109,1668
용산구,4620. 삼각지역 14번 출구 앞(교통섬),202109,1143
용산구,4622. 한강중학교 앞 버스정류장,202109,417
용산구,4623. 라인프랜즈이태원점 앞,202109,802
용산구,4625. 용산공원갤러리앞,202109,350
용산구,4627. 효창공원앞역 5번출구 옆,202109,592
용산구,4629. 한강초교보도육교 앞,202109,1552
용산구,4632. 용산 푸르지오 파크타운 1단지 앞,202109,346
용산구,800. 목월공원 앞,202109,1285
용산구,802. 한강진역 2번 출구 앞,202109,707
용산구,803. 한남초교 앞 보도육교,202109,175
용산구,805. 문배어린이공원 앞,202109,1253
용산구,806. 전자랜드 본관 앞,202109,570
용산구,807. 서울역 12번 출구 앞,202109,1058
용산구,808. 서빙고동 금호맨션 앞,202109,502
용산구,809. 한남 유수지 복개주차장,202109,1266
용산구,810. 이태원지하보도,202109,865
용산구,811. 녹사평역1번출구,202109,810
용산구,812. 용산전쟁기념관,202109,350
용산구,813. 삼각지역 3번출구,202109,1328
용산구,815. LIG강촌아파트 103동앞,202109,2084
용산구,816. 신용산역 6번출구 앞,202109,2330
용산구,817. 삼각지역 4번출구 앞,202109,1592
용산구,818. 숙명여대 입구 교차로,202109,2055
용산구,819. 선린인터넷 고등학교,202109,1543
용산구,820. 청파동입구 교차로,202109,1156
용산구,822. 이촌1동 마을공원,202109,526
용산구,823. 효창동주민센터 앞,202109,294
용산구,825. 서빙고동 주민센터 앞,202109,4674
용산구,827. 국군복지단,202109,155
용산구,828. 숙대입구역 8번,202109,1171
용산구,829. 베르가모앞,202109,3382
용산구,830. 청암자이아파트앞,202109,489
용산구,831. 이태원관광특구입구,202109,717
용산구,832. 이촌1동 주민센터 뒤,202109,1909
용산구,834. 효창공원앞역 3번출구 뒤,202109,1923
용산구,835. 남영역 건너편,202109,1260
용산구,836. 현대자동차서비스 앞,202109,1503
용산구,837. 한남나들목 입구,202109,2525
용산구,838. 숙대입구역 4번출구,202109,1861
용산구,839. 보광동 삼성리버빌아파트 앞,202109,1571
용산구,840. 용산 파크타워 앞,202109,850
용산구,841. 신용산역 1번 출구,202109,2588
용산구,843. 녹사평역 광장,202109,1050
용산구,844. 이촌2동 동원베네스트 아파트 앞,202109,1163
용산구,845. 용산 선인상가,202109,969
용산구,846. 용산중학교,202109,1215
용산구,847. 국방부민원실옆,202109,533
용산구,848. 삼각지12번 출구,202109,583
용산구,849. 삼각지 자이아파트,202109,1946
용산구,850. KCC용산월츠타워,202109,934
용산구,851.효창 푸르지오 앞,202109,375
용산구,852.청암자이APT(103동),202109,895
용산구,853.용산역 맞은편,202109,4995
용산구,854.HID 유족동지회 앞,202109,300
용산구,855.이촌역5번출구 앞,202109,266
용산구,857. 현대 안성타워,202109,397
용산구,858.녹사평역3번 출구,202109,438
용산구,859.남산공원 야외식물원 앞,202109,174
용산구,860.LG한강 자이아파트 앞,202109,2723
용산구,863.이촌역2번 출구,202109,477
용산구,864.순천향대학병원(한남오거리),202109,1200
용산구,865.하얏트호텔 앞,202109,179
용산구,866.브라운스톤 남산아파트,202109,616
용산구,867.서빙고역 광장(1번출구),202109,583
용산구,869.노들섬 동측 앞,202109,710
용산구,870.노들섬 서측 앞,202109,6033
은평구,4652. 신사두산위브2차아파트 앞,202109,1471
은평구,4653. LG 베스트샵 앞,202109,895
은평구,4654. OK부동산 앞,202109,645
은평구,4657. 다이소앞,202109,1536
은평구,4658. 녹번역1번출구앞,202109,525
은평구,4659. 커피데이응암동지점,202109,1104
은평구,4663. 삼성디지털은평불광점앞,202109,796
은평구,4665. 김영혜손뜨개 앞,202109,756
은평구,4667. 폭포동입구 교차로,202109,468
은평구,4668. 기자촌사거리,202109,356
은평구,4671. 청구성심병원 앞,202109,990
은평구,4672. 준빌딩 앞,202109,385
은평구,4674. 녹번역e편한세상 캐슬 정문 앞,202109,1267
은평구,4676. 갈현1동 주민센터,202109,775
은평구,4677. 백련산 SK뷰 아이파크 해모로 아파트 앞,202109,1179
은평구,900. 은평예술회관,202109,1007
은평구,901. 응암1동사무소,202109,877
은평구,902. 진관동 은빛초등학교,202109,664
은평구,903. 은평뉴타운 아이파크,202109,973
은평구,904. 은평뉴타운 푸르지오,202109,1032
은평구,905. 구파발역 2번출구,202109,2431
은평구,906. 연신내역 5번출구,202109,3715
은평구,907. CJ 드림시티,202109,5669
은평구,908. 구산역 4번출구,202109,1635
은평구,909. 백련산 힐스테이트 3차,202109,660
은평구,911. 은평평화공원(역촌역4번출구),202109,2814
은평구,912. 응암오거리,202109,2612
은평구,913. 이마트 은평점,202109,3372
은평구,914. 새절역 2번출구,202109,3503
은평구,915. 증산역 4번출구,202109,1882
은평구,916. 평생학습관 앞,202109,1421
은평구,917. 녹번역 4번출구,202109,1299
은평구,919. 서울혁신파크,202109,1003
은평구,921. 신도고등학교,202109,311
은평구,922. 연신내역 4번출구,202109,772
은평구,923. 국민은행 연서지점,202109,948
은평구,924. 메뚜기다리,202109,207
은평구,925. 불광역 2번출구,202109,758
은평구,927. 연신내역 3번출구 인근,202109,800
은평구,928. 은평역사한옥박물관,202109,584
은평구,930. 구 서부경찰서 건너편,202109,989
은평구,931. 역촌파출소,202109,3944
은평구,932. 예일여중,202109,1296
은평구,933. LG서비스 역촌점,202109,2266
은평구,934. 신사동 성당,202109,437
은평구,937. 상림마을 롯데캐슬2단지 옆,202109,211
은평구,938. 금암 문화공원,202109,299
은평구,939. 은평구청 교차로,202109,786
은평구,941. 은평뉴타운 도서관,202109,604
은평구,942. 상림마을 생태공원,202109,488
은평구,943. 은평구청 보건소,202109,2171
은평구,945. 기자촌 사거리,202109,319
은평구,946. 독바위역,202109,818
은평구,947. 연신내 선일하이츠빌 정류소,202109,670
은평구,948. 디지털미디어 시티역 4번출구(DMC역),202109,912
은평구,949. 연신내역 1번 출구,202109,1463
은평구,950. 구산역 2번 출구,202109,2489
은평구,952. 서울연신중학교,202109,495
은평구,953. 서울연신초등학교,202109,710
은평구,954. 은평뉴타운구파발9단지,202109,983
은평구,956. 응암시장교차로,202109,2741
은평구,958. 신한은행 응암동 지점 앞,202109,1334
은평구,959. 구파발10단지 인근,202109,515
은평구,960. 구파발역 환승센터,202109,882
은평구,961. 불광역 9번 출구,202109,1652
은평구,962. 은평뉴타운 힐데스하임,202109,1647
은평구,963. 대호프라자아파트,202109,1018
은평구,964. 북한산힐스테이트 7차아파트,202109,785
은평구,965. 서울특별시 은평병원,202109,660
은평구,966. 서울혁신파크1,202109,444
은평구,967. 서울혁신파크2,202109,421
은평구,968. 은평뉴타운 상림마을 13단지,202109,165
은평구,969. 은평 지웰테라스,202109,274
은평구,971. 역촌 센트레빌 아파트,202109,562
은평구,972. 수색역,202109,1368
은평구,973.제각말푸르지오 5-1단지 아파트,202109,406
은평구,974.연신초등학교옆 마을마당,202109,201
은평구,975.백련산 힐스테이트상가앞,202109,548
은평구,976.진관고등학교앞,202109,833
은평구,977.신도중학교앞,202109,273
은평구,978.녹번 힐스테이트상가앞,202109,620
은평구,979.원풍빌라앞,202109,591
은평구,982.유니클로 은평점앞,202109,1101
은평구,984.상신초등학교앞 버스정류장,202109,1408
은평구,985.은평온누리약국앞,202109,1119
은평구,989.응암 꼬꼬닭치킨호프 앞,202109,1913
은평구,991.흥국사 정류장,202109,215
은평구,992.북한산입구 정류장,202109,469
은평구,993.은평뉴타운 은뜨락아파트앞,202109,688
은평구,994.북한산생태공원입구(교통섬),202109,355
은평구,995.은평다목적체육관,202109,513
은평구,996.응암역2번출구 국민은행 앞,202109,5061
종로구,301. 경복궁역 7번출구 앞,202109,1590
종로구,302. 경복궁역 4번출구 뒤,202109,3386
종로구,303. 광화문역 1번출구 앞,202109,2244
종로구,305. 종로구청 옆,202109,1573
종로구,307. 서울역사박물관 앞,202109,86
종로구,308. 광화문 S타워 앞,202109,2228
종로구,309. 광화문역 6번출구 옆,202109,1500
종로구,314. 국립현대미술관,202109,1645
종로구,316. 종각역 1번출구 앞,202109,2178
종로구,326. 안국역 5번출구 앞,202109,1879
종로구,327. 낙원상가 옆,202109,1610
종로구,328. 탑골공원 앞,202109,989
종로구,329. 청계2가 사거리 옆,202109,1655
종로구,334. 종로3가역 2번출구 뒤,202109,1556
종로구,335. 종로3가역 15번출구 앞,202109,1129
종로구,337. 창경궁 입구,202109,799
종로구,338. 세운스퀘어 앞,202109,1179
종로구,339. 종로4가 사거리,202109,1393
종로구,340. 혜화동 로터리,202109,1866
종로구,3401.창신두산아파트,202109,303
종로구,3402.이화공영주차장,202109,597
종로구,3403.서울특별시 교육청,202109,205
종로구,3404.서울특별시 중부교육지원청,202109,187
종로구,3405.파크팰리스,202109,1225
종로구,3406.세종로공원,202109,1253
종로구,3407.안국동사거리(신),202109,2028
종로구,3408.종로타워빌딩,202109,1119
종로구,341. 혜화역 3번출구 뒤,202109,1355
종로구,3410.종로3가역 8번출구,202109,2529
종로구,3411.종묘,202109,1047
종로구,3412.세운상가,202109,863
종로구,3413.종로플레이스,202109,1668
종로구,3414.종로5가역 4번출구,202109,1117
종로구,3415.동대문역6번출구,202109,797
종로구,3416.동묘앞역 6번출구,202109,2099
종로구,3417.창신3동주민센터,202109,1095
종로구,3418.창신역2번 출구,202109,102
종로구,3419.국립어린이과학관,202109,671
종로구,342. 대학로 마로니에공원,202109,3386
종로구,3420.성균관대입구사거리(맥도날드),202109,1128
종로구,3421.혜화역 1번출구,202109,2401
종로구,3422.성균관대 정문,202109,1939
종로구,3423.현대그룹(본사),202109,1038
종로구,3425.광화문 풍림스페이스본 1단지앞,202109,786
종로구,3426.독립문역 2번출구 뒤,202109,375
종로구,3427.인왕산 아이파크 정문,202109,394
종로구,3428.서울미술관,202109,271
종로구,3429.AW컨벤션앞,202109,278
종로구,343. 예일빌딩(율곡로) 앞,202109,731
종로구,3430.구기치안센터 앞,202109,181
종로구,3431.로제우스 레포츠센터,202109,302
종로구,3432.종로2가 사거리,202109,1762
종로구,344. 성균관대 E하우스 앞,202109,1267
종로구,345. 서울보증보험본사 앞,202109,1208
종로구,348. 독립문역 사거리,202109,1340
종로구,349. 사직동주민센터,202109,1017
종로구,351. 청운초교 앞 삼거리,202109,916
종로구,352. 중앙고입구 삼거리,202109,615
종로구,353. 재동초교 앞 삼거리,202109,1276
종로구,354. 포르투갈 대사관 앞,202109,1152
종로구,355. 서울사대부속초교 앞,202109,1330
종로구,356. KT혜화지사 앞,202109,1178
종로구,358. 성대입구 사거리,202109,1172
종로구,359. 원남동사거리,202109,1093
종로구,361. 동묘앞역 1번출구 뒤,202109,3715
종로구,362. 청계8가 사거리,202109,2489
종로구,363. 신설동역 11번출구 뒤,202109,2103
종로구,364. 창신역 1번출구 앞,202109,670
종로구,367. 독립문역 3-1번출구,202109,1493
종로구,368. SK 서린빌딩 앞,202109,1760
종로구,369. 광화문 시민열린마당,202109,1748
종로구,385. 종각역 5번출구,202109,2007
종로구,388. 동성중학교 앞,202109,626
종로구,393. 동대문역 8번 출구,202109,3023
종로구,394. 경희궁 자이 3단지,202109,1351
종로구,395. 경희궁 자이 2단지,202109,1375
종로구,397. 종묘공영주차장 건너편,202109,690
종로구,446. 상명대입구,202109,891
종로구,447. 신영동삼거리,202109,116
종로구,449. 일성아파트,202109,369
종로구,450. 효자동 삼거리,202109,1007
종로구,451. 청와대앞길,202109,322
종로구,452. 동대문 종합시장 버스정류장,202109,659
종로구,453. 종로오가 지하쇼핑센터 14번출구,202109,1234
종로구,454. 종로2가 버스정류장 (종각방향),202109,1357
종로구,455. 삼익한의원,202109,1091
종로구,456. 숭인2동 주민센터 입구 (이강3대냉면),202109,1379
종로구,457. 종로꽃시장 입구 옆,202109,1153
종로구,458. 광화문역 5번출구,202109,3623
종로구,461. 서울지방경찰청,202109,1360
종로구,462. 신영동삼거리(북악터널방향),202109,157
종로구,464. 삼청동 골목,202109,1047
종로구,465. 삼청공원 앞,202109,218
종로구,"4702. 평창동 꽃여울(꽃집),스타벅스 앞",202109,150
종로구,4703. 쌍용아파트2단지 정문,202109,132
종로구,4704. 쌍용아파트2단지 상가앞,202109,94
종로구,4705. 웰니스센터(민방위교육장 앞),202109,1080
종로구,4707. 청계3가 사거리,202109,711
종로구,4708. 조계사앞사거리(파리바케트앞),202109,1426
종로구,4709. 천지인 오피스텔 앞,202109,138
종로구,4710. 자교교회 앞,202109,2052
종로구,4711. 올림픽기념 국민생활관 로터리,202109,1217
종로구,4713. 현대 뜨레비앙 아파트 앞,202109,1443
종로구,486. 평창동주민센터 앞,202109,216
중구,300. 정동사거리,202109,1545
중구,3013.서울지방고용노동청 앞,202109,1248
중구,310. 청계광장 옆,202109,1667
중구,318. 광교사거리 남측,202109,1116
중구,320. 을지로입구역 4번출구 앞,202109,1341
중구,321. KEB 하나금융그룹 명동사옥 옆,202109,1108
중구,322. 명동성당 앞,202109,587
중구,324. 신세계백화점 본점 앞,202109,882
중구,331. 을지로2가 사거리 북측,202109,667
중구,332. 을지로2가 사거리 남측,202109,922
중구,336. 티마크 호텔 앞,202109,969
중구,346. 맥스타일 앞,202109,1481
중구,347. 동대문역사문화공원역 9번출구 앞,202109,678
중구,370. 시청역(2호선) 9번출구 뒤,202109,2483
중구,371. 동대입구역 6번출구 뒤,202109,469
중구,372. 약수역 3번출구 뒤,202109,961
중구,374. 청구역 2번출구 앞,202109,1869
중구,375. 다산 어린이공원,202109,1941
중구,379. 서울역9번출구,202109,1160
중구,380. CJ제일제당 앞,202109,1561
중구,381. 장충체육관,202109,185
중구,382. 약수역 10번출구 앞,202109,692
중구,383. 신당역 12번 출구 뒤,202109,3068
중구,384. 종로학원본원,202109,321
중구,387. 훈련원공원주차장 앞,202109,1601
중구,389. 을지로4가역 1번출구,202109,1052
중구,390. 충무로역 1번출구,202109,1611
중구,391. 정동길입구,202109,1156
중구,398. 을지로3가역 3번출구,202109,1797
중구,399. 서울역 센트럴 자이아파트,202109,1145
중구,428. 명보사거리,202109,476
중구,429. 송도병원,202109,235
중구,430. KEB하나은행 장충동지점,202109,845
중구,431. 청계천 영도교,202109,4377
중구,433. 을지로입구역 2번출구,202109,1517
중구,434. 신당 래미안 버스정류장,202109,207
중구,435. SK 남산빌딩,202109,390
중구,441.염천교사거리,202109,575
중구,442.서울역 서부,202109,477
중구,443.호암아트홀,202109,253
중구,445.대한상공회의소,202109,1276
중구,466.롯데호텔,202109,529
중구,467.한국은행,202109,356
중구,468.웨스틴 조선호텔,202109,653
중구,469.회현역 1번출구,202109,379
중구,470.회현역 7번출구,202109,365
중구,471.회현사거리 남측,202109,706
중구,472.삼일교(시그니쳐 타워),202109,926
중구,473.을지로4가역 9번출구,202109,1498
중구,474.동대문역사문화공원역 1번출구 뒤편,202109,2038
중구,475.DDP 패션몰,202109,1169
중구,4752. 삼성사이버빌리지아파트,202109,492
중구,4753. 우리은행 서소문금융센터,202109,550
중구,476.광희문,202109,980
중구,4760. 서울역 7번출구,202109,192
중구,4761. 탐앤탐스 을지로3가점,202109,395
중구,4762. 국제빌딩,202109,514
중구,4765. 동대문디자인플라자,202109,1854
중구,4766. 서소문성지역사박물관,202109,303
중구,4768. 서울도시건축전시관,202109,2598
중구,477.앰배서더 호텔 주변,202109,384
중구,4772. 중앙일보,202109,210
중구,4774. 을지로입구역 8번출구,202109,653
중구,4775. 을지로지하쇼핑센터,202109,670
중구,4776. 신세계면세점,202109,542
중구,4777. 약수동 주민센터,202109,219
중구,4778. 대신파이낸스센터,202109,902
중구,4779. 태극당,202109,786
중구,4781. 브라운스위트레지던스,202109,573
중구,4782. 서소문역사공원,202109,253
중구,4784. 중부경찰서앞 사거리,202109,556
중구,4785. 롯데시티호텔,202109,510
중구,479.동대입구역 3번 출구,202109,257
중구,4791. 명동역9번 출구,202109,1290
중구,4792. 퇴계로4가 교차로(중구청),202109,1372
중구,4793. 동대문역사문화공원역 5번출구,202109,834
중구,4794. 서울역 서부교차로(3),202109,895
중구,4796. 부산은행,202109,1638
중구,4797. KG타워 앞,202109,1012
중구,480.약수역 6번 출구,202109,487
중구,481.신당역 10번 출구,202109,1394
중구,482.예수소망교회,202109,110
중구,483.남산타운아파트 버스정류장,202109,372
중구,484.도동삼거리,202109,111
중구,485.서울역5번출구,202109,1100
중구,826. 서울역 서부교차로2,202109,1384
중랑구,1401. 극동늘푸른아파트,202109,2231
중랑구,1402. 금란주차장 앞,202109,1836
중랑구,1403. 중화빌딩 앞 (동부시장),202109,1735
중랑구,1404. 동일로 지하차도,202109,1682
중랑구,1405. 망우역 1번출구,202109,880
중랑구,1406. 망우청소년수련관,202109,310
중랑구,1407. 먹골역 1번출구 뒤,202109,1201
중랑구,1408. 먹골역 6번출구 앞,202109,1271
중랑구,1410. 면목 대원칸타빌아파트,202109,296
중랑구,1411. 상봉시장앞 교차로 한성빌딩 앞,202109,1632
중랑구,1412. 면목초등학교,202109,772
중랑구,1413. 봉화산역 5번출구 뒤,202109,1381
중랑구,1414. 사가정역 1번출구,202109,119
중랑구,1416. 상봉역 3번출구,202109,1656
중랑구,1418. 새솔초등학교,202109,557
중랑구,1420. 신내어울공원 앞,202109,846
중랑구,1421. 신내역 4번출구,202109,298
중랑구,1422. 신내우디안아파트 1단지,202109,228
중랑구,1424. 양원역 2번출구,202109,336
중랑구,1425. 용마문화복지센터,202109,681
중랑구,1426. 면목도시개발아파트 1동 앞,202109,609
중랑구,1427. 용마산역 1번출구,202109,351
중랑구,1428. 원묵고등학교,202109,976
중랑구,1429. 장안중학교,202109,1319
중랑구,1430. 중랑구청,202109,1394
중랑구,1431. 중랑구청 사거리,202109,1912
중랑구,1433. 중화역 2번출구,202109,2200
중랑구,1435. 능산삼거리,202109,359
중랑구,1436. 영풍마드레빌,202109,882
중랑구,1437. 늘푸른공원 앞,202109,1377
중랑구,1438. 홈플러스 신내점 앞,202109,2407
중랑구,1440. 하나은행 면목지점,202109,1583
중랑구,1441. 신내능말공원,202109,634
중랑구,1442. (구)신한은행 중랑교지점,202109,2170
중랑구,1443. 구립망우청소년독서실,202109,592
중랑구,1444. 면목4치안센터,202109,1436
중랑구,1445. 용마지구대,202109,264
중랑구,1446. 중랑전화국 교차로,202109,1881
중랑구,1447. 면목역 3번출구,202109,2766
중랑구,1448. 코스트코 상봉점,202109,2549
중랑구,1449. 상봉역 1번출구,202109,2714
중랑구,1450. 화랑대역 7번출구,202109,1813
중랑구,1451. 중랑세무서,202109,3315
중랑구,1452. 겸재교 진입부,202109,3251
중랑구,1453. 중랑캠핑숲,202109,470
중랑구,1454. 한국전력공사(동대문 중랑지사),202109,996
중랑구,1455. 상봉역 2번 출구,202109,1808
중랑구,1456. 상아빌딩(우림시장 교차로),202109,1224
중랑구,1457. 동원사거리,202109,981
중랑구,1458. 상봉터미널2,202109,2251
중랑구,1459. 용마한신아파트사거리,202109,935
중랑구,1461.동양엔파트 앞,202109,1495
중랑구,1462.동부시장 북문 앞,202109,2120
중랑구,1463.중랑구민회관,202109,249
중랑구,1464.중화역 4번출구,202109,801
중랑구,1465.중랑공영차고지 옆,202109,821
중랑구,1466.두산대림아파트 삼거리,202109,549
중랑구,1467.sk신내 주유소앞(용마산로),202109,160
중랑구,1468.먹골역 7번 출구,202109,898
중랑구,1469.먹골역 4번출구,202109,1279
중랑구,1470.중화동 우리은행 앞,202109,1634
중랑구,1471.동양쇼핑 정류소 앞,202109,1753
중랑구,1472.영성빌딩(PAT),202109,920
중랑구,1473.중랑역 1번 출구(중화문화복지센터),202109,1591
중랑구,1474.서울중랑우체국,202109,1080
중랑구,1477.면목삼익아파트 앞,202109,440
중랑구,1478.홈플러스 상봉점 앞,202109,1941
중랑구,1479.면목 홈플러스 2,202109,1089
중랑구,1480. 용마지구대 옆,202109,948
중랑구,4802. 새우개마을,202109,311
중랑구,4803. 상봉2동 주민센터 앞,202109,823
중랑구,4804. 동서울농협 앞,202109,1373
중랑구,4807. 라코지스테이 앞,202109,398
중랑구,4808. 신내2동 주민센터 앞,202109,694
중랑구,"4809. 동성1,2차 아파트 앞",202109,1286
중랑구,4811. 한양수자인아파트 앞,202109,297
중랑구,4812. 묵동 이마트 앞,202109,1657
중랑구,4813. 망우로 버거킹 앞,202109,1855
중랑구,4815. 중랑데시앙플렉스 앞,202109,358
중랑구,4819. 면목동 새싹어린이공원 앞,202109,1614
중랑구,4820. 망우역 2번 출구,202109,1115
중랑구,4825. 신내동 벽산아파트 후문 앞,202109,281
중랑구,4826. 홈플러스 면목점,202109,786
강남구,2301. 현대고등학교 건너편,202110,2950
강남구,2302. 교보타워 버스정류장(신논현역 3번출구 후면),202110,1295
강남구,2303. 논현역 7번출구,202110,1496
강남구,2304. 신영 ROYAL PALACE 앞,202110,331
강남구,2305. MCM 본사 직영점 앞,202110,393
강남구,2306. 압구정역 2번 출구 옆,202110,2044
강남구,2307. 압구정 한양 3차 아파트,202110,407
강남구,2308. 압구정파출소 앞,202110,937
강남구,2309. 청담역(우리들병원 앞),202110,432
강남구,2310. 청담동 맥도날드 옆(위치),202110,446
강남구,2311. 학동로 래미안 아파트 앞,202110,329
강남구,2312. 청담역 13번 출구 앞,202110,436
강남구,2313. 금원빌딩 앞,202110,724
강남구,2314. 청담나들목입구,202110,725
강남구,2315. 봉은사역 5번출구 옆,202110,950
강남구,2316. 삼성역 8번출구,202110,1033
강남구,2317. 삼성도로공원,202110,974
강남구,2318. 삼성중앙역4번출구(문화센터더 리빌),202110,385
강남구,2319. 포스코사거리 서측(수협 삼성동 지점),202110,645
강남구,2320. 도곡역 대치지구대 방향,202110,641
강남구,2321. 학여울역 사거리,202110,740
강남구,2322. 삼성역 3번 출구,202110,662
강남구,2323. 주식회사 오뚜기 정문 앞,202110,595
강남구,2324. 천주교 대치 2동 교회 옆,202110,1101
강남구,2325. 대치동 버거킹대치점,202110,832
강남구,2326. 대치동 삼성로,202110,376
강남구,2327. 뱅뱅사거리 랜드마크타워 앞,202110,1166
강남구,2328. 르네상스 호텔 사거리 역삼지하보도 7번출구 앞,202110,623
강남구,2329. 르네상스호텔사거리 역삼지하보도 2번출구,202110,345
강남구,2330. 스타벅스 앞,202110,643
강남구,2331. 동영문화센터앞,202110,442
강남구,2332. 선릉역3번출구,202110,1147
강남구,2333. 양재역 3번출구 주변,202110,1041
강남구,2334. 삼호아파트 2동 ( 간선도로),202110,221
강남구,2335. 3호선 매봉역 3번출구앞,202110,1778
강남구,2336. 강남세브란스교차로 래미안그레이튼 104동 앞,202110,341
강남구,2337. 대모산입구역 2번출구 앞,202110,529
강남구,2339. 현대아파트 정문 앞,202110,564
강남구,2340. 삼호물산버스정류장(23370) 옆,202110,2244
강남구,2341. 일원역 4~5번 출구 사이,202110,449
강남구,2342. 대청역 1번출구 뒤,202110,1772
강남구,2343. 세곡사거리 대왕파출소 앞,202110,127
강남구,2344. 리엔파크 2단지 앞,202110,505
강남구,2347. 두산건설 본사,202110,239
강남구,2348. 포스코사거리(기업은행),202110,1836
강남구,2349. 역삼빌딩 앞(하나은행 옆),202110,270
강남구,2350. 래미안그레이튼102동앞,202110,240
강남구,2351. 청소년수련관(수영장)앞,202110,298
강남구,2352. 서울본부세관(건설회관 앞),202110,202
강남구,2353. 강남구청역 2번출구 뒤,202110,474
강남구,2354. 청담역 2번출구,202110,248
강남구,2355. 삼성역 5~6번 출구 사이,202110,1183
강남구,2356. 강남구청,202110,433
강남구,2357. 르네상스호텔사거리 역삼지하보도 3번출구 앞 (더 오번 빌딩 명동칼국수 앞),202110,276
강남구,2358. 구룡초사거리 (현대아파트10동 앞 ),202110,353
강남구,"2359. 국립국악중,고교 정문 맞은편",202110,941
강남구,2360. 도곡1동 주민센터 교차로,202110,490
강남구,2362. 신사동 가로수길 입구,202110,960
강남구,2363. 강남 을지병원 교차로,202110,292
강남구,2364. 도산대로 렉서스 앞,202110,578
강남구,2365. K+ 타워 앞,202110,1136
강남구,2368. 도곡동 경남아파트 건너편,202110,266
강남구,2369. KT선릉타워,202110,861
강남구,2370. 한티역 3번출구,202110,322
강남구,2371. 한국우편사업진흥원,202110,183
강남구,2372. 대치역 사거리,202110,1080
강남구,2373. 개포동역 사거리,202110,1389
강남구,2375. 수서역 1번출구 앞,202110,936
강남구,2376. 수서역 6번출구 앞,202110,369
강남구,2377. 수서역 5번출구 뒤,202110,3000
강남구,2380. 삼성동베이직하우스앞,202110,273
강남구,2381. 언주역 6번출구앞,202110,468
강남구,2382. 역삼동 sk뷰 501동앞,202110,318
강남구,2383. 보금자리정원,202110,223
강남구,2384. 자곡사거리,202110,1798
강남구,2385. 학동역,202110,592
강남구,2386. 크린랩 본사,202110,241
강남구,2387. 래미안강남힐즈 사거리,202110,879
강남구,2388. 강남구 도시관리공단,202110,349
강남구,2389. 경기여자고등학교 후문 (삼성로3길 입구),202110,706
강남구,2390. 구룡마을 입구 (래미안블레스티지 아파트),202110,266
강남구,2391. 구룡터널 입구(개포1단지아파트),202110,11
강남구,2392. 구룡산 입구 (구룡산 서울둘레길 입구),202110,65
강남구,2393. 구룡사 앞 교차로 (보도육교),202110,43
강남구,2394. 개포래미안포레스트아파트 107동 앞,202110,808
강남구,2395. 개포1단지아파트 입구 (보도육교),202110,94
강남구,2396. 영동3교 북단(우성캐릭터 앞 보도),202110,718
강남구,2398. 더라움,202110,224
강남구,2401. 밀알학교 입구 (삼성서울병원 입구),202110,329
강남구,2403. 공무원연금매점 교차로 (개포주공9단지 입구),202110,260
강남구,2404. 대모산입구역 4번 출구 앞,202110,1303
강남구,2405. 청담공원앞 교차로,202110,704
강남구,2406. 논현동 광명빌딩 앞,202110,437
강남구,2407. 역삼.서초.삼성 세무서 앞 (역삼빌딩 앞),202110,1477
강남구,2408. 강남한양수자인아파트,202110,912
강남구,2409. 역삼동 디오슈페리움 (우성아파트 사거리),202110,809
강남구,2410. 포스코피앤에스타워 (역삼역 3번출구 부근),202110,761
강남구,2411. 세곡동 성당,202110,822
강남구,2412. 일원1동 주민센터,202110,1111
강남구,2413.도곡역 1번 출구,202110,1129
강남구,2414. 도곡역 아카데미스위트 앞,202110,1356
강남구,2415.한티역 롯데백화점 앞,202110,926
강남구,2416.한티역 6번 출구,202110,346
강남구,2417.선정릉 디캠프(D.CAMP)앞,202110,307
강남구,2418.봉은사역 7번 출구,202110,882
강남구,"2419.봉은사역 1,2번 출구",202110,609
강남구,2420.학여울역 사거리(LG베스트샵 앞),202110,822
강남구,2421. 신논현역 4번출구,202110,661
강남구,2422.수서동 성당 맞은편,202110,797
강남구,2423.영희초교 사거리(래미안개포루체하임),202110,1209
강남구,2425.세곡동 사거리(대왕초등학교 정류장),202110,227
강남구,2426.강남한신휴플러스 6단지,202110,525
강남구,2427.개포고등학교 정문앞,202110,487
강남구,2428.롯데리아 개포점앞,202110,376
강남구,2429.압구정로데오역 6번출구,202110,900
강남구,2430.강남파이낸스센터앞(역삼역2번출구),202110,451
강남구,2431.대치역 7번출구,202110,1389
강남구,3602. 한국지역난방공사강남지사,202110,275
강남구,3603. 삼성역 2번출구,202110,646
강남구,3604. 삼성중앙역 5번출구,202110,439
강남구,3606. 신사동주민센터 옆,202110,955
강남구,3609. 언주초등학교 입구,202110,473
강남구,3610. 윗반마을 입구,202110,147
강남구,3611. 방죽마을 입구,202110,319
강남구,3612. 은곡마을,202110,439
강남구,3614. 은마아파트 입구 사거리,202110,1013
강남구,3615. 서울 논현동우체국 앞,202110,198
강남구,3616. 역삼중학교 앞(체육관 방향),202110,218
강남구,3618. 서울율현초교 삼거리,202110,753
강남구,3620. 청담역 11번 출구,202110,44
강남구,3621. 휘문고교 사거리,202110,215
강남구,3622. 은마아파트입구 사거리,202110,162
강남구,3623. 일원에코파크 앞(개포로 방면),202110,931
강남구,3624. 대모산입구역 7번 출구 앞,202110,164
강남구,3627. 압구정나들목,202110,2575
강남구,3628. 역삼1동 주민센터,202110,840
강남구,3629. 청담사거리(신한오피스텔빌딩 앞),202110,535
강남구,3630. 개포우성6차아파트 정문 앞,202110,382
강남구,3634. 국악고교 앞 교차로,202110,385
강남구,3636. 삼성중앙역·플래티넘아파트 정류소,202110,303
강남구,3637. 세곡데이케어센터,202110,219
강남구,3638. 신청담나들목,202110,463
강남구,3640. 일원1동주민센터앞 사거리,202110,490
강남구,3641. 대청역,202110,470
강남구,3642. LH강남힐스테이트아파트,202110,169
강남구,3643. K2 KOREA,202110,494
강남구,3644. 상록수아파트,202110,296
강남구,3645. 구역삼세무서 교차로,202110,589
강남구,3646. 선정릉역 4번 출구,202110,223
강남구,3647. 구룡역 1번 출구,202110,21
강남구,3648. 구룡역 4번 출구,202110,18
강남구,3649. 구룡역 5번 출구,202110,29
강동구,1001. 광진교 남단 사거리(디지털프라자앞),202110,1964
강동구,1002. 해공공원(천호동),202110,2770
강동구,1003. 해공도서관앞,202110,1048
강동구,1004. 삼성광나루아파트 버스정류장,202110,2048
강동구,1006. 롯데캐슬 115동앞,202110,298
강동구,1007.암사동 선사유적지,202110,294
강동구,1008. 암사역 3번출구(국민은행앞),202110,3975
강동구,1009. 천호역4번출구(현대백화점),202110,5216
강동구,1010. 강동세무서,202110,2748
강동구,1011. LIGA 아파트 앞,202110,2753
강동구,1012. 서울 상운차량,202110,1373
강동구,1013. 강동구청역 1번 출입구,202110,1934
강동구,1014. 강동구평생학습관앞,202110,1568
강동구,1015. 샛마을 근린공원,202110,864
강동구,1016. 해뜨는 주유소옆 리엔파크 109동앞,202110,913
강동구,1017. 맥도날드(길동),202110,1859
강동구,1018. 둔촌 주공 GS 맞은편,202110,647
강동구,1019. 다성이즈빌아파트(호원대 대각선 맞은편),202110,3512
강동구,1020. 강동경찰서,202110,3690
강동구,1021. 강일동 리슈빌 빌딩앞,202110,2018
강동구,1022. 길동 사거리(초소앞),202110,2047
강동구,1023. 한국종합기술사옥 앞,202110,2362
강동구,1024. 강동구청 앞,202110,3180
강동구,1025. 상일초등학교,202110,770
강동구,1026. 대명초교 입구 교차로,202110,756
강동구,1027. 프라자 아파트 앞,202110,1199
강동구,1028. 포레스 주상복합 빌딩,202110,1772
강동구,1029. 롯데 시네마,202110,2609
강동구,1030. 미호 플랜트 앞,202110,1200
강동구,1031. 올림픽로 836(아리수로),202110,689
강동구,1032. 선사고등학교,202110,602
강동구,1033. 고덕동 아남아파트,202110,702
강동구,1034. 고덕동 래미안 힐스테이트,202110,513
강동구,1035. 고덕역 4번출구,202110,1630
강동구,1036. 고덕동 주양쇼핑,202110,1272
강동구,1037. 강일리버파크 6단지,202110,377
강동구,1038. 강일 다솜 어린이 공원,202110,355
강동구,1039. 고덕초등학교,202110,201
강동구,1041. 묘곡초등학교,202110,700
강동구,1042. 강일리버파크 2~5단지,202110,666
강동구,1044. 굽은다리역,202110,4321
강동구,1047. 건강보험 강동지사kt,202110,2172
강동구,1048. 동부기업(둔촌동),202110,2234
강동구,1049. 강일리버파크 10단지,202110,860
강동구,1050. 둔촌역 3번 출입구,202110,4114
강동구,1051. 양지시장 (용성약국앞) 입구,202110,1280
강동구,1052. 리싸이클시티,202110,233
강동구,1053. 동명근린공원 진입로 (아리수로),202110,357
강동구,1054. 말우물 어린이 공원,202110,283
강동구,1056. 강일리버파크 7~11단지,202110,512
강동구,1057. 능골근린공원,202110,705
강동구,1058. 고덕숲 아이파크 1,202110,586
강동구,1059. 래미안 강동팰리스(102동),202110,1369
강동구,1060. 천일초교 사거리,202110,987
강동구,1061. 천호초교 입구 사거리(일주빌딩),202110,1445
강동구,1062. 고덕숲 아이파크 2,202110,266
강동구,1063.강동롯데캐슬퍼스트 아파트(관리동),202110,574
강동구,1064.중앙보훈병원역 1번출구,202110,309
강동구,1065.보훈병원 후문옆(더 원커피),202110,777
강동구,1066.생태공원앞 교차로(조명탑),202110,230
강동구,1067.한영중고앞사거리,202110,532
강동구,1068.명일파출소,202110,796
강동구,1069.강동경희대학교병원 입구,202110,516
강동구,1070.(시립)고덕평생학습관,202110,693
강동구,1071.명일근린공원공동체텃밭,202110,377
강동구,1072.고덕역 5번출구,202110,1357
강동구,1073.SSTS 몰 앞,202110,678
강동구,1074.대명초교입구 사거리,202110,1200
강동구,1075.천동초교 삼거리,202110,1685
강동구,1076.전자랜드 길동점,202110,1812
강동구,1077.강동역 1번출구 앞,202110,2307
강동구,1078.둔촌사거리,202110,2312
강동구,1079.강일동입구교차로,202110,498
강동구,1080.엘웨딩,202110,1106
강동구,1081.트레빌빌딩,202110,1157
강동구,1082.중앙보훈병원역3번출구,202110,117
강동구,1083.광문고교사거리(아이파크),202110,714
강동구,1084. 윤선생빌딩(JYP사옥),202110,2908
강동구,1085.래미안 솔베뉴(고덕로),202110,1048
강동구,1086.래미안 솔베뉴(구천면로),202110,1056
강동구,1088.풍납사거리(강동),202110,1508
강동구,1089.고덕 래미안힐스테이트(201동),202110,303
강동구,1090.상일동역 2번출구 앞,202110,3451
강동구,3539. 서원마을,202110,237
강동구,3652. 한영외국어고등학교,202110,178
강동구,3653. 강동리버스트4단지아파트 404동 앞,202110,507
강동구,3654. 강동리버스트4단지아파트 405동 앞,202110,490
강동구,3655. 둔촌신성미소지움아파트,202110,473
강동구,3656. 둔촌푸르지오아파트,202110,1506
강동구,3657. 서울천호동우체국,202110,1722
강동구,3658. 프라이어팰리스아파트,202110,844
강동구,3659. 명일초등학교 옆,202110,426
강동구,3661. 명일동신동아아파트 앞,202110,401
강동구,3663. 암사정수센터교차로(강동롯데캐슬퍼스트아파트),202110,448
강동구,3664. 맥도날드 서울둔촌DT점 앞,202110,2182
강동구,3665. 고덕센트럴 아이파크상가 앞,202110,801
강동구,3668. 성내삼성아파트,202110,2653
강동구,3671. 둔촌동역교차로,202110,1866
강동구,3673. 강동리버스트6단지,202110,618
강동구,3674. 강동리버스트7단지,202110,484
강동구,3675. 강동리버스트8단지,202110,682
강동구,3676. 강동리엔파크9단지,202110,545
강동구,3677. 강동구음식물재활용센터,202110,102
강동구,3680. 강동역3번출구,202110,2768
강동구,3681. 길동 마루빌딩,202110,2950
강동구,3682. 길동 동호빌딩,202110,488
강동구,3683. KT&G강동지사,202110,1224
강동구,3684. 고덕자이(105동 앞),202110,1509
강동구,3685. 강동리엔파크14단지(1401동 앞),202110,1027
강동구,3686. 고덕 래미안 힐스테이트(101동),202110,538
강동구,3687. 신명초교입구 교차로,202110,1334
강동구,3688. 상일동산(동아아파트앞 교차로),202110,489
강동구,3689. 강일역 3번출구,202110,1
강동구,3690. 강일역 4번출구,202110,382
강동구,3691. 둔촌역 2번출구,202110,396
강동구,3692. 둔촌오륜역 1번 출구,202110,157
강북구,"1501. 미아역 3번,4번 출구 사이",202110,1772
강북구,1503. 이디야 커피 수유역점 앞,202110,2644
강북구,1504. 다이소 삼양시장점,202110,466
강북구,1506. 강북문화예술회관,202110,1406
강북구,1509. 서울북부수도사업소,202110,695
강북구,1510. 번동주공5단지 관리사무소 앞,202110,384
강북구,1511. 번동 금호어울림아파트102동앞,202110,408
강북구,1512. 강북중학교 앞,202110,2675
강북구,1513. 강북구청 뒷편,202110,374
강북구,1514. 강북구청 사거리 버스정류소 앞,202110,1519
강북구,1515. 송천동 주민센터,202110,782
강북구,1516. 우이초등학교 후문 옆,202110,813
강북구,1518. SK telecom(수유직영점) 앞,202110,750
강북구,1519. 세븐일레븐 수유장미원점 앞,202110,985
강북구,1520. 성실교회,202110,1301
강북구,1522. 월드전기조명인테리어(우이동),202110,496
강북구,1525. 미아동 복합청사,202110,573
강북구,1526. 수유동 채선당앞,202110,950
강북구,1527. 미아역 1번 출구 뒤,202110,1181
강북구,1528. 삼각산동 주민센터,202110,554
강북구,1529. 미아동 한국전력공사,202110,2093
강북구,1530. 광산사거리,202110,1889
강북구,1531. 미아사거리 1번 출구,202110,2536
강북구,1532. 번3동 주민센터 교차로,202110,820
강북구,"1533. 번동 주공3, 4단지 교차로",202110,1294
강북구,1535. 효성인텔리안 앞,202110,1585
강북구,1536. 번동 두산위브 101동 옆,202110,1132
강북구,1537. 북한산 우이역,202110,695
강북구,1538. 솔밭공원역,202110,464
강북구,1539. 4.19민주묘지역,202110,550
강북구,1540. 가오리역,202110,1168
강북구,1541. 삼양역,202110,257
강북구,1542. 삼양사거리역,202110,482
강북구,1543. 수유1동 주민센터,202110,741
강북구,1545. 솔샘역 2번 출구,202110,216
강북구,1546. 송천동우체국,202110,489
강북구,1547. 꿈의숲 롯데캐슬,202110,443
강북구,1548. 북서울 꿈의숲 서문,202110,805
강북구,1550.삼각산아이원아파트(105동 옆),202110,86
강북구,1551.4.19탑 앞,202110,572
강북구,1552. 강북구청사거리(던킨도너츠 앞),202110,1721
강북구,1553.예수그리스도후기성도교회 앞,202110,737
강북구,1554.번동사거리,202110,1044
강북구,1557.신창교,202110,1162
강북구,1558.강북문화정보도서관,202110,328
강북구,1560. 도봉세무서 앞,202110,1083
강북구,1564.4.19민주묘지역 1번출구,202110,1162
강북구,1565.대한병원앞,202110,1396
강북구,1568.4.19민주묘지 입구사거리,202110,828
강북구,1569.수유역2번출구,202110,2990
강북구,1571.북서울 꿈의 숲 입구,202110,471
강북구,1572.우이산 먹거리마을,202110,145
강북구,1573.현대성우아파트 옆,202110,373
강북구,1574.송중초등학교 옆,202110,652
강북구,3703. 신성교회 앞,202110,446
강북구,3707. 드래곤타워 앞,202110,842
강북구,3711. 월계2교 교차로,202110,694
강북구,3714. 송천센트레빌,202110,263
강북구,3718. 번동 SK LPG 충전소,202110,985
강서구,1101. 개화동상사마을종점 버스정류장,202110,290
강서구,1102. 방화사거리 마을버스 버스정류장,202110,3084
강서구,1103. 방화역 4번출구앞,202110,2801
강서구,1105. 방화근린공원,202110,620
강서구,1106. 신방화사거리,202110,3151
강서구,1108. 공항시장역 2번출구 뒤,202110,1649
강서구,1109. 공항시장역 4번출구,202110,1034
강서구,1110. 공항중학교앞,202110,1128
강서구,1111. 마곡엠밸리6_7단지 마곡중학교,202110,2667
강서구,1112. 마곡엠밸리4단지 정문,202110,4735
강서구,1113. 서남환경공원 버스정류장,202110,1709
강서구,1115. 등촌역 1번출구옆,202110,2431
강서구,1117. 스타벅스앞,202110,4253
강서구,1118. 증미역 3번출구뒤(등촌두산위브센티움오피스텔),202110,3352
강서구,1119. 염창동 한마음아파트앞(염창동 빛나는 음악학원앞),202110,2154
강서구,1120. 대림경동아파트앞,202110,2458
강서구,1121. 가양레포츠센터앞,202110,1533
강서구,1122. 황금내근린공원,202110,3415
강서구,1124. 발산역 6번 출구 뒤,202110,5896
강서구,1125. 명덕고교입구(영종빌딩),202110,4733
강서구,1126. 우장산역 1번출구옆(우장산아이파크105동앞),202110,2280
강서구,1127. 화곡역(에이스정형외과앞) 버스정류장,202110,2037
강서구,1128. 화곡역 6번출구,202110,1746
강서구,1129. 화곡역 1번 출구 앞,202110,2172
강서구,1130. 화곡본동시장 버스정류장,202110,706
강서구,1131. 꿈돌이공원 앞,202110,2486
강서구,1132. 등촌역 7번출구,202110,2473
강서구,1135. 강서구의회,202110,2245
강서구,1136. 등촌2파출소,202110,1157
강서구,1137. 등촌2동주민센터,202110,532
강서구,1139. 용문사 버스정류장,202110,1629
강서구,1140. 목동사거리 버스정류장,202110,2016
강서구,1141. 곰달래 문화복지센터 1-1,202110,1764
강서구,1145. 곰달래 문화복지센터 1-2,202110,1016
강서구,1146. 곰달래사거리,202110,1853
강서구,1148. 볏골공원,202110,1732
강서구,1149. 신방화역환승주차장,202110,4726
강서구,1150. 송정역 1번출구,202110,2402
강서구,1151. 마곡역1번출구,202110,3045
강서구,1152. 마곡역교차로,202110,5739
강서구,"1153. 발산역 1번, 9번 인근 대여소",202110,7841
강서구,1155. 기쁜우리복지관,202110,2259
강서구,1157. 강서구청,202110,3001
강서구,1158. 가양역 8번출구,202110,6864
강서구,1159. 서서울모터리움앞,202110,1007
강서구,1160. 양천향교역 7번출구앞,202110,3
강서구,1161. 강서면허시험장앞,202110,440
강서구,1162. 공항초등학교건너편,202110,2637
강서구,1163. 방화동강서기동대앞,202110,2912
강서구,1165. 마곡중학교 후문,202110,1192
강서구,1166. 강서구립등빛도서관,202110,4051
강서구,1167. 마곡수명산파크3단지 교차로,202110,3819
강서구,1168. 마곡엠밸리10단지 앞,202110,1552
강서구,1169. 염창역 1번 출구,202110,1891
강서구,1170. 강서구보건소 (삼성디지털 프라자),202110,1567
강서구,1171. 염창동 새마을금고 건너편 (모닝글로리),202110,1690
강서구,1172. 가양3동 주민센터,202110,2013
강서구,1173. 강서구청사거리(SH타워),202110,3326
강서구,1174. 강서구청사거리(부민병원),202110,1673
강서구,1175. 대한항공 인력개발센터,202110,1939
강서구,1177. 수명중?고교,202110,1682
강서구,1178. 개화산역 2번 출구,202110,858
강서구,1180. 마곡엠밸리 15단지(1502동) 건너편,202110,3017
강서구,1181. 농수산식품공사 (강서지사),202110,466
강서구,1182. KBS 스포츠월드,202110,3144
강서구,1183. KC 대학교,202110,634
강서구,1184. 마곡13단지,202110,3769
강서구,1185. 등촌9단지,202110,1561
강서구,1186. 송정중학교,202110,1150
강서구,1187. 강서수산물도매시장,202110,1150
강서구,1188. 롯데중앙연구소,202110,316
강서구,1190. 마곡역 교차로(2번출구),202110,1711
강서구,1191. 마곡역 교차로(NH농협),202110,3468
강서구,1192. 마곡수명산파크 209동 건너편,202110,1965
강서구,1193. 마곡센트럴타워 1차,202110,3200
강서구,1194. 센서텍㈜,202110,1268
강서구,1195. 코오롱One&Only타워,202110,2401
강서구,1196. 서울식물원(문화센터) 건너편,202110,495
강서구,1197. 엠펠리체 호텔 건너편,202110,2974
강서구,1198. LG 사이언스파크,202110,771
강서구,1199. 우장산역 3번출구,202110,3421
강서구,1200. 개화광역환승센터,202110,303
강서구,2701. 마곡나루역 5번출구 뒤편,202110,7624
강서구,2702. 마곡 엠밸리2단지,202110,1645
강서구,2703.서울도시가스 앞,202110,1053
강서구,2704.홈플러스(강서점),202110,3485
강서구,2706.강서공업고등학교 앞,202110,2014
강서구,2707.한강아파트,202110,1779
강서구,2708.강서한강자이타워 앞,202110,3602
강서구,2709.강변아파트 310동 앞,202110,1430
강서구,2710.라이품 공영주차장 앞,202110,1714
강서구,2711.가로공원공영주차장 1번 출구,202110,1577
강서구,2712.화곡터널입구교차로,202110,1129
강서구,2713.우장초등학교 앞,202110,1459
강서구,2715.마곡나루역 2번 출구,202110,11934
강서구,2716.롯데 R&D 센터,202110,517
강서구,2717.LG유플러스 마곡사옥,202110,3803
강서구,2718.마곡수명산파크1단지,202110,2034
강서구,2719.마곡문화공원,202110,3004
강서구,2720.힐스테이트에코,202110,4220
강서구,2721.등촌1-10단지 교차로,202110,4216
강서구,2722.마곡 문영비지웍스,202110,1976
강서구,2723.마곡 필네이처,202110,2729
강서구,2724.(재)FITI시험연구원,202110,5645
강서구,2725.서울식물원 식물문화센터,202110,1572
강서구,2727.서울식물원 잔디마당 앞,202110,1808
강서구,2728.마곡나루역 3번 출구,202110,6812
강서구,2729.넥센 유니버시티 앞,202110,2057
강서구,2730.마곡메가박스 앞,202110,2773
강서구,2731.명덕고교,202110,1229
강서구,2732.마곡수명산 1-2단지,202110,1860
강서구,2733.마곡13단지 정문 앞,202110,4297
강서구,2735.마곡 공공청사,202110,2220
강서구,2737.까치산역 3번 출구,202110,1762
강서구,2739.수명산파크1단지교차로,202110,3292
강서구,2740.마곡레포츠센터,202110,839
강서구,2741.마곡수명산파크5-6단지,202110,1587
강서구,2742.강서구민올림픽체육센터,202110,1206
강서구,2743.동신아파트 104동 앞,202110,991
강서구,2744.강서세무서 앞,202110,3901
강서구,2745.수명초등학교,202110,1087
강서구,2746.수명산파크 4단지 411동 앞,202110,1475
강서구,3753. 공항중학교 버스정류장,202110,606
강서구,3754. 신방화역 8번출구,202110,1717
강서구,3755. 어위쉬예다인오피스텔,202110,731
강서구,3756. 마곡힐스테이트 정문,202110,1711
강서구,3757. 신방화역 6번출구,202110,1875
강서구,3758. 서울남부출입국관리소,202110,1244
강서구,3759. 서울이대병원,202110,2275
강서구,3760. 발산역 8번 출구,202110,1688
강서구,3761. 나이아가라관광호텔,202110,537
강서구,3762. 마곡9단지 907동앞,202110,1403
강서구,3763. 등촌태영아파트,202110,1021
강서구,3764. 관문주유소(GS칼택스) 앞,202110,1531
강서구,3765. 문소빌딩,202110,380
강서구,3766. 강서문화센터,202110,262
강서구,3767. 대원빌딩,202110,729
강서구,3769. 가양동 이마트 앞,202110,2807
강서구,3770. 남부순환로 205,202110,577
강서구,3772. 길성그랑프리텔아파트,202110,2526
강서구,3774. 마곡9단지 910동 상가앞,202110,1697
강서구,3775. 가양오토갤러리,202110,1650
강서구,3776. 김포공항교차로,202110,619
강서구,3778. 김포공항입구 교차로,202110,2304
강서구,3779. 유광사여성병원,202110,945
강서구,3780. 등촌서광아파트,202110,3415
강서구,3781. 강서아동복지센터,202110,112
강서구,3782. 겸재정선미술관,202110,1215
강서구,3783. 마곡금호어울림아파트,202110,1144
강서구,3784. 벽산아파트,202110,2417
강서구,3785. 마곡14단지 1408동앞,202110,1923
강서구,3786. 강서힐스테이트 상가 앞,202110,1070
강서구,3787. 가양나들목,202110,1098
강서구,3788. 정곡나들목,202110,2494
강서구,3789. 염창나들목,202110,3026
강서구,3792. 화곡본동시장 입구,202110,837
강서구,3793. 더리브골드타워,202110,951
강서구,3794. 안양천합수부(현대3차아파트),202110,1887
강서구,3795. 공항신성빌딩 앞,202110,779
강서구,3796. 송정역 3번출구 앞,202110,2156
강서구,3797. 마곡수명산파크7단지 710동 앞,202110,638
강서구,3798. 그랜드아이파크아파트 앞,202110,4497
강서구,3799. 국립항공박물관,202110,484
강서구,3801. 이랜드글로벌R&D센터,202110,387
강서구,5052. 마곡역7번출구 홈앤쇼핑 앞,202110,2835
강서구,5053. 신마곡벽산블루밍메트로오피스텔앞,202110,1402
강서구,5055. 마곡역5번출구앞,202110,1082
강서구,"5056. 마곡역4,5번출구",202110,763
강서구,5057. 마곡역4번출구,202110,1146
강서구,5059. 화곡2동주민센터,202110,733
강서구,5061. 우장산동 가곡어린이공원앞,202110,1628
강서구,5062. 마곡동 767-6,202110,1477
강서구,5063. 서남환경공원(방화동도시개발2단지방향),202110,1090
강서구,5064. 양천향교역8번출구,202110,116
강서구,5065. 허준박물관삼거리,202110,47
강서구,5072. 김포공항입구 교통섬,202110,86
관악구,2102. 봉림교 교통섬,202110,9315
관악구,2103. 신림동 우방아파트,202110,2286
관악구,2104. 사당역 5번출구,202110,1847
관악구,2105. 미성동 신림체육센터,202110,1606
관악구,2106. 난곡 새마을금고,202110,2142
관악구,2107. 도림천 신화교,202110,3307
관악구,2108. 은천치안센터,202110,771
관악구,2109. 은천로입구 가로공원,202110,3995
관악구,2111. 서울대입구역 1번출구,202110,1518
관악구,2112. 서울대입구역 마에스트로,202110,1552
관악구,2113. 관악동작견인차량보관소,202110,2420
관악구,2115. 관악농협농산물백화점,202110,1518
관악구,2116. 에이스에이존빌딩,202110,1156
관악구,2119. 중앙동 동진빌딩,202110,1387
관악구,2122. 낙성대로 입구,202110,956
관악구,2127. 보성운수차고지 맞은편,202110,599
관악구,2128. 관악구청교차로,202110,1016
관악구,2129. 낙성대 과학전시관,202110,622
관악구,2130. 영어마을 관악캠프,202110,422
관악구,2135. 신림역 5번출구,202110,2808
관악구,2136. 신림역 8번출구,202110,3730
관악구,2137. KT&G 관악지점,202110,644
관악구,2139. 서울신성초등학교,202110,727
관악구,2140. 신림1교 교차로,202110,2550
관악구,2141. 미림여고입구 교차로,202110,173
관악구,2143. 서울산업정보학교,202110,446
관악구,2144. 난우길입구,202110,781
관악구,2145. 은천초등학교 육교,202110,1061
관악구,2148. 낙성대역 3번출구 뒤,202110,1016
관악구,2156. 농협 관악문성지점,202110,889
관악구,2159. 인헌초교,202110,455
관악구,2164. 관악우체국,202110,1176
관악구,2165. JK장평타워,202110,414
관악구,2167. 낙성대역 1번출구,202110,942
관악구,2169. 봉천역 2번출구,202110,1740
관악구,2170. 조원동서울본병원,202110,1448
관악구,2171. 서울대입구역 5번출구,202110,2140
관악구,2172. 나들목공원,202110,601
관악구,2173. 당곡사거리,202110,6111
관악구,2174. 삼성디지털프라자관악점,202110,1135
관악구,2175. 신림동걷고싶은문화의거리입구,202110,1703
관악구,2176. 보라매공원 보도육교,202110,3020
관악구,2177. 신대방역 2번 출구,202110,8532
관악구,2178. 서울대학교 정문,202110,700
관악구,2179. 양녕로 입구,202110,1564
관악구,2183. 동방1교,202110,5644
관악구,2184. 구암초등학교 버스정류장,202110,434
관악구,2185. 대학동 고시촌,202110,758
관악구,2186.우리은행 낙성대역지점,202110,740
관악구,2187.현대시장사거리(신한은행),202110,1517
관악구,2189.삼성서비스센터(관악점),202110,1813
관악구,2190.도원맨션,202110,681
관악구,2191.대학동주민센터,202110,1186
관악구,2195.은천교회,202110,982
관악구,2196.삼화페인트 봉천점,202110,783
관악구,2198.사랑의병원,202110,923
관악구,2199.신봉천주유소,202110,134
관악구,3306.서울신우초등학교,202110,155
관악구,3307.봉천고개 육교,202110,508
관악구,3310.영락고등학교,202110,801
관악구,3311.서울대입구역 4번 출구,202110,907
관악구,3802. 관악구민체육센터,202110,174
관악구,3803. 세븐일레븐 신림점,202110,1355
관악구,3804. 낙성대공원,202110,304
관악구,3806. 낙성대 교수아파트,202110,261
관악구,3807. 관악우체국 교차로,202110,586
관악구,3810. 신봉천주유소,202110,214
관악구,3811.신사로입구,202110,1994
관악구,3812. KT관악지점,202110,1221
관악구,3813. 낙성대역 5번출구,202110,505
관악구,3814. 난곡사거리,202110,1373
관악구,3815. 광일빌딩,202110,187
광진구,3500. 군자역2번출구,202110,2728
광진구,3501. 광진구청 앞,202110,3225
광진구,3502. 중곡역 1번출구,202110,1078
광진구,3503. 광진유진스웰,202110,165
광진구,3504. 원일교회,202110,2529
광진구,3505. 신양초교앞 교차로,202110,1011
광진구,3506. 영동대교 북단,202110,1881
광진구,3507. 어린이회관,202110,1097
광진구,3508. 화양사거리,202110,954
광진구,3509. 세종사이버대학교,202110,3166
광진구,3510. 중곡SK아파트앞,202110,796
광진구,3516. 구의아리수정수센터앞,202110,791
광진구,3517. 용마사거리,202110,2203
광진구,3518. 군자역 7번출구뒤,202110,4071
광진구,3520. 광진경찰서,202110,2414
광진구,3521. 현대홈타운 뒷길,202110,357
광진구,3523. 건국대학교 과학관(이과대) 앞,202110,1004
광진구,3524. 세종대학교,202110,181
광진구,3528. 광진정보도서관,202110,1222
광진구,3529. 어린이대공원정문,202110,926
광진구,3533. 건대입구역 사거리(롯데백화점),202110,7461
광진구,3534. 건대입구역 5번출구 뒤,202110,1067
광진구,3536. 중앙농협(자양동),202110,2371
광진구,3537. 아차산 휴먼시아 아파트 옆,202110,643
광진구,3541. 커먼그라운드,202110,4290
광진구,3542. 래미안 구의파크 스위트,202110,2395
광진구,3543. 세종대학교(학술정보원),202110,473
광진구,3563.구의7단지현대아파트,202110,269
광진구,3564.나루마당,202110,163
광진구,3566.우성4차아파트,202110,1617
광진구,3569.건대병원후문,202110,3981
광진구,3570.구의역 리버비스타 오피스텔,202110,2740
광진구,3571.화양 APT(횡단보도 옆),202110,3645
광진구,3573.광나루안전체험관,202110,1456
광진구,3575.자양사거리 (LG 유플러스),202110,3338
광진구,3578.중곡동 파크웨이빌딩,202110,1465
광진구,3579.광진 캠퍼스시티,202110,3240
광진구,3582.화양동 우체국,202110,1907
광진구,3586.군자역 비채온 오피스텔,202110,1877
광진구,3587.우성식품 앞,202110,1313
광진구,3588.세종대학교(영실관),202110,666
광진구,3853. 어린이대공원역 2번출구,202110,605
광진구,3860. 건국대학교 정문 앞,202110,1130
광진구,3863. 동일로58길 입구,202110,318
광진구,3864. 광진소방서 앞,202110,762
광진구,3865. 이튼타워리버 2차,202110,1487
광진구,3868. 자양한강도서관,202110,1584
광진구,3873. 동서울우편집중국 앞,202110,712
광진구,3878. 장로회신학대학교 주기철 기념관,202110,69
광진구,3879. 중랑천 뚝방길 산책로 입구,202110,1472
광진구,3880. 홍련봉 공원,202110,520
광진구,3881. 신자초교입구 교차로,202110,2706
광진구,3882. 자양2동 주민센터,202110,940
광진구,500. 어린이대공원역 3번출구 앞,202110,2290
광진구,501. 광진구의회 앞,202110,1882
광진구,502. 뚝섬유원지역 1번출구 앞,202110,13321
광진구,505. 자양사거리 광진아크로텔 앞,202110,2791
광진구,515. 광양중학교 앞,202110,973
광진구,516. 광진메디칼 앞,202110,1522
광진구,539. 군자교교차로,202110,2010
광진구,540. 군자역 7번출구 베스트샵 앞,202110,2216
광진구,542. 강변역 4번출구 뒤,202110,2003
광진구,543. 구의공원(테크노마트 앞),202110,1712
광진구,544. 광남중학교,202110,1359
광진구,546. 잠실대교북단 교차로,202110,1671
광진구,548. 자양나들목,202110,2569
광진구,549. 아차산역 3번출구,202110,2709
광진구,551. 구의삼성쉐르빌 앞,202110,3109
광진구,552. 대림아크로리버 앞,202110,838
광진구,553. 중곡 성원APT 앞,202110,1176
광진구,555. 구의3동주민센터,202110,464
광진구,571. 어린이대공원역6번출구,202110,1248
광진구,572. 국립정신 건강센터 앞,202110,740
광진구,573. 구의문주차장 앞,202110,1789
광진구,574. 아차산역4번출구,202110,2487
광진구,575. 중앙농협 중곡지점,202110,643
광진구,576. 광나루역 3번 출구,202110,3203
광진구,584. 광진광장 교통섬,202110,3141
광진구,588. 뚝섬 유원지역,202110,2243
광진구,590. 건국대학교 (입학정보관),202110,1728
광진구,591. 건국대학교 (행정관),202110,324
광진구,592. 건국대학교 학생회관,202110,1778
광진구,593.자양중앙나들목,202110,2004
구로구,1901. 신도림동주민센터 앞,202110,2001
구로구,1904. 도림천역 1번 출구 앞,202110,2293
구로구,1906. 신도림역 1번 출구 앞,202110,6484
구로구,1907. 구일우성(아) 육교 밑,202110,1258
구로구,1908. 해원리바파크 육교 밑,202110,1715
구로구,1910. 낙원교회 맞은편,202110,554
구로구,1911. 구로디지털단지역 앞,202110,6821
구로구,1912. 한신휴아파트 앞,202110,2317
구로구,1913. 구로리공원,202110,1407
구로구,1914. 대림역4번출구,202110,2740
구로구,1916. 구로중학교앞,202110,833
구로구,1920. 서울미래초등학교 사거리,202110,1600
구로구,1924. 삼부르네상스파크빌,202110,931
구로구,1925. 동양미래대학교 정문 옆,202110,4068
구로구,1928. 고척스카이돔구장 광장,202110,1022
구로구,1929. 고척근린공원 고척도서관 앞,202110,1044
구로구,1930. 개봉지구대 개봉치안센터,202110,1398
구로구,1931. 개봉역(북측광장),202110,1452
구로구,1933. 개봉푸르지오아파트 상가,202110,1600
구로구,1936. 개봉역 1번 출구 자전거보관서쪽,202110,891
구로구,1937. 한진아파트 입구,202110,1267
구로구,1941. 오류동역 2번출구,202110,1272
구로구,1943. 온수역 북측,202110,479
구로구,1946. 구로역 광장,202110,3164
구로구,1951. 천왕이펜하우스 4단지 상가 앞,202110,291
구로구,1952. 천왕연지타운2단지 앞,202110,1634
구로구,1953. 천왕역 4번출구 뒤,202110,1064
구로구,1955. 디지털입구 교차로,202110,3662
구로구,1956. 도야미리숯불갈비 앞,202110,1640
구로구,1957. 구일고등학교 정문,202110,1449
구로구,1958. 강서수도사업소민원센터,202110,1789
구로구,1959. 구로구의회 앞,202110,1531
구로구,1960. 화광신문사 앞,202110,1325
구로구,1961. 신도림테크노근린공원,202110,4673
구로구,1962. 가리봉동주민센터,202110,1591
구로구,1964. 원메디타운 앞,202110,1349
구로구,1965. 삼환로즈빌아파트 105동 옆,202110,1152
구로구,1966. 한마을아파트 정문상가,202110,1462
구로구,1967. 참새공원(백곡경노당),202110,469
구로구,1968. 동인오피스텔 건너편 소공원,202110,486
구로구,1969. 궁동생태공원,202110,211
구로구,1971. 오정초교 앞 보도육교,202110,410
구로구,1973. 오리로와 서해안도로 교차로 앞,202110,678
구로구,1974. 신도림2차e편한세상아파트 203동 앞,202110,1555
구로구,1975. 대림역 1번 출입구 밑,202110,1393
구로구,1976. 남구로역 5번 출입구 앞,202110,514
구로구,1977. 천왕역 1번 출입구 앞,202110,2051
구로구,1979. 구로1동우체국 앞,202110,349
구로구,1981. 천왕이펜하우스5단지 앞,202110,779
구로구,1983. 구로동롯데아파트,202110,1812
구로구,1984. 구로구청,202110,1452
구로구,1985. 구로도서관,202110,3770
구로구,1986. 태평양물산빌딩,202110,3432
구로구,1987. 개봉아이파크아파트 앞,202110,1321
구로구,1988. 고척LIGA아파트 앞,202110,2020
구로구,1991. 오류동역 맞은편,202110,2300
구로구,1992. 구로구배드민턴실내체육관 앞,202110,423
구로구,1993. 금강수목원아파트 앞,202110,696
구로구,1994. 삼성전자 물류센터 앞,202110,1475
구로구,1996. 구일역 1번 출입구 앞,202110,2793
구로구,1998. 고척교 교차로,202110,834
구로구,1999. 수궁동 성당 주변,202110,607
구로구,2000. 신도림4차 e편한세상 아파트 1109동 앞,202110,1868
구로구,2801. 대륭포스트타워1차,202110,2164
구로구,2804.항동지구 6단지 602동 앞,202110,408
구로구,2805.구로자원순환센터,202110,192
구로구,2806.항동지구 4단지 입구,202110,140
구로구,2807.항동지구 1단지 105동 앞,202110,281
구로구,2808.항동지구 2단지 202동 앞,202110,259
구로구,2809.항동지구 11단지 1103동 앞,202110,159
구로구,2810.항동지구 3단지 311동 앞,202110,167
구로구,2812.항동프라자,202110,435
구로구,2813.항동지구 3단지 302동 앞,202110,100
구로구,2814.항동지구 10단지 1001동 앞,202110,212
구로구,2815.항동지구 7단지 정문,202110,547
구로구,2816.항동지구 8단지 803동옆(주차장입구),202110,97
구로구,2817.천왕이펜하우스5단지 앞,202110,309
구로구,2818.천왕이펜하우스3단지 앞,202110,394
구로구,2819.하늘숲초등학교 앞,202110,655
구로구,2820.신세기아파트 앞,202110,958
구로구,2821.청구아파트 앞,202110,1294
구로구,2822.제니스스포츠 앞,202110,380
구로구,2823.중앙유통단지 앞,202110,1116
구로구,2824.미래사랑어린이공원 앞,202110,2813
구로구,2825.초롱타운 앞,202110,312
구로구,2826.가마산지하보도 옆,202110,412
구로구,3902. 항동지구5단지 501동 앞,202110,280
구로구,3903. 현대아파트 앞,202110,678
구로구,3904. 테크노마트 앞,202110,2608
구로구,3905. 희훈타워빌 앞,202110,1852
구로구,3906. 천왕차량사업소 입구,202110,674
구로구,3907. 신도림7차e편한세상아파트 806동 앞,202110,1176
구로구,3908. 오류동 다숲오피스텔 앞,202110,952
구로구,3910. 목양전원교회 앞 로터리,202110,287
구로구,3911. 항동하버리안2단지아파트 후문,202110,167
구로구,3912. 삼호아파트 앞,202110,468
구로구,3914. 신도림쌍용플래티넘노블아파트 앞,202110,1579
금천구,1804. 독산역 2번출구 자전거주차장,202110,1559
금천구,1805. 서울디지털운동장 앞,202110,1174
금천구,1806. 에이스하이엔드타워9차 앞,202110,1080
금천구,1808. 에이스하이엔드타워8차 앞,202110,1056
금천구,1809. LG전자 별관동(호서대 벤처타워 맞은편),202110,682
금천구,1812. 갑을그레이트밸리 앞,202110,1013
금천구,1814. 두산위브아파트 옆 상가건물 앞,202110,1152
금천구,1816. 금천폭포공원 앞,202110,321
금천구,1819. 금천구청 앞 자전거거치대,202110,660
금천구,1820. 신한은행 시흥대로금융센터지점,202110,352
금천구,1821. 홈플러스 시흥점 맞은편 다비치안경 앞,202110,857
금천구,1822. 서울 시흥동우체국 앞,202110,676
금천구,1823. 상신정비공업 앞,202110,391
금천구,1824. 독산근린공원 입구,202110,2006
금천구,1825. 한신아파트 앞 육교 아래,202110,639
금천구,1826. 한신코아 앞,202110,644
금천구,1827. 독산보도육교 앞 자전거 보관소,202110,2834
금천구,1828. 한양수자인아파트 앞,202110,1094
금천구,1829. 홈플러스 금천점 앞,202110,808
금천구,1830. 빅마켓 금천점 앞,202110,1737
금천구,1831. 메이퀸웨딩컨벤션 앞,202110,743
금천구,1833. 독산역 1번출구 앞 자전거보관소,202110,950
금천구,1834. 월드메르디앙 벤처센터 2차,202110,2274
금천구,1835. STX V타워,202110,880
금천구,1836. 금천구립 독산도서관,202110,276
금천구,1839. 수출의 다리 아래,202110,956
금천구,1840. 솔브레인이엔지 뒤편,202110,1023
금천구,1841. 가산동 주민센터,202110,1906
금천구,1842. 한울중학교,202110,373
금천구,1843. 독산고등학교,202110,575
금천구,1845. 롯데캐슬골드파크1차 서문,202110,631
금천구,1846. 롯데캐슬골드파크1차 동문,202110,930
금천구,1847. 독산주공 14단지 버스정류소,202110,361
금천구,1848. 벽산 디지털밸리 5차,202110,1517
금천구,1849. 대륭포스트타워5차,202110,524
금천구,1850. 코오롱테크노밸리,202110,297
금천구,1851. 가산디지털단지 7번출구,202110,2916
금천구,1852. 혜명양로원 담장 옆,202110,310
금천구,1853. 서울디자인직업전문학교 앞,202110,455
금천구,1854. 가산아네스트 오피스텔 앞,202110,1029
금천구,1855. 성지아파트 옆 도로변,202110,222
금천구,1856. 모두의학교,202110,1091
금천구,1857. 주공14단지,202110,380
금천구,1858. 석수역1번출구 앞 (SK주유소),202110,538
금천구,1859. 대륭테크노타운 18차,202110,830
금천구,1861.IBK기업은행 석수역 지점 앞,202110,215
금천구,1862.스타즈호텔독산 빌딩 앞,202110,1132
금천구,1863.위너스 스포츠클럽 골프연습장옆,202110,390
금천구,1864.산호시티빌 옆,202110,223
금천구,1865.금천구청앞(M빌딩),202110,464
금천구,1866.서울안천초등학교 옆,202110,354
금천구,1867.대륭포스트타워6차 앞,202110,3526
금천구,1868.우리은행 시흥남자동화점 앞,202110,482
금천구,1869.롯데캐슬골드파크3차 301동 앞,202110,749
금천구,1870.독산3동주민센터 앞,202110,685
금천구,3956. 대륭테크노타운21차 앞,202110,704
금천구,3958. 롯데캐슬2차 마을버스 정류장(18804) 뒤편,202110,826
금천구,3959. 시흥사거리(시흥동 994-3 앞),202110,901
금천구,3963. 에이스 하드웨어(시흥대로 396) 앞,202110,877
금천구,3966. 독산역1번출구 옆,202110,1897
금천구,3967. 혜명양로원 담장 옆(2),202110,315
금천구,3968. 독산동 현대홈타운 금천과선교 앞,202110,569
금천구,3969. 독산역 롯데캐슬 104동 앞,202110,609
금천구,3970. 시흥4동주민센터 앞,202110,48
금천구,3971. 순흥안씨묘 건너편,202110,45
금천구,3972. 산기슭공원 앞,202110,93
금천구,3973. 독산2동주민센터 앞,202110,145
노원구,1601. 석계역 문화광장 내 자전거 보관소,202110,3695
노원구,1602. 광운대역 앞,202110,1398
노원구,1605. 헬스케어,202110,1703
노원구,1606. 태릉입구역 3번출구,202110,1441
노원구,1608. 공릉역 1번 출구 앞,202110,4173
노원구,1610. 화랑대역 2번출구 앞,202110,3371
노원구,1611. 과기대 입구(우),202110,3746
노원구,1616. 하계2동 공항버스정류장 옆,202110,2187
노원구,1617. 하계동 중평어린이공원 앞,202110,2511
노원구,1619. 중계동 하나프라자빌딩 앞(중1-1),202110,2358
노원구,1620. 중계동 노원구민체육센터 옆(중1-2),202110,1523
노원구,1625. 상계역(4번출구),202110,4807
노원구,1627. 수락산역 4번출구,202110,1151
노원구,1628. 노일초등학교 앞,202110,843
노원구,1630. 수연빌딩 앞,202110,1140
노원구,1634. 당고개공원 대여소,202110,801
노원구,1635. 상계3.4동 주민센터 대여소,202110,433
노원구,1636. 백병원 사거리 농협은행 앞,202110,3431
노원구,1637. KT 노원점 건물 앞,202110,6441
노원구,1639. 희성오피앙,202110,791
노원구,1640. 한내근린공원 북측,202110,1049
노원구,1641. 한내근린공원 남측,202110,916
노원구,1642. 서울여대 남문,202110,866
노원구,1643. 태릉입구역 8번출구,202110,2525
노원구,1646. 삼육대 입구,202110,477
노원구,1650. 중계근린공원내,202110,3065
노원구,1651. 맥도날드 상계점 앞,202110,1227
노원구,1652. 파르코 앞,202110,785
노원구,1653. 노원역1번출구,202110,508
노원구,1654. 당고개입구 오거리,202110,922
노원구,1655. 공릉1단지아파트,202110,2806
노원구,1656. 중앙하이츠 아파트 입구,202110,1909
노원구,1657. 노원구청,202110,1890
노원구,1659. 중계동 을지중학교,202110,828
노원구,1660. 서울시립과학관,202110,468
노원구,1661. 당현천근린공원,202110,1895
노원구,1662. 노원역7번출구,202110,2814
노원구,1663. 동해문화예술관앞,202110,2456
노원구,1664. 노해근린공원내,202110,571
노원구,1666. 노원소방서인근,202110,1134
노원구,1667. 중계중학교,202110,1480
노원구,1668. 중계역 6번출구,202110,2522
노원구,1669. 중계역 3번출구,202110,2202
노원구,1670. 노원경찰서교차로,202110,1394
노원구,1671. 인덕대학교,202110,914
노원구,1672. 상계동수락리버시티,202110,708
노원구,1674. 서울북부고용센터앞,202110,3566
노원구,1675. 월계문화체육센터,202110,233
노원구,1677. 육군사관학교 앞,202110,1655
노원구,1678. 성서대학교 밀알관,202110,551
노원구,1679. 삼육대 도서관,202110,255
노원구,1680. 삼육대 제3과학관,202110,63
노원구,1681. 현대6차 아파트,202110,1147
노원구,1682. 중계종합사회복지관 교차로,202110,1171
노원구,1683. 노원문화예술회관,202110,1799
노원구,1684. 태릉입구역 5번출구,202110,3442
노원구,1685. 불암고등학교 앞 횡단보도,202110,1161
노원구,1686. 온수골사거리(스타벅스앞),202110,2364
노원구,1688. 마들역 7번출구,202110,2056
노원구,1689. 마들역 3번출구,202110,1723
노원구,1690. 도봉운전면허시험장,202110,1898
노원구,1691. 노원정보도서관,202110,1306
노원구,1692. 온곡초교 교차로,202110,1167
노원구,1693. 원자력 병원,202110,464
노원구,1695.월계미륭아파트 정문,202110,1113
노원구,1696.수락리버시티4단지,202110,765
노원구,1697.상계주공2단지 219동,202110,1216
노원구,1700.상계보람아파트 202동,202110,1221
노원구,2901.공릉동풍림아파트 101동,202110,1302
노원구,2902.공릉풍림아파트 108동,202110,1239
노원구,2903.월계초안아파트 1단지,202110,779
노원구,2904.중계3차청구아파트,202110,1081
노원구,2907. 월계중학교,202110,355
노원구,2908. 광운대학교 중앙도서관,202110,1847
노원구,2909. 석계역 3번 출구,202110,1766
노원구,2910.도깨비시장,202110,2971
노원구,2911.상계역중앙시장,202110,534
노원구,2912.대진고등학교,202110,1762
노원구,2913.상계8동 주민센터,202110,1791
노원구,2914.서울과학기술대학교(미래관),202110,858
노원구,2915.서울과학기술대학교(어학교육원),202110,2395
노원구,2917.신창중학교 후문 맞은편 버스정류장,202110,1271
노원구,2919.등나무 근린공원(시립북서울미술관 앞),202110,3569
노원구,2920.상계중학교(당현2교사거리),202110,1063
노원구,2921.중계역 2번출구,202110,2695
노원구,4002. 상계주공 14단지 상가 앞,202110,772
노원구,4003. 스타벅스 상계초교사거리점,202110,2611
노원구,4004. 당고개입구오거리 당현천변,202110,1265
노원구,4005. 중계2차 한화꿈에그린 101동 인근,202110,1046
노원구,4007. 노원 을지대학교 병원,202110,1941
노원구,4008. 하계 어린이 공원,202110,1873
노원구,4009. 월계프라자,202110,598
노원구,4011. 월계 센트럴 아이파크,202110,1078
노원구,4013. 중계 롯데마트,202110,1881
노원구,4014. 당고개역 3번 출구,202110,976
노원구,4016. 노원 마들스타디움,202110,1131
노원구,4017. 월계 청백1단지 아파트 정류장,202110,424
노원구,4018. 상계주공15단지 버스정류소,202110,1425
노원구,4019. 상계주공10단지 버스정류소,202110,1209
노원구,4020. 중계동 성모빌딩 앞,202110,1445
노원구,4021. 중계본동 입구,202110,161
노원구,4023. 월계역 1번 출구,202110,898
노원구,4024. 꿈의숲 SK뷰 아파트,202110,1610
노원구,4025. 한천교 동편,202110,1388
노원구,4026. 상계주공1단지아파트,202110,1254
노원구,4027. 이마트 월계점,202110,3245
노원구,4028. 한일유앤아이아파트 105동 인근,202110,1227
노원구,4029. 청소년수련관 후문,202110,3055
노원구,4031. 청암예술학교 앞,202110,1361
노원구,4032. 은행사거리(불암주유소 앞),202110,1094
노원구,4033. 녹천 자동차운전 전문학원 (녹천역 4번 출구),202110,735
노원구,4034. 상계근린공원 운동장 앞,202110,837
노원구,4035. 수락 행복발전소 앞,202110,604
노원구,4036. 하계역 6번출구,202110,1800
노원구,4037. 물넘이교,202110,1779
노원구,4039. 서울시 북부여성발전센터,202110,621
노원구,4040. 공릉로 26길,202110,990
노원구,4041. 공릉역3번출구,202110,1371
노원구,4042. 상계문화정보도서관,202110,748
노원구,4043. 상계주공13단지 1301동,202110,25
노원구,4044. 공릉산 백세문 입구,202110,11
도봉구,1702. 녹천역 1번출구 앞,202110,791
도봉구,1703. 도봉산광역환승센터앞,202110,346
도봉구,1705. 도봉구청 정문앞,202110,1616
도봉구,1706. 기업은행 앞,202110,829
도봉구,1707. 도봉구민회관,202110,1490
도봉구,1708. 보건소사거리(다비치안경창동점),202110,1733
도봉구,1709. 쌍문역4번출구 주변,202110,1120
도봉구,1713. 쌍문동 이안아파트 앞,202110,296
도봉구,1714. 도봉문화정보도서관 삼거리,202110,195
도봉구,1715. 서울특별시교육청도봉도서관,202110,884
도봉구,1716. 하나로마트 창동점,202110,1340
도봉구,1717. 시립창동운동장 입구,202110,358
도봉구,1719. 신도봉사거리 버스정류장,202110,726
도봉구,1720. 도봉구청 옆(중랑천변),202110,2003
도봉구,1721. 창동역 2번출구,202110,3383
도봉구,1722. 창동청소년수련관,202110,1120
도봉구,1723. 방학동학마을도서관,202110,450
도봉구,1725. 창1동주민센터,202110,696
도봉구,1726. 삼익세라믹아파트교차로,202110,1070
도봉구,1727. 서울도봉초등학교인근,202110,765
도봉구,1728. 서울북부지방법원,202110,283
도봉구,1729. 파리바게트앞,202110,1085
도봉구,1730. 도봉산역 교차로 앞,202110,284
도봉구,1731. 도봉고등학교 맞은편,202110,390
도봉구,1732. 우리은행 앞,202110,553
도봉구,1733. 방학사거리 (봄마당 앞),202110,1165
도봉구,1734. 쌍문현대1차아파트 108동 앞,202110,932
도봉구,"1735. 도봉역 1,2번 출구사이 건너편",202110,911
도봉구,1736. 버스정류장 앞,202110,656
도봉구,1737. 하나은행 (창동점),202110,2155
도봉구,1738. 창동주공17단지 상가앞,202110,1435
도봉구,1741. 제일강산수산입구,202110,2359
도봉구,1742. 북한산 코오롱 하늘채,202110,1923
도봉구,1743.창동19단지아파트 관리사무소앞,202110,1597
도봉구,1744.KT방학지사 앞,202110,1255
도봉구,1746. 다이소방학점 앞,202110,872
도봉구,1748. 피자헛 앞(도봉병원 옆),202110,971
도봉구,1749. ESA아파트 상가 앞,202110,1225
도봉구,1750. 창포원 남쪽 입구,202110,871
도봉구,1751. 창원초등학교 교차로,202110,767
도봉구,1752. 창동 주공 4단지 입구 옆,202110,975
도봉구,1754. 창동시장입구 사거리,202110,874
도봉구,1756.서울북부광역등기국,202110,274
도봉구,1757.솔밭공원역 1번출구 앞,202110,499
도봉구,1758.북서울교회 버스정류소 앞,202110,803
도봉구,1759.서울북부지방법원 앞,202110,590
도봉구,1761.방학중학교 앞,202110,447
도봉구,1762.북한산 한신휴플러스APT앞,202110,1525
도봉구,1765.쌍문역 1번 출구(양산부인과 빌딩),202110,1233
도봉구,1767.태양중앙교회 앞,202110,1796
도봉구,1768.신동아타워 버스정류소,202110,596
도봉구,1770.도봉한신아파트 주변,202110,818
도봉구,1771.성원APT버스정류소,202110,812
도봉구,1772.시립도봉노인복지관 버스정류소,202110,733
도봉구,1774.반석교회(쌍문동),202110,499
도봉구,1775.신원리베르텔 앞,202110,905
도봉구,4054. KT프라자도봉점 맞은편,202110,777
도봉구,4058. 다락원체육공원 전망대 입구,202110,671
도봉구,4062. 평화도봉공원 주변,202110,1224
도봉구,4064. 신창아파트 입구 앞,202110,381
도봉구,4065. 창동역 1번출구 앞,202110,2494
도봉구,4073.방아골종합사회복지관,202110,545
도봉구,4074. 도봉구육아종합지원센터(창동),202110,973
도봉구,4075. 방학신동아아파트 11동 앞,202110,304
도봉구,4076. 진영상운 앞 중랑천 변,202110,2892
도봉구,4077. 도봉제1교,202110,2063
도봉구,4078. 원당공원 앞,202110,1108
동대문구,4102. 휘경1동주민센터 앞,202110,1336
동대문구,4103. 휘경sk뷰아파트 앞,202110,823
동대문구,4104. 외대앞역 교차로,202110,1518
동대문구,4105. 하나은행 장안동지점앞,202110,1099
동대문구,4107. 장안동근린공원 입구,202110,798
동대문구,4108. 답십리파크자이아파트 앞,202110,1479
동대문구,4110. 용두롯데캐슬리치아파트 앞,202110,829
동대문구,4112. 신이문빗물펌프장 옆,202110,354
동대문구,4113. 한국국방연구원 앞,202110,1161
동대문구,4114. 휘경여중고삼거리,202110,1550
동대문구,4116. 이문e편한세상아파트 앞,202110,590
동대문구,4117. 휘경119안전센터 앞,202110,1329
동대문구,4121. 서울문화재단 앞,202110,1962
동대문구,4122. 청계9가교차로 앞,202110,1962
동대문구,4123. 배봉초교 교차로,202110,1012
동대문구,4125. 회기역 2-①번출구,202110,558
동대문구,600. 휘경2동 주민센터,202110,376
동대문구,601. 용신동주민센터,202110,995
동대문구,602. 장안동 사거리,202110,4204
동대문구,604. 답십리초등학교 옆 공원,202110,1036
동대문구,605. 신설동역8번출구,202110,1669
동대문구,606. 휘경공고앞,202110,690
동대문구,607. 신이문역 2번출구,202110,723
동대문구,608. 전농삼성아파트,202110,349
동대문구,609. 제기2교,202110,2151
동대문구,610. 동대문중 교차로,202110,1035
동대문구,612. 시립동부병원 앞 사거리,202110,2491
동대문구,613. 신설동역 10번출구 앞,202110,2359
동대문구,614. 용두동 사거리,202110,2565
동대문구,615. 용두동 래미안허브리츠아파트 앞,202110,1955
동대문구,616. 서울시립대 앞,202110,186
동대문구,617. 청솔우성아파트 앞,202110,1476
동대문구,621. 동대문중학교 옆,202110,405
동대문구,622. 전농사거리 교통섬,202110,1248
동대문구,623. 서울시립대 정문 앞,202110,1922
동대문구,624. 전농동 동아아파트 앞,202110,1651
동대문구,625. 답십리초등학교 앞(현대시장 옆),202110,1280
동대문구,626. 군자교 서측 녹지대,202110,1751
동대문구,627. 장안동삼거리 교통섬,202110,1671
동대문구,628. 휘봉고등학교 앞,202110,855
동대문구,630. 동대문구 보건소,202110,2619
동대문구,631. 답십리역 1번출구,202110,3250
동대문구,633. 청량리 기업은행 앞,202110,1310
동대문구,634. 외국어대 정문 앞,202110,3270
동대문구,635. 시조사 앞 (청량고정문 옆),202110,1888
동대문구,636. 세종대왕기념관 교차로,202110,646
동대문구,637. KAIST 경영대학 앞,202110,1174
동대문구,638. 서울시립대 정보기술관,202110,565
동대문구,639. 서울시립대 후문,202110,1021
동대문구,640. KEB하나은행 청량리역지점,202110,919
동대문구,641. 용두역 4번출구,202110,2646
동대문구,642. 신답역 사거리,202110,1654
동대문구,643. 동대문구민체육센터 (육교아래),202110,2023
동대문구,646. 장한평역 1번출구 (국민은행앞),202110,5173
동대문구,647. 신이문역 1번출구,202110,777
동대문구,648. 장안동위더스빌옆,202110,2853
동대문구,650. 중랑교사거리,202110,1586
동대문구,652. 답십리 래미안엘파인아파트 입구,202110,585
동대문구,654. 전농동 텃골공원,202110,730
동대문구,656. 영휘원 교차로,202110,892
동대문구,657. 동대문롯데캐슬아파트 앞,202110,1532
동대문구,658. 촬영소 사거리,202110,1574
동대문구,659. 제기역1번출구,202110,2711
동대문구,660. 동의보감타워,202110,2041
동대문구,661. 경희대학교 청운관,202110,1321
동대문구,663. 외대앞역 4번출구,202110,1426
동대문구,664. 서울시립대 건설공학관,202110,562
동대문구,665.이문동 쌍용아파트 정문,202110,939
동대문구,666.이문대성유니드아파트 앞,202110,865
동대문구,667.청량차도 육교 밑,202110,604
동대문구,668.서울축산농협(장안지점),202110,3524
동대문구,669.청계한신휴플러스앞 삼거리,202110,1171
동대문구,670.삼육서울병원 버스정류장,202110,3849
동대문구,671.대광빌딩,202110,688
동대문구,672.대광고등학교,202110,940
동대문구,673.안암골벽산아파트(후문),202110,1269
동대문구,674.고대앞사거리 교통섬,202110,2063
동대문구,675.성복교회 앞 (장평교 아래),202110,1485
동대문구,676.FITI시험연구원 앞,202110,172
동대문구,677.청량리역 4번 5번출구 사이,202110,2887
동대문구,678.장안힐스테이트(아) 앞,202110,1558
동대문구,679.전농SK아파트 앞,202110,403
동대문구,680.꿈마루어린이도서관 앞,202110,2461
동대문구,681.서울특별시 동부교육지원청(육교),202110,311
동작구,2002. 노들역 1번출구,202110,2957
동작구,2003. 사육신공원앞,202110,1503
동작구,2007. 유한양행앞,202110,1510
동작구,2008. 노량진근린공원 대방공원,202110,599
동작구,2009. 보라매역 8번출구,202110,1050
동작구,2012. 녹십초요양병원앞,202110,1186
동작구,2013. 장승배기역 5번출구,202110,2188
동작구,2015. 신대방삼거리역 6번출구쪽,202110,2593
동작구,2016. 신대방삼거리역 3번출구쪽,202110,1525
동작구,2020. 장승배기역2번출구뒷편쪽,202110,815
동작구,2024. 상도역 1번출구,202110,601
동작구,2025. 흑석역 1번출구,202110,2735
동작구,2026. 흑석역 4번출구,202110,681
동작구,2027. 중앙대학교 정문 1,202110,490
동작구,2032. 이수역 11번출구쪽,202110,1704
동작구,2033. 사당동 아르테스 웨딩앞,202110,1232
동작구,2034. 사당역 7번출구쪽,202110,1195
동작구,2036. 정금마을 마을버스정류장,202110,754
동작구,2037. 동작역 5번출구 동작주차공원,202110,850
동작구,2038. 동작역 7번출구,202110,264
동작구,2040. 비계 버스정류소,202110,253
동작구,2041. 사당중학교 버스정류소,202110,403
동작구,2048. 삼일초등학교 인근,202110,531
동작구,2050. 노량진역 5번출구,202110,3705
동작구,2054. 삼익아파트,202110,1835
동작구,2056. 동작구민 체육센터,202110,1624
동작구,2057. 상도 아이파크 아파트,202110,704
동작구,2058. 노량진동 맥도널드앞,202110,2972
동작구,2059. 보라매공원 정문,202110,2358
동작구,2060. 남성역3번출구 뒤,202110,1741
동작구,2061. 한강 현대아파트 건너편,202110,187
동작구,2062. 사당새마을금고,202110,597
동작구,2063. 대방역 4번출구,202110,220
동작구,2064. 흑석한강푸르지오 106동앞,202110,285
동작구,2065. 서울시여성가족재단,202110,590
동작구,2066. 양문교회 앞,202110,1013
동작구,2067. LG전자 베스트? 대리점 앞,202110,1661
동작구,2068. 총신대 앞(육교),202110,101
동작구,2069. 숭실대 입구역3번 출구 앞,202110,716
동작구,2070. 노량진역 2번 출구 앞,202110,2000
동작구,2071. 대림아파트 후문 상가 옆,202110,448
동작구,2076.노들나루공원 입구,202110,3436
동작구,2077.노들역 3번출구,202110,1169
동작구,2078.흑석 아크로리버하임(103동),202110,261
동작구,2079.중앙대학교 중앙광장,202110,172
동작구,2080.빕스 대방점 앞,202110,2486
동작구,2082.7호선 이수역7번출구,202110,929
동작구,2083.흑석롯데캐슬에듀포레(107동),202110,472
동작구,2084.e편한세상 상도노빌리티 앞,202110,938
동작구,2085.강남중학교 앞,202110,1163
동작구,2086.삼일수영장 앞,202110,1082
동작구,2088.상도중앙하이츠빌 입구,202110,498
동작구,2089.사당역10번출구(금강빌딩),202110,1127
동작구,2090.기아자동차 사당점 앞,202110,1212
동작구,2091.이수역9번출구(맥도날드),202110,1285
동작구,2092.흑석한강푸르지오(110동),202110,218
동작구,2093.상도SH빌아파트 입구,202110,220
동작구,2094.숭실대학교(중문),202110,336
동작구,2095.경문고등학교 앞,202110,970
동작구,2096.서울특별시 동작관악교육지원청,202110,177
동작구,237. 보라매 두산위브 건너편,202110,1964
동작구,4152. 상도효성해링턴플레이스,202110,516
동작구,4153. 흑석동효사정앞,202110,236
동작구,4158. 노량진근린공원,202110,172
동작구,4162. 노량진1동 청소년독서실,202110,409
동작구,4167. 구로교 아래,202110,554
동작구,4169. 신대방삼거리,202110,1434
동작구,4171. 우성아파트 앞,202110,957
동작구,4173. 이화약국 앞,202110,624
동작구,4175. 스페이스 살림 앞,202110,1300
마포구,102. 망원역 1번출구 앞,202110,3880
마포구,103. 망원역 2번출구 앞,202110,3235
마포구,104. 합정역 1번출구 앞,202110,1875
마포구,105. 합정역 5번출구 앞,202110,1237
마포구,106. 합정역 7번출구 앞,202110,4003
마포구,107. 신한은행 서교동금융센터점 앞,202110,2283
마포구,108. 서교동 사거리,202110,2145
마포구,109. 제일빌딩 앞,202110,1779
마포구,111. 상수역 2번출구 앞,202110,1847
마포구,112. 극동방송국 앞,202110,1415
마포구,113. 홍대입구역 2번출구 앞,202110,5060
마포구,114. 홍대입구역 8번출구 앞,202110,3284
마포구,118. 광흥창역 2번출구 앞,202110,1306
마포구,119. 서강나루 공원,202110,1913
마포구,120. 신수동 사거리,202110,585
마포구,121. 마포소방서 앞,202110,1413
마포구,122. 신성기사식당 앞,202110,1287
마포구,124. 서강대 정문 건너편,202110,1751
마포구,125. 서강대 남문 옆,202110,794
마포구,126. 서강대 후문 옆,202110,2279
마포구,127. 현대벤처빌 앞,202110,509
마포구,129. 신촌역(2호선) 6번출구 옆,202110,1158
마포구,130. 신촌역(2호선) 7번출구 앞,202110,2380
마포구,142. 아현역 4번출구 앞,202110,792
마포구,143. 공덕역 2번출구,202110,1684
마포구,144. 공덕역 8번출구,202110,3666
마포구,145. 공덕역 5번출구,202110,1212
마포구,146. 마포역 2번출구 뒤,202110,3254
마포구,147. 마포역 4번출구 뒤,202110,3149
마포구,148. 용강동 주민센터 앞,202110,2079
마포구,150. 서강대역 2번출구 앞,202110,1173
마포구,153. 성산2교 사거리,202110,2322
마포구,154. 마포구청역,202110,2968
마포구,155. 가좌역1 번출구 앞,202110,897
마포구,156. 서울서부지방법원 앞,202110,1064
마포구,157. 애오개역 4번출구 앞,202110,1913
마포구,181. 망원초록길 입구,202110,1819
마포구,182. 망원2빗물펌프장 앞,202110,1657
마포구,183. 하늘채코오롱아파트 건너편,202110,3095
마포구,184. SK망원동주유소 건너편,202110,2866
마포구,185. 마포 신수공원 앞,202110,1223
마포구,186. 월드컵공원,202110,3844
마포구,199. 서울 월드컵 경기장,202110,1333
마포구,3002.벽산상암스마트큐브,202110,3162
마포구,3003.래미안신공덕3차아파트,202110,94
마포구,3005.마포구청 청사내,202110,422
마포구,3006. 상암월드컵파크5단지(상암중학교),202110,500
마포구,3007.MBC 앞,202110,1483
마포구,3008.DMC역7번출구,202110,1119
마포구,3009.서교동사거리(신),202110,2025
마포구,3010.홍대입구역 3번출구,202110,4522
마포구,3011.경의선(노고산동),202110,1840
마포구,400. 상암한화오벨리스크 1차 앞,202110,1347
마포구,401. 상암월드컵파크 10단지 앞,202110,1164
마포구,402. 상암월드컵파크 9단지 앞,202110,856
마포구,403. 부엉이공원 앞,202110,925
마포구,405. DMC빌 앞,202110,698
마포구,406. 상암월드컵파크 7단지 앞,202110,864
마포구,407. 마포구 육아종합지원센터,202110,995
마포구,408. LG CNS앞,202110,984
마포구,409. 누리꿈스퀘어 옆,202110,2742
마포구,410. 상암중학교 옆,202110,419
마포구,411. DMC홍보관,202110,1500
마포구,412. DMC산학협력연구센터 앞,202110,1591
마포구,413. 상암월드컵파크 3단지 후문,202110,789
마포구,414. 상암동주민센터 옆,202110,1991
마포구,415. DMC역 9번출구 앞,202110,3314
마포구,416. 상암월드컵파크 1단지 교차로,202110,1047
마포구,417. DMC역 2번출구 옆,202110,2158
마포구,418. 월드컵경기장역 3번출구 옆,202110,3210
마포구,419. 홈플러스 앞,202110,3044
마포구,420. 서울시 공공자전거 상암센터,202110,1762
마포구,4202. 프런트원(공덕역4번출구 앞),202110,894
마포구,4206. 광흥창역5번출구,202110,999
마포구,4207. 아만티호텔 앞,202110,667
마포구,4208. 스타벅스(동교동) 앞,202110,1016
마포구,421. 마포구청 앞,202110,2530
마포구,4210. 가좌행복주택 앞,202110,1585
마포구,4211. 시석빌딩 앞,202110,1050
마포구,4212. 한화오벨리스크 앞,202110,867
마포구,4213. 마포구중앙도서관 정문 앞,202110,1788
마포구,4214. JTBC 앞,202110,1115
마포구,4216. 망원정 앞,202110,652
마포구,4217. 한강공원 망원나들목,202110,10987
마포구,422. 문화비축기지,202110,612
마포구,424. 롯데하이마트 (상암월드컵점),202110,564
마포구,425. DMC첨단산업센터,202110,744
마포구,426. 서울신용보증재단,202110,2030
마포구,427. 성산시영아파트,202110,1187
마포구,432. 마포중앙도서관,202110,349
마포구,436. 이대역 5번출구,202110,1034
마포구,437. 대흥역 1번출구,202110,1344
마포구,438. 성산2-1 공영주차장,202110,1739
마포구,439. 마포어린이공원,202110,2709
마포구,440. 하늘공원 입구,202110,1599
마포구,487.신석초교앞 교차로 교통섬,202110,2143
마포구,488.푸르메병원,202110,1147
마포구,489.구룡근린공원,202110,284
마포구,490.가온문화공원,202110,1682
마포구,491.월드컵파크 4단지,202110,547
마포구,492.성산시영아파트 후문,202110,1482
마포구,493.홍대입구역 6번출구,202110,2124
마포구,494.신수동주민센터,202110,391
마포구,495.염리초등학교 앞,202110,1258
마포구,497.합정동주민센터 앞,202110,2794
마포구,498.연남동주민센터 앞,202110,3476
서대문구,115. 마스타 빌딩 앞,202110,1117
서대문구,116. 일진아이윌아파트 옆,202110,2279
서대문구,117. 홍은사거리,202110,3507
서대문구,123. 문화촌 공원,202110,2397
서대문구,128. 신촌역(2호선) 1번출구 옆,202110,1884
서대문구,131. 증산2교,202110,3022
서대문구,133. 해담는다리,202110,2174
서대문구,134. 연세로 명물길,202110,1133
서대문구,135. 명물길 원형무대 앞,202110,876
서대문구,137. NH농협 신촌지점 앞,202110,725
서대문구,138. 신촌동 제1공영주차장 앞,202110,1047
서대문구,139. 연세대 정문 건너편,202110,493
서대문구,140. 이화여대 후문,202110,856
서대문구,141. 연대 대운동장 옆,202110,756
서대문구,158. 독립문 어린이 공원,202110,525
서대문구,159. 이대역 4번 출구,202110,626
서대문구,160. 북아현동 가구거리,202110,612
서대문구,161. 무악재역1번 출구,202110,503
서대문구,162. 봉원고가차도 밑,202110,1092
서대문구,163. 명지전문대학교 정문 앞,202110,512
서대문구,164. 북가좌1동 주민센터,202110,501
서대문구,165. 중앙근린공원,202110,1398
서대문구,166. 가재울 초등학교,202110,1467
서대문구,167. 연가초등학교 옆,202110,756
서대문구,169. 북가좌 삼거리,202110,416
서대문구,170. 가재울 뉴타운 주유소 옆,202110,1114
서대문구,171. 임광빌딩 앞,202110,655
서대문구,173. 서대문역 8번출구 앞,202110,943
서대문구,175. 홍연2교옆,202110,2661
서대문구,176. 명지대학교 도서관,202110,1992
서대문구,177. 북가좌 초등학교,202110,815
서대문구,178. 증산3교 앞,202110,1454
서대문구,179. 가좌역 4번출구 앞,202110,1595
서대문구,180. 충정로역 7번출구 아래,202110,1136
서대문구,188. 홍은동 정원여중 입구,202110,987
서대문구,191. 서우빌딩(바른학원),202110,1210
서대문구,192. 연서어린이공원,202110,701
서대문구,194. 증산교 앞,202110,2104
서대문구,195. 모래내고가차도,202110,901
서대문구,196. 연희교차로 인근,202110,601
서대문구,198. 충정2교,202110,959
서대문구,3100. 북성초교,202110,468
서대문구,3101. 서대문구청,202110,1048
서대문구,3102. 연희삼거리,202110,1213
서대문구,3103. 홍제삼거리 북측,202110,1204
서대문구,3104. e편한세상 신촌4단지 앞,202110,1028
서대문구,3105. 홍은센트레빌 아파트 앞,202110,419
서대문구,3107. 연희초등학교 앞,202110,549
서대문구,3109.북한산더? 106동 앞,202110,304
서대문구,3110.홍은 현대아이파크 아파트 202동 앞,202110,971
서대문구,3111.무악재역 4번 출구,202110,273
서대문구,3113.독립문역사거리,202110,798
서대문구,3114.충정로역 3번 출구,202110,373
서대문구,3115.북아현 치안센터 인근,202110,972
서대문구,3116.신촌역 4번출구,202110,925
서대문구,3117.이화여대 인문관 인근,202110,315
서대문구,3119.연희 브라운스톤 아파트 앞,202110,1929
서대문구,3120.DMC엘가아파트 앞,202110,1156
서대문구,3121.가좌삼거리,202110,1311
서대문구,3122.북가좌삼거리2,202110,778
서대문구,3123.DMC파크뷰자이1단지 110동 앞,202110,825
서대문구,3124.DMC센트럴아이파크아파트,202110,1695
서대문구,3125.연희파크푸르지오아파트 앞,202110,1906
서대문구,3126.남가좌동 제2공영주차장,202110,307
서대문구,3127.홍은2파출소 옆,202110,590
서대문구,3128.동신병원 맞은편,202110,1400
서대문구,3129.DMC래미안e편한세상203동옆,202110,806
서대문구,3130.가재울사거리,202110,623
서대문구,3131.연가교 교차로,202110,1005
서대문구,3132.홍제교,202110,542
서대문구,3134.SK리쳄블(상수도사업본부),202110,586
서대문구,4253. 홍은도담도서관,202110,691
서대문구,4255. 래미안 루센티아 아파트 108동 앞,202110,938
서초구,2201. 본마을 정류소 앞,202110,127
서초구,2202.청계산입구역 1번출구,202110,1177
서초구,2203. 청계산입구역 2번출구,202110,354
서초구,2205. 내곡3단지 어린이공원 앞,202110,465
서초구,2206. 언남초등학교 앞,202110,857
서초구,2207. 내곡파출소 뒤 정자,202110,157
서초구,2210. 반포1동 주민센터 앞,202110,364
서초구,2211. 서초구립반포도서관 앞,202110,1605
서초구,2212.서초현대4차아파트 201동 맞은편,202110,674
서초구,2213. 고속터미널역 5번출구 앞,202110,1087
서초구,2214. 신반포역 2번출구 앞,202110,890
서초구,2215. 반포종합운동장 입구,202110,1025
서초구,2217.아크로리버뷰 부지 앞,202110,2304
서초구,"2219. 고속터미널역 8-1번, 8-2번 출구 사이",202110,5195
서초구,2220. 반포본동 주민센터 앞,202110,2961
서초구,2221.하나은행 방배동지점 앞,202110,1393
서초구,2222.사당역 12번출구 뒤,202110,2057
서초구,2223. 방배래미안 정문 앞,202110,491
서초구,2225.백석예술대학교 제3캠퍼스 앞,202110,184
서초구,2226. 신동아럭스빌아파트 앞,202110,298
서초구,2227.방배열린문화센터 앞,202110,677
서초구,2228.뒷벌공원 옆,202110,73
서초구,2229.로고스교회 맞은 편,202110,827
서초구,2230.이수역 4번 출구,202110,2026
서초구,2231. 삼성타운(삼성생명) A동 맞은편,202110,1662
서초구,2233. 서초신동아1차아파트 옆,202110,610
서초구,2235.KT 서초지사 앞,202110,372
서초구,2237.서울남부터미널 대합실 입구,202110,1071
서초구,2239.교대역 6번출구,202110,854
서초구,2241.양재전화국 사거리,202110,347
서초구,2242.양재역 11번 출구 앞,202110,1141
서초구,2243.서울가정법원,202110,647
서초구,2244.교육개발원입구 교차로,202110,1468
서초구,2245.양재초등학교 맞은편,202110,1048
서초구,2246. 서울시 품질시험소 앞,202110,27
서초구,2247.섬들근린공원,202110,1612
서초구,2248. 서초리슈빌S 글로벌 앞,202110,197
서초구,2249. 우솔초등학교 맞은편,202110,250
서초구,2250. 서초유치원 맞은편,202110,775
서초구,2251. 더케이호텔 입구(양재2),202110,1010
서초구,2252. 하이브랜드 앞,202110,1783
서초구,2255.시민의숲역 1번출구 옆,202110,2350
서초구,2256.양재동 꽃시장 입구,202110,72
서초구,2257. 하나로클럽 양재점 맞은편,202110,151
서초구,2258.구룡사 삼거리,202110,325
서초구,2259. 잠원역 3번-4번 출구사이,202110,944
서초구,2262. 한신16차아파트 119동 앞,202110,4953
서초구,2263. 바우뫼문화복지회관,202110,953
서초구,2264. 이수역 1번출구,202110,2802
서초구,2265. 이수고가차도 남단,202110,2127
서초구,2266. 서초역 3번출구,202110,1059
서초구,2268. 서초4동주민센터,202110,748
서초구,2269. 주홍교 하부,202110,505
서초구,2270. 서초포레스타 7단지,202110,365
서초구,2271. 내방역 8번출구 앞,202110,983
서초구,2272. 교대입구 교차로,202110,460
서초구,2273. 일동제약 사거리,202110,981
서초구,2274. 양재시민의숲역 3번출구,202110,1056
서초구,2275. 염곡치안센터 건너편,202110,89
서초구,2276. 영동1교 (양재천근린공원),202110,1384
서초구,2279. 교대역 5번출구뒤,202110,1653
서초구,2280. 서울서초고용센터앞,202110,498
서초구,2281. 연세사랑병원신관앞,202110,501
서초구,2282. 방배래미안아트힐 101동앞,202110,300
서초구,2283. 그룹한빌딩옆,202110,360
서초구,2284. CJ오쇼핑앞,202110,225
서초구,2285. LH서초3단지 301동 맞은편,202110,482
서초구,2286. 탑성마을입구,202110,27
서초구,2287. 능안마을입구,202110,32
서초구,2288. 안골마을입구,202110,58
서초구,2289. 남태령역 2번출구,202110,161
서초구,2293. SPC 앞,202110,792
서초구,2294. 두상빌딩 앞,202110,1317
서초구,2297. 남부터미널역 1번출구,202110,703
서초구,2298. 래미안서초스위트앞,202110,484
서초구,2299. 한전아트센터 앞,202110,853
서초구,2501. 서초 포레스타5단지,202110,604
서초구,2502. 서초역1번출구 앞,202110,573
서초구,2503. 반포1동 서초빌딩 앞,202110,1067
서초구,2504. 신사역 4번출구 뒤,202110,1355
서초구,2505. 우성아파트사거리 (기업은행앞),202110,1599
서초구,2506. LG유플러스 (방배사옥),202110,151
서초구,2508. 양재이스타빌 앞,202110,1455
서초구,2509. 심산기념문화센터,202110,393
서초구,2510. JW타워,202110,266
서초구,2511. 이수역 6번출구 앞,202110,1157
서초구,2514.사평역 2번출구,202110,636
서초구,2515.서초초등학교 후문,202110,1030
서초구,2516.본마을 노인복지센터 앞,202110,373
서초구,2517.서초3교(효령로69길 방면),202110,246
서초구,2518.서초3교(효령로70길 방면),202110,610
서초구,2519.서초2교(사임당로 방면),202110,199
서초구,2520.서초1교 (진흥아파트 방면),202110,489
서초구,2521.서초 크로바타워 앞,202110,708
서초구,2523.뉴코아 킴스클럽 앞,202110,1143
서초구,2524.반포쇼핑타운 8동 앞,202110,1037
서초구,2525.반포쇼핑타운 2동 앞,202110,3024
서초구,2526.반포경남쇼핑 앞,202110,457
서초구,2527.반포중학교 앞(세화여고 맞은편),202110,543
서초구,2528.함지박 사거리,202110,926
서초구,2529.우리은행 방배동지점 앞,202110,1009
서초구,2530.삼호3차아파트 앞,202110,1407
서초구,2531.멤피스아파트 앞,202110,1198
서초구,2532.국립국악원 앞,202110,189
서초구,2533.한가람미술관 앞,202110,314
서초구,2534.신흥교(애견훈련소),202110,22
서초구,2535.신반포역 3번출구 뒤,202110,449
서초구,2536.서초종합체육관 입구,202110,30
서초구,2537.양재역 8번출구 앞,202110,804
서초구,2538.사평리 공원,202110,1127
서초구,2539.대한무역투자진흥공사 KOTRA 앞,202110,288
서초구,2540.반포천 앞,202110,1350
서초구,2541.옛골 입구,202110,106
서초구,2542.신논현타워 앞,202110,952
서초구,2545.국립중앙도서관(국제회의장옆),202110,426
서초구,2547.포드서초서비스센터앞,202110,582
서초구,2548.반포1동 자율방범초소 옆,202110,407
서초구,2549.LH 서초 4단지 403동,202110,539
서초구,2550.양재동 꽃시장 건너편,202110,701
서초구,4303. 매헌역 2번출구앞광역버스 정류장앞(22-297),202110,888
서초구,4304. 서울고앞,202110,445
서초구,4305. 서일스포츠센터,202110,100
서초구,4306. 서래공원 앞,202110,759
서초구,4307. 고투몰 gate 15옆,202110,789
서초구,4309. 서초케이타운앞,202110,159
서초구,4310. 염곡동(염통골) 입구,202110,146
서초구,4312. 반포미도2차아파트 옆,202110,486
서초구,4313. 반포종합운동장,202110,572
서초구,4314. 탑성마을 버스정거장 옆,202110,21
서초구,4315. 이투스교육 앞,202110,280
서초구,4316. 고속터미널역 3번출구,202110,677
서초구,4317. 양재근린공원,202110,1296
서초구,4318. 방배역 2번 출구,202110,874
서초구,4319. 삼성전자R&D어린이집 뒤,202110,153
서초구,4320. 신영체르니 아파트,202110,571
서초구,4322.서울추모공원 입구,202110,29
서초구,4323. 내곡도서관,202110,97
서초구,4324. 세화고등학교,202110,16
성동구,3511. 응봉역 1번출구,202110,5066
성동구,3513. 상왕십리역 1번출구,202110,1679
성동구,3514. 왕십리교회옆,202110,3062
성동구,3515. 서울숲 관리사무소,202110,3870
성동구,3525. 금호스포츠센터앞,202110,1041
성동구,3527. 왕십리 자이아파트,202110,25
성동구,3530. 왕십리자이아파트 후문(삼거리),202110,267
성동구,3531. 논골사거리(금호도서관 입구),202110,168
성동구,3532. 왕십리KCC스위첸아파트,202110,193
성동구,3538. 서울숲 IT캐슬,202110,76
성동구,3544.한양대역 3번 출구,202110,1423
성동구,3545.한양대역 1번출구,202110,740
성동구,3547.상왕십리역 6번 출입구,202110,470
성동구,3548.뚝섬역 6번출구,202110,1767
성동구,3549.건영아파트 앞,202110,1772
성동구,3550.금호나들목,202110,1590
성동구,3551.성동도로사업소,202110,541
성동구,3552.서울숲 공영주차장앞,202110,1813
성동구,3553.마장역3번출구,202110,641
성동구,3555.양지사거리(센트라스APT 115동앞),202110,390
성동구,3556.신금호파크자이APT앞,202110,327
성동구,3557.서울숲리버뷰자이APT105동 앞,202110,657
성동구,3558.마장동 금호어울림APT앞,202110,519
성동구,3559.성동구민종합체육센터 앞,202110,2743
성동구,3560.성동구 견인차량 보관소 앞,202110,1301
성동구,3561.행당동 삼부APT후문,202110,146
성동구,3600.사근빗물펌프장 건너편,202110,2744
성동구,4353. 코오롱디지털타워 3차앞,202110,2072
성동구,4360. 르노삼성자동차 성수사업소 앞,202110,465
성동구,4362. 행당중학교 후문,202110,879
성동구,4363. 신금호역 2번출구 앞,202110,103
성동구,4367. kt 행당빌딩 앞,202110,787
성동구,4370. 서울숲IT캐슬 앞,202110,1409
성동구,506. 금호 어울림 아파트 앞,202110,738
성동구,507. 성수아이에스비즈타워 앞,202110,1630
성동구,508. 성수아카데미타워 앞,202110,2077
성동구,509. 이마트 버스정류소 옆,202110,4289
성동구,510. 서울숲 남문 버스정류소 옆,202110,1542
성동구,511. 서울숲역 4번 출구 옆,202110,1971
성동구,512. 뚝섬역 1번 출구 옆,202110,2690
성동구,513. 뚝섬역 5번 출구 정류소 옆,202110,1285
성동구,514. 성수사거리 버스정류장 앞,202110,2287
성동구,518. 청계천 박물관 앞,202110,660
성동구,519. 양지사거리,202110,936
성동구,520. 상왕십리역 4번 출구 앞,202110,687
성동구,521. 왕십리역 11번 출구 앞,202110,1774
성동구,522. 금호역 1번출구 앞,202110,323
성동구,523. 옥수동성당 옆,202110,107
성동구,524. 래미안금호하이리버 아파트 102동 옆,202110,436
성동구,525. 한양대병원사거리,202110,1629
성동구,526. 용답토속공원 앞,202110,427
성동구,529. 장한평역 8번 출구 앞,202110,2021
성동구,530. 청계벽산아파트 앞,202110,1432
성동구,533. 우리은행 금호동 지점 앞,202110,487
성동구,534. 금호사거리,202110,374
성동구,535. 응봉삼거리,202110,586
성동구,536. 행당역 2번출구 앞,202110,978
성동구,537. 한양대후문역 부근,202110,1645
성동구,538. 답십리역 8번출구 앞,202110,1157
성동구,550. 서울시설공단 앞,202110,1201
성동구,556. 달맞이공원,202110,92
성동구,557. 도선동 주민센터 앞,202110,1487
성동구,558. 성동광진 교육지원청 앞,202110,1409
성동구,559. 왕십리역 4번 출구 건너편,202110,2530
성동구,560. 비전교회 앞,202110,2036
성동구,561. 서울숲역 2번출구 앞,202110,2026
성동구,562. 군자지하보도 앞,202110,1159
성동구,563. 성동세무서 건너편,202110,2532
성동구,564. 금호역 3번출구,202110,141
성동구,565. 옥수역 3번출구,202110,6328
성동구,567. 성수역 2번출구 앞,202110,3758
성동구,568. 청계8가사거리 부근,202110,3320
성동구,569. 응봉현대아파트 정류소,202110,285
성동구,578. 성동세무서 부근,202110,1432
성동구,579. 마장역 4번출구,202110,1253
성동구,581. 용답초등학교,202110,1644
성동구,582. 경일중학교 앞,202110,1991
성동구,583. 청계천 생태교실 앞,202110,7280
성동구,585. 성수2가1동 공영주차장 인근,202110,3855
성동구,586. 마장동 주민센터,202110,779
성동구,587. 유니베라 앞,202110,2266
성동구,589. 성수역3번출구,202110,4833
성동구,594. 중랑물재생센터(서울새활용플라자),202110,859
성동구,9979. 테스트 대여소,202110,3
성동구,9980. 에이텍,202110,7
성북구,1302. 한성대입구역6번출구 뒤,202110,641
성북구,1303. 돈암초교 입구,202110,990
성북구,1304. 만해공원,202110,297
성북구,1305. 성북구청,202110,1359
성북구,1306. 한성대입구역2번출구,202110,2099
성북구,1308. 안암로터리 버스정류장 앞,202110,5100
성북구,1314. 정릉꿈에그린1단지 201동 앞,202110,356
성북구,1315. 고려사대부속중고 정문,202110,323
성북구,1316. 고려사대부속중고 건너편,202110,399
성북구,1318. 길음역 3번출구 뒤,202110,1402
성북구,1319. 종암사거리 분수대,202110,1851
성북구,1320. LG베스트샵 종암점,202110,2162
성북구,1321. 국민은행 종암동지점 앞,202110,2489
성북구,1322. 래미안라센트아파트 103동 앞,202110,1454
성북구,1323. 월곡역 입구 육교 밑,202110,537
성북구,1325. 상월곡역 4번출구,202110,683
성북구,1326. 상월곡역 1번출구,202110,884
성북구,1327. 상월곡역 3번출구,202110,1537
성북구,1328. 월곡역 3번출구,202110,2658
성북구,1332. 석계역 5번출구 건너편,202110,2338
성북구,1333. 석관초등학교 앞,202110,1430
성북구,1334. 석관동주민센터 앞,202110,1342
성북구,1336. 성북3교 위,202110,1811
성북구,1337. 돈암성당 옆,202110,2324
성북구,1338. 용문2교 옆,202110,1565
성북구,1339. 삼성전자서비스 성북센터,202110,1159
성북구,1340. 광운초등학교 앞,202110,603
성북구,1342. 성북쉼터 앞,202110,123
성북구,1343. 한성대7번출구 앞,202110,765
성북구,1344. 아리랑시네센터 앞,202110,561
성북구,1346. 길음8골어린이공원 옆,202110,1047
성북구,1347. 길음래미안아파트817동 상가 앞,202110,421
성북구,1348. 성북제일새마을금고 본점 앞,202110,775
성북구,1349. 월계2교 버스정류장 앞,202110,913
성북구,1351. 안암2교 옆,202110,2689
성북구,1352. e 편한세상 보문아파트 내,202110,124
성북구,1353. 금호어울림센터힐 내,202110,344
성북구,1354. 고려대학교 2번출구,202110,1930
성북구,1355. 보문2교,202110,3406
성북구,1357. 북한산보국문역,202110,565
성북구,1358. 정릉도서관 앞,202110,799
성북구,1359. 장위뉴타운 꿈에 숲 코오롱 하늘채 앞,202110,1745
성북구,1360. 정릉역,202110,753
성북구,1361. 홍익중고 입구,202110,1021
성북구,1362. 보문역6번출구 앞,202110,1710
성북구,1363. 보문4교 인근,202110,2770
성북구,1364. 성북동 치안센터 앞,202110,764
성북구,1365. 선잠단지 앞,202110,337
성북구,1367. 길음문화복합미디어센터,202110,457
성북구,1368. 성신여대입구 교차로,202110,1173
성북구,1369. 미아사거리,202110,1947
성북구,1370. 복자사랑 피정의 집,202110,254
성북구,1372. KEB은행 고대점,202110,1380
성북구,1373. 성북구보건소 건너편,202110,862
성북구,1375. 생명의 전화 종합복지관 앞 교차로,202110,1489
성북구,1376. 한국과학기술연구원 중문,202110,204
성북구,1377. 한국과학기술연구원 북문,202110,188
성북구,1379.길음뉴타운푸르지오아파트 3단지,202110,189
성북구,1380.월곡역 5번출구 앞,202110,1976
성북구,1381.석계역 4번출구 뒤,202110,1893
성북구,1382.래미안월곡아파트 입구,202110,1320
성북구,1384.성신여대입구역 5번출구,202110,2102
성북구,1385.성신여대입구역 3번출구 앞,202110,1488
성북구,1386.동선고가차도 초입,202110,643
성북구,1388.커핀그루나루,202110,837
성북구,1390.석관래미안아트리치,202110,1706
성북구,1391.성북청소년센터,202110,568
성북구,1392.돈암삼성풍림아파트,202110,148
성북구,1393.돈암육교 하단,202110,223
성북구,1394.길음뉴타운 래미안9단지,202110,971
성북구,1395.래미안장위포레카운티(102동),202110,942
성북구,1396.래미안장위퍼스트하이(513동),202110,1530
성북구,4406. 장곡초등학교 앞,202110,980
성북구,4408. 돌곶이역 앞,202110,1638
성북구,4411. 동산어린이공원 앞,202110,671
성북구,4414. 안암역 3번 출구,202110,220
송파구,1201. 가락시장역 3번 출구,202110,2412
송파구,1203. 밀리아나2빌딩 앞,202110,2454
송파구,1204. 거여역 3번출구,202110,1513
송파구,1205. 종합운동장역 4번출구,202110,1423
송파구,1206. 9호선종합운동장역 9번출구,202110,1170
송파구,1207. 마천CU우방점 앞,202110,974
송파구,1208. 풍납현대아파트쉼터,202110,1829
송파구,1209. 잠실나루역 (2번 출구 쪽),202110,3371
송파구,1210. 롯데월드타워(잠실역2번출구 쪽),202110,10120
송파구,1211. 방이삼거리,202110,5063
송파구,1212. 송파역 2번 출구앞,202110,1796
송파구,1213. 백토공원 앞,202110,530
송파구,1214. 오금역 7번 출구 인근,202110,1317
송파구,1215. 올림픽공원역 1번출구 앞,202110,2015
송파구,1217. 송파파인타운 7단지,202110,866
송파구,1218. 방이역 4번출구,202110,3054
송파구,1220. 잠실본동주민센터뒤 잠실근린공원,202110,2446
송파구,1221. 삼전사거리 포스코더샵,202110,2492
송파구,1222. 잠실새내역 5번 출구 뒤,202110,4062
송파구,1224. 아시아지하보도 2번 출구,202110,1671
송파구,1226. 잠실4동 주민센터 옆,202110,1729
송파구,1227. 거여역 8번출구 뒤,202110,1604
송파구,1228. 마천사거리,202110,1191
송파구,1229. 송파체육문화회관 앞,202110,1080
송파구,1230. 송파중학교 정문,202110,751
송파구,1231. 잠실역 6번출구,202110,2600
송파구,1232. 롯데마트 주차장 옆,202110,2505
송파구,1233. 잠실3거리(갤러리아팰리스),202110,1086
송파구,1235. 잠실트리지움310동 옆,202110,1974
송파구,1239. 문정 법조단지3,202110,752
송파구,1240. 문정 법조단지4,202110,805
송파구,1241. 문정 법조단지5,202110,411
송파구,1242. 문정 법조단지6,202110,185
송파구,1243. 문정 법조단지7,202110,3015
송파구,1244. 문정 법조단지8,202110,2926
송파구,1245. 문정 법조단지9,202110,1686
송파구,1246. 문정 법조단지10,202110,2128
송파구,1247. 문정 법조단지11,202110,1091
송파구,1248. 방이초등학교,202110,2454
송파구,1249. 아주중학교건너편,202110,1642
송파구,1250.문정2동 주민센터,202110,721
송파구,1251. 석촌역 2번출구,202110,3163
송파구,1253. 오금역 3번 출구 뒤,202110,880
송파구,1256. 문정현대아파트 교차로,202110,893
송파구,1257. 가락시장역 롯데마트앞,202110,922
송파구,1258. 가락미륭아파트 앞,202110,488
송파구,1259. 방이역 1번출구,202110,1863
송파구,1260. 방이동 한양3차아파트 옆,202110,1500
송파구,1262. 송파여성문화회관 앞,202110,2341
송파구,1263. 장지공영차고지,202110,433
송파구,1264. 천호역 10번 출구 앞,202110,3568
송파구,1265. 문정동 근린공원,202110,1312
송파구,1266. 문정동 글샘 공원,202110,715
송파구,1267. 올림픽공원 남2문 앞,202110,1838
송파구,1268. 몽촌토성역 1번출구 옆,202110,4331
송파구,1269. 리센츠아파트,202110,1501
송파구,1271. 송파도서관,202110,1076
송파구,1274. 영파여고 앞,202110,1564
송파구,1275. 거여초등학교 옆,202110,647
송파구,1277. 오금동 송파 참병원,202110,1479
송파구,1278. 송파구청 교차로,202110,2912
송파구,1279. 마천금호어울림 1차아파트 건너편,202110,452
송파구,1280. 송파파크데일 2단지입구 앞 주차장,202110,793
송파구,1282. 송파소방서 맞은편(성내4교),202110,2155
송파구,1283. 오금공원 사거리,202110,200
송파구,1285. 위례별 유치원 뒤,202110,515
송파구,1286. 위례중앙푸르지오 1단지 앞,202110,1272
송파구,1287. 위례아이파크 101동 맞은편,202110,581
송파구,1288. 문정중교 사거리,202110,968
송파구,1289. 풍납동 자전거보관소,202110,474
송파구,1290. 위례송파꿈에그린아파트24단지 앞 성벽 다리 밑,202110,436
송파구,1291. 서울체육고등학교 앞,202110,470
송파구,1293. 석촌호교차로 (스타벅스 앞),202110,3254
송파구,1295. 잠실역 8번출구,202110,4594
송파구,1296. 석촌호수교차로 (송파나루근린공원 앞),202110,842
송파구,1297. 석촌호수교차로(동호 팔각정 앞),202110,2369
송파구,1299. 송파소방서 (방이119안전센터),202110,867
송파구,1300. 오륜사거리,202110,881
송파구,2601. 석촌호수 아뜰리에,202110,2548
송파구,2603. 송파 글마루 도서관,202110,669
송파구,2604. 삼표레미콘 앞,202110,1382
송파구,2605. 복정역 1번 출구 앞,202110,705
송파구,2606. 위례동주민센터 맞은편 근린공원,202110,2259
송파구,2607. 복정역 2번출구 후문 (장지치안센터),202110,842
송파구,2608. 송파구청,202110,3560
송파구,2609. 보성중고등학교 후문 앞,202110,213
송파구,2610. 송리단길,202110,3256
송파구,2611. 송파지역자활센터 뒤,202110,2611
송파구,2612. 문정·가락 대여소 앞,202110,130
송파구,2613. 잠실나들목,202110,3679
송파구,2614. 가락고등학교 앞,202110,535
송파구,2615. 테라타워2,202110,2060
송파구,2616. 거여동 사거리,202110,522
송파구,2617. 가락삼환아파트 앞,202110,851
송파구,2618. 삼전역 1번출구,202110,1943
송파구,2619. 석촌고분역 4번출구,202110,2580
송파구,2620. 송파나루역 4번 출구옆,202110,5723
송파구,2621. 한성백제역 2번 출구,202110,3715
송파구,2622. 올림픽공원역 3번출구,202110,7501
송파구,2623.석촌동 주민센터,202110,3114
송파구,2625.가락1동 주민센터,202110,747
송파구,"2626.경찰병원역 1,2번 출구 사이",202110,895
송파구,2627.문정시영아파트 5동 앞 공원,202110,821
송파구,2628.문정역 1번출구,202110,2110
송파구,2629.문정동 힐스데이트 에코 송파,202110,23
송파구,2630.서울방이동 고분군,202110,2135
송파구,2631.배명고등학교,202110,1260
송파구,2632.석촌고분역 2번 출구,202110,3056
송파구,2633.송파학사 옆,202110,1395
송파구,2634.위례포레샤인아파트 2318동,202110,612
송파구,2635.잠실새내역 1번출구,202110,2114
송파구,2637.잠실월드 메르디앙,202110,2333
송파구,2638.쌍용아파트,202110,2315
송파구,2639.석촌역 8번출구,202110,3618
송파구,2641.송파역 4번출구,202110,3494
송파구,2642.마천동 성내천 쉼터,202110,1286
송파구,2643.풍납중학교 측면,202110,509
송파구,2644.성내5교 (GS주유소),202110,1420
송파구,2645.잠실나들목2(엘스아파트136동),202110,598
송파구,2646.레이크펠리스101동앞,202110,3111
송파구,2647.잠실 자전거 수리센터 앞,202110,2703
송파구,2648.헬리오시티 112동 앞,202110,1596
송파구,2649.오금공원사거리2,202110,391
송파구,2650.위례22단지 2208동 다리앞,202110,491
송파구,2651.경찰병원역 3번출구 앞,202110,1352
송파구,2652.송파 레미니스1단지 102동 앞,202110,993
송파구,2653.올림픽공원사거리(선수촌아파트),202110,1774
송파구,2654.올림픽선수촌아파트 136동 앞,202110,835
송파구,2655.송이공원,202110,733
송파구,2656.풍납동 아이파크 107동 앞,202110,1191
송파구,2657.송파 파인타운 11단지,202110,614
송파구,2658.가락몰 업무동,202110,1400
송파구,2659.서울친환경유통센터,202110,213
송파구,4452. 삼성SDS,202110,3000
송파구,4453. 위례중앙푸르지오 201동 앞,202110,1764
송파구,4454. 위례 포레샤인 1809동 부근,202110,1197
송파구,4456. 위례포레샤인 2310동 부근,202110,902
송파구,4457. 아산병원 기숙사 부근,202110,3161
송파구,4458. 서울힐링요양병원 앞,202110,629
송파구,4460. 올림픽훼미리아파트 112동 앞,202110,1642
송파구,4461. 한양3차아파트 3동 앞,202110,331
송파구,4462. 가락중학교 앞,202110,718
송파구,4463. 방이역 2번 출구,202110,753
송파구,4464. 올림픽공원 북2문,202110,1487
송파구,4465. 건영아파트앞 사거리,202110,1617
송파구,4467. 한림연예예술고등학교,202110,778
송파구,4468. 가락1동 주민센터 2,202110,1269
송파구,4469. 거여동 어울림아파트 102동앞,202110,723
송파구,4472. 송파파크데일 1단지 115동 건너편,202110,704
송파구,4473. 마천금호어울림 1차 102동앞,202110,296
송파구,4474. 가락현대 1차 11동 앞,202110,456
송파구,4475. 송파파인타운 4단지 403동,202110,412
송파구,4478. 문정근린공원2,202110,966
송파구,4479. 문정중학교,202110,191
송파구,4480. 가락시장역 롯데마트2,202110,933
송파구,4481. 올림픽공원 북2문 2,202110,2515
송파구,4483. 잠실나들목4,202110,2564
송파구,4484. 잠실나루역4번출구뒤,202110,1766
송파구,4485. 잠실나루역 고가하부,202110,462
송파구,4486. 홈플러스 잠실점,202110,2049
송파구,4488. 문현중.고등학교 사이,202110,170
송파구,4490. 송파파인타운 10단지 1005동,202110,292
송파구,4491. 장지역 1번출구,202110,1244
송파구,4493. 마천사거리 2,202110,750
송파구,4496. 잠실 파크리오 120동 앞,202110,1352
송파구,4497. 아시아선수촌아파트 교차로,202110,770
송파구,4499. 세양청마루 101동 앞,202110,687
송파구,4500. 풍납나들목,202110,1337
송파구,4852. 서울복합물류 게이트 1,202110,1214
송파구,4853. 송파 안전체험교육관,202110,127
송파구,4854. 가락시장역 2번 출구,202110,1070
송파구,4855. 거여5단지 503동 앞,202110,828
송파구,4856. 올림픽공원 서1문 앞,202110,873
송파구,4857. 올림픽공원 장미광장,202110,907
송파구,4859. 잠실나루 나들목,202110,1705
송파구,4860. 가락쌍용2차아파트 103동,202110,923
송파구,4861. 거여삼거리,202110,612
송파구,4862. 올림픽파크텔 맞은편,202110,405
송파구,4863. 잠실나들목5,202110,588
송파구,4864. 송파사거리,202110,2783
송파구,4865. 한성백제역 1번출구 뒤,202110,3348
송파구,4867. 가락대림아파트 앞,202110,1058
송파구,4868. 레이크 호텔 앞,202110,2437
송파구,4869. 잠실나들목6,202110,1069
송파구,4870. 몽촌토성역 3번 출구,202110,4288
송파구,4871. 오금동 대림아파트 정문,202110,507
송파구,4872. 개롱역 3번 출구 뒤,202110,1517
송파구,4873. 개롱역사거리 2번 출구,202110,452
송파구,4874. 탄천1교 하부보도,202110,196
송파구,4875. 위례포레샤인13단지,202110,297
송파구,4876. 삼전동주민센터 앞,202110,734
양천구,4507. 삼성전자서비스 신정센터,202110,1083
양천구,4509. 서울영상고교 입구,202110,3241
양천구,4510. 신정네거리역 교차로,202110,1369
양천구,4512. 목동13_14단지 사거리,202110,855
양천구,4514. 목동성당 앞,202110,2190
양천구,4515. 동문굿모닝탑,202110,3256
양천구,4516. 신진빌라,202110,429
양천구,4517. 성보하이드로빌딩,202110,1143
양천구,4518. 청기와빌딩,202110,994
양천구,4519. 양원보도육교,202110,79
양천구,4520. 대성유니드아파트,202110,937
양천구,4522. 다이소신곡시장점,202110,1538
양천구,4523. 구립양천어르신요양센터,202110,110
양천구,4526. 목동아파트2단지 222동 앞,202110,1163
양천구,4527. 목동신시가지아파트6단지,202110,1892
양천구,4528. 양천구청역 1번출구,202110,910
양천구,4530. 버거킹 신월점 앞,202110,705
양천구,4531. 목동아파트 613동 앞,202110,2626
양천구,4532. 목동현대아파트 후문 앞,202110,1412
양천구,700. KB국민은행 염창역 지점 앞,202110,1752
양천구,701. 목동사거리 부근,202110,1711
양천구,702. 목4동주민센터 옆,202110,2742
양천구,703. 오목교역 7번출구 앞,202110,5346
양천구,704. 남부법원검찰청 교차로,202110,3317
양천구,706. 신정네거리역,202110,1063
양천구,707. 신정3동주민센터,202110,1093
양천구,708. 서울출입국관리사무소 앞,202110,4174
양천구,709. 신정3동 현장민원실 앞,202110,1251
양천구,710. 금옥여고보도육교,202110,551
양천구,711. 신일해피트리아파트 앞,202110,1336
양천구,712. 강월초교입구 사거리,202110,938
양천구,713. 양서중학교 옆,202110,852
양천구,714. 한국SGI 양천문화회관 앞,202110,946
양천구,716.신정6동 주민센터 인근,202110,1573
양천구,719. 홍익병원앞 교차로,202110,2281
양천구,720. 서울강월초등학교 앞,202110,912
양천구,722. LG전자베스트샵 신정점,202110,1593
양천구,723. SBS방송국,202110,2495
양천구,724. 계남공원 입구 주출입구 좌측,202110,449
양천구,725. 양강중학교앞 교차로,202110,865
양천구,726. 목동3단지 시내버스정류장,202110,1102
양천구,729. 서부식자재마트 건너편,202110,2806
양천구,731. 서울시 도로환경관리센터,202110,2247
양천구,732. 신월동 이마트,202110,1071
양천구,733. 신정이펜하우스314동,202110,834
양천구,734. 신트리공원 입구,202110,2402
양천구,735. 영도초등학교,202110,3723
양천구,736. 오솔길공원,202110,1375
양천구,737. 장수공원,202110,1209
양천구,739. 신월사거리,202110,1547
양천구,740. 으뜸공원,202110,1416
양천구,741. 화곡로 입구 교차로,202110,487
양천구,742. 등촌역 5번 출구 뒤,202110,956
양천구,743. 현대6차아파트 101동 옆,202110,1005
양천구,744. 신목동역 2번 출구,202110,2688
양천구,745. 강서초등학교,202110,858
양천구,746. 목동2단지 상가,202110,3663
양천구,747. 목동3단지 상가,202110,1674
양천구,748. 목동운동장,202110,645
양천구,749. 이대 목동병원 앞,202110,1257
양천구,750. 연의근린공원 건너편,202110,940
양천구,752. 성원2차 아파트,202110,1247
양천구,754. 목동1단지아파트 118동 앞,202110,1937
양천구,755. 목동1단지아파트 상가 앞,202110,2663
양천구,756. 목동주차장,202110,1724
양천구,757. 신정이펜하우스 1단지아파트 입구 사거리,202110,685
양천구,758. 한사랑교회 앞,202110,1399
양천구,759. 보아스아파트 앞,202110,960
양천구,760. 잣절보도육교 아래,202110,684
양천구,762. 오목로 무중력지대 앞,202110,1172
양천구,763. 목동11단지 아파트,202110,1601
양천구,764. 목동청소년수련관,202110,2961
양천구,765. 오목교역 3번출구,202110,5544
양천구,766. 신목동역 3번출구,202110,2331
양천구,767.신정숲속마을아파트,202110,447
양천구,768.목동5단지아파트 501동,202110,1941
양천구,769.CBS방송국 앞,202110,4608
양천구,770.목동역5번출구 교통정보센터 앞,202110,7205
양천구,771.목동아파트 703동 앞,202110,2627
양천구,"773.염창역 3, 4번 출구 사이",202110,1916
양천구,774.등촌역 4번 출구,202110,1323
양천구,775.세종그랑시아 앞(102동),202110,1116
양천구,776.목마공원,202110,524
양천구,777.신월6차보람아파트 앞,202110,1089
양천구,779. 신정1동 주민센터 앞,202110,2834
양천구,780.신정교 하부,202110,3650
양천구,781.신정보도육교 아래,202110,3023
양천구,782.서남병원 후문,202110,989
양천구,"785.양천구청, 보건소 사잇길",202110,4873
양천구,786.목동아파트 8단지 상가동 앞,202110,2203
양천구,787.양천아파트 입구,202110,3079
양천구,788.양천구청역 2번출구 옆,202110,2527
양천구,790.화곡고가 사거리,202110,971
양천구,791.현대하이페리온,202110,3008
양천구,792.목동트라팰리스 웨스턴에비뉴,202110,5116
양천구,793.목동5단지아파트 534동,202110,2318
양천구,794.양천문화회관,202110,2423
양천구,795.양천 해누리타운,202110,2584
양천구,796.목동아파트 14단지 B상가 앞,202110,1873
양천구,797.목동아파트 1422동 1434동 사잇길,202110,3148
영등포구,200. 국회의원회관,202110,264
영등포구,201. 진미파라곤 앞,202110,1684
영등포구,202. 국민일보 앞,202110,4455
영등포구,203. 국회의사당역 3번출구 옆,202110,2041
영등포구,204. 국회의사당역 5번출구 옆,202110,1436
영등포구,205. 산업은행 앞,202110,2442
영등포구,206. KBS 앞,202110,2744
영등포구,207. 여의나루역 1번출구 앞,202110,13673
영등포구,209. 유진투자증권빌딩 앞,202110,2169
영등포구,210. IFC몰,202110,6915
영등포구,211. 여의도역 4번출구 옆,202110,3780
영등포구,212. 여의도역 1번출구 옆,202110,1744
영등포구,213. KT앞,202110,2051
영등포구,214. 금융감독원 앞,202110,1649
영등포구,215. 여의도고교 앞,202110,1770
영등포구,217. NH농협은행 앞,202110,2750
영등포구,219. 롯데캐슬엠파이어 옆,202110,1491
영등포구,220. 미성아파트 A동 앞,202110,1634
영등포구,221. 여의도초교 앞,202110,2245
영등포구,222. 시범아파트버스정류장 옆,202110,2622
영등포구,223. 진주아파트상가 앞,202110,1258
영등포구,224. 롯데캐슬 앞,202110,2442
영등포구,225. 앙카라공원 앞,202110,1848
영등포구,226. 샛강역 1번출구 앞,202110,1955
영등포구,227. 양평2나들목 보행통로 입구,202110,3137
영등포구,228. 선유도역 3번출구 앞,202110,4565
영등포구,229. 양평1 보행육교 앞,202110,2846
영등포구,230. 영등포구청역 1번출구,202110,6370
영등포구,231. 남부고용노동지청 남측,202110,1521
영등포구,232. 양평우림 이비즈센타 앞,202110,2492
영등포구,233. YP 센터 앞,202110,660
영등포구,234. 영등포구민체육센터 앞,202110,1147
영등포구,235. 신길동 우리은행 옆,202110,1092
영등포구,236. 문래동자이아파트 앞,202110,2524
영등포구,238. 제2구민체육센타 앞,202110,1109
영등포구,239. 유스호스텔 앞,202110,1275
영등포구,240. 문래역 4번출구 앞,202110,3321
영등포구,241. 신길우성1차아파트 앞 공원,202110,1050
영등포구,242. 신길선원가와인아파트 앞,202110,1220
영등포구,243. 이앤씨드림타워 앞,202110,3088
영등포구,244. 영등포삼환아파트 앞,202110,2061
영등포구,245. 삼성생명 당산사옥 앞,202110,3024
영등포구,247. 당산역 10번출구 앞,202110,7354
영등포구,248. 초원아파트 앞,202110,1923
영등포구,249. 여의도중학교 옆,202110,2898
영등포구,250. 대림아파트 사거리,202110,945
영등포구,251. 서울지방병무청 버스정류장,202110,999
영등포구,252. 보라매역4번출구,202110,1841
영등포구,253. 신풍역 5번출구 인근,202110,1032
영등포구,254. 도림신협 앞,202110,1386
영등포구,255. 도림사거리,202110,1707
영등포구,256. 동아에코빌입구,202110,1297
영등포구,258. 신길역3번출구,202110,1981
영등포구,259. 대방역6번출구,202110,3967
영등포구,260. 여의도 마리나선착장 앞,202110,1170
영등포구,262. 영문초등학교 사거리,202110,4315
영등포구,263. 근로자회관 사거리,202110,3393
영등포구,264. 교보생명보험 앞,202110,1546
영등포구,265. 영등포유통상가 사거리,202110,1740
영등포구,266. 영등포청과시장 사거리,202110,1437
영등포구,267. 삼성화재 사옥 옆,202110,2077
영등포구,268. 그랜드컨벤션센터 앞,202110,2414
영등포구,270. 증권거래소후문교차로,202110,1058
영등포구,271. 샛강생태공원방문자센터 앞,202110,763
영등포구,272. 당산육갑문,202110,7037
영등포구,274. 영등포역지하쇼핑센타 5번출구,202110,5219
영등포구,275. 신동아아파트,202110,3646
영등포구,276. SK 영등포주유소,202110,3016
영등포구,278. 쌍용플레티넘오피스텔,202110,2865
영등포구,279. 영등포 푸르지오 아파트,202110,1968
영등포구,280. 양평동6차현대아파트 앞,202110,2717
영등포구,281. 신동아아파트 앞,202110,1369
영등포구,282. 신한은행,202110,626
영등포구,283. 아크로타워 스퀘어(영등포시장),202110,3701
영등포구,284. 센트럴 푸르지오 시티 앞,202110,2576
영등포구,285. 대림3동사거리(하나은행),202110,858
영등포구,286. 우성아파트 교차로,202110,1731
영등포구,287. 영등포전화국사거리 (서강어린이공원),202110,2670
영등포구,288. 쌍용예가(구청별관),202110,1454
영등포구,289. 대림3동사거리,202110,1279
영등포구,290. 당산동 SK V1 빌딩,202110,2094
영등포구,291. 문래동 하이테크 시티,202110,2953
영등포구,292. 영일 어린이공원,202110,1423
영등포구,293. 충북 미래관,202110,3604
영등포구,295.영등포공원 분수대 앞,202110,486
영등포구,296.KT플라자 영등포점,202110,2471
영등포구,297.국회3문,202110,278
영등포구,298.KBS 연구동 건너편,202110,598
영등포구,299.여의도 순복음교회,202110,814
영등포구,3201.당산skv1센터,202110,1433
영등포구,3202.당산롯데캐슬프레스티지,202110,2705
영등포구,3203.도림동배드민턴체육관,202110,716
영등포구,3204.도림고가도로 밑,202110,880
영등포구,3205.문래현대2차,202110,25
영등포구,3206.문래동 주민센터,202110,1280
영등포구,3207.양남사거리1,202110,664
영등포구,3211.신길 래미안 프레비뉴,202110,703
영등포구,3212.신풍역 6번출구,202110,1301
영등포구,3214.영등포 푸르지오,202110,1796
영등포구,3215.강변삼성래미안,202110,1217
영등포구,3219.영등포역 2번출구,202110,3064
영등포구,3220.래미안에스티움 앞 (신풍로),202110,1549
영등포구,3221.서울특별시 남부교육지원청,202110,678
영등포구,4552. 코레일유통본사,202110,916
영등포구,4553. 당산삼성2차아파트,202110,2024
영등포구,4555. 대림우성2차아파트,202110,789
영등포구,4556. 리버뷰신안인스빌1차 후문,202110,1236
영등포구,4557. 리버뷰신안인스빌2차 후문,202110,1405
영등포구,4558. 대영중고 후문,202110,972
영등포구,4559. 신길역 2번출구,202110,2282
영등포구,4560. 양평동성원아파트,202110,900
영등포구,4561. 양평역 1번출구,202110,4005
영등포구,4563. 여의도 은하아파트,202110,764
영등포구,4564. 63스퀘어,202110,2220
영등포구,4565. 영등포 신세계백화점,202110,4536
영등포구,4566. 대림성원상떼빌아파트,202110,1682
영등포구,4567. 한림대학교 강남성심병원 신관,202110,1073
영등포구,4568. 영등포로터리,202110,1799
영등포구,4569. 힐스테이트클래시안아파트,202110,869
영등포구,4571. 문래동롯데캐슬아파트,202110,3905
영등포구,4573. 두산위브아파트,202110,474
영등포구,4574. 영등포시장역 포레나영등포,202110,2441
영등포구,4575. 대림동 e편한세상영등포아델포레,202110,1928
영등포구,4576.보라매sk뷰 108동 앞,202110,940
영등포구,4578.보라매sk뷰,202110,772
영등포구,4579. 국회의사당 본관,202110,409
영등포구,4580. 국회3문,202110,379
영등포구,4581. 국회소통관,202110,454
영등포구,4582. 국회도서관,202110,175
영등포구,4583. 의정관,202110,338
영등포구,4584. 국회2문,202110,320
영등포구,4585. 국회6문,202110,305
영등포구,4588.양남사거리2,202110,913
영등포구,4589. KRX한국거래소(1),202110,439
영등포구,4590. KRX한국거래소(2),202110,859
영등포구,4591. 신길자이아파트,202110,337
영등포구,4592. 신길우성4차아파트,202110,2076
영등포구,4594. 양평교 영등포대여소,202110,387
용산구,4602. 숙명여대앞 버스정류소 주변,202110,297
용산구,4603. 한강GS에클라트 건너편 교통섬,202110,657
용산구,4604. 원효로다목적체육관 앞,202110,331
용산구,"4605. 노들섬 다목적홀(동쪽) 숲, 앞",202110,675
용산구,4607. 국립중앙박물관 -용산가족공원 앞,202110,578
용산구,4608. 국립중앙박물관 정문 앞,202110,294
용산구,4609. 파크타워 104동 앞,202110,306
용산구,4610. 한남나인원 105동 앞,202110,535
용산구,4611. 국제루터교회 앞,202110,225
용산구,4612. 한남 준 J.FSS 앞,202110,203
용산구,4613. 서울갤러리아 앞,202110,282
용산구,4615. 크라운호텔앞 버스정류소,202110,873
용산구,4616. 신용산지하차도 앞,202110,606
용산구,4617. 동원베네스트 건너편,202110,177
용산구,4618. 풍전아파트 건너편,202110,651
용산구,4619. 한강트럼프월드3차 앞,202110,1205
용산구,4620. 삼각지역 14번 출구 앞(교통섬),202110,1123
용산구,4622. 한강중학교 앞 버스정류장,202110,487
용산구,4623. 라인프랜즈이태원점 앞,202110,864
용산구,4625. 용산공원갤러리앞,202110,285
용산구,4627. 효창공원앞역 5번출구 옆,202110,565
용산구,4629. 한강초교보도육교 앞,202110,1277
용산구,4632. 용산 푸르지오 파크타운 1단지 앞,202110,268
용산구,4633. 센트럴파크타워 앞,202110,955
용산구,800. 목월공원 앞,202110,1083
용산구,802. 한강진역 2번 출구 앞,202110,517
용산구,803. 한남초교 앞 보도육교,202110,165
용산구,805. 문배어린이공원 앞,202110,1094
용산구,806. 전자랜드 본관 앞,202110,812
용산구,807. 서울역 12번 출구 앞,202110,1031
용산구,808. 서빙고동 금호맨션 앞,202110,741
용산구,809. 한남 유수지 복개주차장,202110,485
용산구,810. 이태원지하보도,202110,880
용산구,811. 녹사평역1번출구,202110,1269
용산구,812. 용산전쟁기념관,202110,365
용산구,813. 삼각지역 3번출구,202110,1111
용산구,815. LIG강촌아파트 103동앞,202110,1657
용산구,816. 신용산역 6번출구 앞,202110,2117
용산구,817. 삼각지역 4번출구 앞,202110,1394
용산구,818. 숙명여대 입구 교차로,202110,1921
용산구,819. 선린인터넷 고등학교,202110,1355
용산구,820. 청파동입구 교차로,202110,1075
용산구,822. 이촌1동 마을공원,202110,445
용산구,823. 효창동주민센터 앞,202110,293
용산구,825. 서빙고동 주민센터 앞,202110,3407
용산구,827. 국군복지단,202110,147
용산구,828. 숙대입구역 8번,202110,1015
용산구,829. 베르가모앞,202110,2610
용산구,830. 청암자이아파트앞,202110,439
용산구,831. 이태원관광특구입구,202110,305
용산구,832. 이촌1동 주민센터 뒤,202110,1530
용산구,834. 효창공원앞역 3번출구 뒤,202110,1728
용산구,835. 남영역 건너편,202110,1208
용산구,836. 현대자동차서비스 앞,202110,1000
용산구,837. 한남나들목 입구,202110,2702
용산구,838. 숙대입구역 4번출구,202110,1596
용산구,839. 보광동 삼성리버빌아파트 앞,202110,1281
용산구,840. 용산 파크타워 앞,202110,761
용산구,841. 신용산역 1번 출구,202110,2272
용산구,843. 녹사평역 광장,202110,774
용산구,844. 이촌2동 동원베네스트 아파트 앞,202110,1071
용산구,845. 용산 선인상가,202110,865
용산구,846. 용산중학교,202110,1220
용산구,847. 국방부민원실옆,202110,484
용산구,848. 삼각지12번 출구,202110,563
용산구,849. 삼각지 자이아파트,202110,1752
용산구,850. KCC용산월츠타워,202110,817
용산구,851.효창 푸르지오 앞,202110,479
용산구,852.청암자이APT(103동),202110,696
용산구,853.용산역 맞은편,202110,4561
용산구,854.HID 유족동지회 앞,202110,284
용산구,855.이촌역5번출구 앞,202110,184
용산구,857. 현대 안성타워,202110,480
용산구,858.녹사평역3번 출구,202110,376
용산구,859.남산공원 야외식물원 앞,202110,103
용산구,860.LG한강 자이아파트 앞,202110,1952
용산구,863.이촌역2번 출구,202110,450
용산구,864.순천향대학병원(한남오거리),202110,1045
용산구,865.하얏트호텔 앞,202110,114
용산구,866.브라운스톤 남산아파트,202110,747
용산구,867.서빙고역 광장(1번출구),202110,532
용산구,869.노들섬 동측 앞,202110,457
용산구,870.노들섬 서측 앞,202110,4178
은평구,4652. 신사두산위브2차아파트 앞,202110,1464
은평구,4653. LG 베스트샵 앞,202110,849
은평구,4654. OK부동산 앞,202110,627
은평구,4657. 다이소앞,202110,1465
은평구,4658. 녹번역1번출구앞,202110,506
은평구,4659. 커피데이응암동지점,202110,1043
은평구,4663. 삼성디지털은평불광점앞,202110,723
은평구,4665. 김영혜손뜨개 앞,202110,588
은평구,4667. 폭포동입구 교차로,202110,440
은평구,4668. 기자촌사거리,202110,348
은평구,4671. 청구성심병원 앞,202110,870
은평구,4672. 준빌딩 앞,202110,374
은평구,4674. 녹번역e편한세상 캐슬 정문 앞,202110,1188
은평구,4676. 갈현1동 주민센터,202110,670
은평구,4677. 백련산 SK뷰 아이파크 해모로 아파트 앞,202110,944
은평구,4678. 백련산로 녹번센트레빌,202110,27
은평구,900. 은평예술회관,202110,921
은평구,901. 응암1동사무소,202110,717
은평구,902. 진관동 은빛초등학교,202110,526
은평구,903. 은평뉴타운 아이파크,202110,874
은평구,904. 은평뉴타운 푸르지오,202110,931
은평구,905. 구파발역 2번출구,202110,2067
은평구,906. 연신내역 5번출구,202110,3155
은평구,907. CJ 드림시티,202110,5024
은평구,908. 구산역 4번출구,202110,1458
은평구,909. 백련산 힐스테이트 3차,202110,729
은평구,911. 은평평화공원(역촌역4번출구),202110,2510
은평구,912. 응암오거리,202110,2364
은평구,913. 이마트 은평점,202110,3145
은평구,914. 새절역 2번출구,202110,3043
은평구,915. 증산역 4번출구,202110,1781
은평구,916. 평생학습관 앞,202110,1441
은평구,917. 녹번역 4번출구,202110,1235
은평구,919. 서울혁신파크,202110,1014
은평구,921. 신도고등학교,202110,322
은평구,922. 연신내역 4번출구,202110,709
은평구,923. 국민은행 연서지점,202110,798
은평구,924. 메뚜기다리,202110,174
은평구,925. 불광역 2번출구,202110,709
은평구,927. 연신내역 3번출구 인근,202110,714
은평구,928. 은평역사한옥박물관,202110,449
은평구,930. 구 서부경찰서 건너편,202110,1035
은평구,931. 역촌파출소,202110,3389
은평구,932. 예일여중,202110,1250
은평구,933. LG서비스 역촌점,202110,2099
은평구,934. 신사동 성당,202110,372
은평구,937. 상림마을 롯데캐슬2단지 옆,202110,135
은평구,938. 금암 문화공원,202110,221
은평구,939. 은평구청 교차로,202110,757
은평구,941. 은평뉴타운 도서관,202110,535
은평구,942. 상림마을 생태공원,202110,396
은평구,943. 은평구청 보건소,202110,2136
은평구,945. 기자촌 사거리,202110,301
은평구,946. 독바위역,202110,733
은평구,947. 연신내 선일하이츠빌 정류소,202110,563
은평구,948. 디지털미디어 시티역 4번출구(DMC역),202110,1050
은평구,949. 연신내역 1번 출구,202110,1333
은평구,950. 구산역 2번 출구,202110,2162
은평구,952. 서울연신중학교,202110,495
은평구,953. 서울연신초등학교,202110,549
은평구,954. 은평뉴타운구파발9단지,202110,784
은평구,956. 응암시장교차로,202110,2494
은평구,958. 신한은행 응암동 지점 앞,202110,1336
은평구,959. 구파발10단지 인근,202110,414
은평구,960. 구파발역 환승센터,202110,918
은평구,961. 불광역 9번 출구,202110,1512
은평구,962. 은평뉴타운 힐데스하임,202110,1363
은평구,963. 대호프라자아파트,202110,991
은평구,964. 북한산힐스테이트 7차아파트,202110,680
은평구,965. 서울특별시 은평병원,202110,643
은평구,966. 서울혁신파크1,202110,361
은평구,967. 서울혁신파크2,202110,454
은평구,968. 은평뉴타운 상림마을 13단지,202110,172
은평구,969. 은평 지웰테라스,202110,241
은평구,971. 역촌 센트레빌 아파트,202110,504
은평구,972. 수색역,202110,1295
은평구,973.제각말푸르지오 5-1단지 아파트,202110,381
은평구,974.연신초등학교옆 마을마당,202110,200
은평구,975.백련산 힐스테이트상가앞,202110,579
은평구,976.진관고등학교앞,202110,748
은평구,977.신도중학교앞,202110,249
은평구,978.녹번 힐스테이트상가앞,202110,568
은평구,979.원풍빌라앞,202110,561
은평구,982.유니클로 은평점앞,202110,985
은평구,984.상신초등학교앞 버스정류장,202110,1390
은평구,985.은평온누리약국앞,202110,966
은평구,989.응암 꼬꼬닭치킨호프 앞,202110,1646
은평구,991.흥국사 정류장,202110,188
은평구,992.북한산입구 정류장,202110,418
은평구,993.은평뉴타운 은뜨락아파트앞,202110,715
은평구,994.북한산생태공원입구(교통섬),202110,335
은평구,995.은평다목적체육관,202110,536
은평구,996.응암역2번출구 국민은행 앞,202110,3140
종로구,301. 경복궁역 7번출구 앞,202110,1562
종로구,302. 경복궁역 4번출구 뒤,202110,3110
종로구,303. 광화문역 1번출구 앞,202110,2380
종로구,305. 종로구청 옆,202110,2039
종로구,307. 서울역사박물관 앞,202110,1084
종로구,308. 광화문 S타워 앞,202110,2000
종로구,309. 광화문역 6번출구 옆,202110,1468
종로구,314. 국립현대미술관,202110,1467
종로구,316. 종각역 1번출구 앞,202110,2084
종로구,326. 안국역 5번출구 앞,202110,1774
종로구,327. 낙원상가 옆,202110,1621
종로구,328. 탑골공원 앞,202110,909
종로구,329. 청계2가 사거리 옆,202110,1635
종로구,334. 종로3가역 2번출구 뒤,202110,1534
종로구,335. 종로3가역 15번출구 앞,202110,1111
종로구,337. 창경궁 입구,202110,671
종로구,338. 세운스퀘어 앞,202110,1081
종로구,339. 종로4가 사거리,202110,1331
종로구,340. 혜화동 로터리,202110,1720
종로구,3401.창신두산아파트,202110,273
종로구,3402.이화공영주차장,202110,515
종로구,3403.서울특별시 교육청,202110,133
종로구,3404.서울특별시 중부교육지원청,202110,194
종로구,3405.파크팰리스,202110,1115
종로구,3406.세종로공원,202110,1273
종로구,3407.안국동사거리(신),202110,1899
종로구,3408.종로타워빌딩,202110,1302
종로구,341. 혜화역 3번출구 뒤,202110,1315
종로구,3410.종로3가역 8번출구,202110,2590
종로구,3411.종묘,202110,1031
종로구,3412.세운상가,202110,871
종로구,3413.종로플레이스,202110,1857
종로구,3414.종로5가역 4번출구,202110,1050
종로구,3415.동대문역6번출구,202110,1300
종로구,3416.동묘앞역 6번출구,202110,2115
종로구,3417.창신3동주민센터,202110,1107
종로구,3418.창신역2번 출구,202110,193
종로구,3419.국립어린이과학관,202110,592
종로구,342. 대학로 마로니에공원,202110,3197
종로구,3420.성균관대입구사거리(맥도날드),202110,1156
종로구,3421.혜화역 1번출구,202110,2307
종로구,3422.성균관대 정문,202110,1910
종로구,3423.현대그룹(본사),202110,1050
종로구,3425.광화문 풍림스페이스본 1단지앞,202110,842
종로구,3426.독립문역 2번출구 뒤,202110,384
종로구,3427.인왕산 아이파크 정문,202110,327
종로구,3428.서울미술관,202110,188
종로구,3429.AW컨벤션앞,202110,230
종로구,343. 예일빌딩(율곡로) 앞,202110,748
종로구,3430.구기치안센터 앞,202110,181
종로구,3431.로제우스 레포츠센터,202110,251
종로구,3432.종로2가 사거리,202110,1537
종로구,344. 성균관대 E하우스 앞,202110,1369
종로구,345. 서울보증보험본사 앞,202110,1414
종로구,348. 독립문역 사거리,202110,1241
종로구,349. 사직동주민센터,202110,1057
종로구,351. 청운초교 앞 삼거리,202110,768
종로구,352. 중앙고입구 삼거리,202110,429
종로구,353. 재동초교 앞 삼거리,202110,1266
종로구,354. 포르투갈 대사관 앞,202110,1168
종로구,355. 서울사대부속초교 앞,202110,1386
종로구,356. KT혜화지사 앞,202110,1116
종로구,358. 성대입구 사거리,202110,1163
종로구,359. 원남동사거리,202110,1169
종로구,361. 동묘앞역 1번출구 뒤,202110,3636
종로구,362. 청계8가 사거리,202110,2390
종로구,363. 신설동역 11번출구 뒤,202110,2086
종로구,364. 창신역 1번출구 앞,202110,681
종로구,367. 독립문역 3-1번출구,202110,1373
종로구,368. SK 서린빌딩 앞,202110,1675
종로구,369. 광화문 시민열린마당,202110,1671
종로구,385. 종각역 5번출구,202110,1828
종로구,388. 동성중학교 앞,202110,670
종로구,393. 동대문역 8번 출구,202110,2993
종로구,394. 경희궁 자이 3단지,202110,1452
종로구,395. 경희궁 자이 2단지,202110,1290
종로구,397. 종묘공영주차장 건너편,202110,615
종로구,446. 상명대입구,202110,709
종로구,447. 신영동삼거리,202110,154
종로구,449. 일성아파트,202110,352
종로구,450. 효자동 삼거리,202110,947
종로구,451. 청와대앞길,202110,179
종로구,452. 동대문 종합시장 버스정류장,202110,683
종로구,453. 종로오가 지하쇼핑센터 14번출구,202110,1255
종로구,454. 종로2가 버스정류장 (종각방향),202110,1393
종로구,455. 삼익한의원,202110,1130
종로구,456. 숭인2동 주민센터 입구 (이강3대냉면),202110,1478
종로구,457. 종로꽃시장 입구 옆,202110,1062
종로구,458. 광화문역 5번출구,202110,3472
종로구,461. 서울지방경찰청,202110,1448
종로구,462. 신영동삼거리(북악터널방향),202110,117
종로구,464. 삼청동 골목,202110,989
종로구,465. 삼청공원 앞,202110,225
종로구,"4702. 평창동 꽃여울(꽃집),스타벅스 앞",202110,154
종로구,4703. 쌍용아파트2단지 정문,202110,117
종로구,4704. 쌍용아파트2단지 상가앞,202110,52
종로구,4705. 웰니스센터(민방위교육장 앞),202110,1229
종로구,4707. 청계3가 사거리,202110,752
종로구,4708. 조계사앞사거리(파리바케트앞),202110,1361
종로구,4709. 천지인 오피스텔 앞,202110,101
종로구,4710. 자교교회 앞,202110,1892
종로구,4711. 올림픽기념 국민생활관 로터리,202110,1105
종로구,4713. 현대 뜨레비앙 아파트 앞,202110,1459
종로구,4715. 돈의문 박물관 마을,202110,229
종로구,486. 평창동주민센터 앞,202110,169
중구,300. 정동사거리,202110,1477
중구,3013.서울지방고용노동청 앞,202110,1119
중구,310. 청계광장 옆,202110,1005
중구,318. 광교사거리 남측,202110,1065
중구,320. 을지로입구역 4번출구 앞,202110,1345
중구,321. KEB 하나금융그룹 명동사옥 옆,202110,1184
중구,322. 명동성당 앞,202110,543
중구,324. 신세계백화점 본점 앞,202110,903
중구,331. 을지로2가 사거리 북측,202110,689
중구,332. 을지로2가 사거리 남측,202110,839
중구,336. 티마크 호텔 앞,202110,975
중구,346. 맥스타일 앞,202110,1377
중구,347. 동대문역사문화공원역 9번출구 앞,202110,818
중구,370. 시청역(2호선) 9번출구 뒤,202110,2634
중구,371. 동대입구역 6번출구 뒤,202110,763
중구,372. 약수역 3번출구 뒤,202110,838
중구,374. 청구역 2번출구 앞,202110,1810
중구,375. 다산 어린이공원,202110,871
중구,379. 서울역9번출구,202110,1205
중구,380. CJ제일제당 앞,202110,1652
중구,381. 장충체육관,202110,165
중구,382. 약수역 10번출구 앞,202110,664
중구,383. 신당역 12번 출구 뒤,202110,3202
중구,384. 종로학원본원,202110,293
중구,387. 훈련원공원주차장 앞,202110,1582
중구,389. 을지로4가역 1번출구,202110,1111
중구,390. 충무로역 1번출구,202110,1702
중구,391. 정동길입구,202110,1011
중구,398. 을지로3가역 3번출구,202110,1829
중구,399. 서울역 센트럴 자이아파트,202110,1129
중구,428. 명보사거리,202110,473
중구,429. 송도병원,202110,290
중구,430. KEB하나은행 장충동지점,202110,826
중구,431. 청계천 영도교,202110,4043
중구,433. 을지로입구역 2번출구,202110,1555
중구,434. 신당 래미안 버스정류장,202110,458
중구,435. SK 남산빌딩,202110,515
중구,441.염천교사거리,202110,667
중구,442.서울역 서부,202110,471
중구,443.호암아트홀,202110,277
중구,445.대한상공회의소,202110,1282
중구,466.롯데호텔,202110,415
중구,467.한국은행,202110,342
중구,468.웨스틴 조선호텔,202110,649
중구,469.회현역 1번출구,202110,398
중구,470.회현역 7번출구,202110,445
중구,471.회현사거리 남측,202110,753
중구,472.삼일교(시그니쳐 타워),202110,907
중구,473.을지로4가역 9번출구,202110,1741
중구,474.동대문역사문화공원역 1번출구 뒤편,202110,1896
중구,475.DDP 패션몰,202110,1298
중구,4752. 삼성사이버빌리지아파트,202110,759
중구,4753. 우리은행 서소문금융센터,202110,543
중구,476.광희문,202110,985
중구,4760. 서울역 7번출구,202110,198
중구,4761. 탐앤탐스 을지로3가점,202110,342
중구,4762. 국제빌딩,202110,602
중구,4765. 동대문디자인플라자,202110,1853
중구,4766. 서소문성지역사박물관,202110,404
중구,4768. 서울도시건축전시관,202110,2969
중구,477.앰배서더 호텔 주변,202110,322
중구,4772. 중앙일보,202110,259
중구,4774. 을지로입구역 8번출구,202110,609
중구,4775. 을지로지하쇼핑센터,202110,764
중구,4776. 신세계면세점,202110,538
중구,4777. 약수동 주민센터,202110,174
중구,4778. 대신파이낸스센터,202110,1013
중구,4781. 브라운스위트레지던스,202110,606
중구,4782. 서소문역사공원,202110,267
중구,4784. 중부경찰서앞 사거리,202110,469
중구,4785. 롯데시티호텔,202110,489
중구,479.동대입구역 3번 출구,202110,451
중구,4791. 명동역9번 출구,202110,1283
중구,4792. 퇴계로4가 교차로(중구청),202110,1537
중구,4793. 동대문역사문화공원역 5번출구,202110,939
중구,4794. 서울역 서부교차로(3),202110,948
중구,4796. 부산은행,202110,1746
중구,4797. KG타워 앞,202110,1105
중구,4798. 황학동롯데캐슬,202110,1392
중구,480.약수역 6번 출구,202110,587
중구,481.신당역 10번 출구,202110,1511
중구,482.예수소망교회,202110,169
중구,483.남산타운아파트 버스정류장,202110,462
중구,484.도동삼거리,202110,235
중구,485.서울역5번출구,202110,1177
중구,826. 서울역 서부교차로2,202110,1444
중랑구,1401. 극동늘푸른아파트,202110,1831
중랑구,1402. 금란주차장 앞,202110,1630
중랑구,1403. 중화빌딩 앞 (동부시장),202110,1351
중랑구,1404. 동일로 지하차도,202110,1734
중랑구,1405. 망우역 1번출구,202110,897
중랑구,1406. 망우청소년수련관,202110,264
중랑구,1407. 먹골역 1번출구 뒤,202110,1162
중랑구,1408. 먹골역 6번출구 앞,202110,1234
중랑구,1410. 면목 대원칸타빌아파트,202110,257
중랑구,1411. 상봉시장앞 교차로 한성빌딩 앞,202110,1378
중랑구,1412. 면목초등학교,202110,723
중랑구,1413. 봉화산역 5번출구 뒤,202110,1320
중랑구,1416. 상봉역 3번출구,202110,1705
중랑구,1418. 새솔초등학교,202110,490
중랑구,1420. 신내어울공원 앞,202110,806
중랑구,1421. 신내역 4번출구,202110,317
중랑구,1422. 신내우디안아파트 1단지,202110,176
중랑구,1424. 양원역 2번출구,202110,302
중랑구,1425. 용마문화복지센터,202110,694
중랑구,1426. 면목도시개발아파트 1동 앞,202110,536
중랑구,1427. 용마산역 1번출구,202110,258
중랑구,1428. 원묵고등학교,202110,879
중랑구,1429. 장안중학교,202110,1197
중랑구,1430. 중랑구청,202110,1145
중랑구,1431. 중랑구청 사거리,202110,1617
중랑구,1433. 중화역 2번출구,202110,2068
중랑구,1435. 능산삼거리,202110,322
중랑구,1436. 영풍마드레빌,202110,704
중랑구,1437. 늘푸른공원 앞,202110,1242
중랑구,1438. 홈플러스 신내점 앞,202110,2129
중랑구,1440. 하나은행 면목지점,202110,1580
중랑구,1441. 신내능말공원,202110,517
중랑구,1442. (구)신한은행 중랑교지점,202110,2070
중랑구,1443. 구립망우청소년독서실,202110,102
중랑구,1444. 면목4치안센터,202110,1250
중랑구,1445. 용마지구대,202110,231
중랑구,1446. 중랑전화국 교차로,202110,1829
중랑구,1447. 면목역 3번출구,202110,2564
중랑구,1448. 코스트코 상봉점,202110,1958
중랑구,1449. 상봉역 1번출구,202110,2506
중랑구,1450. 화랑대역 7번출구,202110,1745
중랑구,1451. 중랑세무서,202110,2760
중랑구,1452. 겸재교 진입부,202110,2767
중랑구,1453. 중랑캠핑숲,202110,397
중랑구,1454. 한국전력공사(동대문 중랑지사),202110,953
중랑구,1455. 상봉역 2번 출구,202110,1845
중랑구,1456. 상아빌딩(우림시장 교차로),202110,1505
중랑구,1457. 동원사거리,202110,925
중랑구,1458. 상봉터미널2,202110,2169
중랑구,1459. 용마한신아파트사거리,202110,725
중랑구,1461.동양엔파트 앞,202110,1377
중랑구,1462.동부시장 북문 앞,202110,1890
중랑구,1463.중랑구민회관,202110,254
중랑구,1464.중화역 4번출구,202110,994
중랑구,1465.중랑공영차고지 옆,202110,824
중랑구,1466.두산대림아파트 삼거리,202110,487
중랑구,1467.sk신내 주유소앞(용마산로),202110,118
중랑구,1468.먹골역 7번 출구,202110,790
중랑구,1469.먹골역 4번출구,202110,1093
중랑구,1470.중화동 우리은행 앞,202110,1336
중랑구,1471.동양쇼핑 정류소 앞,202110,1739
중랑구,1472.영성빌딩(PAT),202110,815
중랑구,1473.중랑역 1번 출구(중화문화복지센터),202110,1496
중랑구,1474.서울중랑우체국,202110,1059
중랑구,1477.면목삼익아파트 앞,202110,372
중랑구,1478.홈플러스 상봉점 앞,202110,1745
중랑구,1479.면목 홈플러스 2,202110,853
중랑구,1480. 용마지구대 옆,202110,695
중랑구,4802. 새우개마을,202110,260
중랑구,4803. 상봉2동 주민센터 앞,202110,866
중랑구,4804. 동서울농협 앞,202110,1304
중랑구,4807. 라코지스테이 앞,202110,381
중랑구,4808. 신내2동 주민센터 앞,202110,725
중랑구,"4809. 동성1,2차 아파트 앞",202110,1130
중랑구,4811. 한양수자인아파트 앞,202110,272
중랑구,4812. 묵동 이마트 앞,202110,1568
중랑구,4813. 망우로 버거킹 앞,202110,1765
중랑구,4815. 중랑데시앙플렉스 앞,202110,346
중랑구,4819. 면목동 새싹어린이공원 앞,202110,1515
중랑구,4820. 망우역 2번 출구,202110,1041
중랑구,4821. 동원초등학교 정문 앞,202110,96
중랑구,4823. 방정환교육지원센터 옆,202110,321
중랑구,4824. 상봉신협 앞,202110,335
중랑구,4825. 신내동 벽산아파트 후문 앞,202110,557
중랑구,4826. 홈플러스 면목점,202110,906
중랑구,4827. 신내SK V1센터 앞,202110,9
중랑구,4828. 신내동 한살림 중랑지구 앞,202110,312
중랑구,4829. 신내동 마석감자탕 앞,202110,199
강남구,2301. 현대고등학교 건너편,202111,1465
강남구,2302. 교보타워 버스정류장(신논현역 3번출구 후면),202111,1069
강남구,2303. 논현역 7번출구,202111,933
강남구,2304. 신영 ROYAL PALACE 앞,202111,127
강남구,2305. MCM 본사 직영점 앞,202111,385
강남구,2306. 압구정역 2번 출구 옆,202111,1802
강남구,2307. 압구정 한양 3차 아파트,202111,327
강남구,2308. 압구정파출소 앞,202111,703
강남구,2309. 청담역(우리들병원 앞),202111,438
강남구,2310. 청담동 맥도날드 옆(위치),202111,441
강남구,2311. 학동로 래미안 아파트 앞,202111,374
강남구,2312. 청담역 13번 출구 앞,202111,444
강남구,2313. 금원빌딩 앞,202111,662
강남구,2314. 청담나들목입구,202111,352
강남구,2315. 봉은사역 5번출구 옆,202111,805
강남구,2317. 삼성도로공원,202111,650
강남구,2318. 삼성중앙역4번출구(문화센터더 리빌),202111,271
강남구,2319. 포스코사거리 서측(수협 삼성동 지점),202111,593
강남구,2320. 도곡역 대치지구대 방향,202111,505
강남구,2321. 학여울역 사거리,202111,479
강남구,2323. 주식회사 오뚜기 정문 앞,202111,527
강남구,2324. 천주교 대치 2동 교회 옆,202111,825
강남구,2325. 대치동 버거킹대치점,202111,698
강남구,2326. 대치동 삼성로,202111,348
강남구,2327. 뱅뱅사거리 랜드마크타워 앞,202111,1013
강남구,2328. 르네상스 호텔 사거리 역삼지하보도 7번출구 앞,202111,473
강남구,2329. 르네상스호텔사거리 역삼지하보도 2번출구,202111,263
강남구,2330. 스타벅스 앞,202111,589
강남구,2331. 동영문화센터앞,202111,335
강남구,2332. 선릉역3번출구,202111,1074
강남구,2333. 양재역 3번출구 주변,202111,1071
강남구,2334. 삼호아파트 2동 ( 간선도로),202111,204
강남구,2335. 3호선 매봉역 3번출구앞,202111,1562
강남구,2336. 강남세브란스교차로 래미안그레이튼 104동 앞,202111,260
강남구,2337. 대모산입구역 2번출구 앞,202111,496
강남구,2339. 현대아파트 정문 앞,202111,530
강남구,2340. 삼호물산버스정류장(23370) 옆,202111,1626
강남구,2341. 일원역 4~5번 출구 사이,202111,438
강남구,2342. 대청역 1번출구 뒤,202111,1213
강남구,2343. 세곡사거리 대왕파출소 앞,202111,53
강남구,2344. 리엔파크 2단지 앞,202111,316
강남구,2347. 두산건설 본사,202111,295
강남구,2348. 포스코사거리(기업은행),202111,2302
강남구,2349. 역삼빌딩 앞(하나은행 옆),202111,211
강남구,2350. 래미안그레이튼102동앞,202111,173
강남구,2351. 청소년수련관(수영장)앞,202111,261
강남구,2352. 서울본부세관(건설회관 앞),202111,191
강남구,2353. 강남구청역 2번출구 뒤,202111,470
강남구,2354. 청담역 2번출구,202111,158
강남구,2355. 삼성역 5~6번 출구 사이,202111,1
강남구,2356. 강남구청,202111,414
강남구,2357. 르네상스호텔사거리 역삼지하보도 3번출구 앞 (더 오번 빌딩 명동칼국수 앞),202111,223
강남구,2358. 구룡초사거리 (현대아파트10동 앞 ),202111,231
강남구,"2359. 국립국악중,고교 정문 맞은편",202111,737
강남구,2360. 도곡1동 주민센터 교차로,202111,383
강남구,2362. 신사동 가로수길 입구,202111,862
강남구,2363. 강남 을지병원 교차로,202111,346
강남구,2364. 도산대로 렉서스 앞,202111,563
강남구,2365. K+ 타워 앞,202111,884
강남구,2368. 도곡동 경남아파트 건너편,202111,194
강남구,2369. KT선릉타워,202111,810
강남구,2370. 한티역 3번출구,202111,234
강남구,2371. 한국우편사업진흥원,202111,314
강남구,2372. 대치역 사거리,202111,697
강남구,2373. 개포동역 사거리,202111,948
강남구,2375. 수서역 1번출구 앞,202111,732
강남구,2376. 수서역 6번출구 앞,202111,288
강남구,2377. 수서역 5번출구 뒤,202111,2326
강남구,2380. 삼성동베이직하우스앞,202111,380
강남구,2381. 언주역 6번출구앞,202111,442
강남구,2382. 역삼동 sk뷰 501동앞,202111,234
강남구,2383. 보금자리정원,202111,155
강남구,2384. 자곡사거리,202111,1344
강남구,2385. 학동역,202111,563
강남구,2386. 크린랩 본사,202111,167
강남구,2387. 래미안강남힐즈 사거리,202111,686
강남구,2388. 강남구 도시관리공단,202111,457
강남구,2389. 경기여자고등학교 후문 (삼성로3길 입구),202111,535
강남구,2390. 구룡마을 입구 (래미안블레스티지 아파트),202111,216
강남구,2391. 구룡터널 입구(개포1단지아파트),202111,6
강남구,2392. 구룡산 입구 (구룡산 서울둘레길 입구),202111,78
강남구,2393. 구룡사 앞 교차로 (보도육교),202111,25
강남구,2394. 개포래미안포레스트아파트 107동 앞,202111,655
강남구,2395. 개포1단지아파트 입구 (보도육교),202111,77
강남구,2396. 영동3교 북단(우성캐릭터 앞 보도),202111,488
강남구,2398. 더라움,202111,205
강남구,2401. 밀알학교 입구 (삼성서울병원 입구),202111,253
강남구,2403. 공무원연금매점 교차로 (개포주공9단지 입구),202111,163
강남구,2404. 대모산입구역 4번 출구 앞,202111,1093
강남구,2405. 청담공원앞 교차로,202111,748
강남구,2406. 논현동 광명빌딩 앞,202111,415
강남구,2407. 역삼.서초.삼성 세무서 앞 (역삼빌딩 앞),202111,1273
강남구,2408. 강남한양수자인아파트,202111,734
강남구,2409. 역삼동 디오슈페리움 (우성아파트 사거리),202111,756
강남구,2410. 포스코피앤에스타워 (역삼역 3번출구 부근),202111,623
강남구,2411. 세곡동 성당,202111,608
강남구,2412. 일원1동 주민센터,202111,873
강남구,2413.도곡역 1번 출구,202111,885
강남구,2414. 도곡역 아카데미스위트 앞,202111,1049
강남구,2415.한티역 롯데백화점 앞,202111,727
강남구,2416.한티역 6번 출구,202111,320
강남구,2417.선정릉 디캠프(D.CAMP)앞,202111,186
강남구,2418.봉은사역 7번 출구,202111,1144
강남구,"2419.봉은사역 1,2번 출구",202111,483
강남구,2420.학여울역 사거리(LG베스트샵 앞),202111,682
강남구,2421. 신논현역 4번출구,202111,639
강남구,2422.수서동 성당 맞은편,202111,484
강남구,2423.영희초교 사거리(래미안개포루체하임),202111,961
강남구,2425.세곡동 사거리(대왕초등학교 정류장),202111,137
강남구,2426.강남한신휴플러스 6단지,202111,441
강남구,2427.개포고등학교 정문앞,202111,298
강남구,2428.롯데리아 개포점앞,202111,308
강남구,2429.압구정로데오역 6번출구,202111,791
강남구,2430.강남파이낸스센터앞(역삼역2번출구),202111,476
강남구,2431.대치역 7번출구,202111,1039
강남구,3602. 한국지역난방공사강남지사,202111,204
강남구,3604. 삼성중앙역 5번출구,202111,437
강남구,3606. 신사동주민센터 옆,202111,688
강남구,3609. 언주초등학교 입구,202111,413
강남구,3610. 윗반마을 입구,202111,109
강남구,3611. 방죽마을 입구,202111,248
강남구,3612. 은곡마을,202111,292
강남구,3614. 은마아파트 입구 사거리,202111,748
강남구,3615. 서울 논현동우체국 앞,202111,209
강남구,3616. 역삼중학교 앞(체육관 방향),202111,170
강남구,3618. 서울율현초교 삼거리,202111,626
강남구,3620. 청담역 11번 출구,202111,67
강남구,3621. 휘문고교 사거리,202111,249
강남구,3622. 은마아파트입구 사거리,202111,200
강남구,3623. 일원에코파크 앞(개포로 방면),202111,521
강남구,3624. 대모산입구역 7번 출구 앞,202111,97
강남구,3627. 압구정나들목,202111,1372
강남구,3628. 역삼1동 주민센터,202111,753
강남구,3629. 청담사거리(신한오피스텔빌딩 앞),202111,386
강남구,3630. 개포우성6차아파트 정문 앞,202111,261
강남구,3634. 국악고교 앞 교차로,202111,292
강남구,3636. 삼성중앙역·플래티넘아파트 정류소,202111,308
강남구,3637. 세곡데이케어센터,202111,134
강남구,3638. 신청담나들목,202111,284
강남구,3640. 일원1동주민센터앞 사거리,202111,409
강남구,3641. 대청역,202111,366
강남구,3642. LH강남힐스테이트아파트,202111,235
강남구,3643. K2 KOREA,202111,382
강남구,3644. 상록수아파트,202111,315
강남구,3645. 구역삼세무서 교차로,202111,534
강남구,3646. 선정릉역 4번 출구,202111,260
강남구,3647. 구룡역 1번 출구,202111,60
강남구,3648. 구룡역 4번 출구,202111,93
강남구,3649. 구룡역 5번 출구,202111,131
강동구,1001. 광진교 남단 사거리(디지털프라자앞),202111,1318
강동구,1002. 해공공원(천호동),202111,1923
강동구,1003. 해공도서관앞,202111,802
강동구,1004. 삼성광나루아파트 버스정류장,202111,1541
강동구,1006. 롯데캐슬 115동앞,202111,207
강동구,1007.암사동 선사유적지,202111,168
강동구,1008. 암사역 3번출구(국민은행앞),202111,2896
강동구,1009. 천호역4번출구(현대백화점),202111,3915
강동구,1010. 강동세무서,202111,2210
강동구,1011. LIGA 아파트 앞,202111,2145
강동구,1012. 서울 상운차량,202111,1093
강동구,1013. 강동구청역 1번 출입구,202111,1728
강동구,1014. 강동구평생학습관앞,202111,759
강동구,1015. 샛마을 근린공원,202111,653
강동구,1016. 해뜨는 주유소옆 리엔파크 109동앞,202111,635
강동구,1017. 맥도날드(길동),202111,1451
강동구,1018. 둔촌 주공 GS 맞은편,202111,550
강동구,1019. 다성이즈빌아파트(호원대 대각선 맞은편),202111,2717
강동구,1020. 강동경찰서,202111,3026
강동구,1021. 강일동 리슈빌 빌딩앞,202111,1554
강동구,1022. 길동 사거리(초소앞),202111,1647
강동구,1023. 한국종합기술사옥 앞,202111,1645
강동구,1024. 강동구청 앞,202111,2482
강동구,1025. 상일초등학교,202111,537
강동구,1026. 대명초교 입구 교차로,202111,635
강동구,1027. 프라자 아파트 앞,202111,928
강동구,1028. 포레스 주상복합 빌딩,202111,1368
강동구,1029. 롯데 시네마,202111,1966
강동구,1030. 미호 플랜트 앞,202111,865
강동구,1031. 올림픽로 836(아리수로),202111,446
강동구,1032. 선사고등학교,202111,404
강동구,1033. 고덕동 아남아파트,202111,545
강동구,1034. 고덕동 래미안 힐스테이트,202111,332
강동구,1035. 고덕역 4번출구,202111,1193
강동구,1036. 고덕동 주양쇼핑,202111,911
강동구,1037. 강일리버파크 6단지,202111,260
강동구,1038. 강일 다솜 어린이 공원,202111,238
강동구,1039. 고덕초등학교,202111,216
강동구,1041. 묘곡초등학교,202111,486
강동구,1042. 강일리버파크 2~5단지,202111,496
강동구,1044. 굽은다리역,202111,3325
강동구,1047. 건강보험 강동지사kt,202111,1728
강동구,1048. 동부기업(둔촌동),202111,1688
강동구,1049. 강일리버파크 10단지,202111,652
강동구,1050. 둔촌역 3번 출입구,202111,3463
강동구,1051. 양지시장 (용성약국앞) 입구,202111,978
강동구,1052. 리싸이클시티,202111,130
강동구,1053. 동명근린공원 진입로 (아리수로),202111,327
강동구,1054. 말우물 어린이 공원,202111,246
강동구,1056. 강일리버파크 7~11단지,202111,480
강동구,1057. 능골근린공원,202111,461
강동구,1058. 고덕숲 아이파크 1,202111,389
강동구,1059. 래미안 강동팰리스(102동),202111,996
강동구,1060. 천일초교 사거리,202111,685
강동구,1061. 천호초교 입구 사거리(일주빌딩),202111,1066
강동구,1062. 고덕숲 아이파크 2,202111,172
강동구,1063.강동롯데캐슬퍼스트 아파트(관리동),202111,357
강동구,1064.중앙보훈병원역 1번출구,202111,449
강동구,1065.보훈병원 후문옆(더 원커피),202111,579
강동구,1066.생태공원앞 교차로(조명탑),202111,102
강동구,1067.한영중고앞사거리,202111,493
강동구,1068.명일파출소,202111,646
강동구,1069.강동경희대학교병원 입구,202111,362
강동구,1070.(시립)고덕평생학습관,202111,518
강동구,1071.명일근린공원공동체텃밭,202111,271
강동구,1072.고덕역 5번출구,202111,967
강동구,1073.SSTS 몰 앞,202111,513
강동구,1074.대명초교입구 사거리,202111,909
강동구,1075.천동초교 삼거리,202111,1330
강동구,1076.전자랜드 길동점,202111,1515
강동구,1077.강동역 1번출구 앞,202111,1763
강동구,1078.둔촌사거리,202111,2078
강동구,1079.강일동입구교차로,202111,368
강동구,1080.엘웨딩,202111,841
강동구,1081.트레빌빌딩,202111,938
강동구,1082.중앙보훈병원역3번출구,202111,104
강동구,1083.광문고교사거리(아이파크),202111,553
강동구,1084. 윤선생빌딩(JYP사옥),202111,2389
강동구,1085.래미안 솔베뉴(고덕로),202111,726
강동구,1086.래미안 솔베뉴(구천면로),202111,895
강동구,1088.풍납사거리(강동),202111,1154
강동구,1089.고덕 래미안힐스테이트(201동),202111,209
강동구,1090.상일동역 2번출구 앞,202111,2662
강동구,3539. 서원마을,202111,149
강동구,3652. 한영외국어고등학교,202111,139
강동구,3653. 강동리버스트4단지아파트 404동 앞,202111,354
강동구,3654. 강동리버스트4단지아파트 405동 앞,202111,326
강동구,3655. 둔촌신성미소지움아파트,202111,426
강동구,3656. 둔촌푸르지오아파트,202111,1304
강동구,3657. 서울천호동우체국,202111,1281
강동구,3658. 프라이어팰리스아파트,202111,653
강동구,3659. 명일초등학교 옆,202111,307
강동구,3661. 명일동신동아아파트 앞,202111,295
강동구,3663. 암사정수센터교차로(강동롯데캐슬퍼스트아파트),202111,288
강동구,3664. 맥도날드 서울둔촌DT점 앞,202111,1692
강동구,3665. 고덕센트럴 아이파크상가 앞,202111,619
강동구,3668. 성내삼성아파트,202111,2022
강동구,3671. 둔촌동역교차로,202111,1466
강동구,3673. 강동리버스트6단지,202111,408
강동구,3674. 강동리버스트7단지,202111,305
강동구,3675. 강동리버스트8단지,202111,472
강동구,3676. 강동리엔파크9단지,202111,456
강동구,3677. 강동구음식물재활용센터,202111,71
강동구,3680. 강동역3번출구,202111,2274
강동구,3681. 길동 마루빌딩,202111,2336
강동구,3682. 길동 동호빌딩,202111,313
강동구,3683. KT&G강동지사,202111,910
강동구,3684. 고덕자이(105동 앞),202111,1032
강동구,3685. 강동리엔파크14단지(1401동 앞),202111,760
강동구,3686. 고덕 래미안 힐스테이트(101동),202111,321
강동구,3687. 신명초교입구 교차로,202111,1031
강동구,3688. 상일동산(동아아파트앞 교차로),202111,333
강동구,3689. 강일역 3번출구,202111,505
강동구,3690. 강일역 4번출구,202111,351
강동구,3691. 둔촌역 2번출구,202111,380
강동구,3692. 둔촌오륜역 1번 출구,202111,228
강동구,3694. 강동리엔파크 11단지,202111,124
강북구,"1501. 미아역 3번,4번 출구 사이",202111,1372
강북구,1503. 이디야 커피 수유역점 앞,202111,2327
강북구,1504. 다이소 삼양시장점,202111,450
강북구,1506. 강북문화예술회관,202111,997
강북구,1509. 서울북부수도사업소,202111,538
강북구,1510. 번동주공5단지 관리사무소 앞,202111,372
강북구,1511. 번동 금호어울림아파트102동앞,202111,325
강북구,1512. 강북중학교 앞,202111,2073
강북구,1513. 강북구청 뒷편,202111,349
강북구,1514. 강북구청 사거리 버스정류소 앞,202111,1216
강북구,1515. 송천동 주민센터,202111,610
강북구,1516. 우이초등학교 후문 옆,202111,628
강북구,1518. SK telecom(수유직영점) 앞,202111,634
강북구,1519. 세븐일레븐 수유장미원점 앞,202111,857
강북구,1520. 성실교회,202111,973
강북구,1522. 월드전기조명인테리어(우이동),202111,455
강북구,1525. 미아동 복합청사,202111,419
강북구,1526. 수유동 채선당앞,202111,724
강북구,1527. 미아역 1번 출구 뒤,202111,939
강북구,1528. 삼각산동 주민센터,202111,511
강북구,1529. 미아동 한국전력공사,202111,1610
강북구,1530. 광산사거리,202111,1409
강북구,1531. 미아사거리 1번 출구,202111,2048
강북구,1532. 번3동 주민센터 교차로,202111,651
강북구,"1533. 번동 주공3, 4단지 교차로",202111,1047
강북구,1535. 효성인텔리안 앞,202111,1349
강북구,1536. 번동 두산위브 101동 옆,202111,882
강북구,1537. 북한산 우이역,202111,520
강북구,1538. 솔밭공원역,202111,301
강북구,1539. 4.19민주묘지역,202111,444
강북구,1540. 가오리역,202111,957
강북구,1541. 삼양역,202111,220
강북구,1542. 삼양사거리역,202111,465
강북구,1543. 수유1동 주민센터,202111,597
강북구,1545. 솔샘역 2번 출구,202111,41
강북구,1546. 송천동우체국,202111,363
강북구,1547. 꿈의숲 롯데캐슬,202111,412
강북구,1548. 북서울 꿈의숲 서문,202111,634
강북구,1550.삼각산아이원아파트(105동 옆),202111,62
강북구,1551.4.19탑 앞,202111,435
강북구,1552. 강북구청사거리(던킨도너츠 앞),202111,1268
강북구,1553.예수그리스도후기성도교회 앞,202111,643
강북구,1554.번동사거리,202111,826
강북구,1557.신창교,202111,915
강북구,1558.강북문화정보도서관,202111,347
강북구,1560. 도봉세무서 앞,202111,840
강북구,1564.4.19민주묘지역 1번출구,202111,876
강북구,1565.대한병원앞,202111,1059
강북구,1568.4.19민주묘지 입구사거리,202111,680
강북구,1569.수유역2번출구,202111,2538
강북구,1571.북서울 꿈의 숲 입구,202111,357
강북구,1572.우이산 먹거리마을,202111,114
강북구,1573.현대성우아파트 옆,202111,301
강북구,1574.송중초등학교 옆,202111,524
강북구,3703. 신성교회 앞,202111,332
강북구,3707. 드래곤타워 앞,202111,745
강북구,3711. 월계2교 교차로,202111,485
강북구,3714. 송천센트레빌,202111,237
강북구,3718. 번동 SK LPG 충전소,202111,766
강서구,1101. 개화동상사마을종점 버스정류장,202111,188
강서구,1102. 방화사거리 마을버스 버스정류장,202111,2398
강서구,1103. 방화역 4번출구앞,202111,2103
강서구,1105. 방화근린공원,202111,373
강서구,1106. 신방화사거리,202111,2687
강서구,1108. 공항시장역 2번출구 뒤,202111,1321
강서구,1109. 공항시장역 4번출구,202111,851
강서구,1110. 공항중학교앞,202111,11
강서구,1111. 마곡엠밸리6_7단지 마곡중학교,202111,2192
강서구,1112. 마곡엠밸리4단지 정문,202111,4192
강서구,1113. 서남환경공원 버스정류장,202111,1558
강서구,1115. 등촌역 1번출구옆,202111,303
강서구,1117. 스타벅스앞,202111,3544
강서구,1118. 증미역 3번출구뒤(등촌두산위브센티움오피스텔),202111,2662
강서구,1119. 염창동 한마음아파트앞(염창동 빛나는 음악학원앞),202111,1818
강서구,1120. 대림경동아파트앞,202111,1894
강서구,1121. 가양레포츠센터앞,202111,1064
강서구,1122. 황금내근린공원,202111,1722
강서구,1124. 발산역 6번 출구 뒤,202111,4809
강서구,1125. 명덕고교입구(영종빌딩),202111,3825
강서구,1126. 우장산역 1번출구옆(우장산아이파크105동앞),202111,1967
강서구,1127. 화곡역(에이스정형외과앞) 버스정류장,202111,1602
강서구,1128. 화곡역 6번출구,202111,1484
강서구,1129. 화곡역 1번 출구 앞,202111,2025
강서구,1130. 화곡본동시장 버스정류장,202111,596
강서구,1131. 꿈돌이공원 앞,202111,1836
강서구,1132. 등촌역 7번출구,202111,2333
강서구,1135. 강서구의회,202111,1765
강서구,1136. 등촌2파출소,202111,1031
강서구,1137. 등촌2동주민센터,202111,518
강서구,1139. 용문사 버스정류장,202111,1270
강서구,1140. 목동사거리 버스정류장,202111,1661
강서구,1141. 곰달래 문화복지센터 1-1,202111,1338
강서구,1145. 곰달래 문화복지센터 1-2,202111,840
강서구,1146. 곰달래사거리,202111,1392
강서구,1148. 볏골공원,202111,1356
강서구,1149. 신방화역환승주차장,202111,3862
강서구,1150. 송정역 1번출구,202111,2067
강서구,1151. 마곡역1번출구,202111,2643
강서구,1152. 마곡역교차로,202111,4887
강서구,"1153. 발산역 1번, 9번 인근 대여소",202111,6852
강서구,1155. 기쁜우리복지관,202111,1617
강서구,1157. 강서구청,202111,2622
강서구,1158. 가양역 8번출구,202111,5559
강서구,1159. 서서울모터리움앞,202111,763
강서구,1161. 강서면허시험장앞,202111,408
강서구,1162. 공항초등학교건너편,202111,2432
강서구,1163. 방화동강서기동대앞,202111,2240
강서구,1165. 마곡중학교 후문,202111,983
강서구,1166. 강서구립등빛도서관,202111,3282
강서구,1167. 마곡수명산파크3단지 교차로,202111,2311
강서구,1168. 마곡엠밸리10단지 앞,202111,1226
강서구,1169. 염창역 1번 출구,202111,1468
강서구,1170. 강서구보건소 (삼성디지털 프라자),202111,1484
강서구,1171. 염창동 새마을금고 건너편 (모닝글로리),202111,1075
강서구,1172. 가양3동 주민센터,202111,1523
강서구,1173. 강서구청사거리(SH타워),202111,2483
강서구,1174. 강서구청사거리(부민병원),202111,1387
강서구,1175. 대한항공 인력개발센터,202111,1556
강서구,1177. 수명중?고교,202111,1440
강서구,1178. 개화산역 2번 출구,202111,661
강서구,1180. 마곡엠밸리 15단지(1502동) 건너편,202111,2248
강서구,1181. 농수산식품공사 (강서지사),202111,413
강서구,1182. KBS 스포츠월드,202111,2476
강서구,1183. KC 대학교,202111,573
강서구,1184. 마곡13단지,202111,3277
강서구,1185. 등촌9단지,202111,1458
강서구,1186. 송정중학교,202111,1041
강서구,1187. 강서수산물도매시장,202111,844
강서구,1188. 롯데중앙연구소,202111,226
강서구,1190. 마곡역 교차로(2번출구),202111,1520
강서구,1191. 마곡역 교차로(NH농협),202111,2760
강서구,1192. 마곡수명산파크 209동 건너편,202111,1921
강서구,1193. 마곡센트럴타워 1차,202111,2988
강서구,1194. 센서텍㈜,202111,1182
강서구,1195. 코오롱One&Only타워,202111,2299
강서구,1196. 서울식물원(문화센터) 건너편,202111,275
강서구,1197. 엠펠리체 호텔 건너편,202111,2551
강서구,1198. LG 사이언스파크,202111,754
강서구,1199. 우장산역 3번출구,202111,2651
강서구,1200. 개화광역환승센터,202111,227
강서구,2701. 마곡나루역 5번출구 뒤편,202111,7646
강서구,2702. 마곡 엠밸리2단지,202111,1429
강서구,2703.서울도시가스 앞,202111,794
강서구,2704.홈플러스(강서점),202111,2757
강서구,2706.강서공업고등학교 앞,202111,1473
강서구,2707.한강아파트,202111,1332
강서구,2708.강서한강자이타워 앞,202111,2685
강서구,2709.강변아파트 310동 앞,202111,868
강서구,2710.라이품 공영주차장 앞,202111,1317
강서구,2711.가로공원공영주차장 1번 출구,202111,1199
강서구,2712.화곡터널입구교차로,202111,893
강서구,2713.우장초등학교 앞,202111,1191
강서구,2715.마곡나루역 2번 출구,202111,10084
강서구,2716.롯데 R&D 센터,202111,403
강서구,2717.LG유플러스 마곡사옥,202111,3180
강서구,2718.마곡수명산파크1단지,202111,1703
강서구,2719.마곡문화공원,202111,2218
강서구,2720.힐스테이트에코,202111,3516
강서구,2721.등촌1-10단지 교차로,202111,3262
강서구,2722.마곡 문영비지웍스,202111,1454
강서구,2723.마곡 필네이처,202111,2392
강서구,2724.(재)FITI시험연구원,202111,3188
강서구,2725.서울식물원 식물문화센터,202111,877
강서구,2727.서울식물원 잔디마당 앞,202111,1412
강서구,2728.마곡나루역 3번 출구,202111,5609
강서구,2729.넥센 유니버시티 앞,202111,1722
강서구,2730.마곡메가박스 앞,202111,2518
강서구,2731.명덕고교,202111,847
강서구,2732.마곡수명산 1-2단지,202111,1497
강서구,2733.마곡13단지 정문 앞,202111,3625
강서구,2735.마곡 공공청사,202111,1716
강서구,2737.까치산역 3번 출구,202111,1477
강서구,2739.수명산파크1단지교차로,202111,3013
강서구,2740.마곡레포츠센터,202111,824
강서구,2741.마곡수명산파크5-6단지,202111,1348
강서구,2742.강서구민올림픽체육센터,202111,1125
강서구,2743.동신아파트 104동 앞,202111,697
강서구,2744.강서세무서 앞,202111,3486
강서구,2745.수명초등학교,202111,1001
강서구,2746.수명산파크 4단지 411동 앞,202111,1407
강서구,3753. 공항중학교 버스정류장,202111,911
강서구,3754. 신방화역 8번출구,202111,1230
강서구,3756. 마곡힐스테이트 정문,202111,1592
강서구,3757. 신방화역 6번출구,202111,1766
강서구,3758. 서울남부출입국관리소,202111,1041
강서구,3759. 서울이대병원,202111,1884
강서구,3760. 발산역 8번 출구,202111,1456
강서구,3761. 나이아가라관광호텔,202111,408
강서구,3762. 마곡9단지 907동앞,202111,1164
강서구,3763. 등촌태영아파트,202111,697
강서구,3764. 관문주유소(GS칼택스) 앞,202111,1313
강서구,3765. 문소빌딩,202111,340
강서구,3766. 강서문화센터,202111,229
강서구,3767. 대원빌딩,202111,572
강서구,3769. 가양동 이마트 앞,202111,1975
강서구,3770. 남부순환로 205,202111,451
강서구,3772. 길성그랑프리텔아파트,202111,2221
강서구,3774. 마곡9단지 910동 상가앞,202111,1643
강서구,3775. 가양오토갤러리,202111,1382
강서구,3776. 김포공항교차로,202111,459
강서구,3778. 김포공항입구 교차로,202111,1800
강서구,3779. 유광사여성병원,202111,431
강서구,3780. 등촌서광아파트,202111,2635
강서구,3781. 강서아동복지센터,202111,128
강서구,3782. 겸재정선미술관,202111,936
강서구,3783. 마곡금호어울림아파트,202111,887
강서구,3784. 벽산아파트,202111,1527
강서구,3785. 마곡14단지 1408동앞,202111,1545
강서구,3786. 강서힐스테이트 상가 앞,202111,996
강서구,3787. 가양나들목,202111,509
강서구,3788. 정곡나들목,202111,1122
강서구,3789. 염창나들목,202111,1806
강서구,3792. 화곡본동시장 입구,202111,703
강서구,3793. 더리브골드타워,202111,762
강서구,3794. 안양천합수부(현대3차아파트),202111,1002
강서구,3795. 공항신성빌딩 앞,202111,649
강서구,3796. 송정역 3번출구 앞,202111,1767
강서구,3797. 마곡수명산파크7단지 710동 앞,202111,505
강서구,3798. 그랜드아이파크아파트 앞,202111,3805
강서구,3799. 국립항공박물관,202111,396
강서구,3801. 이랜드글로벌R&D센터,202111,279
강서구,5052. 마곡역7번출구 홈앤쇼핑 앞,202111,2974
강서구,5053. 신마곡벽산블루밍메트로오피스텔앞,202111,1262
강서구,5055. 마곡역5번출구앞,202111,1167
강서구,"5056. 마곡역4,5번출구",202111,712
강서구,5057. 마곡역4번출구,202111,948
강서구,5059. 화곡2동주민센터,202111,584
강서구,5061. 우장산동 가곡어린이공원앞,202111,1374
강서구,5062. 마곡동 767-6,202111,1450
강서구,5063. 서남환경공원(방화동도시개발2단지방향),202111,955
강서구,5064. 양천향교역8번출구,202111,1747
강서구,5065. 허준박물관삼거리,202111,687
강서구,5066. 아망떼마곡전시장,202111,673
강서구,5067. 주원 리젠트 앞,202111,477
강서구,5070. 마곡13단지힐스테이트마스터 후문(1320동 앞),202111,350
강서구,5072. 김포공항입구 교통섬,202111,417
관악구,2102. 봉림교 교통섬,202111,6430
관악구,2103. 신림동 우방아파트,202111,1731
관악구,2104. 사당역 5번출구,202111,1283
관악구,2105. 미성동 신림체육센터,202111,1174
관악구,2106. 난곡 새마을금고,202111,1583
관악구,2107. 도림천 신화교,202111,2287
관악구,2108. 은천치안센터,202111,997
관악구,2109. 은천로입구 가로공원,202111,3064
관악구,2111. 서울대입구역 1번출구,202111,1293
관악구,2112. 서울대입구역 마에스트로,202111,1118
관악구,2113. 관악동작견인차량보관소,202111,1758
관악구,2115. 관악농협농산물백화점,202111,1222
관악구,2116. 에이스에이존빌딩,202111,930
관악구,2119. 중앙동 동진빌딩,202111,1096
관악구,2122. 낙성대로 입구,202111,738
관악구,2127. 보성운수차고지 맞은편,202111,559
관악구,2128. 관악구청교차로,202111,801
관악구,2129. 낙성대 과학전시관,202111,448
관악구,2130. 영어마을 관악캠프,202111,314
관악구,2135. 신림역 5번출구,202111,2169
관악구,2136. 신림역 8번출구,202111,3302
관악구,2137. KT&G 관악지점,202111,477
관악구,2139. 서울신성초등학교,202111,525
관악구,2140. 신림1교 교차로,202111,1811
관악구,2141. 미림여고입구 교차로,202111,175
관악구,2143. 서울산업정보학교,202111,344
관악구,2144. 난우길입구,202111,619
관악구,2145. 은천초등학교 육교,202111,853
관악구,2148. 낙성대역 3번출구 뒤,202111,804
관악구,2156. 농협 관악문성지점,202111,803
관악구,2159. 인헌초교,202111,378
관악구,2164. 관악우체국,202111,923
관악구,2165. JK장평타워,202111,406
관악구,2167. 낙성대역 1번출구,202111,748
관악구,2169. 봉천역 2번출구,202111,1321
관악구,2170. 조원동서울본병원,202111,1059
관악구,2171. 서울대입구역 5번출구,202111,1686
관악구,2172. 나들목공원,202111,422
관악구,2173. 당곡사거리,202111,4289
관악구,2174. 삼성디지털프라자관악점,202111,868
관악구,2175. 신림동걷고싶은문화의거리입구,202111,1358
관악구,2176. 보라매공원 보도육교,202111,2080
관악구,2177. 신대방역 2번 출구,202111,6098
관악구,2178. 서울대학교 정문,202111,565
관악구,2179. 양녕로 입구,202111,1070
관악구,2183. 동방1교,202111,3953
관악구,2184. 구암초등학교 버스정류장,202111,329
관악구,2185. 대학동 고시촌,202111,406
관악구,2186.우리은행 낙성대역지점,202111,687
관악구,2187.현대시장사거리(신한은행),202111,1339
관악구,2189.삼성서비스센터(관악점),202111,1331
관악구,2190.도원맨션,202111,541
관악구,2191.대학동주민센터,202111,1101
관악구,2195.은천교회,202111,904
관악구,2196.삼화페인트 봉천점,202111,539
관악구,2198.사랑의병원,202111,666
관악구,2199.신봉천주유소,202111,118
관악구,3306.서울신우초등학교,202111,104
관악구,3307.봉천고개 육교,202111,478
관악구,3310.영락고등학교,202111,651
관악구,3311.서울대입구역 4번 출구,202111,891
관악구,3802. 관악구민체육센터,202111,80
관악구,3803. 세븐일레븐 신림점,202111,1091
관악구,3804. 낙성대공원,202111,301
관악구,3806. 낙성대 교수아파트,202111,243
관악구,3807. 관악우체국 교차로,202111,470
관악구,3810. 신봉천주유소,202111,221
관악구,3811.신사로입구,202111,1657
관악구,3812. KT관악지점,202111,1023
관악구,3813. 낙성대역 5번출구,202111,494
관악구,3814. 난곡사거리,202111,1127
관악구,3815. 광일빌딩,202111,570
광진구,3500. 군자역2번출구,202111,2176
광진구,3501. 광진구청 앞,202111,2681
광진구,3502. 중곡역 1번출구,202111,844
광진구,3503. 광진유진스웰,202111,178
광진구,3504. 원일교회,202111,2160
광진구,3505. 신양초교앞 교차로,202111,659
광진구,3506. 영동대교 북단,202111,1520
광진구,3507. 어린이회관,202111,984
광진구,3508. 화양사거리,202111,788
광진구,3509. 세종사이버대학교,202111,1742
광진구,3510. 중곡SK아파트앞,202111,658
광진구,3516. 구의아리수정수센터앞,202111,687
광진구,3517. 용마사거리,202111,1770
광진구,3518. 군자역 7번출구뒤,202111,3471
광진구,3520. 광진경찰서,202111,2127
광진구,3521. 현대홈타운 뒷길,202111,236
광진구,3523. 건국대학교 과학관(이과대) 앞,202111,780
광진구,3524. 세종대학교,202111,191
광진구,3528. 광진정보도서관,202111,1008
광진구,3529. 어린이대공원정문,202111,778
광진구,3533. 건대입구역 사거리(롯데백화점),202111,5179
광진구,3534. 건대입구역 5번출구 뒤,202111,2255
광진구,3536. 중앙농협(자양동),202111,1861
광진구,3537. 아차산 휴먼시아 아파트 옆,202111,542
광진구,3541. 커먼그라운드,202111,3143
광진구,3542. 래미안 구의파크 스위트,202111,2127
광진구,3543. 세종대학교(학술정보원),202111,381
광진구,3563.구의7단지현대아파트,202111,182
광진구,3564.나루마당,202111,112
광진구,3566.우성4차아파트,202111,1216
광진구,3569.건대병원후문,202111,3578
광진구,3570.구의역 리버비스타 오피스텔,202111,2333
광진구,3571.화양 APT(횡단보도 옆),202111,3115
광진구,3573.광나루안전체험관,202111,1169
광진구,3575.자양사거리 (LG 유플러스),202111,2763
광진구,3578.중곡동 파크웨이빌딩,202111,1122
광진구,3579.광진 캠퍼스시티,202111,2655
광진구,3582.화양동 우체국,202111,1672
광진구,3586.군자역 비채온 오피스텔,202111,1557
광진구,3587.우성식품 앞,202111,1092
광진구,3588.세종대학교(영실관),202111,801
광진구,3853. 어린이대공원역 2번출구,202111,486
광진구,3860. 건국대학교 정문 앞,202111,990
광진구,3863. 동일로58길 입구,202111,508
광진구,3864. 광진소방서 앞,202111,694
광진구,3865. 이튼타워리버 2차,202111,1133
광진구,3868. 자양한강도서관,202111,1100
광진구,3873. 동서울우편집중국 앞,202111,579
광진구,3878. 장로회신학대학교 주기철 기념관,202111,59
광진구,3879. 중랑천 뚝방길 산책로 입구,202111,1107
광진구,3880. 홍련봉 공원,202111,415
광진구,3881. 신자초교입구 교차로,202111,2042
광진구,3882. 자양2동 주민센터,202111,851
광진구,500. 어린이대공원역 3번출구 앞,202111,1842
광진구,501. 광진구의회 앞,202111,1467
광진구,502. 뚝섬유원지역 1번출구 앞,202111,7009
광진구,505. 자양사거리 광진아크로텔 앞,202111,2455
광진구,515. 광양중학교 앞,202111,675
광진구,516. 광진메디칼 앞,202111,1262
광진구,539. 군자교교차로,202111,1334
광진구,540. 군자역 7번출구 베스트샵 앞,202111,1830
광진구,542. 강변역 4번출구 뒤,202111,1514
광진구,543. 구의공원(테크노마트 앞),202111,1643
광진구,544. 광남중학교,202111,832
광진구,546. 잠실대교북단 교차로,202111,1352
광진구,548. 자양나들목,202111,1733
광진구,549. 아차산역 3번출구,202111,2192
광진구,551. 구의삼성쉐르빌 앞,202111,2475
광진구,552. 대림아크로리버 앞,202111,609
광진구,553. 중곡 성원APT 앞,202111,746
광진구,555. 구의3동주민센터,202111,429
광진구,571. 어린이대공원역6번출구,202111,1056
광진구,572. 국립정신 건강센터 앞,202111,504
광진구,573. 구의문주차장 앞,202111,1506
광진구,574. 아차산역4번출구,202111,2119
광진구,575. 중앙농협 중곡지점,202111,513
광진구,576. 광나루역 3번 출구,202111,2370
광진구,584. 광진광장 교통섬,202111,2587
광진구,588. 뚝섬 유원지역,202111,1599
광진구,590. 건국대학교 (입학정보관),202111,1458
광진구,591. 건국대학교 (행정관),202111,292
광진구,592. 건국대학교 학생회관,202111,1647
광진구,593.자양중앙나들목,202111,1371
구로구,1901. 신도림동주민센터 앞,202111,1509
구로구,1904. 도림천역 1번 출구 앞,202111,1644
구로구,1906. 신도림역 1번 출구 앞,202111,4764
구로구,1907. 구일우성(아) 육교 밑,202111,1081
구로구,1908. 해원리바파크 육교 밑,202111,1501
구로구,1910. 낙원교회 맞은편,202111,426
구로구,1911. 구로디지털단지역 앞,202111,5712
구로구,1912. 한신휴아파트 앞,202111,1697
구로구,1913. 구로리공원,202111,1014
구로구,1914. 대림역4번출구,202111,2207
구로구,1916. 구로중학교앞,202111,607
구로구,1920. 서울미래초등학교 사거리,202111,1394
구로구,1924. 삼부르네상스파크빌,202111,861
구로구,1925. 동양미래대학교 정문 옆,202111,3155
구로구,1928. 고척스카이돔구장 광장,202111,831
구로구,1929. 고척근린공원 고척도서관 앞,202111,826
구로구,1930. 개봉지구대 개봉치안센터,202111,1025
구로구,1931. 개봉역(북측광장),202111,1074
구로구,1933. 개봉푸르지오아파트 상가,202111,1321
구로구,1936. 개봉역 1번 출구 자전거보관서쪽,202111,674
구로구,1937. 한진아파트 입구,202111,858
구로구,1941. 오류동역 2번출구,202111,935
구로구,1943. 온수역 북측,202111,366
구로구,1946. 구로역 광장,202111,2858
구로구,1951. 천왕이펜하우스 4단지 상가 앞,202111,166
구로구,1952. 천왕연지타운2단지 앞,202111,1030
구로구,1953. 천왕역 4번출구 뒤,202111,879
구로구,1955. 디지털입구 교차로,202111,2975
구로구,1956. 도야미리숯불갈비 앞,202111,1220
구로구,1957. 구일고등학교 정문,202111,1182
구로구,1958. 강서수도사업소민원센터,202111,1327
구로구,1959. 구로구의회 앞,202111,1049
구로구,1960. 화광신문사 앞,202111,1066
구로구,1961. 신도림테크노근린공원,202111,3922
구로구,1962. 가리봉동주민센터,202111,1433
구로구,1964. 원메디타운 앞,202111,1027
구로구,1965. 삼환로즈빌아파트 105동 옆,202111,800
구로구,1966. 한마을아파트 정문상가,202111,1125
구로구,1967. 참새공원(백곡경노당),202111,349
구로구,1968. 동인오피스텔 건너편 소공원,202111,350
구로구,1969. 궁동생태공원,202111,123
구로구,1971. 오정초교 앞 보도육교,202111,342
구로구,1973. 오리로와 서해안도로 교차로 앞,202111,505
구로구,1974. 신도림2차e편한세상아파트 203동 앞,202111,1210
구로구,1975. 대림역 1번 출입구 밑,202111,1215
구로구,1976. 남구로역 5번 출입구 앞,202111,530
구로구,1977. 천왕역 1번 출입구 앞,202111,1567
구로구,1979. 구로1동우체국 앞,202111,284
구로구,1981. 천왕이펜하우스5단지 앞,202111,639
구로구,1983. 구로동롯데아파트,202111,1528
구로구,1984. 구로구청,202111,1248
구로구,1985. 구로도서관,202111,3003
구로구,1986. 태평양물산빌딩,202111,2690
구로구,1987. 개봉아이파크아파트 앞,202111,957
구로구,1988. 고척LIGA아파트 앞,202111,1631
구로구,1991. 오류동역 맞은편,202111,1589
구로구,1992. 구로구배드민턴실내체육관 앞,202111,350
구로구,1993. 금강수목원아파트 앞,202111,535
구로구,1994. 삼성전자 물류센터 앞,202111,1165
구로구,1996. 구일역 1번 출입구 앞,202111,1774
구로구,1998. 고척교 교차로,202111,567
구로구,1999. 수궁동 성당 주변,202111,465
구로구,2000. 신도림4차 e편한세상 아파트 1109동 앞,202111,1484
구로구,2801. 대륭포스트타워1차,202111,1988
구로구,2804.항동지구 6단지 602동 앞,202111,186
구로구,2805.구로자원순환센터,202111,111
구로구,2806.항동지구 4단지 입구,202111,110
구로구,2807.항동지구 1단지 105동 앞,202111,171
구로구,2808.항동지구 2단지 202동 앞,202111,137
구로구,2809.항동지구 11단지 1103동 앞,202111,79
구로구,2810.항동지구 3단지 311동 앞,202111,113
구로구,2812.항동프라자,202111,375
구로구,2813.항동지구 3단지 302동 앞,202111,66
구로구,2814.항동지구 10단지 1001동 앞,202111,136
구로구,2815.항동지구 7단지 정문,202111,347
구로구,2816.항동지구 8단지 803동옆(주차장입구),202111,87
구로구,2817.천왕이펜하우스5단지 앞,202111,224
구로구,2818.천왕이펜하우스3단지 앞,202111,286
구로구,2819.하늘숲초등학교 앞,202111,504
구로구,2820.신세기아파트 앞,202111,744
구로구,2821.청구아파트 앞,202111,967
구로구,2822.제니스스포츠 앞,202111,375
구로구,2823.중앙유통단지 앞,202111,913
구로구,2824.미래사랑어린이공원 앞,202111,2352
구로구,2825.초롱타운 앞,202111,220
구로구,2826.가마산지하보도 옆,202111,357
구로구,3902. 항동지구5단지 501동 앞,202111,250
구로구,3903. 현대아파트 앞,202111,480
구로구,3904. 테크노마트 앞,202111,1950
구로구,3905. 희훈타워빌 앞,202111,1542
구로구,3906. 천왕차량사업소 입구,202111,540
구로구,3907. 신도림7차e편한세상아파트 806동 앞,202111,1010
구로구,3908. 오류동 다숲오피스텔 앞,202111,706
구로구,3910. 목양전원교회 앞 로터리,202111,195
구로구,3911. 항동하버리안2단지아파트 후문,202111,121
구로구,3912. 삼호아파트 앞,202111,431
구로구,3914. 신도림쌍용플래티넘노블아파트 앞,202111,1360
구로구,3915. 동선아파트 앞,202111,147
금천구,1804. 독산역 2번출구 자전거주차장,202111,1315
금천구,1805. 서울디지털운동장 앞,202111,903
금천구,1806. 에이스하이엔드타워9차 앞,202111,881
금천구,1808. 에이스하이엔드타워8차 앞,202111,1044
금천구,1809. LG전자 별관동(호서대 벤처타워 맞은편),202111,584
금천구,1812. 갑을그레이트밸리 앞,202111,776
금천구,1814. 두산위브아파트 옆 상가건물 앞,202111,892
금천구,1816. 금천폭포공원 앞,202111,264
금천구,1819. 금천구청 앞 자전거거치대,202111,574
금천구,1820. 신한은행 시흥대로금융센터지점,202111,235
금천구,1821. 홈플러스 시흥점 맞은편 다비치안경 앞,202111,663
금천구,1822. 서울 시흥동우체국 앞,202111,601
금천구,1823. 상신정비공업 앞,202111,321
금천구,1824. 독산근린공원 입구,202111,1251
금천구,1825. 한신아파트 앞 육교 아래,202111,406
금천구,1826. 한신코아 앞,202111,439
금천구,1827. 독산보도육교 앞 자전거 보관소,202111,1623
금천구,1828. 한양수자인아파트 앞,202111,800
금천구,1829. 홈플러스 금천점 앞,202111,603
금천구,1830. 빅마켓 금천점 앞,202111,1338
금천구,1831. 메이퀸웨딩컨벤션 앞,202111,600
금천구,1833. 독산역 1번출구 앞 자전거보관소,202111,901
금천구,1834. 월드메르디앙 벤처센터 2차,202111,1703
금천구,1835. STX V타워,202111,740
금천구,1836. 금천구립 독산도서관,202111,260
금천구,1839. 수출의 다리 아래,202111,884
금천구,1840. 솔브레인이엔지 뒤편,202111,836
금천구,1841. 가산동 주민센터,202111,1578
금천구,1842. 한울중학교,202111,262
금천구,1843. 독산고등학교,202111,408
금천구,1845. 롯데캐슬골드파크1차 서문,202111,522
금천구,1846. 롯데캐슬골드파크1차 동문,202111,633
금천구,1847. 독산주공 14단지 버스정류소,202111,224
금천구,1848. 벽산 디지털밸리 5차,202111,1324
금천구,1849. 대륭포스트타워5차,202111,409
금천구,1850. 코오롱테크노밸리,202111,254
금천구,1851. 가산디지털단지 7번출구,202111,2629
금천구,1852. 혜명양로원 담장 옆,202111,250
금천구,1853. 서울디자인직업전문학교 앞,202111,370
금천구,1854. 가산아네스트 오피스텔 앞,202111,800
금천구,1855. 성지아파트 옆 도로변,202111,144
금천구,1856. 모두의학교,202111,909
금천구,1857. 주공14단지,202111,280
금천구,1858. 석수역1번출구 앞 (SK주유소),202111,294
금천구,1859. 대륭테크노타운 18차,202111,722
금천구,1861.IBK기업은행 석수역 지점 앞,202111,151
금천구,1862.스타즈호텔독산 빌딩 앞,202111,829
금천구,1863.위너스 스포츠클럽 골프연습장옆,202111,304
금천구,1864.산호시티빌 옆,202111,199
금천구,1865.금천구청앞(M빌딩),202111,373
금천구,1866.서울안천초등학교 옆,202111,201
금천구,1867.대륭포스트타워6차 앞,202111,3252
금천구,1868.우리은행 시흥남자동화점 앞,202111,363
금천구,1869.롯데캐슬골드파크3차 301동 앞,202111,502
금천구,1870.독산3동주민센터 앞,202111,627
금천구,3956. 대륭테크노타운21차 앞,202111,530
금천구,3958. 롯데캐슬2차 마을버스 정류장(18804) 뒤편,202111,561
금천구,3959. 시흥사거리(시흥동 994-3 앞),202111,665
금천구,3963. 에이스 하드웨어(시흥대로 396) 앞,202111,765
금천구,3966. 독산역1번출구 옆,202111,1781
금천구,3967. 혜명양로원 담장 옆(2),202111,249
금천구,3968. 독산동 현대홈타운 금천과선교 앞,202111,417
금천구,3969. 독산역 롯데캐슬 104동 앞,202111,526
금천구,3970. 시흥4동주민센터 앞,202111,81
금천구,3971. 순흥안씨묘 건너편,202111,58
금천구,3972. 산기슭공원 앞,202111,161
금천구,3973. 독산2동주민센터 앞,202111,209
금천구,3974. 안천중학교,202111,130
금천구,3983. 금천구청역 1번 출구,202111,3
금천구,3985. 디폴리스 지식산업센터,202111,62
노원구,1601. 석계역 문화광장 내 자전거 보관소,202111,3338
노원구,1602. 광운대역 앞,202111,1351
노원구,1605. 헬스케어,202111,1231
노원구,1606. 태릉입구역 3번출구,202111,1126
노원구,1608. 공릉역 1번 출구 앞,202111,3296
노원구,1610. 화랑대역 2번출구 앞,202111,2390
노원구,1611. 과기대 입구(우),202111,3129
노원구,1616. 하계2동 공항버스정류장 옆,202111,1697
노원구,1617. 하계동 중평어린이공원 앞,202111,1994
노원구,1619. 중계동 하나프라자빌딩 앞(중1-1),202111,1841
노원구,1620. 중계동 노원구민체육센터 옆(중1-2),202111,1004
노원구,1625. 상계역(4번출구),202111,3347
노원구,1627. 수락산역 4번출구,202111,941
노원구,1628. 노일초등학교 앞,202111,627
노원구,1630. 수연빌딩 앞,202111,754
노원구,1634. 당고개공원 대여소,202111,709
노원구,1635. 상계3.4동 주민센터 대여소,202111,313
노원구,1636. 백병원 사거리 농협은행 앞,202111,2641
노원구,1637. KT 노원점 건물 앞,202111,5754
노원구,1639. 희성오피앙,202111,1075
노원구,1640. 한내근린공원 북측,202111,715
노원구,1641. 한내근린공원 남측,202111,719
노원구,1642. 서울여대 남문,202111,667
노원구,1643. 태릉입구역 8번출구,202111,1749
노원구,1646. 삼육대 입구,202111,464
노원구,1650. 중계근린공원내,202111,2621
노원구,1651. 맥도날드 상계점 앞,202111,928
노원구,1652. 파르코 앞,202111,371
노원구,1654. 당고개입구 오거리,202111,794
노원구,1655. 공릉1단지아파트,202111,2024
노원구,1656. 중앙하이츠 아파트 입구,202111,1651
노원구,1657. 노원구청,202111,1509
노원구,1659. 중계동 을지중학교,202111,750
노원구,1660. 서울시립과학관,202111,341
노원구,1661. 당현천근린공원,202111,1416
노원구,1662. 노원역7번출구,202111,2273
노원구,1663. 동해문화예술관앞,202111,1938
노원구,1664. 노해근린공원내,202111,409
노원구,1666. 노원소방서인근,202111,799
노원구,1667. 중계중학교,202111,1201
노원구,1668. 중계역 6번출구,202111,1994
노원구,1669. 중계역 3번출구,202111,1732
노원구,1670. 노원경찰서교차로,202111,1140
노원구,1671. 인덕대학교,202111,646
노원구,1672. 상계동수락리버시티,202111,565
노원구,1674. 서울북부고용센터앞,202111,2878
노원구,1675. 월계문화체육센터,202111,156
노원구,1677. 육군사관학교 앞,202111,1147
노원구,1678. 성서대학교 밀알관,202111,428
노원구,1679. 삼육대 도서관,202111,135
노원구,1680. 삼육대 제3과학관,202111,48
노원구,1681. 현대6차 아파트,202111,978
노원구,1682. 중계종합사회복지관 교차로,202111,1008
노원구,1683. 노원문화예술회관,202111,1437
노원구,1684. 태릉입구역 5번출구,202111,2674
노원구,1685. 불암고등학교 앞 횡단보도,202111,915
노원구,1686. 온수골사거리(스타벅스앞),202111,1725
노원구,1688. 마들역 7번출구,202111,1619
노원구,1689. 마들역 3번출구,202111,1409
노원구,1690. 도봉운전면허시험장,202111,1679
노원구,1691. 노원정보도서관,202111,1086
노원구,1692. 온곡초교 교차로,202111,926
노원구,1693. 원자력 병원,202111,386
노원구,1695.월계미륭아파트 정문,202111,844
노원구,1696.수락리버시티4단지,202111,528
노원구,1697.상계주공2단지 219동,202111,1059
노원구,1700.상계보람아파트 202동,202111,873
노원구,2901.공릉동풍림아파트 101동,202111,1101
노원구,2902.공릉풍림아파트 108동,202111,1023
노원구,2903.월계초안아파트 1단지,202111,596
노원구,2904.중계3차청구아파트,202111,977
노원구,2907. 월계중학교,202111,281
노원구,2908. 광운대학교 중앙도서관,202111,1501
노원구,2909. 석계역 3번 출구,202111,1373
노원구,2910.도깨비시장,202111,2048
노원구,2911.상계역중앙시장,202111,811
노원구,2912.대진고등학교,202111,1455
노원구,2913.상계8동 주민센터,202111,1229
노원구,2914.서울과학기술대학교(미래관),202111,689
노원구,2915.서울과학기술대학교(어학교육원),202111,1814
노원구,2917.신창중학교 후문 맞은편 버스정류장,202111,930
노원구,2919.등나무 근린공원(시립북서울미술관 앞),202111,2836
노원구,2920.상계중학교(당현2교사거리),202111,849
노원구,2921.중계역 2번출구,202111,2293
노원구,4002. 상계주공 14단지 상가 앞,202111,651
노원구,4003. 스타벅스 상계초교사거리점,202111,2365
노원구,4004. 당고개입구오거리 당현천변,202111,994
노원구,4005. 중계2차 한화꿈에그린 101동 인근,202111,817
노원구,4007. 노원 을지대학교 병원,202111,1453
노원구,4008. 하계 어린이 공원,202111,1395
노원구,4009. 월계프라자,202111,394
노원구,4011. 월계 센트럴 아이파크,202111,843
노원구,4013. 중계 롯데마트,202111,1451
노원구,4014. 당고개역 3번 출구,202111,844
노원구,4016. 노원 마들스타디움,202111,982
노원구,4017. 월계 청백1단지 아파트 정류장,202111,373
노원구,4018. 상계주공15단지 버스정류소,202111,1019
노원구,4019. 상계주공10단지 버스정류소,202111,934
노원구,4020. 중계동 성모빌딩 앞,202111,1183
노원구,4021. 중계본동 입구,202111,155
노원구,4023. 월계역 1번 출구,202111,672
노원구,4024. 꿈의숲 SK뷰 아파트,202111,1226
노원구,4025. 한천교 동편,202111,991
노원구,4026. 상계주공1단지아파트,202111,1056
노원구,4027. 이마트 월계점,202111,2266
노원구,4028. 한일유앤아이아파트 105동 인근,202111,987
노원구,4029. 청소년수련관 후문,202111,2345
노원구,4031. 청암예술학교 앞,202111,1138
노원구,4032. 은행사거리(불암주유소 앞),202111,911
노원구,4033. 녹천 자동차운전 전문학원 (녹천역 4번 출구),202111,548
노원구,4034. 상계근린공원 운동장 앞,202111,641
노원구,4035. 수락 행복발전소 앞,202111,404
노원구,4036. 하계역 6번출구,202111,1570
노원구,4037. 물넘이교,202111,1257
노원구,4039. 서울시 북부여성발전센터,202111,580
노원구,4040. 공릉로 26길,202111,739
노원구,4041. 공릉역3번출구,202111,1336
노원구,4042. 상계문화정보도서관,202111,600
노원구,4043. 상계주공13단지 1301동,202111,216
노원구,4044. 공릉산 백세문 입구,202111,71
도봉구,1702. 녹천역 1번출구 앞,202111,577
도봉구,1703. 도봉산광역환승센터앞,202111,318
도봉구,1705. 도봉구청 정문앞,202111,1280
도봉구,1706. 기업은행 앞,202111,667
도봉구,1707. 도봉구민회관,202111,1299
도봉구,1708. 보건소사거리(다비치안경창동점),202111,1469
도봉구,1709. 쌍문역4번출구 주변,202111,945
도봉구,1713. 쌍문동 이안아파트 앞,202111,277
도봉구,1714. 도봉문화정보도서관 삼거리,202111,226
도봉구,1715. 서울특별시교육청도봉도서관,202111,732
도봉구,1716. 하나로마트 창동점,202111,953
도봉구,1717. 시립창동운동장 입구,202111,293
도봉구,1719. 신도봉사거리 버스정류장,202111,565
도봉구,1720. 도봉구청 옆(중랑천변),202111,1316
도봉구,1721. 창동역 2번출구,202111,2886
도봉구,1722. 창동청소년수련관,202111,845
도봉구,1723. 방학동학마을도서관,202111,201
도봉구,1725. 창1동주민센터,202111,523
도봉구,1726. 삼익세라믹아파트교차로,202111,824
도봉구,1727. 서울도봉초등학교인근,202111,587
도봉구,1728. 서울북부지방법원,202111,236
도봉구,1729. 파리바게트앞,202111,881
도봉구,1730. 도봉산역 교차로 앞,202111,184
도봉구,1731. 도봉고등학교 맞은편,202111,265
도봉구,1732. 우리은행 앞,202111,441
도봉구,1733. 방학사거리 (봄마당 앞),202111,988
도봉구,1734. 쌍문현대1차아파트 108동 앞,202111,759
도봉구,"1735. 도봉역 1,2번 출구사이 건너편",202111,779
도봉구,1736. 버스정류장 앞,202111,518
도봉구,1737. 하나은행 (창동점),202111,1656
도봉구,1738. 창동주공17단지 상가앞,202111,1527
도봉구,1741. 제일강산수산입구,202111,1871
도봉구,1742. 북한산 코오롱 하늘채,202111,1532
도봉구,1743.창동19단지아파트 관리사무소앞,202111,1202
도봉구,1744.KT방학지사 앞,202111,944
도봉구,1746. 다이소방학점 앞,202111,778
도봉구,1748. 피자헛 앞(도봉병원 옆),202111,717
도봉구,1749. ESA아파트 상가 앞,202111,946
도봉구,1750. 창포원 남쪽 입구,202111,598
도봉구,1751. 창원초등학교 교차로,202111,635
도봉구,1752. 창동 주공 4단지 입구 옆,202111,773
도봉구,1754. 창동시장입구 사거리,202111,749
도봉구,1756.서울북부광역등기국,202111,267
도봉구,1757.솔밭공원역 1번출구 앞,202111,393
도봉구,1758.북서울교회 버스정류소 앞,202111,592
도봉구,1759.서울북부지방법원 앞,202111,502
도봉구,1761.방학중학교 앞,202111,362
도봉구,1762.북한산 한신휴플러스APT앞,202111,1364
도봉구,1765.쌍문역 1번 출구(양산부인과 빌딩),202111,1037
도봉구,1767.태양중앙교회 앞,202111,1360
도봉구,1768.신동아타워 버스정류소,202111,388
도봉구,1770.도봉한신아파트 주변,202111,625
도봉구,1771.성원APT버스정류소,202111,639
도봉구,1772.시립도봉노인복지관 버스정류소,202111,607
도봉구,1774.반석교회(쌍문동),202111,376
도봉구,1775.신원리베르텔 앞,202111,750
도봉구,4054. KT프라자도봉점 맞은편,202111,656
도봉구,4058. 다락원체육공원 전망대 입구,202111,473
도봉구,4062. 평화도봉공원 주변,202111,875
도봉구,4064. 신창아파트 입구 앞,202111,327
도봉구,4065. 창동역 1번출구 앞,202111,2062
도봉구,4073.방아골종합사회복지관,202111,382
도봉구,4074. 도봉구육아종합지원센터(창동),202111,679
도봉구,4075. 방학신동아아파트 11동 앞,202111,403
도봉구,4076. 진영상운 앞 중랑천 변,202111,1725
도봉구,4077. 도봉제1교,202111,989
도봉구,4078. 원당공원 앞,202111,839
동대문구,4102. 휘경1동주민센터 앞,202111,984
동대문구,4103. 휘경sk뷰아파트 앞,202111,547
동대문구,4104. 외대앞역 교차로,202111,1141
동대문구,4105. 하나은행 장안동지점앞,202111,981
동대문구,4107. 장안동근린공원 입구,202111,764
동대문구,4108. 답십리파크자이아파트 앞,202111,1135
동대문구,4110. 용두롯데캐슬리치아파트 앞,202111,731
동대문구,4112. 신이문빗물펌프장 옆,202111,209
동대문구,4113. 한국국방연구원 앞,202111,972
동대문구,4114. 휘경여중고삼거리,202111,1175
동대문구,4116. 이문e편한세상아파트 앞,202111,498
동대문구,4117. 휘경119안전센터 앞,202111,998
동대문구,4121. 서울문화재단 앞,202111,1521
동대문구,4122. 청계9가교차로 앞,202111,1672
동대문구,4123. 배봉초교 교차로,202111,864
동대문구,4125. 회기역 2-①번출구,202111,1186
동대문구,600. 휘경2동 주민센터,202111,340
동대문구,601. 용신동주민센터,202111,828
동대문구,602. 장안동 사거리,202111,3376
동대문구,604. 답십리초등학교 옆 공원,202111,818
동대문구,605. 신설동역8번출구,202111,1386
동대문구,606. 휘경공고앞,202111,573
동대문구,607. 신이문역 2번출구,202111,670
동대문구,608. 전농삼성아파트,202111,296
동대문구,609. 제기2교,202111,1704
동대문구,610. 동대문중 교차로,202111,968
동대문구,612. 시립동부병원 앞 사거리,202111,2259
동대문구,613. 신설동역 10번출구 앞,202111,2117
동대문구,614. 용두동 사거리,202111,2207
동대문구,615. 용두동 래미안허브리츠아파트 앞,202111,1453
동대문구,616. 서울시립대 앞,202111,188
동대문구,617. 청솔우성아파트 앞,202111,1155
동대문구,621. 동대문중학교 옆,202111,319
동대문구,622. 전농사거리 교통섬,202111,998
동대문구,623. 서울시립대 정문 앞,202111,1841
동대문구,624. 전농동 동아아파트 앞,202111,1421
동대문구,625. 답십리초등학교 앞(현대시장 옆),202111,1103
동대문구,626. 군자교 서측 녹지대,202111,1356
동대문구,627. 장안동삼거리 교통섬,202111,1263
동대문구,628. 휘봉고등학교 앞,202111,677
동대문구,630. 동대문구 보건소,202111,2162
동대문구,631. 답십리역 1번출구,202111,2763
동대문구,633. 청량리 기업은행 앞,202111,1061
동대문구,634. 외국어대 정문 앞,202111,2707
동대문구,635. 시조사 앞 (청량고정문 옆),202111,1512
동대문구,636. 세종대왕기념관 교차로,202111,516
동대문구,637. KAIST 경영대학 앞,202111,1067
동대문구,638. 서울시립대 정보기술관,202111,519
동대문구,639. 서울시립대 후문,202111,838
동대문구,640. KEB하나은행 청량리역지점,202111,742
동대문구,641. 용두역 4번출구,202111,2035
동대문구,642. 신답역 사거리,202111,1434
동대문구,643. 동대문구민체육센터 (육교아래),202111,1529
동대문구,646. 장한평역 1번출구 (국민은행앞),202111,4362
동대문구,647. 신이문역 1번출구,202111,705
동대문구,648. 장안동위더스빌옆,202111,2184
동대문구,650. 중랑교사거리,202111,1208
동대문구,652. 답십리 래미안엘파인아파트 입구,202111,501
동대문구,654. 전농동 텃골공원,202111,615
동대문구,656. 영휘원 교차로,202111,747
동대문구,657. 동대문롯데캐슬아파트 앞,202111,1340
동대문구,658. 촬영소 사거리,202111,1307
동대문구,659. 제기역1번출구,202111,2143
동대문구,660. 동의보감타워,202111,1644
동대문구,661. 경희대학교 청운관,202111,1056
동대문구,663. 외대앞역 4번출구,202111,1126
동대문구,664. 서울시립대 건설공학관,202111,539
동대문구,665.이문동 쌍용아파트 정문,202111,651
동대문구,666.이문대성유니드아파트 앞,202111,567
동대문구,667.청량차도 육교 밑,202111,669
동대문구,668.서울축산농협(장안지점),202111,2994
동대문구,669.청계한신휴플러스앞 삼거리,202111,880
동대문구,670.삼육서울병원 버스정류장,202111,2508
동대문구,671.대광빌딩,202111,630
동대문구,672.대광고등학교,202111,801
동대문구,673.안암골벽산아파트(후문),202111,1173
동대문구,674.고대앞사거리 교통섬,202111,1582
동대문구,675.성복교회 앞 (장평교 아래),202111,1095
동대문구,676.FITI시험연구원 앞,202111,633
동대문구,677.청량리역 4번 5번출구 사이,202111,2443
동대문구,678.장안힐스테이트(아) 앞,202111,1232
동대문구,679.전농SK아파트 앞,202111,299
동대문구,680.꿈마루어린이도서관 앞,202111,1961
동대문구,681.서울특별시 동부교육지원청(육교),202111,279
동작구,2002. 노들역 1번출구,202111,2466
동작구,2003. 사육신공원앞,202111,997
동작구,2007. 유한양행앞,202111,1269
동작구,2008. 노량진근린공원 대방공원,202111,463
동작구,2009. 보라매역 8번출구,202111,845
동작구,2012. 녹십초요양병원앞,202111,895
동작구,2013. 장승배기역 5번출구,202111,1556
동작구,2015. 신대방삼거리역 6번출구쪽,202111,1924
동작구,2016. 신대방삼거리역 3번출구쪽,202111,1135
동작구,2020. 장승배기역2번출구뒷편쪽,202111,637
동작구,2024. 상도역 1번출구,202111,460
동작구,2025. 흑석역 1번출구,202111,1506
동작구,2026. 흑석역 4번출구,202111,443
동작구,2027. 중앙대학교 정문 1,202111,385
동작구,2032. 이수역 11번출구쪽,202111,1298
동작구,2033. 사당동 아르테스 웨딩앞,202111,1046
동작구,2034. 사당역 7번출구쪽,202111,874
동작구,2036. 정금마을 마을버스정류장,202111,536
동작구,2037. 동작역 5번출구 동작주차공원,202111,508
동작구,2038. 동작역 7번출구,202111,243
동작구,2040. 비계 버스정류소,202111,159
동작구,2041. 사당중학교 버스정류소,202111,380
동작구,2048. 삼일초등학교 인근,202111,514
동작구,2050. 노량진역 5번출구,202111,2769
동작구,2054. 삼익아파트,202111,1184
동작구,2056. 동작구민 체육센터,202111,1004
동작구,2057. 상도 아이파크 아파트,202111,490
동작구,2058. 노량진동 맥도널드앞,202111,2107
동작구,2059. 보라매공원 정문,202111,1545
동작구,2060. 남성역3번출구 뒤,202111,1312
동작구,2061. 한강 현대아파트 건너편,202111,209
동작구,2062. 사당새마을금고,202111,483
동작구,2063. 대방역 4번출구,202111,31
동작구,2064. 흑석한강푸르지오 106동앞,202111,210
동작구,2065. 서울시여성가족재단,202111,500
동작구,2066. 양문교회 앞,202111,740
동작구,2067. LG전자 베스트? 대리점 앞,202111,1281
동작구,2068. 총신대 앞(육교),202111,134
동작구,2069. 숭실대 입구역3번 출구 앞,202111,591
동작구,2070. 노량진역 2번 출구 앞,202111,1307
동작구,2071. 대림아파트 후문 상가 옆,202111,575
동작구,2076.노들나루공원 입구,202111,592
동작구,2077.노들역 3번출구,202111,790
동작구,2078.흑석 아크로리버하임(103동),202111,274
동작구,2079.중앙대학교 중앙광장,202111,131
동작구,2080.빕스 대방점 앞,202111,1986
동작구,2082.7호선 이수역7번출구,202111,738
동작구,2083.흑석롯데캐슬에듀포레(107동),202111,330
동작구,2084.e편한세상 상도노빌리티 앞,202111,712
동작구,2085.강남중학교 앞,202111,948
동작구,2086.삼일수영장 앞,202111,806
동작구,2088.상도중앙하이츠빌 입구,202111,468
동작구,2089.사당역10번출구(금강빌딩),202111,858
동작구,2090.기아자동차 사당점 앞,202111,822
동작구,2091.이수역9번출구(맥도날드),202111,1018
동작구,2092.흑석한강푸르지오(110동),202111,236
동작구,2093.상도SH빌아파트 입구,202111,233
동작구,2094.숭실대학교(중문),202111,256
동작구,2095.경문고등학교 앞,202111,710
동작구,2096.서울특별시 동작관악교육지원청,202111,118
동작구,237. 보라매 두산위브 건너편,202111,1460
동작구,4152. 상도효성해링턴플레이스,202111,461
동작구,4153. 흑석동효사정앞,202111,193
동작구,4158. 노량진근린공원,202111,124
동작구,4162. 노량진1동 청소년독서실,202111,291
동작구,4167. 구로교 아래,202111,506
동작구,4169. 신대방삼거리,202111,1191
동작구,4171. 우성아파트 앞,202111,769
동작구,4173. 이화약국 앞,202111,580
동작구,4175. 스페이스 살림 앞,202111,939
마포구,102. 망원역 1번출구 앞,202111,3047
마포구,103. 망원역 2번출구 앞,202111,2272
마포구,104. 합정역 1번출구 앞,202111,1455
마포구,105. 합정역 5번출구 앞,202111,1014
마포구,106. 합정역 7번출구 앞,202111,2683
마포구,107. 신한은행 서교동금융센터점 앞,202111,1847
마포구,108. 서교동 사거리,202111,1770
마포구,109. 제일빌딩 앞,202111,1308
마포구,111. 상수역 2번출구 앞,202111,1333
마포구,112. 극동방송국 앞,202111,1150
마포구,113. 홍대입구역 2번출구 앞,202111,4662
마포구,114. 홍대입구역 8번출구 앞,202111,2737
마포구,118. 광흥창역 2번출구 앞,202111,1054
마포구,119. 서강나루 공원,202111,1278
마포구,120. 신수동 사거리,202111,459
마포구,121. 마포소방서 앞,202111,1009
마포구,122. 신성기사식당 앞,202111,971
마포구,124. 서강대 정문 건너편,202111,1563
마포구,125. 서강대 남문 옆,202111,699
마포구,126. 서강대 후문 옆,202111,1784
마포구,127. 현대벤처빌 앞,202111,530
마포구,129. 신촌역(2호선) 6번출구 옆,202111,568
마포구,130. 신촌역(2호선) 7번출구 앞,202111,2091
마포구,142. 아현역 4번출구 앞,202111,542
마포구,143. 공덕역 2번출구,202111,1289
마포구,144. 공덕역 8번출구,202111,2618
마포구,145. 공덕역 5번출구,202111,1094
마포구,146. 마포역 2번출구 뒤,202111,2385
마포구,147. 마포역 4번출구 뒤,202111,2387
마포구,148. 용강동 주민센터 앞,202111,1374
마포구,150. 서강대역 2번출구 앞,202111,839
마포구,153. 성산2교 사거리,202111,1790
마포구,154. 마포구청역,202111,2158
마포구,155. 가좌역1 번출구 앞,202111,735
마포구,156. 서울서부지방법원 앞,202111,811
마포구,157. 애오개역 4번출구 앞,202111,1541
마포구,181. 망원초록길 입구,202111,1098
마포구,182. 망원2빗물펌프장 앞,202111,946
마포구,183. 하늘채코오롱아파트 건너편,202111,2361
마포구,184. SK망원동주유소 건너편,202111,2502
마포구,185. 마포 신수공원 앞,202111,987
마포구,186. 월드컵공원,202111,2059
마포구,199. 서울 월드컵 경기장,202111,786
마포구,3002.벽산상암스마트큐브,202111,2347
마포구,3003.래미안신공덕3차아파트,202111,103
마포구,3005.마포구청 청사내,202111,422
마포구,3006. 상암월드컵파크5단지(상암중학교),202111,406
마포구,3007.MBC 앞,202111,1436
마포구,3008.DMC역7번출구,202111,1112
마포구,3009.서교동사거리(신),202111,1669
마포구,3010.홍대입구역 3번출구,202111,3669
마포구,3011.경의선(노고산동),202111,1405
마포구,400. 상암한화오벨리스크 1차 앞,202111,1126
마포구,401. 상암월드컵파크 10단지 앞,202111,964
마포구,402. 상암월드컵파크 9단지 앞,202111,769
마포구,403. 부엉이공원 앞,202111,886
마포구,405. DMC빌 앞,202111,611
마포구,406. 상암월드컵파크 7단지 앞,202111,692
마포구,407. 마포구 육아종합지원센터,202111,854
마포구,408. LG CNS앞,202111,897
마포구,409. 누리꿈스퀘어 옆,202111,2563
마포구,410. 상암중학교 옆,202111,242
마포구,411. DMC홍보관,202111,1387
마포구,412. DMC산학협력연구센터 앞,202111,1339
마포구,413. 상암월드컵파크 3단지 후문,202111,568
마포구,414. 상암동주민센터 옆,202111,1506
마포구,415. DMC역 9번출구 앞,202111,3103
마포구,416. 상암월드컵파크 1단지 교차로,202111,916
마포구,417. DMC역 2번출구 옆,202111,1879
마포구,418. 월드컵경기장역 3번출구 옆,202111,2177
마포구,419. 홈플러스 앞,202111,2039
마포구,420. 서울시 공공자전거 상암센터,202111,760
마포구,4202. 프런트원(공덕역4번출구 앞),202111,658
마포구,4206. 광흥창역5번출구,202111,732
마포구,4207. 아만티호텔 앞,202111,566
마포구,4208. 스타벅스(동교동) 앞,202111,1054
마포구,421. 마포구청 앞,202111,1872
마포구,4210. 가좌행복주택 앞,202111,1343
마포구,4211. 시석빌딩 앞,202111,807
마포구,4212. 한화오벨리스크 앞,202111,691
마포구,4213. 마포구중앙도서관 정문 앞,202111,1664
마포구,4214. JTBC 앞,202111,966
마포구,4216. 망원정 앞,202111,552
마포구,4217. 한강공원 망원나들목,202111,6271
마포구,422. 문화비축기지,202111,356
마포구,424. 롯데하이마트 (상암월드컵점),202111,427
마포구,425. DMC첨단산업센터,202111,791
마포구,426. 서울신용보증재단,202111,1476
마포구,427. 성산시영아파트,202111,1033
마포구,432. 마포중앙도서관,202111,290
마포구,436. 이대역 5번출구,202111,361
마포구,437. 대흥역 1번출구,202111,1058
마포구,438. 성산2-1 공영주차장,202111,1441
마포구,439. 마포어린이공원,202111,1792
마포구,440. 하늘공원 입구,202111,793
마포구,487.신석초교앞 교차로 교통섬,202111,1598
마포구,488.푸르메병원,202111,1040
마포구,489.구룡근린공원,202111,213
마포구,490.가온문화공원,202111,1561
마포구,491.월드컵파크 4단지,202111,313
마포구,492.성산시영아파트 후문,202111,1265
마포구,493.홍대입구역 6번출구,202111,1769
마포구,494.신수동주민센터,202111,340
마포구,495.염리초등학교 앞,202111,930
마포구,497.합정동주민센터 앞,202111,2188
마포구,498.연남동주민센터 앞,202111,2733
서대문구,115. 마스타 빌딩 앞,202111,927
서대문구,116. 일진아이윌아파트 옆,202111,1816
서대문구,117. 홍은사거리,202111,2634
서대문구,123. 문화촌 공원,202111,1817
서대문구,128. 신촌역(2호선) 1번출구 옆,202111,1759
서대문구,131. 증산2교,202111,2128
서대문구,133. 해담는다리,202111,1699
서대문구,134. 연세로 명물길,202111,920
서대문구,135. 명물길 원형무대 앞,202111,743
서대문구,137. NH농협 신촌지점 앞,202111,703
서대문구,138. 신촌동 제1공영주차장 앞,202111,931
서대문구,139. 연세대 정문 건너편,202111,510
서대문구,140. 이화여대 후문,202111,763
서대문구,141. 연대 대운동장 옆,202111,781
서대문구,158. 독립문 어린이 공원,202111,301
서대문구,159. 이대역 4번 출구,202111,853
서대문구,160. 북아현동 가구거리,202111,580
서대문구,161. 무악재역1번 출구,202111,354
서대문구,162. 봉원고가차도 밑,202111,1081
서대문구,163. 명지전문대학교 정문 앞,202111,417
서대문구,164. 북가좌1동 주민센터,202111,429
서대문구,165. 중앙근린공원,202111,1211
서대문구,166. 가재울 초등학교,202111,1254
서대문구,167. 연가초등학교 옆,202111,724
서대문구,169. 북가좌 삼거리,202111,389
서대문구,170. 가재울 뉴타운 주유소 옆,202111,937
서대문구,171. 임광빌딩 앞,202111,625
서대문구,173. 서대문역 8번출구 앞,202111,833
서대문구,175. 홍연2교옆,202111,2045
서대문구,176. 명지대학교 도서관,202111,1488
서대문구,177. 북가좌 초등학교,202111,662
서대문구,178. 증산3교 앞,202111,1216
서대문구,179. 가좌역 4번출구 앞,202111,1550
서대문구,180. 충정로역 7번출구 아래,202111,978
서대문구,188. 홍은동 정원여중 입구,202111,735
서대문구,191. 서우빌딩(바른학원),202111,1101
서대문구,192. 연서어린이공원,202111,500
서대문구,194. 증산교 앞,202111,1622
서대문구,195. 모래내고가차도,202111,788
서대문구,196. 연희교차로 인근,202111,530
서대문구,198. 충정2교,202111,726
서대문구,3100. 북성초교,202111,344
서대문구,3101. 서대문구청,202111,926
서대문구,3102. 연희삼거리,202111,1058
서대문구,3103. 홍제삼거리 북측,202111,1049
서대문구,3104. e편한세상 신촌4단지 앞,202111,850
서대문구,3105. 홍은센트레빌 아파트 앞,202111,392
서대문구,3107. 연희초등학교 앞,202111,548
서대문구,3109.북한산더? 106동 앞,202111,277
서대문구,3110.홍은 현대아이파크 아파트 202동 앞,202111,773
서대문구,3111.무악재역 4번 출구,202111,197
서대문구,3113.독립문역사거리,202111,657
서대문구,3114.충정로역 3번 출구,202111,388
서대문구,3115.북아현 치안센터 인근,202111,827
서대문구,3116.신촌역 4번출구,202111,940
서대문구,3117.이화여대 인문관 인근,202111,289
서대문구,3119.연희 브라운스톤 아파트 앞,202111,1597
서대문구,3120.DMC엘가아파트 앞,202111,1024
서대문구,3121.가좌삼거리,202111,1156
서대문구,3122.북가좌삼거리2,202111,642
서대문구,3123.DMC파크뷰자이1단지 110동 앞,202111,669
서대문구,3124.DMC센트럴아이파크아파트,202111,1408
서대문구,3125.연희파크푸르지오아파트 앞,202111,1345
서대문구,3126.남가좌동 제2공영주차장,202111,314
서대문구,3127.홍은2파출소 옆,202111,469
서대문구,3128.동신병원 맞은편,202111,1103
서대문구,3129.DMC래미안e편한세상203동옆,202111,690
서대문구,3130.가재울사거리,202111,547
서대문구,3131.연가교 교차로,202111,841
서대문구,3132.홍제교,202111,455
서대문구,3134.SK리쳄블(상수도사업본부),202111,440
서대문구,4253. 홍은도담도서관,202111,661
서대문구,4255. 래미안 루센티아 아파트 108동 앞,202111,830
서초구,2201. 본마을 정류소 앞,202111,72
서초구,2202.청계산입구역 1번출구,202111,974
서초구,2203. 청계산입구역 2번출구,202111,283
서초구,2205. 내곡3단지 어린이공원 앞,202111,464
서초구,2206. 언남초등학교 앞,202111,706
서초구,2207. 내곡파출소 뒤 정자,202111,145
서초구,2210. 반포1동 주민센터 앞,202111,392
서초구,2211. 서초구립반포도서관 앞,202111,1384
서초구,2212.서초현대4차아파트 201동 맞은편,202111,567
서초구,2213. 고속터미널역 5번출구 앞,202111,867
서초구,2214. 신반포역 2번출구 앞,202111,452
서초구,2215. 반포종합운동장 입구,202111,525
서초구,2217.아크로리버뷰 부지 앞,202111,1374
서초구,"2219. 고속터미널역 8-1번, 8-2번 출구 사이",202111,3302
서초구,2220. 반포본동 주민센터 앞,202111,1483
서초구,2221.하나은행 방배동지점 앞,202111,994
서초구,2222.사당역 12번출구 뒤,202111,1556
서초구,2223. 방배래미안 정문 앞,202111,410
서초구,2225.백석예술대학교 제3캠퍼스 앞,202111,199
서초구,2226. 신동아럭스빌아파트 앞,202111,249
서초구,2227.방배열린문화센터 앞,202111,564
서초구,2229.로고스교회 맞은 편,202111,644
서초구,2230.이수역 4번 출구,202111,1387
서초구,2231. 삼성타운(삼성생명) A동 맞은편,202111,1488
서초구,2233. 서초신동아1차아파트 옆,202111,601
서초구,2235.KT 서초지사 앞,202111,365
서초구,2237.서울남부터미널 대합실 입구,202111,813
서초구,2239.교대역 6번출구,202111,748
서초구,2241.양재전화국 사거리,202111,376
서초구,2242.양재역 11번 출구 앞,202111,926
서초구,2243.서울가정법원,202111,584
서초구,2244.교육개발원입구 교차로,202111,1167
서초구,2245.양재초등학교 맞은편,202111,666
서초구,2246. 서울시 품질시험소 앞,202111,396
서초구,2247.섬들근린공원,202111,1047
서초구,2248. 서초리슈빌S 글로벌 앞,202111,128
서초구,2249. 우솔초등학교 맞은편,202111,174
서초구,2250. 서초유치원 맞은편,202111,543
서초구,2251. 더케이호텔 입구(양재2),202111,822
서초구,2252. 하이브랜드 앞,202111,1607
서초구,2255.시민의숲역 1번출구 옆,202111,1900
서초구,2257. 하나로클럽 양재점 맞은편,202111,152
서초구,2258.구룡사 삼거리,202111,312
서초구,2259. 잠원역 3번-4번 출구사이,202111,795
서초구,2262. 한신16차아파트 119동 앞,202111,2420
서초구,2263. 바우뫼문화복지회관,202111,696
서초구,2264. 이수역 1번출구,202111,1838
서초구,2265. 이수고가차도 남단,202111,1372
서초구,2266. 서초역 3번출구,202111,876
서초구,2268. 서초4동주민센터,202111,690
서초구,2269. 주홍교 하부,202111,345
서초구,2270. 서초포레스타 7단지,202111,281
서초구,2271. 내방역 8번출구 앞,202111,788
서초구,2272. 교대입구 교차로,202111,379
서초구,2273. 일동제약 사거리,202111,771
서초구,2274. 양재시민의숲역 3번출구,202111,945
서초구,2275. 염곡치안센터 건너편,202111,67
서초구,2276. 영동1교 (양재천근린공원),202111,835
서초구,2279. 교대역 5번출구뒤,202111,1494
서초구,2280. 서울서초고용센터앞,202111,430
서초구,2281. 연세사랑병원신관앞,202111,356
서초구,2282. 방배래미안아트힐 101동앞,202111,299
서초구,2283. 그룹한빌딩옆,202111,382
서초구,2284. CJ오쇼핑앞,202111,276
서초구,2285. LH서초3단지 301동 맞은편,202111,312
서초구,2286. 탑성마을입구,202111,31
서초구,2287. 능안마을입구,202111,21
서초구,2288. 안골마을입구,202111,30
서초구,2289. 남태령역 2번출구,202111,127
서초구,2293. SPC 앞,202111,639
서초구,2294. 두상빌딩 앞,202111,1057
서초구,2297. 남부터미널역 1번출구,202111,628
서초구,2298. 래미안서초스위트앞,202111,490
서초구,2299. 한전아트센터 앞,202111,613
서초구,2501. 서초 포레스타5단지,202111,486
서초구,2502. 서초역1번출구 앞,202111,503
서초구,2503. 반포1동 서초빌딩 앞,202111,878
서초구,2504. 신사역 4번출구 뒤,202111,1144
서초구,2505. 우성아파트사거리 (기업은행앞),202111,1290
서초구,2506. LG유플러스 (방배사옥),202111,102
서초구,2508. 양재이스타빌 앞,202111,1077
서초구,2509. 심산기념문화센터,202111,370
서초구,2510. JW타워,202111,258
서초구,2511. 이수역 6번출구 앞,202111,824
서초구,2514.사평역 2번출구,202111,591
서초구,2515.서초초등학교 후문,202111,858
서초구,2516.본마을 노인복지센터 앞,202111,208
서초구,2517.서초3교(효령로69길 방면),202111,200
서초구,2518.서초3교(효령로70길 방면),202111,497
서초구,2519.서초2교(사임당로 방면),202111,148
서초구,2520.서초1교 (진흥아파트 방면),202111,432
서초구,2521.서초 크로바타워 앞,202111,652
서초구,2523.뉴코아 킴스클럽 앞,202111,816
서초구,2524.반포쇼핑타운 8동 앞,202111,811
서초구,2525.반포쇼핑타운 2동 앞,202111,1680
서초구,2526.반포경남쇼핑 앞,202111,251
서초구,2527.반포중학교 앞(세화여고 맞은편),202111,264
서초구,2528.함지박 사거리,202111,683
서초구,2529.우리은행 방배동지점 앞,202111,671
서초구,2530.삼호3차아파트 앞,202111,964
서초구,2531.멤피스아파트 앞,202111,933
서초구,2532.국립국악원 앞,202111,175
서초구,2533.한가람미술관 앞,202111,210
서초구,2534.신흥교(애견훈련소),202111,27
서초구,2535.신반포역 3번출구 뒤,202111,351
서초구,2536.서초종합체육관 입구,202111,27
서초구,2537.양재역 8번출구 앞,202111,706
서초구,2538.사평리 공원,202111,634
서초구,2539.대한무역투자진흥공사 KOTRA 앞,202111,361
서초구,2540.반포천 앞,202111,1189
서초구,2541.옛골 입구,202111,93
서초구,2542.신논현타워 앞,202111,846
서초구,2545.국립중앙도서관(국제회의장옆),202111,434
서초구,2547.포드서초서비스센터앞,202111,343
서초구,2548.반포1동 자율방범초소 옆,202111,256
서초구,2549.LH 서초 4단지 403동,202111,473
서초구,2550.양재동 꽃시장 건너편,202111,524
서초구,4303. 매헌역 2번출구앞광역버스 정류장앞(22-297),202111,699
서초구,4304. 서울고앞,202111,361
서초구,4305. 서일스포츠센터,202111,134
서초구,4306. 서래공원 앞,202111,664
서초구,4307. 고투몰 gate 15옆,202111,651
서초구,4309. 서초케이타운앞,202111,155
서초구,4310. 염곡동(염통골) 입구,202111,126
서초구,4312. 반포미도2차아파트 옆,202111,388
서초구,4313. 반포종합운동장,202111,412
서초구,4314. 탑성마을 버스정거장 옆,202111,29
서초구,4315. 이투스교육 앞,202111,227
서초구,4316. 고속터미널역 3번출구,202111,619
서초구,4317. 양재근린공원,202111,896
서초구,4318. 방배역 2번 출구,202111,659
서초구,4319. 삼성전자R&D어린이집 뒤,202111,170
서초구,4320. 신영체르니 아파트,202111,377
서초구,4322.서울추모공원 입구,202111,17
서초구,4323. 내곡도서관,202111,87
서초구,4324. 세화고등학교,202111,176
서초구,4329. SC제일은행 양재동지점 앞,202111,14
성동구,3511. 응봉역 1번출구,202111,2895
성동구,3513. 상왕십리역 1번출구,202111,1558
성동구,3514. 왕십리교회옆,202111,2762
성동구,3515. 서울숲 관리사무소,202111,2294
성동구,3525. 금호스포츠센터앞,202111,645
성동구,3527. 왕십리 자이아파트,202111,31
성동구,3530. 왕십리자이아파트 후문(삼거리),202111,277
성동구,3531. 논골사거리(금호도서관 입구),202111,172
성동구,3532. 왕십리KCC스위첸아파트,202111,153
성동구,3538. 서울숲 IT캐슬,202111,51
성동구,3544.한양대역 3번 출구,202111,1157
성동구,3545.한양대역 1번출구,202111,661
성동구,3547.상왕십리역 6번 출입구,202111,552
성동구,3548.뚝섬역 6번출구,202111,1491
성동구,3549.건영아파트 앞,202111,1575
성동구,3550.금호나들목,202111,894
성동구,3551.성동도로사업소,202111,461
성동구,3552.서울숲 공영주차장앞,202111,989
성동구,3553.마장역3번출구,202111,439
성동구,3555.양지사거리(센트라스APT 115동앞),202111,277
성동구,3556.신금호파크자이APT앞,202111,258
성동구,3557.서울숲리버뷰자이APT105동 앞,202111,482
성동구,3558.마장동 금호어울림APT앞,202111,514
성동구,3559.성동구민종합체육센터 앞,202111,1962
성동구,3560.성동구 견인차량 보관소 앞,202111,1040
성동구,3561.행당동 삼부APT후문,202111,150
성동구,3600.사근빗물펌프장 건너편,202111,1995
성동구,4353. 코오롱디지털타워 3차앞,202111,1794
성동구,4360. 르노삼성자동차 성수사업소 앞,202111,410
성동구,4362. 행당중학교 후문,202111,493
성동구,4363. 신금호역 2번출구 앞,202111,61
성동구,4367. kt 행당빌딩 앞,202111,710
성동구,4370. 서울숲IT캐슬 앞,202111,1008
성동구,506. 금호 어울림 아파트 앞,202111,612
성동구,507. 성수아이에스비즈타워 앞,202111,1480
성동구,508. 성수아카데미타워 앞,202111,1882
성동구,509. 이마트 버스정류소 옆,202111,3427
성동구,510. 서울숲 남문 버스정류소 옆,202111,878
성동구,511. 서울숲역 4번 출구 옆,202111,1316
성동구,512. 뚝섬역 1번 출구 옆,202111,2103
성동구,513. 뚝섬역 5번 출구 정류소 옆,202111,1184
성동구,514. 성수사거리 버스정류장 앞,202111,2195
성동구,518. 청계천 박물관 앞,202111,539
성동구,519. 양지사거리,202111,864
성동구,520. 상왕십리역 4번 출구 앞,202111,729
성동구,521. 왕십리역 11번 출구 앞,202111,1554
성동구,522. 금호역 1번출구 앞,202111,273
성동구,523. 옥수동성당 옆,202111,129
성동구,524. 래미안금호하이리버 아파트 102동 옆,202111,380
성동구,525. 한양대병원사거리,202111,1159
성동구,526. 용답토속공원 앞,202111,323
성동구,529. 장한평역 8번 출구 앞,202111,1632
성동구,530. 청계벽산아파트 앞,202111,1214
성동구,533. 우리은행 금호동 지점 앞,202111,302
성동구,534. 금호사거리,202111,341
성동구,535. 응봉삼거리,202111,558
성동구,536. 행당역 2번출구 앞,202111,721
성동구,537. 한양대후문역 부근,202111,1298
성동구,538. 답십리역 8번출구 앞,202111,900
성동구,550. 서울시설공단 앞,202111,981
성동구,556. 달맞이공원,202111,98
성동구,557. 도선동 주민센터 앞,202111,1219
성동구,558. 성동광진 교육지원청 앞,202111,1411
성동구,559. 왕십리역 4번 출구 건너편,202111,2115
성동구,560. 비전교회 앞,202111,1740
성동구,561. 서울숲역 2번출구 앞,202111,1751
성동구,562. 군자지하보도 앞,202111,808
성동구,563. 성동세무서 건너편,202111,2196
성동구,564. 금호역 3번출구,202111,105
성동구,565. 옥수역 3번출구,202111,3690
성동구,567. 성수역 2번출구 앞,202111,3530
성동구,568. 청계8가사거리 부근,202111,2317
성동구,569. 응봉현대아파트 정류소,202111,237
성동구,578. 성동세무서 부근,202111,1271
성동구,579. 마장역 4번출구,202111,992
성동구,581. 용답초등학교,202111,1067
성동구,582. 경일중학교 앞,202111,1704
성동구,583. 청계천 생태교실 앞,202111,4004
성동구,585. 성수2가1동 공영주차장 인근,202111,3114
성동구,586. 마장동 주민센터,202111,584
성동구,587. 유니베라 앞,202111,1989
성동구,589. 성수역3번출구,202111,4235
성동구,594. 중랑물재생센터(서울새활용플라자),202111,739
성동구,9979. 테스트 대여소,202111,2
성동구,9980. 에이텍,202111,10
성북구,1302. 한성대입구역6번출구 뒤,202111,638
성북구,1303. 돈암초교 입구,202111,711
성북구,1304. 만해공원,202111,336
성북구,1305. 성북구청,202111,1043
성북구,1306. 한성대입구역2번출구,202111,1709
성북구,1308. 안암로터리 버스정류장 앞,202111,4632
성북구,1314. 정릉꿈에그린1단지 201동 앞,202111,305
성북구,1315. 고려사대부속중고 정문,202111,323
성북구,1316. 고려사대부속중고 건너편,202111,420
성북구,1318. 길음역 3번출구 뒤,202111,1196
성북구,1319. 종암사거리 분수대,202111,1407
성북구,1320. LG베스트샵 종암점,202111,1800
성북구,1321. 국민은행 종암동지점 앞,202111,1978
성북구,1322. 래미안라센트아파트 103동 앞,202111,1295
성북구,1323. 월곡역 입구 육교 밑,202111,406
성북구,1325. 상월곡역 4번출구,202111,579
성북구,1326. 상월곡역 1번출구,202111,831
성북구,1327. 상월곡역 3번출구,202111,1283
성북구,1328. 월곡역 3번출구,202111,2371
성북구,1332. 석계역 5번출구 건너편,202111,1518
성북구,1333. 석관초등학교 앞,202111,1132
성북구,1334. 석관동주민센터 앞,202111,978
성북구,1336. 성북3교 위,202111,1363
성북구,1337. 돈암성당 옆,202111,1749
성북구,1338. 용문2교 옆,202111,1143
성북구,1339. 삼성전자서비스 성북센터,202111,918
성북구,1340. 광운초등학교 앞,202111,537
성북구,1342. 성북쉼터 앞,202111,215
성북구,1343. 한성대7번출구 앞,202111,665
성북구,1344. 아리랑시네센터 앞,202111,741
성북구,1346. 길음8골어린이공원 옆,202111,779
성북구,1347. 길음래미안아파트817동 상가 앞,202111,392
성북구,1348. 성북제일새마을금고 본점 앞,202111,583
성북구,1349. 월계2교 버스정류장 앞,202111,719
성북구,1351. 안암2교 옆,202111,2234
성북구,1352. e 편한세상 보문아파트 내,202111,139
성북구,1353. 금호어울림센터힐 내,202111,360
성북구,1354. 고려대학교 2번출구,202111,1496
성북구,1355. 보문2교,202111,2279
성북구,1357. 북한산보국문역,202111,500
성북구,1358. 정릉도서관 앞,202111,651
성북구,1359. 장위뉴타운 꿈에 숲 코오롱 하늘채 앞,202111,1226
성북구,1360. 정릉역,202111,639
성북구,1361. 홍익중고 입구,202111,716
성북구,1362. 보문역6번출구 앞,202111,1401
성북구,1363. 보문4교 인근,202111,2189
성북구,1364. 성북동 치안센터 앞,202111,813
성북구,1365. 선잠단지 앞,202111,402
성북구,1367. 길음문화복합미디어센터,202111,402
성북구,1368. 성신여대입구 교차로,202111,929
성북구,1369. 미아사거리,202111,1445
성북구,1370. 복자사랑 피정의 집,202111,347
성북구,1372. KEB은행 고대점,202111,1170
성북구,1373. 성북구보건소 건너편,202111,775
성북구,1375. 생명의 전화 종합복지관 앞 교차로,202111,1105
성북구,1377. 한국과학기술연구원 북문,202111,243
성북구,1379.길음뉴타운푸르지오아파트 3단지,202111,250
성북구,1380.월곡역 5번출구 앞,202111,1556
성북구,1381.석계역 4번출구 뒤,202111,1455
성북구,1382.래미안월곡아파트 입구,202111,987
성북구,1384.성신여대입구역 5번출구,202111,1659
성북구,1385.성신여대입구역 3번출구 앞,202111,1286
성북구,1386.동선고가차도 초입,202111,458
성북구,1388.커핀그루나루,202111,765
성북구,1390.석관래미안아트리치,202111,1439
성북구,1391.성북청소년센터,202111,485
성북구,1392.돈암삼성풍림아파트,202111,152
성북구,1393.돈암육교 하단,202111,309
성북구,1394.길음뉴타운 래미안9단지,202111,722
성북구,1395.래미안장위포레카운티(102동),202111,698
성북구,1396.래미안장위퍼스트하이(513동),202111,1098
성북구,4406. 장곡초등학교 앞,202111,854
성북구,4408. 돌곶이역 앞,202111,1379
성북구,4411. 동산어린이공원 앞,202111,536
성북구,4414. 안암역 3번 출구,202111,365
송파구,1201. 가락시장역 3번 출구,202111,2137
송파구,1203. 밀리아나2빌딩 앞,202111,1888
송파구,1204. 거여역 3번출구,202111,1333
송파구,1205. 종합운동장역 4번출구,202111,1386
송파구,1206. 9호선종합운동장역 9번출구,202111,997
송파구,1207. 마천CU우방점 앞,202111,796
송파구,1208. 풍납현대아파트쉼터,202111,1545
송파구,1209. 잠실나루역 (2번 출구 쪽),202111,2637
송파구,1210. 롯데월드타워(잠실역2번출구 쪽),202111,7699
송파구,1211. 방이삼거리,202111,3960
송파구,1212. 송파역 2번 출구앞,202111,1427
송파구,1213. 백토공원 앞,202111,423
송파구,1214. 오금역 7번 출구 인근,202111,936
송파구,1215. 올림픽공원역 1번출구 앞,202111,1573
송파구,1217. 송파파인타운 7단지,202111,665
송파구,1218. 방이역 4번출구,202111,2290
송파구,1220. 잠실본동주민센터뒤 잠실근린공원,202111,1905
송파구,1221. 삼전사거리 포스코더샵,202111,1673
송파구,1222. 잠실새내역 5번 출구 뒤,202111,2825
송파구,1224. 아시아지하보도 2번 출구,202111,1295
송파구,1226. 잠실4동 주민센터 옆,202111,1413
송파구,1227. 거여역 8번출구 뒤,202111,1332
송파구,1228. 마천사거리,202111,840
송파구,1229. 송파체육문화회관 앞,202111,910
송파구,1230. 송파중학교 정문,202111,630
송파구,1231. 잠실역 6번출구,202111,1790
송파구,1232. 롯데마트 주차장 옆,202111,1945
송파구,1233. 잠실3거리(갤러리아팰리스),202111,873
송파구,1235. 잠실트리지움310동 옆,202111,1645
송파구,1239. 문정 법조단지3,202111,706
송파구,1240. 문정 법조단지4,202111,534
송파구,1241. 문정 법조단지5,202111,240
송파구,1242. 문정 법조단지6,202111,127
송파구,1243. 문정 법조단지7,202111,2499
송파구,1244. 문정 법조단지8,202111,2158
송파구,1245. 문정 법조단지9,202111,1338
송파구,1246. 문정 법조단지10,202111,1835
송파구,1247. 문정 법조단지11,202111,929
송파구,1248. 방이초등학교,202111,2130
송파구,1249. 아주중학교건너편,202111,1125
송파구,1250.문정2동 주민센터,202111,268
송파구,1251. 석촌역 2번출구,202111,2502
송파구,1253. 오금역 3번 출구 뒤,202111,815
송파구,1256. 문정현대아파트 교차로,202111,732
송파구,1257. 가락시장역 롯데마트앞,202111,788
송파구,1258. 가락미륭아파트 앞,202111,452
송파구,1259. 방이역 1번출구,202111,1604
송파구,1260. 방이동 한양3차아파트 옆,202111,1244
송파구,1262. 송파여성문화회관 앞,202111,1770
송파구,1263. 장지공영차고지,202111,322
송파구,1264. 천호역 10번 출구 앞,202111,2904
송파구,1265. 문정동 근린공원,202111,1063
송파구,1266. 문정동 글샘 공원,202111,564
송파구,1267. 올림픽공원 남2문 앞,202111,1155
송파구,1268. 몽촌토성역 1번출구 옆,202111,2775
송파구,1269. 리센츠아파트,202111,1256
송파구,1271. 송파도서관,202111,809
송파구,1274. 영파여고 앞,202111,1304
송파구,1275. 거여초등학교 옆,202111,501
송파구,1277. 오금동 송파 참병원,202111,1141
송파구,1278. 송파구청 교차로,202111,1903
송파구,1279. 마천금호어울림 1차아파트 건너편,202111,341
송파구,1280. 송파파크데일 2단지입구 앞 주차장,202111,602
송파구,1282. 송파소방서 맞은편(성내4교),202111,1614
송파구,1283. 오금공원 사거리,202111,263
송파구,1285. 위례별 유치원 뒤,202111,458
송파구,1286. 위례중앙푸르지오 1단지 앞,202111,1019
송파구,1287. 위례아이파크 101동 맞은편,202111,450
송파구,1288. 문정중교 사거리,202111,915
송파구,1289. 풍납동 자전거보관소,202111,355
송파구,1290. 위례송파꿈에그린아파트24단지 앞 성벽 다리 밑,202111,323
송파구,1291. 서울체육고등학교 앞,202111,410
송파구,1293. 석촌호교차로 (스타벅스 앞),202111,2769
송파구,1295. 잠실역 8번출구,202111,3468
송파구,1296. 석촌호수교차로 (송파나루근린공원 앞),202111,564
송파구,1297. 석촌호수교차로(동호 팔각정 앞),202111,1707
송파구,1299. 송파소방서 (방이119안전센터),202111,572
송파구,1300. 오륜사거리,202111,650
송파구,2601. 석촌호수 아뜰리에,202111,1839
송파구,2603. 송파 글마루 도서관,202111,640
송파구,2604. 삼표레미콘 앞,202111,1048
송파구,2605. 복정역 1번 출구 앞,202111,701
송파구,2606. 위례동주민센터 맞은편 근린공원,202111,1605
송파구,2607. 복정역 2번출구 후문 (장지치안센터),202111,483
송파구,2608. 송파구청,202111,4396
송파구,2609. 보성중고등학교 후문 앞,202111,140
송파구,2610. 송리단길,202111,2770
송파구,2611. 송파지역자활센터 뒤,202111,2060
송파구,2612. 문정·가락 대여소 앞,202111,80
송파구,2613. 잠실나들목,202111,2008
송파구,2614. 가락고등학교 앞,202111,365
송파구,2615. 테라타워2,202111,1818
송파구,2616. 거여동 사거리,202111,434
송파구,2617. 가락삼환아파트 앞,202111,656
송파구,2618. 삼전역 1번출구,202111,1555
송파구,2619. 석촌고분역 4번출구,202111,1759
송파구,2620. 송파나루역 4번 출구옆,202111,4047
송파구,2621. 한성백제역 2번 출구,202111,2475
송파구,2622. 올림픽공원역 3번출구,202111,5129
송파구,2623.석촌동 주민센터,202111,2490
송파구,2625.가락1동 주민센터,202111,509
송파구,"2626.경찰병원역 1,2번 출구 사이",202111,748
송파구,2627.문정시영아파트 5동 앞 공원,202111,757
송파구,2628.문정역 1번출구,202111,1761
송파구,2630.서울방이동 고분군,202111,1647
송파구,2631.배명고등학교,202111,972
송파구,2632.석촌고분역 2번 출구,202111,2336
송파구,2633.송파학사 옆,202111,1043
송파구,2634.위례포레샤인아파트 2318동,202111,466
송파구,2635.잠실새내역 1번출구,202111,1788
송파구,2637.잠실월드 메르디앙,202111,1977
송파구,2638.쌍용아파트,202111,1765
송파구,2639.석촌역 8번출구,202111,2924
송파구,2641.송파역 4번출구,202111,2612
송파구,2642.마천동 성내천 쉼터,202111,908
송파구,2643.풍납중학교 측면,202111,388
송파구,2644.성내5교 (GS주유소),202111,1080
송파구,2645.잠실나들목2(엘스아파트136동),202111,358
송파구,2646.레이크펠리스101동앞,202111,2376
송파구,2647.잠실 자전거 수리센터 앞,202111,2417
송파구,2648.헬리오시티 112동 앞,202111,1223
송파구,2649.오금공원사거리2,202111,360
송파구,2650.위례22단지 2208동 다리앞,202111,365
송파구,2651.경찰병원역 3번출구 앞,202111,1005
송파구,2652.송파 레미니스1단지 102동 앞,202111,929
송파구,2653.올림픽공원사거리(선수촌아파트),202111,1349
송파구,2654.올림픽선수촌아파트 136동 앞,202111,607
송파구,2655.송이공원,202111,525
송파구,2656.풍납동 아이파크 107동 앞,202111,962
송파구,2657.송파 파인타운 11단지,202111,543
송파구,2658.가락몰 업무동,202111,1203
송파구,2659.서울친환경유통센터,202111,161
송파구,4452. 삼성SDS,202111,2384
송파구,4453. 위례중앙푸르지오 201동 앞,202111,1397
송파구,4454. 위례 포레샤인 1809동 부근,202111,704
송파구,4456. 위례포레샤인 2310동 부근,202111,723
송파구,4457. 아산병원 기숙사 부근,202111,2162
송파구,4458. 서울힐링요양병원 앞,202111,578
송파구,4460. 올림픽훼미리아파트 112동 앞,202111,1365
송파구,4461. 한양3차아파트 3동 앞,202111,337
송파구,4462. 가락중학교 앞,202111,585
송파구,4463. 방이역 2번 출구,202111,631
송파구,4464. 올림픽공원 북2문,202111,1051
송파구,4465. 건영아파트앞 사거리,202111,1415
송파구,4467. 한림연예예술고등학교,202111,635
송파구,4468. 가락1동 주민센터 2,202111,918
송파구,4469. 거여동 어울림아파트 102동앞,202111,615
송파구,4472. 송파파크데일 1단지 115동 건너편,202111,426
송파구,4473. 마천금호어울림 1차 102동앞,202111,269
송파구,4474. 가락현대 1차 11동 앞,202111,292
송파구,4475. 송파파인타운 4단지 403동,202111,379
송파구,4478. 문정근린공원2,202111,756
송파구,4479. 문정중학교,202111,176
송파구,4480. 가락시장역 롯데마트2,202111,721
송파구,4481. 올림픽공원 북2문 2,202111,1709
송파구,4483. 잠실나들목4,202111,1253
송파구,4484. 잠실나루역4번출구뒤,202111,1355
송파구,4485. 잠실나루역 고가하부,202111,449
송파구,4486. 홈플러스 잠실점,202111,1449
송파구,4488. 문현중.고등학교 사이,202111,187
송파구,4490. 송파파인타운 10단지 1005동,202111,256
송파구,4491. 장지역 1번출구,202111,1199
송파구,4493. 마천사거리 2,202111,575
송파구,4496. 잠실 파크리오 120동 앞,202111,1099
송파구,4497. 아시아선수촌아파트 교차로,202111,640
송파구,4499. 세양청마루 101동 앞,202111,711
송파구,4500. 풍납나들목,202111,898
송파구,4852. 서울복합물류 게이트 1,202111,1233
송파구,4853. 송파 안전체험교육관,202111,109
송파구,4854. 가락시장역 2번 출구,202111,918
송파구,4855. 거여5단지 503동 앞,202111,663
송파구,4856. 올림픽공원 서1문 앞,202111,649
송파구,4857. 올림픽공원 장미광장,202111,457
송파구,4859. 잠실나루 나들목,202111,1133
송파구,4860. 가락쌍용2차아파트 103동,202111,679
송파구,4861. 거여삼거리,202111,394
송파구,4862. 올림픽파크텔 맞은편,202111,293
송파구,4863. 잠실나들목5,202111,320
송파구,4864. 송파사거리,202111,2177
송파구,4865. 한성백제역 1번출구 뒤,202111,2725
송파구,4867. 가락대림아파트 앞,202111,863
송파구,4868. 레이크 호텔 앞,202111,2165
송파구,4869. 잠실나들목6,202111,508
송파구,4870. 몽촌토성역 3번 출구,202111,3427
송파구,4871. 오금동 대림아파트 정문,202111,496
송파구,4872. 개롱역 3번 출구 뒤,202111,1038
송파구,4873. 개롱역사거리 2번 출구,202111,666
송파구,4874. 탄천1교 하부보도,202111,296
송파구,4875. 위례포레샤인13단지,202111,519
송파구,4876. 삼전동주민센터 앞,202111,1240
송파구,4879. 마천청소년센터,202111,91
송파구,4880. 송파청소년센터,202111,610
송파구,4881. 거여동사거리 송파둘레길 입구,202111,195
송파구,4882. 위례포레샤인18단지 1802동,202111,290
송파구,4883. 위례포레샤인18단지 1812동,202111,131
송파구,4888. 둔촌오륜역 2번출구,202111,1
송파구,4889. 마천역 1번 출구 인근②,202111,225
양천구,4507. 삼성전자서비스 신정센터,202111,803
양천구,4508. 유원목동아파트 앞,202111,1486
양천구,4509. 서울영상고교 입구,202111,2559
양천구,4510. 신정네거리역 교차로,202111,1032
양천구,4512. 목동13_14단지 사거리,202111,680
양천구,4514. 목동성당 앞,202111,1621
양천구,4515. 동문굿모닝탑,202111,2721
양천구,4516. 신진빌라,202111,385
양천구,4517. 성보하이드로빌딩,202111,831
양천구,4518. 청기와빌딩,202111,732
양천구,4519. 양원보도육교,202111,88
양천구,4520. 대성유니드아파트,202111,726
양천구,4522. 다이소신곡시장점,202111,1107
양천구,4523. 구립양천어르신요양센터,202111,94
양천구,4526. 목동아파트2단지 222동 앞,202111,891
양천구,4527. 목동신시가지아파트6단지,202111,1416
양천구,4528. 양천구청역 1번출구,202111,755
양천구,4530. 버거킹 신월점 앞,202111,529
양천구,4531. 목동아파트 613동 앞,202111,2338
양천구,4532. 목동현대아파트 후문 앞,202111,1023
양천구,4533. 농협화곡점 앞,202111,21
양천구,4534. 월정초교 앞 사거리,202111,306
양천구,4535. 목동12단지 아파트,202111,11
양천구,4536. 양천해누리체육공원,202111,5
양천구,700. KB국민은행 염창역 지점 앞,202111,1306
양천구,701. 목동사거리 부근,202111,1417
양천구,702. 목4동주민센터 옆,202111,1707
양천구,703. 오목교역 7번출구 앞,202111,4089
양천구,704. 남부법원검찰청 교차로,202111,2631
양천구,706. 신정네거리역,202111,863
양천구,707. 신정3동주민센터,202111,653
양천구,708. 서울출입국관리사무소 앞,202111,3454
양천구,709. 신정3동 현장민원실 앞,202111,1016
양천구,710. 금옥여고보도육교,202111,364
양천구,711. 신일해피트리아파트 앞,202111,1080
양천구,712. 강월초교입구 사거리,202111,661
양천구,713. 양서중학교 옆,202111,619
양천구,714. 한국SGI 양천문화회관 앞,202111,647
양천구,716.신정6동 주민센터 인근,202111,1340
양천구,719. 홍익병원앞 교차로,202111,1804
양천구,720. 서울강월초등학교 앞,202111,705
양천구,722. LG전자베스트샵 신정점,202111,1328
양천구,723. SBS방송국,202111,2103
양천구,724. 계남공원 입구 주출입구 좌측,202111,357
양천구,725. 양강중학교앞 교차로,202111,873
양천구,726. 목동3단지 시내버스정류장,202111,2546
양천구,729. 서부식자재마트 건너편,202111,2260
양천구,731. 서울시 도로환경관리센터,202111,1765
양천구,732. 신월동 이마트,202111,888
양천구,733. 신정이펜하우스314동,202111,568
양천구,734. 신트리공원 입구,202111,2081
양천구,735. 영도초등학교,202111,2329
양천구,736. 오솔길공원,202111,1132
양천구,737. 장수공원,202111,936
양천구,739. 신월사거리,202111,1186
양천구,740. 으뜸공원,202111,1111
양천구,741. 화곡로 입구 교차로,202111,304
양천구,742. 등촌역 5번 출구 뒤,202111,1165
양천구,743. 현대6차아파트 101동 옆,202111,711
양천구,744. 신목동역 2번 출구,202111,2334
양천구,745. 강서초등학교,202111,659
양천구,746. 목동2단지 상가,202111,2898
양천구,747. 목동3단지 상가,202111,1367
양천구,748. 목동운동장,202111,600
양천구,749. 이대 목동병원 앞,202111,1012
양천구,750. 연의근린공원 건너편,202111,756
양천구,752. 성원2차 아파트,202111,1037
양천구,754. 목동1단지아파트 118동 앞,202111,1399
양천구,755. 목동1단지아파트 상가 앞,202111,2236
양천구,756. 목동주차장,202111,1413
양천구,757. 신정이펜하우스 1단지아파트 입구 사거리,202111,514
양천구,758. 한사랑교회 앞,202111,1140
양천구,759. 보아스아파트 앞,202111,795
양천구,760. 잣절보도육교 아래,202111,489
양천구,762. 오목로 무중력지대 앞,202111,744
양천구,763. 목동11단지 아파트,202111,1349
양천구,764. 목동청소년수련관,202111,2453
양천구,765. 오목교역 3번출구,202111,4601
양천구,766. 신목동역 3번출구,202111,1514
양천구,767.신정숲속마을아파트,202111,377
양천구,768.목동5단지아파트 501동,202111,1580
양천구,769.CBS방송국 앞,202111,3921
양천구,770.목동역5번출구 교통정보센터 앞,202111,5926
양천구,771.목동아파트 703동 앞,202111,2018
양천구,"773.염창역 3, 4번 출구 사이",202111,1320
양천구,774.등촌역 4번 출구,202111,1058
양천구,775.세종그랑시아 앞(102동),202111,1025
양천구,776.목마공원,202111,398
양천구,777.신월6차보람아파트 앞,202111,861
양천구,779. 신정1동 주민센터 앞,202111,2235
양천구,780.신정교 하부,202111,2157
양천구,781.신정보도육교 아래,202111,2469
양천구,782.서남병원 후문,202111,782
양천구,"785.양천구청, 보건소 사잇길",202111,4442
양천구,786.목동아파트 8단지 상가동 앞,202111,1796
양천구,787.양천아파트 입구,202111,2459
양천구,788.양천구청역 2번출구 옆,202111,2160
양천구,790.화곡고가 사거리,202111,760
양천구,791.현대하이페리온,202111,2265
양천구,792.목동트라팰리스 웨스턴에비뉴,202111,3891
양천구,793.목동5단지아파트 534동,202111,1854
양천구,794.양천문화회관,202111,1858
양천구,795.양천 해누리타운,202111,1874
양천구,796.목동아파트 14단지 B상가 앞,202111,1516
양천구,797.목동아파트 1422동 1434동 사잇길,202111,2485
영등포구,200. 국회의원회관,202111,183
영등포구,201. 진미파라곤 앞,202111,1438
영등포구,202. 국민일보 앞,202111,3537
영등포구,203. 국회의사당역 3번출구 옆,202111,1855
영등포구,204. 국회의사당역 5번출구 옆,202111,1244
영등포구,205. 산업은행 앞,202111,1695
영등포구,206. KBS 앞,202111,2198
영등포구,207. 여의나루역 1번출구 앞,202111,7465
영등포구,209. 유진투자증권빌딩 앞,202111,1618
영등포구,210. IFC몰,202111,5119
영등포구,211. 여의도역 4번출구 옆,202111,3095
영등포구,212. 여의도역 1번출구 옆,202111,1543
영등포구,213. KT앞,202111,1814
영등포구,214. 금융감독원 앞,202111,1479
영등포구,215. 여의도고교 앞,202111,1107
영등포구,217. NH농협은행 앞,202111,2169
영등포구,219. 롯데캐슬엠파이어 옆,202111,1350
영등포구,220. 미성아파트 A동 앞,202111,1265
영등포구,221. 여의도초교 앞,202111,1352
영등포구,222. 시범아파트버스정류장 옆,202111,2329
영등포구,223. 진주아파트상가 앞,202111,989
영등포구,224. 롯데캐슬 앞,202111,1942
영등포구,225. 앙카라공원 앞,202111,1532
영등포구,226. 샛강역 1번출구 앞,202111,1684
영등포구,227. 양평2나들목 보행통로 입구,202111,1688
영등포구,228. 선유도역 3번출구 앞,202111,2962
영등포구,229. 양평1 보행육교 앞,202111,1870
영등포구,230. 영등포구청역 1번출구,202111,5630
영등포구,231. 남부고용노동지청 남측,202111,1472
영등포구,232. 양평우림 이비즈센타 앞,202111,2059
영등포구,233. YP 센터 앞,202111,512
영등포구,234. 영등포구민체육센터 앞,202111,914
영등포구,235. 신길동 우리은행 옆,202111,921
영등포구,236. 문래동자이아파트 앞,202111,2182
영등포구,238. 제2구민체육센타 앞,202111,1081
영등포구,239. 유스호스텔 앞,202111,993
영등포구,240. 문래역 4번출구 앞,202111,2958
영등포구,241. 신길우성1차아파트 앞 공원,202111,787
영등포구,242. 신길선원가와인아파트 앞,202111,994
영등포구,243. 이앤씨드림타워 앞,202111,2332
영등포구,244. 영등포삼환아파트 앞,202111,1677
영등포구,245. 삼성생명 당산사옥 앞,202111,2640
영등포구,247. 당산역 10번출구 앞,202111,5960
영등포구,248. 초원아파트 앞,202111,963
영등포구,249. 여의도중학교 옆,202111,1322
영등포구,250. 대림아파트 사거리,202111,729
영등포구,251. 서울지방병무청 버스정류장,202111,785
영등포구,252. 보라매역4번출구,202111,1496
영등포구,253. 신풍역 5번출구 인근,202111,868
영등포구,254. 도림신협 앞,202111,1199
영등포구,255. 도림사거리,202111,1391
영등포구,256. 동아에코빌입구,202111,1103
영등포구,258. 신길역3번출구,202111,1545
영등포구,259. 대방역6번출구,202111,3062
영등포구,260. 여의도 마리나선착장 앞,202111,668
영등포구,262. 영문초등학교 사거리,202111,3828
영등포구,263. 근로자회관 사거리,202111,2869
영등포구,264. 교보생명보험 앞,202111,1292
영등포구,265. 영등포유통상가 사거리,202111,1385
영등포구,266. 영등포청과시장 사거리,202111,1178
영등포구,267. 삼성화재 사옥 옆,202111,1582
영등포구,268. 그랜드컨벤션센터 앞,202111,2148
영등포구,270. 증권거래소후문교차로,202111,997
영등포구,271. 샛강생태공원방문자센터 앞,202111,464
영등포구,272. 당산육갑문,202111,3811
영등포구,274. 영등포역지하쇼핑센타 5번출구,202111,4495
영등포구,275. 신동아아파트,202111,2438
영등포구,276. SK 영등포주유소,202111,2370
영등포구,278. 쌍용플레티넘오피스텔,202111,2052
영등포구,279. 영등포 푸르지오 아파트,202111,1732
영등포구,280. 양평동6차현대아파트 앞,202111,2270
영등포구,281. 신동아아파트 앞,202111,1037
영등포구,282. 신한은행,202111,527
영등포구,283. 아크로타워 스퀘어(영등포시장),202111,2947
영등포구,284. 센트럴 푸르지오 시티 앞,202111,2083
영등포구,285. 대림3동사거리(하나은행),202111,643
영등포구,286. 우성아파트 교차로,202111,1113
영등포구,287. 영등포전화국사거리 (서강어린이공원),202111,2225
영등포구,288. 쌍용예가(구청별관),202111,1132
영등포구,289. 대림3동사거리,202111,971
영등포구,290. 당산동 SK V1 빌딩,202111,1764
영등포구,291. 문래동 하이테크 시티,202111,2359
영등포구,292. 영일 어린이공원,202111,1268
영등포구,293. 충북 미래관,202111,2679
영등포구,295.영등포공원 분수대 앞,202111,340
영등포구,296.KT플라자 영등포점,202111,2068
영등포구,297.국회3문,202111,196
영등포구,298.KBS 연구동 건너편,202111,577
영등포구,299.여의도 순복음교회,202111,423
영등포구,3201.당산skv1센터,202111,1245
영등포구,3202.당산롯데캐슬프레스티지,202111,2362
영등포구,3203.도림동배드민턴체육관,202111,575
영등포구,3204.도림고가도로 밑,202111,774
영등포구,3205.문래현대2차,202111,742
영등포구,3206.문래동 주민센터,202111,1057
영등포구,3207.양남사거리1,202111,571
영등포구,3211.신길 래미안 프레비뉴,202111,511
영등포구,3212.신풍역 6번출구,202111,1124
영등포구,3214.영등포 푸르지오,202111,1616
영등포구,3215.강변삼성래미안,202111,1092
영등포구,3219.영등포역 2번출구,202111,2831
영등포구,3220.래미안에스티움 앞 (신풍로),202111,1205
영등포구,3221.서울특별시 남부교육지원청,202111,569
영등포구,4552. 코레일유통본사,202111,760
영등포구,4553. 당산삼성2차아파트,202111,1666
영등포구,4555. 대림우성2차아파트,202111,438
영등포구,4556. 리버뷰신안인스빌1차 후문,202111,1078
영등포구,4557. 리버뷰신안인스빌2차 후문,202111,1169
영등포구,4558. 대영중고 후문,202111,820
영등포구,4559. 신길역 2번출구,202111,1772
영등포구,4560. 양평동성원아파트,202111,771
영등포구,4561. 양평역 1번출구,202111,3101
영등포구,4563. 여의도 은하아파트,202111,633
영등포구,4564. 63스퀘어,202111,1639
영등포구,4565. 영등포 신세계백화점,202111,3683
영등포구,4566. 대림성원상떼빌아파트,202111,1337
영등포구,4567. 한림대학교 강남성심병원 신관,202111,832
영등포구,4568. 영등포로터리,202111,1409
영등포구,4569. 힐스테이트클래시안아파트,202111,775
영등포구,4571. 문래동롯데캐슬아파트,202111,3090
영등포구,4573. 두산위브아파트,202111,445
영등포구,4574. 영등포시장역 포레나영등포,202111,2152
영등포구,4575. 대림동 e편한세상영등포아델포레,202111,1668
영등포구,4576.보라매sk뷰 108동 앞,202111,765
영등포구,4578.보라매sk뷰,202111,606
영등포구,4579. 국회의사당 본관,202111,418
영등포구,4580. 국회3문,202111,287
영등포구,4581. 국회소통관,202111,403
영등포구,4582. 국회도서관,202111,163
영등포구,4583. 의정관,202111,286
영등포구,4584. 국회2문,202111,235
영등포구,4585. 국회6문,202111,216
영등포구,4588.양남사거리2,202111,844
영등포구,4589. KRX한국거래소(1),202111,400
영등포구,4590. KRX한국거래소(2),202111,701
영등포구,4591. 신길자이아파트,202111,367
영등포구,4592. 신길우성4차아파트,202111,1669
영등포구,4594. 양평교 영등포대여소,202111,960
영등포구,4598. 오목교 동측 지하보도,202111,674
영등포구,4599. 대림우성아파트 사거리,202111,374
용산구,4602. 숙명여대앞 버스정류소 주변,202111,344
용산구,4603. 한강GS에클라트 건너편 교통섬,202111,568
용산구,4604. 원효로다목적체육관 앞,202111,296
용산구,"4605. 노들섬 다목적홀(동쪽) 숲, 앞",202111,401
용산구,4607. 국립중앙박물관 -용산가족공원 앞,202111,385
용산구,4608. 국립중앙박물관 정문 앞,202111,217
용산구,4609. 파크타워 104동 앞,202111,215
용산구,4610. 한남나인원 105동 앞,202111,762
용산구,4611. 국제루터교회 앞,202111,204
용산구,4612. 한남 준 J.FSS 앞,202111,175
용산구,4613. 서울갤러리아 앞,202111,233
용산구,4615. 크라운호텔앞 버스정류소,202111,604
용산구,4616. 신용산지하차도 앞,202111,544
용산구,4617. 동원베네스트 건너편,202111,130
용산구,4618. 풍전아파트 건너편,202111,496
용산구,4619. 한강트럼프월드3차 앞,202111,1037
용산구,4620. 삼각지역 14번 출구 앞(교통섬),202111,777
용산구,4622. 한강중학교 앞 버스정류장,202111,357
용산구,4623. 라인프랜즈이태원점 앞,202111,658
용산구,4625. 용산공원갤러리앞,202111,321
용산구,4627. 효창공원앞역 5번출구 옆,202111,406
용산구,4629. 한강초교보도육교 앞,202111,915
용산구,4632. 용산 푸르지오 파크타운 1단지 앞,202111,251
용산구,4633. 센트럴파크타워 앞,202111,1003
용산구,800. 목월공원 앞,202111,854
용산구,802. 한강진역 2번 출구 앞,202111,523
용산구,803. 한남초교 앞 보도육교,202111,163
용산구,805. 문배어린이공원 앞,202111,853
용산구,806. 전자랜드 본관 앞,202111,745
용산구,807. 서울역 12번 출구 앞,202111,863
용산구,808. 서빙고동 금호맨션 앞,202111,514
용산구,809. 한남 유수지 복개주차장,202111,749
용산구,810. 이태원지하보도,202111,644
용산구,811. 녹사평역1번출구,202111,751
용산구,812. 용산전쟁기념관,202111,201
용산구,813. 삼각지역 3번출구,202111,807
용산구,815. LIG강촌아파트 103동앞,202111,1078
용산구,816. 신용산역 6번출구 앞,202111,1597
용산구,817. 삼각지역 4번출구 앞,202111,1049
용산구,818. 숙명여대 입구 교차로,202111,1422
용산구,819. 선린인터넷 고등학교,202111,1050
용산구,820. 청파동입구 교차로,202111,936
용산구,822. 이촌1동 마을공원,202111,281
용산구,823. 효창동주민센터 앞,202111,265
용산구,825. 서빙고동 주민센터 앞,202111,1807
용산구,827. 국군복지단,202111,166
용산구,828. 숙대입구역 8번,202111,869
용산구,829. 베르가모앞,202111,1249
용산구,830. 청암자이아파트앞,202111,328
용산구,831. 이태원관광특구입구,202111,423
용산구,832. 이촌1동 주민센터 뒤,202111,833
용산구,834. 효창공원앞역 3번출구 뒤,202111,1263
용산구,835. 남영역 건너편,202111,970
용산구,836. 현대자동차서비스 앞,202111,588
용산구,837. 한남나들목 입구,202111,1667
용산구,838. 숙대입구역 4번출구,202111,1336
용산구,839. 보광동 삼성리버빌아파트 앞,202111,807
용산구,840. 용산 파크타워 앞,202111,623
용산구,841. 신용산역 1번 출구,202111,1650
용산구,843. 녹사평역 광장,202111,783
용산구,844. 이촌2동 동원베네스트 아파트 앞,202111,801
용산구,845. 용산 선인상가,202111,720
용산구,846. 용산중학교,202111,1073
용산구,847. 국방부민원실옆,202111,391
용산구,848. 삼각지12번 출구,202111,497
용산구,849. 삼각지 자이아파트,202111,1311
용산구,850. KCC용산월츠타워,202111,627
용산구,851.효창 푸르지오 앞,202111,438
용산구,852.청암자이APT(103동),202111,582
용산구,853.용산역 맞은편,202111,3245
용산구,854.HID 유족동지회 앞,202111,179
용산구,855.이촌역5번출구 앞,202111,141
용산구,857. 현대 안성타워,202111,401
용산구,858.녹사평역3번 출구,202111,444
용산구,859.남산공원 야외식물원 앞,202111,102
용산구,860.LG한강 자이아파트 앞,202111,1202
용산구,863.이촌역2번 출구,202111,333
용산구,864.순천향대학병원(한남오거리),202111,108
용산구,865.하얏트호텔 앞,202111,137
용산구,866.브라운스톤 남산아파트,202111,565
용산구,867.서빙고역 광장(1번출구),202111,368
용산구,869.노들섬 동측 앞,202111,302
용산구,870.노들섬 서측 앞,202111,1777
은평구,4652. 신사두산위브2차아파트 앞,202111,1123
은평구,4653. LG 베스트샵 앞,202111,663
은평구,4654. OK부동산 앞,202111,476
은평구,4657. 다이소앞,202111,1172
은평구,4658. 녹번역1번출구앞,202111,440
은평구,4659. 커피데이응암동지점,202111,869
은평구,4663. 삼성디지털은평불광점앞,202111,561
은평구,4665. 김영혜손뜨개 앞,202111,492
은평구,4667. 폭포동입구 교차로,202111,355
은평구,4668. 기자촌사거리,202111,266
은평구,4671. 청구성심병원 앞,202111,637
은평구,4672. 준빌딩 앞,202111,317
은평구,4674. 녹번역e편한세상 캐슬 정문 앞,202111,969
은평구,4676. 갈현1동 주민센터,202111,486
은평구,4677. 백련산 SK뷰 아이파크 해모로 아파트 앞,202111,748
은평구,4678. 백련산로 녹번센트레빌,202111,355
은평구,900. 은평예술회관,202111,668
은평구,901. 응암1동사무소,202111,558
은평구,902. 진관동 은빛초등학교,202111,408
은평구,903. 은평뉴타운 아이파크,202111,729
은평구,904. 은평뉴타운 푸르지오,202111,753
은평구,905. 구파발역 2번출구,202111,1489
은평구,906. 연신내역 5번출구,202111,2535
은평구,907. CJ 드림시티,202111,3416
은평구,908. 구산역 4번출구,202111,1178
은평구,909. 백련산 힐스테이트 3차,202111,627
은평구,911. 은평평화공원(역촌역4번출구),202111,1943
은평구,912. 응암오거리,202111,1938
은평구,913. 이마트 은평점,202111,2272
은평구,914. 새절역 2번출구,202111,2078
은평구,915. 증산역 4번출구,202111,1399
은평구,916. 평생학습관 앞,202111,1259
은평구,917. 녹번역 4번출구,202111,1177
은평구,919. 서울혁신파크,202111,776
은평구,921. 신도고등학교,202111,320
은평구,922. 연신내역 4번출구,202111,525
은평구,923. 국민은행 연서지점,202111,627
은평구,924. 메뚜기다리,202111,157
은평구,925. 불광역 2번출구,202111,554
은평구,927. 연신내역 3번출구 인근,202111,601
은평구,928. 은평역사한옥박물관,202111,304
은평구,930. 구 서부경찰서 건너편,202111,866
은평구,931. 역촌파출소,202111,2647
은평구,932. 예일여중,202111,1042
은평구,933. LG서비스 역촌점,202111,1704
은평구,934. 신사동 성당,202111,358
은평구,937. 상림마을 롯데캐슬2단지 옆,202111,71
은평구,938. 금암 문화공원,202111,95
은평구,939. 은평구청 교차로,202111,595
은평구,941. 은평뉴타운 도서관,202111,495
은평구,942. 상림마을 생태공원,202111,270
은평구,943. 은평구청 보건소,202111,1891
은평구,945. 기자촌 사거리,202111,217
은평구,946. 독바위역,202111,610
은평구,947. 연신내 선일하이츠빌 정류소,202111,401
은평구,948. 디지털미디어 시티역 4번출구(DMC역),202111,911
은평구,949. 연신내역 1번 출구,202111,1127
은평구,950. 구산역 2번 출구,202111,1610
은평구,952. 서울연신중학교,202111,407
은평구,953. 서울연신초등학교,202111,425
은평구,954. 은평뉴타운구파발9단지,202111,612
은평구,956. 응암시장교차로,202111,1829
은평구,958. 신한은행 응암동 지점 앞,202111,1037
은평구,959. 구파발10단지 인근,202111,304
은평구,960. 구파발역 환승센터,202111,751
은평구,961. 불광역 9번 출구,202111,1368
은평구,962. 은평뉴타운 힐데스하임,202111,1044
은평구,963. 대호프라자아파트,202111,745
은평구,964. 북한산힐스테이트 7차아파트,202111,466
은평구,965. 서울특별시 은평병원,202111,701
은평구,966. 서울혁신파크1,202111,279
은평구,967. 서울혁신파크2,202111,391
은평구,968. 은평뉴타운 상림마을 13단지,202111,178
은평구,969. 은평 지웰테라스,202111,206
은평구,971. 역촌 센트레빌 아파트,202111,553
은평구,972. 수색역,202111,970
은평구,973.제각말푸르지오 5-1단지 아파트,202111,321
은평구,974.연신초등학교옆 마을마당,202111,166
은평구,975.백련산 힐스테이트상가앞,202111,528
은평구,976.진관고등학교앞,202111,580
은평구,977.신도중학교앞,202111,264
은평구,978.녹번 힐스테이트상가앞,202111,487
은평구,979.원풍빌라앞,202111,531
은평구,982.유니클로 은평점앞,202111,767
은평구,984.상신초등학교앞 버스정류장,202111,1046
은평구,985.은평온누리약국앞,202111,785
은평구,989.응암 꼬꼬닭치킨호프 앞,202111,1188
은평구,991.흥국사 정류장,202111,131
은평구,992.북한산입구 정류장,202111,274
은평구,993.은평뉴타운 은뜨락아파트앞,202111,618
은평구,994.북한산생태공원입구(교통섬),202111,332
은평구,995.은평다목적체육관,202111,317
은평구,996.응암역2번출구 국민은행 앞,202111,2275
종로구,301. 경복궁역 7번출구 앞,202111,1409
종로구,302. 경복궁역 4번출구 뒤,202111,2506
종로구,303. 광화문역 1번출구 앞,202111,2314
종로구,305. 종로구청 옆,202111,1845
종로구,307. 서울역사박물관 앞,202111,1025
종로구,308. 광화문 S타워 앞,202111,2031
종로구,309. 광화문역 6번출구 옆,202111,1358
종로구,314. 국립현대미술관,202111,1240
종로구,316. 종각역 1번출구 앞,202111,2011
종로구,326. 안국역 5번출구 앞,202111,1636
종로구,327. 낙원상가 옆,202111,1445
종로구,328. 탑골공원 앞,202111,959
종로구,329. 청계2가 사거리 옆,202111,1287
종로구,334. 종로3가역 2번출구 뒤,202111,1389
종로구,335. 종로3가역 15번출구 앞,202111,1010
종로구,337. 창경궁 입구,202111,865
종로구,338. 세운스퀘어 앞,202111,1007
종로구,339. 종로4가 사거리,202111,1294
종로구,340. 혜화동 로터리,202111,1533
종로구,3401.창신두산아파트,202111,171
종로구,3402.이화공영주차장,202111,509
종로구,3403.서울특별시 교육청,202111,169
종로구,3404.서울특별시 중부교육지원청,202111,153
종로구,3405.파크팰리스,202111,920
종로구,3406.세종로공원,202111,1011
종로구,3407.안국동사거리(신),202111,1703
종로구,3408.종로타워빌딩,202111,1196
종로구,341. 혜화역 3번출구 뒤,202111,1249
종로구,3410.종로3가역 8번출구,202111,2461
종로구,3411.종묘,202111,904
종로구,3412.세운상가,202111,784
종로구,3413.종로플레이스,202111,1771
종로구,3414.종로5가역 4번출구,202111,943
종로구,3415.동대문역6번출구,202111,1099
종로구,3416.동묘앞역 6번출구,202111,1712
종로구,3417.창신3동주민센터,202111,956
종로구,3418.창신역2번 출구,202111,136
종로구,3419.국립어린이과학관,202111,669
종로구,342. 대학로 마로니에공원,202111,2583
종로구,3420.성균관대입구사거리(맥도날드),202111,1714
종로구,3421.혜화역 1번출구,202111,1949
종로구,3422.성균관대 정문,202111,598
종로구,3423.현대그룹(본사),202111,926
종로구,3425.광화문 풍림스페이스본 1단지앞,202111,730
종로구,3426.독립문역 2번출구 뒤,202111,381
종로구,3427.인왕산 아이파크 정문,202111,329
종로구,3428.서울미술관,202111,276
종로구,3429.AW컨벤션앞,202111,178
종로구,343. 예일빌딩(율곡로) 앞,202111,632
종로구,3430.구기치안센터 앞,202111,140
종로구,3431.로제우스 레포츠센터,202111,305
종로구,3432.종로2가 사거리,202111,1608
종로구,344. 성균관대 E하우스 앞,202111,1085
종로구,345. 서울보증보험본사 앞,202111,1415
종로구,348. 독립문역 사거리,202111,1201
종로구,349. 사직동주민센터,202111,839
종로구,351. 청운초교 앞 삼거리,202111,737
종로구,352. 중앙고입구 삼거리,202111,510
종로구,353. 재동초교 앞 삼거리,202111,968
종로구,354. 포르투갈 대사관 앞,202111,1094
종로구,355. 서울사대부속초교 앞,202111,1260
종로구,356. KT혜화지사 앞,202111,1071
종로구,358. 성대입구 사거리,202111,1140
종로구,359. 원남동사거리,202111,1074
종로구,361. 동묘앞역 1번출구 뒤,202111,3030
종로구,362. 청계8가 사거리,202111,1950
종로구,363. 신설동역 11번출구 뒤,202111,1784
종로구,364. 창신역 1번출구 앞,202111,564
종로구,367. 독립문역 3-1번출구,202111,1086
종로구,368. SK 서린빌딩 앞,202111,1243
종로구,369. 광화문 시민열린마당,202111,1409
종로구,385. 종각역 5번출구,202111,1719
종로구,388. 동성중학교 앞,202111,552
종로구,393. 동대문역 8번 출구,202111,2468
종로구,394. 경희궁 자이 3단지,202111,1203
종로구,395. 경희궁 자이 2단지,202111,1052
종로구,397. 종묘공영주차장 건너편,202111,429
종로구,446. 상명대입구,202111,584
종로구,447. 신영동삼거리,202111,121
종로구,449. 일성아파트,202111,326
종로구,450. 효자동 삼거리,202111,695
종로구,451. 청와대앞길,202111,297
종로구,452. 동대문 종합시장 버스정류장,202111,586
종로구,453. 종로오가 지하쇼핑센터 14번출구,202111,1180
종로구,454. 종로2가 버스정류장 (종각방향),202111,1368
종로구,455. 삼익한의원,202111,1027
종로구,456. 숭인2동 주민센터 입구 (이강3대냉면),202111,1157
종로구,457. 종로꽃시장 입구 옆,202111,961
종로구,458. 광화문역 5번출구,202111,2929
종로구,461. 서울지방경찰청,202111,1197
종로구,462. 신영동삼거리(북악터널방향),202111,101
종로구,464. 삼청동 골목,202111,953
종로구,465. 삼청공원 앞,202111,228
종로구,"4702. 평창동 꽃여울(꽃집),스타벅스 앞",202111,107
종로구,4703. 쌍용아파트2단지 정문,202111,313
종로구,4705. 웰니스센터(민방위교육장 앞),202111,1230
종로구,4707. 청계3가 사거리,202111,692
종로구,4708. 조계사앞사거리(파리바케트앞),202111,1345
종로구,4709. 천지인 오피스텔 앞,202111,117
종로구,4710. 자교교회 앞,202111,1492
종로구,4711. 올림픽기념 국민생활관 로터리,202111,1001
종로구,4713. 현대 뜨레비앙 아파트 앞,202111,1257
종로구,4715. 돈의문 박물관 마을,202111,525
종로구,486. 평창동주민센터 앞,202111,180
중구,300. 정동사거리,202111,1274
중구,3013.서울지방고용노동청 앞,202111,1023
중구,310. 청계광장 옆,202111,1057
중구,318. 광교사거리 남측,202111,975
중구,320. 을지로입구역 4번출구 앞,202111,1290
중구,321. KEB 하나금융그룹 명동사옥 옆,202111,1082
중구,322. 명동성당 앞,202111,660
중구,324. 신세계백화점 본점 앞,202111,709
중구,331. 을지로2가 사거리 북측,202111,702
중구,332. 을지로2가 사거리 남측,202111,808
중구,336. 티마크 호텔 앞,202111,871
중구,346. 맥스타일 앞,202111,1322
중구,347. 동대문역사문화공원역 9번출구 앞,202111,671
중구,370. 시청역(2호선) 9번출구 뒤,202111,2396
중구,371. 동대입구역 6번출구 뒤,202111,529
중구,372. 약수역 3번출구 뒤,202111,775
중구,374. 청구역 2번출구 앞,202111,1338
중구,379. 서울역9번출구,202111,1051
중구,380. CJ제일제당 앞,202111,1432
중구,381. 장충체육관,202111,184
중구,382. 약수역 10번출구 앞,202111,486
중구,383. 신당역 12번 출구 뒤,202111,3015
중구,384. 종로학원본원,202111,247
중구,387. 훈련원공원주차장 앞,202111,1281
중구,389. 을지로4가역 1번출구,202111,1013
중구,390. 충무로역 1번출구,202111,1735
중구,391. 정동길입구,202111,935
중구,398. 을지로3가역 3번출구,202111,1621
중구,399. 서울역 센트럴 자이아파트,202111,1176
중구,428. 명보사거리,202111,448
중구,429. 송도병원,202111,258
중구,430. KEB하나은행 장충동지점,202111,776
중구,431. 청계천 영도교,202111,3190
중구,433. 을지로입구역 2번출구,202111,1402
중구,434. 신당 래미안 버스정류장,202111,513
중구,435. SK 남산빌딩,202111,443
중구,441.염천교사거리,202111,633
중구,442.서울역 서부,202111,366
중구,443.호암아트홀,202111,211
중구,445.대한상공회의소,202111,1234
중구,466.롯데호텔,202111,314
중구,467.한국은행,202111,323
중구,468.웨스틴 조선호텔,202111,562
중구,469.회현역 1번출구,202111,379
중구,470.회현역 7번출구,202111,526
중구,471.회현사거리 남측,202111,716
중구,472.삼일교(시그니쳐 타워),202111,769
중구,473.을지로4가역 9번출구,202111,1613
중구,474.동대문역사문화공원역 1번출구 뒤편,202111,1833
중구,475.DDP 패션몰,202111,1204
중구,4752. 삼성사이버빌리지아파트,202111,612
중구,4753. 우리은행 서소문금융센터,202111,676
중구,476.광희문,202111,841
중구,4760. 서울역 7번출구,202111,142
중구,4761. 탐앤탐스 을지로3가점,202111,331
중구,4762. 국제빌딩,202111,495
중구,4765. 동대문디자인플라자,202111,1691
중구,4766. 서소문성지역사박물관,202111,269
중구,4768. 서울도시건축전시관,202111,2646
중구,477.앰배서더 호텔 주변,202111,390
중구,4772. 중앙일보,202111,292
중구,4774. 을지로입구역 8번출구,202111,580
중구,4775. 을지로지하쇼핑센터,202111,580
중구,4776. 신세계면세점,202111,447
중구,4777. 약수동 주민센터,202111,209
중구,4778. 대신파이낸스센터,202111,968
중구,4781. 브라운스위트레지던스,202111,467
중구,4782. 서소문역사공원,202111,193
중구,4784. 중부경찰서앞 사거리,202111,426
중구,4785. 롯데시티호텔,202111,459
중구,479.동대입구역 3번 출구,202111,375
중구,4791. 명동역9번 출구,202111,1351
중구,4792. 퇴계로4가 교차로(중구청),202111,1501
중구,4793. 동대문역사문화공원역 5번출구,202111,822
중구,4794. 서울역 서부교차로(3),202111,813
중구,4796. 부산은행,202111,1561
중구,4797. KG타워 앞,202111,951
중구,4798. 황학동롯데캐슬,202111,1561
중구,480.약수역 6번 출구,202111,524
중구,481.신당역 10번 출구,202111,1460
중구,482.예수소망교회,202111,250
중구,483.남산타운아파트 버스정류장,202111,459
중구,484.도동삼거리,202111,158
중구,485.서울역5번출구,202111,945
중구,826. 서울역 서부교차로2,202111,1119
중랑구,1401. 극동늘푸른아파트,202111,1505
중랑구,1402. 금란주차장 앞,202111,1273
중랑구,1403. 중화빌딩 앞 (동부시장),202111,1150
중랑구,1404. 동일로 지하차도,202111,1463
중랑구,1405. 망우역 1번출구,202111,678
중랑구,1406. 망우청소년수련관,202111,185
중랑구,1407. 먹골역 1번출구 뒤,202111,852
중랑구,1408. 먹골역 6번출구 앞,202111,891
중랑구,1410. 면목 대원칸타빌아파트,202111,223
중랑구,1411. 상봉시장앞 교차로 한성빌딩 앞,202111,945
중랑구,1412. 면목초등학교,202111,656
중랑구,1413. 봉화산역 5번출구 뒤,202111,1048
중랑구,1416. 상봉역 3번출구,202111,1503
중랑구,1418. 새솔초등학교,202111,492
중랑구,1420. 신내어울공원 앞,202111,628
중랑구,1421. 신내역 4번출구,202111,303
중랑구,1422. 신내우디안아파트 1단지,202111,148
중랑구,1424. 양원역 2번출구,202111,218
중랑구,1425. 용마문화복지센터,202111,648
중랑구,1426. 면목도시개발아파트 1동 앞,202111,433
중랑구,1427. 용마산역 1번출구,202111,220
중랑구,1428. 원묵고등학교,202111,768
중랑구,1429. 장안중학교,202111,911
중랑구,1430. 중랑구청,202111,872
중랑구,1431. 중랑구청 사거리,202111,1134
중랑구,1433. 중화역 2번출구,202111,1623
중랑구,1435. 능산삼거리,202111,342
중랑구,1436. 영풍마드레빌,202111,571
중랑구,1437. 늘푸른공원 앞,202111,951
중랑구,1438. 홈플러스 신내점 앞,202111,1550
중랑구,1440. 하나은행 면목지점,202111,1245
중랑구,1441. 신내능말공원,202111,422
중랑구,1442. (구)신한은행 중랑교지점,202111,1748
중랑구,1444. 면목4치안센터,202111,990
중랑구,1445. 용마지구대,202111,178
중랑구,1446. 중랑전화국 교차로,202111,1479
중랑구,1447. 면목역 3번출구,202111,2126
중랑구,1448. 코스트코 상봉점,202111,54
중랑구,1449. 상봉역 1번출구,202111,2106
중랑구,1450. 화랑대역 7번출구,202111,1206
중랑구,1451. 중랑세무서,202111,1951
중랑구,1452. 겸재교 진입부,202111,1783
중랑구,1453. 중랑캠핑숲,202111,262
중랑구,1454. 한국전력공사(동대문 중랑지사),202111,748
중랑구,1455. 상봉역 2번 출구,202111,1702
중랑구,1456. 상아빌딩(우림시장 교차로),202111,1262
중랑구,1457. 동원사거리,202111,692
중랑구,1458. 상봉터미널2,202111,1991
중랑구,1459. 용마한신아파트사거리,202111,545
중랑구,1461.동양엔파트 앞,202111,1122
중랑구,1462.동부시장 북문 앞,202111,1572
중랑구,1463.중랑구민회관,202111,245
중랑구,1464.중화역 4번출구,202111,847
중랑구,1465.중랑공영차고지 옆,202111,634
중랑구,1466.두산대림아파트 삼거리,202111,320
중랑구,1467.sk신내 주유소앞(용마산로),202111,100
중랑구,1468.먹골역 7번 출구,202111,593
중랑구,1469.먹골역 4번출구,202111,757
중랑구,1470.중화동 우리은행 앞,202111,1069
중랑구,1471.동양쇼핑 정류소 앞,202111,1248
중랑구,1472.영성빌딩(PAT),202111,634
중랑구,1473.중랑역 1번 출구(중화문화복지센터),202111,1181
중랑구,1474.서울중랑우체국,202111,836
중랑구,1477.면목삼익아파트 앞,202111,270
중랑구,1478.홈플러스 상봉점 앞,202111,1698
중랑구,1479.면목 홈플러스 2,202111,664
중랑구,1480. 용마지구대 옆,202111,484
중랑구,4802. 새우개마을,202111,215
중랑구,4803. 상봉2동 주민센터 앞,202111,644
중랑구,4804. 동서울농협 앞,202111,1036
중랑구,4807. 라코지스테이 앞,202111,336
중랑구,4808. 신내2동 주민센터 앞,202111,586
중랑구,"4809. 동성1,2차 아파트 앞",202111,846
중랑구,4811. 한양수자인아파트 앞,202111,179
중랑구,4812. 묵동 이마트 앞,202111,1245
중랑구,4813. 망우로 버거킹 앞,202111,1374
중랑구,4815. 중랑데시앙플렉스 앞,202111,352
중랑구,4819. 면목동 새싹어린이공원 앞,202111,1146
중랑구,4820. 망우역 2번 출구,202111,890
중랑구,4821. 동원초등학교 정문 앞,202111,246
중랑구,4823. 방정환교육지원센터 옆,202111,724
중랑구,4824. 상봉신협 앞,202111,633
중랑구,4825. 신내동 벽산아파트 후문 앞,202111,474
중랑구,4826. 홈플러스 면목점,202111,743
중랑구,4827. 신내SK V1센터 앞,202111,159
중랑구,4828. 신내동 한살림 중랑지구 앞,202111,487
중랑구,4829. 신내동 마석감자탕 앞,202111,276
강남구,2301. 현대고등학교 건너편,202112,666
강남구,2302. 교보타워 버스정류장(신논현역 3번출구 후면),202112,674
강남구,2303. 논현역 7번출구,202112,664
강남구,2304. 신영 ROYAL PALACE 앞,202112,16
강남구,2305. MCM 본사 직영점 앞,202112,231
강남구,2306. 압구정역 2번 출구 옆,202112,1194
강남구,2307. 압구정 한양 3차 아파트,202112,198
강남구,2308. 압구정파출소 앞,202112,480
강남구,2309. 청담역(우리들병원 앞),202112,192
강남구,2310. 청담동 맥도날드 옆(위치),202112,238
강남구,2311. 학동로 래미안 아파트 앞,202112,221
강남구,2312. 청담역 13번 출구 앞,202112,202
강남구,2313. 금원빌딩 앞,202112,355
강남구,2314. 청담나들목입구,202112,165
강남구,2315. 봉은사역 5번출구 옆,202112,405
강남구,2317. 삼성도로공원,202112,385
강남구,2318. 삼성중앙역4번출구(문화센터더 리빌),202112,162
강남구,2319. 포스코사거리 서측(수협 삼성동 지점),202112,390
강남구,2320. 도곡역 대치지구대 방향,202112,305
강남구,2321. 학여울역 사거리,202112,337
강남구,2322. 삼성역 3번 출구,202112,106
강남구,2323. 주식회사 오뚜기 정문 앞,202112,414
강남구,2324. 천주교 대치 2동 교회 옆,202112,519
강남구,2325. 대치동 버거킹대치점,202112,484
강남구,2326. 대치동 삼성로,202112,252
강남구,2327. 뱅뱅사거리 랜드마크타워 앞,202112,718
강남구,2328. 르네상스 호텔 사거리 역삼지하보도 7번출구 앞,202112,381
강남구,2329. 르네상스호텔사거리 역삼지하보도 2번출구,202112,198
강남구,2330. 스타벅스 앞,202112,519
강남구,2331. 동영문화센터앞,202112,325
강남구,2332. 선릉역3번출구,202112,826
강남구,2333. 양재역 3번출구 주변,202112,754
강남구,2334. 삼호아파트 2동 ( 간선도로),202112,161
강남구,2335. 3호선 매봉역 3번출구앞,202112,1097
강남구,2336. 강남세브란스교차로 래미안그레이튼 104동 앞,202112,160
강남구,2337. 대모산입구역 2번출구 앞,202112,288
강남구,2339. 현대아파트 정문 앞,202112,397
강남구,2340. 삼호물산버스정류장(23370) 옆,202112,1048
강남구,2341. 일원역 4~5번 출구 사이,202112,280
강남구,2342. 대청역 1번출구 뒤,202112,777
강남구,2343. 세곡사거리 대왕파출소 앞,202112,78
강남구,2344. 리엔파크 2단지 앞,202112,192
강남구,2347. 두산건설 본사,202112,200
강남구,2348. 포스코사거리(기업은행),202112,1599
강남구,2349. 역삼빌딩 앞(하나은행 옆),202112,239
강남구,2350. 래미안그레이튼102동앞,202112,157
강남구,2351. 청소년수련관(수영장)앞,202112,158
강남구,2352. 서울본부세관(건설회관 앞),202112,136
강남구,2353. 강남구청역 2번출구 뒤,202112,284
강남구,2354. 청담역 2번출구,202112,89
강남구,2356. 강남구청,202112,195
강남구,2357. 르네상스호텔사거리 역삼지하보도 3번출구 앞 (더 오번 빌딩 명동칼국수 앞),202112,186
강남구,2358. 구룡초사거리 (현대아파트10동 앞 ),202112,237
강남구,"2359. 국립국악중,고교 정문 맞은편",202112,483
강남구,2360. 도곡1동 주민센터 교차로,202112,232
강남구,2362. 신사동 가로수길 입구,202112,555
강남구,2363. 강남 을지병원 교차로,202112,226
강남구,2364. 도산대로 렉서스 앞,202112,391
강남구,2365. K+ 타워 앞,202112,597
강남구,2368. 도곡동 경남아파트 건너편,202112,184
강남구,2369. KT선릉타워,202112,617
강남구,2370. 한티역 3번출구,202112,195
강남구,2371. 한국우편사업진흥원,202112,249
강남구,2372. 대치역 사거리,202112,348
강남구,2373. 개포동역 사거리,202112,587
강남구,2375. 수서역 1번출구 앞,202112,501
강남구,2376. 수서역 6번출구 앞,202112,137
강남구,2377. 수서역 5번출구 뒤,202112,1583
강남구,2380. 삼성동베이직하우스앞,202112,230
강남구,2381. 언주역 6번출구앞,202112,301
강남구,2382. 역삼동 sk뷰 501동앞,202112,149
강남구,2383. 보금자리정원,202112,103
강남구,2384. 자곡사거리,202112,898
강남구,2385. 학동역,202112,383
강남구,2386. 크린랩 본사,202112,138
강남구,2387. 래미안강남힐즈 사거리,202112,380
강남구,2388. 강남구 도시관리공단,202112,231
강남구,2389. 경기여자고등학교 후문 (삼성로3길 입구),202112,365
강남구,2390. 구룡마을 입구 (래미안블레스티지 아파트),202112,165
강남구,2391. 구룡터널 입구(개포1단지아파트),202112,5
강남구,2392. 구룡산 입구 (구룡산 서울둘레길 입구),202112,86
강남구,2393. 구룡사 앞 교차로 (보도육교),202112,46
강남구,2394. 개포래미안포레스트아파트 107동 앞,202112,476
강남구,2395. 개포1단지아파트 입구 (보도육교),202112,64
강남구,2396. 영동3교 북단(우성캐릭터 앞 보도),202112,330
강남구,2398. 더라움,202112,251
강남구,2401. 밀알학교 입구 (삼성서울병원 입구),202112,158
강남구,2403. 공무원연금매점 교차로 (개포주공9단지 입구),202112,118
강남구,2404. 대모산입구역 4번 출구 앞,202112,739
강남구,2405. 청담공원앞 교차로,202112,510
강남구,2406. 논현동 광명빌딩 앞,202112,192
강남구,2407. 역삼.서초.삼성 세무서 앞 (역삼빌딩 앞),202112,971
강남구,2408. 강남한양수자인아파트,202112,607
강남구,2409. 역삼동 디오슈페리움 (우성아파트 사거리),202112,600
강남구,2410. 포스코피앤에스타워 (역삼역 3번출구 부근),202112,526
강남구,2411. 세곡동 성당,202112,365
강남구,2412. 일원1동 주민센터,202112,611
강남구,2413.도곡역 1번 출구,202112,527
강남구,2414. 도곡역 아카데미스위트 앞,202112,739
강남구,2415.한티역 롯데백화점 앞,202112,593
강남구,2416.한티역 6번 출구,202112,245
강남구,2417.선정릉 디캠프(D.CAMP)앞,202112,138
강남구,2418.봉은사역 7번 출구,202112,666
강남구,"2419.봉은사역 1,2번 출구",202112,312
강남구,2420.학여울역 사거리(LG베스트샵 앞),202112,447
강남구,2421. 신논현역 4번출구,202112,469
강남구,2422.수서동 성당 맞은편,202112,291
강남구,2423.영희초교 사거리(래미안개포루체하임),202112,590
강남구,2425.세곡동 사거리(대왕초등학교 정류장),202112,79
강남구,2426.강남한신휴플러스 6단지,202112,273
강남구,2427.개포고등학교 정문앞,202112,199
강남구,2428.롯데리아 개포점앞,202112,208
강남구,2429.압구정로데오역 6번출구,202112,462
강남구,2430.강남파이낸스센터앞(역삼역2번출구),202112,291
강남구,2431.대치역 7번출구,202112,690
강남구,3602. 한국지역난방공사강남지사,202112,154
강남구,3604. 삼성중앙역 5번출구,202112,267
강남구,3606. 신사동주민센터 옆,202112,376
강남구,3609. 언주초등학교 입구,202112,309
강남구,3610. 윗반마을 입구,202112,77
강남구,3611. 방죽마을 입구,202112,201
강남구,3612. 은곡마을,202112,159
강남구,3614. 은마아파트 입구 사거리,202112,545
강남구,3615. 서울 논현동우체국 앞,202112,144
강남구,3616. 역삼중학교 앞(체육관 방향),202112,145
강남구,3618. 서울율현초교 삼거리,202112,414
강남구,3620. 청담역 11번 출구,202112,82
강남구,3621. 휘문고교 사거리,202112,173
강남구,3622. 은마아파트입구 사거리,202112,132
강남구,3623. 일원에코파크 앞(개포로 방면),202112,307
강남구,3624. 대모산입구역 7번 출구 앞,202112,62
강남구,3627. 압구정나들목,202112,657
강남구,3628. 역삼1동 주민센터,202112,538
강남구,3629. 청담사거리(신한오피스텔빌딩 앞),202112,234
강남구,3630. 개포우성6차아파트 정문 앞,202112,166
강남구,3634. 국악고교 앞 교차로,202112,203
강남구,3636. 삼성중앙역·플래티넘아파트 정류소,202112,172
강남구,3637. 세곡데이케어센터,202112,135
강남구,3638. 신청담나들목,202112,173
강남구,3640. 일원1동주민센터앞 사거리,202112,285
강남구,3641. 대청역,202112,237
강남구,3642. LH강남힐스테이트아파트,202112,199
강남구,3643. K2 KOREA,202112,232
강남구,3644. 상록수아파트,202112,184
강남구,3645. 구역삼세무서 교차로,202112,439
강남구,3646. 선정릉역 4번 출구,202112,223
강남구,3647. 구룡역 1번 출구,202112,100
강남구,3648. 구룡역 4번 출구,202112,74
강남구,3649. 구룡역 5번 출구,202112,138
강동구,1001. 광진교 남단 사거리(디지털프라자앞),202112,816
강동구,1002. 해공공원(천호동),202112,1072
강동구,1003. 해공도서관앞,202112,479
강동구,1004. 삼성광나루아파트 버스정류장,202112,864
강동구,1006. 롯데캐슬 115동앞,202112,142
강동구,1007.암사동 선사유적지,202112,161
강동구,1008. 암사역 3번출구(국민은행앞),202112,1800
강동구,1009. 천호역4번출구(현대백화점),202112,2588
강동구,1010. 강동세무서,202112,1480
강동구,1011. LIGA 아파트 앞,202112,1414
강동구,1012. 서울 상운차량,202112,764
강동구,1013. 강동구청역 1번 출입구,202112,1209
강동구,1014. 강동구평생학습관앞,202112,4
강동구,1015. 샛마을 근린공원,202112,366
강동구,1016. 해뜨는 주유소옆 리엔파크 109동앞,202112,432
강동구,1017. 맥도날드(길동),202112,966
강동구,1018. 둔촌 주공 GS 맞은편,202112,342
강동구,1019. 다성이즈빌아파트(호원대 대각선 맞은편),202112,2034
강동구,1020. 강동경찰서,202112,2340
강동구,1021. 강일동 리슈빌 빌딩앞,202112,1037
강동구,1022. 길동 사거리(초소앞),202112,1034
강동구,1023. 한국종합기술사옥 앞,202112,1137
강동구,1024. 강동구청 앞,202112,1728
강동구,1025. 상일초등학교,202112,382
강동구,1026. 대명초교 입구 교차로,202112,454
강동구,1027. 프라자 아파트 앞,202112,711
강동구,1028. 포레스 주상복합 빌딩,202112,945
강동구,1029. 롯데 시네마,202112,1337
강동구,1030. 미호 플랜트 앞,202112,522
강동구,1031. 올림픽로 836(아리수로),202112,272
강동구,1032. 선사고등학교,202112,245
강동구,1033. 고덕동 아남아파트,202112,362
강동구,1034. 고덕동 래미안 힐스테이트,202112,195
강동구,1035. 고덕역 4번출구,202112,788
강동구,1036. 고덕동 주양쇼핑,202112,605
강동구,1037. 강일리버파크 6단지,202112,197
강동구,1038. 강일 다솜 어린이 공원,202112,145
강동구,1039. 고덕초등학교,202112,130
강동구,1041. 묘곡초등학교,202112,354
강동구,1042. 강일리버파크 2~5단지,202112,335
강동구,1044. 굽은다리역,202112,2207
강동구,1047. 건강보험 강동지사kt,202112,1182
강동구,1048. 동부기업(둔촌동),202112,1272
강동구,1049. 강일리버파크 10단지,202112,436
강동구,1050. 둔촌역 3번 출입구,202112,2390
강동구,1051. 양지시장 (용성약국앞) 입구,202112,625
강동구,1052. 리싸이클시티,202112,74
강동구,1053. 동명근린공원 진입로 (아리수로),202112,162
강동구,1054. 말우물 어린이 공원,202112,217
강동구,1056. 강일리버파크 7~11단지,202112,284
강동구,1057. 능골근린공원,202112,386
강동구,1058. 고덕숲 아이파크 1,202112,230
강동구,1059. 래미안 강동팰리스(102동),202112,746
강동구,1060. 천일초교 사거리,202112,532
강동구,1061. 천호초교 입구 사거리(일주빌딩),202112,759
강동구,1062. 고덕숲 아이파크 2,202112,152
강동구,1063.강동롯데캐슬퍼스트 아파트(관리동),202112,277
강동구,1064.중앙보훈병원역 1번출구,202112,265
강동구,1065.보훈병원 후문옆(더 원커피),202112,424
강동구,1066.생태공원앞 교차로(조명탑),202112,80
강동구,1067.한영중고앞사거리,202112,208
강동구,1068.명일파출소,202112,399
강동구,1069.강동경희대학교병원 입구,202112,244
강동구,1070.(시립)고덕평생학습관,202112,395
강동구,1071.명일근린공원공동체텃밭,202112,147
강동구,1072.고덕역 5번출구,202112,506
강동구,1073.SSTS 몰 앞,202112,325
강동구,1074.대명초교입구 사거리,202112,579
강동구,1075.천동초교 삼거리,202112,991
강동구,1076.전자랜드 길동점,202112,1055
강동구,1077.강동역 1번출구 앞,202112,1299
강동구,1078.둔촌사거리,202112,1271
강동구,1079.강일동입구교차로,202112,194
강동구,1080.엘웨딩,202112,652
강동구,1081.트레빌빌딩,202112,633
강동구,1082.중앙보훈병원역3번출구,202112,141
강동구,1083.광문고교사거리(아이파크),202112,373
강동구,1084. 윤선생빌딩(JYP사옥),202112,1678
강동구,1085.래미안 솔베뉴(고덕로),202112,491
강동구,1086.래미안 솔베뉴(구천면로),202112,780
강동구,1088.풍납사거리(강동),202112,778
강동구,1089.고덕 래미안힐스테이트(201동),202112,104
강동구,1090.상일동역 2번출구 앞,202112,1763
강동구,3539. 서원마을,202112,103
강동구,3652. 한영외국어고등학교,202112,103
강동구,3653. 강동리버스트4단지아파트 404동 앞,202112,242
강동구,3654. 강동리버스트4단지아파트 405동 앞,202112,248
강동구,3655. 둔촌신성미소지움아파트,202112,295
강동구,3656. 둔촌푸르지오아파트,202112,1002
강동구,3657. 서울천호동우체국,202112,808
강동구,3658. 프라이어팰리스아파트,202112,433
강동구,3659. 명일초등학교 옆,202112,235
강동구,3661. 명일동신동아아파트 앞,202112,185
강동구,3663. 암사정수센터교차로(강동롯데캐슬퍼스트아파트),202112,251
강동구,3664. 맥도날드 서울둔촌DT점 앞,202112,1140
강동구,3665. 고덕센트럴 아이파크상가 앞,202112,435
강동구,3668. 성내삼성아파트,202112,1571
강동구,3671. 둔촌동역교차로,202112,1111
강동구,3672. 고덕중학교 후문,202112,79
강동구,3673. 강동리버스트6단지,202112,333
강동구,3674. 강동리버스트7단지,202112,157
강동구,3675. 강동리버스트8단지,202112,279
강동구,3676. 강동리엔파크9단지,202112,317
강동구,3677. 강동구음식물재활용센터,202112,39
강동구,3680. 강동역3번출구,202112,1567
강동구,3681. 길동 마루빌딩,202112,1657
강동구,3682. 길동 동호빌딩,202112,237
강동구,3683. KT&G강동지사,202112,542
강동구,3684. 고덕자이(105동 앞),202112,676
강동구,3685. 강동리엔파크14단지(1401동 앞),202112,445
강동구,3686. 고덕 래미안 힐스테이트(101동),202112,187
강동구,3687. 신명초교입구 교차로,202112,767
강동구,3688. 상일동산(동아아파트앞 교차로),202112,164
강동구,3689. 강일역 3번출구,202112,503
강동구,3690. 강일역 4번출구,202112,245
강동구,3691. 둔촌역 2번출구,202112,309
강동구,3692. 둔촌오륜역 1번 출구,202112,289
강동구,3694. 강동리엔파크 11단지,202112,411
강북구,"1501. 미아역 3번,4번 출구 사이",202112,872
강북구,1503. 이디야 커피 수유역점 앞,202112,1505
강북구,1504. 다이소 삼양시장점,202112,252
강북구,1506. 강북문화예술회관,202112,754
강북구,1509. 서울북부수도사업소,202112,386
강북구,1510. 번동주공5단지 관리사무소 앞,202112,245
강북구,1511. 번동 금호어울림아파트102동앞,202112,281
강북구,1512. 강북중학교 앞,202112,1280
강북구,1513. 강북구청 뒷편,202112,255
강북구,1514. 강북구청 사거리 버스정류소 앞,202112,827
강북구,1515. 송천동 주민센터,202112,453
강북구,1516. 우이초등학교 후문 옆,202112,434
강북구,1518. SK telecom(수유직영점) 앞,202112,422
강북구,1519. 세븐일레븐 수유장미원점 앞,202112,545
강북구,1520. 성실교회,202112,590
강북구,1522. 월드전기조명인테리어(우이동),202112,302
강북구,1525. 미아동 복합청사,202112,283
강북구,1526. 수유동 채선당앞,202112,535
강북구,1527. 미아역 1번 출구 뒤,202112,672
강북구,1528. 삼각산동 주민센터,202112,332
강북구,1529. 미아동 한국전력공사,202112,1120
강북구,1530. 광산사거리,202112,1016
강북구,1531. 미아사거리 1번 출구,202112,1220
강북구,1532. 번3동 주민센터 교차로,202112,391
강북구,"1533. 번동 주공3, 4단지 교차로",202112,762
강북구,1535. 효성인텔리안 앞,202112,801
강북구,1536. 번동 두산위브 101동 옆,202112,583
강북구,1537. 북한산 우이역,202112,280
강북구,1538. 솔밭공원역,202112,224
강북구,1539. 4.19민주묘지역,202112,261
강북구,1540. 가오리역,202112,689
강북구,1541. 삼양역,202112,160
강북구,1542. 삼양사거리역,202112,332
강북구,1543. 수유1동 주민센터,202112,410
강북구,1546. 송천동우체국,202112,243
강북구,1547. 꿈의숲 롯데캐슬,202112,266
강북구,1548. 북서울 꿈의숲 서문,202112,327
강북구,1550.삼각산아이원아파트(105동 옆),202112,101
강북구,1551.4.19탑 앞,202112,255
강북구,1552. 강북구청사거리(던킨도너츠 앞),202112,891
강북구,1553.예수그리스도후기성도교회 앞,202112,419
강북구,1554.번동사거리,202112,515
강북구,1557.신창교,202112,669
강북구,1558.강북문화정보도서관,202112,209
강북구,1560. 도봉세무서 앞,202112,600
강북구,1564.4.19민주묘지역 1번출구,202112,555
강북구,1565.대한병원앞,202112,720
강북구,1568.4.19민주묘지 입구사거리,202112,471
강북구,1569.수유역2번출구,202112,1781
강북구,1571.북서울 꿈의 숲 입구,202112,232
강북구,1572.우이산 먹거리마을,202112,61
강북구,1573.현대성우아파트 옆,202112,200
강북구,1574.송중초등학교 옆,202112,375
강북구,3703. 신성교회 앞,202112,197
강북구,3707. 드래곤타워 앞,202112,519
강북구,3711. 월계2교 교차로,202112,362
강북구,3714. 송천센트레빌,202112,148
강북구,3718. 번동 SK LPG 충전소,202112,422
강서구,1101. 개화동상사마을종점 버스정류장,202112,150
강서구,1102. 방화사거리 마을버스 버스정류장,202112,1374
강서구,1103. 방화역 4번출구앞,202112,1415
강서구,1105. 방화근린공원,202112,219
강서구,1106. 신방화사거리,202112,1795
강서구,1108. 공항시장역 2번출구 뒤,202112,990
강서구,1109. 공항시장역 4번출구,202112,558
강서구,1111. 마곡엠밸리6_7단지 마곡중학교,202112,1413
강서구,1112. 마곡엠밸리4단지 정문,202112,2727
강서구,1113. 서남환경공원 버스정류장,202112,1050
강서구,1117. 스타벅스앞,202112,2273
강서구,1118. 증미역 3번출구뒤(등촌두산위브센티움오피스텔),202112,1790
강서구,1119. 염창동 한마음아파트앞(염창동 빛나는 음악학원앞),202112,1163
강서구,1120. 대림경동아파트앞,202112,1222
강서구,1121. 가양레포츠센터앞,202112,659
강서구,1122. 황금내근린공원,202112,842
강서구,1124. 발산역 6번 출구 뒤,202112,3443
강서구,1125. 명덕고교입구(영종빌딩),202112,2707
강서구,1126. 우장산역 1번출구옆(우장산아이파크105동앞),202112,1253
강서구,1127. 화곡역(에이스정형외과앞) 버스정류장,202112,946
강서구,1128. 화곡역 6번출구,202112,1063
강서구,1129. 화곡역 1번 출구 앞,202112,1347
강서구,1130. 화곡본동시장 버스정류장,202112,405
강서구,1131. 꿈돌이공원 앞,202112,1315
강서구,1132. 등촌역 7번출구,202112,1441
강서구,1135. 강서구의회,202112,1140
강서구,1136. 등촌2파출소,202112,806
강서구,1137. 등촌2동주민센터,202112,369
강서구,1139. 용문사 버스정류장,202112,886
강서구,1140. 목동사거리 버스정류장,202112,1142
강서구,1141. 곰달래 문화복지센터 1-1,202112,897
강서구,1145. 곰달래 문화복지센터 1-2,202112,534
강서구,1146. 곰달래사거리,202112,917
강서구,1148. 볏골공원,202112,946
강서구,1149. 신방화역환승주차장,202112,2884
강서구,1150. 송정역 1번출구,202112,1360
강서구,1151. 마곡역1번출구,202112,2164
강서구,1152. 마곡역교차로,202112,3412
강서구,"1153. 발산역 1번, 9번 인근 대여소",202112,4581
강서구,1155. 기쁜우리복지관,202112,1115
강서구,1157. 강서구청,202112,2011
강서구,1158. 가양역 8번출구,202112,3731
강서구,1159. 서서울모터리움앞,202112,534
강서구,1160. 양천향교역 7번출구앞,202112,2035
강서구,1161. 강서면허시험장앞,202112,290
강서구,1162. 공항초등학교건너편,202112,2021
강서구,1163. 방화동강서기동대앞,202112,1621
강서구,1165. 마곡중학교 후문,202112,815
강서구,1166. 강서구립등빛도서관,202112,2240
강서구,1167. 마곡수명산파크3단지 교차로,202112,2354
강서구,1168. 마곡엠밸리10단지 앞,202112,942
강서구,1169. 염창역 1번 출구,202112,919
강서구,1170. 강서구보건소 (삼성디지털 프라자),202112,1105
강서구,1171. 염창동 새마을금고 건너편 (모닝글로리),202112,618
강서구,1172. 가양3동 주민센터,202112,1079
강서구,1173. 강서구청사거리(SH타워),202112,1650
강서구,1174. 강서구청사거리(부민병원),202112,1050
강서구,1175. 대한항공 인력개발센터,202112,1098
강서구,1177. 수명중?고교,202112,1105
강서구,1178. 개화산역 2번 출구,202112,465
강서구,1180. 마곡엠밸리 15단지(1502동) 건너편,202112,1662
강서구,1181. 농수산식품공사 (강서지사),202112,334
강서구,1182. KBS 스포츠월드,202112,1709
강서구,1183. KC 대학교,202112,371
강서구,1184. 마곡13단지,202112,2298
강서구,1185. 등촌9단지,202112,906
강서구,1186. 송정중학교,202112,770
강서구,1187. 강서수산물도매시장,202112,779
강서구,1188. 롯데중앙연구소,202112,176
강서구,1190. 마곡역 교차로(2번출구),202112,1121
강서구,1191. 마곡역 교차로(NH농협),202112,1785
강서구,1192. 마곡수명산파크 209동 건너편,202112,1304
강서구,1193. 마곡센트럴타워 1차,202112,2476
강서구,1194. 센서텍㈜,202112,1022
강서구,1195. 코오롱One&Only타워,202112,1966
강서구,1196. 서울식물원(문화센터) 건너편,202112,124
강서구,1197. 엠펠리체 호텔 건너편,202112,1592
강서구,1198. LG 사이언스파크,202112,621
강서구,1199. 우장산역 3번출구,202112,1618
강서구,1200. 개화광역환승센터,202112,88
강서구,2701. 마곡나루역 5번출구 뒤편,202112,6176
강서구,2702. 마곡 엠밸리2단지,202112,1030
강서구,2703.서울도시가스 앞,202112,476
강서구,2704.홈플러스(강서점),202112,1939
강서구,2706.강서공업고등학교 앞,202112,1090
강서구,2707.한강아파트,202112,864
강서구,2708.강서한강자이타워 앞,202112,1846
강서구,2709.강변아파트 310동 앞,202112,524
강서구,2710.라이품 공영주차장 앞,202112,808
강서구,2711.가로공원공영주차장 1번 출구,202112,859
강서구,2712.화곡터널입구교차로,202112,607
강서구,2713.우장초등학교 앞,202112,814
강서구,2715.마곡나루역 2번 출구,202112,7282
강서구,2716.롯데 R&D 센터,202112,230
강서구,2717.LG유플러스 마곡사옥,202112,2390
강서구,2718.마곡수명산파크1단지,202112,1335
강서구,2719.마곡문화공원,202112,1563
강서구,2720.힐스테이트에코,202112,2536
강서구,2721.등촌1-10단지 교차로,202112,2212
강서구,2722.마곡 문영비지웍스,202112,1049
강서구,2723.마곡 필네이처,202112,1670
강서구,2724.(재)FITI시험연구원,202112,1557
강서구,2725.서울식물원 식물문화센터,202112,451
강서구,2727.서울식물원 잔디마당 앞,202112,1105
강서구,2728.마곡나루역 3번 출구,202112,4070
강서구,2729.넥센 유니버시티 앞,202112,1216
강서구,2730.마곡메가박스 앞,202112,1600
강서구,2731.명덕고교,202112,754
강서구,2732.마곡수명산 1-2단지,202112,1204
강서구,2733.마곡13단지 정문 앞,202112,2515
강서구,2735.마곡 공공청사,202112,1416
강서구,2737.까치산역 3번 출구,202112,836
강서구,2739.수명산파크1단지교차로,202112,2086
강서구,2740.마곡레포츠센터,202112,691
강서구,2741.마곡수명산파크5-6단지,202112,1083
강서구,2742.강서구민올림픽체육센터,202112,850
강서구,2743.동신아파트 104동 앞,202112,513
강서구,2744.강서세무서 앞,202112,2799
강서구,2745.수명초등학교,202112,754
강서구,2746.수명산파크 4단지 411동 앞,202112,990
강서구,3753. 공항중학교 버스정류장,202112,549
강서구,3754. 신방화역 8번출구,202112,19
강서구,3756. 마곡힐스테이트 정문,202112,1041
강서구,3757. 신방화역 6번출구,202112,1581
강서구,3758. 서울남부출입국관리소,202112,863
강서구,3759. 서울이대병원,202112,1434
강서구,3760. 발산역 8번 출구,202112,1093
강서구,3761. 나이아가라관광호텔,202112,250
강서구,3762. 마곡9단지 907동앞,202112,1037
강서구,3763. 등촌태영아파트,202112,504
강서구,3764. 관문주유소(GS칼택스) 앞,202112,889
강서구,3765. 문소빌딩,202112,235
강서구,3766. 강서문화센터,202112,172
강서구,3767. 대원빌딩,202112,387
강서구,3769. 가양동 이마트 앞,202112,1268
강서구,3770. 남부순환로 205,202112,339
강서구,3772. 길성그랑프리텔아파트,202112,1540
강서구,3774. 마곡9단지 910동 상가앞,202112,1297
강서구,3775. 가양오토갤러리,202112,804
강서구,3776. 김포공항교차로,202112,296
강서구,3778. 김포공항입구 교차로,202112,1091
강서구,3780. 등촌서광아파트,202112,1819
강서구,3781. 강서아동복지센터,202112,62
강서구,3782. 겸재정선미술관,202112,690
강서구,3783. 마곡금호어울림아파트,202112,691
강서구,3784. 벽산아파트,202112,991
강서구,3785. 마곡14단지 1408동앞,202112,1223
강서구,3786. 강서힐스테이트 상가 앞,202112,543
강서구,3787. 가양나들목,202112,206
강서구,3788. 정곡나들목,202112,536
강서구,3789. 염창나들목,202112,855
강서구,3792. 화곡본동시장 입구,202112,383
강서구,3793. 더리브골드타워,202112,528
강서구,3794. 안양천합수부(현대3차아파트),202112,595
강서구,3795. 공항신성빌딩 앞,202112,457
강서구,3796. 송정역 3번출구 앞,202112,1251
강서구,3797. 마곡수명산파크7단지 710동 앞,202112,280
강서구,3798. 그랜드아이파크아파트 앞,202112,2818
강서구,3799. 국립항공박물관,202112,277
강서구,3801. 이랜드글로벌R&D센터,202112,264
강서구,5052. 마곡역7번출구 홈앤쇼핑 앞,202112,2515
강서구,5053. 신마곡벽산블루밍메트로오피스텔앞,202112,810
강서구,5055. 마곡역5번출구앞,202112,945
강서구,"5056. 마곡역4,5번출구",202112,452
강서구,5057. 마곡역4번출구,202112,730
강서구,5059. 화곡2동주민센터,202112,455
강서구,5061. 우장산동 가곡어린이공원앞,202112,951
강서구,5062. 마곡동 767-6,202112,1173
강서구,5063. 서남환경공원(방화동도시개발2단지방향),202112,706
강서구,5064. 양천향교역8번출구,202112,999
강서구,5065. 허준박물관삼거리,202112,534
강서구,5066. 아망떼마곡전시장,202112,883
강서구,5067. 주원 리젠트 앞,202112,363
강서구,5070. 마곡13단지힐스테이트마스터 후문(1320동 앞),202112,1042
강서구,5072. 김포공항입구 교통섬,202112,214
강서구,5073. 우장산역 헤링턴타워 앞,202112,295
강서구,5074. 마곡동 주니아 마곡점 앞,202112,518
강서구,5075. 템퍼 목동점,202112,590
관악구,2102. 봉림교 교통섬,202112,3931
관악구,2103. 신림동 우방아파트,202112,1159
관악구,2104. 사당역 5번출구,202112,910
관악구,2105. 미성동 신림체육센터,202112,962
관악구,2106. 난곡 새마을금고,202112,1165
관악구,2107. 도림천 신화교,202112,1390
관악구,2108. 은천치안센터,202112,865
관악구,2109. 은천로입구 가로공원,202112,2353
관악구,2111. 서울대입구역 1번출구,202112,745
관악구,2112. 서울대입구역 마에스트로,202112,719
관악구,2113. 관악동작견인차량보관소,202112,993
관악구,2115. 관악농협농산물백화점,202112,939
관악구,2116. 에이스에이존빌딩,202112,611
관악구,2119. 중앙동 동진빌딩,202112,759
관악구,2122. 낙성대로 입구,202112,436
관악구,2127. 보성운수차고지 맞은편,202112,335
관악구,2128. 관악구청교차로,202112,528
관악구,2129. 낙성대 과학전시관,202112,253
관악구,2130. 영어마을 관악캠프,202112,127
관악구,2135. 신림역 5번출구,202112,1450
관악구,2136. 신림역 8번출구,202112,2395
관악구,2137. KT&G 관악지점,202112,400
관악구,2139. 서울신성초등학교,202112,392
관악구,2140. 신림1교 교차로,202112,1226
관악구,2141. 미림여고입구 교차로,202112,109
관악구,2143. 서울산업정보학교,202112,227
관악구,2144. 난우길입구,202112,438
관악구,2145. 은천초등학교 육교,202112,591
관악구,2148. 낙성대역 3번출구 뒤,202112,461
관악구,2156. 농협 관악문성지점,202112,476
관악구,2159. 인헌초교,202112,212
관악구,2164. 관악우체국,202112,625
관악구,2165. JK장평타워,202112,153
관악구,2167. 낙성대역 1번출구,202112,432
관악구,2169. 봉천역 2번출구,202112,914
관악구,2170. 조원동서울본병원,202112,793
관악구,2171. 서울대입구역 5번출구,202112,1038
관악구,2172. 나들목공원,202112,257
관악구,2173. 당곡사거리,202112,2862
관악구,2174. 삼성디지털프라자관악점,202112,562
관악구,2175. 신림동걷고싶은문화의거리입구,202112,954
관악구,2176. 보라매공원 보도육교,202112,1316
관악구,2177. 신대방역 2번 출구,202112,3935
관악구,2178. 서울대학교 정문,202112,366
관악구,2179. 양녕로 입구,202112,775
관악구,2183. 동방1교,202112,2556
관악구,2184. 구암초등학교 버스정류장,202112,120
관악구,2185. 대학동 고시촌,202112,367
관악구,2186.우리은행 낙성대역지점,202112,417
관악구,2187.현대시장사거리(신한은행),202112,814
관악구,2189.삼성서비스센터(관악점),202112,840
관악구,2190.도원맨션,202112,410
관악구,2191.대학동주민센터,202112,660
관악구,2195.은천교회,202112,632
관악구,2196.삼화페인트 봉천점,202112,399
관악구,2198.사랑의병원,202112,417
관악구,2199.신봉천주유소,202112,71
관악구,3306.서울신우초등학교,202112,55
관악구,3307.봉천고개 육교,202112,301
관악구,3310.영락고등학교,202112,211
관악구,3311.서울대입구역 4번 출구,202112,571
관악구,3802. 관악구민체육센터,202112,90
관악구,3803. 세븐일레븐 신림점,202112,717
관악구,3804. 낙성대공원,202112,218
관악구,3806. 낙성대 교수아파트,202112,130
관악구,3807. 관악우체국 교차로,202112,354
관악구,3810. 신봉천주유소,202112,129
관악구,3811.신사로입구,202112,1173
관악구,3812. KT관악지점,202112,594
관악구,3813. 낙성대역 5번출구,202112,265
관악구,3814. 난곡사거리,202112,734
관악구,3815. 광일빌딩,202112,411
관악구,3816. 관악 GSfresh,202112,234
관악구,3818. 은천교회 앞,202112,317
광진구,3500. 군자역2번출구,202112,1487
광진구,3501. 광진구청 앞,202112,2006
광진구,3502. 중곡역 1번출구,202112,672
광진구,3503. 광진유진스웰,202112,92
광진구,3504. 원일교회,202112,1581
광진구,3505. 신양초교앞 교차로,202112,505
광진구,3506. 영동대교 북단,202112,994
광진구,3507. 어린이회관,202112,594
광진구,3508. 화양사거리,202112,652
광진구,3509. 세종사이버대학교,202112,1645
광진구,3510. 중곡SK아파트앞,202112,401
광진구,3516. 구의아리수정수센터앞,202112,486
광진구,3517. 용마사거리,202112,1134
광진구,3518. 군자역 7번출구뒤,202112,2396
광진구,3520. 광진경찰서,202112,1475
광진구,3521. 현대홈타운 뒷길,202112,195
광진구,3523. 건국대학교 과학관(이과대) 앞,202112,531
광진구,3524. 세종대학교,202112,113
광진구,3528. 광진정보도서관,202112,567
광진구,3529. 어린이대공원정문,202112,430
광진구,3533. 건대입구역 사거리(롯데백화점),202112,3151
광진구,3534. 건대입구역 5번출구 뒤,202112,1525
광진구,3536. 중앙농협(자양동),202112,1310
광진구,3537. 아차산 휴먼시아 아파트 옆,202112,382
광진구,3541. 커먼그라운드,202112,2141
광진구,3542. 래미안 구의파크 스위트,202112,1567
광진구,3543. 세종대학교(학술정보원),202112,273
광진구,3563.구의7단지현대아파트,202112,87
광진구,3564.나루마당,202112,73
광진구,3566.우성4차아파트,202112,812
광진구,3569.건대병원후문,202112,2424
광진구,3570.구의역 리버비스타 오피스텔,202112,1658
광진구,3571.화양 APT(횡단보도 옆),202112,2454
광진구,3573.광나루안전체험관,202112,825
광진구,3575.자양사거리 (LG 유플러스),202112,2038
광진구,3578.중곡동 파크웨이빌딩,202112,722
광진구,3579.광진 캠퍼스시티,202112,1928
광진구,3581.광진광장,202112,295
광진구,3582.화양동 우체국,202112,1134
광진구,3586.군자역 비채온 오피스텔,202112,952
광진구,3587.우성식품 앞,202112,718
광진구,3588.세종대학교(영실관),202112,430
광진구,3853. 어린이대공원역 2번출구,202112,351
광진구,3860. 건국대학교 정문 앞,202112,647
광진구,3863. 동일로58길 입구,202112,411
광진구,3864. 광진소방서 앞,202112,529
광진구,3865. 이튼타워리버 2차,202112,794
광진구,3868. 자양한강도서관,202112,874
광진구,3873. 동서울우편집중국 앞,202112,498
광진구,3878. 장로회신학대학교 주기철 기념관,202112,14
광진구,3879. 중랑천 뚝방길 산책로 입구,202112,717
광진구,3880. 홍련봉 공원,202112,270
광진구,3881. 신자초교입구 교차로,202112,1499
광진구,3882. 자양2동 주민센터,202112,570
광진구,3886.광진구 민방위교육센터,202112,85
광진구,500. 어린이대공원역 3번출구 앞,202112,1257
광진구,501. 광진구의회 앞,202112,984
광진구,502. 뚝섬유원지역 1번출구 앞,202112,3395
광진구,505. 자양사거리 광진아크로텔 앞,202112,1595
광진구,515. 광양중학교 앞,202112,384
광진구,516. 광진메디칼 앞,202112,890
광진구,539. 군자교교차로,202112,750
광진구,540. 군자역 7번출구 베스트샵 앞,202112,1265
광진구,542. 강변역 4번출구 뒤,202112,944
광진구,543. 구의공원(테크노마트 앞),202112,1033
광진구,544. 광남중학교,202112,439
광진구,546. 잠실대교북단 교차로,202112,978
광진구,548. 자양나들목,202112,1116
광진구,549. 아차산역 3번출구,202112,1343
광진구,551. 구의삼성쉐르빌 앞,202112,1697
광진구,552. 대림아크로리버 앞,202112,393
광진구,553. 중곡 성원APT 앞,202112,477
광진구,555. 구의3동주민센터,202112,290
광진구,571. 어린이대공원역6번출구,202112,691
광진구,572. 국립정신 건강센터 앞,202112,370
광진구,573. 구의문주차장 앞,202112,1125
광진구,574. 아차산역4번출구,202112,1292
광진구,575. 중앙농협 중곡지점,202112,332
광진구,576. 광나루역 3번 출구,202112,1312
광진구,577. 광진청소년수련관,202112,352
광진구,584. 광진광장 교통섬,202112,1513
광진구,588. 뚝섬 유원지역,202112,994
광진구,590. 건국대학교 (입학정보관),202112,970
광진구,591. 건국대학교 (행정관),202112,209
광진구,592. 건국대학교 학생회관,202112,1017
광진구,593.자양중앙나들목,202112,974
구로구,1901. 신도림동주민센터 앞,202112,1058
구로구,1904. 도림천역 1번 출구 앞,202112,1209
구로구,1906. 신도림역 1번 출구 앞,202112,2955
구로구,1907. 구일우성(아) 육교 밑,202112,739
구로구,1908. 해원리바파크 육교 밑,202112,1049
구로구,1910. 낙원교회 맞은편,202112,264
구로구,1911. 구로디지털단지역 앞,202112,3777
구로구,1912. 한신휴아파트 앞,202112,987
구로구,1913. 구로리공원,202112,678
구로구,1914. 대림역4번출구,202112,1366
구로구,1916. 구로중학교앞,202112,392
구로구,1920. 서울미래초등학교 사거리,202112,846
구로구,1924. 삼부르네상스파크빌,202112,621
구로구,1925. 동양미래대학교 정문 옆,202112,1838
구로구,1928. 고척스카이돔구장 광장,202112,408
구로구,1929. 고척근린공원 고척도서관 앞,202112,528
구로구,1930. 개봉지구대 개봉치안센터,202112,637
구로구,1931. 개봉역(북측광장),202112,627
구로구,1933. 개봉푸르지오아파트 상가,202112,886
구로구,1936. 개봉역 1번 출구 자전거보관서쪽,202112,480
구로구,1937. 한진아파트 입구,202112,590
구로구,1941. 오류동역 2번출구,202112,649
구로구,1943. 온수역 북측,202112,201
구로구,1946. 구로역 광장,202112,2044
구로구,1951. 천왕이펜하우스 4단지 상가 앞,202112,101
구로구,1952. 천왕연지타운2단지 앞,202112,747
구로구,1953. 천왕역 4번출구 뒤,202112,659
구로구,1955. 디지털입구 교차로,202112,1961
구로구,1956. 도야미리숯불갈비 앞,202112,911
구로구,1957. 구일고등학교 정문,202112,932
구로구,1958. 강서수도사업소민원센터,202112,800
구로구,1959. 구로구의회 앞,202112,713
구로구,1960. 화광신문사 앞,202112,671
구로구,1961. 신도림테크노근린공원,202112,2596
구로구,1962. 가리봉동주민센터,202112,1021
구로구,1964. 원메디타운 앞,202112,696
구로구,1965. 삼환로즈빌아파트 105동 옆,202112,544
구로구,1966. 한마을아파트 정문상가,202112,608
구로구,1967. 참새공원(백곡경노당),202112,252
구로구,1968. 동인오피스텔 건너편 소공원,202112,235
구로구,1969. 궁동생태공원,202112,84
구로구,1971. 오정초교 앞 보도육교,202112,251
구로구,1973. 오리로와 서해안도로 교차로 앞,202112,323
구로구,1974. 신도림2차e편한세상아파트 203동 앞,202112,809
구로구,1975. 대림역 1번 출입구 밑,202112,820
구로구,1976. 남구로역 5번 출입구 앞,202112,328
구로구,1977. 천왕역 1번 출입구 앞,202112,1139
구로구,1979. 구로1동우체국 앞,202112,159
구로구,1981. 천왕이펜하우스5단지 앞,202112,443
구로구,1983. 구로동롯데아파트,202112,946
구로구,1984. 구로구청,202112,910
구로구,1985. 구로도서관,202112,1991
구로구,1986. 태평양물산빌딩,202112,1901
구로구,1987. 개봉아이파크아파트 앞,202112,500
구로구,1988. 고척LIGA아파트 앞,202112,1145
구로구,1991. 오류동역 맞은편,202112,939
구로구,1992. 구로구배드민턴실내체육관 앞,202112,295
구로구,1993. 금강수목원아파트 앞,202112,419
구로구,1994. 삼성전자 물류센터 앞,202112,754
구로구,1996. 구일역 1번 출입구 앞,202112,1118
구로구,1998. 고척교 교차로,202112,293
구로구,1999. 수궁동 성당 주변,202112,213
구로구,2000. 신도림4차 e편한세상 아파트 1109동 앞,202112,725
구로구,2801. 대륭포스트타워1차,202112,1425
구로구,2804.항동지구 6단지 602동 앞,202112,120
구로구,2805.구로자원순환센터,202112,58
구로구,2806.항동지구 4단지 입구,202112,86
구로구,2807.항동지구 1단지 105동 앞,202112,141
구로구,2808.항동지구 2단지 202동 앞,202112,123
구로구,2809.항동지구 11단지 1103동 앞,202112,43
구로구,2810.항동지구 3단지 311동 앞,202112,49
구로구,2812.항동프라자,202112,202
구로구,2813.항동지구 3단지 302동 앞,202112,46
구로구,2814.항동지구 10단지 1001동 앞,202112,120
구로구,2815.항동지구 7단지 정문,202112,242
구로구,2816.항동지구 8단지 803동옆(주차장입구),202112,75
구로구,2817.천왕이펜하우스5단지 앞,202112,157
구로구,2818.천왕이펜하우스3단지 앞,202112,140
구로구,2819.하늘숲초등학교 앞,202112,397
구로구,2820.신세기아파트 앞,202112,584
구로구,2821.청구아파트 앞,202112,697
구로구,2822.제니스스포츠 앞,202112,296
구로구,2823.중앙유통단지 앞,202112,663
구로구,2824.미래사랑어린이공원 앞,202112,1594
구로구,2825.초롱타운 앞,202112,199
구로구,2826.가마산지하보도 옆,202112,303
구로구,3902. 항동지구5단지 501동 앞,202112,124
구로구,3903. 현대아파트 앞,202112,327
구로구,3904. 테크노마트 앞,202112,1230
구로구,3905. 희훈타워빌 앞,202112,1140
구로구,3906. 천왕차량사업소 입구,202112,436
구로구,3907. 신도림7차e편한세상아파트 806동 앞,202112,708
구로구,3908. 오류동 다숲오피스텔 앞,202112,455
구로구,3910. 목양전원교회 앞 로터리,202112,99
구로구,3911. 항동하버리안2단지아파트 후문,202112,114
구로구,3912. 삼호아파트 앞,202112,280
구로구,3914. 신도림쌍용플래티넘노블아파트 앞,202112,1029
구로구,3915. 동선아파트 앞,202112,90
구로구,3918. 이좋은집오피스텔 앞,202112,140
금천구,1804. 독산역 2번출구 자전거주차장,202112,883
금천구,1805. 서울디지털운동장 앞,202112,674
금천구,1806. 에이스하이엔드타워9차 앞,202112,603
금천구,1808. 에이스하이엔드타워8차 앞,202112,711
금천구,1809. LG전자 별관동(호서대 벤처타워 맞은편),202112,495
금천구,1812. 갑을그레이트밸리 앞,202112,486
금천구,1814. 두산위브아파트 옆 상가건물 앞,202112,582
금천구,1816. 금천폭포공원 앞,202112,164
금천구,1819. 금천구청 앞 자전거거치대,202112,421
금천구,1820. 신한은행 시흥대로금융센터지점,202112,167
금천구,1821. 홈플러스 시흥점 맞은편 다비치안경 앞,202112,487
금천구,1822. 서울 시흥동우체국 앞,202112,409
금천구,1823. 상신정비공업 앞,202112,181
금천구,1824. 독산근린공원 입구,202112,748
금천구,1825. 한신아파트 앞 육교 아래,202112,288
금천구,1826. 한신코아 앞,202112,253
금천구,1827. 독산보도육교 앞 자전거 보관소,202112,890
금천구,1828. 한양수자인아파트 앞,202112,495
금천구,1829. 홈플러스 금천점 앞,202112,429
금천구,1830. 빅마켓 금천점 앞,202112,924
금천구,1831. 메이퀸웨딩컨벤션 앞,202112,380
금천구,1833. 독산역 1번출구 앞 자전거보관소,202112,592
금천구,1834. 월드메르디앙 벤처센터 2차,202112,774
금천구,1835. STX V타워,202112,467
금천구,1836. 금천구립 독산도서관,202112,116
금천구,1839. 수출의 다리 아래,202112,570
금천구,1840. 솔브레인이엔지 뒤편,202112,699
금천구,1841. 가산동 주민센터,202112,1151
금천구,1842. 한울중학교,202112,138
금천구,1843. 독산고등학교,202112,228
금천구,1845. 롯데캐슬골드파크1차 서문,202112,364
금천구,1846. 롯데캐슬골드파크1차 동문,202112,475
금천구,1847. 독산주공 14단지 버스정류소,202112,113
금천구,1848. 벽산 디지털밸리 5차,202112,1070
금천구,1849. 대륭포스트타워5차,202112,253
금천구,1850. 코오롱테크노밸리,202112,207
금천구,1851. 가산디지털단지 7번출구,202112,1872
금천구,1852. 혜명양로원 담장 옆,202112,151
금천구,1853. 서울디자인직업전문학교 앞,202112,352
금천구,1854. 가산아네스트 오피스텔 앞,202112,484
금천구,1855. 성지아파트 옆 도로변,202112,84
금천구,1856. 모두의학교,202112,621
금천구,1857. 주공14단지,202112,215
금천구,1858. 석수역1번출구 앞 (SK주유소),202112,162
금천구,1859. 대륭테크노타운 18차,202112,510
금천구,1861.IBK기업은행 석수역 지점 앞,202112,84
금천구,1862.스타즈호텔독산 빌딩 앞,202112,572
금천구,1863.위너스 스포츠클럽 골프연습장옆,202112,235
금천구,1864.산호시티빌 옆,202112,147
금천구,1865.금천구청앞(M빌딩),202112,281
금천구,1866.서울안천초등학교 옆,202112,133
금천구,1867.대륭포스트타워6차 앞,202112,2382
금천구,1868.우리은행 시흥남자동화점 앞,202112,286
금천구,1869.롯데캐슬골드파크3차 301동 앞,202112,474
금천구,1870.독산3동주민센터 앞,202112,370
금천구,3956. 대륭테크노타운21차 앞,202112,405
금천구,3958. 롯데캐슬2차 마을버스 정류장(18804) 뒤편,202112,359
금천구,3959. 시흥사거리(시흥동 994-3 앞),202112,458
금천구,3963. 에이스 하드웨어(시흥대로 396) 앞,202112,580
금천구,3966. 독산역1번출구 옆,202112,1461
금천구,3967. 혜명양로원 담장 옆(2),202112,165
금천구,3968. 독산동 현대홈타운 금천과선교 앞,202112,364
금천구,3969. 독산역 롯데캐슬 104동 앞,202112,411
금천구,3970. 시흥4동주민센터 앞,202112,60
금천구,3971. 순흥안씨묘 건너편,202112,34
금천구,3972. 산기슭공원 앞,202112,77
금천구,3973. 독산2동주민센터 앞,202112,151
금천구,3974. 안천중학교,202112,115
금천구,3977. 말미사거리,202112,148
금천구,3983. 금천구청역 1번 출구,202112,140
금천구,3984. 가산롯데아이티캐슬,202112,216
금천구,3985. 디폴리스 지식산업센터,202112,281
노원구,1601. 석계역 문화광장 내 자전거 보관소,202112,1987
노원구,1602. 광운대역 앞,202112,905
노원구,1605. 헬스케어,202112,789
노원구,1606. 태릉입구역 3번출구,202112,645
노원구,1608. 공릉역 1번 출구 앞,202112,2180
노원구,1610. 화랑대역 2번출구 앞,202112,1361
노원구,1611. 과기대 입구(우),202112,1757
노원구,1616. 하계2동 공항버스정류장 옆,202112,1177
노원구,1617. 하계동 중평어린이공원 앞,202112,1342
노원구,1619. 중계동 하나프라자빌딩 앞(중1-1),202112,1278
노원구,1620. 중계동 노원구민체육센터 옆(중1-2),202112,665
노원구,1625. 상계역(4번출구),202112,2142
노원구,1627. 수락산역 4번출구,202112,557
노원구,1628. 노일초등학교 앞,202112,408
노원구,1630. 수연빌딩 앞,202112,428
노원구,1634. 당고개공원 대여소,202112,385
노원구,1635. 상계3.4동 주민센터 대여소,202112,208
노원구,1636. 백병원 사거리 농협은행 앞,202112,1847
노원구,1637. KT 노원점 건물 앞,202112,3674
노원구,1639. 희성오피앙,202112,635
노원구,1640. 한내근린공원 북측,202112,475
노원구,1641. 한내근린공원 남측,202112,522
노원구,1642. 서울여대 남문,202112,350
노원구,1643. 태릉입구역 8번출구,202112,1046
노원구,1646. 삼육대 입구,202112,275
노원구,1650. 중계근린공원내,202112,1956
노원구,1651. 맥도날드 상계점 앞,202112,559
노원구,1652. 파르코 앞,202112,218
노원구,1654. 당고개입구 오거리,202112,491
노원구,1655. 공릉1단지아파트,202112,1452
노원구,1656. 중앙하이츠 아파트 입구,202112,1200
노원구,1657. 노원구청,202112,1113
노원구,1659. 중계동 을지중학교,202112,493
노원구,1660. 서울시립과학관,202112,264
노원구,1661. 당현천근린공원,202112,926
노원구,1662. 노원역7번출구,202112,1606
노원구,1663. 동해문화예술관앞,202112,1167
노원구,1664. 노해근린공원내,202112,256
노원구,1665. 양지근린공원앞,202112,86
노원구,1666. 노원소방서인근,202112,606
노원구,1667. 중계중학교,202112,875
노원구,1668. 중계역 6번출구,202112,1355
노원구,1669. 중계역 3번출구,202112,1164
노원구,1670. 노원경찰서교차로,202112,850
노원구,1671. 인덕대학교,202112,425
노원구,1672. 상계동수락리버시티,202112,407
노원구,1674. 서울북부고용센터앞,202112,1944
노원구,1675. 월계문화체육센터,202112,88
노원구,1677. 육군사관학교 앞,202112,545
노원구,1678. 성서대학교 밀알관,202112,284
노원구,1679. 삼육대 도서관,202112,69
노원구,1680. 삼육대 제3과학관,202112,21
노원구,1681. 현대6차 아파트,202112,598
노원구,1682. 중계종합사회복지관 교차로,202112,656
노원구,1683. 노원문화예술회관,202112,1015
노원구,1684. 태릉입구역 5번출구,202112,1755
노원구,1685. 불암고등학교 앞 횡단보도,202112,605
노원구,1686. 온수골사거리(스타벅스앞),202112,1061
노원구,1688. 마들역 7번출구,202112,1070
노원구,1689. 마들역 3번출구,202112,1022
노원구,1690. 도봉운전면허시험장,202112,1007
노원구,1691. 노원정보도서관,202112,663
노원구,1692. 온곡초교 교차로,202112,711
노원구,1693. 원자력 병원,202112,224
노원구,1695.월계미륭아파트 정문,202112,410
노원구,1696.수락리버시티4단지,202112,309
노원구,1697.상계주공2단지 219동,202112,745
노원구,1700.상계보람아파트 202동,202112,413
노원구,2901.공릉동풍림아파트 101동,202112,770
노원구,2902.공릉풍림아파트 108동,202112,679
노원구,2903.월계초안아파트 1단지,202112,378
노원구,2904.중계3차청구아파트,202112,641
노원구,2907. 월계중학교,202112,238
노원구,2908. 광운대학교 중앙도서관,202112,932
노원구,2909. 석계역 3번 출구,202112,815
노원구,2910.도깨비시장,202112,1320
노원구,2911.상계역중앙시장,202112,529
노원구,2912.대진고등학교,202112,925
노원구,2913.상계8동 주민센터,202112,720
노원구,2914.서울과학기술대학교(미래관),202112,401
노원구,2915.서울과학기술대학교(어학교육원),202112,1087
노원구,2917.신창중학교 후문 맞은편 버스정류장,202112,571
노원구,2919.등나무 근린공원(시립북서울미술관 앞),202112,1805
노원구,2920.상계중학교(당현2교사거리),202112,511
노원구,2921.중계역 2번출구,202112,1551
노원구,4002. 상계주공 14단지 상가 앞,202112,419
노원구,4003. 스타벅스 상계초교사거리점,202112,1516
노원구,4004. 당고개입구오거리 당현천변,202112,615
노원구,4005. 중계2차 한화꿈에그린 101동 인근,202112,532
노원구,4007. 노원 을지대학교 병원,202112,966
노원구,4008. 하계 어린이 공원,202112,946
노원구,4009. 월계프라자,202112,380
노원구,4011. 월계 센트럴 아이파크,202112,521
노원구,4013. 중계 롯데마트,202112,1055
노원구,4014. 당고개역 3번 출구,202112,588
노원구,4016. 노원 마들스타디움,202112,596
노원구,4017. 월계 청백1단지 아파트 정류장,202112,295
노원구,4018. 상계주공15단지 버스정류소,202112,600
노원구,4019. 상계주공10단지 버스정류소,202112,584
노원구,4020. 중계동 성모빌딩 앞,202112,816
노원구,4021. 중계본동 입구,202112,149
노원구,4023. 월계역 1번 출구,202112,467
노원구,4024. 꿈의숲 SK뷰 아파트,202112,695
노원구,4025. 한천교 동편,202112,676
노원구,4026. 상계주공1단지아파트,202112,848
노원구,4027. 이마트 월계점,202112,1585
노원구,4028. 한일유앤아이아파트 105동 인근,202112,675
노원구,4029. 청소년수련관 후문,202112,1635
노원구,4031. 청암예술학교 앞,202112,911
노원구,4032. 은행사거리(불암주유소 앞),202112,601
노원구,4033. 녹천 자동차운전 전문학원 (녹천역 4번 출구),202112,488
노원구,4034. 상계근린공원 운동장 앞,202112,392
노원구,4035. 수락 행복발전소 앞,202112,254
노원구,4036. 하계역 6번출구,202112,1184
노원구,4037. 물넘이교,202112,856
노원구,4039. 서울시 북부여성발전센터,202112,404
노원구,4040. 공릉로 26길,202112,259
노원구,4041. 공릉역3번출구,202112,897
노원구,4042. 상계문화정보도서관,202112,411
노원구,4043. 상계주공13단지 1301동,202112,100
노원구,4044. 공릉산 백세문 입구,202112,41
노원구,4045. 은하수 공원,202112,181
노원구,4046. 경춘선 숲길,202112,843
도봉구,1702. 녹천역 1번출구 앞,202112,397
도봉구,1703. 도봉산광역환승센터앞,202112,138
도봉구,1705. 도봉구청 정문앞,202112,730
도봉구,1706. 기업은행 앞,202112,391
도봉구,1707. 도봉구민회관,202112,777
도봉구,1708. 보건소사거리(다비치안경창동점),202112,854
도봉구,1709. 쌍문역4번출구 주변,202112,627
도봉구,1713. 쌍문동 이안아파트 앞,202112,208
도봉구,1714. 도봉문화정보도서관 삼거리,202112,113
도봉구,1715. 서울특별시교육청도봉도서관,202112,495
도봉구,1716. 하나로마트 창동점,202112,519
도봉구,1717. 시립창동운동장 입구,202112,181
도봉구,1719. 신도봉사거리 버스정류장,202112,417
도봉구,1720. 도봉구청 옆(중랑천변),202112,689
도봉구,1721. 창동역 2번출구,202112,2019
도봉구,1722. 창동청소년수련관,202112,522
도봉구,1723. 방학동학마을도서관,202112,134
도봉구,1725. 창1동주민센터,202112,354
도봉구,1726. 삼익세라믹아파트교차로,202112,463
도봉구,1727. 서울도봉초등학교인근,202112,368
도봉구,1728. 서울북부지방법원,202112,147
도봉구,1729. 파리바게트앞,202112,511
도봉구,1730. 도봉산역 교차로 앞,202112,89
도봉구,1731. 도봉고등학교 맞은편,202112,211
도봉구,1732. 우리은행 앞,202112,244
도봉구,1733. 방학사거리 (봄마당 앞),202112,646
도봉구,1734. 쌍문현대1차아파트 108동 앞,202112,510
도봉구,"1735. 도봉역 1,2번 출구사이 건너편",202112,448
도봉구,1736. 버스정류장 앞,202112,401
도봉구,1737. 하나은행 (창동점),202112,1085
도봉구,1738. 창동주공17단지 상가앞,202112,966
도봉구,1741. 제일강산수산입구,202112,1103
도봉구,1742. 북한산 코오롱 하늘채,202112,932
도봉구,1743.창동19단지아파트 관리사무소앞,202112,743
도봉구,1744.KT방학지사 앞,202112,599
도봉구,1746. 다이소방학점 앞,202112,507
도봉구,1748. 피자헛 앞(도봉병원 옆),202112,430
도봉구,1749. ESA아파트 상가 앞,202112,644
도봉구,1750. 창포원 남쪽 입구,202112,330
도봉구,1751. 창원초등학교 교차로,202112,376
도봉구,1752. 창동 주공 4단지 입구 옆,202112,506
도봉구,1754. 창동시장입구 사거리,202112,474
도봉구,1756.서울북부광역등기국,202112,164
도봉구,1757.솔밭공원역 1번출구 앞,202112,248
도봉구,1758.북서울교회 버스정류소 앞,202112,364
도봉구,1759.서울북부지방법원 앞,202112,288
도봉구,1761.방학중학교 앞,202112,283
도봉구,1762.북한산 한신휴플러스APT앞,202112,924
도봉구,1765.쌍문역 1번 출구(양산부인과 빌딩),202112,592
도봉구,1767.태양중앙교회 앞,202112,850
도봉구,1768.신동아타워 버스정류소,202112,258
도봉구,1770.도봉한신아파트 주변,202112,356
도봉구,1771.성원APT버스정류소,202112,448
도봉구,1772.시립도봉노인복지관 버스정류소,202112,369
도봉구,1774.반석교회(쌍문동),202112,231
도봉구,1775.신원리베르텔 앞,202112,465
도봉구,4054. KT프라자도봉점 맞은편,202112,375
도봉구,4058. 다락원체육공원 전망대 입구,202112,250
도봉구,4062. 평화도봉공원 주변,202112,556
도봉구,4064. 신창아파트 입구 앞,202112,234
도봉구,4065. 창동역 1번출구 앞,202112,1371
도봉구,4073.방아골종합사회복지관,202112,201
도봉구,4074. 도봉구육아종합지원센터(창동),202112,498
도봉구,4075. 방학신동아아파트 11동 앞,202112,271
도봉구,4076. 진영상운 앞 중랑천 변,202112,937
도봉구,4077. 도봉제1교,202112,668
도봉구,4078. 원당공원 앞,202112,447
도봉구,4080. 창동주공19단지앞,202112,381
동대문구,4102. 휘경1동주민센터 앞,202112,662
동대문구,4103. 휘경sk뷰아파트 앞,202112,339
동대문구,4104. 외대앞역 교차로,202112,613
동대문구,4105. 하나은행 장안동지점앞,202112,717
동대문구,4107. 장안동근린공원 입구,202112,556
동대문구,4108. 답십리파크자이아파트 앞,202112,787
동대문구,4110. 용두롯데캐슬리치아파트 앞,202112,536
동대문구,4112. 신이문빗물펌프장 옆,202112,102
동대문구,4113. 한국국방연구원 앞,202112,644
동대문구,4114. 휘경여중고삼거리,202112,797
동대문구,4116. 이문e편한세상아파트 앞,202112,287
동대문구,4117. 휘경119안전센터 앞,202112,609
동대문구,4121. 서울문화재단 앞,202112,1124
동대문구,4122. 청계9가교차로 앞,202112,1302
동대문구,4123. 배봉초교 교차로,202112,588
동대문구,4125. 회기역 2-①번출구,202112,881
동대문구,600. 휘경2동 주민센터,202112,199
동대문구,601. 용신동주민센터,202112,604
동대문구,602. 장안동 사거리,202112,2169
동대문구,604. 답십리초등학교 옆 공원,202112,557
동대문구,605. 신설동역8번출구,202112,965
동대문구,606. 휘경공고앞,202112,330
동대문구,607. 신이문역 2번출구,202112,417
동대문구,608. 전농삼성아파트,202112,234
동대문구,609. 제기2교,202112,1198
동대문구,610. 동대문중 교차로,202112,684
동대문구,612. 시립동부병원 앞 사거리,202112,1657
동대문구,613. 신설동역 10번출구 앞,202112,1566
동대문구,614. 용두동 사거리,202112,1478
동대문구,615. 용두동 래미안허브리츠아파트 앞,202112,902
동대문구,616. 서울시립대 앞,202112,136
동대문구,617. 청솔우성아파트 앞,202112,776
동대문구,621. 동대문중학교 옆,202112,202
동대문구,622. 전농사거리 교통섬,202112,636
동대문구,623. 서울시립대 정문 앞,202112,1253
동대문구,624. 전농동 동아아파트 앞,202112,1000
동대문구,625. 답십리초등학교 앞(현대시장 옆),202112,718
동대문구,626. 군자교 서측 녹지대,202112,825
동대문구,627. 장안동삼거리 교통섬,202112,806
동대문구,628. 휘봉고등학교 앞,202112,407
동대문구,630. 동대문구 보건소,202112,1654
동대문구,631. 답십리역 1번출구,202112,1998
동대문구,633. 청량리 기업은행 앞,202112,765
동대문구,634. 외국어대 정문 앞,202112,1398
동대문구,635. 시조사 앞 (청량고정문 옆),202112,951
동대문구,636. 세종대왕기념관 교차로,202112,394
동대문구,637. KAIST 경영대학 앞,202112,557
동대문구,638. 서울시립대 정보기술관,202112,324
동대문구,639. 서울시립대 후문,202112,552
동대문구,640. KEB하나은행 청량리역지점,202112,569
동대문구,641. 용두역 4번출구,202112,1408
동대문구,642. 신답역 사거리,202112,1005
동대문구,643. 동대문구민체육센터 (육교아래),202112,983
동대문구,646. 장한평역 1번출구 (국민은행앞),202112,3558
동대문구,647. 신이문역 1번출구,202112,487
동대문구,648. 장안동위더스빌옆,202112,1589
동대문구,650. 중랑교사거리,202112,648
동대문구,652. 답십리 래미안엘파인아파트 입구,202112,377
동대문구,654. 전농동 텃골공원,202112,518
동대문구,656. 영휘원 교차로,202112,509
동대문구,657. 동대문롯데캐슬아파트 앞,202112,922
동대문구,658. 촬영소 사거리,202112,1015
동대문구,659. 제기역1번출구,202112,1561
동대문구,660. 동의보감타워,202112,1189
동대문구,661. 경희대학교 청운관,202112,526
동대문구,663. 외대앞역 4번출구,202112,722
동대문구,664. 서울시립대 건설공학관,202112,462
동대문구,665.이문동 쌍용아파트 정문,202112,418
동대문구,666.이문대성유니드아파트 앞,202112,326
동대문구,667.청량차도 육교 밑,202112,476
동대문구,668.서울축산농협(장안지점),202112,2140
동대문구,669.청계한신휴플러스앞 삼거리,202112,680
동대문구,670.삼육서울병원 버스정류장,202112,1510
동대문구,671.대광빌딩,202112,374
동대문구,672.대광고등학교,202112,570
동대문구,673.안암골벽산아파트(후문),202112,723
동대문구,674.고대앞사거리 교통섬,202112,973
동대문구,675.성복교회 앞 (장평교 아래),202112,460
동대문구,676.FITI시험연구원 앞,202112,442
동대문구,677.청량리역 4번 5번출구 사이,202112,1699
동대문구,678.장안힐스테이트(아) 앞,202112,994
동대문구,679.전농SK아파트 앞,202112,188
동대문구,680.꿈마루어린이도서관 앞,202112,1182
동대문구,681.서울특별시 동부교육지원청(육교),202112,152
동작구,2002. 노들역 1번출구,202112,1398
동작구,2003. 사육신공원앞,202112,566
동작구,2007. 유한양행앞,202112,765
동작구,2008. 노량진근린공원 대방공원,202112,273
동작구,2009. 보라매역 8번출구,202112,597
동작구,2012. 녹십초요양병원앞,202112,613
동작구,2013. 장승배기역 5번출구,202112,890
동작구,2015. 신대방삼거리역 6번출구쪽,202112,1293
동작구,2016. 신대방삼거리역 3번출구쪽,202112,744
동작구,2020. 장승배기역2번출구뒷편쪽,202112,485
동작구,2024. 상도역 1번출구,202112,235
동작구,2025. 흑석역 1번출구,202112,749
동작구,2026. 흑석역 4번출구,202112,264
동작구,2027. 중앙대학교 정문 1,202112,162
동작구,2032. 이수역 11번출구쪽,202112,872
동작구,2033. 사당동 아르테스 웨딩앞,202112,818
동작구,2034. 사당역 7번출구쪽,202112,418
동작구,2036. 정금마을 마을버스정류장,202112,414
동작구,2037. 동작역 5번출구 동작주차공원,202112,163
동작구,2038. 동작역 7번출구,202112,123
동작구,2040. 비계 버스정류소,202112,101
동작구,2041. 사당중학교 버스정류소,202112,245
동작구,2048. 삼일초등학교 인근,202112,326
동작구,2050. 노량진역 5번출구,202112,1796
동작구,2054. 삼익아파트,202112,737
동작구,2056. 동작구민 체육센터,202112,672
동작구,2057. 상도 아이파크 아파트,202112,299
동작구,2058. 노량진동 맥도널드앞,202112,1246
동작구,2059. 보라매공원 정문,202112,1000
동작구,2060. 남성역3번출구 뒤,202112,920
동작구,2061. 한강 현대아파트 건너편,202112,110
동작구,2062. 사당새마을금고,202112,336
동작구,2063. 대방역 4번출구,202112,6
동작구,2064. 흑석한강푸르지오 106동앞,202112,112
동작구,2065. 서울시여성가족재단,202112,308
동작구,2066. 양문교회 앞,202112,474
동작구,2067. LG전자 베스트? 대리점 앞,202112,846
동작구,2068. 총신대 앞(육교),202112,78
동작구,2069. 숭실대 입구역3번 출구 앞,202112,200
동작구,2070. 노량진역 2번 출구 앞,202112,777
동작구,2071. 대림아파트 후문 상가 옆,202112,305
동작구,2077.노들역 3번출구,202112,493
동작구,2078.흑석 아크로리버하임(103동),202112,123
동작구,2079.중앙대학교 중앙광장,202112,72
동작구,2080.빕스 대방점 앞,202112,1269
동작구,2082.7호선 이수역7번출구,202112,559
동작구,2083.흑석롯데캐슬에듀포레(107동),202112,224
동작구,2084.e편한세상 상도노빌리티 앞,202112,333
동작구,2085.강남중학교 앞,202112,596
동작구,2086.삼일수영장 앞,202112,564
동작구,2088.상도중앙하이츠빌 입구,202112,268
동작구,2089.사당역10번출구(금강빌딩),202112,569
동작구,2090.기아자동차 사당점 앞,202112,523
동작구,2091.이수역9번출구(맥도날드),202112,632
동작구,2092.흑석한강푸르지오(110동),202112,108
동작구,2093.상도SH빌아파트 입구,202112,73
동작구,2094.숭실대학교(중문),202112,121
동작구,2095.경문고등학교 앞,202112,485
동작구,2096.서울특별시 동작관악교육지원청,202112,80
동작구,237. 보라매 두산위브 건너편,202112,1080
동작구,4152. 상도효성해링턴플레이스,202112,297
동작구,4153. 흑석동효사정앞,202112,111
동작구,4158. 노량진근린공원,202112,91
동작구,4162. 노량진1동 청소년독서실,202112,118
동작구,4167. 구로교 아래,202112,308
동작구,4169. 신대방삼거리,202112,860
동작구,4171. 우성아파트 앞,202112,499
동작구,4173. 이화약국 앞,202112,262
동작구,4175. 스페이스 살림 앞,202112,647
마포구,102. 망원역 1번출구 앞,202112,1827
마포구,103. 망원역 2번출구 앞,202112,1334
마포구,104. 합정역 1번출구 앞,202112,1075
마포구,105. 합정역 5번출구 앞,202112,696
마포구,106. 합정역 7번출구 앞,202112,1276
마포구,107. 신한은행 서교동금융센터점 앞,202112,1098
마포구,108. 서교동 사거리,202112,1116
마포구,109. 제일빌딩 앞,202112,711
마포구,111. 상수역 2번출구 앞,202112,695
마포구,112. 극동방송국 앞,202112,634
마포구,113. 홍대입구역 2번출구 앞,202112,3121
마포구,114. 홍대입구역 8번출구 앞,202112,1525
마포구,118. 광흥창역 2번출구 앞,202112,543
마포구,119. 서강나루 공원,202112,788
마포구,120. 신수동 사거리,202112,322
마포구,121. 마포소방서 앞,202112,491
마포구,122. 신성기사식당 앞,202112,682
마포구,124. 서강대 정문 건너편,202112,1010
마포구,125. 서강대 남문 옆,202112,427
마포구,126. 서강대 후문 옆,202112,1026
마포구,127. 현대벤처빌 앞,202112,315
마포구,129. 신촌역(2호선) 6번출구 옆,202112,542
마포구,130. 신촌역(2호선) 7번출구 앞,202112,1201
마포구,142. 아현역 4번출구 앞,202112,388
마포구,143. 공덕역 2번출구,202112,784
마포구,144. 공덕역 8번출구,202112,1558
마포구,145. 공덕역 5번출구,202112,666
마포구,146. 마포역 2번출구 뒤,202112,1224
마포구,147. 마포역 4번출구 뒤,202112,1364
마포구,148. 용강동 주민센터 앞,202112,905
마포구,150. 서강대역 2번출구 앞,202112,574
마포구,153. 성산2교 사거리,202112,1218
마포구,154. 마포구청역,202112,1446
마포구,155. 가좌역1 번출구 앞,202112,490
마포구,156. 서울서부지방법원 앞,202112,472
마포구,157. 애오개역 4번출구 앞,202112,937
마포구,181. 망원초록길 입구,202112,532
마포구,182. 망원2빗물펌프장 앞,202112,478
마포구,183. 하늘채코오롱아파트 건너편,202112,1541
마포구,184. SK망원동주유소 건너편,202112,1678
마포구,185. 마포 신수공원 앞,202112,562
마포구,186. 월드컵공원,202112,969
마포구,199. 서울 월드컵 경기장,202112,456
마포구,3002.벽산상암스마트큐브,202112,1509
마포구,3003.래미안신공덕3차아파트,202112,59
마포구,3005.마포구청 청사내,202112,240
마포구,3006. 상암월드컵파크5단지(상암중학교),202112,220
마포구,3007.MBC 앞,202112,713
마포구,3008.DMC역7번출구,202112,719
마포구,3009.서교동사거리(신),202112,1006
마포구,3010.홍대입구역 3번출구,202112,2261
마포구,3011.경의선(노고산동),202112,855
마포구,400. 상암한화오벨리스크 1차 앞,202112,733
마포구,401. 상암월드컵파크 10단지 앞,202112,688
마포구,402. 상암월드컵파크 9단지 앞,202112,576
마포구,403. 부엉이공원 앞,202112,594
마포구,405. DMC빌 앞,202112,463
마포구,406. 상암월드컵파크 7단지 앞,202112,334
마포구,407. 마포구 육아종합지원센터,202112,528
마포구,408. LG CNS앞,202112,649
마포구,409. 누리꿈스퀘어 옆,202112,1705
마포구,410. 상암중학교 옆,202112,152
마포구,411. DMC홍보관,202112,1013
마포구,412. DMC산학협력연구센터 앞,202112,910
마포구,413. 상암월드컵파크 3단지 후문,202112,337
마포구,414. 상암동주민센터 옆,202112,944
마포구,415. DMC역 9번출구 앞,202112,2022
마포구,416. 상암월드컵파크 1단지 교차로,202112,617
마포구,417. DMC역 2번출구 옆,202112,1100
마포구,418. 월드컵경기장역 3번출구 옆,202112,1322
마포구,419. 홈플러스 앞,202112,1306
마포구,420. 서울시 공공자전거 상암센터,202112,399
마포구,4202. 프런트원(공덕역4번출구 앞),202112,382
마포구,4206. 광흥창역5번출구,202112,399
마포구,4207. 아만티호텔 앞,202112,380
마포구,4208. 스타벅스(동교동) 앞,202112,698
마포구,421. 마포구청 앞,202112,1385
마포구,4210. 가좌행복주택 앞,202112,793
마포구,4211. 시석빌딩 앞,202112,484
마포구,4212. 한화오벨리스크 앞,202112,505
마포구,4213. 마포구중앙도서관 정문 앞,202112,1161
마포구,4214. JTBC 앞,202112,662
마포구,4216. 망원정 앞,202112,307
마포구,4217. 한강공원 망원나들목,202112,2880
마포구,4218. 디지털매직스페이스,202112,398
마포구,422. 문화비축기지,202112,154
마포구,4220. 신촌 청년주택,202112,649
마포구,4221. 솔리스타오피스텔(공덕동주민센터),202112,124
마포구,4222. 서울디자인고등학교 앞,202112,265
마포구,4224. 서부운전면허시험장,202112,187
마포구,4226. 마포프레스티지자이 1,202112,315
마포구,4233. 코오롱아파트사거리,202112,768
마포구,4234. 에스테반,202112,126
마포구,4238. 상암한샘빌딩앞,202112,283
마포구,4239. 성산2동 주민센터,202112,61
마포구,424. 롯데하이마트 (상암월드컵점),202112,265
마포구,4240. 아현문화건강센터,202112,82
마포구,425. DMC첨단산업센터,202112,587
마포구,426. 서울신용보증재단,202112,963
마포구,427. 성산시영아파트,202112,677
마포구,432. 마포중앙도서관,202112,155
마포구,436. 이대역 5번출구,202112,639
마포구,437. 대흥역 1번출구,202112,610
마포구,438. 성산2-1 공영주차장,202112,980
마포구,439. 마포어린이공원,202112,1122
마포구,440. 하늘공원 입구,202112,351
마포구,487.신석초교앞 교차로 교통섬,202112,1056
마포구,488.푸르메병원,202112,667
마포구,489.구룡근린공원,202112,92
마포구,490.가온문화공원,202112,1038
마포구,491.월드컵파크 4단지,202112,162
마포구,492.성산시영아파트 후문,202112,903
마포구,493.홍대입구역 6번출구,202112,1148
마포구,494.신수동주민센터,202112,247
마포구,495.염리초등학교 앞,202112,587
마포구,497.합정동주민센터 앞,202112,1221
마포구,498.연남동주민센터 앞,202112,1553
서대문구,115. 마스타 빌딩 앞,202112,602
서대문구,116. 일진아이윌아파트 옆,202112,1262
서대문구,117. 홍은사거리,202112,1744
서대문구,123. 문화촌 공원,202112,1137
서대문구,128. 신촌역(2호선) 1번출구 옆,202112,1074
서대문구,131. 증산2교,202112,1449
서대문구,133. 해담는다리,202112,1075
서대문구,134. 연세로 명물길,202112,599
서대문구,135. 명물길 원형무대 앞,202112,430
서대문구,137. NH농협 신촌지점 앞,202112,470
서대문구,138. 신촌동 제1공영주차장 앞,202112,625
서대문구,139. 연세대 정문 건너편,202112,300
서대문구,140. 이화여대 후문,202112,463
서대문구,141. 연대 대운동장 옆,202112,506
서대문구,159. 이대역 4번 출구,202112,458
서대문구,160. 북아현동 가구거리,202112,333
서대문구,161. 무악재역1번 출구,202112,199
서대문구,162. 봉원고가차도 밑,202112,728
서대문구,163. 명지전문대학교 정문 앞,202112,184
서대문구,164. 북가좌1동 주민센터,202112,269
서대문구,165. 중앙근린공원,202112,824
서대문구,166. 가재울 초등학교,202112,799
서대문구,167. 연가초등학교 옆,202112,517
서대문구,169. 북가좌 삼거리,202112,340
서대문구,170. 가재울 뉴타운 주유소 옆,202112,569
서대문구,171. 임광빌딩 앞,202112,363
서대문구,173. 서대문역 8번출구 앞,202112,542
서대문구,175. 홍연2교옆,202112,1327
서대문구,176. 명지대학교 도서관,202112,923
서대문구,177. 북가좌 초등학교,202112,498
서대문구,178. 증산3교 앞,202112,836
서대문구,179. 가좌역 4번출구 앞,202112,1142
서대문구,180. 충정로역 7번출구 아래,202112,653
서대문구,188. 홍은동 정원여중 입구,202112,499
서대문구,191. 서우빌딩(바른학원),202112,707
서대문구,192. 연서어린이공원,202112,388
서대문구,194. 증산교 앞,202112,1014
서대문구,195. 모래내고가차도,202112,528
서대문구,196. 연희교차로 인근,202112,362
서대문구,198. 충정2교,202112,505
서대문구,3100. 북성초교,202112,233
서대문구,3101. 서대문구청,202112,600
서대문구,3102. 연희삼거리,202112,661
서대문구,3103. 홍제삼거리 북측,202112,600
서대문구,3104. e편한세상 신촌4단지 앞,202112,520
서대문구,3105. 홍은센트레빌 아파트 앞,202112,318
서대문구,3107. 연희초등학교 앞,202112,300
서대문구,3109.북한산더? 106동 앞,202112,190
서대문구,3110.홍은 현대아이파크 아파트 202동 앞,202112,429
서대문구,3111.무악재역 4번 출구,202112,137
서대문구,3113.독립문역사거리,202112,444
서대문구,3114.충정로역 3번 출구,202112,193
서대문구,3115.북아현 치안센터 인근,202112,512
서대문구,3116.신촌역 4번출구,202112,508
서대문구,3117.이화여대 인문관 인근,202112,200
서대문구,3119.연희 브라운스톤 아파트 앞,202112,1040
서대문구,3120.DMC엘가아파트 앞,202112,764
서대문구,3121.가좌삼거리,202112,757
서대문구,3122.북가좌삼거리2,202112,394
서대문구,3123.DMC파크뷰자이1단지 110동 앞,202112,436
서대문구,3124.DMC센트럴아이파크아파트,202112,845
서대문구,3125.연희파크푸르지오아파트 앞,202112,913
서대문구,3126.남가좌동 제2공영주차장,202112,186
서대문구,3127.홍은2파출소 옆,202112,303
서대문구,3128.동신병원 맞은편,202112,691
서대문구,3129.DMC래미안e편한세상203동옆,202112,455
서대문구,3130.가재울사거리,202112,348
서대문구,3131.연가교 교차로,202112,614
서대문구,3132.홍제교,202112,287
서대문구,3134.SK리쳄블(상수도사업본부),202112,279
서대문구,4253. 홍은도담도서관,202112,429
서대문구,4255. 래미안 루센티아 아파트 108동 앞,202112,477
서대문구,4262. 서대문자연사박물관 입구,202112,90
서초구,2201. 본마을 정류소 앞,202112,30
서초구,2202.청계산입구역 1번출구,202112,656
서초구,2203. 청계산입구역 2번출구,202112,151
서초구,2205. 내곡3단지 어린이공원 앞,202112,288
서초구,2206. 언남초등학교 앞,202112,462
서초구,2207. 내곡파출소 뒤 정자,202112,64
서초구,2210. 반포1동 주민센터 앞,202112,119
서초구,2211. 서초구립반포도서관 앞,202112,961
서초구,2212.서초현대4차아파트 201동 맞은편,202112,467
서초구,2213. 고속터미널역 5번출구 앞,202112,482
서초구,2214. 신반포역 2번출구 앞,202112,193
서초구,2215. 반포종합운동장 입구,202112,309
서초구,2217.아크로리버뷰 부지 앞,202112,750
서초구,"2219. 고속터미널역 8-1번, 8-2번 출구 사이",202112,1791
서초구,2220. 반포본동 주민센터 앞,202112,791
서초구,2221.하나은행 방배동지점 앞,202112,637
서초구,2222.사당역 12번출구 뒤,202112,1136
서초구,2223. 방배래미안 정문 앞,202112,300
서초구,2225.백석예술대학교 제3캠퍼스 앞,202112,143
서초구,2226. 신동아럭스빌아파트 앞,202112,186
서초구,2227.방배열린문화센터 앞,202112,393
서초구,2229.로고스교회 맞은 편,202112,478
서초구,2230.이수역 4번 출구,202112,866
서초구,2231. 삼성타운(삼성생명) A동 맞은편,202112,1015
서초구,2233. 서초신동아1차아파트 옆,202112,447
서초구,2235.KT 서초지사 앞,202112,200
서초구,2237.서울남부터미널 대합실 입구,202112,488
서초구,2239.교대역 6번출구,202112,563
서초구,2241.양재전화국 사거리,202112,274
서초구,2242.양재역 11번 출구 앞,202112,713
서초구,2243.서울가정법원,202112,397
서초구,2244.교육개발원입구 교차로,202112,737
서초구,2245.양재초등학교 맞은편,202112,441
서초구,2246. 서울시 품질시험소 앞,202112,303
서초구,2247.섬들근린공원,202112,771
서초구,2248. 서초리슈빌S 글로벌 앞,202112,83
서초구,2249. 우솔초등학교 맞은편,202112,121
서초구,2250. 서초유치원 맞은편,202112,356
서초구,2251. 더케이호텔 입구(양재2),202112,669
서초구,2252. 하이브랜드 앞,202112,1163
서초구,2255.시민의숲역 1번출구 옆,202112,1199
서초구,2256.양재동 꽃시장 입구,202112,20
서초구,2257. 하나로클럽 양재점 맞은편,202112,88
서초구,2258.구룡사 삼거리,202112,157
서초구,2259. 잠원역 3번-4번 출구사이,202112,494
서초구,2262. 한신16차아파트 119동 앞,202112,1138
서초구,2263. 바우뫼문화복지회관,202112,422
서초구,2264. 이수역 1번출구,202112,1143
서초구,2265. 이수고가차도 남단,202112,873
서초구,2266. 서초역 3번출구,202112,502
서초구,2268. 서초4동주민센터,202112,447
서초구,2269. 주홍교 하부,202112,136
서초구,2270. 서초포레스타 7단지,202112,159
서초구,2271. 내방역 8번출구 앞,202112,473
서초구,2272. 교대입구 교차로,202112,288
서초구,2273. 일동제약 사거리,202112,517
서초구,2274. 양재시민의숲역 3번출구,202112,714
서초구,2275. 염곡치안센터 건너편,202112,39
서초구,2276. 영동1교 (양재천근린공원),202112,464
서초구,2277. 길마중4교 하부,202112,80
서초구,2279. 교대역 5번출구뒤,202112,958
서초구,2280. 서울서초고용센터앞,202112,274
서초구,2281. 연세사랑병원신관앞,202112,245
서초구,2282. 방배래미안아트힐 101동앞,202112,143
서초구,2283. 그룹한빌딩옆,202112,192
서초구,2284. CJ오쇼핑앞,202112,182
서초구,2285. LH서초3단지 301동 맞은편,202112,278
서초구,2286. 탑성마을입구,202112,12
서초구,2287. 능안마을입구,202112,22
서초구,2288. 안골마을입구,202112,12
서초구,2289. 남태령역 2번출구,202112,72
서초구,2293. SPC 앞,202112,473
서초구,2294. 두상빌딩 앞,202112,768
서초구,2297. 남부터미널역 1번출구,202112,384
서초구,2298. 래미안서초스위트앞,202112,357
서초구,2299. 한전아트센터 앞,202112,432
서초구,2501. 서초 포레스타5단지,202112,306
서초구,2502. 서초역1번출구 앞,202112,333
서초구,2503. 반포1동 서초빌딩 앞,202112,678
서초구,2504. 신사역 4번출구 뒤,202112,562
서초구,2505. 우성아파트사거리 (기업은행앞),202112,865
서초구,2506. LG유플러스 (방배사옥),202112,58
서초구,2508. 양재이스타빌 앞,202112,697
서초구,2509. 심산기념문화센터,202112,289
서초구,2510. JW타워,202112,198
서초구,2511. 이수역 6번출구 앞,202112,530
서초구,2514.사평역 2번출구,202112,418
서초구,2515.서초초등학교 후문,202112,604
서초구,2516.본마을 노인복지센터 앞,202112,147
서초구,2517.서초3교(효령로69길 방면),202112,116
서초구,2518.서초3교(효령로70길 방면),202112,341
서초구,2519.서초2교(사임당로 방면),202112,112
서초구,2520.서초1교 (진흥아파트 방면),202112,343
서초구,2521.서초 크로바타워 앞,202112,423
서초구,2523.뉴코아 킴스클럽 앞,202112,518
서초구,2524.반포쇼핑타운 8동 앞,202112,519
서초구,2525.반포쇼핑타운 2동 앞,202112,662
서초구,2526.반포경남쇼핑 앞,202112,118
서초구,2527.반포중학교 앞(세화여고 맞은편),202112,102
서초구,2528.함지박 사거리,202112,404
서초구,2529.우리은행 방배동지점 앞,202112,374
서초구,2530.삼호3차아파트 앞,202112,644
서초구,2531.멤피스아파트 앞,202112,644
서초구,2532.국립국악원 앞,202112,100
서초구,2533.한가람미술관 앞,202112,144
서초구,2534.신흥교(애견훈련소),202112,12
서초구,2535.신반포역 3번출구 뒤,202112,181
서초구,2536.서초종합체육관 입구,202112,26
서초구,2537.양재역 8번출구 앞,202112,498
서초구,2538.사평리 공원,202112,397
서초구,2539.대한무역투자진흥공사 KOTRA 앞,202112,261
서초구,2540.반포천 앞,202112,795
서초구,2541.옛골 입구,202112,46
서초구,2542.신논현타워 앞,202112,561
서초구,2545.국립중앙도서관(국제회의장옆),202112,210
서초구,2547.포드서초서비스센터앞,202112,159
서초구,2548.반포1동 자율방범초소 옆,202112,145
서초구,2549.LH 서초 4단지 403동,202112,326
서초구,2550.양재동 꽃시장 건너편,202112,360
서초구,4303. 매헌역 2번출구앞광역버스 정류장앞(22-297),202112,411
서초구,4304. 서울고앞,202112,248
서초구,4305. 서일스포츠센터,202112,103
서초구,4306. 서래공원 앞,202112,365
서초구,4307. 고투몰 gate 15옆,202112,455
서초구,4309. 서초케이타운앞,202112,81
서초구,4310. 염곡동(염통골) 입구,202112,93
서초구,4312. 반포미도2차아파트 옆,202112,250
서초구,4313. 반포종합운동장,202112,271
서초구,4314. 탑성마을 버스정거장 옆,202112,19
서초구,4315. 이투스교육 앞,202112,166
서초구,4316. 고속터미널역 3번출구,202112,358
서초구,4317. 양재근린공원,202112,477
서초구,4318. 방배역 2번 출구,202112,434
서초구,4319. 삼성전자R&D어린이집 뒤,202112,93
서초구,4320. 신영체르니 아파트,202112,222
서초구,4322.서울추모공원 입구,202112,9
서초구,4323. 내곡도서관,202112,43
서초구,4324. 세화고등학교,202112,114
서초구,4327. 몽마르뜨공원입구,202112,111
서초구,4329. SC제일은행 양재동지점 앞,202112,145
서초구,"4330. 반포한강공원입구,씨티21옆",202112,279
성동구,3511. 응봉역 1번출구,202112,1632
성동구,3513. 상왕십리역 1번출구,202112,1294
성동구,3514. 왕십리교회옆,202112,1782
성동구,3515. 서울숲 관리사무소,202112,580
성동구,3525. 금호스포츠센터앞,202112,313
성동구,3527. 왕십리 자이아파트,202112,49
성동구,3530. 왕십리자이아파트 후문(삼거리),202112,215
성동구,3531. 논골사거리(금호도서관 입구),202112,141
성동구,3532. 왕십리KCC스위첸아파트,202112,142
성동구,3538. 서울숲 IT캐슬,202112,42
성동구,3544.한양대역 3번 출구,202112,776
성동구,3545.한양대역 1번출구,202112,389
성동구,3547.상왕십리역 6번 출입구,202112,268
성동구,3548.뚝섬역 6번출구,202112,1032
성동구,3549.건영아파트 앞,202112,1280
성동구,3550.금호나들목,202112,441
성동구,3551.성동도로사업소,202112,267
성동구,3552.서울숲 공영주차장앞,202112,281
성동구,3553.마장역3번출구,202112,293
성동구,3555.양지사거리(센트라스APT 115동앞),202112,171
성동구,3556.신금호파크자이APT앞,202112,189
성동구,3557.서울숲리버뷰자이APT105동 앞,202112,325
성동구,3558.마장동 금호어울림APT앞,202112,265
성동구,3559.성동구민종합체육센터 앞,202112,958
성동구,3560.성동구 견인차량 보관소 앞,202112,1014
성동구,3561.행당동 삼부APT후문,202112,119
성동구,3600.사근빗물펌프장 건너편,202112,1278
성동구,4353. 코오롱디지털타워 3차앞,202112,1193
성동구,4360. 르노삼성자동차 성수사업소 앞,202112,401
성동구,4362. 행당중학교 후문,202112,309
성동구,4363. 신금호역 2번출구 앞,202112,35
성동구,4367. kt 행당빌딩 앞,202112,343
성동구,4370. 서울숲IT캐슬 앞,202112,622
성동구,4373. 서울숲 지식산업센터,202112,321
성동구,4377. 우영테크노센터 앞,202112,490
성동구,506. 금호 어울림 아파트 앞,202112,480
성동구,507. 성수아이에스비즈타워 앞,202112,987
성동구,508. 성수아카데미타워 앞,202112,1765
성동구,509. 이마트 버스정류소 옆,202112,2447
성동구,510. 서울숲 남문 버스정류소 옆,202112,312
성동구,511. 서울숲역 4번 출구 옆,202112,688
성동구,512. 뚝섬역 1번 출구 옆,202112,1171
성동구,513. 뚝섬역 5번 출구 정류소 옆,202112,852
성동구,514. 성수사거리 버스정류장 앞,202112,1560
성동구,518. 청계천 박물관 앞,202112,360
성동구,519. 양지사거리,202112,627
성동구,520. 상왕십리역 4번 출구 앞,202112,493
성동구,521. 왕십리역 11번 출구 앞,202112,960
성동구,522. 금호역 1번출구 앞,202112,175
성동구,523. 옥수동성당 옆,202112,96
성동구,524. 래미안금호하이리버 아파트 102동 옆,202112,199
성동구,525. 한양대병원사거리,202112,588
성동구,526. 용답토속공원 앞,202112,312
성동구,529. 장한평역 8번 출구 앞,202112,1294
성동구,530. 청계벽산아파트 앞,202112,792
성동구,533. 우리은행 금호동 지점 앞,202112,181
성동구,534. 금호사거리,202112,213
성동구,535. 응봉삼거리,202112,327
성동구,536. 행당역 2번출구 앞,202112,479
성동구,537. 한양대후문역 부근,202112,795
성동구,538. 답십리역 8번출구 앞,202112,498
성동구,550. 서울시설공단 앞,202112,717
성동구,556. 달맞이공원,202112,59
성동구,557. 도선동 주민센터 앞,202112,766
성동구,558. 성동광진 교육지원청 앞,202112,999
성동구,559. 왕십리역 4번 출구 건너편,202112,1386
성동구,560. 비전교회 앞,202112,1391
성동구,561. 서울숲역 2번출구 앞,202112,1207
성동구,562. 군자지하보도 앞,202112,587
성동구,563. 성동세무서 건너편,202112,1873
성동구,564. 금호역 3번출구,202112,80
성동구,565. 옥수역 3번출구,202112,2090
성동구,567. 성수역 2번출구 앞,202112,2803
성동구,568. 청계8가사거리 부근,202112,1515
성동구,569. 응봉현대아파트 정류소,202112,123
성동구,578. 성동세무서 부근,202112,1095
성동구,579. 마장역 4번출구,202112,647
성동구,581. 용답초등학교,202112,1
성동구,582. 경일중학교 앞,202112,1032
성동구,583. 청계천 생태교실 앞,202112,2006
성동구,585. 성수2가1동 공영주차장 인근,202112,2269
성동구,586. 마장동 주민센터,202112,396
성동구,587. 유니베라 앞,202112,1496
성동구,589. 성수역3번출구,202112,2860
성동구,594. 중랑물재생센터(서울새활용플라자),202112,505
성동구,9980. 에이텍,202112,13
성북구,1302. 한성대입구역6번출구 뒤,202112,424
성북구,1303. 돈암초교 입구,202112,463
성북구,1304. 만해공원,202112,230
성북구,1305. 성북구청,202112,647
성북구,1306. 한성대입구역2번출구,202112,1085
성북구,1308. 안암로터리 버스정류장 앞,202112,3168
성북구,1314. 정릉꿈에그린1단지 201동 앞,202112,173
성북구,1315. 고려사대부속중고 정문,202112,253
성북구,1316. 고려사대부속중고 건너편,202112,296
성북구,1318. 길음역 3번출구 뒤,202112,785
성북구,1319. 종암사거리 분수대,202112,1166
성북구,1320. LG베스트샵 종암점,202112,51
성북구,1321. 국민은행 종암동지점 앞,202112,1561
성북구,1322. 래미안라센트아파트 103동 앞,202112,837
성북구,1323. 월곡역 입구 육교 밑,202112,245
성북구,1325. 상월곡역 4번출구,202112,375
성북구,1326. 상월곡역 1번출구,202112,472
성북구,1327. 상월곡역 3번출구,202112,831
성북구,1328. 월곡역 3번출구,202112,1546
성북구,1332. 석계역 5번출구 건너편,202112,896
성북구,1333. 석관초등학교 앞,202112,690
성북구,1334. 석관동주민센터 앞,202112,605
성북구,1336. 성북3교 위,202112,939
성북구,1337. 돈암성당 옆,202112,1006
성북구,1338. 용문2교 옆,202112,832
성북구,1339. 삼성전자서비스 성북센터,202112,486
성북구,1340. 광운초등학교 앞,202112,383
성북구,1342. 성북쉼터 앞,202112,161
성북구,1343. 한성대7번출구 앞,202112,454
성북구,1344. 아리랑시네센터 앞,202112,596
성북구,1346. 길음8골어린이공원 옆,202112,525
성북구,1347. 길음래미안아파트817동 상가 앞,202112,247
성북구,1348. 성북제일새마을금고 본점 앞,202112,347
성북구,1349. 월계2교 버스정류장 앞,202112,418
성북구,1351. 안암2교 옆,202112,1342
성북구,1352. e 편한세상 보문아파트 내,202112,138
성북구,1353. 금호어울림센터힐 내,202112,296
성북구,1354. 고려대학교 2번출구,202112,1031
성북구,1355. 보문2교,202112,1291
성북구,1357. 북한산보국문역,202112,309
성북구,1358. 정릉도서관 앞,202112,431
성북구,1359. 장위뉴타운 꿈에 숲 코오롱 하늘채 앞,202112,677
성북구,1360. 정릉역,202112,413
성북구,1361. 홍익중고 입구,202112,626
성북구,1362. 보문역6번출구 앞,202112,855
성북구,1363. 보문4교 인근,202112,1432
성북구,1364. 성북동 치안센터 앞,202112,531
성북구,1365. 선잠단지 앞,202112,234
성북구,1367. 길음문화복합미디어센터,202112,279
성북구,1368. 성신여대입구 교차로,202112,495
성북구,1369. 미아사거리,202112,962
성북구,1370. 복자사랑 피정의 집,202112,248
성북구,1372. KEB은행 고대점,202112,734
성북구,1373. 성북구보건소 건너편,202112,588
성북구,1375. 생명의 전화 종합복지관 앞 교차로,202112,742
성북구,1377. 한국과학기술연구원 북문,202112,132
성북구,1379.길음뉴타운푸르지오아파트 3단지,202112,232
성북구,1380.월곡역 5번출구 앞,202112,896
성북구,1381.석계역 4번출구 뒤,202112,954
성북구,1382.래미안월곡아파트 입구,202112,651
성북구,1384.성신여대입구역 5번출구,202112,1006
성북구,1385.성신여대입구역 3번출구 앞,202112,779
성북구,1386.동선고가차도 초입,202112,298
성북구,1388.커핀그루나루,202112,461
성북구,1390.석관래미안아트리치,202112,895
성북구,1391.성북청소년센터,202112,339
성북구,1392.돈암삼성풍림아파트,202112,128
성북구,1393.돈암육교 하단,202112,189
성북구,1394.길음뉴타운 래미안9단지,202112,431
성북구,1395.래미안장위포레카운티(102동),202112,448
성북구,1396.래미안장위퍼스트하이(513동),202112,681
성북구,4406. 장곡초등학교 앞,202112,588
성북구,4408. 돌곶이역 앞,202112,926
성북구,4411. 동산어린이공원 앞,202112,405
성북구,4414. 안암역 3번 출구,202112,324
성북구,4415. 미아초교버스승강장,202112,79
송파구,1201. 가락시장역 3번 출구,202112,1515
송파구,1203. 밀리아나2빌딩 앞,202112,1270
송파구,1204. 거여역 3번출구,202112,900
송파구,1205. 종합운동장역 4번출구,202112,813
송파구,1206. 9호선종합운동장역 9번출구,202112,626
송파구,1207. 마천CU우방점 앞,202112,623
송파구,1208. 풍납현대아파트쉼터,202112,883
송파구,1209. 잠실나루역 (2번 출구 쪽),202112,1789
송파구,1210. 롯데월드타워(잠실역2번출구 쪽),202112,5187
송파구,1211. 방이삼거리,202112,2505
송파구,1212. 송파역 2번 출구앞,202112,902
송파구,1213. 백토공원 앞,202112,297
송파구,1214. 오금역 7번 출구 인근,202112,595
송파구,1215. 올림픽공원역 1번출구 앞,202112,1109
송파구,1217. 송파파인타운 7단지,202112,493
송파구,1218. 방이역 4번출구,202112,1331
송파구,1220. 잠실본동주민센터뒤 잠실근린공원,202112,1225
송파구,1221. 삼전사거리 포스코더샵,202112,1095
송파구,1222. 잠실새내역 5번 출구 뒤,202112,1787
송파구,1224. 아시아지하보도 2번 출구,202112,796
송파구,1226. 잠실4동 주민센터 옆,202112,997
송파구,1227. 거여역 8번출구 뒤,202112,1036
송파구,1228. 마천사거리,202112,604
송파구,1229. 송파체육문화회관 앞,202112,660
송파구,1230. 송파중학교 정문,202112,469
송파구,1231. 잠실역 6번출구,202112,994
송파구,1232. 롯데마트 주차장 옆,202112,1389
송파구,1233. 잠실3거리(갤러리아팰리스),202112,693
송파구,1235. 잠실트리지움310동 옆,202112,1050
송파구,1239. 문정 법조단지3,202112,462
송파구,1240. 문정 법조단지4,202112,338
송파구,1241. 문정 법조단지5,202112,117
송파구,1242. 문정 법조단지6,202112,102
송파구,1243. 문정 법조단지7,202112,1506
송파구,1244. 문정 법조단지8,202112,1378
송파구,1245. 문정 법조단지9,202112,910
송파구,1246. 문정 법조단지10,202112,1243
송파구,1247. 문정 법조단지11,202112,570
송파구,1248. 방이초등학교,202112,1295
송파구,1249. 아주중학교건너편,202112,755
송파구,1250.문정2동 주민센터,202112,139
송파구,1251. 석촌역 2번출구,202112,1710
송파구,1253. 오금역 3번 출구 뒤,202112,631
송파구,1256. 문정현대아파트 교차로,202112,494
송파구,1257. 가락시장역 롯데마트앞,202112,633
송파구,1258. 가락미륭아파트 앞,202112,338
송파구,1259. 방이역 1번출구,202112,888
송파구,1260. 방이동 한양3차아파트 옆,202112,689
송파구,1262. 송파여성문화회관 앞,202112,1313
송파구,1263. 장지공영차고지,202112,239
송파구,1264. 천호역 10번 출구 앞,202112,2085
송파구,1265. 문정동 근린공원,202112,702
송파구,1266. 문정동 글샘 공원,202112,418
송파구,1267. 올림픽공원 남2문 앞,202112,549
송파구,1268. 몽촌토성역 1번출구 옆,202112,1160
송파구,1269. 리센츠아파트,202112,865
송파구,1271. 송파도서관,202112,607
송파구,1274. 영파여고 앞,202112,778
송파구,1275. 거여초등학교 옆,202112,330
송파구,1277. 오금동 송파 참병원,202112,841
송파구,1278. 송파구청 교차로,202112,1126
송파구,1279. 마천금호어울림 1차아파트 건너편,202112,277
송파구,1280. 송파파크데일 2단지입구 앞 주차장,202112,510
송파구,1282. 송파소방서 맞은편(성내4교),202112,1163
송파구,1283. 오금공원 사거리,202112,78
송파구,1285. 위례별 유치원 뒤,202112,333
송파구,1286. 위례중앙푸르지오 1단지 앞,202112,692
송파구,1287. 위례아이파크 101동 맞은편,202112,316
송파구,1288. 문정중교 사거리,202112,546
송파구,1289. 풍납동 자전거보관소,202112,227
송파구,1290. 위례송파꿈에그린아파트24단지 앞 성벽 다리 밑,202112,202
송파구,1291. 서울체육고등학교 앞,202112,242
송파구,1293. 석촌호교차로 (스타벅스 앞),202112,1896
송파구,1295. 잠실역 8번출구,202112,2104
송파구,1296. 석촌호수교차로 (송파나루근린공원 앞),202112,275
송파구,1297. 석촌호수교차로(동호 팔각정 앞),202112,907
송파구,1299. 송파소방서 (방이119안전센터),202112,430
송파구,1300. 오륜사거리,202112,426
송파구,2601. 석촌호수 아뜰리에,202112,1334
송파구,2603. 송파 글마루 도서관,202112,441
송파구,2604. 삼표레미콘 앞,202112,652
송파구,2605. 복정역 1번 출구 앞,202112,706
송파구,2606. 위례동주민센터 맞은편 근린공원,202112,1135
송파구,2608. 송파구청,202112,2906
송파구,2609. 보성중고등학교 후문 앞,202112,87
송파구,2610. 송리단길,202112,1854
송파구,2611. 송파지역자활센터 뒤,202112,1612
송파구,2612. 문정·가락 대여소 앞,202112,32
송파구,2613. 잠실나들목,202112,900
송파구,2614. 가락고등학교 앞,202112,268
송파구,2615. 테라타워2,202112,1390
송파구,2616. 거여동 사거리,202112,252
송파구,2617. 가락삼환아파트 앞,202112,418
송파구,2618. 삼전역 1번출구,202112,971
송파구,2619. 석촌고분역 4번출구,202112,1265
송파구,2620. 송파나루역 4번 출구옆,202112,2458
송파구,2621. 한성백제역 2번 출구,202112,1427
송파구,2622. 올림픽공원역 3번출구,202112,2696
송파구,2623.석촌동 주민센터,202112,1732
송파구,2625.가락1동 주민센터,202112,359
송파구,"2626.경찰병원역 1,2번 출구 사이",202112,499
송파구,2627.문정시영아파트 5동 앞 공원,202112,507
송파구,2628.문정역 1번출구,202112,1242
송파구,2630.서울방이동 고분군,202112,1033
송파구,2631.배명고등학교,202112,585
송파구,2632.석촌고분역 2번 출구,202112,1561
송파구,2633.송파학사 옆,202112,765
송파구,2634.위례포레샤인아파트 2318동,202112,329
송파구,2635.잠실새내역 1번출구,202112,1094
송파구,2637.잠실월드 메르디앙,202112,1174
송파구,2638.쌍용아파트,202112,938
송파구,2639.석촌역 8번출구,202112,2017
송파구,2641.송파역 4번출구,202112,1670
송파구,2642.마천동 성내천 쉼터,202112,543
송파구,2643.풍납중학교 측면,202112,210
송파구,2644.성내5교 (GS주유소),202112,761
송파구,2645.잠실나들목2(엘스아파트136동),202112,212
송파구,2646.레이크펠리스101동앞,202112,1607
송파구,2647.잠실 자전거 수리센터 앞,202112,1684
송파구,2648.헬리오시티 112동 앞,202112,745
송파구,2649.오금공원사거리2,202112,191
송파구,2650.위례22단지 2208동 다리앞,202112,251
송파구,2651.경찰병원역 3번출구 앞,202112,757
송파구,2652.송파 레미니스1단지 102동 앞,202112,620
송파구,2653.올림픽공원사거리(선수촌아파트),202112,772
송파구,2654.올림픽선수촌아파트 136동 앞,202112,365
송파구,2655.송이공원,202112,365
송파구,2656.풍납동 아이파크 107동 앞,202112,595
송파구,2657.송파 파인타운 11단지,202112,322
송파구,2658.가락몰 업무동,202112,815
송파구,2659.서울친환경유통센터,202112,97
송파구,4452. 삼성SDS,202112,1622
송파구,4453. 위례중앙푸르지오 201동 앞,202112,977
송파구,4454. 위례 포레샤인 1809동 부근,202112,437
송파구,4456. 위례포레샤인 2310동 부근,202112,517
송파구,4457. 아산병원 기숙사 부근,202112,1319
송파구,4458. 서울힐링요양병원 앞,202112,431
송파구,4460. 올림픽훼미리아파트 112동 앞,202112,746
송파구,4461. 한양3차아파트 3동 앞,202112,120
송파구,4462. 가락중학교 앞,202112,374
송파구,4463. 방이역 2번 출구,202112,389
송파구,4464. 올림픽공원 북2문,202112,592
송파구,4465. 건영아파트앞 사거리,202112,1021
송파구,4467. 한림연예예술고등학교,202112,520
송파구,4468. 가락1동 주민센터 2,202112,614
송파구,4469. 거여동 어울림아파트 102동앞,202112,605
송파구,4472. 송파파크데일 1단지 115동 건너편,202112,337
송파구,4473. 마천금호어울림 1차 102동앞,202112,183
송파구,4474. 가락현대 1차 11동 앞,202112,195
송파구,4475. 송파파인타운 4단지 403동,202112,303
송파구,4478. 문정근린공원2,202112,611
송파구,4479. 문정중학교,202112,128
송파구,4480. 가락시장역 롯데마트2,202112,505
송파구,4481. 올림픽공원 북2문 2,202112,1105
송파구,4483. 잠실나들목4,202112,530
송파구,4484. 잠실나루역4번출구뒤,202112,731
송파구,4485. 잠실나루역 고가하부,202112,249
송파구,4486. 홈플러스 잠실점,202112,1003
송파구,4488. 문현중.고등학교 사이,202112,130
송파구,4490. 송파파인타운 10단지 1005동,202112,182
송파구,4491. 장지역 1번출구,202112,875
송파구,4493. 마천사거리 2,202112,403
송파구,4496. 잠실 파크리오 120동 앞,202112,693
송파구,4497. 아시아선수촌아파트 교차로,202112,399
송파구,4499. 세양청마루 101동 앞,202112,395
송파구,4500. 풍납나들목,202112,561
송파구,4852. 서울복합물류 게이트 1,202112,1168
송파구,4853. 송파 안전체험교육관,202112,51
송파구,4854. 가락시장역 2번 출구,202112,616
송파구,4855. 거여5단지 503동 앞,202112,523
송파구,4856. 올림픽공원 서1문 앞,202112,323
송파구,4857. 올림픽공원 장미광장,202112,244
송파구,4859. 잠실나루 나들목,202112,637
송파구,4860. 가락쌍용2차아파트 103동,202112,373
송파구,4861. 거여삼거리,202112,212
송파구,4862. 올림픽파크텔 맞은편,202112,165
송파구,4863. 잠실나들목5,202112,166
송파구,4864. 송파사거리,202112,1450
송파구,4865. 한성백제역 1번출구 뒤,202112,1526
송파구,4867. 가락대림아파트 앞,202112,434
송파구,4868. 레이크 호텔 앞,202112,1612
송파구,4869. 잠실나들목6,202112,226
송파구,4870. 몽촌토성역 3번 출구,202112,2134
송파구,4871. 오금동 대림아파트 정문,202112,373
송파구,4872. 개롱역 3번 출구 뒤,202112,673
송파구,4873. 개롱역사거리 2번 출구,202112,457
송파구,4874. 탄천1교 하부보도,202112,182
송파구,4875. 위례포레샤인13단지,202112,418
송파구,4876. 삼전동주민센터 앞,202112,854
송파구,4879. 마천청소년센터,202112,76
송파구,4880. 송파청소년센터,202112,486
송파구,4881. 거여동사거리 송파둘레길 입구,202112,135
송파구,4882. 위례포레샤인18단지 1802동,202112,207
송파구,4883. 위례포레샤인18단지 1812동,202112,94
송파구,4884. H비즈니스파크,202112,545
송파구,4885. 가든파이브 리빙관,202112,108
송파구,4886. 배명고등학교 건너편,202112,199
송파구,4887. 호돌이상가,202112,192
송파구,4888. 둔촌오륜역 2번출구,202112,46
송파구,4889. 마천역 1번 출구 인근②,202112,177
송파구,4891. 위례포레샤인17단지 위례대로 방면,202112,429
송파구,4892. 성내유수지 체육공원,202112,143
송파구,4893. 문정법조단지12,202112,358
송파구,4894. 문정법조단지13,202112,578
송파구,4895. 위례포레샤인15단지 상가,202112,357
송파구,4896. 위례포레샤인15단지,202112,118
송파구,4897. 잠실주공5단지1,202112,355
양천구,4507. 삼성전자서비스 신정센터,202112,533
양천구,4508. 유원목동아파트 앞,202112,1321
양천구,4509. 서울영상고교 입구,202112,1739
양천구,4510. 신정네거리역 교차로,202112,724
양천구,4512. 목동13_14단지 사거리,202112,570
양천구,4514. 목동성당 앞,202112,1155
양천구,4515. 동문굿모닝탑,202112,1832
양천구,4516. 신진빌라,202112,288
양천구,4517. 성보하이드로빌딩,202112,486
양천구,4518. 청기와빌딩,202112,471
양천구,4519. 양원보도육교,202112,92
양천구,4520. 대성유니드아파트,202112,459
양천구,4522. 다이소신곡시장점,202112,688
양천구,4523. 구립양천어르신요양센터,202112,66
양천구,4526. 목동아파트2단지 222동 앞,202112,669
양천구,4527. 목동신시가지아파트6단지,202112,950
양천구,4528. 양천구청역 1번출구,202112,644
양천구,4530. 버거킹 신월점 앞,202112,404
양천구,4531. 목동아파트 613동 앞,202112,1728
양천구,4532. 목동현대아파트 후문 앞,202112,751
양천구,4534. 월정초교 앞 사거리,202112,305
양천구,4535. 목동12단지 아파트,202112,461
양천구,4536. 양천해누리체육공원,202112,234
양천구,700. KB국민은행 염창역 지점 앞,202112,776
양천구,701. 목동사거리 부근,202112,1108
양천구,702. 목4동주민센터 옆,202112,1323
양천구,703. 오목교역 7번출구 앞,202112,2924
양천구,704. 남부법원검찰청 교차로,202112,1916
양천구,706. 신정네거리역,202112,613
양천구,708. 서울출입국관리사무소 앞,202112,2450
양천구,709. 신정3동 현장민원실 앞,202112,702
양천구,710. 금옥여고보도육교,202112,249
양천구,711. 신일해피트리아파트 앞,202112,814
양천구,712. 강월초교입구 사거리,202112,392
양천구,713. 양서중학교 옆,202112,388
양천구,714. 한국SGI 양천문화회관 앞,202112,418
양천구,716.신정6동 주민센터 인근,202112,1070
양천구,719. 홍익병원앞 교차로,202112,1426
양천구,720. 서울강월초등학교 앞,202112,437
양천구,722. LG전자베스트샵 신정점,202112,902
양천구,723. SBS방송국,202112,1506
양천구,724. 계남공원 입구 주출입구 좌측,202112,244
양천구,725. 양강중학교앞 교차로,202112,649
양천구,726. 목동3단지 시내버스정류장,202112,1841
양천구,729. 서부식자재마트 건너편,202112,1625
양천구,731. 서울시 도로환경관리센터,202112,1162
양천구,732. 신월동 이마트,202112,547
양천구,733. 신정이펜하우스314동,202112,353
양천구,734. 신트리공원 입구,202112,1826
양천구,735. 영도초등학교,202112,1528
양천구,736. 오솔길공원,202112,782
양천구,737. 장수공원,202112,568
양천구,739. 신월사거리,202112,804
양천구,740. 으뜸공원,202112,706
양천구,741. 화곡로 입구 교차로,202112,145
양천구,742. 등촌역 5번 출구 뒤,202112,734
양천구,743. 현대6차아파트 101동 옆,202112,521
양천구,744. 신목동역 2번 출구,202112,1662
양천구,745. 강서초등학교,202112,332
양천구,746. 목동2단지 상가,202112,1920
양천구,747. 목동3단지 상가,202112,1013
양천구,748. 목동운동장,202112,474
양천구,749. 이대 목동병원 앞,202112,692
양천구,750. 연의근린공원 건너편,202112,480
양천구,752. 성원2차 아파트,202112,817
양천구,754. 목동1단지아파트 118동 앞,202112,1103
양천구,755. 목동1단지아파트 상가 앞,202112,1541
양천구,756. 목동주차장,202112,934
양천구,757. 신정이펜하우스 1단지아파트 입구 사거리,202112,317
양천구,758. 한사랑교회 앞,202112,778
양천구,759. 보아스아파트 앞,202112,521
양천구,760. 잣절보도육교 아래,202112,351
양천구,762. 오목로 무중력지대 앞,202112,430
양천구,763. 목동11단지 아파트,202112,820
양천구,764. 목동청소년수련관,202112,1681
양천구,765. 오목교역 3번출구,202112,2948
양천구,766. 신목동역 3번출구,202112,823
양천구,767.신정숲속마을아파트,202112,282
양천구,768.목동5단지아파트 501동,202112,1149
양천구,769.CBS방송국 앞,202112,2601
양천구,770.목동역5번출구 교통정보센터 앞,202112,4270
양천구,771.목동아파트 703동 앞,202112,1514
양천구,"773.염창역 3, 4번 출구 사이",202112,765
양천구,774.등촌역 4번 출구,202112,617
양천구,775.세종그랑시아 앞(102동),202112,774
양천구,776.목마공원,202112,250
양천구,777.신월6차보람아파트 앞,202112,621
양천구,779. 신정1동 주민센터 앞,202112,1699
양천구,780.신정교 하부,202112,1347
양천구,781.신정보도육교 아래,202112,1938
양천구,782.서남병원 후문,202112,511
양천구,"785.양천구청, 보건소 사잇길",202112,3367
양천구,786.목동아파트 8단지 상가동 앞,202112,1334
양천구,787.양천아파트 입구,202112,1879
양천구,788.양천구청역 2번출구 옆,202112,1634
양천구,790.화곡고가 사거리,202112,558
양천구,791.현대하이페리온,202112,1568
양천구,792.목동트라팰리스 웨스턴에비뉴,202112,2810
양천구,793.목동5단지아파트 534동,202112,1349
양천구,794.양천문화회관,202112,1272
양천구,795.양천 해누리타운,202112,1622
양천구,796.목동아파트 14단지 B상가 앞,202112,1180
양천구,797.목동아파트 1422동 1434동 사잇길,202112,1876
영등포구,200. 국회의원회관,202112,134
영등포구,201. 진미파라곤 앞,202112,937
영등포구,202. 국민일보 앞,202112,2207
영등포구,203. 국회의사당역 3번출구 옆,202112,1251
영등포구,204. 국회의사당역 5번출구 옆,202112,823
영등포구,205. 산업은행 앞,202112,883
영등포구,206. KBS 앞,202112,1505
영등포구,207. 여의나루역 1번출구 앞,202112,3554
영등포구,209. 유진투자증권빌딩 앞,202112,1012
영등포구,210. IFC몰,202112,2950
영등포구,211. 여의도역 4번출구 옆,202112,2229
영등포구,212. 여의도역 1번출구 옆,202112,982
영등포구,213. KT앞,202112,1178
영등포구,214. 금융감독원 앞,202112,1032
영등포구,215. 여의도고교 앞,202112,528
영등포구,217. NH농협은행 앞,202112,1647
영등포구,219. 롯데캐슬엠파이어 옆,202112,787
영등포구,220. 미성아파트 A동 앞,202112,902
영등포구,221. 여의도초교 앞,202112,845
영등포구,222. 시범아파트버스정류장 옆,202112,1646
영등포구,223. 진주아파트상가 앞,202112,666
영등포구,224. 롯데캐슬 앞,202112,1402
영등포구,225. 앙카라공원 앞,202112,986
영등포구,226. 샛강역 1번출구 앞,202112,1061
영등포구,227. 양평2나들목 보행통로 입구,202112,921
영등포구,228. 선유도역 3번출구 앞,202112,1676
영등포구,229. 양평1 보행육교 앞,202112,1182
영등포구,230. 영등포구청역 1번출구,202112,4108
영등포구,231. 남부고용노동지청 남측,202112,991
영등포구,232. 양평우림 이비즈센타 앞,202112,1389
영등포구,233. YP 센터 앞,202112,481
영등포구,234. 영등포구민체육센터 앞,202112,611
영등포구,235. 신길동 우리은행 옆,202112,541
영등포구,236. 문래동자이아파트 앞,202112,1441
영등포구,238. 제2구민체육센타 앞,202112,788
영등포구,239. 유스호스텔 앞,202112,764
영등포구,240. 문래역 4번출구 앞,202112,2110
영등포구,241. 신길우성1차아파트 앞 공원,202112,525
영등포구,242. 신길선원가와인아파트 앞,202112,672
영등포구,243. 이앤씨드림타워 앞,202112,1741
영등포구,244. 영등포삼환아파트 앞,202112,1148
영등포구,245. 삼성생명 당산사옥 앞,202112,1900
영등포구,247. 당산역 10번출구 앞,202112,3820
영등포구,248. 초원아파트 앞,202112,500
영등포구,249. 여의도중학교 옆,202112,615
영등포구,250. 대림아파트 사거리,202112,483
영등포구,251. 서울지방병무청 버스정류장,202112,515
영등포구,252. 보라매역4번출구,202112,1036
영등포구,253. 신풍역 5번출구 인근,202112,604
영등포구,254. 도림신협 앞,202112,898
영등포구,255. 도림사거리,202112,906
영등포구,256. 동아에코빌입구,202112,779
영등포구,258. 신길역3번출구,202112,1050
영등포구,259. 대방역6번출구,202112,2066
영등포구,260. 여의도 마리나선착장 앞,202112,320
영등포구,262. 영문초등학교 사거리,202112,2662
영등포구,263. 근로자회관 사거리,202112,2026
영등포구,264. 교보생명보험 앞,202112,912
영등포구,265. 영등포유통상가 사거리,202112,931
영등포구,266. 영등포청과시장 사거리,202112,843
영등포구,267. 삼성화재 사옥 옆,202112,905
영등포구,268. 그랜드컨벤션센터 앞,202112,1360
영등포구,270. 증권거래소후문교차로,202112,679
영등포구,271. 샛강생태공원방문자센터 앞,202112,232
영등포구,272. 당산육갑문,202112,1877
영등포구,274. 영등포역지하쇼핑센타 5번출구,202112,2994
영등포구,275. 신동아아파트,202112,1706
영등포구,276. SK 영등포주유소,202112,1605
영등포구,278. 쌍용플레티넘오피스텔,202112,1216
영등포구,279. 영등포 푸르지오 아파트,202112,1149
영등포구,280. 양평동6차현대아파트 앞,202112,1574
영등포구,281. 신동아아파트 앞,202112,667
영등포구,282. 신한은행,202112,332
영등포구,283. 아크로타워 스퀘어(영등포시장),202112,2077
영등포구,284. 센트럴 푸르지오 시티 앞,202112,1398
영등포구,285. 대림3동사거리(하나은행),202112,501
영등포구,286. 우성아파트 교차로,202112,668
영등포구,287. 영등포전화국사거리 (서강어린이공원),202112,1418
영등포구,288. 쌍용예가(구청별관),202112,859
영등포구,289. 대림3동사거리,202112,665
영등포구,290. 당산동 SK V1 빌딩,202112,1291
영등포구,291. 문래동 하이테크 시티,202112,1660
영등포구,292. 영일 어린이공원,202112,866
영등포구,293. 충북 미래관,202112,1774
영등포구,295.영등포공원 분수대 앞,202112,175
영등포구,296.KT플라자 영등포점,202112,1369
영등포구,297.국회3문,202112,153
영등포구,298.KBS 연구동 건너편,202112,298
영등포구,299.여의도 순복음교회,202112,115
영등포구,3201.당산skv1센터,202112,1021
영등포구,3202.당산롯데캐슬프레스티지,202112,1618
영등포구,3203.도림동배드민턴체육관,202112,304
영등포구,3204.도림고가도로 밑,202112,648
영등포구,3205.문래현대2차,202112,634
영등포구,3206.문래동 주민센터,202112,717
영등포구,3207.양남사거리1,202112,359
영등포구,3211.신길 래미안 프레비뉴,202112,423
영등포구,3212.신풍역 6번출구,202112,757
영등포구,3214.영등포 푸르지오,202112,1194
영등포구,3215.강변삼성래미안,202112,765
영등포구,3219.영등포역 2번출구,202112,2162
영등포구,3220.래미안에스티움 앞 (신풍로),202112,902
영등포구,3221.서울특별시 남부교육지원청,202112,414
영등포구,4552. 코레일유통본사,202112,572
영등포구,4553. 당산삼성2차아파트,202112,1224
영등포구,4555. 대림우성2차아파트,202112,312
영등포구,4556. 리버뷰신안인스빌1차 후문,202112,925
영등포구,4557. 리버뷰신안인스빌2차 후문,202112,766
영등포구,4558. 대영중고 후문,202112,577
영등포구,4559. 신길역 2번출구,202112,1036
영등포구,4560. 양평동성원아파트,202112,600
영등포구,4561. 양평역 1번출구,202112,2348
영등포구,4563. 여의도 은하아파트,202112,446
영등포구,4564. 63스퀘어,202112,1085
영등포구,4565. 영등포 신세계백화점,202112,2411
영등포구,4566. 대림성원상떼빌아파트,202112,969
영등포구,4567. 한림대학교 강남성심병원 신관,202112,661
영등포구,4568. 영등포로터리,202112,997
영등포구,4569. 힐스테이트클래시안아파트,202112,574
영등포구,4571. 문래동롯데캐슬아파트,202112,2259
영등포구,4573. 두산위브아파트,202112,265
영등포구,4574. 영등포시장역 포레나영등포,202112,1597
영등포구,4575. 대림동 e편한세상영등포아델포레,202112,1204
영등포구,4576.보라매sk뷰 108동 앞,202112,503
영등포구,4578.보라매sk뷰,202112,343
영등포구,4579. 국회의사당 본관,202112,253
영등포구,4580. 국회3문,202112,259
영등포구,4581. 국회소통관,202112,266
영등포구,4582. 국회도서관,202112,100
영등포구,4583. 의정관,202112,132
영등포구,4584. 국회2문,202112,149
영등포구,4585. 국회6문,202112,85
영등포구,4588.양남사거리2,202112,614
영등포구,4589. KRX한국거래소(1),202112,285
영등포구,4590. KRX한국거래소(2),202112,437
영등포구,4591. 신길자이아파트,202112,202
영등포구,4592. 신길우성4차아파트,202112,1242
영등포구,4594. 양평교 영등포대여소,202112,774
영등포구,4598. 오목교 동측 지하보도,202112,697
영등포구,4599. 대림우성아파트 사거리,202112,380
영등포구,4600. 영등포구 총괄 우체국,202112,317
용산구,4602. 숙명여대앞 버스정류소 주변,202112,160
용산구,4603. 한강GS에클라트 건너편 교통섬,202112,397
용산구,4604. 원효로다목적체육관 앞,202112,154
용산구,"4605. 노들섬 다목적홀(동쪽) 숲, 앞",202112,214
용산구,4607. 국립중앙박물관 -용산가족공원 앞,202112,168
용산구,4608. 국립중앙박물관 정문 앞,202112,82
용산구,4609. 파크타워 104동 앞,202112,104
용산구,4610. 한남나인원 105동 앞,202112,290
용산구,4611. 국제루터교회 앞,202112,114
용산구,4612. 한남 준 J.FSS 앞,202112,93
용산구,4613. 서울갤러리아 앞,202112,145
용산구,4615. 크라운호텔앞 버스정류소,202112,279
용산구,4616. 신용산지하차도 앞,202112,320
용산구,4617. 동원베네스트 건너편,202112,114
용산구,4618. 풍전아파트 건너편,202112,301
용산구,4619. 한강트럼프월드3차 앞,202112,558
용산구,4620. 삼각지역 14번 출구 앞(교통섬),202112,559
용산구,4622. 한강중학교 앞 버스정류장,202112,177
용산구,4623. 라인프랜즈이태원점 앞,202112,350
용산구,4625. 용산공원갤러리앞,202112,177
용산구,4627. 효창공원앞역 5번출구 옆,202112,315
용산구,4629. 한강초교보도육교 앞,202112,503
용산구,4632. 용산 푸르지오 파크타운 1단지 앞,202112,181
용산구,4633. 센트럴파크타워 앞,202112,673
용산구,800. 목월공원 앞,202112,571
용산구,802. 한강진역 2번 출구 앞,202112,331
용산구,803. 한남초교 앞 보도육교,202112,120
용산구,805. 문배어린이공원 앞,202112,580
용산구,806. 전자랜드 본관 앞,202112,638
용산구,807. 서울역 12번 출구 앞,202112,544
용산구,808. 서빙고동 금호맨션 앞,202112,224
용산구,809. 한남 유수지 복개주차장,202112,418
용산구,810. 이태원지하보도,202112,457
용산구,811. 녹사평역1번출구,202112,309
용산구,812. 용산전쟁기념관,202112,114
용산구,813. 삼각지역 3번출구,202112,450
용산구,815. LIG강촌아파트 103동앞,202112,646
용산구,816. 신용산역 6번출구 앞,202112,992
용산구,817. 삼각지역 4번출구 앞,202112,701
용산구,818. 숙명여대 입구 교차로,202112,892
용산구,819. 선린인터넷 고등학교,202112,628
용산구,820. 청파동입구 교차로,202112,566
용산구,822. 이촌1동 마을공원,202112,208
용산구,823. 효창동주민센터 앞,202112,179
용산구,825. 서빙고동 주민센터 앞,202112,876
용산구,827. 국군복지단,202112,96
용산구,828. 숙대입구역 8번,202112,473
용산구,829. 베르가모앞,202112,455
용산구,830. 청암자이아파트앞,202112,278
용산구,831. 이태원관광특구입구,202112,342
용산구,832. 이촌1동 주민센터 뒤,202112,467
용산구,834. 효창공원앞역 3번출구 뒤,202112,822
용산구,835. 남영역 건너편,202112,617
용산구,836. 현대자동차서비스 앞,202112,315
용산구,837. 한남나들목 입구,202112,886
용산구,838. 숙대입구역 4번출구,202112,871
용산구,839. 보광동 삼성리버빌아파트 앞,202112,442
용산구,840. 용산 파크타워 앞,202112,407
용산구,841. 신용산역 1번 출구,202112,908
용산구,843. 녹사평역 광장,202112,599
용산구,844. 이촌2동 동원베네스트 아파트 앞,202112,513
용산구,845. 용산 선인상가,202112,486
용산구,846. 용산중학교,202112,775
용산구,847. 국방부민원실옆,202112,248
용산구,848. 삼각지12번 출구,202112,241
용산구,849. 삼각지 자이아파트,202112,765
용산구,850. KCC용산월츠타워,202112,416
용산구,851.효창 푸르지오 앞,202112,203
용산구,852.청암자이APT(103동),202112,320
용산구,853.용산역 맞은편,202112,1906
용산구,854.HID 유족동지회 앞,202112,102
용산구,855.이촌역5번출구 앞,202112,95
용산구,857. 현대 안성타워,202112,320
용산구,858.녹사평역3번 출구,202112,252
용산구,859.남산공원 야외식물원 앞,202112,47
용산구,860.LG한강 자이아파트 앞,202112,677
용산구,863.이촌역2번 출구,202112,190
용산구,864.순천향대학병원(한남오거리),202112,181
용산구,865.하얏트호텔 앞,202112,85
용산구,866.브라운스톤 남산아파트,202112,395
용산구,867.서빙고역 광장(1번출구),202112,243
용산구,869.노들섬 동측 앞,202112,145
용산구,870.노들섬 서측 앞,202112,632
은평구,4652. 신사두산위브2차아파트 앞,202112,832
은평구,4653. LG 베스트샵 앞,202112,390
은평구,4654. OK부동산 앞,202112,305
은평구,4657. 다이소앞,202112,853
은평구,4658. 녹번역1번출구앞,202112,233
은평구,4659. 커피데이응암동지점,202112,576
은평구,4663. 삼성디지털은평불광점앞,202112,411
은평구,4665. 김영혜손뜨개 앞,202112,298
은평구,4667. 폭포동입구 교차로,202112,217
은평구,4668. 기자촌사거리,202112,111
은평구,4671. 청구성심병원 앞,202112,451
은평구,4672. 준빌딩 앞,202112,217
은평구,4674. 녹번역e편한세상 캐슬 정문 앞,202112,513
은평구,4676. 갈현1동 주민센터,202112,324
은평구,4677. 백련산 SK뷰 아이파크 해모로 아파트 앞,202112,461
은평구,4678. 백련산로 녹번센트레빌,202112,275
은평구,900. 은평예술회관,202112,481
은평구,901. 응암1동사무소,202112,382
은평구,902. 진관동 은빛초등학교,202112,312
은평구,903. 은평뉴타운 아이파크,202112,449
은평구,904. 은평뉴타운 푸르지오,202112,497
은평구,905. 구파발역 2번출구,202112,932
은평구,906. 연신내역 5번출구,202112,1588
은평구,907. CJ 드림시티,202112,2114
은평구,908. 구산역 4번출구,202112,708
은평구,909. 백련산 힐스테이트 3차,202112,436
은평구,911. 은평평화공원(역촌역4번출구),202112,1247
은평구,912. 응암오거리,202112,1172
은평구,913. 이마트 은평점,202112,1608
은평구,914. 새절역 2번출구,202112,1360
은평구,915. 증산역 4번출구,202112,907
은평구,916. 평생학습관 앞,202112,859
은평구,917. 녹번역 4번출구,202112,816
은평구,919. 서울혁신파크,202112,560
은평구,921. 신도고등학교,202112,253
은평구,922. 연신내역 4번출구,202112,309
은평구,923. 국민은행 연서지점,202112,384
은평구,924. 메뚜기다리,202112,103
은평구,925. 불광역 2번출구,202112,332
은평구,927. 연신내역 3번출구 인근,202112,391
은평구,928. 은평역사한옥박물관,202112,152
은평구,930. 구 서부경찰서 건너편,202112,548
은평구,931. 역촌파출소,202112,2013
은평구,932. 예일여중,202112,670
은평구,933. LG서비스 역촌점,202112,1096
은평구,934. 신사동 성당,202112,209
은평구,937. 상림마을 롯데캐슬2단지 옆,202112,46
은평구,938. 금암 문화공원,202112,42
은평구,939. 은평구청 교차로,202112,417
은평구,941. 은평뉴타운 도서관,202112,341
은평구,942. 상림마을 생태공원,202112,193
은평구,943. 은평구청 보건소,202112,1265
은평구,945. 기자촌 사거리,202112,167
은평구,946. 독바위역,202112,411
은평구,947. 연신내 선일하이츠빌 정류소,202112,306
은평구,948. 디지털미디어 시티역 4번출구(DMC역),202112,620
은평구,949. 연신내역 1번 출구,202112,742
은평구,950. 구산역 2번 출구,202112,1028
은평구,952. 서울연신중학교,202112,267
은평구,953. 서울연신초등학교,202112,229
은평구,954. 은평뉴타운구파발9단지,202112,345
은평구,956. 응암시장교차로,202112,1324
은평구,958. 신한은행 응암동 지점 앞,202112,655
은평구,959. 구파발10단지 인근,202112,211
은평구,960. 구파발역 환승센터,202112,530
은평구,961. 불광역 9번 출구,202112,859
은평구,962. 은평뉴타운 힐데스하임,202112,596
은평구,963. 대호프라자아파트,202112,533
은평구,964. 북한산힐스테이트 7차아파트,202112,368
은평구,965. 서울특별시 은평병원,202112,472
은평구,966. 서울혁신파크1,202112,141
은평구,967. 서울혁신파크2,202112,232
은평구,968. 은평뉴타운 상림마을 13단지,202112,96
은평구,969. 은평 지웰테라스,202112,116
은평구,971. 역촌 센트레빌 아파트,202112,362
은평구,972. 수색역,202112,767
은평구,973.제각말푸르지오 5-1단지 아파트,202112,189
은평구,974.연신초등학교옆 마을마당,202112,99
은평구,975.백련산 힐스테이트상가앞,202112,345
은평구,976.진관고등학교앞,202112,362
은평구,977.신도중학교앞,202112,191
은평구,978.녹번 힐스테이트상가앞,202112,257
은평구,979.원풍빌라앞,202112,425
은평구,982.유니클로 은평점앞,202112,557
은평구,984.상신초등학교앞 버스정류장,202112,739
은평구,985.은평온누리약국앞,202112,566
은평구,989.응암 꼬꼬닭치킨호프 앞,202112,683
은평구,991.흥국사 정류장,202112,43
은평구,992.북한산입구 정류장,202112,118
은평구,993.은평뉴타운 은뜨락아파트앞,202112,363
은평구,994.북한산생태공원입구(교통섬),202112,200
은평구,995.은평다목적체육관,202112,208
은평구,996.응암역2번출구 국민은행 앞,202112,1561
종로구,301. 경복궁역 7번출구 앞,202112,744
종로구,302. 경복궁역 4번출구 뒤,202112,1270
종로구,303. 광화문역 1번출구 앞,202112,1627
종로구,305. 종로구청 옆,202112,1216
종로구,307. 서울역사박물관 앞,202112,670
종로구,308. 광화문 S타워 앞,202112,1337
종로구,309. 광화문역 6번출구 옆,202112,791
종로구,314. 국립현대미술관,202112,623
종로구,316. 종각역 1번출구 앞,202112,1521
종로구,326. 안국역 5번출구 앞,202112,931
종로구,327. 낙원상가 옆,202112,1064
종로구,328. 탑골공원 앞,202112,700
종로구,329. 청계2가 사거리 옆,202112,903
종로구,334. 종로3가역 2번출구 뒤,202112,991
종로구,335. 종로3가역 15번출구 앞,202112,799
종로구,337. 창경궁 입구,202112,380
종로구,338. 세운스퀘어 앞,202112,869
종로구,339. 종로4가 사거리,202112,890
종로구,340. 혜화동 로터리,202112,1033
종로구,3401.창신두산아파트,202112,80
종로구,3402.이화공영주차장,202112,429
종로구,3403.서울특별시 교육청,202112,152
종로구,3404.서울특별시 중부교육지원청,202112,120
종로구,3405.파크팰리스,202112,727
종로구,3406.세종로공원,202112,680
종로구,3407.안국동사거리(신),202112,951
종로구,3408.종로타워빌딩,202112,729
종로구,341. 혜화역 3번출구 뒤,202112,919
종로구,3410.종로3가역 8번출구,202112,1687
종로구,3411.종묘,202112,677
종로구,3412.세운상가,202112,522
종로구,3413.종로플레이스,202112,1482
종로구,3414.종로5가역 4번출구,202112,716
종로구,3415.동대문역6번출구,202112,809
종로구,3416.동묘앞역 6번출구,202112,1251
종로구,3417.창신3동주민센터,202112,802
종로구,3418.창신역2번 출구,202112,128
종로구,3419.국립어린이과학관,202112,359
종로구,342. 대학로 마로니에공원,202112,1545
종로구,3420.성균관대입구사거리(맥도날드),202112,809
종로구,3421.혜화역 1번출구,202112,1244
종로구,3422.성균관대 정문,202112,1025
종로구,3423.현대그룹(본사),202112,660
종로구,3425.광화문 풍림스페이스본 1단지앞,202112,460
종로구,3426.독립문역 2번출구 뒤,202112,248
종로구,3427.인왕산 아이파크 정문,202112,288
종로구,3428.서울미술관,202112,123
종로구,3429.AW컨벤션앞,202112,90
종로구,343. 예일빌딩(율곡로) 앞,202112,441
종로구,3430.구기치안센터 앞,202112,88
종로구,3431.로제우스 레포츠센터,202112,176
종로구,3432.종로2가 사거리,202112,1070
종로구,344. 성균관대 E하우스 앞,202112,731
종로구,345. 서울보증보험본사 앞,202112,1022
종로구,348. 독립문역 사거리,202112,818
종로구,349. 사직동주민센터,202112,494
종로구,351. 청운초교 앞 삼거리,202112,438
종로구,352. 중앙고입구 삼거리,202112,393
종로구,353. 재동초교 앞 삼거리,202112,576
종로구,354. 포르투갈 대사관 앞,202112,827
종로구,355. 서울사대부속초교 앞,202112,858
종로구,356. KT혜화지사 앞,202112,799
종로구,358. 성대입구 사거리,202112,669
종로구,359. 원남동사거리,202112,705
종로구,361. 동묘앞역 1번출구 뒤,202112,2151
종로구,362. 청계8가 사거리,202112,1274
종로구,363. 신설동역 11번출구 뒤,202112,1264
종로구,364. 창신역 1번출구 앞,202112,474
종로구,367. 독립문역 3-1번출구,202112,798
종로구,368. SK 서린빌딩 앞,202112,826
종로구,369. 광화문 시민열린마당,202112,760
종로구,385. 종각역 5번출구,202112,1034
종로구,388. 동성중학교 앞,202112,335
종로구,393. 동대문역 8번 출구,202112,1867
종로구,394. 경희궁 자이 3단지,202112,916
종로구,395. 경희궁 자이 2단지,202112,709
종로구,397. 종묘공영주차장 건너편,202112,263
종로구,446. 상명대입구,202112,368
종로구,447. 신영동삼거리,202112,73
종로구,449. 일성아파트,202112,194
종로구,450. 효자동 삼거리,202112,368
종로구,451. 청와대앞길,202112,144
종로구,452. 동대문 종합시장 버스정류장,202112,508
종로구,453. 종로오가 지하쇼핑센터 14번출구,202112,740
종로구,454. 종로2가 버스정류장 (종각방향),202112,971
종로구,455. 삼익한의원,202112,726
종로구,456. 숭인2동 주민센터 입구 (이강3대냉면),202112,791
종로구,457. 종로꽃시장 입구 옆,202112,721
종로구,458. 광화문역 5번출구,202112,1647
종로구,461. 서울지방경찰청,202112,775
종로구,462. 신영동삼거리(북악터널방향),202112,47
종로구,464. 삼청동 골목,202112,642
종로구,465. 삼청공원 앞,202112,115
종로구,"4702. 평창동 꽃여울(꽃집),스타벅스 앞",202112,43
종로구,4703. 쌍용아파트2단지 정문,202112,253
종로구,4705. 웰니스센터(민방위교육장 앞),202112,709
종로구,4707. 청계3가 사거리,202112,360
종로구,4708. 조계사앞사거리(파리바케트앞),202112,905
종로구,4709. 천지인 오피스텔 앞,202112,53
종로구,4710. 자교교회 앞,202112,1070
종로구,4711. 올림픽기념 국민생활관 로터리,202112,759
종로구,4713. 현대 뜨레비앙 아파트 앞,202112,1001
종로구,4715. 돈의문 박물관 마을,202112,264
종로구,486. 평창동주민센터 앞,202112,116
중구,300. 정동사거리,202112,777
중구,3013.서울지방고용노동청 앞,202112,798
중구,310. 청계광장 옆,202112,778
중구,318. 광교사거리 남측,202112,528
중구,320. 을지로입구역 4번출구 앞,202112,864
중구,321. KEB 하나금융그룹 명동사옥 옆,202112,683
중구,322. 명동성당 앞,202112,404
중구,324. 신세계백화점 본점 앞,202112,470
중구,331. 을지로2가 사거리 북측,202112,547
중구,332. 을지로2가 사거리 남측,202112,591
중구,336. 티마크 호텔 앞,202112,545
중구,346. 맥스타일 앞,202112,902
중구,347. 동대문역사문화공원역 9번출구 앞,202112,454
중구,370. 시청역(2호선) 9번출구 뒤,202112,1480
중구,371. 동대입구역 6번출구 뒤,202112,314
중구,372. 약수역 3번출구 뒤,202112,367
중구,374. 청구역 2번출구 앞,202112,915
중구,379. 서울역9번출구,202112,575
중구,380. CJ제일제당 앞,202112,1006
중구,381. 장충체육관,202112,85
중구,382. 약수역 10번출구 앞,202112,311
중구,383. 신당역 12번 출구 뒤,202112,1984
중구,384. 종로학원본원,202112,153
중구,387. 훈련원공원주차장 앞,202112,833
중구,389. 을지로4가역 1번출구,202112,698
중구,390. 충무로역 1번출구,202112,1096
중구,391. 정동길입구,202112,479
중구,398. 을지로3가역 3번출구,202112,947
중구,399. 서울역 센트럴 자이아파트,202112,599
중구,428. 명보사거리,202112,350
중구,429. 송도병원,202112,161
중구,430. KEB하나은행 장충동지점,202112,523
중구,431. 청계천 영도교,202112,2331
중구,433. 을지로입구역 2번출구,202112,925
중구,434. 신당 래미안 버스정류장,202112,307
중구,435. SK 남산빌딩,202112,183
중구,441.염천교사거리,202112,467
중구,442.서울역 서부,202112,225
중구,443.호암아트홀,202112,159
중구,445.대한상공회의소,202112,754
중구,466.롯데호텔,202112,194
중구,467.한국은행,202112,254
중구,468.웨스틴 조선호텔,202112,326
중구,469.회현역 1번출구,202112,278
중구,470.회현역 7번출구,202112,289
중구,471.회현사거리 남측,202112,459
중구,472.삼일교(시그니쳐 타워),202112,552
중구,473.을지로4가역 9번출구,202112,1102
중구,474.동대문역사문화공원역 1번출구 뒤편,202112,1070
중구,475.DDP 패션몰,202112,805
중구,4752. 삼성사이버빌리지아파트,202112,280
중구,4753. 우리은행 서소문금융센터,202112,447
중구,476.광희문,202112,562
중구,4760. 서울역 7번출구,202112,119
중구,4761. 탐앤탐스 을지로3가점,202112,225
중구,4762. 국제빌딩,202112,241
중구,4765. 동대문디자인플라자,202112,994
중구,4766. 서소문성지역사박물관,202112,151
중구,4768. 서울도시건축전시관,202112,1525
중구,477.앰배서더 호텔 주변,202112,232
중구,4772. 중앙일보,202112,201
중구,4774. 을지로입구역 8번출구,202112,422
중구,4775. 을지로지하쇼핑센터,202112,375
중구,4776. 신세계면세점,202112,269
중구,4777. 약수동 주민센터,202112,109
중구,4778. 대신파이낸스센터,202112,592
중구,4781. 브라운스위트레지던스,202112,314
중구,4782. 서소문역사공원,202112,130
중구,4784. 중부경찰서앞 사거리,202112,274
중구,4785. 롯데시티호텔,202112,309
중구,479.동대입구역 3번 출구,202112,194
중구,4791. 명동역9번 출구,202112,870
중구,4792. 퇴계로4가 교차로(중구청),202112,969
중구,4793. 동대문역사문화공원역 5번출구,202112,551
중구,4794. 서울역 서부교차로(3),202112,574
중구,4796. 부산은행,202112,1130
중구,4797. KG타워 앞,202112,642
중구,4798. 황학동롯데캐슬,202112,1212
중구,480.약수역 6번 출구,202112,334
중구,481.신당역 10번 출구,202112,1175
중구,482.예수소망교회,202112,57
중구,483.남산타운아파트 버스정류장,202112,202
중구,484.도동삼거리,202112,76
중구,485.서울역5번출구,202112,531
중구,826. 서울역 서부교차로2,202112,751
중랑구,1401. 극동늘푸른아파트,202112,850
중랑구,1402. 금란주차장 앞,202112,735
중랑구,1403. 중화빌딩 앞 (동부시장),202112,689
중랑구,1404. 동일로 지하차도,202112,1060
중랑구,1405. 망우역 1번출구,202112,359
중랑구,1406. 망우청소년수련관,202112,104
중랑구,1407. 먹골역 1번출구 뒤,202112,545
중랑구,1408. 먹골역 6번출구 앞,202112,474
중랑구,1410. 면목 대원칸타빌아파트,202112,108
중랑구,1411. 상봉시장앞 교차로 한성빌딩 앞,202112,640
중랑구,1412. 면목초등학교,202112,413
중랑구,1413. 봉화산역 5번출구 뒤,202112,674
중랑구,1416. 상봉역 3번출구,202112,1027
중랑구,1418. 새솔초등학교,202112,265
중랑구,1420. 신내어울공원 앞,202112,430
중랑구,1421. 신내역 4번출구,202112,252
중랑구,1422. 신내우디안아파트 1단지,202112,132
중랑구,1424. 양원역 2번출구,202112,126
중랑구,1425. 용마문화복지센터,202112,388
중랑구,1426. 면목도시개발아파트 1동 앞,202112,299
중랑구,1427. 용마산역 1번출구,202112,186
중랑구,1428. 원묵고등학교,202112,409
중랑구,1429. 장안중학교,202112,554
중랑구,1430. 중랑구청,202112,382
중랑구,1431. 중랑구청 사거리,202112,654
중랑구,1433. 중화역 2번출구,202112,959
중랑구,1435. 능산삼거리,202112,192
중랑구,1436. 영풍마드레빌,202112,364
중랑구,1437. 늘푸른공원 앞,202112,646
중랑구,1438. 홈플러스 신내점 앞,202112,956
중랑구,1440. 하나은행 면목지점,202112,891
중랑구,1441. 신내능말공원,202112,255
중랑구,1442. (구)신한은행 중랑교지점,202112,1128
중랑구,1444. 면목4치안센터,202112,647
중랑구,1445. 용마지구대,202112,104
중랑구,1446. 중랑전화국 교차로,202112,1029
중랑구,1447. 면목역 3번출구,202112,1386
중랑구,1448. 코스트코 상봉점,202112,968
중랑구,1449. 상봉역 1번출구,202112,1421
중랑구,1450. 화랑대역 7번출구,202112,713
중랑구,1451. 중랑세무서,202112,1186
중랑구,1452. 겸재교 진입부,202112,1159
중랑구,1453. 중랑캠핑숲,202112,132
중랑구,1454. 한국전력공사(동대문 중랑지사),202112,421
중랑구,1455. 상봉역 2번 출구,202112,1085
중랑구,1456. 상아빌딩(우림시장 교차로),202112,789
중랑구,1457. 동원사거리,202112,396
중랑구,1458. 상봉터미널2,202112,1302
중랑구,1459. 용마한신아파트사거리,202112,325
중랑구,1461.동양엔파트 앞,202112,667
중랑구,1462.동부시장 북문 앞,202112,956
중랑구,1463.중랑구민회관,202112,157
중랑구,1464.중화역 4번출구,202112,581
중랑구,1465.중랑공영차고지 옆,202112,444
중랑구,1466.두산대림아파트 삼거리,202112,196
중랑구,1467.sk신내 주유소앞(용마산로),202112,80
중랑구,1468.먹골역 7번 출구,202112,373
중랑구,1469.먹골역 4번출구,202112,562
중랑구,1470.중화동 우리은행 앞,202112,685
중랑구,1471.동양쇼핑 정류소 앞,202112,888
중랑구,1472.영성빌딩(PAT),202112,383
중랑구,1473.중랑역 1번 출구(중화문화복지센터),202112,783
중랑구,1474.서울중랑우체국,202112,612
중랑구,1477.면목삼익아파트 앞,202112,172
중랑구,1478.홈플러스 상봉점 앞,202112,886
중랑구,1479.면목 홈플러스 2,202112,397
중랑구,1480. 용마지구대 옆,202112,322
중랑구,4802. 새우개마을,202112,138
중랑구,4803. 상봉2동 주민센터 앞,202112,417
중랑구,4804. 동서울농협 앞,202112,643
중랑구,4807. 라코지스테이 앞,202112,268
중랑구,4808. 신내2동 주민센터 앞,202112,457
중랑구,"4809. 동성1,2차 아파트 앞",202112,523
중랑구,4811. 한양수자인아파트 앞,202112,137
중랑구,4812. 묵동 이마트 앞,202112,732
중랑구,4813. 망우로 버거킹 앞,202112,868
중랑구,4815. 중랑데시앙플렉스 앞,202112,184
중랑구,4819. 면목동 새싹어린이공원 앞,202112,765
중랑구,4820. 망우역 2번 출구,202112,633
중랑구,4821. 동원초등학교 정문 앞,202112,244
중랑구,4823. 방정환교육지원센터 옆,202112,393
중랑구,4824. 상봉신협 앞,202112,473
중랑구,4825. 신내동 벽산아파트 후문 앞,202112,332
중랑구,4826. 홈플러스 면목점,202112,508
중랑구,4827. 신내SK V1센터 앞,202112,159
중랑구,4828. 신내동 한살림 중랑지구 앞,202112,371
중랑구,4829. 신내동 마석감자탕 앞,202112,159
중랑구,4834. 용마복지센터 앞,202112,60
중랑구,4835. 망우동 본죽 앞,202112,218
