자치구,대여소 명,대여년월,대여건수
강남구,2301. 현대고등학교 건너편,202001,577
강남구,2302. 교보타워 버스정류장(신논현역 3번출구 후면),202001,690
강남구,2303. 논현역 7번출구,202001,297
강남구,2304. 신영 ROYAL PALACE 앞,202001,136
강남구,2305. MCM 본사 직영점 앞,202001,212
강남구,2306. 압구정역 2번 출구 옆,202001,794
강남구,2307. 압구정 한양 3차 아파트,202001,478
강남구,2308. 압구정파출소 앞,202001,310
강남구,2309. 청담역(우리들병원 앞),202001,136
강남구,2310. 청담동 맥도날드 옆(위치),202001,254
강남구,2311. 학동로 래미안 아파트 앞,202001,124
강남구,2312. 청담역 13번 출구 앞,202001,166
강남구,2313. 금원빌딩 앞,202001,471
강남구,2314. 청담나들목입구,202001,200
강남구,2315. 봉은사역 5번출구 옆,202001,699
강남구,2316. 삼성역 8번출구,202001,521
강남구,2317. 삼성도로공원,202001,252
강남구,2318. 삼성중앙역4번출구(문화센터더 리빌),202001,233
강남구,2319. 포스코4거리 서측(수협 삼성동 지점),202001,273
강남구,2320. 도곡역 대치지구대 방향,202001,433
강남구,2321. 학여울역 사거리,202001,424
강남구,2322. 삼성역 3번 출구,202001,309
강남구,2323. 주식회사 오뚜기 정문 앞,202001,184
강남구,2324. 천주교 대치 2동 교회 옆,202001,521
강남구,2325. 대치동 버거킹대치점,202001,551
강남구,2326. 대치동 삼성로,202001,279
강남구,2327. 뱅뱅사거리 랜드마크타워 앞,202001,466
강남구,2328. 르네상스 호텔 사거리 역삼지하보도 7번출구 앞,202001,262
강남구,2329. 르네상스호텔사거리 역삼지하보도 2번출구,202001,165
강남구,2330. 스타벅스 앞,202001,401
강남구,2331. 동영문화센터앞,202001,322
강남구,2332. 선릉역3번출구,202001,661
강남구,2333. 양재역 3번출구 주변,202001,737
강남구,2334. 삼호아파트 2동 ( 간선도로),202001,177
강남구,2335. 3호선 매봉역 3번출구앞,202001,505
강남구,2336. 강남세브란스교차로 래미안그레이튼 104동 앞,202001,144
강남구,2337. 대모산입구역 2번출구 앞,202001,209
강남구,2339. 현대아파트 정문 앞,202001,269
강남구,2340. 삼호물산버스정류장(23370) 옆,202001,627
강남구,2341. 일원역 4~5번 출구 사이,202001,154
강남구,2342. 대청역 1번출구 뒤,202001,703
강남구,2343. 세곡사거리 대왕파출소 앞,202001,50
강남구,2344. 리엔파크 2단지 앞,202001,192
강남구,2347. 두산건설 본사,202001,234
강남구,2348. 포스코사거리(기업은행),202001,753
강남구,2349. 역삼빌딩 앞(하나은행 옆),202001,336
강남구,2350. 래미안그레이튼102동앞,202001,156
강남구,2351. 청소년수련관(수영장)앞,202001,98
강남구,2352. 서울본부세관(건설회관 앞),202001,184
강남구,2353. 강남구청역 2번출구 뒤,202001,347
강남구,2354. 청담역 2번출구,202001,154
강남구,2355. 삼성역 5~6번 출구 사이,202001,716
강남구,2356. 강남구청,202001,214
강남구,2357. 르네상스호텔사거리 역삼지하보도 3번출구 앞 (더 오번 빌딩 명동칼국수 앞),202001,382
강남구,2358. 구룡초사거리 (현대아파트10동 앞 ),202001,177
강남구,"2359. 국립국악중,고교 정문 맞은편",202001,315
강남구,2360. 도곡1동 주민센터 교차로,202001,387
강남구,2361. 압구정역 교차로,202001,304
강남구,2362. 신사동 가로수길 입구,202001,438
강남구,2363. 강남 을지병원 교차로,202001,188
강남구,2364. 도산대로 렉서스 앞,202001,254
강남구,2365. K+ 타워 앞,202001,403
강남구,2368. 도곡동 경남아파트 건너편,202001,142
강남구,2369. KT선릉타워,202001,430
강남구,2370. 한티역 3번출구,202001,381
강남구,2371. 한국우편사업진흥원,202001,223
강남구,2372. 대치역 사거리,202001,440
강남구,2373. 개포동역 사거리,202001,367
강남구,2375. 수서역 1번출구 앞,202001,235
강남구,2376. 수서역 6번출구 앞,202001,101
강남구,2377. 수서역 5번출구 뒤,202001,775
강남구,2380. 삼성동베이직하우스앞,202001,279
강남구,2381. 언주역 6번출구앞,202001,251
강남구,2382. 역삼동 sk뷰 501동앞,202001,135
강남구,2383. 보금자리정원,202001,75
강남구,2384. 자곡사거리,202001,523
강남구,2385. 학동역,202001,404
강남구,2387. 래미안강남힐즈 사거리,202001,270
강남구,2388. 강남구 도시관리공단,202001,153
강남구,2389. 경기여자고등학교 후문 (삼성로3길 입구),202001,194
강남구,2390. 구룡마을 입구 (래미안블레스티지 아파트),202001,142
강남구,2391. 구룡터널 입구(개포1단지아파트),202001,19
강남구,2392. 구룡산 입구 (구룡산 서울둘레길 입구),202001,110
강남구,2393. 구룡사 앞 교차로 (보도육교),202001,54
강남구,2395. 개포1단지아파트 입구 (보도육교),202001,29
강남구,2396. 영동3교 북단(우성캐릭터 앞 보도),202001,288
강남구,2398. 더라움,202001,249
강남구,2401. 밀알학교 입구 (삼성서울병원 입구),202001,153
강남구,2403. 공무원연금매점 교차로 (개포주공9단지 입구),202001,75
강남구,2404. 대모산입구역 4번 출구 앞,202001,326
강남구,2405. 청담공원앞 교차로,202001,430
강남구,2406. 논현동 광명빌딩 앞,202001,130
강남구,2407. 역삼.서초.삼성 세무서 앞 (역삼빌딩 앞),202001,617
강남구,2408. 강남한양수자인아파트,202001,311
강남구,2409. 역삼동 디오슈페리움 (우성아파트 사거리),202001,419
강남구,2410. 포스코피앤에스타워 (역삼역 3번출구 부근),202001,312
강남구,2411. 세곡동 성당,202001,281
강남구,2412. 일원1동 주민센터,202001,500
강동구,1001. 광진교 남단 사거리(디지털프라자앞),202001,717
강동구,1002. 해공공원(천호동),202001,569
강동구,1003. 해공도서관앞,202001,473
강동구,1004. 삼성광나루아파트 버스정류장,202001,428
강동구,1006. 롯데캐슬 115동앞,202001,461
강동구,1007.암사동 선사유적지,202001,68
강동구,1008. 암사역 3번출구(국민은행앞),202001,1120
강동구,1009. 천호역4번출구(현대백화점),202001,1613
강동구,1010. 강동세무서,202001,1126
강동구,1011. LIGA 아파트 앞,202001,1184
강동구,1012. 서울 상운차량,202001,515
강동구,1013. 강동구청역 1번 출입구,202001,679
강동구,1014. 강동구평생학습관앞,202001,530
강동구,1015. 샛마을 근린공원,202001,472
강동구,1016. 해뜨는 주유소옆 리엔파크 109동앞,202001,215
강동구,1017. 맥도날드(길동),202001,741
강동구,1018. 둔촌 주공 GS 맞은편,202001,370
강동구,1019. 다성이즈빌아파트(호원대 대각선 맞은편),202001,1389
강동구,1020. 강동경찰서,202001,1281
강동구,1021. 강일동 리슈빌 빌딩앞,202001,482
강동구,1022. 길동 사거리(초소앞),202001,742
강동구,1023. 한국종합기술사옥 앞,202001,528
강동구,1024. 강동구청 앞,202001,851
강동구,1025. 상일초등학교,202001,120
강동구,1026. 대명초교 입구 교차로,202001,174
강동구,1027. 프라자 아파트 앞,202001,404
강동구,1028. 포레스 주상복합 빌딩,202001,515
강동구,1029. 롯데 시네마,202001,852
강동구,1030. 미호 플랜트 앞,202001,444
강동구,1031. 올림픽로 836(아리수로),202001,173
강동구,1032. 선사고등학교,202001,176
강동구,1033. 고덕동 아남아파트,202001,363
강동구,1034. 고덕동 래미안 힐스테이트,202001,145
강동구,1035. 고덕역 4번출구,202001,952
강동구,1036. 고덕동 주양쇼핑,202001,376
강동구,1037. 강일리버파크 6단지,202001,56
강동구,1038. 강일 다솜 어린이 공원,202001,35
강동구,1039. 고덕초등학교,202001,43
강동구,1041. 묘곡초등학교,202001,216
강동구,1042. 강일리버파크 2~5단지,202001,241
강동구,1044. 굽은다리역,202001,1186
강동구,1047. 건강보험 강동지사kt,202001,607
강동구,1048. 동부기업(둔촌동),202001,595
강동구,1049. 강일리버파크 10단지,202001,267
강동구,1050. 둔촌역 3번 출입구,202001,1459
강동구,1051. 양지시장 (용성약국앞) 입구,202001,566
강동구,1052. 리싸이클시티,202001,137
강동구,1053. 동명근린공원 진입로 (아리수로),202001,158
강동구,1054. 말우물 어린이 공원,202001,77
강동구,1056. 강일리버파크 7~11단지,202001,106
강동구,1057. 능골근린공원,202001,169
강동구,1059. 래미안 강동팰리스(102동),202001,599
강동구,1060. 천일초교 사거리,202001,351
강동구,1061. 천호초교 입구 사거리(일주빌딩),202001,419
강동구,1062. 고덕숲 아이파크 2,202001,171
강동구,3539. 서원마을,202001,86
강북구,"1501. 미아역 3번,4번 출구 사이",202001,547
강북구,1503. 이디야 커피 수유역점 앞,202001,1223
강북구,1504. 다이소 삼양시장점,202001,192
강북구,1506. 강북문화예술회관,202001,509
강북구,1509. 서울북부수도사업소,202001,365
강북구,1510. 번동주공5단지 관리사무소 앞,202001,128
강북구,1511. 번동 금호어울림아파트102동앞,202001,105
강북구,1512. 강북중학교 앞,202001,355
강북구,1513. 강북구청 뒷편,202001,211
강북구,1514. 강북구청 사거리 버스정류소 앞,202001,722
강북구,1515. 송천동 주민센터,202001,276
강북구,1516. 우이초등학교 후문 옆,202001,239
강북구,1518. SK telecom(수유직영점) 앞,202001,352
강북구,1519. 세븐일레븐 수유장미원점 앞,202001,361
강북구,1520. 성실교회,202001,387
강북구,1522. 월드전기조명인테리어(우이동),202001,196
강북구,1525. 미아동 복합청사,202001,194
강북구,1526. 수유동 채선당앞,202001,335
강북구,1527. 미아역 1번 출구 뒤,202001,394
강북구,1528. 삼각산동 주민센터,202001,338
강북구,1529. 미아동 한국전력공사,202001,595
강북구,1530. 광산사거리,202001,474
강북구,1531. 미아사거리 1번 출구,202001,759
강북구,1532. 번3동 주민센터 교차로,202001,318
강북구,"1533. 번동 주공3, 4단지 교차로",202001,555
강북구,1534. 북서울 꿈의 숲 동문,202001,188
강북구,1535. 효성인텔리안 앞,202001,950
강북구,1536. 번동 두산위브 101동 옆,202001,481
강북구,1537. 북한산 우이역,202001,224
강북구,1538. 솔밭공원역,202001,268
강북구,1539. 4.19민주묘지역,202001,512
강북구,1540. 가오리역,202001,393
강북구,1541. 삼양역,202001,181
강북구,1542. 삼양사거리역,202001,187
강북구,1543. 수유1동 주민센터,202001,268
강북구,1545. 솔샘역 2번 출구,202001,158
강북구,1546. 송천동우체국,202001,258
강북구,1547. 꿈의숲 롯데캐슬,202001,218
강북구,1548. 북서울 꿈의숲 서문,202001,267
강서구,1101. 개화동상사마을종점 버스정류장,202001,108
강서구,1102. 방화사거리 마을버스 버스정류장,202001,525
강서구,1103. 방화역 4번출구앞,202001,525
강서구,1105. 방화근린공원,202001,67
강서구,1106. 신방화사거리,202001,543
강서구,1108. 공항시장역 2번출구 뒤,202001,272
강서구,1109. 공항시장역 4번출구,202001,206
강서구,1110. 공항중학교앞,202001,271
강서구,1111. 마곡엠밸리6_7단지 마곡중학교,202001,455
강서구,1112. 마곡엠밸리4단지 정문,202001,1724
강서구,1113. 서남환경공원 버스정류장,202001,656
강서구,1114. 서남물재생센터 버스정류장,202001,82
강서구,1115. 등촌역 1번출구옆,202001,439
강서구,1117. 스타벅스앞,202001,1096
강서구,1118. 증미역 3번출구뒤(등촌두산위브센티움오피스텔),202001,1114
강서구,1119. 염창동 한마음아파트앞(염창동 빛나는 음악학원앞),202001,558
강서구,1120. 대림경동아파트앞,202001,688
강서구,1121. 가양레포츠센터앞,202001,522
강서구,1122. 황금내근린공원,202001,114
강서구,1124. 발산역 6번출구옆(다이소앞),202001,1264
강서구,1125. 명덕고교입구(영종빌딩),202001,834
강서구,1126. 우장산역 1번출구옆(우장산아이파크105동앞),202001,565
강서구,1127. 화곡역(에이스정형외과앞) 버스정류장,202001,489
강서구,1128. 화곡역 6번출구,202001,532
강서구,1129. 화곡역 1번 출구 앞,202001,379
강서구,1130. 화곡본동시장 버스정류장,202001,229
강서구,1131. 꿈돌이공원 앞,202001,681
강서구,1132. 등촌역 7번출구,202001,510
강서구,1135. 강서구의회,202001,546
강서구,1136. 등촌2파출소,202001,298
강서구,1137. 등촌2동주민센터,202001,260
강서구,1139. 용문사 버스정류장,202001,457
강서구,1140. 목동사거리 버스정류장,202001,559
강서구,1141. 곰달래 문화복지센터 1-1,202001,511
강서구,1145. 곰달래 문화복지센터 1-2,202001,375
강서구,1146. 곰달래사거리,202001,451
강서구,1148. 볏골공원,202001,294
강서구,1149. 신방화역환승주차장,202001,1382
강서구,1150. 송정역 1번출구,202001,878
강서구,1151. 마곡역1번출구,202001,728
강서구,1152. 마곡역교차로,202001,1016
강서구,"1153. 발산역 1번, 9번 인근 대여소",202001,2152
강서구,1155. 기쁜우리복지관,202001,634
강서구,1157. 강서구청,202001,674
강서구,1158. 가양역 8번출구,202001,1566
강서구,1159. 서서울모터리움앞,202001,607
강서구,1160. 양천향교역 7번출구앞,202001,1894
강서구,1161. 강서면허시험장앞,202001,155
강서구,1162. 공항초등학교건너편,202001,775
강서구,1163. 방화동강서기동대앞,202001,563
강서구,1165. 마곡중학교 후문,202001,398
강서구,1166. 강서구립등빛도서관,202001,1268
강서구,1167. 마곡수명산파크3단지 교차로,202001,1220
강서구,1168. 마곡엠밸리10단지 앞,202001,684
강서구,1169. 염창역 1번 출구,202001,582
강서구,1170. 강서구보건소 (삼성디지털 프라자),202001,396
강서구,1171. 염창동 새마을금고 건너편 (모닝글로리),202001,534
강서구,1172. 가양3동 주민센터,202001,521
강서구,1173. 강서구청사거리(SH타워),202001,990
강서구,1174. 강서구청사거리(부민병원),202001,396
강서구,1175. 대한항공 인력개발센터,202001,402
강서구,1177. 수명중?고교,202001,599
강서구,1178. 개화산역 2번 출구,202001,280
강서구,1180. 마곡엠밸리 15단지(1502동) 건너편,202001,592
강서구,1181. 농수산식품공사 (강서지사),202001,204
강서구,1182. KBS 스포츠월드,202001,998
강서구,1183. KC 대학교,202001,117
강서구,1184. 마곡13단지,202001,811
강서구,1185. 등촌9단지,202001,537
강서구,1186. 송정중학교,202001,422
강서구,1187. 강서수산물도매시장,202001,314
강서구,1188. 롯데중앙연구소,202001,175
강서구,1190. 마곡역 교차로(2번출구),202001,414
강서구,1191. 마곡역 교차로(NH농협),202001,1212
강서구,1192. 마곡수명산파크 209동 건너편,202001,639
강서구,1193. 마곡센트럴타워 1차,202001,966
강서구,1194. 센서텍㈜,202001,447
강서구,1195. 코오롱One&Only타워,202001,870
강서구,1196. 서울식물원(문화센터) 건너편,202001,311
강서구,1197. 엘펠리체 호텔 건너편,202001,1229
강서구,1198. LG 사이언스파크,202001,571
강서구,1199. 우장산역 3번출구,202001,642
강서구,1200. 개화광역환승센터,202001,96
강서구,2701. 마곡나루역 5번출구 뒤편,202001,3174
강서구,2702. 마곡 엠밸리2단지,202001,530
관악구,2102. 봉림교 교통섬,202001,2292
관악구,2103. 신림동 우방아파트,202001,564
관악구,2104. 사당역 5번출구,202001,504
관악구,2105. 미성동 신림체육센터,202001,473
관악구,2106. 난곡 새마을금고,202001,939
관악구,2107. 도림천 신화교,202001,1039
관악구,2108. 은천치안센터,202001,480
관악구,2109. 은천로입구 가로공원,202001,803
관악구,2110. 조원동 미성아파트,202001,387
관악구,2111. 서울대입구역 1번출구,202001,377
관악구,2112. 서울대입구역 마에스트로,202001,390
관악구,2113. 관악동작견인차량보관소,202001,527
관악구,2115. 관악농협농산물백화점,202001,468
관악구,2116. 에이스에이존빌딩,202001,230
관악구,2119. 중앙동 동진빌딩,202001,450
관악구,2122. 낙성대로 입구,202001,417
관악구,2127. 보성운수차고지 맞은편,202001,161
관악구,2128. 관악구청교차로,202001,223
관악구,2129. 낙성대 과학전시관,202001,249
관악구,2130. 영어마을 관악캠프,202001,94
관악구,2135. 신림역 5번출구,202001,777
관악구,2136. 신림역 8번출구,202001,880
관악구,2137. KT&G 관악지점,202001,266
관악구,2139. 서울신성초등학교,202001,560
관악구,2140. 신림1교 교차로,202001,933
관악구,2141. 미림여고입구 교차로,202001,112
관악구,2143. 서울산업정보학교,202001,173
관악구,2144. 난우길입구,202001,264
관악구,2145. 은천초등학교 육교,202001,268
관악구,2148. 낙성대역 3번출구 뒤,202001,322
관악구,2156. 농협 관악문성지점,202001,382
관악구,2159. 인헌초교,202001,183
관악구,2160. 관악구 보건소,202001,179
관악구,2164. 관악우체국,202001,430
관악구,2165. JK장평타워,202001,164
관악구,2167. 낙성대역 1번출구,202001,184
관악구,2169. 봉천역 2번출구,202001,603
관악구,2170. 조원동서울본병원,202001,404
관악구,2171. 서울대입구역 5번출구,202001,525
관악구,2172. 나들목공원,202001,412
관악구,2173. 당곡사거리,202001,1421
관악구,2174. 삼성디지털프라자관악점,202001,288
관악구,2175. 신림동걷고싶은문화의거리입구,202001,172
관악구,2176. 보라매공원 보도육교,202001,590
관악구,2177. 신대방역 2번 출구,202001,1922
관악구,2178. 서울대학교 정문,202001,341
관악구,2179. 양녕로 입구,202001,357
관악구,2180. 신림동주민센터,202001,354
관악구,2183. 동방1교,202001,2007
관악구,2184. 구암초등학교 버스정류장,202001,165
관악구,2185. 대학동 고시촌,202001,646
광진구,3500. 군자역2번출구,202001,762
광진구,3501. 광진구청 앞,202001,1199
광진구,3502. 중곡역 1번출구,202001,403
광진구,3503. 광진유진스웰,202001,156
광진구,3504. 원일교회,202001,1002
광진구,3505. 신양초교앞 교차로,202001,555
광진구,3506. 영동대교 북단,202001,530
광진구,3507. 어린이회관,202001,578
광진구,3508. 화양사거리,202001,1114
광진구,3509. 세종사이버대학교,202001,1425
광진구,3510. 중곡SK아파트앞,202001,241
광진구,3516. 구의아리수정수센터앞,202001,580
광진구,3517. 용마사거리,202001,693
광진구,3518. 군자역 7번출구뒤,202001,1619
광진구,3520. 광진경찰서,202001,942
광진구,3521. 현대홈타운 뒷길,202001,112
광진구,3523. 건국대학교 과학관(이과대) 앞,202001,297
광진구,3524. 세종대학교,202001,91
광진구,3528. 광진정보도서관,202001,438
광진구,3529. 어린이대공원정문,202001,439
광진구,3533. 건대입구역 사거리(롯데백화점),202001,2120
광진구,3534. 건대입구역 5번출구 뒤,202001,1307
광진구,3535. 중곡사거리(국민은행),202001,916
광진구,3536. 중앙농협(자양동),202001,895
광진구,3537. 아차산 휴먼시아 아파트 옆,202001,400
광진구,3541. 커먼그라운드,202001,1442
광진구,3542. 래미안 구의파크 스위트,202001,743
광진구,3543. 세종대학교(학술정보원),202001,262
광진구,500. 어린이대공원역 3번출구 앞,202001,1278
광진구,501. 광진구의회 앞,202001,949
광진구,502. 뚝섬유원지역 1번출구 앞,202001,2134
광진구,504. 신자초교입구교차로,202001,1212
광진구,505. 자양사거리 광진아크로텔 앞,202001,1882
광진구,515. 광양중학교 앞,202001,364
광진구,516. 광진메디칼 앞,202001,672
광진구,539. 군자교교차로,202001,581
광진구,540. 군자역 7번출구 베스트샵 앞,202001,737
광진구,542. 강변역 4번출구 뒤,202001,703
광진구,543. 구의공원(테크노마트 앞),202001,767
광진구,544. 광남중학교,202001,280
광진구,546. 잠실대교북단 교차로,202001,735
광진구,548. 자양나들목,202001,968
광진구,549. 아차산역 3번출구,202001,828
광진구,551. 구의삼성쉐르빌 앞,202001,1059
광진구,552. 대림아크로리버 앞,202001,267
광진구,553. 중곡 성원APT 앞,202001,421
광진구,555. 구의3동주민센터,202001,303
광진구,571. 어린이대공원역6번출구,202001,651
광진구,572. 국립정신 건강센터 앞,202001,308
광진구,573. 구의문주차장 앞,202001,838
광진구,574. 아차산역4번출구,202001,1001
광진구,575. 중앙농협 중곡지점,202001,110
광진구,576. 광나루역 3번 출구,202001,641
광진구,577. 광진청소년수련관,202001,693
광진구,584. 광진광장 교통섬,202001,1185
광진구,588. 뚝섬 유원지역,202001,893
광진구,590. 건국대학교 (입학정보관),202001,1214
광진구,591. 건국대학교 (행정관),202001,290
광진구,592. 건국대학교 학생회관,202001,653
광진구,593.자양중앙나들목,202001,926
구로구,1901. 신도림동주민센터 앞,202001,497
구로구,1904. 도림천역 1번 출구 앞,202001,729
구로구,1906. 신도림역 1번 출구 앞,202001,1840
구로구,1907. 구일우성(아) 육교 밑,202001,410
구로구,1908. 해원리바파크 육교 밑,202001,585
구로구,1910. 낙원교회 맞은편,202001,165
구로구,1911. 구로디지털단지역 앞,202001,2035
구로구,1912. 한신휴아파트 앞,202001,540
구로구,1913. 구로리공원,202001,333
구로구,1914. 대림역4번출구,202001,586
구로구,1916. 구로중학교앞,202001,114
구로구,1920. 서울미래초등학교 사거리,202001,608
구로구,1924. 삼부르네상스파크빌,202001,269
구로구,1925. 동양미래대학교 정문 옆,202001,975
구로구,1928. 고척스카이돔구장 광장,202001,424
구로구,1929. 고척근린공원 고척도서관 앞,202001,371
구로구,1930. 개봉지구대 개봉치안센터,202001,181
구로구,1931. 개봉역(북측광장),202001,490
구로구,1933. 개봉푸르지오아파트 상가,202001,394
구로구,1936. 개봉역 1번 출구 자전거보관서쪽,202001,228
구로구,1937. 한진아파트 입구,202001,234
구로구,1941. 오류동역 2번출구,202001,442
구로구,1943. 온수역 북측,202001,135
구로구,1946. 구로역 광장,202001,671
구로구,1951. 천왕이펜하우스 4단지 상가 앞,202001,142
구로구,1952. 천왕연지타운2단지 앞,202001,378
구로구,1953. 천왕역 4번출구 뒤,202001,245
구로구,1955. 디지털입구 교차로,202001,997
구로구,1956. 도야미리숯불갈비 앞,202001,457
구로구,1957. 구일고등학교 정문,202001,479
구로구,1958. 강서수도사업소민원센터,202001,452
구로구,1959. 구로구의회 앞,202001,335
구로구,1960. 화광신문사 앞,202001,805
구로구,1961. 신도림테크노근린공원,202001,1387
구로구,1962. 가리봉동주민센터,202001,529
구로구,1964. 원메디타운 앞,202001,384
구로구,1965. 삼환로즈빌아파트 105동 옆,202001,244
구로구,1966. 한마을아파트 정문상가,202001,367
구로구,1967. 참새공원(백곡경노당),202001,96
구로구,1968. 동인오피스텔 건너편 소공원,202001,163
구로구,1969. 궁동생태공원,202001,37
구로구,1971. 오정초교 앞 보도육교,202001,102
구로구,1973. 오리로와 서해안도로 교차로 앞,202001,119
구로구,1974. 신도림2차e편한세상아파트 203동 앞,202001,474
구로구,1975. 대림역 1번 출입구 밑,202001,418
구로구,1976. 남구로역 5번 출입구 앞,202001,186
구로구,1977. 천왕역 1번 출입구 앞,202001,315
구로구,1979. 구로1동우체국 앞,202001,97
구로구,1981. 천왕이펜하우스5단지 앞,202001,238
구로구,1983. 구로동롯데아파트,202001,461
구로구,1984. 구로구청,202001,528
구로구,1985. 구로도서관,202001,1309
구로구,1986. 태평양물산빌딩,202001,859
구로구,1987. 개봉아이파크아파트 앞,202001,374
구로구,1988. 고척LIGA아파트 앞,202001,710
구로구,1991. 오류동역 맞은편,202001,452
구로구,1992. 구로구배드민턴실내체육관 앞,202001,111
구로구,1993. 금강수목원아파트 앞,202001,227
구로구,1994. 삼성전자 물류센터 앞,202001,404
구로구,1996. 구일역 1번 출입구 앞,202001,322
구로구,1998. 고척교 교차로,202001,436
구로구,1999. 수궁동 성당 주변,202001,101
구로구,2000. 신도림4차 e편한세상 아파트 1109동 앞,202001,393
구로구,2801. 대륭포스트타워1차,202001,594
금천구,1804. 독산역 2번출구 자전거주차장,202001,507
금천구,1805. 서울디지털운동장 앞,202001,414
금천구,1806. 에이스하이엔드타워9차 앞,202001,301
금천구,1808. 에이스하이엔드타워8차 앞,202001,444
금천구,1809. LG전자 별관동(호서대 벤처타워 맞은편),202001,248
금천구,1812. 갑을그레이트밸리 앞,202001,266
금천구,1814. 두산위브아파트 옆 상가건물 앞,202001,304
금천구,1816. 금천폭포공원 앞,202001,83
금천구,1819. 금천구청 앞 자전거거치대,202001,318
금천구,1820. 신한은행 시흥대로금융센터지점,202001,107
금천구,1821. 홈플러스 시흥점 맞은편 다비치안경 앞,202001,277
금천구,1822. 서울 시흥동우체국 앞,202001,295
금천구,1823. 상신정비공업 앞,202001,183
금천구,1824. 독산근린공원 입구,202001,495
금천구,1825. 한신아파트 앞 육교 아래,202001,177
금천구,1826. 한신코아 앞,202001,258
금천구,1827. 독산보도육교 앞 자전거 보관소,202001,651
금천구,1828. 한양수자인아파트 앞,202001,257
금천구,1829. 홈플러스 금천점 앞,202001,484
금천구,1830. 빅마켓 금천점 앞,202001,439
금천구,1831. 메이퀸웨딩컨벤션 앞,202001,155
금천구,1833. 독산역 1번출구 앞 자전거보관소,202001,600
금천구,1834. 월드메르디앙 벤처센터 2차,202001,754
금천구,1835. STX V타워,202001,373
금천구,1836. 금천구립 독산도서관,202001,3
금천구,1839. 수출의 다리 아래,202001,539
금천구,1840. 솔브레인이엔지 뒤편,202001,206
금천구,1841. 가산동 주민센터,202001,406
금천구,1842. 한울중학교,202001,124
금천구,1843. 독산고등학교,202001,266
금천구,1845. 롯데캐슬골드파크1차 서문,202001,261
금천구,1846. 롯데캐슬골드파크1차 동문,202001,375
금천구,1847. 독산주공 14단지 버스정류소,202001,109
금천구,1848. 벽산 디지털밸리 5차,202001,368
금천구,1849. 대륭포스트타워5차,202001,182
금천구,1850. 코오롱테크노밸리,202001,302
금천구,1851. 가산디지털단지 7번출구,202001,755
금천구,1852. 혜명양로원 담장 옆,202001,128
금천구,1853. 서울디자인직업전문학교 앞,202001,176
금천구,1854. 가산아네스트 오피스텔 앞,202001,218
금천구,1855. 성지아파트 옆 도로변,202001,59
금천구,1856. 모두의학교,202001,276
금천구,1857. 주공14단지,202001,141
금천구,1858. 석수역1번출구 앞 (SK주유소),202001,97
금천구,1859. 대륭테크노타운 18차,202001,186
노원구,1601. 석계역 문화광장 내 자전거 보관소,202001,1181
노원구,1602. 광운대역 앞,202001,459
노원구,1603. 롯데캐슬 102동 코너(월계주유소건너),202001,565
노원구,1605. 헬스케어,202001,452
노원구,1606. 태릉입구역 3번출구,202001,445
노원구,1608. 공릉역 1번 출구 앞,202001,1224
노원구,1610. 화랑대역 2번출구 앞,202001,826
노원구,1611. 과기대 입구(우),202001,931
노원구,1616. 하계2동 공항버스정류장 옆,202001,1268
노원구,1617. 하계동 중평어린이공원 앞,202001,763
노원구,1619. 중계동 하나프라자빌딩 앞(중1-1),202001,953
노원구,1620. 중계동 노원구민체육센터 옆(중1-2),202001,713
노원구,1623. 노원 구민회관,202001,9
노원구,1625. 상계역(4번출구),202001,1759
노원구,1628. 노일초등학교 앞,202001,312
노원구,1630. 수연빌딩 앞,202001,470
노원구,1634. 당고개공원 대여소,202001,565
노원구,1635. 상계3.4동 주민센터 대여소,202001,186
노원구,1636. 백병원 사거리 농협은행 앞,202001,1362
노원구,1637. KT 노원점 건물 앞,202001,1397
노원구,1639. 희성오피앙,202001,321
노원구,1640. 한내근린공원 북측,202001,344
노원구,1641. 한내근린공원 남측,202001,242
노원구,1642. 서울여대 남문,202001,205
노원구,1643. 태릉입구역 8번출구,202001,500
노원구,1646. 삼육대 입구,202001,139
노원구,1650. 중계근린공원내,202001,1490
노원구,1651. 맥도날드 상계점 앞,202001,415
노원구,1652. 파르코 앞,202001,196
노원구,1653. 노원역1번출구,202001,1432
노원구,1655. 공릉1단지아파트,202001,899
노원구,1656. 중앙하이츠 아파트 입구,202001,974
노원구,1657. 노원구청,202001,453
노원구,1659. 중계동 을지중학교,202001,365
노원구,1660. 서울시립과학관,202001,273
노원구,1661. 당현천근린공원,202001,442
노원구,1662. 노원역7번출구,202001,766
노원구,1663. 동해문화예술관앞,202001,1007
노원구,1664. 노해근린공원내,202001,125
노원구,1665. 양지근린공원앞,202001,430
노원구,1666. 노원소방서인근,202001,658
노원구,1667. 중계중학교,202001,600
노원구,1668. 중계역 6번출구,202001,1160
노원구,1669. 중계역 3번출구,202001,797
노원구,1670. 노원경찰서교차로,202001,754
노원구,1671. 인덕대학교,202001,353
노원구,1672. 상계동수락리버시티,202001,340
노원구,1673. 노원역 5번출구,202001,1471
노원구,1674. 서울북부고용센터앞,202001,644
노원구,1675. 월계문화체육센터,202001,108
노원구,1677. 육군사관학교 앞,202001,195
노원구,1678. 성서대학교 밀알관,202001,96
노원구,1679. 삼육대 도서관,202001,130
노원구,1680. 삼육대 제3과학관,202001,27
노원구,1681. 현대6차 아파트,202001,480
노원구,1682. 중계종합사회복지관 교차로,202001,479
노원구,1683. 노원문화예술회관,202001,709
노원구,1684. 태릉입구역 5번출구,202001,935
노원구,1685. 불암고등학교 앞 횡단보도,202001,352
노원구,1686. 온수골사거리(스타벅스앞),202001,805
노원구,1688. 마들역 7번출구,202001,535
노원구,1689. 마들역 3번출구,202001,476
노원구,1690. 도봉운전면허시험장,202001,427
노원구,1691. 노원정보도서관,202001,674
노원구,1692. 온곡초교 교차로,202001,622
노원구,1693. 원자력 병원,202001,218
도봉구,1702. 녹천역 1번출구 앞,202001,300
도봉구,1703. 도봉산광역환승센터앞,202001,124
도봉구,1705. 도봉구청 정문앞,202001,431
도봉구,1706. 기업은행 앞,202001,492
도봉구,1707. 도봉구민회관,202001,540
도봉구,1708. 보건소사거리(다비치안경창동점),202001,600
도봉구,1709. 쌍문역4번출구 주변,202001,686
도봉구,1713. 쌍문동 청소년 랜드,202001,332
도봉구,1714. 도봉문화정보도서관 삼거리,202001,177
도봉구,1715. 서울특별시교육청도봉도서관,202001,327
도봉구,1716. 하나로마트 창동점,202001,748
도봉구,1717. 시립창동운동장 입구,202001,131
도봉구,1719. 신도봉사거리 버스정류장,202001,223
도봉구,1720. 도봉구청 옆(중랑천변),202001,566
도봉구,1721. 창동역 2번출구,202001,1069
도봉구,1722. 창동청소년수련관,202001,391
도봉구,1723. 방학동학마을도서관,202001,428
도봉구,1725. 창1동주민센터,202001,186
도봉구,1726. 삼익세라믹아파트교차로,202001,438
도봉구,1727. 서울도봉초등학교인근,202001,122
도봉구,1728. 서울북부지방법원,202001,133
도봉구,1729. 파리바게트앞,202001,499
도봉구,1730. 도봉산역 교차로 앞,202001,74
도봉구,1731. 도봉고등학교 맞은편,202001,123
도봉구,1732. 우리은행 앞,202001,263
도봉구,1733. 방학사거리 (봄마당 앞),202001,536
도봉구,1734. 쌍문현대1차아파트 108동 앞,202001,520
도봉구,"1735. 도봉역 1,2번 출구사이 건너편",202001,209
도봉구,1736. 버스정류장 앞,202001,300
도봉구,1737. 하나은행 (창동점),202001,607
도봉구,1738. 창동주공17단지 상가앞,202001,559
도봉구,1741. 제일강산수산입구,202001,768
도봉구,1742. 북한산 코오롱 하늘채,202001,404
동대문구,600. 휘경2동 주민센터,202001,56
동대문구,601. 용신동주민센터,202001,397
동대문구,602. 장안동 사거리,202001,1429
동대문구,604. 답십리초등학교 옆 공원,202001,335
동대문구,605. 신설동역8번출구,202001,505
동대문구,606. 휘경공고앞,202001,295
동대문구,607. 신이문역 2번출구,202001,278
동대문구,608. 전농삼성아파트,202001,127
동대문구,609. 제기2교,202001,736
동대문구,610. 동대문중 교차로,202001,371
동대문구,612. 시립동부병원 앞 사거리,202001,828
동대문구,613. 신설동역 10번출구 앞,202001,971
동대문구,614. 용두동 사거리,202001,720
동대문구,615. 용두동 래미안허브리츠아파트 앞,202001,457
동대문구,616. 서울시립대 앞,202001,199
동대문구,617. 청솔우성아파트 앞,202001,365
동대문구,621. 동대문중학교 옆,202001,188
동대문구,622. 전농사거리 교통섬,202001,572
동대문구,623. 서울시립대 정문 앞,202001,981
동대문구,624. 전농동 동아아파트 앞,202001,834
동대문구,625. 답십리초등학교 앞(현대시장 옆),202001,841
동대문구,626. 군자교 서측 녹지대,202001,479
동대문구,627. 장안동삼거리 교통섬,202001,574
동대문구,628. 휘봉고등학교 앞,202001,194
동대문구,630. 동대문구 보건소,202001,744
동대문구,631. 답십리역 1번출구,202001,1068
동대문구,633. 청량리 기업은행 앞,202001,844
동대문구,634. 외국어대 정문 앞,202001,899
동대문구,635. 시조사 앞 (청량고정문 옆),202001,585
동대문구,636. 세종대왕기념관 교차로,202001,318
동대문구,637. KAIST 경영대학 앞,202001,420
동대문구,638. 서울시립대 정보기술관,202001,295
동대문구,639. 서울시립대 후문,202001,519
동대문구,640. KEB하나은행 청량리역지점,202001,290
동대문구,641. 용두역 4번출구,202001,783
동대문구,642. 신답역 사거리,202001,567
동대문구,643. 동대문구민체육센터 (육교아래),202001,537
동대문구,646. 장한평역 1번출구 (국민은행앞),202001,1423
동대문구,647. 신이문역 1번출구,202001,253
동대문구,648. 장안동위더스빌옆,202001,1068
동대문구,650. 중랑교사거리,202001,946
동대문구,651. 우리은행청량리지점앞,202001,371
동대문구,652. 답십리 래미안엘파인아파트 입구,202001,150
동대문구,654. 전농동 텃골공원,202001,301
동대문구,656. 영휘원 교차로,202001,375
동대문구,657. 동대문롯데캐슬아파트 앞,202001,520
동대문구,658. 촬영소 사거리,202001,446
동대문구,659. 제기역1번출구,202001,856
동대문구,660. 동의보감타워,202001,635
동대문구,661. 경희대학교 청운관,202001,344
동대문구,663. 외대앞역 4번출구,202001,556
동대문구,664. 서울시립대 대학본부,202001,184
동작구,2002. 노들역 1번출구,202001,1047
동작구,2003. 사육신공원앞,202001,377
동작구,2007. 유한양행앞,202001,632
동작구,2008. 노량진근린공원 대방공원,202001,173
동작구,2009. 보라매역 8번출구,202001,286
동작구,2012. 녹십초요양병원앞,202001,192
동작구,2013. 장승배기역 5번출구,202001,952
동작구,2015. 신대방삼거리역 6번출구쪽,202001,805
동작구,2016. 신대방삼거리역 3번출구쪽,202001,577
동작구,2020. 장승배기역2번출구뒷편쪽,202001,338
동작구,2024. 상도역 1번출구,202001,369
동작구,2025. 흑석역 1번출구,202001,642
동작구,2026. 흑석역 4번출구,202001,169
동작구,2027. 중앙대학교 정문,202001,215
동작구,2032. 이수역 11번출구쪽,202001,794
동작구,2033. 사당동 아르테스 웨딩앞,202001,324
동작구,2034. 사당역 7번출구쪽,202001,429
동작구,2036. 정금마을 마을버스정류장,202001,261
동작구,2037. 동작역 5번출구 동작주차공원,202001,144
동작구,2038. 동작역 7번출구,202001,43
동작구,2040. 비계 버스정류소,202001,91
동작구,2041. 사당중학교 버스정류소,202001,147
동작구,2048. 삼일초등학교 인근,202001,244
동작구,2050. 노량진역 5번출구,202001,1112
동작구,2054. 삼익아파트,202001,344
동작구,2056. 동작구민 체육센터,202001,639
동작구,2057. 상도 아이파크 아파트,202001,234
동작구,2058. 노량진동 맥도널드앞,202001,869
동작구,2059. 보라매공원 정문,202001,552
동작구,2060. 남성역3번출구 뒤,202001,367
동작구,2061. 한강 현대아파트 건너편,202001,119
동작구,2062. 사당새마을금고,202001,146
동작구,2063. 대방역 4번출구,202001,580
동작구,2064. 흑석한강푸르지오 106동앞,202001,104
동작구,2065. 서울시여성가족재단,202001,432
동작구,2066. 양문교회 앞,202001,998
동작구,2067. LG전자 베스트? 대리점 앞,202001,413
동작구,2068. 총신대 앞(육교),202001,32
동작구,2069. 숭실대 입구역3번 출구 앞,202001,309
동작구,2070. 노량진역 2번 출구 앞,202001,474
동작구,2071. 대림아파트 후문 상가 옆,202001,62
동작구,237. 보라매 두산위브 건너편,202001,581
마포구,101. (구)합정동 주민센터,202001,305
마포구,102. 망원역 1번출구 앞,202001,1329
마포구,103. 망원역 2번출구 앞,202001,772
마포구,104. 합정역 1번출구 앞,202001,905
마포구,105. 합정역 5번출구 앞,202001,504
마포구,106. 합정역 7번출구 앞,202001,1109
마포구,107. 신한은행 서교동금융센터점 앞,202001,1078
마포구,108. 서교동 사거리,202001,759
마포구,109. 제일빌딩 앞,202001,686
마포구,111. 상수역 2번출구 앞,202001,496
마포구,112. 극동방송국 앞,202001,493
마포구,113. 홍대입구역 2번출구 앞,202001,2864
마포구,114. 홍대입구역 8번출구 앞,202001,1289
마포구,118. 광흥창역 2번출구 앞,202001,663
마포구,119. 서강나루 공원,202001,511
마포구,120. 신수동 사거리,202001,268
마포구,121. 마포소방서 앞,202001,340
마포구,122. 신성기사식당 앞,202001,515
마포구,124. 서강대 정문 건너편,202001,778
마포구,125. 서강대 남문 옆,202001,496
마포구,126. 서강대 후문 옆,202001,972
마포구,127. 현대벤처빌 앞,202001,271
마포구,129. 신촌역(2호선) 6번출구 옆,202001,628
마포구,130. 신촌역(2호선) 7번출구 앞,202001,828
마포구,136. 대흥동 주민센터,202001,153
마포구,142. 아현역 4번출구 앞,202001,354
마포구,143. 공덕역 2번출구,202001,513
마포구,144. 공덕역 8번출구,202001,1157
마포구,145. 공덕역 5번출구,202001,513
마포구,146. 마포역 2번출구 뒤,202001,772
마포구,147. 마포역 4번출구 뒤,202001,744
마포구,148. 용강동 주민센터 앞,202001,647
마포구,150. 서강대역 2번출구 앞,202001,643
마포구,151. 망원1동주민센터,202001,952
마포구,152. 마포구민체육센터 앞,202001,1447
마포구,153. 성산2교 사거리,202001,843
마포구,154. 마포구청역,202001,967
마포구,155. 가좌역1 번출구 뒤,202001,656
마포구,156. 서울서부지방법원 앞,202001,409
마포구,157. 애오개역 4번출구 앞,202001,541
마포구,181. 망원초록길 입구,202001,122
마포구,182. 망원2빗물펌프장 앞,202001,533
마포구,183. 하늘채코오롱아파트 건너편,202001,1268
마포구,184. SK망원동주유소 건너편,202001,780
마포구,185. 마포 신수공원 앞,202001,609
마포구,186. 월드컵공원,202001,513
마포구,199. 서울 월드컵 경기장,202001,293
마포구,400. 상암한화오벨리스크 1차 앞,202001,390
마포구,401. 상암월드컵파크 10단지 앞,202001,448
마포구,402. 상암월드컵파크 9단지 앞,202001,442
마포구,403. 부엉이공원 앞,202001,397
마포구,405. DMC빌 앞,202001,335
마포구,406. 상암월드컵파크 7단지 앞,202001,279
마포구,407. 마포구 육아종합지원센터,202001,393
마포구,408. LG CNS앞,202001,563
마포구,409. 누리꿈스퀘어 옆,202001,1188
마포구,410. 상암중학교 옆,202001,218
마포구,411. DMC홍보관,202001,508
마포구,412. DMC산학협력연구센터 앞,202001,810
마포구,413. 상암월드컵파크 3단지 후문,202001,386
마포구,414. 상암동주민센터 옆,202001,566
마포구,415. DMC역 9번출구 앞,202001,1188
마포구,416. 상암월드컵파크 1단지 교차로,202001,526
마포구,417. DMC역 2번출구 옆,202001,737
마포구,418. 월드컵경기장역 3번출구 옆,202001,782
마포구,419. 홈플러스 앞,202001,1051
마포구,420. 서울시 공공자전거 상암센터,202001,263
마포구,421. 마포구청 앞,202001,1127
마포구,422. 문화비축기지,202001,155
마포구,424. 롯데하이마트 (상암월드컵점),202001,213
마포구,425. DMC첨단산업센터,202001,224
마포구,426. 서울신용보증재단,202001,449
마포구,427. 성산시영아파트,202001,498
마포구,432. 마포중앙도서관,202001,577
마포구,436. 이대역 5번출구,202001,338
마포구,437. 대흥역 1번출구,202001,405
마포구,438. 성산2-1 공영주차장,202001,824
마포구,439. 마포어린이공원,202001,673
마포구,440. 하늘공원 입구,202001,157
서대문구,110. 사천교,202001,458
서대문구,115. 사루비아 빌딩 앞,202001,795
서대문구,116. 일진아이윌아파트 옆,202001,789
서대문구,117. 홍은사거리,202001,1026
서대문구,123. 문화촌 공원,202001,689
서대문구,128. 신촌역(2호선) 1번출구 옆,202001,1036
서대문구,131. 증산2교,202001,786
서대문구,133. 해담는다리,202001,894
서대문구,134. 연세로 명물길,202001,486
서대문구,135. 명물길 원형무대 앞,202001,345
서대문구,137. NH농협 신촌지점 앞,202001,236
서대문구,138. 신촌동 제1공영주차장 앞,202001,322
서대문구,139. 연세대 정문 건너편,202001,304
서대문구,140. 이화여대 후문,202001,298
서대문구,141. 연대 대운동장 옆,202001,337
서대문구,158. 독립문 어린이 공원,202001,372
서대문구,159. 이대역 4번 출구,202001,216
서대문구,160. 북아현동 가구거리,202001,440
서대문구,161. 무악재역1번 출구,202001,219
서대문구,162. 봉원고가차도 밑,202001,570
서대문구,163. 명지전문대학교 정문 앞,202001,213
서대문구,164. 북가좌1동 주민센터,202001,358
서대문구,165. 중앙근린공원,202001,628
서대문구,166. 가재울 초등학교,202001,971
서대문구,167. 연가초등학교 옆,202001,394
서대문구,169. 북가좌 삼거리,202001,321
서대문구,170. 가재울 뉴타운 주유소 옆,202001,545
서대문구,171. 임광빌딩 앞,202001,311
서대문구,173. 서대문역 8번출구 앞,202001,296
서대문구,175. 홍연2교옆,202001,914
서대문구,176. 명지대학교 도서관,202001,725
서대문구,177. 북가좌 초등학교,202001,301
서대문구,178. 증산3교 앞,202001,492
서대문구,179. 가좌역 4번출구 앞,202001,854
서대문구,180. 충정로역 7번출구 아래,202001,444
서대문구,188. 홍은동 정원여중 입구,202001,511
서대문구,191. 서우빌딩(바른학원),202001,368
서대문구,192. 연서어린이공원,202001,422
서대문구,194. 증산교 앞,202001,690
서대문구,195. 모래내고가차도,202001,326
서대문구,196. 연희교차로 인근,202001,214
서대문구,198. 충정2교,202001,356
서대문구,3100. 북성초교,202001,201
서대문구,3101. 서대문구청,202001,576
서대문구,3102. 연희삼거리,202001,550
서대문구,3103. 홍제삼거리 북측,202001,255
서대문구,3104. e편한세상 신촌4단지 앞,202001,322
서대문구,3105. 홍은센트레빌 아파트 앞,202001,304
서대문구,3106. 홍남교 두바퀴쉼터,202001,876
서대문구,3107. 연희초등학교 앞,202001,304
서초구,2201. 본마을 정류소 앞,202001,82
서초구,2202.청계산입구역 1번출구,202001,751
서초구,2203. 청계산입구역 2번출구,202001,121
서초구,2205. 내곡3단지 어린이공원 앞,202001,318
서초구,2206. 언남초등학교 앞,202001,501
서초구,2207. 내곡파출소 뒤 정자,202001,67
서초구,2210. 반포1동 주민센터 앞,202001,167
서초구,2211. 서초구립반포도서관 앞,202001,412
서초구,2212.서초현대4차아파트 201동 맞은편,202001,264
서초구,2213. 고속터미널역 5번출구 앞,202001,636
서초구,2214. 신반포역 2번출구 앞,202001,304
서초구,2215. 반포종합운동장 입구,202001,255
서초구,2217.아크로리버뷰 부지 앞,202001,531
서초구,"2219. 고속터미널역 8-1번, 8-2번 출구 사이",202001,1587
서초구,2220. 반포본동 주민센터 앞,202001,724
서초구,2221.하나은행 방배동지점 앞,202001,343
서초구,2222.사당역 12번출구 뒤,202001,709
서초구,2223. 방배래미안 정문 앞,202001,181
서초구,2225.백석예술대학교 제3캠퍼스 앞,202001,92
서초구,2226. 신동아럭스빌아파트 앞,202001,104
서초구,2227.방배열린문화센터 앞,202001,337
서초구,2228.뒷벌공원 옆,202001,686
서초구,2229.로고스교회 맞은 편,202001,153
서초구,2230.이수역 4번 출구,202001,704
서초구,2231. 삼성타운(삼성생명) A동 맞은편,202001,910
서초구,2233. 서초신동아1차아파트 옆,202001,469
서초구,2235.KT 서초지사 앞,202001,308
서초구,2237.서울남부터미널 대합실 입구,202001,479
서초구,2239.교대역 6번출구,202001,272
서초구,2241.양재전화국 사거리,202001,187
서초구,2242.양재역 11번 출구 앞,202001,565
서초구,2243.서울가정법원,202001,425
서초구,2244.교육개발원입구 교차로,202001,553
서초구,2245.양재초등학교 맞은편,202001,342
서초구,2246. 서울시 품질시험소 앞,202001,350
서초구,2247.섬들근린공원,202001,657
서초구,2248. 서초리슈빌S 글로벌 앞,202001,270
서초구,2249. 우솔초등학교 맞은편,202001,99
서초구,2250. 서초유치원 맞은편,202001,238
서초구,2251. 더케이호텔 입구(양재2),202001,485
서초구,2252. 하이브랜드 앞,202001,824
서초구,2255.시민의숲역 1번출구 옆,202001,961
서초구,2256.양재동 꽃시장 입구,202001,261
서초구,2257. 하나로클럽 양재점 맞은편,202001,91
서초구,2258.구룡사 삼거리,202001,203
서초구,2259. 잠원역 3번-4번 출구사이,202001,402
서초구,2262. 한신16차아파트 119동 앞,202001,566
서초구,2263. 바우뫼문화복지회관,202001,387
서초구,2264. 이수역 1번출구,202001,924
서초구,2265. 이수고가차도 남단,202001,536
서초구,2266. 서초역 3번출구,202001,501
서초구,2268. 서초4동주민센터,202001,308
서초구,2269. 주홍교 하부,202001,158
서초구,2270. 서초포레스타 7단지,202001,124
서초구,2271. 내방역 8번출구 앞,202001,293
서초구,2272. 교대입구 교차로,202001,158
서초구,2273. 일동제약 사거리,202001,283
서초구,2274. 양재시민의숲역 3번출구,202001,692
서초구,2275. 염곡치안센터 건너편,202001,25
서초구,2276. 영동1교 (양재천근린공원),202001,362
서초구,2277. 길마중4교 하부,202001,364
서초구,2279. 교대역 5번출구뒤,202001,619
서초구,2280. 서울서초고용센터앞,202001,317
서초구,2281. 연세사랑병원신관앞,202001,158
서초구,2282. 방배래미안아트힐 101동앞,202001,161
서초구,2283. 그룹한빌딩옆,202001,142
서초구,2284. CJ오쇼핑앞,202001,166
서초구,2285. LH서초3단지 301동 맞은편,202001,307
서초구,2286. 탑성마을입구,202001,41
서초구,2287. 능안마을입구,202001,7
서초구,2288. 안골마을입구,202001,37
서초구,2289. 남태령역 2번출구,202001,90
서초구,2290. 서래마을파리15구공원앞,202001,362
서초구,2292. 무지개아파트 앞,202001,267
서초구,2293. SPC 앞,202001,360
서초구,2294. 두상빌딩 앞,202001,475
서초구,2297. 남부터미널역 1번출구,202001,350
서초구,2298. 래미안서초스위트앞,202001,188
서초구,2299. 한전아트센터 앞,202001,468
서초구,2501. 서초 포레스타5단지,202001,284
서초구,2502. 서초역1번출구 앞,202001,260
서초구,2503. 반포1동 서초빌딩 앞,202001,419
서초구,2504. 신사역 4번출구 뒤,202001,332
서초구,2505. 우성아파트사거리 (기업은행앞),202001,579
서초구,2506. LG유플러스 (방배사옥),202001,189
서초구,2508. 양재이스타빌 앞,202001,390
서초구,2509. KT반포지사,202001,350
서초구,2510. JW타워,202001,168
서초구,2511. 이수역 6번출구 앞,202001,356
성동구,3511. 응봉역 1번출구,202001,898
성동구,3513. 상왕십리역 1번출구,202001,789
성동구,3514. 왕십리교회옆,202001,892
성동구,3515. 서울숲 관리사무소,202001,568
성동구,3519. 용답역 1번 출구,202001,1089
성동구,3522. 사근삼거리,202001,19
성동구,3525. 금호스포츠센터앞,202001,194
성동구,3527. 왕십리 자이아파트,202001,87
성동구,3530. 왕십리자이아파트 후문(삼거리),202001,215
성동구,3531. 논골사거리(금호도서관 입구),202001,158
성동구,3532. 왕십리KCC스위첸아파트,202001,78
성동구,3538. 서울숲 IT캐슬,202001,249
성동구,506. 금호 어울림 아파트 앞,202001,210
성동구,507. 성수아이에스비즈타워 앞,202001,778
성동구,508. 성수아카데미타워 앞,202001,714
성동구,509. 이마트 버스정류소 옆,202001,1407
성동구,510. 서울숲 남문 버스정류소 옆,202001,279
성동구,511. 서울숲역 4번 출구 옆,202001,580
성동구,512. 뚝섬역 1번 출구 옆,202001,1161
성동구,513. 뚝섬역 5번 출구 정류소 옆,202001,1121
성동구,514. 성수사거리 버스정류장 앞,202001,1001
성동구,518. 청계천 박물관 앞,202001,464
성동구,519. 양지사거리,202001,520
성동구,520. 상왕십리역 4번 출구 앞,202001,423
성동구,521. 왕십리역 11번 출구 앞,202001,890
성동구,522. 금호역 1번출구 앞,202001,144
성동구,523. 옥수동성당 옆,202001,77
성동구,524. 래미안금호하이리버 아파트 102동 옆,202001,179
성동구,525. 한양대병원사거리,202001,1156
성동구,526. 용답토속공원 앞,202001,533
성동구,529. 장한평역 8번 출구 앞,202001,651
성동구,530. 청계벽산아파트 앞,202001,756
성동구,533. 우리은행 금호동 지점 앞,202001,137
성동구,534. 금호사거리,202001,210
성동구,535. 응봉삼거리,202001,374
성동구,536. 행당역 2번출구 앞,202001,370
성동구,537. 한양대후문역 부근,202001,473
성동구,538. 답십리역 8번출구 앞,202001,363
성동구,550. 서울시설공단 앞,202001,574
성동구,556. 달맞이공원,202001,66
성동구,557. 도선동 주민센터 앞,202001,488
성동구,558. 성동광진 교육지원청 앞,202001,624
성동구,559. 왕십리역 4번 출구 건너편,202001,1025
성동구,560. 비전교회 앞,202001,770
성동구,561. 서울숲역 2번출구 앞,202001,621
성동구,562. 군자지하보도 앞,202001,524
성동구,563. 성동세무서 건너편,202001,1035
성동구,564. 금호역 3번출구,202001,63
성동구,565. 옥수역 3번출구,202001,1222
성동구,567. 성수역 2번출구 앞,202001,1786
성동구,568. 청계8가사거리 부근,202001,1237
성동구,569. 응봉현대아파트 정류소,202001,130
성동구,578. 성동세무서 부근,202001,783
성동구,579. 마장역 4번출구,202001,643
성동구,580. 신금호역 3번출구 뒤,202001,33
성동구,581. 용답초등학교,202001,264
성동구,582. 경일중학교 앞,202001,612
성동구,583. 청계천 생태교실 앞,202001,1117
성동구,585. 성수2가1동 공영주차장 인근,202001,1006
성동구,586. 마장동 주민센터,202001,281
성동구,587. 유니베라 앞,202001,617
성동구,589. 성수역3번출구,202001,1410
성동구,594. 중랑물재생센터(서울새활용플라자),202001,260
성북구,1302. 한성대입구역6번출구 뒤,202001,355
성북구,1303. 돈암초교 입구,202001,565
성북구,1304. 만해공원,202001,248
성북구,1305. 성북구청,202001,398
성북구,1306. 한성대입구역2번출구,202001,650
성북구,1308. 안암로터리 버스정류장 앞,202001,2111
성북구,1314. 정릉꿈에그린1단지 201동 앞,202001,199
성북구,1315. 고려사대부속중고 정문,202001,131
성북구,1316. 고려사대부속중고 건너편,202001,127
성북구,1318. 길음역 3번출구 뒤,202001,444
성북구,1319. 종암사거리 분수대,202001,805
성북구,1320. LG베스트샵 종암점,202001,656
성북구,1321. 국민은행 종암동지점 앞,202001,896
성북구,1322. 래미안라센트아파트 103동 앞,202001,519
성북구,1323. 월곡역 입구 육교 밑,202001,303
성북구,1325. 상월곡역 4번출구,202001,348
성북구,1326. 상월곡역 1번출구,202001,324
성북구,1327. 상월곡역 3번출구,202001,468
성북구,1328. 월곡역 3번출구,202001,932
성북구,1332. 석계역 5번출구 건너편,202001,613
성북구,1333. 석관초등학교 앞,202001,530
성북구,1334. 석관동주민센터 앞,202001,318
성북구,1336. 성북3교 위,202001,676
성북구,1337. 돈암성당 옆,202001,925
성북구,1338. 용문2교 옆,202001,377
성북구,1339. 삼성전자서비스 성북센터,202001,412
성북구,1340. 광운초등학교 앞,202001,460
성북구,1342. 성북쉼터 앞,202001,144
성북구,1343. 한성대7번출구 앞,202001,381
성북구,1344. 아리랑시네센터 앞,202001,311
성북구,1346. 길음8골어린이공원 옆,202001,440
성북구,1347. 길음래미안아파트817동 상가 앞,202001,192
성북구,1348. 성북제일새마을금고 본점 앞,202001,215
성북구,1349. 월계2교 버스정류장 앞,202001,254
성북구,1351. 안암2교 옆,202001,836
성북구,1352. e 편한세상 보문아파트 내,202001,206
성북구,1353. 금호어울림센터힐 내,202001,203
성북구,1354. 고려대학교 2번출구,202001,831
성북구,1355. 보문2교,202001,628
성북구,1357. 북한산보국문역,202001,223
성북구,1358. 정릉도서관 앞,202001,231
성북구,1359. 장위뉴타운 꿈에 숲 코오롱 하늘채 앞,202001,245
성북구,1360. 정릉역,202001,366
성북구,1361. 홍익중고 입구,202001,414
성북구,1362. 보문역6번출구 앞,202001,434
성북구,1363. 보문4교 인근,202001,797
성북구,1364. 성북동 치안센터 앞,202001,403
성북구,1365. 선잠단지 앞,202001,98
성북구,1366. 일신초등학교 옆,202001,154
성북구,1367. 길음문화복합미디어센터,202001,231
성북구,1368. 성신여대입구 교차로,202001,396
성북구,1369. 미아사거리,202001,473
성북구,1370. 복자사랑 피정의 집,202001,317
성북구,1372. KEB은행 고대점,202001,836
성북구,1373. 성북구보건소 건너편,202001,350
성북구,1375. 생명의 전화 종합복지관 앞 교차로,202001,695
성북구,1376. 한국과학기술연구원 중문,202001,123
성북구,1377. 한국과학기술연구원 북문,202001,119
송파구,1201. 가락시장역 3번 출구,202001,1020
송파구,1203. 밀리아나2빌딩 앞,202001,1047
송파구,1204. 거여역 3번출구,202001,504
송파구,1205. 종합운동장역 4번출구,202001,435
송파구,1206. 9호선종합운동장역 9번출구,202001,749
송파구,1207. 마천CU우방점 앞,202001,337
송파구,1208. 풍납현대아파트쉼터,202001,899
송파구,1209. 잠실나루역 (2번 출구 쪽),202001,1728
송파구,1210. 롯데월드타워(잠실역2번출구 쪽),202001,2895
송파구,1211. 방이삼거리,202001,1208
송파구,1212. 송파역 2번 출구앞,202001,1404
송파구,1213. 백토공원 앞,202001,493
송파구,1214. 오금역 7번 출구 인근,202001,518
송파구,1215. 올림픽공원역 1번출구 앞,202001,593
송파구,1217. 송파파인타운 7단지,202001,408
송파구,1218. 방이역 4번출구,202001,975
송파구,1220. 잠실본동주민센터뒤 잠실근린공원,202001,874
송파구,1221. 삼전사거리 포스코더샵,202001,722
송파구,1222. 잠실새내역 5번 출구 뒤,202001,1372
송파구,1224. 아시아지하보도 2번 출구,202001,618
송파구,1226. 잠실4동 주민센터 옆,202001,728
송파구,1227. 거여역 8번출구 뒤,202001,434
송파구,1228. 마천사거리,202001,518
송파구,1229. 송파체육문화회관 앞,202001,461
송파구,1230. 송파중학교 정문,202001,518
송파구,1231. 잠실역 6번출구,202001,768
송파구,1232. 롯데마트 주차장 옆,202001,633
송파구,1233. 잠실3거리(갤러리아팰리스),202001,361
송파구,1235. 잠실트리지움310동 옆,202001,688
송파구,1239. 문정 법조단지3,202001,359
송파구,1240. 문정 법조단지4,202001,175
송파구,1241. 문정 법조단지5,202001,214
송파구,1242. 문정 법조단지6,202001,89
송파구,1243. 문정 법조단지7,202001,1301
송파구,1244. 문정 법조단지8,202001,891
송파구,1245. 문정 법조단지9,202001,731
송파구,1246. 문정 법조단지10,202001,922
송파구,1247. 문정 법조단지11,202001,579
송파구,1248. 방이초등학교,202001,743
송파구,1249. 아주중학교건너편,202001,502
송파구,1250.문정2동 주민센터,202001,207
송파구,1251. 석촌역 2번출구,202001,1313
송파구,1253. 오금역 3번 출구 뒤,202001,446
송파구,1256. 문정현대아파트 교차로,202001,445
송파구,1257. 가락시장역 롯데마트앞,202001,664
송파구,1258. 가락미륭아파트 앞,202001,275
송파구,1259. 방이역 1번출구,202001,728
송파구,1260. 방이동 한양3차아파트 옆,202001,652
송파구,1262. 송파여성문화회관 앞,202001,795
송파구,1263. 장지공영차고지,202001,131
송파구,1264. 천호역 10번 출구 앞,202001,771
송파구,1265. 문정동 근린공원,202001,935
송파구,1266. 문정동 글샘 공원,202001,170
송파구,1267. 올림픽공원 남2문 앞,202001,424
송파구,1268. 몽촌토성역 1번출구 옆,202001,1042
송파구,1269. 리센츠아파트,202001,555
송파구,1271. 송파도서관,202001,749
송파구,1274. 영파여고 앞,202001,333
송파구,1275. 거여초등학교 옆,202001,254
송파구,1277. 오금동 송파 참병원,202001,565
송파구,1278. 송파구청 교차로,202001,822
송파구,1279. 마천금호어울림 1차아파트 건너편,202001,233
송파구,1280. 송파파크데일 2단지입구 앞 주차장,202001,214
송파구,1282. 송파소방서 맞은편(성내4교),202001,341
송파구,1283. 오금공원 사거리,202001,295
송파구,1285. 위례별 유치원 뒤,202001,213
송파구,1286. 위례중앙푸르지오 1단지 앞,202001,485
송파구,1287. 위례아이파크 101동 맞은편,202001,214
송파구,1288. 문정중교 사거리,202001,855
송파구,1289. 풍납동 자전거보관소,202001,163
송파구,1290. 위례송파꿈에그린아파트24단지 앞 성벽 다리 밑,202001,299
송파구,1291. 서울체육고등학교 앞,202001,321
송파구,1293. 석촌호교차로 (스타벅스 앞),202001,990
송파구,1295. 잠실역 8번출구,202001,1362
송파구,1296. 석촌호수교차로 (송파나루근린공원 앞),202001,350
송파구,1297. 석촌호수교차로(동호 팔각정 앞),202001,569
송파구,1299. 송파소방서 (방이119안전센터),202001,321
송파구,1300. 오륜사거리,202001,215
송파구,2601. 석촌호수 서호사거리,202001,840
송파구,2603. 송파 글마루 도서관,202001,331
송파구,2604. 삼표레미콘 앞,202001,439
송파구,2605. 복정역 1번 출구 앞,202001,156
송파구,2606. 위례동주민센터 맞은편 근린공원,202001,390
송파구,2607. 복정역 2번출구 후문 (장지치안센터),202001,271
송파구,2608. 송파구청,202001,800
송파구,2609. 보성중고등학교 후문 앞,202001,71
송파구,2610. 여흥레이크빌 앞 (석촌호수 까페거리),202001,740
송파구,2611. 송파지역자활센터 뒤,202001,614
송파구,2612. 문정·가락 대여소 앞,202001,36
송파구,2613. 잠실나들목,202001,574
송파구,2614. 가락고등학교 앞,202001,574
송파구,2615. 테라타워2,202001,831
송파구,2616. 거여동 사거리,202001,237
송파구,2617. 가락삼환아파트 앞,202001,470
송파구,2618. 삼전역 1번출구,202001,567
송파구,2619. 석촌고분역 4번출구,202001,1207
송파구,2620. 송파나루역 4번 출구옆,202001,1136
송파구,2621. 한성백제역 2번 출구,202001,983
송파구,2622. 올림픽공원역 3번출구,202001,1439
양천구,700. KB국민은행 염창역 지점 앞,202001,669
양천구,701. 목동사거리 부근,202001,327
양천구,702. 목4동주민센터 옆,202001,511
양천구,703. 오목교역 7번출구 앞,202001,1133
양천구,704. 남부법원검찰청 교차로,202001,1154
양천구,706. 신정네거리역,202001,559
양천구,707. 신정3동주민센터,202001,257
양천구,708. 서울출입국관리사무소 앞,202001,1059
양천구,709. 신정3동 현장민원실 앞,202001,307
양천구,710. 서부화물트럭터미널 사거리,202001,217
양천구,711. 신일해피트리아파트 앞,202001,229
양천구,712. 강월초교입구 사거리,202001,334
양천구,713. 양서중학교 옆,202001,256
양천구,714. 한국SGI 양천문화회관 앞,202001,253
양천구,716.신정6동 주민센터 인근,202001,1077
양천구,719. 홍익병원앞 교차로,202001,541
양천구,720. 서울강월초등학교 앞,202001,172
양천구,722. LG전자베스트샵 신정점,202001,573
양천구,723. SBS방송국,202001,1115
양천구,724. 계남공원 입구 주출입구 좌측,202001,96
양천구,725. 양강중학교앞 교차로,202001,220
양천구,726. 목동3단지 시내버스정류장,202001,809
양천구,729. 서부식자재마트 건너편,202001,612
양천구,731. 서울시 도로환경관리센터,202001,726
양천구,732. 신월동 이마트,202001,318
양천구,733. 신정이펜하우스314동,202001,228
양천구,734. 신트리공원 입구,202001,469
양천구,735. 영도초등학교,202001,666
양천구,736. 오솔길공원,202001,417
양천구,737. 장수공원,202001,251
양천구,739. 신월사거리,202001,512
양천구,740. 으뜸공원,202001,251
양천구,741. 화곡로 입구 교차로,202001,137
양천구,742. 등촌역 5번 출구 뒤,202001,304
양천구,743. 현대6차아파트 101동 옆,202001,212
양천구,744. 신목동역 2번 출구,202001,602
양천구,745. 강서초등학교,202001,236
양천구,746. 목동2단지 상가,202001,807
양천구,747. 목동3단지 상가,202001,585
양천구,748. 목동운동장,202001,147
양천구,749. 이대 목동병원 앞,202001,389
양천구,750. 연의근린공원 건너편,202001,290
양천구,752. 성원2차 아파트,202001,338
양천구,754. 목동1단지아파트 118동 앞 (월촌초등학교 정류소 옆),202001,543
양천구,755. 목동1단지아파트 상가 앞 (월촌중학교 버스정류소 옆),202001,737
양천구,756. 목동주차장,202001,542
양천구,757. 신정이펜하우스 1단지아파트 입구 사거리,202001,165
양천구,758. 한사랑교회 앞,202001,465
양천구,759. 보아스아파트 앞,202001,317
양천구,760. 잣절보도육교 아래,202001,155
양천구,762. 오목로 무중력지대 앞,202001,281
양천구,763. 목동11단지 아파트,202001,252
양천구,764. 목동청소년수련관,202001,1017
양천구,765. 오목교역 3번출구,202001,1102
양천구,766. 신목동역 3번출구,202001,371
영등포구,200. 국회의원회관,202001,312
영등포구,201. 진미파라곤 앞,202001,607
영등포구,202. 국민일보 앞,202001,1046
영등포구,203. 국회의사당역 3번출구 옆,202001,955
영등포구,204. 국회의사당역 5번출구 옆,202001,511
영등포구,205. 산업은행 앞,202001,450
영등포구,206. KBS 앞,202001,931
영등포구,207. 여의나루역 1번출구 앞,202001,2050
영등포구,209. 유진투자증권빌딩 앞,202001,610
영등포구,210. IFC몰,202001,1507
영등포구,211. 여의도역 4번출구 옆,202001,1354
영등포구,212. 여의도역 1번출구 옆,202001,915
영등포구,213. KT앞,202001,785
영등포구,214. 금융감독원 앞,202001,579
영등포구,215. 여의도고교 앞,202001,205
영등포구,216. 삼부아파트1동 앞,202001,571
영등포구,217. NH농협은행 앞,202001,814
영등포구,218. 증권거래소 앞,202001,420
영등포구,219. 롯데캐슬엠파이어 옆,202001,497
영등포구,220. 미성아파트 A동 앞,202001,375
영등포구,221. 여의도초교 앞,202001,565
영등포구,222. 시범아파트버스정류장 옆,202001,1214
영등포구,223. 진주아파트상가 앞,202001,654
영등포구,224. 롯데캐슬 앞,202001,718
영등포구,225. 앙카라공원 앞,202001,495
영등포구,226. 샛강역 1번출구 앞,202001,616
영등포구,227. 양평2나들목 보행통로 입구,202001,408
영등포구,228. 선유도역 3번출구 앞,202001,827
영등포구,229. 양평1 보행육교 앞,202001,616
영등포구,230. 영등포구청역 1번출구,202001,1714
영등포구,231. 남부고용노동지청 남측,202001,465
영등포구,232. 양평우림 이비즈센타 앞,202001,1315
영등포구,233. YP 센터 앞,202001,124
영등포구,234. 영등포구민체육센터 앞,202001,402
영등포구,235. 신길동 우리은행 옆,202001,380
영등포구,236. 문래동자이아파트 앞,202001,670
영등포구,238. 제2구민체육센타 앞,202001,869
영등포구,239. 유스호스텔 앞,202001,710
영등포구,240. 문래역 4번출구 앞,202001,1080
영등포구,241. 신길우성1차아파트 앞 공원,202001,553
영등포구,242. 신길선원가와인아파트 앞,202001,321
영등포구,243. 이앤씨드림타워 앞,202001,824
영등포구,244. 영등포삼환아파트 앞,202001,718
영등포구,245. 삼성생명 당산사옥 앞,202001,999
영등포구,247. 당산역 10번출구 앞,202001,1714
영등포구,248. 초원아파트 앞,202001,460
영등포구,249. 여의도중학교 옆,202001,283
영등포구,250. 대림아파트 사거리,202001,271
영등포구,251. 서울지방병무청 버스정류장,202001,395
영등포구,252. 보라매역4번출구,202001,569
영등포구,253. 신풍역 5번출구 인근,202001,573
영등포구,254. 도림신협 앞,202001,416
영등포구,255. 도림4거리,202001,525
영등포구,256. 동아에코빌입구,202001,354
영등포구,257. 신길삼거리(우리은행),202001,929
영등포구,258. 신길역3번출구,202001,468
영등포구,259. 대방역6번출구,202001,1271
영등포구,260. 여의도 마리나선착장 앞,202001,220
영등포구,262. 영문초등학교 사거리,202001,1142
영등포구,263. 근로자회관 사거리,202001,1195
영등포구,264. 교보생명보험 앞,202001,688
영등포구,265. 영등포유통상가 사거리,202001,503
영등포구,266. 영등포청과시장 사거리,202001,381
영등포구,267. 삼성화재 사옥 옆,202001,502
영등포구,268. 그랜드컨벤션센터 앞,202001,662
영등포구,270. 증권거래소후문교차로,202001,317
영등포구,271. 샛강생태공원방문자센터 앞,202001,175
영등포구,272. 당산육갑문,202001,838
영등포구,274. 영등포역지하쇼핑센타 5번출구,202001,1499
영등포구,275. 신동아아파트,202001,883
영등포구,276. SK 영등포주유소,202001,668
영등포구,277. 영등포뉴타운지하상가 2번게이트,202001,656
영등포구,278. 쌍용플레티넘오피스텔,202001,644
영등포구,279. 영등포 푸르지오 아파트,202001,736
영등포구,280. 양평동6차현대아파트 앞,202001,837
영등포구,281. 신동아아파트 앞,202001,391
영등포구,282. 신한은행,202001,227
영등포구,283. 아크로타워 스퀘어(영등포시장),202001,934
영등포구,284. 센트럴 푸르지오 시티 앞,202001,1507
영등포구,285. 대림3동사거리(하나은행),202001,297
영등포구,286. 우성아파트 교차로,202001,460
영등포구,287. 영등포전화국사거리 (서강어린이공원),202001,696
영등포구,288. 쌍용예가(구청별관),202001,370
영등포구,289. 대림3동사거리,202001,266
영등포구,290. 당산동 SK V1 빌딩,202001,637
영등포구,291. 문래동 하이테크 시티,202001,797
영등포구,292. 영일 어린이공원,202001,272
영등포구,293. 충북 미래관,202001,737
용산구,800. 목월공원 앞,202001,654
용산구,802. 한강진역 2번 출구 앞,202001,267
용산구,803. 한남초교 앞 보도육교,202001,97
용산구,805. 문배어린이공원 앞,202001,512
용산구,806. 전자랜드 본관 앞,202001,443
용산구,807. 서울역 12번 출구 앞,202001,389
용산구,808. 서빙고동 금호맨션 앞,202001,122
용산구,809. 한남 유수지 복개주차장,202001,235
용산구,810. 이태원지하보도,202001,275
용산구,811. 녹사평역1번출구,202001,347
용산구,812. 용산전쟁기념관,202001,191
용산구,813. 삼각지역 3번출구,202001,358
용산구,815. LIG강촌아파트 103동앞,202001,490
용산구,816. 신용산역 6번출구 앞,202001,981
용산구,817. 삼각지역 4번출구 앞,202001,237
용산구,818. 숙명여대 입구 교차로,202001,487
용산구,819. 선린인터넷 고등학교,202001,346
용산구,820. 청파동입구 교차로,202001,328
용산구,822. 이촌1동 마을공원,202001,180
용산구,823. 효창동주민센터 앞,202001,123
용산구,825. 서빙고동 주민센터 앞,202001,595
용산구,827. 국군복지단,202001,213
용산구,828. 숙대입구역 8번,202001,309
용산구,829. 베르가모앞,202001,811
용산구,830. 청암자이아파트앞,202001,271
용산구,831. 이태원관광특구입구,202001,315
용산구,832. 이촌1동 주민센터 뒤,202001,619
용산구,834. 효창공원앞역 3번출구 뒤,202001,706
용산구,835. 남영역 건너편,202001,325
용산구,836. 현대자동차서비스 앞,202001,350
용산구,837. 한남나들목 입구,202001,426
용산구,838. 숙대입구역 4번출구,202001,328
용산구,839. 보광동 삼성리버빌아파트 앞,202001,234
용산구,840. 용산 파크타워 앞,202001,199
용산구,841. 신용산역 1번 출구,202001,633
용산구,843. 녹사평역 광장,202001,429
용산구,844. 이촌2동 동원베네스트 아파트 앞,202001,367
용산구,845. 용산 선인상가,202001,346
용산구,846. 용산중학교,202001,382
은평구,900. 은평예술회관,202001,391
은평구,901. 응암1동사무소,202001,491
은평구,902. 진관동 은빛초등학교,202001,110
은평구,903. 은평뉴타운 아이파크,202001,273
은평구,904. 은평뉴타운 푸르지오,202001,274
은평구,905. 구파발역 2번출구,202001,679
은평구,906. 연신내역 5번출구150M 아래,202001,972
은평구,907. CJ 드림시티,202001,1669
은평구,908. 구산역 4번출구,202001,429
은평구,909. 백련산 힐스테이트 3차,202001,276
은평구,911. 은평평화공원(역촌역4번출구),202001,850
은평구,912. 응암오거리,202001,933
은평구,913. 이마트 은평점,202001,1106
은평구,914. 새절역 2번출구,202001,1147
은평구,915. 증산역 4번출구,202001,562
은평구,916. 평생학습관 앞,202001,451
은평구,917. 녹번역 4번출구,202001,652
은평구,919. 서울혁신파크,202001,323
은평구,921. 신도고등학교,202001,325
은평구,922. 연신내역 4번출구,202001,146
은평구,923. 국민은행 연서지점,202001,305
은평구,924. 메뚜기다리,202001,138
은평구,925. 불광역 2번출구,202001,217
은평구,926. 불광역 8번출구,202001,581
은평구,927. 연신내역 3번출구 인근,202001,216
은평구,928. 은평역사한옥박물관,202001,102
은평구,930. 구 서부경찰서 건너편,202001,285
은평구,931. 역촌파출소,202001,1149
은평구,932. 예일여중,202001,359
은평구,933. LG서비스 역촌점,202001,620
은평구,934. 신사동 성당,202001,479
은평구,937. 상림마을 롯데캐슬2단지 옆,202001,12
은평구,938. 금암 문화공원,202001,44
은평구,939. 은평구청 교차로,202001,322
은평구,941. 은평뉴타운 도서관,202001,388
은평구,942. 상림마을 생태공원,202001,174
은평구,943. 은평구청 보건소,202001,732
은평구,945. 기자촌 사거리,202001,327
은평구,946. 독바위역,202001,333
은평구,947. 연신내 선일하이츠빌 정류소,202001,288
은평구,948. 디지털미디어 시티역 4번출구,202001,346
은평구,949. 연신내역 1번 출구,202001,329
은평구,950. 구산역 2번 출구,202001,479
은평구,951. 연신내역 6번출구옆,202001,545
은평구,952. 서울연신중학교,202001,205
은평구,953. 서울연신초등학교,202001,205
은평구,954. 은평뉴타운구파발9단지,202001,252
은평구,956. 응암시장교차로,202001,916
은평구,958. 신한은행 응암동 지점 앞,202001,426
은평구,959. 구파발10단지 인근,202001,157
은평구,960. 구파발역 환승센터,202001,232
은평구,961. 불광역 9번 출구,202001,367
은평구,962. 은평뉴타운 힐데스하임,202001,330
은평구,963. 대호프라자아파트,202001,449
은평구,964. 북한산힐스테이트 7차아파트,202001,253
은평구,965. 서울특별시 은평병원,202001,289
은평구,966. 서울혁신파크1,202001,45
은평구,967. 서울혁신파크2,202001,185
은평구,968. 은평뉴타운 상림마을 13단지,202001,116
은평구,969. 은평 지웰테라스,202001,97
은평구,971. 역촌 센트레빌 아파트,202001,176
은평구,972. 수색역,202001,379
종로구,301. 경복궁역 7번출구 앞,202001,655
종로구,302. 경복궁역 4번출구 뒤,202001,1025
종로구,303. 광화문역 1번출구 앞,202001,667
종로구,304. 광화문역 2번출구 앞,202001,389
종로구,305. 종로구청 옆,202001,778
종로구,306. 광화문역 7번출구 앞,202001,670
종로구,307. 서울역사박물관 앞,202001,635
종로구,308. 광화문 S타워 앞,202001,972
종로구,309. 광화문역 6번출구 옆,202001,402
종로구,314. 국립현대미술관,202001,612
종로구,315. 신한은행 안국역지점 옆,202001,591
종로구,316. 종각역 1번출구 앞,202001,1186
종로구,326. 안국역 5번출구 앞,202001,846
종로구,327. 낙원상가 옆,202001,664
종로구,328. 탑골공원 앞,202001,685
종로구,329. 청계2가 사거리 옆,202001,800
종로구,334. 종로3가역 2번출구 뒤,202001,884
종로구,335. 종로3가역 15번출구 앞,202001,766
종로구,337. 창경궁 입구,202001,231
종로구,338. 세운스퀘어 앞,202001,944
종로구,339. 종로4가 사거리,202001,648
종로구,340. 혜화동 로터리,202001,757
종로구,341. 혜화역 3번출구 뒤,202001,671
종로구,342. 대학로 마로니에공원,202001,977
종로구,343. 예일빌딩(율곡로) 앞,202001,402
종로구,344. 성균관대 E하우스 앞,202001,428
종로구,345. 서울보증보험본사 앞,202001,716
종로구,348. 독립문역 사거리,202001,479
종로구,349. 사직동주민센터,202001,434
종로구,351. 청운초교 앞 삼거리,202001,412
종로구,352. 중앙고입구 삼거리,202001,179
종로구,353. 재동초교 앞 삼거리,202001,422
종로구,354. 포르투갈 대사관 앞,202001,521
종로구,355. 서울사대부속초교 앞,202001,601
종로구,356. KT혜화지사 앞,202001,650
종로구,358. 성대입구 사거리,202001,1286
종로구,359. 원남동사거리,202001,569
종로구,361. 동묘앞역 1번출구 뒤,202001,1430
종로구,362. 청계8가 사거리,202001,900
종로구,363. 신설동역 11번출구 뒤,202001,821
종로구,364. 창신역 1번출구 앞,202001,481
종로구,367. 독립문역 3-1번출구,202001,495
종로구,368. SK 서린빌딩 앞,202001,466
종로구,369. 광화문 시민열린마당,202001,688
종로구,385. 종각역 5번출구,202001,731
종로구,386. 올림픽기념 국민생활관 앞,202001,473
종로구,388. 동성중학교 앞,202001,451
종로구,393. 동대문역 8번 출구,202001,799
종로구,394. 경희궁 자이 3단지,202001,331
종로구,395. 경희궁 자이 2단지,202001,432
종로구,397. 종묘공영주차장 건너편,202001,423
종로구,446. 상명대입구,202001,238
종로구,447. 신영동삼거리,202001,95
종로구,449. 일성아파트,202001,97
종로구,450. 효자동 삼거리,202001,462
종로구,451. 청와대앞길,202001,197
종로구,452. 동대문 종합시장 버스정류장,202001,409
종로구,453. 종로오가 지하쇼핑센터 14번출구,202001,597
종로구,454. 종로2가 버스정류장 (종각방향),202001,594
종로구,455. 삼익한의원,202001,269
종로구,456. 숭인2동 주민센터 입구 (이강3대냉면),202001,437
종로구,457. 종로꽃시장 입구 옆,202001,406
종로구,458. 광화문역 5번출구,202001,707
종로구,461. 서울지방경찰청,202001,542
종로구,462. 신영동삼거리(북악터널방향),202001,106
종로구,464. 삼청동 골목,202001,365
종로구,465. 삼청공원 앞,202001,71
중구,300. 정동사거리,202001,532
중구,310. 청계광장 옆,202001,417
중구,311. 서울광장 옆,202001,1335
중구,312. 시청역 1번출구 뒤,202001,1017
중구,318. 광교사거리 남측,202001,285
중구,320. 을지로입구역 4번출구 앞,202001,703
중구,321. KEB 하나금융그룹 명동사옥 옆,202001,426
중구,322. 명동성당 앞,202001,306
중구,324. 신세계백화점 본점 앞,202001,644
중구,330. 청계천 한빛광장,202001,354
중구,331. 을지로2가 사거리 북측,202001,559
중구,332. 을지로2가 사거리 남측,202001,393
중구,336. 티마크 호텔 앞,202001,429
중구,346. 맥스타일 앞,202001,965
중구,347. 동대문역사문화공원역 9번출구 앞,202001,745
중구,370. 시청역(2호선) 9번출구 뒤,202001,693
중구,371. 동대입구역 6번출구 뒤,202001,258
중구,372. 약수역 3번출구 뒤,202001,387
중구,373. 청구 어린이공원,202001,79
중구,374. 청구역 2번출구 앞,202001,459
중구,375. 다산 어린이공원,202001,520
중구,378. 청계7가 사거리,202001,658
중구,379. 서울역9번출구,202001,569
중구,380. CJ제일제당 앞,202001,463
중구,381. 장충체육관,202001,115
중구,382. 약수역 10번출구 앞,202001,253
중구,383. 신당역 12번 출구 뒤,202001,1246
중구,384. 종로학원본원,202001,230
중구,387. 훈련원공원주차장 앞,202001,383
중구,389. 을지로4가역 1번출구,202001,631
중구,390. 충무로역 1번출구,202001,658
중구,391. 정동길입구,202001,222
중구,398. 을지로3가역 3번출구,202001,564
중구,399. 서울역 센트럴 자이아파트,202001,255
중구,428. 명보사거리,202001,241
중구,429. 송도병원,202001,116
중구,430. KEB하나은행 장충동지점,202001,236
중구,431. 청계천 영도교,202001,1241
중구,433. 을지로입구역 2번출구,202001,697
중구,434. 신당 래미안 버스정류장,202001,253
중구,435. SK 남산빌딩,202001,216
중구,826. 서울역 서부교차로2,202001,512
중랑구,1401. 극동늘푸른아파트,202001,655
중랑구,1402. 금란주차장 앞,202001,443
중랑구,1403. 중화빌딩 앞 (동부시장),202001,1097
중랑구,1404. 동일로 지하차도,202001,505
중랑구,1405. 망우역 1번출구,202001,624
중랑구,1406. 망우청소년수련관,202001,81
중랑구,1407. 먹골역 1번출구 뒤,202001,456
중랑구,1408. 먹골역 6번출구 앞,202001,499
중랑구,1410. 면목 대원칸타빌아파트,202001,152
중랑구,1411. 상봉시장앞 교차로 한성빌딩 앞,202001,317
중랑구,1412. 면목초등학교,202001,244
중랑구,1413. 봉화산역 5번출구 뒤,202001,303
중랑구,1414. 사가정역 1번출구,202001,760
중랑구,1416. 상봉역 3번출구,202001,371
중랑구,1418. 새솔초등학교,202001,216
중랑구,1420. 신내어울공원 앞,202001,249
중랑구,1421. 신내역 4번출구,202001,148
중랑구,1422. 신내우디안아파트 1단지,202001,144
중랑구,1424. 양원역 2번출구,202001,67
중랑구,1425. 용마문화복지센터,202001,242
중랑구,1426. 면목도시개발아파트 1동 앞,202001,139
중랑구,1427. 용마산역 1번출구,202001,169
중랑구,1428. 원묵고등학교,202001,268
중랑구,1429. 장안중학교,202001,306
중랑구,1430. 중랑구청,202001,564
중랑구,1431. 중랑구청 사거리,202001,685
중랑구,1433. 중화역 2번출구,202001,818
중랑구,1434. 홈플러스 면목동점,202001,335
중랑구,1435. 능산삼거리,202001,120
중랑구,1436. 영풍마드레빌,202001,227
중랑구,1437. 늘푸른공원 앞,202001,204
중랑구,1438. 홈플러스 신내점 앞,202001,612
중랑구,1440. 하나은행 면목지점,202001,394
중랑구,1441. 신내능말공원,202001,382
중랑구,1442. (구)신한은행 중랑교지점,202001,509
중랑구,1443. 구립망우청소년독서실,202001,163
중랑구,1444. 면목4치안센터,202001,284
중랑구,1445. 용마지구대,202001,74
중랑구,1446. 중랑전화국 교차로,202001,530
중랑구,1447. 면목역 3번출구,202001,700
중랑구,1448. 코스트코 상봉점,202001,893
중랑구,1449. 상봉역 1번출구,202001,726
중랑구,1450. 화랑대역 7번출구,202001,266
중랑구,1451. 중랑세무서,202001,659
중랑구,1452. 겸재교 진입부,202001,588
중랑구,1453. 중랑캠핑숲,202001,38
중랑구,1454. 한국전력공사(동대문 중랑지사),202001,468
중랑구,1455. 상봉역 2번 출구,202001,609
중랑구,1456. 상아빌딩(우림시장 교차로),202001,382
중랑구,1457. 동원사거리,202001,309
중랑구,1458. 상봉터미널2,202001,581
중랑구,1459. 용마한신아파트사거리,202001,180
강남구,2301. 현대고등학교 건너편,202002,740
강남구,2302. 교보타워 버스정류장(신논현역 3번출구 후면),202002,620
강남구,2303. 논현역 7번출구,202002,95
강남구,2304. 신영 ROYAL PALACE 앞,202002,105
강남구,2305. MCM 본사 직영점 앞,202002,196
강남구,2306. 압구정역 2번 출구 옆,202002,739
강남구,2307. 압구정 한양 3차 아파트,202002,481
강남구,2308. 압구정파출소 앞,202002,334
강남구,2309. 청담역(우리들병원 앞),202002,115
강남구,2310. 청담동 맥도날드 옆(위치),202002,269
강남구,2311. 학동로 래미안 아파트 앞,202002,49
강남구,2312. 청담역 13번 출구 앞,202002,149
강남구,2313. 금원빌딩 앞,202002,421
강남구,2314. 청담나들목입구,202002,286
강남구,2315. 봉은사역 5번출구 옆,202002,594
강남구,2316. 삼성역 8번출구,202002,452
강남구,2317. 삼성도로공원,202002,283
강남구,2318. 삼성중앙역4번출구(문화센터더 리빌),202002,182
강남구,2319. 포스코4거리 서측(수협 삼성동 지점),202002,289
강남구,2320. 도곡역 대치지구대 방향,202002,387
강남구,2321. 학여울역 사거리,202002,386
강남구,2322. 삼성역 3번 출구,202002,331
강남구,2323. 주식회사 오뚜기 정문 앞,202002,157
강남구,2324. 천주교 대치 2동 교회 옆,202002,447
강남구,2325. 대치동 버거킹대치점,202002,437
강남구,2326. 대치동 삼성로,202002,209
강남구,2327. 뱅뱅사거리 랜드마크타워 앞,202002,446
강남구,2328. 르네상스 호텔 사거리 역삼지하보도 7번출구 앞,202002,295
강남구,2329. 르네상스호텔사거리 역삼지하보도 2번출구,202002,130
강남구,2330. 스타벅스 앞,202002,361
강남구,2331. 동영문화센터앞,202002,270
강남구,2332. 선릉역3번출구,202002,479
강남구,2333. 양재역 3번출구 주변,202002,662
강남구,2334. 삼호아파트 2동 ( 간선도로),202002,142
강남구,2335. 3호선 매봉역 3번출구앞,202002,387
강남구,2336. 강남세브란스교차로 래미안그레이튼 104동 앞,202002,142
강남구,2337. 대모산입구역 2번출구 앞,202002,179
강남구,2339. 현대아파트 정문 앞,202002,201
강남구,2340. 삼호물산버스정류장(23370) 옆,202002,613
강남구,2341. 일원역 4~5번 출구 사이,202002,130
강남구,2342. 대청역 1번출구 뒤,202002,716
강남구,2343. 세곡사거리 대왕파출소 앞,202002,56
강남구,2344. 리엔파크 2단지 앞,202002,240
강남구,2347. 두산건설 본사,202002,164
강남구,2348. 포스코사거리(기업은행),202002,672
강남구,2349. 역삼빌딩 앞(하나은행 옆),202002,197
강남구,2350. 래미안그레이튼102동앞,202002,147
강남구,2351. 청소년수련관(수영장)앞,202002,95
강남구,2352. 서울본부세관(건설회관 앞),202002,147
강남구,2353. 강남구청역 2번출구 뒤,202002,294
강남구,2354. 청담역 2번출구,202002,134
강남구,2355. 삼성역 5~6번 출구 사이,202002,599
강남구,2356. 강남구청,202002,204
강남구,2357. 르네상스호텔사거리 역삼지하보도 3번출구 앞 (더 오번 빌딩 명동칼국수 앞),202002,235
강남구,2358. 구룡초사거리 (현대아파트10동 앞 ),202002,159
강남구,"2359. 국립국악중,고교 정문 맞은편",202002,300
강남구,2360. 도곡1동 주민센터 교차로,202002,245
강남구,2361. 압구정역 교차로,202002,301
강남구,2362. 신사동 가로수길 입구,202002,409
강남구,2363. 강남 을지병원 교차로,202002,184
강남구,2364. 도산대로 렉서스 앞,202002,258
강남구,2365. K+ 타워 앞,202002,351
강남구,2368. 도곡동 경남아파트 건너편,202002,111
강남구,2369. KT선릉타워,202002,312
강남구,2370. 한티역 3번출구,202002,337
강남구,2371. 한국우편사업진흥원,202002,191
강남구,2372. 대치역 사거리,202002,440
강남구,2373. 개포동역 사거리,202002,473
강남구,2375. 수서역 1번출구 앞,202002,275
강남구,2376. 수서역 6번출구 앞,202002,93
강남구,2377. 수서역 5번출구 뒤,202002,709
강남구,2380. 삼성동베이직하우스앞,202002,215
강남구,2381. 언주역 6번출구앞,202002,182
강남구,2382. 역삼동 sk뷰 501동앞,202002,81
강남구,2383. 보금자리정원,202002,76
강남구,2384. 자곡사거리,202002,591
강남구,2385. 학동역,202002,314
강남구,2387. 래미안강남힐즈 사거리,202002,253
강남구,2388. 강남구 도시관리공단,202002,89
강남구,2389. 경기여자고등학교 후문 (삼성로3길 입구),202002,207
강남구,2390. 구룡마을 입구 (래미안블레스티지 아파트),202002,105
강남구,2391. 구룡터널 입구(개포1단지아파트),202002,20
강남구,2392. 구룡산 입구 (구룡산 서울둘레길 입구),202002,79
강남구,2393. 구룡사 앞 교차로 (보도육교),202002,51
강남구,2395. 개포1단지아파트 입구 (보도육교),202002,25
강남구,2396. 영동3교 북단(우성캐릭터 앞 보도),202002,277
강남구,2398. 더라움,202002,236
강남구,2401. 밀알학교 입구 (삼성서울병원 입구),202002,142
강남구,2403. 공무원연금매점 교차로 (개포주공9단지 입구),202002,66
강남구,2404. 대모산입구역 4번 출구 앞,202002,338
강남구,2405. 청담공원앞 교차로,202002,315
강남구,2406. 논현동 광명빌딩 앞,202002,121
강남구,2407. 역삼.서초.삼성 세무서 앞 (역삼빌딩 앞),202002,510
강남구,2408. 강남한양수자인아파트,202002,288
강남구,2409. 역삼동 디오슈페리움 (우성아파트 사거리),202002,413
강남구,2410. 포스코피앤에스타워 (역삼역 3번출구 부근),202002,269
강남구,2411. 세곡동 성당,202002,273
강남구,2412. 일원1동 주민센터,202002,557
강동구,1001. 광진교 남단 사거리(디지털프라자앞),202002,696
강동구,1002. 해공공원(천호동),202002,561
강동구,1003. 해공도서관앞,202002,447
강동구,1004. 삼성광나루아파트 버스정류장,202002,435
강동구,1006. 롯데캐슬 115동앞,202002,357
강동구,1007.암사동 선사유적지,202002,54
강동구,1008. 암사역 3번출구(국민은행앞),202002,1086
강동구,1009. 천호역4번출구(현대백화점),202002,1606
강동구,1010. 강동세무서,202002,1161
강동구,1011. LIGA 아파트 앞,202002,828
강동구,1012. 서울 상운차량,202002,445
강동구,1013. 강동구청역 1번 출입구,202002,607
강동구,1014. 강동구평생학습관앞,202002,449
강동구,1015. 샛마을 근린공원,202002,434
강동구,1016. 해뜨는 주유소옆 리엔파크 109동앞,202002,190
강동구,1017. 맥도날드(길동),202002,737
강동구,1018. 둔촌 주공 GS 맞은편,202002,362
강동구,1019. 다성이즈빌아파트(호원대 대각선 맞은편),202002,1277
강동구,1020. 강동경찰서,202002,1195
강동구,1021. 강일동 리슈빌 빌딩앞,202002,484
강동구,1022. 길동 사거리(초소앞),202002,820
강동구,1023. 한국종합기술사옥 앞,202002,532
강동구,1024. 강동구청 앞,202002,847
강동구,1025. 상일초등학교,202002,146
강동구,1026. 대명초교 입구 교차로,202002,201
강동구,1027. 프라자 아파트 앞,202002,413
강동구,1028. 포레스 주상복합 빌딩,202002,441
강동구,1029. 롯데 시네마,202002,788
강동구,1030. 미호 플랜트 앞,202002,502
강동구,1031. 올림픽로 836(아리수로),202002,154
강동구,1032. 선사고등학교,202002,177
강동구,1033. 고덕동 아남아파트,202002,327
강동구,1034. 고덕동 래미안 힐스테이트,202002,93
강동구,1035. 고덕역 4번출구,202002,808
강동구,1036. 고덕동 주양쇼핑,202002,347
강동구,1037. 강일리버파크 6단지,202002,42
강동구,1038. 강일 다솜 어린이 공원,202002,65
강동구,1039. 고덕초등학교,202002,64
강동구,1041. 묘곡초등학교,202002,218
강동구,1042. 강일리버파크 2~5단지,202002,254
강동구,1044. 굽은다리역,202002,1264
강동구,1047. 건강보험 강동지사kt,202002,662
강동구,1048. 동부기업(둔촌동),202002,738
강동구,1049. 강일리버파크 10단지,202002,301
강동구,1050. 둔촌역 3번 출입구,202002,1414
강동구,1051. 양지시장 (용성약국앞) 입구,202002,468
강동구,1052. 리싸이클시티,202002,98
강동구,1053. 동명근린공원 진입로 (아리수로),202002,168
강동구,1054. 말우물 어린이 공원,202002,104
강동구,1056. 강일리버파크 7~11단지,202002,135
강동구,1057. 능골근린공원,202002,206
강동구,1059. 래미안 강동팰리스(102동),202002,671
강동구,1060. 천일초교 사거리,202002,330
강동구,1061. 천호초교 입구 사거리(일주빌딩),202002,356
강동구,1062. 고덕숲 아이파크 2,202002,149
강동구,3539. 서원마을,202002,56
강북구,"1501. 미아역 3번,4번 출구 사이",202002,511
강북구,1503. 이디야 커피 수유역점 앞,202002,1160
강북구,1504. 다이소 삼양시장점,202002,187
강북구,1506. 강북문화예술회관,202002,475
강북구,1509. 서울북부수도사업소,202002,434
강북구,1510. 번동주공5단지 관리사무소 앞,202002,122
강북구,1511. 번동 금호어울림아파트102동앞,202002,102
강북구,1512. 강북중학교 앞,202002,412
강북구,1513. 강북구청 뒷편,202002,181
강북구,1514. 강북구청 사거리 버스정류소 앞,202002,757
강북구,1515. 송천동 주민센터,202002,313
강북구,1516. 우이초등학교 후문 옆,202002,231
강북구,1518. SK telecom(수유직영점) 앞,202002,305
강북구,1519. 세븐일레븐 수유장미원점 앞,202002,341
강북구,1520. 성실교회,202002,304
강북구,1522. 월드전기조명인테리어(우이동),202002,205
강북구,1525. 미아동 복합청사,202002,189
강북구,1526. 수유동 채선당앞,202002,269
강북구,1527. 미아역 1번 출구 뒤,202002,347
강북구,1528. 삼각산동 주민센터,202002,348
강북구,1529. 미아동 한국전력공사,202002,564
강북구,1530. 광산사거리,202002,474
강북구,1531. 미아사거리 1번 출구,202002,776
강북구,1532. 번3동 주민센터 교차로,202002,347
강북구,"1533. 번동 주공3, 4단지 교차로",202002,582
강북구,1534. 북서울 꿈의 숲 동문,202002,251
강북구,1535. 효성인텔리안 앞,202002,921
강북구,1536. 번동 두산위브 101동 옆,202002,432
강북구,1537. 북한산 우이역,202002,201
강북구,1538. 솔밭공원역,202002,270
강북구,1539. 4.19민주묘지역,202002,477
강북구,1540. 가오리역,202002,344
강북구,1541. 삼양역,202002,174
강북구,1542. 삼양사거리역,202002,178
강북구,1543. 수유1동 주민센터,202002,224
강북구,1545. 솔샘역 2번 출구,202002,125
강북구,1546. 송천동우체국,202002,252
강북구,1547. 꿈의숲 롯데캐슬,202002,167
강북구,1548. 북서울 꿈의숲 서문,202002,290
강서구,1101. 개화동상사마을종점 버스정류장,202002,106
강서구,1102. 방화사거리 마을버스 버스정류장,202002,509
강서구,1103. 방화역 4번출구앞,202002,556
강서구,1105. 방화근린공원,202002,108
강서구,1106. 신방화사거리,202002,593
강서구,1108. 공항시장역 2번출구 뒤,202002,254
강서구,1109. 공항시장역 4번출구,202002,247
강서구,1110. 공항중학교앞,202002,311
강서구,1111. 마곡엠밸리6_7단지 마곡중학교,202002,460
강서구,1112. 마곡엠밸리4단지 정문,202002,1610
강서구,1113. 서남환경공원 버스정류장,202002,673
강서구,1114. 서남물재생센터 버스정류장,202002,56
강서구,1115. 등촌역 1번출구옆,202002,371
강서구,1117. 스타벅스앞,202002,1069
강서구,1118. 증미역 3번출구뒤(등촌두산위브센티움오피스텔),202002,1148
강서구,1119. 염창동 한마음아파트앞(염창동 빛나는 음악학원앞),202002,611
강서구,1120. 대림경동아파트앞,202002,779
강서구,1121. 가양레포츠센터앞,202002,542
강서구,1122. 황금내근린공원,202002,508
강서구,1124. 발산역 6번출구옆(다이소앞),202002,1221
강서구,1125. 명덕고교입구(영종빌딩),202002,827
강서구,1126. 우장산역 1번출구옆(우장산아이파크105동앞),202002,555
강서구,1127. 화곡역(에이스정형외과앞) 버스정류장,202002,530
강서구,1128. 화곡역 6번출구,202002,491
강서구,1129. 화곡역 1번 출구 앞,202002,504
강서구,1130. 화곡본동시장 버스정류장,202002,225
강서구,1131. 꿈돌이공원 앞,202002,738
강서구,1132. 등촌역 7번출구,202002,589
강서구,1135. 강서구의회,202002,567
강서구,1136. 등촌2파출소,202002,299
강서구,1137. 등촌2동주민센터,202002,170
강서구,1139. 용문사 버스정류장,202002,476
강서구,1140. 목동사거리 버스정류장,202002,565
강서구,1141. 곰달래 문화복지센터 1-1,202002,491
강서구,1145. 곰달래 문화복지센터 1-2,202002,347
강서구,1146. 곰달래사거리,202002,432
강서구,1148. 볏골공원,202002,269
강서구,1149. 신방화역환승주차장,202002,1293
강서구,1150. 송정역 1번출구,202002,886
강서구,1151. 마곡역1번출구,202002,650
강서구,1152. 마곡역교차로,202002,960
강서구,"1153. 발산역 1번, 9번 인근 대여소",202002,1959
강서구,1155. 기쁜우리복지관,202002,627
강서구,1157. 강서구청,202002,707
강서구,1158. 가양역 8번출구,202002,1575
강서구,1159. 서서울모터리움앞,202002,618
강서구,1160. 양천향교역 7번출구앞,202002,1899
강서구,1161. 강서면허시험장앞,202002,183
강서구,1162. 공항초등학교건너편,202002,683
강서구,1163. 방화동강서기동대앞,202002,586
강서구,1165. 마곡중학교 후문,202002,391
강서구,1166. 강서구립등빛도서관,202002,1092
강서구,1167. 마곡수명산파크3단지 교차로,202002,1037
강서구,1168. 마곡엠밸리10단지 앞,202002,669
강서구,1169. 염창역 1번 출구,202002,532
강서구,1170. 강서구보건소 (삼성디지털 프라자),202002,412
강서구,1171. 염창동 새마을금고 건너편 (모닝글로리),202002,479
강서구,1172. 가양3동 주민센터,202002,493
강서구,1173. 강서구청사거리(SH타워),202002,1045
강서구,1174. 강서구청사거리(부민병원),202002,401
강서구,1175. 대한항공 인력개발센터,202002,417
강서구,1177. 수명중?고교,202002,611
강서구,1178. 개화산역 2번 출구,202002,267
강서구,1180. 마곡엠밸리 15단지(1502동) 건너편,202002,620
강서구,1181. 농수산식품공사 (강서지사),202002,201
강서구,1182. KBS 스포츠월드,202002,948
강서구,1183. KC 대학교,202002,82
강서구,1184. 마곡13단지,202002,784
강서구,1185. 등촌9단지,202002,494
강서구,1186. 송정중학교,202002,387
강서구,1187. 강서수산물도매시장,202002,217
강서구,1188. 롯데중앙연구소,202002,240
강서구,1190. 마곡역 교차로(2번출구),202002,408
강서구,1191. 마곡역 교차로(NH농협),202002,1060
강서구,1192. 마곡수명산파크 209동 건너편,202002,582
강서구,1193. 마곡센트럴타워 1차,202002,968
강서구,1194. 센서텍㈜,202002,547
강서구,1195. 코오롱One&Only타워,202002,1015
강서구,1196. 서울식물원(문화센터) 건너편,202002,331
강서구,1197. 엘펠리체 호텔 건너편,202002,1334
강서구,1198. LG 사이언스파크,202002,563
강서구,1199. 우장산역 3번출구,202002,619
강서구,1200. 개화광역환승센터,202002,119
강서구,2701. 마곡나루역 5번출구 뒤편,202002,3117
강서구,2702. 마곡 엠밸리2단지,202002,426
관악구,2102. 봉림교 교통섬,202002,2418
관악구,2103. 신림동 우방아파트,202002,575
관악구,2104. 사당역 5번출구,202002,514
관악구,2105. 미성동 신림체육센터,202002,460
관악구,2106. 난곡 새마을금고,202002,831
관악구,2107. 도림천 신화교,202002,996
관악구,2108. 은천치안센터,202002,433
관악구,2109. 은천로입구 가로공원,202002,763
관악구,2110. 조원동 미성아파트,202002,312
관악구,2111. 서울대입구역 1번출구,202002,385
관악구,2112. 서울대입구역 마에스트로,202002,363
관악구,2113. 관악동작견인차량보관소,202002,616
관악구,2115. 관악농협농산물백화점,202002,463
관악구,2116. 에이스에이존빌딩,202002,252
관악구,2119. 중앙동 동진빌딩,202002,390
관악구,2122. 낙성대로 입구,202002,332
관악구,2127. 보성운수차고지 맞은편,202002,142
관악구,2128. 관악구청교차로,202002,123
관악구,2129. 낙성대 과학전시관,202002,175
관악구,2130. 영어마을 관악캠프,202002,33
관악구,2135. 신림역 5번출구,202002,764
관악구,2136. 신림역 8번출구,202002,777
관악구,2137. KT&G 관악지점,202002,274
관악구,2139. 서울신성초등학교,202002,550
관악구,2140. 신림1교 교차로,202002,841
관악구,2141. 미림여고입구 교차로,202002,95
관악구,2143. 서울산업정보학교,202002,151
관악구,2144. 난우길입구,202002,220
관악구,2145. 은천초등학교 육교,202002,293
관악구,2148. 낙성대역 3번출구 뒤,202002,245
관악구,2156. 농협 관악문성지점,202002,378
관악구,2159. 인헌초교,202002,104
관악구,2160. 관악구 보건소,202002,193
관악구,2164. 관악우체국,202002,457
관악구,2165. JK장평타워,202002,79
관악구,2167. 낙성대역 1번출구,202002,186
관악구,2169. 봉천역 2번출구,202002,550
관악구,2170. 조원동서울본병원,202002,351
관악구,2171. 서울대입구역 5번출구,202002,564
관악구,2172. 나들목공원,202002,266
관악구,2173. 당곡사거리,202002,1413
관악구,2174. 삼성디지털프라자관악점,202002,288
관악구,2175. 신림동걷고싶은문화의거리입구,202002,133
관악구,2176. 보라매공원 보도육교,202002,613
관악구,2177. 신대방역 2번 출구,202002,1822
관악구,2178. 서울대학교 정문,202002,341
관악구,2179. 양녕로 입구,202002,359
관악구,2180. 신림동주민센터,202002,387
관악구,2183. 동방1교,202002,2006
관악구,2184. 구암초등학교 버스정류장,202002,112
관악구,2185. 대학동 고시촌,202002,545
광진구,3500. 군자역2번출구,202002,792
광진구,3501. 광진구청 앞,202002,1134
광진구,3502. 중곡역 1번출구,202002,386
광진구,3503. 광진유진스웰,202002,86
광진구,3504. 원일교회,202002,874
광진구,3505. 신양초교앞 교차로,202002,484
광진구,3506. 영동대교 북단,202002,555
광진구,3507. 어린이회관,202002,577
광진구,3508. 화양사거리,202002,1026
광진구,3509. 세종사이버대학교,202002,1340
광진구,3510. 중곡SK아파트앞,202002,252
광진구,3516. 구의아리수정수센터앞,202002,418
광진구,3517. 용마사거리,202002,723
광진구,3518. 군자역 7번출구뒤,202002,1582
광진구,3520. 광진경찰서,202002,854
광진구,3521. 현대홈타운 뒷길,202002,182
광진구,3523. 건국대학교 과학관(이과대) 앞,202002,248
광진구,3524. 세종대학교,202002,83
광진구,3528. 광진정보도서관,202002,288
광진구,3529. 어린이대공원정문,202002,437
광진구,3533. 건대입구역 사거리(롯데백화점),202002,2054
광진구,3534. 건대입구역 5번출구 뒤,202002,1210
광진구,3535. 중곡사거리(국민은행),202002,902
광진구,3536. 중앙농협(자양동),202002,876
광진구,3537. 아차산 휴먼시아 아파트 옆,202002,297
광진구,3541. 커먼그라운드,202002,1341
광진구,3542. 래미안 구의파크 스위트,202002,622
광진구,3543. 세종대학교(학술정보원),202002,243
광진구,500. 어린이대공원역 3번출구 앞,202002,1156
광진구,501. 광진구의회 앞,202002,817
광진구,502. 뚝섬유원지역 1번출구 앞,202002,2814
광진구,504. 신자초교입구교차로,202002,1125
광진구,505. 자양사거리 광진아크로텔 앞,202002,1787
광진구,515. 광양중학교 앞,202002,364
광진구,516. 광진메디칼 앞,202002,561
광진구,539. 군자교교차로,202002,640
광진구,540. 군자역 7번출구 베스트샵 앞,202002,651
광진구,542. 강변역 4번출구 뒤,202002,606
광진구,543. 구의공원(테크노마트 앞),202002,700
광진구,544. 광남중학교,202002,309
광진구,546. 잠실대교북단 교차로,202002,642
광진구,548. 자양나들목,202002,895
광진구,549. 아차산역 3번출구,202002,798
광진구,551. 구의삼성쉐르빌 앞,202002,976
광진구,552. 대림아크로리버 앞,202002,312
광진구,553. 중곡 성원APT 앞,202002,529
광진구,555. 구의3동주민센터,202002,294
광진구,571. 어린이대공원역6번출구,202002,694
광진구,572. 국립정신 건강센터 앞,202002,299
광진구,573. 구의문주차장 앞,202002,792
광진구,574. 아차산역4번출구,202002,994
광진구,575. 중앙농협 중곡지점,202002,168
광진구,576. 광나루역 3번 출구,202002,602
광진구,577. 광진청소년수련관,202002,559
광진구,584. 광진광장 교통섬,202002,1123
광진구,588. 뚝섬 유원지역,202002,788
광진구,590. 건국대학교 (입학정보관),202002,1126
광진구,591. 건국대학교 (행정관),202002,218
광진구,592. 건국대학교 학생회관,202002,575
광진구,593.자양중앙나들목,202002,855
구로구,1901. 신도림동주민센터 앞,202002,502
구로구,1904. 도림천역 1번 출구 앞,202002,645
구로구,1906. 신도림역 1번 출구 앞,202002,1864
구로구,1907. 구일우성(아) 육교 밑,202002,374
구로구,1908. 해원리바파크 육교 밑,202002,580
구로구,1910. 낙원교회 맞은편,202002,134
구로구,1911. 구로디지털단지역 앞,202002,1998
구로구,1912. 한신휴아파트 앞,202002,533
구로구,1913. 구로리공원,202002,291
구로구,1914. 대림역4번출구,202002,532
구로구,1916. 구로중학교앞,202002,115
구로구,1920. 서울미래초등학교 사거리,202002,551
구로구,1924. 삼부르네상스파크빌,202002,241
구로구,1925. 동양미래대학교 정문 옆,202002,1041
구로구,1928. 고척스카이돔구장 광장,202002,379
구로구,1929. 고척근린공원 고척도서관 앞,202002,309
구로구,1930. 개봉지구대 개봉치안센터,202002,268
구로구,1931. 개봉역(북측광장),202002,451
구로구,1933. 개봉푸르지오아파트 상가,202002,364
구로구,1936. 개봉역 1번 출구 자전거보관서쪽,202002,217
구로구,1937. 한진아파트 입구,202002,227
구로구,1941. 오류동역 2번출구,202002,433
구로구,1943. 온수역 북측,202002,147
구로구,1946. 구로역 광장,202002,661
구로구,1951. 천왕이펜하우스 4단지 상가 앞,202002,98
구로구,1952. 천왕연지타운2단지 앞,202002,369
구로구,1953. 천왕역 4번출구 뒤,202002,199
구로구,1955. 디지털입구 교차로,202002,853
구로구,1956. 도야미리숯불갈비 앞,202002,412
구로구,1957. 구일고등학교 정문,202002,500
구로구,1958. 강서수도사업소민원센터,202002,414
구로구,1959. 구로구의회 앞,202002,299
구로구,1960. 화광신문사 앞,202002,786
구로구,1961. 신도림테크노근린공원,202002,1412
구로구,1962. 가리봉동주민센터,202002,404
구로구,1964. 원메디타운 앞,202002,346
구로구,1965. 삼환로즈빌아파트 105동 옆,202002,254
구로구,1966. 한마을아파트 정문상가,202002,373
구로구,1967. 참새공원(백곡경노당),202002,105
구로구,1968. 동인오피스텔 건너편 소공원,202002,134
구로구,1969. 궁동생태공원,202002,40
구로구,1971. 오정초교 앞 보도육교,202002,97
구로구,1973. 오리로와 서해안도로 교차로 앞,202002,142
구로구,1974. 신도림2차e편한세상아파트 203동 앞,202002,376
구로구,1975. 대림역 1번 출입구 밑,202002,373
구로구,1976. 남구로역 5번 출입구 앞,202002,125
구로구,1977. 천왕역 1번 출입구 앞,202002,285
구로구,1979. 구로1동우체국 앞,202002,101
구로구,1981. 천왕이펜하우스5단지 앞,202002,241
구로구,1983. 구로동롯데아파트,202002,431
구로구,1984. 구로구청,202002,497
구로구,1985. 구로도서관,202002,952
구로구,1986. 태평양물산빌딩,202002,932
구로구,1987. 개봉아이파크아파트 앞,202002,412
구로구,1988. 고척LIGA아파트 앞,202002,747
구로구,1991. 오류동역 맞은편,202002,440
구로구,1992. 구로구배드민턴실내체육관 앞,202002,88
구로구,1993. 금강수목원아파트 앞,202002,196
구로구,1994. 삼성전자 물류센터 앞,202002,359
구로구,1996. 구일역 1번 출입구 앞,202002,522
구로구,1998. 고척교 교차로,202002,365
구로구,1999. 수궁동 성당 주변,202002,83
구로구,2000. 신도림4차 e편한세상 아파트 1109동 앞,202002,427
구로구,2801. 대륭포스트타워1차,202002,579
금천구,1804. 독산역 2번출구 자전거주차장,202002,566
금천구,1805. 서울디지털운동장 앞,202002,451
금천구,1806. 에이스하이엔드타워9차 앞,202002,324
금천구,1808. 에이스하이엔드타워8차 앞,202002,453
금천구,1809. LG전자 별관동(호서대 벤처타워 맞은편),202002,261
금천구,1812. 갑을그레이트밸리 앞,202002,268
금천구,1814. 두산위브아파트 옆 상가건물 앞,202002,268
금천구,1816. 금천폭포공원 앞,202002,64
금천구,1819. 금천구청 앞 자전거거치대,202002,277
금천구,1820. 신한은행 시흥대로금융센터지점,202002,75
금천구,1821. 홈플러스 시흥점 맞은편 다비치안경 앞,202002,276
금천구,1822. 서울 시흥동우체국 앞,202002,283
금천구,1823. 상신정비공업 앞,202002,182
금천구,1824. 독산근린공원 입구,202002,597
금천구,1825. 한신아파트 앞 육교 아래,202002,140
금천구,1826. 한신코아 앞,202002,258
금천구,1827. 독산보도육교 앞 자전거 보관소,202002,838
금천구,1828. 한양수자인아파트 앞,202002,242
금천구,1829. 홈플러스 금천점 앞,202002,488
금천구,1830. 빅마켓 금천점 앞,202002,429
금천구,1831. 메이퀸웨딩컨벤션 앞,202002,149
금천구,1833. 독산역 1번출구 앞 자전거보관소,202002,633
금천구,1834. 월드메르디앙 벤처센터 2차,202002,691
금천구,1835. STX V타워,202002,308
금천구,1839. 수출의 다리 아래,202002,532
금천구,1840. 솔브레인이엔지 뒤편,202002,207
금천구,1841. 가산동 주민센터,202002,388
금천구,1842. 한울중학교,202002,109
금천구,1843. 독산고등학교,202002,188
금천구,1845. 롯데캐슬골드파크1차 서문,202002,216
금천구,1846. 롯데캐슬골드파크1차 동문,202002,376
금천구,1847. 독산주공 14단지 버스정류소,202002,108
금천구,1848. 벽산 디지털밸리 5차,202002,401
금천구,1849. 대륭포스트타워5차,202002,183
금천구,1850. 코오롱테크노밸리,202002,310
금천구,1851. 가산디지털단지 7번출구,202002,878
금천구,1852. 혜명양로원 담장 옆,202002,110
금천구,1853. 서울디자인직업전문학교 앞,202002,114
금천구,1854. 가산아네스트 오피스텔 앞,202002,201
금천구,1855. 성지아파트 옆 도로변,202002,39
금천구,1856. 모두의학교,202002,308
금천구,1857. 주공14단지,202002,167
금천구,1858. 석수역1번출구 앞 (SK주유소),202002,118
금천구,1859. 대륭테크노타운 18차,202002,228
노원구,1601. 석계역 문화광장 내 자전거 보관소,202002,1222
노원구,1602. 광운대역 앞,202002,509
노원구,1603. 롯데캐슬 102동 코너(월계주유소건너),202002,577
노원구,1605. 헬스케어,202002,514
노원구,1606. 태릉입구역 3번출구,202002,471
노원구,1608. 공릉역 1번 출구 앞,202002,1210
노원구,1610. 화랑대역 2번출구 앞,202002,772
노원구,1611. 과기대 입구(우),202002,903
노원구,1616. 하계2동 공항버스정류장 옆,202002,1170
노원구,1617. 하계동 중평어린이공원 앞,202002,697
노원구,1619. 중계동 하나프라자빌딩 앞(중1-1),202002,869
노원구,1620. 중계동 노원구민체육센터 옆(중1-2),202002,560
노원구,1625. 상계역(4번출구),202002,1517
노원구,1628. 노일초등학교 앞,202002,274
노원구,1630. 수연빌딩 앞,202002,483
노원구,1634. 당고개공원 대여소,202002,512
노원구,1635. 상계3.4동 주민센터 대여소,202002,105
노원구,1636. 백병원 사거리 농협은행 앞,202002,1143
노원구,1637. KT 노원점 건물 앞,202002,1318
노원구,1639. 희성오피앙,202002,332
노원구,1640. 한내근린공원 북측,202002,427
노원구,1641. 한내근린공원 남측,202002,204
노원구,1642. 서울여대 남문,202002,218
노원구,1643. 태릉입구역 8번출구,202002,569
노원구,1646. 삼육대 입구,202002,173
노원구,1650. 중계근린공원내,202002,1420
노원구,1651. 맥도날드 상계점 앞,202002,475
노원구,1652. 파르코 앞,202002,281
노원구,1653. 노원역1번출구,202002,1351
노원구,1655. 공릉1단지아파트,202002,966
노원구,1656. 중앙하이츠 아파트 입구,202002,818
노원구,1657. 노원구청,202002,475
노원구,1659. 중계동 을지중학교,202002,343
노원구,1660. 서울시립과학관,202002,252
노원구,1661. 당현천근린공원,202002,466
노원구,1662. 노원역7번출구,202002,644
노원구,1663. 동해문화예술관앞,202002,1013
노원구,1664. 노해근린공원내,202002,184
노원구,1665. 양지근린공원앞,202002,488
노원구,1666. 노원소방서인근,202002,529
노원구,1667. 중계중학교,202002,655
노원구,1668. 중계역 6번출구,202002,980
노원구,1669. 중계역 3번출구,202002,798
노원구,1670. 노원경찰서교차로,202002,660
노원구,1671. 인덕대학교,202002,414
노원구,1672. 상계동수락리버시티,202002,334
노원구,1673. 노원역 5번출구,202002,1285
노원구,1674. 서울북부고용센터앞,202002,611
노원구,1675. 월계문화체육센터,202002,49
노원구,1677. 육군사관학교 앞,202002,245
노원구,1678. 성서대학교 밀알관,202002,105
노원구,1679. 삼육대 도서관,202002,98
노원구,1680. 삼육대 제3과학관,202002,19
노원구,1681. 현대6차 아파트,202002,395
노원구,1682. 중계종합사회복지관 교차로,202002,419
노원구,1683. 노원문화예술회관,202002,646
노원구,1684. 태릉입구역 5번출구,202002,876
노원구,1685. 불암고등학교 앞 횡단보도,202002,355
노원구,1686. 온수골사거리(스타벅스앞),202002,851
노원구,1688. 마들역 7번출구,202002,578
노원구,1689. 마들역 3번출구,202002,453
노원구,1690. 도봉운전면허시험장,202002,405
노원구,1691. 노원정보도서관,202002,301
노원구,1692. 온곡초교 교차로,202002,606
노원구,1693. 원자력 병원,202002,217
도봉구,1702. 녹천역 1번출구 앞,202002,276
도봉구,1703. 도봉산광역환승센터앞,202002,183
도봉구,1705. 도봉구청 정문앞,202002,524
도봉구,1706. 기업은행 앞,202002,534
도봉구,1707. 도봉구민회관,202002,515
도봉구,1708. 보건소사거리(다비치안경창동점),202002,632
도봉구,1709. 쌍문역4번출구 주변,202002,705
도봉구,1713. 쌍문동 청소년 랜드,202002,346
도봉구,1714. 도봉문화정보도서관 삼거리,202002,144
도봉구,1715. 서울특별시교육청도봉도서관,202002,280
도봉구,1716. 하나로마트 창동점,202002,735
도봉구,1717. 시립창동운동장 입구,202002,98
도봉구,1719. 신도봉사거리 버스정류장,202002,239
도봉구,1720. 도봉구청 옆(중랑천변),202002,748
도봉구,1721. 창동역 2번출구,202002,1124
도봉구,1722. 창동청소년수련관,202002,328
도봉구,1723. 방학동학마을도서관,202002,394
도봉구,1725. 창1동주민센터,202002,153
도봉구,1726. 삼익세라믹아파트교차로,202002,445
도봉구,1727. 서울도봉초등학교인근,202002,130
도봉구,1728. 서울북부지방법원,202002,128
도봉구,1729. 파리바게트앞,202002,485
도봉구,1730. 도봉산역 교차로 앞,202002,84
도봉구,1731. 도봉고등학교 맞은편,202002,125
도봉구,1732. 우리은행 앞,202002,279
도봉구,1733. 방학사거리 (봄마당 앞),202002,497
도봉구,1734. 쌍문현대1차아파트 108동 앞,202002,442
도봉구,"1735. 도봉역 1,2번 출구사이 건너편",202002,233
도봉구,1736. 버스정류장 앞,202002,306
도봉구,1737. 하나은행 (창동점),202002,565
도봉구,1738. 창동주공17단지 상가앞,202002,575
도봉구,1741. 제일강산수산입구,202002,770
도봉구,1742. 북한산 코오롱 하늘채,202002,366
동대문구,600. 휘경2동 주민센터,202002,86
동대문구,601. 용신동주민센터,202002,365
동대문구,602. 장안동 사거리,202002,1391
동대문구,604. 답십리초등학교 옆 공원,202002,356
동대문구,605. 신설동역8번출구,202002,438
동대문구,606. 휘경공고앞,202002,303
동대문구,607. 신이문역 2번출구,202002,323
동대문구,608. 전농삼성아파트,202002,128
동대문구,609. 제기2교,202002,830
동대문구,610. 동대문중 교차로,202002,350
동대문구,612. 시립동부병원 앞 사거리,202002,882
동대문구,613. 신설동역 10번출구 앞,202002,1011
동대문구,614. 용두동 사거리,202002,760
동대문구,615. 용두동 래미안허브리츠아파트 앞,202002,421
동대문구,616. 서울시립대 앞,202002,133
동대문구,617. 청솔우성아파트 앞,202002,361
동대문구,621. 동대문중학교 옆,202002,166
동대문구,622. 전농사거리 교통섬,202002,544
동대문구,623. 서울시립대 정문 앞,202002,871
동대문구,624. 전농동 동아아파트 앞,202002,780
동대문구,625. 답십리초등학교 앞(현대시장 옆),202002,719
동대문구,626. 군자교 서측 녹지대,202002,540
동대문구,627. 장안동삼거리 교통섬,202002,637
동대문구,628. 휘봉고등학교 앞,202002,246
동대문구,630. 동대문구 보건소,202002,716
동대문구,631. 답십리역 1번출구,202002,986
동대문구,633. 청량리 기업은행 앞,202002,887
동대문구,634. 외국어대 정문 앞,202002,994
동대문구,635. 시조사 앞 (청량고정문 옆),202002,641
동대문구,636. 세종대왕기념관 교차로,202002,257
동대문구,637. KAIST 경영대학 앞,202002,406
동대문구,638. 서울시립대 정보기술관,202002,224
동대문구,639. 서울시립대 후문,202002,579
동대문구,640. KEB하나은행 청량리역지점,202002,318
동대문구,641. 용두역 4번출구,202002,817
동대문구,642. 신답역 사거리,202002,512
동대문구,643. 동대문구민체육센터 (육교아래),202002,538
동대문구,646. 장한평역 1번출구 (국민은행앞),202002,1328
동대문구,647. 신이문역 1번출구,202002,311
동대문구,648. 장안동위더스빌옆,202002,997
동대문구,650. 중랑교사거리,202002,932
동대문구,651. 우리은행청량리지점앞,202002,356
동대문구,652. 답십리 래미안엘파인아파트 입구,202002,175
동대문구,654. 전농동 텃골공원,202002,306
동대문구,656. 영휘원 교차로,202002,412
동대문구,657. 동대문롯데캐슬아파트 앞,202002,481
동대문구,658. 촬영소 사거리,202002,440
동대문구,659. 제기역1번출구,202002,882
동대문구,660. 동의보감타워,202002,652
동대문구,661. 경희대학교 청운관,202002,375
동대문구,663. 외대앞역 4번출구,202002,535
동대문구,664. 서울시립대 대학본부,202002,173
동작구,2002. 노들역 1번출구,202002,1169
동작구,2003. 사육신공원앞,202002,437
동작구,2007. 유한양행앞,202002,633
동작구,2008. 노량진근린공원 대방공원,202002,200
동작구,2009. 보라매역 8번출구,202002,297
동작구,2012. 녹십초요양병원앞,202002,176
동작구,2013. 장승배기역 5번출구,202002,991
동작구,2015. 신대방삼거리역 6번출구쪽,202002,831
동작구,2016. 신대방삼거리역 3번출구쪽,202002,539
동작구,2020. 장승배기역2번출구뒷편쪽,202002,321
동작구,2024. 상도역 1번출구,202002,362
동작구,2025. 흑석역 1번출구,202002,874
동작구,2026. 흑석역 4번출구,202002,148
동작구,2027. 중앙대학교 정문,202002,200
동작구,2032. 이수역 11번출구쪽,202002,703
동작구,2033. 사당동 아르테스 웨딩앞,202002,453
동작구,2034. 사당역 7번출구쪽,202002,415
동작구,2036. 정금마을 마을버스정류장,202002,256
동작구,2037. 동작역 5번출구 동작주차공원,202002,220
동작구,2038. 동작역 7번출구,202002,55
동작구,2040. 비계 버스정류소,202002,109
동작구,2041. 사당중학교 버스정류소,202002,125
동작구,2048. 삼일초등학교 인근,202002,210
동작구,2050. 노량진역 5번출구,202002,1019
동작구,2054. 삼익아파트,202002,354
동작구,2056. 동작구민 체육센터,202002,574
동작구,2057. 상도 아이파크 아파트,202002,237
동작구,2058. 노량진동 맥도널드앞,202002,814
동작구,2059. 보라매공원 정문,202002,572
동작구,2060. 남성역3번출구 뒤,202002,476
동작구,2061. 한강 현대아파트 건너편,202002,78
동작구,2062. 사당새마을금고,202002,121
동작구,2063. 대방역 4번출구,202002,646
동작구,2064. 흑석한강푸르지오 106동앞,202002,114
동작구,2065. 서울시여성가족재단,202002,408
동작구,2066. 양문교회 앞,202002,796
동작구,2067. LG전자 베스트? 대리점 앞,202002,426
동작구,2068. 총신대 앞(육교),202002,52
동작구,2069. 숭실대 입구역3번 출구 앞,202002,267
동작구,2070. 노량진역 2번 출구 앞,202002,488
동작구,2071. 대림아파트 후문 상가 옆,202002,52
동작구,237. 보라매 두산위브 건너편,202002,538
마포구,101. (구)합정동 주민센터,202002,308
마포구,102. 망원역 1번출구 앞,202002,1296
마포구,103. 망원역 2번출구 앞,202002,734
마포구,104. 합정역 1번출구 앞,202002,915
마포구,105. 합정역 5번출구 앞,202002,445
마포구,106. 합정역 7번출구 앞,202002,1299
마포구,107. 신한은행 서교동금융센터점 앞,202002,1059
마포구,108. 서교동 사거리,202002,744
마포구,109. 제일빌딩 앞,202002,716
마포구,111. 상수역 2번출구 앞,202002,523
마포구,112. 극동방송국 앞,202002,496
마포구,113. 홍대입구역 2번출구 앞,202002,2676
마포구,114. 홍대입구역 8번출구 앞,202002,1125
마포구,118. 광흥창역 2번출구 앞,202002,595
마포구,119. 서강나루 공원,202002,474
마포구,120. 신수동 사거리,202002,235
마포구,121. 마포소방서 앞,202002,360
마포구,122. 신성기사식당 앞,202002,479
마포구,124. 서강대 정문 건너편,202002,690
마포구,125. 서강대 남문 옆,202002,384
마포구,126. 서강대 후문 옆,202002,770
마포구,127. 현대벤처빌 앞,202002,255
마포구,129. 신촌역(2호선) 6번출구 옆,202002,505
마포구,130. 신촌역(2호선) 7번출구 앞,202002,776
마포구,136. 대흥동 주민센터,202002,152
마포구,142. 아현역 4번출구 앞,202002,268
마포구,143. 공덕역 2번출구,202002,466
마포구,144. 공덕역 8번출구,202002,1131
마포구,145. 공덕역 5번출구,202002,493
마포구,146. 마포역 2번출구 뒤,202002,840
마포구,147. 마포역 4번출구 뒤,202002,730
마포구,148. 용강동 주민센터 앞,202002,748
마포구,150. 서강대역 2번출구 앞,202002,651
마포구,151. 망원1동주민센터,202002,903
마포구,152. 마포구민체육센터 앞,202002,1548
마포구,153. 성산2교 사거리,202002,821
마포구,154. 마포구청역,202002,947
마포구,155. 가좌역1 번출구 뒤,202002,688
마포구,156. 서울서부지방법원 앞,202002,401
마포구,157. 애오개역 4번출구 앞,202002,468
마포구,1687. 서울월드컵경기장 테스트,202002,1
마포구,181. 망원초록길 입구,202002,173
마포구,182. 망원2빗물펌프장 앞,202002,730
마포구,183. 하늘채코오롱아파트 건너편,202002,1290
마포구,184. SK망원동주유소 건너편,202002,846
마포구,185. 마포 신수공원 앞,202002,652
마포구,186. 월드컵공원,202002,618
마포구,199. 서울 월드컵 경기장,202002,286
마포구,400. 상암한화오벨리스크 1차 앞,202002,373
마포구,401. 상암월드컵파크 10단지 앞,202002,438
마포구,402. 상암월드컵파크 9단지 앞,202002,397
마포구,403. 부엉이공원 앞,202002,376
마포구,405. DMC빌 앞,202002,338
마포구,406. 상암월드컵파크 7단지 앞,202002,226
마포구,407. 마포구 육아종합지원센터,202002,346
마포구,408. LG CNS앞,202002,503
마포구,409. 누리꿈스퀘어 옆,202002,1121
마포구,410. 상암중학교 옆,202002,194
마포구,411. DMC홍보관,202002,523
마포구,412. DMC산학협력연구센터 앞,202002,784
마포구,413. 상암월드컵파크 3단지 후문,202002,338
마포구,414. 상암동주민센터 옆,202002,571
마포구,415. DMC역 9번출구 앞,202002,1053
마포구,416. 상암월드컵파크 1단지 교차로,202002,441
마포구,417. DMC역 2번출구 옆,202002,850
마포구,418. 월드컵경기장역 3번출구 옆,202002,872
마포구,419. 홈플러스 앞,202002,1054
마포구,420. 서울시 공공자전거 상암센터,202002,328
마포구,421. 마포구청 앞,202002,1023
마포구,422. 문화비축기지,202002,120
마포구,424. 롯데하이마트 (상암월드컵점),202002,182
마포구,425. DMC첨단산업센터,202002,185
마포구,426. 서울신용보증재단,202002,458
마포구,427. 성산시영아파트,202002,500
마포구,432. 마포중앙도서관,202002,491
마포구,436. 이대역 5번출구,202002,220
마포구,437. 대흥역 1번출구,202002,427
마포구,438. 성산2-1 공영주차장,202002,900
마포구,439. 마포어린이공원,202002,747
마포구,440. 하늘공원 입구,202002,214
서대문구,110. 사천교,202002,465
서대문구,115. 사루비아 빌딩 앞,202002,689
서대문구,116. 일진아이윌아파트 옆,202002,734
서대문구,117. 홍은사거리,202002,1031
서대문구,123. 문화촌 공원,202002,614
서대문구,128. 신촌역(2호선) 1번출구 옆,202002,927
서대문구,131. 증산2교,202002,881
서대문구,133. 해담는다리,202002,862
서대문구,134. 연세로 명물길,202002,474
서대문구,135. 명물길 원형무대 앞,202002,329
서대문구,137. NH농협 신촌지점 앞,202002,209
서대문구,138. 신촌동 제1공영주차장 앞,202002,258
서대문구,139. 연세대 정문 건너편,202002,282
서대문구,140. 이화여대 후문,202002,319
서대문구,141. 연대 대운동장 옆,202002,361
서대문구,158. 독립문 어린이 공원,202002,340
서대문구,159. 이대역 4번 출구,202002,136
서대문구,160. 북아현동 가구거리,202002,452
서대문구,161. 무악재역1번 출구,202002,220
서대문구,162. 봉원고가차도 밑,202002,504
서대문구,163. 명지전문대학교 정문 앞,202002,185
서대문구,164. 북가좌1동 주민센터,202002,332
서대문구,165. 중앙근린공원,202002,622
서대문구,166. 가재울 초등학교,202002,943
서대문구,167. 연가초등학교 옆,202002,410
서대문구,169. 북가좌 삼거리,202002,317
서대문구,170. 가재울 뉴타운 주유소 옆,202002,541
서대문구,171. 임광빌딩 앞,202002,342
서대문구,173. 서대문역 8번출구 앞,202002,301
서대문구,175. 홍연2교옆,202002,913
서대문구,176. 명지대학교 도서관,202002,697
서대문구,177. 북가좌 초등학교,202002,296
서대문구,178. 증산3교 앞,202002,455
서대문구,179. 가좌역 4번출구 앞,202002,784
서대문구,180. 충정로역 7번출구 아래,202002,466
서대문구,188. 홍은동 정원여중 입구,202002,500
서대문구,191. 서우빌딩(바른학원),202002,368
서대문구,192. 연서어린이공원,202002,336
서대문구,194. 증산교 앞,202002,563
서대문구,195. 모래내고가차도,202002,339
서대문구,196. 연희교차로 인근,202002,179
서대문구,198. 충정2교,202002,381
서대문구,3100. 북성초교,202002,166
서대문구,3101. 서대문구청,202002,582
서대문구,3102. 연희삼거리,202002,546
서대문구,3103. 홍제삼거리 북측,202002,297
서대문구,3104. e편한세상 신촌4단지 앞,202002,361
서대문구,3105. 홍은센트레빌 아파트 앞,202002,281
서대문구,3106. 홍남교 두바퀴쉼터,202002,807
서대문구,3107. 연희초등학교 앞,202002,263
서초구,2201. 본마을 정류소 앞,202002,70
서초구,2202.청계산입구역 1번출구,202002,618
서초구,2203. 청계산입구역 2번출구,202002,124
서초구,2205. 내곡3단지 어린이공원 앞,202002,305
서초구,2206. 언남초등학교 앞,202002,493
서초구,2207. 내곡파출소 뒤 정자,202002,41
서초구,2210. 반포1동 주민센터 앞,202002,190
서초구,2211. 서초구립반포도서관 앞,202002,289
서초구,2212.서초현대4차아파트 201동 맞은편,202002,145
서초구,2213. 고속터미널역 5번출구 앞,202002,626
서초구,2214. 신반포역 2번출구 앞,202002,413
서초구,2215. 반포종합운동장 입구,202002,269
서초구,2217.아크로리버뷰 부지 앞,202002,634
서초구,"2219. 고속터미널역 8-1번, 8-2번 출구 사이",202002,1770
서초구,2220. 반포본동 주민센터 앞,202002,780
서초구,2221.하나은행 방배동지점 앞,202002,500
서초구,2222.사당역 12번출구 뒤,202002,738
서초구,2223. 방배래미안 정문 앞,202002,152
서초구,2225.백석예술대학교 제3캠퍼스 앞,202002,83
서초구,2226. 신동아럭스빌아파트 앞,202002,69
서초구,2227.방배열린문화센터 앞,202002,382
서초구,2228.뒷벌공원 옆,202002,623
서초구,2229.로고스교회 맞은 편,202002,121
서초구,2230.이수역 4번 출구,202002,600
서초구,2231. 삼성타운(삼성생명) A동 맞은편,202002,856
서초구,2233. 서초신동아1차아파트 옆,202002,403
서초구,2235.KT 서초지사 앞,202002,261
서초구,2237.서울남부터미널 대합실 입구,202002,393
서초구,2239.교대역 6번출구,202002,215
서초구,2241.양재전화국 사거리,202002,149
서초구,2242.양재역 11번 출구 앞,202002,557
서초구,2243.서울가정법원,202002,383
서초구,2244.교육개발원입구 교차로,202002,573
서초구,2245.양재초등학교 맞은편,202002,303
서초구,2246. 서울시 품질시험소 앞,202002,323
서초구,2247.섬들근린공원,202002,703
서초구,2248. 서초리슈빌S 글로벌 앞,202002,262
서초구,2249. 우솔초등학교 맞은편,202002,101
서초구,2250. 서초유치원 맞은편,202002,281
서초구,2251. 더케이호텔 입구(양재2),202002,470
서초구,2252. 하이브랜드 앞,202002,713
서초구,2255.시민의숲역 1번출구 옆,202002,822
서초구,2256.양재동 꽃시장 입구,202002,292
서초구,2257. 하나로클럽 양재점 맞은편,202002,109
서초구,2258.구룡사 삼거리,202002,153
서초구,2259. 잠원역 3번-4번 출구사이,202002,374
서초구,2262. 한신16차아파트 119동 앞,202002,815
서초구,2263. 바우뫼문화복지회관,202002,346
서초구,2264. 이수역 1번출구,202002,803
서초구,2265. 이수고가차도 남단,202002,503
서초구,2266. 서초역 3번출구,202002,379
서초구,2268. 서초4동주민센터,202002,270
서초구,2269. 주홍교 하부,202002,158
서초구,2270. 서초포레스타 7단지,202002,166
서초구,2271. 내방역 8번출구 앞,202002,294
서초구,2272. 교대입구 교차로,202002,123
서초구,2273. 일동제약 사거리,202002,326
서초구,2274. 양재시민의숲역 3번출구,202002,715
서초구,2275. 염곡치안센터 건너편,202002,38
서초구,2276. 영동1교 (양재천근린공원),202002,413
서초구,2277. 길마중4교 하부,202002,383
서초구,2279. 교대역 5번출구뒤,202002,591
서초구,2280. 서울서초고용센터앞,202002,229
서초구,2281. 연세사랑병원신관앞,202002,145
서초구,2282. 방배래미안아트힐 101동앞,202002,127
서초구,2283. 그룹한빌딩옆,202002,111
서초구,2284. CJ오쇼핑앞,202002,95
서초구,2285. LH서초3단지 301동 맞은편,202002,305
서초구,2286. 탑성마을입구,202002,57
서초구,2287. 능안마을입구,202002,7
서초구,2288. 안골마을입구,202002,46
서초구,2289. 남태령역 2번출구,202002,68
서초구,2290. 서래마을파리15구공원앞,202002,389
서초구,2292. 무지개아파트 앞,202002,209
서초구,2293. SPC 앞,202002,278
서초구,2294. 두상빌딩 앞,202002,617
서초구,2297. 남부터미널역 1번출구,202002,309
서초구,2298. 래미안서초스위트앞,202002,135
서초구,2299. 한전아트센터 앞,202002,387
서초구,2501. 서초 포레스타5단지,202002,366
서초구,2502. 서초역1번출구 앞,202002,193
서초구,2503. 반포1동 서초빌딩 앞,202002,407
서초구,2504. 신사역 4번출구 뒤,202002,350
서초구,2505. 우성아파트사거리 (기업은행앞),202002,558
서초구,2506. LG유플러스 (방배사옥),202002,145
서초구,2508. 양재이스타빌 앞,202002,398
서초구,2509. KT반포지사,202002,238
서초구,2510. JW타워,202002,132
서초구,2511. 이수역 6번출구 앞,202002,309
성동구,3511. 응봉역 1번출구,202002,1004
성동구,3513. 상왕십리역 1번출구,202002,624
성동구,3514. 왕십리교회옆,202002,856
성동구,3515. 서울숲 관리사무소,202002,866
성동구,3519. 용답역 1번 출구,202002,1110
성동구,3525. 금호스포츠센터앞,202002,297
성동구,3527. 왕십리 자이아파트,202002,13
성동구,3530. 왕십리자이아파트 후문(삼거리),202002,221
성동구,3531. 논골사거리(금호도서관 입구),202002,161
성동구,3532. 왕십리KCC스위첸아파트,202002,74
성동구,3538. 서울숲 IT캐슬,202002,313
성동구,506. 금호 어울림 아파트 앞,202002,220
성동구,507. 성수아이에스비즈타워 앞,202002,728
성동구,508. 성수아카데미타워 앞,202002,721
성동구,509. 이마트 버스정류소 옆,202002,1391
성동구,510. 서울숲 남문 버스정류소 옆,202002,361
성동구,511. 서울숲역 4번 출구 옆,202002,644
성동구,512. 뚝섬역 1번 출구 옆,202002,1177
성동구,513. 뚝섬역 5번 출구 정류소 옆,202002,1157
성동구,514. 성수사거리 버스정류장 앞,202002,1035
성동구,518. 청계천 박물관 앞,202002,562
성동구,519. 양지사거리,202002,443
성동구,520. 상왕십리역 4번 출구 앞,202002,518
성동구,521. 왕십리역 11번 출구 앞,202002,787
성동구,522. 금호역 1번출구 앞,202002,123
성동구,523. 옥수동성당 옆,202002,69
성동구,524. 래미안금호하이리버 아파트 102동 옆,202002,114
성동구,525. 한양대병원사거리,202002,1212
성동구,526. 용답토속공원 앞,202002,588
성동구,529. 장한평역 8번 출구 앞,202002,650
성동구,530. 청계벽산아파트 앞,202002,859
성동구,533. 우리은행 금호동 지점 앞,202002,117
성동구,534. 금호사거리,202002,192
성동구,535. 응봉삼거리,202002,385
성동구,536. 행당역 2번출구 앞,202002,363
성동구,537. 한양대후문역 부근,202002,532
성동구,538. 답십리역 8번출구 앞,202002,326
성동구,550. 서울시설공단 앞,202002,683
성동구,556. 달맞이공원,202002,79
성동구,557. 도선동 주민센터 앞,202002,426
성동구,558. 성동광진 교육지원청 앞,202002,576
성동구,559. 왕십리역 4번 출구 건너편,202002,947
성동구,560. 비전교회 앞,202002,638
성동구,561. 서울숲역 2번출구 앞,202002,724
성동구,562. 군자지하보도 앞,202002,570
성동구,563. 성동세무서 건너편,202002,980
성동구,564. 금호역 3번출구,202002,47
성동구,565. 옥수역 3번출구,202002,1451
성동구,567. 성수역 2번출구 앞,202002,1586
성동구,568. 청계8가사거리 부근,202002,1336
성동구,569. 응봉현대아파트 정류소,202002,110
성동구,578. 성동세무서 부근,202002,821
성동구,579. 마장역 4번출구,202002,627
성동구,580. 신금호역 3번출구 뒤,202002,39
성동구,581. 용답초등학교,202002,298
성동구,582. 경일중학교 앞,202002,602
성동구,583. 청계천 생태교실 앞,202002,1220
성동구,585. 성수2가1동 공영주차장 인근,202002,927
성동구,586. 마장동 주민센터,202002,307
성동구,587. 유니베라 앞,202002,566
성동구,589. 성수역3번출구,202002,1414
성동구,594. 중랑물재생센터(서울새활용플라자),202002,280
성북구,1302. 한성대입구역6번출구 뒤,202002,366
성북구,1303. 돈암초교 입구,202002,587
성북구,1304. 만해공원,202002,187
성북구,1305. 성북구청,202002,368
성북구,1306. 한성대입구역2번출구,202002,687
성북구,1308. 안암로터리 버스정류장 앞,202002,2201
성북구,1314. 정릉꿈에그린1단지 201동 앞,202002,178
성북구,1315. 고려사대부속중고 정문,202002,175
성북구,1316. 고려사대부속중고 건너편,202002,146
성북구,1318. 길음역 3번출구 뒤,202002,428
성북구,1319. 종암사거리 분수대,202002,823
성북구,1320. LG베스트샵 종암점,202002,641
성북구,1321. 국민은행 종암동지점 앞,202002,948
성북구,1322. 래미안라센트아파트 103동 앞,202002,475
성북구,1323. 월곡역 입구 육교 밑,202002,276
성북구,1325. 상월곡역 4번출구,202002,240
성북구,1326. 상월곡역 1번출구,202002,373
성북구,1327. 상월곡역 3번출구,202002,386
성북구,1328. 월곡역 3번출구,202002,918
성북구,1332. 석계역 5번출구 건너편,202002,617
성북구,1333. 석관초등학교 앞,202002,574
성북구,1334. 석관동주민센터 앞,202002,334
성북구,1336. 성북3교 위,202002,640
성북구,1337. 돈암성당 옆,202002,976
성북구,1338. 용문2교 옆,202002,377
성북구,1339. 삼성전자서비스 성북센터,202002,372
성북구,1340. 광운초등학교 앞,202002,456
성북구,1342. 성북쉼터 앞,202002,145
성북구,1343. 한성대7번출구 앞,202002,374
성북구,1344. 아리랑시네센터 앞,202002,370
성북구,1346. 길음8골어린이공원 옆,202002,461
성북구,1347. 길음래미안아파트817동 상가 앞,202002,185
성북구,1348. 성북제일새마을금고 본점 앞,202002,194
성북구,1349. 월계2교 버스정류장 앞,202002,216
성북구,1351. 안암2교 옆,202002,805
성북구,1352. e 편한세상 보문아파트 내,202002,147
성북구,1353. 금호어울림센터힐 내,202002,192
성북구,1354. 고려대학교 2번출구,202002,884
성북구,1355. 보문2교,202002,737
성북구,1357. 북한산보국문역,202002,253
성북구,1358. 정릉도서관 앞,202002,182
성북구,1359. 장위뉴타운 꿈에 숲 코오롱 하늘채 앞,202002,239
성북구,1360. 정릉역,202002,317
성북구,1361. 홍익중고 입구,202002,429
성북구,1362. 보문역6번출구 앞,202002,519
성북구,1363. 보문4교 인근,202002,786
성북구,1364. 성북동 치안센터 앞,202002,331
성북구,1365. 선잠단지 앞,202002,134
성북구,1366. 일신초등학교 옆,202002,145
성북구,1367. 길음문화복합미디어센터,202002,194
성북구,1368. 성신여대입구 교차로,202002,399
성북구,1369. 미아사거리,202002,483
성북구,1370. 복자사랑 피정의 집,202002,285
성북구,1372. KEB은행 고대점,202002,841
성북구,1373. 성북구보건소 건너편,202002,303
성북구,1375. 생명의 전화 종합복지관 앞 교차로,202002,627
성북구,1376. 한국과학기술연구원 중문,202002,113
성북구,1377. 한국과학기술연구원 북문,202002,110
송파구,1201. 가락시장역 3번 출구,202002,987
송파구,1203. 밀리아나2빌딩 앞,202002,1057
송파구,1204. 거여역 3번출구,202002,525
송파구,1205. 종합운동장역 4번출구,202002,452
송파구,1206. 9호선종합운동장역 9번출구,202002,677
송파구,1207. 마천CU우방점 앞,202002,317
송파구,1208. 풍납현대아파트쉼터,202002,914
송파구,1209. 잠실나루역 (2번 출구 쪽),202002,1617
송파구,1210. 롯데월드타워(잠실역2번출구 쪽),202002,2574
송파구,1211. 방이삼거리,202002,1193
송파구,1212. 송파역 2번 출구앞,202002,571
송파구,1213. 백토공원 앞,202002,546
송파구,1214. 오금역 7번 출구 인근,202002,492
송파구,1215. 올림픽공원역 1번출구 앞,202002,535
송파구,1217. 송파파인타운 7단지,202002,408
송파구,1218. 방이역 4번출구,202002,897
송파구,1220. 잠실본동주민센터뒤 잠실근린공원,202002,772
송파구,1221. 삼전사거리 포스코더샵,202002,652
송파구,1222. 잠실새내역 5번 출구 뒤,202002,1398
송파구,1224. 아시아지하보도 2번 출구,202002,562
송파구,1226. 잠실4동 주민센터 옆,202002,596
송파구,1227. 거여역 8번출구 뒤,202002,479
송파구,1228. 마천사거리,202002,439
송파구,1229. 송파체육문화회관 앞,202002,382
송파구,1230. 송파중학교 정문,202002,431
송파구,1231. 잠실역 6번출구,202002,800
송파구,1232. 롯데마트 주차장 옆,202002,460
송파구,1233. 잠실3거리(갤러리아팰리스),202002,292
송파구,1235. 잠실트리지움310동 옆,202002,578
송파구,1239. 문정 법조단지3,202002,301
송파구,1240. 문정 법조단지4,202002,144
송파구,1241. 문정 법조단지5,202002,203
송파구,1242. 문정 법조단지6,202002,105
송파구,1243. 문정 법조단지7,202002,1161
송파구,1244. 문정 법조단지8,202002,715
송파구,1245. 문정 법조단지9,202002,689
송파구,1246. 문정 법조단지10,202002,795
송파구,1247. 문정 법조단지11,202002,436
송파구,1248. 방이초등학교,202002,730
송파구,1249. 아주중학교건너편,202002,491
송파구,1250.문정2동 주민센터,202002,209
송파구,1251. 석촌역 2번출구,202002,1425
송파구,1253. 오금역 3번 출구 뒤,202002,430
송파구,1256. 문정현대아파트 교차로,202002,400
송파구,1257. 가락시장역 롯데마트앞,202002,531
송파구,1258. 가락미륭아파트 앞,202002,203
송파구,1259. 방이역 1번출구,202002,639
송파구,1260. 방이동 한양3차아파트 옆,202002,509
송파구,1262. 송파여성문화회관 앞,202002,618
송파구,1263. 장지공영차고지,202002,180
송파구,1264. 천호역 10번 출구 앞,202002,873
송파구,1265. 문정동 근린공원,202002,795
송파구,1266. 문정동 글샘 공원,202002,176
송파구,1267. 올림픽공원 남2문 앞,202002,485
송파구,1268. 몽촌토성역 1번출구 옆,202002,1021
송파구,1269. 리센츠아파트,202002,580
송파구,1271. 송파도서관,202002,444
송파구,1274. 영파여고 앞,202002,364
송파구,1275. 거여초등학교 옆,202002,246
송파구,1277. 오금동 송파 참병원,202002,536
송파구,1278. 송파구청 교차로,202002,856
송파구,1279. 마천금호어울림 1차아파트 건너편,202002,247
송파구,1280. 송파파크데일 2단지입구 앞 주차장,202002,266
송파구,1282. 송파소방서 맞은편(성내4교),202002,523
송파구,1283. 오금공원 사거리,202002,211
송파구,1285. 위례별 유치원 뒤,202002,282
송파구,1286. 위례중앙푸르지오 1단지 앞,202002,417
송파구,1287. 위례아이파크 101동 맞은편,202002,182
송파구,1288. 문정중교 사거리,202002,693
송파구,1289. 풍납동 자전거보관소,202002,174
송파구,1290. 위례송파꿈에그린아파트24단지 앞 성벽 다리 밑,202002,412
송파구,1291. 서울체육고등학교 앞,202002,343
송파구,1293. 석촌호교차로 (스타벅스 앞),202002,980
송파구,1295. 잠실역 8번출구,202002,1434
송파구,1296. 석촌호수교차로 (송파나루근린공원 앞),202002,279
송파구,1297. 석촌호수교차로(동호 팔각정 앞),202002,585
송파구,1299. 송파소방서 (방이119안전센터),202002,253
송파구,1300. 오륜사거리,202002,254
송파구,2601. 석촌호수 서호사거리,202002,755
송파구,2603. 송파 글마루 도서관,202002,288
송파구,2604. 삼표레미콘 앞,202002,399
송파구,2605. 복정역 1번 출구 앞,202002,165
송파구,2606. 위례동주민센터 맞은편 근린공원,202002,438
송파구,2607. 복정역 2번출구 후문 (장지치안센터),202002,257
송파구,2608. 송파구청,202002,535
송파구,2609. 보성중고등학교 후문 앞,202002,56
송파구,2610. 여흥레이크빌 앞 (석촌호수 까페거리),202002,615
송파구,2611. 송파지역자활센터 뒤,202002,662
송파구,2612. 문정·가락 대여소 앞,202002,22
송파구,2613. 잠실나들목,202002,739
송파구,2614. 가락고등학교 앞,202002,652
송파구,2615. 테라타워2,202002,768
송파구,2616. 거여동 사거리,202002,197
송파구,2617. 가락삼환아파트 앞,202002,459
송파구,2618. 삼전역 1번출구,202002,487
송파구,2619. 석촌고분역 4번출구,202002,1127
송파구,2620. 송파나루역 4번 출구옆,202002,1196
송파구,2621. 한성백제역 2번 출구,202002,1048
송파구,2622. 올림픽공원역 3번출구,202002,1426
양천구,700. KB국민은행 염창역 지점 앞,202002,664
양천구,701. 목동사거리 부근,202002,301
양천구,702. 목4동주민센터 옆,202002,533
양천구,703. 오목교역 7번출구 앞,202002,1226
양천구,704. 남부법원검찰청 교차로,202002,1081
양천구,706. 신정네거리역,202002,578
양천구,707. 신정3동주민센터,202002,247
양천구,708. 서울출입국관리사무소 앞,202002,1025
양천구,709. 신정3동 현장민원실 앞,202002,273
양천구,710. 서부화물트럭터미널 사거리,202002,233
양천구,711. 신일해피트리아파트 앞,202002,162
양천구,712. 강월초교입구 사거리,202002,265
양천구,713. 양서중학교 옆,202002,250
양천구,714. 한국SGI 양천문화회관 앞,202002,278
양천구,716.신정6동 주민센터 인근,202002,1069
양천구,719. 홍익병원앞 교차로,202002,514
양천구,720. 서울강월초등학교 앞,202002,173
양천구,722. LG전자베스트샵 신정점,202002,585
양천구,723. SBS방송국,202002,1108
양천구,724. 계남공원 입구 주출입구 좌측,202002,96
양천구,725. 양강중학교앞 교차로,202002,215
양천구,726. 목동3단지 시내버스정류장,202002,743
양천구,729. 서부식자재마트 건너편,202002,603
양천구,731. 서울시 도로환경관리센터,202002,736
양천구,732. 신월동 이마트,202002,328
양천구,733. 신정이펜하우스314동,202002,253
양천구,734. 신트리공원 입구,202002,468
양천구,735. 영도초등학교,202002,553
양천구,736. 오솔길공원,202002,402
양천구,737. 장수공원,202002,285
양천구,739. 신월사거리,202002,437
양천구,740. 으뜸공원,202002,340
양천구,741. 화곡로 입구 교차로,202002,160
양천구,742. 등촌역 5번 출구 뒤,202002,292
양천구,743. 현대6차아파트 101동 옆,202002,239
양천구,744. 신목동역 2번 출구,202002,579
양천구,745. 강서초등학교,202002,191
양천구,746. 목동2단지 상가,202002,798
양천구,747. 목동3단지 상가,202002,474
양천구,748. 목동운동장,202002,173
양천구,749. 이대 목동병원 앞,202002,462
양천구,750. 연의근린공원 건너편,202002,305
양천구,752. 성원2차 아파트,202002,335
양천구,754. 목동1단지아파트 118동 앞 (월촌초등학교 정류소 옆),202002,526
양천구,755. 목동1단지아파트 상가 앞 (월촌중학교 버스정류소 옆),202002,686
양천구,756. 목동주차장,202002,541
양천구,757. 신정이펜하우스 1단지아파트 입구 사거리,202002,197
양천구,758. 한사랑교회 앞,202002,474
양천구,759. 보아스아파트 앞,202002,265
양천구,760. 잣절보도육교 아래,202002,147
양천구,762. 오목로 무중력지대 앞,202002,372
양천구,763. 목동11단지 아파트,202002,217
양천구,764. 목동청소년수련관,202002,1012
양천구,765. 오목교역 3번출구,202002,1153
양천구,766. 신목동역 3번출구,202002,448
영등포구,200. 국회의원회관,202002,307
영등포구,201. 진미파라곤 앞,202002,600
영등포구,202. 국민일보 앞,202002,1132
영등포구,203. 국회의사당역 3번출구 옆,202002,832
영등포구,204. 국회의사당역 5번출구 옆,202002,519
영등포구,205. 산업은행 앞,202002,432
영등포구,206. KBS 앞,202002,929
영등포구,207. 여의나루역 1번출구 앞,202002,3019
영등포구,209. 유진투자증권빌딩 앞,202002,476
영등포구,210. IFC몰,202002,1400
영등포구,211. 여의도역 4번출구 옆,202002,1110
영등포구,212. 여의도역 1번출구 옆,202002,1047
영등포구,213. KT앞,202002,705
영등포구,214. 금융감독원 앞,202002,557
영등포구,215. 여의도고교 앞,202002,316
영등포구,216. 삼부아파트1동 앞,202002,529
영등포구,217. NH농협은행 앞,202002,491
영등포구,218. 증권거래소 앞,202002,450
영등포구,219. 롯데캐슬엠파이어 옆,202002,502
영등포구,220. 미성아파트 A동 앞,202002,489
영등포구,221. 여의도초교 앞,202002,611
영등포구,222. 시범아파트버스정류장 옆,202002,1200
영등포구,223. 진주아파트상가 앞,202002,550
영등포구,224. 롯데캐슬 앞,202002,713
영등포구,225. 앙카라공원 앞,202002,511
영등포구,226. 샛강역 1번출구 앞,202002,654
영등포구,227. 양평2나들목 보행통로 입구,202002,589
영등포구,228. 선유도역 3번출구 앞,202002,1028
영등포구,229. 양평1 보행육교 앞,202002,698
영등포구,230. 영등포구청역 1번출구,202002,1595
영등포구,231. 남부고용노동지청 남측,202002,482
영등포구,232. 양평우림 이비즈센타 앞,202002,1273
영등포구,233. YP 센터 앞,202002,145
영등포구,234. 영등포구민체육센터 앞,202002,377
영등포구,235. 신길동 우리은행 옆,202002,337
영등포구,236. 문래동자이아파트 앞,202002,619
영등포구,238. 제2구민체육센타 앞,202002,687
영등포구,239. 유스호스텔 앞,202002,581
영등포구,240. 문래역 4번출구 앞,202002,902
영등포구,241. 신길우성1차아파트 앞 공원,202002,454
영등포구,242. 신길선원가와인아파트 앞,202002,349
영등포구,243. 이앤씨드림타워 앞,202002,733
영등포구,244. 영등포삼환아파트 앞,202002,699
영등포구,245. 삼성생명 당산사옥 앞,202002,946
영등포구,247. 당산역 10번출구 앞,202002,1601
영등포구,248. 초원아파트 앞,202002,512
영등포구,249. 여의도중학교 옆,202002,484
영등포구,250. 대림아파트 사거리,202002,328
영등포구,251. 서울지방병무청 버스정류장,202002,449
영등포구,252. 보라매역4번출구,202002,551
영등포구,253. 신풍역 5번출구 인근,202002,530
영등포구,254. 도림신협 앞,202002,410
영등포구,255. 도림4거리,202002,444
영등포구,256. 동아에코빌입구,202002,380
영등포구,257. 신길삼거리(우리은행),202002,967
영등포구,258. 신길역3번출구,202002,491
영등포구,259. 대방역6번출구,202002,1094
영등포구,260. 여의도 마리나선착장 앞,202002,317
영등포구,262. 영문초등학교 사거리,202002,1221
영등포구,263. 근로자회관 사거리,202002,1102
영등포구,264. 교보생명보험 앞,202002,725
영등포구,265. 영등포유통상가 사거리,202002,481
영등포구,266. 영등포청과시장 사거리,202002,384
영등포구,267. 삼성화재 사옥 옆,202002,513
영등포구,268. 그랜드컨벤션센터 앞,202002,638
영등포구,270. 증권거래소후문교차로,202002,343
영등포구,271. 샛강생태공원방문자센터 앞,202002,167
영등포구,272. 당산육갑문,202002,1271
영등포구,274. 영등포역지하쇼핑센타 5번출구,202002,1348
영등포구,275. 신동아아파트,202002,933
영등포구,276. SK 영등포주유소,202002,674
영등포구,277. 영등포뉴타운지하상가 2번게이트,202002,642
영등포구,278. 쌍용플레티넘오피스텔,202002,733
영등포구,279. 영등포 푸르지오 아파트,202002,695
영등포구,280. 양평동6차현대아파트 앞,202002,847
영등포구,281. 신동아아파트 앞,202002,350
영등포구,282. 신한은행,202002,214
영등포구,283. 아크로타워 스퀘어(영등포시장),202002,899
영등포구,284. 센트럴 푸르지오 시티 앞,202002,1421
영등포구,285. 대림3동사거리(하나은행),202002,253
영등포구,286. 우성아파트 교차로,202002,353
영등포구,287. 영등포전화국사거리 (서강어린이공원),202002,651
영등포구,288. 쌍용예가(구청별관),202002,321
영등포구,289. 대림3동사거리,202002,312
영등포구,290. 당산동 SK V1 빌딩,202002,617
영등포구,291. 문래동 하이테크 시티,202002,798
영등포구,292. 영일 어린이공원,202002,267
영등포구,293. 충북 미래관,202002,864
용산구,800. 목월공원 앞,202002,542
용산구,802. 한강진역 2번 출구 앞,202002,259
용산구,803. 한남초교 앞 보도육교,202002,113
용산구,805. 문배어린이공원 앞,202002,496
용산구,806. 전자랜드 본관 앞,202002,425
용산구,807. 서울역 12번 출구 앞,202002,425
용산구,808. 서빙고동 금호맨션 앞,202002,112
용산구,809. 한남 유수지 복개주차장,202002,286
용산구,810. 이태원지하보도,202002,213
용산구,811. 녹사평역1번출구,202002,328
용산구,812. 용산전쟁기념관,202002,171
용산구,813. 삼각지역 3번출구,202002,431
용산구,815. LIG강촌아파트 103동앞,202002,492
용산구,816. 신용산역 6번출구 앞,202002,1012
용산구,817. 삼각지역 4번출구 앞,202002,252
용산구,818. 숙명여대 입구 교차로,202002,448
용산구,819. 선린인터넷 고등학교,202002,320
용산구,820. 청파동입구 교차로,202002,306
용산구,822. 이촌1동 마을공원,202002,172
용산구,823. 효창동주민센터 앞,202002,108
용산구,825. 서빙고동 주민센터 앞,202002,748
용산구,827. 국군복지단,202002,123
용산구,828. 숙대입구역 8번,202002,327
용산구,829. 베르가모앞,202002,1033
용산구,830. 청암자이아파트앞,202002,262
용산구,831. 이태원관광특구입구,202002,272
용산구,832. 이촌1동 주민센터 뒤,202002,747
용산구,834. 효창공원앞역 3번출구 뒤,202002,590
용산구,835. 남영역 건너편,202002,298
용산구,836. 현대자동차서비스 앞,202002,401
용산구,837. 한남나들목 입구,202002,520
용산구,838. 숙대입구역 4번출구,202002,374
용산구,839. 보광동 삼성리버빌아파트 앞,202002,308
용산구,840. 용산 파크타워 앞,202002,172
용산구,841. 신용산역 1번 출구,202002,608
용산구,843. 녹사평역 광장,202002,495
용산구,844. 이촌2동 동원베네스트 아파트 앞,202002,380
용산구,845. 용산 선인상가,202002,349
용산구,846. 용산중학교,202002,312
은평구,900. 은평예술회관,202002,378
은평구,901. 응암1동사무소,202002,429
은평구,902. 진관동 은빛초등학교,202002,111
은평구,903. 은평뉴타운 아이파크,202002,267
은평구,904. 은평뉴타운 푸르지오,202002,267
은평구,905. 구파발역 2번출구,202002,624
은평구,906. 연신내역 5번출구150M 아래,202002,923
은평구,907. CJ 드림시티,202002,1699
은평구,908. 구산역 4번출구,202002,440
은평구,909. 백련산 힐스테이트 3차,202002,252
은평구,911. 은평평화공원(역촌역4번출구),202002,738
은평구,912. 응암오거리,202002,844
은평구,913. 이마트 은평점,202002,1116
은평구,914. 새절역 2번출구,202002,1203
은평구,915. 증산역 4번출구,202002,520
은평구,916. 평생학습관 앞,202002,431
은평구,917. 녹번역 4번출구,202002,580
은평구,919. 서울혁신파크,202002,317
은평구,921. 신도고등학교,202002,291
은평구,922. 연신내역 4번출구,202002,191
은평구,923. 국민은행 연서지점,202002,279
은평구,924. 메뚜기다리,202002,134
은평구,925. 불광역 2번출구,202002,207
은평구,926. 불광역 8번출구,202002,552
은평구,927. 연신내역 3번출구 인근,202002,194
은평구,928. 은평역사한옥박물관,202002,109
은평구,930. 구 서부경찰서 건너편,202002,234
은평구,931. 역촌파출소,202002,1056
은평구,932. 예일여중,202002,358
은평구,933. LG서비스 역촌점,202002,603
은평구,934. 신사동 성당,202002,445
은평구,937. 상림마을 롯데캐슬2단지 옆,202002,33
은평구,938. 금암 문화공원,202002,56
은평구,939. 은평구청 교차로,202002,269
은평구,941. 은평뉴타운 도서관,202002,297
은평구,942. 상림마을 생태공원,202002,156
은평구,943. 은평구청 보건소,202002,606
은평구,945. 기자촌 사거리,202002,318
은평구,946. 독바위역,202002,324
은평구,947. 연신내 선일하이츠빌 정류소,202002,297
은평구,948. 디지털미디어 시티역 4번출구,202002,301
은평구,949. 연신내역 1번 출구,202002,286
은평구,950. 구산역 2번 출구,202002,506
은평구,951. 연신내역 6번출구옆,202002,525
은평구,952. 서울연신중학교,202002,222
은평구,953. 서울연신초등학교,202002,185
은평구,954. 은평뉴타운구파발9단지,202002,206
은평구,956. 응암시장교차로,202002,767
은평구,958. 신한은행 응암동 지점 앞,202002,479
은평구,959. 구파발10단지 인근,202002,163
은평구,960. 구파발역 환승센터,202002,231
은평구,961. 불광역 9번 출구,202002,341
은평구,962. 은평뉴타운 힐데스하임,202002,271
은평구,963. 대호프라자아파트,202002,427
은평구,964. 북한산힐스테이트 7차아파트,202002,255
은평구,965. 서울특별시 은평병원,202002,253
은평구,966. 서울혁신파크1,202002,75
은평구,967. 서울혁신파크2,202002,152
은평구,968. 은평뉴타운 상림마을 13단지,202002,99
은평구,969. 은평 지웰테라스,202002,81
은평구,971. 역촌 센트레빌 아파트,202002,158
은평구,972. 수색역,202002,365
종로구,301. 경복궁역 7번출구 앞,202002,613
종로구,302. 경복궁역 4번출구 뒤,202002,970
종로구,303. 광화문역 1번출구 앞,202002,607
종로구,304. 광화문역 2번출구 앞,202002,291
종로구,305. 종로구청 옆,202002,713
종로구,306. 광화문역 7번출구 앞,202002,634
종로구,307. 서울역사박물관 앞,202002,539
종로구,308. 광화문 S타워 앞,202002,848
종로구,309. 광화문역 6번출구 옆,202002,296
종로구,314. 국립현대미술관,202002,413
종로구,315. 신한은행 안국역지점 옆,202002,277
종로구,316. 종각역 1번출구 앞,202002,1060
종로구,326. 안국역 5번출구 앞,202002,825
종로구,327. 낙원상가 옆,202002,702
종로구,328. 탑골공원 앞,202002,613
종로구,329. 청계2가 사거리 옆,202002,750
종로구,334. 종로3가역 2번출구 뒤,202002,881
종로구,335. 종로3가역 15번출구 앞,202002,720
종로구,337. 창경궁 입구,202002,187
종로구,338. 세운스퀘어 앞,202002,763
종로구,339. 종로4가 사거리,202002,521
종로구,340. 혜화동 로터리,202002,749
종로구,3405.파크팰리스,202002,6
종로구,3408.종로타워빌딩,202002,3
종로구,341. 혜화역 3번출구 뒤,202002,563
종로구,342. 대학로 마로니에공원,202002,948
종로구,343. 예일빌딩(율곡로) 앞,202002,335
종로구,3432.종로2가 사거리,202002,1
종로구,344. 성균관대 E하우스 앞,202002,375
종로구,345. 서울보증보험본사 앞,202002,587
종로구,348. 독립문역 사거리,202002,416
종로구,349. 사직동주민센터,202002,412
종로구,351. 청운초교 앞 삼거리,202002,314
종로구,352. 중앙고입구 삼거리,202002,133
종로구,353. 재동초교 앞 삼거리,202002,383
종로구,354. 포르투갈 대사관 앞,202002,457
종로구,355. 서울사대부속초교 앞,202002,591
종로구,356. KT혜화지사 앞,202002,571
종로구,358. 성대입구 사거리,202002,1115
종로구,359. 원남동사거리,202002,493
종로구,361. 동묘앞역 1번출구 뒤,202002,1313
종로구,362. 청계8가 사거리,202002,928
종로구,363. 신설동역 11번출구 뒤,202002,825
종로구,364. 창신역 1번출구 앞,202002,488
종로구,367. 독립문역 3-1번출구,202002,423
종로구,368. SK 서린빌딩 앞,202002,413
종로구,369. 광화문 시민열린마당,202002,560
종로구,385. 종각역 5번출구,202002,721
종로구,386. 올림픽기념 국민생활관 앞,202002,228
종로구,388. 동성중학교 앞,202002,418
종로구,393. 동대문역 8번 출구,202002,831
종로구,394. 경희궁 자이 3단지,202002,356
종로구,395. 경희궁 자이 2단지,202002,403
종로구,397. 종묘공영주차장 건너편,202002,424
종로구,446. 상명대입구,202002,201
종로구,447. 신영동삼거리,202002,56
종로구,449. 일성아파트,202002,103
종로구,450. 효자동 삼거리,202002,445
종로구,451. 청와대앞길,202002,148
종로구,452. 동대문 종합시장 버스정류장,202002,363
종로구,453. 종로오가 지하쇼핑센터 14번출구,202002,584
종로구,454. 종로2가 버스정류장 (종각방향),202002,547
종로구,455. 삼익한의원,202002,290
종로구,456. 숭인2동 주민센터 입구 (이강3대냉면),202002,434
종로구,457. 종로꽃시장 입구 옆,202002,415
종로구,458. 광화문역 5번출구,202002,576
종로구,461. 서울지방경찰청,202002,496
종로구,462. 신영동삼거리(북악터널방향),202002,106
종로구,464. 삼청동 골목,202002,261
종로구,465. 삼청공원 앞,202002,56
중구,300. 정동사거리,202002,449
중구,310. 청계광장 옆,202002,409
중구,311. 서울광장 옆,202002,1063
중구,312. 시청역 1번출구 뒤,202002,911
중구,318. 광교사거리 남측,202002,293
중구,320. 을지로입구역 4번출구 앞,202002,704
중구,321. KEB 하나금융그룹 명동사옥 옆,202002,354
중구,322. 명동성당 앞,202002,228
중구,324. 신세계백화점 본점 앞,202002,500
중구,330. 청계천 한빛광장,202002,60
중구,331. 을지로2가 사거리 북측,202002,604
중구,332. 을지로2가 사거리 남측,202002,373
중구,336. 티마크 호텔 앞,202002,336
중구,346. 맥스타일 앞,202002,958
중구,347. 동대문역사문화공원역 9번출구 앞,202002,696
중구,370. 시청역(2호선) 9번출구 뒤,202002,656
중구,371. 동대입구역 6번출구 뒤,202002,280
중구,372. 약수역 3번출구 뒤,202002,359
중구,373. 청구 어린이공원,202002,57
중구,374. 청구역 2번출구 앞,202002,496
중구,375. 다산 어린이공원,202002,500
중구,378. 청계7가 사거리,202002,683
중구,379. 서울역9번출구,202002,534
중구,380. CJ제일제당 앞,202002,441
중구,381. 장충체육관,202002,99
중구,382. 약수역 10번출구 앞,202002,271
중구,383. 신당역 12번 출구 뒤,202002,1127
중구,384. 종로학원본원,202002,229
중구,387. 훈련원공원주차장 앞,202002,410
중구,389. 을지로4가역 1번출구,202002,651
중구,390. 충무로역 1번출구,202002,623
중구,391. 정동길입구,202002,142
중구,398. 을지로3가역 3번출구,202002,441
중구,399. 서울역 센트럴 자이아파트,202002,286
중구,428. 명보사거리,202002,295
중구,429. 송도병원,202002,81
중구,430. KEB하나은행 장충동지점,202002,269
중구,431. 청계천 영도교,202002,1160
중구,433. 을지로입구역 2번출구,202002,641
중구,434. 신당 래미안 버스정류장,202002,167
중구,435. SK 남산빌딩,202002,171
중구,441.염천교사거리,202002,1
중구,443.호암아트홀,202002,2
중구,445.대한상공회의소,202002,1
중구,472.삼일교(시그니쳐 타워),202002,1
중구,473.을지로4가역 9번출구,202002,0
중구,485.서울역4번출구,202002,1
중구,826. 서울역 서부교차로2,202002,478
중랑구,1401. 극동늘푸른아파트,202002,609
중랑구,1402. 금란주차장 앞,202002,442
중랑구,1403. 중화빌딩 앞 (동부시장),202002,1000
중랑구,1404. 동일로 지하차도,202002,544
중랑구,1405. 망우역 1번출구,202002,565
중랑구,1406. 망우청소년수련관,202002,61
중랑구,1407. 먹골역 1번출구 뒤,202002,450
중랑구,1408. 먹골역 6번출구 앞,202002,525
중랑구,1410. 면목 대원칸타빌아파트,202002,143
중랑구,1411. 상봉시장앞 교차로 한성빌딩 앞,202002,273
중랑구,1412. 면목초등학교,202002,235
중랑구,1413. 봉화산역 5번출구 뒤,202002,279
중랑구,1414. 사가정역 1번출구,202002,728
중랑구,1416. 상봉역 3번출구,202002,398
중랑구,1418. 새솔초등학교,202002,217
중랑구,1420. 신내어울공원 앞,202002,222
중랑구,1421. 신내역 4번출구,202002,115
중랑구,1422. 신내우디안아파트 1단지,202002,129
중랑구,1424. 양원역 2번출구,202002,73
중랑구,1425. 용마문화복지센터,202002,197
중랑구,1426. 면목도시개발아파트 1동 앞,202002,254
중랑구,1427. 용마산역 1번출구,202002,92
중랑구,1428. 원묵고등학교,202002,251
중랑구,1429. 장안중학교,202002,280
중랑구,1430. 중랑구청,202002,453
중랑구,1431. 중랑구청 사거리,202002,672
중랑구,1433. 중화역 2번출구,202002,770
중랑구,1434. 홈플러스 면목동점,202002,385
중랑구,1435. 능산삼거리,202002,128
중랑구,1436. 영풍마드레빌,202002,217
중랑구,1437. 늘푸른공원 앞,202002,191
중랑구,1438. 홈플러스 신내점 앞,202002,563
중랑구,1440. 하나은행 면목지점,202002,284
중랑구,1441. 신내능말공원,202002,339
중랑구,1442. (구)신한은행 중랑교지점,202002,480
중랑구,1443. 구립망우청소년독서실,202002,135
중랑구,1444. 면목4치안센터,202002,373
중랑구,1445. 용마지구대,202002,72
중랑구,1446. 중랑전화국 교차로,202002,487
중랑구,1447. 면목역 3번출구,202002,604
중랑구,1448. 코스트코 상봉점,202002,778
중랑구,1449. 상봉역 1번출구,202002,677
중랑구,1450. 화랑대역 7번출구,202002,340
중랑구,1451. 중랑세무서,202002,657
중랑구,1452. 겸재교 진입부,202002,628
중랑구,1453. 중랑캠핑숲,202002,102
중랑구,1454. 한국전력공사(동대문 중랑지사),202002,475
중랑구,1455. 상봉역 2번 출구,202002,551
중랑구,1456. 상아빌딩(우림시장 교차로),202002,343
중랑구,1457. 동원사거리,202002,217
중랑구,1458. 상봉터미널2,202002,536
중랑구,1459. 용마한신아파트사거리,202002,162
강남구,2301. 현대고등학교 건너편,202003,3518
강남구,2302. 교보타워 버스정류장(신논현역 3번출구 후면),202003,1210
강남구,2303. 논현역 7번출구,202003,621
강남구,2304. 신영 ROYAL PALACE 앞,202003,188
강남구,2305. MCM 본사 직영점 앞,202003,364
강남구,2306. 압구정역 2번 출구 옆,202003,1267
강남구,2307. 압구정 한양 3차 아파트,202003,1597
강남구,2308. 압구정파출소 앞,202003,856
강남구,2309. 청담역(우리들병원 앞),202003,231
강남구,2310. 청담동 맥도날드 옆(위치),202003,558
강남구,2311. 학동로 래미안 아파트 앞,202003,230
강남구,2312. 청담역 13번 출구 앞,202003,451
강남구,2313. 금원빌딩 앞,202003,1198
강남구,2314. 청담나들목입구,202003,1198
강남구,2315. 봉은사역 5번출구 옆,202003,1185
강남구,2316. 삼성역 8번출구,202003,1035
강남구,2317. 삼성도로공원,202003,1178
강남구,2318. 삼성중앙역4번출구(문화센터더 리빌),202003,471
강남구,2319. 포스코4거리 서측(수협 삼성동 지점),202003,409
강남구,2320. 도곡역 대치지구대 방향,202003,1017
강남구,2321. 학여울역 사거리,202003,976
강남구,2322. 삼성역 3번 출구,202003,578
강남구,2323. 주식회사 오뚜기 정문 앞,202003,431
강남구,2324. 천주교 대치 2동 교회 옆,202003,994
강남구,2325. 대치동 버거킹대치점,202003,883
강남구,2326. 대치동 삼성로,202003,327
강남구,2327. 뱅뱅사거리 랜드마크타워 앞,202003,803
강남구,2328. 르네상스 호텔 사거리 역삼지하보도 7번출구 앞,202003,423
강남구,2329. 르네상스호텔사거리 역삼지하보도 2번출구,202003,269
강남구,2330. 스타벅스 앞,202003,616
강남구,2331. 동영문화센터앞,202003,540
강남구,2332. 선릉역3번출구,202003,999
강남구,2333. 양재역 3번출구 주변,202003,939
강남구,2334. 삼호아파트 2동 ( 간선도로),202003,207
강남구,2335. 3호선 매봉역 3번출구앞,202003,787
강남구,2336. 강남세브란스교차로 래미안그레이튼 104동 앞,202003,321
강남구,2337. 대모산입구역 2번출구 앞,202003,360
강남구,2339. 현대아파트 정문 앞,202003,420
강남구,2340. 삼호물산버스정류장(23370) 옆,202003,1378
강남구,2341. 일원역 4~5번 출구 사이,202003,310
강남구,2342. 대청역 1번출구 뒤,202003,1735
강남구,2343. 세곡사거리 대왕파출소 앞,202003,125
강남구,2344. 리엔파크 2단지 앞,202003,462
강남구,2347. 두산건설 본사,202003,328
강남구,2348. 포스코사거리(기업은행),202003,1304
강남구,2349. 역삼빌딩 앞(하나은행 옆),202003,326
강남구,2350. 래미안그레이튼102동앞,202003,310
강남구,2351. 청소년수련관(수영장)앞,202003,150
강남구,2352. 서울본부세관(건설회관 앞),202003,270
강남구,2353. 강남구청역 2번출구 뒤,202003,593
강남구,2354. 청담역 2번출구,202003,270
강남구,2355. 삼성역 5~6번 출구 사이,202003,1023
강남구,2356. 강남구청,202003,417
강남구,2357. 르네상스호텔사거리 역삼지하보도 3번출구 앞 (더 오번 빌딩 명동칼국수 앞),202003,483
강남구,2358. 구룡초사거리 (현대아파트10동 앞 ),202003,215
강남구,"2359. 국립국악중,고교 정문 맞은편",202003,629
강남구,2360. 도곡1동 주민센터 교차로,202003,524
강남구,2361. 압구정역 교차로,202003,784
강남구,2362. 신사동 가로수길 입구,202003,779
강남구,2363. 강남 을지병원 교차로,202003,324
강남구,2364. 도산대로 렉서스 앞,202003,343
강남구,2365. K+ 타워 앞,202003,824
강남구,2368. 도곡동 경남아파트 건너편,202003,227
강남구,2369. KT선릉타워,202003,627
강남구,2370. 한티역 3번출구,202003,741
강남구,2371. 한국우편사업진흥원,202003,372
강남구,2372. 대치역 사거리,202003,1393
강남구,2373. 개포동역 사거리,202003,1292
강남구,2375. 수서역 1번출구 앞,202003,672
강남구,2376. 수서역 6번출구 앞,202003,240
강남구,2377. 수서역 5번출구 뒤,202003,1170
강남구,2380. 삼성동베이직하우스앞,202003,469
강남구,2381. 언주역 6번출구앞,202003,419
강남구,2382. 역삼동 sk뷰 501동앞,202003,202
강남구,2383. 보금자리정원,202003,190
강남구,2384. 자곡사거리,202003,1156
강남구,2385. 학동역,202003,549
강남구,2387. 래미안강남힐즈 사거리,202003,519
강남구,2388. 강남구 도시관리공단,202003,295
강남구,2389. 경기여자고등학교 후문 (삼성로3길 입구),202003,414
강남구,2390. 구룡마을 입구 (래미안블레스티지 아파트),202003,349
강남구,2391. 구룡터널 입구(개포1단지아파트),202003,23
강남구,2392. 구룡산 입구 (구룡산 서울둘레길 입구),202003,85
강남구,2393. 구룡사 앞 교차로 (보도육교),202003,75
강남구,2395. 개포1단지아파트 입구 (보도육교),202003,28
강남구,2396. 영동3교 북단(우성캐릭터 앞 보도),202003,905
강남구,2398. 더라움,202003,408
강남구,2401. 밀알학교 입구 (삼성서울병원 입구),202003,235
강남구,2403. 공무원연금매점 교차로 (개포주공9단지 입구),202003,91
강남구,2404. 대모산입구역 4번 출구 앞,202003,568
강남구,2405. 청담공원앞 교차로,202003,501
강남구,2406. 논현동 광명빌딩 앞,202003,209
강남구,2407. 역삼.서초.삼성 세무서 앞 (역삼빌딩 앞),202003,805
강남구,2408. 강남한양수자인아파트,202003,525
강남구,2409. 역삼동 디오슈페리움 (우성아파트 사거리),202003,702
강남구,2410. 포스코피앤에스타워 (역삼역 3번출구 부근),202003,512
강남구,2411. 세곡동 성당,202003,621
강남구,2412. 일원1동 주민센터,202003,1130
강남구,2413.도곡역 1번 출구,202003,1
강남구,2414. 도곡역 아카데미스위트 앞,202003,1
강남구,2415.한티역 롯데백화점 앞,202003,1
강남구,2416.한티역 6번 출구,202003,1
강남구,2417.선정릉 일등 추어탕 앞,202003,1
강남구,2418.봉은사역 7번 출구,202003,1
강남구,"2419.봉은사역 1,2번 출구",202003,1
강남구,2420.학여울역 사거리(LG베스트샵 앞),202003,1
강남구,2421. 신논현역 4번출구,202003,1
강남구,2422.수서동 성당 맞은편,202003,1
강남구,2423.영희초교 사거리(래미안개포루체하임),202003,1
강남구,2424.신동아파밀리에 203동 맞은편,202003,1
강남구,2425.세곡동 사거리(대왕초등학교 정류장),202003,1
강남구,2426.강남한신휴플러스 6단지,202003,1
강남구,2428.롯데리아 개포점앞,202003,1
강남구,2429.압구정로데오역 6번출구,202003,1
강남구,2430.강남파이낸스센터앞(역삼역2번출구),202003,1
강남구,2431.대치역 7번출구,202003,1
강동구,1001. 광진교 남단 사거리(디지털프라자앞),202003,1802
강동구,1002. 해공공원(천호동),202003,1685
강동구,1003. 해공도서관앞,202003,541
강동구,1004. 삼성광나루아파트 버스정류장,202003,1266
강동구,1006. 롯데캐슬 115동앞,202003,756
강동구,1007.암사동 선사유적지,202003,180
강동구,1008. 암사역 3번출구(국민은행앞),202003,2359
강동구,1009. 천호역4번출구(현대백화점),202003,3232
강동구,1010. 강동세무서,202003,2088
강동구,1011. LIGA 아파트 앞,202003,2052
강동구,1012. 서울 상운차량,202003,744
강동구,1013. 강동구청역 1번 출입구,202003,1010
강동구,1014. 강동구평생학습관앞,202003,860
강동구,1015. 샛마을 근린공원,202003,854
강동구,1016. 해뜨는 주유소옆 리엔파크 109동앞,202003,654
강동구,1017. 맥도날드(길동),202003,1456
강동구,1018. 둔촌 주공 GS 맞은편,202003,456
강동구,1019. 다성이즈빌아파트(호원대 대각선 맞은편),202003,2196
강동구,1020. 강동경찰서,202003,1863
강동구,1021. 강일동 리슈빌 빌딩앞,202003,1055
강동구,1022. 길동 사거리(초소앞),202003,1261
강동구,1023. 한국종합기술사옥 앞,202003,1088
강동구,1024. 강동구청 앞,202003,1622
강동구,1025. 상일초등학교,202003,393
강동구,1026. 대명초교 입구 교차로,202003,522
강동구,1027. 프라자 아파트 앞,202003,781
강동구,1028. 포레스 주상복합 빌딩,202003,724
강동구,1029. 롯데 시네마,202003,1616
강동구,1030. 미호 플랜트 앞,202003,1358
강동구,1031. 올림픽로 836(아리수로),202003,510
강동구,1032. 선사고등학교,202003,457
강동구,1033. 고덕동 아남아파트,202003,522
강동구,1034. 고덕동 래미안 힐스테이트,202003,415
강동구,1035. 고덕역 4번출구,202003,1678
강동구,1036. 고덕동 주양쇼핑,202003,762
강동구,1037. 강일리버파크 6단지,202003,179
강동구,1038. 강일 다솜 어린이 공원,202003,205
강동구,1039. 고덕초등학교,202003,108
강동구,1041. 묘곡초등학교,202003,470
강동구,1042. 강일리버파크 2~5단지,202003,527
강동구,1044. 굽은다리역,202003,2625
강동구,1047. 건강보험 강동지사kt,202003,1168
강동구,1048. 동부기업(둔촌동),202003,1343
강동구,1049. 강일리버파크 10단지,202003,571
강동구,1050. 둔촌역 3번 출입구,202003,2597
강동구,1051. 양지시장 (용성약국앞) 입구,202003,1028
강동구,1052. 리싸이클시티,202003,123
강동구,1053. 동명근린공원 진입로 (아리수로),202003,272
강동구,1054. 말우물 어린이 공원,202003,258
강동구,1056. 강일리버파크 7~11단지,202003,284
강동구,1057. 능골근린공원,202003,420
강동구,1058. 고덕숲 아이파크 1,202003,680
강동구,1059. 래미안 강동팰리스(102동),202003,1240
강동구,1060. 천일초교 사거리,202003,630
강동구,1061. 천호초교 입구 사거리(일주빌딩),202003,672
강동구,1062. 고덕숲 아이파크 2,202003,243
강동구,1063.강동롯데캐슬퍼스트 아파트(관리동),202003,2
강동구,1064.중앙보훈병원역 1번출구,202003,1
강동구,1065.보훈병원 정문옆(중앙대영약국),202003,1
강동구,1066.생태공원앞 교차로(조명탑),202003,1
강동구,1067.한영중고앞사거리,202003,1
강동구,1068.명일파출소,202003,1
강동구,1069.강동경희대학교병원 입구,202003,1
강동구,1070.(시립)고덕평생학습관,202003,1
강동구,1071.명일근린공원공동체텃밭,202003,1
강동구,1073.SSTS 몰 앞,202003,1
강동구,1074.대명초교입구 사거리,202003,1
강동구,1075.천동초교 삼거리,202003,1
강동구,1076.전자랜드 길동점,202003,1
강동구,1077.강동역 1번출구 앞,202003,1
강동구,1078.둔촌사거리,202003,1
강동구,1079.강일동입구교차로,202003,1
강동구,1080.엘웨딩,202003,1
강동구,1081.트레빌빌딩,202003,1
강동구,1083.광문고교사거리(아이파크),202003,1
강동구,1086.래미안 솔베뉴(구천면로),202003,1
강동구,1087.레미안 솔베뉴(양재대로),202003,1
강동구,1088.풍납사거리(강동),202003,1
강동구,1089.고덕 래미안힐스테이트(201동),202003,1
강동구,1090.상일동역 2번출구 앞,202003,1
강동구,3539. 서원마을,202003,142
강북구,"1501. 미아역 3번,4번 출구 사이",202003,923
강북구,1503. 이디야 커피 수유역점 앞,202003,2303
강북구,1504. 다이소 삼양시장점,202003,346
강북구,1506. 강북문화예술회관,202003,759
강북구,1509. 서울북부수도사업소,202003,826
강북구,1510. 번동주공5단지 관리사무소 앞,202003,222
강북구,1511. 번동 금호어울림아파트102동앞,202003,179
강북구,1512. 강북중학교 앞,202003,1260
강북구,1513. 강북구청 뒷편,202003,370
강북구,1514. 강북구청 사거리 버스정류소 앞,202003,1526
강북구,1515. 송천동 주민센터,202003,556
강북구,1516. 우이초등학교 후문 옆,202003,430
강북구,1518. SK telecom(수유직영점) 앞,202003,413
강북구,1519. 세븐일레븐 수유장미원점 앞,202003,482
강북구,1520. 성실교회,202003,542
강북구,1522. 월드전기조명인테리어(우이동),202003,378
강북구,1525. 미아동 복합청사,202003,348
강북구,1526. 수유동 채선당앞,202003,427
강북구,1527. 미아역 1번 출구 뒤,202003,573
강북구,1528. 삼각산동 주민센터,202003,497
강북구,1529. 미아동 한국전력공사,202003,1225
강북구,1530. 광산사거리,202003,976
강북구,1531. 미아사거리 1번 출구,202003,1620
강북구,1532. 번3동 주민센터 교차로,202003,714
강북구,"1533. 번동 주공3, 4단지 교차로",202003,1271
강북구,1534. 북서울 꿈의 숲 동문,202003,1146
강북구,1535. 효성인텔리안 앞,202003,1604
강북구,1536. 번동 두산위브 101동 옆,202003,828
강북구,1537. 북한산 우이역,202003,402
강북구,1538. 솔밭공원역,202003,477
강북구,1539. 4.19민주묘지역,202003,1056
강북구,1540. 가오리역,202003,639
강북구,1541. 삼양역,202003,234
강북구,1542. 삼양사거리역,202003,377
강북구,1543. 수유1동 주민센터,202003,479
강북구,1545. 솔샘역 2번 출구,202003,257
강북구,1546. 송천동우체국,202003,475
강북구,1547. 꿈의숲 롯데캐슬,202003,380
강북구,1548. 북서울 꿈의숲 서문,202003,844
강서구,1101. 개화동상사마을종점 버스정류장,202003,176
강서구,1102. 방화사거리 마을버스 버스정류장,202003,1009
강서구,1103. 방화역 4번출구앞,202003,1132
강서구,1105. 방화근린공원,202003,415
강서구,1106. 신방화사거리,202003,1254
강서구,1108. 공항시장역 2번출구 뒤,202003,558
강서구,1109. 공항시장역 4번출구,202003,439
강서구,1110. 공항중학교앞,202003,533
강서구,1111. 마곡엠밸리6_7단지 마곡중학교,202003,803
강서구,1112. 마곡엠밸리4단지 정문,202003,2674
강서구,1113. 서남환경공원 버스정류장,202003,1221
강서구,1114. 서남물재생센터 버스정류장,202003,132
강서구,1115. 등촌역 1번출구옆,202003,965
강서구,1117. 스타벅스앞,202003,1506
강서구,1118. 증미역 3번출구뒤(등촌두산위브센티움오피스텔),202003,2138
강서구,1119. 염창동 한마음아파트앞(염창동 빛나는 음악학원앞),202003,1755
강서구,1120. 대림경동아파트앞,202003,1563
강서구,1121. 가양레포츠센터앞,202003,1141
강서구,1122. 황금내근린공원,202003,2589
강서구,1124. 발산역 6번출구옆(다이소앞),202003,2100
강서구,1125. 명덕고교입구(영종빌딩),202003,1503
강서구,1126. 우장산역 1번출구옆(우장산아이파크105동앞),202003,878
강서구,1127. 화곡역(에이스정형외과앞) 버스정류장,202003,1014
강서구,1128. 화곡역 6번출구,202003,796
강서구,1129. 화곡역 1번 출구 앞,202003,1016
강서구,1130. 화곡본동시장 버스정류장,202003,360
강서구,1131. 꿈돌이공원 앞,202003,1261
강서구,1132. 등촌역 7번출구,202003,973
강서구,1135. 강서구의회,202003,988
강서구,1136. 등촌2파출소,202003,539
강서구,1137. 등촌2동주민센터,202003,375
강서구,1139. 용문사 버스정류장,202003,829
강서구,1140. 목동사거리 버스정류장,202003,1081
강서구,1141. 곰달래 문화복지센터 1-1,202003,971
강서구,1145. 곰달래 문화복지센터 1-2,202003,619
강서구,1146. 곰달래사거리,202003,810
강서구,1148. 볏골공원,202003,647
강서구,1149. 신방화역환승주차장,202003,2213
강서구,1150. 송정역 1번출구,202003,1669
강서구,1151. 마곡역1번출구,202003,939
강서구,1152. 마곡역교차로,202003,1362
강서구,"1153. 발산역 1번, 9번 인근 대여소",202003,3227
강서구,1155. 기쁜우리복지관,202003,1498
강서구,1157. 강서구청,202003,1286
강서구,1158. 가양역 8번출구,202003,3138
강서구,1159. 서서울모터리움앞,202003,1182
강서구,1160. 양천향교역 7번출구앞,202003,3347
강서구,1161. 강서면허시험장앞,202003,244
강서구,1162. 공항초등학교건너편,202003,791
강서구,1163. 방화동강서기동대앞,202003,735
강서구,1165. 마곡중학교 후문,202003,546
강서구,1166. 강서구립등빛도서관,202003,1572
강서구,1167. 마곡수명산파크3단지 교차로,202003,1719
강서구,1168. 마곡엠밸리10단지 앞,202003,977
강서구,1169. 염창역 1번 출구,202003,1336
강서구,1170. 강서구보건소 (삼성디지털 프라자),202003,916
강서구,1171. 염창동 새마을금고 건너편 (모닝글로리),202003,1402
강서구,1172. 가양3동 주민센터,202003,952
강서구,1173. 강서구청사거리(SH타워),202003,2166
강서구,1174. 강서구청사거리(부민병원),202003,602
강서구,1175. 대한항공 인력개발센터,202003,878
강서구,1177. 수명중?고교,202003,919
강서구,1178. 개화산역 2번 출구,202003,548
강서구,1180. 마곡엠밸리 15단지(1502동) 건너편,202003,1180
강서구,1181. 농수산식품공사 (강서지사),202003,244
강서구,1182. KBS 스포츠월드,202003,1290
강서구,1183. KC 대학교,202003,191
강서구,1184. 마곡13단지,202003,1133
강서구,1185. 등촌9단지,202003,969
강서구,1186. 송정중학교,202003,520
강서구,1187. 강서수산물도매시장,202003,356
강서구,1188. 롯데중앙연구소,202003,382
강서구,1190. 마곡역 교차로(2번출구),202003,533
강서구,1191. 마곡역 교차로(NH농협),202003,1566
강서구,1192. 마곡수명산파크 209동 건너편,202003,883
강서구,1193. 마곡센트럴타워 1차,202003,1559
강서구,1194. 센서텍㈜,202003,676
강서구,1195. 코오롱One&Only타워,202003,1245
강서구,1196. 서울식물원(문화센터) 건너편,202003,757
강서구,1197. 엘펠리체 호텔 건너편,202003,1975
강서구,1198. LG 사이언스파크,202003,803
강서구,1199. 우장산역 3번출구,202003,1041
강서구,1200. 개화광역환승센터,202003,173
강서구,2701. 마곡나루역 5번출구 뒤편,202003,4665
강서구,2702. 마곡 엠밸리2단지,202003,742
관악구,2102. 봉림교 교통섬,202003,5164
관악구,2103. 신림동 우방아파트,202003,808
관악구,2104. 사당역 5번출구,202003,995
관악구,2105. 미성동 신림체육센터,202003,687
관악구,2106. 난곡 새마을금고,202003,1113
관악구,2107. 도림천 신화교,202003,1775
관악구,2108. 은천치안센터,202003,729
관악구,2109. 은천로입구 가로공원,202003,1270
관악구,2110. 조원동 미성아파트,202003,471
관악구,2111. 서울대입구역 1번출구,202003,564
관악구,2112. 서울대입구역 마에스트로,202003,575
관악구,2113. 관악동작견인차량보관소,202003,1430
관악구,2115. 관악농협농산물백화점,202003,516
관악구,2116. 에이스에이존빌딩,202003,568
관악구,2119. 중앙동 동진빌딩,202003,591
관악구,2122. 낙성대로 입구,202003,644
관악구,2127. 보성운수차고지 맞은편,202003,192
관악구,2128. 관악구청교차로,202003,235
관악구,2129. 낙성대 과학전시관,202003,200
관악구,2130. 영어마을 관악캠프,202003,240
관악구,2135. 신림역 5번출구,202003,809
관악구,2136. 신림역 8번출구,202003,1329
관악구,2137. KT&G 관악지점,202003,354
관악구,2139. 서울신성초등학교,202003,819
관악구,2140. 신림1교 교차로,202003,1245
관악구,2141. 미림여고입구 교차로,202003,155
관악구,2143. 서울산업정보학교,202003,254
관악구,2144. 난우길입구,202003,346
관악구,2145. 은천초등학교 육교,202003,413
관악구,2148. 낙성대역 3번출구 뒤,202003,366
관악구,2156. 농협 관악문성지점,202003,464
관악구,2159. 인헌초교,202003,196
관악구,2160. 관악구 보건소,202003,266
관악구,2164. 관악우체국,202003,691
관악구,2165. JK장평타워,202003,213
관악구,2167. 낙성대역 1번출구,202003,327
관악구,2169. 봉천역 2번출구,202003,677
관악구,2170. 조원동서울본병원,202003,556
관악구,2171. 서울대입구역 5번출구,202003,970
관악구,2172. 나들목공원,202003,331
관악구,2173. 당곡사거리,202003,2455
관악구,2174. 삼성디지털프라자관악점,202003,457
관악구,2175. 신림동걷고싶은문화의거리입구,202003,607
관악구,2176. 보라매공원 보도육교,202003,1133
관악구,2177. 신대방역 2번 출구,202003,3313
관악구,2178. 서울대학교 정문,202003,424
관악구,2179. 양녕로 입구,202003,656
관악구,2180. 신림동주민센터,202003,76
관악구,2183. 동방1교,202003,3883
관악구,2184. 구암초등학교 버스정류장,202003,155
관악구,2185. 대학동 고시촌,202003,810
광진구,3500. 군자역2번출구,202003,1393
광진구,3501. 광진구청 앞,202003,1741
광진구,3502. 중곡역 1번출구,202003,604
광진구,3503. 광진유진스웰,202003,163
광진구,3504. 원일교회,202003,1363
광진구,3505. 신양초교앞 교차로,202003,971
광진구,3506. 영동대교 북단,202003,985
광진구,3507. 어린이회관,202003,878
광진구,3508. 화양사거리,202003,1892
광진구,3509. 세종사이버대학교,202003,1994
광진구,3510. 중곡SK아파트앞,202003,390
광진구,3516. 구의아리수정수센터앞,202003,664
광진구,3517. 용마사거리,202003,1238
광진구,3518. 군자역 7번출구뒤,202003,2458
광진구,3520. 광진경찰서,202003,1399
광진구,3521. 현대홈타운 뒷길,202003,290
광진구,3523. 건국대학교 과학관(이과대) 앞,202003,418
광진구,3524. 세종대학교,202003,124
광진구,3528. 광진정보도서관,202003,744
광진구,3529. 어린이대공원정문,202003,1063
광진구,3533. 건대입구역 사거리(롯데백화점),202003,5098
광진구,3534. 건대입구역 5번출구 뒤,202003,2239
광진구,3535. 중곡사거리(국민은행),202003,1438
광진구,3536. 중앙농협(자양동),202003,1541
광진구,3537. 아차산 휴먼시아 아파트 옆,202003,546
광진구,3541. 커먼그라운드,202003,2607
광진구,3542. 래미안 구의파크 스위트,202003,837
광진구,3543. 세종대학교(학술정보원),202003,241
광진구,500. 어린이대공원역 3번출구 앞,202003,1863
광진구,501. 광진구의회 앞,202003,1347
광진구,502. 뚝섬유원지역 1번출구 앞,202003,14584
광진구,504. 신자초교입구교차로,202003,1839
광진구,505. 자양사거리 광진아크로텔 앞,202003,2950
광진구,515. 광양중학교 앞,202003,896
광진구,516. 광진메디칼 앞,202003,849
광진구,539. 군자교교차로,202003,1589
광진구,540. 군자역 7번출구 베스트샵 앞,202003,1250
광진구,542. 강변역 4번출구 뒤,202003,1861
광진구,543. 구의공원(테크노마트 앞),202003,1319
광진구,544. 광남중학교,202003,1422
광진구,546. 잠실대교북단 교차로,202003,1231
광진구,548. 자양나들목,202003,2110
광진구,549. 아차산역 3번출구,202003,1739
광진구,551. 구의삼성쉐르빌 앞,202003,1924
광진구,552. 대림아크로리버 앞,202003,444
광진구,553. 중곡 성원APT 앞,202003,1133
광진구,555. 구의3동주민센터,202003,714
광진구,571. 어린이대공원역6번출구,202003,1133
광진구,572. 국립정신 건강센터 앞,202003,453
광진구,573. 구의문주차장 앞,202003,1262
광진구,574. 아차산역4번출구,202003,1905
광진구,575. 중앙농협 중곡지점,202003,209
광진구,576. 광나루역 3번 출구,202003,1331
광진구,577. 광진청소년수련관,202003,1278
광진구,584. 광진광장 교통섬,202003,1810
광진구,588. 뚝섬 유원지역,202003,2343
광진구,590. 건국대학교 (입학정보관),202003,1603
광진구,591. 건국대학교 (행정관),202003,185
광진구,592. 건국대학교 학생회관,202003,868
광진구,593.자양중앙나들목,202003,1802
구로구,1901. 신도림동주민센터 앞,202003,805
구로구,1904. 도림천역 1번 출구 앞,202003,1412
구로구,1906. 신도림역 1번 출구 앞,202003,3805
구로구,1907. 구일우성(아) 육교 밑,202003,443
구로구,1908. 해원리바파크 육교 밑,202003,967
구로구,1910. 낙원교회 맞은편,202003,138
구로구,1911. 구로디지털단지역 앞,202003,2817
구로구,1912. 한신휴아파트 앞,202003,848
구로구,1913. 구로리공원,202003,467
구로구,1914. 대림역4번출구,202003,856
구로구,1916. 구로중학교앞,202003,229
구로구,1920. 서울미래초등학교 사거리,202003,879
구로구,1924. 삼부르네상스파크빌,202003,312
구로구,1925. 동양미래대학교 정문 옆,202003,2564
구로구,1928. 고척스카이돔구장 광장,202003,692
구로구,1929. 고척근린공원 고척도서관 앞,202003,324
구로구,1930. 개봉지구대 개봉치안센터,202003,348
구로구,1931. 개봉역(북측광장),202003,846
구로구,1933. 개봉푸르지오아파트 상가,202003,672
구로구,1936. 개봉역 1번 출구 자전거보관서쪽,202003,472
구로구,1937. 한진아파트 입구,202003,526
구로구,1941. 오류동역 2번출구,202003,638
구로구,1943. 온수역 북측,202003,297
구로구,1946. 구로역 광장,202003,1068
구로구,1951. 천왕이펜하우스 4단지 상가 앞,202003,264
구로구,1952. 천왕연지타운2단지 앞,202003,932
구로구,1953. 천왕역 4번출구 뒤,202003,399
구로구,1955. 디지털입구 교차로,202003,1279
구로구,1956. 도야미리숯불갈비 앞,202003,614
구로구,1957. 구일고등학교 정문,202003,676
구로구,1958. 강서수도사업소민원센터,202003,673
구로구,1959. 구로구의회 앞,202003,508
구로구,1960. 화광신문사 앞,202003,1239
구로구,1961. 신도림테크노근린공원,202003,2314
구로구,1962. 가리봉동주민센터,202003,550
구로구,1964. 원메디타운 앞,202003,592
구로구,1965. 삼환로즈빌아파트 105동 옆,202003,406
구로구,1966. 한마을아파트 정문상가,202003,802
구로구,1967. 참새공원(백곡경노당),202003,180
구로구,1968. 동인오피스텔 건너편 소공원,202003,238
구로구,1969. 궁동생태공원,202003,115
구로구,1971. 오정초교 앞 보도육교,202003,235
구로구,1973. 오리로와 서해안도로 교차로 앞,202003,248
구로구,1974. 신도림2차e편한세상아파트 203동 앞,202003,597
구로구,1975. 대림역 1번 출입구 밑,202003,609
구로구,1976. 남구로역 5번 출입구 앞,202003,131
구로구,1977. 천왕역 1번 출입구 앞,202003,484
구로구,1979. 구로1동우체국 앞,202003,129
구로구,1981. 천왕이펜하우스5단지 앞,202003,440
구로구,1983. 구로동롯데아파트,202003,679
구로구,1984. 구로구청,202003,775
구로구,1985. 구로도서관,202003,1358
구로구,1986. 태평양물산빌딩,202003,1278
구로구,1987. 개봉아이파크아파트 앞,202003,1145
구로구,1988. 고척LIGA아파트 앞,202003,1073
구로구,1991. 오류동역 맞은편,202003,791
구로구,1992. 구로구배드민턴실내체육관 앞,202003,139
구로구,1993. 금강수목원아파트 앞,202003,292
구로구,1994. 삼성전자 물류센터 앞,202003,553
구로구,1996. 구일역 1번 출입구 앞,202003,1392
구로구,1998. 고척교 교차로,202003,1054
구로구,1999. 수궁동 성당 주변,202003,237
구로구,2000. 신도림4차 e편한세상 아파트 1109동 앞,202003,1139
구로구,2801. 대륭포스트타워1차,202003,768
구로구,2803.항동지구 6단지 602동 건너편,202003,1
구로구,2805.구로자원순환센터,202003,1
구로구,2806.항동지구 4단지 입구,202003,2
구로구,2807.항동지구 1단지 105동 앞,202003,1
구로구,2808.항동지구 2단지 202동 앞,202003,1
구로구,2809.항동지구 11단지 1103동 앞,202003,1
구로구,2810.항동지구 3단지 311동 앞,202003,1
구로구,2812.항동프라자,202003,1
구로구,2813.항동지구 3단지 302동 앞,202003,1
구로구,2814.항동지구 10단지 1001동 앞,202003,2
구로구,2815.항동지구 7단지 정문,202003,1
구로구,2816.항동지구 8단지 803동옆(주차장입구),202003,1
구로구,2817.천왕이펜하우스5단지 앞,202003,1
구로구,2818.천왕이펜하우스3단지 앞,202003,2
구로구,2819.하늘숲초등학교 앞,202003,1
구로구,2820.신세기아파트 앞,202003,1
구로구,2824.미래사랑어린이공원 앞,202003,1
구로구,2825.초롱타운 앞,202003,1
구로구,2826.가마산지하보도 옆,202003,1
금천구,1804. 독산역 2번출구 자전거주차장,202003,967
금천구,1805. 서울디지털운동장 앞,202003,569
금천구,1806. 에이스하이엔드타워9차 앞,202003,526
금천구,1808. 에이스하이엔드타워8차 앞,202003,523
금천구,1809. LG전자 별관동(호서대 벤처타워 맞은편),202003,315
금천구,1812. 갑을그레이트밸리 앞,202003,392
금천구,1814. 두산위브아파트 옆 상가건물 앞,202003,322
금천구,1816. 금천폭포공원 앞,202003,198
금천구,1819. 금천구청 앞 자전거거치대,202003,386
금천구,1820. 신한은행 시흥대로금융센터지점,202003,214
금천구,1821. 홈플러스 시흥점 맞은편 다비치안경 앞,202003,421
금천구,1822. 서울 시흥동우체국 앞,202003,514
금천구,1823. 상신정비공업 앞,202003,326
금천구,1824. 독산근린공원 입구,202003,1542
금천구,1825. 한신아파트 앞 육교 아래,202003,365
금천구,1826. 한신코아 앞,202003,485
금천구,1827. 독산보도육교 앞 자전거 보관소,202003,2817
금천구,1828. 한양수자인아파트 앞,202003,309
금천구,1829. 홈플러스 금천점 앞,202003,628
금천구,1830. 빅마켓 금천점 앞,202003,558
금천구,1831. 메이퀸웨딩컨벤션 앞,202003,212
금천구,1833. 독산역 1번출구 앞 자전거보관소,202003,659
금천구,1834. 월드메르디앙 벤처센터 2차,202003,1449
금천구,1835. STX V타워,202003,535
금천구,1839. 수출의 다리 아래,202003,592
금천구,1840. 솔브레인이엔지 뒤편,202003,250
금천구,1841. 가산동 주민센터,202003,406
금천구,1842. 한울중학교,202003,143
금천구,1843. 독산고등학교,202003,255
금천구,1845. 롯데캐슬골드파크1차 서문,202003,264
금천구,1846. 롯데캐슬골드파크1차 동문,202003,507
금천구,1847. 독산주공 14단지 버스정류소,202003,205
금천구,1848. 벽산 디지털밸리 5차,202003,419
금천구,1849. 대륭포스트타워5차,202003,245
금천구,1850. 코오롱테크노밸리,202003,333
금천구,1851. 가산디지털단지 7번출구,202003,1080
금천구,1852. 혜명양로원 담장 옆,202003,209
금천구,1853. 서울디자인직업전문학교 앞,202003,178
금천구,1854. 가산아네스트 오피스텔 앞,202003,336
금천구,1855. 성지아파트 옆 도로변,202003,65
금천구,1856. 모두의학교,202003,451
금천구,1857. 주공14단지,202003,243
금천구,1858. 석수역1번출구 앞 (SK주유소),202003,467
금천구,1859. 대륭테크노타운 18차,202003,355
금천구,1861.IBK기업은행 석수역 지점 앞,202003,1
금천구,1862.스타즈호텔독산 빌딩 앞,202003,1
금천구,1863.위너스 스포츠클럽 골프연습장옆,202003,1
금천구,1864.산호시티빌 옆,202003,1
금천구,1865.금천구청앞(M빌딩),202003,2
금천구,1866.서울안천초등학교 옆,202003,1
금천구,1867.대륭포스트타워6차 앞,202003,1
금천구,1868.우리은행 시흥남자동화점 앞,202003,1
금천구,1869.롯데캐슬골드파크3차 301동 앞,202003,1
금천구,1870.독산3동주민센터 앞,202003,1
노원구,1601. 석계역 문화광장 내 자전거 보관소,202003,2687
노원구,1602. 광운대역 앞,202003,895
노원구,1603. 롯데캐슬 102동 코너(월계주유소건너),202003,1615
노원구,1605. 헬스케어,202003,1333
노원구,1606. 태릉입구역 3번출구,202003,880
노원구,1608. 공릉역 1번 출구 앞,202003,2782
노원구,1610. 화랑대역 2번출구 앞,202003,1883
노원구,1611. 과기대 입구(우),202003,1665
노원구,1616. 하계2동 공항버스정류장 옆,202003,2103
노원구,1617. 하계동 중평어린이공원 앞,202003,1485
노원구,1619. 중계동 하나프라자빌딩 앞(중1-1),202003,1477
노원구,1620. 중계동 노원구민체육센터 옆(중1-2),202003,932
노원구,1625. 상계역(4번출구),202003,2879
노원구,1628. 노일초등학교 앞,202003,809
노원구,1630. 수연빌딩 앞,202003,983
노원구,1634. 당고개공원 대여소,202003,861
노원구,1635. 상계3.4동 주민센터 대여소,202003,246
노원구,1636. 백병원 사거리 농협은행 앞,202003,1640
노원구,1637. KT 노원점 건물 앞,202003,1970
노원구,1639. 희성오피앙,202003,898
노원구,1640. 한내근린공원 북측,202003,1230
노원구,1641. 한내근린공원 남측,202003,499
노원구,1642. 서울여대 남문,202003,413
노원구,1643. 태릉입구역 8번출구,202003,1729
노원구,1646. 삼육대 입구,202003,501
노원구,1650. 중계근린공원내,202003,2666
노원구,1651. 맥도날드 상계점 앞,202003,799
노원구,1652. 파르코 앞,202003,448
노원구,1653. 노원역1번출구,202003,2099
노원구,1655. 공릉1단지아파트,202003,1821
노원구,1656. 중앙하이츠 아파트 입구,202003,1124
노원구,1657. 노원구청,202003,930
노원구,1659. 중계동 을지중학교,202003,717
노원구,1660. 서울시립과학관,202003,379
노원구,1661. 당현천근린공원,202003,885
노원구,1662. 노원역7번출구,202003,1044
노원구,1663. 동해문화예술관앞,202003,2221
노원구,1664. 노해근린공원내,202003,446
노원구,1665. 양지근린공원앞,202003,600
노원구,1666. 노원소방서인근,202003,1040
노원구,1667. 중계중학교,202003,972
노원구,1668. 중계역 6번출구,202003,1640
노원구,1669. 중계역 3번출구,202003,1250
노원구,1670. 노원경찰서교차로,202003,964
노원구,1671. 인덕대학교,202003,946
노원구,1672. 상계동수락리버시티,202003,765
노원구,1673. 노원역 5번출구,202003,2228
노원구,1674. 서울북부고용센터앞,202003,1565
노원구,1675. 월계문화체육센터,202003,53
노원구,1677. 육군사관학교 앞,202003,767
노원구,1678. 성서대학교 밀알관,202003,217
노원구,1679. 삼육대 도서관,202003,193
노원구,1680. 삼육대 제3과학관,202003,54
노원구,1681. 현대6차 아파트,202003,527
노원구,1682. 중계종합사회복지관 교차로,202003,654
노원구,1683. 노원문화예술회관,202003,914
노원구,1684. 태릉입구역 5번출구,202003,1626
노원구,1685. 불암고등학교 앞 횡단보도,202003,463
노원구,1686. 온수골사거리(스타벅스앞),202003,1690
노원구,1688. 마들역 7번출구,202003,1272
노원구,1689. 마들역 3번출구,202003,861
노원구,1690. 도봉운전면허시험장,202003,798
노원구,1691. 노원정보도서관,202003,471
노원구,1692. 온곡초교 교차로,202003,1085
노원구,1693. 원자력 병원,202003,296
도봉구,1702. 녹천역 1번출구 앞,202003,574
도봉구,1703. 도봉산광역환승센터앞,202003,527
도봉구,1705. 도봉구청 정문앞,202003,990
도봉구,1706. 기업은행 앞,202003,923
도봉구,1707. 도봉구민회관,202003,926
도봉구,1708. 보건소사거리(다비치안경창동점),202003,1149
도봉구,1709. 쌍문역4번출구 주변,202003,1193
도봉구,1713. 쌍문동 청소년 랜드,202003,703
도봉구,1714. 도봉문화정보도서관 삼거리,202003,190
도봉구,1715. 서울특별시교육청도봉도서관,202003,723
도봉구,1716. 하나로마트 창동점,202003,1688
도봉구,1717. 시립창동운동장 입구,202003,334
도봉구,1719. 신도봉사거리 버스정류장,202003,459
도봉구,1720. 도봉구청 옆(중랑천변),202003,2245
도봉구,1721. 창동역 2번출구,202003,1953
도봉구,1722. 창동청소년수련관,202003,725
도봉구,1723. 방학동학마을도서관,202003,811
도봉구,1725. 창1동주민센터,202003,334
도봉구,1726. 삼익세라믹아파트교차로,202003,1083
도봉구,1727. 서울도봉초등학교인근,202003,274
도봉구,1728. 서울북부지방법원,202003,338
도봉구,1729. 파리바게트앞,202003,956
도봉구,1730. 도봉산역 교차로 앞,202003,283
도봉구,1731. 도봉고등학교 맞은편,202003,241
도봉구,1732. 우리은행 앞,202003,517
도봉구,1733. 방학사거리 (봄마당 앞),202003,1016
도봉구,1734. 쌍문현대1차아파트 108동 앞,202003,831
도봉구,"1735. 도봉역 1,2번 출구사이 건너편",202003,486
도봉구,1736. 버스정류장 앞,202003,445
도봉구,1737. 하나은행 (창동점),202003,1067
도봉구,1738. 창동주공17단지 상가앞,202003,1080
도봉구,1741. 제일강산수산입구,202003,1772
도봉구,1742. 북한산 코오롱 하늘채,202003,585
동대문구,600. 휘경2동 주민센터,202003,141
동대문구,601. 용신동주민센터,202003,540
동대문구,602. 장안동 사거리,202003,2645
동대문구,604. 답십리초등학교 옆 공원,202003,577
동대문구,605. 신설동역8번출구,202003,782
동대문구,606. 휘경공고앞,202003,735
동대문구,607. 신이문역 2번출구,202003,996
동대문구,608. 전농삼성아파트,202003,180
동대문구,609. 제기2교,202003,1552
동대문구,610. 동대문중 교차로,202003,508
동대문구,612. 시립동부병원 앞 사거리,202003,1227
동대문구,613. 신설동역 10번출구 앞,202003,1233
동대문구,614. 용두동 사거리,202003,1327
동대문구,615. 용두동 래미안허브리츠아파트 앞,202003,980
동대문구,616. 서울시립대 앞,202003,221
동대문구,617. 청솔우성아파트 앞,202003,711
동대문구,621. 동대문중학교 옆,202003,282
동대문구,622. 전농사거리 교통섬,202003,991
동대문구,623. 서울시립대 정문 앞,202003,1025
동대문구,624. 전농동 동아아파트 앞,202003,1135
동대문구,625. 답십리초등학교 앞(현대시장 옆),202003,1251
동대문구,626. 군자교 서측 녹지대,202003,1154
동대문구,627. 장안동삼거리 교통섬,202003,1450
동대문구,628. 휘봉고등학교 앞,202003,291
동대문구,630. 동대문구 보건소,202003,1085
동대문구,631. 답십리역 1번출구,202003,1573
동대문구,633. 청량리 기업은행 앞,202003,1468
동대문구,634. 외국어대 정문 앞,202003,2032
동대문구,635. 시조사 앞 (청량고정문 옆),202003,1197
동대문구,636. 세종대왕기념관 교차로,202003,592
동대문구,637. KAIST 경영대학 앞,202003,941
동대문구,638. 서울시립대 정보기술관,202003,241
동대문구,639. 서울시립대 후문,202003,526
동대문구,640. KEB하나은행 청량리역지점,202003,505
동대문구,641. 용두역 4번출구,202003,1800
동대문구,642. 신답역 사거리,202003,872
동대문구,643. 동대문구민체육센터 (육교아래),202003,1347
동대문구,646. 장한평역 1번출구 (국민은행앞),202003,2231
동대문구,647. 신이문역 1번출구,202003,729
동대문구,648. 장안동위더스빌옆,202003,1707
동대문구,650. 중랑교사거리,202003,2406
동대문구,651. 우리은행청량리지점앞,202003,709
동대문구,652. 답십리 래미안엘파인아파트 입구,202003,373
동대문구,654. 전농동 텃골공원,202003,384
동대문구,656. 영휘원 교차로,202003,617
동대문구,657. 동대문롯데캐슬아파트 앞,202003,775
동대문구,658. 촬영소 사거리,202003,603
동대문구,659. 제기역1번출구,202003,1257
동대문구,660. 동의보감타워,202003,978
동대문구,661. 경희대학교 청운관,202003,828
동대문구,663. 외대앞역 4번출구,202003,1134
동대문구,664. 서울시립대 대학본부,202003,176
동작구,2002. 노들역 1번출구,202003,4751
동작구,2003. 사육신공원앞,202003,1539
동작구,2007. 유한양행앞,202003,998
동작구,2008. 노량진근린공원 대방공원,202003,296
동작구,2009. 보라매역 8번출구,202003,584
동작구,2012. 녹십초요양병원앞,202003,348
동작구,2013. 장승배기역 5번출구,202003,1365
동작구,2015. 신대방삼거리역 6번출구쪽,202003,1356
동작구,2016. 신대방삼거리역 3번출구쪽,202003,1070
동작구,2020. 장승배기역2번출구뒷편쪽,202003,565
동작구,2024. 상도역 1번출구,202003,985
동작구,2025. 흑석역 1번출구,202003,3671
동작구,2026. 흑석역 4번출구,202003,390
동작구,2027. 중앙대학교 정문,202003,573
동작구,2032. 이수역 11번출구쪽,202003,1229
동작구,2033. 사당동 아르테스 웨딩앞,202003,691
동작구,2034. 사당역 7번출구쪽,202003,971
동작구,2036. 정금마을 마을버스정류장,202003,523
동작구,2037. 동작역 5번출구 동작주차공원,202003,1117
동작구,2038. 동작역 7번출구,202003,233
동작구,2040. 비계 버스정류소,202003,294
동작구,2041. 사당중학교 버스정류소,202003,189
동작구,2048. 삼일초등학교 인근,202003,347
동작구,2050. 노량진역 5번출구,202003,2022
동작구,2054. 삼익아파트,202003,802
동작구,2056. 동작구민 체육센터,202003,709
동작구,2057. 상도 아이파크 아파트,202003,358
동작구,2058. 노량진동 맥도널드앞,202003,1531
동작구,2059. 보라매공원 정문,202003,1040
동작구,2060. 남성역3번출구 뒤,202003,931
동작구,2061. 한강 현대아파트 건너편,202003,139
동작구,2062. 사당새마을금고,202003,193
동작구,2063. 대방역 4번출구,202003,1165
동작구,2064. 흑석한강푸르지오 106동앞,202003,224
동작구,2065. 서울시여성가족재단,202003,689
동작구,2066. 양문교회 앞,202003,719
동작구,2067. LG전자 베스트? 대리점 앞,202003,700
동작구,2068. 총신대 앞(육교),202003,104
동작구,2069. 숭실대 입구역3번 출구 앞,202003,616
동작구,2070. 노량진역 2번 출구 앞,202003,1378
동작구,2071. 대림아파트 후문 상가 옆,202003,109
동작구,237. 보라매 두산위브 건너편,202003,867
마포구,101. (구)합정동 주민센터,202003,646
마포구,102. 망원역 1번출구 앞,202003,2598
마포구,103. 망원역 2번출구 앞,202003,1861
마포구,104. 합정역 1번출구 앞,202003,1700
마포구,105. 합정역 5번출구 앞,202003,949
마포구,106. 합정역 7번출구 앞,202003,4332
마포구,107. 신한은행 서교동금융센터점 앞,202003,1795
마포구,108. 서교동 사거리,202003,1329
마포구,109. 제일빌딩 앞,202003,1584
마포구,111. 상수역 2번출구 앞,202003,1719
마포구,112. 극동방송국 앞,202003,1082
마포구,113. 홍대입구역 2번출구 앞,202003,4690
마포구,114. 홍대입구역 8번출구 앞,202003,2188
마포구,118. 광흥창역 2번출구 앞,202003,1268
마포구,119. 서강나루 공원,202003,1343
마포구,120. 신수동 사거리,202003,426
마포구,121. 마포소방서 앞,202003,739
마포구,122. 신성기사식당 앞,202003,840
마포구,124. 서강대 정문 건너편,202003,1148
마포구,125. 서강대 남문 옆,202003,545
마포구,126. 서강대 후문 옆,202003,1044
마포구,127. 현대벤처빌 앞,202003,287
마포구,129. 신촌역(2호선) 6번출구 옆,202003,933
마포구,130. 신촌역(2호선) 7번출구 앞,202003,1537
마포구,136. 대흥동 주민센터,202003,280
마포구,142. 아현역 4번출구 앞,202003,492
마포구,143. 공덕역 2번출구,202003,941
마포구,144. 공덕역 8번출구,202003,2856
마포구,145. 공덕역 5번출구,202003,944
마포구,146. 마포역 2번출구 뒤,202003,2261
마포구,147. 마포역 4번출구 뒤,202003,1947
마포구,148. 용강동 주민센터 앞,202003,1644
마포구,150. 서강대역 2번출구 앞,202003,1397
마포구,151. 망원1동주민센터,202003,1989
마포구,152. 마포구민체육센터 앞,202003,7456
마포구,153. 성산2교 사거리,202003,1481
마포구,154. 마포구청역,202003,1927
마포구,155. 가좌역1 번출구 뒤,202003,1175
마포구,156. 서울서부지방법원 앞,202003,711
마포구,157. 애오개역 4번출구 앞,202003,1015
마포구,1687. 서울월드컵경기장 테스트,202003,1
마포구,181. 망원초록길 입구,202003,762
마포구,182. 망원2빗물펌프장 앞,202003,2661
마포구,183. 하늘채코오롱아파트 건너편,202003,2442
마포구,184. SK망원동주유소 건너편,202003,1559
마포구,185. 마포 신수공원 앞,202003,1401
마포구,186. 월드컵공원,202003,3560
마포구,199. 서울 월드컵 경기장,202003,794
마포구,400. 상암한화오벨리스크 1차 앞,202003,669
마포구,401. 상암월드컵파크 10단지 앞,202003,696
마포구,402. 상암월드컵파크 9단지 앞,202003,813
마포구,403. 부엉이공원 앞,202003,639
마포구,405. DMC빌 앞,202003,600
마포구,406. 상암월드컵파크 7단지 앞,202003,512
마포구,407. 마포구 육아종합지원센터,202003,681
마포구,408. LG CNS앞,202003,714
마포구,409. 누리꿈스퀘어 옆,202003,1972
마포구,410. 상암중학교 옆,202003,348
마포구,411. DMC홍보관,202003,987
마포구,412. DMC산학협력연구센터 앞,202003,1358
마포구,413. 상암월드컵파크 3단지 후문,202003,546
마포구,414. 상암동주민센터 옆,202003,971
마포구,415. DMC역 9번출구 앞,202003,1562
마포구,416. 상암월드컵파크 1단지 교차로,202003,767
마포구,417. DMC역 2번출구 옆,202003,1549
마포구,418. 월드컵경기장역 3번출구 옆,202003,3078
마포구,419. 홈플러스 앞,202003,2667
마포구,420. 서울시 공공자전거 상암센터,202003,1346
마포구,421. 마포구청 앞,202003,2470
마포구,422. 문화비축기지,202003,258
마포구,424. 롯데하이마트 (상암월드컵점),202003,453
마포구,425. DMC첨단산업센터,202003,371
마포구,426. 서울신용보증재단,202003,1058
마포구,427. 성산시영아파트,202003,1019
마포구,432. 마포중앙도서관,202003,373
마포구,436. 이대역 5번출구,202003,363
마포구,437. 대흥역 1번출구,202003,925
마포구,438. 성산2-1 공영주차장,202003,1879
마포구,439. 마포어린이공원,202003,2006
마포구,440. 하늘공원 입구,202003,1230
서대문구,110. 사천교,202003,792
서대문구,115. 사루비아 빌딩 앞,202003,1062
서대문구,116. 일진아이윌아파트 옆,202003,1335
서대문구,117. 홍은사거리,202003,2966
서대문구,123. 문화촌 공원,202003,1779
서대문구,128. 신촌역(2호선) 1번출구 옆,202003,1437
서대문구,131. 증산2교,202003,2261
서대문구,133. 해담는다리,202003,1863
서대문구,134. 연세로 명물길,202003,757
서대문구,135. 명물길 원형무대 앞,202003,472
서대문구,137. NH농협 신촌지점 앞,202003,335
서대문구,138. 신촌동 제1공영주차장 앞,202003,510
서대문구,139. 연세대 정문 건너편,202003,498
서대문구,140. 이화여대 후문,202003,472
서대문구,141. 연대 대운동장 옆,202003,742
서대문구,158. 독립문 어린이 공원,202003,698
서대문구,159. 이대역 4번 출구,202003,238
서대문구,160. 북아현동 가구거리,202003,742
서대문구,161. 무악재역1번 출구,202003,390
서대문구,162. 봉원고가차도 밑,202003,730
서대문구,163. 명지전문대학교 정문 앞,202003,308
서대문구,164. 북가좌1동 주민센터,202003,577
서대문구,165. 중앙근린공원,202003,1217
서대문구,166. 가재울 초등학교,202003,2079
서대문구,167. 연가초등학교 옆,202003,536
서대문구,169. 북가좌 삼거리,202003,444
서대문구,170. 가재울 뉴타운 주유소 옆,202003,1119
서대문구,171. 임광빌딩 앞,202003,619
서대문구,173. 서대문역 8번출구 앞,202003,522
서대문구,175. 홍연2교옆,202003,2050
서대문구,176. 명지대학교 도서관,202003,1429
서대문구,177. 북가좌 초등학교,202003,487
서대문구,178. 증산3교 앞,202003,955
서대문구,179. 가좌역 4번출구 앞,202003,1240
서대문구,180. 충정로역 7번출구 아래,202003,861
서대문구,188. 홍은동 정원여중 입구,202003,1163
서대문구,191. 서우빌딩(바른학원),202003,625
서대문구,192. 연서어린이공원,202003,566
서대문구,194. 증산교 앞,202003,1504
서대문구,195. 모래내고가차도,202003,535
서대문구,196. 연희교차로 인근,202003,333
서대문구,198. 충정2교,202003,655
서대문구,3100. 북성초교,202003,260
서대문구,3101. 서대문구청,202003,1039
서대문구,3102. 연희삼거리,202003,984
서대문구,3103. 홍제삼거리 북측,202003,705
서대문구,3104. e편한세상 신촌4단지 앞,202003,547
서대문구,3105. 홍은센트레빌 아파트 앞,202003,309
서대문구,3106. 홍남교 두바퀴쉼터,202003,1742
서대문구,3107. 연희초등학교 앞,202003,417
서초구,2201. 본마을 정류소 앞,202003,228
서초구,2202.청계산입구역 1번출구,202003,777
서초구,2203. 청계산입구역 2번출구,202003,201
서초구,2205. 내곡3단지 어린이공원 앞,202003,441
서초구,2206. 언남초등학교 앞,202003,710
서초구,2207. 내곡파출소 뒤 정자,202003,104
서초구,2210. 반포1동 주민센터 앞,202003,380
서초구,2211. 서초구립반포도서관 앞,202003,499
서초구,2212.서초현대4차아파트 201동 맞은편,202003,371
서초구,2213. 고속터미널역 5번출구 앞,202003,1271
서초구,2214. 신반포역 2번출구 앞,202003,1825
서초구,2215. 반포종합운동장 입구,202003,846
서초구,2217.아크로리버뷰 부지 앞,202003,2981
서초구,"2219. 고속터미널역 8-1번, 8-2번 출구 사이",202003,6962
서초구,2220. 반포본동 주민센터 앞,202003,2729
서초구,2221.하나은행 방배동지점 앞,202003,896
서초구,2222.사당역 12번출구 뒤,202003,1333
서초구,2223. 방배래미안 정문 앞,202003,288
서초구,2225.백석예술대학교 제3캠퍼스 앞,202003,165
서초구,2226. 신동아럭스빌아파트 앞,202003,138
서초구,2227.방배열린문화센터 앞,202003,744
서초구,2228.뒷벌공원 옆,202003,1189
서초구,2229.로고스교회 맞은 편,202003,216
서초구,2230.이수역 4번 출구,202003,1375
서초구,2231. 삼성타운(삼성생명) A동 맞은편,202003,1372
서초구,2233. 서초신동아1차아파트 옆,202003,552
서초구,2235.KT 서초지사 앞,202003,340
서초구,2237.서울남부터미널 대합실 입구,202003,608
서초구,2239.교대역 6번출구,202003,384
서초구,2241.양재전화국 사거리,202003,268
서초구,2242.양재역 11번 출구 앞,202003,856
서초구,2243.서울가정법원,202003,595
서초구,2244.교육개발원입구 교차로,202003,1019
서초구,2245.양재초등학교 맞은편,202003,445
서초구,2246. 서울시 품질시험소 앞,202003,566
서초구,2247.섬들근린공원,202003,1274
서초구,2248. 서초리슈빌S 글로벌 앞,202003,367
서초구,2249. 우솔초등학교 맞은편,202003,288
서초구,2250. 서초유치원 맞은편,202003,631
서초구,2251. 더케이호텔 입구(양재2),202003,740
서초구,2252. 하이브랜드 앞,202003,1114
서초구,2255.시민의숲역 1번출구 옆,202003,1624
서초구,2256.양재동 꽃시장 입구,202003,542
서초구,2257. 하나로클럽 양재점 맞은편,202003,184
서초구,2258.구룡사 삼거리,202003,232
서초구,2259. 잠원역 3번-4번 출구사이,202003,845
서초구,2262. 한신16차아파트 119동 앞,202003,4185
서초구,2263. 바우뫼문화복지회관,202003,522
서초구,2264. 이수역 1번출구,202003,1490
서초구,2265. 이수고가차도 남단,202003,1444
서초구,2266. 서초역 3번출구,202003,668
서초구,2268. 서초4동주민센터,202003,510
서초구,2269. 주홍교 하부,202003,286
서초구,2270. 서초포레스타 7단지,202003,356
서초구,2271. 내방역 8번출구 앞,202003,628
서초구,2272. 교대입구 교차로,202003,186
서초구,2273. 일동제약 사거리,202003,719
서초구,2274. 양재시민의숲역 3번출구,202003,1196
서초구,2275. 염곡치안센터 건너편,202003,61
서초구,2276. 영동1교 (양재천근린공원),202003,996
서초구,2277. 길마중4교 하부,202003,853
서초구,2279. 교대역 5번출구뒤,202003,932
서초구,2280. 서울서초고용센터앞,202003,379
서초구,2281. 연세사랑병원신관앞,202003,248
서초구,2282. 방배래미안아트힐 101동앞,202003,183
서초구,2283. 그룹한빌딩옆,202003,190
서초구,2284. CJ오쇼핑앞,202003,122
서초구,2285. LH서초3단지 301동 맞은편,202003,581
서초구,2286. 탑성마을입구,202003,58
서초구,2287. 능안마을입구,202003,20
서초구,2288. 안골마을입구,202003,27
서초구,2289. 남태령역 2번출구,202003,119
서초구,2290. 서래마을파리15구공원앞,202003,805
서초구,2292. 무지개아파트 앞,202003,308
서초구,2293. SPC 앞,202003,484
서초구,2294. 두상빌딩 앞,202003,991
서초구,2297. 남부터미널역 1번출구,202003,536
서초구,2298. 래미안서초스위트앞,202003,247
서초구,2299. 한전아트센터 앞,202003,538
서초구,2501. 서초 포레스타5단지,202003,712
서초구,2502. 서초역1번출구 앞,202003,380
서초구,2503. 반포1동 서초빌딩 앞,202003,636
서초구,2504. 신사역 4번출구 뒤,202003,714
서초구,2505. 우성아파트사거리 (기업은행앞),202003,812
서초구,2506. LG유플러스 (방배사옥),202003,201
서초구,2508. 양재이스타빌 앞,202003,897
서초구,2509. KT반포지사,202003,485
서초구,2510. JW타워,202003,167
서초구,2511. 이수역 6번출구 앞,202003,705
서초구,2514.사평역 2번출구,202003,1
서초구,2515.서초초등학교 후문,202003,1
서초구,2516.본마을 노인복지센터 앞,202003,1
서초구,2517.서초3교(효령로69길 방면),202003,1
서초구,2518.서초3교(효령로70길 방면),202003,1
서초구,2519.서초2교(사임당로 방면),202003,1
서초구,2520.서초1교 (진흥아파트 방면),202003,1
서초구,2521.서초 크로바타워 앞,202003,1
서초구,2523.뉴코아 킴스클럽 앞,202003,1
서초구,2524.반포쇼핑타운 8동 앞,202003,1
서초구,2526.반포경남쇼핑 앞,202003,1
서초구,2527.반포중학교 앞(세화여고 맞은편),202003,1
서초구,2528.함지박 사거리,202003,1
서초구,2529.우리은행 방배동지점 앞,202003,1
서초구,2530.삼호3차아파트 앞,202003,1
서초구,2531.멤피스아파트 앞,202003,1
서초구,2532.국립국악원 앞,202003,1
서초구,2533.한가람미술관 앞,202003,1
서초구,2534.신흥교(애견훈련소),202003,1
서초구,2535.신반포역 3번출구 뒤,202003,1
서초구,2536.서초종합체육관 입구,202003,1
서초구,2537.양재역 8번출구 앞,202003,1
서초구,2538.사평리 공원,202003,1
서초구,2540.반포천 앞,202003,1
서초구,2541.옛골 입구,202003,0
서초구,2542.신논현타워 앞,202003,1
서초구,2543.경문고교 사거리,202003,1
서초구,2545.국립중앙도서관(국제회의장옆),202003,1
서초구,2546.한신18차아파트,202003,1
성동구,3511. 응봉역 1번출구,202003,4012
성동구,3513. 상왕십리역 1번출구,202003,1052
성동구,3514. 왕십리교회옆,202003,1402
성동구,3515. 서울숲 관리사무소,202003,4447
성동구,3519. 용답역 1번 출구,202003,2877
성동구,3525. 금호스포츠센터앞,202003,1482
성동구,3527. 왕십리 자이아파트,202003,15
성동구,3530. 왕십리자이아파트 후문(삼거리),202003,316
성동구,3531. 논골사거리(금호도서관 입구),202003,174
성동구,3532. 왕십리KCC스위첸아파트,202003,75
성동구,3538. 서울숲 IT캐슬,202003,861
성동구,506. 금호 어울림 아파트 앞,202003,408
성동구,507. 성수아이에스비즈타워 앞,202003,1022
성동구,508. 성수아카데미타워 앞,202003,1128
성동구,509. 이마트 버스정류소 옆,202003,2295
성동구,510. 서울숲 남문 버스정류소 옆,202003,2186
성동구,511. 서울숲역 4번 출구 옆,202003,2275
성동구,512. 뚝섬역 1번 출구 옆,202003,3143
성동구,513. 뚝섬역 5번 출구 정류소 옆,202003,2223
성동구,514. 성수사거리 버스정류장 앞,202003,1562
성동구,518. 청계천 박물관 앞,202003,824
성동구,519. 양지사거리,202003,779
성동구,520. 상왕십리역 4번 출구 앞,202003,662
성동구,521. 왕십리역 11번 출구 앞,202003,1402
성동구,522. 금호역 1번출구 앞,202003,223
성동구,523. 옥수동성당 옆,202003,93
성동구,524. 래미안금호하이리버 아파트 102동 옆,202003,381
성동구,525. 한양대병원사거리,202003,3122
성동구,526. 용답토속공원 앞,202003,911
성동구,529. 장한평역 8번 출구 앞,202003,1085
성동구,530. 청계벽산아파트 앞,202003,1374
성동구,533. 우리은행 금호동 지점 앞,202003,345
성동구,534. 금호사거리,202003,282
성동구,535. 응봉삼거리,202003,549
성동구,536. 행당역 2번출구 앞,202003,818
성동구,537. 한양대후문역 부근,202003,1338
성동구,538. 답십리역 8번출구 앞,202003,565
성동구,550. 서울시설공단 앞,202003,880
성동구,556. 달맞이공원,202003,304
성동구,557. 도선동 주민센터 앞,202003,796
성동구,558. 성동광진 교육지원청 앞,202003,1120
성동구,559. 왕십리역 4번 출구 건너편,202003,1785
성동구,560. 비전교회 앞,202003,1107
성동구,561. 서울숲역 2번출구 앞,202003,1593
성동구,562. 군자지하보도 앞,202003,865
성동구,563. 성동세무서 건너편,202003,1380
성동구,564. 금호역 3번출구,202003,140
성동구,565. 옥수역 3번출구,202003,5063
성동구,567. 성수역 2번출구 앞,202003,2157
성동구,568. 청계8가사거리 부근,202003,2369
성동구,569. 응봉현대아파트 정류소,202003,232
성동구,578. 성동세무서 부근,202003,1198
성동구,579. 마장역 4번출구,202003,1146
성동구,580. 신금호역 3번출구 뒤,202003,74
성동구,581. 용답초등학교,202003,442
성동구,582. 경일중학교 앞,202003,1117
성동구,583. 청계천 생태교실 앞,202003,5333
성동구,585. 성수2가1동 공영주차장 인근,202003,1964
성동구,586. 마장동 주민센터,202003,655
성동구,587. 유니베라 앞,202003,1018
성동구,589. 성수역3번출구,202003,2420
성동구,594. 중랑물재생센터(서울새활용플라자),202003,396
성북구,1302. 한성대입구역6번출구 뒤,202003,540
성북구,1303. 돈암초교 입구,202003,917
성북구,1304. 만해공원,202003,282
성북구,1305. 성북구청,202003,738
성북구,1306. 한성대입구역2번출구,202003,1489
성북구,1308. 안암로터리 버스정류장 앞,202003,3761
성북구,1314. 정릉꿈에그린1단지 201동 앞,202003,425
성북구,1315. 고려사대부속중고 정문,202003,383
성북구,1316. 고려사대부속중고 건너편,202003,225
성북구,1318. 길음역 3번출구 뒤,202003,731
성북구,1319. 종암사거리 분수대,202003,1991
성북구,1320. LG베스트샵 종암점,202003,1171
성북구,1321. 국민은행 종암동지점 앞,202003,1575
성북구,1322. 래미안라센트아파트 103동 앞,202003,774
성북구,1323. 월곡역 입구 육교 밑,202003,670
성북구,1325. 상월곡역 4번출구,202003,409
성북구,1326. 상월곡역 1번출구,202003,575
성북구,1327. 상월곡역 3번출구,202003,763
성북구,1328. 월곡역 3번출구,202003,1756
성북구,1332. 석계역 5번출구 건너편,202003,1701
성북구,1333. 석관초등학교 앞,202003,1081
성북구,1334. 석관동주민센터 앞,202003,721
성북구,1336. 성북3교 위,202003,1455
성북구,1337. 돈암성당 옆,202003,2459
성북구,1338. 용문2교 옆,202003,766
성북구,1339. 삼성전자서비스 성북센터,202003,865
성북구,1340. 광운초등학교 앞,202003,951
성북구,1342. 성북쉼터 앞,202003,220
성북구,1343. 한성대7번출구 앞,202003,512
성북구,1344. 아리랑시네센터 앞,202003,519
성북구,1346. 길음8골어린이공원 옆,202003,665
성북구,1347. 길음래미안아파트817동 상가 앞,202003,338
성북구,1348. 성북제일새마을금고 본점 앞,202003,370
성북구,1349. 월계2교 버스정류장 앞,202003,483
성북구,1351. 안암2교 옆,202003,1540
성북구,1352. e 편한세상 보문아파트 내,202003,257
성북구,1353. 금호어울림센터힐 내,202003,280
성북구,1354. 고려대학교 2번출구,202003,1278
성북구,1355. 보문2교,202003,2150
성북구,1357. 북한산보국문역,202003,463
성북구,1358. 정릉도서관 앞,202003,440
성북구,1359. 장위뉴타운 꿈에 숲 코오롱 하늘채 앞,202003,622
성북구,1360. 정릉역,202003,651
성북구,1361. 홍익중고 입구,202003,716
성북구,1362. 보문역6번출구 앞,202003,966
성북구,1363. 보문4교 인근,202003,1471
성북구,1364. 성북동 치안센터 앞,202003,443
성북구,1365. 선잠단지 앞,202003,217
성북구,1366. 일신초등학교 옆,202003,238
성북구,1367. 길음문화복합미디어센터,202003,308
성북구,1368. 성신여대입구 교차로,202003,886
성북구,1369. 미아사거리,202003,1017
성북구,1370. 복자사랑 피정의 집,202003,410
성북구,1372. KEB은행 고대점,202003,1608
성북구,1373. 성북구보건소 건너편,202003,706
성북구,1375. 생명의 전화 종합복지관 앞 교차로,202003,1118
성북구,1376. 한국과학기술연구원 중문,202003,210
성북구,1377. 한국과학기술연구원 북문,202003,207
송파구,1201. 가락시장역 3번 출구,202003,1829
송파구,1203. 밀리아나2빌딩 앞,202003,1996
송파구,1204. 거여역 3번출구,202003,1101
송파구,1205. 종합운동장역 4번출구,202003,1114
송파구,1206. 9호선종합운동장역 9번출구,202003,1488
송파구,1207. 마천CU우방점 앞,202003,666
송파구,1208. 풍납현대아파트쉼터,202003,1746
송파구,1209. 잠실나루역 (2번 출구 쪽),202003,3950
송파구,1210. 롯데월드타워(잠실역2번출구 쪽),202003,4872
송파구,1211. 방이삼거리,202003,2558
송파구,1212. 송파역 2번 출구앞,202003,1059
송파구,1213. 백토공원 앞,202003,971
송파구,1214. 오금역 7번 출구 인근,202003,956
송파구,1215. 올림픽공원역 1번출구 앞,202003,1090
송파구,1217. 송파파인타운 7단지,202003,653
송파구,1218. 방이역 4번출구,202003,1787
송파구,1220. 잠실본동주민센터뒤 잠실근린공원,202003,1509
송파구,1221. 삼전사거리 포스코더샵,202003,1325
송파구,1222. 잠실새내역 5번 출구 뒤,202003,4450
송파구,1224. 아시아지하보도 2번 출구,202003,1398
송파구,1226. 잠실4동 주민센터 옆,202003,1271
송파구,1227. 거여역 8번출구 뒤,202003,1054
송파구,1228. 마천사거리,202003,1060
송파구,1229. 송파체육문화회관 앞,202003,591
송파구,1230. 송파중학교 정문,202003,805
송파구,1231. 잠실역 6번출구,202003,2443
송파구,1232. 롯데마트 주차장 옆,202003,1176
송파구,1233. 잠실3거리(갤러리아팰리스),202003,776
송파구,1235. 잠실트리지움310동 옆,202003,1530
송파구,1239. 문정 법조단지3,202003,481
송파구,1240. 문정 법조단지4,202003,382
송파구,1241. 문정 법조단지5,202003,462
송파구,1242. 문정 법조단지6,202003,132
송파구,1243. 문정 법조단지7,202003,2174
송파구,1244. 문정 법조단지8,202003,1427
송파구,1245. 문정 법조단지9,202003,1199
송파구,1246. 문정 법조단지10,202003,1246
송파구,1247. 문정 법조단지11,202003,868
송파구,1248. 방이초등학교,202003,1328
송파구,1249. 아주중학교건너편,202003,763
송파구,1250.문정2동 주민센터,202003,470
송파구,1251. 석촌역 2번출구,202003,2894
송파구,1253. 오금역 3번 출구 뒤,202003,733
송파구,1256. 문정현대아파트 교차로,202003,641
송파구,1257. 가락시장역 롯데마트앞,202003,1175
송파구,1258. 가락미륭아파트 앞,202003,332
송파구,1259. 방이역 1번출구,202003,1321
송파구,1260. 방이동 한양3차아파트 옆,202003,1239
송파구,1262. 송파여성문화회관 앞,202003,1236
송파구,1263. 장지공영차고지,202003,212
송파구,1264. 천호역 10번 출구 앞,202003,1894
송파구,1265. 문정동 근린공원,202003,1512
송파구,1266. 문정동 글샘 공원,202003,387
송파구,1267. 올림픽공원 남2문 앞,202003,1203
송파구,1268. 몽촌토성역 1번출구 옆,202003,3565
송파구,1269. 리센츠아파트,202003,1188
송파구,1271. 송파도서관,202003,734
송파구,1274. 영파여고 앞,202003,842
송파구,1275. 거여초등학교 옆,202003,408
송파구,1277. 오금동 송파 참병원,202003,1192
송파구,1278. 송파구청 교차로,202003,1798
송파구,1279. 마천금호어울림 1차아파트 건너편,202003,449
송파구,1280. 송파파크데일 2단지입구 앞 주차장,202003,515
송파구,1282. 송파소방서 맞은편(성내4교),202003,1176
송파구,1283. 오금공원 사거리,202003,307
송파구,1285. 위례별 유치원 뒤,202003,596
송파구,1286. 위례중앙푸르지오 1단지 앞,202003,1064
송파구,1287. 위례아이파크 101동 맞은편,202003,412
송파구,1288. 문정중교 사거리,202003,1125
송파구,1289. 풍납동 자전거보관소,202003,602
송파구,1290. 위례송파꿈에그린아파트24단지 앞 성벽 다리 밑,202003,702
송파구,1291. 서울체육고등학교 앞,202003,774
송파구,1293. 석촌호교차로 (스타벅스 앞),202003,1735
송파구,1295. 잠실역 8번출구,202003,4056
송파구,1296. 석촌호수교차로 (송파나루근린공원 앞),202003,769
송파구,1297. 석촌호수교차로(동호 팔각정 앞),202003,1680
송파구,1299. 송파소방서 (방이119안전센터),202003,236
송파구,1300. 오륜사거리,202003,574
송파구,2601. 석촌호수 서호사거리,202003,1502
송파구,2603. 송파 글마루 도서관,202003,593
송파구,2604. 삼표레미콘 앞,202003,761
송파구,2605. 복정역 1번 출구 앞,202003,348
송파구,2606. 위례동주민센터 맞은편 근린공원,202003,805
송파구,2607. 복정역 2번출구 후문 (장지치안센터),202003,639
송파구,2608. 송파구청,202003,1122
송파구,2609. 보성중고등학교 후문 앞,202003,328
송파구,2610. 여흥레이크빌 앞 (석촌호수 까페거리),202003,1049
송파구,2611. 송파지역자활센터 뒤,202003,1156
송파구,2612. 문정·가락 대여소 앞,202003,95
송파구,2613. 잠실나들목,202003,3940
송파구,2614. 가락고등학교 앞,202003,1206
송파구,2615. 테라타워2,202003,1555
송파구,2616. 거여동 사거리,202003,382
송파구,2617. 가락삼환아파트 앞,202003,1088
송파구,2618. 삼전역 1번출구,202003,1045
송파구,2619. 석촌고분역 4번출구,202003,2322
송파구,2620. 송파나루역 4번 출구옆,202003,2397
송파구,2621. 한성백제역 2번 출구,202003,3185
송파구,2622. 올림픽공원역 3번출구,202003,4628
송파구,2623.석촌동 주민센터,202003,1
송파구,2625.가락1동 주민센터,202003,1
송파구,"2626.경찰병원역 1,2번 출구 사이",202003,1
송파구,2627.문정시영아파트 5동 앞 공원,202003,1
송파구,2628.문정역 1번출구,202003,1
송파구,2629.문정동 힐스데이트 에코 송파,202003,1
송파구,2630.서울방이동 고분군,202003,1
송파구,2631.배명고등학교,202003,1
송파구,2632.석촌고분역 2번 출구,202003,1
송파구,2633.송파학사 옆,202003,1
송파구,2634.위례포레샤인아파트 2318동,202003,1
송파구,2635.잠실새내역 1번출구,202003,2
송파구,2639.석촌역 8번출구,202003,1
송파구,2640.서울아산병원,202003,1
송파구,2641.송파역 4번출구,202003,1
송파구,2642.마천동 성내천 쉼터,202003,1
송파구,2643.풍납중학교 측면,202003,1
송파구,2644.성내5교 (GS주유소),202003,1
송파구,2645.잠실나들목2(엘스아파트136동),202003,1
송파구,2646.레이클펠리스101동앞,202003,1
송파구,2647.잠실 자전거 수리센터 앞,202003,1
송파구,2648.헬리오시티 112동 앞,202003,1
송파구,2649.오금공원사거리2,202003,1
송파구,2650.위례22단지 2208동 다리앞,202003,1
송파구,2651.경찰병원역 3번출구 앞,202003,1
송파구,2652.송파 레미니스1단지 102동 앞,202003,1
송파구,2653.올림픽공원사거리(선수촌아파트),202003,1
송파구,2655.송이공원,202003,1
양천구,700. KB국민은행 염창역 지점 앞,202003,1788
양천구,701. 목동사거리 부근,202003,528
양천구,702. 목4동주민센터 옆,202003,707
양천구,703. 오목교역 7번출구 앞,202003,2484
양천구,704. 남부법원검찰청 교차로,202003,2052
양천구,706. 신정네거리역,202003,1006
양천구,707. 신정3동주민센터,202003,428
양천구,708. 서울출입국관리사무소 앞,202003,2016
양천구,709. 신정3동 현장민원실 앞,202003,395
양천구,710. 서부화물트럭터미널 사거리,202003,327
양천구,711. 신일해피트리아파트 앞,202003,366
양천구,712. 강월초교입구 사거리,202003,556
양천구,713. 양서중학교 옆,202003,451
양천구,714. 한국SGI 양천문화회관 앞,202003,469
양천구,716.신정6동 주민센터 인근,202003,1853
양천구,719. 홍익병원앞 교차로,202003,849
양천구,720. 서울강월초등학교 앞,202003,313
양천구,722. LG전자베스트샵 신정점,202003,1219
양천구,723. SBS방송국,202003,1872
양천구,724. 계남공원 입구 주출입구 좌측,202003,160
양천구,725. 양강중학교앞 교차로,202003,320
양천구,726. 목동3단지 시내버스정류장,202003,1150
양천구,729. 서부식자재마트 건너편,202003,1288
양천구,731. 서울시 도로환경관리센터,202003,1531
양천구,732. 신월동 이마트,202003,549
양천구,733. 신정이펜하우스314동,202003,475
양천구,734. 신트리공원 입구,202003,856
양천구,735. 영도초등학교,202003,1144
양천구,736. 오솔길공원,202003,742
양천구,737. 장수공원,202003,547
양천구,739. 신월사거리,202003,634
양천구,740. 으뜸공원,202003,541
양천구,741. 화곡로 입구 교차로,202003,218
양천구,742. 등촌역 5번 출구 뒤,202003,517
양천구,743. 현대6차아파트 101동 옆,202003,397
양천구,744. 신목동역 2번 출구,202003,866
양천구,745. 강서초등학교,202003,452
양천구,746. 목동2단지 상가,202003,1170
양천구,747. 목동3단지 상가,202003,560
양천구,748. 목동운동장,202003,160
양천구,749. 이대 목동병원 앞,202003,1192
양천구,750. 연의근린공원 건너편,202003,561
양천구,752. 성원2차 아파트,202003,544
양천구,754. 목동1단지아파트 118동 앞 (월촌초등학교 정류소 옆),202003,655
양천구,755. 목동1단지아파트 상가 앞 (월촌중학교 버스정류소 옆),202003,1053
양천구,756. 목동주차장,202003,1017
양천구,757. 신정이펜하우스 1단지아파트 입구 사거리,202003,382
양천구,758. 한사랑교회 앞,202003,878
양천구,759. 보아스아파트 앞,202003,418
양천구,760. 잣절보도육교 아래,202003,254
양천구,762. 오목로 무중력지대 앞,202003,1279
양천구,763. 목동11단지 아파트,202003,475
양천구,764. 목동청소년수련관,202003,1291
양천구,765. 오목교역 3번출구,202003,2440
양천구,766. 신목동역 3번출구,202003,2030
영등포구,200. 국회의원회관,202003,541
영등포구,201. 진미파라곤 앞,202003,1542
영등포구,202. 국민일보 앞,202003,3462
영등포구,203. 국회의사당역 3번출구 옆,202003,1397
영등포구,204. 국회의사당역 5번출구 옆,202003,1142
영등포구,205. 산업은행 앞,202003,1621
영등포구,206. KBS 앞,202003,2155
영등포구,207. 여의나루역 1번출구 앞,202003,15080
영등포구,209. 유진투자증권빌딩 앞,202003,969
영등포구,210. IFC몰,202003,4005
영등포구,211. 여의도역 4번출구 옆,202003,2047
영등포구,212. 여의도역 1번출구 옆,202003,1876
영등포구,213. KT앞,202003,1384
영등포구,214. 금융감독원 앞,202003,1042
영등포구,215. 여의도고교 앞,202003,1480
영등포구,216. 삼부아파트1동 앞,202003,1177
영등포구,217. NH농협은행 앞,202003,367
영등포구,218. 증권거래소 앞,202003,1098
영등포구,219. 롯데캐슬엠파이어 옆,202003,885
영등포구,220. 미성아파트 A동 앞,202003,1115
영등포구,221. 여의도초교 앞,202003,2037
영등포구,222. 시범아파트버스정류장 옆,202003,2422
영등포구,223. 진주아파트상가 앞,202003,934
영등포구,224. 롯데캐슬 앞,202003,1398
영등포구,225. 앙카라공원 앞,202003,1014
영등포구,226. 샛강역 1번출구 앞,202003,1453
영등포구,227. 양평2나들목 보행통로 입구,202003,2151
영등포구,228. 선유도역 3번출구 앞,202003,3057
영등포구,229. 양평1 보행육교 앞,202003,1762
영등포구,230. 영등포구청역 1번출구,202003,2635
영등포구,231. 남부고용노동지청 남측,202003,712
영등포구,232. 양평우림 이비즈센타 앞,202003,2653
영등포구,233. YP 센터 앞,202003,338
영등포구,234. 영등포구민체육센터 앞,202003,572
영등포구,235. 신길동 우리은행 옆,202003,601
영등포구,236. 문래동자이아파트 앞,202003,1074
영등포구,238. 제2구민체육센타 앞,202003,1142
영등포구,239. 유스호스텔 앞,202003,991
영등포구,240. 문래역 4번출구 앞,202003,1331
영등포구,241. 신길우성1차아파트 앞 공원,202003,750
영등포구,242. 신길선원가와인아파트 앞,202003,599
영등포구,243. 이앤씨드림타워 앞,202003,1467
영등포구,244. 영등포삼환아파트 앞,202003,1176
영등포구,245. 삼성생명 당산사옥 앞,202003,1442
영등포구,247. 당산역 10번출구 앞,202003,3707
영등포구,248. 초원아파트 앞,202003,3344
영등포구,249. 여의도중학교 옆,202003,3703
영등포구,250. 대림아파트 사거리,202003,599
영등포구,251. 서울지방병무청 버스정류장,202003,898
영등포구,252. 보라매역4번출구,202003,933
영등포구,253. 신풍역 5번출구 인근,202003,914
영등포구,254. 도림신협 앞,202003,684
영등포구,255. 도림4거리,202003,766
영등포구,256. 동아에코빌입구,202003,811
영등포구,257. 신길삼거리(우리은행),202003,2003
영등포구,258. 신길역3번출구,202003,962
영등포구,259. 대방역6번출구,202003,2132
영등포구,260. 여의도 마리나선착장 앞,202003,837
영등포구,262. 영문초등학교 사거리,202003,1909
영등포구,263. 근로자회관 사거리,202003,1679
영등포구,264. 교보생명보험 앞,202003,1039
영등포구,265. 영등포유통상가 사거리,202003,786
영등포구,266. 영등포청과시장 사거리,202003,530
영등포구,267. 삼성화재 사옥 옆,202003,1346
영등포구,268. 그랜드컨벤션센터 앞,202003,1228
영등포구,270. 증권거래소후문교차로,202003,670
영등포구,271. 샛강생태공원방문자센터 앞,202003,540
영등포구,272. 당산육갑문,202003,5436
영등포구,274. 영등포역지하쇼핑센타 5번출구,202003,2645
영등포구,275. 신동아아파트,202003,1949
영등포구,276. SK 영등포주유소,202003,1366
영등포구,277. 영등포뉴타운지하상가 2번게이트,202003,1141
영등포구,278. 쌍용플레티넘오피스텔,202003,1362
영등포구,279. 영등포 푸르지오 아파트,202003,1008
영등포구,280. 양평동6차현대아파트 앞,202003,1208
영등포구,281. 신동아아파트 앞,202003,619
영등포구,282. 신한은행,202003,259
영등포구,283. 아크로타워 스퀘어(영등포시장),202003,1844
영등포구,284. 센트럴 푸르지오 시티 앞,202003,2283
영등포구,285. 대림3동사거리(하나은행),202003,337
영등포구,286. 우성아파트 교차로,202003,581
영등포구,287. 영등포전화국사거리 (서강어린이공원),202003,1335
영등포구,288. 쌍용예가(구청별관),202003,483
영등포구,289. 대림3동사거리,202003,496
영등포구,290. 당산동 SK V1 빌딩,202003,1118
영등포구,291. 문래동 하이테크 시티,202003,1396
영등포구,292. 영일 어린이공원,202003,401
영등포구,293. 충북 미래관,202003,1884
영등포구,296.KT플라자 영등포점,202003,1
영등포구,297.국회3문,202003,1
영등포구,298.KBS 연구동 건너편,202003,1
영등포구,299.여의도 순복음교회,202003,1
영등포구,3201.당산skv1센터,202003,1
영등포구,3202.당산롯데캐슬프레스티지,202003,1
영등포구,3203.도림동배드민턴체육관,202003,1
영등포구,3205.문래중학교,202003,1
영등포구,3206.문래동 주민센터,202003,1
영등포구,3207.양남사거리 교통섬,202003,1
영등포구,3208.양평역 2번출구,202003,1
영등포구,3211.신길 래미안 프레비뉴,202003,1
영등포구,3212.신풍역 6번출구,202003,1
영등포구,3214.영등포 푸르지오,202003,1
영등포구,3215.강변삼성래미안,202003,1
영등포구,3218.여의도 미원빌딩,202003,1
영등포구,3220.래미안에스티움 앞 (신풍로),202003,1
영등포구,3221.서울특별시 남부교육지원청,202003,1
용산구,800. 목월공원 앞,202003,1100
용산구,802. 한강진역 2번 출구 앞,202003,555
용산구,803. 한남초교 앞 보도육교,202003,402
용산구,805. 문배어린이공원 앞,202003,866
용산구,806. 전자랜드 본관 앞,202003,675
용산구,807. 서울역 12번 출구 앞,202003,657
용산구,808. 서빙고동 금호맨션 앞,202003,439
용산구,809. 한남 유수지 복개주차장,202003,1015
용산구,810. 이태원지하보도,202003,541
용산구,811. 녹사평역1번출구,202003,610
용산구,812. 용산전쟁기념관,202003,382
용산구,813. 삼각지역 3번출구,202003,819
용산구,815. LIG강촌아파트 103동앞,202003,1382
용산구,816. 신용산역 6번출구 앞,202003,2174
용산구,817. 삼각지역 4번출구 앞,202003,546
용산구,818. 숙명여대 입구 교차로,202003,866
용산구,819. 선린인터넷 고등학교,202003,653
용산구,820. 청파동입구 교차로,202003,571
용산구,822. 이촌1동 마을공원,202003,363
용산구,823. 효창동주민센터 앞,202003,215
용산구,825. 서빙고동 주민센터 앞,202003,3250
용산구,827. 국군복지단,202003,141
용산구,828. 숙대입구역 8번,202003,570
용산구,829. 베르가모앞,202003,3076
용산구,830. 청암자이아파트앞,202003,550
용산구,831. 이태원관광특구입구,202003,496
용산구,832. 이촌1동 주민센터 뒤,202003,2392
용산구,834. 효창공원앞역 3번출구 뒤,202003,1239
용산구,835. 남영역 건너편,202003,651
용산구,836. 현대자동차서비스 앞,202003,1301
용산구,837. 한남나들목 입구,202003,2060
용산구,838. 숙대입구역 4번출구,202003,784
용산구,839. 보광동 삼성리버빌아파트 앞,202003,1029
용산구,840. 용산 파크타워 앞,202003,481
용산구,841. 신용산역 1번 출구,202003,1555
용산구,843. 녹사평역 광장,202003,1081
용산구,844. 이촌2동 동원베네스트 아파트 앞,202003,753
용산구,845. 용산 선인상가,202003,569
용산구,846. 용산중학교,202003,624
은평구,900. 은평예술회관,202003,666
은평구,901. 응암1동사무소,202003,775
은평구,902. 진관동 은빛초등학교,202003,278
은평구,903. 은평뉴타운 아이파크,202003,553
은평구,904. 은평뉴타운 푸르지오,202003,564
은평구,905. 구파발역 2번출구,202003,1271
은평구,906. 연신내역 5번출구150M 아래,202003,1873
은평구,907. CJ 드림시티,202003,5209
은평구,908. 구산역 4번출구,202003,719
은평구,909. 백련산 힐스테이트 3차,202003,334
은평구,911. 은평평화공원(역촌역4번출구),202003,1475
은평구,912. 응암오거리,202003,1705
은평구,913. 이마트 은평점,202003,2005
은평구,914. 새절역 2번출구,202003,3385
은평구,915. 증산역 4번출구,202003,1321
은평구,916. 평생학습관 앞,202003,710
은평구,917. 녹번역 4번출구,202003,814
은평구,919. 서울혁신파크,202003,629
은평구,921. 신도고등학교,202003,481
은평구,922. 연신내역 4번출구,202003,371
은평구,923. 국민은행 연서지점,202003,480
은평구,924. 메뚜기다리,202003,253
은평구,925. 불광역 2번출구,202003,369
은평구,926. 불광역 8번출구,202003,973
은평구,927. 연신내역 3번출구 인근,202003,322
은평구,928. 은평역사한옥박물관,202003,357
은평구,930. 구 서부경찰서 건너편,202003,490
은평구,931. 역촌파출소,202003,1967
은평구,932. 예일여중,202003,561
은평구,933. LG서비스 역촌점,202003,1138
은평구,934. 신사동 성당,202003,724
은평구,937. 상림마을 롯데캐슬2단지 옆,202003,120
은평구,938. 금암 문화공원,202003,219
은평구,939. 은평구청 교차로,202003,474
은평구,941. 은평뉴타운 도서관,202003,474
은평구,942. 상림마을 생태공원,202003,221
은평구,943. 은평구청 보건소,202003,880
은평구,945. 기자촌 사거리,202003,437
은평구,946. 독바위역,202003,427
은평구,947. 연신내 선일하이츠빌 정류소,202003,600
은평구,948. 디지털미디어 시티역 4번출구,202003,455
은평구,949. 연신내역 1번 출구,202003,463
은평구,950. 구산역 2번 출구,202003,1075
은평구,951. 연신내역 6번출구옆,202003,921
은평구,952. 서울연신중학교,202003,270
은평구,953. 서울연신초등학교,202003,394
은평구,954. 은평뉴타운구파발9단지,202003,420
은평구,956. 응암시장교차로,202003,1716
은평구,958. 신한은행 응암동 지점 앞,202003,700
은평구,959. 구파발10단지 인근,202003,326
은평구,960. 구파발역 환승센터,202003,338
은평구,961. 불광역 9번 출구,202003,558
은평구,962. 은평뉴타운 힐데스하임,202003,567
은평구,963. 대호프라자아파트,202003,620
은평구,964. 북한산힐스테이트 7차아파트,202003,324
은평구,965. 서울특별시 은평병원,202003,371
은평구,966. 서울혁신파크1,202003,145
은평구,967. 서울혁신파크2,202003,276
은평구,968. 은평뉴타운 상림마을 13단지,202003,121
은평구,969. 은평 지웰테라스,202003,171
은평구,971. 역촌 센트레빌 아파트,202003,287
은평구,972. 수색역,202003,547
종로구,301. 경복궁역 7번출구 앞,202003,971
종로구,302. 경복궁역 4번출구 뒤,202003,1530
종로구,303. 광화문역 1번출구 앞,202003,915
종로구,304. 광화문역 2번출구 앞,202003,644
종로구,305. 종로구청 옆,202003,1192
종로구,306. 광화문역 7번출구 앞,202003,952
종로구,307. 서울역사박물관 앞,202003,671
종로구,308. 광화문 S타워 앞,202003,1012
종로구,309. 광화문역 6번출구 옆,202003,512
종로구,314. 국립현대미술관,202003,681
종로구,316. 종각역 1번출구 앞,202003,1432
종로구,326. 안국역 5번출구 앞,202003,1435
종로구,327. 낙원상가 옆,202003,933
종로구,328. 탑골공원 앞,202003,977
종로구,329. 청계2가 사거리 옆,202003,1287
종로구,334. 종로3가역 2번출구 뒤,202003,1444
종로구,335. 종로3가역 15번출구 앞,202003,1010
종로구,337. 창경궁 입구,202003,362
종로구,338. 세운스퀘어 앞,202003,835
종로구,339. 종로4가 사거리,202003,911
종로구,340. 혜화동 로터리,202003,1290
종로구,3403.서울특별시 교육청,202003,29
종로구,3404.서울특별시 중부교육지원청,202003,1
종로구,3405.파크팰리스,202003,89
종로구,3407.안국동사거리(신),202003,126
종로구,3408.종로타워빌딩,202003,118
종로구,341. 혜화역 3번출구 뒤,202003,826
종로구,3410.종로3가역 8번출구,202003,80
종로구,3411.종묘,202003,61
종로구,3412.세운상가,202003,95
종로구,3413.종로플레이스,202003,98
종로구,3414.종로5가역 4번출구,202003,1
종로구,3416.동묘앞역 6번출구,202003,1
종로구,3418.창신역2번 출구,202003,1
종로구,3419.국립어린이과학관,202003,1
종로구,342. 대학로 마로니에공원,202003,1477
종로구,3420.성균관대입구사거리(맥도날드),202003,1
종로구,3421.혜화역 1번출구,202003,1
종로구,3422.성균관대 정문,202003,1
종로구,3423.현대그룹(본사),202003,1
종로구,3426.독립문역 2번출구 뒤,202003,1
종로구,3427.인왕산 아이파크 정문,202003,1
종로구,3428.서울미술관,202003,1
종로구,3429.AW컨벤션앞,202003,1
종로구,343. 예일빌딩(율곡로) 앞,202003,425
종로구,3430.구기치안센터 앞,202003,1
종로구,3431.로제우스 레포츠센터,202003,1
종로구,3432.종로2가 사거리,202003,62
종로구,344. 성균관대 E하우스 앞,202003,434
종로구,345. 서울보증보험본사 앞,202003,686
종로구,348. 독립문역 사거리,202003,743
종로구,349. 사직동주민센터,202003,628
종로구,351. 청운초교 앞 삼거리,202003,562
종로구,352. 중앙고입구 삼거리,202003,192
종로구,353. 재동초교 앞 삼거리,202003,617
종로구,354. 포르투갈 대사관 앞,202003,653
종로구,355. 서울사대부속초교 앞,202003,847
종로구,356. KT혜화지사 앞,202003,871
종로구,358. 성대입구 사거리,202003,1760
종로구,359. 원남동사거리,202003,756
종로구,361. 동묘앞역 1번출구 뒤,202003,2081
종로구,362. 청계8가 사거리,202003,1340
종로구,363. 신설동역 11번출구 뒤,202003,1270
종로구,364. 창신역 1번출구 앞,202003,565
종로구,367. 독립문역 3-1번출구,202003,780
종로구,368. SK 서린빌딩 앞,202003,800
종로구,369. 광화문 시민열린마당,202003,869
종로구,385. 종각역 5번출구,202003,1125
종로구,386. 올림픽기념 국민생활관 앞,202003,435
종로구,388. 동성중학교 앞,202003,700
종로구,393. 동대문역 8번 출구,202003,1550
종로구,394. 경희궁 자이 3단지,202003,501
종로구,395. 경희궁 자이 2단지,202003,698
종로구,397. 종묘공영주차장 건너편,202003,623
종로구,446. 상명대입구,202003,427
종로구,447. 신영동삼거리,202003,71
종로구,449. 일성아파트,202003,159
종로구,450. 효자동 삼거리,202003,662
종로구,451. 청와대앞길,202003,297
종로구,452. 동대문 종합시장 버스정류장,202003,550
종로구,453. 종로오가 지하쇼핑센터 14번출구,202003,893
종로구,454. 종로2가 버스정류장 (종각방향),202003,754
종로구,455. 삼익한의원,202003,448
종로구,456. 숭인2동 주민센터 입구 (이강3대냉면),202003,880
종로구,457. 종로꽃시장 입구 옆,202003,649
종로구,458. 광화문역 5번출구,202003,1036
종로구,461. 서울지방경찰청,202003,828
종로구,462. 신영동삼거리(북악터널방향),202003,64
종로구,464. 삼청동 골목,202003,582
종로구,465. 삼청공원 앞,202003,86
종로구,486. 평창동주민센터 앞,202003,117
중구,300. 정동사거리,202003,786
중구,310. 청계광장 옆,202003,693
중구,311. 서울광장 옆,202003,1589
중구,312. 시청역 1번출구 뒤,202003,1320
중구,318. 광교사거리 남측,202003,472
중구,320. 을지로입구역 4번출구 앞,202003,919
중구,321. KEB 하나금융그룹 명동사옥 옆,202003,672
중구,322. 명동성당 앞,202003,403
중구,324. 신세계백화점 본점 앞,202003,981
중구,331. 을지로2가 사거리 북측,202003,953
중구,332. 을지로2가 사거리 남측,202003,548
중구,336. 티마크 호텔 앞,202003,404
중구,346. 맥스타일 앞,202003,1335
중구,347. 동대문역사문화공원역 9번출구 앞,202003,1140
중구,370. 시청역(2호선) 9번출구 뒤,202003,1091
중구,371. 동대입구역 6번출구 뒤,202003,587
중구,372. 약수역 3번출구 뒤,202003,787
중구,373. 청구 어린이공원,202003,108
중구,374. 청구역 2번출구 앞,202003,884
중구,375. 다산 어린이공원,202003,934
중구,378. 청계7가 사거리,202003,1193
중구,379. 서울역9번출구,202003,994
중구,380. CJ제일제당 앞,202003,630
중구,381. 장충체육관,202003,152
중구,382. 약수역 10번출구 앞,202003,487
중구,383. 신당역 12번 출구 뒤,202003,1458
중구,384. 종로학원본원,202003,418
중구,387. 훈련원공원주차장 앞,202003,677
중구,389. 을지로4가역 1번출구,202003,864
중구,390. 충무로역 1번출구,202003,1000
중구,391. 정동길입구,202003,270
중구,398. 을지로3가역 3번출구,202003,826
중구,399. 서울역 센트럴 자이아파트,202003,439
중구,428. 명보사거리,202003,414
중구,429. 송도병원,202003,156
중구,430. KEB하나은행 장충동지점,202003,461
중구,431. 청계천 영도교,202003,1816
중구,433. 을지로입구역 2번출구,202003,888
중구,434. 신당 래미안 버스정류장,202003,168
중구,435. SK 남산빌딩,202003,234
중구,441.염천교사거리,202003,86
중구,442.서울역 서부,202003,1
중구,443.호암아트홀,202003,93
중구,444.서울역3번 출구,202003,1
중구,445.대한상공회의소,202003,98
중구,466.롯데호텔,202003,63
중구,467.한국은행,202003,41
중구,468.웨스틴 조선호텔,202003,49
중구,469.회현역 1번출구,202003,1
중구,470.회현역 7번출구,202003,95
중구,471.회현사거리 남측,202003,53
중구,472.삼일교(시그니쳐 타워),202003,91
중구,473.을지로4가역 9번출구,202003,87
중구,474.동대문역사문화공원역 1번출구 뒤편,202003,1
중구,477.앰배서더 호텔 주변,202003,0
중구,479.동대입구역 3번 출구,202003,1
중구,481.신당역 10번 출구,202003,1
중구,484.도동삼거리,202003,1
중구,485.서울역4번출구,202003,103
중구,826. 서울역 서부교차로2,202003,819
중랑구,1401. 극동늘푸른아파트,202003,1397
중랑구,1402. 금란주차장 앞,202003,723
중랑구,1403. 중화빌딩 앞 (동부시장),202003,1952
중랑구,1404. 동일로 지하차도,202003,792
중랑구,1405. 망우역 1번출구,202003,987
중랑구,1406. 망우청소년수련관,202003,89
중랑구,1407. 먹골역 1번출구 뒤,202003,842
중랑구,1408. 먹골역 6번출구 앞,202003,1180
중랑구,1410. 면목 대원칸타빌아파트,202003,228
중랑구,1411. 상봉시장앞 교차로 한성빌딩 앞,202003,543
중랑구,1412. 면목초등학교,202003,361
중랑구,1413. 봉화산역 5번출구 뒤,202003,690
중랑구,1414. 사가정역 1번출구,202003,1501
중랑구,1416. 상봉역 3번출구,202003,680
중랑구,1418. 새솔초등학교,202003,389
중랑구,1420. 신내어울공원 앞,202003,518
중랑구,1421. 신내역 4번출구,202003,225
중랑구,1422. 신내우디안아파트 1단지,202003,200
중랑구,1424. 양원역 2번출구,202003,102
중랑구,1425. 용마문화복지센터,202003,391
중랑구,1426. 면목도시개발아파트 1동 앞,202003,305
중랑구,1427. 용마산역 1번출구,202003,235
중랑구,1428. 원묵고등학교,202003,429
중랑구,1429. 장안중학교,202003,588
중랑구,1430. 중랑구청,202003,709
중랑구,1431. 중랑구청 사거리,202003,1235
중랑구,1433. 중화역 2번출구,202003,1487
중랑구,1434. 홈플러스 면목동점,202003,716
중랑구,1435. 능산삼거리,202003,214
중랑구,1436. 영풍마드레빌,202003,451
중랑구,1437. 늘푸른공원 앞,202003,491
중랑구,1438. 홈플러스 신내점 앞,202003,1263
중랑구,1440. 하나은행 면목지점,202003,628
중랑구,1441. 신내능말공원,202003,574
중랑구,1442. (구)신한은행 중랑교지점,202003,856
중랑구,1443. 구립망우청소년독서실,202003,216
중랑구,1444. 면목4치안센터,202003,826
중랑구,1445. 용마지구대,202003,285
중랑구,1446. 중랑전화국 교차로,202003,918
중랑구,1447. 면목역 3번출구,202003,1143
중랑구,1448. 코스트코 상봉점,202003,1297
중랑구,1449. 상봉역 1번출구,202003,1343
중랑구,1450. 화랑대역 7번출구,202003,975
중랑구,1451. 중랑세무서,202003,1934
중랑구,1452. 겸재교 진입부,202003,1920
중랑구,1453. 중랑캠핑숲,202003,208
중랑구,1454. 한국전력공사(동대문 중랑지사),202003,953
중랑구,1455. 상봉역 2번 출구,202003,1020
중랑구,1456. 상아빌딩(우림시장 교차로),202003,596
중랑구,1457. 동원사거리,202003,495
중랑구,1458. 상봉터미널2,202003,1007
중랑구,1459. 용마한신아파트사거리,202003,270
강남구,2301. 현대고등학교 건너편,202004,4754
강남구,2302. 교보타워 버스정류장(신논현역 3번출구 후면),202004,1723
강남구,2303. 논현역 7번출구,202004,930
강남구,2304. 신영 ROYAL PALACE 앞,202004,368
강남구,2305. MCM 본사 직영점 앞,202004,528
강남구,2306. 압구정역 2번 출구 옆,202004,1229
강남구,2307. 압구정 한양 3차 아파트,202004,2277
강남구,2308. 압구정파출소 앞,202004,1043
강남구,2309. 청담역(우리들병원 앞),202004,520
강남구,2310. 청담동 맥도날드 옆(위치),202004,757
강남구,2311. 학동로 래미안 아파트 앞,202004,476
강남구,2312. 청담역 13번 출구 앞,202004,525
강남구,2313. 금원빌딩 앞,202004,1636
강남구,2314. 청담나들목입구,202004,1319
강남구,2315. 봉은사역 5번출구 옆,202004,1429
강남구,2316. 삼성역 8번출구,202004,1529
강남구,2317. 삼성도로공원,202004,1431
강남구,2318. 삼성중앙역4번출구(문화센터더 리빌),202004,756
강남구,2319. 포스코4거리 서측(수협 삼성동 지점),202004,548
강남구,2320. 도곡역 대치지구대 방향,202004,1196
강남구,2321. 학여울역 사거리,202004,1294
강남구,2322. 삼성역 3번 출구,202004,814
강남구,2323. 주식회사 오뚜기 정문 앞,202004,563
강남구,2324. 천주교 대치 2동 교회 옆,202004,1212
강남구,2325. 대치동 버거킹대치점,202004,1142
강남구,2326. 대치동 삼성로,202004,377
강남구,2327. 뱅뱅사거리 랜드마크타워 앞,202004,997
강남구,2328. 르네상스 호텔 사거리 역삼지하보도 7번출구 앞,202004,524
강남구,2329. 르네상스호텔사거리 역삼지하보도 2번출구,202004,268
강남구,2330. 스타벅스 앞,202004,711
강남구,2331. 동영문화센터앞,202004,441
강남구,2332. 선릉역3번출구,202004,1150
강남구,2333. 양재역 3번출구 주변,202004,1113
강남구,2334. 삼호아파트 2동 ( 간선도로),202004,148
강남구,2335. 3호선 매봉역 3번출구앞,202004,975
강남구,2336. 강남세브란스교차로 래미안그레이튼 104동 앞,202004,301
강남구,2337. 대모산입구역 2번출구 앞,202004,409
강남구,2339. 현대아파트 정문 앞,202004,408
강남구,2340. 삼호물산버스정류장(23370) 옆,202004,1407
강남구,2341. 일원역 4~5번 출구 사이,202004,430
강남구,2342. 대청역 1번출구 뒤,202004,2253
강남구,2343. 세곡사거리 대왕파출소 앞,202004,180
강남구,2344. 리엔파크 2단지 앞,202004,811
강남구,2347. 두산건설 본사,202004,424
강남구,2348. 포스코사거리(기업은행),202004,1686
강남구,2349. 역삼빌딩 앞(하나은행 옆),202004,330
강남구,2350. 래미안그레이튼102동앞,202004,307
강남구,2351. 청소년수련관(수영장)앞,202004,315
강남구,2352. 서울본부세관(건설회관 앞),202004,353
강남구,2353. 강남구청역 2번출구 뒤,202004,804
강남구,2354. 청담역 2번출구,202004,327
강남구,2355. 삼성역 5~6번 출구 사이,202004,1276
강남구,2356. 강남구청,202004,723
강남구,2357. 르네상스호텔사거리 역삼지하보도 3번출구 앞 (더 오번 빌딩 명동칼국수 앞),202004,265
강남구,2358. 구룡초사거리 (현대아파트10동 앞 ),202004,193
강남구,"2359. 국립국악중,고교 정문 맞은편",202004,749
강남구,2360. 도곡1동 주민센터 교차로,202004,470
강남구,2361. 압구정역 교차로,202004,1198
강남구,2362. 신사동 가로수길 입구,202004,949
강남구,2363. 강남 을지병원 교차로,202004,373
강남구,2364. 도산대로 렉서스 앞,202004,479
강남구,2365. K+ 타워 앞,202004,1097
강남구,2368. 도곡동 경남아파트 건너편,202004,267
강남구,2369. KT선릉타워,202004,764
강남구,2370. 한티역 3번출구,202004,890
강남구,2371. 한국우편사업진흥원,202004,341
강남구,2372. 대치역 사거리,202004,1516
강남구,2373. 개포동역 사거리,202004,1253
강남구,2375. 수서역 1번출구 앞,202004,895
강남구,2376. 수서역 6번출구 앞,202004,260
강남구,2377. 수서역 5번출구 뒤,202004,2075
강남구,2380. 삼성동베이직하우스앞,202004,541
강남구,2381. 언주역 6번출구앞,202004,483
강남구,2382. 역삼동 sk뷰 501동앞,202004,312
강남구,2383. 보금자리정원,202004,275
강남구,2384. 자곡사거리,202004,1645
강남구,2385. 학동역,202004,566
강남구,2387. 래미안강남힐즈 사거리,202004,808
강남구,2388. 강남구 도시관리공단,202004,402
강남구,2389. 경기여자고등학교 후문 (삼성로3길 입구),202004,512
강남구,2390. 구룡마을 입구 (래미안블레스티지 아파트),202004,336
강남구,2391. 구룡터널 입구(개포1단지아파트),202004,35
강남구,2392. 구룡산 입구 (구룡산 서울둘레길 입구),202004,90
강남구,2393. 구룡사 앞 교차로 (보도육교),202004,63
강남구,2394. 래미안강남포레스트 입구 (보도육교),202004,4
강남구,2395. 개포1단지아파트 입구 (보도육교),202004,14
강남구,2396. 영동3교 북단(우성캐릭터 앞 보도),202004,836
강남구,2398. 더라움,202004,484
강남구,2401. 밀알학교 입구 (삼성서울병원 입구),202004,305
강남구,2403. 공무원연금매점 교차로 (개포주공9단지 입구),202004,131
강남구,2404. 대모산입구역 4번 출구 앞,202004,640
강남구,2405. 청담공원앞 교차로,202004,744
강남구,2406. 논현동 광명빌딩 앞,202004,311
강남구,2407. 역삼.서초.삼성 세무서 앞 (역삼빌딩 앞),202004,1229
강남구,2408. 강남한양수자인아파트,202004,740
강남구,2409. 역삼동 디오슈페리움 (우성아파트 사거리),202004,805
강남구,2410. 포스코피앤에스타워 (역삼역 3번출구 부근),202004,636
강남구,2411. 세곡동 성당,202004,957
강남구,2412. 일원1동 주민센터,202004,1658
강남구,2414. 도곡역 아카데미스위트 앞,202004,1
강남구,2415.한티역 롯데백화점 앞,202004,13
강남구,2420.학여울역 사거리(LG베스트샵 앞),202004,11
강남구,2423.영희초교 사거리(래미안개포루체하임),202004,2
강남구,2425.세곡동 사거리(대왕초등학교 정류장),202004,1
강동구,1001. 광진교 남단 사거리(디지털프라자앞),202004,2520
강동구,1002. 해공공원(천호동),202004,2398
강동구,1003. 해공도서관앞,202004,770
강동구,1004. 삼성광나루아파트 버스정류장,202004,1828
강동구,1006. 롯데캐슬 115동앞,202004,887
강동구,1007.암사동 선사유적지,202004,268
강동구,1008. 암사역 3번출구(국민은행앞),202004,3452
강동구,1009. 천호역4번출구(현대백화점),202004,4705
강동구,1010. 강동세무서,202004,2922
강동구,1011. LIGA 아파트 앞,202004,3048
강동구,1012. 서울 상운차량,202004,924
강동구,1013. 강동구청역 1번 출입구,202004,1295
강동구,1014. 강동구평생학습관앞,202004,1355
강동구,1015. 샛마을 근린공원,202004,1331
강동구,1016. 해뜨는 주유소옆 리엔파크 109동앞,202004,1094
강동구,1017. 맥도날드(길동),202004,1947
강동구,1018. 둔촌 주공 GS 맞은편,202004,21
강동구,1019. 다성이즈빌아파트(호원대 대각선 맞은편),202004,2793
강동구,1020. 강동경찰서,202004,2306
강동구,1021. 강일동 리슈빌 빌딩앞,202004,1569
강동구,1022. 길동 사거리(초소앞),202004,1705
강동구,1023. 한국종합기술사옥 앞,202004,1610
강동구,1024. 강동구청 앞,202004,2181
강동구,1025. 상일초등학교,202004,689
강동구,1026. 대명초교 입구 교차로,202004,786
강동구,1027. 프라자 아파트 앞,202004,1065
강동구,1028. 포레스 주상복합 빌딩,202004,1071
강동구,1029. 롯데 시네마,202004,2186
강동구,1030. 미호 플랜트 앞,202004,1602
강동구,1031. 올림픽로 836(아리수로),202004,779
강동구,1032. 선사고등학교,202004,491
강동구,1033. 고덕동 아남아파트,202004,997
강동구,1034. 고덕동 래미안 힐스테이트,202004,622
강동구,1035. 고덕역 4번출구,202004,1351
강동구,1036. 고덕동 주양쇼핑,202004,1469
강동구,1037. 강일리버파크 6단지,202004,312
강동구,1038. 강일 다솜 어린이 공원,202004,396
강동구,1039. 고덕초등학교,202004,240
강동구,1041. 묘곡초등학교,202004,805
강동구,1042. 강일리버파크 2~5단지,202004,757
강동구,1044. 굽은다리역,202004,3734
강동구,1047. 건강보험 강동지사kt,202004,1822
강동구,1048. 동부기업(둔촌동),202004,1971
강동구,1049. 강일리버파크 10단지,202004,892
강동구,1050. 둔촌역 3번 출입구,202004,3944
강동구,1051. 양지시장 (용성약국앞) 입구,202004,1423
강동구,1052. 리싸이클시티,202004,475
강동구,1053. 동명근린공원 진입로 (아리수로),202004,514
강동구,1054. 말우물 어린이 공원,202004,362
강동구,1056. 강일리버파크 7~11단지,202004,427
강동구,1057. 능골근린공원,202004,677
강동구,1058. 고덕숲 아이파크 1,202004,1412
강동구,1059. 래미안 강동팰리스(102동),202004,1489
강동구,1060. 천일초교 사거리,202004,920
강동구,1061. 천호초교 입구 사거리(일주빌딩),202004,1062
강동구,1062. 고덕숲 아이파크 2,202004,334
강동구,1068.명일파출소,202004,25
강동구,1070.(시립)고덕평생학습관,202004,1
강동구,1073.SSTS 몰 앞,202004,3
강동구,1075.천동초교 삼거리,202004,7
강동구,1078.둔촌사거리,202004,2
강동구,1081.트레빌빌딩,202004,1
강동구,1083.광문고교사거리(아이파크),202004,1
강동구,1087.레미안 솔베뉴(양재대로),202004,2
강동구,3539. 서원마을,202004,217
강북구,"1501. 미아역 3번,4번 출구 사이",202004,1431
강북구,1503. 이디야 커피 수유역점 앞,202004,3357
강북구,1504. 다이소 삼양시장점,202004,410
강북구,1506. 강북문화예술회관,202004,887
강북구,1509. 서울북부수도사업소,202004,1213
강북구,1510. 번동주공5단지 관리사무소 앞,202004,282
강북구,1511. 번동 금호어울림아파트102동앞,202004,260
강북구,1512. 강북중학교 앞,202004,2098
강북구,1513. 강북구청 뒷편,202004,431
강북구,1514. 강북구청 사거리 버스정류소 앞,202004,2109
강북구,1515. 송천동 주민센터,202004,854
강북구,1516. 우이초등학교 후문 옆,202004,607
강북구,1518. SK telecom(수유직영점) 앞,202004,479
강북구,1519. 세븐일레븐 수유장미원점 앞,202004,720
강북구,1520. 성실교회,202004,917
강북구,1522. 월드전기조명인테리어(우이동),202004,475
강북구,1525. 미아동 복합청사,202004,536
강북구,1526. 수유동 채선당앞,202004,599
강북구,1527. 미아역 1번 출구 뒤,202004,751
강북구,1528. 삼각산동 주민센터,202004,550
강북구,1529. 미아동 한국전력공사,202004,1522
강북구,1530. 광산사거리,202004,1332
강북구,1531. 미아사거리 1번 출구,202004,2380
강북구,1532. 번3동 주민센터 교차로,202004,901
강북구,"1533. 번동 주공3, 4단지 교차로",202004,2091
강북구,1534. 북서울 꿈의 숲 동문,202004,1863
강북구,1535. 효성인텔리안 앞,202004,2342
강북구,1536. 번동 두산위브 101동 옆,202004,1301
강북구,1537. 북한산 우이역,202004,675
강북구,1538. 솔밭공원역,202004,610
강북구,1539. 4.19민주묘지역,202004,1644
강북구,1540. 가오리역,202004,829
강북구,1541. 삼양역,202004,229
강북구,1542. 삼양사거리역,202004,479
강북구,1543. 수유1동 주민센터,202004,770
강북구,1545. 솔샘역 2번 출구,202004,349
강북구,1546. 송천동우체국,202004,798
강북구,1547. 꿈의숲 롯데캐슬,202004,446
강북구,1548. 북서울 꿈의숲 서문,202004,1012
강북구,1550.삼각산아이원아파트(105동 옆),202004,1
강북구,1551.4.19탑 앞,202004,2
강북구,1552. 강북구청사거리(던킨도너츠 앞),202004,2
강북구,1553.예수그리스도후기성도교회 앞,202004,3
강북구,1554.번동사거리,202004,1
강북구,1557.신창교,202004,2
강북구,1558.강북문화정보도서관,202004,1
강북구,1560. 도봉세무서 앞,202004,2
강북구,1564.4.19민주묘지역 1번출구,202004,6
강북구,1565.대한병원앞,202004,1
강북구,1566.삼각산 아이언APT앞,202004,1
강북구,1568.4.19민주묘지 입구사거리,202004,4
강북구,1569.수유역2번출구,202004,4
강서구,1101. 개화동상사마을종점 버스정류장,202004,202
강서구,1102. 방화사거리 마을버스 버스정류장,202004,1481
강서구,1103. 방화역 4번출구앞,202004,1689
강서구,1105. 방화근린공원,202004,619
강서구,1106. 신방화사거리,202004,1808
강서구,1108. 공항시장역 2번출구 뒤,202004,877
강서구,1109. 공항시장역 4번출구,202004,622
강서구,1110. 공항중학교앞,202004,652
강서구,1111. 마곡엠밸리6_7단지 마곡중학교,202004,1197
강서구,1112. 마곡엠밸리4단지 정문,202004,3818
강서구,1113. 서남환경공원 버스정류장,202004,1758
강서구,1114. 서남물재생센터 버스정류장,202004,16
강서구,1115. 등촌역 1번출구옆,202004,1366
강서구,1117. 스타벅스앞,202004,2505
강서구,1118. 증미역 3번출구뒤(등촌두산위브센티움오피스텔),202004,3446
강서구,1119. 염창동 한마음아파트앞(염창동 빛나는 음악학원앞),202004,2655
강서구,1120. 대림경동아파트앞,202004,2372
강서구,1121. 가양레포츠센터앞,202004,1781
강서구,1122. 황금내근린공원,202004,3978
강서구,1124. 발산역 6번출구옆(다이소앞),202004,3500
강서구,1125. 명덕고교입구(영종빌딩),202004,2540
강서구,1126. 우장산역 1번출구옆(우장산아이파크105동앞),202004,1348
강서구,1127. 화곡역(에이스정형외과앞) 버스정류장,202004,1508
강서구,1128. 화곡역 6번출구,202004,1332
강서구,1129. 화곡역 1번 출구 앞,202004,1723
강서구,1130. 화곡본동시장 버스정류장,202004,665
강서구,1131. 꿈돌이공원 앞,202004,1924
강서구,1132. 등촌역 7번출구,202004,1759
강서구,1135. 강서구의회,202004,1017
강서구,1136. 등촌2파출소,202004,1139
강서구,1137. 등촌2동주민센터,202004,553
강서구,1139. 용문사 버스정류장,202004,1286
강서구,1140. 목동사거리 버스정류장,202004,1586
강서구,1141. 곰달래 문화복지센터 1-1,202004,1936
강서구,1145. 곰달래 문화복지센터 1-2,202004,1134
강서구,1146. 곰달래사거리,202004,1313
강서구,1148. 볏골공원,202004,961
강서구,1149. 신방화역환승주차장,202004,3268
강서구,1150. 송정역 1번출구,202004,2561
강서구,1151. 마곡역1번출구,202004,1223
강서구,1152. 마곡역교차로,202004,2017
강서구,"1153. 발산역 1번, 9번 인근 대여소",202004,4794
강서구,1155. 기쁜우리복지관,202004,2565
강서구,1157. 강서구청,202004,2003
강서구,1158. 가양역 8번출구,202004,4870
강서구,1159. 서서울모터리움앞,202004,1791
강서구,1160. 양천향교역 7번출구앞,202004,5169
강서구,1161. 강서면허시험장앞,202004,355
강서구,1162. 공항초등학교건너편,202004,1169
강서구,1163. 방화동강서기동대앞,202004,918
강서구,1165. 마곡중학교 후문,202004,847
강서구,1166. 강서구립등빛도서관,202004,2460
강서구,1167. 마곡수명산파크3단지 교차로,202004,2631
강서구,1168. 마곡엠밸리10단지 앞,202004,1281
강서구,1169. 염창역 1번 출구,202004,2117
강서구,1170. 강서구보건소 (삼성디지털 프라자),202004,1445
강서구,1171. 염창동 새마을금고 건너편 (모닝글로리),202004,2074
강서구,1172. 가양3동 주민센터,202004,1342
강서구,1173. 강서구청사거리(SH타워),202004,3401
강서구,1174. 강서구청사거리(부민병원),202004,964
강서구,1175. 대한항공 인력개발센터,202004,1268
강서구,1177. 수명중?고교,202004,1350
강서구,1178. 개화산역 2번 출구,202004,844
강서구,1180. 마곡엠밸리 15단지(1502동) 건너편,202004,1683
강서구,1181. 농수산식품공사 (강서지사),202004,254
강서구,1182. KBS 스포츠월드,202004,1836
강서구,1183. KC 대학교,202004,332
강서구,1184. 마곡13단지,202004,1577
강서구,1185. 등촌9단지,202004,1581
강서구,1186. 송정중학교,202004,719
강서구,1187. 강서수산물도매시장,202004,444
강서구,1188. 롯데중앙연구소,202004,713
강서구,1190. 마곡역 교차로(2번출구),202004,666
강서구,1191. 마곡역 교차로(NH농협),202004,2278
강서구,1192. 마곡수명산파크 209동 건너편,202004,1254
강서구,1193. 마곡센트럴타워 1차,202004,2065
강서구,1194. 센서텍㈜,202004,1017
강서구,1195. 코오롱One&Only타워,202004,1641
강서구,1196. 서울식물원(문화센터) 건너편,202004,1090
강서구,1197. 엘펠리체 호텔 건너편,202004,2923
강서구,1198. LG 사이언스파크,202004,1004
강서구,1199. 우장산역 3번출구,202004,1661
강서구,1200. 개화광역환승센터,202004,244
강서구,2701. 마곡나루역 5번출구 뒤편,202004,6479
강서구,2702. 마곡 엠밸리2단지,202004,1007
강서구,2703.서울도시가스 앞,202004,1
강서구,2704.홈플러스(강서점),202004,4
강서구,2705.홈플러스(가양점),202004,3
강서구,2706.강서공업고등학교 앞,202004,1
강서구,2707.한강아파트,202004,1
강서구,2708.강서한강자이타워 앞,202004,1
강서구,2709.강변아파트 310동 앞,202004,1
강서구,2710.라이품 공영주차장 앞,202004,1
강서구,2711.가로공원공영주차장 1번 출구,202004,1
강서구,2712.화곡터널입구교차로,202004,1
강서구,2713.우장초등학교 앞,202004,1
강서구,2714.발산1동주민센터교차로,202004,1
강서구,2716.롯데 R&D 센터,202004,2
강서구,2717.LG유플러스 마곡사옥,202004,1
강서구,2718.마곡수명산파크1단지,202004,1
강서구,2719.마곡문화공원,202004,1
강서구,2720.힐스테이트에코,202004,1
강서구,2721.등촌1-10단지 교차로,202004,4
강서구,2722.마곡 문영비지윅스,202004,1
강서구,2726.서울식물원 주제원입구,202004,1
강서구,2727.서울식물원 잔디마당 앞,202004,1
강서구,2728.마곡나루역 3번 출구,202004,1
강서구,2730.마곡메가박스 앞,202004,1
강서구,2731.명덕고교,202004,1
강서구,2732.마곡수명산 1-2단지,202004,1
강서구,2733.마곡13단지 정문 앞,202004,1
강서구,2735.마곡 공공청사,202004,4
강서구,2737.까치산역 3번 출구,202004,0
강서구,2740.마곡레포츠센터,202004,14
강서구,2741.마곡수명산파크5-6단지,202004,2
강서구,2742.강서구민올림픽체육센터,202004,16
관악구,2102. 봉림교 교통섬,202004,8832
관악구,2103. 신림동 우방아파트,202004,1545
관악구,2104. 사당역 5번출구,202004,1468
관악구,2105. 미성동 신림체육센터,202004,1224
관악구,2106. 난곡 새마을금고,202004,1824
관악구,2107. 도림천 신화교,202004,2659
관악구,2108. 은천치안센터,202004,1156
관악구,2109. 은천로입구 가로공원,202004,2049
관악구,2110. 조원동 미성아파트,202004,723
관악구,2111. 서울대입구역 1번출구,202004,1053
관악구,2112. 서울대입구역 마에스트로,202004,859
관악구,2113. 관악동작견인차량보관소,202004,2218
관악구,2115. 관악농협농산물백화점,202004,924
관악구,2116. 에이스에이존빌딩,202004,923
관악구,2119. 중앙동 동진빌딩,202004,1111
관악구,2122. 낙성대로 입구,202004,1204
관악구,2127. 보성운수차고지 맞은편,202004,271
관악구,2128. 관악구청교차로,202004,490
관악구,2129. 낙성대 과학전시관,202004,573
관악구,2130. 영어마을 관악캠프,202004,504
관악구,2135. 신림역 5번출구,202004,1407
관악구,2136. 신림역 8번출구,202004,2025
관악구,2137. KT&G 관악지점,202004,658
관악구,2139. 서울신성초등학교,202004,1176
관악구,2140. 신림1교 교차로,202004,2032
관악구,2141. 미림여고입구 교차로,202004,216
관악구,2143. 서울산업정보학교,202004,323
관악구,2144. 난우길입구,202004,583
관악구,2145. 은천초등학교 육교,202004,801
관악구,2148. 낙성대역 3번출구 뒤,202004,669
관악구,2156. 농협 관악문성지점,202004,774
관악구,2159. 인헌초교,202004,470
관악구,2160. 관악구 보건소,202004,443
관악구,2164. 관악우체국,202004,1149
관악구,2165. JK장평타워,202004,399
관악구,2167. 낙성대역 1번출구,202004,616
관악구,2169. 봉천역 2번출구,202004,1233
관악구,2170. 조원동서울본병원,202004,926
관악구,2171. 서울대입구역 5번출구,202004,1266
관악구,2172. 나들목공원,202004,524
관악구,2173. 당곡사거리,202004,4171
관악구,2174. 삼성디지털프라자관악점,202004,932
관악구,2175. 신림동걷고싶은문화의거리입구,202004,1203
관악구,2176. 보라매공원 보도육교,202004,1914
관악구,2177. 신대방역 2번 출구,202004,5674
관악구,2178. 서울대학교 정문,202004,534
관악구,2179. 양녕로 입구,202004,1262
관악구,2180. 신림동주민센터,202004,4
관악구,2183. 동방1교,202004,5688
관악구,2184. 구암초등학교 버스정류장,202004,353
관악구,2185. 대학동 고시촌,202004,1197
광진구,3500. 군자역2번출구,202004,2046
광진구,3501. 광진구청 앞,202004,2390
광진구,3502. 중곡역 1번출구,202004,932
광진구,3503. 광진유진스웰,202004,235
광진구,3504. 원일교회,202004,1924
광진구,3505. 신양초교앞 교차로,202004,1303
광진구,3506. 영동대교 북단,202004,1297
광진구,3507. 어린이회관,202004,765
광진구,3508. 화양사거리,202004,2524
광진구,3509. 세종사이버대학교,202004,2336
광진구,3510. 중곡SK아파트앞,202004,628
광진구,3516. 구의아리수정수센터앞,202004,879
광진구,3517. 용마사거리,202004,1907
광진구,3518. 군자역 7번출구뒤,202004,3470
광진구,3520. 광진경찰서,202004,1852
광진구,3521. 현대홈타운 뒷길,202004,393
광진구,3523. 건국대학교 과학관(이과대) 앞,202004,474
광진구,3524. 세종대학교,202004,86
광진구,3528. 광진정보도서관,202004,1092
광진구,3529. 어린이대공원정문,202004,1372
광진구,3533. 건대입구역 사거리(롯데백화점),202004,7313
광진구,3534. 건대입구역 5번출구 뒤,202004,3138
광진구,3535. 중곡사거리(국민은행),202004,1896
광진구,3536. 중앙농협(자양동),202004,2102
광진구,3537. 아차산 휴먼시아 아파트 옆,202004,576
광진구,3541. 커먼그라운드,202004,3747
광진구,3542. 래미안 구의파크 스위트,202004,1481
광진구,3543. 세종대학교(학술정보원),202004,370
광진구,3564.나루마당,202004,1
광진구,3566.우성4차아파트,202004,3
광진구,3570.구의역 리버비스타 오피스텔,202004,1
광진구,3571.화양 APT(횡단보도 옆),202004,4
광진구,3572.중곡동 성당,202004,1
광진구,3575.자양사거리 (LG 유플러스),202004,18
광진구,3576.강변SK뷰 APT앞,202004,2
광진구,3577.신자초교 입구 교차로(SC제일은행),202004,30
광진구,3578.중곡동 파크웨이빌딩,202004,1
광진구,3579.광진 캠퍼스시티,202004,1
광진구,3581.광진광장,202004,1
광진구,3582.화양동 우체국,202004,5
광진구,3586.군자역 비채온 오피스텔,202004,3
광진구,500. 어린이대공원역 3번출구 앞,202004,2545
광진구,501. 광진구의회 앞,202004,1746
광진구,502. 뚝섬유원지역 1번출구 앞,202004,17524
광진구,504. 신자초교입구교차로,202004,2552
광진구,505. 자양사거리 광진아크로텔 앞,202004,3967
광진구,515. 광양중학교 앞,202004,1134
광진구,516. 광진메디칼 앞,202004,1157
광진구,539. 군자교교차로,202004,2402
광진구,540. 군자역 7번출구 베스트샵 앞,202004,1847
광진구,542. 강변역 4번출구 뒤,202004,2451
광진구,543. 구의공원(테크노마트 앞),202004,1533
광진구,544. 광남중학교,202004,1878
광진구,546. 잠실대교북단 교차로,202004,1588
광진구,548. 자양나들목,202004,2504
광진구,549. 아차산역 3번출구,202004,2522
광진구,551. 구의삼성쉐르빌 앞,202004,2580
광진구,552. 대림아크로리버 앞,202004,823
광진구,553. 중곡 성원APT 앞,202004,1729
광진구,555. 구의3동주민센터,202004,988
광진구,571. 어린이대공원역6번출구,202004,977
광진구,572. 국립정신 건강센터 앞,202004,556
광진구,573. 구의문주차장 앞,202004,1547
광진구,574. 아차산역4번출구,202004,2491
광진구,575. 중앙농협 중곡지점,202004,349
광진구,576. 광나루역 3번 출구,202004,1858
광진구,577. 광진청소년수련관,202004,1865
광진구,584. 광진광장 교통섬,202004,2183
광진구,588. 뚝섬 유원지역,202004,2774
광진구,590. 건국대학교 (입학정보관),202004,1949
광진구,591. 건국대학교 (행정관),202004,213
광진구,592. 건국대학교 학생회관,202004,1202
광진구,593.자양중앙나들목,202004,2059
구로구,1901. 신도림동주민센터 앞,202004,1306
구로구,1904. 도림천역 1번 출구 앞,202004,1929
구로구,1906. 신도림역 1번 출구 앞,202004,6569
구로구,1907. 구일우성(아) 육교 밑,202004,739
구로구,1908. 해원리바파크 육교 밑,202004,1215
구로구,1911. 구로디지털단지역 앞,202004,4759
구로구,1912. 한신휴아파트 앞,202004,1275
구로구,1913. 구로리공원,202004,773
구로구,1914. 대림역4번출구,202004,1654
구로구,1916. 구로중학교앞,202004,334
구로구,1920. 서울미래초등학교 사거리,202004,1172
구로구,1924. 삼부르네상스파크빌,202004,480
구로구,1925. 동양미래대학교 정문 옆,202004,3896
구로구,1928. 고척스카이돔구장 광장,202004,1178
구로구,1929. 고척근린공원 고척도서관 앞,202004,732
구로구,1930. 개봉지구대 개봉치안센터,202004,502
구로구,1931. 개봉역(북측광장),202004,1460
구로구,1933. 개봉푸르지오아파트 상가,202004,1217
구로구,1936. 개봉역 1번 출구 자전거보관서쪽,202004,864
구로구,1937. 한진아파트 입구,202004,839
구로구,1941. 오류동역 2번출구,202004,1038
구로구,1943. 온수역 북측,202004,476
구로구,1946. 구로역 광장,202004,1610
구로구,1951. 천왕이펜하우스 4단지 상가 앞,202004,469
구로구,1952. 천왕연지타운2단지 앞,202004,1635
구로구,1953. 천왕역 4번출구 뒤,202004,898
구로구,1955. 디지털입구 교차로,202004,1855
구로구,1956. 도야미리숯불갈비 앞,202004,911
구로구,1957. 구일고등학교 정문,202004,1064
구로구,1958. 강서수도사업소민원센터,202004,1098
구로구,1959. 구로구의회 앞,202004,749
구로구,1960. 화광신문사 앞,202004,1876
구로구,1961. 신도림테크노근린공원,202004,3730
구로구,1962. 가리봉동주민센터,202004,748
구로구,1964. 원메디타운 앞,202004,1040
구로구,1965. 삼환로즈빌아파트 105동 옆,202004,676
구로구,1966. 한마을아파트 정문상가,202004,1081
구로구,1967. 참새공원(백곡경노당),202004,225
구로구,1968. 동인오피스텔 건너편 소공원,202004,361
구로구,1969. 궁동생태공원,202004,223
구로구,1971. 오정초교 앞 보도육교,202004,396
구로구,1973. 오리로와 서해안도로 교차로 앞,202004,372
구로구,1974. 신도림2차e편한세상아파트 203동 앞,202004,938
구로구,1975. 대림역 1번 출입구 밑,202004,982
구로구,1976. 남구로역 5번 출입구 앞,202004,316
구로구,1977. 천왕역 1번 출입구 앞,202004,786
구로구,1979. 구로1동우체국 앞,202004,216
구로구,1981. 천왕이펜하우스5단지 앞,202004,696
구로구,1983. 구로동롯데아파트,202004,1030
구로구,1984. 구로구청,202004,1248
구로구,1985. 구로도서관,202004,2151
구로구,1986. 태평양물산빌딩,202004,1925
구로구,1987. 개봉아이파크아파트 앞,202004,1565
구로구,1988. 고척LIGA아파트 앞,202004,1926
구로구,1991. 오류동역 맞은편,202004,1259
구로구,1992. 구로구배드민턴실내체육관 앞,202004,232
구로구,1993. 금강수목원아파트 앞,202004,515
구로구,1994. 삼성전자 물류센터 앞,202004,853
구로구,1996. 구일역 1번 출입구 앞,202004,2393
구로구,1998. 고척교 교차로,202004,1721
구로구,1999. 수궁동 성당 주변,202004,427
구로구,2000. 신도림4차 e편한세상 아파트 1109동 앞,202004,1797
구로구,2801. 대륭포스트타워1차,202004,977
구로구,2812.항동프라자,202004,1
구로구,2824.미래사랑어린이공원 앞,202004,1
금천구,1804. 독산역 2번출구 자전거주차장,202004,1494
금천구,1805. 서울디지털운동장 앞,202004,745
금천구,1806. 에이스하이엔드타워9차 앞,202004,680
금천구,1808. 에이스하이엔드타워8차 앞,202004,631
금천구,1809. LG전자 별관동(호서대 벤처타워 맞은편),202004,339
금천구,1812. 갑을그레이트밸리 앞,202004,676
금천구,1814. 두산위브아파트 옆 상가건물 앞,202004,532
금천구,1816. 금천폭포공원 앞,202004,355
금천구,1819. 금천구청 앞 자전거거치대,202004,750
금천구,1820. 신한은행 시흥대로금융센터지점,202004,360
금천구,1821. 홈플러스 시흥점 맞은편 다비치안경 앞,202004,791
금천구,1822. 서울 시흥동우체국 앞,202004,1007
금천구,1823. 상신정비공업 앞,202004,515
금천구,1824. 독산근린공원 입구,202004,2142
금천구,1825. 한신아파트 앞 육교 아래,202004,606
금천구,1826. 한신코아 앞,202004,856
금천구,1827. 독산보도육교 앞 자전거 보관소,202004,4403
금천구,1828. 한양수자인아파트 앞,202004,508
금천구,1829. 홈플러스 금천점 앞,202004,1083
금천구,1830. 빅마켓 금천점 앞,202004,876
금천구,1831. 메이퀸웨딩컨벤션 앞,202004,422
금천구,1833. 독산역 1번출구 앞 자전거보관소,202004,871
금천구,1834. 월드메르디앙 벤처센터 2차,202004,2028
금천구,1835. STX V타워,202004,744
금천구,1839. 수출의 다리 아래,202004,910
금천구,1840. 솔브레인이엔지 뒤편,202004,396
금천구,1841. 가산동 주민센터,202004,763
금천구,1842. 한울중학교,202004,304
금천구,1843. 독산고등학교,202004,430
금천구,1845. 롯데캐슬골드파크1차 서문,202004,474
금천구,1846. 롯데캐슬골드파크1차 동문,202004,1015
금천구,1847. 독산주공 14단지 버스정류소,202004,311
금천구,1848. 벽산 디지털밸리 5차,202004,497
금천구,1849. 대륭포스트타워5차,202004,421
금천구,1850. 코오롱테크노밸리,202004,478
금천구,1851. 가산디지털단지 7번출구,202004,1476
금천구,1852. 혜명양로원 담장 옆,202004,418
금천구,1853. 서울디자인직업전문학교 앞,202004,223
금천구,1854. 가산아네스트 오피스텔 앞,202004,462
금천구,1855. 성지아파트 옆 도로변,202004,103
금천구,1856. 모두의학교,202004,554
금천구,1857. 주공14단지,202004,320
금천구,1858. 석수역1번출구 앞 (SK주유소),202004,949
금천구,1859. 대륭테크노타운 18차,202004,437
금천구,1865.금천구청앞(M빌딩),202004,0
금천구,1869.롯데캐슬골드파크3차 301동 앞,202004,1
금천구,1870.독산3동주민센터 앞,202004,2
노원구,1601. 석계역 문화광장 내 자전거 보관소,202004,4063
노원구,1602. 광운대역 앞,202004,1326
노원구,1603. 롯데캐슬 102동 코너(월계주유소건너),202004,2677
노원구,1605. 헬스케어,202004,2157
노원구,1606. 태릉입구역 3번출구,202004,1316
노원구,1608. 공릉역 1번 출구 앞,202004,4270
노원구,1610. 화랑대역 2번출구 앞,202004,2936
노원구,1611. 과기대 입구(우),202004,2749
노원구,1616. 하계2동 공항버스정류장 옆,202004,3087
노원구,1617. 하계동 중평어린이공원 앞,202004,2265
노원구,1619. 중계동 하나프라자빌딩 앞(중1-1),202004,2183
노원구,1620. 중계동 노원구민체육센터 옆(중1-2),202004,1432
노원구,1625. 상계역(4번출구),202004,4094
노원구,1628. 노일초등학교 앞,202004,1304
노원구,1630. 수연빌딩 앞,202004,675
노원구,1634. 당고개공원 대여소,202004,1352
노원구,1635. 상계3.4동 주민센터 대여소,202004,396
노원구,1636. 백병원 사거리 농협은행 앞,202004,2356
노원구,1637. KT 노원점 건물 앞,202004,2862
노원구,1639. 희성오피앙,202004,1378
노원구,1640. 한내근린공원 북측,202004,1969
노원구,1641. 한내근린공원 남측,202004,761
노원구,1642. 서울여대 남문,202004,582
노원구,1643. 태릉입구역 8번출구,202004,2709
노원구,1646. 삼육대 입구,202004,717
노원구,1650. 중계근린공원내,202004,3835
노원구,1651. 맥도날드 상계점 앞,202004,1194
노원구,1652. 파르코 앞,202004,708
노원구,1653. 노원역1번출구,202004,3122
노원구,1654. 당고개입구 오거리,202004,1
노원구,1655. 공릉1단지아파트,202004,2852
노원구,1656. 중앙하이츠 아파트 입구,202004,1411
노원구,1657. 노원구청,202004,1122
노원구,1659. 중계동 을지중학교,202004,1105
노원구,1660. 서울시립과학관,202004,598
노원구,1661. 당현천근린공원,202004,1282
노원구,1662. 노원역7번출구,202004,1496
노원구,1663. 동해문화예술관앞,202004,2868
노원구,1664. 노해근린공원내,202004,566
노원구,1665. 양지근린공원앞,202004,772
노원구,1666. 노원소방서인근,202004,1523
노원구,1667. 중계중학교,202004,1370
노원구,1668. 중계역 6번출구,202004,2341
노원구,1669. 중계역 3번출구,202004,1684
노원구,1670. 노원경찰서교차로,202004,1364
노원구,1671. 인덕대학교,202004,1376
노원구,1672. 상계동수락리버시티,202004,1132
노원구,1673. 노원역 5번출구,202004,3064
노원구,1674. 서울북부고용센터앞,202004,2424
노원구,1675. 월계문화체육센터,202004,58
노원구,1677. 육군사관학교 앞,202004,1166
노원구,1678. 성서대학교 밀알관,202004,268
노원구,1679. 삼육대 도서관,202004,237
노원구,1680. 삼육대 제3과학관,202004,77
노원구,1681. 현대6차 아파트,202004,879
노원구,1682. 중계종합사회복지관 교차로,202004,707
노원구,1683. 노원문화예술회관,202004,1131
노원구,1684. 태릉입구역 5번출구,202004,2427
노원구,1685. 불암고등학교 앞 횡단보도,202004,726
노원구,1686. 온수골사거리(스타벅스앞),202004,2238
노원구,1688. 마들역 7번출구,202004,1974
노원구,1689. 마들역 3번출구,202004,1218
노원구,1690. 도봉운전면허시험장,202004,1045
노원구,1691. 노원정보도서관,202004,602
노원구,1692. 온곡초교 교차로,202004,1317
노원구,1693. 원자력 병원,202004,336
노원구,1694.월계세양청마루아파트 후문,202004,0
노원구,1696.수락리버시티4단지,202004,1
노원구,1697.상계주공2단지 219동,202004,2
노원구,1700.상계보람아파트 202동,202004,2
노원구,2901.공릉동풍림아파트 101동,202004,0
노원구,2903.월계초안아파트 1단지,202004,1
노원구,2904.중계3차청구아파트,202004,1
노원구,2905.중계주공6단지,202004,1
노원구,2907. 월계중학교,202004,1
노원구,2908. 광운대학교 중앙도서관,202004,6
노원구,2909. 석계역 3번 출구,202004,2
노원구,2910.도깨비시장,202004,1
노원구,2911.상계역중앙시장,202004,2
노원구,2912.대진고등학교,202004,1
노원구,2913.상계8동 주민센터,202004,1
노원구,2915.서울과학기술대학교(어학교육원),202004,1
노원구,2917.신창중학교 후문 맞은편 버스정류장,202004,1
노원구,2918.골마을 근린공원,202004,1
노원구,2919.등나무 근린공원(시립북서울미술관 앞),202004,1
노원구,2920.상계중학교(당현2교사거리),202004,1
노원구,2921.중계역 2번출구,202004,2
도봉구,1702. 녹천역 1번출구 앞,202004,716
도봉구,1703. 도봉산광역환승센터앞,202004,815
도봉구,1705. 도봉구청 정문앞,202004,1520
도봉구,1706. 기업은행 앞,202004,1194
도봉구,1707. 도봉구민회관,202004,1065
도봉구,1708. 보건소사거리(다비치안경창동점),202004,1562
도봉구,1709. 쌍문역4번출구 주변,202004,1766
도봉구,1713. 쌍문동 청소년 랜드,202004,1051
도봉구,1714. 도봉문화정보도서관 삼거리,202004,228
도봉구,1715. 서울특별시교육청도봉도서관,202004,1141
도봉구,1716. 하나로마트 창동점,202004,2438
도봉구,1717. 시립창동운동장 입구,202004,396
도봉구,1719. 신도봉사거리 버스정류장,202004,570
도봉구,1720. 도봉구청 옆(중랑천변),202004,3596
도봉구,1721. 창동역 2번출구,202004,2470
도봉구,1722. 창동청소년수련관,202004,1031
도봉구,1723. 방학동학마을도서관,202004,1113
도봉구,1725. 창1동주민센터,202004,475
도봉구,1726. 삼익세라믹아파트교차로,202004,1578
도봉구,1727. 서울도봉초등학교인근,202004,413
도봉구,1728. 서울북부지방법원,202004,548
도봉구,1729. 파리바게트앞,202004,1438
도봉구,1730. 도봉산역 교차로 앞,202004,429
도봉구,1731. 도봉고등학교 맞은편,202004,355
도봉구,1732. 우리은행 앞,202004,819
도봉구,1733. 방학사거리 (봄마당 앞),202004,1701
도봉구,1734. 쌍문현대1차아파트 108동 앞,202004,1270
도봉구,"1735. 도봉역 1,2번 출구사이 건너편",202004,749
도봉구,1736. 버스정류장 앞,202004,580
도봉구,1737. 하나은행 (창동점),202004,1927
도봉구,1738. 창동주공17단지 상가앞,202004,1631
도봉구,1741. 제일강산수산입구,202004,2758
도봉구,1742. 북한산 코오롱 하늘채,202004,952
도봉구,1743.창동19단지아파트 관리사무소앞,202004,1
도봉구,1744.KT방학지사 앞,202004,92
도봉구,1746. 다이소방학점 앞,202004,2
도봉구,1748. 피자헛 앞(도봉병원 옆),202004,1
도봉구,1749. ESA아파트 상가 앞,202004,3
도봉구,1750. 창포원 남쪽 입구,202004,1
도봉구,1751. 창원초등학교 교차로,202004,1
도봉구,1752. 창동 주공 4단지 입구 옆,202004,3
도봉구,1753.창동 현대2차아파트(209동),202004,1
도봉구,1754. 창동시장입구 사거리,202004,1
도봉구,1755. 롯데칠성음료 앞,202004,1
도봉구,1756.서울북부광역등기국,202004,1
도봉구,1757.솔밭공원역 1번출구 앞,202004,3
도봉구,1758.북서울교회 버스정류소 앞,202004,1
도봉구,1759.서울북부지방법원 앞,202004,1
도봉구,1760.다락원체육공원 입구,202004,1
도봉구,1761.방학중학교 앞,202004,1
도봉구,1762.북한산 한신휴플러스APT앞,202004,2
도봉구,1766.소피아 관광호텔 앞,202004,1
도봉구,1767.태양중앙교회 앞,202004,1
도봉구,1768.신동아타워 버스정류소,202004,1
도봉구,1769.신동아아파트 교차로,202004,2
도봉구,1770.강북성복교회 주변,202004,1
도봉구,1771.성원APT버스정류소,202004,2
도봉구,1772.시립도봉노인복지관 버스정류소,202004,2
도봉구,1774.반석교회(쌍문동),202004,1
도봉구,1775.신원리베르텔 앞,202004,2
동대문구,600. 휘경2동 주민센터,202004,219
동대문구,601. 용신동주민센터,202004,764
동대문구,602. 장안동 사거리,202004,4041
동대문구,604. 답십리초등학교 옆 공원,202004,885
동대문구,605. 신설동역8번출구,202004,893
동대문구,606. 휘경공고앞,202004,1082
동대문구,607. 신이문역 2번출구,202004,1297
동대문구,608. 전농삼성아파트,202004,303
동대문구,609. 제기2교,202004,2159
동대문구,610. 동대문중 교차로,202004,779
동대문구,612. 시립동부병원 앞 사거리,202004,1465
동대문구,613. 신설동역 10번출구 앞,202004,1572
동대문구,614. 용두동 사거리,202004,1875
동대문구,615. 용두동 래미안허브리츠아파트 앞,202004,1453
동대문구,616. 서울시립대 앞,202004,227
동대문구,617. 청솔우성아파트 앞,202004,1190
동대문구,621. 동대문중학교 옆,202004,347
동대문구,622. 전농사거리 교통섬,202004,1623
동대문구,623. 서울시립대 정문 앞,202004,1503
동대문구,624. 전농동 동아아파트 앞,202004,1461
동대문구,625. 답십리초등학교 앞(현대시장 옆),202004,1761
동대문구,626. 군자교 서측 녹지대,202004,1555
동대문구,627. 장안동삼거리 교통섬,202004,2199
동대문구,628. 휘봉고등학교 앞,202004,452
동대문구,630. 동대문구 보건소,202004,1478
동대문구,631. 답십리역 1번출구,202004,2121
동대문구,633. 청량리 기업은행 앞,202004,2034
동대문구,634. 외국어대 정문 앞,202004,2774
동대문구,635. 시조사 앞 (청량고정문 옆),202004,1949
동대문구,636. 세종대왕기념관 교차로,202004,680
동대문구,637. KAIST 경영대학 앞,202004,1205
동대문구,638. 서울시립대 정보기술관,202004,331
동대문구,639. 서울시립대 후문,202004,647
동대문구,640. KEB하나은행 청량리역지점,202004,747
동대문구,641. 용두역 4번출구,202004,2383
동대문구,642. 신답역 사거리,202004,1262
동대문구,643. 동대문구민체육센터 (육교아래),202004,2035
동대문구,646. 장한평역 1번출구 (국민은행앞),202004,3368
동대문구,647. 신이문역 1번출구,202004,1143
동대문구,648. 장안동위더스빌옆,202004,2332
동대문구,650. 중랑교사거리,202004,4073
동대문구,651. 우리은행청량리지점앞,202004,815
동대문구,652. 답십리 래미안엘파인아파트 입구,202004,575
동대문구,654. 전농동 텃골공원,202004,499
동대문구,656. 영휘원 교차로,202004,842
동대문구,657. 동대문롯데캐슬아파트 앞,202004,1111
동대문구,658. 촬영소 사거리,202004,1031
동대문구,659. 제기역1번출구,202004,1702
동대문구,660. 동의보감타워,202004,1318
동대문구,661. 경희대학교 청운관,202004,1179
동대문구,663. 외대앞역 4번출구,202004,1987
동대문구,664. 서울시립대 대학본부,202004,296
동대문구,665.이문동 쌍용아파트 정문,202004,0
동대문구,667.청량차도 육교 밑,202004,1
동대문구,668.서울축산농협(장안지점),202004,2
동대문구,669.청계신한신휴플러스앞 삼거리,202004,1
동대문구,670.삼육서울병원 버스정류장,202004,4
동대문구,671.대광빌딩,202004,1
동대문구,672.대광고등학교,202004,2
동대문구,673.안암골벽산아파트(후문),202004,2
동대문구,674.고대앞사거리 교통섬,202004,2
동대문구,675.성복교회 앞 (장평교 아래),202004,2
동대문구,676.FITI시험연구원 앞,202004,1
동대문구,677.청량리역 4번 5번출구 사이,202004,1
동대문구,678.장안힐스테이트(아) 앞,202004,2
동대문구,679.전농SK아파트 앞,202004,1
동대문구,680.꿈마루어린이도서관 앞,202004,4
동대문구,681.서울특별시 동부교육지원청(육교),202004,1
동작구,2002. 노들역 1번출구,202004,6756
동작구,2003. 사육신공원앞,202004,2305
동작구,2007. 유한양행앞,202004,1493
동작구,2008. 노량진근린공원 대방공원,202004,367
동작구,2009. 보라매역 8번출구,202004,892
동작구,2012. 녹십초요양병원앞,202004,547
동작구,2013. 장승배기역 5번출구,202004,1953
동작구,2015. 신대방삼거리역 6번출구쪽,202004,2116
동작구,2016. 신대방삼거리역 3번출구쪽,202004,1771
동작구,2020. 장승배기역2번출구뒷편쪽,202004,861
동작구,2024. 상도역 1번출구,202004,1375
동작구,2025. 흑석역 1번출구,202004,4927
동작구,2026. 흑석역 4번출구,202004,664
동작구,2027. 중앙대학교 정문,202004,986
동작구,2032. 이수역 11번출구쪽,202004,1682
동작구,2033. 사당동 아르테스 웨딩앞,202004,1154
동작구,2034. 사당역 7번출구쪽,202004,1444
동작구,2036. 정금마을 마을버스정류장,202004,753
동작구,2037. 동작역 5번출구 동작주차공원,202004,1374
동작구,2038. 동작역 7번출구,202004,271
동작구,2040. 비계 버스정류소,202004,357
동작구,2041. 사당중학교 버스정류소,202004,303
동작구,2048. 삼일초등학교 인근,202004,582
동작구,2050. 노량진역 5번출구,202004,3056
동작구,2054. 삼익아파트,202004,1221
동작구,2056. 동작구민 체육센터,202004,1044
동작구,2057. 상도 아이파크 아파트,202004,525
동작구,2058. 노량진동 맥도널드앞,202004,2413
동작구,2059. 보라매공원 정문,202004,1793
동작구,2060. 남성역3번출구 뒤,202004,1310
동작구,2061. 한강 현대아파트 건너편,202004,184
동작구,2062. 사당새마을금고,202004,349
동작구,2063. 대방역 4번출구,202004,1776
동작구,2064. 흑석한강푸르지오 106동앞,202004,335
동작구,2065. 서울시여성가족재단,202004,1075
동작구,2066. 양문교회 앞,202004,1254
동작구,2067. LG전자 베스트? 대리점 앞,202004,1003
동작구,2068. 총신대 앞(육교),202004,160
동작구,2069. 숭실대 입구역3번 출구 앞,202004,939
동작구,2070. 노량진역 2번 출구 앞,202004,1946
동작구,2071. 대림아파트 후문 상가 옆,202004,259
동작구,237. 보라매 두산위브 건너편,202004,1401
마포구,101. (구)합정동 주민센터,202004,758
마포구,102. 망원역 1번출구 앞,202004,3428
마포구,103. 망원역 2번출구 앞,202004,2636
마포구,104. 합정역 1번출구 앞,202004,2183
마포구,105. 합정역 5번출구 앞,202004,1322
마포구,106. 합정역 7번출구 앞,202004,6237
마포구,107. 신한은행 서교동금융센터점 앞,202004,2491
마포구,108. 서교동 사거리,202004,1831
마포구,109. 제일빌딩 앞,202004,866
마포구,111. 상수역 2번출구 앞,202004,2557
마포구,112. 극동방송국 앞,202004,1667
마포구,113. 홍대입구역 2번출구 앞,202004,6534
마포구,114. 홍대입구역 8번출구 앞,202004,3242
마포구,118. 광흥창역 2번출구 앞,202004,1508
마포구,119. 서강나루 공원,202004,2062
마포구,120. 신수동 사거리,202004,611
마포구,121. 마포소방서 앞,202004,941
마포구,122. 신성기사식당 앞,202004,1120
마포구,124. 서강대 정문 건너편,202004,1621
마포구,125. 서강대 남문 옆,202004,590
마포구,126. 서강대 후문 옆,202004,1424
마포구,127. 현대벤처빌 앞,202004,322
마포구,129. 신촌역(2호선) 6번출구 옆,202004,1221
마포구,130. 신촌역(2호선) 7번출구 앞,202004,2280
마포구,136. 대흥동 주민센터,202004,305
마포구,142. 아현역 4번출구 앞,202004,614
마포구,143. 공덕역 2번출구,202004,1317
마포구,144. 공덕역 8번출구,202004,4154
마포구,145. 공덕역 5번출구,202004,1331
마포구,146. 마포역 2번출구 뒤,202004,3158
마포구,147. 마포역 4번출구 뒤,202004,2831
마포구,148. 용강동 주민센터 앞,202004,2672
마포구,150. 서강대역 2번출구 앞,202004,1879
마포구,151. 망원1동주민센터,202004,2683
마포구,152. 마포구민체육센터 앞,202004,9343
마포구,153. 성산2교 사거리,202004,2024
마포구,154. 마포구청역,202004,2704
마포구,155. 가좌역1 번출구 뒤,202004,1395
마포구,156. 서울서부지방법원 앞,202004,998
마포구,157. 애오개역 4번출구 앞,202004,1456
마포구,181. 망원초록길 입구,202004,876
마포구,182. 망원2빗물펌프장 앞,202004,3699
마포구,183. 하늘채코오롱아파트 건너편,202004,2903
마포구,184. SK망원동주유소 건너편,202004,1975
마포구,185. 마포 신수공원 앞,202004,1687
마포구,186. 월드컵공원,202004,5233
마포구,199. 서울 월드컵 경기장,202004,1071
마포구,3001.마포구청역 3번출구,202004,1
마포구,3002.벽산상암스마트큐브,202004,20
마포구,3003.래미안신공덕3차아파트,202004,1
마포구,3004.마포자이3차아파트,202004,1
마포구,3005.마포구청 청사내,202004,2
마포구,3006. 상암월드컵파크5단지(상암중학교),202004,2
마포구,3007.MBC 앞,202004,1
마포구,3008.DMC역7번출구,202004,3
마포구,3009.서교동사거리(신),202004,1
마포구,3010.홍대입구역 3번출구,202004,4
마포구,3011.경의선(노고산동),202004,1
마포구,400. 상암한화오벨리스크 1차 앞,202004,876
마포구,401. 상암월드컵파크 10단지 앞,202004,964
마포구,402. 상암월드컵파크 9단지 앞,202004,934
마포구,403. 부엉이공원 앞,202004,598
마포구,405. DMC빌 앞,202004,729
마포구,406. 상암월드컵파크 7단지 앞,202004,664
마포구,407. 마포구 육아종합지원센터,202004,873
마포구,408. LG CNS앞,202004,983
마포구,409. 누리꿈스퀘어 옆,202004,2401
마포구,410. 상암중학교 옆,202004,482
마포구,411. DMC홍보관,202004,1278
마포구,412. DMC산학협력연구센터 앞,202004,1615
마포구,413. 상암월드컵파크 3단지 후문,202004,698
마포구,414. 상암동주민센터 옆,202004,1351
마포구,415. DMC역 9번출구 앞,202004,1875
마포구,416. 상암월드컵파크 1단지 교차로,202004,683
마포구,417. DMC역 2번출구 옆,202004,2145
마포구,418. 월드컵경기장역 3번출구 옆,202004,3997
마포구,419. 홈플러스 앞,202004,2984
마포구,420. 서울시 공공자전거 상암센터,202004,1937
마포구,421. 마포구청 앞,202004,3262
마포구,422. 문화비축기지,202004,134
마포구,424. 롯데하이마트 (상암월드컵점),202004,420
마포구,425. DMC첨단산업센터,202004,552
마포구,426. 서울신용보증재단,202004,1534
마포구,427. 성산시영아파트,202004,1362
마포구,432. 마포중앙도서관,202004,386
마포구,436. 이대역 5번출구,202004,371
마포구,437. 대흥역 1번출구,202004,1191
마포구,438. 성산2-1 공영주차장,202004,2401
마포구,439. 마포어린이공원,202004,2701
마포구,440. 하늘공원 입구,202004,1684
마포구,487.신석초교앞 교차로 교통섬,202004,1
마포구,489.구룡근린공원,202004,1
마포구,490.가온문화공원,202004,87
마포구,491.월드컵파크 4단지,202004,1
마포구,492.성산시영아파트 후문,202004,2
마포구,493.홍대입구역 6번출구,202004,5
마포구,495.염리초등학교 앞,202004,81
마포구,496.마포아트센터 앞,202004,2
마포구,497.합정동주민센터 앞,202004,2
마포구,498.연남동주민센터 앞,202004,1
서대문구,110. 사천교,202004,794
서대문구,115. 사루비아 빌딩 앞,202004,1376
서대문구,116. 일진아이윌아파트 옆,202004,1937
서대문구,117. 홍은사거리,202004,4118
서대문구,123. 문화촌 공원,202004,2740
서대문구,128. 신촌역(2호선) 1번출구 옆,202004,1824
서대문구,131. 증산2교,202004,3121
서대문구,133. 해담는다리,202004,2374
서대문구,134. 연세로 명물길,202004,1017
서대문구,135. 명물길 원형무대 앞,202004,734
서대문구,137. NH농협 신촌지점 앞,202004,373
서대문구,138. 신촌동 제1공영주차장 앞,202004,658
서대문구,139. 연세대 정문 건너편,202004,436
서대문구,140. 이화여대 후문,202004,699
서대문구,141. 연대 대운동장 옆,202004,669
서대문구,158. 독립문 어린이 공원,202004,924
서대문구,159. 이대역 4번 출구,202004,346
서대문구,160. 북아현동 가구거리,202004,858
서대문구,161. 무악재역1번 출구,202004,598
서대문구,162. 봉원고가차도 밑,202004,770
서대문구,163. 명지전문대학교 정문 앞,202004,460
서대문구,164. 북가좌1동 주민센터,202004,633
서대문구,165. 중앙근린공원,202004,1707
서대문구,166. 가재울 초등학교,202004,2905
서대문구,167. 연가초등학교 옆,202004,504
서대문구,169. 북가좌 삼거리,202004,635
서대문구,170. 가재울 뉴타운 주유소 옆,202004,1447
서대문구,171. 임광빌딩 앞,202004,817
서대문구,173. 서대문역 8번출구 앞,202004,736
서대문구,175. 홍연2교옆,202004,2848
서대문구,176. 명지대학교 도서관,202004,2235
서대문구,177. 북가좌 초등학교,202004,617
서대문구,178. 증산3교 앞,202004,1279
서대문구,179. 가좌역 4번출구 앞,202004,1648
서대문구,180. 충정로역 7번출구 아래,202004,1085
서대문구,188. 홍은동 정원여중 입구,202004,1575
서대문구,191. 서우빌딩(바른학원),202004,928
서대문구,192. 연서어린이공원,202004,612
서대문구,194. 증산교 앞,202004,2018
서대문구,195. 모래내고가차도,202004,674
서대문구,196. 연희교차로 인근,202004,389
서대문구,198. 충정2교,202004,910
서대문구,3100. 북성초교,202004,261
서대문구,3101. 서대문구청,202004,1311
서대문구,3102. 연희삼거리,202004,1299
서대문구,3103. 홍제삼거리 북측,202004,986
서대문구,3104. e편한세상 신촌4단지 앞,202004,934
서대문구,3105. 홍은센트레빌 아파트 앞,202004,304
서대문구,3106. 홍남교 두바퀴쉼터,202004,2293
서대문구,3107. 연희초등학교 앞,202004,502
서대문구,3108.서울홍성교회,202004,2
서대문구,3109.북한산더? 106동 앞,202004,1
서대문구,3110.홍은 현대아이파크 아파트 202동 앞,202004,1
서대문구,3111.무악재역 4번 출구,202004,1
서대문구,3112.독립문역 5번 출구,202004,1
서대문구,3113.독립문역사거리,202004,2
서대문구,3114.충정로역 3번 출구,202004,1
서대문구,3115.북아현 치안센터 인근,202004,1
서대문구,3116.신촌역 4번출구,202004,1
서대문구,3117.이화여대 인문관 인근,202004,1
서대문구,3118.연대 정문앞,202004,1
서대문구,3119.연희 브라운스톤 아파트 앞,202004,4
서대문구,3120.DMC엘가아파트 앞,202004,2
서대문구,3121.가좌삼거리,202004,1
서대문구,3122.북가좌삼거리2,202004,2
서대문구,3124.DMC센트럴아이파크아파트,202004,2
서대문구,3125.연희파크푸르지오아파트 앞,202004,1
서대문구,3126.남가좌동 제2공영주차장,202004,2
서대문구,3127.홍은2파출소 옆,202004,1
서대문구,3128.동신병원 맞은편,202004,1
서대문구,3129.DMC래미안e편한세상203동옆,202004,1
서대문구,3130.가재울사거리,202004,1
서대문구,3132.홍제교,202004,1
서대문구,3133.핀란드 타워앞,202004,1
서대문구,3134.SK리쳄블(상수도사업본부),202004,2
서초구,2201. 본마을 정류소 앞,202004,255
서초구,2202.청계산입구역 1번출구,202004,976
서초구,2203. 청계산입구역 2번출구,202004,257
서초구,2205. 내곡3단지 어린이공원 앞,202004,457
서초구,2206. 언남초등학교 앞,202004,966
서초구,2207. 내곡파출소 뒤 정자,202004,115
서초구,2210. 반포1동 주민센터 앞,202004,506
서초구,2211. 서초구립반포도서관 앞,202004,899
서초구,2212.서초현대4차아파트 201동 맞은편,202004,425
서초구,2213. 고속터미널역 5번출구 앞,202004,1597
서초구,2214. 신반포역 2번출구 앞,202004,2223
서초구,2215. 반포종합운동장 입구,202004,1004
서초구,2217.아크로리버뷰 부지 앞,202004,4060
서초구,"2219. 고속터미널역 8-1번, 8-2번 출구 사이",202004,9652
서초구,2220. 반포본동 주민센터 앞,202004,3714
서초구,2221.하나은행 방배동지점 앞,202004,1395
서초구,2222.사당역 12번출구 뒤,202004,1956
서초구,2223. 방배래미안 정문 앞,202004,305
서초구,2225.백석예술대학교 제3캠퍼스 앞,202004,126
서초구,2226. 신동아럭스빌아파트 앞,202004,174
서초구,2227.방배열린문화센터 앞,202004,1147
서초구,2228.뒷벌공원 옆,202004,1680
서초구,2229.로고스교회 맞은 편,202004,334
서초구,2230.이수역 4번 출구,202004,1923
서초구,2231. 삼성타운(삼성생명) A동 맞은편,202004,1771
서초구,2233. 서초신동아1차아파트 옆,202004,671
서초구,2235.KT 서초지사 앞,202004,625
서초구,2237.서울남부터미널 대합실 입구,202004,955
서초구,2239.교대역 6번출구,202004,459
서초구,2241.양재전화국 사거리,202004,304
서초구,2242.양재역 11번 출구 앞,202004,985
서초구,2243.서울가정법원,202004,639
서초구,2244.교육개발원입구 교차로,202004,1375
서초구,2245.양재초등학교 맞은편,202004,545
서초구,2246. 서울시 품질시험소 앞,202004,604
서초구,2247.섬들근린공원,202004,1503
서초구,2248. 서초리슈빌S 글로벌 앞,202004,414
서초구,2249. 우솔초등학교 맞은편,202004,372
서초구,2250. 서초유치원 맞은편,202004,801
서초구,2251. 더케이호텔 입구(양재2),202004,872
서초구,2252. 하이브랜드 앞,202004,1278
서초구,2255.시민의숲역 1번출구 옆,202004,1936
서초구,2256.양재동 꽃시장 입구,202004,694
서초구,2257. 하나로클럽 양재점 맞은편,202004,320
서초구,2258.구룡사 삼거리,202004,220
서초구,2259. 잠원역 3번-4번 출구사이,202004,1102
서초구,2262. 한신16차아파트 119동 앞,202004,5712
서초구,2263. 바우뫼문화복지회관,202004,584
서초구,2264. 이수역 1번출구,202004,2395
서초구,2265. 이수고가차도 남단,202004,1904
서초구,2266. 서초역 3번출구,202004,771
서초구,2268. 서초4동주민센터,202004,692
서초구,2269. 주홍교 하부,202004,345
서초구,2270. 서초포레스타 7단지,202004,466
서초구,2271. 내방역 8번출구 앞,202004,753
서초구,2272. 교대입구 교차로,202004,221
서초구,2273. 일동제약 사거리,202004,801
서초구,2274. 양재시민의숲역 3번출구,202004,1283
서초구,2275. 염곡치안센터 건너편,202004,61
서초구,2276. 영동1교 (양재천근린공원),202004,1013
서초구,2277. 길마중4교 하부,202004,1219
서초구,2279. 교대역 5번출구뒤,202004,1065
서초구,2280. 서울서초고용센터앞,202004,565
서초구,2281. 연세사랑병원신관앞,202004,364
서초구,2282. 방배래미안아트힐 101동앞,202004,191
서초구,2283. 그룹한빌딩옆,202004,238
서초구,2284. CJ오쇼핑앞,202004,167
서초구,2285. LH서초3단지 301동 맞은편,202004,626
서초구,2286. 탑성마을입구,202004,46
서초구,2287. 능안마을입구,202004,29
서초구,2288. 안골마을입구,202004,22
서초구,2289. 남태령역 2번출구,202004,148
서초구,2290. 서래마을파리15구공원앞,202004,1157
서초구,2292. 무지개아파트 앞,202004,322
서초구,2293. SPC 앞,202004,659
서초구,2294. 두상빌딩 앞,202004,1117
서초구,2297. 남부터미널역 1번출구,202004,646
서초구,2298. 래미안서초스위트앞,202004,414
서초구,2299. 한전아트센터 앞,202004,646
서초구,2501. 서초 포레스타5단지,202004,710
서초구,2502. 서초역1번출구 앞,202004,459
서초구,2503. 반포1동 서초빌딩 앞,202004,925
서초구,2504. 신사역 4번출구 뒤,202004,1097
서초구,2505. 우성아파트사거리 (기업은행앞),202004,1058
서초구,2506. LG유플러스 (방배사옥),202004,276
서초구,2508. 양재이스타빌 앞,202004,1054
서초구,2509. KT반포지사,202004,699
서초구,2510. JW타워,202004,249
서초구,2511. 이수역 6번출구 앞,202004,998
서초구,2529.우리은행 방배동지점 앞,202004,4
서초구,2540.반포천 앞,202004,1
서초구,2546.한신18차아파트,202004,3
성동구,3511. 응봉역 1번출구,202004,5541
성동구,3513. 상왕십리역 1번출구,202004,1290
성동구,3514. 왕십리교회옆,202004,1697
성동구,3515. 서울숲 관리사무소,202004,6022
성동구,3519. 용답역 1번 출구,202004,4112
성동구,3525. 금호스포츠센터앞,202004,2226
성동구,3527. 왕십리 자이아파트,202004,29
성동구,3530. 왕십리자이아파트 후문(삼거리),202004,266
성동구,3531. 논골사거리(금호도서관 입구),202004,100
성동구,3532. 왕십리KCC스위첸아파트,202004,105
성동구,3538. 서울숲 IT캐슬,202004,1124
성동구,3544.한양대역 3번 출구,202004,3
성동구,3545.한양대역 1번출구,202004,2
성동구,3550.금호나들목,202004,1
성동구,3551.성동도로사업소,202004,1
성동구,3552.서울숲 공영주차장앞,202004,2
성동구,3553.마장역3번출구,202004,2
성동구,3555.양지사거리(센트라스APT 115동앞),202004,1
성동구,3556.신금호파크자이APT앞,202004,1
성동구,3557.서울숲리버뷰자이APT105동 앞,202004,2
성동구,3558.마장동 금호어울림APT앞,202004,2
성동구,3559.성동구민종합체육센터 앞,202004,2
성동구,3560.성동구 견인차량 보관소 앞,202004,2
성동구,3561.행당동 삼부APT후문,202004,1
성동구,3562.행당중학교 후문,202004,1
성동구,506. 금호 어울림 아파트 앞,202004,445
성동구,507. 성수아이에스비즈타워 앞,202004,1260
성동구,508. 성수아카데미타워 앞,202004,1401
성동구,509. 이마트 버스정류소 옆,202004,3109
성동구,510. 서울숲 남문 버스정류소 옆,202004,2879
성동구,511. 서울숲역 4번 출구 옆,202004,2909
성동구,512. 뚝섬역 1번 출구 옆,202004,4172
성동구,513. 뚝섬역 5번 출구 정류소 옆,202004,2951
성동구,514. 성수사거리 버스정류장 앞,202004,2085
성동구,518. 청계천 박물관 앞,202004,1006
성동구,519. 양지사거리,202004,873
성동구,520. 상왕십리역 4번 출구 앞,202004,814
성동구,521. 왕십리역 11번 출구 앞,202004,1949
성동구,522. 금호역 1번출구 앞,202004,342
성동구,523. 옥수동성당 옆,202004,75
성동구,524. 래미안금호하이리버 아파트 102동 옆,202004,550
성동구,525. 한양대병원사거리,202004,4204
성동구,526. 용답토속공원 앞,202004,1327
성동구,529. 장한평역 8번 출구 앞,202004,1103
성동구,530. 청계벽산아파트 앞,202004,1656
성동구,533. 우리은행 금호동 지점 앞,202004,580
성동구,534. 금호사거리,202004,432
성동구,535. 응봉삼거리,202004,787
성동구,536. 행당역 2번출구 앞,202004,1204
성동구,537. 한양대후문역 부근,202004,1701
성동구,538. 답십리역 8번출구 앞,202004,635
성동구,550. 서울시설공단 앞,202004,1183
성동구,556. 달맞이공원,202004,346
성동구,557. 도선동 주민센터 앞,202004,1037
성동구,558. 성동광진 교육지원청 앞,202004,1561
성동구,559. 왕십리역 4번 출구 건너편,202004,2376
성동구,560. 비전교회 앞,202004,1518
성동구,561. 서울숲역 2번출구 앞,202004,1976
성동구,562. 군자지하보도 앞,202004,1227
성동구,563. 성동세무서 건너편,202004,1653
성동구,564. 금호역 3번출구,202004,137
성동구,565. 옥수역 3번출구,202004,7015
성동구,567. 성수역 2번출구 앞,202004,2745
성동구,568. 청계8가사거리 부근,202004,3076
성동구,569. 응봉현대아파트 정류소,202004,330
성동구,578. 성동세무서 부근,202004,1504
성동구,579. 마장역 4번출구,202004,1550
성동구,580. 신금호역 3번출구 뒤,202004,10
성동구,581. 용답초등학교,202004,540
성동구,582. 경일중학교 앞,202004,1443
성동구,583. 청계천 생태교실 앞,202004,7817
성동구,585. 성수2가1동 공영주차장 인근,202004,2759
성동구,586. 마장동 주민센터,202004,748
성동구,587. 유니베라 앞,202004,1469
성동구,589. 성수역3번출구,202004,3241
성동구,594. 중랑물재생센터(서울새활용플라자),202004,488
성북구,1302. 한성대입구역6번출구 뒤,202004,677
성북구,1303. 돈암초교 입구,202004,1074
성북구,1304. 만해공원,202004,275
성북구,1305. 성북구청,202004,1071
성북구,1306. 한성대입구역2번출구,202004,2107
성북구,1308. 안암로터리 버스정류장 앞,202004,5434
성북구,1314. 정릉꿈에그린1단지 201동 앞,202004,456
성북구,1315. 고려사대부속중고 정문,202004,599
성북구,1316. 고려사대부속중고 건너편,202004,171
성북구,1318. 길음역 3번출구 뒤,202004,1190
성북구,1319. 종암사거리 분수대,202004,2922
성북구,1320. LG베스트샵 종암점,202004,1991
성북구,1321. 국민은행 종암동지점 앞,202004,2204
성북구,1322. 래미안라센트아파트 103동 앞,202004,569
성북구,1323. 월곡역 입구 육교 밑,202004,1022
성북구,1325. 상월곡역 4번출구,202004,584
성북구,1326. 상월곡역 1번출구,202004,848
성북구,1327. 상월곡역 3번출구,202004,1221
성북구,1328. 월곡역 3번출구,202004,2699
성북구,1332. 석계역 5번출구 건너편,202004,2559
성북구,1333. 석관초등학교 앞,202004,1851
성북구,1334. 석관동주민센터 앞,202004,1047
성북구,1336. 성북3교 위,202004,2269
성북구,1337. 돈암성당 옆,202004,3658
성북구,1338. 용문2교 옆,202004,1037
성북구,1339. 삼성전자서비스 성북센터,202004,1300
성북구,1340. 광운초등학교 앞,202004,1559
성북구,1342. 성북쉼터 앞,202004,212
성북구,1343. 한성대7번출구 앞,202004,752
성북구,1344. 아리랑시네센터 앞,202004,690
성북구,1346. 길음8골어린이공원 옆,202004,927
성북구,1347. 길음래미안아파트817동 상가 앞,202004,479
성북구,1348. 성북제일새마을금고 본점 앞,202004,519
성북구,1349. 월계2교 버스정류장 앞,202004,770
성북구,1351. 안암2교 옆,202004,2126
성북구,1352. e 편한세상 보문아파트 내,202004,278
성북구,1353. 금호어울림센터힐 내,202004,325
성북구,1354. 고려대학교 2번출구,202004,1991
성북구,1355. 보문2교,202004,3369
성북구,1357. 북한산보국문역,202004,647
성북구,1358. 정릉도서관 앞,202004,680
성북구,1359. 장위뉴타운 꿈에 숲 코오롱 하늘채 앞,202004,1088
성북구,1360. 정릉역,202004,904
성북구,1361. 홍익중고 입구,202004,1136
성북구,1362. 보문역6번출구 앞,202004,1418
성북구,1363. 보문4교 인근,202004,1965
성북구,1364. 성북동 치안센터 앞,202004,664
성북구,1365. 선잠단지 앞,202004,271
성북구,1366. 일신초등학교 옆,202004,535
성북구,1367. 길음문화복합미디어센터,202004,406
성북구,1368. 성신여대입구 교차로,202004,1278
성북구,1369. 미아사거리,202004,1642
성북구,1370. 복자사랑 피정의 집,202004,481
성북구,1372. KEB은행 고대점,202004,2247
성북구,1373. 성북구보건소 건너편,202004,1038
성북구,1375. 생명의 전화 종합복지관 앞 교차로,202004,1837
성북구,1376. 한국과학기술연구원 중문,202004,270
성북구,1377. 한국과학기술연구원 북문,202004,196
성북구,1379.길음뉴타운푸르지오아파트 3단지,202004,0
성북구,1380.월곡역 5번출구 앞,202004,3
성북구,1381.석계역 4번출구 뒤,202004,1
성북구,1383.성북동 주민센터 건너편,202004,4
성북구,1384.성신여대입구역 5번출구,202004,1
성북구,1386.동선고가차도 초입,202004,1
성북구,1388.커핀그루나루,202004,2
성북구,1390.석관래미안아트리치,202004,1
성북구,1391.성북청소년센터,202004,2
성북구,1392.돈암삼성풍림아파트,202004,1
성북구,1393.돈암육교 하단,202004,1
성북구,1394.길음뉴타운 래미안9단지,202004,36
성북구,1395.래미안장위포레카운티(102동),202004,1
성북구,1396.래미안장위퍼스트하이(513동),202004,2
송파구,1201. 가락시장역 3번 출구,202004,2250
송파구,1203. 밀리아나2빌딩 앞,202004,2616
송파구,1204. 거여역 3번출구,202004,1273
송파구,1205. 종합운동장역 4번출구,202004,1426
송파구,1206. 9호선종합운동장역 9번출구,202004,1694
송파구,1207. 마천CU우방점 앞,202004,970
송파구,1208. 풍납현대아파트쉼터,202004,2117
송파구,1209. 잠실나루역 (2번 출구 쪽),202004,5185
송파구,1210. 롯데월드타워(잠실역2번출구 쪽),202004,6270
송파구,1211. 방이삼거리,202004,3138
송파구,1212. 송파역 2번 출구앞,202004,3589
송파구,1213. 백토공원 앞,202004,1119
송파구,1214. 오금역 7번 출구 인근,202004,1378
송파구,1215. 올림픽공원역 1번출구 앞,202004,1552
송파구,1217. 송파파인타운 7단지,202004,928
송파구,1218. 방이역 4번출구,202004,2404
송파구,1220. 잠실본동주민센터뒤 잠실근린공원,202004,1634
송파구,1221. 삼전사거리 포스코더샵,202004,1889
송파구,1222. 잠실새내역 5번 출구 뒤,202004,5911
송파구,1224. 아시아지하보도 2번 출구,202004,1847
송파구,1226. 잠실4동 주민센터 옆,202004,1888
송파구,1227. 거여역 8번출구 뒤,202004,1405
송파구,1228. 마천사거리,202004,1347
송파구,1229. 송파체육문화회관 앞,202004,923
송파구,1230. 송파중학교 정문,202004,1074
송파구,1231. 잠실역 6번출구,202004,3033
송파구,1232. 롯데마트 주차장 옆,202004,1523
송파구,1233. 잠실3거리(갤러리아팰리스),202004,912
송파구,1235. 잠실트리지움310동 옆,202004,1861
송파구,1239. 문정 법조단지3,202004,558
송파구,1240. 문정 법조단지4,202004,511
송파구,1241. 문정 법조단지5,202004,455
송파구,1242. 문정 법조단지6,202004,182
송파구,1243. 문정 법조단지7,202004,2722
송파구,1244. 문정 법조단지8,202004,2106
송파구,1245. 문정 법조단지9,202004,1669
송파구,1246. 문정 법조단지10,202004,1622
송파구,1247. 문정 법조단지11,202004,1209
송파구,1248. 방이초등학교,202004,1884
송파구,1249. 아주중학교건너편,202004,995
송파구,1250.문정2동 주민센터,202004,607
송파구,1251. 석촌역 2번출구,202004,3484
송파구,1253. 오금역 3번 출구 뒤,202004,907
송파구,1256. 문정현대아파트 교차로,202004,905
송파구,1257. 가락시장역 롯데마트앞,202004,1754
송파구,1258. 가락미륭아파트 앞,202004,447
송파구,1259. 방이역 1번출구,202004,2079
송파구,1260. 방이동 한양3차아파트 옆,202004,1653
송파구,1262. 송파여성문화회관 앞,202004,1620
송파구,1263. 장지공영차고지,202004,274
송파구,1264. 천호역 10번 출구 앞,202004,2367
송파구,1265. 문정동 근린공원,202004,2016
송파구,1266. 문정동 글샘 공원,202004,560
송파구,1267. 올림픽공원 남2문 앞,202004,1416
송파구,1268. 몽촌토성역 1번출구 옆,202004,4886
송파구,1269. 리센츠아파트,202004,1314
송파구,1271. 송파도서관,202004,1082
송파구,1274. 영파여고 앞,202004,1013
송파구,1275. 거여초등학교 옆,202004,578
송파구,1277. 오금동 송파 참병원,202004,1634
송파구,1278. 송파구청 교차로,202004,2587
송파구,1279. 마천금호어울림 1차아파트 건너편,202004,694
송파구,1280. 송파파크데일 2단지입구 앞 주차장,202004,811
송파구,1282. 송파소방서 맞은편(성내4교),202004,2023
송파구,1283. 오금공원 사거리,202004,464
송파구,1285. 위례별 유치원 뒤,202004,871
송파구,1286. 위례중앙푸르지오 1단지 앞,202004,1422
송파구,1287. 위례아이파크 101동 맞은편,202004,573
송파구,1288. 문정중교 사거리,202004,1518
송파구,1289. 풍납동 자전거보관소,202004,797
송파구,1290. 위례송파꿈에그린아파트24단지 앞 성벽 다리 밑,202004,858
송파구,1291. 서울체육고등학교 앞,202004,1290
송파구,1293. 석촌호교차로 (스타벅스 앞),202004,1973
송파구,1295. 잠실역 8번출구,202004,4824
송파구,1296. 석촌호수교차로 (송파나루근린공원 앞),202004,821
송파구,1297. 석촌호수교차로(동호 팔각정 앞),202004,1914
송파구,1299. 송파소방서 (방이119안전센터),202004,529
송파구,1300. 오륜사거리,202004,765
송파구,2601. 석촌호수 서호사거리,202004,1873
송파구,2603. 송파 글마루 도서관,202004,824
송파구,2604. 삼표레미콘 앞,202004,994
송파구,2605. 복정역 1번 출구 앞,202004,595
송파구,2606. 위례동주민센터 맞은편 근린공원,202004,1179
송파구,2607. 복정역 2번출구 후문 (장지치안센터),202004,847
송파구,2608. 송파구청,202004,1317
송파구,2609. 보성중고등학교 후문 앞,202004,159
송파구,2610. 여흥레이크빌 앞 (석촌호수 까페거리),202004,1423
송파구,2611. 송파지역자활센터 뒤,202004,1590
송파구,2612. 문정·가락 대여소 앞,202004,139
송파구,2613. 잠실나들목,202004,4711
송파구,2614. 가락고등학교 앞,202004,1316
송파구,2615. 테라타워2,202004,2198
송파구,2616. 거여동 사거리,202004,569
송파구,2617. 가락삼환아파트 앞,202004,1484
송파구,2618. 삼전역 1번출구,202004,1684
송파구,2619. 석촌고분역 4번출구,202004,2949
송파구,2620. 송파나루역 4번 출구옆,202004,3379
송파구,2621. 한성백제역 2번 출구,202004,4073
송파구,2622. 올림픽공원역 3번출구,202004,5500
송파구,2623.석촌동 주민센터,202004,5
송파구,"2626.경찰병원역 1,2번 출구 사이",202004,5
송파구,2629.문정동 힐스데이트 에코 송파,202004,2
송파구,2634.위례포레샤인아파트 2318동,202004,1
송파구,2639.석촌역 8번출구,202004,1
송파구,2644.성내5교 (GS주유소),202004,1
송파구,2646.레이클펠리스101동앞,202004,1
송파구,2649.오금공원사거리2,202004,1
양천구,700. KB국민은행 염창역 지점 앞,202004,2610
양천구,701. 목동사거리 부근,202004,784
양천구,702. 목4동주민센터 옆,202004,1052
양천구,703. 오목교역 7번출구 앞,202004,3649
양천구,704. 남부법원검찰청 교차로,202004,3581
양천구,706. 신정네거리역,202004,1609
양천구,707. 신정3동주민센터,202004,583
양천구,708. 서울출입국관리사무소 앞,202004,3034
양천구,709. 신정3동 현장민원실 앞,202004,712
양천구,710. 서부화물트럭터미널 사거리,202004,468
양천구,711. 신일해피트리아파트 앞,202004,529
양천구,712. 강월초교입구 사거리,202004,900
양천구,713. 양서중학교 옆,202004,910
양천구,714. 한국SGI 양천문화회관 앞,202004,858
양천구,716.신정6동 주민센터 인근,202004,2552
양천구,719. 홍익병원앞 교차로,202004,1387
양천구,720. 서울강월초등학교 앞,202004,454
양천구,722. LG전자베스트샵 신정점,202004,1965
양천구,723. SBS방송국,202004,2649
양천구,724. 계남공원 입구 주출입구 좌측,202004,258
양천구,725. 양강중학교앞 교차로,202004,507
양천구,726. 목동3단지 시내버스정류장,202004,1780
양천구,729. 서부식자재마트 건너편,202004,1885
양천구,731. 서울시 도로환경관리센터,202004,2150
양천구,732. 신월동 이마트,202004,887
양천구,733. 신정이펜하우스314동,202004,715
양천구,734. 신트리공원 입구,202004,1319
양천구,735. 영도초등학교,202004,1730
양천구,736. 오솔길공원,202004,1064
양천구,737. 장수공원,202004,835
양천구,739. 신월사거리,202004,316
양천구,740. 으뜸공원,202004,1083
양천구,741. 화곡로 입구 교차로,202004,364
양천구,742. 등촌역 5번 출구 뒤,202004,831
양천구,743. 현대6차아파트 101동 옆,202004,537
양천구,744. 신목동역 2번 출구,202004,1572
양천구,745. 강서초등학교,202004,812
양천구,746. 목동2단지 상가,202004,1883
양천구,747. 목동3단지 상가,202004,880
양천구,748. 목동운동장,202004,326
양천구,749. 이대 목동병원 앞,202004,1764
양천구,750. 연의근린공원 건너편,202004,954
양천구,752. 성원2차 아파트,202004,891
양천구,754. 목동1단지아파트 118동 앞 (월촌초등학교 정류소 옆),202004,1025
양천구,755. 목동1단지아파트 상가 앞 (월촌중학교 버스정류소 옆),202004,1924
양천구,756. 목동주차장,202004,1662
양천구,757. 신정이펜하우스 1단지아파트 입구 사거리,202004,503
양천구,758. 한사랑교회 앞,202004,1549
양천구,759. 보아스아파트 앞,202004,722
양천구,760. 잣절보도육교 아래,202004,488
양천구,762. 오목로 무중력지대 앞,202004,2262
양천구,763. 목동11단지 아파트,202004,772
양천구,764. 목동청소년수련관,202004,1831
양천구,765. 오목교역 3번출구,202004,3866
양천구,766. 신목동역 3번출구,202004,2993
양천구,767.신정숲속마을아파트,202004,1
양천구,768.목동5단지아파트 501동,202004,1
양천구,769.CBS방송국 앞,202004,1
양천구,770.목동역5번출구 교통정보센터 앞,202004,7
양천구,771.목동아파트 703동 앞,202004,1
양천구,"773.염창역 3, 4번 출구 사이",202004,1
양천구,774.등촌역 4번 출구,202004,1
양천구,775.세종그랑시아 앞(102동),202004,2
양천구,777.신월6차보람아파트 앞,202004,1
양천구,779.양천나눔누리센터,202004,1
양천구,780.신정교 하부,202004,1
양천구,781.신정보도육교 아래,202004,2
양천구,782.서남병원 후문,202004,2
양천구,783.명가원설놀탕 앞(신정4동),202004,1
양천구,"785.양천구청, 보건소 사잇길",202004,283
양천구,786.목동아파트 8단지 상가동 앞,202004,2
양천구,787.양천아파트 입구,202004,344
양천구,788.양천구청역 2번출구 옆,202004,427
양천구,790.화곡고가 사거리,202004,1
양천구,791.현대하이페리온,202004,6
양천구,792.목동트라팰리스 웨스턴에비뉴,202004,53
양천구,793.목동5단지아파트 534동,202004,1
영등포구,200. 국회의원회관,202004,583
영등포구,201. 진미파라곤 앞,202004,2106
영등포구,202. 국민일보 앞,202004,4491
영등포구,203. 국회의사당역 3번출구 옆,202004,1770
영등포구,204. 국회의사당역 5번출구 옆,202004,1421
영등포구,205. 산업은행 앞,202004,1948
영등포구,206. KBS 앞,202004,2738
영등포구,207. 여의나루역 1번출구 앞,202004,16546
영등포구,209. 유진투자증권빌딩 앞,202004,1266
영등포구,210. IFC몰,202004,5691
영등포구,211. 여의도역 4번출구 옆,202004,2930
영등포구,212. 여의도역 1번출구 옆,202004,2116
영등포구,213. KT앞,202004,1735
영등포구,214. 금융감독원 앞,202004,1212
영등포구,215. 여의도고교 앞,202004,1691
영등포구,216. 삼부아파트1동 앞,202004,1233
영등포구,217. NH농협은행 앞,202004,1606
영등포구,218. 증권거래소 앞,202004,994
영등포구,219. 롯데캐슬엠파이어 옆,202004,1188
영등포구,220. 미성아파트 A동 앞,202004,1654
영등포구,221. 여의도초교 앞,202004,2651
영등포구,222. 시범아파트버스정류장 옆,202004,3463
영등포구,223. 진주아파트상가 앞,202004,1489
영등포구,224. 롯데캐슬 앞,202004,1910
영등포구,225. 앙카라공원 앞,202004,1770
영등포구,226. 샛강역 1번출구 앞,202004,2087
영등포구,227. 양평2나들목 보행통로 입구,202004,3008
영등포구,228. 선유도역 3번출구 앞,202004,4412
영등포구,229. 양평1 보행육교 앞,202004,2609
영등포구,230. 영등포구청역 1번출구,202004,3782
영등포구,231. 남부고용노동지청 남측,202004,871
영등포구,232. 양평우림 이비즈센타 앞,202004,3320
영등포구,233. YP 센터 앞,202004,486
영등포구,234. 영등포구민체육센터 앞,202004,833
영등포구,235. 신길동 우리은행 옆,202004,1017
영등포구,236. 문래동자이아파트 앞,202004,1701
영등포구,238. 제2구민체육센타 앞,202004,1620
영등포구,239. 유스호스텔 앞,202004,1135
영등포구,240. 문래역 4번출구 앞,202004,1880
영등포구,241. 신길우성1차아파트 앞 공원,202004,1171
영등포구,242. 신길선원가와인아파트 앞,202004,953
영등포구,243. 이앤씨드림타워 앞,202004,1784
영등포구,244. 영등포삼환아파트 앞,202004,1805
영등포구,245. 삼성생명 당산사옥 앞,202004,2203
영등포구,247. 당산역 10번출구 앞,202004,5249
영등포구,248. 초원아파트 앞,202004,3898
영등포구,249. 여의도중학교 옆,202004,4721
영등포구,250. 대림아파트 사거리,202004,946
영등포구,251. 서울지방병무청 버스정류장,202004,1398
영등포구,252. 보라매역4번출구,202004,1436
영등포구,253. 신풍역 5번출구 인근,202004,1437
영등포구,254. 도림신협 앞,202004,1051
영등포구,255. 도림4거리,202004,1292
영등포구,256. 동아에코빌입구,202004,1125
영등포구,257. 신길삼거리(우리은행),202004,2890
영등포구,258. 신길역3번출구,202004,1326
영등포구,259. 대방역6번출구,202004,3106
영등포구,260. 여의도 마리나선착장 앞,202004,602
영등포구,262. 영문초등학교 사거리,202004,2512
영등포구,263. 근로자회관 사거리,202004,2661
영등포구,264. 교보생명보험 앞,202004,1308
영등포구,265. 영등포유통상가 사거리,202004,1154
영등포구,266. 영등포청과시장 사거리,202004,699
영등포구,267. 삼성화재 사옥 옆,202004,1821
영등포구,268. 그랜드컨벤션센터 앞,202004,1718
영등포구,270. 증권거래소후문교차로,202004,953
영등포구,271. 샛강생태공원방문자센터 앞,202004,813
영등포구,272. 당산육갑문,202004,7678
영등포구,274. 영등포역지하쇼핑센타 5번출구,202004,3998
영등포구,275. 신동아아파트,202004,2466
영등포구,276. SK 영등포주유소,202004,1793
영등포구,277. 영등포뉴타운지하상가 2번게이트,202004,1753
영등포구,278. 쌍용플레티넘오피스텔,202004,2286
영등포구,279. 영등포 푸르지오 아파트,202004,1698
영등포구,280. 양평동6차현대아파트 앞,202004,1787
영등포구,281. 신동아아파트 앞,202004,934
영등포구,282. 신한은행,202004,468
영등포구,283. 아크로타워 스퀘어(영등포시장),202004,2703
영등포구,284. 센트럴 푸르지오 시티 앞,202004,3422
영등포구,285. 대림3동사거리(하나은행),202004,525
영등포구,286. 우성아파트 교차로,202004,976
영등포구,287. 영등포전화국사거리 (서강어린이공원),202004,1844
영등포구,288. 쌍용예가(구청별관),202004,693
영등포구,289. 대림3동사거리,202004,725
영등포구,290. 당산동 SK V1 빌딩,202004,1577
영등포구,291. 문래동 하이테크 시티,202004,2030
영등포구,292. 영일 어린이공원,202004,733
영등포구,293. 충북 미래관,202004,2693
영등포구,296.KT플라자 영등포점,202004,2
영등포구,3205.문래중학교,202004,2
영등포구,3206.문래동 주민센터,202004,3
영등포구,3220.래미안에스티움 앞 (신풍로),202004,1
영등포구,3221.서울특별시 남부교육지원청,202004,1
용산구,800. 목월공원 앞,202004,1493
용산구,802. 한강진역 2번 출구 앞,202004,675
용산구,803. 한남초교 앞 보도육교,202004,576
용산구,805. 문배어린이공원 앞,202004,1085
용산구,806. 전자랜드 본관 앞,202004,993
용산구,807. 서울역 12번 출구 앞,202004,995
용산구,808. 서빙고동 금호맨션 앞,202004,612
용산구,809. 한남 유수지 복개주차장,202004,1401
용산구,810. 이태원지하보도,202004,795
용산구,811. 녹사평역1번출구,202004,634
용산구,812. 용산전쟁기념관,202004,412
용산구,813. 삼각지역 3번출구,202004,1100
용산구,815. LIG강촌아파트 103동앞,202004,2009
용산구,816. 신용산역 6번출구 앞,202004,2936
용산구,817. 삼각지역 4번출구 앞,202004,687
용산구,818. 숙명여대 입구 교차로,202004,1449
용산구,819. 선린인터넷 고등학교,202004,1063
용산구,820. 청파동입구 교차로,202004,793
용산구,822. 이촌1동 마을공원,202004,591
용산구,823. 효창동주민센터 앞,202004,263
용산구,825. 서빙고동 주민센터 앞,202004,4210
용산구,827. 국군복지단,202004,100
용산구,828. 숙대입구역 8번,202004,794
용산구,829. 베르가모앞,202004,4414
용산구,830. 청암자이아파트앞,202004,672
용산구,831. 이태원관광특구입구,202004,520
용산구,832. 이촌1동 주민센터 뒤,202004,3442
용산구,834. 효창공원앞역 3번출구 뒤,202004,1820
용산구,835. 남영역 건너편,202004,974
용산구,836. 현대자동차서비스 앞,202004,1629
용산구,837. 한남나들목 입구,202004,3063
용산구,838. 숙대입구역 4번출구,202004,1089
용산구,839. 보광동 삼성리버빌아파트 앞,202004,1240
용산구,840. 용산 파크타워 앞,202004,616
용산구,841. 신용산역 1번 출구,202004,2234
용산구,843. 녹사평역 광장,202004,1403
용산구,844. 이촌2동 동원베네스트 아파트 앞,202004,1089
용산구,845. 용산 선인상가,202004,772
용산구,846. 용산중학교,202004,894
용산구,847. 국방부민원실옆,202004,75
용산구,848. 삼각지12번 출구,202004,120
용산구,849. 삼각지 자이아파트,202004,320
용산구,850. KCC용산월츠타워,202004,160
용산구,851.효창 푸르지오 앞,202004,58
용산구,852.청암자이APT(103동),202004,1
용산구,853.용산역 맞은편,202004,1
용산구,854.HID 유족동지회 앞,202004,93
용산구,855.이촌역5번출구 앞,202004,1
용산구,857. 현대 안성타워,202004,1
용산구,858.녹사평역3번 출구,202004,2
용산구,859.남산공원 야외식물원 앞,202004,1
용산구,860.LG한강 자이아파트 앞,202004,1
용산구,861.삼익상가 앞,202004,2
용산구,862.원효아파트,202004,1
용산구,863.이촌역2번 출구,202004,3
용산구,864.순천향대학병원(한남오거리),202004,267
용산구,865.하얏트호텔 앞,202004,33
용산구,866.브라운스톤 남산아파트,202004,1
용산구,867.서빙고역 광장(1번출구),202004,4
용산구,868.롯데하이마트 용산점 앞,202004,109
용산구,869.노들섬 동측 앞,202004,134
용산구,870.노들섬 서측 앞,202004,452
은평구,900. 은평예술회관,202004,868
은평구,901. 응암1동사무소,202004,1071
은평구,902. 진관동 은빛초등학교,202004,330
은평구,903. 은평뉴타운 아이파크,202004,765
은평구,904. 은평뉴타운 푸르지오,202004,912
은평구,905. 구파발역 2번출구,202004,1925
은평구,906. 연신내역 5번출구150M 아래,202004,3161
은평구,907. CJ 드림시티,202004,7420
은평구,908. 구산역 4번출구,202004,927
은평구,909. 백련산 힐스테이트 3차,202004,355
은평구,911. 은평평화공원(역촌역4번출구),202004,1935
은평구,912. 응암오거리,202004,2576
은평구,913. 이마트 은평점,202004,2857
은평구,914. 새절역 2번출구,202004,4640
은평구,915. 증산역 4번출구,202004,1857
은평구,916. 평생학습관 앞,202004,935
은평구,917. 녹번역 4번출구,202004,1167
은평구,919. 서울혁신파크,202004,816
은평구,921. 신도고등학교,202004,436
은평구,922. 연신내역 4번출구,202004,528
은평구,923. 국민은행 연서지점,202004,673
은평구,924. 메뚜기다리,202004,232
은평구,925. 불광역 2번출구,202004,523
은평구,926. 불광역 8번출구,202004,1319
은평구,927. 연신내역 3번출구 인근,202004,454
은평구,928. 은평역사한옥박물관,202004,530
은평구,930. 구 서부경찰서 건너편,202004,801
은평구,931. 역촌파출소,202004,2965
은평구,932. 예일여중,202004,1002
은평구,933. LG서비스 역촌점,202004,1739
은평구,934. 신사동 성당,202004,1002
은평구,937. 상림마을 롯데캐슬2단지 옆,202004,225
은평구,938. 금암 문화공원,202004,314
은평구,939. 은평구청 교차로,202004,574
은평구,941. 은평뉴타운 도서관,202004,439
은평구,942. 상림마을 생태공원,202004,321
은평구,943. 은평구청 보건소,202004,1201
은평구,945. 기자촌 사거리,202004,390
은평구,946. 독바위역,202004,544
은평구,947. 연신내 선일하이츠빌 정류소,202004,922
은평구,948. 디지털미디어 시티역 4번출구,202004,534
은평구,949. 연신내역 1번 출구,202004,758
은평구,950. 구산역 2번 출구,202004,1753
은평구,951. 연신내역 6번출구옆,202004,1243
은평구,952. 서울연신중학교,202004,233
은평구,953. 서울연신초등학교,202004,558
은평구,954. 은평뉴타운구파발9단지,202004,603
은평구,956. 응암시장교차로,202004,2462
은평구,958. 신한은행 응암동 지점 앞,202004,1176
은평구,959. 구파발10단지 인근,202004,448
은평구,960. 구파발역 환승센터,202004,527
은평구,961. 불광역 9번 출구,202004,848
은평구,962. 은평뉴타운 힐데스하임,202004,902
은평구,963. 대호프라자아파트,202004,782
은평구,964. 북한산힐스테이트 7차아파트,202004,299
은평구,965. 서울특별시 은평병원,202004,281
은평구,966. 서울혁신파크1,202004,290
은평구,967. 서울혁신파크2,202004,463
은평구,968. 은평뉴타운 상림마을 13단지,202004,190
은평구,969. 은평 지웰테라스,202004,184
은평구,971. 역촌 센트레빌 아파트,202004,261
은평구,972. 수색역,202004,598
은평구,973.제각말푸르지오 5-1단지 아파트,202004,1
은평구,976.진관고등학교앞,202004,1
은평구,977.신도중학교앞,202004,1
은평구,979.원풍빌라앞,202004,1
은평구,982.유니클로 은평점앞,202004,3
은평구,984.상신초등학교앞 버스정류장,202004,1
은평구,985.은평온누리약국앞,202004,3
은평구,988.은평뉴타운 우물골2단지(제2경로당),202004,1
은평구,989.축산정육식당앞,202004,2
은평구,991.흥국사 정류장,202004,1
은평구,992.북한산입구 정류장,202004,1
은평구,995.은평다목적체육관,202004,1
은평구,996.응암역 1번출구,202004,1
종로구,301. 경복궁역 7번출구 앞,202004,1218
종로구,302. 경복궁역 4번출구 뒤,202004,2208
종로구,303. 광화문역 1번출구 앞,202004,1282
종로구,304. 광화문역 2번출구 앞,202004,1035
종로구,305. 종로구청 옆,202004,1268
종로구,306. 광화문역 7번출구 앞,202004,1425
종로구,307. 서울역사박물관 앞,202004,801
종로구,308. 광화문 S타워 앞,202004,1509
종로구,309. 광화문역 6번출구 옆,202004,816
종로구,314. 국립현대미술관,202004,891
종로구,316. 종각역 1번출구 앞,202004,1914
종로구,326. 안국역 5번출구 앞,202004,1686
종로구,327. 낙원상가 옆,202004,1171
종로구,328. 탑골공원 앞,202004,1264
종로구,329. 청계2가 사거리 옆,202004,1752
종로구,334. 종로3가역 2번출구 뒤,202004,1822
종로구,335. 종로3가역 15번출구 앞,202004,1258
종로구,337. 창경궁 입구,202004,463
종로구,338. 세운스퀘어 앞,202004,1066
종로구,339. 종로4가 사거리,202004,1095
종로구,340. 혜화동 로터리,202004,1699
종로구,3402.이화공영주차장,202004,28
종로구,3403.서울특별시 교육청,202004,151
종로구,3405.파크팰리스,202004,392
종로구,3406.세종로공원,202004,2
종로구,3407.안국동사거리(신),202004,434
종로구,3408.종로타워빌딩,202004,390
종로구,341. 혜화역 3번출구 뒤,202004,1061
종로구,3410.종로3가역 8번출구,202004,430
종로구,3411.종묘,202004,338
종로구,3412.세운상가,202004,291
종로구,3413.종로플레이스,202004,429
종로구,3415.동대문역6번출구,202004,1
종로구,3416.동묘앞역 6번출구,202004,3
종로구,3417.창신3동주민센터,202004,5
종로구,3418.창신역2번 출구,202004,4
종로구,342. 대학로 마로니에공원,202004,2038
종로구,3420.성균관대입구사거리(맥도날드),202004,4
종로구,3421.혜화역 1번출구,202004,1
종로구,3425.광화문 풍림스페이스본 1단지앞,202004,3
종로구,343. 예일빌딩(율곡로) 앞,202004,572
종로구,3432.종로2가 사거리,202004,433
종로구,344. 성균관대 E하우스 앞,202004,615
종로구,345. 서울보증보험본사 앞,202004,806
종로구,348. 독립문역 사거리,202004,1146
종로구,349. 사직동주민센터,202004,796
종로구,351. 청운초교 앞 삼거리,202004,833
종로구,352. 중앙고입구 삼거리,202004,345
종로구,353. 재동초교 앞 삼거리,202004,819
종로구,354. 포르투갈 대사관 앞,202004,987
종로구,355. 서울사대부속초교 앞,202004,1203
종로구,356. KT혜화지사 앞,202004,1064
종로구,358. 성대입구 사거리,202004,2245
종로구,359. 원남동사거리,202004,925
종로구,361. 동묘앞역 1번출구 뒤,202004,2841
종로구,362. 청계8가 사거리,202004,1523
종로구,363. 신설동역 11번출구 뒤,202004,1596
종로구,364. 창신역 1번출구 앞,202004,780
종로구,367. 독립문역 3-1번출구,202004,1379
종로구,368. SK 서린빌딩 앞,202004,970
종로구,369. 광화문 시민열린마당,202004,1367
종로구,385. 종각역 5번출구,202004,1390
종로구,386. 올림픽기념 국민생활관 앞,202004,522
종로구,388. 동성중학교 앞,202004,951
종로구,393. 동대문역 8번 출구,202004,2204
종로구,394. 경희궁 자이 3단지,202004,497
종로구,395. 경희궁 자이 2단지,202004,1084
종로구,397. 종묘공영주차장 건너편,202004,690
종로구,446. 상명대입구,202004,785
종로구,447. 신영동삼거리,202004,1
종로구,449. 일성아파트,202004,210
종로구,450. 효자동 삼거리,202004,1054
종로구,451. 청와대앞길,202004,370
종로구,452. 동대문 종합시장 버스정류장,202004,774
종로구,453. 종로오가 지하쇼핑센터 14번출구,202004,1226
종로구,454. 종로2가 버스정류장 (종각방향),202004,1188
종로구,455. 삼익한의원,202004,707
종로구,456. 숭인2동 주민센터 입구 (이강3대냉면),202004,899
종로구,457. 종로꽃시장 입구 옆,202004,870
종로구,458. 광화문역 5번출구,202004,1682
종로구,461. 서울지방경찰청,202004,990
종로구,462. 신영동삼거리(북악터널방향),202004,18
종로구,464. 삼청동 골목,202004,771
종로구,465. 삼청공원 앞,202004,158
종로구,486. 평창동주민센터 앞,202004,253
중구,300. 정동사거리,202004,997
중구,310. 청계광장 옆,202004,909
중구,311. 서울광장 옆,202004,2374
중구,312. 시청역 1번출구 뒤,202004,1938
중구,318. 광교사거리 남측,202004,671
중구,320. 을지로입구역 4번출구 앞,202004,1259
중구,321. KEB 하나금융그룹 명동사옥 옆,202004,975
중구,322. 명동성당 앞,202004,506
중구,324. 신세계백화점 본점 앞,202004,1277
중구,331. 을지로2가 사거리 북측,202004,1276
중구,332. 을지로2가 사거리 남측,202004,934
중구,336. 티마크 호텔 앞,202004,589
중구,346. 맥스타일 앞,202004,1810
중구,347. 동대문역사문화공원역 9번출구 앞,202004,1629
중구,370. 시청역(2호선) 9번출구 뒤,202004,1477
중구,371. 동대입구역 6번출구 뒤,202004,846
중구,372. 약수역 3번출구 뒤,202004,1072
중구,373. 청구 어린이공원,202004,175
중구,374. 청구역 2번출구 앞,202004,1325
중구,375. 다산 어린이공원,202004,1305
중구,378. 청계7가 사거리,202004,1392
중구,379. 서울역9번출구,202004,1304
중구,380. CJ제일제당 앞,202004,932
중구,381. 장충체육관,202004,294
중구,382. 약수역 10번출구 앞,202004,830
중구,383. 신당역 12번 출구 뒤,202004,2315
중구,384. 종로학원본원,202004,586
중구,387. 훈련원공원주차장 앞,202004,1012
중구,389. 을지로4가역 1번출구,202004,1158
중구,390. 충무로역 1번출구,202004,1332
중구,391. 정동길입구,202004,550
중구,398. 을지로3가역 3번출구,202004,340
중구,399. 서울역 센트럴 자이아파트,202004,596
중구,428. 명보사거리,202004,740
중구,429. 송도병원,202004,199
중구,430. KEB하나은행 장충동지점,202004,560
중구,431. 청계천 영도교,202004,2389
중구,433. 을지로입구역 2번출구,202004,1239
중구,434. 신당 래미안 버스정류장,202004,178
중구,435. SK 남산빌딩,202004,404
중구,441.염천교사거리,202004,130
중구,442.서울역 서부,202004,5
중구,443.호암아트홀,202004,232
중구,444.서울역3번 출구,202004,1
중구,445.대한상공회의소,202004,315
중구,466.롯데호텔,202004,244
중구,467.한국은행,202004,110
중구,468.웨스틴 조선호텔,202004,105
중구,469.회현역 1번출구,202004,2
중구,470.회현역 7번출구,202004,264
중구,471.회현사거리 남측,202004,231
중구,472.삼일교(시그니쳐 타워),202004,341
중구,473.을지로4가역 9번출구,202004,405
중구,474.동대문역사문화공원역 1번출구 뒤편,202004,2
중구,479.동대입구역 3번 출구,202004,3
중구,481.신당역 10번 출구,202004,2
중구,482.예수소망교회,202004,49
중구,484.도동삼거리,202004,2
중구,485.서울역4번출구,202004,247
중구,826. 서울역 서부교차로2,202004,1307
중랑구,1401. 극동늘푸른아파트,202004,2151
중랑구,1402. 금란주차장 앞,202004,1092
중랑구,1403. 중화빌딩 앞 (동부시장),202004,3426
중랑구,1404. 동일로 지하차도,202004,1197
중랑구,1405. 망우역 1번출구,202004,1686
중랑구,1406. 망우청소년수련관,202004,135
중랑구,1407. 먹골역 1번출구 뒤,202004,1397
중랑구,1408. 먹골역 6번출구 앞,202004,1729
중랑구,1410. 면목 대원칸타빌아파트,202004,293
중랑구,1411. 상봉시장앞 교차로 한성빌딩 앞,202004,832
중랑구,1412. 면목초등학교,202004,616
중랑구,1413. 봉화산역 5번출구 뒤,202004,1101
중랑구,1414. 사가정역 1번출구,202004,2427
중랑구,1416. 상봉역 3번출구,202004,981
중랑구,1418. 새솔초등학교,202004,545
중랑구,1420. 신내어울공원 앞,202004,900
중랑구,1421. 신내역 4번출구,202004,339
중랑구,1422. 신내우디안아파트 1단지,202004,254
중랑구,1424. 양원역 2번출구,202004,174
중랑구,1425. 용마문화복지센터,202004,513
중랑구,1426. 면목도시개발아파트 1동 앞,202004,202
중랑구,1427. 용마산역 1번출구,202004,349
중랑구,1428. 원묵고등학교,202004,494
중랑구,1429. 장안중학교,202004,813
중랑구,1430. 중랑구청,202004,1023
중랑구,1431. 중랑구청 사거리,202004,1739
중랑구,1433. 중화역 2번출구,202004,2478
중랑구,1434. 홈플러스 면목동점,202004,1200
중랑구,1435. 능산삼거리,202004,221
중랑구,1436. 영풍마드레빌,202004,690
중랑구,1437. 늘푸른공원 앞,202004,254
중랑구,1438. 홈플러스 신내점 앞,202004,1896
중랑구,1440. 하나은행 면목지점,202004,1204
중랑구,1441. 신내능말공원,202004,774
중랑구,1442. (구)신한은행 중랑교지점,202004,1359
중랑구,1443. 구립망우청소년독서실,202004,370
중랑구,1444. 면목4치안센터,202004,1237
중랑구,1445. 용마지구대,202004,552
중랑구,1446. 중랑전화국 교차로,202004,1488
중랑구,1447. 면목역 3번출구,202004,2053
중랑구,1448. 코스트코 상봉점,202004,2090
중랑구,1449. 상봉역 1번출구,202004,2066
중랑구,1450. 화랑대역 7번출구,202004,1524
중랑구,1451. 중랑세무서,202004,2428
중랑구,1452. 겸재교 진입부,202004,2895
중랑구,1453. 중랑캠핑숲,202004,322
중랑구,1454. 한국전력공사(동대문 중랑지사),202004,1315
중랑구,1455. 상봉역 2번 출구,202004,1580
중랑구,1456. 상아빌딩(우림시장 교차로),202004,851
중랑구,1457. 동원사거리,202004,742
중랑구,1458. 상봉터미널2,202004,1684
중랑구,1459. 용마한신아파트사거리,202004,424
중랑구,1461.동양엔파트 앞,202004,3
중랑구,1463.중랑구민회관,202004,1
중랑구,1465.중랑공영차고지 옆,202004,1
중랑구,1466.두산대림아파트 삼거리,202004,1
중랑구,1467.sk신내 주유소앞(용마산로),202004,1
중랑구,1468.먹골역 7번 출구,202004,0
중랑구,1474.서울중랑우체국,202004,5
중랑구,1475.보도 육교(타이어뱅크앞),202004,6
중랑구,1476.중목초등학교 앞 육교,202004,2
중랑구,1477.면목삼익아파트 앞,202004,1
중랑구,1478.홈플러스 상봉점 앞,202004,1
중랑구,1479.면목 홈플러스 2,202004,1
중랑구,1480. 용마지구대 옆,202004,1
강남구,2301. 현대고등학교 건너편,202005,5916
강남구,2302. 교보타워 버스정류장(신논현역 3번출구 후면),202005,1704
강남구,2303. 논현역 7번출구,202005,994
강남구,2304. 신영 ROYAL PALACE 앞,202005,292
강남구,2305. MCM 본사 직영점 앞,202005,466
강남구,2306. 압구정역 2번 출구 옆,202005,1180
강남구,2307. 압구정 한양 3차 아파트,202005,2586
강남구,2308. 압구정파출소 앞,202005,1053
강남구,2309. 청담역(우리들병원 앞),202005,519
강남구,2310. 청담동 맥도날드 옆(위치),202005,824
강남구,2311. 학동로 래미안 아파트 앞,202005,329
강남구,2312. 청담역 13번 출구 앞,202005,540
강남구,2313. 금원빌딩 앞,202005,1755
강남구,2314. 청담나들목입구,202005,1381
강남구,2315. 봉은사역 5번출구 옆,202005,1575
강남구,2316. 삼성역 8번출구,202005,1709
강남구,2317. 삼성도로공원,202005,1698
강남구,2318. 삼성중앙역4번출구(문화센터더 리빌),202005,730
강남구,2319. 포스코4거리 서측(수협 삼성동 지점),202005,565
강남구,2320. 도곡역 대치지구대 방향,202005,1307
강남구,2321. 학여울역 사거리,202005,1261
강남구,2322. 삼성역 3번 출구,202005,911
강남구,2323. 주식회사 오뚜기 정문 앞,202005,532
강남구,2324. 천주교 대치 2동 교회 옆,202005,1369
강남구,2325. 대치동 버거킹대치점,202005,1142
강남구,2326. 대치동 삼성로,202005,410
강남구,2327. 뱅뱅사거리 랜드마크타워 앞,202005,1049
강남구,2328. 르네상스 호텔 사거리 역삼지하보도 7번출구 앞,202005,536
강남구,2329. 르네상스호텔사거리 역삼지하보도 2번출구,202005,82
강남구,2330. 스타벅스 앞,202005,657
강남구,2331. 동영문화센터앞,202005,551
강남구,2332. 선릉역3번출구,202005,1286
강남구,2333. 양재역 3번출구 주변,202005,1022
강남구,2334. 삼호아파트 2동 ( 간선도로),202005,115
강남구,2335. 3호선 매봉역 3번출구앞,202005,1120
강남구,2336. 강남세브란스교차로 래미안그레이튼 104동 앞,202005,295
강남구,2337. 대모산입구역 2번출구 앞,202005,454
강남구,2339. 현대아파트 정문 앞,202005,576
강남구,2340. 삼호물산버스정류장(23370) 옆,202005,1498
강남구,2341. 일원역 4~5번 출구 사이,202005,403
강남구,2342. 대청역 1번출구 뒤,202005,2382
강남구,2343. 세곡사거리 대왕파출소 앞,202005,198
강남구,2344. 리엔파크 2단지 앞,202005,855
강남구,2347. 두산건설 본사,202005,322
강남구,2348. 포스코사거리(기업은행),202005,1749
강남구,2349. 역삼빌딩 앞(하나은행 옆),202005,363
강남구,2350. 래미안그레이튼102동앞,202005,318
강남구,2351. 청소년수련관(수영장)앞,202005,320
강남구,2352. 서울본부세관(건설회관 앞),202005,280
강남구,2353. 강남구청역 2번출구 뒤,202005,664
강남구,2354. 청담역 2번출구,202005,355
강남구,2355. 삼성역 5~6번 출구 사이,202005,1603
강남구,2356. 강남구청,202005,640
강남구,2357. 르네상스호텔사거리 역삼지하보도 3번출구 앞 (더 오번 빌딩 명동칼국수 앞),202005,415
강남구,2358. 구룡초사거리 (현대아파트10동 앞 ),202005,237
강남구,"2359. 국립국악중,고교 정문 맞은편",202005,850
강남구,2360. 도곡1동 주민센터 교차로,202005,485
강남구,2361. 압구정역 교차로,202005,1097
강남구,2362. 신사동 가로수길 입구,202005,1069
강남구,2363. 강남 을지병원 교차로,202005,398
강남구,2364. 도산대로 렉서스 앞,202005,504
강남구,2365. K+ 타워 앞,202005,1236
강남구,2368. 도곡동 경남아파트 건너편,202005,265
강남구,2369. KT선릉타워,202005,887
강남구,2370. 한티역 3번출구,202005,903
강남구,2371. 한국우편사업진흥원,202005,191
강남구,2372. 대치역 사거리,202005,1770
강남구,2373. 개포동역 사거리,202005,1443
강남구,2375. 수서역 1번출구 앞,202005,1119
강남구,2376. 수서역 6번출구 앞,202005,193
강남구,2377. 수서역 5번출구 뒤,202005,2303
강남구,2380. 삼성동베이직하우스앞,202005,527
강남구,2381. 언주역 6번출구앞,202005,529
강남구,2382. 역삼동 sk뷰 501동앞,202005,294
강남구,2383. 보금자리정원,202005,249
강남구,2384. 자곡사거리,202005,2054
강남구,2385. 학동역,202005,709
강남구,2387. 래미안강남힐즈 사거리,202005,861
강남구,2388. 강남구 도시관리공단,202005,484
강남구,2389. 경기여자고등학교 후문 (삼성로3길 입구),202005,511
강남구,2390. 구룡마을 입구 (래미안블레스티지 아파트),202005,377
강남구,2391. 구룡터널 입구(개포1단지아파트),202005,13
강남구,2392. 구룡산 입구 (구룡산 서울둘레길 입구),202005,67
강남구,2393. 구룡사 앞 교차로 (보도육교),202005,61
강남구,2395. 개포1단지아파트 입구 (보도육교),202005,12
강남구,2396. 영동3교 북단(우성캐릭터 앞 보도),202005,951
강남구,2398. 더라움,202005,439
강남구,2401. 밀알학교 입구 (삼성서울병원 입구),202005,295
강남구,2403. 공무원연금매점 교차로 (개포주공9단지 입구),202005,131
강남구,2404. 대모산입구역 4번 출구 앞,202005,817
강남구,2405. 청담공원앞 교차로,202005,680
강남구,2406. 논현동 광명빌딩 앞,202005,259
강남구,2407. 역삼.서초.삼성 세무서 앞 (역삼빌딩 앞),202005,1279
강남구,2408. 강남한양수자인아파트,202005,759
강남구,2409. 역삼동 디오슈페리움 (우성아파트 사거리),202005,896
강남구,2410. 포스코피앤에스타워 (역삼역 3번출구 부근),202005,688
강남구,2411. 세곡동 성당,202005,894
강남구,2412. 일원1동 주민센터,202005,1767
강남구,2413.도곡역 1번 출구,202005,54
강남구,2414. 도곡역 아카데미스위트 앞,202005,72
강남구,2415.한티역 롯데백화점 앞,202005,51
강남구,2416.한티역 6번 출구,202005,17
강남구,2417.선정릉 일등 추어탕 앞,202005,21
강남구,2418.봉은사역 7번 출구,202005,77
강남구,"2419.봉은사역 1,2번 출구",202005,57
강남구,2420.학여울역 사거리(LG베스트샵 앞),202005,50
강남구,2421. 신논현역 4번출구,202005,49
강남구,2422.수서동 성당 맞은편,202005,51
강남구,2423.영희초교 사거리(래미안개포루체하임),202005,87
강남구,2425.세곡동 사거리(대왕초등학교 정류장),202005,22
강남구,2426.강남한신휴플러스 6단지,202005,25
강남구,2428.롯데리아 개포점앞,202005,17
강남구,2429.압구정로데오역 6번출구,202005,126
강남구,2430.강남파이낸스센터앞(역삼역2번출구),202005,43
강남구,2431.대치역 7번출구,202005,58
강동구,1001. 광진교 남단 사거리(디지털프라자앞),202005,2951
강동구,1002. 해공공원(천호동),202005,3064
강동구,1003. 해공도서관앞,202005,1166
강동구,1004. 삼성광나루아파트 버스정류장,202005,2230
강동구,1006. 롯데캐슬 115동앞,202005,1111
강동구,1007.암사동 선사유적지,202005,325
강동구,1008. 암사역 3번출구(국민은행앞),202005,4266
강동구,1009. 천호역4번출구(현대백화점),202005,5311
강동구,1010. 강동세무서,202005,3507
강동구,1011. LIGA 아파트 앞,202005,3568
강동구,1012. 서울 상운차량,202005,1089
강동구,1013. 강동구청역 1번 출입구,202005,1398
강동구,1014. 강동구평생학습관앞,202005,1535
강동구,1015. 샛마을 근린공원,202005,1769
강동구,1016. 해뜨는 주유소옆 리엔파크 109동앞,202005,1235
강동구,1017. 맥도날드(길동),202005,2379
강동구,1018. 둔촌 주공 GS 맞은편,202005,42
강동구,1019. 다성이즈빌아파트(호원대 대각선 맞은편),202005,3755
강동구,1020. 강동경찰서,202005,2710
강동구,1021. 강일동 리슈빌 빌딩앞,202005,1930
강동구,1022. 길동 사거리(초소앞),202005,1890
강동구,1023. 한국종합기술사옥 앞,202005,1992
강동구,1024. 강동구청 앞,202005,2560
강동구,1025. 상일초등학교,202005,808
강동구,1026. 대명초교 입구 교차로,202005,868
강동구,1027. 프라자 아파트 앞,202005,1376
강동구,1028. 포레스 주상복합 빌딩,202005,1338
강동구,1029. 롯데 시네마,202005,2457
강동구,1030. 미호 플랜트 앞,202005,1701
강동구,1031. 올림픽로 836(아리수로),202005,848
강동구,1032. 선사고등학교,202005,733
강동구,1033. 고덕동 아남아파트,202005,1134
강동구,1034. 고덕동 래미안 힐스테이트,202005,637
강동구,1035. 고덕역 4번출구,202005,154
강동구,1036. 고덕동 주양쇼핑,202005,2436
강동구,1037. 강일리버파크 6단지,202005,327
강동구,1038. 강일 다솜 어린이 공원,202005,444
강동구,1039. 고덕초등학교,202005,316
강동구,1041. 묘곡초등학교,202005,1102
강동구,1042. 강일리버파크 2~5단지,202005,911
강동구,1044. 굽은다리역,202005,4802
강동구,1047. 건강보험 강동지사kt,202005,2319
강동구,1048. 동부기업(둔촌동),202005,2244
강동구,1049. 강일리버파크 10단지,202005,1115
강동구,1050. 둔촌역 3번 출입구,202005,5242
강동구,1051. 양지시장 (용성약국앞) 입구,202005,1686
강동구,1052. 리싸이클시티,202005,902
강동구,1053. 동명근린공원 진입로 (아리수로),202005,479
강동구,1054. 말우물 어린이 공원,202005,585
강동구,1056. 강일리버파크 7~11단지,202005,516
강동구,1057. 능골근린공원,202005,917
강동구,1058. 고덕숲 아이파크 1,202005,1773
강동구,1059. 래미안 강동팰리스(102동),202005,1968
강동구,1060. 천일초교 사거리,202005,1005
강동구,1061. 천호초교 입구 사거리(일주빌딩),202005,1290
강동구,1062. 고덕숲 아이파크 2,202005,457
강동구,1063.강동롯데캐슬퍼스트 아파트(관리동),202005,60
강동구,1064.중앙보훈병원역 1번출구,202005,38
강동구,1065.보훈병원 정문옆(중앙대영약국),202005,27
강동구,1066.생태공원앞 교차로(조명탑),202005,11
강동구,1067.한영중고앞사거리,202005,59
강동구,1068.명일파출소,202005,110
강동구,1069.강동경희대학교병원 입구,202005,30
강동구,1070.(시립)고덕평생학습관,202005,3
강동구,1073.SSTS 몰 앞,202005,96
강동구,1074.대명초교입구 사거리,202005,60
강동구,1075.천동초교 삼거리,202005,79
강동구,1076.전자랜드 길동점,202005,123
강동구,1077.강동역 1번출구 앞,202005,100
강동구,1078.둔촌사거리,202005,184
강동구,1079.강일동입구교차로,202005,36
강동구,1080.엘웨딩,202005,35
강동구,1081.트레빌빌딩,202005,61
강동구,1083.광문고교사거리(아이파크),202005,24
강동구,1087.레미안 솔베뉴(양재대로),202005,70
강동구,1088.풍납사거리(강동),202005,72
강동구,1089.고덕 래미안힐스테이트(201동),202005,28
강동구,1090.상일동역 2번출구 앞,202005,183
강동구,3539. 서원마을,202005,240
강북구,"1501. 미아역 3번,4번 출구 사이",202005,1677
강북구,1503. 이디야 커피 수유역점 앞,202005,4067
강북구,1504. 다이소 삼양시장점,202005,502
강북구,1506. 강북문화예술회관,202005,984
강북구,1509. 서울북부수도사업소,202005,1242
강북구,1510. 번동주공5단지 관리사무소 앞,202005,383
강북구,1511. 번동 금호어울림아파트102동앞,202005,306
강북구,1512. 강북중학교 앞,202005,2001
강북구,1513. 강북구청 뒷편,202005,419
강북구,1514. 강북구청 사거리 버스정류소 앞,202005,2445
강북구,1515. 송천동 주민센터,202005,1000
강북구,1516. 우이초등학교 후문 옆,202005,732
강북구,1518. SK telecom(수유직영점) 앞,202005,632
강북구,1519. 세븐일레븐 수유장미원점 앞,202005,910
강북구,1520. 성실교회,202005,1097
강북구,1522. 월드전기조명인테리어(우이동),202005,590
강북구,1525. 미아동 복합청사,202005,498
강북구,1526. 수유동 채선당앞,202005,678
강북구,1527. 미아역 1번 출구 뒤,202005,842
강북구,1528. 삼각산동 주민센터,202005,525
강북구,1529. 미아동 한국전력공사,202005,1661
강북구,1530. 광산사거리,202005,1759
강북구,1531. 미아사거리 1번 출구,202005,2860
강북구,1532. 번3동 주민센터 교차로,202005,1089
강북구,"1533. 번동 주공3, 4단지 교차로",202005,2488
강북구,1534. 북서울 꿈의 숲 동문,202005,1741
강북구,1535. 효성인텔리안 앞,202005,2811
강북구,1536. 번동 두산위브 101동 옆,202005,1385
강북구,1537. 북한산 우이역,202005,846
강북구,1538. 솔밭공원역,202005,799
강북구,1539. 4.19민주묘지역,202005,1949
강북구,1540. 가오리역,202005,1069
강북구,1541. 삼양역,202005,234
강북구,1542. 삼양사거리역,202005,486
강북구,1543. 수유1동 주민센터,202005,814
강북구,1545. 솔샘역 2번 출구,202005,302
강북구,1546. 송천동우체국,202005,964
강북구,1547. 꿈의숲 롯데캐슬,202005,505
강북구,1548. 북서울 꿈의숲 서문,202005,1116
강북구,1552. 강북구청사거리(던킨도너츠 앞),202005,1
강북구,1553.예수그리스도후기성도교회 앞,202005,18
강서구,1101. 개화동상사마을종점 버스정류장,202005,256
강서구,1102. 방화사거리 마을버스 버스정류장,202005,2005
강서구,1103. 방화역 4번출구앞,202005,2267
강서구,1105. 방화근린공원,202005,665
강서구,1106. 신방화사거리,202005,2493
강서구,1108. 공항시장역 2번출구 뒤,202005,1310
강서구,1109. 공항시장역 4번출구,202005,888
강서구,1110. 공항중학교앞,202005,948
강서구,1111. 마곡엠밸리6_7단지 마곡중학교,202005,1484
강서구,1112. 마곡엠밸리4단지 정문,202005,4889
강서구,1113. 서남환경공원 버스정류장,202005,2148
강서구,1115. 등촌역 1번출구옆,202005,1708
강서구,1117. 스타벅스앞,202005,3318
강서구,1118. 증미역 3번출구뒤(등촌두산위브센티움오피스텔),202005,4157
강서구,1119. 염창동 한마음아파트앞(염창동 빛나는 음악학원앞),202005,3159
강서구,1120. 대림경동아파트앞,202005,2878
강서구,1121. 가양레포츠센터앞,202005,2129
강서구,1122. 황금내근린공원,202005,4727
강서구,1124. 발산역 6번출구옆(다이소앞),202005,4431
강서구,1125. 명덕고교입구(영종빌딩),202005,3009
강서구,1126. 우장산역 1번출구옆(우장산아이파크105동앞),202005,1543
강서구,1127. 화곡역(에이스정형외과앞) 버스정류장,202005,1866
강서구,1128. 화곡역 6번출구,202005,1526
강서구,1129. 화곡역 1번 출구 앞,202005,2099
강서구,1130. 화곡본동시장 버스정류장,202005,925
강서구,1131. 꿈돌이공원 앞,202005,2675
강서구,1132. 등촌역 7번출구,202005,2248
강서구,1135. 강서구의회,202005,564
강서구,1136. 등촌2파출소,202005,1663
강서구,1137. 등촌2동주민센터,202005,592
강서구,1139. 용문사 버스정류장,202005,1646
강서구,1140. 목동사거리 버스정류장,202005,1927
강서구,1141. 곰달래 문화복지센터 1-1,202005,2250
강서구,1145. 곰달래 문화복지센터 1-2,202005,1434
강서구,1146. 곰달래사거리,202005,1602
강서구,1148. 볏골공원,202005,1197
강서구,1149. 신방화역환승주차장,202005,4295
강서구,1150. 송정역 1번출구,202005,3710
강서구,1151. 마곡역1번출구,202005,1684
강서구,1152. 마곡역교차로,202005,2699
강서구,"1153. 발산역 1번, 9번 인근 대여소",202005,6299
강서구,1155. 기쁜우리복지관,202005,2965
강서구,1157. 강서구청,202005,2688
강서구,1158. 가양역 8번출구,202005,6072
강서구,1159. 서서울모터리움앞,202005,2355
강서구,1160. 양천향교역 7번출구앞,202005,6918
강서구,1161. 강서면허시험장앞,202005,542
강서구,1162. 공항초등학교건너편,202005,1584
강서구,1163. 방화동강서기동대앞,202005,1173
강서구,1165. 마곡중학교 후문,202005,994
강서구,1166. 강서구립등빛도서관,202005,3104
강서구,1167. 마곡수명산파크3단지 교차로,202005,3268
강서구,1168. 마곡엠밸리10단지 앞,202005,1500
강서구,1169. 염창역 1번 출구,202005,2581
강서구,1170. 강서구보건소 (삼성디지털 프라자),202005,1847
강서구,1171. 염창동 새마을금고 건너편 (모닝글로리),202005,2451
강서구,1172. 가양3동 주민센터,202005,1682
강서구,1173. 강서구청사거리(SH타워),202005,4259
강서구,1174. 강서구청사거리(부민병원),202005,1129
강서구,1175. 대한항공 인력개발센터,202005,1416
강서구,1177. 수명중?고교,202005,1773
강서구,1178. 개화산역 2번 출구,202005,1060
강서구,1180. 마곡엠밸리 15단지(1502동) 건너편,202005,2010
강서구,1181. 농수산식품공사 (강서지사),202005,354
강서구,1182. KBS 스포츠월드,202005,2657
강서구,1183. KC 대학교,202005,350
강서구,1184. 마곡13단지,202005,2118
강서구,1185. 등촌9단지,202005,1963
강서구,1186. 송정중학교,202005,830
강서구,1187. 강서수산물도매시장,202005,566
강서구,1188. 롯데중앙연구소,202005,786
강서구,1190. 마곡역 교차로(2번출구),202005,693
강서구,1191. 마곡역 교차로(NH농협),202005,2817
강서구,1192. 마곡수명산파크 209동 건너편,202005,1586
강서구,1193. 마곡센트럴타워 1차,202005,2722
강서구,1194. 센서텍㈜,202005,1411
강서구,1195. 코오롱One&Only타워,202005,2017
강서구,1196. 서울식물원(문화센터) 건너편,202005,1402
강서구,1197. 엘펠리체 호텔 건너편,202005,4159
강서구,1198. LG 사이언스파크,202005,1156
강서구,1199. 우장산역 3번출구,202005,2133
강서구,1200. 개화광역환승센터,202005,331
강서구,2701. 마곡나루역 5번출구 뒤편,202005,8307
강서구,2702. 마곡 엠밸리2단지,202005,1303
강서구,2711.가로공원공영주차장 1번 출구,202005,239
강서구,2717.LG유플러스 마곡사옥,202005,411
강서구,2718.마곡수명산파크1단지,202005,389
강서구,2719.마곡문화공원,202005,13
강서구,2720.힐스테이트에코,202005,490
강서구,2730.마곡메가박스 앞,202005,206
강서구,2731.명덕고교,202005,95
강서구,2732.마곡수명산 1-2단지,202005,146
강서구,2733.마곡13단지 정문 앞,202005,401
강서구,2737.까치산역 3번 출구,202005,315
강서구,2740.마곡레포츠센터,202005,82
강서구,2741.마곡수명산파크5-6단지,202005,185
강서구,2742.강서구민올림픽체육센터,202005,45
관악구,2102. 봉림교 교통섬,202005,9927
관악구,2103. 신림동 우방아파트,202005,1631
관악구,2104. 사당역 5번출구,202005,1727
관악구,2105. 미성동 신림체육센터,202005,1368
관악구,2106. 난곡 새마을금고,202005,2283
관악구,2107. 도림천 신화교,202005,3006
관악구,2108. 은천치안센터,202005,1289
관악구,2109. 은천로입구 가로공원,202005,2483
관악구,2110. 조원동 미성아파트,202005,864
관악구,2111. 서울대입구역 1번출구,202005,1208
관악구,2112. 서울대입구역 마에스트로,202005,1022
관악구,2113. 관악동작견인차량보관소,202005,2434
관악구,2115. 관악농협농산물백화점,202005,938
관악구,2116. 에이스에이존빌딩,202005,811
관악구,2119. 중앙동 동진빌딩,202005,1271
관악구,2122. 낙성대로 입구,202005,1390
관악구,2127. 보성운수차고지 맞은편,202005,439
관악구,2128. 관악구청교차로,202005,472
관악구,2129. 낙성대 과학전시관,202005,610
관악구,2130. 영어마을 관악캠프,202005,516
관악구,2135. 신림역 5번출구,202005,1493
관악구,2136. 신림역 8번출구,202005,2317
관악구,2137. KT&G 관악지점,202005,463
관악구,2139. 서울신성초등학교,202005,1172
관악구,2140. 신림1교 교차로,202005,2435
관악구,2141. 미림여고입구 교차로,202005,178
관악구,2143. 서울산업정보학교,202005,336
관악구,2144. 난우길입구,202005,692
관악구,2145. 은천초등학교 육교,202005,877
관악구,2148. 낙성대역 3번출구 뒤,202005,690
관악구,2156. 농협 관악문성지점,202005,949
관악구,2159. 인헌초교,202005,492
관악구,2160. 관악구 보건소,202005,491
관악구,2164. 관악우체국,202005,1343
관악구,2165. JK장평타워,202005,493
관악구,2167. 낙성대역 1번출구,202005,654
관악구,2169. 봉천역 2번출구,202005,1475
관악구,2170. 조원동서울본병원,202005,1081
관악구,2171. 서울대입구역 5번출구,202005,1417
관악구,2172. 나들목공원,202005,475
관악구,2173. 당곡사거리,202005,4914
관악구,2174. 삼성디지털프라자관악점,202005,914
관악구,2175. 신림동걷고싶은문화의거리입구,202005,1286
관악구,2176. 보라매공원 보도육교,202005,2346
관악구,2177. 신대방역 2번 출구,202005,6654
관악구,2178. 서울대학교 정문,202005,591
관악구,2179. 양녕로 입구,202005,1211
관악구,2180. 신림동주민센터,202005,11
관악구,2183. 동방1교,202005,5980
관악구,2184. 구암초등학교 버스정류장,202005,323
관악구,2185. 대학동 고시촌,202005,1207
광진구,3500. 군자역2번출구,202005,2404
광진구,3501. 광진구청 앞,202005,2621
광진구,3502. 중곡역 1번출구,202005,961
광진구,3503. 광진유진스웰,202005,185
광진구,3504. 원일교회,202005,2193
광진구,3505. 신양초교앞 교차로,202005,1409
광진구,3506. 영동대교 북단,202005,1431
광진구,3507. 어린이회관,202005,635
광진구,3508. 화양사거리,202005,2967
광진구,3509. 세종사이버대학교,202005,2713
광진구,3510. 중곡SK아파트앞,202005,763
광진구,3516. 구의아리수정수센터앞,202005,996
광진구,3517. 용마사거리,202005,2174
광진구,3518. 군자역 7번출구뒤,202005,3966
광진구,3520. 광진경찰서,202005,1937
광진구,3521. 현대홈타운 뒷길,202005,349
광진구,3523. 건국대학교 과학관(이과대) 앞,202005,504
광진구,3524. 세종대학교,202005,132
광진구,3528. 광진정보도서관,202005,1289
광진구,3529. 어린이대공원정문,202005,1248
광진구,3533. 건대입구역 사거리(롯데백화점),202005,8161
광진구,3534. 건대입구역 5번출구 뒤,202005,3414
광진구,3535. 중곡사거리(국민은행),202005,2274
광진구,3536. 중앙농협(자양동),202005,2221
광진구,3537. 아차산 휴먼시아 아파트 옆,202005,556
광진구,3541. 커먼그라운드,202005,3959
광진구,3542. 래미안 구의파크 스위트,202005,1517
광진구,3543. 세종대학교(학술정보원),202005,412
광진구,3575.자양사거리 (LG 유플러스),202005,4
광진구,3576.강변SK뷰 APT앞,202005,1
광진구,3577.신자초교 입구 교차로(SC제일은행),202005,3
광진구,500. 어린이대공원역 3번출구 앞,202005,2611
광진구,501. 광진구의회 앞,202005,1801
광진구,502. 뚝섬유원지역 1번출구 앞,202005,23174
광진구,504. 신자초교입구교차로,202005,2937
광진구,505. 자양사거리 광진아크로텔 앞,202005,4226
광진구,515. 광양중학교 앞,202005,1359
광진구,516. 광진메디칼 앞,202005,1293
광진구,539. 군자교교차로,202005,2599
광진구,540. 군자역 7번출구 베스트샵 앞,202005,2138
광진구,542. 강변역 4번출구 뒤,202005,2875
광진구,543. 구의공원(테크노마트 앞),202005,1597
광진구,544. 광남중학교,202005,1918
광진구,546. 잠실대교북단 교차로,202005,1714
광진구,548. 자양나들목,202005,2531
광진구,549. 아차산역 3번출구,202005,2649
광진구,551. 구의삼성쉐르빌 앞,202005,3062
광진구,552. 대림아크로리버 앞,202005,990
광진구,553. 중곡 성원APT 앞,202005,1847
광진구,555. 구의3동주민센터,202005,1063
광진구,571. 어린이대공원역6번출구,202005,1048
광진구,572. 국립정신 건강센터 앞,202005,523
광진구,573. 구의문주차장 앞,202005,1521
광진구,574. 아차산역4번출구,202005,2296
광진구,575. 중앙농협 중곡지점,202005,480
광진구,576. 광나루역 3번 출구,202005,2023
광진구,577. 광진청소년수련관,202005,2237
광진구,584. 광진광장 교통섬,202005,2280
광진구,588. 뚝섬 유원지역,202005,2796
광진구,590. 건국대학교 (입학정보관),202005,2223
광진구,591. 건국대학교 (행정관),202005,268
광진구,592. 건국대학교 학생회관,202005,1213
광진구,593.자양중앙나들목,202005,2679
구로구,1901. 신도림동주민센터 앞,202005,1477
구로구,1904. 도림천역 1번 출구 앞,202005,1965
구로구,1906. 신도림역 1번 출구 앞,202005,7741
구로구,1907. 구일우성(아) 육교 밑,202005,843
구로구,1908. 해원리바파크 육교 밑,202005,1304
구로구,1911. 구로디지털단지역 앞,202005,5412
구로구,1912. 한신휴아파트 앞,202005,1557
구로구,1913. 구로리공원,202005,899
구로구,1914. 대림역4번출구,202005,1925
구로구,1916. 구로중학교앞,202005,433
구로구,1920. 서울미래초등학교 사거리,202005,1220
구로구,1924. 삼부르네상스파크빌,202005,481
구로구,1925. 동양미래대학교 정문 옆,202005,4246
구로구,1928. 고척스카이돔구장 광장,202005,1273
구로구,1929. 고척근린공원 고척도서관 앞,202005,977
구로구,1930. 개봉지구대 개봉치안센터,202005,632
구로구,1931. 개봉역(북측광장),202005,1697
구로구,1933. 개봉푸르지오아파트 상가,202005,1602
구로구,1936. 개봉역 1번 출구 자전거보관서쪽,202005,910
구로구,1937. 한진아파트 입구,202005,1083
구로구,1941. 오류동역 2번출구,202005,1221
구로구,1943. 온수역 북측,202005,617
구로구,1946. 구로역 광장,202005,1774
구로구,1951. 천왕이펜하우스 4단지 상가 앞,202005,567
구로구,1952. 천왕연지타운2단지 앞,202005,1696
구로구,1953. 천왕역 4번출구 뒤,202005,930
구로구,1955. 디지털입구 교차로,202005,2250
구로구,1956. 도야미리숯불갈비 앞,202005,1011
구로구,1957. 구일고등학교 정문,202005,1242
구로구,1958. 강서수도사업소민원센터,202005,1365
구로구,1959. 구로구의회 앞,202005,983
구로구,1960. 화광신문사 앞,202005,2045
구로구,1961. 신도림테크노근린공원,202005,4136
구로구,1962. 가리봉동주민센터,202005,851
구로구,1964. 원메디타운 앞,202005,1184
구로구,1965. 삼환로즈빌아파트 105동 옆,202005,833
구로구,1966. 한마을아파트 정문상가,202005,1366
구로구,1967. 참새공원(백곡경노당),202005,297
구로구,1968. 동인오피스텔 건너편 소공원,202005,372
구로구,1969. 궁동생태공원,202005,241
구로구,1971. 오정초교 앞 보도육교,202005,508
구로구,1973. 오리로와 서해안도로 교차로 앞,202005,469
구로구,1974. 신도림2차e편한세상아파트 203동 앞,202005,1006
구로구,1975. 대림역 1번 출입구 밑,202005,1190
구로구,1976. 남구로역 5번 출입구 앞,202005,420
구로구,1977. 천왕역 1번 출입구 앞,202005,888
구로구,1979. 구로1동우체국 앞,202005,178
구로구,1981. 천왕이펜하우스5단지 앞,202005,820
구로구,1983. 구로동롯데아파트,202005,1271
구로구,1984. 구로구청,202005,1425
구로구,1985. 구로도서관,202005,2715
구로구,1986. 태평양물산빌딩,202005,2191
구로구,1987. 개봉아이파크아파트 앞,202005,1909
구로구,1988. 고척LIGA아파트 앞,202005,2170
구로구,1991. 오류동역 맞은편,202005,1647
구로구,1992. 구로구배드민턴실내체육관 앞,202005,289
구로구,1993. 금강수목원아파트 앞,202005,523
구로구,1994. 삼성전자 물류센터 앞,202005,891
구로구,1996. 구일역 1번 출입구 앞,202005,2701
구로구,1998. 고척교 교차로,202005,1951
구로구,1999. 수궁동 성당 주변,202005,452
구로구,2000. 신도림4차 e편한세상 아파트 1109동 앞,202005,1821
구로구,2801. 대륭포스트타워1차,202005,1353
금천구,1804. 독산역 2번출구 자전거주차장,202005,1595
금천구,1805. 서울디지털운동장 앞,202005,821
금천구,1806. 에이스하이엔드타워9차 앞,202005,778
금천구,1808. 에이스하이엔드타워8차 앞,202005,624
금천구,1809. LG전자 별관동(호서대 벤처타워 맞은편),202005,416
금천구,1812. 갑을그레이트밸리 앞,202005,868
금천구,1814. 두산위브아파트 옆 상가건물 앞,202005,724
금천구,1816. 금천폭포공원 앞,202005,374
금천구,1819. 금천구청 앞 자전거거치대,202005,893
금천구,1820. 신한은행 시흥대로금융센터지점,202005,356
금천구,1821. 홈플러스 시흥점 맞은편 다비치안경 앞,202005,916
금천구,1822. 서울 시흥동우체국 앞,202005,1140
금천구,1823. 상신정비공업 앞,202005,547
금천구,1824. 독산근린공원 입구,202005,2569
금천구,1825. 한신아파트 앞 육교 아래,202005,730
금천구,1826. 한신코아 앞,202005,800
금천구,1827. 독산보도육교 앞 자전거 보관소,202005,4255
금천구,1828. 한양수자인아파트 앞,202005,526
금천구,1829. 홈플러스 금천점 앞,202005,1154
금천구,1830. 빅마켓 금천점 앞,202005,1021
금천구,1831. 메이퀸웨딩컨벤션 앞,202005,549
금천구,1833. 독산역 1번출구 앞 자전거보관소,202005,953
금천구,1834. 월드메르디앙 벤처센터 2차,202005,1981
금천구,1835. STX V타워,202005,816
금천구,1839. 수출의 다리 아래,202005,1017
금천구,1840. 솔브레인이엔지 뒤편,202005,474
금천구,1841. 가산동 주민센터,202005,1020
금천구,1842. 한울중학교,202005,344
금천구,1843. 독산고등학교,202005,533
금천구,1845. 롯데캐슬골드파크1차 서문,202005,614
금천구,1846. 롯데캐슬골드파크1차 동문,202005,1225
금천구,1847. 독산주공 14단지 버스정류소,202005,340
금천구,1848. 벽산 디지털밸리 5차,202005,592
금천구,1849. 대륭포스트타워5차,202005,409
금천구,1850. 코오롱테크노밸리,202005,546
금천구,1851. 가산디지털단지 7번출구,202005,1646
금천구,1852. 혜명양로원 담장 옆,202005,488
금천구,1853. 서울디자인직업전문학교 앞,202005,275
금천구,1854. 가산아네스트 오피스텔 앞,202005,485
금천구,1855. 성지아파트 옆 도로변,202005,192
금천구,1856. 모두의학교,202005,758
금천구,1857. 주공14단지,202005,336
금천구,1858. 석수역1번출구 앞 (SK주유소),202005,855
금천구,1859. 대륭테크노타운 18차,202005,535
금천구,1861.IBK기업은행 석수역 지점 앞,202005,28
금천구,1862.스타즈호텔독산 빌딩 앞,202005,76
금천구,1863.위너스 스포츠클럽 골프연습장옆,202005,32
금천구,1864.산호시티빌 옆,202005,17
금천구,1865.금천구청앞(M빌딩),202005,28
금천구,1866.서울안천초등학교 옆,202005,41
금천구,1867.대륭포스트타워6차 앞,202005,134
금천구,1868.우리은행 시흥남자동화점 앞,202005,25
금천구,1869.롯데캐슬골드파크3차 301동 앞,202005,49
금천구,1870.독산3동주민센터 앞,202005,49
노원구,1601. 석계역 문화광장 내 자전거 보관소,202005,5115
노원구,1602. 광운대역 앞,202005,1935
노원구,1603. 롯데캐슬 102동 코너(월계주유소건너),202005,2944
노원구,1605. 헬스케어,202005,2665
노원구,1606. 태릉입구역 3번출구,202005,1650
노원구,1608. 공릉역 1번 출구 앞,202005,5446
노원구,1610. 화랑대역 2번출구 앞,202005,3129
노원구,1611. 과기대 입구(우),202005,3475
노원구,1616. 하계2동 공항버스정류장 옆,202005,3985
노원구,1617. 하계동 중평어린이공원 앞,202005,2832
노원구,1619. 중계동 하나프라자빌딩 앞(중1-1),202005,2619
노원구,1620. 중계동 노원구민체육센터 옆(중1-2),202005,1636
노원구,1625. 상계역(4번출구),202005,4620
노원구,1628. 노일초등학교 앞,202005,1481
노원구,1630. 수연빌딩 앞,202005,1276
노원구,1634. 당고개공원 대여소,202005,1578
노원구,1635. 상계3.4동 주민센터 대여소,202005,428
노원구,1636. 백병원 사거리 농협은행 앞,202005,2991
노원구,1637. KT 노원점 건물 앞,202005,3379
노원구,1639. 희성오피앙,202005,1595
노원구,1640. 한내근린공원 북측,202005,2201
노원구,1641. 한내근린공원 남측,202005,911
노원구,1642. 서울여대 남문,202005,771
노원구,1643. 태릉입구역 8번출구,202005,3493
노원구,1646. 삼육대 입구,202005,940
노원구,1650. 중계근린공원내,202005,4925
노원구,1651. 맥도날드 상계점 앞,202005,1330
노원구,1652. 파르코 앞,202005,627
노원구,1653. 노원역1번출구,202005,4054
노원구,1654. 당고개입구 오거리,202005,885
노원구,1655. 공릉1단지아파트,202005,3498
노원구,1656. 중앙하이츠 아파트 입구,202005,1929
노원구,1657. 노원구청,202005,1331
노원구,1659. 중계동 을지중학교,202005,1418
노원구,1660. 서울시립과학관,202005,681
노원구,1661. 당현천근린공원,202005,1435
노원구,1662. 노원역7번출구,202005,1717
노원구,1663. 동해문화예술관앞,202005,2264
노원구,1664. 노해근린공원내,202005,560
노원구,1665. 양지근린공원앞,202005,1092
노원구,1666. 노원소방서인근,202005,1784
노원구,1667. 중계중학교,202005,1596
노원구,1668. 중계역 6번출구,202005,2893
노원구,1669. 중계역 3번출구,202005,2198
노원구,1670. 노원경찰서교차로,202005,1773
노원구,1671. 인덕대학교,202005,1534
노원구,1672. 상계동수락리버시티,202005,1343
노원구,1673. 노원역 5번출구,202005,3562
노원구,1674. 서울북부고용센터앞,202005,2554
노원구,1675. 월계문화체육센터,202005,98
노원구,1677. 육군사관학교 앞,202005,1665
노원구,1678. 성서대학교 밀알관,202005,263
노원구,1679. 삼육대 도서관,202005,260
노원구,1680. 삼육대 제3과학관,202005,44
노원구,1681. 현대6차 아파트,202005,1001
노원구,1682. 중계종합사회복지관 교차로,202005,673
노원구,1683. 노원문화예술회관,202005,1510
노원구,1684. 태릉입구역 5번출구,202005,3016
노원구,1685. 불암고등학교 앞 횡단보도,202005,863
노원구,1686. 온수골사거리(스타벅스앞),202005,2889
노원구,1688. 마들역 7번출구,202005,2310
노원구,1689. 마들역 3번출구,202005,1423
노원구,1690. 도봉운전면허시험장,202005,1361
노원구,1691. 노원정보도서관,202005,764
노원구,1692. 온곡초교 교차로,202005,1608
노원구,1693. 원자력 병원,202005,403
노원구,1696.수락리버시티4단지,202005,48
노원구,1697.상계주공2단지 219동,202005,78
노원구,1700.상계보람아파트 202동,202005,55
노원구,2901.공릉동풍림아파트 101동,202005,55
노원구,2902.공릉풍림아파트 108동,202005,87
노원구,2903.월계초안아파트 1단지,202005,31
노원구,2904.중계3차청구아파트,202005,44
노원구,2905.중계주공6단지,202005,23
노원구,2907. 월계중학교,202005,33
노원구,2908. 광운대학교 중앙도서관,202005,65
노원구,2909. 석계역 3번 출구,202005,103
노원구,2910.도깨비시장,202005,109
노원구,2911.상계역중앙시장,202005,96
노원구,2912.대진고등학교,202005,85
노원구,2913.상계8동 주민센터,202005,139
노원구,2915.서울과학기술대학교(어학교육원),202005,11
노원구,2917.신창중학교 후문 맞은편 버스정류장,202005,39
노원구,2919.등나무 근린공원(시립북서울미술관 앞),202005,164
노원구,2920.상계중학교(당현2교사거리),202005,69
노원구,2921.중계역 2번출구,202005,74
도봉구,1702. 녹천역 1번출구 앞,202005,1000
도봉구,1703. 도봉산광역환승센터앞,202005,948
도봉구,1705. 도봉구청 정문앞,202005,1850
도봉구,1706. 기업은행 앞,202005,1460
도봉구,1707. 도봉구민회관,202005,1278
도봉구,1708. 보건소사거리(다비치안경창동점),202005,1889
도봉구,1709. 쌍문역4번출구 주변,202005,2045
도봉구,1713. 쌍문동 청소년 랜드,202005,1142
도봉구,1714. 도봉문화정보도서관 삼거리,202005,244
도봉구,1715. 서울특별시교육청도봉도서관,202005,1596
도봉구,1716. 하나로마트 창동점,202005,3036
도봉구,1717. 시립창동운동장 입구,202005,435
도봉구,1719. 신도봉사거리 버스정류장,202005,672
도봉구,1720. 도봉구청 옆(중랑천변),202005,3905
도봉구,1721. 창동역 2번출구,202005,3110
도봉구,1722. 창동청소년수련관,202005,1174
도봉구,1723. 방학동학마을도서관,202005,1310
도봉구,1725. 창1동주민센터,202005,614
도봉구,1726. 삼익세라믹아파트교차로,202005,1992
도봉구,1727. 서울도봉초등학교인근,202005,472
도봉구,1728. 서울북부지방법원,202005,719
도봉구,1729. 파리바게트앞,202005,1680
도봉구,1730. 도봉산역 교차로 앞,202005,472
도봉구,1731. 도봉고등학교 맞은편,202005,386
도봉구,1732. 우리은행 앞,202005,1138
도봉구,1733. 방학사거리 (봄마당 앞),202005,2039
도봉구,1734. 쌍문현대1차아파트 108동 앞,202005,1518
도봉구,"1735. 도봉역 1,2번 출구사이 건너편",202005,1008
도봉구,1736. 버스정류장 앞,202005,598
도봉구,1737. 하나은행 (창동점),202005,2435
도봉구,1738. 창동주공17단지 상가앞,202005,1933
도봉구,1741. 제일강산수산입구,202005,3029
도봉구,1742. 북한산 코오롱 하늘채,202005,1204
도봉구,1744.KT방학지사 앞,202005,169
도봉구,1757.솔밭공원역 1번출구 앞,202005,1
동대문구,600. 휘경2동 주민센터,202005,331
동대문구,601. 용신동주민센터,202005,783
동대문구,602. 장안동 사거리,202005,4584
동대문구,604. 답십리초등학교 옆 공원,202005,964
동대문구,605. 신설동역8번출구,202005,1127
동대문구,606. 휘경공고앞,202005,1228
동대문구,607. 신이문역 2번출구,202005,1555
동대문구,608. 전농삼성아파트,202005,301
동대문구,609. 제기2교,202005,2320
동대문구,610. 동대문중 교차로,202005,836
동대문구,612. 시립동부병원 앞 사거리,202005,1745
동대문구,613. 신설동역 10번출구 앞,202005,1679
동대문구,614. 용두동 사거리,202005,1838
동대문구,615. 용두동 래미안허브리츠아파트 앞,202005,1481
동대문구,616. 서울시립대 앞,202005,236
동대문구,617. 청솔우성아파트 앞,202005,1469
동대문구,621. 동대문중학교 옆,202005,331
동대문구,622. 전농사거리 교통섬,202005,1662
동대문구,623. 서울시립대 정문 앞,202005,1598
동대문구,624. 전농동 동아아파트 앞,202005,1591
동대문구,625. 답십리초등학교 앞(현대시장 옆),202005,1956
동대문구,626. 군자교 서측 녹지대,202005,1641
동대문구,627. 장안동삼거리 교통섬,202005,2402
동대문구,628. 휘봉고등학교 앞,202005,696
동대문구,630. 동대문구 보건소,202005,1750
동대문구,631. 답십리역 1번출구,202005,2330
동대문구,633. 청량리 기업은행 앞,202005,2135
동대문구,634. 외국어대 정문 앞,202005,3630
동대문구,635. 시조사 앞 (청량고정문 옆),202005,2276
동대문구,636. 세종대왕기념관 교차로,202005,818
동대문구,637. KAIST 경영대학 앞,202005,1305
동대문구,638. 서울시립대 정보기술관,202005,451
동대문구,639. 서울시립대 후문,202005,680
동대문구,640. KEB하나은행 청량리역지점,202005,860
동대문구,641. 용두역 4번출구,202005,2476
동대문구,642. 신답역 사거리,202005,1351
동대문구,643. 동대문구민체육센터 (육교아래),202005,2248
동대문구,646. 장한평역 1번출구 (국민은행앞),202005,3590
동대문구,647. 신이문역 1번출구,202005,1271
동대문구,648. 장안동위더스빌옆,202005,2532
동대문구,650. 중랑교사거리,202005,4154
동대문구,651. 우리은행청량리지점앞,202005,995
동대문구,652. 답십리 래미안엘파인아파트 입구,202005,712
동대문구,654. 전농동 텃골공원,202005,582
동대문구,656. 영휘원 교차로,202005,890
동대문구,657. 동대문롯데캐슬아파트 앞,202005,1268
동대문구,658. 촬영소 사거리,202005,1300
동대문구,659. 제기역1번출구,202005,1781
동대문구,660. 동의보감타워,202005,1460
동대문구,661. 경희대학교 청운관,202005,1412
동대문구,663. 외대앞역 4번출구,202005,2810
동대문구,664. 서울시립대 대학본부,202005,359
동대문구,665.이문동 쌍용아파트 정문,202005,311
동대문구,667.청량차도 육교 밑,202005,46
동대문구,668.서울축산농협(장안지점),202005,356
동대문구,669.청계신한신휴플러스앞 삼거리,202005,239
동대문구,670.삼육서울병원 버스정류장,202005,568
동대문구,671.대광빌딩,202005,56
동대문구,672.대광고등학교,202005,63
동대문구,673.안암골벽산아파트(후문),202005,196
동대문구,674.고대앞사거리 교통섬,202005,234
동대문구,675.성복교회 앞 (장평교 아래),202005,329
동대문구,676.FITI시험연구원 앞,202005,118
동대문구,677.청량리역 4번 5번출구 사이,202005,215
동대문구,678.장안힐스테이트(아) 앞,202005,213
동대문구,679.전농SK아파트 앞,202005,54
동대문구,680.꿈마루어린이도서관 앞,202005,1
동대문구,681.서울특별시 동부교육지원청(육교),202005,19
동작구,2002. 노들역 1번출구,202005,8017
동작구,2003. 사육신공원앞,202005,2414
동작구,2007. 유한양행앞,202005,1663
동작구,2008. 노량진근린공원 대방공원,202005,359
동작구,2009. 보라매역 8번출구,202005,1045
동작구,2012. 녹십초요양병원앞,202005,718
동작구,2013. 장승배기역 5번출구,202005,2063
동작구,2015. 신대방삼거리역 6번출구쪽,202005,2274
동작구,2016. 신대방삼거리역 3번출구쪽,202005,1967
동작구,2020. 장승배기역2번출구뒷편쪽,202005,822
동작구,2024. 상도역 1번출구,202005,1593
동작구,2025. 흑석역 1번출구,202005,5703
동작구,2026. 흑석역 4번출구,202005,825
동작구,2027. 중앙대학교 정문,202005,1118
동작구,2032. 이수역 11번출구쪽,202005,2015
동작구,2033. 사당동 아르테스 웨딩앞,202005,1277
동작구,2034. 사당역 7번출구쪽,202005,1651
동작구,2036. 정금마을 마을버스정류장,202005,850
동작구,2037. 동작역 5번출구 동작주차공원,202005,1505
동작구,2038. 동작역 7번출구,202005,285
동작구,2040. 비계 버스정류소,202005,406
동작구,2041. 사당중학교 버스정류소,202005,366
동작구,2048. 삼일초등학교 인근,202005,654
동작구,2050. 노량진역 5번출구,202005,3368
동작구,2054. 삼익아파트,202005,1210
동작구,2056. 동작구민 체육센터,202005,1238
동작구,2057. 상도 아이파크 아파트,202005,408
동작구,2058. 노량진동 맥도널드앞,202005,2787
동작구,2059. 보라매공원 정문,202005,2067
동작구,2060. 남성역3번출구 뒤,202005,1629
동작구,2061. 한강 현대아파트 건너편,202005,202
동작구,2062. 사당새마을금고,202005,448
동작구,2063. 대방역 4번출구,202005,1766
동작구,2064. 흑석한강푸르지오 106동앞,202005,352
동작구,2065. 서울시여성가족재단,202005,1107
동작구,2066. 양문교회 앞,202005,1604
동작구,2067. LG전자 베스트? 대리점 앞,202005,1117
동작구,2068. 총신대 앞(육교),202005,150
동작구,2069. 숭실대 입구역3번 출구 앞,202005,994
동작구,2070. 노량진역 2번 출구 앞,202005,1984
동작구,2071. 대림아파트 후문 상가 옆,202005,276
동작구,2073.동작상떼빌 103동 앞,202005,1
동작구,2080.빕스 대방점 앞,202005,1
동작구,2081.대방1차 e편한세상 앞,202005,1
동작구,2082.7호선 이수역7번출구,202005,6
동작구,2085.강남중학교 앞,202005,1
동작구,2089.사당역10번출구(금강빌딩),202005,1
동작구,2090.기아자동차 사당점 앞,202005,0
동작구,2091.이수역9번출구(맥도날드),202005,1
동작구,237. 보라매 두산위브 건너편,202005,1591
마포구,101. (구)합정동 주민센터,202005,881
마포구,102. 망원역 1번출구 앞,202005,3786
마포구,103. 망원역 2번출구 앞,202005,3112
마포구,104. 합정역 1번출구 앞,202005,2116
마포구,105. 합정역 5번출구 앞,202005,1537
마포구,106. 합정역 7번출구 앞,202005,6221
마포구,107. 신한은행 서교동금융센터점 앞,202005,2955
마포구,108. 서교동 사거리,202005,2017
마포구,109. 제일빌딩 앞,202005,2351
마포구,111. 상수역 2번출구 앞,202005,2325
마포구,112. 극동방송국 앞,202005,1547
마포구,113. 홍대입구역 2번출구 앞,202005,6818
마포구,114. 홍대입구역 8번출구 앞,202005,3462
마포구,118. 광흥창역 2번출구 앞,202005,1587
마포구,119. 서강나루 공원,202005,2367
마포구,120. 신수동 사거리,202005,656
마포구,121. 마포소방서 앞,202005,1008
마포구,122. 신성기사식당 앞,202005,1303
마포구,124. 서강대 정문 건너편,202005,1568
마포구,125. 서강대 남문 옆,202005,540
마포구,126. 서강대 후문 옆,202005,1472
마포구,127. 현대벤처빌 앞,202005,291
마포구,129. 신촌역(2호선) 6번출구 옆,202005,1144
마포구,130. 신촌역(2호선) 7번출구 앞,202005,2432
마포구,136. 대흥동 주민센터,202005,275
마포구,142. 아현역 4번출구 앞,202005,669
마포구,143. 공덕역 2번출구,202005,1478
마포구,144. 공덕역 8번출구,202005,4626
마포구,145. 공덕역 5번출구,202005,1227
마포구,146. 마포역 2번출구 뒤,202005,3980
마포구,147. 마포역 4번출구 뒤,202005,3435
마포구,148. 용강동 주민센터 앞,202005,2935
마포구,150. 서강대역 2번출구 앞,202005,1780
마포구,151. 망원1동주민센터,202005,3106
마포구,152. 마포구민체육센터 앞,202005,12155
마포구,153. 성산2교 사거리,202005,2444
마포구,154. 마포구청역,202005,3284
마포구,155. 가좌역1 번출구 뒤,202005,1657
마포구,156. 서울서부지방법원 앞,202005,1145
마포구,157. 애오개역 4번출구 앞,202005,1703
마포구,181. 망원초록길 입구,202005,772
마포구,182. 망원2빗물펌프장 앞,202005,4290
마포구,183. 하늘채코오롱아파트 건너편,202005,3511
마포구,184. SK망원동주유소 건너편,202005,2356
마포구,185. 마포 신수공원 앞,202005,1724
마포구,186. 월드컵공원,202005,5835
마포구,199. 서울 월드컵 경기장,202005,1150
마포구,3002.벽산상암스마트큐브,202005,768
마포구,3003.래미안신공덕3차아파트,202005,22
마포구,3005.마포구청 청사내,202005,90
마포구,3006. 상암월드컵파크5단지(상암중학교),202005,41
마포구,3007.MBC 앞,202005,165
마포구,3009.서교동사거리(신),202005,414
마포구,3010.홍대입구역 3번출구,202005,659
마포구,3011.경의선(노고산동),202005,261
마포구,400. 상암한화오벨리스크 1차 앞,202005,1007
마포구,401. 상암월드컵파크 10단지 앞,202005,1038
마포구,402. 상암월드컵파크 9단지 앞,202005,1189
마포구,403. 부엉이공원 앞,202005,535
마포구,405. DMC빌 앞,202005,771
마포구,406. 상암월드컵파크 7단지 앞,202005,720
마포구,407. 마포구 육아종합지원센터,202005,1083
마포구,408. LG CNS앞,202005,1082
마포구,409. 누리꿈스퀘어 옆,202005,2519
마포구,410. 상암중학교 옆,202005,495
마포구,411. DMC홍보관,202005,1497
마포구,412. DMC산학협력연구센터 앞,202005,1669
마포구,413. 상암월드컵파크 3단지 후문,202005,710
마포구,414. 상암동주민센터 옆,202005,1501
마포구,415. DMC역 9번출구 앞,202005,1983
마포구,416. 상암월드컵파크 1단지 교차로,202005,756
마포구,417. DMC역 2번출구 옆,202005,1933
마포구,418. 월드컵경기장역 3번출구 옆,202005,3716
마포구,419. 홈플러스 앞,202005,3219
마포구,420. 서울시 공공자전거 상암센터,202005,2418
마포구,421. 마포구청 앞,202005,3468
마포구,422. 문화비축기지,202005,339
마포구,424. 롯데하이마트 (상암월드컵점),202005,475
마포구,425. DMC첨단산업센터,202005,562
마포구,426. 서울신용보증재단,202005,1873
마포구,427. 성산시영아파트,202005,1594
마포구,432. 마포중앙도서관,202005,534
마포구,436. 이대역 5번출구,202005,340
마포구,437. 대흥역 1번출구,202005,1375
마포구,438. 성산2-1 공영주차장,202005,2618
마포구,439. 마포어린이공원,202005,2954
마포구,440. 하늘공원 입구,202005,1958
마포구,490.가온문화공원,202005,357
마포구,491.월드컵파크 4단지,202005,98
마포구,493.홍대입구역 6번출구,202005,331
마포구,495.염리초등학교 앞,202005,231
마포구,497.합정동주민센터 앞,202005,573
마포구,498.연남동주민센터 앞,202005,589
서대문구,110. 사천교,202005,859
서대문구,115. 사루비아 빌딩 앞,202005,1375
서대문구,116. 일진아이윌아파트 옆,202005,2313
서대문구,117. 홍은사거리,202005,4509
서대문구,123. 문화촌 공원,202005,2720
서대문구,128. 신촌역(2호선) 1번출구 옆,202005,1953
서대문구,131. 증산2교,202005,3349
서대문구,133. 해담는다리,202005,2602
서대문구,134. 연세로 명물길,202005,1058
서대문구,135. 명물길 원형무대 앞,202005,808
서대문구,137. NH농협 신촌지점 앞,202005,364
서대문구,138. 신촌동 제1공영주차장 앞,202005,738
서대문구,139. 연세대 정문 건너편,202005,385
서대문구,140. 이화여대 후문,202005,726
서대문구,141. 연대 대운동장 옆,202005,532
서대문구,158. 독립문 어린이 공원,202005,855
서대문구,159. 이대역 4번 출구,202005,279
서대문구,160. 북아현동 가구거리,202005,700
서대문구,161. 무악재역1번 출구,202005,573
서대문구,162. 봉원고가차도 밑,202005,671
서대문구,163. 명지전문대학교 정문 앞,202005,433
서대문구,164. 북가좌1동 주민센터,202005,601
서대문구,165. 중앙근린공원,202005,1931
서대문구,166. 가재울 초등학교,202005,3457
서대문구,167. 연가초등학교 옆,202005,541
서대문구,169. 북가좌 삼거리,202005,782
서대문구,170. 가재울 뉴타운 주유소 옆,202005,1482
서대문구,171. 임광빌딩 앞,202005,665
서대문구,173. 서대문역 8번출구 앞,202005,732
서대문구,175. 홍연2교옆,202005,3051
서대문구,176. 명지대학교 도서관,202005,2574
서대문구,177. 북가좌 초등학교,202005,752
서대문구,178. 증산3교 앞,202005,1519
서대문구,179. 가좌역 4번출구 앞,202005,1820
서대문구,180. 충정로역 7번출구 아래,202005,1094
서대문구,188. 홍은동 정원여중 입구,202005,1858
서대문구,191. 서우빌딩(바른학원),202005,1058
서대문구,192. 연서어린이공원,202005,613
서대문구,194. 증산교 앞,202005,2234
서대문구,195. 모래내고가차도,202005,736
서대문구,196. 연희교차로 인근,202005,447
서대문구,198. 충정2교,202005,883
서대문구,3100. 북성초교,202005,253
서대문구,3101. 서대문구청,202005,1172
서대문구,3102. 연희삼거리,202005,1492
서대문구,3103. 홍제삼거리 북측,202005,1003
서대문구,3104. e편한세상 신촌4단지 앞,202005,1061
서대문구,3105. 홍은센트레빌 아파트 앞,202005,278
서대문구,3106. 홍남교 두바퀴쉼터,202005,2606
서대문구,3107. 연희초등학교 앞,202005,547
서대문구,3110.홍은 현대아이파크 아파트 202동 앞,202005,1
서초구,2201. 본마을 정류소 앞,202005,330
서초구,2202.청계산입구역 1번출구,202005,877
서초구,2203. 청계산입구역 2번출구,202005,225
서초구,2205. 내곡3단지 어린이공원 앞,202005,500
서초구,2206. 언남초등학교 앞,202005,959
서초구,2207. 내곡파출소 뒤 정자,202005,132
서초구,2210. 반포1동 주민센터 앞,202005,617
서초구,2211. 서초구립반포도서관 앞,202005,976
서초구,2212.서초현대4차아파트 201동 맞은편,202005,474
서초구,2213. 고속터미널역 5번출구 앞,202005,1573
서초구,2214. 신반포역 2번출구 앞,202005,2433
서초구,2215. 반포종합운동장 입구,202005,1255
서초구,2217.아크로리버뷰 부지 앞,202005,4814
서초구,"2219. 고속터미널역 8-1번, 8-2번 출구 사이",202005,11480
서초구,2220. 반포본동 주민센터 앞,202005,4708
서초구,2221.하나은행 방배동지점 앞,202005,1670
서초구,2222.사당역 12번출구 뒤,202005,2390
서초구,2223. 방배래미안 정문 앞,202005,366
서초구,2225.백석예술대학교 제3캠퍼스 앞,202005,135
서초구,2226. 신동아럭스빌아파트 앞,202005,142
서초구,2227.방배열린문화센터 앞,202005,1393
서초구,2228.뒷벌공원 옆,202005,1804
서초구,2229.로고스교회 맞은 편,202005,330
서초구,2230.이수역 4번 출구,202005,2047
서초구,2231. 삼성타운(삼성생명) A동 맞은편,202005,1891
서초구,2233. 서초신동아1차아파트 옆,202005,653
서초구,2235.KT 서초지사 앞,202005,566
서초구,2237.서울남부터미널 대합실 입구,202005,956
서초구,2239.교대역 6번출구,202005,513
서초구,2241.양재전화국 사거리,202005,346
서초구,2242.양재역 11번 출구 앞,202005,1137
서초구,2243.서울가정법원,202005,579
서초구,2244.교육개발원입구 교차로,202005,1407
서초구,2245.양재초등학교 맞은편,202005,269
서초구,2246. 서울시 품질시험소 앞,202005,677
서초구,2247.섬들근린공원,202005,1721
서초구,2248. 서초리슈빌S 글로벌 앞,202005,440
서초구,2249. 우솔초등학교 맞은편,202005,394
서초구,2250. 서초유치원 맞은편,202005,886
서초구,2251. 더케이호텔 입구(양재2),202005,967
서초구,2252. 하이브랜드 앞,202005,1234
서초구,2255.시민의숲역 1번출구 옆,202005,2008
서초구,2256.양재동 꽃시장 입구,202005,669
서초구,2257. 하나로클럽 양재점 맞은편,202005,228
서초구,2258.구룡사 삼거리,202005,257
서초구,2259. 잠원역 3번-4번 출구사이,202005,1338
서초구,2262. 한신16차아파트 119동 앞,202005,6602
서초구,2263. 바우뫼문화복지회관,202005,777
서초구,2264. 이수역 1번출구,202005,3242
서초구,2265. 이수고가차도 남단,202005,2582
서초구,2266. 서초역 3번출구,202005,754
서초구,2268. 서초4동주민센터,202005,824
서초구,2269. 주홍교 하부,202005,440
서초구,2270. 서초포레스타 7단지,202005,448
서초구,2271. 내방역 8번출구 앞,202005,882
서초구,2272. 교대입구 교차로,202005,242
서초구,2273. 일동제약 사거리,202005,843
서초구,2274. 양재시민의숲역 3번출구,202005,1383
서초구,2275. 염곡치안센터 건너편,202005,62
서초구,2276. 영동1교 (양재천근린공원),202005,1116
서초구,2277. 길마중4교 하부,202005,1283
서초구,2279. 교대역 5번출구뒤,202005,1146
서초구,2280. 서울서초고용센터앞,202005,598
서초구,2281. 연세사랑병원신관앞,202005,423
서초구,2282. 방배래미안아트힐 101동앞,202005,174
서초구,2283. 그룹한빌딩옆,202005,208
서초구,2284. CJ오쇼핑앞,202005,127
서초구,2285. LH서초3단지 301동 맞은편,202005,637
서초구,2286. 탑성마을입구,202005,54
서초구,2287. 능안마을입구,202005,17
서초구,2288. 안골마을입구,202005,32
서초구,2289. 남태령역 2번출구,202005,115
서초구,2290. 서래마을파리15구공원앞,202005,1298
서초구,2292. 무지개아파트 앞,202005,326
서초구,2293. SPC 앞,202005,782
서초구,2294. 두상빌딩 앞,202005,1322
서초구,2297. 남부터미널역 1번출구,202005,677
서초구,2298. 래미안서초스위트앞,202005,495
서초구,2299. 한전아트센터 앞,202005,755
서초구,2501. 서초 포레스타5단지,202005,806
서초구,2502. 서초역1번출구 앞,202005,468
서초구,2503. 반포1동 서초빌딩 앞,202005,883
서초구,2504. 신사역 4번출구 뒤,202005,1014
서초구,2505. 우성아파트사거리 (기업은행앞),202005,1318
서초구,2506. LG유플러스 (방배사옥),202005,311
서초구,2508. 양재이스타빌 앞,202005,1140
서초구,2509. KT반포지사,202005,724
서초구,2510. JW타워,202005,242
서초구,2511. 이수역 6번출구 앞,202005,1253
성동구,3511. 응봉역 1번출구,202005,6192
성동구,3513. 상왕십리역 1번출구,202005,1237
성동구,3514. 왕십리교회옆,202005,1813
성동구,3515. 서울숲 관리사무소,202005,5713
성동구,3519. 용답역 1번 출구,202005,4921
성동구,3525. 금호스포츠센터앞,202005,2332
성동구,3527. 왕십리 자이아파트,202005,30
성동구,3530. 왕십리자이아파트 후문(삼거리),202005,235
성동구,3531. 논골사거리(금호도서관 입구),202005,73
성동구,3532. 왕십리KCC스위첸아파트,202005,131
성동구,3538. 서울숲 IT캐슬,202005,1161
성동구,3545.한양대역 1번출구,202005,511
성동구,3550.금호나들목,202005,155
성동구,3551.성동도로사업소,202005,59
성동구,3552.서울숲 공영주차장앞,202005,527
성동구,3553.마장역3번출구,202005,61
성동구,3555.양지사거리(센트라스APT 115동앞),202005,18
성동구,3558.마장동 금호어울림APT앞,202005,136
성동구,3559.성동구민종합체육센터 앞,202005,556
성동구,3560.성동구 견인차량 보관소 앞,202005,223
성동구,3562.행당중학교 후문,202005,1
성동구,506. 금호 어울림 아파트 앞,202005,489
성동구,507. 성수아이에스비즈타워 앞,202005,1217
성동구,508. 성수아카데미타워 앞,202005,1349
성동구,509. 이마트 버스정류소 옆,202005,3248
성동구,510. 서울숲 남문 버스정류소 옆,202005,2944
성동구,511. 서울숲역 4번 출구 옆,202005,2807
성동구,512. 뚝섬역 1번 출구 옆,202005,4207
성동구,513. 뚝섬역 5번 출구 정류소 옆,202005,3178
성동구,514. 성수사거리 버스정류장 앞,202005,1970
성동구,518. 청계천 박물관 앞,202005,932
성동구,519. 양지사거리,202005,1052
성동구,520. 상왕십리역 4번 출구 앞,202005,712
성동구,521. 왕십리역 11번 출구 앞,202005,2138
성동구,522. 금호역 1번출구 앞,202005,441
성동구,523. 옥수동성당 옆,202005,79
성동구,524. 래미안금호하이리버 아파트 102동 옆,202005,572
성동구,525. 한양대병원사거리,202005,4290
성동구,526. 용답토속공원 앞,202005,1278
성동구,529. 장한평역 8번 출구 앞,202005,1148
성동구,530. 청계벽산아파트 앞,202005,1951
성동구,533. 우리은행 금호동 지점 앞,202005,752
성동구,534. 금호사거리,202005,396
성동구,535. 응봉삼거리,202005,818
성동구,536. 행당역 2번출구 앞,202005,1272
성동구,537. 한양대후문역 부근,202005,2092
성동구,538. 답십리역 8번출구 앞,202005,802
성동구,550. 서울시설공단 앞,202005,1168
성동구,556. 달맞이공원,202005,251
성동구,557. 도선동 주민센터 앞,202005,1127
성동구,558. 성동광진 교육지원청 앞,202005,1716
성동구,559. 왕십리역 4번 출구 건너편,202005,2515
성동구,560. 비전교회 앞,202005,1677
성동구,561. 서울숲역 2번출구 앞,202005,2215
성동구,562. 군자지하보도 앞,202005,1167
성동구,563. 성동세무서 건너편,202005,1680
성동구,564. 금호역 3번출구,202005,115
성동구,565. 옥수역 3번출구,202005,7893
성동구,567. 성수역 2번출구 앞,202005,2810
성동구,568. 청계8가사거리 부근,202005,2902
성동구,569. 응봉현대아파트 정류소,202005,350
성동구,578. 성동세무서 부근,202005,1508
성동구,579. 마장역 4번출구,202005,1753
성동구,580. 신금호역 3번출구 뒤,202005,3
성동구,581. 용답초등학교,202005,681
성동구,582. 경일중학교 앞,202005,1498
성동구,583. 청계천 생태교실 앞,202005,8057
성동구,585. 성수2가1동 공영주차장 인근,202005,3021
성동구,586. 마장동 주민센터,202005,950
성동구,587. 유니베라 앞,202005,1497
성동구,589. 성수역3번출구,202005,3420
성동구,594. 중랑물재생센터(서울새활용플라자),202005,467
성북구,1302. 한성대입구역6번출구 뒤,202005,589
성북구,1303. 돈암초교 입구,202005,1228
성북구,1304. 만해공원,202005,256
성북구,1305. 성북구청,202005,955
성북구,1306. 한성대입구역2번출구,202005,2164
성북구,1308. 안암로터리 버스정류장 앞,202005,5749
성북구,1314. 정릉꿈에그린1단지 201동 앞,202005,531
성북구,1315. 고려사대부속중고 정문,202005,505
성북구,1316. 고려사대부속중고 건너편,202005,412
성북구,1318. 길음역 3번출구 뒤,202005,1320
성북구,1319. 종암사거리 분수대,202005,2486
성북구,1320. LG베스트샵 종암점,202005,2321
성북구,1321. 국민은행 종암동지점 앞,202005,2635
성북구,1322. 래미안라센트아파트 103동 앞,202005,1045
성북구,1323. 월곡역 입구 육교 밑,202005,1038
성북구,1325. 상월곡역 4번출구,202005,609
성북구,1326. 상월곡역 1번출구,202005,951
성북구,1327. 상월곡역 3번출구,202005,1429
성북구,1328. 월곡역 3번출구,202005,3151
성북구,1332. 석계역 5번출구 건너편,202005,2877
성북구,1333. 석관초등학교 앞,202005,2245
성북구,1334. 석관동주민센터 앞,202005,1218
성북구,1336. 성북3교 위,202005,2459
성북구,1337. 돈암성당 옆,202005,4145
성북구,1338. 용문2교 옆,202005,973
성북구,1339. 삼성전자서비스 성북센터,202005,1518
성북구,1340. 광운초등학교 앞,202005,1962
성북구,1342. 성북쉼터 앞,202005,217
성북구,1343. 한성대7번출구 앞,202005,644
성북구,1344. 아리랑시네센터 앞,202005,434
성북구,1346. 길음8골어린이공원 옆,202005,1033
성북구,1347. 길음래미안아파트817동 상가 앞,202005,538
성북구,1348. 성북제일새마을금고 본점 앞,202005,569
성북구,1349. 월계2교 버스정류장 앞,202005,731
성북구,1351. 안암2교 옆,202005,2209
성북구,1352. e 편한세상 보문아파트 내,202005,230
성북구,1353. 금호어울림센터힐 내,202005,340
성북구,1354. 고려대학교 2번출구,202005,2162
성북구,1355. 보문2교,202005,3205
성북구,1357. 북한산보국문역,202005,733
성북구,1358. 정릉도서관 앞,202005,801
성북구,1359. 장위뉴타운 꿈에 숲 코오롱 하늘채 앞,202005,1235
성북구,1360. 정릉역,202005,1055
성북구,1361. 홍익중고 입구,202005,1108
성북구,1362. 보문역6번출구 앞,202005,1430
성북구,1363. 보문4교 인근,202005,2304
성북구,1364. 성북동 치안센터 앞,202005,713
성북구,1365. 선잠단지 앞,202005,298
성북구,1366. 일신초등학교 옆,202005,559
성북구,1367. 길음문화복합미디어센터,202005,407
성북구,1368. 성신여대입구 교차로,202005,1453
성북구,1369. 미아사거리,202005,1834
성북구,1370. 복자사랑 피정의 집,202005,440
성북구,1372. KEB은행 고대점,202005,2514
성북구,1373. 성북구보건소 건너편,202005,1249
성북구,1375. 생명의 전화 종합복지관 앞 교차로,202005,2108
성북구,1376. 한국과학기술연구원 중문,202005,245
성북구,1377. 한국과학기술연구원 북문,202005,207
성북구,1383.성북동 주민센터 건너편,202005,1
성북구,1394.길음뉴타운 래미안9단지,202005,446
송파구,1201. 가락시장역 3번 출구,202005,2708
송파구,1203. 밀리아나2빌딩 앞,202005,2899
송파구,1204. 거여역 3번출구,202005,1564
송파구,1205. 종합운동장역 4번출구,202005,1392
송파구,1206. 9호선종합운동장역 9번출구,202005,1757
송파구,1207. 마천CU우방점 앞,202005,1037
송파구,1208. 풍납현대아파트쉼터,202005,2478
송파구,1209. 잠실나루역 (2번 출구 쪽),202005,5547
송파구,1210. 롯데월드타워(잠실역2번출구 쪽),202005,7047
송파구,1211. 방이삼거리,202005,3970
송파구,1212. 송파역 2번 출구앞,202005,3614
송파구,1213. 백토공원 앞,202005,984
송파구,1214. 오금역 7번 출구 인근,202005,1374
송파구,1215. 올림픽공원역 1번출구 앞,202005,1714
송파구,1217. 송파파인타운 7단지,202005,1013
송파구,1218. 방이역 4번출구,202005,2574
송파구,1220. 잠실본동주민센터뒤 잠실근린공원,202005,1297
송파구,1221. 삼전사거리 포스코더샵,202005,2479
송파구,1222. 잠실새내역 5번 출구 뒤,202005,6002
송파구,1224. 아시아지하보도 2번 출구,202005,1986
송파구,1226. 잠실4동 주민센터 옆,202005,1990
송파구,1227. 거여역 8번출구 뒤,202005,1564
송파구,1228. 마천사거리,202005,1577
송파구,1229. 송파체육문화회관 앞,202005,1214
송파구,1230. 송파중학교 정문,202005,1154
송파구,1231. 잠실역 6번출구,202005,3484
송파구,1232. 롯데마트 주차장 옆,202005,1628
송파구,1233. 잠실3거리(갤러리아팰리스),202005,1023
송파구,1235. 잠실트리지움310동 옆,202005,2241
송파구,1239. 문정 법조단지3,202005,554
송파구,1240. 문정 법조단지4,202005,649
송파구,1241. 문정 법조단지5,202005,598
송파구,1242. 문정 법조단지6,202005,235
송파구,1243. 문정 법조단지7,202005,2870
송파구,1244. 문정 법조단지8,202005,2631
송파구,1245. 문정 법조단지9,202005,1875
송파구,1246. 문정 법조단지10,202005,1765
송파구,1247. 문정 법조단지11,202005,1202
송파구,1248. 방이초등학교,202005,1998
송파구,1249. 아주중학교건너편,202005,1387
송파구,1250.문정2동 주민센터,202005,680
송파구,1251. 석촌역 2번출구,202005,3489
송파구,1253. 오금역 3번 출구 뒤,202005,801
송파구,1256. 문정현대아파트 교차로,202005,1172
송파구,1257. 가락시장역 롯데마트앞,202005,1866
송파구,1258. 가락미륭아파트 앞,202005,504
송파구,1259. 방이역 1번출구,202005,2362
송파구,1260. 방이동 한양3차아파트 옆,202005,1702
송파구,1262. 송파여성문화회관 앞,202005,1868
송파구,1263. 장지공영차고지,202005,307
송파구,1264. 천호역 10번 출구 앞,202005,2849
송파구,1265. 문정동 근린공원,202005,2214
송파구,1266. 문정동 글샘 공원,202005,571
송파구,1267. 올림픽공원 남2문 앞,202005,1729
송파구,1268. 몽촌토성역 1번출구 옆,202005,5212
송파구,1269. 리센츠아파트,202005,1378
송파구,1271. 송파도서관,202005,1446
송파구,1274. 영파여고 앞,202005,1086
송파구,1275. 거여초등학교 옆,202005,652
송파구,1277. 오금동 송파 참병원,202005,1808
송파구,1278. 송파구청 교차로,202005,2994
송파구,1279. 마천금호어울림 1차아파트 건너편,202005,884
송파구,1280. 송파파크데일 2단지입구 앞 주차장,202005,900
송파구,1282. 송파소방서 맞은편(성내4교),202005,2047
송파구,1283. 오금공원 사거리,202005,393
송파구,1285. 위례별 유치원 뒤,202005,863
송파구,1286. 위례중앙푸르지오 1단지 앞,202005,1748
송파구,1287. 위례아이파크 101동 맞은편,202005,699
송파구,1288. 문정중교 사거리,202005,1581
송파구,1289. 풍납동 자전거보관소,202005,930
송파구,1290. 위례송파꿈에그린아파트24단지 앞 성벽 다리 밑,202005,1012
송파구,1291. 서울체육고등학교 앞,202005,1553
송파구,1293. 석촌호교차로 (스타벅스 앞),202005,2431
송파구,1295. 잠실역 8번출구,202005,5139
송파구,1296. 석촌호수교차로 (송파나루근린공원 앞),202005,939
송파구,1297. 석촌호수교차로(동호 팔각정 앞),202005,2056
송파구,1299. 송파소방서 (방이119안전센터),202005,617
송파구,1300. 오륜사거리,202005,819
송파구,2601. 석촌호수 서호사거리,202005,2569
송파구,2603. 송파 글마루 도서관,202005,913
송파구,2604. 삼표레미콘 앞,202005,1290
송파구,2605. 복정역 1번 출구 앞,202005,582
송파구,2606. 위례동주민센터 맞은편 근린공원,202005,1334
송파구,2607. 복정역 2번출구 후문 (장지치안센터),202005,1003
송파구,2608. 송파구청,202005,1411
송파구,2609. 보성중고등학교 후문 앞,202005,318
송파구,2610. 여흥레이크빌 앞 (석촌호수 까페거리),202005,1675
송파구,2611. 송파지역자활센터 뒤,202005,1945
송파구,2612. 문정·가락 대여소 앞,202005,111
송파구,2613. 잠실나들목,202005,5753
송파구,2614. 가락고등학교 앞,202005,1311
송파구,2615. 테라타워2,202005,2322
송파구,2616. 거여동 사거리,202005,663
송파구,2617. 가락삼환아파트 앞,202005,1560
송파구,2618. 삼전역 1번출구,202005,2046
송파구,2619. 석촌고분역 4번출구,202005,3434
송파구,2620. 송파나루역 4번 출구옆,202005,4279
송파구,2621. 한성백제역 2번 출구,202005,4665
송파구,2622. 올림픽공원역 3번출구,202005,6332
송파구,2623.석촌동 주민센터,202005,480
송파구,2625.가락1동 주민센터,202005,296
송파구,"2626.경찰병원역 1,2번 출구 사이",202005,1
송파구,2628.문정역 1번출구,202005,316
송파구,2630.서울방이동 고분군,202005,378
송파구,2631.배명고등학교,202005,269
송파구,2632.석촌고분역 2번 출구,202005,331
송파구,2633.송파학사 옆,202005,207
송파구,2634.위례포레샤인아파트 2318동,202005,157
송파구,2635.잠실새내역 1번출구,202005,213
송파구,2637.잠실월드 메르디앙,202005,421
송파구,2638.쌍용아파트,202005,0
송파구,2639.석촌역 8번출구,202005,495
송파구,2641.송파역 4번출구,202005,802
송파구,2642.마천동 성내천 쉼터,202005,423
송파구,2643.풍납중학교 측면,202005,723
송파구,2644.성내5교 (GS주유소),202005,251
송파구,2645.잠실나들목2(엘스아파트136동),202005,1207
송파구,2646.레이클펠리스101동앞,202005,460
송파구,2647.잠실 자전거 수리센터 앞,202005,287
송파구,2648.헬리오시티 112동 앞,202005,470
송파구,2649.오금공원사거리2,202005,85
송파구,2651.경찰병원역 3번출구 앞,202005,377
송파구,2652.송파 레미니스1단지 102동 앞,202005,184
송파구,2653.올림픽공원사거리(선수촌아파트),202005,507
송파구,2654.올림픽선수촌아파트 136동 앞,202005,193
송파구,2655.송이공원,202005,296
양천구,700. KB국민은행 염창역 지점 앞,202005,3104
양천구,701. 목동사거리 부근,202005,1155
양천구,702. 목4동주민센터 옆,202005,1207
양천구,703. 오목교역 7번출구 앞,202005,4414
양천구,704. 남부법원검찰청 교차로,202005,4457
양천구,706. 신정네거리역,202005,1904
양천구,707. 신정3동주민센터,202005,703
양천구,708. 서울출입국관리사무소 앞,202005,3787
양천구,709. 신정3동 현장민원실 앞,202005,1010
양천구,710. 서부화물트럭터미널 사거리,202005,28
양천구,711. 신일해피트리아파트 앞,202005,650
양천구,712. 강월초교입구 사거리,202005,1144
양천구,713. 양서중학교 옆,202005,1028
양천구,714. 한국SGI 양천문화회관 앞,202005,910
양천구,716.신정6동 주민센터 인근,202005,2731
양천구,719. 홍익병원앞 교차로,202005,1710
양천구,720. 서울강월초등학교 앞,202005,453
양천구,722. LG전자베스트샵 신정점,202005,2422
양천구,723. SBS방송국,202005,3246
양천구,724. 계남공원 입구 주출입구 좌측,202005,291
양천구,725. 양강중학교앞 교차로,202005,587
양천구,726. 목동3단지 시내버스정류장,202005,2131
양천구,729. 서부식자재마트 건너편,202005,2113
양천구,731. 서울시 도로환경관리센터,202005,2344
양천구,732. 신월동 이마트,202005,1052
양천구,733. 신정이펜하우스314동,202005,774
양천구,734. 신트리공원 입구,202005,1789
양천구,735. 영도초등학교,202005,2284
양천구,736. 오솔길공원,202005,1196
양천구,737. 장수공원,202005,1048
양천구,739. 신월사거리,202005,852
양천구,740. 으뜸공원,202005,1091
양천구,741. 화곡로 입구 교차로,202005,421
양천구,742. 등촌역 5번 출구 뒤,202005,1115
양천구,743. 현대6차아파트 101동 옆,202005,880
양천구,744. 신목동역 2번 출구,202005,1974
양천구,745. 강서초등학교,202005,932
양천구,746. 목동2단지 상가,202005,2399
양천구,747. 목동3단지 상가,202005,1331
양천구,748. 목동운동장,202005,471
양천구,749. 이대 목동병원 앞,202005,2025
양천구,750. 연의근린공원 건너편,202005,1122
양천구,752. 성원2차 아파트,202005,1129
양천구,754. 목동1단지아파트 118동 앞 (월촌초등학교 정류소 옆),202005,1333
양천구,755. 목동1단지아파트 상가 앞 (월촌중학교 버스정류소 옆),202005,2338
양천구,756. 목동주차장,202005,1950
양천구,757. 신정이펜하우스 1단지아파트 입구 사거리,202005,594
양천구,758. 한사랑교회 앞,202005,2054
양천구,759. 보아스아파트 앞,202005,893
양천구,760. 잣절보도육교 아래,202005,642
양천구,762. 오목로 무중력지대 앞,202005,2104
양천구,763. 목동11단지 아파트,202005,873
양천구,764. 목동청소년수련관,202005,2461
양천구,765. 오목교역 3번출구,202005,4674
양천구,766. 신목동역 3번출구,202005,3211
양천구,"785.양천구청, 보건소 사잇길",202005,1265
양천구,787.양천아파트 입구,202005,1117
양천구,788.양천구청역 2번출구 옆,202005,1126
영등포구,200. 국회의원회관,202005,638
영등포구,201. 진미파라곤 앞,202005,2199
영등포구,202. 국민일보 앞,202005,5155
영등포구,203. 국회의사당역 3번출구 옆,202005,2015
영등포구,204. 국회의사당역 5번출구 옆,202005,1503
영등포구,205. 산업은행 앞,202005,2827
영등포구,206. KBS 앞,202005,2712
영등포구,207. 여의나루역 1번출구 앞,202005,20641
영등포구,209. 유진투자증권빌딩 앞,202005,1452
영등포구,210. IFC몰,202005,6641
영등포구,211. 여의도역 4번출구 옆,202005,3205
영등포구,212. 여의도역 1번출구 옆,202005,1988
영등포구,213. KT앞,202005,1792
영등포구,214. 금융감독원 앞,202005,1350
영등포구,215. 여의도고교 앞,202005,2414
영등포구,216. 삼부아파트1동 앞,202005,1541
영등포구,217. NH농협은행 앞,202005,491
영등포구,218. 증권거래소 앞,202005,1478
영등포구,219. 롯데캐슬엠파이어 옆,202005,1368
영등포구,220. 미성아파트 A동 앞,202005,1378
영등포구,221. 여의도초교 앞,202005,3272
영등포구,222. 시범아파트버스정류장 옆,202005,3662
영등포구,223. 진주아파트상가 앞,202005,1483
영등포구,224. 롯데캐슬 앞,202005,2449
영등포구,225. 앙카라공원 앞,202005,1567
영등포구,226. 샛강역 1번출구 앞,202005,2001
영등포구,227. 양평2나들목 보행통로 입구,202005,3757
영등포구,228. 선유도역 3번출구 앞,202005,4750
영등포구,229. 양평1 보행육교 앞,202005,2571
영등포구,230. 영등포구청역 1번출구,202005,4464
영등포구,231. 남부고용노동지청 남측,202005,1036
영등포구,232. 양평우림 이비즈센타 앞,202005,3577
영등포구,233. YP 센터 앞,202005,496
영등포구,234. 영등포구민체육센터 앞,202005,898
영등포구,235. 신길동 우리은행 옆,202005,1129
영등포구,236. 문래동자이아파트 앞,202005,2061
영등포구,238. 제2구민체육센타 앞,202005,1583
영등포구,239. 유스호스텔 앞,202005,1221
영등포구,240. 문래역 4번출구 앞,202005,2154
영등포구,241. 신길우성1차아파트 앞 공원,202005,1255
영등포구,242. 신길선원가와인아파트 앞,202005,1108
영등포구,243. 이앤씨드림타워 앞,202005,2128
영등포구,244. 영등포삼환아파트 앞,202005,1883
영등포구,245. 삼성생명 당산사옥 앞,202005,2509
영등포구,247. 당산역 10번출구 앞,202005,6392
영등포구,248. 초원아파트 앞,202005,5237
영등포구,249. 여의도중학교 옆,202005,5081
영등포구,250. 대림아파트 사거리,202005,1042
영등포구,251. 서울지방병무청 버스정류장,202005,1469
영등포구,252. 보라매역4번출구,202005,1730
영등포구,253. 신풍역 5번출구 인근,202005,1423
영등포구,254. 도림신협 앞,202005,1247
영등포구,255. 도림4거리,202005,1521
영등포구,256. 동아에코빌입구,202005,1281
영등포구,257. 신길삼거리(우리은행),202005,3377
영등포구,258. 신길역3번출구,202005,1387
영등포구,259. 대방역6번출구,202005,3305
영등포구,260. 여의도 마리나선착장 앞,202005,1166
영등포구,262. 영문초등학교 사거리,202005,3117
영등포구,263. 근로자회관 사거리,202005,3230
영등포구,264. 교보생명보험 앞,202005,1450
영등포구,265. 영등포유통상가 사거리,202005,1343
영등포구,266. 영등포청과시장 사거리,202005,732
영등포구,267. 삼성화재 사옥 옆,202005,2157
영등포구,268. 그랜드컨벤션센터 앞,202005,2057
영등포구,270. 증권거래소후문교차로,202005,1071
영등포구,271. 샛강생태공원방문자센터 앞,202005,741
영등포구,272. 당산육갑문,202005,9168
영등포구,274. 영등포역지하쇼핑센타 5번출구,202005,4804
영등포구,275. 신동아아파트,202005,2912
영등포구,276. SK 영등포주유소,202005,1936
영등포구,277. 영등포뉴타운지하상가 2번게이트,202005,1913
영등포구,278. 쌍용플레티넘오피스텔,202005,2481
영등포구,279. 영등포 푸르지오 아파트,202005,1924
영등포구,280. 양평동6차현대아파트 앞,202005,1937
영등포구,281. 신동아아파트 앞,202005,967
영등포구,282. 신한은행,202005,502
영등포구,283. 아크로타워 스퀘어(영등포시장),202005,3284
영등포구,284. 센트럴 푸르지오 시티 앞,202005,3912
영등포구,285. 대림3동사거리(하나은행),202005,645
영등포구,286. 우성아파트 교차로,202005,1356
영등포구,287. 영등포전화국사거리 (서강어린이공원),202005,2092
영등포구,288. 쌍용예가(구청별관),202005,750
영등포구,289. 대림3동사거리,202005,905
영등포구,290. 당산동 SK V1 빌딩,202005,1723
영등포구,291. 문래동 하이테크 시티,202005,2322
영등포구,292. 영일 어린이공원,202005,972
영등포구,293. 충북 미래관,202005,3085
영등포구,296.KT플라자 영등포점,202005,83
영등포구,297.국회3문,202005,46
영등포구,298.KBS 연구동 건너편,202005,39
영등포구,299.여의도 순복음교회,202005,196
영등포구,3201.당산skv1센터,202005,40
영등포구,3202.당산롯데캐슬프레스티지,202005,91
영등포구,3203.도림동배드민턴체육관,202005,16
영등포구,3205.문래중학교,202005,119
영등포구,3206.문래동 주민센터,202005,29
영등포구,3207.양남사거리 교통섬,202005,31
영등포구,3211.신길 래미안 프레비뉴,202005,59
영등포구,3212.신풍역 6번출구,202005,278
영등포구,3214.영등포 푸르지오,202005,114
영등포구,3215.강변삼성래미안,202005,33
영등포구,3221.서울특별시 남부교육지원청,202005,16
용산구,800. 목월공원 앞,202005,1799
용산구,802. 한강진역 2번 출구 앞,202005,542
용산구,803. 한남초교 앞 보도육교,202005,507
용산구,805. 문배어린이공원 앞,202005,1133
용산구,806. 전자랜드 본관 앞,202005,1102
용산구,807. 서울역 12번 출구 앞,202005,965
용산구,808. 서빙고동 금호맨션 앞,202005,679
용산구,809. 한남 유수지 복개주차장,202005,1438
용산구,810. 이태원지하보도,202005,633
용산구,811. 녹사평역1번출구,202005,566
용산구,812. 용산전쟁기념관,202005,252
용산구,813. 삼각지역 3번출구,202005,1117
용산구,815. LIG강촌아파트 103동앞,202005,2488
용산구,816. 신용산역 6번출구 앞,202005,3159
용산구,817. 삼각지역 4번출구 앞,202005,641
용산구,818. 숙명여대 입구 교차로,202005,1509
용산구,819. 선린인터넷 고등학교,202005,1043
용산구,820. 청파동입구 교차로,202005,828
용산구,822. 이촌1동 마을공원,202005,614
용산구,823. 효창동주민센터 앞,202005,291
용산구,825. 서빙고동 주민센터 앞,202005,5005
용산구,827. 국군복지단,202005,69
용산구,828. 숙대입구역 8번,202005,877
용산구,829. 베르가모앞,202005,4377
용산구,830. 청암자이아파트앞,202005,817
용산구,831. 이태원관광특구입구,202005,265
용산구,832. 이촌1동 주민센터 뒤,202005,4169
용산구,834. 효창공원앞역 3번출구 뒤,202005,2165
용산구,835. 남영역 건너편,202005,945
용산구,836. 현대자동차서비스 앞,202005,2038
용산구,837. 한남나들목 입구,202005,3264
용산구,838. 숙대입구역 4번출구,202005,1327
용산구,839. 보광동 삼성리버빌아파트 앞,202005,1492
용산구,840. 용산 파크타워 앞,202005,671
용산구,841. 신용산역 1번 출구,202005,2542
용산구,843. 녹사평역 광장,202005,984
용산구,844. 이촌2동 동원베네스트 아파트 앞,202005,1209
용산구,845. 용산 선인상가,202005,764
용산구,846. 용산중학교,202005,1026
용산구,847. 국방부민원실옆,202005,118
용산구,848. 삼각지12번 출구,202005,160
용산구,849. 삼각지 자이아파트,202005,454
용산구,850. KCC용산월츠타워,202005,262
용산구,851.효창 푸르지오 앞,202005,98
용산구,854.HID 유족동지회 앞,202005,103
용산구,864.순천향대학병원(한남오거리),202005,591
용산구,865.하얏트호텔 앞,202005,22
용산구,868.롯데하이마트 용산점 앞,202005,195
용산구,869.노들섬 동측 앞,202005,323
용산구,870.노들섬 서측 앞,202005,1298
은평구,900. 은평예술회관,202005,920
은평구,901. 응암1동사무소,202005,1301
은평구,902. 진관동 은빛초등학교,202005,444
은평구,903. 은평뉴타운 아이파크,202005,1056
은평구,904. 은평뉴타운 푸르지오,202005,1017
은평구,905. 구파발역 2번출구,202005,2260
은평구,906. 연신내역 5번출구150M 아래,202005,3631
은평구,907. CJ 드림시티,202005,8048
은평구,908. 구산역 4번출구,202005,1130
은평구,909. 백련산 힐스테이트 3차,202005,397
은평구,911. 은평평화공원(역촌역4번출구),202005,2214
은평구,912. 응암오거리,202005,2960
은평구,913. 이마트 은평점,202005,3070
은평구,914. 새절역 2번출구,202005,5045
은평구,915. 증산역 4번출구,202005,1975
은평구,916. 평생학습관 앞,202005,1211
은평구,917. 녹번역 4번출구,202005,1340
은평구,919. 서울혁신파크,202005,881
은평구,921. 신도고등학교,202005,464
은평구,922. 연신내역 4번출구,202005,496
은평구,923. 국민은행 연서지점,202005,622
은평구,924. 메뚜기다리,202005,321
은평구,925. 불광역 2번출구,202005,560
은평구,926. 불광역 8번출구,202005,1584
은평구,927. 연신내역 3번출구 인근,202005,578
은평구,928. 은평역사한옥박물관,202005,457
은평구,930. 구 서부경찰서 건너편,202005,937
은평구,931. 역촌파출소,202005,3227
은평구,932. 예일여중,202005,1098
은평구,933. LG서비스 역촌점,202005,1939
은평구,934. 신사동 성당,202005,1172
은평구,937. 상림마을 롯데캐슬2단지 옆,202005,220
은평구,938. 금암 문화공원,202005,295
은평구,939. 은평구청 교차로,202005,650
은평구,941. 은평뉴타운 도서관,202005,482
은평구,942. 상림마을 생태공원,202005,444
은평구,943. 은평구청 보건소,202005,1484
은평구,945. 기자촌 사거리,202005,497
은평구,946. 독바위역,202005,752
은평구,947. 연신내 선일하이츠빌 정류소,202005,970
은평구,948. 디지털미디어 시티역 4번출구,202005,583
은평구,949. 연신내역 1번 출구,202005,872
은평구,950. 구산역 2번 출구,202005,1802
은평구,951. 연신내역 6번출구옆,202005,1347
은평구,952. 서울연신중학교,202005,347
은평구,953. 서울연신초등학교,202005,664
은평구,954. 은평뉴타운구파발9단지,202005,736
은평구,956. 응암시장교차로,202005,3026
은평구,958. 신한은행 응암동 지점 앞,202005,1364
은평구,959. 구파발10단지 인근,202005,463
은평구,960. 구파발역 환승센터,202005,718
은평구,961. 불광역 9번 출구,202005,940
은평구,962. 은평뉴타운 힐데스하임,202005,1129
은평구,963. 대호프라자아파트,202005,807
은평구,964. 북한산힐스테이트 7차아파트,202005,435
은평구,965. 서울특별시 은평병원,202005,357
은평구,966. 서울혁신파크1,202005,400
은평구,967. 서울혁신파크2,202005,501
은평구,968. 은평뉴타운 상림마을 13단지,202005,196
은평구,969. 은평 지웰테라스,202005,264
은평구,971. 역촌 센트레빌 아파트,202005,312
은평구,972. 수색역,202005,716
종로구,301. 경복궁역 7번출구 앞,202005,1170
종로구,302. 경복궁역 4번출구 뒤,202005,2390
종로구,303. 광화문역 1번출구 앞,202005,1481
종로구,304. 광화문역 2번출구 앞,202005,1089
종로구,305. 종로구청 옆,202005,1541
종로구,306. 광화문역 7번출구 앞,202005,1634
종로구,307. 서울역사박물관 앞,202005,887
종로구,308. 광화문 S타워 앞,202005,1719
종로구,309. 광화문역 6번출구 옆,202005,848
종로구,314. 국립현대미술관,202005,1217
종로구,316. 종각역 1번출구 앞,202005,1899
종로구,326. 안국역 5번출구 앞,202005,1762
종로구,327. 낙원상가 옆,202005,1287
종로구,328. 탑골공원 앞,202005,1306
종로구,329. 청계2가 사거리 옆,202005,1185
종로구,334. 종로3가역 2번출구 뒤,202005,1905
종로구,335. 종로3가역 15번출구 앞,202005,1058
종로구,337. 창경궁 입구,202005,474
종로구,338. 세운스퀘어 앞,202005,1016
종로구,339. 종로4가 사거리,202005,1006
종로구,340. 혜화동 로터리,202005,1909
종로구,3402.이화공영주차장,202005,190
종로구,3403.서울특별시 교육청,202005,109
종로구,3405.파크팰리스,202005,532
종로구,3407.안국동사거리(신),202005,666
종로구,3408.종로타워빌딩,202005,575
종로구,341. 혜화역 3번출구 뒤,202005,1137
종로구,3410.종로3가역 8번출구,202005,88
종로구,3411.종묘,202005,362
종로구,3412.세운상가,202005,351
종로구,3413.종로플레이스,202005,621
종로구,3417.창신3동주민센터,202005,1
종로구,3418.창신역2번 출구,202005,12
종로구,342. 대학로 마로니에공원,202005,2292
종로구,343. 예일빌딩(율곡로) 앞,202005,423
종로구,3432.종로2가 사거리,202005,722
종로구,344. 성균관대 E하우스 앞,202005,501
종로구,345. 서울보증보험본사 앞,202005,916
종로구,348. 독립문역 사거리,202005,1048
종로구,349. 사직동주민센터,202005,853
종로구,351. 청운초교 앞 삼거리,202005,826
종로구,352. 중앙고입구 삼거리,202005,398
종로구,354. 포르투갈 대사관 앞,202005,1094
종로구,355. 서울사대부속초교 앞,202005,1009
종로구,356. KT혜화지사 앞,202005,1063
종로구,358. 성대입구 사거리,202005,2305
종로구,359. 원남동사거리,202005,1008
종로구,361. 동묘앞역 1번출구 뒤,202005,2758
종로구,362. 청계8가 사거리,202005,1637
종로구,363. 신설동역 11번출구 뒤,202005,1658
종로구,364. 창신역 1번출구 앞,202005,871
종로구,367. 독립문역 3-1번출구,202005,1516
종로구,368. SK 서린빌딩 앞,202005,1093
종로구,369. 광화문 시민열린마당,202005,1560
종로구,385. 종각역 5번출구,202005,1535
종로구,386. 올림픽기념 국민생활관 앞,202005,587
종로구,388. 동성중학교 앞,202005,903
종로구,393. 동대문역 8번 출구,202005,2408
종로구,394. 경희궁 자이 3단지,202005,59
종로구,395. 경희궁 자이 2단지,202005,1201
종로구,397. 종묘공영주차장 건너편,202005,684
종로구,446. 상명대입구,202005,789
종로구,449. 일성아파트,202005,200
종로구,450. 효자동 삼거리,202005,1027
종로구,451. 청와대앞길,202005,279
종로구,452. 동대문 종합시장 버스정류장,202005,699
종로구,453. 종로오가 지하쇼핑센터 14번출구,202005,1145
종로구,454. 종로2가 버스정류장 (종각방향),202005,1185
종로구,455. 삼익한의원,202005,672
종로구,456. 숭인2동 주민센터 입구 (이강3대냉면),202005,874
종로구,457. 종로꽃시장 입구 옆,202005,710
종로구,458. 광화문역 5번출구,202005,1870
종로구,461. 서울지방경찰청,202005,983
종로구,462. 신영동삼거리(북악터널방향),202005,25
종로구,464. 삼청동 골목,202005,953
종로구,465. 삼청공원 앞,202005,127
종로구,486. 평창동주민센터 앞,202005,265
중구,300. 정동사거리,202005,1162
중구,310. 청계광장 옆,202005,1079
중구,311. 서울광장 옆,202005,2360
중구,312. 시청역 1번출구 뒤,202005,1985
중구,318. 광교사거리 남측,202005,713
중구,320. 을지로입구역 4번출구 앞,202005,1247
중구,321. KEB 하나금융그룹 명동사옥 옆,202005,1174
중구,322. 명동성당 앞,202005,598
중구,324. 신세계백화점 본점 앞,202005,1085
중구,331. 을지로2가 사거리 북측,202005,1266
중구,332. 을지로2가 사거리 남측,202005,805
중구,336. 티마크 호텔 앞,202005,614
중구,346. 맥스타일 앞,202005,1782
중구,347. 동대문역사문화공원역 9번출구 앞,202005,1678
중구,370. 시청역(2호선) 9번출구 뒤,202005,1496
중구,371. 동대입구역 6번출구 뒤,202005,878
중구,372. 약수역 3번출구 뒤,202005,1179
중구,373. 청구 어린이공원,202005,177
중구,374. 청구역 2번출구 앞,202005,1227
중구,375. 다산 어린이공원,202005,1280
중구,378. 청계7가 사거리,202005,1297
중구,379. 서울역9번출구,202005,1149
중구,380. CJ제일제당 앞,202005,868
중구,381. 장충체육관,202005,171
중구,382. 약수역 10번출구 앞,202005,756
중구,383. 신당역 12번 출구 뒤,202005,2366
중구,384. 종로학원본원,202005,588
중구,387. 훈련원공원주차장 앞,202005,1086
중구,389. 을지로4가역 1번출구,202005,1012
중구,390. 충무로역 1번출구,202005,1375
중구,391. 정동길입구,202005,562
중구,398. 을지로3가역 3번출구,202005,1197
중구,399. 서울역 센트럴 자이아파트,202005,543
중구,428. 명보사거리,202005,722
중구,429. 송도병원,202005,233
중구,430. KEB하나은행 장충동지점,202005,533
중구,431. 청계천 영도교,202005,2298
중구,433. 을지로입구역 2번출구,202005,1453
중구,434. 신당 래미안 버스정류장,202005,129
중구,435. SK 남산빌딩,202005,436
중구,441.염천교사거리,202005,164
중구,443.호암아트홀,202005,323
중구,445.대한상공회의소,202005,448
중구,466.롯데호텔,202005,349
중구,467.한국은행,202005,152
중구,468.웨스틴 조선호텔,202005,143
중구,470.회현역 7번출구,202005,244
중구,471.회현사거리 남측,202005,398
중구,472.삼일교(시그니쳐 타워),202005,528
중구,473.을지로4가역 9번출구,202005,555
중구,482.예수소망교회,202005,52
중구,485.서울역4번출구,202005,323
중구,826. 서울역 서부교차로2,202005,1339
중랑구,1401. 극동늘푸른아파트,202005,2854
중랑구,1402. 금란주차장 앞,202005,1446
중랑구,1403. 중화빌딩 앞 (동부시장),202005,4007
중랑구,1404. 동일로 지하차도,202005,1552
중랑구,1405. 망우역 1번출구,202005,2019
중랑구,1406. 망우청소년수련관,202005,136
중랑구,1407. 먹골역 1번출구 뒤,202005,1632
중랑구,1408. 먹골역 6번출구 앞,202005,2096
중랑구,1410. 면목 대원칸타빌아파트,202005,311
중랑구,1411. 상봉시장앞 교차로 한성빌딩 앞,202005,961
중랑구,1412. 면목초등학교,202005,801
중랑구,1413. 봉화산역 5번출구 뒤,202005,1316
중랑구,1414. 사가정역 1번출구,202005,3193
중랑구,1416. 상봉역 3번출구,202005,1255
중랑구,1418. 새솔초등학교,202005,729
중랑구,1420. 신내어울공원 앞,202005,1043
중랑구,1421. 신내역 4번출구,202005,378
중랑구,1422. 신내우디안아파트 1단지,202005,327
중랑구,1424. 양원역 2번출구,202005,176
중랑구,1425. 용마문화복지센터,202005,654
중랑구,1426. 면목도시개발아파트 1동 앞,202005,279
중랑구,1427. 용마산역 1번출구,202005,339
중랑구,1428. 원묵고등학교,202005,602
중랑구,1429. 장안중학교,202005,981
중랑구,1430. 중랑구청,202005,1248
중랑구,1431. 중랑구청 사거리,202005,2286
중랑구,1433. 중화역 2번출구,202005,2880
중랑구,1434. 홈플러스 면목동점,202005,1362
중랑구,1435. 능산삼거리,202005,289
중랑구,1436. 영풍마드레빌,202005,816
중랑구,1437. 늘푸른공원 앞,202005,889
중랑구,1438. 홈플러스 신내점 앞,202005,2376
중랑구,1440. 하나은행 면목지점,202005,1380
중랑구,1441. 신내능말공원,202005,744
중랑구,1442. (구)신한은행 중랑교지점,202005,1627
중랑구,1443. 구립망우청소년독서실,202005,516
중랑구,1444. 면목4치안센터,202005,1328
중랑구,1445. 용마지구대,202005,319
중랑구,1446. 중랑전화국 교차로,202005,1709
중랑구,1447. 면목역 3번출구,202005,2330
중랑구,1448. 코스트코 상봉점,202005,2271
중랑구,1449. 상봉역 1번출구,202005,2545
중랑구,1450. 화랑대역 7번출구,202005,1999
중랑구,1451. 중랑세무서,202005,3571
중랑구,1452. 겸재교 진입부,202005,3142
중랑구,1453. 중랑캠핑숲,202005,356
중랑구,1454. 한국전력공사(동대문 중랑지사),202005,1654
중랑구,1455. 상봉역 2번 출구,202005,1802
중랑구,1456. 상아빌딩(우림시장 교차로),202005,1113
중랑구,1457. 동원사거리,202005,883
중랑구,1458. 상봉터미널2,202005,2128
중랑구,1459. 용마한신아파트사거리,202005,432
강남구,2301. 현대고등학교 건너편,202006,4512
강남구,2302. 교보타워 버스정류장(신논현역 3번출구 후면),202006,1650
강남구,2303. 논현역 7번출구,202006,1134
강남구,2304. 신영 ROYAL PALACE 앞,202006,399
강남구,2305. MCM 본사 직영점 앞,202006,490
강남구,2306. 압구정역 2번 출구 옆,202006,1310
강남구,2307. 압구정 한양 3차 아파트,202006,1935
강남구,2308. 압구정파출소 앞,202006,1054
강남구,2309. 청담역(우리들병원 앞),202006,663
강남구,2310. 청담동 맥도날드 옆(위치),202006,728
강남구,2311. 학동로 래미안 아파트 앞,202006,522
강남구,2312. 청담역 13번 출구 앞,202006,673
강남구,2313. 금원빌딩 앞,202006,1542
강남구,2314. 청담나들목입구,202006,1153
강남구,2315. 봉은사역 5번출구 옆,202006,1427
강남구,2316. 삼성역 8번출구,202006,1769
강남구,2317. 삼성도로공원,202006,1329
강남구,2318. 삼성중앙역4번출구(문화센터더 리빌),202006,654
강남구,2319. 포스코4거리 서측(수협 삼성동 지점),202006,649
강남구,2320. 도곡역 대치지구대 방향,202006,941
강남구,2321. 학여울역 사거리,202006,1112
강남구,2322. 삼성역 3번 출구,202006,1083
강남구,2323. 주식회사 오뚜기 정문 앞,202006,574
강남구,2324. 천주교 대치 2동 교회 옆,202006,1492
강남구,2325. 대치동 버거킹대치점,202006,1246
강남구,2326. 대치동 삼성로,202006,372
강남구,2327. 뱅뱅사거리 랜드마크타워 앞,202006,1137
강남구,2328. 르네상스 호텔 사거리 역삼지하보도 7번출구 앞,202006,581
강남구,2329. 르네상스호텔사거리 역삼지하보도 2번출구,202006,393
강남구,2330. 스타벅스 앞,202006,668
강남구,2331. 동영문화센터앞,202006,736
강남구,2332. 선릉역3번출구,202006,1346
강남구,2333. 양재역 3번출구 주변,202006,1317
강남구,2334. 삼호아파트 2동 ( 간선도로),202006,159
강남구,2335. 3호선 매봉역 3번출구앞,202006,1295
강남구,2336. 강남세브란스교차로 래미안그레이튼 104동 앞,202006,292
강남구,2337. 대모산입구역 2번출구 앞,202006,533
강남구,2339. 현대아파트 정문 앞,202006,568
강남구,2340. 삼호물산버스정류장(23370) 옆,202006,1880
강남구,2341. 일원역 4~5번 출구 사이,202006,461
강남구,2342. 대청역 1번출구 뒤,202006,2324
강남구,2343. 세곡사거리 대왕파출소 앞,202006,179
강남구,2344. 리엔파크 2단지 앞,202006,867
강남구,2347. 두산건설 본사,202006,444
강남구,2348. 포스코사거리(기업은행),202006,2040
강남구,2349. 역삼빌딩 앞(하나은행 옆),202006,349
강남구,2350. 래미안그레이튼102동앞,202006,359
강남구,2351. 청소년수련관(수영장)앞,202006,236
강남구,2352. 서울본부세관(건설회관 앞),202006,312
강남구,2353. 강남구청역 2번출구 뒤,202006,824
강남구,2354. 청담역 2번출구,202006,364
강남구,2355. 삼성역 5~6번 출구 사이,202006,1694
강남구,2356. 강남구청,202006,773
강남구,2357. 르네상스호텔사거리 역삼지하보도 3번출구 앞 (더 오번 빌딩 명동칼국수 앞),202006,309
강남구,2358. 구룡초사거리 (현대아파트10동 앞 ),202006,249
강남구,"2359. 국립국악중,고교 정문 맞은편",202006,962
강남구,2360. 도곡1동 주민센터 교차로,202006,543
강남구,2361. 압구정역 교차로,202006,1065
강남구,2362. 신사동 가로수길 입구,202006,1186
강남구,2363. 강남 을지병원 교차로,202006,458
강남구,2364. 도산대로 렉서스 앞,202006,625
강남구,2365. K+ 타워 앞,202006,1238
강남구,2368. 도곡동 경남아파트 건너편,202006,254
강남구,2369. KT선릉타워,202006,1105
강남구,2370. 한티역 3번출구,202006,672
강남구,2371. 한국우편사업진흥원,202006,336
강남구,2372. 대치역 사거리,202006,1479
강남구,2373. 개포동역 사거리,202006,1540
강남구,2375. 수서역 1번출구 앞,202006,1110
강남구,2376. 수서역 6번출구 앞,202006,24
강남구,2377. 수서역 5번출구 뒤,202006,2820
강남구,2380. 삼성동베이직하우스앞,202006,557
강남구,2381. 언주역 6번출구앞,202006,533
강남구,2382. 역삼동 sk뷰 501동앞,202006,298
강남구,2383. 보금자리정원,202006,316
강남구,2384. 자곡사거리,202006,2073
강남구,2385. 학동역,202006,761
강남구,2387. 래미안강남힐즈 사거리,202006,973
강남구,2388. 강남구 도시관리공단,202006,409
강남구,2389. 경기여자고등학교 후문 (삼성로3길 입구),202006,625
강남구,2390. 구룡마을 입구 (래미안블레스티지 아파트),202006,277
강남구,2391. 구룡터널 입구(개포1단지아파트),202006,18
강남구,2392. 구룡산 입구 (구룡산 서울둘레길 입구),202006,59
강남구,2393. 구룡사 앞 교차로 (보도육교),202006,83
강남구,2394. 래미안강남포레스트 입구 (보도육교),202006,5
강남구,2395. 개포1단지아파트 입구 (보도육교),202006,18
강남구,2396. 영동3교 북단(우성캐릭터 앞 보도),202006,725
강남구,2398. 더라움,202006,484
강남구,2401. 밀알학교 입구 (삼성서울병원 입구),202006,261
강남구,2403. 공무원연금매점 교차로 (개포주공9단지 입구),202006,175
강남구,2404. 대모산입구역 4번 출구 앞,202006,911
강남구,2405. 청담공원앞 교차로,202006,1050
강남구,2406. 논현동 광명빌딩 앞,202006,383
강남구,2407. 역삼.서초.삼성 세무서 앞 (역삼빌딩 앞),202006,1375
강남구,2408. 강남한양수자인아파트,202006,722
강남구,2409. 역삼동 디오슈페리움 (우성아파트 사거리),202006,1073
강남구,2410. 포스코피앤에스타워 (역삼역 3번출구 부근),202006,666
강남구,2411. 세곡동 성당,202006,955
강남구,2412. 일원1동 주민센터,202006,1836
강남구,2413.도곡역 1번 출구,202006,373
강남구,2414. 도곡역 아카데미스위트 앞,202006,731
강남구,2415.한티역 롯데백화점 앞,202006,457
강남구,2416.한티역 6번 출구,202006,150
강남구,2417.선정릉 일등 추어탕 앞,202006,106
강남구,2418.봉은사역 7번 출구,202006,483
강남구,"2419.봉은사역 1,2번 출구",202006,420
강남구,2420.학여울역 사거리(LG베스트샵 앞),202006,496
강남구,2421. 신논현역 4번출구,202006,235
강남구,2422.수서동 성당 맞은편,202006,398
강남구,2423.영희초교 사거리(래미안개포루체하임),202006,722
강남구,2425.세곡동 사거리(대왕초등학교 정류장),202006,87
강남구,2426.강남한신휴플러스 6단지,202006,236
강남구,2427.개포고등학교 정문앞,202006,3
강남구,2428.롯데리아 개포점앞,202006,193
강남구,2429.압구정로데오역 6번출구,202006,835
강남구,2430.강남파이낸스센터앞(역삼역2번출구),202006,274
강남구,2431.대치역 7번출구,202006,566
강동구,1001. 광진교 남단 사거리(디지털프라자앞),202006,2648
강동구,1002. 해공공원(천호동),202006,3119
강동구,1003. 해공도서관앞,202006,909
강동구,1004. 삼성광나루아파트 버스정류장,202006,2172
강동구,1006. 롯데캐슬 115동앞,202006,907
강동구,1007.암사동 선사유적지,202006,207
강동구,1008. 암사역 3번출구(국민은행앞),202006,4323
강동구,1009. 천호역4번출구(현대백화점),202006,5068
강동구,1010. 강동세무서,202006,3411
강동구,1011. LIGA 아파트 앞,202006,3783
강동구,1012. 서울 상운차량,202006,1157
강동구,1013. 강동구청역 1번 출입구,202006,1523
강동구,1014. 강동구평생학습관앞,202006,1408
강동구,1015. 샛마을 근린공원,202006,1362
강동구,1016. 해뜨는 주유소옆 리엔파크 109동앞,202006,893
강동구,1017. 맥도날드(길동),202006,2570
강동구,1018. 둔촌 주공 GS 맞은편,202006,118
강동구,1019. 다성이즈빌아파트(호원대 대각선 맞은편),202006,3883
강동구,1020. 강동경찰서,202006,3230
강동구,1021. 강일동 리슈빌 빌딩앞,202006,1770
강동구,1022. 길동 사거리(초소앞),202006,1997
강동구,1023. 한국종합기술사옥 앞,202006,2150
강동구,1024. 강동구청 앞,202006,2895
강동구,1025. 상일초등학교,202006,884
강동구,1026. 대명초교 입구 교차로,202006,863
강동구,1027. 프라자 아파트 앞,202006,1513
강동구,1028. 포레스 주상복합 빌딩,202006,1606
강동구,1029. 롯데 시네마,202006,2679
강동구,1030. 미호 플랜트 앞,202006,1396
강동구,1031. 올림픽로 836(아리수로),202006,852
강동구,1032. 선사고등학교,202006,796
강동구,1033. 고덕동 아남아파트,202006,976
강동구,1034. 고덕동 래미안 힐스테이트,202006,596
강동구,1035. 고덕역 4번출구,202006,145
강동구,1036. 고덕동 주양쇼핑,202006,1922
강동구,1037. 강일리버파크 6단지,202006,259
강동구,1038. 강일 다솜 어린이 공원,202006,317
강동구,1039. 고덕초등학교,202006,254
강동구,1041. 묘곡초등학교,202006,885
강동구,1042. 강일리버파크 2~5단지,202006,841
강동구,1044. 굽은다리역,202006,5161
강동구,1047. 건강보험 강동지사kt,202006,2488
강동구,1048. 동부기업(둔촌동),202006,2551
강동구,1049. 강일리버파크 10단지,202006,1109
강동구,1050. 둔촌역 3번 출입구,202006,5206
강동구,1051. 양지시장 (용성약국앞) 입구,202006,1810
강동구,1052. 리싸이클시티,202006,479
강동구,1053. 동명근린공원 진입로 (아리수로),202006,386
강동구,1054. 말우물 어린이 공원,202006,372
강동구,1056. 강일리버파크 7~11단지,202006,500
강동구,1057. 능골근린공원,202006,870
강동구,1058. 고덕숲 아이파크 1,202006,1322
강동구,1059. 래미안 강동팰리스(102동),202006,1624
강동구,1060. 천일초교 사거리,202006,1065
강동구,1061. 천호초교 입구 사거리(일주빌딩),202006,1304
강동구,1062. 고덕숲 아이파크 2,202006,522
강동구,1063.강동롯데캐슬퍼스트 아파트(관리동),202006,519
강동구,1064.중앙보훈병원역 1번출구,202006,310
강동구,1065.보훈병원 정문옆(중앙대영약국),202006,260
강동구,1066.생태공원앞 교차로(조명탑),202006,98
강동구,1067.한영중고앞사거리,202006,283
강동구,1068.명일파출소,202006,913
강동구,1069.강동경희대학교병원 입구,202006,348
강동구,1071.명일근린공원공동체텃밭,202006,227
강동구,1073.SSTS 몰 앞,202006,812
강동구,1074.대명초교입구 사거리,202006,785
강동구,1075.천동초교 삼거리,202006,797
강동구,1076.전자랜드 길동점,202006,1371
강동구,1077.강동역 1번출구 앞,202006,1216
강동구,1078.둔촌사거리,202006,1557
강동구,1079.강일동입구교차로,202006,364
강동구,1080.엘웨딩,202006,582
강동구,1081.트레빌빌딩,202006,512
강동구,1082.중앙보훈병원역3번출구,202006,1
강동구,1083.광문고교사거리(아이파크),202006,458
강동구,1084. 윤선생빌딩(JYP사옥),202006,1379
강동구,1085.래미안 솔베뉴(고덕로),202006,267
강동구,1086.래미안 솔베뉴(구천면로),202006,349
강동구,1087.레미안 솔베뉴(양재대로),202006,112
강동구,1088.풍납사거리(강동),202006,882
강동구,1089.고덕 래미안힐스테이트(201동),202006,251
강동구,1090.상일동역 2번출구 앞,202006,1795
강동구,3539. 서원마을,202006,194
강북구,"1501. 미아역 3번,4번 출구 사이",202006,2075
강북구,1503. 이디야 커피 수유역점 앞,202006,4193
강북구,1504. 다이소 삼양시장점,202006,601
강북구,1506. 강북문화예술회관,202006,1179
강북구,1509. 서울북부수도사업소,202006,1244
강북구,1510. 번동주공5단지 관리사무소 앞,202006,391
강북구,1511. 번동 금호어울림아파트102동앞,202006,404
강북구,1512. 강북중학교 앞,202006,2223
강북구,1513. 강북구청 뒷편,202006,374
강북구,1514. 강북구청 사거리 버스정류소 앞,202006,2753
강북구,1515. 송천동 주민센터,202006,1058
강북구,1516. 우이초등학교 후문 옆,202006,933
강북구,1518. SK telecom(수유직영점) 앞,202006,755
강북구,1519. 세븐일레븐 수유장미원점 앞,202006,928
강북구,1520. 성실교회,202006,1315
강북구,1522. 월드전기조명인테리어(우이동),202006,580
강북구,1525. 미아동 복합청사,202006,601
강북구,1526. 수유동 채선당앞,202006,952
강북구,1527. 미아역 1번 출구 뒤,202006,945
강북구,1528. 삼각산동 주민센터,202006,580
강북구,1529. 미아동 한국전력공사,202006,2006
강북구,1530. 광산사거리,202006,2017
강북구,1531. 미아사거리 1번 출구,202006,3232
강북구,1532. 번3동 주민센터 교차로,202006,1268
강북구,"1533. 번동 주공3, 4단지 교차로",202006,2405
강북구,1534. 북서울 꿈의 숲 동문,202006,1538
강북구,1535. 효성인텔리안 앞,202006,3111
강북구,1536. 번동 두산위브 101동 옆,202006,1566
강북구,1537. 북한산 우이역,202006,995
강북구,1538. 솔밭공원역,202006,833
강북구,1539. 4.19민주묘지역,202006,1949
강북구,1540. 가오리역,202006,1188
강북구,1541. 삼양역,202006,293
강북구,1542. 삼양사거리역,202006,592
강북구,1543. 수유1동 주민센터,202006,911
강북구,1545. 솔샘역 2번 출구,202006,330
강북구,1546. 송천동우체국,202006,982
강북구,1547. 꿈의숲 롯데캐슬,202006,546
강북구,1548. 북서울 꿈의숲 서문,202006,912
강북구,1550.삼각산아이원아파트(105동 옆),202006,28
강북구,1551.4.19탑 앞,202006,291
강북구,1552. 강북구청사거리(던킨도너츠 앞),202006,576
강북구,1553.예수그리스도후기성도교회 앞,202006,131
강북구,1554.번동사거리,202006,295
강북구,1557.신창교,202006,370
강북구,1558.강북문화정보도서관,202006,241
강북구,1560. 도봉세무서 앞,202006,383
강북구,1565.대한병원앞,202006,343
강북구,1566.삼각산 아이언APT앞,202006,80
강북구,1568.4.19민주묘지 입구사거리,202006,342
강북구,1569.수유역2번출구,202006,219
강북구,1573.현대성우아파트 옆,202006,39
강북구,1574.송중초등학교 옆,202006,83
강서구,1101. 개화동상사마을종점 버스정류장,202006,270
강서구,1102. 방화사거리 마을버스 버스정류장,202006,2204
강서구,1103. 방화역 4번출구앞,202006,2419
강서구,1105. 방화근린공원,202006,526
강서구,1106. 신방화사거리,202006,2683
강서구,1108. 공항시장역 2번출구 뒤,202006,1431
강서구,1109. 공항시장역 4번출구,202006,1025
강서구,1110. 공항중학교앞,202006,1273
강서구,1111. 마곡엠밸리6_7단지 마곡중학교,202006,1606
강서구,1112. 마곡엠밸리4단지 정문,202006,5362
강서구,1113. 서남환경공원 버스정류장,202006,2204
강서구,1115. 등촌역 1번출구옆,202006,1878
강서구,1117. 스타벅스앞,202006,3510
강서구,1118. 증미역 3번출구뒤(등촌두산위브센티움오피스텔),202006,4572
강서구,1119. 염창동 한마음아파트앞(염창동 빛나는 음악학원앞),202006,3139
강서구,1120. 대림경동아파트앞,202006,2852
강서구,1121. 가양레포츠센터앞,202006,2348
강서구,1122. 황금내근린공원,202006,4006
강서구,1124. 발산역 6번출구옆(다이소앞),202006,5132
강서구,1125. 명덕고교입구(영종빌딩),202006,3617
강서구,1126. 우장산역 1번출구옆(우장산아이파크105동앞),202006,1977
강서구,1127. 화곡역(에이스정형외과앞) 버스정류장,202006,2080
강서구,1128. 화곡역 6번출구,202006,1829
강서구,1129. 화곡역 1번 출구 앞,202006,2390
강서구,1130. 화곡본동시장 버스정류장,202006,996
강서구,1131. 꿈돌이공원 앞,202006,2586
강서구,1132. 등촌역 7번출구,202006,2247
강서구,1135. 강서구의회,202006,1886
강서구,1136. 등촌2파출소,202006,1208
강서구,1137. 등촌2동주민센터,202006,637
강서구,1139. 용문사 버스정류장,202006,1725
강서구,1140. 목동사거리 버스정류장,202006,1926
강서구,1141. 곰달래 문화복지센터 1-1,202006,2150
강서구,1145. 곰달래 문화복지센터 1-2,202006,1296
강서구,1146. 곰달래사거리,202006,1644
강서구,1148. 볏골공원,202006,1348
강서구,1149. 신방화역환승주차장,202006,5013
강서구,1150. 송정역 1번출구,202006,4111
강서구,1151. 마곡역1번출구,202006,1876
강서구,1152. 마곡역교차로,202006,3762
강서구,"1153. 발산역 1번, 9번 인근 대여소",202006,7183
강서구,1155. 기쁜우리복지관,202006,2795
강서구,1157. 강서구청,202006,3254
강서구,1158. 가양역 8번출구,202006,6773
강서구,1159. 서서울모터리움앞,202006,2747
강서구,1160. 양천향교역 7번출구앞,202006,7875
강서구,1161. 강서면허시험장앞,202006,524
강서구,1162. 공항초등학교건너편,202006,1909
강서구,1163. 방화동강서기동대앞,202006,1414
강서구,1165. 마곡중학교 후문,202006,1039
강서구,1166. 강서구립등빛도서관,202006,3648
강서구,1167. 마곡수명산파크3단지 교차로,202006,3493
강서구,1168. 마곡엠밸리10단지 앞,202006,1409
강서구,1169. 염창역 1번 출구,202006,2403
강서구,1170. 강서구보건소 (삼성디지털 프라자),202006,1778
강서구,1171. 염창동 새마을금고 건너편 (모닝글로리),202006,2333
강서구,1172. 가양3동 주민센터,202006,1796
강서구,1173. 강서구청사거리(SH타워),202006,4711
강서구,1174. 강서구청사거리(부민병원),202006,1477
강서구,1175. 대한항공 인력개발센터,202006,1710
강서구,1177. 수명중?고교,202006,1922
강서구,1178. 개화산역 2번 출구,202006,1219
강서구,1180. 마곡엠밸리 15단지(1502동) 건너편,202006,2222
강서구,1181. 농수산식품공사 (강서지사),202006,326
강서구,1182. KBS 스포츠월드,202006,3694
강서구,1183. KC 대학교,202006,456
강서구,1184. 마곡13단지,202006,2529
강서구,1185. 등촌9단지,202006,2349
강서구,1186. 송정중학교,202006,1045
강서구,1187. 강서수산물도매시장,202006,659
강서구,1188. 롯데중앙연구소,202006,561
강서구,1190. 마곡역 교차로(2번출구),202006,967
강서구,1191. 마곡역 교차로(NH농협),202006,3179
강서구,1192. 마곡수명산파크 209동 건너편,202006,1743
강서구,1193. 마곡센트럴타워 1차,202006,2667
강서구,1194. 센서텍㈜,202006,1530
강서구,1195. 코오롱One&Only타워,202006,2451
강서구,1196. 서울식물원(문화센터) 건너편,202006,1172
강서구,1197. 엘펠리체 호텔 건너편,202006,4103
강서구,1198. LG 사이언스파크,202006,1369
강서구,1199. 우장산역 3번출구,202006,2683
강서구,1200. 개화광역환승센터,202006,303
강서구,2701. 마곡나루역 5번출구 뒤편,202006,8670
강서구,2702. 마곡 엠밸리2단지,202006,1416
강서구,2703.서울도시가스 앞,202006,419
강서구,2704.홈플러스(강서점),202006,1322
강서구,2706.강서공업고등학교 앞,202006,753
강서구,2707.한강아파트,202006,1002
강서구,2708.강서한강자이타워 앞,202006,17
강서구,2709.강변아파트 310동 앞,202006,412
강서구,2710.라이품 공영주차장 앞,202006,1078
강서구,2711.가로공원공영주차장 1번 출구,202006,847
강서구,2712.화곡터널입구교차로,202006,229
강서구,2713.우장초등학교 앞,202006,65
강서구,2714.발산1동주민센터교차로,202006,1011
강서구,2715.마곡나루역 2번 출구,202006,2242
강서구,2716.롯데 R&D 센터,202006,190
강서구,2717.LG유플러스 마곡사옥,202006,1947
강서구,2718.마곡수명산파크1단지,202006,745
강서구,2720.힐스테이트에코,202006,2286
강서구,2721.등촌1-10단지 교차로,202006,975
강서구,2722.마곡 문영비지윅스,202006,942
강서구,2723.마곡 필네이처,202006,442
강서구,2724.(재)FITI시험연구원,202006,566
강서구,2725.서울식물원 식물문화센터,202006,471
강서구,2727.서울식물원 잔디마당 앞,202006,38
강서구,2728.마곡나루역 3번 출구,202006,1371
강서구,2729.넥센 유니버시티 앞,202006,558
강서구,2730.마곡메가박스 앞,202006,941
강서구,2731.명덕고교,202006,532
강서구,2732.마곡수명산 1-2단지,202006,1204
강서구,2733.마곡13단지 정문 앞,202006,1768
강서구,2735.마곡 공공청사,202006,634
강서구,2736.마곡엠벨리7단지 M타워,202006,39
강서구,2737.까치산역 3번 출구,202006,1091
강서구,2739.수명산파크1단지교차로,202006,123
강서구,2740.마곡레포츠센터,202006,282
강서구,2741.마곡수명산파크5-6단지,202006,831
강서구,2742.강서구민올림픽체육센터,202006,309
강서구,2743.동신아파트 104동 앞,202006,6
강서구,2744.강서세무서 앞,202006,1
강서구,2745.수명초등학교,202006,172
강서구,2746.수명산파크 4단지 411동 앞,202006,81
관악구,2102. 봉림교 교통섬,202006,11414
관악구,2103. 신림동 우방아파트,202006,2338
관악구,2104. 사당역 5번출구,202006,1894
관악구,2105. 미성동 신림체육센터,202006,1645
관악구,2106. 난곡 새마을금고,202006,2428
관악구,2107. 도림천 신화교,202006,3625
관악구,2108. 은천치안센터,202006,1785
관악구,2109. 은천로입구 가로공원,202006,3246
관악구,2110. 조원동 미성아파트,202006,1201
관악구,2111. 서울대입구역 1번출구,202006,1420
관악구,2112. 서울대입구역 마에스트로,202006,1333
관악구,2113. 관악동작견인차량보관소,202006,2725
관악구,2115. 관악농협농산물백화점,202006,1402
관악구,2116. 에이스에이존빌딩,202006,1164
관악구,2119. 중앙동 동진빌딩,202006,1500
관악구,2122. 낙성대로 입구,202006,1478
관악구,2127. 보성운수차고지 맞은편,202006,811
관악구,2128. 관악구청교차로,202006,740
관악구,2129. 낙성대 과학전시관,202006,770
관악구,2130. 영어마을 관악캠프,202006,538
관악구,2135. 신림역 5번출구,202006,2069
관악구,2136. 신림역 8번출구,202006,3180
관악구,2137. KT&G 관악지점,202006,819
관악구,2139. 서울신성초등학교,202006,1352
관악구,2140. 신림1교 교차로,202006,2784
관악구,2141. 미림여고입구 교차로,202006,196
관악구,2143. 서울산업정보학교,202006,424
관악구,2144. 난우길입구,202006,736
관악구,2145. 은천초등학교 육교,202006,1054
관악구,2148. 낙성대역 3번출구 뒤,202006,860
관악구,2156. 농협 관악문성지점,202006,1220
관악구,2159. 인헌초교,202006,633
관악구,2160. 관악구 보건소,202006,592
관악구,2164. 관악우체국,202006,1693
관악구,2165. JK장평타워,202006,385
관악구,2167. 낙성대역 1번출구,202006,855
관악구,2169. 봉천역 2번출구,202006,1638
관악구,2170. 조원동서울본병원,202006,1492
관악구,2171. 서울대입구역 5번출구,202006,1880
관악구,2172. 나들목공원,202006,526
관악구,2173. 당곡사거리,202006,5457
관악구,2174. 삼성디지털프라자관악점,202006,1121
관악구,2175. 신림동걷고싶은문화의거리입구,202006,1567
관악구,2176. 보라매공원 보도육교,202006,2987
관악구,2177. 신대방역 2번 출구,202006,8061
관악구,2178. 서울대학교 정문,202006,704
관악구,2179. 양녕로 입구,202006,1682
관악구,2180. 신림동주민센터,202006,6
관악구,2183. 동방1교,202006,6664
관악구,2184. 구암초등학교 버스정류장,202006,319
관악구,2185. 대학동 고시촌,202006,1425
관악구,2186.우리은행 낙성대역지점,202006,212
관악구,2187.현대시장사거리(신한은행),202006,448
관악구,2189.삼성서비스센터(관악점),202006,303
관악구,2190.도원맨션,202006,124
관악구,2191.대학동주민센터,202006,269
관악구,2194.봉림교 남측,202006,51
관악구,2195.은천교회,202006,321
관악구,2196.삼화페인트 봉천점,202006,217
관악구,2198.사랑의병원,202006,253
관악구,2199.신봉천주유소,202006,106
관악구,2200.관악문화원 건너편,202006,26
관악구,3301.도림천 신림2교,202006,10
관악구,3304.낙성대역 5번 출구,202006,286
관악구,3305.낙성대역 8번 출구,202006,171
관악구,3306.서울신우초등학교,202006,30
관악구,3307.봉천고개 육교,202006,109
관악구,3310.영락고등학교,202006,118
관악구,3311.서울대입구역 4번 출구,202006,134
광진구,3500. 군자역2번출구,202006,2610
광진구,3501. 광진구청 앞,202006,2956
광진구,3502. 중곡역 1번출구,202006,998
광진구,3503. 광진유진스웰,202006,205
광진구,3504. 원일교회,202006,2263
광진구,3505. 신양초교앞 교차로,202006,1400
광진구,3506. 영동대교 북단,202006,1504
광진구,3507. 어린이회관,202006,1066
광진구,3508. 화양사거리,202006,2904
광진구,3509. 세종사이버대학교,202006,3332
광진구,3510. 중곡SK아파트앞,202006,808
광진구,3516. 구의아리수정수센터앞,202006,1077
광진구,3517. 용마사거리,202006,2308
광진구,3518. 군자역 7번출구뒤,202006,4303
광진구,3520. 광진경찰서,202006,2389
광진구,3521. 현대홈타운 뒷길,202006,347
광진구,3523. 건국대학교 과학관(이과대) 앞,202006,821
광진구,3524. 세종대학교,202006,211
광진구,3528. 광진정보도서관,202006,1105
광진구,3529. 어린이대공원정문,202006,1351
광진구,3533. 건대입구역 사거리(롯데백화점),202006,7564
광진구,3534. 건대입구역 5번출구 뒤,202006,3538
광진구,3535. 중곡사거리(국민은행),202006,2473
광진구,3536. 중앙농협(자양동),202006,2499
광진구,3537. 아차산 휴먼시아 아파트 옆,202006,772
광진구,3541. 커먼그라운드,202006,3927
광진구,3542. 래미안 구의파크 스위트,202006,1777
광진구,3543. 세종대학교(학술정보원),202006,596
광진구,3563.구의7단지현대아파트,202006,7
광진구,3564.나루마당,202006,36
광진구,3566.우성4차아파트,202006,231
광진구,3568.구의공원,202006,1
광진구,3569.건대병원후문,202006,622
광진구,3570.구의역 리버비스타 오피스텔,202006,463
광진구,3571.화양 APT(횡단보도 옆),202006,418
광진구,3575.자양사거리 (LG 유플러스),202006,464
광진구,3577.신자초교 입구 교차로(SC제일은행),202006,673
광진구,3578.중곡동 파크웨이빌딩,202006,201
광진구,3579.광진 캠퍼스시티,202006,405
광진구,3581.광진광장,202006,190
광진구,3582.화양동 우체국,202006,213
광진구,3586.군자역 비채온 오피스텔,202006,304
광진구,3587.우성식품 앞,202006,57
광진구,3588.세종대학교(영실관),202006,85
광진구,500. 어린이대공원역 3번출구 앞,202006,3178
광진구,501. 광진구의회 앞,202006,1681
광진구,502. 뚝섬유원지역 1번출구 앞,202006,16604
광진구,504. 신자초교입구교차로,202006,2519
광진구,505. 자양사거리 광진아크로텔 앞,202006,4321
광진구,515. 광양중학교 앞,202006,1504
광진구,516. 광진메디칼 앞,202006,1375
광진구,539. 군자교교차로,202006,2651
광진구,540. 군자역 7번출구 베스트샵 앞,202006,2406
광진구,542. 강변역 4번출구 뒤,202006,3127
광진구,543. 구의공원(테크노마트 앞),202006,1054
광진구,544. 광남중학교,202006,1657
광진구,546. 잠실대교북단 교차로,202006,1797
광진구,548. 자양나들목,202006,2410
광진구,549. 아차산역 3번출구,202006,2862
광진구,551. 구의삼성쉐르빌 앞,202006,3488
광진구,552. 대림아크로리버 앞,202006,1078
광진구,553. 중곡 성원APT 앞,202006,1658
광진구,555. 구의3동주민센터,202006,1068
광진구,571. 어린이대공원역6번출구,202006,1023
광진구,572. 국립정신 건강센터 앞,202006,789
광진구,573. 구의문주차장 앞,202006,1899
광진구,574. 아차산역4번출구,202006,2400
광진구,575. 중앙농협 중곡지점,202006,596
광진구,576. 광나루역 3번 출구,202006,2213
광진구,577. 광진청소년수련관,202006,2347
광진구,584. 광진광장 교통섬,202006,2864
광진구,588. 뚝섬 유원지역,202006,2498
광진구,590. 건국대학교 (입학정보관),202006,2606
광진구,591. 건국대학교 (행정관),202006,315
광진구,592. 건국대학교 학생회관,202006,1567
광진구,593.자양중앙나들목,202006,2714
구로구,1901. 신도림동주민센터 앞,202006,1705
구로구,1904. 도림천역 1번 출구 앞,202006,1936
구로구,1906. 신도림역 1번 출구 앞,202006,7999
구로구,1907. 구일우성(아) 육교 밑,202006,1092
구로구,1908. 해원리바파크 육교 밑,202006,1599
구로구,1910. 낙원교회 맞은편,202006,0
구로구,1911. 구로디지털단지역 앞,202006,6716
구로구,1912. 한신휴아파트 앞,202006,2109
구로구,1913. 구로리공원,202006,1074
구로구,1914. 대림역4번출구,202006,2439
구로구,1916. 구로중학교앞,202006,614
구로구,1920. 서울미래초등학교 사거리,202006,1601
구로구,1924. 삼부르네상스파크빌,202006,1012
구로구,1925. 동양미래대학교 정문 옆,202006,4467
구로구,1928. 고척스카이돔구장 광장,202006,1181
구로구,1929. 고척근린공원 고척도서관 앞,202006,856
구로구,1930. 개봉지구대 개봉치안센터,202006,670
구로구,1931. 개봉역(북측광장),202006,1926
구로구,1933. 개봉푸르지오아파트 상가,202006,1643
구로구,1936. 개봉역 1번 출구 자전거보관서쪽,202006,1031
구로구,1937. 한진아파트 입구,202006,1298
구로구,1941. 오류동역 2번출구,202006,1411
구로구,1943. 온수역 북측,202006,554
구로구,1946. 구로역 광장,202006,2247
구로구,1951. 천왕이펜하우스 4단지 상가 앞,202006,525
구로구,1952. 천왕연지타운2단지 앞,202006,1772
구로구,1953. 천왕역 4번출구 뒤,202006,1084
구로구,1955. 디지털입구 교차로,202006,3123
구로구,1956. 도야미리숯불갈비 앞,202006,1231
구로구,1957. 구일고등학교 정문,202006,1525
구로구,1958. 강서수도사업소민원센터,202006,1585
구로구,1959. 구로구의회 앞,202006,1123
구로구,1960. 화광신문사 앞,202006,2639
구로구,1961. 신도림테크노근린공원,202006,4751
구로구,1962. 가리봉동주민센터,202006,1351
구로구,1964. 원메디타운 앞,202006,1446
구로구,1965. 삼환로즈빌아파트 105동 옆,202006,1072
구로구,1966. 한마을아파트 정문상가,202006,1545
구로구,1967. 참새공원(백곡경노당),202006,354
구로구,1968. 동인오피스텔 건너편 소공원,202006,460
구로구,1969. 궁동생태공원,202006,328
구로구,1971. 오정초교 앞 보도육교,202006,517
구로구,1973. 오리로와 서해안도로 교차로 앞,202006,513
구로구,1974. 신도림2차e편한세상아파트 203동 앞,202006,1433
구로구,1975. 대림역 1번 출입구 밑,202006,1355
구로구,1976. 남구로역 5번 출입구 앞,202006,512
구로구,1977. 천왕역 1번 출입구 앞,202006,1214
구로구,1979. 구로1동우체국 앞,202006,254
구로구,1981. 천왕이펜하우스5단지 앞,202006,815
구로구,1983. 구로동롯데아파트,202006,1660
구로구,1984. 구로구청,202006,1835
구로구,1985. 구로도서관,202006,3376
구로구,1986. 태평양물산빌딩,202006,2578
구로구,1987. 개봉아이파크아파트 앞,202006,2042
구로구,1988. 고척LIGA아파트 앞,202006,2177
구로구,1991. 오류동역 맞은편,202006,1752
구로구,1992. 구로구배드민턴실내체육관 앞,202006,278
구로구,1993. 금강수목원아파트 앞,202006,772
구로구,1994. 삼성전자 물류센터 앞,202006,1149
구로구,1996. 구일역 1번 출입구 앞,202006,2774
구로구,1998. 고척교 교차로,202006,1902
구로구,1999. 수궁동 성당 주변,202006,552
구로구,2000. 신도림4차 e편한세상 아파트 1109동 앞,202006,2034
구로구,2801. 대륭포스트타워1차,202006,2019
구로구,2804.항동지구 6단지 602동 앞,202006,87
구로구,2805.구로자원순환센터,202006,75
구로구,2806.항동지구 4단지 입구,202006,246
구로구,2807.항동지구 1단지 105동 앞,202006,261
구로구,2808.항동지구 2단지 202동 앞,202006,238
구로구,2809.항동지구 11단지 1103동 앞,202006,35
구로구,2810.항동지구 3단지 311동 앞,202006,37
구로구,2812.항동프라자,202006,353
구로구,2813.항동지구 3단지 302동 앞,202006,24
구로구,2814.항동지구 10단지 1001동 앞,202006,77
구로구,2815.항동지구 7단지 정문,202006,153
구로구,2816.항동지구 8단지 803동옆(주차장입구),202006,126
구로구,2817.천왕이펜하우스5단지 앞,202006,182
구로구,2818.천왕이펜하우스3단지 앞,202006,147
구로구,2819.하늘숲초등학교 앞,202006,288
구로구,2820.신세기아파트 앞,202006,222
구로구,2821.청구아파트 앞,202006,147
구로구,2822.제니스스포츠 앞,202006,32
구로구,2823.중앙유통단지 앞,202006,64
구로구,2824.미래사랑어린이공원 앞,202006,628
구로구,2825.초롱타운 앞,202006,241
구로구,2826.가마산지하보도 옆,202006,172
금천구,1804. 독산역 2번출구 자전거주차장,202006,1507
금천구,1805. 서울디지털운동장 앞,202006,951
금천구,1806. 에이스하이엔드타워9차 앞,202006,920
금천구,1808. 에이스하이엔드타워8차 앞,202006,988
금천구,1809. LG전자 별관동(호서대 벤처타워 맞은편),202006,512
금천구,1812. 갑을그레이트밸리 앞,202006,968
금천구,1814. 두산위브아파트 옆 상가건물 앞,202006,957
금천구,1816. 금천폭포공원 앞,202006,376
금천구,1819. 금천구청 앞 자전거거치대,202006,818
금천구,1820. 신한은행 시흥대로금융센터지점,202006,444
금천구,1821. 홈플러스 시흥점 맞은편 다비치안경 앞,202006,983
금천구,1822. 서울 시흥동우체국 앞,202006,1271
금천구,1823. 상신정비공업 앞,202006,612
금천구,1824. 독산근린공원 입구,202006,2435
금천구,1825. 한신아파트 앞 육교 아래,202006,779
금천구,1826. 한신코아 앞,202006,681
금천구,1827. 독산보도육교 앞 자전거 보관소,202006,3921
금천구,1828. 한양수자인아파트 앞,202006,937
금천구,1829. 홈플러스 금천점 앞,202006,1342
금천구,1830. 빅마켓 금천점 앞,202006,1319
금천구,1831. 메이퀸웨딩컨벤션 앞,202006,648
금천구,1833. 독산역 1번출구 앞 자전거보관소,202006,1520
금천구,1834. 월드메르디앙 벤처센터 2차,202006,2170
금천구,1835. STX V타워,202006,933
금천구,1836. 금천구립 독산도서관,202006,84
금천구,1839. 수출의 다리 아래,202006,1136
금천구,1840. 솔브레인이엔지 뒤편,202006,749
금천구,1841. 가산동 주민센터,202006,1285
금천구,1842. 한울중학교,202006,392
금천구,1843. 독산고등학교,202006,604
금천구,1845. 롯데캐슬골드파크1차 서문,202006,760
금천구,1846. 롯데캐슬골드파크1차 동문,202006,1128
금천구,1847. 독산주공 14단지 버스정류소,202006,367
금천구,1848. 벽산 디지털밸리 5차,202006,1002
금천구,1849. 대륭포스트타워5차,202006,480
금천구,1850. 코오롱테크노밸리,202006,479
금천구,1851. 가산디지털단지 7번출구,202006,2193
금천구,1852. 혜명양로원 담장 옆,202006,540
금천구,1853. 서울디자인직업전문학교 앞,202006,317
금천구,1854. 가산아네스트 오피스텔 앞,202006,829
금천구,1855. 성지아파트 옆 도로변,202006,174
금천구,1856. 모두의학교,202006,854
금천구,1857. 주공14단지,202006,343
금천구,1858. 석수역1번출구 앞 (SK주유소),202006,734
금천구,1859. 대륭테크노타운 18차,202006,833
금천구,1861.IBK기업은행 석수역 지점 앞,202006,192
금천구,1862.스타즈호텔독산 빌딩 앞,202006,669
금천구,1863.위너스 스포츠클럽 골프연습장옆,202006,252
금천구,1864.산호시티빌 옆,202006,226
금천구,1865.금천구청앞(M빌딩),202006,315
금천구,1866.서울안천초등학교 옆,202006,209
금천구,1867.대륭포스트타워6차 앞,202006,1440
금천구,1868.우리은행 시흥남자동화점 앞,202006,338
금천구,1869.롯데캐슬골드파크3차 301동 앞,202006,533
금천구,1870.독산3동주민센터 앞,202006,461
노원구,1601. 석계역 문화광장 내 자전거 보관소,202006,4996
노원구,1602. 광운대역 앞,202006,1912
노원구,1603. 롯데캐슬 102동 코너(월계주유소건너),202006,2464
노원구,1605. 헬스케어,202006,2523
노원구,1606. 태릉입구역 3번출구,202006,1592
노원구,1608. 공릉역 1번 출구 앞,202006,5434
노원구,1610. 화랑대역 2번출구 앞,202006,3595
노원구,1611. 과기대 입구(우),202006,4002
노원구,1616. 하계2동 공항버스정류장 옆,202006,4171
노원구,1617. 하계동 중평어린이공원 앞,202006,3146
노원구,1619. 중계동 하나프라자빌딩 앞(중1-1),202006,3000
노원구,1620. 중계동 노원구민체육센터 옆(중1-2),202006,1761
노원구,1625. 상계역(4번출구),202006,5109
노원구,1628. 노일초등학교 앞,202006,1334
노원구,1630. 수연빌딩 앞,202006,1864
노원구,1634. 당고개공원 대여소,202006,1901
노원구,1635. 상계3.4동 주민센터 대여소,202006,537
노원구,1636. 백병원 사거리 농협은행 앞,202006,3774
노원구,1637. KT 노원점 건물 앞,202006,4210
노원구,1639. 희성오피앙,202006,1676
노원구,1640. 한내근린공원 북측,202006,2159
노원구,1641. 한내근린공원 남측,202006,952
노원구,1642. 서울여대 남문,202006,865
노원구,1643. 태릉입구역 8번출구,202006,3088
노원구,1646. 삼육대 입구,202006,845
노원구,1650. 중계근린공원내,202006,4326
노원구,1651. 맥도날드 상계점 앞,202006,1388
노원구,1652. 파르코 앞,202006,640
노원구,1653. 노원역1번출구,202006,5178
노원구,1654. 당고개입구 오거리,202006,1349
노원구,1655. 공릉1단지아파트,202006,3423
노원구,1656. 중앙하이츠 아파트 입구,202006,2508
노원구,1657. 노원구청,202006,1481
노원구,1659. 중계동 을지중학교,202006,1504
노원구,1660. 서울시립과학관,202006,714
노원구,1661. 당현천근린공원,202006,1225
노원구,1662. 노원역7번출구,202006,1892
노원구,1663. 동해문화예술관앞,202006,3259
노원구,1664. 노해근린공원내,202006,566
노원구,1665. 양지근린공원앞,202006,1261
노원구,1666. 노원소방서인근,202006,2091
노원구,1667. 중계중학교,202006,2015
노원구,1668. 중계역 6번출구,202006,3188
노원구,1669. 중계역 3번출구,202006,2284
노원구,1670. 노원경찰서교차로,202006,1964
노원구,1671. 인덕대학교,202006,1369
노원구,1672. 상계동수락리버시티,202006,1001
노원구,1673. 노원역 5번출구,202006,4373
노원구,1674. 서울북부고용센터앞,202006,2767
노원구,1675. 월계문화체육센터,202006,123
노원구,1677. 육군사관학교 앞,202006,1681
노원구,1678. 성서대학교 밀알관,202006,405
노원구,1679. 삼육대 도서관,202006,335
노원구,1680. 삼육대 제3과학관,202006,68
노원구,1681. 현대6차 아파트,202006,1307
노원구,1682. 중계종합사회복지관 교차로,202006,1293
노원구,1683. 노원문화예술회관,202006,1921
노원구,1684. 태릉입구역 5번출구,202006,3398
노원구,1685. 불암고등학교 앞 횡단보도,202006,1033
노원구,1686. 온수골사거리(스타벅스앞),202006,3406
노원구,1688. 마들역 7번출구,202006,2414
노원구,1689. 마들역 3번출구,202006,1766
노원구,1690. 도봉운전면허시험장,202006,1655
노원구,1691. 노원정보도서관,202006,1063
노원구,1692. 온곡초교 교차로,202006,1711
노원구,1693. 원자력 병원,202006,618
노원구,1696.수락리버시티4단지,202006,535
노원구,1697.상계주공2단지 219동,202006,1131
노원구,1700.상계보람아파트 202동,202006,797
노원구,2901.공릉동풍림아파트 101동,202006,969
노원구,2902.공릉풍림아파트 108동,202006,1119
노원구,2903.월계초안아파트 1단지,202006,615
노원구,2904.중계3차청구아파트,202006,715
노원구,2905.중계주공6단지,202006,432
노원구,2907. 월계중학교,202006,464
노원구,2908. 광운대학교 중앙도서관,202006,689
노원구,2909. 석계역 3번 출구,202006,610
노원구,2910.도깨비시장,202006,1622
노원구,2911.상계역중앙시장,202006,914
노원구,2912.대진고등학교,202006,1490
노원구,2913.상계8동 주민센터,202006,1711
노원구,2915.서울과학기술대학교(어학교육원),202006,837
노원구,2917.신창중학교 후문 맞은편 버스정류장,202006,831
노원구,2919.등나무 근린공원(시립북서울미술관 앞),202006,1771
노원구,2920.상계중학교(당현2교사거리),202006,573
노원구,2921.중계역 2번출구,202006,962
도봉구,1702. 녹천역 1번출구 앞,202006,1014
도봉구,1703. 도봉산광역환승센터앞,202006,852
도봉구,1705. 도봉구청 정문앞,202006,1841
도봉구,1706. 기업은행 앞,202006,1392
도봉구,1707. 도봉구민회관,202006,1557
도봉구,1708. 보건소사거리(다비치안경창동점),202006,2182
도봉구,1709. 쌍문역4번출구 주변,202006,1993
도봉구,1713. 쌍문동 청소년 랜드,202006,1184
도봉구,1714. 도봉문화정보도서관 삼거리,202006,337
도봉구,1715. 서울특별시교육청도봉도서관,202006,1454
도봉구,1716. 하나로마트 창동점,202006,2962
도봉구,1717. 시립창동운동장 입구,202006,526
도봉구,1719. 신도봉사거리 버스정류장,202006,769
도봉구,1720. 도봉구청 옆(중랑천변),202006,3450
도봉구,1721. 창동역 2번출구,202006,3440
도봉구,1722. 창동청소년수련관,202006,1230
도봉구,1723. 방학동학마을도서관,202006,1140
도봉구,1725. 창1동주민센터,202006,659
도봉구,1726. 삼익세라믹아파트교차로,202006,1658
도봉구,1727. 서울도봉초등학교인근,202006,549
도봉구,1728. 서울북부지방법원,202006,568
도봉구,1729. 파리바게트앞,202006,1077
도봉구,1730. 도봉산역 교차로 앞,202006,530
도봉구,1731. 도봉고등학교 맞은편,202006,455
도봉구,1732. 우리은행 앞,202006,1153
도봉구,1733. 방학사거리 (봄마당 앞),202006,1901
도봉구,1734. 쌍문현대1차아파트 108동 앞,202006,1383
도봉구,"1735. 도봉역 1,2번 출구사이 건너편",202006,1134
도봉구,1736. 버스정류장 앞,202006,826
도봉구,1737. 하나은행 (창동점),202006,2565
도봉구,1738. 창동주공17단지 상가앞,202006,1964
도봉구,1741. 제일강산수산입구,202006,3213
도봉구,1742. 북한산 코오롱 하늘채,202006,1534
도봉구,1743.창동19단지아파트 관리사무소앞,202006,418
도봉구,1744.KT방학지사 앞,202006,635
도봉구,1748. 피자헛 앞(도봉병원 옆),202006,236
도봉구,1749. ESA아파트 상가 앞,202006,531
도봉구,1752. 창동 주공 4단지 입구 옆,202006,352
도봉구,1754. 창동시장입구 사거리,202006,295
도봉구,1756.서울북부광역등기국,202006,178
도봉구,1757.솔밭공원역 1번출구 앞,202006,218
도봉구,1758.북서울교회 버스정류소 앞,202006,314
도봉구,1759.서울북부지방법원 앞,202006,206
도봉구,1761.방학중학교 앞,202006,284
도봉구,1765.쌍문역 1번 출구(양산부인과 빌딩),202006,291
도봉구,1766.소피아 관광호텔 앞,202006,1
도봉구,1768.신동아타워 버스정류소,202006,373
도봉구,1770.강북성복교회 주변,202006,638
도봉구,1771.성원APT버스정류소,202006,474
도봉구,1772.시립도봉노인복지관 버스정류소,202006,254
도봉구,1774.반석교회(쌍문동),202006,110
도봉구,1775.신원리베르텔 앞,202006,290
동대문구,600. 휘경2동 주민센터,202006,401
동대문구,601. 용신동주민센터,202006,935
동대문구,602. 장안동 사거리,202006,4210
동대문구,604. 답십리초등학교 옆 공원,202006,982
동대문구,605. 신설동역8번출구,202006,1329
동대문구,606. 휘경공고앞,202006,1330
동대문구,607. 신이문역 2번출구,202006,1183
동대문구,608. 전농삼성아파트,202006,294
동대문구,609. 제기2교,202006,2451
동대문구,610. 동대문중 교차로,202006,982
동대문구,612. 시립동부병원 앞 사거리,202006,1968
동대문구,613. 신설동역 10번출구 앞,202006,1904
동대문구,614. 용두동 사거리,202006,2278
동대문구,615. 용두동 래미안허브리츠아파트 앞,202006,1765
동대문구,616. 서울시립대 앞,202006,388
동대문구,617. 청솔우성아파트 앞,202006,1724
동대문구,621. 동대문중학교 옆,202006,372
동대문구,622. 전농사거리 교통섬,202006,1676
동대문구,623. 서울시립대 정문 앞,202006,1919
동대문구,624. 전농동 동아아파트 앞,202006,1594
동대문구,625. 답십리초등학교 앞(현대시장 옆),202006,2141
동대문구,626. 군자교 서측 녹지대,202006,1650
동대문구,627. 장안동삼거리 교통섬,202006,2249
동대문구,628. 휘봉고등학교 앞,202006,818
동대문구,630. 동대문구 보건소,202006,2144
동대문구,631. 답십리역 1번출구,202006,2817
동대문구,633. 청량리 기업은행 앞,202006,1968
동대문구,634. 외국어대 정문 앞,202006,3457
동대문구,635. 시조사 앞 (청량고정문 옆),202006,2011
동대문구,636. 세종대왕기념관 교차로,202006,966
동대문구,637. KAIST 경영대학 앞,202006,1284
동대문구,638. 서울시립대 정보기술관,202006,505
동대문구,639. 서울시립대 후문,202006,762
동대문구,640. KEB하나은행 청량리역지점,202006,975
동대문구,641. 용두역 4번출구,202006,2625
동대문구,642. 신답역 사거리,202006,534
동대문구,643. 동대문구민체육센터 (육교아래),202006,1913
동대문구,646. 장한평역 1번출구 (국민은행앞),202006,4496
동대문구,647. 신이문역 1번출구,202006,1232
동대문구,648. 장안동위더스빌옆,202006,3109
동대문구,650. 중랑교사거리,202006,3448
동대문구,651. 우리은행청량리지점앞,202006,361
동대문구,652. 답십리 래미안엘파인아파트 입구,202006,851
동대문구,654. 전농동 텃골공원,202006,695
동대문구,656. 영휘원 교차로,202006,1003
동대문구,657. 동대문롯데캐슬아파트 앞,202006,1492
동대문구,658. 촬영소 사거리,202006,1417
동대문구,659. 제기역1번출구,202006,2120
동대문구,660. 동의보감타워,202006,1478
동대문구,661. 경희대학교 청운관,202006,1364
동대문구,663. 외대앞역 4번출구,202006,2548
동대문구,664. 서울시립대 대학본부,202006,451
동대문구,665.이문동 쌍용아파트 정문,202006,858
동대문구,666.이문대성유니드아파트 앞,202006,175
동대문구,667.청량차도 육교 밑,202006,307
동대문구,668.서울축산농협(장안지점),202006,1837
동대문구,669.청계한신휴플러스앞 삼거리,202006,897
동대문구,670.삼육서울병원 버스정류장,202006,2211
동대문구,671.대광빌딩,202006,158
동대문구,672.대광고등학교,202006,258
동대문구,673.안암골벽산아파트(후문),202006,756
동대문구,674.고대앞사거리 교통섬,202006,855
동대문구,675.성복교회 앞 (장평교 아래),202006,1190
동대문구,676.FITI시험연구원 앞,202006,497
동대문구,677.청량리역 4번 5번출구 사이,202006,954
동대문구,678.장안힐스테이트(아) 앞,202006,909
동대문구,679.전농SK아파트 앞,202006,293
동대문구,680.꿈마루어린이도서관 앞,202006,1211
동대문구,681.서울특별시 동부교육지원청(육교),202006,99
동작구,2002. 노들역 1번출구,202006,5407
동작구,2003. 사육신공원앞,202006,2800
동작구,2007. 유한양행앞,202006,1886
동작구,2008. 노량진근린공원 대방공원,202006,598
동작구,2009. 보라매역 8번출구,202006,1079
동작구,2012. 녹십초요양병원앞,202006,949
동작구,2013. 장승배기역 5번출구,202006,2305
동작구,2015. 신대방삼거리역 6번출구쪽,202006,2675
동작구,2016. 신대방삼거리역 3번출구쪽,202006,2366
동작구,2020. 장승배기역2번출구뒷편쪽,202006,971
동작구,2024. 상도역 1번출구,202006,1506
동작구,2025. 흑석역 1번출구,202006,4893
동작구,2026. 흑석역 4번출구,202006,1002
동작구,2027. 중앙대학교 정문,202006,1157
동작구,2032. 이수역 11번출구쪽,202006,2230
동작구,2033. 사당동 아르테스 웨딩앞,202006,1468
동작구,2034. 사당역 7번출구쪽,202006,1796
동작구,2036. 정금마을 마을버스정류장,202006,948
동작구,2037. 동작역 5번출구 동작주차공원,202006,1241
동작구,2038. 동작역 7번출구,202006,250
동작구,2040. 비계 버스정류소,202006,421
동작구,2041. 사당중학교 버스정류소,202006,439
동작구,2048. 삼일초등학교 인근,202006,926
동작구,2050. 노량진역 5번출구,202006,3599
동작구,2054. 삼익아파트,202006,1563
동작구,2056. 동작구민 체육센터,202006,1275
동작구,2057. 상도 아이파크 아파트,202006,593
동작구,2058. 노량진동 맥도널드앞,202006,2965
동작구,2059. 보라매공원 정문,202006,2251
동작구,2060. 남성역3번출구 뒤,202006,1794
동작구,2061. 한강 현대아파트 건너편,202006,223
동작구,2062. 사당새마을금고,202006,479
동작구,2063. 대방역 4번출구,202006,1882
동작구,2064. 흑석한강푸르지오 106동앞,202006,424
동작구,2065. 서울시여성가족재단,202006,1159
동작구,2066. 양문교회 앞,202006,2114
동작구,2067. LG전자 베스트? 대리점 앞,202006,1236
동작구,2068. 총신대 앞(육교),202006,166
동작구,2069. 숭실대 입구역3번 출구 앞,202006,959
동작구,2070. 노량진역 2번 출구 앞,202006,2045
동작구,2071. 대림아파트 후문 상가 옆,202006,350
동작구,2073.동작상떼빌 103동 앞,202006,1
동작구,2076.노들나루공원 입구,202006,1728
동작구,2077.노들역 3번출구,202006,370
동작구,2080.빕스 대방점 앞,202006,255
동작구,2081.대방1차 e편한세상 앞,202006,318
동작구,2082.7호선 이수역7번출구,202006,17
동작구,2083.흑석롯데캐슬에듀포레(107동),202006,10
동작구,2084.e편한세상 상도노빌리티 앞,202006,280
동작구,2085.강남중학교 앞,202006,266
동작구,2086.삼일수영장 앞,202006,46
동작구,2088.상도중앙하이츠빌 입구,202006,195
동작구,2089.사당역10번출구(금강빌딩),202006,282
동작구,2090.기아자동차 사당점 앞,202006,235
동작구,2091.이수역9번출구(맥도날드),202006,217
동작구,2092.흑석한강푸르지오(110동),202006,103
동작구,2093.상도SH빌아파트 입구,202006,34
동작구,2094.숭실대학교(중문),202006,77
동작구,2095.경문고등학교 앞,202006,208
동작구,2096.서울특별시 동작관악교육지원청,202006,34
동작구,237. 보라매 두산위브 건너편,202006,1750
마포구,101. (구)합정동 주민센터,202006,995
마포구,102. 망원역 1번출구 앞,202006,4138
마포구,103. 망원역 2번출구 앞,202006,3041
마포구,104. 합정역 1번출구 앞,202006,2131
마포구,105. 합정역 5번출구 앞,202006,1515
마포구,106. 합정역 7번출구 앞,202006,5561
마포구,107. 신한은행 서교동금융센터점 앞,202006,3231
마포구,108. 서교동 사거리,202006,1985
마포구,109. 제일빌딩 앞,202006,2459
마포구,111. 상수역 2번출구 앞,202006,2111
마포구,112. 극동방송국 앞,202006,1580
마포구,113. 홍대입구역 2번출구 앞,202006,6583
마포구,114. 홍대입구역 8번출구 앞,202006,3212
마포구,118. 광흥창역 2번출구 앞,202006,1724
마포구,119. 서강나루 공원,202006,2349
마포구,120. 신수동 사거리,202006,605
마포구,121. 마포소방서 앞,202006,1217
마포구,122. 신성기사식당 앞,202006,1326
마포구,124. 서강대 정문 건너편,202006,1637
마포구,125. 서강대 남문 옆,202006,617
마포구,126. 서강대 후문 옆,202006,1569
마포구,127. 현대벤처빌 앞,202006,492
마포구,129. 신촌역(2호선) 6번출구 옆,202006,1336
마포구,130. 신촌역(2호선) 7번출구 앞,202006,2223
마포구,136. 대흥동 주민센터,202006,297
마포구,142. 아현역 4번출구 앞,202006,602
마포구,143. 공덕역 2번출구,202006,1667
마포구,144. 공덕역 8번출구,202006,4003
마포구,145. 공덕역 5번출구,202006,1644
마포구,146. 마포역 2번출구 뒤,202006,3683
마포구,147. 마포역 4번출구 뒤,202006,3299
마포구,148. 용강동 주민센터 앞,202006,2708
마포구,150. 서강대역 2번출구 앞,202006,1530
마포구,151. 망원1동주민센터,202006,3145
마포구,152. 마포구민체육센터 앞,202006,11719
마포구,153. 성산2교 사거리,202006,2706
마포구,154. 마포구청역,202006,3726
마포구,155. 가좌역1 번출구 뒤,202006,1627
마포구,156. 서울서부지방법원 앞,202006,1130
마포구,157. 애오개역 4번출구 앞,202006,1676
마포구,181. 망원초록길 입구,202006,658
마포구,182. 망원2빗물펌프장 앞,202006,3977
마포구,183. 하늘채코오롱아파트 건너편,202006,3504
마포구,184. SK망원동주유소 건너편,202006,2660
마포구,185. 마포 신수공원 앞,202006,1535
마포구,186. 월드컵공원,202006,4890
마포구,199. 서울 월드컵 경기장,202006,1280
마포구,3002.벽산상암스마트큐브,202006,2192
마포구,3003.래미안신공덕3차아파트,202006,66
마포구,3005.마포구청 청사내,202006,279
마포구,3006. 상암월드컵파크5단지(상암중학교),202006,213
마포구,3007.MBC 앞,202006,673
마포구,3008.DMC역7번출구,202006,138
마포구,3009.서교동사거리(신),202006,1373
마포구,3010.홍대입구역 3번출구,202006,1698
마포구,3011.경의선(노고산동),202006,679
마포구,400. 상암한화오벨리스크 1차 앞,202006,1335
마포구,401. 상암월드컵파크 10단지 앞,202006,1143
마포구,402. 상암월드컵파크 9단지 앞,202006,1323
마포구,403. 부엉이공원 앞,202006,935
마포구,405. DMC빌 앞,202006,784
마포구,406. 상암월드컵파크 7단지 앞,202006,854
마포구,407. 마포구 육아종합지원센터,202006,1176
마포구,408. LG CNS앞,202006,1076
마포구,409. 누리꿈스퀘어 옆,202006,2545
마포구,410. 상암중학교 옆,202006,481
마포구,411. DMC홍보관,202006,1555
마포구,412. DMC산학협력연구센터 앞,202006,1992
마포구,413. 상암월드컵파크 3단지 후문,202006,792
마포구,414. 상암동주민센터 옆,202006,1756
마포구,415. DMC역 9번출구 앞,202006,2638
마포구,416. 상암월드컵파크 1단지 교차로,202006,940
마포구,417. DMC역 2번출구 옆,202006,2164
마포구,418. 월드컵경기장역 3번출구 옆,202006,3781
마포구,419. 홈플러스 앞,202006,3153
마포구,420. 서울시 공공자전거 상암센터,202006,2058
마포구,421. 마포구청 앞,202006,2834
마포구,422. 문화비축기지,202006,317
마포구,424. 롯데하이마트 (상암월드컵점),202006,704
마포구,425. DMC첨단산업센터,202006,708
마포구,426. 서울신용보증재단,202006,2114
마포구,427. 성산시영아파트,202006,1850
마포구,432. 마포중앙도서관,202006,545
마포구,436. 이대역 5번출구,202006,299
마포구,437. 대흥역 1번출구,202006,1474
마포구,438. 성산2-1 공영주차장,202006,2620
마포구,439. 마포어린이공원,202006,2973
마포구,440. 하늘공원 입구,202006,1341
마포구,487.신석초교앞 교차로 교통섬,202006,649
마포구,489.구룡근린공원,202006,131
마포구,490.가온문화공원,202006,796
마포구,491.월드컵파크 4단지,202006,291
마포구,492.성산시영아파트 후문,202006,631
마포구,493.홍대입구역 6번출구,202006,1134
마포구,495.염리초등학교 앞,202006,782
마포구,497.합정동주민센터 앞,202006,1426
마포구,498.연남동주민센터 앞,202006,1602
서대문구,110. 사천교,202006,1042
서대문구,115. 사루비아 빌딩 앞,202006,1155
서대문구,116. 일진아이윌아파트 옆,202006,2287
서대문구,117. 홍은사거리,202006,4873
서대문구,123. 문화촌 공원,202006,2943
서대문구,128. 신촌역(2호선) 1번출구 옆,202006,2087
서대문구,131. 증산2교,202006,3515
서대문구,133. 해담는다리,202006,2714
서대문구,134. 연세로 명물길,202006,1290
서대문구,135. 명물길 원형무대 앞,202006,937
서대문구,137. NH농협 신촌지점 앞,202006,422
서대문구,138. 신촌동 제1공영주차장 앞,202006,934
서대문구,139. 연세대 정문 건너편,202006,427
서대문구,140. 이화여대 후문,202006,848
서대문구,141. 연대 대운동장 옆,202006,753
서대문구,158. 독립문 어린이 공원,202006,779
서대문구,159. 이대역 4번 출구,202006,290
서대문구,160. 북아현동 가구거리,202006,657
서대문구,161. 무악재역1번 출구,202006,554
서대문구,162. 봉원고가차도 밑,202006,906
서대문구,163. 명지전문대학교 정문 앞,202006,490
서대문구,164. 북가좌1동 주민센터,202006,691
서대문구,165. 중앙근린공원,202006,2050
서대문구,166. 가재울 초등학교,202006,3457
서대문구,167. 연가초등학교 옆,202006,796
서대문구,169. 북가좌 삼거리,202006,915
서대문구,170. 가재울 뉴타운 주유소 옆,202006,1648
서대문구,171. 임광빌딩 앞,202006,781
서대문구,173. 서대문역 8번출구 앞,202006,882
서대문구,175. 홍연2교옆,202006,3197
서대문구,176. 명지대학교 도서관,202006,2550
서대문구,177. 북가좌 초등학교,202006,846
서대문구,178. 증산3교 앞,202006,1680
서대문구,179. 가좌역 4번출구 앞,202006,2062
서대문구,180. 충정로역 7번출구 아래,202006,1052
서대문구,188. 홍은동 정원여중 입구,202006,1917
서대문구,191. 서우빌딩(바른학원),202006,1202
서대문구,192. 연서어린이공원,202006,803
서대문구,194. 증산교 앞,202006,2442
서대문구,195. 모래내고가차도,202006,780
서대문구,196. 연희교차로 인근,202006,446
서대문구,198. 충정2교,202006,881
서대문구,3100. 북성초교,202006,305
서대문구,3101. 서대문구청,202006,1268
서대문구,3102. 연희삼거리,202006,1361
서대문구,3103. 홍제삼거리 북측,202006,1197
서대문구,3104. e편한세상 신촌4단지 앞,202006,1014
서대문구,3105. 홍은센트레빌 아파트 앞,202006,515
서대문구,3106. 홍남교 두바퀴쉼터,202006,2708
서대문구,3107. 연희초등학교 앞,202006,562
서대문구,3109.북한산더? 106동 앞,202006,80
서대문구,3110.홍은 현대아이파크 아파트 202동 앞,202006,147
서대문구,3111.무악재역 4번 출구,202006,57
서대문구,3112.독립문역 5번 출구,202006,37
서대문구,3113.독립문역사거리,202006,78
서대문구,3114.충정로역 3번 출구,202006,162
서대문구,3115.북아현 치안센터 인근,202006,221
서대문구,3116.신촌역 4번출구,202006,223
서대문구,3117.이화여대 인문관 인근,202006,126
서대문구,3119.연희 브라운스톤 아파트 앞,202006,431
서대문구,3120.DMC엘가아파트 앞,202006,321
서대문구,3121.가좌삼거리,202006,284
서대문구,3122.북가좌삼거리2,202006,206
서대문구,3123.DMC파크뷰자이1단지 110동 앞,202006,116
서대문구,3126.남가좌동 제2공영주차장,202006,125
서대문구,3127.홍은2파출소 옆,202006,91
서대문구,3128.동신병원 맞은편,202006,158
서대문구,3129.DMC래미안e편한세상203동옆,202006,196
서대문구,3131.연가교 교차로,202006,208
서대문구,3132.홍제교,202006,74
서대문구,3133.핀란드 타워앞,202006,47
서대문구,3134.SK리쳄블(상수도사업본부),202006,170
서초구,2201. 본마을 정류소 앞,202006,245
서초구,2202.청계산입구역 1번출구,202006,1231
서초구,2203. 청계산입구역 2번출구,202006,275
서초구,2205. 내곡3단지 어린이공원 앞,202006,730
서초구,2206. 언남초등학교 앞,202006,1174
서초구,2207. 내곡파출소 뒤 정자,202006,131
서초구,2210. 반포1동 주민센터 앞,202006,623
서초구,2211. 서초구립반포도서관 앞,202006,993
서초구,2212.서초현대4차아파트 201동 맞은편,202006,460
서초구,2213. 고속터미널역 5번출구 앞,202006,1636
서초구,2214. 신반포역 2번출구 앞,202006,1857
서초구,2215. 반포종합운동장 입구,202006,885
서초구,2217.아크로리버뷰 부지 앞,202006,3820
서초구,"2219. 고속터미널역 8-1번, 8-2번 출구 사이",202006,9103
서초구,2220. 반포본동 주민센터 앞,202006,4341
서초구,2221.하나은행 방배동지점 앞,202006,1815
서초구,2222.사당역 12번출구 뒤,202006,2588
서초구,2223. 방배래미안 정문 앞,202006,480
서초구,2225.백석예술대학교 제3캠퍼스 앞,202006,155
서초구,2226. 신동아럭스빌아파트 앞,202006,219
서초구,2227.방배열린문화센터 앞,202006,1259
서초구,2228.뒷벌공원 옆,202006,2006
서초구,2229.로고스교회 맞은 편,202006,412
서초구,2230.이수역 4번 출구,202006,2403
서초구,2231. 삼성타운(삼성생명) A동 맞은편,202006,2069
서초구,2233. 서초신동아1차아파트 옆,202006,841
서초구,2235.KT 서초지사 앞,202006,664
서초구,2237.서울남부터미널 대합실 입구,202006,994
서초구,2239.교대역 6번출구,202006,645
서초구,2241.양재전화국 사거리,202006,386
서초구,2242.양재역 11번 출구 앞,202006,1255
서초구,2243.서울가정법원,202006,832
서초구,2244.교육개발원입구 교차로,202006,1680
서초구,2245.양재초등학교 맞은편,202006,378
서초구,2246. 서울시 품질시험소 앞,202006,741
서초구,2247.섬들근린공원,202006,1915
서초구,2248. 서초리슈빌S 글로벌 앞,202006,558
서초구,2249. 우솔초등학교 맞은편,202006,400
서초구,2250. 서초유치원 맞은편,202006,925
서초구,2251. 더케이호텔 입구(양재2),202006,1216
서초구,2252. 하이브랜드 앞,202006,1672
서초구,2255.시민의숲역 1번출구 옆,202006,2239
서초구,2256.양재동 꽃시장 입구,202006,687
서초구,2257. 하나로클럽 양재점 맞은편,202006,292
서초구,2258.구룡사 삼거리,202006,301
서초구,2259. 잠원역 3번-4번 출구사이,202006,1209
서초구,2262. 한신16차아파트 119동 앞,202006,5040
서초구,2263. 바우뫼문화복지회관,202006,898
서초구,2264. 이수역 1번출구,202006,3232
서초구,2265. 이수고가차도 남단,202006,2625
서초구,2266. 서초역 3번출구,202006,990
서초구,2268. 서초4동주민센터,202006,857
서초구,2269. 주홍교 하부,202006,350
서초구,2270. 서초포레스타 7단지,202006,519
서초구,2271. 내방역 8번출구 앞,202006,972
서초구,2272. 교대입구 교차로,202006,301
서초구,2273. 일동제약 사거리,202006,1084
서초구,2274. 양재시민의숲역 3번출구,202006,1709
서초구,2275. 염곡치안센터 건너편,202006,107
서초구,2276. 영동1교 (양재천근린공원),202006,1143
서초구,2277. 길마중4교 하부,202006,1373
서초구,2279. 교대역 5번출구뒤,202006,1387
서초구,2280. 서울서초고용센터앞,202006,604
서초구,2281. 연세사랑병원신관앞,202006,513
서초구,2282. 방배래미안아트힐 101동앞,202006,209
서초구,2283. 그룹한빌딩옆,202006,271
서초구,2284. CJ오쇼핑앞,202006,220
서초구,2285. LH서초3단지 301동 맞은편,202006,788
서초구,2286. 탑성마을입구,202006,74
서초구,2287. 능안마을입구,202006,35
서초구,2288. 안골마을입구,202006,42
서초구,2289. 남태령역 2번출구,202006,145
서초구,2290. 서래마을파리15구공원앞,202006,1301
서초구,2292. 무지개아파트 앞,202006,404
서초구,2293. SPC 앞,202006,853
서초구,2294. 두상빌딩 앞,202006,1431
서초구,2297. 남부터미널역 1번출구,202006,794
서초구,2298. 래미안서초스위트앞,202006,462
서초구,2299. 한전아트센터 앞,202006,909
서초구,2501. 서초 포레스타5단지,202006,791
서초구,2502. 서초역1번출구 앞,202006,672
서초구,2503. 반포1동 서초빌딩 앞,202006,993
서초구,2504. 신사역 4번출구 뒤,202006,1047
서초구,2505. 우성아파트사거리 (기업은행앞),202006,1506
서초구,2506. LG유플러스 (방배사옥),202006,365
서초구,2508. 양재이스타빌 앞,202006,1299
서초구,2509. KT반포지사,202006,679
서초구,2510. JW타워,202006,201
서초구,2511. 이수역 6번출구 앞,202006,1365
서초구,2514.사평역 2번출구,202006,57
서초구,2515.서초초등학교 후문,202006,50
서초구,2516.본마을 노인복지센터 앞,202006,139
서초구,2517.서초3교(효령로69길 방면),202006,110
서초구,2518.서초3교(효령로70길 방면),202006,151
서초구,2519.서초2교(사임당로 방면),202006,20
서초구,2520.서초1교 (진흥아파트 방면),202006,122
서초구,2521.서초 크로바타워 앞,202006,112
서초구,2523.뉴코아 킴스클럽 앞,202006,481
서초구,2525.반포쇼핑타운 2동 앞,202006,10
서초구,2526.반포경남쇼핑 앞,202006,536
서초구,2527.반포중학교 앞(세화여고 맞은편),202006,183
서초구,2528.함지박 사거리,202006,282
서초구,2529.우리은행 방배동지점 앞,202006,424
서초구,2530.삼호3차아파트 앞,202006,492
서초구,2531.멤피스아파트 앞,202006,415
서초구,2532.국립국악원 앞,202006,46
서초구,2533.한가람미술관 앞,202006,92
서초구,2534.신흥교(애견훈련소),202006,27
서초구,2535.신반포역 3번출구 뒤,202006,146
서초구,2536.서초종합체육관 입구,202006,12
서초구,2537.양재역 8번출구 앞,202006,215
서초구,2538.사평리 공원,202006,487
서초구,2539.대한무역투자진흥공사 KOTRA 앞,202006,1
서초구,2540.반포천 앞,202006,228
서초구,2541.옛골 입구,202006,51
서초구,2542.신논현타워 앞,202006,320
서초구,2545.국립중앙도서관(국제회의장옆),202006,23
서초구,2547.포드서초서비스센터앞,202006,97
서초구,2548.반포1동 자율방범초소 옆,202006,3
서초구,2549.LH 서초 4단지 403동,202006,1
성동구,3511. 응봉역 1번출구,202006,5560
성동구,3513. 상왕십리역 1번출구,202006,1418
성동구,3514. 왕십리교회옆,202006,2198
성동구,3515. 서울숲 관리사무소,202006,3704
성동구,3519. 용답역 1번 출구,202006,3006
성동구,3525. 금호스포츠센터앞,202006,1874
성동구,3527. 왕십리 자이아파트,202006,17
성동구,3530. 왕십리자이아파트 후문(삼거리),202006,302
성동구,3531. 논골사거리(금호도서관 입구),202006,104
성동구,3532. 왕십리KCC스위첸아파트,202006,109
성동구,3538. 서울숲 IT캐슬,202006,1018
성동구,3544.한양대역 3번 출구,202006,621
성동구,3545.한양대역 1번출구,202006,1015
성동구,3548.뚝섬역 6번출구,202006,115
성동구,3549.건영아파트 앞,202006,106
성동구,3550.금호나들목,202006,713
성동구,3551.성동도로사업소,202006,217
성동구,3552.서울숲 공영주차장앞,202006,914
성동구,3553.마장역3번출구,202006,264
성동구,3555.양지사거리(센트라스APT 115동앞),202006,93
성동구,3556.신금호파크자이APT앞,202006,31
성동구,3557.서울숲리버뷰자이APT105동 앞,202006,200
성동구,3558.마장동 금호어울림APT앞,202006,455
성동구,3559.성동구민종합체육센터 앞,202006,1700
성동구,3560.성동구 견인차량 보관소 앞,202006,927
성동구,3561.행당동 삼부APT후문,202006,48
성동구,506. 금호 어울림 아파트 앞,202006,570
성동구,507. 성수아이에스비즈타워 앞,202006,1410
성동구,508. 성수아카데미타워 앞,202006,1533
성동구,509. 이마트 버스정류소 옆,202006,3518
성동구,510. 서울숲 남문 버스정류소 옆,202006,1637
성동구,511. 서울숲역 4번 출구 옆,202006,1307
성동구,512. 뚝섬역 1번 출구 옆,202006,3595
성동구,513. 뚝섬역 5번 출구 정류소 옆,202006,3118
성동구,514. 성수사거리 버스정류장 앞,202006,2170
성동구,518. 청계천 박물관 앞,202006,1103
성동구,519. 양지사거리,202006,989
성동구,520. 상왕십리역 4번 출구 앞,202006,858
성동구,521. 왕십리역 11번 출구 앞,202006,2124
성동구,522. 금호역 1번출구 앞,202006,426
성동구,523. 옥수동성당 옆,202006,69
성동구,524. 래미안금호하이리버 아파트 102동 옆,202006,560
성동구,525. 한양대병원사거리,202006,3178
성동구,526. 용답토속공원 앞,202006,1190
성동구,529. 장한평역 8번 출구 앞,202006,1275
성동구,530. 청계벽산아파트 앞,202006,2063
성동구,533. 우리은행 금호동 지점 앞,202006,712
성동구,534. 금호사거리,202006,395
성동구,535. 응봉삼거리,202006,770
성동구,536. 행당역 2번출구 앞,202006,1285
성동구,537. 한양대후문역 부근,202006,1990
성동구,538. 답십리역 8번출구 앞,202006,1085
성동구,550. 서울시설공단 앞,202006,1306
성동구,556. 달맞이공원,202006,183
성동구,557. 도선동 주민센터 앞,202006,1156
성동구,558. 성동광진 교육지원청 앞,202006,1782
성동구,559. 왕십리역 4번 출구 건너편,202006,2331
성동구,560. 비전교회 앞,202006,1819
성동구,561. 서울숲역 2번출구 앞,202006,2007
성동구,562. 군자지하보도 앞,202006,1359
성동구,563. 성동세무서 건너편,202006,1911
성동구,564. 금호역 3번출구,202006,122
성동구,565. 옥수역 3번출구,202006,7661
성동구,567. 성수역 2번출구 앞,202006,2926
성동구,568. 청계8가사거리 부근,202006,3191
성동구,569. 응봉현대아파트 정류소,202006,371
성동구,578. 성동세무서 부근,202006,1570
성동구,579. 마장역 4번출구,202006,1505
성동구,581. 용답초등학교,202006,1306
성동구,582. 경일중학교 앞,202006,1503
성동구,583. 청계천 생태교실 앞,202006,8297
성동구,585. 성수2가1동 공영주차장 인근,202006,3224
성동구,586. 마장동 주민센터,202006,1178
성동구,587. 유니베라 앞,202006,1602
성동구,589. 성수역3번출구,202006,3707
성동구,594. 중랑물재생센터(서울새활용플라자),202006,559
성북구,1302. 한성대입구역6번출구 뒤,202006,1893
성북구,1303. 돈암초교 입구,202006,1476
성북구,1304. 만해공원,202006,328
성북구,1305. 성북구청,202006,1099
성북구,1306. 한성대입구역2번출구,202006,44
성북구,1308. 안암로터리 버스정류장 앞,202006,5567
성북구,1314. 정릉꿈에그린1단지 201동 앞,202006,504
성북구,1315. 고려사대부속중고 정문,202006,541
성북구,1316. 고려사대부속중고 건너편,202006,517
성북구,1318. 길음역 3번출구 뒤,202006,1248
성북구,1319. 종암사거리 분수대,202006,4
성북구,1320. LG베스트샵 종암점,202006,3165
성북구,1321. 국민은행 종암동지점 앞,202006,3057
성북구,1322. 래미안라센트아파트 103동 앞,202006,1293
성북구,1323. 월곡역 입구 육교 밑,202006,1022
성북구,1325. 상월곡역 4번출구,202006,763
성북구,1326. 상월곡역 1번출구,202006,1038
성북구,1327. 상월곡역 3번출구,202006,1662
성북구,1328. 월곡역 3번출구,202006,3213
성북구,1332. 석계역 5번출구 건너편,202006,2709
성북구,1333. 석관초등학교 앞,202006,2467
성북구,1334. 석관동주민센터 앞,202006,1399
성북구,1336. 성북3교 위,202006,2805
성북구,1337. 돈암성당 옆,202006,3668
성북구,1338. 용문2교 옆,202006,1312
성북구,1339. 삼성전자서비스 성북센터,202006,1611
성북구,1340. 광운초등학교 앞,202006,1561
성북구,1342. 성북쉼터 앞,202006,305
성북구,1343. 한성대7번출구 앞,202006,1335
성북구,1344. 아리랑시네센터 앞,202006,498
성북구,1346. 길음8골어린이공원 옆,202006,1110
성북구,1347. 길음래미안아파트817동 상가 앞,202006,577
성북구,1348. 성북제일새마을금고 본점 앞,202006,705
성북구,1349. 월계2교 버스정류장 앞,202006,701
성북구,1351. 안암2교 옆,202006,2230
성북구,1352. e 편한세상 보문아파트 내,202006,341
성북구,1353. 금호어울림센터힐 내,202006,408
성북구,1354. 고려대학교 2번출구,202006,2181
성북구,1355. 보문2교,202006,3137
성북구,1357. 북한산보국문역,202006,783
성북구,1358. 정릉도서관 앞,202006,910
성북구,1359. 장위뉴타운 꿈에 숲 코오롱 하늘채 앞,202006,1148
성북구,1360. 정릉역,202006,1097
성북구,1361. 홍익중고 입구,202006,1182
성북구,1362. 보문역6번출구 앞,202006,1692
성북구,1363. 보문4교 인근,202006,2621
성북구,1364. 성북동 치안센터 앞,202006,687
성북구,1365. 선잠단지 앞,202006,299
성북구,1366. 일신초등학교 옆,202006,541
성북구,1367. 길음문화복합미디어센터,202006,500
성북구,1368. 성신여대입구 교차로,202006,1425
성북구,1369. 미아사거리,202006,2093
성북구,1370. 복자사랑 피정의 집,202006,570
성북구,1372. KEB은행 고대점,202006,2461
성북구,1373. 성북구보건소 건너편,202006,1545
성북구,1375. 생명의 전화 종합복지관 앞 교차로,202006,2506
성북구,1376. 한국과학기술연구원 중문,202006,250
성북구,1377. 한국과학기술연구원 북문,202006,261
성북구,1379.길음뉴타운푸르지오아파트 3단지,202006,32
성북구,1380.월곡역 5번출구 앞,202006,464
성북구,1381.석계역 4번출구 뒤,202006,402
성북구,1382.래미안월곡아파트 입구,202006,77
성북구,1383.성북동 주민센터 건너편,202006,249
성북구,1384.성신여대입구역 5번출구,202006,723
성북구,1385.성신여대입구역 3번출구 앞,202006,139
성북구,1386.동선고가차도 초입,202006,167
성북구,1388.커핀그루나루,202006,75
성북구,1390.석관래미안아트리치,202006,486
성북구,1391.성북청소년센터,202006,233
성북구,1392.돈암삼성풍림아파트,202006,15
성북구,1393.돈암육교 하단,202006,47
성북구,1394.길음뉴타운 래미안9단지,202006,818
성북구,1395.래미안장위포레카운티(102동),202006,220
성북구,1396.래미안장위퍼스트하이(513동),202006,360
성북구,1397.래미안월곡아파트 (창문여고 건터편),202006,238
송파구,1201. 가락시장역 3번 출구,202006,2758
송파구,1203. 밀리아나2빌딩 앞,202006,2853
송파구,1204. 거여역 3번출구,202006,1544
송파구,1205. 종합운동장역 4번출구,202006,1491
송파구,1206. 9호선종합운동장역 9번출구,202006,1367
송파구,1207. 마천CU우방점 앞,202006,1036
송파구,1208. 풍납현대아파트쉼터,202006,2134
송파구,1209. 잠실나루역 (2번 출구 쪽),202006,5741
송파구,1210. 롯데월드타워(잠실역2번출구 쪽),202006,7386
송파구,1211. 방이삼거리,202006,4165
송파구,1212. 송파역 2번 출구앞,202006,2689
송파구,1213. 백토공원 앞,202006,974
송파구,1214. 오금역 7번 출구 인근,202006,1517
송파구,1215. 올림픽공원역 1번출구 앞,202006,1819
송파구,1217. 송파파인타운 7단지,202006,1360
송파구,1218. 방이역 4번출구,202006,2755
송파구,1220. 잠실본동주민센터뒤 잠실근린공원,202006,2279
송파구,1221. 삼전사거리 포스코더샵,202006,2750
송파구,1222. 잠실새내역 5번 출구 뒤,202006,5143
송파구,1224. 아시아지하보도 2번 출구,202006,1894
송파구,1226. 잠실4동 주민센터 옆,202006,2056
송파구,1227. 거여역 8번출구 뒤,202006,1660
송파구,1228. 마천사거리,202006,1469
송파구,1229. 송파체육문화회관 앞,202006,1343
송파구,1230. 송파중학교 정문,202006,1112
송파구,1231. 잠실역 6번출구,202006,2899
송파구,1232. 롯데마트 주차장 옆,202006,1612
송파구,1233. 잠실3거리(갤러리아팰리스),202006,1056
송파구,1235. 잠실트리지움310동 옆,202006,2111
송파구,1239. 문정 법조단지3,202006,565
송파구,1240. 문정 법조단지4,202006,696
송파구,1241. 문정 법조단지5,202006,518
송파구,1242. 문정 법조단지6,202006,184
송파구,1243. 문정 법조단지7,202006,3028
송파구,1244. 문정 법조단지8,202006,2794
송파구,1245. 문정 법조단지9,202006,1952
송파구,1246. 문정 법조단지10,202006,1799
송파구,1247. 문정 법조단지11,202006,1265
송파구,1248. 방이초등학교,202006,2563
송파구,1249. 아주중학교건너편,202006,1471
송파구,1250.문정2동 주민센터,202006,715
송파구,1251. 석촌역 2번출구,202006,3031
송파구,1253. 오금역 3번 출구 뒤,202006,865
송파구,1256. 문정현대아파트 교차로,202006,1173
송파구,1257. 가락시장역 롯데마트앞,202006,1964
송파구,1258. 가락미륭아파트 앞,202006,433
송파구,1259. 방이역 1번출구,202006,2407
송파구,1260. 방이동 한양3차아파트 옆,202006,1819
송파구,1262. 송파여성문화회관 앞,202006,2015
송파구,1263. 장지공영차고지,202006,338
송파구,1264. 천호역 10번 출구 앞,202006,2859
송파구,1265. 문정동 근린공원,202006,2211
송파구,1266. 문정동 글샘 공원,202006,675
송파구,1267. 올림픽공원 남2문 앞,202006,1161
송파구,1268. 몽촌토성역 1번출구 옆,202006,3908
송파구,1269. 리센츠아파트,202006,1693
송파구,1271. 송파도서관,202006,947
송파구,1274. 영파여고 앞,202006,1336
송파구,1275. 거여초등학교 옆,202006,630
송파구,1277. 오금동 송파 참병원,202006,1597
송파구,1278. 송파구청 교차로,202006,2910
송파구,1279. 마천금호어울림 1차아파트 건너편,202006,829
송파구,1280. 송파파크데일 2단지입구 앞 주차장,202006,857
송파구,1282. 송파소방서 맞은편(성내4교),202006,1984
송파구,1283. 오금공원 사거리,202006,326
송파구,1285. 위례별 유치원 뒤,202006,689
송파구,1286. 위례중앙푸르지오 1단지 앞,202006,1772
송파구,1287. 위례아이파크 101동 맞은편,202006,697
송파구,1288. 문정중교 사거리,202006,1857
송파구,1289. 풍납동 자전거보관소,202006,743
송파구,1290. 위례송파꿈에그린아파트24단지 앞 성벽 다리 밑,202006,868
송파구,1291. 서울체육고등학교 앞,202006,864
송파구,1293. 석촌호교차로 (스타벅스 앞),202006,2779
송파구,1295. 잠실역 8번출구,202006,4738
송파구,1296. 석촌호수교차로 (송파나루근린공원 앞),202006,915
송파구,1297. 석촌호수교차로(동호 팔각정 앞),202006,2074
송파구,1299. 송파소방서 (방이119안전센터),202006,851
송파구,1300. 오륜사거리,202006,819
송파구,2601. 석촌호수 서호사거리,202006,2744
송파구,2603. 송파 글마루 도서관,202006,1135
송파구,2604. 삼표레미콘 앞,202006,1403
송파구,2605. 복정역 1번 출구 앞,202006,632
송파구,2606. 위례동주민센터 맞은편 근린공원,202006,1410
송파구,2607. 복정역 2번출구 후문 (장지치안센터),202006,1115
송파구,2608. 송파구청,202006,1673
송파구,2609. 보성중고등학교 후문 앞,202006,205
송파구,2610. 여흥레이크빌 앞 (석촌호수 까페거리),202006,2152
송파구,2611. 송파지역자활센터 뒤,202006,2178
송파구,2612. 문정·가락 대여소 앞,202006,81
송파구,2613. 잠실나들목,202006,4779
송파구,2614. 가락고등학교 앞,202006,1254
송파구,2615. 테라타워2,202006,2700
송파구,2616. 거여동 사거리,202006,527
송파구,2617. 가락삼환아파트 앞,202006,1673
송파구,2618. 삼전역 1번출구,202006,1675
송파구,2619. 석촌고분역 4번출구,202006,3098
송파구,2620. 송파나루역 4번 출구옆,202006,4483
송파구,2621. 한성백제역 2번 출구,202006,5305
송파구,2622. 올림픽공원역 3번출구,202006,5673
송파구,2623.석촌동 주민센터,202006,1393
송파구,2625.가락1동 주민센터,202006,767
송파구,"2626.경찰병원역 1,2번 출구 사이",202006,271
송파구,2628.문정역 1번출구,202006,1047
송파구,2629.문정동 힐스데이트 에코 송파,202006,798
송파구,2630.서울방이동 고분군,202006,1359
송파구,2631.배명고등학교,202006,754
송파구,2632.석촌고분역 2번 출구,202006,1232
송파구,2633.송파학사 옆,202006,733
송파구,2634.위례포레샤인아파트 2318동,202006,473
송파구,2635.잠실새내역 1번출구,202006,697
송파구,2637.잠실월드 메르디앙,202006,1337
송파구,2639.석촌역 8번출구,202006,1548
송파구,2641.송파역 4번출구,202006,2203
송파구,2642.마천동 성내천 쉼터,202006,931
송파구,2643.풍납중학교 측면,202006,1829
송파구,2644.성내5교 (GS주유소),202006,820
송파구,2645.잠실나들목2(엘스아파트136동),202006,2574
송파구,2646.레이클펠리스101동앞,202006,1310
송파구,2647.잠실 자전거 수리센터 앞,202006,749
송파구,2648.헬리오시티 112동 앞,202006,1209
송파구,2649.오금공원사거리2,202006,221
송파구,2651.경찰병원역 3번출구 앞,202006,968
송파구,2652.송파 레미니스1단지 102동 앞,202006,579
송파구,2653.올림픽공원사거리(선수촌아파트),202006,1172
송파구,2654.올림픽선수촌아파트 136동 앞,202006,517
송파구,2655.송이공원,202006,984
송파구,2656.풍납동 아이파크 107동 앞,202006,3
송파구,2657.송파 파인타운 11단지,202006,8
송파구,2658.가락몰 업무동,202006,116
송파구,2659.서울친환경유통센터,202006,23
양천구,700. KB국민은행 염창역 지점 앞,202006,2791
양천구,701. 목동사거리 부근,202006,1216
양천구,702. 목4동주민센터 옆,202006,1542
양천구,703. 오목교역 7번출구 앞,202006,4617
양천구,704. 남부법원검찰청 교차로,202006,4520
양천구,706. 신정네거리역,202006,1879
양천구,707. 신정3동주민센터,202006,740
양천구,708. 서울출입국관리사무소 앞,202006,3776
양천구,709. 신정3동 현장민원실 앞,202006,1081
양천구,710. 서부화물트럭터미널 사거리,202006,22
양천구,711. 신일해피트리아파트 앞,202006,824
양천구,712. 강월초교입구 사거리,202006,1203
양천구,713. 양서중학교 옆,202006,843
양천구,714. 한국SGI 양천문화회관 앞,202006,991
양천구,716.신정6동 주민센터 인근,202006,2656
양천구,719. 홍익병원앞 교차로,202006,1783
양천구,720. 서울강월초등학교 앞,202006,579
양천구,722. LG전자베스트샵 신정점,202006,2725
양천구,723. SBS방송국,202006,3041
양천구,724. 계남공원 입구 주출입구 좌측,202006,312
양천구,725. 양강중학교앞 교차로,202006,717
양천구,726. 목동3단지 시내버스정류장,202006,2597
양천구,729. 서부식자재마트 건너편,202006,2218
양천구,731. 서울시 도로환경관리센터,202006,2252
양천구,732. 신월동 이마트,202006,1071
양천구,733. 신정이펜하우스314동,202006,770
양천구,734. 신트리공원 입구,202006,1866
양천구,735. 영도초등학교,202006,2417
양천구,736. 오솔길공원,202006,1247
양천구,737. 장수공원,202006,1129
양천구,739. 신월사거리,202006,1406
양천구,740. 으뜸공원,202006,1150
양천구,741. 화곡로 입구 교차로,202006,400
양천구,742. 등촌역 5번 출구 뒤,202006,1063
양천구,743. 현대6차아파트 101동 옆,202006,1012
양천구,744. 신목동역 2번 출구,202006,2237
양천구,745. 강서초등학교,202006,1017
양천구,746. 목동2단지 상가,202006,2739
양천구,747. 목동3단지 상가,202006,1374
양천구,748. 목동운동장,202006,391
양천구,749. 이대 목동병원 앞,202006,1791
양천구,750. 연의근린공원 건너편,202006,1004
양천구,752. 성원2차 아파트,202006,1214
양천구,754. 목동1단지아파트 118동 앞 (월촌초등학교 정류소 옆),202006,1421
양천구,755. 목동1단지아파트 상가 앞 (월촌중학교 버스정류소 옆),202006,2485
양천구,756. 목동주차장,202006,2010
양천구,757. 신정이펜하우스 1단지아파트 입구 사거리,202006,587
양천구,758. 한사랑교회 앞,202006,2246
양천구,759. 보아스아파트 앞,202006,869
양천구,760. 잣절보도육교 아래,202006,615
양천구,762. 오목로 무중력지대 앞,202006,1938
양천구,763. 목동11단지 아파트,202006,1044
양천구,764. 목동청소년수련관,202006,2568
양천구,765. 오목교역 3번출구,202006,4692
양천구,766. 신목동역 3번출구,202006,2960
양천구,767.신정숲속마을아파트,202006,93
양천구,768.목동5단지아파트 501동,202006,487
양천구,769.CBS방송국 앞,202006,715
양천구,770.목동역5번출구 교통정보센터 앞,202006,1574
양천구,771.목동아파트 703동 앞,202006,826
양천구,"773.염창역 3, 4번 출구 사이",202006,538
양천구,774.등촌역 4번 출구,202006,267
양천구,775.세종그랑시아 앞(102동),202006,337
양천구,776.목마공원,202006,177
양천구,777.신월6차보람아파트 앞,202006,413
양천구,779.양천나눔누리센터,202006,586
양천구,780.신정교 하부,202006,949
양천구,781.신정보도육교 아래,202006,767
양천구,782.서남병원 후문,202006,313
양천구,"785.양천구청, 보건소 사잇길",202006,1749
양천구,786.목동아파트 8단지 상가동 앞,202006,598
양천구,787.양천아파트 입구,202006,1769
양천구,788.양천구청역 2번출구 옆,202006,1459
양천구,790.화곡고가 사거리,202006,247
양천구,791.현대하이페리온,202006,753
양천구,792.목동트라팰리스 웨스턴에비뉴,202006,1265
양천구,793.목동5단지아파트 534동,202006,139
양천구,794.양천문화회관,202006,125
양천구,795.양천 해누리타운,202006,460
양천구,797.목동아파트 1422동 1434동 사잇길,202006,644
영등포구,200. 국회의원회관,202006,744
영등포구,201. 진미파라곤 앞,202006,2336
영등포구,202. 국민일보 앞,202006,4729
영등포구,203. 국회의사당역 3번출구 옆,202006,2316
영등포구,204. 국회의사당역 5번출구 옆,202006,1617
영등포구,205. 산업은행 앞,202006,2225
영등포구,206. KBS 앞,202006,2705
영등포구,207. 여의나루역 1번출구 앞,202006,16167
영등포구,209. 유진투자증권빌딩 앞,202006,1697
영등포구,210. IFC몰,202006,6265
영등포구,211. 여의도역 4번출구 옆,202006,3474
영등포구,212. 여의도역 1번출구 옆,202006,2298
영등포구,213. KT앞,202006,1889
영등포구,214. 금융감독원 앞,202006,1642
영등포구,215. 여의도고교 앞,202006,1739
영등포구,216. 삼부아파트1동 앞,202006,1468
영등포구,217. NH농협은행 앞,202006,1973
영등포구,218. 증권거래소 앞,202006,1146
영등포구,219. 롯데캐슬엠파이어 옆,202006,1465
영등포구,220. 미성아파트 A동 앞,202006,1600
영등포구,221. 여의도초교 앞,202006,2804
영등포구,222. 시범아파트버스정류장 옆,202006,3848
영등포구,223. 진주아파트상가 앞,202006,1682
영등포구,224. 롯데캐슬 앞,202006,2187
영등포구,225. 앙카라공원 앞,202006,1806
영등포구,226. 샛강역 1번출구 앞,202006,2205
영등포구,227. 양평2나들목 보행통로 입구,202006,3561
영등포구,228. 선유도역 3번출구 앞,202006,5203
영등포구,229. 양평1 보행육교 앞,202006,2798
영등포구,230. 영등포구청역 1번출구,202006,5114
영등포구,231. 남부고용노동지청 남측,202006,1131
영등포구,232. 양평우림 이비즈센타 앞,202006,4174
영등포구,233. YP 센터 앞,202006,588
영등포구,234. 영등포구민체육센터 앞,202006,1022
영등포구,235. 신길동 우리은행 옆,202006,1146
영등포구,236. 문래동자이아파트 앞,202006,2229
영등포구,238. 제2구민체육센타 앞,202006,1411
영등포구,239. 유스호스텔 앞,202006,1350
영등포구,240. 문래역 4번출구 앞,202006,2390
영등포구,241. 신길우성1차아파트 앞 공원,202006,1485
영등포구,242. 신길선원가와인아파트 앞,202006,1154
영등포구,243. 이앤씨드림타워 앞,202006,2295
영등포구,244. 영등포삼환아파트 앞,202006,2095
영등포구,245. 삼성생명 당산사옥 앞,202006,2932
영등포구,247. 당산역 10번출구 앞,202006,6663
영등포구,248. 초원아파트 앞,202006,3549
영등포구,249. 여의도중학교 옆,202006,3332
영등포구,250. 대림아파트 사거리,202006,1070
영등포구,251. 서울지방병무청 버스정류장,202006,1427
영등포구,252. 보라매역4번출구,202006,2045
영등포구,253. 신풍역 5번출구 인근,202006,1304
영등포구,254. 도림신협 앞,202006,1435
영등포구,255. 도림4거리,202006,1733
영등포구,256. 동아에코빌입구,202006,1425
영등포구,257. 신길삼거리(우리은행),202006,3453
영등포구,258. 신길역3번출구,202006,1511
영등포구,259. 대방역6번출구,202006,3818
영등포구,260. 여의도 마리나선착장 앞,202006,951
영등포구,262. 영문초등학교 사거리,202006,3584
영등포구,263. 근로자회관 사거리,202006,3661
영등포구,264. 교보생명보험 앞,202006,1571
영등포구,265. 영등포유통상가 사거리,202006,1557
영등포구,266. 영등포청과시장 사거리,202006,877
영등포구,267. 삼성화재 사옥 옆,202006,2067
영등포구,268. 그랜드컨벤션센터 앞,202006,2266
영등포구,270. 증권거래소후문교차로,202006,1064
영등포구,271. 샛강생태공원방문자센터 앞,202006,757
영등포구,272. 당산육갑문,202006,7958
영등포구,274. 영등포역지하쇼핑센타 5번출구,202006,4913
영등포구,275. 신동아아파트,202006,2823
영등포구,276. SK 영등포주유소,202006,2094
영등포구,277. 영등포뉴타운지하상가 2번게이트,202006,2015
영등포구,278. 쌍용플레티넘오피스텔,202006,2697
영등포구,279. 영등포 푸르지오 아파트,202006,2078
영등포구,280. 양평동6차현대아파트 앞,202006,2304
영등포구,281. 신동아아파트 앞,202006,1299
영등포구,282. 신한은행,202006,652
영등포구,283. 아크로타워 스퀘어(영등포시장),202006,3794
영등포구,284. 센트럴 푸르지오 시티 앞,202006,4391
영등포구,285. 대림3동사거리(하나은행),202006,764
영등포구,286. 우성아파트 교차로,202006,1532
영등포구,287. 영등포전화국사거리 (서강어린이공원),202006,1934
영등포구,288. 쌍용예가(구청별관),202006,1014
영등포구,289. 대림3동사거리,202006,1137
영등포구,290. 당산동 SK V1 빌딩,202006,1883
영등포구,291. 문래동 하이테크 시티,202006,2701
영등포구,292. 영일 어린이공원,202006,998
영등포구,293. 충북 미래관,202006,2978
영등포구,295.영등포공원 분수대 앞,202006,1
영등포구,296.KT플라자 영등포점,202006,855
영등포구,297.국회3문,202006,165
영등포구,298.KBS 연구동 건너편,202006,93
영등포구,299.여의도 순복음교회,202006,574
영등포구,3201.당산skv1센터,202006,547
영등포구,3202.당산롯데캐슬프레스티지,202006,1261
영등포구,3203.도림동배드민턴체육관,202006,230
영등포구,3204.도림고가도로 밑,202006,57
영등포구,3205.문래중학교,202006,1192
영등포구,3206.문래동 주민센터,202006,399
영등포구,3207.양남사거리 교통섬,202006,311
영등포구,3211.신길 래미안 프레비뉴,202006,542
영등포구,3212.신풍역 6번출구,202006,843
영등포구,3214.영등포 푸르지오,202006,819
영등포구,3215.강변삼성래미안,202006,600
영등포구,3219.영등포역 2번출구,202006,642
영등포구,3220.래미안에스티움 앞 (신풍로),202006,537
영등포구,3221.서울특별시 남부교육지원청,202006,104
용산구,800. 목월공원 앞,202006,1885
용산구,802. 한강진역 2번 출구 앞,202006,490
용산구,803. 한남초교 앞 보도육교,202006,416
용산구,805. 문배어린이공원 앞,202006,1215
용산구,806. 전자랜드 본관 앞,202006,1192
용산구,807. 서울역 12번 출구 앞,202006,966
용산구,808. 서빙고동 금호맨션 앞,202006,501
용산구,809. 한남 유수지 복개주차장,202006,1209
용산구,810. 이태원지하보도,202006,654
용산구,811. 녹사평역1번출구,202006,525
용산구,812. 용산전쟁기념관,202006,178
용산구,813. 삼각지역 3번출구,202006,1117
용산구,815. LIG강촌아파트 103동앞,202006,2150
용산구,816. 신용산역 6번출구 앞,202006,2841
용산구,817. 삼각지역 4번출구 앞,202006,635
용산구,818. 숙명여대 입구 교차로,202006,1585
용산구,819. 선린인터넷 고등학교,202006,1188
용산구,820. 청파동입구 교차로,202006,1022
용산구,822. 이촌1동 마을공원,202006,524
용산구,823. 효창동주민센터 앞,202006,327
용산구,825. 서빙고동 주민센터 앞,202006,4303
용산구,827. 국군복지단,202006,96
용산구,828. 숙대입구역 8번,202006,853
용산구,829. 베르가모앞,202006,3961
용산구,830. 청암자이아파트앞,202006,719
용산구,831. 이태원관광특구입구,202006,273
용산구,832. 이촌1동 주민센터 뒤,202006,3203
용산구,834. 효창공원앞역 3번출구 뒤,202006,2349
용산구,835. 남영역 건너편,202006,968
용산구,836. 현대자동차서비스 앞,202006,1909
용산구,837. 한남나들목 입구,202006,2954
용산구,838. 숙대입구역 4번출구,202006,1244
용산구,839. 보광동 삼성리버빌아파트 앞,202006,1403
용산구,840. 용산 파크타워 앞,202006,588
용산구,841. 신용산역 1번 출구,202006,2368
용산구,843. 녹사평역 광장,202006,773
용산구,844. 이촌2동 동원베네스트 아파트 앞,202006,1233
용산구,845. 용산 선인상가,202006,877
용산구,846. 용산중학교,202006,1106
용산구,847. 국방부민원실옆,202006,144
용산구,848. 삼각지12번 출구,202006,195
용산구,849. 삼각지 자이아파트,202006,608
용산구,850. KCC용산월츠타워,202006,430
용산구,851.효창 푸르지오 앞,202006,215
용산구,852.청암자이APT(103동),202006,250
용산구,853.용산역 맞은편,202006,1063
용산구,854.HID 유족동지회 앞,202006,144
용산구,855.이촌역5번출구 앞,202006,39
용산구,857. 현대 안성타워,202006,156
용산구,858.녹사평역3번 출구,202006,63
용산구,860.LG한강 자이아파트 앞,202006,543
용산구,863.이촌역2번 출구,202006,116
용산구,864.순천향대학병원(한남오거리),202006,794
용산구,865.하얏트호텔 앞,202006,26
용산구,866.브라운스톤 남산아파트,202006,169
용산구,867.서빙고역 광장(1번출구),202006,93
용산구,868.롯데하이마트 용산점 앞,202006,299
용산구,869.노들섬 동측 앞,202006,441
용산구,870.노들섬 서측 앞,202006,1615
은평구,900. 은평예술회관,202006,1011
은평구,901. 응암1동사무소,202006,1446
은평구,902. 진관동 은빛초등학교,202006,336
은평구,903. 은평뉴타운 아이파크,202006,1143
은평구,904. 은평뉴타운 푸르지오,202006,1030
은평구,905. 구파발역 2번출구,202006,2486
은평구,906. 연신내역 5번출구150M 아래,202006,3938
은평구,907. CJ 드림시티,202006,6726
은평구,908. 구산역 4번출구,202006,1295
은평구,909. 백련산 힐스테이트 3차,202006,454
은평구,911. 은평평화공원(역촌역4번출구),202006,2514
은평구,912. 응암오거리,202006,2794
은평구,913. 이마트 은평점,202006,3608
은평구,914. 새절역 2번출구,202006,4791
은평구,915. 증산역 4번출구,202006,2028
은평구,916. 평생학습관 앞,202006,1373
은평구,917. 녹번역 4번출구,202006,1544
은평구,919. 서울혁신파크,202006,900
은평구,921. 신도고등학교,202006,615
은평구,922. 연신내역 4번출구,202006,655
은평구,923. 국민은행 연서지점,202006,814
은평구,924. 메뚜기다리,202006,318
은평구,925. 불광역 2번출구,202006,623
은평구,926. 불광역 8번출구,202006,1880
은평구,927. 연신내역 3번출구 인근,202006,639
은평구,928. 은평역사한옥박물관,202006,345
은평구,930. 구 서부경찰서 건너편,202006,1114
은평구,931. 역촌파출소,202006,3291
은평구,932. 예일여중,202006,1340
은평구,933. LG서비스 역촌점,202006,2073
은평구,934. 신사동 성당,202006,1277
은평구,937. 상림마을 롯데캐슬2단지 옆,202006,199
은평구,938. 금암 문화공원,202006,294
은평구,939. 은평구청 교차로,202006,812
은평구,941. 은평뉴타운 도서관,202006,568
은평구,942. 상림마을 생태공원,202006,511
은평구,943. 은평구청 보건소,202006,1775
은평구,945. 기자촌 사거리,202006,619
은평구,946. 독바위역,202006,731
은평구,947. 연신내 선일하이츠빌 정류소,202006,1146
은평구,948. 디지털미디어 시티역 4번출구,202006,748
은평구,949. 연신내역 1번 출구,202006,1069
은평구,950. 구산역 2번 출구,202006,1953
은평구,951. 연신내역 6번출구옆,202006,1584
은평구,952. 서울연신중학교,202006,515
은평구,953. 서울연신초등학교,202006,701
은평구,954. 은평뉴타운구파발9단지,202006,841
은평구,956. 응암시장교차로,202006,3167
은평구,958. 신한은행 응암동 지점 앞,202006,1711
은평구,959. 구파발10단지 인근,202006,507
은평구,960. 구파발역 환승센터,202006,785
은평구,961. 불광역 9번 출구,202006,1119
은평구,962. 은평뉴타운 힐데스하임,202006,1297
은평구,963. 대호프라자아파트,202006,1049
은평구,964. 북한산힐스테이트 7차아파트,202006,461
은평구,965. 서울특별시 은평병원,202006,553
은평구,966. 서울혁신파크1,202006,458
은평구,967. 서울혁신파크2,202006,538
은평구,968. 은평뉴타운 상림마을 13단지,202006,222
은평구,969. 은평 지웰테라스,202006,344
은평구,971. 역촌 센트레빌 아파트,202006,445
은평구,972. 수색역,202006,845
은평구,973.제각말푸르지오 5-1단지 아파트,202006,29
은평구,974.연신초등학교옆 마을마당,202006,19
은평구,975.백련산 힐스테이트상가앞,202006,48
은평구,976.진관고등학교앞,202006,74
은평구,977.신도중학교앞,202006,23
은평구,978.녹번 힐스테이트상가앞,202006,80
은평구,979.원풍빌라앞,202006,159
은평구,982.유니클로 은평점앞,202006,145
은평구,984.상신초등학교앞 버스정류장,202006,228
은평구,985.은평온누리약국앞,202006,138
은평구,989.응암 꼬꼬닭치킨호프 앞,202006,215
은평구,991.흥국사 정류장,202006,34
은평구,992.북한산입구 정류장,202006,41
은평구,993.은평뉴타운 온뜨락아파트앞,202006,75
은평구,994.북한산생태공원입구(교통섬),202006,68
은평구,995.은평다목적체육관,202006,48
은평구,996.응암역 1번출구,202006,680
종로구,301. 경복궁역 7번출구 앞,202006,1612
종로구,302. 경복궁역 4번출구 뒤,202006,2499
종로구,303. 광화문역 1번출구 앞,202006,1876
종로구,304. 광화문역 2번출구 앞,202006,1179
종로구,305. 종로구청 옆,202006,1762
종로구,306. 광화문역 7번출구 앞,202006,1898
종로구,307. 서울역사박물관 앞,202006,1195
종로구,308. 광화문 S타워 앞,202006,2234
종로구,309. 광화문역 6번출구 옆,202006,1075
종로구,314. 국립현대미술관,202006,919
종로구,316. 종각역 1번출구 앞,202006,2401
종로구,326. 안국역 5번출구 앞,202006,1907
종로구,327. 낙원상가 옆,202006,1371
종로구,328. 탑골공원 앞,202006,1141
종로구,329. 청계2가 사거리 옆,202006,1568
종로구,334. 종로3가역 2번출구 뒤,202006,1938
종로구,335. 종로3가역 15번출구 앞,202006,1268
종로구,337. 창경궁 입구,202006,436
종로구,338. 세운스퀘어 앞,202006,1406
종로구,339. 종로4가 사거리,202006,1141
종로구,340. 혜화동 로터리,202006,2031
종로구,3402.이화공영주차장,202006,421
종로구,3403.서울특별시 교육청,202006,142
종로구,3404.서울특별시 중부교육지원청,202006,74
종로구,3405.파크팰리스,202006,757
종로구,3406.세종로공원,202006,148
종로구,3407.안국동사거리(신),202006,827
종로구,3408.종로타워빌딩,202006,1024
종로구,341. 혜화역 3번출구 뒤,202006,1229
종로구,3411.종묘,202006,623
종로구,3412.세운상가,202006,457
종로구,3413.종로플레이스,202006,1013
종로구,3414.종로5가역 4번출구,202006,41
종로구,3415.동대문역6번출구,202006,167
종로구,3416.동묘앞역 6번출구,202006,60
종로구,3417.창신3동주민센터,202006,270
종로구,3418.창신역2번 출구,202006,37
종로구,3419.국립어린이과학관,202006,145
종로구,342. 대학로 마로니에공원,202006,2557
종로구,3420.성균관대입구사거리(맥도날드),202006,268
종로구,3421.혜화역 1번출구,202006,23
종로구,3422.성균관대 정문,202006,462
종로구,3423.현대그룹(본사),202006,308
종로구,3426.독립문역 2번출구 뒤,202006,94
종로구,3427.인왕산 아이파크 정문,202006,88
종로구,3428.서울미술관,202006,118
종로구,3429.AW컨벤션앞,202006,74
종로구,343. 예일빌딩(율곡로) 앞,202006,404
종로구,3430.구기치안센터 앞,202006,77
종로구,3431.로제우스 레포츠센터,202006,79
종로구,3432.종로2가 사거리,202006,901
종로구,344. 성균관대 E하우스 앞,202006,590
종로구,345. 서울보증보험본사 앞,202006,1165
종로구,348. 독립문역 사거리,202006,1281
종로구,349. 사직동주민센터,202006,786
종로구,351. 청운초교 앞 삼거리,202006,1004
종로구,352. 중앙고입구 삼거리,202006,291
종로구,353. 재동초교 앞 삼거리,202006,787
종로구,354. 포르투갈 대사관 앞,202006,936
종로구,355. 서울사대부속초교 앞,202006,1180
종로구,356. KT혜화지사 앞,202006,1233
종로구,358. 성대입구 사거리,202006,2230
종로구,359. 원남동사거리,202006,1151
종로구,361. 동묘앞역 1번출구 뒤,202006,3151
종로구,362. 청계8가 사거리,202006,1788
종로구,363. 신설동역 11번출구 뒤,202006,1799
종로구,364. 창신역 1번출구 앞,202006,742
종로구,367. 독립문역 3-1번출구,202006,1598
종로구,368. SK 서린빌딩 앞,202006,1146
종로구,369. 광화문 시민열린마당,202006,1757
종로구,385. 종각역 5번출구,202006,1700
종로구,386. 올림픽기념 국민생활관 앞,202006,714
종로구,388. 동성중학교 앞,202006,1015
종로구,393. 동대문역 8번 출구,202006,2475
종로구,394. 경희궁 자이 3단지,202006,90
종로구,395. 경희궁 자이 2단지,202006,1413
종로구,397. 종묘공영주차장 건너편,202006,588
종로구,446. 상명대입구,202006,796
종로구,449. 일성아파트,202006,259
종로구,450. 효자동 삼거리,202006,566
종로구,451. 청와대앞길,202006,250
종로구,452. 동대문 종합시장 버스정류장,202006,765
종로구,453. 종로오가 지하쇼핑센터 14번출구,202006,1229
종로구,454. 종로2가 버스정류장 (종각방향),202006,1286
종로구,455. 삼익한의원,202006,755
종로구,456. 숭인2동 주민센터 입구 (이강3대냉면),202006,981
종로구,457. 종로꽃시장 입구 옆,202006,848
종로구,458. 광화문역 5번출구,202006,2296
종로구,461. 서울지방경찰청,202006,1244
종로구,462. 신영동삼거리(북악터널방향),202006,43
종로구,464. 삼청동 골목,202006,815
종로구,465. 삼청공원 앞,202006,132
종로구,486. 평창동주민센터 앞,202006,310
중구,300. 정동사거리,202006,1273
중구,310. 청계광장 옆,202006,1126
중구,311. 서울광장 옆,202006,2905
중구,312. 시청역 1번출구 뒤,202006,2497
중구,318. 광교사거리 남측,202006,806
중구,320. 을지로입구역 4번출구 앞,202006,1485
중구,321. KEB 하나금융그룹 명동사옥 옆,202006,1194
중구,322. 명동성당 앞,202006,567
중구,324. 신세계백화점 본점 앞,202006,1060
중구,331. 을지로2가 사거리 북측,202006,1484
중구,332. 을지로2가 사거리 남측,202006,903
중구,336. 티마크 호텔 앞,202006,780
중구,346. 맥스타일 앞,202006,1987
중구,347. 동대문역사문화공원역 9번출구 앞,202006,1484
중구,370. 시청역(2호선) 9번출구 뒤,202006,1669
중구,371. 동대입구역 6번출구 뒤,202006,750
중구,372. 약수역 3번출구 뒤,202006,1192
중구,373. 청구 어린이공원,202006,177
중구,374. 청구역 2번출구 앞,202006,1291
중구,375. 다산 어린이공원,202006,1513
중구,378. 청계7가 사거리,202006,1600
중구,379. 서울역9번출구,202006,1212
중구,380. CJ제일제당 앞,202006,1208
중구,381. 장충체육관,202006,150
중구,382. 약수역 10번출구 앞,202006,728
중구,383. 신당역 12번 출구 뒤,202006,2518
중구,384. 종로학원본원,202006,758
중구,387. 훈련원공원주차장 앞,202006,1220
중구,389. 을지로4가역 1번출구,202006,981
중구,390. 충무로역 1번출구,202006,1641
중구,391. 정동길입구,202006,501
중구,398. 을지로3가역 3번출구,202006,1387
중구,399. 서울역 센트럴 자이아파트,202006,916
중구,428. 명보사거리,202006,812
중구,429. 송도병원,202006,156
중구,430. KEB하나은행 장충동지점,202006,829
중구,431. 청계천 영도교,202006,2511
중구,433. 을지로입구역 2번출구,202006,1485
중구,434. 신당 래미안 버스정류장,202006,79
중구,435. SK 남산빌딩,202006,447
중구,441.염천교사거리,202006,227
중구,442.서울역 서부,202006,171
중구,443.호암아트홀,202006,389
중구,444.서울역3번 출구,202006,46
중구,445.대한상공회의소,202006,651
중구,466.롯데호텔,202006,482
중구,467.한국은행,202006,132
중구,468.웨스틴 조선호텔,202006,169
중구,469.회현역 1번출구,202006,87
중구,470.회현역 7번출구,202006,328
중구,471.회현사거리 남측,202006,519
중구,472.삼일교(시그니쳐 타워),202006,720
중구,473.을지로4가역 9번출구,202006,831
중구,474.동대문역사문화공원역 1번출구 뒤편,202006,590
중구,475.DDP 패션몰,202006,44
중구,476.광희문,202006,142
중구,477.앰배서더 호텔 주변,202006,69
중구,479.동대입구역 3번 출구,202006,104
중구,480.약수역 6번 출구,202006,7
중구,481.신당역 10번 출구,202006,114
중구,482.예수소망교회,202006,60
중구,483.남산타운아파트 버스정류장,202006,71
중구,484.도동삼거리,202006,46
중구,485.서울역4번출구,202006,409
중구,826. 서울역 서부교차로2,202006,1469
중랑구,1401. 극동늘푸른아파트,202006,2784
중랑구,1402. 금란주차장 앞,202006,1622
중랑구,1403. 중화빌딩 앞 (동부시장),202006,3904
중랑구,1404. 동일로 지하차도,202006,1942
중랑구,1405. 망우역 1번출구,202006,1935
중랑구,1406. 망우청소년수련관,202006,165
중랑구,1407. 먹골역 1번출구 뒤,202006,1814
중랑구,1408. 먹골역 6번출구 앞,202006,1791
중랑구,1410. 면목 대원칸타빌아파트,202006,430
중랑구,1411. 상봉시장앞 교차로 한성빌딩 앞,202006,1139
중랑구,1412. 면목초등학교,202006,793
중랑구,1413. 봉화산역 5번출구 뒤,202006,1359
중랑구,1414. 사가정역 1번출구,202006,3181
중랑구,1416. 상봉역 3번출구,202006,1395
중랑구,1418. 새솔초등학교,202006,620
중랑구,1420. 신내어울공원 앞,202006,929
중랑구,1421. 신내역 4번출구,202006,317
중랑구,1422. 신내우디안아파트 1단지,202006,240
중랑구,1424. 양원역 2번출구,202006,181
중랑구,1425. 용마문화복지센터,202006,833
중랑구,1426. 면목도시개발아파트 1동 앞,202006,481
중랑구,1427. 용마산역 1번출구,202006,372
중랑구,1428. 원묵고등학교,202006,740
중랑구,1429. 장안중학교,202006,446
중랑구,1430. 중랑구청,202006,1399
중랑구,1431. 중랑구청 사거리,202006,2393
중랑구,1433. 중화역 2번출구,202006,2898
중랑구,1434. 홈플러스 면목동점,202006,1311
중랑구,1435. 능산삼거리,202006,392
중랑구,1436. 영풍마드레빌,202006,928
중랑구,1437. 늘푸른공원 앞,202006,95
중랑구,1438. 홈플러스 신내점 앞,202006,2213
중랑구,1440. 하나은행 면목지점,202006,1706
중랑구,1441. 신내능말공원,202006,698
중랑구,1442. (구)신한은행 중랑교지점,202006,2110
중랑구,1443. 구립망우청소년독서실,202006,559
중랑구,1444. 면목4치안센터,202006,1347
중랑구,1445. 용마지구대,202006,328
중랑구,1446. 중랑전화국 교차로,202006,1783
중랑구,1447. 면목역 3번출구,202006,2529
중랑구,1448. 코스트코 상봉점,202006,2576
중랑구,1449. 상봉역 1번출구,202006,2925
중랑구,1450. 화랑대역 7번출구,202006,1871
중랑구,1451. 중랑세무서,202006,3582
중랑구,1452. 겸재교 진입부,202006,2907
중랑구,1453. 중랑캠핑숲,202006,342
중랑구,1454. 한국전력공사(동대문 중랑지사),202006,1617
중랑구,1455. 상봉역 2번 출구,202006,2040
중랑구,1456. 상아빌딩(우림시장 교차로),202006,1269
중랑구,1457. 동원사거리,202006,1083
중랑구,1458. 상봉터미널2,202006,2481
중랑구,1459. 용마한신아파트사거리,202006,547
중랑구,1461.동양엔파트 앞,202006,360
중랑구,1462.동부시장 북문 앞,202006,178
중랑구,1463.중랑구민회관,202006,12
중랑구,1464.중화역 4번출구,202006,91
중랑구,1465.중랑공영차고지 옆,202006,195
중랑구,1466.두산대림아파트 삼거리,202006,103
중랑구,1467.sk신내 주유소앞(용마산로),202006,19
중랑구,1468.먹골역 7번 출구,202006,452
중랑구,1469.먹골역 4번출구,202006,9
중랑구,1470.중화동 우리은행 앞,202006,154
중랑구,1472.영성빌딩(PAT),202006,221
중랑구,1473.중랑역 1번 출구(중화문화복지센터),202006,85
중랑구,1477.면목삼익아파트 앞,202006,85
중랑구,1478.홈플러스 상봉점 앞,202006,322
중랑구,1479.면목 홈플러스 2,202006,150
중랑구,1480. 용마지구대 옆,202006,235
강남구,2301. 현대고등학교 건너편,202007,3997
강남구,2302. 교보타워 버스정류장(신논현역 3번출구 후면),202007,1250
강남구,2303. 논현역 7번출구,202007,863
강남구,2304. 신영 ROYAL PALACE 앞,202007,334
강남구,2305. MCM 본사 직영점 앞,202007,436
강남구,2306. 압구정역 2번 출구 옆,202007,1111
강남구,2307. 압구정 한양 3차 아파트,202007,1703
강남구,2308. 압구정파출소 앞,202007,1025
강남구,2309. 청담역(우리들병원 앞),202007,479
강남구,2310. 청담동 맥도날드 옆(위치),202007,645
강남구,2311. 학동로 래미안 아파트 앞,202007,340
강남구,2312. 청담역 13번 출구 앞,202007,517
강남구,2313. 금원빌딩 앞,202007,1376
강남구,2314. 청담나들목입구,202007,1056
강남구,2315. 봉은사역 5번출구 옆,202007,1375
강남구,2316. 삼성역 8번출구,202007,1435
강남구,2317. 삼성도로공원,202007,766
강남구,2318. 삼성중앙역4번출구(문화센터더 리빌),202007,611
강남구,2319. 포스코사거리 서측(수협 삼성동 지점),202007,143
강남구,2320. 도곡역 대치지구대 방향,202007,828
강남구,2321. 학여울역 사거리,202007,878
강남구,2322. 삼성역 3번 출구,202007,845
강남구,2323. 주식회사 오뚜기 정문 앞,202007,515
강남구,2324. 천주교 대치 2동 교회 옆,202007,1153
강남구,2325. 대치동 버거킹대치점,202007,1083
강남구,2326. 대치동 삼성로,202007,277
강남구,2327. 뱅뱅사거리 랜드마크타워 앞,202007,965
강남구,2328. 르네상스 호텔 사거리 역삼지하보도 7번출구 앞,202007,428
강남구,2329. 르네상스호텔사거리 역삼지하보도 2번출구,202007,329
강남구,2330. 스타벅스 앞,202007,540
강남구,2331. 동영문화센터앞,202007,517
강남구,2332. 선릉역3번출구,202007,1140
강남구,2333. 양재역 3번출구 주변,202007,1218
강남구,2334. 삼호아파트 2동 ( 간선도로),202007,128
강남구,2335. 3호선 매봉역 3번출구앞,202007,1066
강남구,2336. 강남세브란스교차로 래미안그레이튼 104동 앞,202007,269
강남구,2337. 대모산입구역 2번출구 앞,202007,416
강남구,2339. 현대아파트 정문 앞,202007,367
강남구,2340. 삼호물산버스정류장(23370) 옆,202007,1770
강남구,2341. 일원역 4~5번 출구 사이,202007,440
강남구,2342. 대청역 1번출구 뒤,202007,1988
강남구,2343. 세곡사거리 대왕파출소 앞,202007,138
강남구,2344. 리엔파크 2단지 앞,202007,708
강남구,2347. 두산건설 본사,202007,324
강남구,2348. 포스코사거리(기업은행),202007,1793
강남구,2349. 역삼빌딩 앞(하나은행 옆),202007,286
강남구,2350. 래미안그레이튼102동앞,202007,236
강남구,2351. 청소년수련관(수영장)앞,202007,179
강남구,2352. 서울본부세관(건설회관 앞),202007,217
강남구,2353. 강남구청역 2번출구 뒤,202007,503
강남구,2354. 청담역 2번출구,202007,286
강남구,2355. 삼성역 5~6번 출구 사이,202007,1337
강남구,2356. 강남구청,202007,665
강남구,2357. 르네상스호텔사거리 역삼지하보도 3번출구 앞 (더 오번 빌딩 명동칼국수 앞),202007,264
강남구,2358. 구룡초사거리 (현대아파트10동 앞 ),202007,282
강남구,"2359. 국립국악중,고교 정문 맞은편",202007,801
강남구,2360. 도곡1동 주민센터 교차로,202007,484
강남구,2361. 압구정역 교차로,202007,877
강남구,2362. 신사동 가로수길 입구,202007,976
강남구,2363. 강남 을지병원 교차로,202007,378
강남구,2364. 도산대로 렉서스 앞,202007,529
강남구,2365. K+ 타워 앞,202007,1108
강남구,2368. 도곡동 경남아파트 건너편,202007,219
강남구,2369. KT선릉타워,202007,939
강남구,2370. 한티역 3번출구,202007,530
강남구,2371. 한국우편사업진흥원,202007,213
강남구,2372. 대치역 사거리,202007,1315
강남구,2373. 개포동역 사거리,202007,1603
강남구,2375. 수서역 1번출구 앞,202007,976
강남구,2376. 수서역 6번출구 앞,202007,148
강남구,2377. 수서역 5번출구 뒤,202007,2239
강남구,2380. 삼성동베이직하우스앞,202007,415
강남구,2381. 언주역 6번출구앞,202007,463
강남구,2382. 역삼동 sk뷰 501동앞,202007,261
강남구,2383. 보금자리정원,202007,263
강남구,2384. 자곡사거리,202007,1771
강남구,2385. 학동역,202007,619
강남구,2387. 래미안강남힐즈 사거리,202007,820
강남구,2388. 강남구 도시관리공단,202007,428
강남구,2389. 경기여자고등학교 후문 (삼성로3길 입구),202007,667
강남구,2390. 구룡마을 입구 (래미안블레스티지 아파트),202007,259
강남구,2391. 구룡터널 입구(개포1단지아파트),202007,24
강남구,2392. 구룡산 입구 (구룡산 서울둘레길 입구),202007,47
강남구,2393. 구룡사 앞 교차로 (보도육교),202007,101
강남구,2395. 개포1단지아파트 입구 (보도육교),202007,9
강남구,2396. 영동3교 북단(우성캐릭터 앞 보도),202007,547
강남구,2398. 더라움,202007,407
강남구,2401. 밀알학교 입구 (삼성서울병원 입구),202007,254
강남구,2403. 공무원연금매점 교차로 (개포주공9단지 입구),202007,140
강남구,2404. 대모산입구역 4번 출구 앞,202007,705
강남구,2405. 청담공원앞 교차로,202007,753
강남구,2406. 논현동 광명빌딩 앞,202007,336
강남구,2407. 역삼.서초.삼성 세무서 앞 (역삼빌딩 앞),202007,1195
강남구,2408. 강남한양수자인아파트,202007,594
강남구,2409. 역삼동 디오슈페리움 (우성아파트 사거리),202007,813
강남구,2410. 포스코피앤에스타워 (역삼역 3번출구 부근),202007,565
강남구,2411. 세곡동 성당,202007,746
강남구,2412. 일원1동 주민센터,202007,1598
강남구,2413.도곡역 1번 출구,202007,472
강남구,2414. 도곡역 아카데미스위트 앞,202007,605
강남구,2415.한티역 롯데백화점 앞,202007,429
강남구,2416.한티역 6번 출구,202007,176
강남구,2417.선정릉 디캠프(D.CAMP)앞,202007,156
강남구,2418.봉은사역 7번 출구,202007,502
강남구,"2419.봉은사역 1,2번 출구",202007,442
강남구,2420.학여울역 사거리(LG베스트샵 앞),202007,508
강남구,2421. 신논현역 4번출구,202007,288
강남구,2422.수서동 성당 맞은편,202007,387
강남구,2423.영희초교 사거리(래미안개포루체하임),202007,758
강남구,2425.세곡동 사거리(대왕초등학교 정류장),202007,88
강남구,2426.강남한신휴플러스 6단지,202007,300
강남구,2427.개포고등학교 정문앞,202007,159
강남구,2428.롯데리아 개포점앞,202007,141
강남구,2429.압구정로데오역 6번출구,202007,893
강남구,2430.강남파이낸스센터앞(역삼역2번출구),202007,250
강남구,2431.대치역 7번출구,202007,665
강동구,1001. 광진교 남단 사거리(디지털프라자앞),202007,2529
강동구,1002. 해공공원(천호동),202007,2720
강동구,1003. 해공도서관앞,202007,884
강동구,1004. 삼성광나루아파트 버스정류장,202007,1746
강동구,1006. 롯데캐슬 115동앞,202007,567
강동구,1007.암사동 선사유적지,202007,182
강동구,1008. 암사역 3번출구(국민은행앞),202007,3811
강동구,1009. 천호역4번출구(현대백화점),202007,4294
강동구,1010. 강동세무서,202007,2990
강동구,1011. LIGA 아파트 앞,202007,3108
강동구,1012. 서울 상운차량,202007,1062
강동구,1013. 강동구청역 1번 출입구,202007,1230
강동구,1014. 강동구평생학습관앞,202007,1068
강동구,1015. 샛마을 근린공원,202007,1114
강동구,1016. 해뜨는 주유소옆 리엔파크 109동앞,202007,837
강동구,1017. 맥도날드(길동),202007,2207
강동구,1018. 둔촌 주공 GS 맞은편,202007,73
강동구,1019. 다성이즈빌아파트(호원대 대각선 맞은편),202007,3094
강동구,1020. 강동경찰서,202007,2706
강동구,1021. 강일동 리슈빌 빌딩앞,202007,1749
강동구,1022. 길동 사거리(초소앞),202007,1717
강동구,1023. 한국종합기술사옥 앞,202007,1781
강동구,1024. 강동구청 앞,202007,2418
강동구,1025. 상일초등학교,202007,770
강동구,1026. 대명초교 입구 교차로,202007,734
강동구,1027. 프라자 아파트 앞,202007,1259
강동구,1028. 포레스 주상복합 빌딩,202007,1381
강동구,1029. 롯데 시네마,202007,2207
강동구,1030. 미호 플랜트 앞,202007,1184
강동구,1031. 올림픽로 836(아리수로),202007,712
강동구,1032. 선사고등학교,202007,792
강동구,1033. 고덕동 아남아파트,202007,802
강동구,1034. 고덕동 래미안 힐스테이트,202007,460
강동구,1035. 고덕역 4번출구,202007,10
강동구,1036. 고덕동 주양쇼핑,202007,1455
강동구,1037. 강일리버파크 6단지,202007,236
강동구,1038. 강일 다솜 어린이 공원,202007,291
강동구,1039. 고덕초등학교,202007,181
강동구,1041. 묘곡초등학교,202007,765
강동구,1042. 강일리버파크 2~5단지,202007,758
강동구,1044. 굽은다리역,202007,4590
강동구,1047. 건강보험 강동지사kt,202007,2027
강동구,1048. 동부기업(둔촌동),202007,2039
강동구,1049. 강일리버파크 10단지,202007,922
강동구,1050. 둔촌역 3번 출입구,202007,4643
강동구,1051. 양지시장 (용성약국앞) 입구,202007,1489
강동구,1052. 리싸이클시티,202007,308
강동구,1053. 동명근린공원 진입로 (아리수로),202007,367
강동구,1054. 말우물 어린이 공원,202007,292
강동구,1056. 강일리버파크 7~11단지,202007,481
강동구,1057. 능골근린공원,202007,810
강동구,1058. 고덕숲 아이파크 1,202007,1141
강동구,1059. 래미안 강동팰리스(102동),202007,1354
강동구,1060. 천일초교 사거리,202007,846
강동구,1061. 천호초교 입구 사거리(일주빌딩),202007,1166
강동구,1062. 고덕숲 아이파크 2,202007,439
강동구,1063.강동롯데캐슬퍼스트 아파트(관리동),202007,412
강동구,1064.중앙보훈병원역 1번출구,202007,191
강동구,1065.보훈병원 정문옆(중앙대영약국),202007,315
강동구,1066.생태공원앞 교차로(조명탑),202007,79
강동구,1067.한영중고앞사거리,202007,291
강동구,1068.명일파출소,202007,730
강동구,1069.강동경희대학교병원 입구,202007,303
강동구,1070.(시립)고덕평생학습관,202007,261
강동구,1071.명일근린공원공동체텃밭,202007,289
강동구,1073.SSTS 몰 앞,202007,820
강동구,1074.대명초교입구 사거리,202007,902
강동구,1075.천동초교 삼거리,202007,727
강동구,1076.전자랜드 길동점,202007,1337
강동구,1077.강동역 1번출구 앞,202007,1222
강동구,1078.둔촌사거리,202007,1507
강동구,1079.강일동입구교차로,202007,366
강동구,1080.엘웨딩,202007,588
강동구,1081.트레빌빌딩,202007,513
강동구,1082.중앙보훈병원역3번출구,202007,81
강동구,1083.광문고교사거리(아이파크),202007,297
강동구,1084. 윤선생빌딩(JYP사옥),202007,1718
강동구,1085.래미안 솔베뉴(고덕로),202007,422
강동구,1086.래미안 솔베뉴(구천면로),202007,469
강동구,1088.풍납사거리(강동),202007,776
강동구,1089.고덕 래미안힐스테이트(201동),202007,159
강동구,1090.상일동역 2번출구 앞,202007,1924
강동구,3539. 서원마을,202007,222
강북구,"1501. 미아역 3번,4번 출구 사이",202007,1924
강북구,1503. 이디야 커피 수유역점 앞,202007,3827
강북구,1504. 다이소 삼양시장점,202007,663
강북구,1506. 강북문화예술회관,202007,1267
강북구,1509. 서울북부수도사업소,202007,941
강북구,1510. 번동주공5단지 관리사무소 앞,202007,308
강북구,1511. 번동 금호어울림아파트102동앞,202007,307
강북구,1512. 강북중학교 앞,202007,2299
강북구,1513. 강북구청 뒷편,202007,332
강북구,1514. 강북구청 사거리 버스정류소 앞,202007,2336
강북구,1515. 송천동 주민센터,202007,848
강북구,1516. 우이초등학교 후문 옆,202007,815
강북구,1518. SK telecom(수유직영점) 앞,202007,772
강북구,1519. 세븐일레븐 수유장미원점 앞,202007,863
강북구,1520. 성실교회,202007,1366
강북구,1522. 월드전기조명인테리어(우이동),202007,564
강북구,1525. 미아동 복합청사,202007,502
강북구,1526. 수유동 채선당앞,202007,961
강북구,1527. 미아역 1번 출구 뒤,202007,897
강북구,1528. 삼각산동 주민센터,202007,474
강북구,1529. 미아동 한국전력공사,202007,1866
강북구,1530. 광산사거리,202007,2138
강북구,1531. 미아사거리 1번 출구,202007,2932
강북구,1532. 번3동 주민센터 교차로,202007,1160
강북구,"1533. 번동 주공3, 4단지 교차로",202007,2068
강북구,1534. 북서울 꿈의 숲 동문,202007,1378
강북구,1535. 효성인텔리안 앞,202007,2543
강북구,1536. 번동 두산위브 101동 옆,202007,1392
강북구,1537. 북한산 우이역,202007,955
강북구,1538. 솔밭공원역,202007,575
강북구,1539. 4.19민주묘지역,202007,1737
강북구,1540. 가오리역,202007,1054
강북구,1541. 삼양역,202007,313
강북구,1542. 삼양사거리역,202007,573
강북구,1543. 수유1동 주민센터,202007,828
강북구,1545. 솔샘역 2번 출구,202007,226
강북구,1546. 송천동우체국,202007,758
강북구,1547. 꿈의숲 롯데캐슬,202007,390
강북구,1548. 북서울 꿈의숲 서문,202007,741
강북구,1551.4.19탑 앞,202007,536
강북구,1552. 강북구청사거리(던킨도너츠 앞),202007,1105
강북구,1553.예수그리스도후기성도교회 앞,202007,389
강북구,1554.번동사거리,202007,481
강북구,1557.신창교,202007,1032
강북구,1558.강북문화정보도서관,202007,216
강북구,1560. 도봉세무서 앞,202007,866
강북구,1564.4.19민주묘지역 1번출구,202007,36
강북구,1565.대한병원앞,202007,888
강북구,1566.삼각산 아이언APT앞,202007,62
강북구,1568.4.19민주묘지 입구사거리,202007,705
강북구,1569.수유역2번출구,202007,1092
강북구,1571.북서울 꿈의 숲 입구,202007,456
강북구,1572.우이산 입구,202007,109
강북구,1573.현대성우아파트 옆,202007,196
강북구,1574.송중초등학교 옆,202007,441
강서구,1101. 개화동상사마을종점 버스정류장,202007,183
강서구,1102. 방화사거리 마을버스 버스정류장,202007,2280
강서구,1103. 방화역 4번출구앞,202007,2403
강서구,1105. 방화근린공원,202007,506
강서구,1106. 신방화사거리,202007,2487
강서구,1108. 공항시장역 2번출구 뒤,202007,1247
강서구,1109. 공항시장역 4번출구,202007,920
강서구,1110. 공항중학교앞,202007,1064
강서구,1111. 마곡엠밸리6_7단지 마곡중학교,202007,1514
강서구,1112. 마곡엠밸리4단지 정문,202007,4449
강서구,1113. 서남환경공원 버스정류장,202007,1992
강서구,1115. 등촌역 1번출구옆,202007,1985
강서구,1117. 스타벅스앞,202007,3486
강서구,1118. 증미역 3번출구뒤(등촌두산위브센티움오피스텔),202007,4653
강서구,1119. 염창동 한마음아파트앞(염창동 빛나는 음악학원앞),202007,2966
강서구,1120. 대림경동아파트앞,202007,2449
강서구,1121. 가양레포츠센터앞,202007,2022
강서구,1122. 황금내근린공원,202007,3922
강서구,1124. 발산역 6번 출구 뒤,202007,4681
강서구,1125. 명덕고교입구(영종빌딩),202007,3372
강서구,1126. 우장산역 1번출구옆(우장산아이파크105동앞),202007,1673
강서구,1127. 화곡역(에이스정형외과앞) 버스정류장,202007,1875
강서구,1128. 화곡역 6번출구,202007,1679
강서구,1129. 화곡역 1번 출구 앞,202007,1995
강서구,1130. 화곡본동시장 버스정류장,202007,900
강서구,1131. 꿈돌이공원 앞,202007,2595
강서구,1132. 등촌역 7번출구,202007,2184
강서구,1135. 강서구의회,202007,1663
강서구,1136. 등촌2파출소,202007,1104
강서구,1137. 등촌2동주민센터,202007,553
강서구,1139. 용문사 버스정류장,202007,1668
강서구,1140. 목동사거리 버스정류장,202007,1882
강서구,1141. 곰달래 문화복지센터 1-1,202007,1950
강서구,1145. 곰달래 문화복지센터 1-2,202007,1168
강서구,1146. 곰달래사거리,202007,1602
강서구,1148. 볏골공원,202007,1340
강서구,1149. 신방화역환승주차장,202007,4804
강서구,1150. 송정역 1번출구,202007,3713
강서구,1151. 마곡역1번출구,202007,1182
강서구,1152. 마곡역교차로,202007,3707
강서구,"1153. 발산역 1번, 9번 인근 대여소",202007,6166
강서구,1155. 기쁜우리복지관,202007,2184
강서구,1157. 강서구청,202007,3116
강서구,1158. 가양역 8번출구,202007,5895
강서구,1159. 서서울모터리움앞,202007,1680
강서구,1160. 양천향교역 7번출구앞,202007,6399
강서구,1161. 강서면허시험장앞,202007,534
강서구,1162. 공항초등학교건너편,202007,1554
강서구,1163. 방화동강서기동대앞,202007,1394
강서구,1165. 마곡중학교 후문,202007,988
강서구,1166. 강서구립등빛도서관,202007,3273
강서구,1167. 마곡수명산파크3단지 교차로,202007,2841
강서구,1168. 마곡엠밸리10단지 앞,202007,1272
강서구,1169. 염창역 1번 출구,202007,2062
강서구,1170. 강서구보건소 (삼성디지털 프라자),202007,1308
강서구,1171. 염창동 새마을금고 건너편 (모닝글로리),202007,2283
강서구,1172. 가양3동 주민센터,202007,1723
강서구,1173. 강서구청사거리(SH타워),202007,3942
강서구,1174. 강서구청사거리(부민병원),202007,1283
강서구,1175. 대한항공 인력개발센터,202007,1439
강서구,1177. 수명중?고교,202007,1748
강서구,1178. 개화산역 2번 출구,202007,1133
강서구,1180. 마곡엠밸리 15단지(1502동) 건너편,202007,1973
강서구,1181. 농수산식품공사 (강서지사),202007,297
강서구,1182. KBS 스포츠월드,202007,3587
강서구,1183. KC 대학교,202007,461
강서구,1184. 마곡13단지,202007,2363
강서구,1185. 등촌9단지,202007,1884
강서구,1186. 송정중학교,202007,872
강서구,1187. 강서수산물도매시장,202007,649
강서구,1188. 롯데중앙연구소,202007,354
강서구,1190. 마곡역 교차로(2번출구),202007,914
강서구,1191. 마곡역 교차로(NH농협),202007,2663
강서구,1192. 마곡수명산파크 209동 건너편,202007,1622
강서구,1193. 마곡센트럴타워 1차,202007,2342
강서구,1194. 센서텍㈜,202007,1080
강서구,1195. 코오롱One&Only타워,202007,1753
강서구,1196. 서울식물원(문화센터) 건너편,202007,703
강서구,1197. 엠펠리체 호텔 건너편,202007,3701
강서구,1198. LG 사이언스파크,202007,722
강서구,1199. 우장산역 3번출구,202007,2260
강서구,1200. 개화광역환승센터,202007,258
강서구,2701. 마곡나루역 5번출구 뒤편,202007,5853
강서구,2702. 마곡 엠밸리2단지,202007,1151
강서구,2703.서울도시가스 앞,202007,680
강서구,2704.홈플러스(강서점),202007,2482
강서구,2706.강서공업고등학교 앞,202007,1464
강서구,2707.한강아파트,202007,1280
강서구,2708.강서한강자이타워 앞,202007,1746
강서구,2709.강변아파트 310동 앞,202007,795
강서구,2710.라이품 공영주차장 앞,202007,1531
강서구,2711.가로공원공영주차장 1번 출구,202007,966
강서구,2712.화곡터널입구교차로,202007,346
강서구,2713.우장초등학교 앞,202007,751
강서구,2714.발산1동주민센터교차로,202007,1600
강서구,2715.마곡나루역 2번 출구,202007,4252
강서구,2716.롯데 R&D 센터,202007,273
강서구,2717.LG유플러스 마곡사옥,202007,1978
강서구,2718.마곡수명산파크1단지,202007,559
강서구,2719.마곡문화공원,202007,566
강서구,2720.힐스테이트에코,202007,2047
강서구,2721.등촌1-10단지 교차로,202007,1990
강서구,2722.마곡 문영비지웍스,202007,1765
강서구,2723.마곡 필네이처,202007,811
강서구,2724.(재)FITI시험연구원,202007,1113
강서구,2725.서울식물원 식물문화센터,202007,685
강서구,2727.서울식물원 잔디마당 앞,202007,1004
강서구,2728.마곡나루역 3번 출구,202007,2198
강서구,2729.넥센 유니버시티 앞,202007,863
강서구,2730.마곡메가박스 앞,202007,1143
강서구,2731.명덕고교,202007,564
강서구,2732.마곡수명산 1-2단지,202007,803
강서구,2733.마곡13단지 정문 앞,202007,1882
강서구,2735.마곡 공공청사,202007,999
강서구,2736.마곡엠벨리7단지 M타워,202007,333
강서구,2737.까치산역 3번 출구,202007,1256
강서구,2739.수명산파크1단지교차로,202007,1006
강서구,2740.마곡레포츠센터,202007,464
강서구,2741.마곡수명산파크5-6단지,202007,706
강서구,2742.강서구민올림픽체육센터,202007,569
강서구,2743.동신아파트 104동 앞,202007,755
강서구,2744.강서세무서 앞,202007,269
강서구,2745.수명초등학교,202007,445
강서구,2746.수명산파크 4단지 411동 앞,202007,548
관악구,2102. 봉림교 교통섬,202007,10264
관악구,2103. 신림동 우방아파트,202007,2057
관악구,2104. 사당역 5번출구,202007,1765
관악구,2105. 미성동 신림체육센터,202007,1714
관악구,2106. 난곡 새마을금고,202007,2327
관악구,2107. 도림천 신화교,202007,3359
관악구,2108. 은천치안센터,202007,1522
관악구,2109. 은천로입구 가로공원,202007,2898
관악구,2110. 조원동 미성아파트,202007,590
관악구,2111. 서울대입구역 1번출구,202007,1403
관악구,2112. 서울대입구역 마에스트로,202007,1169
관악구,2113. 관악동작견인차량보관소,202007,2556
관악구,2115. 관악농협농산물백화점,202007,1213
관악구,2116. 에이스에이존빌딩,202007,1163
관악구,2119. 중앙동 동진빌딩,202007,1356
관악구,2122. 낙성대로 입구,202007,1130
관악구,2127. 보성운수차고지 맞은편,202007,676
관악구,2128. 관악구청교차로,202007,681
관악구,2129. 낙성대 과학전시관,202007,738
관악구,2130. 영어마을 관악캠프,202007,463
관악구,2135. 신림역 5번출구,202007,1572
관악구,2136. 신림역 8번출구,202007,2908
관악구,2137. KT&G 관악지점,202007,683
관악구,2139. 서울신성초등학교,202007,1127
관악구,2140. 신림1교 교차로,202007,2457
관악구,2141. 미림여고입구 교차로,202007,188
관악구,2143. 서울산업정보학교,202007,420
관악구,2144. 난우길입구,202007,722
관악구,2145. 은천초등학교 육교,202007,833
관악구,2148. 낙성대역 3번출구 뒤,202007,851
관악구,2156. 농협 관악문성지점,202007,1132
관악구,2159. 인헌초교,202007,571
관악구,2160. 관악구 보건소,202007,482
관악구,2164. 관악우체국,202007,1273
관악구,2165. JK장평타워,202007,214
관악구,2167. 낙성대역 1번출구,202007,691
관악구,2169. 봉천역 2번출구,202007,1414
관악구,2170. 조원동서울본병원,202007,1271
관악구,2171. 서울대입구역 5번출구,202007,1769
관악구,2172. 나들목공원,202007,479
관악구,2173. 당곡사거리,202007,4904
관악구,2174. 삼성디지털프라자관악점,202007,976
관악구,2175. 신림동걷고싶은문화의거리입구,202007,1497
관악구,2176. 보라매공원 보도육교,202007,2686
관악구,2177. 신대방역 2번 출구,202007,7016
관악구,2178. 서울대학교 정문,202007,619
관악구,2179. 양녕로 입구,202007,1396
관악구,2180. 신림동주민센터,202007,6
관악구,2183. 동방1교,202007,6120
관악구,2184. 구암초등학교 버스정류장,202007,176
관악구,2185. 대학동 고시촌,202007,1201
관악구,2186.우리은행 낙성대역지점,202007,308
관악구,2187.현대시장사거리(신한은행),202007,747
관악구,2189.삼성서비스센터(관악점),202007,594
관악구,2190.도원맨션,202007,231
관악구,2191.대학동주민센터,202007,656
관악구,2195.은천교회,202007,701
관악구,2196.삼화페인트 봉천점,202007,372
관악구,2198.사랑의병원,202007,426
관악구,2199.신봉천주유소,202007,132
관악구,2200.관악문화원 건너편,202007,21
관악구,3304.낙성대역 5번 출구,202007,417
관악구,3305.낙성대역 8번 출구,202007,232
관악구,3306.서울신우초등학교,202007,65
관악구,3307.봉천고개 육교,202007,304
관악구,3310.영락고등학교,202007,225
관악구,3311.서울대입구역 4번 출구,202007,322
광진구,3500. 군자역2번출구,202007,2258
광진구,3501. 광진구청 앞,202007,2391
광진구,3502. 중곡역 1번출구,202007,881
광진구,3503. 광진유진스웰,202007,103
광진구,3504. 원일교회,202007,1629
광진구,3505. 신양초교앞 교차로,202007,1257
광진구,3506. 영동대교 북단,202007,1440
광진구,3507. 어린이회관,202007,847
광진구,3508. 화양사거리,202007,1440
광진구,3509. 세종사이버대학교,202007,2663
광진구,3510. 중곡SK아파트앞,202007,620
광진구,3516. 구의아리수정수센터앞,202007,763
광진구,3517. 용마사거리,202007,2130
광진구,3518. 군자역 7번출구뒤,202007,3460
광진구,3520. 광진경찰서,202007,2121
광진구,3521. 현대홈타운 뒷길,202007,273
광진구,3523. 건국대학교 과학관(이과대) 앞,202007,588
광진구,3524. 세종대학교,202007,118
광진구,3528. 광진정보도서관,202007,1121
광진구,3529. 어린이대공원정문,202007,935
광진구,3533. 건대입구역 사거리(롯데백화점),202007,6333
광진구,3534. 건대입구역 5번출구 뒤,202007,2919
광진구,3535. 중곡사거리(국민은행),202007,2166
광진구,3536. 중앙농협(자양동),202007,2125
광진구,3537. 아차산 휴먼시아 아파트 옆,202007,551
광진구,3541. 커먼그라운드,202007,3308
광진구,3542. 래미안 구의파크 스위트,202007,1538
광진구,3543. 세종대학교(학술정보원),202007,354
광진구,3563.구의7단지현대아파트,202007,75
광진구,3564.나루마당,202007,44
광진구,3566.우성4차아파트,202007,589
광진구,3569.건대병원후문,202007,1422
광진구,3570.구의역 리버비스타 오피스텔,202007,1365
광진구,3571.화양 APT(횡단보도 옆),202007,1397
광진구,3573.광나루안전체험관,202007,602
광진구,3575.자양사거리 (LG 유플러스),202007,1140
광진구,3577.신자초교 입구 교차로(SC제일은행),202007,814
광진구,3578.중곡동 파크웨이빌딩,202007,581
광진구,3579.광진 캠퍼스시티,202007,1128
광진구,3581.광진광장,202007,469
광진구,3582.화양동 우체국,202007,547
광진구,3586.군자역 비채온 오피스텔,202007,994
광진구,3587.우성식품 앞,202007,535
광진구,3588.세종대학교(영실관),202007,206
광진구,500. 어린이대공원역 3번출구 앞,202007,2431
광진구,501. 광진구의회 앞,202007,1347
광진구,502. 뚝섬유원지역 1번출구 앞,202007,15613
광진구,504. 신자초교입구교차로,202007,1518
광진구,505. 자양사거리 광진아크로텔 앞,202007,3027
광진구,515. 광양중학교 앞,202007,1297
광진구,516. 광진메디칼 앞,202007,1149
광진구,539. 군자교교차로,202007,2243
광진구,540. 군자역 7번출구 베스트샵 앞,202007,1735
광진구,542. 강변역 4번출구 뒤,202007,3342
광진구,543. 구의공원(테크노마트 앞),202007,216
광진구,544. 광남중학교,202007,1543
광진구,546. 잠실대교북단 교차로,202007,1601
광진구,548. 자양나들목,202007,2132
광진구,549. 아차산역 3번출구,202007,2450
광진구,551. 구의삼성쉐르빌 앞,202007,3000
광진구,552. 대림아크로리버 앞,202007,953
광진구,553. 중곡 성원APT 앞,202007,1594
광진구,555. 구의3동주민센터,202007,638
광진구,571. 어린이대공원역6번출구,202007,731
광진구,572. 국립정신 건강센터 앞,202007,546
광진구,573. 구의문주차장 앞,202007,1640
광진구,574. 아차산역4번출구,202007,2081
광진구,575. 중앙농협 중곡지점,202007,521
광진구,576. 광나루역 3번 출구,202007,2090
광진구,577. 광진청소년수련관,202007,2008
광진구,584. 광진광장 교통섬,202007,1947
광진구,588. 뚝섬 유원지역,202007,2218
광진구,590. 건국대학교 (입학정보관),202007,1701
광진구,591. 건국대학교 (행정관),202007,224
광진구,592. 건국대학교 학생회관,202007,1152
광진구,593.자양중앙나들목,202007,2807
구로구,1901. 신도림동주민센터 앞,202007,1763
구로구,1904. 도림천역 1번 출구 앞,202007,1804
구로구,1906. 신도림역 1번 출구 앞,202007,6489
구로구,1907. 구일우성(아) 육교 밑,202007,1180
구로구,1908. 해원리바파크 육교 밑,202007,1609
구로구,1910. 낙원교회 맞은편,202007,8
구로구,1911. 구로디지털단지역 앞,202007,5899
구로구,1912. 한신휴아파트 앞,202007,1796
구로구,1913. 구로리공원,202007,1127
구로구,1914. 대림역4번출구,202007,2010
구로구,1916. 구로중학교앞,202007,549
구로구,1920. 서울미래초등학교 사거리,202007,1388
구로구,1924. 삼부르네상스파크빌,202007,767
구로구,1925. 동양미래대학교 정문 옆,202007,4141
구로구,1928. 고척스카이돔구장 광장,202007,775
구로구,1929. 고척근린공원 고척도서관 앞,202007,774
구로구,1930. 개봉지구대 개봉치안센터,202007,740
구로구,1931. 개봉역(북측광장),202007,1734
구로구,1933. 개봉푸르지오아파트 상가,202007,1399
구로구,1936. 개봉역 1번 출구 자전거보관서쪽,202007,982
구로구,1937. 한진아파트 입구,202007,1127
구로구,1941. 오류동역 2번출구,202007,1503
구로구,1943. 온수역 북측,202007,543
구로구,1946. 구로역 광장,202007,2147
구로구,1951. 천왕이펜하우스 4단지 상가 앞,202007,266
구로구,1952. 천왕연지타운2단지 앞,202007,1770
구로구,1953. 천왕역 4번출구 뒤,202007,1236
구로구,1955. 디지털입구 교차로,202007,2941
구로구,1956. 도야미리숯불갈비 앞,202007,1247
구로구,1957. 구일고등학교 정문,202007,1588
구로구,1958. 강서수도사업소민원센터,202007,1436
구로구,1959. 구로구의회 앞,202007,928
구로구,1960. 화광신문사 앞,202007,2378
구로구,1961. 신도림테크노근린공원,202007,4345
구로구,1962. 가리봉동주민센터,202007,1264
구로구,1964. 원메디타운 앞,202007,1286
구로구,1965. 삼환로즈빌아파트 105동 옆,202007,1064
구로구,1966. 한마을아파트 정문상가,202007,1381
구로구,1967. 참새공원(백곡경노당),202007,389
구로구,1968. 동인오피스텔 건너편 소공원,202007,492
구로구,1969. 궁동생태공원,202007,248
구로구,1971. 오정초교 앞 보도육교,202007,471
구로구,1973. 오리로와 서해안도로 교차로 앞,202007,502
구로구,1974. 신도림2차e편한세상아파트 203동 앞,202007,1271
구로구,1975. 대림역 1번 출입구 밑,202007,1338
구로구,1976. 남구로역 5번 출입구 앞,202007,438
구로구,1977. 천왕역 1번 출입구 앞,202007,1505
구로구,1979. 구로1동우체국 앞,202007,253
구로구,1981. 천왕이펜하우스5단지 앞,202007,748
구로구,1983. 구로동롯데아파트,202007,1451
구로구,1984. 구로구청,202007,1469
구로구,1985. 구로도서관,202007,2927
구로구,1986. 태평양물산빌딩,202007,2497
구로구,1987. 개봉아이파크아파트 앞,202007,1696
구로구,1988. 고척LIGA아파트 앞,202007,2251
구로구,1991. 오류동역 맞은편,202007,1653
구로구,1992. 구로구배드민턴실내체육관 앞,202007,280
구로구,1993. 금강수목원아파트 앞,202007,683
구로구,1994. 삼성전자 물류센터 앞,202007,983
구로구,1996. 구일역 1번 출입구 앞,202007,2642
구로구,1998. 고척교 교차로,202007,1639
구로구,1999. 수궁동 성당 주변,202007,576
구로구,2000. 신도림4차 e편한세상 아파트 1109동 앞,202007,1509
구로구,2801. 대륭포스트타워1차,202007,1828
구로구,2804.항동지구 6단지 602동 앞,202007,381
구로구,2805.구로자원순환센터,202007,162
구로구,2806.항동지구 4단지 입구,202007,288
구로구,2807.항동지구 1단지 105동 앞,202007,447
구로구,2808.항동지구 2단지 202동 앞,202007,368
구로구,2809.항동지구 11단지 1103동 앞,202007,271
구로구,2810.항동지구 3단지 311동 앞,202007,323
구로구,2812.항동프라자,202007,320
구로구,2813.항동지구 3단지 302동 앞,202007,340
구로구,2814.항동지구 10단지 1001동 앞,202007,639
구로구,2815.항동지구 7단지 정문,202007,300
구로구,2816.항동지구 8단지 803동옆(주차장입구),202007,263
구로구,2817.천왕이펜하우스5단지 앞,202007,351
구로구,2818.천왕이펜하우스3단지 앞,202007,368
구로구,2819.하늘숲초등학교 앞,202007,517
구로구,2820.신세기아파트 앞,202007,751
구로구,2821.청구아파트 앞,202007,898
구로구,2822.제니스스포츠 앞,202007,202
구로구,2823.중앙유통단지 앞,202007,462
구로구,2824.미래사랑어린이공원 앞,202007,1187
구로구,2825.초롱타운 앞,202007,408
구로구,2826.가마산지하보도 옆,202007,250
금천구,1804. 독산역 2번출구 자전거주차장,202007,1440
금천구,1805. 서울디지털운동장 앞,202007,813
금천구,1806. 에이스하이엔드타워9차 앞,202007,753
금천구,1808. 에이스하이엔드타워8차 앞,202007,940
금천구,1809. LG전자 별관동(호서대 벤처타워 맞은편),202007,470
금천구,1812. 갑을그레이트밸리 앞,202007,889
금천구,1814. 두산위브아파트 옆 상가건물 앞,202007,901
금천구,1816. 금천폭포공원 앞,202007,354
금천구,1819. 금천구청 앞 자전거거치대,202007,790
금천구,1820. 신한은행 시흥대로금융센터지점,202007,458
금천구,1821. 홈플러스 시흥점 맞은편 다비치안경 앞,202007,880
금천구,1822. 서울 시흥동우체국 앞,202007,1249
금천구,1823. 상신정비공업 앞,202007,540
금천구,1824. 독산근린공원 입구,202007,2217
금천구,1825. 한신아파트 앞 육교 아래,202007,720
금천구,1826. 한신코아 앞,202007,610
금천구,1827. 독산보도육교 앞 자전거 보관소,202007,3563
금천구,1828. 한양수자인아파트 앞,202007,814
금천구,1829. 홈플러스 금천점 앞,202007,1301
금천구,1830. 빅마켓 금천점 앞,202007,1274
금천구,1831. 메이퀸웨딩컨벤션 앞,202007,558
금천구,1833. 독산역 1번출구 앞 자전거보관소,202007,1426
금천구,1834. 월드메르디앙 벤처센터 2차,202007,1791
금천구,1835. STX V타워,202007,889
금천구,1836. 금천구립 독산도서관,202007,99
금천구,1839. 수출의 다리 아래,202007,893
금천구,1840. 솔브레인이엔지 뒤편,202007,704
금천구,1841. 가산동 주민센터,202007,1161
금천구,1842. 한울중학교,202007,371
금천구,1843. 독산고등학교,202007,465
금천구,1845. 롯데캐슬골드파크1차 서문,202007,766
금천구,1846. 롯데캐슬골드파크1차 동문,202007,1090
금천구,1847. 독산주공 14단지 버스정류소,202007,335
금천구,1848. 벽산 디지털밸리 5차,202007,821
금천구,1849. 대륭포스트타워5차,202007,397
금천구,1850. 코오롱테크노밸리,202007,345
금천구,1851. 가산디지털단지 7번출구,202007,2078
금천구,1852. 혜명양로원 담장 옆,202007,437
금천구,1853. 서울디자인직업전문학교 앞,202007,364
금천구,1854. 가산아네스트 오피스텔 앞,202007,753
금천구,1855. 성지아파트 옆 도로변,202007,172
금천구,1856. 모두의학교,202007,798
금천구,1857. 주공14단지,202007,399
금천구,1858. 석수역1번출구 앞 (SK주유소),202007,635
금천구,1859. 대륭테크노타운 18차,202007,647
금천구,1861.IBK기업은행 석수역 지점 앞,202007,180
금천구,1862.스타즈호텔독산 빌딩 앞,202007,764
금천구,1863.위너스 스포츠클럽 골프연습장옆,202007,292
금천구,1864.산호시티빌 옆,202007,215
금천구,1865.금천구청앞(M빌딩),202007,271
금천구,1866.서울안천초등학교 옆,202007,267
금천구,1867.대륭포스트타워6차 앞,202007,1411
금천구,1868.우리은행 시흥남자동화점 앞,202007,273
금천구,1869.롯데캐슬골드파크3차 301동 앞,202007,539
금천구,1870.독산3동주민센터 앞,202007,358
노원구,1601. 석계역 문화광장 내 자전거 보관소,202007,4331
노원구,1602. 광운대역 앞,202007,1682
노원구,1603. 롯데캐슬 102동 코너(월계주유소건너),202007,2310
노원구,1605. 헬스케어,202007,2630
노원구,1606. 태릉입구역 3번출구,202007,1449
노원구,1608. 공릉역 1번 출구 앞,202007,5630
노원구,1610. 화랑대역 2번출구 앞,202007,3569
노원구,1611. 과기대 입구(우),202007,4079
노원구,1616. 하계2동 공항버스정류장 옆,202007,4207
노원구,1617. 하계동 중평어린이공원 앞,202007,3150
노원구,1619. 중계동 하나프라자빌딩 앞(중1-1),202007,2516
노원구,1620. 중계동 노원구민체육센터 옆(중1-2),202007,1889
노원구,1625. 상계역(4번출구),202007,4640
노원구,1628. 노일초등학교 앞,202007,1222
노원구,1630. 수연빌딩 앞,202007,1815
노원구,1634. 당고개공원 대여소,202007,1729
노원구,1635. 상계3.4동 주민센터 대여소,202007,485
노원구,1636. 백병원 사거리 농협은행 앞,202007,3545
노원구,1637. KT 노원점 건물 앞,202007,3791
노원구,1639. 희성오피앙,202007,1774
노원구,1640. 한내근린공원 북측,202007,1823
노원구,1641. 한내근린공원 남측,202007,834
노원구,1642. 서울여대 남문,202007,802
노원구,1643. 태릉입구역 8번출구,202007,2779
노원구,1646. 삼육대 입구,202007,695
노원구,1650. 중계근린공원내,202007,4165
노원구,1651. 맥도날드 상계점 앞,202007,1299
노원구,1652. 파르코 앞,202007,583
노원구,1653. 노원역1번출구,202007,5175
노원구,1654. 당고개입구 오거리,202007,1301
노원구,1655. 공릉1단지아파트,202007,3394
노원구,1656. 중앙하이츠 아파트 입구,202007,2266
노원구,1657. 노원구청,202007,1400
노원구,1659. 중계동 을지중학교,202007,1388
노원구,1660. 서울시립과학관,202007,599
노원구,1661. 당현천근린공원,202007,1042
노원구,1662. 노원역7번출구,202007,1847
노원구,1663. 동해문화예술관앞,202007,2816
노원구,1664. 노해근린공원내,202007,453
노원구,1665. 양지근린공원앞,202007,1076
노원구,1666. 노원소방서인근,202007,1973
노원구,1667. 중계중학교,202007,1863
노원구,1668. 중계역 6번출구,202007,2924
노원구,1669. 중계역 3번출구,202007,2286
노원구,1670. 노원경찰서교차로,202007,1797
노원구,1671. 인덕대학교,202007,1270
노원구,1672. 상계동수락리버시티,202007,777
노원구,1673. 노원역 5번출구,202007,4247
노원구,1674. 서울북부고용센터앞,202007,2511
노원구,1675. 월계문화체육센터,202007,93
노원구,1677. 육군사관학교 앞,202007,1657
노원구,1678. 성서대학교 밀알관,202007,300
노원구,1679. 삼육대 도서관,202007,235
노원구,1680. 삼육대 제3과학관,202007,51
노원구,1681. 현대6차 아파트,202007,1229
노원구,1682. 중계종합사회복지관 교차로,202007,1222
노원구,1683. 노원문화예술회관,202007,1808
노원구,1684. 태릉입구역 5번출구,202007,3115
노원구,1685. 불암고등학교 앞 횡단보도,202007,928
노원구,1686. 온수골사거리(스타벅스앞),202007,3285
노원구,1688. 마들역 7번출구,202007,2284
노원구,1689. 마들역 3번출구,202007,1791
노원구,1690. 도봉운전면허시험장,202007,1779
노원구,1691. 노원정보도서관,202007,1085
노원구,1692. 온곡초교 교차로,202007,1306
노원구,1693. 원자력 병원,202007,464
노원구,1695.월계미륭아파트 정문,202007,536
노원구,1696.수락리버시티4단지,202007,523
노원구,1697.상계주공2단지 219동,202007,1231
노원구,1700.상계보람아파트 202동,202007,885
노원구,2901.공릉동풍림아파트 101동,202007,1096
노원구,2902.공릉풍림아파트 108동,202007,1403
노원구,2903.월계초안아파트 1단지,202007,747
노원구,2904.중계3차청구아파트,202007,951
노원구,2905.중계주공6단지,202007,471
노원구,2907. 월계중학교,202007,422
노원구,2908. 광운대학교 중앙도서관,202007,842
노원구,2909. 석계역 3번 출구,202007,1363
노원구,2910.도깨비시장,202007,1976
노원구,2911.상계역중앙시장,202007,1277
노원구,2912.대진고등학교,202007,1566
노원구,2913.상계8동 주민센터,202007,1822
노원구,2915.서울과학기술대학교(어학교육원),202007,999
노원구,2917.신창중학교 후문 맞은편 버스정류장,202007,769
노원구,2919.등나무 근린공원(시립북서울미술관 앞),202007,2239
노원구,2920.상계중학교(당현2교사거리),202007,660
노원구,2921.중계역 2번출구,202007,1043
도봉구,1702. 녹천역 1번출구 앞,202007,836
도봉구,1703. 도봉산광역환승센터앞,202007,617
도봉구,1705. 도봉구청 정문앞,202007,1695
도봉구,1706. 기업은행 앞,202007,1201
도봉구,1707. 도봉구민회관,202007,1354
도봉구,1708. 보건소사거리(다비치안경창동점),202007,2188
도봉구,1709. 쌍문역4번출구 주변,202007,1564
도봉구,1713. 쌍문동 이안아파트 앞,202007,741
도봉구,1714. 도봉문화정보도서관 삼거리,202007,216
도봉구,1715. 서울특별시교육청도봉도서관,202007,1280
도봉구,1716. 하나로마트 창동점,202007,2772
도봉구,1717. 시립창동운동장 입구,202007,495
도봉구,1719. 신도봉사거리 버스정류장,202007,780
도봉구,1720. 도봉구청 옆(중랑천변),202007,3285
도봉구,1721. 창동역 2번출구,202007,3574
도봉구,1722. 창동청소년수련관,202007,1189
도봉구,1723. 방학동학마을도서관,202007,732
도봉구,1725. 창1동주민센터,202007,619
도봉구,1726. 삼익세라믹아파트교차로,202007,1357
도봉구,1727. 서울도봉초등학교인근,202007,503
도봉구,1728. 서울북부지방법원,202007,418
도봉구,1729. 파리바게트앞,202007,1212
도봉구,1730. 도봉산역 교차로 앞,202007,350
도봉구,1731. 도봉고등학교 맞은편,202007,348
도봉구,1732. 우리은행 앞,202007,971
도봉구,1733. 방학사거리 (봄마당 앞),202007,1835
도봉구,1734. 쌍문현대1차아파트 108동 앞,202007,1193
도봉구,"1735. 도봉역 1,2번 출구사이 건너편",202007,1011
도봉구,1736. 버스정류장 앞,202007,775
도봉구,1737. 하나은행 (창동점),202007,2534
도봉구,1738. 창동주공17단지 상가앞,202007,1994
도봉구,1741. 제일강산수산입구,202007,2543
도봉구,1742. 북한산 코오롱 하늘채,202007,1630
도봉구,1743.창동19단지아파트 관리사무소앞,202007,771
도봉구,1744.KT방학지사 앞,202007,808
도봉구,1746. 다이소방학점 앞,202007,354
도봉구,1748. 피자헛 앞(도봉병원 옆),202007,531
도봉구,1749. ESA아파트 상가 앞,202007,1040
도봉구,1750. 창포원 남쪽 입구,202007,870
도봉구,1751. 창원초등학교 교차로,202007,360
도봉구,1752. 창동 주공 4단지 입구 옆,202007,597
도봉구,1754. 창동시장입구 사거리,202007,804
도봉구,1756.서울북부광역등기국,202007,252
도봉구,1757.솔밭공원역 1번출구 앞,202007,396
도봉구,1758.북서울교회 버스정류소 앞,202007,507
도봉구,1759.서울북부지방법원 앞,202007,466
도봉구,1761.방학중학교 앞,202007,582
도봉구,1762.북한산 한신휴플러스APT앞,202007,674
도봉구,1765.쌍문역 1번 출구(양산부인과 빌딩),202007,881
도봉구,1767.태양중앙교회 앞,202007,732
도봉구,1768.신동아타워 버스정류소,202007,620
도봉구,1770.도봉한신아파트 주변,202007,1096
도봉구,1771.성원APT버스정류소,202007,910
도봉구,1772.시립도봉노인복지관 버스정류소,202007,495
도봉구,1774.반석교회(쌍문동),202007,331
도봉구,1775.신원리베르텔 앞,202007,531
동대문구,600. 휘경2동 주민센터,202007,390
동대문구,601. 용신동주민센터,202007,1057
동대문구,602. 장안동 사거리,202007,3855
동대문구,604. 답십리초등학교 옆 공원,202007,928
동대문구,605. 신설동역8번출구,202007,1271
동대문구,606. 휘경공고앞,202007,1167
동대문구,607. 신이문역 2번출구,202007,927
동대문구,608. 전농삼성아파트,202007,292
동대문구,609. 제기2교,202007,2205
동대문구,610. 동대문중 교차로,202007,909
동대문구,612. 시립동부병원 앞 사거리,202007,1769
동대문구,613. 신설동역 10번출구 앞,202007,1839
동대문구,614. 용두동 사거리,202007,2157
동대문구,615. 용두동 래미안허브리츠아파트 앞,202007,1772
동대문구,616. 서울시립대 앞,202007,293
동대문구,617. 청솔우성아파트 앞,202007,1563
동대문구,621. 동대문중학교 옆,202007,368
동대문구,622. 전농사거리 교통섬,202007,1581
동대문구,623. 서울시립대 정문 앞,202007,2029
동대문구,624. 전농동 동아아파트 앞,202007,1566
동대문구,625. 답십리초등학교 앞(현대시장 옆),202007,2118
동대문구,626. 군자교 서측 녹지대,202007,1535
동대문구,627. 장안동삼거리 교통섬,202007,2067
동대문구,628. 휘봉고등학교 앞,202007,803
동대문구,630. 동대문구 보건소,202007,1929
동대문구,631. 답십리역 1번출구,202007,2726
동대문구,633. 청량리 기업은행 앞,202007,1750
동대문구,634. 외국어대 정문 앞,202007,3403
동대문구,635. 시조사 앞 (청량고정문 옆),202007,1955
동대문구,636. 세종대왕기념관 교차로,202007,900
동대문구,637. KAIST 경영대학 앞,202007,1218
동대문구,638. 서울시립대 정보기술관,202007,473
동대문구,639. 서울시립대 후문,202007,914
동대문구,640. KEB하나은행 청량리역지점,202007,943
동대문구,641. 용두역 4번출구,202007,2385
동대문구,642. 신답역 사거리,202007,704
동대문구,643. 동대문구민체육센터 (육교아래),202007,1680
동대문구,646. 장한평역 1번출구 (국민은행앞),202007,4075
동대문구,647. 신이문역 1번출구,202007,1102
동대문구,648. 장안동위더스빌옆,202007,2803
동대문구,650. 중랑교사거리,202007,3187
동대문구,652. 답십리 래미안엘파인아파트 입구,202007,900
동대문구,654. 전농동 텃골공원,202007,665
동대문구,656. 영휘원 교차로,202007,894
동대문구,657. 동대문롯데캐슬아파트 앞,202007,1357
동대문구,658. 촬영소 사거리,202007,1464
동대문구,659. 제기역1번출구,202007,1953
동대문구,660. 동의보감타워,202007,1146
동대문구,661. 경희대학교 청운관,202007,1297
동대문구,663. 외대앞역 4번출구,202007,2410
동대문구,664. 서울시립대 대학본부,202007,410
동대문구,665.이문동 쌍용아파트 정문,202007,815
동대문구,666.이문대성유니드아파트 앞,202007,519
동대문구,667.청량차도 육교 밑,202007,328
동대문구,668.서울축산농협(장안지점),202007,1898
동대문구,669.청계한신휴플러스앞 삼거리,202007,883
동대문구,670.삼육서울병원 버스정류장,202007,1555
동대문구,671.대광빌딩,202007,259
동대문구,672.대광고등학교,202007,351
동대문구,673.안암골벽산아파트(후문),202007,820
동대문구,674.고대앞사거리 교통섬,202007,897
동대문구,675.성복교회 앞 (장평교 아래),202007,1121
동대문구,676.FITI시험연구원 앞,202007,608
동대문구,677.청량리역 4번 5번출구 사이,202007,1132
동대문구,678.장안힐스테이트(아) 앞,202007,1065
동대문구,679.전농SK아파트 앞,202007,360
동대문구,680.꿈마루어린이도서관 앞,202007,1644
동대문구,681.서울특별시 동부교육지원청(육교),202007,128
동작구,2002. 노들역 1번출구,202007,4731
동작구,2003. 사육신공원앞,202007,1853
동작구,2007. 유한양행앞,202007,1495
동작구,2008. 노량진근린공원 대방공원,202007,448
동작구,2009. 보라매역 8번출구,202007,910
동작구,2012. 녹십초요양병원앞,202007,647
동작구,2013. 장승배기역 5번출구,202007,1910
동작구,2015. 신대방삼거리역 6번출구쪽,202007,2490
동작구,2016. 신대방삼거리역 3번출구쪽,202007,2050
동작구,2020. 장승배기역2번출구뒷편쪽,202007,920
동작구,2024. 상도역 1번출구,202007,1207
동작구,2025. 흑석역 1번출구,202007,4401
동작구,2026. 흑석역 4번출구,202007,999
동작구,2027. 중앙대학교 정문,202007,1001
동작구,2032. 이수역 11번출구쪽,202007,1958
동작구,2033. 사당동 아르테스 웨딩앞,202007,1305
동작구,2034. 사당역 7번출구쪽,202007,1595
동작구,2036. 정금마을 마을버스정류장,202007,854
동작구,2037. 동작역 5번출구 동작주차공원,202007,1119
동작구,2038. 동작역 7번출구,202007,267
동작구,2040. 비계 버스정류소,202007,408
동작구,2041. 사당중학교 버스정류소,202007,459
동작구,2048. 삼일초등학교 인근,202007,795
동작구,2050. 노량진역 5번출구,202007,3260
동작구,2054. 삼익아파트,202007,1467
동작구,2056. 동작구민 체육센터,202007,954
동작구,2057. 상도 아이파크 아파트,202007,540
동작구,2058. 노량진동 맥도널드앞,202007,2732
동작구,2059. 보라매공원 정문,202007,1957
동작구,2060. 남성역3번출구 뒤,202007,1619
동작구,2061. 한강 현대아파트 건너편,202007,212
동작구,2062. 사당새마을금고,202007,476
동작구,2063. 대방역 4번출구,202007,1834
동작구,2064. 흑석한강푸르지오 106동앞,202007,321
동작구,2065. 서울시여성가족재단,202007,912
동작구,2066. 양문교회 앞,202007,1854
동작구,2067. LG전자 베스트? 대리점 앞,202007,1279
동작구,2068. 총신대 앞(육교),202007,177
동작구,2069. 숭실대 입구역3번 출구 앞,202007,890
동작구,2070. 노량진역 2번 출구 앞,202007,2069
동작구,2071. 대림아파트 후문 상가 옆,202007,342
동작구,2073.동작상떼빌 103동 앞,202007,1
동작구,2076.노들나루공원 입구,202007,2306
동작구,2077.노들역 3번출구,202007,866
동작구,2078.흑석 아크로리버하임(103동),202007,249
동작구,2079.중앙대학교 정문,202007,116
동작구,2080.빕스 대방점 앞,202007,152
동작구,2081.대방1차 e편한세상 앞,202007,681
동작구,2082.7호선 이수역7번출구,202007,424
동작구,2083.흑석롯데캐슬에듀포레(107동),202007,316
동작구,2084.e편한세상 상도노빌리티 앞,202007,480
동작구,2085.강남중학교 앞,202007,495
동작구,2086.삼일수영장 앞,202007,404
동작구,2088.상도중앙하이츠빌 입구,202007,300
동작구,2089.사당역10번출구(금강빌딩),202007,714
동작구,2090.기아자동차 사당점 앞,202007,718
동작구,2091.이수역9번출구(맥도날드),202007,574
동작구,2092.흑석한강푸르지오(110동),202007,111
동작구,2093.상도SH빌아파트 입구,202007,59
동작구,2094.숭실대학교(중문),202007,121
동작구,2095.경문고등학교 앞,202007,394
동작구,2096.서울특별시 동작관악교육지원청,202007,41
동작구,237. 보라매 두산위브 건너편,202007,1690
마포구,101. (구)합정동 주민센터,202007,883
마포구,102. 망원역 1번출구 앞,202007,3487
마포구,103. 망원역 2번출구 앞,202007,2517
마포구,104. 합정역 1번출구 앞,202007,1683
마포구,105. 합정역 5번출구 앞,202007,1260
마포구,106. 합정역 7번출구 앞,202007,4958
마포구,107. 신한은행 서교동금융센터점 앞,202007,2780
마포구,108. 서교동 사거리,202007,1675
마포구,109. 제일빌딩 앞,202007,2021
마포구,111. 상수역 2번출구 앞,202007,1522
마포구,112. 극동방송국 앞,202007,1195
마포구,113. 홍대입구역 2번출구 앞,202007,3942
마포구,114. 홍대입구역 8번출구 앞,202007,3560
마포구,118. 광흥창역 2번출구 앞,202007,1641
마포구,119. 서강나루 공원,202007,2277
마포구,120. 신수동 사거리,202007,442
마포구,121. 마포소방서 앞,202007,1032
마포구,122. 신성기사식당 앞,202007,1159
마포구,124. 서강대 정문 건너편,202007,1168
마포구,125. 서강대 남문 옆,202007,504
마포구,126. 서강대 후문 옆,202007,1307
마포구,127. 현대벤처빌 앞,202007,383
마포구,129. 신촌역(2호선) 6번출구 옆,202007,1157
마포구,130. 신촌역(2호선) 7번출구 앞,202007,2078
마포구,136. 대흥동 주민센터,202007,200
마포구,142. 아현역 4번출구 앞,202007,621
마포구,143. 공덕역 2번출구,202007,1260
마포구,144. 공덕역 8번출구,202007,3913
마포구,145. 공덕역 5번출구,202007,1252
마포구,146. 마포역 2번출구 뒤,202007,3268
마포구,147. 마포역 4번출구 뒤,202007,3083
마포구,148. 용강동 주민센터 앞,202007,2297
마포구,150. 서강대역 2번출구 앞,202007,1186
마포구,151. 망원1동주민센터,202007,2854
마포구,152. 마포구민체육센터 앞,202007,10258
마포구,153. 성산2교 사거리,202007,2246
마포구,154. 마포구청역,202007,3048
마포구,155. 가좌역1 번출구 뒤,202007,1421
마포구,156. 서울서부지방법원 앞,202007,1053
마포구,157. 애오개역 4번출구 앞,202007,1602
마포구,181. 망원초록길 입구,202007,494
마포구,182. 망원2빗물펌프장 앞,202007,3654
마포구,183. 하늘채코오롱아파트 건너편,202007,2589
마포구,184. SK망원동주유소 건너편,202007,2185
마포구,185. 마포 신수공원 앞,202007,1244
마포구,186. 월드컵공원,202007,4048
마포구,199. 서울 월드컵 경기장,202007,1027
마포구,3002.벽산상암스마트큐브,202007,1974
마포구,3003.래미안신공덕3차아파트,202007,49
마포구,3005.마포구청 청사내,202007,228
마포구,3006. 상암월드컵파크5단지(상암중학교),202007,197
마포구,3007.MBC 앞,202007,599
마포구,3008.DMC역7번출구,202007,215
마포구,3009.서교동사거리(신),202007,1176
마포구,3010.홍대입구역 3번출구,202007,2122
마포구,3011.경의선(노고산동),202007,916
마포구,400. 상암한화오벨리스크 1차 앞,202007,1040
마포구,401. 상암월드컵파크 10단지 앞,202007,1059
마포구,402. 상암월드컵파크 9단지 앞,202007,1139
마포구,403. 부엉이공원 앞,202007,569
마포구,405. DMC빌 앞,202007,608
마포구,406. 상암월드컵파크 7단지 앞,202007,738
마포구,407. 마포구 육아종합지원센터,202007,730
마포구,408. LG CNS앞,202007,759
마포구,409. 누리꿈스퀘어 옆,202007,1970
마포구,410. 상암중학교 옆,202007,380
마포구,411. DMC홍보관,202007,1231
마포구,412. DMC산학협력연구센터 앞,202007,1569
마포구,413. 상암월드컵파크 3단지 후문,202007,599
마포구,414. 상암동주민센터 옆,202007,1570
마포구,415. DMC역 9번출구 앞,202007,2124
마포구,416. 상암월드컵파크 1단지 교차로,202007,679
마포구,417. DMC역 2번출구 옆,202007,1638
마포구,418. 월드컵경기장역 3번출구 옆,202007,3267
마포구,419. 홈플러스 앞,202007,2599
마포구,420. 서울시 공공자전거 상암센터,202007,1616
마포구,421. 마포구청 앞,202007,2256
마포구,422. 문화비축기지,202007,254
마포구,424. 롯데하이마트 (상암월드컵점),202007,519
마포구,425. DMC첨단산업센터,202007,610
마포구,426. 서울신용보증재단,202007,1747
마포구,427. 성산시영아파트,202007,1516
마포구,432. 마포중앙도서관,202007,511
마포구,436. 이대역 5번출구,202007,271
마포구,437. 대흥역 1번출구,202007,1193
마포구,438. 성산2-1 공영주차장,202007,2036
마포구,439. 마포어린이공원,202007,2538
마포구,440. 하늘공원 입구,202007,973
마포구,487.신석초교앞 교차로 교통섬,202007,1182
마포구,489.구룡근린공원,202007,189
마포구,490.가온문화공원,202007,733
마포구,491.월드컵파크 4단지,202007,226
마포구,492.성산시영아파트 후문,202007,928
마포구,493.홍대입구역 6번출구,202007,974
마포구,495.염리초등학교 앞,202007,849
마포구,497.합정동주민센터 앞,202007,1321
마포구,498.연남동주민센터 앞,202007,1389
서대문구,110. 사천교,202007,607
서대문구,115. 마스타 빌딩 앞,202007,1009
서대문구,116. 일진아이윌아파트 옆,202007,1842
서대문구,117. 홍은사거리,202007,3864
서대문구,123. 문화촌 공원,202007,2821
서대문구,128. 신촌역(2호선) 1번출구 옆,202007,1535
서대문구,131. 증산2교,202007,3400
서대문구,133. 해담는다리,202007,2449
서대문구,134. 연세로 명물길,202007,1006
서대문구,135. 명물길 원형무대 앞,202007,823
서대문구,137. NH농협 신촌지점 앞,202007,340
서대문구,138. 신촌동 제1공영주차장 앞,202007,705
서대문구,139. 연세대 정문 건너편,202007,396
서대문구,140. 이화여대 후문,202007,646
서대문구,141. 연대 대운동장 옆,202007,368
서대문구,158. 독립문 어린이 공원,202007,537
서대문구,159. 이대역 4번 출구,202007,195
서대문구,160. 북아현동 가구거리,202007,536
서대문구,161. 무악재역1번 출구,202007,389
서대문구,162. 봉원고가차도 밑,202007,562
서대문구,163. 명지전문대학교 정문 앞,202007,393
서대문구,164. 북가좌1동 주민센터,202007,525
서대문구,165. 중앙근린공원,202007,1573
서대문구,166. 가재울 초등학교,202007,2423
서대문구,167. 연가초등학교 옆,202007,370
서대문구,169. 북가좌 삼거리,202007,628
서대문구,170. 가재울 뉴타운 주유소 옆,202007,1381
서대문구,171. 임광빌딩 앞,202007,716
서대문구,173. 서대문역 8번출구 앞,202007,755
서대문구,175. 홍연2교옆,202007,2707
서대문구,176. 명지대학교 도서관,202007,1997
서대문구,177. 북가좌 초등학교,202007,766
서대문구,178. 증산3교 앞,202007,1399
서대문구,179. 가좌역 4번출구 앞,202007,1365
서대문구,180. 충정로역 7번출구 아래,202007,912
서대문구,188. 홍은동 정원여중 입구,202007,1260
서대문구,191. 서우빌딩(바른학원),202007,1260
서대문구,192. 연서어린이공원,202007,652
서대문구,194. 증산교 앞,202007,2133
서대문구,195. 모래내고가차도,202007,577
서대문구,196. 연희교차로 인근,202007,343
서대문구,198. 충정2교,202007,704
서대문구,3100. 북성초교,202007,254
서대문구,3101. 서대문구청,202007,1097
서대문구,3102. 연희삼거리,202007,851
서대문구,3103. 홍제삼거리 북측,202007,1142
서대문구,3104. e편한세상 신촌4단지 앞,202007,674
서대문구,3105. 홍은센트레빌 아파트 앞,202007,309
서대문구,3106. 홍남교 두바퀴쉼터,202007,2106
서대문구,3107. 연희초등학교 앞,202007,443
서대문구,3109.북한산더? 106동 앞,202007,217
서대문구,3110.홍은 현대아이파크 아파트 202동 앞,202007,575
서대문구,3111.무악재역 4번 출구,202007,182
서대문구,3112.독립문역 5번 출구,202007,90
서대문구,3113.독립문역사거리,202007,313
서대문구,3114.충정로역 3번 출구,202007,220
서대문구,3115.북아현 치안센터 인근,202007,403
서대문구,3116.신촌역 4번출구,202007,346
서대문구,3117.이화여대 인문관 인근,202007,149
서대문구,3119.연희 브라운스톤 아파트 앞,202007,693
서대문구,3120.DMC엘가아파트 앞,202007,662
서대문구,3121.가좌삼거리,202007,603
서대문구,3122.북가좌삼거리2,202007,343
서대문구,3123.DMC파크뷰자이1단지 110동 앞,202007,498
서대문구,3124.DMC센트럴아이파크아파트,202007,640
서대문구,3125.연희파크푸르지오아파트 앞,202007,285
서대문구,3126.남가좌동 제2공영주차장,202007,194
서대문구,3127.홍은2파출소 옆,202007,321
서대문구,3128.동신병원 맞은편,202007,450
서대문구,3129.DMC래미안e편한세상203동옆,202007,395
서대문구,3130.가재울사거리,202007,563
서대문구,3131.연가교 교차로,202007,601
서대문구,3132.홍제교,202007,247
서대문구,3133.핀란드 타워앞,202007,104
서대문구,3134.SK리쳄블(상수도사업본부),202007,305
서초구,2201. 본마을 정류소 앞,202007,221
서초구,2202.청계산입구역 1번출구,202007,1203
서초구,2203. 청계산입구역 2번출구,202007,291
서초구,2205. 내곡3단지 어린이공원 앞,202007,694
서초구,2206. 언남초등학교 앞,202007,1088
서초구,2207. 내곡파출소 뒤 정자,202007,151
서초구,2210. 반포1동 주민센터 앞,202007,459
서초구,2211. 서초구립반포도서관 앞,202007,985
서초구,2212.서초현대4차아파트 201동 맞은편,202007,516
서초구,2213. 고속터미널역 5번출구 앞,202007,1467
서초구,2214. 신반포역 2번출구 앞,202007,1475
서초구,2215. 반포종합운동장 입구,202007,875
서초구,2217.아크로리버뷰 부지 앞,202007,3098
서초구,"2219. 고속터미널역 8-1번, 8-2번 출구 사이",202007,6918
서초구,2220. 반포본동 주민센터 앞,202007,3890
서초구,2221.하나은행 방배동지점 앞,202007,1822
서초구,2222.사당역 12번출구 뒤,202007,2538
서초구,2223. 방배래미안 정문 앞,202007,443
서초구,2225.백석예술대학교 제3캠퍼스 앞,202007,188
서초구,2226. 신동아럭스빌아파트 앞,202007,222
서초구,2227.방배열린문화센터 앞,202007,821
서초구,2228.뒷벌공원 옆,202007,1836
서초구,2229.로고스교회 맞은 편,202007,433
서초구,2230.이수역 4번 출구,202007,2301
서초구,2231. 삼성타운(삼성생명) A동 맞은편,202007,1545
서초구,2233. 서초신동아1차아파트 옆,202007,593
서초구,2235.KT 서초지사 앞,202007,572
서초구,2237.서울남부터미널 대합실 입구,202007,997
서초구,2239.교대역 6번출구,202007,791
서초구,2241.양재전화국 사거리,202007,372
서초구,2242.양재역 11번 출구 앞,202007,889
서초구,2243.서울가정법원,202007,623
서초구,2244.교육개발원입구 교차로,202007,1486
서초구,2245.양재초등학교 맞은편,202007,515
서초구,2246. 서울시 품질시험소 앞,202007,707
서초구,2247.섬들근린공원,202007,1670
서초구,2248. 서초리슈빌S 글로벌 앞,202007,419
서초구,2249. 우솔초등학교 맞은편,202007,353
서초구,2250. 서초유치원 맞은편,202007,942
서초구,2251. 더케이호텔 입구(양재2),202007,963
서초구,2252. 하이브랜드 앞,202007,1409
서초구,2255.시민의숲역 1번출구 옆,202007,1931
서초구,2256.양재동 꽃시장 입구,202007,527
서초구,2257. 하나로클럽 양재점 맞은편,202007,257
서초구,2258.구룡사 삼거리,202007,378
서초구,2259. 잠원역 3번-4번 출구사이,202007,1122
서초구,2262. 한신16차아파트 119동 앞,202007,4993
서초구,2263. 바우뫼문화복지회관,202007,694
서초구,2264. 이수역 1번출구,202007,3101
서초구,2265. 이수고가차도 남단,202007,2428
서초구,2266. 서초역 3번출구,202007,849
서초구,2268. 서초4동주민센터,202007,610
서초구,2269. 주홍교 하부,202007,242
서초구,2270. 서초포레스타 7단지,202007,400
서초구,2271. 내방역 8번출구 앞,202007,997
서초구,2272. 교대입구 교차로,202007,292
서초구,2273. 일동제약 사거리,202007,1043
서초구,2274. 양재시민의숲역 3번출구,202007,1505
서초구,2275. 염곡치안센터 건너편,202007,111
서초구,2276. 영동1교 (양재천근린공원),202007,940
서초구,2277. 길마중4교 하부,202007,1075
서초구,2279. 교대역 5번출구뒤,202007,814
서초구,2280. 서울서초고용센터앞,202007,570
서초구,2281. 연세사랑병원신관앞,202007,497
서초구,2282. 방배래미안아트힐 101동앞,202007,276
서초구,2283. 그룹한빌딩옆,202007,214
서초구,2284. CJ오쇼핑앞,202007,203
서초구,2285. LH서초3단지 301동 맞은편,202007,601
서초구,2286. 탑성마을입구,202007,67
서초구,2287. 능안마을입구,202007,20
서초구,2288. 안골마을입구,202007,25
서초구,2289. 남태령역 2번출구,202007,164
서초구,2290. 서래마을파리15구공원앞,202007,1198
서초구,2292. 무지개아파트 앞,202007,322
서초구,2293. SPC 앞,202007,693
서초구,2294. 두상빌딩 앞,202007,1402
서초구,2297. 남부터미널역 1번출구,202007,638
서초구,2298. 래미안서초스위트앞,202007,561
서초구,2299. 한전아트센터 앞,202007,739
서초구,2501. 서초 포레스타5단지,202007,699
서초구,2502. 서초역1번출구 앞,202007,599
서초구,2503. 반포1동 서초빌딩 앞,202007,827
서초구,2504. 신사역 4번출구 뒤,202007,963
서초구,2505. 우성아파트사거리 (기업은행앞),202007,1177
서초구,2506. LG유플러스 (방배사옥),202007,323
서초구,2508. 양재이스타빌 앞,202007,1267
서초구,2509. KT반포지사,202007,455
서초구,2510. JW타워,202007,161
서초구,2511. 이수역 6번출구 앞,202007,1283
서초구,2514.사평역 2번출구,202007,131
서초구,2515.서초초등학교 후문,202007,414
서초구,2516.본마을 노인복지센터 앞,202007,120
서초구,2517.서초3교(효령로69길 방면),202007,79
서초구,2518.서초3교(효령로70길 방면),202007,246
서초구,2519.서초2교(사임당로 방면),202007,127
서초구,2520.서초1교 (진흥아파트 방면),202007,248
서초구,2521.서초 크로바타워 앞,202007,173
서초구,2523.뉴코아 킴스클럽 앞,202007,883
서초구,2524.반포쇼핑타운 8동 앞,202007,458
서초구,2525.반포쇼핑타운 2동 앞,202007,2159
서초구,2526.반포경남쇼핑 앞,202007,422
서초구,2527.반포중학교 앞(세화여고 맞은편),202007,348
서초구,2528.함지박 사거리,202007,538
서초구,2529.우리은행 방배동지점 앞,202007,746
서초구,2530.삼호3차아파트 앞,202007,1084
서초구,2531.멤피스아파트 앞,202007,824
서초구,2532.국립국악원 앞,202007,63
서초구,2533.한가람미술관 앞,202007,158
서초구,2534.신흥교(애견훈련소),202007,34
서초구,2535.신반포역 3번출구 뒤,202007,374
서초구,2536.서초종합체육관 입구,202007,20
서초구,2537.양재역 8번출구 앞,202007,373
서초구,2538.사평리 공원,202007,898
서초구,2539.대한무역투자진흥공사 KOTRA 앞,202007,9
서초구,2540.반포천 앞,202007,461
서초구,2541.옛골 입구,202007,71
서초구,2542.신논현타워 앞,202007,439
서초구,2545.국립중앙도서관(국제회의장옆),202007,45
서초구,2547.포드서초서비스센터앞,202007,30
서초구,2548.반포1동 자율방범초소 옆,202007,154
서초구,2549.LH 서초 4단지 403동,202007,260
서초구,2550.양재동 꽃시장 건너편,202007,208
성동구,3511. 응봉역 1번출구,202007,5155
성동구,3513. 상왕십리역 1번출구,202007,1291
성동구,3514. 왕십리교회옆,202007,2084
성동구,3515. 서울숲 관리사무소,202007,3292
성동구,3525. 금호스포츠센터앞,202007,1547
성동구,3527. 왕십리 자이아파트,202007,24
성동구,3530. 왕십리자이아파트 후문(삼거리),202007,306
성동구,3531. 논골사거리(금호도서관 입구),202007,79
성동구,3532. 왕십리KCC스위첸아파트,202007,110
성동구,3538. 서울숲 IT캐슬,202007,799
성동구,3544.한양대역 3번 출구,202007,889
성동구,3545.한양대역 1번출구,202007,588
성동구,3548.뚝섬역 6번출구,202007,685
성동구,3549.건영아파트 앞,202007,859
성동구,3550.금호나들목,202007,846
성동구,3551.성동도로사업소,202007,207
성동구,3552.서울숲 공영주차장앞,202007,866
성동구,3553.마장역3번출구,202007,276
성동구,3555.양지사거리(센트라스APT 115동앞),202007,111
성동구,3556.신금호파크자이APT앞,202007,39
성동구,3557.서울숲리버뷰자이APT105동 앞,202007,371
성동구,3558.마장동 금호어울림APT앞,202007,411
성동구,3559.성동구민종합체육센터 앞,202007,1490
성동구,3560.성동구 견인차량 보관소 앞,202007,1275
성동구,3561.행당동 삼부APT후문,202007,64
성동구,3601.용답역 2번출구 앞,202007,1
성동구,506. 금호 어울림 아파트 앞,202007,464
성동구,507. 성수아이에스비즈타워 앞,202007,1303
성동구,508. 성수아카데미타워 앞,202007,1516
성동구,509. 이마트 버스정류소 옆,202007,3363
성동구,510. 서울숲 남문 버스정류소 옆,202007,1620
성동구,511. 서울숲역 4번 출구 옆,202007,1447
성동구,512. 뚝섬역 1번 출구 옆,202007,2946
성동구,513. 뚝섬역 5번 출구 정류소 옆,202007,2568
성동구,514. 성수사거리 버스정류장 앞,202007,1772
성동구,518. 청계천 박물관 앞,202007,1020
성동구,519. 양지사거리,202007,1065
성동구,520. 상왕십리역 4번 출구 앞,202007,720
성동구,521. 왕십리역 11번 출구 앞,202007,2013
성동구,522. 금호역 1번출구 앞,202007,371
성동구,523. 옥수동성당 옆,202007,109
성동구,524. 래미안금호하이리버 아파트 102동 옆,202007,513
성동구,525. 한양대병원사거리,202007,2582
성동구,526. 용답토속공원 앞,202007,987
성동구,529. 장한평역 8번 출구 앞,202007,1137
성동구,530. 청계벽산아파트 앞,202007,1911
성동구,533. 우리은행 금호동 지점 앞,202007,653
성동구,534. 금호사거리,202007,319
성동구,535. 응봉삼거리,202007,585
성동구,536. 행당역 2번출구 앞,202007,1110
성동구,537. 한양대후문역 부근,202007,1830
성동구,538. 답십리역 8번출구 앞,202007,1185
성동구,550. 서울시설공단 앞,202007,1257
성동구,556. 달맞이공원,202007,186
성동구,557. 도선동 주민센터 앞,202007,984
성동구,558. 성동광진 교육지원청 앞,202007,1479
성동구,559. 왕십리역 4번 출구 건너편,202007,2058
성동구,560. 비전교회 앞,202007,1538
성동구,561. 서울숲역 2번출구 앞,202007,1665
성동구,562. 군자지하보도 앞,202007,1031
성동구,563. 성동세무서 건너편,202007,1612
성동구,564. 금호역 3번출구,202007,139
성동구,565. 옥수역 3번출구,202007,6918
성동구,567. 성수역 2번출구 앞,202007,2630
성동구,568. 청계8가사거리 부근,202007,3182
성동구,569. 응봉현대아파트 정류소,202007,295
성동구,578. 성동세무서 부근,202007,1287
성동구,579. 마장역 4번출구,202007,1188
성동구,581. 용답초등학교,202007,1691
성동구,582. 경일중학교 앞,202007,1393
성동구,583. 청계천 생태교실 앞,202007,7378
성동구,585. 성수2가1동 공영주차장 인근,202007,2886
성동구,586. 마장동 주민센터,202007,1049
성동구,587. 유니베라 앞,202007,1542
성동구,589. 성수역3번출구,202007,3597
성동구,594. 중랑물재생센터(서울새활용플라자),202007,457
성북구,1302. 한성대입구역6번출구 뒤,202007,1539
성북구,1303. 돈암초교 입구,202007,1045
성북구,1304. 만해공원,202007,177
성북구,1305. 성북구청,202007,1050
성북구,1306. 한성대입구역2번출구,202007,5
성북구,1308. 안암로터리 버스정류장 앞,202007,4917
성북구,1314. 정릉꿈에그린1단지 201동 앞,202007,448
성북구,1315. 고려사대부속중고 정문,202007,539
성북구,1316. 고려사대부속중고 건너편,202007,417
성북구,1318. 길음역 3번출구 뒤,202007,247
성북구,1320. LG베스트샵 종암점,202007,2973
성북구,1321. 국민은행 종암동지점 앞,202007,2423
성북구,1322. 래미안라센트아파트 103동 앞,202007,1116
성북구,1323. 월곡역 입구 육교 밑,202007,758
성북구,1325. 상월곡역 4번출구,202007,728
성북구,1326. 상월곡역 1번출구,202007,943
성북구,1327. 상월곡역 3번출구,202007,1448
성북구,1328. 월곡역 3번출구,202007,2795
성북구,1332. 석계역 5번출구 건너편,202007,2206
성북구,1333. 석관초등학교 앞,202007,1902
성북구,1334. 석관동주민센터 앞,202007,1319
성북구,1336. 성북3교 위,202007,2108
성북구,1337. 돈암성당 옆,202007,2826
성북구,1338. 용문2교 옆,202007,1284
성북구,1339. 삼성전자서비스 성북센터,202007,1157
성북구,1340. 광운초등학교 앞,202007,1063
성북구,1342. 성북쉼터 앞,202007,290
성북구,1343. 한성대7번출구 앞,202007,1180
성북구,1344. 아리랑시네센터 앞,202007,520
성북구,1346. 길음8골어린이공원 옆,202007,981
성북구,1347. 길음래미안아파트817동 상가 앞,202007,542
성북구,1348. 성북제일새마을금고 본점 앞,202007,852
성북구,1349. 월계2교 버스정류장 앞,202007,764
성북구,1351. 안암2교 옆,202007,2051
성북구,1352. e 편한세상 보문아파트 내,202007,234
성북구,1353. 금호어울림센터힐 내,202007,555
성북구,1354. 고려대학교 2번출구,202007,2069
성북구,1355. 보문2교,202007,3106
성북구,1357. 북한산보국문역,202007,632
성북구,1358. 정릉도서관 앞,202007,833
성북구,1359. 장위뉴타운 꿈에 숲 코오롱 하늘채 앞,202007,1030
성북구,1360. 정릉역,202007,896
성북구,1361. 홍익중고 입구,202007,975
성북구,1362. 보문역6번출구 앞,202007,1521
성북구,1363. 보문4교 인근,202007,2363
성북구,1364. 성북동 치안센터 앞,202007,581
성북구,1365. 선잠단지 앞,202007,235
성북구,1366. 일신초등학교 옆,202007,391
성북구,1367. 길음문화복합미디어센터,202007,585
성북구,1368. 성신여대입구 교차로,202007,1241
성북구,1369. 미아사거리,202007,1992
성북구,1370. 복자사랑 피정의 집,202007,404
성북구,1372. KEB은행 고대점,202007,2038
성북구,1373. 성북구보건소 건너편,202007,1303
성북구,1375. 생명의 전화 종합복지관 앞 교차로,202007,2181
성북구,1376. 한국과학기술연구원 중문,202007,198
성북구,1377. 한국과학기술연구원 북문,202007,251
성북구,1379.길음뉴타운푸르지오아파트 3단지,202007,120
성북구,1380.월곡역 5번출구 앞,202007,1064
성북구,1381.석계역 4번출구 뒤,202007,917
성북구,1382.래미안월곡아파트 입구,202007,749
성북구,1383.성북동 주민센터 건너편,202007,290
성북구,1384.성신여대입구역 5번출구,202007,1238
성북구,1385.성신여대입구역 3번출구 앞,202007,632
성북구,1386.동선고가차도 초입,202007,367
성북구,1388.커핀그루나루,202007,366
성북구,1390.석관래미안아트리치,202007,1621
성북구,1391.성북청소년센터,202007,503
성북구,1392.돈암삼성풍림아파트,202007,31
성북구,1393.돈암육교 하단,202007,103
성북구,1394.길음뉴타운 래미안9단지,202007,938
성북구,1395.래미안장위포레카운티(102동),202007,592
성북구,1396.래미안장위퍼스트하이(513동),202007,955
성북구,1397.래미안월곡아파트 (창문여고 건너편),202007,651
송파구,1201. 가락시장역 3번 출구,202007,2211
송파구,1203. 밀리아나2빌딩 앞,202007,2253
송파구,1204. 거여역 3번출구,202007,1332
송파구,1205. 종합운동장역 4번출구,202007,1001
송파구,1206. 9호선종합운동장역 9번출구,202007,1084
송파구,1207. 마천CU우방점 앞,202007,942
송파구,1208. 풍납현대아파트쉼터,202007,1750
송파구,1209. 잠실나루역 (2번 출구 쪽),202007,4847
송파구,1210. 롯데월드타워(잠실역2번출구 쪽),202007,6135
송파구,1211. 방이삼거리,202007,3520
송파구,1212. 송파역 2번 출구앞,202007,2188
송파구,1213. 백토공원 앞,202007,721
송파구,1214. 오금역 7번 출구 인근,202007,1141
송파구,1215. 올림픽공원역 1번출구 앞,202007,1442
송파구,1217. 송파파인타운 7단지,202007,966
송파구,1218. 방이역 4번출구,202007,2264
송파구,1220. 잠실본동주민센터뒤 잠실근린공원,202007,1985
송파구,1221. 삼전사거리 포스코더샵,202007,2272
송파구,1222. 잠실새내역 5번 출구 뒤,202007,4033
송파구,1224. 아시아지하보도 2번 출구,202007,1554
송파구,1226. 잠실4동 주민센터 옆,202007,1790
송파구,1227. 거여역 8번출구 뒤,202007,1263
송파구,1228. 마천사거리,202007,1277
송파구,1229. 송파체육문화회관 앞,202007,1254
송파구,1230. 송파중학교 정문,202007,865
송파구,1231. 잠실역 6번출구,202007,2597
송파구,1232. 롯데마트 주차장 옆,202007,1413
송파구,1233. 잠실3거리(갤러리아팰리스),202007,855
송파구,1235. 잠실트리지움310동 옆,202007,1608
송파구,1239. 문정 법조단지3,202007,440
송파구,1240. 문정 법조단지4,202007,545
송파구,1241. 문정 법조단지5,202007,376
송파구,1242. 문정 법조단지6,202007,97
송파구,1243. 문정 법조단지7,202007,2225
송파구,1244. 문정 법조단지8,202007,2362
송파구,1245. 문정 법조단지9,202007,1748
송파구,1246. 문정 법조단지10,202007,1292
송파구,1247. 문정 법조단지11,202007,858
송파구,1248. 방이초등학교,202007,1981
송파구,1249. 아주중학교건너편,202007,1256
송파구,1250.문정2동 주민센터,202007,661
송파구,1251. 석촌역 2번출구,202007,2534
송파구,1253. 오금역 3번 출구 뒤,202007,735
송파구,1256. 문정현대아파트 교차로,202007,922
송파구,1257. 가락시장역 롯데마트앞,202007,1626
송파구,1258. 가락미륭아파트 앞,202007,418
송파구,1259. 방이역 1번출구,202007,1902
송파구,1260. 방이동 한양3차아파트 옆,202007,1432
송파구,1262. 송파여성문화회관 앞,202007,1751
송파구,1263. 장지공영차고지,202007,262
송파구,1264. 천호역 10번 출구 앞,202007,2433
송파구,1265. 문정동 근린공원,202007,1768
송파구,1266. 문정동 글샘 공원,202007,581
송파구,1267. 올림픽공원 남2문 앞,202007,713
송파구,1268. 몽촌토성역 1번출구 옆,202007,2690
송파구,1269. 리센츠아파트,202007,1286
송파구,1271. 송파도서관,202007,959
송파구,1274. 영파여고 앞,202007,1248
송파구,1275. 거여초등학교 옆,202007,553
송파구,1277. 오금동 송파 참병원,202007,1478
송파구,1278. 송파구청 교차로,202007,2683
송파구,1279. 마천금호어울림 1차아파트 건너편,202007,685
송파구,1280. 송파파크데일 2단지입구 앞 주차장,202007,766
송파구,1282. 송파소방서 맞은편(성내4교),202007,1844
송파구,1283. 오금공원 사거리,202007,267
송파구,1285. 위례별 유치원 뒤,202007,511
송파구,1286. 위례중앙푸르지오 1단지 앞,202007,1476
송파구,1287. 위례아이파크 101동 맞은편,202007,569
송파구,1288. 문정중교 사거리,202007,1435
송파구,1289. 풍납동 자전거보관소,202007,595
송파구,1290. 위례송파꿈에그린아파트24단지 앞 성벽 다리 밑,202007,658
송파구,1291. 서울체육고등학교 앞,202007,685
송파구,1293. 석촌호교차로 (스타벅스 앞),202007,2395
송파구,1295. 잠실역 8번출구,202007,4213
송파구,1296. 석촌호수교차로 (송파나루근린공원 앞),202007,735
송파구,1297. 석촌호수교차로(동호 팔각정 앞),202007,1738
송파구,1299. 송파소방서 (방이119안전센터),202007,589
송파구,1300. 오륜사거리,202007,746
송파구,2601. 석촌호수 서호사거리,202007,2451
송파구,2603. 송파 글마루 도서관,202007,986
송파구,2604. 삼표레미콘 앞,202007,1183
송파구,2605. 복정역 1번 출구 앞,202007,478
송파구,2606. 위례동주민센터 맞은편 근린공원,202007,1115
송파구,2607. 복정역 2번출구 후문 (장지치안센터),202007,762
송파구,2608. 송파구청,202007,1432
송파구,2609. 보성중고등학교 후문 앞,202007,213
송파구,2610. 여흥레이크빌 앞 (석촌호수 까페거리),202007,1883
송파구,2611. 송파지역자활센터 뒤,202007,1913
송파구,2612. 문정·가락 대여소 앞,202007,87
송파구,2613. 잠실나들목,202007,3979
송파구,2614. 가락고등학교 앞,202007,944
송파구,2615. 테라타워2,202007,2060
송파구,2616. 거여동 사거리,202007,437
송파구,2617. 가락삼환아파트 앞,202007,1386
송파구,2618. 삼전역 1번출구,202007,1384
송파구,2619. 석촌고분역 4번출구,202007,2557
송파구,2620. 송파나루역 4번 출구옆,202007,3710
송파구,2621. 한성백제역 2번 출구,202007,4725
송파구,2622. 올림픽공원역 3번출구,202007,4566
송파구,2623.석촌동 주민센터,202007,1349
송파구,2625.가락1동 주민센터,202007,558
송파구,"2626.경찰병원역 1,2번 출구 사이",202007,446
송파구,2627.문정시영아파트 5동 앞 공원,202007,439
송파구,2628.문정역 1번출구,202007,959
송파구,2629.문정동 힐스데이트 에코 송파,202007,1154
송파구,2630.서울방이동 고분군,202007,987
송파구,2631.배명고등학교,202007,698
송파구,2632.석촌고분역 2번 출구,202007,1183
송파구,2633.송파학사 옆,202007,592
송파구,2634.위례포레샤인아파트 2318동,202007,465
송파구,2635.잠실새내역 1번출구,202007,758
송파구,2637.잠실월드 메르디앙,202007,1224
송파구,2638.쌍용아파트,202007,1015
송파구,2639.석촌역 8번출구,202007,1431
송파구,2641.송파역 4번출구,202007,2014
송파구,2642.마천동 성내천 쉼터,202007,856
송파구,2643.풍납중학교 측면,202007,565
송파구,2644.성내5교 (GS주유소),202007,932
송파구,2645.잠실나들목2(엘스아파트136동),202007,2407
송파구,2646.레이클펠리스101동앞,202007,1075
송파구,2647.잠실 자전거 수리센터 앞,202007,706
송파구,2648.헬리오시티 112동 앞,202007,1169
송파구,2649.오금공원사거리2,202007,303
송파구,2650.위례22단지 2208동 다리앞,202007,142
송파구,2651.경찰병원역 3번출구 앞,202007,780
송파구,2652.송파 레미니스1단지 102동 앞,202007,524
송파구,2653.올림픽공원사거리(선수촌아파트),202007,1020
송파구,2654.올림픽선수촌아파트 136동 앞,202007,383
송파구,2655.송이공원,202007,743
송파구,2656.풍납동 아이파크 107동 앞,202007,1003
송파구,2657.송파 파인타운 11단지,202007,420
송파구,2658.가락몰 업무동,202007,641
송파구,2659.서울친환경유통센터,202007,52
양천구,700. KB국민은행 염창역 지점 앞,202007,2180
양천구,701. 목동사거리 부근,202007,1492
양천구,702. 목4동주민센터 옆,202007,1599
양천구,703. 오목교역 7번출구 앞,202007,4453
양천구,704. 남부법원검찰청 교차로,202007,3444
양천구,706. 신정네거리역,202007,1605
양천구,707. 신정3동주민센터,202007,600
양천구,708. 서울출입국관리사무소 앞,202007,3029
양천구,709. 신정3동 현장민원실 앞,202007,923
양천구,710. 금옥여고보도육교,202007,23
양천구,711. 신일해피트리아파트 앞,202007,793
양천구,712. 강월초교입구 사거리,202007,1211
양천구,713. 양서중학교 옆,202007,859
양천구,714. 한국SGI 양천문화회관 앞,202007,970
양천구,716.신정6동 주민센터 인근,202007,1656
양천구,719. 홍익병원앞 교차로,202007,1779
양천구,720. 서울강월초등학교 앞,202007,513
양천구,722. LG전자베스트샵 신정점,202007,2689
양천구,723. SBS방송국,202007,2570
양천구,724. 계남공원 입구 주출입구 좌측,202007,238
양천구,725. 양강중학교앞 교차로,202007,458
양천구,726. 목동3단지 시내버스정류장,202007,2499
양천구,729. 서부식자재마트 건너편,202007,2369
양천구,731. 서울시 도로환경관리센터,202007,2023
양천구,732. 신월동 이마트,202007,1115
양천구,733. 신정이펜하우스314동,202007,519
양천구,734. 신트리공원 입구,202007,1827
양천구,735. 영도초등학교,202007,2533
양천구,736. 오솔길공원,202007,1285
양천구,737. 장수공원,202007,1231
양천구,739. 신월사거리,202007,1325
양천구,740. 으뜸공원,202007,1180
양천구,741. 화곡로 입구 교차로,202007,428
양천구,742. 등촌역 5번 출구 뒤,202007,985
양천구,743. 현대6차아파트 101동 옆,202007,858
양천구,744. 신목동역 2번 출구,202007,2195
양천구,745. 강서초등학교,202007,970
양천구,746. 목동2단지 상가,202007,2553
양천구,747. 목동3단지 상가,202007,1268
양천구,748. 목동운동장,202007,428
양천구,749. 이대 목동병원 앞,202007,1556
양천구,750. 연의근린공원 건너편,202007,954
양천구,752. 성원2차 아파트,202007,1155
양천구,754. 목동1단지아파트 118동 앞 (월촌초등학교 정류소 옆),202007,1680
양천구,755. 목동1단지아파트 상가 앞 (월촌중학교 버스정류소 옆),202007,2217
양천구,756. 목동주차장,202007,1607
양천구,757. 신정이펜하우스 1단지아파트 입구 사거리,202007,515
양천구,758. 한사랑교회 앞,202007,2045
양천구,759. 보아스아파트 앞,202007,790
양천구,760. 잣절보도육교 아래,202007,542
양천구,762. 오목로 무중력지대 앞,202007,1461
양천구,763. 목동11단지 아파트,202007,1054
양천구,764. 목동청소년수련관,202007,2268
양천구,765. 오목교역 3번출구,202007,4843
양천구,766. 신목동역 3번출구,202007,3032
양천구,767.신정숲속마을아파트,202007,220
양천구,768.목동5단지아파트 501동,202007,882
양천구,769.CBS방송국 앞,202007,1444
양천구,770.목동역5번출구 교통정보센터 앞,202007,3468
양천구,771.목동아파트 703동 앞,202007,1564
양천구,"773.염창역 3, 4번 출구 사이",202007,1041
양천구,774.등촌역 4번 출구,202007,552
양천구,775.세종그랑시아 앞(102동),202007,593
양천구,776.목마공원,202007,379
양천구,777.신월6차보람아파트 앞,202007,872
양천구,779.양천나눔누리센터,202007,1343
양천구,780.신정교 하부,202007,1936
양천구,781.신정보도육교 아래,202007,1529
양천구,782.서남병원 후문,202007,496
양천구,"785.양천구청, 보건소 사잇길",202007,1804
양천구,786.목동아파트 8단지 상가동 앞,202007,1364
양천구,787.양천아파트 입구,202007,1886
양천구,788.양천구청역 2번출구 옆,202007,1706
양천구,790.화곡고가 사거리,202007,495
양천구,791.현대하이페리온,202007,1678
양천구,792.목동트라팰리스 웨스턴에비뉴,202007,2261
양천구,793.목동5단지아파트 534동,202007,984
양천구,794.양천문화회관,202007,1144
양천구,795.양천 해누리타운,202007,1227
양천구,796.목동아파트 14단지 B상가 앞,202007,1079
양천구,797.목동아파트 1422동 1434동 사잇길,202007,1615
영등포구,200. 국회의원회관,202007,573
영등포구,201. 진미파라곤 앞,202007,1910
영등포구,202. 국민일보 앞,202007,4566
영등포구,203. 국회의사당역 3번출구 옆,202007,1863
영등포구,204. 국회의사당역 5번출구 옆,202007,1189
영등포구,205. 산업은행 앞,202007,2083
영등포구,206. KBS 앞,202007,2368
영등포구,207. 여의나루역 1번출구 앞,202007,14779
영등포구,209. 유진투자증권빌딩 앞,202007,1532
영등포구,210. IFC몰,202007,5700
영등포구,211. 여의도역 4번출구 옆,202007,3171
영등포구,212. 여의도역 1번출구 옆,202007,2178
영등포구,213. KT앞,202007,1760
영등포구,214. 금융감독원 앞,202007,1272
영등포구,215. 여의도고교 앞,202007,1097
영등포구,216. 삼부아파트1동 앞,202007,1491
영등포구,217. NH농협은행 앞,202007,1883
영등포구,218. 증권거래소 앞,202007,939
영등포구,219. 롯데캐슬엠파이어 옆,202007,1276
영등포구,220. 미성아파트 A동 앞,202007,1531
영등포구,221. 여의도초교 앞,202007,2483
영등포구,222. 시범아파트버스정류장 옆,202007,3539
영등포구,223. 진주아파트상가 앞,202007,1492
영등포구,224. 롯데캐슬 앞,202007,1949
영등포구,225. 앙카라공원 앞,202007,1736
영등포구,226. 샛강역 1번출구 앞,202007,1981
영등포구,227. 양평2나들목 보행통로 입구,202007,3380
영등포구,228. 선유도역 3번출구 앞,202007,4507
영등포구,229. 양평1 보행육교 앞,202007,2497
영등포구,230. 영등포구청역 1번출구,202007,4512
영등포구,231. 남부고용노동지청 남측,202007,1035
영등포구,232. 양평우림 이비즈센타 앞,202007,3624
영등포구,233. YP 센터 앞,202007,485
영등포구,234. 영등포구민체육센터 앞,202007,1008
영등포구,235. 신길동 우리은행 옆,202007,927
영등포구,236. 문래동자이아파트 앞,202007,1973
영등포구,238. 제2구민체육센타 앞,202007,1259
영등포구,239. 유스호스텔 앞,202007,1263
영등포구,240. 문래역 4번출구 앞,202007,2094
영등포구,241. 신길우성1차아파트 앞 공원,202007,1380
영등포구,242. 신길선원가와인아파트 앞,202007,973
영등포구,243. 이앤씨드림타워 앞,202007,2162
영등포구,244. 영등포삼환아파트 앞,202007,1808
영등포구,245. 삼성생명 당산사옥 앞,202007,2583
영등포구,247. 당산역 10번출구 앞,202007,5767
영등포구,248. 초원아파트 앞,202007,3247
영등포구,249. 여의도중학교 옆,202007,3451
영등포구,250. 대림아파트 사거리,202007,1059
영등포구,251. 서울지방병무청 버스정류장,202007,1120
영등포구,252. 보라매역4번출구,202007,1589
영등포구,253. 신풍역 5번출구 인근,202007,1112
영등포구,254. 도림신협 앞,202007,1464
영등포구,255. 도림사거리,202007,1513
영등포구,256. 동아에코빌입구,202007,1163
영등포구,257. 신길삼거리(우리은행),202007,3550
영등포구,258. 신길역3번출구,202007,1517
영등포구,259. 대방역6번출구,202007,3551
영등포구,260. 여의도 마리나선착장 앞,202007,1048
영등포구,262. 영문초등학교 사거리,202007,2934
영등포구,263. 근로자회관 사거리,202007,3358
영등포구,264. 교보생명보험 앞,202007,1373
영등포구,265. 영등포유통상가 사거리,202007,1235
영등포구,266. 영등포청과시장 사거리,202007,859
영등포구,267. 삼성화재 사옥 옆,202007,1899
영등포구,268. 그랜드컨벤션센터 앞,202007,1962
영등포구,270. 증권거래소후문교차로,202007,920
영등포구,271. 샛강생태공원방문자센터 앞,202007,606
영등포구,272. 당산육갑문,202007,7438
영등포구,274. 영등포역지하쇼핑센타 5번출구,202007,4448
영등포구,275. 신동아아파트,202007,2270
영등포구,276. SK 영등포주유소,202007,2081
영등포구,277. 영등포뉴타운지하상가 2번게이트,202007,1869
영등포구,278. 쌍용플레티넘오피스텔,202007,2491
영등포구,279. 영등포 푸르지오 아파트,202007,1739
영등포구,280. 양평동6차현대아파트 앞,202007,2073
영등포구,281. 신동아아파트 앞,202007,1093
영등포구,282. 신한은행,202007,589
영등포구,283. 아크로타워 스퀘어(영등포시장),202007,3341
영등포구,284. 센트럴 푸르지오 시티 앞,202007,3761
영등포구,285. 대림3동사거리(하나은행),202007,760
영등포구,286. 우성아파트 교차로,202007,1181
영등포구,287. 영등포전화국사거리 (서강어린이공원),202007,1810
영등포구,288. 쌍용예가(구청별관),202007,948
영등포구,289. 대림3동사거리,202007,1138
영등포구,290. 당산동 SK V1 빌딩,202007,1622
영등포구,291. 문래동 하이테크 시티,202007,2233
영등포구,292. 영일 어린이공원,202007,1121
영등포구,293. 충북 미래관,202007,2821
영등포구,295.영등포공원 분수대 앞,202007,176
영등포구,296.KT플라자 영등포점,202007,987
영등포구,297.국회3문,202007,151
영등포구,298.KBS 연구동 건너편,202007,167
영등포구,299.여의도 순복음교회,202007,777
영등포구,3201.당산skv1센터,202007,749
영등포구,3202.당산롯데캐슬프레스티지,202007,1512
영등포구,3203.도림동배드민턴체육관,202007,314
영등포구,3204.도림고가도로 밑,202007,351
영등포구,3205.문래중학교,202007,1507
영등포구,3206.문래동 주민센터,202007,415
영등포구,3207.양남사거리 교통섬,202007,394
영등포구,3211.신길 래미안 프레비뉴,202007,614
영등포구,3212.신풍역 6번출구,202007,653
영등포구,3214.영등포 푸르지오,202007,927
영등포구,3215.강변삼성래미안,202007,624
영등포구,3219.영등포역 2번출구,202007,1242
영등포구,3220.래미안에스티움 앞 (신풍로),202007,822
영등포구,3221.서울특별시 남부교육지원청,202007,198
용산구,800. 목월공원 앞,202007,1655
용산구,802. 한강진역 2번 출구 앞,202007,454
용산구,803. 한남초교 앞 보도육교,202007,424
용산구,805. 문배어린이공원 앞,202007,1111
용산구,806. 전자랜드 본관 앞,202007,1082
용산구,807. 서울역 12번 출구 앞,202007,929
용산구,808. 서빙고동 금호맨션 앞,202007,398
용산구,809. 한남 유수지 복개주차장,202007,1053
용산구,810. 이태원지하보도,202007,641
용산구,811. 녹사평역1번출구,202007,478
용산구,812. 용산전쟁기념관,202007,182
용산구,813. 삼각지역 3번출구,202007,1095
용산구,815. LIG강촌아파트 103동앞,202007,2182
용산구,816. 신용산역 6번출구 앞,202007,2391
용산구,817. 삼각지역 4번출구 앞,202007,642
용산구,818. 숙명여대 입구 교차로,202007,1600
용산구,819. 선린인터넷 고등학교,202007,1030
용산구,820. 청파동입구 교차로,202007,895
용산구,822. 이촌1동 마을공원,202007,473
용산구,823. 효창동주민센터 앞,202007,268
용산구,825. 서빙고동 주민센터 앞,202007,4226
용산구,827. 국군복지단,202007,52
용산구,828. 숙대입구역 8번,202007,938
용산구,829. 베르가모앞,202007,3542
용산구,830. 청암자이아파트앞,202007,518
용산구,831. 이태원관광특구입구,202007,269
용산구,832. 이촌1동 주민센터 뒤,202007,2596
용산구,834. 효창공원앞역 3번출구 뒤,202007,2073
용산구,835. 남영역 건너편,202007,954
용산구,836. 현대자동차서비스 앞,202007,1732
용산구,837. 한남나들목 입구,202007,2844
용산구,838. 숙대입구역 4번출구,202007,1359
용산구,839. 보광동 삼성리버빌아파트 앞,202007,1235
용산구,840. 용산 파크타워 앞,202007,569
용산구,841. 신용산역 1번 출구,202007,2031
용산구,843. 녹사평역 광장,202007,762
용산구,844. 이촌2동 동원베네스트 아파트 앞,202007,1152
용산구,845. 용산 선인상가,202007,755
용산구,846. 용산중학교,202007,1159
용산구,847. 국방부민원실옆,202007,159
용산구,848. 삼각지12번 출구,202007,241
용산구,849. 삼각지 자이아파트,202007,633
용산구,850. KCC용산월츠타워,202007,515
용산구,851.효창 푸르지오 앞,202007,167
용산구,852.청암자이APT(103동),202007,438
용산구,853.용산역 맞은편,202007,2075
용산구,854.HID 유족동지회 앞,202007,94
용산구,855.이촌역5번출구 앞,202007,69
용산구,857. 현대 안성타워,202007,296
용산구,858.녹사평역3번 출구,202007,137
용산구,860.LG한강 자이아파트 앞,202007,1205
용산구,863.이촌역2번 출구,202007,251
용산구,864.순천향대학병원(한남오거리),202007,849
용산구,865.하얏트호텔 앞,202007,22
용산구,866.브라운스톤 남산아파트,202007,379
용산구,867.서빙고역 광장(1번출구),202007,267
용산구,868.롯데하이마트 용산점 앞,202007,338
용산구,869.노들섬 동측 앞,202007,516
용산구,870.노들섬 서측 앞,202007,1954
은평구,900. 은평예술회관,202007,767
은평구,901. 응암1동사무소,202007,1198
은평구,902. 진관동 은빛초등학교,202007,355
은평구,903. 은평뉴타운 아이파크,202007,944
은평구,904. 은평뉴타운 푸르지오,202007,898
은평구,905. 구파발역 2번출구,202007,2233
은평구,906. 연신내역 5번출구150M 아래,202007,3490
은평구,907. CJ 드림시티,202007,5859
은평구,908. 구산역 4번출구,202007,1314
은평구,909. 백련산 힐스테이트 3차,202007,289
은평구,911. 은평평화공원(역촌역4번출구),202007,2145
은평구,912. 응암오거리,202007,2774
은평구,913. 이마트 은평점,202007,3342
은평구,914. 새절역 2번출구,202007,3895
은평구,915. 증산역 4번출구,202007,1838
은평구,916. 평생학습관 앞,202007,1370
은평구,917. 녹번역 4번출구,202007,1502
은평구,919. 서울혁신파크,202007,848
은평구,921. 신도고등학교,202007,351
은평구,922. 연신내역 4번출구,202007,572
은평구,923. 국민은행 연서지점,202007,803
은평구,924. 메뚜기다리,202007,174
은평구,925. 불광역 2번출구,202007,677
은평구,926. 불광역 8번출구,202007,1776
은평구,927. 연신내역 3번출구 인근,202007,587
은평구,928. 은평역사한옥박물관,202007,310
은평구,930. 구 서부경찰서 건너편,202007,972
은평구,931. 역촌파출소,202007,3268
은평구,932. 예일여중,202007,1242
은평구,933. LG서비스 역촌점,202007,2024
은평구,934. 신사동 성당,202007,752
은평구,937. 상림마을 롯데캐슬2단지 옆,202007,171
은평구,938. 금암 문화공원,202007,363
은평구,939. 은평구청 교차로,202007,692
은평구,941. 은평뉴타운 도서관,202007,375
은평구,942. 상림마을 생태공원,202007,576
은평구,943. 은평구청 보건소,202007,1734
은평구,945. 기자촌 사거리,202007,320
은평구,946. 독바위역,202007,591
은평구,947. 연신내 선일하이츠빌 정류소,202007,1085
은평구,948. 디지털미디어 시티역 4번출구(DMC역),202007,571
은평구,949. 연신내역 1번 출구,202007,1077
은평구,950. 구산역 2번 출구,202007,2130
은평구,951. 연신내역 6번출구옆,202007,1346
은평구,952. 서울연신중학교,202007,461
은평구,953. 서울연신초등학교,202007,565
은평구,954. 은평뉴타운구파발9단지,202007,754
은평구,956. 응암시장교차로,202007,3011
은평구,958. 신한은행 응암동 지점 앞,202007,1589
은평구,959. 구파발10단지 인근,202007,474
은평구,960. 구파발역 환승센터,202007,736
은평구,961. 불광역 9번 출구,202007,1090
은평구,962. 은평뉴타운 힐데스하임,202007,1093
은평구,963. 대호프라자아파트,202007,929
은평구,964. 북한산힐스테이트 7차아파트,202007,468
은평구,965. 서울특별시 은평병원,202007,365
은평구,966. 서울혁신파크1,202007,464
은평구,967. 서울혁신파크2,202007,502
은평구,968. 은평뉴타운 상림마을 13단지,202007,179
은평구,969. 은평 지웰테라스,202007,284
은평구,971. 역촌 센트레빌 아파트,202007,272
은평구,972. 수색역,202007,849
은평구,973.제각말푸르지오 5-1단지 아파트,202007,146
은평구,974.연신초등학교옆 마을마당,202007,66
은평구,975.백련산 힐스테이트상가앞,202007,127
은평구,976.진관고등학교앞,202007,392
은평구,977.신도중학교앞,202007,83
은평구,978.녹번 힐스테이트상가앞,202007,263
은평구,979.원풍빌라앞,202007,686
은평구,982.유니클로 은평점앞,202007,566
은평구,984.상신초등학교앞 버스정류장,202007,865
은평구,985.은평온누리약국앞,202007,546
은평구,989.응암 꼬꼬닭치킨호프 앞,202007,944
은평구,991.흥국사 정류장,202007,99
은평구,992.북한산입구 정류장,202007,155
은평구,993.은평뉴타운 온뜨락아파트앞,202007,241
은평구,994.북한산생태공원입구(교통섬),202007,222
은평구,995.은평다목적체육관,202007,134
은평구,996.응암역 1번출구,202007,2703
종로구,301. 경복궁역 7번출구 앞,202007,1556
종로구,302. 경복궁역 4번출구 뒤,202007,2396
종로구,303. 광화문역 1번출구 앞,202007,1520
종로구,304. 광화문역 2번출구 앞,202007,1179
종로구,305. 종로구청 옆,202007,1522
종로구,306. 광화문역 7번출구 앞,202007,1714
종로구,307. 서울역사박물관 앞,202007,976
종로구,308. 광화문 S타워 앞,202007,2007
종로구,309. 광화문역 6번출구 옆,202007,940
종로구,314. 국립현대미술관,202007,1046
종로구,316. 종각역 1번출구 앞,202007,2276
종로구,326. 안국역 5번출구 앞,202007,1649
종로구,327. 낙원상가 옆,202007,1260
종로구,328. 탑골공원 앞,202007,945
종로구,329. 청계2가 사거리 옆,202007,1556
종로구,334. 종로3가역 2번출구 뒤,202007,1708
종로구,335. 종로3가역 15번출구 앞,202007,1145
종로구,337. 창경궁 입구,202007,394
종로구,338. 세운스퀘어 앞,202007,1115
종로구,339. 종로4가 사거리,202007,1095
종로구,340. 혜화동 로터리,202007,1713
종로구,3402.이화공영주차장,202007,313
종로구,3403.서울특별시 교육청,202007,124
종로구,3404.서울특별시 중부교육지원청,202007,60
종로구,3405.파크팰리스,202007,656
종로구,3406.세종로공원,202007,480
종로구,3407.안국동사거리(신),202007,881
종로구,3408.종로타워빌딩,202007,948
종로구,341. 혜화역 3번출구 뒤,202007,962
종로구,3411.종묘,202007,595
종로구,3412.세운상가,202007,423
종로구,3413.종로플레이스,202007,1079
종로구,3414.종로5가역 4번출구,202007,306
종로구,3415.동대문역6번출구,202007,500
종로구,3416.동묘앞역 6번출구,202007,393
종로구,3417.창신3동주민센터,202007,420
종로구,3418.창신역2번 출구,202007,80
종로구,3419.국립어린이과학관,202007,230
종로구,342. 대학로 마로니에공원,202007,2083
종로구,3420.성균관대입구사거리(맥도날드),202007,533
종로구,3421.혜화역 1번출구,202007,756
종로구,3422.성균관대 정문,202007,1116
종로구,3423.현대그룹(본사),202007,557
종로구,3425.광화문 풍림스페이스본 1단지앞,202007,309
종로구,3426.독립문역 2번출구 뒤,202007,169
종로구,3427.인왕산 아이파크 정문,202007,235
종로구,3428.서울미술관,202007,151
종로구,3429.AW컨벤션앞,202007,96
종로구,343. 예일빌딩(율곡로) 앞,202007,383
종로구,3430.구기치안센터 앞,202007,45
종로구,3431.로제우스 레포츠센터,202007,152
종로구,3432.종로2가 사거리,202007,965
종로구,344. 성균관대 E하우스 앞,202007,605
종로구,345. 서울보증보험본사 앞,202007,1145
종로구,348. 독립문역 사거리,202007,1147
종로구,349. 사직동주민센터,202007,805
종로구,351. 청운초교 앞 삼거리,202007,1015
종로구,352. 중앙고입구 삼거리,202007,304
종로구,353. 재동초교 앞 삼거리,202007,731
종로구,354. 포르투갈 대사관 앞,202007,879
종로구,355. 서울사대부속초교 앞,202007,874
종로구,356. KT혜화지사 앞,202007,870
종로구,358. 성대입구 사거리,202007,1579
종로구,359. 원남동사거리,202007,987
종로구,361. 동묘앞역 1번출구 뒤,202007,2886
종로구,362. 청계8가 사거리,202007,1765
종로구,363. 신설동역 11번출구 뒤,202007,1744
종로구,364. 창신역 1번출구 앞,202007,597
종로구,367. 독립문역 3-1번출구,202007,1290
종로구,368. SK 서린빌딩 앞,202007,1136
종로구,369. 광화문 시민열린마당,202007,1484
종로구,385. 종각역 5번출구,202007,1592
종로구,386. 올림픽기념 국민생활관 앞,202007,512
종로구,388. 동성중학교 앞,202007,701
종로구,393. 동대문역 8번 출구,202007,2076
종로구,394. 경희궁 자이 3단지,202007,106
종로구,395. 경희궁 자이 2단지,202007,1329
종로구,397. 종묘공영주차장 건너편,202007,536
종로구,446. 상명대입구,202007,662
종로구,449. 일성아파트,202007,196
종로구,450. 효자동 삼거리,202007,710
종로구,451. 청와대앞길,202007,253
종로구,452. 동대문 종합시장 버스정류장,202007,603
종로구,453. 종로오가 지하쇼핑센터 14번출구,202007,1086
종로구,454. 종로2가 버스정류장 (종각방향),202007,1172
종로구,455. 삼익한의원,202007,723
종로구,456. 숭인2동 주민센터 입구 (이강3대냉면),202007,1025
종로구,457. 종로꽃시장 입구 옆,202007,695
종로구,458. 광화문역 5번출구,202007,2306
종로구,461. 서울지방경찰청,202007,1002
종로구,462. 신영동삼거리(북악터널방향),202007,18
종로구,464. 삼청동 골목,202007,726
종로구,465. 삼청공원 앞,202007,109
종로구,486. 평창동주민센터 앞,202007,242
중구,300. 정동사거리,202007,1137
중구,310. 청계광장 옆,202007,1011
중구,311. 서울광장 옆,202007,2806
중구,312. 시청역 1번출구 뒤,202007,2177
중구,318. 광교사거리 남측,202007,793
중구,320. 을지로입구역 4번출구 앞,202007,1292
중구,321. KEB 하나금융그룹 명동사옥 옆,202007,1129
중구,322. 명동성당 앞,202007,607
중구,324. 신세계백화점 본점 앞,202007,965
중구,331. 을지로2가 사거리 북측,202007,1387
중구,332. 을지로2가 사거리 남측,202007,812
중구,336. 티마크 호텔 앞,202007,764
중구,346. 맥스타일 앞,202007,1604
중구,347. 동대문역사문화공원역 9번출구 앞,202007,1131
중구,370. 시청역(2호선) 9번출구 뒤,202007,1410
중구,371. 동대입구역 6번출구 뒤,202007,603
중구,372. 약수역 3번출구 뒤,202007,914
중구,373. 청구 어린이공원,202007,156
중구,374. 청구역 2번출구 앞,202007,1104
중구,375. 다산 어린이공원,202007,1238
중구,378. 청계7가 사거리,202007,1426
중구,379. 서울역9번출구,202007,1148
중구,380. CJ제일제당 앞,202007,1050
중구,381. 장충체육관,202007,150
중구,382. 약수역 10번출구 앞,202007,707
중구,383. 신당역 12번 출구 뒤,202007,2164
중구,384. 종로학원본원,202007,605
중구,387. 훈련원공원주차장 앞,202007,996
중구,389. 을지로4가역 1번출구,202007,846
중구,390. 충무로역 1번출구,202007,1480
중구,391. 정동길입구,202007,511
중구,398. 을지로3가역 3번출구,202007,1306
중구,399. 서울역 센트럴 자이아파트,202007,813
중구,428. 명보사거리,202007,752
중구,429. 송도병원,202007,178
중구,430. KEB하나은행 장충동지점,202007,807
중구,431. 청계천 영도교,202007,2554
중구,433. 을지로입구역 2번출구,202007,1498
중구,434. 신당 래미안 버스정류장,202007,206
중구,435. SK 남산빌딩,202007,399
중구,441.염천교사거리,202007,252
중구,442.서울역 서부,202007,276
중구,443.호암아트홀,202007,324
중구,444.서울역3번 출구,202007,253
중구,445.대한상공회의소,202007,675
중구,466.롯데호텔,202007,602
중구,467.한국은행,202007,222
중구,468.웨스틴 조선호텔,202007,209
중구,469.회현역 1번출구,202007,214
중구,470.회현역 7번출구,202007,280
중구,471.회현사거리 남측,202007,558
중구,472.삼일교(시그니쳐 타워),202007,658
중구,473.을지로4가역 9번출구,202007,804
중구,474.동대문역사문화공원역 1번출구 뒤편,202007,1012
중구,475.DDP 패션몰,202007,249
중구,476.광희문,202007,298
중구,477.앰배서더 호텔 주변,202007,111
중구,479.동대입구역 3번 출구,202007,231
중구,480.약수역 6번 출구,202007,230
중구,481.신당역 10번 출구,202007,189
중구,482.예수소망교회,202007,43
중구,483.남산타운아파트 버스정류장,202007,154
중구,484.도동삼거리,202007,52
중구,485.서울역4번출구,202007,407
중구,826. 서울역 서부교차로2,202007,1478
중랑구,1401. 극동늘푸른아파트,202007,2874
중랑구,1402. 금란주차장 앞,202007,1529
중랑구,1403. 중화빌딩 앞 (동부시장),202007,2388
중랑구,1404. 동일로 지하차도,202007,1825
중랑구,1405. 망우역 1번출구,202007,1401
중랑구,1406. 망우청소년수련관,202007,122
중랑구,1407. 먹골역 1번출구 뒤,202007,1558
중랑구,1408. 먹골역 6번출구 앞,202007,1513
중랑구,1410. 면목 대원칸타빌아파트,202007,305
중랑구,1411. 상봉시장앞 교차로 한성빌딩 앞,202007,1147
중랑구,1412. 면목초등학교,202007,717
중랑구,1413. 봉화산역 5번출구 뒤,202007,1263
중랑구,1414. 사가정역 1번출구,202007,2989
중랑구,1416. 상봉역 3번출구,202007,1258
중랑구,1418. 새솔초등학교,202007,520
중랑구,1420. 신내어울공원 앞,202007,735
중랑구,1421. 신내역 4번출구,202007,268
중랑구,1422. 신내우디안아파트 1단지,202007,217
중랑구,1424. 양원역 2번출구,202007,158
중랑구,1425. 용마문화복지센터,202007,779
중랑구,1426. 면목도시개발아파트 1동 앞,202007,345
중랑구,1427. 용마산역 1번출구,202007,299
중랑구,1428. 원묵고등학교,202007,572
중랑구,1429. 장안중학교,202007,968
중랑구,1430. 중랑구청,202007,1231
중랑구,1431. 중랑구청 사거리,202007,2109
중랑구,1433. 중화역 2번출구,202007,2119
중랑구,1434. 홈플러스 면목동점,202007,939
중랑구,1435. 능산삼거리,202007,311
중랑구,1436. 영풍마드레빌,202007,771
중랑구,1437. 늘푸른공원 앞,202007,577
중랑구,1438. 홈플러스 신내점 앞,202007,1990
중랑구,1440. 하나은행 면목지점,202007,1455
중랑구,1441. 신내능말공원,202007,539
중랑구,1442. (구)신한은행 중랑교지점,202007,2052
중랑구,1443. 구립망우청소년독서실,202007,584
중랑구,1444. 면목4치안센터,202007,1303
중랑구,1445. 용마지구대,202007,265
중랑구,1446. 중랑전화국 교차로,202007,1690
중랑구,1447. 면목역 3번출구,202007,2370
중랑구,1448. 코스트코 상봉점,202007,2135
중랑구,1449. 상봉역 1번출구,202007,2656
중랑구,1450. 화랑대역 7번출구,202007,1544
중랑구,1451. 중랑세무서,202007,2826
중랑구,1452. 겸재교 진입부,202007,2520
중랑구,1453. 중랑캠핑숲,202007,280
중랑구,1454. 한국전력공사(동대문 중랑지사),202007,1192
중랑구,1455. 상봉역 2번 출구,202007,1884
중랑구,1456. 상아빌딩(우림시장 교차로),202007,1192
중랑구,1457. 동원사거리,202007,1037
중랑구,1458. 상봉터미널2,202007,2157
중랑구,1459. 용마한신아파트사거리,202007,553
중랑구,1461.동양엔파트 앞,202007,873
중랑구,1462.동부시장 북문 앞,202007,1111
중랑구,1463.중랑구민회관,202007,34
중랑구,1464.중화역 4번출구,202007,791
중랑구,1465.중랑공영차고지 옆,202007,576
중랑구,1466.두산대림아파트 삼거리,202007,392
중랑구,1467.sk신내 주유소앞(용마산로),202007,104
중랑구,1468.먹골역 7번 출구,202007,711
중랑구,1469.먹골역 4번출구,202007,746
중랑구,1470.중화동 우리은행 앞,202007,1166
중랑구,1472.영성빌딩(PAT),202007,586
중랑구,1473.중랑역 1번 출구(중화문화복지센터),202007,878
중랑구,1474.서울중랑우체국,202007,534
중랑구,1477.면목삼익아파트 앞,202007,219
중랑구,1478.홈플러스 상봉점 앞,202007,1079
중랑구,1479.면목 홈플러스 2,202007,418
중랑구,1480. 용마지구대 옆,202007,592
강남구,2301. 현대고등학교 건너편,202008,1600
강남구,2302. 교보타워 버스정류장(신논현역 3번출구 후면),202008,794
강남구,2303. 논현역 7번출구,202008,606
강남구,2304. 신영 ROYAL PALACE 앞,202008,228
강남구,2305. MCM 본사 직영점 앞,202008,269
강남구,2306. 압구정역 2번 출구 옆,202008,624
강남구,2307. 압구정 한양 3차 아파트,202008,699
강남구,2308. 압구정파출소 앞,202008,560
강남구,2309. 청담역(우리들병원 앞),202008,271
강남구,2310. 청담동 맥도날드 옆(위치),202008,394
강남구,2311. 학동로 래미안 아파트 앞,202008,176
강남구,2312. 청담역 13번 출구 앞,202008,291
강남구,2313. 금원빌딩 앞,202008,777
강남구,2314. 청담나들목입구,202008,364
강남구,2315. 봉은사역 5번출구 옆,202008,604
강남구,2316. 삼성역 8번출구,202008,724
강남구,2317. 삼성도로공원,202008,562
강남구,2318. 삼성중앙역4번출구(문화센터더 리빌),202008,235
강남구,2319. 포스코사거리 서측(수협 삼성동 지점),202008,340
강남구,2320. 도곡역 대치지구대 방향,202008,544
강남구,2321. 학여울역 사거리,202008,655
강남구,2322. 삼성역 3번 출구,202008,439
강남구,2323. 주식회사 오뚜기 정문 앞,202008,225
강남구,2324. 천주교 대치 2동 교회 옆,202008,681
강남구,2325. 대치동 버거킹대치점,202008,700
강남구,2326. 대치동 삼성로,202008,225
강남구,2327. 뱅뱅사거리 랜드마크타워 앞,202008,778
강남구,2328. 르네상스 호텔 사거리 역삼지하보도 7번출구 앞,202008,252
강남구,2329. 르네상스호텔사거리 역삼지하보도 2번출구,202008,198
강남구,2330. 스타벅스 앞,202008,439
강남구,2331. 동영문화센터앞,202008,281
강남구,2332. 선릉역3번출구,202008,646
강남구,2333. 양재역 3번출구 주변,202008,1034
강남구,2334. 삼호아파트 2동 ( 간선도로),202008,139
강남구,2335. 3호선 매봉역 3번출구앞,202008,817
강남구,2336. 강남세브란스교차로 래미안그레이튼 104동 앞,202008,221
강남구,2337. 대모산입구역 2번출구 앞,202008,301
강남구,2339. 현대아파트 정문 앞,202008,252
강남구,2340. 삼호물산버스정류장(23370) 옆,202008,1317
강남구,2341. 일원역 4~5번 출구 사이,202008,229
강남구,2342. 대청역 1번출구 뒤,202008,1282
강남구,2343. 세곡사거리 대왕파출소 앞,202008,95
강남구,2344. 리엔파크 2단지 앞,202008,463
강남구,2347. 두산건설 본사,202008,293
강남구,2348. 포스코사거리(기업은행),202008,970
강남구,2349. 역삼빌딩 앞(하나은행 옆),202008,185
강남구,2350. 래미안그레이튼102동앞,202008,220
강남구,2351. 청소년수련관(수영장)앞,202008,77
강남구,2352. 서울본부세관(건설회관 앞),202008,143
강남구,2353. 강남구청역 2번출구 뒤,202008,423
강남구,2354. 청담역 2번출구,202008,209
강남구,2355. 삼성역 5~6번 출구 사이,202008,830
강남구,2356. 강남구청,202008,426
강남구,2357. 르네상스호텔사거리 역삼지하보도 3번출구 앞 (더 오번 빌딩 명동칼국수 앞),202008,175
강남구,2358. 구룡초사거리 (현대아파트10동 앞 ),202008,263
강남구,"2359. 국립국악중,고교 정문 맞은편",202008,616
강남구,2360. 도곡1동 주민센터 교차로,202008,373
강남구,2361. 압구정역 교차로,202008,486
강남구,2362. 신사동 가로수길 입구,202008,618
강남구,2363. 강남 을지병원 교차로,202008,242
강남구,2364. 도산대로 렉서스 앞,202008,350
강남구,2365. K+ 타워 앞,202008,700
강남구,2368. 도곡동 경남아파트 건너편,202008,179
강남구,2369. KT선릉타워,202008,558
강남구,2370. 한티역 3번출구,202008,283
강남구,2371. 한국우편사업진흥원,202008,148
강남구,2372. 대치역 사거리,202008,726
강남구,2373. 개포동역 사거리,202008,776
강남구,2375. 수서역 1번출구 앞,202008,479
강남구,2376. 수서역 6번출구 앞,202008,125
강남구,2377. 수서역 5번출구 뒤,202008,1228
강남구,2380. 삼성동베이직하우스앞,202008,344
강남구,2381. 언주역 6번출구앞,202008,314
강남구,2382. 역삼동 sk뷰 501동앞,202008,220
강남구,2383. 보금자리정원,202008,172
강남구,2384. 자곡사거리,202008,994
강남구,2385. 학동역,202008,438
강남구,2386. 논현동 279-165,202008,49
강남구,2387. 래미안강남힐즈 사거리,202008,492
강남구,2388. 강남구 도시관리공단,202008,294
강남구,2389. 경기여자고등학교 후문 (삼성로3길 입구),202008,382
강남구,2390. 구룡마을 입구 (래미안블레스티지 아파트),202008,123
강남구,2391. 구룡터널 입구(개포1단지아파트),202008,10
강남구,2392. 구룡산 입구 (구룡산 서울둘레길 입구),202008,35
강남구,2393. 구룡사 앞 교차로 (보도육교),202008,70
강남구,2395. 개포1단지아파트 입구 (보도육교),202008,7
강남구,2396. 영동3교 북단(우성캐릭터 앞 보도),202008,346
강남구,2398. 더라움,202008,360
강남구,2401. 밀알학교 입구 (삼성서울병원 입구),202008,108
강남구,2403. 공무원연금매점 교차로 (개포주공9단지 입구),202008,108
강남구,2404. 대모산입구역 4번 출구 앞,202008,548
강남구,2405. 청담공원앞 교차로,202008,461
강남구,2406. 논현동 광명빌딩 앞,202008,229
강남구,2407. 역삼.서초.삼성 세무서 앞 (역삼빌딩 앞),202008,753
강남구,2408. 강남한양수자인아파트,202008,387
강남구,2409. 역삼동 디오슈페리움 (우성아파트 사거리),202008,573
강남구,2410. 포스코피앤에스타워 (역삼역 3번출구 부근),202008,418
강남구,2411. 세곡동 성당,202008,453
강남구,2412. 일원1동 주민센터,202008,962
강남구,2413.도곡역 1번 출구,202008,365
강남구,2414. 도곡역 아카데미스위트 앞,202008,541
강남구,2415.한티역 롯데백화점 앞,202008,300
강남구,2416.한티역 6번 출구,202008,129
강남구,2417.선정릉 디캠프(D.CAMP)앞,202008,127
강남구,2418.봉은사역 7번 출구,202008,288
강남구,"2419.봉은사역 1,2번 출구",202008,189
강남구,2420.학여울역 사거리(LG베스트샵 앞),202008,329
강남구,2421. 신논현역 4번출구,202008,250
강남구,2422.수서동 성당 맞은편,202008,252
강남구,2423.영희초교 사거리(래미안개포루체하임),202008,542
강남구,2425.세곡동 사거리(대왕초등학교 정류장),202008,81
강남구,2426.강남한신휴플러스 6단지,202008,206
강남구,2427.개포고등학교 정문앞,202008,128
강남구,2428.롯데리아 개포점앞,202008,125
강남구,2429.압구정로데오역 6번출구,202008,443
강남구,2430.강남파이낸스센터앞(역삼역2번출구),202008,165
강남구,2431.대치역 7번출구,202008,507
강동구,1001. 광진교 남단 사거리(디지털프라자앞),202008,1565
강동구,1002. 해공공원(천호동),202008,1458
강동구,1003. 해공도서관앞,202008,572
강동구,1004. 삼성광나루아파트 버스정류장,202008,1123
강동구,1006. 롯데캐슬 115동앞,202008,343
강동구,1007.암사동 선사유적지,202008,108
강동구,1008. 암사역 3번출구(국민은행앞),202008,2214
강동구,1009. 천호역4번출구(현대백화점),202008,2480
강동구,1010. 강동세무서,202008,1881
강동구,1011. LIGA 아파트 앞,202008,1828
강동구,1012. 서울 상운차량,202008,757
강동구,1013. 강동구청역 1번 출입구,202008,760
강동구,1014. 강동구평생학습관앞,202008,618
강동구,1015. 샛마을 근린공원,202008,642
강동구,1016. 해뜨는 주유소옆 리엔파크 109동앞,202008,527
강동구,1017. 맥도날드(길동),202008,1371
강동구,1018. 둔촌 주공 GS 맞은편,202008,49
강동구,1019. 다성이즈빌아파트(호원대 대각선 맞은편),202008,1919
강동구,1020. 강동경찰서,202008,1964
강동구,1021. 강일동 리슈빌 빌딩앞,202008,1088
강동구,1022. 길동 사거리(초소앞),202008,1143
강동구,1023. 한국종합기술사옥 앞,202008,1062
강동구,1024. 강동구청 앞,202008,1547
강동구,1025. 상일초등학교,202008,401
강동구,1026. 대명초교 입구 교차로,202008,419
강동구,1027. 프라자 아파트 앞,202008,769
강동구,1028. 포레스 주상복합 빌딩,202008,872
강동구,1029. 롯데 시네마,202008,1324
강동구,1030. 미호 플랜트 앞,202008,631
강동구,1031. 올림픽로 836(아리수로),202008,370
강동구,1032. 선사고등학교,202008,419
강동구,1033. 고덕동 아남아파트,202008,425
강동구,1034. 고덕동 래미안 힐스테이트,202008,319
강동구,1035. 고덕역 4번출구,202008,50
강동구,1036. 고덕동 주양쇼핑,202008,820
강동구,1037. 강일리버파크 6단지,202008,165
강동구,1038. 강일 다솜 어린이 공원,202008,171
강동구,1039. 고덕초등학교,202008,97
강동구,1041. 묘곡초등학교,202008,420
강동구,1042. 강일리버파크 2~5단지,202008,412
강동구,1044. 굽은다리역,202008,2751
강동구,1047. 건강보험 강동지사kt,202008,1302
강동구,1048. 동부기업(둔촌동),202008,1323
강동구,1049. 강일리버파크 10단지,202008,570
강동구,1050. 둔촌역 3번 출입구,202008,2827
강동구,1051. 양지시장 (용성약국앞) 입구,202008,834
강동구,1052. 리싸이클시티,202008,148
강동구,1053. 동명근린공원 진입로 (아리수로),202008,232
강동구,1054. 말우물 어린이 공원,202008,187
강동구,1056. 강일리버파크 7~11단지,202008,263
강동구,1057. 능골근린공원,202008,448
강동구,1058. 고덕숲 아이파크 1,202008,630
강동구,1059. 래미안 강동팰리스(102동),202008,751
강동구,1060. 천일초교 사거리,202008,498
강동구,1061. 천호초교 입구 사거리(일주빌딩),202008,678
강동구,1062. 고덕숲 아이파크 2,202008,250
강동구,1063.강동롯데캐슬퍼스트 아파트(관리동),202008,294
강동구,1064.중앙보훈병원역 1번출구,202008,118
강동구,1065.보훈병원 정문옆(중앙대영약국),202008,273
강동구,1066.생태공원앞 교차로(조명탑),202008,59
강동구,1067.한영중고앞사거리,202008,190
강동구,1068.명일파출소,202008,518
강동구,1069.강동경희대학교병원 입구,202008,155
강동구,1070.(시립)고덕평생학습관,202008,229
강동구,1071.명일근린공원공동체텃밭,202008,121
강동구,1073.SSTS 몰 앞,202008,631
강동구,1074.대명초교입구 사거리,202008,623
강동구,1075.천동초교 삼거리,202008,568
강동구,1076.전자랜드 길동점,202008,943
강동구,1077.강동역 1번출구 앞,202008,968
강동구,1078.둔촌사거리,202008,877
강동구,1079.강일동입구교차로,202008,219
강동구,1080.엘웨딩,202008,375
강동구,1081.트레빌빌딩,202008,415
강동구,1082.중앙보훈병원역3번출구,202008,41
강동구,1083.광문고교사거리(아이파크),202008,205
강동구,1084. 윤선생빌딩(JYP사옥),202008,1184
강동구,1085.래미안 솔베뉴(고덕로),202008,334
강동구,1086.래미안 솔베뉴(구천면로),202008,351
강동구,1088.풍납사거리(강동),202008,512
강동구,1089.고덕 래미안힐스테이트(201동),202008,94
강동구,1090.상일동역 2번출구 앞,202008,1305
강동구,3539. 서원마을,202008,122
강북구,"1501. 미아역 3번,4번 출구 사이",202008,1193
강북구,1503. 이디야 커피 수유역점 앞,202008,2024
강북구,1504. 다이소 삼양시장점,202008,416
강북구,1506. 강북문화예술회관,202008,768
강북구,1509. 서울북부수도사업소,202008,606
강북구,1510. 번동주공5단지 관리사무소 앞,202008,245
강북구,1511. 번동 금호어울림아파트102동앞,202008,198
강북구,1512. 강북중학교 앞,202008,1524
강북구,1513. 강북구청 뒷편,202008,184
강북구,1514. 강북구청 사거리 버스정류소 앞,202008,1297
강북구,1515. 송천동 주민센터,202008,557
강북구,1516. 우이초등학교 후문 옆,202008,516
강북구,1518. SK telecom(수유직영점) 앞,202008,487
강북구,1519. 세븐일레븐 수유장미원점 앞,202008,704
강북구,1520. 성실교회,202008,868
강북구,1522. 월드전기조명인테리어(우이동),202008,331
강북구,1525. 미아동 복합청사,202008,357
강북구,1526. 수유동 채선당앞,202008,599
강북구,1527. 미아역 1번 출구 뒤,202008,607
강북구,1528. 삼각산동 주민센터,202008,302
강북구,1529. 미아동 한국전력공사,202008,1253
강북구,1530. 광산사거리,202008,1314
강북구,1531. 미아사거리 1번 출구,202008,1762
강북구,1532. 번3동 주민센터 교차로,202008,706
강북구,"1533. 번동 주공3, 4단지 교차로",202008,1211
강북구,1534. 북서울 꿈의 숲 동문,202008,717
강북구,1535. 효성인텔리안 앞,202008,1539
강북구,1536. 번동 두산위브 101동 옆,202008,860
강북구,1537. 북한산 우이역,202008,638
강북구,1538. 솔밭공원역,202008,351
강북구,1539. 4.19민주묘지역,202008,1031
강북구,1540. 가오리역,202008,703
강북구,1541. 삼양역,202008,138
강북구,1542. 삼양사거리역,202008,291
강북구,1543. 수유1동 주민센터,202008,517
강북구,1545. 솔샘역 2번 출구,202008,123
강북구,1546. 송천동우체국,202008,404
강북구,1547. 꿈의숲 롯데캐슬,202008,271
강북구,1548. 북서울 꿈의숲 서문,202008,340
강북구,1550.삼각산아이원아파트(105동 옆),202008,10
강북구,1551.4.19탑 앞,202008,365
강북구,1552. 강북구청사거리(던킨도너츠 앞),202008,768
강북구,1553.예수그리스도후기성도교회 앞,202008,280
강북구,1554.번동사거리,202008,421
강북구,1557.신창교,202008,681
강북구,1558.강북문화정보도서관,202008,144
강북구,1560. 도봉세무서 앞,202008,565
강북구,1564.4.19민주묘지역 1번출구,202008,28
강북구,1565.대한병원앞,202008,627
강북구,1566.삼각산 아이언APT앞,202008,66
강북구,1568.4.19민주묘지 입구사거리,202008,471
강북구,1569.수유역2번출구,202008,999
강북구,1571.북서울 꿈의 숲 입구,202008,349
강북구,1572.우이산 입구,202008,68
강북구,1573.현대성우아파트 옆,202008,162
강북구,1574.송중초등학교 옆,202008,326
강서구,1101. 개화동상사마을종점 버스정류장,202008,167
강서구,1102. 방화사거리 마을버스 버스정류장,202008,1618
강서구,1103. 방화역 4번출구앞,202008,1533
강서구,1105. 방화근린공원,202008,384
강서구,1106. 신방화사거리,202008,1142
강서구,1108. 공항시장역 2번출구 뒤,202008,902
강서구,1109. 공항시장역 4번출구,202008,683
강서구,1110. 공항중학교앞,202008,820
강서구,1111. 마곡엠밸리6_7단지 마곡중학교,202008,1227
강서구,1112. 마곡엠밸리4단지 정문,202008,3368
강서구,1113. 서남환경공원 버스정류장,202008,1533
강서구,1115. 등촌역 1번출구옆,202008,1321
강서구,1117. 스타벅스앞,202008,2721
강서구,1118. 증미역 3번출구뒤(등촌두산위브센티움오피스텔),202008,3475
강서구,1119. 염창동 한마음아파트앞(염창동 빛나는 음악학원앞),202008,2064
강서구,1120. 대림경동아파트앞,202008,1763
강서구,1121. 가양레포츠센터앞,202008,1266
강서구,1122. 황금내근린공원,202008,2053
강서구,1124. 발산역 6번 출구 뒤,202008,3585
강서구,1125. 명덕고교입구(영종빌딩),202008,2524
강서구,1126. 우장산역 1번출구옆(우장산아이파크105동앞),202008,1170
강서구,1127. 화곡역(에이스정형외과앞) 버스정류장,202008,1497
강서구,1128. 화곡역 6번출구,202008,1076
강서구,1129. 화곡역 1번 출구 앞,202008,1521
강서구,1130. 화곡본동시장 버스정류장,202008,612
강서구,1131. 꿈돌이공원 앞,202008,1871
강서구,1132. 등촌역 7번출구,202008,1556
강서구,1135. 강서구의회,202008,1285
강서구,1136. 등촌2파출소,202008,741
강서구,1137. 등촌2동주민센터,202008,398
강서구,1139. 용문사 버스정류장,202008,1254
강서구,1140. 목동사거리 버스정류장,202008,1338
강서구,1141. 곰달래 문화복지센터 1-1,202008,1214
강서구,1145. 곰달래 문화복지센터 1-2,202008,771
강서구,1146. 곰달래사거리,202008,1205
강서구,1148. 볏골공원,202008,859
강서구,1149. 신방화역환승주차장,202008,3781
강서구,1150. 송정역 1번출구,202008,2797
강서구,1151. 마곡역1번출구,202008,983
강서구,1152. 마곡역교차로,202008,2951
강서구,"1153. 발산역 1번, 9번 인근 대여소",202008,4784
강서구,1155. 기쁜우리복지관,202008,1402
강서구,1157. 강서구청,202008,1953
강서구,1158. 가양역 8번출구,202008,3923
강서구,1159. 서서울모터리움앞,202008,1106
강서구,1160. 양천향교역 7번출구앞,202008,4889
강서구,1161. 강서면허시험장앞,202008,309
강서구,1162. 공항초등학교건너편,202008,1235
강서구,1163. 방화동강서기동대앞,202008,955
강서구,1165. 마곡중학교 후문,202008,755
강서구,1166. 강서구립등빛도서관,202008,2521
강서구,1167. 마곡수명산파크3단지 교차로,202008,1951
강서구,1168. 마곡엠밸리10단지 앞,202008,1009
강서구,1169. 염창역 1번 출구,202008,1343
강서구,1170. 강서구보건소 (삼성디지털 프라자),202008,936
강서구,1171. 염창동 새마을금고 건너편 (모닝글로리),202008,1615
강서구,1172. 가양3동 주민센터,202008,1170
강서구,1173. 강서구청사거리(SH타워),202008,2723
강서구,1174. 강서구청사거리(부민병원),202008,983
강서구,1175. 대한항공 인력개발센터,202008,1093
강서구,1177. 수명중?고교,202008,1174
강서구,1178. 개화산역 2번 출구,202008,845
강서구,1180. 마곡엠밸리 15단지(1502동) 건너편,202008,1558
강서구,1181. 농수산식품공사 (강서지사),202008,253
강서구,1182. KBS 스포츠월드,202008,2821
강서구,1183. KC 대학교,202008,301
강서구,1184. 마곡13단지,202008,2070
강서구,1185. 등촌9단지,202008,1182
강서구,1186. 송정중학교,202008,344
강서구,1187. 강서수산물도매시장,202008,526
강서구,1188. 롯데중앙연구소,202008,261
강서구,1190. 마곡역 교차로(2번출구),202008,1036
강서구,1191. 마곡역 교차로(NH농협),202008,1667
강서구,1192. 마곡수명산파크 209동 건너편,202008,1244
강서구,1193. 마곡센트럴타워 1차,202008,1957
강서구,1194. 센서텍㈜,202008,731
강서구,1195. 코오롱One&Only타워,202008,1319
강서구,1196. 서울식물원(문화센터) 건너편,202008,466
강서구,1197. 엠펠리체 호텔 건너편,202008,2470
강서구,1198. LG 사이언스파크,202008,830
강서구,1199. 우장산역 3번출구,202008,1697
강서구,1200. 개화광역환승센터,202008,213
강서구,2701. 마곡나루역 5번출구 뒤편,202008,3961
강서구,2702. 마곡 엠밸리2단지,202008,992
강서구,2703.서울도시가스 앞,202008,600
강서구,2704.홈플러스(강서점),202008,2249
강서구,2706.강서공업고등학교 앞,202008,1266
강서구,2707.한강아파트,202008,1137
강서구,2708.강서한강자이타워 앞,202008,1821
강서구,2709.강변아파트 310동 앞,202008,678
강서구,2710.라이품 공영주차장 앞,202008,1128
강서구,2711.가로공원공영주차장 1번 출구,202008,747
강서구,2712.화곡터널입구교차로,202008,273
강서구,2713.우장초등학교 앞,202008,704
강서구,2714.발산1동주민센터교차로,202008,1422
강서구,2715.마곡나루역 2번 출구,202008,3972
강서구,2716.롯데 R&D 센터,202008,245
강서구,2717.LG유플러스 마곡사옥,202008,1676
강서구,2718.마곡수명산파크1단지,202008,620
강서구,2719.마곡문화공원,202008,692
강서구,2720.힐스테이트에코,202008,1894
강서구,2721.등촌1-10단지 교차로,202008,1748
강서구,2722.마곡 문영비지웍스,202008,1555
강서구,2723.마곡 필네이처,202008,842
강서구,2724.(재)FITI시험연구원,202008,1078
강서구,2725.서울식물원 식물문화센터,202008,704
강서구,2727.서울식물원 잔디마당 앞,202008,1010
강서구,2728.마곡나루역 3번 출구,202008,2247
강서구,2729.넥센 유니버시티 앞,202008,756
강서구,2730.마곡메가박스 앞,202008,1072
강서구,2731.명덕고교,202008,562
강서구,2732.마곡수명산 1-2단지,202008,794
강서구,2733.마곡13단지 정문 앞,202008,1791
강서구,2735.마곡 공공청사,202008,1096
강서구,2737.까치산역 3번 출구,202008,1071
강서구,2739.수명산파크1단지교차로,202008,893
강서구,2740.마곡레포츠센터,202008,420
강서구,2741.마곡수명산파크5-6단지,202008,694
강서구,2742.강서구민올림픽체육센터,202008,580
강서구,2743.동신아파트 104동 앞,202008,758
강서구,2744.강서세무서 앞,202008,385
강서구,2745.수명초등학교,202008,407
강서구,2746.수명산파크 4단지 411동 앞,202008,583
관악구,2102. 봉림교 교통섬,202008,5778
관악구,2103. 신림동 우방아파트,202008,1337
관악구,2104. 사당역 5번출구,202008,1262
관악구,2105. 미성동 신림체육센터,202008,1058
관악구,2106. 난곡 새마을금고,202008,1609
관악구,2107. 도림천 신화교,202008,1987
관악구,2108. 은천치안센터,202008,1212
관악구,2109. 은천로입구 가로공원,202008,2354
관악구,2110. 조원동 미성아파트,202008,67
관악구,2111. 서울대입구역 1번출구,202008,1150
관악구,2112. 서울대입구역 마에스트로,202008,1013
관악구,2113. 관악동작견인차량보관소,202008,1574
관악구,2115. 관악농협농산물백화점,202008,1279
관악구,2116. 에이스에이존빌딩,202008,871
관악구,2119. 중앙동 동진빌딩,202008,1195
관악구,2122. 낙성대로 입구,202008,780
관악구,2127. 보성운수차고지 맞은편,202008,482
관악구,2128. 관악구청교차로,202008,668
관악구,2129. 낙성대 과학전시관,202008,613
관악구,2130. 영어마을 관악캠프,202008,385
관악구,2135. 신림역 5번출구,202008,1119
관악구,2136. 신림역 8번출구,202008,2360
관악구,2137. KT&G 관악지점,202008,515
관악구,2139. 서울신성초등학교,202008,676
관악구,2140. 신림1교 교차로,202008,985
관악구,2141. 미림여고입구 교차로,202008,231
관악구,2143. 서울산업정보학교,202008,322
관악구,2144. 난우길입구,202008,555
관악구,2145. 은천초등학교 육교,202008,622
관악구,2148. 낙성대역 3번출구 뒤,202008,701
관악구,2156. 농협 관악문성지점,202008,905
관악구,2159. 인헌초교,202008,552
관악구,2160. 관악구 보건소,202008,97
관악구,2164. 관악우체국,202008,966
관악구,2165. JK장평타워,202008,344
관악구,2167. 낙성대역 1번출구,202008,478
관악구,2169. 봉천역 2번출구,202008,1032
관악구,2170. 조원동서울본병원,202008,916
관악구,2171. 서울대입구역 5번출구,202008,1431
관악구,2172. 나들목공원,202008,355
관악구,2173. 당곡사거리,202008,3549
관악구,2174. 삼성디지털프라자관악점,202008,837
관악구,2175. 신림동걷고싶은문화의거리입구,202008,1035
관악구,2176. 보라매공원 보도육교,202008,1514
관악구,2177. 신대방역 2번 출구,202008,4399
관악구,2178. 서울대학교 정문,202008,512
관악구,2179. 양녕로 입구,202008,1216
관악구,2183. 동방1교,202008,3158
관악구,2184. 구암초등학교 버스정류장,202008,138
관악구,2185. 대학동 고시촌,202008,797
관악구,2186.우리은행 낙성대역지점,202008,406
관악구,2187.현대시장사거리(신한은행),202008,637
관악구,2189.삼성서비스센터(관악점),202008,582
관악구,2190.도원맨션,202008,243
관악구,2191.대학동주민센터,202008,624
관악구,2195.은천교회,202008,583
관악구,2196.삼화페인트 봉천점,202008,447
관악구,2198.사랑의병원,202008,420
관악구,2199.신봉천주유소,202008,131
관악구,2200.관악문화원 건너편,202008,72
관악구,3304.낙성대역 5번 출구,202008,370
관악구,3305.낙성대역 8번 출구,202008,171
관악구,3306.서울신우초등학교,202008,109
관악구,3307.봉천고개 육교,202008,263
관악구,3310.영락고등학교,202008,279
관악구,3311.서울대입구역 4번 출구,202008,364
광진구,3500. 군자역2번출구,202008,1325
광진구,3501. 광진구청 앞,202008,1680
광진구,3502. 중곡역 1번출구,202008,533
광진구,3503. 광진유진스웰,202008,128
광진구,3504. 원일교회,202008,1167
광진구,3505. 신양초교앞 교차로,202008,820
광진구,3506. 영동대교 북단,202008,952
광진구,3507. 어린이회관,202008,615
광진구,3508. 화양사거리,202008,723
광진구,3509. 세종사이버대학교,202008,1761
광진구,3510. 중곡SK아파트앞,202008,435
광진구,3516. 구의아리수정수센터앞,202008,386
광진구,3517. 용마사거리,202008,1199
광진구,3518. 군자역 7번출구뒤,202008,2261
광진구,3520. 광진경찰서,202008,1387
광진구,3521. 현대홈타운 뒷길,202008,182
광진구,3523. 건국대학교 과학관(이과대) 앞,202008,474
광진구,3524. 세종대학교,202008,75
광진구,3528. 광진정보도서관,202008,538
광진구,3529. 어린이대공원정문,202008,578
광진구,3533. 건대입구역 사거리(롯데백화점),202008,3194
광진구,3534. 건대입구역 5번출구 뒤,202008,1791
광진구,3535. 중곡사거리(국민은행),202008,1523
광진구,3536. 중앙농협(자양동),202008,1484
광진구,3537. 아차산 휴먼시아 아파트 옆,202008,403
광진구,3541. 커먼그라운드,202008,1923
광진구,3542. 래미안 구의파크 스위트,202008,976
광진구,3543. 세종대학교(학술정보원),202008,221
광진구,3563.구의7단지현대아파트,202008,57
광진구,3564.나루마당,202008,37
광진구,3566.우성4차아파트,202008,819
광진구,3569.건대병원후문,202008,1212
광진구,3570.구의역 리버비스타 오피스텔,202008,955
광진구,3571.화양 APT(횡단보도 옆),202008,1295
광진구,3572.중곡동 성당,202008,2
광진구,3573.광나루안전체험관,202008,535
광진구,3575.자양사거리 (LG 유플러스),202008,902
광진구,3577.신자초교 입구 교차로(SC제일은행),202008,649
광진구,3578.중곡동 파크웨이빌딩,202008,465
광진구,3579.광진 캠퍼스시티,202008,918
광진구,3581.광진광장,202008,396
광진구,3582.화양동 우체국,202008,520
광진구,3586.군자역 비채온 오피스텔,202008,822
광진구,3587.우성식품 앞,202008,462
광진구,3588.세종대학교(영실관),202008,198
광진구,500. 어린이대공원역 3번출구 앞,202008,1552
광진구,501. 광진구의회 앞,202008,860
광진구,502. 뚝섬유원지역 1번출구 앞,202008,6340
광진구,505. 자양사거리 광진아크로텔 앞,202008,1891
광진구,515. 광양중학교 앞,202008,830
광진구,516. 광진메디칼 앞,202008,890
광진구,539. 군자교교차로,202008,1080
광진구,540. 군자역 7번출구 베스트샵 앞,202008,1083
광진구,542. 강변역 4번출구 뒤,202008,1668
광진구,543. 구의공원(테크노마트 앞),202008,6
광진구,544. 광남중학교,202008,795
광진구,546. 잠실대교북단 교차로,202008,967
광진구,548. 자양나들목,202008,1379
광진구,549. 아차산역 3번출구,202008,1375
광진구,551. 구의삼성쉐르빌 앞,202008,1804
광진구,552. 대림아크로리버 앞,202008,626
광진구,553. 중곡 성원APT 앞,202008,852
광진구,555. 구의3동주민센터,202008,249
광진구,571. 어린이대공원역6번출구,202008,466
광진구,572. 국립정신 건강센터 앞,202008,278
광진구,573. 구의문주차장 앞,202008,1124
광진구,574. 아차산역4번출구,202008,1400
광진구,575. 중앙농협 중곡지점,202008,310
광진구,576. 광나루역 3번 출구,202008,1181
광진구,577. 광진청소년수련관,202008,1113
광진구,584. 광진광장 교통섬,202008,1201
광진구,588. 뚝섬 유원지역,202008,1270
광진구,590. 건국대학교 (입학정보관),202008,960
광진구,591. 건국대학교 (행정관),202008,162
광진구,592. 건국대학교 학생회관,202008,798
광진구,593.자양중앙나들목,202008,1563
구로구,1901. 신도림동주민센터 앞,202008,1079
구로구,1904. 도림천역 1번 출구 앞,202008,1145
구로구,1906. 신도림역 1번 출구 앞,202008,3579
구로구,1907. 구일우성(아) 육교 밑,202008,882
구로구,1908. 해원리바파크 육교 밑,202008,1231
구로구,1911. 구로디지털단지역 앞,202008,3455
구로구,1912. 한신휴아파트 앞,202008,1242
구로구,1913. 구로리공원,202008,763
구로구,1914. 대림역4번출구,202008,1168
구로구,1916. 구로중학교앞,202008,417
구로구,1920. 서울미래초등학교 사거리,202008,1019
구로구,1924. 삼부르네상스파크빌,202008,415
구로구,1925. 동양미래대학교 정문 옆,202008,2599
구로구,1928. 고척스카이돔구장 광장,202008,779
구로구,1929. 고척근린공원 고척도서관 앞,202008,492
구로구,1930. 개봉지구대 개봉치안센터,202008,623
구로구,1931. 개봉역(북측광장),202008,1202
구로구,1933. 개봉푸르지오아파트 상가,202008,1089
구로구,1936. 개봉역 1번 출구 자전거보관서쪽,202008,656
구로구,1937. 한진아파트 입구,202008,673
구로구,1941. 오류동역 2번출구,202008,997
구로구,1943. 온수역 북측,202008,379
구로구,1946. 구로역 광장,202008,1412
구로구,1951. 천왕이펜하우스 4단지 상가 앞,202008,167
구로구,1952. 천왕연지타운2단지 앞,202008,1094
구로구,1953. 천왕역 4번출구 뒤,202008,851
구로구,1955. 디지털입구 교차로,202008,2441
구로구,1956. 도야미리숯불갈비 앞,202008,752
구로구,1957. 구일고등학교 정문,202008,1111
구로구,1958. 강서수도사업소민원센터,202008,1068
구로구,1959. 구로구의회 앞,202008,733
구로구,1960. 화광신문사 앞,202008,1646
구로구,1961. 신도림테크노근린공원,202008,2916
구로구,1962. 가리봉동주민센터,202008,874
구로구,1964. 원메디타운 앞,202008,862
구로구,1965. 삼환로즈빌아파트 105동 옆,202008,735
구로구,1966. 한마을아파트 정문상가,202008,892
구로구,1967. 참새공원(백곡경노당),202008,277
구로구,1968. 동인오피스텔 건너편 소공원,202008,263
구로구,1969. 궁동생태공원,202008,159
구로구,1971. 오정초교 앞 보도육교,202008,358
구로구,1973. 오리로와 서해안도로 교차로 앞,202008,337
구로구,1974. 신도림2차e편한세상아파트 203동 앞,202008,880
구로구,1975. 대림역 1번 출입구 밑,202008,892
구로구,1976. 남구로역 5번 출입구 앞,202008,333
구로구,1977. 천왕역 1번 출입구 앞,202008,987
구로구,1979. 구로1동우체국 앞,202008,140
구로구,1981. 천왕이펜하우스5단지 앞,202008,457
구로구,1983. 구로동롯데아파트,202008,1061
구로구,1984. 구로구청,202008,976
구로구,1985. 구로도서관,202008,2079
구로구,1986. 태평양물산빌딩,202008,1817
구로구,1987. 개봉아이파크아파트 앞,202008,997
구로구,1988. 고척LIGA아파트 앞,202008,1525
구로구,1991. 오류동역 맞은편,202008,1107
구로구,1992. 구로구배드민턴실내체육관 앞,202008,199
구로구,1993. 금강수목원아파트 앞,202008,554
구로구,1994. 삼성전자 물류센터 앞,202008,828
구로구,1996. 구일역 1번 출입구 앞,202008,1388
구로구,1998. 고척교 교차로,202008,961
구로구,1999. 수궁동 성당 주변,202008,292
구로구,2000. 신도림4차 e편한세상 아파트 1109동 앞,202008,979
구로구,2801. 대륭포스트타워1차,202008,1374
구로구,2804.항동지구 6단지 602동 앞,202008,330
구로구,2805.구로자원순환센터,202008,109
구로구,2806.항동지구 4단지 입구,202008,171
구로구,2807.항동지구 1단지 105동 앞,202008,422
구로구,2808.항동지구 2단지 202동 앞,202008,310
구로구,2809.항동지구 11단지 1103동 앞,202008,243
구로구,2810.항동지구 3단지 311동 앞,202008,187
구로구,2812.항동프라자,202008,209
구로구,2813.항동지구 3단지 302동 앞,202008,211
구로구,2814.항동지구 10단지 1001동 앞,202008,439
구로구,2815.항동지구 7단지 정문,202008,190
구로구,2816.항동지구 8단지 803동옆(주차장입구),202008,137
구로구,2817.천왕이펜하우스5단지 앞,202008,176
구로구,2818.천왕이펜하우스3단지 앞,202008,248
구로구,2819.하늘숲초등학교 앞,202008,395
구로구,2820.신세기아파트 앞,202008,513
구로구,2821.청구아파트 앞,202008,797
구로구,2822.제니스스포츠 앞,202008,195
구로구,2823.중앙유통단지 앞,202008,446
구로구,2824.미래사랑어린이공원 앞,202008,951
구로구,2825.초롱타운 앞,202008,298
구로구,2826.가마산지하보도 옆,202008,253
금천구,1804. 독산역 2번출구 자전거주차장,202008,1030
금천구,1805. 서울디지털운동장 앞,202008,492
금천구,1806. 에이스하이엔드타워9차 앞,202008,551
금천구,1808. 에이스하이엔드타워8차 앞,202008,591
금천구,1809. LG전자 별관동(호서대 벤처타워 맞은편),202008,319
금천구,1812. 갑을그레이트밸리 앞,202008,546
금천구,1814. 두산위브아파트 옆 상가건물 앞,202008,723
금천구,1816. 금천폭포공원 앞,202008,190
금천구,1819. 금천구청 앞 자전거거치대,202008,581
금천구,1820. 신한은행 시흥대로금융센터지점,202008,317
금천구,1821. 홈플러스 시흥점 맞은편 다비치안경 앞,202008,634
금천구,1822. 서울 시흥동우체국 앞,202008,784
금천구,1823. 상신정비공업 앞,202008,329
금천구,1824. 독산근린공원 입구,202008,1501
금천구,1825. 한신아파트 앞 육교 아래,202008,483
금천구,1826. 한신코아 앞,202008,398
금천구,1827. 독산보도육교 앞 자전거 보관소,202008,2070
금천구,1828. 한양수자인아파트 앞,202008,601
금천구,1829. 홈플러스 금천점 앞,202008,936
금천구,1830. 빅마켓 금천점 앞,202008,1038
금천구,1831. 메이퀸웨딩컨벤션 앞,202008,411
금천구,1833. 독산역 1번출구 앞 자전거보관소,202008,1100
금천구,1834. 월드메르디앙 벤처센터 2차,202008,1116
금천구,1835. STX V타워,202008,505
금천구,1836. 금천구립 독산도서관,202008,112
금천구,1839. 수출의 다리 아래,202008,579
금천구,1840. 솔브레인이엔지 뒤편,202008,595
금천구,1841. 가산동 주민센터,202008,895
금천구,1842. 한울중학교,202008,273
금천구,1843. 독산고등학교,202008,381
금천구,1845. 롯데캐슬골드파크1차 서문,202008,469
금천구,1846. 롯데캐슬골드파크1차 동문,202008,759
금천구,1847. 독산주공 14단지 버스정류소,202008,237
금천구,1848. 벽산 디지털밸리 5차,202008,613
금천구,1849. 대륭포스트타워5차,202008,219
금천구,1850. 코오롱테크노밸리,202008,228
금천구,1851. 가산디지털단지 7번출구,202008,1331
금천구,1852. 혜명양로원 담장 옆,202008,379
금천구,1853. 서울디자인직업전문학교 앞,202008,247
금천구,1854. 가산아네스트 오피스텔 앞,202008,566
금천구,1855. 성지아파트 옆 도로변,202008,116
금천구,1856. 모두의학교,202008,561
금천구,1857. 주공14단지,202008,179
금천구,1858. 석수역1번출구 앞 (SK주유소),202008,342
금천구,1859. 대륭테크노타운 18차,202008,485
금천구,1861.IBK기업은행 석수역 지점 앞,202008,121
금천구,1862.스타즈호텔독산 빌딩 앞,202008,662
금천구,1863.위너스 스포츠클럽 골프연습장옆,202008,245
금천구,1864.산호시티빌 옆,202008,225
금천구,1865.금천구청앞(M빌딩),202008,222
금천구,1866.서울안천초등학교 옆,202008,210
금천구,1867.대륭포스트타워6차 앞,202008,1096
금천구,1868.우리은행 시흥남자동화점 앞,202008,321
금천구,1869.롯데캐슬골드파크3차 301동 앞,202008,426
금천구,1870.독산3동주민센터 앞,202008,357
노원구,1601. 석계역 문화광장 내 자전거 보관소,202008,2317
노원구,1602. 광운대역 앞,202008,1131
노원구,1603. 롯데캐슬 102동 코너(월계주유소건너),202008,1352
노원구,1605. 헬스케어,202008,1619
노원구,1606. 태릉입구역 3번출구,202008,913
노원구,1608. 공릉역 1번 출구 앞,202008,3534
노원구,1610. 화랑대역 2번출구 앞,202008,2070
노원구,1611. 과기대 입구(우),202008,2530
노원구,1616. 하계2동 공항버스정류장 옆,202008,2565
노원구,1617. 하계동 중평어린이공원 앞,202008,2000
노원구,1619. 중계동 하나프라자빌딩 앞(중1-1),202008,1537
노원구,1620. 중계동 노원구민체육센터 옆(중1-2),202008,1185
노원구,1625. 상계역(4번출구),202008,2946
노원구,1628. 노일초등학교 앞,202008,773
노원구,1630. 수연빌딩 앞,202008,1108
노원구,1634. 당고개공원 대여소,202008,1087
노원구,1635. 상계3.4동 주민센터 대여소,202008,328
노원구,1636. 백병원 사거리 농협은행 앞,202008,2252
노원구,1637. KT 노원점 건물 앞,202008,2415
노원구,1639. 희성오피앙,202008,1181
노원구,1640. 한내근린공원 북측,202008,967
노원구,1641. 한내근린공원 남측,202008,476
노원구,1642. 서울여대 남문,202008,521
노원구,1643. 태릉입구역 8번출구,202008,1416
노원구,1646. 삼육대 입구,202008,425
노원구,1650. 중계근린공원내,202008,2576
노원구,1651. 맥도날드 상계점 앞,202008,842
노원구,1652. 파르코 앞,202008,409
노원구,1653. 노원역1번출구,202008,2955
노원구,1654. 당고개입구 오거리,202008,826
노원구,1655. 공릉1단지아파트,202008,2192
노원구,1656. 중앙하이츠 아파트 입구,202008,1466
노원구,1657. 노원구청,202008,904
노원구,1659. 중계동 을지중학교,202008,832
노원구,1660. 서울시립과학관,202008,303
노원구,1661. 당현천근린공원,202008,939
노원구,1662. 노원역7번출구,202008,1146
노원구,1663. 동해문화예술관앞,202008,1595
노원구,1664. 노해근린공원내,202008,289
노원구,1665. 양지근린공원앞,202008,642
노원구,1666. 노원소방서인근,202008,1411
노원구,1667. 중계중학교,202008,1184
노원구,1668. 중계역 6번출구,202008,1558
노원구,1669. 중계역 3번출구,202008,1369
노원구,1670. 노원경찰서교차로,202008,1161
노원구,1671. 인덕대학교,202008,809
노원구,1672. 상계동수락리버시티,202008,483
노원구,1673. 노원역 5번출구,202008,2540
노원구,1674. 서울북부고용센터앞,202008,849
노원구,1675. 월계문화체육센터,202008,59
노원구,1677. 육군사관학교 앞,202008,1009
노원구,1678. 성서대학교 밀알관,202008,147
노원구,1679. 삼육대 도서관,202008,133
노원구,1680. 삼육대 제3과학관,202008,33
노원구,1681. 현대6차 아파트,202008,653
노원구,1682. 중계종합사회복지관 교차로,202008,744
노원구,1683. 노원문화예술회관,202008,1027
노원구,1684. 태릉입구역 5번출구,202008,2080
노원구,1685. 불암고등학교 앞 횡단보도,202008,550
노원구,1686. 온수골사거리(스타벅스앞),202008,2112
노원구,1688. 마들역 7번출구,202008,1481
노원구,1689. 마들역 3번출구,202008,1124
노원구,1690. 도봉운전면허시험장,202008,1032
노원구,1691. 노원정보도서관,202008,730
노원구,1692. 온곡초교 교차로,202008,797
노원구,1693. 원자력 병원,202008,273
노원구,1695.월계미륭아파트 정문,202008,511
노원구,1696.수락리버시티4단지,202008,381
노원구,1697.상계주공2단지 219동,202008,863
노원구,1700.상계보람아파트 202동,202008,659
노원구,2901.공릉동풍림아파트 101동,202008,717
노원구,2902.공릉풍림아파트 108동,202008,824
노원구,2903.월계초안아파트 1단지,202008,338
노원구,2904.중계3차청구아파트,202008,615
노원구,2905.중계주공6단지,202008,334
노원구,2907. 월계중학교,202008,256
노원구,2908. 광운대학교 중앙도서관,202008,595
노원구,2909. 석계역 3번 출구,202008,897
노원구,2910.도깨비시장,202008,1460
노원구,2911.상계역중앙시장,202008,809
노원구,2912.대진고등학교,202008,1000
노원구,2913.상계8동 주민센터,202008,1161
노원구,2915.서울과학기술대학교(어학교육원),202008,781
노원구,2917.신창중학교 후문 맞은편 버스정류장,202008,514
노원구,2918.골마을 근린공원,202008,0
노원구,2919.등나무 근린공원(시립북서울미술관 앞),202008,1534
노원구,2920.상계중학교(당현2교사거리),202008,479
노원구,2921.중계역 2번출구,202008,772
도봉구,1702. 녹천역 1번출구 앞,202008,541
도봉구,1703. 도봉산광역환승센터앞,202008,363
도봉구,1705. 도봉구청 정문앞,202008,1093
도봉구,1706. 기업은행 앞,202008,741
도봉구,1707. 도봉구민회관,202008,817
도봉구,1708. 보건소사거리(다비치안경창동점),202008,1324
도봉구,1709. 쌍문역4번출구 주변,202008,784
도봉구,1713. 쌍문동 이안아파트 앞,202008,143
도봉구,1714. 도봉문화정보도서관 삼거리,202008,143
도봉구,1715. 서울특별시교육청도봉도서관,202008,759
도봉구,1716. 하나로마트 창동점,202008,1625
도봉구,1717. 시립창동운동장 입구,202008,253
도봉구,1719. 신도봉사거리 버스정류장,202008,507
도봉구,1720. 도봉구청 옆(중랑천변),202008,1969
도봉구,1721. 창동역 2번출구,202008,2133
도봉구,1722. 창동청소년수련관,202008,774
도봉구,1723. 방학동학마을도서관,202008,434
도봉구,1725. 창1동주민센터,202008,402
도봉구,1726. 삼익세라믹아파트교차로,202008,896
도봉구,1727. 서울도봉초등학교인근,202008,424
도봉구,1728. 서울북부지방법원,202008,251
도봉구,1729. 파리바게트앞,202008,903
도봉구,1730. 도봉산역 교차로 앞,202008,158
도봉구,1731. 도봉고등학교 맞은편,202008,248
도봉구,1732. 우리은행 앞,202008,563
도봉구,1733. 방학사거리 (봄마당 앞),202008,1188
도봉구,1734. 쌍문현대1차아파트 108동 앞,202008,619
도봉구,"1735. 도봉역 1,2번 출구사이 건너편",202008,582
도봉구,1736. 버스정류장 앞,202008,371
도봉구,1737. 하나은행 (창동점),202008,1401
도봉구,1738. 창동주공17단지 상가앞,202008,1193
도봉구,1741. 제일강산수산입구,202008,1494
도봉구,1742. 북한산 코오롱 하늘채,202008,1116
도봉구,1743.창동19단지아파트 관리사무소앞,202008,568
도봉구,1744.KT방학지사 앞,202008,566
도봉구,1746. 다이소방학점 앞,202008,327
도봉구,1748. 피자헛 앞(도봉병원 옆),202008,402
도봉구,1749. ESA아파트 상가 앞,202008,711
도봉구,1750. 창포원 남쪽 입구,202008,731
도봉구,1751. 창원초등학교 교차로,202008,361
도봉구,1752. 창동 주공 4단지 입구 옆,202008,441
도봉구,1754. 창동시장입구 사거리,202008,498
도봉구,1756.서울북부광역등기국,202008,173
도봉구,1757.솔밭공원역 1번출구 앞,202008,306
도봉구,1758.북서울교회 버스정류소 앞,202008,381
도봉구,1759.서울북부지방법원 앞,202008,347
도봉구,1761.방학중학교 앞,202008,329
도봉구,1762.북한산 한신휴플러스APT앞,202008,741
도봉구,1765.쌍문역 1번 출구(양산부인과 빌딩),202008,591
도봉구,1767.태양중앙교회 앞,202008,909
도봉구,1768.신동아타워 버스정류소,202008,450
도봉구,1771.성원APT버스정류소,202008,639
도봉구,1772.시립도봉노인복지관 버스정류소,202008,272
도봉구,1774.반석교회(쌍문동),202008,260
도봉구,1775.신원리베르텔 앞,202008,365
동대문구,600. 휘경2동 주민센터,202008,215
동대문구,601. 용신동주민센터,202008,726
동대문구,602. 장안동 사거리,202008,2447
동대문구,604. 답십리초등학교 옆 공원,202008,660
동대문구,605. 신설동역8번출구,202008,1014
동대문구,606. 휘경공고앞,202008,764
동대문구,607. 신이문역 2번출구,202008,611
동대문구,608. 전농삼성아파트,202008,186
동대문구,609. 제기2교,202008,1652
동대문구,610. 동대문중 교차로,202008,610
동대문구,612. 시립동부병원 앞 사거리,202008,1370
동대문구,613. 신설동역 10번출구 앞,202008,1527
동대문구,614. 용두동 사거리,202008,1485
동대문구,615. 용두동 래미안허브리츠아파트 앞,202008,1134
동대문구,616. 서울시립대 앞,202008,173
동대문구,617. 청솔우성아파트 앞,202008,991
동대문구,621. 동대문중학교 옆,202008,175
동대문구,622. 전농사거리 교통섬,202008,1007
동대문구,623. 서울시립대 정문 앞,202008,1615
동대문구,624. 전농동 동아아파트 앞,202008,1180
동대문구,625. 답십리초등학교 앞(현대시장 옆),202008,1441
동대문구,626. 군자교 서측 녹지대,202008,940
동대문구,627. 장안동삼거리 교통섬,202008,1460
동대문구,628. 휘봉고등학교 앞,202008,574
동대문구,630. 동대문구 보건소,202008,1363
동대문구,631. 답십리역 1번출구,202008,1852
동대문구,633. 청량리 기업은행 앞,202008,1164
동대문구,634. 외국어대 정문 앞,202008,2106
동대문구,635. 시조사 앞 (청량고정문 옆),202008,1189
동대문구,636. 세종대왕기념관 교차로,202008,626
동대문구,637. KAIST 경영대학 앞,202008,670
동대문구,638. 서울시립대 정보기술관,202008,381
동대문구,639. 서울시립대 후문,202008,649
동대문구,640. KEB하나은행 청량리역지점,202008,676
동대문구,641. 용두역 4번출구,202008,1647
동대문구,642. 신답역 사거리,202008,858
동대문구,643. 동대문구민체육센터 (육교아래),202008,1009
동대문구,646. 장한평역 1번출구 (국민은행앞),202008,2677
동대문구,647. 신이문역 1번출구,202008,689
동대문구,648. 장안동위더스빌옆,202008,1905
동대문구,650. 중랑교사거리,202008,1664
동대문구,652. 답십리 래미안엘파인아파트 입구,202008,570
동대문구,654. 전농동 텃골공원,202008,429
동대문구,656. 영휘원 교차로,202008,589
동대문구,657. 동대문롯데캐슬아파트 앞,202008,977
동대문구,658. 촬영소 사거리,202008,955
동대문구,659. 제기역1번출구,202008,1413
동대문구,660. 동의보감타워,202008,1031
동대문구,661. 경희대학교 청운관,202008,754
동대문구,663. 외대앞역 4번출구,202008,1353
동대문구,664. 서울시립대 대학본부,202008,312
동대문구,665.이문동 쌍용아파트 정문,202008,535
동대문구,666.이문대성유니드아파트 앞,202008,378
동대문구,667.청량차도 육교 밑,202008,231
동대문구,668.서울축산농협(장안지점),202008,1490
동대문구,669.청계한신휴플러스앞 삼거리,202008,731
동대문구,670.삼육서울병원 버스정류장,202008,1755
동대문구,671.대광빌딩,202008,266
동대문구,672.대광고등학교,202008,221
동대문구,673.안암골벽산아파트(후문),202008,703
동대문구,674.고대앞사거리 교통섬,202008,698
동대문구,675.성복교회 앞 (장평교 아래),202008,699
동대문구,676.FITI시험연구원 앞,202008,490
동대문구,677.청량리역 4번 5번출구 사이,202008,1006
동대문구,678.장안힐스테이트(아) 앞,202008,743
동대문구,679.전농SK아파트 앞,202008,231
동대문구,680.꿈마루어린이도서관 앞,202008,1149
동대문구,681.서울특별시 동부교육지원청(육교),202008,69
동작구,2002. 노들역 1번출구,202008,2248
동작구,2003. 사육신공원앞,202008,1009
동작구,2007. 유한양행앞,202008,1126
동작구,2008. 노량진근린공원 대방공원,202008,369
동작구,2009. 보라매역 8번출구,202008,711
동작구,2012. 녹십초요양병원앞,202008,684
동작구,2013. 장승배기역 5번출구,202008,1416
동작구,2015. 신대방삼거리역 6번출구쪽,202008,1784
동작구,2016. 신대방삼거리역 3번출구쪽,202008,1380
동작구,2020. 장승배기역2번출구뒷편쪽,202008,660
동작구,2024. 상도역 1번출구,202008,673
동작구,2025. 흑석역 1번출구,202008,1744
동작구,2026. 흑석역 4번출구,202008,685
동작구,2027. 중앙대학교 정문,202008,522
동작구,2032. 이수역 11번출구쪽,202008,1310
동작구,2033. 사당동 아르테스 웨딩앞,202008,899
동작구,2034. 사당역 7번출구쪽,202008,1004
동작구,2036. 정금마을 마을버스정류장,202008,469
동작구,2037. 동작역 5번출구 동작주차공원,202008,427
동작구,2038. 동작역 7번출구,202008,177
동작구,2040. 비계 버스정류소,202008,229
동작구,2041. 사당중학교 버스정류소,202008,410
동작구,2048. 삼일초등학교 인근,202008,545
동작구,2050. 노량진역 5번출구,202008,2310
동작구,2054. 삼익아파트,202008,1008
동작구,2056. 동작구민 체육센터,202008,719
동작구,2057. 상도 아이파크 아파트,202008,412
동작구,2058. 노량진동 맥도널드앞,202008,1804
동작구,2059. 보라매공원 정문,202008,1300
동작구,2060. 남성역3번출구 뒤,202008,1211
동작구,2061. 한강 현대아파트 건너편,202008,164
동작구,2062. 사당새마을금고,202008,302
동작구,2063. 대방역 4번출구,202008,1069
동작구,2064. 흑석한강푸르지오 106동앞,202008,208
동작구,2065. 서울시여성가족재단,202008,470
동작구,2066. 양문교회 앞,202008,1301
동작구,2067. LG전자 베스트? 대리점 앞,202008,883
동작구,2068. 총신대 앞(육교),202008,104
동작구,2069. 숭실대 입구역3번 출구 앞,202008,543
동작구,2070. 노량진역 2번 출구 앞,202008,1221
동작구,2071. 대림아파트 후문 상가 옆,202008,282
동작구,2076.노들나루공원 입구,202008,1329
동작구,2077.노들역 3번출구,202008,614
동작구,2078.흑석 아크로리버하임(103동),202008,250
동작구,2079.중앙대학교 정문,202008,113
동작구,2080.빕스 대방점 앞,202008,964
동작구,2081.대방1차 e편한세상 앞,202008,618
동작구,2082.7호선 이수역7번출구,202008,394
동작구,2083.흑석롯데캐슬에듀포레(107동),202008,260
동작구,2084.e편한세상 상도노빌리티 앞,202008,395
동작구,2085.강남중학교 앞,202008,520
동작구,2086.삼일수영장 앞,202008,450
동작구,2088.상도중앙하이츠빌 입구,202008,245
동작구,2089.사당역10번출구(금강빌딩),202008,621
동작구,2090.기아자동차 사당점 앞,202008,550
동작구,2091.이수역9번출구(맥도날드),202008,529
동작구,2092.흑석한강푸르지오(110동),202008,114
동작구,2093.상도SH빌아파트 입구,202008,57
동작구,2094.숭실대학교(중문),202008,114
동작구,2095.경문고등학교 앞,202008,369
동작구,2096.서울특별시 동작관악교육지원청,202008,37
동작구,237. 보라매 두산위브 건너편,202008,1189
마포구,101. (구)합정동 주민센터,202008,594
마포구,102. 망원역 1번출구 앞,202008,2296
마포구,103. 망원역 2번출구 앞,202008,1749
마포구,104. 합정역 1번출구 앞,202008,1147
마포구,105. 합정역 5번출구 앞,202008,846
마포구,106. 합정역 7번출구 앞,202008,2461
마포구,107. 신한은행 서교동금융센터점 앞,202008,2105
마포구,108. 서교동 사거리,202008,1237
마포구,109. 제일빌딩 앞,202008,1362
마포구,111. 상수역 2번출구 앞,202008,927
마포구,112. 극동방송국 앞,202008,840
마포구,114. 홍대입구역 8번출구 앞,202008,3848
마포구,118. 광흥창역 2번출구 앞,202008,1094
마포구,119. 서강나루 공원,202008,1136
마포구,120. 신수동 사거리,202008,339
마포구,121. 마포소방서 앞,202008,742
마포구,122. 신성기사식당 앞,202008,972
마포구,124. 서강대 정문 건너편,202008,1095
마포구,125. 서강대 남문 옆,202008,398
마포구,126. 서강대 후문 옆,202008,1216
마포구,127. 현대벤처빌 앞,202008,299
마포구,129. 신촌역(2호선) 6번출구 옆,202008,699
마포구,130. 신촌역(2호선) 7번출구 앞,202008,1586
마포구,136. 대흥동 주민센터,202008,232
마포구,142. 아현역 4번출구 앞,202008,512
마포구,143. 공덕역 2번출구,202008,860
마포구,144. 공덕역 8번출구,202008,2715
마포구,145. 공덕역 5번출구,202008,1004
마포구,146. 마포역 2번출구 뒤,202008,2032
마포구,147. 마포역 4번출구 뒤,202008,2008
마포구,148. 용강동 주민센터 앞,202008,1469
마포구,150. 서강대역 2번출구 앞,202008,842
마포구,151. 망원1동주민센터,202008,1849
마포구,152. 마포구민체육센터 앞,202008,5254
마포구,153. 성산2교 사거리,202008,1645
마포구,154. 마포구청역,202008,2248
마포구,155. 가좌역1 번출구 뒤,202008,1019
마포구,156. 서울서부지방법원 앞,202008,718
마포구,157. 애오개역 4번출구 앞,202008,1207
마포구,181. 망원초록길 입구,202008,191
마포구,182. 망원2빗물펌프장 앞,202008,1657
마포구,183. 하늘채코오롱아파트 건너편,202008,1842
마포구,184. SK망원동주유소 건너편,202008,1656
마포구,185. 마포 신수공원 앞,202008,755
마포구,186. 월드컵공원,202008,2281
마포구,199. 서울 월드컵 경기장,202008,817
마포구,3002.벽산상암스마트큐브,202008,1884
마포구,3003.래미안신공덕3차아파트,202008,45
마포구,3005.마포구청 청사내,202008,167
마포구,3006. 상암월드컵파크5단지(상암중학교),202008,154
마포구,3007.MBC 앞,202008,504
마포구,3008.DMC역7번출구,202008,195
마포구,3009.서교동사거리(신),202008,1231
마포구,3010.홍대입구역 3번출구,202008,2532
마포구,3011.경의선(노고산동),202008,751
마포구,400. 상암한화오벨리스크 1차 앞,202008,763
마포구,401. 상암월드컵파크 10단지 앞,202008,780
마포구,402. 상암월드컵파크 9단지 앞,202008,977
마포구,403. 부엉이공원 앞,202008,515
마포구,405. DMC빌 앞,202008,450
마포구,406. 상암월드컵파크 7단지 앞,202008,585
마포구,407. 마포구 육아종합지원센터,202008,597
마포구,408. LG CNS앞,202008,522
마포구,409. 누리꿈스퀘어 옆,202008,1386
마포구,410. 상암중학교 옆,202008,289
마포구,411. DMC홍보관,202008,854
마포구,412. DMC산학협력연구센터 앞,202008,1129
마포구,413. 상암월드컵파크 3단지 후문,202008,499
마포구,414. 상암동주민센터 옆,202008,1142
마포구,415. DMC역 9번출구 앞,202008,1496
마포구,416. 상암월드컵파크 1단지 교차로,202008,501
마포구,417. DMC역 2번출구 옆,202008,1198
마포구,418. 월드컵경기장역 3번출구 옆,202008,1982
마포구,419. 홈플러스 앞,202008,1784
마포구,420. 서울시 공공자전거 상암센터,202008,1145
마포구,421. 마포구청 앞,202008,1359
마포구,422. 문화비축기지,202008,189
마포구,424. 롯데하이마트 (상암월드컵점),202008,329
마포구,425. DMC첨단산업센터,202008,360
마포구,426. 서울신용보증재단,202008,1233
마포구,427. 성산시영아파트,202008,1076
마포구,432. 마포중앙도서관,202008,371
마포구,436. 이대역 5번출구,202008,294
마포구,437. 대흥역 1번출구,202008,917
마포구,438. 성산2-1 공영주차장,202008,1485
마포구,439. 마포어린이공원,202008,1380
마포구,440. 하늘공원 입구,202008,492
마포구,487.신석초교앞 교차로 교통섬,202008,1017
마포구,489.구룡근린공원,202008,188
마포구,490.가온문화공원,202008,598
마포구,491.월드컵파크 4단지,202008,219
마포구,492.성산시영아파트 후문,202008,851
마포구,493.홍대입구역 6번출구,202008,1078
마포구,495.염리초등학교 앞,202008,614
마포구,497.합정동주민센터 앞,202008,1121
마포구,498.연남동주민센터 앞,202008,1332
서대문구,110. 사천교,202008,503
서대문구,115. 마스타 빌딩 앞,202008,707
서대문구,116. 일진아이윌아파트 옆,202008,1349
서대문구,117. 홍은사거리,202008,2670
서대문구,123. 문화촌 공원,202008,1831
서대문구,128. 신촌역(2호선) 1번출구 옆,202008,1145
서대문구,131. 증산2교,202008,2137
서대문구,133. 해담는다리,202008,1539
서대문구,134. 연세로 명물길,202008,729
서대문구,135. 명물길 원형무대 앞,202008,591
서대문구,137. NH농협 신촌지점 앞,202008,269
서대문구,138. 신촌동 제1공영주차장 앞,202008,610
서대문구,139. 연세대 정문 건너편,202008,202
서대문구,140. 이화여대 후문,202008,483
서대문구,141. 연대 대운동장 옆,202008,343
서대문구,158. 독립문 어린이 공원,202008,458
서대문구,159. 이대역 4번 출구,202008,191
서대문구,160. 북아현동 가구거리,202008,404
서대문구,161. 무악재역1번 출구,202008,285
서대문구,162. 봉원고가차도 밑,202008,481
서대문구,163. 명지전문대학교 정문 앞,202008,269
서대문구,164. 북가좌1동 주민센터,202008,364
서대문구,165. 중앙근린공원,202008,1179
서대문구,166. 가재울 초등학교,202008,1346
서대문구,167. 연가초등학교 옆,202008,315
서대문구,169. 북가좌 삼거리,202008,359
서대문구,170. 가재울 뉴타운 주유소 옆,202008,1029
서대문구,171. 임광빌딩 앞,202008,520
서대문구,173. 서대문역 8번출구 앞,202008,549
서대문구,175. 홍연2교옆,202008,1847
서대문구,176. 명지대학교 도서관,202008,1243
서대문구,177. 북가좌 초등학교,202008,541
서대문구,178. 증산3교 앞,202008,933
서대문구,179. 가좌역 4번출구 앞,202008,981
서대문구,180. 충정로역 7번출구 아래,202008,719
서대문구,188. 홍은동 정원여중 입구,202008,852
서대문구,191. 서우빌딩(바른학원),202008,837
서대문구,192. 연서어린이공원,202008,504
서대문구,194. 증산교 앞,202008,1480
서대문구,195. 모래내고가차도,202008,451
서대문구,196. 연희교차로 인근,202008,261
서대문구,198. 충정2교,202008,538
서대문구,3100. 북성초교,202008,218
서대문구,3101. 서대문구청,202008,703
서대문구,3102. 연희삼거리,202008,745
서대문구,3103. 홍제삼거리 북측,202008,835
서대문구,3104. e편한세상 신촌4단지 앞,202008,522
서대문구,3105. 홍은센트레빌 아파트 앞,202008,266
서대문구,3106. 홍남교 두바퀴쉼터,202008,1186
서대문구,3107. 연희초등학교 앞,202008,385
서대문구,3109.북한산더? 106동 앞,202008,167
서대문구,3110.홍은 현대아이파크 아파트 202동 앞,202008,417
서대문구,3111.무악재역 4번 출구,202008,143
서대문구,3112.독립문역 5번 출구,202008,71
서대문구,3113.독립문역사거리,202008,381
서대문구,3114.충정로역 3번 출구,202008,174
서대문구,3115.북아현 치안센터 인근,202008,379
서대문구,3116.신촌역 4번출구,202008,378
서대문구,3117.이화여대 인문관 인근,202008,140
서대문구,3118.연대 정문앞,202008,1
서대문구,3119.연희 브라운스톤 아파트 앞,202008,776
서대문구,3120.DMC엘가아파트 앞,202008,675
서대문구,3121.가좌삼거리,202008,683
서대문구,3122.북가좌삼거리2,202008,412
서대문구,3123.DMC파크뷰자이1단지 110동 앞,202008,441
서대문구,3124.DMC센트럴아이파크아파트,202008,812
서대문구,3125.연희파크푸르지오아파트 앞,202008,449
서대문구,3126.남가좌동 제2공영주차장,202008,161
서대문구,3127.홍은2파출소 옆,202008,253
서대문구,3128.동신병원 맞은편,202008,465
서대문구,3129.DMC래미안e편한세상203동옆,202008,410
서대문구,3130.가재울사거리,202008,564
서대문구,3131.연가교 교차로,202008,474
서대문구,3132.홍제교,202008,202
서대문구,3133.핀란드 타워앞,202008,80
서대문구,3134.SK리쳄블(상수도사업본부),202008,232
서초구,2201. 본마을 정류소 앞,202008,93
서초구,2202.청계산입구역 1번출구,202008,904
서초구,2203. 청계산입구역 2번출구,202008,259
서초구,2205. 내곡3단지 어린이공원 앞,202008,550
서초구,2206. 언남초등학교 앞,202008,774
서초구,2207. 내곡파출소 뒤 정자,202008,139
서초구,2210. 반포1동 주민센터 앞,202008,315
서초구,2211. 서초구립반포도서관 앞,202008,695
서초구,2212.서초현대4차아파트 201동 맞은편,202008,255
서초구,2213. 고속터미널역 5번출구 앞,202008,901
서초구,2214. 신반포역 2번출구 앞,202008,550
서초구,2215. 반포종합운동장 입구,202008,572
서초구,2217.아크로리버뷰 부지 앞,202008,1524
서초구,"2219. 고속터미널역 8-1번, 8-2번 출구 사이",202008,2883
서초구,2220. 반포본동 주민센터 앞,202008,1920
서초구,2221.하나은행 방배동지점 앞,202008,1083
서초구,2222.사당역 12번출구 뒤,202008,1441
서초구,2223. 방배래미안 정문 앞,202008,337
서초구,2225.백석예술대학교 제3캠퍼스 앞,202008,169
서초구,2226. 신동아럭스빌아파트 앞,202008,209
서초구,2227.방배열린문화센터 앞,202008,590
서초구,2228.뒷벌공원 옆,202008,1242
서초구,2229.로고스교회 맞은 편,202008,304
서초구,2230.이수역 4번 출구,202008,1471
서초구,2231. 삼성타운(삼성생명) A동 맞은편,202008,1055
서초구,2233. 서초신동아1차아파트 옆,202008,482
서초구,2235.KT 서초지사 앞,202008,457
서초구,2237.서울남부터미널 대합실 입구,202008,813
서초구,2239.교대역 6번출구,202008,424
서초구,2241.양재전화국 사거리,202008,280
서초구,2242.양재역 11번 출구 앞,202008,582
서초구,2243.서울가정법원,202008,500
서초구,2244.교육개발원입구 교차로,202008,1128
서초구,2245.양재초등학교 맞은편,202008,441
서초구,2246. 서울시 품질시험소 앞,202008,555
서초구,2247.섬들근린공원,202008,1091
서초구,2248. 서초리슈빌S 글로벌 앞,202008,206
서초구,2249. 우솔초등학교 맞은편,202008,197
서초구,2250. 서초유치원 맞은편,202008,577
서초구,2251. 더케이호텔 입구(양재2),202008,702
서초구,2252. 하이브랜드 앞,202008,956
서초구,2255.시민의숲역 1번출구 옆,202008,1231
서초구,2256.양재동 꽃시장 입구,202008,287
서초구,2257. 하나로클럽 양재점 맞은편,202008,168
서초구,2258.구룡사 삼거리,202008,250
서초구,2259. 잠원역 3번-4번 출구사이,202008,772
서초구,2262. 한신16차아파트 119동 앞,202008,1741
서초구,2263. 바우뫼문화복지회관,202008,478
서초구,2264. 이수역 1번출구,202008,1886
서초구,2265. 이수고가차도 남단,202008,1389
서초구,2266. 서초역 3번출구,202008,620
서초구,2268. 서초4동주민센터,202008,464
서초구,2269. 주홍교 하부,202008,136
서초구,2270. 서초포레스타 7단지,202008,312
서초구,2271. 내방역 8번출구 앞,202008,649
서초구,2272. 교대입구 교차로,202008,253
서초구,2273. 일동제약 사거리,202008,644
서초구,2274. 양재시민의숲역 3번출구,202008,1035
서초구,2275. 염곡치안센터 건너편,202008,66
서초구,2276. 영동1교 (양재천근린공원),202008,656
서초구,2277. 길마중4교 하부,202008,767
서초구,2279. 교대역 5번출구뒤,202008,927
서초구,2280. 서울서초고용센터앞,202008,367
서초구,2281. 연세사랑병원신관앞,202008,289
서초구,2282. 방배래미안아트힐 101동앞,202008,220
서초구,2283. 그룹한빌딩옆,202008,224
서초구,2284. CJ오쇼핑앞,202008,207
서초구,2285. LH서초3단지 301동 맞은편,202008,316
서초구,2286. 탑성마을입구,202008,53
서초구,2287. 능안마을입구,202008,16
서초구,2288. 안골마을입구,202008,35
서초구,2289. 남태령역 2번출구,202008,142
서초구,2290. 서래마을파리15구공원앞,202008,285
서초구,2292. 무지개아파트 앞,202008,161
서초구,2293. SPC 앞,202008,505
서초구,2294. 두상빌딩 앞,202008,1051
서초구,2297. 남부터미널역 1번출구,202008,517
서초구,2298. 래미안서초스위트앞,202008,394
서초구,2299. 한전아트센터 앞,202008,568
서초구,2501. 서초 포레스타5단지,202008,645
서초구,2502. 서초역1번출구 앞,202008,422
서초구,2503. 반포1동 서초빌딩 앞,202008,562
서초구,2504. 신사역 4번출구 뒤,202008,505
서초구,2505. 우성아파트사거리 (기업은행앞),202008,842
서초구,2506. LG유플러스 (방배사옥),202008,257
서초구,2508. 양재이스타빌 앞,202008,919
서초구,2509. KT반포지사,202008,324
서초구,2510. JW타워,202008,116
서초구,2511. 이수역 6번출구 앞,202008,853
서초구,2514.사평역 2번출구,202008,102
서초구,2515.서초초등학교 후문,202008,354
서초구,2516.본마을 노인복지센터 앞,202008,169
서초구,2517.서초3교(효령로69길 방면),202008,76
서초구,2518.서초3교(효령로70길 방면),202008,193
서초구,2519.서초2교(사임당로 방면),202008,112
서초구,2520.서초1교 (진흥아파트 방면),202008,308
서초구,2521.서초 크로바타워 앞,202008,246
서초구,2523.뉴코아 킴스클럽 앞,202008,675
서초구,2524.반포쇼핑타운 8동 앞,202008,365
서초구,2525.반포쇼핑타운 2동 앞,202008,1084
서초구,2526.반포경남쇼핑 앞,202008,217
서초구,2527.반포중학교 앞(세화여고 맞은편),202008,161
서초구,2528.함지박 사거리,202008,492
서초구,2529.우리은행 방배동지점 앞,202008,631
서초구,2530.삼호3차아파트 앞,202008,777
서초구,2531.멤피스아파트 앞,202008,650
서초구,2532.국립국악원 앞,202008,86
서초구,2533.한가람미술관 앞,202008,119
서초구,2534.신흥교(애견훈련소),202008,27
서초구,2535.신반포역 3번출구 뒤,202008,265
서초구,2536.서초종합체육관 입구,202008,54
서초구,2537.양재역 8번출구 앞,202008,361
서초구,2538.사평리 공원,202008,517
서초구,2539.대한무역투자진흥공사 KOTRA 앞,202008,148
서초구,2540.반포천 앞,202008,561
서초구,2541.옛골 입구,202008,66
서초구,2542.신논현타워 앞,202008,337
서초구,2545.국립중앙도서관(국제회의장옆),202008,51
서초구,2547.포드서초서비스센터앞,202008,6
서초구,2548.반포1동 자율방범초소 옆,202008,117
서초구,2549.LH 서초 4단지 403동,202008,311
서초구,2550.양재동 꽃시장 건너편,202008,322
성동구,3511. 응봉역 1번출구,202008,2549
성동구,3513. 상왕십리역 1번출구,202008,1033
성동구,3514. 왕십리교회옆,202008,1673
성동구,3515. 서울숲 관리사무소,202008,1516
성동구,3525. 금호스포츠센터앞,202008,660
성동구,3527. 왕십리 자이아파트,202008,39
성동구,3530. 왕십리자이아파트 후문(삼거리),202008,204
성동구,3531. 논골사거리(금호도서관 입구),202008,58
성동구,3532. 왕십리KCC스위첸아파트,202008,111
성동구,3538. 서울숲 IT캐슬,202008,458
성동구,3544.한양대역 3번 출구,202008,634
성동구,3545.한양대역 1번출구,202008,380
성동구,3548.뚝섬역 6번출구,202008,563
성동구,3549.건영아파트 앞,202008,724
성동구,3550.금호나들목,202008,456
성동구,3551.성동도로사업소,202008,192
성동구,3552.서울숲 공영주차장앞,202008,340
성동구,3553.마장역3번출구,202008,287
성동구,3555.양지사거리(센트라스APT 115동앞),202008,134
성동구,3556.신금호파크자이APT앞,202008,68
성동구,3557.서울숲리버뷰자이APT105동 앞,202008,169
성동구,3558.마장동 금호어울림APT앞,202008,384
성동구,3559.성동구민종합체육센터 앞,202008,950
성동구,3560.성동구 견인차량 보관소 앞,202008,1180
성동구,3561.행당동 삼부APT후문,202008,66
성동구,3600.사근빗물펌프장 건너편,202008,1291
성동구,506. 금호 어울림 아파트 앞,202008,248
성동구,507. 성수아이에스비즈타워 앞,202008,864
성동구,508. 성수아카데미타워 앞,202008,988
성동구,509. 이마트 버스정류소 옆,202008,2234
성동구,510. 서울숲 남문 버스정류소 옆,202008,731
성동구,511. 서울숲역 4번 출구 옆,202008,700
성동구,512. 뚝섬역 1번 출구 옆,202008,1603
성동구,513. 뚝섬역 5번 출구 정류소 옆,202008,1535
성동구,514. 성수사거리 버스정류장 앞,202008,1202
성동구,518. 청계천 박물관 앞,202008,702
성동구,519. 양지사거리,202008,690
성동구,520. 상왕십리역 4번 출구 앞,202008,488
성동구,521. 왕십리역 11번 출구 앞,202008,1337
성동구,522. 금호역 1번출구 앞,202008,225
성동구,523. 옥수동성당 옆,202008,97
성동구,524. 래미안금호하이리버 아파트 102동 옆,202008,222
성동구,525. 한양대병원사거리,202008,1342
성동구,526. 용답토속공원 앞,202008,715
성동구,529. 장한평역 8번 출구 앞,202008,961
성동구,530. 청계벽산아파트 앞,202008,1412
성동구,533. 우리은행 금호동 지점 앞,202008,294
성동구,534. 금호사거리,202008,158
성동구,535. 응봉삼거리,202008,418
성동구,536. 행당역 2번출구 앞,202008,683
성동구,537. 한양대후문역 부근,202008,967
성동구,538. 답십리역 8번출구 앞,202008,947
성동구,550. 서울시설공단 앞,202008,822
성동구,556. 달맞이공원,202008,116
성동구,557. 도선동 주민센터 앞,202008,868
성동구,558. 성동광진 교육지원청 앞,202008,980
성동구,559. 왕십리역 4번 출구 건너편,202008,1394
성동구,560. 비전교회 앞,202008,998
성동구,561. 서울숲역 2번출구 앞,202008,911
성동구,562. 군자지하보도 앞,202008,709
성동구,563. 성동세무서 건너편,202008,1217
성동구,564. 금호역 3번출구,202008,114
성동구,565. 옥수역 3번출구,202008,3030
성동구,567. 성수역 2번출구 앞,202008,1747
성동구,568. 청계8가사거리 부근,202008,2485
성동구,569. 응봉현대아파트 정류소,202008,185
성동구,578. 성동세무서 부근,202008,786
성동구,579. 마장역 4번출구,202008,773
성동구,581. 용답초등학교,202008,167
성동구,582. 경일중학교 앞,202008,929
성동구,583. 청계천 생태교실 앞,202008,3222
성동구,585. 성수2가1동 공영주차장 인근,202008,1627
성동구,586. 마장동 주민센터,202008,614
성동구,587. 유니베라 앞,202008,1010
성동구,589. 성수역3번출구,202008,2375
성동구,594. 중랑물재생센터(서울새활용플라자),202008,360
성동구,9980. 에이텍,202008,2
성북구,1302. 한성대입구역6번출구 뒤,202008,1074
성북구,1303. 돈암초교 입구,202008,771
성북구,1304. 만해공원,202008,201
성북구,1305. 성북구청,202008,805
성북구,1308. 안암로터리 버스정류장 앞,202008,3560
성북구,1314. 정릉꿈에그린1단지 201동 앞,202008,301
성북구,1315. 고려사대부속중고 정문,202008,355
성북구,1316. 고려사대부속중고 건너편,202008,300
성북구,1318. 길음역 3번출구 뒤,202008,866
성북구,1320. LG베스트샵 종암점,202008,1902
성북구,1321. 국민은행 종암동지점 앞,202008,1753
성북구,1322. 래미안라센트아파트 103동 앞,202008,845
성북구,1323. 월곡역 입구 육교 밑,202008,441
성북구,1325. 상월곡역 4번출구,202008,438
성북구,1326. 상월곡역 1번출구,202008,543
성북구,1327. 상월곡역 3번출구,202008,971
성북구,1328. 월곡역 3번출구,202008,1709
성북구,1332. 석계역 5번출구 건너편,202008,1192
성북구,1333. 석관초등학교 앞,202008,1064
성북구,1334. 석관동주민센터 앞,202008,723
성북구,1336. 성북3교 위,202008,1356
성북구,1337. 돈암성당 옆,202008,1739
성북구,1338. 용문2교 옆,202008,986
성북구,1339. 삼성전자서비스 성북센터,202008,759
성북구,1340. 광운초등학교 앞,202008,515
성북구,1342. 성북쉼터 앞,202008,250
성북구,1343. 한성대7번출구 앞,202008,882
성북구,1344. 아리랑시네센터 앞,202008,452
성북구,1346. 길음8골어린이공원 옆,202008,666
성북구,1347. 길음래미안아파트817동 상가 앞,202008,398
성북구,1348. 성북제일새마을금고 본점 앞,202008,488
성북구,1349. 월계2교 버스정류장 앞,202008,423
성북구,1351. 안암2교 옆,202008,1462
성북구,1352. e 편한세상 보문아파트 내,202008,188
성북구,1353. 금호어울림센터힐 내,202008,280
성북구,1354. 고려대학교 2번출구,202008,1349
성북구,1355. 보문2교,202008,1735
성북구,1357. 북한산보국문역,202008,442
성북구,1358. 정릉도서관 앞,202008,555
성북구,1359. 장위뉴타운 꿈에 숲 코오롱 하늘채 앞,202008,682
성북구,1360. 정릉역,202008,578
성북구,1361. 홍익중고 입구,202008,824
성북구,1362. 보문역6번출구 앞,202008,1028
성북구,1363. 보문4교 인근,202008,1728
성북구,1364. 성북동 치안센터 앞,202008,643
성북구,1365. 선잠단지 앞,202008,213
성북구,1366. 일신초등학교 옆,202008,301
성북구,1367. 길음문화복합미디어센터,202008,346
성북구,1368. 성신여대입구 교차로,202008,827
성북구,1369. 미아사거리,202008,1331
성북구,1370. 복자사랑 피정의 집,202008,324
성북구,1372. KEB은행 고대점,202008,1369
성북구,1373. 성북구보건소 건너편,202008,781
성북구,1375. 생명의 전화 종합복지관 앞 교차로,202008,1343
성북구,1376. 한국과학기술연구원 중문,202008,153
성북구,1377. 한국과학기술연구원 북문,202008,179
성북구,1379.길음뉴타운푸르지오아파트 3단지,202008,122
성북구,1380.월곡역 5번출구 앞,202008,749
성북구,1381.석계역 4번출구 뒤,202008,784
성북구,1382.래미안월곡아파트 입구,202008,473
성북구,1384.성신여대입구역 5번출구,202008,1058
성북구,1385.성신여대입구역 3번출구 앞,202008,587
성북구,1386.동선고가차도 초입,202008,301
성북구,1388.커핀그루나루,202008,360
성북구,1390.석관래미안아트리치,202008,980
성북구,1391.성북청소년센터,202008,294
성북구,1392.돈암삼성풍림아파트,202008,17
성북구,1393.돈암육교 하단,202008,47
성북구,1394.길음뉴타운 래미안9단지,202008,571
성북구,1395.래미안장위포레카운티(102동),202008,393
성북구,1396.래미안장위퍼스트하이(513동),202008,680
성북구,1397.래미안월곡아파트 (창문여고 건너편),202008,518
송파구,1201. 가락시장역 3번 출구,202008,1376
송파구,1203. 밀리아나2빌딩 앞,202008,1273
송파구,1204. 거여역 3번출구,202008,788
송파구,1205. 종합운동장역 4번출구,202008,569
송파구,1206. 9호선종합운동장역 9번출구,202008,531
송파구,1207. 마천CU우방점 앞,202008,557
송파구,1208. 풍납현대아파트쉼터,202008,1002
송파구,1209. 잠실나루역 (2번 출구 쪽),202008,2825
송파구,1210. 롯데월드타워(잠실역2번출구 쪽),202008,3377
송파구,1211. 방이삼거리,202008,2145
송파구,1212. 송파역 2번 출구앞,202008,1110
송파구,1213. 백토공원 앞,202008,421
송파구,1214. 오금역 7번 출구 인근,202008,610
송파구,1215. 올림픽공원역 1번출구 앞,202008,865
송파구,1217. 송파파인타운 7단지,202008,559
송파구,1218. 방이역 4번출구,202008,1480
송파구,1220. 잠실본동주민센터뒤 잠실근린공원,202008,1420
송파구,1221. 삼전사거리 포스코더샵,202008,1450
송파구,1222. 잠실새내역 5번 출구 뒤,202008,1943
송파구,1224. 아시아지하보도 2번 출구,202008,979
송파구,1226. 잠실4동 주민센터 옆,202008,1200
송파구,1227. 거여역 8번출구 뒤,202008,706
송파구,1228. 마천사거리,202008,796
송파구,1229. 송파체육문화회관 앞,202008,779
송파구,1230. 송파중학교 정문,202008,435
송파구,1231. 잠실역 6번출구,202008,1385
송파구,1232. 롯데마트 주차장 옆,202008,854
송파구,1233. 잠실3거리(갤러리아팰리스),202008,522
송파구,1235. 잠실트리지움310동 옆,202008,1018
송파구,1239. 문정 법조단지3,202008,231
송파구,1240. 문정 법조단지4,202008,290
송파구,1241. 문정 법조단지5,202008,243
송파구,1242. 문정 법조단지6,202008,57
송파구,1243. 문정 법조단지7,202008,1236
송파구,1244. 문정 법조단지8,202008,1535
송파구,1245. 문정 법조단지9,202008,919
송파구,1246. 문정 법조단지10,202008,799
송파구,1247. 문정 법조단지11,202008,582
송파구,1248. 방이초등학교,202008,1260
송파구,1249. 아주중학교건너편,202008,739
송파구,1250.문정2동 주민센터,202008,357
송파구,1251. 석촌역 2번출구,202008,1255
송파구,1253. 오금역 3번 출구 뒤,202008,356
송파구,1256. 문정현대아파트 교차로,202008,540
송파구,1257. 가락시장역 롯데마트앞,202008,1013
송파구,1258. 가락미륭아파트 앞,202008,220
송파구,1259. 방이역 1번출구,202008,977
송파구,1260. 방이동 한양3차아파트 옆,202008,803
송파구,1262. 송파여성문화회관 앞,202008,1054
송파구,1263. 장지공영차고지,202008,122
송파구,1264. 천호역 10번 출구 앞,202008,1499
송파구,1265. 문정동 근린공원,202008,914
송파구,1266. 문정동 글샘 공원,202008,334
송파구,1267. 올림픽공원 남2문 앞,202008,501
송파구,1268. 몽촌토성역 1번출구 옆,202008,1922
송파구,1269. 리센츠아파트,202008,804
송파구,1271. 송파도서관,202008,597
송파구,1274. 영파여고 앞,202008,778
송파구,1275. 거여초등학교 옆,202008,358
송파구,1277. 오금동 송파 참병원,202008,846
송파구,1278. 송파구청 교차로,202008,1523
송파구,1279. 마천금호어울림 1차아파트 건너편,202008,407
송파구,1280. 송파파크데일 2단지입구 앞 주차장,202008,388
송파구,1282. 송파소방서 맞은편(성내4교),202008,1102
송파구,1283. 오금공원 사거리,202008,99
송파구,1285. 위례별 유치원 뒤,202008,280
송파구,1286. 위례중앙푸르지오 1단지 앞,202008,754
송파구,1287. 위례아이파크 101동 맞은편,202008,323
송파구,1288. 문정중교 사거리,202008,660
송파구,1289. 풍납동 자전거보관소,202008,387
송파구,1290. 위례송파꿈에그린아파트24단지 앞 성벽 다리 밑,202008,308
송파구,1291. 서울체육고등학교 앞,202008,364
송파구,1293. 석촌호교차로 (스타벅스 앞),202008,1380
송파구,1295. 잠실역 8번출구,202008,2176
송파구,1296. 석촌호수교차로 (송파나루근린공원 앞),202008,397
송파구,1297. 석촌호수교차로(동호 팔각정 앞),202008,907
송파구,1299. 송파소방서 (방이119안전센터),202008,422
송파구,1300. 오륜사거리,202008,412
송파구,2601. 석촌호수 서호사거리,202008,1404
송파구,2603. 송파 글마루 도서관,202008,493
송파구,2604. 삼표레미콘 앞,202008,671
송파구,2605. 복정역 1번 출구 앞,202008,231
송파구,2606. 위례동주민센터 맞은편 근린공원,202008,720
송파구,2607. 복정역 2번출구 후문 (장지치안센터),202008,471
송파구,2608. 송파구청,202008,893
송파구,2609. 보성중고등학교 후문 앞,202008,64
송파구,2610. 여흥레이크빌 앞 (석촌호수 까페거리),202008,1161
송파구,2611. 송파지역자활센터 뒤,202008,1233
송파구,2612. 문정·가락 대여소 앞,202008,37
송파구,2613. 잠실나들목,202008,1648
송파구,2614. 가락고등학교 앞,202008,751
송파구,2615. 테라타워2,202008,1129
송파구,2616. 거여동 사거리,202008,295
송파구,2617. 가락삼환아파트 앞,202008,674
송파구,2618. 삼전역 1번출구,202008,781
송파구,2619. 석촌고분역 4번출구,202008,1619
송파구,2620. 송파나루역 4번 출구옆,202008,2208
송파구,2621. 한성백제역 2번 출구,202008,2692
송파구,2622. 올림픽공원역 3번출구,202008,2353
송파구,2623.석촌동 주민센터,202008,1004
송파구,2625.가락1동 주민센터,202008,357
송파구,"2626.경찰병원역 1,2번 출구 사이",202008,332
송파구,2627.문정시영아파트 5동 앞 공원,202008,285
송파구,2628.문정역 1번출구,202008,649
송파구,2629.문정동 힐스데이트 에코 송파,202008,869
송파구,2630.서울방이동 고분군,202008,666
송파구,2631.배명고등학교,202008,435
송파구,2632.석촌고분역 2번 출구,202008,859
송파구,2633.송파학사 옆,202008,311
송파구,2634.위례포레샤인아파트 2318동,202008,278
송파구,2635.잠실새내역 1번출구,202008,458
송파구,2637.잠실월드 메르디앙,202008,866
송파구,2638.쌍용아파트,202008,890
송파구,2639.석촌역 8번출구,202008,986
송파구,2641.송파역 4번출구,202008,1336
송파구,2642.마천동 성내천 쉼터,202008,452
송파구,2643.풍납중학교 측면,202008,205
송파구,2644.성내5교 (GS주유소),202008,551
송파구,2645.잠실나들목2(엘스아파트136동),202008,1213
송파구,2646.레이클펠리스101동앞,202008,823
송파구,2647.잠실 자전거 수리센터 앞,202008,485
송파구,2648.헬리오시티 112동 앞,202008,779
송파구,2649.오금공원사거리2,202008,152
송파구,2650.위례22단지 2208동 다리앞,202008,123
송파구,2651.경찰병원역 3번출구 앞,202008,470
송파구,2652.송파 레미니스1단지 102동 앞,202008,414
송파구,2653.올림픽공원사거리(선수촌아파트),202008,715
송파구,2654.올림픽선수촌아파트 136동 앞,202008,243
송파구,2655.송이공원,202008,163
송파구,2656.풍납동 아이파크 107동 앞,202008,757
송파구,2657.송파 파인타운 11단지,202008,338
송파구,2658.가락몰 업무동,202008,495
송파구,2659.서울친환경유통센터,202008,30
양천구,700. KB국민은행 염창역 지점 앞,202008,1424
양천구,701. 목동사거리 부근,202008,1008
양천구,702. 목4동주민센터 옆,202008,1284
양천구,703. 오목교역 7번출구 앞,202008,2968
양천구,704. 남부법원검찰청 교차로,202008,2207
양천구,706. 신정네거리역,202008,973
양천구,707. 신정3동주민센터,202008,407
양천구,708. 서울출입국관리사무소 앞,202008,1976
양천구,709. 신정3동 현장민원실 앞,202008,674
양천구,710. 금옥여고보도육교,202008,1
양천구,711. 신일해피트리아파트 앞,202008,728
양천구,712. 강월초교입구 사거리,202008,852
양천구,713. 양서중학교 옆,202008,617
양천구,714. 한국SGI 양천문화회관 앞,202008,622
양천구,716.신정6동 주민센터 인근,202008,1037
양천구,719. 홍익병원앞 교차로,202008,1343
양천구,720. 서울강월초등학교 앞,202008,437
양천구,722. LG전자베스트샵 신정점,202008,1920
양천구,723. SBS방송국,202008,1746
양천구,724. 계남공원 입구 주출입구 좌측,202008,191
양천구,725. 양강중학교앞 교차로,202008,442
양천구,726. 목동3단지 시내버스정류장,202008,2057
양천구,729. 서부식자재마트 건너편,202008,1604
양천구,731. 서울시 도로환경관리센터,202008,1434
양천구,732. 신월동 이마트,202008,794
양천구,733. 신정이펜하우스314동,202008,477
양천구,734. 신트리공원 입구,202008,1295
양천구,735. 영도초등학교,202008,1821
양천구,736. 오솔길공원,202008,855
양천구,737. 장수공원,202008,800
양천구,739. 신월사거리,202008,954
양천구,740. 으뜸공원,202008,917
양천구,741. 화곡로 입구 교차로,202008,308
양천구,742. 등촌역 5번 출구 뒤,202008,693
양천구,743. 현대6차아파트 101동 옆,202008,619
양천구,744. 신목동역 2번 출구,202008,1677
양천구,745. 강서초등학교,202008,620
양천구,746. 목동2단지 상가,202008,1915
양천구,747. 목동3단지 상가,202008,1089
양천구,748. 목동운동장,202008,331
양천구,749. 이대 목동병원 앞,202008,1126
양천구,750. 연의근린공원 건너편,202008,692
양천구,752. 성원2차 아파트,202008,866
양천구,754. 목동1단지아파트 118동 앞 (월촌초등학교 정류소 옆),202008,1138
양천구,755. 목동1단지아파트 상가 앞 (월촌중학교 버스정류소 옆),202008,1778
양천구,756. 목동주차장,202008,1134
양천구,757. 신정이펜하우스 1단지아파트 입구 사거리,202008,451
양천구,758. 한사랑교회 앞,202008,1498
양천구,759. 보아스아파트 앞,202008,568
양천구,760. 잣절보도육교 아래,202008,429
양천구,762. 오목로 무중력지대 앞,202008,766
양천구,763. 목동11단지 아파트,202008,827
양천구,764. 목동청소년수련관,202008,1671
양천구,765. 오목교역 3번출구,202008,3258
양천구,766. 신목동역 3번출구,202008,1682
양천구,767.신정숲속마을아파트,202008,148
양천구,768.목동5단지아파트 501동,202008,944
양천구,769.CBS방송국 앞,202008,1515
양천구,770.목동역5번출구 교통정보센터 앞,202008,3023
양천구,771.목동아파트 703동 앞,202008,1307
양천구,"773.염창역 3, 4번 출구 사이",202008,829
양천구,774.등촌역 4번 출구,202008,545
양천구,775.세종그랑시아 앞(102동),202008,593
양천구,776.목마공원,202008,334
양천구,777.신월6차보람아파트 앞,202008,728
양천구,779.양천나눔누리센터,202008,1121
양천구,780.신정교 하부,202008,855
양천구,781.신정보도육교 아래,202008,1413
양천구,782.서남병원 후문,202008,471
양천구,"785.양천구청, 보건소 사잇길",202008,1483
양천구,786.목동아파트 8단지 상가동 앞,202008,1204
양천구,787.양천아파트 입구,202008,1441
양천구,788.양천구청역 2번출구 옆,202008,1443
양천구,790.화곡고가 사거리,202008,444
양천구,791.현대하이페리온,202008,1487
양천구,792.목동트라팰리스 웨스턴에비뉴,202008,2198
양천구,793.목동5단지아파트 534동,202008,984
양천구,794.양천문화회관,202008,1031
양천구,795.양천 해누리타운,202008,1115
양천구,796.목동아파트 14단지 B상가 앞,202008,1047
양천구,797.목동아파트 1422동 1434동 사잇길,202008,1424
영등포구,200. 국회의원회관,202008,314
영등포구,201. 진미파라곤 앞,202008,1199
영등포구,202. 국민일보 앞,202008,2545
영등포구,203. 국회의사당역 3번출구 옆,202008,1340
영등포구,204. 국회의사당역 5번출구 옆,202008,857
영등포구,205. 산업은행 앞,202008,1232
영등포구,206. KBS 앞,202008,1438
영등포구,207. 여의나루역 1번출구 앞,202008,6596
영등포구,209. 유진투자증권빌딩 앞,202008,958
영등포구,210. IFC몰,202008,3166
영등포구,211. 여의도역 4번출구 옆,202008,2348
영등포구,212. 여의도역 1번출구 옆,202008,1959
영등포구,213. KT앞,202008,1560
영등포구,214. 금융감독원 앞,202008,945
영등포구,215. 여의도고교 앞,202008,677
영등포구,216. 삼부아파트1동 앞,202008,1084
영등포구,217. NH농협은행 앞,202008,1378
영등포구,218. 증권거래소 앞,202008,538
영등포구,219. 롯데캐슬엠파이어 옆,202008,869
영등포구,220. 미성아파트 A동 앞,202008,1245
영등포구,221. 여의도초교 앞,202008,1335
영등포구,222. 시범아파트버스정류장 옆,202008,2470
영등포구,223. 진주아파트상가 앞,202008,1114
영등포구,224. 롯데캐슬 앞,202008,1480
영등포구,225. 앙카라공원 앞,202008,1361
영등포구,226. 샛강역 1번출구 앞,202008,1500
영등포구,227. 양평2나들목 보행통로 입구,202008,1757
영등포구,228. 선유도역 3번출구 앞,202008,3047
영등포구,229. 양평1 보행육교 앞,202008,1381
영등포구,230. 영등포구청역 1번출구,202008,3608
영등포구,231. 남부고용노동지청 남측,202008,733
영등포구,232. 양평우림 이비즈센타 앞,202008,2591
영등포구,233. YP 센터 앞,202008,339
영등포구,234. 영등포구민체육센터 앞,202008,663
영등포구,235. 신길동 우리은행 옆,202008,647
영등포구,236. 문래동자이아파트 앞,202008,1412
영등포구,238. 제2구민체육센타 앞,202008,836
영등포구,239. 유스호스텔 앞,202008,1030
영등포구,240. 문래역 4번출구 앞,202008,1701
영등포구,241. 신길우성1차아파트 앞 공원,202008,977
영등포구,242. 신길선원가와인아파트 앞,202008,696
영등포구,243. 이앤씨드림타워 앞,202008,1669
영등포구,244. 영등포삼환아파트 앞,202008,1441
영등포구,245. 삼성생명 당산사옥 앞,202008,1698
영등포구,247. 당산역 10번출구 앞,202008,4162
영등포구,248. 초원아파트 앞,202008,1075
영등포구,249. 여의도중학교 옆,202008,1124
영등포구,250. 대림아파트 사거리,202008,663
영등포구,251. 서울지방병무청 버스정류장,202008,809
영등포구,252. 보라매역4번출구,202008,1090
영등포구,253. 신풍역 5번출구 인근,202008,777
영등포구,254. 도림신협 앞,202008,1055
영등포구,255. 도림사거리,202008,1045
영등포구,256. 동아에코빌입구,202008,805
영등포구,257. 신길삼거리(우리은행),202008,2548
영등포구,258. 신길역3번출구,202008,1277
영등포구,259. 대방역6번출구,202008,2341
영등포구,260. 여의도 마리나선착장 앞,202008,402
영등포구,262. 영문초등학교 사거리,202008,2180
영등포구,263. 근로자회관 사거리,202008,2532
영등포구,264. 교보생명보험 앞,202008,965
영등포구,265. 영등포유통상가 사거리,202008,1059
영등포구,266. 영등포청과시장 사거리,202008,640
영등포구,267. 삼성화재 사옥 옆,202008,1169
영등포구,268. 그랜드컨벤션센터 앞,202008,1454
영등포구,270. 증권거래소후문교차로,202008,641
영등포구,271. 샛강생태공원방문자센터 앞,202008,371
영등포구,272. 당산육갑문,202008,3636
영등포구,274. 영등포역지하쇼핑센타 5번출구,202008,3017
영등포구,275. 신동아아파트,202008,1659
영등포구,276. SK 영등포주유소,202008,1565
영등포구,277. 영등포뉴타운지하상가 2번게이트,202008,1350
영등포구,278. 쌍용플레티넘오피스텔,202008,1478
영등포구,279. 영등포 푸르지오 아파트,202008,1110
영등포구,280. 양평동6차현대아파트 앞,202008,1658
영등포구,281. 신동아아파트 앞,202008,675
영등포구,282. 신한은행,202008,460
영등포구,283. 아크로타워 스퀘어(영등포시장),202008,2542
영등포구,284. 센트럴 푸르지오 시티 앞,202008,2812
영등포구,285. 대림3동사거리(하나은행),202008,510
영등포구,286. 우성아파트 교차로,202008,1171
영등포구,287. 영등포전화국사거리 (서강어린이공원),202008,1384
영등포구,288. 쌍용예가(구청별관),202008,798
영등포구,289. 대림3동사거리,202008,882
영등포구,290. 당산동 SK V1 빌딩,202008,1101
영등포구,291. 문래동 하이테크 시티,202008,1579
영등포구,292. 영일 어린이공원,202008,744
영등포구,293. 충북 미래관,202008,1954
영등포구,295.영등포공원 분수대 앞,202008,270
영등포구,296.KT플라자 영등포점,202008,921
영등포구,297.국회3문,202008,153
영등포구,298.KBS 연구동 건너편,202008,133
영등포구,299.여의도 순복음교회,202008,401
영등포구,3201.당산skv1센터,202008,577
영등포구,3202.당산롯데캐슬프레스티지,202008,1425
영등포구,3203.도림동배드민턴체육관,202008,279
영등포구,3204.도림고가도로 밑,202008,470
영등포구,3205.문래중학교,202008,1156
영등포구,3206.문래동 주민센터,202008,445
영등포구,3207.양남사거리 교통섬,202008,403
영등포구,3211.신길 래미안 프레비뉴,202008,565
영등포구,3212.신풍역 6번출구,202008,563
영등포구,3214.영등포 푸르지오,202008,834
영등포구,3215.강변삼성래미안,202008,647
영등포구,3219.영등포역 2번출구,202008,1102
영등포구,3220.래미안에스티움 앞 (신풍로),202008,658
영등포구,3221.서울특별시 남부교육지원청,202008,199
용산구,800. 목월공원 앞,202008,1162
용산구,802. 한강진역 2번 출구 앞,202008,390
용산구,803. 한남초교 앞 보도육교,202008,184
용산구,805. 문배어린이공원 앞,202008,654
용산구,806. 전자랜드 본관 앞,202008,693
용산구,807. 서울역 12번 출구 앞,202008,678
용산구,808. 서빙고동 금호맨션 앞,202008,260
용산구,809. 한남 유수지 복개주차장,202008,591
용산구,810. 이태원지하보도,202008,441
용산구,811. 녹사평역1번출구,202008,406
용산구,812. 용산전쟁기념관,202008,129
용산구,813. 삼각지역 3번출구,202008,789
용산구,815. LIG강촌아파트 103동앞,202008,1294
용산구,816. 신용산역 6번출구 앞,202008,1517
용산구,817. 삼각지역 4번출구 앞,202008,484
용산구,818. 숙명여대 입구 교차로,202008,1137
용산구,819. 선린인터넷 고등학교,202008,726
용산구,820. 청파동입구 교차로,202008,672
용산구,822. 이촌1동 마을공원,202008,276
용산구,823. 효창동주민센터 앞,202008,176
용산구,825. 서빙고동 주민센터 앞,202008,1914
용산구,827. 국군복지단,202008,47
용산구,828. 숙대입구역 8번,202008,569
용산구,829. 베르가모앞,202008,1938
용산구,830. 청암자이아파트앞,202008,367
용산구,831. 이태원관광특구입구,202008,197
용산구,832. 이촌1동 주민센터 뒤,202008,1311
용산구,834. 효창공원앞역 3번출구 뒤,202008,1293
용산구,835. 남영역 건너편,202008,756
용산구,836. 현대자동차서비스 앞,202008,736
용산구,837. 한남나들목 입구,202008,1208
용산구,838. 숙대입구역 4번출구,202008,939
용산구,839. 보광동 삼성리버빌아파트 앞,202008,642
용산구,840. 용산 파크타워 앞,202008,353
용산구,841. 신용산역 1번 출구,202008,1232
용산구,843. 녹사평역 광장,202008,471
용산구,844. 이촌2동 동원베네스트 아파트 앞,202008,718
용산구,845. 용산 선인상가,202008,594
용산구,846. 용산중학교,202008,871
용산구,847. 국방부민원실옆,202008,138
용산구,848. 삼각지12번 출구,202008,263
용산구,849. 삼각지 자이아파트,202008,631
용산구,850. KCC용산월츠타워,202008,440
용산구,851.효창 푸르지오 앞,202008,125
용산구,852.청암자이APT(103동),202008,439
용산구,853.용산역 맞은편,202008,1735
용산구,854.HID 유족동지회 앞,202008,108
용산구,855.이촌역5번출구 앞,202008,54
용산구,857. 현대 안성타워,202008,270
용산구,858.녹사평역3번 출구,202008,101
용산구,859.남산공원 야외식물원 앞,202008,10
용산구,860.LG한강 자이아파트 앞,202008,778
용산구,863.이촌역2번 출구,202008,222
용산구,864.순천향대학병원(한남오거리),202008,537
용산구,865.하얏트호텔 앞,202008,46
용산구,866.브라운스톤 남산아파트,202008,356
용산구,867.서빙고역 광장(1번출구),202008,185
용산구,868.롯데하이마트 용산점 앞,202008,237
용산구,869.노들섬 동측 앞,202008,344
용산구,870.노들섬 서측 앞,202008,928
은평구,4652. 신사두산위브2차아파트 앞,202008,1
은평구,900. 은평예술회관,202008,628
은평구,901. 응암1동사무소,202008,900
은평구,902. 진관동 은빛초등학교,202008,323
은평구,903. 은평뉴타운 아이파크,202008,723
은평구,904. 은평뉴타운 푸르지오,202008,578
은평구,905. 구파발역 2번출구,202008,1591
은평구,906. 연신내역 5번출구150M 아래,202008,2384
은평구,907. CJ 드림시티,202008,3239
은평구,908. 구산역 4번출구,202008,905
은평구,909. 백련산 힐스테이트 3차,202008,322
은평구,911. 은평평화공원(역촌역4번출구),202008,1530
은평구,912. 응암오거리,202008,1776
은평구,913. 이마트 은평점,202008,2485
은평구,914. 새절역 2번출구,202008,2146
은평구,915. 증산역 4번출구,202008,1253
은평구,916. 평생학습관 앞,202008,904
은평구,917. 녹번역 4번출구,202008,963
은평구,919. 서울혁신파크,202008,657
은평구,921. 신도고등학교,202008,256
은평구,922. 연신내역 4번출구,202008,378
은평구,923. 국민은행 연서지점,202008,545
은평구,924. 메뚜기다리,202008,150
은평구,925. 불광역 2번출구,202008,446
은평구,926. 불광역 8번출구,202008,1211
은평구,927. 연신내역 3번출구 인근,202008,359
은평구,928. 은평역사한옥박물관,202008,236
은평구,930. 구 서부경찰서 건너편,202008,669
은평구,931. 역촌파출소,202008,2306
은평구,932. 예일여중,202008,741
은평구,933. LG서비스 역촌점,202008,1466
은평구,934. 신사동 성당,202008,481
은평구,937. 상림마을 롯데캐슬2단지 옆,202008,149
은평구,938. 금암 문화공원,202008,178
은평구,939. 은평구청 교차로,202008,536
은평구,941. 은평뉴타운 도서관,202008,324
은평구,942. 상림마을 생태공원,202008,382
은평구,943. 은평구청 보건소,202008,1382
은평구,945. 기자촌 사거리,202008,278
은평구,946. 독바위역,202008,462
은평구,947. 연신내 선일하이츠빌 정류소,202008,743
은평구,948. 디지털미디어 시티역 4번출구(DMC역),202008,554
은평구,949. 연신내역 1번 출구,202008,720
은평구,950. 구산역 2번 출구,202008,1436
은평구,951. 연신내역 6번출구옆,202008,841
은평구,952. 서울연신중학교,202008,310
은평구,953. 서울연신초등학교,202008,337
은평구,954. 은평뉴타운구파발9단지,202008,552
은평구,956. 응암시장교차로,202008,2221
은평구,958. 신한은행 응암동 지점 앞,202008,1211
은평구,959. 구파발10단지 인근,202008,330
은평구,960. 구파발역 환승센터,202008,369
은평구,961. 불광역 9번 출구,202008,832
은평구,962. 은평뉴타운 힐데스하임,202008,774
은평구,963. 대호프라자아파트,202008,626
은평구,964. 북한산힐스테이트 7차아파트,202008,340
은평구,965. 서울특별시 은평병원,202008,316
은평구,966. 서울혁신파크1,202008,250
은평구,967. 서울혁신파크2,202008,297
은평구,968. 은평뉴타운 상림마을 13단지,202008,120
은평구,969. 은평 지웰테라스,202008,210
은평구,971. 역촌 센트레빌 아파트,202008,257
은평구,972. 수색역,202008,715
은평구,973.제각말푸르지오 5-1단지 아파트,202008,129
은평구,974.연신초등학교옆 마을마당,202008,58
은평구,975.백련산 힐스테이트상가앞,202008,182
은평구,976.진관고등학교앞,202008,351
은평구,977.신도중학교앞,202008,78
은평구,978.녹번 힐스테이트상가앞,202008,306
은평구,979.원풍빌라앞,202008,497
은평구,982.유니클로 은평점앞,202008,632
은평구,984.상신초등학교앞 버스정류장,202008,883
은평구,985.은평온누리약국앞,202008,490
은평구,989.응암 꼬꼬닭치킨호프 앞,202008,824
은평구,991.흥국사 정류장,202008,65
은평구,992.북한산입구 정류장,202008,115
은평구,993.은평뉴타운 온뜨락아파트앞,202008,302
은평구,994.북한산생태공원입구(교통섬),202008,178
은평구,995.은평다목적체육관,202008,135
은평구,996.응암역 1번출구,202008,2138
종로구,301. 경복궁역 7번출구 앞,202008,997
종로구,302. 경복궁역 4번출구 뒤,202008,1668
종로구,303. 광화문역 1번출구 앞,202008,1417
종로구,304. 광화문역 2번출구 앞,202008,982
종로구,305. 종로구청 옆,202008,1020
종로구,306. 광화문역 7번출구 앞,202008,1360
종로구,307. 서울역사박물관 앞,202008,760
종로구,308. 광화문 S타워 앞,202008,1412
종로구,309. 광화문역 6번출구 옆,202008,730
종로구,314. 국립현대미술관,202008,738
종로구,316. 종각역 1번출구 앞,202008,1666
종로구,326. 안국역 5번출구 앞,202008,1159
종로구,327. 낙원상가 옆,202008,1047
종로구,328. 탑골공원 앞,202008,629
종로구,329. 청계2가 사거리 옆,202008,991
종로구,334. 종로3가역 2번출구 뒤,202008,1173
종로구,335. 종로3가역 15번출구 앞,202008,823
종로구,337. 창경궁 입구,202008,265
종로구,338. 세운스퀘어 앞,202008,656
종로구,339. 종로4가 사거리,202008,724
종로구,340. 혜화동 로터리,202008,1294
종로구,3401.창신두산아파트,202008,20
종로구,3402.이화공영주차장,202008,327
종로구,3403.서울특별시 교육청,202008,140
종로구,3404.서울특별시 중부교육지원청,202008,34
종로구,3405.파크팰리스,202008,587
종로구,3406.세종로공원,202008,455
종로구,3407.안국동사거리(신),202008,765
종로구,3408.종로타워빌딩,202008,624
종로구,341. 혜화역 3번출구 뒤,202008,790
종로구,3411.종묘,202008,543
종로구,3412.세운상가,202008,343
종로구,3413.종로플레이스,202008,838
종로구,3414.종로5가역 4번출구,202008,255
종로구,3415.동대문역6번출구,202008,604
종로구,3416.동묘앞역 6번출구,202008,400
종로구,3417.창신3동주민센터,202008,387
종로구,3418.창신역2번 출구,202008,52
종로구,3419.국립어린이과학관,202008,258
종로구,342. 대학로 마로니에공원,202008,1568
종로구,3420.성균관대입구사거리(맥도날드),202008,530
종로구,3421.혜화역 1번출구,202008,672
종로구,3422.성균관대 정문,202008,1020
종로구,3423.현대그룹(본사),202008,598
종로구,3425.광화문 풍림스페이스본 1단지앞,202008,274
종로구,3426.독립문역 2번출구 뒤,202008,167
종로구,3427.인왕산 아이파크 정문,202008,255
종로구,3428.서울미술관,202008,142
종로구,3429.AW컨벤션앞,202008,121
종로구,343. 예일빌딩(율곡로) 앞,202008,323
종로구,3430.구기치안센터 앞,202008,51
종로구,3431.로제우스 레포츠센터,202008,110
종로구,3432.종로2가 사거리,202008,756
종로구,344. 성균관대 E하우스 앞,202008,483
종로구,345. 서울보증보험본사 앞,202008,756
종로구,348. 독립문역 사거리,202008,860
종로구,349. 사직동주민센터,202008,692
종로구,351. 청운초교 앞 삼거리,202008,766
종로구,352. 중앙고입구 삼거리,202008,274
종로구,353. 재동초교 앞 삼거리,202008,576
종로구,354. 포르투갈 대사관 앞,202008,777
종로구,355. 서울사대부속초교 앞,202008,711
종로구,356. KT혜화지사 앞,202008,695
종로구,358. 성대입구 사거리,202008,1122
종로구,359. 원남동사거리,202008,767
종로구,361. 동묘앞역 1번출구 뒤,202008,2102
종로구,362. 청계8가 사거리,202008,1403
종로구,363. 신설동역 11번출구 뒤,202008,1228
종로구,364. 창신역 1번출구 앞,202008,388
종로구,367. 독립문역 3-1번출구,202008,912
종로구,368. SK 서린빌딩 앞,202008,724
종로구,369. 광화문 시민열린마당,202008,1267
종로구,385. 종각역 5번출구,202008,1221
종로구,386. 올림픽기념 국민생활관 앞,202008,378
종로구,388. 동성중학교 앞,202008,456
종로구,393. 동대문역 8번 출구,202008,1270
종로구,394. 경희궁 자이 3단지,202008,154
종로구,395. 경희궁 자이 2단지,202008,1013
종로구,397. 종묘공영주차장 건너편,202008,384
종로구,446. 상명대입구,202008,556
종로구,449. 일성아파트,202008,184
종로구,450. 효자동 삼거리,202008,423
종로구,451. 청와대앞길,202008,240
종로구,452. 동대문 종합시장 버스정류장,202008,491
종로구,453. 종로오가 지하쇼핑센터 14번출구,202008,703
종로구,454. 종로2가 버스정류장 (종각방향),202008,799
종로구,455. 삼익한의원,202008,575
종로구,456. 숭인2동 주민센터 입구 (이강3대냉면),202008,794
종로구,457. 종로꽃시장 입구 옆,202008,536
종로구,458. 광화문역 5번출구,202008,1873
종로구,461. 서울지방경찰청,202008,768
종로구,462. 신영동삼거리(북악터널방향),202008,22
종로구,464. 삼청동 골목,202008,577
종로구,465. 삼청공원 앞,202008,112
종로구,486. 평창동주민센터 앞,202008,177
중구,300. 정동사거리,202008,940
중구,3013.서울지방고용노동청 앞,202008,0
중구,310. 청계광장 옆,202008,933
중구,311. 서울광장 옆,202008,2262
중구,312. 시청역 1번출구 뒤,202008,1638
중구,318. 광교사거리 남측,202008,454
중구,320. 을지로입구역 4번출구 앞,202008,907
중구,321. KEB 하나금융그룹 명동사옥 옆,202008,893
중구,322. 명동성당 앞,202008,473
중구,324. 신세계백화점 본점 앞,202008,643
중구,331. 을지로2가 사거리 북측,202008,785
중구,332. 을지로2가 사거리 남측,202008,695
중구,336. 티마크 호텔 앞,202008,527
중구,346. 맥스타일 앞,202008,1111
중구,347. 동대문역사문화공원역 9번출구 앞,202008,875
중구,370. 시청역(2호선) 9번출구 뒤,202008,1192
중구,371. 동대입구역 6번출구 뒤,202008,388
중구,372. 약수역 3번출구 뒤,202008,626
중구,373. 청구 어린이공원,202008,120
중구,374. 청구역 2번출구 앞,202008,865
중구,375. 다산 어린이공원,202008,981
중구,378. 청계7가 사거리,202008,936
중구,379. 서울역9번출구,202008,741
중구,380. CJ제일제당 앞,202008,739
중구,381. 장충체육관,202008,188
중구,382. 약수역 10번출구 앞,202008,484
중구,383. 신당역 12번 출구 뒤,202008,1753
중구,384. 종로학원본원,202008,445
중구,387. 훈련원공원주차장 앞,202008,749
중구,389. 을지로4가역 1번출구,202008,561
중구,390. 충무로역 1번출구,202008,1068
중구,391. 정동길입구,202008,484
중구,398. 을지로3가역 3번출구,202008,897
중구,399. 서울역 센트럴 자이아파트,202008,520
중구,428. 명보사거리,202008,527
중구,429. 송도병원,202008,130
중구,430. KEB하나은행 장충동지점,202008,706
중구,431. 청계천 영도교,202008,2051
중구,433. 을지로입구역 2번출구,202008,1104
중구,434. 신당 래미안 버스정류장,202008,151
중구,435. SK 남산빌딩,202008,202
중구,441.염천교사거리,202008,217
중구,442.서울역 서부,202008,269
중구,443.호암아트홀,202008,324
중구,444.서울역3번 출구,202008,240
중구,445.대한상공회의소,202008,454
중구,466.롯데호텔,202008,598
중구,467.한국은행,202008,353
중구,468.웨스틴 조선호텔,202008,207
중구,469.회현역 1번출구,202008,189
중구,470.회현역 7번출구,202008,222
중구,471.회현사거리 남측,202008,365
중구,472.삼일교(시그니쳐 타워),202008,485
중구,473.을지로4가역 9번출구,202008,751
중구,474.동대문역사문화공원역 1번출구 뒤편,202008,910
중구,475.DDP 패션몰,202008,420
중구,476.광희문,202008,356
중구,477.앰배서더 호텔 주변,202008,108
중구,479.동대입구역 3번 출구,202008,165
중구,480.약수역 6번 출구,202008,197
중구,481.신당역 10번 출구,202008,217
중구,482.예수소망교회,202008,78
중구,483.남산타운아파트 버스정류장,202008,182
중구,484.도동삼거리,202008,26
중구,485.서울역4번출구,202008,255
중구,826. 서울역 서부교차로2,202008,1069
중랑구,1401. 극동늘푸른아파트,202008,1959
중랑구,1402. 금란주차장 앞,202008,1060
중랑구,1403. 중화빌딩 앞 (동부시장),202008,1273
중랑구,1404. 동일로 지하차도,202008,1177
중랑구,1405. 망우역 1번출구,202008,884
중랑구,1406. 망우청소년수련관,202008,140
중랑구,1407. 먹골역 1번출구 뒤,202008,990
중랑구,1408. 먹골역 6번출구 앞,202008,952
중랑구,1410. 면목 대원칸타빌아파트,202008,234
중랑구,1411. 상봉시장앞 교차로 한성빌딩 앞,202008,765
중랑구,1412. 면목초등학교,202008,473
중랑구,1413. 봉화산역 5번출구 뒤,202008,793
중랑구,1414. 사가정역 1번출구,202008,1851
중랑구,1416. 상봉역 3번출구,202008,888
중랑구,1418. 새솔초등학교,202008,318
중랑구,1420. 신내어울공원 앞,202008,430
중랑구,1421. 신내역 4번출구,202008,133
중랑구,1422. 신내우디안아파트 1단지,202008,146
중랑구,1424. 양원역 2번출구,202008,107
중랑구,1425. 용마문화복지센터,202008,434
중랑구,1426. 면목도시개발아파트 1동 앞,202008,215
중랑구,1427. 용마산역 1번출구,202008,189
중랑구,1428. 원묵고등학교,202008,425
중랑구,1429. 장안중학교,202008,622
중랑구,1430. 중랑구청,202008,765
중랑구,1431. 중랑구청 사거리,202008,1225
중랑구,1433. 중화역 2번출구,202008,1316
중랑구,1434. 홈플러스 면목동점,202008,637
중랑구,1435. 능산삼거리,202008,244
중랑구,1436. 영풍마드레빌,202008,427
중랑구,1437. 늘푸른공원 앞,202008,721
중랑구,1438. 홈플러스 신내점 앞,202008,1294
중랑구,1440. 하나은행 면목지점,202008,972
중랑구,1441. 신내능말공원,202008,359
중랑구,1442. (구)신한은행 중랑교지점,202008,1568
중랑구,1443. 구립망우청소년독서실,202008,349
중랑구,1444. 면목4치안센터,202008,895
중랑구,1445. 용마지구대,202008,158
중랑구,1446. 중랑전화국 교차로,202008,1156
중랑구,1447. 면목역 3번출구,202008,1378
중랑구,1448. 코스트코 상봉점,202008,1572
중랑구,1449. 상봉역 1번출구,202008,1606
중랑구,1450. 화랑대역 7번출구,202008,1010
중랑구,1451. 중랑세무서,202008,1633
중랑구,1452. 겸재교 진입부,202008,1446
중랑구,1453. 중랑캠핑숲,202008,192
중랑구,1454. 한국전력공사(동대문 중랑지사),202008,685
중랑구,1455. 상봉역 2번 출구,202008,1140
중랑구,1456. 상아빌딩(우림시장 교차로),202008,723
중랑구,1457. 동원사거리,202008,574
중랑구,1458. 상봉터미널2,202008,1510
중랑구,1459. 용마한신아파트사거리,202008,398
중랑구,1461.동양엔파트 앞,202008,627
중랑구,1462.동부시장 북문 앞,202008,991
중랑구,1463.중랑구민회관,202008,85
중랑구,1464.중화역 4번출구,202008,633
중랑구,1465.중랑공영차고지 옆,202008,339
중랑구,1466.두산대림아파트 삼거리,202008,190
중랑구,1467.sk신내 주유소앞(용마산로),202008,46
중랑구,1468.먹골역 7번 출구,202008,569
중랑구,1469.먹골역 4번출구,202008,579
중랑구,1470.중화동 우리은행 앞,202008,842
중랑구,1471.동양쇼핑 정류소 앞,202008,6
중랑구,1472.영성빌딩(PAT),202008,305
중랑구,1473.중랑역 1번 출구(중화문화복지센터),202008,686
중랑구,1474.서울중랑우체국,202008,503
중랑구,1477.면목삼익아파트 앞,202008,151
중랑구,1478.홈플러스 상봉점 앞,202008,786
중랑구,1479.면목 홈플러스 2,202008,373
중랑구,1480. 용마지구대 옆,202008,436
강남구,2301. 현대고등학교 건너편,202009,4920
강남구,2302. 교보타워 버스정류장(신논현역 3번출구 후면),202009,1081
강남구,2303. 논현역 7번출구,202009,920
강남구,2304. 신영 ROYAL PALACE 앞,202009,324
강남구,2305. MCM 본사 직영점 앞,202009,376
강남구,2306. 압구정역 2번 출구 옆,202009,1219
강남구,2307. 압구정 한양 3차 아파트,202009,1893
강남구,2308. 압구정파출소 앞,202009,1123
강남구,2309. 청담역(우리들병원 앞),202009,516
강남구,2310. 청담동 맥도날드 옆(위치),202009,698
강남구,2311. 학동로 래미안 아파트 앞,202009,370
강남구,2312. 청담역 13번 출구 앞,202009,526
강남구,2313. 금원빌딩 앞,202009,1437
강남구,2314. 청담나들목입구,202009,1188
강남구,2315. 봉은사역 5번출구 옆,202009,1130
강남구,2316. 삼성역 8번출구,202009,1648
강남구,2317. 삼성도로공원,202009,1629
강남구,2318. 삼성중앙역4번출구(문화센터더 리빌),202009,546
강남구,2319. 포스코사거리 서측(수협 삼성동 지점),202009,507
강남구,2320. 도곡역 대치지구대 방향,202009,780
강남구,2321. 학여울역 사거리,202009,1136
강남구,2322. 삼성역 3번 출구,202009,957
강남구,2323. 주식회사 오뚜기 정문 앞,202009,407
강남구,2324. 천주교 대치 2동 교회 옆,202009,1301
강남구,2325. 대치동 버거킹대치점,202009,1233
강남구,2326. 대치동 삼성로,202009,453
강남구,2327. 뱅뱅사거리 랜드마크타워 앞,202009,1044
강남구,2328. 르네상스 호텔 사거리 역삼지하보도 7번출구 앞,202009,441
강남구,2329. 르네상스호텔사거리 역삼지하보도 2번출구,202009,329
강남구,2330. 스타벅스 앞,202009,712
강남구,2331. 동영문화센터앞,202009,690
강남구,2332. 선릉역3번출구,202009,1128
강남구,2333. 양재역 3번출구 주변,202009,1239
강남구,2334. 삼호아파트 2동 ( 간선도로),202009,160
강남구,2335. 3호선 매봉역 3번출구앞,202009,1038
강남구,2336. 강남세브란스교차로 래미안그레이튼 104동 앞,202009,374
강남구,2337. 대모산입구역 2번출구 앞,202009,849
강남구,2339. 현대아파트 정문 앞,202009,492
강남구,2340. 삼호물산버스정류장(23370) 옆,202009,2179
강남구,2341. 일원역 4~5번 출구 사이,202009,434
강남구,2342. 대청역 1번출구 뒤,202009,2017
강남구,2343. 세곡사거리 대왕파출소 앞,202009,130
강남구,2344. 리엔파크 2단지 앞,202009,711
강남구,2347. 두산건설 본사,202009,447
강남구,2348. 포스코사거리(기업은행),202009,1657
강남구,2349. 역삼빌딩 앞(하나은행 옆),202009,263
강남구,2350. 래미안그레이튼102동앞,202009,338
강남구,2351. 청소년수련관(수영장)앞,202009,220
강남구,2352. 서울본부세관(건설회관 앞),202009,212
강남구,2353. 강남구청역 2번출구 뒤,202009,588
강남구,2354. 청담역 2번출구,202009,370
강남구,2355. 삼성역 5~6번 출구 사이,202009,1451
강남구,2356. 강남구청,202009,776
강남구,2357. 르네상스호텔사거리 역삼지하보도 3번출구 앞 (더 오번 빌딩 명동칼국수 앞),202009,253
강남구,2358. 구룡초사거리 (현대아파트10동 앞 ),202009,279
강남구,"2359. 국립국악중,고교 정문 맞은편",202009,838
강남구,2360. 도곡1동 주민센터 교차로,202009,611
강남구,2361. 압구정역 교차로,202009,1072
강남구,2362. 신사동 가로수길 입구,202009,1116
강남구,2363. 강남 을지병원 교차로,202009,441
강남구,2364. 도산대로 렉서스 앞,202009,649
강남구,2365. K+ 타워 앞,202009,1198
강남구,2368. 도곡동 경남아파트 건너편,202009,327
강남구,2369. KT선릉타워,202009,832
강남구,2370. 한티역 3번출구,202009,474
강남구,2371. 한국우편사업진흥원,202009,188
강남구,2372. 대치역 사거리,202009,1461
강남구,2373. 개포동역 사거리,202009,1485
강남구,2375. 수서역 1번출구 앞,202009,864
강남구,2376. 수서역 6번출구 앞,202009,189
강남구,2377. 수서역 5번출구 뒤,202009,2339
강남구,2380. 삼성동베이직하우스앞,202009,441
강남구,2381. 언주역 6번출구앞,202009,506
강남구,2382. 역삼동 sk뷰 501동앞,202009,369
강남구,2383. 보금자리정원,202009,314
강남구,2384. 자곡사거리,202009,1887
강남구,2385. 학동역,202009,684
강남구,2386. 논현동 279-165,202009,162
강남구,2387. 래미안강남힐즈 사거리,202009,838
강남구,2388. 강남구 도시관리공단,202009,477
강남구,2389. 경기여자고등학교 후문 (삼성로3길 입구),202009,651
강남구,2390. 구룡마을 입구 (래미안블레스티지 아파트),202009,299
강남구,2391. 구룡터널 입구(개포1단지아파트),202009,20
강남구,2392. 구룡산 입구 (구룡산 서울둘레길 입구),202009,50
강남구,2393. 구룡사 앞 교차로 (보도육교),202009,88
강남구,2395. 개포1단지아파트 입구 (보도육교),202009,22
강남구,2396. 영동3교 북단(우성캐릭터 앞 보도),202009,793
강남구,2398. 더라움,202009,385
강남구,2401. 밀알학교 입구 (삼성서울병원 입구),202009,261
강남구,2403. 공무원연금매점 교차로 (개포주공9단지 입구),202009,186
강남구,2404. 대모산입구역 4번 출구 앞,202009,962
강남구,2405. 청담공원앞 교차로,202009,775
강남구,2406. 논현동 광명빌딩 앞,202009,356
강남구,2407. 역삼.서초.삼성 세무서 앞 (역삼빌딩 앞),202009,1150
강남구,2408. 강남한양수자인아파트,202009,617
강남구,2409. 역삼동 디오슈페리움 (우성아파트 사거리),202009,854
강남구,2410. 포스코피앤에스타워 (역삼역 3번출구 부근),202009,550
강남구,2411. 세곡동 성당,202009,838
강남구,2412. 일원1동 주민센터,202009,1678
강남구,2413.도곡역 1번 출구,202009,734
강남구,2414. 도곡역 아카데미스위트 앞,202009,851
강남구,2415.한티역 롯데백화점 앞,202009,499
강남구,2416.한티역 6번 출구,202009,220
강남구,2417.선정릉 디캠프(D.CAMP)앞,202009,196
강남구,2418.봉은사역 7번 출구,202009,544
강남구,"2419.봉은사역 1,2번 출구",202009,410
강남구,2420.학여울역 사거리(LG베스트샵 앞),202009,756
강남구,2421. 신논현역 4번출구,202009,406
강남구,2422.수서동 성당 맞은편,202009,473
강남구,2423.영희초교 사거리(래미안개포루체하임),202009,805
강남구,2425.세곡동 사거리(대왕초등학교 정류장),202009,165
강남구,2426.강남한신휴플러스 6단지,202009,308
강남구,2427.개포고등학교 정문앞,202009,212
강남구,2428.롯데리아 개포점앞,202009,225
강남구,2429.압구정로데오역 6번출구,202009,1236
강남구,2430.강남파이낸스센터앞(역삼역2번출구),202009,304
강남구,2431.대치역 7번출구,202009,933
강동구,1001. 광진교 남단 사거리(디지털프라자앞),202009,2908
강동구,1002. 해공공원(천호동),202009,2939
강동구,1003. 해공도서관앞,202009,927
강동구,1004. 삼성광나루아파트 버스정류장,202009,2074
강동구,1006. 롯데캐슬 115동앞,202009,646
강동구,1007.암사동 선사유적지,202009,238
강동구,1008. 암사역 3번출구(국민은행앞),202009,3902
강동구,1009. 천호역4번출구(현대백화점),202009,4838
강동구,1010. 강동세무서,202009,2871
강동구,1011. LIGA 아파트 앞,202009,2912
강동구,1012. 서울 상운차량,202009,1233
강동구,1013. 강동구청역 1번 출입구,202009,1235
강동구,1014. 강동구평생학습관앞,202009,1117
강동구,1015. 샛마을 근린공원,202009,987
강동구,1016. 해뜨는 주유소옆 리엔파크 109동앞,202009,762
강동구,1017. 맥도날드(길동),202009,2139
강동구,1018. 둔촌 주공 GS 맞은편,202009,69
강동구,1019. 다성이즈빌아파트(호원대 대각선 맞은편),202009,2966
강동구,1020. 강동경찰서,202009,2937
강동구,1021. 강일동 리슈빌 빌딩앞,202009,1717
강동구,1022. 길동 사거리(초소앞),202009,1842
강동구,1023. 한국종합기술사옥 앞,202009,1785
강동구,1024. 강동구청 앞,202009,2348
강동구,1025. 상일초등학교,202009,743
강동구,1026. 대명초교 입구 교차로,202009,689
강동구,1027. 프라자 아파트 앞,202009,1274
강동구,1028. 포레스 주상복합 빌딩,202009,1421
강동구,1029. 롯데 시네마,202009,2140
강동구,1030. 미호 플랜트 앞,202009,1048
강동구,1031. 올림픽로 836(아리수로),202009,834
강동구,1032. 선사고등학교,202009,799
강동구,1033. 고덕동 아남아파트,202009,858
강동구,1034. 고덕동 래미안 힐스테이트,202009,621
강동구,1035. 고덕역 4번출구,202009,135
강동구,1036. 고덕동 주양쇼핑,202009,1272
강동구,1037. 강일리버파크 6단지,202009,320
강동구,1038. 강일 다솜 어린이 공원,202009,355
강동구,1039. 고덕초등학교,202009,200
강동구,1041. 묘곡초등학교,202009,815
강동구,1042. 강일리버파크 2~5단지,202009,767
강동구,1044. 굽은다리역,202009,4201
강동구,1047. 건강보험 강동지사kt,202009,1966
강동구,1048. 동부기업(둔촌동),202009,2091
강동구,1049. 강일리버파크 10단지,202009,986
강동구,1050. 둔촌역 3번 출입구,202009,4234
강동구,1051. 양지시장 (용성약국앞) 입구,202009,1625
강동구,1052. 리싸이클시티,202009,336
강동구,1053. 동명근린공원 진입로 (아리수로),202009,391
강동구,1054. 말우물 어린이 공원,202009,312
강동구,1056. 강일리버파크 7~11단지,202009,455
강동구,1057. 능골근린공원,202009,863
강동구,1058. 고덕숲 아이파크 1,202009,1093
강동구,1059. 래미안 강동팰리스(102동),202009,1251
강동구,1060. 천일초교 사거리,202009,830
강동구,1061. 천호초교 입구 사거리(일주빌딩),202009,1119
강동구,1062. 고덕숲 아이파크 2,202009,378
강동구,1063.강동롯데캐슬퍼스트 아파트(관리동),202009,621
강동구,1064.중앙보훈병원역 1번출구,202009,197
강동구,1065.보훈병원 정문옆(중앙대영약국),202009,419
강동구,1066.생태공원앞 교차로(조명탑),202009,137
강동구,1067.한영중고앞사거리,202009,362
강동구,1068.명일파출소,202009,962
강동구,1069.강동경희대학교병원 입구,202009,303
강동구,1070.(시립)고덕평생학습관,202009,394
강동구,1071.명일근린공원공동체텃밭,202009,295
강동구,1073.SSTS 몰 앞,202009,1017
강동구,1074.대명초교입구 사거리,202009,1141
강동구,1075.천동초교 삼거리,202009,975
강동구,1076.전자랜드 길동점,202009,1663
강동구,1077.강동역 1번출구 앞,202009,1786
강동구,1078.둔촌사거리,202009,1623
강동구,1079.강일동입구교차로,202009,506
강동구,1080.엘웨딩,202009,669
강동구,1081.트레빌빌딩,202009,680
강동구,1082.중앙보훈병원역3번출구,202009,54
강동구,1083.광문고교사거리(아이파크),202009,445
강동구,1084. 윤선생빌딩(JYP사옥),202009,2420
강동구,1085.래미안 솔베뉴(고덕로),202009,542
강동구,1086.래미안 솔베뉴(구천면로),202009,665
강동구,1088.풍납사거리(강동),202009,891
강동구,1089.고덕 래미안힐스테이트(201동),202009,181
강동구,1090.상일동역 2번출구 앞,202009,2419
강동구,3539. 서원마을,202009,288
강동구,3652. 한영외국어고등학교,202009,95
강북구,"1501. 미아역 3번,4번 출구 사이",202009,1785
강북구,1503. 이디야 커피 수유역점 앞,202009,3174
강북구,1504. 다이소 삼양시장점,202009,597
강북구,1506. 강북문화예술회관,202009,1145
강북구,1509. 서울북부수도사업소,202009,834
강북구,1510. 번동주공5단지 관리사무소 앞,202009,314
강북구,1511. 번동 금호어울림아파트102동앞,202009,340
강북구,1512. 강북중학교 앞,202009,3265
강북구,1513. 강북구청 뒷편,202009,219
강북구,1514. 강북구청 사거리 버스정류소 앞,202009,1944
강북구,1515. 송천동 주민센터,202009,850
강북구,1516. 우이초등학교 후문 옆,202009,840
강북구,1518. SK telecom(수유직영점) 앞,202009,733
강북구,1519. 세븐일레븐 수유장미원점 앞,202009,784
강북구,1520. 성실교회,202009,1371
강북구,1522. 월드전기조명인테리어(우이동),202009,503
강북구,1525. 미아동 복합청사,202009,570
강북구,1526. 수유동 채선당앞,202009,888
강북구,1527. 미아역 1번 출구 뒤,202009,876
강북구,1528. 삼각산동 주민센터,202009,471
강북구,1529. 미아동 한국전력공사,202009,1953
강북구,1530. 광산사거리,202009,1911
강북구,1531. 미아사거리 1번 출구,202009,2369
강북구,1532. 번3동 주민센터 교차로,202009,1101
강북구,"1533. 번동 주공3, 4단지 교차로",202009,1957
강북구,1534. 북서울 꿈의 숲 동문,202009,1948
강북구,1535. 효성인텔리안 앞,202009,2157
강북구,1536. 번동 두산위브 101동 옆,202009,1422
강북구,1537. 북한산 우이역,202009,843
강북구,1538. 솔밭공원역,202009,429
강북구,1539. 4.19민주묘지역,202009,1732
강북구,1540. 가오리역,202009,1033
강북구,1541. 삼양역,202009,228
강북구,1542. 삼양사거리역,202009,469
강북구,1543. 수유1동 주민센터,202009,874
강북구,1545. 솔샘역 2번 출구,202009,142
강북구,1546. 송천동우체국,202009,690
강북구,1547. 꿈의숲 롯데캐슬,202009,379
강북구,1548. 북서울 꿈의숲 서문,202009,924
강북구,1550.삼각산아이원아파트(105동 옆),202009,36
강북구,1551.4.19탑 앞,202009,582
강북구,1552. 강북구청사거리(던킨도너츠 앞),202009,1409
강북구,1553.예수그리스도후기성도교회 앞,202009,455
강북구,1554.번동사거리,202009,672
강북구,1557.신창교,202009,1270
강북구,1558.강북문화정보도서관,202009,161
강북구,1560. 도봉세무서 앞,202009,899
강북구,1564.4.19민주묘지역 1번출구,202009,35
강북구,1565.대한병원앞,202009,1052
강북구,1566.삼각산 아이언APT앞,202009,92
강북구,1568.4.19민주묘지 입구사거리,202009,664
강북구,1569.수유역2번출구,202009,1586
강북구,1571.북서울 꿈의 숲 입구,202009,516
강북구,1572.우이산 입구,202009,88
강북구,1573.현대성우아파트 옆,202009,246
강북구,1574.송중초등학교 옆,202009,535
강서구,1101. 개화동상사마을종점 버스정류장,202009,264
강서구,1102. 방화사거리 마을버스 버스정류장,202009,2319
강서구,1103. 방화역 4번출구앞,202009,2457
강서구,1105. 방화근린공원,202009,711
강서구,1106. 신방화사거리,202009,2276
강서구,1108. 공항시장역 2번출구 뒤,202009,1332
강서구,1109. 공항시장역 4번출구,202009,988
강서구,1110. 공항중학교앞,202009,1300
강서구,1111. 마곡엠밸리6_7단지 마곡중학교,202009,1670
강서구,1112. 마곡엠밸리4단지 정문,202009,4513
강서구,1113. 서남환경공원 버스정류장,202009,2267
강서구,1115. 등촌역 1번출구옆,202009,1994
강서구,1117. 스타벅스앞,202009,3755
강서구,1118. 증미역 3번출구뒤(등촌두산위브센티움오피스텔),202009,5289
강서구,1119. 염창동 한마음아파트앞(염창동 빛나는 음악학원앞),202009,3591
강서구,1120. 대림경동아파트앞,202009,2864
강서구,1121. 가양레포츠센터앞,202009,2421
강서구,1122. 황금내근린공원,202009,5257
강서구,1124. 발산역 6번 출구 뒤,202009,4720
강서구,1125. 명덕고교입구(영종빌딩),202009,3766
강서구,1126. 우장산역 1번출구옆(우장산아이파크105동앞),202009,1867
강서구,1127. 화곡역(에이스정형외과앞) 버스정류장,202009,2077
강서구,1128. 화곡역 6번출구,202009,1631
강서구,1129. 화곡역 1번 출구 앞,202009,2294
강서구,1130. 화곡본동시장 버스정류장,202009,1010
강서구,1131. 꿈돌이공원 앞,202009,2653
강서구,1132. 등촌역 7번출구,202009,2368
강서구,1135. 강서구의회,202009,1941
강서구,1136. 등촌2파출소,202009,970
강서구,1137. 등촌2동주민센터,202009,551
강서구,1139. 용문사 버스정류장,202009,1744
강서구,1140. 목동사거리 버스정류장,202009,2061
강서구,1141. 곰달래 문화복지센터 1-1,202009,2192
강서구,1145. 곰달래 문화복지센터 1-2,202009,1112
강서구,1146. 곰달래사거리,202009,1892
강서구,1148. 볏골공원,202009,1214
강서구,1149. 신방화역환승주차장,202009,5548
강서구,1150. 송정역 1번출구,202009,4027
강서구,1151. 마곡역1번출구,202009,59
강서구,1152. 마곡역교차로,202009,4286
강서구,"1153. 발산역 1번, 9번 인근 대여소",202009,6342
강서구,1155. 기쁜우리복지관,202009,2320
강서구,1157. 강서구청,202009,2980
강서구,1158. 가양역 8번출구,202009,6087
강서구,1159. 서서울모터리움앞,202009,1690
강서구,1160. 양천향교역 7번출구앞,202009,7096
강서구,1161. 강서면허시험장앞,202009,551
강서구,1162. 공항초등학교건너편,202009,1573
강서구,1163. 방화동강서기동대앞,202009,1438
강서구,1165. 마곡중학교 후문,202009,1061
강서구,1166. 강서구립등빛도서관,202009,3472
강서구,1167. 마곡수명산파크3단지 교차로,202009,2492
강서구,1168. 마곡엠밸리10단지 앞,202009,1241
강서구,1169. 염창역 1번 출구,202009,2173
강서구,1170. 강서구보건소 (삼성디지털 프라자),202009,1133
강서구,1171. 염창동 새마을금고 건너편 (모닝글로리),202009,2694
강서구,1172. 가양3동 주민센터,202009,1871
강서구,1173. 강서구청사거리(SH타워),202009,3976
강서구,1174. 강서구청사거리(부민병원),202009,1271
강서구,1175. 대한항공 인력개발센터,202009,1518
강서구,1177. 수명중?고교,202009,1209
강서구,1178. 개화산역 2번 출구,202009,1322
강서구,1180. 마곡엠밸리 15단지(1502동) 건너편,202009,2051
강서구,1181. 농수산식품공사 (강서지사),202009,405
강서구,1182. KBS 스포츠월드,202009,3049
강서구,1183. KC 대학교,202009,455
강서구,1184. 마곡13단지,202009,2755
강서구,1185. 등촌9단지,202009,1954
강서구,1186. 송정중학교,202009,393
강서구,1187. 강서수산물도매시장,202009,803
강서구,1188. 롯데중앙연구소,202009,347
강서구,1190. 마곡역 교차로(2번출구),202009,1619
강서구,1191. 마곡역 교차로(NH농협),202009,2856
강서구,1192. 마곡수명산파크 209동 건너편,202009,1651
강서구,1193. 마곡센트럴타워 1차,202009,2369
강서구,1194. 센서텍㈜,202009,901
강서구,1195. 코오롱One&Only타워,202009,1890
강서구,1196. 서울식물원(문화센터) 건너편,202009,840
강서구,1197. 엠펠리체 호텔 건너편,202009,3399
강서구,1198. LG 사이언스파크,202009,747
강서구,1199. 우장산역 3번출구,202009,2548
강서구,1200. 개화광역환승센터,202009,335
강서구,2701. 마곡나루역 5번출구 뒤편,202009,5019
강서구,2702. 마곡 엠밸리2단지,202009,1347
강서구,2703.서울도시가스 앞,202009,992
강서구,2704.홈플러스(강서점),202009,3305
강서구,2706.강서공업고등학교 앞,202009,2025
강서구,2707.한강아파트,202009,1599
강서구,2708.강서한강자이타워 앞,202009,3391
강서구,2709.강변아파트 310동 앞,202009,1556
강서구,2710.라이품 공영주차장 앞,202009,2460
강서구,2711.가로공원공영주차장 1번 출구,202009,1184
강서구,2712.화곡터널입구교차로,202009,360
강서구,2713.우장초등학교 앞,202009,1050
강서구,2714.발산1동주민센터교차로,202009,2325
강서구,2715.마곡나루역 2번 출구,202009,6079
강서구,2716.롯데 R&D 센터,202009,410
강서구,2717.LG유플러스 마곡사옥,202009,2188
강서구,2718.마곡수명산파크1단지,202009,797
강서구,2719.마곡문화공원,202009,1544
강서구,2720.힐스테이트에코,202009,2145
강서구,2721.등촌1-10단지 교차로,202009,2558
강서구,2722.마곡 문영비지웍스,202009,2829
강서구,2723.마곡 필네이처,202009,1241
강서구,2724.(재)FITI시험연구원,202009,1759
강서구,2725.서울식물원 식물문화센터,202009,1411
강서구,2727.서울식물원 잔디마당 앞,202009,1522
강서구,2728.마곡나루역 3번 출구,202009,3869
강서구,2729.넥센 유니버시티 앞,202009,1280
강서구,2730.마곡메가박스 앞,202009,1430
강서구,2731.명덕고교,202009,763
강서구,2732.마곡수명산 1-2단지,202009,1046
강서구,2733.마곡13단지 정문 앞,202009,2147
강서구,2735.마곡 공공청사,202009,1443
강서구,2737.까치산역 3번 출구,202009,1556
강서구,2739.수명산파크1단지교차로,202009,1272
강서구,2740.마곡레포츠센터,202009,996
강서구,2741.마곡수명산파크5-6단지,202009,1065
강서구,2742.강서구민올림픽체육센터,202009,761
강서구,2743.동신아파트 104동 앞,202009,1160
강서구,2744.강서세무서 앞,202009,747
강서구,2745.수명초등학교,202009,637
강서구,2746.수명산파크 4단지 411동 앞,202009,1054
관악구,2102. 봉림교 교통섬,202009,11167
관악구,2103. 신림동 우방아파트,202009,1875
관악구,2104. 사당역 5번출구,202009,1770
관악구,2105. 미성동 신림체육센터,202009,1510
관악구,2106. 난곡 새마을금고,202009,2349
관악구,2107. 도림천 신화교,202009,3633
관악구,2108. 은천치안센터,202009,1556
관악구,2109. 은천로입구 가로공원,202009,3220
관악구,2110. 조원동 미성아파트,202009,74
관악구,2111. 서울대입구역 1번출구,202009,1416
관악구,2112. 서울대입구역 마에스트로,202009,1388
관악구,2113. 관악동작견인차량보관소,202009,3390
관악구,2115. 관악농협농산물백화점,202009,1365
관악구,2116. 에이스에이존빌딩,202009,1129
관악구,2119. 중앙동 동진빌딩,202009,1539
관악구,2122. 낙성대로 입구,202009,1024
관악구,2127. 보성운수차고지 맞은편,202009,667
관악구,2128. 관악구청교차로,202009,944
관악구,2129. 낙성대 과학전시관,202009,806
관악구,2130. 영어마을 관악캠프,202009,566
관악구,2135. 신림역 5번출구,202009,1623
관악구,2136. 신림역 8번출구,202009,2682
관악구,2137. KT&G 관악지점,202009,624
관악구,2139. 서울신성초등학교,202009,891
관악구,2140. 신림1교 교차로,202009,2463
관악구,2141. 미림여고입구 교차로,202009,229
관악구,2143. 서울산업정보학교,202009,480
관악구,2144. 난우길입구,202009,723
관악구,2145. 은천초등학교 육교,202009,774
관악구,2148. 낙성대역 3번출구 뒤,202009,881
관악구,2156. 농협 관악문성지점,202009,1029
관악구,2159. 인헌초교,202009,648
관악구,2160. 관악구 보건소,202009,3
관악구,2164. 관악우체국,202009,1270
관악구,2165. JK장평타워,202009,458
관악구,2167. 낙성대역 1번출구,202009,799
관악구,2169. 봉천역 2번출구,202009,1422
관악구,2170. 조원동서울본병원,202009,1341
관악구,2171. 서울대입구역 5번출구,202009,1886
관악구,2172. 나들목공원,202009,480
관악구,2173. 당곡사거리,202009,5494
관악구,2174. 삼성디지털프라자관악점,202009,1051
관악구,2175. 신림동걷고싶은문화의거리입구,202009,1432
관악구,2176. 보라매공원 보도육교,202009,2813
관악구,2177. 신대방역 2번 출구,202009,7741
관악구,2178. 서울대학교 정문,202009,603
관악구,2179. 양녕로 입구,202009,1508
관악구,2183. 동방1교,202009,6439
관악구,2184. 구암초등학교 버스정류장,202009,209
관악구,2185. 대학동 고시촌,202009,1117
관악구,2186.우리은행 낙성대역지점,202009,506
관악구,2187.현대시장사거리(신한은행),202009,857
관악구,2189.삼성서비스센터(관악점),202009,780
관악구,2190.도원맨션,202009,356
관악구,2191.대학동주민센터,202009,758
관악구,2195.은천교회,202009,801
관악구,2196.삼화페인트 봉천점,202009,594
관악구,2198.사랑의병원,202009,585
관악구,2199.신봉천주유소,202009,161
관악구,2200.관악문화원 건너편,202009,132
관악구,3304.낙성대역 5번 출구,202009,549
관악구,3305.낙성대역 8번 출구,202009,205
관악구,3306.서울신우초등학교,202009,95
관악구,3307.봉천고개 육교,202009,367
관악구,3310.영락고등학교,202009,305
관악구,3311.서울대입구역 4번 출구,202009,517
관악구,3802. 관악구민체육센터,202009,26
광진구,3500. 군자역2번출구,202009,2076
광진구,3501. 광진구청 앞,202009,2555
광진구,3502. 중곡역 1번출구,202009,960
광진구,3503. 광진유진스웰,202009,197
광진구,3504. 원일교회,202009,1788
광진구,3505. 신양초교앞 교차로,202009,1356
광진구,3506. 영동대교 북단,202009,1558
광진구,3507. 어린이회관,202009,611
광진구,3508. 화양사거리,202009,1076
광진구,3509. 세종사이버대학교,202009,2579
광진구,3510. 중곡SK아파트앞,202009,627
광진구,3516. 구의아리수정수센터앞,202009,647
광진구,3517. 용마사거리,202009,2281
광진구,3518. 군자역 7번출구뒤,202009,3359
광진구,3520. 광진경찰서,202009,2124
광진구,3521. 현대홈타운 뒷길,202009,318
광진구,3523. 건국대학교 과학관(이과대) 앞,202009,766
광진구,3524. 세종대학교,202009,122
광진구,3528. 광진정보도서관,202009,1311
광진구,3529. 어린이대공원정문,202009,1041
광진구,3533. 건대입구역 사거리(롯데백화점),202009,6402
광진구,3534. 건대입구역 5번출구 뒤,202009,2926
광진구,3535. 중곡사거리(국민은행),202009,2421
광진구,3536. 중앙농협(자양동),202009,2211
광진구,3537. 아차산 휴먼시아 아파트 옆,202009,682
광진구,3541. 커먼그라운드,202009,3220
광진구,3542. 래미안 구의파크 스위트,202009,1383
광진구,3543. 세종대학교(학술정보원),202009,283
광진구,3563.구의7단지현대아파트,202009,137
광진구,3564.나루마당,202009,83
광진구,3566.우성4차아파트,202009,1433
광진구,3569.건대병원후문,202009,2000
광진구,3570.구의역 리버비스타 오피스텔,202009,1733
광진구,3571.화양 APT(횡단보도 옆),202009,1923
광진구,3572.중곡동 성당,202009,2
광진구,3573.광나루안전체험관,202009,1016
광진구,3575.자양사거리 (LG 유플러스),202009,1601
광진구,3577.신자초교 입구 교차로(SC제일은행),202009,356
광진구,3578.중곡동 파크웨이빌딩,202009,787
광진구,3579.광진 캠퍼스시티,202009,1632
광진구,3581.광진광장,202009,613
광진구,3582.화양동 우체국,202009,912
광진구,3586.군자역 비채온 오피스텔,202009,1564
광진구,3587.우성식품 앞,202009,732
광진구,3588.세종대학교(영실관),202009,407
광진구,500. 어린이대공원역 3번출구 앞,202009,2333
광진구,501. 광진구의회 앞,202009,1478
광진구,502. 뚝섬유원지역 1번출구 앞,202009,17916
광진구,505. 자양사거리 광진아크로텔 앞,202009,2837
광진구,515. 광양중학교 앞,202009,1570
광진구,516. 광진메디칼 앞,202009,1216
광진구,539. 군자교교차로,202009,2754
광진구,540. 군자역 7번출구 베스트샵 앞,202009,1833
광진구,542. 강변역 4번출구 뒤,202009,2988
광진구,543. 구의공원(테크노마트 앞),202009,634
광진구,544. 광남중학교,202009,1899
광진구,546. 잠실대교북단 교차로,202009,1537
광진구,548. 자양나들목,202009,2647
광진구,549. 아차산역 3번출구,202009,2617
광진구,551. 구의삼성쉐르빌 앞,202009,2765
광진구,552. 대림아크로리버 앞,202009,1149
광진구,553. 중곡 성원APT 앞,202009,1913
광진구,555. 구의3동주민센터,202009,166
광진구,571. 어린이대공원역6번출구,202009,852
광진구,572. 국립정신 건강센터 앞,202009,477
광진구,573. 구의문주차장 앞,202009,1638
광진구,574. 아차산역4번출구,202009,2016
광진구,575. 중앙농협 중곡지점,202009,425
광진구,576. 광나루역 3번 출구,202009,1958
광진구,577. 광진청소년수련관,202009,2135
광진구,584. 광진광장 교통섬,202009,1896
광진구,588. 뚝섬 유원지역,202009,1205
광진구,590. 건국대학교 (입학정보관),202009,1653
광진구,591. 건국대학교 (행정관),202009,288
광진구,592. 건국대학교 학생회관,202009,1324
광진구,593.자양중앙나들목,202009,2921
구로구,1901. 신도림동주민센터 앞,202009,1564
구로구,1904. 도림천역 1번 출구 앞,202009,2163
구로구,1906. 신도림역 1번 출구 앞,202009,7061
구로구,1907. 구일우성(아) 육교 밑,202009,1165
구로구,1908. 해원리바파크 육교 밑,202009,1435
구로구,1910. 낙원교회 맞은편,202009,1
구로구,1911. 구로디지털단지역 앞,202009,6078
구로구,1912. 한신휴아파트 앞,202009,1737
구로구,1913. 구로리공원,202009,941
구로구,1914. 대림역4번출구,202009,2219
구로구,1916. 구로중학교앞,202009,544
구로구,1920. 서울미래초등학교 사거리,202009,1350
구로구,1924. 삼부르네상스파크빌,202009,550
구로구,1925. 동양미래대학교 정문 옆,202009,4994
구로구,1928. 고척스카이돔구장 광장,202009,1555
구로구,1929. 고척근린공원 고척도서관 앞,202009,902
구로구,1930. 개봉지구대 개봉치안센터,202009,1108
구로구,1931. 개봉역(북측광장),202009,1989
구로구,1933. 개봉푸르지오아파트 상가,202009,1624
구로구,1936. 개봉역 1번 출구 자전거보관서쪽,202009,1103
구로구,1937. 한진아파트 입구,202009,1361
구로구,1941. 오류동역 2번출구,202009,1628
구로구,1943. 온수역 북측,202009,585
구로구,1946. 구로역 광장,202009,2447
구로구,1951. 천왕이펜하우스 4단지 상가 앞,202009,311
구로구,1952. 천왕연지타운2단지 앞,202009,2221
구로구,1953. 천왕역 4번출구 뒤,202009,1293
구로구,1955. 디지털입구 교차로,202009,3110
구로구,1956. 도야미리숯불갈비 앞,202009,1158
구로구,1957. 구일고등학교 정문,202009,1519
구로구,1958. 강서수도사업소민원센터,202009,1319
구로구,1959. 구로구의회 앞,202009,1040
구로구,1960. 화광신문사 앞,202009,2213
구로구,1961. 신도림테크노근린공원,202009,4703
구로구,1962. 가리봉동주민센터,202009,1260
구로구,1964. 원메디타운 앞,202009,1298
구로구,1965. 삼환로즈빌아파트 105동 옆,202009,1229
구로구,1966. 한마을아파트 정문상가,202009,1808
구로구,1967. 참새공원(백곡경노당),202009,412
구로구,1968. 동인오피스텔 건너편 소공원,202009,567
구로구,1969. 궁동생태공원,202009,319
구로구,1971. 오정초교 앞 보도육교,202009,586
구로구,1973. 오리로와 서해안도로 교차로 앞,202009,591
구로구,1974. 신도림2차e편한세상아파트 203동 앞,202009,1214
구로구,1975. 대림역 1번 출입구 밑,202009,1179
구로구,1976. 남구로역 5번 출입구 앞,202009,494
구로구,1977. 천왕역 1번 출입구 앞,202009,1373
구로구,1979. 구로1동우체국 앞,202009,194
구로구,1981. 천왕이펜하우스5단지 앞,202009,816
구로구,1983. 구로동롯데아파트,202009,1631
구로구,1984. 구로구청,202009,1362
구로구,1985. 구로도서관,202009,2880
구로구,1986. 태평양물산빌딩,202009,2660
구로구,1987. 개봉아이파크아파트 앞,202009,1924
구로구,1988. 고척LIGA아파트 앞,202009,2258
구로구,1991. 오류동역 맞은편,202009,1941
구로구,1992. 구로구배드민턴실내체육관 앞,202009,383
구로구,1993. 금강수목원아파트 앞,202009,731
구로구,1994. 삼성전자 물류센터 앞,202009,904
구로구,1996. 구일역 1번 출입구 앞,202009,3304
구로구,1998. 고척교 교차로,202009,2077
구로구,1999. 수궁동 성당 주변,202009,685
구로구,2000. 신도림4차 e편한세상 아파트 1109동 앞,202009,1608
구로구,2801. 대륭포스트타워1차,202009,1968
구로구,2804.항동지구 6단지 602동 앞,202009,657
구로구,2805.구로자원순환센터,202009,280
구로구,2806.항동지구 4단지 입구,202009,224
구로구,2807.항동지구 1단지 105동 앞,202009,807
구로구,2808.항동지구 2단지 202동 앞,202009,601
구로구,2809.항동지구 11단지 1103동 앞,202009,409
구로구,2810.항동지구 3단지 311동 앞,202009,333
구로구,2812.항동프라자,202009,285
구로구,2813.항동지구 3단지 302동 앞,202009,349
구로구,2814.항동지구 10단지 1001동 앞,202009,636
구로구,2815.항동지구 7단지 정문,202009,597
구로구,2816.항동지구 8단지 803동옆(주차장입구),202009,218
구로구,2817.천왕이펜하우스5단지 앞,202009,375
구로구,2818.천왕이펜하우스3단지 앞,202009,489
구로구,2819.하늘숲초등학교 앞,202009,677
구로구,2820.신세기아파트 앞,202009,994
구로구,2821.청구아파트 앞,202009,1153
구로구,2822.제니스스포츠 앞,202009,292
구로구,2823.중앙유통단지 앞,202009,801
구로구,2824.미래사랑어린이공원 앞,202009,1577
구로구,2825.초롱타운 앞,202009,471
구로구,2826.가마산지하보도 옆,202009,345
금천구,1804. 독산역 2번출구 자전거주차장,202009,1940
금천구,1805. 서울디지털운동장 앞,202009,796
금천구,1806. 에이스하이엔드타워9차 앞,202009,858
금천구,1808. 에이스하이엔드타워8차 앞,202009,960
금천구,1809. LG전자 별관동(호서대 벤처타워 맞은편),202009,486
금천구,1812. 갑을그레이트밸리 앞,202009,1022
금천구,1814. 두산위브아파트 옆 상가건물 앞,202009,1098
금천구,1816. 금천폭포공원 앞,202009,271
금천구,1819. 금천구청 앞 자전거거치대,202009,845
금천구,1820. 신한은행 시흥대로금융센터지점,202009,547
금천구,1821. 홈플러스 시흥점 맞은편 다비치안경 앞,202009,910
금천구,1822. 서울 시흥동우체국 앞,202009,1290
금천구,1823. 상신정비공업 앞,202009,421
금천구,1824. 독산근린공원 입구,202009,3190
금천구,1825. 한신아파트 앞 육교 아래,202009,889
금천구,1826. 한신코아 앞,202009,915
금천구,1827. 독산보도육교 앞 자전거 보관소,202009,5010
금천구,1828. 한양수자인아파트 앞,202009,828
금천구,1829. 홈플러스 금천점 앞,202009,1431
금천구,1830. 빅마켓 금천점 앞,202009,1426
금천구,1831. 메이퀸웨딩컨벤션 앞,202009,615
금천구,1833. 독산역 1번출구 앞 자전거보관소,202009,1518
금천구,1834. 월드메르디앙 벤처센터 2차,202009,2306
금천구,1835. STX V타워,202009,972
금천구,1836. 금천구립 독산도서관,202009,139
금천구,1839. 수출의 다리 아래,202009,75
금천구,1840. 솔브레인이엔지 뒤편,202009,867
금천구,1841. 가산동 주민센터,202009,1283
금천구,1842. 한울중학교,202009,405
금천구,1843. 독산고등학교,202009,537
금천구,1845. 롯데캐슬골드파크1차 서문,202009,727
금천구,1846. 롯데캐슬골드파크1차 동문,202009,1134
금천구,1847. 독산주공 14단지 버스정류소,202009,473
금천구,1848. 벽산 디지털밸리 5차,202009,1219
금천구,1849. 대륭포스트타워5차,202009,389
금천구,1850. 코오롱테크노밸리,202009,299
금천구,1851. 가산디지털단지 7번출구,202009,1934
금천구,1852. 혜명양로원 담장 옆,202009,457
금천구,1853. 서울디자인직업전문학교 앞,202009,378
금천구,1854. 가산아네스트 오피스텔 앞,202009,709
금천구,1855. 성지아파트 옆 도로변,202009,231
금천구,1856. 모두의학교,202009,920
금천구,1857. 주공14단지,202009,225
금천구,1858. 석수역1번출구 앞 (SK주유소),202009,928
금천구,1859. 대륭테크노타운 18차,202009,675
금천구,1861.IBK기업은행 석수역 지점 앞,202009,176
금천구,1862.스타즈호텔독산 빌딩 앞,202009,896
금천구,1863.위너스 스포츠클럽 골프연습장옆,202009,379
금천구,1864.산호시티빌 옆,202009,292
금천구,1865.금천구청앞(M빌딩),202009,317
금천구,1866.서울안천초등학교 옆,202009,413
금천구,1867.대륭포스트타워6차 앞,202009,1686
금천구,1868.우리은행 시흥남자동화점 앞,202009,318
금천구,1869.롯데캐슬골드파크3차 301동 앞,202009,642
금천구,1870.독산3동주민센터 앞,202009,421
노원구,1601. 석계역 문화광장 내 자전거 보관소,202009,3841
노원구,1602. 광운대역 앞,202009,1569
노원구,1603. 롯데캐슬 102동 코너(월계주유소건너),202009,2850
노원구,1605. 헬스케어,202009,3127
노원구,1606. 태릉입구역 3번출구,202009,1447
노원구,1608. 공릉역 1번 출구 앞,202009,5274
노원구,1610. 화랑대역 2번출구 앞,202009,4092
노원구,1611. 과기대 입구(우),202009,4253
노원구,1616. 하계2동 공항버스정류장 옆,202009,3614
노원구,1617. 하계동 중평어린이공원 앞,202009,2959
노원구,1619. 중계동 하나프라자빌딩 앞(중1-1),202009,1992
노원구,1620. 중계동 노원구민체육센터 옆(중1-2),202009,1621
노원구,1625. 상계역(4번출구),202009,4387
노원구,1628. 노일초등학교 앞,202009,1358
노원구,1630. 수연빌딩 앞,202009,1031
노원구,1634. 당고개공원 대여소,202009,1628
노원구,1635. 상계3.4동 주민센터 대여소,202009,418
노원구,1636. 백병원 사거리 농협은행 앞,202009,2853
노원구,1637. KT 노원점 건물 앞,202009,2966
노원구,1639. 희성오피앙,202009,1915
노원구,1640. 한내근린공원 북측,202009,2227
노원구,1641. 한내근린공원 남측,202009,804
노원구,1642. 서울여대 남문,202009,800
노원구,1643. 태릉입구역 8번출구,202009,3403
노원구,1646. 삼육대 입구,202009,805
노원구,1650. 중계근린공원내,202009,3791
노원구,1651. 맥도날드 상계점 앞,202009,1300
노원구,1652. 파르코 앞,202009,661
노원구,1653. 노원역1번출구,202009,3612
노원구,1654. 당고개입구 오거리,202009,1257
노원구,1655. 공릉1단지아파트,202009,3590
노원구,1656. 중앙하이츠 아파트 입구,202009,2058
노원구,1657. 노원구청,202009,1362
노원구,1659. 중계동 을지중학교,202009,1132
노원구,1660. 서울시립과학관,202009,447
노원구,1661. 당현천근린공원,202009,1737
노원구,1662. 노원역7번출구,202009,1438
노원구,1663. 동해문화예술관앞,202009,2760
노원구,1664. 노해근린공원내,202009,582
노원구,1665. 양지근린공원앞,202009,868
노원구,1666. 노원소방서인근,202009,1924
노원구,1667. 중계중학교,202009,1529
노원구,1668. 중계역 6번출구,202009,2583
노원구,1669. 중계역 3번출구,202009,1934
노원구,1670. 노원경찰서교차로,202009,1379
노원구,1671. 인덕대학교,202009,1250
노원구,1672. 상계동수락리버시티,202009,837
노원구,1673. 노원역 5번출구,202009,3646
노원구,1674. 서울북부고용센터앞,202009,2474
노원구,1675. 월계문화체육센터,202009,79
노원구,1677. 육군사관학교 앞,202009,1906
노원구,1678. 성서대학교 밀알관,202009,239
노원구,1679. 삼육대 도서관,202009,228
노원구,1680. 삼육대 제3과학관,202009,53
노원구,1681. 현대6차 아파트,202009,1099
노원구,1682. 중계종합사회복지관 교차로,202009,1113
노원구,1683. 노원문화예술회관,202009,1577
노원구,1684. 태릉입구역 5번출구,202009,3349
노원구,1685. 불암고등학교 앞 횡단보도,202009,853
노원구,1686. 온수골사거리(스타벅스앞),202009,3281
노원구,1688. 마들역 7번출구,202009,2107
노원구,1689. 마들역 3번출구,202009,1606
노원구,1690. 도봉운전면허시험장,202009,1268
노원구,1691. 노원정보도서관,202009,1010
노원구,1692. 온곡초교 교차로,202009,1120
노원구,1693. 원자력 병원,202009,411
노원구,1695.월계미륭아파트 정문,202009,853
노원구,1696.수락리버시티4단지,202009,591
노원구,1697.상계주공2단지 219동,202009,1131
노원구,1700.상계보람아파트 202동,202009,806
노원구,2901.공릉동풍림아파트 101동,202009,1043
노원구,2902.공릉풍림아파트 108동,202009,1214
노원구,2903.월계초안아파트 1단지,202009,837
노원구,2904.중계3차청구아파트,202009,943
노원구,2905.중계주공6단지,202009,463
노원구,2907. 월계중학교,202009,297
노원구,2908. 광운대학교 중앙도서관,202009,894
노원구,2909. 석계역 3번 출구,202009,1619
노원구,2910.도깨비시장,202009,2374
노원구,2911.상계역중앙시장,202009,1200
노원구,2912.대진고등학교,202009,1339
노원구,2913.상계8동 주민센터,202009,2047
노원구,2915.서울과학기술대학교(어학교육원),202009,1456
노원구,2917.신창중학교 후문 맞은편 버스정류장,202009,902
노원구,2919.등나무 근린공원(시립북서울미술관 앞),202009,2184
노원구,2920.상계중학교(당현2교사거리),202009,734
노원구,2921.중계역 2번출구,202009,1085
도봉구,1702. 녹천역 1번출구 앞,202009,733
도봉구,1703. 도봉산광역환승센터앞,202009,786
도봉구,1705. 도봉구청 정문앞,202009,1530
도봉구,1706. 기업은행 앞,202009,1003
도봉구,1707. 도봉구민회관,202009,1213
도봉구,1708. 보건소사거리(다비치안경창동점),202009,1838
도봉구,1709. 쌍문역4번출구 주변,202009,1202
도봉구,1713. 쌍문동 이안아파트 앞,202009,225
도봉구,1714. 도봉문화정보도서관 삼거리,202009,198
도봉구,1715. 서울특별시교육청도봉도서관,202009,1390
도봉구,1716. 하나로마트 창동점,202009,2932
도봉구,1717. 시립창동운동장 입구,202009,467
도봉구,1719. 신도봉사거리 버스정류장,202009,765
도봉구,1720. 도봉구청 옆(중랑천변),202009,4325
도봉구,1721. 창동역 2번출구,202009,3012
도봉구,1722. 창동청소년수련관,202009,1226
도봉구,1723. 방학동학마을도서관,202009,673
도봉구,1725. 창1동주민센터,202009,518
도봉구,1726. 삼익세라믹아파트교차로,202009,1683
도봉구,1727. 서울도봉초등학교인근,202009,648
도봉구,1728. 서울북부지방법원,202009,416
도봉구,1729. 파리바게트앞,202009,1401
도봉구,1730. 도봉산역 교차로 앞,202009,338
도봉구,1731. 도봉고등학교 맞은편,202009,351
도봉구,1732. 우리은행 앞,202009,773
도봉구,1733. 방학사거리 (봄마당 앞),202009,2153
도봉구,1734. 쌍문현대1차아파트 108동 앞,202009,1014
도봉구,"1735. 도봉역 1,2번 출구사이 건너편",202009,867
도봉구,1736. 버스정류장 앞,202009,283
도봉구,1737. 하나은행 (창동점),202009,2534
도봉구,1738. 창동주공17단지 상가앞,202009,2208
도봉구,1741. 제일강산수산입구,202009,2717
도봉구,1742. 북한산 코오롱 하늘채,202009,1836
도봉구,1743.창동19단지아파트 관리사무소앞,202009,924
도봉구,1744.KT방학지사 앞,202009,826
도봉구,1746. 다이소방학점 앞,202009,485
도봉구,1748. 피자헛 앞(도봉병원 옆),202009,558
도봉구,1749. ESA아파트 상가 앞,202009,1115
도봉구,1750. 창포원 남쪽 입구,202009,1580
도봉구,1751. 창원초등학교 교차로,202009,512
도봉구,1752. 창동 주공 4단지 입구 옆,202009,576
도봉구,1754. 창동시장입구 사거리,202009,801
도봉구,1756.서울북부광역등기국,202009,309
도봉구,1757.솔밭공원역 1번출구 앞,202009,497
도봉구,1758.북서울교회 버스정류소 앞,202009,653
도봉구,1759.서울북부지방법원 앞,202009,678
도봉구,1761.방학중학교 앞,202009,577
도봉구,1762.북한산 한신휴플러스APT앞,202009,1133
도봉구,1765.쌍문역 1번 출구(양산부인과 빌딩),202009,924
도봉구,1767.태양중앙교회 앞,202009,1507
도봉구,1768.신동아타워 버스정류소,202009,641
도봉구,1770.도봉한신아파트 주변,202009,460
도봉구,1771.성원APT버스정류소,202009,1017
도봉구,1772.시립도봉노인복지관 버스정류소,202009,483
도봉구,1774.반석교회(쌍문동),202009,420
도봉구,1775.신원리베르텔 앞,202009,658
동대문구,600. 휘경2동 주민센터,202009,393
동대문구,601. 용신동주민센터,202009,1103
동대문구,602. 장안동 사거리,202009,3590
동대문구,604. 답십리초등학교 옆 공원,202009,1060
동대문구,605. 신설동역8번출구,202009,1111
동대문구,606. 휘경공고앞,202009,1295
동대문구,607. 신이문역 2번출구,202009,1090
동대문구,608. 전농삼성아파트,202009,238
동대문구,609. 제기2교,202009,2413
동대문구,610. 동대문중 교차로,202009,976
동대문구,612. 시립동부병원 앞 사거리,202009,1916
동대문구,613. 신설동역 10번출구 앞,202009,1753
동대문구,614. 용두동 사거리,202009,1970
동대문구,615. 용두동 래미안허브리츠아파트 앞,202009,1518
동대문구,616. 서울시립대 앞,202009,251
동대문구,617. 청솔우성아파트 앞,202009,1415
동대문구,621. 동대문중학교 옆,202009,304
동대문구,622. 전농사거리 교통섬,202009,1399
동대문구,623. 서울시립대 정문 앞,202009,1965
동대문구,624. 전농동 동아아파트 앞,202009,1548
동대문구,625. 답십리초등학교 앞(현대시장 옆),202009,2152
동대문구,626. 군자교 서측 녹지대,202009,1662
동대문구,627. 장안동삼거리 교통섬,202009,2262
동대문구,628. 휘봉고등학교 앞,202009,837
동대문구,630. 동대문구 보건소,202009,1875
동대문구,631. 답십리역 1번출구,202009,2672
동대문구,633. 청량리 기업은행 앞,202009,1705
동대문구,634. 외국어대 정문 앞,202009,3171
동대문구,635. 시조사 앞 (청량고정문 옆),202009,1868
동대문구,636. 세종대왕기념관 교차로,202009,865
동대문구,637. KAIST 경영대학 앞,202009,1119
동대문구,638. 서울시립대 정보기술관,202009,483
동대문구,639. 서울시립대 후문,202009,750
동대문구,640. KEB하나은행 청량리역지점,202009,996
동대문구,641. 용두역 4번출구,202009,2751
동대문구,642. 신답역 사거리,202009,1184
동대문구,643. 동대문구민체육센터 (육교아래),202009,2121
동대문구,646. 장한평역 1번출구 (국민은행앞),202009,3880
동대문구,647. 신이문역 1번출구,202009,1037
동대문구,648. 장안동위더스빌옆,202009,2689
동대문구,650. 중랑교사거리,202009,3473
동대문구,652. 답십리 래미안엘파인아파트 입구,202009,845
동대문구,654. 전농동 텃골공원,202009,542
동대문구,656. 영휘원 교차로,202009,874
동대문구,657. 동대문롯데캐슬아파트 앞,202009,1363
동대문구,658. 촬영소 사거리,202009,1421
동대문구,659. 제기역1번출구,202009,2152
동대문구,660. 동의보감타워,202009,1564
동대문구,661. 경희대학교 청운관,202009,1261
동대문구,663. 외대앞역 4번출구,202009,2440
동대문구,664. 서울시립대 대학본부,202009,430
동대문구,665.이문동 쌍용아파트 정문,202009,1021
동대문구,666.이문대성유니드아파트 앞,202009,932
동대문구,667.청량차도 육교 밑,202009,316
동대문구,668.서울축산농협(장안지점),202009,2202
동대문구,669.청계한신휴플러스앞 삼거리,202009,926
동대문구,670.삼육서울병원 버스정류장,202009,3226
동대문구,671.대광빌딩,202009,252
동대문구,672.대광고등학교,202009,362
동대문구,673.안암골벽산아파트(후문),202009,936
동대문구,674.고대앞사거리 교통섬,202009,1162
동대문구,675.성복교회 앞 (장평교 아래),202009,1521
동대문구,676.FITI시험연구원 앞,202009,761
동대문구,677.청량리역 4번 5번출구 사이,202009,1576
동대문구,678.장안힐스테이트(아) 앞,202009,1117
동대문구,679.전농SK아파트 앞,202009,418
동대문구,680.꿈마루어린이도서관 앞,202009,2074
동대문구,681.서울특별시 동부교육지원청(육교),202009,158
동작구,2002. 노들역 1번출구,202009,4870
동작구,2003. 사육신공원앞,202009,1802
동작구,2007. 유한양행앞,202009,1416
동작구,2008. 노량진근린공원 대방공원,202009,541
동작구,2009. 보라매역 8번출구,202009,940
동작구,2012. 녹십초요양병원앞,202009,984
동작구,2013. 장승배기역 5번출구,202009,2241
동작구,2015. 신대방삼거리역 6번출구쪽,202009,2810
동작구,2016. 신대방삼거리역 3번출구쪽,202009,2231
동작구,2020. 장승배기역2번출구뒷편쪽,202009,971
동작구,2024. 상도역 1번출구,202009,1131
동작구,2025. 흑석역 1번출구,202009,5091
동작구,2026. 흑석역 4번출구,202009,845
동작구,2027. 중앙대학교 정문,202009,1052
동작구,2032. 이수역 11번출구쪽,202009,1879
동작구,2033. 사당동 아르테스 웨딩앞,202009,1335
동작구,2034. 사당역 7번출구쪽,202009,1593
동작구,2036. 정금마을 마을버스정류장,202009,666
동작구,2037. 동작역 5번출구 동작주차공원,202009,1263
동작구,2038. 동작역 7번출구,202009,240
동작구,2040. 비계 버스정류소,202009,375
동작구,2041. 사당중학교 버스정류소,202009,520
동작구,2048. 삼일초등학교 인근,202009,676
동작구,2050. 노량진역 5번출구,202009,3090
동작구,2054. 삼익아파트,202009,1529
동작구,2056. 동작구민 체육센터,202009,1297
동작구,2057. 상도 아이파크 아파트,202009,648
동작구,2058. 노량진동 맥도널드앞,202009,2547
동작구,2059. 보라매공원 정문,202009,2202
동작구,2060. 남성역3번출구 뒤,202009,1889
동작구,2061. 한강 현대아파트 건너편,202009,222
동작구,2062. 사당새마을금고,202009,495
동작구,2063. 대방역 4번출구,202009,1284
동작구,2064. 흑석한강푸르지오 106동앞,202009,419
동작구,2065. 서울시여성가족재단,202009,529
동작구,2066. 양문교회 앞,202009,1822
동작구,2067. LG전자 베스트? 대리점 앞,202009,1404
동작구,2068. 총신대 앞(육교),202009,177
동작구,2069. 숭실대 입구역3번 출구 앞,202009,936
동작구,2070. 노량진역 2번 출구 앞,202009,2030
동작구,2071. 대림아파트 후문 상가 옆,202009,378
동작구,2076.노들나루공원 입구,202009,3554
동작구,2077.노들역 3번출구,202009,1268
동작구,2078.흑석 아크로리버하임(103동),202009,385
동작구,2079.중앙대학교 정문,202009,171
동작구,2080.빕스 대방점 앞,202009,1573
동작구,2081.대방1차 e편한세상 앞,202009,838
동작구,2082.7호선 이수역7번출구,202009,550
동작구,2083.흑석롯데캐슬에듀포레(107동),202009,421
동작구,2084.e편한세상 상도노빌리티 앞,202009,841
동작구,2085.강남중학교 앞,202009,728
동작구,2086.삼일수영장 앞,202009,640
동작구,2088.상도중앙하이츠빌 입구,202009,381
동작구,2089.사당역10번출구(금강빌딩),202009,832
동작구,2090.기아자동차 사당점 앞,202009,881
동작구,2091.이수역9번출구(맥도날드),202009,807
동작구,2092.흑석한강푸르지오(110동),202009,201
동작구,2093.상도SH빌아파트 입구,202009,114
동작구,2094.숭실대학교(중문),202009,121
동작구,2095.경문고등학교 앞,202009,662
동작구,2096.서울특별시 동작관악교육지원청,202009,103
동작구,237. 보라매 두산위브 건너편,202009,1655
마포구,101. (구)합정동 주민센터,202009,893
마포구,102. 망원역 1번출구 앞,202009,3570
마포구,103. 망원역 2번출구 앞,202009,2825
마포구,104. 합정역 1번출구 앞,202009,1731
마포구,105. 합정역 5번출구 앞,202009,1529
마포구,106. 합정역 7번출구 앞,202009,5802
마포구,107. 신한은행 서교동금융센터점 앞,202009,2628
마포구,108. 서교동 사거리,202009,1734
마포구,109. 제일빌딩 앞,202009,2240
마포구,111. 상수역 2번출구 앞,202009,2275
마포구,112. 극동방송국 앞,202009,1477
마포구,114. 홍대입구역 8번출구 앞,202009,5471
마포구,118. 광흥창역 2번출구 앞,202009,1604
마포구,119. 서강나루 공원,202009,2648
마포구,120. 신수동 사거리,202009,592
마포구,121. 마포소방서 앞,202009,1051
마포구,122. 신성기사식당 앞,202009,1136
마포구,124. 서강대 정문 건너편,202009,1555
마포구,125. 서강대 남문 옆,202009,561
마포구,126. 서강대 후문 옆,202009,1860
마포구,127. 현대벤처빌 앞,202009,296
마포구,129. 신촌역(2호선) 6번출구 옆,202009,189
마포구,130. 신촌역(2호선) 7번출구 앞,202009,2694
마포구,136. 대흥동 주민센터,202009,388
마포구,142. 아현역 4번출구 앞,202009,665
마포구,143. 공덕역 2번출구,202009,1341
마포구,144. 공덕역 8번출구,202009,4363
마포구,145. 공덕역 5번출구,202009,1489
마포구,146. 마포역 2번출구 뒤,202009,3981
마포구,147. 마포역 4번출구 뒤,202009,3382
마포구,148. 용강동 주민센터 앞,202009,2623
마포구,150. 서강대역 2번출구 앞,202009,1248
마포구,151. 망원1동주민센터,202009,3226
마포구,152. 마포구민체육센터 앞,202009,12696
마포구,153. 성산2교 사거리,202009,2342
마포구,154. 마포구청역,202009,3303
마포구,155. 가좌역1 번출구 뒤,202009,1574
마포구,156. 서울서부지방법원 앞,202009,1076
마포구,157. 애오개역 4번출구 앞,202009,1685
마포구,181. 망원초록길 입구,202009,633
마포구,182. 망원2빗물펌프장 앞,202009,3844
마포구,183. 하늘채코오롱아파트 건너편,202009,2626
마포구,184. SK망원동주유소 건너편,202009,2359
마포구,185. 마포 신수공원 앞,202009,1491
마포구,186. 월드컵공원,202009,5786
마포구,199. 서울 월드컵 경기장,202009,964
마포구,3002.벽산상암스마트큐브,202009,2750
마포구,3003.래미안신공덕3차아파트,202009,111
마포구,3005.마포구청 청사내,202009,300
마포구,3006. 상암월드컵파크5단지(상암중학교),202009,197
마포구,3007.MBC 앞,202009,784
마포구,3008.DMC역7번출구,202009,346
마포구,3009.서교동사거리(신),202009,1701
마포구,3010.홍대입구역 3번출구,202009,3939
마포구,3011.경의선(노고산동),202009,1211
마포구,400. 상암한화오벨리스크 1차 앞,202009,1231
마포구,401. 상암월드컵파크 10단지 앞,202009,1027
마포구,402. 상암월드컵파크 9단지 앞,202009,1313
마포구,403. 부엉이공원 앞,202009,663
마포구,405. DMC빌 앞,202009,666
마포구,406. 상암월드컵파크 7단지 앞,202009,878
마포구,407. 마포구 육아종합지원센터,202009,800
마포구,408. LG CNS앞,202009,715
마포구,409. 누리꿈스퀘어 옆,202009,1957
마포구,410. 상암중학교 옆,202009,350
마포구,411. DMC홍보관,202009,1227
마포구,412. DMC산학협력연구센터 앞,202009,1783
마포구,413. 상암월드컵파크 3단지 후문,202009,787
마포구,414. 상암동주민센터 옆,202009,1408
마포구,415. DMC역 9번출구 앞,202009,2261
마포구,416. 상암월드컵파크 1단지 교차로,202009,672
마포구,417. DMC역 2번출구 옆,202009,1742
마포구,418. 월드컵경기장역 3번출구 옆,202009,4670
마포구,419. 홈플러스 앞,202009,3370
마포구,420. 서울시 공공자전거 상암센터,202009,2964
마포구,421. 마포구청 앞,202009,2369
마포구,422. 문화비축기지,202009,448
마포구,424. 롯데하이마트 (상암월드컵점),202009,532
마포구,425. DMC첨단산업센터,202009,624
마포구,426. 서울신용보증재단,202009,1953
마포구,427. 성산시영아파트,202009,1347
마포구,432. 마포중앙도서관,202009,458
마포구,436. 이대역 5번출구,202009,487
마포구,437. 대흥역 1번출구,202009,1200
마포구,438. 성산2-1 공영주차장,202009,1966
마포구,439. 마포어린이공원,202009,3205
마포구,440. 하늘공원 입구,202009,1644
마포구,487.신석초교앞 교차로 교통섬,202009,1788
마포구,489.구룡근린공원,202009,326
마포구,490.가온문화공원,202009,818
마포구,491.월드컵파크 4단지,202009,313
마포구,492.성산시영아파트 후문,202009,1248
마포구,493.홍대입구역 6번출구,202009,1522
마포구,494.신수동주민센터,202009,15
마포구,495.염리초등학교 앞,202009,1113
마포구,497.합정동주민센터 앞,202009,1926
마포구,498.연남동주민센터 앞,202009,1936
서대문구,110. 사천교,202009,135
서대문구,115. 마스타 빌딩 앞,202009,986
서대문구,116. 일진아이윌아파트 옆,202009,1964
서대문구,117. 홍은사거리,202009,4496
서대문구,123. 문화촌 공원,202009,2942
서대문구,128. 신촌역(2호선) 1번출구 옆,202009,1573
서대문구,131. 증산2교,202009,3412
서대문구,133. 해담는다리,202009,2871
서대문구,134. 연세로 명물길,202009,964
서대문구,135. 명물길 원형무대 앞,202009,749
서대문구,137. NH농협 신촌지점 앞,202009,457
서대문구,138. 신촌동 제1공영주차장 앞,202009,718
서대문구,139. 연세대 정문 건너편,202009,333
서대문구,140. 이화여대 후문,202009,640
서대문구,141. 연대 대운동장 옆,202009,524
서대문구,158. 독립문 어린이 공원,202009,669
서대문구,159. 이대역 4번 출구,202009,335
서대문구,160. 북아현동 가구거리,202009,707
서대문구,161. 무악재역1번 출구,202009,421
서대문구,162. 봉원고가차도 밑,202009,598
서대문구,163. 명지전문대학교 정문 앞,202009,368
서대문구,164. 북가좌1동 주민센터,202009,519
서대문구,165. 중앙근린공원,202009,1571
서대문구,166. 가재울 초등학교,202009,2018
서대문구,167. 연가초등학교 옆,202009,416
서대문구,169. 북가좌 삼거리,202009,595
서대문구,170. 가재울 뉴타운 주유소 옆,202009,1454
서대문구,171. 임광빌딩 앞,202009,692
서대문구,173. 서대문역 8번출구 앞,202009,707
서대문구,175. 홍연2교옆,202009,3148
서대문구,176. 명지대학교 도서관,202009,1894
서대문구,177. 북가좌 초등학교,202009,788
서대문구,178. 증산3교 앞,202009,1525
서대문구,179. 가좌역 4번출구 앞,202009,1235
서대문구,180. 충정로역 7번출구 아래,202009,970
서대문구,188. 홍은동 정원여중 입구,202009,1292
서대문구,191. 서우빌딩(바른학원),202009,1193
서대문구,192. 연서어린이공원,202009,694
서대문구,194. 증산교 앞,202009,2540
서대문구,195. 모래내고가차도,202009,983
서대문구,196. 연희교차로 인근,202009,382
서대문구,198. 충정2교,202009,752
서대문구,3100. 북성초교,202009,299
서대문구,3101. 서대문구청,202009,1133
서대문구,3102. 연희삼거리,202009,1033
서대문구,3103. 홍제삼거리 북측,202009,1083
서대문구,3104. e편한세상 신촌4단지 앞,202009,781
서대문구,3105. 홍은센트레빌 아파트 앞,202009,358
서대문구,3106. 홍남교 두바퀴쉼터,202009,1811
서대문구,3107. 연희초등학교 앞,202009,584
서대문구,3109.북한산더? 106동 앞,202009,202
서대문구,3110.홍은 현대아이파크 아파트 202동 앞,202009,852
서대문구,3111.무악재역 4번 출구,202009,207
서대문구,3112.독립문역 5번 출구,202009,157
서대문구,3113.독립문역사거리,202009,714
서대문구,3114.충정로역 3번 출구,202009,364
서대문구,3115.북아현 치안센터 인근,202009,637
서대문구,3116.신촌역 4번출구,202009,562
서대문구,3117.이화여대 인문관 인근,202009,250
서대문구,3118.연대 정문앞,202009,2
서대문구,3119.연희 브라운스톤 아파트 앞,202009,1461
서대문구,3120.DMC엘가아파트 앞,202009,856
서대문구,3121.가좌삼거리,202009,712
서대문구,3122.북가좌삼거리2,202009,523
서대문구,3123.DMC파크뷰자이1단지 110동 앞,202009,571
서대문구,3124.DMC센트럴아이파크아파트,202009,1227
서대문구,3125.연희파크푸르지오아파트 앞,202009,755
서대문구,3126.남가좌동 제2공영주차장,202009,188
서대문구,3127.홍은2파출소 옆,202009,441
서대문구,3128.동신병원 맞은편,202009,919
서대문구,3129.DMC래미안e편한세상203동옆,202009,495
서대문구,3130.가재울사거리,202009,779
서대문구,3131.연가교 교차로,202009,770
서대문구,3132.홍제교,202009,370
서대문구,3133.핀란드 타워앞,202009,149
서대문구,3134.SK리쳄블(상수도사업본부),202009,351
서초구,2201. 본마을 정류소 앞,202009,170
서초구,2202.청계산입구역 1번출구,202009,1142
서초구,2203. 청계산입구역 2번출구,202009,460
서초구,2205. 내곡3단지 어린이공원 앞,202009,612
서초구,2206. 언남초등학교 앞,202009,1091
서초구,2207. 내곡파출소 뒤 정자,202009,179
서초구,2210. 반포1동 주민센터 앞,202009,527
서초구,2211. 서초구립반포도서관 앞,202009,859
서초구,2212.서초현대4차아파트 201동 맞은편,202009,430
서초구,2213. 고속터미널역 5번출구 앞,202009,1605
서초구,2214. 신반포역 2번출구 앞,202009,1618
서초구,2215. 반포종합운동장 입구,202009,848
서초구,2217.아크로리버뷰 부지 앞,202009,4809
서초구,"2219. 고속터미널역 8-1번, 8-2번 출구 사이",202009,7363
서초구,2220. 반포본동 주민센터 앞,202009,4523
서초구,2221.하나은행 방배동지점 앞,202009,1866
서초구,2222.사당역 12번출구 뒤,202009,2310
서초구,2223. 방배래미안 정문 앞,202009,557
서초구,2225.백석예술대학교 제3캠퍼스 앞,202009,208
서초구,2226. 신동아럭스빌아파트 앞,202009,161
서초구,2227.방배열린문화센터 앞,202009,865
서초구,2228.뒷벌공원 옆,202009,1789
서초구,2229.로고스교회 맞은 편,202009,483
서초구,2230.이수역 4번 출구,202009,2214
서초구,2231. 삼성타운(삼성생명) A동 맞은편,202009,1474
서초구,2233. 서초신동아1차아파트 옆,202009,596
서초구,2235.KT 서초지사 앞,202009,698
서초구,2237.서울남부터미널 대합실 입구,202009,992
서초구,2239.교대역 6번출구,202009,541
서초구,2241.양재전화국 사거리,202009,439
서초구,2242.양재역 11번 출구 앞,202009,1016
서초구,2243.서울가정법원,202009,675
서초구,2244.교육개발원입구 교차로,202009,428
서초구,2245.양재초등학교 맞은편,202009,715
서초구,2246. 서울시 품질시험소 앞,202009,815
서초구,2247.섬들근린공원,202009,1854
서초구,2248. 서초리슈빌S 글로벌 앞,202009,319
서초구,2249. 우솔초등학교 맞은편,202009,413
서초구,2250. 서초유치원 맞은편,202009,1103
서초구,2251. 더케이호텔 입구(양재2),202009,1109
서초구,2252. 하이브랜드 앞,202009,1539
서초구,2255.시민의숲역 1번출구 옆,202009,2325
서초구,2256.양재동 꽃시장 입구,202009,466
서초구,2257. 하나로클럽 양재점 맞은편,202009,253
서초구,2258.구룡사 삼거리,202009,368
서초구,2259. 잠원역 3번-4번 출구사이,202009,1402
서초구,2262. 한신16차아파트 119동 앞,202009,1941
서초구,2263. 바우뫼문화복지회관,202009,759
서초구,2264. 이수역 1번출구,202009,3276
서초구,2265. 이수고가차도 남단,202009,2586
서초구,2266. 서초역 3번출구,202009,1112
서초구,2268. 서초4동주민센터,202009,685
서초구,2269. 주홍교 하부,202009,222
서초구,2270. 서초포레스타 7단지,202009,571
서초구,2271. 내방역 8번출구 앞,202009,1063
서초구,2272. 교대입구 교차로,202009,399
서초구,2273. 일동제약 사거리,202009,1954
서초구,2274. 양재시민의숲역 3번출구,202009,1395
서초구,2275. 염곡치안센터 건너편,202009,106
서초구,2276. 영동1교 (양재천근린공원),202009,1367
서초구,2277. 길마중4교 하부,202009,1368
서초구,2279. 교대역 5번출구뒤,202009,1299
서초구,2280. 서울서초고용센터앞,202009,596
서초구,2281. 연세사랑병원신관앞,202009,467
서초구,2282. 방배래미안아트힐 101동앞,202009,249
서초구,2283. 그룹한빌딩옆,202009,175
서초구,2284. CJ오쇼핑앞,202009,292
서초구,2285. LH서초3단지 301동 맞은편,202009,675
서초구,2286. 탑성마을입구,202009,62
서초구,2287. 능안마을입구,202009,25
서초구,2288. 안골마을입구,202009,19
서초구,2289. 남태령역 2번출구,202009,178
서초구,2292. 무지개아파트 앞,202009,277
서초구,2293. SPC 앞,202009,721
서초구,2294. 두상빌딩 앞,202009,1582
서초구,2297. 남부터미널역 1번출구,202009,694
서초구,2298. 래미안서초스위트앞,202009,578
서초구,2299. 한전아트센터 앞,202009,691
서초구,2501. 서초 포레스타5단지,202009,897
서초구,2502. 서초역1번출구 앞,202009,538
서초구,2503. 반포1동 서초빌딩 앞,202009,850
서초구,2504. 신사역 4번출구 뒤,202009,935
서초구,2505. 우성아파트사거리 (기업은행앞),202009,1208
서초구,2506. LG유플러스 (방배사옥),202009,380
서초구,2508. 양재이스타빌 앞,202009,1474
서초구,2509. KT반포지사,202009,445
서초구,2510. JW타워,202009,258
서초구,2511. 이수역 6번출구 앞,202009,1346
서초구,2514.사평역 2번출구,202009,208
서초구,2515.서초초등학교 후문,202009,588
서초구,2516.본마을 노인복지센터 앞,202009,321
서초구,2517.서초3교(효령로69길 방면),202009,213
서초구,2518.서초3교(효령로70길 방면),202009,366
서초구,2519.서초2교(사임당로 방면),202009,228
서초구,2520.서초1교 (진흥아파트 방면),202009,430
서초구,2521.서초 크로바타워 앞,202009,397
서초구,2523.뉴코아 킴스클럽 앞,202009,1104
서초구,2524.반포쇼핑타운 8동 앞,202009,740
서초구,2525.반포쇼핑타운 2동 앞,202009,3237
서초구,2526.반포경남쇼핑 앞,202009,618
서초구,2527.반포중학교 앞(세화여고 맞은편),202009,566
서초구,2528.함지박 사거리,202009,758
서초구,2529.우리은행 방배동지점 앞,202009,1018
서초구,2530.삼호3차아파트 앞,202009,1404
서초구,2531.멤피스아파트 앞,202009,1140
서초구,2532.국립국악원 앞,202009,99
서초구,2533.한가람미술관 앞,202009,138
서초구,2534.신흥교(애견훈련소),202009,40
서초구,2535.신반포역 3번출구 뒤,202009,386
서초구,2536.서초종합체육관 입구,202009,37
서초구,2537.양재역 8번출구 앞,202009,627
서초구,2538.사평리 공원,202009,1593
서초구,2539.대한무역투자진흥공사 KOTRA 앞,202009,124
서초구,2540.반포천 앞,202009,1110
서초구,2541.옛골 입구,202009,99
서초구,2542.신논현타워 앞,202009,655
서초구,2543.경문고교 사거리,202009,1
서초구,2545.국립중앙도서관(국제회의장옆),202009,89
서초구,2547.포드서초서비스센터앞,202009,92
서초구,2548.반포1동 자율방범초소 옆,202009,266
서초구,2549.LH 서초 4단지 403동,202009,387
서초구,2550.양재동 꽃시장 건너편,202009,577
성동구,3511. 응봉역 1번출구,202009,6747
성동구,3513. 상왕십리역 1번출구,202009,1448
성동구,3514. 왕십리교회옆,202009,2295
성동구,3515. 서울숲 관리사무소,202009,4748
성동구,3525. 금호스포츠센터앞,202009,1591
성동구,3527. 왕십리 자이아파트,202009,45
성동구,3530. 왕십리자이아파트 후문(삼거리),202009,288
성동구,3531. 논골사거리(금호도서관 입구),202009,75
성동구,3532. 왕십리KCC스위첸아파트,202009,116
성동구,3538. 서울숲 IT캐슬,202009,986
성동구,3544.한양대역 3번 출구,202009,1672
성동구,3545.한양대역 1번출구,202009,876
성동구,3547.상왕십리역 6번 출입구,202009,78
성동구,3548.뚝섬역 6번출구,202009,1242
성동구,3549.건영아파트 앞,202009,1048
성동구,3550.금호나들목,202009,1349
성동구,3551.성동도로사업소,202009,293
성동구,3552.서울숲 공영주차장앞,202009,1570
성동구,3553.마장역3번출구,202009,328
성동구,3555.양지사거리(센트라스APT 115동앞),202009,99
성동구,3556.신금호파크자이APT앞,202009,81
성동구,3557.서울숲리버뷰자이APT105동 앞,202009,226
성동구,3558.마장동 금호어울림APT앞,202009,611
성동구,3559.성동구민종합체육센터 앞,202009,2327
성동구,3560.성동구 견인차량 보관소 앞,202009,1237
성동구,3561.행당동 삼부APT후문,202009,167
성동구,3600.사근빗물펌프장 건너편,202009,3165
성동구,506. 금호 어울림 아파트 앞,202009,553
성동구,507. 성수아이에스비즈타워 앞,202009,1353
성동구,508. 성수아카데미타워 앞,202009,1628
성동구,509. 이마트 버스정류소 옆,202009,3774
성동구,510. 서울숲 남문 버스정류소 옆,202009,2333
성동구,511. 서울숲역 4번 출구 옆,202009,1921
성동구,512. 뚝섬역 1번 출구 옆,202009,3467
성동구,513. 뚝섬역 5번 출구 정류소 옆,202009,2605
성동구,514. 성수사거리 버스정류장 앞,202009,1698
성동구,518. 청계천 박물관 앞,202009,875
성동구,519. 양지사거리,202009,824
성동구,520. 상왕십리역 4번 출구 앞,202009,680
성동구,521. 왕십리역 11번 출구 앞,202009,1919
성동구,522. 금호역 1번출구 앞,202009,323
성동구,523. 옥수동성당 옆,202009,124
성동구,524. 래미안금호하이리버 아파트 102동 옆,202009,586
성동구,525. 한양대병원사거리,202009,2895
성동구,526. 용답토속공원 앞,202009,874
성동구,529. 장한평역 8번 출구 앞,202009,1282
성동구,530. 청계벽산아파트 앞,202009,2074
성동구,533. 우리은행 금호동 지점 앞,202009,692
성동구,534. 금호사거리,202009,329
성동구,535. 응봉삼거리,202009,627
성동구,536. 행당역 2번출구 앞,202009,1168
성동구,537. 한양대후문역 부근,202009,1885
성동구,538. 답십리역 8번출구 앞,202009,1055
성동구,550. 서울시설공단 앞,202009,1281
성동구,556. 달맞이공원,202009,207
성동구,557. 도선동 주민센터 앞,202009,1015
성동구,558. 성동광진 교육지원청 앞,202009,1527
성동구,559. 왕십리역 4번 출구 건너편,202009,2350
성동구,560. 비전교회 앞,202009,1435
성동구,561. 서울숲역 2번출구 앞,202009,1870
성동구,562. 군자지하보도 앞,202009,961
성동구,563. 성동세무서 건너편,202009,1928
성동구,564. 금호역 3번출구,202009,171
성동구,565. 옥수역 3번출구,202009,8384
성동구,567. 성수역 2번출구 앞,202009,2470
성동구,568. 청계8가사거리 부근,202009,3365
성동구,569. 응봉현대아파트 정류소,202009,294
성동구,578. 성동세무서 부근,202009,1274
성동구,579. 마장역 4번출구,202009,1203
성동구,581. 용답초등학교,202009,1361
성동구,582. 경일중학교 앞,202009,1622
성동구,583. 청계천 생태교실 앞,202009,9909
성동구,585. 성수2가1동 공영주차장 인근,202009,3227
성동구,586. 마장동 주민센터,202009,848
성동구,587. 유니베라 앞,202009,1671
성동구,589. 성수역3번출구,202009,3514
성동구,594. 중랑물재생센터(서울새활용플라자),202009,537
성동구,9980. 에이텍,202009,62
성북구,1302. 한성대입구역6번출구 뒤,202009,1470
성북구,1303. 돈암초교 입구,202009,1016
성북구,1304. 만해공원,202009,269
성북구,1305. 성북구청,202009,1245
성북구,1306. 한성대입구역2번출구,202009,300
성북구,1308. 안암로터리 버스정류장 앞,202009,4694
성북구,1314. 정릉꿈에그린1단지 201동 앞,202009,439
성북구,1315. 고려사대부속중고 정문,202009,573
성북구,1316. 고려사대부속중고 건너편,202009,499
성북구,1318. 길음역 3번출구 뒤,202009,1543
성북구,1320. LG베스트샵 종암점,202009,2890
성북구,1321. 국민은행 종암동지점 앞,202009,2510
성북구,1322. 래미안라센트아파트 103동 앞,202009,1079
성북구,1323. 월곡역 입구 육교 밑,202009,793
성북구,1325. 상월곡역 4번출구,202009,687
성북구,1326. 상월곡역 1번출구,202009,823
성북구,1327. 상월곡역 3번출구,202009,1399
성북구,1328. 월곡역 3번출구,202009,2285
성북구,1332. 석계역 5번출구 건너편,202009,2291
성북구,1333. 석관초등학교 앞,202009,1797
성북구,1334. 석관동주민센터 앞,202009,1198
성북구,1336. 성북3교 위,202009,2038
성북구,1337. 돈암성당 옆,202009,2673
성북구,1338. 용문2교 옆,202009,1383
성북구,1339. 삼성전자서비스 성북센터,202009,949
성북구,1340. 광운초등학교 앞,202009,841
성북구,1342. 성북쉼터 앞,202009,196
성북구,1343. 한성대7번출구 앞,202009,999
성북구,1344. 아리랑시네센터 앞,202009,668
성북구,1346. 길음8골어린이공원 옆,202009,1098
성북구,1347. 길음래미안아파트817동 상가 앞,202009,517
성북구,1348. 성북제일새마을금고 본점 앞,202009,669
성북구,1349. 월계2교 버스정류장 앞,202009,783
성북구,1351. 안암2교 옆,202009,2064
성북구,1352. e 편한세상 보문아파트 내,202009,253
성북구,1353. 금호어울림센터힐 내,202009,407
성북구,1354. 고려대학교 2번출구,202009,2026
성북구,1355. 보문2교,202009,3627
성북구,1357. 북한산보국문역,202009,574
성북구,1358. 정릉도서관 앞,202009,837
성북구,1359. 장위뉴타운 꿈에 숲 코오롱 하늘채 앞,202009,1163
성북구,1360. 정릉역,202009,840
성북구,1361. 홍익중고 입구,202009,991
성북구,1362. 보문역6번출구 앞,202009,1353
성북구,1363. 보문4교 인근,202009,2392
성북구,1364. 성북동 치안센터 앞,202009,877
성북구,1365. 선잠단지 앞,202009,345
성북구,1366. 일신초등학교 옆,202009,477
성북구,1367. 길음문화복합미디어센터,202009,433
성북구,1368. 성신여대입구 교차로,202009,1242
성북구,1369. 미아사거리,202009,2010
성북구,1370. 복자사랑 피정의 집,202009,370
성북구,1372. KEB은행 고대점,202009,1912
성북구,1373. 성북구보건소 건너편,202009,1404
성북구,1375. 생명의 전화 종합복지관 앞 교차로,202009,1662
성북구,1376. 한국과학기술연구원 중문,202009,204
성북구,1377. 한국과학기술연구원 북문,202009,332
성북구,1379.길음뉴타운푸르지오아파트 3단지,202009,70
성북구,1380.월곡역 5번출구 앞,202009,1603
성북구,1381.석계역 4번출구 뒤,202009,1393
성북구,1382.래미안월곡아파트 입구,202009,845
성북구,1384.성신여대입구역 5번출구,202009,1505
성북구,1385.성신여대입구역 3번출구 앞,202009,897
성북구,1386.동선고가차도 초입,202009,466
성북구,1388.커핀그루나루,202009,541
성북구,1390.석관래미안아트리치,202009,1550
성북구,1391.성북청소년센터,202009,440
성북구,1392.돈암삼성풍림아파트,202009,37
성북구,1393.돈암육교 하단,202009,96
성북구,1394.길음뉴타운 래미안9단지,202009,807
성북구,1395.래미안장위포레카운티(102동),202009,656
성북구,1396.래미안장위퍼스트하이(513동),202009,987
성북구,1397.래미안월곡아파트 (창문여고 건너편),202009,724
송파구,1201. 가락시장역 3번 출구,202009,2094
송파구,1203. 밀리아나2빌딩 앞,202009,2024
송파구,1204. 거여역 3번출구,202009,1265
송파구,1205. 종합운동장역 4번출구,202009,1196
송파구,1206. 9호선종합운동장역 9번출구,202009,1056
송파구,1207. 마천CU우방점 앞,202009,1116
송파구,1208. 풍납현대아파트쉼터,202009,1508
송파구,1209. 잠실나루역 (2번 출구 쪽),202009,5401
송파구,1210. 롯데월드타워(잠실역2번출구 쪽),202009,7000
송파구,1211. 방이삼거리,202009,3755
송파구,1212. 송파역 2번 출구앞,202009,2045
송파구,1213. 백토공원 앞,202009,574
송파구,1214. 오금역 7번 출구 인근,202009,1085
송파구,1215. 올림픽공원역 1번출구 앞,202009,1489
송파구,1217. 송파파인타운 7단지,202009,960
송파구,1218. 방이역 4번출구,202009,2414
송파구,1220. 잠실본동주민센터뒤 잠실근린공원,202009,2178
송파구,1221. 삼전사거리 포스코더샵,202009,2304
송파구,1222. 잠실새내역 5번 출구 뒤,202009,4437
송파구,1224. 아시아지하보도 2번 출구,202009,1573
송파구,1226. 잠실4동 주민센터 옆,202009,1932
송파구,1227. 거여역 8번출구 뒤,202009,1330
송파구,1228. 마천사거리,202009,1274
송파구,1229. 송파체육문화회관 앞,202009,1351
송파구,1230. 송파중학교 정문,202009,817
송파구,1231. 잠실역 6번출구,202009,3283
송파구,1232. 롯데마트 주차장 옆,202009,1671
송파구,1233. 잠실3거리(갤러리아팰리스),202009,893
송파구,1235. 잠실트리지움310동 옆,202009,1870
송파구,1239. 문정 법조단지3,202009,401
송파구,1240. 문정 법조단지4,202009,667
송파구,1241. 문정 법조단지5,202009,438
송파구,1242. 문정 법조단지6,202009,147
송파구,1243. 문정 법조단지7,202009,2140
송파구,1244. 문정 법조단지8,202009,2476
송파구,1245. 문정 법조단지9,202009,1674
송파구,1246. 문정 법조단지10,202009,1569
송파구,1247. 문정 법조단지11,202009,1156
송파구,1248. 방이초등학교,202009,2128
송파구,1249. 아주중학교건너편,202009,1319
송파구,1250.문정2동 주민센터,202009,680
송파구,1251. 석촌역 2번출구,202009,2197
송파구,1253. 오금역 3번 출구 뒤,202009,720
송파구,1256. 문정현대아파트 교차로,202009,788
송파구,1257. 가락시장역 롯데마트앞,202009,1835
송파구,1258. 가락미륭아파트 앞,202009,437
송파구,1259. 방이역 1번출구,202009,1870
송파구,1260. 방이동 한양3차아파트 옆,202009,1427
송파구,1262. 송파여성문화회관 앞,202009,1979
송파구,1263. 장지공영차고지,202009,255
송파구,1264. 천호역 10번 출구 앞,202009,2621
송파구,1265. 문정동 근린공원,202009,1674
송파구,1266. 문정동 글샘 공원,202009,707
송파구,1267. 올림픽공원 남2문 앞,202009,1309
송파구,1268. 몽촌토성역 1번출구 옆,202009,5005
송파구,1269. 리센츠아파트,202009,1467
송파구,1271. 송파도서관,202009,853
송파구,1274. 영파여고 앞,202009,1210
송파구,1275. 거여초등학교 옆,202009,544
송파구,1277. 오금동 송파 참병원,202009,1378
송파구,1278. 송파구청 교차로,202009,2856
송파구,1279. 마천금호어울림 1차아파트 건너편,202009,727
송파구,1280. 송파파크데일 2단지입구 앞 주차장,202009,752
송파구,1282. 송파소방서 맞은편(성내4교),202009,2105
송파구,1283. 오금공원 사거리,202009,172
송파구,1285. 위례별 유치원 뒤,202009,521
송파구,1286. 위례중앙푸르지오 1단지 앞,202009,1500
송파구,1287. 위례아이파크 101동 맞은편,202009,550
송파구,1288. 문정중교 사거리,202009,1195
송파구,1289. 풍납동 자전거보관소,202009,761
송파구,1290. 위례송파꿈에그린아파트24단지 앞 성벽 다리 밑,202009,658
송파구,1291. 서울체육고등학교 앞,202009,662
송파구,1293. 석촌호교차로 (스타벅스 앞),202009,2214
송파구,1295. 잠실역 8번출구,202009,5467
송파구,1296. 석촌호수교차로 (송파나루근린공원 앞),202009,838
송파구,1297. 석촌호수교차로(동호 팔각정 앞),202009,1926
송파구,1299. 송파소방서 (방이119안전센터),202009,570
송파구,1300. 오륜사거리,202009,776
송파구,2601. 석촌호수 서호사거리,202009,2519
송파구,2603. 송파 글마루 도서관,202009,908
송파구,2604. 삼표레미콘 앞,202009,1215
송파구,2605. 복정역 1번 출구 앞,202009,426
송파구,2606. 위례동주민센터 맞은편 근린공원,202009,1129
송파구,2607. 복정역 2번출구 후문 (장지치안센터),202009,912
송파구,2608. 송파구청,202009,1351
송파구,2609. 보성중고등학교 후문 앞,202009,207
송파구,2610. 여흥레이크빌 앞 (석촌호수 까페거리),202009,1810
송파구,2611. 송파지역자활센터 뒤,202009,2009
송파구,2612. 문정·가락 대여소 앞,202009,98
송파구,2613. 잠실나들목,202009,4767
송파구,2614. 가락고등학교 앞,202009,1301
송파구,2615. 테라타워2,202009,1995
송파구,2616. 거여동 사거리,202009,494
송파구,2617. 가락삼환아파트 앞,202009,1173
송파구,2618. 삼전역 1번출구,202009,1425
송파구,2619. 석촌고분역 4번출구,202009,2561
송파구,2620. 송파나루역 4번 출구옆,202009,3981
송파구,2621. 한성백제역 2번 출구,202009,5227
송파구,2622. 올림픽공원역 3번출구,202009,6178
송파구,2623.석촌동 주민센터,202009,1923
송파구,2625.가락1동 주민센터,202009,850
송파구,"2626.경찰병원역 1,2번 출구 사이",202009,636
송파구,2627.문정시영아파트 5동 앞 공원,202009,406
송파구,2628.문정역 1번출구,202009,1093
송파구,2629.문정동 힐스데이트 에코 송파,202009,1742
송파구,2630.서울방이동 고분군,202009,1231
송파구,2631.배명고등학교,202009,700
송파구,2632.석촌고분역 2번 출구,202009,1471
송파구,2633.송파학사 옆,202009,690
송파구,2634.위례포레샤인아파트 2318동,202009,448
송파구,2635.잠실새내역 1번출구,202009,889
송파구,2637.잠실월드 메르디앙,202009,1543
송파구,2638.쌍용아파트,202009,1345
송파구,2639.석촌역 8번출구,202009,1820
송파구,2641.송파역 4번출구,202009,2481
송파구,2642.마천동 성내천 쉼터,202009,935
송파구,2643.풍납중학교 측면,202009,490
송파구,2644.성내5교 (GS주유소),202009,1004
송파구,2645.잠실나들목2(엘스아파트136동),202009,4136
송파구,2646.레이클펠리스101동앞,202009,1511
송파구,2647.잠실 자전거 수리센터 앞,202009,1003
송파구,2648.헬리오시티 112동 앞,202009,1424
송파구,2649.오금공원사거리2,202009,279
송파구,2650.위례22단지 2208동 다리앞,202009,256
송파구,2651.경찰병원역 3번출구 앞,202009,983
송파구,2652.송파 레미니스1단지 102동 앞,202009,780
송파구,2653.올림픽공원사거리(선수촌아파트),202009,1479
송파구,2654.올림픽선수촌아파트 136동 앞,202009,499
송파구,2655.송이공원,202009,60
송파구,2656.풍납동 아이파크 107동 앞,202009,1502
송파구,2657.송파 파인타운 11단지,202009,563
송파구,2658.가락몰 업무동,202009,1014
송파구,2659.서울친환경유통센터,202009,69
양천구,700. KB국민은행 염창역 지점 앞,202009,2310
양천구,701. 목동사거리 부근,202009,1486
양천구,702. 목4동주민센터 옆,202009,1474
양천구,703. 오목교역 7번출구 앞,202009,4809
양천구,704. 남부법원검찰청 교차로,202009,3130
양천구,706. 신정네거리역,202009,1513
양천구,707. 신정3동주민센터,202009,613
양천구,708. 서울출입국관리사무소 앞,202009,2681
양천구,709. 신정3동 현장민원실 앞,202009,1179
양천구,710. 금옥여고보도육교,202009,50
양천구,711. 신일해피트리아파트 앞,202009,961
양천구,712. 강월초교입구 사거리,202009,1204
양천구,713. 양서중학교 옆,202009,1054
양천구,714. 한국SGI 양천문화회관 앞,202009,1005
양천구,716.신정6동 주민센터 인근,202009,1446
양천구,719. 홍익병원앞 교차로,202009,1871
양천구,720. 서울강월초등학교 앞,202009,742
양천구,722. LG전자베스트샵 신정점,202009,2937
양천구,723. SBS방송국,202009,2235
양천구,724. 계남공원 입구 주출입구 좌측,202009,356
양천구,725. 양강중학교앞 교차로,202009,666
양천구,726. 목동3단지 시내버스정류장,202009,2737
양천구,729. 서부식자재마트 건너편,202009,2508
양천구,731. 서울시 도로환경관리센터,202009,2263
양천구,732. 신월동 이마트,202009,1312
양천구,733. 신정이펜하우스314동,202009,654
양천구,734. 신트리공원 입구,202009,1998
양천구,735. 영도초등학교,202009,2792
양천구,736. 오솔길공원,202009,1377
양천구,737. 장수공원,202009,1539
양천구,739. 신월사거리,202009,1320
양천구,740. 으뜸공원,202009,1416
양천구,741. 화곡로 입구 교차로,202009,456
양천구,742. 등촌역 5번 출구 뒤,202009,998
양천구,743. 현대6차아파트 101동 옆,202009,955
양천구,744. 신목동역 2번 출구,202009,2554
양천구,745. 강서초등학교,202009,1204
양천구,746. 목동2단지 상가,202009,2619
양천구,747. 목동3단지 상가,202009,1200
양천구,748. 목동운동장,202009,516
양천구,749. 이대 목동병원 앞,202009,1883
양천구,750. 연의근린공원 건너편,202009,1045
양천구,752. 성원2차 아파트,202009,1153
양천구,754. 목동1단지아파트 118동 앞 (월촌초등학교 정류소 옆),202009,1685
양천구,755. 목동1단지아파트 상가 앞 (월촌중학교 버스정류소 옆),202009,2287
양천구,756. 목동주차장,202009,1671
양천구,757. 신정이펜하우스 1단지아파트 입구 사거리,202009,722
양천구,758. 한사랑교회 앞,202009,2375
양천구,759. 보아스아파트 앞,202009,952
양천구,760. 잣절보도육교 아래,202009,655
양천구,762. 오목로 무중력지대 앞,202009,1668
양천구,763. 목동11단지 아파트,202009,1100
양천구,764. 목동청소년수련관,202009,2191
양천구,765. 오목교역 3번출구,202009,4910
양천구,766. 신목동역 3번출구,202009,3932
양천구,767.신정숲속마을아파트,202009,300
양천구,768.목동5단지아파트 501동,202009,1330
양천구,769.CBS방송국 앞,202009,2418
양천구,770.목동역5번출구 교통정보센터 앞,202009,4108
양천구,771.목동아파트 703동 앞,202009,1903
양천구,"773.염창역 3, 4번 출구 사이",202009,1783
양천구,774.등촌역 4번 출구,202009,911
양천구,775.세종그랑시아 앞(102동),202009,749
양천구,776.목마공원,202009,509
양천구,777.신월6차보람아파트 앞,202009,1221
양천구,779.양천나눔누리센터,202009,1680
양천구,780.신정교 하부,202009,3282
양천구,781.신정보도육교 아래,202009,1936
양천구,782.서남병원 후문,202009,753
양천구,"785.양천구청, 보건소 사잇길",202009,2275
양천구,786.목동아파트 8단지 상가동 앞,202009,1732
양천구,787.양천아파트 입구,202009,1897
양천구,788.양천구청역 2번출구 옆,202009,1982
양천구,790.화곡고가 사거리,202009,672
양천구,791.현대하이페리온,202009,2252
양천구,792.목동트라팰리스 웨스턴에비뉴,202009,3233
양천구,793.목동5단지아파트 534동,202009,1324
양천구,794.양천문화회관,202009,1612
양천구,795.양천 해누리타운,202009,1712
양천구,796.목동아파트 14단지 B상가 앞,202009,1829
양천구,797.목동아파트 1422동 1434동 사잇길,202009,2103
영등포구,200. 국회의원회관,202009,571
영등포구,201. 진미파라곤 앞,202009,2259
영등포구,202. 국민일보 앞,202009,5167
영등포구,203. 국회의사당역 3번출구 옆,202009,2086
영등포구,204. 국회의사당역 5번출구 옆,202009,1527
영등포구,205. 산업은행 앞,202009,2667
영등포구,206. KBS 앞,202009,2709
영등포구,207. 여의나루역 1번출구 앞,202009,15447
영등포구,209. 유진투자증권빌딩 앞,202009,1386
영등포구,210. IFC몰,202009,7024
영등포구,211. 여의도역 4번출구 옆,202009,3633
영등포구,212. 여의도역 1번출구 옆,202009,2462
영등포구,213. KT앞,202009,2146
영등포구,214. 금융감독원 앞,202009,1652
영등포구,215. 여의도고교 앞,202009,1667
영등포구,216. 삼부아파트1동 앞,202009,1760
영등포구,217. NH농협은행 앞,202009,1999
영등포구,218. 증권거래소 앞,202009,939
영등포구,219. 롯데캐슬엠파이어 옆,202009,1481
영등포구,220. 미성아파트 A동 앞,202009,1805
영등포구,221. 여의도초교 앞,202009,3038
영등포구,222. 시범아파트버스정류장 옆,202009,3942
영등포구,223. 진주아파트상가 앞,202009,1444
영등포구,224. 롯데캐슬 앞,202009,2327
영등포구,225. 앙카라공원 앞,202009,1837
영등포구,226. 샛강역 1번출구 앞,202009,2127
영등포구,227. 양평2나들목 보행통로 입구,202009,4287
영등포구,228. 선유도역 3번출구 앞,202009,5480
영등포구,229. 양평1 보행육교 앞,202009,3172
영등포구,230. 영등포구청역 1번출구,202009,4902
영등포구,231. 남부고용노동지청 남측,202009,1096
영등포구,232. 양평우림 이비즈센타 앞,202009,4028
영등포구,233. YP 센터 앞,202009,531
영등포구,234. 영등포구민체육센터 앞,202009,830
영등포구,235. 신길동 우리은행 옆,202009,787
영등포구,236. 문래동자이아파트 앞,202009,1963
영등포구,238. 제2구민체육센타 앞,202009,1377
영등포구,239. 유스호스텔 앞,202009,1350
영등포구,240. 문래역 4번출구 앞,202009,2233
영등포구,241. 신길우성1차아파트 앞 공원,202009,1409
영등포구,242. 신길선원가와인아파트 앞,202009,942
영등포구,243. 이앤씨드림타워 앞,202009,2480
영등포구,244. 영등포삼환아파트 앞,202009,2022
영등포구,245. 삼성생명 당산사옥 앞,202009,2543
영등포구,247. 당산역 10번출구 앞,202009,6643
영등포구,248. 초원아파트 앞,202009,2602
영등포구,249. 여의도중학교 옆,202009,3251
영등포구,250. 대림아파트 사거리,202009,854
영등포구,251. 서울지방병무청 버스정류장,202009,1080
영등포구,252. 보라매역4번출구,202009,1431
영등포구,253. 신풍역 5번출구 인근,202009,931
영등포구,254. 도림신협 앞,202009,1405
영등포구,255. 도림사거리,202009,1346
영등포구,256. 동아에코빌입구,202009,1155
영등포구,257. 신길삼거리(우리은행),202009,3682
영등포구,258. 신길역3번출구,202009,1957
영등포구,259. 대방역6번출구,202009,3990
영등포구,260. 여의도 마리나선착장 앞,202009,1077
영등포구,262. 영문초등학교 사거리,202009,2870
영등포구,263. 근로자회관 사거리,202009,3590
영등포구,264. 교보생명보험 앞,202009,1303
영등포구,265. 영등포유통상가 사거리,202009,1386
영등포구,266. 영등포청과시장 사거리,202009,910
영등포구,267. 삼성화재 사옥 옆,202009,2308
영등포구,268. 그랜드컨벤션센터 앞,202009,1991
영등포구,270. 증권거래소후문교차로,202009,1013
영등포구,271. 샛강생태공원방문자센터 앞,202009,771
영등포구,272. 당산육갑문,202009,9327
영등포구,274. 영등포역지하쇼핑센타 5번출구,202009,4756
영등포구,275. 신동아아파트,202009,2675
영등포구,276. SK 영등포주유소,202009,2429
영등포구,277. 영등포뉴타운지하상가 2번게이트,202009,1870
영등포구,278. 쌍용플레티넘오피스텔,202009,2616
영등포구,279. 영등포 푸르지오 아파트,202009,1500
영등포구,280. 양평동6차현대아파트 앞,202009,2198
영등포구,281. 신동아아파트 앞,202009,1110
영등포구,282. 신한은행,202009,701
영등포구,283. 아크로타워 스퀘어(영등포시장),202009,3557
영등포구,284. 센트럴 푸르지오 시티 앞,202009,4402
영등포구,285. 대림3동사거리(하나은행),202009,792
영등포구,286. 우성아파트 교차로,202009,1582
영등포구,287. 영등포전화국사거리 (서강어린이공원),202009,1751
영등포구,288. 쌍용예가(구청별관),202009,953
영등포구,289. 대림3동사거리,202009,1159
영등포구,290. 당산동 SK V1 빌딩,202009,1624
영등포구,291. 문래동 하이테크 시티,202009,2267
영등포구,292. 영일 어린이공원,202009,1059
영등포구,293. 충북 미래관,202009,2882
영등포구,295.영등포공원 분수대 앞,202009,346
영등포구,296.KT플라자 영등포점,202009,1339
영등포구,297.국회3문,202009,318
영등포구,298.KBS 연구동 건너편,202009,268
영등포구,299.여의도 순복음교회,202009,1297
영등포구,3201.당산skv1센터,202009,964
영등포구,3202.당산롯데캐슬프레스티지,202009,1817
영등포구,3203.도림동배드민턴체육관,202009,453
영등포구,3204.도림고가도로 밑,202009,688
영등포구,3205.문래중학교,202009,1963
영등포구,3206.문래동 주민센터,202009,530
영등포구,3207.양남사거리 교통섬,202009,576
영등포구,3211.신길 래미안 프레비뉴,202009,853
영등포구,3212.신풍역 6번출구,202009,723
영등포구,3214.영등포 푸르지오,202009,1056
영등포구,3215.강변삼성래미안,202009,998
영등포구,3219.영등포역 2번출구,202009,1465
영등포구,3220.래미안에스티움 앞 (신풍로),202009,893
영등포구,3221.서울특별시 남부교육지원청,202009,255
용산구,800. 목월공원 앞,202009,1680
용산구,802. 한강진역 2번 출구 앞,202009,635
용산구,803. 한남초교 앞 보도육교,202009,429
용산구,805. 문배어린이공원 앞,202009,1055
용산구,806. 전자랜드 본관 앞,202009,1018
용산구,807. 서울역 12번 출구 앞,202009,929
용산구,808. 서빙고동 금호맨션 앞,202009,484
용산구,809. 한남 유수지 복개주차장,202009,1298
용산구,810. 이태원지하보도,202009,752
용산구,811. 녹사평역1번출구,202009,769
용산구,812. 용산전쟁기념관,202009,330
용산구,813. 삼각지역 3번출구,202009,1307
용산구,815. LIG강촌아파트 103동앞,202009,2322
용산구,816. 신용산역 6번출구 앞,202009,2202
용산구,817. 삼각지역 4번출구 앞,202009,713
용산구,818. 숙명여대 입구 교차로,202009,1667
용산구,819. 선린인터넷 고등학교,202009,1138
용산구,820. 청파동입구 교차로,202009,988
용산구,822. 이촌1동 마을공원,202009,450
용산구,823. 효창동주민센터 앞,202009,286
용산구,825. 서빙고동 주민센터 앞,202009,4687
용산구,827. 국군복지단,202009,85
용산구,828. 숙대입구역 8번,202009,879
용산구,829. 베르가모앞,202009,4102
용산구,830. 청암자이아파트앞,202009,522
용산구,831. 이태원관광특구입구,202009,299
용산구,832. 이촌1동 주민센터 뒤,202009,2616
용산구,834. 효창공원앞역 3번출구 뒤,202009,2122
용산구,835. 남영역 건너편,202009,1130
용산구,836. 현대자동차서비스 앞,202009,1755
용산구,837. 한남나들목 입구,202009,3270
용산구,838. 숙대입구역 4번출구,202009,1385
용산구,839. 보광동 삼성리버빌아파트 앞,202009,1369
용산구,840. 용산 파크타워 앞,202009,737
용산구,841. 신용산역 1번 출구,202009,2217
용산구,843. 녹사평역 광장,202009,903
용산구,844. 이촌2동 동원베네스트 아파트 앞,202009,1094
용산구,845. 용산 선인상가,202009,859
용산구,846. 용산중학교,202009,1117
용산구,847. 국방부민원실옆,202009,257
용산구,848. 삼각지12번 출구,202009,403
용산구,849. 삼각지 자이아파트,202009,902
용산구,850. KCC용산월츠타워,202009,649
용산구,851.효창 푸르지오 앞,202009,169
용산구,852.청암자이APT(103동),202009,822
용산구,853.용산역 맞은편,202009,3144
용산구,854.HID 유족동지회 앞,202009,178
용산구,855.이촌역5번출구 앞,202009,140
용산구,857. 현대 안성타워,202009,469
용산구,858.녹사평역3번 출구,202009,204
용산구,859.남산공원 야외식물원 앞,202009,39
용산구,860.LG한강 자이아파트 앞,202009,2027
용산구,861.삼익상가 앞,202009,3
용산구,863.이촌역2번 출구,202009,407
용산구,864.순천향대학병원(한남오거리),202009,1080
용산구,865.하얏트호텔 앞,202009,15
용산구,866.브라운스톤 남산아파트,202009,470
용산구,867.서빙고역 광장(1번출구),202009,341
용산구,868.롯데하이마트 용산점 앞,202009,449
용산구,869.노들섬 동측 앞,202009,950
용산구,870.노들섬 서측 앞,202009,3169
은평구,4652. 신사두산위브2차아파트 앞,202009,829
은평구,900. 은평예술회관,202009,729
은평구,901. 응암1동사무소,202009,1156
은평구,902. 진관동 은빛초등학교,202009,452
은평구,903. 은평뉴타운 아이파크,202009,802
은평구,904. 은평뉴타운 푸르지오,202009,841
은평구,905. 구파발역 2번출구,202009,2113
은평구,906. 연신내역 5번출구150M 아래,202009,3589
은평구,907. CJ 드림시티,202009,6330
은평구,908. 구산역 4번출구,202009,1356
은평구,909. 백련산 힐스테이트 3차,202009,388
은평구,911. 은평평화공원(역촌역4번출구),202009,2309
은평구,912. 응암오거리,202009,2589
은평구,913. 이마트 은평점,202009,3632
은평구,914. 새절역 2번출구,202009,4060
은평구,915. 증산역 4번출구,202009,2050
은평구,916. 평생학습관 앞,202009,1349
은평구,917. 녹번역 4번출구,202009,1389
은평구,919. 서울혁신파크,202009,968
은평구,921. 신도고등학교,202009,281
은평구,922. 연신내역 4번출구,202009,627
은평구,923. 국민은행 연서지점,202009,805
은평구,924. 메뚜기다리,202009,248
은평구,925. 불광역 2번출구,202009,737
은평구,926. 불광역 8번출구,202009,849
은평구,927. 연신내역 3번출구 인근,202009,607
은평구,928. 은평역사한옥박물관,202009,481
은평구,930. 구 서부경찰서 건너편,202009,1014
은평구,931. 역촌파출소,202009,3560
은평구,932. 예일여중,202009,1101
은평구,933. LG서비스 역촌점,202009,2170
은평구,934. 신사동 성당,202009,460
은평구,937. 상림마을 롯데캐슬2단지 옆,202009,230
은평구,938. 금암 문화공원,202009,403
은평구,939. 은평구청 교차로,202009,635
은평구,941. 은평뉴타운 도서관,202009,454
은평구,942. 상림마을 생태공원,202009,433
은평구,943. 은평구청 보건소,202009,1822
은평구,945. 기자촌 사거리,202009,323
은평구,946. 독바위역,202009,604
은평구,947. 연신내 선일하이츠빌 정류소,202009,1070
은평구,948. 디지털미디어 시티역 4번출구(DMC역),202009,679
은평구,949. 연신내역 1번 출구,202009,1131
은평구,950. 구산역 2번 출구,202009,2191
은평구,951. 연신내역 6번출구옆,202009,481
은평구,952. 서울연신중학교,202009,411
은평구,953. 서울연신초등학교,202009,584
은평구,954. 은평뉴타운구파발9단지,202009,678
은평구,956. 응암시장교차로,202009,3089
은평구,958. 신한은행 응암동 지점 앞,202009,1600
은평구,959. 구파발10단지 인근,202009,567
은평구,960. 구파발역 환승센터,202009,623
은평구,961. 불광역 9번 출구,202009,1748
은평구,962. 은평뉴타운 힐데스하임,202009,1070
은평구,963. 대호프라자아파트,202009,992
은평구,964. 북한산힐스테이트 7차아파트,202009,479
은평구,965. 서울특별시 은평병원,202009,351
은평구,966. 서울혁신파크1,202009,344
은평구,967. 서울혁신파크2,202009,450
은평구,968. 은평뉴타운 상림마을 13단지,202009,154
은평구,969. 은평 지웰테라스,202009,270
은평구,971. 역촌 센트레빌 아파트,202009,313
은평구,972. 수색역,202009,1077
은평구,973.제각말푸르지오 5-1단지 아파트,202009,191
은평구,974.연신초등학교옆 마을마당,202009,105
은평구,975.백련산 힐스테이트상가앞,202009,240
은평구,976.진관고등학교앞,202009,420
은평구,977.신도중학교앞,202009,160
은평구,978.녹번 힐스테이트상가앞,202009,356
은평구,979.원풍빌라앞,202009,810
은평구,982.유니클로 은평점앞,202009,848
은평구,984.상신초등학교앞 버스정류장,202009,1097
은평구,985.은평온누리약국앞,202009,650
은평구,989.응암 꼬꼬닭치킨호프 앞,202009,1539
은평구,991.흥국사 정류장,202009,189
은평구,992.북한산입구 정류장,202009,275
은평구,993.은평뉴타운 온뜨락아파트앞,202009,450
은평구,994.북한산생태공원입구(교통섬),202009,237
은평구,995.은평다목적체육관,202009,182
은평구,996.응암역 1번출구,202009,4057
종로구,301. 경복궁역 7번출구 앞,202009,1338
종로구,302. 경복궁역 4번출구 뒤,202009,2618
종로구,303. 광화문역 1번출구 앞,202009,1780
종로구,304. 광화문역 2번출구 앞,202009,1339
종로구,305. 종로구청 옆,202009,1323
종로구,306. 광화문역 7번출구 앞,202009,1875
종로구,307. 서울역사박물관 앞,202009,575
종로구,308. 광화문 S타워 앞,202009,1707
종로구,309. 광화문역 6번출구 옆,202009,1017
종로구,314. 국립현대미술관,202009,1166
종로구,316. 종각역 1번출구 앞,202009,1963
종로구,326. 안국역 5번출구 앞,202009,1566
종로구,327. 낙원상가 옆,202009,1327
종로구,328. 탑골공원 앞,202009,763
종로구,329. 청계2가 사거리 옆,202009,1359
종로구,334. 종로3가역 2번출구 뒤,202009,1441
종로구,335. 종로3가역 15번출구 앞,202009,949
종로구,337. 창경궁 입구,202009,457
종로구,338. 세운스퀘어 앞,202009,681
종로구,339. 종로4가 사거리,202009,995
종로구,340. 혜화동 로터리,202009,1711
종로구,3401.창신두산아파트,202009,107
종로구,3402.이화공영주차장,202009,308
종로구,3403.서울특별시 교육청,202009,153
종로구,3404.서울특별시 중부교육지원청,202009,38
종로구,3405.파크팰리스,202009,735
종로구,3406.세종로공원,202009,766
종로구,3407.안국동사거리(신),202009,1217
종로구,3408.종로타워빌딩,202009,820
종로구,341. 혜화역 3번출구 뒤,202009,941
종로구,3410.종로3가역 8번출구,202009,1
종로구,3411.종묘,202009,744
종로구,3412.세운상가,202009,447
종로구,3413.종로플레이스,202009,1040
종로구,3414.종로5가역 4번출구,202009,507
종로구,3415.동대문역6번출구,202009,769
종로구,3416.동묘앞역 6번출구,202009,596
종로구,3417.창신3동주민센터,202009,561
종로구,3418.창신역2번 출구,202009,84
종로구,3419.국립어린이과학관,202009,373
종로구,342. 대학로 마로니에공원,202009,2233
종로구,3420.성균관대입구사거리(맥도날드),202009,687
종로구,3421.혜화역 1번출구,202009,1150
종로구,3422.성균관대 정문,202009,1313
종로구,3423.현대그룹(본사),202009,715
종로구,3425.광화문 풍림스페이스본 1단지앞,202009,395
종로구,3426.독립문역 2번출구 뒤,202009,233
종로구,3427.인왕산 아이파크 정문,202009,244
종로구,3428.서울미술관,202009,164
종로구,3429.AW컨벤션앞,202009,217
종로구,343. 예일빌딩(율곡로) 앞,202009,493
종로구,3430.구기치안센터 앞,202009,107
종로구,3431.로제우스 레포츠센터,202009,184
종로구,3432.종로2가 사거리,202009,893
종로구,344. 성균관대 E하우스 앞,202009,694
종로구,345. 서울보증보험본사 앞,202009,918
종로구,348. 독립문역 사거리,202009,1266
종로구,349. 사직동주민센터,202009,981
종로구,351. 청운초교 앞 삼거리,202009,831
종로구,352. 중앙고입구 삼거리,202009,382
종로구,353. 재동초교 앞 삼거리,202009,753
종로구,354. 포르투갈 대사관 앞,202009,978
종로구,355. 서울사대부속초교 앞,202009,885
종로구,356. KT혜화지사 앞,202009,833
종로구,358. 성대입구 사거리,202009,1243
종로구,359. 원남동사거리,202009,974
종로구,361. 동묘앞역 1번출구 뒤,202009,2787
종로구,362. 청계8가 사거리,202009,1868
종로구,363. 신설동역 11번출구 뒤,202009,1485
종로구,364. 창신역 1번출구 앞,202009,547
종로구,367. 독립문역 3-1번출구,202009,1262
종로구,368. SK 서린빌딩 앞,202009,1078
종로구,369. 광화문 시민열린마당,202009,1852
종로구,385. 종각역 5번출구,202009,1452
종로구,386. 올림픽기념 국민생활관 앞,202009,525
종로구,388. 동성중학교 앞,202009,645
종로구,393. 동대문역 8번 출구,202009,2169
종로구,394. 경희궁 자이 3단지,202009,402
종로구,395. 경희궁 자이 2단지,202009,1305
종로구,397. 종묘공영주차장 건너편,202009,576
종로구,446. 상명대입구,202009,836
종로구,449. 일성아파트,202009,235
종로구,450. 효자동 삼거리,202009,1022
종로구,451. 청와대앞길,202009,300
종로구,452. 동대문 종합시장 버스정류장,202009,369
종로구,453. 종로오가 지하쇼핑센터 14번출구,202009,969
종로구,454. 종로2가 버스정류장 (종각방향),202009,846
종로구,455. 삼익한의원,202009,761
종로구,456. 숭인2동 주민센터 입구 (이강3대냉면),202009,997
종로구,457. 종로꽃시장 입구 옆,202009,715
종로구,458. 광화문역 5번출구,202009,2741
종로구,461. 서울지방경찰청,202009,988
종로구,462. 신영동삼거리(북악터널방향),202009,21
종로구,464. 삼청동 골목,202009,882
종로구,465. 삼청공원 앞,202009,180
종로구,"4702. 평창동 꽃여울(꽃집),스타벅스 앞",202009,149
종로구,4711. 올림픽기념 국민생활관 로터리,202009,131
종로구,486. 평창동주민센터 앞,202009,196
중구,300. 정동사거리,202009,1251
중구,3013.서울지방고용노동청 앞,202009,2
중구,310. 청계광장 옆,202009,1318
중구,311. 서울광장 옆,202009,3832
중구,312. 시청역 1번출구 뒤,202009,16
중구,318. 광교사거리 남측,202009,760
중구,320. 을지로입구역 4번출구 앞,202009,1103
중구,321. KEB 하나금융그룹 명동사옥 옆,202009,1060
중구,322. 명동성당 앞,202009,705
중구,324. 신세계백화점 본점 앞,202009,999
중구,331. 을지로2가 사거리 북측,202009,1064
중구,332. 을지로2가 사거리 남측,202009,920
중구,336. 티마크 호텔 앞,202009,750
중구,346. 맥스타일 앞,202009,1573
중구,347. 동대문역사문화공원역 9번출구 앞,202009,1097
중구,370. 시청역(2호선) 9번출구 뒤,202009,2330
중구,371. 동대입구역 6번출구 뒤,202009,697
중구,372. 약수역 3번출구 뒤,202009,830
중구,373. 청구 어린이공원,202009,206
중구,374. 청구역 2번출구 앞,202009,1162
중구,375. 다산 어린이공원,202009,1381
중구,378. 청계7가 사거리,202009,1499
중구,379. 서울역9번출구,202009,1080
중구,380. CJ제일제당 앞,202009,887
중구,381. 장충체육관,202009,241
중구,382. 약수역 10번출구 앞,202009,667
중구,383. 신당역 12번 출구 뒤,202009,2262
중구,384. 종로학원본원,202009,574
중구,387. 훈련원공원주차장 앞,202009,1112
중구,389. 을지로4가역 1번출구,202009,831
중구,390. 충무로역 1번출구,202009,1523
중구,391. 정동길입구,202009,858
중구,398. 을지로3가역 3번출구,202009,1200
중구,399. 서울역 센트럴 자이아파트,202009,864
중구,428. 명보사거리,202009,726
중구,429. 송도병원,202009,192
중구,430. KEB하나은행 장충동지점,202009,782
중구,431. 청계천 영도교,202009,2701
중구,433. 을지로입구역 2번출구,202009,1595
중구,434. 신당 래미안 버스정류장,202009,162
중구,435. SK 남산빌딩,202009,389
중구,441.염천교사거리,202009,249
중구,442.서울역 서부,202009,395
중구,443.호암아트홀,202009,429
중구,444.서울역3번 출구,202009,301
중구,445.대한상공회의소,202009,770
중구,466.롯데호텔,202009,824
중구,467.한국은행,202009,416
중구,468.웨스틴 조선호텔,202009,339
중구,469.회현역 1번출구,202009,255
중구,470.회현역 7번출구,202009,387
중구,471.회현사거리 남측,202009,756
중구,472.삼일교(시그니쳐 타워),202009,687
중구,473.을지로4가역 9번출구,202009,976
중구,474.동대문역사문화공원역 1번출구 뒤편,202009,1197
중구,475.DDP 패션몰,202009,546
중구,476.광희문,202009,494
중구,477.앰배서더 호텔 주변,202009,241
중구,479.동대입구역 3번 출구,202009,266
중구,480.약수역 6번 출구,202009,260
중구,481.신당역 10번 출구,202009,446
중구,482.예수소망교회,202009,87
중구,483.남산타운아파트 버스정류장,202009,271
중구,484.도동삼거리,202009,83
중구,485.서울역4번출구,202009,344
중구,826. 서울역 서부교차로2,202009,1531
중랑구,1401. 극동늘푸른아파트,202009,2604
중랑구,1402. 금란주차장 앞,202009,1705
중랑구,1403. 중화빌딩 앞 (동부시장),202009,1782
중랑구,1404. 동일로 지하차도,202009,1436
중랑구,1405. 망우역 1번출구,202009,1197
중랑구,1406. 망우청소년수련관,202009,210
중랑구,1407. 먹골역 1번출구 뒤,202009,1314
중랑구,1408. 먹골역 6번출구 앞,202009,1757
중랑구,1410. 면목 대원칸타빌아파트,202009,270
중랑구,1411. 상봉시장앞 교차로 한성빌딩 앞,202009,1234
중랑구,1412. 면목초등학교,202009,645
중랑구,1413. 봉화산역 5번출구 뒤,202009,1251
중랑구,1414. 사가정역 1번출구,202009,2988
중랑구,1416. 상봉역 3번출구,202009,977
중랑구,1418. 새솔초등학교,202009,414
중랑구,1420. 신내어울공원 앞,202009,878
중랑구,1421. 신내역 4번출구,202009,235
중랑구,1422. 신내우디안아파트 1단지,202009,205
중랑구,1424. 양원역 2번출구,202009,210
중랑구,1425. 용마문화복지센터,202009,620
중랑구,1426. 면목도시개발아파트 1동 앞,202009,318
중랑구,1427. 용마산역 1번출구,202009,296
중랑구,1428. 원묵고등학교,202009,523
중랑구,1429. 장안중학교,202009,1083
중랑구,1430. 중랑구청,202009,1222
중랑구,1431. 중랑구청 사거리,202009,1914
중랑구,1433. 중화역 2번출구,202009,2011
중랑구,1434. 홈플러스 면목동점,202009,945
중랑구,1435. 능산삼거리,202009,347
중랑구,1436. 영풍마드레빌,202009,645
중랑구,1437. 늘푸른공원 앞,202009,1620
중랑구,1438. 홈플러스 신내점 앞,202009,2310
중랑구,1440. 하나은행 면목지점,202009,1339
중랑구,1441. 신내능말공원,202009,478
중랑구,1442. (구)신한은행 중랑교지점,202009,1858
중랑구,1443. 구립망우청소년독서실,202009,460
중랑구,1444. 면목4치안센터,202009,1482
중랑구,1445. 용마지구대,202009,263
중랑구,1446. 중랑전화국 교차로,202009,1669
중랑구,1447. 면목역 3번출구,202009,2297
중랑구,1448. 코스트코 상봉점,202009,2305
중랑구,1449. 상봉역 1번출구,202009,2132
중랑구,1450. 화랑대역 7번출구,202009,1954
중랑구,1451. 중랑세무서,202009,3426
중랑구,1452. 겸재교 진입부,202009,3303
중랑구,1453. 중랑캠핑숲,202009,351
중랑구,1454. 한국전력공사(동대문 중랑지사),202009,1082
중랑구,1455. 상봉역 2번 출구,202009,1975
중랑구,1456. 상아빌딩(우림시장 교차로),202009,1075
중랑구,1457. 동원사거리,202009,954
중랑구,1458. 상봉터미널2,202009,2032
중랑구,1459. 용마한신아파트사거리,202009,503
중랑구,1461.동양엔파트 앞,202009,991
중랑구,1462.동부시장 북문 앞,202009,1510
중랑구,1463.중랑구민회관,202009,138
중랑구,1464.중화역 4번출구,202009,1057
중랑구,1465.중랑공영차고지 옆,202009,719
중랑구,1466.두산대림아파트 삼거리,202009,384
중랑구,1467.sk신내 주유소앞(용마산로),202009,92
중랑구,1468.먹골역 7번 출구,202009,778
중랑구,1469.먹골역 4번출구,202009,879
중랑구,1470.중화동 우리은행 앞,202009,1401
중랑구,1471.동양쇼핑 정류소 앞,202009,1234
중랑구,1472.영성빌딩(PAT),202009,590
중랑구,1473.중랑역 1번 출구(중화문화복지센터),202009,1131
중랑구,1474.서울중랑우체국,202009,640
중랑구,1477.면목삼익아파트 앞,202009,367
중랑구,1478.홈플러스 상봉점 앞,202009,1429
중랑구,1479.면목 홈플러스 2,202009,773
중랑구,1480. 용마지구대 옆,202009,1110
강남구,2301. 현대고등학교 건너편,202010,4181
강남구,2302. 교보타워 버스정류장(신논현역 3번출구 후면),202010,1234
강남구,2303. 논현역 7번출구,202010,1054
강남구,2304. 신영 ROYAL PALACE 앞,202010,307
강남구,2305. MCM 본사 직영점 앞,202010,433
강남구,2306. 압구정역 2번 출구 옆,202010,1273
강남구,2307. 압구정 한양 3차 아파트,202010,1536
강남구,2308. 압구정파출소 앞,202010,1083
강남구,2309. 청담역(우리들병원 앞),202010,651
강남구,2310. 청담동 맥도날드 옆(위치),202010,666
강남구,2311. 학동로 래미안 아파트 앞,202010,435
강남구,2312. 청담역 13번 출구 앞,202010,531
강남구,2313. 금원빌딩 앞,202010,1509
강남구,2314. 청담나들목입구,202010,841
강남구,2315. 봉은사역 5번출구 옆,202010,1231
강남구,2316. 삼성역 8번출구,202010,1781
강남구,2317. 삼성도로공원,202010,1267
강남구,2318. 삼성중앙역4번출구(문화센터더 리빌),202010,630
강남구,2319. 포스코사거리 서측(수협 삼성동 지점),202010,615
강남구,2320. 도곡역 대치지구대 방향,202010,676
강남구,2321. 학여울역 사거리,202010,1079
강남구,2322. 삼성역 3번 출구,202010,939
강남구,2323. 주식회사 오뚜기 정문 앞,202010,364
강남구,2324. 천주교 대치 2동 교회 옆,202010,1302
강남구,2325. 대치동 버거킹대치점,202010,1342
강남구,2326. 대치동 삼성로,202010,460
강남구,2327. 뱅뱅사거리 랜드마크타워 앞,202010,1148
강남구,2328. 르네상스 호텔 사거리 역삼지하보도 7번출구 앞,202010,442
강남구,2329. 르네상스호텔사거리 역삼지하보도 2번출구,202010,370
강남구,2330. 스타벅스 앞,202010,623
강남구,2331. 동영문화센터앞,202010,534
강남구,2332. 선릉역3번출구,202010,1248
강남구,2333. 양재역 3번출구 주변,202010,1258
강남구,2334. 삼호아파트 2동 ( 간선도로),202010,155
강남구,2335. 3호선 매봉역 3번출구앞,202010,678
강남구,2336. 강남세브란스교차로 래미안그레이튼 104동 앞,202010,335
강남구,2337. 대모산입구역 2번출구 앞,202010,615
강남구,2339. 현대아파트 정문 앞,202010,435
강남구,2340. 삼호물산버스정류장(23370) 옆,202010,2083
강남구,2341. 일원역 4~5번 출구 사이,202010,454
강남구,2342. 대청역 1번출구 뒤,202010,2039
강남구,2343. 세곡사거리 대왕파출소 앞,202010,109
강남구,2344. 리엔파크 2단지 앞,202010,659
강남구,2347. 두산건설 본사,202010,375
강남구,2348. 포스코사거리(기업은행),202010,1985
강남구,2349. 역삼빌딩 앞(하나은행 옆),202010,322
강남구,2350. 래미안그레이튼102동앞,202010,346
강남구,2351. 청소년수련관(수영장)앞,202010,232
강남구,2352. 서울본부세관(건설회관 앞),202010,238
강남구,2353. 강남구청역 2번출구 뒤,202010,718
강남구,2354. 청담역 2번출구,202010,307
강남구,2355. 삼성역 5~6번 출구 사이,202010,1644
강남구,2356. 강남구청,202010,668
강남구,2357. 르네상스호텔사거리 역삼지하보도 3번출구 앞 (더 오번 빌딩 명동칼국수 앞),202010,239
강남구,2358. 구룡초사거리 (현대아파트10동 앞 ),202010,393
강남구,"2359. 국립국악중,고교 정문 맞은편",202010,854
강남구,2360. 도곡1동 주민센터 교차로,202010,566
강남구,2361. 압구정역 교차로,202010,1089
강남구,2362. 신사동 가로수길 입구,202010,1006
강남구,2363. 강남 을지병원 교차로,202010,387
강남구,2364. 도산대로 렉서스 앞,202010,690
강남구,2365. K+ 타워 앞,202010,1129
강남구,2368. 도곡동 경남아파트 건너편,202010,266
강남구,2369. KT선릉타워,202010,1047
강남구,2370. 한티역 3번출구,202010,499
강남구,2371. 한국우편사업진흥원,202010,334
강남구,2372. 대치역 사거리,202010,1411
강남구,2373. 개포동역 사거리,202010,1462
강남구,2375. 수서역 1번출구 앞,202010,892
강남구,2376. 수서역 6번출구 앞,202010,204
강남구,2377. 수서역 5번출구 뒤,202010,2488
강남구,2380. 삼성동베이직하우스앞,202010,486
강남구,2381. 언주역 6번출구앞,202010,498
강남구,2382. 역삼동 sk뷰 501동앞,202010,367
강남구,2383. 보금자리정원,202010,255
강남구,2384. 자곡사거리,202010,1785
강남구,2385. 학동역,202010,807
강남구,2386. 논현동 279-165,202010,288
강남구,2387. 래미안강남힐즈 사거리,202010,805
강남구,2388. 강남구 도시관리공단,202010,490
강남구,2389. 경기여자고등학교 후문 (삼성로3길 입구),202010,646
강남구,2390. 구룡마을 입구 (래미안블레스티지 아파트),202010,279
강남구,2391. 구룡터널 입구(개포1단지아파트),202010,17
강남구,2392. 구룡산 입구 (구룡산 서울둘레길 입구),202010,43
강남구,2393. 구룡사 앞 교차로 (보도육교),202010,72
강남구,2394. 개포래미안포레스트아파트 107동 앞,202010,0
강남구,2395. 개포1단지아파트 입구 (보도육교),202010,33
강남구,2396. 영동3교 북단(우성캐릭터 앞 보도),202010,809
강남구,2398. 더라움,202010,436
강남구,2401. 밀알학교 입구 (삼성서울병원 입구),202010,263
강남구,2403. 공무원연금매점 교차로 (개포주공9단지 입구),202010,192
강남구,2404. 대모산입구역 4번 출구 앞,202010,1002
강남구,2405. 청담공원앞 교차로,202010,700
강남구,2406. 논현동 광명빌딩 앞,202010,305
강남구,2407. 역삼.서초.삼성 세무서 앞 (역삼빌딩 앞),202010,1456
강남구,2408. 강남한양수자인아파트,202010,646
강남구,2409. 역삼동 디오슈페리움 (우성아파트 사거리),202010,1009
강남구,2410. 포스코피앤에스타워 (역삼역 3번출구 부근),202010,644
강남구,2411. 세곡동 성당,202010,804
강남구,2412. 일원1동 주민센터,202010,1822
강남구,2413.도곡역 1번 출구,202010,807
강남구,2414. 도곡역 아카데미스위트 앞,202010,973
강남구,2415.한티역 롯데백화점 앞,202010,668
강남구,2416.한티역 6번 출구,202010,207
강남구,2417.선정릉 디캠프(D.CAMP)앞,202010,231
강남구,2418.봉은사역 7번 출구,202010,724
강남구,"2419.봉은사역 1,2번 출구",202010,462
강남구,2420.학여울역 사거리(LG베스트샵 앞),202010,769
강남구,2421. 신논현역 4번출구,202010,594
강남구,2422.수서동 성당 맞은편,202010,451
강남구,2423.영희초교 사거리(래미안개포루체하임),202010,951
강남구,2425.세곡동 사거리(대왕초등학교 정류장),202010,132
강남구,2426.강남한신휴플러스 6단지,202010,433
강남구,2427.개포고등학교 정문앞,202010,282
강남구,2428.롯데리아 개포점앞,202010,212
강남구,2429.압구정로데오역 6번출구,202010,1365
강남구,2430.강남파이낸스센터앞(역삼역2번출구),202010,356
강남구,2431.대치역 7번출구,202010,1060
강동구,1001. 광진교 남단 사거리(디지털프라자앞),202010,2470
강동구,1002. 해공공원(천호동),202010,2621
강동구,1003. 해공도서관앞,202010,1048
강동구,1004. 삼성광나루아파트 버스정류장,202010,1914
강동구,1006. 롯데캐슬 115동앞,202010,490
강동구,1007.암사동 선사유적지,202010,205
강동구,1008. 암사역 3번출구(국민은행앞),202010,3986
강동구,1009. 천호역4번출구(현대백화점),202010,4744
강동구,1010. 강동세무서,202010,2786
강동구,1011. LIGA 아파트 앞,202010,2783
강동구,1012. 서울 상운차량,202010,1285
강동구,1013. 강동구청역 1번 출입구,202010,1679
강동구,1014. 강동구평생학습관앞,202010,1113
강동구,1015. 샛마을 근린공원,202010,937
강동구,1016. 해뜨는 주유소옆 리엔파크 109동앞,202010,763
강동구,1017. 맥도날드(길동),202010,2227
강동구,1018. 둔촌 주공 GS 맞은편,202010,164
강동구,1019. 다성이즈빌아파트(호원대 대각선 맞은편),202010,3051
강동구,1020. 강동경찰서,202010,3311
강동구,1021. 강일동 리슈빌 빌딩앞,202010,1686
강동구,1022. 길동 사거리(초소앞),202010,1975
강동구,1023. 한국종합기술사옥 앞,202010,1678
강동구,1024. 강동구청 앞,202010,1310
강동구,1025. 상일초등학교,202010,773
강동구,1026. 대명초교 입구 교차로,202010,591
강동구,1027. 프라자 아파트 앞,202010,1224
강동구,1028. 포레스 주상복합 빌딩,202010,1747
강동구,1029. 롯데 시네마,202010,2243
강동구,1030. 미호 플랜트 앞,202010,1275
강동구,1031. 올림픽로 836(아리수로),202010,693
강동구,1032. 선사고등학교,202010,704
강동구,1033. 고덕동 아남아파트,202010,771
강동구,1034. 고덕동 래미안 힐스테이트,202010,461
강동구,1035. 고덕역 4번출구,202010,358
강동구,1036. 고덕동 주양쇼핑,202010,1188
강동구,1037. 강일리버파크 6단지,202010,388
강동구,1038. 강일 다솜 어린이 공원,202010,431
강동구,1039. 고덕초등학교,202010,186
강동구,1041. 묘곡초등학교,202010,696
강동구,1042. 강일리버파크 2~5단지,202010,813
강동구,1044. 굽은다리역,202010,4468
강동구,1047. 건강보험 강동지사kt,202010,1984
강동구,1048. 동부기업(둔촌동),202010,1922
강동구,1049. 강일리버파크 10단지,202010,993
강동구,1050. 둔촌역 3번 출입구,202010,4600
강동구,1051. 양지시장 (용성약국앞) 입구,202010,1528
강동구,1052. 리싸이클시티,202010,216
강동구,1053. 동명근린공원 진입로 (아리수로),202010,405
강동구,1054. 말우물 어린이 공원,202010,315
강동구,1056. 강일리버파크 7~11단지,202010,543
강동구,1057. 능골근린공원,202010,687
강동구,1058. 고덕숲 아이파크 1,202010,802
강동구,1059. 래미안 강동팰리스(102동),202010,1044
강동구,1060. 천일초교 사거리,202010,740
강동구,1061. 천호초교 입구 사거리(일주빌딩),202010,1208
강동구,1062. 고덕숲 아이파크 2,202010,349
강동구,1063.강동롯데캐슬퍼스트 아파트(관리동),202010,545
강동구,1064.중앙보훈병원역 1번출구,202010,204
강동구,1065.보훈병원 정문옆(중앙대영약국),202010,472
강동구,1066.생태공원앞 교차로(조명탑),202010,136
강동구,1067.한영중고앞사거리,202010,390
강동구,1068.명일파출소,202010,875
강동구,1069.강동경희대학교병원 입구,202010,322
강동구,1070.(시립)고덕평생학습관,202010,576
강동구,1071.명일근린공원공동체텃밭,202010,235
강동구,1072.고덕역 5번출구,202010,260
강동구,1073.SSTS 몰 앞,202010,960
강동구,1074.대명초교입구 사거리,202010,1075
강동구,1075.천동초교 삼거리,202010,1156
강동구,1076.전자랜드 길동점,202010,1685
강동구,1077.강동역 1번출구 앞,202010,1998
강동구,1078.둔촌사거리,202010,1720
강동구,1079.강일동입구교차로,202010,347
강동구,1080.엘웨딩,202010,593
강동구,1081.트레빌빌딩,202010,813
강동구,1082.중앙보훈병원역3번출구,202010,77
강동구,1083.광문고교사거리(아이파크),202010,438
강동구,1084. 윤선생빌딩(JYP사옥),202010,2538
강동구,1085.래미안 솔베뉴(고덕로),202010,700
강동구,1086.래미안 솔베뉴(구천면로),202010,765
강동구,1088.풍납사거리(강동),202010,911
강동구,1089.고덕 래미안힐스테이트(201동),202010,173
강동구,1090.상일동역 2번출구 앞,202010,2459
강동구,3539. 서원마을,202010,265
강동구,3652. 한영외국어고등학교,202010,68
강북구,"1501. 미아역 3번,4번 출구 사이",202010,1819
강북구,1503. 이디야 커피 수유역점 앞,202010,3450
강북구,1504. 다이소 삼양시장점,202010,633
강북구,1506. 강북문화예술회관,202010,1202
강북구,1509. 서울북부수도사업소,202010,800
강북구,1510. 번동주공5단지 관리사무소 앞,202010,311
강북구,1511. 번동 금호어울림아파트102동앞,202010,348
강북구,1512. 강북중학교 앞,202010,2375
강북구,1513. 강북구청 뒷편,202010,250
강북구,1514. 강북구청 사거리 버스정류소 앞,202010,1932
강북구,1515. 송천동 주민센터,202010,934
강북구,1516. 우이초등학교 후문 옆,202010,799
강북구,1518. SK telecom(수유직영점) 앞,202010,728
강북구,1519. 세븐일레븐 수유장미원점 앞,202010,1175
강북구,1520. 성실교회,202010,1410
강북구,1522. 월드전기조명인테리어(우이동),202010,478
강북구,1525. 미아동 복합청사,202010,702
강북구,1526. 수유동 채선당앞,202010,926
강북구,1527. 미아역 1번 출구 뒤,202010,957
강북구,1528. 삼각산동 주민센터,202010,552
강북구,1529. 미아동 한국전력공사,202010,2027
강북구,1530. 광산사거리,202010,2031
강북구,1531. 미아사거리 1번 출구,202010,2897
강북구,1532. 번3동 주민센터 교차로,202010,1075
강북구,"1533. 번동 주공3, 4단지 교차로",202010,1856
강북구,1534. 북서울 꿈의 숲 동문,202010,1469
강북구,1535. 효성인텔리안 앞,202010,2181
강북구,1536. 번동 두산위브 101동 옆,202010,1364
강북구,1537. 북한산 우이역,202010,752
강북구,1538. 솔밭공원역,202010,434
강북구,1539. 4.19민주묘지역,202010,1712
강북구,1540. 가오리역,202010,1162
강북구,1541. 삼양역,202010,251
강북구,1542. 삼양사거리역,202010,544
강북구,1543. 수유1동 주민센터,202010,823
강북구,1545. 솔샘역 2번 출구,202010,161
강북구,1546. 송천동우체국,202010,671
강북구,1547. 꿈의숲 롯데캐슬,202010,367
강북구,1548. 북서울 꿈의숲 서문,202010,790
강북구,1550.삼각산아이원아파트(105동 옆),202010,21
강북구,1551.4.19탑 앞,202010,591
강북구,1552. 강북구청사거리(던킨도너츠 앞),202010,1520
강북구,1553.예수그리스도후기성도교회 앞,202010,518
강북구,1554.번동사거리,202010,770
강북구,1557.신창교,202010,1199
강북구,1558.강북문화정보도서관,202010,235
강북구,1560. 도봉세무서 앞,202010,1176
강북구,1564.4.19민주묘지역 1번출구,202010,46
강북구,1565.대한병원앞,202010,1232
강북구,1566.삼각산 아이언APT앞,202010,148
강북구,1568.4.19민주묘지 입구사거리,202010,766
강북구,1569.수유역2번출구,202010,2106
강북구,1571.북서울 꿈의 숲 입구,202010,589
강북구,1572.우이산 입구,202010,85
강북구,1573.현대성우아파트 옆,202010,333
강북구,1574.송중초등학교 옆,202010,567
강서구,1101. 개화동상사마을종점 버스정류장,202010,358
강서구,1102. 방화사거리 마을버스 버스정류장,202010,2578
강서구,1103. 방화역 4번출구앞,202010,2557
강서구,1105. 방화근린공원,202010,675
강서구,1106. 신방화사거리,202010,2560
강서구,1108. 공항시장역 2번출구 뒤,202010,1540
강서구,1109. 공항시장역 4번출구,202010,1089
강서구,1110. 공항중학교앞,202010,1329
강서구,1111. 마곡엠밸리6_7단지 마곡중학교,202010,1768
강서구,1112. 마곡엠밸리4단지 정문,202010,4763
강서구,1113. 서남환경공원 버스정류장,202010,2304
강서구,1115. 등촌역 1번출구옆,202010,2293
강서구,1117. 스타벅스앞,202010,4614
강서구,1118. 증미역 3번출구뒤(등촌두산위브센티움오피스텔),202010,5483
강서구,1119. 염창동 한마음아파트앞(염창동 빛나는 음악학원앞),202010,3432
강서구,1120. 대림경동아파트앞,202010,2675
강서구,1121. 가양레포츠센터앞,202010,2301
강서구,1122. 황금내근린공원,202010,4056
강서구,1124. 발산역 6번 출구 뒤,202010,90
강서구,1125. 명덕고교입구(영종빌딩),202010,4281
강서구,1126. 우장산역 1번출구옆(우장산아이파크105동앞),202010,2040
강서구,1127. 화곡역(에이스정형외과앞) 버스정류장,202010,2438
강서구,1128. 화곡역 6번출구,202010,1917
강서구,1129. 화곡역 1번 출구 앞,202010,2625
강서구,1130. 화곡본동시장 버스정류장,202010,984
강서구,1131. 꿈돌이공원 앞,202010,2745
강서구,1132. 등촌역 7번출구,202010,2385
강서구,1135. 강서구의회,202010,2039
강서구,1136. 등촌2파출소,202010,1109
강서구,1137. 등촌2동주민센터,202010,564
강서구,1139. 용문사 버스정류장,202010,1648
강서구,1140. 목동사거리 버스정류장,202010,2266
강서구,1141. 곰달래 문화복지센터 1-1,202010,2188
강서구,1145. 곰달래 문화복지센터 1-2,202010,1288
강서구,1146. 곰달래사거리,202010,2086
강서구,1148. 볏골공원,202010,1321
강서구,1149. 신방화역환승주차장,202010,6299
강서구,1150. 송정역 1번출구,202010,4465
강서구,1151. 마곡역1번출구,202010,0
강서구,1152. 마곡역교차로,202010,5429
강서구,"1153. 발산역 1번, 9번 인근 대여소",202010,10418
강서구,1155. 기쁜우리복지관,202010,2186
강서구,1157. 강서구청,202010,3122
강서구,1158. 가양역 8번출구,202010,6546
강서구,1159. 서서울모터리움앞,202010,1794
강서구,1160. 양천향교역 7번출구앞,202010,7088
강서구,1161. 강서면허시험장앞,202010,622
강서구,1162. 공항초등학교건너편,202010,1581
강서구,1163. 방화동강서기동대앞,202010,1726
강서구,1165. 마곡중학교 후문,202010,1063
강서구,1166. 강서구립등빛도서관,202010,3746
강서구,1167. 마곡수명산파크3단지 교차로,202010,3167
강서구,1168. 마곡엠밸리10단지 앞,202010,1276
강서구,1169. 염창역 1번 출구,202010,2194
강서구,1170. 강서구보건소 (삼성디지털 프라자),202010,1096
강서구,1171. 염창동 새마을금고 건너편 (모닝글로리),202010,2591
강서구,1172. 가양3동 주민센터,202010,2017
강서구,1173. 강서구청사거리(SH타워),202010,3873
강서구,1174. 강서구청사거리(부민병원),202010,1504
강서구,1175. 대한항공 인력개발센터,202010,1627
강서구,1177. 수명중?고교,202010,1564
강서구,1178. 개화산역 2번 출구,202010,1196
강서구,1180. 마곡엠밸리 15단지(1502동) 건너편,202010,2395
강서구,1181. 농수산식품공사 (강서지사),202010,468
강서구,1182. KBS 스포츠월드,202010,3635
강서구,1183. KC 대학교,202010,457
강서구,1184. 마곡13단지,202010,3094
강서구,1185. 등촌9단지,202010,1786
강서구,1186. 송정중학교,202010,501
강서구,1187. 강서수산물도매시장,202010,956
강서구,1188. 롯데중앙연구소,202010,273
강서구,1190. 마곡역 교차로(2번출구),202010,1732
강서구,1191. 마곡역 교차로(NH농협),202010,3093
강서구,1192. 마곡수명산파크 209동 건너편,202010,1814
강서구,1193. 마곡센트럴타워 1차,202010,2680
강서구,1194. 센서텍㈜,202010,900
강서구,1195. 코오롱One&Only타워,202010,2144
강서구,1196. 서울식물원(문화센터) 건너편,202010,699
강서구,1197. 엠펠리체 호텔 건너편,202010,3456
강서구,1198. LG 사이언스파크,202010,840
강서구,1199. 우장산역 3번출구,202010,2926
강서구,1200. 개화광역환승센터,202010,368
강서구,2701. 마곡나루역 5번출구 뒤편,202010,5263
강서구,2702. 마곡 엠밸리2단지,202010,1542
강서구,2703.서울도시가스 앞,202010,952
강서구,2704.홈플러스(강서점),202010,3430
강서구,2706.강서공업고등학교 앞,202010,1951
강서구,2707.한강아파트,202010,1590
강서구,2708.강서한강자이타워 앞,202010,3419
강서구,2709.강변아파트 310동 앞,202010,1475
강서구,2710.라이품 공영주차장 앞,202010,2269
강서구,2711.가로공원공영주차장 1번 출구,202010,1303
강서구,2712.화곡터널입구교차로,202010,460
강서구,2713.우장초등학교 앞,202010,1185
강서구,2714.발산1동주민센터교차로,202010,2444
강서구,2715.마곡나루역 2번 출구,202010,7657
강서구,2716.롯데 R&D 센터,202010,447
강서구,2717.LG유플러스 마곡사옥,202010,2797
강서구,2718.마곡수명산파크1단지,202010,875
강서구,2719.마곡문화공원,202010,2088
강서구,2720.힐스테이트에코,202010,2502
강서구,2721.등촌1-10단지 교차로,202010,2863
강서구,2722.마곡 문영비지웍스,202010,3799
강서구,2723.마곡 필네이처,202010,1375
강서구,2724.(재)FITI시험연구원,202010,1923
강서구,2725.서울식물원 식물문화센터,202010,1519
강서구,2727.서울식물원 잔디마당 앞,202010,1469
강서구,2728.마곡나루역 3번 출구,202010,4342
강서구,2729.넥센 유니버시티 앞,202010,1523
강서구,2730.마곡메가박스 앞,202010,2087
강서구,2731.명덕고교,202010,1074
강서구,2732.마곡수명산 1-2단지,202010,1268
강서구,2733.마곡13단지 정문 앞,202010,2458
강서구,2735.마곡 공공청사,202010,1620
강서구,2737.까치산역 3번 출구,202010,1467
강서구,2739.수명산파크1단지교차로,202010,1573
강서구,2740.마곡레포츠센터,202010,804
강서구,2741.마곡수명산파크5-6단지,202010,1266
강서구,2742.강서구민올림픽체육센터,202010,1004
강서구,2743.동신아파트 104동 앞,202010,1185
강서구,2744.강서세무서 앞,202010,835
강서구,2745.수명초등학교,202010,876
강서구,2746.수명산파크 4단지 411동 앞,202010,971
관악구,2102. 봉림교 교통섬,202010,10809
관악구,2103. 신림동 우방아파트,202010,2105
관악구,2104. 사당역 5번출구,202010,1884
관악구,2105. 미성동 신림체육센터,202010,1650
관악구,2106. 난곡 새마을금고,202010,2551
관악구,2107. 도림천 신화교,202010,3223
관악구,2108. 은천치안센터,202010,1609
관악구,2109. 은천로입구 가로공원,202010,3291
관악구,2110. 조원동 미성아파트,202010,145
관악구,2111. 서울대입구역 1번출구,202010,1394
관악구,2112. 서울대입구역 마에스트로,202010,1254
관악구,2113. 관악동작견인차량보관소,202010,2998
관악구,2115. 관악농협농산물백화점,202010,1661
관악구,2116. 에이스에이존빌딩,202010,1257
관악구,2119. 중앙동 동진빌딩,202010,1552
관악구,2122. 낙성대로 입구,202010,975
관악구,2127. 보성운수차고지 맞은편,202010,706
관악구,2128. 관악구청교차로,202010,1028
관악구,2129. 낙성대 과학전시관,202010,743
관악구,2130. 영어마을 관악캠프,202010,508
관악구,2135. 신림역 5번출구,202010,1802
관악구,2136. 신림역 8번출구,202010,3360
관악구,2137. KT&G 관악지점,202010,527
관악구,2139. 서울신성초등학교,202010,879
관악구,2140. 신림1교 교차로,202010,2397
관악구,2141. 미림여고입구 교차로,202010,186
관악구,2143. 서울산업정보학교,202010,412
관악구,2144. 난우길입구,202010,905
관악구,2145. 은천초등학교 육교,202010,768
관악구,2148. 낙성대역 3번출구 뒤,202010,998
관악구,2156. 농협 관악문성지점,202010,1140
관악구,2159. 인헌초교,202010,522
관악구,2160. 관악구 보건소,202010,3
관악구,2164. 관악우체국,202010,1255
관악구,2165. JK장평타워,202010,401
관악구,2167. 낙성대역 1번출구,202010,749
관악구,2169. 봉천역 2번출구,202010,1280
관악구,2170. 조원동서울본병원,202010,1501
관악구,2171. 서울대입구역 5번출구,202010,1650
관악구,2172. 나들목공원,202010,666
관악구,2173. 당곡사거리,202010,5339
관악구,2174. 삼성디지털프라자관악점,202010,1179
관악구,2175. 신림동걷고싶은문화의거리입구,202010,1561
관악구,2176. 보라매공원 보도육교,202010,2565
관악구,2177. 신대방역 2번 출구,202010,7706
관악구,2178. 서울대학교 정문,202010,698
관악구,2179. 양녕로 입구,202010,1474
관악구,2183. 동방1교,202010,6501
관악구,2184. 구암초등학교 버스정류장,202010,196
관악구,2185. 대학동 고시촌,202010,1220
관악구,2186.우리은행 낙성대역지점,202010,602
관악구,2187.현대시장사거리(신한은행),202010,984
관악구,2189.삼성서비스센터(관악점),202010,861
관악구,2190.도원맨션,202010,494
관악구,2191.대학동주민센터,202010,982
관악구,2195.은천교회,202010,754
관악구,2196.삼화페인트 봉천점,202010,574
관악구,2198.사랑의병원,202010,624
관악구,2199.신봉천주유소,202010,207
관악구,2200.관악문화원 건너편,202010,91
관악구,3304.낙성대역 5번 출구,202010,53
관악구,3305.낙성대역 8번 출구,202010,395
관악구,3306.서울신우초등학교,202010,80
관악구,3307.봉천고개 육교,202010,344
관악구,3310.영락고등학교,202010,271
관악구,3311.서울대입구역 4번 출구,202010,574
관악구,3802. 관악구민체육센터,202010,76
광진구,3500. 군자역2번출구,202010,1441
광진구,3501. 광진구청 앞,202010,2413
광진구,3502. 중곡역 1번출구,202010,940
광진구,3503. 광진유진스웰,202010,118
광진구,3504. 원일교회,202010,1862
광진구,3505. 신양초교앞 교차로,202010,1429
광진구,3506. 영동대교 북단,202010,1584
광진구,3507. 어린이회관,202010,460
광진구,3508. 화양사거리,202010,998
광진구,3509. 세종사이버대학교,202010,2543
광진구,3510. 중곡SK아파트앞,202010,715
광진구,3516. 구의아리수정수센터앞,202010,584
광진구,3517. 용마사거리,202010,2258
광진구,3518. 군자역 7번출구뒤,202010,3706
광진구,3520. 광진경찰서,202010,2205
광진구,3521. 현대홈타운 뒷길,202010,249
광진구,3523. 건국대학교 과학관(이과대) 앞,202010,782
광진구,3524. 세종대학교,202010,146
광진구,3528. 광진정보도서관,202010,1190
광진구,3529. 어린이대공원정문,202010,1021
광진구,3533. 건대입구역 사거리(롯데백화점),202010,6218
광진구,3534. 건대입구역 5번출구 뒤,202010,3513
광진구,3535. 중곡사거리(국민은행),202010,2546
광진구,3536. 중앙농협(자양동),202010,2347
광진구,3537. 아차산 휴먼시아 아파트 옆,202010,673
광진구,3541. 커먼그라운드,202010,3360
광진구,3542. 래미안 구의파크 스위트,202010,1520
광진구,3543. 세종대학교(학술정보원),202010,317
광진구,3563.구의7단지현대아파트,202010,153
광진구,3564.나루마당,202010,76
광진구,3566.우성4차아파트,202010,1599
광진구,3569.건대병원후문,202010,2606
광진구,3570.구의역 리버비스타 오피스텔,202010,1803
광진구,3571.화양 APT(횡단보도 옆),202010,2161
광진구,3573.광나루안전체험관,202010,1183
광진구,3575.자양사거리 (LG 유플러스),202010,1892
광진구,3578.중곡동 파크웨이빌딩,202010,878
광진구,3579.광진 캠퍼스시티,202010,1920
광진구,3581.광진광장,202010,841
광진구,3582.화양동 우체국,202010,850
광진구,3586.군자역 비채온 오피스텔,202010,1777
광진구,3587.우성식품 앞,202010,920
광진구,3588.세종대학교(영실관),202010,406
광진구,500. 어린이대공원역 3번출구 앞,202010,2575
광진구,501. 광진구의회 앞,202010,1453
광진구,502. 뚝섬유원지역 1번출구 앞,202010,13891
광진구,505. 자양사거리 광진아크로텔 앞,202010,2800
광진구,515. 광양중학교 앞,202010,1460
광진구,516. 광진메디칼 앞,202010,1159
광진구,539. 군자교교차로,202010,2004
광진구,540. 군자역 7번출구 베스트샵 앞,202010,1920
광진구,542. 강변역 4번출구 뒤,202010,2534
광진구,543. 구의공원(테크노마트 앞),202010,1204
광진구,544. 광남중학교,202010,1486
광진구,546. 잠실대교북단 교차로,202010,1655
광진구,548. 자양나들목,202010,2357
광진구,549. 아차산역 3번출구,202010,2735
광진구,551. 구의삼성쉐르빌 앞,202010,2857
광진구,552. 대림아크로리버 앞,202010,946
광진구,553. 중곡 성원APT 앞,202010,1676
광진구,555. 구의3동주민센터,202010,413
광진구,571. 어린이대공원역6번출구,202010,763
광진구,572. 국립정신 건강센터 앞,202010,474
광진구,573. 구의문주차장 앞,202010,1750
광진구,574. 아차산역4번출구,202010,2122
광진구,575. 중앙농협 중곡지점,202010,473
광진구,576. 광나루역 3번 출구,202010,1981
광진구,577. 광진청소년수련관,202010,1894
광진구,584. 광진광장 교통섬,202010,1884
광진구,588. 뚝섬 유원지역,202010,495
광진구,590. 건국대학교 (입학정보관),202010,1539
광진구,591. 건국대학교 (행정관),202010,274
광진구,592. 건국대학교 학생회관,202010,1519
광진구,593.자양중앙나들목,202010,2793
구로구,1901. 신도림동주민센터 앞,202010,1733
구로구,1904. 도림천역 1번 출구 앞,202010,1863
구로구,1906. 신도림역 1번 출구 앞,202010,6874
구로구,1907. 구일우성(아) 육교 밑,202010,812
구로구,1908. 해원리바파크 육교 밑,202010,1655
구로구,1910. 낙원교회 맞은편,202010,90
구로구,1911. 구로디지털단지역 앞,202010,6803
구로구,1912. 한신휴아파트 앞,202010,1991
구로구,1913. 구로리공원,202010,1066
구로구,1914. 대림역4번출구,202010,2484
구로구,1916. 구로중학교앞,202010,576
구로구,1920. 서울미래초등학교 사거리,202010,1437
구로구,1924. 삼부르네상스파크빌,202010,715
구로구,1925. 동양미래대학교 정문 옆,202010,4741
구로구,1928. 고척스카이돔구장 광장,202010,1334
구로구,1929. 고척근린공원 고척도서관 앞,202010,1036
구로구,1930. 개봉지구대 개봉치안센터,202010,1217
구로구,1931. 개봉역(북측광장),202010,2140
구로구,1933. 개봉푸르지오아파트 상가,202010,1973
구로구,1936. 개봉역 1번 출구 자전거보관서쪽,202010,1197
구로구,1937. 한진아파트 입구,202010,1200
구로구,1941. 오류동역 2번출구,202010,1949
구로구,1943. 온수역 북측,202010,661
구로구,1946. 구로역 광장,202010,2704
구로구,1951. 천왕이펜하우스 4단지 상가 앞,202010,341
구로구,1952. 천왕연지타운2단지 앞,202010,2178
구로구,1953. 천왕역 4번출구 뒤,202010,1222
구로구,1955. 디지털입구 교차로,202010,3572
구로구,1956. 도야미리숯불갈비 앞,202010,1305
구로구,1957. 구일고등학교 정문,202010,1655
구로구,1958. 강서수도사업소민원센터,202010,1543
구로구,1959. 구로구의회 앞,202010,1210
구로구,1960. 화광신문사 앞,202010,2310
구로구,1961. 신도림테크노근린공원,202010,5190
구로구,1962. 가리봉동주민센터,202010,1620
구로구,1964. 원메디타운 앞,202010,1407
구로구,1965. 삼환로즈빌아파트 105동 옆,202010,1196
구로구,1966. 한마을아파트 정문상가,202010,1821
구로구,1967. 참새공원(백곡경노당),202010,474
구로구,1968. 동인오피스텔 건너편 소공원,202010,518
구로구,1969. 궁동생태공원,202010,277
구로구,1971. 오정초교 앞 보도육교,202010,626
구로구,1973. 오리로와 서해안도로 교차로 앞,202010,670
구로구,1974. 신도림2차e편한세상아파트 203동 앞,202010,1409
구로구,1975. 대림역 1번 출입구 밑,202010,1334
구로구,1976. 남구로역 5번 출입구 앞,202010,501
구로구,1977. 천왕역 1번 출입구 앞,202010,1679
구로구,1979. 구로1동우체국 앞,202010,369
구로구,1981. 천왕이펜하우스5단지 앞,202010,831
구로구,1983. 구로동롯데아파트,202010,1655
구로구,1984. 구로구청,202010,1624
구로구,1985. 구로도서관,202010,3208
구로구,1986. 태평양물산빌딩,202010,3085
구로구,1987. 개봉아이파크아파트 앞,202010,1812
구로구,1988. 고척LIGA아파트 앞,202010,2468
구로구,1991. 오류동역 맞은편,202010,2188
구로구,1992. 구로구배드민턴실내체육관 앞,202010,446
구로구,1993. 금강수목원아파트 앞,202010,942
구로구,1994. 삼성전자 물류센터 앞,202010,1092
구로구,1996. 구일역 1번 출입구 앞,202010,2903
구로구,1998. 고척교 교차로,202010,2036
구로구,1999. 수궁동 성당 주변,202010,632
구로구,2000. 신도림4차 e편한세상 아파트 1109동 앞,202010,1435
구로구,2801. 대륭포스트타워1차,202010,2308
구로구,2804.항동지구 6단지 602동 앞,202010,636
구로구,2805.구로자원순환센터,202010,268
구로구,2806.항동지구 4단지 입구,202010,195
구로구,2807.항동지구 1단지 105동 앞,202010,631
구로구,2808.항동지구 2단지 202동 앞,202010,540
구로구,2809.항동지구 11단지 1103동 앞,202010,270
구로구,2810.항동지구 3단지 311동 앞,202010,328
구로구,2812.항동프라자,202010,291
구로구,2813.항동지구 3단지 302동 앞,202010,322
구로구,2814.항동지구 10단지 1001동 앞,202010,586
구로구,2815.항동지구 7단지 정문,202010,500
구로구,2816.항동지구 8단지 803동옆(주차장입구),202010,198
구로구,2817.천왕이펜하우스5단지 앞,202010,409
구로구,2818.천왕이펜하우스3단지 앞,202010,386
구로구,2819.하늘숲초등학교 앞,202010,770
구로구,2820.신세기아파트 앞,202010,981
구로구,2821.청구아파트 앞,202010,1350
구로구,2822.제니스스포츠 앞,202010,430
구로구,2823.중앙유통단지 앞,202010,1038
구로구,2824.미래사랑어린이공원 앞,202010,2134
구로구,2825.초롱타운 앞,202010,549
구로구,2826.가마산지하보도 옆,202010,414
금천구,1804. 독산역 2번출구 자전거주차장,202010,1552
금천구,1805. 서울디지털운동장 앞,202010,994
금천구,1806. 에이스하이엔드타워9차 앞,202010,891
금천구,1808. 에이스하이엔드타워8차 앞,202010,1006
금천구,1809. LG전자 별관동(호서대 벤처타워 맞은편),202010,549
금천구,1812. 갑을그레이트밸리 앞,202010,1154
금천구,1814. 두산위브아파트 옆 상가건물 앞,202010,1161
금천구,1816. 금천폭포공원 앞,202010,267
금천구,1819. 금천구청 앞 자전거거치대,202010,913
금천구,1820. 신한은행 시흥대로금융센터지점,202010,522
금천구,1821. 홈플러스 시흥점 맞은편 다비치안경 앞,202010,1060
금천구,1822. 서울 시흥동우체국 앞,202010,1417
금천구,1823. 상신정비공업 앞,202010,473
금천구,1824. 독산근린공원 입구,202010,2779
금천구,1825. 한신아파트 앞 육교 아래,202010,820
금천구,1826. 한신코아 앞,202010,699
금천구,1827. 독산보도육교 앞 자전거 보관소,202010,4169
금천구,1828. 한양수자인아파트 앞,202010,1050
금천구,1829. 홈플러스 금천점 앞,202010,1582
금천구,1830. 빅마켓 금천점 앞,202010,1651
금천구,1831. 메이퀸웨딩컨벤션 앞,202010,750
금천구,1833. 독산역 1번출구 앞 자전거보관소,202010,1768
금천구,1834. 월드메르디앙 벤처센터 2차,202010,2419
금천구,1835. STX V타워,202010,1047
금천구,1836. 금천구립 독산도서관,202010,158
금천구,1839. 수출의 다리 아래,202010,643
금천구,1840. 솔브레인이엔지 뒤편,202010,1077
금천구,1841. 가산동 주민센터,202010,1491
금천구,1842. 한울중학교,202010,406
금천구,1843. 독산고등학교,202010,561
금천구,1845. 롯데캐슬골드파크1차 서문,202010,804
금천구,1846. 롯데캐슬골드파크1차 동문,202010,928
금천구,1847. 독산주공 14단지 버스정류소,202010,410
금천구,1848. 벽산 디지털밸리 5차,202010,1310
금천구,1849. 대륭포스트타워5차,202010,481
금천구,1850. 코오롱테크노밸리,202010,398
금천구,1851. 가산디지털단지 7번출구,202010,2340
금천구,1852. 혜명양로원 담장 옆,202010,535
금천구,1853. 서울디자인직업전문학교 앞,202010,414
금천구,1854. 가산아네스트 오피스텔 앞,202010,816
금천구,1855. 성지아파트 옆 도로변,202010,249
금천구,1856. 모두의학교,202010,1106
금천구,1857. 주공14단지,202010,277
금천구,1858. 석수역1번출구 앞 (SK주유소),202010,871
금천구,1859. 대륭테크노타운 18차,202010,833
금천구,1861.IBK기업은행 석수역 지점 앞,202010,233
금천구,1862.스타즈호텔독산 빌딩 앞,202010,959
금천구,1863.위너스 스포츠클럽 골프연습장옆,202010,395
금천구,1864.산호시티빌 옆,202010,355
금천구,1865.금천구청앞(M빌딩),202010,359
금천구,1866.서울안천초등학교 옆,202010,372
금천구,1867.대륭포스트타워6차 앞,202010,2442
금천구,1868.우리은행 시흥남자동화점 앞,202010,416
금천구,1869.롯데캐슬골드파크3차 301동 앞,202010,681
금천구,1870.독산3동주민센터 앞,202010,502
노원구,1601. 석계역 문화광장 내 자전거 보관소,202010,4440
노원구,1602. 광운대역 앞,202010,1766
노원구,1603. 롯데캐슬 102동 코너(월계주유소건너),202010,2474
노원구,1605. 헬스케어,202010,2834
노원구,1606. 태릉입구역 3번출구,202010,1326
노원구,1608. 공릉역 1번 출구 앞,202010,5701
노원구,1610. 화랑대역 2번출구 앞,202010,3846
노원구,1611. 과기대 입구(우),202010,4336
노원구,1616. 하계2동 공항버스정류장 옆,202010,3533
노원구,1617. 하계동 중평어린이공원 앞,202010,2996
노원구,1619. 중계동 하나프라자빌딩 앞(중1-1),202010,2324
노원구,1620. 중계동 노원구민체육센터 옆(중1-2),202010,1533
노원구,1625. 상계역(4번출구),202010,3898
노원구,1628. 노일초등학교 앞,202010,1119
노원구,1630. 수연빌딩 앞,202010,1607
노원구,1634. 당고개공원 대여소,202010,1656
노원구,1635. 상계3.4동 주민센터 대여소,202010,404
노원구,1636. 백병원 사거리 농협은행 앞,202010,2999
노원구,1637. KT 노원점 건물 앞,202010,3779
노원구,1639. 희성오피앙,202010,1635
노원구,1640. 한내근린공원 북측,202010,1736
노원구,1641. 한내근린공원 남측,202010,753
노원구,1642. 서울여대 남문,202010,888
노원구,1643. 태릉입구역 8번출구,202010,2883
노원구,1646. 삼육대 입구,202010,845
노원구,1650. 중계근린공원내,202010,3742
노원구,1651. 맥도날드 상계점 앞,202010,1321
노원구,1652. 파르코 앞,202010,506
노원구,1653. 노원역1번출구,202010,4519
노원구,1654. 당고개입구 오거리,202010,1162
노원구,1655. 공릉1단지아파트,202010,3239
노원구,1656. 중앙하이츠 아파트 입구,202010,2099
노원구,1657. 노원구청,202010,1298
노원구,1659. 중계동 을지중학교,202010,1072
노원구,1660. 서울시립과학관,202010,439
노원구,1661. 당현천근린공원,202010,1467
노원구,1662. 노원역7번출구,202010,1828
노원구,1663. 동해문화예술관앞,202010,3099
노원구,1664. 노해근린공원내,202010,471
노원구,1665. 양지근린공원앞,202010,1071
노원구,1666. 노원소방서인근,202010,1828
노원구,1667. 중계중학교,202010,1465
노원구,1668. 중계역 6번출구,202010,2587
노원구,1669. 중계역 3번출구,202010,2123
노원구,1670. 노원경찰서교차로,202010,1654
노원구,1671. 인덕대학교,202010,1322
노원구,1672. 상계동수락리버시티,202010,803
노원구,1673. 노원역 5번출구,202010,3939
노원구,1674. 서울북부고용센터앞,202010,2680
노원구,1675. 월계문화체육센터,202010,87
노원구,1677. 육군사관학교 앞,202010,1651
노원구,1678. 성서대학교 밀알관,202010,353
노원구,1679. 삼육대 도서관,202010,238
노원구,1680. 삼육대 제3과학관,202010,50
노원구,1681. 현대6차 아파트,202010,1294
노원구,1682. 중계종합사회복지관 교차로,202010,1092
노원구,1683. 노원문화예술회관,202010,1682
노원구,1684. 태릉입구역 5번출구,202010,3400
노원구,1685. 불암고등학교 앞 횡단보도,202010,831
노원구,1686. 온수골사거리(스타벅스앞),202010,3082
노원구,1688. 마들역 7번출구,202010,2247
노원구,1689. 마들역 3번출구,202010,1636
노원구,1690. 도봉운전면허시험장,202010,1412
노원구,1691. 노원정보도서관,202010,1080
노원구,1692. 온곡초교 교차로,202010,1024
노원구,1693. 원자력 병원,202010,430
노원구,1695.월계미륭아파트 정문,202010,829
노원구,1696.수락리버시티4단지,202010,606
노원구,1697.상계주공2단지 219동,202010,1061
노원구,1700.상계보람아파트 202동,202010,892
노원구,2901.공릉동풍림아파트 101동,202010,1117
노원구,2902.공릉풍림아파트 108동,202010,1150
노원구,2903.월계초안아파트 1단지,202010,870
노원구,2904.중계3차청구아파트,202010,1231
노원구,2905.중계주공6단지,202010,534
노원구,2907. 월계중학교,202010,425
노원구,2908. 광운대학교 중앙도서관,202010,996
노원구,2909. 석계역 3번 출구,202010,1450
노원구,2910.도깨비시장,202010,2517
노원구,2911.상계역중앙시장,202010,1560
노원구,2912.대진고등학교,202010,1494
노원구,2913.상계8동 주민센터,202010,2029
노원구,2914.서울과학기술대학교(미래관),202010,240
노원구,2915.서울과학기술대학교(어학교육원),202010,2069
노원구,2917.신창중학교 후문 맞은편 버스정류장,202010,985
노원구,2919.등나무 근린공원(시립북서울미술관 앞),202010,2791
노원구,2920.상계중학교(당현2교사거리),202010,788
노원구,2921.중계역 2번출구,202010,1263
도봉구,1702. 녹천역 1번출구 앞,202010,708
도봉구,1703. 도봉산광역환승센터앞,202010,702
도봉구,1705. 도봉구청 정문앞,202010,1540
도봉구,1706. 기업은행 앞,202010,1008
도봉구,1707. 도봉구민회관,202010,1065
도봉구,1708. 보건소사거리(다비치안경창동점),202010,2170
도봉구,1709. 쌍문역4번출구 주변,202010,1147
도봉구,1713. 쌍문동 이안아파트 앞,202010,245
도봉구,1714. 도봉문화정보도서관 삼거리,202010,203
도봉구,1715. 서울특별시교육청도봉도서관,202010,1350
도봉구,1716. 하나로마트 창동점,202010,2899
도봉구,1717. 시립창동운동장 입구,202010,487
도봉구,1719. 신도봉사거리 버스정류장,202010,806
도봉구,1720. 도봉구청 옆(중랑천변),202010,3314
도봉구,1721. 창동역 2번출구,202010,3520
도봉구,1722. 창동청소년수련관,202010,1357
도봉구,1723. 방학동학마을도서관,202010,688
도봉구,1725. 창1동주민센터,202010,509
도봉구,1726. 삼익세라믹아파트교차로,202010,1520
도봉구,1727. 서울도봉초등학교인근,202010,569
도봉구,1728. 서울북부지방법원,202010,353
도봉구,1729. 파리바게트앞,202010,1316
도봉구,1730. 도봉산역 교차로 앞,202010,294
도봉구,1731. 도봉고등학교 맞은편,202010,284
도봉구,1732. 우리은행 앞,202010,876
도봉구,1733. 방학사거리 (봄마당 앞),202010,2120
도봉구,1734. 쌍문현대1차아파트 108동 앞,202010,942
도봉구,"1735. 도봉역 1,2번 출구사이 건너편",202010,974
도봉구,1736. 버스정류장 앞,202010,497
도봉구,1737. 하나은행 (창동점),202010,2503
도봉구,1738. 창동주공17단지 상가앞,202010,2008
도봉구,1741. 제일강산수산입구,202010,2570
도봉구,1742. 북한산 코오롱 하늘채,202010,1880
도봉구,1743.창동19단지아파트 관리사무소앞,202010,1101
도봉구,1744.KT방학지사 앞,202010,945
도봉구,1746. 다이소방학점 앞,202010,623
도봉구,1748. 피자헛 앞(도봉병원 옆),202010,673
도봉구,1749. ESA아파트 상가 앞,202010,1202
도봉구,1750. 창포원 남쪽 입구,202010,1483
도봉구,1751. 창원초등학교 교차로,202010,465
도봉구,1752. 창동 주공 4단지 입구 옆,202010,677
도봉구,1754. 창동시장입구 사거리,202010,975
도봉구,1756.서울북부광역등기국,202010,342
도봉구,1757.솔밭공원역 1번출구 앞,202010,487
도봉구,1758.북서울교회 버스정류소 앞,202010,752
도봉구,1759.서울북부지방법원 앞,202010,616
도봉구,1761.방학중학교 앞,202010,635
도봉구,1762.북한산 한신휴플러스APT앞,202010,1353
도봉구,1765.쌍문역 1번 출구(양산부인과 빌딩),202010,1105
도봉구,1767.태양중앙교회 앞,202010,1790
도봉구,1768.신동아타워 버스정류소,202010,824
도봉구,1770.도봉한신아파트 주변,202010,693
도봉구,1771.성원APT버스정류소,202010,1150
도봉구,1772.시립도봉노인복지관 버스정류소,202010,694
도봉구,1774.반석교회(쌍문동),202010,433
도봉구,1775.신원리베르텔 앞,202010,873
동대문구,600. 휘경2동 주민센터,202010,322
동대문구,601. 용신동주민센터,202010,1168
동대문구,602. 장안동 사거리,202010,4173
동대문구,604. 답십리초등학교 옆 공원,202010,1161
동대문구,605. 신설동역8번출구,202010,1237
동대문구,606. 휘경공고앞,202010,1329
동대문구,607. 신이문역 2번출구,202010,978
동대문구,608. 전농삼성아파트,202010,296
동대문구,609. 제기2교,202010,2105
동대문구,610. 동대문중 교차로,202010,1089
동대문구,612. 시립동부병원 앞 사거리,202010,2287
동대문구,613. 신설동역 10번출구 앞,202010,2045
동대문구,614. 용두동 사거리,202010,2293
동대문구,615. 용두동 래미안허브리츠아파트 앞,202010,1211
동대문구,616. 서울시립대 앞,202010,238
동대문구,617. 청솔우성아파트 앞,202010,1544
동대문구,621. 동대문중학교 옆,202010,292
동대문구,622. 전농사거리 교통섬,202010,1475
동대문구,623. 서울시립대 정문 앞,202010,2148
동대문구,624. 전농동 동아아파트 앞,202010,1672
동대문구,625. 답십리초등학교 앞(현대시장 옆),202010,2264
동대문구,626. 군자교 서측 녹지대,202010,1493
동대문구,627. 장안동삼거리 교통섬,202010,2125
동대문구,628. 휘봉고등학교 앞,202010,822
동대문구,630. 동대문구 보건소,202010,2026
동대문구,631. 답십리역 1번출구,202010,2666
동대문구,633. 청량리 기업은행 앞,202010,1576
동대문구,634. 외국어대 정문 앞,202010,3421
동대문구,635. 시조사 앞 (청량고정문 옆),202010,1724
동대문구,636. 세종대왕기념관 교차로,202010,827
동대문구,637. KAIST 경영대학 앞,202010,1104
동대문구,638. 서울시립대 정보기술관,202010,475
동대문구,639. 서울시립대 후문,202010,678
동대문구,640. KEB하나은행 청량리역지점,202010,1143
동대문구,641. 용두역 4번출구,202010,2481
동대문구,642. 신답역 사거리,202010,1181
동대문구,643. 동대문구민체육센터 (육교아래),202010,2089
동대문구,646. 장한평역 1번출구 (국민은행앞),202010,4459
동대문구,647. 신이문역 1번출구,202010,1081
동대문구,648. 장안동위더스빌옆,202010,2959
동대문구,650. 중랑교사거리,202010,2764
동대문구,652. 답십리 래미안엘파인아파트 입구,202010,1001
동대문구,654. 전농동 텃골공원,202010,586
동대문구,656. 영휘원 교차로,202010,855
동대문구,657. 동대문롯데캐슬아파트 앞,202010,1547
동대문구,658. 촬영소 사거리,202010,1423
동대문구,659. 제기역1번출구,202010,2194
동대문구,660. 동의보감타워,202010,1566
동대문구,661. 경희대학교 청운관,202010,1288
동대문구,663. 외대앞역 4번출구,202010,2389
동대문구,664. 서울시립대 대학본부,202010,413
동대문구,665.이문동 쌍용아파트 정문,202010,962
동대문구,666.이문대성유니드아파트 앞,202010,856
동대문구,667.청량차도 육교 밑,202010,354
동대문구,668.서울축산농협(장안지점),202010,2669
동대문구,669.청계한신휴플러스앞 삼거리,202010,1105
동대문구,670.삼육서울병원 버스정류장,202010,3264
동대문구,671.대광빌딩,202010,380
동대문구,672.대광고등학교,202010,467
동대문구,673.안암골벽산아파트(후문),202010,995
동대문구,674.고대앞사거리 교통섬,202010,1369
동대문구,675.성복교회 앞 (장평교 아래),202010,1468
동대문구,676.FITI시험연구원 앞,202010,841
동대문구,677.청량리역 4번 5번출구 사이,202010,1898
동대문구,678.장안힐스테이트(아) 앞,202010,1376
동대문구,679.전농SK아파트 앞,202010,499
동대문구,680.꿈마루어린이도서관 앞,202010,2092
동대문구,681.서울특별시 동부교육지원청(육교),202010,148
동작구,2002. 노들역 1번출구,202010,4206
동작구,2003. 사육신공원앞,202010,1986
동작구,2007. 유한양행앞,202010,1629
동작구,2008. 노량진근린공원 대방공원,202010,548
동작구,2009. 보라매역 8번출구,202010,1024
동작구,2012. 녹십초요양병원앞,202010,1000
동작구,2013. 장승배기역 5번출구,202010,2579
동작구,2015. 신대방삼거리역 6번출구쪽,202010,3124
동작구,2016. 신대방삼거리역 3번출구쪽,202010,2289
동작구,2020. 장승배기역2번출구뒷편쪽,202010,999
동작구,2024. 상도역 1번출구,202010,893
동작구,2025. 흑석역 1번출구,202010,3902
동작구,2026. 흑석역 4번출구,202010,853
동작구,2027. 중앙대학교 정문,202010,894
동작구,2032. 이수역 11번출구쪽,202010,1873
동작구,2033. 사당동 아르테스 웨딩앞,202010,1240
동작구,2034. 사당역 7번출구쪽,202010,1523
동작구,2036. 정금마을 마을버스정류장,202010,758
동작구,2037. 동작역 5번출구 동작주차공원,202010,1130
동작구,2038. 동작역 7번출구,202010,290
동작구,2040. 비계 버스정류소,202010,334
동작구,2041. 사당중학교 버스정류소,202010,495
동작구,2048. 삼일초등학교 인근,202010,619
동작구,2050. 노량진역 5번출구,202010,3547
동작구,2054. 삼익아파트,202010,1462
동작구,2056. 동작구민 체육센터,202010,1309
동작구,2057. 상도 아이파크 아파트,202010,613
동작구,2058. 노량진동 맥도널드앞,202010,2886
동작구,2059. 보라매공원 정문,202010,2056
동작구,2060. 남성역3번출구 뒤,202010,1855
동작구,2061. 한강 현대아파트 건너편,202010,212
동작구,2062. 사당새마을금고,202010,560
동작구,2063. 대방역 4번출구,202010,1371
동작구,2064. 흑석한강푸르지오 106동앞,202010,348
동작구,2065. 서울시여성가족재단,202010,662
동작구,2066. 양문교회 앞,202010,1990
동작구,2067. LG전자 베스트? 대리점 앞,202010,1338
동작구,2068. 총신대 앞(육교),202010,199
동작구,2069. 숭실대 입구역3번 출구 앞,202010,732
동작구,2070. 노량진역 2번 출구 앞,202010,2240
동작구,2071. 대림아파트 후문 상가 옆,202010,347
동작구,2076.노들나루공원 입구,202010,3087
동작구,2077.노들역 3번출구,202010,1115
동작구,2078.흑석 아크로리버하임(103동),202010,274
동작구,2079.중앙대학교 정문,202010,133
동작구,2080.빕스 대방점 앞,202010,1934
동작구,2081.대방1차 e편한세상 앞,202010,1031
동작구,2082.7호선 이수역7번출구,202010,773
동작구,2083.흑석롯데캐슬에듀포레(107동),202010,420
동작구,2084.e편한세상 상도노빌리티 앞,202010,840
동작구,2085.강남중학교 앞,202010,915
동작구,2086.삼일수영장 앞,202010,623
동작구,2088.상도중앙하이츠빌 입구,202010,375
동작구,2089.사당역10번출구(금강빌딩),202010,989
동작구,2090.기아자동차 사당점 앞,202010,848
동작구,2091.이수역9번출구(맥도날드),202010,898
동작구,2092.흑석한강푸르지오(110동),202010,127
동작구,2093.상도SH빌아파트 입구,202010,115
동작구,2094.숭실대학교(중문),202010,112
동작구,2095.경문고등학교 앞,202010,704
동작구,2096.서울특별시 동작관악교육지원청,202010,56
동작구,237. 보라매 두산위브 건너편,202010,1940
마포구,101. (구)합정동 주민센터,202010,972
마포구,102. 망원역 1번출구 앞,202010,3703
마포구,103. 망원역 2번출구 앞,202010,2689
마포구,104. 합정역 1번출구 앞,202010,1796
마포구,105. 합정역 5번출구 앞,202010,1573
마포구,106. 합정역 7번출구 앞,202010,5203
마포구,107. 신한은행 서교동금융센터점 앞,202010,2865
마포구,108. 서교동 사거리,202010,2039
마포구,109. 제일빌딩 앞,202010,2185
마포구,111. 상수역 2번출구 앞,202010,1924
마포구,112. 극동방송국 앞,202010,1504
마포구,113. 홍대입구역 2번출구 앞,202010,1
마포구,114. 홍대입구역 8번출구 앞,202010,5635
마포구,118. 광흥창역 2번출구 앞,202010,1642
마포구,119. 서강나루 공원,202010,2000
마포구,120. 신수동 사거리,202010,607
마포구,121. 마포소방서 앞,202010,1083
마포구,122. 신성기사식당 앞,202010,1116
마포구,124. 서강대 정문 건너편,202010,1718
마포구,125. 서강대 남문 옆,202010,658
마포구,126. 서강대 후문 옆,202010,1832
마포구,127. 현대벤처빌 앞,202010,531
마포구,129. 신촌역(2호선) 6번출구 옆,202010,1
마포구,130. 신촌역(2호선) 7번출구 앞,202010,2940
마포구,136. 대흥동 주민센터,202010,395
마포구,142. 아현역 4번출구 앞,202010,658
마포구,143. 공덕역 2번출구,202010,1544
마포구,144. 공덕역 8번출구,202010,4274
마포구,145. 공덕역 5번출구,202010,1439
마포구,146. 마포역 2번출구 뒤,202010,3227
마포구,147. 마포역 4번출구 뒤,202010,3126
마포구,148. 용강동 주민센터 앞,202010,2230
마포구,150. 서강대역 2번출구 앞,202010,1037
마포구,151. 망원1동주민센터,202010,3067
마포구,152. 마포구민체육센터 앞,202010,9398
마포구,153. 성산2교 사거리,202010,2455
마포구,154. 마포구청역,202010,3228
마포구,155. 가좌역1 번출구 뒤,202010,1418
마포구,156. 서울서부지방법원 앞,202010,1113
마포구,157. 애오개역 4번출구 앞,202010,1736
마포구,181. 망원초록길 입구,202010,486
마포구,182. 망원2빗물펌프장 앞,202010,3251
마포구,183. 하늘채코오롱아파트 건너편,202010,2706
마포구,184. SK망원동주유소 건너편,202010,2653
마포구,185. 마포 신수공원 앞,202010,1141
마포구,186. 월드컵공원,202010,4687
마포구,199. 서울 월드컵 경기장,202010,824
마포구,3001.마포구청역 3번출구,202010,0
마포구,3002.벽산상암스마트큐브,202010,2704
마포구,3003.래미안신공덕3차아파트,202010,56
마포구,3005.마포구청 청사내,202010,391
마포구,3006. 상암월드컵파크5단지(상암중학교),202010,255
마포구,3007.MBC 앞,202010,997
마포구,3008.DMC역7번출구,202010,427
마포구,3009.서교동사거리(신),202010,2056
마포구,3010.홍대입구역 3번출구,202010,4714
마포구,3011.경의선(노고산동),202010,1347
마포구,400. 상암한화오벨리스크 1차 앞,202010,1063
마포구,401. 상암월드컵파크 10단지 앞,202010,1070
마포구,402. 상암월드컵파크 9단지 앞,202010,1185
마포구,403. 부엉이공원 앞,202010,649
마포구,405. DMC빌 앞,202010,601
마포구,406. 상암월드컵파크 7단지 앞,202010,733
마포구,407. 마포구 육아종합지원센터,202010,907
마포구,408. LG CNS앞,202010,848
마포구,409. 누리꿈스퀘어 옆,202010,2233
마포구,410. 상암중학교 옆,202010,344
마포구,411. DMC홍보관,202010,1432
마포구,412. DMC산학협력연구센터 앞,202010,1786
마포구,413. 상암월드컵파크 3단지 후문,202010,767
마포구,414. 상암동주민센터 옆,202010,1602
마포구,415. DMC역 9번출구 앞,202010,2505
마포구,416. 상암월드컵파크 1단지 교차로,202010,719
마포구,417. DMC역 2번출구 옆,202010,1666
마포구,418. 월드컵경기장역 3번출구 옆,202010,3886
마포구,419. 홈플러스 앞,202010,2987
마포구,420. 서울시 공공자전거 상암센터,202010,2517
마포구,421. 마포구청 앞,202010,2073
마포구,422. 문화비축기지,202010,374
마포구,424. 롯데하이마트 (상암월드컵점),202010,421
마포구,425. DMC첨단산업센터,202010,633
마포구,426. 서울신용보증재단,202010,1914
마포구,427. 성산시영아파트,202010,1353
마포구,432. 마포중앙도서관,202010,544
마포구,436. 이대역 5번출구,202010,437
마포구,437. 대흥역 1번출구,202010,1254
마포구,438. 성산2-1 공영주차장,202010,1855
마포구,439. 마포어린이공원,202010,2853
마포구,440. 하늘공원 입구,202010,1164
마포구,487.신석초교앞 교차로 교통섬,202010,1656
마포구,489.구룡근린공원,202010,391
마포구,490.가온문화공원,202010,1071
마포구,491.월드컵파크 4단지,202010,464
마포구,492.성산시영아파트 후문,202010,1260
마포구,493.홍대입구역 6번출구,202010,1790
마포구,494.신수동주민센터,202010,243
마포구,495.염리초등학교 앞,202010,1171
마포구,497.합정동주민센터 앞,202010,1928
마포구,498.연남동주민센터 앞,202010,2313
서대문구,115. 마스타 빌딩 앞,202010,893
서대문구,116. 일진아이윌아파트 옆,202010,2003
서대문구,117. 홍은사거리,202010,3824
서대문구,123. 문화촌 공원,202010,2497
서대문구,128. 신촌역(2호선) 1번출구 옆,202010,1580
서대문구,131. 증산2교,202010,3142
서대문구,133. 해담는다리,202010,2510
서대문구,134. 연세로 명물길,202010,1101
서대문구,135. 명물길 원형무대 앞,202010,774
서대문구,137. NH농협 신촌지점 앞,202010,397
서대문구,138. 신촌동 제1공영주차장 앞,202010,738
서대문구,139. 연세대 정문 건너편,202010,357
서대문구,140. 이화여대 후문,202010,686
서대문구,141. 연대 대운동장 옆,202010,496
서대문구,158. 독립문 어린이 공원,202010,604
서대문구,159. 이대역 4번 출구,202010,329
서대문구,160. 북아현동 가구거리,202010,623
서대문구,161. 무악재역1번 출구,202010,379
서대문구,162. 봉원고가차도 밑,202010,509
서대문구,163. 명지전문대학교 정문 앞,202010,403
서대문구,164. 북가좌1동 주민센터,202010,495
서대문구,165. 중앙근린공원,202010,1680
서대문구,166. 가재울 초등학교,202010,1821
서대문구,167. 연가초등학교 옆,202010,510
서대문구,169. 북가좌 삼거리,202010,557
서대문구,170. 가재울 뉴타운 주유소 옆,202010,1128
서대문구,171. 임광빌딩 앞,202010,865
서대문구,173. 서대문역 8번출구 앞,202010,813
서대문구,175. 홍연2교옆,202010,2788
서대문구,176. 명지대학교 도서관,202010,1887
서대문구,177. 북가좌 초등학교,202010,797
서대문구,178. 증산3교 앞,202010,1583
서대문구,179. 가좌역 4번출구 앞,202010,1307
서대문구,180. 충정로역 7번출구 아래,202010,937
서대문구,188. 홍은동 정원여중 입구,202010,1077
서대문구,191. 서우빌딩(바른학원),202010,1405
서대문구,192. 연서어린이공원,202010,680
서대문구,194. 증산교 앞,202010,2491
서대문구,195. 모래내고가차도,202010,999
서대문구,196. 연희교차로 인근,202010,449
서대문구,198. 충정2교,202010,803
서대문구,3100. 북성초교,202010,348
서대문구,3101. 서대문구청,202010,906
서대문구,3102. 연희삼거리,202010,1013
서대문구,3103. 홍제삼거리 북측,202010,1028
서대문구,3104. e편한세상 신촌4단지 앞,202010,780
서대문구,3105. 홍은센트레빌 아파트 앞,202010,273
서대문구,3106. 홍남교 두바퀴쉼터,202010,1424
서대문구,3107. 연희초등학교 앞,202010,612
서대문구,3109.북한산더? 106동 앞,202010,226
서대문구,3110.홍은 현대아이파크 아파트 202동 앞,202010,763
서대문구,3111.무악재역 4번 출구,202010,227
서대문구,3112.독립문역 5번 출구,202010,154
서대문구,3113.독립문역사거리,202010,671
서대문구,3114.충정로역 3번 출구,202010,413
서대문구,3115.북아현 치안센터 인근,202010,685
서대문구,3116.신촌역 4번출구,202010,711
서대문구,3117.이화여대 인문관 인근,202010,242
서대문구,3119.연희 브라운스톤 아파트 앞,202010,1563
서대문구,3120.DMC엘가아파트 앞,202010,890
서대문구,3121.가좌삼거리,202010,911
서대문구,3122.북가좌삼거리2,202010,565
서대문구,3123.DMC파크뷰자이1단지 110동 앞,202010,605
서대문구,3124.DMC센트럴아이파크아파트,202010,1366
서대문구,3125.연희파크푸르지오아파트 앞,202010,684
서대문구,3126.남가좌동 제2공영주차장,202010,192
서대문구,3127.홍은2파출소 옆,202010,497
서대문구,3128.동신병원 맞은편,202010,982
서대문구,3129.DMC래미안e편한세상203동옆,202010,562
서대문구,3130.가재울사거리,202010,898
서대문구,3131.연가교 교차로,202010,733
서대문구,3132.홍제교,202010,337
서대문구,3133.핀란드 타워앞,202010,134
서대문구,3134.SK리쳄블(상수도사업본부),202010,370
서초구,2201. 본마을 정류소 앞,202010,124
서초구,2202.청계산입구역 1번출구,202010,1200
서초구,2203. 청계산입구역 2번출구,202010,553
서초구,2205. 내곡3단지 어린이공원 앞,202010,667
서초구,2206. 언남초등학교 앞,202010,1091
서초구,2207. 내곡파출소 뒤 정자,202010,200
서초구,2210. 반포1동 주민센터 앞,202010,589
서초구,2211. 서초구립반포도서관 앞,202010,904
서초구,2212.서초현대4차아파트 201동 맞은편,202010,512
서초구,2213. 고속터미널역 5번출구 앞,202010,1608
서초구,2214. 신반포역 2번출구 앞,202010,1074
서초구,2215. 반포종합운동장 입구,202010,1004
서초구,2217.아크로리버뷰 부지 앞,202010,4490
서초구,"2219. 고속터미널역 8-1번, 8-2번 출구 사이",202010,6234
서초구,2220. 반포본동 주민센터 앞,202010,3718
서초구,2221.하나은행 방배동지점 앞,202010,2042
서초구,2222.사당역 12번출구 뒤,202010,2484
서초구,2223. 방배래미안 정문 앞,202010,561
서초구,2225.백석예술대학교 제3캠퍼스 앞,202010,228
서초구,2226. 신동아럭스빌아파트 앞,202010,264
서초구,2227.방배열린문화센터 앞,202010,833
서초구,2228.뒷벌공원 옆,202010,1879
서초구,2229.로고스교회 맞은 편,202010,531
서초구,2230.이수역 4번 출구,202010,2012
서초구,2231. 삼성타운(삼성생명) A동 맞은편,202010,1718
서초구,2233. 서초신동아1차아파트 옆,202010,569
서초구,2235.KT 서초지사 앞,202010,707
서초구,2237.서울남부터미널 대합실 입구,202010,1132
서초구,2239.교대역 6번출구,202010,637
서초구,2241.양재전화국 사거리,202010,499
서초구,2242.양재역 11번 출구 앞,202010,1169
서초구,2243.서울가정법원,202010,723
서초구,2244.교육개발원입구 교차로,202010,321
서초구,2245.양재초등학교 맞은편,202010,765
서초구,2246. 서울시 품질시험소 앞,202010,736
서초구,2247.섬들근린공원,202010,1826
서초구,2248. 서초리슈빌S 글로벌 앞,202010,267
서초구,2249. 우솔초등학교 맞은편,202010,340
서초구,2250. 서초유치원 맞은편,202010,1048
서초구,2251. 더케이호텔 입구(양재2),202010,1128
서초구,2252. 하이브랜드 앞,202010,1825
서초구,2255.시민의숲역 1번출구 옆,202010,2341
서초구,2256.양재동 꽃시장 입구,202010,591
서초구,2257. 하나로클럽 양재점 맞은편,202010,258
서초구,2258.구룡사 삼거리,202010,292
서초구,2259. 잠원역 3번-4번 출구사이,202010,1211
서초구,2262. 한신16차아파트 119동 앞,202010,1465
서초구,2263. 바우뫼문화복지회관,202010,859
서초구,2264. 이수역 1번출구,202010,3240
서초구,2265. 이수고가차도 남단,202010,2220
서초구,2266. 서초역 3번출구,202010,1047
서초구,2268. 서초4동주민센터,202010,784
서초구,2269. 주홍교 하부,202010,233
서초구,2270. 서초포레스타 7단지,202010,504
서초구,2271. 내방역 8번출구 앞,202010,1113
서초구,2272. 교대입구 교차로,202010,387
서초구,2273. 일동제약 사거리,202010,1760
서초구,2274. 양재시민의숲역 3번출구,202010,1561
서초구,2275. 염곡치안센터 건너편,202010,72
서초구,2276. 영동1교 (양재천근린공원),202010,1335
서초구,2277. 길마중4교 하부,202010,1292
서초구,2279. 교대역 5번출구뒤,202010,1557
서초구,2280. 서울서초고용센터앞,202010,706
서초구,2281. 연세사랑병원신관앞,202010,466
서초구,2282. 방배래미안아트힐 101동앞,202010,287
서초구,2283. 그룹한빌딩옆,202010,179
서초구,2284. CJ오쇼핑앞,202010,325
서초구,2285. LH서초3단지 301동 맞은편,202010,578
서초구,2286. 탑성마을입구,202010,61
서초구,2287. 능안마을입구,202010,28
서초구,2288. 안골마을입구,202010,23
서초구,2289. 남태령역 2번출구,202010,205
서초구,2292. 무지개아파트 앞,202010,298
서초구,2293. SPC 앞,202010,737
서초구,2294. 두상빌딩 앞,202010,1627
서초구,2297. 남부터미널역 1번출구,202010,851
서초구,2298. 래미안서초스위트앞,202010,619
서초구,2299. 한전아트센터 앞,202010,674
서초구,2501. 서초 포레스타5단지,202010,723
서초구,2502. 서초역1번출구 앞,202010,616
서초구,2503. 반포1동 서초빌딩 앞,202010,845
서초구,2504. 신사역 4번출구 뒤,202010,1099
서초구,2505. 우성아파트사거리 (기업은행앞),202010,1566
서초구,2506. LG유플러스 (방배사옥),202010,455
서초구,2508. 양재이스타빌 앞,202010,1462
서초구,2509. KT반포지사,202010,370
서초구,2510. JW타워,202010,297
서초구,2511. 이수역 6번출구 앞,202010,1261
서초구,2514.사평역 2번출구,202010,182
서초구,2515.서초초등학교 후문,202010,665
서초구,2516.본마을 노인복지센터 앞,202010,402
서초구,2517.서초3교(효령로69길 방면),202010,206
서초구,2518.서초3교(효령로70길 방면),202010,315
서초구,2519.서초2교(사임당로 방면),202010,244
서초구,2520.서초1교 (진흥아파트 방면),202010,471
서초구,2521.서초 크로바타워 앞,202010,496
서초구,2523.뉴코아 킴스클럽 앞,202010,1023
서초구,2524.반포쇼핑타운 8동 앞,202010,861
서초구,2525.반포쇼핑타운 2동 앞,202010,2894
서초구,2526.반포경남쇼핑 앞,202010,549
서초구,2527.반포중학교 앞(세화여고 맞은편),202010,473
서초구,2528.함지박 사거리,202010,792
서초구,2529.우리은행 방배동지점 앞,202010,1061
서초구,2530.삼호3차아파트 앞,202010,1460
서초구,2531.멤피스아파트 앞,202010,1143
서초구,2532.국립국악원 앞,202010,113
서초구,2533.한가람미술관 앞,202010,181
서초구,2534.신흥교(애견훈련소),202010,18
서초구,2535.신반포역 3번출구 뒤,202010,416
서초구,2536.서초종합체육관 입구,202010,16
서초구,2537.양재역 8번출구 앞,202010,730
서초구,2538.사평리 공원,202010,1555
서초구,2540.반포천 앞,202010,1162
서초구,2541.옛골 입구,202010,96
서초구,2542.신논현타워 앞,202010,832
서초구,2543.경문고교 사거리,202010,11
서초구,2545.국립중앙도서관(국제회의장옆),202010,152
서초구,2547.포드서초서비스센터앞,202010,9
서초구,2548.반포1동 자율방범초소 옆,202010,191
서초구,2549.LH 서초 4단지 403동,202010,459
서초구,2550.양재동 꽃시장 건너편,202010,769
성동구,3511. 응봉역 1번출구,202010,4984
성동구,3513. 상왕십리역 1번출구,202010,1403
성동구,3514. 왕십리교회옆,202010,2640
성동구,3515. 서울숲 관리사무소,202010,4619
성동구,3525. 금호스포츠센터앞,202010,1228
성동구,3527. 왕십리 자이아파트,202010,41
성동구,3530. 왕십리자이아파트 후문(삼거리),202010,318
성동구,3531. 논골사거리(금호도서관 입구),202010,68
성동구,3532. 왕십리KCC스위첸아파트,202010,135
성동구,3538. 서울숲 IT캐슬,202010,921
성동구,3544.한양대역 3번 출구,202010,1482
성동구,3545.한양대역 1번출구,202010,854
성동구,3547.상왕십리역 6번 출입구,202010,371
성동구,3548.뚝섬역 6번출구,202010,1499
성동구,3549.건영아파트 앞,202010,1151
성동구,3550.금호나들목,202010,1158
성동구,3551.성동도로사업소,202010,266
성동구,3552.서울숲 공영주차장앞,202010,1814
성동구,3553.마장역3번출구,202010,392
성동구,3555.양지사거리(센트라스APT 115동앞),202010,144
성동구,3556.신금호파크자이APT앞,202010,93
성동구,3557.서울숲리버뷰자이APT105동 앞,202010,584
성동구,3558.마장동 금호어울림APT앞,202010,555
성동구,3559.성동구민종합체육센터 앞,202010,2463
성동구,3560.성동구 견인차량 보관소 앞,202010,1316
성동구,3561.행당동 삼부APT후문,202010,131
성동구,3600.사근빗물펌프장 건너편,202010,2810
성동구,506. 금호 어울림 아파트 앞,202010,522
성동구,507. 성수아이에스비즈타워 앞,202010,1418
성동구,508. 성수아카데미타워 앞,202010,1713
성동구,509. 이마트 버스정류소 옆,202010,3989
성동구,510. 서울숲 남문 버스정류소 옆,202010,1658
성동구,511. 서울숲역 4번 출구 옆,202010,1831
성동구,512. 뚝섬역 1번 출구 옆,202010,3244
성동구,513. 뚝섬역 5번 출구 정류소 옆,202010,2675
성동구,514. 성수사거리 버스정류장 앞,202010,1934
성동구,518. 청계천 박물관 앞,202010,1007
성동구,519. 양지사거리,202010,790
성동구,520. 상왕십리역 4번 출구 앞,202010,730
성동구,521. 왕십리역 11번 출구 앞,202010,2224
성동구,522. 금호역 1번출구 앞,202010,366
성동구,523. 옥수동성당 옆,202010,128
성동구,524. 래미안금호하이리버 아파트 102동 옆,202010,474
성동구,525. 한양대병원사거리,202010,2568
성동구,526. 용답토속공원 앞,202010,793
성동구,529. 장한평역 8번 출구 앞,202010,1365
성동구,530. 청계벽산아파트 앞,202010,2203
성동구,533. 우리은행 금호동 지점 앞,202010,643
성동구,534. 금호사거리,202010,346
성동구,535. 응봉삼거리,202010,564
성동구,536. 행당역 2번출구 앞,202010,1313
성동구,537. 한양대후문역 부근,202010,1859
성동구,538. 답십리역 8번출구 앞,202010,1143
성동구,550. 서울시설공단 앞,202010,1423
성동구,556. 달맞이공원,202010,241
성동구,557. 도선동 주민센터 앞,202010,1201
성동구,558. 성동광진 교육지원청 앞,202010,1519
성동구,559. 왕십리역 4번 출구 건너편,202010,2545
성동구,560. 비전교회 앞,202010,1464
성동구,561. 서울숲역 2번출구 앞,202010,2011
성동구,562. 군자지하보도 앞,202010,1008
성동구,563. 성동세무서 건너편,202010,2039
성동구,564. 금호역 3번출구,202010,184
성동구,565. 옥수역 3번출구,202010,6843
성동구,567. 성수역 2번출구 앞,202010,2989
성동구,568. 청계8가사거리 부근,202010,3533
성동구,569. 응봉현대아파트 정류소,202010,317
성동구,578. 성동세무서 부근,202010,1406
성동구,579. 마장역 4번출구,202010,1162
성동구,581. 용답초등학교,202010,1254
성동구,582. 경일중학교 앞,202010,1831
성동구,583. 청계천 생태교실 앞,202010,7908
성동구,585. 성수2가1동 공영주차장 인근,202010,3083
성동구,586. 마장동 주민센터,202010,812
성동구,587. 유니베라 앞,202010,1747
성동구,589. 성수역3번출구,202010,3792
성동구,594. 중랑물재생센터(서울새활용플라자),202010,501
성동구,9980. 에이텍,202010,14
성북구,1302. 한성대입구역6번출구 뒤,202010,889
성북구,1303. 돈암초교 입구,202010,1046
성북구,1304. 만해공원,202010,335
성북구,1305. 성북구청,202010,1111
성북구,1306. 한성대입구역2번출구,202010,1725
성북구,1308. 안암로터리 버스정류장 앞,202010,5551
성북구,1314. 정릉꿈에그린1단지 201동 앞,202010,430
성북구,1315. 고려사대부속중고 정문,202010,565
성북구,1316. 고려사대부속중고 건너편,202010,473
성북구,1318. 길음역 3번출구 뒤,202010,1750
성북구,1320. LG베스트샵 종암점,202010,3180
성북구,1321. 국민은행 종암동지점 앞,202010,2785
성북구,1322. 래미안라센트아파트 103동 앞,202010,1189
성북구,1323. 월곡역 입구 육교 밑,202010,575
성북구,1325. 상월곡역 4번출구,202010,657
성북구,1326. 상월곡역 1번출구,202010,1030
성북구,1327. 상월곡역 3번출구,202010,1524
성북구,1328. 월곡역 3번출구,202010,2827
성북구,1332. 석계역 5번출구 건너편,202010,2168
성북구,1333. 석관초등학교 앞,202010,1835
성북구,1334. 석관동주민센터 앞,202010,1321
성북구,1336. 성북3교 위,202010,1839
성북구,1337. 돈암성당 옆,202010,2819
성북구,1338. 용문2교 옆,202010,1405
성북구,1339. 삼성전자서비스 성북센터,202010,1025
성북구,1340. 광운초등학교 앞,202010,729
성북구,1342. 성북쉼터 앞,202010,164
성북구,1343. 한성대7번출구 앞,202010,827
성북구,1344. 아리랑시네센터 앞,202010,599
성북구,1346. 길음8골어린이공원 옆,202010,1177
성북구,1347. 길음래미안아파트817동 상가 앞,202010,607
성북구,1348. 성북제일새마을금고 본점 앞,202010,688
성북구,1349. 월계2교 버스정류장 앞,202010,800
성북구,1351. 안암2교 옆,202010,2161
성북구,1352. e 편한세상 보문아파트 내,202010,319
성북구,1353. 금호어울림센터힐 내,202010,386
성북구,1354. 고려대학교 2번출구,202010,2239
성북구,1355. 보문2교,202010,3340
성북구,1357. 북한산보국문역,202010,530
성북구,1358. 정릉도서관 앞,202010,888
성북구,1359. 장위뉴타운 꿈에 숲 코오롱 하늘채 앞,202010,1184
성북구,1360. 정릉역,202010,755
성북구,1361. 홍익중고 입구,202010,1141
성북구,1362. 보문역6번출구 앞,202010,1568
성북구,1363. 보문4교 인근,202010,2305
성북구,1364. 성북동 치안센터 앞,202010,878
성북구,1365. 선잠단지 앞,202010,341
성북구,1366. 일신초등학교 옆,202010,404
성북구,1367. 길음문화복합미디어센터,202010,416
성북구,1368. 성신여대입구 교차로,202010,1263
성북구,1369. 미아사거리,202010,2171
성북구,1370. 복자사랑 피정의 집,202010,404
성북구,1372. KEB은행 고대점,202010,2089
성북구,1373. 성북구보건소 건너편,202010,1294
성북구,1375. 생명의 전화 종합복지관 앞 교차로,202010,1406
성북구,1376. 한국과학기술연구원 중문,202010,252
성북구,1377. 한국과학기술연구원 북문,202010,315
성북구,1379.길음뉴타운푸르지오아파트 3단지,202010,55
성북구,1380.월곡역 5번출구 앞,202010,1735
성북구,1381.석계역 4번출구 뒤,202010,1504
성북구,1382.래미안월곡아파트 입구,202010,1080
성북구,1384.성신여대입구역 5번출구,202010,1830
성북구,1385.성신여대입구역 3번출구 앞,202010,1086
성북구,1386.동선고가차도 초입,202010,424
성북구,1388.커핀그루나루,202010,724
성북구,1390.석관래미안아트리치,202010,1740
성북구,1391.성북청소년센터,202010,425
성북구,1392.돈암삼성풍림아파트,202010,40
성북구,1393.돈암육교 하단,202010,93
성북구,1394.길음뉴타운 래미안9단지,202010,956
성북구,1395.래미안장위포레카운티(102동),202010,655
성북구,1396.래미안장위퍼스트하이(513동),202010,939
성북구,1397.래미안월곡아파트 (창문여고 건너편),202010,844
송파구,1201. 가락시장역 3번 출구,202010,2233
송파구,1203. 밀리아나2빌딩 앞,202010,2115
송파구,1204. 거여역 3번출구,202010,1441
송파구,1205. 종합운동장역 4번출구,202010,1201
송파구,1206. 9호선종합운동장역 9번출구,202010,1233
송파구,1207. 마천CU우방점 앞,202010,1045
송파구,1208. 풍납현대아파트쉼터,202010,1610
송파구,1209. 잠실나루역 (2번 출구 쪽),202010,5225
송파구,1210. 롯데월드타워(잠실역2번출구 쪽),202010,7807
송파구,1211. 방이삼거리,202010,3971
송파구,1212. 송파역 2번 출구앞,202010,1839
송파구,1213. 백토공원 앞,202010,640
송파구,1214. 오금역 7번 출구 인근,202010,1215
송파구,1215. 올림픽공원역 1번출구 앞,202010,1486
송파구,1217. 송파파인타운 7단지,202010,836
송파구,1218. 방이역 4번출구,202010,2557
송파구,1220. 잠실본동주민센터뒤 잠실근린공원,202010,2155
송파구,1221. 삼전사거리 포스코더샵,202010,2213
송파구,1222. 잠실새내역 5번 출구 뒤,202010,4186
송파구,1224. 아시아지하보도 2번 출구,202010,1603
송파구,1226. 잠실4동 주민센터 옆,202010,1964
송파구,1227. 거여역 8번출구 뒤,202010,1437
송파구,1228. 마천사거리,202010,1258
송파구,1229. 송파체육문화회관 앞,202010,1248
송파구,1230. 송파중학교 정문,202010,866
송파구,1231. 잠실역 6번출구,202010,3005
송파구,1232. 롯데마트 주차장 옆,202010,1863
송파구,1233. 잠실3거리(갤러리아팰리스),202010,941
송파구,1235. 잠실트리지움310동 옆,202010,1784
송파구,1239. 문정 법조단지3,202010,414
송파구,1240. 문정 법조단지4,202010,515
송파구,1241. 문정 법조단지5,202010,334
송파구,1242. 문정 법조단지6,202010,123
송파구,1243. 문정 법조단지7,202010,2180
송파구,1244. 문정 법조단지8,202010,2449
송파구,1245. 문정 법조단지9,202010,1834
송파구,1246. 문정 법조단지10,202010,1540
송파구,1247. 문정 법조단지11,202010,1108
송파구,1248. 방이초등학교,202010,2182
송파구,1249. 아주중학교건너편,202010,1262
송파구,1250.문정2동 주민센터,202010,633
송파구,1251. 석촌역 2번출구,202010,2289
송파구,1253. 오금역 3번 출구 뒤,202010,749
송파구,1256. 문정현대아파트 교차로,202010,955
송파구,1257. 가락시장역 롯데마트앞,202010,1790
송파구,1258. 가락미륭아파트 앞,202010,472
송파구,1259. 방이역 1번출구,202010,2048
송파구,1260. 방이동 한양3차아파트 옆,202010,1364
송파구,1262. 송파여성문화회관 앞,202010,1933
송파구,1263. 장지공영차고지,202010,212
송파구,1264. 천호역 10번 출구 앞,202010,2762
송파구,1265. 문정동 근린공원,202010,1575
송파구,1266. 문정동 글샘 공원,202010,537
송파구,1267. 올림픽공원 남2문 앞,202010,1433
송파구,1268. 몽촌토성역 1번출구 옆,202010,5077
송파구,1269. 리센츠아파트,202010,1551
송파구,1271. 송파도서관,202010,1231
송파구,1274. 영파여고 앞,202010,964
송파구,1275. 거여초등학교 옆,202010,598
송파구,1277. 오금동 송파 참병원,202010,1311
송파구,1278. 송파구청 교차로,202010,3049
송파구,1279. 마천금호어울림 1차아파트 건너편,202010,718
송파구,1280. 송파파크데일 2단지입구 앞 주차장,202010,841
송파구,1282. 송파소방서 맞은편(성내4교),202010,1974
송파구,1283. 오금공원 사거리,202010,169
송파구,1285. 위례별 유치원 뒤,202010,472
송파구,1286. 위례중앙푸르지오 1단지 앞,202010,1382
송파구,1287. 위례아이파크 101동 맞은편,202010,468
송파구,1288. 문정중교 사거리,202010,1092
송파구,1289. 풍납동 자전거보관소,202010,705
송파구,1290. 위례송파꿈에그린아파트24단지 앞 성벽 다리 밑,202010,655
송파구,1291. 서울체육고등학교 앞,202010,626
송파구,1293. 석촌호교차로 (스타벅스 앞),202010,2552
송파구,1295. 잠실역 8번출구,202010,5199
송파구,1296. 석촌호수교차로 (송파나루근린공원 앞),202010,782
송파구,1297. 석촌호수교차로(동호 팔각정 앞),202010,1997
송파구,1299. 송파소방서 (방이119안전센터),202010,648
송파구,1300. 오륜사거리,202010,782
송파구,2601. 석촌호수 서호사거리,202010,2500
송파구,2603. 송파 글마루 도서관,202010,821
송파구,2604. 삼표레미콘 앞,202010,1079
송파구,2605. 복정역 1번 출구 앞,202010,507
송파구,2606. 위례동주민센터 맞은편 근린공원,202010,970
송파구,2607. 복정역 2번출구 후문 (장지치안센터),202010,915
송파구,2608. 송파구청,202010,1840
송파구,2609. 보성중고등학교 후문 앞,202010,197
송파구,2610. 여흥레이크빌 앞 (석촌호수 까페거리),202010,2232
송파구,2611. 송파지역자활센터 뒤,202010,1999
송파구,2612. 문정·가락 대여소 앞,202010,102
송파구,2613. 잠실나들목,202010,3674
송파구,2614. 가락고등학교 앞,202010,953
송파구,2615. 테라타워2,202010,2206
송파구,2616. 거여동 사거리,202010,481
송파구,2617. 가락삼환아파트 앞,202010,1168
송파구,2618. 삼전역 1번출구,202010,1637
송파구,2619. 석촌고분역 4번출구,202010,2713
송파구,2620. 송파나루역 4번 출구옆,202010,4090
송파구,2621. 한성백제역 2번 출구,202010,5122
송파구,2622. 올림픽공원역 3번출구,202010,6189
송파구,2623.석촌동 주민센터,202010,2042
송파구,2625.가락1동 주민센터,202010,856
송파구,"2626.경찰병원역 1,2번 출구 사이",202010,565
송파구,2627.문정시영아파트 5동 앞 공원,202010,499
송파구,2628.문정역 1번출구,202010,1176
송파구,2629.문정동 힐스데이트 에코 송파,202010,1827
송파구,2630.서울방이동 고분군,202010,1458
송파구,2631.배명고등학교,202010,757
송파구,2632.석촌고분역 2번 출구,202010,1752
송파구,2633.송파학사 옆,202010,681
송파구,2634.위례포레샤인아파트 2318동,202010,501
송파구,2635.잠실새내역 1번출구,202010,1230
송파구,2637.잠실월드 메르디앙,202010,1917
송파구,2638.쌍용아파트,202010,1363
송파구,2639.석촌역 8번출구,202010,2243
송파구,2641.송파역 4번출구,202010,2717
송파구,2642.마천동 성내천 쉼터,202010,995
송파구,2643.풍납중학교 측면,202010,597
송파구,2644.성내5교 (GS주유소),202010,951
송파구,2645.잠실나들목2(엘스아파트136동),202010,3271
송파구,2646.레이클펠리스101동앞,202010,1647
송파구,2647.잠실 자전거 수리센터 앞,202010,1184
송파구,2648.헬리오시티 112동 앞,202010,1333
송파구,2649.오금공원사거리2,202010,319
송파구,2650.위례22단지 2208동 다리앞,202010,269
송파구,2651.경찰병원역 3번출구 앞,202010,968
송파구,2652.송파 레미니스1단지 102동 앞,202010,748
송파구,2653.올림픽공원사거리(선수촌아파트),202010,1722
송파구,2654.올림픽선수촌아파트 136동 앞,202010,575
송파구,2655.송이공원,202010,890
송파구,2656.풍납동 아이파크 107동 앞,202010,1554
송파구,2657.송파 파인타운 11단지,202010,477
송파구,2658.가락몰 업무동,202010,956
송파구,2659.서울친환경유통센터,202010,93
양천구,700. KB국민은행 염창역 지점 앞,202010,2268
양천구,701. 목동사거리 부근,202010,1537
양천구,702. 목4동주민센터 옆,202010,1612
양천구,703. 오목교역 7번출구 앞,202010,5409
양천구,704. 남부법원검찰청 교차로,202010,3593
양천구,706. 신정네거리역,202010,1611
양천구,707. 신정3동주민센터,202010,659
양천구,708. 서울출입국관리사무소 앞,202010,3018
양천구,709. 신정3동 현장민원실 앞,202010,1147
양천구,710. 금옥여고보도육교,202010,403
양천구,711. 신일해피트리아파트 앞,202010,1085
양천구,712. 강월초교입구 사거리,202010,1475
양천구,713. 양서중학교 옆,202010,949
양천구,714. 한국SGI 양천문화회관 앞,202010,1102
양천구,716.신정6동 주민센터 인근,202010,1456
양천구,719. 홍익병원앞 교차로,202010,1993
양천구,720. 서울강월초등학교 앞,202010,767
양천구,722. LG전자베스트샵 신정점,202010,3081
양천구,723. SBS방송국,202010,2658
양천구,724. 계남공원 입구 주출입구 좌측,202010,320
양천구,725. 양강중학교앞 교차로,202010,636
양천구,726. 목동3단지 시내버스정류장,202010,2822
양천구,729. 서부식자재마트 건너편,202010,2759
양천구,731. 서울시 도로환경관리센터,202010,2319
양천구,732. 신월동 이마트,202010,1250
양천구,733. 신정이펜하우스314동,202010,662
양천구,734. 신트리공원 입구,202010,2277
양천구,735. 영도초등학교,202010,2492
양천구,736. 오솔길공원,202010,1438
양천구,737. 장수공원,202010,1700
양천구,739. 신월사거리,202010,1531
양천구,740. 으뜸공원,202010,1574
양천구,741. 화곡로 입구 교차로,202010,548
양천구,742. 등촌역 5번 출구 뒤,202010,1149
양천구,743. 현대6차아파트 101동 옆,202010,957
양천구,744. 신목동역 2번 출구,202010,2231
양천구,745. 강서초등학교,202010,1247
양천구,746. 목동2단지 상가,202010,3114
양천구,747. 목동3단지 상가,202010,1489
양천구,748. 목동운동장,202010,595
양천구,749. 이대 목동병원 앞,202010,1989
양천구,750. 연의근린공원 건너편,202010,1135
양천구,752. 성원2차 아파트,202010,1106
양천구,754. 목동1단지아파트 118동 앞 (월촌초등학교 정류소 옆),202010,1601
양천구,755. 목동1단지아파트 상가 앞 (월촌중학교 버스정류소 옆),202010,2474
양천구,756. 목동주차장,202010,1759
양천구,757. 신정이펜하우스 1단지아파트 입구 사거리,202010,636
양천구,758. 한사랑교회 앞,202010,2365
양천구,759. 보아스아파트 앞,202010,977
양천구,760. 잣절보도육교 아래,202010,691
양천구,762. 오목로 무중력지대 앞,202010,1396
양천구,763. 목동11단지 아파트,202010,1231
양천구,764. 목동청소년수련관,202010,2615
양천구,765. 오목교역 3번출구,202010,5462
양천구,766. 신목동역 3번출구,202010,3132
양천구,767.신정숲속마을아파트,202010,365
양천구,768.목동5단지아파트 501동,202010,1499
양천구,769.CBS방송국 앞,202010,2935
양천구,770.목동역5번출구 교통정보센터 앞,202010,5266
양천구,771.목동아파트 703동 앞,202010,2096
양천구,"773.염창역 3, 4번 출구 사이",202010,1738
양천구,774.등촌역 4번 출구,202010,991
양천구,775.세종그랑시아 앞(102동),202010,992
양천구,776.목마공원,202010,480
양천구,777.신월6차보람아파트 앞,202010,1290
양천구,779.양천나눔누리센터,202010,1994
양천구,780.신정교 하부,202010,3323
양천구,781.신정보도육교 아래,202010,2157
양천구,782.서남병원 후문,202010,771
양천구,"785.양천구청, 보건소 사잇길",202010,2604
양천구,786.목동아파트 8단지 상가동 앞,202010,1963
양천구,787.양천아파트 입구,202010,2240
양천구,788.양천구청역 2번출구 옆,202010,2239
양천구,790.화곡고가 사거리,202010,676
양천구,791.현대하이페리온,202010,2809
양천구,792.목동트라팰리스 웨스턴에비뉴,202010,3697
양천구,793.목동5단지아파트 534동,202010,1420
양천구,794.양천문화회관,202010,1944
양천구,795.양천 해누리타운,202010,2068
양천구,796.목동아파트 14단지 B상가 앞,202010,1890
양천구,797.목동아파트 1422동 1434동 사잇길,202010,2244
영등포구,200. 국회의원회관,202010,732
영등포구,201. 진미파라곤 앞,202010,1853
영등포구,202. 국민일보 앞,202010,4501
영등포구,203. 국회의사당역 3번출구 옆,202010,2173
영등포구,204. 국회의사당역 5번출구 옆,202010,1587
영등포구,205. 산업은행 앞,202010,2820
영등포구,206. KBS 앞,202010,2735
영등포구,207. 여의나루역 1번출구 앞,202010,12790
영등포구,209. 유진투자증권빌딩 앞,202010,1507
영등포구,210. IFC몰,202010,6774
영등포구,211. 여의도역 4번출구 옆,202010,3595
영등포구,212. 여의도역 1번출구 옆,202010,2187
영등포구,213. KT앞,202010,2148
영등포구,214. 금융감독원 앞,202010,1615
영등포구,215. 여의도고교 앞,202010,1205
영등포구,216. 삼부아파트1동 앞,202010,1538
영등포구,217. NH농협은행 앞,202010,2189
영등포구,218. 증권거래소 앞,202010,957
영등포구,219. 롯데캐슬엠파이어 옆,202010,1513
영등포구,220. 미성아파트 A동 앞,202010,1883
영등포구,221. 여의도초교 앞,202010,2756
영등포구,222. 시범아파트버스정류장 옆,202010,4229
영등포구,223. 진주아파트상가 앞,202010,1484
영등포구,224. 롯데캐슬 앞,202010,2508
영등포구,225. 앙카라공원 앞,202010,2089
영등포구,226. 샛강역 1번출구 앞,202010,2266
영등포구,227. 양평2나들목 보행통로 입구,202010,3444
영등포구,228. 선유도역 3번출구 앞,202010,4906
영등포구,229. 양평1 보행육교 앞,202010,2924
영등포구,230. 영등포구청역 1번출구,202010,5716
영등포구,231. 남부고용노동지청 남측,202010,1187
영등포구,232. 양평우림 이비즈센타 앞,202010,4029
영등포구,233. YP 센터 앞,202010,571
영등포구,234. 영등포구민체육센터 앞,202010,974
영등포구,235. 신길동 우리은행 옆,202010,1072
영등포구,236. 문래동자이아파트 앞,202010,2325
영등포구,238. 제2구민체육센타 앞,202010,1377
영등포구,239. 유스호스텔 앞,202010,1444
영등포구,240. 문래역 4번출구 앞,202010,2644
영등포구,241. 신길우성1차아파트 앞 공원,202010,1571
영등포구,242. 신길선원가와인아파트 앞,202010,989
영등포구,243. 이앤씨드림타워 앞,202010,2628
영등포구,244. 영등포삼환아파트 앞,202010,1849
영등포구,245. 삼성생명 당산사옥 앞,202010,2691
영등포구,247. 당산역 10번출구 앞,202010,6600
영등포구,248. 초원아파트 앞,202010,2568
영등포구,249. 여의도중학교 옆,202010,2952
영등포구,250. 대림아파트 사거리,202010,931
영등포구,251. 서울지방병무청 버스정류장,202010,1044
영등포구,252. 보라매역4번출구,202010,1762
영등포구,253. 신풍역 5번출구 인근,202010,1261
영등포구,254. 도림신협 앞,202010,1605
영등포구,255. 도림사거리,202010,1569
영등포구,256. 동아에코빌입구,202010,1194
영등포구,257. 신길삼거리(우리은행),202010,3690
영등포구,258. 신길역3번출구,202010,1683
영등포구,259. 대방역6번출구,202010,3832
영등포구,260. 여의도 마리나선착장 앞,202010,1055
영등포구,262. 영문초등학교 사거리,202010,3739
영등포구,263. 근로자회관 사거리,202010,4199
영등포구,264. 교보생명보험 앞,202010,1346
영등포구,265. 영등포유통상가 사거리,202010,1468
영등포구,266. 영등포청과시장 사거리,202010,1021
영등포구,267. 삼성화재 사옥 옆,202010,1982
영등포구,268. 그랜드컨벤션센터 앞,202010,2279
영등포구,270. 증권거래소후문교차로,202010,1021
영등포구,271. 샛강생태공원방문자센터 앞,202010,671
영등포구,272. 당산육갑문,202010,7020
영등포구,274. 영등포역지하쇼핑센타 5번출구,202010,5320
영등포구,275. 신동아아파트,202010,2921
영등포구,276. SK 영등포주유소,202010,2646
영등포구,277. 영등포뉴타운지하상가 2번게이트,202010,2243
영등포구,278. 쌍용플레티넘오피스텔,202010,2435
영등포구,279. 영등포 푸르지오 아파트,202010,1723
영등포구,280. 양평동6차현대아파트 앞,202010,2304
영등포구,281. 신동아아파트 앞,202010,1194
영등포구,282. 신한은행,202010,804
영등포구,283. 아크로타워 스퀘어(영등포시장),202010,3488
영등포구,284. 센트럴 푸르지오 시티 앞,202010,4958
영등포구,285. 대림3동사거리(하나은행),202010,795
영등포구,286. 우성아파트 교차로,202010,1777
영등포구,287. 영등포전화국사거리 (서강어린이공원),202010,1909
영등포구,288. 쌍용예가(구청별관),202010,1199
영등포구,289. 대림3동사거리,202010,1358
영등포구,290. 당산동 SK V1 빌딩,202010,1816
영등포구,291. 문래동 하이테크 시티,202010,2554
영등포구,292. 영일 어린이공원,202010,1231
영등포구,293. 충북 미래관,202010,2582
영등포구,295.영등포공원 분수대 앞,202010,458
영등포구,296.KT플라자 영등포점,202010,1421
영등포구,297.국회3문,202010,392
영등포구,298.KBS 연구동 건너편,202010,299
영등포구,299.여의도 순복음교회,202010,905
영등포구,3201.당산skv1센터,202010,1051
영등포구,3202.당산롯데캐슬프레스티지,202010,1989
영등포구,3203.도림동배드민턴체육관,202010,463
영등포구,3204.도림고가도로 밑,202010,807
영등포구,3205.문래중학교,202010,1812
영등포구,3206.문래동 주민센터,202010,918
영등포구,3207.양남사거리 교통섬,202010,709
영등포구,3211.신길 래미안 프레비뉴,202010,819
영등포구,3212.신풍역 6번출구,202010,971
영등포구,3214.영등포 푸르지오,202010,1149
영등포구,3215.강변삼성래미안,202010,1011
영등포구,3219.영등포역 2번출구,202010,1930
영등포구,3220.래미안에스티움 앞 (신풍로),202010,1163
영등포구,3221.서울특별시 남부교육지원청,202010,381
용산구,800. 목월공원 앞,202010,1873
용산구,802. 한강진역 2번 출구 앞,202010,706
용산구,803. 한남초교 앞 보도육교,202010,404
용산구,805. 문배어린이공원 앞,202010,996
용산구,806. 전자랜드 본관 앞,202010,1109
용산구,807. 서울역 12번 출구 앞,202010,1048
용산구,808. 서빙고동 금호맨션 앞,202010,459
용산구,809. 한남 유수지 복개주차장,202010,1245
용산구,810. 이태원지하보도,202010,725
용산구,811. 녹사평역1번출구,202010,740
용산구,812. 용산전쟁기념관,202010,259
용산구,813. 삼각지역 3번출구,202010,1342
용산구,815. LIG강촌아파트 103동앞,202010,2324
용산구,816. 신용산역 6번출구 앞,202010,2174
용산구,817. 삼각지역 4번출구 앞,202010,628
용산구,818. 숙명여대 입구 교차로,202010,1872
용산구,819. 선린인터넷 고등학교,202010,1195
용산구,820. 청파동입구 교차로,202010,1025
용산구,822. 이촌1동 마을공원,202010,407
용산구,823. 효창동주민센터 앞,202010,358
용산구,825. 서빙고동 주민센터 앞,202010,3633
용산구,827. 국군복지단,202010,105
용산구,828. 숙대입구역 8번,202010,1059
용산구,829. 베르가모앞,202010,3791
용산구,830. 청암자이아파트앞,202010,444
용산구,831. 이태원관광특구입구,202010,349
용산구,832. 이촌1동 주민센터 뒤,202010,2153
용산구,834. 효창공원앞역 3번출구 뒤,202010,1995
용산구,835. 남영역 건너편,202010,1192
용산구,836. 현대자동차서비스 앞,202010,1561
용산구,837. 한남나들목 입구,202010,2831
용산구,838. 숙대입구역 4번출구,202010,1461
용산구,839. 보광동 삼성리버빌아파트 앞,202010,1197
용산구,840. 용산 파크타워 앞,202010,670
용산구,841. 신용산역 1번 출구,202010,2073
용산구,843. 녹사평역 광장,202010,1002
용산구,844. 이촌2동 동원베네스트 아파트 앞,202010,1126
용산구,845. 용산 선인상가,202010,1034
용산구,846. 용산중학교,202010,1156
용산구,847. 국방부민원실옆,202010,298
용산구,848. 삼각지12번 출구,202010,413
용산구,849. 삼각지 자이아파트,202010,1002
용산구,850. KCC용산월츠타워,202010,726
용산구,851.효창 푸르지오 앞,202010,220
용산구,852.청암자이APT(103동),202010,891
용산구,853.용산역 맞은편,202010,3633
용산구,854.HID 유족동지회 앞,202010,196
용산구,855.이촌역5번출구 앞,202010,155
용산구,857. 현대 안성타워,202010,617
용산구,858.녹사평역3번 출구,202010,278
용산구,859.남산공원 야외식물원 앞,202010,51
용산구,860.LG한강 자이아파트 앞,202010,1932
용산구,863.이촌역2번 출구,202010,529
용산구,864.순천향대학병원(한남오거리),202010,1289
용산구,865.하얏트호텔 앞,202010,33
용산구,866.브라운스톤 남산아파트,202010,642
용산구,867.서빙고역 광장(1번출구),202010,333
용산구,868.롯데하이마트 용산점 앞,202010,477
용산구,869.노들섬 동측 앞,202010,776
용산구,870.노들섬 서측 앞,202010,3034
은평구,4652. 신사두산위브2차아파트 앞,202010,1002
은평구,900. 은평예술회관,202010,742
은평구,901. 응암1동사무소,202010,1132
은평구,902. 진관동 은빛초등학교,202010,394
은평구,903. 은평뉴타운 아이파크,202010,805
은평구,904. 은평뉴타운 푸르지오,202010,924
은평구,905. 구파발역 2번출구,202010,2136
은평구,906. 연신내역 5번출구150M 아래,202010,4249
은평구,907. CJ 드림시티,202010,5572
은평구,908. 구산역 4번출구,202010,1460
은평구,909. 백련산 힐스테이트 3차,202010,394
은평구,911. 은평평화공원(역촌역4번출구),202010,2210
은평구,912. 응암오거리,202010,2890
은평구,913. 이마트 은평점,202010,3419
은평구,914. 새절역 2번출구,202010,3573
은평구,915. 증산역 4번출구,202010,2116
은평구,916. 평생학습관 앞,202010,1356
은평구,917. 녹번역 4번출구,202010,1522
은평구,919. 서울혁신파크,202010,1025
은평구,921. 신도고등학교,202010,284
은평구,922. 연신내역 4번출구,202010,665
은평구,923. 국민은행 연서지점,202010,806
은평구,924. 메뚜기다리,202010,250
은평구,925. 불광역 2번출구,202010,776
은평구,927. 연신내역 3번출구 인근,202010,626
은평구,928. 은평역사한옥박물관,202010,414
은평구,930. 구 서부경찰서 건너편,202010,986
은평구,931. 역촌파출소,202010,3371
은평구,932. 예일여중,202010,1128
은평구,933. LG서비스 역촌점,202010,2091
은평구,934. 신사동 성당,202010,408
은평구,937. 상림마을 롯데캐슬2단지 옆,202010,150
은평구,938. 금암 문화공원,202010,315
은평구,939. 은평구청 교차로,202010,676
은평구,941. 은평뉴타운 도서관,202010,442
은평구,942. 상림마을 생태공원,202010,404
은평구,943. 은평구청 보건소,202010,2051
은평구,945. 기자촌 사거리,202010,328
은평구,946. 독바위역,202010,561
은평구,947. 연신내 선일하이츠빌 정류소,202010,1117
은평구,948. 디지털미디어 시티역 4번출구(DMC역),202010,798
은평구,949. 연신내역 1번 출구,202010,1377
은평구,950. 구산역 2번 출구,202010,2293
은평구,952. 서울연신중학교,202010,391
은평구,953. 서울연신초등학교,202010,489
은평구,954. 은평뉴타운구파발9단지,202010,657
은평구,956. 응암시장교차로,202010,2929
은평구,958. 신한은행 응암동 지점 앞,202010,1767
은평구,959. 구파발10단지 인근,202010,470
은평구,960. 구파발역 환승센터,202010,768
은평구,961. 불광역 9번 출구,202010,2574
은평구,962. 은평뉴타운 힐데스하임,202010,1027
은평구,963. 대호프라자아파트,202010,946
은평구,964. 북한산힐스테이트 7차아파트,202010,442
은평구,965. 서울특별시 은평병원,202010,381
은평구,966. 서울혁신파크1,202010,309
은평구,967. 서울혁신파크2,202010,511
은평구,968. 은평뉴타운 상림마을 13단지,202010,191
은평구,969. 은평 지웰테라스,202010,266
은평구,971. 역촌 센트레빌 아파트,202010,304
은평구,972. 수색역,202010,1205
은평구,973.제각말푸르지오 5-1단지 아파트,202010,217
은평구,974.연신초등학교옆 마을마당,202010,102
은평구,975.백련산 힐스테이트상가앞,202010,306
은평구,976.진관고등학교앞,202010,453
은평구,977.신도중학교앞,202010,149
은평구,978.녹번 힐스테이트상가앞,202010,407
은평구,979.원풍빌라앞,202010,823
은평구,982.유니클로 은평점앞,202010,904
은평구,984.상신초등학교앞 버스정류장,202010,1242
은평구,985.은평온누리약국앞,202010,872
은평구,989.응암 꼬꼬닭치킨호프 앞,202010,1563
은평구,991.흥국사 정류장,202010,171
은평구,992.북한산입구 정류장,202010,282
은평구,993.은평뉴타운 온뜨락아파트앞,202010,580
은평구,994.북한산생태공원입구(교통섬),202010,275
은평구,995.은평다목적체육관,202010,239
은평구,996.응암역 1번출구,202010,4033
종로구,301. 경복궁역 7번출구 앞,202010,1478
종로구,302. 경복궁역 4번출구 뒤,202010,3001
종로구,303. 광화문역 1번출구 앞,202010,2085
종로구,304. 광화문역 2번출구 앞,202010,1504
종로구,305. 종로구청 옆,202010,1686
종로구,306. 광화문역 7번출구 앞,202010,1942
종로구,307. 서울역사박물관 앞,202010,956
종로구,308. 광화문 S타워 앞,202010,2224
종로구,309. 광화문역 6번출구 옆,202010,1125
종로구,314. 국립현대미술관,202010,1456
종로구,316. 종각역 1번출구 앞,202010,2413
종로구,326. 안국역 5번출구 앞,202010,1957
종로구,327. 낙원상가 옆,202010,1510
종로구,328. 탑골공원 앞,202010,1008
종로구,329. 청계2가 사거리 옆,202010,1592
종로구,334. 종로3가역 2번출구 뒤,202010,1500
종로구,335. 종로3가역 15번출구 앞,202010,1203
종로구,337. 창경궁 입구,202010,516
종로구,338. 세운스퀘어 앞,202010,1024
종로구,339. 종로4가 사거리,202010,1155
종로구,340. 혜화동 로터리,202010,1827
종로구,3401.창신두산아파트,202010,168
종로구,3402.이화공영주차장,202010,472
종로구,3403.서울특별시 교육청,202010,187
종로구,3404.서울특별시 중부교육지원청,202010,56
종로구,3405.파크팰리스,202010,991
종로구,3406.세종로공원,202010,967
종로구,3407.안국동사거리(신),202010,1491
종로구,3408.종로타워빌딩,202010,1241
종로구,341. 혜화역 3번출구 뒤,202010,1237
종로구,3410.종로3가역 8번출구,202010,879
종로구,3411.종묘,202010,866
종로구,3412.세운상가,202010,460
종로구,3413.종로플레이스,202010,1329
종로구,3414.종로5가역 4번출구,202010,593
종로구,3415.동대문역6번출구,202010,1177
종로구,3416.동묘앞역 6번출구,202010,900
종로구,3417.창신3동주민센터,202010,923
종로구,3418.창신역2번 출구,202010,112
종로구,3419.국립어린이과학관,202010,464
종로구,342. 대학로 마로니에공원,202010,2585
종로구,3420.성균관대입구사거리(맥도날드),202010,926
종로구,3421.혜화역 1번출구,202010,1782
종로구,3422.성균관대 정문,202010,1566
종로구,3423.현대그룹(본사),202010,825
종로구,3425.광화문 풍림스페이스본 1단지앞,202010,576
종로구,3426.독립문역 2번출구 뒤,202010,290
종로구,3427.인왕산 아이파크 정문,202010,298
종로구,3428.서울미술관,202010,151
종로구,3429.AW컨벤션앞,202010,182
종로구,343. 예일빌딩(율곡로) 앞,202010,465
종로구,3430.구기치안센터 앞,202010,124
종로구,3431.로제우스 레포츠센터,202010,203
종로구,3432.종로2가 사거리,202010,1436
종로구,344. 성균관대 E하우스 앞,202010,943
종로구,345. 서울보증보험본사 앞,202010,1046
종로구,348. 독립문역 사거리,202010,1338
종로구,349. 사직동주민센터,202010,1288
종로구,351. 청운초교 앞 삼거리,202010,1104
종로구,352. 중앙고입구 삼거리,202010,333
종로구,353. 재동초교 앞 삼거리,202010,934
종로구,354. 포르투갈 대사관 앞,202010,1240
종로구,355. 서울사대부속초교 앞,202010,974
종로구,356. KT혜화지사 앞,202010,969
종로구,358. 성대입구 사거리,202010,1369
종로구,359. 원남동사거리,202010,1199
종로구,361. 동묘앞역 1번출구 뒤,202010,3190
종로구,362. 청계8가 사거리,202010,2032
종로구,363. 신설동역 11번출구 뒤,202010,2007
종로구,364. 창신역 1번출구 앞,202010,606
종로구,367. 독립문역 3-1번출구,202010,1242
종로구,368. SK 서린빌딩 앞,202010,1214
종로구,369. 광화문 시민열린마당,202010,1898
종로구,385. 종각역 5번출구,202010,1895
종로구,386. 올림픽기념 국민생활관 앞,202010,280
종로구,388. 동성중학교 앞,202010,661
종로구,393. 동대문역 8번 출구,202010,2307
종로구,394. 경희궁 자이 3단지,202010,506
종로구,395. 경희궁 자이 2단지,202010,1392
종로구,397. 종묘공영주차장 건너편,202010,570
종로구,446. 상명대입구,202010,681
종로구,447. 신영동삼거리,202010,34
종로구,449. 일성아파트,202010,245
종로구,450. 효자동 삼거리,202010,1002
종로구,451. 청와대앞길,202010,275
종로구,452. 동대문 종합시장 버스정류장,202010,641
종로구,453. 종로오가 지하쇼핑센터 14번출구,202010,1111
종로구,454. 종로2가 버스정류장 (종각방향),202010,1339
종로구,455. 삼익한의원,202010,781
종로구,456. 숭인2동 주민센터 입구 (이강3대냉면),202010,1270
종로구,457. 종로꽃시장 입구 옆,202010,806
종로구,458. 광화문역 5번출구,202010,2897
종로구,461. 서울지방경찰청,202010,1229
종로구,462. 신영동삼거리(북악터널방향),202010,97
종로구,464. 삼청동 골목,202010,1055
종로구,465. 삼청공원 앞,202010,184
종로구,"4702. 평창동 꽃여울(꽃집),스타벅스 앞",202010,163
종로구,4711. 올림픽기념 국민생활관 로터리,202010,807
종로구,486. 평창동주민센터 앞,202010,142
중구,300. 정동사거리,202010,1429
중구,310. 청계광장 옆,202010,1540
중구,311. 서울광장 옆,202010,3449
중구,318. 광교사거리 남측,202010,978
중구,320. 을지로입구역 4번출구 앞,202010,1318
중구,321. KEB 하나금융그룹 명동사옥 옆,202010,1536
중구,322. 명동성당 앞,202010,844
중구,324. 신세계백화점 본점 앞,202010,1035
중구,331. 을지로2가 사거리 북측,202010,1326
중구,332. 을지로2가 사거리 남측,202010,1086
중구,336. 티마크 호텔 앞,202010,988
중구,346. 맥스타일 앞,202010,1695
중구,347. 동대문역사문화공원역 9번출구 앞,202010,1148
중구,370. 시청역(2호선) 9번출구 뒤,202010,2652
중구,371. 동대입구역 6번출구 뒤,202010,618
중구,372. 약수역 3번출구 뒤,202010,856
중구,373. 청구 어린이공원,202010,268
중구,374. 청구역 2번출구 앞,202010,1322
중구,375. 다산 어린이공원,202010,1457
중구,378. 청계7가 사거리,202010,1716
중구,379. 서울역9번출구,202010,1358
중구,380. CJ제일제당 앞,202010,1110
중구,381. 장충체육관,202010,241
중구,382. 약수역 10번출구 앞,202010,752
중구,383. 신당역 12번 출구 뒤,202010,2394
중구,384. 종로학원본원,202010,681
중구,387. 훈련원공원주차장 앞,202010,1292
중구,389. 을지로4가역 1번출구,202010,865
중구,390. 충무로역 1번출구,202010,1845
중구,391. 정동길입구,202010,1021
중구,398. 을지로3가역 3번출구,202010,1497
중구,399. 서울역 센트럴 자이아파트,202010,906
중구,428. 명보사거리,202010,846
중구,429. 송도병원,202010,197
중구,430. KEB하나은행 장충동지점,202010,874
중구,431. 청계천 영도교,202010,2912
중구,433. 을지로입구역 2번출구,202010,1876
중구,434. 신당 래미안 버스정류장,202010,190
중구,435. SK 남산빌딩,202010,416
중구,441.염천교사거리,202010,321
중구,442.서울역 서부,202010,476
중구,443.호암아트홀,202010,515
중구,444.서울역3번 출구,202010,424
중구,445.대한상공회의소,202010,1071
중구,466.롯데호텔,202010,938
중구,467.한국은행,202010,456
중구,468.웨스틴 조선호텔,202010,524
중구,469.회현역 1번출구,202010,275
중구,470.회현역 7번출구,202010,480
중구,471.회현사거리 남측,202010,935
중구,472.삼일교(시그니쳐 타워),202010,912
중구,473.을지로4가역 9번출구,202010,1212
중구,474.동대문역사문화공원역 1번출구 뒤편,202010,1659
중구,475.DDP 패션몰,202010,713
중구,476.광희문,202010,660
중구,477.앰배서더 호텔 주변,202010,301
중구,479.동대입구역 3번 출구,202010,366
중구,480.약수역 6번 출구,202010,373
중구,481.신당역 10번 출구,202010,670
중구,482.예수소망교회,202010,81
중구,483.남산타운아파트 버스정류장,202010,291
중구,484.도동삼거리,202010,85
중구,485.서울역4번출구,202010,159
중구,826. 서울역 서부교차로2,202010,1592
중랑구,1401. 극동늘푸른아파트,202010,2436
중랑구,1402. 금란주차장 앞,202010,1736
중랑구,1403. 중화빌딩 앞 (동부시장),202010,1789
중랑구,1404. 동일로 지하차도,202010,1676
중랑구,1405. 망우역 1번출구,202010,1282
중랑구,1406. 망우청소년수련관,202010,153
중랑구,1407. 먹골역 1번출구 뒤,202010,1415
중랑구,1408. 먹골역 6번출구 앞,202010,1538
중랑구,1410. 면목 대원칸타빌아파트,202010,323
중랑구,1411. 상봉시장앞 교차로 한성빌딩 앞,202010,1427
중랑구,1412. 면목초등학교,202010,693
중랑구,1413. 봉화산역 5번출구 뒤,202010,1290
중랑구,1414. 사가정역 1번출구,202010,3296
중랑구,1416. 상봉역 3번출구,202010,560
중랑구,1418. 새솔초등학교,202010,534
중랑구,1420. 신내어울공원 앞,202010,809
중랑구,1421. 신내역 4번출구,202010,267
중랑구,1422. 신내우디안아파트 1단지,202010,170
중랑구,1424. 양원역 2번출구,202010,240
중랑구,1425. 용마문화복지센터,202010,771
중랑구,1426. 면목도시개발아파트 1동 앞,202010,358
중랑구,1427. 용마산역 1번출구,202010,295
중랑구,1428. 원묵고등학교,202010,622
중랑구,1429. 장안중학교,202010,1116
중랑구,1430. 중랑구청,202010,1311
중랑구,1431. 중랑구청 사거리,202010,2207
중랑구,1433. 중화역 2번출구,202010,2089
중랑구,1434. 홈플러스 면목동점,202010,956
중랑구,1435. 능산삼거리,202010,264
중랑구,1436. 영풍마드레빌,202010,660
중랑구,1437. 늘푸른공원 앞,202010,1590
중랑구,1438. 홈플러스 신내점 앞,202010,2239
중랑구,1440. 하나은행 면목지점,202010,1516
중랑구,1441. 신내능말공원,202010,583
중랑구,1442. (구)신한은행 중랑교지점,202010,2221
중랑구,1443. 구립망우청소년독서실,202010,525
중랑구,1444. 면목4치안센터,202010,1535
중랑구,1445. 용마지구대,202010,255
중랑구,1446. 중랑전화국 교차로,202010,1879
중랑구,1447. 면목역 3번출구,202010,2543
중랑구,1448. 코스트코 상봉점,202010,2496
중랑구,1449. 상봉역 1번출구,202010,2409
중랑구,1450. 화랑대역 7번출구,202010,1652
중랑구,1451. 중랑세무서,202010,2915
중랑구,1452. 겸재교 진입부,202010,2598
중랑구,1453. 중랑캠핑숲,202010,301
중랑구,1454. 한국전력공사(동대문 중랑지사),202010,970
중랑구,1455. 상봉역 2번 출구,202010,2280
중랑구,1456. 상아빌딩(우림시장 교차로),202010,1191
중랑구,1457. 동원사거리,202010,1043
중랑구,1458. 상봉터미널2,202010,2257
중랑구,1459. 용마한신아파트사거리,202010,417
중랑구,1461.동양엔파트 앞,202010,1125
중랑구,1462.동부시장 북문 앞,202010,1772
중랑구,1463.중랑구민회관,202010,219
중랑구,1464.중화역 4번출구,202010,1150
중랑구,1465.중랑공영차고지 옆,202010,780
중랑구,1466.두산대림아파트 삼거리,202010,431
중랑구,1467.sk신내 주유소앞(용마산로),202010,142
중랑구,1468.먹골역 7번 출구,202010,942
중랑구,1469.먹골역 4번출구,202010,968
중랑구,1470.중화동 우리은행 앞,202010,1388
중랑구,1471.동양쇼핑 정류소 앞,202010,1731
중랑구,1472.영성빌딩(PAT),202010,604
중랑구,1473.중랑역 1번 출구(중화문화복지센터),202010,1218
중랑구,1474.서울중랑우체국,202010,808
중랑구,1477.면목삼익아파트 앞,202010,344
중랑구,1478.홈플러스 상봉점 앞,202010,1407
중랑구,1479.면목 홈플러스 2,202010,828
중랑구,1480. 용마지구대 옆,202010,957
강남구,2301. 현대고등학교 건너편,202011,1551
강남구,2302. 교보타워 버스정류장(신논현역 3번출구 후면),202011,892
강남구,2303. 논현역 7번출구,202011,845
강남구,2304. 신영 ROYAL PALACE 앞,202011,330
강남구,2305. MCM 본사 직영점 앞,202011,351
강남구,2306. 압구정역 2번 출구 옆,202011,965
강남구,2307. 압구정 한양 3차 아파트,202011,752
강남구,2308. 압구정파출소 앞,202011,636
강남구,2309. 청담역(우리들병원 앞),202011,302
강남구,2310. 청담동 맥도날드 옆(위치),202011,481
강남구,2311. 학동로 래미안 아파트 앞,202011,377
강남구,2312. 청담역 13번 출구 앞,202011,437
강남구,2313. 금원빌딩 앞,202011,915
강남구,2314. 청담나들목입구,202011,347
강남구,2315. 봉은사역 5번출구 옆,202011,785
강남구,2316. 삼성역 8번출구,202011,1065
강남구,2317. 삼성도로공원,202011,596
강남구,2318. 삼성중앙역4번출구(문화센터더 리빌),202011,428
강남구,2319. 포스코사거리 서측(수협 삼성동 지점),202011,429
강남구,2320. 도곡역 대치지구대 방향,202011,474
강남구,2321. 학여울역 사거리,202011,506
강남구,2322. 삼성역 3번 출구,202011,597
강남구,2323. 주식회사 오뚜기 정문 앞,202011,309
강남구,2324. 천주교 대치 2동 교회 옆,202011,887
강남구,2325. 대치동 버거킹대치점,202011,997
강남구,2326. 대치동 삼성로,202011,329
강남구,2327. 뱅뱅사거리 랜드마크타워 앞,202011,875
강남구,2328. 르네상스 호텔 사거리 역삼지하보도 7번출구 앞,202011,342
강남구,2329. 르네상스호텔사거리 역삼지하보도 2번출구,202011,284
강남구,2330. 스타벅스 앞,202011,440
강남구,2331. 동영문화센터앞,202011,457
강남구,2332. 선릉역3번출구,202011,948
강남구,2333. 양재역 3번출구 주변,202011,1103
강남구,2334. 삼호아파트 2동 ( 간선도로),202011,122
강남구,2335. 3호선 매봉역 3번출구앞,202011,945
강남구,2336. 강남세브란스교차로 래미안그레이튼 104동 앞,202011,206
강남구,2337. 대모산입구역 2번출구 앞,202011,426
강남구,2339. 현대아파트 정문 앞,202011,290
강남구,2340. 삼호물산버스정류장(23370) 옆,202011,1445
강남구,2341. 일원역 4~5번 출구 사이,202011,350
강남구,2342. 대청역 1번출구 뒤,202011,1298
강남구,2343. 세곡사거리 대왕파출소 앞,202011,90
강남구,2344. 리엔파크 2단지 앞,202011,419
강남구,2347. 두산건설 본사,202011,372
강남구,2348. 포스코사거리(기업은행),202011,1616
강남구,2349. 역삼빌딩 앞(하나은행 옆),202011,336
강남구,2350. 래미안그레이튼102동앞,202011,277
강남구,2351. 청소년수련관(수영장)앞,202011,261
강남구,2352. 서울본부세관(건설회관 앞),202011,292
강남구,2353. 강남구청역 2번출구 뒤,202011,719
강남구,2354. 청담역 2번출구,202011,193
강남구,2355. 삼성역 5~6번 출구 사이,202011,1077
강남구,2356. 강남구청,202011,400
강남구,2357. 르네상스호텔사거리 역삼지하보도 3번출구 앞 (더 오번 빌딩 명동칼국수 앞),202011,240
강남구,2358. 구룡초사거리 (현대아파트10동 앞 ),202011,403
강남구,"2359. 국립국악중,고교 정문 맞은편",202011,758
강남구,2360. 도곡1동 주민센터 교차로,202011,455
강남구,2361. 압구정역 교차로,202011,632
강남구,2362. 신사동 가로수길 입구,202011,778
강남구,2363. 강남 을지병원 교차로,202011,324
강남구,2364. 도산대로 렉서스 앞,202011,485
강남구,2365. K+ 타워 앞,202011,802
강남구,2368. 도곡동 경남아파트 건너편,202011,188
강남구,2369. KT선릉타워,202011,804
강남구,2370. 한티역 3번출구,202011,265
강남구,2371. 한국우편사업진흥원,202011,344
강남구,2372. 대치역 사거리,202011,714
강남구,2373. 개포동역 사거리,202011,889
강남구,2375. 수서역 1번출구 앞,202011,649
강남구,2376. 수서역 6번출구 앞,202011,205
강남구,2377. 수서역 5번출구 뒤,202011,1575
강남구,2380. 삼성동베이직하우스앞,202011,373
강남구,2381. 언주역 6번출구앞,202011,479
강남구,2382. 역삼동 sk뷰 501동앞,202011,274
강남구,2383. 보금자리정원,202011,149
강남구,2384. 자곡사거리,202011,1202
강남구,2385. 학동역,202011,575
강남구,2386. 논현동 279-165,202011,227
강남구,2387. 래미안강남힐즈 사거리,202011,527
강남구,2388. 강남구 도시관리공단,202011,377
강남구,2389. 경기여자고등학교 후문 (삼성로3길 입구),202011,458
강남구,2390. 구룡마을 입구 (래미안블레스티지 아파트),202011,151
강남구,2391. 구룡터널 입구(개포1단지아파트),202011,23
강남구,2392. 구룡산 입구 (구룡산 서울둘레길 입구),202011,26
강남구,2393. 구룡사 앞 교차로 (보도육교),202011,78
강남구,2395. 개포1단지아파트 입구 (보도육교),202011,51
강남구,2396. 영동3교 북단(우성캐릭터 앞 보도),202011,461
강남구,2398. 더라움,202011,374
강남구,2401. 밀알학교 입구 (삼성서울병원 입구),202011,292
강남구,2403. 공무원연금매점 교차로 (개포주공9단지 입구),202011,128
강남구,2404. 대모산입구역 4번 출구 앞,202011,737
강남구,2405. 청담공원앞 교차로,202011,691
강남구,2406. 논현동 광명빌딩 앞,202011,241
강남구,2407. 역삼.서초.삼성 세무서 앞 (역삼빌딩 앞),202011,1089
강남구,2408. 강남한양수자인아파트,202011,479
강남구,2409. 역삼동 디오슈페리움 (우성아파트 사거리),202011,777
강남구,2410. 포스코피앤에스타워 (역삼역 3번출구 부근),202011,464
강남구,2411. 세곡동 성당,202011,418
강남구,2412. 일원1동 주민센터,202011,1207
강남구,2413.도곡역 1번 출구,202011,576
강남구,2414. 도곡역 아카데미스위트 앞,202011,602
강남구,2415.한티역 롯데백화점 앞,202011,544
강남구,2416.한티역 6번 출구,202011,201
강남구,2417.선정릉 디캠프(D.CAMP)앞,202011,159
강남구,2418.봉은사역 7번 출구,202011,541
강남구,"2419.봉은사역 1,2번 출구",202011,240
강남구,2420.학여울역 사거리(LG베스트샵 앞),202011,590
강남구,2421. 신논현역 4번출구,202011,530
강남구,2422.수서동 성당 맞은편,202011,317
강남구,2423.영희초교 사거리(래미안개포루체하임),202011,623
강남구,2425.세곡동 사거리(대왕초등학교 정류장),202011,95
강남구,2426.강남한신휴플러스 6단지,202011,324
강남구,2427.개포고등학교 정문앞,202011,198
강남구,2428.롯데리아 개포점앞,202011,199
강남구,2429.압구정로데오역 6번출구,202011,746
강남구,2430.강남파이낸스센터앞(역삼역2번출구),202011,389
강남구,2431.대치역 7번출구,202011,831
강동구,1001. 광진교 남단 사거리(디지털프라자앞),202011,1491
강동구,1002. 해공공원(천호동),202011,1341
강동구,1003. 해공도서관앞,202011,690
강동구,1004. 삼성광나루아파트 버스정류장,202011,952
강동구,1006. 롯데캐슬 115동앞,202011,256
강동구,1007.암사동 선사유적지,202011,69
강동구,1008. 암사역 3번출구(국민은행앞),202011,2358
강동구,1009. 천호역4번출구(현대백화점),202011,3071
강동구,1010. 강동세무서,202011,1848
강동구,1011. LIGA 아파트 앞,202011,1946
강동구,1012. 서울 상운차량,202011,787
강동구,1013. 강동구청역 1번 출입구,202011,1094
강동구,1014. 강동구평생학습관앞,202011,615
강동구,1015. 샛마을 근린공원,202011,564
강동구,1016. 해뜨는 주유소옆 리엔파크 109동앞,202011,372
강동구,1017. 맥도날드(길동),202011,1442
강동구,1018. 둔촌 주공 GS 맞은편,202011,300
강동구,1019. 다성이즈빌아파트(호원대 대각선 맞은편),202011,2261
강동구,1020. 강동경찰서,202011,2038
강동구,1021. 강일동 리슈빌 빌딩앞,202011,1008
강동구,1022. 길동 사거리(초소앞),202011,1282
강동구,1023. 한국종합기술사옥 앞,202011,1185
강동구,1024. 강동구청 앞,202011,1621
강동구,1025. 상일초등학교,202011,528
강동구,1026. 대명초교 입구 교차로,202011,399
강동구,1027. 프라자 아파트 앞,202011,773
강동구,1028. 포레스 주상복합 빌딩,202011,1202
강동구,1029. 롯데 시네마,202011,1536
강동구,1030. 미호 플랜트 앞,202011,606
강동구,1031. 올림픽로 836(아리수로),202011,377
강동구,1032. 선사고등학교,202011,311
강동구,1033. 고덕동 아남아파트,202011,542
강동구,1034. 고덕동 래미안 힐스테이트,202011,302
강동구,1035. 고덕역 4번출구,202011,193
강동구,1036. 고덕동 주양쇼핑,202011,643
강동구,1037. 강일리버파크 6단지,202011,267
강동구,1038. 강일 다솜 어린이 공원,202011,249
강동구,1039. 고덕초등학교,202011,123
강동구,1041. 묘곡초등학교,202011,395
강동구,1042. 강일리버파크 2~5단지,202011,382
강동구,1044. 굽은다리역,202011,2819
강동구,1047. 건강보험 강동지사kt,202011,1407
강동구,1048. 동부기업(둔촌동),202011,1366
강동구,1049. 강일리버파크 10단지,202011,593
강동구,1050. 둔촌역 3번 출입구,202011,3150
강동구,1051. 양지시장 (용성약국앞) 입구,202011,983
강동구,1052. 리싸이클시티,202011,159
강동구,1053. 동명근린공원 진입로 (아리수로),202011,271
강동구,1054. 말우물 어린이 공원,202011,167
강동구,1056. 강일리버파크 7~11단지,202011,333
강동구,1057. 능골근린공원,202011,439
강동구,1058. 고덕숲 아이파크 1,202011,520
강동구,1059. 래미안 강동팰리스(102동),202011,682
강동구,1060. 천일초교 사거리,202011,557
강동구,1061. 천호초교 입구 사거리(일주빌딩),202011,776
강동구,1062. 고덕숲 아이파크 2,202011,208
강동구,1063.강동롯데캐슬퍼스트 아파트(관리동),202011,303
강동구,1064.중앙보훈병원역 1번출구,202011,137
강동구,1065.보훈병원 정문옆(중앙대영약국),202011,401
강동구,1066.생태공원앞 교차로(조명탑),202011,88
강동구,1067.한영중고앞사거리,202011,196
강동구,1068.명일파출소,202011,480
강동구,1069.강동경희대학교병원 입구,202011,211
강동구,1070.(시립)고덕평생학습관,202011,363
강동구,1071.명일근린공원공동체텃밭,202011,160
강동구,1072.고덕역 5번출구,202011,600
강동구,1073.SSTS 몰 앞,202011,670
강동구,1074.대명초교입구 사거리,202011,713
강동구,1075.천동초교 삼거리,202011,805
강동구,1076.전자랜드 길동점,202011,1255
강동구,1077.강동역 1번출구 앞,202011,1431
강동구,1078.둔촌사거리,202011,1169
강동구,1079.강일동입구교차로,202011,213
강동구,1080.엘웨딩,202011,536
강동구,1081.트레빌빌딩,202011,557
강동구,1082.중앙보훈병원역3번출구,202011,78
강동구,1083.광문고교사거리(아이파크),202011,284
강동구,1084. 윤선생빌딩(JYP사옥),202011,1756
강동구,1085.래미안 솔베뉴(고덕로),202011,446
강동구,1086.래미안 솔베뉴(구천면로),202011,481
강동구,1088.풍납사거리(강동),202011,555
강동구,1089.고덕 래미안힐스테이트(201동),202011,116
강동구,1090.상일동역 2번출구 앞,202011,1512
강동구,3539. 서원마을,202011,194
강동구,3652. 한영외국어고등학교,202011,32
강북구,"1501. 미아역 3번,4번 출구 사이",202011,1354
강북구,1503. 이디야 커피 수유역점 앞,202011,2368
강북구,1504. 다이소 삼양시장점,202011,516
강북구,1506. 강북문화예술회관,202011,1122
강북구,1509. 서울북부수도사업소,202011,560
강북구,1510. 번동주공5단지 관리사무소 앞,202011,275
강북구,1511. 번동 금호어울림아파트102동앞,202011,205
강북구,1512. 강북중학교 앞,202011,1432
강북구,1513. 강북구청 뒷편,202011,191
강북구,1514. 강북구청 사거리 버스정류소 앞,202011,1279
강북구,1515. 송천동 주민센터,202011,710
강북구,1516. 우이초등학교 후문 옆,202011,594
강북구,1518. SK telecom(수유직영점) 앞,202011,472
강북구,1519. 세븐일레븐 수유장미원점 앞,202011,798
강북구,1520. 성실교회,202011,1005
강북구,1522. 월드전기조명인테리어(우이동),202011,322
강북구,1525. 미아동 복합청사,202011,454
강북구,1526. 수유동 채선당앞,202011,659
강북구,1527. 미아역 1번 출구 뒤,202011,754
강북구,1528. 삼각산동 주민센터,202011,466
강북구,1529. 미아동 한국전력공사,202011,1355
강북구,1530. 광산사거리,202011,1510
강북구,1531. 미아사거리 1번 출구,202011,2039
강북구,1532. 번3동 주민센터 교차로,202011,835
강북구,"1533. 번동 주공3, 4단지 교차로",202011,1219
강북구,1534. 북서울 꿈의 숲 동문,202011,694
강북구,1535. 효성인텔리안 앞,202011,1466
강북구,1536. 번동 두산위브 101동 옆,202011,1003
강북구,1537. 북한산 우이역,202011,492
강북구,1538. 솔밭공원역,202011,308
강북구,1539. 4.19민주묘지역,202011,1046
강북구,1540. 가오리역,202011,885
강북구,1541. 삼양역,202011,268
강북구,1542. 삼양사거리역,202011,381
강북구,1543. 수유1동 주민센터,202011,577
강북구,1545. 솔샘역 2번 출구,202011,185
강북구,1546. 송천동우체국,202011,479
강북구,1547. 꿈의숲 롯데캐슬,202011,362
강북구,1548. 북서울 꿈의숲 서문,202011,418
강북구,1550.삼각산아이원아파트(105동 옆),202011,69
강북구,1551.4.19탑 앞,202011,522
강북구,1552. 강북구청사거리(던킨도너츠 앞),202011,1205
강북구,1553.예수그리스도후기성도교회 앞,202011,443
강북구,1554.번동사거리,202011,622
강북구,1557.신창교,202011,914
강북구,1558.강북문화정보도서관,202011,195
강북구,1560. 도봉세무서 앞,202011,828
강북구,1564.4.19민주묘지역 1번출구,202011,214
강북구,1565.대한병원앞,202011,956
강북구,1566.삼각산 아이언APT앞,202011,40
강북구,1568.4.19민주묘지 입구사거리,202011,662
강북구,1569.수유역2번출구,202011,1700
강북구,1571.북서울 꿈의 숲 입구,202011,423
강북구,1572.우이산 입구,202011,71
강북구,1573.현대성우아파트 옆,202011,282
강북구,1574.송중초등학교 옆,202011,511
강서구,1101. 개화동상사마을종점 버스정류장,202011,231
강서구,1102. 방화사거리 마을버스 버스정류장,202011,1505
강서구,1103. 방화역 4번출구앞,202011,1567
강서구,1105. 방화근린공원,202011,223
강서구,1106. 신방화사거리,202011,1577
강서구,1108. 공항시장역 2번출구 뒤,202011,968
강서구,1109. 공항시장역 4번출구,202011,598
강서구,1110. 공항중학교앞,202011,904
강서구,1111. 마곡엠밸리6_7단지 마곡중학교,202011,1277
강서구,1112. 마곡엠밸리4단지 정문,202011,3183
강서구,1113. 서남환경공원 버스정류장,202011,1597
강서구,1115. 등촌역 1번출구옆,202011,1256
강서구,1117. 스타벅스앞,202011,3150
강서구,1118. 증미역 3번출구뒤(등촌두산위브센티움오피스텔),202011,3302
강서구,1119. 염창동 한마음아파트앞(염창동 빛나는 음악학원앞),202011,2049
강서구,1120. 대림경동아파트앞,202011,1671
강서구,1121. 가양레포츠센터앞,202011,1383
강서구,1122. 황금내근린공원,202011,1564
강서구,1125. 명덕고교입구(영종빌딩),202011,2850
강서구,1126. 우장산역 1번출구옆(우장산아이파크105동앞),202011,1493
강서구,1127. 화곡역(에이스정형외과앞) 버스정류장,202011,1593
강서구,1128. 화곡역 6번출구,202011,1409
강서구,1129. 화곡역 1번 출구 앞,202011,1618
강서구,1130. 화곡본동시장 버스정류장,202011,660
강서구,1131. 꿈돌이공원 앞,202011,1783
강서구,1132. 등촌역 7번출구,202011,1621
강서구,1135. 강서구의회,202011,1356
강서구,1136. 등촌2파출소,202011,821
강서구,1137. 등촌2동주민센터,202011,385
강서구,1139. 용문사 버스정류장,202011,1181
강서구,1140. 목동사거리 버스정류장,202011,1592
강서구,1141. 곰달래 문화복지센터 1-1,202011,1296
강서구,1145. 곰달래 문화복지센터 1-2,202011,842
강서구,1146. 곰달래사거리,202011,1289
강서구,1148. 볏골공원,202011,838
강서구,1149. 신방화역환승주차장,202011,4188
강서구,1150. 송정역 1번출구,202011,3036
강서구,1152. 마곡역교차로,202011,4194
강서구,"1153. 발산역 1번, 9번 인근 대여소",202011,6893
강서구,1155. 기쁜우리복지관,202011,1383
강서구,1157. 강서구청,202011,2094
강서구,1158. 가양역 8번출구,202011,4193
강서구,1159. 서서울모터리움앞,202011,1122
강서구,1160. 양천향교역 7번출구앞,202011,4558
강서구,1161. 강서면허시험장앞,202011,433
강서구,1162. 공항초등학교건너편,202011,1171
강서구,1163. 방화동강서기동대앞,202011,1211
강서구,1165. 마곡중학교 후문,202011,921
강서구,1166. 강서구립등빛도서관,202011,2801
강서구,1167. 마곡수명산파크3단지 교차로,202011,2439
강서구,1168. 마곡엠밸리10단지 앞,202011,1048
강서구,1169. 염창역 1번 출구,202011,1292
강서구,1170. 강서구보건소 (삼성디지털 프라자),202011,811
강서구,1171. 염창동 새마을금고 건너편 (모닝글로리),202011,1689
강서구,1172. 가양3동 주민센터,202011,1292
강서구,1173. 강서구청사거리(SH타워),202011,2252
강서구,1174. 강서구청사거리(부민병원),202011,1044
강서구,1175. 대한항공 인력개발센터,202011,1145
강서구,1177. 수명중?고교,202011,1351
강서구,1178. 개화산역 2번 출구,202011,831
강서구,1180. 마곡엠밸리 15단지(1502동) 건너편,202011,1602
강서구,1181. 농수산식품공사 (강서지사),202011,386
강서구,1182. KBS 스포츠월드,202011,2423
강서구,1183. KC 대학교,202011,408
강서구,1184. 마곡13단지,202011,2211
강서구,1185. 등촌9단지,202011,1188
강서구,1186. 송정중학교,202011,688
강서구,1187. 강서수산물도매시장,202011,785
강서구,1188. 롯데중앙연구소,202011,115
강서구,1190. 마곡역 교차로(2번출구),202011,1615
강서구,1191. 마곡역 교차로(NH농협),202011,2256
강서구,1192. 마곡수명산파크 209동 건너편,202011,1297
강서구,1193. 마곡센트럴타워 1차,202011,2161
강서구,1194. 센서텍㈜,202011,758
강서구,1195. 코오롱One&Only타워,202011,1475
강서구,1196. 서울식물원(문화센터) 건너편,202011,452
강서구,1197. 엠펠리체 호텔 건너편,202011,1979
강서구,1198. LG 사이언스파크,202011,691
강서구,1199. 우장산역 3번출구,202011,1775
강서구,1200. 개화광역환승센터,202011,246
강서구,2701. 마곡나루역 5번출구 뒤편,202011,4281
강서구,2702. 마곡 엠밸리2단지,202011,1178
강서구,2703.서울도시가스 앞,202011,647
강서구,2704.홈플러스(강서점),202011,2171
강서구,2706.강서공업고등학교 앞,202011,1119
강서구,2707.한강아파트,202011,1123
강서구,2708.강서한강자이타워 앞,202011,2173
강서구,2709.강변아파트 310동 앞,202011,673
강서구,2710.라이품 공영주차장 앞,202011,1029
강서구,2711.가로공원공영주차장 1번 출구,202011,852
강서구,2712.화곡터널입구교차로,202011,474
강서구,2713.우장초등학교 앞,202011,766
강서구,2714.발산1동주민센터교차로,202011,1719
강서구,2715.마곡나루역 2번 출구,202011,5461
강서구,2716.롯데 R&D 센터,202011,325
강서구,2717.LG유플러스 마곡사옥,202011,2244
강서구,2718.마곡수명산파크1단지,202011,559
강서구,2719.마곡문화공원,202011,1524
강서구,2720.힐스테이트에코,202011,2007
강서구,2721.등촌1-10단지 교차로,202011,1964
강서구,2722.마곡 문영비지웍스,202011,2586
강서구,2723.마곡 필네이처,202011,1037
강서구,2724.(재)FITI시험연구원,202011,1428
강서구,2725.서울식물원 식물문화센터,202011,959
강서구,2727.서울식물원 잔디마당 앞,202011,1054
강서구,2728.마곡나루역 3번 출구,202011,2909
강서구,2729.넥센 유니버시티 앞,202011,1181
강서구,2730.마곡메가박스 앞,202011,1502
강서구,2731.명덕고교,202011,894
강서구,2732.마곡수명산 1-2단지,202011,916
강서구,2733.마곡13단지 정문 앞,202011,2003
강서구,2735.마곡 공공청사,202011,1269
강서구,2737.까치산역 3번 출구,202011,1201
강서구,2739.수명산파크1단지교차로,202011,1196
강서구,2740.마곡레포츠센터,202011,426
강서구,2741.마곡수명산파크5-6단지,202011,860
강서구,2742.강서구민올림픽체육센터,202011,764
강서구,2743.동신아파트 104동 앞,202011,689
강서구,2744.강서세무서 앞,202011,793
강서구,2745.수명초등학교,202011,728
강서구,2746.수명산파크 4단지 411동 앞,202011,265
관악구,2102. 봉림교 교통섬,202011,6168
관악구,2103. 신림동 우방아파트,202011,1562
관악구,2104. 사당역 5번출구,202011,1116
관악구,2105. 미성동 신림체육센터,202011,1112
관악구,2106. 난곡 새마을금고,202011,1571
관악구,2107. 도림천 신화교,202011,2127
관악구,2108. 은천치안센터,202011,941
관악구,2109. 은천로입구 가로공원,202011,2639
관악구,2110. 조원동 미성아파트,202011,182
관악구,2111. 서울대입구역 1번출구,202011,1081
관악구,2112. 서울대입구역 마에스트로,202011,931
관악구,2113. 관악동작견인차량보관소,202011,1669
관악구,2115. 관악농협농산물백화점,202011,1260
관악구,2116. 에이스에이존빌딩,202011,776
관악구,2119. 중앙동 동진빌딩,202011,1239
관악구,2122. 낙성대로 입구,202011,739
관악구,2127. 보성운수차고지 맞은편,202011,574
관악구,2128. 관악구청교차로,202011,829
관악구,2129. 낙성대 과학전시관,202011,602
관악구,2130. 영어마을 관악캠프,202011,345
관악구,2135. 신림역 5번출구,202011,1192
관악구,2136. 신림역 8번출구,202011,2495
관악구,2137. KT&G 관악지점,202011,394
관악구,2139. 서울신성초등학교,202011,633
관악구,2140. 신림1교 교차로,202011,1761
관악구,2141. 미림여고입구 교차로,202011,161
관악구,2143. 서울산업정보학교,202011,325
관악구,2144. 난우길입구,202011,622
관악구,2145. 은천초등학교 육교,202011,596
관악구,2148. 낙성대역 3번출구 뒤,202011,740
관악구,2156. 농협 관악문성지점,202011,779
관악구,2159. 인헌초교,202011,337
관악구,2164. 관악우체국,202011,972
관악구,2165. JK장평타워,202011,538
관악구,2167. 낙성대역 1번출구,202011,649
관악구,2169. 봉천역 2번출구,202011,890
관악구,2170. 조원동서울본병원,202011,992
관악구,2171. 서울대입구역 5번출구,202011,1300
관악구,2172. 나들목공원,202011,401
관악구,2173. 당곡사거리,202011,3271
관악구,2174. 삼성디지털프라자관악점,202011,714
관악구,2175. 신림동걷고싶은문화의거리입구,202011,1100
관악구,2176. 보라매공원 보도육교,202011,1460
관악구,2177. 신대방역 2번 출구,202011,4834
관악구,2178. 서울대학교 정문,202011,532
관악구,2179. 양녕로 입구,202011,1126
관악구,2183. 동방1교,202011,3925
관악구,2184. 구암초등학교 버스정류장,202011,196
관악구,2185. 대학동 고시촌,202011,846
관악구,2186.우리은행 낙성대역지점,202011,558
관악구,2187.현대시장사거리(신한은행),202011,837
관악구,2189.삼성서비스센터(관악점),202011,823
관악구,2190.도원맨션,202011,389
관악구,2191.대학동주민센터,202011,849
관악구,2195.은천교회,202011,617
관악구,2196.삼화페인트 봉천점,202011,472
관악구,2198.사랑의병원,202011,479
관악구,2199.신봉천주유소,202011,161
관악구,2200.관악문화원 건너편,202011,115
관악구,3305.낙성대역 8번 출구,202011,46
관악구,3306.서울신우초등학교,202011,107
관악구,3307.봉천고개 육교,202011,441
관악구,3310.영락고등학교,202011,391
관악구,3311.서울대입구역 4번 출구,202011,502
관악구,3802. 관악구민체육센터,202011,86
광진구,3500. 군자역2번출구,202011,1537
광진구,3501. 광진구청 앞,202011,1968
광진구,3502. 중곡역 1번출구,202011,702
광진구,3503. 광진유진스웰,202011,150
광진구,3504. 원일교회,202011,1556
광진구,3505. 신양초교앞 교차로,202011,1045
광진구,3506. 영동대교 북단,202011,1165
광진구,3507. 어린이회관,202011,581
광진구,3508. 화양사거리,202011,786
광진구,3509. 세종사이버대학교,202011,2169
광진구,3510. 중곡SK아파트앞,202011,637
광진구,3516. 구의아리수정수센터앞,202011,493
광진구,3517. 용마사거리,202011,1513
광진구,3518. 군자역 7번출구뒤,202011,2617
광진구,3520. 광진경찰서,202011,1728
광진구,3521. 현대홈타운 뒷길,202011,238
광진구,3523. 건국대학교 과학관(이과대) 앞,202011,699
광진구,3524. 세종대학교,202011,169
광진구,3528. 광진정보도서관,202011,821
광진구,3529. 어린이대공원정문,202011,768
광진구,3533. 건대입구역 사거리(롯데백화점),202011,3712
광진구,3534. 건대입구역 5번출구 뒤,202011,2475
광진구,3535. 중곡사거리(국민은행),202011,1977
광진구,3536. 중앙농협(자양동),202011,1792
광진구,3537. 아차산 휴먼시아 아파트 옆,202011,606
광진구,3541. 커먼그라운드,202011,2399
광진구,3542. 래미안 구의파크 스위트,202011,1065
광진구,3543. 세종대학교(학술정보원),202011,301
광진구,3563.구의7단지현대아파트,202011,173
광진구,3564.나루마당,202011,86
광진구,3566.우성4차아파트,202011,1335
광진구,3569.건대병원후문,202011,2311
광진구,3570.구의역 리버비스타 오피스텔,202011,1429
광진구,3571.화양 APT(횡단보도 옆),202011,2021
광진구,3573.광나루안전체험관,202011,1005
광진구,3575.자양사거리 (LG 유플러스),202011,1289
광진구,3578.중곡동 파크웨이빌딩,202011,688
광진구,3579.광진 캠퍼스시티,202011,1886
광진구,3581.광진광장,202011,772
광진구,3582.화양동 우체국,202011,822
광진구,3586.군자역 비채온 오피스텔,202011,1338
광진구,3587.우성식품 앞,202011,776
광진구,3588.세종대학교(영실관),202011,452
광진구,500. 어린이대공원역 3번출구 앞,202011,2147
광진구,501. 광진구의회 앞,202011,1169
광진구,502. 뚝섬유원지역 1번출구 앞,202011,5698
광진구,505. 자양사거리 광진아크로텔 앞,202011,2365
광진구,515. 광양중학교 앞,202011,928
광진구,516. 광진메디칼 앞,202011,1034
광진구,539. 군자교교차로,202011,1133
광진구,540. 군자역 7번출구 베스트샵 앞,202011,1608
광진구,542. 강변역 4번출구 뒤,202011,1304
광진구,543. 구의공원(테크노마트 앞),202011,1011
광진구,544. 광남중학교,202011,668
광진구,546. 잠실대교북단 교차로,202011,1190
광진구,548. 자양나들목,202011,1629
광진구,549. 아차산역 3번출구,202011,1799
광진구,551. 구의삼성쉐르빌 앞,202011,1987
광진구,552. 대림아크로리버 앞,202011,632
광진구,553. 중곡 성원APT 앞,202011,1027
광진구,555. 구의3동주민센터,202011,361
광진구,571. 어린이대공원역6번출구,202011,711
광진구,572. 국립정신 건강센터 앞,202011,412
광진구,573. 구의문주차장 앞,202011,1467
광진구,574. 아차산역4번출구,202011,1743
광진구,575. 중앙농협 중곡지점,202011,398
광진구,576. 광나루역 3번 출구,202011,1435
광진구,577. 광진청소년수련관,202011,1221
광진구,584. 광진광장 교통섬,202011,1624
광진구,588. 뚝섬 유원지역,202011,620
광진구,590. 건국대학교 (입학정보관),202011,1176
광진구,591. 건국대학교 (행정관),202011,276
광진구,592. 건국대학교 학생회관,202011,1198
광진구,593.자양중앙나들목,202011,1729
구로구,1901. 신도림동주민센터 앞,202011,1035
구로구,1904. 도림천역 1번 출구 앞,202011,1304
구로구,1906. 신도림역 1번 출구 앞,202011,3665
구로구,1907. 구일우성(아) 육교 밑,202011,613
구로구,1908. 해원리바파크 육교 밑,202011,1222
구로구,1910. 낙원교회 맞은편,202011,154
구로구,1911. 구로디지털단지역 앞,202011,4622
구로구,1912. 한신휴아파트 앞,202011,1349
구로구,1913. 구로리공원,202011,775
구로구,1914. 대림역4번출구,202011,1510
구로구,1916. 구로중학교앞,202011,506
구로구,1920. 서울미래초등학교 사거리,202011,1111
구로구,1924. 삼부르네상스파크빌,202011,601
구로구,1925. 동양미래대학교 정문 옆,202011,2769
구로구,1928. 고척스카이돔구장 광장,202011,834
구로구,1929. 고척근린공원 고척도서관 앞,202011,751
구로구,1930. 개봉지구대 개봉치안센터,202011,818
구로구,1931. 개봉역(북측광장),202011,1367
구로구,1933. 개봉푸르지오아파트 상가,202011,1215
구로구,1936. 개봉역 1번 출구 자전거보관서쪽,202011,808
구로구,1937. 한진아파트 입구,202011,770
구로구,1941. 오류동역 2번출구,202011,1297
구로구,1943. 온수역 북측,202011,422
구로구,1946. 구로역 광장,202011,2001
구로구,1951. 천왕이펜하우스 4단지 상가 앞,202011,190
구로구,1952. 천왕연지타운2단지 앞,202011,1193
구로구,1953. 천왕역 4번출구 뒤,202011,784
구로구,1955. 디지털입구 교차로,202011,2475
구로구,1956. 도야미리숯불갈비 앞,202011,992
구로구,1957. 구일고등학교 정문,202011,1225
구로구,1958. 강서수도사업소민원센터,202011,1106
구로구,1959. 구로구의회 앞,202011,774
구로구,1960. 화광신문사 앞,202011,1709
구로구,1961. 신도림테크노근린공원,202011,3464
구로구,1962. 가리봉동주민센터,202011,1244
구로구,1964. 원메디타운 앞,202011,1025
구로구,1965. 삼환로즈빌아파트 105동 옆,202011,710
구로구,1966. 한마을아파트 정문상가,202011,1057
구로구,1967. 참새공원(백곡경노당),202011,316
구로구,1968. 동인오피스텔 건너편 소공원,202011,372
구로구,1969. 궁동생태공원,202011,123
구로구,1971. 오정초교 앞 보도육교,202011,385
구로구,1973. 오리로와 서해안도로 교차로 앞,202011,502
구로구,1974. 신도림2차e편한세상아파트 203동 앞,202011,917
구로구,1975. 대림역 1번 출입구 밑,202011,982
구로구,1976. 남구로역 5번 출입구 앞,202011,400
구로구,1977. 천왕역 1번 출입구 앞,202011,1236
구로구,1979. 구로1동우체국 앞,202011,226
구로구,1981. 천왕이펜하우스5단지 앞,202011,581
구로구,1983. 구로동롯데아파트,202011,1179
구로구,1984. 구로구청,202011,1133
구로구,1985. 구로도서관,202011,2244
구로구,1986. 태평양물산빌딩,202011,2251
구로구,1987. 개봉아이파크아파트 앞,202011,1001
구로구,1988. 고척LIGA아파트 앞,202011,1591
구로구,1991. 오류동역 맞은편,202011,1320
구로구,1992. 구로구배드민턴실내체육관 앞,202011,311
구로구,1993. 금강수목원아파트 앞,202011,656
구로구,1994. 삼성전자 물류센터 앞,202011,843
구로구,1996. 구일역 1번 출입구 앞,202011,1512
구로구,1998. 고척교 교차로,202011,1086
구로구,1999. 수궁동 성당 주변,202011,333
구로구,2000. 신도림4차 e편한세상 아파트 1109동 앞,202011,942
구로구,2801. 대륭포스트타워1차,202011,1739
구로구,2804.항동지구 6단지 602동 앞,202011,222
구로구,2805.구로자원순환센터,202011,124
구로구,2806.항동지구 4단지 입구,202011,110
구로구,2807.항동지구 1단지 105동 앞,202011,284
구로구,2808.항동지구 2단지 202동 앞,202011,203
구로구,2809.항동지구 11단지 1103동 앞,202011,136
구로구,2810.항동지구 3단지 311동 앞,202011,149
구로구,2812.항동프라자,202011,120
구로구,2813.항동지구 3단지 302동 앞,202011,195
구로구,2814.항동지구 10단지 1001동 앞,202011,294
구로구,2815.항동지구 7단지 정문,202011,244
구로구,2816.항동지구 8단지 803동옆(주차장입구),202011,109
구로구,2817.천왕이펜하우스5단지 앞,202011,328
구로구,2818.천왕이펜하우스3단지 앞,202011,289
구로구,2819.하늘숲초등학교 앞,202011,496
구로구,2820.신세기아파트 앞,202011,792
구로구,2821.청구아파트 앞,202011,981
구로구,2822.제니스스포츠 앞,202011,332
구로구,2823.중앙유통단지 앞,202011,751
구로구,2824.미래사랑어린이공원 앞,202011,1492
구로구,2825.초롱타운 앞,202011,337
구로구,2826.가마산지하보도 옆,202011,352
구로구,3902. 항동지구5단지 501동 앞,202011,17
구로구,3903. 현대아파트 앞,202011,18
구로구,3904. 테크노마트 앞,202011,91
구로구,3905. 희훈타워빌 앞,202011,58
구로구,3906. 천왕차량사업소 입구,202011,148
금천구,1804. 독산역 2번출구 자전거주차장,202011,1027
금천구,1805. 서울디지털운동장 앞,202011,665
금천구,1806. 에이스하이엔드타워9차 앞,202011,729
금천구,1808. 에이스하이엔드타워8차 앞,202011,779
금천구,1809. LG전자 별관동(호서대 벤처타워 맞은편),202011,432
금천구,1812. 갑을그레이트밸리 앞,202011,799
금천구,1814. 두산위브아파트 옆 상가건물 앞,202011,884
금천구,1816. 금천폭포공원 앞,202011,198
금천구,1819. 금천구청 앞 자전거거치대,202011,632
금천구,1820. 신한은행 시흥대로금융센터지점,202011,293
금천구,1821. 홈플러스 시흥점 맞은편 다비치안경 앞,202011,642
금천구,1822. 서울 시흥동우체국 앞,202011,772
금천구,1823. 상신정비공업 앞,202011,364
금천구,1824. 독산근린공원 입구,202011,1382
금천구,1825. 한신아파트 앞 육교 아래,202011,510
금천구,1826. 한신코아 앞,202011,297
금천구,1827. 독산보도육교 앞 자전거 보관소,202011,1824
금천구,1828. 한양수자인아파트 앞,202011,759
금천구,1829. 홈플러스 금천점 앞,202011,928
금천구,1830. 빅마켓 금천점 앞,202011,1189
금천구,1831. 메이퀸웨딩컨벤션 앞,202011,539
금천구,1833. 독산역 1번출구 앞 자전거보관소,202011,1253
금천구,1834. 월드메르디앙 벤처센터 2차,202011,1797
금천구,1835. STX V타워,202011,861
금천구,1836. 금천구립 독산도서관,202011,153
금천구,1839. 수출의 다리 아래,202011,554
금천구,1840. 솔브레인이엔지 뒤편,202011,833
금천구,1841. 가산동 주민센터,202011,1130
금천구,1842. 한울중학교,202011,406
금천구,1843. 독산고등학교,202011,472
금천구,1845. 롯데캐슬골드파크1차 서문,202011,535
금천구,1846. 롯데캐슬골드파크1차 동문,202011,621
금천구,1847. 독산주공 14단지 버스정류소,202011,236
금천구,1848. 벽산 디지털밸리 5차,202011,993
금천구,1849. 대륭포스트타워5차,202011,364
금천구,1850. 코오롱테크노밸리,202011,280
금천구,1851. 가산디지털단지 7번출구,202011,1038
금천구,1852. 혜명양로원 담장 옆,202011,365
금천구,1853. 서울디자인직업전문학교 앞,202011,355
금천구,1854. 가산아네스트 오피스텔 앞,202011,618
금천구,1855. 성지아파트 옆 도로변,202011,149
금천구,1856. 모두의학교,202011,822
금천구,1857. 주공14단지,202011,230
금천구,1858. 석수역1번출구 앞 (SK주유소),202011,362
금천구,1859. 대륭테크노타운 18차,202011,641
금천구,1861.IBK기업은행 석수역 지점 앞,202011,143
금천구,1862.스타즈호텔독산 빌딩 앞,202011,710
금천구,1863.위너스 스포츠클럽 골프연습장옆,202011,293
금천구,1864.산호시티빌 옆,202011,310
금천구,1865.금천구청앞(M빌딩),202011,282
금천구,1866.서울안천초등학교 옆,202011,211
금천구,1867.대륭포스트타워6차 앞,202011,2243
금천구,1868.우리은행 시흥남자동화점 앞,202011,330
금천구,1869.롯데캐슬골드파크3차 301동 앞,202011,507
금천구,1870.독산3동주민센터 앞,202011,463
노원구,1601. 석계역 문화광장 내 자전거 보관소,202011,3047
노원구,1602. 광운대역 앞,202011,1286
노원구,1603. 롯데캐슬 102동 코너(월계주유소건너),202011,130
노원구,1605. 헬스케어,202011,1760
노원구,1606. 태릉입구역 3번출구,202011,1063
노원구,1608. 공릉역 1번 출구 앞,202011,3772
노원구,1610. 화랑대역 2번출구 앞,202011,2286
노원구,1611. 과기대 입구(우),202011,2965
노원구,1616. 하계2동 공항버스정류장 옆,202011,2499
노원구,1617. 하계동 중평어린이공원 앞,202011,2033
노원구,1619. 중계동 하나프라자빌딩 앞(중1-1),202011,1848
노원구,1620. 중계동 노원구민체육센터 옆(중1-2),202011,1181
노원구,1625. 상계역(4번출구),202011,2915
노원구,1628. 노일초등학교 앞,202011,822
노원구,1630. 수연빌딩 앞,202011,1062
노원구,1634. 당고개공원 대여소,202011,1247
노원구,1635. 상계3.4동 주민센터 대여소,202011,346
노원구,1636. 백병원 사거리 농협은행 앞,202011,2519
노원구,1637. KT 노원점 건물 앞,202011,2781
노원구,1639. 희성오피앙,202011,994
노원구,1640. 한내근린공원 북측,202011,671
노원구,1641. 한내근린공원 남측,202011,439
노원구,1642. 서울여대 남문,202011,686
노원구,1643. 태릉입구역 8번출구,202011,1635
노원구,1646. 삼육대 입구,202011,466
노원구,1650. 중계근린공원내,202011,2438
노원구,1651. 맥도날드 상계점 앞,202011,826
노원구,1652. 파르코 앞,202011,329
노원구,1653. 노원역1번출구,202011,3398
노원구,1654. 당고개입구 오거리,202011,797
노원구,1655. 공릉1단지아파트,202011,2112
노원구,1656. 중앙하이츠 아파트 입구,202011,1658
노원구,1657. 노원구청,202011,1065
노원구,1659. 중계동 을지중학교,202011,800
노원구,1660. 서울시립과학관,202011,401
노원구,1661. 당현천근린공원,202011,1123
노원구,1662. 노원역7번출구,202011,1287
노원구,1663. 동해문화예술관앞,202011,2011
노원구,1664. 노해근린공원내,202011,321
노원구,1665. 양지근린공원앞,202011,863
노원구,1666. 노원소방서인근,202011,1330
노원구,1667. 중계중학교,202011,1243
노원구,1668. 중계역 6번출구,202011,2047
노원구,1669. 중계역 3번출구,202011,1649
노원구,1670. 노원경찰서교차로,202011,1418
노원구,1671. 인덕대학교,202011,966
노원구,1672. 상계동수락리버시티,202011,486
노원구,1673. 노원역 5번출구,202011,2880
노원구,1674. 서울북부고용센터앞,202011,1978
노원구,1675. 월계문화체육센터,202011,88
노원구,1677. 육군사관학교 앞,202011,884
노원구,1678. 성서대학교 밀알관,202011,429
노원구,1679. 삼육대 도서관,202011,143
노원구,1680. 삼육대 제3과학관,202011,75
노원구,1681. 현대6차 아파트,202011,1013
노원구,1682. 중계종합사회복지관 교차로,202011,903
노원구,1683. 노원문화예술회관,202011,1302
노원구,1684. 태릉입구역 5번출구,202011,2472
노원구,1685. 불암고등학교 앞 횡단보도,202011,663
노원구,1686. 온수골사거리(스타벅스앞),202011,2116
노원구,1688. 마들역 7번출구,202011,1602
노원구,1689. 마들역 3번출구,202011,1331
노원구,1690. 도봉운전면허시험장,202011,1071
노원구,1691. 노원정보도서관,202011,832
노원구,1692. 온곡초교 교차로,202011,883
노원구,1693. 원자력 병원,202011,333
노원구,1695.월계미륭아파트 정문,202011,708
노원구,1696.수락리버시티4단지,202011,344
노원구,1697.상계주공2단지 219동,202011,958
노원구,1700.상계보람아파트 202동,202011,851
노원구,2901.공릉동풍림아파트 101동,202011,703
노원구,2902.공릉풍림아파트 108동,202011,937
노원구,2903.월계초안아파트 1단지,202011,620
노원구,2904.중계3차청구아파트,202011,1076
노원구,2905.중계주공6단지,202011,615
노원구,2907. 월계중학교,202011,440
노원구,2908. 광운대학교 중앙도서관,202011,913
노원구,2909. 석계역 3번 출구,202011,994
노원구,2910.도깨비시장,202011,1968
노원구,2911.상계역중앙시장,202011,1246
노원구,2912.대진고등학교,202011,1352
노원구,2913.상계8동 주민센터,202011,1279
노원구,2914.서울과학기술대학교(미래관),202011,532
노원구,2915.서울과학기술대학교(어학교육원),202011,1743
노원구,2917.신창중학교 후문 맞은편 버스정류장,202011,1025
노원구,2919.등나무 근린공원(시립북서울미술관 앞),202011,2068
노원구,2920.상계중학교(당현2교사거리),202011,640
노원구,2921.중계역 2번출구,202011,1289
도봉구,1702. 녹천역 1번출구 앞,202011,533
도봉구,1703. 도봉산광역환승센터앞,202011,384
도봉구,1705. 도봉구청 정문앞,202011,986
도봉구,1706. 기업은행 앞,202011,718
도봉구,1707. 도봉구민회관,202011,969
도봉구,1708. 보건소사거리(다비치안경창동점),202011,1498
도봉구,1709. 쌍문역4번출구 주변,202011,927
도봉구,1713. 쌍문동 이안아파트 앞,202011,253
도봉구,1714. 도봉문화정보도서관 삼거리,202011,285
도봉구,1715. 서울특별시교육청도봉도서관,202011,810
도봉구,1716. 하나로마트 창동점,202011,1826
도봉구,1717. 시립창동운동장 입구,202011,280
도봉구,1719. 신도봉사거리 버스정류장,202011,576
도봉구,1720. 도봉구청 옆(중랑천변),202011,1554
도봉구,1721. 창동역 2번출구,202011,2861
도봉구,1722. 창동청소년수련관,202011,835
도봉구,1723. 방학동학마을도서관,202011,514
도봉구,1725. 창1동주민센터,202011,431
도봉구,1726. 삼익세라믹아파트교차로,202011,964
도봉구,1727. 서울도봉초등학교인근,202011,366
도봉구,1728. 서울북부지방법원,202011,245
도봉구,1729. 파리바게트앞,202011,815
도봉구,1730. 도봉산역 교차로 앞,202011,182
도봉구,1731. 도봉고등학교 맞은편,202011,237
도봉구,1732. 우리은행 앞,202011,548
도봉구,1733. 방학사거리 (봄마당 앞),202011,1425
도봉구,1734. 쌍문현대1차아파트 108동 앞,202011,835
도봉구,"1735. 도봉역 1,2번 출구사이 건너편",202011,637
도봉구,1736. 버스정류장 앞,202011,421
도봉구,1737. 하나은행 (창동점),202011,1696
도봉구,1738. 창동주공17단지 상가앞,202011,1364
도봉구,1741. 제일강산수산입구,202011,1655
도봉구,1742. 북한산 코오롱 하늘채,202011,1372
도봉구,1743.창동19단지아파트 관리사무소앞,202011,738
도봉구,1744.KT방학지사 앞,202011,687
도봉구,1746. 다이소방학점 앞,202011,400
도봉구,1748. 피자헛 앞(도봉병원 옆),202011,474
도봉구,1749. ESA아파트 상가 앞,202011,995
도봉구,1750. 창포원 남쪽 입구,202011,671
도봉구,1751. 창원초등학교 교차로,202011,486
도봉구,1752. 창동 주공 4단지 입구 옆,202011,513
도봉구,1754. 창동시장입구 사거리,202011,713
도봉구,1756.서울북부광역등기국,202011,336
도봉구,1757.솔밭공원역 1번출구 앞,202011,391
도봉구,1758.북서울교회 버스정류소 앞,202011,582
도봉구,1759.서울북부지방법원 앞,202011,443
도봉구,1761.방학중학교 앞,202011,456
도봉구,1762.북한산 한신휴플러스APT앞,202011,1223
도봉구,1765.쌍문역 1번 출구(양산부인과 빌딩),202011,826
도봉구,1767.태양중앙교회 앞,202011,1196
도봉구,1768.신동아타워 버스정류소,202011,657
도봉구,1770.도봉한신아파트 주변,202011,490
도봉구,1771.성원APT버스정류소,202011,871
도봉구,1772.시립도봉노인복지관 버스정류소,202011,656
도봉구,1774.반석교회(쌍문동),202011,402
도봉구,1775.신원리베르텔 앞,202011,720
동대문구,600. 휘경2동 주민센터,202011,249
동대문구,601. 용신동주민센터,202011,821
동대문구,602. 장안동 사거리,202011,2789
동대문구,604. 답십리초등학교 옆 공원,202011,881
동대문구,605. 신설동역8번출구,202011,1178
동대문구,606. 휘경공고앞,202011,822
동대문구,607. 신이문역 2번출구,202011,524
동대문구,608. 전농삼성아파트,202011,194
동대문구,609. 제기2교,202011,1440
동대문구,610. 동대문중 교차로,202011,704
동대문구,612. 시립동부병원 앞 사거리,202011,1667
동대문구,613. 신설동역 10번출구 앞,202011,1696
동대문구,614. 용두동 사거리,202011,1761
동대문구,615. 용두동 래미안허브리츠아파트 앞,202011,1108
동대문구,616. 서울시립대 앞,202011,323
동대문구,617. 청솔우성아파트 앞,202011,1066
동대문구,621. 동대문중학교 옆,202011,312
동대문구,622. 전농사거리 교통섬,202011,1165
동대문구,623. 서울시립대 정문 앞,202011,1980
동대문구,624. 전농동 동아아파트 앞,202011,1179
동대문구,625. 답십리초등학교 앞(현대시장 옆),202011,1569
동대문구,626. 군자교 서측 녹지대,202011,1125
동대문구,627. 장안동삼거리 교통섬,202011,1435
동대문구,628. 휘봉고등학교 앞,202011,625
동대문구,630. 동대문구 보건소,202011,1808
동대문구,631. 답십리역 1번출구,202011,2029
동대문구,633. 청량리 기업은행 앞,202011,1134
동대문구,634. 외국어대 정문 앞,202011,2335
동대문구,635. 시조사 앞 (청량고정문 옆),202011,1180
동대문구,636. 세종대왕기념관 교차로,202011,588
동대문구,637. KAIST 경영대학 앞,202011,912
동대문구,638. 서울시립대 정보기술관,202011,483
동대문구,639. 서울시립대 후문,202011,684
동대문구,640. KEB하나은행 청량리역지점,202011,789
동대문구,641. 용두역 4번출구,202011,1636
동대문구,642. 신답역 사거리,202011,877
동대문구,643. 동대문구민체육센터 (육교아래),202011,1289
동대문구,646. 장한평역 1번출구 (국민은행앞),202011,3445
동대문구,647. 신이문역 1번출구,202011,800
동대문구,648. 장안동위더스빌옆,202011,2203
동대문구,650. 중랑교사거리,202011,1652
동대문구,652. 답십리 래미안엘파인아파트 입구,202011,747
동대문구,654. 전농동 텃골공원,202011,528
동대문구,656. 영휘원 교차로,202011,703
동대문구,657. 동대문롯데캐슬아파트 앞,202011,1134
동대문구,658. 촬영소 사거리,202011,961
동대문구,659. 제기역1번출구,202011,1751
동대문구,660. 동의보감타워,202011,1298
동대문구,661. 경희대학교 청운관,202011,949
동대문구,663. 외대앞역 4번출구,202011,1585
동대문구,664. 서울시립대 대학본부,202011,408
동대문구,665.이문동 쌍용아파트 정문,202011,601
동대문구,666.이문대성유니드아파트 앞,202011,489
동대문구,667.청량차도 육교 밑,202011,319
동대문구,668.서울축산농협(장안지점),202011,1966
동대문구,669.청계한신휴플러스앞 삼거리,202011,880
동대문구,670.삼육서울병원 버스정류장,202011,2344
동대문구,671.대광빌딩,202011,398
동대문구,672.대광고등학교,202011,554
동대문구,673.안암골벽산아파트(후문),202011,844
동대문구,674.고대앞사거리 교통섬,202011,1117
동대문구,675.성복교회 앞 (장평교 아래),202011,818
동대문구,676.FITI시험연구원 앞,202011,685
동대문구,677.청량리역 4번 5번출구 사이,202011,1536
동대문구,678.장안힐스테이트(아) 앞,202011,1013
동대문구,679.전농SK아파트 앞,202011,369
동대문구,680.꿈마루어린이도서관 앞,202011,1579
동대문구,681.서울특별시 동부교육지원청(육교),202011,141
동작구,2002. 노들역 1번출구,202011,2032
동작구,2003. 사육신공원앞,202011,919
동작구,2007. 유한양행앞,202011,1125
동작구,2008. 노량진근린공원 대방공원,202011,478
동작구,2009. 보라매역 8번출구,202011,701
동작구,2012. 녹십초요양병원앞,202011,679
동작구,2013. 장승배기역 5번출구,202011,1782
동작구,2015. 신대방삼거리역 6번출구쪽,202011,2154
동작구,2016. 신대방삼거리역 3번출구쪽,202011,1490
동작구,2020. 장승배기역2번출구뒷편쪽,202011,692
동작구,2024. 상도역 1번출구,202011,526
동작구,2025. 흑석역 1번출구,202011,1698
동작구,2026. 흑석역 4번출구,202011,495
동작구,2027. 중앙대학교 정문,202011,482
동작구,2032. 이수역 11번출구쪽,202011,1095
동작구,2033. 사당동 아르테스 웨딩앞,202011,800
동작구,2034. 사당역 7번출구쪽,202011,906
동작구,2036. 정금마을 마을버스정류장,202011,498
동작구,2037. 동작역 5번출구 동작주차공원,202011,448
동작구,2038. 동작역 7번출구,202011,181
동작구,2040. 비계 버스정류소,202011,199
동작구,2041. 사당중학교 버스정류소,202011,344
동작구,2048. 삼일초등학교 인근,202011,577
동작구,2050. 노량진역 5번출구,202011,2251
동작구,2054. 삼익아파트,202011,1013
동작구,2056. 동작구민 체육센터,202011,1083
동작구,2057. 상도 아이파크 아파트,202011,552
동작구,2058. 노량진동 맥도널드앞,202011,1636
동작구,2059. 보라매공원 정문,202011,1154
동작구,2060. 남성역3번출구 뒤,202011,1104
동작구,2061. 한강 현대아파트 건너편,202011,152
동작구,2062. 사당새마을금고,202011,401
동작구,2063. 대방역 4번출구,202011,942
동작구,2064. 흑석한강푸르지오 106동앞,202011,260
동작구,2065. 서울시여성가족재단,202011,542
동작구,2066. 양문교회 앞,202011,1494
동작구,2067. LG전자 베스트? 대리점 앞,202011,887
동작구,2068. 총신대 앞(육교),202011,127
동작구,2069. 숭실대 입구역3번 출구 앞,202011,584
동작구,2070. 노량진역 2번 출구 앞,202011,1143
동작구,2071. 대림아파트 후문 상가 옆,202011,351
동작구,2076.노들나루공원 입구,202011,1266
동작구,2077.노들역 3번출구,202011,692
동작구,2078.흑석 아크로리버하임(103동),202011,204
동작구,2079.중앙대학교 정문,202011,114
동작구,2080.빕스 대방점 앞,202011,1355
동작구,2081.대방1차 e편한세상 앞,202011,730
동작구,2082.7호선 이수역7번출구,202011,553
동작구,2083.흑석롯데캐슬에듀포레(107동),202011,334
동작구,2084.e편한세상 상도노빌리티 앞,202011,611
동작구,2085.강남중학교 앞,202011,670
동작구,2086.삼일수영장 앞,202011,455
동작구,2088.상도중앙하이츠빌 입구,202011,295
동작구,2089.사당역10번출구(금강빌딩),202011,626
동작구,2090.기아자동차 사당점 앞,202011,642
동작구,2091.이수역9번출구(맥도날드),202011,736
동작구,2092.흑석한강푸르지오(110동),202011,194
동작구,2093.상도SH빌아파트 입구,202011,149
동작구,2094.숭실대학교(중문),202011,156
동작구,2095.경문고등학교 앞,202011,449
동작구,2096.서울특별시 동작관악교육지원청,202011,90
동작구,237. 보라매 두산위브 건너편,202011,1321
마포구,101. (구)합정동 주민센터,202011,751
마포구,102. 망원역 1번출구 앞,202011,2466
마포구,103. 망원역 2번출구 앞,202011,1605
마포구,104. 합정역 1번출구 앞,202011,1207
마포구,105. 합정역 5번출구 앞,202011,1007
마포구,106. 합정역 7번출구 앞,202011,2513
마포구,107. 신한은행 서교동금융센터점 앞,202011,2006
마포구,108. 서교동 사거리,202011,1330
마포구,109. 제일빌딩 앞,202011,1336
마포구,111. 상수역 2번출구 앞,202011,933
마포구,112. 극동방송국 앞,202011,992
마포구,114. 홍대입구역 8번출구 앞,202011,3777
마포구,118. 광흥창역 2번출구 앞,202011,1028
마포구,119. 서강나루 공원,202011,944
마포구,120. 신수동 사거리,202011,421
마포구,121. 마포소방서 앞,202011,693
마포구,122. 신성기사식당 앞,202011,864
마포구,124. 서강대 정문 건너편,202011,1302
마포구,125. 서강대 남문 옆,202011,515
마포구,126. 서강대 후문 옆,202011,1502
마포구,127. 현대벤처빌 앞,202011,519
마포구,129. 신촌역(2호선) 6번출구 옆,202011,418
마포구,130. 신촌역(2호선) 7번출구 앞,202011,1832
마포구,136. 대흥동 주민센터,202011,380
마포구,142. 아현역 4번출구 앞,202011,481
마포구,143. 공덕역 2번출구,202011,1069
마포구,144. 공덕역 8번출구,202011,2411
마포구,145. 공덕역 5번출구,202011,1098
마포구,146. 마포역 2번출구 뒤,202011,2164
마포구,147. 마포역 4번출구 뒤,202011,1544
마포구,148. 용강동 주민센터 앞,202011,1275
마포구,150. 서강대역 2번출구 앞,202011,650
마포구,151. 망원1동주민센터,202011,1749
마포구,152. 마포구민체육센터 앞,202011,3662
마포구,153. 성산2교 사거리,202011,1615
마포구,154. 마포구청역,202011,2020
마포구,155. 가좌역1 번출구 뒤,202011,1041
마포구,156. 서울서부지방법원 앞,202011,413
마포구,157. 애오개역 4번출구 앞,202011,1372
마포구,181. 망원초록길 입구,202011,285
마포구,182. 망원2빗물펌프장 앞,202011,1539
마포구,183. 하늘채코오롱아파트 건너편,202011,1945
마포구,184. SK망원동주유소 건너편,202011,1697
마포구,185. 마포 신수공원 앞,202011,826
마포구,186. 월드컵공원,202011,1533
마포구,199. 서울 월드컵 경기장,202011,497
마포구,3002.벽산상암스마트큐브,202011,1772
마포구,3003.래미안신공덕3차아파트,202011,68
마포구,3005.마포구청 청사내,202011,334
마포구,3006. 상암월드컵파크5단지(상암중학교),202011,262
마포구,3007.MBC 앞,202011,799
마포구,3008.DMC역7번출구,202011,571
마포구,3009.서교동사거리(신),202011,1562
마포구,3010.홍대입구역 3번출구,202011,3507
마포구,3011.경의선(노고산동),202011,973
마포구,400. 상암한화오벨리스크 1차 앞,202011,756
마포구,401. 상암월드컵파크 10단지 앞,202011,682
마포구,402. 상암월드컵파크 9단지 앞,202011,879
마포구,403. 부엉이공원 앞,202011,581
마포구,405. DMC빌 앞,202011,528
마포구,406. 상암월드컵파크 7단지 앞,202011,480
마포구,407. 마포구 육아종합지원센터,202011,714
마포구,408. LG CNS앞,202011,686
마포구,409. 누리꿈스퀘어 옆,202011,1794
마포구,410. 상암중학교 옆,202011,293
마포구,411. DMC홍보관,202011,1211
마포구,412. DMC산학협력연구센터 앞,202011,1421
마포구,413. 상암월드컵파크 3단지 후문,202011,513
마포구,414. 상암동주민센터 옆,202011,1378
마포구,415. DMC역 9번출구 앞,202011,2229
마포구,416. 상암월드컵파크 1단지 교차로,202011,746
마포구,417. DMC역 2번출구 옆,202011,1517
마포구,418. 월드컵경기장역 3번출구 옆,202011,1811
마포구,419. 홈플러스 앞,202011,1827
마포구,420. 서울시 공공자전거 상암센터,202011,855
마포구,421. 마포구청 앞,202011,1512
마포구,422. 문화비축기지,202011,204
마포구,424. 롯데하이마트 (상암월드컵점),202011,329
마포구,425. DMC첨단산업센터,202011,584
마포구,426. 서울신용보증재단,202011,90
마포구,427. 성산시영아파트,202011,1035
마포구,432. 마포중앙도서관,202011,563
마포구,436. 이대역 5번출구,202011,462
마포구,437. 대흥역 1번출구,202011,928
마포구,438. 성산2-1 공영주차장,202011,1421
마포구,439. 마포어린이공원,202011,1625
마포구,440. 하늘공원 입구,202011,473
마포구,487.신석초교앞 교차로 교통섬,202011,1038
마포구,489.구룡근린공원,202011,334
마포구,490.가온문화공원,202011,876
마포구,491.월드컵파크 4단지,202011,358
마포구,492.성산시영아파트 후문,202011,754
마포구,493.홍대입구역 6번출구,202011,1409
마포구,494.신수동주민센터,202011,250
마포구,495.염리초등학교 앞,202011,722
마포구,497.합정동주민센터 앞,202011,1525
마포구,498.연남동주민센터 앞,202011,1636
서대문구,115. 마스타 빌딩 앞,202011,673
서대문구,116. 일진아이윌아파트 옆,202011,1333
서대문구,117. 홍은사거리,202011,2330
서대문구,123. 문화촌 공원,202011,1654
서대문구,128. 신촌역(2호선) 1번출구 옆,202011,1222
서대문구,131. 증산2교,202011,1891
서대문구,133. 해담는다리,202011,1400
서대문구,134. 연세로 명물길,202011,834
서대문구,135. 명물길 원형무대 앞,202011,577
서대문구,137. NH농협 신촌지점 앞,202011,423
서대문구,138. 신촌동 제1공영주차장 앞,202011,683
서대문구,139. 연세대 정문 건너편,202011,311
서대문구,140. 이화여대 후문,202011,625
서대문구,141. 연대 대운동장 옆,202011,475
서대문구,158. 독립문 어린이 공원,202011,482
서대문구,159. 이대역 4번 출구,202011,360
서대문구,160. 북아현동 가구거리,202011,542
서대문구,161. 무악재역1번 출구,202011,342
서대문구,162. 봉원고가차도 밑,202011,628
서대문구,163. 명지전문대학교 정문 앞,202011,382
서대문구,164. 북가좌1동 주민센터,202011,417
서대문구,165. 중앙근린공원,202011,1219
서대문구,166. 가재울 초등학교,202011,1266
서대문구,167. 연가초등학교 옆,202011,487
서대문구,169. 북가좌 삼거리,202011,427
서대문구,170. 가재울 뉴타운 주유소 옆,202011,735
서대문구,171. 임광빌딩 앞,202011,727
서대문구,173. 서대문역 8번출구 앞,202011,565
서대문구,175. 홍연2교옆,202011,1692
서대문구,176. 명지대학교 도서관,202011,1231
서대문구,177. 북가좌 초등학교,202011,573
서대문구,178. 증산3교 앞,202011,1017
서대문구,179. 가좌역 4번출구 앞,202011,1183
서대문구,180. 충정로역 7번출구 아래,202011,691
서대문구,188. 홍은동 정원여중 입구,202011,650
서대문구,191. 서우빌딩(바른학원),202011,934
서대문구,192. 연서어린이공원,202011,481
서대문구,194. 증산교 앞,202011,1588
서대문구,195. 모래내고가차도,202011,619
서대문구,196. 연희교차로 인근,202011,404
서대문구,198. 충정2교,202011,682
서대문구,3100. 북성초교,202011,278
서대문구,3101. 서대문구청,202011,684
서대문구,3102. 연희삼거리,202011,718
서대문구,3103. 홍제삼거리 북측,202011,678
서대문구,3104. e편한세상 신촌4단지 앞,202011,567
서대문구,3105. 홍은센트레빌 아파트 앞,202011,314
서대문구,3106. 홍남교 두바퀴쉼터,202011,959
서대문구,3107. 연희초등학교 앞,202011,461
서대문구,3109.북한산더? 106동 앞,202011,218
서대문구,3110.홍은 현대아이파크 아파트 202동 앞,202011,466
서대문구,3111.무악재역 4번 출구,202011,213
서대문구,3112.독립문역 5번 출구,202011,70
서대문구,3113.독립문역사거리,202011,405
서대문구,3114.충정로역 3번 출구,202011,331
서대문구,3115.북아현 치안센터 인근,202011,605
서대문구,3116.신촌역 4번출구,202011,584
서대문구,3117.이화여대 인문관 인근,202011,221
서대문구,3119.연희 브라운스톤 아파트 앞,202011,1193
서대문구,3120.DMC엘가아파트 앞,202011,661
서대문구,3121.가좌삼거리,202011,715
서대문구,3122.북가좌삼거리2,202011,489
서대문구,3123.DMC파크뷰자이1단지 110동 앞,202011,478
서대문구,3124.DMC센트럴아이파크아파트,202011,998
서대문구,3125.연희파크푸르지오아파트 앞,202011,548
서대문구,3126.남가좌동 제2공영주차장,202011,189
서대문구,3127.홍은2파출소 옆,202011,368
서대문구,3128.동신병원 맞은편,202011,677
서대문구,3129.DMC래미안e편한세상203동옆,202011,486
서대문구,3130.가재울사거리,202011,701
서대문구,3131.연가교 교차로,202011,516
서대문구,3132.홍제교,202011,277
서대문구,3133.핀란드 타워앞,202011,186
서대문구,3134.SK리쳄블(상수도사업본부),202011,336
서초구,2201. 본마을 정류소 앞,202011,75
서초구,2202.청계산입구역 1번출구,202011,1058
서초구,2203. 청계산입구역 2번출구,202011,375
서초구,2205. 내곡3단지 어린이공원 앞,202011,578
서초구,2206. 언남초등학교 앞,202011,894
서초구,2207. 내곡파출소 뒤 정자,202011,175
서초구,2210. 반포1동 주민센터 앞,202011,315
서초구,2211. 서초구립반포도서관 앞,202011,765
서초구,2212.서초현대4차아파트 201동 맞은편,202011,411
서초구,2213. 고속터미널역 5번출구 앞,202011,1173
서초구,2214. 신반포역 2번출구 앞,202011,386
서초구,2215. 반포종합운동장 입구,202011,546
서초구,2217.아크로리버뷰 부지 앞,202011,1422
서초구,"2219. 고속터미널역 8-1번, 8-2번 출구 사이",202011,2881
서초구,2220. 반포본동 주민센터 앞,202011,1715
서초구,2221.하나은행 방배동지점 앞,202011,1134
서초구,2222.사당역 12번출구 뒤,202011,1458
서초구,2223. 방배래미안 정문 앞,202011,357
서초구,2225.백석예술대학교 제3캠퍼스 앞,202011,151
서초구,2226. 신동아럭스빌아파트 앞,202011,243
서초구,2227.방배열린문화센터 앞,202011,483
서초구,2228.뒷벌공원 옆,202011,1260
서초구,2229.로고스교회 맞은 편,202011,289
서초구,2230.이수역 4번 출구,202011,1256
서초구,2231. 삼성타운(삼성생명) A동 맞은편,202011,1314
서초구,2233. 서초신동아1차아파트 옆,202011,411
서초구,2235.KT 서초지사 앞,202011,607
서초구,2237.서울남부터미널 대합실 입구,202011,869
서초구,2239.교대역 6번출구,202011,546
서초구,2241.양재전화국 사거리,202011,344
서초구,2242.양재역 11번 출구 앞,202011,928
서초구,2243.서울가정법원,202011,610
서초구,2244.교육개발원입구 교차로,202011,1015
서초구,2245.양재초등학교 맞은편,202011,572
서초구,2246. 서울시 품질시험소 앞,202011,656
서초구,2247.섬들근린공원,202011,1245
서초구,2248. 서초리슈빌S 글로벌 앞,202011,215
서초구,2249. 우솔초등학교 맞은편,202011,245
서초구,2250. 서초유치원 맞은편,202011,682
서초구,2251. 더케이호텔 입구(양재2),202011,878
서초구,2252. 하이브랜드 앞,202011,1535
서초구,2255.시민의숲역 1번출구 옆,202011,1862
서초구,2256.양재동 꽃시장 입구,202011,395
서초구,2257. 하나로클럽 양재점 맞은편,202011,161
서초구,2258.구룡사 삼거리,202011,285
서초구,2259. 잠원역 3번-4번 출구사이,202011,596
서초구,2262. 한신16차아파트 119동 앞,202011,1608
서초구,2263. 바우뫼문화복지회관,202011,661
서초구,2264. 이수역 1번출구,202011,1897
서초구,2265. 이수고가차도 남단,202011,1143
서초구,2266. 서초역 3번출구,202011,820
서초구,2268. 서초4동주민센터,202011,525
서초구,2269. 주홍교 하부,202011,185
서초구,2270. 서초포레스타 7단지,202011,382
서초구,2271. 내방역 8번출구 앞,202011,672
서초구,2272. 교대입구 교차로,202011,319
서초구,2273. 일동제약 사거리,202011,816
서초구,2274. 양재시민의숲역 3번출구,202011,1187
서초구,2275. 염곡치안센터 건너편,202011,94
서초구,2276. 영동1교 (양재천근린공원),202011,766
서초구,2277. 길마중4교 하부,202011,756
서초구,2279. 교대역 5번출구뒤,202011,1129
서초구,2280. 서울서초고용센터앞,202011,562
서초구,2281. 연세사랑병원신관앞,202011,348
서초구,2282. 방배래미안아트힐 101동앞,202011,292
서초구,2283. 그룹한빌딩옆,202011,227
서초구,2284. CJ오쇼핑앞,202011,315
서초구,2285. LH서초3단지 301동 맞은편,202011,417
서초구,2286. 탑성마을입구,202011,43
서초구,2287. 능안마을입구,202011,33
서초구,2288. 안골마을입구,202011,26
서초구,2289. 남태령역 2번출구,202011,113
서초구,2290. 서래마을파리15구공원앞,202011,0
서초구,2292. 무지개아파트 앞,202011,311
서초구,2293. SPC 앞,202011,550
서초구,2294. 두상빌딩 앞,202011,1131
서초구,2297. 남부터미널역 1번출구,202011,768
서초구,2298. 래미안서초스위트앞,202011,362
서초구,2299. 한전아트센터 앞,202011,595
서초구,2501. 서초 포레스타5단지,202011,460
서초구,2502. 서초역1번출구 앞,202011,519
서초구,2503. 반포1동 서초빌딩 앞,202011,669
서초구,2504. 신사역 4번출구 뒤,202011,740
서초구,2505. 우성아파트사거리 (기업은행앞),202011,1172
서초구,2506. LG유플러스 (방배사옥),202011,367
서초구,2508. 양재이스타빌 앞,202011,822
서초구,2509. KT반포지사,202011,268
서초구,2510. JW타워,202011,248
서초구,2511. 이수역 6번출구 앞,202011,758
서초구,2514.사평역 2번출구,202011,115
서초구,2515.서초초등학교 후문,202011,591
서초구,2516.본마을 노인복지센터 앞,202011,226
서초구,2517.서초3교(효령로69길 방면),202011,156
서초구,2518.서초3교(효령로70길 방면),202011,327
서초구,2519.서초2교(사임당로 방면),202011,218
서초구,2520.서초1교 (진흥아파트 방면),202011,369
서초구,2521.서초 크로바타워 앞,202011,416
서초구,2523.뉴코아 킴스클럽 앞,202011,687
서초구,2524.반포쇼핑타운 8동 앞,202011,539
서초구,2525.반포쇼핑타운 2동 앞,202011,1182
서초구,2526.반포경남쇼핑 앞,202011,215
서초구,2527.반포중학교 앞(세화여고 맞은편),202011,232
서초구,2528.함지박 사거리,202011,550
서초구,2529.우리은행 방배동지점 앞,202011,676
서초구,2530.삼호3차아파트 앞,202011,720
서초구,2531.멤피스아파트 앞,202011,747
서초구,2532.국립국악원 앞,202011,122
서초구,2533.한가람미술관 앞,202011,186
서초구,2534.신흥교(애견훈련소),202011,27
서초구,2535.신반포역 3번출구 뒤,202011,211
서초구,2536.서초종합체육관 입구,202011,31
서초구,2537.양재역 8번출구 앞,202011,587
서초구,2538.사평리 공원,202011,598
서초구,2539.대한무역투자진흥공사 KOTRA 앞,202011,1
서초구,2540.반포천 앞,202011,813
서초구,2541.옛골 입구,202011,73
서초구,2542.신논현타워 앞,202011,581
서초구,2543.경문고교 사거리,202011,22
서초구,2545.국립중앙도서관(국제회의장옆),202011,191
서초구,2547.포드서초서비스센터앞,202011,6
서초구,2548.반포1동 자율방범초소 옆,202011,160
서초구,2549.LH 서초 4단지 403동,202011,432
서초구,2550.양재동 꽃시장 건너편,202011,651
성동구,3511. 응봉역 1번출구,202011,2588
성동구,3513. 상왕십리역 1번출구,202011,1266
성동구,3514. 왕십리교회옆,202011,2043
성동구,3515. 서울숲 관리사무소,202011,1693
성동구,3525. 금호스포츠센터앞,202011,583
성동구,3527. 왕십리 자이아파트,202011,28
성동구,3530. 왕십리자이아파트 후문(삼거리),202011,319
성동구,3531. 논골사거리(금호도서관 입구),202011,78
성동구,3532. 왕십리KCC스위첸아파트,202011,128
성동구,3538. 서울숲 IT캐슬,202011,631
성동구,3544.한양대역 3번 출구,202011,1010
성동구,3545.한양대역 1번출구,202011,581
성동구,3547.상왕십리역 6번 출입구,202011,370
성동구,3548.뚝섬역 6번출구,202011,1137
성동구,3549.건영아파트 앞,202011,1113
성동구,3550.금호나들목,202011,603
성동구,3551.성동도로사업소,202011,256
성동구,3552.서울숲 공영주차장앞,202011,642
성동구,3553.마장역3번출구,202011,350
성동구,3555.양지사거리(센트라스APT 115동앞),202011,172
성동구,3556.신금호파크자이APT앞,202011,99
성동구,3557.서울숲리버뷰자이APT105동 앞,202011,432
성동구,3558.마장동 금호어울림APT앞,202011,481
성동구,3559.성동구민종합체육센터 앞,202011,1277
성동구,3560.성동구 견인차량 보관소 앞,202011,1007
성동구,3561.행당동 삼부APT후문,202011,178
성동구,3600.사근빗물펌프장 건너편,202011,1831
성동구,506. 금호 어울림 아파트 앞,202011,426
성동구,507. 성수아이에스비즈타워 앞,202011,1081
성동구,508. 성수아카데미타워 앞,202011,1466
성동구,509. 이마트 버스정류소 옆,202011,2928
성동구,510. 서울숲 남문 버스정류소 옆,202011,587
성동구,511. 서울숲역 4번 출구 옆,202011,773
성동구,512. 뚝섬역 1번 출구 옆,202011,1972
성동구,513. 뚝섬역 5번 출구 정류소 옆,202011,2126
성동구,514. 성수사거리 버스정류장 앞,202011,1614
성동구,518. 청계천 박물관 앞,202011,699
성동구,519. 양지사거리,202011,630
성동구,520. 상왕십리역 4번 출구 앞,202011,573
성동구,521. 왕십리역 11번 출구 앞,202011,1495
성동구,522. 금호역 1번출구 앞,202011,252
성동구,523. 옥수동성당 옆,202011,104
성동구,524. 래미안금호하이리버 아파트 102동 옆,202011,375
성동구,525. 한양대병원사거리,202011,1608
성동구,526. 용답토속공원 앞,202011,618
성동구,529. 장한평역 8번 출구 앞,202011,1202
성동구,530. 청계벽산아파트 앞,202011,1603
성동구,533. 우리은행 금호동 지점 앞,202011,348
성동구,534. 금호사거리,202011,217
성동구,535. 응봉삼거리,202011,483
성동구,536. 행당역 2번출구 앞,202011,884
성동구,537. 한양대후문역 부근,202011,1201
성동구,538. 답십리역 8번출구 앞,202011,762
성동구,550. 서울시설공단 앞,202011,995
성동구,556. 달맞이공원,202011,69
성동구,557. 도선동 주민센터 앞,202011,929
성동구,558. 성동광진 교육지원청 앞,202011,1210
성동구,559. 왕십리역 4번 출구 건너편,202011,1661
성동구,560. 비전교회 앞,202011,1173
성동구,561. 서울숲역 2번출구 앞,202011,1377
성동구,562. 군자지하보도 앞,202011,836
성동구,563. 성동세무서 건너편,202011,1654
성동구,564. 금호역 3번출구,202011,95
성동구,565. 옥수역 3번출구,202011,3291
성동구,567. 성수역 2번출구 앞,202011,2656
성동구,568. 청계8가사거리 부근,202011,2597
성동구,569. 응봉현대아파트 정류소,202011,232
성동구,578. 성동세무서 부근,202011,1249
성동구,579. 마장역 4번출구,202011,723
성동구,581. 용답초등학교,202011,855
성동구,582. 경일중학교 앞,202011,1412
성동구,583. 청계천 생태교실 앞,202011,3216
성동구,585. 성수2가1동 공영주차장 인근,202011,2307
성동구,586. 마장동 주민센터,202011,541
성동구,587. 유니베라 앞,202011,1300
성동구,589. 성수역3번출구,202011,3076
성동구,594. 중랑물재생센터(서울새활용플라자),202011,438
성동구,9980. 에이텍,202011,5
성북구,1302. 한성대입구역6번출구 뒤,202011,649
성북구,1303. 돈암초교 입구,202011,856
성북구,1304. 만해공원,202011,365
성북구,1305. 성북구청,202011,817
성북구,1306. 한성대입구역2번출구,202011,1374
성북구,1308. 안암로터리 버스정류장 앞,202011,4251
성북구,1314. 정릉꿈에그린1단지 201동 앞,202011,416
성북구,1315. 고려사대부속중고 정문,202011,362
성북구,1316. 고려사대부속중고 건너편,202011,425
성북구,1318. 길음역 3번출구 뒤,202011,1169
성북구,1320. LG베스트샵 종암점,202011,2260
성북구,1321. 국민은행 종암동지점 앞,202011,2255
성북구,1322. 래미안라센트아파트 103동 앞,202011,929
성북구,1323. 월곡역 입구 육교 밑,202011,348
성북구,1325. 상월곡역 4번출구,202011,538
성북구,1326. 상월곡역 1번출구,202011,829
성북구,1327. 상월곡역 3번출구,202011,1081
성북구,1328. 월곡역 3번출구,202011,2080
성북구,1332. 석계역 5번출구 건너편,202011,1136
성북구,1333. 석관초등학교 앞,202011,1128
성북구,1334. 석관동주민센터 앞,202011,941
성북구,1336. 성북3교 위,202011,1287
성북구,1337. 돈암성당 옆,202011,1832
성북구,1338. 용문2교 옆,202011,946
성북구,1339. 삼성전자서비스 성북센터,202011,674
성북구,1340. 광운초등학교 앞,202011,508
성북구,1342. 성북쉼터 앞,202011,224
성북구,1343. 한성대7번출구 앞,202011,629
성북구,1344. 아리랑시네센터 앞,202011,700
성북구,1346. 길음8골어린이공원 옆,202011,926
성북구,1347. 길음래미안아파트817동 상가 앞,202011,453
성북구,1348. 성북제일새마을금고 본점 앞,202011,522
성북구,1349. 월계2교 버스정류장 앞,202011,1061
성북구,1351. 안암2교 옆,202011,1721
성북구,1352. e 편한세상 보문아파트 내,202011,323
성북구,1353. 금호어울림센터힐 내,202011,306
성북구,1354. 고려대학교 2번출구,202011,1819
성북구,1355. 보문2교,202011,1788
성북구,1357. 북한산보국문역,202011,473
성북구,1358. 정릉도서관 앞,202011,615
성북구,1359. 장위뉴타운 꿈에 숲 코오롱 하늘채 앞,202011,630
성북구,1360. 정릉역,202011,641
성북구,1361. 홍익중고 입구,202011,947
성북구,1362. 보문역6번출구 앞,202011,1357
성북구,1363. 보문4교 인근,202011,1788
성북구,1364. 성북동 치안센터 앞,202011,725
성북구,1365. 선잠단지 앞,202011,274
성북구,1366. 일신초등학교 옆,202011,361
성북구,1367. 길음문화복합미디어센터,202011,411
성북구,1368. 성신여대입구 교차로,202011,983
성북구,1369. 미아사거리,202011,1481
성북구,1370. 복자사랑 피정의 집,202011,369
성북구,1372. KEB은행 고대점,202011,1637
성북구,1373. 성북구보건소 건너편,202011,722
성북구,1375. 생명의 전화 종합복지관 앞 교차로,202011,1308
성북구,1376. 한국과학기술연구원 중문,202011,173
성북구,1377. 한국과학기술연구원 북문,202011,239
성북구,1379.길음뉴타운푸르지오아파트 3단지,202011,193
성북구,1380.월곡역 5번출구 앞,202011,1176
성북구,1381.석계역 4번출구 뒤,202011,905
성북구,1382.래미안월곡아파트 입구,202011,772
성북구,1384.성신여대입구역 5번출구,202011,1454
성북구,1385.성신여대입구역 3번출구 앞,202011,897
성북구,1386.동선고가차도 초입,202011,440
성북구,1388.커핀그루나루,202011,571
성북구,1390.석관래미안아트리치,202011,1123
성북구,1391.성북청소년센터,202011,326
성북구,1392.돈암삼성풍림아파트,202011,100
성북구,1393.돈암육교 하단,202011,69
성북구,1394.길음뉴타운 래미안9단지,202011,668
성북구,1395.래미안장위포레카운티(102동),202011,465
성북구,1396.래미안장위퍼스트하이(513동),202011,592
성북구,1397.래미안월곡아파트 (창문여고 건너편),202011,610
송파구,1201. 가락시장역 3번 출구,202011,1693
송파구,1203. 밀리아나2빌딩 앞,202011,1393
송파구,1204. 거여역 3번출구,202011,974
송파구,1205. 종합운동장역 4번출구,202011,648
송파구,1206. 9호선종합운동장역 9번출구,202011,706
송파구,1207. 마천CU우방점 앞,202011,686
송파구,1208. 풍납현대아파트쉼터,202011,1023
송파구,1209. 잠실나루역 (2번 출구 쪽),202011,3501
송파구,1210. 롯데월드타워(잠실역2번출구 쪽),202011,5154
송파구,1211. 방이삼거리,202011,2608
송파구,1212. 송파역 2번 출구앞,202011,1298
송파구,1213. 백토공원 앞,202011,473
송파구,1214. 오금역 7번 출구 인근,202011,937
송파구,1215. 올림픽공원역 1번출구 앞,202011,1035
송파구,1217. 송파파인타운 7단지,202011,611
송파구,1218. 방이역 4번출구,202011,1755
송파구,1220. 잠실본동주민센터뒤 잠실근린공원,202011,1501
송파구,1221. 삼전사거리 포스코더샵,202011,1426
송파구,1222. 잠실새내역 5번 출구 뒤,202011,2272
송파구,1224. 아시아지하보도 2번 출구,202011,934
송파구,1226. 잠실4동 주민센터 옆,202011,1268
송파구,1227. 거여역 8번출구 뒤,202011,1074
송파구,1228. 마천사거리,202011,839
송파구,1229. 송파체육문화회관 앞,202011,905
송파구,1230. 송파중학교 정문,202011,593
송파구,1231. 잠실역 6번출구,202011,1579
송파구,1232. 롯데마트 주차장 옆,202011,1277
송파구,1233. 잠실3거리(갤러리아팰리스),202011,559
송파구,1235. 잠실트리지움310동 옆,202011,1140
송파구,1239. 문정 법조단지3,202011,305
송파구,1240. 문정 법조단지4,202011,328
송파구,1241. 문정 법조단지5,202011,267
송파구,1242. 문정 법조단지6,202011,118
송파구,1243. 문정 법조단지7,202011,1608
송파구,1244. 문정 법조단지8,202011,1586
송파구,1245. 문정 법조단지9,202011,1242
송파구,1246. 문정 법조단지10,202011,1193
송파구,1247. 문정 법조단지11,202011,747
송파구,1248. 방이초등학교,202011,1534
송파구,1249. 아주중학교건너편,202011,829
송파구,1250.문정2동 주민센터,202011,454
송파구,1251. 석촌역 2번출구,202011,1648
송파구,1253. 오금역 3번 출구 뒤,202011,531
송파구,1256. 문정현대아파트 교차로,202011,761
송파구,1257. 가락시장역 롯데마트앞,202011,1296
송파구,1258. 가락미륭아파트 앞,202011,555
송파구,1259. 방이역 1번출구,202011,1321
송파구,1260. 방이동 한양3차아파트 옆,202011,997
송파구,1262. 송파여성문화회관 앞,202011,1280
송파구,1263. 장지공영차고지,202011,213
송파구,1264. 천호역 10번 출구 앞,202011,1801
송파구,1265. 문정동 근린공원,202011,1061
송파구,1266. 문정동 글샘 공원,202011,398
송파구,1267. 올림픽공원 남2문 앞,202011,759
송파구,1268. 몽촌토성역 1번출구 옆,202011,2509
송파구,1269. 리센츠아파트,202011,1151
송파구,1271. 송파도서관,202011,930
송파구,1274. 영파여고 앞,202011,872
송파구,1275. 거여초등학교 옆,202011,367
송파구,1277. 오금동 송파 참병원,202011,916
송파구,1278. 송파구청 교차로,202011,1937
송파구,1279. 마천금호어울림 1차아파트 건너편,202011,508
송파구,1280. 송파파크데일 2단지입구 앞 주차장,202011,437
송파구,1282. 송파소방서 맞은편(성내4교),202011,1251
송파구,1283. 오금공원 사거리,202011,163
송파구,1285. 위례별 유치원 뒤,202011,370
송파구,1286. 위례중앙푸르지오 1단지 앞,202011,954
송파구,1287. 위례아이파크 101동 맞은편,202011,340
송파구,1288. 문정중교 사거리,202011,986
송파구,1289. 풍납동 자전거보관소,202011,416
송파구,1290. 위례송파꿈에그린아파트24단지 앞 성벽 다리 밑,202011,472
송파구,1291. 서울체육고등학교 앞,202011,300
송파구,1293. 석촌호교차로 (스타벅스 앞),202011,1707
송파구,1295. 잠실역 8번출구,202011,2979
송파구,1296. 석촌호수교차로 (송파나루근린공원 앞),202011,482
송파구,1297. 석촌호수교차로(동호 팔각정 앞),202011,1167
송파구,1299. 송파소방서 (방이119안전센터),202011,414
송파구,1300. 오륜사거리,202011,557
송파구,2601. 석촌호수 서호사거리,202011,1627
송파구,2603. 송파 글마루 도서관,202011,540
송파구,2604. 삼표레미콘 앞,202011,671
송파구,2605. 복정역 1번 출구 앞,202011,330
송파구,2606. 위례동주민센터 맞은편 근린공원,202011,767
송파구,2607. 복정역 2번출구 후문 (장지치안센터),202011,513
송파구,2608. 송파구청,202011,1323
송파구,2609. 보성중고등학교 후문 앞,202011,98
송파구,2610. 여흥레이크빌 앞 (석촌호수 까페거리),202011,1547
송파구,2611. 송파지역자활센터 뒤,202011,1446
송파구,2612. 문정·가락 대여소 앞,202011,57
송파구,2613. 잠실나들목,202011,1288
송파구,2614. 가락고등학교 앞,202011,654
송파구,2615. 테라타워2,202011,1608
송파구,2616. 거여동 사거리,202011,272
송파구,2617. 가락삼환아파트 앞,202011,791
송파구,2618. 삼전역 1번출구,202011,1014
송파구,2619. 석촌고분역 4번출구,202011,1615
송파구,2620. 송파나루역 4번 출구옆,202011,2643
송파구,2621. 한성백제역 2번 출구,202011,2657
송파구,2622. 올림픽공원역 3번출구,202011,2937
송파구,2623.석촌동 주민센터,202011,1534
송파구,2625.가락1동 주민센터,202011,572
송파구,"2626.경찰병원역 1,2번 출구 사이",202011,460
송파구,2627.문정시영아파트 5동 앞 공원,202011,414
송파구,2628.문정역 1번출구,202011,1062
송파구,2629.문정동 힐스데이트 에코 송파,202011,1560
송파구,2630.서울방이동 고분군,202011,1002
송파구,2631.배명고등학교,202011,622
송파구,2632.석촌고분역 2번 출구,202011,1289
송파구,2633.송파학사 옆,202011,508
송파구,2634.위례포레샤인아파트 2318동,202011,372
송파구,2635.잠실새내역 1번출구,202011,843
송파구,2637.잠실월드 메르디앙,202011,1275
송파구,2638.쌍용아파트,202011,1001
송파구,2639.석촌역 8번출구,202011,1670
송파구,2641.송파역 4번출구,202011,1730
송파구,2642.마천동 성내천 쉼터,202011,634
송파구,2643.풍납중학교 측면,202011,339
송파구,2644.성내5교 (GS주유소),202011,625
송파구,2645.잠실나들목2(엘스아파트136동),202011,1212
송파구,2646.레이클펠리스101동앞,202011,1217
송파구,2647.잠실 자전거 수리센터 앞,202011,920
송파구,2648.헬리오시티 112동 앞,202011,871
송파구,2649.오금공원사거리2,202011,276
송파구,2650.위례22단지 2208동 다리앞,202011,176
송파구,2651.경찰병원역 3번출구 앞,202011,694
송파구,2652.송파 레미니스1단지 102동 앞,202011,522
송파구,2653.올림픽공원사거리(선수촌아파트),202011,1192
송파구,2654.올림픽선수촌아파트 136동 앞,202011,333
송파구,2655.송이공원,202011,720
송파구,2656.풍납동 아이파크 107동 앞,202011,1079
송파구,2657.송파 파인타운 11단지,202011,376
송파구,2658.가락몰 업무동,202011,745
송파구,2659.서울친환경유통센터,202011,94
양천구,700. KB국민은행 염창역 지점 앞,202011,1269
양천구,701. 목동사거리 부근,202011,988
양천구,702. 목4동주민센터 옆,202011,1279
양천구,703. 오목교역 7번출구 앞,202011,3629
양천구,704. 남부법원검찰청 교차로,202011,2519
양천구,706. 신정네거리역,202011,1104
양천구,707. 신정3동주민센터,202011,524
양천구,708. 서울출입국관리사무소 앞,202011,2153
양천구,709. 신정3동 현장민원실 앞,202011,752
양천구,710. 금옥여고보도육교,202011,318
양천구,711. 신일해피트리아파트 앞,202011,869
양천구,712. 강월초교입구 사거리,202011,789
양천구,713. 양서중학교 옆,202011,672
양천구,714. 한국SGI 양천문화회관 앞,202011,748
양천구,716.신정6동 주민센터 인근,202011,988
양천구,719. 홍익병원앞 교차로,202011,1338
양천구,720. 서울강월초등학교 앞,202011,596
양천구,722. LG전자베스트샵 신정점,202011,1896
양천구,723. SBS방송국,202011,1858
양천구,724. 계남공원 입구 주출입구 좌측,202011,238
양천구,725. 양강중학교앞 교차로,202011,679
양천구,726. 목동3단지 시내버스정류장,202011,1934
양천구,729. 서부식자재마트 건너편,202011,1878
양천구,731. 서울시 도로환경관리센터,202011,1305
양천구,732. 신월동 이마트,202011,776
양천구,733. 신정이펜하우스314동,202011,573
양천구,734. 신트리공원 입구,202011,1535
양천구,735. 영도초등학교,202011,1808
양천구,736. 오솔길공원,202011,893
양천구,737. 장수공원,202011,1137
양천구,739. 신월사거리,202011,1036
양천구,740. 으뜸공원,202011,1082
양천구,741. 화곡로 입구 교차로,202011,319
양천구,742. 등촌역 5번 출구 뒤,202011,776
양천구,743. 현대6차아파트 101동 옆,202011,533
양천구,744. 신목동역 2번 출구,202011,1838
양천구,745. 강서초등학교,202011,860
양천구,746. 목동2단지 상가,202011,2098
양천구,747. 목동3단지 상가,202011,1158
양천구,748. 목동운동장,202011,524
양천구,749. 이대 목동병원 앞,202011,1235
양천구,750. 연의근린공원 건너편,202011,719
양천구,752. 성원2차 아파트,202011,740
양천구,754. 목동1단지아파트 118동 앞 (월촌초등학교 정류소 옆),202011,1165
양천구,755. 목동1단지아파트 상가 앞 (월촌중학교 버스정류소 옆),202011,1790
양천구,756. 목동주차장,202011,1100
양천구,757. 신정이펜하우스 1단지아파트 입구 사거리,202011,543
양천구,758. 한사랑교회 앞,202011,1536
양천구,759. 보아스아파트 앞,202011,775
양천구,760. 잣절보도육교 아래,202011,448
양천구,762. 오목로 무중력지대 앞,202011,691
양천구,763. 목동11단지 아파트,202011,958
양천구,764. 목동청소년수련관,202011,1996
양천구,765. 오목교역 3번출구,202011,3476
양천구,766. 신목동역 3번출구,202011,1321
양천구,767.신정숲속마을아파트,202011,277
양천구,768.목동5단지아파트 501동,202011,980
양천구,769.CBS방송국 앞,202011,2140
양천구,770.목동역5번출구 교통정보센터 앞,202011,3962
양천구,771.목동아파트 703동 앞,202011,1506
양천구,"773.염창역 3, 4번 출구 사이",202011,1010
양천구,774.등촌역 4번 출구,202011,664
양천구,775.세종그랑시아 앞(102동),202011,764
양천구,776.목마공원,202011,367
양천구,777.신월6차보람아파트 앞,202011,986
양천구,779.양천나눔누리센터,202011,1309
양천구,780.신정교 하부,202011,1552
양천구,781.신정보도육교 아래,202011,1670
양천구,782.서남병원 후문,202011,503
양천구,"785.양천구청, 보건소 사잇길",202011,2192
양천구,786.목동아파트 8단지 상가동 앞,202011,1323
양천구,787.양천아파트 입구,202011,1733
양천구,788.양천구청역 2번출구 옆,202011,1694
양천구,790.화곡고가 사거리,202011,617
양천구,791.현대하이페리온,202011,1814
양천구,792.목동트라팰리스 웨스턴에비뉴,202011,2843
양천구,793.목동5단지아파트 534동,202011,1035
양천구,794.양천문화회관,202011,1457
양천구,795.양천 해누리타운,202011,1659
양천구,796.목동아파트 14단지 B상가 앞,202011,1167
양천구,797.목동아파트 1422동 1434동 사잇길,202011,1702
영등포구,200. 국회의원회관,202011,471
영등포구,201. 진미파라곤 앞,202011,1153
영등포구,202. 국민일보 앞,202011,2821
영등포구,203. 국회의사당역 3번출구 옆,202011,1805
영등포구,204. 국회의사당역 5번출구 옆,202011,1067
영등포구,205. 산업은행 앞,202011,1160
영등포구,206. KBS 앞,202011,1738
영등포구,207. 여의나루역 1번출구 앞,202011,5244
영등포구,209. 유진투자증권빌딩 앞,202011,1178
영등포구,210. IFC몰,202011,3685
영등포구,211. 여의도역 4번출구 옆,202011,2625
영등포구,212. 여의도역 1번출구 옆,202011,1767
영등포구,213. KT앞,202011,1469
영등포구,214. 금융감독원 앞,202011,1067
영등포구,215. 여의도고교 앞,202011,461
영등포구,216. 삼부아파트1동 앞,202011,972
영등포구,217. NH농협은행 앞,202011,1649
영등포구,218. 증권거래소 앞,202011,714
영등포구,219. 롯데캐슬엠파이어 옆,202011,1096
영등포구,220. 미성아파트 A동 앞,202011,1450
영등포구,221. 여의도초교 앞,202011,1380
영등포구,222. 시범아파트버스정류장 옆,202011,3115
영등포구,223. 진주아파트상가 앞,202011,988
영등포구,224. 롯데캐슬 앞,202011,1680
영등포구,225. 앙카라공원 앞,202011,1496
영등포구,226. 샛강역 1번출구 앞,202011,1534
영등포구,227. 양평2나들목 보행통로 입구,202011,1297
영등포구,228. 선유도역 3번출구 앞,202011,2712
영등포구,229. 양평1 보행육교 앞,202011,1791
영등포구,230. 영등포구청역 1번출구,202011,4404
영등포구,231. 남부고용노동지청 남측,202011,890
영등포구,232. 양평우림 이비즈센타 앞,202011,3006
영등포구,233. YP 센터 앞,202011,443
영등포구,234. 영등포구민체육센터 앞,202011,766
영등포구,235. 신길동 우리은행 옆,202011,870
영등포구,236. 문래동자이아파트 앞,202011,1663
영등포구,238. 제2구민체육센타 앞,202011,954
영등포구,239. 유스호스텔 앞,202011,1186
영등포구,240. 문래역 4번출구 앞,202011,2169
영등포구,241. 신길우성1차아파트 앞 공원,202011,1099
영등포구,242. 신길선원가와인아파트 앞,202011,781
영등포구,243. 이앤씨드림타워 앞,202011,1819
영등포구,244. 영등포삼환아파트 앞,202011,1426
영등포구,245. 삼성생명 당산사옥 앞,202011,2062
영등포구,247. 당산역 10번출구 앞,202011,4197
영등포구,248. 초원아파트 앞,202011,851
영등포구,249. 여의도중학교 옆,202011,989
영등포구,250. 대림아파트 사거리,202011,606
영등포구,251. 서울지방병무청 버스정류장,202011,874
영등포구,252. 보라매역4번출구,202011,1353
영등포구,253. 신풍역 5번출구 인근,202011,973
영등포구,254. 도림신협 앞,202011,1145
영등포구,255. 도림사거리,202011,1149
영등포구,256. 동아에코빌입구,202011,788
영등포구,257. 신길삼거리(우리은행),202011,2524
영등포구,258. 신길역3번출구,202011,1236
영등포구,259. 대방역6번출구,202011,2514
영등포구,260. 여의도 마리나선착장 앞,202011,501
영등포구,262. 영문초등학교 사거리,202011,2838
영등포구,263. 근로자회관 사거리,202011,3239
영등포구,264. 교보생명보험 앞,202011,1008
영등포구,265. 영등포유통상가 사거리,202011,1132
영등포구,266. 영등포청과시장 사거리,202011,674
영등포구,267. 삼성화재 사옥 옆,202011,1220
영등포구,268. 그랜드컨벤션센터 앞,202011,1535
영등포구,270. 증권거래소후문교차로,202011,540
영등포구,271. 샛강생태공원방문자센터 앞,202011,330
영등포구,272. 당산육갑문,202011,2771
영등포구,274. 영등포역지하쇼핑센타 5번출구,202011,3394
영등포구,275. 신동아아파트,202011,1996
영등포구,276. SK 영등포주유소,202011,1795
영등포구,277. 영등포뉴타운지하상가 2번게이트,202011,1506
영등포구,278. 쌍용플레티넘오피스텔,202011,1422
영등포구,279. 영등포 푸르지오 아파트,202011,1231
영등포구,280. 양평동6차현대아파트 앞,202011,1959
영등포구,281. 신동아아파트 앞,202011,707
영등포구,282. 신한은행,202011,458
영등포구,283. 아크로타워 스퀘어(영등포시장),202011,2490
영등포구,284. 센트럴 푸르지오 시티 앞,202011,3350
영등포구,285. 대림3동사거리(하나은행),202011,577
영등포구,286. 우성아파트 교차로,202011,1205
영등포구,287. 영등포전화국사거리 (서강어린이공원),202011,1423
영등포구,288. 쌍용예가(구청별관),202011,870
영등포구,289. 대림3동사거리,202011,875
영등포구,290. 당산동 SK V1 빌딩,202011,1314
영등포구,291. 문래동 하이테크 시티,202011,1883
영등포구,292. 영일 어린이공원,202011,910
영등포구,293. 충북 미래관,202011,1719
영등포구,295.영등포공원 분수대 앞,202011,364
영등포구,296.KT플라자 영등포점,202011,1047
영등포구,297.국회3문,202011,210
영등포구,298.KBS 연구동 건너편,202011,188
영등포구,299.여의도 순복음교회,202011,328
영등포구,3201.당산skv1센터,202011,703
영등포구,3202.당산롯데캐슬프레스티지,202011,1447
영등포구,3203.도림동배드민턴체육관,202011,293
영등포구,3204.도림고가도로 밑,202011,635
영등포구,3205.문래중학교,202011,1417
영등포구,3206.문래동 주민센터,202011,800
영등포구,3207.양남사거리 교통섬,202011,639
영등포구,3211.신길 래미안 프레비뉴,202011,600
영등포구,3212.신풍역 6번출구,202011,822
영등포구,3214.영등포 푸르지오,202011,883
영등포구,3215.강변삼성래미안,202011,680
영등포구,3219.영등포역 2번출구,202011,1635
영등포구,3220.래미안에스티움 앞 (신풍로),202011,985
영등포구,3221.서울특별시 남부교육지원청,202011,268
용산구,800. 목월공원 앞,202011,1341
용산구,802. 한강진역 2번 출구 앞,202011,492
용산구,803. 한남초교 앞 보도육교,202011,189
용산구,805. 문배어린이공원 앞,202011,619
용산구,806. 전자랜드 본관 앞,202011,887
용산구,807. 서울역 12번 출구 앞,202011,712
용산구,808. 서빙고동 금호맨션 앞,202011,279
용산구,809. 한남 유수지 복개주차장,202011,706
용산구,810. 이태원지하보도,202011,459
용산구,811. 녹사평역1번출구,202011,580
용산구,812. 용산전쟁기념관,202011,170
용산구,813. 삼각지역 3번출구,202011,735
용산구,815. LIG강촌아파트 103동앞,202011,1282
용산구,816. 신용산역 6번출구 앞,202011,1177
용산구,817. 삼각지역 4번출구 앞,202011,421
용산구,818. 숙명여대 입구 교차로,202011,1233
용산구,819. 선린인터넷 고등학교,202011,858
용산구,820. 청파동입구 교차로,202011,835
용산구,822. 이촌1동 마을공원,202011,265
용산구,823. 효창동주민센터 앞,202011,280
용산구,825. 서빙고동 주민센터 앞,202011,1763
용산구,827. 국군복지단,202011,99
용산구,828. 숙대입구역 8번,202011,762
용산구,829. 베르가모앞,202011,1851
용산구,830. 청암자이아파트앞,202011,324
용산구,831. 이태원관광특구입구,202011,248
용산구,832. 이촌1동 주민센터 뒤,202011,1071
용산구,834. 효창공원앞역 3번출구 뒤,202011,1336
용산구,835. 남영역 건너편,202011,924
용산구,836. 현대자동차서비스 앞,202011,843
용산구,837. 한남나들목 입구,202011,1355
용산구,838. 숙대입구역 4번출구,202011,979
용산구,839. 보광동 삼성리버빌아파트 앞,202011,713
용산구,840. 용산 파크타워 앞,202011,470
용산구,841. 신용산역 1번 출구,202011,1362
용산구,843. 녹사평역 광장,202011,725
용산구,844. 이촌2동 동원베네스트 아파트 앞,202011,652
용산구,845. 용산 선인상가,202011,836
용산구,846. 용산중학교,202011,836
용산구,847. 국방부민원실옆,202011,283
용산구,848. 삼각지12번 출구,202011,230
용산구,849. 삼각지 자이아파트,202011,649
용산구,850. KCC용산월츠타워,202011,505
용산구,851.효창 푸르지오 앞,202011,292
용산구,852.청암자이APT(103동),202011,560
용산구,853.용산역 맞은편,202011,2299
용산구,854.HID 유족동지회 앞,202011,155
용산구,855.이촌역5번출구 앞,202011,136
용산구,857. 현대 안성타워,202011,423
용산구,858.녹사평역3번 출구,202011,175
용산구,859.남산공원 야외식물원 앞,202011,14
용산구,860.LG한강 자이아파트 앞,202011,1008
용산구,863.이촌역2번 출구,202011,391
용산구,864.순천향대학병원(한남오거리),202011,853
용산구,865.하얏트호텔 앞,202011,72
용산구,866.브라운스톤 남산아파트,202011,583
용산구,867.서빙고역 광장(1번출구),202011,213
용산구,868.롯데하이마트 용산점 앞,202011,333
용산구,869.노들섬 동측 앞,202011,351
용산구,870.노들섬 서측 앞,202011,1152
은평구,4652. 신사두산위브2차아파트 앞,202011,625
은평구,900. 은평예술회관,202011,625
은평구,901. 응암1동사무소,202011,676
은평구,902. 진관동 은빛초등학교,202011,211
은평구,903. 은평뉴타운 아이파크,202011,495
은평구,904. 은평뉴타운 푸르지오,202011,643
은평구,905. 구파발역 2번출구,202011,1308
은평구,906. 연신내역 5번출구150M 아래,202011,2607
은평구,907. CJ 드림시티,202011,2694
은평구,908. 구산역 4번출구,202011,1039
은평구,909. 백련산 힐스테이트 3차,202011,370
은평구,911. 은평평화공원(역촌역4번출구),202011,1450
은평구,912. 응암오거리,202011,1881
은평구,913. 이마트 은평점,202011,2566
은평구,914. 새절역 2번출구,202011,2253
은평구,915. 증산역 4번출구,202011,1318
은평구,916. 평생학습관 앞,202011,850
은평구,917. 녹번역 4번출구,202011,1240
은평구,919. 서울혁신파크,202011,776
은평구,921. 신도고등학교,202011,236
은평구,922. 연신내역 4번출구,202011,456
은평구,923. 국민은행 연서지점,202011,589
은평구,924. 메뚜기다리,202011,253
은평구,925. 불광역 2번출구,202011,605
은평구,927. 연신내역 3번출구 인근,202011,461
은평구,928. 은평역사한옥박물관,202011,250
은평구,930. 구 서부경찰서 건너편,202011,650
은평구,931. 역촌파출소,202011,2264
은평구,932. 예일여중,202011,804
은평구,933. LG서비스 역촌점,202011,1325
은평구,934. 신사동 성당,202011,243
은평구,937. 상림마을 롯데캐슬2단지 옆,202011,90
은평구,938. 금암 문화공원,202011,125
은평구,939. 은평구청 교차로,202011,544
은평구,941. 은평뉴타운 도서관,202011,343
은평구,942. 상림마을 생태공원,202011,259
은평구,943. 은평구청 보건소,202011,1688
은평구,945. 기자촌 사거리,202011,345
은평구,946. 독바위역,202011,398
은평구,947. 연신내 선일하이츠빌 정류소,202011,755
은평구,948. 디지털미디어 시티역 4번출구(DMC역),202011,728
은평구,949. 연신내역 1번 출구,202011,1000
은평구,950. 구산역 2번 출구,202011,1424
은평구,952. 서울연신중학교,202011,354
은평구,953. 서울연신초등학교,202011,349
은평구,954. 은평뉴타운구파발9단지,202011,378
은평구,956. 응암시장교차로,202011,1980
은평구,958. 신한은행 응암동 지점 앞,202011,1036
은평구,959. 구파발10단지 인근,202011,271
은평구,960. 구파발역 환승센터,202011,641
은평구,961. 불광역 9번 출구,202011,1861
은평구,962. 은평뉴타운 힐데스하임,202011,585
은평구,963. 대호프라자아파트,202011,742
은평구,964. 북한산힐스테이트 7차아파트,202011,437
은평구,965. 서울특별시 은평병원,202011,382
은평구,966. 서울혁신파크1,202011,210
은평구,967. 서울혁신파크2,202011,353
은평구,968. 은평뉴타운 상림마을 13단지,202011,200
은평구,969. 은평 지웰테라스,202011,213
은평구,971. 역촌 센트레빌 아파트,202011,325
은평구,972. 수색역,202011,901
은평구,973.제각말푸르지오 5-1단지 아파트,202011,191
은평구,974.연신초등학교옆 마을마당,202011,129
은평구,975.백련산 힐스테이트상가앞,202011,311
은평구,976.진관고등학교앞,202011,347
은평구,977.신도중학교앞,202011,188
은평구,978.녹번 힐스테이트상가앞,202011,349
은평구,979.원풍빌라앞,202011,575
은평구,982.유니클로 은평점앞,202011,719
은평구,984.상신초등학교앞 버스정류장,202011,887
은평구,985.은평온누리약국앞,202011,640
은평구,989.응암 꼬꼬닭치킨호프 앞,202011,125
은평구,991.흥국사 정류장,202011,65
은평구,992.북한산입구 정류장,202011,143
은평구,993.은평뉴타운 온뜨락아파트앞,202011,475
은평구,994.북한산생태공원입구(교통섬),202011,183
은평구,995.은평다목적체육관,202011,187
은평구,996.응암역 1번출구,202011,2458
종로구,301. 경복궁역 7번출구 앞,202011,1072
종로구,302. 경복궁역 4번출구 뒤,202011,2075
종로구,303. 광화문역 1번출구 앞,202011,1703
종로구,304. 광화문역 2번출구 앞,202011,1155
종로구,305. 종로구청 옆,202011,1340
종로구,306. 광화문역 7번출구 앞,202011,1342
종로구,307. 서울역사박물관 앞,202011,1012
종로구,308. 광화문 S타워 앞,202011,1940
종로구,309. 광화문역 6번출구 옆,202011,852
종로구,314. 국립현대미술관,202011,969
종로구,316. 종각역 1번출구 앞,202011,2179
종로구,326. 안국역 5번출구 앞,202011,1516
종로구,327. 낙원상가 옆,202011,1269
종로구,328. 탑골공원 앞,202011,776
종로구,329. 청계2가 사거리 옆,202011,1164
종로구,334. 종로3가역 2번출구 뒤,202011,1193
종로구,335. 종로3가역 15번출구 앞,202011,987
종로구,337. 창경궁 입구,202011,467
종로구,338. 세운스퀘어 앞,202011,1078
종로구,339. 종로4가 사거리,202011,1330
종로구,340. 혜화동 로터리,202011,1438
종로구,3401.창신두산아파트,202011,116
종로구,3402.이화공영주차장,202011,467
종로구,3403.서울특별시 교육청,202011,281
종로구,3404.서울특별시 중부교육지원청,202011,83
종로구,3405.파크팰리스,202011,773
종로구,3406.세종로공원,202011,856
종로구,3407.안국동사거리(신),202011,1315
종로구,3408.종로타워빌딩,202011,1228
종로구,341. 혜화역 3번출구 뒤,202011,1100
종로구,3410.종로3가역 8번출구,202011,1433
종로구,3411.종묘,202011,814
종로구,3412.세운상가,202011,470
종로구,3413.종로플레이스,202011,1325
종로구,3414.종로5가역 4번출구,202011,702
종로구,3415.동대문역6번출구,202011,271
종로구,3416.동묘앞역 6번출구,202011,874
종로구,3417.창신3동주민센터,202011,884
종로구,3418.창신역2번 출구,202011,183
종로구,3419.국립어린이과학관,202011,440
종로구,342. 대학로 마로니에공원,202011,1965
종로구,3420.성균관대입구사거리(맥도날드),202011,901
종로구,3421.혜화역 1번출구,202011,1538
종로구,3422.성균관대 정문,202011,1485
종로구,3423.현대그룹(본사),202011,830
종로구,3425.광화문 풍림스페이스본 1단지앞,202011,472
종로구,3426.독립문역 2번출구 뒤,202011,259
종로구,3427.인왕산 아이파크 정문,202011,272
종로구,3428.서울미술관,202011,212
종로구,3429.AW컨벤션앞,202011,212
종로구,343. 예일빌딩(율곡로) 앞,202011,471
종로구,3430.구기치안센터 앞,202011,122
종로구,3431.로제우스 레포츠센터,202011,161
종로구,3432.종로2가 사거리,202011,1270
종로구,344. 성균관대 E하우스 앞,202011,905
종로구,345. 서울보증보험본사 앞,202011,1007
종로구,348. 독립문역 사거리,202011,1024
종로구,349. 사직동주민센터,202011,1045
종로구,351. 청운초교 앞 삼거리,202011,872
종로구,352. 중앙고입구 삼거리,202011,336
종로구,353. 재동초교 앞 삼거리,202011,793
종로구,354. 포르투갈 대사관 앞,202011,1062
종로구,355. 서울사대부속초교 앞,202011,884
종로구,356. KT혜화지사 앞,202011,962
종로구,358. 성대입구 사거리,202011,1060
종로구,359. 원남동사거리,202011,995
종로구,361. 동묘앞역 1번출구 뒤,202011,2534
종로구,362. 청계8가 사거리,202011,1663
종로구,363. 신설동역 11번출구 뒤,202011,1426
종로구,364. 창신역 1번출구 앞,202011,556
종로구,367. 독립문역 3-1번출구,202011,1011
종로구,368. SK 서린빌딩 앞,202011,884
종로구,369. 광화문 시민열린마당,202011,1345
종로구,385. 종각역 5번출구,202011,1568
종로구,386. 올림픽기념 국민생활관 앞,202011,79
종로구,388. 동성중학교 앞,202011,489
종로구,393. 동대문역 8번 출구,202011,1891
종로구,394. 경희궁 자이 3단지,202011,690
종로구,395. 경희궁 자이 2단지,202011,885
종로구,397. 종묘공영주차장 건너편,202011,518
종로구,446. 상명대입구,202011,455
종로구,447. 신영동삼거리,202011,110
종로구,449. 일성아파트,202011,250
종로구,450. 효자동 삼거리,202011,860
종로구,451. 청와대앞길,202011,294
종로구,452. 동대문 종합시장 버스정류장,202011,630
종로구,453. 종로오가 지하쇼핑센터 14번출구,202011,493
종로구,454. 종로2가 버스정류장 (종각방향),202011,1028
종로구,455. 삼익한의원,202011,733
종로구,456. 숭인2동 주민센터 입구 (이강3대냉면),202011,1091
종로구,457. 종로꽃시장 입구 옆,202011,767
종로구,458. 광화문역 5번출구,202011,1965
종로구,461. 서울지방경찰청,202011,887
종로구,462. 신영동삼거리(북악터널방향),202011,146
종로구,464. 삼청동 골목,202011,964
종로구,465. 삼청공원 앞,202011,197
종로구,"4702. 평창동 꽃여울(꽃집),스타벅스 앞",202011,139
종로구,4711. 올림픽기념 국민생활관 로터리,202011,882
종로구,486. 평창동주민센터 앞,202011,139
중구,300. 정동사거리,202011,1324
중구,3013.서울지방고용노동청 앞,202011,249
중구,310. 청계광장 옆,202011,1029
중구,311. 서울광장 옆,202011,2424
중구,312. 시청역 1번출구 뒤,202011,0
중구,318. 광교사거리 남측,202011,719
중구,320. 을지로입구역 4번출구 앞,202011,1129
중구,321. KEB 하나금융그룹 명동사옥 옆,202011,1105
중구,322. 명동성당 앞,202011,852
중구,324. 신세계백화점 본점 앞,202011,690
중구,331. 을지로2가 사거리 북측,202011,1192
중구,332. 을지로2가 사거리 남측,202011,876
중구,336. 티마크 호텔 앞,202011,837
중구,346. 맥스타일 앞,202011,1444
중구,347. 동대문역사문화공원역 9번출구 앞,202011,836
중구,370. 시청역(2호선) 9번출구 뒤,202011,2214
중구,371. 동대입구역 6번출구 뒤,202011,415
중구,372. 약수역 3번출구 뒤,202011,615
중구,373. 청구 어린이공원,202011,233
중구,374. 청구역 2번출구 앞,202011,1036
중구,375. 다산 어린이공원,202011,1128
중구,378. 청계7가 사거리,202011,1502
중구,379. 서울역9번출구,202011,1109
중구,380. CJ제일제당 앞,202011,958
중구,381. 장충체육관,202011,170
중구,382. 약수역 10번출구 앞,202011,582
중구,383. 신당역 12번 출구 뒤,202011,1770
중구,384. 종로학원본원,202011,480
중구,387. 훈련원공원주차장 앞,202011,945
중구,389. 을지로4가역 1번출구,202011,629
중구,390. 충무로역 1번출구,202011,1498
중구,391. 정동길입구,202011,648
중구,398. 을지로3가역 3번출구,202011,1163
중구,399. 서울역 센트럴 자이아파트,202011,734
중구,428. 명보사거리,202011,754
중구,429. 송도병원,202011,29
중구,430. KEB하나은행 장충동지점,202011,663
중구,431. 청계천 영도교,202011,2215
중구,433. 을지로입구역 2번출구,202011,1565
중구,434. 신당 래미안 버스정류장,202011,232
중구,435. SK 남산빌딩,202011,389
중구,441.염천교사거리,202011,324
중구,442.서울역 서부,202011,439
중구,443.호암아트홀,202011,527
중구,444.서울역3번 출구,202011,302
중구,445.대한상공회의소,202011,742
중구,466.롯데호텔,202011,554
중구,467.한국은행,202011,322
중구,468.웨스틴 조선호텔,202011,323
중구,469.회현역 1번출구,202011,276
중구,470.회현역 7번출구,202011,480
중구,471.회현사거리 남측,202011,745
중구,472.삼일교(시그니쳐 타워),202011,663
중구,473.을지로4가역 9번출구,202011,1209
중구,474.동대문역사문화공원역 1번출구 뒤편,202011,1456
중구,475.DDP 패션몰,202011,814
중구,476.광희문,202011,465
중구,477.앰배서더 호텔 주변,202011,397
중구,479.동대입구역 3번 출구,202011,333
중구,480.약수역 6번 출구,202011,367
중구,481.신당역 10번 출구,202011,733
중구,482.예수소망교회,202011,173
중구,483.남산타운아파트 버스정류장,202011,355
중구,484.도동삼거리,202011,104
중구,826. 서울역 서부교차로2,202011,1149
중랑구,1401. 극동늘푸른아파트,202011,1440
중랑구,1402. 금란주차장 앞,202011,1177
중랑구,1403. 중화빌딩 앞 (동부시장),202011,1242
중랑구,1404. 동일로 지하차도,202011,1403
중랑구,1405. 망우역 1번출구,202011,891
중랑구,1406. 망우청소년수련관,202011,119
중랑구,1407. 먹골역 1번출구 뒤,202011,934
중랑구,1408. 먹골역 6번출구 앞,202011,871
중랑구,1410. 면목 대원칸타빌아파트,202011,257
중랑구,1411. 상봉시장앞 교차로 한성빌딩 앞,202011,1030
중랑구,1412. 면목초등학교,202011,484
중랑구,1413. 봉화산역 5번출구 뒤,202011,685
중랑구,1414. 사가정역 1번출구,202011,2098
중랑구,1416. 상봉역 3번출구,202011,483
중랑구,1418. 새솔초등학교,202011,474
중랑구,1420. 신내어울공원 앞,202011,599
중랑구,1421. 신내역 4번출구,202011,217
중랑구,1422. 신내우디안아파트 1단지,202011,186
중랑구,1424. 양원역 2번출구,202011,96
중랑구,1425. 용마문화복지센터,202011,569
중랑구,1426. 면목도시개발아파트 1동 앞,202011,347
중랑구,1427. 용마산역 1번출구,202011,256
중랑구,1428. 원묵고등학교,202011,696
중랑구,1429. 장안중학교,202011,752
중랑구,1430. 중랑구청,202011,1086
중랑구,1431. 중랑구청 사거리,202011,1579
중랑구,1433. 중화역 2번출구,202011,1453
중랑구,1434. 홈플러스 면목동점,202011,598
중랑구,1435. 능산삼거리,202011,244
중랑구,1436. 영풍마드레빌,202011,558
중랑구,1437. 늘푸른공원 앞,202011,1038
중랑구,1438. 홈플러스 신내점 앞,202011,1317
중랑구,1440. 하나은행 면목지점,202011,1121
중랑구,1441. 신내능말공원,202011,564
중랑구,1442. (구)신한은행 중랑교지점,202011,1490
중랑구,1443. 구립망우청소년독서실,202011,413
중랑구,1444. 면목4치안센터,202011,1013
중랑구,1445. 용마지구대,202011,177
중랑구,1446. 중랑전화국 교차로,202011,1466
중랑구,1447. 면목역 3번출구,202011,1695
중랑구,1448. 코스트코 상봉점,202011,1736
중랑구,1449. 상봉역 1번출구,202011,1964
중랑구,1450. 화랑대역 7번출구,202011,877
중랑구,1451. 중랑세무서,202011,1592
중랑구,1452. 겸재교 진입부,202011,1476
중랑구,1453. 중랑캠핑숲,202011,176
중랑구,1454. 한국전력공사(동대문 중랑지사),202011,656
중랑구,1455. 상봉역 2번 출구,202011,1698
중랑구,1456. 상아빌딩(우림시장 교차로),202011,839
중랑구,1457. 동원사거리,202011,739
중랑구,1458. 상봉터미널2,202011,1717
중랑구,1459. 용마한신아파트사거리,202011,347
중랑구,1461.동양엔파트 앞,202011,737
중랑구,1462.동부시장 북문 앞,202011,1199
중랑구,1463.중랑구민회관,202011,236
중랑구,1464.중화역 4번출구,202011,742
중랑구,1465.중랑공영차고지 옆,202011,507
중랑구,1466.두산대림아파트 삼거리,202011,301
중랑구,1467.sk신내 주유소앞(용마산로),202011,109
중랑구,1468.먹골역 7번 출구,202011,659
중랑구,1469.먹골역 4번출구,202011,675
중랑구,1470.중화동 우리은행 앞,202011,962
중랑구,1471.동양쇼핑 정류소 앞,202011,1121
중랑구,1472.영성빌딩(PAT),202011,486
중랑구,1473.중랑역 1번 출구(중화문화복지센터),202011,1002
중랑구,1474.서울중랑우체국,202011,707
중랑구,1477.면목삼익아파트 앞,202011,270
중랑구,1478.홈플러스 상봉점 앞,202011,1145
중랑구,1479.면목 홈플러스 2,202011,524
중랑구,1480. 용마지구대 옆,202011,484
강남구,2301. 현대고등학교 건너편,202012,793
강남구,2302. 교보타워 버스정류장(신논현역 3번출구 후면),202012,475
강남구,2303. 논현역 7번출구,202012,453
강남구,2304. 신영 ROYAL PALACE 앞,202012,233
강남구,2305. MCM 본사 직영점 앞,202012,171
강남구,2306. 압구정역 2번 출구 옆,202012,664
강남구,2307. 압구정 한양 3차 아파트,202012,390
강남구,2308. 압구정파출소 앞,202012,340
강남구,2309. 청담역(우리들병원 앞),202012,159
강남구,2310. 청담동 맥도날드 옆(위치),202012,199
강남구,2311. 학동로 래미안 아파트 앞,202012,161
강남구,2312. 청담역 13번 출구 앞,202012,261
강남구,2313. 금원빌딩 앞,202012,488
강남구,2314. 청담나들목입구,202012,312
강남구,2315. 봉은사역 5번출구 옆,202012,396
강남구,2316. 삼성역 8번출구,202012,527
강남구,2317. 삼성도로공원,202012,324
강남구,2318. 삼성중앙역4번출구(문화센터더 리빌),202012,285
강남구,2319. 포스코사거리 서측(수협 삼성동 지점),202012,224
강남구,2320. 도곡역 대치지구대 방향,202012,267
강남구,2321. 학여울역 사거리,202012,362
강남구,2322. 삼성역 3번 출구,202012,386
강남구,2323. 주식회사 오뚜기 정문 앞,202012,218
강남구,2324. 천주교 대치 2동 교회 옆,202012,446
강남구,2325. 대치동 버거킹대치점,202012,527
강남구,2326. 대치동 삼성로,202012,235
강남구,2327. 뱅뱅사거리 랜드마크타워 앞,202012,624
강남구,2328. 르네상스 호텔 사거리 역삼지하보도 7번출구 앞,202012,198
강남구,2329. 르네상스호텔사거리 역삼지하보도 2번출구,202012,170
강남구,2330. 스타벅스 앞,202012,291
강남구,2331. 동영문화센터앞,202012,293
강남구,2332. 선릉역3번출구,202012,555
강남구,2333. 양재역 3번출구 주변,202012,742
강남구,2334. 삼호아파트 2동 ( 간선도로),202012,119
강남구,2335. 3호선 매봉역 3번출구앞,202012,716
강남구,2336. 강남세브란스교차로 래미안그레이튼 104동 앞,202012,162
강남구,2337. 대모산입구역 2번출구 앞,202012,255
강남구,2339. 현대아파트 정문 앞,202012,262
강남구,2340. 삼호물산버스정류장(23370) 옆,202012,784
강남구,2341. 일원역 4~5번 출구 사이,202012,272
강남구,2342. 대청역 1번출구 뒤,202012,763
강남구,2343. 세곡사거리 대왕파출소 앞,202012,54
강남구,2344. 리엔파크 2단지 앞,202012,204
강남구,2347. 두산건설 본사,202012,182
강남구,2348. 포스코사거리(기업은행),202012,857
강남구,2349. 역삼빌딩 앞(하나은행 옆),202012,178
강남구,2350. 래미안그레이튼102동앞,202012,203
강남구,2351. 청소년수련관(수영장)앞,202012,171
강남구,2352. 서울본부세관(건설회관 앞),202012,185
강남구,2353. 강남구청역 2번출구 뒤,202012,528
강남구,2354. 청담역 2번출구,202012,123
강남구,2355. 삼성역 5~6번 출구 사이,202012,755
강남구,2356. 강남구청,202012,256
강남구,2357. 르네상스호텔사거리 역삼지하보도 3번출구 앞 (더 오번 빌딩 명동칼국수 앞),202012,195
강남구,2358. 구룡초사거리 (현대아파트10동 앞 ),202012,247
강남구,"2359. 국립국악중,고교 정문 맞은편",202012,441
강남구,2360. 도곡1동 주민센터 교차로,202012,256
강남구,2361. 압구정역 교차로,202012,374
강남구,2362. 신사동 가로수길 입구,202012,349
강남구,2363. 강남 을지병원 교차로,202012,170
강남구,2364. 도산대로 렉서스 앞,202012,281
강남구,2365. K+ 타워 앞,202012,354
강남구,2368. 도곡동 경남아파트 건너편,202012,111
강남구,2369. KT선릉타워,202012,418
강남구,2370. 한티역 3번출구,202012,161
강남구,2371. 한국우편사업진흥원,202012,172
강남구,2372. 대치역 사거리,202012,438
강남구,2373. 개포동역 사거리,202012,639
강남구,2375. 수서역 1번출구 앞,202012,354
강남구,2376. 수서역 6번출구 앞,202012,119
강남구,2377. 수서역 5번출구 뒤,202012,1003
강남구,2380. 삼성동베이직하우스앞,202012,239
강남구,2381. 언주역 6번출구앞,202012,333
강남구,2382. 역삼동 sk뷰 501동앞,202012,187
강남구,2383. 보금자리정원,202012,108
강남구,2384. 자곡사거리,202012,715
강남구,2385. 학동역,202012,289
강남구,2386. 논현동 279-165,202012,136
강남구,2387. 래미안강남힐즈 사거리,202012,284
강남구,2388. 강남구 도시관리공단,202012,162
강남구,2389. 경기여자고등학교 후문 (삼성로3길 입구),202012,323
강남구,2390. 구룡마을 입구 (래미안블레스티지 아파트),202012,131
강남구,2391. 구룡터널 입구(개포1단지아파트),202012,15
강남구,2392. 구룡산 입구 (구룡산 서울둘레길 입구),202012,59
강남구,2393. 구룡사 앞 교차로 (보도육교),202012,44
강남구,2394. 개포래미안포레스트아파트 107동 앞,202012,137
강남구,2395. 개포1단지아파트 입구 (보도육교),202012,57
강남구,2396. 영동3교 북단(우성캐릭터 앞 보도),202012,294
강남구,2398. 더라움,202012,232
강남구,2401. 밀알학교 입구 (삼성서울병원 입구),202012,160
강남구,2403. 공무원연금매점 교차로 (개포주공9단지 입구),202012,61
강남구,2404. 대모산입구역 4번 출구 앞,202012,504
강남구,2405. 청담공원앞 교차로,202012,383
강남구,2406. 논현동 광명빌딩 앞,202012,119
강남구,2407. 역삼.서초.삼성 세무서 앞 (역삼빌딩 앞),202012,559
강남구,2408. 강남한양수자인아파트,202012,367
강남구,2409. 역삼동 디오슈페리움 (우성아파트 사거리),202012,445
강남구,2410. 포스코피앤에스타워 (역삼역 3번출구 부근),202012,287
강남구,2411. 세곡동 성당,202012,272
강남구,2412. 일원1동 주민센터,202012,758
강남구,2413.도곡역 1번 출구,202012,407
강남구,2414. 도곡역 아카데미스위트 앞,202012,450
강남구,2415.한티역 롯데백화점 앞,202012,379
강남구,2416.한티역 6번 출구,202012,179
강남구,2417.선정릉 디캠프(D.CAMP)앞,202012,118
강남구,2418.봉은사역 7번 출구,202012,337
강남구,"2419.봉은사역 1,2번 출구",202012,198
강남구,2420.학여울역 사거리(LG베스트샵 앞),202012,363
강남구,2421. 신논현역 4번출구,202012,314
강남구,2422.수서동 성당 맞은편,202012,243
강남구,2423.영희초교 사거리(래미안개포루체하임),202012,341
강남구,2425.세곡동 사거리(대왕초등학교 정류장),202012,65
강남구,2426.강남한신휴플러스 6단지,202012,202
강남구,2427.개포고등학교 정문앞,202012,144
강남구,2428.롯데리아 개포점앞,202012,108
강남구,2429.압구정로데오역 6번출구,202012,408
강남구,2430.강남파이낸스센터앞(역삼역2번출구),202012,282
강남구,2431.대치역 7번출구,202012,526
강동구,1001. 광진교 남단 사거리(디지털프라자앞),202012,894
강동구,1002. 해공공원(천호동),202012,842
강동구,1003. 해공도서관앞,202012,428
강동구,1004. 삼성광나루아파트 버스정류장,202012,615
강동구,1006. 롯데캐슬 115동앞,202012,210
강동구,1007.암사동 선사유적지,202012,63
강동구,1008. 암사역 3번출구(국민은행앞),202012,1297
강동구,1009. 천호역4번출구(현대백화점),202012,1746
강동구,1010. 강동세무서,202012,976
강동구,1011. LIGA 아파트 앞,202012,1229
강동구,1012. 서울 상운차량,202012,495
강동구,1013. 강동구청역 1번 출입구,202012,638
강동구,1014. 강동구평생학습관앞,202012,338
강동구,1015. 샛마을 근린공원,202012,370
강동구,1016. 해뜨는 주유소옆 리엔파크 109동앞,202012,197
강동구,1017. 맥도날드(길동),202012,923
강동구,1018. 둔촌 주공 GS 맞은편,202012,213
강동구,1019. 다성이즈빌아파트(호원대 대각선 맞은편),202012,1383
강동구,1020. 강동경찰서,202012,1350
강동구,1021. 강일동 리슈빌 빌딩앞,202012,593
강동구,1022. 길동 사거리(초소앞),202012,728
강동구,1023. 한국종합기술사옥 앞,202012,759
강동구,1024. 강동구청 앞,202012,1090
강동구,1025. 상일초등학교,202012,282
강동구,1026. 대명초교 입구 교차로,202012,289
강동구,1027. 프라자 아파트 앞,202012,500
강동구,1028. 포레스 주상복합 빌딩,202012,756
강동구,1029. 롯데 시네마,202012,783
강동구,1030. 미호 플랜트 앞,202012,345
강동구,1031. 올림픽로 836(아리수로),202012,249
강동구,1032. 선사고등학교,202012,189
강동구,1033. 고덕동 아남아파트,202012,341
강동구,1034. 고덕동 래미안 힐스테이트,202012,211
강동구,1035. 고덕역 4번출구,202012,195
강동구,1036. 고덕동 주양쇼핑,202012,425
강동구,1037. 강일리버파크 6단지,202012,195
강동구,1038. 강일 다솜 어린이 공원,202012,191
강동구,1039. 고덕초등학교,202012,69
강동구,1041. 묘곡초등학교,202012,229
강동구,1042. 강일리버파크 2~5단지,202012,287
강동구,1044. 굽은다리역,202012,1597
강동구,1047. 건강보험 강동지사kt,202012,889
강동구,1048. 동부기업(둔촌동),202012,893
강동구,1049. 강일리버파크 10단지,202012,344
강동구,1050. 둔촌역 3번 출입구,202012,1885
강동구,1051. 양지시장 (용성약국앞) 입구,202012,625
강동구,1052. 리싸이클시티,202012,98
강동구,1053. 동명근린공원 진입로 (아리수로),202012,143
강동구,1054. 말우물 어린이 공원,202012,78
강동구,1056. 강일리버파크 7~11단지,202012,213
강동구,1057. 능골근린공원,202012,260
강동구,1058. 고덕숲 아이파크 1,202012,271
강동구,1059. 래미안 강동팰리스(102동),202012,600
강동구,1060. 천일초교 사거리,202012,338
강동구,1061. 천호초교 입구 사거리(일주빌딩),202012,511
강동구,1062. 고덕숲 아이파크 2,202012,164
강동구,1063.강동롯데캐슬퍼스트 아파트(관리동),202012,221
강동구,1064.중앙보훈병원역 1번출구,202012,216
강동구,1065.보훈병원 정문옆(중앙대영약국),202012,377
강동구,1066.생태공원앞 교차로(조명탑),202012,138
강동구,1067.한영중고앞사거리,202012,133
강동구,1068.명일파출소,202012,288
강동구,1069.강동경희대학교병원 입구,202012,194
강동구,1070.(시립)고덕평생학습관,202012,273
강동구,1071.명일근린공원공동체텃밭,202012,185
강동구,1072.고덕역 5번출구,202012,347
강동구,1073.SSTS 몰 앞,202012,411
강동구,1074.대명초교입구 사거리,202012,524
강동구,1075.천동초교 삼거리,202012,440
강동구,1076.전자랜드 길동점,202012,756
강동구,1077.강동역 1번출구 앞,202012,877
강동구,1078.둔촌사거리,202012,652
강동구,1079.강일동입구교차로,202012,187
강동구,1080.엘웨딩,202012,341
강동구,1081.트레빌빌딩,202012,334
강동구,1082.중앙보훈병원역3번출구,202012,69
강동구,1083.광문고교사거리(아이파크),202012,191
강동구,1084. 윤선생빌딩(JYP사옥),202012,1098
강동구,1085.래미안 솔베뉴(고덕로),202012,349
강동구,1086.래미안 솔베뉴(구천면로),202012,295
강동구,1088.풍납사거리(강동),202012,369
강동구,1089.고덕 래미안힐스테이트(201동),202012,72
강동구,1090.상일동역 2번출구 앞,202012,1001
강동구,3539. 서원마을,202012,124
강동구,3652. 한영외국어고등학교,202012,76
강동구,3655. 둔촌신성미소지움아파트,202012,13
강북구,"1501. 미아역 3번,4번 출구 사이",202012,793
강북구,1503. 이디야 커피 수유역점 앞,202012,1195
강북구,1504. 다이소 삼양시장점,202012,259
강북구,1506. 강북문화예술회관,202012,673
강북구,1509. 서울북부수도사업소,202012,334
강북구,1510. 번동주공5단지 관리사무소 앞,202012,151
강북구,1511. 번동 금호어울림아파트102동앞,202012,94
강북구,1512. 강북중학교 앞,202012,976
강북구,1513. 강북구청 뒷편,202012,110
강북구,1514. 강북구청 사거리 버스정류소 앞,202012,694
강북구,1515. 송천동 주민센터,202012,416
강북구,1516. 우이초등학교 후문 옆,202012,380
강북구,1518. SK telecom(수유직영점) 앞,202012,376
강북구,1519. 세븐일레븐 수유장미원점 앞,202012,475
강북구,1520. 성실교회,202012,509
강북구,1522. 월드전기조명인테리어(우이동),202012,248
강북구,1525. 미아동 복합청사,202012,275
강북구,1526. 수유동 채선당앞,202012,362
강북구,1527. 미아역 1번 출구 뒤,202012,447
강북구,1528. 삼각산동 주민센터,202012,449
강북구,1529. 미아동 한국전력공사,202012,865
강북구,1530. 광산사거리,202012,897
강북구,1531. 미아사거리 1번 출구,202012,1059
강북구,1532. 번3동 주민센터 교차로,202012,495
강북구,"1533. 번동 주공3, 4단지 교차로",202012,699
강북구,1534. 북서울 꿈의 숲 동문,202012,381
강북구,1535. 효성인텔리안 앞,202012,820
강북구,1536. 번동 두산위브 101동 옆,202012,670
강북구,1537. 북한산 우이역,202012,268
강북구,1538. 솔밭공원역,202012,251
강북구,1539. 4.19민주묘지역,202012,436
강북구,1540. 가오리역,202012,601
강북구,1541. 삼양역,202012,171
강북구,1542. 삼양사거리역,202012,223
강북구,1543. 수유1동 주민센터,202012,375
강북구,1545. 솔샘역 2번 출구,202012,150
강북구,1546. 송천동우체국,202012,250
강북구,1547. 꿈의숲 롯데캐슬,202012,226
강북구,1548. 북서울 꿈의숲 서문,202012,396
강북구,1550.삼각산아이원아파트(105동 옆),202012,51
강북구,1551.4.19탑 앞,202012,277
강북구,1552. 강북구청사거리(던킨도너츠 앞),202012,614
강북구,1553.예수그리스도후기성도교회 앞,202012,318
강북구,1554.번동사거리,202012,335
강북구,1557.신창교,202012,563
강북구,1558.강북문화정보도서관,202012,124
강북구,1560. 도봉세무서 앞,202012,530
강북구,1564.4.19민주묘지역 1번출구,202012,309
강북구,1565.대한병원앞,202012,531
강북구,1568.4.19민주묘지 입구사거리,202012,399
강북구,1569.수유역2번출구,202012,1064
강북구,1571.북서울 꿈의 숲 입구,202012,247
강북구,1572.우이산 입구,202012,46
강북구,1573.현대성우아파트 옆,202012,192
강북구,1574.송중초등학교 옆,202012,290
강북구,3703. 신성교회 앞,202012,1
강북구,3707. 드래곤타워 앞,202012,21
강북구,3711. 월계2교 교차로,202012,23
강북구,3714. 송천센트레빌,202012,8
강서구,1101. 개화동상사마을종점 버스정류장,202012,137
강서구,1102. 방화사거리 마을버스 버스정류장,202012,800
강서구,1103. 방화역 4번출구앞,202012,745
강서구,1105. 방화근린공원,202012,117
강서구,1106. 신방화사거리,202012,741
강서구,1108. 공항시장역 2번출구 뒤,202012,496
강서구,1109. 공항시장역 4번출구,202012,347
강서구,1110. 공항중학교앞,202012,480
강서구,1111. 마곡엠밸리6_7단지 마곡중학교,202012,680
강서구,1112. 마곡엠밸리4단지 정문,202012,1646
강서구,1113. 서남환경공원 버스정류장,202012,857
강서구,1115. 등촌역 1번출구옆,202012,612
강서구,1117. 스타벅스앞,202012,1665
강서구,1118. 증미역 3번출구뒤(등촌두산위브센티움오피스텔),202012,1936
강서구,1119. 염창동 한마음아파트앞(염창동 빛나는 음악학원앞),202012,1246
강서구,1120. 대림경동아파트앞,202012,1009
강서구,1121. 가양레포츠센터앞,202012,596
강서구,1122. 황금내근린공원,202012,859
강서구,1124. 발산역 6번 출구 뒤,202012,616
강서구,1125. 명덕고교입구(영종빌딩),202012,1317
강서구,1126. 우장산역 1번출구옆(우장산아이파크105동앞),202012,902
강서구,1127. 화곡역(에이스정형외과앞) 버스정류장,202012,789
강서구,1128. 화곡역 6번출구,202012,791
강서구,1129. 화곡역 1번 출구 앞,202012,884
강서구,1130. 화곡본동시장 버스정류장,202012,391
강서구,1131. 꿈돌이공원 앞,202012,1024
강서구,1132. 등촌역 7번출구,202012,884
강서구,1135. 강서구의회,202012,826
강서구,1136. 등촌2파출소,202012,518
강서구,1137. 등촌2동주민센터,202012,267
강서구,1139. 용문사 버스정류장,202012,749
강서구,1140. 목동사거리 버스정류장,202012,947
강서구,1141. 곰달래 문화복지센터 1-1,202012,768
강서구,1145. 곰달래 문화복지센터 1-2,202012,442
강서구,1146. 곰달래사거리,202012,821
강서구,1148. 볏골공원,202012,478
강서구,1149. 신방화역환승주차장,202012,2042
강서구,1150. 송정역 1번출구,202012,1583
강서구,1151. 마곡역1번출구,202012,379
강서구,1152. 마곡역교차로,202012,2400
강서구,"1153. 발산역 1번, 9번 인근 대여소",202012,3001
강서구,1155. 기쁜우리복지관,202012,790
강서구,1157. 강서구청,202012,1118
강서구,1158. 가양역 8번출구,202012,2300
강서구,1159. 서서울모터리움앞,202012,755
강서구,1160. 양천향교역 7번출구앞,202012,2596
강서구,1161. 강서면허시험장앞,202012,299
강서구,1162. 공항초등학교건너편,202012,805
강서구,1163. 방화동강서기동대앞,202012,648
강서구,1165. 마곡중학교 후문,202012,474
강서구,1166. 강서구립등빛도서관,202012,1459
강서구,1167. 마곡수명산파크3단지 교차로,202012,1304
강서구,1168. 마곡엠밸리10단지 앞,202012,691
강서구,1169. 염창역 1번 출구,202012,704
강서구,1170. 강서구보건소 (삼성디지털 프라자),202012,530
강서구,1171. 염창동 새마을금고 건너편 (모닝글로리),202012,875
강서구,1172. 가양3동 주민센터,202012,760
강서구,1173. 강서구청사거리(SH타워),202012,1479
강서구,1174. 강서구청사거리(부민병원),202012,619
강서구,1175. 대한항공 인력개발센터,202012,751
강서구,1177. 수명중?고교,202012,563
강서구,1178. 개화산역 2번 출구,202012,424
강서구,1180. 마곡엠밸리 15단지(1502동) 건너편,202012,900
강서구,1181. 농수산식품공사 (강서지사),202012,257
강서구,1182. KBS 스포츠월드,202012,1098
강서구,1183. KC 대학교,202012,248
강서구,1184. 마곡13단지,202012,1372
강서구,1185. 등촌9단지,202012,609
강서구,1186. 송정중학교,202012,362
강서구,1187. 강서수산물도매시장,202012,450
강서구,1188. 롯데중앙연구소,202012,84
강서구,1190. 마곡역 교차로(2번출구),202012,838
강서구,1191. 마곡역 교차로(NH농협),202012,1291
강서구,1192. 마곡수명산파크 209동 건너편,202012,738
강서구,1193. 마곡센트럴타워 1차,202012,1081
강서구,1194. 센서텍㈜,202012,493
강서구,1195. 코오롱One&Only타워,202012,814
강서구,1196. 서울식물원(문화센터) 건너편,202012,189
강서구,1197. 엠펠리체 호텔 건너편,202012,842
강서구,1198. LG 사이언스파크,202012,394
강서구,1199. 우장산역 3번출구,202012,979
강서구,1200. 개화광역환승센터,202012,141
강서구,2701. 마곡나루역 5번출구 뒤편,202012,2350
강서구,2702. 마곡 엠밸리2단지,202012,645
강서구,2703.서울도시가스 앞,202012,409
강서구,2704.홈플러스(강서점),202012,1261
강서구,2706.강서공업고등학교 앞,202012,623
강서구,2707.한강아파트,202012,632
강서구,2708.강서한강자이타워 앞,202012,1293
강서구,2709.강변아파트 310동 앞,202012,425
강서구,2710.라이품 공영주차장 앞,202012,587
강서구,2711.가로공원공영주차장 1번 출구,202012,542
강서구,2712.화곡터널입구교차로,202012,243
강서구,2713.우장초등학교 앞,202012,444
강서구,2714.발산1동주민센터교차로,202012,1006
강서구,2715.마곡나루역 2번 출구,202012,2997
강서구,2716.롯데 R&D 센터,202012,186
강서구,2717.LG유플러스 마곡사옥,202012,1000
강서구,2718.마곡수명산파크1단지,202012,390
강서구,2719.마곡문화공원,202012,979
강서구,2720.힐스테이트에코,202012,1268
강서구,2721.등촌1-10단지 교차로,202012,945
강서구,2722.마곡 문영비지웍스,202012,1370
강서구,2723.마곡 필네이처,202012,646
강서구,2724.(재)FITI시험연구원,202012,684
강서구,2725.서울식물원 식물문화센터,202012,574
강서구,2727.서울식물원 잔디마당 앞,202012,693
강서구,2728.마곡나루역 3번 출구,202012,1803
강서구,2729.넥센 유니버시티 앞,202012,583
강서구,2730.마곡메가박스 앞,202012,860
강서구,2731.명덕고교,202012,444
강서구,2732.마곡수명산 1-2단지,202012,564
강서구,2733.마곡13단지 정문 앞,202012,1324
강서구,2735.마곡 공공청사,202012,682
강서구,2737.까치산역 3번 출구,202012,654
강서구,2739.수명산파크1단지교차로,202012,784
강서구,2740.마곡레포츠센터,202012,277
강서구,2741.마곡수명산파크5-6단지,202012,510
강서구,2742.강서구민올림픽체육센터,202012,453
강서구,2743.동신아파트 104동 앞,202012,357
강서구,2744.강서세무서 앞,202012,467
강서구,2745.수명초등학교,202012,412
강서구,2746.수명산파크 4단지 411동 앞,202012,471
강서구,3753. 공항중학교 버스정류장,202012,4
강서구,3756. 마곡힐스테이트 정문,202012,23
강서구,3761. 나이아가라관광호텔,202012,4
강서구,3763. 등촌태영아파트,202012,12
강서구,3765. 문소빌딩,202012,3
강서구,3767. 대원빌딩,202012,15
강서구,3769. 가양동 이마트 앞,202012,66
강서구,3772. 길성그랑프리텔아파트,202012,29
강서구,3775. 가양오토갤러리,202012,18
강서구,3776. 김포공항교차로,202012,2
강서구,3778. 김포공항입구 교차로,202012,9
강서구,3780. 등촌서광아파트,202012,25
강서구,3782. 겸재정선미술관,202012,9
강서구,3784. 벽산아파트,202012,21
강서구,3787. 가양나들목,202012,14
강서구,3788. 정곡나들목,202012,6
강서구,3789. 염창나들목,202012,40
관악구,2102. 봉림교 교통섬,202012,3573
관악구,2103. 신림동 우방아파트,202012,896
관악구,2104. 사당역 5번출구,202012,635
관악구,2105. 미성동 신림체육센터,202012,675
관악구,2106. 난곡 새마을금고,202012,954
관악구,2107. 도림천 신화교,202012,1365
관악구,2108. 은천치안센터,202012,624
관악구,2109. 은천로입구 가로공원,202012,1636
관악구,2110. 조원동 미성아파트,202012,78
관악구,2111. 서울대입구역 1번출구,202012,650
관악구,2112. 서울대입구역 마에스트로,202012,543
관악구,2113. 관악동작견인차량보관소,202012,978
관악구,2115. 관악농협농산물백화점,202012,748
관악구,2116. 에이스에이존빌딩,202012,427
관악구,2119. 중앙동 동진빌딩,202012,759
관악구,2122. 낙성대로 입구,202012,374
관악구,2127. 보성운수차고지 맞은편,202012,372
관악구,2128. 관악구청교차로,202012,475
관악구,2129. 낙성대 과학전시관,202012,390
관악구,2130. 영어마을 관악캠프,202012,176
관악구,2135. 신림역 5번출구,202012,752
관악구,2136. 신림역 8번출구,202012,1424
관악구,2137. KT&G 관악지점,202012,272
관악구,2139. 서울신성초등학교,202012,406
관악구,2140. 신림1교 교차로,202012,1080
관악구,2141. 미림여고입구 교차로,202012,109
관악구,2143. 서울산업정보학교,202012,219
관악구,2144. 난우길입구,202012,385
관악구,2145. 은천초등학교 육교,202012,422
관악구,2148. 낙성대역 3번출구 뒤,202012,358
관악구,2156. 농협 관악문성지점,202012,497
관악구,2159. 인헌초교,202012,208
관악구,2164. 관악우체국,202012,535
관악구,2165. JK장평타워,202012,381
관악구,2167. 낙성대역 1번출구,202012,351
관악구,2169. 봉천역 2번출구,202012,526
관악구,2170. 조원동서울본병원,202012,552
관악구,2171. 서울대입구역 5번출구,202012,755
관악구,2172. 나들목공원,202012,204
관악구,2173. 당곡사거리,202012,1827
관악구,2174. 삼성디지털프라자관악점,202012,562
관악구,2175. 신림동걷고싶은문화의거리입구,202012,618
관악구,2176. 보라매공원 보도육교,202012,940
관악구,2177. 신대방역 2번 출구,202012,2832
관악구,2178. 서울대학교 정문,202012,333
관악구,2179. 양녕로 입구,202012,673
관악구,2183. 동방1교,202012,2582
관악구,2184. 구암초등학교 버스정류장,202012,185
관악구,2185. 대학동 고시촌,202012,508
관악구,2186.우리은행 낙성대역지점,202012,347
관악구,2187.현대시장사거리(신한은행),202012,708
관악구,2189.삼성서비스센터(관악점),202012,478
관악구,2190.도원맨션,202012,250
관악구,2191.대학동주민센터,202012,448
관악구,2195.은천교회,202012,414
관악구,2196.삼화페인트 봉천점,202012,281
관악구,2198.사랑의병원,202012,388
관악구,2199.신봉천주유소,202012,126
관악구,2200.관악문화원 건너편,202012,56
관악구,3306.서울신우초등학교,202012,83
관악구,3307.봉천고개 육교,202012,331
관악구,3310.영락고등학교,202012,328
관악구,3311.서울대입구역 4번 출구,202012,331
관악구,3802. 관악구민체육센터,202012,27
광진구,3500. 군자역2번출구,202012,906
광진구,3501. 광진구청 앞,202012,1344
광진구,3502. 중곡역 1번출구,202012,514
광진구,3503. 광진유진스웰,202012,111
광진구,3504. 원일교회,202012,1005
광진구,3505. 신양초교앞 교차로,202012,570
광진구,3506. 영동대교 북단,202012,762
광진구,3507. 어린이회관,202012,423
광진구,3508. 화양사거리,202012,491
광진구,3509. 세종사이버대학교,202012,1325
광진구,3510. 중곡SK아파트앞,202012,440
광진구,3516. 구의아리수정수센터앞,202012,350
광진구,3517. 용마사거리,202012,777
광진구,3518. 군자역 7번출구뒤,202012,1480
광진구,3520. 광진경찰서,202012,1027
광진구,3521. 현대홈타운 뒷길,202012,193
광진구,3523. 건국대학교 과학관(이과대) 앞,202012,306
광진구,3524. 세종대학교,202012,122
광진구,3528. 광진정보도서관,202012,445
광진구,3529. 어린이대공원정문,202012,320
광진구,3533. 건대입구역 사거리(롯데백화점),202012,2090
광진구,3534. 건대입구역 5번출구 뒤,202012,1232
광진구,3535. 중곡사거리(국민은행),202012,1142
광진구,3536. 중앙농협(자양동),202012,1140
광진구,3537. 아차산 휴먼시아 아파트 옆,202012,418
광진구,3541. 커먼그라운드,202012,1300
광진구,3542. 래미안 구의파크 스위트,202012,776
광진구,3543. 세종대학교(학술정보원),202012,157
광진구,3563.구의7단지현대아파트,202012,135
광진구,3564.나루마당,202012,126
광진구,3566.우성4차아파트,202012,898
광진구,3569.건대병원후문,202012,1270
광진구,3570.구의역 리버비스타 오피스텔,202012,980
광진구,3571.화양 APT(횡단보도 옆),202012,1518
광진구,3573.광나루안전체험관,202012,661
광진구,3575.자양사거리 (LG 유플러스),202012,902
광진구,3578.중곡동 파크웨이빌딩,202012,616
광진구,3579.광진 캠퍼스시티,202012,1366
광진구,3581.광진광장,202012,579
광진구,3582.화양동 우체국,202012,563
광진구,3586.군자역 비채온 오피스텔,202012,818
광진구,3587.우성식품 앞,202012,569
광진구,3588.세종대학교(영실관),202012,282
광진구,500. 어린이대공원역 3번출구 앞,202012,1606
광진구,501. 광진구의회 앞,202012,776
광진구,502. 뚝섬유원지역 1번출구 앞,202012,3001
광진구,505. 자양사거리 광진아크로텔 앞,202012,1389
광진구,515. 광양중학교 앞,202012,520
광진구,516. 광진메디칼 앞,202012,834
광진구,539. 군자교교차로,202012,721
광진구,540. 군자역 7번출구 베스트샵 앞,202012,884
광진구,542. 강변역 4번출구 뒤,202012,775
광진구,543. 구의공원(테크노마트 앞),202012,598
광진구,544. 광남중학교,202012,424
광진구,546. 잠실대교북단 교차로,202012,688
광진구,548. 자양나들목,202012,1115
광진구,549. 아차산역 3번출구,202012,1160
광진구,551. 구의삼성쉐르빌 앞,202012,1135
광진구,552. 대림아크로리버 앞,202012,314
광진구,553. 중곡 성원APT 앞,202012,626
광진구,555. 구의3동주민센터,202012,258
광진구,571. 어린이대공원역6번출구,202012,482
광진구,572. 국립정신 건강센터 앞,202012,261
광진구,573. 구의문주차장 앞,202012,996
광진구,574. 아차산역4번출구,202012,1257
광진구,575. 중앙농협 중곡지점,202012,243
광진구,576. 광나루역 3번 출구,202012,809
광진구,577. 광진청소년수련관,202012,715
광진구,584. 광진광장 교통섬,202012,875
광진구,588. 뚝섬 유원지역,202012,511
광진구,590. 건국대학교 (입학정보관),202012,542
광진구,591. 건국대학교 (행정관),202012,138
광진구,592. 건국대학교 학생회관,202012,606
광진구,593.자양중앙나들목,202012,1174
구로구,1901. 신도림동주민센터 앞,202012,663
구로구,1904. 도림천역 1번 출구 앞,202012,823
구로구,1906. 신도림역 1번 출구 앞,202012,2301
구로구,1907. 구일우성(아) 육교 밑,202012,431
구로구,1908. 해원리바파크 육교 밑,202012,694
구로구,1910. 낙원교회 맞은편,202012,157
구로구,1911. 구로디지털단지역 앞,202012,2827
구로구,1912. 한신휴아파트 앞,202012,804
구로구,1913. 구로리공원,202012,409
구로구,1914. 대림역4번출구,202012,1003
구로구,1916. 구로중학교앞,202012,340
구로구,1920. 서울미래초등학교 사거리,202012,562
구로구,1924. 삼부르네상스파크빌,202012,334
구로구,1925. 동양미래대학교 정문 옆,202012,1540
구로구,1928. 고척스카이돔구장 광장,202012,377
구로구,1929. 고척근린공원 고척도서관 앞,202012,371
구로구,1930. 개봉지구대 개봉치안센터,202012,507
구로구,1931. 개봉역(북측광장),202012,740
구로구,1933. 개봉푸르지오아파트 상가,202012,559
구로구,1936. 개봉역 1번 출구 자전거보관서쪽,202012,416
구로구,1937. 한진아파트 입구,202012,455
구로구,1941. 오류동역 2번출구,202012,772
구로구,1943. 온수역 북측,202012,194
구로구,1946. 구로역 광장,202012,1155
구로구,1951. 천왕이펜하우스 4단지 상가 앞,202012,85
구로구,1952. 천왕연지타운2단지 앞,202012,679
구로구,1953. 천왕역 4번출구 뒤,202012,490
구로구,1955. 디지털입구 교차로,202012,1373
구로구,1956. 도야미리숯불갈비 앞,202012,532
구로구,1957. 구일고등학교 정문,202012,697
구로구,1958. 강서수도사업소민원센터,202012,673
구로구,1959. 구로구의회 앞,202012,462
구로구,1960. 화광신문사 앞,202012,817
구로구,1961. 신도림테크노근린공원,202012,1888
구로구,1962. 가리봉동주민센터,202012,779
구로구,1964. 원메디타운 앞,202012,579
구로구,1965. 삼환로즈빌아파트 105동 옆,202012,460
구로구,1966. 한마을아파트 정문상가,202012,598
구로구,1967. 참새공원(백곡경노당),202012,236
구로구,1968. 동인오피스텔 건너편 소공원,202012,233
구로구,1969. 궁동생태공원,202012,60
구로구,1971. 오정초교 앞 보도육교,202012,219
구로구,1973. 오리로와 서해안도로 교차로 앞,202012,254
구로구,1974. 신도림2차e편한세상아파트 203동 앞,202012,474
구로구,1975. 대림역 1번 출입구 밑,202012,609
구로구,1976. 남구로역 5번 출입구 앞,202012,323
구로구,1977. 천왕역 1번 출입구 앞,202012,648
구로구,1979. 구로1동우체국 앞,202012,132
구로구,1981. 천왕이펜하우스5단지 앞,202012,334
구로구,1983. 구로동롯데아파트,202012,700
구로구,1984. 구로구청,202012,626
구로구,1985. 구로도서관,202012,1160
구로구,1986. 태평양물산빌딩,202012,1306
구로구,1987. 개봉아이파크아파트 앞,202012,679
구로구,1988. 고척LIGA아파트 앞,202012,883
구로구,1991. 오류동역 맞은편,202012,715
구로구,1992. 구로구배드민턴실내체육관 앞,202012,124
구로구,1993. 금강수목원아파트 앞,202012,380
구로구,1994. 삼성전자 물류센터 앞,202012,573
구로구,1996. 구일역 1번 출입구 앞,202012,974
구로구,1998. 고척교 교차로,202012,493
구로구,1999. 수궁동 성당 주변,202012,177
구로구,2000. 신도림4차 e편한세상 아파트 1109동 앞,202012,582
구로구,2801. 대륭포스트타워1차,202012,1159
구로구,2804.항동지구 6단지 602동 앞,202012,187
구로구,2805.구로자원순환센터,202012,79
구로구,2806.항동지구 4단지 입구,202012,77
구로구,2807.항동지구 1단지 105동 앞,202012,178
구로구,2808.항동지구 2단지 202동 앞,202012,158
구로구,2809.항동지구 11단지 1103동 앞,202012,79
구로구,2810.항동지구 3단지 311동 앞,202012,71
구로구,2812.항동프라자,202012,76
구로구,2813.항동지구 3단지 302동 앞,202012,62
구로구,2814.항동지구 10단지 1001동 앞,202012,130
구로구,2815.항동지구 7단지 정문,202012,197
구로구,2816.항동지구 8단지 803동옆(주차장입구),202012,40
구로구,2817.천왕이펜하우스5단지 앞,202012,83
구로구,2818.천왕이펜하우스3단지 앞,202012,142
구로구,2819.하늘숲초등학교 앞,202012,287
구로구,2820.신세기아파트 앞,202012,487
구로구,2821.청구아파트 앞,202012,626
구로구,2822.제니스스포츠 앞,202012,167
구로구,2823.중앙유통단지 앞,202012,477
구로구,2824.미래사랑어린이공원 앞,202012,857
구로구,2825.초롱타운 앞,202012,213
구로구,2826.가마산지하보도 옆,202012,187
구로구,3902. 항동지구5단지 501동 앞,202012,134
구로구,3903. 현대아파트 앞,202012,178
구로구,3904. 테크노마트 앞,202012,707
구로구,3905. 희훈타워빌 앞,202012,537
구로구,3906. 천왕차량사업소 입구,202012,208
금천구,1804. 독산역 2번출구 자전거주차장,202012,636
금천구,1805. 서울디지털운동장 앞,202012,477
금천구,1806. 에이스하이엔드타워9차 앞,202012,516
금천구,1808. 에이스하이엔드타워8차 앞,202012,521
금천구,1809. LG전자 별관동(호서대 벤처타워 맞은편),202012,284
금천구,1812. 갑을그레이트밸리 앞,202012,445
금천구,1814. 두산위브아파트 옆 상가건물 앞,202012,517
금천구,1816. 금천폭포공원 앞,202012,179
금천구,1819. 금천구청 앞 자전거거치대,202012,320
금천구,1820. 신한은행 시흥대로금융센터지점,202012,177
금천구,1821. 홈플러스 시흥점 맞은편 다비치안경 앞,202012,374
금천구,1822. 서울 시흥동우체국 앞,202012,460
금천구,1823. 상신정비공업 앞,202012,146
금천구,1824. 독산근린공원 입구,202012,837
금천구,1825. 한신아파트 앞 육교 아래,202012,337
금천구,1826. 한신코아 앞,202012,237
금천구,1827. 독산보도육교 앞 자전거 보관소,202012,1247
금천구,1828. 한양수자인아파트 앞,202012,442
금천구,1829. 홈플러스 금천점 앞,202012,535
금천구,1830. 빅마켓 금천점 앞,202012,702
금천구,1831. 메이퀸웨딩컨벤션 앞,202012,298
금천구,1833. 독산역 1번출구 앞 자전거보관소,202012,745
금천구,1834. 월드메르디앙 벤처센터 2차,202012,1051
금천구,1835. STX V타워,202012,508
금천구,1836. 금천구립 독산도서관,202012,102
금천구,1839. 수출의 다리 아래,202012,321
금천구,1840. 솔브레인이엔지 뒤편,202012,501
금천구,1841. 가산동 주민센터,202012,624
금천구,1842. 한울중학교,202012,274
금천구,1843. 독산고등학교,202012,278
금천구,1845. 롯데캐슬골드파크1차 서문,202012,298
금천구,1846. 롯데캐슬골드파크1차 동문,202012,401
금천구,1847. 독산주공 14단지 버스정류소,202012,165
금천구,1848. 벽산 디지털밸리 5차,202012,667
금천구,1849. 대륭포스트타워5차,202012,220
금천구,1850. 코오롱테크노밸리,202012,177
금천구,1851. 가산디지털단지 7번출구,202012,951
금천구,1852. 혜명양로원 담장 옆,202012,304
금천구,1853. 서울디자인직업전문학교 앞,202012,253
금천구,1854. 가산아네스트 오피스텔 앞,202012,386
금천구,1855. 성지아파트 옆 도로변,202012,115
금천구,1856. 모두의학교,202012,506
금천구,1857. 주공14단지,202012,213
금천구,1858. 석수역1번출구 앞 (SK주유소),202012,171
금천구,1859. 대륭테크노타운 18차,202012,383
금천구,1861.IBK기업은행 석수역 지점 앞,202012,80
금천구,1862.스타즈호텔독산 빌딩 앞,202012,389
금천구,1863.위너스 스포츠클럽 골프연습장옆,202012,167
금천구,1864.산호시티빌 옆,202012,177
금천구,1865.금천구청앞(M빌딩),202012,168
금천구,1866.서울안천초등학교 옆,202012,151
금천구,1867.대륭포스트타워6차 앞,202012,1189
금천구,1868.우리은행 시흥남자동화점 앞,202012,246
금천구,1869.롯데캐슬골드파크3차 301동 앞,202012,365
금천구,1870.독산3동주민센터 앞,202012,338
노원구,1601. 석계역 문화광장 내 자전거 보관소,202012,1478
노원구,1602. 광운대역 앞,202012,687
노원구,1605. 헬스케어,202012,982
노원구,1606. 태릉입구역 3번출구,202012,635
노원구,1608. 공릉역 1번 출구 앞,202012,1989
노원구,1610. 화랑대역 2번출구 앞,202012,1181
노원구,1611. 과기대 입구(우),202012,1429
노원구,1616. 하계2동 공항버스정류장 옆,202012,1515
노원구,1617. 하계동 중평어린이공원 앞,202012,1315
노원구,1619. 중계동 하나프라자빌딩 앞(중1-1),202012,1099
노원구,1620. 중계동 노원구민체육센터 옆(중1-2),202012,876
노원구,1625. 상계역(4번출구),202012,1791
노원구,1628. 노일초등학교 앞,202012,471
노원구,1630. 수연빌딩 앞,202012,570
노원구,1634. 당고개공원 대여소,202012,758
노원구,1635. 상계3.4동 주민센터 대여소,202012,266
노원구,1636. 백병원 사거리 농협은행 앞,202012,1404
노원구,1637. KT 노원점 건물 앞,202012,1378
노원구,1639. 희성오피앙,202012,630
노원구,1640. 한내근린공원 북측,202012,310
노원구,1641. 한내근린공원 남측,202012,263
노원구,1642. 서울여대 남문,202012,416
노원구,1643. 태릉입구역 8번출구,202012,891
노원구,1646. 삼육대 입구,202012,263
노원구,1650. 중계근린공원내,202012,1302
노원구,1651. 맥도날드 상계점 앞,202012,481
노원구,1652. 파르코 앞,202012,250
노원구,1653. 노원역1번출구,202012,1584
노원구,1654. 당고개입구 오거리,202012,537
노원구,1655. 공릉1단지아파트,202012,1424
노원구,1656. 중앙하이츠 아파트 입구,202012,998
노원구,1657. 노원구청,202012,738
노원구,1659. 중계동 을지중학교,202012,514
노원구,1660. 서울시립과학관,202012,207
노원구,1661. 당현천근린공원,202012,736
노원구,1662. 노원역7번출구,202012,846
노원구,1663. 동해문화예술관앞,202012,1102
노원구,1664. 노해근린공원내,202012,250
노원구,1665. 양지근린공원앞,202012,471
노원구,1666. 노원소방서인근,202012,898
노원구,1667. 중계중학교,202012,934
노원구,1668. 중계역 6번출구,202012,1049
노원구,1669. 중계역 3번출구,202012,1035
노원구,1670. 노원경찰서교차로,202012,867
노원구,1671. 인덕대학교,202012,525
노원구,1672. 상계동수락리버시티,202012,278
노원구,1673. 노원역 5번출구,202012,1655
노원구,1674. 서울북부고용센터앞,202012,1142
노원구,1675. 월계문화체육센터,202012,65
노원구,1677. 육군사관학교 앞,202012,475
노원구,1678. 성서대학교 밀알관,202012,247
노원구,1679. 삼육대 도서관,202012,73
노원구,1680. 삼육대 제3과학관,202012,37
노원구,1681. 현대6차 아파트,202012,635
노원구,1682. 중계종합사회복지관 교차로,202012,689
노원구,1683. 노원문화예술회관,202012,834
노원구,1684. 태릉입구역 5번출구,202012,1273
노원구,1685. 불암고등학교 앞 횡단보도,202012,447
노원구,1686. 온수골사거리(스타벅스앞),202012,1445
노원구,1688. 마들역 7번출구,202012,940
노원구,1689. 마들역 3번출구,202012,759
노원구,1690. 도봉운전면허시험장,202012,622
노원구,1691. 노원정보도서관,202012,473
노원구,1692. 온곡초교 교차로,202012,679
노원구,1693. 원자력 병원,202012,275
노원구,1695.월계미륭아파트 정문,202012,558
노원구,1696.수락리버시티4단지,202012,283
노원구,1697.상계주공2단지 219동,202012,671
노원구,1700.상계보람아파트 202동,202012,646
노원구,2901.공릉동풍림아파트 101동,202012,474
노원구,2902.공릉풍림아파트 108동,202012,700
노원구,2903.월계초안아파트 1단지,202012,355
노원구,2904.중계3차청구아파트,202012,599
노원구,2905.중계주공6단지,202012,350
노원구,2907. 월계중학교,202012,294
노원구,2908. 광운대학교 중앙도서관,202012,531
노원구,2909. 석계역 3번 출구,202012,553
노원구,2910.도깨비시장,202012,1167
노원구,2911.상계역중앙시장,202012,694
노원구,2912.대진고등학교,202012,705
노원구,2913.상계8동 주민센터,202012,767
노원구,2914.서울과학기술대학교(미래관),202012,252
노원구,2915.서울과학기술대학교(어학교육원),202012,835
노원구,2917.신창중학교 후문 맞은편 버스정류장,202012,593
노원구,2919.등나무 근린공원(시립북서울미술관 앞),202012,1197
노원구,2920.상계중학교(당현2교사거리),202012,455
노원구,2921.중계역 2번출구,202012,938
도봉구,1702. 녹천역 1번출구 앞,202012,360
도봉구,1703. 도봉산광역환승센터앞,202012,197
도봉구,1705. 도봉구청 정문앞,202012,602
도봉구,1706. 기업은행 앞,202012,397
도봉구,1707. 도봉구민회관,202012,605
도봉구,1708. 보건소사거리(다비치안경창동점),202012,788
도봉구,1709. 쌍문역4번출구 주변,202012,527
도봉구,1713. 쌍문동 이안아파트 앞,202012,297
도봉구,1714. 도봉문화정보도서관 삼거리,202012,197
도봉구,1715. 서울특별시교육청도봉도서관,202012,369
도봉구,1716. 하나로마트 창동점,202012,983
도봉구,1717. 시립창동운동장 입구,202012,167
도봉구,1719. 신도봉사거리 버스정류장,202012,328
도봉구,1720. 도봉구청 옆(중랑천변),202012,861
도봉구,1721. 창동역 2번출구,202012,1497
도봉구,1722. 창동청소년수련관,202012,397
도봉구,1723. 방학동학마을도서관,202012,245
도봉구,1725. 창1동주민센터,202012,266
도봉구,1726. 삼익세라믹아파트교차로,202012,545
도봉구,1727. 서울도봉초등학교인근,202012,209
도봉구,1728. 서울북부지방법원,202012,137
도봉구,1729. 파리바게트앞,202012,442
도봉구,1730. 도봉산역 교차로 앞,202012,92
도봉구,1731. 도봉고등학교 맞은편,202012,159
도봉구,1732. 우리은행 앞,202012,316
도봉구,1733. 방학사거리 (봄마당 앞),202012,794
도봉구,1734. 쌍문현대1차아파트 108동 앞,202012,547
도봉구,"1735. 도봉역 1,2번 출구사이 건너편",202012,330
도봉구,1736. 버스정류장 앞,202012,244
도봉구,1737. 하나은행 (창동점),202012,895
도봉구,1738. 창동주공17단지 상가앞,202012,824
도봉구,1741. 제일강산수산입구,202012,926
도봉구,1742. 북한산 코오롱 하늘채,202012,711
도봉구,1743.창동19단지아파트 관리사무소앞,202012,431
도봉구,1744.KT방학지사 앞,202012,510
도봉구,1746. 다이소방학점 앞,202012,279
도봉구,1748. 피자헛 앞(도봉병원 옆),202012,221
도봉구,1749. ESA아파트 상가 앞,202012,462
도봉구,1750. 창포원 남쪽 입구,202012,445
도봉구,1751. 창원초등학교 교차로,202012,286
도봉구,1752. 창동 주공 4단지 입구 옆,202012,288
도봉구,1754. 창동시장입구 사거리,202012,422
도봉구,1756.서울북부광역등기국,202012,212
도봉구,1757.솔밭공원역 1번출구 앞,202012,247
도봉구,1758.북서울교회 버스정류소 앞,202012,312
도봉구,1759.서울북부지방법원 앞,202012,236
도봉구,1761.방학중학교 앞,202012,257
도봉구,1762.북한산 한신휴플러스APT앞,202012,705
도봉구,1765.쌍문역 1번 출구(양산부인과 빌딩),202012,452
도봉구,1767.태양중앙교회 앞,202012,734
도봉구,1768.신동아타워 버스정류소,202012,394
도봉구,1770.도봉한신아파트 주변,202012,219
도봉구,1771.성원APT버스정류소,202012,548
도봉구,1772.시립도봉노인복지관 버스정류소,202012,332
도봉구,1774.반석교회(쌍문동),202012,323
도봉구,1775.신원리베르텔 앞,202012,476
도봉구,4076. 진영상운 앞 중랑천 변,202012,138
동대문구,4102. 휘경1동주민센터 앞,202012,18
동대문구,4103. 휘경sk뷰아파트 앞,202012,9
동대문구,4104. 외대앞역 교차로,202012,39
동대문구,4105. 하나은행 장안동지점앞,202012,19
동대문구,4107. 장안동근린공원 입구,202012,9
동대문구,4108. 답십리파크자이아파트 앞,202012,337
동대문구,4110. 용두롯데캐슬리치아파트 앞,202012,16
동대문구,4112. 신이문빗물펌프장 옆,202012,9
동대문구,4113. 한국국방연구원 앞,202012,29
동대문구,4116. 이문e편한세상아파트 앞,202012,7
동대문구,4117. 휘경119안전센터 앞,202012,17
동대문구,4121. 서울문화재단 앞,202012,26
동대문구,4122. 청계9가교차로 앞,202012,29
동대문구,4123. 배봉초교 교차로,202012,11
동대문구,600. 휘경2동 주민센터,202012,176
동대문구,601. 용신동주민센터,202012,517
동대문구,602. 장안동 사거리,202012,1479
동대문구,604. 답십리초등학교 옆 공원,202012,495
동대문구,605. 신설동역8번출구,202012,719
동대문구,606. 휘경공고앞,202012,515
동대문구,607. 신이문역 2번출구,202012,400
동대문구,608. 전농삼성아파트,202012,136
동대문구,609. 제기2교,202012,955
동대문구,610. 동대문중 교차로,202012,493
동대문구,612. 시립동부병원 앞 사거리,202012,1015
동대문구,613. 신설동역 10번출구 앞,202012,829
동대문구,614. 용두동 사거리,202012,965
동대문구,615. 용두동 래미안허브리츠아파트 앞,202012,704
동대문구,616. 서울시립대 앞,202012,213
동대문구,617. 청솔우성아파트 앞,202012,575
동대문구,621. 동대문중학교 옆,202012,210
동대문구,622. 전농사거리 교통섬,202012,574
동대문구,623. 서울시립대 정문 앞,202012,1148
동대문구,624. 전농동 동아아파트 앞,202012,773
동대문구,625. 답십리초등학교 앞(현대시장 옆),202012,734
동대문구,626. 군자교 서측 녹지대,202012,713
동대문구,627. 장안동삼거리 교통섬,202012,868
동대문구,628. 휘봉고등학교 앞,202012,351
동대문구,630. 동대문구 보건소,202012,1160
동대문구,631. 답십리역 1번출구,202012,1375
동대문구,633. 청량리 기업은행 앞,202012,723
동대문구,634. 외국어대 정문 앞,202012,1297
동대문구,635. 시조사 앞 (청량고정문 옆),202012,677
동대문구,636. 세종대왕기념관 교차로,202012,298
동대문구,637. KAIST 경영대학 앞,202012,581
동대문구,638. 서울시립대 정보기술관,202012,299
동대문구,639. 서울시립대 후문,202012,521
동대문구,640. KEB하나은행 청량리역지점,202012,533
동대문구,641. 용두역 4번출구,202012,1056
동대문구,642. 신답역 사거리,202012,602
동대문구,643. 동대문구민체육센터 (육교아래),202012,705
동대문구,646. 장한평역 1번출구 (국민은행앞),202012,1899
동대문구,647. 신이문역 1번출구,202012,475
동대문구,648. 장안동위더스빌옆,202012,1330
동대문구,650. 중랑교사거리,202012,922
동대문구,652. 답십리 래미안엘파인아파트 입구,202012,476
동대문구,654. 전농동 텃골공원,202012,397
동대문구,656. 영휘원 교차로,202012,412
동대문구,657. 동대문롯데캐슬아파트 앞,202012,775
동대문구,658. 촬영소 사거리,202012,550
동대문구,659. 제기역1번출구,202012,1125
동대문구,660. 동의보감타워,202012,869
동대문구,661. 경희대학교 청운관,202012,583
동대문구,663. 외대앞역 4번출구,202012,834
동대문구,664. 서울시립대 대학본부,202012,229
동대문구,665.이문동 쌍용아파트 정문,202012,456
동대문구,666.이문대성유니드아파트 앞,202012,288
동대문구,667.청량차도 육교 밑,202012,305
동대문구,668.서울축산농협(장안지점),202012,1141
동대문구,669.청계한신휴플러스앞 삼거리,202012,595
동대문구,670.삼육서울병원 버스정류장,202012,1314
동대문구,671.대광빌딩,202012,184
동대문구,672.대광고등학교,202012,369
동대문구,673.안암골벽산아파트(후문),202012,503
동대문구,674.고대앞사거리 교통섬,202012,739
동대문구,675.성복교회 앞 (장평교 아래),202012,553
동대문구,676.FITI시험연구원 앞,202012,426
동대문구,677.청량리역 4번 5번출구 사이,202012,969
동대문구,678.장안힐스테이트(아) 앞,202012,696
동대문구,679.전농SK아파트 앞,202012,212
동대문구,680.꿈마루어린이도서관 앞,202012,795
동대문구,681.서울특별시 동부교육지원청(육교),202012,110
동작구,2002. 노들역 1번출구,202012,1112
동작구,2003. 사육신공원앞,202012,461
동작구,2007. 유한양행앞,202012,611
동작구,2008. 노량진근린공원 대방공원,202012,263
동작구,2009. 보라매역 8번출구,202012,429
동작구,2012. 녹십초요양병원앞,202012,381
동작구,2013. 장승배기역 5번출구,202012,1149
동작구,2015. 신대방삼거리역 6번출구쪽,202012,1208
동작구,2016. 신대방삼거리역 3번출구쪽,202012,704
동작구,2020. 장승배기역2번출구뒷편쪽,202012,470
동작구,2024. 상도역 1번출구,202012,271
동작구,2025. 흑석역 1번출구,202012,878
동작구,2026. 흑석역 4번출구,202012,254
동작구,2027. 중앙대학교 정문,202012,158
동작구,2032. 이수역 11번출구쪽,202012,690
동작구,2033. 사당동 아르테스 웨딩앞,202012,477
동작구,2034. 사당역 7번출구쪽,202012,497
동작구,2036. 정금마을 마을버스정류장,202012,504
동작구,2037. 동작역 5번출구 동작주차공원,202012,218
동작구,2038. 동작역 7번출구,202012,125
동작구,2040. 비계 버스정류소,202012,111
동작구,2041. 사당중학교 버스정류소,202012,263
동작구,2048. 삼일초등학교 인근,202012,404
동작구,2050. 노량진역 5번출구,202012,1292
동작구,2054. 삼익아파트,202012,646
동작구,2056. 동작구민 체육센터,202012,729
동작구,2057. 상도 아이파크 아파트,202012,396
동작구,2058. 노량진동 맥도널드앞,202012,753
동작구,2059. 보라매공원 정문,202012,711
동작구,2060. 남성역3번출구 뒤,202012,669
동작구,2061. 한강 현대아파트 건너편,202012,165
동작구,2062. 사당새마을금고,202012,288
동작구,2063. 대방역 4번출구,202012,508
동작구,2064. 흑석한강푸르지오 106동앞,202012,155
동작구,2065. 서울시여성가족재단,202012,275
동작구,2066. 양문교회 앞,202012,867
동작구,2067. LG전자 베스트? 대리점 앞,202012,545
동작구,2068. 총신대 앞(육교),202012,127
동작구,2069. 숭실대 입구역3번 출구 앞,202012,379
동작구,2070. 노량진역 2번 출구 앞,202012,563
동작구,2071. 대림아파트 후문 상가 옆,202012,325
동작구,2076.노들나루공원 입구,202012,895
동작구,2077.노들역 3번출구,202012,400
동작구,2078.흑석 아크로리버하임(103동),202012,160
동작구,2079.중앙대학교 정문,202012,75
동작구,2080.빕스 대방점 앞,202012,718
동작구,2081.대방1차 e편한세상 앞,202012,412
동작구,2082.7호선 이수역7번출구,202012,298
동작구,2083.흑석롯데캐슬에듀포레(107동),202012,193
동작구,2084.e편한세상 상도노빌리티 앞,202012,389
동작구,2085.강남중학교 앞,202012,448
동작구,2086.삼일수영장 앞,202012,373
동작구,2088.상도중앙하이츠빌 입구,202012,171
동작구,2089.사당역10번출구(금강빌딩),202012,407
동작구,2090.기아자동차 사당점 앞,202012,324
동작구,2091.이수역9번출구(맥도날드),202012,500
동작구,2092.흑석한강푸르지오(110동),202012,183
동작구,2093.상도SH빌아파트 입구,202012,141
동작구,2094.숭실대학교(중문),202012,156
동작구,2095.경문고등학교 앞,202012,260
동작구,2096.서울특별시 동작관악교육지원청,202012,71
동작구,237. 보라매 두산위브 건너편,202012,782
마포구,101. (구)합정동 주민센터,202012,553
마포구,102. 망원역 1번출구 앞,202012,1363
마포구,103. 망원역 2번출구 앞,202012,769
마포구,104. 합정역 1번출구 앞,202012,864
마포구,105. 합정역 5번출구 앞,202012,688
마포구,106. 합정역 7번출구 앞,202012,1256
마포구,107. 신한은행 서교동금융센터점 앞,202012,969
마포구,108. 서교동 사거리,202012,706
마포구,109. 제일빌딩 앞,202012,640
마포구,111. 상수역 2번출구 앞,202012,487
마포구,112. 극동방송국 앞,202012,414
마포구,114. 홍대입구역 8번출구 앞,202012,1860
마포구,118. 광흥창역 2번출구 앞,202012,630
마포구,119. 서강나루 공원,202012,595
마포구,120. 신수동 사거리,202012,299
마포구,121. 마포소방서 앞,202012,340
마포구,122. 신성기사식당 앞,202012,651
마포구,124. 서강대 정문 건너편,202012,727
마포구,125. 서강대 남문 옆,202012,312
마포구,126. 서강대 후문 옆,202012,977
마포구,127. 현대벤처빌 앞,202012,304
마포구,129. 신촌역(2호선) 6번출구 옆,202012,285
마포구,130. 신촌역(2호선) 7번출구 앞,202012,845
마포구,136. 대흥동 주민센터,202012,331
마포구,142. 아현역 4번출구 앞,202012,319
마포구,143. 공덕역 2번출구,202012,587
마포구,144. 공덕역 8번출구,202012,1305
마포구,145. 공덕역 5번출구,202012,576
마포구,146. 마포역 2번출구 뒤,202012,1028
마포구,147. 마포역 4번출구 뒤,202012,1065
마포구,148. 용강동 주민센터 앞,202012,797
마포구,150. 서강대역 2번출구 앞,202012,455
마포구,151. 망원1동주민센터,202012,1094
마포구,152. 마포구민체육센터 앞,202012,2362
마포구,153. 성산2교 사거리,202012,1038
마포구,154. 마포구청역,202012,1238
마포구,155. 가좌역1 번출구 뒤,202012,731
마포구,156. 서울서부지방법원 앞,202012,141
마포구,157. 애오개역 4번출구 앞,202012,790
마포구,181. 망원초록길 입구,202012,161
마포구,182. 망원2빗물펌프장 앞,202012,895
마포구,183. 하늘채코오롱아파트 건너편,202012,1284
마포구,184. SK망원동주유소 건너편,202012,1104
마포구,185. 마포 신수공원 앞,202012,610
마포구,186. 월드컵공원,202012,1200
마포구,199. 서울 월드컵 경기장,202012,224
마포구,3002.벽산상암스마트큐브,202012,1162
마포구,3003.래미안신공덕3차아파트,202012,45
마포구,3005.마포구청 청사내,202012,274
마포구,3006. 상암월드컵파크5단지(상암중학교),202012,156
마포구,3007.MBC 앞,202012,479
마포구,3008.DMC역7번출구,202012,484
마포구,3009.서교동사거리(신),202012,730
마포구,3010.홍대입구역 3번출구,202012,2025
마포구,3011.경의선(노고산동),202012,591
마포구,400. 상암한화오벨리스크 1차 앞,202012,506
마포구,401. 상암월드컵파크 10단지 앞,202012,424
마포구,402. 상암월드컵파크 9단지 앞,202012,439
마포구,403. 부엉이공원 앞,202012,420
마포구,405. DMC빌 앞,202012,362
마포구,406. 상암월드컵파크 7단지 앞,202012,323
마포구,407. 마포구 육아종합지원센터,202012,370
마포구,408. LG CNS앞,202012,382
마포구,409. 누리꿈스퀘어 옆,202012,1073
마포구,410. 상암중학교 옆,202012,166
마포구,411. DMC홍보관,202012,656
마포구,412. DMC산학협력연구센터 앞,202012,811
마포구,413. 상암월드컵파크 3단지 후문,202012,351
마포구,414. 상암동주민센터 옆,202012,661
마포구,415. DMC역 9번출구 앞,202012,1269
마포구,416. 상암월드컵파크 1단지 교차로,202012,483
마포구,417. DMC역 2번출구 옆,202012,803
마포구,418. 월드컵경기장역 3번출구 옆,202012,1338
마포구,419. 홈플러스 앞,202012,1335
마포구,420. 서울시 공공자전거 상암센터,202012,565
마포구,421. 마포구청 앞,202012,880
마포구,422. 문화비축기지,202012,114
마포구,424. 롯데하이마트 (상암월드컵점),202012,212
마포구,425. DMC첨단산업센터,202012,420
마포구,426. 서울신용보증재단,202012,199
마포구,427. 성산시영아파트,202012,629
마포구,432. 마포중앙도서관,202012,193
마포구,436. 이대역 5번출구,202012,481
마포구,437. 대흥역 1번출구,202012,560
마포구,438. 성산2-1 공영주차장,202012,971
마포구,439. 마포어린이공원,202012,1120
마포구,440. 하늘공원 입구,202012,339
마포구,487.신석초교앞 교차로 교통섬,202012,661
마포구,489.구룡근린공원,202012,294
마포구,490.가온문화공원,202012,561
마포구,491.월드컵파크 4단지,202012,182
마포구,492.성산시영아파트 후문,202012,495
마포구,493.홍대입구역 6번출구,202012,949
마포구,494.신수동주민센터,202012,177
마포구,495.염리초등학교 앞,202012,397
마포구,497.합정동주민센터 앞,202012,1151
마포구,498.연남동주민센터 앞,202012,856
서대문구,115. 마스타 빌딩 앞,202012,417
서대문구,116. 일진아이윌아파트 옆,202012,835
서대문구,117. 홍은사거리,202012,1504
서대문구,123. 문화촌 공원,202012,1192
서대문구,128. 신촌역(2호선) 1번출구 옆,202012,677
서대문구,131. 증산2교,202012,1139
서대문구,133. 해담는다리,202012,870
서대문구,134. 연세로 명물길,202012,543
서대문구,135. 명물길 원형무대 앞,202012,307
서대문구,137. NH농협 신촌지점 앞,202012,307
서대문구,138. 신촌동 제1공영주차장 앞,202012,402
서대문구,139. 연세대 정문 건너편,202012,225
서대문구,140. 이화여대 후문,202012,472
서대문구,141. 연대 대운동장 옆,202012,304
서대문구,158. 독립문 어린이 공원,202012,292
서대문구,159. 이대역 4번 출구,202012,340
서대문구,160. 북아현동 가구거리,202012,424
서대문구,161. 무악재역1번 출구,202012,267
서대문구,162. 봉원고가차도 밑,202012,522
서대문구,163. 명지전문대학교 정문 앞,202012,218
서대문구,164. 북가좌1동 주민센터,202012,365
서대문구,165. 중앙근린공원,202012,800
서대문구,166. 가재울 초등학교,202012,699
서대문구,167. 연가초등학교 옆,202012,366
서대문구,169. 북가좌 삼거리,202012,286
서대문구,170. 가재울 뉴타운 주유소 옆,202012,491
서대문구,171. 임광빌딩 앞,202012,452
서대문구,173. 서대문역 8번출구 앞,202012,390
서대문구,175. 홍연2교옆,202012,1066
서대문구,176. 명지대학교 도서관,202012,735
서대문구,177. 북가좌 초등학교,202012,418
서대문구,178. 증산3교 앞,202012,780
서대문구,179. 가좌역 4번출구 앞,202012,789
서대문구,180. 충정로역 7번출구 아래,202012,489
서대문구,188. 홍은동 정원여중 입구,202012,434
서대문구,191. 서우빌딩(바른학원),202012,531
서대문구,192. 연서어린이공원,202012,329
서대문구,194. 증산교 앞,202012,1017
서대문구,195. 모래내고가차도,202012,511
서대문구,196. 연희교차로 인근,202012,292
서대문구,198. 충정2교,202012,412
서대문구,3100. 북성초교,202012,204
서대문구,3101. 서대문구청,202012,592
서대문구,3102. 연희삼거리,202012,507
서대문구,3103. 홍제삼거리 북측,202012,475
서대문구,3104. e편한세상 신촌4단지 앞,202012,327
서대문구,3105. 홍은센트레빌 아파트 앞,202012,259
서대문구,3106. 홍남교 두바퀴쉼터,202012,731
서대문구,3107. 연희초등학교 앞,202012,243
서대문구,3109.북한산더? 106동 앞,202012,184
서대문구,3110.홍은 현대아이파크 아파트 202동 앞,202012,312
서대문구,3111.무악재역 4번 출구,202012,184
서대문구,3113.독립문역사거리,202012,272
서대문구,3114.충정로역 3번 출구,202012,227
서대문구,3115.북아현 치안센터 인근,202012,431
서대문구,3116.신촌역 4번출구,202012,298
서대문구,3117.이화여대 인문관 인근,202012,93
서대문구,3119.연희 브라운스톤 아파트 앞,202012,784
서대문구,3120.DMC엘가아파트 앞,202012,451
서대문구,3121.가좌삼거리,202012,546
서대문구,3122.북가좌삼거리2,202012,386
서대문구,3123.DMC파크뷰자이1단지 110동 앞,202012,295
서대문구,3124.DMC센트럴아이파크아파트,202012,551
서대문구,3125.연희파크푸르지오아파트 앞,202012,352
서대문구,3126.남가좌동 제2공영주차장,202012,196
서대문구,3127.홍은2파출소 옆,202012,217
서대문구,3128.동신병원 맞은편,202012,375
서대문구,3129.DMC래미안e편한세상203동옆,202012,336
서대문구,3130.가재울사거리,202012,689
서대문구,3131.연가교 교차로,202012,404
서대문구,3132.홍제교,202012,184
서대문구,3133.핀란드 타워앞,202012,201
서대문구,3134.SK리쳄블(상수도사업본부),202012,249
서초구,2201. 본마을 정류소 앞,202012,37
서초구,2202.청계산입구역 1번출구,202012,610
서초구,2203. 청계산입구역 2번출구,202012,245
서초구,2205. 내곡3단지 어린이공원 앞,202012,355
서초구,2206. 언남초등학교 앞,202012,530
서초구,2207. 내곡파출소 뒤 정자,202012,77
서초구,2210. 반포1동 주민센터 앞,202012,149
서초구,2211. 서초구립반포도서관 앞,202012,469
서초구,2212.서초현대4차아파트 201동 맞은편,202012,237
서초구,2213. 고속터미널역 5번출구 앞,202012,800
서초구,2214. 신반포역 2번출구 앞,202012,188
서초구,2215. 반포종합운동장 입구,202012,236
서초구,2217.아크로리버뷰 부지 앞,202012,894
서초구,"2219. 고속터미널역 8-1번, 8-2번 출구 사이",202012,1589
서초구,2220. 반포본동 주민센터 앞,202012,1166
서초구,2221.하나은행 방배동지점 앞,202012,558
서초구,2222.사당역 12번출구 뒤,202012,712
서초구,2223. 방배래미안 정문 앞,202012,252
서초구,2225.백석예술대학교 제3캠퍼스 앞,202012,116
서초구,2226. 신동아럭스빌아파트 앞,202012,118
서초구,2227.방배열린문화센터 앞,202012,250
서초구,2228.뒷벌공원 옆,202012,785
서초구,2229.로고스교회 맞은 편,202012,148
서초구,2230.이수역 4번 출구,202012,706
서초구,2231. 삼성타운(삼성생명) A동 맞은편,202012,702
서초구,2233. 서초신동아1차아파트 옆,202012,268
서초구,2235.KT 서초지사 앞,202012,326
서초구,2237.서울남부터미널 대합실 입구,202012,495
서초구,2239.교대역 6번출구,202012,300
서초구,2241.양재전화국 사거리,202012,254
서초구,2242.양재역 11번 출구 앞,202012,593
서초구,2243.서울가정법원,202012,397
서초구,2244.교육개발원입구 교차로,202012,681
서초구,2245.양재초등학교 맞은편,202012,373
서초구,2246. 서울시 품질시험소 앞,202012,408
서초구,2247.섬들근린공원,202012,764
서초구,2248. 서초리슈빌S 글로벌 앞,202012,141
서초구,2249. 우솔초등학교 맞은편,202012,149
서초구,2250. 서초유치원 맞은편,202012,401
서초구,2251. 더케이호텔 입구(양재2),202012,530
서초구,2252. 하이브랜드 앞,202012,1261
서초구,2255.시민의숲역 1번출구 옆,202012,1065
서초구,2256.양재동 꽃시장 입구,202012,211
서초구,2257. 하나로클럽 양재점 맞은편,202012,86
서초구,2258.구룡사 삼거리,202012,178
서초구,2259. 잠원역 3번-4번 출구사이,202012,424
서초구,2262. 한신16차아파트 119동 앞,202012,1141
서초구,2263. 바우뫼문화복지회관,202012,309
서초구,2264. 이수역 1번출구,202012,1170
서초구,2265. 이수고가차도 남단,202012,602
서초구,2266. 서초역 3번출구,202012,456
서초구,2268. 서초4동주민센터,202012,264
서초구,2269. 주홍교 하부,202012,87
서초구,2270. 서초포레스타 7단지,202012,244
서초구,2271. 내방역 8번출구 앞,202012,386
서초구,2272. 교대입구 교차로,202012,198
서초구,2273. 일동제약 사거리,202012,406
서초구,2274. 양재시민의숲역 3번출구,202012,664
서초구,2275. 염곡치안센터 건너편,202012,78
서초구,2276. 영동1교 (양재천근린공원),202012,464
서초구,2277. 길마중4교 하부,202012,410
서초구,2279. 교대역 5번출구뒤,202012,592
서초구,2280. 서울서초고용센터앞,202012,293
서초구,2281. 연세사랑병원신관앞,202012,159
서초구,2282. 방배래미안아트힐 101동앞,202012,147
서초구,2283. 그룹한빌딩옆,202012,157
서초구,2284. CJ오쇼핑앞,202012,163
서초구,2285. LH서초3단지 301동 맞은편,202012,261
서초구,2286. 탑성마을입구,202012,28
서초구,2287. 능안마을입구,202012,31
서초구,2288. 안골마을입구,202012,23
서초구,2289. 남태령역 2번출구,202012,53
서초구,2292. 무지개아파트 앞,202012,189
서초구,2293. SPC 앞,202012,328
서초구,2294. 두상빌딩 앞,202012,715
서초구,2297. 남부터미널역 1번출구,202012,406
서초구,2298. 래미안서초스위트앞,202012,228
서초구,2299. 한전아트센터 앞,202012,320
서초구,2501. 서초 포레스타5단지,202012,330
서초구,2502. 서초역1번출구 앞,202012,234
서초구,2503. 반포1동 서초빌딩 앞,202012,418
서초구,2504. 신사역 4번출구 뒤,202012,474
서초구,2505. 우성아파트사거리 (기업은행앞),202012,565
서초구,2506. LG유플러스 (방배사옥),202012,217
서초구,2508. 양재이스타빌 앞,202012,478
서초구,2509. KT반포지사,202012,197
서초구,2510. JW타워,202012,161
서초구,2511. 이수역 6번출구 앞,202012,478
서초구,2514.사평역 2번출구,202012,133
서초구,2515.서초초등학교 후문,202012,313
서초구,2516.본마을 노인복지센터 앞,202012,135
서초구,2517.서초3교(효령로69길 방면),202012,55
서초구,2518.서초3교(효령로70길 방면),202012,233
서초구,2519.서초2교(사임당로 방면),202012,129
서초구,2520.서초1교 (진흥아파트 방면),202012,153
서초구,2521.서초 크로바타워 앞,202012,212
서초구,2523.뉴코아 킴스클럽 앞,202012,426
서초구,2524.반포쇼핑타운 8동 앞,202012,370
서초구,2525.반포쇼핑타운 2동 앞,202012,673
서초구,2526.반포경남쇼핑 앞,202012,106
서초구,2527.반포중학교 앞(세화여고 맞은편),202012,143
서초구,2528.함지박 사거리,202012,355
서초구,2529.우리은행 방배동지점 앞,202012,337
서초구,2530.삼호3차아파트 앞,202012,452
서초구,2531.멤피스아파트 앞,202012,413
서초구,2532.국립국악원 앞,202012,60
서초구,2533.한가람미술관 앞,202012,110
서초구,2534.신흥교(애견훈련소),202012,4
서초구,2535.신반포역 3번출구 뒤,202012,142
서초구,2536.서초종합체육관 입구,202012,22
서초구,2537.양재역 8번출구 앞,202012,296
서초구,2538.사평리 공원,202012,384
서초구,2540.반포천 앞,202012,502
서초구,2541.옛골 입구,202012,89
서초구,2542.신논현타워 앞,202012,374
서초구,2545.국립중앙도서관(국제회의장옆),202012,127
서초구,2547.포드서초서비스센터앞,202012,2
서초구,2548.반포1동 자율방범초소 옆,202012,125
서초구,2549.LH 서초 4단지 403동,202012,302
서초구,2550.양재동 꽃시장 건너편,202012,324
성동구,3511. 응봉역 1번출구,202012,1757
성동구,3513. 상왕십리역 1번출구,202012,925
성동구,3514. 왕십리교회옆,202012,1264
성동구,3515. 서울숲 관리사무소,202012,650
성동구,3525. 금호스포츠센터앞,202012,363
성동구,3527. 왕십리 자이아파트,202012,41
성동구,3530. 왕십리자이아파트 후문(삼거리),202012,219
성동구,3531. 논골사거리(금호도서관 입구),202012,150
성동구,3532. 왕십리KCC스위첸아파트,202012,63
성동구,3538. 서울숲 IT캐슬,202012,340
성동구,3544.한양대역 3번 출구,202012,558
성동구,3545.한양대역 1번출구,202012,299
성동구,3547.상왕십리역 6번 출입구,202012,268
성동구,3548.뚝섬역 6번출구,202012,682
성동구,3549.건영아파트 앞,202012,761
성동구,3550.금호나들목,202012,399
성동구,3551.성동도로사업소,202012,114
성동구,3552.서울숲 공영주차장앞,202012,254
성동구,3553.마장역3번출구,202012,169
성동구,3555.양지사거리(센트라스APT 115동앞),202012,136
성동구,3556.신금호파크자이APT앞,202012,129
성동구,3557.서울숲리버뷰자이APT105동 앞,202012,278
성동구,3558.마장동 금호어울림APT앞,202012,322
성동구,3559.성동구민종합체육센터 앞,202012,659
성동구,3560.성동구 견인차량 보관소 앞,202012,650
성동구,3561.행당동 삼부APT후문,202012,123
성동구,3600.사근빗물펌프장 건너편,202012,1042
성동구,4353. 코오롱디지털타워 3차앞,202012,37
성동구,4360. 르노삼성자동차 성수사업소 앞,202012,15
성동구,4362. 행당중학교 후문,202012,12
성동구,506. 금호 어울림 아파트 앞,202012,347
성동구,507. 성수아이에스비즈타워 앞,202012,737
성동구,508. 성수아카데미타워 앞,202012,932
성동구,509. 이마트 버스정류소 옆,202012,1976
성동구,510. 서울숲 남문 버스정류소 옆,202012,298
성동구,511. 서울숲역 4번 출구 옆,202012,411
성동구,512. 뚝섬역 1번 출구 옆,202012,1048
성동구,513. 뚝섬역 5번 출구 정류소 옆,202012,1270
성동구,514. 성수사거리 버스정류장 앞,202012,1148
성동구,518. 청계천 박물관 앞,202012,498
성동구,519. 양지사거리,202012,441
성동구,520. 상왕십리역 4번 출구 앞,202012,360
성동구,521. 왕십리역 11번 출구 앞,202012,826
성동구,522. 금호역 1번출구 앞,202012,132
성동구,523. 옥수동성당 옆,202012,79
성동구,524. 래미안금호하이리버 아파트 102동 옆,202012,244
성동구,525. 한양대병원사거리,202012,964
성동구,526. 용답토속공원 앞,202012,361
성동구,529. 장한평역 8번 출구 앞,202012,1029
성동구,530. 청계벽산아파트 앞,202012,1075
성동구,533. 우리은행 금호동 지점 앞,202012,137
성동구,534. 금호사거리,202012,164
성동구,535. 응봉삼거리,202012,367
성동구,536. 행당역 2번출구 앞,202012,463
성동구,537. 한양대후문역 부근,202012,636
성동구,538. 답십리역 8번출구 앞,202012,376
성동구,550. 서울시설공단 앞,202012,664
성동구,556. 달맞이공원,202012,77
성동구,557. 도선동 주민센터 앞,202012,563
성동구,558. 성동광진 교육지원청 앞,202012,711
성동구,559. 왕십리역 4번 출구 건너편,202012,952
성동구,560. 비전교회 앞,202012,865
성동구,561. 서울숲역 2번출구 앞,202012,793
성동구,562. 군자지하보도 앞,202012,470
성동구,563. 성동세무서 건너편,202012,1227
성동구,564. 금호역 3번출구,202012,73
성동구,565. 옥수역 3번출구,202012,2029
성동구,567. 성수역 2번출구 앞,202012,1853
성동구,568. 청계8가사거리 부근,202012,1787
성동구,569. 응봉현대아파트 정류소,202012,145
성동구,578. 성동세무서 부근,202012,718
성동구,579. 마장역 4번출구,202012,476
성동구,581. 용답초등학교,202012,505
성동구,582. 경일중학교 앞,202012,772
성동구,583. 청계천 생태교실 앞,202012,2217
성동구,585. 성수2가1동 공영주차장 인근,202012,1545
성동구,586. 마장동 주민센터,202012,354
성동구,587. 유니베라 앞,202012,738
성동구,589. 성수역3번출구,202012,1794
성동구,594. 중랑물재생센터(서울새활용플라자),202012,312
성동구,9980. 에이텍,202012,5
성북구,1302. 한성대입구역6번출구 뒤,202012,415
성북구,1303. 돈암초교 입구,202012,503
성북구,1304. 만해공원,202012,267
성북구,1305. 성북구청,202012,553
성북구,1306. 한성대입구역2번출구,202012,731
성북구,1308. 안암로터리 버스정류장 앞,202012,2264
성북구,1314. 정릉꿈에그린1단지 201동 앞,202012,265
성북구,1315. 고려사대부속중고 정문,202012,244
성북구,1316. 고려사대부속중고 건너편,202012,299
성북구,1318. 길음역 3번출구 뒤,202012,618
성북구,1320. LG베스트샵 종암점,202012,1246
성북구,1321. 국민은행 종암동지점 앞,202012,1500
성북구,1322. 래미안라센트아파트 103동 앞,202012,610
성북구,1323. 월곡역 입구 육교 밑,202012,225
성북구,1325. 상월곡역 4번출구,202012,306
성북구,1326. 상월곡역 1번출구,202012,547
성북구,1327. 상월곡역 3번출구,202012,654
성북구,1328. 월곡역 3번출구,202012,1090
성북구,1332. 석계역 5번출구 건너편,202012,662
성북구,1333. 석관초등학교 앞,202012,662
성북구,1334. 석관동주민센터 앞,202012,590
성북구,1336. 성북3교 위,202012,858
성북구,1337. 돈암성당 옆,202012,963
성북구,1338. 용문2교 옆,202012,500
성북구,1339. 삼성전자서비스 성북센터,202012,340
성북구,1340. 광운초등학교 앞,202012,295
성북구,1342. 성북쉼터 앞,202012,150
성북구,1343. 한성대7번출구 앞,202012,410
성북구,1344. 아리랑시네센터 앞,202012,460
성북구,1346. 길음8골어린이공원 옆,202012,532
성북구,1347. 길음래미안아파트817동 상가 앞,202012,283
성북구,1348. 성북제일새마을금고 본점 앞,202012,259
성북구,1349. 월계2교 버스정류장 앞,202012,745
성북구,1351. 안암2교 옆,202012,1074
성북구,1352. e 편한세상 보문아파트 내,202012,222
성북구,1353. 금호어울림센터힐 내,202012,233
성북구,1354. 고려대학교 2번출구,202012,1127
성북구,1355. 보문2교,202012,1245
성북구,1357. 북한산보국문역,202012,279
성북구,1358. 정릉도서관 앞,202012,377
성북구,1359. 장위뉴타운 꿈에 숲 코오롱 하늘채 앞,202012,389
성북구,1360. 정릉역,202012,321
성북구,1361. 홍익중고 입구,202012,538
성북구,1362. 보문역6번출구 앞,202012,871
성북구,1363. 보문4교 인근,202012,1121
성북구,1364. 성북동 치안센터 앞,202012,384
성북구,1365. 선잠단지 앞,202012,168
성북구,1366. 일신초등학교 옆,202012,184
성북구,1367. 길음문화복합미디어센터,202012,204
성북구,1368. 성신여대입구 교차로,202012,522
성북구,1369. 미아사거리,202012,923
성북구,1370. 복자사랑 피정의 집,202012,212
성북구,1372. KEB은행 고대점,202012,913
성북구,1373. 성북구보건소 건너편,202012,478
성북구,1375. 생명의 전화 종합복지관 앞 교차로,202012,773
성북구,1376. 한국과학기술연구원 중문,202012,138
성북구,1377. 한국과학기술연구원 북문,202012,161
성북구,1379.길음뉴타운푸르지오아파트 3단지,202012,204
성북구,1380.월곡역 5번출구 앞,202012,757
성북구,1381.석계역 4번출구 뒤,202012,608
성북구,1382.래미안월곡아파트 입구,202012,564
성북구,1384.성신여대입구역 5번출구,202012,792
성북구,1385.성신여대입구역 3번출구 앞,202012,431
성북구,1386.동선고가차도 초입,202012,267
성북구,1388.커핀그루나루,202012,332
성북구,1390.석관래미안아트리치,202012,692
성북구,1391.성북청소년센터,202012,174
성북구,1392.돈암삼성풍림아파트,202012,47
성북구,1393.돈암육교 하단,202012,82
성북구,1394.길음뉴타운 래미안9단지,202012,386
성북구,1395.래미안장위포레카운티(102동),202012,335
성북구,1396.래미안장위퍼스트하이(513동),202012,419
성북구,1397.래미안월곡아파트 (창문여고 건너편),202012,366
성북구,4403. 하월곡동 광명비전교회 앞,202012,21
송파구,1201. 가락시장역 3번 출구,202012,907
송파구,1203. 밀리아나2빌딩 앞,202012,857
송파구,1204. 거여역 3번출구,202012,515
송파구,1205. 종합운동장역 4번출구,202012,467
송파구,1206. 9호선종합운동장역 9번출구,202012,417
송파구,1207. 마천CU우방점 앞,202012,435
송파구,1208. 풍납현대아파트쉼터,202012,648
송파구,1209. 잠실나루역 (2번 출구 쪽),202012,2162
송파구,1210. 롯데월드타워(잠실역2번출구 쪽),202012,3143
송파구,1211. 방이삼거리,202012,1348
송파구,1212. 송파역 2번 출구앞,202012,815
송파구,1213. 백토공원 앞,202012,252
송파구,1214. 오금역 7번 출구 인근,202012,487
송파구,1215. 올림픽공원역 1번출구 앞,202012,693
송파구,1217. 송파파인타운 7단지,202012,405
송파구,1218. 방이역 4번출구,202012,901
송파구,1220. 잠실본동주민센터뒤 잠실근린공원,202012,1015
송파구,1221. 삼전사거리 포스코더샵,202012,860
송파구,1222. 잠실새내역 5번 출구 뒤,202012,1175
송파구,1224. 아시아지하보도 2번 출구,202012,459
송파구,1226. 잠실4동 주민센터 옆,202012,703
송파구,1227. 거여역 8번출구 뒤,202012,694
송파구,1228. 마천사거리,202012,548
송파구,1229. 송파체육문화회관 앞,202012,648
송파구,1230. 송파중학교 정문,202012,454
송파구,1231. 잠실역 6번출구,202012,911
송파구,1232. 롯데마트 주차장 옆,202012,982
송파구,1233. 잠실3거리(갤러리아팰리스),202012,412
송파구,1235. 잠실트리지움310동 옆,202012,683
송파구,1239. 문정 법조단지3,202012,232
송파구,1240. 문정 법조단지4,202012,248
송파구,1241. 문정 법조단지5,202012,187
송파구,1242. 문정 법조단지6,202012,53
송파구,1243. 문정 법조단지7,202012,1067
송파구,1244. 문정 법조단지8,202012,957
송파구,1245. 문정 법조단지9,202012,711
송파구,1246. 문정 법조단지10,202012,886
송파구,1247. 문정 법조단지11,202012,567
송파구,1248. 방이초등학교,202012,869
송파구,1249. 아주중학교건너편,202012,507
송파구,1250.문정2동 주민센터,202012,251
송파구,1251. 석촌역 2번출구,202012,979
송파구,1253. 오금역 3번 출구 뒤,202012,357
송파구,1256. 문정현대아파트 교차로,202012,478
송파구,1257. 가락시장역 롯데마트앞,202012,946
송파구,1258. 가락미륭아파트 앞,202012,420
송파구,1259. 방이역 1번출구,202012,776
송파구,1260. 방이동 한양3차아파트 옆,202012,580
송파구,1262. 송파여성문화회관 앞,202012,818
송파구,1263. 장지공영차고지,202012,135
송파구,1264. 천호역 10번 출구 앞,202012,1030
송파구,1265. 문정동 근린공원,202012,746
송파구,1266. 문정동 글샘 공원,202012,249
송파구,1267. 올림픽공원 남2문 앞,202012,403
송파구,1268. 몽촌토성역 1번출구 옆,202012,1291
송파구,1269. 리센츠아파트,202012,707
송파구,1271. 송파도서관,202012,364
송파구,1274. 영파여고 앞,202012,548
송파구,1275. 거여초등학교 옆,202012,252
송파구,1277. 오금동 송파 참병원,202012,570
송파구,1278. 송파구청 교차로,202012,1193
송파구,1279. 마천금호어울림 1차아파트 건너편,202012,258
송파구,1280. 송파파크데일 2단지입구 앞 주차장,202012,278
송파구,1282. 송파소방서 맞은편(성내4교),202012,823
송파구,1283. 오금공원 사거리,202012,109
송파구,1285. 위례별 유치원 뒤,202012,245
송파구,1286. 위례중앙푸르지오 1단지 앞,202012,643
송파구,1287. 위례아이파크 101동 맞은편,202012,266
송파구,1288. 문정중교 사거리,202012,625
송파구,1289. 풍납동 자전거보관소,202012,220
송파구,1290. 위례송파꿈에그린아파트24단지 앞 성벽 다리 밑,202012,338
송파구,1291. 서울체육고등학교 앞,202012,171
송파구,1293. 석촌호교차로 (스타벅스 앞),202012,993
송파구,1295. 잠실역 8번출구,202012,1824
송파구,1296. 석촌호수교차로 (송파나루근린공원 앞),202012,285
송파구,1297. 석촌호수교차로(동호 팔각정 앞),202012,629
송파구,1299. 송파소방서 (방이119안전센터),202012,295
송파구,1300. 오륜사거리,202012,341
송파구,2601. 석촌호수 서호사거리,202012,855
송파구,2603. 송파 글마루 도서관,202012,431
송파구,2604. 삼표레미콘 앞,202012,387
송파구,2605. 복정역 1번 출구 앞,202012,210
송파구,2606. 위례동주민센터 맞은편 근린공원,202012,521
송파구,2607. 복정역 2번출구 후문 (장지치안센터),202012,447
송파구,2608. 송파구청,202012,724
송파구,2609. 보성중고등학교 후문 앞,202012,93
송파구,2610. 여흥레이크빌 앞 (석촌호수 까페거리),202012,798
송파구,2611. 송파지역자활센터 뒤,202012,992
송파구,2612. 문정·가락 대여소 앞,202012,34
송파구,2613. 잠실나들목,202012,1037
송파구,2614. 가락고등학교 앞,202012,501
송파구,2615. 테라타워2,202012,1081
송파구,2616. 거여동 사거리,202012,134
송파구,2617. 가락삼환아파트 앞,202012,586
송파구,2618. 삼전역 1번출구,202012,559
송파구,2619. 석촌고분역 4번출구,202012,1014
송파구,2620. 송파나루역 4번 출구옆,202012,1497
송파구,2621. 한성백제역 2번 출구,202012,1593
송파구,2622. 올림픽공원역 3번출구,202012,1637
송파구,2623.석촌동 주민센터,202012,1018
송파구,2625.가락1동 주민센터,202012,360
송파구,"2626.경찰병원역 1,2번 출구 사이",202012,324
송파구,2627.문정시영아파트 5동 앞 공원,202012,282
송파구,2628.문정역 1번출구,202012,740
송파구,2629.문정동 힐스데이트 에코 송파,202012,1174
송파구,2630.서울방이동 고분군,202012,532
송파구,2631.배명고등학교,202012,391
송파구,2632.석촌고분역 2번 출구,202012,780
송파구,2633.송파학사 옆,202012,468
송파구,2634.위례포레샤인아파트 2318동,202012,229
송파구,2635.잠실새내역 1번출구,202012,492
송파구,2637.잠실월드 메르디앙,202012,675
송파구,2638.쌍용아파트,202012,737
송파구,2639.석촌역 8번출구,202012,1116
송파구,2641.송파역 4번출구,202012,1245
송파구,2642.마천동 성내천 쉼터,202012,362
송파구,2643.풍납중학교 측면,202012,158
송파구,2644.성내5교 (GS주유소),202012,488
송파구,2645.잠실나들목2(엘스아파트136동),202012,810
송파구,2646.레이클펠리스101동앞,202012,828
송파구,2647.잠실 자전거 수리센터 앞,202012,545
송파구,2648.헬리오시티 112동 앞,202012,544
송파구,2649.오금공원사거리2,202012,168
송파구,2650.위례22단지 2208동 다리앞,202012,99
송파구,2651.경찰병원역 3번출구 앞,202012,365
송파구,2652.송파 레미니스1단지 102동 앞,202012,403
송파구,2653.올림픽공원사거리(선수촌아파트),202012,600
송파구,2654.올림픽선수촌아파트 136동 앞,202012,234
송파구,2655.송이공원,202012,444
송파구,2656.풍납동 아이파크 107동 앞,202012,752
송파구,2657.송파 파인타운 11단지,202012,254
송파구,2658.가락몰 업무동,202012,535
송파구,2659.서울친환경유통센터,202012,65
양천구,700. KB국민은행 염창역 지점 앞,202012,669
양천구,701. 목동사거리 부근,202012,628
양천구,702. 목4동주민센터 옆,202012,740
양천구,703. 오목교역 7번출구 앞,202012,2031
양천구,704. 남부법원검찰청 교차로,202012,1419
양천구,706. 신정네거리역,202012,573
양천구,707. 신정3동주민센터,202012,393
양천구,708. 서울출입국관리사무소 앞,202012,1172
양천구,709. 신정3동 현장민원실 앞,202012,435
양천구,710. 금옥여고보도육교,202012,230
양천구,711. 신일해피트리아파트 앞,202012,563
양천구,712. 강월초교입구 사거리,202012,348
양천구,713. 양서중학교 옆,202012,460
양천구,714. 한국SGI 양천문화회관 앞,202012,440
양천구,716.신정6동 주민센터 인근,202012,555
양천구,719. 홍익병원앞 교차로,202012,841
양천구,720. 서울강월초등학교 앞,202012,304
양천구,722. LG전자베스트샵 신정점,202012,1146
양천구,723. SBS방송국,202012,1157
양천구,724. 계남공원 입구 주출입구 좌측,202012,189
양천구,725. 양강중학교앞 교차로,202012,457
양천구,726. 목동3단지 시내버스정류장,202012,1331
양천구,729. 서부식자재마트 건너편,202012,1225
양천구,731. 서울시 도로환경관리센터,202012,731
양천구,732. 신월동 이마트,202012,511
양천구,733. 신정이펜하우스314동,202012,313
양천구,734. 신트리공원 입구,202012,914
양천구,735. 영도초등학교,202012,1084
양천구,736. 오솔길공원,202012,456
양천구,737. 장수공원,202012,624
양천구,739. 신월사거리,202012,583
양천구,740. 으뜸공원,202012,679
양천구,741. 화곡로 입구 교차로,202012,226
양천구,742. 등촌역 5번 출구 뒤,202012,382
양천구,743. 현대6차아파트 101동 옆,202012,263
양천구,744. 신목동역 2번 출구,202012,1287
양천구,745. 강서초등학교,202012,534
양천구,746. 목동2단지 상가,202012,1084
양천구,747. 목동3단지 상가,202012,622
양천구,748. 목동운동장,202012,258
양천구,749. 이대 목동병원 앞,202012,808
양천구,750. 연의근린공원 건너편,202012,468
양천구,752. 성원2차 아파트,202012,467
양천구,754. 목동1단지아파트 118동 앞 (월촌초등학교 정류소 옆),202012,796
양천구,755. 목동1단지아파트 상가 앞 (월촌중학교 버스정류소 옆),202012,992
양천구,756. 목동주차장,202012,610
양천구,757. 신정이펜하우스 1단지아파트 입구 사거리,202012,297
양천구,758. 한사랑교회 앞,202012,900
양천구,759. 보아스아파트 앞,202012,409
양천구,760. 잣절보도육교 아래,202012,254
양천구,762. 오목로 무중력지대 앞,202012,441
양천구,763. 목동11단지 아파트,202012,613
양천구,764. 목동청소년수련관,202012,1079
양천구,765. 오목교역 3번출구,202012,1859
양천구,766. 신목동역 3번출구,202012,1109
양천구,767.신정숲속마을아파트,202012,186
양천구,768.목동5단지아파트 501동,202012,553
양천구,769.CBS방송국 앞,202012,1466
양천구,770.목동역5번출구 교통정보센터 앞,202012,1980
양천구,771.목동아파트 703동 앞,202012,936
양천구,"773.염창역 3, 4번 출구 사이",202012,667
양천구,774.등촌역 4번 출구,202012,397
양천구,775.세종그랑시아 앞(102동),202012,457
양천구,776.목마공원,202012,280
양천구,777.신월6차보람아파트 앞,202012,498
양천구,779.양천나눔누리센터,202012,816
양천구,780.신정교 하부,202012,1178
양천구,781.신정보도육교 아래,202012,1136
양천구,782.서남병원 후문,202012,285
양천구,"785.양천구청, 보건소 사잇길",202012,1326
양천구,786.목동아파트 8단지 상가동 앞,202012,892
양천구,787.양천아파트 입구,202012,1258
양천구,788.양천구청역 2번출구 옆,202012,907
양천구,790.화곡고가 사거리,202012,479
양천구,791.현대하이페리온,202012,1068
양천구,792.목동트라팰리스 웨스턴에비뉴,202012,1844
양천구,793.목동5단지아파트 534동,202012,711
양천구,794.양천문화회관,202012,864
양천구,795.양천 해누리타운,202012,966
양천구,796.목동아파트 14단지 B상가 앞,202012,777
양천구,797.목동아파트 1422동 1434동 사잇길,202012,946
영등포구,200. 국회의원회관,202012,214
영등포구,201. 진미파라곤 앞,202012,622
영등포구,202. 국민일보 앞,202012,1644
영등포구,203. 국회의사당역 3번출구 옆,202012,1025
영등포구,204. 국회의사당역 5번출구 옆,202012,618
영등포구,205. 산업은행 앞,202012,788
영등포구,206. KBS 앞,202012,1177
영등포구,207. 여의나루역 1번출구 앞,202012,2911
영등포구,209. 유진투자증권빌딩 앞,202012,710
영등포구,210. IFC몰,202012,2132
영등포구,211. 여의도역 4번출구 옆,202012,1588
영등포구,212. 여의도역 1번출구 옆,202012,1116
영등포구,213. KT앞,202012,901
영등포구,214. 금융감독원 앞,202012,602
영등포구,215. 여의도고교 앞,202012,411
영등포구,216. 삼부아파트1동 앞,202012,200
영등포구,217. NH농협은행 앞,202012,1122
영등포구,218. 증권거래소 앞,202012,506
영등포구,219. 롯데캐슬엠파이어 옆,202012,720
영등포구,220. 미성아파트 A동 앞,202012,812
영등포구,221. 여의도초교 앞,202012,890
영등포구,222. 시범아파트버스정류장 옆,202012,1774
영등포구,223. 진주아파트상가 앞,202012,613
영등포구,224. 롯데캐슬 앞,202012,764
영등포구,225. 앙카라공원 앞,202012,744
영등포구,226. 샛강역 1번출구 앞,202012,880
영등포구,227. 양평2나들목 보행통로 입구,202012,826
영등포구,228. 선유도역 3번출구 앞,202012,1533
영등포구,229. 양평1 보행육교 앞,202012,959
영등포구,230. 영등포구청역 1번출구,202012,2637
영등포구,231. 남부고용노동지청 남측,202012,574
영등포구,232. 양평우림 이비즈센타 앞,202012,1869
영등포구,233. YP 센터 앞,202012,292
영등포구,234. 영등포구민체육센터 앞,202012,416
영등포구,235. 신길동 우리은행 옆,202012,550
영등포구,236. 문래동자이아파트 앞,202012,850
영등포구,238. 제2구민체육센타 앞,202012,589
영등포구,239. 유스호스텔 앞,202012,664
영등포구,240. 문래역 4번출구 앞,202012,1413
영등포구,241. 신길우성1차아파트 앞 공원,202012,691
영등포구,242. 신길선원가와인아파트 앞,202012,584
영등포구,243. 이앤씨드림타워 앞,202012,1382
영등포구,244. 영등포삼환아파트 앞,202012,915
영등포구,245. 삼성생명 당산사옥 앞,202012,1254
영등포구,247. 당산역 10번출구 앞,202012,2346
영등포구,248. 초원아파트 앞,202012,529
영등포구,249. 여의도중학교 옆,202012,513
영등포구,250. 대림아파트 사거리,202012,461
영등포구,251. 서울지방병무청 버스정류장,202012,565
영등포구,252. 보라매역4번출구,202012,734
영등포구,253. 신풍역 5번출구 인근,202012,589
영등포구,254. 도림신협 앞,202012,754
영등포구,255. 도림사거리,202012,643
영등포구,256. 동아에코빌입구,202012,507
영등포구,257. 신길삼거리(우리은행),202012,1537
영등포구,258. 신길역3번출구,202012,806
영등포구,259. 대방역6번출구,202012,1640
영등포구,260. 여의도 마리나선착장 앞,202012,296
영등포구,262. 영문초등학교 사거리,202012,1684
영등포구,263. 근로자회관 사거리,202012,2100
영등포구,264. 교보생명보험 앞,202012,676
영등포구,265. 영등포유통상가 사거리,202012,779
영등포구,266. 영등포청과시장 사거리,202012,477
영등포구,267. 삼성화재 사옥 옆,202012,782
영등포구,268. 그랜드컨벤션센터 앞,202012,769
영등포구,270. 증권거래소후문교차로,202012,380
영등포구,271. 샛강생태공원방문자센터 앞,202012,273
영등포구,272. 당산육갑문,202012,1491
영등포구,274. 영등포역지하쇼핑센타 5번출구,202012,1805
영등포구,275. 신동아아파트,202012,1279
영등포구,276. SK 영등포주유소,202012,1164
영등포구,277. 영등포뉴타운지하상가 2번게이트,202012,962
영등포구,278. 쌍용플레티넘오피스텔,202012,961
영등포구,279. 영등포 푸르지오 아파트,202012,729
영등포구,280. 양평동6차현대아파트 앞,202012,1171
영등포구,281. 신동아아파트 앞,202012,451
영등포구,282. 신한은행,202012,285
영등포구,283. 아크로타워 스퀘어(영등포시장),202012,1642
영등포구,284. 센트럴 푸르지오 시티 앞,202012,2120
영등포구,285. 대림3동사거리(하나은행),202012,425
영등포구,286. 우성아파트 교차로,202012,816
영등포구,287. 영등포전화국사거리 (서강어린이공원),202012,706
영등포구,288. 쌍용예가(구청별관),202012,577
영등포구,289. 대림3동사거리,202012,529
영등포구,290. 당산동 SK V1 빌딩,202012,828
영등포구,291. 문래동 하이테크 시티,202012,1130
영등포구,292. 영일 어린이공원,202012,550
영등포구,293. 충북 미래관,202012,1126
영등포구,295.영등포공원 분수대 앞,202012,215
영등포구,296.KT플라자 영등포점,202012,677
영등포구,297.국회3문,202012,202
영등포구,298.KBS 연구동 건너편,202012,175
영등포구,299.여의도 순복음교회,202012,196
영등포구,3201.당산skv1센터,202012,463
영등포구,3202.당산롯데캐슬프레스티지,202012,911
영등포구,3203.도림동배드민턴체육관,202012,222
영등포구,3204.도림고가도로 밑,202012,424
영등포구,3205.문래중학교,202012,1087
영등포구,3206.문래동 주민센터,202012,466
영등포구,3207.양남사거리 교통섬,202012,446
영등포구,3211.신길 래미안 프레비뉴,202012,435
영등포구,3212.신풍역 6번출구,202012,549
영등포구,3214.영등포 푸르지오,202012,688
영등포구,3215.강변삼성래미안,202012,577
영등포구,3219.영등포역 2번출구,202012,1023
영등포구,3220.래미안에스티움 앞 (신풍로),202012,669
영등포구,3221.서울특별시 남부교육지원청,202012,232
용산구,4602. 숙명여대앞 버스정류소 주변,202012,10
용산구,4604. 원효로다목적체육관 앞,202012,4
용산구,"4605. 노들섬 다목적홀(동쪽) 숲, 앞",202012,23
용산구,4616. 신용산지하차도 앞,202012,8
용산구,4617. 동원베네스트 건너편,202012,3
용산구,4618. 풍전아파트 건너편,202012,6
용산구,4627. 효창공원앞역 5번출구 옆,202012,6
용산구,800. 목월공원 앞,202012,628
용산구,802. 한강진역 2번 출구 앞,202012,336
용산구,803. 한남초교 앞 보도육교,202012,86
용산구,805. 문배어린이공원 앞,202012,404
용산구,806. 전자랜드 본관 앞,202012,584
용산구,807. 서울역 12번 출구 앞,202012,479
용산구,808. 서빙고동 금호맨션 앞,202012,153
용산구,809. 한남 유수지 복개주차장,202012,433
용산구,810. 이태원지하보도,202012,284
용산구,811. 녹사평역1번출구,202012,379
용산구,812. 용산전쟁기념관,202012,97
용산구,813. 삼각지역 3번출구,202012,455
용산구,815. LIG강촌아파트 103동앞,202012,833
용산구,816. 신용산역 6번출구 앞,202012,659
용산구,817. 삼각지역 4번출구 앞,202012,214
용산구,818. 숙명여대 입구 교차로,202012,800
용산구,819. 선린인터넷 고등학교,202012,504
용산구,820. 청파동입구 교차로,202012,441
용산구,822. 이촌1동 마을공원,202012,146
용산구,823. 효창동주민센터 앞,202012,192
용산구,825. 서빙고동 주민센터 앞,202012,1025
용산구,827. 국군복지단,202012,68
용산구,828. 숙대입구역 8번,202012,385
용산구,829. 베르가모앞,202012,985
용산구,830. 청암자이아파트앞,202012,219
용산구,831. 이태원관광특구입구,202012,254
용산구,832. 이촌1동 주민센터 뒤,202012,638
용산구,834. 효창공원앞역 3번출구 뒤,202012,723
용산구,835. 남영역 건너편,202012,401
용산구,836. 현대자동차서비스 앞,202012,466
용산구,837. 한남나들목 입구,202012,761
용산구,838. 숙대입구역 4번출구,202012,458
용산구,839. 보광동 삼성리버빌아파트 앞,202012,444
용산구,840. 용산 파크타워 앞,202012,235
용산구,841. 신용산역 1번 출구,202012,749
용산구,843. 녹사평역 광장,202012,457
용산구,844. 이촌2동 동원베네스트 아파트 앞,202012,455
용산구,845. 용산 선인상가,202012,452
용산구,846. 용산중학교,202012,517
용산구,847. 국방부민원실옆,202012,197
용산구,848. 삼각지12번 출구,202012,178
용산구,849. 삼각지 자이아파트,202012,392
용산구,850. KCC용산월츠타워,202012,228
용산구,851.효창 푸르지오 앞,202012,253
용산구,852.청암자이APT(103동),202012,339
용산구,853.용산역 맞은편,202012,1231
용산구,854.HID 유족동지회 앞,202012,122
용산구,855.이촌역5번출구 앞,202012,46
용산구,857. 현대 안성타워,202012,348
용산구,858.녹사평역3번 출구,202012,84
용산구,859.남산공원 야외식물원 앞,202012,70
용산구,860.LG한강 자이아파트 앞,202012,558
용산구,863.이촌역2번 출구,202012,139
용산구,864.순천향대학병원(한남오거리),202012,459
용산구,865.하얏트호텔 앞,202012,58
용산구,866.브라운스톤 남산아파트,202012,419
용산구,867.서빙고역 광장(1번출구),202012,135
용산구,868.롯데하이마트 용산점 앞,202012,205
용산구,869.노들섬 동측 앞,202012,208
용산구,870.노들섬 서측 앞,202012,527
은평구,4652. 신사두산위브2차아파트 앞,202012,444
은평구,4653. LG 베스트샵 앞,202012,29
은평구,4654. OK부동산 앞,202012,14
은평구,900. 은평예술회관,202012,465
은평구,901. 응암1동사무소,202012,401
은평구,902. 진관동 은빛초등학교,202012,139
은평구,903. 은평뉴타운 아이파크,202012,246
은평구,904. 은평뉴타운 푸르지오,202012,351
은평구,905. 구파발역 2번출구,202012,687
은평구,906. 연신내역 5번출구150M 아래,202012,1191
은평구,907. CJ 드림시티,202012,1852
은평구,908. 구산역 4번출구,202012,627
은평구,909. 백련산 힐스테이트 3차,202012,244
은평구,911. 은평평화공원(역촌역4번출구),202012,1058
은평구,912. 응암오거리,202012,1081
은평구,913. 이마트 은평점,202012,1788
은평구,914. 새절역 2번출구,202012,1438
은평구,915. 증산역 4번출구,202012,883
은평구,916. 평생학습관 앞,202012,600
은평구,917. 녹번역 4번출구,202012,822
은평구,919. 서울혁신파크,202012,435
은평구,921. 신도고등학교,202012,224
은평구,922. 연신내역 4번출구,202012,285
은평구,923. 국민은행 연서지점,202012,355
은평구,924. 메뚜기다리,202012,188
은평구,925. 불광역 2번출구,202012,305
은평구,927. 연신내역 3번출구 인근,202012,285
은평구,928. 은평역사한옥박물관,202012,160
은평구,930. 구 서부경찰서 건너편,202012,446
은평구,931. 역촌파출소,202012,1368
은평구,932. 예일여중,202012,509
은평구,933. LG서비스 역촌점,202012,814
은평구,934. 신사동 성당,202012,224
은평구,937. 상림마을 롯데캐슬2단지 옆,202012,31
은평구,938. 금암 문화공원,202012,93
은평구,939. 은평구청 교차로,202012,330
은평구,941. 은평뉴타운 도서관,202012,253
은평구,942. 상림마을 생태공원,202012,134
은평구,943. 은평구청 보건소,202012,1114
은평구,945. 기자촌 사거리,202012,249
은평구,946. 독바위역,202012,322
은평구,947. 연신내 선일하이츠빌 정류소,202012,450
은평구,948. 디지털미디어 시티역 4번출구(DMC역),202012,596
은평구,949. 연신내역 1번 출구,202012,546
은평구,950. 구산역 2번 출구,202012,870
은평구,952. 서울연신중학교,202012,365
은평구,953. 서울연신초등학교,202012,274
은평구,954. 은평뉴타운구파발9단지,202012,168
은평구,956. 응암시장교차로,202012,1235
은평구,958. 신한은행 응암동 지점 앞,202012,732
은평구,959. 구파발10단지 인근,202012,164
은평구,960. 구파발역 환승센터,202012,349
은평구,961. 불광역 9번 출구,202012,962
은평구,962. 은평뉴타운 힐데스하임,202012,310
은평구,963. 대호프라자아파트,202012,525
은평구,964. 북한산힐스테이트 7차아파트,202012,300
은평구,965. 서울특별시 은평병원,202012,316
은평구,966. 서울혁신파크1,202012,118
은평구,967. 서울혁신파크2,202012,181
은평구,968. 은평뉴타운 상림마을 13단지,202012,75
은평구,969. 은평 지웰테라스,202012,131
은평구,971. 역촌 센트레빌 아파트,202012,297
은평구,972. 수색역,202012,647
은평구,973.제각말푸르지오 5-1단지 아파트,202012,153
은평구,974.연신초등학교옆 마을마당,202012,110
은평구,975.백련산 힐스테이트상가앞,202012,235
은평구,976.진관고등학교앞,202012,216
은평구,977.신도중학교앞,202012,152
은평구,978.녹번 힐스테이트상가앞,202012,283
은평구,979.원풍빌라앞,202012,438
은평구,982.유니클로 은평점앞,202012,449
은평구,984.상신초등학교앞 버스정류장,202012,554
은평구,985.은평온누리약국앞,202012,449
은평구,989.응암 꼬꼬닭치킨호프 앞,202012,19
은평구,991.흥국사 정류장,202012,47
은평구,992.북한산입구 정류장,202012,116
은평구,993.은평뉴타운 온뜨락아파트앞,202012,405
은평구,994.북한산생태공원입구(교통섬),202012,181
은평구,995.은평다목적체육관,202012,118
은평구,996.응암역 1번출구,202012,1483
종로구,301. 경복궁역 7번출구 앞,202012,561
종로구,302. 경복궁역 4번출구 뒤,202012,990
종로구,303. 광화문역 1번출구 앞,202012,878
종로구,304. 광화문역 2번출구 앞,202012,544
종로구,305. 종로구청 옆,202012,679
종로구,306. 광화문역 7번출구 앞,202012,655
종로구,307. 서울역사박물관 앞,202012,550
종로구,308. 광화문 S타워 앞,202012,926
종로구,309. 광화문역 6번출구 옆,202012,448
종로구,314. 국립현대미술관,202012,423
종로구,316. 종각역 1번출구 앞,202012,1251
종로구,326. 안국역 5번출구 앞,202012,859
종로구,327. 낙원상가 옆,202012,678
종로구,328. 탑골공원 앞,202012,396
종로구,329. 청계2가 사거리 옆,202012,512
종로구,334. 종로3가역 2번출구 뒤,202012,544
종로구,335. 종로3가역 15번출구 앞,202012,564
종로구,337. 창경궁 입구,202012,217
종로구,338. 세운스퀘어 앞,202012,575
종로구,339. 종로4가 사거리,202012,767
종로구,340. 혜화동 로터리,202012,781
종로구,3401.창신두산아파트,202012,82
종로구,3402.이화공영주차장,202012,350
종로구,3403.서울특별시 교육청,202012,201
종로구,3404.서울특별시 중부교육지원청,202012,68
종로구,3405.파크팰리스,202012,447
종로구,3406.세종로공원,202012,493
종로구,3407.안국동사거리(신),202012,673
종로구,3408.종로타워빌딩,202012,579
종로구,341. 혜화역 3번출구 뒤,202012,696
종로구,3410.종로3가역 8번출구,202012,923
종로구,3411.종묘,202012,432
종로구,3412.세운상가,202012,325
종로구,3413.종로플레이스,202012,814
종로구,3414.종로5가역 4번출구,202012,456
종로구,3415.동대문역6번출구,202012,434
종로구,3416.동묘앞역 6번출구,202012,582
종로구,3417.창신3동주민센터,202012,643
종로구,3418.창신역2번 출구,202012,197
종로구,3419.국립어린이과학관,202012,208
종로구,342. 대학로 마로니에공원,202012,1064
종로구,3420.성균관대입구사거리(맥도날드),202012,416
종로구,3421.혜화역 1번출구,202012,721
종로구,3422.성균관대 정문,202012,862
종로구,3423.현대그룹(본사),202012,497
종로구,3425.광화문 풍림스페이스본 1단지앞,202012,254
종로구,3426.독립문역 2번출구 뒤,202012,195
종로구,3427.인왕산 아이파크 정문,202012,257
종로구,3428.서울미술관,202012,176
종로구,3429.AW컨벤션앞,202012,116
종로구,343. 예일빌딩(율곡로) 앞,202012,237
종로구,3430.구기치안센터 앞,202012,122
종로구,3431.로제우스 레포츠센터,202012,114
종로구,3432.종로2가 사거리,202012,685
종로구,344. 성균관대 E하우스 앞,202012,517
종로구,345. 서울보증보험본사 앞,202012,510
종로구,348. 독립문역 사거리,202012,625
종로구,349. 사직동주민센터,202012,496
종로구,351. 청운초교 앞 삼거리,202012,534
종로구,352. 중앙고입구 삼거리,202012,203
종로구,353. 재동초교 앞 삼거리,202012,390
종로구,354. 포르투갈 대사관 앞,202012,690
종로구,355. 서울사대부속초교 앞,202012,504
종로구,356. KT혜화지사 앞,202012,621
종로구,358. 성대입구 사거리,202012,531
종로구,359. 원남동사거리,202012,571
종로구,361. 동묘앞역 1번출구 뒤,202012,1518
종로구,362. 청계8가 사거리,202012,1142
종로구,363. 신설동역 11번출구 뒤,202012,910
종로구,364. 창신역 1번출구 앞,202012,402
종로구,367. 독립문역 3-1번출구,202012,741
종로구,368. SK 서린빌딩 앞,202012,506
종로구,369. 광화문 시민열린마당,202012,620
종로구,385. 종각역 5번출구,202012,867
종로구,388. 동성중학교 앞,202012,239
종로구,393. 동대문역 8번 출구,202012,1264
종로구,394. 경희궁 자이 3단지,202012,453
종로구,395. 경희궁 자이 2단지,202012,532
종로구,397. 종묘공영주차장 건너편,202012,323
종로구,446. 상명대입구,202012,287
종로구,447. 신영동삼거리,202012,63
종로구,449. 일성아파트,202012,213
종로구,450. 효자동 삼거리,202012,434
종로구,451. 청와대앞길,202012,139
종로구,452. 동대문 종합시장 버스정류장,202012,380
종로구,453. 종로오가 지하쇼핑센터 14번출구,202012,227
종로구,454. 종로2가 버스정류장 (종각방향),202012,466
종로구,455. 삼익한의원,202012,485
종로구,456. 숭인2동 주민센터 입구 (이강3대냉면),202012,587
종로구,457. 종로꽃시장 입구 옆,202012,560
종로구,458. 광화문역 5번출구,202012,961
종로구,461. 서울지방경찰청,202012,457
종로구,462. 신영동삼거리(북악터널방향),202012,109
종로구,464. 삼청동 골목,202012,478
종로구,465. 삼청공원 앞,202012,123
종로구,"4702. 평창동 꽃여울(꽃집),스타벅스 앞",202012,84
종로구,4710. 자교교회 앞,202012,107
종로구,4711. 올림픽기념 국민생활관 로터리,202012,622
종로구,486. 평창동주민센터 앞,202012,109
중구,300. 정동사거리,202012,777
중구,3013.서울지방고용노동청 앞,202012,309
중구,310. 청계광장 옆,202012,500
중구,311. 서울광장 옆,202012,1323
중구,318. 광교사거리 남측,202012,396
중구,320. 을지로입구역 4번출구 앞,202012,668
중구,321. KEB 하나금융그룹 명동사옥 옆,202012,671
중구,322. 명동성당 앞,202012,506
중구,324. 신세계백화점 본점 앞,202012,432
중구,331. 을지로2가 사거리 북측,202012,569
중구,332. 을지로2가 사거리 남측,202012,462
중구,336. 티마크 호텔 앞,202012,444
중구,346. 맥스타일 앞,202012,1018
중구,347. 동대문역사문화공원역 9번출구 앞,202012,425
중구,370. 시청역(2호선) 9번출구 뒤,202012,1100
중구,371. 동대입구역 6번출구 뒤,202012,209
중구,372. 약수역 3번출구 뒤,202012,389
중구,373. 청구 어린이공원,202012,118
중구,374. 청구역 2번출구 앞,202012,666
중구,375. 다산 어린이공원,202012,771
중구,378. 청계7가 사거리,202012,1101
중구,379. 서울역9번출구,202012,637
중구,380. CJ제일제당 앞,202012,656
중구,381. 장충체육관,202012,76
중구,382. 약수역 10번출구 앞,202012,370
중구,383. 신당역 12번 출구 뒤,202012,1101
중구,384. 종로학원본원,202012,277
중구,387. 훈련원공원주차장 앞,202012,629
중구,389. 을지로4가역 1번출구,202012,332
중구,390. 충무로역 1번출구,202012,888
중구,391. 정동길입구,202012,320
중구,398. 을지로3가역 3번출구,202012,602
중구,399. 서울역 센트럴 자이아파트,202012,398
중구,428. 명보사거리,202012,341
중구,429. 송도병원,202012,193
중구,430. KEB하나은행 장충동지점,202012,411
중구,431. 청계천 영도교,202012,1589
중구,433. 을지로입구역 2번출구,202012,898
중구,434. 신당 래미안 버스정류장,202012,208
중구,435. SK 남산빌딩,202012,252
중구,441.염천교사거리,202012,336
중구,442.서울역 서부,202012,245
중구,443.호암아트홀,202012,308
중구,466.롯데호텔,202012,260
중구,467.한국은행,202012,170
중구,468.웨스틴 조선호텔,202012,175
중구,469.회현역 1번출구,202012,215
중구,470.회현역 7번출구,202012,257
중구,471.회현사거리 남측,202012,400
중구,472.삼일교(시그니쳐 타워),202012,374
중구,473.을지로4가역 9번출구,202012,672
중구,474.동대문역사문화공원역 1번출구 뒤편,202012,814
중구,475.DDP 패션몰,202012,589
중구,476.광희문,202012,287
중구,4761. 탐앤탐스 을지로3가점,202012,15
중구,4762. 국제빌딩,202012,9
중구,477.앰배서더 호텔 주변,202012,236
중구,4772. 중앙일보,202012,7
중구,4774. 을지로입구역 8번출구,202012,7
중구,4775. 을지로지하쇼핑센터,202012,6
중구,4776. 신세계면세점,202012,5
중구,4778. 대신파이낸스센터,202012,17
중구,4784. 중부경찰서앞 사거리,202012,17
중구,4785. 롯데시티호텔,202012,6
중구,479.동대입구역 3번 출구,202012,189
중구,4791. 명동역9번 출구,202012,22
중구,480.약수역 6번 출구,202012,243
중구,481.신당역 10번 출구,202012,563
중구,482.예수소망교회,202012,67
중구,483.남산타운아파트 버스정류장,202012,204
중구,484.도동삼거리,202012,73
중구,826. 서울역 서부교차로2,202012,606
중랑구,1401. 극동늘푸른아파트,202012,681
중랑구,1402. 금란주차장 앞,202012,703
중랑구,1403. 중화빌딩 앞 (동부시장),202012,590
중랑구,1404. 동일로 지하차도,202012,774
중랑구,1405. 망우역 1번출구,202012,524
중랑구,1406. 망우청소년수련관,202012,57
중랑구,1407. 먹골역 1번출구 뒤,202012,498
중랑구,1408. 먹골역 6번출구 앞,202012,494
중랑구,1410. 면목 대원칸타빌아파트,202012,212
중랑구,1411. 상봉시장앞 교차로 한성빌딩 앞,202012,579
중랑구,1412. 면목초등학교,202012,245
중랑구,1413. 봉화산역 5번출구 뒤,202012,402
중랑구,1414. 사가정역 1번출구,202012,1015
중랑구,1416. 상봉역 3번출구,202012,417
중랑구,1418. 새솔초등학교,202012,173
중랑구,1420. 신내어울공원 앞,202012,367
중랑구,1421. 신내역 4번출구,202012,100
중랑구,1422. 신내우디안아파트 1단지,202012,134
중랑구,1424. 양원역 2번출구,202012,97
중랑구,1425. 용마문화복지센터,202012,337
중랑구,1426. 면목도시개발아파트 1동 앞,202012,225
중랑구,1427. 용마산역 1번출구,202012,255
중랑구,1428. 원묵고등학교,202012,379
중랑구,1429. 장안중학교,202012,437
중랑구,1430. 중랑구청,202012,700
중랑구,1431. 중랑구청 사거리,202012,712
중랑구,1433. 중화역 2번출구,202012,760
중랑구,1434. 홈플러스 면목동점,202012,387
중랑구,1435. 능산삼거리,202012,102
중랑구,1436. 영풍마드레빌,202012,362
중랑구,1437. 늘푸른공원 앞,202012,555
중랑구,1438. 홈플러스 신내점 앞,202012,694
중랑구,1440. 하나은행 면목지점,202012,652
중랑구,1441. 신내능말공원,202012,331
중랑구,1442. (구)신한은행 중랑교지점,202012,816
중랑구,1443. 구립망우청소년독서실,202012,279
중랑구,1444. 면목4치안센터,202012,634
중랑구,1445. 용마지구대,202012,107
중랑구,1446. 중랑전화국 교차로,202012,800
중랑구,1447. 면목역 3번출구,202012,963
중랑구,1448. 코스트코 상봉점,202012,1135
중랑구,1449. 상봉역 1번출구,202012,1058
중랑구,1450. 화랑대역 7번출구,202012,538
중랑구,1451. 중랑세무서,202012,958
중랑구,1452. 겸재교 진입부,202012,1016
중랑구,1453. 중랑캠핑숲,202012,91
중랑구,1454. 한국전력공사(동대문 중랑지사),202012,435
중랑구,1455. 상봉역 2번 출구,202012,728
중랑구,1456. 상아빌딩(우림시장 교차로),202012,530
중랑구,1457. 동원사거리,202012,461
중랑구,1458. 상봉터미널2,202012,845
중랑구,1459. 용마한신아파트사거리,202012,224
중랑구,1461.동양엔파트 앞,202012,493
중랑구,1462.동부시장 북문 앞,202012,568
중랑구,1463.중랑구민회관,202012,106
중랑구,1464.중화역 4번출구,202012,387
중랑구,1465.중랑공영차고지 옆,202012,241
중랑구,1466.두산대림아파트 삼거리,202012,159
중랑구,1467.sk신내 주유소앞(용마산로),202012,64
중랑구,1468.먹골역 7번 출구,202012,372
중랑구,1469.먹골역 4번출구,202012,403
중랑구,1470.중화동 우리은행 앞,202012,499
중랑구,1471.동양쇼핑 정류소 앞,202012,653
중랑구,1472.영성빌딩(PAT),202012,273
중랑구,1473.중랑역 1번 출구(중화문화복지센터),202012,657
중랑구,1474.서울중랑우체국,202012,430
중랑구,1477.면목삼익아파트 앞,202012,173
중랑구,1478.홈플러스 상봉점 앞,202012,658
중랑구,1479.면목 홈플러스 2,202012,328
중랑구,1480. 용마지구대 옆,202012,348
