month,대여 대여소명,대여자치구,cnt
1,(시립)고덕평생학습관,강동구,196
1,(재)FITI시험연구원,강서구,630
1,3호선 매봉역 3번출구앞,강남구,484
1,419민주묘지 입구사거리,강북구,262
1,419민주묘지역,강북구,193
1,419민주묘지역 1번출구,강북구,200
1,419탑 앞,강북구,164
1,"500번,507번 버스 종점 앞",금천구,32
1,63스퀘어,영등포구,664
1,7호선 이수역7번출구,동작구,243
1,9호선종합운동장역 9번출구,송파구,377
1,AS센터,성동구,9
1,CBS방송국 앞,양천구,1491
1,CJ 드림시티,은평구,911
1,CJ오쇼핑앞,서초구,56
1,CJ제일제당 앞,중구,512
1,DDP 패션몰,중구,420
1,DMC래미안e편한세상203동옆,서대문구,181
1,DMC빌 앞,마포구,269
1,DMC산학협력연구센터 앞,마포구,456
1,DMC엘가아파트 앞,서대문구,333
1,DMC역 2번출구 옆,마포구,636
1,DMC역 5번 출구(수색역 방향),은평구,393
1,DMC역 9번출구 앞,마포구,985
1,DMC역7번출구,마포구,238
1,DMC첨단산업센터,마포구,224
1,DMC파크뷰자이1단지 110동 앞,서대문구,216
1,DMC파크뷰자이아파트 302동 앞,서대문구,272
1,DMC홍보관,마포구,472
1,ESA아파트 상가 앞,도봉구,335
1,FITI시험연구원 앞,동대문구,215
1,HID 유족동지회 앞,용산구,35
1,HW컨벤션센터 앞,종로구,43
1,H비즈니스파크,송파구,421
1,IBK기업은행 석수역 지점 앞,금천구,47
1,JK장평타워,관악구,45
1,JTBC 앞,마포구,305
1,JW타워,서초구,53
1,K&S빌딩 앞,광진구,775
1,K+ 타워 앞,강남구,204
1,KAIST 경영대학 앞,동대문구,330
1,KBS 스포츠월드,강서구,896
1,KBS 앞,영등포구,651
1,KBS 연구동 건너편,영등포구,162
1,KB국민은행 염창역 지점 앞,양천구,388
1,KCC용산웰츠(WELLTZ)타워,용산구,196
1,KEB 하나금융그룹 명동사옥 옆,중구,474
1,KEB은행 고대점,성북구,230
1,KG타워 앞,중구,332
1,KRX한국거래소(1),영등포구,246
1,KT 서초지사 앞,서초구,92
1,KT 전화국 버스정류장 옆,노원구,1206
1,KT&G 관악지점,관악구,190
1,KT&G강동지사,강동구,345
1,KT&G타워 옆(상상마당 대치아트홀),강남구,194
1,KT관악지점,관악구,265
1,KT선릉타워,강남구,305
1,KT앞,영등포구,884
1,KT플라자 영등포점,영등포구,642
1,KT혜화지사 앞,종로구,405
1,LG CNS앞,마포구,412
1,LG 사이언스파크,강서구,404
1,LG사이언스파크 E10동,강서구,591
1,LG유플러스 (방배사옥),서초구,40
1,LG유플러스 마곡사옥,강서구,1266
1,LG전자 별관동(호서대 벤처타워 맞은편),금천구,350
1,LG한강 자이아파트 앞,용산구,335
1,LH 서초 4단지 403동,서초구,208
1,LH서초3단지 301동 맞은편,서초구,82
1,LIGA 아파트 앞,강동구,869
1,LIG강촌아파트 103동앞,용산구,331
1,MBC 앞,마포구,256
1,MCM 본사 직영점 앞,강남구,118
1,NH농협은행 앞,영등포구,1014
1,SBS방송국,양천구,827
1,SB타워 앞,강남구,71
1,SC제일은행 양재동지점 앞,서초구,215
1,SK 남산빌딩,중구,133
1,SK 서린빌딩 앞,종로구,564
1,SK리쳄블(서울아리수본부),서대문구,195
1,SPC 앞,서초구,221
1,SSTS 몰 앞,강동구,263
1,STX V타워,금천구,176
1,U레지던스 앞,영등포구,354
1,W컨템포오피스텔앞,금천구,133
1,e 편한세상 보문아파트 내,성북구,76
1,e편한세상 상도노빌리티 앞,동작구,167
1,e편한세상 신촌4단지 앞,서대문구,213
1,kt 행당빌딩 앞,성동구,223
1,sk신내 주유소앞(용마산로),중랑구,44
1,가든파이브 리빙관,송파구,141
1,가락1동주민센터,송파구,333
1,가락2동주민센터 인근,송파구,245
1,가락고등학교 앞,송파구,123
1,가락대림아파트 앞,송파구,275
1,가락몰 업무동,송파구,470
1,가락미륭아파트 앞,송파구,120
1,가락삼환아파트 앞,송파구,147
1,가락시장 남1문 사거리,송파구,205
1,가락시장역 2번 출구,송파구,423
1,가락시장역 3번 출구,송파구,605
1,가락시장역 사거리,송파구,446
1,가락쌍용2차아파트 103동,송파구,249
1,가락종합 사회복지관,송파구,108
1,가락중학교 앞,송파구,258
1,가락현대 1차 11동 앞,송파구,189
1,가로공원공영주차장 1번 출구,강서구,499
1,가리봉동주민센터,구로구,548
1,가마산지하보도 옆,구로구,167
1,가산동 주민센터,금천구,496
1,가산디지털단지 9번출구 인근,금천구,1023
1,가산롯데아이티캐슬,금천구,282
1,가산아네스트 오피스텔 앞,금천구,214
1,가양3동 주민센터,강서구,428
1,가양레포츠센터 앞,강서구,388
1,가양역 1번출구,강서구,789
1,가양역 7번출구,강서구,1169
1,가양역 8번출구,강서구,1342
1,가양오토갤러리,강서구,410
1,가양테크노타운,강서구,256
1,가오리역,강북구,376
1,가온문화공원,마포구,609
1,가재울 초등학교,서대문구,458
1,가재울사거리,서대문구,230
1,가좌삼거리,서대문구,410
1,가좌역 4번출구 앞,서대문구,524
1,가좌역1 번출구 앞,마포구,402
1,가좌행복주택 앞,마포구,426
1,갈산문화예술센터,양천구,440
1,갈현1동 주민센터,은평구,144
1,갑을그레이트밸리 앞,금천구,238
1,강남 을지병원 교차로,강남구,82
1,강남경찰서,강남구,304
1,강남구 도시관리공단,강남구,131
1,강남구청,강남구,119
1,강남구청역 2번출구 뒤,강남구,99
1,강남세브란스교차로  래미안그레이튼 104동 앞,강남구,171
1,강남자곡힐스테이트,강남구,203
1,강남중학교 앞,동작구,482
1,강남파이낸스센터앞(역삼역2번출구),강남구,230
1,강남한신휴플러스 6단지,강남구,162
1,강남한양수자인아파트,강남구,203
1,강동 한신휴플러스,강동구,611
1,강동경찰서,강동구,1349
1,강동경희대학교병원 입구,강동구,76
1,강동구음식물재활용센터,강동구,3
1,강동구청 앞,강동구,1040
1,강동구청역 1번 출입구,강동구,716
1,강동농협 버스정류소 앞(광채빌라),강동구,197
1,강동롯데캐슬퍼스트 아파트(관리동),강동구,224
1,강동리버스트4단지아파트 404동 앞,강동구,145
1,강동리버스트4단지아파트 405동 앞,강동구,132
1,강동리버스트6단지,강동구,154
1,강동리버스트7단지,강동구,114
1,강동리버스트8단지,강동구,125
1,강동리엔파크 13단지(1303동 앞),강동구,263
1,강동리엔파크14단지(1401동 앞),강동구,280
1,강동리엔파크9단지,강동구,175
1,강동세무서,강동구,753
1,강동역 1번출구 앞,강동구,509
1,강동역3번출구,강동구,947
1,강변그대가리버뷰 입구 맞은편,강동구,235
1,강변삼성래미안,영등포구,417
1,강변삼성스위트아파트 앞,용산구,173
1,강변아파트 310동 앞,강서구,266
1,강변역 4번출구 뒤,광진구,386
1,강북 청소년 문화정보도서관 앞,강북구,54
1,강북구청 뒷편,강북구,104
1,강북구청 사거리 버스정류소 앞,강북구,306
1,강북구청사거리,강북구,506
1,강북구청사거리(수유역 8번출구),강북구,699
1,강북문화예술회관,강북구,424
1,강북문화정보도서관,강북구,86
1,강북종합시장 앞,강북구,239
1,강북중학교 앞,강북구,440
1,강서공업고등학교 앞,강서구,293
1,강서구립등빛도서관,강서구,1451
1,강서구민올림픽체육센터,강서구,739
1,강서구보건소,강서구,351
1,강서구의회,강서구,630
1,강서구청,강서구,760
1,강서구청사거리(SH타워),강서구,976
1,강서구청사거리(부민병원),강서구,440
1,강서대학교,강서구,173
1,강서면허시험장 앞,강서구,130
1,강서문화센터,강서구,116
1,강서세무서 앞,강서구,1082
1,강서수도사업소민원센터,구로구,364
1,강서수산물도매시장,강서구,345
1,강서아동복지센터,강서구,49
1,강서우체국,강서구,423
1,강서초등학교,양천구,238
1,강서한강자이타워 앞,강서구,1110
1,강서힐스테이트 상가 앞,강서구,278
1,강월초교입구 사거리,양천구,178
1,강일 다솜 어린이 공원,강동구,45
1,강일동 리슈빌 빌딩앞,강동구,390
1,강일동입구교차로,강동구,68
1,강일리버파크 10단지,강동구,125
1,강일리버파크 2~5단지,강동구,179
1,강일리버파크 6단지,강동구,77
1,강일리버파크 7~11단지,강동구,97
1,강일역 3번출구,강동구,266
1,강일역 4번출구,강동구,88
1,"강일중,선사고 버스정류장(신암중학교 방면)",강동구,282
1,개롱역 3번 출구 뒤,송파구,276
1,개롱역사거리 2번 출구,송파구,328
1,개봉아이파크아파트 앞,구로구,237
1,개봉역 1번 출구 자전거보관서쪽,구로구,241
1,개봉역2번출구 A,구로구,365
1,개봉역2번출구 B,구로구,73
1,개봉지구대 개봉치안센터,구로구,276
1,개봉푸르지오아파트 상가,구로구,435
1,개포1단지아파트 입구 (보도육교),강남구,30
1,개포고등학교 정문앞,강남구,125
1,개포동역 4번출구,강남구,262
1,개포동역 사거리,강남구,188
1,개포래미안포레스트아파트 107동 앞,강남구,202
1,개포우성6차아파트 정문 앞,강남구,154
1,개화광역환승센터,강서구,38
1,개화산역 2번 출구,강서구,269
1,거여5단지 503동 앞,송파구,140
1,거여동 사거리,송파구,123
1,거여동 어울림아파트  102동앞,송파구,249
1,거여동사거리 송파둘레길 입구,송파구,106
1,거여역 3번출구,송파구,509
1,거여역 8번출구 뒤,송파구,500
1,거여초등학교 옆,송파구,165
1,건국대학교 (입학정보관),광진구,378
1,건국대학교 (행정관),광진구,156
1,건국대학교 과학관(이과대) 앞,광진구,245
1,건국대학교 정문 앞,광진구,388
1,건국대학교 학생회관,광진구,552
1,건대병원후문,광진구,1121
1,건대입구역 5번출구 뒤,광진구,977
1,건대입구역 사거리(롯데백화점),광진구,1363
1,건영아파트 앞,성동구,562
1,건영아파트앞 사거리,송파구,518
1,겸재교 진입부,중랑구,572
1,겸재정선미술관,강서구,379
1,경기여자고등학교 후문 (삼성로3길 입구),강남구,171
1,경문고등학교 앞,동작구,223
1,경복궁역 6번출구 뒤,종로구,548
1,경복궁역 7번출구 앞,종로구,318
1,경서농협 버스정류장(우리은행신정동지점방향),양천구,416
1,경의선(노고산동),마포구,387
1,경일중학교 앞,성동구,712
1,"경찰병원역 1,2번 출구 사이",송파구,268
1,경찰병원역 3번출구 앞,송파구,416
1,경희궁 자이 2단지,종로구,308
1,경희궁 자이 3단지,종로구,396
1,경희대학교 청운관,동대문구,254
1,계남공원 입구 주출입구 좌측,양천구,103
1,고대앞사거리 교통섬,동대문구,288
1,고덕 래미안 힐스테이트(101동),강동구,97
1,고덕 래미안힐스테이트(201동),강동구,34
1,고덕동 래미안 힐스테이트,강동구,60
1,고덕동 아남아파트,강동구,253
1,고덕동 주양쇼핑,강동구,271
1,고덕센트럴 아이파크상가 앞,강동구,154
1,고덕숲 아이파크 1,강동구,72
1,고덕숲 아이파크 2,강동구,37
1,고덕역 4번출구,강동구,456
1,고덕역 5번출구,강동구,246
1,고덕자이(105동 앞),강동구,280
1,고덕중학교 후문,강동구,81
1,고덕초등학교,강동구,46
1,고려대학교 2번출구,성북구,379
1,고려사대부속중고 건너편,성북구,64
1,고려사대부속중고 정문,성북구,70
1,고속터미널역 3번출구,서초구,296
1,고속터미널역 5번출구 앞,서초구,222
1,"고속터미널역 8-1번, 8-2번 출구 사이",서초구,846
1,고척LIGA아파트 앞,구로구,549
1,고척교 교차로,구로구,155
1,고척근린공원 고척도서관 앞,구로구,305
1,고척스카이돔구장 광장,구로구,279
1,고척아이파크아파트 106동 앞,구로구,197
1,고척아이파크아파트 205동 앞,구로구,259
1,고투몰 gate 15옆,서초구,203
1,곰달래 문화복지센터 A,강서구,487
1,곰달래 문화복지센터 B,강서구,186
1,공덕역 2번출구,마포구,289
1,공덕역 5번출구,마포구,363
1,공덕역 8번출구,마포구,531
1,공덕역 경의선숲길 커뮤니티센터,마포구,230
1,공릉1단지아파트,노원구,736
1,공릉동 신도1차 아파트 뒤,노원구,234
1,공릉동풍림아파트 101동,노원구,349
1,공릉로 26길,노원구,244
1,공릉산 백세문 입구,노원구,37
1,공릉역 1번 출구 앞,노원구,788
1,공릉역3번출구,노원구,554
1,공릉풍림아파트 108동,노원구,262
1,공무원연금매점 교차로 (개포주공9단지 입구),강남구,111
1,공항시장역 2번출구 뒤,강서구,435
1,공항시장역 4번출구,강서구,276
1,공항중학교 버스정류장,강서구,210
1,공항중학교앞,강서구,366
1,공항초등학교건너편,강서구,935
1,과기대 입구(우),노원구,564
1,관문주유소(GS칼택스) 앞,강서구,484
1,관악 GSfresh,관악구,305
1,관악구민체육센터,관악구,199
1,관악구시설관리공단,관악구,498
1,관악구청교차로,관악구,213
1,관악우체국,관악구,735
1,관악우체국 교차로,관악구,144
1,광교사거리 남측,중구,299
1,광나루안전체험관,광진구,406
1,광나루역 3번 출구,광진구,500
1,광남중학교,광진구,166
1,광문고교사거리(아이파크),강동구,101
1,광산사거리,강북구,346
1,광양중학교 앞,광진구,187
1,광운대역 앞,노원구,491
1,광운대학교 중앙도서관,노원구,375
1,광운초등학교 앞,성북구,195
1,광일빌딩,관악구,330
1,광진 캠퍼스시티,광진구,776
1,광진경찰서,광진구,764
1,광진광장,광진구,612
1,광진광장 교통섬,광진구,824
1,광진교 남단 사거리(천호공원 방면),강동구,357
1,광진구 민방위교육센터,광진구,379
1,광진메디칼 앞,광진구,489
1,광진문화예술회관 앞,광진구,609
1,광진소방서 앞,광진구,430
1,광진유진스웰,광진구,56
1,광진정보도서관,광진구,273
1,광진청소년수련관,광진구,402
1,광평교사거리 인근,송파구,14
1,광화문 S타워 앞,종로구,823
1,광화문 시민열린마당,종로구,323
1,광화문 풍림스페이스본 1단지앞,종로구,245
1,광화문역 1번출구 앞,종로구,857
1,광화문역 5번출구,종로구,719
1,광화문역 6번출구 옆 A,종로구,344
1,광화문역 6번출구 옆 B,종로구,227
1,광흥창역 2번출구 앞,마포구,196
1,광흥창역5번출구,마포구,136
1,광희문,중구,318
1,교대역 5번출구뒤,서초구,491
1,교대역 6번출구,서초구,276
1,교대입구 교차로,서초구,178
1,교보생명보험 앞,영등포구,479
1,교보타워 버스정류장(신논현역 3번출구 후면),강남구,261
1,구 서부경찰서 건너편,은평구,253
1,구기치안센터 앞,종로구,63
1,구로1동우체국 앞,구로구,106
1,구로거리공원 동측(신도림역 방면),구로구,364
1,구로공구상가 앞,구로구,81
1,구로교 아래,동작구,443
1,구로구배드민턴실내체육관 앞,구로구,130
1,구로구의회 앞,구로구,374
1,구로구청,구로구,551
1,구로도서관,구로구,1103
1,구로동롯데아파트,구로구,321
1,구로디지털단지역 앞,구로구,2058
1,구로리공원,구로구,349
1,구로역 광장,구로구,774
1,구로역·NC신구로점 버스정류장(구로역 방면),구로구,440
1,구로월드아파트 앞,구로구,249
1,구로자원순환센터,구로구,27
1,구로중학교앞,구로구,237
1,구룡근린공원,마포구,98
1,구룡마을 입구 (래미안블레스티지 아파트),강남구,76
1,구룡사 삼거리,서초구,123
1,구룡사 앞 교차로 (보도육교),강남구,40
1,구룡산 입구 (구룡산 서울둘레길 입구),강남구,63
1,구룡역 1번 출구,강남구,108
1,구룡역 4번 출구,강남구,34
1,구룡역 5번 출구,강남구,94
1,구룡초사거리 (현대아파트10동 앞 ),강남구,173
1,구룡터널 입구(개포1단지아파트),강남구,3
1,구립양천어르신요양센터,양천구,11
1,구산역 2번 출구 예일여고 버스정류장,은평구,458
1,구산역 4번출구,은평구,474
1,구암초등학교 버스정류장,관악구,103
1,구역삼세무서 교차로,강남구,299
1,구의3동주민센터,광진구,166
1,구의7단지현대아파트,광진구,84
1,구의공원(테크노마트 앞),광진구,567
1,구의문주차장 앞,광진구,544
1,구의삼성쉐르빌 앞,광진구,928
1,구의아리수정수센터앞,광진구,236
1,구의역 리버비스타 오피스텔,광진구,853
1,구일고등학교 정문,구로구,554
1,구일역 1번 출입구 앞,구로구,488
1,구일우성(아) 육교 밑,구로구,471
1,구파발10단지 인근,은평구,68
1,구파발역 2번출구,은평구,466
1,구파발역 환승센터,은평구,125
1,국군복지단,용산구,91
1,국립국악원 앞,서초구,64
1,"국립국악중,고교 정문 맞은편",강남구,254
1,국립어린이과학관,종로구,166
1,국립중앙도서관(국제회의장옆),서초구,101
1,국립중앙박물관 -용산가족공원 앞,용산구,60
1,국립중앙박물관 정문 앞,용산구,63
1,국립항공박물관,강서구,180
1,국립현대미술관,종로구,341
1,국민연금공단충정로사옥,서대문구,111
1,국민은행 연서지점,은평구,210
1,국민은행 종암동지점 앞,성북구,607
1,국민일보 앞,영등포구,1101
1,국악고교 앞 교차로,강남구,117
1,국제 스케이트장,노원구,33
1,국제루터교회 앞,용산구,45
1,국제빌딩,중구,134
1,국회2문,영등포구,84
1,국회3문,영등포구,29
1,국회6문,영등포구,68
1,국회도서관,영등포구,141
1,국회소통관,영등포구,110
1,국회의사당 본관,영등포구,161
1,국회의사당역 3번출구 옆,영등포구,669
1,국회의사당역 5번출구 옆,영등포구,350
1,국회의원회관,영등포구,33
1,국회제2의원회관,영등포구,120
1,군자교 서측 녹지대,동대문구,500
1,군자교교차로,광진구,408
1,군자역 7번출구 베스트샵 앞,광진구,505
1,군자역 7번출구뒤,광진구,1211
1,군자역 비채온 오피스텔,광진구,432
1,군자역2번출구,광진구,658
1,군자역4번출구,광진구,302
1,군자지하보도 앞,성동구,500
1,굽은다리역,강동구,1023
1,궁동생태공원,구로구,37
1,그랜드아이파크아파트 앞,강서구,1585
1,그랜드컨벤션센터 앞,영등포구,804
1,그룹한빌딩옆,서초구,63
1,극동늘푸른아파트,중랑구,314
1,극동방송국 앞,마포구,313
1,극동스포츠 앞,강남구,105
1,극동아파트,송파구,277
1,극동의 푸른별 아파트 뒤(중계4동주민센터 앞),노원구,155
1,근로자회관 사거리,영등포구,1220
1,금강수목원아파트 앞,구로구,232
1,금남시장 교차로,성동구,112
1,금란주차장 앞,중랑구,232
1,금암 문화공원,은평구,32
1,금옥여고보도육교,양천구,200
1,금원빌딩 앞,강남구,221
1,금융감독원 앞,영등포구,500
1,금천구립 독산도서관,금천구,130
1,금천구청 앞 자전거거치대,금천구,97
1,금천구청앞(M빌딩),금천구,120
1,금천구청역 1번 출구,금천구,200
1,금천폭포공원 앞,금천구,37
1,금천현대홈타운 후문 서부샛길,금천구,273
1,금호 어울림 아파트 앞,성동구,313
1,금호나들목,성동구,232
1,금호사거리,성동구,71
1,금호스포츠센터앞,성동구,103
1,금호어울림센터힐 내,성북구,87
1,금호역 1번출구 앞,성동구,76
1,금호역 3번출구,성동구,73
1,기쁜우리복지관,강서구,544
1,기아자동차 사당점 앞,동작구,336
1,기자촌 사거리 A,은평구,62
1,기자촌사거리 B,은평구,56
1,길동 동호빌딩,강동구,161
1,길동 마루빌딩,강동구,1093
1,길동 사거리(초소앞),강동구,485
1,길마중4교 하부,서초구,262
1,길성그랑프리텔아파트,강서구,720
1,길음8골어린이공원 옆,성북구,122
1,길음뉴타운 래미안9단지,성북구,209
1,길음뉴타운푸르지오아파트 3단지,성북구,30
1,길음래미안아파트817동 상가 앞,성북구,101
1,길음문화복합미디어센터,성북구,137
1,길음역 3번출구 뒤,성북구,369
1,김근태도서관,도봉구,43
1,김포공항사거리,강서구,108
1,김포공항입구 교차로,강서구,437
1,김포공항입구 교통섬,강서구,140
1,까치산역 3번 출구,강서구,554
1,꿈마루어린이도서관 앞,동대문구,517
1,꿈의숲 SK뷰 아파트,노원구,337
1,꿈의숲 롯데캐슬,강북구,115
1,나들목공원,관악구,158
1,나루마당,광진구,29
1,나이아가라관광호텔,강서구,193
1,낙성대 과학전시관,관악구,112
1,낙성대 교수아파트,관악구,97
1,낙성대공원,관악구,59
1,낙성대로 입구,관악구,178
1,낙성대역 1번출구,관악구,168
1,낙성대역 3번출구 뒤,관악구,230
1,낙성대역 5번출구,관악구,98
1,낙성대입구삼거리,관악구,148
1,낙원교회 맞은편,구로구,162
1,낙원상가 옆,종로구,561
1,난곡사거리,관악구,413
1,난곡종점,관악구,147
1,난우길입구,관악구,300
1,남가좌동 제2공영주차장,서대문구,65
1,남구로역 5번 출입구 앞,구로구,220
1,남부고용노동지청 남측,영등포구,591
1,남부법원검찰청 교차로,양천구,952
1,남부순환로 205,강서구,208
1,남부터미널역 1번출구,서초구,156
1,남산도서관 앞,용산구,243
1,남산타운아파트 버스정류장,중구,102
1,남서울중학교,관악구,309
1,남성역3번출구 뒤,동작구,401
1,남영역 건너편,용산구,374
1,남태령역 2번출구,서초구,52
1,내곡3단지 어린이공원 앞,서초구,210
1,내곡도서관,서초구,39
1,내곡파출소 뒤 정자,서초구,56
1,내방역 8번출구 앞,서초구,180
1,넥센 유니버시티 앞,강서구,545
1,"노들섬 다목적홀(동쪽) 숲, 앞",용산구,102
1,노들섬 동측 앞,용산구,60
1,노들섬 서측 앞,용산구,258
1,노들역 1번출구,동작구,510
1,노들역 3번출구,동작구,253
1,노량진1동 청소년독서실,동작구,122
1,노량진근린공원,동작구,124
1,노량진근린공원 대방공원,동작구,160
1,노량진역 2번 출구 앞,동작구,284
1,노량진역 5번출구,동작구,927
1,노보텔 앰배서더 앞,강남구,70
1,노원 마들스타디움,노원구,335
1,노원 을지대학교 병원,노원구,570
1,노원경찰서교차로,노원구,468
1,노원구청,노원구,605
1,노원문화예술회관,노원구,504
1,노원소방서인근,노원구,329
1,노원역1번출구,노원구,1294
1,노원역7번출구,노원구,729
1,노원정보도서관,노원구,478
1,노일초등학교 앞,노원구,144
1,노해근린공원내,노원구,111
1,녹번 힐스테이트상가앞,은평구,101
1,녹번역 3번출구,은평구,385
1,녹번역1번출구앞,은평구,160
1,녹번역e편한세상 캐슬 정문 앞,은평구,277
1,녹번초등학교(서오릉로),은평구,234
1,녹사평역1번출구,용산구,284
1,녹사평역3번 출구,용산구,105
1,녹천교 앞 사거리,도봉구,205
1,녹천역 1번출구 앞,도봉구,173
1,녹천역 4번 출구 옆,노원구,116
1,논골사거리(금호도서관 입구),성동구,68
1,논현동 광명빌딩 앞,강남구,87
1,논현동가구거리,강남구,9
1,논현역 10번출구,강남구,382
1,농수산식품공사 (강서지사),강서구,76
1,농협생명본사빌딩 서관,서대문구,123
1,누리꿈스퀘어 옆,마포구,710
1,뉴코아 킴스클럽 앞,서초구,403
1,늘푸른공원 앞,중랑구,237
1,능골근린공원,강동구,219
1,능산삼거리,중랑구,109
1,능안마을입구,서초구,9
1,다락원체육공원 전망대 입구,도봉구,85
1,다성이즈빌아파트(호원대 대각선 맞은편),강동구,1067
1,달맞이공원,성동구,22
1,답십리 래미안엘파인아파트 입구,동대문구,170
1,답십리역 1번출구,동대문구,1169
1,답십리역 8번출구 앞,성동구,184
1,답십리파크자이아파트 앞,동대문구,712
1,당고개공원 대여소,노원구,105
1,당고개입구 오거리,노원구,227
1,당고개입구오거리 당현천변,노원구,303
1,당곡사거리,관악구,925
1,당산skv1센터,영등포구,576
1,당산롯데캐슬프레스티지,영등포구,746
1,당산삼성2차아파트,영등포구,817
1,당산역 10번출구 앞,영등포구,1545
1,당산역11번출구,영등포구,572
1,당산육갑문,영등포구,886
1,당인리발전소 공원 앞,마포구,122
1,당현천근린공원,노원구,505
1,대광고등학교,동대문구,196
1,대광빌딩,동대문구,153
1,대륜E&S 서울지사 앞,노원구,192
1,대륭테크노타운 18차,금천구,217
1,대륭테크노타운21차 앞,금천구,267
1,대륭포스트타워1차,구로구,608
1,대륭포스트타워5차,금천구,146
1,대륭포스트타워6차 앞,금천구,1315
1,대림3동사거리,영등포구,360
1,대림경동아파트앞,강서구,672
1,대림동 e편한세상영등포아델포레,영등포구,672
1,대림동현대2차 201동 앞,영등포구,93
1,대림사거리(동작상떼빌아파트),동작구,322
1,대림성원상떼빌아파트,영등포구,454
1,대림신동아아파트 앞,영등포구,356
1,대림아크로리버 앞,광진구,266
1,대림아파트 사거리,영등포구,197
1,대림아파트 후문 상가 옆,동작구,242
1,대림역 1번 출입구 밑,구로구,607
1,대림역4번출구,구로구,782
1,대림우성2차아파트,영등포구,169
1,대림우성아파트 사거리,영등포구,149
1,대명초교 입구 교차로,강동구,102
1,대명초교입구 사거리,강동구,360
1,대모산입구역 2번출구 앞,강남구,146
1,대모산입구역 4번 출구 앞,강남구,354
1,대모산입구역 7번 출구 앞,강남구,70
1,대방역2번출구,동작구,315
1,대방역6번출구,영등포구,976
1,대방지하보도(대방동경남아너스빌아파트),동작구,474
1,대상연구소,강서구,129
1,대성유니드아파트,양천구,278
1,대신파이낸스센터,중구,369
1,대영중고 후문,영등포구,316
1,대원빌딩,강서구,582
1,대원중고교 입구(대하빌딩),광진구,116
1,대진고등학교,노원구,428
1,대청역,강남구,161
1,대청역 1번출구  뒤,강남구,414
1,대치동 삼성로,강남구,235
1,대치삼성아파트 앞 교차로,강남구,300
1,대치역 7번출구,강남구,441
1,대치역 사거리,강남구,158
1,대학동 고시촌,관악구,220
1,대학동주민센터,관악구,244
1,대학로 마로니에공원,종로구,776
1,대한무역투자진흥공사 KOTRA 앞,서초구,178
1,대한상공회의소,중구,500
1,대한항공 인력개발센터,강서구,494
1,대현그린타워,강남구,53
1,대흥역 1번출구,마포구,259
1,더라움,강남구,51
1,더리브골드타워,강서구,340
1,더리브오피스텔 앞,영등포구,245
1,더스페이스타워 앞,성동구,593
1,더시그넘하우스 앞,강남구,117
1,더케이호텔 입구(양재2),서초구,337
1,도곡1동 주민센터 교차로,강남구,179
1,도곡동 경남아파트 건너편,강남구,88
1,도곡동 골프 로데오거리,강남구,156
1,도곡역 1번 출구,강남구,216
1,도곡역 대치지구대 방향,강남구,163
1,도곡역 아카데미스위트 앞,강남구,462
1,도깨비시장,노원구,732
1,도동삼거리,중구,51
1,도림고가도로 밑,영등포구,394
1,도림동배드민턴체육관,영등포구,329
1,도림사거리,영등포구,527
1,도림신협 앞,영등포구,443
1,도림천 건널목 위,영등포구,392
1,도림천 신화교,관악구,554
1,도림천역 1번 출구 앞,구로구,651
1,도봉경찰서 교차로,도봉구,178
1,도봉고등학교 맞은편,도봉구,36
1,도봉구민회관,도봉구,388
1,도봉구육아종합지원센터(창동),도봉구,191
1,도봉구청 옆(중랑천변),도봉구,298
1,도봉구청 정문앞,도봉구,372
1,도봉동실내스포츠센터,도봉구,162
1,도봉로 534,도봉구,57
1,도봉문화정보도서관 삼거리,도봉구,105
1,도봉보건소사거리,도봉구,419
1,도봉산광역환승센터앞,도봉구,89
1,도봉산역 교차로 앞,도봉구,31
1,도봉세무서 앞,강북구,191
1,도봉소방서 옆,도봉구,466
1,도봉아이나라도서관 앞,도봉구,175
1,도봉여성센터,도봉구,12
1,"도봉역 1,2번 출구사이 건너편",도봉구,271
1,도봉운전면허시험장 버스정류장 옆,노원구,423
1,도봉제1교,도봉구,198
1,도봉통합복지센터 뒤 중랑천 변,도봉구,247
1,도봉한신아파트 버스정류장,도봉구,307
1,도봉한신아파트 주변,도봉구,127
1,도산공원교차로,강남구,195
1,도선동 주민센터 앞,성동구,480
1,도심공항타워 앞,강남구,161
1,도원맨션,관악구,260
1,독립문 앞,서대문구,140
1,독립문역 2번출구 뒤,종로구,113
1,독립문역 3-1번출구,종로구,565
1,독립문역 사거리,종로구,471
1,독바위역,은평구,178
1,독산2동주민센터 앞,금천구,81
1,독산3동주민센터 앞,금천구,299
1,독산고등학교,금천구,131
1,독산근린공원 입구,금천구,317
1,독산동 한양수자인아파트 앞,금천구,248
1,독산보도육교 앞 자전거 보관소,금천구,304
1,독산역 1번출구 A,금천구,285
1,독산역 2번출구 자전거주차장,금천구,498
1,독산역 롯데캐슬 104동 앞,금천구,325
1,독산역1번출구 B,금천구,801
1,독산주공 14단지 버스정류소,금천구,46
1,돈암삼성풍림아파트,성북구,80
1,돈암성당 옆,성북구,451
1,돈암육교 하단,성북구,144
1,돈암초교 입구,성북구,238
1,돈암초교입구 버스정류장(한성대입구역 방면),성북구,152
1,돈의문 박물관 마을,종로구,160
1,돌곶이역 앞,성북구,425
1,동대문 종합시장 버스정류장,종로구,287
1,동대문경찰서 교차로,동대문구,331
1,동대문구 보건소,동대문구,822
1,동대문구민체육센터 (육교아래),동대문구,729
1,동대문디자인플라자,중구,671
1,동대문롯데캐슬아파트 앞,동대문구,630
1,동대문역 8번 출구,종로구,846
1,동대문역6번출구,종로구,528
1,동대문역사문화공원역 1번출구 뒤편,중구,543
1,동대문역사문화공원역 5번출구,중구,284
1,동대문역사문화공원역 9번출구 앞,중구,197
1,동대문중 교차로,동대문구,328
1,동대입구역 3번 출구,중구,77
1,동대입구역 6번출구 뒤,중구,98
1,동명근린공원 진입로 (아리수로),강동구,107
1,동묘앞역 1번출구 뒤,종로구,1165
1,동묘앞역 6번출구,종로구,684
1,동문굿모닝탑,양천구,1064
1,동방1교,관악구,810
1,동부센트레빌 앞,도봉구,192
1,동부시장 북문 앞,중랑구,478
1,동빙고근린공원,용산구,89
1,동산어린이공원 앞,성북구,211
1,동서울농협 앞,중랑구,441
1,동서울우편집중국 앞,광진구,314
1,동선고가차도 초입,성북구,148
1,동선아파트 앞,구로구,78
1,"동성1,2차 아파트 앞",중랑구,375
1,동성중학교 앞,종로구,127
1,동신병원 맞은편,서대문구,279
1,동신아파트 104동 앞,강서구,316
1,동신아파트 후문 옆,노원구,769
1,동아1차APT105동 버스정류장(신도림중학교 방면),구로구,398
1,동아에코빌입구,영등포구,397
1,동양미래대학교 정문 옆,구로구,800
1,동양쇼핑 정류소 앞,중랑구,351
1,동양엔파트 앞,중랑구,253
1,동영문화센터앞,강남구,249
1,동원베네스트 건너편,용산구,37
1,동원베네스트 건물 앞,중랑구,154
1,동원사거리,중랑구,160
1,동원사거리 행복오피스텔 앞,중랑구,146
1,동의보감타워,동대문구,674
1,동인오피스텔 건너편 소공원,구로구,118
1,동일로 지하차도,중랑구,546
1,동일로58길 입구,광진구,208
1,동작경찰서,동작구,552
1,동작구민 체육센터,동작구,440
1,동작역 5번출구 동작주차공원,동작구,101
1,동작역 7번출구,동작구,58
1,동해문화예술관앞,노원구,564
1,두산건설 본사,강남구,76
1,두산대림아파트 삼거리,중랑구,134
1,두산위브아파트,영등포구,228
1,두산위브아파트 옆 상가건물 앞,금천구,315
1,두상빌딩 앞,서초구,466
1,둔촌 주공 GS 맞은편,강동구,171
1,둔촌고교입구 교차로(길동주민센터 방면),강동구,452
1,둔촌동역교차로,강동구,602
1,둔촌사거리,강동구,755
1,둔촌신성미소지움아파트,강동구,174
1,둔촌어린이공원,강동구,699
1,둔촌역 2번출구,강동구,239
1,둔촌역 3번 출입구,강동구,1459
1,둔촌오륜역 1번 출구,강동구,82
1,둔촌오륜역 2번출구,송파구,92
1,둔촌푸르지오아파트,강동구,389
1,뒷벌공원 옆,서초구,302
1,드래곤타워 앞,강북구,311
1,등나무 근린공원(시립북서울미술관 앞),노원구,720
1,등촌1-10단지 교차로,강서구,1406
1,등촌2동주민센터,강서구,161
1,등촌2파출소,강서구,412
1,등촌5단지아파트 버스정류장,강서구,1082
1,등촌9단지,강서구,279
1,등촌서광아파트,강서구,894
1,등촌역 1번출구,강서구,331
1,등촌역 4번 출구,양천구,256
1,등촌역 5번 출구 뒤,양천구,313
1,등촌역 7번출구,강서구,649
1,등촌역 센터스퀘어,강서구,275
1,등촌태영아파트,강서구,376
1,디지털매직스페이스,마포구,787
1,디지털미디어 시티역 4번출구(DMC역),은평구,259
1,디지털입구 교차로,구로구,830
1,디폴리스 지식산업센터,금천구,265
1,뚝도아리수정수센터 버스정류소 옆,성동구,133
1,뚝섬 유원지역,광진구,553
1,뚝섬역 1번 출구 옆,성동구,672
1,뚝섬역 5번 출구 정류소 옆,성동구,456
1,뚝섬역 6번출구,성동구,660
1,라이품 공영주차장 앞,강서구,382
1,라인프랜즈이태원점 앞,용산구,56
1,라코지스테이 앞,중랑구,175
1,래미안 강동팰리스(102동),강동구,391
1,래미안 구의파크 스위트,광진구,674
1,래미안 루센티아 아파트 108동 앞,서대문구,410
1,래미안 솔베뉴(고덕로),강동구,336
1,래미안 솔베뉴(구천면로),강동구,155
1,래미안강남힐즈 사거리,강남구,125
1,래미안그레이튼102동앞,강남구,71
1,래미안금호하이리버 아파트 102동 옆,성동구,78
1,래미안라센트아파트 103동 앞,성북구,314
1,래미안서초스위트앞,서초구,144
1,래미안신공덕3차아파트,마포구,26
1,래미안에스티움 앞 (신풍로),영등포구,418
1,래미안월곡아파트 입구,성북구,292
1,래미안장위퍼스트하이(513동),성북구,405
1,래미안장위포레카운티(102동),성북구,191
1,래미안허브리츠아파트 앞,동대문구,139
1,레베쌍트 빌딩 앞,강남구,70
1,레이크펠리스101동앞,송파구,896
1,로고스교회 맞은 편,서초구,156
1,로제우스 레포츠센터,종로구,56
1,롯데 R&D 센터,강서구,220
1,롯데리아 개포점앞,강남구,158
1,롯데시티호텔,중구,165
1,롯데월드타워(잠실역2번출구 쪽),송파구,2327
1,롯데중앙연구소,강서구,176
1,롯데캐슬 101동 앞,동작구,55
1,롯데캐슬 115동앞,강동구,67
1,롯데캐슬 앞,영등포구,603
1,롯데캐슬2차 마을버스 정류장(18804) 뒤편,금천구,138
1,롯데캐슬골드파크1차 동문,금천구,266
1,롯데캐슬골드파크1차 서문,금천구,191
1,롯데캐슬골드파크3차 301동 앞,금천구,327
1,롯데캐슬엠파이어 옆,영등포구,726
1,롯데캐슬클라시아 입구 앞,성북구,65
1,롯데하이마트 (상암월드컵점),마포구,132
1,롯데호텔,중구,102
1,르네상스 호텔 사거리 역삼지하보도 7번출구 앞,강남구,201
1,르네상스호텔사거리 역삼지하보도 2번출구,강남구,171
1,르네상스호텔사거리 역삼지하보도 3번출구 앞 (더 오번 빌딩 명동칼국수 앞),강남구,145
1,르노삼성자동차 성수사업소 앞,성동구,289
1,리버뷰신안인스빌1차 후문,영등포구,515
1,리버뷰신안인스빌2차 후문,영등포구,353
1,리센츠아파트,송파구,435
1,리싸이클시티,강동구,18
1,리엔파크 2단지 앞,강남구,96
1,마곡 MICE 복합단지,강서구,762
1,마곡 공공청사,강서구,667
1,마곡 엠밸리2단지,강서구,438
1,마곡 필네이처,강서구,1060
1,마곡13단지,강서구,1201
1,마곡13단지힐스테이트마스터 후문(1320동 앞),강서구,1499
1,마곡14단지 1408동앞,강서구,675
1,마곡9단지 907동앞,강서구,604
1,마곡9단지 910동 상가앞,강서구,442
1,마곡금호어울림아파트,강서구,386
1,마곡나루역 2번 출구,강서구,4170
1,마곡나루역 3번 출구,강서구,2674
1,마곡나루역 5번출구 뒤편,강서구,3525
1,마곡레포츠센터,강서구,694
1,마곡메가박스 앞,강서구,919
1,마곡문화공원,강서구,1177
1,마곡센트럴타워 1차,강서구,1092
1,마곡수명산 1-2단지,강서구,716
1,마곡수명산파크 209동 건너편,강서구,661
1,마곡수명산파크1단지,강서구,557
1,마곡수명산파크3단지 교차로,강서구,1160
1,마곡수명산파크5-6단지,강서구,589
1,마곡수명산파크7단지 710동 앞,강서구,181
1,마곡엠밸리 15단지(1502동) 건너편,강서구,967
1,마곡엠밸리10단지 앞,강서구,867
1,"마곡엠밸리14단지 버스정류장(마곡엠밸리11,12단지상가방면)",강서구,918
1,마곡엠밸리4단지 정문,강서구,1259
1,마곡엠밸리6_7단지 마곡중학교,강서구,560
1,마곡역 7번출구,강서구,1716
1,마곡역 교차로(2번출구),강서구,655
1,"마곡역 버스정류장(마곡나루역1번출구, 웰튼병원 방면)",강서구,1033
1,마곡역1번출구,강서구,1020
1,"마곡역4,5번출구",강서구,300
1,마곡역4번출구,강서구,508
1,마곡역5번출구앞,강서구,605
1,마곡역교차로,강서구,1615
1,마곡중학교 후문,강서구,308
1,마곡힐스테이트 정문,강서구,527
1,마들역 3번출구,노원구,452
1,마들역 7번출구,노원구,599
1,마스타 빌딩 앞,서대문구,302
1,마장동 금호어울림APT앞,성동구,192
1,마장동 주민센터,성동구,260
1,마장역 4번출구,성동구,301
1,마장역3번출구,성동구,147
1,마천금호어울림 1차 102동앞,송파구,76
1,마천금호어울림 1차아파트 건너편,송파구,70
1,마천동 성내천 쉼터,송파구,231
1,마천사거리,송파구,265
1,마천사거리 2,송파구,114
1,마천역 1번 출구 인근②,송파구,118
1,마천중앙시장,송파구,153
1,마천청소년센터,송파구,60
1,마포 신수공원 앞,마포구,280
1,마포구 육아종합지원센터,마포구,193
1,마포구중앙도서관 정문 앞,마포구,735
1,마포구청 앞,마포구,618
1,마포구청 청사내,마포구,108
1,마포구청역,마포구,745
1,마포소방서 앞,마포구,231
1,마포아트센터 앞,마포구,385
1,마포역 2번출구 뒤,마포구,586
1,마포역 4번출구 뒤,마포구,672
1,마포중앙도서관,마포구,121
1,마포프레스티지자이 1,마포구,242
1,만해공원,성북구,131
1,말미사거리,금천구,219
1,말우물 어린이 공원,강동구,74
1,말죽거리공원 사거리,서초구,303
1,망우동 본죽 앞,중랑구,298
1,망우역 1번출구,중랑구,207
1,망우역 2번 출구,중랑구,521
1,망우지구대,중랑구,471
1,망우청소년수련관,중랑구,34
1,망원2빗물펌프장 앞,마포구,237
1,망원역 1번출구 앞,마포구,799
1,망원역 2번출구 앞,마포구,562
1,망원우체국사거리 인근,마포구,722
1,망원정 앞,마포구,177
1,망원초록길 입구,마포구,195
1,매봉역 1번출구,강남구,143
1,매헌역 2번출구앞광역버스 정류장앞(22-297),서초구,280
1,맥도날드 서울둔촌DT점 앞,강동구,608
1,맥스타일 앞,중구,359
1,먹골역 1번출구 뒤,중랑구,302
1,먹골역 4번출구,중랑구,211
1,먹골역 6번출구 앞,중랑구,285
1,먹골역 7번 출구,중랑구,162
1,메뚜기다리,은평구,46
1,메이필드호텔앞,강서구,226
1,멤피스아파트 앞,서초구,231
1,면목 대원칸타빌아파트,중랑구,68
1,면목 홈플러스 2,중랑구,80
1,면목2동 사거리,중랑구,419
1,면목4치안센터,중랑구,345
1,면목도시개발아파트 1동 앞,중랑구,105
1,면목동 새싹어린이공원 앞,중랑구,384
1,면목삼익아파트 앞,중랑구,113
1,면목역 3번출구,중랑구,587
1,명덕고교,강서구,332
1,명덕고교입구(영종빌딩),강서구,1439
1,명동성당 앞,중구,181
1,명동역9번 출구,중구,319
1,명물길 원형무대 앞,서대문구,242
1,명보사거리,중구,131
1,명일근린공원공동체텃밭,강동구,90
1,명일동신동아아파트 앞,강동구,100
1,명일역 3번출구 옆,강동구,384
1,명일초등학교 옆,강동구,58
1,명일파출소,강동구,194
1,명지대학교 도서관,서대문구,507
1,명지전문대학교 정문 앞,서대문구,114
1,모두의학교,금천구,257
1,모래내고가차도,서대문구,259
1,목4동주민센터 옆,양천구,811
1,목동11단지 아파트,양천구,419
1,목동12단지 아파트,양천구,641
1,목동13_14단지 사거리,양천구,280
1,목동1단지아파트 118동 앞,양천구,619
1,목동1단지아파트 상가 앞,양천구,985
1,목동2단지 상가,양천구,1289
1,목동3단지 상가,양천구,722
1,목동3단지 시내버스정류장,양천구,985
1,목동5단지아파트 501동,양천구,662
1,목동5단지아파트 534동,양천구,761
1,목동7단지아파트 A상가,양천구,277
1,목동사거리 버스정류장,강서구,735
1,목동사거리 부근,양천구,703
1,목동성당 앞,양천구,801
1,목동신시가지아파트6단지,양천구,532
1,목동아파트 1422동 1434동 사잇길,양천구,1181
1,목동아파트 14단지 B상가 앞,양천구,580
1,목동아파트 613동 앞,양천구,964
1,목동아파트 703동 앞,양천구,828
1,목동아파트 8단지 상가동 앞,양천구,854
1,목동아파트2단지 222동 앞,양천구,314
1,목동역 3번 출구,양천구,1369
1,목동역5번출구,양천구,1729
1,목동운동장,양천구,264
1,목동주차장,양천구,388
1,목동청소년수련관,양천구,1311
1,목동트라팰리스 웨스턴에비뉴,양천구,1750
1,목동현대아파트 후문 앞,양천구,474
1,목련아파트,노원구,239
1,목마공원,양천구,224
1,목양전원교회 앞 로터리,구로구,76
1,목월공원 앞,용산구,239
1,몽마르뜨공원입구,서초구,115
1,몽촌토성역 1번출구 옆,송파구,338
1,몽촌토성역 3번 출구,송파구,1316
1,묘곡초등학교,강동구,114
1,무악재역 4번 출구,서대문구,63
1,무악재역1번 출구,서대문구,61
1,묵동 이마트 앞,중랑구,324
1,문래동 주민센터,영등포구,384
1,문래동 하이테크 시티,영등포구,885
1,문래동롯데캐슬아파트,영등포구,1365
1,문래동자이아파트 앞,영등포구,719
1,문래역 4번출구 앞,영등포구,1227
1,문래현대2차,영등포구,396
1,문배어린이공원 앞,용산구,398
1,문소빌딩,강서구,245
1,문정 법조단지10,송파구,473
1,문정 법조단지11,송파구,337
1,문정 법조단지3,송파구,156
1,문정 법조단지4,송파구,185
1,문정 법조단지5,송파구,129
1,문정 법조단지6,송파구,26
1,문정 법조단지7,송파구,684
1,문정 법조단지8,송파구,622
1,문정 법조단지9,송파구,447
1,문정2동 주민센터,송파구,51
1,문정근린공원2,송파구,392
1,문정동 근린공원,송파구,350
1,문정동 글샘 공원,송파구,183
1,문정법조단지12,송파구,790
1,문정시영아파트 5동 앞 공원,송파구,284
1,문정역 1번출구,송파구,707
1,문정중교 사거리,송파구,306
1,문정중학교,송파구,74
1,문정현대아파트 교차로,송파구,211
1,"문현중,고등학교 사이",송파구,81
1,문화비축기지,마포구,49
1,문화촌 공원,서대문구,454
1,물넘이교,노원구,636
1,미래사랑어린이공원 앞,구로구,839
1,미림여고입구 교차로,관악구,28
1,미성동 신림체육센터,관악구,477
1,미성아파트 A동 앞,영등포구,512
1,미아동 복합청사,강북구,155
1,미아동 한국전력공사,강북구,477
1,미아사거리 1번 출구,강북구,646
1,미아역 1번 출구 뒤,강북구,204
1,"미아역 3번,4번 출구 사이",강북구,352
1,미아초교버스승강장,성북구,13
1,미호 플랜트 앞,강동구,382
1,밀리아나2빌딩 앞,송파구,527
1,밀알학교 입구 (삼성서울병원 입구),강남구,79
1,바우뫼문화복지회관,서초구,217
1,박석고개(은평소방서) 앞,은평구,68
1,반포1동 서초빌딩 앞,서초구,261
1,반포1동 자율방범초소 옆,서초구,127
1,반포1동 주민센터 앞,서초구,89
1,반포경남쇼핑 앞,서초구,36
1,반포래미안 리오센트,서초구,236
1,반포미도2차아파트 옆,서초구,150
1,반포쇼핑타운 2동 앞,서초구,494
1,반포쇼핑타운 8동 앞,서초구,285
1,반포종합운동장,서초구,107
1,반포종합운동장 입구,서초구,208
1,반포중학교 앞(세화여고 맞은편),서초구,19
1,반포천 앞,서초구,361
1,"발산역 1번, 9번 인근 대여소",강서구,2555
1,발산역 6번 출구 뒤,강서구,1689
1,발산역 8번 출구,강서구,615
1,방배래미안 정문 앞,서초구,143
1,방배역 2번 출구,서초구,229
1,방배열린문화센터 앞,서초구,176
1,방아골종합사회복지관,도봉구,202
1,방아다리어린이공원,양천구,222
1,방아삼거리,강동구,26
1,방이동 한양3차아파트 옆,송파구,414
1,방이역 1번출구,송파구,459
1,방이역 2번 출구,송파구,193
1,방이역 4번출구,송파구,726
1,방이초등학교,송파구,716
1,방일초교 마을버스 정류장,서초구,252
1,방정환교육지원센터 옆,중랑구,214
1,방죽마을 입구,강남구,52
1,방학남부역 버스정류장,도봉구,206
1,방학동우체국 건너편,도봉구,243
1,방학동학마을도서관,도봉구,152
1,방학사거리 (봄마당 앞),도봉구,243
1,방학역 1번출구,도봉구,177
1,방학역2번출구,도봉구,119
1,방학역사거리,도봉구,171
1,방학중학교 앞,도봉구,139
1,방학초등학교 앞,도봉구,320
1,방화근린공원,강서구,62
1,방화동강서기동대앞,강서구,957
1,방화사거리 마을버스 버스정류장,강서구,738
1,방화역 4번출구앞,강서구,770
1,배명고등학교,송파구,193
1,배명고등학교 건너편,송파구,293
1,배봉초교 교차로,동대문구,323
1,백련산 SK뷰 아이파크 해모로 아파트 앞,은평구,362
1,백련산 힐스테이트 3차,은평구,203
1,백련산 힐스테이트상가앞,은평구,178
1,백련산로 녹번센트레빌,은평구,147
1,백석예술대학교 제3캠퍼스 앞,서초구,29
1,백토공원 앞,송파구,99
1,뱅뱅사거리 랜드마크타워 앞,강남구,346
1,버섯분수대,송파구,219
1,버스정류장 앞,도봉구,120
1,번3동 주민센터 교차로,강북구,182
1,번동 금호어울림아파트102동앞,강북구,123
1,번동 두산위브 101동 옆,강북구,187
1,"번동 주공3, 4단지 교차로",강북구,290
1,번동3단지 버스정류장,강북구,271
1,번동사거리,강북구,134
1,번동주공5단지 관리사무소 앞,강북구,73
1,베네스트 오피스텔 앞,동대문구,175
1,벽산 디지털밸리 5차,금천구,607
1,벽산상암스마트큐브,마포구,620
1,벽산아파트,강서구,656
1,볏골공원,강서구,354
1,보광동 삼성리버빌아파트 앞,용산구,192
1,보금자리정원,강남구,80
1,보라매 두산위브 건너편,동작구,541
1,보라매sk뷰,영등포구,148
1,보라매sk뷰 108동 앞,영등포구,331
1,보라매공원 보도육교,관악구,465
1,보라매공원 정문,동작구,431
1,보라매공원역 2번출구,동작구,259
1,보라매병원역 1번출구,동작구,762
1,보라매역 8번출구,동작구,265
1,보라매역4번출구,영등포구,564
1,보라매역?동작세무서 버스정류장(강남중학교방면),동작구,459
1,보라주유소 앞,영등포구,127
1,보문2교,성북구,583
1,보문4교 인근,성북구,620
1,보문역6번출구 앞,성북구,406
1,보성중고등학교 후문 앞,송파구,34
1,보아스아파트 앞,양천구,247
1,보타닉파크타워2,강서구,639
1,보훈병원 후문옆(더 원커피),강동구,97
1,복자사랑 피정의 집,성북구,154
1,복정역 1번 출구 앞,송파구,371
1,본 서부병원 교차로 사거리,은평구,435
1,본 서부병원 버스정류장(은평 세무서 방면),은평구,380
1,본마을 노인복지센터 앞,서초구,70
1,본마을 정류소 앞,서초구,13
1,봉림교 교통섬,관악구,1956
1,봉원고가차도 밑,서대문구,299
1,봉은사로68길 북측,강남구,166
1,"봉은사역 1,2번 출구",강남구,200
1,봉은사역 5번출구 옆,강남구,160
1,봉은사역 7번 출구,강남구,233
1,봉천고개 육교,관악구,114
1,봉천역 2번출구,관악구,369
1,봉천역 3번출구,관악구,193
1,봉천역 4번출구,관악구,473
1,봉화산역 5번출구 뒤,중랑구,311
1,부엉이공원 앞,마포구,299
1,북가좌 삼거리,서대문구,126
1,북가좌 초등학교,서대문구,186
1,북가좌1동 주민센터,서대문구,139
1,북가좌삼거리2,서대문구,237
1,북서울 꿈의 숲 입구,강북구,107
1,북서울 꿈의숲 서문,강북구,160
1,북성초교,서대문구,118
1,북아현 치안센터 인근,서대문구,220
1,북아현동 가구거리,서대문구,161
1,북위례1,송파구,98
1,북위례2,송파구,31
1,북한산 우이역,강북구,92
1,북한산 코오롱 하늘채,도봉구,409
1,북한산 한신휴플러스APT앞,도봉구,658
1,북한산더샾 106동 앞,서대문구,81
1,북한산보국문역,성북구,64
1,북한산생태공원입구(교통섬),은평구,113
1,북한산입구 정류장,은평구,23
1,북한산힐스테이트 7차아파트,은평구,114
1,불광롯데캐슬아파트 앞,은평구,206
1,불광역 2번출구,은평구,243
1,불광역 9번 출구,은평구,449
1,불광역 9번 출구 맞은편,은평구,192
1,"불광역3,6호선 버스정류장(동명여고 방면)",은평구,250
1,불암고등학교 앞 횡단보도,노원구,395
1,불암산역 3번 출구,노원구,320
1,불암산역 앞,노원구,137
1,불암주유소 앞,노원구,374
1,브라운스위트레지던스,중구,128
1,브라운스톤 남산아파트,용산구,248
1,비계 버스정류소,동작구,33
1,비석공원,서초구,171
1,비전교회 앞,성동구,789
1,빅마켓 금천점 앞,금천구,551
1,사가정역 2번출구,중랑구,759
1,사근빗물펌프장 건너편,성동구,615
1,사당동 아르테스 웨딩앞,동작구,335
1,사당새마을금고,동작구,98
1,사당역 12번출구 뒤,서초구,506
1,사당역 5번출구,관악구,354
1,사당역 7번출구쪽,동작구,211
1,사당역10번출구(금강빌딩),동작구,317
1,사당중학교 버스정류소,동작구,60
1,사랑의병원,관악구,260
1,사육신공원앞,동작구,214
1,사평리근린공원,서초구,318
1,사평역 2번출구,서초구,157
1,산기슭공원 앞,금천구,57
1,산업은행 앞,영등포구,478
1,산호시티빌 옆,금천구,65
1,삼각산동 주민센터,강북구,159
1,삼각산아이원아파트(105동 옆),강북구,41
1,삼각지 자이아파트,용산구,352
1,삼각지12번 출구,용산구,150
1,삼각지역 14번 출구 앞(교통섬),용산구,240
1,삼각지역 3번출구,용산구,213
1,삼각지역 4번출구 앞,용산구,291
1,삼부르네상스파크빌,구로구,386
1,삼성SDS,송파구,706
1,삼성광나루아파트 버스정류장,강동구,320
1,삼성도로공원,강남구,119
1,삼성디지털프라자관악점,관악구,257
1,삼성사이버빌리지아파트,중구,178
1,삼성생명 당산사옥 앞,영등포구,1020
1,삼성전자 물류센터 앞,구로구,368
1,삼성전자R&D어린이집 뒤,서초구,63
1,삼성전자서비스 성북센터,성북구,283
1,삼성중앙역 5번출구,강남구,236
1,삼성중앙역4번출구(문화센터더 리빌),강남구,70
1,삼성중앙역·플래티넘아파트 정류소,강남구,193
1,삼성타운(삼성생명) A동 맞은편,서초구,478
1,삼성화재 사옥 옆,영등포구,496
1,삼양동주민센터 앞,강북구,74
1,삼양사거리역,강북구,129
1,삼양시장오거리,강북구,80
1,삼양역,강북구,106
1,삼양입구사거리,강북구,56
1,삼육대 도서관,노원구,41
1,삼육대 입구,노원구,114
1,삼육대 제3과학관,노원구,20
1,삼육서울병원 버스정류장,동대문구,518
1,삼익세라믹아파트교차로,도봉구,225
1,삼익아파트,동작구,395
1,삼일교(시그니쳐 타워),중구,376
1,삼일수영장 앞,동작구,314
1,삼일초등학교 인근,동작구,180
1,삼전동주민센터 건너편,송파구,287
1,삼전동주민센터 앞,송파구,346
1,삼전역 1번출구,송파구,446
1,삼전역 4번출구,송파구,418
1,삼청공원 앞,종로구,78
1,삼청동 골목,종로구,241
1,삼호3차아파트 앞,서초구,333
1,삼호물산버스정류장(23370) 옆,강남구,564
1,삼호아파트 2동 ( 간선도로),강남구,98
1,삼호아파트 앞,구로구,226
1,삼환로즈빌아파트 105동 옆,구로구,295
1,"상계3,4동 주민센터 대여소",노원구,116
1,상계8동 주민센터,노원구,332
1,상계근린공원 운동장 앞,노원구,286
1,상계동 우방유쉘아파트 앞,노원구,282
1,상계동수락리버시티,노원구,210
1,상계문화정보도서관,노원구,183
1,상계신동아아파트,노원구,35
1,상계역 3번출구,노원구,1314
1,상계역중앙시장,노원구,371
1,상계주공 14단지 상가 앞,노원구,224
1,상계주공10단지 버스정류소,노원구,240
1,상계주공10단지 종합상가 앞,노원구,521
1,상계주공13단지 1301동,노원구,83
1,상계주공15단지 버스정류소,노원구,428
1,상계주공1단지 버스정류장 옆(대원빌딩 앞),노원구,605
1,상계주공1단지아파트,노원구,449
1,상계주공2단지 219동,노원구,435
1,상계주공2단지 버스정류장 옆,노원구,565
1,상계중학교(당현2교사거리),노원구,288
1,상계초교 입구 교차로 명주빌딩 앞,노원구,560
1,상도 아이파크 아파트,동작구,107
1,상도SH빌아파트 입구,동작구,37
1,상도역 1번출구,동작구,146
1,상도중앙하이츠빌 입구,동작구,102
1,상도효성해링턴플레이스,동작구,173
1,상록수아파트,강남구,164
1,상림마을 롯데캐슬2단지 옆,은평구,13
1,상림마을 생태공원,은평구,78
1,상명대입구,종로구,129
1,상봉시장앞 교차로 한성빌딩 앞,중랑구,311
1,상봉신협 앞,중랑구,380
1,상봉역 1번출구,중랑구,809
1,상봉역 2번 출구,중랑구,540
1,상봉역 3번출구,중랑구,499
1,상봉터미널2,중랑구,545
1,상사마을 버스정류장(아라대교방면),강서구,96
1,상수역 2번출구 앞,마포구,208
1,상수역새마을금고,마포구,111
1,상신초등학교앞 버스정류장,은평구,351
1,상아빌딩(우림시장 교차로),중랑구,370
1,상암동주민센터 옆,마포구,561
1,상암월드컵파크 10단지 앞,마포구,396
1,상암월드컵파크 1단지 교차로,마포구,289
1,상암월드컵파크 3단지 후문,마포구,171
1,상암월드컵파크 7단지 앞,마포구,169
1,상암월드컵파크 9단지 앞,마포구,242
1,상암월드컵파크5단지(상암중학교),마포구,98
1,상암중학교 옆,마포구,86
1,상암한샘빌딩앞,마포구,343
1,상암한화오벨리스크 1차 앞,마포구,404
1,상왕십리역 1번출구,성동구,786
1,상왕십리역 4번 출구 앞,성동구,256
1,상왕십리역 6번 출입구,성동구,121
1,상월곡역 1번출구,성북구,250
1,상월곡역 3번출구,성북구,377
1,상월곡역 4번출구,성북구,167
1,상일동산(동아아파트앞 교차로),강동구,68
1,상일동역 2번출구 앞,강동구,543
1,상일초등학교,강동구,204
1,상일파출소 옆,강동구,355
1,새말소공원,영등포구,774
1,새솔초등학교,중랑구,127
1,새우개마을,중랑구,49
1,새절역 2번출구,은평구,654
1,샛강생태공원방문자센터 앞,영등포구,145
1,샛강역 1번출구 앞,영등포구,646
1,샛마을 근린공원,강동구,179
1,생명의 전화 종합복지관 앞 교차로,성북구,311
1,생태공원앞 교차로(조명탑),강동구,25
1,서강나루 공원,마포구,322
1,서강대 남문 옆,마포구,224
1,서강대 정문 건너편,마포구,318
1,서강대 후문 옆,마포구,291
1,서강대역 2번출구 앞,마포구,349
1,서교동 사거리,마포구,490
1,서남병원 후문,양천구,264
1,서남환경공원 버스정류장,강서구,635
1,서남환경공원(방화동도시개발2단지방향),강서구,429
1,서대문구청,서대문구,180
1,서대문역 2번 출구,서대문구,458
1,서대문역 8번출구 앞,서대문구,142
1,서대문자연사박물관 입구,서대문구,90
1,서래공원 앞,서초구,129
1,서부식자재마트 건너편,양천구,495
1,서부운전면허시험장,마포구,228
1,서빙고동 금호맨션 앞,용산구,70
1,서빙고동 주민센터 앞,용산구,374
1,서빙고역 광장(1번출구),용산구,67
1,서서울모터리움 앞,강서구,178
1,서소문성지역사박물관,중구,59
1,서소문역사공원,중구,46
1,서우빌딩,서대문구,439
1,서울 논현동우체국 앞,강남구,59
1,서울 시흥동우체국 앞,금천구,196
1,서울 영등포구 우체국,영등포구,408
1,서울 월드컵 경기장,마포구,199
1,서울가정법원,서초구,210
1,서울강월초등학교 앞,양천구,320
1,서울갤러리아 앞,용산구,67
1,서울경찰청,종로구,368
1,서울고등학교 건너편,서초구,78
1,서울고앞,서초구,53
1,서울과학기술대학교(미래관),노원구,105
1,서울과학기술대학교(어학교육원),노원구,683
1,서울교육청 교육연수원 앞,서초구,45
1,서울교통공사 사당별관 건너편,서초구,110
1,서울교통공사사거리 교통섬,동대문구,355
1,서울남부교정시설 앞,구로구,119
1,서울남부지방검찰청 후문,양천구,458
1,서울남부출입국관리소,강서구,747
1,서울남부터미널 대합실 입구,서초구,268
1,서울대벤처타운역,관악구,135
1,서울대입구역 1번출구,관악구,366
1,서울대입구역 4번 출구,관악구,410
1,서울대입구역 5번출구,관악구,523
1,서울대입구역 마에스트로,관악구,258
1,서울대학교 정문,관악구,117
1,서울도봉초등학교인근,도봉구,115
1,서울도시가스 앞,강서구,326
1,서울도시건축전시관,중구,827
1,서울디자인고등학교 앞,마포구,339
1,서울디지털운동장 앞,금천구,304
1,서울문화재단 앞,동대문구,392
1,서울미래초등학교 사거리,구로구,451
1,서울미술관,종로구,45
1,서울반도체고 앞,동대문구,78
1,서울방이동 고분군,송파구,749
1,서울보증보험본사 앞,종로구,469
1,서울복합물류 게이트 1,송파구,621
1,서울본부세관(건설회관 앞),강남구,29
1,서울북부고용노동지청,강북구,174
1,서울북부고용센터앞,노원구,875
1,서울북부광역등기국,도봉구,109
1,서울북부수도사업소,강북구,194
1,서울북부지방법원,도봉구,111
1,서울북부지방법원 앞,도봉구,124
1,서울사대부설초등학교 앞,종로구,395
1,서울산업정보학교,관악구,57
1,서울서부지방법원 앞,마포구,282
1,서울서부지방법원등기국앞,마포구,85
1,서울서초고용센터앞,서초구,144
1,서울숲 IT캐슬,성동구,6
1,서울숲 공영주차장앞,성동구,117
1,서울숲 관리사무소,성동구,229
1,서울숲 지식산업센터,성동구,672
1,서울숲리버뷰자이APT105동 앞,성동구,160
1,서울숲역 2번출구 앞,성동구,624
1,서울숲역 5번 출구 옆,성동구,386
1,서울숲역3번출구,성동구,48
1,서울시 공공자전거 상암센터,마포구,228
1,서울시 도로환경관리센터,양천구,560
1,서울시 북부병원 앞,중랑구,89
1,서울시 북부여성발전센터,노원구,232
1,서울시 품질시험소 앞,서초구,172
1,서울시립과학관,노원구,119
1,서울시립대 건설공학관,동대문구,165
1,서울시립대 정문 앞 A,동대문구,65
1,서울시립대 정문 앞 B,동대문구,635
1,서울시립대 정보기술관,동대문구,98
1,서울시립대 후문,동대문구,258
1,서울시설공단 앞,성동구,578
1,서울시여성가족재단,동작구,178
1,서울시청,중구,640
1,서울식물원 식물문화센터,강서구,278
1,서울식물원 잔디마당 앞,강서구,885
1,서울식물원(문화센터) 건너편,강서구,105
1,서울신성초등학교,관악구,176
1,서울신용보증재단,마포구,325
1,서울신우초등학교,관악구,2
1,서울안천초등학교 옆,금천구,31
1,서울여대 남문,노원구,146
1,서울역 12번 출구 앞,용산구,339
1,서울역 7번출구,중구,48
1,서울역 서부,중구,154
1,서울역 서부교차로(3),중구,453
1,서울역 서부교차로2,중구,330
1,서울역 센트럴 자이아파트,중구,363
1,서울역5번출구,중구,248
1,서울역9번출구,중구,274
1,서울역사박물관 앞,종로구,340
1,서울연신중학교,은평구,84
1,서울연신초등학교,은평구,125
1,서울영상고교 입구,양천구,1024
1,서울율현초교 삼거리,강남구,263
1,서울중랑우체국,중랑구,216
1,서울지방고용노동청 앞,중구,438
1,서울지방병무청 버스정류장,영등포구,274
1,서울천호동우체국,강동구,561
1,서울체육고등학교 앞,송파구,303
1,서울추모공원 입구,서초구,6
1,서울축산농협(장안지점),동대문구,1048
1,서울출입국관리사무소 앞,양천구,1411
1,서울친환경유통센터,송파구,59
1,서울특별시 교육청,종로구,101
1,서울특별시 남부교육지원청,영등포구,167
1,서울특별시 동부교육지원청(육교),동대문구,79
1,서울특별시 동작관악교육지원청,동작구,37
1,서울특별시 은평병원,은평구,173
1,서울특별시 중부교육지원청,종로구,24
1,서울특별시교육청도봉도서관,강북구,275
1,서울혁신파크,은평구,252
1,서울혁신파크1,은평구,43
1,서울혁신파크2,은평구,108
1,서원마을,강동구,86
1,서일스포츠센터,서초구,78
1,서초 크로바타워 앞,서초구,240
1,서초 포레스타5단지,서초구,123
1,서초1교 (진흥아파트 방면),서초구,190
1,서초2교(사임당로 방면),서초구,74
1,서초4동주민센터,서초구,199
1,서초구립반포도서관 앞,서초구,469
1,서초그랑자이 앞,서초구,163
1,서초동 현대아파트 앞,서초구,136
1,서초리슈빌S 글로벌 앞,서초구,47
1,서초신동아1차아파트 옆,서초구,231
1,서초역 3번출구,서초구,287
1,서초역1번출구 앞,서초구,140
1,서초유치원 맞은편,서초구,159
1,서초종합체육관 입구,서초구,18
1,서초초등학교 후문,서초구,314
1,서초포레스타 7단지,서초구,83
1,서초현대4차아파트 201동 맞은편,서초구,180
1,석계역 3번 출구,노원구,385
1,석계역 4번출구 뒤,성북구,575
1,석계역 5번출구 건너편,성북구,544
1,석계역 문화광장 내 자전거 보관소,노원구,1052
1,석관동주민센터 앞,성북구,248
1,석관래미안아트리치,성북구,410
1,석관초등학교 앞,성북구,360
1,석촌고분역 2번 출구,송파구,750
1,석촌고분역 4번출구,송파구,557
1,석촌동 주민센터,송파구,767
1,석촌역 2번출구,송파구,800
1,석촌역 8번출구,송파구,995
1,석촌호수 서호 남단,송파구,918
1,석촌호수 서호 사거리,송파구,879
1,석촌호수 아뜰리에,송파구,574
1,석촌호수교차로 (송파나루근린공원 앞),송파구,195
1,석촌호수교차로(동호 팔각정 앞),송파구,1100
1,선릉역3번출구,강남구,478
1,선린인터넷 고등학교,용산구,366
1,선사고등학교,강동구,178
1,선유도역 3번출구 앞,영등포구,851
1,선잠단지 앞,성북구,80
1,"선정릉 디캠프(D,CAMP)앞",강남구,69
1,선정릉역 4번 출구,강남구,77
1,섬들근린공원,서초구,293
1,섬유센터 앞,강남구,411
1,성공회대학교,구로구,124
1,성균관대 E하우스 앞,종로구,248
1,성균관대 정문,종로구,739
1,성균관대입구 사거리 A,종로구,257
1,성균관대입구 사거리 B,종로구,362
1,성내5교,송파구,254
1,성내7교,송파구,317
1,성내교 남단,송파구,121
1,성내삼성아파트,강동구,1123
1,성내어울터,강동구,725
1,성내유수지 체육공원,송파구,120
1,성동광진 교육지원청 앞,성동구,422
1,성동교 사거리,성동구,231
1,성동구 견인차량 보관소 앞,성동구,488
1,성동구민종합체육센터 건너편,성동구,715
1,성동도로사업소,성동구,120
1,성동세무서 건너편,성동구,695
1,성동세무서 부근,성동구,589
1,성보하이드로빌딩,양천구,305
1,성북3교 위,성북구,361
1,성북구 한예종 캠퍼스 별관,성북구,87
1,성북구 한예종 캠퍼스 본관,성북구,103
1,성북구보건소 건너편,성북구,236
1,성북구청,성북구,263
1,성북동 치안센터 앞,성북구,250
1,성북쉼터 앞,성북구,58
1,성북제일새마을금고 본점 앞,성북구,111
1,성북청소년문화의집,성북구,28
1,성북청소년센터,성북구,145
1,성산2-1 공영주차장,마포구,434
1,성산2교 사거리,마포구,588
1,성산2동 주민센터,마포구,138
1,성산시영아파트,마포구,285
1,성산시영아파트 후문,마포구,517
1,성서대학교 밀알관,노원구,57
1,성수2가1동 공영주차장 인근,성동구,1356
1,성수사거리 버스정류장 앞,성동구,835
1,성수아카데미타워 앞,성동구,762
1,성수역 1번출구 주변,성동구,256
1,성수역 2번출구 앞,성동구,1705
1,성수역3번출구,성동구,1648
1,성신여대입구 교차로,성북구,250
1,성신여대입구역 3번출구 앞,성북구,364
1,성신여대입구역 5번출구,성북구,366
1,성원2차 아파트,양천구,372
1,성원APT버스정류소,도봉구,235
1,성지아파트 옆 도로변,금천구,53
1,세곡데이케어센터,강남구,82
1,세곡동 사거리(대왕초등학교 정류장),강남구,40
1,세곡동 성당,강남구,176
1,세곡사거리 대왕파출소 앞,강남구,32
1,세륜초등학교 건너편,송파구,35
1,세양청마루 101동 앞,송파구,182
1,세운상가,종로구,218
1,세운스퀘어 앞,종로구,324
1,세이브마트,관악구,537
1,세종그랑시아 앞(102동),양천구,458
1,세종대왕기념관 교차로,동대문구,157
1,세종대학교,광진구,57
1,세종대학교 대양AI센터,광진구,298
1,세종대학교(영실관),광진구,72
1,세종대학교(학술정보원),광진구,80
1,세종사이버대학교,광진구,932
1,세화고등학교,서초구,53
1,센서텍㈜,강서구,674
1,센트럴 푸르지오 시티 앞,영등포구,642
1,센트럴파크타워 앞,용산구,349
1,솔리스타오피스텔(공덕동주민센터),마포구,289
1,솔밭공원역,강북구,100
1,솔밭공원역 1번출구 앞,강북구,155
1,솔밭공원역 1번출구 주변,강북구,181
1,솔브레인이엔지 뒤편,금천구,329
1,송도병원,중구,57
1,송이공원,송파구,232
1,송정역 1번출구,강서구,787
1,송정역 3번출구 앞,강서구,491
1,송정중학교,강서구,400
1,송중초등학교 옆,강북구,147
1,송천동 주민센터,강북구,166
1,송천동우체국,강북구,105
1,송천센트레빌,강북구,74
1,송파 글마루 도서관,송파구,269
1,송파 레미니스1단지 102동 앞,송파구,343
1,송파 파인타운 11단지,송파구,211
1,송파구청,송파구,1792
1,송파구청 교차로,송파구,710
1,송파나루역 4번 출구옆,송파구,1405
1,송파도서관,송파구,199
1,송파레이크힐,송파구,77
1,송파레이크힐 상가,송파구,281
1,송파사거리,송파구,764
1,송파소방서 (방이119안전센터),송파구,176
1,송파소방서 맞은편(성내4교),송파구,435
1,송파여성문화회관 앞,송파구,816
1,송파여성축구장,송파구,158
1,송파역 2번 출구앞,송파구,436
1,송파역 4번출구,송파구,845
1,송파중학교 정문,송파구,195
1,송파지역자활센터 뒤,송파구,854
1,송파청소년센터,송파구,171
1,송파체육문화회관 앞,송파구,363
1,송파파인타운 10단지 1005동,송파구,82
1,송파파인타운 4단지 403동,송파구,157
1,송파파인타운 7단지,송파구,218
1,송파파크데일 1단지 115동 건너편,송파구,109
1,송파파크데일 2단지입구 앞 주차장,송파구,133
1,송파학사 옆,송파구,289
1,수궁동 성당 주변,구로구,124
1,수락리버시티4단지,노원구,162
1,수락산역 4번출구,노원구,295
1,수명산파크 4단지 411동 앞,강서구,518
1,수명산파크1단지교차로,강서구,1223
1,수명중?고교,강서구,528
1,수명초등학교,강서구,499
1,수색역,은평구,536
1,수서동 성당 맞은편,강남구,118
1,수서역 1번출구 앞,강남구,350
1,수서역 5번출구,강남구,884
1,수연빌딩 앞,노원구,269
1,수유1동 주민센터,강북구,195
1,수유2동은행빌딩 앞,강북구,204
1,수유사거리,강북구,341
1,수유역2번출구,강북구,872
1,수유중앙시장,강북구,271
1,수출의 다리 아래,금천구,190
1,수협 연남동지점,마포구,496
1,수협대치동지점,강남구,48
1,숙대입구역 4번출구,용산구,397
1,숙대입구역 8번,용산구,199
1,숙명여대 입구 교차로,용산구,398
1,숙명여대앞 버스정류소 주변,용산구,61
1,순천향대학병원(한남오거리),용산구,184
1,순흥안씨묘 건너편,금천구,14
1,숭실대 입구역3번 출구 앞,동작구,133
1,숭실대학교(중문),동작구,81
1,숭인2동 주민센터 입구,종로구,440
1,스타벅스(동교동) 앞,마포구,312
1,스타즈호텔독산 빌딩 앞,금천구,285
1,시립도봉노인복지관 버스정류소,도봉구,196
1,시립동부병원 앞 사거리,동대문구,749
1,시립미술관,중구,291
1,시립창동운동장 입구,도봉구,59
1,시범아파트버스정류장 옆,영등포구,1017
1,시석빌딩 앞,마포구,210
1,시조사 앞,동대문구,327
1,시청역 10번출구,중구,212
1,시청역(2호선) 9번출구 뒤,중구,981
1,시흥4동주민센터 앞,금천구,72
1,시흥사거리(시흥동 994-3 앞),금천구,238
1,신곡시장,양천구,440
1,신금호역 2번출구 앞,성동구,25
1,신금호파크자이APT앞,성동구,117
1,신길 래미안 프레비뉴,영등포구,233
1,신길동 우리은행 옆,영등포구,337
1,신길선원가와인아파트 앞,영등포구,399
1,신길역 2번출구,영등포구,538
1,신길역3번출구,영등포구,651
1,신길우성1차아파트 앞 공원,영등포구,245
1,신길우성4차아파트,영등포구,473
1,신길자이아파트,영등포구,297
1,신내 우디안 111동 앞,중랑구,66
1,신내2동 주민센터 앞,중랑구,247
1,신내SK V1센터 앞,중랑구,165
1,신내능말공원,중랑구,154
1,신내동 벽산아파트 후문 앞,중랑구,272
1,신내동 한살림 중랑지구 건너편,중랑구,96
1,신내동 한살림 중랑지구 앞,중랑구,229
1,신내어울공원 앞,중랑구,220
1,신내역 4번출구,중랑구,124
1,신내우디안아파트 1단지,중랑구,78
1,신논현역 4번출구,강남구,212
1,신논현타워 앞,서초구,196
1,신답역 사거리,동대문구,658
1,신당 래미안 버스정류장,중구,222
1,신당동주민센터앞,중구,603
1,신당역 10번 출구,중구,537
1,신당역 12번 출구 뒤,중구,1001
1,신대방삼거리,동작구,516
1,신대방삼거리역 6번출구쪽,동작구,836
1,신대방역 2번 출구,관악구,1974
1,신도고등학교,은평구,95
1,신도림2차e편한세상아파트 203동 앞,구로구,368
1,신도림4차 e편한세상 아파트 1109동 앞,구로구,318
1,신도림7차e편한세상아파트 806동 앞,구로구,303
1,신도림동주민센터 앞,구로구,406
1,신도림쌍용플래티넘노블아파트 앞,구로구,631
1,신도림역 1번 출구 앞,구로구,1916
1,신도림테크노근린공원,구로구,1891
1,신도봉사거리 버스정류장,도봉구,209
1,신도중학교앞,은평구,60
1,신동아럭스빌아파트 앞,서초구,59
1,신동아아파트,영등포구,749
1,신동아타워 버스정류소,도봉구,142
1,신림1교 교차로,관악구,414
1,"신림4,5동교",관악구,107
1,신림동 우방아파트,관악구,485
1,신림동걷고싶은문화의거리입구,관악구,461
1,신림푸르지오아파트,관악구,311
1,신마곡벽산블루밍메트로오피스텔앞,강서구,453
1,신목동역 2번 출구,양천구,955
1,신목동역 3번출구,양천구,219
1,신반포역 2번출구 앞,서초구,120
1,신반포역 3번출구 뒤,서초구,48
1,신방화사거리,강서구,996
1,신방화역 6번출구,강서구,512
1,신방화역 8번출구,강서구,423
1,신방화역환승주차장,강서구,1267
1,신봉천주유소 A,관악구,30
1,신봉천주유소 B,관악구,71
1,신사동 가로수길 입구,강남구,206
1,신사동 성당,은평구,109
1,신사동주민센터 옆,강남구,181
1,신사두산위브2차아파트 앞,은평구,419
1,신사로입구,관악구,531
1,신사스퀘어,강남구,59
1,신사역 4번출구 뒤,서초구,266
1,신석초교앞 교차로 교통섬,마포구,600
1,신설동역 10번출구 앞,동대문구,704
1,신설동역 11번출구 뒤,종로구,619
1,신설동역8번출구,동대문구,432
1,신성기사식당 앞,마포구,219
1,신성미소지움아파트,중랑구,134
1,신세계면세점,중구,105
1,신세계백화점 본점 앞,중구,231
1,신세기아파트 앞,구로구,237
1,신수동 사거리,마포구,152
1,신수동주민센터,마포구,117
1,신양초교앞 교차로,광진구,225
1,신영동삼거리,종로구,15
1,신영동삼거리(북악터널방향),종로구,15
1,신용산역 1번 출구,용산구,454
1,신용산역 6번출구 앞,용산구,388
1,신용산지하차도 앞,용산구,238
1,신원리베르텔 앞,도봉구,341
1,신월6차보람아파트 앞,양천구,377
1,신월사거리,양천구,471
1,신월중학교,양천구,356
1,신응교(가좌로) 앞,은평구,422
1,신이문역 1번출구,동대문구,313
1,신이문역 2번출구,동대문구,277
1,신일해피트리아파트 앞,양천구,423
1,신자초교입구 교차로,광진구,800
1,신정1동 주민센터 앞,양천구,938
1,신정3동 현장민원실 앞,양천구,263
1,신정6동 주민센터 인근,양천구,613
1,신정교 하부,양천구,457
1,신정네거리역,양천구,318
1,신정네거리역 교차로,양천구,378
1,신정보도육교 아래,양천구,1218
1,신정숲속마을아파트,양천구,253
1,신정이펜하우스 1단지아파트 입구 사거리,양천구,235
1,신정이펜하우스314동,양천구,208
1,신정제일시장,양천구,249
1,신진과학기술고등학교 버스정류장(응암시장 방면),은평구,375
1,신진빌라,양천구,209
1,신창교,강북구,220
1,신창시장,도봉구,392
1,신창아파트 입구 앞,도봉구,86
1,신창중학교 후문 맞은편 버스정류장,노원구,267
1,신청담나들목,강남구,53
1,신촌 교보빌딩,마포구,82
1,신촌 청년주택,마포구,465
1,신촌 파랑고래 입구,서대문구,158
1,신촌기차역입구 교차로,서대문구,156
1,신촌동 제1공영주차장 앞,서대문구,180
1,신촌역 4번출구,서대문구,201
1,신촌역(2호선) 1번출구 옆,서대문구,391
1,신촌역(2호선) 6번출구 옆,마포구,250
1,신촌역(2호선) 7번출구 앞,마포구,550
1,신트리공원 입구,양천구,1058
1,신풍역 6번출구,영등포구,585
1,신한금융투자 앞,영등포구,1175
1,신한은행 대림동지점,영등포구,229
1,신한은행 시흥대로금융센터지점,금천구,63
1,심산기념문화센터,서초구,248
1,쌍문동 이안아파트 앞,도봉구,207
1,쌍문역 1번출구 주변,도봉구,306
1,쌍문역4번출구 주변,도봉구,364
1,쌍문현대1차아파트 108동 앞,도봉구,213
1,쌍용아파트2단지 정문,종로구,134
1,쌍용예가(구청별관),영등포구,374
1,쌍용플레티넘오피스텔,영등포구,583
1,아리랑시네센터 앞,성북구,256
1,아만티호텔 앞,마포구,161
1,아망떼마곡전시장,강서구,650
1,아메리칸센터,용산구,125
1,아산병원 기숙사 부근,송파구,1195
1,아시아선수촌아파트 교차로,송파구,162
1,아시아지하보도 14번 출구,송파구,607
1,아시아지하보도 2번 출구,송파구,281
1,아주중학교건너편,송파구,434
1,아차산 휴먼시아 아파트 옆,광진구,206
1,아차산역 3번출구,광진구,704
1,아차산역4번출구,광진구,701
1,아크로리버뷰 부지 앞,서초구,142
1,아크로타워 스퀘어(영등포시장),영등포구,1052
1,아현문화건강센터,마포구,26
1,아현역 4번출구 앞,마포구,194
1,안골마을입구,서초구,2
1,안국동사거리(신),종로구,443
1,안국역 5번출구 앞,종로구,555
1,안산초등학교 앞,서대문구,48
1,안암2교 옆,성북구,569
1,안암골벽산아파트(후문),동대문구,263
1,안암로터리 버스정류장 앞,성북구,1236
1,안암역 3번 출구,성북구,208
1,안양천합수부(현대3차아파트),강서구,304
1,안천중학교,금천구,66
1,암사동 선사유적지,강동구,24
1,암사역 3번출구(국민은행앞),강동구,849
1,암사정수센터교차로(강동롯데캐슬퍼스트아파트),강동구,81
1,압구정 한양 3차 아파트,강남구,156
1,압구정나들목,강남구,228
1,압구정로데오역 6번출구,강남구,210
1,압구정역 2번 출구 옆,강남구,500
1,압구정파출소 앞,강남구,381
1,앙카라공원 앞,영등포구,631
1,애오개역 4번출구 앞,마포구,484
1,앰배서더 호텔 주변,중구,169
1,약수동 주민센터,중구,34
1,약수역 10번출구 앞,중구,123
1,약수역 3번출구 뒤,중구,148
1,약수역 6번 출구,중구,124
1,양강중학교앞 교차로,양천구,299
1,양남사거리1,영등포구,265
1,양남사거리2,영등포구,305
1,양녕로 입구,관악구,415
1,양문교회 앞,동작구,281
1,양서중학교 옆,양천구,230
1,양원보도육교,양천구,120
1,양원역 1번 출구,중랑구,182
1,양원역 2번출구,중랑구,43
1,양원지구 힐데스하임 앞,중랑구,155
1,양재근린공원,서초구,357
1,양재동 꽃시장 건너편,서초구,159
1,양재동 꽃시장 입구,서초구,109
1,양재시민의숲역 1번출구,서초구,566
1,양재시민의숲역 3번출구,서초구,453
1,양재역 10번 출구 앞,서초구,227
1,양재역 3번출구 주변,강남구,407
1,양재역 8번출구 앞,서초구,273
1,양재이스타빌 앞,서초구,351
1,양재전화국 사거리,서초구,139
1,양재초등학교 맞은편,서초구,178
1,양지근린공원앞,노원구,337
1,양지사거리,성동구,395
1,양지사거리(센트라스APT 115동앞),성동구,67
1,양천 해누리타운,양천구,1025
1,양천공영차고지,양천구,75
1,"양천구청, 보건소 사잇길",양천구,1889
1,양천구청역 1번출구,양천구,445
1,양천구청역 2번출구 옆,양천구,942
1,양천문화회관,양천구,603
1,양천아파트 입구,양천구,1005
1,양천해누리체육공원,양천구,166
1,양천향교역 7번출구앞,강서구,1489
1,양천향교역8번출구,강서구,686
1,양평1 보행육교 앞,영등포구,543
1,양평1나들목 보행통로 입구,영등포구,373
1,양평1동 YP센터 앞,영등포구,264
1,양평교 영등포대여소,영등포구,542
1,양평동6차현대아파트 앞,영등포구,774
1,양평동성원아파트,영등포구,510
1,양평역 1번출구,영등포구,1036
1,양평역2번출구 뒤,영등포구,229
1,양평우림 이비즈센타 앞,영등포구,779
1,어린이대공원역 2번출구,광진구,307
1,어린이대공원역 3번출구 앞,광진구,650
1,어린이대공원정문,광진구,150
1,어린이도서관,종로구,195
1,어린이회관,광진구,300
1,어울림병원 앞,영등포구,298
1,언남초등학교 앞,서초구,276
1,언주역 4번출구,강남구,108
1,언주초등학교 입구,강남구,185
1,에스테반,마포구,108
1,에이스 하드웨어(시흥대로 396) 앞,금천구,218
1,에이스에이존빌딩,관악구,211
1,에이스하이엔드타워8차 앞,금천구,509
1,에이스하이엔드타워9차 앞,금천구,188
1,엠펠리체 호텔 건너편,강서구,680
1,여의나루역 1번출구 앞,영등포구,1475
1,여의도 마리나선착장 앞,영등포구,96
1,여의도 삼부아파트,영등포구,433
1,여의도 순복음교회,영등포구,63
1,여의도 은하아파트,영등포구,220
1,여의도고교 앞,영등포구,288
1,여의도역2번출구 앞,영등포구,399
1,여의도중학교 옆,영등포구,212
1,여의도초교 앞,영등포구,405
1,역삼1동 주민센터,강남구,318
1,역삼동 sk뷰 501동앞,강남구,153
1,역삼동 디오슈페리움 (우성아파트 사거리),강남구,256
1,역삼빌딩 앞(하나은행 옆),강남구,228
1,역삼월드메르디앙아파트 앞,강남구,173
1,역삼중학교 앞(체육관 방향),강남구,94
1,역촌 센트레빌 아파트,은평구,125
1,역촌센트레빌아파트 101동 앞,은평구,68
1,역촌종합시장 버스정류장(예일여고 방면),은평구,602
1,역촌파출소,은평구,1153
1,연가교 교차로,서대문구,283
1,연가초등학교 옆,서대문구,167
1,연남동주민센터 앞,마포구,878
1,연대 대운동장 옆,서대문구,203
1,연서어린이공원,서대문구,275
1,연세강서빌딩,강서구,431
1,연세대 정문 건너편,서대문구,117
1,연세로 명물길,서대문구,223
1,연신내 선일하이츠빌 정류소,은평구,109
1,연신내역 1번 출구,은평구,320
1,연신내역 3번출구 인근,은평구,158
1,연신내역 4번출구,은평구,151
1,연신내역 5번출구,은평구,760
1,연신초등학교옆 마을마당,은평구,48
1,연의근린공원 건너편,양천구,224
1,연해피빌 앞,노원구,199
1,연희 브라운스톤 아파트 앞,서대문구,540
1,연희IC 남측,서대문구,318
1,연희교차로 인근,서대문구,210
1,연희삼거리,서대문구,271
1,연희초등학교 앞,서대문구,168
1,연희파크푸르지오아파트 앞,서대문구,313
1,염곡동(염통골) 입구,서초구,25
1,염곡치안센터 건너편,서초구,28
1,염리초등학교 앞,마포구,253
1,염창동 새마을금고 건너편,강서구,305
1,염창동 한마음아파트 앞,강서구,499
1,염창역 1번 출구,강서구,687
1,"염창역 3, 4번 출구 사이",양천구,335
1,염천교사거리,중구,276
1,영도초등학교,양천구,851
1,영동1교 (양재천근린공원),서초구,222
1,영동3교 북단(우성캐릭터 앞 보도),강남구,112
1,영동대교 북단,광진구,621
1,영동중앙교회 버스정류장,강남구,87
1,영등포 신세계백화점,영등포구,1449
1,영등포 푸르지오 아파트 A,영등포구,312
1,영등포 푸르지오 아파트 B,영등포구,490
1,영등포공원 분수대 앞,영등포구,89
1,영등포구민체육센터 앞,영등포구,694
1,영등포구청역 7번출구,영등포구,2186
1,영등포로터리,영등포구,504
1,영등포로터리2,영등포구,553
1,영등포삼환아파트 앞,영등포구,513
1,영등포시장역 포레나영등포,영등포구,1056
1,영등포역 1번출구,영등포구,1107
1,영등포역5번출구,영등포구,1185
1,영등포유통상가 사거리,영등포구,522
1,영등포전화국사거리 (서강어린이공원),영등포구,660
1,영등포청과시장 사거리,영등포구,446
1,영락고등학교,관악구,112
1,영문초등학교 사거리,영등포구,1354
1,영성빌딩(PAT),중랑구,241
1,영어마을 관악캠프,관악구,66
1,영일 어린이공원,영등포구,363
1,영파여고 앞,송파구,382
1,영휘원 교차로,동대문구,218
1,영희초교 사거리(래미안개포루체하임),강남구,207
1,예일여중,은평구,443
1,옛골 입구,서초구,18
1,오금공원 사거리,송파구,67
1,오금공원사거리2,송파구,102
1,오금동 대림아파트 정문,송파구,198
1,오금역 3번 출구 뒤,송파구,234
1,오금역 7번 출구 인근,송파구,383
1,오류동 계림웨스트밸리 앞,구로구,55
1,오류동 다숲오피스텔 앞,구로구,163
1,오류동역 2번출구,구로구,246
1,오류동역 맞은편,구로구,319
1,오륜사거리,송파구,208
1,오리로와 서해안도로 교차로 앞,구로구,138
1,오목교 동측 지하보도,영등포구,440
1,오목교역 3번출구,양천구,1837
1,오목교역 6번 출구,양천구,651
1,오목교역 7번출구 앞,양천구,1334
1,오목로 무중력지대 앞,양천구,104
1,오솔길공원,양천구,264
1,오정초교 앞 보도육교,구로구,61
1,옥수동성당 옆,성동구,46
1,옥수역 3번출구,성동구,964
1,온곡초교 교차로,노원구,569
1,온수역 2번 출구 앞,구로구,76
1,온수역 북측,구로구,67
1,올림픽공원 남2문 앞,송파구,394
1,올림픽공원 북2문 A,송파구,446
1,올림픽공원 북2문 B,송파구,863
1,올림픽공원 서1문 앞,송파구,228
1,올림픽공원 장미광장,송파구,168
1,올림픽공원사거리(선수촌아파트),송파구,452
1,올림픽공원역 1번출구 앞,송파구,612
1,올림픽공원역 3번출구,송파구,1283
1,올림픽기념 국민생활관 로터리,종로구,496
1,올림픽로 836(아리수로),강동구,88
1,올림픽선수기자촌아파트 123동 근처,송파구,140
1,올림픽선수촌아파트 136동 앞,송파구,162
1,올림픽훼미리아파트 112동 앞,송파구,336
1,왈도강서캠퍼스 앞,강서구,499
1,왕십리 자이아파트(101동 앞),성동구,6
1,왕십리KCC스위첸아파트,성동구,40
1,왕십리교회옆,성동구,706
1,왕십리역 11번 출구 앞,성동구,442
1,왕십리역 4번 출구 건너편,성동구,543
1,왕십리자이아파트 후문(삼거리),성동구,56
1,외국어대 정문 앞,동대문구,616
1,외대앞역 3번출구,동대문구,341
1,외대앞역 교차로,동대문구,270
1,용강동 주민센터 앞,마포구,338
1,용답동 우체국 주변,성동구,272
1,용답토속공원 앞,성동구,204
1,용두동 래미안허브리츠아파트 앞,동대문구,459
1,용두동 사거리,동대문구,682
1,용두롯데캐슬리치아파트 앞,동대문구,458
1,용두역 4번출구,동대문구,713
1,용마복지센터 앞,중랑구,59
1,용마사거리,광진구,538
1,용마산역 1번출구,중랑구,125
1,용마지구대 A,중랑구,87
1,용마지구대 B,중랑구,164
1,용마한신아파트사거리,중랑구,64
1,용문2교 옆,성북구,471
1,용문사 버스정류장,강서구,320
1,용산 선인상가,용산구,167
1,용산 파크타워 앞,용산구,160
1,용산 푸르지오 파크타운 1단지 앞,용산구,107
1,용산공원갤러리앞,용산구,70
1,용산구꿈나무종합타운 앞,용산구,182
1,용산더프라임아파트 101동 앞,용산구,100
1,용산시티파크 101동 앞,용산구,81
1,용산역 맞은편,용산구,924
1,용산전쟁기념관,용산구,38
1,용산중학교,용산구,355
1,용신동주민센터,동대문구,295
1,우국한마음 아파트 맞은편,서대문구,253
1,우리은행 방배동지점 앞,서초구,231
1,우리은행 시흥남자동화점 앞,금천구,138
1,우면산등산로 입구,서초구,36
1,우물골 근린공원,은평구,155
1,우성4차아파트,광진구,405
1,우성식품 앞,광진구,395
1,우성아파트 교차로,영등포구,331
1,우성아파트 앞,동작구,831
1,우성아파트사거리 (기업은행앞),서초구,558
1,우솔초등학교 맞은편,서초구,43
1,우영테크노센터 앞,성동구,571
1,우이교 교차로,도봉구,306
1,우이동 먹거리마을,강북구,40
1,우이동길마을마당,강북구,226
1,우이천 창번교,강북구,136
1,우장산동 가곡어린이공원앞,강서구,845
1,우장산역 1번출구옆(우장산아이파크105동앞),강서구,758
1,우장산역 3번출구,강서구,568
1,우장산역 헤링턴타워 앞,강서구,494
1,우장초등학교 앞,강서구,674
1,원남동사거리,종로구,471
1,원당공원 앞,도봉구,228
1,원메디타운 앞,구로구,395
1,원묵고등학교,중랑구,347
1,원일교회,광진구,688
1,원자력 병원,노원구,82
1,원풍빌라앞,은평구,131
1,원효로2가 교차로,용산구,159
1,원효로다목적체육관 앞,용산구,186
1,월계 롯데캐슬아파트 뒤,노원구,128
1,월계 센트럴 아이파크,노원구,308
1,월계 청백1단지 아파트 정류장,노원구,200
1,월계1동주민센터 앞,노원구,182
1,월계2교 교차로,강북구,141
1,월계2교 버스정류장 앞,성북구,181
1,월계문화체육센터,노원구,71
1,월계역 1번 출구,노원구,226
1,월계중학교,노원구,112
1,월계초안아파트 1단지,노원구,190
1,월계프라자,노원구,194
1,월곡역 3번출구,성북구,670
1,월곡역 5번출구 앞,성북구,443
1,월곡역 입구 육교 밑,성북구,100
1,월드메르디앙 벤처센터 2차,금천구,354
1,월드컵경기장역 3번출구 옆,마포구,490
1,월드컵공원,마포구,305
1,월드컵파크 4단지,마포구,105
1,월정초 사거리,양천구,184
1,웨스틴 조선호텔,중구,180
1,웰니스센터(민방위교육장 앞),종로구,461
1,웰츠타워 오피스텔,광진구,184
1,위너스 스포츠클럽 골프연습장옆,금천구,222
1,위례 포레샤인 1809동 부근,송파구,136
1,위례22단지 2208동 다리앞,송파구,126
1,위례동주민센터,송파구,549
1,위례별 유치원 뒤,송파구,146
1,위례송파꿈에그린아파트24단지 앞 성벽 다리 밑,송파구,97
1,위례아이파크 101동 맞은편,송파구,129
1,위례중앙푸르지오 1단지 앞,송파구,320
1,위례중앙푸르지오 201동 앞,송파구,489
1,위례포레나송파,송파구,243
1,위례포레샤인 2310동 부근,송파구,153
1,위례포레샤인13단지,송파구,208
1,위례포레샤인18단지 1802동,송파구,81
1,위례포레샤인18단지 1812동,송파구,124
1,위례포레샤인아파트 정류장,송파구,193
1,윗반마을 입구,강남구,31
1,유니베라 앞,성동구,533
1,유스호스텔 앞,영등포구,449
1,유원목동아파트 103동 앞,양천구,1169
1,유진투자증권빌딩 앞,영등포구,694
1,유한양행앞,동작구,475
1,육군사관학교  앞,노원구,284
1,윤선생빌딩(JYP사옥),강동구,961
1,으뜸공원,양천구,272
1,은곡마을,강남구,84
1,은마아파트 입구 사거리,강남구,378
1,은마아파트입구 사거리(1),강남구,100
1,은천교회,관악구,316
1,은천교회 앞,관악구,435
1,은천로입구 가로공원,관악구,802
1,은천삼거리,관악구,131
1,은천초등학교 육교,관악구,227
1,은천치안센터,관악구,446
1,은평 성모병원 사거리,은평구,88
1,은평 지웰테라스,은평구,15
1,은평구청 교차로,은평구,366
1,은평뉴타운 도서관,은평구,155
1,은평뉴타운 상림마을 13단지,은평구,44
1,은평뉴타운 아이파크,은평구,174
1,은평뉴타운 은뜨락아파트앞,은평구,135
1,은평뉴타운 푸르지오,은평구,176
1,은평뉴타운 힐데스하임,은평구,269
1,은평뉴타운구파발9단지,은평구,112
1,은평뉴타운폭포동 힐스테이트4단지,은평구,57
1,은평다목적체육관,은평구,133
1,은평서해그랑블아파트앞,은평구,117
1,은평세무서 버스정류장(은평구청 방면),은평구,433
1,은평역사한옥박물관,은평구,49
1,은평예술회관,은평구,311
1,은평평화공원(역촌역4번출구),은평구,628
1,은하수 공원,노원구,157
1,을지로2가 사거리 남측,중구,293
1,을지로2가 사거리 북측,중구,306
1,을지로3가역 3번출구,중구,484
1,을지로4가역 1번출구,중구,255
1,을지로4가역 9번출구,중구,621
1,을지로입구역 2번출구,중구,523
1,을지로입구역 4번출구 앞,중구,537
1,을지로입구역 8번출구,중구,211
1,을지로지하쇼핑센터,중구,181
1,응봉삼거리,성동구,131
1,응봉역 1번출구,성동구,779
1,응봉현대아파트 정류소,성동구,68
1,응암2동주민센터 버스정류장(영락중학교 방면),은평구,183
1,응암시장교차로,은평구,623
1,응암역2번출구 국민은행 앞,은평구,938
1,응암역3번 출구(서부경찰서 방면),은평구,94
1,응암오거리,은평구,665
1,의정관,영등포구,88
1,이대목동병원보도육교,양천구,382
1,이대서울병원,강서구,592
1,이대역 4번 출구,서대문구,114
1,이대역 5번출구,마포구,255
1,이랜드글로벌R&D센터,강서구,333
1,이마트 버스정류소 옆,성동구,1443
1,이마트 버스정류장(서부경찰서 방면),은평구,818
1,이문e편한세상아파트 앞,동대문구,124
1,이문대성유니드아파트 앞,동대문구,166
1,이문동 쌍용아파트 정문,동대문구,229
1,이문삼익아파트 앞,동대문구,45
1,이수고가차도 남단,서초구,391
1,이수교차로,서초구,194
1,이수성결교회 옆,동작구,38
1,이수역 11번출구쪽,동작구,616
1,이수역 1번출구,서초구,449
1,이수역 4번 출구,서초구,418
1,이수역 6번출구 앞,서초구,230
1,이수역9번출구,동작구,357
1,이앤씨드림타워 앞,영등포구,1209
1,이좋은집오피스텔 앞,구로구,211
1,이촌1동 마을공원,용산구,123
1,이촌1동 주민센터 뒤,용산구,285
1,이촌2동 동원베네스트 아파트 앞,용산구,231
1,이촌역2번 출구,용산구,105
1,이촌역5번출구 앞,용산구,22
1,이태원관광특구 입구(용산구청방향),용산구,3
1,이태원관광특구입구A(녹사평역쪽),용산구,114
1,이태원로 255,용산구,26
1,이태원역 3번 출구,용산구,135
1,이태원지하보도,용산구,202
1,이투스교육 앞,서초구,113
1,이튼타워리버 2차,광진구,525
1,이화공영주차장,종로구,212
1,이화여대 인문관 인근,서대문구,71
1,이화여대 후문,서대문구,234
1,인덕대학교,노원구,135
1,인왕산 아이파크 정문,종로구,91
1,인재개발원 데이터센터,서초구,2
1,인재개발원 배움관,서초구,45
1,인헌초교,관악구,86
1,일동제약 사거리,서초구,198
1,일성아파트,종로구,49
1,일신초등학교 옆,성북구,66
1,일원1동 주민센터,강남구,256
1,일원1동주민센터앞 사거리,강남구,124
1,일원에코파크 앞(개포로 방면),강남구,103
1,일원에코파크 주차장,강남구,81
1,일원역 4~5번 출구 사이,강남구,122
1,임광빌딩 앞,서대문구,153
1,자곡사거리,강남구,318
1,자교교회 앞,종로구,375
1,자양(뚝섬한강공원)역 1번출구 앞,광진구,1892
1,자양2동 주민센터,광진구,536
1,자양나들목,광진구,635
1,자양사거리 광진아크로텔 앞,광진구,721
1,자양사거리(서원빌딩),광진구,1147
1,자양중앙나들목,광진구,432
1,자양한강도서관,광진구,639
1,잔디마을 마을버스 정류장,서초구,577
1,잠실 자전거 수리센터 앞,송파구,945
1,잠실 파크리오 120동 앞,송파구,414
1,잠실3거리(갤러리아팰리스),송파구,384
1,잠실4동 주민센터 옆,송파구,579
1,잠실근린공원,송파구,622
1,잠실나들목,송파구,357
1,잠실나들목2(엘스아파트136동),송파구,207
1,잠실나들목4,송파구,254
1,잠실나들목5,송파구,97
1,잠실나들목6,송파구,101
1,잠실나루 나들목,송파구,327
1,잠실나루역 (2번 출구 쪽),송파구,798
1,잠실나루역 고가하부,송파구,206
1,잠실나루역4번출구뒤,송파구,380
1,잠실대교북단 교차로,광진구,434
1,잠실새내역 1번출구,송파구,728
1,잠실새내역 5번 출구 뒤,송파구,992
1,잠실역 6번출구,송파구,605
1,잠실역 8번출구,송파구,1111
1,잠실주공 521동 건너편,송파구,672
1,잠실주공5단지1,송파구,692
1,잠실트리지움310동 옆,송파구,647
1,잠원역 3번-4번 출구사이,서초구,357
1,잣절보도육교 아래,양천구,170
1,장곡초등학교 앞,성북구,200
1,장로회신학대학교 주기철 기념관,광진구,13
1,장미원시장 건너편,강북구,187
1,장수공원,양천구,258
1,장승배기역 5번출구,동작구,620
1,장승배기역2번출구뒷편쪽,동작구,181
1,장안동 사거리,동대문구,1153
1,장안동근린공원 입구,동대문구,203
1,장안동삼거리 교통섬,동대문구,262
1,장안동위더스빌옆,동대문구,1037
1,장안중학교,중랑구,271
1,장안힐스테이트(아) 앞,동대문구,506
1,장위뉴타운 꿈에 숲 코오롱 하늘채 앞,성북구,297
1,장지공영차고지,송파구,98
1,장지역 1번출구,송파구,420
1,장충동먹자골목 앞,중구,206
1,장충체육관,중구,35
1,장한평역 3번출구,동대문구,1664
1,장한평역 8번 출구 앞,성동구,655
1,장훈고 앞,영등포구,75
1,재동초교 앞 삼거리,종로구,295
1,전농SK아파트 앞,동대문구,109
1,전농동 동아아파트 앞,동대문구,477
1,전농동 텃골공원,동대문구,397
1,전농사거리 교통섬,동대문구,301
1,전농삼성아파트,동대문구,75
1,전농초등학교 건너편,동대문구,128
1,전자랜드 본관 앞,용산구,327
1,정금마을 마을버스정류장,동작구,191
1,정동사거리,중구,372
1,정릉꿈에그린1단지 201동 앞,성북구,53
1,정릉도서관 앞,성북구,198
1,정릉역,성북구,194
1,정의여중고 버스정류소,도봉구,160
1,제2구민체육센타 앞,영등포구,985
1,제각말푸르지오 5-1단지 아파트,은평구,65
1,제기2교,동대문구,491
1,제기동 현대아파트 앞,동대문구,60
1,제기동역 1번출구,동대문구,816
1,제니스스포츠 앞,구로구,157
1,제일강산수산입구,도봉구,337
1,제일빌딩 앞,마포구,312
1,조계사앞사거리,종로구,511
1,조원동 강남힐병원,관악구,426
1,조원동 미성아파트,관악구,274
1,종각역 1번출구 앞,종로구,701
1,종각역 5번출구,종로구,562
1,종로2가 버스정류장 (종각방향),종로구,456
1,종로2가 사거리,종로구,493
1,종로3가역 15번출구 뒤,종로구,342
1,종로3가역 2번출구 뒤,종로구,491
1,종로3가역 8번출구,종로구,1028
1,종로4가 사거리,종로구,489
1,종로5가역 4번출구,종로구,363
1,종로6가역 버스정류장(동대문 방향),종로구,369
1,종로구청 옆,종로구,594
1,종로꽃시장 입구 옆,종로구,350
1,종로문화원 건너편,종로구,232
1,종로오가 지하쇼핑센터 14번출구,종로구,344
1,종로타워빌딩,종로구,476
1,종로플레이스,종로구,967
1,종묘,종로구,286
1,종묘공영주차장 건너편,종로구,126
1,종암동 동덕여대 제2생활관 앞,성북구,506
1,종암박스파크,성북구,377
1,종암초등학교 뒤(새울센스빌),동대문구,142
1,종합운동장역 4번출구,송파구,310
1,주공14단지,금천구,83
1,주공601동 상가 노원지하보도 앞,노원구,583
1,주식회사 오뚜기 정문 앞,강남구,206
1,주원 리젠트 앞,강서구,216
1,주홍교 하부,서초구,63
1,준빌딩 앞,은평구,73
1,중계 롯데마트,노원구,508
1,중계2차 한화꿈에그린 101동 인근,노원구,301
1,중계3차청구아파트,노원구,393
1,중계구민체육센터,노원구,250
1,중계근린공원내,노원구,894
1,중계동 성모빌딩 앞,노원구,553
1,중계동 을지중학교,노원구,233
1,중계동 하나프라자빌딩 앞(중1-1),노원구,623
1,중계본동 입구,노원구,79
1,중계역 2번출구,노원구,842
1,중계역 3번출구,노원구,606
1,중계역 6번출구,노원구,555
1,중계종합사회복지관 교차로,노원구,186
1,중계주공2단지 앞,노원구,180
1,중계중학교,노원구,504
1,중곡 성원아파트 앞,광진구,309
1,중곡SK아파트앞,광진구,153
1,중곡동 파크웨이빌딩,광진구,338
1,중곡역 1번출구,광진구,361
1,중대후문 마을버스정류장,동작구,140
1,중랑공영차고지 옆,중랑구,250
1,중랑교사거리,동대문구,295
1,중랑구민회관,중랑구,50
1,중랑구청,중랑구,315
1,중랑구청 사거리,중랑구,370
1,중랑구청 중화동 별관 앞,중랑구,572
1,중랑데시앙플렉스 앞,중랑구,142
1,중랑물재생센터(서울새활용플라자),성동구,155
1,중랑세무서,중랑구,480
1,중랑역 1번 출구(중화문화복지센터),중랑구,282
1,중랑전화국 교차로,중랑구,604
1,중랑천 뚝방길 산책로 입구,광진구,288
1,중랑캠핑숲,중랑구,62
1,중림동삼거리,중구,61
1,중부경찰서앞 사거리,중구,135
1,중부경찰서앞사거리 건너편,중구,133
1,중부세무서 앞,중구,53
1,중앙고입구 삼거리,종로구,135
1,중앙근린공원,서대문구,469
1,중앙농협(자양동),광진구,724
1,중앙대학교 정문 1,동작구,104
1,중앙대학교 중앙광장,동작구,24
1,중앙동 동진빌딩,관악구,263
1,중앙보훈병원역 1번출구,강동구,83
1,중앙보훈병원역3번출구,강동구,34
1,중앙유통단지 앞,구로구,273
1,중앙유통단지 앞 B,구로구,264
1,중앙일보,중구,116
1,중앙하이츠 아파트 입구,노원구,633
1,중화동 우리은행 앞,중랑구,315
1,중화빌딩 앞 (동부시장),중랑구,216
1,중화수경공원,중랑구,171
1,중화역 2번출구,중랑구,386
1,중화역 4번출구,중랑구,206
1,증권거래소후문교차로,영등포구,529
1,증미역 2번출구,강서구,590
1,증미역 3번출구뒤(등촌두산위브센티움오피스텔),강서구,903
1,증산2교,서대문구,614
1,증산3교 앞,서대문구,539
1,증산교 앞,서대문구,544
1,증산역 4번출구,은평구,502
1,진관고등학교앞,은평구,146
1,진관동 은빛초등학교,은평구,151
1,진미파라곤 앞,영등포구,399
1,진주아파트상가 앞,영등포구,332
1,참새공원(백곡경노당),구로구,82
1,창1동주민센터,도봉구,218
1,창경궁 입구,종로구,225
1,창동 주공 4단지 입구 옆,도봉구,291
1,창동19단지아파트 관리사무소앞,도봉구,359
1,창동동아청솔정문 건너편,도봉구,101
1,창동시장입구 사거리,도봉구,255
1,창동역 1번출구 건너편,도봉구,222
1,창동역 1번출구 앞,도봉구,804
1,창동역 2번출구,도봉구,1209
1,창동주공17단지 상가앞,도봉구,430
1,창동주공19단지앞,도봉구,351
1,창동청소년수련관,도봉구,153
1,창동한신아파트 버스정류소,도봉구,266
1,창신3동주민센터,종로구,463
1,창신두산아파트,종로구,51
1,창신역 1번출구 앞,종로구,191
1,창신역2번 출구,종로구,75
1,창원초등학교 교차로,도봉구,244
1,창포원 남쪽 입구,도봉구,98
1,천동초교 삼거리,강동구,413
1,천동초교입구사거리 버스정류장(십자성마을 방면),강동구,511
1,천왕역 1번 출입구 앞,구로구,859
1,천왕역 4번출구 뒤,구로구,448
1,천왕연지타운2단지 앞,구로구,301
1,천왕이펜하우스 4단지 후문,구로구,52
1,천왕이펜하우스3단지 앞,구로구,81
1,천왕이펜하우스5단지 앞,구로구,44
1,천왕지구삼거리 앞,구로구,276
1,천왕차량사업소 입구,구로구,258
1,천일초교 사거리,강동구,273
1,천주교 대치 2동 교회 옆,강남구,327
1,천지인 오피스텔 앞,종로구,33
1,천호시장 버스정류소 옆,강동구,14
1,천호역 10번 출구 앞,송파구,986
1,천호역4번출구(현대백화점),강동구,1328
1,천호역효성해링턴타워 앞,강동구,374
1,천호지하주차장 5번 출입구,강동구,377
1,천호초교 입구 사거리(일주빌딩),강동구,289
1,청계2가 사거리 옆,종로구,447
1,청계3가 사거리,종로구,304
1,청계8가 사거리 B,성동구,701
1,청계8가사거리 A,종로구,624
1,청계9가교차로 앞,동대문구,802
1,청계광장 옆,중구,366
1,청계벽산아파트 앞,성동구,548
1,청계산 입구 삼거리,서초구,33
1,청계산입구역 1번출구,서초구,400
1,청계산입구역 2번출구,서초구,76
1,청계천 박물관 앞,성동구,247
1,청계천 생태교실 앞,성동구,668
1,청계천 영도교,중구,1011
1,청계한신휴플러스앞 삼거리,동대문구,446
1,청구e편한세상아파트 113동 앞,중구,20
1,청구성심병원 앞,은평구,210
1,청구아파트 앞,구로구,292
1,청기와빌딩,양천구,273
1,청년주택 독산동점,금천구,77
1,청년취업사관학교앞,금천구,167
1,청담공원앞 교차로,강남구,267
1,청담나들목입구,강남구,60
1,청담동 맥도날드 옆(위치),강남구,125
1,청담사거리(신한오피스텔빌딩 앞),강남구,83
1,청담역 11번 출구,강남구,35
1,청담역 13번 출구 앞,강남구,135
1,청담역 1번출구,강남구,38
1,청담역 2번출구,강남구,50
1,청담역(우리들병원 앞),강남구,123
1,청량리 기업은행 앞,동대문구,836
1,청량차도 육교 밑,동대문구,181
1,청소년수련관 후문,노원구,1065
1,청소년수련관(수영장)앞,강남구,118
1,청솔우성아파트 앞,동대문구,376
1,청암예술학교 앞,노원구,428
1,청암자이아파트 앞,용산구,332
1,청와대앞길,종로구,107
1,청운초교 앞 삼거리,종로구,190
1,청파동삼거리 앞,용산구,236
1,청파동입구 교차로,용산구,271
1,초롱타운 앞,구로구,90
1,초원아파트 앞,영등포구,242
1,총신대 앞(육교),동작구,75
1,충무로역 1번출구,중구,299
1,충무로역 6번출구 앞,중구,330
1,충북 미래관,영등포구,939
1,충정2교,서대문구,242
1,충정로역 1번 출구,서대문구,124
1,충정로역 2호선(엘리베이터 앞),중구,168
1,충정로역 3번 출구,서대문구,125
1,충정로역 7번출구 아래,서대문구,244
1,커먼그라운드,광진구,1060
1,코레일유통본사,영등포구,477
1,코스트코 상봉점,중랑구,505
1,코오롱One&Only타워,강서구,1019
1,코오롱디지털타워 3차앞,성동구,671
1,코오롱아파트사거리,마포구,988
1,코오롱테크노밸리,금천구,113
1,콤텍시스템 앞,영등포구,302
1,크라운호텔앞 버스정류소,용산구,110
1,크린랩 본사,강남구,46
1,탄천1교 하부보도,송파구,193
1,탑골공원 앞,종로구,211
1,탑성마을 버스정거장 옆,서초구,11
1,탑성마을입구,서초구,12
1,태릉입구역 3번출구,노원구,306
1,태릉입구역 5번출구,노원구,830
1,태릉입구역 8번출구,노원구,543
1,태평양물산,구로구,948
1,테라타워2,송파구,807
1,테크노마트 앞,구로구,679
1,퇴계로4가 교차로(중구청),중구,462
1,트레빌빌딩,강동구,358
1,파르코 앞,노원구,113
1,파크타워 104동 앞,용산구,68
1,파크팰리스,종로구,430
1,페코텍글로벌허브빌딩 앞,성동구,981
1,평생학습관 앞,은평구,454
1,평창동주민센터 앞,종로구,61
1,평화도봉공원 주변,도봉구,252
1,포레스 주상복합 빌딩,강동구,479
1,포르투갈 대사관 앞,종로구,458
1,포스코사거리 서측(수협 삼성동 지점),강남구,219
1,포스코사거리(기업은행),강남구,427
1,포스코피앤에스타워 (역삼역 3번출구 부근),강남구,316
1,폭포동입구 교차로,은평구,71
1,푸르메병원,마포구,554
1,푸조비즈타워 앞,성동구,736
1,풍납근린공원,송파구,274
1,풍납동 아이파크 107동 앞,송파구,381
1,풍납백제문화공원 옆 인근,송파구,837
1,풍납사거리 성내유수지,송파구,251
1,풍납사거리(강동),강동구,405
1,풍납중학교 측면,송파구,114
1,풍납토성 서성벽터A,송파구,303
1,풍납토성 서성벽터B,송파구,147
1,풍납현대아파트쉼터,송파구,749
1,풍전아파트 건너편,용산구,235
1,프라이어팰리스아파트,강동구,209
1,프라자 아파트 앞,강동구,256
1,프런트원(공덕역4번출구 앞),마포구,237
1,필동 삼거리,중구,268
1,하계 어린이 공원,노원구,482
1,하계2동 공항버스정류장 옆,노원구,589
1,하계동 중평어린이공원 앞,노원구,540
1,하계역 6번출구,노원구,415
1,하늘공원 입구,마포구,137
1,하늘숲초등학교 앞,구로구,239
1,하늘채코오롱아파트 건너편,마포구,727
1,하얏트호텔 앞,용산구,31
1,하우스디세종타워 앞,성동구,313
1,하이투자증권 앞,영등포구,365
1,학동로 래미안 아파트 앞,강남구,52
1,학동역,강남구,170
1,학여울역 사거리,강남구,101
1,학여울역 사거리(LG베스트샵 앞),강남구,202
1,학여울역사거리(은마아파트),강남구,85
1,한가람미술관 앞,서초구,45
1,한강 현대아파트 건너편,동작구,13
1,한강GS에클라트 건너편 교통섬,용산구,211
1,한강공원 망원나들목,마포구,1248
1,한강대교 북단 교차로,용산구,363
1,한강버스 마곡 선착장,강서구,125
1,한강아파트,강서구,458
1,한강중학교 앞 버스정류장,용산구,79
1,한강진역 2번 출구 앞,용산구,160
1,한강초교보도육교 앞,용산구,171
1,한강트럼프월드3차 앞,용산구,233
1,한국SGI 양천문화회관 앞,양천구,271
1,한국과학기술연구원 북문,성북구,54
1,한국과학기술연구원 중문,성북구,42
1,한국국방연구원 앞,동대문구,294
1,한국우편사업진흥원,강남구,38
1,한국은행,중구,59
1,한국전력 구로금천지사 앞,금천구,268
1,한국전력공사(동대문 중랑지사),중랑구,325
1,한국종합기술사옥 앞,강동구,544
1,한국지역난방공사강남지사,강남구,174
1,한국체육대학교,송파구,138
1,한남 유수지 복개주차장,용산구,192
1,한남나들목 입구,용산구,272
1,한남나인원 105동 앞,용산구,78
1,한남초교 앞 보도육교,용산구,29
1,한내 행복발전소 옆,노원구,837
1,한내근린공원 남측,노원구,228
1,한내근린공원 북측,노원구,326
1,한림대학교 강남성심병원 신관,영등포구,385
1,한림연예예술고등학교,송파구,213
1,한마을아파트 정문상가,구로구,331
1,한사랑교회 앞,양천구,371
1,한성대7번출구 앞,성북구,186
1,한성대입구역2번출구,성북구,375
1,한성대입구역6번출구 뒤,성북구,256
1,한성백제역 1번출구 뒤,송파구,800
1,한성백제역 2번 출구,송파구,655
1,한신16차아파트 119동 앞,서초구,434
1,한신아파트 앞 육교 아래,금천구,158
1,한신코아 앞,금천구,143
1,한신휴아파트 앞,구로구,470
1,한양3차아파트 3동 앞,송파구,103
1,한양대병원사거리,성동구,385
1,한양대역 1번출구,성동구,149
1,한양대역 3번 출구,성동구,350
1,한양대후문역 부근,성동구,320
1,한양수자인아파트 앞,중랑구,152
1,한영외국어고등학교,강동구,33
1,한영중고앞사거리,강동구,110
1,한울중학교,금천구,74
1,한일유앤아이아파트 105동 인근,노원구,337
1,한전아트센터 앞,서초구,210
1,한진아파트 입구,구로구,258
1,한천교 동편,노원구,196
1,한티역 3번출구,강남구,122
1,한티역 6번 출구,강남구,220
1,한티역 롯데백화점 앞,강남구,362
1,한화오벨리스크 앞,마포구,206
1,함지박 사거리,서초구,251
1,합정동주민센터 앞,마포구,662
1,합정역 1번출구 앞,마포구,532
1,합정역 5번출구 앞,마포구,228
1,합정역 7번출구 앞,마포구,466
1,항동지구 10단지 1001동 앞,구로구,44
1,항동지구 11단지 1103동 앞,구로구,27
1,항동지구 1단지 105동 앞,구로구,42
1,항동지구 2단지 202동 앞,구로구,60
1,항동지구 3단지 302동 앞,구로구,20
1,항동지구 3단지 311동 앞,구로구,23
1,항동지구 4단지 입구,구로구,34
1,항동지구 6단지 602동 앞,구로구,41
1,항동지구 7단지 정문,구로구,100
1,항동지구 8단지 803동옆(주차장입구),구로구,30
1,항동지구5단지 501동 앞,구로구,34
1,항동프라자,구로구,116
1,항동하버리안2단지아파트 후문,구로구,31
1,해공공원(천호동),강동구,556
1,해공도서관앞,강동구,293
1,해담는다리,서대문구,622
1,해뜨는 주유소옆 리엔파크 109동앞,강동구,224
1,해원리바파크 육교 밑,구로구,580
1,행당동 삼부APT후문,성동구,63
1,행당역 2번출구 앞,성동구,221
1,행당중학교 후문,성동구,105
1,허준박물관삼거리,강서구,361
1,헬리오시티 112동 앞,송파구,289
1,헬스케어,노원구,372
1,현대 뜨레비앙 아파트 앞,종로구,377
1,현대 안성타워,용산구,158
1,현대6차 아파트,노원구,561
1,현대6차아파트 101동 옆,양천구,209
1,현대고등학교 건너편,강남구,251
1,현대그룹(본사),종로구,323
1,현대백화점 미아점,성북구,99
1,현대벤처빌 앞,마포구,112
1,현대성우아파트 옆,강북구,128
1,현대시장사거리,관악구,462
1,현대시티아울렛 가산,금천구,434
1,현대아파트 앞,구로구,151
1,현대아파트 정문 앞,강남구,208
1,현대자동차 동부서비스센터 주변,성동구,345
1,현대자동차서비스 앞,용산구,153
1,현대하이페리온,양천구,890
1,현대홈타운 뒷길,광진구,101
1,혜명양로원 담장 옆(2),금천구,89
1,혜화동 로터리,종로구,440
1,혜화역 1번출구,종로구,641
1,혜화역 3번출구 뒤,종로구,455
1,호돌이공원,강서구,113
1,호돌이상가,송파구,195
1,호반써밋,송파구,315
1,호암아트홀,중구,75
1,홈플러스 금천점 앞,금천구,267
1,홈플러스 마포점 앞,마포구,929
1,홈플러스 면목점,중랑구,190
1,홈플러스 상봉점 앞,중랑구,326
1,홈플러스 시흥점 맞은편 다비치안경 앞,금천구,280
1,홈플러스 신내점 앞,중랑구,530
1,홈플러스 잠실점,송파구,485
1,홈플러스(강서점),강서구,876
1,홍남교 버스정류장,서대문구,155
1,홍남교 사거리,서대문구,274
1,홍대입구역 2번출구 앞,마포구,1682
1,홍대입구역 3번출구,마포구,1135
1,홍대입구역 6번출구,마포구,504
1,홍대입구역 8번출구 앞,마포구,617
1,홍대입구역 사거리,마포구,490
1,홍련봉 공원,광진구,149
1,홍연2교 사거리,서대문구,110
1,홍연2교옆,서대문구,293
1,홍은 현대아이파크 아파트 202동 앞,서대문구,144
1,홍은2파출소 옆,서대문구,143
1,홍은도담도서관,서대문구,176
1,홍은동 정원여중 입구,서대문구,212
1,홍은사거리,서대문구,707
1,홍은센트레빌 아파트 앞,서대문구,103
1,홍익병원앞 교차로,양천구,736
1,홍익중고 입구,성북구,298
1,홍제교,서대문구,117
1,홍제삼거리 북측,서대문구,223
1,화곡2동주민센터,강서구,289
1,화곡로 입구 교차로,양천구,152
1,화곡본동시장 버스정류장,강서구,221
1,화곡본동시장 입구,강서구,235
1,화곡역 1번 출구 앞,강서구,672
1,화곡역 6번출구,강서구,563
1,화곡역 버스정류장,강서구,655
1,화곡터널입구교차로,강서구,335
1,화랑대역 2번출구 앞,노원구,713
1,화랑대역 7번출구,중랑구,279
1,화양 APT(횡단보도 옆),광진구,1232
1,화양동 우체국,광진구,618
1,화양사거리,광진구,212
1,황금내근린공원,강서구,407
1,황학동롯데캐슬,중구,683
1,회기역 2-①번출구,동대문구,494
1,회현사거리 남측,중구,230
1,회현역 1번출구,중구,101
1,회현역 7번출구,중구,121
1,효성인텔리안 앞,강북구,358
1,효자동 삼거리,종로구,268
1,효창 푸르지오 앞,용산구,104
1,효창공원앞역 3번출구 앞,용산구,504
1,효창공원앞역 5번출구 옆,용산구,81
1,효창동주민센터 앞,용산구,90
1,훈련원공원주차장 앞,중구,348
1,휘경119안전센터 앞,동대문구,230
1,휘경1동주민센터 앞,동대문구,250
1,휘경2동 주민센터,동대문구,99
1,휘경sk뷰아파트 앞,동대문구,175
1,휘경여중고삼거리,동대문구,326
1,휘문고교 사거리,강남구,70
1,휘봉고등학교 앞,동대문구,317
1,휴플러스 수락한신아파트 101동 앞,노원구,128
1,흑석 아크로리버하임(103동),동작구,35
1,흑석동주민센터 입구,동작구,53
1,흑석동효사정앞,동작구,74
1,흑석롯데캐슬에듀포레(107동),동작구,85
1,흑석역 1번출구,동작구,280
1,흑석역 4번출구,동작구,102
1,흑석한강푸르지오 106동앞,동작구,17
1,흑석한강푸르지오(110동),동작구,34
1,흥국사 정류장,은평구,11
1,희성오피앙,노원구,264
1,희훈타워빌 앞,구로구,597
1,힐스테이트에코,강서구,1078
1,힐스테이트창경궁 아파트 앞,종로구,348
1,힐스테이트클래시안아파트,영등포구,365
2,(시립)고덕평생학습관,강동구,313
2,(재)FITI시험연구원,강서구,791
2,3호선 매봉역 3번출구앞,강남구,735
2,419민주묘지 입구사거리,강북구,382
2,419민주묘지역,강북구,266
2,419민주묘지역 1번출구,강북구,295
2,419탑 앞,강북구,270
2,"500번,507번 버스 종점 앞",금천구,89
2,63스퀘어,영등포구,992
2,7호선 이수역7번출구,동작구,384
2,9호선종합운동장역 9번출구,송파구,509
2,AS센터,성동구,19
2,CBS방송국 앞,양천구,2051
2,CJ 드림시티,은평구,1443
2,CJ오쇼핑앞,서초구,92
2,CJ제일제당 앞,중구,699
2,DDP 패션몰,중구,606
2,DMC래미안e편한세상203동옆,서대문구,241
2,DMC빌 앞,마포구,393
2,DMC산학협력연구센터 앞,마포구,536
2,DMC엘가아파트 앞,서대문구,446
2,DMC역 2번출구 옆,마포구,832
2,DMC역 5번 출구(수색역 방향),은평구,527
2,DMC역 9번출구 앞,마포구,1218
2,DMC역7번출구,마포구,287
2,DMC첨단산업센터,마포구,323
2,DMC파크뷰자이1단지 110동 앞,서대문구,317
2,DMC파크뷰자이아파트 302동 앞,서대문구,449
2,DMC홍보관,마포구,661
2,ESA아파트 상가 앞,도봉구,481
2,FITI시험연구원 앞,동대문구,352
2,HID 유족동지회 앞,용산구,82
2,HW컨벤션센터 앞,종로구,81
2,H비즈니스파크,송파구,658
2,IBK기업은행 석수역 지점 앞,금천구,76
2,JK장평타워,관악구,74
2,JTBC 앞,마포구,455
2,JW타워,서초구,71
2,K&S빌딩 앞,광진구,1052
2,K+ 타워 앞,강남구,271
2,KAIST 경영대학 앞,동대문구,579
2,KBS 스포츠월드,강서구,1185
2,KBS 앞,영등포구,1132
2,KBS 연구동 건너편,영등포구,272
2,KB국민은행 염창역 지점 앞,양천구,610
2,KCC용산웰츠(WELLTZ)타워,용산구,273
2,KEB 하나금융그룹 명동사옥 옆,중구,567
2,KEB은행 고대점,성북구,370
2,KG타워 앞,중구,499
2,KRX한국거래소(1),영등포구,283
2,KT 서초지사 앞,서초구,145
2,KT 전화국 버스정류장 옆,노원구,1815
2,KT&G 관악지점,관악구,237
2,KT&G강동지사,강동구,424
2,KT&G타워 옆(상상마당 대치아트홀),강남구,261
2,KT관악지점,관악구,362
2,KT선릉타워,강남구,421
2,KT앞,영등포구,1120
2,KT플라자 영등포점,영등포구,873
2,KT혜화지사 앞,종로구,651
2,LG CNS앞,마포구,462
2,LG 사이언스파크,강서구,442
2,LG사이언스파크 E10동,강서구,669
2,LG유플러스 (방배사옥),서초구,52
2,LG유플러스 마곡사옥,강서구,1565
2,LG전자 별관동(호서대 벤처타워 맞은편),금천구,426
2,LG한강 자이아파트 앞,용산구,577
2,LH 서초 4단지 403동,서초구,286
2,LH서초3단지 301동 맞은편,서초구,119
2,LIGA 아파트 앞,강동구,1138
2,LIG강촌아파트 103동앞,용산구,500
2,MBC 앞,마포구,337
2,MCM 본사 직영점 앞,강남구,176
2,NH농협은행 앞,영등포구,1379
2,SBS방송국,양천구,1012
2,SB타워 앞,강남구,89
2,SC제일은행 양재동지점 앞,서초구,269
2,SK 남산빌딩,중구,148
2,SK 서린빌딩 앞,종로구,759
2,SK리쳄블(서울아리수본부),서대문구,223
2,SPC 앞,서초구,367
2,SSTS 몰 앞,강동구,344
2,STX V타워,금천구,222
2,U레지던스 앞,영등포구,512
2,W컨템포오피스텔앞,금천구,136
2,e 편한세상 보문아파트 내,성북구,134
2,e편한세상 상도노빌리티 앞,동작구,269
2,e편한세상 신촌4단지 앞,서대문구,376
2,kt 행당빌딩 앞,성동구,323
2,sk신내 주유소앞(용마산로),중랑구,83
2,가든파이브 리빙관,송파구,147
2,가락1동주민센터,송파구,402
2,가락2동주민센터 인근,송파구,309
2,가락고등학교 앞,송파구,147
2,가락대림아파트 앞,송파구,426
2,가락몰 업무동,송파구,606
2,가락미륭아파트 앞,송파구,191
2,가락삼환아파트 앞,송파구,239
2,가락시장 남1문 사거리,송파구,264
2,가락시장역 2번 출구,송파구,528
2,가락시장역 3번 출구,송파구,864
2,가락시장역 사거리,송파구,654
2,가락쌍용2차아파트 103동,송파구,298
2,가락종합 사회복지관,송파구,171
2,가락중학교 앞,송파구,276
2,가락현대 1차 11동 앞,송파구,175
2,가로공원공영주차장 1번 출구,강서구,630
2,가리봉동주민센터,구로구,750
2,가마산지하보도 옆,구로구,210
2,가산동 주민센터,금천구,690
2,가산디지털단지 9번출구 인근,금천구,1331
2,가산롯데아이티캐슬,금천구,435
2,가산아네스트 오피스텔 앞,금천구,277
2,가양3동 주민센터,강서구,544
2,가양레포츠센터 앞,강서구,628
2,가양역 1번출구,강서구,1019
2,가양역 7번출구,강서구,1487
2,가양역 8번출구,강서구,1785
2,가양오토갤러리,강서구,538
2,가양테크노타운,강서구,264
2,가오리역,강북구,525
2,가온문화공원,마포구,732
2,가재울 초등학교,서대문구,586
2,가재울사거리,서대문구,257
2,가좌삼거리,서대문구,509
2,가좌역 4번출구 앞,서대문구,696
2,가좌역1 번출구 앞,마포구,540
2,가좌행복주택 앞,마포구,602
2,갈산문화예술센터,양천구,612
2,갈현1동 주민센터,은평구,187
2,갑을그레이트밸리 앞,금천구,322
2,강남 을지병원 교차로,강남구,142
2,강남경찰서,강남구,587
2,강남구 도시관리공단,강남구,190
2,강남구청,강남구,143
2,강남구청역 2번출구 뒤,강남구,205
2,강남세브란스교차로  래미안그레이튼 104동 앞,강남구,208
2,강남자곡힐스테이트,강남구,229
2,강남중학교 앞,동작구,573
2,강남파이낸스센터앞(역삼역2번출구),강남구,212
2,강남한신휴플러스 6단지,강남구,265
2,강남한양수자인아파트,강남구,316
2,강동 한신휴플러스,강동구,838
2,강동경찰서,강동구,1673
2,강동경희대학교병원 입구,강동구,189
2,강동구음식물재활용센터,강동구,4
2,강동구청 앞,강동구,1379
2,강동구청역 1번 출입구,강동구,949
2,강동농협 버스정류소 앞(광채빌라),강동구,316
2,강동롯데캐슬퍼스트 아파트(관리동),강동구,268
2,강동리버스트4단지아파트 404동 앞,강동구,213
2,강동리버스트4단지아파트 405동 앞,강동구,165
2,강동리버스트6단지,강동구,226
2,강동리버스트7단지,강동구,189
2,강동리버스트8단지,강동구,209
2,강동리엔파크 13단지(1303동 앞),강동구,339
2,강동리엔파크14단지(1401동 앞),강동구,366
2,강동리엔파크9단지,강동구,276
2,강동세무서,강동구,1088
2,강동역 1번출구 앞,강동구,716
2,강동역3번출구,강동구,1384
2,강변그대가리버뷰 입구 맞은편,강동구,408
2,강변삼성래미안,영등포구,501
2,강변삼성스위트아파트 앞,용산구,206
2,강변아파트 310동 앞,강서구,363
2,강변역 4번출구 뒤,광진구,574
2,강북 청소년 문화정보도서관 앞,강북구,112
2,강북구청 뒷편,강북구,193
2,강북구청 사거리 버스정류소 앞,강북구,477
2,강북구청사거리,강북구,699
2,강북구청사거리(수유역 8번출구),강북구,965
2,강북문화예술회관,강북구,590
2,강북문화정보도서관,강북구,142
2,강북종합시장 앞,강북구,342
2,강북중학교 앞,강북구,737
2,강서공업고등학교 앞,강서구,474
2,강서구립등빛도서관,강서구,1865
2,강서구민올림픽체육센터,강서구,926
2,강서구보건소,강서구,509
2,강서구의회,강서구,960
2,강서구청,강서구,1161
2,강서구청사거리(SH타워),강서구,1309
2,강서구청사거리(부민병원),강서구,641
2,강서대학교,강서구,249
2,강서면허시험장 앞,강서구,158
2,강서문화센터,강서구,139
2,강서세무서 앞,강서구,1285
2,강서수도사업소민원센터,구로구,505
2,강서수산물도매시장,강서구,469
2,강서아동복지센터,강서구,45
2,강서우체국,강서구,631
2,강서초등학교,양천구,250
2,강서한강자이타워 앞,강서구,1488
2,강서힐스테이트 상가 앞,강서구,411
2,강월초교입구 사거리,양천구,255
2,강일 다솜 어린이 공원,강동구,84
2,강일동 리슈빌 빌딩앞,강동구,530
2,강일동입구교차로,강동구,116
2,강일리버파크 10단지,강동구,193
2,강일리버파크 2~5단지,강동구,274
2,강일리버파크 6단지,강동구,113
2,강일리버파크 7~11단지,강동구,220
2,강일역 3번출구,강동구,386
2,강일역 4번출구,강동구,222
2,"강일중,선사고 버스정류장(신암중학교 방면)",강동구,397
2,개롱역 3번 출구 뒤,송파구,481
2,개롱역사거리 2번 출구,송파구,445
2,개봉아이파크아파트 앞,구로구,403
2,개봉역 1번 출구 자전거보관서쪽,구로구,313
2,개봉역2번출구 A,구로구,555
2,개봉역2번출구 B,구로구,124
2,개봉지구대 개봉치안센터,구로구,403
2,개봉푸르지오아파트 상가,구로구,636
2,개포1단지아파트 입구 (보도육교),강남구,109
2,개포고등학교 정문앞,강남구,163
2,개포동역 4번출구,강남구,439
2,개포동역 사거리,강남구,306
2,개포래미안포레스트아파트 107동 앞,강남구,254
2,개포우성6차아파트 정문 앞,강남구,244
2,개화광역환승센터,강서구,81
2,개화산역 2번 출구,강서구,382
2,거여5단지 503동 앞,송파구,284
2,거여동 사거리,송파구,209
2,거여동 어울림아파트  102동앞,송파구,340
2,거여동사거리 송파둘레길 입구,송파구,112
2,거여역 3번출구,송파구,754
2,거여역 8번출구 뒤,송파구,837
2,거여초등학교 옆,송파구,271
2,건국대학교 (입학정보관),광진구,532
2,건국대학교 (행정관),광진구,207
2,건국대학교 과학관(이과대) 앞,광진구,307
2,건국대학교 정문 앞,광진구,532
2,건국대학교 학생회관,광진구,782
2,건대병원후문,광진구,1739
2,건대입구역 5번출구 뒤,광진구,1508
2,건대입구역 사거리(롯데백화점),광진구,2082
2,건영아파트 앞,성동구,752
2,건영아파트앞 사거리,송파구,703
2,겸재교 진입부,중랑구,955
2,겸재정선미술관,강서구,524
2,경기여자고등학교 후문 (삼성로3길 입구),강남구,303
2,경문고등학교 앞,동작구,340
2,경복궁역 6번출구 뒤,종로구,858
2,경복궁역 7번출구 앞,종로구,597
2,경서농협 버스정류장(우리은행신정동지점방향),양천구,520
2,경의선(노고산동),마포구,366
2,경일중학교 앞,성동구,931
2,"경찰병원역 1,2번 출구 사이",송파구,437
2,경찰병원역 3번출구 앞,송파구,574
2,경희궁 자이 2단지,종로구,446
2,경희궁 자이 3단지,종로구,587
2,경희대학교 청운관,동대문구,368
2,계남공원 입구 주출입구 좌측,양천구,128
2,고대앞사거리 교통섬,동대문구,441
2,고덕 래미안 힐스테이트(101동),강동구,188
2,고덕 래미안힐스테이트(201동),강동구,41
2,고덕동 래미안 힐스테이트,강동구,127
2,고덕동 아남아파트,강동구,465
2,고덕동 주양쇼핑,강동구,452
2,고덕센트럴 아이파크상가 앞,강동구,272
2,고덕숲 아이파크 1,강동구,111
2,고덕숲 아이파크 2,강동구,52
2,고덕역 4번출구,강동구,794
2,고덕역 5번출구,강동구,485
2,고덕자이(105동 앞),강동구,416
2,고덕중학교 후문,강동구,115
2,고덕초등학교,강동구,85
2,고려대학교 2번출구,성북구,583
2,고려사대부속중고 건너편,성북구,101
2,고려사대부속중고 정문,성북구,132
2,고속터미널역 3번출구,서초구,319
2,고속터미널역 5번출구 앞,서초구,322
2,"고속터미널역 8-1번, 8-2번 출구 사이",서초구,1304
2,고척LIGA아파트 앞,구로구,754
2,고척교 교차로,구로구,276
2,고척근린공원 고척도서관 앞,구로구,505
2,고척스카이돔구장 광장,구로구,423
2,고척아이파크아파트 106동 앞,구로구,411
2,고척아이파크아파트 205동 앞,구로구,328
2,고투몰 gate 15옆,서초구,399
2,곰달래 문화복지센터 A,강서구,681
2,곰달래 문화복지센터 B,강서구,207
2,공덕역 2번출구,마포구,385
2,공덕역 5번출구,마포구,481
2,공덕역 8번출구,마포구,862
2,공덕역 경의선숲길 커뮤니티센터,마포구,291
2,공릉1단지아파트,노원구,995
2,공릉동 신도1차 아파트 뒤,노원구,346
2,공릉동풍림아파트 101동,노원구,476
2,공릉로 26길,노원구,391
2,공릉산 백세문 입구,노원구,51
2,공릉역 1번 출구 앞,노원구,1157
2,공릉역3번출구,노원구,840
2,공릉풍림아파트 108동,노원구,378
2,공무원연금매점 교차로 (개포주공9단지 입구),강남구,217
2,공항시장역 2번출구 뒤,강서구,553
2,공항시장역 4번출구,강서구,409
2,공항중학교 버스정류장,강서구,246
2,공항중학교앞,강서구,491
2,공항초등학교건너편,강서구,1209
2,과기대 입구(우),노원구,1013
2,관문주유소(GS칼택스) 앞,강서구,661
2,관악 GSfresh,관악구,380
2,관악구민체육센터,관악구,252
2,관악구시설관리공단,관악구,609
2,관악구청교차로,관악구,275
2,관악우체국,관악구,949
2,관악우체국 교차로,관악구,166
2,광교사거리 남측,중구,412
2,광나루안전체험관,광진구,656
2,광나루역 3번 출구,광진구,811
2,광남중학교,광진구,341
2,광문고교사거리(아이파크),강동구,175
2,광산사거리,강북구,586
2,광양중학교 앞,광진구,352
2,광운대역 앞,노원구,576
2,광운대학교 중앙도서관,노원구,534
2,광운초등학교 앞,성북구,266
2,광일빌딩,관악구,450
2,광진 캠퍼스시티,광진구,1035
2,광진경찰서,광진구,1095
2,광진광장,광진구,809
2,광진광장 교통섬,광진구,1139
2,광진교 남단 사거리(천호공원 방면),강동구,476
2,광진구 민방위교육센터,광진구,485
2,광진메디칼 앞,광진구,677
2,광진문화예술회관 앞,광진구,890
2,광진소방서 앞,광진구,587
2,광진유진스웰,광진구,68
2,광진정보도서관,광진구,530
2,광진청소년수련관,광진구,720
2,광평교사거리 인근,송파구,24
2,광화문 S타워 앞,종로구,1047
2,광화문 시민열린마당,종로구,468
2,광화문 풍림스페이스본 1단지앞,종로구,395
2,광화문역 1번출구 앞,종로구,1154
2,광화문역 5번출구,종로구,1190
2,광화문역 6번출구 옆 A,종로구,431
2,광화문역 6번출구 옆 B,종로구,303
2,광흥창역 2번출구 앞,마포구,353
2,광흥창역5번출구,마포구,233
2,광희문,중구,406
2,교대역 5번출구뒤,서초구,561
2,교대역 6번출구,서초구,411
2,교대입구 교차로,서초구,205
2,교보생명보험 앞,영등포구,593
2,교보타워 버스정류장(신논현역 3번출구 후면),강남구,418
2,구 서부경찰서 건너편,은평구,323
2,구기치안센터 앞,종로구,73
2,구로1동우체국 앞,구로구,144
2,구로거리공원 동측(신도림역 방면),구로구,525
2,구로공구상가 앞,구로구,101
2,구로교 아래,동작구,709
2,구로구배드민턴실내체육관 앞,구로구,166
2,구로구의회 앞,구로구,466
2,구로구청,구로구,788
2,구로도서관,구로구,1384
2,구로동롯데아파트,구로구,465
2,구로디지털단지역 앞,구로구,2959
2,구로리공원,구로구,476
2,구로역 광장,구로구,1056
2,구로역·NC신구로점 버스정류장(구로역 방면),구로구,599
2,구로월드아파트 앞,구로구,346
2,구로자원순환센터,구로구,31
2,구로중학교앞,구로구,298
2,구룡근린공원,마포구,144
2,구룡마을 입구 (래미안블레스티지 아파트),강남구,116
2,구룡사 삼거리,서초구,185
2,구룡사 앞 교차로 (보도육교),강남구,46
2,구룡산 입구 (구룡산 서울둘레길 입구),강남구,100
2,구룡역 1번 출구,강남구,148
2,구룡역 4번 출구,강남구,64
2,구룡역 5번 출구,강남구,142
2,구룡초사거리 (현대아파트10동 앞 ),강남구,206
2,구룡터널 입구(개포1단지아파트),강남구,3
2,구립양천어르신요양센터,양천구,33
2,구산역 2번 출구 예일여고 버스정류장,은평구,575
2,구산역 4번출구,은평구,621
2,구암초등학교 버스정류장,관악구,110
2,구역삼세무서 교차로,강남구,380
2,구의3동주민센터,광진구,198
2,구의7단지현대아파트,광진구,93
2,구의공원(테크노마트 앞),광진구,826
2,구의문주차장 앞,광진구,716
2,구의삼성쉐르빌 앞,광진구,1226
2,구의아리수정수센터앞,광진구,273
2,구의역 리버비스타 오피스텔,광진구,1228
2,구일고등학교 정문,구로구,673
2,구일역 1번 출입구 앞,구로구,834
2,구일우성(아) 육교 밑,구로구,641
2,구파발10단지 인근,은평구,100
2,구파발역 2번출구,은평구,754
2,구파발역 환승센터,은평구,194
2,국군복지단,용산구,114
2,국립국악원 앞,서초구,100
2,"국립국악중,고교 정문 맞은편",강남구,400
2,국립어린이과학관,종로구,271
2,국립중앙도서관(국제회의장옆),서초구,132
2,국립중앙박물관 -용산가족공원 앞,용산구,143
2,국립중앙박물관 정문 앞,용산구,101
2,국립항공박물관,강서구,252
2,국립현대미술관,종로구,607
2,국민연금공단충정로사옥,서대문구,175
2,국민은행 연서지점,은평구,303
2,국민은행 종암동지점 앞,성북구,861
2,국민일보 앞,영등포구,1551
2,국악고교 앞 교차로,강남구,179
2,국제 스케이트장,노원구,64
2,국제루터교회 앞,용산구,71
2,국제빌딩,중구,216
2,국회2문,영등포구,83
2,국회3문,영등포구,91
2,국회6문,영등포구,109
2,국회도서관,영등포구,218
2,국회소통관,영등포구,138
2,국회의사당 본관,영등포구,254
2,국회의사당역 3번출구 옆,영등포구,923
2,국회의사당역 5번출구 옆,영등포구,408
2,국회의원회관,영등포구,51
2,국회제2의원회관,영등포구,208
2,군자교 서측 녹지대,동대문구,868
2,군자교교차로,광진구,601
2,군자역 7번출구 베스트샵 앞,광진구,858
2,군자역 7번출구뒤,광진구,1753
2,군자역 비채온 오피스텔,광진구,660
2,군자역2번출구,광진구,983
2,군자역4번출구,광진구,478
2,군자지하보도 앞,성동구,692
2,굽은다리역,강동구,1429
2,궁동생태공원,구로구,52
2,그랜드아이파크아파트 앞,강서구,2060
2,그랜드컨벤션센터 앞,영등포구,1168
2,그룹한빌딩옆,서초구,90
2,극동늘푸른아파트,중랑구,510
2,극동방송국 앞,마포구,537
2,극동스포츠 앞,강남구,168
2,극동아파트,송파구,426
2,극동의 푸른별 아파트 뒤(중계4동주민센터 앞),노원구,323
2,근로자회관 사거리,영등포구,1574
2,금강수목원아파트 앞,구로구,286
2,금남시장 교차로,성동구,207
2,금란주차장 앞,중랑구,419
2,금암 문화공원,은평구,45
2,금옥여고보도육교,양천구,302
2,금원빌딩 앞,강남구,302
2,금융감독원 앞,영등포구,650
2,금천구립 독산도서관,금천구,162
2,금천구청 앞 자전거거치대,금천구,154
2,금천구청앞(M빌딩),금천구,173
2,금천구청역 1번 출구,금천구,286
2,금천폭포공원 앞,금천구,87
2,금천현대홈타운 후문 서부샛길,금천구,345
2,금호 어울림 아파트 앞,성동구,431
2,금호나들목,성동구,407
2,금호사거리,성동구,135
2,금호스포츠센터앞,성동구,204
2,금호어울림센터힐 내,성북구,104
2,금호역 1번출구 앞,성동구,146
2,금호역 3번출구,성동구,117
2,기쁜우리복지관,강서구,701
2,기아자동차 사당점 앞,동작구,461
2,기자촌 사거리 A,은평구,86
2,기자촌사거리 B,은평구,79
2,길동 동호빌딩,강동구,229
2,길동 마루빌딩,강동구,1417
2,길동 사거리(초소앞),강동구,677
2,길마중4교 하부,서초구,383
2,길성그랑프리텔아파트,강서구,1054
2,길음8골어린이공원 옆,성북구,271
2,길음뉴타운 래미안9단지,성북구,299
2,길음뉴타운푸르지오아파트 3단지,성북구,67
2,길음래미안아파트817동 상가 앞,성북구,118
2,길음문화복합미디어센터,성북구,147
2,길음역 3번출구 뒤,성북구,639
2,김근태도서관,도봉구,82
2,김포공항사거리,강서구,234
2,김포공항입구 교차로,강서구,566
2,김포공항입구 교통섬,강서구,227
2,까치산역 3번 출구,강서구,597
2,꿈마루어린이도서관 앞,동대문구,888
2,꿈의숲 SK뷰 아파트,노원구,507
2,꿈의숲 롯데캐슬,강북구,165
2,나들목공원,관악구,232
2,나루마당,광진구,79
2,나이아가라관광호텔,강서구,278
2,낙성대 과학전시관,관악구,129
2,낙성대 교수아파트,관악구,96
2,낙성대공원,관악구,83
2,낙성대로 입구,관악구,238
2,낙성대역 1번출구,관악구,191
2,낙성대역 3번출구 뒤,관악구,323
2,낙성대역 5번출구,관악구,218
2,낙성대입구삼거리,관악구,178
2,낙원교회 맞은편,구로구,126
2,낙원상가 옆,종로구,777
2,난곡사거리,관악구,540
2,난곡종점,관악구,190
2,난우길입구,관악구,362
2,남가좌동 제2공영주차장,서대문구,42
2,남구로역 5번 출입구 앞,구로구,246
2,남부고용노동지청 남측,영등포구,668
2,남부법원검찰청 교차로,양천구,1276
2,남부순환로 205,강서구,270
2,남부터미널역 1번출구,서초구,245
2,남산도서관 앞,용산구,398
2,남산타운아파트 버스정류장,중구,154
2,남서울중학교,관악구,397
2,남성역3번출구 뒤,동작구,577
2,남영역 건너편,용산구,535
2,남태령역 2번출구,서초구,53
2,내곡3단지 어린이공원 앞,서초구,251
2,내곡도서관,서초구,88
2,내곡파출소 뒤 정자,서초구,81
2,내방역 8번출구 앞,서초구,298
2,넥센 유니버시티 앞,강서구,718
2,"노들섬 다목적홀(동쪽) 숲, 앞",용산구,175
2,노들섬 동측 앞,용산구,111
2,노들섬 서측 앞,용산구,564
2,노들역 1번출구,동작구,1039
2,노들역 3번출구,동작구,367
2,노량진1동 청소년독서실,동작구,230
2,노량진근린공원,동작구,148
2,노량진근린공원 대방공원,동작구,176
2,노량진역 2번 출구 앞,동작구,474
2,노량진역 5번출구,동작구,1218
2,노보텔 앰배서더 앞,강남구,123
2,노원 마들스타디움,노원구,444
2,노원 을지대학교 병원,노원구,802
2,노원경찰서교차로,노원구,635
2,노원구청,노원구,925
2,노원문화예술회관,노원구,733
2,노원소방서인근,노원구,507
2,노원역1번출구,노원구,1931
2,노원역7번출구,노원구,1101
2,노원정보도서관,노원구,750
2,노일초등학교 앞,노원구,229
2,노해근린공원내,노원구,220
2,녹번 힐스테이트상가앞,은평구,137
2,녹번역 3번출구,은평구,563
2,녹번역1번출구앞,은평구,184
2,녹번역e편한세상 캐슬 정문 앞,은평구,397
2,녹번초등학교(서오릉로),은평구,291
2,녹사평역1번출구,용산구,292
2,녹사평역3번 출구,용산구,231
2,녹천교 앞 사거리,도봉구,364
2,녹천역 1번출구 앞,도봉구,270
2,녹천역 4번 출구 옆,노원구,209
2,논골사거리(금호도서관 입구),성동구,146
2,논현동 광명빌딩 앞,강남구,93
2,논현동가구거리,강남구,75
2,논현역 10번출구,강남구,566
2,농수산식품공사 (강서지사),강서구,136
2,농협생명본사빌딩 서관,서대문구,202
2,누리꿈스퀘어 옆,마포구,1045
2,뉴코아 킴스클럽 앞,서초구,558
2,늘푸른공원 앞,중랑구,424
2,능골근린공원,강동구,328
2,능산삼거리,중랑구,175
2,능안마을입구,서초구,17
2,다락원체육공원 전망대 입구,도봉구,146
2,다성이즈빌아파트(호원대 대각선 맞은편),강동구,1521
2,달맞이공원,성동구,36
2,답십리 래미안엘파인아파트 입구,동대문구,220
2,답십리역 1번출구,동대문구,1686
2,답십리역 8번출구 앞,성동구,346
2,답십리파크자이아파트 앞,동대문구,1007
2,당고개공원 대여소,노원구,170
2,당고개입구 오거리,노원구,367
2,당고개입구오거리 당현천변,노원구,449
2,당곡사거리,관악구,1401
2,당산skv1센터,영등포구,697
2,당산롯데캐슬프레스티지,영등포구,1022
2,당산삼성2차아파트,영등포구,1010
2,당산역 10번출구 앞,영등포구,2230
2,당산역11번출구,영등포구,1033
2,당산육갑문,영등포구,1577
2,당인리발전소 공원 앞,마포구,248
2,당현천근린공원,노원구,820
2,대광고등학교,동대문구,330
2,대광빌딩,동대문구,208
2,대륜E&S 서울지사 앞,노원구,250
2,대륭테크노타운 18차,금천구,339
2,대륭테크노타운21차 앞,금천구,360
2,대륭포스트타워1차,구로구,829
2,대륭포스트타워5차,금천구,175
2,대륭포스트타워6차 앞,금천구,1772
2,대림3동사거리,영등포구,582
2,대림경동아파트앞,강서구,848
2,대림동 e편한세상영등포아델포레,영등포구,936
2,대림동현대2차 201동 앞,영등포구,124
2,대림사거리(동작상떼빌아파트),동작구,435
2,대림성원상떼빌아파트,영등포구,586
2,대림신동아아파트 앞,영등포구,394
2,대림아크로리버 앞,광진구,389
2,대림아파트 사거리,영등포구,281
2,대림아파트 후문 상가 옆,동작구,202
2,대림역 1번 출입구 밑,구로구,694
2,대림역4번출구,구로구,987
2,대림우성2차아파트,영등포구,258
2,대림우성아파트 사거리,영등포구,227
2,대명초교 입구 교차로,강동구,201
2,대명초교입구 사거리,강동구,549
2,대모산입구역 2번출구 앞,강남구,222
2,대모산입구역 4번 출구 앞,강남구,476
2,대모산입구역 7번 출구 앞,강남구,86
2,대방역2번출구,동작구,530
2,대방역6번출구,영등포구,1377
2,대방지하보도(대방동경남아너스빌아파트),동작구,738
2,대상연구소,강서구,207
2,대성유니드아파트,양천구,396
2,대신파이낸스센터,중구,530
2,대영중고 후문,영등포구,427
2,대원빌딩,강서구,844
2,대원중고교 입구(대하빌딩),광진구,208
2,대진고등학교,노원구,709
2,대청역,강남구,258
2,대청역 1번출구  뒤,강남구,608
2,대치동 삼성로,강남구,244
2,대치삼성아파트 앞 교차로,강남구,341
2,대치역 7번출구,강남구,712
2,대치역 사거리,강남구,320
2,대학동 고시촌,관악구,296
2,대학동주민센터,관악구,380
2,대학로 마로니에공원,종로구,1083
2,대한무역투자진흥공사 KOTRA 앞,서초구,305
2,대한상공회의소,중구,814
2,대한항공 인력개발센터,강서구,635
2,대현그린타워,강남구,211
2,대흥역 1번출구,마포구,365
2,더라움,강남구,93
2,더리브골드타워,강서구,378
2,더리브오피스텔 앞,영등포구,454
2,더스페이스타워 앞,성동구,806
2,더시그넘하우스 앞,강남구,158
2,더케이호텔 입구(양재2),서초구,453
2,도곡1동 주민센터 교차로,강남구,275
2,도곡동 경남아파트 건너편,강남구,167
2,도곡동 골프 로데오거리,강남구,204
2,도곡역 1번 출구,강남구,348
2,도곡역 대치지구대 방향,강남구,214
2,도곡역 아카데미스위트 앞,강남구,606
2,도깨비시장,노원구,997
2,도동삼거리,중구,49
2,도림고가도로 밑,영등포구,583
2,도림동배드민턴체육관,영등포구,445
2,도림사거리,영등포구,714
2,도림신협 앞,영등포구,581
2,도림천 건널목 위,영등포구,515
2,도림천 신화교,관악구,782
2,도림천역 1번 출구 앞,구로구,793
2,도봉경찰서 교차로,도봉구,362
2,도봉고등학교 맞은편,도봉구,57
2,도봉구민회관,도봉구,586
2,도봉구육아종합지원센터(창동),도봉구,267
2,도봉구청 옆(중랑천변),도봉구,649
2,도봉구청 정문앞,도봉구,550
2,도봉동실내스포츠센터,도봉구,253
2,도봉로 534,도봉구,108
2,도봉문화정보도서관 삼거리,도봉구,217
2,도봉보건소사거리,도봉구,642
2,도봉산광역환승센터앞,도봉구,130
2,도봉산역 교차로 앞,도봉구,87
2,도봉세무서 앞,강북구,350
2,도봉소방서 옆,도봉구,743
2,도봉아이나라도서관 앞,도봉구,279
2,도봉여성센터,도봉구,33
2,"도봉역 1,2번 출구사이 건너편",도봉구,380
2,도봉운전면허시험장 버스정류장 옆,노원구,664
2,도봉제1교,도봉구,422
2,도봉통합복지센터 뒤 중랑천 변,도봉구,488
2,도봉한신아파트 버스정류장,도봉구,432
2,도봉한신아파트 주변,도봉구,256
2,도산공원교차로,강남구,301
2,도선동 주민센터 앞,성동구,734
2,도심공항타워 앞,강남구,351
2,도원맨션,관악구,263
2,독립문 앞,서대문구,244
2,독립문역 2번출구 뒤,종로구,156
2,독립문역 3-1번출구,종로구,679
2,독립문역 사거리,종로구,504
2,독바위역,은평구,235
2,독산2동주민센터 앞,금천구,107
2,독산3동주민센터 앞,금천구,336
2,독산고등학교,금천구,195
2,독산근린공원 입구,금천구,540
2,독산동 한양수자인아파트 앞,금천구,314
2,독산동 현대홈타운 금천과선교 앞,금천구,125
2,독산보도육교 앞 자전거 보관소,금천구,529
2,독산역 1번출구 A,금천구,354
2,독산역 2번출구 자전거주차장,금천구,603
2,독산역 롯데캐슬 104동 앞,금천구,397
2,독산역1번출구 B,금천구,1062
2,독산주공 14단지 버스정류소,금천구,84
2,돈암삼성풍림아파트,성북구,88
2,돈암성당 옆,성북구,740
2,돈암육교 하단,성북구,150
2,돈암초교 입구,성북구,322
2,돈암초교입구 버스정류장(한성대입구역 방면),성북구,255
2,돈의문 박물관 마을,종로구,285
2,돌곶이역 앞,성북구,712
2,동대문 종합시장 버스정류장,종로구,383
2,동대문경찰서 교차로,동대문구,496
2,동대문구 보건소,동대문구,1152
2,동대문구민체육센터 (육교아래),동대문구,1069
2,동대문디자인플라자,중구,867
2,동대문롯데캐슬아파트 앞,동대문구,832
2,동대문역 8번 출구,종로구,1152
2,동대문역6번출구,종로구,773
2,동대문역사문화공원역 1번출구 뒤편,중구,820
2,동대문역사문화공원역 5번출구,중구,414
2,동대문역사문화공원역 9번출구 앞,중구,289
2,동대문중 교차로,동대문구,503
2,동대입구역 3번 출구,중구,130
2,동대입구역 6번출구 뒤,중구,185
2,동명근린공원 진입로 (아리수로),강동구,123
2,동묘앞역 1번출구 뒤,종로구,1612
2,동묘앞역 6번출구,종로구,1035
2,동문굿모닝탑,양천구,1304
2,동방1교,관악구,1303
2,동부센트레빌 앞,도봉구,263
2,동부시장 북문 앞,중랑구,730
2,동빙고근린공원,용산구,168
2,동산어린이공원 앞,성북구,369
2,동서울농협 앞,중랑구,530
2,동서울우편집중국 앞,광진구,400
2,동선고가차도 초입,성북구,218
2,동선아파트 앞,구로구,125
2,"동성1,2차 아파트 앞",중랑구,509
2,동성중학교 앞,종로구,214
2,동신병원 맞은편,서대문구,431
2,동신아파트 104동 앞,강서구,429
2,동신아파트 후문 옆,노원구,1267
2,동아1차APT105동 버스정류장(신도림중학교 방면),구로구,605
2,동아에코빌입구,영등포구,531
2,동양미래대학교 정문 옆,구로구,1318
2,동양쇼핑 정류소 앞,중랑구,592
2,동양엔파트 앞,중랑구,370
2,동영문화센터앞,강남구,282
2,동원베네스트 건너편,용산구,52
2,동원베네스트 건물 앞,중랑구,184
2,동원사거리,중랑구,254
2,동원사거리 행복오피스텔 앞,중랑구,248
2,동의보감타워,동대문구,871
2,동인오피스텔 건너편 소공원,구로구,162
2,동일로 지하차도,중랑구,810
2,동일로58길 입구,광진구,331
2,동작경찰서,동작구,898
2,동작구민 체육센터,동작구,528
2,동작역 5번출구 동작주차공원,동작구,254
2,동작역 7번출구,동작구,87
2,동해문화예술관앞,노원구,755
2,두산건설 본사,강남구,77
2,두산대림아파트 삼거리,중랑구,190
2,두산위브아파트,영등포구,301
2,두산위브아파트 옆 상가건물 앞,금천구,506
2,두상빌딩 앞,서초구,639
2,둔촌 주공 GS 맞은편,강동구,268
2,둔촌고교입구 교차로(길동주민센터 방면),강동구,608
2,둔촌동역교차로,강동구,783
2,둔촌사거리,강동구,990
2,둔촌신성미소지움아파트,강동구,380
2,둔촌어린이공원,강동구,946
2,둔촌역 2번출구,강동구,327
2,둔촌역 3번 출입구,강동구,1952
2,둔촌오륜역 1번 출구,강동구,193
2,둔촌오륜역 2번출구,송파구,116
2,둔촌푸르지오아파트,강동구,548
2,뒷벌공원 옆,서초구,477
2,드래곤타워 앞,강북구,398
2,등나무 근린공원(시립북서울미술관 앞),노원구,1143
2,등촌1-10단지 교차로,강서구,1887
2,등촌2동주민센터,강서구,271
2,등촌2파출소,강서구,467
2,등촌5단지아파트 버스정류장,강서구,1528
2,등촌9단지,강서구,415
2,등촌서광아파트,강서구,1239
2,등촌역 1번출구,강서구,529
2,등촌역 4번 출구,양천구,355
2,등촌역 5번 출구 뒤,양천구,426
2,등촌역 7번출구,강서구,836
2,등촌역 센터스퀘어,강서구,377
2,등촌태영아파트,강서구,535
2,디지털매직스페이스,마포구,946
2,디지털미디어 시티역 4번출구(DMC역),은평구,353
2,디지털입구 교차로,구로구,1110
2,디폴리스 지식산업센터,금천구,321
2,뚝도아리수정수센터 버스정류소 옆,성동구,277
2,뚝섬 유원지역,광진구,806
2,뚝섬역 1번 출구 옆,성동구,1034
2,뚝섬역 5번 출구 정류소 옆,성동구,639
2,뚝섬역 6번출구,성동구,812
2,라이품 공영주차장 앞,강서구,428
2,라인프랜즈이태원점 앞,용산구,79
2,라코지스테이 앞,중랑구,197
2,래미안 강동팰리스(102동),강동구,637
2,래미안 구의파크 스위트,광진구,1019
2,래미안 루센티아 아파트 108동 앞,서대문구,451
2,래미안 솔베뉴(고덕로),강동구,530
2,래미안 솔베뉴(구천면로),강동구,309
2,래미안강남힐즈 사거리,강남구,303
2,래미안그레이튼102동앞,강남구,92
2,래미안금호하이리버 아파트 102동 옆,성동구,135
2,래미안라센트아파트 103동 앞,성북구,458
2,래미안서초스위트앞,서초구,239
2,래미안신공덕3차아파트,마포구,38
2,래미안에스티움 앞 (신풍로),영등포구,666
2,래미안월곡아파트 입구,성북구,518
2,래미안장위퍼스트하이(513동),성북구,563
2,래미안장위포레카운티(102동),성북구,284
2,래미안허브리츠아파트 앞,동대문구,298
2,레베쌍트 빌딩 앞,강남구,130
2,레이크펠리스101동앞,송파구,1350
2,로고스교회 맞은 편,서초구,184
2,로제우스 레포츠센터,종로구,96
2,롯데 R&D 센터,강서구,290
2,롯데리아 개포점앞,강남구,271
2,롯데시티호텔,중구,230
2,롯데월드타워(잠실역2번출구 쪽),송파구,3667
2,롯데중앙연구소,강서구,245
2,롯데캐슬 101동 앞,동작구,117
2,롯데캐슬 115동앞,강동구,109
2,롯데캐슬 앞,영등포구,888
2,롯데캐슬2차 마을버스 정류장(18804) 뒤편,금천구,231
2,롯데캐슬골드파크1차 동문,금천구,390
2,롯데캐슬골드파크1차 서문,금천구,270
2,롯데캐슬골드파크3차 301동 앞,금천구,422
2,롯데캐슬엠파이어 옆,영등포구,1011
2,롯데캐슬클라시아 입구 앞,성북구,84
2,롯데하이마트 (상암월드컵점),마포구,186
2,롯데호텔,중구,162
2,르네상스 호텔 사거리 역삼지하보도 7번출구 앞,강남구,245
2,르네상스호텔사거리 역삼지하보도 2번출구,강남구,186
2,르네상스호텔사거리 역삼지하보도 3번출구 앞 (더 오번 빌딩 명동칼국수 앞),강남구,196
2,르노삼성자동차 성수사업소 앞,성동구,408
2,리버뷰신안인스빌1차 후문,영등포구,657
2,리버뷰신안인스빌2차 후문,영등포구,546
2,리센츠아파트,송파구,655
2,리싸이클시티,강동구,28
2,리엔파크 2단지 앞,강남구,138
2,마곡 MICE 복합단지,강서구,933
2,마곡 공공청사,강서구,705
2,마곡 엠밸리2단지,강서구,540
2,마곡 필네이처,강서구,1270
2,마곡13단지,강서구,1855
2,마곡13단지힐스테이트마스터 후문(1320동 앞),강서구,665
2,마곡14단지 1408동앞,강서구,883
2,마곡9단지 907동앞,강서구,727
2,마곡9단지 910동 상가앞,강서구,638
2,마곡금호어울림아파트,강서구,543
2,마곡나루역 2번 출구,강서구,5602
2,마곡나루역 3번 출구,강서구,3412
2,마곡나루역 5번출구 뒤편,강서구,4113
2,마곡레포츠센터,강서구,1010
2,마곡메가박스 앞,강서구,1150
2,마곡문화공원,강서구,1636
2,마곡센트럴타워 1차,강서구,1414
2,마곡수명산 1-2단지,강서구,777
2,마곡수명산파크 209동 건너편,강서구,833
2,마곡수명산파크1단지,강서구,758
2,마곡수명산파크3단지 교차로,강서구,1411
2,마곡수명산파크5-6단지,강서구,745
2,마곡수명산파크7단지 710동 앞,강서구,234
2,마곡엠밸리 15단지(1502동) 건너편,강서구,1147
2,마곡엠밸리10단지 앞,강서구,1315
2,"마곡엠밸리14단지 버스정류장(마곡엠밸리11,12단지상가방면)",강서구,1214
2,마곡엠밸리4단지 정문,강서구,1605
2,마곡엠밸리6_7단지 마곡중학교,강서구,947
2,마곡역 7번출구,강서구,2066
2,마곡역 교차로(2번출구),강서구,912
2,"마곡역 버스정류장(마곡나루역1번출구, 웰튼병원 방면)",강서구,1426
2,마곡역1번출구,강서구,1260
2,"마곡역4,5번출구",강서구,420
2,마곡역4번출구,강서구,654
2,마곡역5번출구앞,강서구,646
2,마곡역교차로,강서구,1854
2,마곡중학교 후문,강서구,449
2,마곡힐스테이트 정문,강서구,769
2,마들역 3번출구,노원구,685
2,마들역 7번출구,노원구,834
2,마스타 빌딩 앞,서대문구,410
2,마장동 금호어울림APT앞,성동구,265
2,마장동 주민센터,성동구,339
2,마장역 4번출구,성동구,425
2,마장역3번출구,성동구,212
2,마천금호어울림 1차 102동앞,송파구,89
2,마천금호어울림 1차아파트 건너편,송파구,146
2,마천동 성내천 쉼터,송파구,403
2,마천사거리,송파구,415
2,마천사거리 2,송파구,224
2,마천역 1번 출구 인근②,송파구,178
2,마천중앙시장,송파구,206
2,마천청소년센터,송파구,154
2,마포 신수공원 앞,마포구,381
2,마포구 육아종합지원센터,마포구,275
2,마포구중앙도서관 정문 앞,마포구,1150
2,마포구청 앞,마포구,868
2,마포구청 청사내,마포구,129
2,마포구청역,마포구,1078
2,마포소방서 앞,마포구,237
2,마포아트센터 앞,마포구,530
2,마포역 2번출구 뒤,마포구,909
2,마포역 4번출구 뒤,마포구,1110
2,마포중앙도서관,마포구,206
2,마포프레스티지자이 1,마포구,372
2,만해공원,성북구,251
2,말미사거리,금천구,295
2,말우물 어린이 공원,강동구,92
2,말죽거리공원 사거리,서초구,547
2,망우동 본죽 앞,중랑구,443
2,망우역 1번출구,중랑구,325
2,망우역 2번 출구,중랑구,689
2,망우지구대,중랑구,688
2,망우청소년수련관,중랑구,77
2,망원2빗물펌프장 앞,마포구,431
2,망원역 1번출구 앞,마포구,1161
2,망원역 2번출구 앞,마포구,829
2,망원우체국사거리 인근,마포구,1038
2,망원정 앞,마포구,254
2,망원초록길 입구,마포구,373
2,매봉역 1번출구,강남구,228
2,매헌역 2번출구앞광역버스 정류장앞(22-297),서초구,444
2,맥도날드 서울둔촌DT점 앞,강동구,868
2,맥스타일 앞,중구,566
2,먹골역 1번출구 뒤,중랑구,397
2,먹골역 4번출구,중랑구,356
2,먹골역 6번출구 앞,중랑구,408
2,먹골역 7번 출구,중랑구,278
2,메뚜기다리,은평구,41
2,메이필드호텔앞,강서구,328
2,멤피스아파트 앞,서초구,362
2,면목 대원칸타빌아파트,중랑구,118
2,면목 홈플러스 2,중랑구,131
2,면목2동 사거리,중랑구,572
2,면목4치안센터,중랑구,502
2,면목도시개발아파트 1동 앞,중랑구,161
2,면목동 새싹어린이공원 앞,중랑구,488
2,면목삼익아파트 앞,중랑구,184
2,면목역 3번출구,중랑구,889
2,명덕고교,강서구,319
2,명덕고교입구(영종빌딩),강서구,1801
2,명동성당 앞,중구,332
2,명동역9번 출구,중구,536
2,명물길 원형무대 앞,서대문구,307
2,명보사거리,중구,199
2,명일근린공원공동체텃밭,강동구,141
2,명일동신동아아파트 앞,강동구,150
2,명일역 3번출구 옆,강동구,632
2,명일초등학교 옆,강동구,129
2,명일파출소,강동구,317
2,명지대학교 도서관,서대문구,661
2,명지전문대학교 정문 앞,서대문구,163
2,모두의학교,금천구,301
2,모래내고가차도,서대문구,398
2,목4동주민센터 옆,양천구,956
2,목동11단지 아파트,양천구,564
2,목동12단지 아파트,양천구,791
2,목동13_14단지 사거리,양천구,307
2,목동1단지아파트 118동 앞,양천구,856
2,목동1단지아파트 상가 앞,양천구,1232
2,목동2단지 상가,양천구,1630
2,목동3단지 상가,양천구,941
2,목동3단지 시내버스정류장,양천구,1474
2,목동5단지아파트 501동,양천구,913
2,목동5단지아파트 534동,양천구,921
2,목동7단지아파트 A상가,양천구,315
2,목동사거리 버스정류장,강서구,836
2,목동사거리 부근,양천구,969
2,목동성당 앞,양천구,1115
2,목동신시가지아파트6단지,양천구,726
2,목동아파트 1422동 1434동 사잇길,양천구,1572
2,목동아파트 14단지 B상가 앞,양천구,726
2,목동아파트 613동 앞,양천구,1237
2,목동아파트 703동 앞,양천구,1082
2,목동아파트 8단지 상가동 앞,양천구,961
2,목동아파트2단지 222동 앞,양천구,494
2,목동역 3번 출구,양천구,1937
2,목동역5번출구,양천구,2234
2,목동운동장,양천구,374
2,목동주차장,양천구,627
2,목동청소년수련관,양천구,1592
2,목동트라팰리스 웨스턴에비뉴,양천구,2291
2,목동현대아파트 후문 앞,양천구,546
2,목련아파트,노원구,348
2,목마공원,양천구,273
2,목양전원교회 앞 로터리,구로구,107
2,목월공원 앞,용산구,319
2,몽마르뜨공원입구,서초구,134
2,몽촌토성역 1번출구 옆,송파구,748
2,몽촌토성역 3번 출구,송파구,1906
2,묘곡초등학교,강동구,252
2,무악재역 4번 출구,서대문구,114
2,무악재역1번 출구,서대문구,142
2,묵동 이마트 앞,중랑구,487
2,문래동 주민센터,영등포구,539
2,문래동 하이테크 시티,영등포구,1235
2,문래동롯데캐슬아파트,영등포구,1815
2,문래동자이아파트 앞,영등포구,1008
2,문래역 4번출구 앞,영등포구,1649
2,문래현대2차,영등포구,646
2,문배어린이공원 앞,용산구,544
2,문소빌딩,강서구,294
2,문정 법조단지10,송파구,759
2,문정 법조단지11,송파구,388
2,문정 법조단지3,송파구,168
2,문정 법조단지4,송파구,267
2,문정 법조단지5,송파구,174
2,문정 법조단지6,송파구,41
2,문정 법조단지7,송파구,973
2,문정 법조단지8,송파구,940
2,문정 법조단지9,송파구,753
2,문정2동 주민센터,송파구,56
2,문정근린공원2,송파구,505
2,문정동 근린공원,송파구,560
2,문정동 글샘 공원,송파구,256
2,문정법조단지12,송파구,1004
2,문정시영아파트 5동 앞 공원,송파구,461
2,문정역 1번출구,송파구,992
2,문정중교 사거리,송파구,439
2,문정중학교,송파구,95
2,문정현대아파트 교차로,송파구,353
2,"문현중,고등학교 사이",송파구,91
2,문화비축기지,마포구,82
2,문화촌 공원,서대문구,678
2,물넘이교,노원구,930
2,미래사랑어린이공원 앞,구로구,1209
2,미림여고입구 교차로,관악구,53
2,미성동 신림체육센터,관악구,542
2,미성아파트 A동 앞,영등포구,744
2,미아동 복합청사,강북구,254
2,미아동 한국전력공사,강북구,678
2,미아사거리 1번 출구,강북구,1024
2,미아역 1번 출구 뒤,강북구,324
2,"미아역 3번,4번 출구 사이",강북구,589
2,미아초교버스승강장,성북구,72
2,미호 플랜트 앞,강동구,488
2,밀리아나2빌딩 앞,송파구,938
2,밀알학교 입구 (삼성서울병원 입구),강남구,146
2,바우뫼문화복지회관,서초구,398
2,박석고개(은평소방서) 앞,은평구,72
2,반포1동 서초빌딩 앞,서초구,331
2,반포1동 자율방범초소 옆,서초구,126
2,반포1동 주민센터 앞,서초구,119
2,반포경남쇼핑 앞,서초구,60
2,반포래미안 리오센트,서초구,316
2,반포미도2차아파트 옆,서초구,229
2,반포쇼핑타운 2동 앞,서초구,962
2,반포쇼핑타운 8동 앞,서초구,442
2,반포종합운동장,서초구,184
2,반포종합운동장 입구,서초구,311
2,반포중학교 앞(세화여고 맞은편),서초구,71
2,반포천 앞,서초구,501
2,"발산역 1번, 9번 인근 대여소",강서구,3306
2,발산역 6번 출구 뒤,강서구,2407
2,발산역 8번 출구,강서구,869
2,방배래미안 정문 앞,서초구,158
2,방배역 2번 출구,서초구,305
2,방배열린문화센터 앞,서초구,192
2,방아골종합사회복지관,도봉구,252
2,방아다리어린이공원,양천구,258
2,방아삼거리,강동구,55
2,방이동 한양3차아파트 옆,송파구,595
2,방이삼거리,송파구,970
2,방이역 1번출구,송파구,708
2,방이역 2번 출구,송파구,250
2,방이역 4번출구,송파구,1187
2,방이초등학교,송파구,1126
2,방일초교 마을버스 정류장,서초구,362
2,방정환교육지원센터 옆,중랑구,301
2,방죽마을 입구,강남구,133
2,방학남부역 버스정류장,도봉구,211
2,방학동우체국 건너편,도봉구,302
2,방학동학마을도서관,도봉구,204
2,방학사거리 (봄마당 앞),도봉구,391
2,방학역 1번출구,도봉구,255
2,방학역2번출구,도봉구,250
2,방학역사거리,도봉구,270
2,방학중학교 앞,도봉구,183
2,방학초등학교 앞,도봉구,461
2,방화근린공원,강서구,113
2,방화동강서기동대앞,강서구,1217
2,방화사거리 마을버스 버스정류장,강서구,1060
2,방화역 4번출구앞,강서구,1173
2,배명고등학교,송파구,316
2,배명고등학교 건너편,송파구,386
2,배봉초교 교차로,동대문구,496
2,백련산 SK뷰 아이파크 해모로 아파트 앞,은평구,481
2,백련산 힐스테이트 3차,은평구,272
2,백련산 힐스테이트상가앞,은평구,238
2,백련산로 녹번센트레빌,은평구,172
2,백석예술대학교 제3캠퍼스 앞,서초구,61
2,백토공원 앞,송파구,165
2,뱅뱅사거리 랜드마크타워 앞,강남구,501
2,버섯분수대,송파구,385
2,버스정류장 앞,도봉구,176
2,번3동 주민센터 교차로,강북구,306
2,번동 금호어울림아파트102동앞,강북구,174
2,번동 두산위브 101동 옆,강북구,269
2,"번동 주공3, 4단지 교차로",강북구,448
2,번동3단지 버스정류장,강북구,381
2,번동사거리,강북구,213
2,번동주공5단지 관리사무소 앞,강북구,116
2,베네스트 오피스텔 앞,동대문구,285
2,벽산 디지털밸리 5차,금천구,792
2,벽산상암스마트큐브,마포구,963
2,벽산아파트,강서구,928
2,볏골공원,강서구,440
2,보광동 삼성리버빌아파트 앞,용산구,308
2,보금자리정원,강남구,128
2,보라매 두산위브 건너편,동작구,672
2,보라매sk뷰,영등포구,225
2,보라매sk뷰 108동 앞,영등포구,403
2,보라매공원 보도육교,관악구,738
2,보라매공원 정문,동작구,666
2,보라매공원역 2번출구,동작구,325
2,보라매병원역 1번출구,동작구,1262
2,보라매역 8번출구,동작구,410
2,보라매역4번출구,영등포구,734
2,보라매역?동작세무서 버스정류장(강남중학교방면),동작구,703
2,보라주유소 앞,영등포구,227
2,보문2교,성북구,872
2,보문4교 인근,성북구,796
2,보문역6번출구 앞,성북구,508
2,보성중고등학교 후문 앞,송파구,50
2,보아스아파트 앞,양천구,372
2,보타닉파크타워2,강서구,836
2,보훈병원 후문옆(더 원커피),강동구,197
2,복자사랑 피정의 집,성북구,190
2,복정역 1번 출구 앞,송파구,589
2,본 서부병원 교차로 사거리,은평구,645
2,본 서부병원 버스정류장(은평 세무서 방면),은평구,498
2,본마을 노인복지센터 앞,서초구,88
2,본마을 정류소 앞,서초구,19
2,봉림교 교통섬,관악구,3109
2,봉원고가차도 밑,서대문구,438
2,봉은사로68길 북측,강남구,246
2,"봉은사역 1,2번 출구",강남구,270
2,봉은사역 5번출구 옆,강남구,298
2,봉은사역 7번 출구,강남구,354
2,봉천고개 육교,관악구,91
2,봉천역 2번출구,관악구,480
2,봉천역 3번출구,관악구,260
2,봉천역 4번출구,관악구,685
2,봉화산역 5번출구 뒤,중랑구,466
2,부엉이공원 앞,마포구,446
2,북가좌 삼거리,서대문구,175
2,북가좌 초등학교,서대문구,318
2,북가좌1동 주민센터,서대문구,176
2,북가좌삼거리2,서대문구,297
2,북서울 꿈의 숲 입구,강북구,176
2,북서울 꿈의숲 서문,강북구,277
2,북성초교,서대문구,195
2,북아현 치안센터 인근,서대문구,299
2,북아현동 가구거리,서대문구,206
2,북위례1,송파구,170
2,북위례2,송파구,101
2,북한산 우이역,강북구,136
2,북한산 코오롱 하늘채,도봉구,587
2,북한산 한신휴플러스APT앞,도봉구,913
2,북한산더샾 106동 앞,서대문구,100
2,북한산보국문역,성북구,126
2,북한산생태공원입구(교통섬),은평구,121
2,북한산입구 정류장,은평구,68
2,북한산힐스테이트 7차아파트,은평구,170
2,불광롯데캐슬아파트 앞,은평구,313
2,불광역 2번출구,은평구,333
2,불광역 9번 출구,은평구,552
2,불광역 9번 출구 맞은편,은평구,301
2,"불광역3,6호선 버스정류장(동명여고 방면)",은평구,388
2,불암고등학교 앞 횡단보도,노원구,592
2,불암산역 3번 출구,노원구,368
2,불암산역 앞,노원구,123
2,불암아파트 앞,노원구,130
2,불암주유소 앞,노원구,584
2,브라운스위트레지던스,중구,244
2,브라운스톤 남산아파트,용산구,324
2,비계 버스정류소,동작구,60
2,비석공원,서초구,270
2,비전교회 앞,성동구,1102
2,빅마켓 금천점 앞,금천구,788
2,사가정역 2번출구,중랑구,1071
2,사근빗물펌프장 건너편,성동구,1129
2,사당동 아르테스 웨딩앞,동작구,466
2,사당새마을금고,동작구,151
2,사당역 12번출구 뒤,서초구,691
2,사당역 5번출구,관악구,532
2,사당역 7번출구쪽,동작구,282
2,사당역10번출구(금강빌딩),동작구,376
2,사당중학교 버스정류소,동작구,56
2,사랑의병원,관악구,293
2,사육신공원앞,동작구,357
2,사평리근린공원,서초구,440
2,사평역 2번출구,서초구,207
2,산기슭공원 앞,금천구,100
2,산업은행 앞,영등포구,682
2,산호시티빌 옆,금천구,115
2,삼각산동 주민센터,강북구,215
2,삼각산아이원아파트(105동 옆),강북구,43
2,삼각지 자이아파트,용산구,427
2,삼각지12번 출구,용산구,273
2,삼각지역 14번 출구 앞(교통섬),용산구,392
2,삼각지역 3번출구,용산구,340
2,삼각지역 4번출구 앞,용산구,356
2,삼부르네상스파크빌,구로구,557
2,삼성SDS,송파구,1017
2,삼성광나루아파트 버스정류장,강동구,500
2,삼성도로공원,강남구,236
2,삼성디지털프라자관악점,관악구,311
2,삼성사이버빌리지아파트,중구,212
2,삼성생명 당산사옥 앞,영등포구,1178
2,삼성전자 물류센터 앞,구로구,532
2,삼성전자R&D어린이집 뒤,서초구,103
2,삼성전자서비스 성북센터,성북구,447
2,삼성중앙역 5번출구,강남구,219
2,삼성중앙역4번출구(문화센터더 리빌),강남구,110
2,삼성중앙역·플래티넘아파트 정류소,강남구,229
2,삼성타운(삼성생명) A동 맞은편,서초구,859
2,삼성화재 사옥 옆,영등포구,714
2,삼양동주민센터 앞,강북구,159
2,삼양사거리역,강북구,214
2,삼양시장오거리,강북구,121
2,삼양역,강북구,175
2,삼양입구사거리,강북구,116
2,삼육대 도서관,노원구,61
2,삼육대 입구,노원구,163
2,삼육대 제3과학관,노원구,29
2,삼육서울병원 버스정류장,동대문구,798
2,삼익세라믹아파트교차로,도봉구,359
2,삼익아파트,동작구,531
2,삼일교(시그니쳐 타워),중구,536
2,삼일수영장 앞,동작구,321
2,삼일초등학교 인근,동작구,192
2,삼전동주민센터 건너편,송파구,438
2,삼전동주민센터 앞,송파구,630
2,삼전역 1번출구,송파구,623
2,삼전역 4번출구,송파구,646
2,삼청공원 앞,종로구,112
2,삼청동 골목,종로구,408
2,삼호3차아파트 앞,서초구,551
2,삼호물산버스정류장(23370) 옆,강남구,985
2,삼호아파트 2동 ( 간선도로),강남구,106
2,삼호아파트 앞,구로구,240
2,삼환로즈빌아파트 105동 옆,구로구,482
2,"상계3,4동 주민센터 대여소",노원구,164
2,상계8동 주민센터,노원구,643
2,상계근린공원 운동장 앞,노원구,405
2,상계동 우방유쉘아파트 앞,노원구,369
2,상계동수락리버시티,노원구,325
2,상계문화정보도서관,노원구,295
2,상계신동아아파트,노원구,102
2,상계역 3번출구,노원구,1858
2,상계역중앙시장,노원구,501
2,상계주공 14단지 상가 앞,노원구,342
2,상계주공10단지 버스정류소,노원구,406
2,상계주공10단지 종합상가 앞,노원구,702
2,상계주공13단지 1301동,노원구,143
2,상계주공15단지 버스정류소,노원구,634
2,상계주공1단지 버스정류장 옆(대원빌딩 앞),노원구,890
2,상계주공1단지아파트,노원구,603
2,상계주공2단지 219동,노원구,568
2,상계주공2단지 버스정류장 옆,노원구,845
2,상계중학교(당현2교사거리),노원구,390
2,상계초교 입구 교차로 명주빌딩 앞,노원구,838
2,상도 아이파크 아파트,동작구,177
2,상도SH빌아파트 입구,동작구,59
2,상도역 1번출구,동작구,162
2,상도중앙하이츠빌 입구,동작구,175
2,상도효성해링턴플레이스,동작구,236
2,상록수아파트,강남구,268
2,상림마을 롯데캐슬2단지 옆,은평구,26
2,상림마을 생태공원,은평구,114
2,상명대입구,종로구,199
2,상봉시장앞 교차로 한성빌딩 앞,중랑구,496
2,상봉신협 앞,중랑구,408
2,상봉역 1번출구,중랑구,1070
2,상봉역 2번 출구,중랑구,783
2,상봉역 3번출구,중랑구,771
2,상봉터미널2,중랑구,809
2,상사마을 버스정류장(아라대교방면),강서구,134
2,상수역 2번출구 앞,마포구,353
2,상수역새마을금고,마포구,203
2,상신초등학교앞 버스정류장,은평구,409
2,상아빌딩(우림시장 교차로),중랑구,498
2,상암동주민센터 옆,마포구,843
2,상암월드컵파크 10단지 앞,마포구,492
2,상암월드컵파크 1단지 교차로,마포구,405
2,상암월드컵파크 3단지 후문,마포구,244
2,상암월드컵파크 7단지 앞,마포구,259
2,상암월드컵파크 9단지 앞,마포구,295
2,상암월드컵파크5단지(상암중학교),마포구,171
2,상암중학교 옆,마포구,100
2,상암한샘빌딩앞,마포구,460
2,상암한화오벨리스크 1차 앞,마포구,541
2,상왕십리역 1번출구,성동구,998
2,상왕십리역 4번 출구 앞,성동구,348
2,상왕십리역 6번 출입구,성동구,218
2,상월곡역 1번출구,성북구,342
2,상월곡역 3번출구,성북구,560
2,상월곡역 4번출구,성북구,231
2,상일동산(동아아파트앞 교차로),강동구,163
2,상일동역 2번출구 앞,강동구,862
2,상일초등학교,강동구,282
2,상일파출소 옆,강동구,458
2,새말소공원,영등포구,945
2,새솔초등학교,중랑구,163
2,새우개마을,중랑구,104
2,새절역 2번출구,은평구,949
2,샛강생태공원방문자센터 앞,영등포구,265
2,샛강역 1번출구 앞,영등포구,1015
2,샛마을 근린공원,강동구,284
2,생명의 전화 종합복지관 앞 교차로,성북구,434
2,생태공원앞 교차로(조명탑),강동구,51
2,서강나루 공원,마포구,513
2,서강대 남문 옆,마포구,343
2,서강대 정문 건너편,마포구,429
2,서강대 후문 옆,마포구,454
2,서강대역 2번출구 앞,마포구,441
2,서교동 사거리,마포구,700
2,서남병원 후문,양천구,415
2,서남환경공원 버스정류장,강서구,819
2,서남환경공원(방화동도시개발2단지방향),강서구,480
2,서대문구청,서대문구,186
2,서대문역 2번 출구,서대문구,648
2,서대문역 8번출구 앞,서대문구,214
2,서대문자연사박물관 입구,서대문구,144
2,서래공원 앞,서초구,280
2,서부식자재마트 건너편,양천구,633
2,서부운전면허시험장,마포구,305
2,서빙고동 금호맨션 앞,용산구,97
2,서빙고동 주민센터 앞,용산구,771
2,서빙고역 광장(1번출구),용산구,120
2,서서울모터리움 앞,강서구,272
2,서소문성지역사박물관,중구,101
2,서소문역사공원,중구,72
2,서우빌딩,서대문구,575
2,서울 논현동우체국 앞,강남구,127
2,서울 시흥동우체국 앞,금천구,260
2,서울 영등포구 우체국,영등포구,539
2,서울 월드컵 경기장,마포구,304
2,서울가정법원,서초구,310
2,서울강월초등학교 앞,양천구,441
2,서울갤러리아 앞,용산구,99
2,서울경찰청,종로구,545
2,서울고등학교 건너편,서초구,87
2,서울고앞,서초구,82
2,서울과학기술대학교(미래관),노원구,236
2,서울과학기술대학교(어학교육원),노원구,994
2,서울교육청 교육연수원 앞,서초구,101
2,서울교통공사 사당별관 건너편,서초구,161
2,서울교통공사사거리 교통섬,동대문구,527
2,서울남부교정시설 앞,구로구,149
2,서울남부지방검찰청 후문,양천구,663
2,서울남부출입국관리소,강서구,935
2,서울남부터미널 대합실 입구,서초구,431
2,서울대벤처타운역,관악구,137
2,서울대입구역 1번출구,관악구,503
2,서울대입구역 4번 출구,관악구,469
2,서울대입구역 5번출구,관악구,725
2,서울대입구역 마에스트로,관악구,326
2,서울대학교 정문,관악구,253
2,서울도봉초등학교인근,도봉구,151
2,서울도시가스 앞,강서구,491
2,서울도시건축전시관,중구,1288
2,서울디자인고등학교 앞,마포구,465
2,서울디지털운동장 앞,금천구,413
2,서울문화재단 앞,동대문구,735
2,서울미래초등학교 사거리,구로구,652
2,서울미술관,종로구,69
2,서울반도체고 앞,동대문구,167
2,서울방이동 고분군,송파구,973
2,서울보증보험본사 앞,종로구,645
2,서울복합물류 게이트 1,송파구,725
2,서울본부세관(건설회관 앞),강남구,61
2,서울북부고용노동지청,강북구,267
2,서울북부고용센터앞,노원구,1286
2,서울북부광역등기국,도봉구,153
2,서울북부수도사업소,강북구,302
2,서울북부지방법원,도봉구,124
2,서울북부지방법원 앞,도봉구,228
2,서울사대부설초등학교 앞,종로구,705
2,서울산업정보학교,관악구,121
2,서울서부지방법원 앞,마포구,314
2,서울서부지방법원등기국앞,마포구,135
2,서울서초고용센터앞,서초구,217
2,서울숲 IT캐슬,성동구,12
2,서울숲 공영주차장앞,성동구,238
2,서울숲 관리사무소,성동구,594
2,서울숲 지식산업센터,성동구,890
2,서울숲리버뷰자이APT105동 앞,성동구,235
2,서울숲역 2번출구 앞,성동구,1038
2,서울숲역 5번 출구 옆,성동구,578
2,서울숲역3번출구,성동구,76
2,서울시 공공자전거 상암센터,마포구,302
2,서울시 도로환경관리센터,양천구,846
2,서울시 북부병원 앞,중랑구,167
2,서울시 북부여성발전센터,노원구,311
2,서울시 품질시험소 앞,서초구,206
2,서울시립과학관,노원구,210
2,서울시립대 건설공학관,동대문구,250
2,서울시립대 정문 앞 A,동대문구,110
2,서울시립대 정문 앞 B,동대문구,972
2,서울시립대 정보기술관,동대문구,148
2,서울시립대 후문,동대문구,330
2,서울시설공단 앞,성동구,695
2,서울시여성가족재단,동작구,242
2,서울시청,중구,878
2,서울식물원 식물문화센터,강서구,411
2,서울식물원 잔디마당 앞,강서구,1163
2,서울식물원(문화센터) 건너편,강서구,229
2,서울신성초등학교,관악구,220
2,서울신용보증재단,마포구,481
2,서울신우초등학교,관악구,10
2,서울안천초등학교 옆,금천구,43
2,서울여대 남문,노원구,272
2,서울역 12번 출구 앞,용산구,490
2,서울역 7번출구,중구,77
2,서울역 서부,중구,179
2,서울역 서부교차로(3),중구,589
2,서울역 서부교차로2,중구,569
2,서울역 센트럴 자이아파트,중구,495
2,서울역5번출구,중구,425
2,서울역9번출구,중구,447
2,서울역사박물관 앞,종로구,444
2,서울연신중학교,은평구,139
2,서울연신초등학교,은평구,190
2,서울영상고교 입구,양천구,1527
2,서울율현초교 삼거리,강남구,387
2,서울중랑우체국,중랑구,360
2,서울지방고용노동청 앞,중구,646
2,서울지방병무청 버스정류장,영등포구,385
2,서울천호동우체국,강동구,760
2,서울체육고등학교 앞,송파구,286
2,서울추모공원 입구,서초구,15
2,서울축산농협(장안지점),동대문구,1402
2,서울출입국관리사무소 앞,양천구,1803
2,서울친환경유통센터,송파구,69
2,서울특별시 교육청,종로구,123
2,서울특별시 남부교육지원청,영등포구,248
2,서울특별시 동부교육지원청(육교),동대문구,70
2,서울특별시 동작관악교육지원청,동작구,55
2,서울특별시 은평병원,은평구,196
2,서울특별시 중부교육지원청,종로구,50
2,서울특별시교육청도봉도서관,강북구,527
2,서울혁신파크,은평구,336
2,서울혁신파크1,은평구,104
2,서울혁신파크2,은평구,171
2,서원마을,강동구,87
2,서일스포츠센터,서초구,71
2,서초 크로바타워 앞,서초구,305
2,서초 포레스타5단지,서초구,145
2,서초1교 (진흥아파트 방면),서초구,251
2,서초2교(사임당로 방면),서초구,95
2,서초4동주민센터,서초구,324
2,서초구립반포도서관 앞,서초구,680
2,서초그랑자이 앞,서초구,267
2,서초동 현대아파트 앞,서초구,205
2,서초리슈빌S 글로벌 앞,서초구,93
2,서초신동아1차아파트 옆,서초구,348
2,서초역 3번출구,서초구,387
2,서초역1번출구 앞,서초구,176
2,서초유치원 맞은편,서초구,249
2,서초종합체육관 입구,서초구,60
2,서초초등학교 후문,서초구,479
2,서초포레스타 7단지,서초구,110
2,서초현대4차아파트 201동 맞은편,서초구,288
2,석계역 3번 출구,노원구,548
2,석계역 4번출구 뒤,성북구,785
2,석계역 5번출구 건너편,성북구,737
2,석계역 문화광장 내 자전거 보관소,노원구,1510
2,석관동주민센터 앞,성북구,319
2,석관래미안아트리치,성북구,575
2,석관초등학교 앞,성북구,514
2,석촌고분역 2번 출구,송파구,1025
2,석촌고분역 4번출구,송파구,897
2,석촌동 주민센터,송파구,1072
2,석촌역 2번출구,송파구,1159
2,석촌역 8번출구,송파구,1487
2,석촌호수 서호 남단,송파구,1204
2,석촌호수 서호 사거리,송파구,1206
2,석촌호수 아뜰리에,송파구,783
2,석촌호수교차로 (송파나루근린공원 앞),송파구,270
2,석촌호수교차로(동호 팔각정 앞),송파구,1493
2,선릉역3번출구,강남구,609
2,선린인터넷 고등학교,용산구,555
2,선사고등학교,강동구,198
2,선유도역 3번출구 앞,영등포구,1290
2,선잠단지 앞,성북구,97
2,"선정릉 디캠프(D,CAMP)앞",강남구,132
2,선정릉역 4번 출구,강남구,178
2,섬들근린공원,서초구,481
2,섬유센터 앞,강남구,646
2,성공회대학교,구로구,206
2,성균관대 E하우스 앞,종로구,450
2,성균관대 정문,종로구,922
2,성균관대입구 사거리 A,종로구,432
2,성균관대입구 사거리 B,종로구,593
2,성내5교,송파구,404
2,성내7교,송파구,493
2,성내교 남단,송파구,221
2,성내삼성아파트,강동구,1452
2,성내어울터,강동구,981
2,성내유수지 체육공원,송파구,158
2,성동광진 교육지원청 앞,성동구,704
2,성동교 사거리,성동구,410
2,성동구 견인차량 보관소 앞,성동구,736
2,성동구민종합체육센터 건너편,성동구,1084
2,성동도로사업소,성동구,186
2,성동세무서 건너편,성동구,940
2,성동세무서 부근,성동구,757
2,성보하이드로빌딩,양천구,412
2,성북3교 위,성북구,523
2,성북구 한예종 캠퍼스 별관,성북구,165
2,성북구 한예종 캠퍼스 본관,성북구,135
2,성북구보건소 건너편,성북구,341
2,성북구청,성북구,345
2,성북동 치안센터 앞,성북구,280
2,성북쉼터 앞,성북구,90
2,성북제일새마을금고 본점 앞,성북구,186
2,성북청소년문화의집,성북구,60
2,성북청소년센터,성북구,237
2,성산2-1 공영주차장,마포구,643
2,성산2교 사거리,마포구,857
2,성산2동 주민센터,마포구,63
2,성산시영아파트,마포구,438
2,성산시영아파트 후문,마포구,643
2,성서대학교 밀알관,노원구,89
2,성수2가1동 공영주차장 인근,성동구,1747
2,성수사거리 버스정류장 앞,성동구,1147
2,성수아카데미타워 앞,성동구,1188
2,성수역 1번출구 주변,성동구,369
2,성수역 2번출구 앞,성동구,2065
2,성수역3번출구,성동구,2315
2,성신여대입구 교차로,성북구,334
2,성신여대입구역 3번출구 앞,성북구,525
2,성신여대입구역 5번출구,성북구,615
2,성원2차 아파트,양천구,444
2,성원APT버스정류소,도봉구,276
2,성지아파트 옆 도로변,금천구,71
2,세곡데이케어센터,강남구,96
2,세곡동 사거리(대왕초등학교 정류장),강남구,67
2,세곡동 성당,강남구,299
2,세곡사거리 대왕파출소 앞,강남구,32
2,세륜초등학교 건너편,송파구,77
2,세양청마루 101동 앞,송파구,372
2,세운상가,종로구,337
2,세운스퀘어 앞,종로구,451
2,세이브마트,관악구,744
2,세종그랑시아 앞(102동),양천구,505
2,세종대왕기념관 교차로,동대문구,200
2,세종대학교,광진구,43
2,세종대학교 대양AI센터,광진구,426
2,세종대학교(영실관),광진구,157
2,세종대학교(학술정보원),광진구,67
2,세종사이버대학교,광진구,1360
2,세화고등학교,서초구,83
2,센서텍㈜,강서구,815
2,센트럴 푸르지오 시티 앞,영등포구,883
2,센트럴파크타워 앞,용산구,550
2,솔리스타오피스텔(공덕동주민센터),마포구,387
2,솔밭공원역,강북구,111
2,솔밭공원역 1번출구 앞,강북구,186
2,솔밭공원역 1번출구 주변,강북구,234
2,솔브레인이엔지 뒤편,금천구,493
2,송도병원,중구,43
2,송이공원,송파구,229
2,송정역 1번출구,강서구,1109
2,송정역 3번출구 앞,강서구,665
2,송정중학교,강서구,529
2,송중초등학교 옆,강북구,260
2,송천동 주민센터,강북구,200
2,송천동우체국,강북구,146
2,송천센트레빌,강북구,110
2,송파 글마루 도서관,송파구,328
2,송파 레미니스1단지 102동 앞,송파구,476
2,송파 파인타운 11단지,송파구,257
2,송파구청,송파구,2939
2,송파구청 교차로,송파구,889
2,송파나루역 4번 출구옆,송파구,2070
2,송파도서관,송파구,368
2,송파레이크힐,송파구,133
2,송파레이크힐 상가,송파구,414
2,송파사거리,송파구,1191
2,송파소방서 (방이119안전센터),송파구,223
2,송파소방서 맞은편(성내4교),송파구,587
2,송파여성문화회관 앞,송파구,1211
2,송파여성축구장,송파구,223
2,송파역 2번 출구앞,송파구,624
2,송파역 4번출구,송파구,1224
2,송파중학교 정문,송파구,314
2,송파지역자활센터 뒤,송파구,1084
2,송파청소년센터,송파구,334
2,송파체육문화회관 앞,송파구,554
2,송파파인타운 10단지 1005동,송파구,143
2,송파파인타운 4단지 403동,송파구,214
2,송파파인타운 7단지,송파구,393
2,송파파크데일 1단지 115동 건너편,송파구,213
2,송파파크데일 2단지입구 앞 주차장,송파구,218
2,송파학사 옆,송파구,479
2,수궁동 성당 주변,구로구,204
2,수락리버시티4단지,노원구,274
2,수락산역 4번출구,노원구,444
2,수명산파크 4단지 411동 앞,강서구,683
2,수명산파크1단지교차로,강서구,1428
2,수명중?고교,강서구,614
2,수명초등학교,강서구,573
2,수색역,은평구,695
2,수서동 성당 맞은편,강남구,183
2,수서역 1번출구 앞,강남구,529
2,수서역 5번출구,강남구,1335
2,수서역 7번출구 앞,강남구,83
2,수연빌딩 앞,노원구,432
2,수유1동 주민센터,강북구,293
2,수유2동은행빌딩 앞,강북구,284
2,수유사거리,강북구,521
2,수유역2번출구,강북구,1229
2,수유중앙시장,강북구,449
2,수출의 다리 아래,금천구,311
2,수협 연남동지점,마포구,726
2,수협대치동지점,강남구,266
2,숙대입구역 4번출구,용산구,536
2,숙대입구역 8번,용산구,339
2,숙명여대 입구 교차로,용산구,608
2,숙명여대앞 버스정류소 주변,용산구,120
2,순천향대학병원(한남오거리),용산구,299
2,순흥안씨묘 건너편,금천구,26
2,숭실대 입구역3번 출구 앞,동작구,137
2,숭실대학교(중문),동작구,55
2,숭인2동 주민센터 입구,종로구,572
2,스타벅스(동교동) 앞,마포구,433
2,스타즈호텔독산 빌딩 앞,금천구,400
2,시립도봉노인복지관 버스정류소,도봉구,288
2,시립동부병원 앞 사거리,동대문구,1051
2,시립미술관,중구,415
2,시립창동운동장 입구,도봉구,70
2,시범아파트버스정류장 옆,영등포구,1516
2,시석빌딩 앞,마포구,287
2,시조사 앞,동대문구,536
2,시청역 10번출구,중구,285
2,시청역(2호선) 9번출구 뒤,중구,1347
2,시흥4동주민센터 앞,금천구,98
2,시흥사거리(시흥동 994-3 앞),금천구,350
2,신곡시장,양천구,585
2,신금호역 2번출구 앞,성동구,31
2,신금호파크자이APT앞,성동구,203
2,신길 래미안 프레비뉴,영등포구,271
2,신길동 우리은행 옆,영등포구,369
2,신길선원가와인아파트 앞,영등포구,507
2,신길역 2번출구,영등포구,793
2,신길역3번출구,영등포구,827
2,신길우성1차아파트 앞 공원,영등포구,345
2,신길우성4차아파트,영등포구,662
2,신길자이아파트,영등포구,360
2,신내 우디안 111동 앞,중랑구,115
2,신내2동 주민센터 앞,중랑구,322
2,신내SK V1센터 앞,중랑구,189
2,신내능말공원,중랑구,269
2,신내동 벽산아파트 후문 앞,중랑구,357
2,신내동 한살림 중랑지구 건너편,중랑구,151
2,신내동 한살림 중랑지구 앞,중랑구,310
2,신내어울공원 앞,중랑구,284
2,신내역 4번출구,중랑구,132
2,신내우디안아파트 1단지,중랑구,124
2,신논현역 4번출구,강남구,274
2,신논현타워 앞,서초구,269
2,신답역 사거리,동대문구,819
2,신당 래미안 버스정류장,중구,346
2,신당동주민센터앞,중구,763
2,신당역 10번 출구,중구,815
2,신당역 12번 출구 뒤,중구,1422
2,신대방삼거리,동작구,789
2,신대방삼거리역 6번출구쪽,동작구,1075
2,신대방역 2번 출구,관악구,2508
2,신도고등학교,은평구,109
2,신도림2차e편한세상아파트 203동 앞,구로구,484
2,신도림4차 e편한세상 아파트 1109동 앞,구로구,586
2,신도림7차e편한세상아파트 806동 앞,구로구,413
2,신도림동주민센터 앞,구로구,564
2,신도림쌍용플래티넘노블아파트 앞,구로구,862
2,신도림역 1번 출구 앞,구로구,2971
2,신도림테크노근린공원,구로구,2817
2,신도봉사거리 버스정류장,도봉구,275
2,신도중학교앞,은평구,133
2,신동아럭스빌아파트 앞,서초구,66
2,신동아아파트,영등포구,1002
2,신동아타워 버스정류소,도봉구,197
2,신림1교 교차로,관악구,651
2,"신림4,5동교",관악구,209
2,신림동 우방아파트,관악구,596
2,신림동걷고싶은문화의거리입구,관악구,608
2,신림푸르지오아파트,관악구,425
2,신마곡벽산블루밍메트로오피스텔앞,강서구,552
2,신목동역 2번 출구,양천구,1370
2,신목동역 3번출구,양천구,402
2,신반포역 2번출구 앞,서초구,211
2,신반포역 3번출구 뒤,서초구,138
2,신방화사거리,강서구,1399
2,신방화역 6번출구,강서구,758
2,신방화역 8번출구,강서구,706
2,신방화역환승주차장,강서구,1614
2,신봉천주유소 A,관악구,33
2,신봉천주유소 B,관악구,114
2,신사동 가로수길 입구,강남구,293
2,신사동 성당,은평구,124
2,신사동주민센터 옆,강남구,285
2,신사두산위브2차아파트 앞,은평구,575
2,신사로입구,관악구,750
2,신사스퀘어,강남구,113
2,신사역 4번출구 뒤,서초구,347
2,신석초교앞 교차로 교통섬,마포구,822
2,신설동역 10번출구 앞,동대문구,1052
2,신설동역 11번출구 뒤,종로구,861
2,신설동역8번출구,동대문구,600
2,신성기사식당 앞,마포구,274
2,신성미소지움아파트,중랑구,214
2,신세계면세점,중구,149
2,신세계백화점 본점 앞,중구,345
2,신세기아파트 앞,구로구,321
2,신수동 사거리,마포구,193
2,신수동주민센터,마포구,181
2,신양초교앞 교차로,광진구,316
2,신영동삼거리,종로구,35
2,신영동삼거리(북악터널방향),종로구,33
2,신용산역 1번 출구,용산구,729
2,신용산역 6번출구 앞,용산구,629
2,신용산지하차도 앞,용산구,348
2,신원리베르텔 앞,도봉구,420
2,신월6차보람아파트 앞,양천구,536
2,신월사거리,양천구,563
2,신월중학교,양천구,489
2,신응교(가좌로) 앞,은평구,512
2,신이문역 1번출구,동대문구,403
2,신이문역 2번출구,동대문구,339
2,신일해피트리아파트 앞,양천구,640
2,신자초교입구 교차로,광진구,1266
2,신정1동 주민센터 앞,양천구,1246
2,신정3동 현장민원실 앞,양천구,365
2,신정6동 주민센터 인근,양천구,800
2,신정교 하부,양천구,803
2,신정네거리역,양천구,410
2,신정네거리역 교차로,양천구,513
2,신정보도육교 아래,양천구,1526
2,신정숲속마을아파트,양천구,334
2,신정이펜하우스 1단지아파트 입구 사거리,양천구,323
2,신정이펜하우스314동,양천구,299
2,신정제일시장,양천구,400
2,신진과학기술고등학교 버스정류장(응암시장 방면),은평구,523
2,신진빌라,양천구,196
2,신창교,강북구,358
2,신창시장,도봉구,564
2,신창아파트 입구 앞,도봉구,121
2,신창중학교 후문 맞은편 버스정류장,노원구,356
2,신청담나들목,강남구,110
2,신촌 교보빌딩,마포구,151
2,신촌 청년주택,마포구,572
2,신촌 파랑고래 입구,서대문구,312
2,신촌기차역입구 교차로,서대문구,184
2,신촌동 제1공영주차장 앞,서대문구,301
2,신촌역 4번출구,서대문구,295
2,신촌역(2호선) 1번출구 옆,서대문구,522
2,신촌역(2호선) 6번출구 옆,마포구,360
2,신촌역(2호선) 7번출구 앞,마포구,766
2,신트리공원 입구,양천구,1443
2,신풍역 6번출구,영등포구,873
2,신한금융투자 앞,영등포구,1855
2,신한은행 대림동지점,영등포구,294
2,신한은행 시흥대로금융센터지점,금천구,87
2,심산기념문화센터,서초구,369
2,쌍문동 이안아파트 앞,도봉구,270
2,쌍문역 1번출구 주변,도봉구,500
2,쌍문역4번출구 주변,도봉구,461
2,쌍문현대1차아파트 108동 앞,도봉구,289
2,쌍용아파트2단지 정문,종로구,202
2,쌍용예가(구청별관),영등포구,488
2,쌍용플레티넘오피스텔,영등포구,674
2,아리랑시네센터 앞,성북구,285
2,아만티호텔 앞,마포구,224
2,아망떼마곡전시장,강서구,831
2,아메리칸센터,용산구,170
2,아산병원 기숙사 부근,송파구,1659
2,아시아선수촌아파트 교차로,송파구,230
2,아시아지하보도 14번 출구,송파구,906
2,아시아지하보도 2번 출구,송파구,513
2,아주중학교건너편,송파구,605
2,아차산 휴먼시아 아파트 옆,광진구,241
2,아차산역 3번출구,광진구,1052
2,아차산역4번출구,광진구,1079
2,아크로리버뷰 부지 앞,서초구,219
2,아크로타워 스퀘어(영등포시장),영등포구,1418
2,아현교회,마포구,81
2,아현문화건강센터,마포구,49
2,아현역 4번출구 앞,마포구,274
2,안골마을입구,서초구,10
2,안국동사거리(신),종로구,731
2,안국역 5번출구 앞,종로구,668
2,안산초등학교 앞,서대문구,81
2,안암2교 옆,성북구,818
2,안암골벽산아파트(후문),동대문구,399
2,안암로터리 버스정류장 앞,성북구,1855
2,안암역 3번 출구,성북구,246
2,안양천합수부(현대3차아파트),강서구,553
2,안천중학교,금천구,105
2,암사동 선사유적지,강동구,72
2,암사역 3번출구(국민은행앞),강동구,1307
2,암사정수센터교차로(강동롯데캐슬퍼스트아파트),강동구,184
2,압구정 한양 3차 아파트,강남구,194
2,압구정나들목,강남구,594
2,압구정로데오역 6번출구,강남구,324
2,압구정역 2번 출구 옆,강남구,742
2,압구정파출소 앞,강남구,554
2,앙카라공원 앞,영등포구,868
2,애오개역 4번출구 앞,마포구,635
2,앰배서더 호텔 주변,중구,193
2,약수동 주민센터,중구,63
2,약수역 10번출구 앞,중구,182
2,약수역 3번출구 뒤,중구,274
2,약수역 6번 출구,중구,208
2,양강중학교앞 교차로,양천구,402
2,양남사거리1,영등포구,328
2,양남사거리2,영등포구,412
2,양녕로 입구,관악구,532
2,양문교회 앞,동작구,360
2,양서중학교 옆,양천구,333
2,양원보도육교,양천구,97
2,양원역 1번 출구,중랑구,383
2,양원역 2번출구,중랑구,61
2,양원지구 힐데스하임 앞,중랑구,281
2,양재근린공원,서초구,626
2,양재동 꽃시장 건너편,서초구,250
2,양재동 꽃시장 입구,서초구,188
2,양재시민의숲역 1번출구,서초구,855
2,양재시민의숲역 3번출구,서초구,623
2,양재역 10번 출구 앞,서초구,332
2,양재역 3번출구 주변,강남구,487
2,양재역 8번출구 앞,서초구,389
2,양재이스타빌 앞,서초구,527
2,양재전화국 사거리,서초구,238
2,양재초등학교 맞은편,서초구,314
2,양지근린공원앞,노원구,495
2,양지사거리,성동구,582
2,양지사거리(센트라스APT 115동앞),성동구,90
2,양천 해누리타운,양천구,1373
2,양천공영차고지,양천구,104
2,"양천구청, 보건소 사잇길",양천구,2523
2,양천구청역 1번출구,양천구,564
2,양천구청역 2번출구 옆,양천구,1059
2,양천문화회관,양천구,930
2,양천아파트 입구,양천구,1335
2,양천해누리체육공원,양천구,199
2,양천향교역 7번출구앞,강서구,2040
2,양천향교역8번출구,강서구,885
2,양평1 보행육교 앞,영등포구,824
2,양평1나들목 보행통로 입구,영등포구,632
2,양평1동 YP센터 앞,영등포구,352
2,양평교 영등포대여소,영등포구,754
2,양평동6차현대아파트 앞,영등포구,1051
2,양평동성원아파트,영등포구,693
2,양평역 1번출구,영등포구,1368
2,양평역2번출구 뒤,영등포구,346
2,양평우림 이비즈센타 앞,영등포구,1078
2,어린이대공원역 2번출구,광진구,375
2,어린이대공원역 3번출구 앞,광진구,979
2,어린이대공원정문,광진구,262
2,어린이도서관,종로구,285
2,어린이회관,광진구,484
2,어울림병원 앞,영등포구,378
2,언남초등학교 앞,서초구,342
2,언주역 4번출구,강남구,184
2,언주초등학교 입구,강남구,265
2,에스테반,마포구,164
2,에이스 하드웨어(시흥대로 396) 앞,금천구,245
2,에이스에이존빌딩,관악구,324
2,에이스하이엔드타워8차 앞,금천구,591
2,에이스하이엔드타워9차 앞,금천구,407
2,엠펠리체 호텔 건너편,강서구,1016
2,여의나루역 1번출구 앞,영등포구,3040
2,여의도 마리나선착장 앞,영등포구,210
2,여의도 삼부아파트,영등포구,651
2,여의도 순복음교회,영등포구,116
2,여의도 은하아파트,영등포구,313
2,여의도고교 앞,영등포구,462
2,여의도역2번출구 앞,영등포구,527
2,여의도중학교 옆,영등포구,767
2,여의도초교 앞,영등포구,650
2,역삼1동 주민센터,강남구,520
2,역삼동 sk뷰 501동앞,강남구,203
2,역삼동 디오슈페리움 (우성아파트 사거리),강남구,460
2,역삼빌딩 앞(하나은행 옆),강남구,295
2,역삼월드메르디앙아파트 앞,강남구,207
2,역삼중학교 앞(체육관 방향),강남구,86
2,역촌 센트레빌 아파트,은평구,160
2,역촌센트레빌아파트 101동 앞,은평구,107
2,역촌종합시장 버스정류장(예일여고 방면),은평구,873
2,역촌파출소,은평구,1494
2,연가교 교차로,서대문구,315
2,연가초등학교 옆,서대문구,224
2,연남동주민센터 앞,마포구,1047
2,연대 대운동장 옆,서대문구,286
2,연서어린이공원,서대문구,373
2,연세강서빌딩,강서구,645
2,연세대 정문 건너편,서대문구,184
2,연세로 명물길,서대문구,346
2,연신내 선일하이츠빌 정류소,은평구,159
2,연신내역 1번 출구,은평구,433
2,연신내역 3번출구 인근,은평구,262
2,연신내역 4번출구,은평구,217
2,연신내역 5번출구,은평구,1099
2,연신초등학교옆 마을마당,은평구,92
2,연의근린공원 건너편,양천구,370
2,연해피빌 앞,노원구,386
2,연희 브라운스톤 아파트 앞,서대문구,853
2,연희IC 남측,서대문구,424
2,연희교차로 인근,서대문구,302
2,연희삼거리,서대문구,368
2,연희초등학교 앞,서대문구,209
2,연희파크푸르지오아파트 앞,서대문구,516
2,염곡동(염통골) 입구,서초구,31
2,염곡치안센터 건너편,서초구,60
2,염리초등학교 앞,마포구,404
2,염창동 새마을금고 건너편,강서구,397
2,염창동 한마음아파트 앞,강서구,655
2,염창역 1번 출구,강서구,970
2,"염창역 3, 4번 출구 사이",양천구,506
2,염천교사거리,중구,290
2,영도초등학교,양천구,1067
2,영동1교 (양재천근린공원),서초구,408
2,영동3교 북단(우성캐릭터 앞 보도),강남구,172
2,영동대교 북단,광진구,777
2,영동중앙교회 버스정류장,강남구,113
2,영등포 신세계백화점,영등포구,1980
2,영등포 푸르지오 아파트 A,영등포구,454
2,영등포 푸르지오 아파트 B,영등포구,620
2,영등포공원 분수대 앞,영등포구,134
2,영등포구민체육센터 앞,영등포구,893
2,영등포구청역 7번출구,영등포구,2892
2,영등포로터리,영등포구,744
2,영등포로터리2,영등포구,700
2,영등포삼환아파트 앞,영등포구,686
2,영등포시장역 포레나영등포,영등포구,1355
2,영등포역 1번출구,영등포구,1387
2,영등포역5번출구,영등포구,1817
2,영등포유통상가 사거리,영등포구,728
2,영등포전화국사거리 (서강어린이공원),영등포구,911
2,영등포청과시장 사거리,영등포구,649
2,영락고등학교,관악구,165
2,영문초등학교 사거리,영등포구,1846
2,영성빌딩(PAT),중랑구,398
2,영어마을 관악캠프,관악구,63
2,영일 어린이공원,영등포구,479
2,영파여고 앞,송파구,566
2,영휘원 교차로,동대문구,320
2,영희초교 사거리(래미안개포루체하임),강남구,333
2,예일여중,은평구,597
2,옛골 입구,서초구,28
2,오금공원 사거리,송파구,92
2,오금공원사거리2,송파구,154
2,오금동 대림아파트 정문,송파구,276
2,오금역 3번 출구 뒤,송파구,342
2,오금역 7번 출구 인근,송파구,475
2,오류동 계림웨스트밸리 앞,구로구,63
2,오류동 다숲오피스텔 앞,구로구,290
2,오류동역 2번출구,구로구,360
2,오류동역 맞은편,구로구,468
2,오륜사거리,송파구,321
2,오리로와 서해안도로 교차로 앞,구로구,204
2,오목교 동측 지하보도,영등포구,657
2,오목교역 3번출구,양천구,2278
2,오목교역 6번 출구,양천구,953
2,오목교역 7번출구 앞,양천구,1654
2,오목로 무중력지대 앞,양천구,193
2,오솔길공원,양천구,381
2,오정초교 앞 보도육교,구로구,87
2,옥수동성당 옆,성동구,58
2,옥수역 3번출구,성동구,1520
2,온곡초교 교차로,노원구,900
2,온수역 2번 출구 앞,구로구,170
2,온수역 북측,구로구,110
2,올림픽공원 남2문 앞,송파구,543
2,올림픽공원 북2문 A,송파구,660
2,올림픽공원 북2문 B,송파구,1183
2,올림픽공원 서1문 앞,송파구,346
2,올림픽공원 장미광장,송파구,270
2,올림픽공원사거리(선수촌아파트),송파구,577
2,올림픽공원역 1번출구 앞,송파구,902
2,올림픽공원역 3번출구,송파구,2051
2,올림픽기념 국민생활관 로터리,종로구,755
2,올림픽로 836(아리수로),강동구,226
2,올림픽선수기자촌아파트 123동 근처,송파구,228
2,올림픽선수촌아파트 136동 앞,송파구,253
2,올림픽훼미리아파트 112동 앞,송파구,445
2,왈도강서캠퍼스 앞,강서구,602
2,왕십리 자이아파트(101동 앞),성동구,15
2,왕십리KCC스위첸아파트,성동구,59
2,왕십리교회옆,성동구,1185
2,왕십리역 11번 출구 앞,성동구,690
2,왕십리역 4번 출구 건너편,성동구,833
2,왕십리자이아파트 후문(삼거리),성동구,119
2,외국어대 정문 앞,동대문구,1055
2,외대앞역 3번출구,동대문구,515
2,외대앞역 교차로,동대문구,500
2,용강동 주민센터 앞,마포구,584
2,용답동 우체국 주변,성동구,363
2,용답토속공원 앞,성동구,259
2,용두동 래미안허브리츠아파트 앞,동대문구,640
2,용두동 사거리,동대문구,932
2,용두롯데캐슬리치아파트 앞,동대문구,576
2,용두역 4번출구,동대문구,1172
2,용마복지센터 앞,중랑구,101
2,용마사거리,광진구,859
2,용마산역 1번출구,중랑구,168
2,용마지구대 A,중랑구,107
2,용마지구대 B,중랑구,264
2,용마한신아파트사거리,중랑구,118
2,용문2교 옆,성북구,670
2,용문사 버스정류장,강서구,505
2,용산 선인상가,용산구,238
2,용산 파크타워 앞,용산구,162
2,용산 푸르지오 파크타운 1단지 앞,용산구,134
2,용산공원갤러리앞,용산구,72
2,용산구꿈나무종합타운 앞,용산구,318
2,용산더프라임아파트 101동 앞,용산구,134
2,용산시티파크 101동 앞,용산구,152
2,용산역 맞은편,용산구,1296
2,용산전쟁기념관,용산구,90
2,용산중학교,용산구,423
2,용신동주민센터,동대문구,353
2,우국한마음 아파트 맞은편,서대문구,436
2,우리은행 방배동지점 앞,서초구,365
2,우리은행 시흥남자동화점 앞,금천구,199
2,우면산등산로 입구,서초구,50
2,우물골 근린공원,은평구,249
2,우성4차아파트,광진구,562
2,우성식품 앞,광진구,546
2,우성아파트 교차로,영등포구,459
2,우성아파트 앞,동작구,1081
2,우성아파트사거리 (기업은행앞),서초구,737
2,우솔초등학교 맞은편,서초구,55
2,우영테크노센터 앞,성동구,886
2,우이교 교차로,도봉구,484
2,우이동 먹거리마을,강북구,72
2,우이동길마을마당,강북구,388
2,우이천 창번교,강북구,227
2,우장산동 가곡어린이공원앞,강서구,1090
2,우장산역 1번출구옆(우장산아이파크105동앞),강서구,1005
2,우장산역 3번출구,강서구,747
2,우장산역 헤링턴타워 앞,강서구,619
2,우장초등학교 앞,강서구,834
2,원남동사거리,종로구,598
2,원당공원 앞,도봉구,436
2,원메디타운 앞,구로구,605
2,원묵고등학교,중랑구,538
2,원일교회,광진구,949
2,원자력 병원,노원구,192
2,원풍빌라앞,은평구,212
2,원효로2가 교차로,용산구,278
2,원효로다목적체육관 앞,용산구,224
2,월계 롯데캐슬아파트 뒤,노원구,223
2,월계 센트럴 아이파크,노원구,438
2,월계 청백1단지 아파트 정류장,노원구,249
2,월계1동주민센터 앞,노원구,253
2,월계2교 교차로,강북구,198
2,월계2교 버스정류장 앞,성북구,256
2,월계문화체육센터,노원구,76
2,월계역 1번 출구,노원구,310
2,월계중학교,노원구,158
2,월계초안아파트 1단지,노원구,200
2,월계프라자,노원구,340
2,월곡역 3번출구,성북구,990
2,월곡역 5번출구 앞,성북구,638
2,월곡역 입구 육교 밑,성북구,131
2,월드메르디앙 벤처센터 2차,금천구,508
2,월드컵경기장역 3번출구 옆,마포구,893
2,월드컵공원,마포구,669
2,월드컵파크 4단지,마포구,146
2,월정초 사거리,양천구,223
2,웨스틴 조선호텔,중구,233
2,웰니스센터(민방위교육장 앞),종로구,657
2,웰츠타워 오피스텔,광진구,708
2,위너스 스포츠클럽 골프연습장옆,금천구,230
2,위례 포레샤인 1809동 부근,송파구,202
2,위례22단지 2208동 다리앞,송파구,207
2,위례동주민센터,송파구,993
2,위례별 유치원 뒤,송파구,198
2,위례송파꿈에그린아파트24단지 앞 성벽 다리 밑,송파구,103
2,위례아이파크 101동 맞은편,송파구,183
2,위례중앙푸르지오 1단지 앞,송파구,484
2,위례중앙푸르지오 201동 앞,송파구,732
2,위례포레나송파,송파구,439
2,위례포레샤인 2310동 부근,송파구,232
2,위례포레샤인13단지,송파구,332
2,위례포레샤인18단지 1802동,송파구,112
2,위례포레샤인18단지 1812동,송파구,76
2,위례포레샤인아파트 정류장,송파구,355
2,윗반마을 입구,강남구,40
2,유니베라 앞,성동구,851
2,유스호스텔 앞,영등포구,536
2,유원목동아파트 103동 앞,양천구,1424
2,유진투자증권빌딩 앞,영등포구,1083
2,유한양행앞,동작구,646
2,육군사관학교  앞,노원구,538
2,윤선생빌딩(JYP사옥),강동구,1365
2,으뜸공원,양천구,332
2,은곡마을,강남구,122
2,은마아파트 입구 사거리,강남구,592
2,은마아파트입구 사거리(1),강남구,92
2,은천교회,관악구,379
2,은천교회 앞,관악구,573
2,은천로입구 가로공원,관악구,1146
2,은천삼거리,관악구,151
2,은천초등학교 육교,관악구,327
2,은천치안센터,관악구,515
2,은평 성모병원 사거리,은평구,202
2,은평 지웰테라스,은평구,22
2,은평구청 교차로,은평구,436
2,은평뉴타운 도서관,은평구,239
2,은평뉴타운 상림마을 13단지,은평구,73
2,은평뉴타운 아이파크,은평구,255
2,은평뉴타운 은뜨락아파트앞,은평구,259
2,은평뉴타운 푸르지오,은평구,338
2,은평뉴타운 힐데스하임,은평구,393
2,은평뉴타운구파발9단지,은평구,176
2,은평뉴타운폭포동 힐스테이트4단지,은평구,81
2,은평다목적체육관,은평구,198
2,은평서해그랑블아파트앞,은평구,178
2,은평세무서 버스정류장(은평구청 방면),은평구,603
2,은평역사한옥박물관,은평구,105
2,은평예술회관,은평구,481
2,은평평화공원(역촌역4번출구),은평구,793
2,은하수 공원,노원구,231
2,을지로2가 사거리 남측,중구,407
2,을지로2가 사거리 북측,중구,437
2,을지로3가역 3번출구,중구,691
2,을지로4가역 1번출구,중구,417
2,을지로4가역 9번출구,중구,914
2,을지로입구역 2번출구,중구,694
2,을지로입구역 4번출구 앞,중구,747
2,을지로입구역 8번출구,중구,318
2,을지로지하쇼핑센터,중구,303
2,응봉삼거리,성동구,259
2,응봉역 1번출구,성동구,1346
2,응봉현대아파트 정류소,성동구,139
2,응암2동주민센터 버스정류장(영락중학교 방면),은평구,203
2,응암시장교차로,은평구,872
2,응암역2번출구 국민은행 앞,은평구,1330
2,응암역3번 출구(서부경찰서 방면),은평구,129
2,응암오거리,은평구,954
2,의정관,영등포구,167
2,이대목동병원보도육교,양천구,547
2,이대서울병원,강서구,834
2,이대역 4번 출구,서대문구,206
2,이대역 5번출구,마포구,336
2,이랜드글로벌R&D센터,강서구,291
2,이마트 버스정류소 옆,성동구,1842
2,이마트 버스정류장(서부경찰서 방면),은평구,1018
2,이문e편한세상아파트 앞,동대문구,243
2,이문대성유니드아파트 앞,동대문구,306
2,이문동 쌍용아파트 정문,동대문구,376
2,이문삼익아파트 앞,동대문구,77
2,이수고가차도 남단,서초구,545
2,이수교차로,서초구,397
2,이수성결교회 옆,동작구,51
2,이수역 11번출구쪽,동작구,726
2,이수역 1번출구,서초구,815
2,이수역 4번 출구,서초구,643
2,이수역 6번출구 앞,서초구,306
2,이수역9번출구,동작구,469
2,이앤씨드림타워 앞,영등포구,1546
2,이좋은집오피스텔 앞,구로구,260
2,이촌1동 마을공원,용산구,172
2,이촌1동 주민센터 뒤,용산구,500
2,이촌2동 동원베네스트 아파트 앞,용산구,370
2,이촌역2번 출구,용산구,179
2,이촌역5번출구 앞,용산구,41
2,이태원관광특구 입구(용산구청방향),용산구,79
2,이태원관광특구입구A(녹사평역쪽),용산구,151
2,이태원로 255,용산구,56
2,이태원역 3번 출구,용산구,218
2,이태원지하보도,용산구,251
2,이투스교육 앞,서초구,145
2,이튼타워리버 2차,광진구,707
2,이화공영주차장,종로구,276
2,이화여대 인문관 인근,서대문구,101
2,이화여대 후문,서대문구,356
2,인덕대학교,노원구,263
2,인왕산 아이파크 정문,종로구,179
2,인재개발원 데이터센터,서초구,11
2,인재개발원 배움관,서초구,63
2,인헌초교,관악구,132
2,일동제약 사거리,서초구,344
2,일성아파트,종로구,108
2,일신초등학교 옆,성북구,126
2,일원1동 주민센터,강남구,406
2,일원1동주민센터앞 사거리,강남구,216
2,일원에코파크 앞(개포로 방면),강남구,164
2,일원에코파크 주차장,강남구,131
2,일원역 4~5번 출구 사이,강남구,215
2,임광빌딩 앞,서대문구,208
2,자곡사거리,강남구,517
2,자교교회 앞,종로구,580
2,자양(뚝섬한강공원)역 1번출구 앞,광진구,3328
2,자양2동 주민센터,광진구,649
2,자양나들목,광진구,937
2,자양사거리 광진아크로텔 앞,광진구,889
2,자양사거리(서원빌딩),광진구,1585
2,자양중앙나들목,광진구,610
2,자양한강도서관,광진구,824
2,잔디마을 마을버스 정류장,서초구,764
2,잠실 자전거 수리센터 앞,송파구,1309
2,잠실 파크리오 120동 앞,송파구,659
2,잠실3거리(갤러리아팰리스),송파구,611
2,잠실4동 주민센터 옆,송파구,853
2,잠실근린공원,송파구,937
2,잠실나들목,송파구,619
2,잠실나들목2(엘스아파트136동),송파구,266
2,잠실나들목4,송파구,596
2,잠실나들목5,송파구,160
2,잠실나들목6,송파구,188
2,잠실나루 나들목,송파구,578
2,잠실나루역 (2번 출구 쪽),송파구,1213
2,잠실나루역 고가하부,송파구,221
2,잠실나루역4번출구뒤,송파구,621
2,잠실대교북단 교차로,광진구,643
2,잠실새내역 1번출구,송파구,1124
2,잠실새내역 5번 출구 뒤,송파구,1605
2,잠실역 6번출구,송파구,932
2,잠실역 8번출구,송파구,1732
2,잠실주공 521동 건너편,송파구,1062
2,잠실주공5단지1,송파구,1064
2,잠실트리지움310동 옆,송파구,920
2,잠원역 3번-4번 출구사이,서초구,507
2,잣절보도육교 아래,양천구,244
2,장곡초등학교 앞,성북구,318
2,장로회신학대학교 주기철 기념관,광진구,26
2,장미원시장 건너편,강북구,324
2,장수공원,양천구,401
2,장승배기역 5번출구,동작구,738
2,장승배기역2번출구뒷편쪽,동작구,345
2,장안동 사거리,동대문구,1584
2,장안동근린공원 입구,동대문구,306
2,장안동삼거리 교통섬,동대문구,381
2,장안동위더스빌옆,동대문구,1361
2,장안중학교,중랑구,343
2,장안힐스테이트(아) 앞,동대문구,860
2,장위뉴타운 꿈에 숲 코오롱 하늘채 앞,성북구,474
2,장지공영차고지,송파구,143
2,장지역 1번출구,송파구,575
2,장충동먹자골목 앞,중구,303
2,장충체육관,중구,56
2,장한평역 3번출구,동대문구,2127
2,장한평역 8번 출구 앞,성동구,986
2,장훈고 앞,영등포구,214
2,재동초교 앞 삼거리,종로구,465
2,전농SK아파트 앞,동대문구,142
2,전농동 동아아파트 앞,동대문구,774
2,전농동 텃골공원,동대문구,365
2,전농사거리 교통섬,동대문구,490
2,전농삼성아파트,동대문구,119
2,전농초등학교 건너편,동대문구,207
2,전자랜드 본관 앞,용산구,422
2,정금마을 마을버스정류장,동작구,259
2,정동사거리,중구,522
2,정릉꿈에그린1단지 201동 앞,성북구,109
2,정릉도서관 앞,성북구,248
2,정릉역,성북구,294
2,정의여중고 버스정류소,도봉구,273
2,제2구민체육센타 앞,영등포구,1316
2,제각말푸르지오 5-1단지 아파트,은평구,120
2,제기2교,동대문구,654
2,제기동 현대아파트 앞,동대문구,125
2,제기동역 1번출구,동대문구,1057
2,제니스스포츠 앞,구로구,203
2,제일강산수산입구,도봉구,440
2,제일빌딩 앞,마포구,451
2,조계사앞사거리,종로구,735
2,조원동 강남힐병원,관악구,497
2,조원동 미성아파트,관악구,429
2,종각역 1번출구 앞,종로구,943
2,종각역 5번출구,종로구,798
2,종로2가 버스정류장 (종각방향),종로구,680
2,종로2가 사거리,종로구,673
2,종로3가역 15번출구 뒤,종로구,523
2,종로3가역 2번출구 뒤,종로구,633
2,종로3가역 8번출구,종로구,1196
2,종로4가 사거리,종로구,592
2,종로5가역 4번출구,종로구,610
2,종로6가역 버스정류장(동대문 방향),종로구,491
2,종로구청 옆,종로구,899
2,종로꽃시장 입구 옆,종로구,495
2,종로문화원 건너편,종로구,292
2,종로오가 지하쇼핑센터 14번출구,종로구,574
2,종로타워빌딩,종로구,655
2,종로플레이스,종로구,1273
2,종묘,종로구,352
2,종묘공영주차장 건너편,종로구,214
2,종암동 동덕여대 제2생활관 앞,성북구,734
2,종암박스파크,성북구,513
2,종암초등학교 뒤(새울센스빌),동대문구,171
2,종합운동장역 4번출구,송파구,496
2,주공14단지,금천구,121
2,주공601동 상가 노원지하보도 앞,노원구,773
2,주식회사 오뚜기 정문 앞,강남구,324
2,주원 리젠트 앞,강서구,336
2,주홍교 하부,서초구,98
2,준빌딩 앞,은평구,117
2,중계 롯데마트,노원구,738
2,중계2차 한화꿈에그린 101동 인근,노원구,426
2,중계3차청구아파트,노원구,620
2,중계구민체육센터,노원구,401
2,중계근린공원내,노원구,1208
2,중계동 성모빌딩 앞,노원구,758
2,중계동 을지중학교,노원구,360
2,중계동 하나프라자빌딩 앞(중1-1),노원구,853
2,중계본동 입구,노원구,95
2,중계역 2번출구,노원구,1114
2,중계역 3번출구,노원구,771
2,중계역 6번출구,노원구,818
2,중계종합사회복지관 교차로,노원구,266
2,중계주공2단지 앞,노원구,285
2,중계중학교,노원구,793
2,중곡 성원아파트 앞,광진구,444
2,중곡SK아파트앞,광진구,253
2,중곡동 파크웨이빌딩,광진구,482
2,중곡역 1번출구,광진구,472
2,중대후문 마을버스정류장,동작구,185
2,중랑공영차고지 옆,중랑구,441
2,중랑교사거리,동대문구,540
2,중랑구민회관,중랑구,114
2,중랑구청,중랑구,530
2,중랑구청 사거리,중랑구,599
2,중랑구청 중화동 별관 앞,중랑구,803
2,중랑데시앙플렉스 앞,중랑구,234
2,중랑물재생센터(서울새활용플라자),성동구,252
2,중랑세무서,중랑구,785
2,중랑역 1번 출구(중화문화복지센터),중랑구,395
2,중랑전화국 교차로,중랑구,752
2,중랑천 뚝방길 산책로 입구,광진구,458
2,중랑캠핑숲,중랑구,69
2,중림동삼거리,중구,115
2,중부경찰서앞 사거리,중구,176
2,중부경찰서앞사거리 건너편,중구,150
2,중부세무서 앞,중구,72
2,중앙고입구 삼거리,종로구,190
2,중앙근린공원,서대문구,519
2,중앙농협(자양동),광진구,998
2,중앙대학교 정문 1,동작구,127
2,중앙대학교 중앙광장,동작구,38
2,중앙동 동진빌딩,관악구,355
2,중앙보훈병원역 1번출구,강동구,171
2,중앙보훈병원역3번출구,강동구,113
2,중앙유통단지 앞,구로구,371
2,중앙유통단지 앞 B,구로구,271
2,중앙일보,중구,108
2,중앙하이츠 아파트 입구,노원구,855
2,중화동 우리은행 앞,중랑구,385
2,중화빌딩 앞 (동부시장),중랑구,336
2,중화수경공원,중랑구,321
2,중화역 2번출구,중랑구,535
2,중화역 4번출구,중랑구,362
2,증권거래소후문교차로,영등포구,771
2,증미역 2번출구,강서구,746
2,증미역 3번출구뒤(등촌두산위브센티움오피스텔),강서구,1163
2,증산2교,서대문구,797
2,증산3교 앞,서대문구,735
2,증산교 앞,서대문구,679
2,증산역 4번출구,은평구,652
2,진관고등학교앞,은평구,211
2,진관동 은빛초등학교,은평구,170
2,진미파라곤 앞,영등포구,593
2,진주아파트상가 앞,영등포구,476
2,참새공원(백곡경노당),구로구,125
2,창1동주민센터,도봉구,277
2,창경궁 입구,종로구,325
2,창동 주공 4단지 입구 옆,도봉구,391
2,창동19단지아파트 관리사무소앞,도봉구,496
2,창동동아청솔정문 건너편,도봉구,207
2,창동시장입구 사거리,도봉구,357
2,창동역 1번출구 건너편,도봉구,349
2,창동역 1번출구 앞,도봉구,1232
2,창동역 2번출구,도봉구,1565
2,창동주공17단지 상가앞,도봉구,669
2,창동주공19단지앞,도봉구,540
2,창동청소년수련관,도봉구,253
2,창동한신아파트 버스정류소,도봉구,379
2,창신3동주민센터,종로구,618
2,창신두산아파트,종로구,75
2,창신역 1번출구 앞,종로구,317
2,창신역2번 출구,종로구,101
2,창원초등학교 교차로,도봉구,352
2,창포원 남쪽 입구,도봉구,242
2,천동초교 삼거리,강동구,506
2,천동초교입구사거리 버스정류장(십자성마을 방면),강동구,684
2,천왕역 1번 출입구 앞,구로구,1079
2,천왕역 4번출구 뒤,구로구,622
2,천왕연지타운2단지 앞,구로구,529
2,천왕이펜하우스 4단지 후문,구로구,97
2,천왕이펜하우스3단지 앞,구로구,143
2,천왕이펜하우스5단지 앞,구로구,74
2,천왕지구삼거리 앞,구로구,299
2,천왕차량사업소 입구,구로구,313
2,천일초교 사거리,강동구,344
2,천주교 대치 2동 교회 옆,강남구,447
2,천지인 오피스텔 앞,종로구,49
2,천호시장 버스정류소 옆,강동구,183
2,천호역 10번 출구 앞,송파구,1336
2,천호역4번출구(현대백화점),강동구,2015
2,천호역효성해링턴타워 앞,강동구,585
2,천호지하주차장 5번 출입구,강동구,505
2,천호초교 입구 사거리(일주빌딩),강동구,445
2,청계2가 사거리 옆,종로구,555
2,청계3가 사거리,종로구,463
2,청계8가 사거리 B,성동구,1071
2,청계8가사거리 A,종로구,871
2,청계9가교차로 앞,동대문구,1220
2,청계광장 옆,중구,621
2,청계벽산아파트 앞,성동구,731
2,청계산 입구 삼거리,서초구,45
2,청계산입구역 1번출구,서초구,553
2,청계산입구역 2번출구,서초구,84
2,청계천 박물관 앞,성동구,338
2,청계천 생태교실 앞,성동구,1477
2,청계천 영도교,중구,1610
2,청계한신휴플러스앞 삼거리,동대문구,589
2,청구e편한세상아파트 113동 앞,중구,305
2,청구성심병원 앞,은평구,271
2,청구아파트 앞,구로구,453
2,청기와빌딩,양천구,327
2,청년주택 독산동점,금천구,179
2,청년취업사관학교앞,금천구,215
2,청담공원앞 교차로,강남구,274
2,청담나들목입구,강남구,143
2,청담동 맥도날드 옆(위치),강남구,166
2,청담사거리(신한오피스텔빌딩 앞),강남구,141
2,청담역 11번 출구,강남구,12
2,청담역 13번 출구 앞,강남구,158
2,청담역 1번출구,강남구,109
2,청담역 2번출구,강남구,71
2,청담역(우리들병원 앞),강남구,124
2,청량리 기업은행 앞,동대문구,1237
2,청량차도 육교 밑,동대문구,241
2,청소년수련관 후문,노원구,1536
2,청소년수련관(수영장)앞,강남구,151
2,청솔우성아파트 앞,동대문구,518
2,청암예술학교 앞,노원구,701
2,청암자이아파트 앞,용산구,441
2,청와대앞길,종로구,137
2,청운초교 앞 삼거리,종로구,333
2,청파동삼거리 앞,용산구,261
2,청파동입구 교차로,용산구,380
2,초롱타운 앞,구로구,123
2,초원아파트 앞,영등포구,361
2,총신대 앞(육교),동작구,63
2,충무로역 1번출구,중구,464
2,충무로역 6번출구 앞,중구,419
2,충북 미래관,영등포구,1158
2,충정2교,서대문구,338
2,충정로역 1번 출구,서대문구,179
2,충정로역 2호선(엘리베이터 앞),중구,226
2,충정로역 3번 출구,서대문구,127
2,충정로역 7번출구 아래,서대문구,320
2,커먼그라운드,광진구,1475
2,코레일유통본사,영등포구,636
2,코스트코 상봉점,중랑구,740
2,코오롱One&Only타워,강서구,1123
2,코오롱디지털타워 3차앞,성동구,890
2,코오롱아파트사거리,마포구,1234
2,코오롱테크노밸리,금천구,161
2,콤텍시스템 앞,영등포구,356
2,크라운호텔앞 버스정류소,용산구,208
2,크린랩 본사,강남구,91
2,탄천1교 하부보도,송파구,300
2,탑골공원 앞,종로구,484
2,탑성마을 버스정거장 옆,서초구,8
2,탑성마을입구,서초구,13
2,태릉입구역 3번출구,노원구,432
2,태릉입구역 5번출구,노원구,1288
2,태릉입구역 8번출구,노원구,840
2,태평양물산,구로구,1292
2,테라타워2,송파구,1153
2,테크노마트 앞,구로구,952
2,퇴계로4가 교차로(중구청),중구,677
2,트레빌빌딩,강동구,663
2,파르코 앞,노원구,163
2,파크타워 104동 앞,용산구,97
2,파크팰리스,종로구,533
2,페코텍글로벌허브빌딩 앞,성동구,1363
2,평생학습관 앞,은평구,560
2,평창동주민센터 앞,종로구,73
2,평화도봉공원 주변,도봉구,395
2,포레나 당산,영등포구,355
2,포레스 주상복합 빌딩,강동구,650
2,포르투갈 대사관 앞,종로구,473
2,포스코사거리 서측(수협 삼성동 지점),강남구,333
2,포스코사거리(기업은행),강남구,669
2,포스코피앤에스타워 (역삼역 3번출구 부근),강남구,460
2,폭포동입구 교차로,은평구,107
2,푸르메병원,마포구,674
2,푸조비즈타워 앞,성동구,1025
2,풍납근린공원,송파구,362
2,풍납동 아이파크 107동 앞,송파구,569
2,풍납백제문화공원 옆 인근,송파구,1097
2,풍납사거리 성내유수지,송파구,365
2,풍납사거리(강동),강동구,650
2,풍납중학교 측면,송파구,221
2,풍납토성 서성벽터A,송파구,427
2,풍납토성 서성벽터B,송파구,219
2,풍납현대아파트쉼터,송파구,984
2,풍전아파트 건너편,용산구,342
2,프라이어팰리스아파트,강동구,301
2,프라자 아파트 앞,강동구,364
2,프런트원(공덕역4번출구 앞),마포구,347
2,필동 삼거리,중구,369
2,하계 어린이 공원,노원구,738
2,하계2동 공항버스정류장 옆,노원구,813
2,하계동 중평어린이공원 앞,노원구,849
2,하계역 6번출구,노원구,551
2,하늘공원 입구,마포구,202
2,하늘숲초등학교 앞,구로구,347
2,하늘채코오롱아파트 건너편,마포구,1000
2,하얏트호텔 앞,용산구,56
2,하우스디세종타워 앞,성동구,481
2,하이투자증권 앞,영등포구,523
2,학동로 래미안 아파트 앞,강남구,74
2,학동역,강남구,209
2,학여울역 사거리,강남구,171
2,학여울역 사거리(LG베스트샵 앞),강남구,405
2,학여울역사거리(은마아파트),강남구,82
2,한가람미술관 앞,서초구,113
2,한강 현대아파트 건너편,동작구,15
2,한강GS에클라트 건너편 교통섬,용산구,263
2,한강공원 망원나들목,마포구,2701
2,한강대교 북단 교차로,용산구,712
2,한강버스 마곡 선착장,강서구,164
2,한강아파트,강서구,656
2,한강중학교 앞 버스정류장,용산구,137
2,한강진역 2번 출구 앞,용산구,157
2,한강초교보도육교 앞,용산구,272
2,한강트럼프월드3차 앞,용산구,378
2,한국SGI 양천문화회관 앞,양천구,465
2,한국과학기술연구원 북문,성북구,91
2,한국과학기술연구원 중문,성북구,99
2,한국국방연구원 앞,동대문구,453
2,한국우편사업진흥원,강남구,117
2,한국은행,중구,104
2,한국전력 구로금천지사 앞,금천구,332
2,한국전력공사(동대문 중랑지사),중랑구,418
2,한국종합기술사옥 앞,강동구,867
2,한국지역난방공사강남지사,강남구,189
2,한국체육대학교,송파구,181
2,한남 유수지 복개주차장,용산구,311
2,한남나들목 입구,용산구,426
2,한남나인원 105동 앞,용산구,137
2,한남초교 앞 보도육교,용산구,36
2,한내 행복발전소 옆,노원구,1248
2,한내근린공원 남측,노원구,355
2,한내근린공원 북측,노원구,484
2,한림대학교 강남성심병원 신관,영등포구,587
2,한림연예예술고등학교,송파구,366
2,한마을아파트 정문상가,구로구,597
2,한사랑교회 앞,양천구,441
2,한성대7번출구 앞,성북구,244
2,한성대입구역2번출구,성북구,612
2,한성대입구역6번출구 뒤,성북구,377
2,한성백제역 1번출구 뒤,송파구,1136
2,한성백제역 2번 출구,송파구,1007
2,한신16차아파트 119동 앞,서초구,1073
2,한신아파트 앞 육교 아래,금천구,242
2,한신코아 앞,금천구,174
2,한신휴아파트 앞,구로구,642
2,한양3차아파트 3동 앞,송파구,135
2,한양대병원사거리,성동구,613
2,한양대역 1번출구,성동구,309
2,한양대역 3번 출구,성동구,550
2,한양대후문역 부근,성동구,555
2,한양수자인아파트 앞,중랑구,238
2,한영외국어고등학교,강동구,76
2,한영중고앞사거리,강동구,178
2,한울중학교,금천구,101
2,한일유앤아이아파트 105동 인근,노원구,460
2,한전아트센터 앞,서초구,395
2,한진아파트 입구,구로구,367
2,한천교 동편,노원구,411
2,한티역 3번출구,강남구,181
2,한티역 6번 출구,강남구,285
2,한티역 롯데백화점 앞,강남구,476
2,한화오벨리스크 앞,마포구,327
2,함지박 사거리,서초구,327
2,합정동주민센터 앞,마포구,1089
2,합정역 1번출구 앞,마포구,669
2,합정역 5번출구 앞,마포구,340
2,합정역 7번출구 앞,마포구,936
2,항동지구 10단지 1001동 앞,구로구,61
2,항동지구 11단지 1103동 앞,구로구,41
2,항동지구 1단지 105동 앞,구로구,103
2,항동지구 2단지 202동 앞,구로구,92
2,항동지구 3단지 302동 앞,구로구,12
2,항동지구 3단지 311동 앞,구로구,36
2,항동지구 4단지 입구,구로구,49
2,항동지구 6단지 602동 앞,구로구,89
2,항동지구 7단지 정문,구로구,225
2,항동지구 8단지 803동옆(주차장입구),구로구,63
2,항동지구5단지 501동 앞,구로구,49
2,항동프라자,구로구,179
2,항동하버리안2단지아파트 후문,구로구,46
2,해공공원(천호동),강동구,755
2,해공도서관앞,강동구,367
2,해담는다리,서대문구,994
2,해뜨는 주유소옆 리엔파크 109동앞,강동구,257
2,해원리바파크 육교 밑,구로구,673
2,행당동 삼부APT후문,성동구,97
2,행당역 2번출구 앞,성동구,303
2,행당중학교 후문,성동구,242
2,허준박물관삼거리,강서구,487
2,헬리오시티 112동 앞,송파구,431
2,헬스케어,노원구,564
2,현대 뜨레비앙 아파트 앞,종로구,584
2,현대 안성타워,용산구,208
2,현대6차 아파트,노원구,688
2,현대6차아파트 101동 옆,양천구,309
2,현대고등학교 건너편,강남구,567
2,현대그룹(본사),종로구,453
2,현대백화점 미아점,성북구,291
2,현대벤처빌 앞,마포구,166
2,현대성우아파트 옆,강북구,151
2,현대시장사거리,관악구,689
2,현대시티아울렛 가산,금천구,590
2,현대아파트 앞,구로구,193
2,현대아파트 정문 앞,강남구,252
2,현대자동차 동부서비스센터 주변,성동구,539
2,현대자동차서비스 앞,용산구,289
2,현대하이페리온,양천구,1198
2,현대홈타운 뒷길,광진구,146
2,혜명양로원 담장 옆(2),금천구,154
2,혜화동 로터리,종로구,575
2,혜화역 1번출구,종로구,896
2,혜화역 3번출구 뒤,종로구,634
2,호돌이공원,강서구,199
2,호돌이상가,송파구,288
2,호반써밋,송파구,394
2,호암아트홀,중구,100
2,홈플러스 금천점 앞,금천구,367
2,홈플러스 마포점 앞,마포구,1150
2,홈플러스 면목점,중랑구,278
2,홈플러스 상봉점 앞,중랑구,431
2,홈플러스 시흥점 맞은편 다비치안경 앞,금천구,331
2,홈플러스 신내점 앞,중랑구,950
2,홈플러스 잠실점,송파구,786
2,홈플러스(강서점),강서구,1161
2,홍남교 버스정류장,서대문구,255
2,홍남교 사거리,서대문구,405
2,홍대입구역 2번출구 앞,마포구,2302
2,홍대입구역 3번출구,마포구,1624
2,홍대입구역 6번출구,마포구,797
2,홍대입구역 8번출구 앞,마포구,917
2,홍대입구역 사거리,마포구,748
2,홍련봉 공원,광진구,205
2,홍연2교 사거리,서대문구,155
2,홍연2교옆,서대문구,476
2,홍은 현대아이파크 아파트 202동 앞,서대문구,275
2,홍은2파출소 옆,서대문구,246
2,홍은도담도서관,서대문구,242
2,홍은동 정원여중 입구,서대문구,312
2,홍은사거리,서대문구,1129
2,홍은센트레빌 아파트 앞,서대문구,169
2,홍익병원앞 교차로,양천구,881
2,홍익중고 입구,성북구,423
2,홍제교,서대문구,186
2,홍제삼거리 북측,서대문구,373
2,화곡2동주민센터,강서구,420
2,화곡로 입구 교차로,양천구,143
2,화곡본동시장 버스정류장,강서구,254
2,화곡본동시장 입구,강서구,331
2,화곡역 1번 출구 앞,강서구,847
2,화곡역 6번출구,강서구,713
2,화곡역 버스정류장,강서구,867
2,화곡터널입구교차로,강서구,540
2,화랑대역 2번출구 앞,노원구,1014
2,화랑대역 7번출구,중랑구,468
2,화양 APT(횡단보도 옆),광진구,1662
2,화양동 우체국,광진구,938
2,화양사거리,광진구,359
2,황금내근린공원,강서구,785
2,황학동롯데캐슬,중구,951
2,회기역 2-①번출구,동대문구,829
2,회현사거리 남측,중구,319
2,회현역 1번출구,중구,188
2,회현역 7번출구,중구,190
2,효성인텔리안 앞,강북구,608
2,효자동 삼거리,종로구,440
2,효창 푸르지오 앞,용산구,159
2,효창공원앞역 3번출구 앞,용산구,701
2,효창공원앞역 5번출구 옆,용산구,119
2,효창동주민센터 앞,용산구,165
2,훈련원공원주차장 앞,중구,620
2,휘경119안전센터 앞,동대문구,323
2,휘경1동주민센터 앞,동대문구,371
2,휘경2동 주민센터,동대문구,184
2,휘경sk뷰아파트 앞,동대문구,238
2,휘경여중고삼거리,동대문구,490
2,휘문고교 사거리,강남구,118
2,휘봉고등학교 앞,동대문구,382
2,휴플러스 수락한신아파트 101동 앞,노원구,217
2,흑석 아크로리버하임(103동),동작구,34
2,흑석동주민센터 입구,동작구,88
2,흑석동효사정앞,동작구,92
2,흑석롯데캐슬에듀포레(107동),동작구,120
2,흑석역 1번출구,동작구,620
2,흑석역 4번출구,동작구,178
2,흑석한강푸르지오 106동앞,동작구,25
2,흑석한강푸르지오(110동),동작구,56
2,흥국사 정류장,은평구,36
2,희성오피앙,노원구,431
2,희훈타워빌 앞,구로구,748
2,힐스테이트에코,강서구,1365
2,힐스테이트창경궁 아파트 앞,종로구,424
2,힐스테이트클래시안아파트,영등포구,533
3,(시립)고덕평생학습관,강동구,431
3,(재)FITI시험연구원,강서구,1192
3,3호선 매봉역 3번출구앞,강남구,1156
3,419민주묘지 입구사거리,강북구,495
3,419민주묘지역,강북구,550
3,419민주묘지역 1번출구,강북구,725
3,419탑 앞,강북구,393
3,"500번,507번 버스 종점 앞",금천구,215
3,63스퀘어,영등포구,1768
3,7호선 이수역7번출구,동작구,706
3,9호선종합운동장역 9번출구,송파구,914
3,AS센터,성동구,10
3,CBS방송국 앞,양천구,3302
3,CJ 드림시티,은평구,2760
3,CJ오쇼핑앞,서초구,108
3,CJ제일제당 앞,중구,1090
3,DDP 패션몰,중구,1028
3,DMC래미안e편한세상203동옆,서대문구,404
3,DMC빌 앞,마포구,585
3,DMC산학협력연구센터 앞,마포구,1047
3,DMC엘가아파트 앞,서대문구,872
3,DMC역 2번출구 옆,마포구,1606
3,DMC역 5번 출구(수색역 방향),은평구,1048
3,DMC역 9번출구 앞,마포구,1988
3,DMC역7번출구,마포구,503
3,DMC첨단산업센터,마포구,449
3,DMC파크뷰자이1단지 110동 앞,서대문구,617
3,DMC파크뷰자이아파트 302동 앞,서대문구,742
3,DMC홍보관,마포구,1071
3,ESA아파트 상가 앞,도봉구,833
3,FITI시험연구원 앞,동대문구,528
3,HID 유족동지회 앞,용산구,89
3,HW컨벤션센터 앞,종로구,139
3,H비즈니스파크,송파구,1229
3,IBK기업은행 석수역 지점 앞,금천구,158
3,JK장평타워,관악구,114
3,JTBC 앞,마포구,794
3,JW타워,서초구,140
3,K&S빌딩 앞,광진구,1663
3,K+ 타워 앞,강남구,495
3,KAIST 경영대학 앞,동대문구,1025
3,KBS 스포츠월드,강서구,1759
3,KBS 앞,영등포구,2217
3,KBS 연구동 건너편,영등포구,542
3,KB국민은행 염창역 지점 앞,양천구,957
3,KCC용산웰츠(WELLTZ)타워,용산구,393
3,KEB 하나금융그룹 명동사옥 옆,중구,847
3,KEB은행 고대점,성북구,1221
3,KG타워 앞,중구,736
3,KRX한국거래소(1),영등포구,512
3,KT 서초지사 앞,서초구,235
3,KT 전화국 버스정류장 옆,노원구,2780
3,KT&G 관악지점,관악구,390
3,KT&G강동지사,강동구,803
3,KT&G타워 옆(상상마당 대치아트홀),강남구,369
3,KT관악지점,관악구,613
3,KT선릉타워,강남구,699
3,KT앞,영등포구,2058
3,KT플라자 영등포점,영등포구,1353
3,KT혜화지사 앞,종로구,961
3,LG CNS앞,마포구,869
3,LG 사이언스파크,강서구,676
3,LG사이언스파크 E10동,강서구,1067
3,LG유플러스 (방배사옥),서초구,93
3,LG유플러스 마곡사옥,강서구,2548
3,LG전자 별관동(호서대 벤처타워 맞은편),금천구,556
3,LG전자가산A와 가산테라타워 사이,금천구,54
3,LG한강 자이아파트 앞,용산구,1046
3,LH 서초 4단지 403동,서초구,442
3,LH서초3단지 301동 맞은편,서초구,288
3,LIGA 아파트 앞,강동구,1896
3,LIG강촌아파트 103동앞,용산구,836
3,MBC 앞,마포구,541
3,MCM 본사 직영점 앞,강남구,267
3,NH농협은행 앞,영등포구,2236
3,SBS방송국,양천구,1632
3,SB타워 앞,강남구,196
3,SC제일은행 양재동지점 앞,서초구,355
3,SK 남산빌딩,중구,205
3,SK 서린빌딩 앞,종로구,1270
3,SK리쳄블(서울아리수본부),서대문구,404
3,SPC 앞,서초구,538
3,SSTS 몰 앞,강동구,548
3,STX V타워,금천구,444
3,U레지던스 앞,영등포구,744
3,W컨템포오피스텔앞,금천구,218
3,e 편한세상 보문아파트 내,성북구,245
3,e편한세상 상도노빌리티 앞,동작구,511
3,e편한세상 신촌4단지 앞,서대문구,596
3,kt 행당빌딩 앞,성동구,735
3,sk신내 주유소앞(용마산로),중랑구,113
3,가든파이브 리빙관,송파구,302
3,가락1동주민센터,송파구,879
3,가락2동주민센터 인근,송파구,573
3,가락고등학교 앞,송파구,308
3,가락대림아파트 앞,송파구,795
3,가락몰 업무동,송파구,989
3,가락미륭아파트 앞,송파구,383
3,가락삼환아파트 앞,송파구,447
3,가락시장 남1문 사거리,송파구,540
3,가락시장역 2번 출구,송파구,1018
3,가락시장역 3번 출구,송파구,1759
3,가락시장역 사거리,송파구,1082
3,가락쌍용2차아파트 103동,송파구,615
3,가락종합 사회복지관,송파구,387
3,가락중학교 앞,송파구,530
3,가락현대 1차 11동 앞,송파구,312
3,가로공원공영주차장 1번 출구,강서구,1042
3,가리봉동주민센터,구로구,1035
3,가마산지하보도 옆,구로구,382
3,가산동 주민센터,금천구,992
3,가산디지털단지 9번출구 인근,금천구,2133
3,가산롯데아이티캐슬,금천구,806
3,가산아네스트 오피스텔 앞,금천구,546
3,가양3동 주민센터,강서구,896
3,가양레포츠센터 앞,강서구,1038
3,가양역 1번출구,강서구,1852
3,가양역 7번출구,강서구,2557
3,가양역 8번출구,강서구,2946
3,가양오토갤러리,강서구,731
3,가양테크노타운,강서구,488
3,가오리역,강북구,725
3,가온문화공원,마포구,1102
3,가재울 초등학교,서대문구,1017
3,가재울사거리,서대문구,478
3,가좌삼거리,서대문구,906
3,가좌역 4번출구 앞,서대문구,1136
3,가좌역1 번출구 앞,마포구,1050
3,가좌행복주택 앞,마포구,962
3,갈산문화예술센터,양천구,956
3,갈현1동 주민센터,은평구,299
3,갑을그레이트밸리 앞,금천구,563
3,강남 을지병원 교차로,강남구,262
3,강남경찰서,강남구,1035
3,강남구 도시관리공단,강남구,340
3,강남구청,강남구,311
3,강남구청역 2번출구 뒤,강남구,312
3,강남세브란스교차로  래미안그레이튼 104동 앞,강남구,226
3,강남자곡힐스테이트,강남구,478
3,강남중학교 앞,동작구,973
3,강남파이낸스센터앞(역삼역2번출구),강남구,381
3,강남한신휴플러스 6단지,강남구,457
3,강남한양수자인아파트,강남구,518
3,강동 한신휴플러스,강동구,1539
3,강동경찰서,강동구,283
3,강동경희대학교병원 입구,강동구,276
3,강동구음식물재활용센터,강동구,25
3,강동구청 앞,강동구,2660
3,강동구청역 1번 출입구,강동구,1473
3,강동농협 버스정류소 앞(광채빌라),강동구,611
3,강동롯데캐슬퍼스트 아파트(관리동),강동구,508
3,강동리버스트4단지아파트 404동 앞,강동구,324
3,강동리버스트4단지아파트 405동 앞,강동구,262
3,강동리버스트6단지,강동구,338
3,강동리버스트7단지,강동구,358
3,강동리버스트8단지,강동구,388
3,강동리엔파크 13단지(1303동 앞),강동구,531
3,강동리엔파크14단지(1401동 앞),강동구,510
3,강동리엔파크9단지,강동구,466
3,강동세무서,강동구,1803
3,강동역 1번출구 앞,강동구,1269
3,강동역3번출구,강동구,2260
3,강변그대가리버뷰 입구 맞은편,강동구,933
3,강변삼성래미안,영등포구,1040
3,강변삼성스위트아파트 앞,용산구,316
3,강변아파트 310동 앞,강서구,551
3,강변역 4번출구 뒤,광진구,1210
3,강북 청소년 문화정보도서관 앞,강북구,168
3,강북구청 뒷편,강북구,292
3,강북구청 사거리 버스정류소 앞,강북구,789
3,강북구청사거리,강북구,1076
3,강북구청사거리(수유역 8번출구),강북구,1710
3,강북문화예술회관,강북구,904
3,강북문화정보도서관,강북구,278
3,강북종합시장 앞,강북구,603
3,강북중학교 앞,강북구,1271
3,강서공업고등학교 앞,강서구,722
3,강서구립등빛도서관,강서구,3017
3,강서구민올림픽체육센터,강서구,1387
3,강서구보건소,강서구,726
3,강서구의회,강서구,1578
3,강서구청,강서구,1950
3,강서구청사거리(SH타워),강서구,2109
3,강서구청사거리(부민병원),강서구,947
3,강서대학교,강서구,439
3,강서면허시험장 앞,강서구,223
3,강서문화센터,강서구,218
3,강서세무서 앞,강서구,1979
3,강서수도사업소민원센터,구로구,924
3,강서수산물도매시장,강서구,581
3,강서아동복지센터,강서구,110
3,강서우체국,강서구,904
3,강서초등학교,양천구,335
3,강서한강자이타워 앞,강서구,2292
3,강서힐스테이트 상가 앞,강서구,714
3,강월초교입구 사거리,양천구,462
3,강일 다솜 어린이 공원,강동구,175
3,강일동 리슈빌 빌딩앞,강동구,897
3,강일동입구교차로,강동구,237
3,강일리버파크 10단지,강동구,418
3,강일리버파크 2~5단지,강동구,493
3,강일리버파크 6단지,강동구,147
3,강일리버파크 7~11단지,강동구,398
3,강일역 3번출구,강동구,589
3,강일역 4번출구,강동구,247
3,"강일중,선사고 버스정류장(신암중학교 방면)",강동구,769
3,개롱역 3번 출구 뒤,송파구,882
3,개롱역사거리 2번 출구,송파구,851
3,개봉센트레빌레우스아파트 앞,구로구,8
3,개봉아이파크아파트 앞,구로구,765
3,개봉역 1번 출구 자전거보관서쪽,구로구,463
3,개봉역2번출구 A,구로구,1036
3,개봉역2번출구 B,구로구,219
3,개봉지구대 개봉치안센터,구로구,651
3,개봉푸르지오아파트 상가,구로구,1146
3,개포1단지아파트 입구 (보도육교),강남구,116
3,개포고등학교 정문앞,강남구,321
3,개포동역 4번출구,강남구,913
3,개포동역 사거리,강남구,447
3,개포래미안포레스트아파트 107동 앞,강남구,444
3,개포우성6차아파트 정문 앞,강남구,351
3,개화광역환승센터,강서구,132
3,개화산역 2번 출구,강서구,624
3,거여5단지 503동 앞,송파구,487
3,거여동 사거리,송파구,329
3,거여동 어울림아파트  102동앞,송파구,617
3,거여동사거리 송파둘레길 입구,송파구,199
3,거여역 3번출구,송파구,1282
3,거여역 8번출구 뒤,송파구,1469
3,거여초등학교 옆,송파구,515
3,건국대학교 (입학정보관),광진구,1757
3,건국대학교 (행정관),광진구,634
3,건국대학교 과학관(이과대) 앞,광진구,1050
3,건국대학교 정문 앞,광진구,1146
3,건국대학교 학생회관,광진구,2947
3,건대병원후문,광진구,3675
3,건대입구역 5번출구 뒤,광진구,2712
3,건대입구역 사거리(롯데백화점),광진구,4355
3,건영아파트 앞,성동구,1364
3,건영아파트앞 사거리,송파구,1207
3,겸재교 진입부,중랑구,1914
3,겸재정선미술관,강서구,1001
3,경기여자고등학교 후문 (삼성로3길 입구),강남구,479
3,경문고등학교 앞,동작구,571
3,경복궁역 6번출구 뒤,종로구,1574
3,경복궁역 7번출구 앞,종로구,783
3,경서농협 버스정류장(우리은행신정동지점방향),양천구,866
3,경일중학교 앞,성동구,1382
3,"경찰병원역 1,2번 출구 사이",송파구,775
3,경찰병원역 3번출구 앞,송파구,1103
3,경창시장,양천구,226
3,경희궁 자이 2단지,종로구,870
3,경희궁 자이 3단지,종로구,988
3,경희대학교 청운관,동대문구,1017
3,계남공원 입구 주출입구 좌측,양천구,236
3,고대앞사거리 교통섬,동대문구,1148
3,고덕 래미안 힐스테이트(101동),강동구,337
3,고덕 래미안힐스테이트(201동),강동구,126
3,고덕동 래미안 힐스테이트,강동구,234
3,고덕동 아남아파트,강동구,758
3,고덕동 주양쇼핑,강동구,675
3,고덕센트럴 아이파크상가 앞,강동구,489
3,고덕숲 아이파크 1,강동구,207
3,고덕숲 아이파크 2,강동구,125
3,고덕역 4번출구,강동구,1133
3,고덕역 5번출구,강동구,802
3,고덕자이(105동 앞),강동구,772
3,고덕중학교 후문,강동구,243
3,고덕초등학교,강동구,163
3,고려대학교 2번출구,성북구,1579
3,고려사대부속중고 건너편,성북구,197
3,고려사대부속중고 정문,성북구,217
3,고속터미널역 3번출구,서초구,436
3,고속터미널역 5번출구 앞,서초구,441
3,"고속터미널역 8-1번, 8-2번 출구 사이",서초구,2513
3,고척LIGA아파트 앞,구로구,1424
3,고척교 교차로,구로구,464
3,고척근린공원 고척도서관 앞,구로구,850
3,고척스카이돔구장 광장,구로구,829
3,고척아이파크아파트 106동 앞,구로구,691
3,고척아이파크아파트 205동 앞,구로구,610
3,고투몰 gate 15옆,서초구,643
3,곰달래 문화복지센터 A,강서구,1105
3,곰달래 문화복지센터 B,강서구,304
3,공덕역 2번출구,마포구,774
3,공덕역 5번출구,마포구,916
3,공덕역 8번출구,마포구,1769
3,공덕역 경의선숲길 커뮤니티센터,마포구,452
3,공릉1단지아파트,노원구,1584
3,공릉동 신도1차 아파트 뒤,노원구,558
3,공릉동풍림아파트 101동,노원구,784
3,공릉로 26길,노원구,793
3,공릉산 백세문 입구,노원구,106
3,공릉역 1번 출구 앞,노원구,2147
3,공릉역3번출구,노원구,1628
3,공릉풍림아파트 108동,노원구,675
3,공무원연금매점 교차로 (개포주공9단지 입구),강남구,481
3,공항시장역 2번출구 뒤,강서구,918
3,공항시장역 4번출구,강서구,609
3,공항중학교 버스정류장,강서구,427
3,공항중학교앞,강서구,848
3,공항초등학교건너편,강서구,1800
3,과기대 입구(우),노원구,2179
3,관문주유소(GS칼택스) 앞,강서구,1056
3,관악 GSfresh,관악구,563
3,관악구민체육센터,관악구,305
3,관악구시설관리공단,관악구,910
3,관악구청교차로,관악구,439
3,관악우체국,관악구,1365
3,관악우체국 교차로,관악구,275
3,광교사거리 남측,중구,573
3,광나루안전체험관,광진구,1260
3,광나루역 3번 출구,광진구,1323
3,광남중학교,광진구,829
3,광문고교사거리(아이파크),강동구,355
3,광산사거리,강북구,997
3,광양중학교 앞,광진구,606
3,광운대역 앞,노원구,1269
3,광운대학교 중앙도서관,노원구,1193
3,광운초등학교 앞,성북구,408
3,광일빌딩,관악구,757
3,광진 캠퍼스시티,광진구,1655
3,광진경찰서,광진구,1851
3,광진광장,광진구,1464
3,광진광장 교통섬,광진구,2076
3,광진교 남단 사거리(천호공원 방면),강동구,1029
3,광진구 민방위교육센터,광진구,874
3,광진메디칼 앞,광진구,1135
3,광진문화예술회관 앞,광진구,1454
3,광진소방서 앞,광진구,828
3,광진유진스웰,광진구,138
3,광진정보도서관,광진구,1003
3,광진청소년수련관,광진구,1150
3,광평교사거리 인근,송파구,40
3,광화문 S타워 앞,종로구,1651
3,광화문 시민열린마당,종로구,814
3,광화문 풍림스페이스본 1단지앞,종로구,541
3,광화문역 1번출구 앞,종로구,1783
3,광화문역 5번출구,종로구,1885
3,광화문역 6번출구 옆 A,종로구,687
3,광화문역 6번출구 옆 B,종로구,443
3,광흥창역 2번출구 앞,마포구,581
3,광흥창역5번출구,마포구,466
3,광희문,중구,729
3,교대역 5번출구뒤,서초구,958
3,교대역 6번출구,서초구,587
3,교대입구 교차로,서초구,304
3,교보생명보험 앞,영등포구,879
3,교보타워 버스정류장(신논현역 3번출구 후면),강남구,586
3,구 서부경찰서 건너편,은평구,483
3,구기치안센터 앞,종로구,116
3,구로1동우체국 앞,구로구,220
3,구로거리공원 동측(신도림역 방면),구로구,733
3,구로공구상가 앞,구로구,147
3,구로교 아래,동작구,1050
3,구로구배드민턴실내체육관 앞,구로구,394
3,구로구의회 앞,구로구,938
3,구로구청,구로구,1219
3,구로도서관,구로구,2320
3,구로동롯데아파트,구로구,626
3,구로디지털단지역 앞,구로구,4852
3,구로리공원,구로구,763
3,구로역 광장,구로구,1628
3,구로역·NC신구로점 버스정류장(구로역 방면),구로구,1230
3,구로월드아파트 앞,구로구,771
3,구로자원순환센터,구로구,104
3,구로중학교앞,구로구,368
3,구룡근린공원,마포구,212
3,구룡마을 입구 (래미안블레스티지 아파트),강남구,184
3,구룡사 삼거리,서초구,201
3,구룡사 앞 교차로 (보도육교),강남구,61
3,구룡산 입구 (구룡산 서울둘레길 입구),강남구,113
3,구룡역 1번 출구,강남구,210
3,구룡역 4번 출구,강남구,126
3,구룡역 5번 출구,강남구,214
3,구룡초사거리 (현대아파트10동 앞 ),강남구,305
3,구룡터널 입구(개포1단지아파트),강남구,5
3,구립양천어르신요양센터,양천구,89
3,구산역 2번 출구 예일여고 버스정류장,은평구,1018
3,구산역 4번출구,은평구,981
3,구암초등학교 버스정류장,관악구,131
3,구역삼세무서 교차로,강남구,462
3,구의3동주민센터,광진구,335
3,구의7단지현대아파트,광진구,177
3,구의공원(테크노마트 앞),광진구,1276
3,구의문주차장 앞,광진구,1346
3,구의삼성쉐르빌 앞,광진구,1771
3,구의아리수정수센터앞,광진구,543
3,구의역 리버비스타 오피스텔,광진구,2105
3,구일고등학교 정문,구로구,1262
3,구일역 1번 출입구 앞,구로구,1629
3,구일우성(아) 육교 밑,구로구,869
3,구파발10단지 인근,은평구,181
3,구파발역 2번출구,은평구,1523
3,구파발역 환승센터,은평구,381
3,국군복지단,용산구,184
3,국립국악원 앞,서초구,196
3,"국립국악중,고교 정문 맞은편",강남구,634
3,국립어린이과학관,종로구,511
3,국립중앙도서관(국제회의장옆),서초구,136
3,국립중앙박물관 -용산가족공원 앞,용산구,286
3,국립중앙박물관 정문 앞,용산구,173
3,국립항공박물관,강서구,394
3,국립현대미술관,종로구,739
3,국민연금공단충정로사옥,서대문구,246
3,국민은행 연서지점,은평구,536
3,국민은행 종암동지점 앞,성북구,1935
3,국민일보 앞,영등포구,3143
3,국악고교 앞 교차로,강남구,320
3,국제 스케이트장,노원구,192
3,국제루터교회 앞,용산구,130
3,국제빌딩,중구,313
3,국회2문,영등포구,123
3,국회3문,영등포구,203
3,국회6문,영등포구,230
3,국회도서관,영등포구,360
3,국회소통관,영등포구,261
3,국회의사당 본관,영등포구,365
3,국회의사당역 3번출구 옆,영등포구,1434
3,국회의사당역 5번출구 옆,영등포구,824
3,국회의원회관,영등포구,103
3,국회제2의원회관,영등포구,326
3,군자교 서측 녹지대,동대문구,1509
3,군자교교차로,광진구,1222
3,군자역 7번출구 베스트샵 앞,광진구,1662
3,군자역 7번출구뒤,광진구,3170
3,군자역 비채온 오피스텔,광진구,1513
3,군자역2번출구,광진구,1672
3,군자역4번출구,광진구,826
3,군자지하보도 앞,성동구,1168
3,굽은다리역,강동구,2631
3,궁동생태공원,구로구,134
3,그랜드아이파크아파트 앞,강서구,3468
3,그랜드컨벤션센터 앞,영등포구,1658
3,그룹한빌딩옆,서초구,103
3,극동늘푸른아파트,중랑구,976
3,극동방송국 앞,마포구,1025
3,극동스포츠 앞,강남구,267
3,극동아파트,송파구,670
3,극동의 푸른별 아파트 뒤(중계4동주민센터 앞),노원구,544
3,근로자회관 사거리,영등포구,2465
3,금강수목원아파트 앞,구로구,448
3,금남시장 교차로,성동구,358
3,금란주차장 앞,중랑구,650
3,금암 문화공원,은평구,106
3,금옥여고보도육교,양천구,713
3,금원빌딩 앞,강남구,506
3,금융감독원 앞,영등포구,1356
3,금천구립 독산도서관,금천구,158
3,금천구청 앞 자전거거치대,금천구,262
3,금천구청앞(M빌딩),금천구,321
3,금천구청역 1번 출구,금천구,577
3,금천폭포공원 앞,금천구,135
3,금천현대홈타운 후문 서부샛길,금천구,529
3,금호 어울림 아파트 앞,성동구,705
3,금호나들목,성동구,1001
3,금호사거리,성동구,248
3,금호스포츠센터앞,성동구,512
3,금호어울림센터힐 내,성북구,143
3,금호역 1번출구 앞,성동구,234
3,금호역 3번출구,성동구,172
3,기쁜우리복지관,강서구,1611
3,기아자동차 사당점 앞,동작구,737
3,기자촌 사거리 A,은평구,106
3,기자촌사거리 B,은평구,130
3,길동 동호빌딩,강동구,250
3,길동 마루빌딩,강동구,2551
3,길동 사거리(초소앞),강동구,1238
3,길마중4교 하부,서초구,661
3,길성그랑프리텔아파트,강서구,1738
3,길음8골어린이공원 옆,성북구,502
3,길음뉴타운 래미안9단지,성북구,510
3,길음뉴타운푸르지오아파트 3단지,성북구,157
3,길음래미안아파트817동 상가 앞,성북구,240
3,길음문화복합미디어센터,성북구,282
3,길음역 3번출구 뒤,성북구,872
3,김근태도서관,도봉구,284
3,김포공항사거리,강서구,334
3,김포공항입구 교차로,강서구,1101
3,김포공항입구 교통섬,강서구,326
3,까치산역 3번 출구,강서구,1120
3,꿈마루어린이도서관 앞,동대문구,1886
3,꿈의숲 SK뷰 아파트,노원구,1124
3,꿈의숲 롯데캐슬,강북구,312
3,나들목공원,관악구,490
3,나루마당,광진구,163
3,나이아가라관광호텔,강서구,486
3,낙성대 과학전시관,관악구,268
3,낙성대 교수아파트,관악구,147
3,낙성대공원,관악구,152
3,낙성대로 입구,관악구,351
3,낙성대역 1번출구,관악구,304
3,낙성대역 3번출구 뒤,관악구,494
3,낙성대역 5번출구,관악구,354
3,낙성대입구삼거리,관악구,317
3,낙원교회 맞은편,구로구,253
3,낙원상가 옆,종로구,1132
3,난곡사거리,관악구,869
3,난곡종점,관악구,320
3,난우길입구,관악구,482
3,남가좌동 제2공영주차장,서대문구,129
3,남구로역 5번 출입구 앞,구로구,398
3,남부고용노동지청 남측,영등포구,1176
3,남부법원검찰청 교차로,양천구,1880
3,남부순환로 205,강서구,419
3,남부터미널역 1번출구,서초구,393
3,남산도서관 앞,용산구,533
3,남산타운아파트 버스정류장,중구,264
3,남서울중학교,관악구,695
3,남성역3번출구 뒤,동작구,1010
3,남영역 건너편,용산구,910
3,남태령역 2번출구,서초구,76
3,내곡3단지 어린이공원 앞,서초구,338
3,내곡도서관,서초구,147
3,내곡파출소 뒤 정자,서초구,109
3,내방역 8번출구 앞,서초구,534
3,넥센 유니버시티 앞,강서구,1262
3,"노들섬 다목적홀(동쪽) 숲, 앞",용산구,417
3,노들섬 동측 앞,용산구,280
3,노들섬 서측 앞,용산구,2159
3,노들역 1번출구,동작구,2296
3,노들역 3번출구,동작구,843
3,노량진1동 청소년독서실,동작구,290
3,노량진근린공원,동작구,264
3,노량진근린공원 대방공원,동작구,553
3,노량진역 2번 출구 앞,동작구,1158
3,노량진역 5번출구,동작구,2174
3,노보텔 앰배서더 앞,강남구,92
3,노원 마들스타디움,노원구,881
3,노원 을지대학교 병원,노원구,1404
3,노원경찰서교차로,노원구,1190
3,노원구청,노원구,1482
3,노원문화예술회관,노원구,1427
3,노원성당 앞,노원구,131
3,노원소방서인근,노원구,778
3,노원역1번출구,노원구,3178
3,노원역7번출구,노원구,1819
3,노원정보도서관,노원구,1218
3,노일초등학교 앞,노원구,455
3,노해근린공원내,노원구,407
3,녹번 힐스테이트상가앞,은평구,235
3,녹번역 3번출구,은평구,933
3,녹번역1번출구앞,은평구,394
3,녹번역e편한세상 캐슬 정문 앞,은평구,764
3,녹번초등학교(서오릉로),은평구,510
3,녹사평역1번출구,용산구,339
3,녹사평역3번 출구,용산구,255
3,녹천교 앞 사거리,도봉구,595
3,녹천역 1번출구 앞,도봉구,462
3,녹천역 4번 출구 옆,노원구,404
3,논골사거리(금호도서관 입구),성동구,153
3,논현동 광명빌딩 앞,강남구,175
3,논현동가구거리,강남구,117
3,논현역 10번출구,강남구,743
3,농수산식품공사 (강서지사),강서구,189
3,농협생명본사빌딩 서관,서대문구,375
3,누리꿈스퀘어 옆,마포구,1686
3,뉴코아 킴스클럽 앞,서초구,858
3,늘푸른공원 앞,중랑구,751
3,능골근린공원,강동구,424
3,능산삼거리,중랑구,285
3,능안마을입구,서초구,34
3,다락원체육공원 전망대 입구,도봉구,328
3,다성이즈빌아파트(호원대 대각선 맞은편),강동구,3503
3,달맞이공원,성동구,104
3,답십리 래미안엘파인아파트 입구,동대문구,325
3,답십리역 1번출구,동대문구,2628
3,답십리역 8번출구 앞,성동구,594
3,답십리파크자이아파트 앞,동대문구,1586
3,당고개공원 대여소,노원구,322
3,당고개입구 오거리,노원구,511
3,당고개입구오거리 당현천변,노원구,906
3,당곡사거리,관악구,2365
3,당산skv1센터,영등포구,1216
3,당산롯데캐슬프레스티지,영등포구,1663
3,당산삼성2차아파트,영등포구,1614
3,당산역 10번출구 앞,영등포구,3878
3,당산역11번출구,영등포구,1801
3,당산육갑문,영등포구,4043
3,당인리발전소 공원 앞,마포구,805
3,당현천근린공원,노원구,1369
3,대광고등학교,동대문구,592
3,대광빌딩,동대문구,582
3,대륜E&S 서울지사 앞,노원구,518
3,대륭테크노타운 18차,금천구,550
3,대륭테크노타운21차 앞,금천구,723
3,대륭포스트타워1차,구로구,1309
3,대륭포스트타워5차,금천구,292
3,대륭포스트타워6차 앞,금천구,2799
3,대림3동사거리,영등포구,859
3,대림경동아파트앞,강서구,1363
3,대림동 e편한세상영등포아델포레,영등포구,1348
3,대림동현대2차 201동 앞,영등포구,192
3,대림사거리(동작상떼빌아파트),동작구,712
3,대림성원상떼빌아파트,영등포구,927
3,대림신동아아파트 앞,영등포구,573
3,대림아크로리버 앞,광진구,629
3,대림아파트 사거리,영등포구,524
3,대림아파트 후문 상가 옆,동작구,232
3,대림역 1번 출입구 밑,구로구,1109
3,대림역4번출구,구로구,1672
3,대림우성2차아파트,영등포구,401
3,대림우성아파트 사거리,영등포구,342
3,대명초교 입구 교차로,강동구,288
3,대명초교입구 사거리,강동구,807
3,대모산입구역 2번출구 앞,강남구,333
3,대모산입구역 4번 출구 앞,강남구,1049
3,대모산입구역 7번 출구 앞,강남구,204
3,대방역2번출구,동작구,760
3,대방역6번출구,영등포구,2298
3,대방지하보도(대방동경남아너스빌아파트),동작구,1171
3,대상연구소,강서구,369
3,대성유니드아파트,양천구,543
3,대신파이낸스센터,중구,750
3,대영중고 후문,영등포구,724
3,대원빌딩,강서구,1430
3,대원중고교 입구(대하빌딩),광진구,405
3,대진고등학교,노원구,1271
3,대청역,강남구,514
3,대청역 1번출구  뒤,강남구,1082
3,대치동 삼성로,강남구,336
3,대치삼성아파트 앞 교차로,강남구,515
3,대치역 7번출구,강남구,1109
3,대치역 사거리,강남구,737
3,대학동 고시촌,관악구,562
3,대학동주민센터,관악구,571
3,대학로 마로니에공원,종로구,2149
3,대한무역투자진흥공사 KOTRA 앞,서초구,501
3,대한상공회의소,중구,1302
3,대한항공 인력개발센터,강서구,1006
3,대현그린타워,강남구,216
3,대흥역 1번출구,마포구,829
3,더라움,강남구,137
3,더리브골드타워,강서구,638
3,더리브오피스텔 앞,영등포구,873
3,더스페이스타워 앞,성동구,1442
3,더시그넘하우스 앞,강남구,427
3,더케이호텔 입구(양재2),서초구,691
3,도곡1동 주민센터 교차로,강남구,407
3,도곡동 경남아파트 건너편,강남구,205
3,도곡동 골프 로데오거리,강남구,295
3,도곡역 1번 출구,강남구,793
3,도곡역 대치지구대 방향,강남구,486
3,도곡역 아카데미스위트 앞,강남구,983
3,도깨비시장,노원구,1544
3,도동삼거리,중구,88
3,도림고가도로 밑,영등포구,990
3,도림동배드민턴체육관,영등포구,649
3,도림사거리,영등포구,1137
3,도림신협 앞,영등포구,994
3,도림천 건널목 위,영등포구,851
3,도림천 신화교,관악구,1481
3,도림천역 1번 출구 앞,구로구,1402
3,도봉경찰서 교차로,도봉구,935
3,도봉고등학교 맞은편,도봉구,9
3,도봉구민회관,도봉구,977
3,도봉구육아종합지원센터(창동),도봉구,509
3,도봉구청 옆(중랑천변),도봉구,1223
3,도봉구청 정문앞,도봉구,935
3,도봉동실내스포츠센터,도봉구,480
3,도봉로 534,도봉구,243
3,도봉문화정보도서관 삼거리,도봉구,263
3,도봉보건소사거리,도봉구,1000
3,도봉산광역환승센터앞,도봉구,243
3,도봉산역 교차로 앞,도봉구,119
3,도봉세무서 앞,강북구,571
3,도봉소방서 옆,도봉구,1477
3,도봉아이나라도서관 앞,도봉구,611
3,도봉여성센터,도봉구,107
3,"도봉역 1,2번 출구사이 건너편",도봉구,603
3,도봉운전면허시험장 버스정류장 옆,노원구,1263
3,도봉제1교,도봉구,949
3,도봉통합복지센터 뒤 중랑천 변,도봉구,1001
3,도봉한신아파트 버스정류장,도봉구,647
3,도봉한신아파트 주변,도봉구,462
3,도산공원교차로,강남구,416
3,도선동 주민센터 앞,성동구,1192
3,도심공항타워 앞,강남구,644
3,도원맨션,관악구,500
3,독립문 앞,서대문구,461
3,독립문역 2번출구 뒤,종로구,236
3,독립문역 3-1번출구,종로구,1258
3,독립문역 사거리,종로구,781
3,독바위역,은평구,424
3,독산2동주민센터 앞,금천구,200
3,독산3동주민센터 앞,금천구,490
3,독산고등학교,금천구,346
3,독산근린공원 입구,금천구,1199
3,독산동 한양수자인아파트 앞,금천구,566
3,독산동 현대홈타운 금천과선교 앞,금천구,377
3,독산보도육교 앞 자전거 보관소,금천구,1375
3,독산역 1번출구 A,금천구,577
3,독산역 2번출구 자전거주차장,금천구,980
3,독산역 롯데캐슬 104동 앞,금천구,495
3,독산역1번출구 B,금천구,1632
3,독산주공 14단지 버스정류소,금천구,135
3,돈암삼성풍림아파트,성북구,202
3,돈암성당 옆,성북구,1354
3,돈암육교 하단,성북구,226
3,돈암초교 입구,성북구,604
3,돈암초교입구 버스정류장(한성대입구역 방면),성북구,548
3,돈의문 박물관 마을,종로구,402
3,돌곶이역 앞,성북구,1347
3,동대문 종합시장 버스정류장,종로구,523
3,동대문경찰서 교차로,동대문구,828
3,동대문구 보건소,동대문구,1736
3,동대문구민체육센터 (육교아래),동대문구,1751
3,동대문디자인플라자,중구,1366
3,동대문롯데캐슬아파트 앞,동대문구,1252
3,동대문역 8번 출구,종로구,2013
3,동대문역6번출구,종로구,1348
3,동대문역사문화공원역 1번출구 뒤편,중구,1579
3,동대문역사문화공원역 5번출구,중구,679
3,동대문역사문화공원역 9번출구 앞,중구,423
3,동대문중 교차로,동대문구,867
3,동대입구역 3번 출구,중구,312
3,동대입구역 6번출구 뒤,중구,495
3,동명근린공원 진입로 (아리수로),강동구,204
3,동묘앞역 1번출구 뒤,종로구,2581
3,동묘앞역 6번출구,종로구,1688
3,동문굿모닝탑,양천구,1705
3,동방1교,관악구,2554
3,동부센트레빌 앞,도봉구,632
3,동부시장 북문 앞,중랑구,1309
3,동빙고근린공원,용산구,398
3,동산어린이공원 앞,성북구,713
3,동서울농협 앞,중랑구,1064
3,동서울우편집중국 앞,광진구,721
3,동선고가차도 초입,성북구,298
3,동선아파트 앞,구로구,101
3,"동성1,2차 아파트 앞",중랑구,860
3,동성중학교 앞,종로구,443
3,동신병원 맞은편,서대문구,838
3,동신아파트 104동 앞,강서구,675
3,동신아파트 후문 옆,노원구,2806
3,동아1차APT105동 버스정류장(신도림중학교 방면),구로구,994
3,동아에코빌입구,영등포구,807
3,동양미래대학교 정문 옆,구로구,3232
3,동양쇼핑 정류소 앞,중랑구,1107
3,동양엔파트 앞,중랑구,766
3,동영문화센터앞,강남구,338
3,동원베네스트 건너편,용산구,124
3,동원베네스트 건물 앞,중랑구,367
3,동원사거리,중랑구,468
3,동원사거리 행복오피스텔 앞,중랑구,442
3,동의보감타워,동대문구,1526
3,동인오피스텔 건너편 소공원,구로구,301
3,동일로 지하차도,중랑구,1343
3,동일로58길 입구,광진구,499
3,동작경찰서,동작구,1673
3,동작구민 체육센터,동작구,869
3,동작역 5번출구 동작주차공원,동작구,627
3,동작역 7번출구,동작구,168
3,동해문화예술관앞,노원구,2237
3,두산건설 본사,강남구,172
3,두산대림아파트 삼거리,중랑구,340
3,두산위브아파트,영등포구,424
3,두산위브아파트 옆 상가건물 앞,금천구,659
3,두상빌딩 앞,서초구,986
3,둔촌 주공 GS 맞은편,강동구,572
3,둔촌고교입구 교차로(길동주민센터 방면),강동구,1206
3,둔촌동역교차로,강동구,1426
3,둔촌사거리,강동구,2140
3,둔촌신성미소지움아파트,강동구,565
3,둔촌어린이공원,강동구,1894
3,둔촌역 2번출구,강동구,628
3,둔촌역 3번 출입구,강동구,3203
3,둔촌오륜역 1번 출구,강동구,580
3,둔촌오륜역 2번출구,송파구,338
3,둔촌푸르지오아파트,강동구,957
3,뒷벌공원 옆,서초구,732
3,드래곤타워 앞,강북구,680
3,등나무 근린공원(시립북서울미술관 앞),노원구,2199
3,등촌1-10단지 교차로,강서구,3100
3,등촌2동주민센터,강서구,466
3,등촌2파출소,강서구,688
3,등촌5단지아파트 버스정류장,강서구,2587
3,등촌9단지,강서구,856
3,등촌서광아파트,강서구,2053
3,등촌역 1번출구,강서구,951
3,등촌역 4번 출구,양천구,606
3,등촌역 5번 출구 뒤,양천구,704
3,등촌역 7번출구,강서구,1424
3,등촌역 센터스퀘어,강서구,763
3,등촌태영아파트,강서구,801
3,디지털매직스페이스,마포구,1581
3,디지털미디어 시티역 4번출구(DMC역),은평구,508
3,디지털입구 교차로,구로구,1722
3,디폴리스 지식산업센터,금천구,553
3,뚝도아리수정수센터 버스정류소 옆,성동구,815
3,뚝섬 유원지역,광진구,1692
3,뚝섬역 1번 출구 옆,성동구,2080
3,뚝섬역 5번 출구 정류소 옆,성동구,1072
3,뚝섬역 6번출구,성동구,1431
3,라이품 공영주차장 앞,강서구,720
3,라인프랜즈이태원점 앞,용산구,81
3,라코지스테이 앞,중랑구,376
3,래미안 강동팰리스(102동),강동구,882
3,래미안 구의파크 스위트,광진구,1927
3,래미안 루센티아 아파트 108동 앞,서대문구,832
3,래미안 솔베뉴(고덕로),강동구,883
3,래미안 솔베뉴(구천면로),강동구,431
3,래미안강남힐즈 사거리,강남구,572
3,래미안그레이튼102동앞,강남구,149
3,래미안금호하이리버 아파트 102동 옆,성동구,250
3,래미안라센트아파트 103동 앞,성북구,760
3,래미안서초스위트앞,서초구,266
3,래미안신공덕3차아파트,마포구,76
3,래미안에스티움 앞 (신풍로),영등포구,960
3,래미안월곡아파트 입구,성북구,822
3,래미안장위퍼스트하이(513동),성북구,929
3,래미안장위포레카운티(102동),성북구,564
3,래미안허브리츠아파트 앞,동대문구,435
3,레베쌍트 빌딩 앞,강남구,190
3,레이크펠리스101동앞,송파구,2350
3,로고스교회 맞은 편,서초구,357
3,로제우스 레포츠센터,종로구,130
3,롯데 R&D 센터,강서구,428
3,롯데리아 개포점앞,강남구,422
3,롯데시티호텔,중구,265
3,롯데월드타워(잠실역2번출구 쪽),송파구,6286
3,롯데중앙연구소,강서구,308
3,롯데캐슬 101동 앞,동작구,212
3,롯데캐슬 115동앞,강동구,171
3,롯데캐슬 앞,영등포구,1590
3,롯데캐슬2차 마을버스 정류장(18804) 뒤편,금천구,318
3,롯데캐슬골드파크1차 동문,금천구,609
3,롯데캐슬골드파크1차 서문,금천구,434
3,롯데캐슬골드파크3차 301동 앞,금천구,750
3,롯데캐슬엠파이어 옆,영등포구,1680
3,롯데캐슬클라시아 입구 앞,성북구,152
3,롯데하이마트 (상암월드컵점),마포구,420
3,롯데호텔,중구,320
3,르네상스 호텔 사거리 역삼지하보도 7번출구 앞,강남구,380
3,르네상스호텔사거리 역삼지하보도 2번출구,강남구,330
3,르네상스호텔사거리 역삼지하보도 3번출구 앞 (더 오번 빌딩 명동칼국수 앞),강남구,276
3,르노삼성자동차 성수사업소 앞,성동구,731
3,리버뷰신안인스빌1차 후문,영등포구,960
3,리버뷰신안인스빌2차 후문,영등포구,896
3,리센츠아파트,송파구,1353
3,리싸이클시티,강동구,106
3,리엔파크 2단지 앞,강남구,252
3,마곡 MICE 복합단지,강서구,1454
3,마곡 공공청사,강서구,1014
3,마곡 엠밸리2단지,강서구,1110
3,마곡 필네이처,강서구,2077
3,마곡13단지,강서구,2747
3,마곡14단지 1408동앞,강서구,1472
3,마곡9단지 907동앞,강서구,1079
3,마곡9단지 910동 상가앞,강서구,842
3,마곡금호어울림아파트,강서구,860
3,마곡나루역 2번 출구,강서구,8768
3,마곡나루역 3번 출구,강서구,5512
3,마곡나루역 5번출구 뒤편,강서구,6148
3,마곡레포츠센터,강서구,1389
3,마곡메가박스 앞,강서구,1725
3,마곡문화공원,강서구,2334
3,마곡센트럴타워 1차,강서구,2317
3,마곡수명산 1-2단지,강서구,1233
3,마곡수명산파크 209동 건너편,강서구,1456
3,마곡수명산파크1단지,강서구,1355
3,마곡수명산파크3단지 교차로,강서구,2349
3,마곡수명산파크5-6단지,강서구,1202
3,마곡수명산파크7단지 710동 앞,강서구,443
3,마곡엠밸리 15단지(1502동) 건너편,강서구,1834
3,마곡엠밸리10단지 앞,강서구,2029
3,"마곡엠밸리14단지 버스정류장(마곡엠밸리11,12단지상가방면)",강서구,1876
3,마곡엠밸리4단지 정문,강서구,2617
3,마곡엠밸리6_7단지 마곡중학교,강서구,1425
3,마곡역 7번출구,강서구,2861
3,마곡역 교차로(2번출구),강서구,1462
3,"마곡역 버스정류장(마곡나루역1번출구, 웰튼병원 방면)",강서구,2128
3,마곡역1번출구,강서구,1981
3,"마곡역4,5번출구",강서구,635
3,마곡역4번출구,강서구,1028
3,마곡역5번출구앞,강서구,1154
3,마곡역교차로,강서구,2804
3,마곡중학교 후문,강서구,714
3,마곡힐스테이트 정문,강서구,1087
3,마들역 3번출구,노원구,1215
3,마들역 7번출구,노원구,1344
3,마스타 빌딩 앞,서대문구,824
3,마장동 금호어울림APT앞,성동구,510
3,마장동 주민센터,성동구,590
3,마장역 4번출구,성동구,872
3,마장역3번출구,성동구,448
3,마천금호어울림 1차 102동앞,송파구,164
3,마천금호어울림 1차아파트 건너편,송파구,272
3,마천동 성내천 쉼터,송파구,827
3,마천사거리,송파구,706
3,마천사거리 2,송파구,361
3,마천역 1번 출구 인근②,송파구,491
3,마천중앙시장,송파구,457
3,마천청소년센터,송파구,203
3,마포 신수공원 앞,마포구,713
3,마포구 육아종합지원센터,마포구,571
3,마포구중앙도서관 정문 앞,마포구,1844
3,마포구청 앞,마포구,1434
3,마포구청 청사내,마포구,214
3,마포구청역,마포구,1778
3,마포소방서 앞,마포구,496
3,마포아트센터 앞,마포구,880
3,마포역 2번출구 뒤,마포구,1784
3,마포역 4번출구 뒤,마포구,2244
3,마포중앙도서관,마포구,345
3,마포프레스티지자이 1,마포구,600
3,만해공원,성북구,323
3,말미사거리,금천구,411
3,말우물 어린이 공원,강동구,188
3,말죽거리공원 사거리,서초구,862
3,망우동 본죽 앞,중랑구,660
3,망우역 1번출구,중랑구,677
3,망우역 2번 출구,중랑구,1033
3,망우지구대,중랑구,1225
3,망우청소년수련관,중랑구,166
3,망원2빗물펌프장 앞,마포구,937
3,망원역 1번출구 앞,마포구,2229
3,망원역 2번출구 앞,마포구,1878
3,망원우체국사거리 인근,마포구,1794
3,망원정 앞,마포구,585
3,망원초록길 입구,마포구,1015
3,매봉역 1번출구,강남구,390
3,매헌역 2번출구앞광역버스 정류장앞(22-297),서초구,727
3,맥도날드 서울둔촌DT점 앞,강동구,1555
3,맥스타일 앞,중구,937
3,먹골역 1번출구 뒤,중랑구,885
3,먹골역 4번출구,중랑구,569
3,먹골역 6번출구 앞,중랑구,645
3,먹골역 7번 출구,중랑구,570
3,메뚜기다리,은평구,92
3,메이필드호텔앞,강서구,533
3,멤피스아파트 앞,서초구,676
3,면목 대원칸타빌아파트,중랑구,214
3,면목 홈플러스 2,중랑구,318
3,면목2동 사거리,중랑구,1018
3,면목4치안센터,중랑구,820
3,면목도시개발아파트 1동 앞,중랑구,319
3,면목동 새싹어린이공원 앞,중랑구,890
3,면목삼익아파트 앞,중랑구,284
3,면목역 3번출구,중랑구,1785
3,명덕고교,강서구,812
3,명덕고교입구(영종빌딩),강서구,2966
3,명동성당 앞,중구,350
3,명동역9번 출구,중구,783
3,명물길 원형무대 앞,서대문구,636
3,명보사거리,중구,411
3,명일근린공원공동체텃밭,강동구,195
3,명일동신동아아파트 앞,강동구,337
3,명일역 3번출구 옆,강동구,1117
3,명일초등학교 옆,강동구,203
3,명일파출소,강동구,489
3,명지대학교 도서관,서대문구,1732
3,명지전문대학교 정문 앞,서대문구,436
3,모두의학교,금천구,508
3,모래내고가차도,서대문구,583
3,목4동주민센터 옆,양천구,1340
3,목동11단지 아파트,양천구,845
3,목동12단지 아파트,양천구,1483
3,목동13_14단지 사거리,양천구,632
3,목동1단지아파트 118동 앞,양천구,1326
3,목동1단지아파트 상가 앞,양천구,2126
3,목동2단지 상가,양천구,2616
3,목동3단지 상가,양천구,1555
3,목동3단지 시내버스정류장,양천구,2327
3,목동5단지아파트 501동,양천구,1388
3,목동5단지아파트 534동,양천구,1711
3,목동7단지아파트 A상가,양천구,572
3,목동사거리 버스정류장,강서구,1364
3,목동사거리 부근,양천구,1399
3,목동성당 앞,양천구,1634
3,목동신시가지아파트6단지,양천구,1401
3,목동아파트 1422동 1434동 사잇길,양천구,2355
3,목동아파트 14단지 B상가 앞,양천구,1321
3,목동아파트 613동 앞,양천구,1824
3,목동아파트 703동 앞,양천구,1662
3,목동아파트 8단지 상가동 앞,양천구,1839
3,목동아파트2단지 222동 앞,양천구,790
3,목동역 3번 출구,양천구,3020
3,목동역5번출구,양천구,3483
3,목동운동장,양천구,553
3,목동주차장,양천구,1104
3,목동청소년수련관,양천구,830
3,목동트라팰리스 웨스턴에비뉴,양천구,3513
3,목동현대아파트 후문 앞,양천구,879
3,목련아파트,노원구,592
3,목마공원,양천구,453
3,목양전원교회 앞 로터리,구로구,213
3,목월공원 앞,용산구,567
3,몽마르뜨공원입구,서초구,183
3,몽촌토성역 1번출구 옆,송파구,1713
3,몽촌토성역 3번 출구,송파구,3434
3,묘곡초등학교,강동구,384
3,무악재역 4번 출구,서대문구,241
3,무악재역1번 출구,서대문구,274
3,묵동 이마트 앞,중랑구,833
3,문래동 주민센터,영등포구,913
3,문래동 하이테크 시티,영등포구,1844
3,문래동롯데캐슬아파트,영등포구,2671
3,문래동자이아파트 앞,영등포구,1815
3,문래역 4번출구 앞,영등포구,2420
3,문래현대2차,영등포구,1202
3,문배어린이공원 앞,용산구,789
3,문소빌딩,강서구,427
3,문정 법조단지10,송파구,1289
3,문정 법조단지11,송파구,670
3,문정 법조단지3,송파구,368
3,문정 법조단지4,송파구,503
3,문정 법조단지5,송파구,335
3,문정 법조단지6,송파구,94
3,문정 법조단지7,송파구,1723
3,문정 법조단지8,송파구,1591
3,문정 법조단지9,송파구,1220
3,문정2동 주민센터,송파구,83
3,문정근린공원2,송파구,881
3,문정동 근린공원,송파구,930
3,문정동 글샘 공원,송파구,516
3,문정법조단지12,송파구,1740
3,문정시영아파트 5동 앞 공원,송파구,557
3,문정역 1번출구,송파구,1821
3,문정중교 사거리,송파구,790
3,문정중학교,송파구,165
3,문정현대아파트 교차로,송파구,518
3,"문현중,고등학교 사이",송파구,160
3,문화비축기지,마포구,124
3,문화촌 공원,서대문구,1249
3,물넘이교,노원구,1682
3,미래사랑어린이공원 앞,구로구,2213
3,미림여고입구 교차로,관악구,85
3,미성동 신림체육센터,관악구,868
3,미성아파트 A동 앞,영등포구,1225
3,미아동 복합청사,강북구,334
3,미아동 한국전력공사,강북구,1218
3,미아사거리 1번 출구,강북구,1660
3,미아역 1번 출구 뒤,강북구,661
3,"미아역 3번,4번 출구 사이",강북구,963
3,미아초교버스승강장,성북구,86
3,미호 플랜트 앞,강동구,870
3,밀리아나2빌딩 앞,송파구,1631
3,밀알학교 입구 (삼성서울병원 입구),강남구,184
3,바우뫼문화복지회관,서초구,637
3,박석고개(은평소방서) 앞,은평구,109
3,반포1동 서초빌딩 앞,서초구,608
3,반포1동 자율방범초소 옆,서초구,194
3,반포1동 주민센터 앞,서초구,150
3,반포경남쇼핑 앞,서초구,96
3,반포래미안 리오센트,서초구,442
3,반포미도2차아파트 옆,서초구,275
3,반포쇼핑타운 2동 앞,서초구,2193
3,반포쇼핑타운 8동 앞,서초구,688
3,반포종합운동장,서초구,360
3,반포종합운동장 입구,서초구,571
3,반포중학교 앞(세화여고 맞은편),서초구,161
3,반포천 앞,서초구,803
3,"발산역 1번, 9번 인근 대여소",강서구,5103
3,발산역 6번 출구 뒤,강서구,3933
3,발산역 8번 출구,강서구,1479
3,방배래미안 정문 앞,서초구,247
3,방배래미안아트힐아파트 앞,서초구,11
3,방배역 2번 출구,서초구,635
3,방배열린문화센터 앞,서초구,444
3,방아골종합사회복지관,도봉구,417
3,방아다리어린이공원,양천구,501
3,방아삼거리,강동구,134
3,방이동 한양3차아파트 옆,송파구,1101
3,방이삼거리,송파구,3357
3,방이역 1번출구,송파구,1210
3,방이역 2번 출구,송파구,417
3,방이역 4번출구,송파구,2438
3,방이초등학교,송파구,1906
3,방일초교 마을버스 정류장,서초구,697
3,방정환교육지원센터 옆,중랑구,536
3,방죽마을 입구,강남구,212
3,방학동우체국 건너편,도봉구,596
3,방학동학마을도서관,도봉구,286
3,방학사거리 (봄마당 앞),도봉구,596
3,방학역 1번출구,도봉구,418
3,방학역2번출구,도봉구,604
3,방학역사거리,도봉구,396
3,방학중학교 앞,도봉구,330
3,방학초등학교 앞,도봉구,813
3,방화근린공원,강서구,262
3,방화동강서기동대앞,강서구,1988
3,방화사거리 마을버스 버스정류장,강서구,1940
3,방화역 4번출구앞,강서구,1985
3,배명고등학교,송파구,711
3,배명고등학교 건너편,송파구,649
3,배봉초교 교차로,동대문구,702
3,백련산 SK뷰 아이파크 해모로 아파트 앞,은평구,789
3,백련산 힐스테이트 3차,은평구,517
3,백련산 힐스테이트상가앞,은평구,445
3,백련산로 녹번센트레빌,은평구,348
3,백석예술대학교 제3캠퍼스 앞,서초구,97
3,백토공원 앞,송파구,295
3,뱅뱅사거리 랜드마크타워 앞,강남구,818
3,버섯분수대,송파구,721
3,버스정류장 앞,도봉구,383
3,번3동 주민센터 교차로,강북구,544
3,번동 금호어울림아파트102동앞,강북구,266
3,번동 두산위브 101동 옆,강북구,492
3,"번동 주공3, 4단지 교차로",강북구,750
3,번동3단지 버스정류장,강북구,616
3,번동사거리,강북구,362
3,번동주공5단지 관리사무소 앞,강북구,199
3,베네스트 오피스텔 앞,동대문구,525
3,벽산 디지털밸리 5차,금천구,1126
3,벽산상암스마트큐브,마포구,1947
3,벽산아파트,강서구,1797
3,볏골공원,강서구,705
3,보광동 삼성리버빌아파트 앞,용산구,704
3,보금자리정원,강남구,232
3,보라매 두산위브 건너편,동작구,1125
3,보라매sk뷰,영등포구,390
3,보라매sk뷰 108동 앞,영등포구,633
3,보라매공원 보도육교,관악구,1209
3,보라매공원 정문,동작구,964
3,보라매공원역 2번출구,동작구,615
3,보라매병원역 1번출구,동작구,2520
3,보라매역 8번출구,동작구,651
3,보라매역4번출구,영등포구,1212
3,보라매역?동작세무서 버스정류장(강남중학교방면),동작구,1035
3,보라주유소 앞,영등포구,420
3,보문2교,성북구,1797
3,보문4교 인근,성북구,1497
3,보문역6번출구 앞,성북구,992
3,보성중고등학교 후문 앞,송파구,226
3,보아스아파트 앞,양천구,511
3,보타닉파크타워2,강서구,1102
3,보훈병원 후문옆(더 원커피),강동구,365
3,복자사랑 피정의 집,성북구,272
3,복정역 1번 출구 앞,송파구,1389
3,본 서부병원 교차로 사거리,은평구,1017
3,본 서부병원 버스정류장(은평 세무서 방면),은평구,782
3,본마을 노인복지센터 앞,서초구,200
3,본마을 정류소 앞,서초구,35
3,봉림교 교통섬,관악구,6100
3,봉원고가차도 밑,서대문구,608
3,봉은사로68길 북측,강남구,306
3,"봉은사역 1,2번 출구",강남구,429
3,봉은사역 5번출구 옆,강남구,549
3,봉은사역 7번 출구,강남구,508
3,봉천고개 육교,관악구,66
3,봉천역 2번출구,관악구,842
3,봉천역 3번출구,관악구,439
3,봉천역 4번출구,관악구,921
3,봉화산역 5번출구 뒤,중랑구,875
3,부엉이공원 앞,마포구,723
3,북가좌 삼거리,서대문구,305
3,북가좌 초등학교,서대문구,572
3,북가좌1동 주민센터,서대문구,308
3,북가좌삼거리2,서대문구,417
3,북서울 꿈의 숲 입구,강북구,316
3,북서울 꿈의숲 서문,강북구,659
3,북성초교,서대문구,248
3,북아현 치안센터 인근,서대문구,614
3,북아현동 가구거리,서대문구,395
3,북위례1,송파구,286
3,북위례2,송파구,215
3,북한산 우이역,강북구,354
3,북한산 코오롱 하늘채,도봉구,1414
3,북한산 한신휴플러스APT앞,도봉구,1254
3,북한산더샾 106동 앞,서대문구,218
3,북한산보국문역,성북구,220
3,북한산생태공원입구(교통섬),은평구,210
3,북한산입구 정류장,은평구,169
3,북한산힐스테이트 7차아파트,은평구,285
3,불광롯데캐슬아파트 앞,은평구,607
3,불광역 2번출구,은평구,495
3,불광역 9번 출구,은평구,1000
3,불광역 9번 출구 맞은편,은평구,477
3,"불광역3,6호선 버스정류장(동명여고 방면)",은평구,621
3,불암고등학교 앞 횡단보도,노원구,1134
3,불암산역 3번 출구,노원구,479
3,불암산역 앞,노원구,243
3,불암아파트 앞,노원구,500
3,불암주유소 앞,노원구,917
3,브라운스위트레지던스,중구,381
3,브라운스톤 남산아파트,용산구,323
3,비계 버스정류소,동작구,123
3,비석공원,서초구,480
3,비전교회 앞,성동구,1730
3,빅마켓 금천점 앞,금천구,1196
3,사가정역 2번출구,중랑구,2266
3,사근빗물펌프장 건너편,성동구,2718
3,사당동 아르테스 웨딩앞,동작구,729
3,사당새마을금고,동작구,238
3,사당역 12번출구 뒤,서초구,1170
3,사당역 5번출구,관악구,1024
3,사당역 7번출구쪽,동작구,495
3,사당역10번출구(금강빌딩),동작구,669
3,사당중학교 버스정류소,동작구,129
3,사랑의병원,관악구,444
3,사육신공원앞,동작구,834
3,사평리근린공원,서초구,951
3,사평역 2번출구,서초구,281
3,산기슭공원 앞,금천구,133
3,산업은행 앞,영등포구,1557
3,산호시티빌 옆,금천구,248
3,삼각산동 주민센터,강북구,473
3,삼각산아이원아파트(105동 옆),강북구,96
3,삼각지 자이아파트,용산구,713
3,삼각지12번 출구,용산구,416
3,삼각지역 14번 출구 앞(교통섬),용산구,702
3,삼각지역 3번출구,용산구,662
3,삼각지역 4번출구 앞,용산구,598
3,삼부르네상스파크빌,구로구,806
3,삼성SDS,송파구,2073
3,삼성광나루아파트 버스정류장,강동구,954
3,삼성도로공원,강남구,624
3,삼성디지털프라자관악점,관악구,511
3,삼성사이버빌리지아파트,중구,246
3,삼성생명 당산사옥 앞,영등포구,1934
3,삼성전자 물류센터 앞,구로구,835
3,삼성전자R&D어린이집 뒤,서초구,183
3,삼성전자서비스 성북센터,성북구,757
3,삼성중앙역 5번출구,강남구,445
3,삼성중앙역4번출구(문화센터더 리빌),강남구,232
3,삼성중앙역·플래티넘아파트 정류소,강남구,371
3,삼성타운(삼성생명) A동 맞은편,서초구,1313
3,삼성화재 사옥 옆,영등포구,1574
3,삼양동주민센터 앞,강북구,283
3,삼양사거리역,강북구,344
3,삼양시장오거리,강북구,278
3,삼양역,강북구,265
3,삼양입구사거리,강북구,206
3,삼육대 도서관,노원구,373
3,삼육대 입구,노원구,458
3,삼육대 제3과학관,노원구,109
3,삼육서울병원 버스정류장,동대문구,1839
3,삼익세라믹아파트교차로,도봉구,639
3,삼익아파트,동작구,984
3,삼일교(시그니쳐 타워),중구,806
3,삼일수영장 앞,동작구,509
3,삼일초등학교 인근,동작구,265
3,삼전동주민센터 건너편,송파구,754
3,삼전동주민센터 앞,송파구,927
3,삼전역 1번출구,송파구,1294
3,삼전역 4번출구,송파구,1302
3,삼청공원 앞,종로구,125
3,삼청동 골목,종로구,817
3,삼호3차아파트 앞,서초구,991
3,삼호물산버스정류장(23370) 옆,강남구,1691
3,삼호아파트 2동 ( 간선도로),강남구,136
3,삼호아파트 앞,구로구,350
3,삼환로즈빌아파트 105동 옆,구로구,840
3,"상계3,4동 주민센터 대여소",노원구,240
3,상계8동 주민센터,노원구,1094
3,상계근린공원 운동장 앞,노원구,655
3,상계동 우방유쉘아파트 앞,노원구,616
3,상계동수락리버시티,노원구,467
3,상계문화정보도서관,노원구,485
3,상계신동아아파트,노원구,150
3,상계역 3번출구,노원구,3074
3,상계역중앙시장,노원구,865
3,상계주공 14단지 상가 앞,노원구,615
3,상계주공10단지 버스정류소,노원구,667
3,상계주공10단지 종합상가 앞,노원구,1208
3,상계주공13단지 1301동,노원구,218
3,상계주공15단지 버스정류소,노원구,1013
3,상계주공1단지 버스정류장 옆(대원빌딩 앞),노원구,1488
3,상계주공1단지아파트,노원구,1023
3,상계주공2단지 219동,노원구,810
3,상계주공2단지 버스정류장 옆,노원구,1487
3,상계중학교(당현2교사거리),노원구,700
3,상계초교 입구 교차로 명주빌딩 앞,노원구,1166
3,상도 아이파크 아파트,동작구,290
3,상도SH빌아파트 입구,동작구,37
3,상도역 1번출구,동작구,300
3,상도중앙하이츠빌 입구,동작구,292
3,상도효성해링턴플레이스,동작구,436
3,상록수아파트,강남구,363
3,상림마을 롯데캐슬2단지 옆,은평구,65
3,상림마을 생태공원,은평구,266
3,상명대입구,종로구,463
3,상봉2동 주민센터 앞,중랑구,8
3,상봉시장앞 교차로 한성빌딩 앞,중랑구,811
3,상봉신협 앞,중랑구,770
3,상봉역 1번출구,중랑구,1747
3,상봉역 2번 출구,중랑구,1252
3,상봉역 3번출구,중랑구,1122
3,상봉터미널2,중랑구,1470
3,상사마을 버스정류장(아라대교방면),강서구,160
3,상수역 2번출구 앞,마포구,863
3,상수역새마을금고,마포구,450
3,상신초등학교앞 버스정류장,은평구,729
3,상아빌딩(우림시장 교차로),중랑구,893
3,상암동주민센터 옆,마포구,1387
3,상암월드컵파크 10단지 앞,마포구,778
3,상암월드컵파크 1단지 교차로,마포구,656
3,상암월드컵파크 3단지 후문,마포구,500
3,상암월드컵파크 7단지 앞,마포구,445
3,상암월드컵파크 9단지 앞,마포구,495
3,상암월드컵파크5단지(상암중학교),마포구,395
3,상암중학교 옆,마포구,280
3,상암한샘빌딩앞,마포구,830
3,상암한화오벨리스크 1차 앞,마포구,990
3,상왕십리역 1번출구,성동구,1597
3,상왕십리역 4번 출구 앞,성동구,577
3,상왕십리역 6번 출입구,성동구,411
3,상월곡역 1번출구,성북구,657
3,상월곡역 3번출구,성북구,896
3,상월곡역 4번출구,성북구,492
3,상일동산(동아아파트앞 교차로),강동구,208
3,상일동역 2번출구 앞,강동구,1415
3,상일초등학교,강동구,532
3,상일파출소 옆,강동구,771
3,새말소공원,영등포구,1432
3,새솔초등학교,중랑구,235
3,새우개마을,중랑구,195
3,새절역 2번출구,은평구,2024
3,새정이마을버스정류장 앞,서초구,30
3,샛강생태공원방문자센터 앞,영등포구,519
3,샛강역 1번출구 앞,영등포구,1743
3,샛마을 근린공원,강동구,471
3,생명의 전화 종합복지관 앞 교차로,성북구,909
3,생태공원앞 교차로(조명탑),강동구,175
3,서강나루 공원,마포구,1159
3,서강대 남문 옆,마포구,926
3,서강대 정문 건너편,마포구,818
3,서강대 후문 옆,마포구,872
3,서강대역 2번출구 앞,마포구,1070
3,서교동 사거리,마포구,1235
3,서남병원 후문,양천구,720
3,서남환경공원 버스정류장,강서구,1468
3,서남환경공원(방화동도시개발2단지방향),강서구,638
3,서대문구청,서대문구,379
3,서대문역 2번 출구,서대문구,1107
3,서대문역 8번출구 앞,서대문구,349
3,서대문자연사박물관 입구,서대문구,234
3,서래공원 앞,서초구,467
3,서부식자재마트 건너편,양천구,1229
3,서부운전면허시험장,마포구,682
3,서빙고동 금호맨션 앞,용산구,288
3,서빙고동 주민센터 앞,용산구,1618
3,서빙고역 광장(1번출구),용산구,215
3,서서울모터리움 앞,강서구,513
3,서소문성지역사박물관,중구,253
3,서소문역사공원,중구,98
3,서우빌딩,서대문구,875
3,서울 논현동우체국 앞,강남구,177
3,서울 시흥동우체국 앞,금천구,406
3,서울 영등포구 우체국,영등포구,912
3,서울 월드컵 경기장,마포구,661
3,서울가정법원,서초구,504
3,서울강월초등학교 앞,양천구,632
3,서울갤러리아 앞,용산구,115
3,서울경찰청,종로구,674
3,서울고등학교 건너편,서초구,150
3,서울고앞,서초구,129
3,서울과학기술대학교(미래관),노원구,688
3,서울과학기술대학교(어학교육원),노원구,2640
3,서울교육청 교육연수원 앞,서초구,114
3,서울교통공사 사당별관 건너편,서초구,201
3,서울교통공사사거리 교통섬,동대문구,833
3,서울남부교정시설 앞,구로구,249
3,서울남부지방검찰청 후문,양천구,892
3,서울남부출입국관리소,강서구,1636
3,서울남부터미널 대합실 입구,서초구,620
3,서울대벤처타운역,관악구,281
3,서울대입구역 1번출구,관악구,740
3,서울대입구역 4번 출구,관악구,615
3,서울대입구역 5번출구,관악구,1169
3,서울대입구역 마에스트로,관악구,700
3,서울대학교 정문,관악구,465
3,서울도봉초등학교인근,도봉구,283
3,서울도시가스 앞,강서구,744
3,서울도시건축전시관,중구,1942
3,서울디자인고등학교 앞,마포구,906
3,서울디지털운동장 앞,금천구,613
3,서울문화재단 앞,동대문구,1179
3,서울미래초등학교 사거리,구로구,955
3,서울미술관,종로구,130
3,서울반도체고 앞,동대문구,338
3,서울방이동 고분군,송파구,1708
3,서울보증보험본사 앞,종로구,924
3,서울복합물류 게이트 1,송파구,1040
3,서울본부세관(건설회관 앞),강남구,138
3,서울북부고용노동지청,강북구,507
3,서울북부고용센터앞,노원구,2034
3,서울북부광역등기국,도봉구,237
3,서울북부수도사업소,강북구,476
3,서울북부지방법원,도봉구,184
3,서울북부지방법원 앞,도봉구,362
3,서울사대부설초등학교 앞,종로구,1145
3,서울산업정보학교,관악구,275
3,서울서부지방법원 앞,마포구,658
3,서울서부지방법원등기국앞,마포구,314
3,서울서초고용센터앞,서초구,332
3,서울숲 IT캐슬,성동구,21
3,서울숲 공영주차장앞,성동구,1027
3,서울숲 관리사무소,성동구,1908
3,서울숲 지식산업센터,성동구,1465
3,서울숲리버뷰자이APT105동 앞,성동구,435
3,서울숲역 2번출구 앞,성동구,1667
3,서울숲역 5번 출구 옆,성동구,1300
3,서울숲역3번출구,성동구,314
3,서울시 공공자전거 상암센터,마포구,800
3,서울시 도로환경관리센터,양천구,2049
3,서울시 북부병원 앞,중랑구,334
3,서울시 북부여성발전센터,노원구,537
3,서울시 품질시험소 앞,서초구,356
3,서울시립과학관,노원구,503
3,서울시립대 건설공학관,동대문구,538
3,서울시립대 정문 앞 A,동대문구,173
3,서울시립대 정문 앞 B,동대문구,1717
3,서울시립대 정보기술관,동대문구,518
3,서울시립대 후문,동대문구,444
3,서울시설공단 앞,성동구,1197
3,서울시여성가족재단,동작구,367
3,서울시청,중구,1286
3,서울식물원 식물문화센터,강서구,812
3,서울식물원 잔디마당 앞,강서구,1810
3,서울식물원(문화센터) 건너편,강서구,282
3,서울신성초등학교,관악구,447
3,서울신용보증재단,마포구,956
3,서울신우초등학교,관악구,11
3,서울안천초등학교 옆,금천구,106
3,서울여대 남문,노원구,752
3,서울역 12번 출구 앞,용산구,831
3,서울역 7번출구,중구,111
3,서울역 서부,중구,344
3,서울역 서부교차로(3),중구,1039
3,서울역 서부교차로2,중구,966
3,서울역 센트럴 자이아파트,중구,751
3,서울역5번출구,중구,789
3,서울역9번출구,중구,787
3,서울역사박물관 앞,종로구,733
3,서울연신중학교,은평구,169
3,서울연신초등학교,은평구,308
3,서울영상고교 입구,양천구,2472
3,서울율현초교 삼거리,강남구,570
3,서울중랑우체국,중랑구,586
3,서울지방고용노동청 앞,중구,1034
3,서울지방병무청 버스정류장,영등포구,686
3,서울천호동우체국,강동구,1201
3,서울체육고등학교 앞,송파구,1022
3,서울추모공원 입구,서초구,32
3,서울축산농협(장안지점),동대문구,2296
3,서울출입국관리사무소 앞,양천구,1864
3,서울친환경유통센터,송파구,139
3,서울특별시 교육청,종로구,139
3,서울특별시 남부교육지원청,영등포구,475
3,서울특별시 동부교육지원청(육교),동대문구,224
3,서울특별시 동작관악교육지원청,동작구,104
3,서울특별시 은평병원,은평구,369
3,서울특별시 중부교육지원청,종로구,142
3,서울특별시교육청도봉도서관,강북구,965
3,서울혁신파크,은평구,601
3,서울혁신파크1,은평구,186
3,서울혁신파크2,은평구,294
3,서원마을,강동구,167
3,서일스포츠센터,서초구,96
3,서초 크로바타워 앞,서초구,311
3,서초 포레스타5단지,서초구,260
3,서초1교 (진흥아파트 방면),서초구,323
3,서초2교(사임당로 방면),서초구,162
3,서초4동주민센터,서초구,386
3,서초구립반포도서관 앞,서초구,1033
3,서초그랑자이 앞,서초구,280
3,서초동 현대아파트 앞,서초구,292
3,서초리슈빌S 글로벌 앞,서초구,138
3,서초신동아1차아파트 옆,서초구,471
3,서초역 3번출구,서초구,545
3,서초역1번출구 앞,서초구,290
3,서초유치원 맞은편,서초구,483
3,서초종합체육관 입구,서초구,92
3,서초초등학교 후문,서초구,641
3,서초포레스타 7단지,서초구,189
3,서초현대4차아파트 201동 맞은편,서초구,516
3,석계역 3번 출구,노원구,1161
3,석계역 4번출구 뒤,성북구,1329
3,석계역 5번출구 건너편,성북구,1394
3,석계역 문화광장 내 자전거 보관소,노원구,3119
3,석관동주민센터 앞,성북구,754
3,석관래미안아트리치,성북구,943
3,석관초등학교 앞,성북구,953
3,석촌고분역 2번 출구,송파구,1927
3,석촌고분역 4번출구,송파구,1544
3,석촌동 주민센터,송파구,2024
3,석촌역 2번출구,송파구,2352
3,석촌역 8번출구,송파구,2416
3,석촌호수 서호 남단,송파구,1806
3,석촌호수 서호 사거리,송파구,2221
3,석촌호수 아뜰리에,송파구,1784
3,석촌호수교차로 (송파나루근린공원 앞),송파구,616
3,석촌호수교차로(동호 팔각정 앞),송파구,2894
3,선릉역3번출구,강남구,887
3,선린인터넷 고등학교,용산구,985
3,선사고등학교,강동구,329
3,선유도역 3번출구 앞,영등포구,2502
3,선잠단지 앞,성북구,203
3,"선정릉 디캠프(D,CAMP)앞",강남구,199
3,선정릉역 4번 출구,강남구,271
3,섬들근린공원,서초구,915
3,섬유센터 앞,강남구,1064
3,성공회대학교,구로구,410
3,성균관대 E하우스 앞,종로구,1422
3,성균관대 정문,종로구,1919
3,성균관대입구 사거리 A,종로구,841
3,성균관대입구 사거리 B,종로구,1198
3,성내5교,송파구,862
3,성내7교,송파구,1015
3,성내교 남단,송파구,427
3,성내삼성아파트,강동구,2296
3,성내어울터,강동구,2012
3,성내유수지 체육공원,송파구,338
3,성동광진 교육지원청 앞,성동구,1206
3,성동교 사거리,성동구,639
3,성동구 견인차량 보관소 앞,성동구,1421
3,성동구민종합체육센터 건너편,성동구,2266
3,성동도로사업소,성동구,283
3,성동세무서 건너편,성동구,1486
3,성동세무서 부근,성동구,1332
3,성보하이드로빌딩,양천구,806
3,성북3교 위,성북구,1039
3,성북구 한예종 캠퍼스 별관,성북구,787
3,성북구 한예종 캠퍼스 본관,성북구,846
3,성북구보건소 건너편,성북구,618
3,성북구청,성북구,685
3,성북동 치안센터 앞,성북구,547
3,성북쉼터 앞,성북구,140
3,성북제일새마을금고 본점 앞,성북구,366
3,성북청소년문화의집,성북구,66
3,성북청소년센터,성북구,312
3,성산2-1 공영주차장,마포구,1210
3,성산2교 사거리,마포구,1631
3,성산시영아파트,마포구,835
3,성산시영아파트 후문,마포구,1033
3,성서대학교 밀알관,노원구,362
3,성수2가1동 공영주차장 인근,성동구,2784
3,성수사거리 버스정류장 앞,성동구,1899
3,성수아카데미타워 앞,성동구,1733
3,성수역 1번출구 주변,성동구,645
3,성수역 2번출구 앞,성동구,2915
3,성수역3번출구,성동구,3842
3,성신여대입구 교차로,성북구,561
3,성신여대입구역 3번출구 앞,성북구,954
3,성신여대입구역 5번출구,성북구,1079
3,성원2차 아파트,양천구,799
3,성원APT버스정류소,도봉구,495
3,성지아파트 옆 도로변,금천구,125
3,세곡데이케어센터,강남구,134
3,세곡동 사거리(대왕초등학교 정류장),강남구,134
3,세곡동 성당,강남구,372
3,세곡사거리 대왕파출소 앞,강남구,55
3,세륜초등학교 건너편,송파구,241
3,세양청마루 101동 앞,송파구,371
3,세운상가,종로구,543
3,세운스퀘어 앞,종로구,824
3,세이브마트,관악구,1277
3,세종그랑시아 앞(102동),양천구,926
3,세종대왕기념관 교차로,동대문구,485
3,세종대학교,광진구,274
3,세종대학교 대양AI센터,광진구,1102
3,세종대학교(영실관),광진구,521
3,세종대학교(학술정보원),광진구,214
3,세종사이버대학교,광진구,2453
3,세화고등학교,서초구,200
3,센서텍㈜,강서구,1211
3,센트럴 푸르지오 시티 앞,영등포구,1390
3,센트럴파크타워 앞,용산구,1132
3,솔리스타오피스텔(공덕동주민센터),마포구,578
3,솔밭공원역,강북구,239
3,솔밭공원역 1번출구 앞,강북구,418
3,솔밭공원역 1번출구 주변,강북구,438
3,솔브레인이엔지 뒤편,금천구,794
3,송도병원,중구,59
3,송이공원,송파구,438
3,송정역 1번출구,강서구,1775
3,송정역 3번출구 앞,강서구,1088
3,송정중학교,강서구,964
3,송중초등학교 옆,강북구,430
3,송천동 주민센터,강북구,335
3,송천동우체국,강북구,289
3,송천센트레빌,강북구,214
3,송파 글마루 도서관,송파구,564
3,송파 레미니스1단지 102동 앞,송파구,828
3,송파 파인타운 11단지,송파구,580
3,송파구청,송파구,4851
3,송파구청 교차로,송파구,1613
3,송파나루역 4번 출구옆,송파구,3653
3,송파도서관,송파구,747
3,송파레이크힐,송파구,239
3,송파레이크힐 상가,송파구,847
3,송파사거리,송파구,2143
3,송파소방서 (방이119안전센터),송파구,393
3,송파소방서 맞은편(성내4교),송파구,1109
3,송파여성문화회관 앞,송파구,1189
3,송파여성축구장,송파구,408
3,송파역 2번 출구앞,송파구,1162
3,송파역 4번출구,송파구,2165
3,송파중학교 정문,송파구,578
3,송파지역자활센터 뒤,송파구,1621
3,송파청소년센터,송파구,536
3,송파체육문화회관 앞,송파구,1015
3,송파파인타운 10단지 1005동,송파구,228
3,송파파인타운 4단지 403동,송파구,327
3,송파파인타운 7단지,송파구,525
3,송파파크데일 1단지 115동 건너편,송파구,458
3,송파파크데일 2단지입구 앞 주차장,송파구,400
3,송파학사 옆,송파구,929
3,수궁동 성당 주변,구로구,364
3,수락리버시티4단지,노원구,442
3,수락산역 4번출구,노원구,770
3,수명산파크 4단지 411동 앞,강서구,966
3,수명산파크1단지교차로,강서구,2285
3,수명중?고교,강서구,1334
3,수명초등학교,강서구,947
3,수색역,은평구,1154
3,수서동 성당 맞은편,강남구,437
3,수서역 1번출구 앞,강남구,931
3,수서역 5번출구,강남구,2322
3,수서역 7번출구 앞,강남구,288
3,수연빌딩 앞,노원구,713
3,수유1동 주민센터,강북구,524
3,수유2동은행빌딩 앞,강북구,444
3,수유사거리,강북구,772
3,수유역2번출구,강북구,2090
3,수유중앙시장,강북구,817
3,수출의 다리 아래,금천구,508
3,수협 연남동지점,마포구,1257
3,수협대치동지점,강남구,434
3,숙대입구역 4번출구,용산구,1033
3,숙대입구역 8번,용산구,593
3,숙명여대 입구 교차로,용산구,1120
3,숙명여대앞 버스정류소 주변,용산구,183
3,순천향대학병원(한남오거리),용산구,607
3,순흥안씨묘 건너편,금천구,53
3,숭실대 입구역3번 출구 앞,동작구,381
3,숭실대학교(중문),동작구,87
3,숭인2동 주민센터 입구,종로구,1012
3,스타벅스(동교동) 앞,마포구,650
3,스타즈호텔독산 빌딩 앞,금천구,706
3,시립도봉노인복지관 버스정류소,도봉구,496
3,시립동부병원 앞 사거리,동대문구,1779
3,시립미술관,중구,768
3,시립창동운동장 입구,도봉구,122
3,시범아파트버스정류장 옆,영등포구,2217
3,시석빌딩 앞,마포구,595
3,시조사 앞,동대문구,1094
3,시청역 10번출구,중구,396
3,시청역(2호선) 9번출구 뒤,중구,2046
3,시흥4동주민센터 앞,금천구,183
3,시흥사거리(시흥동 994-3 앞),금천구,722
3,신곡시장,양천구,1052
3,신금호역 2번출구 앞,성동구,58
3,신금호파크자이APT앞,성동구,251
3,신길 래미안 프레비뉴,영등포구,478
3,신길동 우리은행 옆,영등포구,702
3,신길선원가와인아파트 앞,영등포구,781
3,신길역 2번출구,영등포구,1216
3,신길역3번출구,영등포구,1297
3,신길우성1차아파트 앞 공원,영등포구,576
3,신길우성4차아파트,영등포구,1196
3,신길자이아파트,영등포구,656
3,신내 우디안 111동 앞,중랑구,200
3,신내2동 주민센터 앞,중랑구,514
3,신내SK V1센터 앞,중랑구,457
3,신내능말공원,중랑구,425
3,신내동 벽산아파트 후문 앞,중랑구,637
3,신내동 한살림 중랑지구 건너편,중랑구,244
3,신내동 한살림 중랑지구 앞,중랑구,512
3,신내어울공원 앞,중랑구,425
3,신내역 4번출구,중랑구,307
3,신내우디안아파트 1단지,중랑구,225
3,신논현역 4번출구,강남구,546
3,신논현타워 앞,서초구,503
3,신답역 사거리,동대문구,1360
3,신당 래미안 버스정류장,중구,527
3,신당동주민센터앞,중구,1330
3,신당역 10번 출구,중구,1274
3,신당역 12번 출구 뒤,중구,2512
3,신대방삼거리,동작구,1301
3,신대방삼거리역 6번출구쪽,동작구,1821
3,신대방역 2번 출구,관악구,4387
3,신도고등학교,은평구,209
3,신도림2차e편한세상아파트 203동 앞,구로구,962
3,신도림4차 e편한세상 아파트 1109동 앞,구로구,868
3,신도림7차e편한세상아파트 806동 앞,구로구,760
3,신도림동주민센터 앞,구로구,1130
3,신도림쌍용플래티넘노블아파트 앞,구로구,1301
3,신도림역 1번 출구 앞,구로구,5516
3,신도림테크노근린공원,구로구,4871
3,신도봉사거리 버스정류장,도봉구,555
3,신도중학교앞,은평구,204
3,신동아럭스빌아파트 앞,서초구,109
3,신동아아파트,영등포구,1880
3,신동아타워 버스정류소,도봉구,320
3,신림1교 교차로,관악구,1243
3,"신림4,5동교",관악구,351
3,신림동 우방아파트,관악구,1122
3,신림동걷고싶은문화의거리입구,관악구,1052
3,신림푸르지오아파트,관악구,738
3,신마곡벽산블루밍메트로오피스텔앞,강서구,899
3,신목동역 2번 출구,양천구,1999
3,신목동역 3번출구,양천구,798
3,신반포역 2번출구 앞,서초구,554
3,신반포역 3번출구 뒤,서초구,220
3,신방화사거리,강서구,2072
3,신방화역 6번출구,강서구,1165
3,신방화역 8번출구,강서구,1047
3,신방화역환승주차장,강서구,2475
3,신봉천주유소 A,관악구,54
3,신봉천주유소 B,관악구,131
3,신사동 가로수길 입구,강남구,502
3,신사동 성당,은평구,230
3,신사동주민센터 옆,강남구,583
3,신사두산위브2차아파트 앞,은평구,842
3,신사로입구,관악구,1184
3,신사스퀘어,강남구,236
3,신사역 4번출구 뒤,서초구,621
3,신석초교앞 교차로 교통섬,마포구,1420
3,신설동역 10번출구 앞,동대문구,1875
3,신설동역 11번출구 뒤,종로구,1591
3,신설동역8번출구,동대문구,1011
3,신성기사식당 앞,마포구,502
3,신성미소지움아파트,중랑구,599
3,신세계면세점,중구,264
3,신세계백화점 본점 앞,중구,647
3,신세기아파트 앞,구로구,584
3,신수동 사거리,마포구,325
3,신수동주민센터,마포구,276
3,신양초교앞 교차로,광진구,628
3,신영동삼거리,종로구,64
3,신영동삼거리(북악터널방향),종로구,71
3,신용산역 1번 출구,용산구,1401
3,신용산역 6번출구 앞,용산구,1187
3,신용산지하차도 앞,용산구,485
3,신원리베르텔 앞,도봉구,638
3,신월6차보람아파트 앞,양천구,942
3,신월사거리,양천구,891
3,신월중학교,양천구,699
3,신응교(가좌로) 앞,은평구,1112
3,신이문역 1번출구,동대문구,788
3,신이문역 2번출구,동대문구,519
3,신일해피트리아파트 앞,양천구,889
3,신자초교입구 교차로,광진구,2203
3,신정1동 주민센터 앞,양천구,2065
3,신정3동 현장민원실 앞,양천구,775
3,신정6동 주민센터 인근,양천구,1837
3,신정교 하부,양천구,1395
3,신정네거리역,양천구,678
3,신정네거리역 교차로,양천구,808
3,신정보도육교 아래,양천구,2263
3,신정숲속마을아파트,양천구,524
3,신정이펜하우스 1단지아파트 입구 사거리,양천구,445
3,신정이펜하우스314동,양천구,619
3,신정제일시장,양천구,694
3,신진과학기술고등학교 버스정류장(응암시장 방면),은평구,798
3,신진빌라,양천구,352
3,신창교,강북구,546
3,신창시장,도봉구,1024
3,신창아파트 입구 앞,도봉구,258
3,신창중학교 후문 맞은편 버스정류장,노원구,746
3,신청담나들목,강남구,302
3,신촌 교보빌딩,마포구,310
3,신촌 청년주택,마포구,1094
3,신촌 파랑고래 입구,서대문구,650
3,신촌기차역입구 교차로,서대문구,324
3,신촌동 제1공영주차장 앞,서대문구,605
3,신촌역 4번출구,서대문구,554
3,신촌역(2호선) 1번출구 옆,서대문구,967
3,신촌역(2호선) 6번출구 옆,마포구,627
3,신촌역(2호선) 7번출구 앞,마포구,1719
3,신트리공원 입구,양천구,2083
3,신풍역 6번출구,영등포구,1295
3,신한금융투자 앞,영등포구,3511
3,신한은행 대림동지점,영등포구,549
3,신한은행 시흥대로금융센터지점,금천구,172
3,심산기념문화센터,서초구,575
3,쌍문동 이안아파트 앞,도봉구,421
3,쌍문역 1번출구 주변,도봉구,834
3,쌍문역4번출구 주변,도봉구,796
3,쌍문현대1차아파트 108동 앞,도봉구,579
3,쌍용아파트2단지 정문,종로구,328
3,쌍용예가(구청별관),영등포구,742
3,쌍용플레티넘오피스텔,영등포구,1297
3,아리랑시네센터 앞,성북구,461
3,아만티호텔 앞,마포구,334
3,아망떼마곡전시장,강서구,1192
3,아메리칸센터,용산구,311
3,아산병원 기숙사 부근,송파구,3159
3,아시아선수촌아파트 교차로,송파구,541
3,아시아지하보도 14번 출구,송파구,1752
3,아시아지하보도 2번 출구,송파구,1015
3,아주중학교건너편,송파구,997
3,아차산 휴먼시아 아파트 옆,광진구,388
3,아차산역 3번출구,광진구,2075
3,아차산역4번출구,광진구,2078
3,아크로리버뷰 부지 앞,서초구,477
3,아크로타워 스퀘어(영등포시장),영등포구,2227
3,아현교회,마포구,255
3,아현문화건강센터,마포구,131
3,아현역 4번출구 앞,마포구,466
3,안골마을입구,서초구,16
3,안국동사거리(신),종로구,1107
3,안국역 5번출구 앞,종로구,1040
3,안산초등학교 앞,서대문구,87
3,안암2교 옆,성북구,1492
3,안암골벽산아파트(후문),동대문구,666
3,안암로터리 버스정류장 앞,성북구,3841
3,안암역 3번 출구,성북구,703
3,안양천합수부(현대3차아파트),강서구,1304
3,안천중학교,금천구,193
3,암사동 선사유적지,강동구,140
3,암사역 3번출구(국민은행앞),강동구,2489
3,암사정수센터교차로(강동롯데캐슬퍼스트아파트),강동구,299
3,압구정 한양 3차 아파트,강남구,317
3,압구정나들목,강남구,1276
3,압구정로데오역 6번출구,강남구,672
3,압구정역 2번 출구 옆,강남구,1196
3,압구정파출소 앞,강남구,895
3,앙카라공원 앞,영등포구,1443
3,애오개역 4번출구 앞,마포구,1250
3,앰배서더 호텔 주변,중구,421
3,약수동 주민센터,중구,78
3,약수역 10번출구 앞,중구,417
3,약수역 3번출구 뒤,중구,504
3,약수역 6번 출구,중구,367
3,양강중학교앞 교차로,양천구,538
3,양남사거리1,영등포구,610
3,양남사거리2,영등포구,571
3,양녕로 입구,관악구,809
3,양문교회 앞,동작구,580
3,양서중학교 옆,양천구,659
3,양원보도육교,양천구,612
3,양원역 1번 출구,중랑구,681
3,양원역 2번출구,중랑구,110
3,양원지구 힐데스하임 앞,중랑구,514
3,양재근린공원,서초구,937
3,양재동 꽃시장 건너편,서초구,403
3,양재동 꽃시장 입구,서초구,297
3,양재시민의숲역 1번출구,서초구,1546
3,양재시민의숲역 3번출구,서초구,840
3,양재역 10번 출구 앞,서초구,591
3,양재역 3번출구 주변,강남구,601
3,양재역 8번출구 앞,서초구,591
3,양재이스타빌 앞,서초구,858
3,양재전화국 사거리,서초구,311
3,양재초등학교 맞은편,서초구,709
3,양지근린공원앞,노원구,894
3,양지사거리,성동구,918
3,양지사거리(센트라스APT 115동앞),성동구,184
3,양천 해누리타운,양천구,2023
3,양천공영차고지,양천구,149
3,"양천구청, 보건소 사잇길",양천구,2610
3,양천구청역 1번출구,양천구,873
3,양천구청역 2번출구 옆,양천구,1717
3,양천문화회관,양천구,1514
3,양천아파트 입구,양천구,2289
3,양천해누리체육공원,양천구,755
3,양천향교역 7번출구앞,강서구,3355
3,양천향교역8번출구,강서구,1522
3,양평1 보행육교 앞,영등포구,1665
3,양평1나들목 보행통로 입구,영등포구,1274
3,양평1동 YP센터 앞,영등포구,534
3,양평교 영등포대여소,영등포구,1408
3,양평동6차현대아파트 앞,영등포구,1505
3,양평동성원아파트,영등포구,1209
3,양평역 1번출구,영등포구,2364
3,양평역2번출구 뒤,영등포구,677
3,양평우림 이비즈센타 앞,영등포구,1694
3,어린이대공원역 2번출구,광진구,868
3,어린이대공원역 3번출구 앞,광진구,1682
3,어린이대공원정문,광진구,823
3,어린이도서관,종로구,444
3,어린이회관,광진구,834
3,어울림병원 앞,영등포구,633
3,언남초등학교 앞,서초구,616
3,언주역 4번출구,강남구,281
3,언주초등학교 입구,강남구,363
3,에스테반,마포구,364
3,에이스 하드웨어(시흥대로 396) 앞,금천구,463
3,에이스에이존빌딩,관악구,604
3,에이스하이엔드타워8차 앞,금천구,819
3,에이스하이엔드타워9차 앞,금천구,655
3,엠펠리체 호텔 건너편,강서구,1542
3,여의나루역 1번출구 앞,영등포구,8272
3,여의도 마리나선착장 앞,영등포구,504
3,여의도 삼부아파트,영등포구,1186
3,여의도 순복음교회,영등포구,495
3,여의도 은하아파트,영등포구,491
3,여의도고교 앞,영등포구,1296
3,여의도역2번출구 앞,영등포구,963
3,여의도중학교 옆,영등포구,2039
3,여의도초교 앞,영등포구,1233
3,역삼1동 주민센터,강남구,710
3,역삼동 sk뷰 501동앞,강남구,325
3,역삼동 디오슈페리움 (우성아파트 사거리),강남구,602
3,역삼빌딩 앞(하나은행 옆),강남구,370
3,역삼월드메르디앙아파트 앞,강남구,348
3,역삼중학교 앞(체육관 방향),강남구,180
3,역촌 센트레빌 아파트,은평구,289
3,역촌센트레빌아파트 101동 앞,은평구,183
3,역촌종합시장 버스정류장(예일여고 방면),은평구,1460
3,역촌파출소,은평구,2358
3,연가교 교차로,서대문구,656
3,연가초등학교 옆,서대문구,325
3,연남동주민센터 앞,마포구,1797
3,연대 대운동장 옆,서대문구,466
3,연서어린이공원,서대문구,508
3,연세강서빌딩,강서구,1213
3,연세대 정문 건너편,서대문구,272
3,연세로 명물길,서대문구,641
3,연신내 선일하이츠빌 정류소,은평구,255
3,연신내역 1번 출구,은평구,706
3,연신내역 3번출구 인근,은평구,398
3,연신내역 4번출구,은평구,407
3,연신내역 5번출구,은평구,1886
3,연신초등학교옆 마을마당,은평구,168
3,연의근린공원 건너편,양천구,545
3,연해피빌 앞,노원구,690
3,연희 브라운스톤 아파트 앞,서대문구,1683
3,연희IC 남측,서대문구,760
3,연희교차로 인근,서대문구,471
3,연희삼거리,서대문구,691
3,연희초등학교 앞,서대문구,337
3,연희파크푸르지오아파트 앞,서대문구,973
3,염곡동(염통골) 입구,서초구,84
3,염곡치안센터 건너편,서초구,79
3,염리초등학교 앞,마포구,923
3,염창동 새마을금고 건너편,강서구,613
3,염창동 한마음아파트 앞,강서구,1188
3,염창역 1번 출구,강서구,1640
3,"염창역 3, 4번 출구 사이",양천구,986
3,염천교사거리,중구,501
3,영도초등학교,양천구,1765
3,영동1교 (양재천근린공원),서초구,793
3,영동1교 북단,서초구,40
3,영동3교 북단(우성캐릭터 앞 보도),강남구,419
3,영동대교 북단,광진구,1279
3,영동중앙교회 버스정류장,강남구,147
3,영등포 신세계백화점,영등포구,3260
3,영등포 푸르지오 아파트 A,영등포구,778
3,영등포 푸르지오 아파트 B,영등포구,956
3,영등포공원 분수대 앞,영등포구,227
3,영등포구민체육센터 앞,영등포구,1406
3,영등포구청역 7번출구,영등포구,4395
3,영등포로터리,영등포구,1506
3,영등포로터리2,영등포구,1330
3,영등포삼환아파트 앞,영등포구,1223
3,영등포시장역 포레나영등포,영등포구,2047
3,영등포역 1번출구,영등포구,2153
3,영등포역5번출구,영등포구,3232
3,영등포유통상가 사거리,영등포구,1139
3,영등포전화국사거리 (서강어린이공원),영등포구,1513
3,영등포청과시장 사거리,영등포구,1013
3,영락고등학교,관악구,287
3,영문초등학교 사거리,영등포구,2926
3,영성빌딩(PAT),중랑구,812
3,영어마을 관악캠프,관악구,79
3,영일 어린이공원,영등포구,782
3,영파여고 앞,송파구,1094
3,영휘원 교차로,동대문구,787
3,영희초교 사거리(래미안개포루체하임),강남구,804
3,예일여중,은평구,910
3,옛골 입구,서초구,84
3,오금공원 사거리,송파구,147
3,오금공원사거리2,송파구,303
3,오금동 대림아파트 정문,송파구,489
3,오금역 3번 출구 뒤,송파구,633
3,오금역 7번 출구 인근,송파구,825
3,오류동 계림웨스트밸리 앞,구로구,179
3,오류동 다숲오피스텔 앞,구로구,512
3,오류동역 2번출구,구로구,663
3,오류동역 맞은편,구로구,962
3,오륜사거리,송파구,464
3,오리로와 서해안도로 교차로 앞,구로구,340
3,오목교 동측 지하보도,영등포구,1242
3,오목교역 3번출구,양천구,3521
3,오목교역 6번 출구,양천구,1644
3,오목교역 7번출구 앞,양천구,2347
3,오목로 무중력지대 앞,양천구,414
3,오솔길공원,양천구,663
3,오정초교 앞 보도육교,구로구,185
3,옥수동성당 옆,성동구,140
3,옥수역 3번출구,성동구,3387
3,온곡초교 교차로,노원구,1333
3,온수역 2번 출구 앞,구로구,309
3,온수역 북측,구로구,213
3,올림픽공원 남2문 앞,송파구,1019
3,올림픽공원 북2문 A,송파구,1324
3,올림픽공원 북2문 B,송파구,2394
3,올림픽공원 서1문 앞,송파구,634
3,올림픽공원 장미광장,송파구,494
3,올림픽공원사거리(선수촌아파트),송파구,1006
3,올림픽공원역 1번출구 앞,송파구,1377
3,올림픽공원역 3번출구,송파구,4312
3,올림픽기념 국민생활관 로터리,종로구,1202
3,올림픽로 836(아리수로),강동구,366
3,올림픽선수기자촌아파트 123동 근처,송파구,268
3,올림픽선수촌아파트 136동 앞,송파구,398
3,올림픽훼미리아파트 112동 앞,송파구,883
3,왈도강서캠퍼스 앞,강서구,1099
3,왕십리 자이아파트(101동 앞),성동구,56
3,왕십리KCC스위첸아파트,성동구,106
3,왕십리교회옆,성동구,2046
3,왕십리역 11번 출구 앞,성동구,1245
3,왕십리역 4번 출구 건너편,성동구,1574
3,왕십리자이아파트 후문(삼거리),성동구,176
3,외국어대 정문 앞,동대문구,2485
3,외대앞역 3번출구,동대문구,958
3,외대앞역 교차로,동대문구,1128
3,용강동 주민센터 앞,마포구,1158
3,용답동 우체국 주변,성동구,707
3,용답토속공원 앞,성동구,465
3,용두동 래미안허브리츠아파트 앞,동대문구,1136
3,용두동 사거리,동대문구,1667
3,용두롯데캐슬리치아파트 앞,동대문구,1033
3,용두역 4번출구,동대문구,2194
3,용마복지센터 앞,중랑구,365
3,용마사거리,광진구,1469
3,용마산역 1번출구,중랑구,228
3,용마지구대 A,중랑구,97
3,용마지구대 B,중랑구,545
3,용마한신아파트사거리,중랑구,192
3,용문2교 옆,성북구,1154
3,용문사 버스정류장,강서구,990
3,용산 선인상가,용산구,357
3,용산 파크타워 앞,용산구,291
3,용산 푸르지오 파크타운 1단지 앞,용산구,217
3,용산공원갤러리앞,용산구,124
3,용산구꿈나무종합타운 앞,용산구,578
3,용산더프라임아파트 101동 앞,용산구,323
3,용산시티파크 101동 앞,용산구,245
3,용산역 맞은편,용산구,2459
3,용산전쟁기념관,용산구,138
3,용산중학교,용산구,764
3,용신동주민센터,동대문구,643
3,우국한마음 아파트 맞은편,서대문구,835
3,우리은행 방배동지점 앞,서초구,531
3,우리은행 시흥남자동화점 앞,금천구,311
3,우면산등산로 입구,서초구,54
3,우물골 근린공원,은평구,420
3,우성4차아파트,광진구,870
3,우성식품 앞,광진구,911
3,우성아파트 교차로,영등포구,684
3,우성아파트 앞,동작구,1578
3,우성아파트사거리 (기업은행앞),서초구,1083
3,우솔초등학교 맞은편,서초구,181
3,우영테크노센터 앞,성동구,1582
3,우이교 교차로,도봉구,1216
3,우이동 먹거리마을,강북구,144
3,우이동길마을마당,강북구,610
3,우이천 창번교,강북구,434
3,우장산동 가곡어린이공원앞,강서구,1581
3,우장산역 1번출구옆(우장산아이파크105동앞),강서구,1531
3,우장산역 3번출구,강서구,1338
3,우장산역 헤링턴타워 앞,강서구,960
3,우장초등학교 앞,강서구,1390
3,원남동사거리,종로구,1084
3,원당공원 앞,도봉구,730
3,원메디타운 앞,구로구,1131
3,원묵고등학교,중랑구,875
3,원일교회,광진구,1711
3,원자력 병원,노원구,442
3,원풍빌라앞,은평구,479
3,원효로2가 교차로,용산구,396
3,원효로다목적체육관 앞,용산구,462
3,월계 롯데캐슬아파트 뒤,노원구,462
3,월계 센트럴 아이파크,노원구,939
3,월계 청백1단지 아파트 정류장,노원구,377
3,월계1동주민센터 앞,노원구,516
3,월계2교 교차로,강북구,368
3,월계2교 버스정류장 앞,성북구,461
3,월계문화체육센터,노원구,165
3,월계역 1번 출구,노원구,680
3,월계중학교,노원구,312
3,월계초안아파트 1단지,노원구,386
3,월계프라자,노원구,561
3,월곡역 3번출구,성북구,1965
3,월곡역 5번출구 앞,성북구,1391
3,월곡역 입구 육교 밑,성북구,313
3,월드메르디앙 벤처센터 2차,금천구,987
3,월드컵경기장역 3번출구 옆,마포구,1872
3,월드컵공원,마포구,1741
3,월드컵파크 4단지,마포구,312
3,월정초 사거리,양천구,429
3,웨스틴 조선호텔,중구,387
3,웰니스센터(민방위교육장 앞),종로구,1109
3,웰츠타워 오피스텔,광진구,1216
3,위너스 스포츠클럽 골프연습장옆,금천구,365
3,위례 포레샤인 1809동 부근,송파구,229
3,위례22단지 2208동 다리앞,송파구,401
3,위례동주민센터,송파구,1633
3,위례별 유치원 뒤,송파구,426
3,위례송파꿈에그린아파트24단지 앞 성벽 다리 밑,송파구,262
3,위례아이파크 101동 맞은편,송파구,410
3,위례중앙푸르지오 1단지 앞,송파구,908
3,위례중앙푸르지오 201동 앞,송파구,1393
3,위례포레나송파,송파구,781
3,위례포레샤인 2310동 부근,송파구,554
3,위례포레샤인13단지,송파구,536
3,위례포레샤인18단지 1802동,송파구,237
3,위례포레샤인18단지 1812동,송파구,127
3,위례포레샤인아파트 정류장,송파구,648
3,윗반마을 입구,강남구,80
3,유니베라 앞,성동구,1566
3,유스호스텔 앞,영등포구,893
3,유원목동아파트 103동 앞,양천구,2244
3,유진투자증권빌딩 앞,영등포구,2020
3,유한양행앞,동작구,1038
3,육군사관학교  앞,노원구,1363
3,윤선생빌딩(JYP사옥),강동구,2471
3,으뜸공원,양천구,472
3,은곡마을,강남구,353
3,은마아파트 입구 사거리,강남구,1004
3,은마아파트입구 사거리(1),강남구,148
3,은천교회,관악구,606
3,은천교회 앞,관악구,807
3,은천로입구 가로공원,관악구,1914
3,은천삼거리,관악구,246
3,은천초등학교 육교,관악구,473
3,은천치안센터,관악구,863
3,은평 성모병원 사거리,은평구,353
3,은평 지웰테라스,은평구,48
3,은평구청 교차로,은평구,730
3,은평뉴타운 도서관,은평구,309
3,은평뉴타운 상림마을 13단지,은평구,92
3,은평뉴타운 아이파크,은평구,482
3,은평뉴타운 은뜨락아파트앞,은평구,379
3,은평뉴타운 푸르지오,은평구,518
3,은평뉴타운 힐데스하임,은평구,728
3,은평뉴타운구파발9단지,은평구,340
3,은평뉴타운폭포동 힐스테이트4단지,은평구,196
3,은평다목적체육관,은평구,268
3,은평서해그랑블아파트앞,은평구,400
3,은평세무서 버스정류장(은평구청 방면),은평구,996
3,은평역사한옥박물관,은평구,268
3,은평예술회관,은평구,910
3,은평평화공원(역촌역4번출구),은평구,1389
3,은하수 공원,노원구,395
3,을지로2가 사거리 남측,중구,528
3,을지로2가 사거리 북측,중구,608
3,을지로3가역 3번출구,중구,1182
3,을지로4가역 1번출구,중구,802
3,을지로4가역 9번출구,중구,1436
3,을지로입구역 2번출구,중구,1102
3,을지로입구역 4번출구 앞,중구,959
3,을지로입구역 8번출구,중구,443
3,을지로지하쇼핑센터,중구,461
3,응봉삼거리,성동구,428
3,응봉역 1번출구,성동구,3036
3,응봉현대아파트 정류소,성동구,255
3,응암2동주민센터 버스정류장(영락중학교 방면),은평구,307
3,응암시장교차로,은평구,1526
3,응암역2번출구 국민은행 앞,은평구,2640
3,응암역3번 출구(서부경찰서 방면),은평구,253
3,응암오거리,은평구,1579
3,의정관,영등포구,256
3,이대목동병원보도육교,양천구,890
3,이대서울병원,강서구,1298
3,이대역 4번 출구,서대문구,317
3,이대역 5번출구,마포구,557
3,이랜드글로벌R&D센터,강서구,543
3,이마트 버스정류소 옆,성동구,3225
3,이마트 버스정류장(서부경찰서 방면),은평구,1781
3,이문e편한세상아파트 앞,동대문구,461
3,이문대성유니드아파트 앞,동대문구,557
3,이문동 쌍용아파트 정문,동대문구,725
3,이문삼익아파트 앞,동대문구,137
3,이수고가차도 남단,서초구,953
3,이수교차로,서초구,1135
3,이수성결교회 옆,동작구,114
3,이수역 11번출구쪽,동작구,1296
3,이수역 1번출구,서초구,1637
3,이수역 4번 출구,서초구,1006
3,이수역 6번출구 앞,서초구,597
3,이수역9번출구,동작구,727
3,이앤씨드림타워 앞,영등포구,2236
3,이좋은집오피스텔 앞,구로구,512
3,이촌1동 마을공원,용산구,330
3,이촌1동 주민센터 뒤,용산구,930
3,이촌2동 동원베네스트 아파트 앞,용산구,742
3,이촌역2번 출구,용산구,318
3,이촌역5번출구 앞,용산구,119
3,이태원관광특구 입구(용산구청방향),용산구,340
3,이태원관광특구입구A(녹사평역쪽),용산구,146
3,이태원로 255,용산구,62
3,이태원역 3번 출구,용산구,344
3,이태원지하보도,용산구,431
3,이투스교육 앞,서초구,189
3,이튼타워리버 2차,광진구,1100
3,이화공영주차장,종로구,430
3,이화여대 인문관 인근,서대문구,257
3,이화여대 후문,서대문구,672
3,인덕대학교,노원구,629
3,인왕산 아이파크 정문,종로구,260
3,인재개발원 데이터센터,서초구,22
3,인재개발원 배움관,서초구,64
3,인헌초교,관악구,134
3,일동제약 사거리,서초구,708
3,일성아파트,종로구,258
3,일신초등학교 옆,성북구,233
3,일원1동 주민센터,강남구,647
3,일원1동주민센터앞 사거리,강남구,415
3,일원에코파크 앞(개포로 방면),강남구,372
3,일원에코파크 주차장,강남구,342
3,일원역 4~5번 출구 사이,강남구,399
3,임광빌딩 앞,서대문구,321
3,자곡사거리,강남구,1045
3,자교교회 앞,종로구,985
3,자양(뚝섬한강공원)역 1번출구 앞,광진구,8632
3,자양2동 주민센터,광진구,1163
3,자양나들목,광진구,1804
3,자양사거리 광진아크로텔 앞,광진구,1459
3,자양사거리(서원빌딩),광진구,2419
3,자양중앙나들목,광진구,1236
3,자양한강도서관,광진구,1173
3,잔디마을 마을버스 정류장,서초구,1018
3,잠실 자전거 수리센터 앞,송파구,2388
3,잠실 파크리오 120동 앞,송파구,1137
3,잠실3거리(갤러리아팰리스),송파구,905
3,잠실4동 주민센터 옆,송파구,1364
3,잠실근린공원,송파구,1569
3,잠실나들목,송파구,1588
3,잠실나들목2(엘스아파트136동),송파구,566
3,잠실나들목4,송파구,1299
3,잠실나들목5,송파구,351
3,잠실나들목6,송파구,545
3,잠실나루 나들목,송파구,1323
3,잠실나루역 (2번 출구 쪽),송파구,2311
3,잠실나루역 고가하부,송파구,431
3,잠실나루역4번출구뒤,송파구,1244
3,잠실대교북단 교차로,광진구,1243
3,잠실새내역 1번출구,송파구,2077
3,잠실새내역 5번 출구 뒤,송파구,3199
3,잠실역 6번출구,송파구,1903
3,잠실역 8번출구,송파구,3389
3,잠실주공 521동 건너편,송파구,1966
3,잠실주공5단지1,송파구,1550
3,잠실트리지움310동 옆,송파구,1668
3,잠원역 3번-4번 출구사이,서초구,778
3,잣절보도육교 아래,양천구,473
3,장곡초등학교 앞,성북구,597
3,장로회신학대학교 주기철 기념관,광진구,86
3,장미원시장 건너편,강북구,522
3,장수공원,양천구,823
3,장승배기역 5번출구,동작구,1321
3,장승배기역2번출구뒷편쪽,동작구,605
3,장안동 사거리,동대문구,2878
3,장안동근린공원 입구,동대문구,593
3,장안동삼거리 교통섬,동대문구,726
3,장안동위더스빌옆,동대문구,2153
3,장안중학교,중랑구,559
3,장안힐스테이트(아) 앞,동대문구,1584
3,장위뉴타운 꿈에 숲 코오롱 하늘채 앞,성북구,1004
3,장지공영차고지,송파구,242
3,장지역 1번출구,송파구,1087
3,장충동먹자골목 앞,중구,621
3,장충체육관,중구,145
3,장한평역 3번출구,동대문구,3801
3,장한평역 8번 출구 앞,성동구,1765
3,장훈고 앞,영등포구,520
3,재동초교 앞 삼거리,종로구,751
3,전농SK아파트 앞,동대문구,250
3,전농동 동아아파트 앞,동대문구,1044
3,전농동 텃골공원,동대문구,605
3,전농사거리 교통섬,동대문구,880
3,전농삼성아파트,동대문구,246
3,전농초등학교 건너편,동대문구,436
3,전자랜드 본관 앞,용산구,650
3,정금마을 마을버스정류장,동작구,464
3,정동사거리,중구,823
3,정릉꿈에그린1단지 201동 앞,성북구,175
3,정릉도서관 앞,성북구,464
3,정릉역,성북구,436
3,정의여중고 버스정류소,도봉구,393
3,제2구민체육센타 앞,영등포구,1816
3,제각말푸르지오 5-1단지 아파트,은평구,214
3,제기2교,동대문구,1269
3,제기동 현대아파트 앞,동대문구,288
3,제기동역 1번출구,동대문구,1845
3,제니스스포츠 앞,구로구,333
3,제일강산수산입구,도봉구,841
3,제일빌딩 앞,마포구,1030
3,조계사앞사거리,종로구,1105
3,조원동 강남힐병원,관악구,757
3,조원동 미성아파트,관악구,769
3,종각역 1번출구 앞,종로구,1557
3,종각역 5번출구,종로구,1316
3,종로2가 버스정류장 (종각방향),종로구,1048
3,종로2가 사거리,종로구,973
3,종로3가역 15번출구 뒤,종로구,782
3,종로3가역 2번출구 뒤,종로구,1168
3,종로3가역 8번출구,종로구,1862
3,종로4가 사거리,종로구,872
3,종로5가역 4번출구,종로구,1028
3,종로6가역 버스정류장(동대문 방향),종로구,738
3,종로구청 옆,종로구,1520
3,종로꽃시장 입구 옆,종로구,733
3,종로문화원 건너편,종로구,468
3,종로오가 지하쇼핑센터 14번출구,종로구,1109
3,종로타워빌딩,종로구,1036
3,종로플레이스,종로구,1867
3,종묘,종로구,576
3,종묘공영주차장 건너편,종로구,367
3,종암동 동덕여대 제2생활관 앞,성북구,1370
3,종암박스파크,성북구,1027
3,종암초등학교 뒤(새울센스빌),동대문구,294
3,종합운동장역 4번출구,송파구,1098
3,주공14단지,금천구,181
3,주공601동 상가 노원지하보도 앞,노원구,1329
3,주식회사 오뚜기 정문 앞,강남구,501
3,주원 리젠트 앞,강서구,561
3,주홍교 하부,서초구,144
3,준빌딩 앞,은평구,171
3,중계 롯데마트,노원구,1179
3,중계2차 한화꿈에그린 101동 인근,노원구,482
3,중계3차청구아파트,노원구,942
3,중계구민체육센터,노원구,642
3,중계근린공원내,노원구,2196
3,중계동 성모빌딩 앞,노원구,1240
3,중계동 을지중학교,노원구,623
3,중계동 하나프라자빌딩 앞(중1-1),노원구,1352
3,중계본동 입구,노원구,177
3,중계역 2번출구,노원구,1735
3,중계역 3번출구,노원구,1317
3,중계역 6번출구,노원구,1377
3,중계종합사회복지관 교차로,노원구,480
3,중계주공2단지 앞,노원구,478
3,중계중학교,노원구,1233
3,중곡 성원아파트 앞,광진구,760
3,중곡SK아파트앞,광진구,517
3,중곡동 파크웨이빌딩,광진구,964
3,중곡역 1번출구,광진구,857
3,중대후문 마을버스정류장,동작구,436
3,중랑공영차고지 옆,중랑구,806
3,중랑교사거리,동대문구,1154
3,중랑구민회관,중랑구,202
3,중랑구청,중랑구,806
3,중랑구청 사거리,중랑구,878
3,중랑구청 중화동 별관 앞,중랑구,1372
3,중랑데시앙플렉스 앞,중랑구,413
3,중랑물재생센터(서울새활용플라자),성동구,435
3,중랑세무서,중랑구,1896
3,중랑역 1번 출구(중화문화복지센터),중랑구,689
3,중랑전화국 교차로,중랑구,1244
3,중랑천 뚝방길 산책로 입구,광진구,907
3,중랑캠핑숲,중랑구,99
3,중림동삼거리,중구,187
3,중부경찰서앞 사거리,중구,303
3,중부경찰서앞사거리 건너편,중구,254
3,중부세무서 앞,중구,131
3,중앙고입구 삼거리,종로구,234
3,중앙근린공원,서대문구,855
3,중앙농협(자양동),광진구,1448
3,중앙대학교 정문 1,동작구,474
3,중앙대학교 중앙광장,동작구,97
3,중앙동 동진빌딩,관악구,536
3,중앙보훈병원역 1번출구,강동구,339
3,중앙보훈병원역3번출구,강동구,130
3,중앙유통단지 앞,구로구,615
3,중앙유통단지 앞 B,구로구,485
3,중앙일보,중구,127
3,중앙하이츠 아파트 입구,노원구,1363
3,중화동 우리은행 앞,중랑구,642
3,중화빌딩 앞 (동부시장),중랑구,664
3,중화수경공원,중랑구,809
3,중화역 2번출구,중랑구,941
3,중화역 4번출구,중랑구,627
3,증권거래소후문교차로,영등포구,1227
3,증미역 2번출구,강서구,1441
3,증미역 3번출구뒤(등촌두산위브센티움오피스텔),강서구,2131
3,증산2교,서대문구,1518
3,증산3교 앞,서대문구,1127
3,증산교 앞,서대문구,1267
3,증산역 4번출구,은평구,1161
3,진관고등학교앞,은평구,408
3,진관동 은빛초등학교,은평구,267
3,진미파라곤 앞,영등포구,1044
3,진주아파트상가 앞,영등포구,694
3,참새공원(백곡경노당),구로구,241
3,창1동주민센터,도봉구,462
3,창경궁 입구,종로구,681
3,창동 주공 4단지 입구 옆,도봉구,619
3,창동19단지아파트 관리사무소앞,도봉구,651
3,창동동아청솔정문 건너편,도봉구,325
3,창동시장입구 사거리,도봉구,551
3,창동역 1번출구 건너편,도봉구,606
3,창동역 1번출구 앞,도봉구,2149
3,창동역 2번출구,도봉구,2443
3,창동주공17단지 상가앞,도봉구,1127
3,창동주공19단지앞,도봉구,924
3,창동청소년수련관,도봉구,431
3,창동한신아파트 버스정류소,도봉구,517
3,창신3동주민센터,종로구,896
3,창신두산아파트,종로구,124
3,창신역 1번출구 앞,종로구,477
3,창신역2번 출구,종로구,85
3,창원초등학교 교차로,도봉구,567
3,창포원 남쪽 입구,도봉구,545
3,천동초교 삼거리,강동구,911
3,천동초교입구사거리 버스정류장(십자성마을 방면),강동구,1320
3,천왕역 1번 출입구 앞,구로구,1660
3,천왕역 3번 출구 뒤,구로구,49
3,천왕역 4번출구 뒤,구로구,992
3,천왕연지타운2단지 앞,구로구,975
3,천왕이펜하우스 4단지 후문,구로구,209
3,천왕이펜하우스3단지 앞,구로구,335
3,천왕이펜하우스5단지 앞,구로구,167
3,천왕지구삼거리 앞,구로구,526
3,천왕차량사업소 입구,구로구,497
3,천일초교 사거리,강동구,650
3,천주교 대치 2동 교회 옆,강남구,612
3,천지인 오피스텔 앞,종로구,63
3,천호시장 버스정류소 옆,강동구,398
3,천호역 10번 출구 앞,송파구,2701
3,천호역4번출구(현대백화점),강동구,3475
3,천호역효성해링턴타워 앞,강동구,131
3,천호지하주차장 5번 출입구,강동구,863
3,천호초교 입구 사거리(일주빌딩),강동구,657
3,철도교통관제센터 정문 앞,구로구,52
3,청계2가 사거리 옆,종로구,1093
3,청계3가 사거리,종로구,808
3,청계8가 사거리 B,성동구,1973
3,청계8가사거리 A,종로구,1599
3,청계9가교차로 앞,동대문구,2084
3,청계광장 옆,중구,1010
3,청계벽산아파트 앞,성동구,1102
3,청계산 입구 삼거리,서초구,119
3,청계산입구역 1번출구,서초구,774
3,청계산입구역 2번출구,서초구,162
3,청계천 박물관 앞,성동구,573
3,청계천 생태교실 앞,성동구,3509
3,청계천 영도교,중구,2395
3,청계한신휴플러스앞 삼거리,동대문구,972
3,청구e편한세상아파트 113동 앞,중구,563
3,청구성심병원 앞,은평구,476
3,청구아파트 앞,구로구,829
3,청기와빌딩,양천구,588
3,청년주택 독산동점,금천구,285
3,청년취업사관학교앞,금천구,328
3,청담공원앞 교차로,강남구,390
3,청담나들목입구,강남구,352
3,청담동 맥도날드 옆(위치),강남구,312
3,청담사거리(신한오피스텔빌딩 앞),강남구,299
3,청담역 11번 출구,강남구,42
3,청담역 13번 출구 앞,강남구,390
3,청담역 1번출구,강남구,181
3,청담역 2번출구,강남구,132
3,청담역(우리들병원 앞),강남구,187
3,청량리 기업은행 앞,동대문구,2118
3,청량차도 육교 밑,동대문구,343
3,청소년수련관 후문,노원구,2339
3,청소년수련관(수영장)앞,강남구,342
3,청소년음악센터,양천구,32
3,청솔우성아파트 앞,동대문구,930
3,청암예술학교 앞,노원구,1175
3,청암자이아파트 앞,용산구,647
3,청와대앞길,종로구,140
3,청운초교 앞 삼거리,종로구,534
3,청파동삼거리 앞,용산구,465
3,청파동입구 교차로,용산구,598
3,초롱타운 앞,구로구,251
3,초원아파트 앞,영등포구,1317
3,총신대 앞(육교),동작구,85
3,충무로역 1번출구,중구,786
3,충무로역 6번출구 앞,중구,581
3,충북 미래관,영등포구,2032
3,충정2교,서대문구,560
3,충정로역 1번 출구,서대문구,241
3,충정로역 2호선(엘리베이터 앞),중구,228
3,충정로역 3번 출구,서대문구,222
3,충정로역 7번출구 아래,서대문구,439
3,커먼그라운드,광진구,2608
3,코레일유통본사,영등포구,855
3,코스트코 상봉점,중랑구,1225
3,코오롱One&Only타워,강서구,1682
3,코오롱디지털타워 3차앞,성동구,1573
3,코오롱아파트사거리,마포구,2138
3,코오롱테크노밸리,금천구,213
3,콤텍시스템 앞,영등포구,553
3,크라운호텔앞 버스정류소,용산구,468
3,크린랩 본사,강남구,174
3,탄천1교 하부보도,송파구,452
3,탑골공원 앞,종로구,604
3,탑성마을 버스정거장 옆,서초구,27
3,탑성마을입구,서초구,21
3,태릉입구역 3번출구,노원구,868
3,태릉입구역 5번출구,노원구,2497
3,태릉입구역 8번출구,노원구,1692
3,태평양물산,구로구,1998
3,테라타워2,송파구,2043
3,테스트 대여소,성동구,1
3,테크노마트 앞,구로구,1572
3,퇴계로4가 교차로(중구청),중구,1049
3,트레빌빌딩,강동구,1066
3,파르코 앞,노원구,249
3,파크타워 104동 앞,용산구,166
3,파크팰리스,종로구,737
3,페코텍글로벌허브빌딩 앞,성동구,2116
3,평생학습관 앞,은평구,833
3,평창동주민센터 앞,종로구,132
3,평화도봉공원 주변,도봉구,723
3,포레나 당산,영등포구,991
3,포레스 주상복합 빌딩,강동구,1075
3,포르투갈 대사관 앞,종로구,671
3,포스코사거리 서측(수협 삼성동 지점),강남구,479
3,포스코사거리(기업은행),강남구,1059
3,포스코피앤에스타워 (역삼역 3번출구 부근),강남구,633
3,폭포동입구 교차로,은평구,194
3,푸르메병원,마포구,983
3,푸조비즈타워 앞,성동구,1591
3,풍납근린공원,송파구,699
3,풍납동 아이파크 107동 앞,송파구,916
3,풍납백제문화공원 옆 인근,송파구,1846
3,풍납사거리 성내유수지,송파구,671
3,풍납사거리(강동),강동구,1144
3,풍납중학교 측면,송파구,471
3,풍납토성 서성벽터A,송파구,802
3,풍납토성 서성벽터B,송파구,510
3,풍납현대아파트쉼터,송파구,1636
3,풍전아파트 건너편,용산구,626
3,프라이어팰리스아파트,강동구,542
3,프라자 아파트 앞,강동구,704
3,프런트원(공덕역4번출구 앞),마포구,611
3,필동 삼거리,중구,593
3,하계 어린이 공원,노원구,1381
3,하계2동 공항버스정류장 옆,노원구,1422
3,하계동 중평어린이공원 앞,노원구,1450
3,하계역 6번출구,노원구,1091
3,하늘공원 입구,마포구,582
3,하늘숲초등학교 앞,구로구,627
3,하늘채코오롱아파트 건너편,마포구,1699
3,하얏트호텔 앞,용산구,73
3,하우스디세종타워 앞,성동구,853
3,하이투자증권 앞,영등포구,1174
3,학동로 래미안 아파트 앞,강남구,173
3,학동역,강남구,331
3,학여울역 사거리,강남구,297
3,학여울역 사거리(LG베스트샵 앞),강남구,752
3,학여울역사거리(은마아파트),강남구,154
3,한가람미술관 앞,서초구,226
3,한강 현대아파트 건너편,동작구,44
3,한강GS에클라트 건너편 교통섬,용산구,435
3,한강공원 망원나들목,마포구,7567
3,한강대교 북단 교차로,용산구,1552
3,한강버스 마곡 선착장,강서구,368
3,한강아파트,강서구,1111
3,한강중학교 앞 버스정류장,용산구,300
3,한강진역 2번 출구 앞,용산구,297
3,한강초교보도육교 앞,용산구,615
3,한강트럼프월드3차 앞,용산구,828
3,한국SGI 양천문화회관 앞,양천구,786
3,한국과학기술연구원 북문,성북구,104
3,한국과학기술연구원 중문,성북구,189
3,한국국방연구원 앞,동대문구,886
3,한국우편사업진흥원,강남구,161
3,한국은행,중구,230
3,한국전력 구로금천지사 앞,금천구,462
3,한국전력공사(동대문 중랑지사),중랑구,682
3,한국종합기술사옥 앞,강동구,1549
3,한국지역난방공사강남지사,강남구,278
3,한국체육대학교,송파구,556
3,한국콜마종합기술원 앞,서초구,4
3,한남 유수지 복개주차장,용산구,643
3,한남나들목 입구,용산구,1167
3,한남나인원 105동 앞,용산구,320
3,한남초교 앞 보도육교,용산구,114
3,한내 행복발전소 옆,노원구,1935
3,한내근린공원 남측,노원구,603
3,한내근린공원 북측,노원구,923
3,한림대학교 강남성심병원 신관,영등포구,863
3,한림연예예술고등학교,송파구,645
3,한마을아파트 정문상가,구로구,967
3,한사랑교회 앞,양천구,864
3,한성대7번출구 앞,성북구,431
3,한성대입구역2번출구,성북구,1313
3,한성대입구역6번출구 뒤,성북구,609
3,한성백제역 1번출구 뒤,송파구,2165
3,한성백제역 2번 출구,송파구,2037
3,한신16차아파트 119동 앞,서초구,2725
3,한신아파트 앞 육교 아래,금천구,400
3,한신코아 앞,금천구,324
3,한신휴아파트 앞,구로구,1096
3,한양3차아파트 3동 앞,송파구,252
3,한양대병원사거리,성동구,1291
3,한양대역 1번출구,성동구,716
3,한양대역 3번 출구,성동구,1572
3,한양대후문역 부근,성동구,1027
3,한양수자인아파트 앞,중랑구,325
3,한영외국어고등학교,강동구,93
3,한영중고앞사거리,강동구,322
3,한울중학교,금천구,116
3,한일유앤아이아파트 105동 인근,노원구,714
3,한전아트센터 앞,서초구,527
3,한진아파트 입구,구로구,641
3,한천교 동편,노원구,763
3,한티역 3번출구,강남구,247
3,한티역 6번 출구,강남구,312
3,한티역 롯데백화점 앞,강남구,649
3,한화오벨리스크 앞,마포구,527
3,함지박 사거리,서초구,489
3,합정동주민센터 앞,마포구,1877
3,합정역 1번출구 앞,마포구,1323
3,합정역 5번출구 앞,마포구,700
3,합정역 7번출구 앞,마포구,2341
3,항동지구 10단지 1001동 앞,구로구,132
3,항동지구 11단지 1103동 앞,구로구,79
3,항동지구 1단지 105동 앞,구로구,171
3,항동지구 2단지 202동 앞,구로구,143
3,항동지구 3단지 302동 앞,구로구,34
3,항동지구 3단지 311동 앞,구로구,79
3,항동지구 4단지 입구,구로구,104
3,항동지구 6단지 602동 앞,구로구,149
3,항동지구 7단지 정문,구로구,379
3,항동지구 8단지 803동옆(주차장입구),구로구,60
3,항동지구5단지 501동 앞,구로구,142
3,항동프라자,구로구,284
3,항동하버리안2단지아파트 후문,구로구,105
3,해공공원(천호동),강동구,1370
3,해공도서관앞,강동구,603
3,해담는다리,서대문구,1652
3,해뜨는 주유소옆 리엔파크 109동앞,강동구,389
3,해원리바파크 육교 밑,구로구,1173
3,행당동 삼부APT후문,성동구,192
3,행당역 2번출구 앞,성동구,558
3,행당중학교 후문,성동구,584
3,허준박물관삼거리,강서구,898
3,헬리오시티 112동 앞,송파구,827
3,헬스케어,노원구,940
3,현대 뜨레비앙 아파트 앞,종로구,780
3,현대 안성타워,용산구,293
3,현대6차 아파트,노원구,1095
3,현대6차아파트 101동 옆,양천구,661
3,현대고등학교 건너편,강남구,1375
3,현대그룹(본사),종로구,780
3,현대백화점 미아점,성북구,534
3,현대벤처빌 앞,마포구,251
3,현대성우아파트 옆,강북구,283
3,현대시장사거리,관악구,933
3,현대시티아울렛 가산,금천구,860
3,현대아파트 앞,구로구,404
3,현대아파트 정문 앞,강남구,412
3,현대자동차 동부서비스센터 주변,성동구,964
3,현대자동차서비스 앞,용산구,562
3,현대하이페리온,양천구,1906
3,현대홈타운 뒷길,광진구,231
3,혜명양로원 담장 옆(2),금천구,256
3,혜화동 로터리,종로구,1022
3,혜화역 1번출구,종로구,1936
3,혜화역 3번출구 뒤,종로구,1015
3,호돌이공원,강서구,330
3,호돌이상가,송파구,482
3,호반써밋,송파구,780
3,호암아트홀,중구,126
3,홈플러스 금천점 앞,금천구,631
3,홈플러스 마포점 앞,마포구,2084
3,홈플러스 면목점,중랑구,544
3,홈플러스 상봉점 앞,중랑구,895
3,홈플러스 시흥점 맞은편 다비치안경 앞,금천구,471
3,홈플러스 신내점 앞,중랑구,1761
3,홈플러스 잠실점,송파구,1497
3,홈플러스(강서점),강서구,2122
3,홍남교 버스정류장,서대문구,541
3,홍남교 사거리,서대문구,1019
3,홍대입구역 2번출구 앞,마포구,3798
3,홍대입구역 3번출구,마포구,2867
3,홍대입구역 6번출구,마포구,1430
3,홍대입구역 8번출구 앞,마포구,1685
3,홍대입구역 사거리,마포구,1363
3,홍련봉 공원,광진구,399
3,홍연2교 사거리,서대문구,393
3,홍연2교옆,서대문구,936
3,홍은 현대아이파크 아파트 202동 앞,서대문구,427
3,홍은2파출소 옆,서대문구,519
3,홍은도담도서관,서대문구,385
3,홍은동 정원여중 입구,서대문구,671
3,홍은사거리,서대문구,2274
3,홍은센트레빌 아파트 앞,서대문구,288
3,홍익병원앞 교차로,양천구,1372
3,홍익중고 입구,성북구,769
3,홍제교,서대문구,462
3,홍제삼거리 북측,서대문구,746
3,화곡2동주민센터,강서구,748
3,화곡로 입구 교차로,양천구,307
3,화곡본동시장 버스정류장,강서구,409
3,화곡본동시장 입구,강서구,620
3,화곡역 1번 출구 앞,강서구,1535
3,화곡역 6번출구,강서구,1309
3,화곡역 버스정류장,강서구,1490
3,화곡터널입구교차로,강서구,944
3,화랑대역 2번출구 앞,노원구,2387
3,화랑대역 7번출구,중랑구,1058
3,화양 APT(횡단보도 옆),광진구,2775
3,화양동 우체국,광진구,1569
3,화양사거리,광진구,610
3,황금내근린공원,강서구,1797
3,황학동롯데캐슬,중구,1648
3,회기역 2-①번출구,동대문구,1683
3,회현사거리 남측,중구,461
3,회현역 1번출구,중구,293
3,회현역 7번출구,중구,243
3,효성인텔리안 앞,강북구,1272
3,효자동 삼거리,종로구,767
3,효창 푸르지오 앞,용산구,309
3,효창공원앞역 3번출구 앞,용산구,1159
3,효창공원앞역 5번출구 옆,용산구,209
3,효창동주민센터 앞,용산구,292
3,훈련원공원주차장 앞,중구,1022
3,휘경119안전센터 앞,동대문구,756
3,휘경1동주민센터 앞,동대문구,620
3,휘경2동 주민센터,동대문구,322
3,휘경sk뷰아파트 앞,동대문구,376
3,휘경여중고삼거리,동대문구,911
3,휘문고교 사거리,강남구,217
3,휘봉고등학교 앞,동대문구,772
3,휴플러스 수락한신아파트 101동 앞,노원구,371
3,흑석 아크로리버하임(103동),동작구,56
3,흑석동주민센터 입구,동작구,188
3,흑석동효사정앞,동작구,136
3,흑석롯데캐슬에듀포레(107동),동작구,232
3,흑석역 1번출구,동작구,2322
3,흑석역 4번출구,동작구,349
3,흑석한강푸르지오 106동앞,동작구,26
3,흑석한강푸르지오(110동),동작구,68
3,흥국사 정류장,은평구,97
3,희성오피앙,노원구,691
3,희훈타워빌 앞,구로구,1160
3,힐스테이트에코,강서구,2051
3,힐스테이트창경궁 아파트 앞,종로구,665
3,힐스테이트클래시안아파트,영등포구,860
4,(시립)고덕평생학습관,강동구,496
4,(재)FITI시험연구원,강서구,1231
4,3호선 매봉역 3번출구앞,강남구,1330
4,419민주묘지역,강북구,722
4,419민주묘지역 1번출구,강북구,867
4,419탑 앞,강북구,513
4,"500번,507번 버스 종점 앞",금천구,244
4,63스퀘어,영등포구,1884
4,7호선 이수역7번출구,동작구,684
4,9호선종합운동장역 9번출구,송파구,957
4,AS센터,성동구,18
4,CBS방송국 앞,양천구,3485
4,CJ 드림시티,은평구,3017
4,CJ오쇼핑앞,서초구,132
4,CJ제일제당 앞,중구,1084
4,DDP 패션몰,중구,971
4,DMC래미안e편한세상203동옆,서대문구,484
4,DMC빌 앞,마포구,466
4,DMC산학협력연구센터 앞,마포구,1012
4,DMC엘가아파트 앞,서대문구,860
4,DMC역 2번출구 옆,마포구,1644
4,DMC역 5번 출구(수색역 방향),은평구,1186
4,DMC역 9번출구 앞,마포구,1959
4,DMC역7번출구,마포구,590
4,DMC첨단산업센터,마포구,401
4,DMC파크뷰자이1단지 110동 앞,서대문구,648
4,DMC파크뷰자이아파트 302동 앞,서대문구,709
4,DMC홍보관,마포구,1006
4,ESA아파트 상가 앞,도봉구,965
4,FITI시험연구원 앞,동대문구,468
4,HID 유족동지회 앞,용산구,126
4,HW컨벤션센터 앞,종로구,136
4,H비즈니스파크,송파구,1246
4,IBK기업은행 석수역 지점 앞,금천구,139
4,JK장평타워,관악구,100
4,JTBC 앞,마포구,782
4,JW타워,서초구,181
4,K&S빌딩 앞,광진구,1796
4,K+ 타워 앞,강남구,555
4,KAIST 경영대학 앞,동대문구,1074
4,KBS 스포츠월드,강서구,1848
4,KBS 앞,영등포구,2417
4,KBS 연구동 건너편,영등포구,428
4,KB국민은행 염창역 지점 앞,양천구,1089
4,KCC용산웰츠(WELLTZ)타워,용산구,348
4,KEB 하나금융그룹 명동사옥 옆,중구,739
4,KEB은행 고대점,성북구,1189
4,KG타워 앞,중구,690
4,KRX한국거래소(1),영등포구,620
4,KT 서초지사 앞,서초구,270
4,KT 전화국 버스정류장 옆,노원구,2854
4,KT&G 관악지점,관악구,417
4,KT&G강동지사,강동구,891
4,KT&G타워 옆(상상마당 대치아트홀),강남구,334
4,KT관악지점,관악구,659
4,KT선릉타워,강남구,893
4,KT앞,영등포구,2057
4,KT플라자 영등포점,영등포구,1592
4,KT혜화지사 앞,종로구,886
4,LG CNS앞,마포구,800
4,LG 사이언스파크,강서구,690
4,LG사이언스파크 E10동,강서구,1053
4,LG유플러스 (방배사옥),서초구,58
4,LG유플러스 마곡사옥,강서구,2354
4,LG전자 별관동(호서대 벤처타워 맞은편),금천구,480
4,LG전자가산A와 가산테라타워 사이,금천구,622
4,LG한강 자이아파트 앞,용산구,1168
4,LH 서초 4단지 403동,서초구,473
4,LH서초3단지 301동 맞은편,서초구,242
4,LIGA 아파트 앞,강동구,2011
4,LIG강촌아파트 103동앞,용산구,919
4,MBC 앞,마포구,587
4,MCM 본사 직영점 앞,강남구,233
4,NH농협은행 앞,영등포구,2180
4,SBS방송국,양천구,1558
4,SB타워 앞,강남구,216
4,SC제일은행 양재동지점 앞,서초구,431
4,SK 남산빌딩,중구,247
4,SK 서린빌딩 앞,종로구,1413
4,SK리쳄블(서울아리수본부),서대문구,336
4,SPC 앞,서초구,588
4,SSTS 몰 앞,강동구,600
4,STX V타워,금천구,480
4,U레지던스 앞,영등포구,756
4,W컨템포오피스텔앞,금천구,186
4,e 편한세상 보문아파트 내,성북구,237
4,e편한세상 상도노빌리티 앞,동작구,637
4,e편한세상 신촌4단지 앞,서대문구,545
4,kt 행당빌딩 앞,성동구,786
4,sk신내 주유소앞(용마산로),중랑구,131
4,가든파이브 리빙관,송파구,318
4,가락1동주민센터,송파구,966
4,가락2동주민센터 인근,송파구,525
4,가락고등학교 앞,송파구,293
4,가락대림아파트 앞,송파구,855
4,가락몰 업무동,송파구,1052
4,가락미륭아파트 앞,송파구,403
4,가락삼환아파트 앞,송파구,404
4,가락시장 남1문 사거리,송파구,598
4,가락시장역 2번 출구,송파구,1066
4,가락시장역 3번 출구,송파구,1839
4,가락시장역 사거리,송파구,1043
4,가락쌍용2차아파트 103동,송파구,624
4,가락종합 사회복지관,송파구,424
4,가락중학교 앞,송파구,479
4,가락현대 1차 11동 앞,송파구,393
4,가로공원공영주차장 1번 출구,강서구,1176
4,가리봉동주민센터,구로구,996
4,가마산지하보도 옆,구로구,518
4,가산동 주민센터,금천구,1020
4,가산디지털단지 9번출구 인근,금천구,2139
4,가산롯데아이티캐슬,금천구,753
4,가산아네스트 오피스텔 앞,금천구,544
4,가양3동 주민센터,강서구,926
4,가양레포츠센터 앞,강서구,1071
4,가양역 1번출구,강서구,1897
4,가양역 7번출구,강서구,2828
4,가양역 8번출구,강서구,3075
4,가양오토갤러리,강서구,762
4,가양테크노타운,강서구,539
4,가오리역,강북구,741
4,가온문화공원,마포구,1211
4,가재울 초등학교,서대문구,1152
4,가재울사거리,서대문구,515
4,가좌삼거리,서대문구,978
4,가좌역 4번출구 앞,서대문구,1217
4,가좌역1 번출구 앞,마포구,1050
4,가좌행복주택 앞,마포구,796
4,갈산문화예술센터,양천구,1129
4,갈현1동 주민센터,은평구,361
4,갑을그레이트밸리 앞,금천구,602
4,강남 을지병원 교차로,강남구,276
4,강남경찰서,강남구,1081
4,강남구 도시관리공단,강남구,388
4,강남구청,강남구,455
4,강남구청역 2번출구 뒤,강남구,545
4,강남세브란스교차로  래미안그레이튼 104동 앞,강남구,384
4,강남자곡힐스테이트,강남구,521
4,강남중학교 앞,동작구,1021
4,강남파이낸스센터앞(역삼역2번출구),강남구,475
4,강남한신휴플러스 6단지,강남구,487
4,강남한양수자인아파트,강남구,501
4,강동 한신휴플러스,강동구,1098
4,강동경희대학교병원 입구,강동구,345
4,강동구음식물재활용센터,강동구,39
4,강동구청 앞,강동구,2687
4,강동구청역 1번 출입구,강동구,1464
4,강동농협 버스정류소 앞(광채빌라),강동구,771
4,강동롯데캐슬퍼스트 아파트(관리동),강동구,576
4,강동리버스트4단지아파트 404동 앞,강동구,379
4,강동리버스트4단지아파트 405동 앞,강동구,283
4,강동리버스트6단지,강동구,415
4,강동리버스트7단지,강동구,427
4,강동리버스트8단지,강동구,420
4,강동리엔파크 13단지(1303동 앞),강동구,595
4,강동리엔파크14단지(1401동 앞),강동구,599
4,강동리엔파크9단지,강동구,464
4,강동세무서,강동구,2134
4,강동역 1번출구 앞,강동구,1337
4,강동역3번출구,강동구,2365
4,강변그대가리버뷰 입구 맞은편,강동구,1112
4,강변삼성래미안,영등포구,1114
4,강변삼성스위트아파트 앞,용산구,324
4,강변아파트 310동 앞,강서구,736
4,강변역 4번출구 뒤,광진구,1292
4,강북 청소년 문화정보도서관 앞,강북구,233
4,강북구청 뒷편,강북구,290
4,강북구청 사거리 버스정류소 앞,강북구,867
4,강북구청사거리,강북구,1105
4,강북구청사거리(수유역 8번출구),강북구,1796
4,강북문화예술회관,강북구,1011
4,강북문화정보도서관,강북구,295
4,강북종합시장 앞,강북구,543
4,강북중학교 앞,강북구,1446
4,강서공업고등학교 앞,강서구,877
4,강서구립등빛도서관,강서구,3116
4,강서구민올림픽체육센터,강서구,1479
4,강서구보건소,강서구,718
4,강서구의회,강서구,1645
4,강서구청,강서구,2139
4,강서구청사거리(SH타워),강서구,2375
4,강서구청사거리(부민병원),강서구,941
4,강서대학교,강서구,458
4,강서면허시험장 앞,강서구,286
4,강서문화센터,강서구,257
4,강서세무서 앞,강서구,2093
4,강서수도사업소민원센터,구로구,1133
4,강서수산물도매시장,강서구,674
4,강서아동복지센터,강서구,93
4,강서우체국,강서구,866
4,강서초등학교,양천구,382
4,강서한강자이타워 앞,강서구,2390
4,강서힐스테이트 상가 앞,강서구,825
4,강월초교입구 사거리,양천구,468
4,강일 다솜 어린이 공원,강동구,237
4,강일동 리슈빌 빌딩앞,강동구,1212
4,강일동입구교차로,강동구,241
4,강일리버파크 10단지,강동구,473
4,강일리버파크 2~5단지,강동구,462
4,강일리버파크 6단지,강동구,198
4,강일리버파크 7~11단지,강동구,363
4,강일역 3번출구,강동구,661
4,강일역 4번출구,강동구,295
4,"강일중,선사고 버스정류장(신암중학교 방면)",강동구,857
4,개롱역 3번 출구 뒤,송파구,937
4,개롱역사거리 2번 출구,송파구,865
4,개봉센트레빌레우스아파트 앞,구로구,139
4,개봉아이파크아파트 앞,구로구,871
4,개봉역 1번 출구 자전거보관서쪽,구로구,569
4,개봉역2번출구 A,구로구,1227
4,개봉역2번출구 B,구로구,269
4,개봉지구대 개봉치안센터,구로구,653
4,개봉푸르지오아파트 상가,구로구,1444
4,개포1단지아파트 입구 (보도육교),강남구,147
4,개포고등학교 정문앞,강남구,319
4,개포동역 4번출구,강남구,1016
4,개포동역 사거리,강남구,571
4,개포래미안포레스트아파트 107동 앞,강남구,522
4,개포우성6차아파트 정문 앞,강남구,383
4,개화광역환승센터,강서구,169
4,개화산역 2번 출구,강서구,681
4,거여5단지 503동 앞,송파구,429
4,거여동 사거리,송파구,295
4,거여동 어울림아파트  102동앞,송파구,577
4,거여동사거리 송파둘레길 입구,송파구,230
4,거여역 3번출구,송파구,1432
4,거여역 8번출구 뒤,송파구,1429
4,거여초등학교 옆,송파구,496
4,건국대학교 (입학정보관),광진구,1594
4,건국대학교 (행정관),광진구,687
4,건국대학교 과학관(이과대) 앞,광진구,1045
4,건국대학교 정문 앞,광진구,1197
4,건국대학교 학생회관,광진구,2863
4,건대병원후문,광진구,3708
4,건대입구역 5번출구 뒤,광진구,2698
4,건대입구역 사거리(롯데백화점),광진구,4504
4,건영아파트 앞,성동구,1441
4,건영아파트앞 사거리,송파구,1259
4,겸재교 진입부,중랑구,2059
4,겸재정선미술관,강서구,1039
4,경기여자고등학교 후문 (삼성로3길 입구),강남구,683
4,경문고등학교 앞,동작구,639
4,경복궁역 6번출구 뒤,종로구,1784
4,경복궁역 7번출구 앞,종로구,855
4,경서농협 버스정류장(우리은행신정동지점방향),양천구,917
4,경일중학교 앞,성동구,1334
4,"경찰병원역 1,2번 출구 사이",송파구,665
4,경찰병원역 3번출구 앞,송파구,1039
4,경창시장,양천구,376
4,경희궁 자이 2단지,종로구,864
4,경희궁 자이 3단지,종로구,874
4,경희대학교 청운관,동대문구,981
4,계남공원 입구 주출입구 좌측,양천구,230
4,고대앞사거리 교통섬,동대문구,1235
4,고덕 래미안 힐스테이트(101동),강동구,441
4,고덕 래미안힐스테이트(201동),강동구,159
4,고덕동 래미안 힐스테이트,강동구,245
4,고덕동 아남아파트,강동구,728
4,고덕동 주양쇼핑,강동구,813
4,고덕센트럴 아이파크상가 앞,강동구,542
4,고덕숲 아이파크 1,강동구,201
4,고덕숲 아이파크 2,강동구,170
4,고덕역 4번출구,강동구,1405
4,고덕역 5번출구,강동구,951
4,고덕자이(105동 앞),강동구,933
4,고덕중학교 후문,강동구,274
4,고덕초등학교,강동구,173
4,고려대학교 2번출구,성북구,1633
4,고려사대부속중고 건너편,성북구,241
4,고려사대부속중고 정문,성북구,273
4,고속터미널역 3번출구,서초구,545
4,고속터미널역 5번출구 앞,서초구,572
4,"고속터미널역 8-1번, 8-2번 출구 사이",서초구,3275
4,고척LIGA아파트 앞,구로구,1439
4,고척교 교차로,구로구,626
4,고척근린공원 고척도서관 앞,구로구,876
4,고척스카이돔구장 광장,구로구,938
4,고척아이파크아파트 106동 앞,구로구,875
4,고척아이파크아파트 205동 앞,구로구,741
4,고투몰 gate 15옆,서초구,634
4,곰달래 문화복지센터 A,강서구,1255
4,곰달래 문화복지센터 B,강서구,334
4,공덕역 2번출구,마포구,821
4,공덕역 5번출구,마포구,953
4,공덕역 8번출구,마포구,1896
4,공덕역 경의선숲길 커뮤니티센터,마포구,535
4,공릉1단지아파트,노원구,1693
4,공릉동 신도1차 아파트 뒤,노원구,650
4,공릉동풍림아파트 101동,노원구,917
4,공릉로 26길,노원구,811
4,공릉산 백세문 입구,노원구,155
4,공릉역 1번 출구 앞,노원구,2143
4,공릉역3번출구,노원구,1597
4,공릉풍림아파트 108동,노원구,700
4,공무원연금매점 교차로 (개포주공9단지 입구),강남구,537
4,공항시장역 2번출구 뒤,강서구,1031
4,공항시장역 4번출구,강서구,623
4,공항중학교 버스정류장,강서구,412
4,공항중학교앞,강서구,950
4,공항초등학교건너편,강서구,1759
4,과기대 입구(우),노원구,2180
4,관문주유소(GS칼택스) 앞,강서구,1053
4,관악 GSfresh,관악구,647
4,관악구민체육센터,관악구,362
4,관악구시설관리공단,관악구,979
4,관악구청교차로,관악구,447
4,관악우체국,관악구,1599
4,관악우체국 교차로,관악구,242
4,광교사거리 남측,중구,638
4,광나루안전체험관,광진구,1300
4,광나루역 3번 출구,광진구,1492
4,광남중학교,광진구,874
4,광문고교사거리(아이파크),강동구,531
4,광산사거리,강북구,1049
4,광양중학교 앞,광진구,618
4,광운대역 앞,노원구,1297
4,광운대학교 중앙도서관,노원구,1355
4,광운초등학교 앞,성북구,489
4,광일빌딩,관악구,780
4,광진 캠퍼스시티,광진구,1580
4,광진경찰서,광진구,1900
4,광진광장,광진구,1659
4,광진광장 교통섬,광진구,2232
4,광진교 남단 사거리(천호공원 방면),강동구,1101
4,광진구 민방위교육센터,광진구,934
4,광진메디칼 앞,광진구,1197
4,광진문화예술회관 앞,광진구,1524
4,광진소방서 앞,광진구,916
4,광진유진스웰,광진구,160
4,광진정보도서관,광진구,1090
4,광진청소년수련관,광진구,1424
4,광평교사거리 인근,송파구,38
4,광화문 S타워 앞,종로구,1977
4,광화문 시민열린마당,종로구,984
4,광화문 풍림스페이스본 1단지앞,종로구,576
4,광화문역 1번출구 앞,종로구,1924
4,광화문역 5번출구,종로구,2386
4,광화문역 6번출구 옆 A,종로구,878
4,광화문역 6번출구 옆 B,종로구,452
4,광흥창역 2번출구 앞,마포구,599
4,광흥창역5번출구,마포구,478
4,광희문,중구,728
4,교대역 5번출구뒤,서초구,1009
4,교대역 6번출구,서초구,663
4,교대입구 교차로,서초구,296
4,교보생명보험 앞,영등포구,1020
4,교보타워 버스정류장(신논현역 3번출구 후면),강남구,195
4,구 서부경찰서 건너편,은평구,522
4,구기치안센터 앞,종로구,141
4,구로1동우체국 앞,구로구,224
4,구로거리공원 동측(신도림역 방면),구로구,824
4,구로공구상가 앞,구로구,171
4,구로교 아래,동작구,1147
4,구로구배드민턴실내체육관 앞,구로구,462
4,구로구의회 앞,구로구,945
4,구로구청,구로구,1197
4,구로도서관,구로구,2590
4,구로동롯데아파트,구로구,717
4,구로디지털단지역 앞,구로구,4925
4,구로리공원,구로구,901
4,구로역 광장,구로구,1624
4,구로역·NC신구로점 버스정류장(구로역 방면),구로구,1160
4,구로월드아파트 앞,구로구,782
4,구로자원순환센터,구로구,126
4,구로중학교앞,구로구,429
4,구룡근린공원,마포구,275
4,구룡마을 입구 (래미안블레스티지 아파트),강남구,196
4,구룡사 삼거리,서초구,287
4,구룡사 앞 교차로 (보도육교),강남구,94
4,구룡산 입구 (구룡산 서울둘레길 입구),강남구,136
4,구룡역 1번 출구,강남구,209
4,구룡역 4번 출구,강남구,111
4,구룡역 5번 출구,강남구,211
4,구룡초사거리 (현대아파트10동 앞 ),강남구,297
4,구룡터널 입구(개포1단지아파트),강남구,6
4,구립양천어르신요양센터,양천구,92
4,구산역 2번 출구 예일여고 버스정류장,은평구,1037
4,구산역 4번출구,은평구,992
4,구암초등학교 버스정류장,관악구,256
4,구역삼세무서 교차로,강남구,583
4,구의3동주민센터,광진구,366
4,구의7단지현대아파트,광진구,170
4,구의공원(테크노마트 앞),광진구,1377
4,구의문주차장 앞,광진구,1435
4,구의삼성쉐르빌 앞,광진구,1927
4,구의아리수정수센터앞,광진구,571
4,구의역 리버비스타 오피스텔,광진구,2266
4,구일고등학교 정문,구로구,1293
4,구일역 1번 출입구 앞,구로구,1869
4,구일우성(아) 육교 밑,구로구,1064
4,구파발10단지 인근,은평구,182
4,구파발역 2번출구,은평구,1632
4,구파발역 환승센터,은평구,434
4,국군복지단,용산구,199
4,국립국악원 앞,서초구,244
4,"국립국악중,고교 정문 맞은편",강남구,659
4,국립어린이과학관,종로구,491
4,국립중앙도서관(국제회의장옆),서초구,289
4,국립중앙박물관 -용산가족공원 앞,용산구,344
4,국립중앙박물관 정문 앞,용산구,158
4,국립항공박물관,강서구,367
4,국립현대미술관,종로구,971
4,국민연금공단충정로사옥,서대문구,199
4,국민은행 연서지점,은평구,597
4,국민은행 종암동지점 앞,성북구,2033
4,국민일보 앞,영등포구,4577
4,국악고교 앞 교차로,강남구,249
4,국제 스케이트장,노원구,190
4,국제루터교회 앞,용산구,163
4,국제빌딩,중구,320
4,국회2문,영등포구,113
4,국회3문,영등포구,116
4,국회6문,영등포구,168
4,국회도서관,영등포구,362
4,국회소통관,영등포구,286
4,국회의사당 본관,영등포구,243
4,국회의사당역 3번출구 옆,영등포구,1087
4,국회의사당역 5번출구 옆,영등포구,661
4,국회의원회관,영등포구,71
4,국회제2의원회관,영등포구,263
4,군자교 서측 녹지대,동대문구,1488
4,군자교교차로,광진구,1339
4,군자역 7번출구 베스트샵 앞,광진구,1629
4,군자역 7번출구뒤,광진구,3283
4,군자역 비채온 오피스텔,광진구,1667
4,군자역2번출구,광진구,1692
4,군자역4번출구,광진구,1076
4,군자지하보도 앞,성동구,1097
4,굽은다리역,강동구,2873
4,궁동생태공원,구로구,189
4,그랜드아이파크아파트 앞,강서구,3617
4,그랜드컨벤션센터 앞,영등포구,1822
4,그룹한빌딩옆,서초구,157
4,극동늘푸른아파트,중랑구,1092
4,극동방송국 앞,마포구,1020
4,극동스포츠 앞,강남구,342
4,극동아파트,송파구,751
4,극동의 푸른별 아파트 뒤(중계4동주민센터 앞),노원구,579
4,근로자회관 사거리,영등포구,2431
4,금강수목원아파트 앞,구로구,492
4,금남시장 교차로,성동구,415
4,금란주차장 앞,중랑구,659
4,금암 문화공원,은평구,131
4,금옥여고보도육교,양천구,614
4,금원빌딩 앞,강남구,526
4,금융감독원 앞,영등포구,1351
4,금천구립 독산도서관,금천구,202
4,금천구청 앞 자전거거치대,금천구,273
4,금천구청앞(M빌딩),금천구,267
4,금천구청역 1번 출구,금천구,578
4,금천폭포공원 앞,금천구,133
4,금천현대홈타운 후문 서부샛길,금천구,435
4,금호 어울림 아파트 앞,성동구,723
4,금호나들목,성동구,1019
4,금호사거리,성동구,255
4,금호스포츠센터앞,성동구,497
4,금호어울림센터힐 내,성북구,212
4,금호역 1번출구 앞,성동구,245
4,금호역 3번출구,성동구,168
4,기쁜우리복지관,강서구,1724
4,기아자동차 사당점 앞,동작구,839
4,기자촌 사거리 A,은평구,120
4,기자촌사거리 B,은평구,169
4,길동 동호빌딩,강동구,290
4,길동 마루빌딩,강동구,2802
4,길동 사거리(초소앞),강동구,1345
4,길마중4교 하부,서초구,729
4,길성그랑프리텔아파트,강서구,1889
4,길음8골어린이공원 옆,성북구,541
4,길음뉴타운 래미안9단지,성북구,542
4,길음뉴타운푸르지오아파트 3단지,성북구,207
4,길음래미안아파트817동 상가 앞,성북구,266
4,길음문화복합미디어센터,성북구,280
4,길음역 3번출구 뒤,성북구,1024
4,김근태도서관,도봉구,338
4,김포공항사거리,강서구,353
4,김포공항입구 교차로,강서구,1336
4,김포공항입구 교통섬,강서구,396
4,까치산역 3번 출구,강서구,1340
4,꿈마루어린이도서관 앞,동대문구,1892
4,꿈의숲 SK뷰 아파트,노원구,1130
4,꿈의숲 롯데캐슬,강북구,306
4,나들목공원,관악구,547
4,나루마당,광진구,189
4,나이아가라관광호텔,강서구,478
4,낙성대 과학전시관,관악구,304
4,낙성대 교수아파트,관악구,130
4,낙성대공원,관악구,197
4,낙성대로 입구,관악구,449
4,낙성대역 1번출구,관악구,364
4,낙성대역 3번출구 뒤,관악구,578
4,낙성대역 5번출구,관악구,367
4,낙성대입구삼거리,관악구,351
4,낙원교회 맞은편,구로구,287
4,낙원상가 옆,종로구,1088
4,난곡사거리,관악구,902
4,난곡종점,관악구,430
4,난우길입구,관악구,523
4,남가좌동 제2공영주차장,서대문구,136
4,남구로역 5번 출입구 앞,구로구,393
4,남부고용노동지청 남측,영등포구,1170
4,남부법원검찰청 교차로,양천구,2102
4,남부순환로 205,강서구,462
4,남부터미널역 1번출구,서초구,441
4,남산공원 야외식물원 앞,용산구,21
4,남산도서관 앞,용산구,600
4,남산타운아파트 버스정류장,중구,220
4,남서울중학교,관악구,790
4,남성역3번출구 뒤,동작구,1041
4,남영역 건너편,용산구,977
4,남위례1,송파구,74
4,남태령역 2번출구,서초구,79
4,내곡3단지 어린이공원 앞,서초구,387
4,내곡도서관,서초구,159
4,내곡파출소 뒤 정자,서초구,129
4,내방역 8번출구 앞,서초구,544
4,넥센 유니버시티 앞,강서구,1345
4,"노들섬 다목적홀(동쪽) 숲, 앞",용산구,452
4,노들섬 동측 앞,용산구,280
4,노들섬 서측 앞,용산구,2536
4,노들역 1번출구,동작구,2686
4,노들역 3번출구,동작구,896
4,노량진1동 청소년독서실,동작구,340
4,노량진근린공원,동작구,276
4,노량진근린공원 대방공원,동작구,604
4,노량진역 2번 출구 앞,동작구,1107
4,노량진역 5번출구,동작구,2452
4,노보텔 앰배서더 앞,강남구,172
4,노원 마들스타디움,노원구,777
4,노원 을지대학교 병원,노원구,1574
4,노원경찰서교차로,노원구,1299
4,노원구청,노원구,1448
4,노원문화예술회관,노원구,1398
4,노원성당 앞,노원구,208
4,노원소방서인근,노원구,764
4,노원역1번출구,노원구,3664
4,노원역7번출구,노원구,1985
4,노원정보도서관,노원구,1303
4,노일초등학교 앞,노원구,512
4,노해근린공원내,노원구,428
4,녹번 힐스테이트상가앞,은평구,274
4,녹번역 3번출구,은평구,1023
4,녹번역1번출구앞,은평구,517
4,녹번역e편한세상 캐슬 정문 앞,은평구,828
4,녹번초등학교(서오릉로),은평구,593
4,녹사평역1번출구,용산구,508
4,녹사평역3번 출구,용산구,256
4,녹천교 앞 사거리,도봉구,711
4,녹천역 1번출구 앞,도봉구,488
4,녹천역 4번 출구 옆,노원구,345
4,논골사거리(금호도서관 입구),성동구,186
4,논현동 광명빌딩 앞,강남구,256
4,논현동가구거리,강남구,187
4,논현역 10번출구,강남구,996
4,농수산식품공사 (강서지사),강서구,163
4,농협생명본사빌딩 서관,서대문구,401
4,누리꿈스퀘어 옆,마포구,1546
4,뉴코아 킴스클럽 앞,서초구,1109
4,늘푸른공원 앞,중랑구,681
4,능골근린공원,강동구,434
4,능산삼거리,중랑구,285
4,능안마을입구,서초구,32
4,다락원체육공원 전망대 입구,도봉구,384
4,다성이즈빌아파트(호원대 대각선 맞은편),강동구,3563
4,달맞이공원,성동구,111
4,답십리 래미안엘파인아파트 입구,동대문구,425
4,답십리역 1번출구,동대문구,2897
4,답십리역 8번출구 앞,성동구,646
4,답십리파크자이아파트 앞,동대문구,1708
4,당고개공원 대여소,노원구,363
4,당고개입구 오거리,노원구,549
4,당고개입구오거리 당현천변,노원구,991
4,당곡사거리,관악구,1860
4,당산skv1센터,영등포구,1063
4,당산롯데캐슬프레스티지,영등포구,1878
4,당산삼성2차아파트,영등포구,1913
4,당산역 10번출구 앞,영등포구,4141
4,당산역11번출구,영등포구,2094
4,당산육갑문,영등포구,4645
4,당인리발전소 공원 앞,마포구,1046
4,당현천근린공원,노원구,1439
4,대광고등학교,동대문구,662
4,대광빌딩,동대문구,519
4,대륜E&S 서울지사 앞,노원구,505
4,대륭테크노타운 18차,금천구,538
4,대륭테크노타운21차 앞,금천구,735
4,대륭포스트타워1차,구로구,1244
4,대륭포스트타워5차,금천구,318
4,대륭포스트타워6차 앞,금천구,3006
4,대림3동사거리,영등포구,857
4,대림경동아파트앞,강서구,1441
4,대림동 e편한세상영등포아델포레,영등포구,1419
4,대림동현대2차 201동 앞,영등포구,196
4,대림사거리(동작상떼빌아파트),동작구,707
4,대림성원상떼빌아파트,영등포구,1143
4,대림신동아아파트 앞,영등포구,703
4,대림아크로리버 앞,광진구,600
4,대림아파트 사거리,영등포구,493
4,대림아파트 후문 상가 옆,동작구,274
4,대림역 1번 출입구 밑,구로구,1050
4,대림역4번출구,구로구,1644
4,대림우성2차아파트,영등포구,436
4,대림우성아파트 사거리,영등포구,362
4,대명초교 입구 교차로,강동구,336
4,대명초교입구 사거리,강동구,971
4,대모산입구역 2번출구 앞,강남구,401
4,대모산입구역 4번 출구 앞,강남구,1231
4,대모산입구역 7번 출구 앞,강남구,277
4,대방역2번출구,동작구,923
4,대방역6번출구,영등포구,2381
4,대방지하보도(대방동경남아너스빌아파트),동작구,1294
4,대상연구소,강서구,382
4,대성유니드아파트,양천구,731
4,대신파이낸스센터,중구,682
4,대영중고 후문,영등포구,738
4,대원빌딩,강서구,1475
4,대원중고교 입구(대하빌딩),광진구,481
4,대진고등학교,노원구,1500
4,대청역,강남구,508
4,대청역 1번출구  뒤,강남구,1186
4,대치동 삼성로,강남구,319
4,대치삼성아파트 앞 교차로,강남구,550
4,대치역 7번출구,강남구,1217
4,대치역 사거리,강남구,784
4,대학동 고시촌,관악구,581
4,대학동주민센터,관악구,671
4,대학로 마로니에공원,종로구,2192
4,대한무역투자진흥공사 KOTRA 앞,서초구,567
4,대한상공회의소,중구,1262
4,대한항공 인력개발센터,강서구,1019
4,대현그린타워,강남구,255
4,대흥역 1번출구,마포구,770
4,더라움,강남구,235
4,더리브골드타워,강서구,693
4,더리브오피스텔 앞,영등포구,1159
4,더스페이스타워 앞,성동구,1344
4,더시그넘하우스 앞,강남구,519
4,더케이호텔 입구(양재2),서초구,746
4,도곡1동 주민센터 교차로,강남구,499
4,도곡동 경남아파트 건너편,강남구,338
4,도곡동 골프 로데오거리,강남구,362
4,도곡역 1번 출구,강남구,859
4,도곡역 대치지구대 방향,강남구,448
4,도곡역 아카데미스위트 앞,강남구,1134
4,도깨비시장,노원구,1671
4,도동삼거리,중구,73
4,도림고가도로 밑,영등포구,991
4,도림동배드민턴체육관,영등포구,769
4,도림사거리,영등포구,1376
4,도림신협 앞,영등포구,1042
4,도림천 건널목 위,영등포구,944
4,도림천 신화교,관악구,1663
4,도림천역 1번 출구 앞,구로구,1500
4,도봉경찰서 교차로,도봉구,1106
4,도봉고등학교 맞은편,도봉구,14
4,도봉구민회관,도봉구,1160
4,도봉구육아종합지원센터(창동),도봉구,550
4,도봉구청 옆(중랑천변),도봉구,1209
4,도봉구청 정문앞,도봉구,997
4,도봉동실내스포츠센터,도봉구,511
4,도봉로 534,도봉구,301
4,도봉문화정보도서관 삼거리,도봉구,245
4,도봉보건소사거리,도봉구,1135
4,도봉산광역환승센터앞,도봉구,269
4,도봉산역 교차로 앞,도봉구,151
4,도봉세무서 앞,강북구,638
4,도봉소방서 옆,도봉구,1573
4,도봉아이나라도서관 앞,도봉구,765
4,도봉여성센터,도봉구,204
4,"도봉역 1,2번 출구사이 건너편",도봉구,672
4,도봉운전면허시험장 버스정류장 옆,노원구,1356
4,도봉제1교,도봉구,1022
4,도봉통합복지센터 뒤 중랑천 변,도봉구,1083
4,도봉한신아파트 버스정류장,도봉구,687
4,도봉한신아파트 주변,도봉구,567
4,도산공원교차로,강남구,423
4,도선동 주민센터 앞,성동구,1130
4,도심공항타워 앞,강남구,698
4,도원맨션,관악구,463
4,독립문 앞,서대문구,485
4,독립문역 2번출구 뒤,종로구,258
4,독립문역 3-1번출구,종로구,1152
4,독립문역 사거리,종로구,799
4,독바위역,은평구,512
4,독산2동주민센터 앞,금천구,193
4,독산3동주민센터 앞,금천구,571
4,독산고등학교,금천구,376
4,독산근린공원 입구,금천구,1270
4,독산동 한양수자인아파트 앞,금천구,634
4,독산동 현대홈타운 금천과선교 앞,금천구,339
4,독산보도육교 앞 자전거 보관소,금천구,1599
4,독산역 1번출구 A,금천구,613
4,독산역 2번출구 자전거주차장,금천구,1127
4,독산역 롯데캐슬 104동 앞,금천구,470
4,독산역1번출구 B,금천구,1554
4,독산주공 14단지 버스정류소,금천구,172
4,돈암삼성풍림아파트,성북구,185
4,돈암성당 옆,성북구,1428
4,돈암육교 하단,성북구,215
4,돈암초교 입구,성북구,608
4,돈암초교입구 버스정류장(한성대입구역 방면),성북구,525
4,돈의문 박물관 마을,종로구,408
4,돌곶이역 앞,성북구,1353
4,동대문 종합시장 버스정류장,종로구,648
4,동대문경찰서 교차로,동대문구,812
4,동대문구 보건소,동대문구,1723
4,동대문구민체육센터 (육교아래),동대문구,1701
4,동대문디자인플라자,중구,1381
4,동대문롯데캐슬아파트 앞,동대문구,1189
4,동대문역 8번 출구,종로구,1858
4,동대문역6번출구,종로구,1453
4,동대문역사문화공원역 1번출구 뒤편,중구,1777
4,동대문역사문화공원역 5번출구,중구,713
4,동대문역사문화공원역 9번출구 앞,중구,485
4,동대문중 교차로,동대문구,998
4,동대입구역 3번 출구,중구,347
4,동대입구역 6번출구 뒤,중구,514
4,동명근린공원 진입로 (아리수로),강동구,302
4,동묘앞역 1번출구 뒤,종로구,2665
4,동묘앞역 6번출구,종로구,1600
4,동문굿모닝탑,양천구,2011
4,동방1교,관악구,2819
4,동부센트레빌 앞,도봉구,731
4,동부시장 북문 앞,중랑구,1399
4,동빙고근린공원,용산구,553
4,동산어린이공원 앞,성북구,753
4,동서울농협 앞,중랑구,1163
4,동서울우편집중국 앞,광진구,720
4,동선고가차도 초입,성북구,344
4,동선아파트 앞,구로구,139
4,"동성1,2차 아파트 앞",중랑구,1000
4,동성중학교 앞,종로구,418
4,동신병원 맞은편,서대문구,969
4,동신아파트 104동 앞,강서구,625
4,동신아파트 후문 옆,노원구,2755
4,동아1차APT105동 버스정류장(신도림중학교 방면),구로구,1013
4,동아에코빌입구,영등포구,803
4,동양미래대학교 정문 옆,구로구,3243
4,동양쇼핑 정류소 앞,중랑구,1164
4,동양엔파트 앞,중랑구,841
4,동영문화센터앞,강남구,401
4,동원베네스트 건너편,용산구,135
4,동원베네스트 건물 앞,중랑구,382
4,동원사거리,중랑구,448
4,동원사거리 행복오피스텔 앞,중랑구,477
4,동의보감타워,동대문구,1470
4,동인오피스텔 건너편 소공원,구로구,301
4,동일로 지하차도,중랑구,1311
4,동일로58길 입구,광진구,442
4,동작경찰서,동작구,1723
4,동작구민 체육센터,동작구,940
4,동작역 5번출구 동작주차공원,동작구,727
4,동작역 7번출구,동작구,203
4,동해문화예술관앞,노원구,2466
4,두산건설 본사,강남구,219
4,두산대림아파트 삼거리,중랑구,385
4,두산위브아파트,영등포구,476
4,두산위브아파트 옆 상가건물 앞,금천구,671
4,두상빌딩 앞,서초구,1090
4,둔촌 주공 GS 맞은편,강동구,582
4,둔촌고교입구 교차로(길동주민센터 방면),강동구,1452
4,둔촌동역교차로,강동구,1520
4,둔촌사거리,강동구,2491
4,둔촌신성미소지움아파트,강동구,555
4,둔촌어린이공원,강동구,2007
4,둔촌역 2번출구,강동구,633
4,둔촌역 3번 출입구,강동구,3181
4,둔촌오륜역 1번 출구,강동구,511
4,둔촌오륜역 2번출구,송파구,374
4,둔촌푸르지오아파트,강동구,1019
4,뒷벌공원 옆,서초구,869
4,드래곤타워 앞,강북구,688
4,등나무 근린공원(시립북서울미술관 앞),노원구,2284
4,등촌1-10단지 교차로,강서구,3159
4,등촌2동주민센터,강서구,475
4,등촌2파출소,강서구,797
4,등촌5단지아파트 버스정류장,강서구,2567
4,등촌9단지,강서구,879
4,등촌서광아파트,강서구,2301
4,등촌역 1번출구,강서구,1015
4,등촌역 4번 출구,양천구,712
4,등촌역 5번 출구 뒤,양천구,728
4,등촌역 7번출구,강서구,1467
4,등촌역 센터스퀘어,강서구,822
4,등촌태영아파트,강서구,807
4,디지털매직스페이스,마포구,1559
4,디지털미디어 시티역 4번출구(DMC역),은평구,570
4,디지털입구 교차로,구로구,1841
4,디폴리스 지식산업센터,금천구,632
4,뚝도아리수정수센터 버스정류소 옆,성동구,1142
4,뚝섬 유원지역,광진구,1745
4,뚝섬역 1번 출구 옆,성동구,2145
4,뚝섬역 5번 출구 정류소 옆,성동구,1035
4,뚝섬역 6번출구,성동구,1550
4,라이품 공영주차장 앞,강서구,824
4,라인프랜즈이태원점 앞,용산구,107
4,라코지스테이 앞,중랑구,398
4,래미안 강동팰리스(102동),강동구,934
4,래미안 구의파크 스위트,광진구,2057
4,래미안 루센티아 아파트 108동 앞,서대문구,936
4,래미안 솔베뉴(고덕로),강동구,929
4,래미안 솔베뉴(구천면로),강동구,534
4,래미안강남힐즈 사거리,강남구,730
4,래미안그레이튼102동앞,강남구,167
4,래미안금호하이리버 아파트 102동 옆,성동구,254
4,래미안라센트아파트 103동 앞,성북구,825
4,래미안서초스위트앞,서초구,56
4,래미안신공덕3차아파트,마포구,60
4,래미안에스티움 앞 (신풍로),영등포구,920
4,래미안월곡아파트 입구,성북구,836
4,래미안장위퍼스트하이(513동),성북구,879
4,래미안장위포레카운티(102동),성북구,595
4,래미안허브리츠아파트 앞,동대문구,421
4,레베쌍트 빌딩 앞,강남구,239
4,레이크펠리스101동앞,송파구,2527
4,로고스교회 맞은 편,서초구,413
4,로제우스 레포츠센터,종로구,155
4,롯데 R&D 센터,강서구,406
4,롯데리아 개포점앞,강남구,439
4,롯데시티호텔,중구,336
4,롯데월드타워(잠실역2번출구 쪽),송파구,6498
4,롯데중앙연구소,강서구,327
4,롯데캐슬 101동 앞,동작구,186
4,롯데캐슬 115동앞,강동구,251
4,롯데캐슬 앞,영등포구,1733
4,롯데캐슬2차 마을버스 정류장(18804) 뒤편,금천구,303
4,롯데캐슬골드파크1차 동문,금천구,563
4,롯데캐슬골드파크1차 서문,금천구,444
4,롯데캐슬골드파크3차 301동 앞,금천구,738
4,롯데캐슬엠파이어 옆,영등포구,1744
4,롯데캐슬클라시아 입구 앞,성북구,183
4,롯데하이마트 (상암월드컵점),마포구,468
4,롯데호텔,중구,419
4,르네상스 호텔 사거리 역삼지하보도 7번출구 앞,강남구,533
4,르네상스호텔사거리 역삼지하보도 2번출구,강남구,438
4,르네상스호텔사거리 역삼지하보도 3번출구 앞 (더 오번 빌딩 명동칼국수 앞),강남구,315
4,르노삼성자동차 성수사업소 앞,성동구,735
4,리버뷰신안인스빌1차 후문,영등포구,1114
4,리버뷰신안인스빌2차 후문,영등포구,1019
4,리센츠아파트,송파구,1433
4,리싸이클시티,강동구,85
4,리엔파크 2단지 앞,강남구,282
4,마곡 MICE 복합단지,강서구,1294
4,마곡 공공청사,강서구,1097
4,마곡 엠밸리2단지,강서구,1246
4,마곡 필네이처,강서구,2259
4,마곡13단지,강서구,2563
4,마곡14단지 1408동앞,강서구,1596
4,마곡9단지 907동앞,강서구,985
4,마곡9단지 910동 상가앞,강서구,1039
4,마곡금호어울림아파트,강서구,947
4,마곡나루역 2번 출구,강서구,8826
4,마곡나루역 3번 출구,강서구,5462
4,마곡나루역 5번출구 뒤편,강서구,6003
4,마곡레포츠센터,강서구,1513
4,마곡메가박스 앞,강서구,1622
4,마곡문화공원,강서구,2408
4,마곡센트럴타워 1차,강서구,2339
4,마곡수명산 1-2단지,강서구,1221
4,마곡수명산파크 209동 건너편,강서구,1465
4,마곡수명산파크1단지,강서구,1514
4,마곡수명산파크3단지 교차로,강서구,2514
4,마곡수명산파크5-6단지,강서구,1207
4,마곡수명산파크7단지 710동 앞,강서구,415
4,마곡엠밸리 15단지(1502동) 건너편,강서구,1893
4,마곡엠밸리10단지 앞,강서구,1962
4,"마곡엠밸리14단지 버스정류장(마곡엠밸리11,12단지상가방면)",강서구,1999
4,마곡엠밸리4단지 정문,강서구,2875
4,마곡엠밸리6_7단지 마곡중학교,강서구,1658
4,마곡역 7번출구,강서구,2929
4,마곡역 교차로(2번출구),강서구,1462
4,"마곡역 버스정류장(마곡나루역1번출구, 웰튼병원 방면)",강서구,2265
4,마곡역1번출구,강서구,1907
4,"마곡역4,5번출구",강서구,590
4,마곡역4번출구,강서구,908
4,마곡역5번출구앞,강서구,1091
4,마곡역교차로,강서구,2675
4,마곡중학교 후문,강서구,815
4,마곡힐스테이트 정문,강서구,1170
4,마들역 3번출구,노원구,1308
4,마들역 7번출구,노원구,1382
4,마스타 빌딩 앞,서대문구,663
4,마장동 금호어울림APT앞,성동구,571
4,마장동 주민센터,성동구,627
4,마장역 4번출구,성동구,795
4,마장역3번출구,성동구,435
4,마천금호어울림 1차 102동앞,송파구,191
4,마천금호어울림 1차아파트 건너편,송파구,270
4,마천동 성내천 쉼터,송파구,997
4,마천사거리,송파구,807
4,마천사거리 2,송파구,413
4,마천역 1번 출구 인근②,송파구,530
4,마천중앙시장,송파구,599
4,마천청소년센터,송파구,203
4,마포 신수공원 앞,마포구,776
4,마포구 육아종합지원센터,마포구,555
4,마포구중앙도서관 정문 앞,마포구,1973
4,마포구청 앞,마포구,1444
4,마포구청 청사내,마포구,207
4,마포구청역,마포구,1802
4,마포소방서 앞,마포구,610
4,마포아트센터 앞,마포구,826
4,마포역 2번출구 뒤,마포구,1926
4,마포역 4번출구 뒤,마포구,2529
4,마포중앙도서관,마포구,311
4,마포프레스티지자이 1,마포구,574
4,만해공원,성북구,290
4,말미사거리,금천구,509
4,말우물 어린이 공원,강동구,217
4,말죽거리공원 사거리,서초구,1034
4,망우동 본죽 앞,중랑구,725
4,망우역 1번출구,중랑구,749
4,망우역 2번 출구,중랑구,1014
4,망우지구대,중랑구,1181
4,망우청소년수련관,중랑구,66
4,망원2빗물펌프장 앞,마포구,1081
4,망원역 1번출구 앞,마포구,2360
4,망원역 2번출구 앞,마포구,2241
4,망원우체국사거리 인근,마포구,1934
4,망원정 앞,마포구,605
4,망원초록길 입구,마포구,1076
4,매봉역 1번출구,강남구,429
4,매헌역 2번출구앞광역버스 정류장앞(22-297),서초구,874
4,맥도날드 서울둔촌DT점 앞,강동구,1757
4,맥스타일 앞,중구,932
4,먹골역 1번출구 뒤,중랑구,908
4,먹골역 4번출구,중랑구,671
4,먹골역 6번출구 앞,중랑구,688
4,먹골역 7번 출구,중랑구,662
4,메뚜기다리,은평구,100
4,메이필드호텔앞,강서구,601
4,멤피스아파트 앞,서초구,740
4,면목 대원칸타빌아파트,중랑구,228
4,면목 홈플러스 2,중랑구,360
4,면목2동 사거리,중랑구,1119
4,면목4치안센터,중랑구,756
4,면목도시개발아파트 1동 앞,중랑구,351
4,면목동 새싹어린이공원 앞,중랑구,1015
4,면목삼익아파트 앞,중랑구,302
4,면목역 3번출구,중랑구,2068
4,명덕고교,강서구,851
4,명덕고교입구(영종빌딩),강서구,3011
4,명동성당 앞,중구,393
4,명동역9번 출구,중구,763
4,명물길 원형무대 앞,서대문구,514
4,명보사거리,중구,334
4,명일근린공원공동체텃밭,강동구,220
4,명일동신동아아파트 앞,강동구,321
4,명일역 3번출구 옆,강동구,1212
4,명일초등학교 옆,강동구,313
4,명일파출소,강동구,503
4,명지대학교 도서관,서대문구,1653
4,명지전문대학교 정문 앞,서대문구,489
4,모두의학교,금천구,568
4,모래내고가차도,서대문구,473
4,목4동주민센터 옆,양천구,1466
4,목동11단지 아파트,양천구,901
4,목동12단지 아파트,양천구,1658
4,목동13_14단지 사거리,양천구,766
4,목동1단지아파트 118동 앞,양천구,1329
4,목동1단지아파트 상가 앞,양천구,2309
4,목동2단지 상가,양천구,2968
4,목동3단지 상가,양천구,1819
4,목동3단지 시내버스정류장,양천구,2393
4,목동5단지아파트 501동,양천구,1467
4,목동5단지아파트 534동,양천구,1927
4,목동7단지아파트 A상가,양천구,568
4,목동사거리 버스정류장,강서구,1461
4,목동사거리 부근,양천구,1392
4,목동성당 앞,양천구,1704
4,목동신시가지아파트6단지,양천구,1572
4,목동아파트 1422동 1434동 사잇길,양천구,2526
4,목동아파트 14단지 B상가 앞,양천구,1469
4,목동아파트 613동 앞,양천구,1877
4,목동아파트 703동 앞,양천구,1617
4,목동아파트 8단지 상가동 앞,양천구,1667
4,목동아파트2단지 222동 앞,양천구,745
4,목동역 3번 출구,양천구,2903
4,목동역5번출구,양천구,3504
4,목동운동장,양천구,514
4,목동운동장 주경기장,양천구,133
4,목동주차장,양천구,1213
4,목동트라팰리스 웨스턴에비뉴,양천구,3534
4,목동현대아파트 후문 앞,양천구,978
4,목련아파트,노원구,651
4,목마공원,양천구,492
4,목양전원교회 앞 로터리,구로구,216
4,목월공원 앞,용산구,625
4,몽마르뜨공원입구,서초구,238
4,몽촌토성역 1번출구 옆,송파구,1843
4,몽촌토성역 3번 출구,송파구,3848
4,묘곡초등학교,강동구,413
4,무악재역 4번 출구,서대문구,241
4,무악재역1번 출구,서대문구,256
4,묵동 이마트 앞,중랑구,957
4,문래동 주민센터,영등포구,1071
4,문래동 하이테크 시티,영등포구,1965
4,문래동롯데캐슬아파트,영등포구,2713
4,문래동자이아파트 앞,영등포구,2028
4,문래역 4번출구 앞,영등포구,2418
4,문래현대2차,영등포구,1450
4,문배어린이공원 앞,용산구,798
4,문소빌딩,강서구,486
4,문정 법조단지10,송파구,1411
4,문정 법조단지11,송파구,748
4,문정 법조단지3,송파구,367
4,문정 법조단지4,송파구,555
4,문정 법조단지5,송파구,337
4,문정 법조단지6,송파구,125
4,문정 법조단지7,송파구,1777
4,문정 법조단지8,송파구,2001
4,문정 법조단지9,송파구,1299
4,문정2동 주민센터,송파구,94
4,문정근린공원2,송파구,907
4,문정동 근린공원,송파구,1017
4,문정동 글샘 공원,송파구,575
4,문정법조단지12,송파구,1717
4,문정시영아파트 5동 앞 공원,송파구,630
4,문정역 1번출구,송파구,2053
4,문정중교 사거리,송파구,878
4,문정중학교,송파구,147
4,문정현대아파트 교차로,송파구,643
4,"문현중,고등학교 사이",송파구,176
4,문화비축기지,마포구,163
4,문화촌 공원,서대문구,1327
4,물넘이교,노원구,1759
4,미래사랑어린이공원 앞,구로구,2382
4,미림여고입구 교차로,관악구,128
4,미성동 신림체육센터,관악구,1019
4,미성아파트 A동 앞,영등포구,1309
4,미아동 복합청사,강북구,350
4,미아동 한국전력공사,강북구,1309
4,미아사거리 1번 출구,강북구,1748
4,미아역 1번 출구 뒤,강북구,642
4,"미아역 3번,4번 출구 사이",강북구,1103
4,미아초교버스승강장,성북구,145
4,미호 플랜트 앞,강동구,906
4,밀리아나2빌딩 앞,송파구,1815
4,밀알학교 입구 (삼성서울병원 입구),강남구,257
4,바우뫼문화복지회관,서초구,623
4,박석고개(은평소방서) 앞,은평구,111
4,반포1동 서초빌딩 앞,서초구,781
4,반포1동 자율방범초소 옆,서초구,301
4,반포1동 주민센터 앞,서초구,239
4,반포경남쇼핑 앞,서초구,173
4,반포래미안 리오센트,서초구,572
4,반포미도2차아파트 옆,서초구,344
4,반포쇼핑타운 2동 앞,서초구,2709
4,반포쇼핑타운 8동 앞,서초구,661
4,반포종합운동장,서초구,469
4,반포종합운동장 입구,서초구,624
4,반포중학교 앞(세화여고 맞은편),서초구,247
4,반포천 앞,서초구,796
4,"발산역 1번, 9번 인근 대여소",강서구,5024
4,발산역 6번 출구 뒤,강서구,3888
4,발산역 8번 출구,강서구,1476
4,방배래미안 정문 앞,서초구,226
4,방배래미안아트힐아파트 앞,서초구,67
4,방배역 2번 출구,서초구,701
4,방배열린문화센터 앞,서초구,477
4,방아골종합사회복지관,도봉구,418
4,방아다리어린이공원,양천구,519
4,방아삼거리,강동구,142
4,방이동 한양3차아파트 옆,송파구,1114
4,방이삼거리,송파구,3768
4,방이역 1번출구,송파구,1365
4,방이역 2번 출구,송파구,483
4,방이역 4번출구,송파구,2566
4,방이초등학교,송파구,1835
4,방일초교 마을버스 정류장,서초구,752
4,방정환교육지원센터 옆,중랑구,565
4,방죽마을 입구,강남구,250
4,방학동우체국 건너편,도봉구,555
4,방학동학마을도서관,도봉구,337
4,방학사거리 (봄마당 앞),도봉구,517
4,방학역 1번출구,도봉구,431
4,방학역2번출구,도봉구,718
4,방학역사거리,도봉구,445
4,방학중학교 앞,도봉구,290
4,방학초등학교 앞,도봉구,828
4,방화근린공원,강서구,463
4,방화동강서기동대앞,강서구,2053
4,방화사거리 마을버스 버스정류장,강서구,2125
4,방화역 4번출구앞,강서구,2082
4,배명고등학교,송파구,641
4,배명고등학교 건너편,송파구,729
4,배봉초교 교차로,동대문구,795
4,백련산 SK뷰 아이파크 해모로 아파트 앞,은평구,895
4,백련산 힐스테이트 3차,은평구,504
4,백련산 힐스테이트상가앞,은평구,441
4,백련산로 녹번센트레빌,은평구,395
4,백석예술대학교 제3캠퍼스 앞,서초구,102
4,백토공원 앞,송파구,271
4,뱅뱅사거리 랜드마크타워 앞,강남구,878
4,버섯분수대,송파구,693
4,버스정류장 앞,도봉구,462
4,번3동 주민센터 교차로,강북구,484
4,번동 금호어울림아파트102동앞,강북구,321
4,번동 두산위브 101동 옆,강북구,575
4,"번동 주공3, 4단지 교차로",강북구,911
4,번동3단지 버스정류장,강북구,656
4,번동사거리,강북구,356
4,번동주공5단지 관리사무소 앞,강북구,253
4,베네스트 오피스텔 앞,동대문구,444
4,벽산 디지털밸리 5차,금천구,1223
4,벽산상암스마트큐브,마포구,2213
4,벽산아파트,강서구,2011
4,볏골공원,강서구,899
4,보광동 삼성리버빌아파트 앞,용산구,754
4,보금자리정원,강남구,230
4,보라매 두산위브 건너편,동작구,1174
4,보라매sk뷰,영등포구,440
4,보라매sk뷰 108동 앞,영등포구,642
4,보라매공원 보도육교,관악구,1518
4,보라매공원 정문,동작구,1085
4,보라매공원역 2번출구,동작구,807
4,보라매병원역 1번출구,동작구,3132
4,보라매역 8번출구,동작구,674
4,보라매역4번출구,영등포구,1220
4,보라매역?동작세무서 버스정류장(강남중학교방면),동작구,1037
4,보라주유소 앞,영등포구,430
4,보문2교,성북구,1963
4,보문4교 인근,성북구,1484
4,보문역6번출구 앞,성북구,1027
4,보성중고등학교 후문 앞,송파구,185
4,보아스아파트 앞,양천구,505
4,보타닉파크타워2,강서구,1053
4,보훈병원 후문옆(더 원커피),강동구,372
4,복자사랑 피정의 집,성북구,273
4,복정역 1번 출구 앞,송파구,1471
4,본 서부병원 교차로 사거리,은평구,1040
4,본 서부병원 버스정류장(은평 세무서 방면),은평구,740
4,본마을 노인복지센터 앞,서초구,315
4,본마을 정류소 앞,서초구,68
4,봉림교 교통섬,관악구,6677
4,봉원고가차도 밑,서대문구,633
4,봉은사로68길 북측,강남구,309
4,"봉은사역 1,2번 출구",강남구,554
4,봉은사역 5번출구 옆,강남구,504
4,봉은사역 7번 출구,강남구,522
4,봉천고개 육교,관악구,83
4,봉천역 2번출구,관악구,984
4,봉천역 3번출구,관악구,531
4,봉천역 4번출구,관악구,1072
4,봉화산역 5번출구 뒤,중랑구,957
4,부엉이공원 앞,마포구,681
4,북가좌 삼거리,서대문구,344
4,북가좌 초등학교,서대문구,583
4,북가좌1동 주민센터,서대문구,320
4,북가좌삼거리2,서대문구,476
4,북서울 꿈의 숲 입구,강북구,342
4,북서울 꿈의숲 서문,강북구,588
4,북성초교,서대문구,286
4,북아현 치안센터 인근,서대문구,549
4,북아현동 가구거리,서대문구,375
4,북위례1,송파구,326
4,북위례2,송파구,266
4,북한산 우이역,강북구,406
4,북한산 코오롱 하늘채,도봉구,1365
4,북한산 한신휴플러스APT앞,도봉구,1320
4,북한산더샾 106동 앞,서대문구,216
4,북한산보국문역,성북구,211
4,북한산생태공원입구(교통섬),은평구,256
4,북한산입구 정류장,은평구,249
4,북한산힐스테이트 7차아파트,은평구,317
4,불광롯데캐슬아파트 앞,은평구,691
4,불광역 2번출구,은평구,566
4,불광역 9번 출구,은평구,1078
4,불광역 9번 출구 맞은편,은평구,538
4,"불광역3,6호선 버스정류장(동명여고 방면)",은평구,639
4,불암고등학교 앞 횡단보도,노원구,1117
4,불암산역 3번 출구,노원구,538
4,불암산역 앞,노원구,215
4,불암아파트 앞,노원구,586
4,불암주유소 앞,노원구,1024
4,브라운스위트레지던스,중구,347
4,브라운스톤 남산아파트,용산구,431
4,비계 버스정류소,동작구,117
4,비석공원,서초구,531
4,비전교회 앞,성동구,1931
4,빅마켓 금천점 앞,금천구,1333
4,사가정역 2번출구,중랑구,2381
4,사근빗물펌프장 건너편,성동구,2552
4,사당동 아르테스 웨딩앞,동작구,790
4,사당새마을금고,동작구,302
4,사당역 12번출구 뒤,서초구,1231
4,사당역 5번출구,관악구,938
4,사당역 7번출구쪽,동작구,508
4,사당역10번출구(금강빌딩),동작구,646
4,사당중학교 버스정류소,동작구,112
4,사랑의병원,관악구,461
4,사육신공원앞,동작구,927
4,사평리근린공원,서초구,940
4,사평역 2번출구,서초구,473
4,산기슭공원 앞,금천구,167
4,산업은행 앞,영등포구,2189
4,산호시티빌 옆,금천구,245
4,삼각산동 주민센터,강북구,415
4,삼각산아이원아파트(105동 옆),강북구,192
4,삼각지 자이아파트,용산구,924
4,삼각지12번 출구,용산구,416
4,삼각지역 14번 출구 앞(교통섬),용산구,812
4,삼각지역 3번출구,용산구,897
4,삼각지역 4번출구 앞,용산구,672
4,삼부르네상스파크빌,구로구,779
4,삼성SDS,송파구,2134
4,삼성광나루아파트 버스정류장,강동구,1197
4,삼성도로공원,강남구,639
4,삼성디지털프라자관악점,관악구,868
4,삼성사이버빌리지아파트,중구,228
4,삼성생명 당산사옥 앞,영등포구,2186
4,삼성전자 물류센터 앞,구로구,882
4,삼성전자R&D어린이집 뒤,서초구,184
4,삼성전자서비스 성북센터,성북구,723
4,삼성중앙역 5번출구,강남구,539
4,삼성중앙역4번출구(문화센터더 리빌),강남구,156
4,삼성중앙역·플래티넘아파트 정류소,강남구,446
4,삼성타운(삼성생명) A동 맞은편,서초구,1462
4,삼성화재 사옥 옆,영등포구,1745
4,삼양동주민센터 앞,강북구,325
4,삼양사거리역,강북구,376
4,삼양시장오거리,강북구,262
4,삼양역,강북구,259
4,삼양입구사거리,강북구,211
4,삼육대 도서관,노원구,468
4,삼육대 입구,노원구,431
4,삼육대 제3과학관,노원구,135
4,삼육서울병원 버스정류장,동대문구,1906
4,삼익세라믹아파트교차로,도봉구,808
4,삼익아파트,동작구,1036
4,삼일교(시그니쳐 타워),중구,819
4,삼일수영장 앞,동작구,490
4,삼일초등학교 인근,동작구,344
4,삼전동주민센터 건너편,송파구,764
4,삼전동주민센터 앞,송파구,909
4,삼전역 1번출구,송파구,1389
4,삼전역 4번출구,송파구,1363
4,삼청공원 앞,종로구,98
4,삼청동 골목,종로구,856
4,삼호3차아파트 앞,서초구,974
4,삼호물산버스정류장(23370) 옆,강남구,1898
4,삼호아파트 2동 ( 간선도로),강남구,192
4,삼호아파트 앞,구로구,428
4,삼환로즈빌아파트 105동 옆,구로구,823
4,"상계3,4동 주민센터 대여소",노원구,274
4,상계8동 주민센터,노원구,1153
4,상계근린공원 운동장 앞,노원구,764
4,상계동 우방유쉘아파트 앞,노원구,603
4,상계동수락리버시티,노원구,475
4,상계문화정보도서관,노원구,520
4,상계신동아아파트,노원구,302
4,상계역 3번출구,노원구,3235
4,상계역중앙시장,노원구,984
4,상계주공 14단지 상가 앞,노원구,591
4,상계주공10단지 버스정류소,노원구,844
4,상계주공10단지 종합상가 앞,노원구,1298
4,상계주공13단지 1301동,노원구,235
4,상계주공15단지 버스정류소,노원구,1037
4,상계주공1단지 버스정류장 옆(대원빌딩 앞),노원구,1643
4,상계주공1단지아파트,노원구,928
4,상계주공2단지 219동,노원구,931
4,상계주공2단지 버스정류장 옆,노원구,1454
4,상계중학교(당현2교사거리),노원구,776
4,상계초교 입구 교차로 명주빌딩 앞,노원구,1319
4,상도 아이파크 아파트,동작구,293
4,상도SH빌아파트 입구,동작구,85
4,상도역 1번출구,동작구,384
4,상도중앙하이츠빌 입구,동작구,278
4,상도효성해링턴플레이스,동작구,459
4,상록수아파트,강남구,438
4,상림마을 롯데캐슬2단지 옆,은평구,103
4,상림마을 생태공원,은평구,239
4,상명대입구,종로구,455
4,상봉2동 주민센터 앞,중랑구,372
4,상봉시장앞 교차로 한성빌딩 앞,중랑구,882
4,상봉신협 앞,중랑구,832
4,상봉역 1번출구,중랑구,1631
4,상봉역 2번 출구,중랑구,1422
4,상봉역 3번출구,중랑구,1117
4,상봉터미널2,중랑구,1623
4,상사마을 버스정류장(아라대교방면),강서구,208
4,상수역 2번출구 앞,마포구,849
4,상수역새마을금고,마포구,460
4,상신초등학교앞 버스정류장,은평구,781
4,상아빌딩(우림시장 교차로),중랑구,857
4,상암동주민센터 옆,마포구,1435
4,상암월드컵파크 10단지 앞,마포구,860
4,상암월드컵파크 1단지 교차로,마포구,649
4,상암월드컵파크 3단지 후문,마포구,580
4,상암월드컵파크 7단지 앞,마포구,547
4,상암월드컵파크 9단지 앞,마포구,531
4,상암월드컵파크5단지(상암중학교),마포구,439
4,상암중학교 옆,마포구,257
4,상암한샘빌딩앞,마포구,852
4,상암한화오벨리스크 1차 앞,마포구,1118
4,상왕십리역 1번출구,성동구,1690
4,상왕십리역 4번 출구 앞,성동구,649
4,상왕십리역 6번 출입구,성동구,410
4,상월곡역 1번출구,성북구,682
4,상월곡역 3번출구,성북구,838
4,상월곡역 4번출구,성북구,554
4,상일동산(동아아파트앞 교차로),강동구,215
4,상일동역 2번출구 앞,강동구,1598
4,상일초등학교,강동구,572
4,상일파출소 옆,강동구,1087
4,새말소공원,영등포구,1448
4,새솔초등학교,중랑구,239
4,새우개마을,중랑구,191
4,새절역 2번출구,은평구,2020
4,새정이마을버스정류장 앞,서초구,39
4,샛강생태공원방문자센터 앞,영등포구,572
4,샛강역 1번출구 앞,영등포구,1727
4,샛마을 근린공원,강동구,599
4,생명의 전화 종합복지관 앞 교차로,성북구,768
4,생태공원앞 교차로(조명탑),강동구,176
4,서강나루 공원,마포구,1307
4,서강대 남문 옆,마포구,844
4,서강대 정문 건너편,마포구,756
4,서강대 후문 옆,마포구,843
4,서강대역 2번출구 앞,마포구,1057
4,서교동 사거리,마포구,1276
4,서남병원 후문,양천구,804
4,서남환경공원 버스정류장,강서구,1472
4,서남환경공원(방화동도시개발2단지방향),강서구,749
4,서대문구청,서대문구,384
4,서대문역 2번 출구,서대문구,1079
4,서대문역 8번출구 앞,서대문구,303
4,서대문자연사박물관 입구,서대문구,260
4,서래공원 앞,서초구,515
4,서부식자재마트 건너편,양천구,1444
4,서부운전면허시험장,마포구,756
4,서빙고동 금호맨션 앞,용산구,311
4,서빙고동 주민센터 앞,용산구,1912
4,서빙고역 광장(1번출구),용산구,231
4,서서울모터리움 앞,강서구,516
4,서소문성지역사박물관,중구,191
4,서소문역사공원,중구,79
4,서우빌딩,서대문구,920
4,서울 논현동우체국 앞,강남구,206
4,서울 시흥동우체국 앞,금천구,395
4,서울 영등포구 우체국,영등포구,1043
4,서울 월드컵 경기장,마포구,796
4,서울가정법원,서초구,551
4,서울강월초등학교 앞,양천구,729
4,서울갤러리아 앞,용산구,160
4,서울경찰청,종로구,763
4,서울고등학교 건너편,서초구,191
4,서울고앞,서초구,134
4,서울과학기술대학교(미래관),노원구,716
4,서울과학기술대학교(어학교육원),노원구,2731
4,서울교육청 교육연수원 앞,서초구,116
4,서울교통공사 사당별관 건너편,서초구,259
4,서울교통공사사거리 교통섬,동대문구,812
4,서울남부교정시설 앞,구로구,220
4,서울남부지방검찰청 후문,양천구,981
4,서울남부출입국관리소,강서구,1800
4,서울남부터미널 대합실 입구,서초구,720
4,서울대벤처타운역,관악구,297
4,서울대입구역 1번출구,관악구,823
4,서울대입구역 4번 출구,관악구,695
4,서울대입구역 5번출구,관악구,1300
4,서울대입구역 마에스트로,관악구,679
4,서울대학교 정문,관악구,531
4,서울도봉초등학교인근,도봉구,392
4,서울도시가스 앞,강서구,843
4,서울도시건축전시관,중구,2135
4,서울디자인고등학교 앞,마포구,1061
4,서울디지털운동장 앞,금천구,596
4,서울문화재단 앞,동대문구,1183
4,서울미래초등학교 사거리,구로구,996
4,서울미술관,종로구,135
4,서울반도체고 앞,동대문구,338
4,서울방이동 고분군,송파구,1729
4,서울보증보험본사 앞,종로구,798
4,서울복합물류 게이트 1,송파구,1028
4,서울본부세관(건설회관 앞),강남구,168
4,서울북부고용노동지청,강북구,563
4,서울북부고용센터앞,노원구,2147
4,서울북부광역등기국,도봉구,252
4,서울북부수도사업소,강북구,422
4,서울북부지방법원,도봉구,206
4,서울북부지방법원 앞,도봉구,442
4,서울사대부설초등학교 앞,종로구,1132
4,서울산업정보학교,관악구,348
4,서울서부지방법원 앞,마포구,714
4,서울서부지방법원등기국앞,마포구,300
4,서울서초고용센터앞,서초구,389
4,서울숲 IT캐슬,성동구,15
4,서울숲 공영주차장앞,성동구,1339
4,서울숲 관리사무소,성동구,2398
4,서울숲 지식산업센터,성동구,1524
4,서울숲리버뷰자이APT105동 앞,성동구,420
4,서울숲역 2번출구 앞,성동구,1663
4,서울숲역 5번 출구 옆,성동구,1329
4,서울숲역3번출구,성동구,420
4,서울시 공공자전거 상암센터,마포구,1106
4,서울시 도로환경관리센터,양천구,2383
4,서울시 북부병원 앞,중랑구,354
4,서울시 북부여성발전센터,노원구,697
4,서울시 품질시험소 앞,서초구,444
4,서울시립과학관,노원구,536
4,서울시립대 건설공학관,동대문구,633
4,서울시립대 정문 앞 A,동대문구,295
4,서울시립대 정문 앞 B,동대문구,2068
4,서울시립대 정보기술관,동대문구,466
4,서울시립대 후문,동대문구,745
4,서울시설공단 앞,성동구,1154
4,서울시여성가족재단,동작구,398
4,서울시청,중구,1299
4,서울식물원 식물문화센터,강서구,907
4,서울식물원 잔디마당 앞,강서구,1733
4,서울식물원(문화센터) 건너편,강서구,285
4,서울신성초등학교,관악구,411
4,서울신용보증재단,마포구,876
4,서울신우초등학교,관악구,8
4,서울안천초등학교 옆,금천구,124
4,서울여대 남문,노원구,878
4,서울역 12번 출구 앞,용산구,795
4,서울역 7번출구,중구,117
4,서울역 서부,중구,278
4,서울역 서부교차로(3),중구,953
4,서울역 서부교차로2,중구,1117
4,서울역 센트럴 자이아파트,중구,665
4,서울역5번출구,중구,835
4,서울역9번출구,중구,796
4,서울역사박물관 앞,종로구,764
4,서울연신중학교,은평구,212
4,서울연신초등학교,은평구,368
4,서울영상고교 입구,양천구,2468
4,서울율현초교 삼거리,강남구,603
4,서울중랑우체국,중랑구,641
4,서울지방고용노동청 앞,중구,1045
4,서울지방병무청 버스정류장,영등포구,783
4,서울천호동우체국,강동구,1367
4,서울체육고등학교 앞,송파구,1263
4,서울추모공원 입구,서초구,34
4,서울축산농협(장안지점),동대문구,2228
4,서울출입국관리사무소 앞,양천구,2736
4,서울친환경유통센터,송파구,146
4,서울특별시 교육청,종로구,150
4,서울특별시 남부교육지원청,영등포구,528
4,서울특별시 동부교육지원청(육교),동대문구,210
4,서울특별시 동작관악교육지원청,동작구,95
4,서울특별시 은평병원,은평구,398
4,서울특별시 중부교육지원청,종로구,141
4,서울특별시교육청도봉도서관,강북구,900
4,서울혁신파크,은평구,630
4,서울혁신파크1,은평구,175
4,서울혁신파크2,은평구,372
4,서원마을,강동구,124
4,서일스포츠센터,서초구,122
4,서초 크로바타워 앞,서초구,343
4,서초 포레스타5단지,서초구,327
4,서초1교 (진흥아파트 방면),서초구,371
4,서초2교(사임당로 방면),서초구,197
4,서초4동주민센터,서초구,703
4,서초구립반포도서관 앞,서초구,1158
4,서초그랑자이 앞,서초구,270
4,서초동 현대아파트 앞,서초구,362
4,서초리슈빌S 글로벌 앞,서초구,125
4,서초신동아1차아파트 옆,서초구,453
4,서초역 3번출구,서초구,608
4,서초역1번출구 앞,서초구,396
4,서초유치원 맞은편,서초구,541
4,서초종합체육관 입구,서초구,72
4,서초초등학교 후문,서초구,772
4,서초포레스타 7단지,서초구,271
4,서초현대4차아파트 201동 맞은편,서초구,553
4,석계역 3번 출구,노원구,1213
4,석계역 4번출구 뒤,성북구,1292
4,석계역 5번출구 건너편,성북구,1557
4,석계역 문화광장 내 자전거 보관소,노원구,3278
4,석관동주민센터 앞,성북구,863
4,석관래미안아트리치,성북구,1090
4,석관초등학교 앞,성북구,1040
4,석촌고분역 2번 출구,송파구,1935
4,석촌고분역 4번출구,송파구,1438
4,석촌동 주민센터,송파구,1861
4,석촌역 2번출구,송파구,2152
4,석촌역 8번출구,송파구,2420
4,석촌호수 서호 남단,송파구,1854
4,석촌호수 서호 사거리,송파구,2304
4,석촌호수 아뜰리에,송파구,1936
4,석촌호수교차로 (송파나루근린공원 앞),송파구,736
4,석촌호수교차로(동호 팔각정 앞),송파구,2834
4,선릉역3번출구,강남구,1112
4,선린인터넷 고등학교,용산구,1063
4,선사고등학교,강동구,474
4,선유도역 3번출구 앞,영등포구,2884
4,선잠단지 앞,성북구,185
4,"선정릉 디캠프(D,CAMP)앞",강남구,234
4,선정릉역 4번 출구,강남구,317
4,섬들근린공원,서초구,984
4,섬유센터 앞,강남구,1106
4,성공회대학교,구로구,499
4,성균관대 E하우스 앞,종로구,1438
4,성균관대 정문,종로구,2225
4,성균관대입구 사거리 A,종로구,820
4,성균관대입구 사거리 B,종로구,1143
4,성내5교,송파구,914
4,성내7교,송파구,849
4,성내교 남단,송파구,459
4,성내삼성아파트,강동구,2480
4,성내어울터,강동구,2170
4,성내유수지 체육공원,송파구,310
4,성동광진 교육지원청 앞,성동구,1268
4,성동교 사거리,성동구,639
4,성동구 견인차량 보관소 앞,성동구,1522
4,성동구민종합체육센터 건너편,성동구,2721
4,성동도로사업소,성동구,299
4,성동세무서 건너편,성동구,1305
4,성동세무서 부근,성동구,1225
4,성보하이드로빌딩,양천구,866
4,성북3교 위,성북구,1007
4,성북구 한예종 캠퍼스 별관,성북구,919
4,성북구 한예종 캠퍼스 본관,성북구,811
4,성북구보건소 건너편,성북구,550
4,성북구청,성북구,747
4,성북동 치안센터 앞,성북구,551
4,성북쉼터 앞,성북구,168
4,성북제일새마을금고 본점 앞,성북구,386
4,성북청소년문화의집,성북구,108
4,성북청소년센터,성북구,293
4,성산2-1 공영주차장,마포구,1131
4,성산2교 사거리,마포구,1700
4,성산시영아파트,마포구,1031
4,성산시영아파트 후문,마포구,543
4,성서대학교 밀알관,노원구,414
4,성수2가1동 공영주차장 인근,성동구,2834
4,성수사거리 버스정류장 앞,성동구,1877
4,성수아카데미타워 앞,성동구,1673
4,성수역 1번출구 주변,성동구,733
4,성수역 2번출구 앞,성동구,2898
4,성수역3번출구,성동구,3813
4,성신여대입구 교차로,성북구,596
4,성신여대입구역 3번출구 앞,성북구,1064
4,성신여대입구역 5번출구,성북구,1123
4,성원2차 아파트,양천구,833
4,성원APT버스정류소,도봉구,635
4,성지아파트 옆 도로변,금천구,109
4,세곡데이케어센터,강남구,195
4,세곡동 사거리(대왕초등학교 정류장),강남구,158
4,세곡동 성당,강남구,525
4,세곡사거리 대왕파출소 앞,강남구,86
4,세륜초등학교 건너편,송파구,198
4,세양청마루 101동 앞,송파구,448
4,세운상가,종로구,551
4,세운스퀘어 앞,종로구,785
4,세이브마트,관악구,1180
4,세종그랑시아 앞(102동),양천구,842
4,세종대왕기념관 교차로,동대문구,431
4,세종대학교,광진구,308
4,세종대학교 대양AI센터,광진구,1199
4,세종대학교(영실관),광진구,516
4,세종대학교(학술정보원),광진구,173
4,세종사이버대학교,광진구,2434
4,세화고등학교,서초구,192
4,센서텍㈜,강서구,1182
4,센트럴 푸르지오 시티 앞,영등포구,1408
4,센트럴파크타워 앞,용산구,1179
4,솔리스타오피스텔(공덕동주민센터),마포구,467
4,솔밭공원역,강북구,187
4,솔밭공원역 1번출구 앞,강북구,446
4,솔밭공원역 1번출구 주변,강북구,460
4,솔브레인이엔지 뒤편,금천구,648
4,송도병원,중구,94
4,송이공원,송파구,406
4,송정역 1번출구,강서구,2009
4,송정역 3번출구 앞,강서구,1136
4,송정중학교,강서구,1013
4,송중초등학교 옆,강북구,441
4,송천동 주민센터,강북구,360
4,송천동우체국,강북구,269
4,송천센트레빌,강북구,215
4,송파 글마루 도서관,송파구,613
4,송파 레미니스1단지 102동 앞,송파구,824
4,송파 파인타운 11단지,송파구,535
4,송파구청,송파구,5021
4,송파구청 교차로,송파구,1662
4,송파나루역 4번 출구옆,송파구,3898
4,송파도서관,송파구,804
4,송파레이크힐,송파구,231
4,송파레이크힐 상가,송파구,855
4,송파사거리,송파구,2201
4,송파소방서 (방이119안전센터),송파구,442
4,송파소방서 맞은편(성내4교),송파구,1351
4,송파여성문화회관 앞,송파구,1766
4,송파여성축구장,송파구,463
4,송파역 2번 출구앞,송파구,1141
4,송파역 4번출구,송파구,2419
4,송파중학교 정문,송파구,495
4,송파지역자활센터 뒤,송파구,1578
4,송파청소년센터,송파구,570
4,송파체육문화회관 앞,송파구,934
4,송파파인타운 10단지 1005동,송파구,229
4,송파파인타운 4단지 403동,송파구,324
4,송파파인타운 7단지,송파구,585
4,송파파크데일 1단지 115동 건너편,송파구,482
4,송파파크데일 2단지입구 앞 주차장,송파구,387
4,송파학사 옆,송파구,1147
4,수궁동 성당 주변,구로구,434
4,수락리버시티4단지,노원구,452
4,수락산역 4번출구,노원구,795
4,수명산파크 4단지 411동 앞,강서구,935
4,수명산파크1단지교차로,강서구,2250
4,수명중?고교,강서구,1387
4,수명초등학교,강서구,1056
4,수색역,은평구,980
4,수서동 성당 맞은편,강남구,389
4,수서역 1번출구 앞,강남구,934
4,수서역 5번출구,강남구,2318
4,수서역 7번출구 앞,강남구,315
4,수연빌딩 앞,노원구,721
4,수유1동 주민센터,강북구,593
4,수유2동은행빌딩 앞,강북구,522
4,수유사거리,강북구,934
4,수유역2번출구,강북구,2162
4,수유중앙시장,강북구,890
4,수출의 다리 아래,금천구,531
4,수협 연남동지점,마포구,1417
4,수협대치동지점,강남구,440
4,숙대입구역 4번출구,용산구,1066
4,숙대입구역 8번,용산구,619
4,숙명여대 입구 교차로,용산구,1064
4,숙명여대앞 버스정류소 주변,용산구,189
4,순천향대학병원(한남오거리),용산구,649
4,순흥안씨묘 건너편,금천구,44
4,숭실대 입구역3번 출구 앞,동작구,451
4,숭실대학교(중문),동작구,150
4,숭인2동 주민센터 입구,종로구,1142
4,스타벅스(동교동) 앞,마포구,643
4,스타즈호텔독산 빌딩 앞,금천구,712
4,시립도봉노인복지관 버스정류소,도봉구,623
4,시립동부병원 앞 사거리,동대문구,1912
4,시립미술관,중구,932
4,시립창동운동장 입구,도봉구,151
4,시범아파트버스정류장 옆,영등포구,2070
4,시석빌딩 앞,마포구,631
4,시조사 앞,동대문구,1429
4,시청역 10번출구,중구,410
4,시청역(2호선) 9번출구 뒤,중구,2100
4,시흥4동주민센터 앞,금천구,138
4,시흥사거리(시흥동 994-3 앞),금천구,797
4,신곡시장,양천구,1129
4,신금호역 2번출구 앞,성동구,56
4,신금호파크자이APT앞,성동구,247
4,신길 래미안 프레비뉴,영등포구,506
4,신길동 우리은행 옆,영등포구,708
4,신길선원가와인아파트 앞,영등포구,827
4,신길역 2번출구,영등포구,1480
4,신길역3번출구,영등포구,1411
4,신길우성1차아파트 앞 공원,영등포구,586
4,신길우성4차아파트,영등포구,1226
4,신길자이아파트,영등포구,745
4,신내 우디안 111동 앞,중랑구,215
4,신내2동 주민센터 앞,중랑구,566
4,신내SK V1센터 앞,중랑구,476
4,신내능말공원,중랑구,487
4,신내동 벽산아파트 후문 앞,중랑구,609
4,신내동 한살림 중랑지구 건너편,중랑구,229
4,신내동 한살림 중랑지구 앞,중랑구,573
4,신내어울공원 앞,중랑구,507
4,신내역 4번출구,중랑구,345
4,신내우디안아파트 1단지,중랑구,220
4,신논현역 4번출구,강남구,793
4,신논현타워 앞,서초구,919
4,신답역 1번출구,성동구,124
4,신답역 사거리,동대문구,1443
4,신당 래미안 버스정류장,중구,554
4,신당동주민센터앞,중구,1232
4,신당역 10번 출구,중구,1295
4,신당역 12번 출구 뒤,중구,2526
4,신대방삼거리,동작구,1502
4,신대방삼거리역 6번출구쪽,동작구,1862
4,신대방역 2번 출구,관악구,4971
4,신도고등학교,은평구,184
4,신도림2차e편한세상아파트 203동 앞,구로구,991
4,신도림4차 e편한세상 아파트 1109동 앞,구로구,1248
4,신도림7차e편한세상아파트 806동 앞,구로구,968
4,신도림동주민센터 앞,구로구,1289
4,신도림쌍용플래티넘노블아파트 앞,구로구,1305
4,신도림역 1번 출구 앞,구로구,5551
4,신도림테크노근린공원,구로구,4646
4,신도봉사거리 버스정류장,도봉구,531
4,신도중학교앞,은평구,169
4,신동아럭스빌아파트 앞,서초구,144
4,신동아아파트,영등포구,2001
4,신동아타워 버스정류소,도봉구,330
4,신림1교 교차로,관악구,1389
4,"신림4,5동교",관악구,419
4,신림동 우방아파트,관악구,1083
4,신림동걷고싶은문화의거리입구,관악구,1265
4,신림푸르지오아파트,관악구,715
4,신마곡벽산블루밍메트로오피스텔앞,강서구,1099
4,신목동역 2번 출구,양천구,1945
4,신목동역 3번출구,양천구,913
4,신반포역 2번출구 앞,서초구,599
4,신반포역 3번출구 뒤,서초구,316
4,신방화사거리,강서구,2254
4,신방화역 6번출구,강서구,1395
4,신방화역 8번출구,강서구,1219
4,신방화역환승주차장,강서구,2852
4,신봉천주유소 A,관악구,65
4,신봉천주유소 B,관악구,145
4,신사동 가로수길 입구,강남구,631
4,신사동 성당,은평구,207
4,신사동주민센터 옆,강남구,578
4,신사두산위브2차아파트 앞,은평구,910
4,신사로입구,관악구,1135
4,신사스퀘어,강남구,281
4,신사역 4번출구 뒤,서초구,753
4,신석초교앞 교차로 교통섬,마포구,1570
4,신설동역 10번출구 앞,동대문구,1735
4,신설동역 11번출구 뒤,종로구,1501
4,신설동역8번출구,동대문구,1070
4,신성기사식당 앞,마포구,502
4,신성미소지움아파트,중랑구,628
4,신세계면세점,중구,261
4,신세계백화점 본점 앞,중구,664
4,신세기아파트 앞,구로구,616
4,신수동 사거리,마포구,320
4,신수동주민센터,마포구,244
4,신양초교앞 교차로,광진구,634
4,신영동삼거리,종로구,59
4,신영동삼거리(북악터널방향),종로구,73
4,신용산역 1번 출구,용산구,1611
4,신용산역 6번출구 앞,용산구,1379
4,신용산지하차도 앞,용산구,473
4,신원리베르텔 앞,도봉구,622
4,신월6차보람아파트 앞,양천구,1120
4,신월사거리,양천구,1033
4,신월중학교,양천구,719
4,신응교(가좌로) 앞,은평구,1299
4,신이문역 1번출구,동대문구,820
4,신이문역 2번출구,동대문구,498
4,신일해피트리아파트 앞,양천구,1000
4,신자초교입구 교차로,광진구,2211
4,신정1동 주민센터 앞,양천구,2333
4,신정3동 현장민원실 앞,양천구,671
4,신정6동 주민센터 인근,양천구,2032
4,신정교 하부,양천구,1846
4,신정네거리역,양천구,790
4,신정네거리역 교차로,양천구,901
4,신정보도육교 아래,양천구,2215
4,신정숲속마을아파트,양천구,571
4,신정이펜하우스 1단지아파트 입구 사거리,양천구,511
4,신정이펜하우스314동,양천구,664
4,신정제일시장,양천구,701
4,신진과학기술고등학교 버스정류장(응암시장 방면),은평구,846
4,신진빌라,양천구,431
4,신창교,강북구,565
4,신창시장,도봉구,1067
4,신창아파트 입구 앞,도봉구,316
4,신창중학교 후문 맞은편 버스정류장,노원구,805
4,신청담나들목,강남구,391
4,신촌 교보빌딩,마포구,314
4,신촌 청년주택,마포구,1224
4,신촌 파랑고래 입구,서대문구,651
4,신촌기차역입구 교차로,서대문구,391
4,신촌동 제1공영주차장 앞,서대문구,484
4,신촌역 4번출구,서대문구,470
4,신촌역(2호선) 1번출구 옆,서대문구,850
4,신촌역(2호선) 6번출구 옆,마포구,660
4,신촌역(2호선) 7번출구 앞,마포구,1610
4,신트리공원 입구,양천구,2336
4,신풍역 6번출구,영등포구,1294
4,신한금융투자 앞,영등포구,3440
4,신한은행 대림동지점,영등포구,573
4,신한은행 시흥대로금융센터지점,금천구,191
4,심산기념문화센터,서초구,653
4,쌍문동 이안아파트 앞,도봉구,529
4,쌍문역 1번출구 주변,도봉구,938
4,쌍문역4번출구 주변,도봉구,771
4,쌍문현대1차아파트 108동 앞,도봉구,648
4,쌍용아파트2단지 정문,종로구,299
4,쌍용예가(구청별관),영등포구,791
4,쌍용플레티넘오피스텔,영등포구,1476
4,아리랑시네센터 앞,성북구,513
4,아만티호텔 앞,마포구,403
4,아망떼마곡전시장,강서구,996
4,아메리칸센터,용산구,363
4,아산병원 기숙사 부근,송파구,3429
4,아시아선수촌아파트 교차로,송파구,965
4,아시아지하보도 14번 출구,송파구,1966
4,아시아지하보도 2번 출구,송파구,1227
4,아주중학교건너편,송파구,310
4,아차산 휴먼시아 아파트 옆,광진구,330
4,아차산역 3번출구,광진구,2155
4,아차산역4번출구,광진구,2025
4,아크로리버뷰 부지 앞,서초구,70
4,아크로타워 스퀘어(영등포시장),영등포구,2598
4,아현교회,마포구,189
4,아현문화건강센터,마포구,115
4,아현역 4번출구 앞,마포구,476
4,안골마을입구,서초구,31
4,안국동사거리(신),종로구,1259
4,안국역 5번출구 앞,종로구,1206
4,안산초등학교 앞,서대문구,72
4,안암2교 옆,성북구,1602
4,안암골벽산아파트(후문),동대문구,770
4,안암로터리 버스정류장 앞,성북구,3727
4,안암역 3번 출구,성북구,666
4,안양천합수부(현대3차아파트),강서구,1707
4,안천중학교,금천구,187
4,암사동 선사유적지,강동구,123
4,암사역 3번출구(국민은행앞),강동구,2481
4,암사정수센터교차로(강동롯데캐슬퍼스트아파트),강동구,286
4,압구정 한양 3차 아파트,강남구,372
4,압구정나들목,강남구,1558
4,압구정로데오역 6번출구,강남구,835
4,압구정역 2번 출구 옆,강남구,1254
4,압구정파출소 앞,강남구,959
4,앙카라공원 앞,영등포구,1599
4,애오개역 4번출구 앞,마포구,1275
4,앰배서더 호텔 주변,중구,478
4,약수동 주민센터,중구,126
4,약수역 10번출구 앞,중구,406
4,약수역 3번출구 뒤,중구,486
4,약수역 6번 출구,중구,354
4,양강중학교앞 교차로,양천구,608
4,양남사거리1,영등포구,647
4,양남사거리2,영등포구,657
4,양녕로 입구,관악구,948
4,양문교회 앞,동작구,597
4,양서중학교 옆,양천구,590
4,양원보도육교,양천구,677
4,양원역 1번 출구,중랑구,741
4,양원역 2번출구,중랑구,162
4,양원지구 힐데스하임 앞,중랑구,542
4,양재근린공원,서초구,896
4,양재동 꽃시장 건너편,서초구,525
4,양재동 꽃시장 입구,서초구,337
4,양재시민의숲역 1번출구,서초구,1784
4,양재시민의숲역 3번출구,서초구,760
4,양재역 10번 출구 앞,서초구,750
4,양재역 3번출구 주변,강남구,753
4,양재역 8번출구 앞,서초구,705
4,양재이스타빌 앞,서초구,1034
4,양재전화국 사거리,서초구,329
4,양재초등학교 맞은편,서초구,688
4,양지근린공원앞,노원구,1155
4,양지사거리,성동구,987
4,양지사거리(센트라스APT 115동앞),성동구,199
4,양천 해누리타운,양천구,2100
4,양천공영차고지,양천구,191
4,"양천구청, 보건소 사잇길",양천구,2320
4,양천구청역 1번출구,양천구,876
4,양천구청역 2번출구 옆,양천구,1709
4,양천문화회관,양천구,1789
4,양천아파트 입구,양천구,2146
4,양천해누리체육공원,양천구,875
4,양천향교역 7번출구앞,강서구,3587
4,양천향교역8번출구,강서구,1659
4,양평1 보행육교 앞,영등포구,1915
4,양평1나들목 보행통로 입구,영등포구,1699
4,양평1동 YP센터 앞,영등포구,527
4,양평교 영등포대여소,영등포구,1530
4,양평동6차현대아파트 앞,영등포구,1583
4,양평동성원아파트,영등포구,1274
4,양평역 1번출구,영등포구,2540
4,양평역2번출구 뒤,영등포구,713
4,양평우림 이비즈센타 앞,영등포구,1737
4,어린이대공원역 2번출구,광진구,931
4,어린이대공원역 3번출구 앞,광진구,1662
4,어린이대공원정문,광진구,880
4,어린이도서관,종로구,520
4,어린이회관,광진구,863
4,어울림병원 앞,영등포구,705
4,언남초등학교 앞,서초구,640
4,언주역 4번출구,강남구,342
4,언주초등학교 입구,강남구,474
4,에스테반,마포구,343
4,에이스 하드웨어(시흥대로 396) 앞,금천구,512
4,에이스에이존빌딩,관악구,612
4,에이스하이엔드타워8차 앞,금천구,790
4,에이스하이엔드타워9차 앞,금천구,640
4,엠펠리체 호텔 건너편,강서구,1748
4,여의나루역 1번출구 앞,영등포구,8509
4,여의도 마리나선착장 앞,영등포구,399
4,여의도 삼부아파트,영등포구,1231
4,여의도 순복음교회,영등포구,333
4,여의도 은하아파트,영등포구,544
4,여의도고교 앞,영등포구,1538
4,여의도역2번출구 앞,영등포구,916
4,여의도중학교 옆,영등포구,2114
4,여의도초교 앞,영등포구,1489
4,역삼1동 주민센터,강남구,847
4,역삼동 sk뷰 501동앞,강남구,327
4,역삼동 디오슈페리움 (우성아파트 사거리),강남구,600
4,역삼빌딩 앞(하나은행 옆),강남구,688
4,역삼월드메르디앙아파트 앞,강남구,390
4,역삼중학교 앞(체육관 방향),강남구,178
4,역촌 센트레빌 아파트,은평구,257
4,역촌센트레빌아파트 101동 앞,은평구,173
4,역촌종합시장 버스정류장(예일여고 방면),은평구,1512
4,역촌파출소,은평구,2485
4,연가교 교차로,서대문구,726
4,연가초등학교 옆,서대문구,369
4,연남동주민센터 앞,마포구,1979
4,연대 대운동장 옆,서대문구,414
4,연서어린이공원,서대문구,513
4,연세강서빌딩,강서구,1252
4,연세대 정문 건너편,서대문구,253
4,연세로 명물길,서대문구,628
4,연신내 선일하이츠빌 정류소,은평구,331
4,연신내역 1번 출구,은평구,747
4,연신내역 3번출구 인근,은평구,401
4,연신내역 4번출구,은평구,443
4,연신내역 5번출구,은평구,2144
4,연신초등학교옆 마을마당,은평구,156
4,연의근린공원 건너편,양천구,646
4,연해피빌 앞,노원구,830
4,연희 브라운스톤 아파트 앞,서대문구,1447
4,연희IC 남측,서대문구,811
4,연희교차로 인근,서대문구,471
4,연희삼거리,서대문구,693
4,연희초등학교 앞,서대문구,341
4,연희파크푸르지오아파트 앞,서대문구,988
4,염곡동(염통골) 입구,서초구,61
4,염곡치안센터 건너편,서초구,102
4,염리초등학교 앞,마포구,872
4,염창동 새마을금고 건너편,강서구,678
4,염창동 한마음아파트 앞,강서구,1305
4,염창역 1번 출구,강서구,1740
4,"염창역 3, 4번 출구 사이",양천구,1063
4,염천교사거리,중구,487
4,영도초등학교,양천구,1947
4,영동1교 (양재천근린공원),서초구,908
4,영동1교 북단,서초구,416
4,영동3교 북단(우성캐릭터 앞 보도),강남구,510
4,영동대교 북단,광진구,1224
4,영동중앙교회 버스정류장,강남구,174
4,영등포 신세계백화점,영등포구,3563
4,영등포 푸르지오 아파트 A,영등포구,860
4,영등포 푸르지오 아파트 B,영등포구,1168
4,영등포공원 분수대 앞,영등포구,243
4,영등포구민체육센터 앞,영등포구,1337
4,영등포구청역 7번출구,영등포구,4884
4,영등포로터리,영등포구,1611
4,영등포로터리2,영등포구,1366
4,영등포삼환아파트 앞,영등포구,1318
4,영등포시장역 포레나영등포,영등포구,2305
4,영등포역 1번출구,영등포구,2308
4,영등포역5번출구,영등포구,3257
4,영등포유통상가 사거리,영등포구,1206
4,영등포전화국사거리 (서강어린이공원),영등포구,1716
4,영등포청과시장 사거리,영등포구,1061
4,영락고등학교,관악구,342
4,영문초등학교 사거리,영등포구,2977
4,영성빌딩(PAT),중랑구,807
4,영어마을 관악캠프,관악구,96
4,영일 어린이공원,영등포구,849
4,영파여고 앞,송파구,1122
4,영휘원 교차로,동대문구,747
4,영희초교 사거리(래미안개포루체하임),강남구,825
4,예일여중,은평구,1001
4,옛골 입구,서초구,92
4,오금공원 사거리,송파구,168
4,오금공원사거리2,송파구,300
4,오금동 대림아파트 정문,송파구,457
4,오금역 3번 출구 뒤,송파구,671
4,오금역 7번 출구 인근,송파구,923
4,오류동 계림웨스트밸리 앞,구로구,226
4,오류동 다숲오피스텔 앞,구로구,533
4,오류동역 2번출구,구로구,773
4,오류동역 맞은편,구로구,1140
4,오륜사거리,송파구,566
4,오리로와 서해안도로 교차로 앞,구로구,404
4,오목교 동측 지하보도,영등포구,1322
4,오목교역 3번출구,양천구,3650
4,오목교역 6번 출구,양천구,1808
4,오목교역 7번출구 앞,양천구,2316
4,오목로 무중력지대 앞,양천구,675
4,오솔길공원,양천구,733
4,오정초교 앞 보도육교,구로구,194
4,옥수동성당 옆,성동구,168
4,옥수역 3번출구,성동구,3395
4,온곡초교 교차로,노원구,1495
4,온수역 2번 출구 앞,구로구,409
4,온수역 북측,구로구,273
4,올림픽공원 남2문 앞,송파구,1160
4,올림픽공원 북2문 A,송파구,1418
4,올림픽공원 북2문 B,송파구,2684
4,올림픽공원 서1문 앞,송파구,669
4,올림픽공원 장미광장,송파구,495
4,올림픽공원사거리(선수촌아파트),송파구,1045
4,올림픽공원역 1번출구 앞,송파구,1456
4,올림픽공원역 3번출구,송파구,4809
4,올림픽기념 국민생활관 로터리,종로구,1201
4,올림픽로 836(아리수로),강동구,395
4,올림픽선수기자촌아파트 123동 근처,송파구,294
4,올림픽선수촌아파트 136동 앞,송파구,370
4,올림픽훼미리아파트 112동 앞,송파구,871
4,왈도강서캠퍼스 앞,강서구,1165
4,왕십리 자이아파트(101동 앞),성동구,34
4,왕십리KCC스위첸아파트,성동구,112
4,왕십리교회옆,성동구,2177
4,왕십리역 11번 출구 앞,성동구,1287
4,왕십리역 4번 출구 건너편,성동구,1762
4,왕십리자이아파트 후문(삼거리),성동구,185
4,외국어대 정문 앞,동대문구,2466
4,외대앞역 교차로,동대문구,1793
4,용강동 주민센터 앞,마포구,1208
4,용답동 우체국 주변,성동구,974
4,용답토속공원 앞,성동구,454
4,용두동 래미안허브리츠아파트 앞,동대문구,1036
4,용두동 사거리,동대문구,1758
4,용두롯데캐슬리치아파트 앞,동대문구,1097
4,용두역 4번출구,동대문구,2009
4,용마복지센터 앞,중랑구,395
4,용마사거리,광진구,1509
4,용마산역 1번출구,중랑구,230
4,용마지구대 A,중랑구,128
4,용마지구대 B,중랑구,495
4,용마한신아파트사거리,중랑구,220
4,용문2교 옆,성북구,1096
4,용문사 버스정류장,강서구,1044
4,용산 선인상가,용산구,401
4,용산 파크타워 앞,용산구,278
4,용산 푸르지오 파크타운 1단지 앞,용산구,198
4,용산공원갤러리앞,용산구,172
4,용산구꿈나무종합타운 앞,용산구,649
4,용산더프라임아파트 101동 앞,용산구,337
4,용산시티파크 101동 앞,용산구,302
4,용산역 맞은편,용산구,2789
4,용산전쟁기념관,용산구,160
4,용산중학교,용산구,837
4,용신동주민센터,동대문구,622
4,우국한마음 아파트 맞은편,서대문구,941
4,우리은행 방배동지점 앞,서초구,569
4,우리은행 시흥남자동화점 앞,금천구,287
4,우면산등산로 입구,서초구,28
4,우물골 근린공원,은평구,403
4,우성4차아파트,광진구,973
4,우성식품 앞,광진구,1198
4,우성아파트 교차로,영등포구,730
4,우성아파트 앞,동작구,1650
4,우성아파트사거리 (기업은행앞),서초구,1233
4,우솔초등학교 맞은편,서초구,194
4,우영테크노센터 앞,성동구,1503
4,우이교 교차로,도봉구,1341
4,우이동 먹거리마을,강북구,124
4,우이동길마을마당,강북구,542
4,우이천 창번교,강북구,463
4,우장산동 가곡어린이공원앞,강서구,1632
4,우장산역 1번출구옆(우장산아이파크105동앞),강서구,1772
4,우장산역 3번출구,강서구,1428
4,우장산역 헤링턴타워 앞,강서구,1076
4,우장초등학교 앞,강서구,1548
4,원남동사거리,종로구,1060
4,원당공원 앞,도봉구,934
4,원당근린공원,강서구,773
4,원메디타운 앞,구로구,1478
4,원묵고등학교,중랑구,956
4,원일교회,광진구,1641
4,원자력 병원,노원구,575
4,원풍빌라앞,은평구,521
4,원효로2가 교차로,용산구,443
4,원효로다목적체육관 앞,용산구,399
4,월계 롯데캐슬아파트 뒤,노원구,558
4,월계 센트럴 아이파크,노원구,990
4,월계 청백1단지 아파트 정류장,노원구,359
4,월계1동주민센터 앞,노원구,578
4,월계2교 교차로,강북구,416
4,월계2교 버스정류장 앞,성북구,458
4,월계문화체육센터,노원구,135
4,월계역 1번 출구,노원구,764
4,월계중학교,노원구,289
4,월계초안아파트 1단지,노원구,383
4,월계프라자,노원구,545
4,월곡역 3번출구,성북구,2001
4,월곡역 5번출구 앞,성북구,1266
4,월곡역 입구 육교 밑,성북구,294
4,월드메르디앙 벤처센터 2차,금천구,985
4,월드컵경기장역 3번출구 옆,마포구,1912
4,월드컵공원,마포구,1919
4,월드컵파크 4단지,마포구,341
4,월정초 사거리,양천구,481
4,웨스틴 조선호텔,중구,392
4,웰니스센터(민방위교육장 앞),종로구,1158
4,웰츠타워 오피스텔,광진구,1380
4,위너스 스포츠클럽 골프연습장옆,금천구,344
4,위례 포레샤인 1809동 부근,송파구,263
4,위례22단지 2208동 다리앞,송파구,418
4,위례동주민센터,송파구,1869
4,위례별 유치원 뒤,송파구,482
4,위례송파꿈에그린아파트24단지 앞 성벽 다리 밑,송파구,245
4,위례아이파크 101동 맞은편,송파구,388
4,위례중앙푸르지오 1단지 앞,송파구,1086
4,위례중앙푸르지오 201동 앞,송파구,1652
4,위례포레나송파,송파구,768
4,위례포레샤인 2310동 부근,송파구,522
4,위례포레샤인13단지,송파구,555
4,위례포레샤인18단지 1802동,송파구,258
4,위례포레샤인18단지 1812동,송파구,186
4,위례포레샤인아파트 정류장,송파구,634
4,윗반마을 입구,강남구,87
4,유니베라 앞,성동구,1493
4,유스호스텔 앞,영등포구,1044
4,유원목동아파트 103동 앞,양천구,2158
4,유진투자증권빌딩 앞,영등포구,2021
4,유한양행앞,동작구,1153
4,육군사관학교  앞,노원구,1402
4,윤선생빌딩(JYP사옥),강동구,2533
4,으뜸공원,양천구,606
4,은곡마을,강남구,460
4,은마아파트 입구 사거리,강남구,1100
4,은마아파트입구 사거리(1),강남구,154
4,은천교회,관악구,627
4,은천교회 앞,관악구,852
4,은천로입구 가로공원,관악구,2237
4,은천삼거리,관악구,305
4,은천초등학교 육교,관악구,556
4,은천치안센터,관악구,1024
4,은평 성모병원 사거리,은평구,354
4,은평 지웰테라스,은평구,87
4,은평구청 교차로,은평구,778
4,은평뉴타운 도서관,은평구,302
4,은평뉴타운 상림마을 13단지,은평구,93
4,은평뉴타운 아이파크,은평구,522
4,은평뉴타운 은뜨락아파트앞,은평구,405
4,은평뉴타운 푸르지오,은평구,626
4,은평뉴타운 힐데스하임,은평구,794
4,은평뉴타운구파발9단지,은평구,383
4,은평뉴타운폭포동 힐스테이트4단지,은평구,180
4,은평다목적체육관,은평구,345
4,은평서해그랑블아파트앞,은평구,414
4,은평세무서 버스정류장(은평구청 방면),은평구,957
4,은평역사한옥박물관,은평구,247
4,은평예술회관,은평구,930
4,은평평화공원(역촌역4번출구),은평구,1472
4,은하수 공원,노원구,347
4,을지로2가 사거리 남측,중구,509
4,을지로2가 사거리 북측,중구,610
4,을지로3가역 3번출구,중구,1192
4,을지로4가역 1번출구,중구,834
4,을지로4가역 9번출구,중구,1441
4,을지로입구역 2번출구,중구,1111
4,을지로입구역 4번출구 앞,중구,918
4,을지로입구역 8번출구,중구,414
4,을지로지하쇼핑센터,중구,394
4,응봉삼거리,성동구,492
4,응봉역 1번출구,성동구,3178
4,응봉현대아파트 정류소,성동구,191
4,응암2동주민센터 버스정류장(영락중학교 방면),은평구,353
4,응암시장교차로,은평구,1481
4,응암역2번출구 국민은행 앞,은평구,2811
4,응암역3번 출구(서부경찰서 방면),은평구,280
4,응암오거리,은평구,1613
4,의정관,영등포구,171
4,이대목동병원보도육교,양천구,945
4,이대서울병원,강서구,1274
4,이대역 4번 출구,서대문구,326
4,이대역 5번출구,마포구,539
4,이랜드글로벌R&D센터,강서구,463
4,이마트 버스정류소 옆,성동구,3151
4,이마트 버스정류장(서부경찰서 방면),은평구,1795
4,이문e편한세상아파트 앞,동대문구,514
4,이문대성유니드아파트 앞,동대문구,576
4,이문동 쌍용아파트 정문,동대문구,729
4,이문삼익아파트 앞,동대문구,201
4,이수고가차도 남단,서초구,972
4,이수교차로,서초구,1402
4,이수성결교회 옆,동작구,108
4,이수역 11번출구쪽,동작구,1339
4,이수역 1번출구,서초구,1850
4,이수역 4번 출구,서초구,1094
4,이수역 6번출구 앞,서초구,614
4,이수역9번출구,동작구,740
4,이앤씨드림타워 앞,영등포구,2366
4,이좋은집오피스텔 앞,구로구,543
4,이촌1동 마을공원,용산구,344
4,이촌1동 주민센터 뒤,용산구,1049
4,이촌2동 동원베네스트 아파트 앞,용산구,751
4,이촌역2번 출구,용산구,282
4,이촌역5번출구 앞,용산구,133
4,이태원관광특구 입구(용산구청방향),용산구,367
4,이태원관광특구입구A(녹사평역쪽),용산구,164
4,이태원로 255,용산구,99
4,이태원역 3번 출구,용산구,669
4,이태원지하보도,용산구,505
4,이투스교육 앞,서초구,214
4,이튼타워리버 2차,광진구,1061
4,이화공영주차장,종로구,388
4,이화여대 인문관 인근,서대문구,204
4,이화여대 후문,서대문구,543
4,인덕대학교,노원구,703
4,인왕산 아이파크 정문,종로구,211
4,인재개발원 데이터센터,서초구,22
4,인재개발원 배움관,서초구,80
4,인헌초교,관악구,246
4,일동제약 사거리,서초구,676
4,일성아파트,종로구,267
4,일신초등학교 옆,성북구,244
4,일원1동 주민센터,강남구,686
4,일원1동주민센터앞 사거리,강남구,406
4,일원에코파크 앞(개포로 방면),강남구,369
4,일원에코파크 주차장,강남구,423
4,일원역 4~5번 출구 사이,강남구,431
4,임광빌딩 앞,서대문구,289
4,자곡사거리,강남구,1253
4,자교교회 앞,종로구,984
4,자양(뚝섬한강공원)역 1번출구 앞,광진구,8641
4,자양2동 주민센터,광진구,1248
4,자양나들목,광진구,1873
4,자양사거리 광진아크로텔 앞,광진구,1395
4,자양사거리(서원빌딩),광진구,2656
4,자양중앙나들목,광진구,1246
4,자양한강도서관,광진구,1218
4,잔디마을 마을버스 정류장,서초구,1121
4,잠실 자전거 수리센터 앞,송파구,2330
4,잠실 파크리오 120동 앞,송파구,1138
4,잠실3거리(갤러리아팰리스),송파구,1023
4,잠실4동 주민센터 옆,송파구,1258
4,잠실근린공원,송파구,1546
4,잠실나들목,송파구,1961
4,잠실나들목2(엘스아파트136동),송파구,633
4,잠실나들목4,송파구,1590
4,잠실나들목5,송파구,446
4,잠실나들목6,송파구,700
4,잠실나루 나들목,송파구,1558
4,잠실나루역 (2번 출구 쪽),송파구,2303
4,잠실나루역 고가하부,송파구,426
4,잠실나루역4번출구뒤,송파구,1484
4,잠실대교북단 교차로,광진구,1411
4,잠실새내역 1번출구,송파구,2212
4,잠실새내역 5번 출구 뒤,송파구,3551
4,잠실역 6번출구,송파구,1753
4,잠실역 8번출구,송파구,3497
4,잠실주공 521동 건너편,송파구,1999
4,잠실주공5단지1,송파구,1602
4,잠실트리지움310동 옆,송파구,1775
4,잠원역 3번-4번 출구사이,서초구,804
4,잣절보도육교 아래,양천구,486
4,장곡초등학교 앞,성북구,643
4,장로회신학대학교 주기철 기념관,광진구,88
4,장미원시장 건너편,강북구,697
4,장수공원,양천구,785
4,장승배기역 5번출구,동작구,1436
4,장승배기역2번출구뒷편쪽,동작구,590
4,장안동 사거리,동대문구,2892
4,장안동근린공원 입구,동대문구,565
4,장안동삼거리 교통섬,동대문구,776
4,장안동위더스빌옆,동대문구,2210
4,장안중학교,중랑구,651
4,장안힐스테이트(아) 앞,동대문구,1645
4,장위뉴타운 꿈에 숲 코오롱 하늘채 앞,성북구,1259
4,장지공영차고지,송파구,243
4,장지역 1번출구,송파구,1194
4,장충동먹자골목 앞,중구,600
4,장충체육관,중구,146
4,장한평역 3번출구,동대문구,3542
4,장한평역 8번 출구 앞,성동구,1818
4,장훈고 앞,영등포구,515
4,재동초교 앞 삼거리,종로구,916
4,전농SK아파트 앞,동대문구,342
4,전농동 동아아파트 앞,동대문구,1095
4,전농동 텃골공원,동대문구,643
4,전농사거리 교통섬,동대문구,870
4,전농삼성아파트,동대문구,196
4,전농초등학교 건너편,동대문구,409
4,전자랜드 본관 앞,용산구,748
4,정금마을 마을버스정류장,동작구,478
4,정동사거리,중구,811
4,정릉꿈에그린1단지 201동 앞,성북구,194
4,정릉도서관 앞,성북구,432
4,정릉역,성북구,449
4,정의여중고 버스정류소,도봉구,408
4,제2구민체육센타 앞,영등포구,1637
4,제각말푸르지오 5-1단지 아파트,은평구,198
4,제기2교,동대문구,1285
4,제기동 현대아파트 앞,동대문구,309
4,제기동역 1번출구,동대문구,1861
4,제니스스포츠 앞,구로구,374
4,제일강산수산입구,도봉구,997
4,제일빌딩 앞,마포구,1077
4,조계사앞사거리,종로구,1113
4,조원동 강남힐병원,관악구,831
4,조원동 미성아파트,관악구,756
4,종각역 1번출구 앞,종로구,1423
4,종각역 5번출구,종로구,1202
4,종로2가 버스정류장 (종각방향),종로구,921
4,종로2가 사거리,종로구,1043
4,종로3가역 15번출구 뒤,종로구,684
4,종로3가역 2번출구 뒤,종로구,1079
4,종로3가역 8번출구,종로구,1857
4,종로4가 사거리,종로구,921
4,종로5가역 4번출구,종로구,1021
4,종로6가역 버스정류장(동대문 방향),종로구,770
4,종로구청 옆,종로구,1643
4,종로꽃시장 입구 옆,종로구,709
4,종로문화원 건너편,종로구,494
4,종로오가 지하쇼핑센터 14번출구,종로구,1000
4,종로타워빌딩,종로구,1029
4,종로플레이스,종로구,1752
4,종묘,종로구,577
4,종묘공영주차장 건너편,종로구,397
4,종암동 동덕여대 제2생활관 앞,성북구,1429
4,종암박스파크,성북구,1132
4,종암초등학교 뒤(새울센스빌),동대문구,318
4,종합운동장역 4번출구,송파구,1393
4,주공14단지,금천구,131
4,주공601동 상가 노원지하보도 앞,노원구,1406
4,주식회사 오뚜기 정문 앞,강남구,571
4,주원 리젠트 앞,강서구,527
4,주홍교 하부,서초구,224
4,준빌딩 앞,은평구,208
4,중계 롯데마트,노원구,1258
4,중계2차 한화꿈에그린 101동 인근,노원구,587
4,중계3차청구아파트,노원구,987
4,중계구민체육센터,노원구,729
4,중계근린공원내,노원구,2444
4,중계동 성모빌딩 앞,노원구,1390
4,중계동 을지중학교,노원구,726
4,중계동 하나프라자빌딩 앞(중1-1),노원구,1580
4,중계본동 입구,노원구,185
4,중계역 2번출구,노원구,1974
4,중계역 3번출구,노원구,1545
4,중계역 6번출구,노원구,1523
4,중계종합사회복지관 교차로,노원구,582
4,중계주공2단지 앞,노원구,646
4,중계중학교,노원구,1258
4,중곡 성원아파트 앞,광진구,831
4,중곡SK아파트앞,광진구,510
4,중곡동 파크웨이빌딩,광진구,1013
4,중곡역 1번출구,광진구,946
4,중대후문 마을버스정류장,동작구,533
4,중랑공영차고지 옆,중랑구,894
4,중랑교사거리,동대문구,1217
4,중랑구민회관,중랑구,242
4,중랑구청,중랑구,885
4,중랑구청 사거리,중랑구,1030
4,중랑구청 중화동 별관 앞,중랑구,1558
4,중랑데시앙플렉스 앞,중랑구,405
4,중랑물재생센터(서울새활용플라자),성동구,398
4,중랑세무서,중랑구,1988
4,중랑역 1번 출구(중화문화복지센터),중랑구,711
4,중랑전화국 교차로,중랑구,1184
4,중랑천 뚝방길 산책로 입구,광진구,892
4,중랑캠핑숲,중랑구,105
4,중림동삼거리,중구,157
4,중부경찰서앞 사거리,중구,323
4,중부경찰서앞사거리 건너편,중구,248
4,중부세무서 앞,중구,144
4,중앙고입구 삼거리,종로구,242
4,중앙근린공원,서대문구,860
4,중앙농협(자양동),광진구,1483
4,중앙대학교 정문 1,동작구,505
4,중앙대학교 중앙광장,동작구,113
4,중앙동 동진빌딩,관악구,536
4,중앙보훈병원역 1번출구,강동구,246
4,중앙보훈병원역3번출구,강동구,158
4,중앙유통단지 앞,구로구,611
4,중앙유통단지 앞 B,구로구,534
4,중앙일보,중구,97
4,중앙하이츠 아파트 입구,노원구,1464
4,중화동 우리은행 앞,중랑구,771
4,중화빌딩 앞 (동부시장),중랑구,751
4,중화수경공원,중랑구,996
4,중화역 2번출구,중랑구,1071
4,중화역 4번출구,중랑구,775
4,증권거래소후문교차로,영등포구,1248
4,증미역 2번출구,강서구,1513
4,증미역 3번출구뒤(등촌두산위브센티움오피스텔),강서구,2117
4,증산2교,서대문구,1643
4,증산3교 앞,서대문구,1109
4,증산교 앞,서대문구,1471
4,증산역 4번출구,은평구,1239
4,진관고등학교앞,은평구,432
4,진관동 은빛초등학교,은평구,295
4,진미파라곤 앞,영등포구,745
4,진주아파트상가 앞,영등포구,777
4,참새공원(백곡경노당),구로구,336
4,창1동주민센터,도봉구,465
4,창경궁 입구,종로구,658
4,창동 주공 4단지 입구 옆,도봉구,549
4,창동19단지아파트 관리사무소앞,도봉구,727
4,창동동아청솔정문 건너편,도봉구,410
4,창동시장입구 사거리,도봉구,688
4,창동역 1번출구 건너편,도봉구,690
4,창동역 1번출구 앞,도봉구,2278
4,창동역 2번출구,도봉구,2612
4,창동주공17단지 상가앞,도봉구,1110
4,창동주공19단지앞,도봉구,951
4,창동청소년수련관,도봉구,400
4,창동한신아파트 버스정류소,도봉구,706
4,창신3동주민센터,종로구,907
4,창신두산아파트,종로구,156
4,창신역 1번출구 앞,종로구,398
4,창신역2번 출구,종로구,160
4,창원초등학교 교차로,도봉구,575
4,창포원 남쪽 입구,도봉구,624
4,천동초교 삼거리,강동구,1130
4,천동초교입구사거리 버스정류장(십자성마을 방면),강동구,1351
4,천왕역 1번 출입구 앞,구로구,1618
4,천왕역 3번 출구 뒤,구로구,517
4,천왕역 4번출구 뒤,구로구,771
4,천왕연지타운2단지 앞,구로구,1171
4,천왕이펜하우스 4단지 후문,구로구,284
4,천왕이펜하우스3단지 앞,구로구,290
4,천왕이펜하우스5단지 앞,구로구,243
4,천왕지구삼거리 앞,구로구,529
4,천왕차량사업소 입구,구로구,528
4,천일초교 사거리,강동구,687
4,천주교 대치 2동 교회 옆,강남구,731
4,천지인 오피스텔 앞,종로구,57
4,천호시장 버스정류소 옆,강동구,583
4,천호역 10번 출구 앞,송파구,2767
4,천호역4번출구(현대백화점),강동구,3798
4,천호지하주차장 5번 출입구,강동구,858
4,천호초교 입구 사거리(일주빌딩),강동구,721
4,철도교통관제센터 정문 앞,구로구,882
4,청계2가 사거리 옆,종로구,1235
4,청계3가 사거리,종로구,889
4,청계8가 사거리 B,성동구,1939
4,청계8가사거리 A,종로구,1595
4,청계9가교차로 앞,동대문구,2043
4,청계광장 옆,중구,1346
4,청계벽산아파트 앞,성동구,1213
4,청계산 입구 삼거리,서초구,125
4,청계산입구역 1번출구,서초구,886
4,청계산입구역 2번출구,서초구,160
4,청계천 박물관 앞,성동구,559
4,청계천 생태교실 앞,성동구,4093
4,청계천 영도교,중구,2635
4,청계한신휴플러스앞 삼거리,동대문구,1021
4,청구e편한세상아파트 113동 앞,중구,618
4,청구성심병원 앞,은평구,560
4,청구아파트 앞,구로구,1005
4,청기와빌딩,양천구,595
4,청년주택 독산동점,금천구,345
4,청년취업사관학교앞,금천구,351
4,청담공원앞 교차로,강남구,644
4,청담나들목입구,강남구,462
4,청담동 맥도날드 옆(위치),강남구,321
4,청담사거리(신한오피스텔빌딩 앞),강남구,315
4,청담역 11번 출구,강남구,199
4,청담역 13번 출구 앞,강남구,460
4,청담역 1번출구,강남구,154
4,청담역 2번출구,강남구,184
4,청담역(우리들병원 앞),강남구,305
4,청량리 기업은행 앞,동대문구,2257
4,청량차도 육교 밑,동대문구,457
4,청소년수련관 후문,노원구,2643
4,청소년수련관(수영장)앞,강남구,356
4,청소년음악센터,양천구,466
4,청솔우성아파트 앞,동대문구,1019
4,청암예술학교 앞,노원구,1330
4,청암자이아파트 앞,용산구,688
4,청와대앞길,종로구,258
4,청운초교 앞 삼거리,종로구,498
4,청파동삼거리 앞,용산구,530
4,청파동입구 교차로,용산구,722
4,초롱타운 앞,구로구,252
4,초원아파트 앞,영등포구,874
4,총신대 앞(육교),동작구,79
4,충무로역 1번출구,중구,779
4,충무로역 6번출구 앞,중구,618
4,충북 미래관,영등포구,2152
4,충정2교,서대문구,553
4,충정로역 1번 출구,서대문구,198
4,충정로역 2호선(엘리베이터 앞),중구,449
4,충정로역 3번 출구,서대문구,179
4,충정로역 7번출구 아래,서대문구,418
4,커먼그라운드,광진구,2664
4,코레일유통본사,영등포구,891
4,코스트코 상봉점,중랑구,1292
4,코오롱One&Only타워,강서구,1616
4,코오롱디지털타워 3차앞,성동구,1452
4,코오롱아파트사거리,마포구,2256
4,코오롱테크노밸리,금천구,201
4,콤텍시스템 앞,영등포구,555
4,크라운호텔앞 버스정류소,용산구,495
4,크린랩 본사,강남구,289
4,탄천1교 하부보도,송파구,600
4,탑골공원 앞,종로구,599
4,탑성마을 버스정거장 옆,서초구,17
4,탑성마을입구,서초구,31
4,태릉입구역 3번출구,노원구,921
4,태릉입구역 5번출구,노원구,2545
4,태릉입구역 8번출구,노원구,1710
4,태평양물산,구로구,2115
4,테라타워2,송파구,2062
4,테크노마트 앞,구로구,1657
4,퇴계로4가 교차로(중구청),중구,1047
4,트레빌빌딩,강동구,1093
4,파르코 앞,노원구,290
4,파크타워 104동 앞,용산구,199
4,파크팰리스,종로구,660
4,페코텍글로벌허브빌딩 앞,성동구,2020
4,평생학습관 앞,은평구,888
4,평창동주민센터 앞,종로구,118
4,평화도봉공원 주변,도봉구,801
4,포레나 당산,영등포구,1083
4,포레스 주상복합 빌딩,강동구,1237
4,포르투갈 대사관 앞,종로구,815
4,포스코사거리 서측(수협 삼성동 지점),강남구,544
4,포스코사거리(기업은행),강남구,1297
4,포스코피앤에스타워 (역삼역 3번출구 부근),강남구,743
4,폭포동입구 교차로,은평구,225
4,푸르메병원,마포구,1014
4,푸조비즈타워 앞,성동구,1515
4,풍납근린공원,송파구,702
4,풍납동 아이파크 107동 앞,송파구,901
4,풍납백제문화공원 옆 인근,송파구,1853
4,풍납사거리 성내유수지,송파구,727
4,풍납사거리(강동),강동구,1096
4,풍납중학교 측면,송파구,376
4,풍납토성 서성벽터A,송파구,989
4,풍납토성 서성벽터B,송파구,500
4,풍납현대아파트쉼터,송파구,1605
4,풍전아파트 건너편,용산구,744
4,프라이어팰리스아파트,강동구,564
4,프라자 아파트 앞,강동구,777
4,프런트원(공덕역4번출구 앞),마포구,652
4,필동 삼거리,중구,559
4,하계 어린이 공원,노원구,1350
4,하계2동 공항버스정류장 옆,노원구,1490
4,하계동 중평어린이공원 앞,노원구,1619
4,하계역 6번출구,노원구,1047
4,하늘공원 입구,마포구,681
4,하늘숲초등학교 앞,구로구,771
4,하늘채코오롱아파트 건너편,마포구,1701
4,하얏트호텔 앞,용산구,72
4,하우스디세종타워 앞,성동구,924
4,하이투자증권 앞,영등포구,1108
4,학동로 래미안 아파트 앞,강남구,261
4,학동역,강남구,394
4,학여울역 사거리,강남구,326
4,학여울역 사거리(LG베스트샵 앞),강남구,664
4,학여울역사거리(은마아파트),강남구,166
4,한가람미술관 앞,서초구,205
4,한강 현대아파트 건너편,동작구,54
4,한강GS에클라트 건너편 교통섬,용산구,486
4,한강공원 망원나들목,마포구,8899
4,한강대교 북단 교차로,용산구,1636
4,한강버스 마곡 선착장,강서구,494
4,한강아파트,강서구,1094
4,한강중학교 앞 버스정류장,용산구,285
4,한강진역 2번 출구 앞,용산구,330
4,한강초교보도육교 앞,용산구,739
4,한강트럼프월드3차 앞,용산구,885
4,한국SGI 양천문화회관 앞,양천구,857
4,한국과학기술연구원 북문,성북구,144
4,한국과학기술연구원 중문,성북구,265
4,한국국방연구원 앞,동대문구,949
4,한국우편사업진흥원,강남구,240
4,한국은행,중구,322
4,한국전력 구로금천지사 앞,금천구,499
4,한국전력공사(동대문 중랑지사),중랑구,727
4,한국종합기술사옥 앞,강동구,1615
4,한국지역난방공사강남지사,강남구,268
4,한국체육대학교,송파구,586
4,한국콜마종합기술원 앞,서초구,5
4,한남 유수지 복개주차장,용산구,709
4,한남나들목 입구,용산구,1201
4,한남나인원 105동 앞,용산구,320
4,한남초교 앞 보도육교,용산구,107
4,한내 행복발전소 옆,노원구,2103
4,한내근린공원 남측,노원구,563
4,한내근린공원 북측,노원구,911
4,한림대학교 강남성심병원 신관,영등포구,951
4,한림연예예술고등학교,송파구,712
4,한마을아파트 정문상가,구로구,1241
4,한사랑교회 앞,양천구,839
4,한성대7번출구 앞,성북구,506
4,한성대입구역2번출구,성북구,1513
4,한성대입구역6번출구 뒤,성북구,616
4,한성백제역 1번출구 뒤,송파구,2361
4,한성백제역 2번 출구,송파구,2275
4,한신16차아파트 119동 앞,서초구,3016
4,한신아파트 앞 육교 아래,금천구,521
4,한신코아 앞,금천구,367
4,한신휴아파트 앞,구로구,1281
4,한양3차아파트 3동 앞,송파구,183
4,한양대병원사거리,성동구,1316
4,한양대역 1번출구,성동구,697
4,한양대역 3번 출구,성동구,1551
4,한양대후문역 부근,성동구,1115
4,한양수자인아파트 앞,중랑구,349
4,한영외국어고등학교,강동구,176
4,한영중고앞사거리,강동구,388
4,한울중학교,금천구,137
4,한일유앤아이아파트 105동 인근,노원구,773
4,한전아트센터 앞,서초구,584
4,한진아파트 입구,구로구,755
4,한천교 동편,노원구,774
4,한티역 3번출구,강남구,350
4,한티역 6번 출구,강남구,443
4,한티역 롯데백화점 앞,강남구,828
4,한화오벨리스크 앞,마포구,683
4,함지박 사거리,서초구,490
4,합정동주민센터 앞,마포구,1896
4,합정역 1번출구 앞,마포구,1317
4,합정역 5번출구 앞,마포구,776
4,합정역 7번출구 앞,마포구,2580
4,항동지구 10단지 1001동 앞,구로구,168
4,항동지구 11단지 1103동 앞,구로구,97
4,항동지구 1단지 105동 앞,구로구,185
4,항동지구 2단지 202동 앞,구로구,155
4,항동지구 3단지 302동 앞,구로구,49
4,항동지구 3단지 311동 앞,구로구,83
4,항동지구 4단지 입구,구로구,120
4,항동지구 6단지 602동 앞,구로구,176
4,항동지구 7단지 정문,구로구,373
4,항동지구 8단지 803동옆(주차장입구),구로구,78
4,항동지구5단지 501동 앞,구로구,135
4,항동프라자,구로구,420
4,항동하버리안2단지아파트 후문,구로구,184
4,해공공원(천호동),강동구,1487
4,해공도서관앞,강동구,705
4,해담는다리,서대문구,1678
4,해뜨는 주유소옆 리엔파크 109동앞,강동구,500
4,해원리바파크 육교 밑,구로구,1598
4,행당동 삼부APT후문,성동구,206
4,행당역 2번출구 앞,성동구,616
4,행당중학교 후문,성동구,625
4,허준박물관삼거리,강서구,1013
4,헬리오시티 112동 앞,송파구,1011
4,헬스케어,노원구,905
4,현대 뜨레비앙 아파트 앞,종로구,834
4,현대 안성타워,용산구,219
4,현대6차 아파트,노원구,1189
4,현대6차아파트 101동 옆,양천구,770
4,현대고등학교 건너편,강남구,1650
4,현대그룹(본사),종로구,830
4,현대백화점 미아점,성북구,558
4,현대벤처빌 앞,마포구,243
4,현대성우아파트 옆,강북구,348
4,현대시장사거리,관악구,1029
4,현대시티아울렛 가산,금천구,961
4,현대아파트 앞,구로구,526
4,현대아파트 정문 앞,강남구,478
4,현대자동차 동부서비스센터 주변,성동구,963
4,현대자동차서비스 앞,용산구,670
4,현대하이페리온,양천구,2056
4,현대홈타운 뒷길,광진구,244
4,혜명양로원 담장 옆(2),금천구,269
4,혜화동 로터리,종로구,1102
4,혜화역 1번출구,종로구,2002
4,혜화역 3번출구 뒤,종로구,987
4,호돌이공원,강서구,386
4,호돌이상가,송파구,509
4,호반써밋,송파구,796
4,호암아트홀,중구,108
4,홈플러스 금천점 앞,금천구,602
4,홈플러스 마포점 앞,마포구,2242
4,홈플러스 면목점,중랑구,651
4,홈플러스 상봉점 앞,중랑구,989
4,홈플러스 시흥점 맞은편 다비치안경 앞,금천구,559
4,홈플러스 신내점 앞,중랑구,1752
4,홈플러스 잠실점,송파구,1415
4,홈플러스(강서점),강서구,2186
4,홍남교 버스정류장,서대문구,595
4,홍남교 사거리,서대문구,1093
4,홍대입구역 2번출구 앞,마포구,3602
4,홍대입구역 3번출구,마포구,2899
4,홍대입구역 6번출구,마포구,1475
4,홍대입구역 8번출구 앞,마포구,1547
4,홍대입구역 사거리,마포구,1295
4,홍련봉 공원,광진구,445
4,홍연2교 사거리,서대문구,408
4,홍연2교옆,서대문구,993
4,홍은 현대아이파크 아파트 202동 앞,서대문구,433
4,홍은2파출소 옆,서대문구,503
4,홍은도담도서관,서대문구,431
4,홍은동 정원여중 입구,서대문구,664
4,홍은사거리,서대문구,2316
4,홍은센트레빌 아파트 앞,서대문구,228
4,홍익병원앞 교차로,양천구,1389
4,홍익중고 입구,성북구,862
4,홍제교,서대문구,584
4,홍제삼거리 북측,서대문구,792
4,화곡2동주민센터,강서구,799
4,화곡로 입구 교차로,양천구,314
4,화곡본동시장 버스정류장,강서구,412
4,화곡본동시장 입구,강서구,604
4,화곡역 1번 출구 앞,강서구,1689
4,화곡역 6번출구,강서구,1399
4,화곡역 버스정류장,강서구,1627
4,화곡터널입구교차로,강서구,918
4,화랑대역 2번출구 앞,노원구,2318
4,화랑대역 7번출구,중랑구,1337
4,화양 APT(횡단보도 옆),광진구,2725
4,화양동 우체국,광진구,1635
4,화양사거리,광진구,665
4,황금내근린공원,강서구,2137
4,황학동롯데캐슬,중구,1488
4,회기역 2-①번출구,동대문구,1720
4,회현사거리 남측,중구,463
4,회현역 1번출구,중구,295
4,회현역 7번출구,중구,246
4,효성인텔리안 앞,강북구,1481
4,효자동 삼거리,종로구,824
4,효창 푸르지오 앞,용산구,282
4,효창공원앞역 3번출구 앞,용산구,1380
4,효창공원앞역 5번출구 옆,용산구,239
4,효창동주민센터 앞,용산구,285
4,훈련원공원주차장 앞,중구,991
4,휘경119안전센터 앞,동대문구,782
4,휘경1동주민센터 앞,동대문구,637
4,휘경2동 주민센터,동대문구,236
4,휘경sk뷰아파트 앞,동대문구,394
4,휘경여중고삼거리,동대문구,1017
4,휘문고교 사거리,강남구,264
4,휘봉고등학교 앞,동대문구,887
4,휴플러스 수락한신아파트 101동 앞,노원구,393
4,흑석 아크로리버하임(103동),동작구,62
4,흑석동주민센터 입구,동작구,196
4,흑석동효사정앞,동작구,150
4,흑석롯데캐슬에듀포레(107동),동작구,272
4,흑석역 1번출구,동작구,2102
4,흑석역 4번출구,동작구,369
4,흑석한강푸르지오 106동앞,동작구,32
4,흑석한강푸르지오(110동),동작구,77
4,흥국사 정류장,은평구,110
4,희성오피앙,노원구,775
4,희훈타워빌 앞,구로구,1245
4,힐스테이트에코,강서구,1996
4,힐스테이트창경궁 아파트 앞,종로구,641
4,힐스테이트클래시안아파트,영등포구,930
5,(시립)고덕평생학습관,강동구,533
5,(재)FITI시험연구원,강서구,1500
5,3호선 매봉역 3번출구앞,강남구,1579
5,419민주묘지역,강북구,941
5,419민주묘지역 1번출구,강북구,1028
5,419탑 앞,강북구,555
5,"500번,507번 버스 종점 앞",금천구,289
5,63스퀘어,영등포구,2121
5,7호선 이수역7번출구,동작구,892
5,9호선종합운동장역 9번출구,송파구,1200
5,AS센터,성동구,64
5,CBS방송국 앞,양천구,4456
5,CJ 드림시티,은평구,3324
5,CJ오쇼핑앞,서초구,103
5,CJ제일제당 앞,중구,1262
5,DDP 패션몰,중구,1352
5,DMC래미안e편한세상203동옆,서대문구,526
5,DMC빌 앞,마포구,555
5,DMC산학협력연구센터 앞,마포구,1384
5,DMC엘가아파트 앞,서대문구,1023
5,DMC역 2번출구 옆,마포구,2183
5,DMC역 5번 출구(수색역 방향),은평구,1853
5,DMC역 9번출구 앞,마포구,2290
5,DMC역7번출구,마포구,565
5,DMC첨단산업센터,마포구,458
5,DMC파크뷰자이1단지 110동 앞,서대문구,926
5,DMC파크뷰자이아파트 302동 앞,서대문구,963
5,DMC홍보관,마포구,1290
5,ESA아파트 상가 앞,도봉구,1159
5,FITI시험연구원 앞,동대문구,699
5,HID 유족동지회 앞,용산구,154
5,HW컨벤션센터 앞,종로구,104
5,H비즈니스파크,송파구,1510
5,H타워 앞,영등포구,275
5,IBK기업은행 석수역 지점 앞,금천구,141
5,JK장평타워,관악구,157
5,JTBC 앞,마포구,973
5,JW타워,서초구,207
5,K&S빌딩 앞,광진구,1994
5,K+ 타워 앞,강남구,649
5,KAIST 경영대학 앞,동대문구,1377
5,KBS 스포츠월드,강서구,2297
5,KBS 앞,영등포구,2615
5,KBS 연구동 건너편,영등포구,830
5,KB국민은행 염창역 지점 앞,양천구,1370
5,KCC용산웰츠(WELLTZ)타워,용산구,515
5,KEB 하나금융그룹 명동사옥 옆,중구,915
5,KEB은행 고대점,성북구,1477
5,KG타워 앞,중구,976
5,KRX한국거래소(1),영등포구,702
5,KT 서초지사 앞,서초구,290
5,KT 전화국 버스정류장 옆,노원구,3623
5,KT&G 관악지점,관악구,369
5,KT&G강동지사,강동구,1059
5,KT&G타워 옆(상상마당 대치아트홀),강남구,465
5,KT관악지점,관악구,787
5,KT선릉타워,강남구,990
5,KT앞,영등포구,2634
5,KT플라자 영등포점,영등포구,1699
5,KT혜화지사 앞,종로구,1139
5,LG CNS앞,마포구,892
5,LG 사이언스파크,강서구,993
5,LG사이언스파크 E10동,강서구,1580
5,LG유플러스 (방배사옥),서초구,55
5,LG유플러스 마곡사옥,강서구,3451
5,LG전자 별관동(호서대 벤처타워 맞은편),금천구,743
5,LG전자가산A와 가산테라타워 사이,금천구,917
5,LG한강 자이아파트 앞,용산구,1581
5,LH 서초 4단지 403동,서초구,552
5,LH서초3단지 301동 맞은편,서초구,387
5,LIGA 아파트 앞,강동구,2974
5,LIG강촌아파트 103동앞,용산구,1166
5,MBC 앞,마포구,665
5,MCM 본사 직영점 앞,강남구,272
5,NH농협은행 앞,영등포구,2823
5,SBS방송국,양천구,1932
5,SB타워 앞,강남구,261
5,SC제일은행 양재동지점 앞,서초구,397
5,SK 남산빌딩,중구,279
5,SK 서린빌딩 앞,종로구,1972
5,SK리쳄블(서울아리수본부),서대문구,374
5,SPC 앞,서초구,689
5,SSTS 몰 앞,강동구,773
5,STX V타워,금천구,613
5,U레지던스 앞,영등포구,1062
5,W컨템포오피스텔앞,금천구,217
5,e 편한세상 보문아파트 내,성북구,223
5,e편한세상 상도노빌리티 앞,동작구,765
5,e편한세상 신촌4단지 앞,서대문구,606
5,kt 행당빌딩 앞,성동구,998
5,sk신내 주유소앞(용마산로),중랑구,133
5,가든파이브 리빙관,송파구,332
5,가락1동주민센터,송파구,1068
5,가락2동주민센터 인근,송파구,649
5,가락고등학교 앞,송파구,393
5,가락대림아파트 앞,송파구,998
5,가락몰 업무동,송파구,1234
5,가락미륭아파트 앞,송파구,323
5,가락본동주민센터 인근,송파구,906
5,가락삼환아파트 앞,송파구,442
5,가락시장 남1문 사거리,송파구,808
5,가락시장역 2번 출구,송파구,1175
5,가락시장역 3번 출구,송파구,2192
5,가락시장역 사거리,송파구,1092
5,가락쌍용2차아파트 103동,송파구,753
5,가락종합 사회복지관,송파구,599
5,가락중학교 앞,송파구,621
5,가락현대 1차 11동 앞,송파구,365
5,가로공원공영주차장 1번 출구,강서구,1461
5,가리봉동주민센터,구로구,1232
5,가마산지하보도 옆,구로구,644
5,가산동 주민센터,금천구,1308
5,가산디지털단지 9번출구 인근,금천구,2873
5,가산롯데아이티캐슬,금천구,1148
5,가산아네스트 오피스텔 앞,금천구,632
5,가양3동 주민센터,강서구,1434
5,가양레포츠센터 앞,강서구,1327
5,가양역 1번출구,강서구,2552
5,가양역 7번출구,강서구,3822
5,가양역 8번출구,강서구,4226
5,가양오토갤러리,강서구,1034
5,가양테크노타운,강서구,774
5,가오리역,강북구,961
5,가온문화공원,마포구,1386
5,가재울 초등학교,서대문구,1379
5,가재울사거리,서대문구,592
5,가좌삼거리,서대문구,1154
5,가좌역 4번출구 앞,서대문구,1470
5,가좌역1 번출구 앞,마포구,1059
5,가좌행복주택 앞,마포구,1122
5,갈산문화예술센터,양천구,1445
5,갈현1동 주민센터,은평구,516
5,갑을그레이트밸리 앞,금천구,847
5,강남 을지병원 교차로,강남구,309
5,강남경찰서,강남구,1237
5,강남구 도시관리공단,강남구,462
5,강남구청,강남구,561
5,강남구청역 2번출구 뒤,강남구,595
5,강남세브란스교차로  래미안그레이튼 104동 앞,강남구,352
5,강남자곡힐스테이트,강남구,651
5,강남중학교 앞,동작구,1140
5,강남파이낸스센터앞(역삼역2번출구),강남구,530
5,강남한신휴플러스 6단지,강남구,562
5,강남한양수자인아파트,강남구,583
5,강동경찰서,강동구,1562
5,강동경희대학교병원 입구,강동구,394
5,강동구음식물재활용센터,강동구,65
5,강동구청 앞,강동구,3156
5,강동구청역 1번 출입구,강동구,1867
5,강동농협 버스정류소 앞(광채빌라),강동구,907
5,강동롯데캐슬퍼스트 아파트(관리동),강동구,613
5,강동리버스트4단지아파트 404동 앞,강동구,471
5,강동리버스트4단지아파트 405동 앞,강동구,299
5,강동리버스트6단지,강동구,466
5,강동리버스트7단지,강동구,463
5,강동리버스트8단지,강동구,609
5,강동리엔파크 13단지(1303동 앞),강동구,780
5,강동리엔파크14단지(1401동 앞),강동구,706
5,강동리엔파크9단지,강동구,619
5,강동세무서,강동구,2941
5,강동역 1번출구 앞,강동구,1736
5,강동역3번출구,강동구,2883
5,강변그대가리버뷰 입구 맞은편,강동구,1403
5,강변삼성래미안,영등포구,1306
5,강변삼성스위트아파트 앞,용산구,342
5,강변아파트 310동 앞,강서구,1174
5,강변역 4번출구 뒤,광진구,1622
5,강북 청소년 문화정보도서관 앞,강북구,283
5,강북구청 뒷편,강북구,313
5,강북구청 사거리 버스정류소 앞,강북구,1027
5,강북구청사거리,강북구,1400
5,강북구청사거리(수유역 8번출구),강북구,2149
5,강북문화예술회관,강북구,1344
5,강북문화정보도서관,강북구,334
5,강북종합시장 앞,강북구,687
5,강북중학교 앞,강북구,1675
5,강서공업고등학교 앞,강서구,1081
5,강서구립등빛도서관,강서구,3666
5,강서구민올림픽체육센터,강서구,1914
5,강서구보건소,강서구,829
5,강서구의회,강서구,2153
5,강서구청,강서구,2811
5,강서구청사거리(SH타워),강서구,2878
5,강서구청사거리(부민병원),강서구,1176
5,강서대학교,강서구,568
5,강서면허시험장 앞,강서구,311
5,강서문화센터,강서구,317
5,강서세무서 앞,강서구,2756
5,강서수도사업소민원센터,구로구,1521
5,강서수산물도매시장,강서구,667
5,강서아동복지센터,강서구,98
5,강서우체국,강서구,1068
5,강서초등학교,양천구,449
5,강서한강자이타워 앞,강서구,3119
5,강서힐스테이트 상가 앞,강서구,1101
5,강월초교입구 사거리,양천구,632
5,강일 다솜 어린이 공원,강동구,330
5,강일동 리슈빌 빌딩앞,강동구,1298
5,강일동입구교차로,강동구,282
5,강일리버파크 10단지,강동구,631
5,강일리버파크 2~5단지,강동구,583
5,강일리버파크 6단지,강동구,198
5,강일리버파크 7~11단지,강동구,393
5,강일역 3번출구,강동구,797
5,강일역 4번출구,강동구,350
5,"강일중,선사고 버스정류장(신암중학교 방면)",강동구,1103
5,개롱역 3번 출구 뒤,송파구,877
5,개롱역사거리 2번 출구,송파구,955
5,개봉센트레빌레우스아파트 앞,구로구,192
5,개봉아이파크아파트 앞,구로구,1033
5,개봉역 1번 출구 자전거보관서쪽,구로구,700
5,개봉역2번출구 A,구로구,1470
5,개봉역2번출구 B,구로구,391
5,개봉지구대 개봉치안센터,구로구,770
5,개봉푸르지오아파트 상가,구로구,1707
5,개포1단지아파트 입구 (보도육교),강남구,174
5,개포고등학교 정문앞,강남구,488
5,개포동역 4번출구,강남구,1145
5,개포동역 사거리,강남구,716
5,개포래미안포레스트아파트 107동 앞,강남구,627
5,개포우성6차아파트 정문 앞,강남구,438
5,개화광역환승센터,강서구,223
5,개화산역 2번 출구,강서구,907
5,거여5단지 503동 앞,송파구,492
5,거여동 사거리,송파구,411
5,거여동 어울림아파트  102동앞,송파구,637
5,거여동사거리 송파둘레길 입구,송파구,263
5,거여역 3번출구,송파구,1553
5,거여역 8번출구 뒤,송파구,1796
5,거여초등학교 옆,송파구,570
5,건국대학교 (입학정보관),광진구,1996
5,건국대학교 (행정관),광진구,815
5,건국대학교 과학관(이과대) 앞,광진구,1383
5,건국대학교 정문 앞,광진구,1455
5,건국대학교 학생회관,광진구,4140
5,건대병원후문,광진구,4843
5,건대입구역 5번출구 뒤,광진구,3146
5,건대입구역 사거리(롯데백화점),광진구,5793
5,건영아파트 앞,성동구,1557
5,건영아파트앞 사거리,송파구,1479
5,겸재교 진입부,중랑구,2644
5,겸재정선미술관,강서구,1390
5,경기여자고등학교 후문 (삼성로3길 입구),강남구,873
5,경문고등학교 앞,동작구,737
5,경복궁역 6번출구 뒤,종로구,2206
5,경복궁역 7번출구 앞,종로구,925
5,경서농협 버스정류장(우리은행신정동지점방향),양천구,964
5,경일중학교 앞,성동구,1792
5,"경찰병원역 1,2번 출구 사이",송파구,685
5,경찰병원역 3번출구 앞,송파구,1345
5,경창시장,양천구,650
5,경희궁 자이 2단지,종로구,939
5,경희궁 자이 3단지,종로구,1036
5,경희대학교 청운관,동대문구,1454
5,계남공원 입구 주출입구 좌측,양천구,199
5,고대앞사거리 교통섬,동대문구,1741
5,고덕 래미안 힐스테이트(101동),강동구,478
5,고덕 래미안힐스테이트(201동),강동구,158
5,고덕동 래미안 힐스테이트,강동구,277
5,고덕동 아남아파트,강동구,837
5,고덕동 주양쇼핑,강동구,905
5,고덕센트럴 아이파크상가 앞,강동구,614
5,고덕숲 아이파크 1,강동구,224
5,고덕숲 아이파크 2,강동구,220
5,고덕역 4번출구,강동구,1409
5,고덕역 5번출구,강동구,1044
5,고덕자이(105동 앞),강동구,1041
5,고덕중학교 후문,강동구,371
5,고덕초등학교,강동구,177
5,고려대학교 2번출구,성북구,2075
5,고려사대부속중고 건너편,성북구,263
5,고려사대부속중고 정문,성북구,340
5,고속터미널역 3번출구,서초구,697
5,고속터미널역 5번출구 앞,서초구,745
5,"고속터미널역 8-1번, 8-2번 출구 사이",서초구,3738
5,고척LIGA아파트 앞,구로구,1753
5,고척교 교차로,구로구,678
5,고척근린공원 고척도서관 앞,구로구,1060
5,고척스카이돔구장 광장,구로구,1024
5,고척아이파크아파트 106동 앞,구로구,1055
5,고척아이파크아파트 205동 앞,구로구,982
5,고투몰 gate 15옆,서초구,756
5,곰달래 문화복지센터 A,강서구,1524
5,곰달래 문화복지센터 B,강서구,388
5,공덕역 2번출구,마포구,970
5,공덕역 5번출구,마포구,1214
5,공덕역 8번출구,마포구,2501
5,공덕역 경의선숲길 커뮤니티센터,마포구,599
5,공릉1단지아파트,노원구,2208
5,공릉동 신도1차 아파트 뒤,노원구,930
5,공릉동풍림아파트 101동,노원구,1211
5,공릉로 26길,노원구,1023
5,공릉산 백세문 입구,노원구,194
5,공릉역 1번 출구 앞,노원구,2825
5,공릉역3번출구,노원구,2151
5,공릉풍림아파트 108동,노원구,960
5,공무원연금매점 교차로 (개포주공9단지 입구),강남구,768
5,공항시장역 2번출구 뒤,강서구,1234
5,공항시장역 4번출구,강서구,859
5,공항중학교 버스정류장,강서구,624
5,공항중학교앞,강서구,1449
5,공항초등학교건너편,강서구,2177
5,과기대 입구(우),노원구,3035
5,관문주유소(GS칼택스) 앞,강서구,1270
5,관악 GSfresh,관악구,846
5,관악구민체육센터,관악구,463
5,관악구시설관리공단,관악구,1230
5,관악구청교차로,관악구,489
5,관악우체국,관악구,1937
5,관악우체국 교차로,관악구,376
5,광교사거리 남측,중구,909
5,광나루안전체험관,광진구,1363
5,광나루역 3번 출구,광진구,1763
5,광남중학교,광진구,1075
5,광문고교사거리(아이파크),강동구,600
5,광산사거리,강북구,1508
5,광양중학교 앞,광진구,696
5,광운대역 앞,노원구,1564
5,광운대학교 중앙도서관,노원구,1741
5,광운초등학교 앞,성북구,600
5,광일빌딩,관악구,920
5,광진 캠퍼스시티,광진구,2029
5,광진경찰서,광진구,2475
5,광진광장,광진구,1791
5,광진광장 교통섬,광진구,2479
5,광진교 남단 사거리(천호공원 방면),강동구,1435
5,광진구 민방위교육센터,광진구,1119
5,광진메디칼 앞,광진구,1451
5,광진문화예술회관 앞,광진구,1721
5,광진소방서 앞,광진구,1008
5,광진유진스웰,광진구,152
5,광진정보도서관,광진구,1097
5,광진청소년수련관,광진구,1603
5,광평교사거리 인근,송파구,65
5,광화문 S타워 앞,종로구,2250
5,광화문 시민열린마당,종로구,1280
5,광화문 풍림스페이스본 1단지앞,종로구,765
5,광화문역 1번출구 앞,종로구,2362
5,광화문역 5번출구,종로구,2913
5,광화문역 6번출구 옆 A,종로구,1070
5,광화문역 6번출구 옆 B,종로구,583
5,광흥창역 2번출구 앞,마포구,663
5,광흥창역5번출구,마포구,593
5,광희문,중구,977
5,교대역 5번출구뒤,서초구,1349
5,교대역 6번출구,서초구,858
5,교대입구 교차로,서초구,383
5,교보생명보험 앞,영등포구,1250
5,교보타워 버스정류장(신논현역 3번출구 후면),강남구,660
5,구 서부경찰서 건너편,은평구,707
5,구기치안센터 앞,종로구,149
5,구로1동우체국 앞,구로구,363
5,구로거리공원 동측(신도림역 방면),구로구,1077
5,구로공구상가 앞,구로구,235
5,구로교 아래,동작구,1396
5,구로구배드민턴실내체육관 앞,구로구,623
5,구로구의회 앞,구로구,1469
5,구로구청,구로구,1689
5,구로도서관,구로구,3242
5,구로동롯데아파트,구로구,812
5,구로디지털단지역 앞,구로구,6563
5,구로리공원,구로구,1126
5,구로역 광장,구로구,2088
5,구로역·NC신구로점 버스정류장(구로역 방면),구로구,1373
5,구로월드아파트 앞,구로구,1057
5,구로자원순환센터,구로구,155
5,구로중학교앞,구로구,539
5,구룡근린공원,마포구,228
5,구룡마을 입구 (래미안블레스티지 아파트),강남구,262
5,구룡사 삼거리,서초구,272
5,구룡사 앞 교차로 (보도육교),강남구,80
5,구룡산 입구 (구룡산 서울둘레길 입구),강남구,136
5,구룡역 1번 출구,강남구,176
5,구룡역 4번 출구,강남구,148
5,구룡역 5번 출구,강남구,227
5,구룡초사거리 (현대아파트10동 앞 ),강남구,341
5,구룡터널 입구(개포1단지아파트),강남구,14
5,구립양천어르신요양센터,양천구,142
5,구산역 2번 출구 예일여고 버스정류장,은평구,1176
5,구산역 4번출구,은평구,1184
5,구암초등학교 버스정류장,관악구,230
5,구역삼세무서 교차로,강남구,737
5,구의3동주민센터,광진구,490
5,구의7단지현대아파트,광진구,216
5,구의공원(테크노마트 앞),광진구,1667
5,구의문주차장 앞,광진구,1634
5,구의삼성쉐르빌 앞,광진구,2378
5,구의아리수정수센터앞,광진구,695
5,구의역 리버비스타 오피스텔,광진구,2699
5,구일고등학교 정문,구로구,1600
5,구일역 1번 출입구 앞,구로구,2372
5,구일우성(아) 육교 밑,구로구,1321
5,구파발10단지 인근,은평구,220
5,구파발역 2번출구,은평구,2064
5,구파발역 환승센터,은평구,668
5,국군복지단,용산구,377
5,국립국악원 앞,서초구,347
5,"국립국악중,고교 정문 맞은편",강남구,807
5,국립어린이과학관,종로구,630
5,국립중앙도서관(국제회의장옆),서초구,370
5,국립중앙박물관 -용산가족공원 앞,용산구,352
5,국립중앙박물관 정문 앞,용산구,174
5,국립항공박물관,강서구,524
5,국립현대미술관,종로구,1039
5,국민연금공단충정로사옥,서대문구,258
5,국민은행 연서지점,은평구,732
5,국민은행 종암동지점 앞,성북구,2383
5,국민일보 앞,영등포구,3773
5,국악고교 앞 교차로,강남구,336
5,국제 스케이트장,노원구,261
5,국제루터교회 앞,용산구,147
5,국제빌딩,중구,455
5,국회2문,영등포구,168
5,국회3문,영등포구,218
5,국회6문,영등포구,260
5,국회도서관,영등포구,533
5,국회소통관,영등포구,462
5,국회의사당 본관,영등포구,352
5,국회의사당역 3번출구 옆,영등포구,1839
5,국회의사당역 5번출구 옆,영등포구,1221
5,국회의원회관,영등포구,139
5,국회제2의원회관,영등포구,407
5,군자교 서측 녹지대,동대문구,1929
5,군자교교차로,광진구,1771
5,군자역 7번출구 베스트샵 앞,광진구,1887
5,군자역 7번출구뒤,광진구,3913
5,군자역 비채온 오피스텔,광진구,1894
5,군자역2번출구,광진구,2170
5,군자역4번출구,광진구,1431
5,군자지하보도 앞,성동구,1166
5,굽은다리역,강동구,3531
5,궁동생태공원,구로구,261
5,그랜드아이파크아파트 앞,강서구,4723
5,그랜드컨벤션센터 앞,영등포구,2170
5,그룹한빌딩옆,서초구,228
5,극동늘푸른아파트,중랑구,1562
5,극동방송국 앞,마포구,1273
5,극동스포츠 앞,강남구,363
5,극동아파트,송파구,812
5,극동의 푸른별 아파트 뒤(중계4동주민센터 앞),노원구,813
5,근로자회관 사거리,영등포구,2537
5,금강수목원아파트 앞,구로구,564
5,금남시장 교차로,성동구,451
5,금란주차장 앞,중랑구,903
5,금암 문화공원,은평구,132
5,금옥여고보도육교,양천구,775
5,금원빌딩 앞,강남구,627
5,금융감독원 앞,영등포구,1681
5,금천구립 독산도서관,금천구,220
5,금천구청 앞 자전거거치대,금천구,331
5,금천구청앞(M빌딩),금천구,342
5,금천구청역 1번 출구,금천구,784
5,금천폭포공원 앞,금천구,180
5,금천현대홈타운 후문 서부샛길,금천구,576
5,금호 어울림 아파트 앞,성동구,948
5,금호나들목,성동구,1172
5,금호사거리,성동구,306
5,금호스포츠센터앞,성동구,657
5,금호어울림센터힐 내,성북구,231
5,금호역 1번출구 앞,성동구,312
5,금호역 3번출구,성동구,201
5,기쁜우리복지관,강서구,2201
5,기아자동차 사당점 앞,동작구,1076
5,기자촌 사거리 A,은평구,139
5,기자촌사거리 B,은평구,168
5,길동 동호빌딩,강동구,450
5,길동 마루빌딩,강동구,3852
5,길동 사거리(초소앞),강동구,1637
5,길마중4교 하부,서초구,944
5,길성그랑프리텔아파트,강서구,2506
5,길음8골어린이공원 옆,성북구,659
5,길음뉴타운 래미안9단지,성북구,633
5,길음뉴타운푸르지오아파트 3단지,성북구,176
5,길음래미안아파트817동 상가 앞,성북구,346
5,길음문화복합미디어센터,성북구,389
5,길음역 3번출구 뒤,성북구,1308
5,김근태도서관,도봉구,279
5,김포공항사거리,강서구,474
5,김포공항입구 교차로,강서구,1688
5,김포공항입구 교통섬,강서구,513
5,까치산역 3번 출구,강서구,1774
5,꿈마루어린이도서관 앞,동대문구,981
5,꿈의숲 SK뷰 아파트,노원구,1516
5,꿈의숲 롯데캐슬,강북구,332
5,나들목공원,관악구,537
5,나루마당,광진구,205
5,나이아가라관광호텔,강서구,704
5,낙성대 과학전시관,관악구,288
5,낙성대 교수아파트,관악구,175
5,낙성대공원,관악구,226
5,낙성대로 입구,관악구,578
5,낙성대역 1번출구,관악구,514
5,낙성대역 3번출구 뒤,관악구,659
5,낙성대역 5번출구,관악구,490
5,낙성대입구삼거리,관악구,486
5,낙원교회 맞은편,구로구,434
5,낙원상가 옆,종로구,1232
5,난곡사거리,관악구,1177
5,난곡종점,관악구,460
5,난우길입구,관악구,610
5,남가좌동 제2공영주차장,서대문구,148
5,남구로역 5번 출입구 앞,구로구,506
5,남부고용노동지청 남측,영등포구,1548
5,남부법원검찰청 교차로,양천구,2578
5,남부순환로 205,강서구,570
5,남부터미널역 1번출구,서초구,544
5,남산공원 야외식물원 앞,용산구,67
5,남산도서관 앞,용산구,530
5,남산타운아파트 버스정류장,중구,233
5,남서울중학교,관악구,1087
5,남성역3번출구 뒤,동작구,1266
5,남영역 건너편,용산구,1217
5,남위례1,송파구,553
5,남태령역 2번출구,서초구,49
5,내곡3단지 어린이공원 앞,서초구,465
5,내곡도서관,서초구,191
5,내곡파출소 뒤 정자,서초구,151
5,내방역 8번출구 앞,서초구,748
5,넥센 유니버시티 앞,강서구,1815
5,"노들섬 다목적홀(동쪽) 숲, 앞",용산구,508
5,노들섬 동측 앞,용산구,323
5,노들섬 서측 앞,용산구,3080
5,노들역 1번출구,동작구,3367
5,노들역 3번출구,동작구,1108
5,노량진1동 청소년독서실,동작구,454
5,노량진근린공원,동작구,297
5,노량진근린공원 대방공원,동작구,687
5,노량진역 2번 출구 앞,동작구,1494
5,노량진역 5번출구,동작구,2884
5,노보텔 앰배서더 앞,강남구,179
5,노원 마들스타디움,노원구,939
5,노원 을지대학교 병원,노원구,1937
5,노원경찰서교차로,노원구,1606
5,노원구청,노원구,1926
5,노원문화예술회관,노원구,2041
5,노원성당 앞,노원구,361
5,노원소방서인근,노원구,851
5,노원역1번출구,노원구,4564
5,노원역7번출구,노원구,2637
5,노원정보도서관,노원구,1457
5,노일초등학교 앞,노원구,727
5,노해근린공원내,노원구,452
5,녹번 힐스테이트상가앞,은평구,273
5,녹번역 3번출구,은평구,1177
5,녹번역1번출구앞,은평구,527
5,녹번역e편한세상 캐슬 정문 앞,은평구,1062
5,녹번초등학교(서오릉로),은평구,703
5,녹사평역1번출구,용산구,489
5,녹사평역3번 출구,용산구,200
5,녹천교 앞 사거리,도봉구,819
5,녹천역 1번출구 앞,도봉구,615
5,녹천역 4번 출구 옆,노원구,375
5,논골사거리(금호도서관 입구),성동구,156
5,논현동 광명빌딩 앞,강남구,333
5,논현동가구거리,강남구,215
5,논현역 10번출구,강남구,964
5,농수산식품공사 (강서지사),강서구,208
5,농협생명본사빌딩 서관,서대문구,469
5,누리꿈스퀘어 옆,마포구,1893
5,뉴코아 킴스클럽 앞,서초구,1334
5,늘푸른공원 앞,중랑구,978
5,능골근린공원,강동구,611
5,능산삼거리,중랑구,322
5,능안마을입구,서초구,35
5,다락원체육공원 전망대 입구,도봉구,424
5,다성이즈빌아파트(호원대 대각선 맞은편),강동구,3675
5,달맞이공원,성동구,107
5,답십리 래미안엘파인아파트 입구,동대문구,550
5,답십리역 1번출구,동대문구,3721
5,답십리역 8번출구 앞,성동구,894
5,답십리파크자이아파트 앞,동대문구,2137
5,당고개공원 대여소,노원구,484
5,당고개입구 오거리,노원구,651
5,당고개입구오거리 당현천변,노원구,1151
5,당곡사거리,관악구,2830
5,당산skv1센터,영등포구,1366
5,당산롯데캐슬프레스티지,영등포구,2396
5,당산삼성2차아파트,영등포구,2435
5,당산역 10번출구 앞,영등포구,5093
5,당산역11번출구,영등포구,2641
5,당산육갑문,영등포구,5751
5,당인리발전소 공원 앞,마포구,1301
5,당현천근린공원,노원구,1674
5,대광고등학교,동대문구,964
5,대광빌딩,동대문구,559
5,대륜E&S 서울지사 앞,노원구,660
5,대륭테크노타운 18차,금천구,762
5,대륭테크노타운21차 앞,금천구,909
5,대륭포스트타워1차,구로구,1607
5,대륭포스트타워5차,금천구,396
5,대륭포스트타워6차 앞,금천구,4224
5,대림3동사거리,영등포구,1115
5,대림경동아파트앞,강서구,1477
5,대림동 e편한세상영등포아델포레,영등포구,1809
5,대림동현대2차 201동 앞,영등포구,233
5,대림사거리(동작상떼빌아파트),동작구,958
5,대림성원상떼빌아파트,영등포구,1469
5,대림신동아아파트 앞,영등포구,951
5,대림아크로리버 앞,광진구,840
5,대림아파트 사거리,영등포구,682
5,대림아파트 후문 상가 옆,동작구,441
5,대림역 1번 출입구 밑,구로구,1218
5,대림역4번출구,구로구,2237
5,대림우성2차아파트,영등포구,600
5,대림우성아파트 사거리,영등포구,428
5,대명초교 입구 교차로,강동구,420
5,대명초교입구 사거리,강동구,1095
5,대모산입구역 2번출구 앞,강남구,435
5,대모산입구역 4번 출구 앞,강남구,1481
5,대모산입구역 7번 출구 앞,강남구,320
5,대방역2번출구,동작구,1230
5,대방역6번출구,영등포구,2990
5,대방지하보도(대방동경남아너스빌아파트),동작구,1618
5,대상연구소,강서구,506
5,대성유니드아파트,양천구,895
5,대신파이낸스센터,중구,933
5,대영중고 후문,영등포구,977
5,대원빌딩,강서구,1997
5,대원중고교 입구(대하빌딩),광진구,584
5,대진고등학교,노원구,1774
5,대청역,강남구,776
5,대청역 1번출구  뒤,강남구,1453
5,대치동 삼성로,강남구,419
5,대치삼성아파트 앞 교차로,강남구,830
5,대치역 7번출구,강남구,1504
5,대치역 사거리,강남구,981
5,대학동 고시촌,관악구,692
5,대학동주민센터,관악구,873
5,대학로 마로니에공원,종로구,2665
5,대한무역투자진흥공사 KOTRA 앞,서초구,696
5,대한상공회의소,중구,1630
5,대한항공 인력개발센터,강서구,1277
5,대현그린타워,강남구,262
5,대흥역 1번출구,마포구,847
5,더라움,강남구,301
5,더리브골드타워,강서구,939
5,더리브오피스텔 앞,영등포구,1417
5,더스페이스타워 앞,성동구,1730
5,더시그넘하우스 앞,강남구,664
5,더케이호텔 입구(양재2),서초구,970
5,도곡1동 주민센터 교차로,강남구,621
5,도곡동 경남아파트 건너편,강남구,327
5,도곡동 골프 로데오거리,강남구,474
5,도곡역 1번 출구,강남구,1014
5,도곡역 대치지구대 방향,강남구,589
5,도곡역 아카데미스위트 앞,강남구,1359
5,도깨비시장,노원구,2067
5,도동삼거리,중구,77
5,도림고가도로 밑,영등포구,971
5,도림동배드민턴체육관,영등포구,997
5,도림사거리,영등포구,1681
5,도림신협 앞,영등포구,1329
5,도림천 건널목 위,영등포구,1271
5,도림천 신화교,관악구,2040
5,도림천역 1번 출구 앞,구로구,2000
5,도봉경찰서 교차로,도봉구,1360
5,도봉고등학교 맞은편,도봉구,184
5,도봉구민회관,도봉구,1238
5,도봉구육아종합지원센터(창동),도봉구,724
5,도봉구청 옆(중랑천변),도봉구,1657
5,도봉구청 정문앞,도봉구,1187
5,도봉동실내스포츠센터,도봉구,618
5,도봉로 534,도봉구,349
5,도봉문화정보도서관 삼거리,도봉구,262
5,도봉보건소사거리,도봉구,1469
5,도봉산광역환승센터앞,도봉구,301
5,도봉산역 교차로 앞,도봉구,241
5,도봉세무서 앞,강북구,813
5,도봉소방서 옆,도봉구,1962
5,도봉아이나라도서관 앞,도봉구,1050
5,도봉여성센터,도봉구,240
5,"도봉역 1,2번 출구사이 건너편",도봉구,931
5,도봉운전면허시험장 버스정류장 옆,노원구,1832
5,도봉제1교,도봉구,1496
5,도봉통합복지센터 뒤 중랑천 변,도봉구,1315
5,도봉한신아파트 버스정류장,도봉구,834
5,도봉한신아파트 주변,도봉구,734
5,도산공원교차로,강남구,586
5,도선동 주민센터 앞,성동구,1521
5,도심공항타워 앞,강남구,817
5,도원맨션,관악구,538
5,독립문 앞,서대문구,649
5,독립문역 2번출구 뒤,종로구,211
5,독립문역 3-1번출구,종로구,1434
5,독립문역 사거리,종로구,997
5,독바위역,은평구,577
5,독산2동주민센터 앞,금천구,196
5,독산3동주민센터 앞,금천구,538
5,독산고등학교,금천구,447
5,독산근린공원 입구,금천구,1587
5,독산동 한양수자인아파트 앞,금천구,677
5,독산동 현대홈타운 금천과선교 앞,금천구,478
5,독산보도육교 앞 자전거 보관소,금천구,1666
5,독산역 1번출구 A,금천구,708
5,독산역 2번출구 자전거주차장,금천구,1384
5,독산역 롯데캐슬 104동 앞,금천구,546
5,독산역1번출구 B,금천구,2126
5,독산주공 14단지 버스정류소,금천구,185
5,돈암삼성풍림아파트,성북구,287
5,돈암성당 옆,성북구,1958
5,돈암육교 하단,성북구,231
5,돈암초교 입구,성북구,739
5,돈암초교입구 버스정류장(한성대입구역 방면),성북구,633
5,돈의문 박물관 마을,종로구,475
5,돌곶이역 앞,성북구,1913
5,동대문 종합시장 버스정류장,종로구,644
5,동대문경찰서 교차로,동대문구,1084
5,동대문구 보건소,동대문구,2148
5,동대문구민체육센터 (육교아래),동대문구,1743
5,동대문디자인플라자,중구,1651
5,동대문롯데캐슬아파트 앞,동대문구,1610
5,동대문역 8번 출구,종로구,2582
5,동대문역6번출구,종로구,1731
5,동대문역사문화공원역 1번출구 뒤편,중구,2310
5,동대문역사문화공원역 5번출구,중구,974
5,동대문역사문화공원역 9번출구 앞,중구,636
5,동대문중 교차로,동대문구,1187
5,동대입구역 3번 출구,중구,408
5,동대입구역 6번출구 뒤,중구,610
5,동명근린공원 진입로 (아리수로),강동구,345
5,동묘앞역 1번출구 뒤,종로구,3382
5,동묘앞역 6번출구,종로구,2178
5,동문굿모닝탑,양천구,2529
5,동방1교,관악구,3640
5,동부센트레빌 앞,도봉구,945
5,동부시장 북문 앞,중랑구,1843
5,동빙고근린공원,용산구,590
5,동산어린이공원 앞,성북구,1025
5,동서울농협 앞,중랑구,1470
5,동서울우편집중국 앞,광진구,857
5,동선고가차도 초입,성북구,423
5,동선아파트 앞,구로구,185
5,"동성1,2차 아파트 앞",중랑구,1224
5,동성중학교 앞,종로구,535
5,동신병원 맞은편,서대문구,1039
5,동신아파트 104동 앞,강서구,780
5,동신아파트 후문 옆,노원구,3469
5,동아1차APT105동 버스정류장(신도림중학교 방면),구로구,1285
5,동아에코빌입구,영등포구,966
5,동양미래대학교 정문 옆,구로구,4088
5,동양쇼핑 정류소 앞,중랑구,1540
5,동양엔파트 앞,중랑구,1081
5,동영문화센터앞,강남구,451
5,동원베네스트 건너편,용산구,148
5,동원베네스트 건물 앞,중랑구,368
5,동원사거리,중랑구,537
5,동원사거리 행복오피스텔 앞,중랑구,637
5,동의보감타워,동대문구,1793
5,동인오피스텔 건너편 소공원,구로구,372
5,동일로 지하차도,중랑구,1642
5,동일로58길 입구,광진구,522
5,동작경찰서,동작구,2274
5,동작구민 체육센터,동작구,1225
5,동작역 5번출구 동작주차공원,동작구,791
5,동작역 7번출구,동작구,150
5,동해문화예술관앞,노원구,3275
5,두산건설 본사,강남구,224
5,두산대림아파트 삼거리,중랑구,470
5,두산위브아파트,영등포구,545
5,두산위브아파트 옆 상가건물 앞,금천구,899
5,두상빌딩 앞,서초구,1311
5,둔촌 주공 GS 맞은편,강동구,726
5,둔촌고교입구 교차로(길동주민센터 방면),강동구,1534
5,둔촌동역교차로,강동구,1876
5,둔촌사거리,강동구,2810
5,둔촌신성미소지움아파트,강동구,784
5,둔촌어린이공원,강동구,76
5,둔촌역 2번출구,강동구,613
5,둔촌역 3번 출입구,강동구,3613
5,둔촌오륜역 1번 출구,강동구,607
5,둔촌오륜역 2번출구,송파구,378
5,둔촌푸르지오아파트,강동구,1798
5,뒷벌공원 옆,서초구,984
5,드래곤타워 앞,강북구,813
5,등나무 근린공원(시립북서울미술관 앞),노원구,2889
5,등촌1-10단지 교차로,강서구,4102
5,등촌2동주민센터,강서구,571
5,등촌2파출소,강서구,861
5,등촌5단지아파트 버스정류장,강서구,3232
5,등촌9단지,강서구,1152
5,등촌서광아파트,강서구,3117
5,등촌역 1번출구,강서구,1360
5,등촌역 4번 출구,양천구,1022
5,등촌역 5번 출구 뒤,양천구,908
5,등촌역 7번출구,강서구,1931
5,등촌역 센터스퀘어,강서구,1029
5,등촌태영아파트,강서구,1067
5,디지털매직스페이스,마포구,1903
5,디지털미디어 시티역 4번출구(DMC역),은평구,645
5,디지털입구 교차로,구로구,2187
5,디폴리스 지식산업센터,금천구,857
5,뚝도아리수정수센터 버스정류소 옆,성동구,1061
5,뚝섬 유원지역,광진구,1981
5,뚝섬역 1번 출구 옆,성동구,2529
5,뚝섬역 5번 출구 정류소 옆,성동구,1321
5,뚝섬역 6번출구,성동구,1733
5,라이품 공영주차장 앞,강서구,906
5,라인프랜즈이태원점 앞,용산구,113
5,라코지스테이 앞,중랑구,514
5,래미안 강동팰리스(102동),강동구,1122
5,래미안 구의파크 스위트,광진구,2223
5,래미안 루센티아 아파트 108동 앞,서대문구,1046
5,래미안 솔베뉴(고덕로),강동구,881
5,래미안 솔베뉴(구천면로),강동구,572
5,래미안강남힐즈 사거리,강남구,937
5,래미안그레이튼102동앞,강남구,200
5,래미안금호하이리버 아파트 102동 옆,성동구,372
5,래미안라센트아파트 103동 앞,성북구,943
5,래미안신공덕3차아파트,마포구,56
5,래미안에스티움 앞 (신풍로),영등포구,1095
5,래미안월곡아파트 입구,성북구,270
5,래미안장위퍼스트하이(513동),성북구,1024
5,래미안장위포레카운티(102동),성북구,852
5,래미안허브리츠아파트 앞,동대문구,581
5,레베쌍트 빌딩 앞,강남구,355
5,레이크펠리스101동앞,송파구,2792
5,로고스교회 맞은 편,서초구,505
5,로제우스 레포츠센터,종로구,167
5,롯데 R&D 센터,강서구,606
5,롯데리아 개포점앞,강남구,476
5,롯데시티호텔,중구,423
5,롯데월드타워(잠실역2번출구 쪽),송파구,7594
5,롯데중앙연구소,강서구,412
5,롯데캐슬 101동 앞,동작구,234
5,롯데캐슬 115동앞,강동구,314
5,롯데캐슬 앞,영등포구,1902
5,롯데캐슬2차 마을버스 정류장(18804) 뒤편,금천구,461
5,롯데캐슬골드파크1차 동문,금천구,753
5,롯데캐슬골드파크1차 서문,금천구,533
5,롯데캐슬골드파크3차 301동 앞,금천구,895
5,롯데캐슬엠파이어 옆,영등포구,2332
5,롯데캐슬클라시아 입구 앞,성북구,226
5,롯데하이마트 (상암월드컵점),마포구,402
5,롯데호텔,중구,490
5,르네상스 호텔 사거리 역삼지하보도 7번출구 앞,강남구,610
5,르네상스호텔사거리 역삼지하보도 2번출구,강남구,435
5,르네상스호텔사거리 역삼지하보도 3번출구 앞 (더 오번 빌딩 명동칼국수 앞),강남구,430
5,르노삼성자동차 성수사업소 앞,성동구,951
5,리버뷰신안인스빌1차 후문,영등포구,1328
5,리버뷰신안인스빌2차 후문,영등포구,1214
5,리센츠아파트,송파구,1569
5,리싸이클시티,강동구,115
5,리엔파크 2단지 앞,강남구,395
5,마곡 MICE 복합단지,강서구,1646
5,마곡 공공청사,강서구,1415
5,마곡 엠밸리2단지,강서구,1557
5,마곡 필네이처,강서구,2843
5,마곡13단지,강서구,2631
5,마곡13단지 정문 앞,강서구,2496
5,마곡13단지힐스테이트마스터 후문(1320동 앞),강서구,1838
5,마곡14단지 1408동앞,강서구,1723
5,마곡9단지 907동앞,강서구,1198
5,마곡9단지 910동 상가앞,강서구,1339
5,마곡금호어울림아파트,강서구,1189
5,마곡나루역 2번 출구,강서구,11472
5,마곡나루역 3번 출구,강서구,7430
5,마곡나루역 5번출구 뒤편,강서구,7929
5,마곡레포츠센터,강서구,1813
5,마곡메가박스 앞,강서구,2204
5,마곡문화공원,강서구,3410
5,마곡센트럴타워 1차,강서구,2954
5,마곡수명산 1-2단지,강서구,1475
5,마곡수명산파크 209동 건너편,강서구,1846
5,마곡수명산파크1단지,강서구,1831
5,마곡수명산파크3단지 교차로,강서구,3090
5,마곡수명산파크5-6단지,강서구,1464
5,마곡수명산파크7단지 710동 앞,강서구,593
5,마곡엠밸리 15단지(1502동) 건너편,강서구,2486
5,마곡엠밸리10단지 앞,강서구,1524
5,"마곡엠밸리14단지 버스정류장(마곡엠밸리11,12단지상가방면)",강서구,2500
5,마곡엠밸리4단지 정문,강서구,3718
5,마곡엠밸리6_7단지 마곡중학교,강서구,2067
5,마곡역 7번출구,강서구,4216
5,마곡역 교차로(2번출구),강서구,1787
5,"마곡역 버스정류장(마곡나루역1번출구, 웰튼병원 방면)",강서구,2994
5,마곡역1번출구,강서구,2433
5,"마곡역4,5번출구",강서구,810
5,마곡역4번출구,강서구,1160
5,마곡역5번출구앞,강서구,1387
5,마곡역교차로,강서구,3619
5,마곡중학교 후문,강서구,959
5,마곡힐스테이트 정문,강서구,1398
5,마들역 3번출구,노원구,1419
5,마들역 7번출구,노원구,1658
5,마스타 빌딩 앞,서대문구,825
5,마장동 금호어울림APT앞,성동구,728
5,마장동 주민센터,성동구,828
5,마장역 4번출구,성동구,1073
5,마장역3번출구,성동구,599
5,마천금호어울림 1차 102동앞,송파구,305
5,마천금호어울림 1차아파트 건너편,송파구,300
5,마천동 성내천 쉼터,송파구,1040
5,마천사거리,송파구,905
5,마천사거리 2,송파구,339
5,마천사거리3,송파구,159
5,마천역 1번 출구 인근②,송파구,546
5,마천중앙시장,송파구,676
5,마천청소년센터,송파구,215
5,마포 신수공원 앞,마포구,939
5,마포구 육아종합지원센터,마포구,759
5,마포구중앙도서관 정문 앞,마포구,2025
5,마포구청 앞,마포구,1951
5,마포구청 청사내,마포구,275
5,마포구청역,마포구,2381
5,마포소방서 앞,마포구,733
5,마포아트센터 앞,마포구,1116
5,마포역 2번출구 뒤,마포구,2692
5,마포역 4번출구 뒤,마포구,3001
5,마포중앙도서관,마포구,261
5,마포프레스티지자이 1,마포구,725
5,만해공원,성북구,282
5,말미사거리,금천구,559
5,말우물 어린이 공원,강동구,304
5,말죽거리공원 사거리,서초구,1200
5,망우동 본죽 앞,중랑구,975
5,망우역 1번출구,중랑구,792
5,망우역 2번 출구,중랑구,1320
5,망우지구대,중랑구,1510
5,망원2빗물펌프장 앞,마포구,1117
5,망원역 1번출구 앞,마포구,2855
5,망원역 2번출구 앞,마포구,2873
5,망원우체국사거리 인근,마포구,2319
5,망원정 앞,마포구,670
5,망원초록길 입구,마포구,1194
5,매봉역 1번출구,강남구,493
5,매헌역 2번출구앞광역버스 정류장앞(22-297),서초구,942
5,맥도날드 서울둔촌DT점 앞,강동구,2360
5,맥스타일 앞,중구,1341
5,먹골역 1번출구 뒤,중랑구,1259
5,먹골역 4번출구,중랑구,895
5,먹골역 6번출구 앞,중랑구,872
5,먹골역 7번 출구,중랑구,844
5,메뚜기다리,은평구,115
5,메이필드호텔앞,강서구,829
5,멤피스아파트 앞,서초구,973
5,면목 대원칸타빌아파트,중랑구,327
5,면목 홈플러스 2,중랑구,415
5,면목2동 사거리,중랑구,1466
5,면목4치안센터,중랑구,1102
5,면목도시개발아파트 1동 앞,중랑구,374
5,면목동 새싹어린이공원 앞,중랑구,1335
5,면목라온프라이빗 아파트,중랑구,177
5,면목삼익아파트 앞,중랑구,340
5,면목역 3번출구,중랑구,2478
5,명덕고교,강서구,1059
5,명덕고교입구(영종빌딩),강서구,3603
5,명동성당 앞,중구,471
5,명동역9번 출구,중구,1030
5,명물길 원형무대 앞,서대문구,572
5,명보사거리,중구,478
5,명일근린공원공동체텃밭,강동구,244
5,명일동신동아아파트 앞,강동구,428
5,명일역 3번출구 옆,강동구,1564
5,명일초등학교 옆,강동구,255
5,명일파출소,강동구,533
5,명지대학교 도서관,서대문구,2218
5,명지전문대학교 정문 앞,서대문구,570
5,모두의학교,금천구,698
5,모래내고가차도,서대문구,656
5,목4동주민센터 옆,양천구,1890
5,목동11단지 아파트,양천구,1107
5,목동12단지 아파트,양천구,2033
5,목동13_14단지 사거리,양천구,903
5,목동1단지아파트 118동 앞,양천구,1697
5,목동1단지아파트 상가 앞,양천구,2894
5,목동2단지 상가,양천구,3423
5,목동3단지 상가,양천구,1883
5,목동3단지 시내버스정류장,양천구,3128
5,목동5단지아파트 501동,양천구,1846
5,목동5단지아파트 534동,양천구,2223
5,목동7단지아파트 A상가,양천구,676
5,목동사거리 버스정류장,강서구,1762
5,목동사거리 부근,양천구,1654
5,목동성당 앞,양천구,2112
5,목동신시가지아파트6단지,양천구,2085
5,목동아파트 1422동 1434동 사잇길,양천구,3076
5,목동아파트 14단지 B상가 앞,양천구,1732
5,목동아파트 613동 앞,양천구,2269
5,목동아파트 703동 앞,양천구,1987
5,목동아파트 8단지 상가동 앞,양천구,1786
5,목동아파트2단지 222동 앞,양천구,1035
5,목동역 3번 출구,양천구,3836
5,목동역5번출구,양천구,4227
5,목동운동장,양천구,570
5,목동운동장 주경기장,양천구,217
5,목동주차장,양천구,1325
5,목동트라팰리스 웨스턴에비뉴,양천구,4396
5,목동현대아파트 후문 앞,양천구,1205
5,목련아파트,노원구,875
5,목마공원,양천구,532
5,목양전원교회 앞 로터리,구로구,267
5,목월공원 앞,용산구,944
5,몽마르뜨공원입구,서초구,262
5,몽촌토성역 1번출구 옆,송파구,2063
5,몽촌토성역 3번 출구,송파구,4484
5,묘곡초등학교,강동구,496
5,무악재역 4번 출구,서대문구,240
5,무악재역1번 출구,서대문구,276
5,묵동 이마트 앞,중랑구,1364
5,문래동 주민센터,영등포구,1379
5,문래동 하이테크 시티,영등포구,2337
5,문래동롯데캐슬아파트,영등포구,3448
5,문래동자이아파트 앞,영등포구,2467
5,문래역 4번출구 앞,영등포구,2954
5,문래현대2차,영등포구,1698
5,문배어린이공원 앞,용산구,985
5,문소빌딩,강서구,760
5,문정 법조단지10,송파구,1692
5,문정 법조단지11,송파구,871
5,문정 법조단지3,송파구,452
5,문정 법조단지4,송파구,595
5,문정 법조단지5,송파구,436
5,문정 법조단지6,송파구,145
5,문정 법조단지7,송파구,2359
5,문정 법조단지8,송파구,2483
5,문정 법조단지9,송파구,1374
5,문정2동 주민센터,송파구,281
5,문정근린공원2,송파구,1027
5,문정동 근린공원,송파구,1097
5,문정동 글샘 공원,송파구,713
5,문정법조단지12,송파구,2137
5,문정시영아파트 5동 앞 공원,송파구,584
5,문정역 1번출구,송파구,2399
5,문정중교 사거리,송파구,845
5,문정중학교,송파구,200
5,문정현대아파트 교차로,송파구,629
5,"문현중,고등학교 사이",송파구,172
5,문화비축기지,마포구,248
5,문화촌 공원,서대문구,1688
5,물넘이교,노원구,2146
5,미래사랑어린이공원 앞,구로구,2831
5,미림여고입구 교차로,관악구,142
5,미성동 신림체육센터,관악구,1264
5,미성아파트 A동 앞,영등포구,1455
5,미아동 복합청사,강북구,493
5,미아동 한국전력공사,강북구,1569
5,미아사거리 1번 출구,강북구,1960
5,미아역 1번 출구 뒤,강북구,698
5,"미아역 3번,4번 출구 사이",강북구,1272
5,미아초교버스승강장,성북구,61
5,미호 플랜트 앞,강동구,1173
5,밀리아나2빌딩 앞,송파구,1561
5,밀알학교 입구 (삼성서울병원 입구),강남구,295
5,바우뫼문화복지회관,서초구,665
5,박석고개(은평소방서) 앞,은평구,139
5,반포1동 서초빌딩 앞,서초구,977
5,반포1동 자율방범초소 옆,서초구,478
5,반포1동 주민센터 앞,서초구,316
5,반포경남쇼핑 앞,서초구,263
5,반포래미안 리오센트,서초구,653
5,반포미도2차아파트 옆,서초구,410
5,반포쇼핑타운 2동 앞,서초구,3375
5,반포쇼핑타운 8동 앞,서초구,1012
5,반포종합운동장,서초구,572
5,반포종합운동장 입구,서초구,741
5,반포중학교 앞(세화여고 맞은편),서초구,493
5,반포천 앞,서초구,1004
5,"발산역 1번, 9번 인근 대여소",강서구,6549
5,발산역 6번 출구 뒤,강서구,4901
5,발산역 8번 출구,강서구,1877
5,방배래미안 정문 앞,서초구,256
5,방배래미안아트힐아파트 앞,서초구,63
5,방배역 2번 출구,서초구,798
5,방배열린문화센터 앞,서초구,696
5,방아골종합사회복지관,도봉구,620
5,방아다리어린이공원,양천구,630
5,방아삼거리,강동구,144
5,방이동 한양3차아파트 옆,송파구,1339
5,방이삼거리,송파구,4662
5,방이역 1번출구,송파구,1427
5,방이역 2번 출구,송파구,568
5,방이역 4번출구,송파구,2583
5,방이초등학교,송파구,1906
5,방일초교 마을버스 정류장,서초구,998
5,방정환교육지원센터 옆,중랑구,724
5,방죽마을 입구,강남구,287
5,방학동우체국 건너편,도봉구,765
5,방학동학마을도서관,도봉구,493
5,방학사거리 (봄마당 앞),도봉구,709
5,방학역 1번출구,도봉구,478
5,방학역2번출구,도봉구,852
5,방학역사거리,도봉구,552
5,방학중학교 앞,도봉구,357
5,방학초등학교 앞,도봉구,1030
5,방화근린공원,강서구,550
5,방화동강서기동대앞,강서구,2889
5,방화사거리 마을버스 버스정류장,강서구,2506
5,방화역 4번출구앞,강서구,2514
5,배명고등학교,송파구,718
5,배명고등학교 건너편,송파구,865
5,배봉초교 교차로,동대문구,929
5,백련산 SK뷰 아이파크 해모로 아파트 앞,은평구,1062
5,백련산 힐스테이트 3차,은평구,538
5,백련산 힐스테이트상가앞,은평구,466
5,백련산로 녹번센트레빌,은평구,480
5,백석예술대학교 제3캠퍼스 앞,서초구,95
5,백토공원 앞,송파구,274
5,뱅뱅사거리 랜드마크타워 앞,강남구,1145
5,버섯분수대,송파구,947
5,버스정류장 앞,도봉구,633
5,번3동 주민센터 교차로,강북구,618
5,번동 금호어울림아파트102동앞,강북구,406
5,번동 두산위브 101동 옆,강북구,630
5,"번동 주공3, 4단지 교차로",강북구,1015
5,번동3단지 버스정류장,강북구,816
5,번동사거리,강북구,416
5,번동주공5단지 관리사무소 앞,강북구,309
5,베네스트 오피스텔 앞,동대문구,599
5,벽산 디지털밸리 5차,금천구,1630
5,벽산상암스마트큐브,마포구,2566
5,벽산아파트,강서구,2612
5,볏골공원,강서구,1157
5,보광동 삼성리버빌아파트 앞,용산구,856
5,보금자리정원,강남구,271
5,보라매 두산위브 건너편,동작구,1296
5,보라매sk뷰,영등포구,496
5,보라매sk뷰 108동 앞,영등포구,850
5,보라매공원 보도육교,관악구,1827
5,보라매공원 정문,동작구,1345
5,보라매공원역 2번출구,동작구,968
5,보라매병원역 1번출구,동작구,4008
5,보라매역 8번출구,동작구,842
5,보라매역4번출구,영등포구,1547
5,보라매역?동작세무서 버스정류장(강남중학교방면),동작구,1375
5,보라주유소 앞,영등포구,535
5,보문2교,성북구,2628
5,보문4교 인근,성북구,1913
5,보문역6번출구 앞,성북구,1373
5,보성중고등학교 후문 앞,송파구,222
5,보아스아파트 앞,양천구,655
5,보타닉파크타워2,강서구,1444
5,보훈병원 후문옆(더 원커피),강동구,423
5,복자사랑 피정의 집,성북구,342
5,복정역 1번 출구 앞,송파구,1598
5,본 서부병원 교차로 사거리,은평구,1311
5,본 서부병원 버스정류장(은평 세무서 방면),은평구,957
5,본마을 노인복지센터 앞,서초구,312
5,본마을 정류소 앞,서초구,93
5,봉림교 교통섬,관악구,8456
5,봉원고가차도 밑,서대문구,607
5,봉은사로68길 북측,강남구,342
5,"봉은사역 1,2번 출구",강남구,696
5,봉은사역 5번출구 옆,강남구,703
5,봉은사역 7번 출구,강남구,638
5,봉천고개 육교,관악구,132
5,봉천역 2번출구,관악구,1372
5,봉천역 3번출구,관악구,752
5,봉천역 4번출구,관악구,1314
5,봉화산역 5번출구 뒤,중랑구,1167
5,부엉이공원 앞,마포구,750
5,북가좌 삼거리,서대문구,420
5,북가좌 초등학교,서대문구,679
5,북가좌1동 주민센터,서대문구,381
5,북가좌삼거리2,서대문구,510
5,북서울 꿈의 숲 입구,강북구,391
5,북서울 꿈의숲 서문,강북구,515
5,북성초교,서대문구,270
5,북아현 치안센터 인근,서대문구,718
5,북아현동 가구거리,서대문구,508
5,북위례1,송파구,355
5,북위례2,송파구,249
5,북한산 우이역,강북구,485
5,북한산 코오롱 하늘채,도봉구,1867
5,북한산 한신휴플러스APT앞,도봉구,1503
5,북한산더샾 106동 앞,서대문구,264
5,북한산보국문역,성북구,279
5,북한산생태공원입구(교통섬),은평구,304
5,북한산입구 정류장,은평구,222
5,북한산힐스테이트 7차아파트,은평구,329
5,불광롯데캐슬아파트 앞,은평구,807
5,불광역 2번출구,은평구,701
5,불광역 9번 출구,은평구,1318
5,불광역 9번 출구 맞은편,은평구,688
5,"불광역3,6호선 버스정류장(동명여고 방면)",은평구,759
5,불암고등학교 앞 횡단보도,노원구,1348
5,불암산역 3번 출구,노원구,686
5,불암산역 앞,노원구,280
5,불암아파트 앞,노원구,662
5,불암주유소 앞,노원구,1260
5,브라운스위트레지던스,중구,451
5,브라운스톤 남산아파트,용산구,493
5,비계 버스정류소,동작구,168
5,비석공원,서초구,543
5,비전교회 앞,성동구,2231
5,빅마켓 금천점 앞,금천구,1524
5,사가정역 2번출구,중랑구,2835
5,사근빗물펌프장 건너편,성동구,3073
5,사당동 아르테스 웨딩앞,동작구,933
5,사당새마을금고,동작구,344
5,사당역 12번출구 뒤,서초구,1508
5,사당역 5번출구,관악구,1317
5,사당역 7번출구쪽,동작구,549
5,사당역10번출구(금강빌딩),동작구,849
5,사당중학교 버스정류소,동작구,175
5,사랑의병원,관악구,579
5,사육신공원앞,동작구,1234
5,사평리근린공원,서초구,1145
5,사평역 2번출구,서초구,533
5,산기슭공원 앞,금천구,173
5,산업은행 앞,영등포구,1913
5,산호시티빌 옆,금천구,275
5,삼각산동 주민센터,강북구,440
5,삼각산아이원아파트(105동 옆),강북구,122
5,삼각지 자이아파트,용산구,1173
5,삼각지12번 출구,용산구,441
5,삼각지역 14번 출구 앞(교통섬),용산구,1001
5,삼각지역 3번출구,용산구,1002
5,삼각지역 4번출구 앞,용산구,875
5,삼부르네상스파크빌,구로구,840
5,삼성SDS,송파구,2472
5,삼성광나루아파트 버스정류장,강동구,1387
5,삼성도로공원,강남구,807
5,삼성디지털프라자관악점,관악구,744
5,삼성사이버빌리지아파트,중구,213
5,삼성생명 당산사옥 앞,영등포구,2845
5,삼성전자 물류센터 앞,구로구,1214
5,삼성전자R&D어린이집 뒤,서초구,226
5,삼성전자서비스 성북센터,성북구,1020
5,삼성중앙역 5번출구,강남구,595
5,삼성중앙역4번출구(문화센터더 리빌),강남구,316
5,삼성중앙역·플래티넘아파트 정류소,강남구,536
5,삼성타운(삼성생명) A동 맞은편,서초구,1771
5,삼성화재 사옥 옆,영등포구,2028
5,삼양동사거리,강북구,96
5,삼양동주민센터 앞,강북구,274
5,삼양사거리역,강북구,374
5,삼양시장오거리,강북구,352
5,삼양역,강북구,240
5,삼양입구사거리,강북구,297
5,삼육대 도서관,노원구,466
5,삼육대 입구,노원구,547
5,삼육대 제3과학관,노원구,163
5,삼육서울병원 버스정류장,동대문구,2658
5,삼익세라믹아파트교차로,도봉구,887
5,삼익아파트,동작구,1400
5,삼일교(시그니쳐 타워),중구,1149
5,삼일수영장 앞,동작구,637
5,삼일초등학교 인근,동작구,392
5,삼전동주민센터 건너편,송파구,965
5,삼전동주민센터 앞,송파구,1213
5,삼전역 1번출구,송파구,1693
5,삼전역 4번출구,송파구,1593
5,삼청공원 앞,종로구,154
5,삼청동 골목,종로구,987
5,삼호3차아파트 앞,서초구,1178
5,삼호물산버스정류장(23370) 옆,강남구,2242
5,삼호아파트 2동 ( 간선도로),강남구,223
5,삼호아파트 앞,구로구,565
5,삼환로즈빌아파트 105동 옆,구로구,960
5,"상계3,4동 주민센터 대여소",노원구,322
5,상계8동 주민센터,노원구,1684
5,상계근린공원 운동장 앞,노원구,641
5,상계동 우방유쉘아파트 앞,노원구,786
5,상계동수락리버시티,노원구,561
5,상계문화정보도서관,노원구,607
5,상계신동아아파트,노원구,277
5,상계역 3번출구,노원구,3946
5,상계역중앙시장,노원구,1172
5,상계주공 14단지 상가 앞,노원구,841
5,상계주공10단지 버스정류소,노원구,1718
5,상계주공10단지 종합상가 앞,노원구,740
5,상계주공13단지 1301동,노원구,249
5,상계주공15단지 버스정류소,노원구,1234
5,상계주공1단지 버스정류장 옆(대원빌딩 앞),노원구,1940
5,상계주공1단지아파트,노원구,1076
5,상계주공2단지 219동,노원구,1215
5,상계주공2단지 버스정류장 옆,노원구,1873
5,상계중학교(당현2교사거리),노원구,888
5,상계초교 입구 교차로 명주빌딩 앞,노원구,1587
5,상도 아이파크 아파트,동작구,346
5,상도SH빌아파트 입구,동작구,123
5,상도역 1번출구,동작구,453
5,상도중앙하이츠빌 입구,동작구,348
5,상도효성해링턴플레이스,동작구,532
5,상록수아파트,강남구,410
5,상림마을 롯데캐슬2단지 옆,은평구,107
5,상림마을 생태공원,은평구,332
5,상명대입구,종로구,515
5,상봉2동 주민센터 앞,중랑구,688
5,상봉시장앞 교차로 한성빌딩 앞,중랑구,1167
5,상봉신협 앞,중랑구,1002
5,상봉역 1번출구,중랑구,2054
5,상봉역 2번 출구,중랑구,1740
5,상봉역 3번출구,중랑구,1437
5,상봉터미널2,중랑구,2086
5,상사마을 버스정류장(아라대교방면),강서구,296
5,상수역 2번출구 앞,마포구,990
5,상수역새마을금고,마포구,562
5,상신초등학교앞 버스정류장,은평구,973
5,상아빌딩(우림시장 교차로),중랑구,1003
5,상암동주민센터 옆,마포구,1768
5,상암월드컵파크 10단지 앞,마포구,1077
5,상암월드컵파크 1단지 교차로,마포구,589
5,상암월드컵파크 3단지 후문,마포구,683
5,상암월드컵파크 7단지 앞,마포구,660
5,상암월드컵파크 9단지 앞,마포구,567
5,상암월드컵파크5단지(상암중학교),마포구,482
5,상암중학교 옆,마포구,264
5,상암한샘빌딩앞,마포구,1118
5,상암한화오벨리스크 1차 앞,마포구,1223
5,상왕십리역 1번출구,성동구,1996
5,상왕십리역 4번 출구 앞,성동구,753
5,상왕십리역 6번 출입구,성동구,496
5,상월곡역 1번출구,성북구,708
5,상월곡역 3번출구,성북구,1133
5,상월곡역 4번출구,성북구,564
5,상일동산(동아아파트앞 교차로),강동구,316
5,상일동역 2번출구 앞,강동구,1925
5,상일초등학교,강동구,690
5,상일파출소 옆,강동구,1231
5,새말소공원,영등포구,1779
5,새솔초등학교,중랑구,290
5,새우개마을,중랑구,213
5,새절역 2번출구,은평구,2360
5,새정이마을버스정류장 앞,서초구,51
5,샛강생태공원방문자센터 앞,영등포구,572
5,샛강역 1번출구 앞,영등포구,2042
5,샛마을 근린공원,강동구,631
5,생명의 전화 종합복지관 앞 교차로,성북구,1062
5,생태공원앞 교차로(조명탑),강동구,226
5,서강나루 공원,마포구,1581
5,서강대 남문 옆,마포구,1037
5,서강대 정문 건너편,마포구,851
5,서강대 후문 옆,마포구,1031
5,서강대역 2번출구 앞,마포구,1191
5,서교동 사거리,마포구,1481
5,서남병원 후문,양천구,971
5,서남환경공원 버스정류장,강서구,1912
5,서남환경공원(방화동도시개발2단지방향),강서구,1026
5,서대문구청,서대문구,410
5,서대문역 2번 출구,서대문구,1298
5,서대문역 8번출구 앞,서대문구,339
5,서대문자연사박물관 입구,서대문구,237
5,서래공원 앞,서초구,651
5,서부식자재마트 건너편,양천구,1618
5,서부운전면허시험장,마포구,850
5,서빙고동 금호맨션 앞,용산구,402
5,서빙고동 주민센터 앞,용산구,2809
5,서빙고역 광장(1번출구),용산구,315
5,서서울모터리움 앞,강서구,676
5,서소문성지역사박물관,중구,197
5,서소문역사공원,중구,84
5,서우빌딩,서대문구,1084
5,서울 논현동우체국 앞,강남구,237
5,서울 시흥동우체국 앞,금천구,569
5,서울 영등포구 우체국,영등포구,1075
5,서울 월드컵 경기장,마포구,902
5,서울가정법원,서초구,637
5,서울강월초등학교 앞,양천구,995
5,서울갤러리아 앞,용산구,150
5,서울경찰청,종로구,886
5,서울고등학교 건너편,서초구,182
5,서울고앞,서초구,203
5,서울과학기술대학교(미래관),노원구,1210
5,서울과학기술대학교(어학교육원),노원구,3772
5,서울교육청 교육연수원 앞,서초구,193
5,서울교통공사 사당별관 건너편,서초구,295
5,서울교통공사사거리 교통섬,동대문구,1054
5,서울남부교정시설 앞,구로구,273
5,서울남부지방검찰청 후문,양천구,1102
5,서울남부출입국관리소,강서구,1897
5,서울남부터미널 대합실 입구,서초구,804
5,서울대벤처타운역,관악구,360
5,서울대입구역 1번출구,관악구,967
5,서울대입구역 4번 출구,관악구,903
5,서울대입구역 5번출구,관악구,1514
5,서울대입구역 마에스트로,관악구,790
5,서울대학교 정문,관악구,560
5,서울도봉초등학교인근,도봉구,514
5,서울도시가스 앞,강서구,1067
5,서울도시건축전시관,중구,2474
5,서울디자인고등학교 앞,마포구,1352
5,서울디지털운동장 앞,금천구,827
5,서울문화재단 앞,동대문구,1620
5,서울미래초등학교 사거리,구로구,1203
5,서울미술관,종로구,128
5,서울반도체고 앞,동대문구,501
5,서울방이동 고분군,송파구,1987
5,서울보증보험본사 앞,종로구,1000
5,서울복합물류 게이트 1,송파구,1210
5,서울본부세관(건설회관 앞),강남구,169
5,서울북부고용노동지청,강북구,659
5,서울북부고용센터앞,노원구,2630
5,서울북부광역등기국,도봉구,241
5,서울북부수도사업소,강북구,529
5,서울북부지방법원,도봉구,288
5,서울북부지방법원 앞,도봉구,531
5,서울사대부설초등학교 앞,종로구,1458
5,서울산업정보학교,관악구,390
5,서울서부지방법원 앞,마포구,831
5,서울서부지방법원등기국앞,마포구,408
5,서울서초고용센터앞,서초구,522
5,서울숲 IT캐슬,성동구,18
5,서울숲 공영주차장앞,성동구,1170
5,서울숲 관리사무소,성동구,2100
5,서울숲 지식산업센터,성동구,1807
5,서울숲리버뷰자이APT105동 앞,성동구,620
5,서울숲역 2번출구 앞,성동구,1790
5,서울숲역 5번 출구 옆,성동구,1592
5,서울숲역3번출구,성동구,391
5,서울시 공공자전거 상암센터,마포구,1338
5,서울시 도로환경관리센터,양천구,2777
5,서울시 북부병원 앞,중랑구,569
5,서울시 북부여성발전센터,노원구,801
5,서울시 품질시험소 앞,서초구,581
5,서울시립과학관,노원구,667
5,서울시립대 건설공학관,동대문구,734
5,서울시립대 정문 앞 A,동대문구,234
5,서울시립대 정문 앞 B,동대문구,2103
5,서울시립대 정보기술관,동대문구,754
5,서울시립대 후문,동대문구,586
5,서울시설공단 앞,성동구,1501
5,서울시여성가족재단,동작구,472
5,서울시청,중구,1550
5,서울식물원 식물문화센터,강서구,1035
5,서울식물원 잔디마당 앞,강서구,2519
5,서울식물원(문화센터) 건너편,강서구,337
5,서울신성초등학교,관악구,515
5,서울신용보증재단,마포구,1153
5,서울신우초등학교,관악구,7
5,서울안천초등학교 옆,금천구,127
5,서울여대 남문,노원구,1045
5,서울역 12번 출구 앞,용산구,967
5,서울역 7번출구,중구,149
5,서울역 서부,중구,310
5,서울역 서부교차로(3),중구,1094
5,서울역 서부교차로2,중구,1216
5,서울역 센트럴 자이아파트,중구,638
5,서울역5번출구,중구,1011
5,서울역9번출구,중구,852
5,서울역사박물관 앞,종로구,880
5,서울연신중학교,은평구,284
5,서울연신초등학교,은평구,450
5,서울영상고교 입구,양천구,3395
5,서울율현초교 삼거리,강남구,724
5,서울중랑우체국,중랑구,782
5,서울지방고용노동청 앞,중구,1341
5,서울지방병무청 버스정류장,영등포구,862
5,서울천호동우체국,강동구,1690
5,서울체육고등학교 앞,송파구,1782
5,서울추모공원 입구,서초구,43
5,서울축산농협(장안지점),동대문구,2842
5,서울출입국관리사무소 앞,양천구,3320
5,서울친환경유통센터,송파구,147
5,서울특별시 교육청,종로구,91
5,서울특별시 남부교육지원청,영등포구,659
5,서울특별시 동부교육지원청(육교),동대문구,279
5,서울특별시 동작관악교육지원청,동작구,91
5,서울특별시 은평병원,은평구,407
5,서울특별시 중부교육지원청,종로구,172
5,서울특별시교육청도봉도서관,강북구,945
5,서울혁신파크,은평구,735
5,서울혁신파크1,은평구,229
5,서울혁신파크2,은평구,389
5,서원마을,강동구,122
5,서일스포츠센터,서초구,149
5,서초 크로바타워 앞,서초구,465
5,서초 포레스타5단지,서초구,384
5,서초1교 (진흥아파트 방면),서초구,465
5,서초2교(사임당로 방면),서초구,222
5,서초4동주민센터,서초구,959
5,서초구립반포도서관 앞,서초구,1291
5,서초그랑자이 앞,서초구,377
5,서초동 현대아파트 앞,서초구,447
5,서초리슈빌S 글로벌 앞,서초구,166
5,서초신동아1차아파트 옆,서초구,481
5,서초역 3번출구,서초구,747
5,서초역1번출구 앞,서초구,468
5,서초유치원 맞은편,서초구,618
5,서초종합체육관 입구,서초구,88
5,서초초등학교 후문,서초구,1074
5,서초포레스타 7단지,서초구,297
5,서초현대4차아파트 201동 맞은편,서초구,625
5,석계역 3번 출구,노원구,1488
5,석계역 4번출구 뒤,성북구,1653
5,석계역 5번출구 건너편,성북구,1803
5,석계역 문화광장 내 자전거 보관소,노원구,4112
5,석관동주민센터 앞,성북구,1142
5,석관래미안아트리치,성북구,1353
5,석관초등학교 앞,성북구,1388
5,석촌고분역 2번 출구,송파구,2268
5,석촌고분역 4번출구,송파구,1885
5,석촌동 주민센터,송파구,2432
5,석촌역 2번출구,송파구,2486
5,석촌역 8번출구,송파구,2829
5,석촌호수 서호 남단,송파구,2308
5,석촌호수 서호 사거리,송파구,2724
5,석촌호수 아뜰리에,송파구,2108
5,석촌호수교차로 (송파나루근린공원 앞),송파구,639
5,석촌호수교차로(동호 팔각정 앞),송파구,2974
5,선릉역3번출구,강남구,1310
5,선린인터넷 고등학교,용산구,1430
5,선사고등학교,강동구,541
5,선유도역 3번출구 앞,영등포구,3471
5,선잠단지 앞,성북구,317
5,"선정릉 디캠프(D,CAMP)앞",강남구,250
5,선정릉역 4번 출구,강남구,438
5,섬들근린공원,서초구,1114
5,섬유센터 앞,강남구,1310
5,성공회대학교,구로구,597
5,성균관대 E하우스 앞,종로구,1569
5,성균관대 정문,종로구,2647
5,성균관대입구 사거리 A,종로구,1011
5,성균관대입구 사거리 B,종로구,1393
5,성내5교,송파구,1078
5,성내7교,송파구,954
5,성내교 남단,송파구,365
5,성내삼성아파트,강동구,2656
5,성내어울터,강동구,2639
5,성내유수지 체육공원,송파구,315
5,성동광진 교육지원청 앞,성동구,1612
5,성동교 사거리,성동구,648
5,성동구 견인차량 보관소 앞,성동구,1840
5,성동구민종합체육센터 건너편,성동구,2982
5,성동도로사업소,성동구,411
5,성동세무서 건너편,성동구,1734
5,성동세무서 부근,성동구,1546
5,성보하이드로빌딩,양천구,1176
5,성북3교 위,성북구,1227
5,성북구 한예종 캠퍼스 별관,성북구,1315
5,성북구 한예종 캠퍼스 본관,성북구,1024
5,성북구보건소 건너편,성북구,661
5,성북구청,성북구,1021
5,성북동 치안센터 앞,성북구,800
5,성북쉼터 앞,성북구,184
5,성북제일새마을금고 본점 앞,성북구,491
5,성북청소년문화의집,성북구,38
5,성북청소년센터,성북구,357
5,성산2-1 공영주차장,마포구,1403
5,성산2교 사거리,마포구,2053
5,성산시영아파트,마포구,1287
5,성서대학교 밀알관,노원구,485
5,성수2가1동 공영주차장 인근,성동구,3355
5,성수사거리 버스정류장 앞,성동구,2273
5,성수아카데미타워 앞,성동구,1904
5,성수역 1번출구 주변,성동구,810
5,성수역 2번출구 앞,성동구,3443
5,성수역3번출구,성동구,4273
5,성신여대입구 교차로,성북구,788
5,성신여대입구역 3번출구 앞,성북구,1337
5,성신여대입구역 5번출구,성북구,1384
5,성원2차 아파트,양천구,1056
5,성원APT버스정류소,도봉구,653
5,성지아파트 옆 도로변,금천구,130
5,세곡데이케어센터,강남구,228
5,세곡동 사거리(대왕초등학교 정류장),강남구,152
5,세곡동 성당,강남구,715
5,세곡사거리 대왕파출소 앞,강남구,104
5,세륜초등학교 건너편,송파구,267
5,세양청마루 101동 앞,송파구,436
5,세운상가,종로구,624
5,세운스퀘어 앞,종로구,951
5,세이브마트,관악구,1478
5,세종그랑시아 앞(102동),양천구,949
5,세종대왕기념관 교차로,동대문구,597
5,세종대학교,광진구,349
5,세종대학교 대양AI센터,광진구,1540
5,세종대학교(영실관),광진구,717
5,세종대학교(학술정보원),광진구,232
5,세종사이버대학교,광진구,2620
5,세화고등학교,서초구,245
5,센서텍㈜,강서구,1588
5,센트럴 푸르지오 시티 앞,영등포구,1865
5,센트럴파크타워 앞,용산구,1691
5,솔리스타오피스텔(공덕동주민센터),마포구,411
5,솔밭공원역,강북구,247
5,솔밭공원역 1번출구 앞,강북구,505
5,솔밭공원역 1번출구 주변,강북구,535
5,솔브레인이엔지 뒤편,금천구,803
5,송도병원,중구,137
5,송이공원,송파구,472
5,송정역 1번출구,강서구,2673
5,송정역 3번출구 앞,강서구,1413
5,송정중학교,강서구,1185
5,송중초등학교 옆,강북구,501
5,송천동 주민센터,강북구,386
5,송천동우체국,강북구,310
5,송천센트레빌,강북구,235
5,송파 글마루 도서관,송파구,678
5,송파 레미니스1단지 102동 앞,송파구,842
5,송파 파인타운 11단지,송파구,590
5,송파구청,송파구,5909
5,송파구청 교차로,송파구,1796
5,송파나루역 4번 출구옆,송파구,4910
5,송파도서관,송파구,873
5,송파레이크힐,송파구,255
5,송파레이크힐 상가,송파구,1102
5,송파사거리,송파구,2769
5,송파소방서 (방이119안전센터),송파구,354
5,송파소방서 맞은편(성내4교),송파구,1553
5,송파시그니처롯데캐슬,송파구,93
5,송파여성문화회관 앞,송파구,2139
5,송파여성축구장,송파구,415
5,송파역 2번 출구앞,송파구,1493
5,송파역 4번출구,송파구,2934
5,송파중학교 정문,송파구,579
5,송파지역자활센터 뒤,송파구,1840
5,송파청소년센터,송파구,341
5,송파체육문화회관 앞,송파구,1032
5,송파파인타운 10단지 1005동,송파구,291
5,송파파인타운 4단지 403동,송파구,408
5,송파파인타운 7단지,송파구,623
5,송파파크데일 1단지 115동 건너편,송파구,565
5,송파파크데일 2단지입구 앞 주차장,송파구,423
5,송파학사 옆,송파구,1223
5,수궁동 성당 주변,구로구,616
5,수락리버시티4단지,노원구,507
5,수락산역 4번출구,노원구,958
5,수명산파크 4단지 411동 앞,강서구,1398
5,수명산파크1단지교차로,강서구,3032
5,수명중?고교,강서구,1911
5,수명초등학교,강서구,1384
5,수색역,은평구,60
5,수서동 성당 맞은편,강남구,579
5,수서역 1번출구 앞,강남구,1225
5,수서역 5번출구,강남구,2504
5,수서역 7번출구 앞,강남구,441
5,수연빌딩 앞,노원구,905
5,수유1동 주민센터,강북구,641
5,수유2동은행빌딩 앞,강북구,609
5,수유사거리,강북구,1041
5,수유역2번출구,강북구,2555
5,수유중앙시장,강북구,1074
5,수출의 다리 아래,금천구,691
5,수협 연남동지점,마포구,1788
5,수협대치동지점,강남구,651
5,숙대입구역 4번출구,용산구,1456
5,숙대입구역 8번,용산구,842
5,숙명여대 입구 교차로,용산구,1361
5,숙명여대앞 버스정류소 주변,용산구,161
5,순천향대학병원(한남오거리),용산구,809
5,순흥안씨묘 건너편,금천구,48
5,숭실대 입구역3번 출구 앞,동작구,560
5,숭실대학교(중문),동작구,128
5,숭인2동 주민센터 입구,종로구,1416
5,스타벅스(동교동) 앞,마포구,813
5,스타즈호텔독산 빌딩 앞,금천구,844
5,시립도봉노인복지관 버스정류소,도봉구,632
5,시립동부병원 앞 사거리,동대문구,2294
5,시립미술관,중구,1104
5,시립창동운동장 입구,도봉구,329
5,시범아파트버스정류장 옆,영등포구,2443
5,시석빌딩 앞,마포구,737
5,시조사 앞,동대문구,1958
5,시청역 10번출구,중구,481
5,시청역(2호선) 9번출구 뒤,중구,2420
5,시흥4동주민센터 앞,금천구,155
5,시흥사거리(시흥동 994-3 앞),금천구,983
5,신곡시장,양천구,1361
5,신금호역 2번출구 앞,성동구,80
5,신금호파크자이APT앞,성동구,192
5,신길 래미안 프레비뉴,영등포구,585
5,신길동 우리은행 옆,영등포구,829
5,신길선원가와인아파트 앞,영등포구,909
5,신길역 2번출구,영등포구,1543
5,신길역3번출구,영등포구,1667
5,신길우성1차아파트 앞 공원,영등포구,853
5,신길우성4차아파트,영등포구,1627
5,신길자이아파트,영등포구,711
5,신내 우디안 111동 앞,중랑구,207
5,신내2동 주민센터 앞,중랑구,705
5,신내SK V1센터 앞,중랑구,469
5,신내능말공원,중랑구,518
5,신내동 벽산아파트 후문 앞,중랑구,806
5,신내동 한살림 중랑지구 건너편,중랑구,370
5,신내동 한살림 중랑지구 앞,중랑구,735
5,신내어울공원 앞,중랑구,718
5,신내역 4번출구,중랑구,357
5,신내우디안아파트 1단지,중랑구,210
5,신논현역 4번출구,강남구,774
5,신논현타워 앞,서초구,838
5,신답역 1번출구,성동구,273
5,신답역 사거리,동대문구,1576
5,신당 래미안 버스정류장,중구,610
5,신당동주민센터앞,중구,1550
5,신당역 10번 출구,중구,1646
5,신당역 12번 출구 뒤,중구,3260
5,신대방삼거리,동작구,1708
5,신대방삼거리역 6번출구쪽,동작구,2243
5,신대방역 2번 출구,관악구,6211
5,신도고등학교,은평구,219
5,신도림2차e편한세상아파트 203동 앞,구로구,1199
5,신도림4차 e편한세상 아파트 1109동 앞,구로구,1373
5,신도림7차e편한세상아파트 806동 앞,구로구,1165
5,신도림동주민센터 앞,구로구,1635
5,신도림쌍용플래티넘노블아파트 앞,구로구,1721
5,신도림역 1번 출구 앞,구로구,5246
5,신도림테크노근린공원,구로구,4366
5,신도봉사거리 버스정류장,도봉구,610
5,신도중학교앞,은평구,233
5,신동아럭스빌아파트 앞,서초구,187
5,신동아아파트,영등포구,2481
5,신동아타워 버스정류소,도봉구,417
5,신림1교 교차로,관악구,1755
5,"신림4,5동교",관악구,545
5,신림동 우방아파트,관악구,1275
5,신림동걷고싶은문화의거리입구,관악구,1483
5,신림푸르지오아파트,관악구,874
5,신마곡벽산블루밍메트로오피스텔앞,강서구,1395
5,신목동역 2번 출구,양천구,2644
5,신목동역 3번출구,양천구,1106
5,신반포역 2번출구 앞,서초구,720
5,신반포역 3번출구 뒤,서초구,508
5,신방화사거리,강서구,2892
5,신방화역 6번출구,강서구,1603
5,신방화역 8번출구,강서구,1628
5,신방화역환승주차장,강서구,3265
5,신봉천주유소 A,관악구,84
5,신봉천주유소 B,관악구,165
5,신사동 가로수길 입구,강남구,586
5,신사동 성당,은평구,229
5,신사동주민센터 옆,강남구,673
5,신사두산위브2차아파트 앞,은평구,1098
5,신사로입구,관악구,1476
5,신사스퀘어,강남구,327
5,신사역 4번출구 뒤,서초구,920
5,신석초교앞 교차로 교통섬,마포구,1916
5,신설동역 10번출구 앞,동대문구,2120
5,신설동역 11번출구 뒤,종로구,1885
5,신설동역8번출구,동대문구,1319
5,신성기사식당 앞,마포구,627
5,신성미소지움아파트,중랑구,765
5,신세계면세점,중구,358
5,신세계백화점 본점 앞,중구,859
5,신세기아파트 앞,구로구,724
5,신수동 사거리,마포구,401
5,신수동주민센터,마포구,367
5,신양초교앞 교차로,광진구,839
5,신영동삼거리,종로구,60
5,신영동삼거리(북악터널방향),종로구,81
5,신용산역 1번 출구,용산구,2008
5,신용산역 6번출구 앞,용산구,1666
5,신용산지하차도 앞,용산구,587
5,신원리베르텔 앞,도봉구,726
5,신월6차보람아파트 앞,양천구,1296
5,신월사거리,양천구,1366
5,신월중학교,양천구,963
5,신응교(가좌로) 앞,은평구,1416
5,신이문역 1번출구,동대문구,1097
5,신이문역 2번출구,동대문구,573
5,신일해피트리아파트 앞,양천구,1079
5,신자초교입구 교차로,광진구,2794
5,신정1동 주민센터 앞,양천구,2729
5,신정3동 현장민원실 앞,양천구,830
5,신정6동 주민센터 인근,양천구,1428
5,신정교 하부,양천구,2360
5,신정네거리역,양천구,849
5,신정네거리역 교차로,양천구,1145
5,신정보도육교 아래,양천구,2832
5,신정숲속마을아파트,양천구,672
5,신정이펜하우스 1단지아파트 입구 사거리,양천구,683
5,신정이펜하우스314동,양천구,765
5,신정제일시장,양천구,969
5,신진과학기술고등학교 버스정류장(응암시장 방면),은평구,998
5,신진빌라,양천구,501
5,신창교,강북구,700
5,신창시장,도봉구,1427
5,신창아파트 입구 앞,도봉구,355
5,신창중학교 후문 맞은편 버스정류장,노원구,919
5,신청담나들목,강남구,497
5,신촌 교보빌딩,마포구,372
5,신촌 청년주택,마포구,1419
5,신촌 파랑고래 입구,서대문구,937
5,신촌기차역입구 교차로,서대문구,424
5,신촌동 제1공영주차장 앞,서대문구,643
5,신촌역 4번출구,서대문구,593
5,신촌역(2호선) 1번출구 옆,서대문구,976
5,신촌역(2호선) 6번출구 옆,마포구,873
5,신촌역(2호선) 7번출구 앞,마포구,1976
5,신트리공원 입구,양천구,2707
5,신풍역 6번출구,영등포구,1596
5,신한금융투자 앞,영등포구,3996
5,신한은행 대림동지점,영등포구,868
5,신한은행 시흥대로금융센터지점,금천구,294
5,심산기념문화센터,서초구,782
5,쌍문동 이안아파트 앞,도봉구,536
5,쌍문역 1번출구 주변,도봉구,937
5,쌍문역4번출구 주변,도봉구,994
5,쌍문현대1차아파트 108동 앞,도봉구,587
5,쌍용아파트2단지 정문,종로구,268
5,쌍용예가(구청별관),영등포구,988
5,쌍용플레티넘오피스텔,영등포구,2141
5,아리랑시네센터 앞,성북구,440
5,아만티호텔 앞,마포구,476
5,아망떼마곡전시장,강서구,1491
5,아메리칸센터,용산구,445
5,아산병원 기숙사 부근,송파구,4158
5,아시아선수촌아파트 교차로,송파구,1606
5,아시아지하보도 14번 출구,송파구,2502
5,아시아지하보도 2번 출구,송파구,1488
5,아차산 휴먼시아 아파트 옆,광진구,441
5,아차산역 3번출구,광진구,2645
5,아차산역4번출구,광진구,2178
5,아크로타워 스퀘어(영등포시장),영등포구,3022
5,아현교회,마포구,161
5,아현문화건강센터,마포구,41
5,아현역 4번출구 앞,마포구,611
5,안골마을입구,서초구,26
5,안국동사거리(신),종로구,1432
5,안국역 5번출구 앞,종로구,1252
5,안산초등학교 앞,서대문구,58
5,안암2교 옆,성북구,1746
5,안암골벽산아파트(후문),동대문구,591
5,안암로터리 버스정류장 앞,성북구,4836
5,안암역 3번 출구,성북구,1000
5,안양천합수부(현대3차아파트),강서구,2254
5,안천중학교,금천구,306
5,암사동 선사유적지,강동구,144
5,암사역 3번출구(국민은행앞),강동구,3171
5,암사정수센터교차로(강동롯데캐슬퍼스트아파트),강동구,294
5,압구정 한양 3차 아파트,강남구,464
5,압구정나들목,강남구,1679
5,압구정로데오역 6번출구,강남구,869
5,압구정역 2번 출구 옆,강남구,1607
5,압구정파출소 앞,강남구,1077
5,앙카라공원 앞,영등포구,1782
5,애오개역 4번출구 앞,마포구,1651
5,앰배서더 호텔 주변,중구,578
5,약수동 주민센터,중구,120
5,약수역 10번출구 앞,중구,454
5,약수역 3번출구 뒤,중구,633
5,약수역 6번 출구,중구,441
5,양강중학교앞 교차로,양천구,662
5,양남사거리1,영등포구,705
5,양남사거리2,영등포구,783
5,양녕로 입구,관악구,1040
5,양문교회 앞,동작구,851
5,양서중학교 옆,양천구,756
5,양원보도육교,양천구,879
5,양원역 1번 출구,중랑구,949
5,양원역 2번출구,중랑구,239
5,양원지구 힐데스하임 앞,중랑구,617
5,양재근린공원,서초구,1209
5,양재동 꽃시장 건너편,서초구,581
5,양재동 꽃시장 입구,서초구,385
5,양재시민의숲역 1번출구,서초구,2067
5,양재시민의숲역 3번출구,서초구,1084
5,양재역 10번 출구 앞,서초구,942
5,양재역 3번출구 주변,강남구,871
5,양재역 8번출구 앞,서초구,796
5,양재이스타빌 앞,서초구,1282
5,양재전화국 사거리,서초구,403
5,양재초등학교 맞은편,서초구,903
5,양지근린공원앞,노원구,1216
5,양지사거리,성동구,1210
5,양지사거리(센트라스APT 115동앞),성동구,208
5,양천 해누리타운,양천구,2575
5,양천공영차고지,양천구,213
5,"양천구청, 보건소 사잇길",양천구,4672
5,양천구청역 1번출구,양천구,1149
5,양천구청역 2번출구 옆,양천구,2234
5,양천문화회관,양천구,1944
5,양천아파트 입구,양천구,2783
5,양천해누리체육공원,양천구,1048
5,양천향교역 7번출구앞,강서구,4826
5,양천향교역8번출구,강서구,2146
5,양평1 보행육교 앞,영등포구,2344
5,양평1나들목 보행통로 입구,영등포구,1992
5,양평1동 YP센터 앞,영등포구,738
5,양평교 영등포대여소,영등포구,1870
5,양평동6차현대아파트 앞,영등포구,1857
5,양평동성원아파트,영등포구,1670
5,양평역 1번출구,영등포구,3075
5,양평역2번출구 뒤,영등포구,834
5,양평우림 이비즈센타 앞,영등포구,2201
5,어린이대공원역 2번출구,광진구,860
5,어린이대공원역 3번출구 앞,광진구,2029
5,어린이대공원정문,광진구,913
5,어린이도서관,종로구,570
5,어린이회관,광진구,793
5,어울림병원 앞,영등포구,990
5,언남초등학교 앞,서초구,808
5,언주역 4번출구,강남구,410
5,언주초등학교 입구,강남구,455
5,에스테반,마포구,409
5,에이스 하드웨어(시흥대로 396) 앞,금천구,731
5,에이스에이존빌딩,관악구,802
5,에이스하이엔드타워8차 앞,금천구,1141
5,에이스하이엔드타워9차 앞,금천구,830
5,엘아르베뉴 102동 앞,금천구,127
5,엠펠리체 호텔 건너편,강서구,2184
5,여의나루역 1번출구 앞,영등포구,9874
5,여의도 마리나선착장 앞,영등포구,691
5,여의도 삼부아파트,영등포구,1618
5,여의도 순복음교회,영등포구,593
5,여의도 은하아파트,영등포구,638
5,여의도고교 앞,영등포구,1821
5,여의도역2번출구 앞,영등포구,1229
5,여의도중학교 옆,영등포구,2147
5,여의도초교 앞,영등포구,1501
5,역삼1동 주민센터,강남구,1069
5,역삼동 sk뷰 501동앞,강남구,402
5,역삼동 디오슈페리움 (우성아파트 사거리),강남구,742
5,역삼빌딩 앞(하나은행 옆),강남구,791
5,역삼월드메르디앙아파트 앞,강남구,500
5,역삼중학교 앞(체육관 방향),강남구,173
5,역촌 센트레빌 아파트,은평구,358
5,역촌센트레빌아파트 101동 앞,은평구,240
5,역촌종합시장 버스정류장(예일여고 방면),은평구,1956
5,역촌파출소,은평구,3114
5,연가교 교차로,서대문구,959
5,연가초등학교 옆,서대문구,389
5,연남동주민센터 앞,마포구,2541
5,연대 대운동장 옆,서대문구,508
5,연서어린이공원,서대문구,674
5,연세강서빌딩,강서구,1673
5,연세대 정문 건너편,서대문구,318
5,연세로 명물길,서대문구,708
5,연신내 선일하이츠빌 정류소,은평구,357
5,연신내역 1번 출구,은평구,969
5,연신내역 3번출구 인근,은평구,549
5,연신내역 4번출구,은평구,521
5,연신내역 5번출구,은평구,2630
5,연신초등학교옆 마을마당,은평구,171
5,연의근린공원 건너편,양천구,851
5,연해피빌 앞,노원구,1050
5,연희 브라운스톤 아파트 앞,서대문구,1772
5,연희IC 남측,서대문구,967
5,연희교차로 인근,서대문구,500
5,연희삼거리,서대문구,930
5,연희초등학교 앞,서대문구,420
5,연희파크푸르지오아파트 앞,서대문구,1146
5,염곡동(염통골) 입구,서초구,130
5,염곡치안센터 건너편,서초구,110
5,염리초등학교 앞,마포구,1048
5,염창동 새마을금고 건너편,강서구,791
5,염창동 한마음아파트 앞,강서구,1674
5,염창역 1번 출구,강서구,2231
5,"염창역 3, 4번 출구 사이",양천구,1232
5,염천교사거리,중구,667
5,영도초등학교,양천구,2490
5,영동1교 (양재천근린공원),서초구,1017
5,영동1교 북단,서초구,520
5,영동3교 북단(우성캐릭터 앞 보도),강남구,532
5,영동대교 북단,광진구,1577
5,영동중앙교회 버스정류장,강남구,241
5,영등포 신세계백화점,영등포구,4180
5,영등포 푸르지오 아파트 A,영등포구,1243
5,영등포 푸르지오 아파트 B,영등포구,1511
5,영등포공원 분수대 앞,영등포구,317
5,영등포구민체육센터 앞,영등포구,1564
5,영등포구청역 7번출구,영등포구,5875
5,영등포로터리,영등포구,1950
5,영등포로터리2,영등포구,1616
5,영등포삼환아파트 앞,영등포구,1608
5,영등포시장역 포레나영등포,영등포구,3033
5,영등포역 1번출구,영등포구,2882
5,영등포역5번출구,영등포구,4110
5,영등포유통상가 사거리,영등포구,1508
5,영등포전화국사거리 (서강어린이공원),영등포구,1944
5,영등포청과시장 사거리,영등포구,1252
5,영락고등학교,관악구,406
5,영문초등학교 사거리,영등포구,3672
5,영성빌딩(PAT),중랑구,902
5,영어마을 관악캠프,관악구,126
5,영일 어린이공원,영등포구,1012
5,영파여고 앞,송파구,1343
5,영휘원 교차로,동대문구,902
5,영희초교 사거리(래미안개포루체하임),강남구,1027
5,예일여중,은평구,1111
5,옛골 입구,서초구,106
5,오금공원 사거리,송파구,134
5,오금공원사거리2,송파구,255
5,오금동 대림아파트 정문,송파구,545
5,오금역 3번 출구 뒤,송파구,745
5,오금역 7번 출구 인근,송파구,1092
5,오류동 계림웨스트밸리 앞,구로구,280
5,오류동 다숲오피스텔 앞,구로구,636
5,오류동역 2번출구,구로구,907
5,오류동역 맞은편,구로구,1423
5,오륜사거리,송파구,650
5,오리로와 서해안도로 교차로 앞,구로구,567
5,오목교 동측 지하보도,영등포구,1542
5,오목교역 3번출구,양천구,4359
5,오목교역 6번 출구,양천구,2225
5,오목교역 7번출구 앞,양천구,2839
5,오목로 무중력지대 앞,양천구,586
5,오솔길공원,양천구,839
5,오정초교 앞 보도육교,구로구,219
5,옥수동성당 옆,성동구,133
5,옥수역 3번출구,성동구,4505
5,온곡초교 교차로,노원구,1789
5,온수역 2번 출구 앞,구로구,633
5,온수역 북측,구로구,359
5,올림픽공원 남2문 앞,송파구,1199
5,올림픽공원 북2문 A,송파구,1526
5,올림픽공원 북2문 B,송파구,2953
5,올림픽공원 서1문 앞,송파구,841
5,올림픽공원 장미광장,송파구,956
5,올림픽공원사거리(선수촌아파트),송파구,1202
5,올림픽공원역 1번출구 앞,송파구,1604
5,올림픽공원역 3번출구,송파구,5657
5,올림픽기념 국민생활관 로터리,종로구,1590
5,올림픽로 836(아리수로),강동구,536
5,올림픽선수기자촌아파트 123동 근처,송파구,371
5,올림픽선수촌아파트 136동 앞,송파구,486
5,올림픽훼미리아파트 112동 앞,송파구,1105
5,왈도강서캠퍼스 앞,강서구,1490
5,왕십리 자이아파트(101동 앞),성동구,37
5,왕십리KCC스위첸아파트,성동구,115
5,왕십리교회옆,성동구,2748
5,왕십리역 11번 출구 앞,성동구,1522
5,왕십리역 4번 출구 건너편,성동구,2150
5,왕십리자이아파트 후문(삼거리),성동구,183
5,외국어대 정문 앞,동대문구,3283
5,외대앞역 교차로,동대문구,2512
5,용강동 주민센터 앞,마포구,1529
5,용답동 우체국 주변,성동구,1310
5,용답토속공원 앞,성동구,625
5,용두동 래미안허브리츠아파트 앞,동대문구,1310
5,용두동 사거리,동대문구,2334
5,용두롯데캐슬리치아파트 앞,동대문구,1338
5,용두역 4번출구,동대문구,2579
5,용마복지센터 앞,중랑구,409
5,용마사거리,광진구,1893
5,용마산역 1번출구,중랑구,209
5,용마지구대 A,중랑구,154
5,용마지구대 B,중랑구,708
5,용마한신아파트사거리,중랑구,267
5,용문2교 옆,성북구,1363
5,용문사 버스정류장,강서구,1381
5,용산 선인상가,용산구,436
5,용산 파크타워 앞,용산구,353
5,용산 푸르지오 파크타운 1단지 앞,용산구,225
5,용산공원갤러리앞,용산구,197
5,용산구꿈나무종합타운 앞,용산구,890
5,용산더프라임아파트 101동 앞,용산구,437
5,용산시티파크 101동 앞,용산구,463
5,용산역 맞은편,용산구,3872
5,용산전쟁기념관,용산구,202
5,용산중학교,용산구,974
5,용신동주민센터,동대문구,781
5,우국한마음 아파트 맞은편,서대문구,1132
5,우리은행 방배동지점 앞,서초구,757
5,우리은행 시흥남자동화점 앞,금천구,315
5,우면산등산로 입구,서초구,41
5,우물골 근린공원,은평구,550
5,우성4차아파트,광진구,1333
5,우성식품 앞,광진구,1394
5,우성아파트 교차로,영등포구,872
5,우성아파트 앞,동작구,2026
5,우성아파트사거리 (기업은행앞),서초구,1563
5,우솔초등학교 맞은편,서초구,213
5,우영테크노센터 앞,성동구,1755
5,우이교 교차로,도봉구,1491
5,우이동 먹거리마을,강북구,135
5,우이동길마을마당,강북구,571
5,우이천 창번교,강북구,584
5,우장산동 가곡어린이공원앞,강서구,2168
5,우장산역 1번출구옆(우장산아이파크105동앞),강서구,1829
5,우장산역 3번출구,강서구,1855
5,우장산역 헤링턴타워 앞,강서구,1346
5,우장초등학교 앞,강서구,2126
5,원남동사거리,종로구,1305
5,원당공원 앞,도봉구,1143
5,원당근린공원,강서구,1823
5,원메디타운 앞,구로구,1673
5,원묵고등학교,중랑구,1087
5,원일교회,광진구,1286
5,원자력 병원,노원구,639
5,원풍빌라앞,은평구,643
5,원효로2가 교차로,용산구,568
5,원효로다목적체육관 앞,용산구,521
5,월계 롯데캐슬아파트 뒤,노원구,574
5,월계 센트럴 아이파크,노원구,1142
5,월계 청백1단지 아파트 정류장,노원구,437
5,월계1동주민센터 앞,노원구,827
5,월계2교 교차로,강북구,485
5,월계2교 버스정류장 앞,성북구,591
5,월계문화체육센터,노원구,196
5,월계역 1번 출구,노원구,941
5,월계중학교,노원구,378
5,월계초안아파트 1단지,노원구,431
5,월계프라자,노원구,660
5,월곡역 3번출구,성북구,2455
5,월곡역 5번출구 앞,성북구,1651
5,월곡역 입구 육교 밑,성북구,345
5,월드메르디앙 벤처센터 2차,금천구,1263
5,월드컵경기장역 3번출구 옆,마포구,2134
5,월드컵공원,마포구,2268
5,월드컵파크 4단지,마포구,366
5,월정초 사거리,양천구,659
5,웨스틴 조선호텔,중구,489
5,웰니스센터(민방위교육장 앞),종로구,1331
5,웰츠타워 오피스텔,광진구,1748
5,위너스 스포츠클럽 골프연습장옆,금천구,352
5,위례 포레샤인 1809동 부근,송파구,263
5,위례22단지 2208동 다리앞,송파구,424
5,위례동주민센터,송파구,2424
5,위례별 유치원 뒤,송파구,487
5,위례송파꿈에그린아파트24단지 앞 성벽 다리 밑,송파구,309
5,위례아이파크 101동 맞은편,송파구,475
5,위례중앙푸르지오 1단지 앞,송파구,1149
5,위례중앙푸르지오 201동 앞,송파구,1741
5,위례포레나송파,송파구,803
5,위례포레샤인 2310동 부근,송파구,452
5,위례포레샤인13단지,송파구,642
5,위례포레샤인18단지 1802동,송파구,329
5,위례포레샤인18단지 1812동,송파구,209
5,위례포레샤인아파트 정류장,송파구,794
5,윗반마을 입구,강남구,115
5,유니베라 앞,성동구,1847
5,유스호스텔 앞,영등포구,1361
5,유원목동아파트 103동 앞,양천구,2771
5,유진투자증권빌딩 앞,영등포구,2259
5,유한양행앞,동작구,1576
5,육군사관학교  앞,노원구,1852
5,윤선생빌딩(JYP사옥),강동구,2941
5,으뜸공원,양천구,789
5,은곡마을,강남구,507
5,은마아파트 입구 사거리,강남구,1118
5,은마아파트입구 사거리(1),강남구,162
5,은천교회,관악구,768
5,은천교회 앞,관악구,964
5,은천로입구 가로공원,관악구,2537
5,은천삼거리,관악구,349
5,은천초등학교 육교,관악구,529
5,은천치안센터,관악구,1170
5,은평 성모병원 사거리,은평구,558
5,은평 지웰테라스,은평구,98
5,은평구청 교차로,은평구,931
5,은평뉴타운 도서관,은평구,393
5,은평뉴타운 상림마을 13단지,은평구,92
5,은평뉴타운 아이파크,은평구,680
5,은평뉴타운 은뜨락아파트앞,은평구,439
5,은평뉴타운 푸르지오,은평구,744
5,은평뉴타운 힐데스하임,은평구,885
5,은평뉴타운구파발9단지,은평구,505
5,은평뉴타운폭포동 힐스테이트4단지,은평구,131
5,은평다목적체육관,은평구,368
5,은평서해그랑블아파트앞,은평구,506
5,은평세무서 버스정류장(은평구청 방면),은평구,1222
5,은평역사한옥박물관,은평구,258
5,은평예술회관,은평구,1136
5,은평평화공원(역촌역4번출구),은평구,1713
5,은하수 공원,노원구,491
5,을지로2가 사거리 남측,중구,689
5,을지로2가 사거리 북측,중구,747
5,을지로3가역 3번출구,중구,1649
5,을지로4가역 1번출구,중구,1149
5,을지로4가역 9번출구,중구,1776
5,을지로입구역 2번출구,중구,1404
5,을지로입구역 4번출구 앞,중구,1327
5,을지로입구역 8번출구,중구,507
5,을지로지하쇼핑센터,중구,436
5,응봉삼거리,성동구,543
5,응봉역 1번출구,성동구,3624
5,응봉현대아파트 정류소,성동구,241
5,응암2동주민센터 버스정류장(영락중학교 방면),은평구,407
5,응암시장교차로,은평구,1954
5,응암역2번출구 국민은행 앞,은평구,3484
5,응암역3번 출구(서부경찰서 방면),은평구,252
5,응암오거리,은평구,1884
5,의정관,영등포구,262
5,이대목동병원보도육교,양천구,1165
5,이대서울병원,강서구,1886
5,이대역 4번 출구,서대문구,315
5,이대역 5번출구,마포구,503
5,이랜드글로벌R&D센터,강서구,749
5,이마트 버스정류소 옆,성동구,2153
5,이마트 버스정류장(서부경찰서 방면),은평구,2232
5,이문e편한세상아파트 앞,동대문구,730
5,이문대성유니드아파트 앞,동대문구,857
5,이문동 쌍용아파트 정문,동대문구,968
5,이문삼익아파트 앞,동대문구,272
5,이수고가차도 남단,서초구,1271
5,이수교차로,서초구,1699
5,이수성결교회 옆,동작구,92
5,이수역 11번출구쪽,동작구,1588
5,이수역 1번출구,서초구,2288
5,이수역 4번 출구,서초구,1320
5,이수역 6번출구 앞,서초구,746
5,이수역9번출구,동작구,962
5,이앤씨드림타워 앞,영등포구,2869
5,이좋은집오피스텔 앞,구로구,623
5,이촌1동 마을공원,용산구,438
5,이촌1동 주민센터 뒤,용산구,1160
5,이촌2동 동원베네스트 아파트 앞,용산구,972
5,이촌역2번 출구,용산구,408
5,이촌역5번출구 앞,용산구,129
5,이태원관광특구 입구(용산구청방향),용산구,313
5,이태원관광특구입구A(녹사평역쪽),용산구,140
5,이태원로 255,용산구,75
5,이태원역 3번 출구,용산구,739
5,이태원지하보도,용산구,607
5,이투스교육 앞,서초구,239
5,이튼타워리버 2차,광진구,1246
5,이화공영주차장,종로구,510
5,이화여대 인문관 인근,서대문구,287
5,이화여대 후문,서대문구,772
5,인덕대학교,노원구,855
5,인왕산 아이파크 정문,종로구,258
5,인재개발원 데이터센터,서초구,23
5,인재개발원 배움관,서초구,84
5,인헌초교,관악구,293
5,일동제약 사거리,서초구,755
5,일성아파트,종로구,309
5,일신초등학교 옆,성북구,241
5,일원1동 주민센터,강남구,913
5,일원1동주민센터앞 사거리,강남구,576
5,일원에코파크 앞(개포로 방면),강남구,440
5,일원에코파크 주차장,강남구,526
5,일원역 4~5번 출구 사이,강남구,567
5,임광빌딩 앞,서대문구,370
5,자곡사거리,강남구,1498
5,자교교회 앞,종로구,1291
5,자양(뚝섬한강공원)역 1번출구 앞,광진구,11065
5,자양2동 주민센터,광진구,1402
5,자양나들목,광진구,2406
5,자양사거리 광진아크로텔 앞,광진구,1621
5,자양사거리(서원빌딩),광진구,3214
5,자양중앙나들목,광진구,1591
5,자양한강도서관,광진구,1479
5,잔디마을 마을버스 정류장,서초구,1307
5,잠실 자전거 수리센터 앞,송파구,2679
5,잠실 파크리오 120동 앞,송파구,1341
5,잠실3거리(갤러리아팰리스),송파구,1043
5,잠실4동 주민센터 옆,송파구,1438
5,잠실근린공원,송파구,1838
5,잠실나들목,송파구,2083
5,잠실나들목2(엘스아파트136동),송파구,779
5,잠실나들목4,송파구,1797
5,잠실나들목5,송파구,571
5,잠실나들목6,송파구,794
5,잠실나루 나들목,송파구,1812
5,잠실나루역 (2번 출구 쪽),송파구,2622
5,잠실나루역 고가하부,송파구,455
5,잠실나루역4번출구뒤,송파구,1753
5,잠실대교북단 교차로,광진구,1759
5,잠실새내역 1번출구,송파구,2558
5,잠실새내역 5번 출구 뒤,송파구,3999
5,잠실역 6번출구,송파구,1975
5,잠실역 8번출구,송파구,3974
5,잠실주공 521동 건너편,송파구,2378
5,잠실주공5단지1,송파구,1861
5,잠실트리지움310동 옆,송파구,2118
5,잠원역 3번-4번 출구사이,서초구,980
5,잣절보도육교 아래,양천구,622
5,장곡초등학교 앞,성북구,925
5,장로회신학대학교 주기철 기념관,광진구,149
5,장미원시장 건너편,강북구,773
5,장수공원,양천구,932
5,장승배기역 5번출구,동작구,1637
5,장승배기역2번출구뒷편쪽,동작구,754
5,장안동 사거리,동대문구,3432
5,장안동근린공원 입구,동대문구,794
5,장안동삼거리 교통섬,동대문구,1096
5,장안동위더스빌옆,동대문구,2653
5,장안중학교,중랑구,859
5,장안힐스테이트(아) 앞,동대문구,2148
5,장위뉴타운 꿈에 숲 코오롱 하늘채 앞,성북구,1309
5,장지공영차고지,송파구,237
5,장지역 1번출구,송파구,1367
5,장충동먹자골목 앞,중구,742
5,장충체육관,중구,159
5,장한평역 3번출구,동대문구,4583
5,장한평역 8번 출구 앞,성동구,2170
5,장훈고 앞,영등포구,690
5,재동초교 앞 삼거리,종로구,910
5,전농SK아파트 앞,동대문구,457
5,전농동 동아아파트 앞,동대문구,1481
5,전농동 텃골공원,동대문구,784
5,전농사거리 교통섬,동대문구,1204
5,전농삼성아파트,동대문구,267
5,전농초등학교 건너편,동대문구,517
5,전자랜드 본관 앞,용산구,933
5,정금마을 마을버스정류장,동작구,531
5,정동사거리,중구,1075
5,정릉꿈에그린1단지 201동 앞,성북구,246
5,정릉도서관 앞,성북구,625
5,정릉역,성북구,601
5,정의여중고 버스정류소,도봉구,598
5,제2구민체육센타 앞,영등포구,1995
5,제각말푸르지오 5-1단지 아파트,은평구,185
5,제기2교,동대문구,1518
5,제기동 현대아파트 앞,동대문구,372
5,제기동역 1번출구,동대문구,2423
5,제니스스포츠 앞,구로구,396
5,제일강산수산입구,도봉구,1171
5,제일빌딩 앞,마포구,1346
5,조계사앞사거리,종로구,1324
5,조원동 강남힐병원,관악구,981
5,조원동 미성아파트,관악구,1005
5,종각역 1번출구 앞,종로구,1914
5,종각역 5번출구,종로구,1498
5,종로2가 버스정류장 (종각방향),종로구,1059
5,종로2가 사거리,종로구,1223
5,종로3가역 15번출구 뒤,종로구,845
5,종로3가역 2번출구 뒤,종로구,1310
5,종로3가역 8번출구,종로구,2351
5,종로4가 사거리,종로구,1144
5,종로5가역 4번출구,종로구,1323
5,종로6가역 버스정류장(동대문 방향),종로구,953
5,종로구청 옆,종로구,2134
5,종로꽃시장 입구 옆,종로구,931
5,종로문화원 건너편,종로구,743
5,종로오가 지하쇼핑센터 14번출구,종로구,1250
5,종로타워빌딩,종로구,1303
5,종로플레이스,종로구,2320
5,종묘,종로구,770
5,종묘공영주차장 건너편,종로구,496
5,종암동 동덕여대 제2생활관 앞,성북구,1750
5,종암박스파크,성북구,1411
5,종암초등학교 뒤(새울센스빌),동대문구,374
5,종합운동장역 4번출구,송파구,1802
5,주공14단지,금천구,197
5,주공601동 상가 노원지하보도 앞,노원구,1778
5,주식회사 오뚜기 정문 앞,강남구,693
5,주원 리젠트 앞,강서구,627
5,주홍교 하부,서초구,308
5,준빌딩 앞,은평구,289
5,중계 롯데마트,노원구,1768
5,중계2차 한화꿈에그린 101동 인근,노원구,784
5,중계3차청구아파트,노원구,1126
5,중계구민체육센터,노원구,890
5,중계근린공원내,노원구,3111
5,중계동 성모빌딩 앞,노원구,1592
5,중계동 을지중학교,노원구,896
5,중계동 하나프라자빌딩 앞(중1-1),노원구,1848
5,중계본동 입구,노원구,122
5,중계역 2번출구,노원구,2369
5,중계역 3번출구,노원구,1903
5,중계역 6번출구,노원구,1969
5,중계종합사회복지관 교차로,노원구,575
5,중계주공2단지 앞,노원구,643
5,중계중학교,노원구,1527
5,중곡 성원아파트 앞,광진구,1113
5,중곡SK아파트앞,광진구,567
5,중곡동 파크웨이빌딩,광진구,1313
5,중곡역 1번출구,광진구,1187
5,중대후문 마을버스정류장,동작구,554
5,중랑공영차고지 옆,중랑구,1092
5,중랑교사거리,동대문구,1433
5,중랑구민회관,중랑구,255
5,중랑구청,중랑구,1047
5,중랑구청 사거리,중랑구,1169
5,중랑구청 중화동 별관 앞,중랑구,1846
5,중랑데시앙플렉스 앞,중랑구,539
5,중랑물재생센터(서울새활용플라자),성동구,515
5,중랑세무서,중랑구,2416
5,중랑역 1번 출구(중화문화복지센터),중랑구,1015
5,중랑전화국 교차로,중랑구,1573
5,중랑천 뚝방길 산책로 입구,광진구,1271
5,중랑캠핑숲,중랑구,148
5,중림동삼거리,중구,198
5,중부경찰서앞 사거리,중구,377
5,중부경찰서앞사거리 건너편,중구,261
5,중부세무서 앞,중구,227
5,중앙고입구 삼거리,종로구,216
5,중앙근린공원,서대문구,1023
5,중앙농협(자양동),광진구,1838
5,중앙대학교 정문 1,동작구,697
5,중앙대학교 중앙광장,동작구,158
5,중앙동 동진빌딩,관악구,739
5,중앙보훈병원역 1번출구,강동구,324
5,중앙보훈병원역3번출구,강동구,209
5,중앙유통단지 앞,구로구,832
5,중앙유통단지 앞 B,구로구,809
5,중앙일보,중구,130
5,중앙하이츠 아파트 입구,노원구,1751
5,중화동 우리은행 앞,중랑구,987
5,중화빌딩 앞 (동부시장),중랑구,942
5,중화수경공원,중랑구,1672
5,중화역 2번출구,중랑구,1303
5,중화역 4번출구,중랑구,1022
5,증권거래소후문교차로,영등포구,1434
5,증미역 2번출구,강서구,1991
5,증미역 3번출구뒤(등촌두산위브센티움오피스텔),강서구,2725
5,증산2교,서대문구,1825
5,증산3교 앞,서대문구,1251
5,증산교 앞,서대문구,1683
5,증산역 4번출구,은평구,1530
5,진관고등학교앞,은평구,540
5,진관동 은빛초등학교,은평구,395
5,진미파라곤 앞,영등포구,1373
5,진주아파트상가 앞,영등포구,1007
5,참새공원(백곡경노당),구로구,337
5,창1동주민센터,도봉구,591
5,창경궁 입구,종로구,784
5,창동 주공 4단지 입구 옆,도봉구,721
5,창동19단지아파트 관리사무소앞,도봉구,955
5,창동동아청솔정문 건너편,도봉구,140
5,창동시장입구 사거리,도봉구,846
5,창동역 1번출구 건너편,도봉구,860
5,창동역 1번출구 앞,도봉구,3003
5,창동역 2번출구,도봉구,3145
5,창동주공17단지 상가앞,도봉구,1352
5,창동주공19단지앞,도봉구,1226
5,창동청소년수련관,도봉구,790
5,창동한신아파트 버스정류소,도봉구,637
5,창신3동주민센터,종로구,1141
5,창신두산아파트,종로구,155
5,창신역 1번출구 앞,종로구,629
5,창신역2번 출구,종로구,21
5,창원초등학교 교차로,도봉구,704
5,창포원 남쪽 입구,도봉구,772
5,천동초교 삼거리,강동구,1350
5,천동초교입구사거리 버스정류장(십자성마을 방면),강동구,1748
5,천왕역 1번 출입구 앞,구로구,1974
5,천왕역 3번 출구 뒤,구로구,767
5,천왕역 4번출구 뒤,구로구,900
5,천왕연지타운2단지 앞,구로구,1393
5,천왕이펜하우스 4단지 후문,구로구,294
5,천왕이펜하우스3단지 앞,구로구,383
5,천왕이펜하우스5단지 앞,구로구,295
5,천왕지구삼거리 앞,구로구,691
5,천왕차량사업소 입구,구로구,620
5,천일초교 사거리,강동구,764
5,천주교 대치 2동 교회 옆,강남구,963
5,천지인 오피스텔 앞,종로구,79
5,천호시장 버스정류소 옆,강동구,640
5,천호역 10번 출구 앞,송파구,3304
5,천호역4번출구(현대백화점),강동구,4466
5,천호지하주차장 5번 출입구,강동구,1014
5,천호초교 입구 사거리(일주빌딩),강동구,915
5,철도교통관제센터 정문 앞,구로구,1328
5,청계2가 사거리 옆,종로구,1318
5,청계3가 사거리,종로구,1257
5,청계8가 사거리 B,성동구,2512
5,청계8가사거리 A,종로구,1989
5,청계9가교차로 앞,동대문구,2658
5,청계광장 옆,중구,1549
5,청계벽산아파트 앞,성동구,1562
5,청계산 입구 삼거리,서초구,177
5,청계산입구역 1번출구,서초구,1124
5,청계산입구역 2번출구,서초구,155
5,청계천 박물관 앞,성동구,722
5,청계천 생태교실 앞,성동구,5445
5,청계천 영도교,중구,3297
5,청계한신휴플러스앞 삼거리,동대문구,1229
5,청구e편한세상아파트 113동 앞,중구,871
5,청구성심병원 앞,은평구,696
5,청구아파트 앞,구로구,1254
5,청기와빌딩,양천구,842
5,청년주택 독산동점,금천구,454
5,청년취업사관학교앞,금천구,465
5,청담공원앞 교차로,강남구,826
5,청담나들목입구,강남구,498
5,청담동 맥도날드 옆(위치),강남구,401
5,청담사거리(신한오피스텔빌딩 앞),강남구,459
5,청담역 11번 출구,강남구,253
5,청담역 13번 출구 앞,강남구,514
5,청담역 1번출구,강남구,217
5,청담역 2번출구,강남구,177
5,청담역(우리들병원 앞),강남구,349
5,청량리 기업은행 앞,동대문구,3096
5,청량차도 육교 밑,동대문구,687
5,청소년수련관 후문,노원구,3327
5,청소년수련관(수영장)앞,강남구,439
5,청소년음악센터,양천구,598
5,청솔우성아파트 앞,동대문구,1206
5,청암예술학교 앞,노원구,1468
5,청암자이아파트 앞,용산구,791
5,청와대앞길,종로구,229
5,청운초교 앞 삼거리,종로구,687
5,청파동삼거리 앞,용산구,688
5,청파동입구 교차로,용산구,826
5,초롱타운 앞,구로구,304
5,초원아파트 앞,영등포구,1660
5,총신대 앞(육교),동작구,111
5,충무로역 1번출구,중구,819
5,충무로역 6번출구 앞,중구,761
5,충북 미래관,영등포구,2835
5,충정2교,서대문구,638
5,충정로역 1번 출구,서대문구,235
5,충정로역 2호선(엘리베이터 앞),중구,558
5,충정로역 3번 출구,서대문구,235
5,충정로역 7번출구 아래,서대문구,500
5,커먼그라운드,광진구,3343
5,코레일유통본사,영등포구,1203
5,코스트코 상봉점,중랑구,1717
5,코오롱One&Only타워,강서구,2174
5,코오롱디지털타워 3차앞,성동구,1786
5,코오롱아파트사거리,마포구,2845
5,코오롱테크노밸리,금천구,308
5,콤텍시스템 앞,영등포구,849
5,크라운호텔앞 버스정류소,용산구,606
5,크린랩 본사,강남구,260
5,탄천1교 하부보도,송파구,697
5,탑골공원 앞,종로구,813
5,탑성마을 버스정거장 옆,서초구,26
5,탑성마을입구,서초구,34
5,태릉입구역 3번출구,노원구,1241
5,태릉입구역 5번출구,노원구,3496
5,태릉입구역 8번출구,노원구,2939
5,태평양물산,구로구,2882
5,테라타워2,송파구,2588
5,테크노마트 앞,구로구,2207
5,퇴계로4가 교차로(중구청),중구,1136
5,트레빌빌딩,강동구,1314
5,파르코 앞,노원구,332
5,파크타워 104동 앞,용산구,250
5,파크팰리스,종로구,754
5,페코텍글로벌허브빌딩 앞,성동구,2335
5,평생학습관 앞,은평구,1188
5,평창동주민센터 앞,종로구,159
5,평화도봉공원 주변,도봉구,900
5,포레나 당산,영등포구,1314
5,포레스 주상복합 빌딩,강동구,1536
5,포르투갈 대사관 앞,종로구,806
5,포스코사거리 서측(수협 삼성동 지점),강남구,652
5,포스코사거리(기업은행),강남구,1582
5,포스코피앤에스타워 (역삼역 3번출구 부근),강남구,787
5,폭포동입구 교차로,은평구,210
5,푸르메병원,마포구,1202
5,푸조비즈타워 앞,성동구,1804
5,풍납근린공원,송파구,857
5,풍납동 아이파크 107동 앞,송파구,1000
5,풍납백제문화공원 옆 인근,송파구,2094
5,풍납사거리 성내유수지,송파구,920
5,풍납사거리(강동),강동구,1266
5,풍납중학교 측면,송파구,350
5,풍납토성 서성벽터A,송파구,1131
5,풍납토성 서성벽터B,송파구,659
5,풍납현대아파트쉼터,송파구,2034
5,풍전아파트 건너편,용산구,851
5,프라이어팰리스아파트,강동구,656
5,프라자 아파트 앞,강동구,784
5,프런트원(공덕역4번출구 앞),마포구,769
5,필동 삼거리,중구,713
5,하계 어린이 공원,노원구,1789
5,하계2동 공항버스정류장 옆,노원구,1928
5,하계동 중평어린이공원 앞,노원구,2271
5,하계역 6번출구,노원구,1550
5,하늘공원 입구,마포구,742
5,하늘숲초등학교 앞,구로구,1029
5,하늘채코오롱아파트 건너편,마포구,2192
5,하얏트호텔 앞,용산구,54
5,하우스디세종타워 앞,성동구,1188
5,하이투자증권 앞,영등포구,1580
5,학동로 래미안 아파트 앞,강남구,333
5,학동역,강남구,462
5,학여울역 사거리,강남구,403
5,학여울역 사거리(LG베스트샵 앞),강남구,785
5,학여울역사거리(은마아파트),강남구,181
5,한가람미술관 앞,서초구,261
5,한강 현대아파트 건너편,동작구,50
5,한강GS에클라트 건너편 교통섬,용산구,643
5,한강공원 망원나들목,마포구,10915
5,한강대교 북단 교차로,용산구,1821
5,한강버스 마곡 선착장,강서구,651
5,한강아파트,강서구,1429
5,한강중학교 앞 버스정류장,용산구,352
5,한강진역 2번 출구 앞,용산구,344
5,한강초교보도육교 앞,용산구,944
5,한강트럼프월드3차 앞,용산구,1234
5,한국SGI 양천문화회관 앞,양천구,975
5,한국과학기술연구원 북문,성북구,191
5,한국과학기술연구원 중문,성북구,272
5,한국국방연구원 앞,동대문구,1275
5,한국우편사업진흥원,강남구,201
5,한국은행,중구,394
5,한국전력 구로금천지사 앞,금천구,541
5,한국전력공사(동대문 중랑지사),중랑구,986
5,한국종합기술사옥 앞,강동구,2204
5,한국지역난방공사강남지사,강남구,361
5,한국체육대학교,송파구,608
5,한남 유수지 복개주차장,용산구,831
5,한남나들목 입구,용산구,1555
5,한남나인원 105동 앞,용산구,428
5,한남초교 앞 보도육교,용산구,68
5,한내 행복발전소 옆,노원구,2605
5,한내근린공원 남측,노원구,723
5,한내근린공원 북측,노원구,1097
5,한림대학교 강남성심병원 신관,영등포구,1136
5,한림연예예술고등학교,송파구,777
5,한마을아파트 정문상가,구로구,1588
5,한사랑교회 앞,양천구,1003
5,한성대7번출구 앞,성북구,604
5,한성대입구역2번출구,성북구,1754
5,한성대입구역6번출구 뒤,성북구,770
5,한성백제역 1번출구 뒤,송파구,2632
5,한성백제역 2번 출구,송파구,2649
5,한신16차아파트 119동 앞,서초구,3705
5,한신아파트 앞 육교 아래,금천구,629
5,한신코아 앞,금천구,462
5,한신휴아파트 앞,구로구,1720
5,한양3차아파트 3동 앞,송파구,297
5,한양대병원사거리,성동구,1562
5,한양대역 1번출구,성동구,916
5,한양대역 3번 출구,성동구,1856
5,한양대후문역 부근,성동구,1209
5,한양수자인아파트 앞,중랑구,360
5,한영외국어고등학교,강동구,188
5,한영중고앞사거리,강동구,380
5,한울중학교,금천구,130
5,한일유앤아이아파트 105동 인근,노원구,818
5,한전아트센터 앞,서초구,651
5,한진아파트 입구,구로구,930
5,한천교 동편,노원구,1013
5,한티역 3번출구,강남구,418
5,한티역 6번 출구,강남구,428
5,한티역 롯데백화점 앞,강남구,866
5,한화오벨리스크 앞,마포구,680
5,함지박 사거리,서초구,693
5,합정동주민센터 앞,마포구,2098
5,합정역 1번출구 앞,마포구,1427
5,합정역 5번출구 앞,마포구,848
5,합정역 7번출구 앞,마포구,2816
5,항동지구 10단지 1001동 앞,구로구,258
5,항동지구 11단지 1103동 앞,구로구,130
5,항동지구 1단지 105동 앞,구로구,207
5,항동지구 2단지 202동 앞,구로구,224
5,항동지구 3단지 302동 앞,구로구,87
5,항동지구 3단지 311동 앞,구로구,97
5,항동지구 4단지 입구,구로구,149
5,항동지구 6단지 602동 앞,구로구,244
5,항동지구 7단지 정문,구로구,518
5,항동지구 8단지 803동옆(주차장입구),구로구,79
5,항동지구5단지 501동 앞,구로구,204
5,항동프라자,구로구,435
5,항동하버리안2단지아파트 후문,구로구,249
5,해공공원(천호동),강동구,1895
5,해공도서관앞,강동구,928
5,해담는다리,서대문구,2026
5,해뜨는 주유소옆 리엔파크 109동앞,강동구,533
5,해원리바파크 육교 밑,구로구,1957
5,행당동 삼부APT후문,성동구,284
5,행당역 2번출구 앞,성동구,732
5,행당중학교 후문,성동구,806
5,허준박물관삼거리,강서구,1362
5,헬리오시티 112동 앞,송파구,1224
5,헬스케어,노원구,1145
5,현대 뜨레비앙 아파트 앞,종로구,1095
5,현대 안성타워,용산구,242
5,현대6차 아파트,노원구,1384
5,현대6차아파트 101동 옆,양천구,1064
5,현대고등학교 건너편,강남구,1851
5,현대그룹(본사),종로구,963
5,현대백화점 미아점,성북구,808
5,현대벤처빌 앞,마포구,266
5,현대성우아파트 옆,강북구,320
5,현대시장사거리,관악구,1270
5,현대시티아울렛 가산,금천구,1286
5,현대아파트 앞,구로구,674
5,현대아파트 정문 앞,강남구,548
5,현대자동차 동부서비스센터 주변,성동구,1169
5,현대자동차서비스 앞,용산구,920
5,현대하이페리온,양천구,2521
5,현대홈타운 뒷길,광진구,301
5,혜명양로원 담장 옆(2),금천구,333
5,혜화동 로터리,종로구,1377
5,혜화역 1번출구,종로구,2630
5,혜화역 3번출구 뒤,종로구,1268
5,호돌이공원,강서구,553
5,호돌이상가,송파구,654
5,호반써밋,송파구,838
5,호암아트홀,중구,154
5,홈플러스 금천점 앞,금천구,810
5,홈플러스 마포점 앞,마포구,2632
5,홈플러스 면목점,중랑구,864
5,홈플러스 상봉점 앞,중랑구,1296
5,홈플러스 시흥점 맞은편 다비치안경 앞,금천구,676
5,홈플러스 신내점 앞,중랑구,2372
5,홈플러스 잠실점,송파구,1786
5,홈플러스(강서점),강서구,2818
5,홍남교 버스정류장,서대문구,675
5,홍남교 사거리,서대문구,1260
5,홍대입구역 2번출구 앞,마포구,4575
5,홍대입구역 3번출구,마포구,3548
5,홍대입구역 6번출구,마포구,1696
5,홍대입구역 8번출구 앞,마포구,1914
5,홍대입구역 사거리,마포구,1670
5,홍련봉 공원,광진구,402
5,홍연2교 사거리,서대문구,488
5,홍연2교옆,서대문구,1220
5,홍은 현대아이파크 아파트 202동 앞,서대문구,562
5,홍은2파출소 옆,서대문구,586
5,홍은도담도서관,서대문구,495
5,홍은동 정원여중 입구,서대문구,790
5,홍은사거리,서대문구,3037
5,홍은센트레빌 아파트 앞,서대문구,276
5,홍익병원앞 교차로,양천구,1661
5,홍익중고 입구,성북구,1026
5,홍제교,서대문구,678
5,홍제삼거리 북측,서대문구,984
5,화곡2동주민센터,강서구,1057
5,화곡로 입구 교차로,양천구,439
5,화곡본동시장 버스정류장,강서구,516
5,화곡본동시장 입구,강서구,832
5,화곡역 1번 출구 앞,강서구,2193
5,화곡역 6번출구,강서구,1897
5,화곡역 버스정류장,강서구,2095
5,화곡터널입구교차로,강서구,975
5,화랑대역 2번출구 앞,노원구,3000
5,화랑대역 7번출구,중랑구,1927
5,화양 APT(횡단보도 옆),광진구,3267
5,화양동 우체국,광진구,2068
5,화양사거리,광진구,696
5,황금내근린공원,강서구,2722
5,황학동롯데캐슬,중구,1878
5,회기역 2-①번출구,동대문구,2244
5,회현사거리 남측,중구,578
5,회현역 1번출구,중구,305
5,회현역 7번출구,중구,282
5,효성인텔리안 앞,강북구,1817
5,효자동 삼거리,종로구,933
5,효창 푸르지오 앞,용산구,196
5,효창공원앞역 3번출구 앞,용산구,1556
5,효창공원앞역 5번출구 옆,용산구,363
5,효창동주민센터 앞,용산구,317
5,훈련원공원주차장 앞,중구,1335
5,휘경119안전센터 앞,동대문구,961
5,휘경1동주민센터 앞,동대문구,964
5,휘경2동 주민센터,동대문구,343
5,휘경sk뷰아파트 앞,동대문구,497
5,휘경여중고삼거리,동대문구,1152
5,휘문고교 사거리,강남구,316
5,휘봉고등학교 앞,동대문구,1058
5,휴플러스 수락한신아파트 101동 앞,노원구,425
5,흑석 아크로리버하임(103동),동작구,99
5,흑석동주민센터 입구,동작구,211
5,흑석동효사정앞,동작구,144
5,흑석롯데캐슬에듀포레(107동),동작구,379
5,흑석역 1번출구,동작구,2798
5,흑석역 4번출구,동작구,437
5,흑석한강푸르지오 106동앞,동작구,30
5,흑석한강푸르지오(110동),동작구,77
5,흥국사 정류장,은평구,108
5,희성오피앙,노원구,935
5,희훈타워빌 앞,구로구,1557
5,힐스테이트에코,강서구,2666
5,힐스테이트창경궁 아파트 앞,종로구,788
5,힐스테이트클래시안아파트,영등포구,1048
6,(시립)고덕평생학습관,강동구,654
6,(재)FITI시험연구원,강서구,1681
6,3호선 매봉역 3번출구앞,강남구,1472
6,419민주묘지역,강북구,842
6,419민주묘지역 1번출구,강북구,1015
6,419탑 앞,강북구,592
6,"500번,507번 버스 종점 앞",금천구,304
6,63스퀘어,영등포구,1971
6,7호선 이수역7번출구,동작구,872
6,9호선종합운동장역 9번출구,송파구,1158
6,AS센터,성동구,75
6,CBS방송국 앞,양천구,4872
6,CJ 드림시티,은평구,3251
6,CJ오쇼핑앞,서초구,115
6,CJ제일제당 앞,중구,1259
6,DDP 패션몰,중구,1331
6,DMC래미안e편한세상203동옆,서대문구,491
6,DMC빌 앞,마포구,630
6,DMC산학협력연구센터 앞,마포구,1309
6,DMC엘가아파트 앞,서대문구,1036
6,DMC역 2번출구 옆,마포구,2053
6,DMC역 5번 출구(수색역 방향),은평구,1646
6,DMC역 9번출구 앞,마포구,2217
6,DMC역7번출구,마포구,555
6,DMC첨단산업센터,마포구,405
6,DMC파크뷰자이1단지 110동 앞,서대문구,920
6,DMC파크뷰자이아파트 302동 앞,서대문구,993
6,DMC홍보관,마포구,1152
6,ESA아파트 상가 앞,도봉구,1154
6,FITI시험연구원 앞,동대문구,701
6,HID 유족동지회 앞,용산구,143
6,HW컨벤션센터 앞,종로구,157
6,H비즈니스파크,송파구,1246
6,H타워 앞,영등포구,1686
6,IBK기업은행 석수역 지점 앞,금천구,173
6,JK장평타워,관악구,187
6,JTBC 앞,마포구,860
6,JW타워,서초구,167
6,K&S빌딩 앞,광진구,1995
6,K+ 타워 앞,강남구,629
6,KAIST 경영대학 앞,동대문구,1268
6,KBS 스포츠월드,강서구,2548
6,KBS 앞,영등포구,2218
6,KBS 연구동 건너편,영등포구,792
6,KB국민은행 염창역 지점 앞,양천구,1419
6,KCC용산웰츠(WELLTZ)타워,용산구,582
6,KEB 하나금융그룹 명동사옥 옆,중구,906
6,KEB은행 고대점,성북구,1150
6,KG타워 앞,중구,870
6,KRX한국거래소(1),영등포구,797
6,KT 서초지사 앞,서초구,282
6,KT 전화국 버스정류장 옆,노원구,3831
6,KT&G 관악지점,관악구,492
6,KT&G강동지사,강동구,1167
6,KT&G타워 옆(상상마당 대치아트홀),강남구,316
6,KT관악지점,관악구,761
6,KT선릉타워,강남구,976
6,KT앞,영등포구,2451
6,KT플라자 영등포점,영등포구,1798
6,KT혜화지사 앞,종로구,1056
6,LG CNS앞,마포구,850
6,LG 사이언스파크,강서구,950
6,LG사이언스파크 E10동,강서구,1686
6,LG유플러스 (방배사옥),서초구,77
6,LG유플러스 마곡사옥,강서구,4027
6,LG전자 별관동(호서대 벤처타워 맞은편),금천구,795
6,LG전자가산A와 가산테라타워 사이,금천구,1065
6,LG한강 자이아파트 앞,용산구,1577
6,LH 서초 4단지 403동,서초구,557
6,LH서초3단지 301동 맞은편,서초구,363
6,LIGA 아파트 앞,강동구,3117
6,LIG강촌아파트 103동앞,용산구,1309
6,MBC 앞,마포구,650
6,MCM 본사 직영점 앞,강남구,208
6,NH농협은행 앞,영등포구,2910
6,SBS방송국,양천구,2146
6,SB타워 앞,강남구,254
6,SC제일은행 양재동지점 앞,서초구,442
6,SK 남산빌딩,중구,266
6,SK 서린빌딩 앞,종로구,2001
6,SK리쳄블(서울아리수본부),서대문구,349
6,SPC 앞,서초구,650
6,SSTS 몰 앞,강동구,895
6,STX V타워,금천구,582
6,U레지던스 앞,영등포구,1122
6,W컨템포오피스텔앞,금천구,325
6,e 편한세상 보문아파트 내,성북구,201
6,e편한세상 상도노빌리티 앞,동작구,762
6,e편한세상 신촌4단지 앞,서대문구,647
6,kt 행당빌딩 앞,성동구,1113
6,sk신내 주유소앞(용마산로),중랑구,183
6,가든파이브 리빙관,송파구,296
6,가락1동주민센터,송파구,1073
6,가락2동주민센터 인근,송파구,637
6,가락고등학교 앞,송파구,445
6,가락대림아파트 앞,송파구,943
6,가락몰 업무동,송파구,1281
6,가락미륭아파트 앞,송파구,408
6,가락본동주민센터 인근,송파구,1194
6,가락삼환아파트 앞,송파구,418
6,가락시장 남1문 사거리,송파구,735
6,가락시장역 2번 출구,송파구,1191
6,가락시장역 3번 출구,송파구,2211
6,가락시장역 사거리,송파구,1177
6,가락쌍용2차아파트 103동,송파구,848
6,가락종합 사회복지관,송파구,568
6,가락중학교 앞,송파구,746
6,가락현대 1차 11동 앞,송파구,428
6,가로공원공영주차장 1번 출구,강서구,1429
6,가리봉동주민센터,구로구,1262
6,가마산지하보도 옆,구로구,610
6,가산동 주민센터,금천구,1557
6,가산디지털단지 9번출구 인근,금천구,2956
6,가산롯데아이티캐슬,금천구,1067
6,가산아네스트 오피스텔 앞,금천구,692
6,가양3동 주민센터,강서구,1520
6,가양레포츠센터 앞,강서구,1386
6,가양역 1번출구,강서구,2797
6,가양역 7번출구,강서구,4191
6,가양역 8번출구,강서구,4340
6,가양오토갤러리,강서구,1032
6,가양테크노타운,강서구,719
6,가오리역,강북구,881
6,가온문화공원,마포구,1408
6,가재울 초등학교,서대문구,1374
6,가재울사거리,서대문구,684
6,가좌삼거리,서대문구,1090
6,가좌역 4번출구 앞,서대문구,1270
6,가좌역1 번출구 앞,마포구,1032
6,가좌행복주택 앞,마포구,1085
6,갈산문화예술센터,양천구,1417
6,갈현1동 주민센터,은평구,468
6,갑을그레이트밸리 앞,금천구,887
6,강남 을지병원 교차로,강남구,269
6,강남경찰서,강남구,1128
6,강남구 도시관리공단,강남구,437
6,강남구청,강남구,452
6,강남구청역 2번출구 뒤,강남구,460
6,강남세브란스교차로  래미안그레이튼 104동 앞,강남구,332
6,강남자곡힐스테이트,강남구,745
6,강남중학교 앞,동작구,1242
6,강남파이낸스센터앞(역삼역2번출구),강남구,448
6,강남한신휴플러스 6단지,강남구,532
6,강남한양수자인아파트,강남구,626
6,강동경찰서,강동구,2883
6,강동경희대학교병원 입구,강동구,456
6,강동구음식물재활용센터,강동구,89
6,강동구청 앞,강동구,2773
6,강동구청역 1번 출입구,강동구,2003
6,강동농협 버스정류소 앞(광채빌라),강동구,976
6,강동롯데캐슬퍼스트 아파트(관리동),강동구,699
6,강동리버스트4단지아파트 404동 앞,강동구,379
6,강동리버스트4단지아파트 405동 앞,강동구,320
6,강동리버스트6단지,강동구,461
6,강동리버스트7단지,강동구,497
6,강동리버스트8단지,강동구,681
6,강동리엔파크 13단지(1303동 앞),강동구,784
6,강동리엔파크14단지(1401동 앞),강동구,762
6,강동리엔파크9단지,강동구,611
6,강동세무서,강동구,3130
6,강동역 1번출구 앞,강동구,1767
6,강동역3번출구,강동구,3294
6,강변그대가리버뷰 입구 맞은편,강동구,1383
6,강변삼성래미안,영등포구,1319
6,강변삼성스위트아파트 앞,용산구,350
6,강변아파트 310동 앞,강서구,1790
6,강변역 4번출구 뒤,광진구,1501
6,강북 청소년 문화정보도서관 앞,강북구,315
6,강북구청 뒷편,강북구,313
6,강북구청 사거리 버스정류소 앞,강북구,1056
6,강북구청사거리,강북구,1433
6,강북구청사거리(수유역 8번출구),강북구,2070
6,강북문화예술회관,강북구,1211
6,강북문화정보도서관,강북구,317
6,강북종합시장 앞,강북구,706
6,강북중학교 앞,강북구,1733
6,강서공업고등학교 앞,강서구,1112
6,강서구립등빛도서관,강서구,4088
6,강서구민올림픽체육센터,강서구,2149
6,강서구보건소,강서구,896
6,강서구의회,강서구,2197
6,강서구청,강서구,2703
6,강서구청사거리(SH타워),강서구,3001
6,강서구청사거리(부민병원),강서구,1239
6,강서대학교,강서구,571
6,강서면허시험장 앞,강서구,349
6,강서문화센터,강서구,327
6,강서세무서 앞,강서구,2860
6,강서수도사업소민원센터,구로구,1649
6,강서수산물도매시장,강서구,711
6,강서아동복지센터,강서구,124
6,강서우체국,강서구,1270
6,강서초등학교,양천구,442
6,강서한강자이타워 앞,강서구,3192
6,강서힐스테이트 상가 앞,강서구,1106
6,강월초교입구 사거리,양천구,635
6,강일 다솜 어린이 공원,강동구,349
6,강일동 리슈빌 빌딩앞,강동구,1362
6,강일동입구교차로,강동구,334
6,강일리버파크 10단지,강동구,726
6,강일리버파크 2~5단지,강동구,644
6,강일리버파크 6단지,강동구,202
6,강일리버파크 7~11단지,강동구,398
6,강일역 3번출구,강동구,763
6,강일역 4번출구,강동구,406
6,"강일중,선사고 버스정류장(신암중학교 방면)",강동구,1086
6,개롱역 3번 출구 뒤,송파구,964
6,개롱역사거리 2번 출구,송파구,1016
6,개봉센트레빌레우스아파트 앞,구로구,196
6,개봉아이파크아파트 앞,구로구,1145
6,개봉역 1번 출구 자전거보관서쪽,구로구,801
6,개봉역2번출구 A,구로구,1769
6,개봉역2번출구 B,구로구,377
6,개봉지구대 개봉치안센터,구로구,763
6,개봉푸르지오아파트 상가,구로구,1731
6,개포1단지아파트 입구 (보도육교),강남구,110
6,개포고등학교 정문앞,강남구,523
6,개포동역 4번출구,강남구,1164
6,개포동역 사거리,강남구,647
6,개포래미안포레스트아파트 107동 앞,강남구,634
6,개포우성6차아파트 정문 앞,강남구,343
6,개화광역환승센터,강서구,252
6,개화산역 2번 출구,강서구,911
6,거여5단지 503동 앞,송파구,524
6,거여동 사거리,송파구,410
6,거여동 어울림아파트  102동앞,송파구,647
6,거여동사거리 송파둘레길 입구,송파구,266
6,거여역 3번출구,송파구,1703
6,거여역 8번출구 뒤,송파구,1597
6,거여초등학교 옆,송파구,543
6,건국대학교 (입학정보관),광진구,1728
6,건국대학교 (행정관),광진구,820
6,건국대학교 과학관(이과대) 앞,광진구,1049
6,건국대학교 정문 앞,광진구,1277
6,건국대학교 학생회관,광진구,3243
6,건대병원후문,광진구,4304
6,건대입구역 5번출구 뒤,광진구,3294
6,건대입구역 사거리(롯데백화점),광진구,5657
6,건영아파트 앞,성동구,1569
6,건영아파트앞 사거리,송파구,1442
6,겸재교 진입부,중랑구,2464
6,겸재정선미술관,강서구,1426
6,경기여자고등학교 후문 (삼성로3길 입구),강남구,928
6,경문고등학교 앞,동작구,762
6,경복궁역 6번출구 뒤,종로구,1949
6,경복궁역 7번출구 앞,종로구,833
6,경서농협 버스정류장(우리은행신정동지점방향),양천구,1075
6,경일중학교 앞,성동구,1765
6,"경찰병원역 1,2번 출구 사이",송파구,666
6,경찰병원역 3번출구 앞,송파구,1227
6,경창시장,양천구,804
6,경희궁 자이 2단지,종로구,981
6,경희궁 자이 3단지,종로구,1016
6,경희대학교 청운관,동대문구,1332
6,계남공원 입구 주출입구 좌측,양천구,44
6,고대앞사거리 교통섬,동대문구,1297
6,고덕 래미안 힐스테이트(101동),강동구,613
6,고덕 래미안힐스테이트(201동),강동구,228
6,고덕동 래미안 힐스테이트,강동구,395
6,고덕동 아남아파트,강동구,1036
6,고덕동 주양쇼핑,강동구,1208
6,고덕센트럴 아이파크상가 앞,강동구,671
6,고덕숲 아이파크 1,강동구,232
6,고덕숲 아이파크 2,강동구,261
6,고덕역 4번출구,강동구,1563
6,고덕역 5번출구,강동구,1324
6,고덕자이(105동 앞),강동구,1031
6,고덕중학교 후문,강동구,385
6,고덕초등학교,강동구,163
6,고려대학교 2번출구,성북구,1824
6,고려사대부속중고 건너편,성북구,297
6,고려사대부속중고 정문,성북구,278
6,고속터미널역 3번출구,서초구,568
6,고속터미널역 5번출구 앞,서초구,685
6,"고속터미널역 8-1번, 8-2번 출구 사이",서초구,3494
6,고척LIGA아파트 앞,구로구,1828
6,고척교 교차로,구로구,619
6,고척근린공원 고척도서관 앞,구로구,1210
6,고척스카이돔구장 광장,구로구,1217
6,고척아이파크아파트 106동 앞,구로구,1130
6,고척아이파크아파트 205동 앞,구로구,1169
6,고투몰 gate 15옆,서초구,723
6,곰달래 문화복지센터 A,강서구,1395
6,곰달래 문화복지센터 B,강서구,423
6,공덕역 2번출구,마포구,903
6,공덕역 5번출구,마포구,1151
6,공덕역 8번출구,마포구,2379
6,공덕역 경의선숲길 커뮤니티센터,마포구,710
6,공릉1단지아파트,노원구,2245
6,공릉동 신도1차 아파트 뒤,노원구,1026
6,공릉동풍림아파트 101동,노원구,1205
6,공릉로 26길,노원구,1019
6,공릉산 백세문 입구,노원구,195
6,공릉역 1번 출구 앞,노원구,2834
6,공릉역3번출구,노원구,1851
6,공릉풍림아파트 108동,노원구,932
6,공무원연금매점 교차로 (개포주공9단지 입구),강남구,906
6,공항시장역 2번출구 뒤,강서구,1249
6,공항시장역 4번출구,강서구,809
6,공항중학교 버스정류장,강서구,583
6,공항중학교앞,강서구,1418
6,공항초등학교건너편,강서구,2362
6,과기대 입구(우),노원구,2177
6,관문주유소(GS칼택스) 앞,강서구,1210
6,관악 GSfresh,관악구,816
6,관악구민체육센터,관악구,428
6,관악구시설관리공단,관악구,1399
6,관악구청교차로,관악구,553
6,관악우체국,관악구,1915
6,관악우체국 교차로,관악구,394
6,광교사거리 남측,중구,900
6,광나루안전체험관,광진구,1351
6,광나루역 3번 출구,광진구,1802
6,광남중학교,광진구,1098
6,광문고교사거리(아이파크),강동구,741
6,광산사거리,강북구,1336
6,광양중학교 앞,광진구,567
6,광운대역 앞,노원구,1492
6,광운대학교 중앙도서관,노원구,1657
6,광운초등학교 앞,성북구,648
6,광일빌딩,관악구,963
6,광진 캠퍼스시티,광진구,2097
6,광진경찰서,광진구,2597
6,광진광장,광진구,1801
6,광진광장 교통섬,광진구,2783
6,광진교 남단 사거리(천호공원 방면),강동구,1451
6,광진구 민방위교육센터,광진구,1141
6,광진메디칼 앞,광진구,1420
6,광진문화예술회관 앞,광진구,1822
6,광진소방서 앞,광진구,1143
6,광진유진스웰,광진구,162
6,광진정보도서관,광진구,1116
6,광진청소년수련관,광진구,1591
6,광평교사거리 인근,송파구,47
6,광화문 S타워 앞,종로구,2354
6,광화문 시민열린마당,종로구,1080
6,광화문 풍림스페이스본 1단지앞,종로구,824
6,광화문역 1번출구 앞,종로구,2381
6,광화문역 5번출구,종로구,2705
6,광화문역 6번출구 옆 A,종로구,801
6,광화문역 6번출구 옆 B,종로구,639
6,광흥창역 2번출구 앞,마포구,566
6,광흥창역5번출구,마포구,565
6,광희문,중구,944
6,교대역 5번출구뒤,서초구,1227
6,교대역 6번출구,서초구,739
6,교대입구 교차로,서초구,415
6,교보생명보험 앞,영등포구,1231
6,교보타워 버스정류장(신논현역 3번출구 후면),강남구,741
6,구 서부경찰서 건너편,은평구,731
6,구기치안센터 앞,종로구,151
6,구로1동우체국 앞,구로구,333
6,구로거리공원 동측(신도림역 방면),구로구,1175
6,구로공구상가 앞,구로구,224
6,구로교 아래,동작구,1608
6,구로구배드민턴실내체육관 앞,구로구,707
6,구로구의회 앞,구로구,1525
6,구로구청,구로구,1573
6,구로도서관,구로구,3401
6,구로동롯데아파트,구로구,928
6,구로디지털단지역 앞,구로구,6746
6,구로리공원,구로구,1365
6,구로역 광장,구로구,2178
6,구로역·NC신구로점 버스정류장(구로역 방면),구로구,1563
6,구로월드아파트 앞,구로구,1075
6,구로자원순환센터,구로구,145
6,구로중학교앞,구로구,575
6,구룡근린공원,마포구,334
6,구룡마을 입구 (래미안블레스티지 아파트),강남구,262
6,구룡사 삼거리,서초구,243
6,구룡사 앞 교차로 (보도육교),강남구,59
6,구룡산 입구 (구룡산 서울둘레길 입구),강남구,132
6,구룡역 1번 출구,강남구,259
6,구룡역 4번 출구,강남구,133
6,구룡역 5번 출구,강남구,260
6,구룡초사거리 (현대아파트10동 앞 ),강남구,348
6,구룡터널 입구(개포1단지아파트),강남구,13
6,구립양천어르신요양센터,양천구,116
6,구산역 2번 출구 예일여고 버스정류장,은평구,1287
6,구산역 4번출구,은평구,1244
6,구암초등학교 버스정류장,관악구,207
6,구역삼세무서 교차로,강남구,749
6,구의3동주민센터,광진구,523
6,구의7단지현대아파트,광진구,248
6,구의공원(테크노마트 앞),광진구,1747
6,구의문주차장 앞,광진구,1884
6,구의삼성쉐르빌 앞,광진구,2506
6,구의아리수정수센터앞,광진구,725
6,구의역 리버비스타 오피스텔,광진구,2847
6,구일고등학교 정문,구로구,1681
6,구일역 1번 출입구 앞,구로구,2538
6,구일우성(아) 육교 밑,구로구,1448
6,구파발10단지 인근,은평구,268
6,구파발역 2번출구,은평구,2171
6,구파발역 환승센터,은평구,641
6,국군복지단,용산구,271
6,국립국악원 앞,서초구,256
6,"국립국악중,고교 정문 맞은편",강남구,761
6,국립어린이과학관,종로구,526
6,국립중앙도서관(국제회의장옆),서초구,313
6,국립중앙박물관 -용산가족공원 앞,용산구,322
6,국립중앙박물관 정문 앞,용산구,137
6,국립항공박물관,강서구,509
6,국립현대미술관,종로구,956
6,국민연금공단충정로사옥,서대문구,208
6,국민은행 연서지점,은평구,737
6,국민은행 종암동지점 앞,성북구,2395
6,국민일보 앞,영등포구,3505
6,국악고교 앞 교차로,강남구,319
6,국제 스케이트장,노원구,232
6,국제루터교회 앞,용산구,136
6,국제빌딩,중구,428
6,국회2문,영등포구,165
6,국회3문,영등포구,226
6,국회6문,영등포구,239
6,국회도서관,영등포구,515
6,국회소통관,영등포구,423
6,국회의사당 본관,영등포구,455
6,국회의사당역 3번출구 옆,영등포구,1811
6,국회의사당역 5번출구 옆,영등포구,1110
6,국회의원회관,영등포구,139
6,국회제2의원회관,영등포구,437
6,군자교 서측 녹지대,동대문구,1777
6,군자교교차로,광진구,1510
6,군자역 7번출구 베스트샵 앞,광진구,1911
6,군자역 7번출구뒤,광진구,3849
6,군자역 비채온 오피스텔,광진구,1892
6,군자역2번출구,광진구,1984
6,군자역4번출구,광진구,1348
6,군자지하보도 앞,성동구,1244
6,굽은다리역,강동구,3812
6,궁동생태공원,구로구,220
6,그랜드아이파크아파트 앞,강서구,4797
6,그랜드컨벤션센터 앞,영등포구,2343
6,그룹한빌딩옆,서초구,189
6,극동늘푸른아파트,중랑구,1591
6,극동방송국 앞,마포구,1062
6,극동스포츠 앞,강남구,375
6,극동아파트,송파구,840
6,극동의 푸른별 아파트 뒤(중계4동주민센터 앞),노원구,785
6,근로자회관 사거리,영등포구,3357
6,금강수목원아파트 앞,구로구,568
6,금남시장 교차로,성동구,455
6,금란주차장 앞,중랑구,967
6,금암 문화공원,은평구,167
6,금옥여고보도육교,양천구,767
6,금원빌딩 앞,강남구,479
6,금융감독원 앞,영등포구,1565
6,금천구립 독산도서관,금천구,209
6,금천구청 앞 자전거거치대,금천구,297
6,금천구청앞(M빌딩),금천구,350
6,금천구청역 1번 출구,금천구,778
6,금천폭포공원 앞,금천구,200
6,금천현대홈타운 후문 서부샛길,금천구,673
6,금호 어울림 아파트 앞,성동구,738
6,금호나들목,성동구,1210
6,금호사거리,성동구,318
6,금호스포츠센터앞,성동구,665
6,금호어울림센터힐 내,성북구,241
6,금호역 1번출구 앞,성동구,275
6,금호역 3번출구,성동구,203
6,기쁜우리복지관,강서구,2241
6,기아자동차 사당점 앞,동작구,1133
6,기자촌 사거리 A,은평구,122
6,기자촌사거리 B,은평구,220
6,길동 동호빌딩,강동구,460
6,길동 마루빌딩,강동구,3956
6,길동 사거리(초소앞),강동구,1662
6,길마중4교 하부,서초구,886
6,길성그랑프리텔아파트,강서구,2871
6,길음8골어린이공원 옆,성북구,741
6,길음뉴타운 래미안9단지,성북구,628
6,길음뉴타운푸르지오아파트 3단지,성북구,122
6,길음래미안아파트817동 상가 앞,성북구,439
6,길음문화복합미디어센터,성북구,396
6,길음역 3번출구 뒤,성북구,1251
6,김근태도서관,도봉구,272
6,김포공항사거리,강서구,465
6,김포공항입구 교차로,강서구,1939
6,김포공항입구 교통섬,강서구,487
6,까치산역 3번 출구,강서구,1690
6,꿈의숲 SK뷰 아파트,노원구,1388
6,꿈의숲 롯데캐슬,강북구,402
6,나들목공원,관악구,563
6,나루마당,광진구,204
6,나이아가라관광호텔,강서구,719
6,낙성대 과학전시관,관악구,294
6,낙성대 교수아파트,관악구,147
6,낙성대공원,관악구,208
6,낙성대로 입구,관악구,483
6,낙성대역 1번출구,관악구,514
6,낙성대역 3번출구 뒤,관악구,650
6,낙성대역 5번출구,관악구,482
6,낙성대입구삼거리,관악구,438
6,낙원교회 맞은편,구로구,427
6,낙원상가 옆,종로구,1243
6,난곡사거리,관악구,1438
6,난곡종점,관악구,459
6,난우길입구,관악구,687
6,남가좌동 제2공영주차장,서대문구,189
6,남구로역 5번 출입구 앞,구로구,485
6,남부고용노동지청 남측,영등포구,1673
6,남부법원검찰청 교차로,양천구,2779
6,남부순환로 205,강서구,630
6,남부터미널역 1번출구,서초구,442
6,남산공원 야외식물원 앞,용산구,74
6,남산도서관 앞,용산구,621
6,남산타운아파트 버스정류장,중구,276
6,남서울중학교,관악구,1107
6,남성역3번출구 뒤,동작구,1194
6,남영역 건너편,용산구,1239
6,남위례1,송파구,573
6,남태령역 2번출구,서초구,73
6,내곡3단지 어린이공원 앞,서초구,505
6,내곡도서관,서초구,189
6,내곡파출소 뒤 정자,서초구,157
6,내방역 8번출구 앞,서초구,755
6,넥센 유니버시티 앞,강서구,1880
6,"노들섬 다목적홀(동쪽) 숲, 앞",용산구,481
6,노들섬 동측 앞,용산구,299
6,노들섬 서측 앞,용산구,2894
6,노들역 1번출구,동작구,3443
6,노들역 3번출구,동작구,1015
6,노량진1동 청소년독서실,동작구,354
6,노량진근린공원,동작구,309
6,노량진근린공원 대방공원,동작구,668
6,노량진역 2번 출구 앞,동작구,1511
6,노량진역 5번출구,동작구,2967
6,노보텔 앰배서더 앞,강남구,188
6,노원 마들스타디움,노원구,973
6,노원 을지대학교 병원,노원구,1891
6,노원경찰서교차로,노원구,1642
6,노원구청,노원구,1690
6,노원문화예술회관,노원구,1897
6,노원성당 앞,노원구,433
6,노원소방서인근,노원구,834
6,노원역1번출구,노원구,4550
6,노원역7번출구,노원구,2544
6,노원정보도서관,노원구,1461
6,노일초등학교 앞,노원구,846
6,노해근린공원내,노원구,431
6,녹번 힐스테이트상가앞,은평구,287
6,녹번역 3번출구,은평구,1197
6,녹번역1번출구앞,은평구,506
6,녹번역e편한세상 캐슬 정문 앞,은평구,1128
6,녹번초등학교(서오릉로),은평구,710
6,녹사평역1번출구,용산구,571
6,녹사평역3번 출구,용산구,307
6,녹천교 앞 사거리,도봉구,869
6,녹천역 1번출구 앞,도봉구,628
6,녹천역 4번 출구 옆,노원구,459
6,논골사거리(금호도서관 입구),성동구,204
6,논현동 광명빌딩 앞,강남구,317
6,논현동가구거리,강남구,206
6,논현역 10번출구,강남구,977
6,농수산식품공사 (강서지사),강서구,188
6,농협생명본사빌딩 서관,서대문구,465
6,누리꿈스퀘어 옆,마포구,1621
6,뉴코아 킴스클럽 앞,서초구,1166
6,늘푸른공원 앞,중랑구,782
6,능골근린공원,강동구,617
6,능산삼거리,중랑구,359
6,능안마을입구,서초구,51
6,다락원체육공원 전망대 입구,도봉구,462
6,다성이즈빌아파트(호원대 대각선 맞은편),강동구,3812
6,달맞이공원,성동구,83
6,답십리 래미안엘파인아파트 입구,동대문구,619
6,답십리역 1번출구,동대문구,3613
6,답십리역 8번출구 앞,성동구,998
6,답십리파크자이아파트 앞,동대문구,2210
6,당고개공원 대여소,노원구,451
6,당고개입구 오거리,노원구,653
6,당고개입구오거리 당현천변,노원구,1233
6,당곡사거리,관악구,2999
6,당산skv1센터,영등포구,1382
6,당산롯데캐슬프레스티지,영등포구,2625
6,당산삼성2차아파트,영등포구,2681
6,당산역 10번출구 앞,영등포구,5137
6,당산역11번출구,영등포구,2926
6,당산육갑문,영등포구,5451
6,당인리발전소 공원 앞,마포구,1090
6,당현천근린공원,노원구,1657
6,대광고등학교,동대문구,941
6,대광빌딩,동대문구,621
6,대륜E&S 서울지사 앞,노원구,615
6,대륭테크노타운 18차,금천구,683
6,대륭테크노타운21차 앞,금천구,850
6,대륭포스트타워1차,구로구,1603
6,대륭포스트타워5차,금천구,425
6,대륭포스트타워6차 앞,금천구,4538
6,대림3동사거리,영등포구,1125
6,대림경동아파트앞,강서구,255
6,대림동 e편한세상영등포아델포레,영등포구,2082
6,대림동현대2차 201동 앞,영등포구,214
6,대림사거리(동작상떼빌아파트),동작구,1028
6,대림성원상떼빌아파트,영등포구,1620
6,대림신동아아파트 앞,영등포구,933
6,대림아크로리버 앞,광진구,829
6,대림아파트 사거리,영등포구,717
6,대림아파트 후문 상가 옆,동작구,277
6,대림역 1번 출입구 밑,구로구,1228
6,대림역4번출구,구로구,2554
6,대림우성2차아파트,영등포구,521
6,대림우성아파트 사거리,영등포구,459
6,대명초교입구 사거리,강동구,1292
6,대모산입구역 2번출구 앞,강남구,458
6,대모산입구역 4번 출구 앞,강남구,1426
6,대모산입구역 7번 출구 앞,강남구,373
6,대방역2번출구,동작구,1186
6,대방역6번출구,영등포구,2937
6,대방지하보도(대방동경남아너스빌아파트),동작구,1635
6,대상연구소,강서구,590
6,대성유니드아파트,양천구,1027
6,대신파이낸스센터,중구,949
6,대영중고 후문,영등포구,1163
6,대원빌딩,강서구,2064
6,대원중고교 입구(대하빌딩),광진구,550
6,대진고등학교,노원구,1678
6,대청역,강남구,812
6,대청역 1번출구  뒤,강남구,1362
6,대치동 삼성로,강남구,373
6,대치삼성아파트 앞 교차로,강남구,883
6,대치역 7번출구,강남구,1214
6,대치역 사거리,강남구,1121
6,대학동 고시촌,관악구,774
6,대학동주민센터,관악구,911
6,대학로 마로니에공원,종로구,2394
6,대한무역투자진흥공사 KOTRA 앞,서초구,748
6,대한상공회의소,중구,1521
6,대한항공 인력개발센터,강서구,1248
6,대현그린타워,강남구,152
6,대흥역 1번출구,마포구,817
6,더라움,강남구,240
6,더리브골드타워,강서구,870
6,더리브오피스텔 앞,영등포구,1676
6,더스페이스타워 앞,성동구,1722
6,더시그넘하우스 앞,강남구,647
6,더케이호텔 입구(양재2),서초구,920
6,도곡1동 주민센터 교차로,강남구,599
6,도곡동 경남아파트 건너편,강남구,281
6,도곡동 골프 로데오거리,강남구,450
6,도곡역 1번 출구,강남구,927
6,도곡역 대치지구대 방향,강남구,640
6,도곡역 아카데미스위트 앞,강남구,1319
6,도깨비시장,노원구,1873
6,도동삼거리,중구,78
6,도림고가도로 밑,영등포구,1024
6,도림동배드민턴체육관,영등포구,1086
6,도림사거리,영등포구,1852
6,도림신협 앞,영등포구,1365
6,도림천 건널목 위,영등포구,1284
6,도림천 신화교,관악구,2289
6,도림천역 1번 출구 앞,구로구,2111
6,도봉경찰서 교차로,도봉구,1090
6,도봉고등학교 맞은편,도봉구,187
6,도봉구민회관,도봉구,1265
6,도봉구육아종합지원센터(창동),도봉구,691
6,도봉구청 옆(중랑천변),도봉구,1587
6,도봉구청 정문앞,도봉구,1172
6,도봉동실내스포츠센터,도봉구,651
6,도봉로 534,도봉구,402
6,도봉문화정보도서관 삼거리,도봉구,194
6,도봉보건소사거리,도봉구,1339
6,도봉산광역환승센터앞,도봉구,290
6,도봉산역 교차로 앞,도봉구,241
6,도봉세무서 앞,강북구,806
6,도봉소방서 옆,도봉구,1856
6,도봉아이나라도서관 앞,도봉구,1171
6,도봉여성센터,도봉구,295
6,"도봉역 1,2번 출구사이 건너편",도봉구,880
6,도봉운전면허시험장 버스정류장 옆,노원구,1692
6,도봉제1교,도봉구,1620
6,도봉통합복지센터 뒤 중랑천 변,도봉구,1675
6,도봉한신아파트 버스정류장,도봉구,909
6,도봉한신아파트 주변,도봉구,775
6,도산공원교차로,강남구,452
6,도선동 주민센터 앞,성동구,1470
6,도심공항타워 앞,강남구,833
6,도원맨션,관악구,559
6,독립문 앞,서대문구,609
6,독립문역 3-1번출구,종로구,1435
6,독립문역 사거리,종로구,915
6,독바위역,은평구,628
6,독산2동주민센터 앞,금천구,240
6,독산3동주민센터 앞,금천구,625
6,독산고등학교,금천구,439
6,독산근린공원 입구,금천구,1824
6,독산동 한양수자인아파트 앞,금천구,774
6,독산동 현대홈타운 금천과선교 앞,금천구,534
6,독산보도육교 앞 자전거 보관소,금천구,1745
6,독산역 1번출구 A,금천구,874
6,독산역 2번출구 자전거주차장,금천구,1546
6,독산역 롯데캐슬 104동 앞,금천구,563
6,독산역1번출구 B,금천구,2300
6,독산주공 14단지 버스정류소,금천구,190
6,돈암삼성풍림아파트,성북구,188
6,돈암성당 옆,성북구,1757
6,돈암육교 하단,성북구,241
6,돈암초교 입구,성북구,664
6,돈암초교입구 버스정류장(한성대입구역 방면),성북구,627
6,돈의문 박물관 마을,종로구,403
6,돌곶이역 앞,성북구,1705
6,동대문 종합시장 버스정류장,종로구,694
6,동대문경찰서 교차로,동대문구,1066
6,동대문구 보건소,동대문구,2163
6,동대문구민체육센터 (육교아래),동대문구,1899
6,동대문디자인플라자,중구,1951
6,동대문롯데캐슬아파트 앞,동대문구,1587
6,동대문역 8번 출구,종로구,2382
6,동대문역6번출구,종로구,1725
6,동대문역사문화공원역 1번출구 뒤편,중구,2417
6,동대문역사문화공원역 5번출구,중구,960
6,동대문역사문화공원역 9번출구 앞,중구,597
6,동대문중 교차로,동대문구,1129
6,동대입구역 3번 출구,중구,426
6,동대입구역 6번출구 뒤,중구,481
6,동명근린공원 진입로 (아리수로),강동구,373
6,동묘앞역 1번출구 뒤,종로구,3403
6,동묘앞역 6번출구,종로구,2032
6,동문굿모닝탑,양천구,2974
6,동방1교,관악구,3715
6,동부센트레빌 앞,도봉구,1015
6,동부시장 북문 앞,중랑구,1959
6,동빙고근린공원,용산구,661
6,동산어린이공원 앞,성북구,974
6,동서울농협 앞,중랑구,1451
6,동서울우편집중국 앞,광진구,858
6,동선고가차도 초입,성북구,475
6,동선아파트 앞,구로구,203
6,"동성1,2차 아파트 앞",중랑구,1264
6,동성중학교 앞,종로구,483
6,동신병원 맞은편,서대문구,967
6,동신아파트 104동 앞,강서구,877
6,동신아파트 후문 옆,노원구,3595
6,동아1차APT105동 버스정류장(신도림중학교 방면),구로구,1200
6,동아에코빌입구,영등포구,1096
6,동양미래대학교 정문 옆,구로구,3918
6,동양쇼핑 정류소 앞,중랑구,1544
6,동양엔파트 앞,중랑구,1163
6,동영문화센터앞,강남구,424
6,동원베네스트 건너편,용산구,131
6,동원베네스트 건물 앞,중랑구,415
6,동원사거리,중랑구,532
6,동원사거리 행복오피스텔 앞,중랑구,555
6,동의보감타워,동대문구,1863
6,동인오피스텔 건너편 소공원,구로구,385
6,동일로 지하차도,중랑구,1506
6,동일로58길 입구,광진구,550
6,동작경찰서,동작구,2305
6,동작구민 체육센터,동작구,1181
6,동작역 5번출구 동작주차공원,동작구,659
6,동작역 7번출구,동작구,228
6,동해문화예술관앞,노원구,2769
6,두산건설 본사,강남구,144
6,두산대림아파트 삼거리,중랑구,765
6,두산위브아파트,영등포구,585
6,두산위브아파트 옆 상가건물 앞,금천구,1150
6,두상빌딩 앞,서초구,1395
6,둔촌 주공 GS 맞은편,강동구,639
6,둔촌고교입구 교차로(길동주민센터 방면),강동구,1682
6,둔촌동역교차로,강동구,1984
6,둔촌사거리,강동구,2818
6,둔촌신성미소지움아파트,강동구,871
6,둔촌역 2번출구,강동구,676
6,둔촌역 3번 출입구,강동구,3874
6,둔촌오륜역 1번 출구,강동구,699
6,둔촌오륜역 2번출구,송파구,422
6,둔촌푸르지오아파트,강동구,1897
6,뒷벌공원 옆,서초구,1050
6,드래곤타워 앞,강북구,808
6,등나무 근린공원(시립북서울미술관 앞),노원구,3048
6,등촌1-10단지 교차로,강서구,4595
6,등촌2동주민센터,강서구,535
6,등촌2파출소,강서구,858
6,등촌5단지아파트 버스정류장,강서구,3396
6,등촌9단지,강서구,1283
6,등촌서광아파트,강서구,3339
6,등촌역 1번출구,강서구,1472
6,등촌역 4번 출구,양천구,947
6,등촌역 5번 출구 뒤,양천구,934
6,등촌역 7번출구,강서구,1952
6,등촌역 센터스퀘어,강서구,1147
6,등촌태영아파트,강서구,1047
6,디지털매직스페이스,마포구,1736
6,디지털미디어 시티역 4번출구(DMC역),은평구,618
6,디지털입구 교차로,구로구,2354
6,디폴리스 지식산업센터,금천구,772
6,뚝도아리수정수센터 버스정류소 옆,성동구,1030
6,뚝섬 유원지역,광진구,1943
6,뚝섬역 1번 출구 옆,성동구,2124
6,뚝섬역 5번 출구 정류소 옆,성동구,1199
6,뚝섬역 6번출구,성동구,1792
6,라이품 공영주차장 앞,강서구,984
6,라인프랜즈이태원점 앞,용산구,172
6,라코지스테이 앞,중랑구,459
6,래미안 강동팰리스(102동),강동구,1315
6,래미안 구의파크 스위트,광진구,2444
6,래미안 루센티아 아파트 108동 앞,서대문구,1055
6,래미안 솔베뉴(고덕로),강동구,1124
6,래미안 솔베뉴(구천면로),강동구,642
6,래미안강남힐즈 사거리,강남구,892
6,래미안그레이튼102동앞,강남구,179
6,래미안금호하이리버 아파트 102동 옆,성동구,267
6,래미안라센트아파트 103동 앞,성북구,996
6,래미안신공덕3차아파트,마포구,67
6,래미안에스티움 앞 (신풍로),영등포구,1164
6,래미안월곡아파트 입구,성북구,905
6,래미안장위퍼스트하이(513동),성북구,1096
6,래미안장위포레카운티(102동),성북구,872
6,래미안허브리츠아파트 앞,동대문구,606
6,레베쌍트 빌딩 앞,강남구,387
6,레이크펠리스101동앞,송파구,2951
6,로고스교회 맞은 편,서초구,528
6,로제우스 레포츠센터,종로구,247
6,롯데 R&D 센터,강서구,532
6,롯데리아 개포점앞,강남구,467
6,롯데시티호텔,중구,345
6,롯데월드타워(잠실역2번출구 쪽),송파구,7415
6,롯데중앙연구소,강서구,379
6,롯데캐슬 101동 앞,동작구,234
6,롯데캐슬 115동앞,강동구,254
6,롯데캐슬 앞,영등포구,1901
6,롯데캐슬2차 마을버스 정류장(18804) 뒤편,금천구,462
6,롯데캐슬골드파크1차 동문,금천구,931
6,롯데캐슬골드파크1차 서문,금천구,649
6,롯데캐슬골드파크3차 301동 앞,금천구,900
6,롯데캐슬엠파이어 옆,영등포구,2279
6,롯데캐슬클라시아 입구 앞,성북구,194
6,롯데하이마트 (상암월드컵점),마포구,409
6,롯데호텔,중구,497
6,르네상스 호텔 사거리 역삼지하보도 7번출구 앞,강남구,609
6,르네상스호텔사거리 역삼지하보도 2번출구,강남구,357
6,르네상스호텔사거리 역삼지하보도 3번출구 앞 (더 오번 빌딩 명동칼국수 앞),강남구,341
6,르노삼성자동차 성수사업소 앞,성동구,798
6,리버뷰신안인스빌1차 후문,영등포구,1353
6,리버뷰신안인스빌2차 후문,영등포구,1494
6,리센츠아파트,송파구,1617
6,리싸이클시티,강동구,142
6,리엔파크 2단지 앞,강남구,397
6,마곡 MICE 복합단지,강서구,2017
6,마곡 공공청사,강서구,1794
6,마곡 엠밸리2단지,강서구,1617
6,마곡 필네이처,강서구,3115
6,마곡13단지,강서구,2680
6,마곡13단지 정문 앞,강서구,3281
6,마곡13단지힐스테이트마스터 후문(1320동 앞),강서구,2499
6,마곡14단지 1408동앞,강서구,1686
6,마곡9단지 907동앞,강서구,1256
6,마곡9단지 910동 상가앞,강서구,1421
6,마곡금호어울림아파트,강서구,1206
6,마곡나루역 2번 출구,강서구,12139
6,마곡나루역 3번 출구,강서구,7689
6,마곡나루역 5번출구 뒤편,강서구,7816
6,마곡레포츠센터,강서구,1777
6,마곡메가박스 앞,강서구,2404
6,마곡문화공원,강서구,3677
6,마곡센트럴타워 1차,강서구,2903
6,마곡수명산 1-2단지,강서구,1642
6,마곡수명산파크 209동 건너편,강서구,1988
6,마곡수명산파크1단지,강서구,1901
6,마곡수명산파크3단지 교차로,강서구,3288
6,마곡수명산파크5-6단지,강서구,1543
6,마곡수명산파크7단지 710동 앞,강서구,624
6,마곡엠밸리 15단지(1502동) 건너편,강서구,2522
6,마곡엠밸리10단지 앞,강서구,1295
6,"마곡엠밸리14단지 버스정류장(마곡엠밸리11,12단지상가방면)",강서구,2757
6,마곡엠밸리4단지 정문,강서구,3786
6,마곡엠밸리6_7단지 마곡중학교,강서구,2279
6,마곡역 7번출구,강서구,4508
6,마곡역 교차로(2번출구),강서구,1959
6,"마곡역 버스정류장(마곡나루역1번출구, 웰튼병원 방면)",강서구,3187
6,마곡역1번출구,강서구,2439
6,"마곡역4,5번출구",강서구,867
6,마곡역4번출구,강서구,1226
6,마곡역5번출구앞,강서구,1255
6,마곡역교차로,강서구,3977
6,마곡중학교 후문,강서구,1097
6,마곡힐스테이트 정문,강서구,1378
6,마들역 3번출구,노원구,1522
6,마들역 7번출구,노원구,1574
6,마스타 빌딩 앞,서대문구,697
6,마장동 금호어울림APT앞,성동구,583
6,마장동 주민센터,성동구,809
6,마장역 4번출구,성동구,1028
6,마장역3번출구,성동구,638
6,마천금호어울림 1차 102동앞,송파구,256
6,마천금호어울림 1차아파트 건너편,송파구,299
6,마천동 성내천 쉼터,송파구,1028
6,마천사거리,송파구,818
6,마천사거리 2,송파구,331
6,마천사거리3,송파구,213
6,마천역 1번 출구 인근②,송파구,635
6,마천중앙시장,송파구,667
6,마천청소년센터,송파구,247
6,마포 신수공원 앞,마포구,771
6,마포구 육아종합지원센터,마포구,713
6,마포구중앙도서관 정문 앞,마포구,2081
6,마포구청 앞,마포구,1963
6,마포구청 청사내,마포구,277
6,마포구청역,마포구,2534
6,마포소방서 앞,마포구,655
6,마포아트센터 앞,마포구,952
6,마포역 2번출구 뒤,마포구,2836
6,마포역 4번출구 뒤,마포구,2811
6,마포중앙도서관,마포구,230
6,마포프레스티지자이 1,마포구,810
6,만해공원,성북구,236
6,말미사거리,금천구,589
6,말우물 어린이 공원,강동구,313
6,말죽거리공원 사거리,서초구,1224
6,망우동 본죽 앞,중랑구,872
6,망우역 1번출구,중랑구,772
6,망우역 2번 출구,중랑구,1494
6,망우지구대,중랑구,1703
6,망원2빗물펌프장 앞,마포구,975
6,망원역 1번출구 앞,마포구,2942
6,망원역 2번출구 앞,마포구,2741
6,망원우체국사거리 인근,마포구,2480
6,망원정 앞,마포구,622
6,망원초록길 입구,마포구,1074
6,매봉역 1번출구,강남구,593
6,매헌역 2번출구앞광역버스 정류장앞(22-297),서초구,936
6,맥도날드 서울둔촌DT점 앞,강동구,2506
6,맥스타일 앞,중구,457
6,먹골역 1번출구 뒤,중랑구,1495
6,먹골역 4번출구,중랑구,900
6,먹골역 6번출구 앞,중랑구,911
6,먹골역 7번 출구,중랑구,821
6,메뚜기다리,은평구,123
6,메이필드호텔앞,강서구,960
6,멤피스아파트 앞,서초구,940
6,면목 대원칸타빌아파트,중랑구,319
6,면목 홈플러스 2,중랑구,385
6,면목2동 사거리,중랑구,1364
6,면목4치안센터,중랑구,1004
6,면목도시개발아파트 1동 앞,중랑구,413
6,면목동 새싹어린이공원 앞,중랑구,1218
6,면목라온프라이빗 아파트,중랑구,535
6,면목삼익아파트 앞,중랑구,274
6,면목역 3번출구,중랑구,2352
6,명덕고교,강서구,1260
6,명덕고교입구(영종빌딩),강서구,2073
6,명동성당 앞,중구,453
6,명동역9번 출구,중구,999
6,명물길 원형무대 앞,서대문구,679
6,명보사거리,중구,498
6,명일근린공원공동체텃밭,강동구,273
6,명일동신동아아파트 앞,강동구,412
6,명일역 3번출구 옆,강동구,1688
6,명일초등학교 옆,강동구,307
6,명일파출소,강동구,577
6,명지대학교 도서관,서대문구,1864
6,명지전문대학교 정문 앞,서대문구,513
6,모두의학교,금천구,799
6,모래내고가차도,서대문구,663
6,목4동주민센터 옆,양천구,2131
6,목동11단지 아파트,양천구,1248
6,목동12단지 아파트,양천구,2370
6,목동13_14단지 사거리,양천구,858
6,목동1단지아파트 118동 앞,양천구,1885
6,목동1단지아파트 상가 앞,양천구,3103
6,목동2단지 상가,양천구,4059
6,목동3단지 상가,양천구,1937
6,목동3단지 시내버스정류장,양천구,3447
6,목동5단지아파트 501동,양천구,2221
6,목동5단지아파트 534동,양천구,2615
6,목동7단지아파트 A상가,양천구,657
6,목동사거리 버스정류장,강서구,1993
6,목동사거리 부근,양천구,2076
6,목동성당 앞,양천구,2452
6,목동신시가지아파트6단지,양천구,2140
6,목동아파트 1422동 1434동 사잇길,양천구,3286
6,목동아파트 14단지 B상가 앞,양천구,1872
6,목동아파트 613동 앞,양천구,2639
6,목동아파트 703동 앞,양천구,2262
6,목동아파트 8단지 상가동 앞,양천구,2168
6,목동아파트2단지 222동 앞,양천구,1182
6,목동역 3번 출구,양천구,4175
6,목동역5번출구,양천구,4559
6,목동운동장,양천구,538
6,목동운동장 주경기장,양천구,216
6,목동주차장,양천구,1380
6,목동트라팰리스 웨스턴에비뉴,양천구,4724
6,목동현대아파트 후문 앞,양천구,1413
6,목련아파트,노원구,927
6,목마공원,양천구,548
6,목양전원교회 앞 로터리,구로구,345
6,목월공원 앞,용산구,881
6,몽마르뜨공원입구,서초구,197
6,몽촌토성역 1번출구 옆,송파구,1773
6,몽촌토성역 3번 출구,송파구,4588
6,묘곡초등학교,강동구,536
6,무악재역 4번 출구,서대문구,235
6,무악재역1번 출구,서대문구,252
6,묵동 이마트 앞,중랑구,1419
6,문래동 주민센터,영등포구,1442
6,문래동 하이테크 시티,영등포구,2344
6,문래동롯데캐슬아파트,영등포구,3495
6,문래동자이아파트 앞,영등포구,2945
6,문래역 4번출구 앞,영등포구,3277
6,문래현대2차,영등포구,1842
6,문배어린이공원 앞,용산구,1037
6,문소빌딩,강서구,718
6,문정 법조단지10,송파구,1626
6,문정 법조단지11,송파구,901
6,문정 법조단지3,송파구,463
6,문정 법조단지4,송파구,729
6,문정 법조단지5,송파구,546
6,문정 법조단지6,송파구,178
6,문정 법조단지7,송파구,2009
6,문정 법조단지8,송파구,2568
6,문정 법조단지9,송파구,1451
6,문정2동 주민센터,송파구,127
6,문정근린공원2,송파구,1079
6,문정동 근린공원,송파구,1010
6,문정동 글샘 공원,송파구,714
6,문정법조단지12,송파구,1789
6,문정시영아파트 5동 앞 공원,송파구,796
6,문정역 1번출구,송파구,2390
6,문정중교 사거리,송파구,992
6,문정중학교,송파구,162
6,문정현대아파트 교차로,송파구,687
6,"문현중,고등학교 사이",송파구,198
6,문화비축기지,마포구,237
6,문화촌 공원,서대문구,1674
6,물넘이교,노원구,2300
6,미래사랑어린이공원 앞,구로구,3118
6,미림여고입구 교차로,관악구,131
6,미성동 신림체육센터,관악구,1354
6,미성아파트 A동 앞,영등포구,1366
6,미아동 복합청사,강북구,490
6,미아동 한국전력공사,강북구,1568
6,미아사거리 1번 출구,강북구,2043
6,미아역 1번 출구 뒤,강북구,787
6,"미아역 3번,4번 출구 사이",강북구,1346
6,미아초교버스승강장,성북구,93
6,미호 플랜트 앞,강동구,1122
6,밀리아나2빌딩 앞,송파구,1320
6,밀알학교 입구 (삼성서울병원 입구),강남구,262
6,바우뫼문화복지회관,서초구,656
6,박석고개(은평소방서) 앞,은평구,172
6,반포1동 서초빌딩 앞,서초구,909
6,반포1동 자율방범초소 옆,서초구,446
6,반포1동 주민센터 앞,서초구,298
6,반포경남쇼핑 앞,서초구,204
6,반포래미안 리오센트,서초구,744
6,반포미도2차아파트 옆,서초구,378
6,반포쇼핑타운 2동 앞,서초구,3210
6,반포쇼핑타운 8동 앞,서초구,771
6,반포종합운동장,서초구,536
6,반포종합운동장 입구,서초구,748
6,반포중학교 앞(세화여고 맞은편),서초구,412
6,반포천 앞,서초구,941
6,"발산역 1번, 9번 인근 대여소",강서구,6848
6,발산역 6번 출구 뒤,강서구,4994
6,발산역 8번 출구,강서구,1912
6,방배래미안 정문 앞,서초구,300
6,방배래미안아트힐아파트 앞,서초구,99
6,방배역 2번 출구,서초구,808
6,방배열린문화센터 앞,서초구,693
6,방아골종합사회복지관,도봉구,664
6,방아다리어린이공원,양천구,679
6,방아삼거리,강동구,164
6,방이동 한양3차아파트 옆,송파구,1405
6,방이삼거리,송파구,4506
6,방이역 1번출구,송파구,1427
6,방이역 2번 출구,송파구,623
6,방이역 4번출구,송파구,2700
6,방이초등학교,송파구,2007
6,방일초교 마을버스 정류장,서초구,1109
6,방정환교육지원센터 옆,중랑구,755
6,방죽마을 입구,강남구,338
6,방학동우체국 건너편,도봉구,771
6,방학동학마을도서관,도봉구,406
6,방학사거리 (봄마당 앞),도봉구,676
6,방학역 1번출구,도봉구,500
6,방학역2번출구,도봉구,906
6,방학역사거리,도봉구,547
6,방학중학교 앞,도봉구,315
6,방학초등학교 앞,도봉구,1171
6,방화근린공원,강서구,531
6,방화동강서기동대앞,강서구,3096
6,방화사거리 마을버스 버스정류장,강서구,2556
6,방화역 4번출구앞,강서구,2692
6,배명고등학교,송파구,650
6,배명고등학교 건너편,송파구,841
6,배봉초교 교차로,동대문구,960
6,백련산 SK뷰 아이파크 해모로 아파트 앞,은평구,923
6,백련산 힐스테이트 3차,은평구,517
6,백련산 힐스테이트상가앞,은평구,416
6,백련산로 녹번센트레빌,은평구,433
6,백석예술대학교 제3캠퍼스 앞,서초구,92
6,백토공원 앞,송파구,285
6,뱅뱅사거리 랜드마크타워 앞,강남구,897
6,버섯분수대,송파구,898
6,버스정류장 앞,도봉구,595
6,번3동 주민센터 교차로,강북구,642
6,번동 금호어울림아파트102동앞,강북구,403
6,번동 두산위브 101동 옆,강북구,629
6,"번동 주공3, 4단지 교차로",강북구,1081
6,번동3단지 버스정류장,강북구,840
6,번동사거리,강북구,468
6,번동주공5단지 관리사무소 앞,강북구,218
6,베네스트 오피스텔 앞,동대문구,650
6,벽산 디지털밸리 5차,금천구,1624
6,벽산상암스마트큐브,마포구,2760
6,벽산아파트,강서구,2633
6,볏골공원,강서구,1196
6,보광동 삼성리버빌아파트 앞,용산구,808
6,보금자리정원,강남구,263
6,보라매 두산위브 건너편,동작구,1475
6,보라매sk뷰,영등포구,489
6,보라매sk뷰 108동 앞,영등포구,789
6,보라매공원 보도육교,관악구,2052
6,보라매공원 정문,동작구,1321
6,보라매공원역 2번출구,동작구,1008
6,보라매병원역 1번출구,동작구,4170
6,보라매역 8번출구,동작구,941
6,보라매역4번출구,영등포구,1566
6,보라매역?동작세무서 버스정류장(강남중학교방면),동작구,1575
6,보라주유소 앞,영등포구,510
6,보문2교,성북구,2602
6,보문4교 인근,성북구,1919
6,보문역6번출구 앞,성북구,1348
6,보성중고등학교 후문 앞,송파구,217
6,보아스아파트 앞,양천구,750
6,보타닉파크타워2,강서구,1422
6,보훈병원 후문옆(더 원커피),강동구,395
6,복자사랑 피정의 집,성북구,311
6,복정역 1번 출구 앞,송파구,1340
6,본 서부병원 교차로 사거리,은평구,1336
6,본 서부병원 버스정류장(은평 세무서 방면),은평구,945
6,본마을 노인복지센터 앞,서초구,332
6,본마을 정류소 앞,서초구,78
6,봉림교 교통섬,관악구,8690
6,봉원고가차도 밑,서대문구,544
6,봉은사로68길 북측,강남구,288
6,"봉은사역 1,2번 출구",강남구,539
6,봉은사역 5번출구 옆,강남구,740
6,봉은사역 7번 출구,강남구,575
6,봉천고개 육교,관악구,107
6,봉천역 2번출구,관악구,1316
6,봉천역 3번출구,관악구,797
6,봉천역 4번출구,관악구,1293
6,봉화산역 5번출구 뒤,중랑구,283
6,부엉이공원 앞,마포구,668
6,북가좌 삼거리,서대문구,399
6,북가좌 초등학교,서대문구,746
6,북가좌1동 주민센터,서대문구,382
6,북가좌삼거리2,서대문구,536
6,북서울 꿈의 숲 입구,강북구,468
6,북서울 꿈의숲 서문,강북구,302
6,북성초교,서대문구,229
6,북아현 치안센터 인근,서대문구,816
6,북아현동 가구거리,서대문구,536
6,북위례1,송파구,385
6,북위례2,송파구,305
6,북한산 우이역,강북구,468
6,북한산 코오롱 하늘채,도봉구,1964
6,북한산 한신휴플러스APT앞,도봉구,1636
6,북한산더샾 106동 앞,서대문구,275
6,북한산보국문역,성북구,278
6,북한산생태공원입구(교통섬),은평구,339
6,북한산입구 정류장,은평구,238
6,북한산힐스테이트 7차아파트,은평구,370
6,불광롯데캐슬아파트 앞,은평구,882
6,불광역 2번출구,은평구,672
6,불광역 9번 출구,은평구,1323
6,불광역 9번 출구 맞은편,은평구,672
6,"불광역3,6호선 버스정류장(동명여고 방면)",은평구,809
6,불암고등학교 앞 횡단보도,노원구,1440
6,불암산역 3번 출구,노원구,694
6,불암산역 앞,노원구,269
6,불암아파트 앞,노원구,714
6,불암주유소 앞,노원구,1364
6,브라운스위트레지던스,중구,381
6,브라운스톤 남산아파트,용산구,432
6,비계 버스정류소,동작구,190
6,비석공원,서초구,601
6,비전교회 앞,성동구,2286
6,빅마켓 금천점 앞,금천구,1657
6,사가정역 2번출구,중랑구,2832
6,사근빗물펌프장 건너편,성동구,2970
6,사당동 아르테스 웨딩앞,동작구,987
6,사당새마을금고,동작구,341
6,사당역 12번출구 뒤,서초구,1579
6,사당역 5번출구,관악구,1355
6,사당역 7번출구쪽,동작구,704
6,사당역10번출구(금강빌딩),동작구,1013
6,사당중학교 버스정류소,동작구,149
6,사랑의병원,관악구,584
6,사육신공원앞,동작구,1149
6,사평리근린공원,서초구,1074
6,사평역 2번출구,서초구,519
6,산기슭공원 앞,금천구,161
6,산업은행 앞,영등포구,1766
6,산호시티빌 옆,금천구,316
6,삼각산동 주민센터,강북구,659
6,삼각산아이원아파트(105동 옆),강북구,159
6,삼각지 자이아파트,용산구,1150
6,삼각지12번 출구,용산구,385
6,삼각지역 14번 출구 앞(교통섬),용산구,1001
6,삼각지역 3번출구,용산구,1047
6,삼각지역 4번출구 앞,용산구,793
6,삼부르네상스파크빌,구로구,998
6,삼성SDS,송파구,2132
6,삼성광나루아파트 버스정류장,강동구,1443
6,삼성도로공원,강남구,668
6,삼성디지털프라자관악점,관악구,718
6,삼성사이버빌리지아파트,중구,191
6,삼성생명 당산사옥 앞,영등포구,2725
6,삼성전자 물류센터 앞,구로구,1327
6,삼성전자R&D어린이집 뒤,서초구,221
6,삼성전자서비스 성북센터,성북구,963
6,삼성중앙역 5번출구,강남구,559
6,삼성중앙역4번출구(문화센터더 리빌),강남구,198
6,삼성중앙역·플래티넘아파트 정류소,강남구,478
6,삼성타운(삼성생명) A동 맞은편,서초구,1532
6,삼성화재 사옥 옆,영등포구,2082
6,삼양동사거리,강북구,415
6,삼양동주민센터 앞,강북구,286
6,삼양사거리역,강북구,433
6,삼양시장오거리,강북구,320
6,삼양역,강북구,242
6,삼양입구사거리,강북구,324
6,삼육대 도서관,노원구,374
6,삼육대 입구,노원구,399
6,삼육대 제3과학관,노원구,90
6,삼육서울병원 버스정류장,동대문구,2472
6,삼익세라믹아파트교차로,도봉구,1025
6,삼익아파트,동작구,1337
6,삼일교(시그니쳐 타워),중구,1109
6,삼일수영장 앞,동작구,715
6,삼일초등학교 인근,동작구,310
6,삼전동주민센터 건너편,송파구,942
6,삼전동주민센터 앞,송파구,1302
6,삼전역 1번출구,송파구,1585
6,삼전역 4번출구,송파구,1605
6,삼청공원 앞,종로구,114
6,삼청동 골목,종로구,968
6,삼호3차아파트 앞,서초구,1233
6,삼호물산버스정류장(23370) 옆,강남구,2085
6,삼호아파트 2동 ( 간선도로),강남구,186
6,삼호아파트 앞,구로구,587
6,삼환로즈빌아파트 105동 옆,구로구,1023
6,"상계3,4동 주민센터 대여소",노원구,278
6,상계8동 주민센터,노원구,1860
6,상계동 우방유쉘아파트 앞,노원구,945
6,상계동수락리버시티,노원구,624
6,상계문화정보도서관,노원구,662
6,상계신동아아파트,노원구,188
6,상계역 3번출구,노원구,3931
6,상계역중앙시장,노원구,1197
6,상계주공 14단지 상가 앞,노원구,867
6,상계주공10단지 버스정류소,노원구,2068
6,상계주공10단지 종합상가 앞,노원구,218
6,상계주공13단지 1301동,노원구,283
6,상계주공15단지 버스정류소,노원구,1271
6,상계주공1단지 버스정류장 옆(대원빌딩 앞),노원구,2086
6,상계주공1단지아파트,노원구,1157
6,상계주공2단지 219동,노원구,1211
6,상계주공2단지 버스정류장 옆,노원구,1981
6,상계중학교(당현2교사거리),노원구,826
6,상계초교 입구 교차로 명주빌딩 앞,노원구,1535
6,상도 아이파크 아파트,동작구,334
6,상도SH빌아파트 입구,동작구,95
6,상도역 1번출구,동작구,471
6,상도중앙하이츠빌 입구,동작구,352
6,상도효성해링턴플레이스,동작구,488
6,상록수아파트,강남구,556
6,상림마을 롯데캐슬2단지 옆,은평구,109
6,상림마을 생태공원,은평구,377
6,상명대입구,종로구,462
6,상봉2동 주민센터 앞,중랑구,794
6,상봉시장앞 교차로 한성빌딩 앞,중랑구,1207
6,상봉신협 앞,중랑구,1000
6,상봉역 1번출구,중랑구,2042
6,상봉역 2번 출구,중랑구,1908
6,상봉역 3번출구,중랑구,1427
6,상봉터미널2,중랑구,2254
6,상사마을 버스정류장(아라대교방면),강서구,315
6,상수역 2번출구 앞,마포구,752
6,상수역새마을금고,마포구,518
6,상신초등학교앞 버스정류장,은평구,1098
6,상아빌딩(우림시장 교차로),중랑구,1119
6,상암동주민센터 옆,마포구,1617
6,상암월드컵파크 10단지 앞,마포구,1114
6,상암월드컵파크 1단지 교차로,마포구,604
6,상암월드컵파크 3단지 후문,마포구,707
6,상암월드컵파크 7단지 앞,마포구,750
6,상암월드컵파크 9단지 앞,마포구,609
6,상암월드컵파크5단지(상암중학교),마포구,546
6,상암중학교 옆,마포구,302
6,상암한샘빌딩앞,마포구,959
6,상암한화오벨리스크 1차 앞,마포구,1247
6,상왕십리역 1번출구,성동구,1894
6,상왕십리역 4번 출구 앞,성동구,675
6,상왕십리역 6번 출입구,성동구,593
6,상월곡역 1번출구,성북구,914
6,상월곡역 3번출구,성북구,1165
6,상월곡역 4번출구,성북구,559
6,상일동산(동아아파트앞 교차로),강동구,325
6,상일동역 2번출구 앞,강동구,2058
6,상일초등학교,강동구,638
6,상일파출소 옆,강동구,1409
6,새말소공원,영등포구,2037
6,새솔초등학교,중랑구,300
6,새우개마을,중랑구,267
6,새절역 2번출구,은평구,2351
6,새정이마을버스정류장 앞,서초구,47
6,샛강생태공원방문자센터 앞,영등포구,661
6,샛강역 1번출구 앞,영등포구,1993
6,샛마을 근린공원,강동구,794
6,생명의 전화 종합복지관 앞 교차로,성북구,992
6,생태공원앞 교차로(조명탑),강동구,240
6,서강나루 공원,마포구,1397
6,서강대 남문 옆,마포구,791
6,서강대 정문 건너편,마포구,743
6,서강대 후문 옆,마포구,954
6,서강대역 2번출구 앞,마포구,1134
6,서교동 사거리,마포구,1494
6,서남병원 후문,양천구,1044
6,서남환경공원 버스정류장,강서구,1994
6,서남환경공원(방화동도시개발2단지방향),강서구,999
6,서대문구청,서대문구,350
6,서대문역 2번 출구,서대문구,1227
6,서대문역 8번출구 앞,서대문구,362
6,서대문자연사박물관 입구,서대문구,322
6,서래공원 앞,서초구,603
6,서부식자재마트 건너편,양천구,1738
6,서부운전면허시험장,마포구,835
6,서빙고동 금호맨션 앞,용산구,357
6,서빙고동 주민센터 앞,용산구,2439
6,서빙고역 광장(1번출구),용산구,290
6,서서울모터리움 앞,강서구,567
6,서소문성지역사박물관,중구,211
6,서소문역사공원,중구,68
6,서우빌딩,서대문구,1066
6,서울 논현동우체국 앞,강남구,216
6,서울 시흥동우체국 앞,금천구,615
6,서울 영등포구 우체국,영등포구,1127
6,서울 월드컵 경기장,마포구,922
6,서울가정법원,서초구,733
6,서울강월초등학교 앞,양천구,893
6,서울갤러리아 앞,용산구,162
6,서울경찰청,종로구,888
6,서울고등학교 건너편,서초구,204
6,서울고앞,서초구,173
6,서울과학기술대학교(미래관),노원구,581
6,서울과학기술대학교(어학교육원),노원구,2163
6,서울교육청 교육연수원 앞,서초구,146
6,서울교통공사 사당별관 건너편,서초구,309
6,서울교통공사사거리 교통섬,동대문구,1004
6,서울남부교정시설 앞,구로구,311
6,서울남부지방검찰청 후문,양천구,1140
6,서울남부출입국관리소,강서구,1846
6,서울남부터미널 대합실 입구,서초구,736
6,서울대벤처타운역,관악구,353
6,서울대입구역 1번출구,관악구,1016
6,서울대입구역 4번 출구,관악구,946
6,서울대입구역 5번출구,관악구,1485
6,서울대입구역 마에스트로,관악구,767
6,서울대학교 정문,관악구,497
6,서울도봉초등학교인근,도봉구,659
6,서울도시가스 앞,강서구,1102
6,서울도시건축전시관,중구,2282
6,서울디자인고등학교 앞,마포구,1286
6,서울디지털운동장 앞,금천구,857
6,서울문화재단 앞,동대문구,1576
6,서울미래초등학교 사거리,구로구,1175
6,서울미술관,종로구,185
6,서울반도체고 앞,동대문구,443
6,서울방이동 고분군,송파구,1956
6,서울보증보험본사 앞,종로구,1100
6,서울복합물류 게이트 1,송파구,1117
6,서울본부세관(건설회관 앞),강남구,94
6,서울북부고용노동지청,강북구,648
6,서울북부고용센터앞,노원구,2612
6,서울북부광역등기국,도봉구,233
6,서울북부수도사업소,강북구,463
6,서울북부지방법원,도봉구,295
6,서울북부지방법원 앞,도봉구,528
6,서울사대부설초등학교 앞,종로구,1278
6,서울산업정보학교,관악구,357
6,서울서부지방법원 앞,마포구,934
6,서울서부지방법원등기국앞,마포구,380
6,서울서초고용센터앞,서초구,441
6,서울숲 IT캐슬,성동구,21
6,서울숲 공영주차장앞,성동구,915
6,서울숲 관리사무소,성동구,1784
6,서울숲 지식산업센터,성동구,1747
6,서울숲리버뷰자이APT105동 앞,성동구,613
6,서울숲역 2번출구 앞,성동구,1659
6,서울숲역 5번 출구 옆,성동구,1371
6,서울숲역3번출구,성동구,332
6,서울시 공공자전거 상암센터,마포구,1138
6,서울시 도로환경관리센터,양천구,3250
6,서울시 북부병원 앞,중랑구,646
6,서울시 북부여성발전센터,노원구,798
6,서울시 품질시험소 앞,서초구,560
6,서울시립과학관,노원구,553
6,서울시립대 건설공학관,동대문구,552
6,서울시립대 정문 앞 A,동대문구,327
6,서울시립대 정문 앞 B,동대문구,1808
6,서울시립대 정보기술관,동대문구,731
6,서울시립대 후문,동대문구,771
6,서울시설공단 앞,성동구,1436
6,서울시여성가족재단,동작구,491
6,서울시청,중구,1486
6,서울식물원 식물문화센터,강서구,1096
6,서울식물원 잔디마당 앞,강서구,2666
6,서울식물원(문화센터) 건너편,강서구,314
6,서울신성초등학교,관악구,528
6,서울신용보증재단,마포구,1122
6,서울신우초등학교,관악구,5
6,서울안천초등학교 옆,금천구,135
6,서울여대 남문,노원구,849
6,서울역 12번 출구 앞,용산구,1050
6,서울역 7번출구,중구,127
6,서울역 서부,중구,279
6,서울역 서부교차로(3),중구,1046
6,서울역 서부교차로2,중구,1176
6,서울역 센트럴 자이아파트,중구,592
6,서울역5번출구,중구,1034
6,서울역9번출구,중구,829
6,서울역사박물관 앞,종로구,814
6,서울연신중학교,은평구,290
6,서울연신초등학교,은평구,438
6,서울영상고교 입구,양천구,3431
6,서울율현초교 삼거리,강남구,624
6,서울중랑우체국,중랑구,756
6,서울지방고용노동청 앞,중구,1289
6,서울지방병무청 버스정류장,영등포구,905
6,서울천호동우체국,강동구,1705
6,서울체육고등학교 앞,송파구,1205
6,서울추모공원 입구,서초구,45
6,서울축산농협(장안지점),동대문구,2835
6,서울출입국관리사무소 앞,양천구,3741
6,서울친환경유통센터,송파구,163
6,서울특별시 남부교육지원청,영등포구,724
6,서울특별시 동부교육지원청(육교),동대문구,303
6,서울특별시 동작관악교육지원청,동작구,87
6,서울특별시 은평병원,은평구,394
6,서울특별시 중부교육지원청,종로구,142
6,서울특별시교육청도봉도서관,강북구,967
6,서울혁신파크,은평구,702
6,서울혁신파크1,은평구,287
6,서울혁신파크2,은평구,412
6,서원마을,강동구,166
6,서일스포츠센터,서초구,188
6,서초 크로바타워 앞,서초구,457
6,서초 포레스타5단지,서초구,399
6,서초1교 (진흥아파트 방면),서초구,446
6,서초4동주민센터,서초구,971
6,서초구립반포도서관 앞,서초구,1212
6,서초그랑자이 앞,서초구,510
6,서초동 현대아파트 앞,서초구,501
6,서초리슈빌S 글로벌 앞,서초구,161
6,서초역 3번출구,서초구,668
6,서초역1번출구 앞,서초구,470
6,서초유치원 맞은편,서초구,690
6,서초종합체육관 입구,서초구,101
6,서초초등학교 후문,서초구,1000
6,서초포레스타 7단지,서초구,279
6,서초현대4차아파트 201동 맞은편,서초구,600
6,석계역 3번 출구,노원구,1449
6,석계역 4번출구 뒤,성북구,1659
6,석계역 5번출구 건너편,성북구,1721
6,석계역 문화광장 내 자전거 보관소,노원구,4081
6,석관동주민센터 앞,성북구,1135
6,석관래미안아트리치,성북구,1383
6,석관초등학교 앞,성북구,1349
6,석촌고분역 2번 출구,송파구,2398
6,석촌고분역 4번출구,송파구,1885
6,석촌동 주민센터,송파구,2701
6,석촌역 2번출구,송파구,2603
6,석촌역 8번출구,송파구,2969
6,석촌호수 서호 남단,송파구,2323
6,석촌호수 서호 사거리,송파구,2720
6,석촌호수 아뜰리에,송파구,2139
6,석촌호수교차로 (송파나루근린공원 앞),송파구,670
6,석촌호수교차로(동호 팔각정 앞),송파구,2811
6,선릉역3번출구,강남구,1258
6,선린인터넷 고등학교,용산구,1562
6,선사고등학교,강동구,567
6,선유도역 3번출구 앞,영등포구,3401
6,선잠단지 앞,성북구,309
6,"선정릉 디캠프(D,CAMP)앞",강남구,175
6,선정릉역 4번 출구,강남구,329
6,섬들근린공원,서초구,1129
6,섬유센터 앞,강남구,1293
6,성공회대학교,구로구,747
6,성균관대 E하우스 앞,종로구,1139
6,성균관대 정문,종로구,2032
6,성균관대입구 사거리 A,종로구,987
6,성균관대입구 사거리 B,종로구,1309
6,성내5교,송파구,1214
6,성내7교,송파구,890
6,성내교 남단,송파구,338
6,성내삼성아파트,강동구,2627
6,성내어울터,강동구,2994
6,성내유수지 체육공원,송파구,380
6,성동광진 교육지원청 앞,성동구,1468
6,성동교 사거리,성동구,616
6,성동구 견인차량 보관소 앞,성동구,1829
6,성동구민종합체육센터 건너편,성동구,2852
6,성동도로사업소,성동구,436
6,성동세무서 건너편,성동구,1544
6,성동세무서 부근,성동구,1444
6,성보하이드로빌딩,양천구,1142
6,성북3교 위,성북구,1329
6,성북구 한예종 캠퍼스 별관,성북구,902
6,성북구 한예종 캠퍼스 본관,성북구,814
6,성북구보건소 건너편,성북구,621
6,성북구청,성북구,1019
6,성북동 치안센터 앞,성북구,738
6,성북쉼터 앞,성북구,142
6,성북제일새마을금고 본점 앞,성북구,494
6,성북청소년문화의집,성북구,48
6,성북청소년센터,성북구,385
6,성산2-1 공영주차장,마포구,1245
6,성산2교 사거리,마포구,1829
6,성산시영아파트,마포구,1346
6,성서대학교 밀알관,노원구,466
6,성수2가1동 공영주차장 인근,성동구,3374
6,성수사거리 버스정류장 앞,성동구,2326
6,성수아카데미타워 앞,성동구,1729
6,성수역 1번출구 주변,성동구,789
6,성수역 2번출구 앞,성동구,3422
6,성수역3번출구,성동구,4052
6,성신여대입구 교차로,성북구,774
6,성신여대입구역 3번출구 앞,성북구,1257
6,성신여대입구역 5번출구,성북구,1385
6,성원2차 아파트,양천구,980
6,성원APT버스정류소,도봉구,637
6,성지아파트 옆 도로변,금천구,146
6,세곡데이케어센터,강남구,213
6,세곡동 사거리(대왕초등학교 정류장),강남구,177
6,세곡동 성당,강남구,666
6,세곡사거리 대왕파출소 앞,강남구,74
6,세륜초등학교 건너편,송파구,237
6,세양청마루 101동 앞,송파구,506
6,세운상가,종로구,624
6,세운스퀘어 앞,종로구,818
6,세이브마트,관악구,1493
6,세종그랑시아 앞(102동),양천구,938
6,세종대왕기념관 교차로,동대문구,586
6,세종대학교,광진구,307
6,세종대학교 대양AI센터,광진구,1345
6,세종대학교(영실관),광진구,579
6,세종대학교(학술정보원),광진구,216
6,세종사이버대학교,광진구,2680
6,세화고등학교,서초구,252
6,센서텍㈜,강서구,1482
6,센트럴 푸르지오 시티 앞,영등포구,2011
6,센트럴파크타워 앞,용산구,1568
6,솔리스타오피스텔(공덕동주민센터),마포구,545
6,솔밭공원역,강북구,242
6,솔밭공원역 1번출구 앞,강북구,521
6,솔밭공원역 1번출구 주변,강북구,557
6,솔브레인이엔지 뒤편,금천구,797
6,송도병원,중구,143
6,송이공원,송파구,502
6,송정역 1번출구,강서구,2781
6,송정역 3번출구 앞,강서구,1553
6,송정중학교,강서구,1025
6,송중초등학교 옆,강북구,560
6,송천동 주민센터,강북구,456
6,송천동우체국,강북구,340
6,송천센트레빌,강북구,270
6,송파 글마루 도서관,송파구,956
6,송파 레미니스1단지 102동 앞,송파구,975
6,송파 파인타운 11단지,송파구,688
6,송파구청,송파구,5550
6,송파구청 교차로,송파구,1613
6,송파나루역 4번 출구옆,송파구,4799
6,송파도서관,송파구,983
6,송파레이크힐,송파구,270
6,송파레이크힐 상가,송파구,1101
6,송파사거리,송파구,2696
6,송파소방서 (방이119안전센터),송파구,468
6,송파소방서 맞은편(성내4교),송파구,1565
6,송파시그니처롯데캐슬,송파구,116
6,송파여성문화회관 앞,송파구,2184
6,송파여성축구장,송파구,409
6,송파역 2번 출구앞,송파구,1369
6,송파역 4번출구,송파구,2980
6,송파중학교 정문,송파구,536
6,송파지역자활센터 뒤,송파구,1883
6,송파청소년센터,송파구,627
6,송파체육문화회관 앞,송파구,1055
6,송파파인타운 10단지 1005동,송파구,309
6,송파파인타운 4단지 403동,송파구,408
6,송파파인타운 7단지,송파구,642
6,송파파크데일 1단지 115동 건너편,송파구,494
6,송파파크데일 2단지입구 앞 주차장,송파구,450
6,송파학사 옆,송파구,1260
6,수궁동 성당 주변,구로구,648
6,수락리버시티4단지,노원구,588
6,수락산역 4번출구,노원구,1012
6,수명산파크 4단지 411동 앞,강서구,1633
6,수명산파크1단지교차로,강서구,3176
6,수명중?고교,강서구,1844
6,수명초등학교,강서구,1395
6,수서동 성당 맞은편,강남구,599
6,수서역 1번출구 앞,강남구,1138
6,수서역 5번출구,강남구,2497
6,수서역 7번출구 앞,강남구,396
6,수연빌딩 앞,노원구,952
6,수유1동 주민센터,강북구,674
6,수유2동은행빌딩 앞,강북구,654
6,수유사거리,강북구,1123
6,수유역2번출구,강북구,2662
6,수유중앙시장,강북구,1088
6,수출의 다리 아래,금천구,705
6,수협 연남동지점,마포구,1711
6,수협대치동지점,강남구,674
6,숙대입구역 4번출구,용산구,1442
6,숙대입구역 8번,용산구,945
6,숙명여대 입구 교차로,용산구,1419
6,숙명여대앞 버스정류소 주변,용산구,95
6,순천향대학병원(한남오거리),용산구,790
6,순흥안씨묘 건너편,금천구,61
6,숭실대 입구역3번 출구 앞,동작구,489
6,숭실대학교(중문),동작구,184
6,숭인2동 주민센터 입구,종로구,1378
6,스타벅스(동교동) 앞,마포구,806
6,스타즈호텔독산 빌딩 앞,금천구,990
6,시립도봉노인복지관 버스정류소,도봉구,654
6,시립동부병원 앞 사거리,동대문구,2342
6,시립미술관,중구,1032
6,시립창동운동장 입구,도봉구,355
6,시범아파트버스정류장 옆,영등포구,2312
6,시석빌딩 앞,마포구,690
6,시조사 앞,동대문구,1797
6,시청역 10번출구,중구,430
6,시청역(2호선) 9번출구 뒤,중구,2503
6,시흥4동주민센터 앞,금천구,227
6,시흥사거리(시흥동 994-3 앞),금천구,935
6,신곡시장,양천구,1628
6,신금호역 2번출구 앞,성동구,86
6,신금호파크자이APT앞,성동구,238
6,신길 래미안 프레비뉴,영등포구,722
6,신길동 우리은행 옆,영등포구,903
6,신길선원가와인아파트 앞,영등포구,944
6,신길역 2번출구,영등포구,1573
6,신길역3번출구,영등포구,1719
6,신길우성1차아파트 앞 공원,영등포구,899
6,신길우성4차아파트,영등포구,1641
6,신길자이아파트,영등포구,815
6,신내 우디안 111동 앞,중랑구,202
6,신내2동 주민센터 앞,중랑구,755
6,신내SK V1센터 앞,중랑구,386
6,신내능말공원,중랑구,397
6,신내동 벽산아파트 후문 앞,중랑구,818
6,신내동 한살림 중랑지구 건너편,중랑구,466
6,신내동 한살림 중랑지구 앞,중랑구,863
6,신내어울공원 앞,중랑구,787
6,신내역 4번출구,중랑구,342
6,신내우디안아파트 1단지,중랑구,197
6,신논현역 4번출구,강남구,706
6,신논현타워 앞,서초구,755
6,신답역 1번출구,성동구,293
6,신답역 사거리,동대문구,1546
6,신당 래미안 버스정류장,중구,460
6,신당동주민센터앞,중구,1473
6,신당역 10번 출구,중구,1712
6,신당역 12번 출구 뒤,중구,3274
6,신대방삼거리,동작구,1846
6,신대방삼거리역 6번출구쪽,동작구,2311
6,신대방역 2번 출구,관악구,6741
6,신도고등학교,은평구,262
6,신도림2차e편한세상아파트 203동 앞,구로구,1301
6,신도림4차 e편한세상 아파트 1109동 앞,구로구,1409
6,신도림7차e편한세상아파트 806동 앞,구로구,1394
6,신도림동주민센터 앞,구로구,1694
6,신도림쌍용플래티넘노블아파트 앞,구로구,1730
6,신도림역 1번 출구 앞,구로구,5043
6,신도림테크노근린공원,구로구,4960
6,신도봉사거리 버스정류장,도봉구,614
6,신도중학교앞,은평구,346
6,신동아럭스빌아파트 앞,서초구,181
6,신동아아파트,영등포구,2683
6,신동아타워 버스정류소,도봉구,368
6,신림1교 교차로,관악구,1807
6,"신림4,5동교",관악구,644
6,신림동 우방아파트,관악구,1447
6,신림동걷고싶은문화의거리입구,관악구,1568
6,신림푸르지오아파트,관악구,878
6,신마곡벽산블루밍메트로오피스텔앞,강서구,1390
6,신목동역 2번 출구,양천구,2836
6,신목동역 3번출구,양천구,1094
6,신반포역 2번출구 앞,서초구,616
6,신반포역 3번출구 뒤,서초구,417
6,신방화사거리,강서구,3183
6,신방화역 6번출구,강서구,1969
6,신방화역 8번출구,강서구,1672
6,신방화역환승주차장,강서구,3855
6,신봉천주유소 A,관악구,72
6,신봉천주유소 B,관악구,190
6,신사동 가로수길 입구,강남구,616
6,신사동 성당,은평구,235
6,신사동주민센터 옆,강남구,723
6,신사두산위브2차아파트 앞,은평구,1037
6,신사로입구,관악구,1605
6,신사스퀘어,강남구,320
6,신사역 4번출구 뒤,서초구,890
6,신석초교앞 교차로 교통섬,마포구,2041
6,신설동역 10번출구 앞,동대문구,2079
6,신설동역 11번출구 뒤,종로구,1818
6,신설동역8번출구,동대문구,1335
6,신성기사식당 앞,마포구,580
6,신성미소지움아파트,중랑구,779
6,신세계면세점,중구,325
6,신세계백화점 본점 앞,중구,758
6,신세기아파트 앞,구로구,661
6,신수동 사거리,마포구,367
6,신수동주민센터,마포구,352
6,신양초교앞 교차로,광진구,885
6,신영동삼거리,종로구,70
6,신영동삼거리(북악터널방향),종로구,85
6,신용산역 1번 출구,용산구,1820
6,신용산역 6번출구 앞,용산구,1654
6,신용산지하차도 앞,용산구,597
6,신원리베르텔 앞,도봉구,780
6,신월6차보람아파트 앞,양천구,1410
6,신월사거리,양천구,1436
6,신월중학교,양천구,1008
6,신응교(가좌로) 앞,은평구,1278
6,신이문역 1번출구,동대문구,1139
6,신이문역 2번출구,동대문구,550
6,신일해피트리아파트 앞,양천구,1181
6,신자초교입구 교차로,광진구,2984
6,신정1동 주민센터 앞,양천구,3009
6,신정3동 현장민원실 앞,양천구,811
6,신정6동 주민센터 인근,양천구,1660
6,신정교 하부,양천구,2226
6,신정네거리역,양천구,932
6,신정네거리역 교차로,양천구,1166
6,신정보도육교 아래,양천구,3226
6,신정숲속마을아파트,양천구,604
6,신정이펜하우스 1단지아파트 입구 사거리,양천구,728
6,신정이펜하우스314동,양천구,820
6,신정제일시장,양천구,947
6,신진과학기술고등학교 버스정류장(응암시장 방면),은평구,1057
6,신창교,강북구,667
6,신창시장,도봉구,1459
6,신창아파트 입구 앞,도봉구,412
6,신창중학교 후문 맞은편 버스정류장,노원구,919
6,신청담나들목,강남구,572
6,신촌 교보빌딩,마포구,376
6,신촌 청년주택,마포구,1562
6,신촌 파랑고래 입구,서대문구,836
6,신촌기차역입구 교차로,서대문구,419
6,신촌동 제1공영주차장 앞,서대문구,691
6,신촌역 4번출구,서대문구,553
6,신촌역(2호선) 1번출구 옆,서대문구,899
6,신촌역(2호선) 6번출구 옆,마포구,729
6,신촌역(2호선) 7번출구 앞,마포구,1787
6,신트리공원 입구,양천구,2868
6,신풍역 6번출구,영등포구,1730
6,신한금융투자 앞,영등포구,3980
6,신한은행 대림동지점,영등포구,868
6,신한은행 시흥대로금융센터지점,금천구,261
6,심산기념문화센터,서초구,719
6,쌍문동 이안아파트 앞,도봉구,501
6,쌍문역 1번출구 주변,도봉구,891
6,쌍문역4번출구 주변,도봉구,982
6,쌍문현대1차아파트 108동 앞,도봉구,654
6,쌍용아파트2단지 정문,종로구,307
6,쌍용예가(구청별관),영등포구,1048
6,쌍용플레티넘오피스텔,영등포구,2568
6,아리랑시네센터 앞,성북구,427
6,아만티호텔 앞,마포구,472
6,아망떼마곡전시장,강서구,1782
6,아메리칸센터,용산구,463
6,아산병원 기숙사 부근,송파구,3432
6,아시아선수촌아파트 교차로,송파구,1659
6,아시아지하보도 14번 출구,송파구,2546
6,아시아지하보도 2번 출구,송파구,1464
6,아차산 휴먼시아 아파트 옆,광진구,417
6,아차산역 3번출구,광진구,2758
6,아차산역4번출구,광진구,2349
6,아크로리버뷰 부지 앞,서초구,85
6,아크로타워 스퀘어(영등포시장),영등포구,3118
6,아현교회,마포구,183
6,아현문화건강센터,마포구,137
6,아현역 4번출구 앞,마포구,574
6,안골마을입구,서초구,30
6,안국동사거리(신),종로구,1187
6,안국역 5번출구 앞,종로구,1267
6,안산초등학교 앞,서대문구,65
6,안암2교 옆,성북구,1842
6,안암골벽산아파트(후문),동대문구,1009
6,안암로터리 버스정류장 앞,성북구,4612
6,안암역 3번 출구,성북구,897
6,안양천합수부(현대3차아파트),강서구,2407
6,안천중학교,금천구,298
6,암사동 선사유적지,강동구,152
6,암사역 3번출구(국민은행앞),강동구,3089
6,암사정수센터교차로(강동롯데캐슬퍼스트아파트),강동구,394
6,압구정 한양 3차 아파트,강남구,456
6,압구정나들목,강남구,1756
6,압구정로데오역 6번출구,강남구,812
6,압구정역 2번 출구 옆,강남구,1467
6,압구정파출소 앞,강남구,975
6,앙카라공원 앞,영등포구,1683
6,애오개역 4번출구 앞,마포구,1665
6,앰배서더 호텔 주변,중구,428
6,약수동 주민센터,중구,107
6,약수역 10번출구 앞,중구,476
6,약수역 3번출구 뒤,중구,600
6,약수역 6번 출구,중구,422
6,양강중학교앞 교차로,양천구,675
6,양남사거리1,영등포구,781
6,양남사거리2,영등포구,840
6,양녕로 입구,관악구,1146
6,양문교회 앞,동작구,907
6,양서중학교 옆,양천구,770
6,양원보도육교,양천구,983
6,양원역 1번 출구,중랑구,915
6,양원역 2번출구,중랑구,263
6,양원지구 힐데스하임 앞,중랑구,541
6,양재근린공원,서초구,1252
6,양재동 꽃시장 건너편,서초구,471
6,양재동 꽃시장 입구,서초구,303
6,양재시민의숲역 1번출구,서초구,1846
6,양재시민의숲역 3번출구,서초구,1127
6,양재역 10번 출구 앞,서초구,772
6,양재역 3번출구 주변,강남구,788
6,양재역 8번출구 앞,서초구,831
6,양재이스타빌 앞,서초구,1169
6,양재전화국 사거리,서초구,378
6,양재초등학교 맞은편,서초구,720
6,양지근린공원앞,노원구,1189
6,양지사거리,성동구,1199
6,양지사거리(센트라스APT 115동앞),성동구,228
6,양천 해누리타운,양천구,2712
6,양천공영차고지,양천구,254
6,"양천구청, 보건소 사잇길",양천구,5232
6,양천구청역 1번출구,양천구,1140
6,양천구청역 2번출구 옆,양천구,2323
6,양천문화회관,양천구,2281
6,양천아파트 입구,양천구,3062
6,양천해누리체육공원,양천구,1043
6,양천향교역 7번출구앞,강서구,5328
6,양천향교역8번출구,강서구,2070
6,양평1 보행육교 앞,영등포구,2286
6,양평1나들목 보행통로 입구,영등포구,2090
6,양평1동 YP센터 앞,영등포구,609
6,양평교 영등포대여소,영등포구,1833
6,양평동6차현대아파트 앞,영등포구,2127
6,양평동성원아파트,영등포구,1872
6,양평역 1번출구,영등포구,3083
6,양평역2번출구 뒤,영등포구,905
6,양평우림 이비즈센타 앞,영등포구,2253
6,어린이대공원역 2번출구,광진구,948
6,어린이대공원역 3번출구 앞,광진구,1799
6,어린이대공원정문,광진구,738
6,어린이도서관,종로구,634
6,어린이회관,광진구,810
6,어울림병원 앞,영등포구,1090
6,언남초등학교 앞,서초구,833
6,언주역 4번출구,강남구,355
6,언주초등학교 입구,강남구,462
6,에스테반,마포구,401
6,에이스 하드웨어(시흥대로 396) 앞,금천구,840
6,에이스에이존빌딩,관악구,736
6,에이스하이엔드타워8차 앞,금천구,1187
6,에이스하이엔드타워9차 앞,금천구,795
6,엘아르베뉴 102동 앞,금천구,840
6,엠펠리체 호텔 건너편,강서구,2332
6,여의나루역 1번출구 앞,영등포구,8033
6,여의도 마리나선착장 앞,영등포구,696
6,여의도 삼부아파트,영등포구,1375
6,여의도 순복음교회,영등포구,596
6,여의도 은하아파트,영등포구,628
6,여의도고교 앞,영등포구,1476
6,여의도역2번출구 앞,영등포구,1124
6,여의도중학교 옆,영등포구,1579
6,여의도초교 앞,영등포구,1371
6,역삼1동 주민센터,강남구,944
6,역삼동 sk뷰 501동앞,강남구,405
6,역삼동 디오슈페리움 (우성아파트 사거리),강남구,751
6,역삼빌딩 앞(하나은행 옆),강남구,658
6,역삼서초삼성 세무서 앞 (역삼빌딩 앞),강남구,247
6,역삼월드메르디앙아파트 앞,강남구,498
6,역삼중학교 앞(체육관 방향),강남구,228
6,역촌 센트레빌 아파트,은평구,388
6,역촌센트레빌아파트 101동 앞,은평구,308
6,역촌종합시장 버스정류장(예일여고 방면),은평구,1914
6,역촌파출소,은평구,3239
6,연가교 교차로,서대문구,868
6,연가초등학교 옆,서대문구,387
6,연남동주민센터 앞,마포구,2308
6,연대 대운동장 옆,서대문구,459
6,연서어린이공원,서대문구,580
6,연세강서빌딩,강서구,1823
6,연세대 정문 건너편,서대문구,248
6,연세로 명물길,서대문구,726
6,연신내 선일하이츠빌 정류소,은평구,386
6,연신내역 1번 출구,은평구,1022
6,연신내역 3번출구 인근,은평구,515
6,연신내역 4번출구,은평구,559
6,연신내역 5번출구,은평구,2423
6,연신초등학교옆 마을마당,은평구,161
6,연의근린공원 건너편,양천구,753
6,연해피빌 앞,노원구,1127
6,연희 브라운스톤 아파트 앞,서대문구,1474
6,연희IC 남측,서대문구,982
6,연희교차로 인근,서대문구,446
6,연희삼거리,서대문구,1015
6,연희초등학교 앞,서대문구,115
6,연희파크푸르지오아파트 앞,서대문구,1064
6,염곡동(염통골) 입구,서초구,101
6,염곡치안센터 건너편,서초구,103
6,염리초등학교 앞,마포구,1078
6,염창동 새마을금고 건너편,강서구,1021
6,염창동 한마음아파트 앞,강서구,1632
6,염창역 1번 출구,강서구,2280
6,"염창역 3, 4번 출구 사이",양천구,1164
6,염천교사거리,중구,651
6,영도초등학교,양천구,2657
6,영동1교 (양재천근린공원),서초구,934
6,영동1교 북단,서초구,546
6,영동3교 북단(우성캐릭터 앞 보도),강남구,556
6,영동대교 북단,광진구,1522
6,영동중앙교회 버스정류장,강남구,218
6,영등포 신세계백화점,영등포구,4763
6,영등포 푸르지오 아파트 A,영등포구,1405
6,영등포 푸르지오 아파트 B,영등포구,1615
6,영등포공원 분수대 앞,영등포구,363
6,영등포구민체육센터 앞,영등포구,1580
6,영등포구청역 7번출구,영등포구,6341
6,영등포로터리,영등포구,1297
6,영등포로터리2,영등포구,1748
6,영등포삼환아파트 앞,영등포구,1663
6,영등포시장역 포레나영등포,영등포구,3421
6,영등포역 1번출구,영등포구,2909
6,영등포역5번출구,영등포구,4445
6,영등포유통상가 사거리,영등포구,1613
6,영등포전화국사거리 (서강어린이공원),영등포구,2003
6,영등포청과시장 사거리,영등포구,1431
6,영락고등학교,관악구,397
6,영문초등학교 사거리,영등포구,3906
6,영성빌딩(PAT),중랑구,944
6,영어마을 관악캠프,관악구,137
6,영일 어린이공원,영등포구,1070
6,영파여고 앞,송파구,1332
6,영휘원 교차로,동대문구,887
6,영희초교 사거리(래미안개포루체하임),강남구,1109
6,예일여중,은평구,1155
6,옛골 입구,서초구,136
6,오금공원 사거리,송파구,136
6,오금공원사거리2,송파구,305
6,오금동 대림아파트 정문,송파구,543
6,오금역 3번 출구 뒤,송파구,653
6,오금역 7번 출구 인근,송파구,1149
6,오류동 계림웨스트밸리 앞,구로구,222
6,오류동 다숲오피스텔 앞,구로구,724
6,오류동부골든아파트 후문 옆,구로구,137
6,오류동역 2번출구,구로구,770
6,오류동역 맞은편,구로구,1449
6,오륜사거리,송파구,636
6,오리로와 서해안도로 교차로 앞,구로구,535
6,오목교 동측 지하보도,영등포구,1599
6,오목교역 3번출구,양천구,4896
6,오목교역 6번 출구,양천구,2375
6,오목교역 7번출구 앞,양천구,2948
6,오목로 무중력지대 앞,양천구,512
6,오솔길공원,양천구,1011
6,오정초교 앞 보도육교,구로구,255
6,옥수동성당 옆,성동구,121
6,옥수역 3번출구,성동구,4123
6,온곡초교 교차로,노원구,1834
6,온수역 2번 출구 앞,구로구,610
6,온수역 북측,구로구,321
6,올림픽공원 남2문 앞,송파구,1299
6,올림픽공원 북2문 A,송파구,1467
6,올림픽공원 북2문 B,송파구,2876
6,올림픽공원 서1문 앞,송파구,832
6,올림픽공원 장미광장,송파구,725
6,올림픽공원사거리(선수촌아파트),송파구,1180
6,올림픽공원역 1번출구 앞,송파구,1596
6,올림픽공원역 3번출구,송파구,5305
6,올림픽기념 국민생활관 로터리,종로구,1580
6,올림픽로 836(아리수로),강동구,496
6,올림픽선수기자촌아파트 123동 근처,송파구,374
6,올림픽선수촌아파트 136동 앞,송파구,550
6,올림픽훼미리아파트 112동 앞,송파구,983
6,왈도강서캠퍼스 앞,강서구,1631
6,왕십리 자이아파트(101동 앞),성동구,25
6,왕십리KCC스위첸아파트,성동구,140
6,왕십리교회옆,성동구,2739
6,왕십리역 11번 출구 앞,성동구,1482
6,왕십리역 4번 출구 건너편,성동구,2154
6,왕십리자이아파트 후문(삼거리),성동구,155
6,외국어대 정문 앞,동대문구,3299
6,외대앞역 교차로,동대문구,2307
6,용강동 주민센터 앞,마포구,1462
6,용답동 우체국 주변,성동구,1292
6,용답토속공원 앞,성동구,623
6,용두동 래미안허브리츠아파트 앞,동대문구,1266
6,용두동 사거리,동대문구,2443
6,용두롯데캐슬리치아파트 앞,동대문구,1281
6,용두역 4번출구,동대문구,2399
6,용마복지센터 앞,중랑구,431
6,용마사거리,광진구,1797
6,용마산역 1번출구,중랑구,235
6,용마지구대 A,중랑구,191
6,용마지구대 B,중랑구,584
6,용마한신아파트사거리,중랑구,234
6,용문2교 옆,성북구,1341
6,용문사 버스정류장,강서구,881
6,용산 선인상가,용산구,415
6,용산 파크타워 앞,용산구,390
6,용산 푸르지오 파크타운 1단지 앞,용산구,181
6,용산공원갤러리앞,용산구,189
6,용산구꿈나무종합타운 앞,용산구,949
6,용산더프라임아파트 101동 앞,용산구,418
6,용산시티파크 101동 앞,용산구,510
6,용산역 맞은편,용산구,3554
6,용산전쟁기념관,용산구,176
6,용산중학교,용산구,956
6,용신동주민센터,동대문구,783
6,우국한마음 아파트 맞은편,서대문구,945
6,우리은행 방배동지점 앞,서초구,751
6,우리은행 시흥남자동화점 앞,금천구,499
6,우면산등산로 입구,서초구,46
6,우물골 근린공원,은평구,533
6,우성4차아파트,광진구,1304
6,우성식품 앞,광진구,1538
6,우성아파트 교차로,영등포구,936
6,우성아파트 앞,동작구,2131
6,우성아파트사거리 (기업은행앞),서초구,1455
6,우솔초등학교 맞은편,서초구,238
6,우영테크노센터 앞,성동구,1735
6,우이교 교차로,도봉구,1527
6,우이동 먹거리마을,강북구,145
6,우이동길마을마당,강북구,587
6,우이천 창번교,강북구,593
6,우장산동 가곡어린이공원앞,강서구,3370
6,우장산역 1번출구옆(우장산아이파크105동앞),강서구,2024
6,우장산역 3번출구,강서구,1760
6,우장산역 헤링턴타워 앞,강서구,1450
6,우장초등학교 앞,강서구,2153
6,원남동사거리,종로구,1153
6,원당공원 앞,도봉구,1230
6,원당근린공원,강서구,2139
6,원메디타운 앞,구로구,2098
6,원묵고등학교,중랑구,1060
6,원일교회,광진구,2166
6,원자력 병원,노원구,504
6,원풍빌라앞,은평구,623
6,원효로2가 교차로,용산구,633
6,원효로다목적체육관 앞,용산구,472
6,월계 롯데캐슬아파트 뒤,노원구,572
6,월계 센트럴 아이파크,노원구,1017
6,월계 청백1단지 아파트 정류장,노원구,405
6,월계1동주민센터 앞,노원구,844
6,월계2교 교차로,강북구,473
6,월계2교 버스정류장 앞,성북구,603
6,월계문화체육센터,노원구,180
6,월계역 1번 출구,노원구,849
6,월계중학교,노원구,344
6,월계초안아파트 1단지,노원구,501
6,월계프라자,노원구,573
6,월곡역 3번출구,성북구,2389
6,월곡역 5번출구 앞,성북구,1641
6,월곡역 입구 육교 밑,성북구,332
6,월드메르디앙 벤처센터 2차,금천구,1124
6,월드컵경기장역 3번출구 옆,마포구,2288
6,월드컵공원,마포구,2029
6,월드컵파크 4단지,마포구,345
6,월정초 사거리,양천구,693
6,웨스틴 조선호텔,중구,485
6,웰니스센터(민방위교육장 앞),종로구,1204
6,웰츠타워 오피스텔,광진구,1844
6,위너스 스포츠클럽 골프연습장옆,금천구,423
6,위례 포레샤인 1809동 부근,송파구,299
6,위례22단지 2208동 다리앞,송파구,515
6,위례동주민센터,송파구,2343
6,위례별 유치원 뒤,송파구,571
6,위례송파꿈에그린아파트24단지 앞 성벽 다리 밑,송파구,284
6,위례아이파크 101동 맞은편,송파구,483
6,위례중앙푸르지오 1단지 앞,송파구,1087
6,위례중앙푸르지오 201동 앞,송파구,1851
6,위례포레나송파,송파구,784
6,위례포레샤인 2310동 부근,송파구,391
6,위례포레샤인13단지,송파구,613
6,위례포레샤인18단지 1802동,송파구,325
6,위례포레샤인18단지 1812동,송파구,197
6,위례포레샤인아파트 정류장,송파구,746
6,윗반마을 입구,강남구,153
6,유니베라 앞,성동구,1649
6,유스호스텔 앞,영등포구,1373
6,유원목동아파트 103동 앞,양천구,2872
6,유진투자증권빌딩 앞,영등포구,2179
6,유한양행앞,동작구,1478
6,육군사관학교  앞,노원구,2007
6,윤선생빌딩(JYP사옥),강동구,3061
6,으뜸공원,양천구,988
6,은곡마을,강남구,483
6,은마아파트 입구 사거리,강남구,1144
6,은마아파트입구 사거리(1),강남구,152
6,은천교회,관악구,807
6,은천교회 앞,관악구,1153
6,은천로입구 가로공원,관악구,2532
6,은천삼거리,관악구,353
6,은천초등학교 육교,관악구,563
6,은천치안센터,관악구,1158
6,은평 성모병원 사거리,은평구,530
6,은평 지웰테라스,은평구,159
6,은평구청 교차로,은평구,933
6,은평뉴타운 도서관,은평구,498
6,은평뉴타운 상림마을 13단지,은평구,109
6,은평뉴타운 아이파크,은평구,698
6,은평뉴타운 은뜨락아파트앞,은평구,465
6,은평뉴타운 푸르지오,은평구,811
6,은평뉴타운 힐데스하임,은평구,1029
6,은평뉴타운구파발9단지,은평구,638
6,은평뉴타운폭포동 힐스테이트4단지,은평구,217
6,은평다목적체육관,은평구,360
6,은평서해그랑블아파트앞,은평구,531
6,은평세무서 버스정류장(은평구청 방면),은평구,1118
6,은평역사한옥박물관,은평구,264
6,은평예술회관,은평구,1014
6,은평평화공원(역촌역4번출구),은평구,1803
6,은하수 공원,노원구,475
6,을지로2가 사거리 남측,중구,561
6,을지로2가 사거리 북측,중구,712
6,을지로3가역 3번출구,중구,1568
6,을지로4가역 1번출구,중구,1097
6,을지로4가역 9번출구,중구,1849
6,을지로입구역 2번출구,중구,1341
6,을지로입구역 4번출구 앞,중구,1185
6,을지로입구역 8번출구,중구,439
6,을지로지하쇼핑센터,중구,535
6,응봉삼거리,성동구,527
6,응봉역 1번출구,성동구,3717
6,응봉현대아파트 정류소,성동구,237
6,응암2동주민센터 버스정류장(영락중학교 방면),은평구,369
6,응암시장교차로,은평구,1886
6,응암역2번출구 국민은행 앞,은평구,3382
6,응암역3번 출구(서부경찰서 방면),은평구,309
6,응암오거리,은평구,1905
6,의정관,영등포구,302
6,이대목동병원보도육교,양천구,1172
6,이대서울병원,강서구,1748
6,이대역 4번 출구,서대문구,285
6,이대역 5번출구,마포구,553
6,이랜드글로벌R&D센터,강서구,900
6,이마트 버스정류소 옆,성동구,1782
6,이마트 버스정류장(서부경찰서 방면),은평구,2184
6,이문e편한세상아파트 앞,동대문구,656
6,이문대성유니드아파트 앞,동대문구,733
6,이문동 쌍용아파트 정문,동대문구,979
6,이문삼익아파트 앞,동대문구,276
6,이수고가차도 남단,서초구,1261
6,이수교차로,서초구,1650
6,이수성결교회 옆,동작구,108
6,이수역 11번출구쪽,동작구,1542
6,이수역 1번출구,서초구,2303
6,이수역 4번 출구,서초구,1366
6,이수역 6번출구 앞,서초구,746
6,이수역9번출구,동작구,984
6,이앤씨드림타워 앞,영등포구,2918
6,이좋은집오피스텔 앞,구로구,665
6,이촌1동 마을공원,용산구,413
6,이촌1동 주민센터 뒤,용산구,1299
6,이촌2동 동원베네스트 아파트 앞,용산구,872
6,이촌역2번 출구,용산구,348
6,이촌역5번출구 앞,용산구,141
6,이태원관광특구 입구(용산구청방향),용산구,221
6,이태원관광특구입구A(녹사평역쪽),용산구,142
6,이태원로 255,용산구,52
6,이태원역 3번 출구,용산구,704
6,이태원지하보도,용산구,720
6,이투스교육 앞,서초구,226
6,이튼타워리버 2차,광진구,1390
6,이화공영주차장,종로구,523
6,이화여대 인문관 인근,서대문구,217
6,이화여대 후문,서대문구,669
6,인덕대학교,노원구,864
6,인왕산 아이파크 정문,종로구,257
6,인재개발원 데이터센터,서초구,21
6,인재개발원 배움관,서초구,63
6,인헌초교,관악구,267
6,일동제약 사거리,서초구,736
6,일성아파트,종로구,306
6,일신초등학교 옆,성북구,244
6,일원1동 주민센터,강남구,762
6,일원1동주민센터앞 사거리,강남구,646
6,일원에코파크 앞(개포로 방면),강남구,408
6,일원에코파크 주차장,강남구,543
6,일원역 4~5번 출구 사이,강남구,558
6,임광빌딩 앞,서대문구,371
6,자곡사거리,강남구,1586
6,자교교회 앞,종로구,1211
6,자양(뚝섬한강공원)역 1번출구 앞,광진구,9219
6,자양2동 주민센터,광진구,1535
6,자양나들목,광진구,2247
6,자양사거리 광진아크로텔 앞,광진구,1915
6,자양사거리(서원빌딩),광진구,3260
6,자양중앙나들목,광진구,1550
6,자양한강도서관,광진구,1654
6,잔디마을 마을버스 정류장,서초구,1174
6,잠실 자전거 수리센터 앞,송파구,2415
6,잠실 파크리오 120동 앞,송파구,1448
6,잠실3거리(갤러리아팰리스),송파구,1075
6,잠실4동 주민센터 옆,송파구,1576
6,잠실근린공원,송파구,1922
6,잠실나들목,송파구,2012
6,잠실나들목2(엘스아파트136동),송파구,842
6,잠실나들목4,송파구,1772
6,잠실나들목5,송파구,624
6,잠실나들목6,송파구,729
6,잠실나루 나들목,송파구,1597
6,잠실나루역 (2번 출구 쪽),송파구,2623
6,잠실나루역 고가하부,송파구,486
6,잠실나루역4번출구뒤,송파구,1555
6,잠실대교북단 교차로,광진구,1839
6,잠실새내역 1번출구,송파구,2270
6,잠실새내역 5번 출구 뒤,송파구,4025
6,잠실역 6번출구,송파구,1686
6,잠실역 8번출구,송파구,3649
6,잠실주공 521동 건너편,송파구,2217
6,잠실주공5단지1,송파구,1900
6,잠실트리지움310동 옆,송파구,1985
6,잠원역 3번-4번 출구사이,서초구,1027
6,잣절보도육교 아래,양천구,579
6,장곡초등학교 앞,성북구,899
6,장로회신학대학교 주기철 기념관,광진구,97
6,장미원시장 건너편,강북구,721
6,장수공원,양천구,903
6,장승배기역 5번출구,동작구,1626
6,장승배기역2번출구뒷편쪽,동작구,783
6,장안동 사거리,동대문구,3614
6,장안동근린공원 입구,동대문구,854
6,장안동삼거리 교통섬,동대문구,986
6,장안동위더스빌옆,동대문구,2860
6,장안중학교,중랑구,887
6,장안힐스테이트(아) 앞,동대문구,2229
6,장위뉴타운 꿈에 숲 코오롱 하늘채 앞,성북구,1216
6,장지공영차고지,송파구,227
6,장지역 1번출구,송파구,1458
6,장충동먹자골목 앞,중구,769
6,장충체육관,중구,166
6,장한평역 3번출구,동대문구,4479
6,장한평역 8번 출구 앞,성동구,2207
6,장훈고 앞,영등포구,786
6,재동초교 앞 삼거리,종로구,800
6,전농SK아파트 앞,동대문구,401
6,전농동 동아아파트 앞,동대문구,1365
6,전농동 텃골공원,동대문구,732
6,전농사거리 교통섬,동대문구,1278
6,전농삼성아파트,동대문구,256
6,전농초등학교 건너편,동대문구,539
6,전자랜드 본관 앞,용산구,877
6,정금마을 마을버스정류장,동작구,562
6,정동사거리,중구,923
6,정릉꿈에그린1단지 201동 앞,성북구,258
6,정릉도서관 앞,성북구,654
6,정릉역,성북구,606
6,정의여중고 버스정류소,도봉구,503
6,제2구민체육센타 앞,영등포구,2078
6,제각말푸르지오 5-1단지 아파트,은평구,213
6,제기2교,동대문구,1588
6,제기동 현대아파트 앞,동대문구,389
6,제기동역 1번출구,동대문구,2430
6,제니스스포츠 앞,구로구,434
6,제일강산수산입구,도봉구,1136
6,제일빌딩 앞,마포구,1189
6,조계사앞사거리,종로구,1208
6,조원동 강남힐병원,관악구,1174
6,조원동 미성아파트,관악구,1081
6,종각역 1번출구 앞,종로구,1837
6,종각역 5번출구,종로구,1442
6,종로2가 버스정류장 (종각방향),종로구,1141
6,종로2가 사거리,종로구,1224
6,종로3가역 15번출구 뒤,종로구,847
6,종로3가역 2번출구 뒤,종로구,1282
6,종로3가역 8번출구,종로구,2405
6,종로4가 사거리,종로구,1129
6,종로5가역 4번출구,종로구,1216
6,종로6가역 버스정류장(동대문 방향),종로구,964
6,종로구청 옆,종로구,1942
6,종로꽃시장 입구 옆,종로구,837
6,종로문화원 건너편,종로구,657
6,종로오가 지하쇼핑센터 14번출구,종로구,1229
6,종로타워빌딩,종로구,1209
6,종로플레이스,종로구,2082
6,종묘,종로구,734
6,종묘공영주차장 건너편,종로구,447
6,종암동 동덕여대 제2생활관 앞,성북구,1701
6,종암박스파크,성북구,1244
6,종암초등학교 뒤(새울센스빌),동대문구,374
6,종합운동장역 4번출구,송파구,1551
6,주공14단지,금천구,166
6,주공601동 상가 노원지하보도 앞,노원구,1788
6,주식회사 오뚜기 정문 앞,강남구,637
6,주원 리젠트 앞,강서구,702
6,주홍교 하부,서초구,294
6,준빌딩 앞,은평구,289
6,중계 롯데마트,노원구,1660
6,중계2차 한화꿈에그린 101동 인근,노원구,879
6,중계3차청구아파트,노원구,1207
6,중계구민체육센터,노원구,882
6,중계근린공원내,노원구,3699
6,중계동 성모빌딩 앞,노원구,1774
6,중계동 을지중학교,노원구,915
6,중계동 하나프라자빌딩 앞(중1-1),노원구,2029
6,중계본동 입구,노원구,241
6,중계역 2번출구,노원구,2452
6,중계역 3번출구,노원구,2011
6,중계역 6번출구,노원구,1969
6,중계종합사회복지관 교차로,노원구,557
6,중계주공2단지 앞,노원구,721
6,중계중학교,노원구,1733
6,중곡 성원아파트 앞,광진구,976
6,중곡SK아파트앞,광진구,682
6,중곡동 파크웨이빌딩,광진구,313
6,중곡역 1번출구,광진구,1202
6,중대후문 마을버스정류장,동작구,481
6,중랑공영차고지 옆,중랑구,946
6,중랑교사거리,동대문구,1237
6,중랑구민회관,중랑구,248
6,중랑구청,중랑구,1090
6,중랑구청 사거리,중랑구,1330
6,중랑구청 중화동 별관 앞,중랑구,2190
6,중랑데시앙플렉스 앞,중랑구,493
6,중랑물재생센터(서울새활용플라자),성동구,555
6,중랑세무서,중랑구,2256
6,중랑역 1번 출구(중화문화복지센터),중랑구,979
6,중랑전화국 교차로,중랑구,1470
6,중랑천 뚝방길 산책로 입구,광진구,1290
6,중랑캠핑숲,중랑구,161
6,중림동삼거리,중구,169
6,중부경찰서앞 사거리,중구,399
6,중부경찰서앞사거리 건너편,중구,346
6,중부세무서 앞,중구,219
6,중앙고입구 삼거리,종로구,206
6,중앙근린공원,서대문구,1037
6,중앙농협(자양동),광진구,1966
6,중앙대학교 정문 1,동작구,644
6,중앙대학교 중앙광장,동작구,164
6,중앙동 동진빌딩,관악구,829
6,중앙보훈병원역 1번출구,강동구,290
6,중앙보훈병원역3번출구,강동구,181
6,중앙유통단지 앞,구로구,811
6,중앙유통단지 앞 B,구로구,932
6,중앙일보,중구,167
6,중앙하이츠 아파트 입구,노원구,1773
6,중화동 우리은행 앞,중랑구,1033
6,중화빌딩 앞 (동부시장),중랑구,995
6,중화수경공원,중랑구,1250
6,중화역 2번출구,중랑구,1413
6,중화역 4번출구,중랑구,848
6,증권거래소후문교차로,영등포구,1552
6,증미역 2번출구,강서구,1967
6,증미역 3번출구뒤(등촌두산위브센티움오피스텔),강서구,2932
6,증산2교,서대문구,1883
6,증산3교 앞,서대문구,1335
6,증산교 앞,서대문구,1725
6,증산역 4번출구,은평구,1449
6,진관고등학교앞,은평구,522
6,진관동 은빛초등학교,은평구,386
6,진미파라곤 앞,영등포구,1483
6,진주아파트상가 앞,영등포구,887
6,참새공원(백곡경노당),구로구,402
6,창1동주민센터,도봉구,673
6,창경궁 입구,종로구,652
6,창동 주공 4단지 입구 옆,도봉구,725
6,창동19단지아파트 관리사무소앞,도봉구,926
6,창동시장입구 사거리,도봉구,793
6,창동역 1번출구 건너편,도봉구,766
6,창동역 1번출구 앞,도봉구,3264
6,창동역 2번출구,도봉구,3478
6,창동주공17단지 상가앞,도봉구,1445
6,창동주공19단지앞,도봉구,1204
6,창동청소년수련관,도봉구,877
6,창동한신아파트 버스정류소,도봉구,746
6,창신3동주민센터,종로구,1064
6,창신두산아파트,종로구,154
6,창신역 1번출구 앞,종로구,626
6,창신역2번 출구,종로구,248
6,창원초등학교 교차로,도봉구,768
6,창포원 남쪽 입구,도봉구,736
6,천동초교 삼거리,강동구,1535
6,천동초교입구사거리 버스정류장(십자성마을 방면),강동구,1766
6,천왕역 1번 출입구 앞,구로구,1933
6,천왕역 3번 출구 뒤,구로구,1003
6,천왕역 4번출구 뒤,구로구,894
6,천왕연지타운2단지 앞,구로구,1439
6,천왕이펜하우스 4단지 후문,구로구,338
6,천왕이펜하우스3단지 앞,구로구,383
6,천왕이펜하우스5단지 앞,구로구,374
6,천왕지구삼거리 앞,구로구,622
6,천왕차량사업소 입구,구로구,712
6,천일초교 사거리,강동구,783
6,천주교 대치 2동 교회 옆,강남구,986
6,천지인 오피스텔 앞,종로구,93
6,천호시장 버스정류소 옆,강동구,663
6,천호역 10번 출구 앞,송파구,3436
6,천호역4번출구(현대백화점),강동구,4555
6,천호지하주차장 5번 출입구,강동구,1101
6,천호초교 입구 사거리(일주빌딩),강동구,946
6,철도교통관제센터 정문 앞,구로구,1660
6,청계2가 사거리 옆,종로구,1440
6,청계3가 사거리,종로구,1219
6,청계8가 사거리 B,성동구,2399
6,청계8가사거리 A,종로구,1858
6,청계9가교차로 앞,동대문구,2658
6,청계광장 옆,중구,1425
6,청계벽산아파트 앞,성동구,1535
6,청계산 입구 삼거리,서초구,164
6,청계산입구역 1번출구,서초구,1130
6,청계산입구역 2번출구,서초구,231
6,청계천 박물관 앞,성동구,661
6,청계천 생태교실 앞,성동구,5122
6,청계천 영도교,중구,3000
6,청계한신휴플러스앞 삼거리,동대문구,1185
6,청구e편한세상아파트 113동 앞,중구,972
6,청구성심병원 앞,은평구,719
6,청구아파트 앞,구로구,1326
6,청기와빌딩,양천구,740
6,청년주택 독산동점,금천구,570
6,청년취업사관학교앞,금천구,484
6,청담공원앞 교차로,강남구,901
6,청담나들목입구,강남구,578
6,청담동 맥도날드 옆(위치),강남구,393
6,청담사거리(신한오피스텔빌딩 앞),강남구,392
6,청담역 11번 출구,강남구,149
6,청담역 13번 출구 앞,강남구,412
6,청담역 1번출구,강남구,267
6,청담역 2번출구,강남구,173
6,청담역(우리들병원 앞),강남구,312
6,청량리 기업은행 앞,동대문구,3289
6,청량차도 육교 밑,동대문구,642
6,청소년수련관 후문,노원구,3973
6,청소년수련관(수영장)앞,강남구,459
6,청소년음악센터,양천구,766
6,청솔우성아파트 앞,동대문구,1277
6,청암예술학교 앞,노원구,1465
6,청암자이아파트 앞,용산구,754
6,청와대앞길,종로구,164
6,청운초교 앞 삼거리,종로구,687
6,청파동삼거리 앞,용산구,775
6,청파동입구 교차로,용산구,863
6,초롱타운 앞,구로구,286
6,초원아파트 앞,영등포구,1326
6,총신대 앞(육교),동작구,73
6,충무로역 1번출구,중구,814
6,충무로역 6번출구 앞,중구,1049
6,충북 미래관,영등포구,3099
6,충정2교,서대문구,625
6,충정로역 1번 출구,서대문구,219
6,충정로역 2호선(엘리베이터 앞),중구,639
6,충정로역 3번 출구,서대문구,259
6,충정로역 7번출구 아래,서대문구,590
6,커먼그라운드,광진구,3413
6,코레일유통본사,영등포구,1194
6,코스트코 상봉점,중랑구,1803
6,코오롱One&Only타워,강서구,2181
6,코오롱디지털타워 3차앞,성동구,1778
6,코오롱아파트사거리,마포구,2740
6,코오롱테크노밸리,금천구,293
6,콤텍시스템 앞,영등포구,815
6,크라운호텔앞 버스정류소,용산구,596
6,크린랩 본사,강남구,299
6,탄천1교 하부보도,송파구,596
6,탑골공원 앞,종로구,676
6,탑성마을 버스정거장 옆,서초구,28
6,탑성마을입구,서초구,33
6,태릉입구역 3번출구,노원구,1253
6,태릉입구역 5번출구,노원구,3354
6,태릉입구역 8번출구,노원구,2188
6,태평양물산,구로구,3121
6,테라타워2,송파구,2376
6,테크노마트 앞,구로구,2361
6,퇴계로4가 교차로(중구청),중구,1184
6,트레빌빌딩,강동구,1304
6,파르코 앞,노원구,288
6,파크타워 104동 앞,용산구,304
6,파크팰리스,종로구,794
6,페코텍글로벌허브빌딩 앞,성동구,2496
6,평생학습관 앞,은평구,1322
6,평창동주민센터 앞,종로구,158
6,평화도봉공원 주변,도봉구,848
6,포레나 당산,영등포구,1577
6,포레스 주상복합 빌딩,강동구,1633
6,포르투갈 대사관 앞,종로구,869
6,포스코사거리 서측(수협 삼성동 지점),강남구,501
6,포스코사거리(기업은행),강남구,1362
6,포스코피앤에스타워 (역삼역 3번출구 부근),강남구,767
6,폭포동입구 교차로,은평구,287
6,푸르메병원,마포구,1290
6,푸조비즈타워 앞,성동구,1624
6,풍납근린공원,송파구,844
6,풍납동 아이파크 107동 앞,송파구,1039
6,풍납백제문화공원 옆 인근,송파구,2381
6,풍납사거리 성내유수지,송파구,864
6,풍납사거리(강동),강동구,1388
6,풍납중학교 측면,송파구,302
6,풍납토성 서성벽터A,송파구,1026
6,풍납토성 서성벽터B,송파구,662
6,풍납현대아파트쉼터,송파구,1925
6,풍전아파트 건너편,용산구,901
6,프라이어팰리스아파트,강동구,754
6,프라자 아파트 앞,강동구,803
6,프런트원(공덕역4번출구 앞),마포구,794
6,필동 삼거리,중구,656
6,하계 어린이 공원,노원구,1828
6,하계2동 공항버스정류장 옆,노원구,2101
6,하계동 중평어린이공원 앞,노원구,451
6,하계역 6번출구,노원구,1645
6,하늘공원 입구,마포구,724
6,하늘숲초등학교 앞,구로구,1126
6,하늘채코오롱아파트 건너편,마포구,2100
6,하얏트호텔 앞,용산구,91
6,하우스디세종타워 앞,성동구,1141
6,하이투자증권 앞,영등포구,1462
6,학동로 래미안 아파트 앞,강남구,132
6,학동역,강남구,429
6,학여울역 사거리,강남구,456
6,학여울역 사거리(LG베스트샵 앞),강남구,649
6,학여울역사거리(은마아파트),강남구,230
6,한가람미술관 앞,서초구,254
6,한강 현대아파트 건너편,동작구,45
6,한강GS에클라트 건너편 교통섬,용산구,684
6,한강공원 망원나들목,마포구,10230
6,한강대교 북단 교차로,용산구,1639
6,한강버스 마곡 선착장,강서구,675
6,한강아파트,강서구,1581
6,한강중학교 앞 버스정류장,용산구,312
6,한강진역 2번 출구 앞,용산구,283
6,한강초교보도육교 앞,용산구,954
6,한강트럼프월드3차 앞,용산구,1140
6,한국SGI 양천문화회관 앞,양천구,1039
6,한국과학기술연구원 북문,성북구,202
6,한국과학기술연구원 중문,성북구,256
6,한국국방연구원 앞,동대문구,1208
6,한국우편사업진흥원,강남구,168
6,한국은행,중구,415
6,한국전력 구로금천지사 앞,금천구,596
6,한국전력공사(동대문 중랑지사),중랑구,1012
6,한국종합기술사옥 앞,강동구,2238
6,한국지역난방공사강남지사,강남구,363
6,한국체육대학교,송파구,524
6,한국콜마종합기술원 앞,서초구,1
6,한남 유수지 복개주차장,용산구,776
6,한남나들목 입구,용산구,1474
6,한남나인원 105동 앞,용산구,404
6,한남초교 앞 보도육교,용산구,91
6,한내 행복발전소 옆,노원구,2603
6,한내근린공원 남측,노원구,735
6,한내근린공원 북측,노원구,1241
6,한림대학교 강남성심병원 신관,영등포구,1244
6,한림연예예술고등학교,송파구,495
6,한마을아파트 정문상가,구로구,1835
6,한사랑교회 앞,양천구,1087
6,한성대7번출구 앞,성북구,709
6,한성대입구역2번출구,성북구,1793
6,한성대입구역6번출구 뒤,성북구,776
6,한성백제역 1번출구 뒤,송파구,2557
6,한성백제역 2번 출구,송파구,2571
6,한신16차아파트 119동 앞,서초구,3810
6,한신아파트 앞 육교 아래,금천구,670
6,한신코아 앞,금천구,465
6,한신휴아파트 앞,구로구,1858
6,한양3차아파트 3동 앞,송파구,298
6,한양대병원사거리,성동구,1383
6,한양대역 1번출구,성동구,808
6,한양대역 3번 출구,성동구,1540
6,한양대후문역 부근,성동구,1184
6,한양수자인아파트 앞,중랑구,410
6,한영외국어고등학교,강동구,259
6,한영중고앞사거리,강동구,571
6,한울중학교,금천구,183
6,한일유앤아이아파트 105동 인근,노원구,950
6,한전아트센터 앞,서초구,666
6,한진아파트 입구,구로구,996
6,한천교 동편,노원구,934
6,한티역 3번출구,강남구,408
6,한티역 6번 출구,강남구,453
6,한티역 롯데백화점 앞,강남구,822
6,한화오벨리스크 앞,마포구,807
6,함지박 사거리,서초구,771
6,합정동주민센터 앞,마포구,2105
6,합정역 1번출구 앞,마포구,1378
6,합정역 5번출구 앞,마포구,843
6,합정역 7번출구 앞,마포구,2578
6,항동지구 10단지 1001동 앞,구로구,338
6,항동지구 11단지 1103동 앞,구로구,179
6,항동지구 1단지 105동 앞,구로구,217
6,항동지구 2단지 202동 앞,구로구,244
6,항동지구 3단지 302동 앞,구로구,99
6,항동지구 3단지 311동 앞,구로구,108
6,항동지구 4단지 입구,구로구,142
6,항동지구 6단지 602동 앞,구로구,250
6,항동지구 7단지 정문,구로구,507
6,항동지구 8단지 803동옆(주차장입구),구로구,111
6,항동지구5단지 501동 앞,구로구,248
6,항동프라자,구로구,511
6,항동하버리안2단지아파트 후문,구로구,197
6,해공공원(천호동),강동구,2018
6,해공도서관앞,강동구,982
6,해담는다리,서대문구,2107
6,해뜨는 주유소옆 리엔파크 109동앞,강동구,668
6,해원리바파크 육교 밑,구로구,2050
6,행당동 삼부APT후문,성동구,226
6,행당역 2번출구 앞,성동구,389
6,행당중학교 후문,성동구,678
6,허준박물관삼거리,강서구,1337
6,헬리오시티 112동 앞,송파구,1290
6,헬스케어,노원구,1161
6,현대 뜨레비앙 아파트 앞,종로구,1160
6,현대 안성타워,용산구,231
6,현대6차 아파트,노원구,1363
6,현대6차아파트 101동 옆,양천구,1173
6,현대고등학교 건너편,강남구,1599
6,현대그룹(본사),종로구,981
6,현대백화점 미아점,성북구,812
6,현대벤처빌 앞,마포구,232
6,현대성우아파트 옆,강북구,259
6,현대시장사거리,관악구,1229
6,현대시티아울렛 가산,금천구,1339
6,현대아파트 앞,구로구,719
6,현대아파트 정문 앞,강남구,545
6,현대자동차 동부서비스센터 주변,성동구,1052
6,현대자동차서비스 앞,용산구,856
6,현대하이페리온,양천구,2763
6,현대홈타운 뒷길,광진구,319
6,혜명양로원 담장 옆(2),금천구,326
6,혜화동 로터리,종로구,1455
6,혜화역 1번출구,종로구,2449
6,혜화역 3번출구 뒤,종로구,1229
6,호돌이공원,강서구,749
6,호돌이상가,송파구,584
6,호반써밋,송파구,880
6,호암아트홀,중구,190
6,홈플러스 금천점 앞,금천구,852
6,홈플러스 마포점 앞,마포구,2590
6,홈플러스 면목점,중랑구,848
6,홈플러스 상봉점 앞,중랑구,1380
6,홈플러스 시흥점 맞은편 다비치안경 앞,금천구,766
6,홈플러스 신내점 앞,중랑구,2697
6,홈플러스 잠실점,송파구,1612
6,홈플러스(강서점),강서구,2902
6,홍남교 버스정류장,서대문구,667
6,홍남교 사거리,서대문구,1296
6,홍대입구역 2번출구 앞,마포구,4089
6,홍대입구역 3번출구,마포구,3353
6,홍대입구역 6번출구,마포구,1641
6,홍대입구역 8번출구 앞,마포구,1843
6,홍대입구역 사거리,마포구,1591
6,홍련봉 공원,광진구,441
6,홍연2교 사거리,서대문구,564
6,홍연2교옆,서대문구,1226
6,홍은 현대아이파크 아파트 202동 앞,서대문구,589
6,홍은2파출소 옆,서대문구,618
6,홍은도담도서관,서대문구,490
6,홍은동 정원여중 입구,서대문구,763
6,홍은사거리,서대문구,2874
6,홍은센트레빌 아파트 앞,서대문구,279
6,홍익병원앞 교차로,양천구,1650
6,홍익중고 입구,성북구,1064
6,홍제교,서대문구,696
6,홍제삼거리 북측,서대문구,935
6,화곡2동주민센터,강서구,1071
6,화곡로 입구 교차로,양천구,433
6,화곡본동시장 버스정류장,강서구,584
6,화곡본동시장 입구,강서구,855
6,화곡역 1번 출구 앞,강서구,2149
6,화곡역 6번출구,강서구,1888
6,화곡역 버스정류장,강서구,2223
6,화곡터널입구교차로,강서구,871
6,화랑대역 2번출구 앞,노원구,2891
6,화랑대역 7번출구,중랑구,2021
6,화양 APT(횡단보도 옆),광진구,3248
6,화양동 우체국,광진구,2205
6,화양사거리,광진구,684
6,황금내근린공원,강서구,2715
6,황학동롯데캐슬,중구,1835
6,회기역 2-①번출구,동대문구,2260
6,회현사거리 남측,중구,601
6,회현역 1번출구,중구,309
6,회현역 7번출구,중구,268
6,효성인텔리안 앞,강북구,1781
6,효자동 삼거리,종로구,857
6,효창 푸르지오 앞,용산구,206
6,효창공원앞역 3번출구 앞,용산구,1467
6,효창공원앞역 5번출구 옆,용산구,350
6,효창동주민센터 앞,용산구,262
6,훈련원공원주차장 앞,중구,1314
6,휘경119안전센터 앞,동대문구,907
6,휘경1동주민센터 앞,동대문구,825
6,휘경2동 주민센터,동대문구,330
6,휘경sk뷰아파트 앞,동대문구,495
6,휘경여중고삼거리,동대문구,1166
6,휘문고교 사거리,강남구,238
6,휘봉고등학교 앞,동대문구,1050
6,휴플러스 수락한신아파트 101동 앞,노원구,544
6,흑석 아크로리버하임(103동),동작구,120
6,흑석동주민센터 입구,동작구,249
6,흑석동효사정앞,동작구,152
6,흑석롯데캐슬에듀포레(107동),동작구,405
6,흑석역 1번출구,동작구,2186
6,흑석역 4번출구,동작구,439
6,흑석한강푸르지오 106동앞,동작구,30
6,흑석한강푸르지오(110동),동작구,109
6,흥국사 정류장,은평구,117
6,희성오피앙,노원구,1180
6,희훈타워빌 앞,구로구,1711
6,힐스테이트에코,강서구,2690
6,힐스테이트창경궁 아파트 앞,종로구,832
6,힐스테이트클래시안아파트,영등포구,1074
7,(시립)고덕평생학습관,강동구,565
7,(재)FITI시험연구원,강서구,1456
7,3호선 매봉역 3번출구앞,강남구,1190
7,419민주묘지역,강북구,702
7,419민주묘지역 1번출구,강북구,801
7,419탑 앞,강북구,389
7,"500번,507번 버스 종점 앞",금천구,210
7,63스퀘어,영등포구,1268
7,7호선 이수역7번출구,동작구,764
7,9호선종합운동장역 9번출구,송파구,921
7,AS센터,성동구,86
7,CBS방송국 앞,양천구,4176
7,CJ 드림시티,은평구,2730
7,CJ오쇼핑앞,서초구,127
7,CJ제일제당 앞,중구,1104
7,DDP 패션몰,중구,1259
7,DMC래미안e편한세상203동옆,서대문구,423
7,DMC빌 앞,마포구,588
7,DMC산학협력연구센터 앞,마포구,1108
7,DMC엘가아파트 앞,서대문구,969
7,DMC역 2번출구 옆,마포구,1795
7,DMC역 5번 출구(수색역 방향),은평구,1297
7,DMC역 9번출구 앞,마포구,1987
7,DMC역7번출구,마포구,548
7,DMC첨단산업센터,마포구,359
7,DMC파크뷰자이1단지 110동 앞,서대문구,786
7,DMC파크뷰자이아파트 302동 앞,서대문구,786
7,DMC홍보관,마포구,1116
7,ESA아파트 상가 앞,도봉구,887
7,FITI시험연구원 앞,동대문구,622
7,HID 유족동지회 앞,용산구,114
7,HW컨벤션센터 앞,종로구,160
7,H비즈니스파크,송파구,976
7,H타워 앞,영등포구,1604
7,IBK기업은행 석수역 지점 앞,금천구,145
7,JK장평타워,관악구,201
7,JTBC 앞,마포구,718
7,JW타워,서초구,159
7,K&S빌딩 앞,광진구,1561
7,K+ 타워 앞,강남구,470
7,KAIST 경영대학 앞,동대문구,925
7,KBS 스포츠월드,강서구,2262
7,KBS 앞,영등포구,1768
7,KBS 연구동 건너편,영등포구,563
7,KB국민은행 염창역 지점 앞,양천구,1159
7,KCC용산웰츠(WELLTZ)타워,용산구,439
7,KEB 하나금융그룹 명동사옥 옆,중구,623
7,KEB은행 고대점,성북구,893
7,KG타워 앞,중구,828
7,KRX한국거래소(1),영등포구,536
7,KT 서초지사 앞,서초구,250
7,KT 전화국 버스정류장 옆,노원구,2971
7,KT&G 관악지점,관악구,487
7,KT&G강동지사,강동구,1035
7,KT&G타워 옆(상상마당 대치아트홀),강남구,219
7,KT관악지점,관악구,724
7,KT선릉타워,강남구,855
7,KT앞,영등포구,1971
7,KT플라자 영등포점,영등포구,1732
7,KT혜화지사 앞,종로구,931
7,LG CNS앞,마포구,772
7,LG 사이언스파크,강서구,1017
7,LG사이언스파크 E10동,강서구,1783
7,LG사이언스파크 E14동,강서구,561
7,LG유플러스 (방배사옥),서초구,65
7,LG유플러스 마곡사옥,강서구,3297
7,LG전자 별관동(호서대 벤처타워 맞은편),금천구,772
7,LG전자가산A와 가산테라타워 사이,금천구,988
7,LG트윈타워 앞,영등포구,1015
7,LG한강 자이아파트 앞,용산구,946
7,LH 서초 4단지 403동,서초구,435
7,LH서초3단지 301동 맞은편,서초구,238
7,LIGA 아파트 앞,강동구,2392
7,LIG강촌아파트 103동앞,용산구,986
7,MBC 앞,마포구,511
7,MCM 본사 직영점 앞,강남구,194
7,NH농협은행 앞,영등포구,2454
7,SBS방송국,양천구,1780
7,SB타워 앞,강남구,216
7,SC제일은행 양재동지점 앞,서초구,408
7,SK 남산빌딩,중구,249
7,SK 서린빌딩 앞,종로구,1614
7,SK리쳄블(서울아리수본부),서대문구,283
7,SPC 앞,서초구,546
7,SSTS 몰 앞,강동구,685
7,STX V타워,금천구,498
7,U레지던스 앞,영등포구,857
7,W컨템포오피스텔앞,금천구,233
7,e 편한세상 보문아파트 내,성북구,211
7,e편한세상 상도노빌리티 앞,동작구,565
7,e편한세상 신촌4단지 앞,서대문구,610
7,kt 행당빌딩 앞,성동구,852
7,sk신내 주유소앞(용마산로),중랑구,130
7,가든파이브 리빙관,송파구,241
7,가락1동주민센터,송파구,830
7,가락2동주민센터 인근,송파구,472
7,가락고등학교 앞,송파구,304
7,가락대림아파트 앞,송파구,776
7,가락몰 업무동,송파구,1027
7,가락미륭아파트 앞,송파구,286
7,가락본동주민센터 인근,송파구,961
7,가락삼환아파트 앞,송파구,318
7,가락시장 남1문 사거리,송파구,595
7,가락시장역 2번 출구,송파구,784
7,가락시장역 3번 출구,송파구,1521
7,가락시장역 5번출구,송파구,217
7,가락시장역 사거리,송파구,956
7,가락쌍용2차아파트 103동,송파구,575
7,가락종합 사회복지관,송파구,390
7,가락중학교 앞,송파구,543
7,가락현대 1차 11동 앞,송파구,339
7,가로공원공영주차장 1번 출구,강서구,1221
7,가리봉동주민센터,구로구,1022
7,가마산지하보도 옆,구로구,557
7,가산동 주민센터,금천구,1424
7,가산디지털단지 9번출구 인근,금천구,2617
7,가산롯데아이티캐슬,금천구,805
7,가산아네스트 오피스텔 앞,금천구,556
7,가양3동 주민센터,강서구,1385
7,가양레포츠센터 앞,강서구,1088
7,가양역 1번출구,강서구,2305
7,가양역 7번출구,강서구,3569
7,가양역 8번출구,강서구,3583
7,가양오토갤러리,강서구,885
7,가양테크노타운,강서구,534
7,가오리역,강북구,819
7,가온문화공원,마포구,1237
7,가재울 초등학교,서대문구,1135
7,가재울사거리,서대문구,548
7,가좌삼거리,서대문구,903
7,가좌역 4번출구 앞,서대문구,1186
7,가좌역1 번출구 앞,마포구,873
7,가좌행복주택 앞,마포구,766
7,갈산문화예술센터,양천구,1192
7,갈현1동 주민센터,은평구,433
7,갑을그레이트밸리 앞,금천구,767
7,강남 을지병원 교차로,강남구,200
7,강남경찰서,강남구,720
7,강남구 도시관리공단,강남구,371
7,강남구청,강남구,395
7,강남구청역 2번출구 뒤,강남구,363
7,강남세브란스교차로  래미안그레이튼 104동 앞,강남구,289
7,강남자곡힐스테이트,강남구,552
7,강남중학교 앞,동작구,1011
7,강남파이낸스센터앞(역삼역2번출구),강남구,388
7,강남한신휴플러스 6단지,강남구,401
7,강남한양수자인아파트,강남구,496
7,강동경찰서,강동구,2713
7,강동경희대학교병원 입구,강동구,383
7,강동구음식물재활용센터,강동구,24
7,강동구청 앞,강동구,2302
7,강동구청역 1번 출입구,강동구,1733
7,강동농협 버스정류소 앞(광채빌라),강동구,738
7,강동롯데캐슬퍼스트 아파트(관리동),강동구,590
7,강동리버스트4단지아파트 404동 앞,강동구,334
7,강동리버스트4단지아파트 405동 앞,강동구,222
7,강동리버스트6단지,강동구,381
7,강동리버스트7단지,강동구,399
7,강동리버스트8단지,강동구,479
7,강동리엔파크 13단지(1303동 앞),강동구,586
7,강동리엔파크14단지(1401동 앞),강동구,694
7,강동리엔파크9단지,강동구,445
7,강동세무서,강동구,2541
7,강동역 1번출구 앞,강동구,1556
7,강동역3번출구,강동구,2810
7,강변그대가리버뷰 입구 맞은편,강동구,1140
7,강변삼성래미안,영등포구,1074
7,강변삼성스위트아파트 앞,용산구,236
7,강변아파트 310동 앞,강서구,1008
7,강변역 4번출구 뒤,광진구,948
7,강북 청소년 문화정보도서관 앞,강북구,276
7,강북구청 뒷편,강북구,231
7,강북구청 사거리 버스정류소 앞,강북구,864
7,강북구청사거리,강북구,1120
7,강북구청사거리(수유역 8번출구),강북구,1631
7,강북문화예술회관,강북구,923
7,강북문화정보도서관,강북구,188
7,강북종합시장 앞,강북구,620
7,강북중학교 앞,강북구,1364
7,강서공업고등학교 앞,강서구,898
7,강서구립등빛도서관,강서구,3466
7,강서구민올림픽체육센터,강서구,1824
7,강서구보건소,강서구,648
7,강서구의회,강서구,1785
7,강서구청,강서구,2153
7,강서구청사거리(SH타워),강서구,2551
7,강서구청사거리(부민병원),강서구,1036
7,강서대학교,강서구,353
7,강서면허시험장 앞,강서구,343
7,강서문화센터,강서구,243
7,강서세무서 앞,강서구,2538
7,강서수도사업소민원센터,구로구,1341
7,강서수산물도매시장,강서구,589
7,강서아동복지센터,강서구,138
7,강서우체국,강서구,1049
7,강서초등학교,양천구,348
7,강서한강자이타워 앞,강서구,2649
7,강서힐스테이트 상가 앞,강서구,907
7,강월초교입구 사거리,양천구,525
7,강일 다솜 어린이 공원,강동구,244
7,강일동 리슈빌 빌딩앞,강동구,1159
7,강일동입구교차로,강동구,229
7,강일리버파크 10단지,강동구,548
7,강일리버파크 2~5단지,강동구,511
7,강일리버파크 6단지,강동구,191
7,강일리버파크 7~11단지,강동구,344
7,강일역 3번출구,강동구,664
7,강일역 4번출구,강동구,331
7,"강일중,선사고 버스정류장(신암중학교 방면)",강동구,814
7,개롱역 3번 출구 뒤,송파구,753
7,개롱역사거리 2번 출구,송파구,814
7,개봉센트레빌레우스아파트 앞,구로구,124
7,개봉아이파크아파트 앞,구로구,838
7,개봉역 1번 출구 자전거보관서쪽,구로구,620
7,개봉역2번출구 A,구로구,1426
7,개봉역2번출구 B,구로구,345
7,개봉지구대 개봉치안센터,구로구,644
7,개봉푸르지오아파트 상가,구로구,1383
7,개포1단지아파트 입구 (보도육교),강남구,57
7,개포고등학교 정문앞,강남구,410
7,개포동역 4번출구,강남구,805
7,개포동역 사거리,강남구,479
7,개포래미안포레스트아파트 107동 앞,강남구,513
7,개포우성6차아파트 정문 앞,강남구,269
7,개화광역환승센터,강서구,208
7,개화산역 2번 출구,강서구,805
7,거여5단지 503동 앞,송파구,358
7,거여동 사거리,송파구,307
7,거여동 어울림아파트  102동앞,송파구,540
7,거여동사거리 송파둘레길 입구,송파구,171
7,거여역 3번출구,송파구,1343
7,거여역 8번출구 뒤,송파구,1155
7,거여초등학교 옆,송파구,456
7,건국대학교 (입학정보관),광진구,1013
7,건국대학교 (행정관),광진구,468
7,건국대학교 과학관(이과대) 앞,광진구,604
7,건국대학교 정문 앞,광진구,1246
7,건국대학교 학생회관,광진구,1774
7,건대병원후문,광진구,3116
7,건대입구역 5번출구 뒤,광진구,2839
7,건대입구역 사거리(롯데백화점),광진구,4597
7,건영상가 앞,영등포구,85
7,건영아파트 앞,성동구,1309
7,건영아파트앞 사거리,송파구,1144
7,겸재교 진입부,중랑구,1965
7,겸재정선미술관,강서구,1315
7,경기여자고등학교 후문 (삼성로3길 입구),강남구,600
7,경문고등학교 앞,동작구,598
7,경복궁역 6번출구 뒤,종로구,1547
7,경복궁역 7번출구 앞,종로구,726
7,경서농협 버스정류장(우리은행신정동지점방향),양천구,979
7,경일중학교 앞,성동구,1589
7,"경찰병원역 1,2번 출구 사이",송파구,490
7,경찰병원역 3번출구 앞,송파구,948
7,경창시장,양천구,661
7,경희궁 자이 2단지,종로구,826
7,경희궁 자이 3단지,종로구,928
7,경희대학교 청운관,동대문구,755
7,계남공원 입구 주출입구 좌측,양천구,7
7,고대구로병원 앞,구로구,143
7,고대앞사거리 교통섬,동대문구,936
7,고덕 래미안 힐스테이트(101동),강동구,469
7,고덕 래미안힐스테이트(201동),강동구,187
7,고덕동 래미안 힐스테이트,강동구,246
7,고덕동 아남아파트,강동구,880
7,고덕동 주양쇼핑,강동구,1091
7,고덕센트럴 아이파크상가 앞,강동구,480
7,고덕숲 아이파크 1,강동구,223
7,고덕숲 아이파크 2,강동구,148
7,고덕역 4번출구,강동구,161
7,고덕역 5번출구,강동구,1495
7,고덕자이(105동 앞),강동구,815
7,고덕중학교 후문,강동구,235
7,고덕초등학교,강동구,147
7,고려대학교 2번출구,성북구,1273
7,고려사대부속중고 건너편,성북구,178
7,고려사대부속중고 정문,성북구,229
7,고속터미널역 3번출구,서초구,440
7,고속터미널역 5번출구 앞,서초구,541
7,"고속터미널역 8-1번, 8-2번 출구 사이",서초구,2129
7,고척LIGA아파트 앞,구로구,1436
7,고척교 교차로,구로구,466
7,고척근린공원 고척도서관 앞,구로구,937
7,고척스카이돔구장 광장,구로구,992
7,고척아이파크아파트 106동 앞,구로구,898
7,고척아이파크아파트 205동 앞,구로구,987
7,고투몰 gate 15옆,서초구,619
7,곰달래 문화복지센터 A,강서구,1159
7,곰달래 문화복지센터 B,강서구,344
7,공덕역 2번출구,마포구,819
7,공덕역 5번출구,마포구,827
7,공덕역 8번출구,마포구,1795
7,공덕역 경의선숲길 커뮤니티센터,마포구,532
7,공릉1단지아파트,노원구,1810
7,공릉동 신도1차 아파트 뒤,노원구,853
7,공릉동풍림아파트 101동,노원구,1001
7,공릉로 26길,노원구,678
7,공릉산 백세문 입구,노원구,110
7,공릉역 1번 출구 앞,노원구,2508
7,공릉역3번출구,노원구,1600
7,공릉풍림아파트 108동,노원구,940
7,공무원연금매점 교차로 (개포주공9단지 입구),강남구,696
7,공항시장역 2번출구 뒤,강서구,1217
7,공항시장역 4번출구,강서구,676
7,공항중학교 버스정류장,강서구,532
7,공항중학교앞,강서구,1215
7,공항초등학교건너편,강서구,2176
7,과기대 입구(우),노원구,1717
7,관문주유소(GS칼택스) 앞,강서구,1279
7,관악 GSfresh,관악구,651
7,관악구민체육센터,관악구,411
7,관악구시설관리공단,관악구,1102
7,관악구청교차로,관악구,479
7,관악우체국,관악구,1588
7,관악우체국 교차로,관악구,318
7,광교사거리 남측,중구,676
7,광나루안전체험관,광진구,1087
7,광나루역 3번 출구,광진구,1410
7,광남중학교,광진구,750
7,광문고교사거리(아이파크),강동구,560
7,광산사거리,강북구,1162
7,광양중학교 앞,광진구,389
7,광운대역 앞,노원구,1162
7,광운대학교 중앙도서관,노원구,1299
7,광운초등학교 앞,성북구,524
7,광일빌딩,관악구,739
7,광진 캠퍼스시티,광진구,1739
7,광진경찰서,광진구,2243
7,광진광장,광진구,1517
7,광진광장 교통섬,광진구,2450
7,광진교 남단 사거리(천호공원 방면),강동구,1073
7,광진구 민방위교육센터,광진구,952
7,광진메디칼 앞,광진구,1215
7,광진문화예술회관 앞,광진구,1559
7,광진소방서 앞,광진구,1022
7,광진유진스웰,광진구,109
7,광진정보도서관,광진구,862
7,광진청소년수련관,광진구,1325
7,광평교사거리 인근,송파구,29
7,광화문 S타워 앞,종로구,2134
7,광화문 시민열린마당,종로구,866
7,광화문 풍림스페이스본 1단지앞,종로구,674
7,광화문역 1번출구 앞,종로구,2006
7,광화문역 5번출구,종로구,2187
7,광화문역 6번출구 옆 A,종로구,747
7,광화문역 6번출구 옆 B,종로구,511
7,광흥창역 2번출구 앞,마포구,519
7,광흥창역5번출구,마포구,457
7,광희문,중구,823
7,교대역 5번출구뒤,서초구,1071
7,교대역 6번출구,서초구,631
7,교대입구 교차로,서초구,308
7,교보생명보험 앞,영등포구,1030
7,교보타워 버스정류장(신논현역 3번출구 후면),강남구,639
7,교수마을 입구,강남구,44
7,구 서부경찰서 건너편,은평구,669
7,구기치안센터 앞,종로구,108
7,구로1동우체국 앞,구로구,240
7,구로거리공원 동측(신도림역 방면),구로구,859
7,구로공구상가 앞,구로구,218
7,구로교 아래,동작구,1226
7,구로구배드민턴실내체육관 앞,구로구,554
7,구로구의회 앞,구로구,1234
7,구로구청,구로구,1204
7,구로도서관,구로구,2749
7,구로동롯데아파트,구로구,660
7,구로디지털단지역 앞,구로구,5062
7,구로리공원,구로구,1050
7,구로역 광장,구로구,1794
7,구로역·NC신구로점 버스정류장(구로역 방면),구로구,1280
7,구로월드아파트 앞,구로구,787
7,구로자원순환센터,구로구,120
7,구로중학교앞,구로구,439
7,구룡근린공원,마포구,386
7,구룡마을 입구 (래미안블레스티지 아파트),강남구,159
7,구룡사 삼거리,서초구,299
7,구룡사 앞 교차로 (보도육교),강남구,53
7,구룡산 입구 (구룡산 서울둘레길 입구),강남구,67
7,구룡역 1번 출구,강남구,157
7,구룡역 4번 출구,강남구,100
7,구룡역 5번 출구,강남구,160
7,구룡초사거리 (현대아파트10동 앞 ),강남구,310
7,구룡터널 입구(개포1단지아파트),강남구,8
7,구립양천어르신요양센터,양천구,90
7,구산역 2번 출구 예일여고 버스정류장,은평구,1037
7,구산역 4번출구,은평구,1014
7,구암초등학교 버스정류장,관악구,176
7,구역삼세무서 교차로,강남구,604
7,구의3동주민센터,광진구,379
7,구의7단지현대아파트,광진구,200
7,구의공원(테크노마트 앞),광진구,1525
7,구의문주차장 앞,광진구,1428
7,구의삼성쉐르빌 앞,광진구,2075
7,구의아리수정수센터앞,광진구,548
7,구의역 리버비스타 오피스텔,광진구,2357
7,구일고등학교 정문,구로구,1278
7,구일역 1번 출입구 앞,구로구,1555
7,구일우성(아) 육교 밑,구로구,1279
7,구파발10단지 인근,은평구,207
7,구파발역 2번출구,은평구,1875
7,구파발역 환승센터,은평구,461
7,국군복지단,용산구,263
7,국립국악원 앞,서초구,189
7,"국립국악중,고교 정문 맞은편",강남구,632
7,국립어린이과학관,종로구,419
7,국립중앙도서관(국제회의장옆),서초구,287
7,국립중앙박물관 -용산가족공원 앞,용산구,212
7,국립중앙박물관 정문 앞,용산구,105
7,국립항공박물관,강서구,453
7,국립현대미술관,종로구,809
7,국민연금공단충정로사옥,서대문구,204
7,국민은행 연서지점,은평구,561
7,국민은행 종암동지점 앞,성북구,1823
7,국민일보 앞,영등포구,2444
7,국악고교 앞 교차로,강남구,277
7,국제 스케이트장,노원구,109
7,국제루터교회 앞,용산구,119
7,국제빌딩,중구,344
7,국회2문,영등포구,137
7,국회3문,영등포구,112
7,국회6문,영등포구,202
7,국회도서관,영등포구,400
7,국회소통관,영등포구,352
7,국회의사당 본관,영등포구,378
7,국회의사당역 3번출구 옆,영등포구,1374
7,국회의사당역 5번출구 옆,영등포구,798
7,국회의원회관,영등포구,149
7,국회제2의원회관,영등포구,364
7,군자교 서측 녹지대,동대문구,1221
7,군자교교차로,광진구,1098
7,군자역 7번출구 베스트샵 앞,광진구,1404
7,군자역 7번출구뒤,광진구,2967
7,군자역 비채온 오피스텔,광진구,1377
7,군자역2번출구,광진구,1428
7,군자역4번출구,광진구,1085
7,군자지하보도 앞,성동구,1028
7,굽은다리역,강동구,3012
7,궁동생태공원,구로구,124
7,그랜드아이파크아파트 앞,강서구,3979
7,그랜드컨벤션센터 앞,영등포구,2027
7,그룹한빌딩옆,서초구,119
7,극동늘푸른아파트,중랑구,1343
7,극동방송국 앞,마포구,703
7,극동스포츠 앞,강남구,345
7,극동아파트,송파구,720
7,극동의 푸른별 아파트 뒤(중계4동주민센터 앞),노원구,617
7,근로자회관 사거리,영등포구,2898
7,금강수목원아파트 앞,구로구,458
7,금남시장 교차로,성동구,365
7,금란주차장 앞,중랑구,792
7,금암 문화공원,은평구,156
7,금옥여고보도육교,양천구,552
7,금원빌딩 앞,강남구,328
7,금융감독원 앞,영등포구,1175
7,금천구립 독산도서관,금천구,152
7,금천구청 앞 자전거거치대,금천구,248
7,금천구청앞(M빌딩),금천구,287
7,금천구청역 1번 출구,금천구,744
7,금천폭포공원 앞,금천구,139
7,금천현대홈타운 후문 서부샛길,금천구,484
7,금호 어울림 아파트 앞,성동구,615
7,금호나들목,성동구,764
7,금호사거리,성동구,230
7,금호스포츠센터앞,성동구,439
7,금호어울림센터힐 내,성북구,210
7,금호역 1번출구 앞,성동구,260
7,금호역 3번출구,성동구,145
7,기쁜우리복지관,강서구,1802
7,기아자동차 사당점 앞,동작구,1073
7,기자촌 사거리 A,은평구,123
7,기자촌사거리 B,은평구,161
7,길동 동호빌딩,강동구,394
7,길동 마루빌딩,강동구,3196
7,길동 사거리(초소앞),강동구,1330
7,길마중4교 하부,서초구,801
7,길성그랑프리텔아파트,강서구,2768
7,길음8골어린이공원 옆,성북구,609
7,길음뉴타운 래미안9단지,성북구,494
7,길음뉴타운푸르지오아파트 3단지,성북구,100
7,길음래미안아파트817동 상가 앞,성북구,395
7,길음문화복합미디어센터,성북구,356
7,길음역 3번출구 뒤,성북구,901
7,김근태도서관,도봉구,234
7,김포공항사거리,강서구,367
7,김포공항입구 교차로,강서구,1594
7,김포공항입구 교통섬,강서구,411
7,까치산역 3번 출구,강서구,1249
7,꿈마루어린이도서관 앞,동대문구,882
7,꿈의숲 SK뷰 아파트,노원구,1014
7,꿈의숲 롯데캐슬,강북구,283
7,나들목공원,관악구,427
7,나루마당,광진구,124
7,나이아가라관광호텔,강서구,574
7,낙성대 과학전시관,관악구,191
7,낙성대 교수아파트,관악구,178
7,낙성대공원,관악구,132
7,낙성대로 입구,관악구,422
7,낙성대역 1번출구,관악구,417
7,낙성대역 3번출구 뒤,관악구,570
7,낙성대역 5번출구,관악구,357
7,낙성대입구삼거리,관악구,388
7,낙원교회 맞은편,구로구,320
7,낙원상가 옆,종로구,1094
7,난곡사거리,관악구,1097
7,난곡종점,관악구,309
7,난우길입구,관악구,555
7,남가좌동 제2공영주차장,서대문구,164
7,남구로역 5번 출입구 앞,구로구,457
7,남부고용노동지청 남측,영등포구,1532
7,남부법원검찰청 교차로,양천구,2231
7,남부순환로 205,강서구,577
7,남부터미널역 1번출구,서초구,412
7,남산공원 야외식물원 앞,용산구,57
7,남산도서관 앞,용산구,558
7,남산타운아파트 버스정류장,중구,226
7,남서울중학교,관악구,909
7,남성역3번출구 뒤,동작구,1028
7,남영역 건너편,용산구,1114
7,남위례1,송파구,413
7,남태령역 2번출구,서초구,73
7,내곡3단지 어린이공원 앞,서초구,418
7,내곡도서관,서초구,184
7,내곡파출소 뒤 정자,서초구,106
7,내방역 8번출구 앞,서초구,574
7,넥센 유니버시티 앞,강서구,1549
7,"노들섬 다목적홀(동쪽) 숲, 앞",용산구,275
7,노들섬 동측 앞,용산구,172
7,노들섬 서측 앞,용산구,1435
7,노들역 1번출구,동작구,2122
7,노들역 3번출구,동작구,669
7,노량진1동 청소년독서실,동작구,285
7,노량진근린공원,동작구,238
7,노량진근린공원 대방공원,동작구,486
7,노량진역 2번 출구 앞,동작구,1156
7,노량진역 5번출구,동작구,2267
7,노보텔 앰배서더 앞,강남구,165
7,노원 마들스타디움,노원구,709
7,노원 을지대학교 병원,노원구,1587
7,노원경찰서교차로,노원구,1265
7,노원구청,노원구,1224
7,노원문화예술회관,노원구,1393
7,노원성당 앞,노원구,439
7,노원소방서인근,노원구,557
7,노원역1번출구,노원구,3538
7,노원역7번출구,노원구,1972
7,노원정보도서관,노원구,1185
7,노일초등학교 앞,노원구,746
7,노해근린공원내,노원구,304
7,녹번 힐스테이트상가앞,은평구,196
7,녹번역 3번출구,은평구,946
7,녹번역1번출구앞,은평구,350
7,녹번역e편한세상 캐슬 정문 앞,은평구,812
7,녹번초등학교(서오릉로),은평구,588
7,녹사평역1번출구,용산구,436
7,녹사평역3번 출구,용산구,201
7,녹천교 앞 사거리,도봉구,735
7,녹천역 1번출구 앞,도봉구,542
7,녹천역 4번 출구 옆,노원구,342
7,논골사거리(금호도서관 입구),성동구,218
7,논현동 광명빌딩 앞,강남구,268
7,논현동가구거리,강남구,170
7,논현역 10번출구,강남구,821
7,농수산식품공사 (강서지사),강서구,176
7,농협생명본사빌딩 서관,서대문구,439
7,누리꿈스퀘어 옆,마포구,1564
7,뉴코아 킴스클럽 앞,서초구,716
7,늘푸른공원 앞,중랑구,677
7,능골근린공원,강동구,483
7,능산삼거리,중랑구,254
7,능안마을입구,서초구,34
7,다락원체육공원 전망대 입구,도봉구,350
7,다성이즈빌아파트(호원대 대각선 맞은편),강동구,3323
7,달맞이공원,성동구,46
7,답십리 래미안엘파인아파트 입구,동대문구,618
7,답십리역 1번출구,동대문구,2907
7,답십리역 8번출구 앞,성동구,749
7,답십리파크자이아파트 앞,동대문구,1948
7,당고개공원 대여소,노원구,358
7,당고개입구 오거리,노원구,522
7,당고개입구오거리 당현천변,노원구,1001
7,당곡사거리,관악구,2338
7,당산skv1센터,영등포구,1215
7,당산롯데캐슬프레스티지,영등포구,2280
7,당산삼성2차아파트,영등포구,2432
7,당산역 10번출구 앞,영등포구,4077
7,당산역11번출구,영등포구,2539
7,당산육갑문,영등포구,3650
7,당인리발전소 공원 앞,마포구,682
7,당현천근린공원,노원구,1350
7,대광고등학교,동대문구,796
7,대광빌딩,동대문구,583
7,대륜E&S 서울지사 앞,노원구,529
7,대륭테크노타운 18차,금천구,522
7,대륭테크노타운21차 앞,금천구,635
7,대륭포스트타워1차,구로구,1224
7,대륭포스트타워5차,금천구,424
7,대륭포스트타워6차 앞,금천구,3855
7,대림3동사거리,영등포구,978
7,대림경동아파트앞,강서구,1207
7,대림동 e편한세상영등포아델포레,영등포구,1806
7,대림동현대2차 201동 앞,영등포구,173
7,대림사거리(동작상떼빌아파트),동작구,900
7,대림성원상떼빌아파트,영등포구,1424
7,대림신동아아파트 앞,영등포구,790
7,대림아크로리버 앞,광진구,709
7,대림아파트 사거리,영등포구,515
7,대림아파트 후문 상가 옆,동작구,289
7,대림역 1번 출입구 밑,구로구,975
7,대림역4번출구,구로구,2067
7,대림우성2차아파트,영등포구,489
7,대림우성아파트 사거리,영등포구,373
7,대명초교입구 사거리,강동구,981
7,대모산입구역 2번출구 앞,강남구,335
7,대모산입구역 4번 출구 앞,강남구,1110
7,대모산입구역 7번 출구 앞,강남구,238
7,대방역2번출구,동작구,827
7,대방역6번출구,영등포구,2106
7,대방지하보도(대방동경남아너스빌아파트),동작구,1239
7,대상연구소,강서구,538
7,대성유니드아파트,양천구,824
7,대신파이낸스센터,중구,796
7,대영중고 후문,영등포구,910
7,대원빌딩,강서구,1592
7,대원중고교 입구(대하빌딩),광진구,496
7,대진고등학교,노원구,1301
7,대청역,강남구,708
7,대청역 1번출구  뒤,강남구,1072
7,대치동 삼성로,강남구,362
7,대치삼성아파트 앞 교차로,강남구,662
7,대치역 7번출구,강남구,1093
7,대치역 사거리,강남구,718
7,대치우성아파트 사거리,강남구,153
7,대학동 고시촌,관악구,576
7,대학동주민센터,관악구,754
7,대학로 마로니에공원,종로구,1891
7,대한무역투자진흥공사 KOTRA 앞,서초구,559
7,대한상공회의소,중구,1260
7,대한항공 인력개발센터,강서구,1027
7,대현그린타워,강남구,213
7,대흥역 1번출구,마포구,663
7,더라움,강남구,163
7,더리브골드타워,강서구,630
7,더리브오피스텔 앞,영등포구,1501
7,더스페이스타워 앞,성동구,1232
7,더시그넘하우스 앞,강남구,455
7,더케이호텔 입구(양재2),서초구,687
7,도곡1동 주민센터 교차로,강남구,510
7,도곡동 경남아파트 건너편,강남구,216
7,도곡동 골프 로데오거리,강남구,332
7,도곡역 1번 출구,강남구,678
7,도곡역 대치지구대 방향,강남구,438
7,도곡역 아카데미스위트 앞,강남구,950
7,도깨비시장,노원구,1506
7,도동삼거리,중구,48
7,도림고가도로 밑,영등포구,827
7,도림동배드민턴체육관,영등포구,913
7,도림사거리,영등포구,1449
7,도림신협 앞,영등포구,1059
7,도림천 건널목 위,영등포구,995
7,도림천 신화교,관악구,1752
7,도림천역 1번 출구 앞,구로구,1677
7,도봉경찰서 교차로,도봉구,710
7,도봉고등학교 맞은편,도봉구,169
7,도봉구민회관,도봉구,926
7,도봉구육아종합지원센터(창동),도봉구,580
7,도봉구청 옆(중랑천변),도봉구,1203
7,도봉구청 정문앞,도봉구,1027
7,도봉동실내스포츠센터,도봉구,615
7,도봉로 534,도봉구,281
7,도봉문화정보도서관 삼거리,도봉구,243
7,도봉보건소사거리,도봉구,1138
7,도봉산광역환승센터앞,도봉구,220
7,도봉산역 교차로 앞,도봉구,222
7,도봉세무서 앞,강북구,623
7,도봉소방서 옆,도봉구,1570
7,도봉아이나라도서관 앞,도봉구,871
7,도봉여성센터,도봉구,205
7,"도봉역 1,2번 출구사이 건너편",도봉구,717
7,도봉운전면허시험장 버스정류장 옆,노원구,1010
7,도봉제1교,도봉구,1389
7,도봉통합복지센터 뒤 중랑천 변,도봉구,1358
7,도봉한신아파트 버스정류장,도봉구,802
7,도봉한신아파트 주변,도봉구,705
7,도산공원교차로,강남구,364
7,도선동 주민센터 앞,성동구,1222
7,도심공항타워 앞,강남구,601
7,도원맨션,관악구,418
7,독립문 앞,서대문구,521
7,독립문역 2번출구 뒤,종로구,18
7,독립문역 3-1번출구,종로구,1239
7,독립문역 사거리,종로구,812
7,독바위역,은평구,553
7,독산2동주민센터 앞,금천구,208
7,독산3동주민센터 앞,금천구,526
7,독산고등학교,금천구,334
7,독산근린공원 입구,금천구,1242
7,독산동 한양수자인아파트 앞,금천구,733
7,독산동 현대홈타운 금천과선교 앞,금천구,357
7,독산보도육교 앞 자전거 보관소,금천구,1110
7,독산역 1번출구 A,금천구,760
7,독산역 2번출구 자전거주차장,금천구,1240
7,독산역 롯데캐슬 104동 앞,금천구,438
7,독산역1번출구 B,금천구,1906
7,독산주공 14단지 버스정류소,금천구,133
7,돈암삼성풍림아파트,성북구,183
7,돈암성당 옆,성북구,1203
7,돈암육교 하단,성북구,223
7,돈암초교 입구,성북구,596
7,돈암초교입구 버스정류장(한성대입구역 방면),성북구,522
7,돈의문 박물관 마을,종로구,362
7,돌곶이역 앞,성북구,1473
7,동대문 종합시장 버스정류장,종로구,645
7,동대문경찰서 교차로,동대문구,773
7,동대문구 보건소,동대문구,2028
7,동대문구민체육센터 (육교아래),동대문구,1559
7,동대문디자인플라자,중구,1752
7,동대문롯데캐슬아파트 앞,동대문구,1346
7,동대문역 8번 출구,종로구,1956
7,동대문역6번출구,종로구,1533
7,동대문역사문화공원역 1번출구 뒤편,중구,1742
7,동대문역사문화공원역 5번출구,중구,737
7,동대문역사문화공원역 9번출구 앞,중구,511
7,동대문중 교차로,동대문구,1063
7,동대입구역 3번 출구,중구,319
7,동대입구역 6번출구 뒤,중구,316
7,동명근린공원 진입로 (아리수로),강동구,278
7,동묘앞역 1번출구 뒤,종로구,2967
7,동묘앞역 6번출구,종로구,1632
7,동문굿모닝탑,양천구,2514
7,동방1교,관악구,2277
7,동부센트레빌 앞,도봉구,849
7,동부시장 북문 앞,중랑구,1747
7,동빙고근린공원,용산구,479
7,동산어린이공원 앞,성북구,776
7,동서울농협 앞,중랑구,1220
7,동서울우편집중국 앞,광진구,773
7,동선고가차도 초입,성북구,431
7,동선아파트 앞,구로구,166
7,"동성1,2차 아파트 앞",중랑구,1040
7,동성중학교 앞,종로구,335
7,동신병원 맞은편,서대문구,774
7,동신아파트 104동 앞,강서구,616
7,동신아파트 후문 옆,노원구,2734
7,동아1차APT105동 버스정류장(신도림중학교 방면),구로구,1062
7,동아에코빌입구,영등포구,932
7,동양미래대학교 정문 옆,구로구,2801
7,동양쇼핑 정류소 앞,중랑구,1259
7,동양엔파트 앞,중랑구,849
7,동영문화센터앞,강남구,352
7,동원베네스트 건너편,용산구,121
7,동원베네스트 건물 앞,중랑구,390
7,동원사거리,중랑구,446
7,동원사거리 행복오피스텔 앞,중랑구,487
7,동의보감타워,동대문구,1546
7,동인오피스텔 건너편 소공원,구로구,300
7,동일로 지하차도,중랑구,1380
7,동일로58길 입구,광진구,473
7,동작경찰서,동작구,1738
7,동작구민 체육센터,동작구,1006
7,동작역 5번출구 동작주차공원,동작구,191
7,동작역 7번출구,동작구,246
7,동해문화예술관앞,노원구,1784
7,두산건설 본사,강남구,149
7,두산대림아파트 삼거리,중랑구,563
7,두산위브아파트,영등포구,431
7,두산위브아파트 옆 상가건물 앞,금천구,912
7,두상빌딩 앞,서초구,1071
7,둔촌 주공 GS 맞은편,강동구,509
7,둔촌고교입구 교차로(길동주민센터 방면),강동구,1321
7,둔촌동역교차로,강동구,1623
7,둔촌사거리,강동구,2127
7,둔촌신성미소지움아파트,강동구,616
7,둔촌역 2번출구,강동구,509
7,둔촌역 3번 출입구,강동구,3273
7,둔촌오륜역 1번 출구,강동구,346
7,둔촌오륜역 2번출구,송파구,238
7,둔촌푸르지오아파트,강동구,1327
7,뒷벌공원 옆,서초구,816
7,드래곤타워 앞,강북구,681
7,등나무 근린공원(시립북서울미술관 앞),노원구,2215
7,등촌1-10단지 교차로,강서구,4216
7,등촌2동주민센터,강서구,362
7,등촌2파출소,강서구,714
7,등촌5단지아파트 버스정류장,강서구,2767
7,등촌9단지,강서구,1124
7,등촌서광아파트,강서구,2777
7,등촌역 1번출구,강서구,1138
7,등촌역 4번 출구,양천구,767
7,등촌역 5번 출구 뒤,양천구,803
7,등촌역 7번출구,강서구,1718
7,등촌역 센터스퀘어,강서구,873
7,등촌태영아파트,강서구,856
7,디지털매직스페이스,마포구,1461
7,디지털미디어 시티역 4번출구(DMC역),은평구,628
7,디지털입구 교차로,구로구,1986
7,디폴리스 지식산업센터,금천구,520
7,뚝도아리수정수센터 버스정류소 옆,성동구,641
7,뚝섬 유원지역,광진구,1472
7,뚝섬역 1번 출구 옆,성동구,1570
7,뚝섬역 5번 출구 정류소 옆,성동구,1014
7,뚝섬역 6번출구,성동구,1422
7,라이품 공영주차장 앞,강서구,743
7,라인프랜즈이태원점 앞,용산구,137
7,라코지스테이 앞,중랑구,389
7,래미안 강동팰리스(102동),강동구,1060
7,래미안 구의파크 스위트,광진구,1809
7,래미안 루센티아 아파트 108동 앞,서대문구,1042
7,래미안 솔베뉴(고덕로),강동구,873
7,래미안 솔베뉴(구천면로),강동구,513
7,래미안강남힐즈 사거리,강남구,579
7,래미안그레이튼102동앞,강남구,155
7,래미안금호하이리버 아파트 102동 옆,성동구,244
7,래미안라센트아파트 103동 앞,성북구,775
7,래미안신공덕3차아파트,마포구,61
7,래미안에스티움 앞 (신풍로),영등포구,1049
7,래미안월곡아파트 입구,성북구,815
7,래미안장위퍼스트하이(513동),성북구,833
7,래미안장위포레카운티(102동),성북구,707
7,래미안허브리츠아파트 앞,동대문구,520
7,레베쌍트 빌딩 앞,강남구,278
7,레이크펠리스101동앞,송파구,2381
7,로고스교회 맞은 편,서초구,434
7,로제우스 레포츠센터,종로구,161
7,로프트시티오피스텔,영등포구,468
7,롯데 R&D 센터,강서구,446
7,롯데리아 개포점앞,강남구,358
7,롯데시티호텔,중구,313
7,롯데월드타워(잠실역2번출구 쪽),송파구,5547
7,롯데중앙연구소,강서구,386
7,롯데캐슬 101동 앞,동작구,173
7,롯데캐슬 115동앞,강동구,216
7,롯데캐슬 앞,영등포구,1567
7,롯데캐슬2차 마을버스 정류장(18804) 뒤편,금천구,341
7,롯데캐슬골드파크1차 동문,금천구,703
7,롯데캐슬골드파크1차 서문,금천구,553
7,롯데캐슬골드파크3차 301동 앞,금천구,749
7,롯데캐슬엠파이어 옆,영등포구,1859
7,롯데캐슬클라시아 입구 앞,성북구,161
7,롯데하이마트 (상암월드컵점),마포구,352
7,롯데호텔,중구,446
7,르네상스 호텔 사거리 역삼지하보도 7번출구 앞,강남구,453
7,르네상스호텔사거리 역삼지하보도 2번출구,강남구,340
7,르네상스호텔사거리 역삼지하보도 3번출구 앞 (더 오번 빌딩 명동칼국수 앞),강남구,287
7,르노삼성자동차 성수사업소 앞,성동구,742
7,리버뷰신안인스빌1차 후문,영등포구,1246
7,리버뷰신안인스빌2차 후문,영등포구,1135
7,리센츠아파트,송파구,1311
7,리싸이클시티,강동구,121
7,리엔파크 2단지 앞,강남구,312
7,마곡 MICE 복합단지,강서구,1840
7,마곡 공공청사,강서구,1679
7,마곡 엠밸리2단지,강서구,1270
7,마곡 필네이처,강서구,2715
7,마곡13단지,강서구,2489
7,마곡13단지 정문 앞,강서구,2869
7,마곡13단지힐스테이트마스터 후문(1320동 앞),강서구,2311
7,마곡14단지 1408동앞,강서구,1444
7,마곡9단지 907동앞,강서구,1104
7,마곡9단지 910동 상가앞,강서구,1226
7,마곡금호어울림아파트,강서구,1070
7,마곡나루역 2번 출구,강서구,10892
7,마곡나루역 3번 출구,강서구,6729
7,마곡나루역 5번출구 뒤편,강서구,6991
7,마곡레포츠센터,강서구,1725
7,마곡메가박스 앞,강서구,2114
7,마곡문화공원,강서구,3222
7,마곡센트럴타워 1차,강서구,2406
7,마곡수명산 1-2단지,강서구,1513
7,마곡수명산파크 209동 건너편,강서구,1832
7,마곡수명산파크1단지,강서구,1456
7,마곡수명산파크3단지 교차로,강서구,2880
7,마곡수명산파크5-6단지,강서구,1405
7,마곡수명산파크7단지 710동 앞,강서구,457
7,마곡엠밸리 15단지(1502동) 건너편,강서구,2344
7,마곡엠밸리10단지 앞,강서구,1090
7,"마곡엠밸리14단지 버스정류장(마곡엠밸리11,12단지상가방면)",강서구,2406
7,마곡엠밸리4단지 정문,강서구,3481
7,마곡엠밸리6_7단지 마곡중학교,강서구,2036
7,마곡역 7번출구,강서구,3984
7,마곡역 교차로(2번출구),강서구,1919
7,"마곡역 버스정류장(마곡나루역1번출구, 웰튼병원 방면)",강서구,2718
7,마곡역1번출구,강서구,2494
7,"마곡역4,5번출구",강서구,677
7,마곡역4번출구,강서구,1053
7,마곡역5번출구앞,강서구,1212
7,마곡역교차로,강서구,3639
7,마곡중학교 후문,강서구,905
7,마곡힐스테이트 정문,강서구,1304
7,마들역 3번출구,노원구,1336
7,마들역 7번출구,노원구,1347
7,마스타 빌딩 앞,서대문구,635
7,마장동 금호어울림APT앞,성동구,500
7,마장동 주민센터,성동구,668
7,마장역 4번출구,성동구,859
7,마장역3번출구,성동구,426
7,마천금호어울림 1차 102동앞,송파구,175
7,마천금호어울림 1차아파트 건너편,송파구,223
7,마천동 성내천 쉼터,송파구,689
7,마천사거리,송파구,625
7,마천사거리 2,송파구,211
7,마천사거리3,송파구,174
7,마천역 1번 출구 인근②,송파구,431
7,마천중앙시장,송파구,469
7,마천청소년센터,송파구,169
7,마포 신수공원 앞,마포구,529
7,마포구 육아종합지원센터,마포구,591
7,마포구중앙도서관 정문 앞,마포구,1812
7,마포구청 앞,마포구,1531
7,마포구청 청사내,마포구,215
7,마포구청역,마포구,1892
7,마포소방서 앞,마포구,471
7,마포아트센터 앞,마포구,1026
7,마포역 2번출구 뒤,마포구,1997
7,마포역 4번출구 뒤,마포구,1918
7,마포중앙도서관,마포구,204
7,마포프레스티지자이 1,마포구,758
7,만해공원,성북구,211
7,말미사거리,금천구,254
7,말우물 어린이 공원,강동구,234
7,말죽거리공원 사거리,서초구,947
7,망우동 본죽 앞,중랑구,572
7,망우역 1번출구,중랑구,604
7,망우역 2번 출구,중랑구,1181
7,망우지구대,중랑구,1264
7,망원2빗물펌프장 앞,마포구,578
7,망원역 1번출구 앞,마포구,2415
7,망원역 2번출구 앞,마포구,2054
7,망원우체국사거리 인근,마포구,1943
7,망원정 앞,마포구,538
7,망원초록길 입구,마포구,647
7,매봉역 1번출구,강남구,447
7,매헌역 2번출구앞광역버스 정류장앞(22-297),서초구,704
7,맥도날드 서울둔촌DT점 앞,강동구,2120
7,먹골역 1번출구 뒤,중랑구,1266
7,먹골역 4번출구,중랑구,686
7,먹골역 6번출구 앞,중랑구,828
7,먹골역 7번 출구,중랑구,626
7,메뚜기다리,은평구,116
7,메이필드호텔앞,강서구,771
7,멤피스아파트 앞,서초구,719
7,면목 대원칸타빌아파트,중랑구,238
7,면목 홈플러스 2,중랑구,305
7,면목2동 사거리,중랑구,1006
7,면목4치안센터,중랑구,811
7,면목도시개발아파트 1동 앞,중랑구,313
7,면목동 새싹어린이공원 앞,중랑구,976
7,면목라온프라이빗 아파트,중랑구,418
7,면목삼익아파트 앞,중랑구,168
7,면목역 3번출구,중랑구,1947
7,명덕고교,강서구,897
7,명덕고교입구(영종빌딩),강서구,3289
7,명동성당 앞,중구,353
7,명동역9번 출구,중구,813
7,명물길 원형무대 앞,서대문구,496
7,명보사거리,중구,487
7,명일근린공원공동체텃밭,강동구,197
7,명일동신동아아파트 앞,강동구,317
7,명일역 3번출구 옆,강동구,1362
7,명일초등학교 옆,강동구,298
7,명일파출소,강동구,546
7,명지대학교 도서관,서대문구,1517
7,명지전문대학교 정문 앞,서대문구,352
7,모두의학교,금천구,628
7,모래내고가차도,서대문구,572
7,목4동주민센터 옆,양천구,1866
7,목동11단지 아파트,양천구,1139
7,목동12단지 아파트,양천구,1934
7,목동13_14단지 사거리,양천구,741
7,목동1단지아파트 118동 앞,양천구,1680
7,목동1단지아파트 상가 앞,양천구,2443
7,목동2단지 상가,양천구,3223
7,목동3단지 상가,양천구,1579
7,목동3단지 시내버스정류장,양천구,2786
7,목동5단지아파트 501동,양천구,2014
7,목동5단지아파트 534동,양천구,2220
7,목동7단지아파트 A상가,양천구,573
7,목동사거리 버스정류장,강서구,1660
7,목동사거리 부근,양천구,1760
7,목동성당 앞,양천구,2049
7,목동신시가지아파트6단지,양천구,1716
7,목동아파트 1422동 1434동 사잇길,양천구,3028
7,목동아파트 14단지 B상가 앞,양천구,1638
7,목동아파트 613동 앞,양천구,2284
7,목동아파트 703동 앞,양천구,2047
7,목동아파트 8단지 상가동 앞,양천구,1932
7,목동아파트2단지 222동 앞,양천구,964
7,목동역 3번 출구,양천구,3732
7,목동역5번출구,양천구,3833
7,목동운동장,양천구,581
7,목동운동장 주경기장,양천구,218
7,목동주차장,양천구,1100
7,목동트라팰리스 웨스턴에비뉴,양천구,3861
7,목동현대아파트 후문 앞,양천구,1237
7,목련아파트,노원구,673
7,목마공원,양천구,480
7,목양전원교회 앞 로터리,구로구,238
7,목월공원 앞,용산구,734
7,몽마르뜨공원입구,서초구,176
7,몽촌토성역 1번출구 옆,송파구,1027
7,몽촌토성역 3번 출구,송파구,3637
7,묘곡초등학교,강동구,487
7,무악재역 4번 출구,서대문구,181
7,무악재역1번 출구,서대문구,201
7,묵동 이마트 앞,중랑구,1092
7,문래동 주민센터,영등포구,1265
7,문래동 하이테크 시티,영등포구,1954
7,문래동롯데캐슬아파트,영등포구,3089
7,문래동자이아파트 앞,영등포구,2175
7,문래역 4번출구 앞,영등포구,2879
7,문래현대2차,영등포구,1358
7,문배어린이공원 앞,용산구,863
7,문소빌딩,강서구,584
7,문정 법조단지10,송파구,1058
7,문정 법조단지11,송파구,687
7,문정 법조단지3,송파구,355
7,문정 법조단지4,송파구,510
7,문정 법조단지5,송파구,409
7,문정 법조단지6,송파구,108
7,문정 법조단지7,송파구,1623
7,문정 법조단지8,송파구,1940
7,문정 법조단지9,송파구,1123
7,문정2동 주민센터,송파구,134
7,문정근린공원2,송파구,813
7,문정동 근린공원,송파구,822
7,문정동 글샘 공원,송파구,589
7,문정법조단지12,송파구,1605
7,문정시영아파트 5동 앞 공원,송파구,687
7,문정역 1번출구,송파구,1961
7,문정중교 사거리,송파구,803
7,문정중학교,송파구,142
7,문정현대아파트 교차로,송파구,528
7,"문현중,고등학교 사이",송파구,161
7,문화비축기지,마포구,153
7,문화촌 공원,서대문구,1330
7,물넘이교,노원구,1912
7,미래사랑어린이공원 앞,구로구,2286
7,미림여고입구 교차로,관악구,152
7,미성동 신림체육센터,관악구,1103
7,미성아파트 A동 앞,영등포구,933
7,미아동 복합청사,강북구,421
7,미아동 한국전력공사,강북구,1306
7,미아사거리 1번 출구,강북구,1606
7,미아역 1번 출구 뒤,강북구,707
7,"미아역 3번,4번 출구 사이",강북구,1110
7,미아초교버스승강장,성북구,80
7,미호 플랜트 앞,강동구,998
7,밀리아나2빌딩 앞,송파구,931
7,밀알학교 입구 (삼성서울병원 입구),강남구,194
7,바우뫼문화복지회관,서초구,436
7,박석고개(은평소방서) 앞,은평구,175
7,반포1동 서초빌딩 앞,서초구,719
7,반포1동 자율방범초소 옆,서초구,386
7,반포1동 주민센터 앞,서초구,215
7,반포경남쇼핑 앞,서초구,82
7,반포래미안 리오센트,서초구,584
7,반포미도2차아파트 옆,서초구,298
7,반포쇼핑타운 2동 앞,서초구,1666
7,반포쇼핑타운 8동 앞,서초구,590
7,반포종합운동장,서초구,364
7,반포종합운동장 입구,서초구,574
7,반포중학교 앞(세화여고 맞은편),서초구,206
7,반포천 앞,서초구,701
7,"발산역 1번, 9번 인근 대여소",강서구,6873
7,발산역 6번 출구 뒤,강서구,393
7,발산역 8번 출구,강서구,2506
7,방배래미안 정문 앞,서초구,295
7,방배래미안아트힐아파트 앞,서초구,92
7,방배역 2번 출구,서초구,617
7,방배열린문화센터 앞,서초구,527
7,방아골종합사회복지관,도봉구,496
7,방아다리어린이공원,양천구,531
7,방아삼거리,강동구,107
7,방이동 한양3차아파트 옆,송파구,1018
7,방이삼거리,송파구,3567
7,방이역 1번출구,송파구,1120
7,방이역 2번 출구,송파구,444
7,방이역 4번출구,송파구,1954
7,방이초등학교,송파구,1562
7,방일초교 마을버스 정류장,서초구,780
7,방정환교육지원센터 옆,중랑구,596
7,방죽마을 입구,강남구,235
7,방학동우체국 건너편,도봉구,717
7,방학동학마을도서관,도봉구,389
7,방학사거리 (봄마당 앞),도봉구,603
7,방학역 1번출구,도봉구,445
7,방학역2번출구,도봉구,827
7,방학역사거리,도봉구,490
7,방학중학교 앞,도봉구,219
7,방학초등학교 앞,도봉구,1003
7,방화근린공원,강서구,432
7,방화동강서기동대앞,강서구,2732
7,방화사거리 마을버스 버스정류장,강서구,2281
7,방화역 4번출구앞,강서구,2414
7,배명고등학교,송파구,413
7,배명고등학교 건너편,송파구,609
7,배봉초교 교차로,동대문구,683
7,백련산 SK뷰 아이파크 해모로 아파트 앞,은평구,768
7,백련산 힐스테이트 3차,은평구,437
7,백련산 힐스테이트상가앞,은평구,393
7,백련산로 녹번센트레빌,은평구,401
7,백석예술대학교 제3캠퍼스 앞,서초구,89
7,백토공원 앞,송파구,178
7,뱅뱅사거리 랜드마크타워 앞,강남구,851
7,버섯분수대,송파구,692
7,버스정류장 앞,도봉구,334
7,번3동 주민센터 교차로,강북구,498
7,번동 금호어울림아파트102동앞,강북구,346
7,번동 두산위브 101동 옆,강북구,576
7,"번동 주공3, 4단지 교차로",강북구,819
7,번동3단지 버스정류장,강북구,673
7,번동사거리,강북구,385
7,번동주공5단지 관리사무소 앞,강북구,229
7,베네스트 오피스텔 앞,동대문구,534
7,벽산 디지털밸리 5차,금천구,1423
7,벽산상암스마트큐브,마포구,2269
7,벽산아파트,강서구,2071
7,볏골공원,강서구,1013
7,보광동 삼성리버빌아파트 앞,용산구,481
7,보금자리정원,강남구,267
7,보라매 두산위브 건너편,동작구,1361
7,보라매sk뷰,영등포구,377
7,보라매sk뷰 108동 앞,영등포구,703
7,보라매공원 보도육교,관악구,1574
7,보라매공원 정문,동작구,1039
7,보라매공원역 2번출구,동작구,797
7,보라매병원역 1번출구,동작구,3333
7,보라매역 8번출구,동작구,693
7,보라매역4번출구,영등포구,1301
7,보라매역?동작세무서 버스정류장(강남중학교방면),동작구,1373
7,보라주유소 앞,영등포구,457
7,보문2교,성북구,1928
7,보문4교 인근,성북구,1471
7,보문역6번출구 앞,성북구,971
7,보성중고등학교 후문 앞,송파구,155
7,보아스아파트 앞,양천구,636
7,보타닉파크타워2,강서구,1202
7,보훈병원 후문옆(더 원커피),강동구,271
7,복자사랑 피정의 집,성북구,248
7,복정역 1번 출구 앞,송파구,801
7,본 서부병원 교차로 사거리,은평구,1260
7,본 서부병원 버스정류장(은평 세무서 방면),은평구,900
7,본마을 노인복지센터 앞,서초구,266
7,본마을 정류소 앞,서초구,50
7,봉림교 교통섬,관악구,6015
7,봉원고가차도 밑,서대문구,547
7,봉은사로68길 북측,강남구,260
7,"봉은사역 1,2번 출구",강남구,444
7,봉은사역 5번출구 옆,강남구,550
7,봉은사역 7번 출구,강남구,469
7,봉천고개 육교,관악구,184
7,봉천역 2번출구,관악구,1184
7,봉천역 3번출구,관악구,576
7,봉천역 4번출구,관악구,1167
7,봉화산역 4번 출구,중랑구,106
7,부엉이공원 앞,마포구,853
7,북가좌 삼거리,서대문구,355
7,북가좌 초등학교,서대문구,625
7,북가좌1동 주민센터,서대문구,283
7,북가좌삼거리2,서대문구,483
7,북서울 꿈의 숲 입구,강북구,368
7,북서울 꿈의숲 서문,강북구,388
7,북성초교,서대문구,175
7,북아현 치안센터 인근,서대문구,661
7,북아현동 가구거리,서대문구,375
7,북위례1,송파구,329
7,북위례2,송파구,254
7,북한산 우이역,강북구,291
7,북한산 코오롱 하늘채,도봉구,1407
7,북한산 한신휴플러스APT앞,도봉구,1383
7,북한산더샾 106동 앞,서대문구,240
7,북한산보국문역,성북구,205
7,북한산생태공원입구(교통섬),은평구,242
7,북한산입구 정류장,은평구,137
7,북한산힐스테이트 7차아파트,은평구,266
7,불광롯데캐슬아파트 앞,은평구,763
7,불광역 2번출구,은평구,540
7,불광역 9번 출구,은평구,1127
7,불광역 9번 출구 맞은편,은평구,585
7,"불광역3,6호선 버스정류장(동명여고 방면)",은평구,776
7,불암고등학교 앞 횡단보도,노원구,1128
7,불암산역 3번 출구,노원구,585
7,불암산역 앞,노원구,231
7,불암아파트 앞,노원구,606
7,불암주유소 앞,노원구,1051
7,브라운스위트레지던스,중구,296
7,브라운스톤 남산아파트,용산구,343
7,비계 버스정류소,동작구,148
7,비석공원,서초구,436
7,비전교회 앞,성동구,1887
7,빅마켓 금천점 앞,금천구,1392
7,사가정역 2번출구,중랑구,2202
7,사근빗물펌프장 건너편,성동구,1973
7,사당동 아르테스 웨딩앞,동작구,899
7,사당새마을금고,동작구,319
7,사당역 12번출구 뒤,서초구,1225
7,사당역 5번출구,관악구,1049
7,사당역 7번출구쪽,동작구,571
7,사당역10번출구(금강빌딩),동작구,812
7,사당중학교 버스정류소,동작구,147
7,사랑의병원,관악구,446
7,사육신공원앞,동작구,903
7,사평리근린공원,서초구,754
7,사평역 2번출구,서초구,453
7,산기슭공원 앞,금천구,106
7,산업은행 앞,영등포구,1212
7,산호시티빌 옆,금천구,260
7,삼각산동 주민센터,강북구,408
7,삼각산아이원아파트(105동 옆),강북구,71
7,삼각지 자이아파트,용산구,960
7,삼각지12번 출구,용산구,308
7,삼각지역 14번 출구 앞(교통섬),용산구,857
7,삼각지역 3번출구,용산구,790
7,삼각지역 4번출구 앞,용산구,654
7,삼부르네상스파크빌,구로구,794
7,삼성SDS,송파구,1831
7,삼성광나루아파트 버스정류장,강동구,1160
7,삼성도로공원,강남구,415
7,삼성디지털프라자관악점,관악구,529
7,삼성사이버빌리지아파트,중구,243
7,삼성생명 당산사옥 앞,영등포구,2407
7,삼성전자 물류센터 앞,구로구,1320
7,삼성전자R&D어린이집 뒤,서초구,134
7,삼성전자서비스 성북센터,성북구,687
7,삼성중앙역 5번출구,강남구,592
7,삼성중앙역4번출구(문화센터더 리빌),강남구,169
7,삼성중앙역·플래티넘아파트 정류소,강남구,449
7,삼성타운(삼성생명) A동 맞은편,서초구,1280
7,삼성화재 사옥 옆,영등포구,1646
7,삼양동사거리,강북구,405
7,삼양동주민센터 앞,강북구,230
7,삼양사거리역,강북구,314
7,삼양시장오거리,강북구,277
7,삼양역,강북구,114
7,삼양입구사거리,강북구,286
7,삼육대 도서관,노원구,210
7,삼육대 입구,노원구,270
7,삼육대 제3과학관,노원구,47
7,삼육서울병원 버스정류장,동대문구,1925
7,삼익세라믹아파트교차로,도봉구,695
7,삼익아파트,동작구,1017
7,삼일교(시그니쳐 타워),중구,885
7,삼일수영장 앞,동작구,586
7,삼일초등학교 인근,동작구,241
7,삼전동주민센터 건너편,송파구,772
7,삼전동주민센터 앞,송파구,1076
7,삼전역 1번출구,송파구,1264
7,삼전역 4번출구,송파구,1174
7,삼청공원 앞,종로구,109
7,삼청동 골목,종로구,590
7,삼호3차아파트 앞,서초구,948
7,삼호물산버스정류장(23370) 옆,강남구,1577
7,삼호아파트 2동 ( 간선도로),강남구,126
7,삼호아파트 앞,구로구,478
7,삼환로즈빌아파트 105동 옆,구로구,901
7,"상계3,4동 주민센터 대여소",노원구,247
7,상계8동 주민센터,노원구,1405
7,상계동 우방유쉘아파트 앞,노원구,850
7,상계동수락리버시티,노원구,593
7,상계문화정보도서관,노원구,624
7,상계신동아아파트,노원구,200
7,상계역 3번출구,노원구,3137
7,상계역중앙시장,노원구,888
7,상계주공 14단지 상가 앞,노원구,791
7,상계주공10단지 버스정류소,노원구,1041
7,상계주공10단지 종합상가 앞,노원구,1116
7,상계주공13단지 1301동,노원구,228
7,상계주공15단지 버스정류소,노원구,1075
7,상계주공1단지 버스정류장 옆(대원빌딩 앞),노원구,1677
7,상계주공1단지아파트,노원구,1025
7,상계주공2단지 219동,노원구,1090
7,상계주공2단지 버스정류장 옆,노원구,1533
7,상계중학교(당현2교사거리),노원구,628
7,상계초교 입구 교차로 명주빌딩 앞,노원구,1267
7,상도 아이파크 아파트,동작구,205
7,상도SH빌아파트 입구,동작구,111
7,상도역 1번출구,동작구,410
7,상도중앙하이츠빌 입구,동작구,258
7,상도효성해링턴플레이스,동작구,473
7,상록수아파트,강남구,396
7,상림마을 롯데캐슬2단지 옆,은평구,74
7,상림마을 생태공원,은평구,349
7,상명대입구,종로구,380
7,상봉2동 주민센터 앞,중랑구,714
7,상봉시장앞 교차로 한성빌딩 앞,중랑구,987
7,상봉신협 앞,중랑구,824
7,상봉역 1번출구,중랑구,1565
7,상봉역 2번 출구,중랑구,1571
7,상봉역 3번출구,중랑구,1193
7,상봉터미널2,중랑구,1845
7,상사마을 버스정류장(아라대교방면),강서구,306
7,상수역 2번출구 앞,마포구,470
7,상수역새마을금고,마포구,362
7,상신초등학교앞 버스정류장,은평구,864
7,상아빌딩(우림시장 교차로),중랑구,986
7,상암동주민센터 옆,마포구,1538
7,상암월드컵파크 10단지 앞,마포구,1006
7,상암월드컵파크 1단지 교차로,마포구,595
7,상암월드컵파크 3단지 후문,마포구,482
7,상암월드컵파크 7단지 앞,마포구,636
7,상암월드컵파크 9단지 앞,마포구,591
7,상암월드컵파크5단지(상암중학교),마포구,487
7,상암중학교 옆,마포구,273
7,상암한샘빌딩앞,마포구,774
7,상암한화오벨리스크 1차 앞,마포구,1174
7,상왕십리역 1번출구,성동구,1757
7,상왕십리역 4번 출구 앞,성동구,587
7,상왕십리역 6번 출입구,성동구,596
7,상월곡역 1번출구,성북구,587
7,상월곡역 3번출구,성북구,1013
7,상월곡역 4번출구,성북구,313
7,상일동산(동아아파트앞 교차로),강동구,226
7,상일동역 2번출구 앞,강동구,1583
7,상일초등학교,강동구,470
7,상일파출소 옆,강동구,1073
7,새말소공원,영등포구,1744
7,새솔초등학교,중랑구,253
7,새우개마을,중랑구,155
7,새절역 2번출구,은평구,1815
7,새정이마을버스정류장 앞,서초구,25
7,샛강생태공원방문자센터 앞,영등포구,365
7,샛강역 1번출구 앞,영등포구,1586
7,샛마을 근린공원,강동구,639
7,생명의 전화 종합복지관 앞 교차로,성북구,757
7,생태공원앞 교차로(조명탑),강동구,154
7,서강나루 공원,마포구,1034
7,서강대 남문 옆,마포구,629
7,서강대 정문 건너편,마포구,595
7,서강대 후문 옆,마포구,682
7,서강대역 2번출구 앞,마포구,1086
7,서교동 사거리,마포구,1262
7,서남병원 후문,양천구,861
7,서남환경공원 버스정류장,강서구,1803
7,서남환경공원(방화동도시개발2단지방향),강서구,791
7,서대문구청,서대문구,271
7,서대문역 2번 출구,서대문구,1002
7,서대문역 8번출구 앞,서대문구,358
7,서대문자연사박물관 입구,서대문구,224
7,서래공원 앞,서초구,448
7,서부식자재마트 건너편,양천구,1384
7,서부운전면허시험장,마포구,735
7,서빙고동 금호맨션 앞,용산구,206
7,서빙고동 주민센터 앞,용산구,1344
7,서빙고역 광장(1번출구),용산구,244
7,서서울모터리움 앞,강서구,521
7,서소문성지역사박물관,중구,203
7,서소문역사공원,중구,78
7,서우빌딩,서대문구,915
7,서울 논현동우체국 앞,강남구,266
7,서울 시흥동우체국 앞,금천구,505
7,서울 영등포구 우체국,영등포구,1074
7,서울 월드컵 경기장,마포구,824
7,서울가정법원,서초구,530
7,서울강월초등학교 앞,양천구,698
7,서울갤러리아 앞,용산구,88
7,서울경찰청,종로구,799
7,서울고등학교 건너편,서초구,215
7,서울고앞,서초구,147
7,서울과학기술대학교(미래관),노원구,434
7,서울과학기술대학교(어학교육원),노원구,1909
7,서울교육청 교육연수원 앞,서초구,130
7,서울교통공사 사당별관 건너편,서초구,279
7,서울교통공사사거리 교통섬,동대문구,864
7,서울남부교정시설 앞,구로구,257
7,서울남부지방검찰청 후문,양천구,927
7,서울남부출입국관리소,강서구,1665
7,서울남부터미널 대합실 입구,서초구,626
7,서울대벤처타운역,관악구,402
7,서울대입구역 1번출구,관악구,861
7,서울대입구역 4번 출구,관악구,791
7,서울대입구역 5번출구,관악구,1208
7,서울대입구역 마에스트로,관악구,739
7,서울대학교 정문,관악구,338
7,서울도봉초등학교인근,도봉구,507
7,서울도시가스 앞,강서구,855
7,서울도시건축전시관,중구,1944
7,서울디자인고등학교 앞,마포구,1043
7,서울디지털운동장 앞,금천구,747
7,서울문화재단 앞,동대문구,1180
7,서울미래초등학교 사거리,구로구,1002
7,서울미술관,종로구,134
7,서울반도체고 앞,동대문구,308
7,서울방이동 고분군,송파구,1498
7,서울보증보험본사 앞,종로구,1004
7,서울복합물류 게이트 1,송파구,917
7,서울본부세관(건설회관 앞),강남구,105
7,서울북부고용노동지청,강북구,508
7,서울북부고용센터앞,노원구,2114
7,서울북부광역등기국,도봉구,243
7,서울북부수도사업소,강북구,406
7,서울북부지방법원,도봉구,238
7,서울북부지방법원 앞,도봉구,416
7,서울사대부설초등학교 앞,종로구,1176
7,서울산업정보학교,관악구,329
7,서울서부지방법원 앞,마포구,788
7,서울서부지방법원등기국앞,마포구,302
7,서울서초고용센터앞,서초구,356
7,서울숲 IT캐슬,성동구,11
7,서울숲 공영주차장앞,성동구,352
7,서울숲 관리사무소,성동구,930
7,서울숲 지식산업센터,성동구,1428
7,서울숲리버뷰자이APT105동 앞,성동구,511
7,서울숲역 2번출구 앞,성동구,1227
7,서울숲역 5번 출구 옆,성동구,1003
7,서울숲역3번출구,성동구,209
7,서울시 공공자전거 상암센터,마포구,754
7,서울시 도로환경관리센터,양천구,2642
7,서울시 북부병원 앞,중랑구,399
7,서울시 북부여성발전센터,노원구,636
7,서울시 품질시험소 앞,서초구,395
7,서울시립과학관,노원구,455
7,서울시립대 건설공학관,동대문구,363
7,서울시립대 정문 앞 A,동대문구,244
7,서울시립대 정문 앞 B,동대문구,1638
7,서울시립대 정보기술관,동대문구,396
7,서울시립대 후문,동대문구,669
7,서울시설공단 앞,성동구,1109
7,서울시여성가족재단,동작구,332
7,서울시청,중구,1385
7,서울식물원 식물문화센터,강서구,893
7,서울식물원 잔디마당 앞,강서구,2283
7,서울식물원(문화센터) 건너편,강서구,295
7,서울신성초등학교,관악구,550
7,서울신용보증재단,마포구,987
7,서울신우초등학교,관악구,6
7,서울안천초등학교 옆,금천구,136
7,서울여대 남문,노원구,693
7,서울역 12번 출구 앞,용산구,772
7,서울역 7번출구,중구,94
7,서울역 서부,중구,282
7,서울역 서부교차로(3),중구,938
7,서울역 서부교차로2,중구,1011
7,서울역 센트럴 자이아파트,중구,590
7,서울역5번출구,중구,842
7,서울역9번출구,중구,665
7,서울역사박물관 앞,종로구,798
7,서울연신중학교,은평구,253
7,서울연신초등학교,은평구,304
7,서울영상고교 입구,양천구,2786
7,서울율현초교 삼거리,강남구,428
7,서울중랑우체국,중랑구,582
7,서울지방고용노동청 앞,중구,1066
7,서울지방병무청 버스정류장,영등포구,717
7,서울천호동우체국,강동구,1333
7,서울체육고등학교 앞,송파구,656
7,서울추모공원 입구,서초구,29
7,서울축산농협(장안지점),동대문구,2344
7,서울출입국관리사무소 앞,양천구,3072
7,서울친환경유통센터,송파구,134
7,서울특별시 남부교육지원청,영등포구,540
7,서울특별시 동부교육지원청(육교),동대문구,243
7,서울특별시 동작관악교육지원청,동작구,64
7,서울특별시 은평병원,은평구,297
7,서울특별시 중부교육지원청,종로구,116
7,서울특별시교육청도봉도서관,도봉구,725
7,서울혁신파크,은평구,599
7,서울혁신파크1,은평구,182
7,서울혁신파크2,은평구,217
7,서원마을,강동구,134
7,서일스포츠센터,서초구,165
7,서초 크로바타워 앞,서초구,412
7,서초 포레스타5단지,서초구,345
7,서초1교 (진흥아파트 방면),서초구,359
7,서초2교(사임당로 방면),서초구,122
7,서초4동주민센터,서초구,731
7,서초구립반포도서관 앞,서초구,1040
7,서초그랑자이 앞,서초구,355
7,서초동 현대아파트 앞,서초구,360
7,서초리슈빌S 글로벌 앞,서초구,170
7,서초신동아1차아파트 옆,서초구,423
7,서초역 3번출구,서초구,545
7,서초역1번출구 앞,서초구,339
7,서초유치원 맞은편,서초구,480
7,서초종합체육관 입구,서초구,146
7,서초초등학교 후문,서초구,750
7,서초포레스타 7단지,서초구,225
7,서초현대4차아파트 201동 맞은편,서초구,510
7,석계역 3번 출구,노원구,1137
7,석계역 4번출구 뒤,성북구,1279
7,석계역 5번출구 건너편,성북구,1475
7,석계역 문화광장 내 자전거 보관소,노원구,3126
7,석관동주민센터 앞,성북구,898
7,석관래미안아트리치,성북구,1099
7,석관초등학교 앞,성북구,955
7,석촌고분역 2번 출구,송파구,1877
7,석촌고분역 4번출구,송파구,1435
7,석촌동 주민센터,송파구,1950
7,석촌역 2번출구,송파구,1789
7,석촌역 8번출구,송파구,2216
7,석촌호수 서호 남단,송파구,1915
7,석촌호수 서호 사거리,송파구,2095
7,석촌호수 아뜰리에,송파구,1645
7,석촌호수교차로 (송파나루근린공원 앞),송파구,461
7,석촌호수교차로(동호 팔각정 앞),송파구,2009
7,선릉역3번출구,강남구,1000
7,선린인터넷 고등학교,용산구,1270
7,선사고등학교,강동구,439
7,선유도역 3번출구 앞,영등포구,2546
7,선잠단지 앞,성북구,202
7,"선정릉 디캠프(D,CAMP)앞",강남구,153
7,선정릉역 4번 출구,강남구,242
7,섬들근린공원,서초구,801
7,섬유센터 앞,강남구,976
7,성공회대학교,구로구,487
7,성균관대 E하우스 앞,종로구,766
7,성균관대 정문,종로구,1656
7,성균관대입구 사거리 A,종로구,841
7,성균관대입구 사거리 B,종로구,960
7,성내5교,송파구,840
7,성내7교,송파구,743
7,성내교 남단,송파구,283
7,성내삼성아파트,강동구,2460
7,성내어울터,강동구,2349
7,성내유수지 체육공원,송파구,238
7,성동광진 교육지원청 앞,성동구,1148
7,성동교 사거리,성동구,476
7,성동구 견인차량 보관소 앞,성동구,1471
7,성동구민종합체육센터 건너편,성동구,2049
7,성동도로사업소,성동구,344
7,성동세무서 건너편,성동구,1259
7,성동세무서 부근,성동구,1328
7,성보하이드로빌딩,양천구,947
7,성북3교 위,성북구,996
7,성북구 한예종 캠퍼스 별관,성북구,389
7,성북구 한예종 캠퍼스 본관,성북구,389
7,성북구보건소 건너편,성북구,489
7,성북구청,성북구,778
7,성북동 치안센터 앞,성북구,634
7,성북쉼터 앞,성북구,187
7,성북제일새마을금고 본점 앞,성북구,382
7,성북청소년문화의집,성북구,48
7,성북청소년센터,성북구,352
7,성산2-1 공영주차장,마포구,1078
7,성산2교 사거리,마포구,1476
7,성산시영아파트,마포구,1237
7,성서대학교 밀알관,노원구,253
7,성수2가1동 공영주차장 인근,성동구,2874
7,성수사거리 버스정류장 앞,성동구,2034
7,성수아카데미타워 앞,성동구,1493
7,성수역 1번출구 주변,성동구,653
7,성수역 2번출구 앞,성동구,2855
7,성수역3번출구,성동구,3442
7,성신여대입구 교차로,성북구,607
7,성신여대입구역 3번출구 앞,성북구,1128
7,성신여대입구역 5번출구,성북구,1093
7,성원2차 아파트,양천구,801
7,성원APT버스정류소,도봉구,412
7,성지아파트 옆 도로변,금천구,138
7,세곡데이케어센터,강남구,184
7,세곡동 사거리(대왕초등학교 정류장),강남구,108
7,세곡동 성당,강남구,510
7,세곡사거리 대왕파출소 앞,강남구,53
7,세륜초등학교 건너편,송파구,120
7,세양청마루 101동 앞,송파구,415
7,세양청마루아파트 앞,강동구,260
7,세운상가,종로구,564
7,세운스퀘어 앞,종로구,574
7,세이브마트,관악구,1121
7,세종그랑시아 앞(102동),양천구,750
7,세종대왕기념관 교차로,동대문구,464
7,세종대학교,광진구,143
7,세종대학교 대양AI센터,광진구,773
7,세종대학교(영실관),광진구,320
7,세종대학교(학술정보원),광진구,119
7,세종사이버대학교,광진구,2104
7,세화고등학교,서초구,163
7,센서텍㈜,강서구,147
7,센트럴 푸르지오 시티 앞,영등포구,1622
7,센트럴파크타워 앞,용산구,1111
7,솔리스타오피스텔(공덕동주민센터),마포구,532
7,솔밭공원역,강북구,191
7,솔밭공원역 1번출구 앞,도봉구,411
7,솔밭공원역 1번출구 주변,도봉구,462
7,솔브레인이엔지 뒤편,금천구,668
7,송도병원,중구,132
7,송이공원,송파구,383
7,송정역 1번출구,강서구,2203
7,송정역 3번출구 앞,강서구,1260
7,송정중학교,강서구,917
7,송중초등학교 옆,강북구,413
7,송천동 주민센터,강북구,373
7,송천동우체국,강북구,287
7,송천센트레빌,강북구,164
7,송파 글마루 도서관,송파구,744
7,송파 레미니스1단지 102동 앞,송파구,734
7,송파 파인타운 11단지,송파구,509
7,송파구청,송파구,4051
7,송파구청 교차로,송파구,1174
7,송파나루역 4번 출구옆,송파구,3600
7,송파도서관,송파구,808
7,송파레이크힐,송파구,145
7,송파레이크힐 상가,송파구,883
7,송파사거리,송파구,2213
7,송파소방서 (방이119안전센터),송파구,394
7,송파소방서 맞은편(성내4교),송파구,1264
7,송파시그니처롯데캐슬,송파구,83
7,송파여성문화회관 앞,송파구,1751
7,송파여성축구장,송파구,268
7,송파역 2번 출구앞,송파구,1125
7,송파역 4번출구,송파구,2144
7,송파중학교 정문,송파구,464
7,송파지역자활센터 뒤,송파구,1641
7,송파청소년센터,송파구,536
7,송파체육문화회관 앞,송파구,860
7,송파파인타운 10단지 1005동,송파구,224
7,송파파인타운 4단지 403동,송파구,312
7,송파파인타운 7단지,송파구,588
7,송파파크데일 1단지 115동 건너편,송파구,372
7,송파파크데일 2단지입구 앞 주차장,송파구,345
7,송파학사 옆,송파구,803
7,수궁동 성당 주변,구로구,389
7,수락리버시티4단지,노원구,540
7,수락산역 4번출구,노원구,863
7,수명산파크 4단지 411동 앞,강서구,1416
7,수명산파크1단지교차로,강서구,2756
7,수명중?고교,강서구,1540
7,수명초등학교,강서구,1295
7,수서동 성당 맞은편,강남구,438
7,수서역 1번출구 앞,강남구,798
7,수서역 5번출구,강남구,1784
7,수서역 7번출구 앞,강남구,288
7,수연빌딩 앞,노원구,800
7,수유1동 주민센터,강북구,488
7,수유2동은행빌딩 앞,강북구,497
7,수유사거리,강북구,918
7,수유역2번출구,강북구,2178
7,수유중앙시장,강북구,898
7,수출의 다리 아래,금천구,567
7,수협 연남동지점,마포구,1420
7,수협대치동지점,강남구,461
7,숙대입구역 4번출구,용산구,1146
7,숙대입구역 8번,용산구,761
7,숙명여대 입구 교차로,용산구,1070
7,숙명여대앞 버스정류소 주변,용산구,170
7,순천향대학병원(한남오거리),용산구,535
7,순흥안씨묘 건너편,금천구,59
7,숭실대 입구역3번 출구 앞,동작구,324
7,숭실대학교(중문),동작구,139
7,숭인2동 주민센터 입구,종로구,1372
7,스타벅스(동교동) 앞,마포구,695
7,스타즈호텔독산 빌딩 앞,금천구,849
7,시립도봉노인복지관 버스정류소,도봉구,469
7,시립동부병원 앞 사거리,동대문구,2025
7,시립미술관,중구,884
7,시립창동운동장 입구,도봉구,272
7,시범아파트버스정류장 옆,영등포구,1951
7,시석빌딩 앞,마포구,466
7,시조사 앞,동대문구,1311
7,시청역 10번출구,중구,402
7,시청역(2호선) 9번출구 뒤,중구,2114
7,시흥4동주민센터 앞,금천구,180
7,시흥사거리(시흥동 994-3 앞),금천구,761
7,신곡시장,양천구,1388
7,신금호역 2번출구 앞,성동구,91
7,신금호파크자이APT앞,성동구,251
7,신길 래미안 프레비뉴,영등포구,552
7,신길동 우리은행 옆,영등포구,742
7,신길선원가와인아파트 앞,영등포구,784
7,신길역 2번출구,영등포구,1095
7,신길역3번출구,영등포구,1435
7,신길우성1차아파트 앞 공원,영등포구,747
7,신길우성4차아파트,영등포구,1313
7,신길자이아파트,영등포구,684
7,신내 우디안 111동 앞,중랑구,137
7,신내2동 주민센터 앞,중랑구,627
7,신내SK V1센터 앞,중랑구,260
7,신내능말공원,중랑구,305
7,신내동 벽산아파트 후문 앞,중랑구,655
7,신내동 한살림 중랑지구 건너편,중랑구,367
7,신내동 한살림 중랑지구 앞,중랑구,771
7,신내어울공원 앞,중랑구,687
7,신내역 4번출구,중랑구,231
7,신내우디안아파트 1단지,중랑구,133
7,신논현역 4번출구,강남구,498
7,신논현타워 앞,서초구,649
7,신답역 1번출구,성동구,277
7,신답역 사거리,동대문구,1389
7,신당 래미안 버스정류장,중구,463
7,신당동주민센터앞,중구,1272
7,신당역 10번 출구,중구,1474
7,신당역 12번 출구 뒤,중구,2839
7,신대방삼거리,동작구,1525
7,신대방삼거리역 6번출구쪽,동작구,1867
7,신대방역 2번 출구,관악구,5121
7,신도고등학교,은평구,180
7,신도림2차e편한세상아파트 203동 앞,구로구,949
7,신도림4차 e편한세상 아파트 1109동 앞,구로구,1107
7,신도림7차e편한세상아파트 806동 앞,구로구,1129
7,신도림동주민센터 앞,구로구,1412
7,신도림쌍용플래티넘노블아파트 앞,구로구,1625
7,신도림역 1번 출구 앞,구로구,3646
7,신도림테크노근린공원,구로구,3968
7,신도봉사거리 버스정류장,도봉구,549
7,신도중학교앞,은평구,304
7,신동아럭스빌아파트 앞,서초구,146
7,신동아아파트,영등포구,2233
7,신동아타워 버스정류소,도봉구,321
7,신림1교 교차로,관악구,1404
7,"신림4,5동교",관악구,513
7,신림동 우방아파트,관악구,1166
7,신림동걷고싶은문화의거리입구,관악구,1282
7,신림푸르지오아파트,관악구,733
7,신마곡벽산블루밍메트로오피스텔앞,강서구,1125
7,신목동역 2번 출구,양천구,2350
7,신목동역 3번출구,양천구,698
7,신반포역 2번출구 앞,서초구,380
7,신반포역 3번출구 뒤,서초구,291
7,신방화사거리,강서구,2753
7,신방화역 6번출구,강서구,1596
7,신방화역 8번출구,강서구,1521
7,신방화역환승주차장,강서구,3196
7,신봉천주유소 A,관악구,75
7,신봉천주유소 B,관악구,169
7,신사동 가로수길 입구,강남구,514
7,신사동 성당,은평구,158
7,신사동주민센터 옆,강남구,438
7,신사두산위브2차아파트 앞,은평구,882
7,신사로입구,관악구,1370
7,신사스퀘어,강남구,199
7,신사역 4번출구 뒤,서초구,586
7,신석초교앞 교차로 교통섬,마포구,1537
7,신설동역 10번출구 앞,동대문구,2216
7,신설동역 11번출구 뒤,종로구,530
7,신설동역8번출구,동대문구,1078
7,신성기사식당 앞,마포구,512
7,신성미소지움아파트,중랑구,496
7,신세계면세점,중구,252
7,신세계백화점 본점 앞,중구,575
7,신세기아파트 앞,구로구,589
7,신수동 사거리,마포구,268
7,신수동주민센터,마포구,289
7,신양초교앞 교차로,광진구,637
7,신영동삼거리,종로구,43
7,신영동삼거리(북악터널방향),종로구,62
7,신용산역 1번 출구,용산구,1379
7,신용산역 6번출구 앞,용산구,902
7,신용산지하차도 앞,용산구,410
7,신원리베르텔 앞,도봉구,587
7,신월6차보람아파트 앞,양천구,1161
7,신월사거리,양천구,1110
7,신월중학교,양천구,819
7,신응교(가좌로) 앞,은평구,997
7,신이문역 1번출구,동대문구,825
7,신이문역 2번출구,동대문구,468
7,신일해피트리아파트 앞,양천구,1024
7,신자초교입구 교차로,광진구,2582
7,신정1동 주민센터 앞,양천구,2575
7,신정3동 현장민원실 앞,양천구,603
7,신정6동 주민센터 인근,양천구,1445
7,신정교 하부,양천구,853
7,신정네거리역,양천구,777
7,신정네거리역 교차로,양천구,1142
7,신정보도육교 아래,양천구,3258
7,신정숲속마을아파트,양천구,570
7,신정이펜하우스 1단지아파트 입구 사거리,양천구,615
7,신정이펜하우스314동,양천구,636
7,신정제일시장,양천구,835
7,신진과학기술고등학교 버스정류장(응암시장 방면),은평구,948
7,신창교,강북구,492
7,신창시장,도봉구,1234
7,신창아파트 입구 앞,도봉구,292
7,신창중학교 후문 맞은편 버스정류장,노원구,712
7,신청담나들목,강남구,328
7,신촌 교보빌딩,마포구,355
7,신촌 청년주택,마포구,1337
7,신촌 파랑고래 입구,서대문구,710
7,신촌기차역입구 교차로,서대문구,428
7,신촌동 제1공영주차장 앞,서대문구,555
7,신촌역 4번출구,서대문구,506
7,신촌역(2호선) 1번출구 옆,서대문구,758
7,신촌역(2호선) 6번출구 옆,마포구,660
7,신촌역(2호선) 7번출구 앞,마포구,1277
7,신트리공원 입구,양천구,2411
7,신풍역 6번출구,영등포구,1492
7,신한금융투자 앞,영등포구,2756
7,신한은행 대림동지점,영등포구,701
7,신한은행 시흥대로금융센터지점,금천구,212
7,심산기념문화센터,서초구,606
7,쌍문동 이안아파트 앞,도봉구,327
7,쌍문역 1번출구 주변,도봉구,709
7,쌍문역4번출구 주변,도봉구,738
7,쌍문현대1차아파트 108동 앞,도봉구,484
7,쌍용아파트2단지 정문,종로구,362
7,쌍용예가(구청별관),영등포구,833
7,쌍용플레티넘오피스텔,영등포구,1967
7,아리랑시네센터 앞,성북구,425
7,아만티호텔 앞,마포구,480
7,아망떼마곡전시장,강서구,1505
7,아메리칸센터,용산구,362
7,아산병원 기숙사 부근,송파구,2693
7,아시아선수촌아파트 교차로,송파구,1204
7,아시아지하보도 14번 출구,송파구,1903
7,아시아지하보도 2번 출구,송파구,1015
7,아차산 휴먼시아 아파트 옆,광진구,419
7,아차산역 3번출구,광진구,2065
7,아차산역4번출구,광진구,1965
7,아크로리버뷰 부지 앞,서초구,840
7,아크로타워 스퀘어(영등포시장),영등포구,2684
7,아현교회,마포구,204
7,아현문화건강센터,마포구,172
7,아현역 4번출구 앞,마포구,466
7,안골마을입구,서초구,28
7,안국동사거리(신),종로구,1069
7,안국역 5번출구 앞,종로구,995
7,안산초등학교 앞,서대문구,49
7,안암2교 옆,성북구,1375
7,안암골벽산아파트(후문),동대문구,776
7,안암로터리 버스정류장 앞,성북구,3442
7,안암역 3번 출구,성북구,650
7,안양천합수부(현대3차아파트),강서구,1385
7,안천중학교,금천구,251
7,암사동 선사유적지,강동구,123
7,암사역 3번출구(국민은행앞),강동구,2521
7,암사정수센터교차로(강동롯데캐슬퍼스트아파트),강동구,322
7,압구정 한양 3차 아파트,강남구,340
7,압구정나들목,강남구,950
7,압구정로데오역 6번출구,강남구,529
7,압구정역 2번 출구 옆,강남구,1177
7,압구정파출소 앞,강남구,745
7,앙카라공원 앞,영등포구,1309
7,애오개역 4번출구 앞,마포구,1373
7,앰배서더 호텔 주변,중구,438
7,약수동 주민센터,중구,97
7,약수역 10번출구 앞,중구,307
7,약수역 3번출구 뒤,중구,506
7,약수역 6번 출구,중구,319
7,양강중학교앞 교차로,양천구,490
7,양남사거리1,영등포구,663
7,양남사거리2,영등포구,696
7,양녕로 입구,관악구,958
7,양문교회 앞,동작구,743
7,양서중학교 옆,양천구,773
7,양원보도육교,양천구,560
7,양원역 1번 출구,중랑구,638
7,양원역 2번출구,중랑구,230
7,양원지구 힐데스하임 앞,중랑구,360
7,양재근린공원,서초구,1014
7,양재동 꽃시장 건너편,서초구,421
7,양재동 꽃시장 입구,서초구,266
7,양재시민의숲역 1번출구,서초구,1342
7,양재시민의숲역 3번출구,서초구,1067
7,양재역 10번 출구 앞,서초구,498
7,양재역 3번출구 주변,강남구,742
7,양재역 8번출구 앞,서초구,646
7,양재이스타빌 앞,서초구,903
7,양재전화국 사거리,서초구,280
7,양재초등학교 맞은편,서초구,488
7,양지근린공원앞,노원구,1020
7,양지사거리,성동구,953
7,양지사거리(센트라스APT 115동앞),성동구,277
7,양천 해누리타운,양천구,2353
7,양천공영차고지,양천구,215
7,"양천구청, 보건소 사잇길",양천구,4471
7,양천구청역 1번출구,양천구,1038
7,양천구청역 2번출구 옆,양천구,2094
7,양천문화회관,양천구,2194
7,양천아파트 입구,양천구,2599
7,양천해누리체육공원,양천구,707
7,양천향교역 7번출구앞,강서구,4485
7,양천향교역8번출구,강서구,1730
7,양평1 보행육교 앞,영등포구,1558
7,양평1나들목 보행통로 입구,영등포구,1503
7,양평1동 YP센터 앞,영등포구,505
7,양평교 영등포대여소,영등포구,1607
7,양평동6차현대아파트 앞,영등포구,1912
7,양평동성원아파트,영등포구,1407
7,양평역 1번출구,영등포구,2723
7,양평역2번출구 뒤,영등포구,750
7,양평우림 이비즈센타 앞,영등포구,1916
7,어린이대공원역 2번출구,광진구,906
7,어린이대공원역 3번출구 앞,광진구,759
7,어린이대공원정문,광진구,430
7,어린이도서관,종로구,505
7,어린이회관,광진구,644
7,어울림병원 앞,영등포구,892
7,언남초등학교 앞,서초구,637
7,언주역 4번출구,강남구,282
7,언주초등학교 입구,강남구,354
7,에스테반,마포구,285
7,에이스 하드웨어(시흥대로 396) 앞,금천구,782
7,에이스에이존빌딩,관악구,564
7,에이스하이엔드타워8차 앞,금천구,994
7,에이스하이엔드타워9차 앞,금천구,678
7,엘아르베뉴 102동 앞,금천구,688
7,엠펠리체 호텔 건너편,강서구,1858
7,여의나루역 1번출구 앞,영등포구,5000
7,여의도 마리나선착장 앞,영등포구,471
7,여의도 삼부아파트,영등포구,947
7,여의도 순복음교회,영등포구,333
7,여의도 은하아파트,영등포구,483
7,여의도고교 앞,영등포구,934
7,여의도역2번출구 앞,영등포구,973
7,여의도중학교 옆,영등포구,980
7,여의도초교 앞,영등포구,995
7,역삼1동 주민센터,강남구,851
7,역삼동 sk뷰 501동앞,강남구,321
7,역삼동 디오슈페리움 (우성아파트 사거리),강남구,609
7,역삼빌딩 앞(하나은행 옆),강남구,621
7,역삼서초삼성 세무서 앞 (역삼빌딩 앞),강남구,875
7,역삼월드메르디앙아파트 앞,강남구,382
7,역삼중학교 앞(체육관 방향),강남구,198
7,역촌 센트레빌 아파트,은평구,297
7,역촌센트레빌아파트 101동 앞,은평구,263
7,역촌종합시장 버스정류장(예일여고 방면),은평구,1623
7,역촌파출소,은평구,2810
7,연가교 교차로,서대문구,646
7,연가초등학교 옆,서대문구,401
7,연남동주민센터 앞,마포구,1861
7,연대 대운동장 옆,서대문구,393
7,연서어린이공원,서대문구,530
7,연세강서빌딩,강서구,1763
7,연세대 정문 건너편,서대문구,225
7,연세로 명물길,서대문구,641
7,연신내 선일하이츠빌 정류소,은평구,343
7,연신내역 1번 출구,은평구,893
7,연신내역 3번출구 인근,은평구,431
7,연신내역 4번출구,은평구,436
7,연신내역 5번출구,은평구,2100
7,연신초등학교옆 마을마당,은평구,132
7,연의근린공원 건너편,양천구,695
7,연해피빌 앞,노원구,848
7,연희 브라운스톤 아파트 앞,서대문구,1243
7,연희IC 남측,서대문구,877
7,연희교차로 인근,서대문구,329
7,연희삼거리,서대문구,915
7,연희파크푸르지오아파트 앞,서대문구,814
7,염곡동(염통골) 입구,서초구,102
7,염곡치안센터 건너편,서초구,76
7,염리초등학교 앞,마포구,938
7,염창동 새마을금고 건너편,강서구,793
7,염창동 한마음아파트 앞,강서구,1317
7,염창역 1번 출구,강서구,1950
7,"염창역 3, 4번 출구 사이",양천구,855
7,염천교사거리,중구,614
7,영도초등학교,양천구,2269
7,영동1교 (양재천근린공원),서초구,609
7,영동1교 북단,서초구,364
7,영동3교 북단(우성캐릭터 앞 보도),강남구,293
7,영동대교 북단,광진구,1331
7,영동중앙교회 버스정류장,강남구,166
7,영등포 신세계백화점,영등포구,3708
7,영등포 푸르지오 아파트 A,영등포구,1296
7,영등포 푸르지오 아파트 B,영등포구,1249
7,영등포공원 분수대 앞,영등포구,272
7,영등포구민체육센터 앞,영등포구,1439
7,영등포구청역 7번출구,영등포구,5623
7,영등포로터리,영등포구,879
7,영등포로터리2,영등포구,1272
7,영등포삼환아파트 앞,영등포구,1423
7,영등포시장역 포레나영등포,영등포구,2870
7,영등포아트홀 앞,영등포구,261
7,영등포역 1번출구,영등포구,2452
7,영등포역5번출구,영등포구,3371
7,영등포유통상가 사거리,영등포구,1251
7,영등포전화국사거리 (서강어린이공원),영등포구,1732
7,영등포청과시장 사거리,영등포구,1220
7,영락고등학교,관악구,314
7,영문초등학교 사거리,영등포구,3450
7,영성빌딩(PAT),중랑구,725
7,영어마을 관악캠프,관악구,143
7,영일 어린이공원,영등포구,977
7,영파여고 앞,송파구,1012
7,영휘원 교차로,동대문구,698
7,영희초교 사거리(래미안개포루체하임),강남구,923
7,예일여중,은평구,989
7,옛골 입구,서초구,77
7,오금공원 사거리,송파구,86
7,오금공원사거리2,송파구,223
7,오금동 대림아파트 정문,송파구,459
7,오금역 3번 출구 뒤,송파구,480
7,오금역 7번 출구 인근,송파구,785
7,오류동 계림웨스트밸리 앞,구로구,153
7,오류동 다숲오피스텔 앞,구로구,536
7,오류동부골든아파트 후문 옆,구로구,204
7,오류동역 2번출구,구로구,639
7,오류동역 맞은편,구로구,1087
7,오륜사거리,송파구,466
7,오리로와 서해안도로 교차로 앞,구로구,416
7,오목교 동측 지하보도,영등포구,1167
7,오목교역 3번출구,양천구,3928
7,오목교역 6번 출구,양천구,2082
7,오목교역 7번출구 앞,양천구,2455
7,오목로 무중력지대 앞,양천구,343
7,오솔길공원,양천구,761
7,오정초교 앞 보도육교,구로구,161
7,옥수동성당 옆,성동구,114
7,옥수역 3번출구,성동구,2639
7,온곡초교 교차로,노원구,1373
7,온수역 2번 출구 앞,구로구,456
7,온수역 북측,구로구,292
7,올림픽공원 남2문 앞,송파구,804
7,올림픽공원 북2문 A,송파구,1123
7,올림픽공원 북2문 B,송파구,2023
7,올림픽공원 서1문 앞,송파구,629
7,올림픽공원 장미광장,송파구,333
7,올림픽공원사거리(선수촌아파트),송파구,954
7,올림픽공원역 1번출구 앞,송파구,1280
7,올림픽공원역 3번출구,송파구,3442
7,올림픽기념 국민생활관 로터리,종로구,1446
7,올림픽로 836(아리수로),강동구,339
7,올림픽선수기자촌아파트 123동 근처,송파구,338
7,올림픽선수촌아파트 136동 앞,송파구,424
7,올림픽훼미리아파트 112동 앞,송파구,786
7,왈도강서캠퍼스 앞,강서구,1405
7,왕십리 자이아파트(101동 앞),성동구,20
7,왕십리KCC스위첸아파트,성동구,129
7,왕십리교회옆,성동구,2149
7,왕십리역 11번 출구 앞,성동구,1132
7,왕십리역 4번 출구 건너편,성동구,1607
7,왕십리자이아파트 후문(삼거리),성동구,180
7,외국어대 정문 앞,동대문구,2111
7,외대앞역 3번출구,동대문구,517
7,외대앞역 교차로,동대문구,1465
7,용강동 주민센터 앞,마포구,1042
7,용답동 우체국 주변,성동구,1032
7,용답토속공원 앞,성동구,533
7,용두동 래미안허브리츠아파트 앞,동대문구,1045
7,용두동 사거리,동대문구,2010
7,용두롯데캐슬리치아파트 앞,동대문구,1020
7,용두역 4번출구,동대문구,1981
7,용마복지센터 앞,중랑구,336
7,용마사거리,광진구,1329
7,용마산역 1번출구,중랑구,233
7,용마지구대 A,중랑구,154
7,용마지구대 B,중랑구,437
7,용마한신아파트사거리,중랑구,179
7,용문2교 옆,성북구,1177
7,용문사 버스정류장,강서구,612
7,용산 선인상가,용산구,361
7,용산 파크타워 앞,용산구,325
7,용산 푸르지오 파크타운 1단지 앞,용산구,122
7,용산공원갤러리앞,용산구,176
7,용산구꿈나무종합타운 앞,용산구,629
7,용산더프라임아파트 101동 앞,용산구,383
7,용산시티파크 101동 앞,용산구,411
7,용산역 맞은편,용산구,2681
7,용산전쟁기념관,용산구,108
7,용산중학교,용산구,684
7,용신동주민센터,동대문구,698
7,우국한마음 아파트 맞은편,서대문구,828
7,우리은행 방배동지점 앞,서초구,654
7,우리은행 시흥남자동화점 앞,금천구,331
7,우면산등산로 입구,서초구,60
7,우물골 근린공원,은평구,488
7,우성4차아파트,광진구,1105
7,우성식품 앞,광진구,1281
7,우성아파트 교차로,영등포구,798
7,우성아파트 앞,동작구,1865
7,우성아파트사거리 (기업은행앞),서초구,1164
7,우솔초등학교 맞은편,서초구,148
7,우영테크노센터 앞,성동구,1360
7,우이교 교차로,도봉구,1046
7,우이동 먹거리마을,강북구,123
7,우이동길마을마당,강북구,440
7,우이천 창번교,강북구,435
7,우장산동 가곡어린이공원앞,강서구,2535
7,우장산역 1번출구옆(우장산아이파크105동앞),강서구,1411
7,우장산역 3번출구,강서구,1281
7,우장산역 헤링턴타워 앞,강서구,1211
7,우장초등학교 앞,강서구,1760
7,원남동사거리,종로구,883
7,원당공원 앞,도봉구,937
7,원당근린공원,강서구,1934
7,원메디타운 앞,구로구,1607
7,원묵고등학교,중랑구,967
7,원일교회,광진구,1887
7,원자력 병원,노원구,387
7,원풍빌라앞,은평구,509
7,원효로2가 교차로,용산구,471
7,원효로다목적체육관 앞,용산구,373
7,월계 롯데캐슬아파트 뒤,노원구,476
7,월계 센트럴 아이파크,노원구,756
7,월계 청백1단지 아파트 정류장,노원구,324
7,월계1동주민센터 앞,노원구,713
7,월계2교 교차로,강북구,380
7,월계2교 버스정류장 앞,성북구,430
7,월계문화체육센터,노원구,184
7,월계역 1번 출구,노원구,592
7,월계중학교,노원구,255
7,월계초안아파트 1단지,노원구,434
7,월계프라자,노원구,523
7,월곡역 3번출구,성북구,1988
7,월곡역 5번출구 앞,성북구,1260
7,월곡역 입구 육교 밑,성북구,240
7,월드메르디앙 벤처센터 2차,금천구,775
7,월드컵경기장역 3번출구 옆,마포구,1643
7,월드컵공원,마포구,1130
7,월드컵참누리아파트,마포구,121
7,월드컵파크 4단지,마포구,331
7,월정초 사거리,양천구,575
7,웨스틴 조선호텔,중구,368
7,웰니스센터(민방위교육장 앞),종로구,921
7,웰츠타워 오피스텔,광진구,1584
7,위너스 스포츠클럽 골프연습장옆,금천구,333
7,위례 포레샤인 1809동 부근,송파구,276
7,위례22단지 2208동 다리앞,송파구,343
7,위례동주민센터,송파구,1612
7,위례별 유치원 뒤,송파구,368
7,위례송파꿈에그린아파트24단지 앞 성벽 다리 밑,송파구,221
7,위례아이파크 101동 맞은편,송파구,352
7,위례중앙푸르지오 1단지 앞,송파구,732
7,위례중앙푸르지오 201동 앞,송파구,1275
7,위례포레나송파,송파구,663
7,위례포레샤인 2310동 부근,송파구,316
7,위례포레샤인13단지,송파구,446
7,위례포레샤인18단지 1802동,송파구,282
7,위례포레샤인18단지 1812동,송파구,118
7,위례포레샤인아파트 정류장,송파구,521
7,윗반마을 입구,강남구,92
7,유니베라 앞,성동구,1396
7,유스호스텔 앞,영등포구,1137
7,유원목동아파트 103동 앞,양천구,2743
7,유진투자증권빌딩 앞,영등포구,1652
7,유한양행앞,동작구,1137
7,육군사관학교  앞,노원구,1015
7,윤선생빌딩(JYP사옥),강동구,2480
7,으뜸공원,양천구,783
7,은곡마을,강남구,370
7,은마아파트 입구 사거리,강남구,882
7,은마아파트입구 사거리(1),강남구,146
7,은천교회,관악구,640
7,은천교회 앞,관악구,1059
7,은천로입구 가로공원,관악구,2150
7,은천삼거리,관악구,262
7,은천초등학교 육교,관악구,478
7,은천치안센터,관악구,1032
7,은평 성모병원 사거리,은평구,487
7,은평 지웰테라스,은평구,179
7,은평구청 교차로,은평구,819
7,은평뉴타운 도서관,은평구,412
7,은평뉴타운 상림마을 13단지,은평구,89
7,은평뉴타운 아이파크,은평구,658
7,은평뉴타운 은뜨락아파트앞,은평구,455
7,은평뉴타운 푸르지오,은평구,746
7,은평뉴타운 힐데스하임,은평구,859
7,은평뉴타운구파발9단지,은평구,575
7,은평뉴타운폭포동 힐스테이트4단지,은평구,196
7,은평다목적체육관,은평구,258
7,은평서해그랑블아파트앞,은평구,494
7,은평세무서 버스정류장(은평구청 방면),은평구,989
7,은평역사한옥박물관,은평구,194
7,은평예술회관,은평구,854
7,은평평화공원(역촌역4번출구),은평구,1622
7,은하수 공원,노원구,438
7,을지로2가 사거리 남측,중구,496
7,을지로2가 사거리 북측,중구,623
7,을지로3가역 3번출구,중구,1327
7,을지로4가역 1번출구,중구,930
7,을지로4가역 9번출구,중구,1622
7,을지로입구역 2번출구,중구,1207
7,을지로입구역 4번출구 앞,중구,956
7,을지로입구역 8번출구,중구,467
7,을지로지하쇼핑센터,중구,459
7,응봉삼거리,성동구,397
7,응봉역 1번출구,성동구,2352
7,응봉현대아파트 정류소,성동구,192
7,응암2동주민센터 버스정류장(영락중학교 방면),은평구,289
7,응암시장교차로,은평구,1500
7,응암역2번출구 국민은행 앞,은평구,2874
7,응암역3번 출구(서부경찰서 방면),은평구,289
7,응암오거리,은평구,1579
7,의정관,영등포구,226
7,이대목동병원보도육교,양천구,944
7,이대서울병원,강서구,1459
7,이대역 4번 출구,서대문구,253
7,이대역 5번출구,마포구,512
7,이랜드글로벌R&D센터,강서구,632
7,이마트 버스정류소 옆,성동구,1489
7,이마트 버스정류장(서부경찰서 방면),은평구,1910
7,이문e편한세상아파트 앞,동대문구,551
7,이문대성유니드아파트 앞,동대문구,591
7,이문동 쌍용아파트 정문,동대문구,829
7,이문삼익아파트 앞,동대문구,233
7,이수고가차도 남단,서초구,931
7,이수교차로,서초구,1076
7,이수성결교회 옆,동작구,85
7,이수역 11번출구쪽,동작구,1276
7,이수역 1번출구,서초구,1799
7,이수역 4번 출구,서초구,1055
7,이수역 6번출구 앞,서초구,622
7,이수역9번출구,동작구,846
7,이앤씨드림타워 앞,영등포구,2536
7,이좋은집오피스텔 앞,구로구,513
7,이촌1동 마을공원,용산구,348
7,이촌1동 주민센터 뒤,용산구,896
7,이촌2동 동원베네스트 아파트 앞,용산구,752
7,이촌역2번 출구,용산구,293
7,이촌역5번출구 앞,용산구,106
7,이태원관광특구 입구(용산구청방향),용산구,215
7,이태원관광특구입구A(녹사평역쪽),용산구,77
7,이태원로 255,용산구,66
7,이태원역 3번 출구,용산구,612
7,이태원지하보도,용산구,491
7,이투스교육 앞,서초구,229
7,이튼타워리버 2차,광진구,1244
7,이화공영주차장,종로구,552
7,이화여대 인문관 인근,서대문구,166
7,이화여대 후문,서대문구,526
7,인덕대학교,노원구,437
7,인왕산 아이파크 정문,종로구,224
7,인재개발원 데이터센터,서초구,2
7,인재개발원 배움관,서초구,91
7,인헌초교,관악구,219
7,일동제약 사거리,서초구,464
7,일성아파트,종로구,254
7,일신초등학교 옆,성북구,188
7,일원1동 주민센터,강남구,687
7,일원1동주민센터앞 사거리,강남구,431
7,일원에코파크 앞(개포로 방면),강남구,274
7,일원에코파크 주차장,강남구,404
7,일원역 4~5번 출구 사이,강남구,424
7,임광빌딩 앞,서대문구,374
7,자곡사거리,강남구,1192
7,자교교회 앞,종로구,1073
7,자양(뚝섬한강공원)역 1번출구 앞,광진구,6547
7,자양2동 주민센터,광진구,1278
7,자양나들목,광진구,1667
7,자양사거리 광진아크로텔 앞,광진구,1799
7,자양사거리(서원빌딩),광진구,2580
7,자양중앙나들목,광진구,1189
7,자양한강도서관,광진구,1470
7,잔디마을 마을버스 정류장,서초구,1018
7,잠실 자전거 수리센터 앞,송파구,1910
7,잠실 파크리오 120동 앞,송파구,1258
7,잠실3거리(갤러리아팰리스),송파구,843
7,잠실4동 주민센터 옆,송파구,1375
7,잠실근린공원,송파구,1568
7,잠실나들목,송파구,1198
7,잠실나들목2(엘스아파트136동),송파구,539
7,잠실나들목4,송파구,972
7,잠실나들목5,송파구,337
7,잠실나들목6,송파구,398
7,잠실나루 나들목,송파구,1142
7,잠실나루역 (2번 출구 쪽),송파구,2025
7,잠실나루역 고가하부,송파구,335
7,잠실나루역4번출구뒤,송파구,1170
7,잠실대교북단 교차로,광진구,1549
7,잠실새내역 1번출구,송파구,1636
7,잠실새내역 5번 출구 뒤,송파구,2989
7,잠실역 6번출구,송파구,1242
7,잠실역 8번출구,송파구,2787
7,잠실주공 521동 건너편,송파구,1813
7,잠실주공5단지1,송파구,1695
7,잠실트리지움310동 옆,송파구,1688
7,잠원역 3번-4번 출구사이,서초구,948
7,잣절보도육교 아래,양천구,534
7,장곡초등학교 앞,성북구,787
7,장로회신학대학교 주기철 기념관,광진구,46
7,장미원시장 건너편,강북구,661
7,장수공원,양천구,726
7,장승배기역 5번출구,동작구,1286
7,장승배기역2번출구뒷편쪽,동작구,588
7,장안동 사거리,동대문구,2857
7,장안동근린공원 입구,동대문구,811
7,장안동삼거리 교통섬,동대문구,793
7,장안동위더스빌옆,동대문구,2462
7,장안중학교,중랑구,819
7,장안힐스테이트(아) 앞,동대문구,1762
7,장위뉴타운 꿈에 숲 코오롱 하늘채 앞,성북구,614
7,장지공영차고지,송파구,211
7,장지역 1번출구,송파구,1057
7,장충동먹자골목 앞,중구,648
7,장충체육관,중구,118
7,장한평역 3번출구,동대문구,3441
7,장한평역 8번 출구 앞,성동구,1887
7,장훈고 앞,영등포구,644
7,재동초교 앞 삼거리,종로구,697
7,전농SK아파트 앞,동대문구,358
7,전농동 동아아파트 앞,동대문구,1240
7,전농동 텃골공원,동대문구,700
7,전농사거리 교통섬,동대문구,968
7,전농삼성아파트,동대문구,222
7,전농초등학교 건너편,동대문구,387
7,전자랜드 본관 앞,용산구,675
7,정금마을 마을버스정류장,동작구,411
7,정동사거리,중구,768
7,정릉꿈에그린1단지 201동 앞,성북구,247
7,정릉도서관 앞,성북구,466
7,정릉역,성북구,445
7,정의여중고 버스정류소,도봉구,349
7,제2구민체육센타 앞,영등포구,2038
7,제각말푸르지오 5-1단지 아파트,은평구,203
7,제기2교,동대문구,1237
7,제기동 현대아파트 앞,동대문구,315
7,제기동역 1번출구,동대문구,1985
7,제니스스포츠 앞,구로구,372
7,제일강산수산입구,도봉구,753
7,제일빌딩 앞,마포구,933
7,조계사앞사거리,종로구,1074
7,조원동 강남힐병원,관악구,892
7,조원동 미성아파트,관악구,938
7,종각역 1번출구 앞,종로구,1600
7,종각역 5번출구,종로구,1197
7,종로2가 버스정류장 (종각방향),종로구,905
7,종로2가 사거리,종로구,1083
7,종로3가역 15번출구 뒤,종로구,802
7,종로3가역 2번출구 뒤,종로구,1033
7,종로3가역 8번출구,종로구,2157
7,종로4가 사거리,종로구,1021
7,종로5가역 4번출구,종로구,1049
7,종로6가역 버스정류장(동대문 방향),종로구,843
7,종로구청 옆,종로구,1651
7,종로꽃시장 입구 옆,종로구,765
7,종로문화원 건너편,종로구,576
7,종로오가 지하쇼핑센터 14번출구,종로구,950
7,종로타워빌딩,종로구,1023
7,종로플레이스,종로구,1877
7,종묘,종로구,711
7,종묘공영주차장 건너편,종로구,339
7,종암동 동덕여대 제2생활관 앞,성북구,1279
7,종암박스파크,성북구,1029
7,종암초등학교 뒤(새울센스빌),동대문구,322
7,종합운동장역 4번출구,송파구,912
7,주공14단지,금천구,169
7,주공601동 상가 노원지하보도 앞,노원구,1539
7,주식회사 오뚜기 정문 앞,강남구,337
7,주원 리젠트 앞,강서구,609
7,주홍교 하부,서초구,245
7,준빌딩 앞,은평구,229
7,중계 롯데마트,노원구,1377
7,중계2차 한화꿈에그린 101동 인근,노원구,773
7,중계3차청구아파트,노원구,979
7,중계구민체육센터,노원구,734
7,중계근린공원내,노원구,2968
7,중계동 성모빌딩 앞,노원구,1378
7,중계동 을지중학교,노원구,733
7,중계동 하나프라자빌딩 앞(중1-1),노원구,1565
7,중계본동 입구,노원구,243
7,중계역 2번출구,노원구,1448
7,중계역 3번출구,노원구,1615
7,중계역 6번출구,노원구,1762
7,중계종합사회복지관 교차로,노원구,469
7,중계주공2단지 앞,노원구,584
7,중계중학교,노원구,1275
7,중곡 성원아파트 앞,광진구,726
7,중곡SK아파트앞,광진구,446
7,중곡역 1번출구,광진구,866
7,중대후문 마을버스정류장,동작구,350
7,중랑공영차고지 옆,중랑구,739
7,중랑교사거리,동대문구,956
7,중랑구민회관,중랑구,233
7,중랑구청,중랑구,914
7,중랑구청 사거리,중랑구,979
7,중랑구청 중화동 별관 앞,중랑구,1624
7,중랑데시앙플렉스 앞,중랑구,359
7,중랑물재생센터(서울새활용플라자),성동구,486
7,중랑세무서,중랑구,1594
7,중랑역 1번 출구(중화문화복지센터),중랑구,727
7,중랑전화국 교차로,중랑구,1265
7,중랑천 뚝방길 산책로 입구,광진구,890
7,중랑캠핑숲,중랑구,110
7,중림동삼거리,중구,187
7,중부경찰서앞 사거리,중구,384
7,중부경찰서앞사거리 건너편,중구,318
7,중부세무서 앞,중구,167
7,중앙고입구 삼거리,종로구,196
7,중앙근린공원,서대문구,930
7,중앙농협(자양동),광진구,1597
7,중앙대학교 정문 1,동작구,393
7,중앙대학교 중앙광장,동작구,97
7,중앙동 동진빌딩,관악구,736
7,중앙보훈병원역 1번출구,강동구,231
7,중앙보훈병원역3번출구,강동구,127
7,중앙유통단지 앞,구로구,684
7,중앙유통단지 앞 B,구로구,697
7,중앙일보,중구,118
7,중앙하이츠 아파트 입구,노원구,1472
7,중화동 우리은행 앞,중랑구,792
7,중화빌딩 앞 (동부시장),중랑구,754
7,중화수경공원,중랑구,1004
7,중화역 2번출구,중랑구,1130
7,중화역 4번출구,중랑구,723
7,증권거래소후문교차로,영등포구,1168
7,증미역 2번출구,강서구,1562
7,증미역 3번출구뒤(등촌두산위브센티움오피스텔),강서구,2397
7,증산2교,서대문구,1346
7,증산3교 앞,서대문구,1178
7,증산교 앞,서대문구,1283
7,증산역 4번출구,은평구,1108
7,진관고등학교앞,은평구,419
7,진관동 은빛초등학교,은평구,359
7,진미파라곤 앞,영등포구,1169
7,진주아파트상가 앞,영등포구,829
7,참새공원(백곡경노당),구로구,375
7,창1동주민센터,도봉구,571
7,창경궁 입구,종로구,498
7,창동 주공 4단지 입구 옆,도봉구,628
7,창동19단지아파트 관리사무소앞,도봉구,853
7,창동시장입구 사거리,도봉구,639
7,창동역 1번출구 건너편,도봉구,545
7,창동역 1번출구 앞,도봉구,2491
7,창동역 2번출구,도봉구,2726
7,창동주공17단지 상가앞,도봉구,1035
7,창동주공19단지앞,도봉구,865
7,창동청소년수련관,도봉구,768
7,창동한신아파트 버스정류소,도봉구,481
7,창신3동주민센터,종로구,973
7,창신두산아파트,종로구,143
7,창신역 1번출구 앞,종로구,549
7,창신역2번 출구,종로구,130
7,창원초등학교 교차로,도봉구,535
7,창포원 남쪽 입구,도봉구,530
7,천동초교 삼거리,강동구,1402
7,천동초교입구사거리 버스정류장(십자성마을 방면),강동구,1370
7,천왕역 1번 출입구 앞,구로구,1483
7,천왕역 3번 출구 뒤,구로구,995
7,천왕역 4번출구 뒤,구로구,884
7,천왕연지타운2단지 앞,구로구,1128
7,천왕이펜하우스 4단지 후문,구로구,272
7,천왕이펜하우스3단지 앞,구로구,281
7,천왕이펜하우스5단지 앞,구로구,239
7,천왕지구삼거리 앞,구로구,544
7,천왕차량사업소 입구,구로구,533
7,천일초교 사거리,강동구,736
7,천주교 대치 2동 교회 옆,강남구,658
7,천지인 오피스텔 앞,종로구,68
7,천호시장 버스정류소 옆,강동구,567
7,천호역 10번 출구 앞,송파구,2730
7,천호역4번출구(현대백화점),강동구,3660
7,천호역효성해링턴타워 앞,강동구,62
7,천호지하주차장 5번 출입구,강동구,895
7,천호초교 입구 사거리(일주빌딩),강동구,816
7,철도교통관제센터 정문 앞,구로구,1732
7,청계2가 사거리 옆,종로구,1144
7,청계3가 사거리,종로구,981
7,청계8가 사거리 B,성동구,1796
7,청계8가사거리 A,종로구,1614
7,청계9가교차로 앞,동대문구,2234
7,청계광장 옆,중구,1145
7,청계벽산아파트 앞,성동구,1250
7,청계산 입구 삼거리,서초구,88
7,청계산입구역 1번출구,서초구,887
7,청계산입구역 2번출구,서초구,158
7,청계천 박물관 앞,성동구,512
7,청계천 생태교실 앞,성동구,3462
7,청계천 영도교,중구,2469
7,청계한신휴플러스앞 삼거리,동대문구,1047
7,청구e편한세상아파트 113동 앞,중구,781
7,청구성심병원 앞,은평구,494
7,청구아파트 앞,구로구,1052
7,청기와빌딩,양천구,724
7,청년주택 독산동점,금천구,450
7,청년취업사관학교앞,금천구,380
7,청담공원앞 교차로,강남구,811
7,청담나들목입구,강남구,336
7,청담동 맥도날드 옆(위치),강남구,304
7,청담백영빌딩 앞,강남구,113
7,청담사거리(신한오피스텔빌딩 앞),강남구,264
7,청담역 11번 출구,강남구,133
7,청담역 13번 출구 앞,강남구,300
7,청담역 1번출구,강남구,181
7,청담역 2번출구,강남구,93
7,청담역(우리들병원 앞),강남구,202
7,청량리 기업은행 앞,동대문구,2557
7,청량차도 육교 밑,동대문구,558
7,청소년수련관 후문,노원구,3376
7,청소년수련관(수영장)앞,강남구,318
7,청소년음악센터,양천구,542
7,청솔우성아파트 앞,동대문구,1023
7,청암예술학교 앞,노원구,1125
7,청암자이아파트 앞,용산구,571
7,청와대앞길,종로구,201
7,청운초교 앞 삼거리,종로구,603
7,청파동삼거리 앞,용산구,617
7,청파동입구 교차로,용산구,699
7,초롱타운 앞,구로구,219
7,초원아파트 앞,영등포구,703
7,총신대 앞(육교),동작구,76
7,충무로역 1번출구,중구,751
7,충무로역 6번출구 앞,중구,993
7,충북 미래관,영등포구,2749
7,충정2교,서대문구,515
7,충정로역 1번 출구,서대문구,189
7,충정로역 2호선(엘리베이터 앞),중구,516
7,충정로역 3번 출구,서대문구,149
7,충정로역 7번출구 아래,서대문구,452
7,커먼그라운드,광진구,2526
7,코레일유통본사,영등포구,958
7,코스트코 상봉점,중랑구,1449
7,코오롱One&Only타워,강서구,2083
7,코오롱디지털타워 3차앞,성동구,1394
7,코오롱아파트사거리,마포구,2546
7,코오롱테크노밸리,금천구,222
7,콤텍시스템 앞,영등포구,637
7,크라운호텔앞 버스정류소,용산구,424
7,크린랩 본사,강남구,220
7,탄천1교 하부보도,송파구,471
7,탑골공원 앞,종로구,526
7,탑성마을 버스정거장 옆,서초구,25
7,탑성마을입구,서초구,27
7,태릉입구역 3번출구,노원구,1009
7,태릉입구역 5번출구,노원구,2374
7,태릉입구역 8번출구,노원구,1413
7,태평양물산,구로구,2600
7,테라타워2,송파구,1846
7,테크노마트 앞,구로구,1924
7,퇴계로4가 교차로(중구청),중구,933
7,트레빌빌딩,강동구,1139
7,파르코 앞,노원구,205
7,파스쿠찌 청담사거리점 앞,강남구,28
7,파크타워 104동 앞,용산구,233
7,파크팰리스,종로구,700
7,페코텍글로벌허브빌딩 앞,성동구,2096
7,평생학습관 앞,은평구,1051
7,평창동주민센터 앞,종로구,125
7,평화도봉공원 주변,도봉구,739
7,포레나 당산,영등포구,1535
7,포레스 주상복합 빌딩,강동구,1423
7,포르투갈 대사관 앞,종로구,897
7,포스코사거리 서측(수협 삼성동 지점),강남구,443
7,포스코사거리(기업은행),강남구,1039
7,포스코피앤에스타워 (역삼역 3번출구 부근),강남구,530
7,폭포동입구 교차로,은평구,237
7,푸르메병원,마포구,1159
7,푸조비즈타워 앞,성동구,1335
7,풍납근린공원,송파구,715
7,풍납동 아이파크 107동 앞,송파구,829
7,풍납백제문화공원 옆 인근,송파구,2015
7,풍납사거리 성내유수지,송파구,676
7,풍납사거리(강동),강동구,1070
7,풍납중학교 측면,송파구,256
7,풍납토성 서성벽터A,송파구,844
7,풍납토성 서성벽터B,송파구,489
7,풍납현대아파트쉼터,송파구,1729
7,풍전아파트 건너편,용산구,638
7,프라이어팰리스아파트,강동구,524
7,프라자 아파트 앞,강동구,650
7,프런트원(공덕역4번출구 앞),마포구,690
7,필동 삼거리,중구,580
7,하계 어린이 공원,노원구,1603
7,하계2동 공항버스정류장 옆,노원구,1700
7,하계역 6번출구,노원구,1377
7,하늘공원 입구,마포구,375
7,하늘숲초등학교 앞,구로구,858
7,하늘채코오롱아파트 건너편,마포구,1857
7,하얏트호텔 앞,용산구,29
7,하우스디세종타워 앞,성동구,908
7,하이투자증권 앞,영등포구,1147
7,학동로 래미안 아파트 앞,강남구,126
7,학동역,강남구,317
7,학여울역 사거리,강남구,354
7,학여울역 사거리(LG베스트샵 앞),강남구,579
7,학여울역사거리(은마아파트),강남구,128
7,한가람미술관 앞,서초구,156
7,한가람아파트 앞,용산구,88
7,한강 현대아파트 건너편,동작구,53
7,한강GS에클라트 건너편 교통섬,용산구,481
7,한강공원 망원나들목,마포구,6722
7,한강대교 북단 교차로,용산구,1145
7,한강버스 마곡 선착장,강서구,493
7,한강아파트,강서구,1402
7,한강중학교 앞 버스정류장,용산구,194
7,한강진역 2번 출구 앞,용산구,252
7,한강초교보도육교 앞,용산구,672
7,한강트럼프월드3차 앞,용산구,771
7,한국SGI 양천문화회관 앞,양천구,814
7,한국경제,중구,37
7,한국과학기술연구원 북문,성북구,125
7,한국과학기술연구원 중문,성북구,315
7,한국국방연구원 앞,동대문구,992
7,한국우편사업진흥원,강남구,215
7,한국은행,중구,283
7,한국전력 구로금천지사 앞,금천구,504
7,한국전력공사(동대문 중랑지사),중랑구,837
7,한국종합기술사옥 앞,강동구,1609
7,한국지역난방공사강남지사,강남구,335
7,한국체육대학교,송파구,318
7,한남 유수지 복개주차장,용산구,519
7,한남나들목 입구,용산구,995
7,한남나인원 105동 앞,용산구,245
7,한남초교 앞 보도육교,용산구,46
7,한내 행복발전소 옆,노원구,1940
7,한내근린공원 남측,노원구,559
7,한내근린공원 북측,노원구,920
7,한림대학교 강남성심병원 신관,영등포구,1133
7,한림연예예술고등학교,송파구,2
7,한마을아파트 정문상가,구로구,1307
7,한사랑교회 앞,양천구,884
7,한성대7번출구 앞,성북구,542
7,한성대입구역2번출구,성북구,1372
7,한성대입구역6번출구 뒤,성북구,583
7,한성백제역 1번출구 뒤,송파구,2055
7,한성백제역 2번 출구,송파구,1659
7,한신16차아파트 119동 앞,서초구,2286
7,한신아파트 앞 육교 아래,금천구,450
7,한신코아 앞,금천구,320
7,한신휴아파트 앞,구로구,1468
7,한양3차아파트 3동 앞,송파구,210
7,한양대병원사거리,성동구,1010
7,한양대역 1번출구,성동구,395
7,한양대역 3번 출구,성동구,1006
7,한양대후문역 부근,성동구,920
7,한양수자인아파트 앞,중랑구,350
7,한영외국어고등학교,강동구,200
7,한영중고앞사거리,강동구,354
7,한울중학교,금천구,194
7,한일유앤아이아파트 105동 인근,노원구,777
7,한전아트센터 앞,서초구,547
7,한진아파트 입구,구로구,703
7,한천교 동편,노원구,832
7,한티역 3번출구,강남구,289
7,한티역 6번 출구,강남구,322
7,한티역 롯데백화점 앞,강남구,693
7,한화오벨리스크 앞,마포구,804
7,함지박 사거리,서초구,584
7,합정동주민센터 앞,마포구,1775
7,합정역 1번출구 앞,마포구,1100
7,합정역 5번출구 앞,마포구,602
7,합정역 7번출구 앞,마포구,1590
7,항동지구 10단지 1001동 앞,구로구,240
7,항동지구 11단지 1103동 앞,구로구,124
7,항동지구 1단지 105동 앞,구로구,194
7,항동지구 2단지 202동 앞,구로구,166
7,항동지구 3단지 302동 앞,구로구,75
7,항동지구 3단지 311동 앞,구로구,53
7,항동지구 4단지 입구,구로구,125
7,항동지구 6단지 602동 앞,구로구,185
7,항동지구 7단지 정문,구로구,387
7,항동지구 8단지 803동옆(주차장입구),구로구,70
7,항동지구5단지 501동 앞,구로구,172
7,항동프라자,구로구,356
7,항동하버리안2단지아파트 후문,구로구,134
7,해공공원(천호동),강동구,1640
7,해공도서관앞,강동구,894
7,해담는다리,서대문구,1748
7,해뜨는 주유소옆 리엔파크 109동앞,강동구,544
7,해원리바파크 육교 밑,구로구,2028
7,행당동 삼부APT후문,성동구,248
7,행당중학교 후문,성동구,503
7,허준박물관삼거리,강서구,936
7,헬리오시티 112동 앞,송파구,910
7,헬스케어,노원구,981
7,현대 뜨레비앙 아파트 앞,종로구,916
7,현대 안성타워,용산구,131
7,현대6차 아파트,노원구,1163
7,현대6차아파트 101동 옆,양천구,852
7,현대고등학교 건너편,강남구,942
7,현대그룹(본사),종로구,871
7,현대백화점 미아점,성북구,613
7,현대벤처빌 앞,마포구,230
7,현대성우아파트 옆,강북구,203
7,현대시장사거리,관악구,1026
7,현대시티아울렛 가산,금천구,1144
7,현대아파트 앞,구로구,475
7,현대아파트 정문 앞,강남구,515
7,현대자동차 동부서비스센터 주변,성동구,793
7,현대자동차서비스 앞,용산구,525
7,현대하이페리온,양천구,2505
7,현대홈타운 뒷길,광진구,219
7,혜명양로원 담장 옆(2),금천구,238
7,혜화동 로터리,종로구,1225
7,혜화역 1번출구,종로구,1803
7,혜화역 3번출구 뒤,종로구,978
7,호돌이공원,강서구,614
7,호돌이상가,송파구,499
7,호반써밋,송파구,581
7,호반써밋12단지,송파구,77
7,호암아트홀,중구,142
7,홈플러스 금천점 앞,금천구,839
7,홈플러스 마포점 앞,마포구,1963
7,홈플러스 면목점,중랑구,565
7,홈플러스 상봉점 앞,중랑구,1053
7,홈플러스 시흥점 맞은편 다비치안경 앞,금천구,563
7,홈플러스 신내점 앞,중랑구,2014
7,홈플러스 잠실점,송파구,1258
7,홈플러스(강서점),강서구,2778
7,홍남교 버스정류장,서대문구,605
7,홍남교 사거리,서대문구,870
7,홍대입구역 2번출구 앞,마포구,3682
7,홍대입구역 3번출구,마포구,2766
7,홍대입구역 6번출구,마포구,1268
7,홍대입구역 8번출구 앞,마포구,1584
7,홍대입구역 사거리,마포구,1332
7,홍련봉 공원,광진구,341
7,홍연2교 사거리,서대문구,436
7,홍연2교옆,서대문구,1004
7,홍은 현대아이파크 아파트 202동 앞,서대문구,531
7,홍은2파출소 옆,서대문구,459
7,홍은도담도서관,서대문구,395
7,홍은동 정원여중 입구,서대문구,646
7,홍은사거리,서대문구,2001
7,홍은센트레빌 아파트 앞,서대문구,287
7,홍익병원앞 교차로,양천구,1417
7,홍익중고 입구,성북구,877
7,홍제교,서대문구,582
7,홍제삼거리 북측,서대문구,804
7,화곡2동주민센터,강서구,894
7,화곡로 입구 교차로,양천구,275
7,화곡본동시장 버스정류장,강서구,418
7,화곡본동시장 입구,강서구,601
7,화곡역 1번 출구 앞,강서구,1639
7,화곡역 6번출구,강서구,1474
7,화곡역 버스정류장,강서구,1772
7,화곡터널입구교차로,강서구,682
7,화랑대역 2번출구 앞,노원구,2039
7,화랑대역 7번출구,중랑구,1328
7,화양 APT(횡단보도 옆),광진구,2844
7,화양동 우체국,광진구,2058
7,화양사거리,광진구,572
7,황금내근린공원,강서구,1866
7,황학동롯데캐슬,중구,1606
7,회기역 2-①번출구,동대문구,1576
7,회현사거리 남측,중구,487
7,회현역 1번출구,중구,194
7,회현역 7번출구,중구,189
7,효성인텔리안 앞,강북구,1572
7,효자동 삼거리,종로구,681
7,효창 푸르지오 앞,용산구,200
7,효창공원앞역 3번출구 앞,용산구,1056
7,효창공원앞역 5번출구 옆,용산구,227
7,효창동주민센터 앞,용산구,217
7,훈련원공원주차장 앞,중구,1023
7,휘경119안전센터 앞,동대문구,750
7,휘경1동주민센터 앞,동대문구,627
7,휘경2동 주민센터,동대문구,282
7,휘경sk뷰아파트 앞,동대문구,336
7,휘경여중고삼거리,동대문구,865
7,휘문고교 사거리,강남구,167
7,휘봉고등학교 앞,동대문구,691
7,휴플러스 수락한신아파트 101동 앞,노원구,438
7,흑석 아크로리버하임(103동),동작구,67
7,흑석동주민센터 입구,동작구,154
7,흑석동효사정앞,동작구,140
7,흑석롯데캐슬에듀포레(107동),동작구,337
7,흑석역 1번출구,동작구,1333
7,흑석역 4번출구,동작구,363
7,흑석한강푸르지오 106동앞,동작구,30
7,흑석한강푸르지오(110동),동작구,117
7,흥국사 정류장,은평구,107
7,희성오피앙,노원구,956
7,희훈타워빌 앞,구로구,1408
7,힐스테이트에코,강서구,2412
7,힐스테이트창경궁 아파트 앞,종로구,820
7,힐스테이트클래시안아파트,영등포구,857
8,(시립)고덕평생학습관,강동구,455
8,(재)FITI시험연구원,강서구,1467
8,3호선 매봉역 3번출구앞,강남구,1208
8,419민주묘지역,강북구,557
8,419민주묘지역 1번출구,강북구,1034
8,419탑 앞,강북구,413
8,"500번,507번 버스 종점 앞",금천구,231
8,63스퀘어,영등포구,1304
8,7호선 이수역7번출구,동작구,781
8,9호선종합운동장역 9번출구,송파구,813
8,AS센터,성동구,47
8,CBS방송국 앞,양천구,4122
8,CJ 드림시티,은평구,2783
8,CJ오쇼핑앞,서초구,142
8,CJ제일제당 앞,중구,1063
8,DDP 패션몰,중구,1115
8,DMC래미안e편한세상203동옆,서대문구,481
8,DMC빌 앞,마포구,673
8,DMC산학협력연구센터 앞,마포구,1136
8,DMC엘가아파트 앞,서대문구,887
8,DMC역 2번출구 옆,마포구,1744
8,DMC역 5번 출구(수색역 방향),은평구,1518
8,DMC역 9번출구 앞,마포구,2175
8,DMC역7번출구,마포구,620
8,DMC첨단산업센터,마포구,396
8,DMC파크뷰자이1단지 110동 앞,서대문구,795
8,DMC파크뷰자이아파트 302동 앞,서대문구,771
8,DMC홍보관,마포구,1076
8,ESA아파트 상가 앞,도봉구,920
8,FITI시험연구원 앞,동대문구,499
8,HID 유족동지회 앞,용산구,96
8,HW컨벤션센터 앞,종로구,138
8,H비즈니스파크,송파구,966
8,H타워 앞,영등포구,1589
8,IBK기업은행 석수역 지점 앞,금천구,118
8,JK장평타워,관악구,201
8,JTBC 앞,마포구,795
8,JW타워,서초구,168
8,K&S빌딩 앞,광진구,1492
8,K+ 타워 앞,강남구,500
8,KAIST 경영대학 앞,동대문구,941
8,KBS 스포츠월드,강서구,2479
8,KBS 앞,영등포구,1793
8,KBS 연구동 건너편,영등포구,499
8,KB국민은행 염창역 지점 앞,양천구,1132
8,KCC용산웰츠(WELLTZ)타워,용산구,432
8,KEB 하나금융그룹 명동사옥 옆,중구,597
8,KEB은행 고대점,성북구,817
8,KG타워 앞,중구,657
8,KRX한국거래소(1),영등포구,562
8,KT 서초지사 앞,서초구,209
8,KT 전화국 버스정류장 옆,노원구,2955
8,KT&G 관악지점,관악구,496
8,KT&G강동지사,강동구,953
8,KT&G타워 옆(상상마당 대치아트홀),강남구,221
8,KT관악지점,관악구,832
8,KT선릉타워,강남구,941
8,KT앞,영등포구,1974
8,KT플라자 영등포점,영등포구,1799
8,KT혜화지사 앞,종로구,1042
8,LG CNS앞,마포구,928
8,LG 사이언스파크,강서구,1160
8,LG사이언스파크 E10동,강서구,1463
8,LG사이언스파크 E14동,강서구,1602
8,LG유플러스 (방배사옥),서초구,67
8,LG유플러스 마곡사옥,강서구,3275
8,LG전자 별관동(호서대 벤처타워 맞은편),금천구,660
8,LG전자가산A와 가산테라타워 사이,금천구,1156
8,LG트윈타워 앞,영등포구,1569
8,LG한강 자이아파트 앞,용산구,934
8,LH 서초 4단지 403동,서초구,426
8,LH서초3단지 301동 맞은편,서초구,255
8,LIGA 아파트 앞,강동구,2286
8,LIG강촌아파트 103동앞,용산구,994
8,MBC 앞,마포구,522
8,MCM 본사 직영점 앞,강남구,219
8,NH농협은행 앞,영등포구,2228
8,SBS방송국,양천구,1602
8,SB타워 앞,강남구,258
8,SC제일은행 양재동지점 앞,서초구,436
8,SK 남산빌딩,중구,177
8,SK 서린빌딩 앞,종로구,1517
8,SK리쳄블(서울아리수본부),서대문구,306
8,SPC 앞,서초구,586
8,SSTS 몰 앞,강동구,686
8,STX V타워,금천구,437
8,U레지던스 앞,영등포구,803
8,W컨템포오피스텔앞,금천구,257
8,e 편한세상 보문아파트 내,성북구,147
8,e편한세상 상도노빌리티 앞,동작구,548
8,e편한세상 신촌4단지 앞,서대문구,502
8,kt 행당빌딩 앞,성동구,931
8,sk신내 주유소앞(용마산로),중랑구,168
8,가든파이브 리빙관,송파구,238
8,가락1동주민센터,송파구,896
8,가락2동주민센터 인근,송파구,448
8,가락고등학교 앞,송파구,258
8,가락대림아파트 앞,송파구,857
8,가락몰 업무동,송파구,1030
8,가락미륭아파트 앞,송파구,320
8,가락본동주민센터 인근,송파구,1102
8,가락삼환아파트 앞,송파구,292
8,가락시장 남1문 사거리,송파구,591
8,가락시장역 2번 출구,송파구,831
8,가락시장역 3번 출구,송파구,1474
8,가락시장역 5번출구,송파구,340
8,가락시장역 사거리,송파구,801
8,가락쌍용2차아파트 103동,송파구,583
8,가락종합 사회복지관,송파구,405
8,가락중학교 앞,송파구,529
8,가락현대 1차 11동 앞,송파구,309
8,가로공원공영주차장 1번 출구,강서구,1207
8,가리봉동주민센터,구로구,1142
8,가마산지하보도 옆,구로구,567
8,가산동 주민센터,금천구,1399
8,가산디지털단지 9번출구 인근,금천구,2546
8,가산롯데아이티캐슬,금천구,693
8,가산아네스트 오피스텔 앞,금천구,627
8,가양3동 주민센터,강서구,1451
8,가양레포츠센터 앞,강서구,1000
8,가양역 1번출구,강서구,2265
8,가양역 7번출구,강서구,3667
8,가양역 8번출구,강서구,3485
8,가양오토갤러리,강서구,896
8,가양테크노타운,강서구,524
8,가오리역,강북구,878
8,가온문화공원,마포구,1351
8,가재울 초등학교,서대문구,1162
8,가재울사거리,서대문구,579
8,가좌삼거리,서대문구,913
8,가좌역 4번출구 앞,서대문구,1177
8,가좌역1 번출구 앞,마포구,898
8,가좌행복주택 앞,마포구,810
8,갈산문화예술센터,양천구,1226
8,갈현1동 주민센터,은평구,433
8,갑을그레이트밸리 앞,금천구,633
8,강남 을지병원 교차로,강남구,262
8,강남경찰서,강남구,646
8,강남구 도시관리공단,강남구,419
8,강남구청,강남구,389
8,강남구청역 2번출구 뒤,강남구,566
8,강남세브란스교차로  래미안그레이튼 104동 앞,강남구,310
8,강남자곡힐스테이트,강남구,484
8,강남중학교 앞,동작구,1091
8,강남파이낸스센터앞(역삼역2번출구),강남구,475
8,강남한신휴플러스 6단지,강남구,418
8,강남한양수자인아파트,강남구,482
8,강동경찰서,강동구,2917
8,강동경희대학교병원 입구,강동구,423
8,강동구음식물재활용센터,강동구,40
8,강동구청 앞,강동구,2444
8,강동구청역 1번 출입구,강동구,1850
8,강동농협 버스정류소 앞(광채빌라),강동구,751
8,강동롯데캐슬퍼스트 아파트(관리동),강동구,583
8,강동리버스트4단지아파트 404동 앞,강동구,309
8,강동리버스트4단지아파트 405동 앞,강동구,212
8,강동리버스트6단지,강동구,447
8,강동리버스트7단지,강동구,361
8,강동리버스트8단지,강동구,457
8,강동리엔파크 13단지(1303동 앞),강동구,652
8,강동리엔파크14단지(1401동 앞),강동구,583
8,강동리엔파크9단지,강동구,437
8,강동세무서,강동구,2288
8,강동역 1번출구 앞,강동구,1528
8,강동역3번출구,강동구,2652
8,강변그대가리버뷰 입구 맞은편,강동구,1196
8,강변삼성래미안,영등포구,981
8,강변삼성스위트아파트 앞,용산구,282
8,강변아파트 310동 앞,강서구,1001
8,강변역 4번출구 뒤,광진구,1096
8,강북 청소년 문화정보도서관 앞,강북구,258
8,강북구청 뒷편,강북구,256
8,강북구청 사거리 버스정류소 앞,강북구,755
8,강북구청사거리,강북구,953
8,강북구청사거리(수유역 8번출구),강북구,1640
8,강북문화예술회관,강북구,889
8,강북문화정보도서관,강북구,243
8,강북종합시장 앞,강북구,575
8,강북중학교 앞,강북구,1460
8,강서공업고등학교 앞,강서구,885
8,강서구립등빛도서관,강서구,3507
8,강서구민올림픽체육센터,강서구,1821
8,강서구보건소,강서구,734
8,강서구의회,강서구,1781
8,강서구청,강서구,2022
8,강서구청사거리(SH타워),강서구,2632
8,강서구청사거리(부민병원),강서구,1043
8,강서대학교,강서구,333
8,강서면허시험장 앞,강서구,359
8,강서문화센터,강서구,196
8,강서세무서 앞,강서구,2623
8,강서수도사업소민원센터,구로구,1440
8,강서수산물도매시장,강서구,609
8,강서아동복지센터,강서구,79
8,강서우체국,강서구,1156
8,강서초등학교,양천구,395
8,강서한강자이타워 앞,강서구,2773
8,강서힐스테이트 상가 앞,강서구,932
8,강월초교입구 사거리,양천구,516
8,강일 다솜 어린이 공원,강동구,242
8,강일동 리슈빌 빌딩앞,강동구,1112
8,강일동입구교차로,강동구,247
8,강일리버파크 10단지,강동구,457
8,강일리버파크 2~5단지,강동구,506
8,강일리버파크 6단지,강동구,193
8,강일리버파크 7~11단지,강동구,325
8,강일역 3번출구,강동구,597
8,강일역 4번출구,강동구,278
8,"강일중,선사고 버스정류장(신암중학교 방면)",강동구,819
8,개롱역 3번 출구 뒤,송파구,711
8,개롱역사거리 2번 출구,송파구,774
8,개봉센트레빌레우스아파트 앞,구로구,138
8,개봉아이파크아파트 앞,구로구,747
8,개봉역 1번 출구 자전거보관서쪽,구로구,571
8,개봉역2번출구 A,구로구,1269
8,개봉역2번출구 B,구로구,321
8,개봉지구대 개봉치안센터,구로구,555
8,개봉푸르지오아파트 상가,구로구,1254
8,개포1단지아파트 입구 (보도육교),강남구,57
8,개포고등학교 정문앞,강남구,419
8,개포동역 4번출구,강남구,773
8,개포동역 사거리,강남구,576
8,개포래미안포레스트아파트 107동 앞,강남구,624
8,개포우성6차아파트 정문 앞,강남구,262
8,개화광역환승센터,강서구,220
8,개화산역 2번 출구,강서구,782
8,거여5단지 503동 앞,송파구,381
8,거여동 사거리,송파구,307
8,거여동 어울림아파트  102동앞,송파구,456
8,거여동사거리 송파둘레길 입구,송파구,154
8,거여역 3번출구,송파구,1283
8,거여역 8번출구 뒤,송파구,1196
8,거여초등학교 옆,송파구,462
8,건국대학교 (입학정보관),광진구,1139
8,건국대학교 (행정관),광진구,361
8,건국대학교 과학관(이과대) 앞,광진구,678
8,건국대학교 정문 앞,광진구,1080
8,건국대학교 학생회관,광진구,2040
8,건대병원후문,광진구,3248
8,건대입구역 5번출구 뒤,광진구,2827
8,건대입구역 사거리(롯데백화점),광진구,4704
8,건영상가 앞,영등포구,300
8,건영아파트 앞,성동구,1380
8,건영아파트앞 사거리,송파구,1241
8,겸재교 진입부,중랑구,1946
8,겸재정선미술관,강서구,1320
8,경기여자고등학교 후문 (삼성로3길 입구),강남구,618
8,경문고등학교 앞,동작구,662
8,경복궁역 6번출구 뒤,종로구,1535
8,경복궁역 7번출구 앞,종로구,777
8,경서농협 버스정류장(우리은행신정동지점방향),양천구,1013
8,경일중학교 앞,성동구,1686
8,"경찰병원역 1,2번 출구 사이",송파구,489
8,경찰병원역 3번출구 앞,송파구,939
8,경창시장,양천구,539
8,경희궁 자이 2단지,종로구,718
8,경희궁 자이 3단지,종로구,780
8,경희대학교 청운관,동대문구,750
8,계남공원 입구 주출입구 좌측,양천구,174
8,고대구로병원 앞,구로구,611
8,고대앞사거리 교통섬,동대문구,927
8,고덕 래미안 힐스테이트(101동),강동구,401
8,고덕 래미안힐스테이트(201동),강동구,117
8,고덕동 래미안 힐스테이트,강동구,330
8,고덕동 아남아파트,강동구,832
8,고덕동 주양쇼핑,강동구,920
8,고덕센트럴 아이파크상가 앞,강동구,500
8,고덕숲 아이파크 1,강동구,189
8,고덕숲 아이파크 2,강동구,172
8,고덕역 5번출구,강동구,1457
8,고덕자이(105동 앞),강동구,934
8,고덕중학교 후문,강동구,183
8,고덕초등학교,강동구,155
8,고려대학교 2번출구,성북구,1211
8,고려사대부속중고 건너편,성북구,227
8,고려사대부속중고 정문,성북구,245
8,고속터미널역 3번출구,서초구,510
8,고속터미널역 5번출구 앞,서초구,540
8,"고속터미널역 8-1번, 8-2번 출구 사이",서초구,2377
8,고척LIGA아파트 앞,구로구,1461
8,고척교 교차로,구로구,496
8,고척근린공원 고척도서관 앞,구로구,943
8,고척스카이돔구장 광장,구로구,866
8,고척아이파크아파트 106동 앞,구로구,794
8,고척아이파크아파트 205동 앞,구로구,906
8,고투몰 gate 15옆,서초구,554
8,곰달래 문화복지센터 A,강서구,1159
8,곰달래 문화복지센터 B,강서구,463
8,공덕역 2번출구,마포구,835
8,공덕역 5번출구,마포구,879
8,공덕역 8번출구,마포구,1939
8,공덕역 경의선숲길 커뮤니티센터,마포구,117
8,공릉1단지아파트,노원구,1852
8,공릉동 신도1차 아파트 뒤,노원구,892
8,공릉동풍림아파트 101동,노원구,996
8,공릉로 26길,노원구,656
8,공릉산 백세문 입구,노원구,152
8,공릉역 1번 출구 앞,노원구,2455
8,공릉역3번출구,노원구,1565
8,공릉풍림아파트 108동,노원구,862
8,공무원연금매점 교차로 (개포주공9단지 입구),강남구,807
8,공항시장역 2번출구 뒤,강서구,1142
8,공항시장역 4번출구,강서구,683
8,공항중학교 버스정류장,강서구,495
8,공항중학교앞,강서구,1197
8,공항초등학교건너편,강서구,2240
8,과기대 입구(우),노원구,1714
8,관문주유소(GS칼택스) 앞,강서구,1196
8,관악 GSfresh,관악구,746
8,관악구민체육센터,관악구,475
8,관악구시설관리공단,관악구,1227
8,관악구청교차로,관악구,474
8,관악우체국,관악구,1532
8,관악우체국 교차로,관악구,323
8,광교사거리 남측,중구,668
8,광나루안전체험관,광진구,1165
8,광나루역 3번 출구,광진구,1434
8,광남중학교,광진구,731
8,광문고교사거리(아이파크),강동구,464
8,광산사거리,강북구,1070
8,광양중학교 앞,광진구,451
8,광운대역 앞,노원구,1258
8,광운대학교 중앙도서관,노원구,1336
8,광운초등학교 앞,성북구,528
8,광일빌딩,관악구,729
8,광진 캠퍼스시티,광진구,1824
8,광진경찰서,광진구,2284
8,광진광장,광진구,1523
8,광진광장 교통섬,광진구,2421
8,광진교 남단 사거리(천호공원 방면),강동구,1147
8,광진구 민방위교육센터,광진구,1011
8,광진메디칼 앞,광진구,1148
8,광진문화예술회관 앞,광진구,1563
8,광진소방서 앞,광진구,1127
8,광진유진스웰,광진구,145
8,광진정보도서관,광진구,867
8,광진청소년수련관,광진구,1372
8,광평교사거리 인근,송파구,28
8,광화문 S타워 앞,종로구,2000
8,광화문 시민열린마당,종로구,603
8,광화문 풍림스페이스본 1단지앞,종로구,683
8,광화문역 1번출구 앞,종로구,2010
8,광화문역 5번출구,종로구,2200
8,광화문역 6번출구 옆 A,종로구,753
8,광화문역 6번출구 옆 B,종로구,521
8,광흥창역 2번출구 앞,마포구,476
8,광흥창역5번출구,마포구,456
8,광희문,중구,862
8,교대역 5번출구뒤,서초구,1050
8,교대역 6번출구,서초구,592
8,교대입구 교차로,서초구,301
8,교보생명보험 앞,영등포구,1061
8,교보타워 버스정류장(신논현역 3번출구 후면),강남구,685
8,교수마을 입구,강남구,160
8,구 서부경찰서 건너편,은평구,622
8,구기치안센터 앞,종로구,90
8,구로1동우체국 앞,구로구,228
8,구로거리공원 동측(신도림역 방면),구로구,967
8,구로공구상가 앞,구로구,193
8,구로교 아래,동작구,1151
8,구로구배드민턴실내체육관 앞,구로구,440
8,구로구의회 앞,구로구,1249
8,구로구청,구로구,1194
8,구로도서관,구로구,2886
8,구로동롯데아파트,구로구,655
8,구로디지털단지역 앞,구로구,5441
8,구로리공원,구로구,1054
8,구로역 광장,구로구,1761
8,구로역·NC신구로점 버스정류장(구로역 방면),구로구,1259
8,구로월드아파트 앞,구로구,815
8,구로자원순환센터,구로구,95
8,구로중학교앞,구로구,36
8,구룡근린공원,마포구,292
8,구룡마을 입구 (래미안블레스티지 아파트),강남구,226
8,구룡사 삼거리,서초구,335
8,구룡사 앞 교차로 (보도육교),강남구,71
8,구룡산 입구 (구룡산 서울둘레길 입구),강남구,81
8,구룡역 1번 출구,강남구,217
8,구룡역 4번 출구,강남구,105
8,구룡역 5번 출구,강남구,214
8,구룡초사거리 (현대아파트10동 앞 ),강남구,352
8,구룡터널 입구(개포1단지아파트),강남구,2
8,구립양천어르신요양센터,양천구,61
8,구산역 2번 출구 예일여고 버스정류장,은평구,1105
8,구산역 4번출구,은평구,1179
8,구암초등학교 버스정류장,관악구,204
8,구역삼세무서 교차로,강남구,650
8,구의3동주민센터,광진구,399
8,구의7단지현대아파트,광진구,187
8,구의공원(테크노마트 앞),광진구,1644
8,구의문주차장 앞,광진구,1463
8,구의삼성쉐르빌 앞,광진구,2041
8,구의아리수정수센터앞,광진구,658
8,구의역 리버비스타 오피스텔,광진구,2358
8,구일고등학교 정문,구로구,1196
8,구일역 1번 출입구 앞,구로구,1502
8,구일우성(아) 육교 밑,구로구,1143
8,구파발10단지 인근,은평구,190
8,구파발역 2번출구,은평구,1968
8,구파발역 환승센터,은평구,455
8,국군복지단,용산구,251
8,국립국악원 앞,서초구,221
8,"국립국악중,고교 정문 맞은편",강남구,686
8,국립어린이과학관,종로구,359
8,국립중앙도서관(국제회의장옆),서초구,284
8,국립중앙박물관 -용산가족공원 앞,용산구,189
8,국립중앙박물관 정문 앞,용산구,94
8,국립항공박물관,강서구,407
8,국립현대미술관,종로구,738
8,국민연금공단충정로사옥,서대문구,223
8,국민은행 연서지점,은평구,525
8,국민은행 종암동지점 앞,성북구,1879
8,국민일보 앞,영등포구,2432
8,국악고교 앞 교차로,강남구,231
8,국제 스케이트장,노원구,83
8,국제루터교회 앞,용산구,114
8,국제빌딩,중구,397
8,국회2문,영등포구,133
8,국회3문,영등포구,143
8,국회6문,영등포구,216
8,국회도서관,영등포구,354
8,국회소통관,영등포구,317
8,국회의사당 본관,영등포구,341
8,국회의사당역 3번출구 옆,영등포구,1291
8,국회의사당역 5번출구 옆,영등포구,825
8,국회의원회관,영등포구,129
8,국회제2의원회관,영등포구,307
8,군자교 서측 녹지대,동대문구,1150
8,군자교교차로,광진구,1225
8,군자역 7번출구 베스트샵 앞,광진구,1542
8,군자역 7번출구뒤,광진구,2988
8,군자역 비채온 오피스텔,광진구,1346
8,군자역2번출구,광진구,1404
8,군자역4번출구,광진구,1109
8,군자지하보도 앞,성동구,996
8,굽은다리역,강동구,3032
8,궁동생태공원,구로구,117
8,그랜드아이파크아파트 앞,강서구,3999
8,그랜드컨벤션센터 앞,영등포구,1807
8,그룹한빌딩옆,서초구,190
8,극동늘푸른아파트,중랑구,1275
8,극동방송국 앞,마포구,711
8,극동스포츠 앞,강남구,341
8,극동아파트,송파구,719
8,극동의 푸른별 아파트 뒤(중계4동주민센터 앞),노원구,554
8,근로자회관 사거리,영등포구,2982
8,금강수목원아파트 앞,구로구,401
8,금남시장 교차로,성동구,372
8,금란주차장 앞,중랑구,739
8,금암 문화공원,은평구,124
8,금옥여고보도육교,양천구,491
8,금원빌딩 앞,강남구,367
8,금융감독원 앞,영등포구,1209
8,금천구립 독산도서관,금천구,173
8,금천구청 앞 자전거거치대,금천구,224
8,금천구청앞(M빌딩),금천구,279
8,금천구청역 1번 출구,금천구,763
8,금천폭포공원 앞,금천구,160
8,금천현대홈타운 후문 서부샛길,금천구,536
8,금호 어울림 아파트 앞,성동구,594
8,금호나들목,성동구,835
8,금호사거리,성동구,256
8,금호스포츠센터앞,성동구,406
8,금호어울림센터힐 내,성북구,155
8,금호역 1번출구 앞,성동구,270
8,금호역 3번출구,성동구,153
8,기쁜우리복지관,강서구,1837
8,기아자동차 사당점 앞,동작구,1050
8,기자촌 사거리 A,은평구,120
8,기자촌사거리 B,은평구,135
8,길동 동호빌딩,강동구,371
8,길동 마루빌딩,강동구,3215
8,길동 사거리(초소앞),강동구,1162
8,길마중4교 하부,서초구,778
8,길성그랑프리텔아파트,강서구,2684
8,길음8골어린이공원 옆,성북구,598
8,길음뉴타운 래미안9단지,성북구,567
8,길음뉴타운푸르지오아파트 3단지,성북구,190
8,길음래미안아파트817동 상가 앞,성북구,340
8,길음문화복합미디어센터,성북구,366
8,길음역 3번출구 뒤,성북구,980
8,김근태도서관,도봉구,232
8,김포공항사거리,강서구,374
8,김포공항입구 교차로,강서구,1520
8,김포공항입구 교통섬,강서구,382
8,까치산역 3번 출구,강서구,1409
8,꿈마루어린이도서관 앞,동대문구,1471
8,꿈의숲 SK뷰 아파트,노원구,994
8,꿈의숲 롯데캐슬,강북구,330
8,나들목공원,관악구,326
8,나루마당,광진구,176
8,나이아가라관광호텔,강서구,642
8,낙성대 과학전시관,관악구,254
8,낙성대 교수아파트,관악구,171
8,낙성대공원,관악구,143
8,낙성대로 입구,관악구,422
8,낙성대역 1번출구,관악구,405
8,낙성대역 3번출구 뒤,관악구,613
8,낙성대역 5번출구,관악구,364
8,낙성대입구삼거리,관악구,454
8,낙원교회 맞은편,구로구,310
8,낙원상가 옆,종로구,982
8,난곡사거리,관악구,1149
8,난곡종점,관악구,290
8,난우길입구,관악구,488
8,남가좌동 제2공영주차장,서대문구,230
8,남구로역 5번 출입구 앞,구로구,504
8,남부고용노동지청 남측,영등포구,1619
8,남부법원검찰청 교차로,양천구,2194
8,남부순환로 205,강서구,604
8,남부터미널역 1번출구,서초구,371
8,남산공원 야외식물원 앞,용산구,72
8,남산도서관 앞,용산구,573
8,남산타운아파트 버스정류장,중구,288
8,남서울중학교,관악구,892
8,남성역3번출구 뒤,동작구,1088
8,남영역 건너편,용산구,1097
8,남태령역 2번출구,서초구,77
8,내곡3단지 어린이공원 앞,서초구,447
8,내곡도서관,서초구,207
8,내곡파출소 뒤 정자,서초구,98
8,내방역 8번출구 앞,서초구,525
8,넥센 유니버시티 앞,강서구,1535
8,"노들섬 다목적홀(동쪽) 숲, 앞",용산구,332
8,노들섬 동측 앞,용산구,211
8,노들섬 서측 앞,용산구,1649
8,노들역 1번출구,동작구,2285
8,노들역 3번출구,동작구,721
8,노량진1동 청소년독서실,동작구,374
8,노량진근린공원,동작구,216
8,노량진근린공원 대방공원,동작구,454
8,노량진역 2번 출구 앞,동작구,1065
8,노량진역 5번출구,동작구,2199
8,노보텔 앰배서더 앞,강남구,199
8,노원 마들스타디움,노원구,630
8,노원 을지대학교 병원,노원구,1398
8,노원경찰서교차로,노원구,1133
8,노원구청,노원구,1284
8,노원문화예술회관,노원구,1423
8,노원성당 앞,노원구,410
8,노원소방서인근,노원구,592
8,노원역1번출구,노원구,3495
8,노원역7번출구,노원구,1927
8,노원정보도서관,노원구,1098
8,노일초등학교 앞,노원구,725
8,노해근린공원내,노원구,283
8,녹번 힐스테이트상가앞,은평구,196
8,녹번역 3번출구,은평구,931
8,녹번역1번출구앞,은평구,357
8,녹번역e편한세상 캐슬 정문 앞,은평구,743
8,녹번초등학교(서오릉로),은평구,557
8,녹사평역1번출구,용산구,389
8,녹사평역3번 출구,용산구,152
8,녹천교 앞 사거리,도봉구,766
8,녹천역 1번출구 앞,도봉구,486
8,녹천역 4번 출구 옆,노원구,341
8,논골사거리(금호도서관 입구),성동구,164
8,논현동 광명빌딩 앞,강남구,216
8,논현동가구거리,강남구,194
8,논현역 10번출구,강남구,950
8,농수산식품공사 (강서지사),강서구,188
8,농협생명본사빌딩 서관,서대문구,522
8,누리꿈스퀘어 옆,마포구,1697
8,뉴코아 킴스클럽 앞,서초구,766
8,늘푸른공원 앞,중랑구,590
8,능골근린공원,강동구,485
8,능산삼거리,중랑구,286
8,능안마을입구,서초구,20
8,다락원체육공원 전망대 입구,도봉구,364
8,다성이즈빌아파트(호원대 대각선 맞은편),강동구,3276
8,달맞이공원,성동구,61
8,답십리 래미안엘파인아파트 입구,동대문구,672
8,답십리역 1번출구,동대문구,2926
8,답십리역 8번출구 앞,성동구,718
8,답십리파크자이아파트 앞,동대문구,2063
8,당고개공원 대여소,노원구,340
8,당고개입구 오거리,노원구,545
8,당고개입구오거리 당현천변,노원구,954
8,당곡사거리,관악구,2332
8,당산skv1센터,영등포구,1187
8,당산롯데캐슬프레스티지,영등포구,2148
8,당산삼성2차아파트,영등포구,2172
8,당산역 10번출구 앞,영등포구,4065
8,당산역11번출구,영등포구,2556
8,당산육갑문,영등포구,3819
8,당인리발전소 공원 앞,마포구,781
8,당현천근린공원,노원구,1342
8,대광고등학교,동대문구,767
8,대광빌딩,동대문구,598
8,대륜E&S 서울지사 앞,노원구,570
8,대륭테크노타운 18차,금천구,481
8,대륭테크노타운21차 앞,금천구,561
8,대륭포스트타워1차,구로구,1365
8,대륭포스트타워5차,금천구,453
8,대륭포스트타워6차 앞,금천구,3947
8,대림3동사거리,영등포구,962
8,대림경동아파트앞,강서구,1350
8,대림동 e편한세상영등포아델포레,영등포구,1690
8,대림동현대2차 201동 앞,영등포구,168
8,대림사거리(동작상떼빌아파트),동작구,964
8,대림성원상떼빌아파트,영등포구,1423
8,대림신동아아파트 앞,영등포구,815
8,대림아크로리버 앞,광진구,741
8,대림아파트 사거리,영등포구,511
8,대림아파트 후문 상가 옆,동작구,375
8,대림역 1번 출입구 밑,구로구,1197
8,대림역4번출구,구로구,2209
8,대림우성2차아파트,영등포구,400
8,대림우성아파트 사거리,영등포구,368
8,대명초교입구 사거리,강동구,913
8,대모산입구역 2번출구 앞,강남구,355
8,대모산입구역 4번 출구 앞,강남구,1115
8,대모산입구역 7번 출구 앞,강남구,197
8,대방역2번출구,동작구,688
8,대방역6번출구,영등포구,2021
8,대방지하보도(대방동경남아너스빌아파트),동작구,1199
8,대상연구소,강서구,552
8,대성유니드아파트,양천구,711
8,대신파이낸스센터,중구,751
8,대영중고 후문,영등포구,999
8,대원빌딩,강서구,1714
8,대원중고교 입구(대하빌딩),광진구,451
8,대진고등학교,노원구,1206
8,대청역,강남구,677
8,대청역 1번출구  뒤,강남구,1135
8,대치동 삼성로,강남구,403
8,대치삼성아파트 앞 교차로,강남구,772
8,대치역 7번출구,강남구,1188
8,대치역 사거리,강남구,713
8,대치우성아파트 사거리,강남구,424
8,대학동 고시촌,관악구,611
8,대학동주민센터,관악구,648
8,대학로 마로니에공원,종로구,1953
8,대한무역투자진흥공사 KOTRA 앞,서초구,568
8,대한상공회의소,중구,1200
8,대한항공 인력개발센터,강서구,1045
8,대현그린타워,강남구,313
8,대흥역 1번출구,마포구,739
8,더라움,강남구,260
8,더리브골드타워,강서구,666
8,더리브오피스텔 앞,영등포구,1519
8,더스페이스타워 앞,성동구,1323
8,더시그넘하우스 앞,강남구,385
8,더케이호텔 입구(양재2),서초구,733
8,도곡1동 주민센터 교차로,강남구,560
8,도곡동 경남아파트 건너편,강남구,303
8,도곡동 골프 로데오거리,강남구,336
8,도곡역 1번 출구,강남구,633
8,도곡역 대치지구대 방향,강남구,457
8,도곡역 아카데미스위트 앞,강남구,1053
8,도깨비시장,노원구,1595
8,도동삼거리,중구,48
8,도림고가도로 밑,영등포구,831
8,도림동배드민턴체육관,영등포구,917
8,도림사거리,영등포구,1357
8,도림신협 앞,영등포구,1037
8,도림천 건널목 위,영등포구,919
8,도림천 신화교,관악구,1669
8,도림천역 1번 출구 앞,구로구,1738
8,도봉경찰서 교차로,도봉구,664
8,도봉고등학교 맞은편,도봉구,172
8,도봉구민회관,도봉구,967
8,도봉구육아종합지원센터(창동),도봉구,507
8,도봉구청 옆(중랑천변),도봉구,1107
8,도봉구청 정문앞,도봉구,1112
8,도봉동실내스포츠센터,도봉구,591
8,도봉로 534,도봉구,252
8,도봉문화정보도서관 삼거리,도봉구,168
8,도봉보건소사거리,도봉구,1149
8,도봉산광역환승센터앞,도봉구,236
8,도봉산역 교차로 앞,도봉구,197
8,도봉세무서 앞,강북구,661
8,도봉소방서 옆,도봉구,1537
8,도봉아이나라도서관 앞,도봉구,875
8,도봉여성센터,도봉구,212
8,"도봉역 1,2번 출구사이 건너편",도봉구,602
8,도봉운전면허시험장 버스정류장 옆,노원구,1027
8,도봉제1교,도봉구,1505
8,도봉통합복지센터 뒤 중랑천 변,도봉구,1428
8,도봉한신아파트 버스정류장,도봉구,747
8,도봉한신아파트 주변,도봉구,680
8,도산공원교차로,강남구,371
8,도선동 주민센터 앞,성동구,1202
8,도심공항타워 앞,강남구,622
8,도원맨션,관악구,407
8,독립문 앞,서대문구,514
8,독립문역 2번출구 뒤,종로구,247
8,독립문역 3-1번출구,종로구,1051
8,독립문역 사거리,종로구,815
8,독바위역,은평구,551
8,독산2동주민센터 앞,금천구,202
8,독산3동주민센터 앞,금천구,502
8,독산고등학교,금천구,276
8,독산근린공원 입구,금천구,1184
8,독산동 한양수자인아파트 앞,금천구,724
8,독산동 현대홈타운 금천과선교 앞,금천구,438
8,독산보도육교 앞 자전거 보관소,금천구,1152
8,독산역 1번출구 A,금천구,739
8,독산역 2번출구 자전거주차장,금천구,1177
8,독산역 롯데캐슬 104동 앞,금천구,403
8,독산역1번출구 B,금천구,1877
8,독산주공 14단지 버스정류소,금천구,170
8,돈암삼성풍림아파트,성북구,223
8,돈암성당 옆,성북구,1315
8,돈암육교 하단,성북구,316
8,돈암초교 입구,성북구,639
8,돈암초교입구 버스정류장(한성대입구역 방면),성북구,550
8,돈의문 박물관 마을,종로구,327
8,돌곶이역 앞,성북구,1421
8,동대문 종합시장 버스정류장,종로구,686
8,동대문경찰서 교차로,동대문구,738
8,동대문구 보건소,동대문구,2036
8,동대문구민체육센터 (육교아래),동대문구,1632
8,동대문디자인플라자,중구,1503
8,동대문롯데캐슬아파트 앞,동대문구,1338
8,동대문역 8번 출구,종로구,1658
8,동대문역6번출구,종로구,1538
8,동대문역사문화공원역 1번출구 뒤편,중구,1729
8,동대문역사문화공원역 5번출구,중구,792
8,동대문역사문화공원역 9번출구 앞,중구,480
8,동대문중 교차로,동대문구,1034
8,동대입구역 3번 출구,중구,332
8,동대입구역 6번출구 뒤,중구,373
8,동명근린공원 진입로 (아리수로),강동구,250
8,동묘앞역 1번출구 뒤,종로구,2848
8,동묘앞역 6번출구,종로구,1578
8,동문굿모닝탑,양천구,2639
8,동방1교,관악구,2255
8,동부센트레빌 앞,도봉구,984
8,동부시장 북문 앞,중랑구,1670
8,동빙고근린공원,용산구,481
8,동산어린이공원 앞,성북구,754
8,동서울농협 앞,중랑구,1238
8,동서울우편집중국 앞,광진구,783
8,동선고가차도 초입,성북구,420
8,동선아파트 앞,구로구,178
8,"동성1,2차 아파트 앞",중랑구,971
8,동성중학교 앞,종로구,357
8,동신병원 맞은편,서대문구,829
8,동신아파트 후문 옆,노원구,2671
8,동아1차APT105동 버스정류장(신도림중학교 방면),구로구,1069
8,동아에코빌입구,영등포구,882
8,동양미래대학교 정문 옆,구로구,2710
8,동양쇼핑 정류소 앞,중랑구,1348
8,동양엔파트 앞,중랑구,891
8,동영문화센터앞,강남구,400
8,동원베네스트 건너편,용산구,126
8,동원베네스트 건물 앞,중랑구,356
8,동원사거리,중랑구,464
8,동원사거리 행복오피스텔 앞,중랑구,581
8,동의보감타워,동대문구,1484
8,동인오피스텔 건너편 소공원,구로구,277
8,동일로 지하차도,중랑구,1345
8,동일로58길 입구,광진구,489
8,동작경찰서,동작구,1689
8,동작구민 체육센터,동작구,945
8,동작역 5번출구 동작주차공원,동작구,193
8,동작역 7번출구,동작구,264
8,동해문화예술관앞,노원구,1603
8,두산건설 본사,강남구,224
8,두산대림아파트 삼거리,중랑구,411
8,두산위브아파트,영등포구,472
8,두산위브아파트 옆 상가건물 앞,금천구,940
8,두상빌딩 앞,서초구,1131
8,둔촌 주공 GS 맞은편,강동구,572
8,둔촌고교입구 교차로(길동주민센터 방면),강동구,1226
8,둔촌동역교차로,강동구,1632
8,둔촌사거리,강동구,2152
8,둔촌신성미소지움아파트,강동구,664
8,둔촌역 2번출구,강동구,521
8,둔촌역 3번 출입구,강동구,3296
8,둔촌오륜역 1번 출구,강동구,289
8,둔촌오륜역 2번출구,송파구,277
8,둔촌푸르지오아파트,강동구,1179
8,뒷벌공원 옆,서초구,861
8,드래곤타워 앞,강북구,782
8,등나무 근린공원(시립북서울미술관 앞),노원구,2236
8,등촌1-10단지 교차로,강서구,4138
8,등촌2동주민센터,강서구,355
8,등촌2파출소,강서구,703
8,등촌5단지아파트 버스정류장,강서구,2826
8,등촌9단지,강서구,1168
8,등촌서광아파트,강서구,2990
8,등촌역 1번출구,강서구,1193
8,등촌역 4번 출구,양천구,721
8,등촌역 5번 출구 뒤,양천구,803
8,등촌역 7번출구,강서구,1644
8,등촌역 센터스퀘어,강서구,944
8,등촌태영아파트,강서구,847
8,디지털매직스페이스,마포구,1646
8,디지털미디어 시티역 4번출구(DMC역),은평구,546
8,디지털입구 교차로,구로구,1867
8,디폴리스 지식산업센터,금천구,455
8,뚝도아리수정수센터 버스정류소 옆,성동구,737
8,뚝섬 유원지역,광진구,1595
8,뚝섬역 1번 출구 옆,성동구,1684
8,뚝섬역 5번 출구 정류소 옆,성동구,1017
8,뚝섬역 6번출구,성동구,1567
8,라이품 공영주차장 앞,강서구,855
8,라인프랜즈이태원점 앞,용산구,86
8,라코지스테이 앞,중랑구,363
8,래미안 강동팰리스(102동),강동구,883
8,래미안 구의파크 스위트,광진구,2039
8,래미안 루센티아 아파트 108동 앞,서대문구,959
8,래미안 솔베뉴(고덕로),강동구,766
8,래미안 솔베뉴(구천면로),강동구,456
8,래미안강남힐즈 사거리,강남구,513
8,래미안그레이튼102동앞,강남구,152
8,래미안금호하이리버 아파트 102동 옆,성동구,241
8,래미안라센트아파트 103동 앞,성북구,829
8,래미안신공덕3차아파트,마포구,46
8,래미안에스티움 앞 (신풍로),영등포구,1045
8,래미안월곡아파트 입구,성북구,937
8,래미안장위퍼스트하이(513동),성북구,848
8,래미안장위포레카운티(102동),성북구,621
8,래미안허브리츠아파트 앞,동대문구,531
8,레베쌍트 빌딩 앞,강남구,322
8,레이크펠리스101동앞,송파구,2254
8,로고스교회 맞은 편,서초구,458
8,로제우스 레포츠센터,종로구,201
8,로프트시티오피스텔,영등포구,988
8,롯데 R&D 센터,강서구,410
8,롯데리아 개포점앞,강남구,365
8,롯데시티호텔,중구,324
8,롯데월드타워(잠실역2번출구 쪽),송파구,5444
8,롯데중앙연구소,강서구,416
8,롯데캐슬 101동 앞,동작구,177
8,롯데캐슬 115동앞,강동구,80
8,롯데캐슬 앞,영등포구,1608
8,롯데캐슬2차 마을버스 정류장(18804) 뒤편,금천구,338
8,롯데캐슬골드파크1차 동문,금천구,686
8,롯데캐슬골드파크1차 서문,금천구,477
8,롯데캐슬골드파크3차 301동 앞,금천구,821
8,롯데캐슬엠파이어 옆,영등포구,1931
8,롯데캐슬클라시아 입구 앞,성북구,138
8,롯데하이마트 (상암월드컵점),마포구,388
8,롯데호텔,중구,407
8,르네상스 호텔 사거리 역삼지하보도 7번출구 앞,강남구,462
8,르네상스호텔사거리 역삼지하보도 2번출구,강남구,349
8,르네상스호텔사거리 역삼지하보도 3번출구 앞 (더 오번 빌딩 명동칼국수 앞),강남구,332
8,르노삼성자동차 성수사업소 앞,성동구,688
8,리버뷰신안인스빌1차 후문,영등포구,1217
8,리버뷰신안인스빌2차 후문,영등포구,1097
8,리센츠아파트,송파구,1294
8,리싸이클시티,강동구,80
8,리엔파크 2단지 앞,강남구,276
8,마곡 MICE 복합단지,강서구,1949
8,마곡 공공청사,강서구,1738
8,마곡 엠밸리2단지,강서구,1289
8,마곡 필네이처,강서구,2639
8,마곡13단지,강서구,2338
8,마곡13단지 정문 앞,강서구,2883
8,마곡13단지힐스테이트마스터 후문(1320동 앞),강서구,2469
8,마곡14단지 1408동앞,강서구,1489
8,마곡9단지 907동앞,강서구,1105
8,마곡9단지 910동 상가앞,강서구,1311
8,마곡금호어울림아파트,강서구,1116
8,마곡나루역 2번 출구,강서구,10525
8,마곡나루역 3번 출구,강서구,6977
8,마곡나루역 5번출구 뒤편,강서구,6618
8,마곡레포츠센터,강서구,1783
8,마곡메가박스 앞,강서구,2351
8,마곡문화공원,강서구,3030
8,마곡센트럴타워 1차,강서구,2259
8,마곡수명산 1-2단지,강서구,1497
8,마곡수명산파크 209동 건너편,강서구,1967
8,마곡수명산파크1단지,강서구,1557
8,마곡수명산파크3단지 교차로,강서구,3010
8,마곡수명산파크5-6단지,강서구,1373
8,마곡수명산파크7단지 710동 앞,강서구,412
8,마곡엠밸리 15단지(1502동) 건너편,강서구,2213
8,마곡엠밸리10단지 앞,강서구,1207
8,"마곡엠밸리14단지 버스정류장(마곡엠밸리11,12단지상가방면)",강서구,2389
8,마곡엠밸리4단지 정문,강서구,3382
8,마곡엠밸리6_7단지 마곡중학교,강서구,2186
8,마곡역 7번출구,강서구,4016
8,마곡역 교차로(2번출구),강서구,1960
8,"마곡역 버스정류장(마곡나루역1번출구, 웰튼병원 방면)",강서구,2729
8,마곡역1번출구,강서구,2693
8,"마곡역4,5번출구",강서구,705
8,마곡역4번출구,강서구,1060
8,마곡역5번출구앞,강서구,1139
8,마곡역교차로,강서구,3554
8,마곡중학교 후문,강서구,892
8,마곡힐스테이트 정문,강서구,1298
8,마들역 3번출구,노원구,1288
8,마들역 7번출구,노원구,1298
8,마스타 빌딩 앞,서대문구,729
8,마장동 금호어울림APT앞,성동구,524
8,마장동 주민센터,성동구,706
8,마장역 4번출구,성동구,823
8,마장역3번출구,성동구,527
8,마천금호어울림 1차 102동앞,송파구,184
8,마천금호어울림 1차아파트 건너편,송파구,201
8,마천동 성내천 쉼터,송파구,752
8,마천사거리,송파구,711
8,마천사거리 2,송파구,294
8,마천역 1번 출구 인근②,송파구,403
8,마천중앙시장,송파구,474
8,마천청소년센터,송파구,164
8,마포 신수공원 앞,마포구,597
8,마포구 육아종합지원센터,마포구,617
8,마포구중앙도서관 정문 앞,마포구,1790
8,마포구청 앞,마포구,1515
8,마포구청 청사내,마포구,201
8,마포구청역,마포구,1877
8,마포소방서 앞,마포구,523
8,마포아트센터 앞,마포구,1026
8,마포역 2번출구 뒤,마포구,2015
8,마포역 4번출구 뒤,마포구,1772
8,마포중앙도서관,마포구,252
8,마포프레스티지자이 1,마포구,649
8,만해공원,성북구,235
8,말우물 어린이 공원,강동구,299
8,말죽거리공원 사거리,서초구,1053
8,망우동 본죽 앞,중랑구,645
8,망우역 1번출구,중랑구,630
8,망우역 2번 출구,중랑구,1129
8,망우지구대,중랑구,1331
8,망원2빗물펌프장 앞,마포구,778
8,망원역 1번출구 앞,마포구,2448
8,망원역 2번출구 앞,마포구,2050
8,망원우체국사거리 인근,마포구,1948
8,망원정 앞,마포구,550
8,망원초록길 입구,마포구,654
8,매봉역 1번출구,강남구,527
8,매헌역 2번출구앞광역버스 정류장앞(22-297),서초구,752
8,맥도날드 서울둔촌DT점 앞,강동구,2127
8,맥스타일 앞,중구,411
8,먹골역 1번출구 뒤,중랑구,1302
8,먹골역 4번출구,중랑구,616
8,먹골역 6번출구 앞,중랑구,818
8,먹골역 7번 출구,중랑구,672
8,메뚜기다리,은평구,169
8,메이필드호텔앞,강서구,662
8,멤피스아파트 앞,서초구,761
8,면목 대원칸타빌아파트,중랑구,250
8,면목 홈플러스 2,중랑구,304
8,면목2동 사거리,중랑구,1085
8,면목4치안센터,중랑구,820
8,면목도시개발아파트 1동 앞,중랑구,358
8,면목동 새싹어린이공원 앞,중랑구,1030
8,면목라온프라이빗 아파트,중랑구,430
8,면목삼익아파트 앞,중랑구,193
8,면목역 3번출구,중랑구,1900
8,명덕고교,강서구,827
8,명덕고교입구(영종빌딩),강서구,3423
8,명동성당 앞,중구,334
8,명동역9번 출구,중구,748
8,명물길 원형무대 앞,서대문구,423
8,명보사거리,중구,516
8,명일근린공원공동체텃밭,강동구,211
8,명일동신동아아파트 앞,강동구,250
8,명일역 3번출구 옆,강동구,1203
8,명일초등학교 옆,강동구,259
8,명일파출소,강동구,490
8,명지대학교 도서관,서대문구,1478
8,명지전문대학교 정문 앞,서대문구,318
8,모두의학교,금천구,705
8,모래내고가차도,서대문구,573
8,목4동주민센터 옆,양천구,1810
8,목동11단지 아파트,양천구,1168
8,목동12단지 아파트,양천구,1952
8,목동13_14단지 사거리,양천구,778
8,목동1단지아파트 118동 앞,양천구,1712
8,목동1단지아파트 상가 앞,양천구,2408
8,목동2단지 상가,양천구,3354
8,목동3단지 상가,양천구,1897
8,목동3단지 시내버스정류장,양천구,2601
8,목동5단지아파트 501동,양천구,2043
8,목동5단지아파트 534동,양천구,2428
8,목동7단지아파트 A상가,양천구,557
8,목동사거리 버스정류장,강서구,1550
8,목동사거리 부근,양천구,1641
8,목동성당 앞,양천구,2326
8,목동신시가지아파트6단지,양천구,1704
8,목동아파트 1422동 1434동 사잇길,양천구,3021
8,목동아파트 14단지 B상가 앞,양천구,1660
8,목동아파트 613동 앞,양천구,2467
8,목동아파트 703동 앞,양천구,2082
8,목동아파트 8단지 상가동 앞,양천구,1930
8,목동아파트2단지 222동 앞,양천구,921
8,목동역 3번 출구,양천구,3688
8,목동역5번출구,양천구,3773
8,목동운동장,양천구,554
8,목동운동장 주경기장,양천구,313
8,목동주차장,양천구,1112
8,목동트라팰리스 웨스턴에비뉴,양천구,3910
8,목동현대아파트 후문 앞,양천구,1219
8,목련아파트,노원구,562
8,목마공원,양천구,416
8,목양전원교회 앞 로터리,구로구,199
8,목월공원 앞,용산구,729
8,몽마르뜨공원입구,서초구,151
8,몽촌토성역 1번출구 옆,송파구,1145
8,몽촌토성역 3번 출구,송파구,3533
8,묘곡초등학교,강동구,419
8,무악재역 4번 출구,서대문구,217
8,무악재역1번 출구,서대문구,201
8,묵동 이마트 앞,중랑구,1033
8,문래동 주민센터,영등포구,1200
8,문래동 하이테크 시티,영등포구,1730
8,문래동롯데캐슬아파트,영등포구,3040
8,문래동자이아파트 앞,영등포구,2189
8,문래역 4번출구 앞,영등포구,2910
8,문래현대2차,영등포구,1426
8,문배어린이공원 앞,용산구,879
8,문소빌딩,강서구,523
8,문정 법조단지10,송파구,1124
8,문정 법조단지11,송파구,701
8,문정 법조단지3,송파구,335
8,문정 법조단지4,송파구,477
8,문정 법조단지5,송파구,301
8,문정 법조단지6,송파구,66
8,문정 법조단지7,송파구,1681
8,문정 법조단지8,송파구,1970
8,문정 법조단지9,송파구,1155
8,문정2동 주민센터,송파구,123
8,문정근린공원2,송파구,771
8,문정동 근린공원,송파구,749
8,문정동 글샘 공원,송파구,585
8,문정법조단지12,송파구,1741
8,문정시영아파트 5동 앞 공원,송파구,727
8,문정역 1번출구,송파구,2014
8,문정중교 사거리,송파구,730
8,문정중학교,송파구,105
8,문정현대아파트 교차로,송파구,531
8,"문현중,고등학교 사이",송파구,169
8,문화비축기지,마포구,216
8,문화촌 공원,서대문구,1301
8,물넘이교,노원구,1815
8,미래사랑어린이공원 앞,구로구,2319
8,미림여고입구 교차로,관악구,217
8,미성동 신림체육센터,관악구,1098
8,미성아파트 A동 앞,영등포구,668
8,미아동 복합청사,강북구,344
8,미아동 한국전력공사,강북구,1279
8,미아사거리 1번 출구,강북구,1711
8,미아역 1번 출구 뒤,강북구,660
8,"미아역 3번,4번 출구 사이",강북구,1058
8,미아초교버스승강장,성북구,84
8,미호 플랜트 앞,강동구,963
8,밀리아나2빌딩 앞,송파구,972
8,밀알학교 입구 (삼성서울병원 입구),강남구,250
8,바우뫼문화복지회관,서초구,459
8,박석고개(은평소방서) 앞,은평구,168
8,반포1동 서초빌딩 앞,서초구,700
8,반포1동 자율방범초소 옆,서초구,405
8,반포1동 주민센터 앞,서초구,188
8,반포래미안 리오센트,서초구,723
8,반포미도2차아파트 옆,서초구,311
8,반포쇼핑타운 2동 앞,서초구,1860
8,반포쇼핑타운 8동 앞,서초구,561
8,반포종합운동장,서초구,319
8,반포종합운동장 입구,서초구,537
8,반포중학교 앞(세화여고 맞은편),서초구,215
8,반포천 앞,서초구,710
8,"발산역 1번, 9번 인근 대여소",강서구,6830
8,발산역 6번 출구 뒤,강서구,1794
8,발산역 8번 출구,강서구,2033
8,방배래미안 정문 앞,서초구,254
8,방배래미안아트힐아파트 앞,서초구,110
8,방배역 2번 출구,서초구,630
8,방배열린문화센터 앞,서초구,515
8,방아골종합사회복지관,도봉구,569
8,방아다리어린이공원,양천구,529
8,방아삼거리,강동구,79
8,방이동 한양3차아파트 옆,송파구,972
8,방이삼거리,송파구,3871
8,방이역 1번출구,송파구,1105
8,방이역 2번 출구,송파구,491
8,방이역 4번출구,송파구,1880
8,방이초등학교,송파구,1613
8,방일초교 마을버스 정류장,서초구,694
8,방정환교육지원센터 옆,중랑구,593
8,방죽마을 입구,강남구,251
8,방학동우체국 건너편,도봉구,691
8,방학동학마을도서관,도봉구,417
8,방학사거리 (봄마당 앞),도봉구,539
8,방학역 1번출구,도봉구,413
8,방학역2번출구,도봉구,769
8,방학역사거리,도봉구,527
8,방학중학교 앞,도봉구,203
8,방학초등학교 앞,도봉구,1026
8,방화근린공원,강서구,389
8,방화동강서기동대앞,강서구,2524
8,방화사거리 마을버스 버스정류장,강서구,2071
8,방화역 4번출구앞,강서구,2276
8,배명고등학교,송파구,414
8,배명고등학교 건너편,송파구,608
8,배봉초교 교차로,동대문구,723
8,백련산 SK뷰 아이파크 해모로 아파트 앞,은평구,860
8,백련산 힐스테이트 3차,은평구,418
8,백련산 힐스테이트상가앞,은평구,394
8,백련산로 녹번센트레빌,은평구,420
8,백석예술대학교 제3캠퍼스 앞,서초구,98
8,백토공원 앞,송파구,187
8,뱅뱅사거리 랜드마크타워 앞,강남구,949
8,버섯분수대,송파구,708
8,버스정류장 앞,도봉구,416
8,번3동 주민센터 교차로,강북구,485
8,번동 금호어울림아파트102동앞,강북구,335
8,번동 두산위브 101동 옆,강북구,506
8,"번동 주공3, 4단지 교차로",강북구,680
8,번동3단지 버스정류장,강북구,712
8,번동사거리,강북구,330
8,번동주공5단지 관리사무소 앞,강북구,219
8,베네스트 오피스텔 앞,동대문구,529
8,벽산 디지털밸리 5차,금천구,1378
8,벽산상암스마트큐브,마포구,2417
8,벽산아파트,강서구,2189
8,볏골공원,강서구,853
8,보광동 삼성리버빌아파트 앞,용산구,531
8,보금자리정원,강남구,225
8,보라매 두산위브 건너편,동작구,1390
8,보라매sk뷰,영등포구,360
8,보라매sk뷰 108동 앞,영등포구,695
8,보라매공원 보도육교,관악구,1574
8,보라매공원 정문,동작구,972
8,보라매공원역 2번출구,동작구,678
8,보라매병원역 1번출구,동작구,3122
8,보라매역 8번출구,동작구,760
8,보라매역4번출구,영등포구,1309
8,보라매역?동작세무서 버스정류장(강남중학교방면),동작구,1393
8,보라주유소 앞,영등포구,493
8,보문2교,성북구,1797
8,보문4교 인근,성북구,1454
8,보문역6번출구 앞,성북구,1021
8,보성중고등학교 후문 앞,송파구,124
8,보아스아파트 앞,양천구,653
8,보타닉파크타워2,강서구,1171
8,보훈병원 후문옆(더 원커피),강동구,253
8,복자사랑 피정의 집,성북구,245
8,복정역 1번 출구 앞,송파구,737
8,본 서부병원 교차로 사거리,은평구,1219
8,본 서부병원 버스정류장(은평 세무서 방면),은평구,1037
8,본마을 노인복지센터 앞,서초구,278
8,본마을 정류소 앞,서초구,39
8,봉림교 교통섬,관악구,5686
8,봉원고가차도 밑,서대문구,512
8,봉은사로68길 북측,강남구,365
8,"봉은사역 1,2번 출구",강남구,482
8,봉은사역 5번출구 옆,강남구,518
8,봉은사역 7번 출구,강남구,450
8,봉천고개 육교,관악구,162
8,봉천역 2번출구,관악구,1161
8,봉천역 3번출구,관악구,597
8,봉천역 4번출구,관악구,1208
8,봉화산역 4번 출구,중랑구,870
8,부엉이공원 앞,마포구,652
8,북가좌 삼거리,서대문구,332
8,북가좌 초등학교,서대문구,581
8,북가좌1동 주민센터,서대문구,304
8,북가좌삼거리2,서대문구,455
8,북서울 꿈의 숲 입구,강북구,308
8,북서울 꿈의숲 서문,강북구,385
8,북성초교,서대문구,133
8,북아현 치안센터 인근,서대문구,563
8,북아현동 가구거리,서대문구,372
8,북위례1,송파구,324
8,북위례2,송파구,234
8,북한산 우이역,강북구,323
8,북한산 코오롱 하늘채,도봉구,1359
8,북한산 한신휴플러스APT앞,도봉구,1349
8,북한산더샾 106동 앞,서대문구,286
8,북한산보국문역,성북구,218
8,북한산생태공원입구(교통섬),은평구,271
8,북한산입구 정류장,은평구,143
8,북한산힐스테이트 7차아파트,은평구,317
8,불광롯데캐슬아파트 앞,은평구,724
8,불광역 2번출구,은평구,569
8,불광역 9번 출구,은평구,1107
8,불광역 9번 출구 맞은편,은평구,557
8,"불광역3,6호선 버스정류장(동명여고 방면)",은평구,863
8,불암고등학교 앞 횡단보도,노원구,1053
8,불암산역 3번 출구,노원구,600
8,불암산역 앞,노원구,230
8,불암아파트 앞,노원구,519
8,불암주유소 앞,노원구,970
8,브라운스위트레지던스,중구,233
8,브라운스톤 남산아파트,용산구,330
8,비계 버스정류소,동작구,181
8,비석공원,서초구,442
8,비전교회 앞,성동구,1980
8,빅마켓 금천점 앞,금천구,1428
8,사가정역 2번출구,중랑구,2291
8,사근빗물펌프장 건너편,성동구,1968
8,사당동 아르테스 웨딩앞,동작구,867
8,사당새마을금고,동작구,274
8,사당역 12번출구 뒤,서초구,1285
8,사당역 5번출구,관악구,1089
8,사당역 7번출구쪽,동작구,509
8,사당역10번출구(금강빌딩),동작구,876
8,사당중학교 버스정류소,동작구,166
8,사랑의병원,관악구,488
8,사육신공원앞,동작구,903
8,사평리근린공원,서초구,753
8,사평역 2번출구,서초구,458
8,산기슭공원 앞,금천구,129
8,산업은행 앞,영등포구,1101
8,산호시티빌 옆,금천구,284
8,삼각산동 주민센터,강북구,430
8,삼각산아이원아파트(105동 옆),강북구,103
8,삼각지 자이아파트,용산구,1037
8,삼각지12번 출구,용산구,262
8,삼각지역 14번 출구 앞(교통섬),용산구,1160
8,삼각지역 3번출구,용산구,385
8,삼각지역 4번출구 앞,용산구,598
8,삼부르네상스파크빌,구로구,902
8,삼성SDS,송파구,1697
8,삼성광나루아파트 버스정류장,강동구,1112
8,삼성도로공원,강남구,395
8,삼성디지털프라자관악점,관악구,543
8,삼성사이버빌리지아파트,중구,233
8,삼성생명 당산사옥 앞,영등포구,2376
8,삼성생명 앞,동대문구,225
8,삼성전자 물류센터 앞,구로구,1296
8,삼성전자R&D어린이집 뒤,서초구,134
8,삼성전자서비스 성북센터,성북구,719
8,삼성중앙역 5번출구,강남구,594
8,삼성중앙역4번출구(문화센터더 리빌),강남구,138
8,삼성중앙역·플래티넘아파트 정류소,강남구,342
8,삼성타운(삼성생명) A동 맞은편,서초구,1187
8,삼성화재 사옥 옆,영등포구,1608
8,삼양동사거리,강북구,413
8,삼양동주민센터 앞,강북구,289
8,삼양사거리역,강북구,297
8,삼양시장오거리,강북구,292
8,삼양역,강북구,123
8,삼양입구사거리,강북구,271
8,삼육대 도서관,노원구,244
8,삼육대 입구,노원구,249
8,삼육대 제3과학관,노원구,33
8,삼육서울병원 버스정류장,동대문구,2656
8,삼익세라믹아파트교차로,도봉구,773
8,삼익아파트,동작구,1064
8,삼일교(시그니쳐 타워),중구,679
8,삼일수영장 앞,동작구,688
8,삼일초등학교 인근,동작구,234
8,삼전동주민센터 건너편,송파구,820
8,삼전동주민센터 앞,송파구,988
8,삼전역 1번출구,송파구,1197
8,삼전역 4번출구,송파구,1131
8,삼청공원 앞,종로구,75
8,삼청동 골목,종로구,693
8,삼호3차아파트 앞,서초구,922
8,삼호물산버스정류장(23370) 옆,강남구,1548
8,삼호아파트 2동 ( 간선도로),강남구,150
8,삼호아파트 앞,구로구,414
8,삼환로즈빌아파트 105동 옆,구로구,892
8,"상계3,4동 주민센터 대여소",노원구,210
8,상계8동 주민센터,노원구,1428
8,상계동 우방유쉘아파트 앞,노원구,890
8,상계동수락리버시티,노원구,586
8,상계문화정보도서관,노원구,607
8,상계신동아아파트,노원구,150
8,상계역 3번출구,노원구,2959
8,상계역중앙시장,노원구,863
8,상계주공 14단지 상가 앞,노원구,742
8,상계주공10단지 버스정류소,노원구,906
8,상계주공10단지 종합상가 앞,노원구,1212
8,상계주공13단지 1301동,노원구,197
8,상계주공15단지 버스정류소,노원구,1136
8,상계주공1단지 버스정류장 옆(대원빌딩 앞),노원구,1878
8,상계주공1단지아파트,노원구,1125
8,상계주공2단지 219동,노원구,1026
8,상계주공2단지 버스정류장 옆,노원구,1619
8,상계중학교(당현2교사거리),노원구,620
8,상계초교 입구 교차로 명주빌딩 앞,노원구,1263
8,상도 아이파크 아파트,동작구,237
8,상도SH빌아파트 입구,동작구,162
8,상도역 1번출구,동작구,409
8,상도중앙하이츠빌 입구,동작구,243
8,상도효성해링턴플레이스,동작구,442
8,상록수아파트,강남구,378
8,상림마을 롯데캐슬2단지 옆,은평구,85
8,상림마을 생태공원,은평구,338
8,상명대입구,종로구,330
8,상봉2동 주민센터 앞,중랑구,743
8,상봉시장앞 교차로 한성빌딩 앞,중랑구,990
8,상봉신협 앞,중랑구,937
8,상봉역 1번출구,중랑구,1687
8,상봉역 2번 출구,중랑구,1600
8,상봉역 3번출구,중랑구,1304
8,상봉터미널2,중랑구,1838
8,상사마을 버스정류장(아라대교방면),강서구,275
8,상수역 2번출구 앞,마포구,437
8,상수역새마을금고,마포구,415
8,상신초등학교앞 버스정류장,은평구,851
8,상아빌딩(우림시장 교차로),중랑구,996
8,상암동주민센터 옆,마포구,1736
8,상암월드컵파크 10단지 앞,마포구,1070
8,상암월드컵파크 1단지 교차로,마포구,643
8,상암월드컵파크 3단지 후문,마포구,470
8,상암월드컵파크 7단지 앞,마포구,604
8,상암월드컵파크 9단지 앞,마포구,547
8,상암월드컵파크5단지(상암중학교),마포구,530
8,상암중학교 옆,마포구,275
8,상암한샘빌딩앞,마포구,887
8,상암한화오벨리스크 1차 앞,마포구,1291
8,상왕십리역 1번출구,성동구,1754
8,상왕십리역 4번 출구 앞,성동구,568
8,상왕십리역 6번 출입구,성동구,530
8,상월곡역 1번출구,성북구,589
8,상월곡역 3번출구,성북구,957
8,상월곡역 4번출구,성북구,311
8,상일동산(동아아파트앞 교차로),강동구,207
8,상일동역 2번출구 앞,강동구,1555
8,상일초등학교,강동구,530
8,상일파출소 옆,강동구,917
8,새말소공원,영등포구,1795
8,새솔초등학교,중랑구,197
8,새우개마을,중랑구,164
8,새절역 2번출구,은평구,1777
8,새정이마을버스정류장 앞,서초구,45
8,샛강생태공원방문자센터 앞,영등포구,326
8,샛강역 1번출구 앞,영등포구,1751
8,샛마을 근린공원,강동구,548
8,생명의 전화 종합복지관 앞 교차로,성북구,849
8,생태공원앞 교차로(조명탑),강동구,127
8,서강나루 공원,마포구,1185
8,서강대 남문 옆,마포구,619
8,서강대 정문 건너편,마포구,577
8,서강대 후문 옆,마포구,667
8,서강대역 2번출구 앞,마포구,1058
8,서교동 사거리,마포구,1227
8,서남병원 후문,양천구,823
8,서남환경공원 버스정류장,강서구,1724
8,서남환경공원(방화동도시개발2단지방향),강서구,761
8,서대문구청,서대문구,260
8,서대문역 2번 출구,서대문구,983
8,서대문역 8번출구 앞,서대문구,326
8,서대문자연사박물관 입구,서대문구,214
8,서래공원 앞,서초구,427
8,서부식자재마트 건너편,양천구,1320
8,서부운전면허시험장,마포구,741
8,서빙고동 금호맨션 앞,용산구,219
8,서빙고동 주민센터 앞,용산구,1588
8,서빙고역 광장(1번출구),용산구,216
8,서서울모터리움 앞,강서구,495
8,서소문성지역사박물관,중구,162
8,서소문역사공원,중구,72
8,서우빌딩,서대문구,961
8,서울 논현동우체국 앞,강남구,344
8,서울 시흥동우체국 앞,금천구,491
8,서울 영등포구 우체국,영등포구,1142
8,서울 월드컵 경기장,마포구,809
8,서울가정법원,서초구,544
8,서울강월초등학교 앞,양천구,691
8,서울갤러리아 앞,용산구,93
8,서울경찰청,종로구,797
8,서울고등학교 건너편,서초구,218
8,서울고앞,서초구,140
8,서울과학기술대학교(미래관),노원구,391
8,서울과학기술대학교(어학교육원),노원구,1768
8,서울교육청 교육연수원 앞,서초구,84
8,서울교통공사 사당별관 건너편,서초구,282
8,서울교통공사사거리 교통섬,동대문구,901
8,서울남부교정시설 앞,구로구,219
8,서울남부지방검찰청 후문,양천구,936
8,서울남부출입국관리소,강서구,1680
8,서울남부터미널 대합실 입구,서초구,521
8,서울대벤처타운역,관악구,430
8,서울대입구역 1번출구,관악구,906
8,서울대입구역 4번 출구,관악구,767
8,서울대입구역 5번출구,관악구,1185
8,서울대입구역 마에스트로,관악구,680
8,서울대학교 정문,관악구,310
8,서울도봉초등학교인근,도봉구,464
8,서울도시가스 앞,강서구,967
8,서울도시건축전시관,중구,1960
8,서울디자인고등학교 앞,마포구,1092
8,서울디지털운동장 앞,금천구,858
8,서울문화재단 앞,동대문구,1285
8,서울미래초등학교 사거리,구로구,995
8,서울미술관,종로구,144
8,서울반도체고 앞,동대문구,240
8,서울방이동 고분군,송파구,1340
8,서울보증보험본사 앞,종로구,954
8,서울복합물류 게이트 1,송파구,1066
8,서울본부세관(건설회관 앞),강남구,187
8,서울북부고용노동지청,강북구,443
8,서울북부고용센터앞,노원구,2048
8,서울북부광역등기국,도봉구,202
8,서울북부수도사업소,강북구,377
8,서울북부지방법원,도봉구,231
8,서울북부지방법원 앞,도봉구,438
8,서울사대부설초등학교 앞,종로구,1435
8,서울산업정보학교,관악구,240
8,서울서부지방법원 앞,마포구,719
8,서울서부지방법원등기국앞,마포구,273
8,서울서초고용센터앞,서초구,286
8,서울숲 IT캐슬,성동구,6
8,서울숲 공영주차장앞,성동구,452
8,서울숲 관리사무소,성동구,1098
8,서울숲 지식산업센터,성동구,1650
8,서울숲리버뷰자이APT105동 앞,성동구,410
8,서울숲역 2번출구 앞,성동구,1339
8,서울숲역 5번 출구 옆,성동구,1082
8,서울숲역3번출구,성동구,197
8,서울시 공공자전거 상암센터,마포구,778
8,서울시 도로환경관리센터,양천구,2488
8,서울시 북부병원 앞,중랑구,368
8,서울시 북부여성발전센터,노원구,676
8,서울시 품질시험소 앞,서초구,446
8,서울시립과학관,노원구,394
8,서울시립대 건설공학관,동대문구,416
8,서울시립대 정문 앞 A,동대문구,297
8,서울시립대 정문 앞 B,동대문구,1436
8,서울시립대 정보기술관,동대문구,398
8,서울시립대 후문,동대문구,637
8,서울시설공단 앞,성동구,1030
8,서울시여성가족재단,동작구,209
8,서울시청,중구,1265
8,서울식물원 식물문화센터,강서구,1018
8,서울식물원 잔디마당 앞,강서구,2234
8,서울식물원(문화센터) 건너편,강서구,397
8,서울신성초등학교,관악구,461
8,서울신용보증재단,마포구,936
8,서울신우초등학교,관악구,6
8,서울안천초등학교 옆,금천구,94
8,서울여대 남문,노원구,574
8,서울역 12번 출구 앞,용산구,785
8,서울역 7번출구,중구,116
8,서울역 서부,중구,255
8,서울역 서부교차로(3),중구,968
8,서울역 서부교차로2,중구,911
8,서울역 센트럴 자이아파트,중구,552
8,서울역5번출구,중구,742
8,서울역9번출구,중구,682
8,서울역사박물관 앞,종로구,784
8,서울연신중학교,은평구,290
8,서울연신초등학교,은평구,303
8,서울영상고교 입구,양천구,2786
8,서울율현초교 삼거리,강남구,445
8,서울중랑우체국,중랑구,553
8,서울지방고용노동청 앞,중구,1044
8,서울지방병무청 버스정류장,영등포구,724
8,서울천호동우체국,강동구,1397
8,서울체육고등학교 앞,송파구,748
8,서울추모공원 입구,서초구,57
8,서울축산농협(장안지점),동대문구,2712
8,서울출입국관리사무소 앞,양천구,3030
8,서울친환경유통센터,송파구,100
8,서울특별시 남부교육지원청,영등포구,676
8,서울특별시 동부교육지원청(육교),동대문구,220
8,서울특별시 동작관악교육지원청,동작구,90
8,서울특별시 은평병원,은평구,354
8,서울특별시 중부교육지원청,종로구,141
8,서울특별시교육청도봉도서관,도봉구,752
8,서울혁신파크,은평구,601
8,서울혁신파크1,은평구,111
8,서울혁신파크2,은평구,212
8,서원마을,강동구,116
8,서일스포츠센터,서초구,145
8,서초 크로바타워 앞,서초구,408
8,서초 포레스타5단지,서초구,362
8,서초1교 (진흥아파트 방면),서초구,318
8,서초2교(사임당로 방면),서초구,151
8,서초4동주민센터,서초구,744
8,서초구립반포도서관 앞,서초구,1213
8,서초그랑자이 앞,서초구,310
8,서초동 현대아파트 앞,서초구,414
8,서초리슈빌S 글로벌 앞,서초구,136
8,서초신동아1차아파트 옆,서초구,500
8,서초역 3번출구,서초구,502
8,서초역1번출구 앞,서초구,295
8,서초유치원 맞은편,서초구,412
8,서초종합체육관 입구,서초구,109
8,서초초등학교 후문,서초구,703
8,서초포레스타 7단지,서초구,230
8,서초현대4차아파트 201동 맞은편,서초구,557
8,석계역 3번 출구,노원구,1090
8,석계역 4번출구 뒤,성북구,1343
8,석계역 5번출구 건너편,성북구,1406
8,석계역 문화광장 내 자전거 보관소,노원구,3069
8,석관동주민센터 앞,성북구,955
8,석관래미안아트리치,성북구,1173
8,석관초등학교 앞,성북구,1023
8,석촌고분역 2번 출구,송파구,1928
8,석촌고분역 4번출구,송파구,1369
8,석촌동 주민센터,송파구,1947
8,석촌역 2번출구,송파구,1787
8,석촌역 8번출구,송파구,2402
8,석촌호수 서호 남단,송파구,2174
8,석촌호수 서호 사거리,송파구,2144
8,석촌호수 아뜰리에,송파구,1631
8,석촌호수교차로 (송파나루근린공원 앞),송파구,495
8,석촌호수교차로(동호 팔각정 앞),송파구,2104
8,선릉역3번출구,강남구,1162
8,선린인터넷 고등학교,용산구,1242
8,선사고등학교,강동구,463
8,선유도역 3번출구 앞,영등포구,2463
8,선잠단지 앞,성북구,195
8,"선정릉 디캠프(D,CAMP)앞",강남구,226
8,선정릉역 4번 출구,강남구,312
8,섬들근린공원,서초구,737
8,섬유센터 앞,강남구,973
8,성공회대학교,구로구,499
8,성균관대 E하우스 앞,종로구,871
8,성균관대 정문,종로구,1471
8,성균관대입구 사거리 A,종로구,998
8,성균관대입구 사거리 B,종로구,1141
8,성내5교,송파구,858
8,성내7교,송파구,502
8,성내교 남단,송파구,282
8,성내삼성아파트,강동구,2683
8,성내어울터,강동구,2305
8,성내유수지 체육공원,송파구,286
8,성동광진 교육지원청 앞,성동구,1144
8,성동교 사거리,성동구,489
8,성동구 견인차량 보관소 앞,성동구,1506
8,성동구민종합체육센터 건너편,성동구,2157
8,성동도로사업소,성동구,313
8,성동세무서 건너편,성동구,1276
8,성동세무서 부근,성동구,1250
8,성보하이드로빌딩,양천구,926
8,성북3교 위,성북구,1098
8,성북구 한예종 캠퍼스 별관,성북구,349
8,성북구 한예종 캠퍼스 본관,성북구,312
8,성북구보건소 건너편,성북구,459
8,성북구청,성북구,758
8,성북동 치안센터 앞,성북구,518
8,성북쉼터 앞,성북구,133
8,성북제일새마을금고 본점 앞,성북구,341
8,성북청소년문화의집,성북구,91
8,성북청소년센터,성북구,386
8,성산2-1 공영주차장,마포구,1093
8,성산2교 사거리,마포구,1530
8,성산시영아파트,마포구,1168
8,성서대학교 밀알관,노원구,229
8,성수2가1동 공영주차장 인근,성동구,3219
8,성수사거리 버스정류장 앞,성동구,2057
8,성수아카데미타워 앞,성동구,1460
8,성수역 1번출구 주변,성동구,641
8,성수역 2번출구 앞,성동구,2920
8,성수역3번출구,성동구,3616
8,성신여대입구 교차로,성북구,657
8,성신여대입구역 3번출구 앞,성북구,1110
8,성신여대입구역 5번출구,성북구,1103
8,성원2차 아파트,양천구,793
8,성원APT버스정류소,도봉구,421
8,성지아파트 옆 도로변,금천구,154
8,세곡데이케어센터,강남구,170
8,세곡동 사거리(대왕초등학교 정류장),강남구,92
8,세곡동 성당,강남구,479
8,세곡사거리 대왕파출소 앞,강남구,52
8,세륜초등학교 건너편,송파구,156
8,세양청마루 101동 앞,송파구,395
8,세양청마루아파트 앞,강동구,1035
8,세운상가,종로구,533
8,세운스퀘어 앞,종로구,518
8,세이브마트,관악구,1071
8,세종그랑시아 앞(102동),양천구,739
8,세종대왕기념관 교차로,동대문구,388
8,세종대학교,광진구,108
8,세종대학교 대양AI센터,광진구,788
8,세종대학교(영실관),광진구,371
8,세종대학교(학술정보원),광진구,102
8,세종사이버대학교,광진구,2124
8,세화고등학교,서초구,151
8,센트럴 푸르지오 시티 앞,영등포구,1598
8,센트럴파크타워 앞,용산구,1115
8,솔리스타오피스텔(공덕동주민센터),마포구,531
8,솔밭공원역,강북구,197
8,솔밭공원역 1번출구 앞,도봉구,352
8,솔밭공원역 1번출구 주변,도봉구,457
8,솔브레인이엔지 뒤편,금천구,599
8,송도병원,중구,119
8,송이공원,송파구,341
8,송정역 1번출구,강서구,2306
8,송정역 3번출구 앞,강서구,1309
8,송정중학교,강서구,846
8,송중초등학교 옆,강북구,414
8,송천동 주민센터,강북구,411
8,송천동우체국,강북구,268
8,송천센트레빌,강북구,197
8,송파 글마루 도서관,송파구,708
8,송파 레미니스1단지 102동 앞,송파구,769
8,송파 파인타운 11단지,송파구,516
8,송파구청,송파구,4335
8,송파구청 교차로,송파구,1269
8,송파나루역 4번 출구옆,송파구,3503
8,송파도서관,송파구,724
8,송파레이크힐,송파구,94
8,송파레이크힐 상가,송파구,965
8,송파사거리,송파구,2144
8,송파소방서 (방이119안전센터),송파구,433
8,송파소방서 맞은편(성내4교),송파구,1111
8,송파시그니처롯데캐슬,송파구,161
8,송파여성문화회관 앞,송파구,1755
8,송파여성축구장,송파구,200
8,송파역 2번 출구앞,송파구,1015
8,송파역 4번출구,송파구,2147
8,송파중학교 정문,송파구,396
8,송파지역자활센터 뒤,송파구,1796
8,송파청소년센터,송파구,526
8,송파체육문화회관 앞,송파구,883
8,송파파인타운 10단지 1005동,송파구,235
8,송파파인타운 4단지 403동,송파구,348
8,송파파인타운 7단지,송파구,648
8,송파파크데일 1단지 115동 건너편,송파구,323
8,송파파크데일 2단지입구 앞 주차장,송파구,342
8,송파학사 옆,송파구,789
8,수궁동 성당 주변,구로구,390
8,수락리버시티4단지,노원구,530
8,수락산역 4번출구,노원구,852
8,수명산파크 4단지 411동 앞,강서구,1442
8,수명산파크1단지교차로,강서구,2832
8,수명중?고교,강서구,1420
8,수명초등학교,강서구,1408
8,수서동 성당 맞은편,강남구,424
8,수서역 1번출구 앞,강남구,787
8,수서역 5번출구,강남구,1580
8,수서역 7번출구 앞,강남구,286
8,수연빌딩 앞,노원구,847
8,수유1동 주민센터,강북구,425
8,수유2동은행빌딩 앞,강북구,527
8,수유사거리,강북구,943
8,수유역2번출구,강북구,2183
8,수유중앙시장,강북구,912
8,수출의 다리 아래,금천구,538
8,수협 연남동지점,마포구,1628
8,수협대치동지점,강남구,501
8,숙대입구역 4번출구,용산구,1343
8,숙대입구역 8번,용산구,754
8,숙명여대 입구 교차로,용산구,1061
8,숙명여대앞 버스정류소 주변,용산구,179
8,순천향대학병원(한남오거리),용산구,560
8,순흥안씨묘 건너편,금천구,71
8,숭실대 입구역3번 출구 앞,동작구,373
8,숭실대학교(중문),동작구,180
8,숭인2동 주민센터 입구,종로구,1461
8,스타벅스(동교동) 앞,마포구,674
8,스타즈호텔독산 빌딩 앞,금천구,794
8,시립도봉노인복지관 버스정류소,도봉구,464
8,시립동부병원 앞 사거리,동대문구,1990
8,시립미술관,중구,781
8,시립창동운동장 입구,도봉구,237
8,시범아파트버스정류장 옆,영등포구,1698
8,시석빌딩 앞,마포구,496
8,시조사 앞,동대문구,1258
8,시청역 10번출구,중구,358
8,시청역(2호선) 9번출구 뒤,중구,1907
8,시흥4동주민센터 앞,금천구,171
8,시흥사거리(시흥동 994-3 앞),금천구,663
8,신곡시장,양천구,1239
8,신금호역 2번출구 앞,성동구,61
8,신금호파크자이APT앞,성동구,263
8,신길 래미안 프레비뉴,영등포구,529
8,신길동 우리은행 옆,영등포구,678
8,신길선원가와인아파트 앞,영등포구,755
8,신길역 2번출구,영등포구,997
8,신길역3번출구,영등포구,1377
8,신길우성1차아파트 앞 공원,영등포구,670
8,신길우성4차아파트,영등포구,1211
8,신길자이아파트,영등포구,697
8,신내 우디안 111동 앞,중랑구,112
8,신내2동 주민센터 앞,중랑구,499
8,신내SK V1센터 앞,중랑구,239
8,신내능말공원,중랑구,282
8,신내동 벽산아파트 후문 앞,중랑구,626
8,신내동 한살림 중랑지구 건너편,중랑구,328
8,신내동 한살림 중랑지구 앞,중랑구,752
8,신내어울공원 앞,중랑구,669
8,신내역 4번출구,중랑구,254
8,신내우디안아파트 1단지,중랑구,116
8,신논현역 4번출구,강남구,518
8,신논현타워 앞,서초구,663
8,신답역 1번출구,성동구,266
8,신답역 사거리,동대문구,1345
8,신당 래미안 버스정류장,중구,487
8,신당동주민센터앞,중구,1188
8,신당역 10번 출구,중구,1339
8,신당역 12번 출구 뒤,중구,2726
8,신대방삼거리,동작구,1504
8,신대방삼거리역 6번출구쪽,동작구,1866
8,신대방역 2번 출구,관악구,5243
8,신도고등학교,은평구,137
8,신도림2차e편한세상아파트 203동 앞,구로구,1026
8,신도림4차 e편한세상 아파트 1109동 앞,구로구,1117
8,신도림7차e편한세상아파트 806동 앞,구로구,1076
8,신도림동주민센터 앞,구로구,1295
8,신도림쌍용플래티넘노블아파트 앞,구로구,1679
8,신도림역 1번 출구 앞,구로구,3725
8,신도림테크노근린공원,구로구,4077
8,신도봉사거리 버스정류장,도봉구,583
8,신도중학교앞,은평구,235
8,신동아럭스빌아파트 앞,서초구,165
8,신동아아파트,영등포구,2190
8,신동아타워 버스정류소,도봉구,294
8,신림1교 교차로,관악구,1328
8,"신림4,5동교",관악구,527
8,신림동 우방아파트,관악구,1215
8,신림동걷고싶은문화의거리입구,관악구,1168
8,신림푸르지오아파트,관악구,748
8,신마곡벽산블루밍메트로오피스텔앞,강서구,1093
8,신목동역 2번 출구,양천구,2140
8,신목동역 3번출구,양천구,697
8,신반포역 2번출구 앞,서초구,403
8,신반포역 3번출구 뒤,서초구,305
8,신방화사거리,강서구,2667
8,신방화역 6번출구,강서구,1738
8,신방화역 8번출구,강서구,1511
8,신방화역환승주차장,강서구,3267
8,신봉천주유소 A,관악구,99
8,신봉천주유소 B,관악구,161
8,신사동 가로수길 입구,강남구,574
8,신사동 성당,은평구,179
8,신사동주민센터 옆,강남구,515
8,신사두산위브2차아파트 앞,은평구,919
8,신사로입구,관악구,1409
8,신사스퀘어,강남구,305
8,신사역 4번출구 뒤,서초구,623
8,신석초교앞 교차로 교통섬,마포구,1542
8,신설동역 10번출구 앞,동대문구,2276
8,신설동역 11번출구 뒤,종로구,265
8,신설동역8번출구,동대문구,1028
8,신성기사식당 앞,마포구,496
8,신성미소지움아파트,중랑구,448
8,신세계면세점,중구,243
8,신세계백화점 본점 앞,중구,515
8,신세기아파트 앞,구로구,512
8,신수동 사거리,마포구,220
8,신수동주민센터,마포구,274
8,신양초교앞 교차로,광진구,722
8,신영동삼거리,종로구,43
8,신영동삼거리(북악터널방향),종로구,41
8,신용산역 1번 출구,용산구,1409
8,신용산역 6번출구 앞,용산구,1178
8,신용산지하차도 앞,용산구,431
8,신원리베르텔 앞,도봉구,621
8,신월6차보람아파트 앞,양천구,1171
8,신월사거리,양천구,1002
8,신월중학교,양천구,737
8,신응교(가좌로) 앞,은평구,1010
8,신이문역 1번출구,동대문구,810
8,신이문역 2번출구,동대문구,502
8,신일해피트리아파트 앞,양천구,1034
8,신자초교입구 교차로,광진구,2764
8,신정1동 주민센터 앞,양천구,2684
8,신정3동 현장민원실 앞,양천구,599
8,신정6동 주민센터 인근,양천구,1335
8,신정교 하부,양천구,1426
8,신정네거리역,양천구,715
8,신정네거리역 교차로,양천구,1073
8,신정보도육교 아래,양천구,3301
8,신정숲속마을아파트,양천구,524
8,신정이펜하우스 1단지아파트 입구 사거리,양천구,541
8,신정이펜하우스314동,양천구,654
8,신정제일시장,양천구,846
8,신진과학기술고등학교 버스정류장(응암시장 방면),은평구,902
8,신창교,강북구,549
8,신창시장,도봉구,1229
8,신창아파트 입구 앞,도봉구,293
8,신창중학교 후문 맞은편 버스정류장,노원구,743
8,신청담나들목,강남구,295
8,신촌 교보빌딩,마포구,314
8,신촌 청년주택,마포구,1310
8,신촌 파랑고래 입구,서대문구,652
8,신촌기차역입구 교차로,서대문구,406
8,신촌동 제1공영주차장 앞,서대문구,491
8,신촌역 4번출구,서대문구,476
8,신촌역(2호선) 1번출구 옆,서대문구,736
8,신촌역(2호선) 6번출구 옆,마포구,688
8,신촌역(2호선) 7번출구 앞,마포구,1277
8,신트리공원 입구,양천구,2323
8,신풍역 6번출구,영등포구,1514
8,신한금융투자 앞,영등포구,2617
8,신한은행 대림동지점,영등포구,722
8,신한은행 시흥대로금융센터지점,금천구,198
8,심산기념문화센터,서초구,615
8,쌍문동 이안아파트 앞,도봉구,326
8,쌍문역 1번출구 주변,도봉구,789
8,쌍문역4번출구 주변,도봉구,710
8,쌍문현대1차아파트 108동 앞,도봉구,562
8,쌍용아파트2단지 정문,종로구,341
8,쌍용예가(구청별관),영등포구,877
8,쌍용플레티넘오피스텔,영등포구,2041
8,아리랑시네센터 앞,성북구,393
8,아만티호텔 앞,마포구,450
8,아망떼마곡전시장,강서구,1677
8,아메리칸센터,용산구,390
8,아산병원 기숙사 부근,송파구,2583
8,아시아선수촌아파트 교차로,송파구,1280
8,아시아지하보도 14번 출구,송파구,1792
8,아시아지하보도 2번 출구,송파구,939
8,아차산 휴먼시아 아파트 옆,광진구,489
8,아차산역 3번출구,광진구,2116
8,아차산역4번출구,광진구,2079
8,아크로리버뷰 부지 앞,서초구,1040
8,아크로타워 스퀘어(영등포시장),영등포구,2494
8,아현교회,마포구,188
8,아현문화건강센터,마포구,178
8,아현역 4번출구 앞,마포구,524
8,안골마을입구,서초구,38
8,안국동사거리(신),종로구,1081
8,안국역 5번출구 앞,종로구,1145
8,안산초등학교 앞,서대문구,82
8,안암2교 옆,성북구,1372
8,안암골벽산아파트(후문),동대문구,787
8,안암로터리 버스정류장 앞,성북구,3424
8,안암역 3번 출구,성북구,686
8,안양천합수부(현대3차아파트),강서구,1211
8,안천중학교,금천구,214
8,암사동 선사유적지,강동구,118
8,암사역 3번출구(국민은행앞),강동구,2659
8,암사정수센터교차로(강동롯데캐슬퍼스트아파트),강동구,305
8,압구정 한양 3차 아파트,강남구,340
8,압구정나들목,강남구,1043
8,압구정로데오역 6번출구,강남구,605
8,압구정역 2번 출구 옆,강남구,1277
8,압구정파출소 앞,강남구,755
8,앙카라공원 앞,영등포구,1232
8,애오개역 4번출구 앞,마포구,1327
8,앰배서더 호텔 주변,중구,552
8,약수동 주민센터,중구,99
8,약수역 10번출구 앞,중구,357
8,약수역 3번출구 뒤,중구,506
8,약수역 6번 출구,중구,341
8,양강중학교앞 교차로,양천구,471
8,양남사거리1,영등포구,658
8,양남사거리2,영등포구,667
8,양녕로 입구,관악구,994
8,양문교회 앞,동작구,731
8,양서중학교 옆,양천구,697
8,양원보도육교,양천구,478
8,양원역 1번 출구,중랑구,600
8,양원역 2번출구,중랑구,203
8,양원지구 힐데스하임 앞,중랑구,369
8,양재근린공원,서초구,1126
8,양재동 꽃시장 건너편,서초구,476
8,양재동 꽃시장 입구,서초구,217
8,양재시민의숲역 1번출구,서초구,1372
8,양재시민의숲역 3번출구,서초구,1104
8,양재역 10번 출구 앞,서초구,591
8,양재역 3번출구 주변,강남구,1019
8,양재역 8번출구 앞,서초구,713
8,양재이스타빌 앞,서초구,992
8,양재전화국 사거리,서초구,334
8,양재초등학교 맞은편,서초구,515
8,양지근린공원앞,노원구,1049
8,양지사거리,성동구,981
8,양지사거리(센트라스APT 115동앞),성동구,213
8,양천 해누리타운,양천구,2383
8,양천공영차고지,양천구,197
8,"양천구청, 보건소 사잇길",양천구,4414
8,양천구청역 1번출구,양천구,916
8,양천구청역 2번출구 옆,양천구,2041
8,양천문화회관,양천구,2118
8,양천아파트 입구,양천구,2574
8,양천해누리체육공원,양천구,741
8,양천향교역 7번출구앞,강서구,4521
8,양천향교역8번출구,강서구,1826
8,양평1 보행육교 앞,영등포구,1476
8,양평1나들목 보행통로 입구,영등포구,1636
8,양평1동 YP센터 앞,영등포구,458
8,양평교 영등포대여소,영등포구,1623
8,양평동6차현대아파트 앞,영등포구,1911
8,양평동성원아파트,영등포구,1266
8,양평역 1번출구,영등포구,2650
8,양평역2번출구 뒤,영등포구,711
8,양평우림 이비즈센타 앞,영등포구,1878
8,어린이대공원역 2번출구,광진구,856
8,어린이대공원역 3번출구 앞,광진구,1401
8,어린이대공원정문,광진구,434
8,어린이도서관,종로구,550
8,어린이회관,광진구,631
8,어울림병원 앞,영등포구,812
8,언남초등학교 앞,서초구,625
8,언주역 4번출구,강남구,260
8,언주초등학교 입구,강남구,401
8,에스테반,마포구,318
8,에이스 하드웨어(시흥대로 396) 앞,금천구,770
8,에이스에이존빌딩,관악구,517
8,에이스하이엔드타워8차 앞,금천구,947
8,에이스하이엔드타워9차 앞,금천구,647
8,엘아르베뉴 102동 앞,금천구,479
8,엠펠리체 호텔 건너편,강서구,1868
8,여의나루역 1번출구 앞,영등포구,5545
8,여의도 마리나선착장 앞,영등포구,484
8,여의도 삼부아파트,영등포구,986
8,여의도 순복음교회,영등포구,356
8,여의도 은하아파트,영등포구,496
8,여의도고교 앞,영등포구,1118
8,여의도역2번출구 앞,영등포구,842
8,여의도중학교 옆,영등포구,1015
8,여의도초교 앞,영등포구,1123
8,역삼1동 주민센터,강남구,834
8,역삼동 sk뷰 501동앞,강남구,342
8,역삼동 디오슈페리움 (우성아파트 사거리),강남구,659
8,역삼빌딩 앞(하나은행 옆),강남구,631
8,역삼서초삼성 세무서 앞 (역삼빌딩 앞),강남구,966
8,역삼월드메르디앙아파트 앞,강남구,442
8,역삼중학교 앞(체육관 방향),강남구,206
8,역촌 센트레빌 아파트,은평구,355
8,역촌센트레빌아파트 101동 앞,은평구,269
8,역촌종합시장 버스정류장(예일여고 방면),은평구,1551
8,역촌파출소,은평구,2622
8,연가교 교차로,서대문구,662
8,연가초등학교 옆,서대문구,364
8,연남동주민센터 앞,마포구,1975
8,연대 대운동장 옆,서대문구,413
8,연서어린이공원,서대문구,488
8,연세강서빌딩,강서구,1572
8,연세대 정문 건너편,서대문구,174
8,연세로 명물길,서대문구,643
8,연신내 선일하이츠빌 정류소,은평구,335
8,연신내역 1번 출구,은평구,932
8,연신내역 3번출구 인근,은평구,414
8,연신내역 4번출구,은평구,495
8,연신내역 5번출구,은평구,2064
8,연신초등학교옆 마을마당,은평구,94
8,연의근린공원 건너편,양천구,613
8,연해피빌 앞,노원구,854
8,연희 브라운스톤 아파트 앞,서대문구,1383
8,연희IC 남측,서대문구,828
8,연희교차로 인근,서대문구,318
8,연희삼거리,서대문구,959
8,연희파크푸르지오아파트 앞,서대문구,809
8,염곡동(염통골) 입구,서초구,126
8,염곡치안센터 건너편,서초구,68
8,염리초등학교 앞,마포구,940
8,염창나들목,강서구,566
8,염창동 새마을금고 건너편,강서구,874
8,염창동 한마음아파트 앞,강서구,1237
8,염창역 1번 출구,강서구,1941
8,"염창역 3, 4번 출구 사이",양천구,906
8,염천교사거리,중구,494
8,영도초등학교,양천구,2193
8,영동1교 (양재천근린공원),서초구,589
8,영동1교 북단,서초구,412
8,영동3교 북단(우성캐릭터 앞 보도),강남구,274
8,영동대교 북단,광진구,1332
8,영동중앙교회 버스정류장,강남구,190
8,영등포 신세계백화점,영등포구,3564
8,영등포 푸르지오 아파트 A,영등포구,1314
8,영등포 푸르지오 아파트 B,영등포구,1312
8,영등포공원 분수대 앞,영등포구,276
8,영등포구민체육센터 앞,영등포구,1484
8,영등포구청역 7번출구,영등포구,5686
8,영등포로터리,영등포구,708
8,영등포로터리2,영등포구,1150
8,영등포삼환아파트 앞,영등포구,1426
8,영등포시장역 포레나영등포,영등포구,2880
8,영등포아트홀 앞,영등포구,531
8,영등포역 1번출구,영등포구,2367
8,영등포역5번출구,영등포구,3289
8,영등포유통상가 사거리,영등포구,1391
8,영등포전화국사거리 (서강어린이공원),영등포구,1809
8,영등포청과시장 사거리,영등포구,1187
8,영락고등학교,관악구,294
8,영문초등학교 사거리,영등포구,3451
8,영성빌딩(PAT),중랑구,706
8,영어마을 관악캠프,관악구,118
8,영일 어린이공원,영등포구,959
8,영파여고 앞,송파구,995
8,영휘원 교차로,동대문구,681
8,영희초교 사거리(래미안개포루체하임),강남구,929
8,예일여중,은평구,913
8,옛골 입구,서초구,73
8,오금공원 사거리,송파구,108
8,오금공원사거리2,송파구,251
8,오금동 대림아파트 정문,송파구,421
8,오금역 3번 출구 뒤,송파구,456
8,오금역 7번 출구 인근,송파구,813
8,오류동 계림웨스트밸리 앞,구로구,145
8,오류동 다숲오피스텔 앞,구로구,481
8,오류동부골든아파트 후문 옆,구로구,282
8,오류동역 2번출구,구로구,680
8,오류동역 맞은편,구로구,989
8,오륜사거리,송파구,478
8,오리로와 서해안도로 교차로 앞,구로구,424
8,오목교 동측 지하보도,영등포구,1141
8,오목교역 3번출구,양천구,4240
8,오목교역 6번 출구,양천구,2120
8,오목교역 7번출구 앞,양천구,2447
8,오목로 무중력지대 앞,양천구,331
8,오솔길공원,양천구,675
8,오정초교 앞 보도육교,구로구,152
8,옥수동성당 옆,성동구,132
8,옥수역 3번출구,성동구,2874
8,온곡초교 교차로,노원구,1402
8,온수역 2번 출구 앞,구로구,482
8,온수역 북측,구로구,239
8,올림픽공원 남2문 앞,송파구,854
8,올림픽공원 북2문 A,송파구,1143
8,올림픽공원 북2문 B,송파구,2203
8,올림픽공원 서1문 앞,송파구,570
8,올림픽공원 장미광장,송파구,336
8,올림픽공원사거리(선수촌아파트),송파구,988
8,올림픽공원역 1번출구 앞,송파구,1278
8,올림픽공원역 3번출구,송파구,3687
8,올림픽기념 국민생활관 로터리,종로구,1355
8,올림픽로 836(아리수로),강동구,365
8,올림픽선수기자촌아파트 123동 근처,송파구,289
8,올림픽선수촌아파트 136동 앞,송파구,484
8,올림픽훼미리아파트 112동 앞,송파구,789
8,왈도강서캠퍼스 앞,강서구,1395
8,왕십리 자이아파트(101동 앞),성동구,16
8,왕십리KCC스위첸아파트,성동구,119
8,왕십리교회옆,성동구,2010
8,왕십리역 11번 출구 앞,성동구,1084
8,왕십리역 4번 출구 건너편,성동구,1537
8,왕십리자이아파트 후문(삼거리),성동구,195
8,외국어대 정문 앞,동대문구,1943
8,외대앞역 3번출구,동대문구,929
8,외대앞역 교차로,동대문구,1151
8,용강동 주민센터 앞,마포구,989
8,용답동 우체국 주변,성동구,1057
8,용답토속공원 앞,성동구,544
8,용두동 래미안허브리츠아파트 앞,동대문구,966
8,용두동 사거리,동대문구,1955
8,용두롯데캐슬리치아파트 앞,동대문구,1103
8,용두역 4번출구,동대문구,1851
8,용마복지센터 앞,중랑구,338
8,용마사거리,광진구,1300
8,용마산역 1번출구,중랑구,183
8,용마지구대 A,중랑구,147
8,용마지구대 B,중랑구,422
8,용마한신아파트사거리,중랑구,172
8,용문2교 옆,성북구,1140
8,용문사 버스정류장,강서구,589
8,용산 선인상가,용산구,365
8,용산 파크타워 앞,용산구,293
8,용산 푸르지오 파크타운 1단지 앞,용산구,167
8,용산공원갤러리앞,용산구,213
8,용산구꿈나무종합타운 앞,용산구,664
8,용산더프라임아파트 101동 앞,용산구,327
8,용산시티파크 101동 앞,용산구,305
8,용산역 맞은편,용산구,2646
8,용산전쟁기념관,용산구,116
8,용산중학교,용산구,698
8,용신동주민센터,동대문구,722
8,우국한마음 아파트 맞은편,서대문구,883
8,우리은행 방배동지점 앞,서초구,621
8,우리은행 시흥남자동화점 앞,금천구,294
8,우면산등산로 입구,서초구,48
8,우물골 근린공원,은평구,489
8,우성4차아파트,광진구,1150
8,우성식품 앞,광진구,1237
8,우성아파트 교차로,영등포구,864
8,우성아파트 앞,동작구,1945
8,우성아파트사거리 (기업은행앞),서초구,1220
8,우솔초등학교 맞은편,서초구,201
8,우영테크노센터 앞,성동구,1328
8,우이교 교차로,도봉구,1114
8,우이동 먹거리마을,강북구,118
8,우이동길마을마당,강북구,444
8,우이천 창번교,강북구,406
8,우장산동 가곡어린이공원앞,강서구,2311
8,우장산역 1번출구옆(우장산아이파크105동앞),강서구,1602
8,우장산역 3번출구,강서구,1285
8,우장산역 헤링턴타워 앞,강서구,1216
8,우장초등학교 앞,강서구,1676
8,원남동사거리,종로구,943
8,원당공원 앞,도봉구,865
8,원당근린공원,강서구,2157
8,원메디타운 앞,구로구,1499
8,원묵고등학교,중랑구,827
8,원일교회,광진구,2012
8,원자력 병원,노원구,339
8,원풍빌라앞,은평구,509
8,원효로2가 교차로,용산구,496
8,원효로다목적체육관 앞,용산구,381
8,월계 롯데캐슬아파트 뒤,노원구,542
8,월계 센트럴 아이파크,노원구,717
8,월계 청백1단지 아파트 정류장,노원구,283
8,월계1동주민센터 앞,노원구,728
8,월계2교 교차로,강북구,410
8,월계2교 버스정류장 앞,성북구,424
8,월계문화체육센터,노원구,213
8,월계역 1번 출구,노원구,637
8,월계중학교,노원구,305
8,월계초안아파트 1단지,노원구,423
8,월계프라자,노원구,549
8,월곡역 3번출구,성북구,2024
8,월곡역 5번출구 앞,성북구,1180
8,월곡역 입구 육교 밑,성북구,236
8,월드메르디앙 벤처센터 2차,금천구,761
8,월드컵경기장역 3번출구 옆,마포구,1439
8,월드컵공원,마포구,1267
8,월드컵참누리아파트,마포구,432
8,월드컵파크 4단지,마포구,326
8,월정초 사거리,양천구,578
8,웨스틴 조선호텔,중구,317
8,웰니스센터(민방위교육장 앞),종로구,837
8,웰츠타워 오피스텔,광진구,1567
8,위너스 스포츠클럽 골프연습장옆,금천구,302
8,위례 포레샤인 1809동 부근,송파구,220
8,위례22단지 2208동 다리앞,송파구,323
8,위례동주민센터,송파구,1698
8,위례별 유치원 뒤,송파구,367
8,위례송파꿈에그린아파트24단지 앞 성벽 다리 밑,송파구,549
8,위례아이파크 101동 맞은편,송파구,323
8,위례중앙푸르지오 1단지 앞,송파구,684
8,위례중앙푸르지오 201동 앞,송파구,1278
8,위례포레나송파,송파구,593
8,위례포레샤인13단지,송파구,391
8,위례포레샤인18단지 1802동,송파구,199
8,위례포레샤인18단지 1812동,송파구,99
8,위례포레샤인아파트 정류장,송파구,566
8,윗반마을 입구,강남구,98
8,유니베라 앞,성동구,1344
8,유스호스텔 앞,영등포구,1304
8,유원목동아파트 103동 앞,양천구,2757
8,유진투자증권빌딩 앞,영등포구,1480
8,유한양행앞,동작구,1026
8,육군사관학교  앞,노원구,1023
8,윤선생빌딩(JYP사옥),강동구,2366
8,으뜸공원,양천구,699
8,은곡마을,강남구,416
8,은마아파트 입구 사거리,강남구,941
8,은마아파트입구 사거리(1),강남구,143
8,은천교회,관악구,705
8,은천교회 앞,관악구,1062
8,은천로입구 가로공원,관악구,2150
8,은천삼거리,관악구,283
8,은천초등학교 육교,관악구,440
8,은천치안센터,관악구,938
8,은평 성모병원 사거리,은평구,378
8,은평 지웰테라스,은평구,120
8,은평구청 교차로,은평구,786
8,은평구청 보건소,은평구,117
8,은평뉴타운 도서관,은평구,344
8,은평뉴타운 상림마을 13단지,은평구,64
8,은평뉴타운 아이파크,은평구,669
8,은평뉴타운 은뜨락아파트앞,은평구,413
8,은평뉴타운 푸르지오,은평구,658
8,은평뉴타운 힐데스하임,은평구,845
8,은평뉴타운구파발9단지,은평구,549
8,은평뉴타운폭포동 힐스테이트4단지,은평구,162
8,은평다목적체육관,은평구,298
8,은평서해그랑블아파트앞,은평구,508
8,은평세무서 버스정류장(은평구청 방면),은평구,979
8,은평역사한옥박물관,은평구,211
8,은평예술회관,은평구,788
8,은평평화공원(역촌역4번출구),은평구,1638
8,은하수 공원,노원구,407
8,을지로2가 사거리 남측,중구,513
8,을지로2가 사거리 북측,중구,605
8,을지로3가역 3번출구,중구,1141
8,을지로4가역 1번출구,중구,1041
8,을지로4가역 9번출구,중구,1818
8,을지로입구역 2번출구,중구,1161
8,을지로입구역 4번출구 앞,중구,829
8,을지로입구역 8번출구,중구,471
8,을지로지하쇼핑센터,중구,339
8,응봉삼거리,성동구,382
8,응봉역 1번출구,성동구,2658
8,응봉현대아파트 정류소,성동구,164
8,응암2동주민센터 버스정류장(영락중학교 방면),은평구,285
8,응암시장교차로,은평구,1568
8,응암역2번출구 국민은행 앞,은평구,2933
8,응암역3번 출구(서부경찰서 방면),은평구,315
8,응암오거리,은평구,1678
8,의정관,영등포구,186
8,이대목동병원보도육교,양천구,927
8,이대서울병원,강서구,1441
8,이대역 4번 출구,서대문구,202
8,이대역 5번출구,마포구,549
8,이랜드글로벌R&D센터,강서구,172
8,이마트 버스정류소 옆,성동구,680
8,이마트 버스정류장(서부경찰서 방면),은평구,1908
8,이문e편한세상아파트 앞,동대문구,572
8,이문대성유니드아파트 앞,동대문구,569
8,이문동 쌍용아파트 정문,동대문구,860
8,이문삼익아파트 앞,동대문구,222
8,이수고가차도 남단,서초구,991
8,이수교차로,서초구,1174
8,이수성결교회 옆,동작구,87
8,이수역 11번출구쪽,동작구,1269
8,이수역 1번출구,서초구,1741
8,이수역 4번 출구,서초구,1117
8,이수역 6번출구 앞,서초구,685
8,이수역9번출구,동작구,864
8,이앤씨드림타워 앞,영등포구,2517
8,이좋은집오피스텔 앞,구로구,481
8,이촌1동 마을공원,용산구,300
8,이촌1동 주민센터 뒤,용산구,854
8,이촌2동 동원베네스트 아파트 앞,용산구,771
8,이촌역2번 출구,용산구,246
8,이촌역5번출구 앞,용산구,111
8,이태원관광특구 입구(용산구청방향),용산구,285
8,이태원관광특구입구A(녹사평역쪽),용산구,90
8,이태원로 255,용산구,61
8,이태원역 3번 출구,용산구,651
8,이태원지하보도,용산구,507
8,이투스교육 앞,서초구,258
8,이튼타워리버 2차,광진구,1240
8,이화공영주차장,종로구,485
8,이화여대 인문관 인근,서대문구,186
8,이화여대 후문,서대문구,580
8,인덕대학교,노원구,384
8,인왕산 아이파크 정문,종로구,147
8,인재개발원 배움관,서초구,72
8,인헌초교,관악구,322
8,일동제약 사거리,서초구,507
8,일성아파트,종로구,189
8,일신초등학교 옆,성북구,199
8,일원1동 주민센터,강남구,731
8,일원1동주민센터앞 사거리,강남구,413
8,일원에코파크 앞(개포로 방면),강남구,263
8,일원에코파크 주차장,강남구,414
8,일원역 4~5번 출구 사이,강남구,449
8,임광빌딩 앞,서대문구,361
8,자곡사거리,강남구,1152
8,자교교회 앞,종로구,970
8,자양(뚝섬한강공원)역 1번출구 앞,광진구,7065
8,자양2동 주민센터,광진구,1335
8,자양나들목,광진구,1620
8,자양사거리 광진아크로텔 앞,광진구,1838
8,자양사거리(서원빌딩),광진구,2563
8,자양중앙나들목,광진구,1183
8,자양한강도서관,광진구,1461
8,잔디마을 마을버스 정류장,서초구,1020
8,잠실 자전거 수리센터 앞,송파구,1950
8,잠실 파크리오 120동 앞,송파구,1307
8,잠실3거리(갤러리아팰리스),송파구,1117
8,잠실4동 주민센터 옆,송파구,1330
8,잠실근린공원,송파구,1526
8,잠실나들목,송파구,1351
8,잠실나들목2(엘스아파트136동),송파구,491
8,잠실나들목4,송파구,1316
8,잠실나들목5,송파구,361
8,잠실나들목6,송파구,473
8,잠실나루 나들목,송파구,1145
8,잠실나루역 (2번 출구 쪽),송파구,1967
8,잠실나루역 고가하부,송파구,424
8,잠실나루역4번출구뒤,송파구,1156
8,잠실대교북단 교차로,광진구,1655
8,잠실새내역 1번출구,송파구,1752
8,잠실새내역 5번 출구 뒤,송파구,2983
8,잠실역 6번출구,송파구,1251
8,잠실역 8번출구,송파구,2757
8,잠실주공 521동 건너편,송파구,1790
8,잠실주공5단지1,송파구,1641
8,잠실트리지움310동 옆,송파구,1718
8,잠원역 3번-4번 출구사이,서초구,919
8,잣절보도육교 아래,양천구,458
8,장곡초등학교 앞,성북구,1072
8,장로회신학대학교 주기철 기념관,광진구,48
8,장미원시장 건너편,강북구,671
8,장수공원,양천구,653
8,장승배기역 5번출구,동작구,1421
8,장승배기역2번출구뒷편쪽,동작구,581
8,장안동 사거리,동대문구,2958
8,장안동근린공원 입구,동대문구,652
8,장안동삼거리 교통섬,동대문구,841
8,장안동위더스빌옆,동대문구,2366
8,장안중학교,중랑구,713
8,장안힐스테이트(아) 앞,동대문구,1533
8,장지공영차고지,송파구,217
8,장지역 1번출구,송파구,1046
8,장충동먹자골목 앞,중구,662
8,장충체육관,중구,152
8,장한평역 3번출구,동대문구,3686
8,장한평역 8번 출구 앞,성동구,1907
8,장훈고 앞,영등포구,606
8,재동초교 앞 삼거리,종로구,708
8,전농SK아파트 앞,동대문구,373
8,전농동 동아아파트 앞,동대문구,1349
8,전농동 텃골공원,동대문구,611
8,전농사거리 교통섬,동대문구,1068
8,전농삼성아파트,동대문구,252
8,전농초등학교 건너편,동대문구,389
8,전자랜드 본관 앞,용산구,716
8,정금마을 마을버스정류장,동작구,434
8,정동사거리,중구,772
8,정릉꿈에그린1단지 201동 앞,성북구,228
8,정릉도서관 앞,성북구,458
8,정릉역,성북구,443
8,정의여중고 버스정류소,도봉구,368
8,제2구민체육센타 앞,영등포구,2060
8,제각말푸르지오 5-1단지 아파트,은평구,184
8,제기2교,동대문구,1125
8,제기동 현대아파트 앞,동대문구,279
8,제기동역 1번출구,동대문구,1964
8,제니스스포츠 앞,구로구,370
8,제일강산수산입구,도봉구,762
8,제일빌딩 앞,마포구,923
8,조계사앞사거리,종로구,1148
8,조원동 강남힐병원,관악구,932
8,조원동 미성아파트,관악구,944
8,종각역 1번출구 앞,종로구,1493
8,종각역 5번출구,종로구,1171
8,종로2가 버스정류장 (종각방향),종로구,880
8,종로2가 사거리,종로구,1084
8,종로3가역 15번출구 뒤,종로구,727
8,종로3가역 2번출구 뒤,종로구,1038
8,종로3가역 8번출구,종로구,2054
8,종로4가 사거리,종로구,1021
8,종로5가역 4번출구,종로구,1044
8,종로6가역 버스정류장(동대문 방향),종로구,778
8,종로구청 옆,종로구,1609
8,종로꽃시장 입구 옆,종로구,760
8,종로문화원 건너편,종로구,630
8,종로오가 지하쇼핑센터 14번출구,종로구,971
8,종로타워빌딩,종로구,1066
8,종로플레이스,종로구,1965
8,종묘,종로구,688
8,종묘공영주차장 건너편,종로구,272
8,종암동 동덕여대 제2생활관 앞,성북구,1385
8,종암박스파크,성북구,954
8,종암초등학교 뒤(새울센스빌),동대문구,269
8,종합운동장역 4번출구,송파구,837
8,주공14단지,금천구,146
8,주공601동 상가 노원지하보도 앞,노원구,1580
8,주식회사 오뚜기 정문 앞,강남구,313
8,주원 리젠트 앞,강서구,555
8,주홍교 하부,서초구,245
8,준빌딩 앞,은평구,239
8,중계 롯데마트,노원구,1369
8,중계2차 한화꿈에그린 101동 인근,노원구,769
8,중계3차청구아파트,노원구,953
8,중계구민체육센터,노원구,721
8,중계근린공원내,노원구,2808
8,중계동 성모빌딩 앞,노원구,1416
8,중계동 을지중학교,노원구,697
8,중계동 하나프라자빌딩 앞(중1-1),노원구,1539
8,중계본동 입구,노원구,196
8,중계역 2번출구,노원구,1327
8,중계역 3번출구,노원구,1576
8,중계역 6번출구,노원구,1989
8,중계종합사회복지관 교차로,노원구,401
8,중계주공2단지 앞,노원구,512
8,중계중학교,노원구,1175
8,중곡 성원아파트 앞,광진구,670
8,중곡SK아파트앞,광진구,462
8,중곡역 1번출구,광진구,896
8,중대후문 마을버스정류장,동작구,342
8,중랑공영차고지 옆,중랑구,627
8,중랑교사거리,동대문구,999
8,중랑구민회관,중랑구,208
8,중랑구청,중랑구,851
8,중랑구청 사거리,중랑구,954
8,중랑구청 중화동 별관 앞,중랑구,1574
8,중랑데시앙플렉스 앞,중랑구,287
8,중랑물재생센터(서울새활용플라자),성동구,550
8,중랑세무서,중랑구,1587
8,중랑역 1번 출구(중화문화복지센터),중랑구,771
8,중랑전화국 교차로,중랑구,1351
8,중랑천 뚝방길 산책로 입구,광진구,915
8,중랑캠핑숲,중랑구,119
8,중림동삼거리,중구,122
8,중부경찰서앞 사거리,중구,300
8,중부경찰서앞사거리 건너편,중구,298
8,중부세무서 앞,중구,178
8,중앙고입구 삼거리,종로구,233
8,중앙근린공원,서대문구,933
8,중앙농협(자양동),광진구,1695
8,중앙대학교 정문 1,동작구,406
8,중앙대학교 중앙광장,동작구,169
8,중앙동 동진빌딩,관악구,783
8,중앙보훈병원역 1번출구,강동구,191
8,중앙보훈병원역3번출구,강동구,118
8,중앙유통단지 앞,구로구,622
8,중앙유통단지 앞 B,구로구,635
8,중앙일보,중구,134
8,중앙하이츠 아파트 입구,노원구,1488
8,중화동 우리은행 앞,중랑구,827
8,중화빌딩 앞 (동부시장),중랑구,806
8,중화수경공원,중랑구,1028
8,중화역 2번출구,중랑구,1183
8,중화역 4번출구,중랑구,757
8,증권거래소후문교차로,영등포구,1194
8,증미역 2번출구,강서구,1520
8,증미역 3번출구뒤(등촌두산위브센티움오피스텔),강서구,2249
8,증산2교,서대문구,1355
8,증산3교 앞,서대문구,1100
8,증산교 앞,서대문구,1238
8,증산역 4번출구,은평구,1075
8,진관고등학교앞,은평구,494
8,진관동 은빛초등학교,은평구,398
8,진미파라곤 앞,영등포구,1022
8,진주아파트상가 앞,영등포구,878
8,참새공원(백곡경노당),구로구,399
8,창1동주민센터,도봉구,530
8,창경궁 입구,종로구,497
8,창동 주공 4단지 입구 옆,도봉구,627
8,창동19단지아파트 관리사무소앞,도봉구,880
8,창동시장입구 사거리,도봉구,544
8,창동역 1번출구 건너편,도봉구,577
8,창동역 1번출구 앞,도봉구,2401
8,창동역 2번출구,도봉구,2555
8,창동주공17단지 상가앞,도봉구,1101
8,창동주공19단지앞,도봉구,871
8,창동청소년수련관,도봉구,665
8,창동한신아파트 버스정류소,도봉구,537
8,창신3동주민센터,종로구,970
8,창신두산아파트,종로구,153
8,창신역 1번출구 앞,종로구,487
8,창신역2번 출구,종로구,176
8,창원초등학교 교차로,도봉구,569
8,창포원 남쪽 입구,도봉구,584
8,천동초교 삼거리,강동구,1281
8,천동초교입구사거리 버스정류장(십자성마을 방면),강동구,1369
8,천왕역 1번 출입구 앞,구로구,1399
8,천왕역 3번 출구 뒤,구로구,941
8,천왕역 4번출구 뒤,구로구,843
8,천왕연지타운2단지 앞,구로구,1065
8,천왕이펜하우스 4단지 후문,구로구,239
8,천왕이펜하우스3단지 앞,구로구,332
8,천왕이펜하우스5단지 앞,구로구,242
8,천왕지구삼거리 앞,구로구,550
8,천왕차량사업소 입구,구로구,528
8,천일초교 사거리,강동구,771
8,천주교 대치 2동 교회 옆,강남구,687
8,천지인 오피스텔 앞,종로구,55
8,천호시장 버스정류소 옆,강동구,582
8,천호역 10번 출구 앞,송파구,2604
8,천호역4번출구(현대백화점),강동구,3729
8,천호역효성해링턴타워 앞,강동구,632
8,천호지하주차장 5번 출입구,강동구,875
8,천호초교 입구 사거리(일주빌딩),강동구,738
8,철도교통관제센터 정문 앞,구로구,1864
8,청계2가 사거리 옆,종로구,1212
8,청계3가 사거리,종로구,1010
8,청계8가 사거리 B,성동구,1795
8,청계8가사거리 A,종로구,1662
8,청계9가교차로 앞,동대문구,2173
8,청계광장 옆,중구,1135
8,청계벽산아파트 앞,성동구,1270
8,청계산 입구 삼거리,서초구,77
8,청계산입구역 1번출구,서초구,829
8,청계산입구역 2번출구,서초구,172
8,청계천 박물관 앞,성동구,492
8,청계천 생태교실 앞,성동구,3737
8,청계천 영도교,중구,2276
8,청계한신휴플러스앞 삼거리,동대문구,1037
8,청구e편한세상아파트 113동 앞,중구,853
8,청구성심병원 앞,은평구,494
8,청구아파트 앞,구로구,1001
8,청기와빌딩,양천구,747
8,청년주택 독산동점,금천구,562
8,청년취업사관학교앞,금천구,378
8,청담공원앞 교차로,강남구,788
8,청담나들목입구,강남구,272
8,청담동 맥도날드 옆(위치),강남구,300
8,청담백영빌딩 앞,강남구,206
8,청담사거리(신한오피스텔빌딩 앞),강남구,150
8,청담역 11번 출구,강남구,171
8,청담역 13번 출구 앞,강남구,371
8,청담역 1번출구,강남구,239
8,청담역 2번출구,강남구,116
8,청담역(우리들병원 앞),강남구,271
8,청량리 기업은행 앞,동대문구,2797
8,청량차도 육교 밑,동대문구,530
8,청소년수련관 후문,노원구,3499
8,청소년수련관(수영장)앞,강남구,355
8,청소년음악센터,양천구,513
8,청솔우성아파트 앞,동대문구,1115
8,청암예술학교 앞,노원구,1167
8,청암자이아파트 앞,용산구,505
8,청와대앞길,종로구,132
8,청운초교 앞 삼거리,종로구,591
8,청파동삼거리 앞,용산구,616
8,청파동입구 교차로,용산구,710
8,초롱타운 앞,구로구,191
8,초원아파트 앞,영등포구,838
8,총신대 앞(육교),동작구,119
8,충무로역 1번출구,중구,815
8,충무로역 6번출구 앞,중구,1009
8,충북 미래관,영등포구,2793
8,충정2교,서대문구,535
8,충정로역 1번 출구,서대문구,178
8,충정로역 2호선(엘리베이터 앞),중구,571
8,충정로역 3번 출구,서대문구,181
8,충정로역 7번출구 아래,서대문구,421
8,커먼그라운드,광진구,2710
8,코레일유통본사,영등포구,973
8,코스트코 상봉점,중랑구,1378
8,코오롱One&Only타워,강서구,1794
8,코오롱디지털타워 3차앞,성동구,1499
8,코오롱아파트사거리,마포구,2573
8,코오롱테크노밸리,금천구,251
8,콤텍시스템 앞,영등포구,645
8,크라운호텔앞 버스정류소,용산구,387
8,크린랩 본사,강남구,272
8,탄천1교 하부보도,송파구,410
8,탑골공원 앞,종로구,648
8,탑성마을 버스정거장 옆,서초구,11
8,탑성마을입구,서초구,15
8,태릉입구역 3번출구,노원구,1009
8,태릉입구역 5번출구,노원구,2473
8,태릉입구역 8번출구,노원구,1451
8,태평양물산,구로구,2389
8,테라타워2,송파구,1661
8,테크노마트 앞,구로구,1944
8,퇴계로4가 교차로(중구청),중구,1067
8,트레빌빌딩,강동구,882
8,파르코 앞,노원구,338
8,파스쿠찌 청담사거리점 앞,강남구,204
8,파크타워 104동 앞,용산구,205
8,파크팰리스,종로구,724
8,페코텍글로벌허브빌딩 앞,성동구,2100
8,평생학습관 앞,은평구,1091
8,평창동주민센터 앞,종로구,115
8,평화도봉공원 주변,도봉구,703
8,포레나 당산,영등포구,1853
8,포레스 주상복합 빌딩,강동구,1415
8,포르투갈 대사관 앞,종로구,830
8,포스코사거리 서측(수협 삼성동 지점),강남구,398
8,포스코사거리(기업은행),강남구,1149
8,포스코피앤에스타워 (역삼역 3번출구 부근),강남구,556
8,폭포동입구 교차로,은평구,282
8,푸르메병원,마포구,1340
8,푸조비즈타워 앞,성동구,1244
8,풍납근린공원,송파구,741
8,풍납동 아이파크 107동 앞,송파구,787
8,풍납백제문화공원 옆 인근,송파구,2029
8,풍납사거리 성내유수지,송파구,610
8,풍납사거리(강동),강동구,1083
8,풍납중학교 측면,송파구,228
8,풍납토성 서성벽터A,송파구,914
8,풍납토성 서성벽터B,송파구,404
8,풍납현대아파트쉼터,송파구,1839
8,풍전아파트 건너편,용산구,674
8,프라이어팰리스아파트,강동구,552
8,프라자 아파트 앞,강동구,654
8,프런트원(공덕역4번출구 앞),마포구,659
8,필동 삼거리,중구,597
8,하계 어린이 공원,노원구,1427
8,하계2동 공항버스정류장 옆,노원구,1593
8,하계역 4번출구 앞,노원구,150
8,하계역 6번출구,노원구,1289
8,하늘공원 입구,마포구,430
8,하늘숲초등학교 앞,구로구,767
8,하늘채코오롱아파트 건너편,마포구,1893
8,하얏트호텔 앞,용산구,35
8,하우스디세종타워 앞,성동구,917
8,하이투자증권 앞,영등포구,1168
8,학동로 래미안 아파트 앞,강남구,176
8,학동역,강남구,317
8,학여울역 사거리,강남구,333
8,학여울역 사거리(LG베스트샵 앞),강남구,616
8,학여울역사거리(은마아파트),강남구,169
8,한가람미술관 앞,서초구,117
8,한가람아파트 앞,용산구,353
8,한강 현대아파트 건너편,동작구,53
8,한강GS에클라트 건너편 교통섬,용산구,448
8,한강공원 망원나들목,마포구,7545
8,한강대교 북단 교차로,용산구,1178
8,한강버스 마곡 선착장,강서구,535
8,한강아파트,강서구,1710
8,한강중학교 앞 버스정류장,용산구,177
8,한강진역 2번 출구 앞,용산구,299
8,한강초교보도육교 앞,용산구,649
8,한강트럼프월드3차 앞,용산구,765
8,한국SGI 양천문화회관 앞,양천구,781
8,한국경제,중구,212
8,한국과학기술연구원 북문,성북구,119
8,한국과학기술연구원 중문,성북구,243
8,한국국방연구원 앞,동대문구,989
8,한국우편사업진흥원,강남구,274
8,한국은행,중구,302
8,한국전력 구로금천지사 앞,금천구,512
8,한국전력공사(동대문 중랑지사),중랑구,814
8,한국종합기술사옥 앞,강동구,1579
8,한국지역난방공사강남지사,강남구,354
8,한국체육대학교,송파구,384
8,한남 유수지 복개주차장,용산구,571
8,한남나들목 입구,용산구,949
8,한남나인원 105동 앞,용산구,295
8,한남초교 앞 보도육교,용산구,54
8,한내 행복발전소 옆,노원구,1922
8,한내근린공원 남측,노원구,571
8,한내근린공원 북측,노원구,850
8,한림대학교 강남성심병원 신관,영등포구,1116
8,한마을아파트 정문상가,구로구,1244
8,한사랑교회 앞,양천구,971
8,한성대7번출구 앞,성북구,620
8,한성대입구역2번출구,성북구,1268
8,한성대입구역6번출구 뒤,성북구,621
8,한성백제역 1번출구 뒤,송파구,2211
8,한성백제역 2번 출구,송파구,1695
8,한신16차아파트 119동 앞,서초구,2313
8,한신아파트 앞 육교 아래,금천구,439
8,한신코아 앞,금천구,292
8,한신휴아파트 앞,구로구,1552
8,한양3차아파트 3동 앞,송파구,162
8,한양대병원사거리,성동구,1163
8,한양대역 1번출구,성동구,481
8,한양대역 3번 출구,성동구,948
8,한양대후문역 부근,성동구,959
8,한양수자인아파트 앞,중랑구,333
8,한영외국어고등학교,강동구,88
8,한영중고앞사거리,강동구,420
8,한울중학교,금천구,194
8,한일유앤아이아파트 105동 인근,노원구,862
8,한전아트센터 앞,서초구,498
8,한진아파트 입구,구로구,721
8,한천교 동편,노원구,731
8,한티역 3번출구,강남구,300
8,한티역 6번 출구,강남구,444
8,한티역 롯데백화점 앞,강남구,815
8,한화오벨리스크 앞,마포구,839
8,함지박 사거리,서초구,560
8,합정동주민센터 앞,마포구,1768
8,합정역 1번출구 앞,마포구,1124
8,합정역 5번출구 앞,마포구,592
8,합정역 7번출구 앞,마포구,1607
8,항동지구 10단지 1001동 앞,구로구,212
8,항동지구 11단지 1103동 앞,구로구,117
8,항동지구 1단지 105동 앞,구로구,163
8,항동지구 2단지 202동 앞,구로구,182
8,항동지구 3단지 302동 앞,구로구,49
8,항동지구 3단지 311동 앞,구로구,52
8,항동지구 4단지 입구,구로구,81
8,항동지구 6단지 602동 앞,구로구,166
8,항동지구 7단지 정문,구로구,340
8,항동지구 8단지 803동옆(주차장입구),구로구,65
8,항동지구5단지 501동 앞,구로구,188
8,항동프라자,구로구,351
8,항동하버리안2단지아파트 후문,구로구,104
8,해공공원(천호동),강동구,1615
8,해공도서관앞,강동구,896
8,해담는다리,서대문구,1604
8,해뜨는 주유소옆 리엔파크 109동앞,강동구,548
8,해원리바파크 육교 밑,구로구,2096
8,행당동 삼부APT후문,성동구,234
8,행당중학교 후문,성동구,475
8,허준박물관삼거리,강서구,1091
8,헌인릉 입구,서초구,1
8,헬리오시티 112동 앞,송파구,770
8,헬스케어,노원구,874
8,현대 뜨레비앙 아파트 앞,종로구,895
8,현대 안성타워,용산구,144
8,현대6차 아파트,노원구,1156
8,현대6차아파트 101동 옆,양천구,780
8,현대고등학교 건너편,강남구,1006
8,현대그룹(본사),종로구,837
8,현대백화점 미아점,성북구,624
8,현대벤처빌 앞,마포구,229
8,현대성우아파트 옆,강북구,195
8,현대시장사거리,관악구,956
8,현대시티아울렛 가산,금천구,1238
8,현대아파트 앞,구로구,500
8,현대아파트 정문 앞,강남구,518
8,현대자동차 동부서비스센터 주변,성동구,774
8,현대자동차서비스 앞,용산구,609
8,현대하이페리온,양천구,2454
8,현대홈타운 뒷길,광진구,232
8,혜명양로원 담장 옆(2),금천구,259
8,혜화동 로터리,종로구,1337
8,혜화역 1번출구,종로구,2029
8,혜화역 3번출구 뒤,종로구,1078
8,호돌이공원,강서구,465
8,호돌이상가,송파구,539
8,호반써밋,송파구,622
8,호반써밋12단지,송파구,411
8,호암아트홀,중구,140
8,홈플러스 금천점 앞,금천구,893
8,홈플러스 마포점 앞,마포구,2046
8,홈플러스 면목점,중랑구,595
8,홈플러스 상봉점 앞,중랑구,1175
8,홈플러스 시흥점 맞은편 다비치안경 앞,금천구,582
8,홈플러스 신내점 앞,중랑구,1825
8,홈플러스 잠실점,송파구,1298
8,홈플러스(강서점),강서구,2586
8,홍남교 버스정류장,서대문구,572
8,홍남교 사거리,서대문구,911
8,홍대입구역 2번출구 앞,마포구,3703
8,홍대입구역 3번출구,마포구,2817
8,홍대입구역 6번출구,마포구,1124
8,홍대입구역 8번출구 앞,마포구,1558
8,홍대입구역 사거리,마포구,1333
8,홍련봉 공원,광진구,423
8,홍연2교 사거리,서대문구,502
8,홍연2교옆,서대문구,877
8,홍은 현대아이파크 아파트 202동 앞,서대문구,630
8,홍은2파출소 옆,서대문구,484
8,홍은도담도서관,서대문구,437
8,홍은동 정원여중 입구,서대문구,657
8,홍은사거리,서대문구,2140
8,홍은센트레빌 아파트 앞,서대문구,292
8,홍익병원앞 교차로,양천구,1431
8,홍익중고 입구,성북구,697
8,홍제교,서대문구,480
8,홍제삼거리 북측,서대문구,853
8,화곡2동주민센터,강서구,866
8,화곡로 입구 교차로,양천구,316
8,화곡본동시장 버스정류장,강서구,402
8,화곡본동시장 입구,강서구,590
8,화곡역 1번 출구 앞,강서구,1580
8,화곡역 6번출구,강서구,1424
8,화곡역 버스정류장,강서구,1620
8,화곡터널입구교차로,강서구,722
8,화랑대역 2번출구 앞,노원구,2112
8,화랑대역 7번출구,중랑구,1479
8,화양 APT(횡단보도 옆),광진구,2986
8,화양동 우체국,광진구,2079
8,화양사거리,광진구,615
8,황금내근린공원,강서구,1872
8,황학동롯데캐슬,중구,1604
8,회기역 2-①번출구,동대문구,386
8,회현사거리 남측,중구,427
8,회현역 1번출구,중구,201
8,회현역 7번출구,중구,166
8,효성인텔리안 앞,강북구,1629
8,효자동 삼거리,종로구,717
8,효창 푸르지오 앞,용산구,248
8,효창공원앞역 3번출구 앞,용산구,1111
8,효창공원앞역 5번출구 옆,용산구,257
8,효창동주민센터 앞,용산구,211
8,훈련원공원주차장 앞,중구,994
8,휘경119안전센터 앞,동대문구,743
8,휘경1동주민센터 앞,동대문구,651
8,휘경2동 주민센터,동대문구,286
8,휘경sk뷰아파트 앞,동대문구,349
8,휘경여중고삼거리,동대문구,830
8,휘문고교 사거리,강남구,198
8,휘봉고등학교 앞,동대문구,582
8,휴플러스 수락한신아파트 101동 앞,노원구,542
8,흑석 아크로리버하임(103동),동작구,108
8,흑석동주민센터 입구,동작구,161
8,흑석동효사정앞,동작구,158
8,흑석롯데캐슬에듀포레(107동),동작구,401
8,흑석역 1번출구,동작구,1360
8,흑석역 4번출구,동작구,397
8,흑석한강푸르지오 106동앞,동작구,24
8,흑석한강푸르지오(110동),동작구,124
8,흥국사 정류장,은평구,112
8,희성오피앙,노원구,838
8,희훈타워빌 앞,구로구,1522
8,힐스테이트에코,강서구,2416
8,힐스테이트창경궁 아파트 앞,종로구,909
8,힐스테이트클래시안아파트,영등포구,815
9,(시립)고덕평생학습관,강동구,578
9,(재)FITI시험연구원,강서구,1486
9,3호선 매봉역 3번출구앞,강남구,1324
9,419민주묘지역,강북구,637
9,419민주묘지역 1번출구,강북구,1152
9,419탑 앞,강북구,508
9,"500번,507번 버스 종점 앞",금천구,258
9,63스퀘어,영등포구,2024
9,7호선 이수역7번출구,동작구,796
9,9호선종합운동장역 9번출구,송파구,952
9,AS센터,성동구,80
9,CBS방송국 앞,양천구,4255
9,CJ 드림시티,은평구,3577
9,CJ오쇼핑앞,서초구,94
9,CJ제일제당 앞,중구,1147
9,DDP 패션몰,중구,1272
9,DMC래미안e편한세상203동옆,서대문구,545
9,DMC빌 앞,마포구,691
9,DMC산학협력연구센터 앞,마포구,1198
9,DMC엘가아파트 앞,서대문구,1013
9,DMC역 2번출구 옆,마포구,2028
9,DMC역 5번 출구(수색역 방향),은평구,1791
9,DMC역 9번출구 앞,마포구,2271
9,DMC역7번출구,마포구,633
9,DMC첨단산업센터,마포구,346
9,DMC파크뷰자이1단지 110동 앞,서대문구,888
9,DMC파크뷰자이아파트 302동 앞,서대문구,964
9,DMC홍보관,마포구,1131
9,ESA아파트 상가 앞,도봉구,1117
9,FITI시험연구원 앞,동대문구,572
9,HID 유족동지회 앞,용산구,132
9,HW컨벤션센터 앞,종로구,138
9,H비즈니스파크,송파구,1132
9,H타워 앞,영등포구,1802
9,IBK기업은행 석수역 지점 앞,금천구,159
9,JK장평타워,관악구,202
9,JTBC 앞,마포구,837
9,JW타워,서초구,151
9,K&S빌딩 앞,광진구,1762
9,K+ 타워 앞,강남구,607
9,KAIST 경영대학 앞,동대문구,1128
9,KBS 스포츠월드,강서구,2391
9,KBS 앞,영등포구,2215
9,KBS 연구동 건너편,영등포구,765
9,KB국민은행 염창역 지점 앞,양천구,1268
9,KCC용산웰츠(WELLTZ)타워,용산구,435
9,KEB 하나금융그룹 명동사옥 옆,중구,796
9,KEB은행 고대점,성북구,1143
9,KG타워 앞,중구,732
9,KRX한국거래소(1),영등포구,683
9,KT 서초지사 앞,서초구,298
9,KT 전화국 버스정류장 옆,노원구,3361
9,KT&G 관악지점,관악구,507
9,KT&G강동지사,강동구,1117
9,KT&G타워 옆(상상마당 대치아트홀),강남구,305
9,KT관악지점,관악구,879
9,KT선릉타워,강남구,977
9,KT앞,영등포구,2248
9,KT플라자 영등포점,영등포구,2088
9,KT혜화지사 앞,종로구,1093
9,LG CNS앞,마포구,792
9,LG 사이언스파크,강서구,1130
9,LG사이언스파크 E10동,강서구,1400
9,LG사이언스파크 E14동,강서구,1686
9,LG사이언스파크 E2동,강서구,540
9,LG사이언스파크 E7동,강서구,551
9,LG사이언스파크 W4동,강서구,405
9,LG유플러스 (방배사옥),서초구,65
9,LG유플러스 마곡사옥,강서구,3259
9,LG전자 별관동(호서대 벤처타워 맞은편),금천구,765
9,LG전자가산A와 가산테라타워 사이,금천구,1245
9,LG트윈타워 앞,영등포구,2756
9,LG한강 자이아파트 앞,용산구,1239
9,LH 서초 4단지 403동,서초구,496
9,LH서초3단지 301동 맞은편,서초구,326
9,LIGA 아파트 앞,강동구,2613
9,LIG강촌아파트 103동앞,용산구,1187
9,MBC 앞,마포구,582
9,MCM 본사 직영점 앞,강남구,272
9,NH농협은행 앞,영등포구,2532
9,SBS방송국,양천구,2012
9,SB타워 앞,강남구,263
9,SC제일은행 양재동지점 앞,서초구,457
9,SK 남산빌딩,중구,233
9,SK 서린빌딩 앞,종로구,1909
9,SK리쳄블(서울아리수본부),서대문구,314
9,SPC 앞,서초구,750
9,SSTS 몰 앞,강동구,718
9,STX V타워,금천구,475
9,U레지던스 앞,영등포구,934
9,W컨템포오피스텔앞,금천구,333
9,e 편한세상 보문아파트 내,성북구,176
9,e편한세상 상도노빌리티 앞,동작구,667
9,e편한세상 신촌4단지 앞,서대문구,695
9,kt 행당빌딩 앞,성동구,969
9,sk신내 주유소앞(용마산로),중랑구,185
9,가든파이브 리빙관,송파구,242
9,가락1동주민센터,송파구,1073
9,가락2동주민센터 인근,송파구,486
9,가락고등학교 앞,송파구,388
9,가락대림아파트 앞,송파구,888
9,가락몰 업무동,송파구,1134
9,가락미륭아파트 앞,송파구,399
9,가락본동주민센터 인근,송파구,1101
9,가락삼환아파트 앞,송파구,355
9,가락시장 남1문 사거리,송파구,619
9,가락시장역 2번 출구,송파구,1081
9,가락시장역 3번 출구,송파구,1627
9,가락시장역 5번출구,송파구,420
9,가락시장역 사거리,송파구,872
9,가락쌍용2차아파트 103동,송파구,647
9,가락종합 사회복지관,송파구,467
9,가락중학교 앞,송파구,535
9,가락현대 1차 11동 앞,송파구,353
9,가로공원공영주차장 1번 출구,강서구,1206
9,가리봉동주민센터,구로구,1112
9,가마산지하보도 옆,구로구,517
9,가산동 주민센터,금천구,1413
9,가산디지털단지 9번출구 인근,금천구,2728
9,가산롯데아이티캐슬,금천구,805
9,가산아네스트 오피스텔 앞,금천구,655
9,가양3동 주민센터,강서구,1470
9,가양레포츠센터 앞,강서구,1152
9,가양역 1번출구,강서구,2318
9,가양역 7번출구,강서구,3764
9,가양역 8번출구,강서구,3712
9,가양오토갤러리,강서구,959
9,가양테크노타운,강서구,544
9,가오리역,강북구,882
9,가온문화공원,마포구,1164
9,가재울 초등학교,서대문구,1368
9,가재울사거리,서대문구,627
9,가좌삼거리,서대문구,1022
9,가좌역 4번출구 앞,서대문구,1403
9,가좌역1 번출구 앞,마포구,1021
9,가좌행복주택 앞,마포구,919
9,갈산문화예술센터,양천구,1375
9,갈현1동 주민센터,은평구,409
9,갑을그레이트밸리 앞,금천구,693
9,강남 을지병원 교차로,강남구,287
9,강남경찰서,강남구,901
9,강남구 도시관리공단,강남구,434
9,강남구청,강남구,449
9,강남구청역 2번출구 뒤,강남구,546
9,강남세브란스교차로  래미안그레이튼 104동 앞,강남구,324
9,강남자곡힐스테이트,강남구,594
9,강남중학교 앞,동작구,1189
9,강남파이낸스센터앞(역삼역2번출구),강남구,581
9,강남한신휴플러스 6단지,강남구,474
9,강남한양수자인아파트,강남구,628
9,강동경찰서,강동구,2915
9,강동경희대학교병원 입구,강동구,392
9,강동구음식물재활용센터,강동구,56
9,강동구청 앞,강동구,2507
9,강동구청역 1번 출입구,강동구,1884
9,강동농협 버스정류소 앞(광채빌라),강동구,772
9,강동롯데캐슬퍼스트 아파트(관리동),강동구,689
9,강동리버스트4단지아파트 404동 앞,강동구,331
9,강동리버스트4단지아파트 405동 앞,강동구,245
9,강동리버스트6단지,강동구,461
9,강동리버스트7단지,강동구,417
9,강동리버스트8단지,강동구,475
9,강동리엔파크 13단지(1303동 앞),강동구,638
9,강동리엔파크14단지(1401동 앞),강동구,595
9,강동리엔파크9단지,강동구,475
9,강동세무서,강동구,2525
9,강동역 1번출구 앞,강동구,1712
9,강동역3번출구,강동구,2865
9,강변그대가리버뷰 입구 맞은편,강동구,1455
9,강변삼성래미안,영등포구,1160
9,강변삼성스위트아파트 앞,용산구,302
9,강변아파트 310동 앞,강서구,1276
9,강변역 4번출구 뒤,광진구,1396
9,강북 청소년 문화정보도서관 앞,강북구,373
9,강북구청 뒷편,강북구,322
9,강북구청 사거리 버스정류소 앞,강북구,903
9,강북구청사거리,강북구,1172
9,강북구청사거리(수유역 8번출구),강북구,2068
9,강북문화예술회관,강북구,964
9,강북문화정보도서관,강북구,297
9,강북종합시장 앞,강북구,698
9,강북중학교 앞,강북구,1687
9,강서공업고등학교 앞,강서구,1017
9,강서구립등빛도서관,강서구,3540
9,강서구민올림픽체육센터,강서구,1724
9,강서구보건소,강서구,687
9,강서구의회,강서구,1924
9,강서구청,강서구,2218
9,강서구청사거리(SH타워),강서구,2830
9,강서구청사거리(부민병원),강서구,1167
9,강서대학교,강서구,479
9,강서도로사업소,강서구,163
9,강서면허시험장 앞,강서구,393
9,강서문화센터,강서구,249
9,강서세무서 앞,강서구,2643
9,강서수도사업소민원센터,구로구,1469
9,강서수산물도매시장,강서구,821
9,강서아동복지센터,강서구,85
9,강서우체국,강서구,1185
9,강서초등학교,양천구,408
9,강서한강자이타워 앞,강서구,2891
9,강서힐스테이트 상가 앞,강서구,996
9,강월초교입구 사거리,양천구,540
9,강일 다솜 어린이 공원,강동구,318
9,강일동 리슈빌 빌딩앞,강동구,1283
9,강일동입구교차로,강동구,284
9,강일리버파크 10단지,강동구,521
9,강일리버파크 2~5단지,강동구,513
9,강일리버파크 6단지,강동구,211
9,강일리버파크 7~11단지,강동구,389
9,강일역 3번출구,강동구,721
9,강일역 4번출구,강동구,227
9,"강일중,선사고 버스정류장(신암중학교 방면)",강동구,965
9,개롱역 3번 출구 뒤,송파구,840
9,개롱역사거리 2번 출구,송파구,877
9,개봉센트레빌레우스아파트 앞,구로구,161
9,개봉아이파크아파트 앞,구로구,862
9,개봉역 1번 출구 자전거보관서쪽,구로구,636
9,개봉역2번출구 A,구로구,1571
9,개봉역2번출구 B,구로구,372
9,개봉지구대 개봉치안센터,구로구,691
9,개봉푸르지오아파트 상가,구로구,1565
9,개포1단지아파트 입구 (보도육교),강남구,36
9,개포고등학교 정문앞,강남구,439
9,개포동역 4번출구,강남구,1024
9,개포동역 사거리,강남구,567
9,개포래미안포레스트아파트 107동 앞,강남구,702
9,개포우성6차아파트 정문 앞,강남구,318
9,개화광역환승센터,강서구,271
9,개화산역 2번 출구,강서구,951
9,거여5단지 503동 앞,송파구,441
9,거여동 사거리,송파구,366
9,거여동 어울림아파트  102동앞,송파구,485
9,거여동사거리 송파둘레길 입구,송파구,178
9,거여역 3번출구,송파구,1473
9,거여역 8번출구 뒤,송파구,1365
9,거여초등학교 옆,송파구,450
9,건국대학교 (입학정보관),광진구,1876
9,건국대학교 (행정관),광진구,684
9,건국대학교 과학관(이과대) 앞,광진구,1125
9,건국대학교 정문 앞,광진구,1277
9,건국대학교 학생회관,광진구,3376
9,건대병원후문,광진구,4082
9,건대입구역 5번출구 뒤,광진구,3929
9,건대입구역 사거리(롯데백화점),광진구,5459
9,건영상가 앞,영등포구,356
9,건영아파트 앞,성동구,1641
9,건영아파트앞 사거리,송파구,1356
9,겸재교 진입부,중랑구,2209
9,겸재정선미술관,강서구,1302
9,경기여자고등학교 후문 (삼성로3길 입구),강남구,797
9,경문고등학교 앞,동작구,758
9,경복궁역 6번출구 뒤,종로구,1922
9,경복궁역 7번출구 앞,종로구,786
9,경서농협 버스정류장(우리은행신정동지점방향),양천구,1125
9,경일중학교 앞,성동구,1759
9,"경찰병원역 1,2번 출구 사이",송파구,613
9,경찰병원역 3번출구 앞,송파구,1019
9,경창시장,양천구,773
9,경희궁 자이 2단지,종로구,1029
9,경희궁 자이 3단지,종로구,895
9,경희대학교 청운관,동대문구,1172
9,계남공원 입구 주출입구 좌측,양천구,233
9,고대구로병원 앞,구로구,757
9,고대앞사거리 교통섬,동대문구,1285
9,고덕 래미안 힐스테이트(101동),강동구,450
9,고덕 래미안힐스테이트(201동),강동구,159
9,고덕동 래미안 힐스테이트,강동구,359
9,고덕동 아남아파트,강동구,911
9,고덕동 주양쇼핑,강동구,984
9,고덕센트럴 아이파크상가 앞,강동구,568
9,고덕숲 아이파크 1,강동구,230
9,고덕숲 아이파크 2,강동구,200
9,고덕역 5번출구,강동구,1947
9,고덕자이(105동 앞),강동구,1043
9,고덕중학교 후문,강동구,227
9,고덕초등학교,강동구,155
9,고려대학교 2번출구,성북구,1979
9,고려사대부속중고 건너편,성북구,314
9,고려사대부속중고 정문,성북구,320
9,고속터미널역 3번출구,서초구,652
9,고속터미널역 5번출구 앞,서초구,790
9,"고속터미널역 8-1번, 8-2번 출구 사이",서초구,3333
9,고척LIGA아파트 앞,구로구,1685
9,고척교 교차로,구로구,592
9,고척근린공원 고척도서관 앞,구로구,1008
9,고척스카이돔구장 광장,구로구,1082
9,고척아이파크아파트 106동 앞,구로구,964
9,고척아이파크아파트 205동 앞,구로구,1063
9,고투몰 gate 15옆,서초구,714
9,곰달래 문화복지센터 A,강서구,1438
9,곰달래 문화복지센터 B,강서구,684
9,공덕역 2번출구,마포구,1036
9,공덕역 5번출구,마포구,1045
9,공덕역 8번출구,마포구,2443
9,공릉1단지아파트,노원구,2305
9,공릉동 신도1차 아파트 뒤,노원구,1008
9,공릉동풍림아파트 101동,노원구,1194
9,공릉로 26길,노원구,925
9,공릉산 백세문 입구,노원구,150
9,공릉역 1번 출구 앞,노원구,3138
9,공릉역3번출구,노원구,2031
9,공릉풍림아파트 108동,노원구,994
9,공무원연금매점 교차로 (개포주공9단지 입구),강남구,958
9,공항시장역 2번출구 뒤,강서구,1253
9,공항시장역 4번출구,강서구,771
9,공항중학교 버스정류장,강서구,527
9,공항중학교앞,강서구,1329
9,공항초등학교건너편,강서구,2382
9,과기대 입구(우),노원구,2576
9,관문주유소(GS칼택스) 앞,강서구,1217
9,관악 GSfresh,관악구,726
9,관악구민체육센터,관악구,82
9,관악구시설관리공단,관악구,1303
9,관악구청교차로,관악구,459
9,관악우체국,관악구,1639
9,관악우체국 교차로,관악구,409
9,광교사거리 남측,중구,730
9,광나루안전체험관,광진구,1302
9,광나루역 3번 출구,광진구,1644
9,광남중학교,광진구,936
9,광문고교사거리(아이파크),강동구,624
9,광산사거리,강북구,1443
9,광양중학교 앞,광진구,605
9,광운대역 앞,노원구,1583
9,광운대학교 중앙도서관,노원구,1767
9,광운초등학교 앞,성북구,710
9,광일빌딩,관악구,809
9,광진 캠퍼스시티,광진구,2085
9,광진경찰서,광진구,2448
9,광진광장,광진구,1984
9,광진광장 교통섬,광진구,3016
9,광진교 남단 사거리(천호공원 방면),강동구,1432
9,광진구 민방위교육센터,광진구,1084
9,광진메디칼 앞,광진구,1308
9,광진문화예술회관 앞,광진구,1903
9,광진소방서 앞,광진구,1242
9,광진유진스웰,광진구,210
9,광진정보도서관,광진구,1080
9,광진청소년수련관,광진구,1461
9,광평교사거리 인근,송파구,43
9,광화문 S타워 앞,종로구,2090
9,광화문 풍림스페이스본 1단지앞,종로구,687
9,광화문역 1번출구 앞,종로구,2151
9,광화문역 5번출구,종로구,2628
9,광화문역 6번출구 옆 A,종로구,745
9,광화문역 6번출구 옆 B,종로구,539
9,광흥창역 2번출구 앞,마포구,599
9,광흥창역5번출구,마포구,487
9,광희문,중구,880
9,교대역 5번출구뒤,서초구,1311
9,교대역 6번출구,서초구,631
9,교대입구 교차로,서초구,446
9,교보생명보험 앞,영등포구,1111
9,교보타워 버스정류장(신논현역 3번출구 후면),강남구,803
9,교수마을 입구,강남구,246
9,구 서부경찰서 건너편,은평구,750
9,구기치안센터 앞,종로구,144
9,구로1동우체국 앞,구로구,263
9,구로거리공원 동측(신도림역 방면),구로구,1167
9,구로공구상가 앞,구로구,188
9,구로교 아래,동작구,1243
9,구로구배드민턴실내체육관 앞,구로구,519
9,구로구의회 앞,구로구,1320
9,구로구청,구로구,1271
9,구로도서관,구로구,3119
9,구로동롯데아파트,구로구,770
9,구로디지털단지역 앞,구로구,6170
9,구로리공원,구로구,1101
9,구로역 광장,구로구,2130
9,구로역·NC신구로점 버스정류장(구로역 방면),구로구,1428
9,구로월드아파트 앞,구로구,1006
9,구로자원순환센터,구로구,145
9,구로중학교앞,구로구,415
9,구룡근린공원,마포구,376
9,구룡마을 입구 (래미안블레스티지 아파트),강남구,241
9,구룡사 삼거리,서초구,297
9,구룡사 앞 교차로 (보도육교),강남구,78
9,구룡산 입구 (구룡산 서울둘레길 입구),강남구,82
9,구룡역 1번 출구,강남구,246
9,구룡역 4번 출구,강남구,91
9,구룡역 5번 출구,강남구,193
9,구룡초사거리 (현대아파트10동 앞 ),강남구,411
9,구룡터널 입구(개포1단지아파트),강남구,8
9,구립양천어르신요양센터,양천구,87
9,구산역 2번 출구 예일여고 버스정류장,은평구,1252
9,구산역 4번출구,은평구,1305
9,구암초등학교 버스정류장,관악구,160
9,구역삼세무서 교차로,강남구,616
9,구의3동주민센터,광진구,394
9,구의7단지현대아파트,광진구,209
9,구의공원(테크노마트 앞),광진구,1766
9,구의문주차장 앞,광진구,1711
9,구의삼성쉐르빌 앞,광진구,2258
9,구의아리수정수센터앞,광진구,707
9,구의역 리버비스타 오피스텔,광진구,2702
9,구일고등학교 정문,구로구,1522
9,구일역 1번 출입구 앞,구로구,1922
9,구일우성(아) 육교 밑,구로구,1266
9,구파발10단지 인근,은평구,250
9,구파발역 2번출구,은평구,2323
9,구파발역 환승센터,은평구,666
9,국군복지단,용산구,176
9,국립국악원 앞,서초구,195
9,"국립국악중,고교 정문 맞은편",강남구,796
9,국립어린이과학관,종로구,468
9,국립중앙도서관(국제회의장옆),서초구,359
9,국립중앙박물관 -용산가족공원 앞,용산구,292
9,국립중앙박물관 정문 앞,용산구,141
9,국립항공박물관,강서구,497
9,국립현대미술관,종로구,896
9,국민연금공단충정로사옥,서대문구,203
9,국민은행 연서지점,은평구,617
9,국민은행 종암동지점 앞,성북구,2307
9,국민일보 앞,영등포구,3242
9,국악고교 앞 교차로,강남구,364
9,국제 스케이트장,노원구,185
9,국제루터교회 앞,용산구,166
9,국제빌딩,중구,442
9,국회2문,영등포구,165
9,국회3문,영등포구,161
9,국회6문,영등포구,211
9,국회도서관,영등포구,504
9,국회소통관,영등포구,383
9,국회의사당 본관,영등포구,367
9,국회의사당역 3번출구 옆,영등포구,1523
9,국회의사당역 5번출구 옆,영등포구,872
9,국회의원회관,영등포구,141
9,국회제2의원회관,영등포구,392
9,군자교 서측 녹지대,동대문구,1507
9,군자교교차로,광진구,1449
9,군자역 7번출구 베스트샵 앞,광진구,1881
9,군자역 7번출구뒤,광진구,3965
9,군자역 비채온 오피스텔,광진구,1746
9,군자역2번출구,광진구,1762
9,군자역4번출구,광진구,1293
9,군자지하보도 앞,성동구,1149
9,굽은다리역,강동구,3360
9,궁동생태공원,구로구,153
9,그랜드아이파크아파트 앞,강서구,4302
9,그랜드컨벤션센터 앞,영등포구,2318
9,그룹한빌딩옆,서초구,247
9,극동늘푸른아파트,중랑구,1412
9,극동방송국 앞,마포구,1095
9,극동스포츠 앞,강남구,421
9,극동아파트,송파구,827
9,극동의 푸른별 아파트 뒤(중계4동주민센터 앞),노원구,735
9,근로자회관 사거리,영등포구,3184
9,금강수목원아파트 앞,구로구,530
9,금남시장 교차로,성동구,410
9,금란주차장 앞,중랑구,848
9,금암 문화공원,은평구,174
9,금옥여고보도육교,양천구,598
9,금원빌딩 앞,강남구,401
9,금융감독원 앞,영등포구,1311
9,금천구립 독산도서관,금천구,157
9,금천구청 앞 자전거거치대,금천구,288
9,금천구청앞(M빌딩),금천구,284
9,금천구청역 1번 출구,금천구,640
9,금천폭포공원 앞,금천구,175
9,금천현대홈타운 후문 서부샛길,금천구,621
9,금호 어울림 아파트 앞,성동구,669
9,금호나들목,성동구,1205
9,금호사거리,성동구,289
9,금호스포츠센터앞,성동구,590
9,금호어울림센터힐 내,성북구,175
9,금호역 1번출구 앞,성동구,315
9,금호역 3번출구,성동구,169
9,기쁜우리복지관,강서구,2030
9,기아자동차 사당점 앞,동작구,1060
9,기자촌 사거리 A,은평구,116
9,기자촌사거리 B,은평구,117
9,길동 동호빌딩,강동구,312
9,길동 마루빌딩,강동구,3210
9,길동 사거리(초소앞),강동구,1267
9,길마중4교 하부,서초구,949
9,길성그랑프리텔아파트,강서구,2830
9,길음8골어린이공원 옆,성북구,666
9,길음뉴타운 래미안9단지,성북구,710
9,길음뉴타운푸르지오아파트 3단지,성북구,191
9,길음래미안아파트817동 상가 앞,성북구,376
9,길음문화복합미디어센터,성북구,402
9,길음역 3번출구 뒤,성북구,1248
9,김근태도서관,도봉구,261
9,김포공항사거리,강서구,413
9,김포공항입구 교차로,강서구,1808
9,김포공항입구 교통섬,강서구,414
9,까치산역 3번 출구,강서구,1549
9,꿈마루어린이도서관 앞,동대문구,1877
9,꿈의숲 SK뷰 아파트,노원구,1341
9,꿈의숲 롯데캐슬,강북구,375
9,나들목공원,관악구,381
9,나루마당,광진구,213
9,나이아가라관광호텔,강서구,672
9,낙성대 과학전시관,관악구,310
9,낙성대 교수아파트,관악구,198
9,낙성대공원,관악구,279
9,낙성대로 입구,관악구,584
9,낙성대역 1번출구,관악구,519
9,낙성대역 3번출구 뒤,관악구,707
9,낙성대역 5번출구,관악구,371
9,낙성대입구삼거리,관악구,570
9,낙원교회 맞은편,구로구,282
9,낙원상가 옆,종로구,1093
9,난곡사거리,관악구,1167
9,난곡종점,관악구,358
9,난우길입구,관악구,557
9,남가좌동 제2공영주차장,서대문구,181
9,남구로역 5번 출입구 앞,구로구,588
9,남부고용노동지청 남측,영등포구,1599
9,남부법원검찰청 교차로,양천구,2463
9,남부순환로 205,강서구,570
9,남부터미널역 1번출구,서초구,501
9,남산공원 야외식물원 앞,용산구,75
9,남산도서관 앞,용산구,700
9,남산타운아파트 버스정류장,중구,264
9,남서울중학교,관악구,1082
9,남성역3번출구 뒤,동작구,1429
9,남영역 건너편,용산구,1155
9,남태령역 2번출구,서초구,49
9,내곡3단지 어린이공원 앞,서초구,463
9,내곡도서관,서초구,168
9,내곡파출소 뒤 정자,서초구,135
9,내방역 8번출구 앞,서초구,675
9,넥센 유니버시티 앞,강서구,1595
9,"노들섬 다목적홀(동쪽) 숲, 앞",용산구,598
9,노들섬 동측 앞,용산구,396
9,노들섬 서측 앞,용산구,3432
9,노들역 1번출구,동작구,3343
9,노들역 3번출구,동작구,1052
9,노량진1동 청소년독서실,동작구,331
9,노량진근린공원,동작구,264
9,노량진근린공원 대방공원,동작구,622
9,노량진역 2번 출구 앞,동작구,1364
9,노량진역 5번출구,동작구,2730
9,노보텔 앰배서더 앞,강남구,151
9,노원 마들스타디움,노원구,744
9,노원 을지대학교 병원,노원구,1811
9,노원경찰서교차로,노원구,1209
9,노원구청,노원구,1398
9,노원문화예술회관,노원구,1705
9,노원성당 앞,노원구,412
9,노원소방서인근,노원구,747
9,노원역1번출구,노원구,4020
9,노원역7번출구,노원구,2183
9,노원정보도서관,노원구,1203
9,노일초등학교 앞,노원구,861
9,노해근린공원내,노원구,381
9,녹번 힐스테이트상가앞,은평구,202
9,녹번역 3번출구,은평구,1276
9,녹번역1번출구앞,은평구,515
9,녹번역e편한세상 캐슬 정문 앞,은평구,922
9,녹번초등학교(서오릉로),은평구,718
9,녹사평역1번출구,용산구,352
9,녹사평역3번 출구,용산구,174
9,녹천교 앞 사거리,도봉구,937
9,녹천역 1번출구 앞,도봉구,574
9,녹천역 4번 출구 옆,노원구,418
9,논골사거리(금호도서관 입구),성동구,232
9,논현동 광명빌딩 앞,강남구,236
9,논현동가구거리,강남구,245
9,논현역 10번출구,강남구,1114
9,농수산식품공사 (강서지사),강서구,238
9,농협생명본사빌딩 서관,서대문구,506
9,누리꿈스퀘어 옆,마포구,1797
9,뉴코아 킴스클럽 앞,서초구,928
9,늘푸른공원 앞,중랑구,723
9,능골근린공원,강동구,602
9,능산삼거리,중랑구,365
9,능안마을입구,서초구,22
9,다락원체육공원 전망대 입구,도봉구,426
9,다성이즈빌아파트(호원대 대각선 맞은편),강동구,3274
9,달맞이공원,성동구,100
9,답십리 래미안엘파인아파트 입구,동대문구,644
9,답십리역 1번출구,동대문구,3270
9,답십리역 8번출구 앞,성동구,853
9,답십리파크자이아파트 앞,동대문구,2288
9,당고개공원 대여소,노원구,395
9,당고개입구 오거리,노원구,702
9,당고개입구오거리 당현천변,노원구,1105
9,당곡사거리,관악구,2887
9,당산skv1센터,영등포구,1207
9,당산롯데캐슬프레스티지,영등포구,2339
9,당산삼성2차아파트,영등포구,2206
9,당산역 10번출구 앞,영등포구,4704
9,당산역11번출구,영등포구,3042
9,당산육갑문,영등포구,5471
9,당인리발전소 공원 앞,마포구,1036
9,당현천근린공원,노원구,1433
9,대광고등학교,동대문구,919
9,대광빌딩,동대문구,620
9,대륜E&S 서울지사 앞,노원구,673
9,대륭테크노타운 18차,금천구,471
9,대륭테크노타운21차 앞,금천구,664
9,대륭포스트타워1차,구로구,1519
9,대륭포스트타워5차,금천구,461
9,대륭포스트타워6차 앞,금천구,4167
9,대림3동사거리,영등포구,1046
9,대림경동아파트앞,강서구,1430
9,대림동 e편한세상영등포아델포레,영등포구,1937
9,대림동현대2차 201동 앞,영등포구,224
9,대림사거리(동작상떼빌아파트),동작구,1031
9,대림성원상떼빌아파트,영등포구,1499
9,대림신동아아파트 앞,영등포구,888
9,대림아크로리버 앞,광진구,799
9,대림아파트 사거리,영등포구,582
9,대림아파트 후문 상가 옆,동작구,470
9,대림역 1번 출입구 밑,구로구,1394
9,대림역4번출구,구로구,2419
9,대림우성2차아파트,영등포구,525
9,대림우성아파트 사거리,영등포구,406
9,대명초교입구 사거리,강동구,1097
9,대모산입구역 2번출구 앞,강남구,451
9,대모산입구역 4번 출구 앞,강남구,1303
9,대모산입구역 7번 출구 앞,강남구,234
9,대방역2번출구,동작구,974
9,대방역6번출구,영등포구,2533
9,대방지하보도(대방동경남아너스빌아파트),동작구,1297
9,대상연구소,강서구,688
9,대성유니드아파트,양천구,936
9,대신파이낸스센터,중구,808
9,대영중고 후문,영등포구,1104
9,대원빌딩,강서구,1799
9,대원중고교 입구(대하빌딩),광진구,639
9,대진고교앞 교차로,노원구,599
9,대진고등학교,노원구,1329
9,대청역,강남구,710
9,대청역 1번출구  뒤,강남구,1251
9,대치동 삼성로,강남구,454
9,대치삼성아파트 앞 교차로,강남구,785
9,대치역 7번출구,강남구,1334
9,대치역 사거리,강남구,826
9,대치우성아파트 사거리,강남구,607
9,대학동 고시촌,관악구,640
9,대학동주민센터,관악구,687
9,대학로 마로니에공원,종로구,2023
9,대한무역투자진흥공사 KOTRA 앞,서초구,681
9,대한상공회의소,중구,1422
9,대한항공 인력개발센터,강서구,1137
9,대현그린타워,강남구,319
9,대흥역 1번출구,마포구,820
9,더라움,강남구,224
9,더리브골드타워,강서구,694
9,더리브오피스텔 앞,영등포구,1750
9,더스페이스타워 앞,성동구,1405
9,더시그넘하우스 앞,강남구,492
9,더케이호텔 입구(양재2),서초구,739
9,도곡1동 주민센터 교차로,강남구,644
9,도곡동 경남아파트 건너편,강남구,439
9,도곡동 골프 로데오거리,강남구,375
9,도곡역 1번 출구,강남구,916
9,도곡역 대치지구대 방향,강남구,508
9,도곡역 아카데미스위트 앞,강남구,1267
9,도깨비시장,노원구,1884
9,도동삼거리,중구,57
9,도림고가도로 밑,영등포구,800
9,도림동배드민턴체육관,영등포구,892
9,도림사거리,영등포구,1457
9,도림신협 앞,영등포구,1256
9,도림천 건널목 위,영등포구,1117
9,도림천 신화교,관악구,1668
9,도림천역 1번 출구 앞,구로구,1798
9,도봉경찰서 교차로,도봉구,927
9,도봉고등학교 맞은편,도봉구,226
9,도봉구민회관,도봉구,1042
9,도봉구육아종합지원센터(창동),도봉구,74
9,도봉구청 옆(중랑천변),도봉구,1377
9,도봉구청 정문앞,도봉구,1170
9,도봉동실내스포츠센터,도봉구,562
9,도봉로 534,도봉구,310
9,도봉문화정보도서관 삼거리,도봉구,244
9,도봉보건소사거리,도봉구,1298
9,도봉산광역환승센터앞,도봉구,291
9,도봉산역 교차로 앞,도봉구,205
9,도봉세무서 앞,강북구,783
9,도봉소방서 옆,도봉구,1767
9,도봉아이나라도서관 앞,도봉구,991
9,도봉여성센터,도봉구,247
9,"도봉역 1,2번 출구사이 건너편",도봉구,734
9,도봉운전면허시험장 버스정류장 옆,노원구,1312
9,도봉제1교,도봉구,1768
9,도봉통합복지센터 뒤 중랑천 변,도봉구,1828
9,도봉한신아파트 버스정류장,도봉구,811
9,도봉한신아파트 주변,도봉구,712
9,도산공원교차로,강남구,419
9,도선동 주민센터 앞,성동구,1388
9,도심공항타워 앞,강남구,776
9,도원맨션,관악구,437
9,독립문 앞,서대문구,659
9,독립문역 2번출구 뒤,종로구,257
9,독립문역 3-1번출구,종로구,1154
9,독립문역 사거리,종로구,936
9,독바위역,은평구,616
9,독산2동주민센터 앞,금천구,282
9,독산3동주민센터 앞,금천구,583
9,독산고등학교,금천구,341
9,독산근린공원 입구,금천구,1597
9,독산동 한양수자인아파트 앞,금천구,926
9,독산동 현대홈타운 금천과선교 앞,금천구,490
9,독산보도육교 앞 자전거 보관소,금천구,1564
9,독산역 1번출구 A,금천구,712
9,독산역 2번출구 자전거주차장,금천구,1305
9,독산역 롯데캐슬 104동 앞,금천구,393
9,독산역1번출구 B,금천구,1880
9,독산주공 14단지 버스정류소,금천구,237
9,돈암삼성풍림아파트,성북구,261
9,돈암성당 옆,성북구,1717
9,돈암육교 하단,성북구,246
9,돈암초교 입구,성북구,774
9,돈암초교입구 버스정류장(한성대입구역 방면),성북구,596
9,돈의문 박물관 마을,종로구,370
9,돌곶이역 앞,성북구,1758
9,동대문 종합시장 버스정류장,종로구,807
9,동대문경찰서 교차로,동대문구,941
9,동대문구 보건소,동대문구,2212
9,동대문구민체육센터 (육교아래),동대문구,1881
9,동대문디자인플라자,중구,1772
9,동대문롯데캐슬아파트 앞,동대문구,1471
9,동대문역 8번 출구,종로구,2036
9,동대문역6번출구,종로구,1880
9,동대문역사문화공원역 1번출구 뒤편,중구,2073
9,동대문역사문화공원역 5번출구,중구,778
9,동대문역사문화공원역 9번출구 앞,중구,637
9,동대문중 교차로,동대문구,1137
9,동대입구역 3번 출구,중구,414
9,동대입구역 6번출구 뒤,중구,545
9,동명근린공원 진입로 (아리수로),강동구,242
9,동묘앞역 1번출구 뒤,종로구,3534
9,동묘앞역 6번출구,종로구,1827
9,동문굿모닝탑,양천구,2919
9,동방1교,관악구,2985
9,동부센트레빌 앞,도봉구,1169
9,동부시장 북문 앞,중랑구,1920
9,동빙고근린공원,용산구,614
9,동산어린이공원 앞,성북구,929
9,동서울농협 앞,중랑구,1483
9,동서울우편집중국 앞,광진구,836
9,동선고가차도 초입,성북구,486
9,동선아파트 앞,구로구,208
9,"동성1,2차 아파트 앞",중랑구,1331
9,동성중학교 앞,종로구,435
9,동신병원 맞은편,서대문구,1078
9,동신아파트 후문 옆,노원구,3214
9,동아1차APT105동 버스정류장(신도림중학교 방면),구로구,1175
9,동아에코빌입구,영등포구,988
9,동양미래대학교 정문 옆,구로구,3747
9,동양쇼핑 정류소 앞,중랑구,1470
9,동양엔파트 앞,중랑구,993
9,동영문화센터앞,강남구,439
9,동원베네스트 건너편,용산구,129
9,동원베네스트 건물 앞,중랑구,412
9,동원사거리,중랑구,541
9,동원사거리 행복오피스텔 앞,중랑구,557
9,동의보감타워,동대문구,1545
9,동인오피스텔 건너편 소공원,구로구,356
9,동일로 지하차도,중랑구,1324
9,동일로58길 입구,광진구,602
9,동작경찰서,동작구,2038
9,동작구민 체육센터,동작구,1098
9,동작역 5번출구 동작주차공원,동작구,688
9,동작역 7번출구,동작구,232
9,동해문화예술관앞,노원구,2760
9,두산건설 본사,강남구,253
9,두산대림아파트 삼거리,중랑구,463
9,두산위브아파트,영등포구,472
9,두산위브아파트 옆 상가건물 앞,금천구,1178
9,두상빌딩 앞,서초구,1301
9,둔촌 주공 GS 맞은편,강동구,629
9,둔촌고교입구 교차로(길동주민센터 방면),강동구,1422
9,둔촌동역교차로,강동구,1570
9,둔촌사거리,강동구,2614
9,둔촌신성미소지움아파트,강동구,694
9,둔촌역 2번출구,강동구,586
9,둔촌역 3번 출입구,강동구,3414
9,둔촌오륜역 1번 출구,강동구,495
9,둔촌오륜역 2번출구,송파구,301
9,둔촌푸르지오아파트,강동구,1402
9,뒷벌공원 옆,서초구,988
9,드래곤타워 앞,강북구,777
9,등나무 근린공원(시립북서울미술관 앞),노원구,2607
9,등촌1-10단지 교차로,강서구,4194
9,등촌2동주민센터,강서구,571
9,등촌2파출소,강서구,749
9,등촌5단지아파트 버스정류장,강서구,2986
9,등촌9단지,강서구,1200
9,등촌서광아파트,강서구,3150
9,등촌역 1번출구,강서구,1364
9,등촌역 4번 출구,양천구,785
9,등촌역 5번 출구 뒤,양천구,858
9,등촌역 7번출구,강서구,1777
9,등촌역 센터스퀘어,강서구,1072
9,등촌태영아파트,강서구,936
9,디지털매직스페이스,마포구,1697
9,디지털미디어 시티역 4번출구(DMC역),은평구,613
9,디지털입구 교차로,구로구,2129
9,디폴리스 지식산업센터,금천구,561
9,뚝도아리수정수센터 버스정류소 옆,성동구,1099
9,뚝섬 유원지역,광진구,1975
9,뚝섬역 1번 출구 옆,성동구,2065
9,뚝섬역 5번 출구 정류소 옆,성동구,1170
9,뚝섬역 6번출구,성동구,1805
9,라이품 공영주차장 앞,강서구,921
9,라인프랜즈이태원점 앞,용산구,106
9,라코지스테이 앞,중랑구,408
9,래미안 강동팰리스(102동),강동구,1134
9,래미안 구의파크 스위트,광진구,2107
9,래미안 루센티아 아파트 108동 앞,서대문구,1092
9,래미안 솔베뉴(고덕로),강동구,897
9,래미안 솔베뉴(구천면로),강동구,498
9,래미안강남힐즈 사거리,강남구,624
9,래미안그레이튼102동앞,강남구,178
9,래미안금호하이리버 아파트 102동 옆,성동구,384
9,래미안라센트아파트 103동 앞,성북구,1122
9,래미안신공덕3차아파트,마포구,47
9,래미안에스티움 앞 (신풍로),영등포구,1199
9,래미안월곡아파트 입구,성북구,1058
9,래미안장위퍼스트하이(513동),성북구,1094
9,래미안장위포레카운티(102동),성북구,868
9,래미안허브리츠아파트 앞,동대문구,631
9,레베쌍트 빌딩 앞,강남구,386
9,레이크펠리스101동앞,송파구,2650
9,로고스교회 맞은 편,서초구,493
9,로제우스 레포츠센터,종로구,193
9,로프트시티오피스텔,영등포구,1232
9,롯데 R&D 센터,강서구,460
9,롯데리아 개포점앞,강남구,366
9,롯데시티호텔,중구,424
9,롯데월드타워(잠실역2번출구 쪽),송파구,6427
9,롯데중앙연구소,강서구,326
9,롯데캐슬 101동 앞,동작구,208
9,롯데캐슬 115동앞,강동구,42
9,롯데캐슬 앞,영등포구,1873
9,롯데캐슬2차 마을버스 정류장(18804) 뒤편,금천구,375
9,롯데캐슬골드파크1차 동문,금천구,700
9,롯데캐슬골드파크1차 서문,금천구,520
9,롯데캐슬골드파크3차 301동 앞,금천구,850
9,롯데캐슬엠파이어 옆,영등포구,1891
9,롯데캐슬클라시아 입구 앞,성북구,161
9,롯데하이마트 (상암월드컵점),마포구,502
9,롯데호텔,중구,475
9,르네상스 호텔 사거리 역삼지하보도 7번출구 앞,강남구,586
9,르네상스호텔사거리 역삼지하보도 2번출구,강남구,431
9,르네상스호텔사거리 역삼지하보도 3번출구 앞 (더 오번 빌딩 명동칼국수 앞),강남구,387
9,르노삼성자동차 성수사업소 앞,성동구,784
9,리버뷰신안인스빌1차 후문,영등포구,1304
9,리버뷰신안인스빌2차 후문,영등포구,1282
9,리센츠아파트,송파구,1359
9,리엔파크 2단지 앞,강남구,386
9,마곡 MICE 복합단지,강서구,1987
9,마곡 공공청사,강서구,1636
9,마곡 엠밸리2단지,강서구,1541
9,마곡 필네이처,강서구,2576
9,마곡13단지,강서구,2545
9,마곡13단지 정문 앞,강서구,2984
9,마곡13단지힐스테이트마스터 후문(1320동 앞),강서구,2404
9,마곡14단지 1408동앞,강서구,1577
9,마곡9단지 907동앞,강서구,1259
9,마곡9단지 910동 상가앞,강서구,1350
9,마곡금호어울림아파트,강서구,1261
9,마곡나루역 2번 출구,강서구,10760
9,마곡나루역 3번 출구,강서구,7245
9,마곡나루역 5번출구 뒤편,강서구,6588
9,마곡레포츠센터,강서구,1703
9,마곡메가박스 앞,강서구,2107
9,마곡문화공원,강서구,2688
9,마곡센트럴타워 1차,강서구,2382
9,마곡수명산 1-2단지,강서구,1493
9,마곡수명산파크 209동 건너편,강서구,1996
9,마곡수명산파크1단지,강서구,1781
9,마곡수명산파크3단지 교차로,강서구,3116
9,마곡수명산파크5-6단지,강서구,1512
9,마곡수명산파크7단지 710동 앞,강서구,460
9,마곡엠밸리 15단지(1502동) 건너편,강서구,2168
9,마곡엠밸리10단지 앞,강서구,1249
9,"마곡엠밸리14단지 버스정류장(마곡엠밸리11,12단지상가방면)",강서구,2428
9,마곡엠밸리4단지 정문,강서구,3397
9,마곡엠밸리6_7단지 마곡중학교,강서구,2174
9,마곡역 7번출구,강서구,4112
9,마곡역 교차로(2번출구),강서구,1856
9,"마곡역 버스정류장(마곡나루역1번출구, 웰튼병원 방면)",강서구,2625
9,마곡역1번출구,강서구,2650
9,"마곡역4,5번출구",강서구,796
9,마곡역4번출구,강서구,1088
9,마곡역5번출구앞,강서구,1262
9,마곡역교차로,강서구,3580
9,마곡중학교 후문,강서구,947
9,마곡힐스테이트 정문,강서구,1440
9,마들역 3번출구,노원구,1529
9,마들역 7번출구,노원구,1488
9,마스타 빌딩 앞,서대문구,729
9,마장동 금호어울림APT앞,성동구,701
9,마장동 주민센터,성동구,770
9,마장역 4번출구,성동구,941
9,마장역3번출구,성동구,554
9,마천금호어울림 1차 102동앞,송파구,206
9,마천금호어울림 1차아파트 건너편,송파구,187
9,마천동 성내천 쉼터,송파구,848
9,마천사거리,송파구,764
9,마천사거리 2,송파구,363
9,마천역 1번 출구 인근②,송파구,575
9,마천중앙시장,송파구,523
9,마천청소년센터,송파구,170
9,마포 신수공원 앞,마포구,831
9,마포구 육아종합지원센터,마포구,779
9,마포구중앙도서관 정문 앞,마포구,1765
9,마포구청 앞,마포구,1843
9,마포구청 청사내,마포구,162
9,마포구청역,마포구,2363
9,마포소방서 앞,마포구,612
9,마포아트센터 앞,마포구,959
9,마포역 2번출구 뒤,마포구,2395
9,마포역 4번출구 뒤,마포구,2454
9,마포중앙도서관,마포구,228
9,마포프레스티지자이 1,마포구,688
9,만해공원,성북구,206
9,말우물 어린이 공원,강동구,301
9,말죽거리공원 사거리,서초구,1253
9,망우동 본죽 앞,중랑구,792
9,망우역 1번출구,중랑구,660
9,망우역 2번 출구,중랑구,1313
9,망우지구대,중랑구,1506
9,망원2빗물펌프장 앞,마포구,960
9,망원역 1번출구 앞,마포구,2827
9,망원역 2번출구 앞,마포구,2554
9,망원우체국사거리 인근,마포구,2204
9,망원정 앞,마포구,587
9,망원초록길 입구,마포구,1078
9,매봉역 1번출구,강남구,597
9,매헌역 2번출구앞광역버스 정류장앞(22-297),서초구,851
9,맥도날드 서울둔촌DT점 앞,강동구,2163
9,맥스타일 앞,중구,916
9,먹골역 1번출구 뒤,중랑구,1362
9,먹골역 4번출구,중랑구,773
9,먹골역 6번출구 앞,중랑구,961
9,먹골역 7번 출구,중랑구,797
9,메뚜기다리,은평구,98
9,메이필드호텔앞,강서구,771
9,멤피스아파트 앞,서초구,973
9,면목 대원칸타빌아파트,중랑구,294
9,면목 홈플러스 2,중랑구,382
9,면목2동 사거리,중랑구,1237
9,면목4치안센터,중랑구,984
9,면목도시개발아파트 1동 앞,중랑구,403
9,면목동 새싹어린이공원 앞,중랑구,1146
9,면목라온프라이빗 아파트,중랑구,572
9,면목삼익아파트 앞,중랑구,203
9,면목역 3번출구,중랑구,2260
9,명덕고교,강서구,1090
9,명덕고교입구(영종빌딩),강서구,3687
9,명동성당 앞,중구,328
9,명동역9번 출구,중구,904
9,명물길 원형무대 앞,서대문구,564
9,명보사거리,중구,477
9,명일근린공원공동체텃밭,강동구,249
9,명일동신동아아파트 앞,강동구,373
9,명일역 3번출구 옆,강동구,1317
9,명일초등학교 옆,강동구,229
9,명일파출소,강동구,502
9,명지대학교 도서관,서대문구,1897
9,명지전문대학교 정문 앞,서대문구,497
9,모두의학교,금천구,643
9,모래내고가차도,서대문구,638
9,목4동주민센터 옆,양천구,1876
9,목동11단지 아파트,양천구,1183
9,목동12단지 아파트,양천구,2183
9,목동13_14단지 사거리,양천구,906
9,목동1단지아파트 118동 앞,양천구,1824
9,목동1단지아파트 상가 앞,양천구,2717
9,목동2단지 상가,양천구,3740
9,목동3단지 상가,양천구,2229
9,목동3단지 시내버스정류장,양천구,3286
9,목동5단지아파트 501동,양천구,2196
9,목동5단지아파트 534동,양천구,2920
9,목동7단지아파트 A상가,양천구,681
9,목동사거리 버스정류장,강서구,1832
9,목동사거리 부근,양천구,1904
9,목동성당 앞,양천구,2448
9,목동신시가지아파트6단지,양천구,1930
9,목동아파트 1422동 1434동 사잇길,양천구,3068
9,목동아파트 14단지 B상가 앞,양천구,1836
9,목동아파트 613동 앞,양천구,2648
9,목동아파트 703동 앞,양천구,2261
9,목동아파트 8단지 상가동 앞,양천구,1974
9,목동아파트2단지 222동 앞,양천구,1038
9,목동역 3번 출구,양천구,4108
9,목동역5번출구,양천구,4112
9,목동운동장,양천구,567
9,목동운동장 주경기장,양천구,324
9,목동주차장,양천구,1207
9,목동트라팰리스 웨스턴에비뉴,양천구,4333
9,목동현대아파트 후문 앞,양천구,1334
9,목련아파트,노원구,599
9,목마공원,양천구,497
9,목양전원교회 앞 로터리,구로구,278
9,목월공원 앞,용산구,865
9,몽마르뜨공원입구,서초구,202
9,몽촌토성역 1번출구 옆,송파구,2078
9,몽촌토성역 3번 출구,송파구,3999
9,묘곡초등학교,강동구,432
9,무악재역 4번 출구,서대문구,241
9,무악재역1번 출구,서대문구,229
9,묵동 이마트 앞,중랑구,1380
9,문래동 주민센터,영등포구,1160
9,문래동 하이테크 시티,영등포구,2163
9,문래동롯데캐슬아파트,영등포구,3273
9,문래동자이아파트 앞,영등포구,2602
9,문래역 4번출구 앞,영등포구,3216
9,문래현대2차,영등포구,1780
9,문배어린이공원 앞,용산구,890
9,문소빌딩,강서구,610
9,문정 법조단지10,송파구,1230
9,문정 법조단지11,송파구,755
9,문정 법조단지3,송파구,393
9,문정 법조단지4,송파구,592
9,문정 법조단지5,송파구,438
9,문정 법조단지6,송파구,134
9,문정 법조단지7,송파구,1849
9,문정 법조단지8,송파구,2267
9,문정 법조단지9,송파구,1167
9,문정2동 주민센터,송파구,158
9,문정근린공원2,송파구,870
9,문정동 근린공원,송파구,806
9,문정동 글샘 공원,송파구,678
9,문정법조단지12,송파구,1672
9,문정시영아파트 5동 앞 공원,송파구,694
9,문정역 1번출구,송파구,2149
9,문정중교 사거리,송파구,704
9,문정중학교,송파구,130
9,문정현대아파트 교차로,송파구,573
9,"문현중,고등학교 사이",송파구,198
9,문화비축기지,마포구,282
9,문화촌 공원,서대문구,1783
9,물넘이교,노원구,1964
9,미래사랑어린이공원 앞,구로구,2725
9,미림여고입구 교차로,관악구,165
9,미성동 신림체육센터,관악구,1217
9,미성아파트 A동 앞,영등포구,1284
9,미아동 복합청사,강북구,397
9,미아동 한국전력공사,강북구,1424
9,미아사거리 1번 출구,강북구,2049
9,미아역 1번 출구 뒤,강북구,661
9,"미아역 3번,4번 출구 사이",강북구,1215
9,미아초교버스승강장,성북구,60
9,미호 플랜트 앞,강동구,1095
9,밀리아나2빌딩 앞,송파구,1047
9,밀알학교 입구 (삼성서울병원 입구),강남구,249
9,바우뫼문화복지회관,서초구,532
9,박석고개(은평소방서) 앞,은평구,166
9,반포1동 서초빌딩 앞,서초구,806
9,반포1동 자율방범초소 옆,서초구,465
9,반포1동 주민센터 앞,서초구,264
9,반포래미안 리오센트,서초구,860
9,반포미도2차아파트 옆,서초구,397
9,반포쇼핑타운 2동 앞,서초구,3102
9,반포쇼핑타운 8동 앞,서초구,748
9,반포종합운동장,서초구,505
9,반포종합운동장 입구,서초구,656
9,반포중학교 앞(세화여고 맞은편),서초구,388
9,반포천 앞,서초구,965
9,"발산역 1번, 9번 인근 대여소",강서구,6830
9,발산역 6번 출구 뒤,강서구,4296
9,발산역 8번 출구,강서구,1761
9,방배래미안 정문 앞,서초구,268
9,방배래미안아트힐아파트 앞,서초구,109
9,방배역 2번 출구,서초구,682
9,방배열린문화센터 앞,서초구,571
9,방아골종합사회복지관,도봉구,647
9,방아다리어린이공원,양천구,617
9,방아삼거리,강동구,128
9,방이동 한양3차아파트 옆,송파구,1135
9,방이삼거리,송파구,4159
9,방이역 1번출구,송파구,1304
9,방이역 2번 출구,송파구,637
9,방이역 4번출구,송파구,2217
9,방이초등학교,송파구,1774
9,방일초교 마을버스 정류장,서초구,809
9,방정환교육지원센터 옆,중랑구,701
9,방죽마을 입구,강남구,302
9,방학동우체국 건너편,도봉구,788
9,방학동학마을도서관,도봉구,359
9,방학사거리 (봄마당 앞),도봉구,607
9,방학역 1번출구,도봉구,410
9,방학역2번출구,도봉구,900
9,방학역사거리,도봉구,586
9,방학중학교 앞,도봉구,250
9,방학초등학교 앞,도봉구,1203
9,방화근린공원,강서구,473
9,방화동강서기동대앞,강서구,2553
9,방화사거리 마을버스 버스정류장,강서구,2310
9,방화역 4번출구앞,강서구,2480
9,배명고등학교,송파구,563
9,배명고등학교 건너편,송파구,632
9,배봉초교 교차로,동대문구,853
9,백련산 SK뷰 아이파크 해모로 아파트 앞,은평구,939
9,백련산 힐스테이트 3차,은평구,500
9,백련산 힐스테이트상가앞,은평구,420
9,백련산로 녹번센트레빌,은평구,536
9,백석예술대학교 제3캠퍼스 앞,서초구,121
9,백토공원 앞,송파구,224
9,뱅뱅사거리 랜드마크타워 앞,강남구,988
9,버섯분수대,송파구,823
9,버스정류장 앞,도봉구,550
9,번3동 주민센터 교차로,강북구,619
9,번동 금호어울림아파트102동앞,강북구,306
9,번동 두산위브 101동 옆,강북구,585
9,"번동 주공3, 4단지 교차로",강북구,962
9,번동3단지 버스정류장,강북구,842
9,번동사거리,강북구,414
9,번동주공5단지 관리사무소 앞,강북구,252
9,베네스트 오피스텔 앞,동대문구,703
9,벽산 디지털밸리 5차,금천구,1417
9,벽산상암스마트큐브,마포구,2634
9,벽산아파트,강서구,2389
9,볏골공원,강서구,1025
9,보광동 삼성리버빌아파트 앞,용산구,782
9,보금자리정원,강남구,218
9,보라매 두산위브 건너편,동작구,1579
9,보라매sk뷰,영등포구,391
9,보라매sk뷰 108동 앞,영등포구,849
9,보라매공원 보도육교,관악구,1961
9,보라매공원 정문,동작구,1281
9,보라매공원역 2번출구,동작구,938
9,보라매병원역 1번출구,동작구,4068
9,보라매역 8번출구,동작구,897
9,보라매역4번출구,영등포구,1407
9,보라매역?동작세무서 버스정류장(강남중학교방면),동작구,1524
9,보라주유소 앞,영등포구,600
9,보문2교,성북구,2572
9,보문4교 인근,성북구,1764
9,보문역6번출구 앞,성북구,1247
9,보성중고등학교 후문 앞,송파구,155
9,보아스아파트 앞,양천구,746
9,보타닉파크타워2,강서구,947
9,보훈병원 후문옆(더 원커피),강동구,348
9,복자사랑 피정의 집,성북구,305
9,복정역 1번 출구 앞,송파구,951
9,본 서부병원 교차로 사거리,은평구,1451
9,본 서부병원 버스정류장(은평 세무서 방면),은평구,1112
9,본마을 노인복지센터 앞,서초구,367
9,본마을 정류소 앞,서초구,76
9,봉림교 교통섬,관악구,6972
9,봉원고가차도 밑,서대문구,559
9,봉은사로68길 북측,강남구,287
9,"봉은사역 1,2번 출구",강남구,543
9,봉은사역 5번출구 옆,강남구,771
9,봉은사역 7번 출구,강남구,613
9,봉천역 2번출구,관악구,1180
9,봉천역 3번출구,관악구,588
9,봉천역 4번출구,관악구,1275
9,봉화산역 4번 출구,중랑구,1155
9,부엉이공원 앞,마포구,802
9,북가좌 삼거리,서대문구,344
9,북가좌 초등학교,서대문구,634
9,북가좌1동 주민센터,서대문구,335
9,북가좌삼거리2,서대문구,584
9,북서울 꿈의 숲 입구,강북구,409
9,북서울 꿈의숲 서문,강북구,586
9,북성초교,서대문구,168
9,북아현 치안센터 인근,서대문구,784
9,북아현동 가구거리,서대문구,419
9,북위례1,송파구,378
9,북위례2,송파구,272
9,북한산 우이역,강북구,542
9,북한산 코오롱 하늘채,도봉구,1758
9,북한산 한신휴플러스APT앞,도봉구,1501
9,북한산더샾 106동 앞,서대문구,323
9,북한산보국문역,성북구,244
9,북한산생태공원입구(교통섬),은평구,303
9,북한산입구 정류장,은평구,203
9,북한산힐스테이트 7차아파트,은평구,341
9,불광롯데캐슬아파트 앞,은평구,748
9,불광역 2번출구,은평구,601
9,불광역 9번 출구,은평구,1281
9,불광역 9번 출구 맞은편,은평구,638
9,"불광역3,6호선 버스정류장(동명여고 방면)",은평구,837
9,불암고등학교 앞 횡단보도,노원구,1258
9,불암산역 3번 출구,노원구,689
9,불암산역 앞,노원구,259
9,불암아파트 앞,노원구,603
9,불암주유소 앞,노원구,1177
9,브라운스위트레지던스,중구,254
9,브라운스톤 남산아파트,용산구,404
9,비계 버스정류소,동작구,192
9,비석공원,서초구,493
9,비전교회 앞,성동구,2137
9,빅마켓 금천점 앞,금천구,1576
9,사가정역 2번출구,중랑구,2713
9,사근빗물펌프장 건너편,성동구,2627
9,사당동 아르테스 웨딩앞,동작구,1012
9,사당새마을금고,동작구,128
9,사당역 12번출구 뒤,서초구,1358
9,사당역 5번출구,관악구,1234
9,사당역 7번출구쪽,동작구,561
9,사당역10번출구(금강빌딩),동작구,939
9,사당중학교 버스정류소,동작구,137
9,사랑의병원,관악구,564
9,사육신공원앞,동작구,1204
9,사평리근린공원,서초구,1061
9,사평역 2번출구,서초구,525
9,산기슭공원 앞,금천구,122
9,산업은행 앞,영등포구,1552
9,산호시티빌 옆,금천구,286
9,삼각산동 주민센터,강북구,440
9,삼각산아이원아파트(105동 옆),강북구,126
9,삼각지 자이아파트,용산구,1098
9,삼각지12번 출구,용산구,294
9,삼각지역 14번 출구 앞(교통섬),용산구,1270
9,삼각지역 3번출구,용산구,451
9,삼각지역 4번출구 앞,용산구,938
9,삼부르네상스파크빌,구로구,960
9,삼성SDS,송파구,1981
9,삼성광나루아파트 버스정류장,강동구,1352
9,삼성도로공원,강남구,2
9,삼성디지털프라자관악점,관악구,608
9,삼성사이버빌리지아파트,중구,223
9,삼성생명 당산사옥 앞,영등포구,2419
9,삼성생명 앞,동대문구,1388
9,삼성전자 물류센터 앞,구로구,1327
9,삼성전자R&D어린이집 뒤,서초구,154
9,삼성전자서비스 성북센터,성북구,903
9,삼성중앙역 5번출구,강남구,641
9,삼성중앙역4번출구(문화센터더 리빌),강남구,149
9,삼성중앙역·플래티넘아파트 정류소,강남구,355
9,삼성타운(삼성생명) A동 맞은편,서초구,1379
9,삼성화재 사옥 옆,영등포구,1978
9,삼양동사거리,강북구,438
9,삼양동주민센터 앞,강북구,297
9,삼양사거리역,강북구,301
9,삼양시장오거리,강북구,354
9,삼양역,강북구,203
9,삼양입구사거리,강북구,326
9,삼육대 도서관,노원구,403
9,삼육대 입구,노원구,478
9,삼육대 제3과학관,노원구,84
9,삼육서울병원 버스정류장,동대문구,3465
9,삼익세라믹아파트교차로,도봉구,839
9,삼익아파트,동작구,1344
9,삼일교(시그니쳐 타워),중구,803
9,삼일수영장 앞,동작구,858
9,삼일초등학교 인근,동작구,289
9,삼전동주민센터 건너편,송파구,855
9,삼전동주민센터 앞,송파구,1046
9,삼전역 1번출구,송파구,1324
9,삼전역 4번출구,송파구,1276
9,삼청공원 앞,종로구,95
9,삼청동 골목,종로구,826
9,삼호3차아파트 앞,서초구,1066
9,삼호물산버스정류장(23370) 옆,강남구,1841
9,삼호아파트 2동 ( 간선도로),강남구,236
9,삼호아파트 앞,구로구,566
9,삼환로즈빌아파트 105동 옆,구로구,927
9,"상계3,4동 주민센터 대여소",노원구,236
9,상계8동 주민센터,노원구,1586
9,상계동 우방유쉘아파트 앞,노원구,969
9,상계동수락리버시티,노원구,604
9,상계문화정보도서관,노원구,657
9,상계신동아아파트,노원구,134
9,상계역 3번출구,노원구,3592
9,상계역중앙시장,노원구,1052
9,상계주공 14단지 상가 앞,노원구,845
9,상계주공10단지 버스정류소,노원구,1012
9,상계주공10단지 종합상가 앞,노원구,1505
9,상계주공13단지 1301동,노원구,218
9,상계주공15단지 버스정류소,노원구,1174
9,상계주공1단지 버스정류장 옆(대원빌딩 앞),노원구,1956
9,상계주공1단지아파트,노원구,1139
9,상계주공2단지 219동,노원구,1218
9,상계주공2단지 버스정류장 옆,노원구,1774
9,상계중학교(당현2교사거리),노원구,830
9,상계초교 입구 교차로 명주빌딩 앞,노원구,1331
9,상도 아이파크 아파트,동작구,300
9,상도SH빌아파트 입구,동작구,147
9,상도역 1번출구,동작구,462
9,상도중앙하이츠빌 입구,동작구,358
9,상도효성해링턴플레이스,동작구,580
9,상록수아파트,강남구,409
9,상림마을 롯데캐슬2단지 옆,은평구,102
9,상림마을 생태공원,은평구,396
9,상명대입구,종로구,540
9,상봉2동 주민센터 앞,중랑구,872
9,상봉시장앞 교차로 한성빌딩 앞,중랑구,1207
9,상봉신협 앞,중랑구,1113
9,상봉역 1번출구,중랑구,1945
9,상봉역 2번 출구,중랑구,1817
9,상봉역 3번출구,중랑구,1457
9,상봉터미널2,중랑구,2015
9,상사마을 버스정류장(아라대교방면),강서구,282
9,상수역 2번출구 앞,마포구,779
9,상수역새마을금고,마포구,487
9,상신초등학교앞 버스정류장,은평구,998
9,상아빌딩(우림시장 교차로),중랑구,1104
9,상암동주민센터 옆,마포구,1808
9,상암월드컵파크 10단지 앞,마포구,1190
9,상암월드컵파크 1단지 교차로,마포구,694
9,상암월드컵파크 3단지 후문,마포구,660
9,상암월드컵파크 7단지 앞,마포구,736
9,상암월드컵파크 9단지 앞,마포구,611
9,상암월드컵파크5단지(상암중학교),마포구,576
9,상암중학교 옆,마포구,308
9,상암한샘빌딩앞,마포구,1050
9,상암한화오벨리스크 1차 앞,마포구,1383
9,상왕십리역 1번출구,성동구,1929
9,상왕십리역 4번 출구 앞,성동구,680
9,상왕십리역 6번 출입구,성동구,571
9,상원삼거리 장안철교 아래,성동구,391
9,상월곡역 1번출구,성북구,813
9,상월곡역 3번출구,성북구,1183
9,상월곡역 4번출구,성북구,398
9,상일동산(동아아파트앞 교차로),강동구,224
9,상일동역 2번출구 앞,강동구,1679
9,상일초등학교,강동구,663
9,상일파출소 옆,강동구,1138
9,새말소공원,영등포구,1883
9,새솔초등학교,중랑구,245
9,새우개마을,중랑구,191
9,새절역 2번출구,은평구,2263
9,새정이마을버스정류장 앞,서초구,30
9,샛강생태공원방문자센터 앞,영등포구,503
9,샛강역 1번출구 앞,영등포구,1734
9,샛마을 근린공원,강동구,708
9,생명의 전화 종합복지관 앞 교차로,성북구,1153
9,생태공원앞 교차로(조명탑),강동구,131
9,서강나루 공원,마포구,1489
9,서강대 남문 옆,마포구,934
9,서강대 정문 건너편,마포구,701
9,서강대 후문 옆,마포구,963
9,서강대역 2번출구 앞,마포구,1193
9,서교동 사거리,마포구,1361
9,서남병원 후문,양천구,1024
9,서남환경공원 버스정류장,강서구,1900
9,서남환경공원(방화동도시개발2단지방향),강서구,905
9,서대문구청,서대문구,317
9,서대문역 2번 출구,서대문구,1079
9,서대문역 8번출구 앞,서대문구,268
9,서대문자연사박물관 입구,서대문구,332
9,서래공원 앞,서초구,511
9,서부식자재마트 건너편,양천구,1500
9,서부운전면허시험장,마포구,926
9,서빙고동 금호맨션 앞,용산구,376
9,서빙고동 주민센터 앞,용산구,2476
9,서빙고역 광장(1번출구),용산구,270
9,서서울모터리움 앞,강서구,586
9,서소문성지역사박물관,중구,235
9,서소문역사공원,중구,82
9,서우빌딩,서대문구,895
9,서울 논현동우체국 앞,강남구,374
9,서울 시흥동우체국 앞,금천구,530
9,서울 영등포구 우체국,영등포구,1203
9,서울 월드컵 경기장,마포구,949
9,서울가정법원,서초구,590
9,서울강월초등학교 앞,양천구,743
9,서울갤러리아 앞,용산구,134
9,서울경찰청,종로구,864
9,서울고등학교 건너편,서초구,227
9,서울고앞,서초구,216
9,서울과학기술대학교(미래관),노원구,836
9,서울과학기술대학교(어학교육원),노원구,2948
9,서울교육청 교육연수원 앞,서초구,83
9,서울교통공사 사당별관 건너편,서초구,275
9,서울교통공사사거리 교통섬,동대문구,793
9,서울남부교정시설 앞,구로구,264
9,서울남부지방검찰청 후문,양천구,1021
9,서울남부출입국관리소,강서구,1759
9,서울남부터미널 대합실 입구,서초구,614
9,서울대벤처타운역,관악구,387
9,서울대입구역 1번출구,관악구,961
9,서울대입구역 4번 출구,관악구,793
9,서울대입구역 5번출구,관악구,1341
9,서울대입구역 마에스트로,관악구,835
9,서울대학교 정문,관악구,406
9,서울도봉초등학교인근,도봉구,471
9,서울도시가스 앞,강서구,1017
9,서울도시건축전시관,중구,2301
9,서울디자인고등학교 앞,마포구,1235
9,서울디지털운동장 앞,금천구,1004
9,서울문화재단 앞,동대문구,1366
9,서울미래초등학교 사거리,구로구,1069
9,서울미술관,종로구,183
9,서울반도체고 앞,동대문구,492
9,서울방이동 고분군,송파구,1463
9,서울보증보험본사 앞,종로구,1066
9,서울복합물류 게이트 1,송파구,1027
9,서울본부세관(건설회관 앞),강남구,199
9,서울북부고용노동지청,강북구,609
9,서울북부고용센터앞,노원구,2428
9,서울북부광역등기국,도봉구,222
9,서울북부수도사업소,강북구,474
9,서울북부지방법원,도봉구,182
9,서울북부지방법원 앞,도봉구,537
9,서울사대부설초등학교 앞,종로구,1495
9,서울산업정보학교,관악구,330
9,서울서부지방법원 앞,마포구,722
9,서울서부지방법원등기국앞,마포구,319
9,서울서초고용센터앞,서초구,425
9,서울숲 공영주차장앞,성동구,794
9,서울숲 관리사무소,성동구,1851
9,서울숲 지식산업센터,성동구,1808
9,서울숲리버뷰자이APT105동 앞,성동구,496
9,서울숲역 2번출구 앞,성동구,1550
9,서울숲역 5번 출구 옆,성동구,1401
9,서울숲역3번출구,성동구,283
9,서울시 공공자전거 상암센터,마포구,1113
9,서울시 도로환경관리센터,양천구,2678
9,서울시 북부병원 앞,중랑구,605
9,서울시 북부여성발전센터,노원구,782
9,서울시 품질시험소 앞,서초구,472
9,서울시립과학관,노원구,458
9,서울시립대 건설공학관,동대문구,516
9,서울시립대 정문 앞 A,동대문구,233
9,서울시립대 정문 앞 B,동대문구,1788
9,서울시립대 정보기술관,동대문구,667
9,서울시립대 후문,동대문구,413
9,서울시설공단 앞,성동구,1250
9,서울시여성가족재단,동작구,442
9,서울시청,중구,1325
9,서울식물원 식물문화센터,강서구,1133
9,서울식물원 잔디마당 앞,강서구,1589
9,서울식물원(문화센터) 건너편,강서구,416
9,서울신성초등학교,관악구,531
9,서울신용보증재단,마포구,1131
9,서울신우초등학교,관악구,8
9,서울안천초등학교 옆,금천구,124
9,서울여대 남문,노원구,873
9,서울역 12번 출구 앞,용산구,966
9,서울역 7번출구,중구,109
9,서울역 서부,중구,342
9,서울역 서부교차로(3),중구,1117
9,서울역 서부교차로2,중구,1059
9,서울역 센트럴 자이아파트,중구,633
9,서울역5번출구,중구,949
9,서울역9번출구,중구,792
9,서울역사박물관 앞,종로구,780
9,서울연신중학교,은평구,295
9,서울연신초등학교,은평구,365
9,서울영상고교 입구,양천구,3169
9,서울율현초교 삼거리,강남구,589
9,서울중랑우체국,중랑구,703
9,서울지방고용노동청 앞,중구,1184
9,서울지방병무청 버스정류장,영등포구,796
9,서울천호동우체국,강동구,1601
9,서울체육고등학교 앞,송파구,1065
9,서울추모공원 입구,서초구,60
9,서울축산농협(장안지점),동대문구,2927
9,서울출입국관리사무소 앞,양천구,3424
9,서울친환경유통센터,송파구,137
9,서울특별시 남부교육지원청,영등포구,670
9,서울특별시 동부교육지원청(육교),동대문구,238
9,서울특별시 동작관악교육지원청,동작구,108
9,서울특별시 은평병원,은평구,410
9,서울특별시 중부교육지원청,종로구,148
9,서울특별시교육청도봉도서관,도봉구,922
9,서울혁신파크,은평구,735
9,서울혁신파크1,은평구,180
9,서울혁신파크2,은평구,323
9,서원마을,강동구,182
9,서일스포츠센터,서초구,178
9,서초 크로바타워 앞,서초구,469
9,서초 포레스타5단지,서초구,392
9,서초1교 (진흥아파트 방면),서초구,409
9,서초2교(사임당로 방면),서초구,171
9,서초4동주민센터,서초구,882
9,서초구립반포도서관 앞,서초구,1332
9,서초그랑자이 앞,서초구,365
9,서초동 현대아파트 앞,서초구,496
9,서초리슈빌S 글로벌 앞,서초구,127
9,서초신동아1차아파트 옆,서초구,470
9,서초역 3번출구,서초구,678
9,서초역1번출구 앞,서초구,476
9,서초유치원 맞은편,서초구,550
9,서초종합체육관 입구,서초구,108
9,서초초등학교 후문,서초구,892
9,서초포레스타 7단지,서초구,266
9,서초현대4차아파트 201동 맞은편,서초구,578
9,석계역 3번 출구,노원구,1352
9,석계역 4번출구 뒤,성북구,1784
9,석계역 5번출구 건너편,성북구,1789
9,석계역 문화광장 내 자전거 보관소,노원구,4060
9,석관동주민센터 앞,성북구,1135
9,석관래미안아트리치,성북구,1497
9,석관초등학교 앞,성북구,1420
9,석촌고분역 2번 출구,송파구,2202
9,석촌고분역 4번출구,송파구,1571
9,석촌동 주민센터,송파구,2174
9,석촌역 2번출구,송파구,2084
9,석촌역 8번출구,송파구,2531
9,석촌호수 서호 남단,송파구,2200
9,석촌호수 서호 사거리,송파구,2132
9,석촌호수 아뜰리에,송파구,1950
9,석촌호수교차로 (송파나루근린공원 앞),송파구,555
9,석촌호수교차로(동호 팔각정 앞),송파구,2523
9,선릉역3번출구,강남구,1153
9,선린인터넷 고등학교,용산구,1372
9,선사고등학교,강동구,493
9,선유도역 3번출구 앞,영등포구,3211
9,선잠단지 앞,성북구,297
9,"선정릉 디캠프(D,CAMP)앞",강남구,202
9,선정릉역 4번 출구,강남구,458
9,섬들근린공원,서초구,1009
9,섬유센터 앞,강남구,1156
9,성공회대학교,구로구,551
9,성균관대 E하우스 앞,종로구,1427
9,성균관대 정문,종로구,1797
9,성균관대입구 사거리 A,종로구,1003
9,성균관대입구 사거리 B,종로구,1290
9,성내5교,송파구,1055
9,성내7교,송파구,607
9,성내교 남단,송파구,380
9,성내삼성아파트,강동구,2638
9,성내어울터,강동구,2429
9,성내유수지 체육공원,송파구,308
9,성동광진 교육지원청 앞,성동구,1276
9,성동교 사거리,성동구,586
9,성동구 견인차량 보관소 앞,성동구,1683
9,성동구민종합체육센터 건너편,성동구,2696
9,성동도로사업소,성동구,361
9,성동세무서 건너편,성동구,1381
9,성동세무서 부근,성동구,1272
9,성보하이드로빌딩,양천구,1128
9,성북3교 위,성북구,1271
9,성북구 한예종 캠퍼스 별관,성북구,855
9,성북구 한예종 캠퍼스 본관,성북구,815
9,성북구보건소 건너편,성북구,577
9,성북구청,성북구,965
9,성북동 치안센터 앞,성북구,670
9,성북쉼터 앞,성북구,176
9,성북제일새마을금고 본점 앞,성북구,427
9,성북청소년문화의집,성북구,39
9,성북청소년센터,성북구,464
9,성산2-1 공영주차장,마포구,1295
9,성산2교 사거리,마포구,1689
9,성산시영아파트,마포구,1205
9,성서대학교 밀알관,노원구,355
9,성수2가1동 공영주차장 인근,성동구,3995
9,성수사거리 버스정류장 앞,성동구,2122
9,성수아카데미타워 앞,성동구,1625
9,성수역 1번출구 주변,성동구,725
9,성수역 2번출구 앞,성동구,3287
9,성수역3번출구,성동구,4063
9,성신여대입구 교차로,성북구,784
9,성신여대입구역 3번출구 앞,성북구,1232
9,성신여대입구역 5번출구,성북구,1431
9,성원2차 아파트,양천구,1077
9,성원APT버스정류소,도봉구,461
9,성지아파트 옆 도로변,금천구,178
9,세곡데이케어센터,강남구,229
9,세곡동 사거리(대왕초등학교 정류장),강남구,131
9,세곡동 성당,강남구,521
9,세곡사거리 대왕파출소 앞,강남구,81
9,세륜초등학교 건너편,송파구,217
9,세양청마루 101동 앞,송파구,469
9,세양청마루아파트 앞,강동구,1308
9,세운상가,종로구,626
9,세운스퀘어 앞,종로구,541
9,세이브마트,관악구,1366
9,세종그랑시아 앞(102동),양천구,923
9,세종대왕기념관 교차로,동대문구,526
9,세종대학교,광진구,242
9,세종대학교 대양AI센터,광진구,1257
9,세종대학교(영실관),광진구,682
9,세종대학교(학술정보원),광진구,208
9,세종사이버대학교,광진구,2936
9,세화고등학교,서초구,232
9,센트럴 푸르지오 시티 앞,영등포구,2016
9,센트럴파크타워 앞,용산구,1467
9,솔리스타오피스텔(공덕동주민센터),마포구,527
9,솔밭공원역,강북구,192
9,솔밭공원역 1번출구 앞,도봉구,399
9,솔밭공원역 1번출구 주변,도봉구,543
9,솔브레인이엔지 뒤편,금천구,621
9,송도병원,중구,111
9,송이공원,송파구,493
9,송정역 1번출구,강서구,2436
9,송정역 3번출구 앞,강서구,1400
9,송정중학교,강서구,1015
9,송중초등학교 옆,강북구,507
9,송천동 주민센터,강북구,443
9,송천동우체국,강북구,377
9,송천센트레빌,강북구,222
9,송파 글마루 도서관,송파구,815
9,송파 레미니스1단지 102동 앞,송파구,733
9,송파 파인타운 11단지,송파구,591
9,송파구청,송파구,4367
9,송파구청 교차로,송파구,1564
9,송파나루역 4번 출구옆,송파구,4159
9,송파도서관,송파구,668
9,송파레이크힐,송파구,102
9,송파레이크힐 상가,송파구,1034
9,송파사거리,송파구,2313
9,송파소방서 (방이119안전센터),송파구,459
9,송파소방서 맞은편(성내4교),송파구,1314
9,송파시그니처롯데캐슬,송파구,158
9,송파여성문화회관 앞,송파구,1757
9,송파여성축구장,송파구,313
9,송파역 2번 출구앞,송파구,1205
9,송파역 4번출구,송파구,2553
9,송파중학교 정문,송파구,480
9,송파지역자활센터 뒤,송파구,1826
9,송파청소년센터,송파구,631
9,송파체육문화회관 앞,송파구,935
9,송파파인타운 10단지 1005동,송파구,277
9,송파파인타운 4단지 403동,송파구,357
9,송파파인타운 7단지,송파구,758
9,송파파크데일 1단지 115동 건너편,송파구,380
9,송파파크데일 2단지입구 앞 주차장,송파구,408
9,송파학사 옆,송파구,871
9,수궁동 성당 주변,구로구,516
9,수락리버시티4단지,노원구,634
9,수락산역 4번출구,노원구,1085
9,수명산파크 4단지 411동 앞,강서구,1440
9,수명산파크1단지교차로,강서구,2855
9,수명중?고교,강서구,1610
9,수명초등학교,강서구,1433
9,수서동 성당 맞은편,강남구,571
9,수서역 1번출구 앞,강남구,988
9,수서역 5번출구,강남구,1999
9,수서역 7번출구 앞,강남구,338
9,수연빌딩 앞,노원구,906
9,수유1동 주민센터,강북구,554
9,수유2동은행빌딩 앞,강북구,535
9,수유사거리,강북구,1157
9,수유역2번출구,강북구,2555
9,수유중앙시장,강북구,1178
9,수출의 다리 아래,금천구,680
9,수협 연남동지점,마포구,1635
9,수협대치동지점,강남구,587
9,숙대입구역 4번출구,용산구,1420
9,숙대입구역 8번,용산구,911
9,숙명여대 입구 교차로,용산구,1297
9,숙명여대앞 버스정류소 주변,용산구,106
9,순천향대학병원(한남오거리),용산구,682
9,순흥안씨묘 건너편,금천구,120
9,숭실대 입구역3번 출구 앞,동작구,522
9,숭실대학교(중문),동작구,214
9,숭인2동 주민센터 입구,종로구,1476
9,스타벅스(동교동) 앞,마포구,619
9,스타즈호텔독산 빌딩 앞,금천구,858
9,시립도봉노인복지관 버스정류소,도봉구,543
9,시립동부병원 앞 사거리,동대문구,2210
9,시립미술관,중구,858
9,시립창동운동장 입구,도봉구,282
9,시범아파트버스정류장 옆,영등포구,1674
9,시석빌딩 앞,마포구,688
9,시조사 앞,동대문구,1684
9,시청역 10번출구,중구,360
9,시청역(2호선) 9번출구 뒤,중구,2097
9,시흥4동주민센터 앞,금천구,107
9,시흥사거리(시흥동 994-3 앞),금천구,714
9,신곡시장,양천구,1486
9,신금호역 2번출구 앞,성동구,73
9,신금호파크자이APT앞,성동구,264
9,신길 래미안 프레비뉴,영등포구,575
9,신길동 우리은행 옆,영등포구,686
9,신길선원가와인아파트 앞,영등포구,879
9,신길역 2번출구,영등포구,1282
9,신길역3번출구,영등포구,1527
9,신길우성1차아파트 앞 공원,영등포구,840
9,신길우성4차아파트,영등포구,1400
9,신길자이아파트,영등포구,627
9,신내 우디안 111동 앞,중랑구,214
9,신내2동 주민센터 앞,중랑구,780
9,신내SK V1센터 앞,중랑구,338
9,신내능말공원,중랑구,456
9,신내동 벽산아파트 후문 앞,중랑구,684
9,신내동 한살림 중랑지구 건너편,중랑구,375
9,신내동 한살림 중랑지구 앞,중랑구,814
9,신내어울공원 앞,중랑구,811
9,신내역 4번출구,중랑구,329
9,신내우디안아파트 1단지,중랑구,176
9,신논현역 4번출구,강남구,635
9,신논현타워 앞,서초구,738
9,신답역 1번출구,성동구,265
9,신답역 사거리,동대문구,1413
9,신당 래미안 버스정류장,중구,429
9,신당동주민센터앞,중구,1472
9,신당역 10번 출구,중구,1685
9,신당역 12번 출구 뒤,중구,3141
9,신대방삼거리,동작구,1618
9,신대방삼거리역 6번출구쪽,동작구,2315
9,신대방역 2번 출구,관악구,5779
9,신도고등학교,은평구,149
9,신도림2차e편한세상아파트 203동 앞,구로구,1249
9,신도림4차 e편한세상 아파트 1109동 앞,구로구,1375
9,신도림7차e편한세상아파트 806동 앞,구로구,1168
9,신도림동주민센터 앞,구로구,1608
9,신도림쌍용플래티넘노블아파트 앞,구로구,1748
9,신도림역 1번 출구 앞,구로구,4472
9,신도림테크노근린공원,구로구,4227
9,신도봉사거리 버스정류장,도봉구,654
9,신도중학교앞,은평구,262
9,신동아럭스빌아파트 앞,서초구,160
9,신동아아파트,영등포구,2494
9,신동아타워 버스정류소,도봉구,370
9,신림1교 교차로,관악구,1604
9,"신림4,5동교",관악구,642
9,신림동 우방아파트,관악구,1405
9,신림동걷고싶은문화의거리입구,관악구,1345
9,신림푸르지오아파트,관악구,842
9,신마곡벽산블루밍메트로오피스텔앞,강서구,1343
9,신목동역 2번 출구,양천구,2410
9,신목동역 3번출구,양천구,1000
9,신반포역 2번출구 앞,서초구,672
9,신반포역 3번출구 뒤,서초구,393
9,신방화사거리,강서구,2852
9,신방화역 6번출구,강서구,1881
9,신방화역 8번출구,강서구,1676
9,신방화역환승주차장,강서구,3600
9,신봉천주유소 A,관악구,135
9,신봉천주유소 B,관악구,182
9,신사동 가로수길 입구,강남구,708
9,신사동 성당,은평구,246
9,신사동주민센터 옆,강남구,758
9,신사두산위브2차아파트 앞,은평구,965
9,신사로입구,관악구,1401
9,신사스퀘어,강남구,333
9,신사역 4번출구 뒤,서초구,802
9,신석초교앞 교차로 교통섬,마포구,1783
9,신설동역 10번출구 앞,동대문구,2231
9,신설동역 11번출구 뒤,종로구,1616
9,신설동역8번출구,동대문구,1259
9,신성기사식당 앞,마포구,539
9,신성미소지움아파트,중랑구,664
9,신세계면세점,중구,265
9,신세계백화점 본점 앞,중구,700
9,신세기아파트 앞,구로구,589
9,신수동 사거리,마포구,358
9,신수동주민센터,마포구,297
9,신양초교앞 교차로,광진구,920
9,신영동삼거리,종로구,71
9,신영동삼거리(북악터널방향),종로구,74
9,신용산역 1번 출구,용산구,1808
9,신용산역 6번출구 앞,용산구,1432
9,신용산지하차도 앞,용산구,528
9,신원리베르텔 앞,도봉구,713
9,신월6차보람아파트 앞,양천구,1255
9,신월사거리,양천구,1348
9,신월중학교,양천구,957
9,신응교(가좌로) 앞,은평구,1288
9,신이문역 1번출구,동대문구,1013
9,신이문역 2번출구,동대문구,542
9,신일해피트리아파트 앞,양천구,1109
9,신자초교입구 교차로,광진구,2840
9,신정1동 주민센터 앞,양천구,3016
9,신정3동 현장민원실 앞,양천구,718
9,신정6동 주민센터 인근,양천구,1410
9,신정교 하부,양천구,2334
9,신정네거리역,양천구,843
9,신정네거리역 교차로,양천구,1189
9,신정보도육교 아래,양천구,3386
9,신정숲속마을아파트,양천구,550
9,신정이펜하우스 1단지아파트 입구 사거리,양천구,643
9,신정이펜하우스314동,양천구,760
9,신정제일시장,양천구,993
9,신진과학기술고등학교 버스정류장(응암시장 방면),은평구,1042
9,신창교,강북구,980
9,신창시장,도봉구,1443
9,신창아파트 입구 앞,도봉구,383
9,신창중학교 후문 맞은편 버스정류장,노원구,925
9,신청담나들목,강남구,427
9,신촌 교보빌딩,마포구,392
9,신촌 청년주택,마포구,1498
9,신촌 파랑고래 입구,서대문구,703
9,신촌기차역입구 교차로,서대문구,505
9,신촌동 제1공영주차장 앞,서대문구,570
9,신촌역 4번출구,서대문구,621
9,신촌역(2호선) 1번출구 옆,서대문구,767
9,신촌역(2호선) 6번출구 옆,마포구,784
9,신촌역(2호선) 7번출구 앞,마포구,1717
9,신트리공원 입구,양천구,2531
9,신풍역 6번출구,영등포구,1745
9,신한금융투자 앞,영등포구,3244
9,신한은행 대림동지점,영등포구,759
9,신한은행 시흥대로금융센터지점,금천구,185
9,심산기념문화센터,서초구,597
9,쌍문동 이안아파트 앞,도봉구,349
9,쌍문역 1번출구 주변,도봉구,953
9,쌍문역4번출구 주변,도봉구,867
9,쌍문현대1차아파트 108동 앞,도봉구,620
9,쌍용아파트2단지 정문,종로구,160
9,쌍용예가(구청별관),영등포구,987
9,쌍용플레티넘오피스텔,영등포구,2289
9,아리랑시네센터 앞,성북구,411
9,아만티호텔 앞,마포구,538
9,아망떼마곡전시장,강서구,1768
9,아메리칸센터,용산구,481
9,아산병원 기숙사 부근,송파구,3000
9,아시아선수촌아파트 교차로,송파구,1354
9,아시아지하보도 14번 출구,송파구,2123
9,아시아지하보도 2번 출구,송파구,1143
9,아차산 휴먼시아 아파트 옆,광진구,537
9,아차산역 3번출구,광진구,2423
9,아차산역4번출구,광진구,2469
9,아크로리버뷰 부지 앞,서초구,1515
9,아크로타워 스퀘어(영등포시장),영등포구,2612
9,아현교회,마포구,208
9,아현문화건강센터,마포구,171
9,아현역 4번출구 앞,마포구,660
9,안골마을입구,서초구,34
9,안국동사거리(신),종로구,1409
9,안국역 5번출구 앞,종로구,1207
9,안산초등학교 앞,서대문구,86
9,안암2교 옆,성북구,1801
9,안암골벽산아파트(후문),동대문구,914
9,안암로터리 버스정류장 앞,성북구,4224
9,안암역 3번 출구,성북구,838
9,안양천합수부(현대3차아파트),강서구,1451
9,안천중학교,금천구,229
9,암사동 선사유적지,강동구,175
9,암사역 3번출구(국민은행앞),강동구,3127
9,암사정수센터교차로(강동롯데캐슬퍼스트아파트),강동구,327
9,압구정 한양 3차 아파트,강남구,413
9,압구정나들목,강남구,1536
9,압구정로데오역 6번출구,강남구,733
9,압구정역 2번 출구 옆,강남구,1566
9,압구정파출소 앞,강남구,995
9,앙카라공원 앞,영등포구,1576
9,애오개역 4번출구 앞,마포구,1455
9,앰배서더 호텔 주변,중구,419
9,약수동 주민센터,중구,126
9,약수역 10번출구 앞,중구,419
9,약수역 3번출구 뒤,중구,574
9,약수역 6번 출구,중구,408
9,양강중학교앞 교차로,양천구,588
9,양남사거리1,영등포구,800
9,양남사거리2,영등포구,795
9,양녕로 입구,관악구,1177
9,양문교회 앞,동작구,804
9,양서중학교 옆,양천구,773
9,양원보도육교,양천구,743
9,양원역 1번 출구,중랑구,756
9,양원역 2번출구,중랑구,203
9,양원지구 힐데스하임 앞,중랑구,649
9,양재근린공원,서초구,1273
9,양재동 꽃시장 건너편,서초구,451
9,양재동 꽃시장 입구,서초구,252
9,양재시민의숲역 1번출구,서초구,1684
9,양재시민의숲역 3번출구,서초구,1142
9,양재역 10번 출구 앞,서초구,661
9,양재역 3번출구 주변,강남구,1022
9,양재역 8번출구 앞,서초구,773
9,양재이스타빌 앞,서초구,1063
9,양재전화국 사거리,서초구,361
9,양재초등학교 맞은편,서초구,660
9,양지근린공원앞,노원구,1194
9,양지사거리,성동구,1133
9,양지사거리(센트라스APT 115동앞),성동구,368
9,양천 해누리타운,양천구,2500
9,양천공영차고지,양천구,183
9,"양천구청, 보건소 사잇길",양천구,4726
9,양천구청역 1번출구,양천구,1137
9,양천구청역 2번출구 옆,양천구,2319
9,양천문화회관,양천구,2221
9,양천아파트 입구,양천구,3013
9,양천해누리체육공원,양천구,991
9,양천향교역 7번출구앞,강서구,4668
9,양천향교역8번출구,강서구,2007
9,양평1 보행육교 앞,영등포구,1783
9,양평1나들목 보행통로 입구,영등포구,2140
9,양평1동 YP센터 앞,영등포구,468
9,양평교 영등포대여소,영등포구,1754
9,양평동6차현대아파트 앞,영등포구,2054
9,양평동성원아파트,영등포구,1601
9,양평역 1번출구,영등포구,2983
9,양평역2번출구 뒤,영등포구,732
9,양평우림 이비즈센타 앞,영등포구,2008
9,어린이대공원역 2번출구,광진구,1080
9,어린이대공원역 3번출구 앞,광진구,1867
9,어린이대공원정문,광진구,702
9,어린이도서관,종로구,582
9,어린이회관,광진구,1056
9,어울림병원 앞,영등포구,1039
9,언남초등학교 앞,서초구,693
9,언주역 4번출구,강남구,373
9,언주초등학교 입구,강남구,471
9,에스테반,마포구,428
9,에이스 하드웨어(시흥대로 396) 앞,금천구,873
9,에이스에이존빌딩,관악구,624
9,에이스하이엔드타워8차 앞,금천구,935
9,에이스하이엔드타워9차 앞,금천구,655
9,엘아르베뉴 102동 앞,금천구,530
9,엠펠리체 호텔 건너편,강서구,1947
9,여의나루역 1번출구 앞,영등포구,7682
9,여의도 마리나선착장 앞,영등포구,708
9,여의도 삼부아파트,영등포구,1418
9,여의도 순복음교회,영등포구,783
9,여의도 은하아파트,영등포구,497
9,여의도고교 앞,영등포구,1744
9,여의도역2번출구 앞,영등포구,968
9,여의도중학교 옆,영등포구,1775
9,여의도초교 앞,영등포구,1469
9,역삼1동 주민센터,강남구,836
9,역삼동 sk뷰 501동앞,강남구,387
9,역삼동 디오슈페리움 (우성아파트 사거리),강남구,756
9,역삼빌딩 앞(하나은행 옆),강남구,618
9,역삼서초삼성 세무서 앞 (역삼빌딩 앞),강남구,1040
9,역삼월드메르디앙아파트 앞,강남구,449
9,역삼중학교 앞(체육관 방향),강남구,231
9,역촌 센트레빌 아파트,은평구,413
9,역촌센트레빌아파트 101동 앞,은평구,305
9,역촌종합시장 버스정류장(예일여고 방면),은평구,1711
9,역촌파출소,은평구,2909
9,연가교 교차로,서대문구,758
9,연가초등학교 옆,서대문구,437
9,연남동주민센터 앞,마포구,1963
9,연대 대운동장 옆,서대문구,526
9,연서어린이공원,서대문구,480
9,연세강서빌딩,강서구,1824
9,연세대 정문 건너편,서대문구,293
9,연세로 명물길,서대문구,695
9,연신내 선일하이츠빌 정류소,은평구,377
9,연신내역 1번 출구,은평구,1092
9,연신내역 3번출구 인근,은평구,476
9,연신내역 4번출구,은평구,522
9,연신내역 5번출구,은평구,2593
9,연신초등학교옆 마을마당,은평구,131
9,연의근린공원 건너편,양천구,822
9,연해피빌 앞,노원구,1037
9,연희 브라운스톤 아파트 앞,서대문구,1875
9,연희IC 남측,서대문구,825
9,연희교차로 인근,서대문구,336
9,연희삼거리,서대문구,570
9,연희파크푸르지오아파트 앞,서대문구,1090
9,염곡동(염통골) 입구,서초구,123
9,염곡치안센터 건너편,서초구,68
9,염리초등학교 앞,마포구,936
9,염창나들목,강서구,2140
9,염창동 새마을금고 건너편,강서구,919
9,염창동 한마음아파트 앞,강서구,1333
9,염창역 1번 출구,강서구,2180
9,"염창역 3, 4번 출구 사이",양천구,1084
9,염천교사거리,중구,534
9,영도초등학교,양천구,2429
9,영동1교 (양재천근린공원),서초구,804
9,영동1교 북단,서초구,492
9,영동3교 북단(우성캐릭터 앞 보도),강남구,370
9,영동대교 북단,광진구,1794
9,영동중앙교회 버스정류장,강남구,227
9,영등포 신세계백화점,영등포구,4132
9,영등포 푸르지오 아파트 A,영등포구,1326
9,영등포 푸르지오 아파트 B,영등포구,1501
9,영등포공원 분수대 앞,영등포구,325
9,영등포구민체육센터 앞,영등포구,1450
9,영등포구청역 7번출구,영등포구,5944
9,영등포로터리,영등포구,904
9,영등포로터리2,영등포구,1427
9,영등포삼환아파트 앞,영등포구,1650
9,영등포시장역 포레나영등포,영등포구,3333
9,영등포아트홀 앞,영등포구,534
9,영등포역 1번출구,영등포구,2551
9,영등포역5번출구,영등포구,3909
9,영등포유통상가 사거리,영등포구,1386
9,영등포전화국사거리 (서강어린이공원),영등포구,1786
9,영등포청과시장 사거리,영등포구,1273
9,영락고등학교,관악구,260
9,영문초등학교 사거리,영등포구,3748
9,영성빌딩(PAT),중랑구,894
9,영어마을 관악캠프,관악구,132
9,영일 어린이공원,영등포구,1072
9,영파여고 앞,송파구,1232
9,영휘원 교차로,동대문구,765
9,영희초교 사거리(래미안개포루체하임),강남구,1115
9,예일여중,은평구,1045
9,옛골 입구,서초구,76
9,오금공원 사거리,송파구,132
9,오금공원사거리2,송파구,270
9,오금동 대림아파트 정문,송파구,425
9,오금역 3번 출구 뒤,송파구,601
9,오금역 7번 출구 인근,송파구,1024
9,오류동 계림웨스트밸리 앞,구로구,179
9,오류동 다숲오피스텔 앞,구로구,631
9,오류동부골든아파트 후문 옆,구로구,334
9,오류동역 2번출구,구로구,839
9,오류동역 맞은편,구로구,1146
9,오륜사거리,송파구,565
9,오리로와 서해안도로 교차로 앞,구로구,486
9,오목교 동측 지하보도,영등포구,1542
9,오목교역 3번출구,양천구,4631
9,오목교역 6번 출구,양천구,2419
9,오목교역 7번출구 앞,양천구,2546
9,오목로 무중력지대 앞,양천구,479
9,오솔길공원,양천구,796
9,오정초교 앞 보도육교,구로구,224
9,옥수동성당 옆,성동구,121
9,옥수역 3번출구,성동구,3834
9,온곡초교 교차로,노원구,1477
9,온수역 2번 출구 앞,구로구,539
9,온수역 북측,구로구,336
9,올림픽공원 남2문 앞,송파구,1130
9,올림픽공원 북2문 A,송파구,1420
9,올림픽공원 북2문 B,송파구,2645
9,올림픽공원 서1문 앞,송파구,798
9,올림픽공원 장미광장,송파구,440
9,올림픽공원사거리(선수촌아파트),송파구,1042
9,올림픽공원역 1번출구 앞,송파구,1422
9,올림픽공원역 3번출구,송파구,4756
9,올림픽기념 국민생활관 로터리,종로구,1404
9,올림픽로 836(아리수로),강동구,538
9,올림픽선수기자촌아파트 123동 근처,송파구,326
9,올림픽선수촌아파트 136동 앞,송파구,476
9,올림픽훼미리아파트 112동 앞,송파구,872
9,왈도강서캠퍼스 앞,강서구,1403
9,왕십리 자이아파트(101동 앞),성동구,11
9,왕십리KCC스위첸아파트,성동구,153
9,왕십리교회옆,성동구,2470
9,왕십리역 11번 출구 앞,성동구,1430
9,왕십리역 4번 출구 건너편,성동구,1829
9,왕십리자이아파트 후문(삼거리),성동구,215
9,외국어대 정문 앞,동대문구,2688
9,외대앞역 3번출구,동대문구,1202
9,외대앞역 교차로,동대문구,1330
9,용강동 주민센터 앞,마포구,1213
9,용답동 우체국 주변,성동구,1347
9,용답토속공원 앞,성동구,553
9,용두동 래미안허브리츠아파트 앞,동대문구,1199
9,용두동 사거리,동대문구,2192
9,용두롯데캐슬리치아파트 앞,동대문구,1301
9,용두역 4번출구,동대문구,2098
9,용마복지센터 앞,중랑구,479
9,용마사거리,광진구,1579
9,용마산역 1번출구,중랑구,198
9,용마지구대 A,중랑구,166
9,용마지구대 B,중랑구,569
9,용마한신아파트사거리,중랑구,266
9,용문2교 옆,성북구,1430
9,용문사 버스정류장,강서구,715
9,용산 선인상가,용산구,390
9,용산 파크타워 앞,용산구,355
9,용산 푸르지오 파크타운 1단지 앞,용산구,137
9,용산공원갤러리앞,용산구,198
9,용산구꿈나무종합타운 앞,용산구,767
9,용산더프라임아파트 101동 앞,용산구,417
9,용산시티파크 101동 앞,용산구,413
9,용산역 맞은편,용산구,3417
9,용산전쟁기념관,용산구,145
9,용산중학교,용산구,864
9,용신동주민센터,동대문구,840
9,우국한마음 아파트 맞은편,서대문구,978
9,우리은행 방배동지점 앞,서초구,657
9,우리은행 시흥남자동화점 앞,금천구,348
9,우면산등산로 입구,서초구,58
9,우물골 근린공원,은평구,472
9,우성4차아파트,광진구,1344
9,우성식품 앞,광진구,1292
9,우성아파트 교차로,영등포구,1011
9,우성아파트 앞,동작구,2086
9,우성아파트사거리 (기업은행앞),서초구,1279
9,우솔초등학교 맞은편,서초구,221
9,우영테크노센터 앞,성동구,1597
9,우이교 교차로,도봉구,1429
9,우이동 먹거리마을,강북구,145
9,우이동길마을마당,강북구,575
9,우이천 창번교,강북구,588
9,우장산동 가곡어린이공원앞,강서구,2359
9,우장산역 1번출구옆(우장산아이파크105동앞),강서구,1724
9,우장산역 3번출구,강서구,1474
9,우장산역 헤링턴타워 앞,강서구,1449
9,우장초등학교 앞,강서구,1917
9,원남동사거리,종로구,1304
9,원당공원 앞,도봉구,978
9,원당근린공원,강서구,2222
9,원메디타운 앞,구로구,1950
9,원묵고등학교,중랑구,1038
9,원일교회,광진구,2329
9,원자력 병원,노원구,363
9,원풍빌라앞,은평구,692
9,원효로2가 교차로,용산구,613
9,원효로다목적체육관 앞,용산구,493
9,월계 롯데캐슬아파트 뒤,노원구,640
9,월계 센트럴 아이파크,노원구,1032
9,월계 청백1단지 아파트 정류장,노원구,352
9,월계1동주민센터 앞,노원구,827
9,월계2교 교차로,강북구,504
9,월계2교 버스정류장 앞,성북구,597
9,월계문화체육센터,노원구,245
9,월계역 1번 출구,노원구,927
9,월계중학교,노원구,430
9,월계초안아파트 1단지,노원구,533
9,월계프라자,노원구,619
9,월곡역 3번출구,성북구,2427
9,월곡역 5번출구 앞,성북구,1604
9,월곡역 입구 육교 밑,성북구,347
9,월드메르디앙 벤처센터 2차,금천구,1016
9,월드컵경기장역 3번출구 옆,마포구,2283
9,월드컵공원,마포구,2516
9,월드컵참누리아파트,마포구,546
9,월드컵파크 4단지,마포구,345
9,월정초 사거리,양천구,692
9,웨스틴 조선호텔,중구,396
9,웰니스센터(민방위교육장 앞),종로구,1166
9,웰츠타워 오피스텔,광진구,1982
9,위너스 스포츠클럽 골프연습장옆,금천구,366
9,위례 포레샤인 1809동 부근,송파구,253
9,위례22단지 2208동 다리앞,송파구,395
9,위례동주민센터,송파구,1813
9,위례별 유치원 뒤,송파구,371
9,위례송파꿈에그린아파트24단지 앞 성벽 다리 밑,송파구,645
9,위례아이파크 101동 맞은편,송파구,317
9,위례중앙푸르지오 1단지 앞,송파구,885
9,위례중앙푸르지오 201동 앞,송파구,1268
9,위례포레나송파,송파구,656
9,위례포레샤인13단지,송파구,335
9,위례포레샤인18단지 1802동,송파구,287
9,위례포레샤인18단지 1812동,송파구,80
9,위례포레샤인아파트 정류장,송파구,691
9,윗반마을 입구,강남구,125
9,유니베라 앞,성동구,1514
9,유스호스텔 앞,영등포구,1379
9,유원목동아파트 103동 앞,양천구,2894
9,유진투자증권빌딩 앞,영등포구,1920
9,유한양행앞,동작구,1266
9,육군사관학교  앞,노원구,1578
9,윤선생빌딩(JYP사옥),강동구,2586
9,으뜸공원,양천구,783
9,은곡마을,강남구,503
9,은마아파트 입구 사거리,강남구,1066
9,은마아파트입구 사거리(1),강남구,207
9,은천교회,관악구,709
9,은천교회 앞,관악구,1061
9,은천로입구 가로공원,관악구,2384
9,은천삼거리,관악구,347
9,은천초등학교 육교,관악구,596
9,은천치안센터,관악구,1114
9,은평 성모병원 사거리,은평구,500
9,은평 지웰테라스,은평구,150
9,은평구청 교차로,은평구,639
9,은평구청 보건소,은평구,1118
9,은평뉴타운 도서관,은평구,551
9,은평뉴타운 상림마을 13단지,은평구,70
9,은평뉴타운 아이파크,은평구,762
9,은평뉴타운 은뜨락아파트앞,은평구,382
9,은평뉴타운 푸르지오,은평구,827
9,은평뉴타운 힐데스하임,은평구,971
9,은평뉴타운구파발9단지,은평구,699
9,은평뉴타운폭포동 힐스테이트4단지,은평구,160
9,은평다목적체육관,은평구,315
9,은평서해그랑블아파트앞,은평구,667
9,은평세무서 버스정류장(은평구청 방면),은평구,1185
9,은평역사한옥박물관,은평구,229
9,은평예술회관,은평구,625
9,은평평화공원(역촌역4번출구),은평구,1854
9,은하수 공원,노원구,558
9,을지로2가 사거리 남측,중구,473
9,을지로2가 사거리 북측,중구,625
9,을지로3가역 3번출구,중구,1234
9,을지로4가역 1번출구,중구,1078
9,을지로4가역 9번출구,중구,1755
9,을지로입구역 2번출구,중구,1261
9,을지로입구역 4번출구 앞,중구,943
9,을지로입구역 8번출구,중구,494
9,을지로지하쇼핑센터,중구,389
9,응봉삼거리,성동구,481
9,응봉역 1번출구,성동구,3374
9,응봉현대아파트 정류소,성동구,235
9,응암2동주민센터 버스정류장(영락중학교 방면),은평구,298
9,응암시장교차로,은평구,1949
9,응암역2번출구 국민은행 앞,은평구,3238
9,응암역3번 출구(서부경찰서 방면),은평구,419
9,응암오거리,은평구,1946
9,의정관,영등포구,223
9,이대목동병원보도육교,양천구,1148
9,이대서울병원,강서구,1633
9,이대역 4번 출구,서대문구,244
9,이대역 5번출구,마포구,560
9,이랜드글로벌R&D센터,강서구,138
9,이마트 버스정류장(서부경찰서 방면),은평구,2186
9,이문e편한세상아파트 앞,동대문구,715
9,이문대성유니드아파트 앞,동대문구,765
9,이문동 쌍용아파트 정문,동대문구,938
9,이문삼익아파트 앞,동대문구,295
9,이수고가차도 남단,서초구,1247
9,이수교차로,서초구,1747
9,이수성결교회 옆,동작구,98
9,이수역 11번출구쪽,동작구,1445
9,이수역 1번출구,서초구,2192
9,이수역 4번 출구,서초구,1343
9,이수역 6번출구 앞,서초구,796
9,이수역9번출구,동작구,892
9,이앤씨드림타워 앞,영등포구,2714
9,이좋은집오피스텔 앞,구로구,521
9,이촌1동 마을공원,용산구,379
9,이촌1동 주민센터 뒤,용산구,923
9,이촌2동 동원베네스트 아파트 앞,용산구,897
9,이촌역2번 출구,용산구,412
9,이촌역5번출구 앞,용산구,165
9,이태원관광특구 입구(용산구청방향),용산구,343
9,이태원관광특구입구A(녹사평역쪽),용산구,107
9,이태원로 255,용산구,74
9,이태원역 3번 출구,용산구,657
9,이태원지하보도,용산구,530
9,이투스교육 앞,서초구,263
9,이튼타워리버 2차,광진구,1418
9,이화공영주차장,종로구,431
9,이화여대 인문관 인근,서대문구,239
9,이화여대 후문,서대문구,599
9,인덕대학교,노원구,718
9,인왕산 아이파크 정문,종로구,206
9,인재개발원 데이터센터,서초구,29
9,인재개발원 배움관,서초구,84
9,인헌초교,관악구,299
9,일동제약 사거리,서초구,552
9,일성아파트,종로구,251
9,일신초등학교 옆,성북구,245
9,일원1동 주민센터,강남구,776
9,일원1동주민센터앞 사거리,강남구,504
9,일원에코파크 앞(개포로 방면),강남구,343
9,일원에코파크 주차장,강남구,476
9,일원역 4~5번 출구 사이,강남구,514
9,임광빌딩 앞,서대문구,348
9,자곡사거리,강남구,1400
9,자교교회 앞,종로구,1021
9,자양(뚝섬한강공원)역 1번출구 앞,광진구,10523
9,자양2동 주민센터,광진구,1574
9,자양나들목,광진구,2164
9,자양사거리 광진아크로텔 앞,광진구,2135
9,자양사거리(서원빌딩),광진구,2837
9,자양중앙나들목,광진구,1439
9,자양한강도서관,광진구,1411
9,잔디마을 마을버스 정류장,서초구,1067
9,잠실 자전거 수리센터 앞,송파구,2104
9,잠실 파크리오 120동 앞,송파구,1294
9,잠실3거리(갤러리아팰리스),송파구,964
9,잠실4동 주민센터 옆,송파구,1311
9,잠실근린공원,송파구,1665
9,잠실나들목,송파구,2108
9,잠실나들목2(엘스아파트136동),송파구,737
9,잠실나들목4,송파구,1845
9,잠실나들목5,송파구,537
9,잠실나들목6,송파구,774
9,잠실나루 나들목,송파구,1457
9,잠실나루역 (2번 출구 쪽),송파구,2102
9,잠실나루역 고가하부,송파구,381
9,잠실나루역4번출구뒤,송파구,1585
9,잠실대교북단 교차로,광진구,1815
9,잠실새내역 1번출구,송파구,1939
9,잠실새내역 5번 출구 뒤,송파구,3434
9,잠실역 6번출구,송파구,1714
9,잠실역 8번출구,송파구,3353
9,잠실주공 521동 건너편,송파구,2151
9,잠실주공5단지1,송파구,1768
9,잠실트리지움310동 옆,송파구,1993
9,잠원역 3번-4번 출구사이,서초구,947
9,잣절보도육교 아래,양천구,505
9,장곡초등학교 앞,성북구,1097
9,장로회신학대학교 주기철 기념관,광진구,94
9,장미원시장 건너편,강북구,711
9,장수공원,양천구,784
9,장승배기역 5번출구,동작구,1567
9,장승배기역2번출구뒷편쪽,동작구,630
9,장안동 사거리,동대문구,3294
9,장안동삼거리 교통섬,동대문구,1447
9,장안동위더스빌옆,동대문구,2595
9,장안중학교,중랑구,890
9,장안힐스테이트(아) 앞,동대문구,1883
9,장지공영차고지,송파구,242
9,장지역 1번출구,송파구,1294
9,장충동먹자골목 앞,중구,692
9,장충체육관,중구,240
9,장한평역 3번출구,동대문구,477
9,장한평역 8번 출구 앞,성동구,4153
9,장훈고 앞,영등포구,594
9,재동초교 앞 삼거리,종로구,767
9,전농SK아파트 앞,동대문구,390
9,전농동 동아아파트 앞,동대문구,1463
9,전농동 텃골공원,동대문구,671
9,전농사거리 교통섬,동대문구,1405
9,전농삼성아파트,동대문구,242
9,전농초등학교 건너편,동대문구,528
9,전자랜드 본관 앞,용산구,705
9,정금마을 마을버스정류장,동작구,500
9,정동사거리,중구,795
9,정릉꿈에그린1단지 201동 앞,성북구,246
9,정릉도서관 앞,성북구,628
9,정릉역,성북구,436
9,정의여중고 버스정류소,도봉구,400
9,제2구민체육센타 앞,영등포구,2016
9,제각말푸르지오 5-1단지 아파트,은평구,190
9,제기2교,동대문구,1451
9,제기동 현대아파트 앞,동대문구,329
9,제기동역 1번출구,동대문구,2323
9,제니스스포츠 앞,구로구,411
9,제일강산수산입구,도봉구,949
9,제일빌딩 앞,마포구,1157
9,조계사앞사거리,종로구,1069
9,조원동 강남힐병원,관악구,910
9,조원동 미성아파트,관악구,1087
9,종각역 1번출구 앞,종로구,1547
9,종각역 5번출구,종로구,1242
9,종로2가 버스정류장 (종각방향),종로구,932
9,종로2가 사거리,종로구,1129
9,종로3가역 15번출구 뒤,종로구,797
9,종로3가역 2번출구 뒤,종로구,1234
9,종로3가역 8번출구,종로구,2279
9,종로4가 사거리,종로구,1078
9,종로5가역 4번출구,종로구,1267
9,종로6가역 버스정류장(동대문 방향),종로구,884
9,종로구청 옆,종로구,1831
9,종로꽃시장 입구 옆,종로구,945
9,종로문화원 건너편,종로구,948
9,종로오가 지하쇼핑센터 14번출구,종로구,1252
9,종로타워빌딩,종로구,1117
9,종로플레이스,종로구,2013
9,종묘,종로구,894
9,종묘공영주차장 건너편,종로구,499
9,종암동 동덕여대 제2생활관 앞,성북구,1598
9,종암박스파크,성북구,1178
9,종암초등학교 뒤(새울센스빌),동대문구,343
9,종합운동장역 4번출구,송파구,1249
9,주공14단지,금천구,210
9,주공601동 상가 노원지하보도 앞,노원구,1797
9,주식회사 오뚜기 정문 앞,강남구,382
9,주원 리젠트 앞,강서구,602
9,주홍교 하부,서초구,259
9,준빌딩 앞,은평구,335
9,중계 롯데마트,노원구,1551
9,중계2차 한화꿈에그린 101동 인근,노원구,847
9,중계3차청구아파트,노원구,988
9,중계구민체육센터,노원구,764
9,중계근린공원내,노원구,3314
9,중계동 성모빌딩 앞,노원구,1664
9,중계동 을지중학교,노원구,782
9,중계동 하나프라자빌딩 앞(중1-1),노원구,1753
9,중계본동 입구,노원구,227
9,중계역 2번출구,노원구,1651
9,중계역 3번출구,노원구,1861
9,중계역 6번출구,노원구,2246
9,중계종합사회복지관 교차로,노원구,489
9,중계주공2단지 앞,노원구,627
9,중계중학교,노원구,1329
9,중곡 성원아파트 앞,광진구,885
9,중곡SK아파트앞,광진구,636
9,중곡역 1번출구,광진구,1148
9,중대후문 마을버스정류장,동작구,541
9,중랑공영차고지 옆,중랑구,840
9,중랑교사거리,동대문구,1230
9,중랑구민회관,중랑구,269
9,중랑구청,중랑구,1115
9,중랑구청 사거리,중랑구,1388
9,중랑구청 중화동 별관 앞,중랑구,1894
9,중랑데시앙플렉스 앞,중랑구,350
9,중랑물재생센터(서울새활용플라자),성동구,564
9,중랑세무서,중랑구,2128
9,중랑역 1번 출구(중화문화복지센터),중랑구,933
9,중랑전화국 교차로,중랑구,1482
9,중랑천 뚝방길 산책로 입구,광진구,1124
9,중랑캠핑숲,중랑구,128
9,중림동삼거리,중구,214
9,중부경찰서앞 사거리,중구,356
9,중부경찰서앞사거리 건너편,중구,322
9,중부세무서 앞,중구,197
9,중앙고입구 삼거리,종로구,241
9,중앙근린공원,서대문구,1072
9,중앙농협(자양동),광진구,1859
9,중앙대학교 정문 1,동작구,641
9,중앙대학교 중앙광장,동작구,187
9,중앙동 동진빌딩,관악구,744
9,중앙보훈병원역 1번출구,강동구,298
9,중앙보훈병원역3번출구,강동구,158
9,중앙유통단지 앞,구로구,730
9,중앙유통단지 앞 B,구로구,849
9,중앙일보,중구,130
9,중앙하이츠 아파트 입구,노원구,1568
9,중화동 우리은행 앞,중랑구,901
9,중화빌딩 앞 (동부시장),중랑구,894
9,중화수경공원,중랑구,1287
9,중화역 2번출구,중랑구,1471
9,중화역 4번출구,중랑구,901
9,증권거래소후문교차로,영등포구,1291
9,증미역 2번출구,강서구,1636
9,증미역 3번출구뒤(등촌두산위브센티움오피스텔),강서구,2524
9,증산2교,서대문구,1773
9,증산3교 앞,서대문구,1258
9,증산교 앞,서대문구,1684
9,증산역 4번출구,은평구,1353
9,진관고등학교앞,은평구,607
9,진관동 은빛초등학교,은평구,497
9,진미파라곤 앞,영등포구,1322
9,진주아파트상가 앞,영등포구,933
9,참새공원(백곡경노당),구로구,427
9,창1동주민센터,도봉구,586
9,창경궁 입구,종로구,744
9,창동 주공 4단지 입구 옆,도봉구,771
9,창동19단지아파트 관리사무소앞,도봉구,933
9,창동시장입구 사거리,도봉구,713
9,창동역 1번출구 건너편,도봉구,789
9,창동역 1번출구 앞,도봉구,2749
9,창동역 2번출구,도봉구,2951
9,창동주공17단지 상가앞,도봉구,1317
9,창동주공19단지앞,도봉구,1052
9,창동청소년수련관,도봉구,733
9,창동한신아파트 버스정류소,도봉구,559
9,창신3동주민센터,종로구,1008
9,창신두산아파트,종로구,158
9,창신역 1번출구 앞,종로구,479
9,창신역2번 출구,종로구,152
9,창원초등학교 교차로,도봉구,695
9,창포원 남쪽 입구,도봉구,713
9,천동초교 삼거리,강동구,1455
9,천동초교입구사거리 버스정류장(십자성마을 방면),강동구,1505
9,천왕역 1번 출입구 앞,구로구,1666
9,천왕역 3번 출구 뒤,구로구,954
9,천왕역 4번출구 뒤,구로구,923
9,천왕연지타운2단지 앞,구로구,1307
9,천왕이펜하우스 4단지 후문,구로구,249
9,천왕이펜하우스3단지 앞,구로구,374
9,천왕이펜하우스5단지 앞,구로구,350
9,천왕지구삼거리 앞,구로구,618
9,천왕차량사업소 입구,구로구,614
9,천일초교 사거리,강동구,804
9,천주교 대치 2동 교회 옆,강남구,771
9,천지인 오피스텔 앞,종로구,108
9,천호시장 버스정류소 옆,강동구,635
9,천호역 10번 출구 앞,송파구,2921
9,천호역4번출구(현대백화점),강동구,4060
9,천호역효성해링턴타워 앞,강동구,999
9,천호지하주차장 5번 출입구,강동구,1046
9,천호초교 입구 사거리(일주빌딩),강동구,956
9,철도교통관제센터 정문 앞,구로구,1823
9,청계2가 사거리 옆,종로구,1254
9,청계3가 사거리,종로구,1036
9,청계8가 사거리 B,성동구,2208
9,청계8가사거리 A,종로구,2052
9,청계9가교차로 앞,동대문구,2437
9,청계광장 옆,중구,1269
9,청계벽산아파트 앞,성동구,1382
9,청계산 입구 삼거리,서초구,123
9,청계산입구역 1번출구,서초구,930
9,청계산입구역 2번출구,서초구,204
9,청계천 박물관 앞,성동구,655
9,청계천 생태교실 앞,성동구,5089
9,청계천 영도교,중구,2893
9,청계한신휴플러스앞 삼거리,동대문구,1131
9,청구e편한세상아파트 113동 앞,중구,1020
9,청구성심병원 앞,은평구,525
9,청구아파트 앞,구로구,1175
9,청기와빌딩,양천구,868
9,청년주택 독산동점,금천구,599
9,청년취업사관학교앞,금천구,400
9,청담공원앞 교차로,강남구,893
9,청담나들목입구,강남구,498
9,청담동 맥도날드 옆(위치),강남구,334
9,청담백영빌딩 앞,강남구,232
9,청담사거리(신한오피스텔빌딩 앞),강남구,185
9,청담역 11번 출구,강남구,190
9,청담역 13번 출구 앞,강남구,428
9,청담역 1번출구,강남구,210
9,청담역 2번출구,강남구,155
9,청담역(우리들병원 앞),강남구,331
9,청량리 기업은행 앞,동대문구,2904
9,청량차도 육교 밑,동대문구,636
9,청소년수련관 후문,노원구,4104
9,청소년수련관(수영장)앞,강남구,346
9,청소년음악센터,양천구,720
9,청솔우성아파트 앞,동대문구,1357
9,청암예술학교 앞,노원구,1330
9,청암자이아파트 앞,용산구,816
9,청와대앞길,종로구,216
9,청운초교 앞 삼거리,종로구,596
9,청파동삼거리 앞,용산구,707
9,청파동입구 교차로,용산구,807
9,초롱타운 앞,구로구,250
9,초원아파트 앞,영등포구,1349
9,총신대 앞(육교),동작구,72
9,충무로역 1번출구,중구,861
9,충무로역 6번출구 앞,중구,907
9,충북 미래관,영등포구,3184
9,충정2교,서대문구,620
9,충정로역 1번 출구,서대문구,206
9,충정로역 2호선(엘리베이터 앞),중구,518
9,충정로역 3번 출구,서대문구,241
9,충정로역 7번출구 아래,서대문구,468
9,커먼그라운드,광진구,2171
9,코레일유통본사,영등포구,983
9,코스트코 상봉점,중랑구,1480
9,코오롱One&Only타워,강서구,1401
9,코오롱디지털타워 3차앞,성동구,1602
9,코오롱아파트사거리,마포구,2740
9,코오롱테크노밸리,금천구,242
9,콤텍시스템 앞,영등포구,702
9,크라운호텔앞 버스정류소,용산구,503
9,크린랩 본사,강남구,282
9,탄천1교 하부보도,송파구,511
9,탑골공원 앞,종로구,690
9,탑성마을 버스정거장 옆,서초구,24
9,탑성마을입구,서초구,24
9,태릉입구역 3번출구,노원구,1182
9,태릉입구역 5번출구,노원구,3201
9,태릉입구역 8번출구,노원구,1872
9,태평양물산,구로구,2568
9,테라타워2,송파구,2024
9,테크노마트 앞,구로구,2177
9,퇴계로4가 교차로(중구청),중구,1108
9,트레빌빌딩,강동구,1384
9,파르코 앞,노원구,322
9,파스쿠찌 청담사거리점 앞,강남구,247
9,파크타워 104동 앞,용산구,307
9,파크팰리스,종로구,709
9,페코텍글로벌허브빌딩 앞,성동구,2093
9,평생학습관 앞,은평구,1212
9,평창동주민센터 앞,종로구,177
9,평화도봉공원 주변,도봉구,922
9,포레나 당산,영등포구,2066
9,포레스 주상복합 빌딩,강동구,1423
9,포르투갈 대사관 앞,종로구,890
9,포스코사거리 서측(수협 삼성동 지점),강남구,531
9,포스코사거리(기업은행),강남구,1076
9,포스코피앤에스타워 (역삼역 3번출구 부근),강남구,555
9,폭포동입구 교차로,은평구,277
9,푸르메병원,마포구,1419
9,푸조비즈타워 앞,성동구,1426
9,풍납근린공원,송파구,739
9,풍납동 아이파크 107동 앞,송파구,914
9,풍납백제문화공원 옆 인근,송파구,2286
9,풍납사거리 성내유수지,송파구,812
9,풍납사거리(강동),강동구,1298
9,풍납중학교 측면,송파구,286
9,풍납토성 서성벽터A,송파구,937
9,풍납토성 서성벽터B,송파구,506
9,풍납현대아파트쉼터,송파구,2022
9,풍전아파트 건너편,용산구,777
9,프라이어팰리스아파트,강동구,617
9,프라자 아파트 앞,강동구,856
9,프런트원(공덕역4번출구 앞),마포구,723
9,필동 삼거리,중구,679
9,하계 어린이 공원,노원구,1519
9,하계2동 공항버스정류장 옆,노원구,1339
9,하계역 4번출구 앞,노원구,1041
9,하계역 6번출구,노원구,1477
9,하늘공원 입구,마포구,946
9,하늘숲초등학교 앞,구로구,802
9,하늘채코오롱아파트 건너편,마포구,2124
9,하늘채코오롱아파트 앞,성북구,694
9,하얏트호텔 앞,용산구,29
9,하우스디세종타워 앞,성동구,918
9,하이투자증권 앞,영등포구,1398
9,학동로 래미안 아파트 앞,강남구,262
9,학동역,강남구,379
9,학여울역 사거리,강남구,421
9,학여울역 사거리(LG베스트샵 앞),강남구,631
9,학여울역사거리(은마아파트),강남구,181
9,한가람미술관 앞,서초구,189
9,한가람아파트 앞,용산구,691
9,한강 현대아파트 건너편,동작구,46
9,한강GS에클라트 건너편 교통섬,용산구,648
9,한강공원 망원나들목,마포구,11221
9,한강대교 북단 교차로,용산구,1721
9,한강버스 마곡 선착장,강서구,712
9,한강아파트,강서구,1863
9,한강중학교 앞 버스정류장,용산구,215
9,한강진역 2번 출구 앞,용산구,392
9,한강초교보도육교 앞,용산구,874
9,한강트럼프월드3차 앞,용산구,1173
9,한국SGI 양천문화회관 앞,양천구,998
9,한국경제,중구,281
9,한국과학기술연구원 북문,성북구,164
9,한국과학기술연구원 중문,성북구,226
9,한국국방연구원 앞,동대문구,997
9,한국우편사업진흥원,강남구,284
9,한국은행,중구,330
9,한국전력 구로금천지사 앞,금천구,578
9,한국전력공사(동대문 중랑지사),중랑구,859
9,한국종합기술사옥 앞,강동구,1779
9,한국지역난방공사강남지사,강남구,395
9,한국체육대학교,송파구,486
9,한남 유수지 복개주차장,용산구,667
9,한남나들목 입구,용산구,1375
9,한남나인원 105동 앞,용산구,308
9,한남초교 앞 보도육교,용산구,85
9,한내 행복발전소 옆,노원구,2478
9,한내근린공원 남측,노원구,757
9,한내근린공원 북측,노원구,1181
9,한림대학교 강남성심병원 신관,영등포구,1245
9,한마을아파트 정문상가,구로구,1582
9,한사랑교회 앞,양천구,1031
9,한성대7번출구 앞,성북구,635
9,한성대입구역2번출구,성북구,1487
9,한성대입구역6번출구 뒤,성북구,727
9,한성백제역 1번출구 뒤,송파구,2298
9,한성백제역 2번 출구,송파구,2507
9,한신16차아파트 119동 앞,서초구,3170
9,한신아파트 앞 육교 아래,금천구,483
9,한신코아 앞,금천구,369
9,한신휴아파트 앞,구로구,1828
9,한양3차아파트 3동 앞,송파구,173
9,한양대병원사거리,성동구,1499
9,한양대역 1번출구,성동구,669
9,한양대역 3번 출구,성동구,1321
9,한양대후문역 부근,성동구,1136
9,한양수자인아파트 앞,중랑구,454
9,한영외국어고등학교,강동구,289
9,한영중고앞사거리,강동구,403
9,한울중학교,금천구,183
9,한일유앤아이아파트 105동 인근,노원구,933
9,한전아트센터 앞,서초구,581
9,한진아파트 입구,구로구,871
9,한천교 동편,노원구,1001
9,한티역 3번출구,강남구,356
9,한티역 6번 출구,강남구,465
9,한티역 롯데백화점 앞,강남구,824
9,한화오벨리스크 앞,마포구,780
9,함지박 사거리,서초구,721
9,합정동주민센터 앞,마포구,2259
9,합정역 1번출구 앞,마포구,1379
9,합정역 5번출구 앞,마포구,771
9,합정역 7번출구 앞,마포구,2581
9,항동지구 10단지 1001동 앞,구로구,286
9,항동지구 11단지 1103동 앞,구로구,115
9,항동지구 1단지 105동 앞,구로구,180
9,항동지구 2단지 202동 앞,구로구,188
9,항동지구 3단지 302동 앞,구로구,98
9,항동지구 3단지 311동 앞,구로구,62
9,항동지구 4단지 입구,구로구,123
9,항동지구 6단지 602동 앞,구로구,252
9,항동지구 7단지 정문,구로구,411
9,항동지구 8단지 803동옆(주차장입구),구로구,90
9,항동지구5단지 501동 앞,구로구,215
9,항동프라자,구로구,427
9,항동하버리안2단지아파트 후문,구로구,153
9,해공공원(천호동),강동구,1898
9,해공도서관앞,강동구,897
9,해담는다리,서대문구,1765
9,해뜨는 주유소옆 리엔파크 109동앞,강동구,586
9,해원리바파크 육교 밑,구로구,2180
9,행당동 삼부APT후문,성동구,348
9,행당역 2번출구 앞,성동구,548
9,행당중학교 후문,성동구,631
9,허준박물관삼거리,강서구,1211
9,헌인릉 입구,서초구,18
9,헬리오시티 112동 앞,송파구,1042
9,헬스케어,노원구,1132
9,현대 뜨레비앙 아파트 앞,종로구,1073
9,현대 안성타워,용산구,210
9,현대6차 아파트,노원구,1226
9,현대6차아파트 101동 옆,양천구,1071
9,현대고등학교 건너편,강남구,1626
9,현대그룹(본사),종로구,873
9,현대백화점 미아점,성북구,820
9,현대벤처빌 앞,마포구,227
9,현대성우아파트 옆,강북구,213
9,현대시장사거리,관악구,1091
9,현대시티아울렛 가산,금천구,1351
9,현대아파트 앞,구로구,536
9,현대아파트 정문 앞,강남구,499
9,현대자동차 동부서비스센터 주변,성동구,932
9,현대자동차서비스 앞,용산구,863
9,현대하이페리온,양천구,2787
9,현대홈타운 뒷길,광진구,304
9,혜명양로원 담장 옆(2),금천구,300
9,혜화동 로터리,종로구,1261
9,혜화역 1번출구,종로구,2176
9,혜화역 3번출구 뒤,종로구,1232
9,호돌이상가,송파구,624
9,호반써밋,송파구,597
9,호반써밋12단지,송파구,461
9,호암아트홀,중구,167
9,홈플러스 금천점 앞,금천구,702
9,홈플러스 마포점 앞,마포구,2390
9,홈플러스 면목점,중랑구,778
9,홈플러스 상봉점 앞,중랑구,1270
9,홈플러스 시흥점 맞은편 다비치안경 앞,금천구,641
9,홈플러스 신내점 앞,중랑구,2140
9,홈플러스 잠실점,송파구,1520
9,홈플러스(강서점),강서구,2649
9,홍남교 버스정류장,서대문구,652
9,홍남교 사거리,서대문구,1179
9,홍대입구역 2번출구 앞,마포구,4021
9,홍대입구역 3번출구,마포구,3124
9,홍대입구역 6번출구,마포구,1297
9,홍대입구역 8번출구 앞,마포구,1898
9,홍대입구역 사거리,마포구,1501
9,홍련봉 공원,광진구,499
9,홍연2교 사거리,서대문구,624
9,홍연2교옆,서대문구,1119
9,홍은 현대아이파크 아파트 202동 앞,서대문구,721
9,홍은2파출소 옆,서대문구,552
9,홍은도담도서관,서대문구,499
9,홍은동 정원여중 입구,서대문구,858
9,홍은사거리,서대문구,2919
9,홍은센트레빌 아파트 앞,서대문구,370
9,홍익병원앞 교차로,양천구,1619
9,홍익중고 입구,성북구,788
9,홍제교,서대문구,670
9,홍제삼거리 북측,서대문구,940
9,화곡2동주민센터,강서구,1000
9,화곡로 입구 교차로,양천구,375
9,화곡본동시장 버스정류장,강서구,488
9,화곡본동시장 입구,강서구,647
9,화곡역 1번 출구 앞,강서구,1769
9,화곡역 6번출구,강서구,1645
9,화곡역 버스정류장,강서구,1940
9,화곡터널입구교차로,강서구,758
9,화랑대역 2번출구 앞,노원구,2862
9,화랑대역 7번출구,중랑구,1906
9,화양 APT(횡단보도 옆),광진구,2859
9,화양동 우체국,광진구,2469
9,화양사거리,광진구,662
9,황금내근린공원,강서구,2230
9,황학동롯데캐슬,중구,1954
9,회현사거리 남측,중구,471
9,회현역 1번출구,중구,222
9,회현역 7번출구,중구,236
9,효성인텔리안 앞,강북구,1777
9,효자동 삼거리,종로구,885
9,효창 푸르지오 앞,용산구,225
9,효창공원앞역 3번출구 앞,용산구,1401
9,효창공원앞역 5번출구 옆,용산구,328
9,효창동주민센터 앞,용산구,213
9,훈련원공원주차장 앞,중구,1221
9,휘경119안전센터 앞,동대문구,868
9,휘경1동주민센터 앞,동대문구,897
9,휘경2동 주민센터,동대문구,370
9,휘경sk뷰아파트 앞,동대문구,502
9,휘경여중고삼거리,동대문구,1108
9,휘문고교 사거리,강남구,226
9,휘봉고등학교 앞,동대문구,854
9,휴플러스 수락한신아파트 101동 앞,노원구,500
9,흑석 아크로리버하임(103동),동작구,129
9,흑석동주민센터 입구,동작구,239
9,흑석동효사정앞,동작구,227
9,흑석롯데캐슬에듀포레(107동),동작구,410
9,흑석역 1번출구,동작구,2183
9,흑석역 4번출구,동작구,551
9,흑석한강푸르지오 106동앞,동작구,22
9,흑석한강푸르지오(110동),동작구,168
9,흥국사 정류장,은평구,150
9,희성오피앙,노원구,869
9,희훈타워빌 앞,구로구,1615
9,힐스테이트에코,강서구,2381
9,힐스테이트창경궁 아파트 앞,종로구,875
9,힐스테이트클래시안아파트,영등포구,995
10,(시립)고덕평생학습관,강동구,608
10,(재)FITI시험연구원,강서구,1645
10,3호선 매봉역 3번출구앞,강남구,1584
10,419민주묘지역,강북구,665
10,419민주묘지역 1번출구,강북구,1327
10,419탑 앞,강북구,591
10,"500번,507번 버스 종점 앞",금천구,278
10,63스퀘어,영등포구,2464
10,7호선 이수역7번출구,동작구,928
10,9호선종합운동장역 9번출구,송파구,1108
10,AS센터,성동구,44
10,CBS방송국 앞,양천구,5206
10,CJ 드림시티,은평구,4031
10,CJ오쇼핑앞,서초구,156
10,CJ제일제당 앞,중구,1421
10,DDP 패션몰,중구,1387
10,DMC래미안e편한세상203동옆,서대문구,594
10,DMC빌 앞,마포구,734
10,DMC산학협력연구센터 앞,마포구,1436
10,DMC엘가아파트 앞,서대문구,1164
10,DMC역 2번출구 옆,마포구,2261
10,DMC역 5번 출구(수색역 방향),은평구,1946
10,DMC역 9번출구 앞,마포구,2562
10,DMC역7번출구,마포구,617
10,DMC첨단산업센터,마포구,427
10,DMC파크뷰자이1단지 110동 앞,서대문구,951
10,DMC파크뷰자이아파트 302동 앞,서대문구,982
10,DMC홍보관,마포구,1411
10,ESA아파트 상가 앞,도봉구,1253
10,FITI시험연구원 앞,동대문구,695
10,HID 유족동지회 앞,용산구,125
10,HW컨벤션센터 앞,종로구,208
10,H비즈니스파크,송파구,1240
10,H타워 앞,영등포구,2155
10,IBK기업은행 석수역 지점 앞,금천구,171
10,JK장평타워,관악구,292
10,JTBC 앞,마포구,910
10,JW타워,서초구,285
10,K&S빌딩 앞,광진구,2020
10,K+ 타워 앞,강남구,690
10,KAIST 경영대학 앞,동대문구,1183
10,KBS 스포츠월드,강서구,2836
10,KBS 앞,영등포구,2748
10,KBS 연구동 건너편,영등포구,722
10,KB국민은행 염창역 지점 앞,양천구,1503
10,KCC용산웰츠(WELLTZ)타워,용산구,526
10,KEB 하나금융그룹 명동사옥 옆,중구,969
10,KEB은행 고대점,성북구,1350
10,KG타워 앞,중구,1023
10,KRX한국거래소(1),영등포구,989
10,KT 서초지사 앞,서초구,348
10,KT 전화국 버스정류장 옆,노원구,3806
10,KT&G 관악지점,관악구,511
10,KT&G강동지사,강동구,1384
10,KT&G타워 옆(상상마당 대치아트홀),강남구,400
10,KT관악지점,관악구,956
10,KT선릉타워,강남구,1311
10,KT앞,영등포구,2781
10,KT플라자 영등포점,영등포구,2521
10,KT혜화지사 앞,종로구,1207
10,LG CNS앞,마포구,872
10,LG 사이언스파크,강서구,1413
10,LG사이언스파크 E10동,강서구,1823
10,LG사이언스파크 E14동,강서구,2246
10,LG사이언스파크 E2동,강서구,698
10,LG사이언스파크 E7동,강서구,1034
10,LG사이언스파크 W4동,강서구,622
10,LG유플러스 (방배사옥),서초구,101
10,LG유플러스 마곡사옥,강서구,3937
10,LG전자 별관동(호서대 벤처타워 맞은편),금천구,922
10,LG전자가산A와 가산테라타워 사이,금천구,1555
10,LG트윈타워 앞,영등포구,3419
10,LG한강 자이아파트 앞,용산구,1573
10,LH 서초 4단지 403동,서초구,553
10,LH서초3단지 301동 맞은편,서초구,304
10,LIGA 아파트 앞,강동구,3154
10,LIG강촌아파트 103동앞,용산구,1417
10,MBC 앞,마포구,691
10,MCM 본사 직영점 앞,강남구,279
10,NH농협은행 앞,영등포구,3116
10,SBS방송국,양천구,2507
10,SB타워 앞,강남구,344
10,SC제일은행 양재동지점 앞,서초구,635
10,SK 남산빌딩,중구,266
10,SK 서린빌딩 앞,종로구,2169
10,SK리쳄블(서울아리수본부),서대문구,381
10,SPC 앞,서초구,859
10,SSTS 몰 앞,강동구,825
10,STX V타워,금천구,583
10,U레지던스 앞,영등포구,1161
10,W컨템포오피스텔앞,금천구,307
10,e 편한세상 보문아파트 내,성북구,135
10,e편한세상 상도노빌리티 앞,동작구,824
10,e편한세상 신촌4단지 앞,서대문구,818
10,kt 행당빌딩 앞,성동구,1190
10,sk신내 주유소앞(용마산로),중랑구,197
10,가든파이브 리빙관,송파구,283
10,가락1동주민센터,송파구,1188
10,가락2동주민센터 인근,송파구,667
10,가락고등학교 앞,송파구,533
10,가락대림아파트 앞,송파구,1027
10,가락몰 업무동,송파구,1467
10,가락미륭아파트 앞,송파구,462
10,가락본동주민센터 인근,송파구,1421
10,가락삼환아파트 앞,송파구,405
10,가락시장 남1문 사거리,송파구,718
10,가락시장역 2번 출구,송파구,1279
10,가락시장역 3번 출구,송파구,1853
10,가락시장역 5번출구,송파구,642
10,가락시장역 사거리,송파구,1043
10,가락쌍용2차아파트 103동,송파구,733
10,가락종합 사회복지관,송파구,596
10,가락중학교 앞,송파구,649
10,가락현대 1차 11동 앞,송파구,404
10,가로공원공영주차장 1번 출구,강서구,1451
10,가리봉동주민센터,구로구,1398
10,가마산지하보도 옆,구로구,566
10,가산동 주민센터,금천구,1705
10,가산디지털단지 9번출구 인근,금천구,3104
10,가산롯데아이티캐슬,금천구,1109
10,가산아네스트 오피스텔 앞,금천구,748
10,가양3동 주민센터,강서구,1591
10,가양레포츠센터 앞,강서구,1342
10,가양역 1번출구,강서구,2866
10,가양역 7번출구,강서구,4704
10,가양역 8번출구,강서구,4382
10,가양오토갤러리,강서구,1150
10,가양테크노타운,강서구,828
10,가오리역,강북구,1031
10,가온문화공원,마포구,1410
10,가재울 초등학교,서대문구,1509
10,가재울사거리,서대문구,696
10,가좌삼거리,서대문구,1186
10,가좌역 4번출구 앞,서대문구,1591
10,가좌역1 번출구 앞,마포구,1216
10,가좌행복주택 앞,마포구,1064
10,갈산문화예술센터,양천구,1590
10,갈현1동 주민센터,은평구,401
10,갑을그레이트밸리 앞,금천구,805
10,강남 을지병원 교차로,강남구,345
10,강남경찰서,강남구,1320
10,강남구 도시관리공단,강남구,473
10,강남구청,강남구,526
10,강남구청역 2번출구 뒤,강남구,660
10,강남세브란스교차로  래미안그레이튼 104동 앞,강남구,468
10,강남자곡힐스테이트,강남구,743
10,강남중학교 앞,동작구,1428
10,강남파이낸스센터앞(역삼역2번출구),강남구,1019
10,강남한신휴플러스 6단지,강남구,543
10,강남한양수자인아파트,강남구,726
10,강동경찰서,강동구,3243
10,강동경희대학교병원 입구,강동구,511
10,강동구청 앞,강동구,3131
10,강동구청역 1번 출입구,강동구,2232
10,강동농협 버스정류소 앞(광채빌라),강동구,788
10,강동롯데캐슬퍼스트 아파트(관리동),강동구,635
10,강동리버스트4단지아파트 404동 앞,강동구,398
10,강동리버스트4단지아파트 405동 앞,강동구,307
10,강동리버스트6단지,강동구,403
10,강동리버스트7단지,강동구,447
10,강동리버스트8단지,강동구,591
10,강동리엔파크 13단지(1303동 앞),강동구,772
10,강동리엔파크14단지(1401동 앞),강동구,726
10,강동리엔파크9단지,강동구,535
10,강동세무서,강동구,2866
10,강동역 1번출구 앞,강동구,1936
10,강동역3번출구,강동구,3279
10,강변그대가리버뷰 입구 맞은편,강동구,1643
10,강변삼성래미안,영등포구,1406
10,강변삼성스위트아파트 앞,용산구,380
10,강변아파트 310동 앞,강서구,1324
10,강변역 4번출구 뒤,광진구,1696
10,강북 청소년 문화정보도서관 앞,강북구,341
10,강북구청 뒷편,강북구,319
10,강북구청 사거리 버스정류소 앞,강북구,1005
10,강북구청사거리,강북구,1409
10,강북구청사거리(수유역 8번출구),강북구,2253
10,강북문화예술회관,강북구,1067
10,강북문화정보도서관,강북구,244
10,강북종합시장 앞,강북구,707
10,강북중학교 앞,강북구,1842
10,강서공업고등학교 앞,강서구,1088
10,강서구립등빛도서관,강서구,4062
10,강서구민올림픽체육센터,강서구,1993
10,강서구보건소,강서구,996
10,강서구의회,강서구,2176
10,강서구청,강서구,2891
10,강서구청사거리(SH타워),강서구,3174
10,강서구청사거리(부민병원),강서구,1399
10,강서대학교,강서구,563
10,강서도로사업소,강서구,279
10,강서면허시험장 앞,강서구,445
10,강서문화센터,강서구,278
10,강서세무서 앞,강서구,2932
10,강서수도사업소민원센터,구로구,1684
10,강서수산물도매시장,강서구,988
10,강서아동복지센터,강서구,154
10,강서우체국,강서구,1521
10,강서초등학교,양천구,602
10,강서한강자이타워 앞,강서구,3467
10,강서힐스테이트 상가 앞,강서구,1260
10,강월초교입구 사거리,양천구,665
10,강일 다솜 어린이 공원,강동구,318
10,강일동 리슈빌 빌딩앞,강동구,1395
10,강일동입구교차로,강동구,387
10,강일리버파크 10단지,강동구,636
10,강일리버파크 2~5단지,강동구,607
10,강일리버파크 6단지,강동구,262
10,강일리버파크 7~11단지,강동구,408
10,강일역 3번출구,강동구,713
10,강일역 4번출구,강동구,323
10,"강일중,선사고 버스정류장(신암중학교 방면)",강동구,1337
10,개롱역 3번 출구 뒤,송파구,970
10,개롱역사거리 2번 출구,송파구,1050
10,개봉센트레빌레우스아파트 앞,구로구,227
10,개봉아이파크아파트 앞,구로구,1073
10,개봉역 1번 출구 자전거보관서쪽,구로구,778
10,개봉역2번출구 A,구로구,1924
10,개봉역2번출구 B,구로구,490
10,개봉지구대 개봉치안센터,구로구,820
10,개봉푸르지오아파트 상가,구로구,1720
10,개포1단지아파트 입구 (보도육교),강남구,38
10,개포고등학교 정문앞,강남구,502
10,개포동역 4번출구,강남구,1183
10,개포동역 사거리,강남구,801
10,개포래미안포레스트아파트 107동 앞,강남구,767
10,개포우성6차아파트 정문 앞,강남구,397
10,개화광역환승센터,강서구,434
10,개화산역 2번 출구,강서구,1089
10,거여5단지 503동 앞,송파구,489
10,거여동 사거리,송파구,411
10,거여동 어울림아파트  102동앞,송파구,604
10,거여동사거리 송파둘레길 입구,송파구,212
10,거여역 3번출구,송파구,1592
10,거여역 8번출구 뒤,송파구,1578
10,거여초등학교 옆,송파구,606
10,건국대학교 (입학정보관),광진구,2295
10,건국대학교 (행정관),광진구,868
10,건국대학교 과학관(이과대) 앞,광진구,1130
10,건국대학교 정문 앞,광진구,1441
10,건국대학교 학생회관,광진구,3571
10,건대병원후문,광진구,4597
10,건대입구역 5번출구 뒤,광진구,5644
10,건대입구역 사거리(롯데백화점),광진구,6346
10,건영상가 앞,영등포구,445
10,건영아파트 앞,성동구,1887
10,건영아파트앞 사거리,송파구,1592
10,겸재교 진입부,중랑구,2677
10,겸재정선미술관,강서구,1589
10,경기여자고등학교 후문 (삼성로3길 입구),강남구,775
10,경문고등학교 앞,동작구,876
10,경복궁역 6번출구 뒤,종로구,2464
10,경복궁역 7번출구 앞,종로구,914
10,경서농협 버스정류장(우리은행신정동지점방향),양천구,1193
10,경일중학교 앞,성동구,2102
10,"경찰병원역 1,2번 출구 사이",송파구,745
10,경찰병원역 3번출구 앞,송파구,1276
10,경창시장,양천구,955
10,경희궁 자이 2단지,종로구,1167
10,경희궁 자이 3단지,종로구,983
10,경희대학교 청운관,동대문구,1248
10,계남공원 입구 주출입구 좌측,양천구,280
10,고대구로병원 앞,구로구,888
10,고대앞사거리 교통섬,동대문구,1486
10,고덕 래미안 힐스테이트(101동),강동구,507
10,고덕 래미안힐스테이트(201동),강동구,166
10,고덕동 래미안 힐스테이트,강동구,378
10,고덕동 아남아파트,강동구,987
10,고덕동 주양쇼핑,강동구,1098
10,고덕센트럴 아이파크상가 앞,강동구,621
10,고덕숲 아이파크 1,강동구,287
10,고덕숲 아이파크 2,강동구,256
10,고덕역 5번출구,강동구,2305
10,고덕자이(105동 앞),강동구,1097
10,고덕중학교 후문,강동구,30
10,고덕초등학교,강동구,154
10,고려대학교 2번출구,성북구,2379
10,고려사대부속중고 건너편,성북구,270
10,고려사대부속중고 정문,성북구,417
10,고속터미널역 3번출구,서초구,765
10,고속터미널역 5번출구 앞,서초구,889
10,"고속터미널역 8-1번, 8-2번 출구 사이",서초구,3824
10,고척LIGA아파트 앞,구로구,1991
10,고척교 교차로,구로구,827
10,고척근린공원 고척도서관 앞,구로구,1181
10,고척스카이돔구장 광장,구로구,1128
10,고척아이파크아파트 106동 앞,구로구,1212
10,고척아이파크아파트 205동 앞,구로구,1278
10,고투몰 gate 15옆,서초구,922
10,곰달래 문화복지센터 A,강서구,1926
10,곰달래 문화복지센터 B,강서구,757
10,공덕역 2번출구,마포구,1203
10,공덕역 5번출구,마포구,1274
10,공덕역 8번출구,마포구,2963
10,공릉1단지아파트,노원구,3056
10,공릉동 신도1차 아파트 뒤,노원구,1175
10,공릉동풍림아파트 101동,노원구,1349
10,공릉로 26길,노원구,1003
10,공릉산 백세문 입구,노원구,169
10,공릉역 1번 출구 앞,노원구,3722
10,공릉역3번출구,노원구,2143
10,공릉풍림아파트 108동,노원구,1140
10,공무원연금매점 교차로 (개포주공9단지 입구),강남구,1159
10,공항시장역 2번출구 뒤,강서구,1762
10,공항시장역 4번출구,강서구,957
10,공항중학교 버스정류장,강서구,580
10,공항중학교앞,강서구,1450
10,공항초등학교건너편,강서구,2652
10,과기대 입구(우),노원구,3081
10,관문주유소(GS칼택스) 앞,강서구,1505
10,관악 GSfresh,관악구,686
10,관악구민체육센터,관악구,482
10,관악구시설관리공단,관악구,1490
10,관악구청교차로,관악구,541
10,관악우체국,관악구,2081
10,관악우체국 교차로,관악구,479
10,광교사거리 남측,중구,937
10,광나루안전체험관,광진구,1478
10,광나루역 3번 출구,광진구,2095
10,광남중학교,광진구,1178
10,광문고교사거리(아이파크),강동구,735
10,광산사거리,강북구,1502
10,광양중학교 앞,광진구,721
10,광운대역 앞,노원구,1708
10,광운대학교 중앙도서관,노원구,2007
10,광운초등학교 앞,성북구,800
10,광일빌딩,관악구,960
10,광진 캠퍼스시티,광진구,2316
10,광진경찰서,광진구,2914
10,광진광장,광진구,1853
10,광진광장 교통섬,광진구,3465
10,광진교 남단 사거리(천호공원 방면),강동구,1622
10,광진구 민방위교육센터,광진구,1279
10,광진메디칼 앞,광진구,1514
10,광진문화예술회관 앞,광진구,2033
10,광진소방서 앞,광진구,1375
10,광진유진스웰,광진구,203
10,광진정보도서관,광진구,1469
10,광진청소년수련관,광진구,1772
10,광평교사거리 인근,송파구,68
10,광화문 S타워 앞,종로구,2666
10,광화문 풍림스페이스본 1단지앞,종로구,764
10,광화문역 1번출구 앞,종로구,2524
10,광화문역 5번출구,종로구,2937
10,광화문역 6번출구 옆 A,종로구,1043
10,광화문역 6번출구 옆 B,종로구,643
10,광흥창역 2번출구 앞,마포구,604
10,광흥창역5번출구,마포구,511
10,광희문,중구,990
10,교대역 5번출구뒤,서초구,1572
10,교대역 6번출구,서초구,808
10,교대입구 교차로,서초구,474
10,교보생명보험 앞,영등포구,1395
10,교보타워 버스정류장(신논현역 3번출구 후면),강남구,971
10,교수마을 입구,강남구,237
10,구 서부경찰서 건너편,은평구,900
10,구기치안센터 앞,종로구,156
10,구로1동우체국 앞,구로구,291
10,구로거리공원 동측(신도림역 방면),구로구,1158
10,구로공구상가 앞,구로구,216
10,구로교 아래,동작구,1530
10,구로구배드민턴실내체육관 앞,구로구,545
10,구로구의회 앞,구로구,1543
10,구로구청,구로구,1394
10,구로도서관,구로구,3336
10,구로동롯데아파트,구로구,873
10,구로디지털단지역 앞,구로구,7629
10,구로리공원,구로구,1423
10,구로역 광장,구로구,2499
10,구로역·NC신구로점 버스정류장(구로역 방면),구로구,1778
10,구로월드아파트 앞,구로구,1321
10,구로자원순환센터,구로구,157
10,구로중학교앞,구로구,472
10,구룡근린공원,마포구,363
10,구룡마을 입구 (래미안블레스티지 아파트),강남구,255
10,구룡사 삼거리,서초구,317
10,구룡사 앞 교차로 (보도육교),강남구,95
10,구룡산 입구 (구룡산 서울둘레길 입구),강남구,55
10,구룡역 1번 출구,강남구,304
10,구룡역 4번 출구,강남구,167
10,구룡역 5번 출구,강남구,236
10,구룡초사거리 (현대아파트10동 앞 ),강남구,445
10,구룡터널 입구(개포1단지아파트),강남구,8
10,구립양천어르신요양센터,양천구,124
10,구산역 2번 출구 예일여고 버스정류장,은평구,1438
10,구산역 4번출구,은평구,1332
10,구암초등학교 버스정류장,관악구,204
10,구역삼세무서 교차로,강남구,875
10,구의3동주민센터,광진구,447
10,구의7단지현대아파트,광진구,263
10,구의공원(테크노마트 앞),광진구,2057
10,구의문주차장 앞,광진구,1895
10,구의삼성쉐르빌 앞,광진구,2660
10,구의아리수정수센터앞,광진구,814
10,구의역 리버비스타 오피스텔,광진구,3323
10,구일고등학교 정문,구로구,1912
10,구일역 1번 출입구 앞,구로구,2152
10,구일우성(아) 육교 밑,구로구,1496
10,구파발10단지 인근,은평구,265
10,구파발역 2번출구,은평구,2584
10,구파발역 환승센터,은평구,748
10,국군복지단,용산구,265
10,국립국악원 앞,서초구,314
10,"국립국악중,고교 정문 맞은편",강남구,901
10,국립어린이과학관,종로구,608
10,국립중앙도서관(국제회의장옆),서초구,366
10,국립중앙박물관 -용산가족공원 앞,용산구,498
10,국립중앙박물관 정문 앞,용산구,255
10,국립항공박물관,강서구,546
10,국립현대미술관,종로구,877
10,국민연금공단충정로사옥,서대문구,246
10,국민은행 연서지점,은평구,674
10,국민은행 종암동지점 앞,성북구,2565
10,국민일보 앞,영등포구,3835
10,국악고교 앞 교차로,강남구,396
10,국제 스케이트장,노원구,176
10,국제루터교회 앞,용산구,126
10,국제빌딩,중구,455
10,국회2문,영등포구,284
10,국회3문,영등포구,225
10,국회6문,영등포구,335
10,국회도서관,영등포구,636
10,국회소통관,영등포구,487
10,국회의사당 본관,영등포구,448
10,국회의사당역 3번출구 옆,영등포구,1815
10,국회의사당역 5번출구 옆,영등포구,1250
10,국회의원회관,영등포구,210
10,국회제2의원회관,영등포구,438
10,군자교 서측 녹지대,동대문구,1831
10,군자교교차로,광진구,1639
10,군자역 7번출구 베스트샵 앞,광진구,2298
10,군자역 7번출구뒤,광진구,4590
10,군자역 비채온 오피스텔,광진구,2182
10,군자역2번출구,광진구,2075
10,군자역4번출구,광진구,1479
10,군자지하보도 앞,성동구,1303
10,굽은다리역,강동구,3784
10,궁동생태공원,구로구,213
10,그랜드아이파크아파트 앞,강서구,5394
10,그랜드컨벤션센터 앞,영등포구,2554
10,그룹한빌딩옆,서초구,269
10,극동늘푸른아파트,중랑구,1627
10,극동방송국 앞,마포구,1352
10,극동스포츠 앞,강남구,518
10,극동아파트,송파구,949
10,극동의 푸른별 아파트 뒤(중계4동주민센터 앞),노원구,716
10,근로자회관 사거리,영등포구,3642
10,금강수목원아파트 앞,구로구,668
10,금남시장 교차로,성동구,482
10,금란주차장 앞,중랑구,924
10,금암 문화공원,은평구,192
10,금옥여고보도육교,양천구,696
10,금원빌딩 앞,강남구,554
10,금융감독원 앞,영등포구,1842
10,금천구립 독산도서관,금천구,187
10,금천구청 앞 자전거거치대,금천구,329
10,금천구청앞(M빌딩),금천구,322
10,금천구청역 1번 출구,금천구,792
10,금천폭포공원 앞,금천구,168
10,금천현대홈타운 후문 서부샛길,금천구,747
10,금호 어울림 아파트 앞,성동구,752
10,금호나들목,성동구,1551
10,금호사거리,성동구,359
10,금호스포츠센터앞,성동구,734
10,금호어울림센터힐 내,성북구,204
10,금호역 1번출구 앞,성동구,342
10,금호역 3번출구,성동구,209
10,기쁜우리복지관,강서구,2381
10,기아자동차 사당점 앞,동작구,1233
10,기자촌 사거리 A,은평구,112
10,기자촌사거리 B,은평구,135
10,길동 동호빌딩,강동구,429
10,길동 마루빌딩,강동구,3588
10,길동 사거리(초소앞),강동구,1589
10,길마중4교 하부,서초구,1023
10,길성그랑프리텔아파트,강서구,3326
10,길음8골어린이공원 옆,성북구,658
10,길음뉴타운 래미안9단지,성북구,716
10,길음뉴타운푸르지오아파트 3단지,성북구,147
10,길음래미안아파트817동 상가 앞,성북구,349
10,길음문화복합미디어센터,성북구,405
10,길음역 3번출구 뒤,성북구,1278
10,김근태도서관,도봉구,304
10,김포공항사거리,강서구,570
10,김포공항입구 교차로,강서구,2168
10,김포공항입구 교통섬,강서구,549
10,까치산역 3번 출구,강서구,1915
10,꿈마루어린이도서관 앞,동대문구,1955
10,꿈의숲 SK뷰 아파트,노원구,1481
10,꿈의숲 롯데캐슬,강북구,331
10,나들목공원,관악구,446
10,나루마당,광진구,260
10,나이아가라관광호텔,강서구,851
10,낙성대 과학전시관,관악구,375
10,낙성대 교수아파트,관악구,233
10,낙성대공원,관악구,265
10,낙성대로 입구,관악구,625
10,낙성대역 1번출구,관악구,560
10,낙성대역 3번출구 뒤,관악구,794
10,낙성대역 5번출구,관악구,422
10,낙성대입구삼거리,관악구,604
10,낙원교회 맞은편,구로구,302
10,낙원상가 옆,종로구,1426
10,난곡사거리,관악구,1364
10,난곡종점,관악구,365
10,난우길입구,관악구,677
10,남가좌동 제2공영주차장,서대문구,198
10,남구로역 5번 출입구 앞,구로구,643
10,남부고용노동지청 남측,영등포구,1949
10,남부법원검찰청 교차로,양천구,3021
10,남부순환로 205,강서구,703
10,남부터미널역 1번출구,서초구,683
10,남산공원 야외식물원 앞,용산구,106
10,남산도서관 앞,용산구,756
10,남산타운아파트 버스정류장,중구,304
10,남서울중학교,관악구,1098
10,남성역3번출구 뒤,동작구,1505
10,남영역 건너편,용산구,1449
10,남태령역 2번출구,서초구,76
10,내곡3단지 어린이공원 앞,서초구,597
10,내곡도서관,서초구,209
10,내곡파출소 뒤 정자,서초구,119
10,내방역 8번출구 앞,서초구,829
10,넥센 유니버시티 앞,강서구,1985
10,"노들섬 다목적홀(동쪽) 숲, 앞",용산구,685
10,노들섬 동측 앞,용산구,478
10,노들섬 서측 앞,용산구,3602
10,노들역 1번출구,동작구,3492
10,노들역 3번출구,동작구,1406
10,노량진1동 청소년독서실,동작구,422
10,노량진근린공원,동작구,306
10,노량진근린공원 대방공원,동작구,750
10,노량진역 2번 출구 앞,동작구,1666
10,노량진역 5번출구,동작구,3240
10,노보텔 앰배서더 앞,강남구,242
10,노원 마들스타디움,노원구,934
10,노원 을지대학교 병원,노원구,2152
10,노원경찰서교차로,노원구,1419
10,노원구청,노원구,1707
10,노원문화예술회관,노원구,1830
10,노원성당 앞,노원구,445
10,노원소방서인근,노원구,759
10,노원역1번출구,노원구,4772
10,노원역7번출구,노원구,2741
10,노원정보도서관,노원구,1245
10,노일초등학교 앞,노원구,941
10,노해근린공원내,노원구,228
10,녹번 힐스테이트상가앞,은평구,235
10,녹번역 3번출구,은평구,1440
10,녹번역1번출구앞,은평구,485
10,녹번역e편한세상 캐슬 정문 앞,은평구,869
10,녹번초등학교(서오릉로),은평구,779
10,녹사평역1번출구,용산구,406
10,녹사평역3번 출구,용산구,315
10,녹천교 앞 사거리,도봉구,1016
10,녹천역 1번출구 앞,도봉구,667
10,녹천역 4번 출구 옆,노원구,501
10,논골사거리(금호도서관 입구),성동구,186
10,논현동 광명빌딩 앞,강남구,315
10,논현동가구거리,강남구,339
10,논현역 10번출구,강남구,1281
10,농수산식품공사 (강서지사),강서구,381
10,농협생명본사빌딩 서관,서대문구,633
10,누리꿈스퀘어 옆,마포구,2049
10,뉴코아 킴스클럽 앞,서초구,1089
10,늘푸른공원 앞,중랑구,895
10,능골근린공원,강동구,678
10,능산삼거리,중랑구,400
10,능안마을입구,서초구,38
10,다락원체육공원 전망대 입구,도봉구,485
10,다성이즈빌아파트(호원대 대각선 맞은편),강동구,3887
10,달맞이공원,성동구,94
10,답십리 래미안엘파인아파트 입구,동대문구,808
10,답십리역 1번출구,동대문구,3609
10,답십리역 6번출구,성동구,615
10,답십리역 8번출구 앞,성동구,693
10,답십리파크자이아파트 앞,동대문구,2708
10,당고개공원 대여소,노원구,391
10,당고개입구 오거리,노원구,820
10,당고개입구오거리 당현천변,노원구,1381
10,당곡사거리,관악구,3194
10,당산skv1센터,영등포구,1518
10,당산롯데캐슬프레스티지,영등포구,2819
10,당산삼성2차아파트,영등포구,2832
10,당산역 10번출구 앞,영등포구,5379
10,당산역11번출구,영등포구,3781
10,당산육갑문,영등포구,6127
10,당인리발전소 공원 앞,마포구,1420
10,당현천근린공원,노원구,1446
10,대광고등학교,동대문구,1166
10,대광빌딩,동대문구,686
10,대륜E&S 서울지사 앞,노원구,691
10,대륭테크노타운 18차,금천구,651
10,대륭테크노타운21차 앞,금천구,858
10,대륭포스트타워1차,구로구,1985
10,대륭포스트타워5차,금천구,632
10,대륭포스트타워6차 앞,금천구,5211
10,대림3동사거리,영등포구,1120
10,대림경동아파트앞,강서구,1835
10,대림동 e편한세상영등포아델포레,영등포구,2265
10,대림동현대2차 201동 앞,영등포구,239
10,대림사거리(동작상떼빌아파트),동작구,1217
10,대림성원상떼빌아파트,영등포구,1939
10,대림신동아아파트 앞,영등포구,1044
10,대림아크로리버 앞,광진구,1023
10,대림아파트 사거리,영등포구,746
10,대림아파트 후문 상가 옆,동작구,575
10,대림역 1번 출입구 밑,구로구,1431
10,대림역4번출구,구로구,2734
10,대림우성2차아파트,영등포구,529
10,대림우성아파트 사거리,영등포구,500
10,대명초교입구 사거리,강동구,1319
10,대모산입구역 2번출구 앞,강남구,479
10,대모산입구역 4번 출구 앞,강남구,1672
10,대모산입구역 7번 출구 앞,강남구,207
10,대방역2번출구,동작구,1180
10,대방역6번출구,영등포구,3167
10,대방지하보도(대방동경남아너스빌아파트),동작구,1584
10,대상연구소,강서구,756
10,대성유니드아파트,양천구,1069
10,대신파이낸스센터,중구,1038
10,대영중고 후문,영등포구,1262
10,대원빌딩,강서구,2050
10,대원중고교 입구(대하빌딩),광진구,694
10,대진고교앞 교차로,노원구,1188
10,대진고등학교,노원구,1302
10,대청역,강남구,861
10,대청역 1번출구  뒤,강남구,1434
10,대치동 삼성로,강남구,613
10,대치삼성아파트 앞 교차로,강남구,932
10,대치역 7번출구,강남구,1565
10,대치역 사거리,강남구,1105
10,대치우성아파트 사거리,강남구,781
10,대학동 고시촌,관악구,643
10,대학동주민센터,관악구,847
10,대학로 마로니에공원,종로구,2405
10,대한무역투자진흥공사 KOTRA 앞,서초구,925
10,대한상공회의소,중구,1657
10,대한항공 인력개발센터,강서구,1342
10,대현그린타워,강남구,352
10,대흥역 1번출구,마포구,1268
10,더라움,강남구,286
10,더리브골드타워,강서구,832
10,더리브오피스텔 앞,영등포구,2030
10,더스페이스타워 앞,성동구,1604
10,더시그넘하우스 앞,강남구,638
10,더케이호텔 입구(양재2),서초구,1012
10,도곡1동 주민센터 교차로,강남구,806
10,도곡동 경남아파트 건너편,강남구,530
10,도곡동 골프 로데오거리,강남구,409
10,도곡역 1번 출구,강남구,1095
10,도곡역 대치지구대 방향,강남구,537
10,도곡역 아카데미스위트 앞,강남구,1541
10,도깨비시장,노원구,2156
10,도동삼거리,중구,103
10,도림고가도로 밑,영등포구,920
10,도림동배드민턴체육관,영등포구,1179
10,도림사거리,영등포구,1661
10,도림신협 앞,영등포구,1703
10,도림천 건널목 위,영등포구,1278
10,도림천역 1번 출구 앞,구로구,2081
10,도봉경찰서 교차로,도봉구,1109
10,도봉고등학교 맞은편,도봉구,247
10,도봉구민회관,도봉구,1123
10,도봉구청 옆(중랑천변),도봉구,1857
10,도봉구청 정문앞,도봉구,1468
10,도봉동실내스포츠센터,도봉구,561
10,도봉로 534,도봉구,329
10,도봉문화정보도서관 삼거리,도봉구,271
10,도봉보건소사거리,도봉구,1555
10,도봉산광역환승센터앞,도봉구,371
10,도봉산역 교차로 앞,도봉구,248
10,도봉세무서 앞,강북구,866
10,도봉소방서 옆,도봉구,1964
10,도봉아이나라도서관 앞,도봉구,1049
10,도봉여성센터,도봉구,269
10,"도봉역 1,2번 출구사이 건너편",도봉구,981
10,도봉운전면허시험장 버스정류장 옆,노원구,1429
10,도봉제1교,도봉구,1773
10,도봉통합복지센터 뒤 중랑천 변,도봉구,2081
10,도봉한신아파트 버스정류장,도봉구,1047
10,도봉한신아파트 주변,도봉구,854
10,도산공원교차로,강남구,500
10,도선동 주민센터 앞,성동구,1679
10,도심공항타워 앞,강남구,1057
10,도원맨션,관악구,528
10,독립문 앞,서대문구,778
10,독립문역 2번출구 뒤,종로구,291
10,독립문역 3-1번출구,종로구,1274
10,독립문역 사거리,종로구,1116
10,독바위역,은평구,683
10,독산2동주민센터 앞,금천구,281
10,독산3동주민센터 앞,금천구,735
10,독산고등학교,금천구,432
10,독산근린공원 입구,금천구,1911
10,독산동 한양수자인아파트 앞,금천구,954
10,독산동 현대홈타운 금천과선교 앞,금천구,525
10,독산보도육교 앞 자전거 보관소,금천구,2066
10,독산역 1번출구 A,금천구,906
10,독산역 2번출구 자전거주차장,금천구,1443
10,독산역 롯데캐슬 104동 앞,금천구,552
10,독산역1번출구 B,금천구,2311
10,독산주공 14단지 버스정류소,금천구,262
10,돈암삼성풍림아파트,성북구,183
10,돈암성당 옆,성북구,1806
10,돈암육교 하단,성북구,182
10,돈암초교 입구,성북구,833
10,돈암초교입구 버스정류장(한성대입구역 방면),성북구,695
10,돈의문 박물관 마을,종로구,433
10,돌곶이역 앞,성북구,2014
10,동대문 종합시장 버스정류장,종로구,852
10,동대문경찰서 교차로,동대문구,1155
10,동대문구 보건소,동대문구,2510
10,동대문구민체육센터 (육교아래),동대문구,2076
10,동대문디자인플라자,중구,2100
10,동대문롯데캐슬아파트 앞,동대문구,1791
10,동대문역 8번 출구,종로구,2136
10,동대문역6번출구,종로구,2320
10,동대문역사문화공원역 1번출구 뒤편,중구,2257
10,동대문역사문화공원역 5번출구,중구,958
10,동대문역사문화공원역 9번출구 앞,중구,781
10,동대문중 교차로,동대문구,1288
10,동대입구역 3번 출구,중구,477
10,동대입구역 6번출구 뒤,중구,715
10,동명근린공원 진입로 (아리수로),강동구,373
10,동묘앞역 1번출구 뒤,종로구,3945
10,동묘앞역 6번출구,종로구,2373
10,동문굿모닝탑,양천구,3526
10,동방1교,관악구,3334
10,동부센트레빌 앞,도봉구,1259
10,동부시장 북문 앞,중랑구,2147
10,동빙고근린공원,용산구,846
10,동산어린이공원 앞,성북구,1046
10,동서울농협 앞,중랑구,1811
10,동서울우편집중국 앞,광진구,1032
10,동선고가차도 초입,성북구,428
10,동선아파트 앞,구로구,214
10,"동성1,2차 아파트 앞",중랑구,1294
10,동성중학교 앞,종로구,597
10,동신병원 맞은편,서대문구,1149
10,동신아파트 후문 옆,노원구,3786
10,동아1차APT105동 버스정류장(신도림중학교 방면),구로구,1319
10,동아에코빌입구,영등포구,1203
10,동양미래대학교 정문 옆,구로구,4392
10,동양쇼핑 정류소 앞,중랑구,1745
10,동양엔파트 앞,중랑구,1169
10,동영문화센터앞,강남구,593
10,동원베네스트 건너편,용산구,196
10,동원베네스트 건물 앞,중랑구,460
10,동원사거리,중랑구,577
10,동원사거리 행복오피스텔 앞,중랑구,607
10,동의보감타워,동대문구,1975
10,동인오피스텔 건너편 소공원,구로구,498
10,동일로 지하차도,중랑구,1351
10,동일로58길 입구,광진구,663
10,동작경찰서,동작구,2274
10,동작구민 체육센터,동작구,1046
10,동작역 5번출구 동작주차공원,동작구,980
10,동작역 7번출구,동작구,290
10,동해문화예술관앞,노원구,3132
10,두산건설 본사,강남구,292
10,두산대림아파트 삼거리,중랑구,630
10,두산위브아파트,영등포구,540
10,두산위브아파트 옆 상가건물 앞,금천구,1203
10,두상빌딩 앞,서초구,1526
10,둔촌 주공 GS 맞은편,강동구,816
10,둔촌고교입구 교차로(길동주민센터 방면),강동구,1679
10,둔촌동역교차로,강동구,1839
10,둔촌사거리,강동구,3187
10,둔촌신성미소지움아파트,강동구,860
10,둔촌역 2번출구,강동구,672
10,둔촌역 3번 출입구,강동구,4212
10,둔촌오륜역 1번 출구,강동구,691
10,둔촌오륜역 2번출구,송파구,437
10,둔촌푸르지오아파트,강동구,1548
10,뒷벌공원 옆,서초구,1204
10,드래곤타워 앞,강북구,855
10,등나무 근린공원(시립북서울미술관 앞),노원구,3016
10,등촌1-10단지 교차로,강서구,5382
10,등촌2동주민센터,강서구,539
10,등촌2파출소,강서구,814
10,등촌5단지아파트 버스정류장,강서구,3598
10,등촌9단지,강서구,1347
10,등촌서광아파트,강서구,3628
10,등촌역 1번출구,강서구,1590
10,등촌역 4번 출구,양천구,298
10,등촌역 5번 출구 뒤,양천구,1117
10,등촌역 7번출구,강서구,2147
10,등촌역 센터스퀘어,강서구,1398
10,등촌태영아파트,강서구,1181
10,디지털매직스페이스,마포구,1931
10,디지털미디어 시티역 4번출구(DMC역),은평구,706
10,디지털입구 교차로,구로구,2615
10,디폴리스 지식산업센터,금천구,732
10,뚝도아리수정수센터 버스정류소 옆,성동구,1168
10,뚝섬 유원지역,광진구,2472
10,뚝섬역 1번 출구 옆,성동구,2744
10,뚝섬역 5번 출구 정류소 옆,성동구,1296
10,뚝섬역 6번출구,성동구,2129
10,라이품 공영주차장 앞,강서구,1177
10,라인프랜즈이태원점 앞,용산구,150
10,라코지스테이 앞,중랑구,527
10,래미안 강동팰리스(102동),강동구,1282
10,래미안 구의파크 스위트,광진구,2585
10,래미안 루센티아 아파트 108동 앞,서대문구,1132
10,래미안 솔베뉴(고덕로),강동구,1112
10,래미안 솔베뉴(구천면로),강동구,637
10,래미안강남힐즈 사거리,강남구,826
10,래미안그레이튼102동앞,강남구,186
10,래미안금호하이리버 아파트 102동 옆,성동구,433
10,래미안라센트아파트 103동 앞,성북구,1273
10,래미안신공덕3차아파트,마포구,71
10,래미안에스티움 앞 (신풍로),영등포구,1259
10,래미안월곡아파트 입구,성북구,1124
10,래미안장위퍼스트하이(513동),성북구,1266
10,래미안장위포레카운티(102동),성북구,912
10,래미안허브리츠아파트 앞,동대문구,673
10,레베쌍트 빌딩 앞,강남구,418
10,레이크펠리스101동앞,송파구,3158
10,로고스교회 맞은 편,서초구,515
10,로제우스 레포츠센터,종로구,252
10,로프트시티오피스텔,영등포구,1651
10,롯데 R&D 센터,강서구,572
10,롯데리아 개포점앞,강남구,506
10,롯데시티호텔,중구,503
10,롯데월드타워(잠실역2번출구 쪽),송파구,8318
10,롯데중앙연구소,강서구,400
10,롯데캐슬 101동 앞,동작구,257
10,롯데캐슬 115동앞,강동구,166
10,롯데캐슬 앞,영등포구,2258
10,롯데캐슬2차 마을버스 정류장(18804) 뒤편,금천구,449
10,롯데캐슬골드파크1차 동문,금천구,797
10,롯데캐슬골드파크1차 서문,금천구,604
10,롯데캐슬골드파크3차 301동 앞,금천구,889
10,롯데캐슬엠파이어 옆,영등포구,2398
10,롯데캐슬클라시아 입구 앞,성북구,170
10,롯데하이마트 (상암월드컵점),마포구,625
10,롯데호텔,중구,515
10,르네상스 호텔 사거리 역삼지하보도 7번출구 앞,강남구,753
10,르네상스호텔사거리 역삼지하보도 2번출구,강남구,510
10,르네상스호텔사거리 역삼지하보도 3번출구 앞 (더 오번 빌딩 명동칼국수 앞),강남구,455
10,르노삼성자동차 성수사업소 앞,성동구,975
10,리버뷰신안인스빌1차 후문,영등포구,1508
10,리버뷰신안인스빌2차 후문,영등포구,1498
10,리센츠아파트,송파구,1670
10,리엔파크 2단지 앞,강남구,468
10,마곡 MICE 복합단지,강서구,2183
10,마곡 공공청사,강서구,2069
10,마곡 엠밸리2단지,강서구,1766
10,마곡 필네이처,강서구,3002
10,마곡13단지,강서구,2845
10,마곡13단지 정문 앞,강서구,3477
10,마곡13단지힐스테이트마스터 후문(1320동 앞),강서구,2617
10,마곡14단지 1408동앞,강서구,1799
10,마곡9단지 907동앞,강서구,1335
10,마곡9단지 910동 상가앞,강서구,1464
10,마곡금호어울림아파트,강서구,1493
10,마곡나루역 2번 출구,강서구,13554
10,마곡나루역 3번 출구,강서구,9125
10,마곡나루역 5번출구 뒤편,강서구,8120
10,마곡레포츠센터,강서구,1995
10,마곡메가박스 앞,강서구,2629
10,마곡문화공원,강서구,3056
10,마곡센트럴타워 1차,강서구,2882
10,마곡수명산 1-2단지,강서구,1645
10,마곡수명산파크 209동 건너편,강서구,2339
10,마곡수명산파크1단지,강서구,1882
10,마곡수명산파크3단지 교차로,강서구,3817
10,마곡수명산파크5-6단지,강서구,1658
10,마곡수명산파크7단지 710동 앞,강서구,575
10,마곡엠밸리 15단지(1502동) 건너편,강서구,2611
10,마곡엠밸리10단지 앞,강서구,1361
10,"마곡엠밸리14단지 버스정류장(마곡엠밸리11,12단지상가방면)",강서구,2847
10,마곡엠밸리4단지 정문,강서구,3998
10,마곡엠밸리6_7단지 마곡중학교,강서구,2642
10,마곡역 7번출구,강서구,4879
10,마곡역 교차로(2번출구),강서구,2315
10,"마곡역 버스정류장(마곡나루역1번출구, 웰튼병원 방면)",강서구,3274
10,마곡역1번출구,강서구,3199
10,"마곡역4,5번출구",강서구,236
10,마곡역4번출구,강서구,1921
10,마곡역5번출구앞,강서구,1524
10,마곡역교차로,강서구,4151
10,마곡중학교 후문,강서구,1117
10,마곡힐스테이트 정문,강서구,1552
10,마들역 3번출구,노원구,1712
10,마들역 7번출구,노원구,1623
10,마스타 빌딩 앞,서대문구,956
10,마장동 금호어울림APT앞,성동구,689
10,마장동 주민센터,성동구,895
10,마장역 4번출구,성동구,1004
10,마장역3번출구,성동구,596
10,마천금호어울림 1차 102동앞,송파구,264
10,마천금호어울림 1차아파트 건너편,송파구,236
10,마천동 성내천 쉼터,송파구,998
10,마천사거리,송파구,923
10,마천사거리 2,송파구,408
10,마천역 1번 출구 인근②,송파구,562
10,마천중앙시장,송파구,612
10,마천청소년센터,송파구,255
10,마포 신수공원 앞,마포구,939
10,마포구 육아종합지원센터,마포구,829
10,마포구중앙도서관 정문 앞,마포구,2011
10,마포구청 앞,마포구,2101
10,마포구청 청사내,마포구,193
10,마포구청역,마포구,2638
10,마포소방서 앞,마포구,727
10,마포아트센터 앞,마포구,1126
10,마포역 2번출구 뒤,마포구,2862
10,마포역 4번출구 뒤,마포구,3144
10,마포중앙도서관,마포구,307
10,마포프레스티지자이 1,마포구,685
10,만해공원,성북구,160
10,말우물 어린이 공원,강동구,305
10,말죽거리공원 사거리,서초구,1571
10,망우동 본죽 앞,중랑구,922
10,망우역 1번출구,중랑구,656
10,망우역 2번 출구,중랑구,1413
10,망우지구대,중랑구,1570
10,망원2빗물펌프장 앞,마포구,1220
10,망원역 1번출구 앞,마포구,3305
10,망원역 2번출구 앞,마포구,2904
10,망원우체국사거리 인근,마포구,2498
10,망원정 앞,마포구,775
10,망원초록길 입구,마포구,1291
10,매봉역 1번출구,강남구,692
10,매헌역 2번출구앞광역버스 정류장앞(22-297),서초구,1054
10,맥도날드 서울둔촌DT점 앞,강동구,2580
10,맥스타일 앞,중구,1220
10,먹골역 1번출구 뒤,중랑구,1493
10,먹골역 4번출구,중랑구,991
10,먹골역 6번출구 앞,중랑구,1098
10,먹골역 7번 출구,중랑구,911
10,메뚜기다리,은평구,168
10,메이필드호텔앞,강서구,1020
10,멤피스아파트 앞,서초구,1114
10,면목 대원칸타빌아파트,중랑구,360
10,면목 홈플러스 2,중랑구,481
10,면목2동 사거리,중랑구,1570
10,면목4치안센터,중랑구,1203
10,면목도시개발아파트 1동 앞,중랑구,525
10,면목동 새싹어린이공원 앞,중랑구,1253
10,면목라온프라이빗 아파트,중랑구,707
10,면목삼익아파트 앞,중랑구,250
10,면목역 3번출구,중랑구,2601
10,명덕고교,강서구,1268
10,명덕고교입구(영종빌딩),강서구,4464
10,명동성당 앞,중구,420
10,명동역9번 출구,중구,1203
10,명물길 원형무대 앞,서대문구,682
10,명보사거리,중구,594
10,명일근린공원공동체텃밭,강동구,159
10,명일동신동아아파트 앞,강동구,417
10,명일역 3번출구 옆,강동구,1557
10,명일초등학교 옆,강동구,288
10,명일파출소,강동구,802
10,명지대학교 도서관,서대문구,2127
10,명지전문대학교 정문 앞,서대문구,545
10,모두의학교,금천구,723
10,모래내고가차도,서대문구,688
10,목4동주민센터 옆,양천구,2010
10,목동11단지 아파트,양천구,1337
10,목동12단지 아파트,양천구,2453
10,목동13_14단지 사거리,양천구,1102
10,목동1단지아파트 118동 앞,양천구,1781
10,목동1단지아파트 상가 앞,양천구,3071
10,목동2단지 상가,양천구,4155
10,목동3단지 상가,양천구,2650
10,목동3단지 시내버스정류장,양천구,3953
10,목동5단지아파트 501동,양천구,2406
10,목동5단지아파트 534동,양천구,3150
10,목동7단지아파트 A상가,양천구,743
10,목동사거리 버스정류장,강서구,2026
10,목동사거리 부근,양천구,2091
10,목동성당 앞,양천구,2842
10,목동신시가지아파트6단지,양천구,2268
10,목동아파트 1422동 1434동 사잇길,양천구,3749
10,목동아파트 14단지 B상가 앞,양천구,2116
10,목동아파트 613동 앞,양천구,3156
10,목동아파트 703동 앞,양천구,2705
10,목동아파트 8단지 상가동 앞,양천구,2346
10,목동아파트2단지 222동 앞,양천구,1141
10,목동역 3번 출구,양천구,5084
10,목동역5번출구,양천구,4962
10,목동운동장,양천구,703
10,목동운동장 주경기장,양천구,367
10,목동주차장,양천구,1514
10,목동트라팰리스 웨스턴에비뉴,양천구,5205
10,목동현대아파트 후문 앞,양천구,1449
10,목련아파트,노원구,669
10,목마공원,양천구,628
10,목양전원교회 앞 로터리,구로구,347
10,목월공원 앞,용산구,1128
10,몽마르뜨공원입구,서초구,245
10,몽촌토성역 1번출구 옆,송파구,2484
10,몽촌토성역 3번 출구,송파구,4765
10,묘곡초등학교,강동구,477
10,무악재역 4번 출구,서대문구,287
10,무악재역1번 출구,서대문구,256
10,묵동 이마트 앞,중랑구,1471
10,문래동 주민센터,영등포구,1392
10,문래동 하이테크 시티,영등포구,2666
10,문래동롯데캐슬아파트,영등포구,3763
10,문래동자이아파트 앞,영등포구,3265
10,문래역 4번출구 앞,영등포구,3655
10,문래현대2차,영등포구,2049
10,문배어린이공원 앞,용산구,1208
10,문소빌딩,강서구,734
10,문정 법조단지10,송파구,1636
10,문정 법조단지11,송파구,936
10,문정 법조단지3,송파구,454
10,문정 법조단지4,송파구,720
10,문정 법조단지5,송파구,513
10,문정 법조단지6,송파구,163
10,문정 법조단지7,송파구,2308
10,문정 법조단지8,송파구,2646
10,문정 법조단지9,송파구,1480
10,문정2동 주민센터,송파구,142
10,문정근린공원2,송파구,978
10,문정동 근린공원,송파구,1033
10,문정동 글샘 공원,송파구,770
10,문정법조단지12,송파구,1955
10,문정시영아파트 5동 앞 공원,송파구,939
10,문정역 1번출구,송파구,2417
10,문정중교 사거리,송파구,944
10,문정중학교,송파구,162
10,문정현대아파트 교차로,송파구,728
10,"문현중,고등학교 사이",송파구,213
10,문화비축기지,마포구,710
10,문화촌 공원,서대문구,1874
10,물넘이교,노원구,2111
10,미래사랑어린이공원 앞,구로구,3422
10,미림여고입구 교차로,관악구,330
10,미성동 신림체육센터,관악구,1473
10,미성아파트 A동 앞,영등포구,1495
10,미아동 복합청사,강북구,396
10,미아동 한국전력공사,강북구,1548
10,미아사거리 1번 출구,강북구,2313
10,미아역 1번 출구 뒤,강북구,678
10,"미아역 3번,4번 출구 사이",강북구,1285
10,미아초교버스승강장,성북구,76
10,미호 플랜트 앞,강동구,1246
10,밀리아나2빌딩 앞,송파구,1304
10,밀알학교 입구 (삼성서울병원 입구),강남구,296
10,바우뫼문화복지회관,서초구,614
10,박석고개(은평소방서) 앞,은평구,163
10,반포1동 서초빌딩 앞,서초구,953
10,반포1동 자율방범초소 옆,서초구,456
10,반포1동 주민센터 앞,서초구,316
10,반포래미안 리오센트,서초구,875
10,반포미도2차아파트 옆,서초구,405
10,반포쇼핑타운 2동 앞,서초구,3766
10,반포쇼핑타운 8동 앞,서초구,930
10,반포종합운동장,서초구,582
10,반포종합운동장 입구,서초구,799
10,반포중학교 앞(세화여고 맞은편),서초구,99
10,반포천 앞,서초구,1063
10,"발산역 1번, 9번 인근 대여소",강서구,8335
10,발산역 6번 출구 뒤,강서구,5585
10,발산역 8번 출구,강서구,2165
10,방배래미안 정문 앞,서초구,347
10,방배래미안아트힐아파트 앞,서초구,170
10,방배역 2번 출구,서초구,918
10,방배열린문화센터 앞,서초구,623
10,방아골종합사회복지관,도봉구,725
10,방아다리어린이공원,양천구,630
10,방아삼거리,강동구,194
10,방이동 한양3차아파트 옆,송파구,1441
10,방이삼거리,송파구,5154
10,방이역 1번출구,송파구,1680
10,방이역 2번 출구,송파구,755
10,방이역 4번출구,송파구,2803
10,방이초등학교,송파구,2282
10,방일초교 마을버스 정류장,서초구,1089
10,방정환교육지원센터 옆,중랑구,898
10,방죽마을 입구,강남구,346
10,방학동우체국 건너편,도봉구,959
10,방학동학마을도서관,도봉구,331
10,방학브라운스톤아파트,도봉구,176
10,방학사거리 (봄마당 앞),도봉구,685
10,방학역 1번출구,도봉구,463
10,방학역2번출구,도봉구,1084
10,방학역사거리,도봉구,620
10,방학중학교 앞,도봉구,241
10,방학초등학교 앞,도봉구,1289
10,방화근린공원,강서구,604
10,방화동강서기동대앞,강서구,3022
10,방화사거리 마을버스 버스정류장,강서구,2785
10,방화역 4번출구앞,강서구,2977
10,배명고등학교,송파구,712
10,배명고등학교 건너편,송파구,802
10,배봉초교 교차로,동대문구,1051
10,백련산 SK뷰 아이파크 해모로 아파트 앞,은평구,1033
10,백련산 힐스테이트 3차,은평구,580
10,백련산 힐스테이트상가앞,은평구,457
10,백련산로 녹번센트레빌,은평구,442
10,백석예술대학교 제3캠퍼스 앞,서초구,168
10,백토공원 앞,송파구,225
10,뱅뱅사거리 랜드마크타워 앞,강남구,1307
10,버섯분수대,송파구,1094
10,버스정류장 앞,도봉구,515
10,번3동 주민센터 교차로,강북구,806
10,번동 금호어울림아파트102동앞,강북구,382
10,번동 두산위브 101동 옆,강북구,728
10,"번동 주공3, 4단지 교차로",강북구,1081
10,번동3단지 버스정류장,강북구,929
10,번동사거리,강북구,454
10,번동주공5단지 관리사무소 앞,강북구,298
10,베네스트 오피스텔 앞,동대문구,744
10,벽산 디지털밸리 5차,금천구,1659
10,벽산상암스마트큐브,마포구,2714
10,벽산아파트,강서구,2785
10,볏골공원,강서구,1194
10,보광동 삼성리버빌아파트 앞,용산구,904
10,보금자리정원,강남구,225
10,보라매 두산위브 건너편,동작구,2066
10,보라매sk뷰,영등포구,402
10,보라매sk뷰 108동 앞,영등포구,902
10,보라매공원 보도육교,관악구,1981
10,보라매공원 정문,동작구,1463
10,보라매공원역 2번출구,동작구,1066
10,보라매병원역 1번출구,동작구,4828
10,보라매역 8번출구,동작구,1144
10,보라매역4번출구,영등포구,1807
10,보라매역?동작세무서 버스정류장(강남중학교방면),동작구,1866
10,보라주유소 앞,영등포구,711
10,보문2교,성북구,3080
10,보문4교 인근,성북구,2006
10,보문역6번출구 앞,성북구,1556
10,보성중고등학교 후문 앞,송파구,196
10,보아스아파트 앞,양천구,894
10,보타닉파크타워2,강서구,1342
10,보훈병원 후문옆(더 원커피),강동구,368
10,복자사랑 피정의 집,성북구,277
10,복정역 1번 출구 앞,송파구,1288
10,본 서부병원 교차로 사거리,은평구,1648
10,본 서부병원 버스정류장(은평 세무서 방면),은평구,1168
10,본마을 노인복지센터 앞,서초구,436
10,본마을 정류소 앞,서초구,100
10,봉림교 교통섬,관악구,8280
10,봉원고가차도 밑,서대문구,661
10,봉은사로68길 북측,강남구,345
10,"봉은사역 1,2번 출구",강남구,757
10,봉은사역 5번출구 옆,강남구,910
10,봉은사역 7번 출구,강남구,683
10,봉천역 2번출구,관악구,1360
10,봉천역 3번출구,관악구,705
10,봉천역 4번출구,관악구,1442
10,봉화산역 4번 출구,중랑구,1234
10,부엉이공원 앞,마포구,729
10,북가좌 삼거리,서대문구,414
10,북가좌 초등학교,서대문구,693
10,북가좌1동 주민센터,서대문구,365
10,북가좌삼거리2,서대문구,658
10,북서울 꿈의 숲 입구,강북구,428
10,북서울 꿈의숲 서문,강북구,594
10,북성초교,서대문구,215
10,북아현 치안센터 인근,서대문구,928
10,북아현동 가구거리,서대문구,603
10,북위례1,송파구,410
10,북위례2,송파구,377
10,북위례3,송파구,47
10,북한산 우이역,강북구,669
10,북한산 코오롱 하늘채,도봉구,2024
10,북한산 한신휴플러스APT앞,도봉구,1535
10,북한산더샾 106동 앞,서대문구,268
10,북한산보국문역,성북구,254
10,북한산생태공원입구(교통섬),은평구,351
10,북한산입구 정류장,은평구,288
10,북한산힐스테이트 7차아파트,은평구,362
10,불광롯데캐슬아파트 앞,은평구,813
10,불광역 2번출구,은평구,702
10,불광역 9번 출구,은평구,1344
10,불광역 9번 출구 맞은편,은평구,768
10,"불광역3,6호선 버스정류장(동명여고 방면)",은평구,1007
10,불암고등학교 앞 횡단보도,노원구,1354
10,불암산역 3번 출구,노원구,738
10,불암산역 앞,노원구,301
10,불암아파트 앞,노원구,722
10,불암주유소 앞,노원구,1371
10,브라운스위트레지던스,중구,329
10,브라운스톤 남산아파트,용산구,465
10,비계 버스정류소,동작구,239
10,비석공원,서초구,584
10,비전교회 앞,성동구,2309
10,빅마켓 금천점 앞,금천구,1853
10,사가정역 2번출구,중랑구,3075
10,사근빗물펌프장 건너편,성동구,3004
10,사당동 아르테스 웨딩앞,동작구,1075
10,사당새마을금고,동작구,368
10,사당역 12번출구 뒤,서초구,1788
10,사당역 5번출구,관악구,1487
10,사당역 7번출구쪽,동작구,709
10,사당역10번출구(금강빌딩),동작구,964
10,사당중학교 버스정류소,동작구,227
10,사랑의병원,관악구,674
10,사육신공원앞,동작구,1285
10,사평리근린공원,서초구,1246
10,사평역 2번출구,서초구,662
10,산기슭공원 앞,금천구,135
10,산업은행 앞,영등포구,2018
10,산호시티빌 옆,금천구,359
10,삼각산동 주민센터,강북구,522
10,삼각산아이원아파트(105동 옆),강북구,84
10,삼각지 자이아파트,용산구,1267
10,삼각지12번 출구,용산구,456
10,삼각지역 14번 출구 앞(교통섬),용산구,1253
10,삼각지역 3번출구,용산구,1108
10,삼각지역 4번출구 앞,용산구,1022
10,삼부르네상스파크빌,구로구,1023
10,삼성SDS,송파구,2673
10,삼성광나루아파트 버스정류장,강동구,1660
10,삼성디지털프라자관악점,관악구,706
10,삼성사이버빌리지아파트,중구,263
10,삼성생명 당산사옥 앞,영등포구,2746
10,삼성생명 앞,동대문구,2006
10,삼성전자 물류센터 앞,구로구,1638
10,삼성전자R&D어린이집 뒤,서초구,220
10,삼성전자서비스 성북센터,성북구,1092
10,삼성중앙역 5번출구,강남구,628
10,삼성중앙역4번출구(문화센터더 리빌),강남구,204
10,삼성중앙역·플래티넘아파트 정류소,강남구,486
10,삼성타운(삼성생명) A동 맞은편,서초구,1684
10,삼성화재 사옥 옆,영등포구,2464
10,삼양동사거리,강북구,547
10,삼양동주민센터 앞,강북구,298
10,삼양사거리역,강북구,322
10,삼양시장오거리,강북구,343
10,삼양역,강북구,204
10,삼양입구사거리,강북구,400
10,삼육대 도서관,노원구,516
10,삼육대 입구,노원구,471
10,삼육대 제3과학관,노원구,112
10,삼육서울병원 버스정류장,동대문구,3842
10,삼익세라믹아파트교차로,도봉구,1000
10,삼익아파트,동작구,1452
10,삼일교(시그니쳐 타워),중구,910
10,삼일수영장 앞,동작구,825
10,삼일초등학교 인근,동작구,505
10,삼전동주민센터 건너편,송파구,1020
10,삼전동주민센터 앞,송파구,1266
10,삼전역 1번출구,송파구,1657
10,삼전역 4번출구,송파구,1550
10,삼청공원 앞,종로구,156
10,삼청동 골목,종로구,911
10,삼호3차아파트 앞,서초구,1201
10,삼호물산버스정류장(23370) 옆,강남구,2197
10,삼호아파트 2동 ( 간선도로),강남구,296
10,삼호아파트 앞,구로구,665
10,삼환로즈빌아파트 105동 옆,구로구,1182
10,"상계3,4동 주민센터 대여소",노원구,319
10,상계8동 주민센터,노원구,1872
10,상계동 우방유쉘아파트 앞,노원구,1146
10,상계동수락리버시티,노원구,685
10,상계문화정보도서관,노원구,791
10,상계신동아아파트,노원구,183
10,상계역 3번출구,노원구,3941
10,상계역중앙시장,노원구,1226
10,상계주공 14단지 상가 앞,노원구,816
10,상계주공10단지 버스정류소,노원구,1141
10,상계주공10단지 종합상가 앞,노원구,1583
10,상계주공13단지 1301동,노원구,174
10,상계주공15단지 버스정류소,노원구,1371
10,상계주공1단지 버스정류장 옆(대원빌딩 앞),노원구,2227
10,상계주공1단지아파트,노원구,1206
10,상계주공2단지 219동,노원구,1246
10,상계주공2단지 버스정류장 옆,노원구,2128
10,상계주공7단지 아파트 앞,노원구,284
10,상계중학교(당현2교사거리),노원구,954
10,상계초교 입구 교차로 명주빌딩 앞,노원구,1555
10,상도 아이파크 아파트,동작구,233
10,상도SH빌아파트 입구,동작구,164
10,상도역 1번출구,동작구,560
10,상도중앙하이츠빌 입구,동작구,386
10,상도효성해링턴플레이스,동작구,582
10,상록수아파트,강남구,720
10,상림마을 롯데캐슬2단지 옆,은평구,135
10,상림마을 생태공원,은평구,320
10,상명대입구,종로구,639
10,상봉2동 주민센터 앞,중랑구,989
10,상봉시장앞 교차로 한성빌딩 앞,중랑구,1357
10,상봉신협 앞,중랑구,1263
10,상봉역 1번출구,중랑구,983
10,상봉역 2번 출구,중랑구,2552
10,상봉역 3번출구,중랑구,1616
10,상봉터미널2,중랑구,2118
10,상사마을 버스정류장(아라대교방면),강서구,247
10,상수역 2번출구 앞,마포구,878
10,상수역새마을금고,마포구,616
10,상신초등학교앞 버스정류장,은평구,1063
10,상아빌딩(우림시장 교차로),중랑구,1250
10,상암동주민센터 옆,마포구,2140
10,상암월드컵파크 10단지 앞,마포구,1258
10,상암월드컵파크 1단지 교차로,마포구,741
10,상암월드컵파크 3단지 후문,마포구,800
10,상암월드컵파크 7단지 앞,마포구,815
10,상암월드컵파크 9단지 앞,마포구,662
10,상암월드컵파크5단지(상암중학교),마포구,662
10,상암중학교 옆,마포구,300
10,상암한샘빌딩앞,마포구,1462
10,상암한화오벨리스크 1차 앞,마포구,1384
10,상왕십리역 1번출구,성동구,2186
10,상왕십리역 4번 출구 앞,성동구,847
10,상왕십리역 6번 출입구,성동구,699
10,상원삼거리 장안철교 아래,성동구,1078
10,상월곡역 1번출구,성북구,1094
10,상월곡역 3번출구,성북구,1360
10,상월곡역 4번출구,성북구,531
10,상일동산(동아아파트앞 교차로),강동구,302
10,상일동역 2번출구 앞,강동구,2017
10,상일초등학교,강동구,754
10,상일파출소 옆,강동구,1174
10,새말소공원,영등포구,2290
10,새솔초등학교,중랑구,278
10,새우개마을,중랑구,178
10,새절역 2번출구,은평구,2667
10,새정이마을버스정류장 앞,서초구,48
10,샛강생태공원방문자센터 앞,영등포구,600
10,샛강역 1번출구 앞,영등포구,2327
10,샛마을 근린공원,강동구,846
10,생명의 전화 종합복지관 앞 교차로,성북구,1237
10,생태공원앞 교차로(조명탑),강동구,168
10,서강나루 공원,마포구,1730
10,서강대 남문 옆,마포구,151
10,서강대 정문 건너편,마포구,1198
10,서강대 후문 옆,마포구,1170
10,서강대역 2번출구 앞,마포구,1447
10,서교동 사거리,마포구,1668
10,서남병원 후문,양천구,1121
10,서남환경공원 버스정류장,강서구,2014
10,서남환경공원(방화동도시개발2단지방향),강서구,1024
10,서대문구청,서대문구,325
10,서대문역 2번 출구,서대문구,1378
10,서대문역 8번출구 앞,서대문구,352
10,서대문자연사박물관 입구,서대문구,237
10,서래공원 앞,서초구,711
10,서부식자재마트 건너편,양천구,1729
10,서부운전면허시험장,마포구,1022
10,서빙고동 금호맨션 앞,용산구,535
10,서빙고동 주민센터 앞,용산구,2672
10,서빙고역 광장(1번출구),용산구,309
10,서서울모터리움 앞,강서구,661
10,서소문성지역사박물관,중구,265
10,서소문역사공원,중구,72
10,서우빌딩,서대문구,1013
10,서울 논현동우체국 앞,강남구,436
10,서울 시흥동우체국 앞,금천구,643
10,서울 영등포구 우체국,영등포구,1461
10,서울 월드컵 경기장,마포구,1238
10,서울가정법원,서초구,810
10,서울강월초등학교 앞,양천구,836
10,서울갤러리아 앞,용산구,154
10,서울경찰청,종로구,871
10,서울고등학교 건너편,서초구,277
10,서울고앞,서초구,248
10,서울과학기술대학교(미래관),노원구,1132
10,서울과학기술대학교(어학교육원),노원구,3642
10,서울교육청 교육연수원 앞,서초구,120
10,서울교통공사 사당별관 건너편,서초구,400
10,서울교통공사사거리 교통섬,동대문구,843
10,서울남부교정시설 앞,구로구,291
10,서울남부지방검찰청 후문,양천구,1354
10,서울남부출입국관리소,강서구,1947
10,서울남부터미널 대합실 입구,서초구,837
10,서울대벤처타운역,관악구,549
10,서울대입구역 1번출구,관악구,1190
10,서울대입구역 4번 출구,관악구,877
10,서울대입구역 5번출구,관악구,1651
10,서울대입구역 마에스트로,관악구,902
10,서울대학교 정문,관악구,415
10,서울도봉초등학교인근,도봉구,579
10,서울도시가스 앞,강서구,1125
10,서울도시건축전시관,중구,2896
10,서울디자인고등학교 앞,마포구,1552
10,서울디지털운동장 앞,금천구,1182
10,서울문화재단 앞,동대문구,1456
10,서울미래초등학교 사거리,구로구,1230
10,서울미술관,종로구,228
10,서울반도체고 앞,동대문구,642
10,서울방이동 고분군,송파구,1850
10,서울보증보험본사 앞,종로구,1283
10,서울복합물류 게이트 1,송파구,1142
10,서울본부세관(건설회관 앞),강남구,274
10,서울북부고용노동지청,강북구,642
10,서울북부고용센터앞,노원구,2749
10,서울북부광역등기국,도봉구,259
10,서울북부수도사업소,강북구,495
10,서울북부지방법원,도봉구,263
10,서울북부지방법원 앞,도봉구,624
10,서울사대부설초등학교 앞,종로구,1647
10,서울산업정보학교,관악구,354
10,서울서부지방법원 앞,마포구,879
10,서울서부지방법원등기국앞,마포구,370
10,서울서초고용센터앞,서초구,528
10,서울숲 IT캐슬,성동구,1
10,서울숲 공영주차장앞,성동구,1141
10,서울숲 관리사무소,성동구,2761
10,서울숲 지식산업센터,성동구,2282
10,서울숲리버뷰자이APT105동 앞,성동구,560
10,서울숲역 2번출구 앞,성동구,1830
10,서울숲역 5번 출구 옆,성동구,1672
10,서울숲역3번출구,성동구,414
10,서울시 공공자전거 상암센터,마포구,1852
10,서울시 도로환경관리센터,양천구,3320
10,서울시 북부병원 앞,중랑구,524
10,서울시 북부여성발전센터,노원구,935
10,서울시 품질시험소 앞,서초구,579
10,서울시립과학관,노원구,420
10,서울시립대 건설공학관,동대문구,603
10,서울시립대 정문 앞 A,동대문구,308
10,서울시립대 정문 앞 B,동대문구,1935
10,서울시립대 정보기술관,동대문구,609
10,서울시립대 후문,동대문구,646
10,서울시설공단 앞,성동구,1361
10,서울시여성가족재단,동작구,546
10,서울시청,중구,1736
10,서울식물원 식물문화센터,강서구,1380
10,서울식물원 잔디마당 앞,강서구,2145
10,서울식물원(문화센터) 건너편,강서구,599
10,서울신성초등학교,관악구,616
10,서울신용보증재단,마포구,1273
10,서울신우초등학교,관악구,16
10,서울안천초등학교 옆,금천구,183
10,서울여대 남문,노원구,1011
10,서울역 12번 출구 앞,용산구,1201
10,서울역 7번출구,중구,110
10,서울역 서부,중구,407
10,서울역 서부교차로(3),중구,1304
10,서울역 서부교차로2,중구,1254
10,서울역 센트럴 자이아파트,중구,836
10,서울역5번출구,중구,1135
10,서울역9번출구,중구,896
10,서울역사박물관 앞,종로구,1041
10,서울연신중학교,은평구,314
10,서울연신초등학교,은평구,460
10,서울영상고교 입구,양천구,3709
10,서울율현초교 삼거리,강남구,657
10,서울중랑우체국,중랑구,877
10,서울지방고용노동청 앞,중구,1531
10,서울지방병무청 버스정류장,영등포구,1028
10,서울천호동우체국,강동구,1937
10,서울체육고등학교 앞,송파구,1704
10,서울추모공원 입구,서초구,38
10,서울축산농협(장안지점),동대문구,3143
10,서울출입국관리사무소 앞,양천구,4110
10,서울친환경유통센터,송파구,170
10,서울특별시 남부교육지원청,영등포구,806
10,서울특별시 동부교육지원청(육교),동대문구,215
10,서울특별시 동작관악교육지원청,동작구,103
10,서울특별시 은평병원,은평구,369
10,서울특별시 중부교육지원청,종로구,157
10,서울특별시교육청도봉도서관,도봉구,910
10,서울혁신파크,은평구,830
10,서울혁신파크1,은평구,251
10,서울혁신파크2,은평구,347
10,서원마을,강동구,160
10,서일스포츠센터,서초구,213
10,서초 크로바타워 앞,서초구,602
10,서초 포레스타5단지,서초구,424
10,서초1교 (진흥아파트 방면),서초구,400
10,서초2교(사임당로 방면),서초구,165
10,서초4동주민센터,서초구,1119
10,서초구립반포도서관 앞,서초구,1531
10,서초그랑자이 앞,서초구,467
10,서초동 현대아파트 앞,서초구,576
10,서초리슈빌S 글로벌 앞,서초구,157
10,서초신동아1차아파트 옆,서초구,527
10,서초역 3번출구,서초구,835
10,서초역1번출구 앞,서초구,542
10,서초유치원 맞은편,서초구,700
10,서초종합체육관 입구,서초구,127
10,서초초등학교 후문,서초구,1065
10,서초케이타운앞,서초구,27
10,서초포레스타 7단지,서초구,367
10,서초현대4차아파트 201동 맞은편,서초구,620
10,석계역 3번 출구,노원구,1690
10,석계역 4번출구 뒤,성북구,2030
10,석계역 5번출구 건너편,성북구,2001
10,석계역 문화광장 내 자전거 보관소,노원구,4556
10,석관동주민센터 앞,성북구,1283
10,석관래미안아트리치,성북구,1682
10,석관초등학교 앞,성북구,1583
10,석촌고분역 2번 출구,송파구,2508
10,석촌고분역 4번출구,송파구,1934
10,석촌동 주민센터,송파구,2573
10,석촌역 2번출구,송파구,2749
10,석촌역 8번출구,송파구,3378
10,석촌호수 서호 남단,송파구,2743
10,석촌호수 서호 사거리,송파구,2795
10,석촌호수 아뜰리에,송파구,2176
10,석촌호수교차로 (송파나루근린공원 앞),송파구,1031
10,석촌호수교차로(동호 팔각정 앞),송파구,3199
10,선릉역3번출구,강남구,1516
10,선린인터넷 고등학교,용산구,1711
10,선사고등학교,강동구,498
10,선유도역 3번출구 앞,영등포구,3792
10,선잠단지 앞,성북구,297
10,"선정릉 디캠프(D,CAMP)앞",강남구,266
10,선정릉역 4번 출구,강남구,479
10,섬들근린공원,서초구,1184
10,섬유센터 앞,강남구,1482
10,성공회대학교,구로구,566
10,성균관대 E하우스 앞,종로구,1741
10,성균관대 정문,종로구,2090
10,성균관대입구 사거리 A,종로구,1222
10,성균관대입구 사거리 B,종로구,1411
10,성내5교,송파구,1356
10,성내7교,송파구,673
10,성내교 남단,송파구,479
10,성내삼성아파트,강동구,3108
10,성내어울터,강동구,2864
10,성내유수지 체육공원,송파구,430
10,성동광진 교육지원청 앞,성동구,1749
10,성동교 사거리,성동구,725
10,성동구 견인차량 보관소 앞,성동구,2018
10,성동구민종합체육센터 건너편,성동구,3155
10,성동도로사업소,성동구,469
10,성동세무서 건너편,성동구,1564
10,성동세무서 부근,성동구,1598
10,성보하이드로빌딩,양천구,1298
10,성북3교 위,성북구,1312
10,성북구 한예종 캠퍼스 별관,성북구,956
10,성북구 한예종 캠퍼스 본관,성북구,905
10,성북구보건소 건너편,성북구,697
10,성북구청,성북구,1003
10,성북동 치안센터 앞,성북구,765
10,성북쉼터 앞,성북구,175
10,성북제일새마을금고 본점 앞,성북구,577
10,성북청소년문화의집,성북구,38
10,성북청소년센터,성북구,557
10,성산2-1 공영주차장,마포구,1351
10,성산2교 사거리,마포구,1966
10,성산시영아파트,마포구,1450
10,성산유수지공원,마포구,163
10,성서대학교 밀알관,노원구,378
10,성수2가1동 공영주차장 인근,성동구,4569
10,성수사거리 버스정류장 앞,성동구,2778
10,성수아카데미타워 앞,성동구,1800
10,성수역 1번출구 주변,성동구,895
10,성수역 2번출구 앞,성동구,3738
10,성수역3번출구,성동구,4809
10,성신여대입구 교차로,성북구,935
10,성신여대입구역 3번출구 앞,성북구,1456
10,성신여대입구역 5번출구,성북구,1636
10,성원2차 아파트,양천구,1167
10,성원APT버스정류소,도봉구,509
10,성지아파트 옆 도로변,금천구,235
10,세곡데이케어센터,강남구,266
10,세곡동 사거리(대왕초등학교 정류장),강남구,214
10,세곡동 성당,강남구,629
10,세곡사거리 대왕파출소 앞,강남구,85
10,세륜초등학교 건너편,송파구,255
10,세양청마루 101동 앞,송파구,450
10,세양청마루아파트 앞,강동구,1658
10,세운상가,종로구,807
10,세운스퀘어 앞,종로구,621
10,세이브마트,관악구,1719
10,세종그랑시아 앞(102동),양천구,1013
10,세종대왕기념관 교차로,동대문구,580
10,세종대학교,광진구,185
10,세종대학교 대양AI센터,광진구,1634
10,세종대학교(영실관),광진구,873
10,세종대학교(학술정보원),광진구,404
10,세종사이버대학교,광진구,3354
10,세화고등학교,서초구,298
10,센트럴 푸르지오 시티 앞,영등포구,2236
10,센트럴파크타워 앞,용산구,1935
10,솔리스타오피스텔(공덕동주민센터),마포구,593
10,솔밭공원역,강북구,225
10,솔밭공원역 1번출구 앞,도봉구,538
10,솔밭공원역 1번출구 주변,도봉구,618
10,솔브레인이엔지 뒤편,금천구,606
10,송도병원,중구,136
10,송이공원,송파구,525
10,송정역 1번출구,강서구,2974
10,송정역 3번출구 앞,강서구,1592
10,송정중학교,강서구,1165
10,송중초등학교 옆,강북구,586
10,송천동 주민센터,강북구,412
10,송천동우체국,강북구,448
10,송천센트레빌,강북구,250
10,송파 글마루 도서관,송파구,883
10,송파 레미니스1단지 102동 앞,송파구,905
10,송파 파인타운 11단지,송파구,702
10,송파구청,송파구,6086
10,송파구청 교차로,송파구,1929
10,송파나루역 4번 출구옆,송파구,5016
10,송파도서관,송파구,805
10,송파레이크힐,송파구,155
10,송파레이크힐 상가,송파구,1011
10,송파사거리,송파구,2977
10,송파소방서 (방이119안전센터),송파구,420
10,송파소방서 맞은편(성내4교),송파구,1589
10,송파시그니처롯데캐슬,송파구,204
10,송파여성문화회관 앞,송파구,2254
10,송파여성축구장,송파구,501
10,송파역 2번 출구앞,송파구,1497
10,송파역 4번출구,송파구,3264
10,송파중학교 정문,송파구,556
10,송파지역자활센터 뒤,송파구,2240
10,송파청소년센터,송파구,847
10,송파체육문화회관 앞,송파구,1008
10,송파파인타운 10단지 1005동,송파구,330
10,송파파인타운 4단지 403동,송파구,464
10,송파파인타운 7단지,송파구,872
10,송파파크데일 1단지 115동 건너편,송파구,417
10,송파파크데일 2단지입구 앞 주차장,송파구,449
10,송파학사 옆,송파구,1009
10,수궁동 성당 주변,구로구,652
10,수락리버시티4단지,노원구,737
10,수락산역 4번출구,노원구,1165
10,수명산파크 4단지 411동 앞,강서구,1586
10,수명산파크1단지교차로,강서구,3365
10,수명중?고교,강서구,1933
10,수명초등학교,강서구,1573
10,수서동 성당 맞은편,강남구,646
10,수서역 1번출구 앞,강남구,1326
10,수서역 5번출구,강남구,2650
10,수서역 7번출구 앞,강남구,482
10,수연빌딩 앞,노원구,979
10,수유1동 주민센터,강북구,569
10,수유2동은행빌딩 앞,강북구,580
10,수유사거리,강북구,1225
10,수유역2번출구,강북구,2760
10,수유중앙시장,강북구,1176
10,수출의 다리 아래,금천구,829
10,수협 연남동지점,마포구,1868
10,수협대치동지점,강남구,772
10,숙대입구역 4번출구,용산구,1665
10,숙대입구역 8번,용산구,1115
10,숙명여대 입구 교차로,용산구,1537
10,숙명여대앞 버스정류소 주변,용산구,278
10,순천향대학병원(한남오거리),용산구,763
10,순흥안씨묘 건너편,금천구,82
10,숭실대 입구역3번 출구 앞,동작구,588
10,숭실대학교(중문),동작구,219
10,숭인2동 주민센터 입구,종로구,1692
10,스타벅스(동교동) 앞,마포구,721
10,스타즈호텔독산 빌딩 앞,금천구,929
10,시립도봉노인복지관 버스정류소,도봉구,494
10,시립동부병원 앞 사거리,동대문구,2404
10,시립미술관,중구,1037
10,시립창동운동장 입구,도봉구,340
10,시범아파트버스정류장 옆,영등포구,2007
10,시석빌딩 앞,마포구,822
10,시조사 앞,동대문구,1864
10,시청역 10번출구,중구,495
10,시청역(2호선) 9번출구 뒤,중구,2419
10,시흥4동주민센터 앞,금천구,198
10,시흥사거리(시흥동 994-3 앞),금천구,995
10,신곡시장,양천구,1710
10,신금호역 2번출구 앞,성동구,61
10,신금호파크자이APT앞,성동구,245
10,신길 래미안 프레비뉴,영등포구,615
10,신길동 우리은행 옆,영등포구,837
10,신길선원가와인아파트 앞,영등포구,902
10,신길역 2번출구,영등포구,1666
10,신길역3번출구,영등포구,1926
10,신길우성1차아파트 앞 공원,영등포구,879
10,신길우성4차아파트,영등포구,1597
10,신길자이아파트,영등포구,741
10,신내 우디안 111동 앞,중랑구,186
10,신내2동 주민센터 앞,중랑구,761
10,신내SK V1센터 앞,중랑구,390
10,신내능말공원,중랑구,453
10,신내동 벽산아파트 후문 앞,중랑구,772
10,신내동 한살림 중랑지구 건너편,중랑구,393
10,신내동 한살림 중랑지구 앞,중랑구,974
10,신내어울공원 앞,중랑구,921
10,신내역 4번출구,중랑구,316
10,신내우디안아파트 1단지,중랑구,202
10,신논현역 4번출구,강남구,839
10,신논현타워 앞,서초구,979
10,신답역 1번출구,성동구,325
10,신답역 사거리,동대문구,1696
10,신당 래미안 버스정류장,중구,397
10,신당동주민센터앞,중구,1754
10,신당역 10번 출구,중구,1829
10,신당역 12번 출구 뒤,중구,3715
10,신대방삼거리,동작구,1847
10,신대방삼거리역 3번출구쪽,동작구,55
10,신대방삼거리역 6번출구쪽,동작구,2780
10,신대방역 2번 출구,관악구,7009
10,신도고등학교,은평구,149
10,신도림2차e편한세상아파트 203동 앞,구로구,1467
10,신도림4차 e편한세상 아파트 1109동 앞,구로구,1503
10,신도림7차e편한세상아파트 806동 앞,구로구,1404
10,신도림동주민센터 앞,구로구,1854
10,신도림쌍용플래티넘노블아파트 앞,구로구,1956
10,신도림역 1번 출구 앞,구로구,5628
10,신도림테크노근린공원,구로구,5131
10,신도봉사거리 버스정류장,도봉구,816
10,신도중학교앞,은평구,273
10,신동아럭스빌아파트 앞,서초구,212
10,신동아아파트,영등포구,3035
10,신동아타워 버스정류소,도봉구,453
10,신림1교 교차로,관악구,2358
10,"신림4,5동교",관악구,646
10,신림동 우방아파트,관악구,1529
10,신림동걷고싶은문화의거리입구,관악구,1585
10,신림푸르지오아파트,관악구,983
10,신마곡벽산블루밍메트로오피스텔앞,강서구,1670
10,신목동역 2번 출구,양천구,2870
10,신목동역 3번출구,양천구,1105
10,신반포역 2번출구 앞,서초구,1041
10,신반포역 3번출구 뒤,서초구,423
10,신방화사거리,강서구,3318
10,신방화역 6번출구,강서구,2116
10,신방화역 8번출구,강서구,2026
10,신방화역환승주차장,강서구,4181
10,신봉천주유소 A,관악구,144
10,신봉천주유소 B,관악구,211
10,신사동 가로수길 입구,강남구,926
10,신사동 성당,은평구,229
10,신사동주민센터 옆,강남구,908
10,신사두산위브2차아파트 앞,은평구,1099
10,신사로입구,관악구,1600
10,신사스퀘어,강남구,386
10,신사역 4번출구 뒤,서초구,1016
10,신석초교앞 교차로 교통섬,마포구,1985
10,신설동역 10번출구 앞,동대문구,2392
10,신설동역 11번출구 뒤,종로구,1984
10,신설동역8번출구,동대문구,1407
10,신성기사식당 앞,마포구,660
10,신성미소지움아파트,중랑구,716
10,신세계면세점,중구,422
10,신세계백화점 본점 앞,중구,878
10,신세기아파트 앞,구로구,733
10,신수동 사거리,마포구,386
10,신수동주민센터,마포구,408
10,신양초교앞 교차로,광진구,1132
10,신영동삼거리,종로구,82
10,신영동삼거리(북악터널방향),종로구,99
10,신용산역 1번 출구,용산구,2252
10,신용산역 6번출구 앞,용산구,1774
10,신용산지하차도 앞,용산구,773
10,신원리베르텔 앞,도봉구,690
10,신월6차보람아파트 앞,양천구,1343
10,신월사거리,양천구,1584
10,신월중학교,양천구,1039
10,신응교(가좌로) 앞,은평구,1532
10,신이문역 1번출구,동대문구,1175
10,신이문역 2번출구,동대문구,671
10,신일해피트리아파트 앞,양천구,1312
10,신자초교입구 교차로,광진구,3126
10,신정1동 주민센터 앞,양천구,3634
10,신정3동 현장민원실 앞,양천구,824
10,신정6동 주민센터 인근,양천구,1607
10,신정교 하부,양천구,3078
10,신정네거리역,양천구,1175
10,신정네거리역 교차로,양천구,1397
10,신정보도육교 아래,양천구,3890
10,신정숲속마을아파트,양천구,637
10,신정이펜하우스 1단지아파트 입구 사거리,양천구,706
10,신정이펜하우스314동,양천구,842
10,신정제일시장,양천구,998
10,신진과학기술고등학교 버스정류장(응암시장 방면),은평구,1138
10,신창교,강북구,1114
10,신창시장,도봉구,1586
10,신창아파트 입구 앞,도봉구,410
10,신창중학교 후문 맞은편 버스정류장,노원구,1025
10,신청담나들목,강남구,457
10,신촌 교보빌딩,마포구,433
10,신촌 청년주택,마포구,1751
10,신촌 파랑고래 입구,서대문구,877
10,신촌기차역입구 교차로,서대문구,468
10,신촌동 제1공영주차장 앞,서대문구,626
10,신촌역 4번출구,서대문구,677
10,신촌역(2호선) 1번출구 옆,서대문구,1006
10,신촌역(2호선) 6번출구 옆,마포구,941
10,신촌역(2호선) 7번출구 앞,마포구,2121
10,신트리공원 입구,양천구,2952
10,신풍역 6번출구,영등포구,2125
10,신한금융투자 앞,영등포구,4461
10,신한은행 대림동지점,영등포구,1000
10,신한은행 시흥대로금융센터지점,금천구,238
10,심산기념문화센터,서초구,800
10,쌍문동 이안아파트 앞,도봉구,378
10,쌍문역 1번출구 주변,도봉구,1129
10,쌍문역4번출구 주변,도봉구,1020
10,쌍문현대1차아파트 108동 앞,도봉구,661
10,쌍용아파트2단지 정문,종로구,179
10,쌍용예가(구청별관),영등포구,1203
10,쌍용플레티넘오피스텔,영등포구,2657
10,아리랑시네센터 앞,성북구,368
10,아만티호텔 앞,마포구,506
10,아망떼마곡전시장,강서구,2216
10,아메리칸센터,용산구,548
10,아산병원 기숙사 부근,송파구,4095
10,아시아선수촌아파트 교차로,송파구,1493
10,아시아지하보도 14번 출구,송파구,2598
10,아시아지하보도 2번 출구,송파구,1450
10,아차산 휴먼시아 아파트 옆,광진구,635
10,아차산역 3번출구,광진구,2850
10,아차산역4번출구,광진구,3035
10,아크로리버뷰 부지 앞,서초구,1618
10,아크로타워 스퀘어(영등포시장),영등포구,3232
10,아현교회,마포구,182
10,아현래미안푸르지오아파트 104동 앞,마포구,39
10,아현문화건강센터,마포구,136
10,아현역 4번출구 앞,마포구,727
10,안골마을입구,서초구,28
10,안국동사거리(신),종로구,1563
10,안국역 5번출구 앞,종로구,1525
10,안산초등학교 앞,서대문구,90
10,안암2교 옆,성북구,1920
10,안암골벽산아파트(후문),동대문구,1052
10,안암로터리 버스정류장 앞,성북구,5210
10,안암역 3번 출구,성북구,931
10,안양천합수부(현대3차아파트),강서구,794
10,안천중학교,금천구,260
10,암사동 선사유적지,강동구,158
10,암사역 3번출구(국민은행앞),강동구,3668
10,암사정수센터교차로(강동롯데캐슬퍼스트아파트),강동구,365
10,압구정 한양 3차 아파트,강남구,462
10,압구정나들목,강남구,1864
10,압구정로데오역 6번출구,강남구,951
10,압구정역 2번 출구 옆,강남구,1739
10,압구정파출소 앞,강남구,1119
10,앙카라공원 앞,영등포구,1947
10,애오개역 4번출구 앞,마포구,1837
10,앰배서더 호텔 주변,중구,511
10,약수동 주민센터,중구,201
10,약수역 10번출구 앞,중구,474
10,약수역 3번출구 뒤,중구,691
10,약수역 6번 출구,중구,478
10,양강중학교앞 교차로,양천구,590
10,양남사거리1,영등포구,966
10,양남사거리2,영등포구,967
10,양녕로 입구,관악구,1287
10,양문교회 앞,동작구,863
10,양서중학교 옆,양천구,980
10,양원보도육교,양천구,782
10,양원역 1번 출구,중랑구,935
10,양원역 2번출구,중랑구,225
10,양원지구 힐데스하임 앞,중랑구,607
10,양재근린공원,서초구,1479
10,양재동 꽃시장 건너편,서초구,543
10,양재동 꽃시장 입구,서초구,278
10,양재시민의숲역 1번출구,서초구,2140
10,양재시민의숲역 3번출구,서초구,1355
10,양재역 10번 출구 앞,서초구,844
10,양재역 3번출구 주변,강남구,1162
10,양재역 8번출구 앞,서초구,912
10,양재이스타빌 앞,서초구,1196
10,양재전화국 사거리,서초구,434
10,양재초등학교 맞은편,서초구,863
10,양지근린공원앞,노원구,1400
10,양지사거리,성동구,1190
10,양지사거리(센트라스APT 115동앞),성동구,299
10,양천 해누리타운,양천구,3064
10,양천공영차고지,양천구,230
10,"양천구청, 보건소 사잇길",양천구,5551
10,양천구청역 1번출구,양천구,1249
10,양천구청역 2번출구 옆,양천구,2673
10,양천문화회관,양천구,2658
10,양천아파트 입구,양천구,3382
10,양천해누리체육공원,양천구,1083
10,양천향교역 7번출구앞,강서구,5787
10,양천향교역8번출구,강서구,2360
10,양평1 보행육교 앞,영등포구,2297
10,양평1나들목 보행통로 입구,영등포구,2486
10,양평1동 YP센터 앞,영등포구,722
10,양평교 영등포대여소,영등포구,1986
10,양평동6차현대아파트 앞,영등포구,2268
10,양평동성원아파트,영등포구,1911
10,양평역 1번출구,영등포구,3726
10,양평역2번출구 뒤,영등포구,835
10,양평우림 이비즈센타 앞,영등포구,2461
10,어린이대공원역 2번출구,광진구,1316
10,어린이대공원역 3번출구 앞,광진구,2130
10,어린이대공원정문,광진구,989
10,어린이도서관,종로구,670
10,어린이회관,광진구,1121
10,어울림병원 앞,영등포구,1214
10,언남초등학교 앞,서초구,856
10,언주역 4번출구,강남구,512
10,언주초등학교 입구,강남구,589
10,에스테반,마포구,473
10,에이스 하드웨어(시흥대로 396) 앞,금천구,1009
10,에이스에이존빌딩,관악구,808
10,에이스하이엔드타워8차 앞,금천구,1113
10,에이스하이엔드타워9차 앞,금천구,859
10,엘아르베뉴 102동 앞,금천구,699
10,엠펠리체 호텔 건너편,강서구,2410
10,여의나루역 1번출구 앞,영등포구,7983
10,여의도 마리나선착장 앞,영등포구,917
10,여의도 삼부아파트,영등포구,1657
10,여의도 순복음교회,영등포구,775
10,여의도 은하아파트,영등포구,681
10,여의도고교 앞,영등포구,1796
10,여의도역2번출구 앞,영등포구,1269
10,여의도중학교 옆,영등포구,2019
10,여의도초교 앞,영등포구,1536
10,역삼1동 주민센터,강남구,1003
10,역삼동 sk뷰 501동앞,강남구,448
10,역삼동 디오슈페리움 (우성아파트 사거리),강남구,975
10,역삼빌딩 앞(하나은행 옆),강남구,1039
10,역삼서초삼성 세무서 앞 (역삼빌딩 앞),강남구,1519
10,역삼월드메르디앙아파트 앞,강남구,624
10,역삼중학교 앞(체육관 방향),강남구,285
10,역촌 센트레빌 아파트,은평구,448
10,역촌센트레빌아파트 101동 앞,은평구,391
10,역촌종합시장 버스정류장(예일여고 방면),은평구,1910
10,역촌파출소,은평구,3343
10,연가교 교차로,서대문구,838
10,연가초등학교 옆,서대문구,432
10,연남동주민센터 앞,마포구,2337
10,연대 대운동장 옆,서대문구,512
10,연서어린이공원,서대문구,561
10,연세강서빌딩,강서구,2099
10,연세대 정문 건너편,서대문구,263
10,연세로 명물길,서대문구,770
10,연신내 선일하이츠빌 정류소,은평구,411
10,연신내역 1번 출구,은평구,1147
10,연신내역 3번출구 인근,은평구,580
10,연신내역 4번출구,은평구,591
10,연신내역 5번출구,은평구,2987
10,연신초등학교옆 마을마당,은평구,148
10,연의근린공원 건너편,양천구,967
10,연해피빌 앞,노원구,1188
10,연희 브라운스톤 아파트 앞,서대문구,1953
10,연희IC 남측,서대문구,956
10,연희교차로 인근,서대문구,404
10,연희삼거리,서대문구,1112
10,연희파크푸르지오아파트 앞,서대문구,1136
10,염곡동(염통골) 입구,서초구,135
10,염곡치안센터 건너편,서초구,69
10,염리초등학교 앞,마포구,1072
10,염창나들목,강서구,2648
10,염창동 새마을금고 건너편,강서구,1162
10,염창동 한마음아파트 앞,강서구,1586
10,염창역 1번 출구,강서구,2662
10,"염창역 3, 4번 출구 사이",양천구,1335
10,염천교사거리,중구,663
10,영도초등학교,양천구,2777
10,영동1교 (양재천근린공원),서초구,938
10,영동1교 북단,서초구,625
10,영동3교 북단(우성캐릭터 앞 보도),강남구,495
10,영동대교 북단,광진구,2234
10,영동중앙교회 버스정류장,강남구,315
10,영등포 신세계백화점,영등포구,5056
10,영등포 푸르지오 아파트 A,영등포구,1593
10,영등포 푸르지오 아파트 B,영등포구,1570
10,영등포공원 분수대 앞,영등포구,377
10,영등포구민체육센터 앞,영등포구,953
10,영등포구청역 7번출구,영등포구,7190
10,영등포로터리,영등포구,962
10,영등포로터리2,영등포구,1765
10,영등포삼환아파트 앞,영등포구,1851
10,영등포시장역 포레나영등포,영등포구,3917
10,영등포아트홀 앞,영등포구,829
10,영등포역 1번출구,영등포구,3184
10,영등포역5번출구,영등포구,4943
10,영등포유통상가 사거리,영등포구,1645
10,영등포전화국사거리 (서강어린이공원),영등포구,2258
10,영등포청과시장 사거리,영등포구,1493
10,영락고등학교,관악구,339
10,영문초등학교 사거리,영등포구,4378
10,영성빌딩(PAT),중랑구,1097
10,영어마을 관악캠프,관악구,170
10,영일 어린이공원,영등포구,1104
10,영파여고 앞,송파구,1320
10,영휘원 교차로,동대문구,910
10,영희초교 사거리(래미안개포루체하임),강남구,1300
10,예일여중,은평구,1238
10,옛골 입구,서초구,112
10,오금공원 사거리,송파구,141
10,오금공원사거리2,송파구,277
10,오금동 대림아파트 정문,송파구,516
10,오금역 3번 출구 뒤,송파구,706
10,오금역 7번 출구 인근,송파구,1209
10,오류동 계림웨스트밸리 앞,구로구,250
10,오류동 다숲오피스텔 앞,구로구,744
10,오류동부골든아파트 후문 옆,구로구,357
10,오류동역 2번출구,구로구,919
10,오류동역 맞은편,구로구,1593
10,오륜사거리,송파구,657
10,오리로와 서해안도로 교차로 앞,구로구,481
10,오목교 동측 지하보도,영등포구,1892
10,오목교역 3번출구,양천구,5610
10,오목교역 6번 출구,양천구,2905
10,오목교역 7번출구 앞,양천구,3092
10,오목로 무중력지대 앞,양천구,551
10,오솔길공원,양천구,1035
10,오정초교 앞 보도육교,구로구,235
10,옥수동성당 옆,성동구,174
10,옥수역 3번출구,성동구,4278
10,온곡초교 교차로,노원구,1902
10,온수역 2번 출구 앞,구로구,608
10,온수역 북측,구로구,342
10,올림픽공원 남2문 앞,송파구,1578
10,올림픽공원 북2문 A,송파구,1794
10,올림픽공원 북2문 B,송파구,3256
10,올림픽공원 서1문 앞,송파구,930
10,올림픽공원 장미광장,송파구,758
10,올림픽공원사거리(선수촌아파트),송파구,1343
10,올림픽공원역 1번출구 앞,송파구,1708
10,올림픽공원역 3번출구,송파구,6613
10,올림픽기념 국민생활관 로터리,종로구,1513
10,올림픽로 836(아리수로),강동구,544
10,올림픽선수기자촌아파트 123동 근처,송파구,378
10,올림픽선수촌아파트 136동 앞,송파구,586
10,올림픽훼미리아파트 112동 앞,송파구,1100
10,왈도강서캠퍼스 앞,강서구,1512
10,왕십리 자이아파트(101동 앞),성동구,22
10,왕십리KCC스위첸아파트,성동구,204
10,왕십리교회옆,성동구,2900
10,왕십리역 11번 출구 앞,성동구,1740
10,왕십리역 4번 출구 건너편,성동구,2259
10,왕십리자이아파트 후문(삼거리),성동구,279
10,외국어대 정문 앞,동대문구,2807
10,외대앞역 3번출구,동대문구,1553
10,외대앞역 교차로,동대문구,1335
10,용강동 주민센터 앞,마포구,1531
10,용답동 우체국 주변,성동구,1700
10,용답토속공원 앞,성동구,672
10,용두동 래미안허브리츠아파트 앞,동대문구,1376
10,용두동 사거리,동대문구,2586
10,용두롯데캐슬리치아파트 앞,동대문구,1300
10,용두역 4번출구,동대문구,2674
10,용마복지센터 앞,중랑구,472
10,용마사거리,광진구,1833
10,용마산역 1번출구,중랑구,210
10,용마지구대 A,중랑구,222
10,용마지구대 B,중랑구,764
10,용마한신아파트사거리,중랑구,243
10,용문2교 옆,성북구,1449
10,용문사 버스정류장,강서구,851
10,용산 선인상가,용산구,472
10,용산 파크타워 앞,용산구,481
10,용산 푸르지오 파크타운 1단지 앞,용산구,219
10,용산공원갤러리앞,용산구,281
10,용산구꿈나무종합타운 앞,용산구,877
10,용산더프라임아파트 101동 앞,용산구,474
10,용산시티파크 101동 앞,용산구,569
10,용산역 맞은편,용산구,4168
10,용산전쟁기념관,용산구,181
10,용산중학교,용산구,1049
10,용신동주민센터,동대문구,956
10,우국한마음 아파트 맞은편,서대문구,1235
10,우리은행 방배동지점 앞,서초구,829
10,우리은행 시흥남자동화점 앞,금천구,386
10,우면산등산로 입구,서초구,63
10,우물골 근린공원,은평구,621
10,우성4차아파트,광진구,1620
10,우성식품 앞,광진구,1567
10,우성아파트 교차로,영등포구,1158
10,우성아파트 앞,동작구,2489
10,우성아파트사거리 (기업은행앞),서초구,1751
10,우솔초등학교 맞은편,서초구,282
10,우영테크노센터 앞,성동구,1944
10,우이교 교차로,도봉구,1730
10,우이동 먹거리마을,강북구,158
10,우이동길마을마당,강북구,656
10,우이천 창번교,강북구,621
10,우장산동 가곡어린이공원앞,강서구,2850
10,우장산역 1번출구옆(우장산아이파크105동앞),강서구,1975
10,우장산역 3번출구,강서구,1656
10,우장산역 헤링턴타워 앞,강서구,1600
10,우장초등학교 앞,강서구,2312
10,원남동사거리,종로구,1512
10,원당공원 앞,도봉구,1110
10,원당근린공원,강서구,2670
10,원메디타운 앞,구로구,2349
10,원묵고등학교,중랑구,1106
10,원일교회,광진구,2514
10,원자력 병원,노원구,418
10,원풍빌라앞,은평구,661
10,원효로2가 교차로,용산구,817
10,원효로다목적체육관 앞,용산구,548
10,월계 롯데캐슬아파트 뒤,노원구,768
10,월계 센트럴 아이파크,노원구,1150
10,월계 청백1단지 아파트 정류장,노원구,438
10,월계1동주민센터 앞,노원구,961
10,월계2교 교차로,강북구,68
10,월계2교 버스정류장 앞,성북구,912
10,월계문화체육센터,노원구,227
10,월계역 1번 출구,노원구,1052
10,월계중학교,노원구,362
10,월계초안아파트 1단지,노원구,538
10,월계프라자,노원구,646
10,월곡역 3번출구,성북구,2798
10,월곡역 5번출구 앞,성북구,1772
10,월곡역 입구 육교 밑,성북구,377
10,월드메르디앙 벤처센터 2차,금천구,1551
10,월드컵경기장역 3번출구 옆,마포구,2793
10,월드컵공원,마포구,3158
10,월드컵참누리아파트,마포구,637
10,월드컵파크 4단지,마포구,473
10,월정초 사거리,양천구,794
10,웨스틴 조선호텔,중구,526
10,웰니스센터(민방위교육장 앞),종로구,1411
10,웰츠타워 오피스텔,광진구,2213
10,위너스 스포츠클럽 골프연습장옆,금천구,385
10,위례 포레샤인 1809동 부근,송파구,327
10,위례22단지 2208동 다리앞,송파구,516
10,위례동주민센터,송파구,2172
10,위례별 유치원 뒤,송파구,437
10,위례송파꿈에그린아파트24단지 앞 성벽 다리 밑,송파구,591
10,위례아이파크 101동 맞은편,송파구,470
10,위례중앙푸르지오 1단지 앞,송파구,918
10,위례중앙푸르지오 201동 앞,송파구,1523
10,위례포레나송파,송파구,668
10,위례포레샤인13단지,송파구,366
10,위례포레샤인18단지 1802동,송파구,253
10,위례포레샤인18단지 1812동,송파구,116
10,위례포레샤인아파트 정류장,송파구,821
10,윗반마을 입구,강남구,142
10,유니베라 앞,성동구,1811
10,유스호스텔 앞,영등포구,1565
10,유원목동아파트 103동 앞,양천구,3297
10,유진투자증권빌딩 앞,영등포구,2416
10,유한양행앞,동작구,1525
10,육군사관학교  앞,노원구,1710
10,윤선생빌딩(JYP사옥),강동구,3205
10,으뜸공원,양천구,818
10,은곡마을,강남구,561
10,은마아파트 입구 사거리,강남구,1357
10,은마아파트입구 사거리(1),강남구,262
10,은천교회,관악구,858
10,은천교회 앞,관악구,1171
10,은천로입구 가로공원,관악구,2883
10,은천삼거리,관악구,433
10,은천초등학교 육교,관악구,684
10,은천치안센터,관악구,1240
10,은평 성모병원 사거리,은평구,511
10,은평 지웰테라스,은평구,151
10,은평구청 교차로,은평구,661
10,은평구청 보건소,은평구,1409
10,은평뉴타운 도서관,은평구,660
10,은평뉴타운 상림마을 13단지,은평구,100
10,은평뉴타운 아이파크,은평구,838
10,은평뉴타운 은뜨락아파트앞,은평구,419
10,은평뉴타운 푸르지오,은평구,812
10,은평뉴타운 힐데스하임,은평구,1067
10,은평뉴타운구파발9단지,은평구,739
10,은평뉴타운폭포동 힐스테이트4단지,은평구,142
10,은평다목적체육관,은평구,381
10,은평서해그랑블아파트앞,은평구,701
10,은평세무서 버스정류장(은평구청 방면),은평구,1271
10,은평역사한옥박물관,은평구,323
10,은평예술회관,은평구,668
10,은평평화공원(역촌역4번출구),은평구,1952
10,은하수 공원,노원구,689
10,을지로2가 사거리 남측,중구,652
10,을지로2가 사거리 북측,중구,852
10,을지로3가역 3번출구,중구,1628
10,을지로4가역 1번출구,중구,1329
10,을지로4가역 9번출구,중구,2007
10,을지로입구역 2번출구,중구,1609
10,을지로입구역 4번출구 앞,중구,1296
10,을지로입구역 8번출구,중구,611
10,을지로지하쇼핑센터,중구,611
10,응봉삼거리,성동구,600
10,응봉역 1번출구,성동구,3815
10,응봉현대아파트 정류소,성동구,287
10,응암2동주민센터 버스정류장(영락중학교 방면),은평구,329
10,응암시장교차로,은평구,2222
10,응암역2번출구 국민은행 앞,은평구,3715
10,응암역3번 출구(서부경찰서 방면),은평구,437
10,응암오거리,은평구,2246
10,의정관,영등포구,322
10,이대목동병원보도육교,양천구,1501
10,이대서울병원,강서구,2210
10,이대역 4번 출구,서대문구,320
10,이대역 5번출구,마포구,733
10,이랜드글로벌R&D센터,강서구,210
10,이마트 버스정류장(서부경찰서 방면),은평구,2305
10,이문e편한세상아파트 앞,동대문구,691
10,이문대성유니드아파트 앞,동대문구,726
10,이문동 쌍용아파트 정문,동대문구,1082
10,이문삼익아파트 앞,동대문구,315
10,이수고가차도 남단,서초구,1445
10,이수교차로,서초구,1937
10,이수성결교회 옆,동작구,128
10,이수역 11번출구쪽,동작구,1726
10,이수역 1번출구,서초구,2653
10,이수역 4번 출구,서초구,1477
10,이수역 6번출구 앞,서초구,865
10,이수역9번출구,동작구,968
10,이앤씨드림타워 앞,영등포구,3380
10,이좋은집오피스텔 앞,구로구,650
10,이촌1동 마을공원,용산구,533
10,이촌1동 주민센터 뒤,용산구,1113
10,이촌2동 동원베네스트 아파트 앞,용산구,1241
10,이촌역2번 출구,용산구,464
10,이촌역5번출구 앞,용산구,193
10,이태원관광특구 입구(용산구청방향),용산구,355
10,이태원관광특구입구A(녹사평역쪽),용산구,168
10,이태원로 255,용산구,84
10,이태원역 3번 출구,용산구,630
10,이태원지하보도,용산구,603
10,이투스교육 앞,서초구,305
10,이튼타워리버 2차,광진구,1543
10,이화공영주차장,종로구,500
10,이화여대 인문관 인근,서대문구,233
10,이화여대 후문,서대문구,769
10,인덕대학교,노원구,863
10,인왕산 아이파크 정문,종로구,244
10,인재개발원 데이터센터,서초구,25
10,인재개발원 배움관,서초구,84
10,인헌초교,관악구,313
10,일동제약 사거리,서초구,722
10,일성아파트,종로구,357
10,일신초등학교 옆,성북구,273
10,일원1동 주민센터,강남구,884
10,일원1동주민센터앞 사거리,강남구,569
10,일원에코파크 앞(개포로 방면),강남구,412
10,일원에코파크 주차장,강남구,640
10,일원역 4~5번 출구 사이,강남구,724
10,임광빌딩 앞,서대문구,472
10,자곡사거리,강남구,1818
10,자교교회 앞,종로구,1218
10,자양(뚝섬한강공원)역 1번출구 앞,광진구,9628
10,자양2동 주민센터,광진구,1917
10,자양나들목,광진구,2433
10,자양사거리 광진아크로텔 앞,광진구,2371
10,자양사거리(서원빌딩),광진구,3237
10,자양중앙나들목,광진구,1700
10,자양한강도서관,광진구,1677
10,잔디마을 마을버스 정류장,서초구,1436
10,잠실 자전거 수리센터 앞,송파구,2976
10,잠실 파크리오 120동 앞,송파구,1511
10,잠실3거리(갤러리아팰리스),송파구,1357
10,잠실4동 주민센터 옆,송파구,1620
10,잠실근린공원,송파구,2215
10,잠실나들목,송파구,2282
10,잠실나들목2(엘스아파트136동),송파구,804
10,잠실나들목4,송파구,2122
10,잠실나들목5,송파구,556
10,잠실나들목6,송파구,915
10,잠실나루 나들목,송파구,1658
10,잠실나루역 (2번 출구 쪽),송파구,2500
10,잠실나루역 고가하부,송파구,502
10,잠실나루역4번출구뒤,송파구,2096
10,잠실대교북단 교차로,광진구,2205
10,잠실새내역 1번출구,송파구,2647
10,잠실새내역 5번 출구 뒤,송파구,4239
10,잠실역 6번출구,송파구,2081
10,잠실역 8번출구,송파구,4263
10,잠실주공 521동 건너편,송파구,2531
10,잠실주공5단지1,송파구,2013
10,잠실트리지움310동 옆,송파구,2375
10,잠원역 3번-4번 출구사이,서초구,1085
10,잣절보도육교 아래,양천구,567
10,장곡초등학교 앞,성북구,951
10,장로회신학대학교 주기철 기념관,광진구,126
10,장미원시장 건너편,강북구,794
10,장수공원,양천구,875
10,장승배기역 5번출구,동작구,1766
10,장승배기역2번출구뒷편쪽,동작구,711
10,장안동 사거리,동대문구,3786
10,장안동삼거리 교통섬,동대문구,1662
10,장안동위더스빌옆,동대문구,3002
10,장안중학교,중랑구,950
10,장안힐스테이트(아) 앞,동대문구,2219
10,장지공영차고지,송파구,332
10,장지역 1번출구,송파구,1488
10,장충동먹자골목 앞,중구,804
10,장충체육관,중구,226
10,장한평역 8번 출구 앞,성동구,5217
10,장훈고 앞,영등포구,753
10,재동초교 앞 삼거리,종로구,809
10,전농SK아파트 앞,동대문구,404
10,전농동 동아아파트 앞,동대문구,1614
10,전농동 텃골공원,동대문구,692
10,전농사거리 교통섬,동대문구,1552
10,전농삼성아파트,동대문구,303
10,전농초등학교 건너편,동대문구,632
10,전자랜드 본관 앞,용산구,890
10,정금마을 마을버스정류장,동작구,631
10,정동사거리,중구,1114
10,정릉꿈에그린1단지 201동 앞,성북구,316
10,정릉도서관 앞,성북구,650
10,정릉역,성북구,594
10,정의여중고 버스정류소,도봉구,459
10,제2구민체육센타 앞,영등포구,2115
10,제각말푸르지오 5-1단지 아파트,은평구,223
10,제기2교,동대문구,1721
10,제기동 현대아파트 앞,동대문구,463
10,제기동역 1번출구,동대문구,2514
10,제니스스포츠 앞,구로구,466
10,제일강산수산입구,도봉구,1094
10,제일빌딩 앞,마포구,1376
10,조계사앞사거리,종로구,1437
10,조원동 강남힐병원,관악구,1247
10,조원동 미성아파트,관악구,1137
10,종각역 1번출구 앞,종로구,1917
10,종각역 5번출구,종로구,1608
10,종로2가 버스정류장 (종각방향),종로구,1158
10,종로2가 사거리,종로구,1446
10,종로3가역 15번출구 뒤,종로구,1036
10,종로3가역 2번출구 뒤,종로구,1494
10,종로3가역 8번출구,종로구,2150
10,종로4가 사거리,종로구,1311
10,종로5가역 4번출구,종로구,1611
10,종로6가역 버스정류장(동대문 방향),종로구,1180
10,종로구청 옆,종로구,2203
10,종로꽃시장 입구 옆,종로구,1143
10,종로문화원 건너편,종로구,1269
10,종로오가 지하쇼핑센터 14번출구,종로구,1392
10,종로타워빌딩,종로구,1294
10,종로플레이스,종로구,2398
10,종묘,종로구,1280
10,종묘공영주차장 건너편,종로구,565
10,종암동 동덕여대 제2생활관 앞,성북구,1930
10,종암박스파크,성북구,1320
10,종암초등학교 뒤(새울센스빌),동대문구,426
10,종합운동장역 4번출구,송파구,1483
10,주공14단지,금천구,242
10,주공601동 상가 노원지하보도 앞,노원구,2084
10,주식회사 오뚜기 정문 앞,강남구,435
10,주원 리젠트 앞,강서구,841
10,주홍교 하부,서초구,345
10,준빌딩 앞,은평구,291
10,중계 롯데마트,노원구,1686
10,중계2차 한화꿈에그린 101동 인근,노원구,969
10,중계3차청구아파트,노원구,1125
10,중계구민체육센터,노원구,831
10,중계근린공원내,노원구,3742
10,중계동 성모빌딩 앞,노원구,1708
10,중계동 을지중학교,노원구,782
10,중계동 하나프라자빌딩 앞(중1-1),노원구,2039
10,중계본동 입구,노원구,212
10,중계역 2번출구,노원구,1872
10,중계역 3번출구,노원구,2121
10,중계역 6번출구,노원구,2646
10,중계종합사회복지관 교차로,노원구,523
10,중계주공2단지 앞,노원구,790
10,중계중학교,노원구,1460
10,중곡 성원아파트 앞,광진구,1154
10,중곡SK아파트앞,광진구,625
10,중곡역 1번출구,광진구,1281
10,중대후문 마을버스정류장,동작구,637
10,중랑공영차고지 옆,중랑구,1114
10,중랑교사거리,동대문구,1266
10,중랑구민회관,중랑구,345
10,중랑구청,중랑구,1260
10,중랑구청 사거리,중랑구,1449
10,중랑구청 중화동 별관 앞,중랑구,2166
10,중랑데시앙플렉스 앞,중랑구,478
10,중랑물재생센터(서울새활용플라자),성동구,669
10,중랑세무서,중랑구,2375
10,중랑역 1번 출구(중화문화복지센터),중랑구,1108
10,중랑전화국 교차로,중랑구,1686
10,중랑천 뚝방길 산책로 입구,광진구,1258
10,중랑캠핑숲,중랑구,205
10,중림동삼거리,중구,354
10,중부경찰서앞 사거리,중구,503
10,중부경찰서앞사거리 건너편,중구,447
10,중부세무서 앞,중구,207
10,중앙고입구 삼거리,종로구,225
10,중앙근린공원,서대문구,1149
10,중앙농협(자양동),광진구,2150
10,중앙대학교 정문 1,동작구,680
10,중앙대학교 중앙광장,동작구,239
10,중앙동 동진빌딩,관악구,834
10,중앙보훈병원역 1번출구,강동구,323
10,중앙보훈병원역3번출구,강동구,214
10,중앙유통단지 앞,구로구,959
10,중앙유통단지 앞 B,구로구,1117
10,중앙일보,중구,139
10,중앙하이츠 아파트 입구,노원구,1904
10,중화동 우리은행 앞,중랑구,1146
10,중화빌딩 앞 (동부시장),중랑구,1026
10,중화수경공원,중랑구,1567
10,중화역 2번출구,중랑구,1735
10,중화역 4번출구,중랑구,1011
10,증권거래소후문교차로,영등포구,1536
10,증미역 2번출구,강서구,1926
10,증미역 3번출구뒤(등촌두산위브센티움오피스텔),강서구,3178
10,증산2교,서대문구,2030
10,증산3교 앞,서대문구,1415
10,증산교 앞,서대문구,1916
10,증산역 4번출구,은평구,1575
10,진관고등학교앞,은평구,674
10,진관동 은빛초등학교,은평구,601
10,진미파라곤 앞,영등포구,1643
10,진주아파트상가 앞,영등포구,1135
10,참새공원(백곡경노당),구로구,522
10,창1동주민센터,도봉구,591
10,창경궁 입구,종로구,821
10,창동 주공 4단지 입구 옆,도봉구,788
10,창동19단지아파트 관리사무소앞,도봉구,987
10,창동시장입구 사거리,도봉구,772
10,창동역 1번출구 건너편,도봉구,889
10,창동역 1번출구 앞,도봉구,3110
10,창동역 2번출구,도봉구,3425
10,창동주공17단지 상가앞,도봉구,1343
10,창동주공19단지앞,도봉구,1185
10,창동청소년수련관,도봉구,652
10,창동한신아파트 버스정류소,도봉구,615
10,창신3동주민센터,종로구,1046
10,창신두산아파트,종로구,213
10,창신역 1번출구 앞,종로구,597
10,창신역2번 출구,종로구,191
10,창원초등학교 교차로,도봉구,813
10,창포원 남쪽 입구,도봉구,887
10,천동초교 삼거리,강동구,1634
10,천동초교입구사거리 버스정류장(십자성마을 방면),강동구,1812
10,천왕역 1번 출입구 앞,구로구,1906
10,천왕역 3번 출구 뒤,구로구,1050
10,천왕역 4번출구 뒤,구로구,1178
10,천왕연지타운2단지 앞,구로구,1515
10,천왕이펜하우스 4단지 후문,구로구,276
10,천왕이펜하우스3단지 앞,구로구,401
10,천왕이펜하우스5단지 앞,구로구,422
10,천왕지구삼거리 앞,구로구,728
10,천왕차량사업소 입구,구로구,786
10,천일초교 사거리,강동구,895
10,천주교 대치 2동 교회 옆,강남구,898
10,천지인 오피스텔 앞,종로구,117
10,천호시장 버스정류소 옆,강동구,740
10,천호역 10번 출구 앞,송파구,3397
10,천호역4번출구(현대백화점),강동구,4958
10,천호역효성해링턴타워 앞,강동구,1856
10,천호지하주차장 5번 출입구,강동구,1149
10,천호초교 입구 사거리(일주빌딩),강동구,1028
10,철도교통관제센터 정문 앞,구로구,2290
10,청계2가 사거리 옆,종로구,1519
10,청계3가 사거리,종로구,1298
10,청계8가 사거리 B,성동구,2666
10,청계8가사거리 A,종로구,2346
10,청계9가교차로 앞,동대문구,2782
10,청계광장 옆,중구,1595
10,청계벽산아파트 앞,성동구,1624
10,청계산 입구 삼거리,서초구,125
10,청계산입구역 1번출구,서초구,1129
10,청계산입구역 2번출구,서초구,302
10,청계천 박물관 앞,성동구,721
10,청계천 생태교실 앞,성동구,5637
10,청계천 영도교,중구,3379
10,청계한신휴플러스앞 삼거리,동대문구,1304
10,청구e편한세상아파트 113동 앞,중구,1244
10,청구성심병원 앞,은평구,612
10,청구아파트 앞,구로구,1416
10,청기와빌딩,양천구,903
10,청년주택 독산동점,금천구,729
10,청년취업사관학교앞,금천구,517
10,청담공원앞 교차로,강남구,953
10,청담나들목입구,강남구,445
10,청담동 맥도날드 옆(위치),강남구,448
10,청담백영빌딩 앞,강남구,237
10,청담사거리(신한오피스텔빌딩 앞),강남구,207
10,청담역 11번 출구,강남구,181
10,청담역 13번 출구 앞,강남구,428
10,청담역 1번출구,강남구,201
10,청담역 2번출구,강남구,180
10,청담역(우리들병원 앞),강남구,353
10,청량리 기업은행 앞,동대문구,3063
10,청량차도 육교 밑,동대문구,679
10,청소년수련관 후문,노원구,4342
10,청소년수련관(수영장)앞,강남구,546
10,청소년음악센터,양천구,818
10,청솔우성아파트 앞,동대문구,1505
10,청암예술학교 앞,노원구,1442
10,청암자이아파트 앞,용산구,1047
10,청와대앞길,종로구,239
10,청운초교 앞 삼거리,종로구,723
10,청파동삼거리 앞,용산구,821
10,청파동입구 교차로,용산구,927
10,초롱타운 앞,구로구,308
10,초원아파트 앞,영등포구,1594
10,총신대 앞(육교),동작구,118
10,충무로역 1번출구,중구,1021
10,충무로역 6번출구 앞,중구,1113
10,충북 미래관,영등포구,3671
10,충정2교,서대문구,735
10,충정로역 1번 출구,서대문구,285
10,충정로역 2호선(엘리베이터 앞),중구,649
10,충정로역 3번 출구,서대문구,283
10,충정로역 7번출구 아래,서대문구,656
10,코레일유통본사,영등포구,1184
10,코스트코 상봉점,중랑구,1687
10,코오롱One&Only타워,강서구,1806
10,코오롱디지털타워 3차앞,성동구,1919
10,코오롱아파트사거리,마포구,3261
10,코오롱테크노밸리,금천구,369
10,콤텍시스템 앞,영등포구,877
10,크라운호텔앞 버스정류소,용산구,702
10,크린랩 본사,강남구,328
10,탄천1교 하부보도,송파구,627
10,탑골공원 앞,종로구,834
10,탑성마을 버스정거장 옆,서초구,34
10,탑성마을입구,서초구,17
10,태릉선수촌 앞,노원구,77
10,태릉입구역 3번출구,노원구,1396
10,태릉입구역 5번출구,노원구,3686
10,태릉입구역 8번출구,노원구,2312
10,태평양물산,구로구,3335
10,테라타워2,송파구,2467
10,테크노마트 앞,구로구,2552
10,퇴계로4가 교차로(중구청),중구,1552
10,트레빌빌딩,강동구,1350
10,파르코 앞,노원구,414
10,파스쿠찌 청담사거리점 앞,강남구,295
10,파크타워 104동 앞,용산구,417
10,파크팰리스,종로구,765
10,페코텍글로벌허브빌딩 앞,성동구,2400
10,평생학습관 앞,은평구,1311
10,평창동주민센터 앞,종로구,224
10,평화도봉공원 주변,도봉구,943
10,포레나 당산,영등포구,2699
10,포레스 주상복합 빌딩,강동구,1647
10,포르투갈 대사관 앞,종로구,1054
10,포스코사거리 서측(수협 삼성동 지점),강남구,612
10,포스코사거리(기업은행),강남구,1429
10,포스코피앤에스타워 (역삼역 3번출구 부근),강남구,660
10,폭포동입구 교차로,은평구,306
10,푸르메병원,마포구,1462
10,푸조비즈타워 앞,성동구,1700
10,풍납근린공원,송파구,876
10,풍납동 아이파크 107동 앞,송파구,1099
10,풍납백제문화공원 옆 인근,송파구,2458
10,풍납사거리 성내유수지,송파구,905
10,풍납사거리(강동),강동구,1495
10,풍납중학교 측면,송파구,319
10,풍납토성 서성벽터A,송파구,1177
10,풍납토성 서성벽터B,송파구,579
10,풍납현대아파트쉼터,송파구,2271
10,풍전아파트 건너편,용산구,989
10,프라이어팰리스아파트,강동구,705
10,프라자 아파트 앞,강동구,980
10,프런트원(공덕역4번출구 앞),마포구,803
10,필동 삼거리,중구,763
10,하계 어린이 공원,노원구,1088
10,하계2동 공항버스정류장 옆,노원구,1230
10,하계역 4번출구 앞,노원구,1432
10,하계역 6번출구,노원구,1710
10,하늘공원 입구,마포구,1629
10,하늘숲초등학교 앞,구로구,934
10,하늘채코오롱아파트 건너편,마포구,2293
10,하늘채코오롱아파트 앞,성북구,1229
10,하얏트호텔 앞,용산구,55
10,하우스디세종타워 앞,성동구,1096
10,하이투자증권 앞,영등포구,1670
10,학동로 래미안 아파트 앞,강남구,237
10,학동역,강남구,597
10,학여울역 1번출구,강남구,178
10,학여울역 사거리,강남구,461
10,학여울역 사거리(LG베스트샵 앞),강남구,634
10,학여울역사거리(은마아파트),강남구,234
10,한가람미술관 앞,서초구,230
10,한가람아파트 앞,용산구,989
10,한강 현대아파트 건너편,동작구,81
10,한강GS에클라트 건너편 교통섬,용산구,889
10,한강공원 망원나들목,마포구,11644
10,한강대교 북단 교차로,용산구,2252
10,한강버스 마곡 선착장,강서구,802
10,한강아파트,강서구,2219
10,한강중학교 앞 버스정류장,용산구,330
10,한강진역 2번 출구 앞,용산구,446
10,한강초교보도육교 앞,용산구,1214
10,한강트럼프월드3차 앞,용산구,1552
10,한국SGI 양천문화회관 앞,양천구,1206
10,한국경제,중구,393
10,한국과학기술연구원 북문,성북구,194
10,한국과학기술연구원 중문,성북구,249
10,한국국방연구원 앞,동대문구,1183
10,한국우편사업진흥원,강남구,469
10,한국은행,중구,439
10,한국전력 구로금천지사 앞,금천구,583
10,한국전력공사(동대문 중랑지사),중랑구,1002
10,한국종합기술사옥 앞,강동구,2106
10,한국지역난방공사강남지사,강남구,450
10,한국체육대학교,송파구,658
10,한남 유수지 복개주차장,용산구,767
10,한남나들목 입구,용산구,1541
10,한남나인원 105동 앞,용산구,362
10,한남초교 앞 보도육교,용산구,118
10,한내 행복발전소 옆,노원구,2713
10,한내근린공원 남측,노원구,839
10,한내근린공원 북측,노원구,1277
10,한림대학교 강남성심병원 신관,영등포구,1343
10,한마을아파트 정문상가,구로구,1953
10,한사랑교회 앞,양천구,1193
10,한성대7번출구 앞,성북구,669
10,한성대입구역2번출구,성북구,1675
10,한성대입구역6번출구 뒤,성북구,766
10,한성백제역 1번출구 뒤,송파구,2897
10,한성백제역 2번 출구,송파구,2923
10,한신16차아파트 119동 앞,서초구,3746
10,한신아파트 앞 육교 아래,금천구,625
10,한신코아 앞,금천구,438
10,한신휴아파트 앞,구로구,1844
10,한양3차아파트 3동 앞,송파구,246
10,한양대병원사거리,성동구,1757
10,한양대역 1번출구,성동구,933
10,한양대역 3번 출구,성동구,1718
10,한양대후문역 부근,성동구,1306
10,한양수자인아파트 앞,중랑구,519
10,한영외국어고등학교,강동구,339
10,한영중고앞사거리,강동구,444
10,한울중학교,금천구,208
10,한일유앤아이아파트 105동 인근,노원구,941
10,한전아트센터 앞,서초구,653
10,한진아파트 입구,구로구,1193
10,한천교 동편,노원구,1106
10,한티역 3번출구,강남구,409
10,한티역 6번 출구,강남구,547
10,한티역 롯데백화점 앞,강남구,1033
10,한화오벨리스크 앞,마포구,845
10,함지박 사거리,서초구,888
10,합정동주민센터 앞,마포구,2795
10,합정역 1번출구 앞,마포구,1859
10,합정역 5번출구 앞,마포구,985
10,합정역 7번출구 앞,마포구,2805
10,항동지구 10단지 1001동 앞,구로구,287
10,항동지구 11단지 1103동 앞,구로구,149
10,항동지구 1단지 105동 앞,구로구,246
10,항동지구 2단지 202동 앞,구로구,198
10,항동지구 3단지 302동 앞,구로구,148
10,항동지구 3단지 311동 앞,구로구,135
10,항동지구 4단지 입구,구로구,164
10,항동지구 6단지 602동 앞,구로구,346
10,항동지구 7단지 정문,구로구,463
10,항동지구 8단지 803동옆(주차장입구),구로구,109
10,항동지구5단지 501동 앞,구로구,245
10,항동프라자,구로구,533
10,항동하버리안2단지아파트 후문,구로구,229
10,해공공원(천호동),강동구,2098
10,해공도서관앞,강동구,1051
10,해담는다리,서대문구,2076
10,해뜨는 주유소옆 리엔파크 109동앞,강동구,678
10,해원리바파크 육교 밑,구로구,2595
10,행당동 삼부APT후문,성동구,311
10,행당역 2번출구 앞,성동구,871
10,행당중학교 후문,성동구,804
10,허준박물관삼거리,강서구,1505
10,헌인릉 입구,서초구,30
10,헬리오시티 112동 앞,송파구,1155
10,헬스케어,노원구,1227
10,현대 뜨레비앙 아파트 앞,종로구,1068
10,현대 안성타워,용산구,241
10,현대6차 아파트,노원구,1373
10,현대6차아파트 101동 옆,양천구,1137
10,현대고등학교 건너편,강남구,1845
10,현대그룹(본사),종로구,959
10,현대백화점 미아점,성북구,947
10,현대벤처빌 앞,마포구,265
10,현대성우아파트 옆,강북구,215
10,현대시장사거리,관악구,1256
10,현대시티아울렛 가산,금천구,1601
10,현대아파트 앞,구로구,711
10,현대아파트 정문 앞,강남구,520
10,현대자동차 동부서비스센터 주변,성동구,1143
10,현대자동차서비스 앞,용산구,1035
10,현대하이페리온,양천구,3153
10,현대홈타운 뒷길,광진구,322
10,혜명양로원 담장 옆(2),금천구,318
10,혜화동 로터리,종로구,1390
10,혜화역 1번출구,종로구,2371
10,혜화역 3번출구 뒤,종로구,1347
10,호돌이상가,송파구,797
10,호반써밋,송파구,790
10,호반써밋12단지,송파구,556
10,호암아트홀,중구,161
10,홈플러스 금천점 앞,금천구,876
10,홈플러스 마포점 앞,마포구,2863
10,홈플러스 면목점,중랑구,787
10,홈플러스 상봉점 앞,중랑구,1307
10,홈플러스 시흥점 맞은편 다비치안경 앞,금천구,698
10,홈플러스 신내점 앞,중랑구,2472
10,홈플러스 잠실점,송파구,2231
10,홈플러스(강서점),강서구,3083
10,홍남교 버스정류장,서대문구,693
10,홍남교 사거리,서대문구,1338
10,홍대입구역 2번출구 앞,마포구,4806
10,홍대입구역 3번출구,마포구,3649
10,홍대입구역 6번출구,마포구,1682
10,홍대입구역 8번출구 앞,마포구,2101
10,홍대입구역 사거리,마포구,1768
10,홍련봉 공원,광진구,543
10,홍연2교 사거리,서대문구,711
10,홍연2교옆,서대문구,899
10,홍은 현대아이파크 아파트 202동 앞,서대문구,756
10,홍은2파출소 옆,서대문구,649
10,홍은도담도서관,서대문구,554
10,홍은동 정원여중 입구,서대문구,812
10,홍은사거리,서대문구,3125
10,홍은센트레빌 아파트 앞,서대문구,296
10,홍익병원앞 교차로,양천구,1785
10,홍익중고 입구,성북구,991
10,홍제교,서대문구,801
10,홍제삼거리 북측,서대문구,1039
10,화곡2동주민센터,강서구,1143
10,화곡로 입구 교차로,양천구,448
10,화곡본동시장 버스정류장,강서구,566
10,화곡본동시장 입구,강서구,824
10,화곡역 1번 출구 앞,강서구,2307
10,화곡역 6번출구,강서구,1913
10,화곡역 버스정류장,강서구,2139
10,화곡터널입구교차로,강서구,914
10,화랑대역 2번출구 앞,노원구,3227
10,화랑대역 7번출구,중랑구,1944
10,화양 APT(횡단보도 옆),광진구,3647
10,화양동 우체국,광진구,2791
10,화양사거리,광진구,827
10,황금내근린공원,강서구,2590
10,황학동롯데캐슬,중구,2223
10,회현사거리 남측,중구,574
10,회현역 1번출구,중구,267
10,회현역 7번출구,중구,272
10,효성인텔리안 앞,강북구,1979
10,효자동 삼거리,종로구,911
10,효창 푸르지오 앞,용산구,341
10,효창공원앞역 3번출구 앞,용산구,1740
10,효창공원앞역 5번출구 옆,용산구,438
10,효창동주민센터 앞,용산구,306
10,훈련원공원주차장 앞,중구,1291
10,휘경119안전센터 앞,동대문구,1039
10,휘경1동주민센터 앞,동대문구,1053
10,휘경2동 주민센터,동대문구,359
10,휘경sk뷰아파트 앞,동대문구,519
10,휘경여중고삼거리,동대문구,1310
10,휘문고교 사거리,강남구,263
10,휘봉고등학교 앞,동대문구,962
10,휴플러스 수락한신아파트 101동 앞,노원구,483
10,흑석 아크로리버하임(103동),동작구,160
10,흑석동주민센터 입구,동작구,275
10,흑석동효사정앞,동작구,278
10,흑석롯데캐슬에듀포레(107동),동작구,419
10,흑석역 1번출구,동작구,2533
10,흑석역 4번출구,동작구,664
10,흑석한강푸르지오 106동앞,동작구,37
10,흑석한강푸르지오(110동),동작구,162
10,흥국사 정류장,은평구,166
10,희성오피앙,노원구,992
10,희훈타워빌 앞,구로구,1682
10,힐스테이트에코,강서구,3029
10,힐스테이트창경궁 아파트 앞,종로구,989
10,힐스테이트클래시안아파트,영등포구,1143
11,(시립)고덕평생학습관,강동구,566
11,(재)FITI시험연구원,강서구,1206
11,3호선 매봉역 3번출구앞,강남구,1108
11,419민주묘지역,강북구,436
11,419민주묘지역 1번출구,강북구,762
11,419탑 앞,강북구,359
11,"500번,507번 버스 종점 앞",금천구,137
11,63스퀘어,영등포구,1604
11,7호선 이수역7번출구,동작구,700
11,9호선종합운동장역 9번출구,송파구,711
11,AS센터,성동구,1
11,CBS방송국 앞,양천구,3424
11,CJ 드림시티,은평구,1874
11,CJ오쇼핑앞,서초구,159
11,CJ제일제당 앞,중구,1036
11,DDP 패션몰,중구,941
11,DMC래미안e편한세상203동옆,서대문구,419
11,DMC빌 앞,마포구,551
11,DMC산학협력연구센터 앞,마포구,1044
11,DMC엘가아파트 앞,서대문구,822
11,DMC역 2번출구 옆,마포구,1379
11,DMC역 5번 출구(수색역 방향),은평구,1190
11,DMC역 9번출구 앞,마포구,1980
11,DMC역7번출구,마포구,525
11,DMC첨단산업센터,마포구,326
11,DMC파크뷰자이1단지 110동 앞,서대문구,613
11,DMC파크뷰자이아파트 302동 앞,서대문구,489
11,DMC홍보관,마포구,1039
11,ESA아파트 상가 앞,도봉구,786
11,FITI시험연구원 앞,동대문구,486
11,HID 유족동지회 앞,용산구,91
11,HW컨벤션센터 앞,종로구,119
11,H비즈니스파크,송파구,987
11,H타워 앞,영등포구,1612
11,IBK기업은행 석수역 지점 앞,금천구,76
11,JK장평타워,관악구,190
11,JTBC 앞,마포구,677
11,JW타워,서초구,261
11,K&S빌딩 앞,광진구,1414
11,K+ 타워 앞,강남구,393
11,KAIST 경영대학 앞,동대문구,838
11,KBS 스포츠월드,강서구,1992
11,KBS 앞,영등포구,1612
11,KBS 연구동 건너편,영등포구,389
11,KB국민은행 염창역 지점 앞,양천구,895
11,KCC용산웰츠(WELLTZ)타워,용산구,303
11,KEB 하나금융그룹 명동사옥 옆,중구,711
11,KEB은행 고대점,성북구,1015
11,KG타워 앞,중구,700
11,KRX한국거래소(1),영등포구,706
11,KT 서초지사 앞,서초구,272
11,KT 전화국 버스정류장 옆,노원구,2340
11,KT&G 관악지점,관악구,431
11,KT&G강동지사,강동구,896
11,KT&G타워 옆(상상마당 대치아트홀),강남구,275
11,KT관악지점,관악구,679
11,KT선릉타워,강남구,840
11,KT앞,영등포구,2005
11,KT플라자 영등포점,영등포구,1598
11,KT혜화지사 앞,종로구,931
11,LG CNS앞,마포구,694
11,LG 사이언스파크,강서구,1269
11,LG사이언스파크 E10동,강서구,1237
11,LG사이언스파크 E14동,강서구,2035
11,LG사이언스파크 E2동,강서구,684
11,LG사이언스파크 E7동,강서구,866
11,LG사이언스파크 W4동,강서구,578
11,LG유플러스 (방배사옥),서초구,58
11,LG유플러스 마곡사옥,강서구,2826
11,LG전자 별관동(호서대 벤처타워 맞은편),금천구,799
11,LG전자가산A와 가산테라타워 사이,금천구,1070
11,LG트윈타워 앞,영등포구,1551
11,LG한강 자이아파트 앞,용산구,716
11,LH 서초 4단지 403동,서초구,428
11,LH서초3단지 301동 맞은편,서초구,244
11,LIGA 아파트 앞,강동구,2098
11,LIG강촌아파트 103동앞,용산구,749
11,MBC 앞,마포구,507
11,MCM 본사 직영점 앞,강남구,196
11,NH농협은행 앞,영등포구,2295
11,SBS방송국,양천구,1782
11,SB타워 앞,강남구,191
11,SC제일은행 양재동지점 앞,서초구,569
11,SK 남산빌딩,중구,214
11,SK 서린빌딩 앞,종로구,1486
11,SK리쳄블(서울아리수본부),서대문구,221
11,SPC 앞,서초구,535
11,SSTS 몰 앞,강동구,513
11,STX V타워,금천구,474
11,U레지던스 앞,영등포구,729
11,W컨템포오피스텔앞,금천구,220
11,e 편한세상 보문아파트 내,성북구,122
11,e편한세상 상도노빌리티 앞,동작구,509
11,e편한세상 신촌4단지 앞,서대문구,601
11,kt 행당빌딩 앞,성동구,708
11,sk신내 주유소앞(용마산로),중랑구,115
11,가든파이브 리빙관,송파구,184
11,가락1동주민센터,송파구,891
11,가락2동주민센터 인근,송파구,416
11,가락고등학교 앞,송파구,397
11,가락대림아파트 앞,송파구,725
11,가락몰 업무동,송파구,993
11,가락미륭아파트 앞,송파구,273
11,가락본동주민센터 인근,송파구,968
11,가락삼환아파트 앞,송파구,242
11,가락시장 남1문 사거리,송파구,501
11,가락시장역 2번 출구,송파구,829
11,가락시장역 3번 출구,송파구,1257
11,가락시장역 5번출구,송파구,380
11,가락시장역 사거리,송파구,743
11,가락쌍용2차아파트 103동,송파구,414
11,가락종합 사회복지관,송파구,357
11,가락중학교 앞,송파구,488
11,가락현대 1차 11동 앞,송파구,307
11,가로공원공영주차장 1번 출구,강서구,1005
11,가리봉동주민센터,구로구,1161
11,가마산지하보도 옆,구로구,408
11,가산동 주민센터,금천구,1142
11,가산디지털단지 9번출구 인근,금천구,2502
11,가산롯데아이티캐슬,금천구,820
11,가산아네스트 오피스텔 앞,금천구,599
11,가양3동 주민센터,강서구,1073
11,가양레포츠센터 앞,강서구,785
11,가양역 1번출구,강서구,2199
11,가양역 7번출구,강서구,3988
11,가양역 8번출구,강서구,1239
11,가양오토갤러리,강서구,714
11,가양테크노타운,강서구,600
11,가오리역,강북구,705
11,가온문화공원,마포구,1111
11,가재울 초등학교,서대문구,939
11,가재울사거리,서대문구,490
11,가좌삼거리,서대문구,777
11,가좌역 4번출구 앞,서대문구,1247
11,가좌역1 번출구 앞,마포구,877
11,가좌행복주택 앞,마포구,692
11,갈산문화예술센터,양천구,1092
11,갈현1동 주민센터,은평구,264
11,갑을그레이트밸리 앞,금천구,514
11,강남 을지병원 교차로,강남구,255
11,강남경찰서,강남구,831
11,강남구 도시관리공단,강남구,408
11,강남구청,강남구,346
11,강남구청역 2번출구 뒤,강남구,606
11,강남세브란스교차로  래미안그레이튼 104동 앞,강남구,304
11,강남자곡힐스테이트,강남구,514
11,강남중학교 앞,동작구,1004
11,강남파이낸스센터앞(역삼역2번출구),강남구,843
11,강남한신휴플러스 6단지,강남구,376
11,강남한양수자인아파트,강남구,469
11,강동경찰서,강동구,2436
11,강동경희대학교병원 입구,강동구,339
11,강동구청 앞,강동구,2203
11,강동구청역 1번 출입구,강동구,1806
11,강동농협 버스정류소 앞(광채빌라),강동구,525
11,강동롯데캐슬퍼스트 아파트(관리동),강동구,476
11,강동리버스트4단지아파트 404동 앞,강동구,200
11,강동리버스트4단지아파트 405동 앞,강동구,147
11,강동리버스트6단지,강동구,314
11,강동리버스트7단지,강동구,299
11,강동리버스트8단지,강동구,398
11,강동리엔파크 13단지(1303동 앞),강동구,532
11,강동리엔파크14단지(1401동 앞),강동구,569
11,강동리엔파크9단지,강동구,365
11,강동세무서,강동구,1818
11,강동역 1번출구 앞,강동구,1260
11,강동역3번출구,강동구,2264
11,강변그대가리버뷰 입구 맞은편,강동구,676
11,강변삼성래미안,영등포구,936
11,강변삼성스위트아파트 앞,용산구,243
11,강변아파트 310동 앞,강서구,606
11,강변역 4번출구 뒤,광진구,944
11,강북 청소년 문화정보도서관 앞,강북구,260
11,강북구청 뒷편,강북구,235
11,강북구청 사거리 버스정류소 앞,강북구,658
11,강북구청사거리,강북구,850
11,강북구청사거리(수유역 8번출구),강북구,1592
11,강북문화예술회관,강북구,899
11,강북문화정보도서관,강북구,218
11,강북종합시장 앞,강북구,565
11,강북중학교 앞,강북구,988
11,강서공업고등학교 앞,강서구,847
11,강서구립등빛도서관,강서구,2851
11,강서구민올림픽체육센터,강서구,1554
11,강서구보건소,강서구,567
11,강서구의회,강서구,1592
11,강서구청,강서구,2105
11,강서구청사거리(SH타워),강서구,2076
11,강서구청사거리(부민병원),강서구,962
11,강서대학교,강서구,448
11,강서도로사업소,강서구,245
11,강서면허시험장 앞,강서구,358
11,강서문화센터,강서구,174
11,강서세무서 앞,강서구,2451
11,강서수도사업소민원센터,구로구,1167
11,강서수산물도매시장,강서구,806
11,강서아동복지센터,강서구,80
11,강서우체국,강서구,1043
11,강서초등학교,양천구,337
11,강서한강자이타워 앞,강서구,2262
11,강서힐스테이트 상가 앞,강서구,811
11,강월초교입구 사거리,양천구,437
11,강일 다솜 어린이 공원,강동구,197
11,강일동 리슈빌 빌딩앞,강동구,866
11,강일동입구교차로,강동구,227
11,강일리버파크 10단지,강동구,386
11,강일리버파크 2~5단지,강동구,371
11,강일리버파크 6단지,강동구,173
11,강일리버파크 7~11단지,강동구,233
11,강일역 3번출구,강동구,546
11,강일역 4번출구,강동구,247
11,"강일중,선사고 버스정류장(신암중학교 방면)",강동구,919
11,개롱역 3번 출구 뒤,송파구,643
11,개롱역사거리 2번 출구,송파구,693
11,개봉센트레빌레우스아파트 앞,구로구,114
11,개봉아이파크아파트 앞,구로구,548
11,개봉역 1번 출구 자전거보관서쪽,구로구,559
11,개봉역2번출구 A,구로구,1176
11,개봉역2번출구 B,구로구,285
11,개봉지구대 개봉치안센터,구로구,449
11,개봉푸르지오아파트 상가,구로구,1123
11,개포1단지아파트 입구 (보도육교),강남구,6
11,개포고등학교 정문앞,강남구,384
11,개포동역 4번출구,강남구,546
11,개포동역 사거리,강남구,396
11,개포래미안포레스트아파트 107동 앞,강남구,591
11,개포우성6차아파트 정문 앞,강남구,373
11,개화광역환승센터,강서구,325
11,개화산역 2번 출구,강서구,756
11,거여5단지 503동 앞,송파구,376
11,거여동 사거리,송파구,256
11,거여동 어울림아파트  102동앞,송파구,423
11,거여동사거리 송파둘레길 입구,송파구,141
11,거여역 3번출구,송파구,1065
11,거여역 8번출구 뒤,송파구,1000
11,거여초등학교 옆,송파구,407
11,건국대학교 (입학정보관),광진구,1650
11,건국대학교 (행정관),광진구,687
11,건국대학교 과학관(이과대) 앞,광진구,982
11,건국대학교 정문 앞,광진구,952
11,건국대학교 학생회관,광진구,2861
11,건대병원후문,광진구,3431
11,건대입구역 5번출구 뒤,광진구,3456
11,건대입구역 사거리(롯데백화점),광진구,3782
11,건영상가 앞,영등포구,302
11,건영아파트 앞,성동구,1463
11,건영아파트앞 사거리,송파구,966
11,겸재교 진입부,중랑구,1419
11,겸재정선미술관,강서구,988
11,경기여자고등학교 후문 (삼성로3길 입구),강남구,609
11,경문고등학교 앞,동작구,497
11,경복궁역 6번출구 뒤,종로구,1648
11,경복궁역 7번출구 앞,종로구,736
11,경서농협 버스정류장(우리은행신정동지점방향),양천구,928
11,경일중학교 앞,성동구,1510
11,"경찰병원역 1,2번 출구 사이",송파구,454
11,경찰병원역 3번출구 앞,송파구,978
11,경창시장,양천구,602
11,경희궁 자이 2단지,종로구,908
11,경희궁 자이 3단지,종로구,763
11,경희대학교 청운관,동대문구,927
11,계남공원 입구 주출입구 좌측,양천구,180
11,고대구로병원 앞,구로구,641
11,고대앞사거리 교통섬,동대문구,1071
11,고덕 래미안 힐스테이트(101동),강동구,310
11,고덕 래미안힐스테이트(201동),강동구,62
11,고덕동 래미안 힐스테이트,강동구,279
11,고덕동 아남아파트,강동구,782
11,고덕동 주양쇼핑,강동구,813
11,고덕센트럴 아이파크상가 앞,강동구,405
11,고덕숲 아이파크 1,강동구,178
11,고덕숲 아이파크 2,강동구,167
11,고덕역 5번출구,강동구,1555
11,고덕자이(105동 앞),강동구,679
11,고덕초등학교,강동구,115
11,고려대학교 2번출구,성북구,1721
11,고려사대부속중고 건너편,성북구,218
11,고려사대부속중고 정문,성북구,193
11,고속터미널역 3번출구,서초구,512
11,고속터미널역 5번출구 앞,서초구,568
11,"고속터미널역 8-1번, 8-2번 출구 사이",서초구,1747
11,고척LIGA아파트 앞,구로구,1296
11,고척교 교차로,구로구,352
11,고척근린공원 고척도서관 앞,구로구,820
11,고척스카이돔구장 광장,구로구,662
11,고척아이파크아파트 106동 앞,구로구,704
11,고척아이파크아파트 205동 앞,구로구,848
11,고투몰 gate 15옆,서초구,592
11,곰달래 문화복지센터 A,강서구,1200
11,곰달래 문화복지센터 B,강서구,414
11,공덕역 2번출구,마포구,786
11,공덕역 5번출구,마포구,670
11,공덕역 8번출구,마포구,1559
11,공릉1단지아파트,노원구,2223
11,공릉동 신도1차 아파트 뒤,노원구,696
11,공릉동풍림아파트 101동,노원구,952
11,공릉로 26길,노원구,488
11,공릉산 백세문 입구,노원구,115
11,공릉역 1번 출구 앞,노원구,2765
11,공릉역3번출구,노원구,1415
11,공릉풍림아파트 108동,노원구,833
11,공무원연금매점 교차로 (개포주공9단지 입구),강남구,706
11,공항시장역 2번출구 뒤,강서구,1435
11,공항시장역 4번출구,강서구,549
11,공항중학교 버스정류장,강서구,446
11,공항중학교앞,강서구,1217
11,공항초등학교건너편,강서구,2217
11,과기대 입구(우),노원구,1943
11,관문주유소(GS칼택스) 앞,강서구,1018
11,관악 GSfresh,관악구,589
11,관악구민체육센터,관악구,469
11,관악구시설관리공단,관악구,896
11,관악구청교차로,관악구,374
11,관악우체국,관악구,1250
11,관악우체국 교차로,관악구,275
11,광교사거리 남측,중구,657
11,광나루안전체험관,광진구,989
11,광나루역 3번 출구,광진구,1199
11,광남중학교,광진구,527
11,광문고교사거리(아이파크),강동구,468
11,광산사거리,강북구,936
11,광양중학교 앞,광진구,342
11,광운대역 앞,노원구,1149
11,광운대학교 중앙도서관,노원구,1402
11,광운초등학교 앞,성북구,504
11,광일빌딩,관악구,654
11,광진 캠퍼스시티,광진구,1754
11,광진경찰서,광진구,2078
11,광진광장,광진구,1600
11,광진광장 교통섬,광진구,2488
11,광진교 남단 사거리(천호공원 방면),강동구,893
11,광진구 민방위교육센터,광진구,909
11,광진메디칼 앞,광진구,1105
11,광진문화예술회관 앞,광진구,1424
11,광진소방서 앞,광진구,1020
11,광진유진스웰,광진구,131
11,광진정보도서관,광진구,715
11,광진청소년수련관,광진구,954
11,광평교사거리 인근,송파구,23
11,광화문 S타워 앞,종로구,2157
11,광화문 풍림스페이스본 1단지앞,종로구,623
11,광화문역 1번출구 앞,종로구,2003
11,광화문역 5번출구,종로구,1743
11,광화문역 6번출구 옆 A,종로구,730
11,광화문역 6번출구 옆 B,종로구,426
11,광흥창역 2번출구 앞,마포구,417
11,광흥창역5번출구,마포구,263
11,광희문,중구,744
11,교대역 5번출구뒤,서초구,1040
11,교대역 6번출구,서초구,549
11,교대입구 교차로,서초구,301
11,교보생명보험 앞,영등포구,953
11,교보타워 버스정류장(신논현역 3번출구 후면),강남구,589
11,교수마을 입구,강남구,204
11,구 서부경찰서 건너편,은평구,636
11,구기치안센터 앞,종로구,125
11,구로1동우체국 앞,구로구,201
11,구로거리공원 동측(신도림역 방면),구로구,834
11,구로공구상가 앞,구로구,177
11,구로교 아래,동작구,938
11,구로구배드민턴실내체육관 앞,구로구,366
11,구로구의회 앞,구로구,840
11,구로구청,구로구,910
11,구로도서관,구로구,2316
11,구로동롯데아파트,구로구,622
11,구로디지털단지역 앞,구로구,4863
11,구로리공원,구로구,801
11,구로역 광장,구로구,1756
11,구로역·NC신구로점 버스정류장(구로역 방면),구로구,1170
11,구로월드아파트 앞,구로구,892
11,구로자원순환센터,구로구,69
11,구로중학교앞,구로구,372
11,구룡근린공원,마포구,240
11,구룡마을 입구 (래미안블레스티지 아파트),강남구,239
11,구룡사 삼거리,서초구,286
11,구룡사 앞 교차로 (보도육교),강남구,51
11,구룡산 입구 (구룡산 서울둘레길 입구),강남구,108
11,구룡역 1번 출구,강남구,219
11,구룡역 4번 출구,강남구,119
11,구룡역 5번 출구,강남구,162
11,구룡초사거리 (현대아파트10동 앞 ),강남구,367
11,구룡터널 입구(개포1단지아파트),강남구,9
11,구립양천어르신요양센터,양천구,79
11,구산역 2번 출구 예일여고 버스정류장,은평구,827
11,구산역 4번출구,은평구,904
11,구암초등학교 버스정류장,관악구,157
11,구역삼세무서 교차로,강남구,578
11,구의3동주민센터,광진구,314
11,구의7단지현대아파트,광진구,193
11,구의공원(테크노마트 앞),광진구,1403
11,구의문주차장 앞,광진구,1322
11,구의삼성쉐르빌 앞,광진구,1834
11,구의아리수정수센터앞,광진구,630
11,구의역 리버비스타 오피스텔,광진구,2222
11,구일고등학교 정문,구로구,1438
11,구일역 1번 출입구 앞,구로구,1093
11,구일우성(아) 육교 밑,구로구,1080
11,구파발10단지 인근,은평구,175
11,구파발역 2번출구,은평구,1578
11,구파발역 환승센터,은평구,441
11,국군복지단,용산구,251
11,국립국악원 앞,서초구,241
11,"국립국악중,고교 정문 맞은편",강남구,638
11,국립어린이과학관,종로구,394
11,국립중앙도서관(국제회의장옆),서초구,289
11,국립중앙박물관 -용산가족공원 앞,용산구,191
11,국립중앙박물관 정문 앞,용산구,109
11,국립항공박물관,강서구,416
11,국립현대미술관,종로구,594
11,국민연금공단충정로사옥,서대문구,187
11,국민은행 연서지점,은평구,434
11,국민은행 종암동지점 앞,성북구,1755
11,국민일보 앞,영등포구,2562
11,국악고교 앞 교차로,강남구,277
11,국제 스케이트장,노원구,147
11,국제루터교회 앞,용산구,97
11,국제빌딩,중구,331
11,국회2문,영등포구,157
11,국회3문,영등포구,136
11,국회6문,영등포구,155
11,국회도서관,영등포구,494
11,국회소통관,영등포구,354
11,국회의사당 본관,영등포구,444
11,국회의사당역 3번출구 옆,영등포구,1439
11,국회의사당역 5번출구 옆,영등포구,846
11,국회의원회관,영등포구,168
11,국회제2의원회관,영등포구,347
11,군자교 서측 녹지대,동대문구,1167
11,군자교교차로,광진구,869
11,군자역 7번출구 베스트샵 앞,광진구,1407
11,군자역 7번출구뒤,광진구,3397
11,군자역 비채온 오피스텔,광진구,1421
11,군자역2번출구,광진구,1388
11,군자역4번출구,광진구,897
11,군자지하보도 앞,성동구,934
11,굽은다리역,강동구,2400
11,궁동생태공원,구로구,135
11,그랜드아이파크아파트 앞,강서구,3454
11,그랜드컨벤션센터 앞,영등포구,1594
11,그룹한빌딩옆,서초구,219
11,극동늘푸른아파트,중랑구,893
11,극동방송국 앞,마포구,810
11,극동스포츠 앞,강남구,286
11,극동아파트,송파구,683
11,극동의 푸른별 아파트 뒤(중계4동주민센터 앞),노원구,657
11,근로자회관 사거리,영등포구,2692
11,금강수목원아파트 앞,구로구,395
11,금남시장 교차로,성동구,349
11,금란주차장 앞,중랑구,714
11,금암 문화공원,은평구,102
11,금옥여고보도육교,양천구,488
11,금원빌딩 앞,강남구,302
11,금융감독원 앞,영등포구,1363
11,금천구립 독산도서관,금천구,150
11,금천구청 앞 자전거거치대,금천구,217
11,금천구청앞(M빌딩),금천구,195
11,금천구청역 1번 출구,금천구,529
11,금천폭포공원 앞,금천구,128
11,금천현대홈타운 후문 서부샛길,금천구,525
11,금호 어울림 아파트 앞,성동구,606
11,금호나들목,성동구,607
11,금호사거리,성동구,269
11,금호스포츠센터앞,성동구,367
11,금호어울림센터힐 내,성북구,153
11,금호역 1번출구 앞,성동구,240
11,금호역 3번출구,성동구,115
11,기쁜우리복지관,강서구,1656
11,기아자동차 사당점 앞,동작구,842
11,기자촌 사거리 A,은평구,84
11,기자촌사거리 B,은평구,120
11,길동 동호빌딩,강동구,281
11,길동 마루빌딩,강동구,2429
11,길동 사거리(초소앞),강동구,934
11,길마중4교 하부,서초구,530
11,길성그랑프리텔아파트,강서구,2417
11,길음8골어린이공원 옆,성북구,488
11,길음뉴타운 래미안9단지,성북구,461
11,길음뉴타운푸르지오아파트 3단지,성북구,119
11,길음래미안아파트817동 상가 앞,성북구,240
11,길음문화복합미디어센터,성북구,275
11,길음역 3번출구 뒤,성북구,884
11,김근태도서관,도봉구,171
11,김포공항사거리,강서구,275
11,김포공항입구 교차로,강서구,1256
11,김포공항입구 교통섬,강서구,367
11,까치산역 3번 출구,강서구,1203
11,꿈마루어린이도서관 앞,동대문구,1287
11,꿈의숲 SK뷰 아파트,노원구,1030
11,꿈의숲 롯데캐슬,강북구,235
11,나들목공원,관악구,331
11,나루마당,광진구,184
11,나이아가라관광호텔,강서구,456
11,낙성대 과학전시관,관악구,297
11,낙성대 교수아파트,관악구,164
11,낙성대공원,관악구,157
11,낙성대로 입구,관악구,423
11,낙성대역 1번출구,관악구,356
11,낙성대역 3번출구 뒤,관악구,617
11,낙성대역 5번출구,관악구,300
11,낙성대입구삼거리,관악구,412
11,낙원교회 맞은편,구로구,196
11,낙원상가 옆,종로구,990
11,난곡사거리,관악구,939
11,난곡종점,관악구,257
11,난우길입구,관악구,516
11,남가좌동 제2공영주차장,서대문구,94
11,남구로역 5번 출입구 앞,구로구,517
11,남부고용노동지청 남측,영등포구,1477
11,남부법원검찰청 교차로,양천구,2013
11,남부순환로 205,강서구,594
11,남부터미널역 1번출구,서초구,495
11,남산공원 야외식물원 앞,용산구,130
11,남산도서관 앞,용산구,675
11,남산타운아파트 버스정류장,중구,235
11,남서울중학교,관악구,803
11,남성역3번출구 뒤,동작구,1012
11,남영역 건너편,용산구,983
11,남태령역 2번출구,서초구,79
11,내곡3단지 어린이공원 앞,서초구,456
11,내곡도서관,서초구,165
11,내곡파출소 뒤 정자,서초구,123
11,내방역 8번출구 앞,서초구,497
11,넥센 유니버시티 앞,강서구,1228
11,"노들섬 다목적홀(동쪽) 숲, 앞",용산구,165
11,노들섬 동측 앞,용산구,154
11,노들섬 서측 앞,용산구,796
11,노들역 1번출구,동작구,1406
11,노들역 3번출구,동작구,644
11,노량진1동 청소년독서실,동작구,357
11,노량진근린공원,동작구,221
11,노량진근린공원 대방공원,동작구,496
11,노량진역 2번 출구 앞,동작구,836
11,노량진역 5번출구,동작구,1779
11,노보텔 앰배서더 앞,강남구,216
11,노원 마들스타디움,노원구,579
11,노원 을지대학교 병원,노원구,1449
11,노원경찰서교차로,노원구,1095
11,노원구청,노원구,1262
11,노원문화예술회관,노원구,1479
11,노원성당 앞,노원구,303
11,노원소방서인근,노원구,579
11,노원역1번출구,노원구,3331
11,노원역7번출구,노원구,1789
11,노원정보도서관,노원구,886
11,노일초등학교 앞,노원구,642
11,녹번 힐스테이트상가앞,은평구,189
11,녹번역 3번출구,은평구,971
11,녹번역1번출구앞,은평구,317
11,녹번역e편한세상 캐슬 정문 앞,은평구,537
11,녹번초등학교(서오릉로),은평구,453
11,녹사평역1번출구,용산구,296
11,녹사평역3번 출구,용산구,160
11,녹천교 앞 사거리,도봉구,726
11,녹천역 1번출구 앞,도봉구,468
11,녹천역 4번 출구 옆,노원구,392
11,논골사거리(금호도서관 입구),성동구,215
11,논현동 광명빌딩 앞,강남구,206
11,논현동가구거리,강남구,252
11,논현역 10번출구,강남구,929
11,농수산식품공사 (강서지사),강서구,246
11,농협생명본사빌딩 서관,서대문구,451
11,누리꿈스퀘어 옆,마포구,1572
11,뉴코아 킴스클럽 앞,서초구,634
11,늘푸른공원 앞,중랑구,523
11,능골근린공원,강동구,488
11,능산삼거리,중랑구,291
11,능안마을입구,서초구,32
11,다락원체육공원 전망대 입구,도봉구,198
11,다성이즈빌아파트(호원대 대각선 맞은편),강동구,2766
11,달맞이공원,성동구,52
11,답십리 래미안엘파인아파트 입구,동대문구,526
11,답십리역 1번출구,동대문구,2681
11,답십리역 6번출구,성동구,658
11,답십리역 8번출구 앞,성동구,299
11,답십리파크자이아파트 앞,동대문구,1883
11,당고개공원 대여소,노원구,236
11,당고개입구 오거리,노원구,492
11,당고개입구오거리 당현천변,노원구,852
11,당곡사거리,관악구,1811
11,당산skv1센터,영등포구,1185
11,당산롯데캐슬프레스티지,영등포구,1966
11,당산삼성2차아파트,영등포구,1747
11,당산역 10번출구 앞,영등포구,3447
11,당산역11번출구,영등포구,2565
11,당산육갑문,영등포구,2394
11,당인리발전소 공원 앞,마포구,648
11,당현천근린공원,노원구,1005
11,대광고등학교,동대문구,961
11,대광빌딩,동대문구,456
11,대륜E&S 서울지사 앞,노원구,538
11,대륭테크노타운 18차,금천구,477
11,대륭테크노타운21차 앞,금천구,582
11,대륭포스트타워1차,구로구,1518
11,대륭포스트타워5차,금천구,378
11,대륭포스트타워6차 앞,금천구,4013
11,대림3동사거리,영등포구,848
11,대림경동아파트앞,강서구,1080
11,대림동 e편한세상영등포아델포레,영등포구,1519
11,대림동현대2차 201동 앞,영등포구,191
11,대림사거리(동작상떼빌아파트),동작구,844
11,대림성원상떼빌아파트,영등포구,1274
11,대림신동아아파트 앞,영등포구,609
11,대림아크로리버 앞,광진구,602
11,대림아파트 사거리,영등포구,492
11,대림아파트 후문 상가 옆,동작구,430
11,대림역 1번 출입구 밑,구로구,1095
11,대림역4번출구,구로구,1768
11,대림우성2차아파트,영등포구,416
11,대림우성아파트 사거리,영등포구,347
11,대명초교입구 사거리,강동구,854
11,대모산입구역 2번출구 앞,강남구,323
11,대모산입구역 4번 출구 앞,강남구,1007
11,대모산입구역 7번 출구 앞,강남구,135
11,대방역2번출구,동작구,744
11,대방역6번출구,영등포구,2131
11,대방지하보도(대방동경남아너스빌아파트),동작구,978
11,대상연구소,강서구,481
11,대성유니드아파트,양천구,716
11,대신파이낸스센터,중구,942
11,대영중고 후문,영등포구,900
11,대원빌딩,강서구,1331
11,대원중고교 입구(대하빌딩),광진구,426
11,대진고교앞 교차로,노원구,830
11,대진고등학교,노원구,886
11,대청역,강남구,565
11,대청역 1번출구  뒤,강남구,912
11,대치동 삼성로,강남구,635
11,대치삼성아파트 앞 교차로,강남구,532
11,대치역 7번출구,강남구,889
11,대치역 사거리,강남구,586
11,대치우성아파트 사거리,강남구,445
11,대학동 고시촌,관악구,483
11,대학동주민센터,관악구,596
11,대학로 마로니에공원,종로구,1662
11,대한무역투자진흥공사 KOTRA 앞,서초구,754
11,대한상공회의소,중구,1278
11,대한항공 인력개발센터,강서구,999
11,대현그린타워,강남구,295
11,대흥역 1번출구,마포구,786
11,더라움,강남구,264
11,더리브골드타워,강서구,518
11,더리브오피스텔 앞,영등포구,1494
11,더스페이스타워 앞,성동구,955
11,더시그넘하우스 앞,강남구,419
11,더케이호텔 입구(양재2),서초구,613
11,도곡1동 주민센터 교차로,강남구,603
11,도곡동 경남아파트 건너편,강남구,356
11,도곡동 골프 로데오거리,강남구,279
11,도곡역 1번 출구,강남구,694
11,도곡역 대치지구대 방향,강남구,384
11,도곡역 아카데미스위트 앞,강남구,1039
11,도깨비시장,노원구,1474
11,도동삼거리,중구,91
11,도림고가도로 밑,영등포구,632
11,도림동배드민턴체육관,영등포구,787
11,도림사거리,영등포구,1054
11,도림신협 앞,영등포구,1348
11,도림천 건널목 위,영등포구,847
11,도림천역 1번 출구 앞,구로구,1361
11,도봉경찰서 교차로,도봉구,764
11,도봉고등학교 맞은편,도봉구,163
11,도봉구민회관,도봉구,848
11,도봉구청 옆(중랑천변),도봉구,946
11,도봉구청 정문앞,도봉구,1077
11,도봉동실내스포츠센터,도봉구,410
11,도봉로 534,도봉구,222
11,도봉문화정보도서관 삼거리,도봉구,194
11,도봉보건소사거리,도봉구,989
11,도봉산광역환승센터앞,도봉구,212
11,도봉산역 교차로 앞,도봉구,120
11,도봉세무서 앞,강북구,497
11,도봉소방서 옆,도봉구,1342
11,도봉아이나라도서관 앞,도봉구,697
11,도봉여성센터,도봉구,207
11,"도봉역 1,2번 출구사이 건너편",도봉구,652
11,도봉운전면허시험장 버스정류장 옆,노원구,1003
11,도봉제1교,도봉구,735
11,도봉통합복지센터 뒤 중랑천 변,도봉구,1012
11,도봉한신아파트 버스정류장,도봉구,645
11,도봉한신아파트 주변,도봉구,456
11,도산공원교차로,강남구,331
11,도선동 주민센터 앞,성동구,1194
11,도심공항타워 앞,강남구,745
11,도원맨션,관악구,343
11,독립문 앞,서대문구,465
11,독립문역 2번출구 뒤,종로구,240
11,독립문역 3-1번출구,종로구,1069
11,독립문역 사거리,종로구,832
11,독바위역,은평구,484
11,독산2동주민센터 앞,금천구,254
11,독산3동주민센터 앞,금천구,627
11,독산고등학교,금천구,326
11,독산근린공원 입구,금천구,1029
11,독산동 한양수자인아파트 앞,금천구,718
11,독산동 현대홈타운 금천과선교 앞,금천구,313
11,독산보도육교 앞 자전거 보관소,금천구,929
11,독산역 1번출구 A,금천구,605
11,독산역 2번출구 자전거주차장,금천구,1128
11,독산역 롯데캐슬 104동 앞,금천구,312
11,독산역1번출구 B,금천구,1647
11,독산주공 14단지 버스정류소,금천구,141
11,돈암삼성풍림아파트,성북구,176
11,돈암성당 옆,성북구,1081
11,돈암육교 하단,성북구,192
11,돈암초교 입구,성북구,560
11,돈암초교입구 버스정류장(한성대입구역 방면),성북구,395
11,돈의문 박물관 마을,종로구,436
11,돌곶이역 앞,성북구,1476
11,동대문 종합시장 버스정류장,종로구,528
11,동대문경찰서 교차로,동대문구,776
11,동대문구 보건소,동대문구,1763
11,동대문구민체육센터 (육교아래),동대문구,1231
11,동대문디자인플라자,중구,1399
11,동대문롯데캐슬아파트 앞,동대문구,1226
11,동대문역 8번 출구,종로구,1561
11,동대문역6번출구,종로구,1484
11,동대문역사문화공원역 1번출구 뒤편,중구,1545
11,동대문역사문화공원역 5번출구,중구,642
11,동대문역사문화공원역 9번출구 앞,중구,475
11,동대문중 교차로,동대문구,946
11,동대입구역 3번 출구,중구,321
11,동대입구역 6번출구 뒤,중구,506
11,동명근린공원 진입로 (아리수로),강동구,217
11,동묘앞역 1번출구 뒤,종로구,2481
11,동묘앞역 6번출구,종로구,1718
11,동문굿모닝탑,양천구,2361
11,동방1교,관악구,763
11,동부센트레빌 앞,도봉구,853
11,동부시장 북문 앞,중랑구,1360
11,동빙고근린공원,용산구,384
11,동산어린이공원 앞,성북구,833
11,동서울농협 앞,중랑구,1296
11,동서울우편집중국 앞,광진구,830
11,동선고가차도 초입,성북구,319
11,동선아파트 앞,구로구,133
11,"동성1,2차 아파트 앞",중랑구,968
11,동성중학교 앞,종로구,361
11,동신병원 맞은편,서대문구,689
11,동신아파트 후문 옆,노원구,2490
11,동아1차APT105동 버스정류장(신도림중학교 방면),구로구,841
11,동아에코빌입구,영등포구,931
11,동양미래대학교 정문 옆,구로구,2329
11,동양쇼핑 정류소 앞,중랑구,1129
11,동양엔파트 앞,중랑구,748
11,동영문화센터앞,강남구,472
11,동원베네스트 건너편,용산구,106
11,동원베네스트 건물 앞,중랑구,339
11,동원사거리,중랑구,379
11,동원사거리 행복오피스텔 앞,중랑구,370
11,동의보감타워,동대문구,1415
11,동인오피스텔 건너편 소공원,구로구,302
11,동일로 지하차도,중랑구,1129
11,동일로58길 입구,광진구,521
11,동작경찰서,동작구,1145
11,동작구민 체육센터,동작구,191
11,동작역 5번출구 동작주차공원,동작구,305
11,동작역 7번출구,동작구,207
11,동해문화예술관앞,노원구,2518
11,두산건설 본사,강남구,162
11,두산대림아파트 삼거리,중랑구,377
11,두산위브아파트,영등포구,451
11,두산위브아파트 옆 상가건물 앞,금천구,801
11,두상빌딩 앞,서초구,1024
11,둔촌 주공 GS 맞은편,강동구,623
11,둔촌고교입구 교차로(길동주민센터 방면),강동구,1087
11,둔촌동역교차로,강동구,1200
11,둔촌사거리,강동구,2346
11,둔촌신성미소지움아파트,강동구,712
11,둔촌어린이공원,강동구,199
11,둔촌역 2번출구,강동구,590
11,둔촌역 3번 출입구,강동구,2766
11,둔촌오륜역 1번 출구,강동구,484
11,둔촌오륜역 2번출구,송파구,236
11,둔촌푸르지오아파트,강동구,1053
11,뒷벌공원 옆,서초구,854
11,드래곤타워 앞,강북구,673
11,등나무 근린공원(시립북서울미술관 앞),노원구,1834
11,등촌1-10단지 교차로,강서구,3757
11,등촌2동주민센터,강서구,337
11,등촌2파출소,강서구,478
11,등촌5단지아파트 버스정류장,강서구,2544
11,등촌9단지,강서구,872
11,등촌서광아파트,강서구,2426
11,등촌역 1번출구,강서구,936
11,등촌역 4번 출구,양천구,360
11,등촌역 5번 출구 뒤,양천구,591
11,등촌역 7번출구,강서구,1413
11,등촌역 센터스퀘어,강서구,795
11,등촌태영아파트,강서구,749
11,디지털매직스페이스,마포구,1409
11,디지털미디어 시티역 4번출구(DMC역),은평구,587
11,디지털입구 교차로,구로구,1775
11,디폴리스 지식산업센터,금천구,472
11,뚝도아리수정수센터 버스정류소 옆,성동구,409
11,뚝섬 유원지역,광진구,1203
11,뚝섬역 1번 출구 옆,성동구,1684
11,뚝섬역 5번 출구 정류소 옆,성동구,989
11,뚝섬역 6번출구,성동구,1384
11,라이품 공영주차장 앞,강서구,915
11,라인프랜즈이태원점 앞,용산구,104
11,라코지스테이 앞,중랑구,327
11,래미안 강동팰리스(102동),강동구,884
11,래미안 구의파크 스위트,광진구,1875
11,래미안 루센티아 아파트 108동 앞,서대문구,788
11,래미안 솔베뉴(고덕로),강동구,741
11,래미안 솔베뉴(구천면로),강동구,428
11,래미안강남힐즈 사거리,강남구,476
11,래미안그레이튼102동앞,강남구,147
11,래미안금호하이리버 아파트 102동 옆,성동구,263
11,래미안라센트아파트 103동 앞,성북구,1016
11,래미안신공덕3차아파트,마포구,58
11,래미안에스티움 앞 (신풍로),영등포구,873
11,래미안월곡아파트 입구,성북구,857
11,래미안장위퍼스트하이(513동),성북구,795
11,래미안장위포레카운티(102동),성북구,546
11,래미안허브리츠아파트 앞,동대문구,487
11,레베쌍트 빌딩 앞,강남구,297
11,레이크펠리스101동앞,송파구,1990
11,로고스교회 맞은 편,서초구,349
11,로제우스 레포츠센터,종로구,191
11,로프트시티오피스텔,영등포구,1027
11,롯데 R&D 센터,강서구,406
11,롯데리아 개포점앞,강남구,141
11,롯데시티호텔,중구,429
11,롯데월드타워(잠실역2번출구 쪽),송파구,5407
11,롯데중앙연구소,강서구,306
11,롯데캐슬 101동 앞,동작구,200
11,롯데캐슬 115동앞,강동구,151
11,롯데캐슬 앞,영등포구,1403
11,롯데캐슬2차 마을버스 정류장(18804) 뒤편,금천구,215
11,롯데캐슬골드파크1차 동문,금천구,579
11,롯데캐슬골드파크1차 서문,금천구,437
11,롯데캐슬골드파크3차 301동 앞,금천구,530
11,롯데캐슬시그니처아파트 앞,노원구,180
11,롯데캐슬엠파이어 옆,영등포구,1726
11,롯데캐슬클라시아 입구 앞,성북구,123
11,롯데하이마트 (상암월드컵점),마포구,314
11,롯데호텔,중구,370
11,르네상스 호텔 사거리 역삼지하보도 7번출구 앞,강남구,584
11,르네상스호텔사거리 역삼지하보도 2번출구,강남구,338
11,르네상스호텔사거리 역삼지하보도 3번출구 앞 (더 오번 빌딩 명동칼국수 앞),강남구,386
11,르노삼성자동차 성수사업소 앞,성동구,734
11,리버뷰신안인스빌1차 후문,영등포구,1109
11,리버뷰신안인스빌2차 후문,영등포구,946
11,리센츠아파트,송파구,1119
11,리엔파크 2단지 앞,강남구,233
11,마곡 MICE 복합단지,강서구,1961
11,마곡 공공청사,강서구,1873
11,마곡 엠밸리2단지,강서구,1470
11,마곡 필네이처,강서구,2048
11,마곡13단지,강서구,2269
11,마곡13단지 정문 앞,강서구,2789
11,마곡13단지힐스테이트마스터 후문(1320동 앞),강서구,2187
11,마곡14단지 1408동앞,강서구,1524
11,마곡9단지 907동앞,강서구,1132
11,마곡9단지 910동 상가앞,강서구,1140
11,마곡금호어울림아파트,강서구,970
11,마곡나루역 2번 출구,강서구,10081
11,마곡나루역 3번 출구,강서구,6366
11,마곡나루역 5번출구 뒤편,강서구,6943
11,마곡레포츠센터,강서구,1465
11,마곡메가박스 앞,강서구,1610
11,마곡문화공원,강서구,2455
11,마곡센트럴타워 1차,강서구,2013
11,마곡수명산 1-2단지,강서구,1370
11,마곡수명산파크 209동 건너편,강서구,1712
11,마곡수명산파크1단지,강서구,1432
11,마곡수명산파크3단지 교차로,강서구,2750
11,마곡수명산파크5-6단지,강서구,1445
11,마곡수명산파크7단지 710동 앞,강서구,447
11,마곡엠밸리 15단지(1502동) 건너편,강서구,1880
11,마곡엠밸리10단지 앞,강서구,986
11,"마곡엠밸리14단지 버스정류장(마곡엠밸리11,12단지상가방면)",강서구,2258
11,마곡엠밸리4단지 정문,강서구,2922
11,마곡엠밸리6_7단지 마곡중학교,강서구,1720
11,마곡역 7번출구,강서구,3781
11,마곡역 교차로(2번출구),강서구,2300
11,"마곡역 버스정류장(마곡나루역1번출구, 웰튼병원 방면)",강서구,2424
11,마곡역1번출구,강서구,2807
11,마곡역4번출구,강서구,1567
11,마곡역5번출구앞,강서구,1094
11,마곡역교차로,강서구,3217
11,마곡중학교 후문,강서구,843
11,마곡힐스테이트 정문,강서구,1277
11,마들역 3번출구,노원구,1227
11,마들역 7번출구,노원구,1170
11,마스타 빌딩 앞,서대문구,648
11,마장동 금호어울림APT앞,성동구,507
11,마장동 주민센터,성동구,588
11,마장역 4번출구,성동구,619
11,마장역3번출구,성동구,396
11,마천금호어울림 1차 102동앞,송파구,138
11,마천금호어울림 1차아파트 건너편,송파구,210
11,마천동 성내천 쉼터,송파구,476
11,마천사거리,송파구,638
11,마천사거리 2,송파구,230
11,마천역 1번 출구 인근②,송파구,370
11,마천중앙시장,송파구,352
11,마천청소년센터,송파구,130
11,마포 신수공원 앞,마포구,540
11,마포구 육아종합지원센터,마포구,601
11,마포구중앙도서관 정문 앞,마포구,1364
11,마포구청 앞,마포구,1293
11,마포구청 청사내,마포구,187
11,마포구청역,마포구,1394
11,마포소방서 앞,마포구,446
11,마포아트센터 앞,마포구,733
11,마포역 2번출구 뒤,마포구,1338
11,마포역 4번출구 뒤,마포구,1499
11,마포중앙도서관,마포구,267
11,마포프레스티지자이 1,마포구,535
11,만해공원,성북구,230
11,말우물 어린이 공원,강동구,179
11,말죽거리공원 사거리,서초구,827
11,망우동 본죽 앞,중랑구,588
11,망우역 1번출구,중랑구,534
11,망우역 2번 출구,중랑구,917
11,망우지구대,중랑구,1041
11,망원2빗물펌프장 앞,마포구,389
11,망원역 1번출구 앞,마포구,2079
11,망원역 2번출구 앞,마포구,1462
11,망원우체국사거리 인근,마포구,1477
11,망원정 앞,마포구,407
11,망원초록길 입구,마포구,439
11,매봉역 1번출구,강남구,513
11,매헌역 2번출구앞광역버스 정류장앞(22-297),서초구,700
11,맥도날드 서울둔촌DT점 앞,강동구,1769
11,맥스타일 앞,중구,695
11,먹골역 1번출구 뒤,중랑구,965
11,먹골역 4번출구,중랑구,612
11,먹골역 6번출구 앞,중랑구,673
11,먹골역 7번 출구,중랑구,526
11,메뚜기다리,은평구,82
11,메이필드호텔앞,강서구,761
11,멤피스아파트 앞,서초구,847
11,면목 대원칸타빌아파트,중랑구,120
11,면목 홈플러스 2,중랑구,273
11,면목2동 사거리,중랑구,1027
11,면목4치안센터,중랑구,752
11,면목도시개발아파트 1동 앞,중랑구,326
11,면목동 새싹어린이공원 앞,중랑구,864
11,면목라온프라이빗 아파트,중랑구,450
11,면목삼익아파트 앞,중랑구,121
11,면목역 3번출구,중랑구,1764
11,명덕고교,강서구,983
11,명덕고교입구(영종빌딩),강서구,3058
11,명동성당 앞,중구,329
11,명동역9번 출구,중구,834
11,명물길 원형무대 앞,서대문구,385
11,명보사거리,중구,452
11,명일근린공원공동체텃밭,강동구,79
11,명일동신동아아파트 앞,강동구,249
11,명일역 3번출구 옆,강동구,899
11,명일초등학교 옆,강동구,170
11,명일파출소,강동구,555
11,명지대학교 도서관,서대문구,1387
11,명지전문대학교 정문 앞,서대문구,383
11,모두의학교,금천구,466
11,모래내고가차도,서대문구,450
11,목4동주민센터 옆,양천구,1465
11,목동11단지 아파트,양천구,834
11,목동12단지 아파트,양천구,1765
11,목동13_14단지 사거리,양천구,716
11,목동1단지아파트 118동 앞,양천구,1294
11,목동1단지아파트 상가 앞,양천구,2106
11,목동2단지 상가,양천구,2734
11,목동3단지 상가,양천구,1731
11,목동3단지 시내버스정류장,양천구,2804
11,목동5단지아파트 501동,양천구,1749
11,목동5단지아파트 534동,양천구,2093
11,목동7단지아파트 A상가,양천구,512
11,목동사거리 버스정류장,강서구,1403
11,목동사거리 부근,양천구,1501
11,목동성당 앞,양천구,1879
11,목동신시가지아파트6단지,양천구,1667
11,목동아파트 1422동 1434동 사잇길,양천구,2646
11,목동아파트 14단지 B상가 앞,양천구,1546
11,목동아파트 613동 앞,양천구,2271
11,목동아파트 703동 앞,양천구,1642
11,목동아파트 8단지 상가동 앞,양천구,1545
11,목동아파트2단지 222동 앞,양천구,835
11,목동역 3번 출구,양천구,3437
11,목동역5번출구,양천구,3664
11,목동운동장,양천구,431
11,목동운동장 주경기장,양천구,236
11,목동주차장,양천구,927
11,목동트라팰리스 웨스턴에비뉴,양천구,3481
11,목동현대아파트 후문 앞,양천구,928
11,목련아파트,노원구,592
11,목마공원,양천구,409
11,목양전원교회 앞 로터리,구로구,161
11,목월공원 앞,용산구,760
11,몽마르뜨공원입구,서초구,189
11,몽촌토성역 1번출구 옆,송파구,910
11,몽촌토성역 3번 출구,송파구,2981
11,묘곡초등학교,강동구,320
11,무악재역 4번 출구,서대문구,194
11,무악재역1번 출구,서대문구,219
11,묵동 이마트 앞,중랑구,974
11,문래동 주민센터,영등포구,977
11,문래동 하이테크 시티,영등포구,2060
11,문래동롯데캐슬아파트,영등포구,2796
11,문래동자이아파트 앞,영등포구,2037
11,문래역 4번출구 앞,영등포구,2866
11,문래현대2차,영등포구,1227
11,문배어린이공원 앞,용산구,796
11,문소빌딩,강서구,471
11,문정 법조단지10,송파구,1086
11,문정 법조단지11,송파구,537
11,문정 법조단지3,송파구,359
11,문정 법조단지4,송파구,395
11,문정 법조단지5,송파구,262
11,문정 법조단지6,송파구,101
11,문정 법조단지7,송파구,1487
11,문정 법조단지8,송파구,1604
11,문정 법조단지9,송파구,874
11,문정2동 주민센터,송파구,109
11,문정근린공원2,송파구,655
11,문정동 근린공원,송파구,719
11,문정동 글샘 공원,송파구,494
11,문정법조단지12,송파구,1568
11,문정시영아파트 5동 앞 공원,송파구,700
11,문정역 1번출구,송파구,1734
11,문정중교 사거리,송파구,634
11,문정중학교,송파구,120
11,문정현대아파트 교차로,송파구,442
11,"문현중,고등학교 사이",송파구,144
11,문화비축기지,마포구,204
11,문화촌 공원,서대문구,1028
11,물넘이교,노원구,1403
11,미래사랑어린이공원 앞,구로구,2136
11,미림여고입구 교차로,관악구,363
11,미성동 신림체육센터,관악구,968
11,미성아파트 A동 앞,영등포구,1023
11,미아동 복합청사,강북구,344
11,미아동 한국전력공사,강북구,995
11,미아사거리 1번 출구,강북구,1417
11,미아역 1번 출구 뒤,강북구,429
11,"미아역 3번,4번 출구 사이",강북구,779
11,미아초교버스승강장,성북구,75
11,미호 플랜트 앞,강동구,899
11,밀리아나2빌딩 앞,송파구,884
11,밀알학교 입구 (삼성서울병원 입구),강남구,238
11,바우뫼문화복지회관,서초구,441
11,박석고개(은평소방서) 앞,은평구,118
11,반포1동 서초빌딩 앞,서초구,686
11,반포1동 자율방범초소 옆,서초구,257
11,반포1동 주민센터 앞,서초구,206
11,반포래미안 리오센트,서초구,539
11,반포미도2차아파트 옆,서초구,237
11,반포쇼핑타운 2동 앞,서초구,1369
11,반포쇼핑타운 8동 앞,서초구,594
11,반포종합운동장,서초구,304
11,반포종합운동장 입구,서초구,468
11,반포천 앞,서초구,666
11,"발산역 1번, 9번 인근 대여소",강서구,5467
11,발산역 6번 출구 뒤,강서구,3983
11,발산역 8번 출구,강서구,1637
11,방배래미안 정문 앞,서초구,218
11,방배래미안아트힐아파트 앞,서초구,154
11,방배역 2번 출구,서초구,570
11,방배열린문화센터 앞,서초구,429
11,방아골종합사회복지관,도봉구,436
11,방아다리어린이공원,양천구,424
11,방아삼거리,강동구,133
11,방이동 한양3차아파트 옆,송파구,893
11,방이삼거리,송파구,3212
11,방이역 1번출구,송파구,1087
11,방이역 2번 출구,송파구,449
11,방이역 4번출구,송파구,1838
11,방이초등학교,송파구,1614
11,방일초교 마을버스 정류장,서초구,565
11,방정환교육지원센터 옆,중랑구,583
11,방죽마을 입구,강남구,224
11,방학동우체국 건너편,도봉구,556
11,방학동학마을도서관,도봉구,294
11,방학브라운스톤아파트,도봉구,256
11,방학사거리 (봄마당 앞),도봉구,428
11,방학역 1번출구,도봉구,350
11,방학역2번출구,도봉구,690
11,방학역사거리,도봉구,389
11,방학중학교 앞,도봉구,261
11,방학초등학교 앞,도봉구,750
11,방화근린공원,강서구,265
11,방화동강서기동대앞,강서구,2294
11,방화사거리 마을버스 버스정류장,강서구,2058
11,방화역 4번출구앞,강서구,2053
11,배명고등학교,송파구,462
11,배명고등학교 건너편,송파구,580
11,배봉초교 교차로,동대문구,757
11,백련산 SK뷰 아이파크 해모로 아파트 앞,은평구,668
11,백련산 힐스테이트 3차,은평구,424
11,백련산 힐스테이트상가앞,은평구,398
11,백련산로 녹번센트레빌,은평구,328
11,백석예술대학교 제3캠퍼스 앞,서초구,124
11,백토공원 앞,송파구,152
11,뱅뱅사거리 랜드마크타워 앞,강남구,882
11,버섯분수대,송파구,722
11,버스정류장 앞,도봉구,335
11,번3동 주민센터 교차로,강북구,551
11,번동 금호어울림아파트102동앞,강북구,270
11,번동 두산위브 101동 옆,강북구,440
11,"번동 주공3, 4단지 교차로",강북구,617
11,번동3단지 버스정류장,강북구,529
11,번동사거리,강북구,275
11,번동주공5단지 관리사무소 앞,강북구,251
11,베네스트 오피스텔 앞,동대문구,502
11,벽산 디지털밸리 5차,금천구,1263
11,벽산상암스마트큐브,마포구,1640
11,벽산아파트,강서구,1507
11,볏골공원,강서구,835
11,보광동 삼성리버빌아파트 앞,용산구,469
11,보금자리정원,강남구,141
11,보라매 두산위브 건너편,동작구,1544
11,보라매sk뷰,영등포구,341
11,보라매sk뷰 108동 앞,영등포구,595
11,보라매공원 보도육교,관악구,1112
11,보라매공원 정문,동작구,884
11,보라매공원역 2번출구,동작구,922
11,보라매병원역 1번출구,동작구,2623
11,보라매역 8번출구,동작구,652
11,보라매역4번출구,영등포구,1038
11,보라매역?동작세무서 버스정류장(강남중학교방면),동작구,1038
11,보라주유소 앞,영등포구,388
11,보문2교,성북구,1485
11,보문4교 인근,성북구,1283
11,보문역6번출구 앞,성북구,1086
11,보성중고등학교 후문 앞,송파구,171
11,보아스아파트 앞,양천구,572
11,보타닉파크타워2,강서구,1153
11,보훈병원 후문옆(더 원커피),강동구,241
11,복자사랑 피정의 집,성북구,218
11,복정역 1번 출구 앞,송파구,864
11,본 서부병원 교차로 사거리,은평구,1038
11,본 서부병원 버스정류장(은평 세무서 방면),은평구,737
11,본마을 노인복지센터 앞,서초구,241
11,본마을 정류소 앞,서초구,39
11,봉림교 교통섬,관악구,4362
11,봉원고가차도 밑,서대문구,617
11,봉은사로68길 북측,강남구,241
11,"봉은사역 1,2번 출구",강남구,439
11,봉은사역 5번출구 옆,강남구,460
11,봉은사역 7번 출구,강남구,446
11,봉천역 2번출구,관악구,865
11,봉천역 3번출구,관악구,466
11,봉천역 4번출구,관악구,936
11,봉화산역 4번 출구,중랑구,836
11,부엉이공원 앞,마포구,605
11,북가좌 삼거리,서대문구,271
11,북가좌 초등학교,서대문구,470
11,북가좌1동 주민센터,서대문구,267
11,북가좌삼거리2,서대문구,469
11,북서울 꿈의 숲 입구,강북구,277
11,북서울 꿈의숲 서문,강북구,273
11,북성초교,서대문구,167
11,북아현 치안센터 인근,서대문구,701
11,북아현동 가구거리,서대문구,378
11,북위례1,송파구,226
11,북위례2,송파구,182
11,북위례3,송파구,210
11,북한산 우이역,강북구,322
11,북한산 코오롱 하늘채,도봉구,1493
11,북한산 한신휴플러스APT앞,도봉구,1163
11,북한산더샾 106동 앞,서대문구,180
11,북한산보국문역,성북구,184
11,북한산생태공원입구(교통섬),은평구,251
11,북한산입구 정류장,은평구,128
11,북한산힐스테이트 7차아파트,은평구,284
11,불광롯데캐슬아파트 앞,은평구,583
11,불광역 2번출구,은평구,552
11,불광역 9번 출구,은평구,880
11,불광역 9번 출구 맞은편,은평구,510
11,"불광역3,6호선 버스정류장(동명여고 방면)",은평구,599
11,불암고등학교 앞 횡단보도,노원구,1004
11,불암산역 3번 출구,노원구,474
11,불암산역 앞,노원구,246
11,불암아파트 앞,노원구,493
11,불암주유소 앞,노원구,1008
11,브라운스위트레지던스,중구,204
11,브라운스톤 남산아파트,용산구,397
11,비계 버스정류소,동작구,133
11,비석공원,서초구,388
11,비전교회 앞,성동구,1704
11,빅마켓 금천점 앞,금천구,1280
11,사가정역 2번출구,중랑구,1925
11,사근빗물펌프장 건너편,성동구,1647
11,사당동 아르테스 웨딩앞,동작구,728
11,사당새마을금고,동작구,311
11,사당역 12번출구 뒤,서초구,1136
11,사당역 5번출구,관악구,938
11,사당역 7번출구쪽,동작구,446
11,사당역10번출구(금강빌딩),동작구,568
11,사당중학교 버스정류소,동작구,128
11,사랑의병원,관악구,440
11,사육신공원앞,동작구,668
11,사평리근린공원,서초구,609
11,사평역 2번출구,서초구,520
11,산기슭공원 앞,금천구,67
11,산업은행 앞,영등포구,1148
11,산호시티빌 옆,금천구,260
11,삼각산동 주민센터,강북구,418
11,삼각산아이원아파트(105동 옆),강북구,90
11,삼각지 자이아파트,용산구,724
11,삼각지12번 출구,용산구,305
11,삼각지역 14번 출구 앞(교통섬),용산구,380
11,삼각지역 3번출구,용산구,793
11,삼각지역 4번출구 앞,용산구,682
11,삼부르네상스파크빌,구로구,873
11,삼성SDS,송파구,1765
11,삼성광나루아파트 버스정류장,강동구,837
11,삼성디지털프라자관악점,관악구,473
11,삼성사이버빌리지아파트,중구,195
11,삼성생명 당산사옥 앞,영등포구,2085
11,삼성생명 앞,동대문구,1424
11,삼성전자 물류센터 앞,구로구,1120
11,삼성전자R&D어린이집 뒤,서초구,175
11,삼성전자서비스 성북센터,성북구,694
11,삼성중앙역 5번출구,강남구,524
11,삼성중앙역4번출구(문화센터더 리빌),강남구,119
11,삼성중앙역·플래티넘아파트 정류소,강남구,322
11,삼성타운(삼성생명) A동 맞은편,서초구,1051
11,삼성화재 사옥 옆,영등포구,1380
11,삼양동사거리,강북구,330
11,삼양동주민센터 앞,강북구,276
11,삼양사거리역,강북구,229
11,삼양시장오거리,강북구,256
11,삼양역,강북구,166
11,삼양입구사거리,강북구,218
11,삼육대 도서관,노원구,395
11,삼육대 입구,노원구,298
11,삼육대 제3과학관,노원구,73
11,삼육서울병원 버스정류장,동대문구,2500
11,삼익세라믹아파트교차로,도봉구,692
11,삼익아파트,동작구,1009
11,삼일교(시그니쳐 타워),중구,755
11,삼일수영장 앞,동작구,553
11,삼일초등학교 인근,동작구,284
11,삼전동주민센터 건너편,송파구,749
11,삼전동주민센터 앞,송파구,743
11,삼전역 1번출구,송파구,1011
11,삼전역 4번출구,송파구,941
11,삼청공원 앞,종로구,127
11,삼청동 골목,종로구,795
11,삼호3차아파트 앞,서초구,710
11,삼호물산버스정류장(23370) 옆,강남구,1456
11,삼호아파트 2동 ( 간선도로),강남구,212
11,삼호아파트 앞,구로구,408
11,삼환로즈빌아파트 105동 옆,구로구,657
11,"상계3,4동 주민센터 대여소",노원구,216
11,상계8동 주민센터,노원구,1153
11,상계동 우방유쉘아파트 앞,노원구,643
11,상계동수락리버시티,노원구,428
11,상계문화정보도서관,노원구,441
11,상계신동아아파트,노원구,171
11,상계역 3번출구,노원구,2650
11,상계역중앙시장,노원구,699
11,상계주공 14단지 상가 앞,노원구,633
11,상계주공10단지 버스정류소,노원구,698
11,상계주공10단지 종합상가 앞,노원구,1016
11,상계주공13단지 1301동,노원구,185
11,상계주공15단지 버스정류소,노원구,852
11,상계주공1단지 버스정류장 옆(대원빌딩 앞),노원구,1503
11,상계주공1단지아파트,노원구,929
11,상계주공2단지 219동,노원구,896
11,상계주공2단지 버스정류장 옆,노원구,1415
11,상계주공7단지 아파트 앞,노원구,300
11,상계중학교(당현2교사거리),노원구,638
11,상계초교 입구 교차로 명주빌딩 앞,노원구,1110
11,상도 아이파크 아파트,동작구,231
11,상도SH빌아파트 입구,동작구,128
11,상도역 1번출구,동작구,298
11,상도중앙하이츠빌 입구,동작구,274
11,상도효성해링턴플레이스,동작구,434
11,상록수아파트,강남구,491
11,상림마을 롯데캐슬2단지 옆,은평구,71
11,상림마을 생태공원,은평구,238
11,상명대입구,종로구,408
11,상봉2동 주민센터 앞,중랑구,764
11,상봉시장앞 교차로 한성빌딩 앞,중랑구,849
11,상봉신협 앞,중랑구,810
11,상봉역 2번 출구,중랑구,2044
11,상봉역 3번출구,중랑구,1085
11,상봉터미널2,중랑구,1443
11,상수역 2번출구 앞,마포구,366
11,상수역새마을금고,마포구,390
11,상신초등학교앞 버스정류장,은평구,744
11,상아빌딩(우림시장 교차로),중랑구,918
11,상암동주민센터 옆,마포구,1458
11,상암월드컵파크 10단지 앞,마포구,882
11,상암월드컵파크 1단지 교차로,마포구,581
11,상암월드컵파크 3단지 후문,마포구,318
11,상암월드컵파크 7단지 앞,마포구,442
11,상암월드컵파크 9단지 앞,마포구,426
11,상암월드컵파크5단지(상암중학교),마포구,416
11,상암중학교 옆,마포구,133
11,상암한샘빌딩앞,마포구,943
11,상암한화오벨리스크 1차 앞,마포구,860
11,상왕십리역 1번출구,성동구,1832
11,상왕십리역 4번 출구 앞,성동구,562
11,상왕십리역 6번 출입구,성동구,535
11,상원삼거리 장안철교 아래,성동구,719
11,상월곡역 1번출구,성북구,640
11,상월곡역 3번출구,성북구,911
11,상월곡역 4번출구,성북구,331
11,상일동산(동아아파트앞 교차로),강동구,159
11,상일동역 2번출구 앞,강동구,1325
11,상일초등학교,강동구,502
11,상일파출소 옆,강동구,742
11,새말소공원,영등포구,1858
11,새솔초등학교,중랑구,194
11,새우개마을,중랑구,164
11,새절역 2번출구,은평구,1507
11,새정이마을버스정류장 앞,서초구,16
11,샛강생태공원방문자센터 앞,영등포구,341
11,샛강역 1번출구 앞,영등포구,1493
11,샛마을 근린공원,강동구,527
11,생명의 전화 종합복지관 앞 교차로,성북구,887
11,생태공원앞 교차로(조명탑),강동구,139
11,서강나루 공원,마포구,836
11,서강대 정문 건너편,마포구,777
11,서강대 후문 옆,마포구,763
11,서강대역 2번출구 앞,마포구,891
11,서교동 사거리,마포구,846
11,서남병원 후문,양천구,844
11,서남환경공원 버스정류장,강서구,1444
11,서남환경공원(방화동도시개발2단지방향),강서구,736
11,서대문구청,서대문구,257
11,서대문역 2번 출구,서대문구,990
11,서대문역 8번출구 앞,서대문구,276
11,서대문자연사박물관 입구,서대문구,189
11,서래공원 앞,서초구,459
11,서부식자재마트 건너편,양천구,1078
11,서부운전면허시험장,마포구,584
11,서빙고동 금호맨션 앞,용산구,275
11,서빙고동 주민센터 앞,용산구,950
11,서빙고역 광장(1번출구),용산구,194
11,서서울모터리움 앞,강서구,483
11,서소문성지역사박물관,중구,168
11,서소문역사공원,중구,42
11,서우빌딩,서대문구,689
11,서울 논현동우체국 앞,강남구,264
11,서울 시흥동우체국 앞,금천구,454
11,서울 영등포구 우체국,영등포구,1075
11,서울 월드컵 경기장,마포구,658
11,서울가정법원,서초구,605
11,서울강월초등학교 앞,양천구,536
11,서울갤러리아 앞,용산구,94
11,서울경찰청,종로구,697
11,서울고등학교 건너편,서초구,167
11,서울고앞,서초구,156
11,서울과학기술대학교(미래관),노원구,922
11,서울과학기술대학교(어학교육원),노원구,2867
11,서울교육청 교육연수원 앞,서초구,109
11,서울교통공사 사당별관 건너편,서초구,284
11,서울교통공사사거리 교통섬,동대문구,614
11,서울남부교정시설 앞,구로구,247
11,서울남부지방검찰청 후문,양천구,1009
11,서울남부출입국관리소,강서구,1668
11,서울남부터미널 대합실 입구,서초구,588
11,서울대벤처타운역,관악구,658
11,서울대입구역 1번출구,관악구,848
11,서울대입구역 4번 출구,관악구,746
11,서울대입구역 5번출구,관악구,1020
11,서울대입구역 마에스트로,관악구,498
11,서울대학교 정문,관악구,330
11,서울도봉초등학교인근,도봉구,380
11,서울도시가스 앞,강서구,775
11,서울도시건축전시관,중구,1943
11,서울디자인고등학교 앞,마포구,1011
11,서울디지털운동장 앞,금천구,880
11,서울문화재단 앞,동대문구,1028
11,서울미래초등학교 사거리,구로구,928
11,서울미술관,종로구,140
11,서울반도체고 앞,동대문구,434
11,서울방이동 고분군,송파구,1240
11,서울보증보험본사 앞,종로구,980
11,서울복합물류 게이트 1,송파구,975
11,서울본부세관(건설회관 앞),강남구,218
11,서울북부고용노동지청,강북구,400
11,서울북부고용센터앞,노원구,1946
11,서울북부광역등기국,도봉구,183
11,서울북부수도사업소,강북구,435
11,서울북부지방법원,도봉구,191
11,서울북부지방법원 앞,도봉구,381
11,서울사대부설초등학교 앞,종로구,1218
11,서울산업정보학교,관악구,230
11,서울서부지방법원 앞,마포구,514
11,서울서부지방법원등기국앞,마포구,242
11,서울서초고용센터앞,서초구,406
11,서울숲 IT캐슬,성동구,10
11,서울숲 공영주차장앞,성동구,288
11,서울숲 관리사무소,성동구,633
11,서울숲 지식산업센터,성동구,1578
11,서울숲리버뷰자이APT105동 앞,성동구,312
11,서울숲역 2번출구 앞,성동구,1275
11,서울숲역 5번 출구 옆,성동구,925
11,서울숲역3번출구,성동구,154
11,서울시 공공자전거 상암센터,마포구,514
11,서울시 도로환경관리센터,양천구,2128
11,서울시 북부병원 앞,중랑구,333
11,서울시 북부여성발전센터,노원구,639
11,서울시 품질시험소 앞,서초구,444
11,서울시립과학관,노원구,423
11,서울시립대 건설공학관,동대문구,397
11,서울시립대 정문 앞 A,동대문구,208
11,서울시립대 정문 앞 B,동대문구,1356
11,서울시립대 정보기술관,동대문구,405
11,서울시립대 후문,동대문구,399
11,서울시설공단 앞,성동구,1012
11,서울시여성가족재단,동작구,382
11,서울시청,중구,1296
11,서울식물원 식물문화센터,강서구,680
11,서울식물원 잔디마당 앞,강서구,1473
11,서울식물원(문화센터) 건너편,강서구,439
11,서울신성초등학교,관악구,442
11,서울신용보증재단,마포구,852
11,서울신우초등학교,관악구,7
11,서울안천초등학교 옆,금천구,97
11,서울여대 남문,노원구,647
11,서울역 12번 출구 앞,용산구,770
11,서울역 7번출구,중구,118
11,서울역 서부,중구,233
11,서울역 서부교차로(3),중구,910
11,서울역 서부교차로2,중구,792
11,서울역 센트럴 자이아파트,중구,620
11,서울역5번출구,중구,787
11,서울역9번출구,중구,579
11,서울역사박물관 앞,종로구,815
11,서울연신중학교,은평구,190
11,서울연신초등학교,은평구,307
11,서울영상고교 입구,양천구,2450
11,서울율현초교 삼거리,강남구,453
11,서울중랑우체국,중랑구,565
11,서울지방고용노동청 앞,중구,1071
11,서울지방병무청 버스정류장,영등포구,724
11,서울천호동우체국,강동구,1071
11,서울체육고등학교 앞,송파구,1374
11,서울추모공원 입구,서초구,38
11,서울축산농협(장안지점),동대문구,2199
11,서울출입국관리사무소 앞,양천구,2926
11,서울친환경유통센터,송파구,112
11,서울특별시 남부교육지원청,영등포구,603
11,서울특별시 동부교육지원청(육교),동대문구,177
11,서울특별시 동작관악교육지원청,동작구,99
11,서울특별시 은평병원,은평구,315
11,서울특별시 중부교육지원청,종로구,94
11,서울특별시교육청도봉도서관,도봉구,386
11,서울혁신파크,은평구,536
11,서울혁신파크1,은평구,78
11,서울혁신파크2,은평구,190
11,서원마을,강동구,148
11,서일스포츠센터,서초구,150
11,서초 크로바타워 앞,서초구,408
11,서초 포레스타5단지,서초구,234
11,서초1교 (진흥아파트 방면),서초구,253
11,서초2교(사임당로 방면),서초구,117
11,서초4동주민센터,서초구,631
11,서초구립반포도서관 앞,서초구,1014
11,서초그랑자이 앞,서초구,286
11,서초동 현대아파트 앞,서초구,372
11,서초리슈빌S 글로벌 앞,서초구,114
11,서초신동아1차아파트 옆,서초구,373
11,서초역 3번출구,서초구,430
11,서초역1번출구 앞,서초구,357
11,서초유치원 맞은편,서초구,378
11,서초종합체육관 입구,서초구,133
11,서초초등학교 후문,서초구,643
11,서초케이타운앞,서초구,54
11,서초포레스타 7단지,서초구,183
11,서초현대4차아파트 201동 맞은편,서초구,406
11,석계역 3번 출구,노원구,955
11,석계역 4번출구 뒤,성북구,1058
11,석계역 5번출구 건너편,성북구,1272
11,석계역 문화광장 내 자전거 보관소,노원구,3115
11,석관동주민센터 앞,성북구,897
11,석관래미안아트리치,성북구,1095
11,석관초등학교 앞,성북구,1078
11,석촌고분역 2번 출구,송파구,1628
11,석촌고분역 4번출구,송파구,1321
11,석촌동 주민센터,송파구,1834
11,석촌역 2번출구,송파구,1741
11,석촌역 8번출구,송파구,2436
11,석촌호수 서호 남단,송파구,2002
11,석촌호수 서호 사거리,송파구,1650
11,석촌호수 아뜰리에,송파구,1354
11,석촌호수교차로 (송파나루근린공원 앞),송파구,505
11,석촌호수교차로(동호 팔각정 앞),송파구,1658
11,선릉역3번출구,강남구,1135
11,선린인터넷 고등학교,용산구,1167
11,선유도역 3번출구 앞,영등포구,2100
11,선잠단지 앞,성북구,120
11,"선정릉 디캠프(D,CAMP)앞",강남구,180
11,선정릉역 4번 출구,강남구,381
11,섬들근린공원,서초구,713
11,섬유센터 앞,강남구,1041
11,성공회대학교,구로구,375
11,성균관대 E하우스 앞,종로구,1358
11,성균관대 정문,종로구,1597
11,성균관대입구 사거리 A,종로구,963
11,성균관대입구 사거리 B,종로구,1055
11,성내5교,송파구,826
11,성내7교,송파구,540
11,성내교 남단,송파구,264
11,성내삼성아파트,강동구,2101
11,성내어울터,강동구,1724
11,성내유수지 체육공원,송파구,248
11,성동광진 교육지원청 앞,성동구,1081
11,성동교 사거리,성동구,460
11,성동구 견인차량 보관소 앞,성동구,1305
11,성동구민종합체육센터 건너편,성동구,1569
11,성동도로사업소,성동구,394
11,성동세무서 건너편,성동구,1183
11,성동세무서 부근,성동구,1319
11,성보하이드로빌딩,양천구,771
11,성북3교 위,성북구,753
11,성북구 한예종 캠퍼스 별관,성북구,703
11,성북구 한예종 캠퍼스 본관,성북구,747
11,성북구보건소 건너편,성북구,433
11,성북구청,성북구,667
11,성북동 치안센터 앞,성북구,567
11,성북쉼터 앞,성북구,133
11,성북제일새마을금고 본점 앞,성북구,289
11,성북청소년문화의집,성북구,31
11,성북청소년센터,성북구,337
11,성산2-1 공영주차장,마포구,808
11,성산2교 사거리,마포구,1202
11,성산시영아파트,마포구,820
11,성산유수지공원,마포구,585
11,성서대학교 밀알관,노원구,347
11,성수2가1동 공영주차장 인근,성동구,2948
11,성수사거리 버스정류장 앞,성동구,2152
11,성수아카데미타워 앞,성동구,1487
11,성수역 1번출구 주변,성동구,620
11,성수역 2번출구 앞,성동구,2934
11,성수역3번출구,성동구,3174
11,성신여대입구 교차로,성북구,626
11,성신여대입구역 3번출구 앞,성북구,923
11,성신여대입구역 5번출구,성북구,1041
11,성원2차 아파트,양천구,856
11,성원APT버스정류소,도봉구,487
11,성지아파트 옆 도로변,금천구,168
11,세곡데이케어센터,강남구,189
11,세곡동 사거리(대왕초등학교 정류장),강남구,107
11,세곡동 성당,강남구,398
11,세곡사거리 대왕파출소 앞,강남구,58
11,세륜초등학교 건너편,송파구,151
11,세양청마루 101동 앞,송파구,338
11,세양청마루아파트 앞,강동구,1143
11,세운상가,종로구,551
11,세운스퀘어 앞,종로구,497
11,세이브마트,관악구,1099
11,세종그랑시아 앞(102동),양천구,693
11,세종대왕기념관 교차로,동대문구,345
11,세종대학교 대양AI센터,광진구,1176
11,세종대학교(영실관),광진구,641
11,세종대학교(학술정보원),광진구,363
11,세종사이버대학교,광진구,2400
11,세화고등학교,서초구,152
11,센트럴 푸르지오 시티 앞,영등포구,1465
11,센트럴파크타워 앞,용산구,1023
11,솔리스타오피스텔(공덕동주민센터),마포구,493
11,솔밭공원역,강북구,176
11,솔밭공원역 1번출구 앞,도봉구,370
11,솔밭공원역 1번출구 주변,도봉구,406
11,솔브레인이엔지 뒤편,금천구,376
11,송도병원,중구,107
11,송이공원,송파구,292
11,송정역 1번출구,강서구,2028
11,송정역 3번출구 앞,강서구,1189
11,송정중학교,강서구,1056
11,송중초등학교 옆,강북구,381
11,송천동 주민센터,강북구,249
11,송천동우체국,강북구,273
11,송천센트레빌,강북구,220
11,송파 글마루 도서관,송파구,596
11,송파 레미니스1단지 102동 앞,송파구,577
11,송파 파인타운 11단지,송파구,462
11,송파구청,송파구,3623
11,송파구청 교차로,송파구,1415
11,송파나루역 4번 출구옆,송파구,2995
11,송파도서관,송파구,674
11,송파레이크힐,송파구,95
11,송파레이크힐 상가,송파구,638
11,송파사거리,송파구,1846
11,송파소방서 (방이119안전센터),송파구,332
11,송파소방서 맞은편(성내4교),송파구,1014
11,송파시그니처롯데캐슬,송파구,154
11,송파여성문화회관 앞,송파구,1522
11,송파여성축구장,송파구,227
11,송파역 2번 출구앞,송파구,1045
11,송파역 4번출구,송파구,1939
11,송파중학교 정문,송파구,347
11,송파지역자활센터 뒤,송파구,1719
11,송파청소년센터,송파구,556
11,송파체육문화회관 앞,송파구,579
11,송파파인타운 10단지 1005동,송파구,173
11,송파파인타운 4단지 403동,송파구,299
11,송파파인타운 7단지,송파구,526
11,송파파크데일 1단지 115동 건너편,송파구,258
11,송파파크데일 2단지입구 앞 주차장,송파구,252
11,송파학사 옆,송파구,624
11,수궁동 성당 주변,구로구,452
11,수락리버시티4단지,노원구,461
11,수락산역 4번출구,노원구,727
11,수명산파크 4단지 411동 앞,강서구,1277
11,수명산파크1단지교차로,강서구,2624
11,수명중?고교,강서구,1578
11,수명초등학교,강서구,1373
11,수서동 성당 맞은편,강남구,398
11,수서역 1번출구 앞,강남구,864
11,수서역 5번출구,강남구,1758
11,수서역 7번출구 앞,강남구,288
11,수연빌딩 앞,노원구,653
11,수유1동 주민센터,강북구,389
11,수유2동은행빌딩 앞,강북구,454
11,수유사거리,강북구,768
11,수유역2번출구,강북구,1914
11,수유중앙시장,강북구,838
11,수출의 다리 아래,금천구,623
11,수협 연남동지점,마포구,1117
11,수협대치동지점,강남구,495
11,숙대입구역 4번출구,용산구,1061
11,숙대입구역 8번,용산구,545
11,숙명여대 입구 교차로,용산구,908
11,숙명여대앞 버스정류소 주변,용산구,272
11,순천향대학병원(한남오거리),용산구,461
11,순흥안씨묘 건너편,금천구,36
11,숭실대 입구역3번 출구 앞,동작구,375
11,숭실대학교(중문),동작구,173
11,숭인2동 주민센터 입구,종로구,1126
11,스타벅스(동교동) 앞,마포구,500
11,스타즈호텔독산 빌딩 앞,금천구,628
11,시립도봉노인복지관 버스정류소,도봉구,404
11,시립동부병원 앞 사거리,동대문구,1747
11,시립미술관,중구,842
11,시립창동운동장 입구,도봉구,199
11,시범아파트버스정류장 옆,영등포구,1549
11,시석빌딩 앞,마포구,461
11,시조사 앞,동대문구,1272
11,시청역 10번출구,중구,382
11,시청역(2호선) 9번출구 뒤,중구,1781
11,시흥4동주민센터 앞,금천구,178
11,시흥사거리(시흥동 994-3 앞),금천구,508
11,신곡시장,양천구,1044
11,신금호역 2번출구 앞,성동구,65
11,신금호파크자이APT앞,성동구,229
11,신길 래미안 프레비뉴,영등포구,460
11,신길동 우리은행 옆,영등포구,528
11,신길선원가와인아파트 앞,영등포구,771
11,신길역 2번출구,영등포구,952
11,신길역3번출구,영등포구,1371
11,신길우성1차아파트 앞 공원,영등포구,670
11,신길우성4차아파트,영등포구,1013
11,신길자이아파트,영등포구,665
11,신내 우디안 111동 앞,중랑구,205
11,신내2동 주민센터 앞,중랑구,540
11,신내SK V1센터 앞,중랑구,332
11,신내능말공원,중랑구,384
11,신내동 벽산아파트 후문 앞,중랑구,568
11,신내동 한살림 중랑지구 건너편,중랑구,294
11,신내동 한살림 중랑지구 앞,중랑구,606
11,신내어울공원 앞,중랑구,534
11,신내역 4번출구,중랑구,268
11,신내역금강펜테리움센트럴파크,중랑구,17
11,신내우디안아파트 1단지,중랑구,143
11,신논현역 4번출구,강남구,563
11,신논현타워 앞,서초구,556
11,신답역 1번출구,성동구,267
11,신답역 사거리,동대문구,1193
11,신당 래미안 버스정류장,중구,426
11,신당동주민센터앞,중구,1185
11,신당역 10번 출구,중구,1456
11,신당역 12번 출구 뒤,중구,2241
11,신대방삼거리,동작구,1013
11,신대방삼거리역 3번출구쪽,동작구,395
11,신대방삼거리역 6번출구쪽,동작구,1559
11,신대방역 2번 출구,관악구,4439
11,신도고등학교,은평구,113
11,신도림2차e편한세상아파트 203동 앞,구로구,967
11,신도림4차 e편한세상 아파트 1109동 앞,구로구,887
11,신도림7차e편한세상아파트 806동 앞,구로구,822
11,신도림동주민센터 앞,구로구,1244
11,신도림쌍용플래티넘노블아파트 앞,구로구,1535
11,신도림역 1번 출구 앞,구로구,3437
11,신도림테크노근린공원,구로구,3980
11,신도봉사거리 버스정류장,도봉구,607
11,신도중학교앞,은평구,206
11,신동아럭스빌아파트 앞,서초구,201
11,신동아아파트,영등포구,1926
11,신동아타워 버스정류소,도봉구,307
11,신림1교 교차로,관악구,1534
11,"신림4,5동교",관악구,467
11,신림동 우방아파트,관악구,1033
11,신림동걷고싶은문화의거리입구,관악구,999
11,신림푸르지오아파트,관악구,671
11,신마곡벽산블루밍메트로오피스텔앞,강서구,1059
11,신목동역 2번 출구,양천구,2256
11,신목동역 3번출구,양천구,568
11,신반포역 2번출구 앞,서초구,487
11,신반포역 3번출구 뒤,서초구,190
11,신방화사거리,강서구,2282
11,신방화역 6번출구,강서구,1629
11,신방화역 8번출구,강서구,1300
11,신방화역환승주차장,강서구,3019
11,신봉천주유소 A,관악구,76
11,신봉천주유소 B,관악구,93
11,신사동 가로수길 입구,강남구,493
11,신사동 성당,은평구,157
11,신사동주민센터 옆,강남구,415
11,신사두산위브2차아파트 앞,은평구,739
11,신사로입구,관악구,1153
11,신사스퀘어,강남구,208
11,신사역 4번출구 뒤,서초구,649
11,신석초교앞 교차로 교통섬,마포구,1217
11,신설동역 10번출구 앞,동대문구,1729
11,신설동역 11번출구 뒤,종로구,1262
11,신설동역8번출구,동대문구,877
11,신성기사식당 앞,마포구,443
11,신성미소지움아파트,중랑구,555
11,신세계면세점,중구,241
11,신세계백화점 본점 앞,중구,575
11,신세기아파트 앞,구로구,592
11,신수동 사거리,마포구,272
11,신수동주민센터,마포구,265
11,신양초교앞 교차로,광진구,632
11,신영동삼거리,종로구,59
11,신영동삼거리(북악터널방향),종로구,61
11,신용산역 1번 출구,용산구,1180
11,신용산역 6번출구 앞,용산구,1073
11,신용산지하차도 앞,용산구,415
11,신원리베르텔 앞,도봉구,495
11,신월6차보람아파트 앞,양천구,936
11,신월사거리,양천구,1030
11,신월중학교,양천구,636
11,신응교(가좌로) 앞,은평구,868
11,신이문역 1번출구,동대문구,933
11,신이문역 2번출구,동대문구,543
11,신일해피트리아파트 앞,양천구,953
11,신자초교입구 교차로,광진구,2213
11,신정1동 주민센터 앞,양천구,2560
11,신정3동 현장민원실 앞,양천구,456
11,신정6동 주민센터 인근,양천구,801
11,신정교 하부,양천구,1506
11,신정네거리역,양천구,764
11,신정네거리역 교차로,양천구,970
11,신정보도육교 아래,양천구,2898
11,신정숲속마을아파트,양천구,517
11,신정이펜하우스 1단지아파트 입구 사거리,양천구,477
11,신정이펜하우스314동,양천구,611
11,신정제일시장,양천구,687
11,신진과학기술고등학교 버스정류장(응암시장 방면),은평구,773
11,신창교,강북구,637
11,신창시장,도봉구,835
11,신창아파트 입구 앞,도봉구,270
11,신창중학교 후문 맞은편 버스정류장,노원구,728
11,신청담나들목,강남구,193
11,신촌 교보빌딩,마포구,315
11,신촌 청년주택,마포구,1133
11,신촌 파랑고래 입구,서대문구,585
11,신촌기차역입구 교차로,서대문구,357
11,신촌동 제1공영주차장 앞,서대문구,439
11,신촌역 4번출구,서대문구,486
11,신촌역(2호선) 1번출구 옆,서대문구,606
11,신촌역(2호선) 6번출구 옆,마포구,560
11,신촌역(2호선) 7번출구 앞,마포구,1176
11,신트리공원 입구,양천구,1952
11,신풍역 6번출구,영등포구,1698
11,신한금융투자 앞,영등포구,2728
11,신한은행 대림동지점,영등포구,571
11,신한은행 시흥대로금융센터지점,금천구,183
11,심산기념문화센터,서초구,608
11,쌍문동 이안아파트 앞,도봉구,355
11,쌍문역 1번출구 주변,도봉구,744
11,쌍문역4번출구 주변,도봉구,814
11,쌍문현대1차아파트 108동 앞,도봉구,513
11,쌍용아파트2단지 정문,종로구,226
11,쌍용예가(구청별관),영등포구,849
11,쌍용플레티넘오피스텔,영등포구,1651
11,아리랑시네센터 앞,성북구,342
11,아만티호텔 앞,마포구,392
11,아망떼마곡전시장,강서구,1883
11,아메리칸센터,용산구,156
11,아산병원 기숙사 부근,송파구,2877
11,아시아선수촌아파트 교차로,송파구,910
11,아시아지하보도 14번 출구,송파구,1642
11,아시아지하보도 2번 출구,송파구,747
11,아차산 휴먼시아 아파트 옆,광진구,526
11,아차산역 3번출구,광진구,1826
11,아차산역4번출구,광진구,2064
11,아크로리버뷰 부지 앞,서초구,659
11,아크로타워 스퀘어(영등포시장),영등포구,2121
11,아현교회,마포구,189
11,아현래미안푸르지오아파트 104동 앞,마포구,100
11,아현문화건강센터,마포구,117
11,아현역 4번출구 앞,마포구,450
11,안골마을입구,서초구,29
11,안국동사거리(신),종로구,969
11,안국역 5번출구 앞,종로구,1050
11,안산초등학교 앞,서대문구,102
11,안암2교 옆,성북구,1198
11,안암골벽산아파트(후문),동대문구,773
11,안암로터리 버스정류장 앞,성북구,3458
11,안암역 3번 출구,성북구,668
11,안천중학교,금천구,214
11,암사동 선사유적지,강동구,96
11,암사역 3번출구(국민은행앞),강동구,2151
11,암사정수센터교차로(강동롯데캐슬퍼스트아파트),강동구,150
11,압구정 한양 3차 아파트,강남구,277
11,압구정나들목,강남구,670
11,압구정로데오역 6번출구,강남구,589
11,압구정역 2번 출구 옆,강남구,1202
11,압구정파출소 앞,강남구,667
11,앙카라공원 앞,영등포구,1325
11,애오개역 4번출구 앞,마포구,1212
11,앰배서더 호텔 주변,중구,489
11,약수동 주민센터,중구,131
11,약수역 10번출구 앞,중구,345
11,약수역 3번출구 뒤,중구,429
11,약수역 6번 출구,중구,325
11,양강중학교앞 교차로,양천구,489
11,양남사거리1,영등포구,724
11,양남사거리2,영등포구,679
11,양녕로 입구,관악구,782
11,양문교회 앞,동작구,695
11,양서중학교 옆,양천구,647
11,양원보도육교,양천구,707
11,양원역 1번 출구,중랑구,588
11,양원역 2번출구,중랑구,157
11,양원지구 힐데스하임 앞,중랑구,480
11,양재근린공원,서초구,775
11,양재동 꽃시장 건너편,서초구,339
11,양재동 꽃시장 입구,서초구,175
11,양재시민의숲역 1번출구,서초구,1424
11,양재시민의숲역 3번출구,서초구,1043
11,양재역 10번 출구 앞,서초구,557
11,양재역 3번출구 주변,강남구,959
11,양재역 8번출구 앞,서초구,661
11,양재이스타빌 앞,서초구,663
11,양재전화국 사거리,서초구,219
11,양재초등학교 맞은편,서초구,510
11,양지근린공원앞,노원구,1170
11,양지사거리,성동구,881
11,양지사거리(센트라스APT 115동앞),성동구,290
11,양천 해누리타운,양천구,2700
11,양천공영차고지,양천구,190
11,"양천구청, 보건소 사잇길",양천구,4208
11,양천구청역 1번출구,양천구,849
11,양천구청역 2번출구 옆,양천구,2055
11,양천문화회관,양천구,772
11,양천아파트 입구,양천구,2409
11,양천해누리체육공원,양천구,1038
11,양천향교역 7번출구앞,강서구,3690
11,양천향교역8번출구,강서구,1313
11,양평1 보행육교 앞,영등포구,1357
11,양평1나들목 보행통로 입구,영등포구,1028
11,양평1동 YP센터 앞,영등포구,535
11,양평교 영등포대여소,영등포구,1169
11,양평동6차현대아파트 앞,영등포구,1831
11,양평동성원아파트,영등포구,1385
11,양평역 1번출구,영등포구,2605
11,양평역2번출구 뒤,영등포구,625
11,양평우림 이비즈센타 앞,영등포구,1781
11,어린이대공원역 2번출구,광진구,995
11,어린이대공원역 3번출구 앞,광진구,1384
11,어린이대공원정문,광진구,518
11,어린이도서관,종로구,413
11,어린이회관,광진구,886
11,어울림병원 앞,영등포구,870
11,언남초등학교 앞,서초구,710
11,언주역 4번출구,강남구,366
11,언주초등학교 입구,강남구,355
11,에스테반,마포구,315
11,에이스 하드웨어(시흥대로 396) 앞,금천구,677
11,에이스에이존빌딩,관악구,459
11,에이스하이엔드타워8차 앞,금천구,996
11,에이스하이엔드타워9차 앞,금천구,583
11,엘아르베뉴 102동 앞,금천구,474
11,엠펠리체 호텔 건너편,강서구,1516
11,여의나루역 1번출구 앞,영등포구,3005
11,여의도 마리나선착장 앞,영등포구,330
11,여의도 삼부아파트,영등포구,952
11,여의도 순복음교회,영등포구,177
11,여의도 은하아파트,영등포구,460
11,여의도고교 앞,영등포구,764
11,여의도역2번출구 앞,영등포구,995
11,여의도중학교 옆,영등포구,424
11,여의도초교 앞,영등포구,874
11,역삼1동 주민센터,강남구,685
11,역삼동 sk뷰 501동앞,강남구,339
11,역삼동 디오슈페리움 (우성아파트 사거리),강남구,654
11,역삼빌딩 앞(하나은행 옆),강남구,757
11,역삼서초삼성 세무서 앞 (역삼빌딩 앞),강남구,945
11,역삼월드메르디앙아파트 앞,강남구,379
11,역삼중학교 앞(체육관 방향),강남구,121
11,역촌 센트레빌 아파트,은평구,390
11,역촌센트레빌아파트 101동 앞,은평구,254
11,역촌종합시장 버스정류장(예일여고 방면),은평구,1354
11,역촌파출소,은평구,2183
11,연가교 교차로,서대문구,462
11,연가초등학교 옆,서대문구,320
11,연남동주민센터 앞,마포구,1543
11,연대 대운동장 옆,서대문구,417
11,연서어린이공원,서대문구,385
11,연세강서빌딩,강서구,1529
11,연세대 정문 건너편,서대문구,287
11,연세로 명물길,서대문구,504
11,연신내 선일하이츠빌 정류소,은평구,287
11,연신내역 1번 출구,은평구,792
11,연신내역 3번출구 인근,은평구,392
11,연신내역 4번출구,은평구,407
11,연신내역 5번출구,은평구,1795
11,연신초등학교옆 마을마당,은평구,86
11,연의근린공원 건너편,양천구,561
11,연해피빌 앞,노원구,895
11,연희 브라운스톤 아파트 앞,서대문구,1124
11,연희IC 남측,서대문구,689
11,연희교차로 인근,서대문구,266
11,연희삼거리,서대문구,707
11,연희파크푸르지오아파트 앞,서대문구,627
11,염곡동(염통골) 입구,서초구,97
11,염곡치안센터 건너편,서초구,59
11,염리초등학교 앞,마포구,603
11,염창나들목,강서구,1241
11,염창동 새마을금고 건너편,강서구,675
11,염창동 한마음아파트 앞,강서구,905
11,염창역 1번 출구,강서구,1766
11,"염창역 3, 4번 출구 사이",양천구,767
11,염천교사거리,중구,497
11,영도초등학교,양천구,1962
11,영동1교 (양재천근린공원),서초구,517
11,영동1교 북단,서초구,378
11,영동3교 북단(우성캐릭터 앞 보도),강남구,204
11,영동대교 북단,광진구,1312
11,영동중앙교회 버스정류장,강남구,219
11,영등포 신세계백화점,영등포구,3059
11,영등포 푸르지오 아파트 A,영등포구,1174
11,영등포 푸르지오 아파트 B,영등포구,1095
11,영등포공원 분수대 앞,영등포구,193
11,영등포구청역 7번출구,영등포구,4986
11,영등포로터리,영등포구,555
11,영등포로터리2,영등포구,1067
11,영등포삼환아파트 앞,영등포구,1152
11,영등포시장역 포레나영등포,영등포구,2828
11,영등포아트홀 앞,영등포구,578
11,영등포역 1번출구,영등포구,2237
11,영등포역5번출구,영등포구,3033
11,영등포유통상가 사거리,영등포구,1252
11,영등포전화국사거리 (서강어린이공원),영등포구,1529
11,영등포청과시장 사거리,영등포구,1093
11,영락고등학교,관악구,281
11,영문초등학교 사거리,영등포구,2854
11,영성빌딩(PAT),중랑구,816
11,영어마을 관악캠프,관악구,110
11,영일 어린이공원,영등포구,737
11,영파여고 앞,송파구,1030
11,영휘원 교차로,동대문구,732
11,영희초교 사거리(래미안개포루체하임),강남구,782
11,예일여중,은평구,704
11,옛골 입구,서초구,59
11,오금공원 사거리,송파구,107
11,오금공원사거리2,송파구,256
11,오금동 대림아파트 정문,송파구,413
11,오금역 3번 출구 뒤,송파구,461
11,오금역 7번 출구 인근,송파구,834
11,오류동 계림웨스트밸리 앞,구로구,180
11,오류동 다숲오피스텔 앞,구로구,467
11,오류동부골든아파트 후문 옆,구로구,282
11,오류동역 2번출구,구로구,739
11,오류동역 맞은편,구로구,872
11,오륜사거리,송파구,477
11,오리로와 서해안도로 교차로 앞,구로구,329
11,오목교 동측 지하보도,영등포구,1070
11,오목교역 3번출구,양천구,3511
11,오목교역 6번 출구,양천구,2068
11,오목교역 7번출구 앞,양천구,2080
11,오목로 무중력지대 앞,양천구,287
11,오솔길공원,양천구,595
11,오정초교 앞 보도육교,구로구,139
11,옥수동성당 옆,성동구,96
11,옥수역 3번출구,성동구,1850
11,온곡초교 교차로,노원구,1492
11,온수역 2번 출구 앞,구로구,448
11,온수역 북측,구로구,237
11,올림픽공원 남2문 앞,송파구,709
11,올림픽공원 북2문 A,송파구,1108
11,올림픽공원 북2문 B,송파구,1903
11,올림픽공원 서1문 앞,송파구,293
11,올림픽공원 장미광장,송파구,301
11,올림픽공원사거리(선수촌아파트),송파구,797
11,올림픽공원역 1번출구 앞,송파구,1030
11,올림픽공원역 3번출구,송파구,3242
11,올림픽기념 국민생활관 로터리,종로구,1268
11,올림픽로 836(아리수로),강동구,298
11,올림픽선수기자촌아파트 123동 근처,송파구,287
11,올림픽선수촌아파트 136동 앞,송파구,356
11,올림픽훼미리아파트 112동 앞,송파구,670
11,왈도강서캠퍼스 앞,강서구,1136
11,왕십리 자이아파트(101동 앞),성동구,12
11,왕십리KCC스위첸아파트,성동구,125
11,왕십리교회옆,성동구,1871
11,왕십리역 11번 출구 앞,성동구,1021
11,왕십리역 4번 출구 건너편,성동구,1425
11,왕십리자이아파트 후문(삼거리),성동구,191
11,외국어대 정문 앞,동대문구,1916
11,외대앞역 3번출구,동대문구,1223
11,외대앞역 교차로,동대문구,807
11,용강동 주민센터 앞,마포구,794
11,용답동 우체국 주변,성동구,1094
11,용답토속공원 앞,성동구,443
11,용두동 래미안허브리츠아파트 앞,동대문구,916
11,용두동 사거리,동대문구,1665
11,용두롯데캐슬리치아파트 앞,동대문구,839
11,용두역 4번출구,동대문구,1622
11,용마복지센터 앞,중랑구,263
11,용마사거리,광진구,1300
11,용마산역 1번출구,중랑구,129
11,용마지구대 A,중랑구,160
11,용마지구대 B,중랑구,425
11,용마한신아파트사거리,중랑구,174
11,용문2교 옆,성북구,980
11,용문사 버스정류장,강서구,568
11,용산 선인상가,용산구,348
11,용산 파크타워 앞,용산구,248
11,용산 푸르지오 파크타운 1단지 앞,용산구,156
11,용산공원갤러리앞,용산구,188
11,용산구꿈나무종합타운 앞,용산구,565
11,용산더프라임아파트 101동 앞,용산구,304
11,용산시티파크 101동 앞,용산구,298
11,용산역 맞은편,용산구,2088
11,용산전쟁기념관,용산구,119
11,용산중학교,용산구,637
11,용신동주민센터,동대문구,696
11,우국한마음 아파트 맞은편,서대문구,880
11,우리은행 방배동지점 앞,서초구,501
11,우리은행 시흥남자동화점 앞,금천구,269
11,우면산등산로 입구,서초구,55
11,우물골 근린공원,은평구,419
11,우성4차아파트,광진구,1117
11,우성식품 앞,광진구,1126
11,우성아파트 교차로,영등포구,728
11,우성아파트 앞,동작구,1604
11,우성아파트사거리 (기업은행앞),서초구,1083
11,우솔초등학교 맞은편,서초구,190
11,우영테크노센터 앞,성동구,1420
11,우이교 교차로,도봉구,809
11,우이동 먹거리마을,강북구,155
11,우이동길마을마당,강북구,499
11,우이천 창번교,강북구,455
11,우장산동 가곡어린이공원앞,강서구,2009
11,우장산역 1번출구옆(우장산아이파크105동앞),강서구,1513
11,우장산역 3번출구,강서구,1122
11,우장산역 헤링턴타워 앞,강서구,1026
11,우장초등학교 앞,강서구,1364
11,원남동사거리,종로구,1197
11,원당공원 앞,도봉구,762
11,원당근린공원,강서구,1771
11,원메디타운 앞,구로구,1497
11,원묵고등학교,중랑구,864
11,원일교회,광진구,1802
11,원자력 병원,노원구,339
11,원풍빌라앞,은평구,447
11,원효로2가 교차로,용산구,568
11,원효로다목적체육관 앞,용산구,358
11,월계 롯데캐슬아파트 뒤,노원구,412
11,월계 센트럴 아이파크,노원구,740
11,월계 청백1단지 아파트 정류장,노원구,339
11,월계1동주민센터 앞,노원구,674
11,월계2교 버스정류장 앞,성북구,572
11,월계문화체육센터,노원구,158
11,월계역 1번 출구,노원구,678
11,월계중학교,노원구,279
11,월계초안아파트 1단지,노원구,350
11,월계프라자,노원구,506
11,월곡역 3번출구,성북구,2104
11,월곡역 5번출구 앞,성북구,980
11,월곡역 입구 육교 밑,성북구,310
11,월드메르디앙 벤처센터 2차,금천구,956
11,월드빌딩 앞,강서구,286
11,월드컵경기장역 3번출구 옆,마포구,1046
11,월드컵공원,마포구,709
11,월드컵참누리아파트,마포구,388
11,월드컵파크 4단지,마포구,200
11,월정초 사거리,양천구,540
11,웨스틴 조선호텔,중구,325
11,웰니스센터(민방위교육장 앞),종로구,1018
11,웰츠타워 오피스텔,광진구,1658
11,위너스 스포츠클럽 골프연습장옆,금천구,275
11,위례 포레샤인 1809동 부근,송파구,220
11,위례22단지 2208동 다리앞,송파구,354
11,위례동주민센터,송파구,1297
11,위례별 유치원 뒤,송파구,301
11,위례송파꿈에그린아파트24단지 앞 성벽 다리 밑,송파구,414
11,위례아이파크 101동 맞은편,송파구,304
11,위례중앙푸르지오 1단지 앞,송파구,581
11,위례중앙푸르지오 201동 앞,송파구,992
11,위례포레나송파,송파구,426
11,위례포레샤인13단지,송파구,271
11,위례포레샤인18단지 1802동,송파구,176
11,위례포레샤인18단지 1812동,송파구,77
11,위례포레샤인아파트 정류장,송파구,524
11,윗반마을 입구,강남구,102
11,유니베라 앞,성동구,1143
11,유스호스텔 앞,영등포구,973
11,유원목동아파트 103동 앞,양천구,2413
11,유진투자증권빌딩 앞,영등포구,1356
11,유한양행앞,동작구,929
11,육군사관학교  앞,노원구,1010
11,윤선생빌딩(JYP사옥),강동구,2245
11,으뜸공원,양천구,528
11,은곡마을,강남구,241
11,은마아파트 입구 사거리,강남구,874
11,은마아파트입구 사거리(1),강남구,194
11,은천교회,관악구,608
11,은천교회 앞,관악구,915
11,은천로입구 가로공원,관악구,1827
11,은천삼거리,관악구,363
11,은천초등학교 육교,관악구,474
11,은천치안센터,관악구,754
11,은평 성모병원 사거리,은평구,299
11,은평 지웰테라스,은평구,91
11,은평구청 교차로,은평구,438
11,은평구청 보건소,은평구,1117
11,은평뉴타운 도서관,은평구,396
11,은평뉴타운 상림마을 13단지,은평구,84
11,은평뉴타운 아이파크,은평구,461
11,은평뉴타운 은뜨락아파트앞,은평구,341
11,은평뉴타운 푸르지오,은평구,430
11,은평뉴타운 힐데스하임,은평구,586
11,은평뉴타운구파발9단지,은평구,401
11,은평뉴타운폭포동 힐스테이트4단지,은평구,119
11,은평다목적체육관,은평구,334
11,은평서해그랑블아파트앞,은평구,546
11,은평세무서 버스정류장(은평구청 방면),은평구,775
11,은평역사한옥박물관,은평구,197
11,은평예술회관,은평구,483
11,은평평화공원(역촌역4번출구),은평구,1256
11,은하수 공원,노원구,426
11,을지로2가 사거리 남측,중구,545
11,을지로2가 사거리 북측,중구,604
11,을지로3가역 3번출구,중구,1080
11,을지로4가역 1번출구,중구,938
11,을지로4가역 9번출구,중구,1508
11,을지로입구역 2번출구,중구,1169
11,을지로입구역 4번출구 앞,중구,892
11,을지로입구역 8번출구,중구,393
11,을지로지하쇼핑센터,중구,446
11,응봉삼거리,성동구,545
11,응봉역 1번출구,성동구,1679
11,응봉현대아파트 정류소,성동구,202
11,응암2동주민센터 버스정류장(영락중학교 방면),은평구,253
11,응암시장교차로,은평구,1411
11,응암역2번출구 국민은행 앞,은평구,2232
11,응암역3번 출구(서부경찰서 방면),은평구,223
11,응암오거리,은평구,1424
11,의정관,영등포구,201
11,이대목동병원보도육교,양천구,998
11,이대서울병원,강서구,1357
11,이대역 4번 출구,서대문구,259
11,이대역 5번출구,마포구,484
11,이랜드글로벌R&D센터,강서구,94
11,이마트 버스정류장(서부경찰서 방면),은평구,1552
11,이문e편한세상아파트 앞,동대문구,427
11,이문대성유니드아파트 앞,동대문구,401
11,이문동 쌍용아파트 정문,동대문구,737
11,이문삼익아파트 앞,동대문구,193
11,이수고가차도 남단,서초구,944
11,이수교차로,서초구,709
11,이수성결교회 옆,동작구,97
11,이수역 11번출구쪽,동작구,1157
11,이수역 1번출구,서초구,1621
11,이수역 4번 출구,서초구,1028
11,이수역 6번출구 앞,서초구,497
11,이수역9번출구,동작구,603
11,이앤씨드림타워 앞,영등포구,2204
11,이좋은집오피스텔 앞,구로구,380
11,이촌1동 마을공원,용산구,329
11,이촌1동 주민센터 뒤,용산구,679
11,이촌2동 동원베네스트 아파트 앞,용산구,643
11,이촌역2번 출구,용산구,236
11,이촌역5번출구 앞,용산구,120
11,이태원관광특구 입구(용산구청방향),용산구,212
11,이태원관광특구입구A(녹사평역쪽),용산구,121
11,이태원로 255,용산구,47
11,이태원역 3번 출구,용산구,476
11,이태원지하보도,용산구,337
11,이투스교육 앞,서초구,288
11,이튼타워리버 2차,광진구,1122
11,이화공영주차장,종로구,496
11,이화여대 인문관 인근,서대문구,200
11,이화여대 후문,서대문구,596
11,인덕대학교,노원구,560
11,인왕산 아이파크 정문,종로구,150
11,인재개발원 데이터센터,서초구,11
11,인재개발원 배움관,서초구,67
11,인헌초교,관악구,246
11,일동제약 사거리,서초구,384
11,일성아파트,종로구,249
11,일신초등학교 옆,성북구,168
11,일원1동 주민센터,강남구,616
11,일원1동주민센터앞 사거리,강남구,377
11,일원에코파크 앞(개포로 방면),강남구,208
11,일원에코파크 주차장,강남구,456
11,일원역 4~5번 출구 사이,강남구,466
11,임광빌딩 앞,서대문구,307
11,자곡사거리,강남구,1152
11,자교교회 앞,종로구,805
11,자양(뚝섬한강공원)역 1번출구 앞,광진구,3733
11,자양2동 주민센터,광진구,1388
11,자양나들목,광진구,1357
11,자양사거리 광진아크로텔 앞,광진구,1639
11,자양사거리(서원빌딩),광진구,2261
11,자양중앙나들목,광진구,870
11,자양한강도서관,광진구,1349
11,잔디마을 마을버스 정류장,서초구,1039
11,잠실 자전거 수리센터 앞,송파구,1957
11,잠실 파크리오 120동 앞,송파구,1031
11,잠실3거리(갤러리아팰리스),송파구,756
11,잠실4동 주민센터 옆,송파구,1244
11,잠실근린공원,송파구,1384
11,잠실나들목,송파구,726
11,잠실나들목2(엘스아파트136동),송파구,366
11,잠실나들목4,송파구,672
11,잠실나들목5,송파구,275
11,잠실나들목6,송파구,260
11,잠실나루 나들목,송파구,839
11,잠실나루역 (2번 출구 쪽),송파구,1792
11,잠실나루역 고가하부,송파구,407
11,잠실나루역4번출구뒤,송파구,1345
11,잠실대교북단 교차로,광진구,1458
11,잠실새내역 1번출구,송파구,1649
11,잠실새내역 5번 출구 뒤,송파구,2346
11,잠실역 6번출구,송파구,1051
11,잠실역 8번출구,송파구,2562
11,잠실주공 521동 건너편,송파구,1540
11,잠실주공5단지1,송파구,1424
11,잠실트리지움310동 옆,송파구,1519
11,잠원역 3번-4번 출구사이,서초구,739
11,잣절보도육교 아래,양천구,385
11,장곡초등학교 앞,성북구,510
11,장로회신학대학교 주기철 기념관,광진구,91
11,장미원시장 건너편,강북구,530
11,장수공원,양천구,574
11,장승배기역 5번출구,동작구,1162
11,장승배기역2번출구뒷편쪽,동작구,494
11,장안동 사거리,동대문구,2519
11,장안동근린공원 입구,동대문구,2
11,장안동삼거리 교통섬,동대문구,966
11,장안동위더스빌옆,동대문구,2179
11,장안중학교,중랑구,598
11,장안힐스테이트(아) 앞,동대문구,1500
11,장지공영차고지,송파구,259
11,장지역 1번출구,송파구,969
11,장충동먹자골목 앞,중구,545
11,장충체육관,중구,174
11,장한평역 8번 출구 앞,성동구,3904
11,장훈고 앞,영등포구,510
11,재동초교 앞 삼거리,종로구,601
11,전농SK아파트 앞,동대문구,334
11,전농동 동아아파트 앞,동대문구,1336
11,전농동 텃골공원,동대문구,571
11,전농사거리 교통섬,동대문구,967
11,전농삼성아파트,동대문구,236
11,전농초등학교 건너편,동대문구,385
11,전자랜드 본관 앞,용산구,555
11,정금마을 마을버스정류장,동작구,342
11,정동사거리,중구,884
11,정릉꿈에그린1단지 201동 앞,성북구,204
11,정릉도서관 앞,성북구,393
11,정릉역,성북구,400
11,정의여중고 버스정류소,도봉구,331
11,제2구민체육센타 앞,영등포구,1877
11,제각말푸르지오 5-1단지 아파트,은평구,164
11,제기2교,동대문구,1206
11,제기동 현대아파트 앞,동대문구,261
11,제기동역 1번출구,동대문구,1853
11,제니스스포츠 앞,구로구,305
11,제일강산수산입구,도봉구,790
11,제일빌딩 앞,마포구,775
11,조계사앞사거리,종로구,1151
11,조원동 강남힐병원,관악구,821
11,조원동 미성아파트,관악구,827
11,종각역 1번출구 앞,종로구,1413
11,종각역 5번출구,종로구,1130
11,종로2가 버스정류장 (종각방향),종로구,812
11,종로2가 사거리,종로구,992
11,종로3가역 15번출구 뒤,종로구,773
11,종로3가역 2번출구 뒤,종로구,1069
11,종로3가역 8번출구,종로구,1762
11,종로4가 사거리,종로구,843
11,종로5가역 4번출구,종로구,941
11,종로6가역 버스정류장(동대문 방향),종로구,811
11,종로구청 옆,종로구,1584
11,종로꽃시장 입구 옆,종로구,799
11,종로문화원 건너편,종로구,817
11,종로오가 지하쇼핑센터 14번출구,종로구,878
11,종로타워빌딩,종로구,962
11,종로플레이스,종로구,1893
11,종묘,종로구,816
11,종묘공영주차장 건너편,종로구,292
11,종암동 동덕여대 제2생활관 앞,성북구,1342
11,종암박스파크,성북구,926
11,종암초등학교 뒤(새울센스빌),동대문구,365
11,종합운동장역 4번출구,송파구,952
11,주공14단지,금천구,164
11,주공601동 상가 노원지하보도 앞,노원구,1521
11,주식회사 오뚜기 정문 앞,강남구,334
11,주원 리젠트 앞,강서구,580
11,주홍교 하부,서초구,240
11,준빌딩 앞,은평구,179
11,중계 롯데마트,노원구,1213
11,중계2차 한화꿈에그린 101동 인근,노원구,679
11,중계3차청구아파트,노원구,932
11,중계구민체육센터,노원구,532
11,중계근린공원내,노원구,2251
11,중계동 성모빌딩 앞,노원구,1349
11,중계동 을지중학교,노원구,653
11,중계동 하나프라자빌딩 앞(중1-1),노원구,1445
11,중계본동 입구,노원구,166
11,중계역 2번출구,노원구,1498
11,중계역 3번출구,노원구,1486
11,중계역 6번출구,노원구,1908
11,중계종합사회복지관 교차로,노원구,392
11,중계주공2단지 앞,노원구,571
11,중계중학교,노원구,1245
11,중곡 성원아파트 앞,광진구,749
11,중곡SK아파트앞,광진구,352
11,중곡역 1번출구,광진구,906
11,중대후문 마을버스정류장,동작구,403
11,중랑공영차고지 옆,중랑구,509
11,중랑교사거리,동대문구,783
11,중랑구민회관,중랑구,217
11,중랑구청,중랑구,807
11,중랑구청 사거리,중랑구,816
11,중랑구청 중화동 별관 앞,중랑구,1431
11,중랑데시앙플렉스 앞,중랑구,330
11,중랑물재생센터(서울새활용플라자),성동구,644
11,중랑세무서,중랑구,1258
11,중랑역 1번 출구(중화문화복지센터),중랑구,701
11,중랑전화국 교차로,중랑구,1200
11,중랑천 뚝방길 산책로 입구,광진구,99
11,중랑캠핑숲,중랑구,101
11,중림동삼거리,중구,263
11,중부경찰서앞 사거리,중구,334
11,중부경찰서앞사거리 건너편,중구,279
11,중부세무서 앞,중구,193
11,중앙고입구 삼거리,종로구,277
11,중앙근린공원,서대문구,784
11,중앙농협(자양동),광진구,1481
11,중앙대학교 정문 1,동작구,379
11,중앙대학교 중앙광장,동작구,124
11,중앙동 동진빌딩,관악구,577
11,중앙보훈병원역 1번출구,강동구,248
11,중앙보훈병원역3번출구,강동구,150
11,중앙유통단지 앞,구로구,720
11,중앙유통단지 앞 B,구로구,890
11,중앙일보,중구,98
11,중앙하이츠 아파트 입구,노원구,1360
11,중화동 우리은행 앞,중랑구,733
11,중화빌딩 앞 (동부시장),중랑구,639
11,중화수경공원,중랑구,879
11,중화역 2번출구,중랑구,1018
11,중화역 4번출구,중랑구,686
11,증권거래소후문교차로,영등포구,1050
11,증미역 2번출구,강서구,1284
11,증미역 3번출구뒤(등촌두산위브센티움오피스텔),강서구,2084
11,증산2교,서대문구,1066
11,증산3교 앞,서대문구,861
11,증산교 앞,서대문구,920
11,증산역 4번출구,은평구,1037
11,진관고등학교앞,은평구,404
11,진관동 은빛초등학교,은평구,371
11,진미파라곤 앞,영등포구,964
11,진주아파트상가 앞,영등포구,826
11,참새공원(백곡경노당),구로구,344
11,창1동주민센터,도봉구,407
11,창경궁 입구,종로구,525
11,창동 주공 4단지 입구 옆,도봉구,550
11,창동19단지아파트 관리사무소앞,도봉구,700
11,창동시장입구 사거리,도봉구,535
11,창동역 1번출구 건너편,도봉구,721
11,창동역 1번출구 앞,도봉구,1948
11,창동역 2번출구,도봉구,2304
11,창동주공17단지 상가앞,도봉구,938
11,창동주공19단지앞,도봉구,835
11,창동청소년수련관,도봉구,575
11,창동한신아파트 버스정류소,도봉구,501
11,창신3동주민센터,종로구,784
11,창신두산아파트,종로구,141
11,창신역 1번출구 앞,종로구,485
11,창신역2번 출구,종로구,152
11,창원초등학교 교차로,도봉구,567
11,창포원 남쪽 입구,도봉구,417
11,천동초교 삼거리,강동구,1121
11,천동초교입구사거리 버스정류장(십자성마을 방면),강동구,1032
11,천왕역 1번 출입구 앞,구로구,1423
11,천왕역 3번 출구 뒤,구로구,728
11,천왕역 4번출구 뒤,구로구,737
11,천왕연지타운2단지 앞,구로구,895
11,천왕이펜하우스 4단지 후문,구로구,181
11,천왕이펜하우스3단지 앞,구로구,273
11,천왕이펜하우스5단지 앞,구로구,292
11,천왕지구삼거리 앞,구로구,501
11,천왕차량사업소 입구,구로구,548
11,천일초교 사거리,강동구,524
11,천주교 대치 2동 교회 옆,강남구,507
11,천지인 오피스텔 앞,종로구,61
11,천호시장 버스정류소 옆,강동구,485
11,천호역 10번 출구 앞,송파구,2309
11,천호역4번출구(현대백화점),강동구,3014
11,천호역효성해링턴타워 앞,강동구,1140
11,천호지하주차장 5번 출입구,강동구,785
11,천호초교 입구 사거리(일주빌딩),강동구,665
11,철도교통관제센터 정문 앞,구로구,1953
11,청계2가 사거리 옆,종로구,984
11,청계3가 사거리,종로구,907
11,청계8가 사거리 B,성동구,1713
11,청계8가사거리 A,종로구,1585
11,청계9가교차로 앞,동대문구,1795
11,청계광장 옆,중구,929
11,청계벽산아파트 앞,성동구,1089
11,청계산 입구 삼거리,서초구,62
11,청계산입구역 1번출구,서초구,1046
11,청계산입구역 2번출구,서초구,184
11,청계천 박물관 앞,성동구,473
11,청계천 생태교실 앞,성동구,2161
11,청계천 영도교,중구,2310
11,청계한신휴플러스앞 삼거리,동대문구,953
11,청구e편한세상아파트 113동 앞,중구,887
11,청구성심병원 앞,은평구,429
11,청구아파트 앞,구로구,938
11,청기와빌딩,양천구,646
11,청년주택 독산동점,금천구,435
11,청년취업사관학교앞,금천구,318
11,청담공원앞 교차로,강남구,715
11,청담나들목입구,강남구,201
11,청담동 맥도날드 옆(위치),강남구,277
11,청담백영빌딩 앞,강남구,195
11,청담사거리(신한오피스텔빌딩 앞),강남구,78
11,청담역 11번 출구,강남구,156
11,청담역 13번 출구 앞,강남구,312
11,청담역 1번출구,강남구,167
11,청담역 2번출구,강남구,133
11,청담역(우리들병원 앞),강남구,237
11,청량리 기업은행 앞,동대문구,2079
11,청량차도 육교 밑,동대문구,493
11,청소년수련관 후문,노원구,2848
11,청소년수련관(수영장)앞,강남구,315
11,청소년음악센터,양천구,532
11,청솔우성아파트 앞,동대문구,1060
11,청암예술학교 앞,노원구,1133
11,청암자이아파트 앞,용산구,600
11,청와대앞길,종로구,171
11,청운초교 앞 삼거리,종로구,576
11,청파동삼거리 앞,용산구,531
11,청파동입구 교차로,용산구,552
11,초롱타운 앞,구로구,205
11,초원아파트 앞,영등포구,547
11,총신대 앞(육교),동작구,97
11,충무로역 1번출구,중구,780
11,충무로역 6번출구 앞,중구,916
11,충북 미래관,영등포구,2287
11,충정2교,서대문구,431
11,충정로역 1번 출구,서대문구,245
11,충정로역 2호선(엘리베이터 앞),중구,520
11,충정로역 3번 출구,서대문구,216
11,충정로역 7번출구 아래,서대문구,400
11,코레일유통본사,영등포구,947
11,코스트코 상봉점,중랑구,1085
11,코오롱One&Only타워,강서구,1365
11,코오롱디지털타워 3차앞,성동구,1331
11,코오롱아파트사거리,마포구,2291
11,코오롱테크노밸리,금천구,246
11,콤텍시스템 앞,영등포구,597
11,크라운호텔앞 버스정류소,용산구,298
11,크린랩 본사,강남구,238
11,탄천1교 하부보도,송파구,410
11,탑골공원 앞,종로구,567
11,탑성마을 버스정거장 옆,서초구,15
11,탑성마을입구,서초구,8
11,태릉선수촌 앞,노원구,66
11,태릉입구역 3번출구,노원구,891
11,태릉입구역 5번출구,노원구,2291
11,태릉입구역 8번출구,노원구,1384
11,태평양물산,구로구,2434
11,테라타워2,송파구,1767
11,테크노마트 앞,구로구,1621
11,퇴계로4가 교차로(중구청),중구,1098
11,트레빌빌딩,강동구,895
11,파르코 앞,노원구,220
11,파스쿠찌 청담사거리점 앞,강남구,171
11,파크타워 104동 앞,용산구,229
11,파크팰리스,종로구,620
11,페코텍글로벌허브빌딩 앞,성동구,1976
11,평생학습관 앞,은평구,822
11,평창동주민센터 앞,종로구,143
11,평화도봉공원 주변,도봉구,610
11,포레나 당산,영등포구,1730
11,포레스 주상복합 빌딩,강동구,1126
11,포르투갈 대사관 앞,종로구,778
11,포스코사거리 서측(수협 삼성동 지점),강남구,356
11,포스코사거리(기업은행),강남구,946
11,포스코피앤에스타워 (역삼역 3번출구 부근),강남구,428
11,폭포동입구 교차로,은평구,243
11,푸르메병원,마포구,1003
11,푸조비즈타워 앞,성동구,1365
11,풍납근린공원,송파구,703
11,풍납동 아이파크 107동 앞,송파구,824
11,풍납백제문화공원 옆 인근,송파구,1701
11,풍납사거리 성내유수지,송파구,583
11,풍납사거리(강동),강동구,1086
11,풍납중학교 측면,송파구,182
11,풍납토성 서성벽터A,송파구,834
11,풍납토성 서성벽터B,송파구,366
11,풍납현대아파트쉼터,송파구,1651
11,풍전아파트 건너편,용산구,688
11,프라이어팰리스아파트,강동구,449
11,프라자 아파트 앞,강동구,592
11,프런트원(공덕역4번출구 앞),마포구,557
11,필동 삼거리,중구,633
11,하계 어린이 공원,노원구,717
11,하계2동 공항버스정류장 옆,노원구,832
11,하계역 4번출구 앞,노원구,998
11,하계역 6번출구,노원구,1300
11,하늘공원 입구,마포구,341
11,하늘숲초등학교 앞,구로구,657
11,하늘채코오롱아파트 건너편,마포구,1200
11,하늘채코오롱아파트 앞,성북구,575
11,하얏트호텔 앞,용산구,63
11,하우스디세종타워 앞,성동구,829
11,하이투자증권 앞,영등포구,1151
11,학동로 래미안 아파트 앞,강남구,242
11,학동역,강남구,398
11,학여울역 1번출구,강남구,145
11,학여울역 사거리,강남구,284
11,학여울역 사거리(LG베스트샵 앞),강남구,477
11,학여울역사거리(은마아파트),강남구,177
11,한가람미술관 앞,서초구,131
11,한가람아파트 앞,용산구,327
11,한강 현대아파트 건너편,동작구,39
11,한강GS에클라트 건너편 교통섬,용산구,447
11,한강공원 망원나들목,마포구,3261
11,한강대교 북단 교차로,용산구,1062
11,한강버스 마곡 선착장,강서구,287
11,한강아파트,강서구,1525
11,한강중학교 앞 버스정류장,용산구,205
11,한강진역 2번 출구 앞,용산구,383
11,한강초교보도육교 앞,용산구,543
11,한강트럼프월드3차 앞,용산구,706
11,한국SGI 양천문화회관 앞,양천구,775
11,한국경제,중구,282
11,한국과학기술연구원 북문,성북구,126
11,한국과학기술연구원 중문,성북구,190
11,한국국방연구원 앞,동대문구,810
11,한국우편사업진흥원,강남구,278
11,한국은행,중구,321
11,한국전력 구로금천지사 앞,금천구,464
11,한국전력공사(동대문 중랑지사),중랑구,666
11,한국종합기술사옥 앞,강동구,1507
11,한국지역난방공사강남지사,강남구,352
11,한국체육대학교,송파구,453
11,한남 유수지 복개주차장,용산구,349
11,한남나들목 입구,용산구,618
11,한남나인원 105동 앞,용산구,182
11,한남초교 앞 보도육교,용산구,78
11,한내 행복발전소 옆,노원구,1672
11,한내근린공원 남측,노원구,509
11,한내근린공원 북측,노원구,616
11,한림대학교 강남성심병원 신관,영등포구,1138
11,한마을아파트 정문상가,구로구,1239
11,한사랑교회 앞,양천구,862
11,한성대7번출구 앞,성북구,478
11,한성대입구역2번출구,성북구,1057
11,한성대입구역6번출구 뒤,성북구,537
11,한성백제역 1번출구 뒤,송파구,1887
11,한성백제역 2번 출구,송파구,1404
11,한신16차아파트 119동 앞,서초구,1166
11,한신아파트 앞 육교 아래,금천구,461
11,한신코아 앞,금천구,276
11,한신휴아파트 앞,구로구,1228
11,한양3차아파트 3동 앞,송파구,164
11,한양대병원사거리,성동구,1003
11,한양대역 1번출구,성동구,654
11,한양대역 3번 출구,성동구,1141
11,한양대후문역 부근,성동구,819
11,한양수자인아파트 앞,중랑구,330
11,한영외국어고등학교,강동구,238
11,한영중고앞사거리,강동구,350
11,한울중학교,금천구,163
11,한일유앤아이아파트 105동 인근,노원구,684
11,한전아트센터 앞,서초구,568
11,한진아파트 입구,구로구,660
11,한천교 동편,노원구,513
11,한티역 3번출구,강남구,284
11,한티역 6번 출구,강남구,405
11,한티역 롯데백화점 앞,강남구,615
11,한화오벨리스크 앞,마포구,616
11,함지박 사거리,서초구,290
11,합정동주민센터 앞,마포구,1400
11,합정역 1번출구 앞,마포구,1112
11,합정역 5번출구 앞,마포구,498
11,합정역 7번출구 앞,마포구,1024
11,항동지구 10단지 1001동 앞,구로구,175
11,항동지구 11단지 1103동 앞,구로구,67
11,항동지구 1단지 105동 앞,구로구,134
11,항동지구 2단지 202동 앞,구로구,112
11,항동지구 3단지 302동 앞,구로구,85
11,항동지구 3단지 311동 앞,구로구,61
11,항동지구 4단지 입구,구로구,119
11,항동지구 6단지 602동 앞,구로구,103
11,항동지구 7단지 정문,구로구,273
11,항동지구 8단지 803동옆(주차장입구),구로구,67
11,항동지구5단지 501동 앞,구로구,174
11,항동프라자,구로구,253
11,항동하버리안2단지아파트 후문,구로구,83
11,해공공원(천호동),강동구,1174
11,해공도서관앞,강동구,562
11,해담는다리,서대문구,1149
11,해뜨는 주유소옆 리엔파크 109동앞,강동구,445
11,해원리바파크 육교 밑,구로구,2025
11,행당동 삼부APT후문,성동구,219
11,행당역 2번출구 앞,성동구,537
11,행당중학교 후문,성동구,338
11,허준박물관삼거리,강서구,878
11,헌인릉 입구,서초구,12
11,헬리오시티 112동 앞,송파구,867
11,헬스케어,노원구,760
11,현대 뜨레비앙 아파트 앞,종로구,873
11,현대 안성타워,용산구,161
11,현대6차 아파트,노원구,1091
11,현대6차아파트 101동 옆,양천구,843
11,현대고등학교 건너편,강남구,613
11,현대그룹(본사),종로구,747
11,현대백화점 미아점,성북구,634
11,현대벤처빌 앞,마포구,189
11,현대성우아파트 옆,강북구,138
11,현대시장사거리,관악구,969
11,현대시티아울렛 가산,금천구,1045
11,현대아파트 앞,구로구,438
11,현대아파트 정문 앞,강남구,278
11,현대자동차 동부서비스센터 주변,성동구,802
11,현대자동차서비스 앞,용산구,393
11,현대하이페리온,양천구,2036
11,현대홈타운 뒷길,광진구,207
11,혜명양로원 담장 옆(2),금천구,244
11,혜화동 로터리,종로구,1035
11,혜화역 1번출구,종로구,1751
11,혜화역 3번출구 뒤,종로구,1153
11,호돌이상가,송파구,478
11,호반써밋,송파구,532
11,호반써밋12단지,송파구,340
11,호암아트홀,중구,126
11,홈플러스 금천점 앞,금천구,582
11,홈플러스 마포점 앞,마포구,1472
11,홈플러스 면목점,중랑구,521
11,홈플러스 상봉점 앞,중랑구,806
11,홈플러스 시흥점 맞은편 다비치안경 앞,금천구,468
11,홈플러스 신내점 앞,중랑구,1469
11,홈플러스 잠실점,송파구,1476
11,홈플러스(강서점),강서구,2063
11,홍남교 버스정류장,서대문구,441
11,홍남교 사거리,서대문구,749
11,홍대입구역 2번출구 앞,마포구,3497
11,홍대입구역 3번출구,마포구,2287
11,홍대입구역 6번출구,마포구,1028
11,홍대입구역 8번출구 앞,마포구,1265
11,홍대입구역 사거리,마포구,1050
11,홍련봉 공원,광진구,450
11,홍연2교 사거리,서대문구,494
11,홍연2교옆,서대문구,371
11,홍은 현대아이파크 아파트 202동 앞,서대문구,427
11,홍은2파출소 옆,서대문구,381
11,홍은도담도서관,서대문구,342
11,홍은동 정원여중 입구,서대문구,449
11,홍은사거리,서대문구,1547
11,홍은센트레빌 아파트 앞,서대문구,274
11,홍익병원앞 교차로,양천구,1141
11,홍익중고 입구,성북구,675
11,홍제교,서대문구,494
11,홍제삼거리 북측,서대문구,672
11,화곡2동주민센터,강서구,736
11,화곡로 입구 교차로,양천구,307
11,화곡본동시장 버스정류장,강서구,396
11,화곡본동시장 입구,강서구,493
11,화곡역 1번 출구 앞,강서구,1427
11,화곡역 6번출구,강서구,1206
11,화곡역 버스정류장,강서구,1143
11,화곡터널입구교차로,강서구,571
11,화랑대역 2번출구 앞,노원구,2010
11,화랑대역 7번출구,중랑구,1430
11,화양 APT(횡단보도 옆),광진구,2621
11,화양동 우체국,광진구,1981
11,화양사거리,광진구,519
11,황금내근린공원,강서구,943
11,황학동롯데캐슬,중구,1517
11,회현사거리 남측,중구,426
11,회현역 1번출구,중구,189
11,회현역 7번출구,중구,226
11,효성인텔리안 앞,강북구,1289
11,효자동 삼거리,종로구,606
11,효창 푸르지오 앞,용산구,284
11,효창공원앞역 3번출구 앞,용산구,1125
11,효창공원앞역 5번출구 옆,용산구,325
11,효창동주민센터 앞,용산구,217
11,훈련원공원주차장 앞,중구,845
11,휘경119안전센터 앞,동대문구,606
11,휘경1동주민센터 앞,동대문구,585
11,휘경2동 주민센터,동대문구,210
11,휘경sk뷰아파트 앞,동대문구,340
11,휘경여중고삼거리,동대문구,917
11,휘문고교 사거리,강남구,184
11,휘봉고등학교 앞,동대문구,690
11,휴플러스 수락한신아파트 101동 앞,노원구,328
11,흑석 아크로리버하임(103동),동작구,79
11,흑석동주민센터 입구,동작구,127
11,흑석동효사정앞,동작구,184
11,흑석롯데캐슬에듀포레(107동),동작구,295
11,흑석역 1번출구,동작구,1025
11,흑석역 4번출구,동작구,418
11,흑석한강푸르지오 106동앞,동작구,32
11,흑석한강푸르지오(110동),동작구,122
11,흥국사 정류장,은평구,102
11,희성오피앙,노원구,588
11,희훈타워빌 앞,구로구,1169
11,힐스테이트에코,강서구,2159
11,힐스테이트창경궁 아파트 앞,종로구,813
11,힐스테이트클래시안아파트,영등포구,817
12,(시립)고덕평생학습관,강동구,348
12,(재)FITI시험연구원,강서구,741
12,3호선 매봉역 3번출구앞,강남구,648
12,419민주묘지역,강북구,304
12,419민주묘지역 1번출구,강북구,438
12,419탑 앞,강북구,198
12,"500번,507번 버스 종점 앞",금천구,60
12,63스퀘어,영등포구,901
12,7호선 이수역7번출구,동작구,473
12,9호선종합운동장역 9번출구,송파구,457
12,AS센터,성동구,7
12,CBS방송국 앞,양천구,2189
12,CJ 드림시티,은평구,1326
12,CJ오쇼핑앞,서초구,61
12,CJ제일제당 앞,중구,612
12,DDP 패션몰,중구,694
12,DMC래미안e편한세상203동옆,서대문구,272
12,DMC빌 앞,마포구,308
12,DMC산학협력연구센터 앞,마포구,553
12,DMC엘가아파트 앞,서대문구,489
12,DMC역 2번출구 옆,마포구,793
12,DMC역 5번 출구(수색역 방향),은평구,689
12,DMC역 9번출구 앞,마포구,1177
12,DMC역7번출구,마포구,301
12,DMC첨단산업센터,마포구,165
12,DMC파크뷰자이1단지 110동 앞,서대문구,343
12,DMC파크뷰자이아파트 302동 앞,서대문구,354
12,DMC홍보관,마포구,603
12,ESA아파트 상가 앞,도봉구,516
12,FITI시험연구원 앞,동대문구,297
12,HID 유족동지회 앞,용산구,43
12,HW컨벤션센터 앞,종로구,48
12,H비즈니스파크,송파구,611
12,H타워 앞,영등포구,1000
12,IBK기업은행 석수역 지점 앞,금천구,56
12,JK장평타워,관악구,86
12,JTBC 앞,마포구,407
12,JW타워,서초구,79
12,K&S빌딩 앞,광진구,765
12,K+ 타워 앞,강남구,245
12,KAIST 경영대학 앞,동대문구,400
12,KBS 스포츠월드,강서구,1200
12,KBS 앞,영등포구,1055
12,KBS 연구동 건너편,영등포구,229
12,KB국민은행 염창역 지점 앞,양천구,536
12,KCC용산웰츠(WELLTZ)타워,용산구,185
12,KEB 하나금융그룹 명동사옥 옆,중구,479
12,KEB은행 고대점,성북구,437
12,KG타워 앞,중구,409
12,KRX한국거래소(1),영등포구,473
12,KT 서초지사 앞,서초구,88
12,KT 전화국 버스정류장 옆,노원구,1746
12,KT&G 관악지점,관악구,310
12,KT&G강동지사,강동구,507
12,KT&G타워 옆(상상마당 대치아트홀),강남구,171
12,KT관악지점,관악구,374
12,KT선릉타워,강남구,521
12,KT앞,영등포구,1188
12,KT플라자 영등포점,영등포구,1030
12,KT혜화지사 앞,종로구,599
12,LG CNS앞,마포구,417
12,LG 사이언스파크,강서구,869
12,LG사이언스파크 E10동,강서구,652
12,LG사이언스파크 E14동,강서구,1258
12,LG사이언스파크 E2동,강서구,355
12,LG사이언스파크 E7동,강서구,566
12,LG사이언스파크 W4동,강서구,382
12,LG유플러스 (방배사옥),서초구,42
12,LG유플러스 마곡사옥,강서구,1675
12,LG전자 별관동(호서대 벤처타워 맞은편),금천구,500
12,LG전자가산A와 가산테라타워 사이,금천구,660
12,LG트윈타워 앞,영등포구,715
12,LG한강 자이아파트 앞,용산구,366
12,LH 서초 4단지 403동,서초구,199
12,LH서초3단지 301동 맞은편,서초구,157
12,LIGA 아파트 앞,강동구,1304
12,LIG강촌아파트 103동앞,용산구,472
12,MBC 앞,마포구,312
12,MCM 본사 직영점 앞,강남구,128
12,NH농협은행 앞,영등포구,1386
12,SBS방송국,양천구,1141
12,SB타워 앞,강남구,139
12,SC제일은행 양재동지점 앞,서초구,199
12,SK 남산빌딩,중구,123
12,SK 서린빌딩 앞,종로구,868
12,SK리쳄블(서울아리수본부),서대문구,206
12,SPC 앞,서초구,316
12,SSTS 몰 앞,강동구,274
12,STX V타워,금천구,282
12,U레지던스 앞,영등포구,463
12,W컨템포오피스텔앞,금천구,69
12,e 편한세상 보문아파트 내,성북구,75
12,e편한세상 상도노빌리티 앞,동작구,245
12,e편한세상 신촌4단지 앞,서대문구,318
12,kt 행당빌딩 앞,성동구,365
12,sk신내 주유소앞(용마산로),중랑구,108
12,가든파이브 리빙관,송파구,114
12,가락1동주민센터,송파구,530
12,가락2동주민센터 인근,송파구,237
12,가락고등학교 앞,송파구,230
12,가락대림아파트 앞,송파구,458
12,가락몰 업무동,송파구,766
12,가락미륭아파트 앞,송파구,117
12,가락본동주민센터 인근,송파구,582
12,가락삼환아파트 앞,송파구,126
12,가락시장 남1문 사거리,송파구,278
12,가락시장역 2번 출구,송파구,546
12,가락시장역 3번 출구,송파구,780
12,가락시장역 5번출구,송파구,216
12,가락시장역 사거리,송파구,541
12,가락쌍용2차아파트 103동,송파구,300
12,가락종합 사회복지관,송파구,217
12,가락중학교 앞,송파구,325
12,가락현대 1차 11동 앞,송파구,163
12,가로공원공영주차장 1번 출구,강서구,613
12,가리봉동주민센터,구로구,651
12,가마산지하보도 옆,구로구,248
12,가산동 주민센터,금천구,696
12,가산디지털단지 9번출구 인근,금천구,1522
12,가산롯데아이티캐슬,금천구,415
12,가산아네스트 오피스텔 앞,금천구,257
12,가양3동 주민센터,강서구,710
12,가양5단지아파트,강서구,14
12,가양레포츠센터 앞,강서구,542
12,가양역 1번출구,강서구,1304
12,가양역 7번출구,강서구,2155
12,가양역 8번출구,강서구,1726
12,가양오토갤러리,강서구,465
12,가양테크노타운,강서구,399
12,가오리역,강북구,475
12,가온문화공원,마포구,741
12,가재울 초등학교,서대문구,609
12,가재울사거리,서대문구,296
12,가좌삼거리,서대문구,459
12,가좌역 4번출구 앞,서대문구,744
12,가좌역1 번출구 앞,마포구,619
12,가좌행복주택 앞,마포구,401
12,갈산문화예술센터,양천구,718
12,갈현1동 주민센터,은평구,145
12,갑을그레이트밸리 앞,금천구,289
12,강남 을지병원 교차로,강남구,149
12,강남경찰서,강남구,466
12,강남구 도시관리공단,강남구,183
12,강남구청,강남구,128
12,강남구청역 2번출구 뒤,강남구,124
12,강남세브란스교차로  래미안그레이튼 104동 앞,강남구,174
12,강남자곡힐스테이트,강남구,241
12,강남중학교 앞,동작구,615
12,강남파이낸스센터앞(역삼역2번출구),강남구,294
12,강남한신휴플러스 6단지,강남구,280
12,강남한양수자인아파트,강남구,342
12,강동경찰서,강동구,1651
12,강동경희대학교병원 입구,강동구,206
12,강동구청 앞,강동구,1537
12,강동구청역 1번 출입구,강동구,1176
12,강동농협 버스정류소 앞(광채빌라),강동구,344
12,강동롯데캐슬퍼스트 아파트(관리동),강동구,295
12,강동리버스트4단지아파트 404동 앞,강동구,128
12,강동리버스트4단지아파트 405동 앞,강동구,130
12,강동리버스트6단지,강동구,198
12,강동리버스트7단지,강동구,189
12,강동리버스트8단지,강동구,185
12,강동리엔파크 13단지(1303동 앞),강동구,297
12,강동리엔파크14단지(1401동 앞),강동구,325
12,강동리엔파크9단지,강동구,219
12,강동세무서,강동구,1126
12,강동역 1번출구 앞,강동구,780
12,강동역3번출구,강동구,1352
12,강변그대가리버뷰 입구 맞은편,강동구,404
12,강변삼성래미안,영등포구,584
12,강변삼성스위트아파트 앞,용산구,154
12,강변아파트 310동 앞,강서구,379
12,강변역 4번출구 뒤,광진구,633
12,강북 청소년 문화정보도서관 앞,강북구,162
12,강북구청 뒷편,강북구,137
12,강북구청 사거리 버스정류소 앞,강북구,437
12,강북구청사거리,강북구,531
12,강북구청사거리(수유역 8번출구),강북구,987
12,강북문화예술회관,강북구,575
12,강북문화정보도서관,강북구,153
12,강북종합시장 앞,강북구,407
12,강북중학교 앞,강북구,557
12,강서공업고등학교 앞,강서구,510
12,강서구립등빛도서관,강서구,1790
12,강서구민올림픽체육센터,강서구,1040
12,강서구보건소,강서구,316
12,강서구의회,강서구,857
12,강서구청,강서구,1399
12,강서구청사거리(SH타워),강서구,1313
12,강서구청사거리(부민병원),강서구,606
12,강서대학교,강서구,197
12,강서도로사업소,강서구,181
12,강서면허시험장 앞,강서구,189
12,강서문화센터,강서구,116
12,강서세무서 앞,강서구,1563
12,강서수도사업소민원센터,구로구,717
12,강서수산물도매시장,강서구,675
12,강서아동복지센터,강서구,74
12,강서우체국,강서구,655
12,강서초등학교,양천구,227
12,강서한강자이타워 앞,강서구,1449
12,강서힐스테이트 상가 앞,강서구,405
12,강월초교입구 사거리,양천구,311
12,강일 다솜 어린이 공원,강동구,103
12,강일동 리슈빌 빌딩앞,강동구,526
12,강일동입구교차로,강동구,132
12,강일리버파크 10단지,강동구,231
12,강일리버파크 2~5단지,강동구,250
12,강일리버파크 6단지,강동구,117
12,강일리버파크 7~11단지,강동구,155
12,강일역 3번출구,강동구,249
12,강일역 4번출구,강동구,162
12,"강일중,선사고 버스정류장(신암중학교 방면)",강동구,419
12,개롱역 3번 출구 뒤,송파구,350
12,개롱역사거리 2번 출구,송파구,372
12,개봉센트레빌레우스아파트 앞,구로구,50
12,개봉아이파크아파트 앞,구로구,352
12,개봉역 1번 출구 자전거보관서쪽,구로구,286
12,개봉역2번출구 A,구로구,773
12,개봉역2번출구 B,구로구,148
12,개봉지구대 개봉치안센터,구로구,366
12,개봉푸르지오아파트 상가,구로구,761
12,개포고등학교 정문앞,강남구,318
12,개포동역 4번출구,강남구,302
12,개포동역 사거리,강남구,243
12,개포래미안포레스트아파트 107동 앞,강남구,353
12,개포우성6차아파트 정문 앞,강남구,183
12,개화광역환승센터,강서구,132
12,개화산역 2번 출구,강서구,410
12,거여5단지 503동 앞,송파구,224
12,거여동 사거리,송파구,169
12,거여동 어울림아파트  102동앞,송파구,235
12,거여동사거리 송파둘레길 입구,송파구,75
12,거여역 3번출구,송파구,578
12,거여역 8번출구 뒤,송파구,581
12,거여초등학교 옆,송파구,283
12,건국대학교 (입학정보관),광진구,824
12,건국대학교 (행정관),광진구,344
12,건국대학교 과학관(이과대) 앞,광진구,437
12,건국대학교 정문 앞,광진구,556
12,건국대학교 학생회관,광진구,1271
12,건대병원후문,광진구,1902
12,건대입구역 5번출구 뒤,광진구,2344
12,건대입구역 사거리(롯데백화점),광진구,2509
12,건영상가 앞,영등포구,187
12,건영아파트 앞,성동구,1028
12,건영아파트앞 사거리,송파구,631
12,겸재교 진입부,중랑구,880
12,겸재정선미술관,강서구,604
12,경기여자고등학교 후문 (삼성로3길 입구),강남구,301
12,경문고등학교 앞,동작구,297
12,경복궁역 6번출구 뒤,종로구,958
12,경복궁역 7번출구 앞,종로구,491
12,경서농협 버스정류장(우리은행신정동지점방향),양천구,544
12,경일중학교 앞,성동구,1047
12,"경찰병원역 1,2번 출구 사이",송파구,261
12,경찰병원역 3번출구 앞,송파구,591
12,경창시장,양천구,385
12,경희궁 자이 2단지,종로구,544
12,경희궁 자이 3단지,종로구,435
12,경희대학교 청운관,동대문구,473
12,계남공원 입구 주출입구 좌측,양천구,87
12,고대구로병원 앞,구로구,403
12,고대앞사거리 교통섬,동대문구,599
12,고덕 래미안 힐스테이트(101동),강동구,155
12,고덕 래미안힐스테이트(201동),강동구,44
12,고덕동 래미안 힐스테이트,강동구,132
12,고덕동 아남아파트,강동구,428
12,고덕동 주양쇼핑,강동구,418
12,고덕센트럴 아이파크상가 앞,강동구,199
12,고덕숲 아이파크 1,강동구,64
12,고덕숲 아이파크 2,강동구,58
12,고덕역 5번출구,강동구,628
12,고덕자이(105동 앞),강동구,430
12,고덕초등학교,강동구,70
12,고려대학교 2번출구,성북구,900
12,고려사대부속중고 건너편,성북구,152
12,고려사대부속중고 정문,성북구,75
12,고속터미널역 3번출구,서초구,206
12,고속터미널역 5번출구 앞,서초구,271
12,"고속터미널역 8-1번, 8-2번 출구 사이",서초구,1063
12,고척LIGA아파트 앞,구로구,803
12,고척교 교차로,구로구,162
12,고척근린공원 고척도서관 앞,구로구,442
12,고척스카이돔구장 광장,구로구,408
12,고척아이파크아파트 106동 앞,구로구,396
12,고척아이파크아파트 205동 앞,구로구,381
12,고투몰 gate 15옆,서초구,403
12,곰달래 문화복지센터 A,강서구,824
12,곰달래 문화복지센터 B,강서구,263
12,공덕역 2번출구,마포구,423
12,공덕역 5번출구,마포구,497
12,공덕역 8번출구,마포구,1001
12,공릉1단지아파트,노원구,1375
12,공릉동 신도1차 아파트 뒤,노원구,459
12,공릉동풍림아파트 101동,노원구,634
12,공릉로 26길,노원구,332
12,공릉산 백세문 입구,노원구,76
12,공릉역 1번 출구 앞,노원구,1655
12,공릉역3번출구,노원구,929
12,공릉풍림아파트 108동,노원구,565
12,공무원연금매점 교차로 (개포주공9단지 입구),강남구,395
12,공항시장역 2번출구 뒤,강서구,1011
12,공항시장역 4번출구,강서구,355
12,공항중학교 버스정류장,강서구,323
12,공항중학교앞,강서구,748
12,공항초등학교건너편,강서구,1483
12,과기대 입구(우),노원구,1060
12,관문주유소(GS칼택스) 앞,강서구,720
12,관악 GSfresh,관악구,284
12,관악구민체육센터,관악구,242
12,관악구시설관리공단,관악구,633
12,관악구청교차로,관악구,225
12,관악우체국,관악구,762
12,관악우체국 교차로,관악구,212
12,광교사거리 남측,중구,469
12,광나루안전체험관,광진구,618
12,광나루역 3번 출구,광진구,760
12,광남중학교,광진구,288
12,광문고교사거리(아이파크),강동구,256
12,광산사거리,강북구,614
12,광양중학교 앞,광진구,221
12,광운대역 앞,노원구,704
12,광운대학교 중앙도서관,노원구,780
12,광운초등학교 앞,성북구,328
12,광일빌딩,관악구,401
12,광진 캠퍼스시티,광진구,1133
12,광진경찰서,광진구,1388
12,광진광장,광진구,935
12,광진광장 교통섬,광진구,1491
12,광진교 남단 사거리(천호공원 방면),강동구,456
12,광진구 민방위교육센터,광진구,543
12,광진메디칼 앞,광진구,630
12,광진문화예술회관 앞,광진구,913
12,광진소방서 앞,광진구,558
12,광진유진스웰,광진구,46
12,광진정보도서관,광진구,407
12,광진청소년수련관,광진구,668
12,광평교사거리 인근,송파구,11
12,광화문 S타워 앞,종로구,1186
12,광화문 풍림스페이스본 1단지앞,종로구,315
12,광화문역 1번출구 앞,종로구,1235
12,광화문역 5번출구,종로구,951
12,광화문역 6번출구 옆 A,종로구,428
12,광화문역 6번출구 옆 B,종로구,251
12,광흥창역 2번출구 앞,마포구,302
12,광흥창역5번출구,마포구,149
12,광희문,중구,519
12,교대역 5번출구뒤,서초구,597
12,교대역 6번출구,서초구,298
12,교대입구 교차로,서초구,218
12,교보생명보험 앞,영등포구,613
12,교보타워 버스정류장(신논현역 3번출구 후면),강남구,400
12,교수마을 입구,강남구,130
12,구 서부경찰서 건너편,은평구,396
12,구기치안센터 앞,종로구,62
12,구로1동우체국 앞,구로구,117
12,구로거리공원 동측(신도림역 방면),구로구,507
12,구로공구상가 앞,구로구,101
12,구로교 아래,동작구,563
12,구로구배드민턴실내체육관 앞,구로구,212
12,구로구의회 앞,구로구,564
12,구로구청,구로구,631
12,구로도서관,구로구,1434
12,구로동롯데아파트,구로구,356
12,구로디지털단지역 앞,구로구,3046
12,구로리공원,구로구,557
12,구로역 광장,구로구,1127
12,구로역·NC신구로점 버스정류장(구로역 방면),구로구,780
12,구로월드아파트 앞,구로구,500
12,구로자원순환센터,구로구,39
12,구로중학교앞,구로구,225
12,구룡근린공원,마포구,144
12,구룡마을 입구 (래미안블레스티지 아파트),강남구,164
12,구룡사 삼거리,서초구,118
12,구룡사 앞 교차로 (보도육교),강남구,29
12,구룡산 입구 (구룡산 서울둘레길 입구),강남구,96
12,구룡역 1번 출구,강남구,131
12,구룡역 4번 출구,강남구,57
12,구룡역 5번 출구,강남구,121
12,구룡초사거리 (현대아파트10동 앞 ),강남구,211
12,구룡터널 입구(개포1단지아파트),강남구,16
12,구립수락노인종합복지관,노원구,47
12,구립양천어르신요양센터,양천구,47
12,구산역 2번 출구 예일여고 버스정류장,은평구,508
12,구산역 4번출구,은평구,567
12,구암초등학교 버스정류장,관악구,113
12,구역삼세무서 교차로,강남구,364
12,구의3동주민센터,광진구,187
12,구의7단지현대아파트,광진구,119
12,구의공원(테크노마트 앞),광진구,941
12,구의문주차장 앞,광진구,807
12,구의삼성쉐르빌 앞,광진구,1215
12,구의아리수정수센터앞,광진구,315
12,구의역 리버비스타 오피스텔,광진구,1447
12,구일고등학교 정문,구로구,957
12,구일역 1번 출입구 앞,구로구,582
12,구일우성(아) 육교 밑,구로구,598
12,구파발10단지 인근,은평구,83
12,구파발역 2번출구,은평구,849
12,구파발역 환승센터,은평구,271
12,국군복지단,용산구,113
12,국립국악원 앞,서초구,79
12,"국립국악중,고교 정문 맞은편",강남구,419
12,국립어린이과학관,종로구,241
12,국립중앙도서관(국제회의장옆),서초구,105
12,국립중앙박물관 -용산가족공원 앞,용산구,95
12,국립중앙박물관 정문 앞,용산구,93
12,국립항공박물관,강서구,291
12,국립현대미술관,종로구,412
12,국민연금공단충정로사옥,서대문구,129
12,국민은행 연서지점,은평구,268
12,국민은행 종암동지점 앞,성북구,1112
12,국민일보 앞,영등포구,1400
12,국악고교 앞 교차로,강남구,140
12,국제 스케이트장,노원구,119
12,국제루터교회 앞,용산구,59
12,국제빌딩,중구,218
12,국회2문,영등포구,64
12,국회3문,영등포구,55
12,국회6문,영등포구,74
12,국회도서관,영등포구,243
12,국회소통관,영등포구,142
12,국회의사당 본관,영등포구,218
12,국회의사당역 3번출구 옆,영등포구,801
12,국회의사당역 5번출구 옆,영등포구,455
12,국회의원회관,영등포구,108
12,국회제2의원회관,영등포구,199
12,군자교 서측 녹지대,동대문구,696
12,군자교교차로,광진구,482
12,군자역 7번출구 베스트샵 앞,광진구,817
12,군자역 7번출구뒤,광진구,2044
12,군자역 비채온 오피스텔,광진구,660
12,군자역2번출구,광진구,845
12,군자역4번출구,광진구,512
12,군자지하보도 앞,성동구,621
12,굽은다리역,강동구,1655
12,궁동생태공원,구로구,61
12,그랜드아이파크아파트 앞,강서구,2276
12,그랜드컨벤션센터 앞,영등포구,953
12,그룹한빌딩옆,서초구,89
12,극동늘푸른아파트,중랑구,604
12,극동방송국 앞,마포구,489
12,극동스포츠 앞,강남구,196
12,극동아파트,송파구,354
12,극동의 푸른별 아파트 뒤(중계4동주민센터 앞),노원구,432
12,근로자회관 사거리,영등포구,1822
12,금강수목원아파트 앞,구로구,242
12,금남시장 교차로,성동구,202
12,금란주차장 앞,중랑구,421
12,금암 문화공원,은평구,40
12,금옥여고보도육교,양천구,208
12,금원빌딩 앞,강남구,197
12,금융감독원 앞,영등포구,737
12,금천구립 독산도서관,금천구,65
12,금천구청 앞 자전거거치대,금천구,168
12,금천구청앞(M빌딩),금천구,146
12,금천구청역 1번 출구,금천구,328
12,금천폭포공원 앞,금천구,38
12,금천현대홈타운 후문 서부샛길,금천구,357
12,금호 어울림 아파트 앞,성동구,358
12,금호나들목,성동구,366
12,금호사거리,성동구,134
12,금호스포츠센터앞,성동구,212
12,금호어울림센터힐 내,성북구,100
12,금호역 1번출구 앞,성동구,111
12,금호역 3번출구,성동구,78
12,기쁜우리복지관,강서구,1069
12,기아자동차 사당점 앞,동작구,424
12,기자촌 사거리 A,은평구,35
12,기자촌사거리 B,은평구,59
12,길동 동호빌딩,강동구,224
12,길동 마루빌딩,강동구,1524
12,길동 사거리(초소앞),강동구,545
12,길마중4교 하부,서초구,344
12,길성그랑프리텔아파트,강서구,1404
12,길음8골어린이공원 옆,성북구,293
12,길음뉴타운 래미안9단지,성북구,277
12,길음뉴타운푸르지오아파트 3단지,성북구,20
12,길음래미안아파트817동 상가 앞,성북구,130
12,길음문화복합미디어센터,성북구,164
12,길음역 3번출구 뒤,성북구,532
12,김근태도서관,도봉구,103
12,김포공항사거리,강서구,205
12,김포공항입구 교차로,강서구,714
12,김포공항입구 교통섬,강서구,220
12,까치산역 3번 출구,강서구,771
12,꿈마루어린이도서관 앞,동대문구,627
12,꿈의숲 SK뷰 아파트,노원구,560
12,꿈의숲 롯데캐슬,강북구,152
12,나들목공원,관악구,160
12,나루마당,광진구,113
12,나이아가라관광호텔,강서구,271
12,낙성대 과학전시관,관악구,144
12,낙성대 교수아파트,관악구,48
12,낙성대공원,관악구,46
12,낙성대로 입구,관악구,229
12,낙성대역 1번출구,관악구,169
12,낙성대역 3번출구 뒤,관악구,317
12,낙성대역 5번출구,관악구,146
12,낙성대입구삼거리,관악구,221
12,낙원교회 맞은편,구로구,142
12,낙원상가 옆,종로구,628
12,난곡사거리,관악구,535
12,난곡종점,관악구,134
12,난우길입구,관악구,305
12,남가좌동 제2공영주차장,서대문구,54
12,남구로역 5번 출입구 앞,구로구,270
12,남부고용노동지청 남측,영등포구,969
12,남부법원검찰청 교차로,양천구,1082
12,남부순환로 205,강서구,263
12,남부터미널역 1번출구,서초구,224
12,남산공원 야외식물원 앞,용산구,55
12,남산도서관 앞,용산구,303
12,남산타운아파트 버스정류장,중구,69
12,남서울중학교,관악구,398
12,남성역3번출구 뒤,동작구,572
12,남영역 건너편,용산구,617
12,남태령역 2번출구,서초구,43
12,내곡3단지 어린이공원 앞,서초구,244
12,내곡도서관,서초구,107
12,내곡파출소 뒤 정자,서초구,56
12,내방역 8번출구 앞,서초구,241
12,넥센 유니버시티 앞,강서구,824
12,"노들섬 다목적홀(동쪽) 숲, 앞",용산구,87
12,노들섬 동측 앞,용산구,66
12,노들섬 서측 앞,용산구,399
12,노들역 1번출구,동작구,797
12,노들역 3번출구,동작구,330
12,노량진1동 청소년독서실,동작구,142
12,노량진근린공원,동작구,97
12,노량진근린공원 대방공원,동작구,253
12,노량진역 2번 출구 앞,동작구,450
12,노량진역 5번출구,동작구,1084
12,노보텔 앰배서더 앞,강남구,100
12,노원 마들스타디움,노원구,318
12,노원 을지대학교 병원,노원구,905
12,노원경찰서교차로,노원구,725
12,노원구청,노원구,881
12,노원문화예술회관,노원구,983
12,노원성당 앞,노원구,249
12,노원소방서인근,노원구,351
12,노원역1번출구,노원구,2264
12,노원역7번출구,노원구,1155
12,노원정보도서관,노원구,595
12,노일초등학교 앞,노원구,410
12,녹번 힐스테이트상가앞,은평구,49
12,녹번역 3번출구,은평구,595
12,녹번역1번출구앞,은평구,175
12,녹번역e편한세상 캐슬 정문 앞,은평구,284
12,녹번초등학교(서오릉로),은평구,314
12,녹사평역1번출구,용산구,192
12,녹사평역3번 출구,용산구,91
12,녹천교 앞 사거리,도봉구,451
12,녹천역 1번출구 앞,도봉구,273
12,녹천역 4번 출구 옆,노원구,265
12,논골사거리(금호도서관 입구),성동구,127
12,논현동 광명빌딩 앞,강남구,100
12,논현동가구거리,강남구,126
12,논현역 10번출구,강남구,502
12,농수산식품공사 (강서지사),강서구,172
12,농협생명본사빌딩 서관,서대문구,231
12,누리꿈스퀘어 옆,마포구,974
12,뉴코아 킴스클럽 앞,서초구,438
12,늘푸른공원 앞,중랑구,314
12,능골근린공원,강동구,272
12,능산삼거리,중랑구,171
12,능안마을입구,서초구,13
12,다락원체육공원 전망대 입구,도봉구,136
12,다성이즈빌아파트(호원대 대각선 맞은편),강동구,1817
12,달맞이공원,성동구,23
12,답십리 래미안엘파인아파트 입구,동대문구,381
12,답십리역 1번출구,동대문구,1558
12,답십리역 6번출구,성동구,417
12,답십리역 8번출구 앞,성동구,220
12,답십리파크자이아파트 앞,동대문구,1259
12,당고개공원 대여소,노원구,149
12,당고개입구 오거리,노원구,190
12,당고개입구오거리 당현천변,노원구,464
12,당곡사거리,관악구,1219
12,당산skv1센터,영등포구,778
12,당산롯데캐슬프레스티지,영등포구,1240
12,당산삼성2차아파트,영등포구,1137
12,당산역 10번출구 앞,영등포구,1996
12,당산역11번출구,영등포구,1693
12,당산육갑문,영등포구,1152
12,당인리발전소 공원 앞,마포구,384
12,당현천근린공원,노원구,723
12,대광고등학교,동대문구,668
12,대광빌딩,동대문구,250
12,대륜E&S 서울지사 앞,노원구,309
12,대륭테크노타운 18차,금천구,238
12,대륭테크노타운21차 앞,금천구,339
12,대륭포스트타워1차,구로구,928
12,대륭포스트타워5차,금천구,226
12,대륭포스트타워6차 앞,금천구,2453
12,대림3동사거리,영등포구,555
12,대림경동아파트앞,강서구,732
12,대림동 e편한세상영등포아델포레,영등포구,1036
12,대림동현대2차 201동 앞,영등포구,118
12,대림사거리(동작상떼빌아파트),동작구,542
12,대림성원상떼빌아파트,영등포구,716
12,대림신동아아파트 앞,영등포구,434
12,대림아크로리버 앞,광진구,355
12,대림아파트 사거리,영등포구,215
12,대림아파트 후문 상가 옆,동작구,216
12,대림역 1번 출입구 밑,구로구,544
12,대림역4번출구,구로구,1015
12,대림우성2차아파트,영등포구,254
12,대림우성아파트 사거리,영등포구,242
12,대명초교입구 사거리,강동구,520
12,대모산입구역 2번출구 앞,강남구,200
12,대모산입구역 4번 출구 앞,강남구,619
12,대모산입구역 7번 출구 앞,강남구,74
12,대방역2번출구,동작구,480
12,대방역6번출구,영등포구,1290
12,대방지하보도(대방동경남아너스빌아파트),동작구,552
12,대상연구소,강서구,293
12,대성유니드아파트,양천구,414
12,대신파이낸스센터,중구,580
12,대영중고 후문,영등포구,644
12,대원빌딩,강서구,773
12,대원중고교 입구(대하빌딩),광진구,185
12,대진고교앞 교차로,노원구,524
12,대진고등학교,노원구,546
12,대청역,강남구,299
12,대청역 1번출구  뒤,강남구,533
12,대치동 삼성로,강남구,266
12,대치삼성아파트 앞 교차로,강남구,369
12,대치역 7번출구,강남구,514
12,대치역 사거리,강남구,321
12,대치우성아파트 사거리,강남구,256
12,대학동 고시촌,관악구,302
12,대학동주민센터,관악구,314
12,대학로 마로니에공원,종로구,1079
12,대한무역투자진흥공사 KOTRA 앞,서초구,485
12,대한상공회의소,중구,744
12,대한항공 인력개발센터,강서구,623
12,대현그린타워,강남구,97
12,대흥역 1번출구,마포구,445
12,더라움,강남구,83
12,더리브골드타워,강서구,334
12,더리브오피스텔 앞,영등포구,719
12,더스페이스타워 앞,성동구,565
12,더시그넘하우스 앞,강남구,212
12,더케이호텔 입구(양재2),서초구,488
12,도곡1동 주민센터 교차로,강남구,335
12,도곡동 경남아파트 건너편,강남구,189
12,도곡동 골프 로데오거리,강남구,169
12,도곡역 1번 출구,강남구,421
12,도곡역 대치지구대 방향,강남구,259
12,도곡역 아카데미스위트 앞,강남구,662
12,도깨비시장,노원구,984
12,도동삼거리,중구,48
12,도림고가도로 밑,영등포구,426
12,도림동배드민턴체육관,영등포구,535
12,도림사거리,영등포구,581
12,도림신협 앞,영등포구,912
12,도림천 건널목 위,영등포구,576
12,도림천역 1번 출구 앞,구로구,767
12,도봉경찰서 교차로,도봉구,495
12,도봉고등학교 맞은편,도봉구,105
12,도봉구민회관,도봉구,610
12,도봉구육아종합지원센터(창동),도봉구,12
12,도봉구청 옆(중랑천변),도봉구,467
12,도봉구청 정문앞,도봉구,651
12,도봉동실내스포츠센터,도봉구,239
12,도봉로 534,도봉구,169
12,도봉문화정보도서관 삼거리,도봉구,114
12,도봉보건소사거리,도봉구,691
12,도봉산광역환승센터앞,도봉구,160
12,도봉산역 교차로 앞,도봉구,60
12,도봉세무서 앞,강북구,351
12,도봉소방서 옆,도봉구,894
12,도봉아이나라도서관 앞,도봉구,460
12,도봉여성센터,도봉구,126
12,"도봉역 1,2번 출구사이 건너편",도봉구,442
12,도봉운전면허시험장 버스정류장 옆,노원구,580
12,도봉제1교,도봉구,363
12,도봉통합복지센터 뒤 중랑천 변,도봉구,731
12,도봉한신아파트 버스정류장,도봉구,389
12,도봉한신아파트 주변,도봉구,258
12,도산공원교차로,강남구,210
12,도선동 주민센터 앞,성동구,761
12,도심공항타워 앞,강남구,396
12,도원맨션,관악구,267
12,독립문 앞,서대문구,259
12,독립문역 2번출구 뒤,종로구,146
12,독립문역 3-1번출구,종로구,515
12,독립문역 사거리,종로구,502
12,독바위역,은평구,201
12,독산2동주민센터 앞,금천구,114
12,독산3동주민센터 앞,금천구,260
12,독산고등학교,금천구,161
12,독산근린공원 입구,금천구,595
12,독산동 한양수자인아파트 앞,금천구,336
12,독산동 현대홈타운 금천과선교 앞,금천구,161
12,독산보도육교 앞 자전거 보관소,금천구,454
12,독산역 1번출구 A,금천구,375
12,독산역 2번출구 자전거주차장,금천구,714
12,독산역 롯데캐슬 104동 앞,금천구,199
12,독산역1번출구 B,금천구,904
12,독산주공 14단지 버스정류소,금천구,89
12,돈암삼성풍림아파트,성북구,83
12,돈암성당 옆,성북구,682
12,돈암육교 하단,성북구,123
12,돈암초교 입구,성북구,350
12,돈암초교입구 버스정류장(한성대입구역 방면),성북구,311
12,돈의문 박물관 마을,종로구,276
12,돌곶이역 앞,성북구,859
12,동대문 종합시장 버스정류장,종로구,382
12,동대문경찰서 교차로,동대문구,559
12,동대문구 보건소,동대문구,1136
12,동대문구민체육센터 (육교아래),동대문구,632
12,동대문디자인플라자,중구,814
12,동대문롯데캐슬아파트 앞,동대문구,867
12,동대문역 8번 출구,종로구,1028
12,동대문역6번출구,종로구,995
12,동대문역사문화공원역 1번출구 뒤편,중구,897
12,동대문역사문화공원역 5번출구,중구,458
12,동대문역사문화공원역 9번출구 앞,중구,280
12,동대문중 교차로,동대문구,502
12,동대입구역 3번 출구,중구,207
12,동대입구역 6번출구 뒤,중구,261
12,동명근린공원 진입로 (아리수로),강동구,137
12,동묘앞역 1번출구 뒤,종로구,1630
12,동묘앞역 6번출구,종로구,1087
12,동문굿모닝탑,양천구,1325
12,동방1교,관악구,419
12,동부센트레빌 앞,도봉구,584
12,동부시장 북문 앞,중랑구,894
12,동빙고근린공원,용산구,185
12,동산어린이공원 앞,성북구,557
12,동서울농협 앞,중랑구,716
12,동서울우편집중국 앞,광진구,521
12,동선고가차도 초입,성북구,207
12,동선아파트 앞,구로구,106
12,"동성1,2차 아파트 앞",중랑구,554
12,동성중학교 앞,종로구,255
12,동신병원 맞은편,서대문구,442
12,동신아파트 후문 옆,노원구,1476
12,동아1차APT105동 버스정류장(신도림중학교 방면),구로구,588
12,동아에코빌입구,영등포구,570
12,동양미래대학교 정문 옆,구로구,1231
12,동양쇼핑 정류소 앞,중랑구,761
12,동양엔파트 앞,중랑구,454
12,동영문화센터앞,강남구,213
12,동원베네스트 건너편,용산구,88
12,동원베네스트 건물 앞,중랑구,187
12,동원사거리,중랑구,236
12,동원사거리 행복오피스텔 앞,중랑구,274
12,동의보감타워,동대문구,863
12,동인오피스텔 건너편 소공원,구로구,174
12,동일로 지하차도,중랑구,719
12,동일로58길 입구,광진구,292
12,동작경찰서,동작구,676
12,동작구민 체육센터,동작구,472
12,동작역 5번출구 동작주차공원,동작구,133
12,동작역 7번출구,동작구,89
12,동해문화예술관앞,노원구,1302
12,두산건설 본사,강남구,46
12,두산대림아파트 삼거리,중랑구,195
12,두산위브아파트,영등포구,230
12,두산위브아파트 옆 상가건물 앞,금천구,406
12,두상빌딩 앞,서초구,707
12,둔촌 주공 GS 맞은편,강동구,367
12,둔촌고교입구 교차로(길동주민센터 방면),강동구,737
12,둔촌동역교차로,강동구,701
12,둔촌사거리,강동구,1230
12,둔촌신성미소지움아파트,강동구,470
12,둔촌어린이공원,강동구,50
12,둔촌역 2번출구,강동구,298
12,둔촌역 3번 출입구,강동구,1835
12,둔촌오륜역 1번 출구,강동구,264
12,둔촌오륜역 2번출구,송파구,165
12,둔촌푸르지오아파트,강동구,677
12,뒷벌공원 옆,서초구,562
12,드래곤타워 앞,강북구,463
12,등나무 근린공원(시립북서울미술관 앞),노원구,1336
12,등촌1-10단지 교차로,강서구,2136
12,등촌2동주민센터,강서구,156
12,등촌2파출소,강서구,268
12,등촌5단지아파트 버스정류장,강서구,1600
12,등촌9단지,강서구,554
12,등촌서광아파트,강서구,1588
12,등촌역 1번출구,강서구,538
12,등촌역 4번 출구,양천구,255
12,등촌역 5번 출구 뒤,양천구,323
12,등촌역 7번출구,강서구,793
12,등촌역 센터스퀘어,강서구,500
12,등촌태영아파트,강서구,424
12,디지털매직스페이스,마포구,913
12,디지털미디어 시티역 4번출구(DMC역),은평구,363
12,디지털입구 교차로,구로구,1078
12,디폴리스 지식산업센터,금천구,270
12,뚝도아리수정수센터 버스정류소 옆,성동구,186
12,뚝섬 유원지역,광진구,781
12,뚝섬역 1번 출구 옆,성동구,955
12,뚝섬역 5번 출구 정류소 옆,성동구,634
12,뚝섬역 6번출구,성동구,814
12,라이품 공영주차장 앞,강서구,495
12,라인프랜즈이태원점 앞,용산구,36
12,라코지스테이 앞,중랑구,204
12,래미안 강동팰리스(102동),강동구,501
12,래미안 구의파크 스위트,광진구,1095
12,래미안 루센티아 아파트 108동 앞,서대문구,440
12,래미안 솔베뉴(고덕로),강동구,318
12,래미안 솔베뉴(구천면로),강동구,244
12,래미안강남힐즈 사거리,강남구,265
12,래미안그레이튼102동앞,강남구,105
12,래미안금호하이리버 아파트 102동 옆,성동구,113
12,래미안라센트아파트 103동 앞,성북구,651
12,래미안신공덕3차아파트,마포구,38
12,래미안에스티움 앞 (신풍로),영등포구,595
12,래미안월곡아파트 입구,성북구,541
12,래미안장위퍼스트하이(513동),성북구,537
12,래미안장위포레카운티(102동),성북구,366
12,래미안허브리츠아파트 앞,동대문구,298
12,레베쌍트 빌딩 앞,강남구,175
12,레이크펠리스101동앞,송파구,1315
12,로고스교회 맞은 편,서초구,243
12,로제우스 레포츠센터,종로구,83
12,로프트시티오피스텔,영등포구,692
12,롯데 R&D 센터,강서구,203
12,롯데시티호텔,중구,233
12,롯데월드타워(잠실역2번출구 쪽),송파구,3202
12,롯데중앙연구소,강서구,208
12,롯데캐슬 101동 앞,동작구,83
12,롯데캐슬 115동앞,강동구,67
12,롯데캐슬 앞,영등포구,891
12,롯데캐슬2차 마을버스 정류장(18804) 뒤편,금천구,178
12,롯데캐슬골드파크1차 동문,금천구,335
12,롯데캐슬골드파크1차 서문,금천구,309
12,롯데캐슬골드파크3차 301동 앞,금천구,316
12,롯데캐슬시그니처아파트 앞,노원구,210
12,롯데캐슬엠파이어 옆,영등포구,1176
12,롯데캐슬클라시아 입구 앞,성북구,63
12,롯데하이마트 (상암월드컵점),마포구,160
12,롯데호텔,중구,222
12,르네상스 호텔 사거리 역삼지하보도 7번출구 앞,강남구,254
12,르네상스호텔사거리 역삼지하보도 2번출구,강남구,170
12,르네상스호텔사거리 역삼지하보도 3번출구 앞 (더 오번 빌딩 명동칼국수 앞),강남구,200
12,르노삼성자동차 성수사업소 앞,성동구,461
12,리버뷰신안인스빌1차 후문,영등포구,686
12,리버뷰신안인스빌2차 후문,영등포구,658
12,리센츠아파트,송파구,748
12,리엔파크 2단지 앞,강남구,141
12,마곡 MICE 복합단지,강서구,1227
12,마곡 공공청사,강서구,1469
12,마곡 엠밸리2단지,강서구,964
12,마곡 필네이처,강서구,1233
12,마곡13단지,강서구,1547
12,마곡13단지 정문 앞,강서구,1911
12,마곡13단지힐스테이트마스터 후문(1320동 앞),강서구,1605
12,마곡14단지 1408동앞,강서구,974
12,마곡9단지 907동앞,강서구,736
12,마곡9단지 910동 상가앞,강서구,736
12,마곡금호어울림아파트,강서구,606
12,마곡나루역 2번 출구,강서구,6779
12,마곡나루역 3번 출구,강서구,4044
12,마곡나루역 5번출구 뒤편,강서구,4453
12,마곡레포츠센터,강서구,762
12,마곡메가박스 앞,강서구,1173
12,마곡문화공원,강서구,1521
12,마곡센트럴타워 1차,강서구,1199
12,마곡수명산 1-2단지,강서구,947
12,마곡수명산파크 209동 건너편,강서구,1199
12,마곡수명산파크1단지,강서구,895
12,마곡수명산파크3단지 교차로,강서구,1734
12,마곡수명산파크5-6단지,강서구,921
12,마곡수명산파크7단지 710동 앞,강서구,330
12,마곡엠밸리 15단지(1502동) 건너편,강서구,1307
12,마곡엠밸리10단지 앞,강서구,672
12,"마곡엠밸리14단지 버스정류장(마곡엠밸리11,12단지상가방면)",강서구,1431
12,마곡엠밸리4단지 정문,강서구,1885
12,마곡엠밸리6_7단지 마곡중학교,강서구,1133
12,마곡역 7번출구,강서구,2583
12,마곡역 교차로(2번출구),강서구,1417
12,"마곡역 버스정류장(마곡나루역1번출구, 웰튼병원 방면)",강서구,1601
12,마곡역1번출구,강서구,2063
12,마곡역4번출구,강서구,952
12,마곡역5번출구앞,강서구,834
12,마곡역교차로,강서구,2046
12,마곡중학교 후문,강서구,577
12,마곡힐스테이트 정문,강서구,809
12,마들역 3번출구,노원구,797
12,마들역 7번출구,노원구,751
12,마스타 빌딩 앞,서대문구,385
12,마장동 금호어울림APT앞,성동구,328
12,마장동 주민센터,성동구,352
12,마장역 4번출구,성동구,396
12,마장역3번출구,성동구,262
12,마천금호어울림 1차 102동앞,송파구,77
12,마천금호어울림 1차아파트 건너편,송파구,115
12,마천동 성내천 쉼터,송파구,305
12,마천사거리,송파구,387
12,마천사거리 2,송파구,163
12,마천역 1번 출구 인근②,송파구,151
12,마천중앙시장,송파구,182
12,마천청소년센터,송파구,89
12,마포 신수공원 앞,마포구,364
12,마포구 육아종합지원센터,마포구,323
12,마포구중앙도서관 정문 앞,마포구,961
12,마포구청 앞,마포구,752
12,마포구청 청사내,마포구,137
12,마포구청역,마포구,867
12,마포소방서 앞,마포구,283
12,마포아트센터 앞,마포구,486
12,마포역 2번출구 뒤,마포구,811
12,마포역 4번출구 뒤,마포구,903
12,마포중앙도서관,마포구,192
12,마포프레스티지자이 1,마포구,358
12,만해공원,성북구,116
12,말우물 어린이 공원,강동구,145
12,말죽거리공원 사거리,서초구,522
12,망우동 본죽 앞,중랑구,374
12,망우역 1번출구,중랑구,337
12,망우역 2번 출구,중랑구,608
12,망우지구대,중랑구,659
12,망원2빗물펌프장 앞,마포구,246
12,망원역 1번출구 앞,마포구,1258
12,망원역 2번출구 앞,마포구,825
12,망원우체국사거리 인근,마포구,905
12,망원정 앞,마포구,224
12,망원초록길 입구,마포구,233
12,매봉역 1번출구,강남구,346
12,매헌역 2번출구앞광역버스 정류장앞(22-297),서초구,515
12,맥도날드 서울둔촌DT점 앞,강동구,1025
12,맥스타일 앞,중구,476
12,먹골역 1번출구 뒤,중랑구,681
12,먹골역 4번출구,중랑구,435
12,먹골역 6번출구 앞,중랑구,454
12,먹골역 7번 출구,중랑구,329
12,메뚜기다리,은평구,37
12,메이필드호텔앞,강서구,448
12,멤피스아파트 앞,서초구,652
12,면목 대원칸타빌아파트,중랑구,93
12,면목 홈플러스 2,중랑구,171
12,면목2동 사거리,중랑구,697
12,면목4치안센터,중랑구,442
12,면목도시개발아파트 1동 앞,중랑구,174
12,면목동 새싹어린이공원 앞,중랑구,592
12,면목라온프라이빗 아파트,중랑구,265
12,면목삼익아파트 앞,중랑구,71
12,면목역 3번출구,중랑구,1073
12,명덕고교,강서구,656
12,명덕고교입구(영종빌딩),강서구,1938
12,명동성당 앞,중구,199
12,명동역9번 출구,중구,480
12,명물길 원형무대 앞,서대문구,204
12,명보사거리,중구,257
12,명일동신동아아파트 앞,강동구,126
12,명일역 3번출구 옆,강동구,455
12,명일초등학교 옆,강동구,93
12,명일파출소,강동구,206
12,명지대학교 도서관,서대문구,691
12,명지전문대학교 정문 앞,서대문구,180
12,모두의학교,금천구,331
12,모래내고가차도,서대문구,306
12,목4동주민센터 옆,양천구,961
12,목동11단지 아파트,양천구,454
12,목동12단지 아파트,양천구,1019
12,목동13_14단지 사거리,양천구,397
12,목동1단지아파트 118동 앞,양천구,864
12,목동1단지아파트 상가 앞,양천구,1227
12,목동2단지 상가,양천구,1815
12,목동3단지 상가,양천구,1023
12,목동3단지 시내버스정류장,양천구,1638
12,목동5단지아파트 501동,양천구,1063
12,목동5단지아파트 534동,양천구,1289
12,목동7단지아파트 A상가,양천구,332
12,목동사거리 버스정류장,강서구,1004
12,목동사거리 부근,양천구,914
12,목동성당 앞,양천구,1155
12,목동신시가지아파트6단지,양천구,954
12,목동아파트 1422동 1434동 사잇길,양천구,1749
12,목동아파트 14단지 B상가 앞,양천구,924
12,목동아파트 613동 앞,양천구,1347
12,목동아파트 703동 앞,양천구,1024
12,목동아파트 8단지 상가동 앞,양천구,1048
12,목동아파트2단지 222동 앞,양천구,574
12,목동역 3번 출구,양천구,2230
12,목동역5번출구,양천구,2220
12,목동운동장,양천구,315
12,목동운동장 주경기장,양천구,198
12,목동주차장,양천구,633
12,목동트라팰리스 웨스턴에비뉴,양천구,2216
12,목동현대아파트 후문 앞,양천구,577
12,목련아파트,노원구,397
12,목마공원,양천구,270
12,목양전원교회 앞 로터리,구로구,89
12,목월공원 앞,용산구,455
12,몽마르뜨공원입구,서초구,93
12,몽촌토성역 1번출구 옆,송파구,469
12,몽촌토성역 3번 출구,송파구,1714
12,묘곡초등학교,강동구,198
12,무악재역 4번 출구,서대문구,107
12,무악재역1번 출구,서대문구,109
12,묵동 이마트 앞,중랑구,588
12,문래동 주민센터,영등포구,615
12,문래동 하이테크 시티,영등포구,1285
12,문래동롯데캐슬아파트,영등포구,1937
12,문래동자이아파트 앞,영등포구,1208
12,문래역 4번출구 앞,영등포구,1720
12,문래현대2차,영등포구,784
12,문배어린이공원 앞,용산구,511
12,문소빌딩,강서구,275
12,문정 법조단지10,송파구,651
12,문정 법조단지11,송파구,355
12,문정 법조단지3,송파구,254
12,문정 법조단지4,송파구,235
12,문정 법조단지5,송파구,130
12,문정 법조단지6,송파구,37
12,문정 법조단지7,송파구,910
12,문정 법조단지8,송파구,884
12,문정 법조단지9,송파구,474
12,문정2동 주민센터,송파구,52
12,문정근린공원2,송파구,430
12,문정동 근린공원,송파구,384
12,문정동 글샘 공원,송파구,216
12,문정법조단지12,송파구,1064
12,문정시영아파트 5동 앞 공원,송파구,228
12,문정역 1번출구,송파구,1021
12,문정중교 사거리,송파구,282
12,문정중학교,송파구,61
12,문정현대아파트 교차로,송파구,260
12,"문현중,고등학교 사이",송파구,54
12,문화비축기지,마포구,79
12,문화촌 공원,서대문구,627
12,물넘이교,노원구,945
12,미래사랑어린이공원 앞,구로구,1217
12,미림여고입구 교차로,관악구,167
12,미성동 신림체육센터,관악구,668
12,미성아파트 A동 앞,영등포구,639
12,미아동 복합청사,강북구,199
12,미아동 한국전력공사,강북구,608
12,미아사거리 1번 출구,강북구,954
12,미아역 1번 출구 뒤,강북구,323
12,"미아역 3번,4번 출구 사이",강북구,536
12,미아초교버스승강장,성북구,41
12,미호 플랜트 앞,강동구,520
12,밀리아나2빌딩 앞,송파구,503
12,밀알학교 입구 (삼성서울병원 입구),강남구,148
12,바우뫼문화복지회관,서초구,257
12,박석고개(은평소방서) 앞,은평구,44
12,반포1동 서초빌딩 앞,서초구,405
12,반포1동 자율방범초소 옆,서초구,117
12,반포1동 주민센터 앞,서초구,97
12,반포래미안 리오센트,서초구,339
12,반포미도2차아파트 옆,서초구,132
12,반포쇼핑타운 2동 앞,서초구,726
12,반포쇼핑타운 8동 앞,서초구,392
12,반포종합운동장,서초구,160
12,반포종합운동장 입구,서초구,219
12,반포천 앞,서초구,401
12,"발산역 1번, 9번 인근 대여소",강서구,3424
12,발산역 6번 출구 뒤,강서구,2600
12,발산역 8번 출구,강서구,1025
12,방배래미안 정문 앞,서초구,168
12,방배래미안아트힐아파트 앞,서초구,33
12,방배역 2번 출구,서초구,315
12,방배열린문화센터 앞,서초구,238
12,방아골종합사회복지관,도봉구,280
12,방아다리어린이공원,양천구,266
12,방아삼거리,강동구,80
12,방이동 한양3차아파트 옆,송파구,571
12,방이삼거리,송파구,1935
12,방이역 1번출구,송파구,706
12,방이역 2번 출구,송파구,228
12,방이역 4번출구,송파구,1003
12,방이초등학교,송파구,973
12,방일초교 마을버스 정류장,서초구,328
12,방정환교육지원센터 옆,중랑구,357
12,방죽마을 입구,강남구,130
12,방학동우체국 건너편,도봉구,407
12,방학동학마을도서관,도봉구,174
12,방학브라운스톤아파트,도봉구,195
12,방학사거리 (봄마당 앞),도봉구,318
12,방학역 1번출구,도봉구,156
12,방학역2번출구,도봉구,534
12,방학역사거리,도봉구,284
12,방학중학교 앞,도봉구,148
12,방학초등학교 앞,도봉구,560
12,방화근린공원,강서구,145
12,방화동강서기동대앞,강서구,1479
12,방화사거리 마을버스 버스정류장,강서구,1118
12,방화역 4번출구앞,강서구,1122
12,배명고등학교,송파구,278
12,배명고등학교 건너편,송파구,362
12,배봉초교 교차로,동대문구,418
12,백련산 SK뷰 아이파크 해모로 아파트 앞,은평구,402
12,백련산 힐스테이트 3차,은평구,228
12,백련산 힐스테이트상가앞,은평구,255
12,백련산로 녹번센트레빌,은평구,228
12,백석예술대학교 제3캠퍼스 앞,서초구,61
12,백토공원 앞,송파구,123
12,뱅뱅사거리 랜드마크타워 앞,강남구,527
12,버섯분수대,송파구,392
12,버스정류장 앞,도봉구,178
12,번3동 주민센터 교차로,강북구,341
12,번동 금호어울림아파트102동앞,강북구,168
12,번동 두산위브 101동 옆,강북구,299
12,"번동 주공3, 4단지 교차로",강북구,361
12,번동3단지 버스정류장,강북구,359
12,번동사거리,강북구,179
12,번동주공5단지 관리사무소 앞,강북구,134
12,베네스트 오피스텔 앞,동대문구,331
12,벽산 디지털밸리 5차,금천구,740
12,벽산상암스마트큐브,마포구,924
12,벽산아파트,강서구,971
12,볏골공원,강서구,471
12,보광동 삼성리버빌아파트 앞,용산구,239
12,보금자리정원,강남구,119
12,보라매 두산위브 건너편,동작구,864
12,보라매sk뷰,영등포구,147
12,보라매sk뷰 108동 앞,영등포구,336
12,보라매공원 보도육교,관악구,738
12,보라매공원 정문,동작구,531
12,보라매공원역 2번출구,동작구,392
12,보라매병원역 1번출구,동작구,1608
12,보라매역 8번출구,동작구,393
12,보라매역4번출구,영등포구,720
12,보라매역?동작세무서 버스정류장(강남중학교방면),동작구,688
12,보라주유소 앞,영등포구,234
12,보문2교,성북구,881
12,보문4교 인근,성북구,908
12,보문역6번출구 앞,성북구,697
12,보성중고등학교 후문 앞,송파구,119
12,보아스아파트 앞,양천구,346
12,보타닉파크타워2,강서구,797
12,보훈병원 후문옆(더 원커피),강동구,178
12,복자사랑 피정의 집,성북구,127
12,복정역 1번 출구 앞,송파구,479
12,본 서부병원 교차로 사거리,은평구,674
12,본 서부병원 버스정류장(은평 세무서 방면),은평구,495
12,본마을 노인복지센터 앞,서초구,149
12,본마을 정류소 앞,서초구,15
12,봉림교 교통섬,관악구,2714
12,봉원고가차도 밑,서대문구,240
12,봉은사로68길 북측,강남구,152
12,"봉은사역 1,2번 출구",강남구,208
12,봉은사역 5번출구 옆,강남구,303
12,봉은사역 7번 출구,강남구,293
12,봉천역 2번출구,관악구,508
12,봉천역 3번출구,관악구,283
12,봉천역 4번출구,관악구,554
12,봉화산역 4번 출구,중랑구,473
12,부엉이공원 앞,마포구,365
12,북가좌 삼거리,서대문구,146
12,북가좌 초등학교,서대문구,341
12,북가좌1동 주민센터,서대문구,144
12,북가좌삼거리2,서대문구,276
12,북서울 꿈의 숲 입구,강북구,198
12,북서울 꿈의숲 서문,강북구,171
12,북성초교,서대문구,75
12,북아현 치안센터 인근,서대문구,326
12,북아현동 가구거리,서대문구,195
12,북위례1,송파구,57
12,북위례2,송파구,88
12,북위례3,송파구,38
12,북한산 우이역,강북구,190
12,북한산 코오롱 하늘채,도봉구,863
12,북한산 한신휴플러스APT앞,도봉구,750
12,북한산더샾 106동 앞,서대문구,115
12,북한산보국문역,성북구,98
12,북한산생태공원입구(교통섬),은평구,77
12,북한산입구 정류장,은평구,58
12,북한산힐스테이트 7차아파트,은평구,162
12,불광롯데캐슬아파트 앞,은평구,292
12,불광역 2번출구,은평구,274
12,불광역 9번 출구,은평구,529
12,불광역 9번 출구 맞은편,은평구,351
12,"불광역3,6호선 버스정류장(동명여고 방면)",은평구,398
12,불암고등학교 앞 횡단보도,노원구,662
12,불암산역 3번 출구,노원구,233
12,불암산역 앞,노원구,109
12,불암아파트 앞,노원구,317
12,불암주유소 앞,노원구,695
12,브라운스위트레지던스,중구,132
12,브라운스톤 남산아파트,용산구,249
12,비계 버스정류소,동작구,26
12,비석공원,서초구,224
12,비전교회 앞,성동구,1238
12,빅마켓 금천점 앞,금천구,718
12,사가정역 2번출구,중랑구,1191
12,사근빗물펌프장 건너편,성동구,916
12,사당동 아르테스 웨딩앞,동작구,466
12,사당새마을금고,동작구,179
12,사당역 12번출구 뒤,서초구,664
12,사당역 5번출구,관악구,586
12,사당역 7번출구쪽,동작구,269
12,사당역10번출구(금강빌딩),동작구,386
12,사당중학교 버스정류소,동작구,70
12,사랑의병원,관악구,258
12,사육신공원앞,동작구,471
12,사평리근린공원,서초구,368
12,사평역 2번출구,서초구,227
12,산기슭공원 앞,금천구,22
12,산업은행 앞,영등포구,749
12,산호시티빌 옆,금천구,131
12,삼각산동 주민센터,강북구,241
12,삼각산아이원아파트(105동 옆),강북구,77
12,삼각지 자이아파트,용산구,429
12,삼각지12번 출구,용산구,177
12,삼각지역 14번 출구 앞(교통섬),용산구,438
12,삼각지역 3번출구,용산구,418
12,삼각지역 4번출구 앞,용산구,398
12,삼부르네상스파크빌,구로구,507
12,삼성SDS,송파구,1118
12,삼성광나루아파트 버스정류장,강동구,469
12,삼성디지털프라자관악점,관악구,302
12,삼성사이버빌리지아파트,중구,133
12,삼성생명 당산사옥 앞,영등포구,1438
12,삼성생명 앞,동대문구,792
12,삼성전자 물류센터 앞,구로구,704
12,삼성전자R&D어린이집 뒤,서초구,85
12,삼성전자서비스 성북센터,성북구,483
12,삼성중앙역 5번출구,강남구,250
12,삼성중앙역4번출구(문화센터더 리빌),강남구,25
12,삼성중앙역·플래티넘아파트 정류소,강남구,179
12,삼성타운(삼성생명) A동 맞은편,서초구,615
12,삼성화재 사옥 옆,영등포구,905
12,삼양동사거리,강북구,207
12,삼양동주민센터 앞,강북구,166
12,삼양사거리역,강북구,121
12,삼양시장오거리,강북구,194
12,삼양역,강북구,99
12,삼양입구사거리,강북구,162
12,삼육대 도서관,노원구,132
12,삼육대 입구,노원구,113
12,삼육대 제3과학관,노원구,34
12,삼육서울병원 버스정류장,동대문구,1555
12,삼익세라믹아파트교차로,도봉구,379
12,삼익아파트,동작구,628
12,삼일교(시그니쳐 타워),중구,412
12,삼일수영장 앞,동작구,304
12,삼일초등학교 인근,동작구,108
12,삼전동주민센터 건너편,송파구,542
12,삼전동주민센터 앞,송파구,496
12,삼전역 1번출구,송파구,659
12,삼전역 4번출구,송파구,632
12,삼청공원 앞,종로구,53
12,삼청동 골목,종로구,438
12,삼호3차아파트 앞,서초구,414
12,삼호물산버스정류장(23370) 옆,강남구,930
12,삼호아파트 2동 ( 간선도로),강남구,133
12,삼호아파트 앞,구로구,242
12,삼환로즈빌아파트 105동 옆,구로구,468
12,"상계3,4동 주민센터 대여소",노원구,131
12,상계8동 주민센터,노원구,735
12,상계동 우방유쉘아파트 앞,노원구,365
12,상계동수락리버시티,노원구,279
12,상계문화정보도서관,노원구,295
12,상계신동아아파트,노원구,77
12,상계역 3번출구,노원구,1704
12,상계역중앙시장,노원구,429
12,상계주공 14단지 상가 앞,노원구,378
12,상계주공10단지 버스정류소,노원구,471
12,상계주공10단지 종합상가 앞,노원구,677
12,상계주공13단지 1301동,노원구,80
12,상계주공15단지 1509동 앞,노원구,90
12,상계주공15단지 버스정류소,노원구,553
12,상계주공1단지 버스정류장 옆(대원빌딩 앞),노원구,1038
12,상계주공1단지아파트,노원구,734
12,상계주공2단지 219동,노원구,673
12,상계주공2단지 버스정류장 옆,노원구,1013
12,상계주공7단지 아파트 앞,노원구,220
12,상계중학교(당현2교사거리),노원구,470
12,상계초교 입구 교차로 명주빌딩 앞,노원구,713
12,상도 아이파크 아파트,동작구,106
12,상도SH빌아파트 입구,동작구,21
12,상도역 1번출구,동작구,150
12,상도중앙하이츠빌 입구,동작구,102
12,상도효성해링턴플레이스,동작구,211
12,상록수아파트,강남구,228
12,상림마을 롯데캐슬2단지 옆,은평구,25
12,상림마을 생태공원,은평구,123
12,상명대입구,종로구,213
12,상봉2동 주민센터 앞,중랑구,473
12,상봉시장앞 교차로 한성빌딩 앞,중랑구,500
12,상봉신협 앞,중랑구,480
12,상봉역 1번출구,중랑구,453
12,상봉역 2번 출구,중랑구,1138
12,상봉역 3번출구,중랑구,743
12,상봉터미널2,중랑구,993
12,상사마을 버스정류장(아라대교방면),강서구,3
12,상수역 2번출구 앞,마포구,196
12,상수역새마을금고,마포구,165
12,상신초등학교앞 버스정류장,은평구,424
12,상아빌딩(우림시장 교차로),중랑구,567
12,상암동주민센터 옆,마포구,791
12,상암월드컵파크 10단지 앞,마포구,513
12,상암월드컵파크 1단지 교차로,마포구,352
12,상암월드컵파크 3단지 후문,마포구,191
12,상암월드컵파크 7단지 앞,마포구,312
12,상암월드컵파크 9단지 앞,마포구,237
12,상암월드컵파크5단지(상암중학교),마포구,221
12,상암중학교 옆,마포구,86
12,상암한샘빌딩앞,마포구,521
12,상암한화오벨리스크 1차 앞,마포구,541
12,상왕십리역 1번출구,성동구,998
12,상왕십리역 4번 출구 앞,성동구,338
12,상왕십리역 6번 출입구,성동구,289
12,상원삼거리 장안철교 아래,성동구,419
12,상월곡역 1번출구,성북구,443
12,상월곡역 3번출구,성북구,510
12,상월곡역 4번출구,성북구,247
12,상일동산(동아아파트앞 교차로),강동구,97
12,상일동역 2번출구 앞,강동구,816
12,상일초등학교,강동구,299
12,상일파출소 옆,강동구,380
12,새말소공원,영등포구,1292
12,새솔초등학교,중랑구,126
12,새우개마을,중랑구,80
12,새절역 2번출구,은평구,914
12,새정이마을버스정류장 앞,서초구,9
12,샛강생태공원방문자센터 앞,영등포구,150
12,샛강역 1번출구 앞,영등포구,897
12,샛마을 근린공원,강동구,297
12,생명의 전화 종합복지관 앞 교차로,성북구,609
12,생태공원앞 교차로(조명탑),강동구,64
12,서강나루 공원,마포구,506
12,서강대 정문 건너편,마포구,506
12,서강대 후문 옆,마포구,435
12,서강대역 2번출구 앞,마포구,612
12,서교동 사거리,마포구,513
12,서남병원 후문,양천구,413
12,서남환경공원 버스정류장,강서구,893
12,서남환경공원(방화동도시개발2단지방향),강서구,526
12,서대문구청,서대문구,109
12,서대문역 2번 출구,서대문구,589
12,서대문역 8번출구 앞,서대문구,187
12,서대문자연사박물관 입구,서대문구,60
12,서래공원 앞,서초구,227
12,서부식자재마트 건너편,양천구,682
12,서부운전면허시험장,마포구,296
12,서빙고동 금호맨션 앞,용산구,115
12,서빙고동 주민센터 앞,용산구,525
12,서빙고역 광장(1번출구),용산구,96
12,서서울모터리움 앞,강서구,296
12,서소문성지역사박물관,중구,113
12,서소문역사공원,중구,41
12,서우빌딩,서대문구,466
12,서울 논현동우체국 앞,강남구,113
12,서울 시흥동우체국 앞,금천구,287
12,서울 영등포구 우체국,영등포구,804
12,서울 월드컵 경기장,마포구,293
12,서울가정법원,서초구,311
12,서울강월초등학교 앞,양천구,272
12,서울갤러리아 앞,용산구,43
12,서울경찰청,종로구,28
12,서울고등학교 건너편,서초구,100
12,서울고앞,서초구,97
12,서울과학기술대학교(미래관),노원구,425
12,서울과학기술대학교(어학교육원),노원구,1432
12,서울교육청 교육연수원 앞,서초구,57
12,서울교통공사 사당별관 건너편,서초구,153
12,서울교통공사사거리 교통섬,동대문구,423
12,서울남부교정시설 앞,구로구,163
12,서울남부지방검찰청 후문,양천구,589
12,서울남부출입국관리소,강서구,1095
12,서울남부터미널 대합실 입구,서초구,271
12,서울대벤처타운역,관악구,386
12,서울대입구역 1번출구,관악구,433
12,서울대입구역 4번 출구,관악구,461
12,서울대입구역 5번출구,관악구,649
12,서울대입구역 마에스트로,관악구,367
12,서울대학교 정문,관악구,121
12,서울도봉초등학교인근,도봉구,221
12,서울도시가스 앞,강서구,400
12,서울도시건축전시관,중구,1082
12,서울디자인고등학교 앞,마포구,655
12,서울디지털운동장 앞,금천구,574
12,서울문화재단 앞,동대문구,640
12,서울미래초등학교 사거리,구로구,486
12,서울미술관,종로구,60
12,서울반도체고 앞,동대문구,195
12,서울방이동 고분군,송파구,840
12,서울보증보험본사 앞,종로구,586
12,서울복합물류 게이트 1,송파구,709
12,서울본부세관(건설회관 앞),강남구,46
12,서울북부고용노동지청,강북구,227
12,서울북부고용센터앞,노원구,1293
12,서울북부광역등기국,도봉구,192
12,서울북부수도사업소,강북구,249
12,서울북부지방법원,도봉구,135
12,서울북부지방법원 앞,도봉구,272
12,서울사대부설초등학교 앞,종로구,706
12,서울산업정보학교,관악구,116
12,서울서부지방법원 앞,마포구,347
12,서울서부지방법원등기국앞,마포구,160
12,서울서초고용센터앞,서초구,179
12,서울숲 IT캐슬,성동구,9
12,서울숲 공영주차장앞,성동구,128
12,서울숲 관리사무소,성동구,314
12,서울숲 지식산업센터,성동구,1105
12,서울숲리버뷰자이APT105동 앞,성동구,214
12,서울숲역 2번출구 앞,성동구,876
12,서울숲역 5번 출구 옆,성동구,533
12,서울숲역3번출구,성동구,91
12,서울시 공공자전거 상암센터,마포구,243
12,서울시 도로환경관리센터,양천구,1366
12,서울시 북부병원 앞,중랑구,170
12,서울시 북부여성발전센터,노원구,367
12,서울시 품질시험소 앞,서초구,259
12,서울시립24시간게스트하우스,성동구,65
12,서울시립과학관,노원구,236
12,서울시립대 건설공학관,동대문구,212
12,서울시립대 정문 앞 A,동대문구,67
12,서울시립대 정문 앞 B,동대문구,778
12,서울시립대 정보기술관,동대문구,225
12,서울시립대 후문,동대문구,225
12,서울시설공단 앞,성동구,760
12,서울시여성가족재단,동작구,250
12,서울시청,중구,821
12,서울식물원 식물문화센터,강서구,408
12,서울식물원 잔디마당 앞,강서구,850
12,서울식물원(문화센터) 건너편,강서구,302
12,서울신성초등학교,관악구,264
12,서울신용보증재단,마포구,548
12,서울신우초등학교,관악구,4
12,서울안천초등학교 옆,금천구,45
12,서울여대 남문,노원구,350
12,서울역 12번 출구 앞,용산구,437
12,서울역 7번출구,중구,71
12,서울역 서부,중구,151
12,서울역 서부교차로(3),중구,634
12,서울역 서부교차로2,중구,492
12,서울역 센트럴 자이아파트,중구,432
12,서울역5번출구,중구,406
12,서울역9번출구,중구,339
12,서울역사박물관 앞,종로구,447
12,서울연신중학교,은평구,131
12,서울연신초등학교,은평구,142
12,서울영상고교 입구,양천구,1447
12,서울율현초교 삼거리,강남구,251
12,서울중랑우체국,중랑구,354
12,서울지방고용노동청 앞,중구,609
12,서울지방병무청 버스정류장,영등포구,399
12,서울천호동우체국,강동구,672
12,서울체육고등학교 앞,송파구,537
12,서울추모공원 입구,서초구,25
12,서울축산농협(장안지점),동대문구,1461
12,서울출입국관리사무소 앞,양천구,1857
12,서울친환경유통센터,송파구,36
12,서울특별시 남부교육지원청,영등포구,384
12,서울특별시 동부교육지원청(육교),동대문구,102
12,서울특별시 동작관악교육지원청,동작구,58
12,서울특별시 은평병원,은평구,151
12,서울특별시 중부교육지원청,종로구,61
12,서울특별시교육청도봉도서관,도봉구,204
12,서울혁신파크,은평구,280
12,서울혁신파크1,은평구,36
12,서울혁신파크2,은평구,99
12,서원마을,강동구,98
12,서일스포츠센터,서초구,107
12,서초 크로바타워 앞,서초구,271
12,서초 포레스타5단지,서초구,157
12,서초1교 (진흥아파트 방면),서초구,157
12,서초2교(사임당로 방면),서초구,86
12,서초4동주민센터,서초구,417
12,서초구립반포도서관 앞,서초구,579
12,서초그랑자이 앞,서초구,184
12,서초동 현대아파트 앞,서초구,259
12,서초리슈빌S 글로벌 앞,서초구,56
12,서초신동아1차아파트 옆,서초구,221
12,서초역 3번출구,서초구,252
12,서초역1번출구 앞,서초구,175
12,서초유치원 맞은편,서초구,214
12,서초종합체육관 입구,서초구,67
12,서초초등학교 후문,서초구,374
12,서초케이타운앞,서초구,23
12,서초포레스타 7단지,서초구,123
12,서초현대4차아파트 201동 맞은편,서초구,235
12,석계역 3번 출구,노원구,555
12,석계역 4번출구 뒤,성북구,634
12,석계역 5번출구 건너편,성북구,722
12,석계역 문화광장 내 자전거 보관소,노원구,1903
12,석관동주민센터 앞,성북구,484
12,석관래미안아트리치,성북구,642
12,석관초등학교 앞,성북구,656
12,석촌고분역 2번 출구,송파구,1023
12,석촌고분역 4번출구,송파구,905
12,석촌동 주민센터,송파구,1228
12,석촌역 2번출구,송파구,1084
12,석촌역 8번출구,송파구,1592
12,석촌호수 서호 남단,송파구,1473
12,석촌호수 서호 사거리,송파구,1088
12,석촌호수 아뜰리에,송파구,891
12,석촌호수교차로 (송파나루근린공원 앞),송파구,276
12,석촌호수교차로(동호 팔각정 앞),송파구,1034
12,선릉역3번출구,강남구,627
12,선린인터넷 고등학교,용산구,733
12,선유도역 3번출구 앞,영등포구,1206
12,선잠단지 앞,성북구,114
12,"선정릉 디캠프(D,CAMP)앞",강남구,87
12,선정릉역 4번 출구,강남구,129
12,섬들근린공원,서초구,372
12,섬유센터 앞,강남구,586
12,성공회대학교,구로구,158
12,성균관대 E하우스 앞,종로구,639
12,성균관대 정문,종로구,865
12,성균관대입구 사거리 A,종로구,523
12,성균관대입구 사거리 B,종로구,654
12,성내5교,송파구,510
12,성내7교,송파구,316
12,성내교 남단,송파구,156
12,성내삼성아파트,강동구,1362
12,성내어울터,강동구,1168
12,성내유수지 체육공원,송파구,114
12,성동광진 교육지원청 앞,성동구,673
12,성동교 사거리,성동구,273
12,성동구 견인차량 보관소 앞,성동구,745
12,성동구민종합체육센터 건너편,성동구,883
12,성동도로사업소,성동구,250
12,성동세무서 건너편,성동구,905
12,성동세무서 부근,성동구,778
12,성보하이드로빌딩,양천구,467
12,성북3교 위,성북구,480
12,성북구 한예종 캠퍼스 별관,성북구,344
12,성북구 한예종 캠퍼스 본관,성북구,381
12,성북구보건소 건너편,성북구,262
12,성북구청,성북구,412
12,성북동 치안센터 앞,성북구,375
12,성북쉼터 앞,성북구,96
12,성북제일새마을금고 본점 앞,성북구,175
12,성북청소년문화의집,성북구,16
12,성북청소년센터,성북구,204
12,성산2-1 공영주차장,마포구,506
12,성산2교 사거리,마포구,735
12,성산시영아파트,마포구,548
12,성산유수지공원,마포구,421
12,성서대학교 밀알관,노원구,152
12,성수2가1동 공영주차장 인근,성동구,2178
12,성수사거리 버스정류장 앞,성동구,1476
12,성수아카데미타워 앞,성동구,940
12,성수역 1번출구 주변,성동구,419
12,성수역 2번출구 앞,성동구,1960
12,성수역3번출구,성동구,2294
12,성신여대입구 교차로,성북구,331
12,성신여대입구역 3번출구 앞,성북구,624
12,성신여대입구역 5번출구,성북구,615
12,성원2차 아파트,양천구,419
12,성원APT버스정류소,도봉구,313
12,성지아파트 옆 도로변,금천구,105
12,세곡데이케어센터,강남구,115
12,세곡동 사거리(대왕초등학교 정류장),강남구,65
12,세곡동 성당,강남구,245
12,세곡사거리 대왕파출소 앞,강남구,29
12,세륜초등학교 건너편,송파구,75
12,세양청마루 101동 앞,송파구,205
12,세양청마루아파트 앞,강동구,666
12,세운상가,종로구,346
12,세운스퀘어 앞,종로구,299
12,세이브마트,관악구,703
12,세종그랑시아 앞(102동),양천구,347
12,세종대왕기념관 교차로,동대문구,216
12,세종대학교 대양AI센터,광진구,729
12,세종대학교(영실관),광진구,348
12,세종대학교(학술정보원),광진구,279
12,세종사이버대학교,광진구,1357
12,세화고등학교,서초구,79
12,센트럴 푸르지오 시티 앞,영등포구,878
12,센트럴파크타워 앞,용산구,618
12,솔리스타오피스텔(공덕동주민센터),마포구,356
12,솔밭공원역,강북구,113
12,솔밭공원역 1번출구 앞,도봉구,197
12,솔밭공원역 1번출구 주변,도봉구,178
12,솔브레인이엔지 뒤편,금천구,256
12,송도병원,중구,52
12,송이공원,송파구,223
12,송정역 1번출구,강서구,1294
12,송정역 3번출구 앞,강서구,742
12,송정중학교,강서구,616
12,송중초등학교 옆,강북구,207
12,송천동 주민센터,강북구,157
12,송천동우체국,강북구,156
12,송천센트레빌,강북구,104
12,송파 글마루 도서관,송파구,271
12,송파 레미니스1단지 102동 앞,송파구,325
12,송파 파인타운 11단지,송파구,260
12,송파구청,송파구,2520
12,송파구청 교차로,송파구,917
12,송파나루역 4번 출구옆,송파구,1888
12,송파도서관,송파구,389
12,송파레이크힐,송파구,47
12,송파레이크힐 상가,송파구,375
12,송파사거리,송파구,1168
12,송파소방서 (방이119안전센터),송파구,199
12,송파소방서 맞은편(성내4교),송파구,651
12,송파시그니처롯데캐슬,송파구,87
12,송파여성문화회관 앞,송파구,963
12,송파여성축구장,송파구,124
12,송파역 2번 출구앞,송파구,646
12,송파역 4번출구,송파구,1180
12,송파중학교 정문,송파구,151
12,송파지역자활센터 뒤,송파구,1221
12,송파청소년센터,송파구,342
12,송파체육문화회관 앞,송파구,339
12,송파파인타운 10단지 1005동,송파구,113
12,송파파인타운 4단지 403동,송파구,143
12,송파파인타운 7단지,송파구,272
12,송파파크데일 1단지 115동 건너편,송파구,145
12,송파파크데일 2단지입구 앞 주차장,송파구,159
12,송파학사 옆,송파구,330
12,수궁동 성당 주변,구로구,275
12,수락리버시티4단지,노원구,291
12,수락산역 4번출구,노원구,436
12,수명산파크 4단지 411동 앞,강서구,815
12,수명산파크1단지교차로,강서구,1697
12,수명중?고교,강서구,1086
12,수명초등학교,강서구,923
12,수색감리교회,은평구,150
12,수서동 성당 맞은편,강남구,222
12,수서역 1번출구 앞,강남구,488
12,수서역 5번출구,강남구,1107
12,수서역 7번출구 앞,강남구,172
12,수연빌딩 앞,노원구,439
12,수유1동 주민센터,강북구,248
12,수유2동은행빌딩 앞,강북구,351
12,수유사거리,강북구,508
12,수유역2번출구,강북구,1262
12,수유중앙시장,강북구,560
12,수출의 다리 아래,금천구,386
12,수협 연남동지점,마포구,638
12,수협대치동지점,강남구,292
12,숙대입구역 4번출구,용산구,620
12,숙대입구역 8번,용산구,395
12,숙명여대 입구 교차로,용산구,584
12,숙명여대앞 버스정류소 주변,용산구,91
12,순천향대학병원(한남오거리),용산구,274
12,순흥안씨묘 건너편,금천구,27
12,숭실대 입구역3번 출구 앞,동작구,147
12,숭실대학교(중문),동작구,27
12,숭인2동 주민센터 입구,종로구,811
12,스타벅스(동교동) 앞,마포구,333
12,스타즈호텔독산 빌딩 앞,금천구,345
12,시립도봉노인복지관 버스정류소,도봉구,244
12,시립동부병원 앞 사거리,동대문구,1152
12,시립미술관,중구,474
12,시립창동운동장 입구,도봉구,134
12,시범아파트버스정류장 옆,영등포구,903
12,시석빌딩 앞,마포구,267
12,시조사 앞,동대문구,715
12,시청역 10번출구,중구,245
12,시청역(2호선) 9번출구 뒤,중구,1098
12,시흥4동주민센터 앞,금천구,133
12,시흥사거리(시흥동 994-3 앞),금천구,360
12,신곡시장,양천구,692
12,신금호역 2번출구 앞,성동구,14
12,신금호파크자이APT앞,성동구,126
12,신길 래미안 프레비뉴,영등포구,255
12,신길동 우리은행 옆,영등포구,279
12,신길선원가와인아파트 앞,영등포구,485
12,신길역 2번출구,영등포구,538
12,신길역3번출구,영등포구,892
12,신길우성1차아파트 앞 공원,영등포구,404
12,신길우성4차아파트,영등포구,649
12,신길자이아파트,영등포구,329
12,신내 우디안 111동 앞,중랑구,142
12,신내2동 주민센터 앞,중랑구,336
12,신내SK V1센터 앞,중랑구,173
12,신내능말공원,중랑구,258
12,신내동 벽산아파트 후문 앞,중랑구,356
12,신내동 한살림 중랑지구 건너편,중랑구,152
12,신내동 한살림 중랑지구 앞,중랑구,332
12,신내어울공원 앞,중랑구,352
12,신내역 4번출구,중랑구,235
12,신내역금강펜테리움센트럴파크,중랑구,25
12,신내우디안아파트 1단지,중랑구,56
12,신논현역 4번출구,강남구,244
12,신논현타워 앞,서초구,364
12,신답역 1번출구,성동구,173
12,신답역 사거리,동대문구,801
12,신당 래미안 버스정류장,중구,218
12,신당동주민센터앞,중구,742
12,신당역 10번 출구,중구,947
12,신당역 12번 출구 뒤,중구,1511
12,신대방삼거리,동작구,606
12,신대방삼거리역 3번출구쪽,동작구,279
12,신대방삼거리역 6번출구쪽,동작구,990
12,신대방역 2번 출구,관악구,2804
12,신도고등학교,은평구,51
12,신도림2차e편한세상아파트 203동 앞,구로구,538
12,신도림4차 e편한세상 아파트 1109동 앞,구로구,473
12,신도림7차e편한세상아파트 806동 앞,구로구,461
12,신도림동주민센터 앞,구로구,718
12,신도림쌍용플래티넘노블아파트 앞,구로구,946
12,신도림역 1번 출구 앞,구로구,2012
12,신도림테크노근린공원,구로구,2376
12,신도봉사거리 버스정류장,도봉구,487
12,신도중학교앞,은평구,83
12,신동아럭스빌아파트 앞,서초구,43
12,신동아아파트,영등포구,1205
12,신동아타워 버스정류소,도봉구,219
12,신림1교 교차로,관악구,981
12,"신림4,5동교",관악구,316
12,신림동 우방아파트,관악구,771
12,신림동걷고싶은문화의거리입구,관악구,629
12,신림푸르지오아파트,관악구,424
12,신마곡벽산블루밍메트로오피스텔앞,강서구,667
12,신목동역 2번 출구,양천구,1344
12,신목동역 3번출구,양천구,251
12,신반포역 2번출구 앞,서초구,333
12,신반포역 3번출구 뒤,서초구,136
12,신방화사거리,강서구,1452
12,신방화역 6번출구,강서구,1024
12,신방화역 8번출구,강서구,805
12,신방화역환승주차장,강서구,1841
12,신봉천주유소 A,관악구,41
12,신봉천주유소 B,관악구,61
12,신사동 가로수길 입구,강남구,277
12,신사동 성당,은평구,148
12,신사동주민센터 옆,강남구,253
12,신사두산위브2차아파트 앞,은평구,436
12,신사로입구,관악구,703
12,신사스퀘어,강남구,127
12,신사역 4번출구 뒤,서초구,341
12,신석초교앞 교차로 교통섬,마포구,712
12,신설동역 10번출구 앞,동대문구,1085
12,신설동역 11번출구 뒤,종로구,892
12,신설동역8번출구,동대문구,591
12,신성기사식당 앞,마포구,285
12,신성미소지움아파트,중랑구,332
12,신세계면세점,중구,154
12,신세계백화점 본점 앞,중구,337
12,신세기아파트 앞,구로구,376
12,신수동 사거리,마포구,137
12,신수동주민센터,마포구,148
12,신양초교앞 교차로,광진구,425
12,신영동삼거리,종로구,43
12,신영동삼거리(북악터널방향),종로구,40
12,신용산역 1번 출구,용산구,648
12,신용산역 6번출구 앞,용산구,636
12,신용산지하차도 앞,용산구,287
12,신원리베르텔 앞,도봉구,312
12,신월6차보람아파트 앞,양천구,564
12,신월사거리,양천구,634
12,신월중학교,양천구,376
12,신응교(가좌로) 앞,은평구,421
12,신이문역 1번출구,동대문구,97
12,신이문역 2번출구,동대문구,419
12,신일해피트리아파트 앞,양천구,517
12,신자초교입구 교차로,광진구,1624
12,신정1동 주민센터 앞,양천구,1558
12,신정3동 현장민원실 앞,양천구,237
12,신정6동 주민센터 인근,양천구,651
12,신정교 하부,양천구,897
12,신정네거리역,양천구,408
12,신정네거리역 교차로,양천구,663
12,신정보도육교 아래,양천구,1993
12,신정숲속마을아파트,양천구,317
12,신정이펜하우스 1단지아파트 입구 사거리,양천구,243
12,신정이펜하우스314동,양천구,291
12,신정제일시장,양천구,407
12,신진과학기술고등학교 버스정류장(응암시장 방면),은평구,541
12,신창교,강북구,406
12,신창시장,도봉구,626
12,신창아파트 입구 앞,도봉구,191
12,신창중학교 후문 맞은편 버스정류장,노원구,520
12,신청담나들목,강남구,97
12,신촌 교보빌딩,마포구,191
12,신촌 청년주택,마포구,754
12,신촌 파랑고래 입구,서대문구,339
12,신촌기차역입구 교차로,서대문구,208
12,신촌동 제1공영주차장 앞,서대문구,243
12,신촌역 4번출구,서대문구,263
12,신촌역(2호선) 1번출구 옆,서대문구,406
12,신촌역(2호선) 6번출구 옆,마포구,326
12,신촌역(2호선) 7번출구 앞,마포구,769
12,신트리공원 입구,양천구,1174
12,신풍역 6번출구,영등포구,1068
12,신한금융투자 앞,영등포구,1595
12,신한은행 대림동지점,영등포구,392
12,신한은행 시흥대로금융센터지점,금천구,109
12,심산기념문화센터,서초구,317
12,쌍문동 이안아파트 앞,도봉구,185
12,쌍문역 1번출구 주변,도봉구,418
12,쌍문역4번출구 주변,도봉구,471
12,쌍문현대1차아파트 108동 앞,도봉구,298
12,쌍용아파트2단지 정문,종로구,110
12,쌍용예가(구청별관),영등포구,507
12,쌍용플레티넘오피스텔,영등포구,920
12,아리랑시네센터 앞,성북구,144
12,아만티호텔 앞,마포구,254
12,아망떼마곡전시장,강서구,1235
12,아메리칸센터,용산구,223
12,아산병원 기숙사 부근,송파구,1813
12,아시아선수촌아파트 교차로,송파구,548
12,아시아지하보도 14번 출구,송파구,1006
12,아시아지하보도 2번 출구,송파구,471
12,아차산 휴먼시아 아파트 옆,광진구,316
12,아차산역 3번출구,광진구,1053
12,아차산역4번출구,광진구,984
12,아크로리버뷰 부지 앞,서초구,450
12,아크로타워 스퀘어(영등포시장),영등포구,1159
12,아현교회,마포구,111
12,아현래미안푸르지오아파트 104동 앞,마포구,76
12,아현문화건강센터,마포구,49
12,아현역 4번출구 앞,마포구,245
12,안골마을입구,서초구,8
12,안국동사거리(신),종로구,659
12,안국역 5번출구 앞,종로구,572
12,안산초등학교 앞,서대문구,35
12,안암2교 옆,성북구,906
12,안암골벽산아파트(후문),동대문구,473
12,안암로터리 버스정류장 앞,성북구,2311
12,안암역 3번 출구,성북구,355
12,안양천합수부(현대3차아파트),강서구,136
12,안천중학교,금천구,126
12,암사동 선사유적지,강동구,47
12,암사역 3번출구(국민은행앞),강동구,1293
12,암사정수센터교차로(강동롯데캐슬퍼스트아파트),강동구,100
12,압구정 한양 3차 아파트,강남구,187
12,압구정나들목,강남구,342
12,압구정로데오역 6번출구,강남구,362
12,압구정역 2번 출구 옆,강남구,708
12,압구정파출소 앞,강남구,397
12,앙카라공원 앞,영등포구,845
12,애오개역 4번출구 앞,마포구,752
12,앰배서더 호텔 주변,중구,322
12,약수동 주민센터,중구,76
12,약수역 10번출구 앞,중구,197
12,약수역 3번출구 뒤,중구,283
12,약수역 6번 출구,중구,161
12,양강중학교앞 교차로,양천구,167
12,양남사거리1,영등포구,483
12,양남사거리2,영등포구,410
12,양녕로 입구,관악구,535
12,양문교회 앞,동작구,438
12,양서중학교 옆,양천구,354
12,양원보도육교,양천구,350
12,양원역 1번 출구,중랑구,316
12,양원역 2번출구,중랑구,103
12,양원지구 힐데스하임 앞,중랑구,221
12,양재근린공원,서초구,500
12,양재동 꽃시장 건너편,서초구,208
12,양재동 꽃시장 입구,서초구,91
12,양재시민의숲역 1번출구,서초구,923
12,양재시민의숲역 3번출구,서초구,593
12,양재역 10번 출구 앞,서초구,352
12,양재역 3번출구 주변,강남구,501
12,양재역 8번출구 앞,서초구,282
12,양재이스타빌 앞,서초구,487
12,양재전화국 사거리,서초구,150
12,양재초등학교 맞은편,서초구,270
12,양지근린공원앞,노원구,739
12,양지사거리,성동구,544
12,양지사거리(센트라스APT 115동앞),성동구,156
12,양천 해누리타운,양천구,1449
12,양천공영차고지,양천구,120
12,"양천구청, 보건소 사잇길",양천구,2545
12,양천구청역 1번출구,양천구,573
12,양천구청역 2번출구 옆,양천구,1269
12,양천문화회관,양천구,882
12,양천아파트 입구,양천구,1366
12,양천해누리체육공원,양천구,600
12,양천향교역 7번출구앞,강서구,2145
12,양천향교역8번출구,강서구,949
12,양평1 보행육교 앞,영등포구,787
12,양평1나들목 보행통로 입구,영등포구,635
12,양평1동 YP센터 앞,영등포구,384
12,양평교 영등포대여소,영등포구,735
12,양평동6차현대아파트 앞,영등포구,1210
12,양평동성원아파트,영등포구,972
12,양평역 1번출구,영등포구,1691
12,양평역2번출구 뒤,영등포구,407
12,양평우림 이비즈센타 앞,영등포구,1104
12,어린이대공원역 2번출구,광진구,477
12,어린이대공원역 3번출구 앞,광진구,790
12,어린이대공원정문,광진구,287
12,어린이도서관,종로구,245
12,어린이회관,광진구,479
12,어울림병원 앞,영등포구,541
12,언남초등학교 앞,서초구,413
12,언주역 4번출구,강남구,180
12,언주초등학교 입구,강남구,241
12,에스테반,마포구,213
12,에이스 하드웨어(시흥대로 396) 앞,금천구,421
12,에이스에이존빌딩,관악구,303
12,에이스하이엔드타워8차 앞,금천구,596
12,에이스하이엔드타워9차 앞,금천구,304
12,엘아르베뉴 102동 앞,금천구,253
12,엠펠리체 호텔 건너편,강서구,1110
12,여의나루역 1번출구 앞,영등포구,1462
12,여의도 마리나선착장 앞,영등포구,181
12,여의도 삼부아파트,영등포구,575
12,여의도 순복음교회,영등포구,123
12,여의도 은하아파트,영등포구,264
12,여의도고교 앞,영등포구,510
12,여의도역2번출구 앞,영등포구,565
12,여의도중학교 옆,영등포구,325
12,여의도초교 앞,영등포구,649
12,역삼1동 주민센터,강남구,470
12,역삼동 sk뷰 501동앞,강남구,192
12,역삼동 디오슈페리움 (우성아파트 사거리),강남구,413
12,역삼빌딩 앞(하나은행 옆),강남구,473
12,역삼서초삼성 세무서 앞 (역삼빌딩 앞),강남구,539
12,역삼월드메르디앙아파트 앞,강남구,229
12,역삼중학교 앞(체육관 방향),강남구,95
12,역촌 센트레빌 아파트,은평구,234
12,역촌센트레빌아파트 101동 앞,은평구,143
12,역촌종합시장 버스정류장(예일여고 방면),은평구,884
12,역촌파출소,은평구,1418
12,연가교 교차로,서대문구,340
12,연가초등학교 옆,서대문구,138
12,연남동주민센터 앞,마포구,1114
12,연대 대운동장 옆,서대문구,158
12,연서어린이공원,서대문구,280
12,연세강서빌딩,강서구,771
12,연세대 정문 건너편,서대문구,146
12,연세로 명물길,서대문구,264
12,연신내 선일하이츠빌 정류소,은평구,175
12,연신내역 1번 출구,은평구,572
12,연신내역 3번출구 인근,은평구,219
12,연신내역 4번출구,은평구,219
12,연신내역 5번출구,은평구,1086
12,연신초등학교옆 마을마당,은평구,66
12,연의근린공원 건너편,양천구,382
12,연해피빌 앞,노원구,542
12,연희 브라운스톤 아파트 앞,서대문구,662
12,연희IC 남측,서대문구,404
12,연희교차로 인근,서대문구,169
12,연희삼거리,서대문구,480
12,연희파크푸르지오아파트 앞,서대문구,378
12,염곡동(염통골) 입구,서초구,58
12,염곡치안센터 건너편,서초구,38
12,염리초등학교 앞,마포구,382
12,염창나들목,강서구,668
12,염창동 새마을금고 건너편,강서구,413
12,염창동 한마음아파트 앞,강서구,572
12,염창역 1번 출구,강서구,1132
12,"염창역 3, 4번 출구 사이",양천구,449
12,염천교사거리,중구,326
12,영도초등학교,양천구,1184
12,영동1교 (양재천근린공원),서초구,309
12,영동1교 북단,서초구,175
12,영동3교 북단(우성캐릭터 앞 보도),강남구,157
12,영동대교 북단,광진구,839
12,영동중앙교회 버스정류장,강남구,132
12,영등포 신세계백화점,영등포구,2087
12,영등포 푸르지오 아파트 A,영등포구,656
12,영등포 푸르지오 아파트 B,영등포구,641
12,영등포공원 분수대 앞,영등포구,111
12,영등포구청역 7번출구,영등포구,3284
12,영등포로터리,영등포구,365
12,영등포로터리2,영등포구,545
12,영등포삼환아파트 앞,영등포구,739
12,영등포시장역 포레나영등포,영등포구,1741
12,영등포아트홀 앞,영등포구,383
12,영등포역 1번출구,영등포구,1492
12,영등포역5번출구,영등포구,2076
12,영등포유통상가 사거리,영등포구,808
12,영등포전화국사거리 (서강어린이공원),영등포구,908
12,영등포청과시장 사거리,영등포구,637
12,영락고등학교,관악구,72
12,영문초등학교 사거리,영등포구,1972
12,영성빌딩(PAT),중랑구,525
12,영어마을 관악캠프,관악구,40
12,영일 어린이공원,영등포구,460
12,영파여고 앞,송파구,593
12,영휘원 교차로,동대문구,492
12,영희초교 사거리(래미안개포루체하임),강남구,535
12,예일여중,은평구,484
12,옛골 입구,서초구,29
12,오금공원 사거리,송파구,57
12,오금공원사거리2,송파구,108
12,오금동 대림아파트 정문,송파구,278
12,오금역 3번 출구 뒤,송파구,267
12,오금역 7번 출구 인근,송파구,450
12,오류동 계림웨스트밸리 앞,구로구,82
12,오류동 다숲오피스텔 앞,구로구,321
12,오류동부골든아파트 후문 옆,구로구,118
12,오류동역 2번출구,구로구,485
12,오류동역 맞은편,구로구,579
12,오륜사거리,송파구,289
12,오리로와 서해안도로 교차로 앞,구로구,180
12,오목교 동측 지하보도,영등포구,623
12,오목교역 3번출구,양천구,2400
12,오목교역 6번 출구,양천구,1340
12,오목교역 7번출구 앞,양천구,1468
12,오목로 무중력지대 앞,양천구,208
12,오솔길공원,양천구,363
12,오정초교 앞 보도육교,구로구,95
12,옥수동성당 옆,성동구,84
12,옥수역 3번출구,성동구,1061
12,온곡초교 교차로,노원구,777
12,온수역 2번 출구 앞,구로구,242
12,온수역 북측,구로구,105
12,올림픽공원 남2문 앞,송파구,394
12,올림픽공원 북2문 A,송파구,603
12,올림픽공원 북2문 B,송파구,1121
12,올림픽공원 서1문 앞,송파구,81
12,올림픽공원 장미광장,송파구,172
12,올림픽공원사거리(선수촌아파트),송파구,536
12,올림픽공원역 1번출구 앞,송파구,741
12,올림픽공원역 3번출구,송파구,1771
12,올림픽기념 국민생활관 로터리,종로구,872
12,올림픽로 836(아리수로),강동구,156
12,올림픽선수기자촌아파트 123동 근처,송파구,184
12,올림픽선수촌아파트 136동 앞,송파구,196
12,올림픽훼미리아파트 112동 앞,송파구,454
12,왈도강서캠퍼스 앞,강서구,752
12,왕십리 자이아파트(101동 앞),성동구,3
12,왕십리KCC스위첸아파트,성동구,89
12,왕십리교회옆,성동구,1245
12,왕십리역 11번 출구 앞,성동구,619
12,왕십리역 4번 출구 건너편,성동구,922
12,왕십리자이아파트 후문(삼거리),성동구,106
12,외국어대 정문 앞,동대문구,1032
12,외대앞역 3번출구,동대문구,704
12,외대앞역 교차로,동대문구,515
12,용강동 주민센터 앞,마포구,453
12,용답동 우체국 주변,성동구,665
12,용답토속공원 앞,성동구,328
12,용두동 래미안허브리츠아파트 앞,동대문구,567
12,용두동 사거리,동대문구,1116
12,용두롯데캐슬리치아파트 앞,동대문구,536
12,용두역 4번출구,동대문구,1017
12,용마복지센터 앞,중랑구,76
12,용마사거리,광진구,743
12,용마산역 1번출구,중랑구,82
12,용마지구대 A,중랑구,91
12,용마지구대 B,중랑구,225
12,용마한신아파트사거리,중랑구,72
12,용문2교 옆,성북구,657
12,용문사 버스정류장,강서구,287
12,용산 선인상가,용산구,255
12,용산 파크타워 앞,용산구,158
12,용산 푸르지오 파크타운 1단지 앞,용산구,125
12,용산공원갤러리앞,용산구,117
12,용산구꿈나무종합타운 앞,용산구,352
12,용산더프라임아파트 101동 앞,용산구,150
12,용산시티파크 101동 앞,용산구,181
12,용산역 맞은편,용산구,1388
12,용산전쟁기념관,용산구,89
12,용산중학교,용산구,409
12,용신동주민센터,동대문구,464
12,우국한마음 아파트 맞은편,서대문구,537
12,우리은행 방배동지점 앞,서초구,282
12,우리은행 시흥남자동화점 앞,금천구,104
12,우면산등산로 입구,서초구,4
12,우물골 근린공원,은평구,236
12,우성4차아파트,광진구,693
12,우성식품 앞,광진구,653
12,우성아파트 교차로,영등포구,516
12,우성아파트 앞,동작구,1024
12,우성아파트사거리 (기업은행앞),서초구,631
12,우솔초등학교 맞은편,서초구,111
12,우영테크노센터 앞,성동구,947
12,우이교 교차로,도봉구,571
12,우이동 먹거리마을,강북구,74
12,우이동길마을마당,강북구,272
12,우이천 창번교,강북구,258
12,우장산동 가곡어린이공원앞,강서구,1314
12,우장산역 1번출구옆(우장산아이파크105동앞),강서구,747
12,우장산역 3번출구,강서구,722
12,우장산역 헤링턴타워 앞,강서구,604
12,우장초등학교 앞,강서구,866
12,원남동사거리,종로구,700
12,원당공원 앞,도봉구,430
12,원당근린공원,강서구,1108
12,원메디타운 앞,구로구,950
12,원묵고등학교,중랑구,569
12,원일교회,광진구,1150
12,원자력 병원,노원구,210
12,원풍빌라앞,은평구,255
12,원효로2가 교차로,용산구,281
12,원효로다목적체육관 앞,용산구,199
12,월계 롯데캐슬아파트 뒤,노원구,280
12,월계 센트럴 아이파크,노원구,479
12,월계 청백1단지 아파트 정류장,노원구,221
12,월계1동주민센터 앞,노원구,397
12,월계2교 버스정류장 앞,성북구,300
12,월계문화체육센터,노원구,89
12,월계역 1번 출구,노원구,427
12,월계중학교,노원구,140
12,월계초안아파트 1단지,노원구,194
12,월계프라자,노원구,302
12,월곡역 3번출구,성북구,1280
12,월곡역 5번출구 앞,성북구,573
12,월곡역 입구 육교 밑,성북구,300
12,월드메르디앙 벤처센터 2차,금천구,509
12,월드빌딩 앞,강서구,443
12,월드컵경기장역 3번출구 옆,마포구,518
12,월드컵공원,마포구,341
12,월드컵참누리아파트,마포구,242
12,월드컵파크 4단지,마포구,94
12,월정초 사거리,양천구,336
12,웨스틴 조선호텔,중구,200
12,웰니스센터(민방위교육장 앞),종로구,526
12,웰츠타워 오피스텔,광진구,1001
12,위너스 스포츠클럽 골프연습장옆,금천구,201
12,위례 포레샤인 1809동 부근,송파구,72
12,위례22단지 2208동 다리앞,송파구,189
12,위례동주민센터,송파구,665
12,위례별 유치원 뒤,송파구,172
12,위례송파꿈에그린아파트24단지 앞 성벽 다리 밑,송파구,300
12,위례아이파크 101동 맞은편,송파구,152
12,위례중앙푸르지오 1단지 앞,송파구,333
12,위례중앙푸르지오 201동 앞,송파구,473
12,위례포레나송파,송파구,199
12,위례포레샤인13단지,송파구,134
12,위례포레샤인18단지 1802동,송파구,74
12,위례포레샤인18단지 1812동,송파구,32
12,위례포레샤인아파트 정류장,송파구,305
12,윗반마을 입구,강남구,67
12,유니베라 앞,성동구,797
12,유스호스텔 앞,영등포구,622
12,유원목동아파트 103동 앞,양천구,1550
12,유진투자증권빌딩 앞,영등포구,813
12,유한양행앞,동작구,592
12,육군사관학교  앞,노원구,625
12,윤선생빌딩(JYP사옥),강동구,1391
12,으뜸공원,양천구,350
12,은곡마을,강남구,101
12,은마아파트 입구 사거리,강남구,462
12,은마아파트입구 사거리(1),강남구,108
12,은천교회,관악구,389
12,은천교회 앞,관악구,711
12,은천로입구 가로공원,관악구,1164
12,은천삼거리,관악구,207
12,은천초등학교 육교,관악구,270
12,은천치안센터,관악구,482
12,은평 성모병원 사거리,은평구,159
12,은평 지웰테라스,은평구,52
12,은평구청 교차로,은평구,257
12,은평구청 보건소,은평구,690
12,은평뉴타운 도서관,은평구,215
12,은평뉴타운 상림마을 13단지,은평구,48
12,은평뉴타운 아이파크,은평구,264
12,은평뉴타운 은뜨락아파트앞,은평구,138
12,은평뉴타운 푸르지오,은평구,271
12,은평뉴타운 힐데스하임,은평구,336
12,은평뉴타운구파발9단지,은평구,268
12,은평뉴타운폭포동 힐스테이트4단지,은평구,59
12,은평다목적체육관,은평구,202
12,은평서해그랑블아파트앞,은평구,244
12,은평세무서 버스정류장(은평구청 방면),은평구,486
12,은평역사한옥박물관,은평구,66
12,은평예술회관,은평구,284
12,은평평화공원(역촌역4번출구),은평구,780
12,은하수 공원,노원구,241
12,을지로2가 사거리 남측,중구,326
12,을지로2가 사거리 북측,중구,390
12,을지로3가역 3번출구,중구,665
12,을지로4가역 1번출구,중구,526
12,을지로4가역 9번출구,중구,955
12,을지로입구역 2번출구,중구,766
12,을지로입구역 4번출구 앞,중구,593
12,을지로입구역 8번출구,중구,263
12,을지로지하쇼핑센터,중구,266
12,응봉삼거리,성동구,292
12,응봉역 1번출구,성동구,994
12,응봉현대아파트 정류소,성동구,97
12,응암2동주민센터 버스정류장(영락중학교 방면),은평구,142
12,응암시장교차로,은평구,948
12,응암역2번출구 국민은행 앞,은평구,1468
12,응암역3번 출구(서부경찰서 방면),은평구,142
12,응암오거리,은평구,880
12,의정관,영등포구,88
12,이대목동병원보도육교,양천구,576
12,이대서울병원,강서구,913
12,이대역 4번 출구,서대문구,116
12,이대역 5번출구,마포구,251
12,이랜드글로벌R&D센터,강서구,68
12,이마트 버스정류장(서부경찰서 방면),은평구,1010
12,이문e편한세상아파트 앞,동대문구,470
12,이문대성유니드아파트 앞,동대문구,259
12,이문동 쌍용아파트 정문,동대문구,478
12,이문삼익아파트 앞,동대문구,134
12,이수고가차도 남단,서초구,612
12,이수교차로,서초구,415
12,이수성결교회 옆,동작구,34
12,이수역 11번출구쪽,동작구,731
12,이수역 1번출구,서초구,963
12,이수역 4번 출구,서초구,577
12,이수역 6번출구 앞,서초구,301
12,이수역9번출구,동작구,444
12,이앤씨드림타워 앞,영등포구,1506
12,이좋은집오피스텔 앞,구로구,237
12,이촌1동 마을공원,용산구,189
12,이촌1동 주민센터 뒤,용산구,363
12,이촌2동 동원베네스트 아파트 앞,용산구,402
12,이촌역2번 출구,용산구,162
12,이촌역5번출구 앞,용산구,59
12,이태원관광특구 입구(용산구청방향),용산구,137
12,이태원관광특구입구A(녹사평역쪽),용산구,48
12,이태원로 255,용산구,41
12,이태원역 3번 출구,용산구,262
12,이태원지하보도,용산구,272
12,이투스교육 앞,서초구,176
12,이튼타워리버 2차,광진구,738
12,이화공영주차장,종로구,293
12,이화여대 인문관 인근,서대문구,80
12,이화여대 후문,서대문구,355
12,인덕대학교,노원구,360
12,인왕산 아이파크 정문,종로구,105
12,인재개발원 데이터센터,서초구,16
12,인재개발원 배움관,서초구,29
12,인헌초교,관악구,93
12,일동제약 사거리,서초구,267
12,일성아파트,종로구,109
12,일신초등학교 옆,성북구,111
12,일원1동 주민센터,강남구,381
12,일원1동주민센터앞 사거리,강남구,214
12,일원에코파크 앞(개포로 방면),강남구,93
12,일원에코파크 주차장,강남구,258
12,일원역 4~5번 출구 사이,강남구,263
12,임광빌딩 앞,서대문구,282
12,자곡사거리,강남구,692
12,자교교회 앞,종로구,476
12,자양(뚝섬한강공원)역 1번출구 앞,광진구,2499
12,자양2동 주민센터,광진구,1012
12,자양나들목,광진구,900
12,자양사거리 광진아크로텔 앞,광진구,1100
12,자양사거리(서원빌딩),광진구,1447
12,자양중앙나들목,광진구,562
12,자양한강도서관,광진구,985
12,잔디마을 마을버스 정류장,서초구,647
12,잠실 자전거 수리센터 앞,송파구,1431
12,잠실 파크리오 120동 앞,송파구,796
12,잠실3거리(갤러리아팰리스),송파구,132
12,잠실4동 주민센터 옆,송파구,852
12,잠실근린공원,송파구,951
12,잠실나들목,송파구,486
12,잠실나들목2(엘스아파트136동),송파구,338
12,잠실나들목4,송파구,306
12,잠실나들목5,송파구,153
12,잠실나들목6,송파구,161
12,잠실나루 나들목,송파구,510
12,잠실나루역 (2번 출구 쪽),송파구,1203
12,잠실나루역 고가하부,송파구,258
12,잠실나루역4번출구뒤,송파구,813
12,잠실대교북단 교차로,광진구,860
12,잠실새내역 1번출구,송파구,940
12,잠실새내역 5번 출구 뒤,송파구,1547
12,잠실역 6번출구,송파구,775
12,잠실역 8번출구,송파구,1556
12,잠실주공 521동 건너편,송파구,1173
12,잠실주공5단지1,송파구,1038
12,잠실트리지움310동 옆,송파구,961
12,잠원역 3번-4번 출구사이,서초구,475
12,잣절보도육교 아래,양천구,187
12,장곡초등학교 앞,성북구,314
12,장로회신학대학교 주기철 기념관,광진구,35
12,장미원시장 건너편,강북구,386
12,장수공원,양천구,339
12,장승배기역 5번출구,동작구,613
12,장승배기역2번출구뒷편쪽,동작구,316
12,장안동 사거리,동대문구,1592
12,장안동근린공원 입구,동대문구,149
12,장안동삼거리 교통섬,동대문구,538
12,장안동위더스빌옆,동대문구,1378
12,장안중학교,중랑구,371
12,장안힐스테이트(아) 앞,동대문구,814
12,장지공영차고지,송파구,203
12,장지역 1번출구,송파구,523
12,장충동먹자골목 앞,중구,388
12,장충체육관,중구,65
12,장한평역 8번 출구 앞,성동구,2553
12,장훈고 앞,영등포구,334
12,재동초교 앞 삼거리,종로구,430
12,전농SK아파트 앞,동대문구,150
12,전농동 동아아파트 앞,동대문구,847
12,전농동 텃골공원,동대문구,286
12,전농사거리 교통섬,동대문구,622
12,전농삼성아파트,동대문구,88
12,전농초등학교 건너편,동대문구,226
12,전자랜드 본관 앞,용산구,421
12,정금마을 마을버스정류장,동작구,184
12,정동사거리,중구,465
12,정릉꿈에그린1단지 201동 앞,성북구,114
12,정릉도서관 앞,성북구,202
12,정릉역,성북구,251
12,정의여중고 버스정류소,도봉구,188
12,제2구민체육센타 앞,영등포구,1200
12,제각말푸르지오 5-1단지 아파트,은평구,46
12,제기2교,동대문구,724
12,제기동 현대아파트 앞,동대문구,142
12,제기동역 1번출구,동대문구,1106
12,제니스스포츠 앞,구로구,223
12,제일강산수산입구,도봉구,426
12,제일빌딩 앞,마포구,470
12,조계사앞사거리,종로구,671
12,조원동 강남힐병원,관악구,432
12,조원동 미성아파트,관악구,532
12,종각역 1번출구 앞,종로구,908
12,종각역 5번출구,종로구,683
12,종로2가 버스정류장 (종각방향),종로구,589
12,종로2가 사거리,종로구,589
12,종로3가역 15번출구 뒤,종로구,572
12,종로3가역 2번출구 뒤,종로구,672
12,종로3가역 8번출구,종로구,1174
12,종로4가 사거리,종로구,526
12,종로5가역 4번출구,종로구,601
12,종로6가역 버스정류장(동대문 방향),종로구,545
12,종로구청 옆,종로구,994
12,종로꽃시장 입구 옆,종로구,534
12,종로문화원 건너편,종로구,471
12,종로오가 지하쇼핑센터 14번출구,종로구,568
12,종로타워빌딩,종로구,616
12,종로플레이스,종로구,1241
12,종묘,종로구,589
12,종묘공영주차장 건너편,종로구,161
12,종암동 동덕여대 제2생활관 앞,성북구,854
12,종암박스파크,성북구,569
12,종암초등학교 뒤(새울센스빌),동대문구,208
12,종합운동장역 4번출구,송파구,431
12,주공14단지,금천구,132
12,주공601동 상가 노원지하보도 앞,노원구,1026
12,주식회사 오뚜기 정문 앞,강남구,185
12,주원 리젠트 앞,강서구,326
12,주홍교 하부,서초구,119
12,준빌딩 앞,은평구,74
12,중계 롯데마트,노원구,861
12,중계2차 한화꿈에그린 101동 인근,노원구,459
12,중계3차청구아파트,노원구,657
12,중계구민체육센터,노원구,415
12,중계근린공원내,노원구,1569
12,중계동 성모빌딩 앞,노원구,872
12,중계동 을지중학교,노원구,447
12,중계동 하나프라자빌딩 앞(중1-1),노원구,899
12,중계본동 입구,노원구,131
12,중계역 2번출구,노원구,1024
12,중계역 3번출구,노원구,913
12,중계역 6번출구,노원구,1333
12,중계종합사회복지관 교차로,노원구,257
12,중계주공2단지 앞,노원구,389
12,중계중학교,노원구,796
12,중곡 성원아파트 앞,광진구,330
12,중곡SK아파트앞,광진구,211
12,중곡역 1번출구,광진구,539
12,중대후문 마을버스정류장,동작구,179
12,중랑교사거리,동대문구,499
12,중랑구민회관,중랑구,109
12,중랑구청,중랑구,496
12,중랑구청 사거리,중랑구,503
12,중랑구청 중화동 별관 앞,중랑구,992
12,중랑데시앙플렉스 앞,중랑구,156
12,중랑물재생센터(서울새활용플라자),성동구,413
12,중랑세무서,중랑구,761
12,중랑역 1번 출구(중화문화복지센터),중랑구,507
12,중랑전화국 교차로,중랑구,786
12,중랑천 뚝방길 산책로 입구,광진구,406
12,중랑캠핑숲,중랑구,64
12,중림동삼거리,중구,182
12,중부경찰서앞 사거리,중구,205
12,중부경찰서앞사거리 건너편,중구,152
12,중부세무서 앞,중구,113
12,중앙고입구 삼거리,종로구,145
12,중앙근린공원,서대문구,500
12,중앙농협(자양동),광진구,984
12,중앙대학교 정문 1,동작구,181
12,중앙대학교 중앙광장,동작구,75
12,중앙동 동진빌딩,관악구,258
12,중앙보훈병원역 1번출구,강동구,159
12,중앙보훈병원역3번출구,강동구,75
12,중앙유통단지 앞,구로구,418
12,중앙유통단지 앞 B,구로구,484
12,중앙일보,중구,37
12,중앙하이츠 아파트 입구,노원구,972
12,중화동 우리은행 앞,중랑구,485
12,중화빌딩 앞 (동부시장),중랑구,432
12,중화수경공원,중랑구,530
12,중화역 2번출구,중랑구,621
12,중화역 4번출구,중랑구,419
12,증권거래소후문교차로,영등포구,377
12,증미역 2번출구,강서구,760
12,증미역 3번출구뒤(등촌두산위브센티움오피스텔),강서구,1342
12,증산2교,서대문구,731
12,증산3교 앞,서대문구,557
12,증산교 앞,서대문구,556
12,증산역 4번출구,은평구,679
12,진관고등학교앞,은평구,221
12,진관동 은빛초등학교,은평구,215
12,진미파라곤 앞,영등포구,584
12,진주아파트상가 앞,영등포구,541
12,참새공원(백곡경노당),구로구,214
12,창1동주민센터,도봉구,243
12,창경궁 입구,종로구,287
12,창동 주공 4단지 입구 옆,도봉구,370
12,창동19단지아파트 관리사무소앞,도봉구,616
12,창동시장입구 사거리,도봉구,338
12,창동역 1번출구 건너편,도봉구,350
12,창동역 1번출구 앞,도봉구,1437
12,창동역 2번출구,도봉구,1584
12,창동주공17단지 상가앞,도봉구,601
12,창동주공19단지앞,도봉구,549
12,창동청소년수련관,도봉구,422
12,창동한신아파트 버스정류소,도봉구,300
12,창신3동주민센터,종로구,518
12,창신두산아파트,종로구,75
12,창신역 1번출구 앞,종로구,294
12,창신역2번 출구,종로구,68
12,창원초등학교 교차로,도봉구,366
12,창포원 남쪽 입구,도봉구,241
12,천동초교 삼거리,강동구,758
12,천동초교입구사거리 버스정류장(십자성마을 방면),강동구,610
12,천왕역 1번 출입구 앞,구로구,933
12,천왕역 3번 출구 뒤,구로구,405
12,천왕역 4번출구 뒤,구로구,502
12,천왕연지타운2단지 앞,구로구,539
12,천왕이펜하우스 4단지 후문,구로구,102
12,천왕이펜하우스3단지 앞,구로구,125
12,천왕이펜하우스5단지 앞,구로구,154
12,천왕지구삼거리 앞,구로구,324
12,천왕차량사업소 입구,구로구,414
12,천일초교 사거리,강동구,300
12,천주교 대치 2동 교회 옆,강남구,280
12,천지인 오피스텔 앞,종로구,34
12,천호시장 버스정류소 옆,강동구,337
12,천호역 10번 출구 앞,송파구,1499
12,천호역4번출구(현대백화점),강동구,1887
12,천호역효성해링턴타워 앞,강동구,724
12,천호지하주차장 5번 출입구,강동구,465
12,천호초교 입구 사거리(일주빌딩),강동구,358
12,철도교통관제센터 정문 앞,구로구,673
12,청계2가 사거리 옆,종로구,608
12,청계3가 사거리,종로구,588
12,청계8가 사거리 B,성동구,1084
12,청계8가사거리 A,종로구,1068
12,청계9가교차로 앞,동대문구,1200
12,청계광장 옆,중구,506
12,청계벽산아파트 앞,성동구,699
12,청계산 입구 삼거리,서초구,31
12,청계산입구역 1번출구,서초구,553
12,청계산입구역 2번출구,서초구,84
12,청계천 박물관 앞,성동구,334
12,청계천 생태교실 앞,성동구,1186
12,청계천 영도교,중구,1570
12,청계한신휴플러스앞 삼거리,동대문구,522
12,청구e편한세상아파트 113동 앞,중구,539
12,청구성심병원 앞,은평구,255
12,청구아파트 앞,구로구,619
12,청기와빌딩,양천구,432
12,청년주택 독산동점,금천구,203
12,청년취업사관학교앞,금천구,200
12,청담공원앞 교차로,강남구,171
12,청담나들목입구,강남구,101
12,청담동 맥도날드 옆(위치),강남구,171
12,청담백영빌딩 앞,강남구,104
12,청담사거리(신한오피스텔빌딩 앞),강남구,75
12,청담역 11번 출구,강남구,25
12,청담역 13번 출구 앞,강남구,120
12,청담역 1번출구,강남구,75
12,청담역 2번출구,강남구,59
12,청담역(우리들병원 앞),강남구,83
12,청량리 기업은행 앞,동대문구,1317
12,청량차도 육교 밑,동대문구,330
12,청소년수련관 후문,노원구,1998
12,청소년수련관(수영장)앞,강남구,159
12,청소년음악센터,양천구,322
12,청솔우성아파트 앞,동대문구,692
12,청암예술학교 앞,노원구,780
12,청암자이아파트 앞,용산구,399
12,청와대앞길,종로구,74
12,청운초교 앞 삼거리,종로구,281
12,청파동삼거리 앞,용산구,389
12,청파동입구 교차로,용산구,339
12,초롱타운 앞,구로구,120
12,초원아파트 앞,영등포구,330
12,총신대 앞(육교),동작구,16
12,충무로역 1번출구,중구,594
12,충무로역 6번출구 앞,중구,525
12,충북 미래관,영등포구,1333
12,충정2교,서대문구,284
12,충정로역 1번 출구,서대문구,103
12,충정로역 2호선(엘리베이터 앞),중구,232
12,충정로역 3번 출구,서대문구,153
12,충정로역 7번출구 아래,서대문구,255
12,코레일유통본사,영등포구,590
12,코스트코 상봉점,중랑구,819
12,코오롱One&Only타워,강서구,881
12,코오롱디지털타워 3차앞,성동구,803
12,코오롱아파트사거리,마포구,1385
12,코오롱테크노밸리,금천구,121
12,콤텍시스템 앞,영등포구,387
12,크라운호텔앞 버스정류소,용산구,197
12,크린랩 본사,강남구,70
12,탄천1교 하부보도,송파구,268
12,탑골공원 앞,종로구,356
12,탑성마을 버스정거장 옆,서초구,9
12,탑성마을입구,서초구,8
12,태릉선수촌 앞,노원구,52
12,태릉입구역 3번출구,노원구,564
12,태릉입구역 5번출구,노원구,1342
12,태릉입구역 8번출구,노원구,866
12,태평양물산,구로구,1499
12,테라타워2,송파구,1001
12,테크노마트 앞,구로구,1004
12,퇴계로4가 교차로(중구청),중구,640
12,트레빌빌딩,강동구,544
12,파르코 앞,노원구,138
12,파스쿠찌 청담사거리점 앞,강남구,117
12,파크타워 104동 앞,용산구,114
12,파크팰리스,종로구,513
12,페코텍글로벌허브빌딩 앞,성동구,1312
12,평생학습관 앞,은평구,460
12,평창동주민센터 앞,종로구,52
12,평화도봉공원 주변,도봉구,428
12,포레나 당산,영등포구,1158
12,포레스 주상복합 빌딩,강동구,715
12,포르투갈 대사관 앞,종로구,511
12,포스코사거리 서측(수협 삼성동 지점),강남구,220
12,포스코사거리(기업은행),강남구,566
12,포스코피앤에스타워 (역삼역 3번출구 부근),강남구,280
12,폭포동입구 교차로,은평구,111
12,푸르메병원,마포구,557
12,푸조비즈타워 앞,성동구,993
12,풍납근린공원,송파구,524
12,풍납동 아이파크 107동 앞,송파구,515
12,풍납백제문화공원 옆 인근,송파구,1332
12,풍납사거리 성내유수지,송파구,411
12,풍납사거리(강동),강동구,687
12,풍납중학교 측면,송파구,144
12,풍납토성 서성벽터A,송파구,551
12,풍납토성 서성벽터B,송파구,230
12,풍납현대아파트쉼터,송파구,1116
12,풍전아파트 건너편,용산구,395
12,프라이어팰리스아파트,강동구,258
12,프라자 아파트 앞,강동구,390
12,프런트원(공덕역4번출구 앞),마포구,313
12,필동 삼거리,중구,393
12,하계 어린이 공원,노원구,445
12,하계2동 공항버스정류장 옆,노원구,547
12,하계역 4번출구 앞,노원구,603
12,하계역 6번출구,노원구,829
12,하늘공원 입구,마포구,153
12,하늘숲초등학교 앞,구로구,462
12,하늘채코오롱아파트 건너편,마포구,961
12,하늘채코오롱아파트 앞,성북구,368
12,하얏트호텔 앞,용산구,38
12,하우스디세종타워 앞,성동구,573
12,하이투자증권 앞,영등포구,688
12,학동로 래미안 아파트 앞,강남구,49
12,학동역,강남구,189
12,학여울역 1번출구,강남구,77
12,학여울역 사거리,강남구,153
12,학여울역 사거리(LG베스트샵 앞),강남구,288
12,학여울역사거리(은마아파트),강남구,104
12,한가람미술관 앞,서초구,62
12,한가람아파트 앞,용산구,184
12,한강 현대아파트 건너편,동작구,11
12,한강GS에클라트 건너편 교통섬,용산구,322
12,한강공원 망원나들목,마포구,1714
12,한강대교 북단 교차로,용산구,574
12,한강버스 마곡 선착장,강서구,149
12,한강아파트,강서구,966
12,한강중학교 앞 버스정류장,용산구,115
12,한강진역 2번 출구 앞,용산구,137
12,한강초교보도육교 앞,용산구,349
12,한강트럼프월드3차 앞,용산구,375
12,한국SGI 양천문화회관 앞,양천구,430
12,한국경제,중구,186
12,한국과학기술연구원 북문,성북구,55
12,한국과학기술연구원 중문,성북구,89
12,한국국방연구원 앞,동대문구,452
12,한국우편사업진흥원,강남구,53
12,한국은행,중구,185
12,한국전력 구로금천지사 앞,금천구,280
12,한국전력공사(동대문 중랑지사),중랑구,436
12,한국종합기술사옥 앞,강동구,829
12,한국지역난방공사강남지사,강남구,233
12,한국체육대학교,송파구,227
12,한남 유수지 복개주차장,용산구,208
12,한남나들목 입구,용산구,328
12,한남나인원 105동 앞,용산구,79
12,한남초교 앞 보도육교,용산구,49
12,한내 행복발전소 옆,노원구,1125
12,한내근린공원 남측,노원구,270
12,한내근린공원 북측,노원구,416
12,한림대학교 강남성심병원 신관,영등포구,712
12,한마을아파트 정문상가,구로구,730
12,한사랑교회 앞,양천구,478
12,한성대7번출구 앞,성북구,309
12,한성대입구역2번출구,성북구,618
12,한성대입구역6번출구 뒤,성북구,421
12,한성백제역 1번출구 뒤,송파구,1129
12,한성백제역 2번 출구,송파구,754
12,한신16차아파트 119동 앞,서초구,594
12,한신아파트 앞 육교 아래,금천구,294
12,한신코아 앞,금천구,162
12,한신휴아파트 앞,구로구,761
12,한양3차아파트 3동 앞,송파구,79
12,한양대병원사거리,성동구,546
12,한양대역 1번출구,성동구,326
12,한양대역 3번 출구,성동구,631
12,한양대후문역 부근,성동구,546
12,한양수자인아파트 앞,중랑구,195
12,한영외국어고등학교,강동구,112
12,한영중고앞사거리,강동구,154
12,한울중학교,금천구,112
12,한일유앤아이아파트 105동 인근,노원구,453
12,한전아트센터 앞,서초구,351
12,한진아파트 입구,구로구,381
12,한천교 동편,노원구,343
12,한티역 3번출구,강남구,145
12,한티역 6번 출구,강남구,231
12,한티역 롯데백화점 앞,강남구,386
12,한화오벨리스크 앞,마포구,381
12,합정동주민센터 앞,마포구,883
12,합정역 1번출구 앞,마포구,706
12,합정역 5번출구 앞,마포구,424
12,합정역 7번출구 앞,마포구,634
12,항동지구 10단지 1001동 앞,구로구,90
12,항동지구 11단지 1103동 앞,구로구,35
12,항동지구 1단지 105동 앞,구로구,70
12,항동지구 2단지 202동 앞,구로구,98
12,항동지구 3단지 302동 앞,구로구,23
12,항동지구 3단지 311동 앞,구로구,59
12,항동지구 4단지 입구,구로구,67
12,항동지구 6단지 602동 앞,구로구,73
12,항동지구 7단지 정문,구로구,164
12,항동지구 8단지 803동옆(주차장입구),구로구,33
12,항동지구5단지 501동 앞,구로구,90
12,항동프라자,구로구,151
12,항동하버리안2단지아파트 후문,구로구,43
12,해공공원(천호동),강동구,773
12,해공도서관앞,강동구,310
12,해담는다리,서대문구,723
12,해뜨는 주유소옆 리엔파크 109동앞,강동구,242
12,해원리바파크 육교 밑,구로구,1125
12,행당동 삼부APT후문,성동구,135
12,행당역 2번출구 앞,성동구,314
12,행당중학교 후문,성동구,148
12,허준박물관삼거리,강서구,605
12,헌인릉 입구,서초구,8
12,헬리오시티 112동 앞,송파구,441
12,헬스케어,노원구,521
12,현대 뜨레비앙 아파트 앞,종로구,577
12,현대 안성타워,용산구,108
12,현대6차 아파트,노원구,674
12,현대6차아파트 101동 옆,양천구,488
12,현대고등학교 건너편,강남구,292
12,현대그룹(본사),종로구,427
12,현대백화점 미아점,성북구,372
12,현대벤처빌 앞,마포구,150
12,현대성우아파트 옆,강북구,79
12,현대시장사거리,관악구,523
12,현대시티아울렛 가산,금천구,613
12,현대아파트 앞,구로구,242
12,현대아파트 정문 앞,강남구,228
12,현대자동차 동부서비스센터 주변,성동구,481
12,현대자동차서비스 앞,용산구,218
12,현대하이페리온,양천구,1208
12,현대홈타운 뒷길,광진구,144
12,혜명양로원 담장 옆(2),금천구,150
12,혜화동 로터리,종로구,614
12,혜화역 1번출구,종로구,1162
12,혜화역 3번출구 뒤,종로구,657
12,호돌이상가,송파구,231
12,호반써밋,송파구,300
12,호반써밋12단지,송파구,197
12,호암아트홀,중구,78
12,홈플러스 금천점 앞,금천구,401
12,홈플러스 마포점 앞,마포구,907
12,홈플러스 면목점,중랑구,292
12,홈플러스 상봉점 앞,중랑구,513
12,홈플러스 시흥점 맞은편 다비치안경 앞,금천구,295
12,홈플러스 신내점 앞,중랑구,898
12,홈플러스 잠실점,송파구,895
12,홈플러스(강서점),강서구,1272
12,홍남교 버스정류장,서대문구,216
12,홍남교 사거리,서대문구,502
12,홍대입구역 2번출구 앞,마포구,2222
12,홍대입구역 3번출구,마포구,1385
12,홍대입구역 6번출구,마포구,627
12,홍대입구역 8번출구 앞,마포구,769
12,홍대입구역 사거리,마포구,701
12,홍련봉 공원,광진구,255
12,홍연2교 사거리,서대문구,250
12,홍연2교옆,서대문구,287
12,홍은 현대아이파크 아파트 202동 앞,서대문구,215
12,홍은2파출소 옆,서대문구,205
12,홍은도담도서관,서대문구,145
12,홍은동 정원여중 입구,서대문구,302
12,홍은사거리,서대문구,874
12,홍은센트레빌 아파트 앞,서대문구,120
12,홍익병원앞 교차로,양천구,804
12,홍익중고 입구,성북구,491
12,홍제교,서대문구,262
12,홍제삼거리 북측,서대문구,364
12,화곡2동주민센터,강서구,451
12,화곡로 입구 교차로,양천구,163
12,화곡본동시장 버스정류장,강서구,179
12,화곡본동시장 입구,강서구,271
12,화곡역 1번 출구 앞,강서구,917
12,화곡역 6번출구,강서구,774
12,화곡역 버스정류장,강서구,576
12,화곡터널입구교차로,강서구,261
12,화랑대역 2번출구 앞,노원구,1138
12,화랑대역 7번출구,중랑구,790
12,화양 APT(횡단보도 옆),광진구,1798
12,화양동 우체국,광진구,1264
12,화양사거리,광진구,334
12,황금내근린공원,강서구,493
12,황학동롯데캐슬,중구,984
12,회현사거리 남측,중구,236
12,회현역 1번출구,중구,91
12,회현역 7번출구,중구,142
12,효성인텔리안 앞,강북구,915
12,효자동 삼거리,종로구,344
12,효창 푸르지오 앞,용산구,166
12,효창공원앞역 3번출구 앞,용산구,739
12,효창공원앞역 5번출구 옆,용산구,223
12,효창동주민센터 앞,용산구,131
12,훈련원공원주차장 앞,중구,553
12,휘경119안전센터 앞,동대문구,310
12,휘경1동주민센터 앞,동대문구,362
12,휘경2동 주민센터,동대문구,119
12,휘경sk뷰아파트 앞,동대문구,200
12,휘경여중고삼거리,동대문구,521
12,휘문고교 사거리,강남구,92
12,휘봉고등학교 앞,동대문구,371
12,휴플러스 수락한신아파트 101동 앞,노원구,221
12,흑석 아크로리버하임(103동),동작구,26
12,흑석동주민센터 입구,동작구,90
12,흑석동효사정앞,동작구,83
12,흑석롯데캐슬에듀포레(107동),동작구,174
12,흑석역 1번출구,동작구,489
12,흑석역 4번출구,동작구,269
12,흑석한강푸르지오 106동앞,동작구,20
12,흑석한강푸르지오(110동),동작구,24
12,흥국사 정류장,은평구,57
12,희성오피앙,노원구,346
12,희훈타워빌 앞,구로구,745
12,힐스테이트에코,강서구,1400
12,힐스테이트창경궁 아파트 앞,종로구,535
12,힐스테이트클래시안아파트,영등포구,454
